ISO-10303-21;
HEADER;
FILE_DESCRIPTION(('STEP AP214'),'1');
FILE_NAME('C:/TPO v2/SharedFS/Outgoing/female_header_a-bl254-eg-g08d.stp','2014-07-23T06:15:00',('TraceParts'),('TraceParts S.A.'),'XStep 1.0',' ',' ');
FILE_SCHEMA(('automotive_design'));
ENDSEC;
DATA;
#1=MECHANICAL_DESIGN_GEOMETRIC_PRESENTATION_REPRESENTATION(' ',(#10,#11,#12,#13,#14,#15,#16,#17,#18,#19,#20,#21,#22,#23,#24,#25,#26,#27,#28,#29,#30,#31,#32,#33,#34,#35,#36,#37,#38,#39,#40,#41,#42,#43,#44,#45,#46,#47,#48,#49,#50,#51,#52,#53,#54,#55,#56,#57,#58,#59,#60,#61,#62,#63,#64,#65,#66,#67,#68,#69,#70,#71,#72,#73,#74,#75,#76,#77,#78,#79,#80,#81,#82,#83,#84,#85,#86,#87,#88,#89,#90,#91,#92,#93,#94,#95,#96,#97,#98,#99,#100,#101,#102,#103,#104,#105,#106,#107,#108,#109,#110,#111,#112,#113,#114,#115,#116,#117,#118,#119,#120,#121,#122,#123,#124,#125,#126,#127,#128,#129,#130,#131,#132,#133,#134,#135,#136,#137,#138,#139,#140,#141,#142,#143,#144,#145,#146,#147,#148,#149,#150,#151,#152,#153,#154,#155,#156,#157,#158,#159,#160,#161,#162,#163,#164,#165,#166,#167,#168,#169,#170,#171,#172,#173,#174,#175,#176,#177,#178,#179,#180,#181,#182,#183,#184,#185,#186,#187,#188,#189,#190,#191,#192,#193,#194,#195,#196,#197,#198,#199,#200,#201,#202,#203,#204,#205,#206,#207,#208,#209,#210,#211,#212,#213,#214,#215,#216,#217,#218,#219,#220,#221,#222,#223,#224,#225,#226,#227,#228,#229,#230,#231,#232,#233,#234,#235,#236,#237,#238,#239,#240,#241,#242,#243,#244,#245,#246,#247,#248,#249,#250,#251,#252,#253,#254,#255,#256,#257,#258,#259,#260,#261,#262,#263,#264,#265,#266,#267,#268,#269,#270,#271,#272,#273,#274,#275,#276,#277,#278,#279,#280,#281,#282,#283,#284,#285,#286,#287,#288,#289,#290,#291,#292,#293,#294,#295,#296,#297,#298,#299,#300,#301,#302,#303,#304,#305,#306,#307,#308,#309,#310,#311,#312,#313,#314,#315,#316,#317,#318,#319,#320,#321,#322,#323,#324,#325,#326,#327,#328,#329,#330,#331,#332,#333,#334,#335,#336,#337,#338,#339,#340,#341,#342,#343,#344,#345,#346,#347,#348,#349,#350,#351,#352,#353,#354,#355,#356,#357,#358,#359,#360,#361,#362,#363,#364,#365,#366,#367,#368,#369,#370,#371,#372,#373,#374,#375,#376,#377,#378,#379,#380,#381,#382,#383,#384,#385,#386,#387,#388,#389,#390,#391,#392,#393,#394,#395,#396,#397,#398,#399,#400,#401,#402,#403,#404,#405,#406,#407,#408,#409,#410,#411,#412,#413,#414,#415,#416,#417,#418,#419,#420,#421,#422,#423,#424,#425,#426,#427,#428,#429,#430,#431,#432,#433,#434,#435,#436,#437,#438,#439,#440,#441,#442,#443,#444,#445,#446,#447,#448,#449,#450,#451,#452,#453,#454,#455,#456,#457,#458,#459,#460,#461,#462,#463,#464,#465,#466,#467,#468,#469,#470,#471,#472,#473,#474,#475,#476,#477,#478,#479,#480,#481,#482,#483,#484,#485,#486,#487,#488,#489,#490,#491,#492,#493,#494,#495,#496,#497,#498,#499,#500,#501,#502,#503,#504,#505,#506,#507,#508,#509,#510,#511,#512,#513,#514,#515,#516,#517,#518,#519,#520,#521,#522,#523,#524,#525,#526,#527,#528,#529,#530,#531,#532,#533,#534,#535,#536,#537,#538,#539,#540,#541,#542,#543,#544,#545,#546,#547,#548,#549,#550,#551,#552,#553,#554,#555,#556,#557,#558,#559,#560,#561,#562,#563,#564,#565,#566,#567,#568,#569,#570,#571,#572,#573,#574,#575,#576,#577,#578,#579,#580,#581,#582,#583,#584,#585,#586,#587,#588,#589,#590,#591,#592,#593,#594,#595,#596,#597,#598,#599,#600,#601,#602,#603,#604,#605,#606,#607,#608,#609,#610,#611,#612,#613,#614,#615,#616,#617,#618,#619,#620,#621,#622,#623,#624,#625,#626,#627,#628,#629,#630,#631,#632,#633,#634,#635,#636,#637,#638,#639,#640,#641,#642,#643,#644,#645,#646,#647,#648,#649,#650,#651,#652,#653,#654,#655,#656,#657,#658,#659,#660,#661,#662,#663,#664,#665,#666,#667,#668,#669,#670,#671,#672,#673,#674,#675,#676,#677,#678,#679,#680,#681,#682,#683,#684,#685,#686,#687,#688,#689,#690,#691,#692,#693,#694,#695,#696,#697,#698,#699,#700,#701,#702,#703,#704,#705,#706,#707,#708,#709,#710,#711,#712,#713,#714,#715,#716,#717,#718,#719,#720,#721,#722,#723,#724,#725,#726,#727,#728,#729,#730,#731,#732,#733,#734,#735,#736,#737,#738,#739,#740,#741,#742,#743,#744,#745,#746,#747,#748,#749,#750,#751,#752,#753,#754,#755,#756,#757,#758,#759,#760,#761,#762,#763,#764,#765,#766,#767,#768,#769,#770,#771,#772,#773,#774,#775,#776,#777,#778,#779,#780,#781,#782,#783,#784,#785,#786,#787,#788,#789,#790,#791,#792,#793,#794,#795,#796,#797,#798,#799,#800,#801,#802,#803,#804,#805,#806,#807,#808,#809,#810,#811,#812,#813,#814,#815,#816,#817,#818,#819,#820,#821,#822,#823,#824,#825,#826,#827,#828,#829,#830,#831,#832,#833,#834,#835,#836,#837,#838,#839,#840,#841,#842,#843,#844,#845,#846,#847,#848,#849,#850,#851,#852,#853,#854,#855,#856,#857,#858,#859,#860,#861,#862,#863,#864,#865,#866,#867,#868,#869,#870,#871,#872,#873,#874,#875,#876,#877,#878,#879,#880,#881,#882,#883,#884,#885,#886,#887,#888,#889,#890,#891,#892,#893,#894,#895,#896,#897,#898,#899,#900,#901,#902,#903,#904,#905,#906,#907,#908,#909,#910,#911,#912,#913,#914,#915,#916,#917,#918,#919,#920,#921,#922,#923,#924,#925,#926,#927,#928,#929,#930,#931,#932,#933,#934,#935,#936,#937,#938,#939,#940,#941,#942,#943,#944,#945,#946,#947,#948,#949,#950,#951,#952,#953,#954,#955,#956,#957,#958,#959,#960,#961,#962,#963,#964,#965,#966,#967,#968,#969,#970,#971,#972,#973,#974,#975,#976,#977,#978,#979,#980,#981,#982,#983,#984,#985,#986,#987,#988,#989,#990,#991,#992,#993,#994,#995,#996,#997,#998,#999,#1000,#1001,#1002,#1003,#1004,#1005,#1006,#1007,#1008,#1009,#1010,#1011,#1012,#1013,#1014,#1015,#1016,#1017,#1018,#1019,#1020,#1021,#1022,#1023,#1024,#1025,#1026,#1027,#1028,#1029,#1030,#1031,#1032,#1033,#1034,#1035,#1036,#1037,#1038,#1039,#1040,#1041,#1042,#1043,#1044,#1045,#1046,#1047,#1048,#1049,#1050,#1051,#1052,#1053,#1054,#1055,#1056,#1057,#1058,#1059,#1060,#1061,#1062,#1063,#1064,#1065,#1066,#1067,#1068,#1069,#1070,#1071,#1072,#1073,#1074,#1075,#1076,#1077,#1078,#1079,#1080,#1081,#1082,#1083,#1084,#1085,#1086,#1087,#1088,#1089,#1090,#1091,#1092,#1093,#1094,#1095,#1096,#1097,#1098,#1099,#1100,#1101,#1102,#1103,#1104,#1105,#1106,#1107,#1108,#1109,#1110,#1111,#1112,#1113,#1114,#1115,#1116,#1117,#1118,#1119,#1120,#1121,#1122,#1123,#1124,#1125,#1126,#1127,#1128,#1129,#1130,#1131,#1132,#1133,#1134,#1135,#1136,#1137,#1138,#1139,#1140,#1141,#1142,#1143,#1144,#1145,#1146,#1147,#1148,#1149,#1150,#1151,#1152,#1153,#1154,#1155,#1156,#1157,#1158,#1159,#1160,#1161,#1162,#1163,#1164,#1165,#1166,#1167,#1168,#1169,#1170,#1171,#1172,#1173,#1174,#1175,#1176,#1177,#1178,#1179,#1180,#1181,#1182,#1183,#1184,#1185,#1186,#1187,#1188,#1189,#1190,#1191,#1192,#1193,#1194,#1195,#1196,#1197,#1198,#1199,#1200,#1201,#1202,#1203,#1204,#1205,#1206,#1207,#1208,#1209,#1210,#1211,#1212,#1213,#1214,#1215,#1216,#1217,#1218,#1219,#1220,#1221,#1222,#1223,#1224,#1225,#1226,#1227,#1228,#1229,#1230,#1231,#1232,#1233,#1234,#1235,#1236,#1237,#1238,#1239,#1240,#1241,#1242,#1243,#1244,#1245,#1246,#1247,#1248,#1249,#1250,#1251,#1252,#1253,#1254,#1255,#1256,#1257,#1258,#1259,#1260,#1261,#1262,#1263,#1264,#1265,#1266,#1267,#1268,#1269,#1270,#1271,#1272,#1273,#1274,#1275,#1276,#1277,#1278,#1279,#1280,#1281,#1282,#1283,#1284,#1285,#1286,#1287,#1288,#1289,#1290,#1291,#1292,#1293,#1294,#1295,#1296,#1297,#1298,#1299,#1300,#1301,#1302,#1303,#1304,#1305,#1306,#1307,#1308,#1309,#1310,#1311,#1312,#1313,#1314,#1315,#1316,#1317,#1318,#1319,#1320,#1321,#1322,#1323,#1324,#1325,#1326,#1327,#1328,#1329,#1330,#1331,#1332,#1333,#1334,#1335,#1336,#1337,#1338,#1339,#1340,#1341,#1342,#1343,#1344,#1345,#1346,#1347,#1348,#1349,#1350,#1351,#1352,#1353,#1354,#1355,#1356,#1357,#1358,#1359,#1360,#1361,#1362,#1363,#1364,#1365,#1366,#1367,#1368,#1369,#1370,#1371,#1372,#1373,#1374,#1375,#1376,#1377,#1378,#1379,#1380,#1381,#1382,#1383,#1384,#1385,#1386,#1387,#1388,#1389,#1390,#1391,#1392,#1393,#1394,#1395,#1396,#1397,#1398,#1399,#1400,#1401,#1402,#1403,#1404,#1405,#1406,#1407,#1408,#1409,#1410,#1411,#1412,#1413,#1414,#1415,#1416,#1417,#1418,#1419,#1420,#1421,#1422,#1423,#1424,#1425,#1426,#1427,#1428,#1429,#1430,#1431,#1432,#1433,#1434,#1435,#1436,#1437,#1438,#1439,#1440,#1441,#1442,#1443,#1444,#1445,#1446,#1447,#1448,#1449,#1450,#1451,#1452,#1453,#1454,#1455,#1456,#1457,#1458,#1459,#1460,#1461,#1462,#1463,#1464,#1465,#1466,#1467,#1468,#1469,#1470,#1471,#1472,#1473,#1474,#1475,#1476,#1477,#1478,#1479,#1480,#1481,#1482,#1483,#1484,#1485,#1486,#1487,#1488,#1489,#1490,#1491,#1492,#1493,#1494,#1495,#1496,#1497,#1498,#1499,#1500,#1501,#1502,#1503,#1504,#1505,#1506,#1507,#1508,#1509,#1510,#1511,#1512,#1513,#1514,#1515,#1516,#1517,#1518,#1519,#1520,#1521,#1522,#1523,#1524,#1525,#1526,#1527,#1528,#1529,#1530,#1531,#1532,#1533,#1534,#1535,#1536,#1537,#1538,#1539,#1540,#1541,#1542,#1543,#1544,#1545,#1546,#1547,#1548,#1549,#1550,#1551,#1552,#1553,#1554,#1555,#1556,#1557,#1558,#1559,#1560,#1561,#1562,#1563,#1564,#1565,#1566,#1567,#1568,#1569,#1570,#1571,#1572,#1573,#1574,#1575,#1576,#1577,#1578,#1579,#1580,#1581,#1582,#1583,#1584,#1585,#1586,#1587,#1588,#1589,#1590,#1591,#1592,#1593,#1594,#1595,#1596,#1597,#1598,#1599,#1600,#1601,#1602,#1603,#1604,#1605,#1606,#1607,#1608,#1609,#1610,#1611,#1612,#1613,#1614,#1615,#1616,#1617,#1618,#1619,#1620,#1621,#1622,#1623,#1624,#1625,#1626,#1627,#1628,#1629,#1630,#1631,#1632,#1633,#1634,#1635,#1636,#1637,#1638,#1639,#1640,#1641,#1642,#1643,#1644,#1645,#1646,#1647,#1648,#1649,#1650,#1651,#1652,#1653,#1654,#1655,#1656,#1657,#1658,#1659,#1660,#1661,#1662,#1663,#1664,#1665,#1666,#1667,#1668,#1669,#1670,#1671,#1672,#1673,#1674,#1675,#1676,#1677,#1678,#1679,#1680,#1681,#1682,#1683,#1684,#1685,#1686,#1687,#1688,#1689,#1690,#1691,#1692,#1693,#1694,#1695,#1696,#1697,#1698,#1699,#1700,#1701,#1702,#1703,#1704,#1705,#1706,#1707,#1708,#1709,#1710,#1711,#1712,#1713,#1714,#1715,#1716,#1717,#1718,#1719,#1720,#1721,#1722,#1723,#1724,#1725,#1726,#1727,#1728,#1729,#1730,#1731,#1732,#1733,#1734,#1735,#1736,#1737,#1738,#1739,#1740,#1741,#1742,#1743,#1744,#1745,#1746,#1747,#1748,#1749,#1750,#1751,#1752,#1753,#1754,#1755,#1756,#1757,#1758,#1759,#1760,#1761,#1762,#1763,#1764,#1765,#1766,#1767,#1768,#1769),#6);
#2=PRODUCT_DEFINITION_CONTEXT('',#1770,'design');
#3=APPLICATION_PROTOCOL_DEFINITION('INTERNATIONAL STANDARD','automotive_design',1994,#1770);
#4=PRODUCT_CATEGORY_RELATIONSHIP('NONE','NONE',#1771,#1772);
#5=SHAPE_DEFINITION_REPRESENTATION(#1773,#1774);
#6= (GEOMETRIC_REPRESENTATION_CONTEXT(3)GLOBAL_UNCERTAINTY_ASSIGNED_CONTEXT((#1777))GLOBAL_UNIT_ASSIGNED_CONTEXT((#1779,#1780,#1781))REPRESENTATION_CONTEXT('NONE','WORKSPACE'));
#10=STYLED_ITEM('',(#1783),#1784);
#11=STYLED_ITEM('',(#1785),#1786);
#12=STYLED_ITEM('',(#1787),#1788);
#13=STYLED_ITEM('',(#1789),#1790);
#14=STYLED_ITEM('',(#1791),#1792);
#15=STYLED_ITEM('',(#1793),#1794);
#16=STYLED_ITEM('',(#1795),#1796);
#17=STYLED_ITEM('',(#1797),#1798);
#18=STYLED_ITEM('',(#1799),#1800);
#19=STYLED_ITEM('',(#1801),#1802);
#20=STYLED_ITEM('',(#1803),#1804);
#21=STYLED_ITEM('',(#1805),#1806);
#22=STYLED_ITEM('',(#1807),#1808);
#23=STYLED_ITEM('',(#1809),#1810);
#24=STYLED_ITEM('',(#1811),#1812);
#25=STYLED_ITEM('',(#1813),#1814);
#26=STYLED_ITEM('',(#1815),#1816);
#27=STYLED_ITEM('',(#1817),#1818);
#28=STYLED_ITEM('',(#1819),#1820);
#29=STYLED_ITEM('',(#1821),#1822);
#30=STYLED_ITEM('',(#1823),#1824);
#31=STYLED_ITEM('',(#1825),#1826);
#32=STYLED_ITEM('',(#1827),#1828);
#33=STYLED_ITEM('',(#1829),#1830);
#34=STYLED_ITEM('',(#1831),#1832);
#35=STYLED_ITEM('',(#1833),#1834);
#36=STYLED_ITEM('',(#1835),#1836);
#37=STYLED_ITEM('',(#1837),#1838);
#38=STYLED_ITEM('',(#1839),#1840);
#39=STYLED_ITEM('',(#1841),#1842);
#40=STYLED_ITEM('',(#1843),#1844);
#41=STYLED_ITEM('',(#1845),#1846);
#42=STYLED_ITEM('',(#1847),#1848);
#43=STYLED_ITEM('',(#1849),#1850);
#44=STYLED_ITEM('',(#1851),#1852);
#45=STYLED_ITEM('',(#1853),#1854);
#46=STYLED_ITEM('',(#1855),#1856);
#47=STYLED_ITEM('',(#1857),#1858);
#48=STYLED_ITEM('',(#1859),#1860);
#49=STYLED_ITEM('',(#1861),#1862);
#50=STYLED_ITEM('',(#1863),#1864);
#51=STYLED_ITEM('',(#1865),#1866);
#52=STYLED_ITEM('',(#1867),#1868);
#53=STYLED_ITEM('',(#1869),#1870);
#54=STYLED_ITEM('',(#1871),#1872);
#55=STYLED_ITEM('',(#1873),#1874);
#56=STYLED_ITEM('',(#1875),#1876);
#57=STYLED_ITEM('',(#1877),#1878);
#58=STYLED_ITEM('',(#1879),#1880);
#59=STYLED_ITEM('',(#1881),#1882);
#60=STYLED_ITEM('',(#1883),#1884);
#61=STYLED_ITEM('',(#1885),#1886);
#62=STYLED_ITEM('',(#1887),#1888);
#63=STYLED_ITEM('',(#1889),#1890);
#64=STYLED_ITEM('',(#1891),#1892);
#65=STYLED_ITEM('',(#1893),#1894);
#66=STYLED_ITEM('',(#1895),#1896);
#67=STYLED_ITEM('',(#1897),#1898);
#68=STYLED_ITEM('',(#1899),#1900);
#69=STYLED_ITEM('',(#1901),#1902);
#70=STYLED_ITEM('',(#1903),#1904);
#71=STYLED_ITEM('',(#1905),#1906);
#72=STYLED_ITEM('',(#1907),#1908);
#73=STYLED_ITEM('',(#1909),#1910);
#74=STYLED_ITEM('',(#1911),#1912);
#75=STYLED_ITEM('',(#1913),#1914);
#76=STYLED_ITEM('',(#1915),#1916);
#77=STYLED_ITEM('',(#1917),#1918);
#78=STYLED_ITEM('',(#1919),#1920);
#79=STYLED_ITEM('',(#1921),#1922);
#80=STYLED_ITEM('',(#1923),#1924);
#81=STYLED_ITEM('',(#1925),#1926);
#82=STYLED_ITEM('',(#1927),#1928);
#83=STYLED_ITEM('',(#1929),#1930);
#84=STYLED_ITEM('',(#1931),#1932);
#85=STYLED_ITEM('',(#1933),#1934);
#86=STYLED_ITEM('',(#1935),#1936);
#87=STYLED_ITEM('',(#1937),#1938);
#88=STYLED_ITEM('',(#1939),#1940);
#89=STYLED_ITEM('',(#1941),#1942);
#90=STYLED_ITEM('',(#1943),#1944);
#91=STYLED_ITEM('',(#1945),#1946);
#92=STYLED_ITEM('',(#1947),#1948);
#93=STYLED_ITEM('',(#1949),#1950);
#94=STYLED_ITEM('',(#1951),#1952);
#95=STYLED_ITEM('',(#1953),#1954);
#96=STYLED_ITEM('',(#1955),#1956);
#97=STYLED_ITEM('',(#1957),#1958);
#98=STYLED_ITEM('',(#1959),#1960);
#99=STYLED_ITEM('',(#1961),#1962);
#100=STYLED_ITEM('',(#1963),#1964);
#101=STYLED_ITEM('',(#1965),#1966);
#102=STYLED_ITEM('',(#1967),#1968);
#103=STYLED_ITEM('',(#1969),#1970);
#104=STYLED_ITEM('',(#1971),#1972);
#105=STYLED_ITEM('',(#1973),#1974);
#106=STYLED_ITEM('',(#1975),#1976);
#107=STYLED_ITEM('',(#1977),#1978);
#108=STYLED_ITEM('',(#1979),#1980);
#109=STYLED_ITEM('',(#1981),#1982);
#110=STYLED_ITEM('',(#1983),#1984);
#111=STYLED_ITEM('',(#1985),#1986);
#112=STYLED_ITEM('',(#1987),#1988);
#113=STYLED_ITEM('',(#1989),#1990);
#114=STYLED_ITEM('',(#1991),#1992);
#115=STYLED_ITEM('',(#1993),#1994);
#116=STYLED_ITEM('',(#1995),#1996);
#117=STYLED_ITEM('',(#1997),#1998);
#118=STYLED_ITEM('',(#1999),#2000);
#119=STYLED_ITEM('',(#2001),#2002);
#120=STYLED_ITEM('',(#2003),#2004);
#121=STYLED_ITEM('',(#2005),#2006);
#122=STYLED_ITEM('',(#2007),#2008);
#123=STYLED_ITEM('',(#2009),#2010);
#124=STYLED_ITEM('',(#2011),#2012);
#125=STYLED_ITEM('',(#2013),#2014);
#126=STYLED_ITEM('',(#2015),#2016);
#127=STYLED_ITEM('',(#2017),#2018);
#128=STYLED_ITEM('',(#2019),#2020);
#129=STYLED_ITEM('',(#2021),#2022);
#130=STYLED_ITEM('',(#2023),#2024);
#131=STYLED_ITEM('',(#2025),#2026);
#132=STYLED_ITEM('',(#2027),#2028);
#133=STYLED_ITEM('',(#2029),#2030);
#134=STYLED_ITEM('',(#2031),#2032);
#135=STYLED_ITEM('',(#2033),#2034);
#136=STYLED_ITEM('',(#2035),#2036);
#137=STYLED_ITEM('',(#2037),#2038);
#138=STYLED_ITEM('',(#2039),#2040);
#139=STYLED_ITEM('',(#2041),#2042);
#140=STYLED_ITEM('',(#2043),#2044);
#141=STYLED_ITEM('',(#2045),#2046);
#142=STYLED_ITEM('',(#2047),#2048);
#143=STYLED_ITEM('',(#2049),#2050);
#144=STYLED_ITEM('',(#2051),#2052);
#145=STYLED_ITEM('',(#2053),#2054);
#146=STYLED_ITEM('',(#2055),#2056);
#147=STYLED_ITEM('',(#2057),#2058);
#148=STYLED_ITEM('',(#2059),#2060);
#149=STYLED_ITEM('',(#2061),#2062);
#150=STYLED_ITEM('',(#2063),#2064);
#151=STYLED_ITEM('',(#2065),#2066);
#152=STYLED_ITEM('',(#2067),#2068);
#153=STYLED_ITEM('',(#2069),#2070);
#154=STYLED_ITEM('',(#2071),#2072);
#155=STYLED_ITEM('',(#2073),#2074);
#156=STYLED_ITEM('',(#2075),#2076);
#157=STYLED_ITEM('',(#2077),#2078);
#158=STYLED_ITEM('',(#2079),#2080);
#159=STYLED_ITEM('',(#2081),#2082);
#160=STYLED_ITEM('',(#2083),#2084);
#161=STYLED_ITEM('',(#2085),#2086);
#162=STYLED_ITEM('',(#2087),#2088);
#163=STYLED_ITEM('',(#2089),#2090);
#164=STYLED_ITEM('',(#2091),#2092);
#165=STYLED_ITEM('',(#2093),#2094);
#166=STYLED_ITEM('',(#2095),#2096);
#167=STYLED_ITEM('',(#2097),#2098);
#168=STYLED_ITEM('',(#2099),#2100);
#169=STYLED_ITEM('',(#2101),#2102);
#170=STYLED_ITEM('',(#2103),#2104);
#171=STYLED_ITEM('',(#2105),#2106);
#172=STYLED_ITEM('',(#2107),#2108);
#173=STYLED_ITEM('',(#2109),#2110);
#174=STYLED_ITEM('',(#2111),#2112);
#175=STYLED_ITEM('',(#2113),#2114);
#176=STYLED_ITEM('',(#2115),#2116);
#177=STYLED_ITEM('',(#2117),#2118);
#178=STYLED_ITEM('',(#2119),#2120);
#179=STYLED_ITEM('',(#2121),#2122);
#180=STYLED_ITEM('',(#2123),#2124);
#181=STYLED_ITEM('',(#2125),#2126);
#182=STYLED_ITEM('',(#2127),#2128);
#183=STYLED_ITEM('',(#2129),#2130);
#184=STYLED_ITEM('',(#2131),#2132);
#185=STYLED_ITEM('',(#2133),#2134);
#186=STYLED_ITEM('',(#2135),#2136);
#187=STYLED_ITEM('',(#2137),#2138);
#188=STYLED_ITEM('',(#2139),#2140);
#189=STYLED_ITEM('',(#2141),#2142);
#190=STYLED_ITEM('',(#2143),#2144);
#191=STYLED_ITEM('',(#2145),#2146);
#192=STYLED_ITEM('',(#2147),#2148);
#193=STYLED_ITEM('',(#2149),#2150);
#194=STYLED_ITEM('',(#2151),#2152);
#195=STYLED_ITEM('',(#2153),#2154);
#196=STYLED_ITEM('',(#2155),#2156);
#197=STYLED_ITEM('',(#2157),#2158);
#198=STYLED_ITEM('',(#2159),#2160);
#199=STYLED_ITEM('',(#2161),#2162);
#200=STYLED_ITEM('',(#2163),#2164);
#201=STYLED_ITEM('',(#2165),#2166);
#202=STYLED_ITEM('',(#2167),#2168);
#203=STYLED_ITEM('',(#2169),#2170);
#204=STYLED_ITEM('',(#2171),#2172);
#205=STYLED_ITEM('',(#2173),#2174);
#206=STYLED_ITEM('',(#2175),#2176);
#207=STYLED_ITEM('',(#2177),#2178);
#208=STYLED_ITEM('',(#2179),#2180);
#209=STYLED_ITEM('',(#2181),#2182);
#210=STYLED_ITEM('',(#2183),#2184);
#211=STYLED_ITEM('',(#2185),#2186);
#212=STYLED_ITEM('',(#2187),#2188);
#213=STYLED_ITEM('',(#2189),#2190);
#214=STYLED_ITEM('',(#2191),#2192);
#215=STYLED_ITEM('',(#2193),#2194);
#216=STYLED_ITEM('',(#2195),#2196);
#217=STYLED_ITEM('',(#2197),#2198);
#218=STYLED_ITEM('',(#2199),#2200);
#219=STYLED_ITEM('',(#2201),#2202);
#220=STYLED_ITEM('',(#2203),#2204);
#221=STYLED_ITEM('',(#2205),#2206);
#222=STYLED_ITEM('',(#2207),#2208);
#223=STYLED_ITEM('',(#2209),#2210);
#224=STYLED_ITEM('',(#2211),#2212);
#225=STYLED_ITEM('',(#2213),#2214);
#226=STYLED_ITEM('',(#2215),#2216);
#227=STYLED_ITEM('',(#2217),#2218);
#228=STYLED_ITEM('',(#2219),#2220);
#229=STYLED_ITEM('',(#2221),#2222);
#230=STYLED_ITEM('',(#2223),#2224);
#231=STYLED_ITEM('',(#2225),#2226);
#232=STYLED_ITEM('',(#2227),#2228);
#233=STYLED_ITEM('',(#2229),#2230);
#234=STYLED_ITEM('',(#2231),#2232);
#235=STYLED_ITEM('',(#2233),#2234);
#236=STYLED_ITEM('',(#2235),#2236);
#237=STYLED_ITEM('',(#2237),#2238);
#238=STYLED_ITEM('',(#2239),#2240);
#239=STYLED_ITEM('',(#2241),#2242);
#240=STYLED_ITEM('',(#2243),#2244);
#241=STYLED_ITEM('',(#2245),#2246);
#242=STYLED_ITEM('',(#2247),#2248);
#243=STYLED_ITEM('',(#2249),#2250);
#244=STYLED_ITEM('',(#2251),#2252);
#245=STYLED_ITEM('',(#2253),#2254);
#246=STYLED_ITEM('',(#2255),#2256);
#247=STYLED_ITEM('',(#2257),#2258);
#248=STYLED_ITEM('',(#2259),#2260);
#249=STYLED_ITEM('',(#2261),#2262);
#250=STYLED_ITEM('',(#2263),#2264);
#251=STYLED_ITEM('',(#2265),#2266);
#252=STYLED_ITEM('',(#2267),#2268);
#253=STYLED_ITEM('',(#2269),#2270);
#254=STYLED_ITEM('',(#2271),#2272);
#255=STYLED_ITEM('',(#2273),#2274);
#256=STYLED_ITEM('',(#2275),#2276);
#257=STYLED_ITEM('',(#2277),#2278);
#258=STYLED_ITEM('',(#2279),#2280);
#259=STYLED_ITEM('',(#2281),#2282);
#260=STYLED_ITEM('',(#2283),#2284);
#261=STYLED_ITEM('',(#2285),#2286);
#262=STYLED_ITEM('',(#2287),#2288);
#263=STYLED_ITEM('',(#2289),#2290);
#264=STYLED_ITEM('',(#2291),#2292);
#265=STYLED_ITEM('',(#2293),#2294);
#266=STYLED_ITEM('',(#2295),#2296);
#267=STYLED_ITEM('',(#2297),#2298);
#268=STYLED_ITEM('',(#2299),#2300);
#269=STYLED_ITEM('',(#2301),#2302);
#270=STYLED_ITEM('',(#2303),#2304);
#271=STYLED_ITEM('',(#2305),#2306);
#272=STYLED_ITEM('',(#2307),#2308);
#273=STYLED_ITEM('',(#2309),#2310);
#274=STYLED_ITEM('',(#2311),#2312);
#275=STYLED_ITEM('',(#2313),#2314);
#276=STYLED_ITEM('',(#2315),#2316);
#277=STYLED_ITEM('',(#2317),#2318);
#278=STYLED_ITEM('',(#2319),#2320);
#279=STYLED_ITEM('',(#2321),#2322);
#280=STYLED_ITEM('',(#2323),#2324);
#281=STYLED_ITEM('',(#2325),#2326);
#282=STYLED_ITEM('',(#2327),#2328);
#283=STYLED_ITEM('',(#2329),#2330);
#284=STYLED_ITEM('',(#2331),#2332);
#285=STYLED_ITEM('',(#2333),#2334);
#286=STYLED_ITEM('',(#2335),#2336);
#287=STYLED_ITEM('',(#2337),#2338);
#288=STYLED_ITEM('',(#2339),#2340);
#289=STYLED_ITEM('',(#2341),#2342);
#290=STYLED_ITEM('',(#2343),#2344);
#291=STYLED_ITEM('',(#2345),#2346);
#292=STYLED_ITEM('',(#2347),#2348);
#293=STYLED_ITEM('',(#2349),#2350);
#294=STYLED_ITEM('',(#2351),#2352);
#295=STYLED_ITEM('',(#2353),#2354);
#296=STYLED_ITEM('',(#2355),#2356);
#297=STYLED_ITEM('',(#2357),#2358);
#298=STYLED_ITEM('',(#2359),#2360);
#299=STYLED_ITEM('',(#2361),#2362);
#300=STYLED_ITEM('',(#2363),#2364);
#301=STYLED_ITEM('',(#2365),#2366);
#302=STYLED_ITEM('',(#2367),#2368);
#303=STYLED_ITEM('',(#2369),#2370);
#304=STYLED_ITEM('',(#2371),#2372);
#305=STYLED_ITEM('',(#2373),#2374);
#306=STYLED_ITEM('',(#2375),#2376);
#307=STYLED_ITEM('',(#2377),#2378);
#308=STYLED_ITEM('',(#2379),#2380);
#309=STYLED_ITEM('',(#2381),#2382);
#310=STYLED_ITEM('',(#2383),#2384);
#311=STYLED_ITEM('',(#2385),#2386);
#312=STYLED_ITEM('',(#2387),#2388);
#313=STYLED_ITEM('',(#2389),#2390);
#314=STYLED_ITEM('',(#2391),#2392);
#315=STYLED_ITEM('',(#2393),#2394);
#316=STYLED_ITEM('',(#2395),#2396);
#317=STYLED_ITEM('',(#2397),#2398);
#318=STYLED_ITEM('',(#2399),#2400);
#319=STYLED_ITEM('',(#2401),#2402);
#320=STYLED_ITEM('',(#2403),#2404);
#321=STYLED_ITEM('',(#2405),#2406);
#322=STYLED_ITEM('',(#2407),#2408);
#323=STYLED_ITEM('',(#2409),#2410);
#324=STYLED_ITEM('',(#2411),#2412);
#325=STYLED_ITEM('',(#2413),#2414);
#326=STYLED_ITEM('',(#2415),#2416);
#327=STYLED_ITEM('',(#2417),#2418);
#328=STYLED_ITEM('',(#2419),#2420);
#329=STYLED_ITEM('',(#2421),#2422);
#330=STYLED_ITEM('',(#2423),#2424);
#331=STYLED_ITEM('',(#2425),#2426);
#332=STYLED_ITEM('',(#2427),#2428);
#333=STYLED_ITEM('',(#2429),#2430);
#334=STYLED_ITEM('',(#2431),#2432);
#335=STYLED_ITEM('',(#2433),#2434);
#336=STYLED_ITEM('',(#2435),#2436);
#337=STYLED_ITEM('',(#2437),#2438);
#338=STYLED_ITEM('',(#2439),#2440);
#339=STYLED_ITEM('',(#2441),#2442);
#340=STYLED_ITEM('',(#2443),#2444);
#341=STYLED_ITEM('',(#2445),#2446);
#342=STYLED_ITEM('',(#2447),#2448);
#343=STYLED_ITEM('',(#2449),#2450);
#344=STYLED_ITEM('',(#2451),#2452);
#345=STYLED_ITEM('',(#2453),#2454);
#346=STYLED_ITEM('',(#2455),#2456);
#347=STYLED_ITEM('',(#2457),#2458);
#348=STYLED_ITEM('',(#2459),#2460);
#349=STYLED_ITEM('',(#2461),#2462);
#350=STYLED_ITEM('',(#2463),#2464);
#351=STYLED_ITEM('',(#2465),#2466);
#352=STYLED_ITEM('',(#2467),#2468);
#353=STYLED_ITEM('',(#2469),#2470);
#354=STYLED_ITEM('',(#2471),#2472);
#355=STYLED_ITEM('',(#2473),#2474);
#356=STYLED_ITEM('',(#2475),#2476);
#357=STYLED_ITEM('',(#2477),#2478);
#358=STYLED_ITEM('',(#2479),#2480);
#359=STYLED_ITEM('',(#2481),#2482);
#360=STYLED_ITEM('',(#2483),#2484);
#361=STYLED_ITEM('',(#2485),#2486);
#362=STYLED_ITEM('',(#2487),#2488);
#363=STYLED_ITEM('',(#2489),#2490);
#364=STYLED_ITEM('',(#2491),#2492);
#365=STYLED_ITEM('',(#2493),#2494);
#366=STYLED_ITEM('',(#2495),#2496);
#367=STYLED_ITEM('',(#2497),#2498);
#368=STYLED_ITEM('',(#2499),#2500);
#369=STYLED_ITEM('',(#2501),#2502);
#370=STYLED_ITEM('',(#2503),#2504);
#371=STYLED_ITEM('',(#2505),#2506);
#372=STYLED_ITEM('',(#2507),#2508);
#373=STYLED_ITEM('',(#2509),#2510);
#374=STYLED_ITEM('',(#2511),#2512);
#375=STYLED_ITEM('',(#2513),#2514);
#376=STYLED_ITEM('',(#2515),#2516);
#377=STYLED_ITEM('',(#2517),#2518);
#378=STYLED_ITEM('',(#2519),#2520);
#379=STYLED_ITEM('',(#2521),#2522);
#380=STYLED_ITEM('',(#2523),#2524);
#381=STYLED_ITEM('',(#2525),#2526);
#382=STYLED_ITEM('',(#2527),#2528);
#383=STYLED_ITEM('',(#2529),#2530);
#384=STYLED_ITEM('',(#2531),#2532);
#385=STYLED_ITEM('',(#2533),#2534);
#386=STYLED_ITEM('',(#2535),#2536);
#387=STYLED_ITEM('',(#2537),#2538);
#388=STYLED_ITEM('',(#2539),#2540);
#389=STYLED_ITEM('',(#2541),#2542);
#390=STYLED_ITEM('',(#2543),#2544);
#391=STYLED_ITEM('',(#2545),#2546);
#392=STYLED_ITEM('',(#2547),#2548);
#393=STYLED_ITEM('',(#2549),#2550);
#394=STYLED_ITEM('',(#2551),#2552);
#395=STYLED_ITEM('',(#2553),#2554);
#396=STYLED_ITEM('',(#2555),#2556);
#397=STYLED_ITEM('',(#2557),#2558);
#398=STYLED_ITEM('',(#2559),#2560);
#399=STYLED_ITEM('',(#2561),#2562);
#400=STYLED_ITEM('',(#2563),#2564);
#401=STYLED_ITEM('',(#2565),#2566);
#402=STYLED_ITEM('',(#2567),#2568);
#403=STYLED_ITEM('',(#2569),#2570);
#404=STYLED_ITEM('',(#2571),#2572);
#405=STYLED_ITEM('',(#2573),#2574);
#406=STYLED_ITEM('',(#2575),#2576);
#407=STYLED_ITEM('',(#2577),#2578);
#408=STYLED_ITEM('',(#2579),#2580);
#409=STYLED_ITEM('',(#2581),#2582);
#410=STYLED_ITEM('',(#2583),#2584);
#411=STYLED_ITEM('',(#2585),#2586);
#412=STYLED_ITEM('',(#2587),#2588);
#413=STYLED_ITEM('',(#2589),#2590);
#414=STYLED_ITEM('',(#2591),#2592);
#415=STYLED_ITEM('',(#2593),#2594);
#416=STYLED_ITEM('',(#2595),#2596);
#417=STYLED_ITEM('',(#2597),#2598);
#418=STYLED_ITEM('',(#2599),#2600);
#419=STYLED_ITEM('',(#2601),#2602);
#420=STYLED_ITEM('',(#2603),#2604);
#421=STYLED_ITEM('',(#2605),#2606);
#422=STYLED_ITEM('',(#2607),#2608);
#423=STYLED_ITEM('',(#2609),#2610);
#424=STYLED_ITEM('',(#2611),#2612);
#425=STYLED_ITEM('',(#2613),#2614);
#426=STYLED_ITEM('',(#2615),#2616);
#427=STYLED_ITEM('',(#2617),#2618);
#428=STYLED_ITEM('',(#2619),#2620);
#429=STYLED_ITEM('',(#2621),#2622);
#430=STYLED_ITEM('',(#2623),#2624);
#431=STYLED_ITEM('',(#2625),#2626);
#432=STYLED_ITEM('',(#2627),#2628);
#433=STYLED_ITEM('',(#2629),#2630);
#434=STYLED_ITEM('',(#2631),#2632);
#435=STYLED_ITEM('',(#2633),#2634);
#436=STYLED_ITEM('',(#2635),#2636);
#437=STYLED_ITEM('',(#2637),#2638);
#438=STYLED_ITEM('',(#2639),#2640);
#439=STYLED_ITEM('',(#2641),#2642);
#440=STYLED_ITEM('',(#2643),#2644);
#441=STYLED_ITEM('',(#2645),#2646);
#442=STYLED_ITEM('',(#2647),#2648);
#443=STYLED_ITEM('',(#2649),#2650);
#444=STYLED_ITEM('',(#2651),#2652);
#445=STYLED_ITEM('',(#2653),#2654);
#446=STYLED_ITEM('',(#2655),#2656);
#447=STYLED_ITEM('',(#2657),#2658);
#448=STYLED_ITEM('',(#2659),#2660);
#449=STYLED_ITEM('',(#2661),#2662);
#450=STYLED_ITEM('',(#2663),#2664);
#451=STYLED_ITEM('',(#2665),#2666);
#452=STYLED_ITEM('',(#2667),#2668);
#453=STYLED_ITEM('',(#2669),#2670);
#454=STYLED_ITEM('',(#2671),#2672);
#455=STYLED_ITEM('',(#2673),#2674);
#456=STYLED_ITEM('',(#2675),#2676);
#457=STYLED_ITEM('',(#2677),#2678);
#458=STYLED_ITEM('',(#2679),#2680);
#459=STYLED_ITEM('',(#2681),#2682);
#460=STYLED_ITEM('',(#2683),#2684);
#461=STYLED_ITEM('',(#2685),#2686);
#462=STYLED_ITEM('',(#2687),#2688);
#463=STYLED_ITEM('',(#2689),#2690);
#464=STYLED_ITEM('',(#2691),#2692);
#465=STYLED_ITEM('',(#2693),#2694);
#466=STYLED_ITEM('',(#2695),#2696);
#467=STYLED_ITEM('',(#2697),#2698);
#468=STYLED_ITEM('',(#2699),#2700);
#469=STYLED_ITEM('',(#2701),#2702);
#470=STYLED_ITEM('',(#2703),#2704);
#471=STYLED_ITEM('',(#2705),#2706);
#472=STYLED_ITEM('',(#2707),#2708);
#473=STYLED_ITEM('',(#2709),#2710);
#474=STYLED_ITEM('',(#2711),#2712);
#475=STYLED_ITEM('',(#2713),#2714);
#476=STYLED_ITEM('',(#2715),#2716);
#477=STYLED_ITEM('',(#2717),#2718);
#478=STYLED_ITEM('',(#2719),#2720);
#479=STYLED_ITEM('',(#2721),#2722);
#480=STYLED_ITEM('',(#2723),#2724);
#481=STYLED_ITEM('',(#2725),#2726);
#482=STYLED_ITEM('',(#2727),#2728);
#483=STYLED_ITEM('',(#2729),#2730);
#484=STYLED_ITEM('',(#2731),#2732);
#485=STYLED_ITEM('',(#2733),#2734);
#486=STYLED_ITEM('',(#2735),#2736);
#487=STYLED_ITEM('',(#2737),#2738);
#488=STYLED_ITEM('',(#2739),#2740);
#489=STYLED_ITEM('',(#2741),#2742);
#490=STYLED_ITEM('',(#2743),#2744);
#491=STYLED_ITEM('',(#2745),#2746);
#492=STYLED_ITEM('',(#2747),#2748);
#493=STYLED_ITEM('',(#2749),#2750);
#494=STYLED_ITEM('',(#2751),#2752);
#495=STYLED_ITEM('',(#2753),#2754);
#496=STYLED_ITEM('',(#2755),#2756);
#497=STYLED_ITEM('',(#2757),#2758);
#498=STYLED_ITEM('',(#2759),#2760);
#499=STYLED_ITEM('',(#2761),#2762);
#500=STYLED_ITEM('',(#2763),#2764);
#501=STYLED_ITEM('',(#2765),#2766);
#502=STYLED_ITEM('',(#2767),#2768);
#503=STYLED_ITEM('',(#2769),#2770);
#504=STYLED_ITEM('',(#2771),#2772);
#505=STYLED_ITEM('',(#2773),#2774);
#506=STYLED_ITEM('',(#2775),#2776);
#507=STYLED_ITEM('',(#2777),#2778);
#508=STYLED_ITEM('',(#2779),#2780);
#509=STYLED_ITEM('',(#2781),#2782);
#510=STYLED_ITEM('',(#2783),#2784);
#511=STYLED_ITEM('',(#2785),#2786);
#512=STYLED_ITEM('',(#2787),#2788);
#513=STYLED_ITEM('',(#2789),#2790);
#514=STYLED_ITEM('',(#2791),#2792);
#515=STYLED_ITEM('',(#2793),#2794);
#516=STYLED_ITEM('',(#2795),#2796);
#517=STYLED_ITEM('',(#2797),#2798);
#518=STYLED_ITEM('',(#2799),#2800);
#519=STYLED_ITEM('',(#2801),#2802);
#520=STYLED_ITEM('',(#2803),#2804);
#521=STYLED_ITEM('',(#2805),#2806);
#522=STYLED_ITEM('',(#2807),#2808);
#523=STYLED_ITEM('',(#2809),#2810);
#524=STYLED_ITEM('',(#2811),#2812);
#525=STYLED_ITEM('',(#2813),#2814);
#526=STYLED_ITEM('',(#2815),#2816);
#527=STYLED_ITEM('',(#2817),#2818);
#528=STYLED_ITEM('',(#2819),#2820);
#529=STYLED_ITEM('',(#2821),#2822);
#530=STYLED_ITEM('',(#2823),#2824);
#531=STYLED_ITEM('',(#2825),#2826);
#532=STYLED_ITEM('',(#2827),#2828);
#533=STYLED_ITEM('',(#2829),#2830);
#534=STYLED_ITEM('',(#2831),#2832);
#535=STYLED_ITEM('',(#2833),#2834);
#536=STYLED_ITEM('',(#2835),#2836);
#537=STYLED_ITEM('',(#2837),#2838);
#538=STYLED_ITEM('',(#2839),#2840);
#539=STYLED_ITEM('',(#2841),#2842);
#540=STYLED_ITEM('',(#2843),#2844);
#541=STYLED_ITEM('',(#2845),#2846);
#542=STYLED_ITEM('',(#2847),#2848);
#543=STYLED_ITEM('',(#2849),#2850);
#544=STYLED_ITEM('',(#2851),#2852);
#545=STYLED_ITEM('',(#2853),#2854);
#546=STYLED_ITEM('',(#2855),#2856);
#547=STYLED_ITEM('',(#2857),#2858);
#548=STYLED_ITEM('',(#2859),#2860);
#549=STYLED_ITEM('',(#2861),#2862);
#550=STYLED_ITEM('',(#2863),#2864);
#551=STYLED_ITEM('',(#2865),#2866);
#552=STYLED_ITEM('',(#2867),#2868);
#553=STYLED_ITEM('',(#2869),#2870);
#554=STYLED_ITEM('',(#2871),#2872);
#555=STYLED_ITEM('',(#2873),#2874);
#556=STYLED_ITEM('',(#2875),#2876);
#557=STYLED_ITEM('',(#2877),#2878);
#558=STYLED_ITEM('',(#2879),#2880);
#559=STYLED_ITEM('',(#2881),#2882);
#560=STYLED_ITEM('',(#2883),#2884);
#561=STYLED_ITEM('',(#2885),#2886);
#562=STYLED_ITEM('',(#2887),#2888);
#563=STYLED_ITEM('',(#2889),#2890);
#564=STYLED_ITEM('',(#2891),#2892);
#565=STYLED_ITEM('',(#2893),#2894);
#566=STYLED_ITEM('',(#2895),#2896);
#567=STYLED_ITEM('',(#2897),#2898);
#568=STYLED_ITEM('',(#2899),#2900);
#569=STYLED_ITEM('',(#2901),#2902);
#570=STYLED_ITEM('',(#2903),#2904);
#571=STYLED_ITEM('',(#2905),#2906);
#572=STYLED_ITEM('',(#2907),#2908);
#573=STYLED_ITEM('',(#2909),#2910);
#574=STYLED_ITEM('',(#2911),#2912);
#575=STYLED_ITEM('',(#2913),#2914);
#576=STYLED_ITEM('',(#2915),#2916);
#577=STYLED_ITEM('',(#2917),#2918);
#578=STYLED_ITEM('',(#2919),#2920);
#579=STYLED_ITEM('',(#2921),#2922);
#580=STYLED_ITEM('',(#2923),#2924);
#581=STYLED_ITEM('',(#2925),#2926);
#582=STYLED_ITEM('',(#2927),#2928);
#583=STYLED_ITEM('',(#2929),#2930);
#584=STYLED_ITEM('',(#2931),#2932);
#585=STYLED_ITEM('',(#2933),#2934);
#586=STYLED_ITEM('',(#2935),#2936);
#587=STYLED_ITEM('',(#2937),#2938);
#588=STYLED_ITEM('',(#2939),#2940);
#589=STYLED_ITEM('',(#2941),#2942);
#590=STYLED_ITEM('',(#2943),#2944);
#591=STYLED_ITEM('',(#2945),#2946);
#592=STYLED_ITEM('',(#2947),#2948);
#593=STYLED_ITEM('',(#2949),#2950);
#594=STYLED_ITEM('',(#2951),#2952);
#595=STYLED_ITEM('',(#2953),#2954);
#596=STYLED_ITEM('',(#2955),#2956);
#597=STYLED_ITEM('',(#2957),#2958);
#598=STYLED_ITEM('',(#2959),#2960);
#599=STYLED_ITEM('',(#2961),#2962);
#600=STYLED_ITEM('',(#2963),#2964);
#601=STYLED_ITEM('',(#2965),#2966);
#602=STYLED_ITEM('',(#2967),#2968);
#603=STYLED_ITEM('',(#2969),#2970);
#604=STYLED_ITEM('',(#2971),#2972);
#605=STYLED_ITEM('',(#2973),#2974);
#606=STYLED_ITEM('',(#2975),#2976);
#607=STYLED_ITEM('',(#2977),#2978);
#608=STYLED_ITEM('',(#2979),#2980);
#609=STYLED_ITEM('',(#2981),#2982);
#610=STYLED_ITEM('',(#2983),#2984);
#611=STYLED_ITEM('',(#2985),#2986);
#612=STYLED_ITEM('',(#2987),#2988);
#613=STYLED_ITEM('',(#2989),#2990);
#614=STYLED_ITEM('',(#2991),#2992);
#615=STYLED_ITEM('',(#2993),#2994);
#616=STYLED_ITEM('',(#2995),#2996);
#617=STYLED_ITEM('',(#2997),#2998);
#618=STYLED_ITEM('',(#2999),#3000);
#619=STYLED_ITEM('',(#3001),#3002);
#620=STYLED_ITEM('',(#3003),#3004);
#621=STYLED_ITEM('',(#3005),#3006);
#622=STYLED_ITEM('',(#3007),#3008);
#623=STYLED_ITEM('',(#3009),#3010);
#624=STYLED_ITEM('',(#3011),#3012);
#625=STYLED_ITEM('',(#3013),#3014);
#626=STYLED_ITEM('',(#3015),#3016);
#627=STYLED_ITEM('',(#3017),#3018);
#628=STYLED_ITEM('',(#3019),#3020);
#629=STYLED_ITEM('',(#3021),#3022);
#630=STYLED_ITEM('',(#3023),#3024);
#631=STYLED_ITEM('',(#3025),#3026);
#632=STYLED_ITEM('',(#3027),#3028);
#633=STYLED_ITEM('',(#3029),#3030);
#634=STYLED_ITEM('',(#3031),#3032);
#635=STYLED_ITEM('',(#3033),#3034);
#636=STYLED_ITEM('',(#3035),#3036);
#637=STYLED_ITEM('',(#3037),#3038);
#638=STYLED_ITEM('',(#3039),#3040);
#639=STYLED_ITEM('',(#3041),#3042);
#640=STYLED_ITEM('',(#3043),#3044);
#641=STYLED_ITEM('',(#3045),#3046);
#642=STYLED_ITEM('',(#3047),#3048);
#643=STYLED_ITEM('',(#3049),#3050);
#644=STYLED_ITEM('',(#3051),#3052);
#645=STYLED_ITEM('',(#3053),#3054);
#646=STYLED_ITEM('',(#3055),#3056);
#647=STYLED_ITEM('',(#3057),#3058);
#648=STYLED_ITEM('',(#3059),#3060);
#649=STYLED_ITEM('',(#3061),#3062);
#650=STYLED_ITEM('',(#3063),#3064);
#651=STYLED_ITEM('',(#3065),#3066);
#652=STYLED_ITEM('',(#3067),#3068);
#653=STYLED_ITEM('',(#3069),#3070);
#654=STYLED_ITEM('',(#3071),#3072);
#655=STYLED_ITEM('',(#3073),#3074);
#656=STYLED_ITEM('',(#3075),#3076);
#657=STYLED_ITEM('',(#3077),#3078);
#658=STYLED_ITEM('',(#3079),#3080);
#659=STYLED_ITEM('',(#3081),#3082);
#660=STYLED_ITEM('',(#3083),#3084);
#661=STYLED_ITEM('',(#3085),#3086);
#662=STYLED_ITEM('',(#3087),#3088);
#663=STYLED_ITEM('',(#3089),#3090);
#664=STYLED_ITEM('',(#3091),#3092);
#665=STYLED_ITEM('',(#3093),#3094);
#666=STYLED_ITEM('',(#3095),#3096);
#667=STYLED_ITEM('',(#3097),#3098);
#668=STYLED_ITEM('',(#3099),#3100);
#669=STYLED_ITEM('',(#3101),#3102);
#670=STYLED_ITEM('',(#3103),#3104);
#671=STYLED_ITEM('',(#3105),#3106);
#672=STYLED_ITEM('',(#3107),#3108);
#673=STYLED_ITEM('',(#3109),#3110);
#674=STYLED_ITEM('',(#3111),#3112);
#675=STYLED_ITEM('',(#3113),#3114);
#676=STYLED_ITEM('',(#3115),#3116);
#677=STYLED_ITEM('',(#3117),#3118);
#678=STYLED_ITEM('',(#3119),#3120);
#679=STYLED_ITEM('',(#3121),#3122);
#680=STYLED_ITEM('',(#3123),#3124);
#681=STYLED_ITEM('',(#3125),#3126);
#682=STYLED_ITEM('',(#3127),#3128);
#683=STYLED_ITEM('',(#3129),#3130);
#684=STYLED_ITEM('',(#3131),#3132);
#685=STYLED_ITEM('',(#3133),#3134);
#686=STYLED_ITEM('',(#3135),#3136);
#687=STYLED_ITEM('',(#3137),#3138);
#688=STYLED_ITEM('',(#3139),#3140);
#689=STYLED_ITEM('',(#3141),#3142);
#690=STYLED_ITEM('',(#3143),#3144);
#691=STYLED_ITEM('',(#3145),#3146);
#692=STYLED_ITEM('',(#3147),#3148);
#693=STYLED_ITEM('',(#3149),#3150);
#694=STYLED_ITEM('',(#3151),#3152);
#695=STYLED_ITEM('',(#3153),#3154);
#696=STYLED_ITEM('',(#3155),#3156);
#697=STYLED_ITEM('',(#3157),#3158);
#698=STYLED_ITEM('',(#3159),#3160);
#699=STYLED_ITEM('',(#3161),#3162);
#700=STYLED_ITEM('',(#3163),#3164);
#701=STYLED_ITEM('',(#3165),#3166);
#702=STYLED_ITEM('',(#3167),#3168);
#703=STYLED_ITEM('',(#3169),#3170);
#704=STYLED_ITEM('',(#3171),#3172);
#705=STYLED_ITEM('',(#3173),#3174);
#706=STYLED_ITEM('',(#3175),#3176);
#707=STYLED_ITEM('',(#3177),#3178);
#708=STYLED_ITEM('',(#3179),#3180);
#709=STYLED_ITEM('',(#3181),#3182);
#710=STYLED_ITEM('',(#3183),#3184);
#711=STYLED_ITEM('',(#3185),#3186);
#712=STYLED_ITEM('',(#3187),#3188);
#713=STYLED_ITEM('',(#3189),#3190);
#714=STYLED_ITEM('',(#3191),#3192);
#715=STYLED_ITEM('',(#3193),#3194);
#716=STYLED_ITEM('',(#3195),#3196);
#717=STYLED_ITEM('',(#3197),#3198);
#718=STYLED_ITEM('',(#3199),#3200);
#719=STYLED_ITEM('',(#3201),#3202);
#720=STYLED_ITEM('',(#3203),#3204);
#721=STYLED_ITEM('',(#3205),#3206);
#722=STYLED_ITEM('',(#3207),#3208);
#723=STYLED_ITEM('',(#3209),#3210);
#724=STYLED_ITEM('',(#3211),#3212);
#725=STYLED_ITEM('',(#3213),#3214);
#726=STYLED_ITEM('',(#3215),#3216);
#727=STYLED_ITEM('',(#3217),#3218);
#728=STYLED_ITEM('',(#3219),#3220);
#729=STYLED_ITEM('',(#3221),#3222);
#730=STYLED_ITEM('',(#3223),#3224);
#731=STYLED_ITEM('',(#3225),#3226);
#732=STYLED_ITEM('',(#3227),#3228);
#733=STYLED_ITEM('',(#3229),#3230);
#734=STYLED_ITEM('',(#3231),#3232);
#735=STYLED_ITEM('',(#3233),#3234);
#736=STYLED_ITEM('',(#3235),#3236);
#737=STYLED_ITEM('',(#3237),#3238);
#738=STYLED_ITEM('',(#3239),#3240);
#739=STYLED_ITEM('',(#3241),#3242);
#740=STYLED_ITEM('',(#3243),#3244);
#741=STYLED_ITEM('',(#3245),#3246);
#742=STYLED_ITEM('',(#3247),#3248);
#743=STYLED_ITEM('',(#3249),#3250);
#744=STYLED_ITEM('',(#3251),#3252);
#745=STYLED_ITEM('',(#3253),#3254);
#746=STYLED_ITEM('',(#3255),#3256);
#747=STYLED_ITEM('',(#3257),#3258);
#748=STYLED_ITEM('',(#3259),#3260);
#749=STYLED_ITEM('',(#3261),#3262);
#750=STYLED_ITEM('',(#3263),#3264);
#751=STYLED_ITEM('',(#3265),#3266);
#752=STYLED_ITEM('',(#3267),#3268);
#753=STYLED_ITEM('',(#3269),#3270);
#754=STYLED_ITEM('',(#3271),#3272);
#755=STYLED_ITEM('',(#3273),#3274);
#756=STYLED_ITEM('',(#3275),#3276);
#757=STYLED_ITEM('',(#3277),#3278);
#758=STYLED_ITEM('',(#3279),#3280);
#759=STYLED_ITEM('',(#3281),#3282);
#760=STYLED_ITEM('',(#3283),#3284);
#761=STYLED_ITEM('',(#3285),#3286);
#762=STYLED_ITEM('',(#3287),#3288);
#763=STYLED_ITEM('',(#3289),#3290);
#764=STYLED_ITEM('',(#3291),#3292);
#765=STYLED_ITEM('',(#3293),#3294);
#766=STYLED_ITEM('',(#3295),#3296);
#767=STYLED_ITEM('',(#3297),#3298);
#768=STYLED_ITEM('',(#3299),#3300);
#769=STYLED_ITEM('',(#3301),#3302);
#770=STYLED_ITEM('',(#3303),#3304);
#771=STYLED_ITEM('',(#3305),#3306);
#772=STYLED_ITEM('',(#3307),#3308);
#773=STYLED_ITEM('',(#3309),#3310);
#774=STYLED_ITEM('',(#3311),#3312);
#775=STYLED_ITEM('',(#3313),#3314);
#776=STYLED_ITEM('',(#3315),#3316);
#777=STYLED_ITEM('',(#3317),#3318);
#778=STYLED_ITEM('',(#3319),#3320);
#779=STYLED_ITEM('',(#3321),#3322);
#780=STYLED_ITEM('',(#3323),#3324);
#781=STYLED_ITEM('',(#3325),#3326);
#782=STYLED_ITEM('',(#3327),#3328);
#783=STYLED_ITEM('',(#3329),#3330);
#784=STYLED_ITEM('',(#3331),#3332);
#785=STYLED_ITEM('',(#3333),#3334);
#786=STYLED_ITEM('',(#3335),#3336);
#787=STYLED_ITEM('',(#3337),#3338);
#788=STYLED_ITEM('',(#3339),#3340);
#789=STYLED_ITEM('',(#3341),#3342);
#790=STYLED_ITEM('',(#3343),#3344);
#791=STYLED_ITEM('',(#3345),#3346);
#792=STYLED_ITEM('',(#3347),#3348);
#793=STYLED_ITEM('',(#3349),#3350);
#794=STYLED_ITEM('',(#3351),#3352);
#795=STYLED_ITEM('',(#3353),#3354);
#796=STYLED_ITEM('',(#3355),#3356);
#797=STYLED_ITEM('',(#3357),#3358);
#798=STYLED_ITEM('',(#3359),#3360);
#799=STYLED_ITEM('',(#3361),#3362);
#800=STYLED_ITEM('',(#3363),#3364);
#801=STYLED_ITEM('',(#3365),#3366);
#802=STYLED_ITEM('',(#3367),#3368);
#803=STYLED_ITEM('',(#3369),#3370);
#804=STYLED_ITEM('',(#3371),#3372);
#805=STYLED_ITEM('',(#3373),#3374);
#806=STYLED_ITEM('',(#3375),#3376);
#807=STYLED_ITEM('',(#3377),#3378);
#808=STYLED_ITEM('',(#3379),#3380);
#809=STYLED_ITEM('',(#3381),#3382);
#810=STYLED_ITEM('',(#3383),#3384);
#811=STYLED_ITEM('',(#3385),#3386);
#812=STYLED_ITEM('',(#3387),#3388);
#813=STYLED_ITEM('',(#3389),#3390);
#814=STYLED_ITEM('',(#3391),#3392);
#815=STYLED_ITEM('',(#3393),#3394);
#816=STYLED_ITEM('',(#3395),#3396);
#817=STYLED_ITEM('',(#3397),#3398);
#818=STYLED_ITEM('',(#3399),#3400);
#819=STYLED_ITEM('',(#3401),#3402);
#820=STYLED_ITEM('',(#3403),#3404);
#821=STYLED_ITEM('',(#3405),#3406);
#822=STYLED_ITEM('',(#3407),#3408);
#823=STYLED_ITEM('',(#3409),#3410);
#824=STYLED_ITEM('',(#3411),#3412);
#825=STYLED_ITEM('',(#3413),#3414);
#826=STYLED_ITEM('',(#3415),#3416);
#827=STYLED_ITEM('',(#3417),#3418);
#828=STYLED_ITEM('',(#3419),#3420);
#829=STYLED_ITEM('',(#3421),#3422);
#830=STYLED_ITEM('',(#3423),#3424);
#831=STYLED_ITEM('',(#3425),#3426);
#832=STYLED_ITEM('',(#3427),#3428);
#833=STYLED_ITEM('',(#3429),#3430);
#834=STYLED_ITEM('',(#3431),#3432);
#835=STYLED_ITEM('',(#3433),#3434);
#836=STYLED_ITEM('',(#3435),#3436);
#837=STYLED_ITEM('',(#3437),#3438);
#838=STYLED_ITEM('',(#3439),#3440);
#839=STYLED_ITEM('',(#3441),#3442);
#840=STYLED_ITEM('',(#3443),#3444);
#841=STYLED_ITEM('',(#3445),#3446);
#842=STYLED_ITEM('',(#3447),#3448);
#843=STYLED_ITEM('',(#3449),#3450);
#844=STYLED_ITEM('',(#3451),#3452);
#845=STYLED_ITEM('',(#3453),#3454);
#846=STYLED_ITEM('',(#3455),#3456);
#847=STYLED_ITEM('',(#3457),#3458);
#848=STYLED_ITEM('',(#3459),#3460);
#849=STYLED_ITEM('',(#3461),#3462);
#850=STYLED_ITEM('',(#3463),#3464);
#851=STYLED_ITEM('',(#3465),#3466);
#852=STYLED_ITEM('',(#3467),#3468);
#853=STYLED_ITEM('',(#3469),#3470);
#854=STYLED_ITEM('',(#3471),#3472);
#855=STYLED_ITEM('',(#3473),#3474);
#856=STYLED_ITEM('',(#3475),#3476);
#857=STYLED_ITEM('',(#3477),#3478);
#858=STYLED_ITEM('',(#3479),#3480);
#859=STYLED_ITEM('',(#3481),#3482);
#860=STYLED_ITEM('',(#3483),#3484);
#861=STYLED_ITEM('',(#3485),#3486);
#862=STYLED_ITEM('',(#3487),#3488);
#863=STYLED_ITEM('',(#3489),#3490);
#864=STYLED_ITEM('',(#3491),#3492);
#865=STYLED_ITEM('',(#3493),#3494);
#866=STYLED_ITEM('',(#3495),#3496);
#867=STYLED_ITEM('',(#3497),#3498);
#868=STYLED_ITEM('',(#3499),#3500);
#869=STYLED_ITEM('',(#3501),#3502);
#870=STYLED_ITEM('',(#3503),#3504);
#871=STYLED_ITEM('',(#3505),#3506);
#872=STYLED_ITEM('',(#3507),#3508);
#873=STYLED_ITEM('',(#3509),#3510);
#874=STYLED_ITEM('',(#3511),#3512);
#875=STYLED_ITEM('',(#3513),#3514);
#876=STYLED_ITEM('',(#3515),#3516);
#877=STYLED_ITEM('',(#3517),#3518);
#878=STYLED_ITEM('',(#3519),#3520);
#879=STYLED_ITEM('',(#3521),#3522);
#880=STYLED_ITEM('',(#3523),#3524);
#881=STYLED_ITEM('',(#3525),#3526);
#882=STYLED_ITEM('',(#3527),#3528);
#883=STYLED_ITEM('',(#3529),#3530);
#884=STYLED_ITEM('',(#3531),#3532);
#885=STYLED_ITEM('',(#3533),#3534);
#886=STYLED_ITEM('',(#3535),#3536);
#887=STYLED_ITEM('',(#3537),#3538);
#888=STYLED_ITEM('',(#3539),#3540);
#889=STYLED_ITEM('',(#3541),#3542);
#890=STYLED_ITEM('',(#3543),#3544);
#891=STYLED_ITEM('',(#3545),#3546);
#892=STYLED_ITEM('',(#3547),#3548);
#893=STYLED_ITEM('',(#3549),#3550);
#894=STYLED_ITEM('',(#3551),#3552);
#895=STYLED_ITEM('',(#3553),#3554);
#896=STYLED_ITEM('',(#3555),#3556);
#897=STYLED_ITEM('',(#3557),#3558);
#898=STYLED_ITEM('',(#3559),#3560);
#899=STYLED_ITEM('',(#3561),#3562);
#900=STYLED_ITEM('',(#3563),#3564);
#901=STYLED_ITEM('',(#3565),#3566);
#902=STYLED_ITEM('',(#3567),#3568);
#903=STYLED_ITEM('',(#3569),#3570);
#904=STYLED_ITEM('',(#3571),#3572);
#905=STYLED_ITEM('',(#3573),#3574);
#906=STYLED_ITEM('',(#3575),#3576);
#907=STYLED_ITEM('',(#3577),#3578);
#908=STYLED_ITEM('',(#3579),#3580);
#909=STYLED_ITEM('',(#3581),#3582);
#910=STYLED_ITEM('',(#3583),#3584);
#911=STYLED_ITEM('',(#3585),#3586);
#912=STYLED_ITEM('',(#3587),#3588);
#913=STYLED_ITEM('',(#3589),#3590);
#914=STYLED_ITEM('',(#3591),#3592);
#915=STYLED_ITEM('',(#3593),#3594);
#916=STYLED_ITEM('',(#3595),#3596);
#917=STYLED_ITEM('',(#3597),#3598);
#918=STYLED_ITEM('',(#3599),#3600);
#919=STYLED_ITEM('',(#3601),#3602);
#920=STYLED_ITEM('',(#3603),#3604);
#921=STYLED_ITEM('',(#3605),#3606);
#922=STYLED_ITEM('',(#3607),#3608);
#923=STYLED_ITEM('',(#3609),#3610);
#924=STYLED_ITEM('',(#3611),#3612);
#925=STYLED_ITEM('',(#3613),#3614);
#926=STYLED_ITEM('',(#3615),#3616);
#927=STYLED_ITEM('',(#3617),#3618);
#928=STYLED_ITEM('',(#3619),#3620);
#929=STYLED_ITEM('',(#3621),#3622);
#930=STYLED_ITEM('',(#3623),#3624);
#931=STYLED_ITEM('',(#3625),#3626);
#932=STYLED_ITEM('',(#3627),#3628);
#933=STYLED_ITEM('',(#3629),#3630);
#934=STYLED_ITEM('',(#3631),#3632);
#935=STYLED_ITEM('',(#3633),#3634);
#936=STYLED_ITEM('',(#3635),#3636);
#937=STYLED_ITEM('',(#3637),#3638);
#938=STYLED_ITEM('',(#3639),#3640);
#939=STYLED_ITEM('',(#3641),#3642);
#940=STYLED_ITEM('',(#3643),#3644);
#941=STYLED_ITEM('',(#3645),#3646);
#942=STYLED_ITEM('',(#3647),#3648);
#943=STYLED_ITEM('',(#3649),#3650);
#944=STYLED_ITEM('',(#3651),#3652);
#945=STYLED_ITEM('',(#3653),#3654);
#946=STYLED_ITEM('',(#3655),#3656);
#947=STYLED_ITEM('',(#3657),#3658);
#948=STYLED_ITEM('',(#3659),#3660);
#949=STYLED_ITEM('',(#3661),#3662);
#950=STYLED_ITEM('',(#3663),#3664);
#951=STYLED_ITEM('',(#3665),#3666);
#952=STYLED_ITEM('',(#3667),#3668);
#953=STYLED_ITEM('',(#3669),#3670);
#954=STYLED_ITEM('',(#3671),#3672);
#955=STYLED_ITEM('',(#3673),#3674);
#956=STYLED_ITEM('',(#3675),#3676);
#957=STYLED_ITEM('',(#3677),#3678);
#958=STYLED_ITEM('',(#3679),#3680);
#959=STYLED_ITEM('',(#3681),#3682);
#960=STYLED_ITEM('',(#3683),#3684);
#961=STYLED_ITEM('',(#3685),#3686);
#962=STYLED_ITEM('',(#3687),#3688);
#963=STYLED_ITEM('',(#3689),#3690);
#964=STYLED_ITEM('',(#3691),#3692);
#965=STYLED_ITEM('',(#3693),#3694);
#966=STYLED_ITEM('',(#3695),#3696);
#967=STYLED_ITEM('',(#3697),#3698);
#968=STYLED_ITEM('',(#3699),#3700);
#969=STYLED_ITEM('',(#3701),#3702);
#970=STYLED_ITEM('',(#3703),#3704);
#971=STYLED_ITEM('',(#3705),#3706);
#972=STYLED_ITEM('',(#3707),#3708);
#973=STYLED_ITEM('',(#3709),#3710);
#974=STYLED_ITEM('',(#3711),#3712);
#975=STYLED_ITEM('',(#3713),#3714);
#976=STYLED_ITEM('',(#3715),#3716);
#977=STYLED_ITEM('',(#3717),#3718);
#978=STYLED_ITEM('',(#3719),#3720);
#979=STYLED_ITEM('',(#3721),#3722);
#980=STYLED_ITEM('',(#3723),#3724);
#981=STYLED_ITEM('',(#3725),#3726);
#982=STYLED_ITEM('',(#3727),#3728);
#983=STYLED_ITEM('',(#3729),#3730);
#984=STYLED_ITEM('',(#3731),#3732);
#985=STYLED_ITEM('',(#3733),#3734);
#986=STYLED_ITEM('',(#3735),#3736);
#987=STYLED_ITEM('',(#3737),#3738);
#988=STYLED_ITEM('',(#3739),#3740);
#989=STYLED_ITEM('',(#3741),#3742);
#990=STYLED_ITEM('',(#3743),#3744);
#991=STYLED_ITEM('',(#3745),#3746);
#992=STYLED_ITEM('',(#3747),#3748);
#993=STYLED_ITEM('',(#3749),#3750);
#994=STYLED_ITEM('',(#3751),#3752);
#995=STYLED_ITEM('',(#3753),#3754);
#996=STYLED_ITEM('',(#3755),#3756);
#997=STYLED_ITEM('',(#3757),#3758);
#998=STYLED_ITEM('',(#3759),#3760);
#999=STYLED_ITEM('',(#3761),#3762);
#1000=STYLED_ITEM('',(#3763),#3764);
#1001=STYLED_ITEM('',(#3765),#3766);
#1002=STYLED_ITEM('',(#3767),#3768);
#1003=STYLED_ITEM('',(#3769),#3770);
#1004=STYLED_ITEM('',(#3771),#3772);
#1005=STYLED_ITEM('',(#3773),#3774);
#1006=STYLED_ITEM('',(#3775),#3776);
#1007=STYLED_ITEM('',(#3777),#3778);
#1008=STYLED_ITEM('',(#3779),#3780);
#1009=STYLED_ITEM('',(#3781),#3782);
#1010=STYLED_ITEM('',(#3783),#3784);
#1011=STYLED_ITEM('',(#3785),#3786);
#1012=STYLED_ITEM('',(#3787),#3788);
#1013=STYLED_ITEM('',(#3789),#3790);
#1014=STYLED_ITEM('',(#3791),#3792);
#1015=STYLED_ITEM('',(#3793),#3794);
#1016=STYLED_ITEM('',(#3795),#3796);
#1017=STYLED_ITEM('',(#3797),#3798);
#1018=STYLED_ITEM('',(#3799),#3800);
#1019=STYLED_ITEM('',(#3801),#3802);
#1020=STYLED_ITEM('',(#3803),#3804);
#1021=STYLED_ITEM('',(#3805),#3806);
#1022=STYLED_ITEM('',(#3807),#3808);
#1023=STYLED_ITEM('',(#3809),#3810);
#1024=STYLED_ITEM('',(#3811),#3812);
#1025=STYLED_ITEM('',(#3813),#3814);
#1026=STYLED_ITEM('',(#3815),#3816);
#1027=STYLED_ITEM('',(#3817),#3818);
#1028=STYLED_ITEM('',(#3819),#3820);
#1029=STYLED_ITEM('',(#3821),#3822);
#1030=STYLED_ITEM('',(#3823),#3824);
#1031=STYLED_ITEM('',(#3825),#3826);
#1032=STYLED_ITEM('',(#3827),#3828);
#1033=STYLED_ITEM('',(#3829),#3830);
#1034=STYLED_ITEM('',(#3831),#3832);
#1035=STYLED_ITEM('',(#3833),#3834);
#1036=STYLED_ITEM('',(#3835),#3836);
#1037=STYLED_ITEM('',(#3837),#3838);
#1038=STYLED_ITEM('',(#3839),#3840);
#1039=STYLED_ITEM('',(#3841),#3842);
#1040=STYLED_ITEM('',(#3843),#3844);
#1041=STYLED_ITEM('',(#3845),#3846);
#1042=STYLED_ITEM('',(#3847),#3848);
#1043=STYLED_ITEM('',(#3849),#3850);
#1044=STYLED_ITEM('',(#3851),#3852);
#1045=STYLED_ITEM('',(#3853),#3854);
#1046=STYLED_ITEM('',(#3855),#3856);
#1047=STYLED_ITEM('',(#3857),#3858);
#1048=STYLED_ITEM('',(#3859),#3860);
#1049=STYLED_ITEM('',(#3861),#3862);
#1050=STYLED_ITEM('',(#3863),#3864);
#1051=STYLED_ITEM('',(#3865),#3866);
#1052=STYLED_ITEM('',(#3867),#3868);
#1053=STYLED_ITEM('',(#3869),#3870);
#1054=STYLED_ITEM('',(#3871),#3872);
#1055=STYLED_ITEM('',(#3873),#3874);
#1056=STYLED_ITEM('',(#3875),#3876);
#1057=STYLED_ITEM('',(#3877),#3878);
#1058=STYLED_ITEM('',(#3879),#3880);
#1059=STYLED_ITEM('',(#3881),#3882);
#1060=STYLED_ITEM('',(#3883),#3884);
#1061=STYLED_ITEM('',(#3885),#3886);
#1062=STYLED_ITEM('',(#3887),#3888);
#1063=STYLED_ITEM('',(#3889),#3890);
#1064=STYLED_ITEM('',(#3891),#3892);
#1065=STYLED_ITEM('',(#3893),#3894);
#1066=STYLED_ITEM('',(#3895),#3896);
#1067=STYLED_ITEM('',(#3897),#3898);
#1068=STYLED_ITEM('',(#3899),#3900);
#1069=STYLED_ITEM('',(#3901),#3902);
#1070=STYLED_ITEM('',(#3903),#3904);
#1071=STYLED_ITEM('',(#3905),#3906);
#1072=STYLED_ITEM('',(#3907),#3908);
#1073=STYLED_ITEM('',(#3909),#3910);
#1074=STYLED_ITEM('',(#3911),#3912);
#1075=STYLED_ITEM('',(#3913),#3914);
#1076=STYLED_ITEM('',(#3915),#3916);
#1077=STYLED_ITEM('',(#3917),#3918);
#1078=STYLED_ITEM('',(#3919),#3920);
#1079=STYLED_ITEM('',(#3921),#3922);
#1080=STYLED_ITEM('',(#3923),#3924);
#1081=STYLED_ITEM('',(#3925),#3926);
#1082=STYLED_ITEM('',(#3927),#3928);
#1083=STYLED_ITEM('',(#3929),#3930);
#1084=STYLED_ITEM('',(#3931),#3932);
#1085=STYLED_ITEM('',(#3933),#3934);
#1086=STYLED_ITEM('',(#3935),#3936);
#1087=STYLED_ITEM('',(#3937),#3938);
#1088=STYLED_ITEM('',(#3939),#3940);
#1089=STYLED_ITEM('',(#3941),#3942);
#1090=STYLED_ITEM('',(#3943),#3944);
#1091=STYLED_ITEM('',(#3945),#3946);
#1092=STYLED_ITEM('',(#3947),#3948);
#1093=STYLED_ITEM('',(#3949),#3950);
#1094=STYLED_ITEM('',(#3951),#3952);
#1095=STYLED_ITEM('',(#3953),#3954);
#1096=STYLED_ITEM('',(#3955),#3956);
#1097=STYLED_ITEM('',(#3957),#3958);
#1098=STYLED_ITEM('',(#3959),#3960);
#1099=STYLED_ITEM('',(#3961),#3962);
#1100=STYLED_ITEM('',(#3963),#3964);
#1101=STYLED_ITEM('',(#3965),#3966);
#1102=STYLED_ITEM('',(#3967),#3968);
#1103=STYLED_ITEM('',(#3969),#3970);
#1104=STYLED_ITEM('',(#3971),#3972);
#1105=STYLED_ITEM('',(#3973),#3974);
#1106=STYLED_ITEM('',(#3975),#3976);
#1107=STYLED_ITEM('',(#3977),#3978);
#1108=STYLED_ITEM('',(#3979),#3980);
#1109=STYLED_ITEM('',(#3981),#3982);
#1110=STYLED_ITEM('',(#3983),#3984);
#1111=STYLED_ITEM('',(#3985),#3986);
#1112=STYLED_ITEM('',(#3987),#3988);
#1113=STYLED_ITEM('',(#3989),#3990);
#1114=STYLED_ITEM('',(#3991),#3992);
#1115=STYLED_ITEM('',(#3993),#3994);
#1116=STYLED_ITEM('',(#3995),#3996);
#1117=STYLED_ITEM('',(#3997),#3998);
#1118=STYLED_ITEM('',(#3999),#4000);
#1119=STYLED_ITEM('',(#4001),#4002);
#1120=STYLED_ITEM('',(#4003),#4004);
#1121=STYLED_ITEM('',(#4005),#4006);
#1122=STYLED_ITEM('',(#4007),#4008);
#1123=STYLED_ITEM('',(#4009),#4010);
#1124=STYLED_ITEM('',(#4011),#4012);
#1125=STYLED_ITEM('',(#4013),#4014);
#1126=STYLED_ITEM('',(#4015),#4016);
#1127=STYLED_ITEM('',(#4017),#4018);
#1128=STYLED_ITEM('',(#4019),#4020);
#1129=STYLED_ITEM('',(#4021),#4022);
#1130=STYLED_ITEM('',(#4023),#4024);
#1131=STYLED_ITEM('',(#4025),#4026);
#1132=STYLED_ITEM('',(#4027),#4028);
#1133=STYLED_ITEM('',(#4029),#4030);
#1134=STYLED_ITEM('',(#4031),#4032);
#1135=STYLED_ITEM('',(#4033),#4034);
#1136=STYLED_ITEM('',(#4035),#4036);
#1137=STYLED_ITEM('',(#4037),#4038);
#1138=STYLED_ITEM('',(#4039),#4040);
#1139=STYLED_ITEM('',(#4041),#4042);
#1140=STYLED_ITEM('',(#4043),#4044);
#1141=STYLED_ITEM('',(#4045),#4046);
#1142=STYLED_ITEM('',(#4047),#4048);
#1143=STYLED_ITEM('',(#4049),#4050);
#1144=STYLED_ITEM('',(#4051),#4052);
#1145=STYLED_ITEM('',(#4053),#4054);
#1146=STYLED_ITEM('',(#4055),#4056);
#1147=STYLED_ITEM('',(#4057),#4058);
#1148=STYLED_ITEM('',(#4059),#4060);
#1149=STYLED_ITEM('',(#4061),#4062);
#1150=STYLED_ITEM('',(#4063),#4064);
#1151=STYLED_ITEM('',(#4065),#4066);
#1152=STYLED_ITEM('',(#4067),#4068);
#1153=STYLED_ITEM('',(#4069),#4070);
#1154=STYLED_ITEM('',(#4071),#4072);
#1155=STYLED_ITEM('',(#4073),#4074);
#1156=STYLED_ITEM('',(#4075),#4076);
#1157=STYLED_ITEM('',(#4077),#4078);
#1158=STYLED_ITEM('',(#4079),#4080);
#1159=STYLED_ITEM('',(#4081),#4082);
#1160=STYLED_ITEM('',(#4083),#4084);
#1161=STYLED_ITEM('',(#4085),#4086);
#1162=STYLED_ITEM('',(#4087),#4088);
#1163=STYLED_ITEM('',(#4089),#4090);
#1164=STYLED_ITEM('',(#4091),#4092);
#1165=STYLED_ITEM('',(#4093),#4094);
#1166=STYLED_ITEM('',(#4095),#4096);
#1167=STYLED_ITEM('',(#4097),#4098);
#1168=STYLED_ITEM('',(#4099),#4100);
#1169=STYLED_ITEM('',(#4101),#4102);
#1170=STYLED_ITEM('',(#4103),#4104);
#1171=STYLED_ITEM('',(#4105),#4106);
#1172=STYLED_ITEM('',(#4107),#4108);
#1173=STYLED_ITEM('',(#4109),#4110);
#1174=STYLED_ITEM('',(#4111),#4112);
#1175=STYLED_ITEM('',(#4113),#4114);
#1176=STYLED_ITEM('',(#4115),#4116);
#1177=STYLED_ITEM('',(#4117),#4118);
#1178=STYLED_ITEM('',(#4119),#4120);
#1179=STYLED_ITEM('',(#4121),#4122);
#1180=STYLED_ITEM('',(#4123),#4124);
#1181=STYLED_ITEM('',(#4125),#4126);
#1182=STYLED_ITEM('',(#4127),#4128);
#1183=STYLED_ITEM('',(#4129),#4130);
#1184=STYLED_ITEM('',(#4131),#4132);
#1185=STYLED_ITEM('',(#4133),#4134);
#1186=STYLED_ITEM('',(#4135),#4136);
#1187=STYLED_ITEM('',(#4137),#4138);
#1188=STYLED_ITEM('',(#4139),#4140);
#1189=STYLED_ITEM('',(#4141),#4142);
#1190=STYLED_ITEM('',(#4143),#4144);
#1191=STYLED_ITEM('',(#4145),#4146);
#1192=STYLED_ITEM('',(#4147),#4148);
#1193=STYLED_ITEM('',(#4149),#4150);
#1194=STYLED_ITEM('',(#4151),#4152);
#1195=STYLED_ITEM('',(#4153),#4154);
#1196=STYLED_ITEM('',(#4155),#4156);
#1197=STYLED_ITEM('',(#4157),#4158);
#1198=STYLED_ITEM('',(#4159),#4160);
#1199=STYLED_ITEM('',(#4161),#4162);
#1200=STYLED_ITEM('',(#4163),#4164);
#1201=STYLED_ITEM('',(#4165),#4166);
#1202=STYLED_ITEM('',(#4167),#4168);
#1203=STYLED_ITEM('',(#4169),#4170);
#1204=STYLED_ITEM('',(#4171),#4172);
#1205=STYLED_ITEM('',(#4173),#4174);
#1206=STYLED_ITEM('',(#4175),#4176);
#1207=STYLED_ITEM('',(#4177),#4178);
#1208=STYLED_ITEM('',(#4179),#4180);
#1209=STYLED_ITEM('',(#4181),#4182);
#1210=STYLED_ITEM('',(#4183),#4184);
#1211=STYLED_ITEM('',(#4185),#4186);
#1212=STYLED_ITEM('',(#4187),#4188);
#1213=STYLED_ITEM('',(#4189),#4190);
#1214=STYLED_ITEM('',(#4191),#4192);
#1215=STYLED_ITEM('',(#4193),#4194);
#1216=STYLED_ITEM('',(#4195),#4196);
#1217=STYLED_ITEM('',(#4197),#4198);
#1218=STYLED_ITEM('',(#4199),#4200);
#1219=STYLED_ITEM('',(#4201),#4202);
#1220=STYLED_ITEM('',(#4203),#4204);
#1221=STYLED_ITEM('',(#4205),#4206);
#1222=STYLED_ITEM('',(#4207),#4208);
#1223=STYLED_ITEM('',(#4209),#4210);
#1224=STYLED_ITEM('',(#4211),#4212);
#1225=STYLED_ITEM('',(#4213),#4214);
#1226=STYLED_ITEM('',(#4215),#4216);
#1227=STYLED_ITEM('',(#4217),#4218);
#1228=STYLED_ITEM('',(#4219),#4220);
#1229=STYLED_ITEM('',(#4221),#4222);
#1230=STYLED_ITEM('',(#4223),#4224);
#1231=STYLED_ITEM('',(#4225),#4226);
#1232=STYLED_ITEM('',(#4227),#4228);
#1233=STYLED_ITEM('',(#4229),#4230);
#1234=STYLED_ITEM('',(#4231),#4232);
#1235=STYLED_ITEM('',(#4233),#4234);
#1236=STYLED_ITEM('',(#4235),#4236);
#1237=STYLED_ITEM('',(#4237),#4238);
#1238=STYLED_ITEM('',(#4239),#4240);
#1239=STYLED_ITEM('',(#4241),#4242);
#1240=STYLED_ITEM('',(#4243),#4244);
#1241=STYLED_ITEM('',(#4245),#4246);
#1242=STYLED_ITEM('',(#4247),#4248);
#1243=STYLED_ITEM('',(#4249),#4250);
#1244=STYLED_ITEM('',(#4251),#4252);
#1245=STYLED_ITEM('',(#4253),#4254);
#1246=STYLED_ITEM('',(#4255),#4256);
#1247=STYLED_ITEM('',(#4257),#4258);
#1248=STYLED_ITEM('',(#4259),#4260);
#1249=STYLED_ITEM('',(#4261),#4262);
#1250=STYLED_ITEM('',(#4263),#4264);
#1251=STYLED_ITEM('',(#4265),#4266);
#1252=STYLED_ITEM('',(#4267),#4268);
#1253=STYLED_ITEM('',(#4269),#4270);
#1254=STYLED_ITEM('',(#4271),#4272);
#1255=STYLED_ITEM('',(#4273),#4274);
#1256=STYLED_ITEM('',(#4275),#4276);
#1257=STYLED_ITEM('',(#4277),#4278);
#1258=STYLED_ITEM('',(#4279),#4280);
#1259=STYLED_ITEM('',(#4281),#4282);
#1260=STYLED_ITEM('',(#4283),#4284);
#1261=STYLED_ITEM('',(#4285),#4286);
#1262=STYLED_ITEM('',(#4287),#4288);
#1263=STYLED_ITEM('',(#4289),#4290);
#1264=STYLED_ITEM('',(#4291),#4292);
#1265=STYLED_ITEM('',(#4293),#4294);
#1266=STYLED_ITEM('',(#4295),#4296);
#1267=STYLED_ITEM('',(#4297),#4298);
#1268=STYLED_ITEM('',(#4299),#4300);
#1269=STYLED_ITEM('',(#4301),#4302);
#1270=STYLED_ITEM('',(#4303),#4304);
#1271=STYLED_ITEM('',(#4305),#4306);
#1272=STYLED_ITEM('',(#4307),#4308);
#1273=STYLED_ITEM('',(#4309),#4310);
#1274=STYLED_ITEM('',(#4311),#4312);
#1275=STYLED_ITEM('',(#4313),#4314);
#1276=STYLED_ITEM('',(#4315),#4316);
#1277=STYLED_ITEM('',(#4317),#4318);
#1278=STYLED_ITEM('',(#4319),#4320);
#1279=STYLED_ITEM('',(#4321),#4322);
#1280=STYLED_ITEM('',(#4323),#4324);
#1281=STYLED_ITEM('',(#4325),#4326);
#1282=STYLED_ITEM('',(#4327),#4328);
#1283=STYLED_ITEM('',(#4329),#4330);
#1284=STYLED_ITEM('',(#4331),#4332);
#1285=STYLED_ITEM('',(#4333),#4334);
#1286=STYLED_ITEM('',(#4335),#4336);
#1287=STYLED_ITEM('',(#4337),#4338);
#1288=STYLED_ITEM('',(#4339),#4340);
#1289=STYLED_ITEM('',(#4341),#4342);
#1290=STYLED_ITEM('',(#4343),#4344);
#1291=STYLED_ITEM('',(#4345),#4346);
#1292=STYLED_ITEM('',(#4347),#4348);
#1293=STYLED_ITEM('',(#4349),#4350);
#1294=STYLED_ITEM('',(#4351),#4352);
#1295=STYLED_ITEM('',(#4353),#4354);
#1296=STYLED_ITEM('',(#4355),#4356);
#1297=STYLED_ITEM('',(#4357),#4358);
#1298=STYLED_ITEM('',(#4359),#4360);
#1299=STYLED_ITEM('',(#4361),#4362);
#1300=STYLED_ITEM('',(#4363),#4364);
#1301=STYLED_ITEM('',(#4365),#4366);
#1302=STYLED_ITEM('',(#4367),#4368);
#1303=STYLED_ITEM('',(#4369),#4370);
#1304=STYLED_ITEM('',(#4371),#4372);
#1305=STYLED_ITEM('',(#4373),#4374);
#1306=STYLED_ITEM('',(#4375),#4376);
#1307=STYLED_ITEM('',(#4377),#4378);
#1308=STYLED_ITEM('',(#4379),#4380);
#1309=STYLED_ITEM('',(#4381),#4382);
#1310=STYLED_ITEM('',(#4383),#4384);
#1311=STYLED_ITEM('',(#4385),#4386);
#1312=STYLED_ITEM('',(#4387),#4388);
#1313=STYLED_ITEM('',(#4389),#4390);
#1314=STYLED_ITEM('',(#4391),#4392);
#1315=STYLED_ITEM('',(#4393),#4394);
#1316=STYLED_ITEM('',(#4395),#4396);
#1317=STYLED_ITEM('',(#4397),#4398);
#1318=STYLED_ITEM('',(#4399),#4400);
#1319=STYLED_ITEM('',(#4401),#4402);
#1320=STYLED_ITEM('',(#4403),#4404);
#1321=STYLED_ITEM('',(#4405),#4406);
#1322=STYLED_ITEM('',(#4407),#4408);
#1323=STYLED_ITEM('',(#4409),#4410);
#1324=STYLED_ITEM('',(#4411),#4412);
#1325=STYLED_ITEM('',(#4413),#4414);
#1326=STYLED_ITEM('',(#4415),#4416);
#1327=STYLED_ITEM('',(#4417),#4418);
#1328=STYLED_ITEM('',(#4419),#4420);
#1329=STYLED_ITEM('',(#4421),#4422);
#1330=STYLED_ITEM('',(#4423),#4424);
#1331=STYLED_ITEM('',(#4425),#4426);
#1332=STYLED_ITEM('',(#4427),#4428);
#1333=STYLED_ITEM('',(#4429),#4430);
#1334=STYLED_ITEM('',(#4431),#4432);
#1335=STYLED_ITEM('',(#4433),#4434);
#1336=STYLED_ITEM('',(#4435),#4436);
#1337=STYLED_ITEM('',(#4437),#4438);
#1338=STYLED_ITEM('',(#4439),#4440);
#1339=STYLED_ITEM('',(#4441),#4442);
#1340=STYLED_ITEM('',(#4443),#4444);
#1341=STYLED_ITEM('',(#4445),#4446);
#1342=STYLED_ITEM('',(#4447),#4448);
#1343=STYLED_ITEM('',(#4449),#4450);
#1344=STYLED_ITEM('',(#4451),#4452);
#1345=STYLED_ITEM('',(#4453),#4454);
#1346=STYLED_ITEM('',(#4455),#4456);
#1347=STYLED_ITEM('',(#4457),#4458);
#1348=STYLED_ITEM('',(#4459),#4460);
#1349=STYLED_ITEM('',(#4461),#4462);
#1350=STYLED_ITEM('',(#4463),#4464);
#1351=STYLED_ITEM('',(#4465),#4466);
#1352=STYLED_ITEM('',(#4467),#4468);
#1353=STYLED_ITEM('',(#4469),#4470);
#1354=STYLED_ITEM('',(#4471),#4472);
#1355=STYLED_ITEM('',(#4473),#4474);
#1356=STYLED_ITEM('',(#4475),#4476);
#1357=STYLED_ITEM('',(#4477),#4478);
#1358=STYLED_ITEM('',(#4479),#4480);
#1359=STYLED_ITEM('',(#4481),#4482);
#1360=STYLED_ITEM('',(#4483),#4484);
#1361=STYLED_ITEM('',(#4485),#4486);
#1362=STYLED_ITEM('',(#4487),#4488);
#1363=STYLED_ITEM('',(#4489),#4490);
#1364=STYLED_ITEM('',(#4491),#4492);
#1365=STYLED_ITEM('',(#4493),#4494);
#1366=STYLED_ITEM('',(#4495),#4496);
#1367=STYLED_ITEM('',(#4497),#4498);
#1368=STYLED_ITEM('',(#4499),#4500);
#1369=STYLED_ITEM('',(#4501),#4502);
#1370=STYLED_ITEM('',(#4503),#4504);
#1371=STYLED_ITEM('',(#4505),#4506);
#1372=STYLED_ITEM('',(#4507),#4508);
#1373=STYLED_ITEM('',(#4509),#4510);
#1374=STYLED_ITEM('',(#4511),#4512);
#1375=STYLED_ITEM('',(#4513),#4514);
#1376=STYLED_ITEM('',(#4515),#4516);
#1377=STYLED_ITEM('',(#4517),#4518);
#1378=STYLED_ITEM('',(#4519),#4520);
#1379=STYLED_ITEM('',(#4521),#4522);
#1380=STYLED_ITEM('',(#4523),#4524);
#1381=STYLED_ITEM('',(#4525),#4526);
#1382=STYLED_ITEM('',(#4527),#4528);
#1383=STYLED_ITEM('',(#4529),#4530);
#1384=STYLED_ITEM('',(#4531),#4532);
#1385=STYLED_ITEM('',(#4533),#4534);
#1386=STYLED_ITEM('',(#4535),#4536);
#1387=STYLED_ITEM('',(#4537),#4538);
#1388=STYLED_ITEM('',(#4539),#4540);
#1389=STYLED_ITEM('',(#4541),#4542);
#1390=STYLED_ITEM('',(#4543),#4544);
#1391=STYLED_ITEM('',(#4545),#4546);
#1392=STYLED_ITEM('',(#4547),#4548);
#1393=STYLED_ITEM('',(#4549),#4550);
#1394=STYLED_ITEM('',(#4551),#4552);
#1395=STYLED_ITEM('',(#4553),#4554);
#1396=STYLED_ITEM('',(#4555),#4556);
#1397=STYLED_ITEM('',(#4557),#4558);
#1398=STYLED_ITEM('',(#4559),#4560);
#1399=STYLED_ITEM('',(#4561),#4562);
#1400=STYLED_ITEM('',(#4563),#4564);
#1401=STYLED_ITEM('',(#4565),#4566);
#1402=STYLED_ITEM('',(#4567),#4568);
#1403=STYLED_ITEM('',(#4569),#4570);
#1404=STYLED_ITEM('',(#4571),#4572);
#1405=STYLED_ITEM('',(#4573),#4574);
#1406=STYLED_ITEM('',(#4575),#4576);
#1407=STYLED_ITEM('',(#4577),#4578);
#1408=STYLED_ITEM('',(#4579),#4580);
#1409=STYLED_ITEM('',(#4581),#4582);
#1410=STYLED_ITEM('',(#4583),#4584);
#1411=STYLED_ITEM('',(#4585),#4586);
#1412=STYLED_ITEM('',(#4587),#4588);
#1413=STYLED_ITEM('',(#4589),#4590);
#1414=STYLED_ITEM('',(#4591),#4592);
#1415=STYLED_ITEM('',(#4593),#4594);
#1416=STYLED_ITEM('',(#4595),#4596);
#1417=STYLED_ITEM('',(#4597),#4598);
#1418=STYLED_ITEM('',(#4599),#4600);
#1419=STYLED_ITEM('',(#4601),#4602);
#1420=STYLED_ITEM('',(#4603),#4604);
#1421=STYLED_ITEM('',(#4605),#4606);
#1422=STYLED_ITEM('',(#4607),#4608);
#1423=STYLED_ITEM('',(#4609),#4610);
#1424=STYLED_ITEM('',(#4611),#4612);
#1425=STYLED_ITEM('',(#4613),#4614);
#1426=STYLED_ITEM('',(#4615),#4616);
#1427=STYLED_ITEM('',(#4617),#4618);
#1428=STYLED_ITEM('',(#4619),#4620);
#1429=STYLED_ITEM('',(#4621),#4622);
#1430=STYLED_ITEM('',(#4623),#4624);
#1431=STYLED_ITEM('',(#4625),#4626);
#1432=STYLED_ITEM('',(#4627),#4628);
#1433=STYLED_ITEM('',(#4629),#4630);
#1434=STYLED_ITEM('',(#4631),#4632);
#1435=STYLED_ITEM('',(#4633),#4634);
#1436=STYLED_ITEM('',(#4635),#4636);
#1437=STYLED_ITEM('',(#4637),#4638);
#1438=STYLED_ITEM('',(#4639),#4640);
#1439=STYLED_ITEM('',(#4641),#4642);
#1440=STYLED_ITEM('',(#4643),#4644);
#1441=STYLED_ITEM('',(#4645),#4646);
#1442=STYLED_ITEM('',(#4647),#4648);
#1443=STYLED_ITEM('',(#4649),#4650);
#1444=STYLED_ITEM('',(#4651),#4652);
#1445=STYLED_ITEM('',(#4653),#4654);
#1446=STYLED_ITEM('',(#4655),#4656);
#1447=STYLED_ITEM('',(#4657),#4658);
#1448=STYLED_ITEM('',(#4659),#4660);
#1449=STYLED_ITEM('',(#4661),#4662);
#1450=STYLED_ITEM('',(#4663),#4664);
#1451=STYLED_ITEM('',(#4665),#4666);
#1452=STYLED_ITEM('',(#4667),#4668);
#1453=STYLED_ITEM('',(#4669),#4670);
#1454=STYLED_ITEM('',(#4671),#4672);
#1455=STYLED_ITEM('',(#4673),#4674);
#1456=STYLED_ITEM('',(#4675),#4676);
#1457=STYLED_ITEM('',(#4677),#4678);
#1458=STYLED_ITEM('',(#4679),#4680);
#1459=STYLED_ITEM('',(#4681),#4682);
#1460=STYLED_ITEM('',(#4683),#4684);
#1461=STYLED_ITEM('',(#4685),#4686);
#1462=STYLED_ITEM('',(#4687),#4688);
#1463=STYLED_ITEM('',(#4689),#4690);
#1464=STYLED_ITEM('',(#4691),#4692);
#1465=STYLED_ITEM('',(#4693),#4694);
#1466=STYLED_ITEM('',(#4695),#4696);
#1467=STYLED_ITEM('',(#4697),#4698);
#1468=STYLED_ITEM('',(#4699),#4700);
#1469=STYLED_ITEM('',(#4701),#4702);
#1470=STYLED_ITEM('',(#4703),#4704);
#1471=STYLED_ITEM('',(#4705),#4706);
#1472=STYLED_ITEM('',(#4707),#4708);
#1473=STYLED_ITEM('',(#4709),#4710);
#1474=STYLED_ITEM('',(#4711),#4712);
#1475=STYLED_ITEM('',(#4713),#4714);
#1476=STYLED_ITEM('',(#4715),#4716);
#1477=STYLED_ITEM('',(#4717),#4718);
#1478=STYLED_ITEM('',(#4719),#4720);
#1479=STYLED_ITEM('',(#4721),#4722);
#1480=STYLED_ITEM('',(#4723),#4724);
#1481=STYLED_ITEM('',(#4725),#4726);
#1482=STYLED_ITEM('',(#4727),#4728);
#1483=STYLED_ITEM('',(#4729),#4730);
#1484=STYLED_ITEM('',(#4731),#4732);
#1485=STYLED_ITEM('',(#4733),#4734);
#1486=STYLED_ITEM('',(#4735),#4736);
#1487=STYLED_ITEM('',(#4737),#4738);
#1488=STYLED_ITEM('',(#4739),#4740);
#1489=STYLED_ITEM('',(#4741),#4742);
#1490=STYLED_ITEM('',(#4743),#4744);
#1491=STYLED_ITEM('',(#4745),#4746);
#1492=STYLED_ITEM('',(#4747),#4748);
#1493=STYLED_ITEM('',(#4749),#4750);
#1494=STYLED_ITEM('',(#4751),#4752);
#1495=STYLED_ITEM('',(#4753),#4754);
#1496=STYLED_ITEM('',(#4755),#4756);
#1497=STYLED_ITEM('',(#4757),#4758);
#1498=STYLED_ITEM('',(#4759),#4760);
#1499=STYLED_ITEM('',(#4761),#4762);
#1500=STYLED_ITEM('',(#4763),#4764);
#1501=STYLED_ITEM('',(#4765),#4766);
#1502=STYLED_ITEM('',(#4767),#4768);
#1503=STYLED_ITEM('',(#4769),#4770);
#1504=STYLED_ITEM('',(#4771),#4772);
#1505=STYLED_ITEM('',(#4773),#4774);
#1506=STYLED_ITEM('',(#4775),#4776);
#1507=STYLED_ITEM('',(#4777),#4778);
#1508=STYLED_ITEM('',(#4779),#4780);
#1509=STYLED_ITEM('',(#4781),#4782);
#1510=STYLED_ITEM('',(#4783),#4784);
#1511=STYLED_ITEM('',(#4785),#4786);
#1512=STYLED_ITEM('',(#4787),#4788);
#1513=STYLED_ITEM('',(#4789),#4790);
#1514=STYLED_ITEM('',(#4791),#4792);
#1515=STYLED_ITEM('',(#4793),#4794);
#1516=STYLED_ITEM('',(#4795),#4796);
#1517=STYLED_ITEM('',(#4797),#4798);
#1518=STYLED_ITEM('',(#4799),#4800);
#1519=STYLED_ITEM('',(#4801),#4802);
#1520=STYLED_ITEM('',(#4803),#4804);
#1521=STYLED_ITEM('',(#4805),#4806);
#1522=STYLED_ITEM('',(#4807),#4808);
#1523=STYLED_ITEM('',(#4809),#4810);
#1524=STYLED_ITEM('',(#4811),#4812);
#1525=STYLED_ITEM('',(#4813),#4814);
#1526=STYLED_ITEM('',(#4815),#4816);
#1527=STYLED_ITEM('',(#4817),#4818);
#1528=STYLED_ITEM('',(#4819),#4820);
#1529=STYLED_ITEM('',(#4821),#4822);
#1530=STYLED_ITEM('',(#4823),#4824);
#1531=STYLED_ITEM('',(#4825),#4826);
#1532=STYLED_ITEM('',(#4827),#4828);
#1533=STYLED_ITEM('',(#4829),#4830);
#1534=STYLED_ITEM('',(#4831),#4832);
#1535=STYLED_ITEM('',(#4833),#4834);
#1536=STYLED_ITEM('',(#4835),#4836);
#1537=STYLED_ITEM('',(#4837),#4838);
#1538=STYLED_ITEM('',(#4839),#4840);
#1539=STYLED_ITEM('',(#4841),#4842);
#1540=STYLED_ITEM('',(#4843),#4844);
#1541=STYLED_ITEM('',(#4845),#4846);
#1542=STYLED_ITEM('',(#4847),#4848);
#1543=STYLED_ITEM('',(#4849),#4850);
#1544=STYLED_ITEM('',(#4851),#4852);
#1545=STYLED_ITEM('',(#4853),#4854);
#1546=STYLED_ITEM('',(#4855),#4856);
#1547=STYLED_ITEM('',(#4857),#4858);
#1548=STYLED_ITEM('',(#4859),#4860);
#1549=STYLED_ITEM('',(#4861),#4862);
#1550=STYLED_ITEM('',(#4863),#4864);
#1551=STYLED_ITEM('',(#4865),#4866);
#1552=STYLED_ITEM('',(#4867),#4868);
#1553=STYLED_ITEM('',(#4869),#4870);
#1554=STYLED_ITEM('',(#4871),#4872);
#1555=STYLED_ITEM('',(#4873),#4874);
#1556=STYLED_ITEM('',(#4875),#4876);
#1557=STYLED_ITEM('',(#4877),#4878);
#1558=STYLED_ITEM('',(#4879),#4880);
#1559=STYLED_ITEM('',(#4881),#4882);
#1560=STYLED_ITEM('',(#4883),#4884);
#1561=STYLED_ITEM('',(#4885),#4886);
#1562=STYLED_ITEM('',(#4887),#4888);
#1563=STYLED_ITEM('',(#4889),#4890);
#1564=STYLED_ITEM('',(#4891),#4892);
#1565=STYLED_ITEM('',(#4893),#4894);
#1566=STYLED_ITEM('',(#4895),#4896);
#1567=STYLED_ITEM('',(#4897),#4898);
#1568=STYLED_ITEM('',(#4899),#4900);
#1569=STYLED_ITEM('',(#4901),#4902);
#1570=STYLED_ITEM('',(#4903),#4904);
#1571=STYLED_ITEM('',(#4905),#4906);
#1572=STYLED_ITEM('',(#4907),#4908);
#1573=STYLED_ITEM('',(#4909),#4910);
#1574=STYLED_ITEM('',(#4911),#4912);
#1575=STYLED_ITEM('',(#4913),#4914);
#1576=STYLED_ITEM('',(#4915),#4916);
#1577=STYLED_ITEM('',(#4917),#4918);
#1578=STYLED_ITEM('',(#4919),#4920);
#1579=STYLED_ITEM('',(#4921),#4922);
#1580=STYLED_ITEM('',(#4923),#4924);
#1581=STYLED_ITEM('',(#4925),#4926);
#1582=STYLED_ITEM('',(#4927),#4928);
#1583=STYLED_ITEM('',(#4929),#4930);
#1584=STYLED_ITEM('',(#4931),#4932);
#1585=STYLED_ITEM('',(#4933),#4934);
#1586=STYLED_ITEM('',(#4935),#4936);
#1587=STYLED_ITEM('',(#4937),#4938);
#1588=STYLED_ITEM('',(#4939),#4940);
#1589=STYLED_ITEM('',(#4941),#4942);
#1590=STYLED_ITEM('',(#4943),#4944);
#1591=STYLED_ITEM('',(#4945),#4946);
#1592=STYLED_ITEM('',(#4947),#4948);
#1593=STYLED_ITEM('',(#4949),#4950);
#1594=STYLED_ITEM('',(#4951),#4952);
#1595=STYLED_ITEM('',(#4953),#4954);
#1596=STYLED_ITEM('',(#4955),#4956);
#1597=STYLED_ITEM('',(#4957),#4958);
#1598=STYLED_ITEM('',(#4959),#4960);
#1599=STYLED_ITEM('',(#4961),#4962);
#1600=STYLED_ITEM('',(#4963),#4964);
#1601=STYLED_ITEM('',(#4965),#4966);
#1602=STYLED_ITEM('',(#4967),#4968);
#1603=STYLED_ITEM('',(#4969),#4970);
#1604=STYLED_ITEM('',(#4971),#4972);
#1605=STYLED_ITEM('',(#4973),#4974);
#1606=STYLED_ITEM('',(#4975),#4976);
#1607=STYLED_ITEM('',(#4977),#4978);
#1608=STYLED_ITEM('',(#4979),#4980);
#1609=STYLED_ITEM('',(#4981),#4982);
#1610=STYLED_ITEM('',(#4983),#4984);
#1611=STYLED_ITEM('',(#4985),#4986);
#1612=STYLED_ITEM('',(#4987),#4988);
#1613=STYLED_ITEM('',(#4989),#4990);
#1614=STYLED_ITEM('',(#4991),#4992);
#1615=STYLED_ITEM('',(#4993),#4994);
#1616=STYLED_ITEM('',(#4995),#4996);
#1617=STYLED_ITEM('',(#4997),#4998);
#1618=STYLED_ITEM('',(#4999),#5000);
#1619=STYLED_ITEM('',(#5001),#5002);
#1620=STYLED_ITEM('',(#5003),#5004);
#1621=STYLED_ITEM('',(#5005),#5006);
#1622=STYLED_ITEM('',(#5007),#5008);
#1623=STYLED_ITEM('',(#5009),#5010);
#1624=STYLED_ITEM('',(#5011),#5012);
#1625=STYLED_ITEM('',(#5013),#5014);
#1626=STYLED_ITEM('',(#5015),#5016);
#1627=STYLED_ITEM('',(#5017),#5018);
#1628=STYLED_ITEM('',(#5019),#5020);
#1629=STYLED_ITEM('',(#5021),#5022);
#1630=STYLED_ITEM('',(#5023),#5024);
#1631=STYLED_ITEM('',(#5025),#5026);
#1632=STYLED_ITEM('',(#5027),#5028);
#1633=STYLED_ITEM('',(#5029),#5030);
#1634=STYLED_ITEM('',(#5031),#5032);
#1635=STYLED_ITEM('',(#5033),#5034);
#1636=STYLED_ITEM('',(#5035),#5036);
#1637=STYLED_ITEM('',(#5037),#5038);
#1638=STYLED_ITEM('',(#5039),#5040);
#1639=STYLED_ITEM('',(#5041),#5042);
#1640=STYLED_ITEM('',(#5043),#5044);
#1641=STYLED_ITEM('',(#5045),#5046);
#1642=STYLED_ITEM('',(#5047),#5048);
#1643=STYLED_ITEM('',(#5049),#5050);
#1644=STYLED_ITEM('',(#5051),#5052);
#1645=STYLED_ITEM('',(#5053),#5054);
#1646=STYLED_ITEM('',(#5055),#5056);
#1647=STYLED_ITEM('',(#5057),#5058);
#1648=STYLED_ITEM('',(#5059),#5060);
#1649=STYLED_ITEM('',(#5061),#5062);
#1650=STYLED_ITEM('',(#5063),#5064);
#1651=STYLED_ITEM('',(#5065),#5066);
#1652=STYLED_ITEM('',(#5067),#5068);
#1653=STYLED_ITEM('',(#5069),#5070);
#1654=STYLED_ITEM('',(#5071),#5072);
#1655=STYLED_ITEM('',(#5073),#5074);
#1656=STYLED_ITEM('',(#5075),#5076);
#1657=STYLED_ITEM('',(#5077),#5078);
#1658=STYLED_ITEM('',(#5079),#5080);
#1659=STYLED_ITEM('',(#5081),#5082);
#1660=STYLED_ITEM('',(#5083),#5084);
#1661=STYLED_ITEM('',(#5085),#5086);
#1662=STYLED_ITEM('',(#5087),#5088);
#1663=STYLED_ITEM('',(#5089),#5090);
#1664=STYLED_ITEM('',(#5091),#5092);
#1665=STYLED_ITEM('',(#5093),#5094);
#1666=STYLED_ITEM('',(#5095),#5096);
#1667=STYLED_ITEM('',(#5097),#5098);
#1668=STYLED_ITEM('',(#5099),#5100);
#1669=STYLED_ITEM('',(#5101),#5102);
#1670=STYLED_ITEM('',(#5103),#5104);
#1671=STYLED_ITEM('',(#5105),#5106);
#1672=STYLED_ITEM('',(#5107),#5108);
#1673=STYLED_ITEM('',(#5109),#5110);
#1674=STYLED_ITEM('',(#5111),#5112);
#1675=STYLED_ITEM('',(#5113),#5114);
#1676=STYLED_ITEM('',(#5115),#5116);
#1677=STYLED_ITEM('',(#5117),#5118);
#1678=STYLED_ITEM('',(#5119),#5120);
#1679=STYLED_ITEM('',(#5121),#5122);
#1680=STYLED_ITEM('',(#5123),#5124);
#1681=STYLED_ITEM('',(#5125),#5126);
#1682=STYLED_ITEM('',(#5127),#5128);
#1683=STYLED_ITEM('',(#5129),#5130);
#1684=STYLED_ITEM('',(#5131),#5132);
#1685=STYLED_ITEM('',(#5133),#5134);
#1686=STYLED_ITEM('',(#5135),#5136);
#1687=STYLED_ITEM('',(#5137),#5138);
#1688=STYLED_ITEM('',(#5139),#5140);
#1689=STYLED_ITEM('',(#5141),#5142);
#1690=STYLED_ITEM('',(#5143),#5144);
#1691=STYLED_ITEM('',(#5145),#5146);
#1692=STYLED_ITEM('',(#5147),#5148);
#1693=STYLED_ITEM('',(#5149),#5150);
#1694=STYLED_ITEM('',(#5151),#5152);
#1695=STYLED_ITEM('',(#5153),#5154);
#1696=STYLED_ITEM('',(#5155),#5156);
#1697=STYLED_ITEM('',(#5157),#5158);
#1698=STYLED_ITEM('',(#5159),#5160);
#1699=STYLED_ITEM('',(#5161),#5162);
#1700=STYLED_ITEM('',(#5163),#5164);
#1701=STYLED_ITEM('',(#5165),#5166);
#1702=STYLED_ITEM('',(#5167),#5168);
#1703=STYLED_ITEM('',(#5169),#5170);
#1704=STYLED_ITEM('',(#5171),#5172);
#1705=STYLED_ITEM('',(#5173),#5174);
#1706=STYLED_ITEM('',(#5175),#5176);
#1707=STYLED_ITEM('',(#5177),#5178);
#1708=STYLED_ITEM('',(#5179),#5180);
#1709=STYLED_ITEM('',(#5181),#5182);
#1710=STYLED_ITEM('',(#5183),#5184);
#1711=STYLED_ITEM('',(#5185),#5186);
#1712=STYLED_ITEM('',(#5187),#5188);
#1713=STYLED_ITEM('',(#5189),#5190);
#1714=STYLED_ITEM('',(#5191),#5192);
#1715=STYLED_ITEM('',(#5193),#5194);
#1716=STYLED_ITEM('',(#5195),#5196);
#1717=STYLED_ITEM('',(#5197),#5198);
#1718=STYLED_ITEM('',(#5199),#5200);
#1719=STYLED_ITEM('',(#5201),#5202);
#1720=STYLED_ITEM('',(#5203),#5204);
#1721=STYLED_ITEM('',(#5205),#5206);
#1722=STYLED_ITEM('',(#5207),#5208);
#1723=STYLED_ITEM('',(#5209),#5210);
#1724=STYLED_ITEM('',(#5211),#5212);
#1725=STYLED_ITEM('',(#5213),#5214);
#1726=STYLED_ITEM('',(#5215),#5216);
#1727=STYLED_ITEM('',(#5217),#5218);
#1728=STYLED_ITEM('',(#5219),#5220);
#1729=STYLED_ITEM('',(#5221),#5222);
#1730=STYLED_ITEM('',(#5223),#5224);
#1731=STYLED_ITEM('',(#5225),#5226);
#1732=STYLED_ITEM('',(#5227),#5228);
#1733=STYLED_ITEM('',(#5229),#5230);
#1734=STYLED_ITEM('',(#5231),#5232);
#1735=STYLED_ITEM('',(#5233),#5234);
#1736=STYLED_ITEM('',(#5235),#5236);
#1737=STYLED_ITEM('',(#5237),#5238);
#1738=STYLED_ITEM('',(#5239),#5240);
#1739=STYLED_ITEM('',(#5241),#5242);
#1740=STYLED_ITEM('',(#5243),#5244);
#1741=STYLED_ITEM('',(#5245),#5246);
#1742=STYLED_ITEM('',(#5247),#5248);
#1743=STYLED_ITEM('',(#5249),#5250);
#1744=STYLED_ITEM('',(#5251),#5252);
#1745=STYLED_ITEM('',(#5253),#5254);
#1746=STYLED_ITEM('',(#5255),#5256);
#1747=STYLED_ITEM('',(#5257),#5258);
#1748=STYLED_ITEM('',(#5259),#5260);
#1749=STYLED_ITEM('',(#5261),#5262);
#1750=STYLED_ITEM('',(#5263),#5264);
#1751=STYLED_ITEM('',(#5265),#5266);
#1752=STYLED_ITEM('',(#5267),#5268);
#1753=STYLED_ITEM('',(#5269),#5270);
#1754=STYLED_ITEM('',(#5271),#5272);
#1755=STYLED_ITEM('',(#5273),#5274);
#1756=STYLED_ITEM('',(#5275),#5276);
#1757=STYLED_ITEM('',(#5277),#5278);
#1758=STYLED_ITEM('',(#5279),#5280);
#1759=STYLED_ITEM('',(#5281),#5282);
#1760=STYLED_ITEM('',(#5283),#5284);
#1761=STYLED_ITEM('',(#5285),#5286);
#1762=STYLED_ITEM('',(#5287),#5288);
#1763=STYLED_ITEM('',(#5289),#5290);
#1764=STYLED_ITEM('',(#5291),#5292);
#1765=STYLED_ITEM('',(#5293),#5294);
#1766=STYLED_ITEM('',(#5295),#5296);
#1767=STYLED_ITEM('',(#5297),#5298);
#1768=STYLED_ITEM('',(#5299),#5300);
#1769=STYLED_ITEM('',(#5301),#5302);
#1770=APPLICATION_CONTEXT(' ');
#1771=PRODUCT_CATEGORY('part','NONE');
#1772=PRODUCT_RELATED_PRODUCT_CATEGORY('detail',' ',(#5303));
#1773=PRODUCT_DEFINITION_SHAPE('NONE','NONE',#5304);
#1774=ADVANCED_BREP_SHAPE_REPRESENTATION('1',(#5305,#5306),#6);
#1777=UNCERTAINTY_MEASURE_WITH_UNIT(LENGTH_MEASURE(1.0E-006),#1779,'','');
#1779= (CONVERSION_BASED_UNIT('MILLIMETRE',#5309)LENGTH_UNIT()NAMED_UNIT(#5312));
#1780= (NAMED_UNIT(#5314)PLANE_ANGLE_UNIT()SI_UNIT($,.RADIAN.));
#1781= (NAMED_UNIT(#5314)SOLID_ANGLE_UNIT()SI_UNIT($,.STERADIAN.));
#1783=PRESENTATION_STYLE_ASSIGNMENT((#5320));
#1784=ADVANCED_FACE('',(#5321),#5322,.F.);
#1785=PRESENTATION_STYLE_ASSIGNMENT((#5323));
#1786=VERTEX_POINT('',#5324);
#1787=PRESENTATION_STYLE_ASSIGNMENT((#5325));
#1788=VERTEX_POINT('',#5326);
#1789=PRESENTATION_STYLE_ASSIGNMENT((#5327));
#1790=ADVANCED_FACE('',(#5328),#5329,.F.);
#1791=PRESENTATION_STYLE_ASSIGNMENT((#5330));
#1792=VERTEX_POINT('',#5331);
#1793=PRESENTATION_STYLE_ASSIGNMENT((#5332));
#1794=EDGE_CURVE('',#3458,#2598,#5333,.T.);
#1795=PRESENTATION_STYLE_ASSIGNMENT((#5334));
#1796=EDGE_CURVE('',#4964,#5170,#5335,.T.);
#1797=PRESENTATION_STYLE_ASSIGNMENT((#5336));
#1798=ADVANCED_FACE('',(#5337),#5338,.F.);
#1799=PRESENTATION_STYLE_ASSIGNMENT((#5339));
#1800=VERTEX_POINT('',#5340);
#1801=PRESENTATION_STYLE_ASSIGNMENT((#5341));
#1802=VERTEX_POINT('',#5342);
#1803=PRESENTATION_STYLE_ASSIGNMENT((#5343));
#1804=EDGE_CURVE('',#4600,#3400,#5344,.T.);
#1805=PRESENTATION_STYLE_ASSIGNMENT((#5345));
#1806=VERTEX_POINT('',#5346);
#1807=PRESENTATION_STYLE_ASSIGNMENT((#5347));
#1808=EDGE_CURVE('',#3960,#2774,#5348,.T.);
#1809=PRESENTATION_STYLE_ASSIGNMENT((#5349));
#1810=EDGE_CURVE('',#1824,#2184,#5350,.T.);
#1811=PRESENTATION_STYLE_ASSIGNMENT((#5351));
#1812=EDGE_CURVE('',#2300,#2366,#5352,.T.);
#1813=PRESENTATION_STYLE_ASSIGNMENT((#5353));
#1814=ADVANCED_FACE('',(#5354),#5355,.F.);
#1815=PRESENTATION_STYLE_ASSIGNMENT((#5356));
#1816=VERTEX_POINT('',#5357);
#1817=PRESENTATION_STYLE_ASSIGNMENT((#5358));
#1818=ADVANCED_FACE('',(#5359),#5360,.T.);
#1819=PRESENTATION_STYLE_ASSIGNMENT((#5361));
#1820=ADVANCED_FACE('',(#5362),#5363,.T.);
#1821=PRESENTATION_STYLE_ASSIGNMENT((#5364));
#1822=EDGE_CURVE('',#5288,#5022,#5365,.T.);
#1823=PRESENTATION_STYLE_ASSIGNMENT((#5366));
#1824=VERTEX_POINT('',#5367);
#1825=PRESENTATION_STYLE_ASSIGNMENT((#5368));
#1826=ADVANCED_FACE('',(#5369),#5370,.T.);
#1827=PRESENTATION_STYLE_ASSIGNMENT((#5371));
#1828=EDGE_CURVE('',#4812,#2800,#5372,.T.);
#1829=PRESENTATION_STYLE_ASSIGNMENT((#5373));
#1830=VERTEX_POINT('',#5374);
#1831=PRESENTATION_STYLE_ASSIGNMENT((#5375));
#1832=EDGE_CURVE('',#2088,#4286,#5376,.T.);
#1833=PRESENTATION_STYLE_ASSIGNMENT((#5377));
#1834=ADVANCED_FACE('',(#5378),#5379,.T.);
#1835=PRESENTATION_STYLE_ASSIGNMENT((#5380));
#1836=EDGE_CURVE('',#3150,#2054,#5381,.T.);
#1837=PRESENTATION_STYLE_ASSIGNMENT((#5382));
#1838=VERTEX_POINT('',#5383);
#1839=PRESENTATION_STYLE_ASSIGNMENT((#5384));
#1840=VERTEX_POINT('',#5385);
#1841=PRESENTATION_STYLE_ASSIGNMENT((#5386));
#1842=VERTEX_POINT('',#5387);
#1843=PRESENTATION_STYLE_ASSIGNMENT((#5388));
#1844=ADVANCED_FACE('',(#5389),#5390,.F.);
#1845=PRESENTATION_STYLE_ASSIGNMENT((#5391));
#1846=VERTEX_POINT('',#5392);
#1847=PRESENTATION_STYLE_ASSIGNMENT((#5393));
#1848=EDGE_CURVE('',#2768,#2692,#5394,.T.);
#1849=PRESENTATION_STYLE_ASSIGNMENT((#5395));
#1850=EDGE_CURVE('',#4282,#3338,#5396,.T.);
#1851=PRESENTATION_STYLE_ASSIGNMENT((#5397));
#1852=VERTEX_POINT('',#5398);
#1853=PRESENTATION_STYLE_ASSIGNMENT((#5399));
#1854=VERTEX_POINT('',#5400);
#1855=PRESENTATION_STYLE_ASSIGNMENT((#5401));
#1856=ADVANCED_FACE('',(#5402),#5403,.T.);
#1857=PRESENTATION_STYLE_ASSIGNMENT((#5404));
#1858=ADVANCED_FACE('',(#5405),#5406,.F.);
#1859=PRESENTATION_STYLE_ASSIGNMENT((#5407));
#1860=EDGE_CURVE('',#2486,#2962,#5408,.T.);
#1861=PRESENTATION_STYLE_ASSIGNMENT((#5409));
#1862=EDGE_CURVE('',#2834,#2584,#5410,.T.);
#1863=PRESENTATION_STYLE_ASSIGNMENT((#5411));
#1864=EDGE_CURVE('',#1902,#3386,#5412,.T.);
#1865=PRESENTATION_STYLE_ASSIGNMENT((#5413));
#1866=VERTEX_POINT('',#5414);
#1867=PRESENTATION_STYLE_ASSIGNMENT((#5415));
#1868=EDGE_CURVE('',#3776,#3946,#5416,.T.);
#1869=PRESENTATION_STYLE_ASSIGNMENT((#5417));
#1870=ADVANCED_FACE('',(#5418),#5419,.T.);
#1871=PRESENTATION_STYLE_ASSIGNMENT((#5420));
#1872=EDGE_CURVE('',#4016,#3704,#5421,.T.);
#1873=PRESENTATION_STYLE_ASSIGNMENT((#5422));
#1874=EDGE_CURVE('',#3862,#1942,#5423,.T.);
#1875=PRESENTATION_STYLE_ASSIGNMENT((#5424));
#1876=VERTEX_POINT('',#5425);
#1877=PRESENTATION_STYLE_ASSIGNMENT((#5426));
#1878=VERTEX_POINT('',#5427);
#1879=PRESENTATION_STYLE_ASSIGNMENT((#5428));
#1880=EDGE_CURVE('',#3118,#1840,#5429,.T.);
#1881=PRESENTATION_STYLE_ASSIGNMENT((#5430));
#1882=EDGE_CURVE('',#4290,#4744,#5431,.T.);
#1883=PRESENTATION_STYLE_ASSIGNMENT((#5432));
#1884=VERTEX_POINT('',#5433);
#1885=PRESENTATION_STYLE_ASSIGNMENT((#5434));
#1886=VERTEX_POINT('',#5435);
#1887=PRESENTATION_STYLE_ASSIGNMENT((#5436));
#1888=VERTEX_POINT('',#5437);
#1889=PRESENTATION_STYLE_ASSIGNMENT((#5438));
#1890=ADVANCED_FACE('',(#5439),#5440,.T.);
#1891=PRESENTATION_STYLE_ASSIGNMENT((#5441));
#1892=ADVANCED_FACE('',(#5442),#5443,.F.);
#1893=PRESENTATION_STYLE_ASSIGNMENT((#5444));
#1894=EDGE_CURVE('',#4016,#4792,#5445,.T.);
#1895=PRESENTATION_STYLE_ASSIGNMENT((#5446));
#1896=EDGE_CURVE('',#1866,#4550,#5447,.T.);
#1897=PRESENTATION_STYLE_ASSIGNMENT((#5448));
#1898=EDGE_CURVE('',#4762,#3642,#5449,.T.);
#1899=PRESENTATION_STYLE_ASSIGNMENT((#5450));
#1900=EDGE_CURVE('',#3316,#5162,#5451,.T.);
#1901=PRESENTATION_STYLE_ASSIGNMENT((#5452));
#1902=VERTEX_POINT('',#5453);
#1903=PRESENTATION_STYLE_ASSIGNMENT((#5454));
#1904=ADVANCED_FACE('',(#5455),#5456,.F.);
#1905=PRESENTATION_STYLE_ASSIGNMENT((#5457));
#1906=VERTEX_POINT('',#5458);
#1907=PRESENTATION_STYLE_ASSIGNMENT((#5459));
#1908=EDGE_CURVE('',#2388,#2444,#5460,.T.);
#1909=PRESENTATION_STYLE_ASSIGNMENT((#5461));
#1910=EDGE_CURVE('',#3236,#4404,#5462,.T.);
#1911=PRESENTATION_STYLE_ASSIGNMENT((#5463));
#1912=EDGE_CURVE('',#2806,#2362,#5464,.T.);
#1913=PRESENTATION_STYLE_ASSIGNMENT((#5465));
#1914=VERTEX_POINT('',#5466);
#1915=PRESENTATION_STYLE_ASSIGNMENT((#5467));
#1916=ADVANCED_FACE('',(#5468),#5469,.F.);
#1917=PRESENTATION_STYLE_ASSIGNMENT((#5470));
#1918=EDGE_CURVE('',#4492,#3410,#5471,.T.);
#1919=PRESENTATION_STYLE_ASSIGNMENT((#5472));
#1920=VERTEX_POINT('',#5473);
#1921=PRESENTATION_STYLE_ASSIGNMENT((#5474));
#1922=EDGE_CURVE('',#4050,#3510,#5475,.T.);
#1923=PRESENTATION_STYLE_ASSIGNMENT((#5476));
#1924=VERTEX_POINT('',#5477);
#1925=PRESENTATION_STYLE_ASSIGNMENT((#5478));
#1926=VERTEX_POINT('',#5479);
#1927=PRESENTATION_STYLE_ASSIGNMENT((#5480));
#1928=VERTEX_POINT('',#5481);
#1929=PRESENTATION_STYLE_ASSIGNMENT((#5482));
#1930=VERTEX_POINT('',#5483);
#1931=PRESENTATION_STYLE_ASSIGNMENT((#5484));
#1932=VERTEX_POINT('',#5485);
#1933=PRESENTATION_STYLE_ASSIGNMENT((#5486));
#1934=VERTEX_POINT('',#5487);
#1935=PRESENTATION_STYLE_ASSIGNMENT((#5488));
#1936=EDGE_CURVE('',#2172,#2636,#5489,.T.);
#1937=PRESENTATION_STYLE_ASSIGNMENT((#5490));
#1938=VERTEX_POINT('',#5491);
#1939=PRESENTATION_STYLE_ASSIGNMENT((#5492));
#1940=VERTEX_POINT('',#5493);
#1941=PRESENTATION_STYLE_ASSIGNMENT((#5494));
#1942=VERTEX_POINT('',#5495);
#1943=PRESENTATION_STYLE_ASSIGNMENT((#5496));
#1944=VERTEX_POINT('',#5497);
#1945=PRESENTATION_STYLE_ASSIGNMENT((#5498));
#1946=EDGE_CURVE('',#3154,#2384,#5499,.T.);
#1947=PRESENTATION_STYLE_ASSIGNMENT((#5500));
#1948=EDGE_CURVE('',#4622,#2772,#5501,.T.);
#1949=PRESENTATION_STYLE_ASSIGNMENT((#5502));
#1950=EDGE_CURVE('',#3568,#1990,#5503,.T.);
#1951=PRESENTATION_STYLE_ASSIGNMENT((#5504));
#1952=ADVANCED_FACE('',(#5505),#5506,.T.);
#1953=PRESENTATION_STYLE_ASSIGNMENT((#5507));
#1954=ADVANCED_FACE('',(#5508),#5509,.T.);
#1955=PRESENTATION_STYLE_ASSIGNMENT((#5510));
#1956=EDGE_CURVE('',#4892,#1852,#5511,.T.);
#1957=PRESENTATION_STYLE_ASSIGNMENT((#5512));
#1958=ADVANCED_FACE('',(#5513),#5514,.F.);
#1959=PRESENTATION_STYLE_ASSIGNMENT((#5515));
#1960=EDGE_CURVE('',#2446,#2692,#5516,.T.);
#1961=PRESENTATION_STYLE_ASSIGNMENT((#5517));
#1962=ADVANCED_FACE('',(#5518,#5519),#5520,.F.);
#1963=PRESENTATION_STYLE_ASSIGNMENT((#5521));
#1964=VERTEX_POINT('',#5522);
#1965=PRESENTATION_STYLE_ASSIGNMENT((#5523));
#1966=ADVANCED_FACE('',(#5524),#5525,.T.);
#1967=PRESENTATION_STYLE_ASSIGNMENT((#5526));
#1968=ADVANCED_FACE('',(#5527),#5528,.T.);
#1969=PRESENTATION_STYLE_ASSIGNMENT((#5529));
#1970=ADVANCED_FACE('',(#5530),#5531,.F.);
#1971=PRESENTATION_STYLE_ASSIGNMENT((#5532));
#1972=VERTEX_POINT('',#5533);
#1973=PRESENTATION_STYLE_ASSIGNMENT((#5534));
#1974=ADVANCED_FACE('',(#5535),#5536,.T.);
#1975=PRESENTATION_STYLE_ASSIGNMENT((#5537));
#1976=EDGE_CURVE('',#4938,#2450,#5538,.T.);
#1977=PRESENTATION_STYLE_ASSIGNMENT((#5539));
#1978=EDGE_CURVE('',#3632,#2544,#5540,.T.);
#1979=PRESENTATION_STYLE_ASSIGNMENT((#5541));
#1980=EDGE_CURVE('',#5196,#3806,#5542,.T.);
#1981=PRESENTATION_STYLE_ASSIGNMENT((#5543));
#1982=EDGE_CURVE('',#5298,#5254,#5544,.T.);
#1983=PRESENTATION_STYLE_ASSIGNMENT((#5545));
#1984=EDGE_CURVE('',#4870,#4684,#5546,.T.);
#1985=PRESENTATION_STYLE_ASSIGNMENT((#5547));
#1986=ADVANCED_FACE('',(#5548),#5549,.T.);
#1987=PRESENTATION_STYLE_ASSIGNMENT((#5550));
#1988=EDGE_CURVE('',#4322,#3002,#5551,.T.);
#1989=PRESENTATION_STYLE_ASSIGNMENT((#5552));
#1990=VERTEX_POINT('',#5553);
#1991=PRESENTATION_STYLE_ASSIGNMENT((#5554));
#1992=VERTEX_POINT('',#5555);
#1993=PRESENTATION_STYLE_ASSIGNMENT((#5556));
#1994=ADVANCED_FACE('',(#5557),#5558,.F.);
#1995=PRESENTATION_STYLE_ASSIGNMENT((#5559));
#1996=EDGE_CURVE('',#4892,#3986,#5560,.T.);
#1997=PRESENTATION_STYLE_ASSIGNMENT((#5561));
#1998=EDGE_CURVE('',#4192,#4936,#5562,.T.);
#1999=PRESENTATION_STYLE_ASSIGNMENT((#5563));
#2000=EDGE_CURVE('',#1800,#3154,#5564,.T.);
#2001=PRESENTATION_STYLE_ASSIGNMENT((#5565));
#2002=VERTEX_POINT('',#5566);
#2003=PRESENTATION_STYLE_ASSIGNMENT((#5567));
#2004=EDGE_CURVE('',#5212,#2670,#5568,.T.);
#2005=PRESENTATION_STYLE_ASSIGNMENT((#5569));
#2006=ADVANCED_FACE('',(#5570),#5571,.T.);
#2007=PRESENTATION_STYLE_ASSIGNMENT((#5572));
#2008=ADVANCED_FACE('',(#5573,#5574),#5575,.F.);
#2009=PRESENTATION_STYLE_ASSIGNMENT((#5576));
#2010=VERTEX_POINT('',#5577);
#2011=PRESENTATION_STYLE_ASSIGNMENT((#5578));
#2012=EDGE_CURVE('',#1940,#2798,#5579,.T.);
#2013=PRESENTATION_STYLE_ASSIGNMENT((#5580));
#2014=EDGE_CURVE('',#2554,#2950,#5581,.T.);
#2015=PRESENTATION_STYLE_ASSIGNMENT((#5582));
#2016=VERTEX_POINT('',#5583);
#2017=PRESENTATION_STYLE_ASSIGNMENT((#5584));
#2018=VERTEX_POINT('',#5585);
#2019=PRESENTATION_STYLE_ASSIGNMENT((#5586));
#2020=EDGE_CURVE('',#3606,#1924,#5587,.T.);
#2021=PRESENTATION_STYLE_ASSIGNMENT((#5588));
#2022=VERTEX_POINT('',#5589);
#2023=PRESENTATION_STYLE_ASSIGNMENT((#5590));
#2024=EDGE_CURVE('',#3026,#4928,#5591,.T.);
#2025=PRESENTATION_STYLE_ASSIGNMENT((#5592));
#2026=EDGE_CURVE('',#3746,#2974,#5593,.T.);
#2027=PRESENTATION_STYLE_ASSIGNMENT((#5594));
#2028=VERTEX_POINT('',#5595);
#2029=PRESENTATION_STYLE_ASSIGNMENT((#5596));
#2030=EDGE_CURVE('',#3580,#3410,#5597,.T.);
#2031=PRESENTATION_STYLE_ASSIGNMENT((#5598));
#2032=EDGE_CURVE('',#2160,#3748,#5599,.T.);
#2033=PRESENTATION_STYLE_ASSIGNMENT((#5600));
#2034=EDGE_CURVE('',#2718,#3538,#5601,.T.);
#2035=PRESENTATION_STYLE_ASSIGNMENT((#5602));
#2036=EDGE_CURVE('',#4040,#3834,#5603,.T.);
#2037=PRESENTATION_STYLE_ASSIGNMENT((#5604));
#2038=VERTEX_POINT('',#5605);
#2039=PRESENTATION_STYLE_ASSIGNMENT((#5606));
#2040=VERTEX_POINT('',#5607);
#2041=PRESENTATION_STYLE_ASSIGNMENT((#5608));
#2042=EDGE_CURVE('',#2272,#3596,#5609,.T.);
#2043=PRESENTATION_STYLE_ASSIGNMENT((#5610));
#2044=EDGE_CURVE('',#3458,#2658,#5611,.T.);
#2045=PRESENTATION_STYLE_ASSIGNMENT((#5612));
#2046=VERTEX_POINT('',#5613);
#2047=PRESENTATION_STYLE_ASSIGNMENT((#5614));
#2048=VERTEX_POINT('',#5615);
#2049=PRESENTATION_STYLE_ASSIGNMENT((#5616));
#2050=EDGE_CURVE('',#3180,#4792,#5617,.T.);
#2051=PRESENTATION_STYLE_ASSIGNMENT((#5618));
#2052=EDGE_CURVE('',#2802,#4412,#5619,.T.);
#2053=PRESENTATION_STYLE_ASSIGNMENT((#5620));
#2054=VERTEX_POINT('',#5621);
#2055=PRESENTATION_STYLE_ASSIGNMENT((#5622));
#2056=VERTEX_POINT('',#5623);
#2057=PRESENTATION_STYLE_ASSIGNMENT((#5624));
#2058=VERTEX_POINT('',#5625);
#2059=PRESENTATION_STYLE_ASSIGNMENT((#5626));
#2060=EDGE_CURVE('',#1944,#3996,#5627,.T.);
#2061=PRESENTATION_STYLE_ASSIGNMENT((#5628));
#2062=VERTEX_POINT('',#5629);
#2063=PRESENTATION_STYLE_ASSIGNMENT((#5630));
#2064=EDGE_CURVE('',#4940,#4326,#5631,.T.);
#2065=PRESENTATION_STYLE_ASSIGNMENT((#5632));
#2066=VERTEX_POINT('',#5633);
#2067=PRESENTATION_STYLE_ASSIGNMENT((#5634));
#2068=EDGE_CURVE('',#3778,#2898,#5635,.T.);
#2069=PRESENTATION_STYLE_ASSIGNMENT((#5636));
#2070=EDGE_CURVE('',#4818,#3026,#5637,.T.);
#2071=PRESENTATION_STYLE_ASSIGNMENT((#5638));
#2072=EDGE_CURVE('',#2022,#2796,#5639,.T.);
#2073=PRESENTATION_STYLE_ASSIGNMENT((#5640));
#2074=EDGE_CURVE('',#3026,#4388,#5641,.T.);
#2075=PRESENTATION_STYLE_ASSIGNMENT((#5642));
#2076=VERTEX_POINT('',#5643);
#2077=PRESENTATION_STYLE_ASSIGNMENT((#5644));
#2078=EDGE_CURVE('',#3728,#2144,#5645,.T.);
#2079=PRESENTATION_STYLE_ASSIGNMENT((#5646));
#2080=EDGE_CURVE('',#3480,#4886,#5647,.T.);
#2081=PRESENTATION_STYLE_ASSIGNMENT((#5648));
#2082=VERTEX_POINT('',#5649);
#2083=PRESENTATION_STYLE_ASSIGNMENT((#5650));
#2084=ADVANCED_FACE('',(#5651),#5652,.T.);
#2085=PRESENTATION_STYLE_ASSIGNMENT((#5653));
#2086=EDGE_CURVE('',#4048,#3722,#5654,.T.);
#2087=PRESENTATION_STYLE_ASSIGNMENT((#5655));
#2088=VERTEX_POINT('',#5656);
#2089=PRESENTATION_STYLE_ASSIGNMENT((#5657));
#2090=VERTEX_POINT('',#5658);
#2091=PRESENTATION_STYLE_ASSIGNMENT((#5659));
#2092=ADVANCED_FACE('',(#5660),#5661,.F.);
#2093=PRESENTATION_STYLE_ASSIGNMENT((#5662));
#2094=EDGE_CURVE('',#2280,#3718,#5663,.T.);
#2095=PRESENTATION_STYLE_ASSIGNMENT((#5664));
#2096=EDGE_CURVE('',#2532,#4180,#5665,.T.);
#2097=PRESENTATION_STYLE_ASSIGNMENT((#5666));
#2098=EDGE_CURVE('',#3766,#2018,#5667,.T.);
#2099=PRESENTATION_STYLE_ASSIGNMENT((#5668));
#2100=VERTEX_POINT('',#5669);
#2101=PRESENTATION_STYLE_ASSIGNMENT((#5670));
#2102=EDGE_CURVE('',#3080,#2196,#5671,.T.);
#2103=PRESENTATION_STYLE_ASSIGNMENT((#5672));
#2104=ADVANCED_FACE('',(#5673),#5674,.F.);
#2105=PRESENTATION_STYLE_ASSIGNMENT((#5675));
#2106=ADVANCED_FACE('',(#5676),#5677,.T.);
#2107=PRESENTATION_STYLE_ASSIGNMENT((#5678));
#2108=EDGE_CURVE('',#3932,#2298,#5679,.T.);
#2109=PRESENTATION_STYLE_ASSIGNMENT((#5680));
#2110=EDGE_CURVE('',#4008,#3932,#5681,.T.);
#2111=PRESENTATION_STYLE_ASSIGNMENT((#5682));
#2112=EDGE_CURVE('',#3808,#4802,#5683,.T.);
#2113=PRESENTATION_STYLE_ASSIGNMENT((#5684));
#2114=EDGE_CURVE('',#3710,#2702,#5685,.T.);
#2115=PRESENTATION_STYLE_ASSIGNMENT((#5686));
#2116=VERTEX_POINT('',#5687);
#2117=PRESENTATION_STYLE_ASSIGNMENT((#5688));
#2118=EDGE_CURVE('',#1878,#4842,#5689,.T.);
#2119=PRESENTATION_STYLE_ASSIGNMENT((#5690));
#2120=EDGE_CURVE('',#4048,#2350,#5691,.T.);
#2121=PRESENTATION_STYLE_ASSIGNMENT((#5692));
#2122=ADVANCED_FACE('',(#5693),#5694,.T.);
#2123=PRESENTATION_STYLE_ASSIGNMENT((#5695));
#2124=VERTEX_POINT('',#5696);
#2125=PRESENTATION_STYLE_ASSIGNMENT((#5697));
#2126=ADVANCED_FACE('',(#5698),#5699,.F.);
#2127=PRESENTATION_STYLE_ASSIGNMENT((#5700));
#2128=VERTEX_POINT('',#5701);
#2129=PRESENTATION_STYLE_ASSIGNMENT((#5702));
#2130=EDGE_CURVE('',#2696,#3236,#5703,.T.);
#2131=PRESENTATION_STYLE_ASSIGNMENT((#5704));
#2132=ADVANCED_FACE('',(#5705),#5706,.T.);
#2133=PRESENTATION_STYLE_ASSIGNMENT((#5707));
#2134=EDGE_CURVE('',#2836,#3588,#5708,.T.);
#2135=PRESENTATION_STYLE_ASSIGNMENT((#5709));
#2136=ADVANCED_FACE('',(#5710,#5711),#5712,.F.);
#2137=PRESENTATION_STYLE_ASSIGNMENT((#5713));
#2138=ADVANCED_FACE('',(#5714),#5715,.F.);
#2139=PRESENTATION_STYLE_ASSIGNMENT((#5716));
#2140=ADVANCED_FACE('',(#5717),#5718,.T.);
#2141=PRESENTATION_STYLE_ASSIGNMENT((#5719));
#2142=ADVANCED_FACE('',(#5720),#5721,.F.);
#2143=PRESENTATION_STYLE_ASSIGNMENT((#5722));
#2144=VERTEX_POINT('',#5723);
#2145=PRESENTATION_STYLE_ASSIGNMENT((#5724));
#2146=ADVANCED_FACE('',(#5725),#5726,.F.);
#2147=PRESENTATION_STYLE_ASSIGNMENT((#5727));
#2148=VERTEX_POINT('',#5728);
#2149=PRESENTATION_STYLE_ASSIGNMENT((#5729));
#2150=EDGE_CURVE('',#3156,#4510,#5730,.T.);
#2151=PRESENTATION_STYLE_ASSIGNMENT((#5731));
#2152=VERTEX_POINT('',#5732);
#2153=PRESENTATION_STYLE_ASSIGNMENT((#5733));
#2154=EDGE_CURVE('',#2320,#4152,#5734,.T.);
#2155=PRESENTATION_STYLE_ASSIGNMENT((#5735));
#2156=ADVANCED_FACE('',(#5736),#5737,.T.);
#2157=PRESENTATION_STYLE_ASSIGNMENT((#5738));
#2158=EDGE_CURVE('',#2774,#4290,#5739,.T.);
#2159=PRESENTATION_STYLE_ASSIGNMENT((#5740));
#2160=VERTEX_POINT('',#5741);
#2161=PRESENTATION_STYLE_ASSIGNMENT((#5742));
#2162=ADVANCED_FACE('',(#5743),#5744,.F.);
#2163=PRESENTATION_STYLE_ASSIGNMENT((#5745));
#2164=EDGE_CURVE('',#4594,#4684,#5746,.T.);
#2165=PRESENTATION_STYLE_ASSIGNMENT((#5747));
#2166=ADVANCED_FACE('',(#5748),#5749,.F.);
#2167=PRESENTATION_STYLE_ASSIGNMENT((#5750));
#2168=EDGE_CURVE('',#5074,#2046,#5751,.T.);
#2169=PRESENTATION_STYLE_ASSIGNMENT((#5752));
#2170=EDGE_CURVE('',#3468,#2242,#5753,.T.);
#2171=PRESENTATION_STYLE_ASSIGNMENT((#5754));
#2172=VERTEX_POINT('',#5755);
#2173=PRESENTATION_STYLE_ASSIGNMENT((#5756));
#2174=EDGE_CURVE('',#4820,#5190,#5757,.T.);
#2175=PRESENTATION_STYLE_ASSIGNMENT((#5758));
#2176=EDGE_CURVE('',#4714,#3960,#5759,.T.);
#2177=PRESENTATION_STYLE_ASSIGNMENT((#5760));
#2178=VERTEX_POINT('',#5761);
#2179=PRESENTATION_STYLE_ASSIGNMENT((#5762));
#2180=EDGE_CURVE('',#1926,#3708,#5763,.T.);
#2181=PRESENTATION_STYLE_ASSIGNMENT((#5764));
#2182=VERTEX_POINT('',#5765);
#2183=PRESENTATION_STYLE_ASSIGNMENT((#5766));
#2184=VERTEX_POINT('',#5767);
#2185=PRESENTATION_STYLE_ASSIGNMENT((#5768));
#2186=EDGE_CURVE('',#4032,#4848,#5769,.T.);
#2187=PRESENTATION_STYLE_ASSIGNMENT((#5770));
#2188=EDGE_CURVE('',#4062,#3122,#5771,.T.);
#2189=PRESENTATION_STYLE_ASSIGNMENT((#5772));
#2190=VERTEX_POINT('',#5773);
#2191=PRESENTATION_STYLE_ASSIGNMENT((#5774));
#2192=EDGE_CURVE('',#2758,#3118,#5775,.T.);
#2193=PRESENTATION_STYLE_ASSIGNMENT((#5776));
#2194=EDGE_CURVE('',#2362,#2434,#5777,.T.);
#2195=PRESENTATION_STYLE_ASSIGNMENT((#5778));
#2196=VERTEX_POINT('',#5779);
#2197=PRESENTATION_STYLE_ASSIGNMENT((#5780));
#2198=EDGE_CURVE('',#3370,#3124,#5781,.T.);
#2199=PRESENTATION_STYLE_ASSIGNMENT((#5782));
#2200=EDGE_CURVE('',#5226,#3646,#5783,.T.);
#2201=PRESENTATION_STYLE_ASSIGNMENT((#5784));
#2202=EDGE_CURVE('',#3568,#4624,#5785,.T.);
#2203=PRESENTATION_STYLE_ASSIGNMENT((#5786));
#2204=EDGE_CURVE('',#3420,#3634,#5787,.T.);
#2205=PRESENTATION_STYLE_ASSIGNMENT((#5788));
#2206=EDGE_CURVE('',#3476,#2996,#5789,.T.);
#2207=PRESENTATION_STYLE_ASSIGNMENT((#5790));
#2208=VERTEX_POINT('',#5791);
#2209=PRESENTATION_STYLE_ASSIGNMENT((#5792));
#2210=VERTEX_POINT('',#5793);
#2211=PRESENTATION_STYLE_ASSIGNMENT((#5794));
#2212=ADVANCED_FACE('',(#5795),#5796,.F.);
#2213=PRESENTATION_STYLE_ASSIGNMENT((#5797));
#2214=VERTEX_POINT('',#5798);
#2215=PRESENTATION_STYLE_ASSIGNMENT((#5799));
#2216=VERTEX_POINT('',#5800);
#2217=PRESENTATION_STYLE_ASSIGNMENT((#5801));
#2218=EDGE_CURVE('',#2674,#4544,#5802,.T.);
#2219=PRESENTATION_STYLE_ASSIGNMENT((#5803));
#2220=ADVANCED_FACE('',(#5804),#5805,.T.);
#2221=PRESENTATION_STYLE_ASSIGNMENT((#5806));
#2222=EDGE_CURVE('',#2090,#2380,#5807,.T.);
#2223=PRESENTATION_STYLE_ASSIGNMENT((#5808));
#2224=VERTEX_POINT('',#5809);
#2225=PRESENTATION_STYLE_ASSIGNMENT((#5810));
#2226=ADVANCED_FACE('',(#5811),#5812,.F.);
#2227=PRESENTATION_STYLE_ASSIGNMENT((#5813));
#2228=EDGE_CURVE('',#2724,#4274,#5814,.T.);
#2229=PRESENTATION_STYLE_ASSIGNMENT((#5815));
#2230=EDGE_CURVE('',#1800,#4812,#5816,.T.);
#2231=PRESENTATION_STYLE_ASSIGNMENT((#5817));
#2232=VERTEX_POINT('',#5818);
#2233=PRESENTATION_STYLE_ASSIGNMENT((#5819));
#2234=EDGE_CURVE('',#2842,#1824,#5820,.T.);
#2235=PRESENTATION_STYLE_ASSIGNMENT((#5821));
#2236=EDGE_CURVE('',#2670,#3574,#5822,.T.);
#2237=PRESENTATION_STYLE_ASSIGNMENT((#5823));
#2238=EDGE_CURVE('',#1884,#2934,#5824,.T.);
#2239=PRESENTATION_STYLE_ASSIGNMENT((#5825));
#2240=EDGE_CURVE('',#4586,#2886,#5826,.T.);
#2241=PRESENTATION_STYLE_ASSIGNMENT((#5827));
#2242=VERTEX_POINT('',#5828);
#2243=PRESENTATION_STYLE_ASSIGNMENT((#5829));
#2244=ADVANCED_FACE('',(#5830),#5831,.F.);
#2245=PRESENTATION_STYLE_ASSIGNMENT((#5832));
#2246=ADVANCED_FACE('',(#5833),#5834,.T.);
#2247=PRESENTATION_STYLE_ASSIGNMENT((#5835));
#2248=ADVANCED_FACE('',(#5836),#5837,.F.);
#2249=PRESENTATION_STYLE_ASSIGNMENT((#5838));
#2250=ADVANCED_FACE('',(#5839),#5840,.T.);
#2251=PRESENTATION_STYLE_ASSIGNMENT((#5841));
#2252=EDGE_CURVE('',#2190,#2884,#5842,.T.);
#2253=PRESENTATION_STYLE_ASSIGNMENT((#5843));
#2254=EDGE_CURVE('',#4426,#3776,#5844,.T.);
#2255=PRESENTATION_STYLE_ASSIGNMENT((#5845));
#2256=EDGE_CURVE('',#4214,#4560,#5846,.T.);
#2257=PRESENTATION_STYLE_ASSIGNMENT((#5847));
#2258=EDGE_CURVE('',#2834,#4504,#5848,.T.);
#2259=PRESENTATION_STYLE_ASSIGNMENT((#5849));
#2260=ADVANCED_FACE('',(#5850),#5851,.T.);
#2261=PRESENTATION_STYLE_ASSIGNMENT((#5852));
#2262=VERTEX_POINT('',#5853);
#2263=PRESENTATION_STYLE_ASSIGNMENT((#5854));
#2264=EDGE_CURVE('',#2392,#3326,#5855,.T.);
#2265=PRESENTATION_STYLE_ASSIGNMENT((#5856));
#2266=VERTEX_POINT('',#5857);
#2267=PRESENTATION_STYLE_ASSIGNMENT((#5858));
#2268=EDGE_CURVE('',#4348,#3082,#5859,.T.);
#2269=PRESENTATION_STYLE_ASSIGNMENT((#5860));
#2270=EDGE_CURVE('',#2896,#4426,#5861,.T.);
#2271=PRESENTATION_STYLE_ASSIGNMENT((#5862));
#2272=VERTEX_POINT('',#5863);
#2273=PRESENTATION_STYLE_ASSIGNMENT((#5864));
#2274=EDGE_CURVE('',#4778,#3674,#5865,.T.);
#2275=PRESENTATION_STYLE_ASSIGNMENT((#5866));
#2276=EDGE_CURVE('',#2378,#2610,#5867,.T.);
#2277=PRESENTATION_STYLE_ASSIGNMENT((#5868));
#2278=EDGE_CURVE('',#3510,#2298,#5869,.T.);
#2279=PRESENTATION_STYLE_ASSIGNMENT((#5870));
#2280=VERTEX_POINT('',#5871);
#2281=PRESENTATION_STYLE_ASSIGNMENT((#5872));
#2282=EDGE_CURVE('',#2778,#2836,#5873,.T.);
#2283=PRESENTATION_STYLE_ASSIGNMENT((#5874));
#2284=EDGE_CURVE('',#2630,#5190,#5875,.T.);
#2285=PRESENTATION_STYLE_ASSIGNMENT((#5876));
#2286=VERTEX_POINT('',#5877);
#2287=PRESENTATION_STYLE_ASSIGNMENT((#5878));
#2288=ADVANCED_FACE('',(#5879),#5880,.F.);
#2289=PRESENTATION_STYLE_ASSIGNMENT((#5881));
#2290=EDGE_CURVE('',#1842,#4642,#5882,.T.);
#2291=PRESENTATION_STYLE_ASSIGNMENT((#5883));
#2292=EDGE_CURVE('',#4790,#2990,#5884,.T.);
#2293=PRESENTATION_STYLE_ASSIGNMENT((#5885));
#2294=ADVANCED_FACE('',(#5886,#5887,#5888,#5889,#5890,#5891,#5892,#5893,#5894),#5895,.T.);
#2295=PRESENTATION_STYLE_ASSIGNMENT((#5896));
#2296=EDGE_CURVE('',#4160,#3578,#5897,.T.);
#2297=PRESENTATION_STYLE_ASSIGNMENT((#5898));
#2298=VERTEX_POINT('',#5899);
#2299=PRESENTATION_STYLE_ASSIGNMENT((#5900));
#2300=VERTEX_POINT('',#5901);
#2301=PRESENTATION_STYLE_ASSIGNMENT((#5902));
#2302=EDGE_CURVE('',#2038,#3806,#5903,.T.);
#2303=PRESENTATION_STYLE_ASSIGNMENT((#5904));
#2304=ADVANCED_FACE('',(#5905),#5906,.F.);
#2305=PRESENTATION_STYLE_ASSIGNMENT((#5907));
#2306=EDGE_CURVE('',#4088,#4866,#5908,.T.);
#2307=PRESENTATION_STYLE_ASSIGNMENT((#5909));
#2308=EDGE_CURVE('',#2054,#3040,#5910,.T.);
#2309=PRESENTATION_STYLE_ASSIGNMENT((#5911));
#2310=VERTEX_POINT('',#5912);
#2311=PRESENTATION_STYLE_ASSIGNMENT((#5913));
#2312=ADVANCED_FACE('',(#5914),#5915,.F.);
#2313=PRESENTATION_STYLE_ASSIGNMENT((#5916));
#2314=EDGE_CURVE('',#5126,#2780,#5917,.T.);
#2315=PRESENTATION_STYLE_ASSIGNMENT((#5918));
#2316=EDGE_CURVE('',#3832,#4176,#5919,.T.);
#2317=PRESENTATION_STYLE_ASSIGNMENT((#5920));
#2318=ADVANCED_FACE('',(#5921,#5922),#5923,.F.);
#2319=PRESENTATION_STYLE_ASSIGNMENT((#5924));
#2320=VERTEX_POINT('',#5925);
#2321=PRESENTATION_STYLE_ASSIGNMENT((#5926));
#2322=VERTEX_POINT('',#5927);
#2323=PRESENTATION_STYLE_ASSIGNMENT((#5928));
#2324=EDGE_CURVE('',#1938,#3316,#5929,.T.);
#2325=PRESENTATION_STYLE_ASSIGNMENT((#5930));
#2326=VERTEX_POINT('',#5931);
#2327=PRESENTATION_STYLE_ASSIGNMENT((#5932));
#2328=VERTEX_POINT('',#5933);
#2329=PRESENTATION_STYLE_ASSIGNMENT((#5934));
#2330=EDGE_CURVE('',#4824,#4652,#5935,.T.);
#2331=PRESENTATION_STYLE_ASSIGNMENT((#5936));
#2332=ADVANCED_FACE('',(#5937),#5938,.F.);
#2333=PRESENTATION_STYLE_ASSIGNMENT((#5939));
#2334=EDGE_CURVE('',#3756,#3002,#5940,.T.);
#2335=PRESENTATION_STYLE_ASSIGNMENT((#5941));
#2336=ADVANCED_FACE('',(#5942),#5943,.F.);
#2337=PRESENTATION_STYLE_ASSIGNMENT((#5944));
#2338=EDGE_CURVE('',#2534,#3710,#5945,.T.);
#2339=PRESENTATION_STYLE_ASSIGNMENT((#5946));
#2340=VERTEX_POINT('',#5947);
#2341=PRESENTATION_STYLE_ASSIGNMENT((#5948));
#2342=ADVANCED_FACE('',(#5949),#5950,.F.);
#2343=PRESENTATION_STYLE_ASSIGNMENT((#5951));
#2344=EDGE_CURVE('',#5170,#2772,#5952,.T.);
#2345=PRESENTATION_STYLE_ASSIGNMENT((#5953));
#2346=EDGE_CURVE('',#3480,#4714,#5954,.T.);
#2347=PRESENTATION_STYLE_ASSIGNMENT((#5955));
#2348=ADVANCED_FACE('',(#5956),#5957,.T.);
#2349=PRESENTATION_STYLE_ASSIGNMENT((#5958));
#2350=VERTEX_POINT('',#5959);
#2351=PRESENTATION_STYLE_ASSIGNMENT((#5960));
#2352=EDGE_CURVE('',#4748,#3890,#5961,.T.);
#2353=PRESENTATION_STYLE_ASSIGNMENT((#5962));
#2354=EDGE_CURVE('',#2956,#2974,#5963,.T.);
#2355=PRESENTATION_STYLE_ASSIGNMENT((#5964));
#2356=EDGE_CURVE('',#4800,#4898,#5965,.T.);
#2357=PRESENTATION_STYLE_ASSIGNMENT((#5966));
#2358=EDGE_CURVE('',#3626,#3592,#5967,.T.);
#2359=PRESENTATION_STYLE_ASSIGNMENT((#5968));
#2360=EDGE_CURVE('',#5254,#5068,#5969,.T.);
#2361=PRESENTATION_STYLE_ASSIGNMENT((#5970));
#2362=VERTEX_POINT('',#5971);
#2363=PRESENTATION_STYLE_ASSIGNMENT((#5972));
#2364=EDGE_CURVE('',#4062,#3080,#5973,.T.);
#2365=PRESENTATION_STYLE_ASSIGNMENT((#5974));
#2366=VERTEX_POINT('',#5975);
#2367=PRESENTATION_STYLE_ASSIGNMENT((#5976));
#2368=EDGE_CURVE('',#3774,#2148,#5977,.T.);
#2369=PRESENTATION_STYLE_ASSIGNMENT((#5978));
#2370=ADVANCED_FACE('',(#5979),#5980,.F.);
#2371=PRESENTATION_STYLE_ASSIGNMENT((#5981));
#2372=VERTEX_POINT('',#5982);
#2373=PRESENTATION_STYLE_ASSIGNMENT((#5983));
#2374=EDGE_CURVE('',#4926,#2058,#5984,.T.);
#2375=PRESENTATION_STYLE_ASSIGNMENT((#5985));
#2376=ADVANCED_FACE('',(#5986),#5987,.F.);
#2377=PRESENTATION_STYLE_ASSIGNMENT((#5988));
#2378=VERTEX_POINT('',#5989);
#2379=PRESENTATION_STYLE_ASSIGNMENT((#5990));
#2380=VERTEX_POINT('',#5991);
#2381=PRESENTATION_STYLE_ASSIGNMENT((#5992));
#2382=EDGE_CURVE('',#2048,#3252,#5993,.T.);
#2383=PRESENTATION_STYLE_ASSIGNMENT((#5994));
#2384=VERTEX_POINT('',#5995);
#2385=PRESENTATION_STYLE_ASSIGNMENT((#5996));
#2386=ADVANCED_FACE('',(#5997),#5998,.T.);
#2387=PRESENTATION_STYLE_ASSIGNMENT((#5999));
#2388=VERTEX_POINT('',#6000);
#2389=PRESENTATION_STYLE_ASSIGNMENT((#6001));
#2390=EDGE_CURVE('',#3510,#5004,#6002,.T.);
#2391=PRESENTATION_STYLE_ASSIGNMENT((#6003));
#2392=VERTEX_POINT('',#6004);
#2393=PRESENTATION_STYLE_ASSIGNMENT((#6005));
#2394=EDGE_CURVE('',#4642,#2450,#6006,.T.);
#2395=PRESENTATION_STYLE_ASSIGNMENT((#6007));
#2396=VERTEX_POINT('',#6008);
#2397=PRESENTATION_STYLE_ASSIGNMENT((#6009));
#2398=EDGE_CURVE('',#3378,#3134,#6010,.T.);
#2399=PRESENTATION_STYLE_ASSIGNMENT((#6011));
#2400=ADVANCED_FACE('',(#6012),#6013,.T.);
#2401=PRESENTATION_STYLE_ASSIGNMENT((#6014));
#2402=EDGE_CURVE('',#3828,#1924,#6015,.T.);
#2403=PRESENTATION_STYLE_ASSIGNMENT((#6016));
#2404=EDGE_CURVE('',#3664,#2422,#6017,.T.);
#2405=PRESENTATION_STYLE_ASSIGNMENT((#6018));
#2406=EDGE_CURVE('',#5210,#2862,#6019,.T.);
#2407=PRESENTATION_STYLE_ASSIGNMENT((#6020));
#2408=EDGE_CURVE('',#2904,#5266,#6021,.T.);
#2409=PRESENTATION_STYLE_ASSIGNMENT((#6022));
#2410=EDGE_CURVE('',#3284,#2778,#6023,.T.);
#2411=PRESENTATION_STYLE_ASSIGNMENT((#6024));
#2412=EDGE_CURVE('',#3946,#2896,#6025,.T.);
#2413=PRESENTATION_STYLE_ASSIGNMENT((#6026));
#2414=EDGE_CURVE('',#3652,#5220,#6027,.T.);
#2415=PRESENTATION_STYLE_ASSIGNMENT((#6028));
#2416=EDGE_CURVE('',#2542,#3014,#6029,.T.);
#2417=PRESENTATION_STYLE_ASSIGNMENT((#6030));
#2418=EDGE_CURVE('',#4578,#1824,#6031,.T.);
#2419=PRESENTATION_STYLE_ASSIGNMENT((#6032));
#2420=EDGE_CURVE('',#2152,#2926,#6033,.T.);
#2421=PRESENTATION_STYLE_ASSIGNMENT((#6034));
#2422=VERTEX_POINT('',#6035);
#2423=PRESENTATION_STYLE_ASSIGNMENT((#6036));
#2424=EDGE_CURVE('',#2984,#5164,#6037,.T.);
#2425=PRESENTATION_STYLE_ASSIGNMENT((#6038));
#2426=ADVANCED_FACE('',(#6039),#6040,.T.);
#2427=PRESENTATION_STYLE_ASSIGNMENT((#6041));
#2428=EDGE_CURVE('',#4542,#4778,#6042,.T.);
#2429=PRESENTATION_STYLE_ASSIGNMENT((#6043));
#2430=EDGE_CURVE('',#2834,#4622,#6044,.T.);
#2431=PRESENTATION_STYLE_ASSIGNMENT((#6045));
#2432=EDGE_CURVE('',#3572,#2124,#6046,.T.);
#2433=PRESENTATION_STYLE_ASSIGNMENT((#6047));
#2434=VERTEX_POINT('',#6048);
#2435=PRESENTATION_STYLE_ASSIGNMENT((#6049));
#2436=VERTEX_POINT('',#6050);
#2437=PRESENTATION_STYLE_ASSIGNMENT((#6051));
#2438=EDGE_CURVE('',#4186,#3412,#6052,.T.);
#2439=PRESENTATION_STYLE_ASSIGNMENT((#6053));
#2440=EDGE_CURVE('',#4356,#4510,#6054,.T.);
#2441=PRESENTATION_STYLE_ASSIGNMENT((#6055));
#2442=VERTEX_POINT('',#6056);
#2443=PRESENTATION_STYLE_ASSIGNMENT((#6057));
#2444=VERTEX_POINT('',#6058);
#2445=PRESENTATION_STYLE_ASSIGNMENT((#6059));
#2446=VERTEX_POINT('',#6060);
#2447=PRESENTATION_STYLE_ASSIGNMENT((#6061));
#2448=EDGE_CURVE('',#2718,#2372,#6062,.T.);
#2449=PRESENTATION_STYLE_ASSIGNMENT((#6063));
#2450=VERTEX_POINT('',#6064);
#2451=PRESENTATION_STYLE_ASSIGNMENT((#6065));
#2452=ADVANCED_FACE('',(#6066),#6067,.T.);
#2453=PRESENTATION_STYLE_ASSIGNMENT((#6068));
#2454=ADVANCED_FACE('',(#6069),#6070,.F.);
#2455=PRESENTATION_STYLE_ASSIGNMENT((#6071));
#2456=ADVANCED_FACE('',(#6072),#6073,.T.);
#2457=PRESENTATION_STYLE_ASSIGNMENT((#6074));
#2458=VERTEX_POINT('',#6075);
#2459=PRESENTATION_STYLE_ASSIGNMENT((#6076));
#2460=VERTEX_POINT('',#6077);
#2461=PRESENTATION_STYLE_ASSIGNMENT((#6078));
#2462=EDGE_CURVE('',#3748,#4270,#6079,.T.);
#2463=PRESENTATION_STYLE_ASSIGNMENT((#6080));
#2464=VERTEX_POINT('',#6081);
#2465=PRESENTATION_STYLE_ASSIGNMENT((#6082));
#2466=EDGE_CURVE('',#4004,#3670,#6083,.T.);
#2467=PRESENTATION_STYLE_ASSIGNMENT((#6084));
#2468=ADVANCED_FACE('',(#6085),#6086,.F.);
#2469=PRESENTATION_STYLE_ASSIGNMENT((#6087));
#2470=EDGE_CURVE('',#2862,#3180,#6088,.T.);
#2471=PRESENTATION_STYLE_ASSIGNMENT((#6089));
#2472=EDGE_CURVE('',#4802,#2696,#6090,.T.);
#2473=PRESENTATION_STYLE_ASSIGNMENT((#6091));
#2474=VERTEX_POINT('',#6092);
#2475=PRESENTATION_STYLE_ASSIGNMENT((#6093));
#2476=EDGE_CURVE('',#2116,#2872,#6094,.T.);
#2477=PRESENTATION_STYLE_ASSIGNMENT((#6095));
#2478=VERTEX_POINT('',#6096);
#2479=PRESENTATION_STYLE_ASSIGNMENT((#6097));
#2480=EDGE_CURVE('',#3460,#5226,#6098,.T.);
#2481=PRESENTATION_STYLE_ASSIGNMENT((#6099));
#2482=EDGE_CURVE('',#2016,#2516,#6100,.T.);
#2483=PRESENTATION_STYLE_ASSIGNMENT((#6101));
#2484=EDGE_CURVE('',#4342,#2978,#6102,.T.);
#2485=PRESENTATION_STYLE_ASSIGNMENT((#6103));
#2486=VERTEX_POINT('',#6104);
#2487=PRESENTATION_STYLE_ASSIGNMENT((#6105));
#2488=EDGE_CURVE('',#2384,#2002,#6106,.T.);
#2489=PRESENTATION_STYLE_ASSIGNMENT((#6107));
#2490=EDGE_CURVE('',#2444,#2464,#6108,.T.);
#2491=PRESENTATION_STYLE_ASSIGNMENT((#6109));
#2492=EDGE_CURVE('',#2022,#3150,#6110,.T.);
#2493=PRESENTATION_STYLE_ASSIGNMENT((#6111));
#2494=EDGE_CURVE('',#4744,#4686,#6112,.T.);
#2495=PRESENTATION_STYLE_ASSIGNMENT((#6113));
#2496=EDGE_CURVE('',#4560,#2088,#6114,.T.);
#2497=PRESENTATION_STYLE_ASSIGNMENT((#6115));
#2498=EDGE_CURVE('',#1942,#2232,#6116,.T.);
#2499=PRESENTATION_STYLE_ASSIGNMENT((#6117));
#2500=ADVANCED_FACE('',(#6118),#6119,.T.);
#2501=PRESENTATION_STYLE_ASSIGNMENT((#6120));
#2502=EDGE_CURVE('',#2782,#2066,#6121,.T.);
#2503=PRESENTATION_STYLE_ASSIGNMENT((#6122));
#2504=VERTEX_POINT('',#6123);
#2505=PRESENTATION_STYLE_ASSIGNMENT((#6124));
#2506=EDGE_CURVE('',#2566,#4444,#6125,.T.);
#2507=PRESENTATION_STYLE_ASSIGNMENT((#6126));
#2508=VERTEX_POINT('',#6127);
#2509=PRESENTATION_STYLE_ASSIGNMENT((#6128));
#2510=EDGE_CURVE('',#4070,#2996,#6129,.T.);
#2511=PRESENTATION_STYLE_ASSIGNMENT((#6130));
#2512=EDGE_CURVE('',#3708,#2750,#6131,.T.);
#2513=PRESENTATION_STYLE_ASSIGNMENT((#6132));
#2514=EDGE_CURVE('',#3588,#3778,#6133,.T.);
#2515=PRESENTATION_STYLE_ASSIGNMENT((#6134));
#2516=VERTEX_POINT('',#6135);
#2517=PRESENTATION_STYLE_ASSIGNMENT((#6136));
#2518=EDGE_CURVE('',#4790,#5048,#6137,.T.);
#2519=PRESENTATION_STYLE_ASSIGNMENT((#6138));
#2520=ADVANCED_FACE('',(#6139),#6140,.F.);
#2521=PRESENTATION_STYLE_ASSIGNMENT((#6141));
#2522=VERTEX_POINT('',#6142);
#2523=PRESENTATION_STYLE_ASSIGNMENT((#6143));
#2524=EDGE_CURVE('',#5248,#5074,#6144,.T.);
#2525=PRESENTATION_STYLE_ASSIGNMENT((#6145));
#2526=EDGE_CURVE('',#4820,#4480,#6146,.T.);
#2527=PRESENTATION_STYLE_ASSIGNMENT((#6147));
#2528=ADVANCED_FACE('',(#6148),#6149,.T.);
#2529=PRESENTATION_STYLE_ASSIGNMENT((#6150));
#2530=ADVANCED_FACE('',(#6151),#6152,.F.);
#2531=PRESENTATION_STYLE_ASSIGNMENT((#6153));
#2532=VERTEX_POINT('',#6154);
#2533=PRESENTATION_STYLE_ASSIGNMENT((#6155));
#2534=VERTEX_POINT('',#6156);
#2535=PRESENTATION_STYLE_ASSIGNMENT((#6157));
#2536=EDGE_CURVE('',#3252,#3242,#6158,.T.);
#2537=PRESENTATION_STYLE_ASSIGNMENT((#6159));
#2538=EDGE_CURVE('',#4160,#2934,#6160,.T.);
#2539=PRESENTATION_STYLE_ASSIGNMENT((#6161));
#2540=EDGE_CURVE('',#2016,#4532,#6162,.T.);
#2541=PRESENTATION_STYLE_ASSIGNMENT((#6163));
#2542=VERTEX_POINT('',#6164);
#2543=PRESENTATION_STYLE_ASSIGNMENT((#6165));
#2544=VERTEX_POINT('',#6166);
#2545=PRESENTATION_STYLE_ASSIGNMENT((#6167));
#2546=EDGE_CURVE('',#4908,#2960,#6168,.T.);
#2547=PRESENTATION_STYLE_ASSIGNMENT((#6169));
#2548=ADVANCED_FACE('',(#6170),#6171,.F.);
#2549=PRESENTATION_STYLE_ASSIGNMENT((#6172));
#2550=VERTEX_POINT('',#6173);
#2551=PRESENTATION_STYLE_ASSIGNMENT((#6174));
#2552=ADVANCED_FACE('',(#6175),#6176,.F.);
#2553=PRESENTATION_STYLE_ASSIGNMENT((#6177));
#2554=VERTEX_POINT('',#6178);
#2555=PRESENTATION_STYLE_ASSIGNMENT((#6179));
#2556=EDGE_CURVE('',#3042,#4090,#6180,.T.);
#2557=PRESENTATION_STYLE_ASSIGNMENT((#6181));
#2558=EDGE_CURVE('',#4060,#2062,#6182,.T.);
#2559=PRESENTATION_STYLE_ASSIGNMENT((#6183));
#2560=ADVANCED_FACE('',(#6184),#6185,.T.);
#2561=PRESENTATION_STYLE_ASSIGNMENT((#6186));
#2562=EDGE_CURVE('',#4270,#3066,#6187,.T.);
#2563=PRESENTATION_STYLE_ASSIGNMENT((#6188));
#2564=VERTEX_POINT('',#6189);
#2565=PRESENTATION_STYLE_ASSIGNMENT((#6190));
#2566=VERTEX_POINT('',#6191);
#2567=PRESENTATION_STYLE_ASSIGNMENT((#6192));
#2568=VERTEX_POINT('',#6193);
#2569=PRESENTATION_STYLE_ASSIGNMENT((#6194));
#2570=EDGE_CURVE('',#3994,#2486,#6195,.T.);
#2571=PRESENTATION_STYLE_ASSIGNMENT((#6196));
#2572=EDGE_CURVE('',#3134,#2702,#6197,.T.);
#2573=PRESENTATION_STYLE_ASSIGNMENT((#6198));
#2574=EDGE_CURVE('',#4190,#4326,#6199,.T.);
#2575=PRESENTATION_STYLE_ASSIGNMENT((#6200));
#2576=EDGE_CURVE('',#3386,#3756,#6201,.T.);
#2577=PRESENTATION_STYLE_ASSIGNMENT((#6202));
#2578=EDGE_CURVE('',#2948,#1914,#6203,.T.);
#2579=PRESENTATION_STYLE_ASSIGNMENT((#6204));
#2580=EDGE_CURVE('',#2658,#2216,#6205,.T.);
#2581=PRESENTATION_STYLE_ASSIGNMENT((#6206));
#2582=EDGE_CURVE('',#2076,#3718,#6207,.T.);
#2583=PRESENTATION_STYLE_ASSIGNMENT((#6208));
#2584=VERTEX_POINT('',#6209);
#2585=PRESENTATION_STYLE_ASSIGNMENT((#6210));
#2586=VERTEX_POINT('',#6211);
#2587=PRESENTATION_STYLE_ASSIGNMENT((#6212));
#2588=EDGE_CURVE('',#2586,#2964,#6213,.T.);
#2589=PRESENTATION_STYLE_ASSIGNMENT((#6214));
#2590=ADVANCED_FACE('',(#6215),#6216,.F.);
#2591=PRESENTATION_STYLE_ASSIGNMENT((#6217));
#2592=VERTEX_POINT('',#6218);
#2593=PRESENTATION_STYLE_ASSIGNMENT((#6219));
#2594=EDGE_CURVE('',#4404,#2994,#6220,.T.);
#2595=PRESENTATION_STYLE_ASSIGNMENT((#6221));
#2596=EDGE_CURVE('',#3124,#2144,#6222,.T.);
#2597=PRESENTATION_STYLE_ASSIGNMENT((#6223));
#2598=VERTEX_POINT('',#6224);
#2599=PRESENTATION_STYLE_ASSIGNMENT((#6225));
#2600=EDGE_CURVE('',#4832,#5242,#6226,.T.);
#2601=PRESENTATION_STYLE_ASSIGNMENT((#6227));
#2602=EDGE_CURVE('',#5300,#4342,#6228,.T.);
#2603=PRESENTATION_STYLE_ASSIGNMENT((#6229));
#2604=ADVANCED_FACE('',(#6230),#6231,.F.);
#2605=PRESENTATION_STYLE_ASSIGNMENT((#6232));
#2606=EDGE_CURVE('',#4116,#4566,#6233,.T.);
#2607=PRESENTATION_STYLE_ASSIGNMENT((#6234));
#2608=EDGE_CURVE('',#4654,#3882,#6235,.T.);
#2609=PRESENTATION_STYLE_ASSIGNMENT((#6236));
#2610=VERTEX_POINT('',#6237);
#2611=PRESENTATION_STYLE_ASSIGNMENT((#6238));
#2612=EDGE_CURVE('',#3164,#4642,#6239,.T.);
#2613=PRESENTATION_STYLE_ASSIGNMENT((#6240));
#2614=EDGE_CURVE('',#1888,#4744,#6241,.T.);
#2615=PRESENTATION_STYLE_ASSIGNMENT((#6242));
#2616=ADVANCED_FACE('',(#6243),#6244,.F.);
#2617=PRESENTATION_STYLE_ASSIGNMENT((#6245));
#2618=ADVANCED_FACE('',(#6246),#6247,.F.);
#2619=PRESENTATION_STYLE_ASSIGNMENT((#6248));
#2620=EDGE_CURVE('',#4010,#3476,#6249,.T.);
#2621=PRESENTATION_STYLE_ASSIGNMENT((#6250));
#2622=VERTEX_POINT('',#6251);
#2623=PRESENTATION_STYLE_ASSIGNMENT((#6252));
#2624=EDGE_CURVE('',#3326,#3112,#6253,.T.);
#2625=PRESENTATION_STYLE_ASSIGNMENT((#6254));
#2626=ADVANCED_FACE('',(#6255),#6256,.T.);
#2627=PRESENTATION_STYLE_ASSIGNMENT((#6257));
#2628=EDGE_CURVE('',#5002,#4926,#6258,.T.);
#2629=PRESENTATION_STYLE_ASSIGNMENT((#6259));
#2630=VERTEX_POINT('',#6260);
#2631=PRESENTATION_STYLE_ASSIGNMENT((#6261));
#2632=EDGE_CURVE('',#3576,#3808,#6262,.T.);
#2633=PRESENTATION_STYLE_ASSIGNMENT((#6263));
#2634=VERTEX_POINT('',#6264);
#2635=PRESENTATION_STYLE_ASSIGNMENT((#6265));
#2636=VERTEX_POINT('',#6266);
#2637=PRESENTATION_STYLE_ASSIGNMENT((#6267));
#2638=EDGE_CURVE('',#2148,#4870,#6268,.T.);
#2639=PRESENTATION_STYLE_ASSIGNMENT((#6269));
#2640=EDGE_CURVE('',#2622,#3634,#6270,.T.);
#2641=PRESENTATION_STYLE_ASSIGNMENT((#6271));
#2642=EDGE_CURVE('',#3860,#3322,#6272,.T.);
#2643=PRESENTATION_STYLE_ASSIGNMENT((#6273));
#2644=VERTEX_POINT('',#6274);
#2645=PRESENTATION_STYLE_ASSIGNMENT((#6275));
#2646=EDGE_CURVE('',#3568,#5108,#6276,.T.);
#2647=PRESENTATION_STYLE_ASSIGNMENT((#6277));
#2648=ADVANCED_FACE('',(#6278),#6279,.T.);
#2649=PRESENTATION_STYLE_ASSIGNMENT((#6280));
#2650=ADVANCED_FACE('',(#6281),#6282,.T.);
#2651=PRESENTATION_STYLE_ASSIGNMENT((#6283));
#2652=EDGE_CURVE('',#5276,#2734,#6284,.T.);
#2653=PRESENTATION_STYLE_ASSIGNMENT((#6285));
#2654=VERTEX_POINT('',#6286);
#2655=PRESENTATION_STYLE_ASSIGNMENT((#6287));
#2656=EDGE_CURVE('',#3852,#4966,#6288,.T.);
#2657=PRESENTATION_STYLE_ASSIGNMENT((#6289));
#2658=VERTEX_POINT('',#6290);
#2659=PRESENTATION_STYLE_ASSIGNMENT((#6291));
#2660=EDGE_CURVE('',#2568,#2272,#6292,.T.);
#2661=PRESENTATION_STYLE_ASSIGNMENT((#6293));
#2662=EDGE_CURVE('',#3400,#3082,#6294,.T.);
#2663=PRESENTATION_STYLE_ASSIGNMENT((#6295));
#2664=VERTEX_POINT('',#6296);
#2665=PRESENTATION_STYLE_ASSIGNMENT((#6297));
#2666=EDGE_CURVE('',#2460,#4762,#6298,.T.);
#2667=PRESENTATION_STYLE_ASSIGNMENT((#6299));
#2668=EDGE_CURVE('',#5052,#4010,#6300,.T.);
#2669=PRESENTATION_STYLE_ASSIGNMENT((#6301));
#2670=VERTEX_POINT('',#6302);
#2671=PRESENTATION_STYLE_ASSIGNMENT((#6303));
#2672=EDGE_CURVE('',#3774,#3738,#6304,.T.);
#2673=PRESENTATION_STYLE_ASSIGNMENT((#6305));
#2674=VERTEX_POINT('',#6306);
#2675=PRESENTATION_STYLE_ASSIGNMENT((#6307));
#2676=EDGE_CURVE('',#2320,#4466,#6308,.T.);
#2677=PRESENTATION_STYLE_ASSIGNMENT((#6309));
#2678=EDGE_CURVE('',#2762,#4950,#6310,.T.);
#2679=PRESENTATION_STYLE_ASSIGNMENT((#6311));
#2680=EDGE_CURVE('',#2872,#4800,#6312,.T.);
#2681=PRESENTATION_STYLE_ASSIGNMENT((#6313));
#2682=EDGE_CURVE('',#4390,#4898,#6314,.T.);
#2683=PRESENTATION_STYLE_ASSIGNMENT((#6315));
#2684=VERTEX_POINT('',#6316);
#2685=PRESENTATION_STYLE_ASSIGNMENT((#6317));
#2686=EDGE_CURVE('',#3414,#4926,#6318,.T.);
#2687=PRESENTATION_STYLE_ASSIGNMENT((#6319));
#2688=EDGE_CURVE('',#4066,#1920,#6320,.T.);
#2689=PRESENTATION_STYLE_ASSIGNMENT((#6321));
#2690=EDGE_CURVE('',#2076,#3204,#6322,.T.);
#2691=PRESENTATION_STYLE_ASSIGNMENT((#6323));
#2692=VERTEX_POINT('',#6324);
#2693=PRESENTATION_STYLE_ASSIGNMENT((#6325));
#2694=EDGE_CURVE('',#1932,#2210,#6326,.T.);
#2695=PRESENTATION_STYLE_ASSIGNMENT((#6327));
#2696=VERTEX_POINT('',#6328);
#2697=PRESENTATION_STYLE_ASSIGNMENT((#6329));
#2698=EDGE_CURVE('',#2040,#3278,#6330,.T.);
#2699=PRESENTATION_STYLE_ASSIGNMENT((#6331));
#2700=EDGE_CURVE('',#3538,#2048,#6332,.T.);
#2701=PRESENTATION_STYLE_ASSIGNMENT((#6333));
#2702=VERTEX_POINT('',#6334);
#2703=PRESENTATION_STYLE_ASSIGNMENT((#6335));
#2704=EDGE_CURVE('',#4020,#4390,#6336,.T.);
#2705=PRESENTATION_STYLE_ASSIGNMENT((#6337));
#2706=EDGE_CURVE('',#4254,#3766,#6338,.T.);
#2707=PRESENTATION_STYLE_ASSIGNMENT((#6339));
#2708=EDGE_CURVE('',#5182,#4520,#6340,.T.);
#2709=PRESENTATION_STYLE_ASSIGNMENT((#6341));
#2710=EDGE_CURVE('',#4684,#4928,#6342,.T.);
#2711=PRESENTATION_STYLE_ASSIGNMENT((#6343));
#2712=EDGE_CURVE('',#4908,#2002,#6344,.T.);
#2713=PRESENTATION_STYLE_ASSIGNMENT((#6345));
#2714=EDGE_CURVE('',#4370,#2272,#6346,.T.);
#2715=PRESENTATION_STYLE_ASSIGNMENT((#6347));
#2716=EDGE_CURVE('',#2056,#3372,#6348,.T.);
#2717=PRESENTATION_STYLE_ASSIGNMENT((#6349));
#2718=VERTEX_POINT('',#6350);
#2719=PRESENTATION_STYLE_ASSIGNMENT((#6351));
#2720=EDGE_CURVE('',#2280,#3204,#6352,.T.);
#2721=PRESENTATION_STYLE_ASSIGNMENT((#6353));
#2722=EDGE_CURVE('',#4740,#3808,#6354,.T.);
#2723=PRESENTATION_STYLE_ASSIGNMENT((#6355));
#2724=VERTEX_POINT('',#6356);
#2725=PRESENTATION_STYLE_ASSIGNMENT((#6357));
#2726=EDGE_CURVE('',#4590,#1926,#6358,.T.);
#2727=PRESENTATION_STYLE_ASSIGNMENT((#6359));
#2728=VERTEX_POINT('',#6360);
#2729=PRESENTATION_STYLE_ASSIGNMENT((#6361));
#2730=EDGE_CURVE('',#1800,#2760,#6362,.T.);
#2731=PRESENTATION_STYLE_ASSIGNMENT((#6363));
#2732=EDGE_CURVE('',#2340,#3094,#6364,.T.);
#2733=PRESENTATION_STYLE_ASSIGNMENT((#6365));
#2734=VERTEX_POINT('',#6366);
#2735=PRESENTATION_STYLE_ASSIGNMENT((#6367));
#2736=ADVANCED_FACE('',(#6368),#6369,.T.);
#2737=PRESENTATION_STYLE_ASSIGNMENT((#6370));
#2738=ADVANCED_FACE('',(#6371),#6372,.F.);
#2739=PRESENTATION_STYLE_ASSIGNMENT((#6373));
#2740=EDGE_CURVE('',#5190,#3594,#6374,.T.);
#2741=PRESENTATION_STYLE_ASSIGNMENT((#6375));
#2742=EDGE_CURVE('',#1876,#1846,#6376,.T.);
#2743=PRESENTATION_STYLE_ASSIGNMENT((#6377));
#2744=EDGE_CURVE('',#4954,#3480,#6378,.T.);
#2745=PRESENTATION_STYLE_ASSIGNMENT((#6379));
#2746=ADVANCED_FACE('',(#6380),#6381,.F.);
#2747=PRESENTATION_STYLE_ASSIGNMENT((#6382));
#2748=ADVANCED_FACE('',(#6383),#6384,.T.);
#2749=PRESENTATION_STYLE_ASSIGNMENT((#6385));
#2750=VERTEX_POINT('',#6386);
#2751=PRESENTATION_STYLE_ASSIGNMENT((#6387));
#2752=EDGE_CURVE('',#4592,#3994,#6388,.T.);
#2753=PRESENTATION_STYLE_ASSIGNMENT((#6389));
#2754=EDGE_CURVE('',#2664,#4890,#6390,.T.);
#2755=PRESENTATION_STYLE_ASSIGNMENT((#6391));
#2756=EDGE_CURVE('',#2232,#4706,#6392,.T.);
#2757=PRESENTATION_STYLE_ASSIGNMENT((#6393));
#2758=VERTEX_POINT('',#6394);
#2759=PRESENTATION_STYLE_ASSIGNMENT((#6395));
#2760=VERTEX_POINT('',#6396);
#2761=PRESENTATION_STYLE_ASSIGNMENT((#6397));
#2762=VERTEX_POINT('',#6398);
#2763=PRESENTATION_STYLE_ASSIGNMENT((#6399));
#2764=EDGE_CURVE('',#2554,#1878,#6400,.T.);
#2765=PRESENTATION_STYLE_ASSIGNMENT((#6401));
#2766=ADVANCED_FACE('',(#6402),#6403,.T.);
#2767=PRESENTATION_STYLE_ASSIGNMENT((#6404));
#2768=VERTEX_POINT('',#6405);
#2769=PRESENTATION_STYLE_ASSIGNMENT((#6406));
#2770=ADVANCED_FACE('',(#6407),#6408,.T.);
#2771=PRESENTATION_STYLE_ASSIGNMENT((#6409));
#2772=VERTEX_POINT('',#6410);
#2773=PRESENTATION_STYLE_ASSIGNMENT((#6411));
#2774=VERTEX_POINT('',#6412);
#2775=PRESENTATION_STYLE_ASSIGNMENT((#6413));
#2776=EDGE_CURVE('',#4706,#4254,#6414,.T.);
#2777=PRESENTATION_STYLE_ASSIGNMENT((#6415));
#2778=VERTEX_POINT('',#6416);
#2779=PRESENTATION_STYLE_ASSIGNMENT((#6417));
#2780=VERTEX_POINT('',#6418);
#2781=PRESENTATION_STYLE_ASSIGNMENT((#6419));
#2782=VERTEX_POINT('',#6420);
#2783=PRESENTATION_STYLE_ASSIGNMENT((#6421));
#2784=EDGE_CURVE('',#1940,#3014,#6422,.T.);
#2785=PRESENTATION_STYLE_ASSIGNMENT((#6423));
#2786=ADVANCED_FACE('',(#6424),#6425,.F.);
#2787=PRESENTATION_STYLE_ASSIGNMENT((#6426));
#2788=VERTEX_POINT('',#6427);
#2789=PRESENTATION_STYLE_ASSIGNMENT((#6428));
#2790=EDGE_CURVE('',#5224,#3168,#6429,.T.);
#2791=PRESENTATION_STYLE_ASSIGNMENT((#6430));
#2792=VERTEX_POINT('',#6431);
#2793=PRESENTATION_STYLE_ASSIGNMENT((#6432));
#2794=EDGE_CURVE('',#5026,#1938,#6433,.T.);
#2795=PRESENTATION_STYLE_ASSIGNMENT((#6434));
#2796=VERTEX_POINT('',#6435);
#2797=PRESENTATION_STYLE_ASSIGNMENT((#6436));
#2798=VERTEX_POINT('',#6437);
#2799=PRESENTATION_STYLE_ASSIGNMENT((#6438));
#2800=VERTEX_POINT('',#6439);
#2801=PRESENTATION_STYLE_ASSIGNMENT((#6440));
#2802=VERTEX_POINT('',#6441);
#2803=PRESENTATION_STYLE_ASSIGNMENT((#6442));
#2804=EDGE_CURVE('',#4846,#1934,#6443,.T.);
#2805=PRESENTATION_STYLE_ASSIGNMENT((#6444));
#2806=VERTEX_POINT('',#6445);
#2807=PRESENTATION_STYLE_ASSIGNMENT((#6446));
#2808=VERTEX_POINT('',#6447);
#2809=PRESENTATION_STYLE_ASSIGNMENT((#6448));
#2810=ADVANCED_FACE('',(#6449),#6450,.F.);
#2811=PRESENTATION_STYLE_ASSIGNMENT((#6451));
#2812=ADVANCED_FACE('',(#6452,#6453),#6454,.F.);
#2813=PRESENTATION_STYLE_ASSIGNMENT((#6455));
#2814=EDGE_CURVE('',#3918,#4786,#6456,.T.);
#2815=PRESENTATION_STYLE_ASSIGNMENT((#6457));
#2816=EDGE_CURVE('',#4836,#3210,#6458,.T.);
#2817=PRESENTATION_STYLE_ASSIGNMENT((#6459));
#2818=VERTEX_POINT('',#6460);
#2819=PRESENTATION_STYLE_ASSIGNMENT((#6461));
#2820=EDGE_CURVE('',#1786,#4536,#6462,.T.);
#2821=PRESENTATION_STYLE_ASSIGNMENT((#6463));
#2822=EDGE_CURVE('',#4518,#3954,#6464,.T.);
#2823=PRESENTATION_STYLE_ASSIGNMENT((#6465));
#2824=EDGE_CURVE('',#4874,#2066,#6466,.T.);
#2825=PRESENTATION_STYLE_ASSIGNMENT((#6467));
#2826=EDGE_CURVE('',#2216,#2728,#6468,.T.);
#2827=PRESENTATION_STYLE_ASSIGNMENT((#6469));
#2828=ADVANCED_FACE('',(#6470),#6471,.F.);
#2829=PRESENTATION_STYLE_ASSIGNMENT((#6472));
#2830=VERTEX_POINT('',#6473);
#2831=PRESENTATION_STYLE_ASSIGNMENT((#6474));
#2832=EDGE_CURVE('',#2444,#2442,#6475,.T.);
#2833=PRESENTATION_STYLE_ASSIGNMENT((#6476));
#2834=VERTEX_POINT('',#6477);
#2835=PRESENTATION_STYLE_ASSIGNMENT((#6478));
#2836=VERTEX_POINT('',#6479);
#2837=PRESENTATION_STYLE_ASSIGNMENT((#6480));
#2838=EDGE_CURVE('',#3622,#5210,#6481,.T.);
#2839=PRESENTATION_STYLE_ASSIGNMENT((#6482));
#2840=VERTEX_POINT('',#6483);
#2841=PRESENTATION_STYLE_ASSIGNMENT((#6484));
#2842=VERTEX_POINT('',#6485);
#2843=PRESENTATION_STYLE_ASSIGNMENT((#6486));
#2844=EDGE_CURVE('',#2896,#3328,#6487,.T.);
#2845=PRESENTATION_STYLE_ASSIGNMENT((#6488));
#2846=ADVANCED_FACE('',(#6489),#6490,.F.);
#2847=PRESENTATION_STYLE_ASSIGNMENT((#6491));
#2848=EDGE_CURVE('',#2216,#1806,#6492,.T.);
#2849=PRESENTATION_STYLE_ASSIGNMENT((#6493));
#2850=EDGE_CURVE('',#2040,#5224,#6494,.T.);
#2851=PRESENTATION_STYLE_ASSIGNMENT((#6495));
#2852=ADVANCED_FACE('',(#6496),#6497,.T.);
#2853=PRESENTATION_STYLE_ASSIGNMENT((#6498));
#2854=ADVANCED_FACE('',(#6499),#6500,.F.);
#2855=PRESENTATION_STYLE_ASSIGNMENT((#6501));
#2856=EDGE_CURVE('',#2728,#4532,#6502,.T.);
#2857=PRESENTATION_STYLE_ASSIGNMENT((#6503));
#2858=EDGE_CURVE('',#4590,#2568,#6504,.T.);
#2859=PRESENTATION_STYLE_ASSIGNMENT((#6505));
#2860=VERTEX_POINT('',#6506);
#2861=PRESENTATION_STYLE_ASSIGNMENT((#6507));
#2862=VERTEX_POINT('',#6508);
#2863=PRESENTATION_STYLE_ASSIGNMENT((#6509));
#2864=ADVANCED_FACE('',(#6510,#6511),#6512,.F.);
#2865=PRESENTATION_STYLE_ASSIGNMENT((#6513));
#2866=EDGE_CURVE('',#4402,#3426,#6514,.T.);
#2867=PRESENTATION_STYLE_ASSIGNMENT((#6515));
#2868=EDGE_CURVE('',#2554,#3476,#6516,.T.);
#2869=PRESENTATION_STYLE_ASSIGNMENT((#6517));
#2870=EDGE_CURVE('',#3784,#3776,#6518,.T.);
#2871=PRESENTATION_STYLE_ASSIGNMENT((#6519));
#2872=VERTEX_POINT('',#6520);
#2873=PRESENTATION_STYLE_ASSIGNMENT((#6521));
#2874=EDGE_CURVE('',#2298,#4660,#6522,.T.);
#2875=PRESENTATION_STYLE_ASSIGNMENT((#6523));
#2876=EDGE_CURVE('',#4412,#1884,#6524,.T.);
#2877=PRESENTATION_STYLE_ASSIGNMENT((#6525));
#2878=VERTEX_POINT('',#6526);
#2879=PRESENTATION_STYLE_ASSIGNMENT((#6527));
#2880=EDGE_CURVE('',#2516,#2728,#6528,.T.);
#2881=PRESENTATION_STYLE_ASSIGNMENT((#6529));
#2882=ADVANCED_FACE('',(#6530),#6531,.F.);
#2883=PRESENTATION_STYLE_ASSIGNMENT((#6532));
#2884=VERTEX_POINT('',#6533);
#2885=PRESENTATION_STYLE_ASSIGNMENT((#6534));
#2886=VERTEX_POINT('',#6535);
#2887=PRESENTATION_STYLE_ASSIGNMENT((#6536));
#2888=VERTEX_POINT('',#6537);
#2889=PRESENTATION_STYLE_ASSIGNMENT((#6538));
#2890=EDGE_CURVE('',#3826,#5292,#6539,.T.);
#2891=PRESENTATION_STYLE_ASSIGNMENT((#6540));
#2892=ADVANCED_FACE('',(#6541),#6542,.T.);
#2893=PRESENTATION_STYLE_ASSIGNMENT((#6543));
#2894=ADVANCED_FACE('',(#6544),#6545,.F.);
#2895=PRESENTATION_STYLE_ASSIGNMENT((#6546));
#2896=VERTEX_POINT('',#6547);
#2897=PRESENTATION_STYLE_ASSIGNMENT((#6548));
#2898=VERTEX_POINT('',#6549);
#2899=PRESENTATION_STYLE_ASSIGNMENT((#6550));
#2900=ADVANCED_FACE('',(#6551),#6552,.F.);
#2901=PRESENTATION_STYLE_ASSIGNMENT((#6553));
#2902=EDGE_CURVE('',#3864,#2998,#6554,.T.);
#2903=PRESENTATION_STYLE_ASSIGNMENT((#6555));
#2904=VERTEX_POINT('',#6556);
#2905=PRESENTATION_STYLE_ASSIGNMENT((#6557));
#2906=VERTEX_POINT('',#6558);
#2907=PRESENTATION_STYLE_ASSIGNMENT((#6559));
#2908=ADVANCED_FACE('',(#6560),#6561,.F.);
#2909=PRESENTATION_STYLE_ASSIGNMENT((#6562));
#2910=VERTEX_POINT('',#6563);
#2911=PRESENTATION_STYLE_ASSIGNMENT((#6564));
#2912=EDGE_CURVE('',#2684,#3722,#6565,.T.);
#2913=PRESENTATION_STYLE_ASSIGNMENT((#6566));
#2914=EDGE_CURVE('',#3608,#4542,#6567,.T.);
#2915=PRESENTATION_STYLE_ASSIGNMENT((#6568));
#2916=EDGE_CURVE('',#4938,#3832,#6569,.T.);
#2917=PRESENTATION_STYLE_ASSIGNMENT((#6570));
#2918=EDGE_CURVE('',#3836,#3094,#6571,.T.);
#2919=PRESENTATION_STYLE_ASSIGNMENT((#6572));
#2920=EDGE_CURVE('',#5138,#5264,#6573,.T.);
#2921=PRESENTATION_STYLE_ASSIGNMENT((#6574));
#2922=ADVANCED_FACE('',(#6575),#6576,.F.);
#2923=PRESENTATION_STYLE_ASSIGNMENT((#6577));
#2924=EDGE_CURVE('',#2366,#4546,#6578,.T.);
#2925=PRESENTATION_STYLE_ASSIGNMENT((#6579));
#2926=VERTEX_POINT('',#6580);
#2927=PRESENTATION_STYLE_ASSIGNMENT((#6581));
#2928=EDGE_CURVE('',#2906,#2340,#6582,.T.);
#2929=PRESENTATION_STYLE_ASSIGNMENT((#6583));
#2930=EDGE_CURVE('',#4420,#3726,#6584,.T.);
#2931=PRESENTATION_STYLE_ASSIGNMENT((#6585));
#2932=VERTEX_POINT('',#6586);
#2933=PRESENTATION_STYLE_ASSIGNMENT((#6587));
#2934=VERTEX_POINT('',#6588);
#2935=PRESENTATION_STYLE_ASSIGNMENT((#6589));
#2936=EDGE_CURVE('',#2842,#3870,#6590,.T.);
#2937=PRESENTATION_STYLE_ASSIGNMENT((#6591));
#2938=EDGE_CURVE('',#2210,#4004,#6592,.T.);
#2939=PRESENTATION_STYLE_ASSIGNMENT((#6593));
#2940=EDGE_CURVE('',#2840,#3994,#6594,.T.);
#2941=PRESENTATION_STYLE_ASSIGNMENT((#6595));
#2942=EDGE_CURVE('',#3276,#5172,#6596,.T.);
#2943=PRESENTATION_STYLE_ASSIGNMENT((#6597));
#2944=EDGE_CURVE('',#3478,#1920,#6598,.T.);
#2945=PRESENTATION_STYLE_ASSIGNMENT((#6599));
#2946=EDGE_CURVE('',#2768,#3458,#6600,.T.);
#2947=PRESENTATION_STYLE_ASSIGNMENT((#6601));
#2948=VERTEX_POINT('',#6602);
#2949=PRESENTATION_STYLE_ASSIGNMENT((#6603));
#2950=VERTEX_POINT('',#6604);
#2951=PRESENTATION_STYLE_ASSIGNMENT((#6605));
#2952=EDGE_CURVE('',#2178,#3744,#6606,.T.);
#2953=PRESENTATION_STYLE_ASSIGNMENT((#6607));
#2954=ADVANCED_FACE('',(#6608),#6609,.F.);
#2955=PRESENTATION_STYLE_ASSIGNMENT((#6610));
#2956=VERTEX_POINT('',#6611);
#2957=PRESENTATION_STYLE_ASSIGNMENT((#6612));
#2958=EDGE_CURVE('',#3654,#4820,#6613,.T.);
#2959=PRESENTATION_STYLE_ASSIGNMENT((#6614));
#2960=VERTEX_POINT('',#6615);
#2961=PRESENTATION_STYLE_ASSIGNMENT((#6616));
#2962=VERTEX_POINT('',#6617);
#2963=PRESENTATION_STYLE_ASSIGNMENT((#6618));
#2964=VERTEX_POINT('',#6619);
#2965=PRESENTATION_STYLE_ASSIGNMENT((#6620));
#2966=EDGE_CURVE('',#4004,#2884,#6621,.T.);
#2967=PRESENTATION_STYLE_ASSIGNMENT((#6622));
#2968=VERTEX_POINT('',#6623);
#2969=PRESENTATION_STYLE_ASSIGNMENT((#6624));
#2970=EDGE_CURVE('',#4470,#2830,#6625,.T.);
#2971=PRESENTATION_STYLE_ASSIGNMENT((#6626));
#2972=EDGE_CURVE('',#2266,#3038,#6627,.T.);
#2973=PRESENTATION_STYLE_ASSIGNMENT((#6628));
#2974=VERTEX_POINT('',#6629);
#2975=PRESENTATION_STYLE_ASSIGNMENT((#6630));
#2976=ADVANCED_FACE('',(#6631),#6632,.F.);
#2977=PRESENTATION_STYLE_ASSIGNMENT((#6633));
#2978=VERTEX_POINT('',#6634);
#2979=PRESENTATION_STYLE_ASSIGNMENT((#6635));
#2980=EDGE_CURVE('',#1972,#4356,#6636,.T.);
#2981=PRESENTATION_STYLE_ASSIGNMENT((#6637));
#2982=EDGE_CURVE('',#4596,#4232,#6638,.T.);
#2983=PRESENTATION_STYLE_ASSIGNMENT((#6639));
#2984=VERTEX_POINT('',#6640);
#2985=PRESENTATION_STYLE_ASSIGNMENT((#6641));
#2986=ADVANCED_FACE('',(#6642),#6643,.F.);
#2987=PRESENTATION_STYLE_ASSIGNMENT((#6644));
#2988=EDGE_CURVE('',#3080,#1840,#6645,.T.);
#2989=PRESENTATION_STYLE_ASSIGNMENT((#6646));
#2990=VERTEX_POINT('',#6647);
#2991=PRESENTATION_STYLE_ASSIGNMENT((#6648));
#2992=EDGE_CURVE('',#4596,#3460,#6649,.T.);
#2993=PRESENTATION_STYLE_ASSIGNMENT((#6650));
#2994=VERTEX_POINT('',#6651);
#2995=PRESENTATION_STYLE_ASSIGNMENT((#6652));
#2996=VERTEX_POINT('',#6653);
#2997=PRESENTATION_STYLE_ASSIGNMENT((#6654));
#2998=VERTEX_POINT('',#6655);
#2999=PRESENTATION_STYLE_ASSIGNMENT((#6656));
#3000=EDGE_CURVE('',#3298,#1930,#6657,.T.);
#3001=PRESENTATION_STYLE_ASSIGNMENT((#6658));
#3002=VERTEX_POINT('',#6659);
#3003=PRESENTATION_STYLE_ASSIGNMENT((#6660));
#3004=EDGE_CURVE('',#4638,#2056,#6661,.T.);
#3005=PRESENTATION_STYLE_ASSIGNMENT((#6662));
#3006=VERTEX_POINT('',#6663);
#3007=PRESENTATION_STYLE_ASSIGNMENT((#6664));
#3008=EDGE_CURVE('',#2818,#3982,#6665,.T.);
#3009=PRESENTATION_STYLE_ASSIGNMENT((#6666));
#3010=EDGE_CURVE('',#3112,#3852,#6667,.T.);
#3011=PRESENTATION_STYLE_ASSIGNMENT((#6668));
#3012=EDGE_CURVE('',#3268,#4518,#6669,.T.);
#3013=PRESENTATION_STYLE_ASSIGNMENT((#6670));
#3014=VERTEX_POINT('',#6671);
#3015=PRESENTATION_STYLE_ASSIGNMENT((#6672));
#3016=EDGE_CURVE('',#2534,#3114,#6673,.T.);
#3017=PRESENTATION_STYLE_ASSIGNMENT((#6674));
#3018=EDGE_CURVE('',#4528,#4874,#6675,.T.);
#3019=PRESENTATION_STYLE_ASSIGNMENT((#6676));
#3020=EDGE_CURVE('',#5100,#3284,#6677,.T.);
#3021=PRESENTATION_STYLE_ASSIGNMENT((#6678));
#3022=VERTEX_POINT('',#6679);
#3023=PRESENTATION_STYLE_ASSIGNMENT((#6680));
#3024=EDGE_CURVE('',#5196,#3142,#6681,.T.);
#3025=PRESENTATION_STYLE_ASSIGNMENT((#6682));
#3026=VERTEX_POINT('',#6683);
#3027=PRESENTATION_STYLE_ASSIGNMENT((#6684));
#3028=ADVANCED_FACE('',(#6685),#6686,.F.);
#3029=PRESENTATION_STYLE_ASSIGNMENT((#6687));
#3030=EDGE_CURVE('',#3860,#3654,#6688,.T.);
#3031=PRESENTATION_STYLE_ASSIGNMENT((#6689));
#3032=EDGE_CURVE('',#4952,#4600,#6690,.T.);
#3033=PRESENTATION_STYLE_ASSIGNMENT((#6691));
#3034=EDGE_CURVE('',#2196,#3474,#6692,.T.);
#3035=PRESENTATION_STYLE_ASSIGNMENT((#6693));
#3036=ADVANCED_FACE('',(#6694),#6695,.T.);
#3037=PRESENTATION_STYLE_ASSIGNMENT((#6696));
#3038=VERTEX_POINT('',#6697);
#3039=PRESENTATION_STYLE_ASSIGNMENT((#6698));
#3040=VERTEX_POINT('',#6699);
#3041=PRESENTATION_STYLE_ASSIGNMENT((#6700));
#3042=VERTEX_POINT('',#6701);
#3043=PRESENTATION_STYLE_ASSIGNMENT((#6702));
#3044=EDGE_CURVE('',#3108,#4936,#6703,.T.);
#3045=PRESENTATION_STYLE_ASSIGNMENT((#6704));
#3046=VERTEX_POINT('',#6705);
#3047=PRESENTATION_STYLE_ASSIGNMENT((#6706));
#3048=EDGE_CURVE('',#4972,#2266,#6707,.T.);
#3049=PRESENTATION_STYLE_ASSIGNMENT((#6708));
#3050=EDGE_CURVE('',#2144,#1906,#6709,.T.);
#3051=PRESENTATION_STYLE_ASSIGNMENT((#6710));
#3052=EDGE_CURVE('',#2780,#1930,#6711,.T.);
#3053=PRESENTATION_STYLE_ASSIGNMENT((#6712));
#3054=EDGE_CURVE('',#4546,#3950,#6713,.T.);
#3055=PRESENTATION_STYLE_ASSIGNMENT((#6714));
#3056=EDGE_CURVE('',#3222,#3766,#6715,.T.);
#3057=PRESENTATION_STYLE_ASSIGNMENT((#6716));
#3058=EDGE_CURVE('',#3474,#3570,#6717,.T.);
#3059=PRESENTATION_STYLE_ASSIGNMENT((#6718));
#3060=ADVANCED_FACE('',(#6719),#6720,.F.);
#3061=PRESENTATION_STYLE_ASSIGNMENT((#6721));
#3062=EDGE_CURVE('',#4800,#3280,#6722,.T.);
#3063=PRESENTATION_STYLE_ASSIGNMENT((#6723));
#3064=VERTEX_POINT('',#6724);
#3065=PRESENTATION_STYLE_ASSIGNMENT((#6725));
#3066=VERTEX_POINT('',#6726);
#3067=PRESENTATION_STYLE_ASSIGNMENT((#6727));
#3068=EDGE_CURVE('',#2458,#3828,#6728,.T.);
#3069=PRESENTATION_STYLE_ASSIGNMENT((#6729));
#3070=EDGE_CURVE('',#2388,#3580,#6730,.T.);
#3071=PRESENTATION_STYLE_ASSIGNMENT((#6731));
#3072=EDGE_CURVE('',#2610,#4742,#6732,.T.);
#3073=PRESENTATION_STYLE_ASSIGNMENT((#6733));
#3074=EDGE_CURVE('',#3300,#2550,#6734,.T.);
#3075=PRESENTATION_STYLE_ASSIGNMENT((#6735));
#3076=EDGE_CURVE('',#1906,#3040,#6736,.T.);
#3077=PRESENTATION_STYLE_ASSIGNMENT((#6737));
#3078=ADVANCED_FACE('',(#6738),#6739,.T.);
#3079=PRESENTATION_STYLE_ASSIGNMENT((#6740));
#3080=VERTEX_POINT('',#6741);
#3081=PRESENTATION_STYLE_ASSIGNMENT((#6742));
#3082=VERTEX_POINT('',#6743);
#3083=PRESENTATION_STYLE_ASSIGNMENT((#6744));
#3084=EDGE_CURVE('',#3784,#2994,#6745,.T.);
#3085=PRESENTATION_STYLE_ASSIGNMENT((#6746));
#3086=EDGE_CURVE('',#4682,#4846,#6747,.T.);
#3087=PRESENTATION_STYLE_ASSIGNMENT((#6748));
#3088=EDGE_CURVE('',#3646,#3894,#6749,.T.);
#3089=PRESENTATION_STYLE_ASSIGNMENT((#6750));
#3090=EDGE_CURVE('',#2372,#3164,#6751,.T.);
#3091=PRESENTATION_STYLE_ASSIGNMENT((#6752));
#3092=EDGE_CURVE('',#5200,#3276,#6753,.T.);
#3093=PRESENTATION_STYLE_ASSIGNMENT((#6754));
#3094=VERTEX_POINT('',#6755);
#3095=PRESENTATION_STYLE_ASSIGNMENT((#6756));
#3096=EDGE_CURVE('',#4918,#3478,#6757,.T.);
#3097=PRESENTATION_STYLE_ASSIGNMENT((#6758));
#3098=EDGE_CURVE('',#3682,#3222,#6759,.T.);
#3099=PRESENTATION_STYLE_ASSIGNMENT((#6760));
#3100=EDGE_CURVE('',#2692,#2474,#6761,.T.);
#3101=PRESENTATION_STYLE_ASSIGNMENT((#6762));
#3102=ADVANCED_FACE('',(#6763),#6764,.T.);
#3103=PRESENTATION_STYLE_ASSIGNMENT((#6765));
#3104=EDGE_CURVE('',#5266,#4172,#6766,.T.);
#3105=PRESENTATION_STYLE_ASSIGNMENT((#6767));
#3106=VERTEX_POINT('',#6768);
#3107=PRESENTATION_STYLE_ASSIGNMENT((#6769));
#3108=VERTEX_POINT('',#6770);
#3109=PRESENTATION_STYLE_ASSIGNMENT((#6771));
#3110=ADVANCED_FACE('',(#6772),#6773,.F.);
#3111=PRESENTATION_STYLE_ASSIGNMENT((#6774));
#3112=VERTEX_POINT('',#6775);
#3113=PRESENTATION_STYLE_ASSIGNMENT((#6776));
#3114=VERTEX_POINT('',#6777);
#3115=PRESENTATION_STYLE_ASSIGNMENT((#6778));
#3116=EDGE_CURVE('',#2762,#3042,#6779,.T.);
#3117=PRESENTATION_STYLE_ASSIGNMENT((#6780));
#3118=VERTEX_POINT('',#6781);
#3119=PRESENTATION_STYLE_ASSIGNMENT((#6782));
#3120=EDGE_CURVE('',#2674,#1906,#6783,.T.);
#3121=PRESENTATION_STYLE_ASSIGNMENT((#6784));
#3122=VERTEX_POINT('',#6785);
#3123=PRESENTATION_STYLE_ASSIGNMENT((#6786));
#3124=VERTEX_POINT('',#6787);
#3125=PRESENTATION_STYLE_ASSIGNMENT((#6788));
#3126=EDGE_CURVE('',#2320,#3664,#6789,.T.);
#3127=PRESENTATION_STYLE_ASSIGNMENT((#6790));
#3128=EDGE_CURVE('',#4560,#2782,#6791,.T.);
#3129=PRESENTATION_STYLE_ASSIGNMENT((#6792));
#3130=VERTEX_POINT('',#6793);
#3131=PRESENTATION_STYLE_ASSIGNMENT((#6794));
#3132=EDGE_CURVE('',#4588,#4856,#6795,.T.);
#3133=PRESENTATION_STYLE_ASSIGNMENT((#6796));
#3134=VERTEX_POINT('',#6797);
#3135=PRESENTATION_STYLE_ASSIGNMENT((#6798));
#3136=EDGE_CURVE('',#1838,#4830,#6799,.T.);
#3137=PRESENTATION_STYLE_ASSIGNMENT((#6800));
#3138=ADVANCED_FACE('',(#6801),#6802,.F.);
#3139=PRESENTATION_STYLE_ASSIGNMENT((#6803));
#3140=EDGE_CURVE('',#3460,#4282,#6804,.T.);
#3141=PRESENTATION_STYLE_ASSIGNMENT((#6805));
#3142=VERTEX_POINT('',#6806);
#3143=PRESENTATION_STYLE_ASSIGNMENT((#6807));
#3144=EDGE_CURVE('',#2644,#2280,#6808,.T.);
#3145=PRESENTATION_STYLE_ASSIGNMENT((#6809));
#3146=EDGE_CURVE('',#3242,#3692,#6810,.T.);
#3147=PRESENTATION_STYLE_ASSIGNMENT((#6811));
#3148=EDGE_CURVE('',#2750,#3560,#6812,.T.);
#3149=PRESENTATION_STYLE_ASSIGNMENT((#6813));
#3150=VERTEX_POINT('',#6814);
#3151=PRESENTATION_STYLE_ASSIGNMENT((#6815));
#3152=EDGE_CURVE('',#4316,#3412,#6816,.T.);
#3153=PRESENTATION_STYLE_ASSIGNMENT((#6817));
#3154=VERTEX_POINT('',#6818);
#3155=PRESENTATION_STYLE_ASSIGNMENT((#6819));
#3156=VERTEX_POINT('',#6820);
#3157=PRESENTATION_STYLE_ASSIGNMENT((#6821));
#3158=EDGE_CURVE('',#2028,#2878,#6822,.T.);
#3159=PRESENTATION_STYLE_ASSIGNMENT((#6823));
#3160=EDGE_CURVE('',#2242,#2906,#6824,.T.);
#3161=PRESENTATION_STYLE_ASSIGNMENT((#6825));
#3162=EDGE_CURVE('',#3728,#1902,#6826,.T.);
#3163=PRESENTATION_STYLE_ASSIGNMENT((#6827));
#3164=VERTEX_POINT('',#6828);
#3165=PRESENTATION_STYLE_ASSIGNMENT((#6829));
#3166=EDGE_CURVE('',#2836,#5100,#6830,.T.);
#3167=PRESENTATION_STYLE_ASSIGNMENT((#6831));
#3168=VERTEX_POINT('',#6832);
#3169=PRESENTATION_STYLE_ASSIGNMENT((#6833));
#3170=VERTEX_POINT('',#6834);
#3171=PRESENTATION_STYLE_ASSIGNMENT((#6835));
#3172=EDGE_CURVE('',#4486,#3170,#6836,.T.);
#3173=PRESENTATION_STYLE_ASSIGNMENT((#6837));
#3174=EDGE_CURVE('',#3448,#5026,#6838,.T.);
#3175=PRESENTATION_STYLE_ASSIGNMENT((#6839));
#3176=ADVANCED_FACE('',(#6840),#6841,.T.);
#3177=PRESENTATION_STYLE_ASSIGNMENT((#6842));
#3178=EDGE_CURVE('',#3258,#3214,#6843,.T.);
#3179=PRESENTATION_STYLE_ASSIGNMENT((#6844));
#3180=VERTEX_POINT('',#6845);
#3181=PRESENTATION_STYLE_ASSIGNMENT((#6846));
#3182=VERTEX_POINT('',#6847);
#3183=PRESENTATION_STYLE_ASSIGNMENT((#6848));
#3184=EDGE_CURVE('',#1920,#3662,#6849,.T.);
#3185=PRESENTATION_STYLE_ASSIGNMENT((#6850));
#3186=EDGE_CURVE('',#4528,#4940,#6851,.T.);
#3187=PRESENTATION_STYLE_ASSIGNMENT((#6852));
#3188=ADVANCED_FACE('',(#6853),#6854,.T.);
#3189=PRESENTATION_STYLE_ASSIGNMENT((#6855));
#3190=ADVANCED_FACE('',(#6856),#6857,.T.);
#3191=PRESENTATION_STYLE_ASSIGNMENT((#6858));
#3192=EDGE_CURVE('',#2622,#3828,#6859,.T.);
#3193=PRESENTATION_STYLE_ASSIGNMENT((#6860));
#3194=EDGE_CURVE('',#3286,#4578,#6861,.T.);
#3195=PRESENTATION_STYLE_ASSIGNMENT((#6862));
#3196=ADVANCED_FACE('',(#6863,#6864),#6865,.F.);
#3197=PRESENTATION_STYLE_ASSIGNMENT((#6866));
#3198=EDGE_CURVE('',#4172,#4196,#6867,.T.);
#3199=PRESENTATION_STYLE_ASSIGNMENT((#6868));
#3200=EDGE_CURVE('',#4420,#3746,#6869,.T.);
#3201=PRESENTATION_STYLE_ASSIGNMENT((#6870));
#3202=ADVANCED_FACE('',(#6871),#6872,.T.);
#3203=PRESENTATION_STYLE_ASSIGNMENT((#6873));
#3204=VERTEX_POINT('',#6874);
#3205=PRESENTATION_STYLE_ASSIGNMENT((#6875));
#3206=EDGE_CURVE('',#1838,#4724,#6876,.T.);
#3207=PRESENTATION_STYLE_ASSIGNMENT((#6877));
#3208=EDGE_CURVE('',#2262,#3660,#6878,.T.);
#3209=PRESENTATION_STYLE_ASSIGNMENT((#6879));
#3210=VERTEX_POINT('',#6880);
#3211=PRESENTATION_STYLE_ASSIGNMENT((#6881));
#3212=EDGE_CURVE('',#4348,#4020,#6882,.T.);
#3213=PRESENTATION_STYLE_ASSIGNMENT((#6883));
#3214=VERTEX_POINT('',#6884);
#3215=PRESENTATION_STYLE_ASSIGNMENT((#6885));
#3216=EDGE_CURVE('',#4504,#5126,#6886,.T.);
#3217=PRESENTATION_STYLE_ASSIGNMENT((#6887));
#3218=ADVANCED_FACE('',(#6888),#6889,.T.);
#3219=PRESENTATION_STYLE_ASSIGNMENT((#6890));
#3220=ADVANCED_FACE('',(#6891),#6892,.T.);
#3221=PRESENTATION_STYLE_ASSIGNMENT((#6893));
#3222=VERTEX_POINT('',#6894);
#3223=PRESENTATION_STYLE_ASSIGNMENT((#6895));
#3224=EDGE_CURVE('',#2984,#3022,#6896,.T.);
#3225=PRESENTATION_STYLE_ASSIGNMENT((#6897));
#3226=EDGE_CURVE('',#2788,#3946,#6898,.T.);
#3227=PRESENTATION_STYLE_ASSIGNMENT((#6899));
#3228=EDGE_CURVE('',#3112,#3286,#6900,.T.);
#3229=PRESENTATION_STYLE_ASSIGNMENT((#6901));
#3230=EDGE_CURVE('',#3046,#2038,#6902,.T.);
#3231=PRESENTATION_STYLE_ASSIGNMENT((#6903));
#3232=VERTEX_POINT('',#6904);
#3233=PRESENTATION_STYLE_ASSIGNMENT((#6905));
#3234=EDGE_CURVE('',#2872,#2968,#6906,.T.);
#3235=PRESENTATION_STYLE_ASSIGNMENT((#6907));
#3236=VERTEX_POINT('',#6908);
#3237=PRESENTATION_STYLE_ASSIGNMENT((#6909));
#3238=ADVANCED_FACE('',(#6910),#6911,.T.);
#3239=PRESENTATION_STYLE_ASSIGNMENT((#6912));
#3240=EDGE_CURVE('',#2474,#4584,#6913,.T.);
#3241=PRESENTATION_STYLE_ASSIGNMENT((#6914));
#3242=VERTEX_POINT('',#6915);
#3243=PRESENTATION_STYLE_ASSIGNMENT((#6916));
#3244=EDGE_CURVE('',#2310,#4180,#6917,.T.);
#3245=PRESENTATION_STYLE_ASSIGNMENT((#6918));
#3246=EDGE_CURVE('',#4584,#3890,#6919,.T.);
#3247=PRESENTATION_STYLE_ASSIGNMENT((#6920));
#3248=EDGE_CURVE('',#4232,#4824,#6921,.T.);
#3249=PRESENTATION_STYLE_ASSIGNMENT((#6922));
#3250=ADVANCED_FACE('',(#6923),#6924,.T.);
#3251=PRESENTATION_STYLE_ASSIGNMENT((#6925));
#3252=VERTEX_POINT('',#6926);
#3253=PRESENTATION_STYLE_ASSIGNMENT((#6927));
#3254=ADVANCED_FACE('',(#6928),#6929,.T.);
#3255=PRESENTATION_STYLE_ASSIGNMENT((#6930));
#3256=ADVANCED_FACE('',(#6931),#6932,.T.);
#3257=PRESENTATION_STYLE_ASSIGNMENT((#6933));
#3258=VERTEX_POINT('',#6934);
#3259=PRESENTATION_STYLE_ASSIGNMENT((#6935));
#3260=EDGE_CURVE('',#3232,#2830,#6936,.T.);
#3261=PRESENTATION_STYLE_ASSIGNMENT((#6937));
#3262=EDGE_CURVE('',#3770,#3966,#6938,.T.);
#3263=PRESENTATION_STYLE_ASSIGNMENT((#6939));
#3264=EDGE_CURVE('',#3966,#3006,#6940,.T.);
#3265=PRESENTATION_STYLE_ASSIGNMENT((#6941));
#3266=EDGE_CURVE('',#4412,#4076,#6942,.T.);
#3267=PRESENTATION_STYLE_ASSIGNMENT((#6943));
#3268=VERTEX_POINT('',#6944);
#3269=PRESENTATION_STYLE_ASSIGNMENT((#6945));
#3270=EDGE_CURVE('',#2300,#3950,#6946,.T.);
#3271=PRESENTATION_STYLE_ASSIGNMENT((#6947));
#3272=EDGE_CURVE('',#4044,#2184,#6948,.T.);
#3273=PRESENTATION_STYLE_ASSIGNMENT((#6949));
#3274=ADVANCED_FACE('',(#6950),#6951,.F.);
#3275=PRESENTATION_STYLE_ASSIGNMENT((#6952));
#3276=VERTEX_POINT('',#6953);
#3277=PRESENTATION_STYLE_ASSIGNMENT((#6954));
#3278=VERTEX_POINT('',#6955);
#3279=PRESENTATION_STYLE_ASSIGNMENT((#6956));
#3280=VERTEX_POINT('',#6957);
#3281=PRESENTATION_STYLE_ASSIGNMENT((#6958));
#3282=EDGE_CURVE('',#4550,#3774,#6959,.T.);
#3283=PRESENTATION_STYLE_ASSIGNMENT((#6960));
#3284=VERTEX_POINT('',#6961);
#3285=PRESENTATION_STYLE_ASSIGNMENT((#6962));
#3286=VERTEX_POINT('',#6963);
#3287=PRESENTATION_STYLE_ASSIGNMENT((#6964));
#3288=EDGE_CURVE('',#4854,#5048,#6965,.T.);
#3289=PRESENTATION_STYLE_ASSIGNMENT((#6966));
#3290=VERTEX_POINT('',#6967);
#3291=PRESENTATION_STYLE_ASSIGNMENT((#6968));
#3292=ADVANCED_FACE('',(#6969),#6970,.T.);
#3293=PRESENTATION_STYLE_ASSIGNMENT((#6971));
#3294=EDGE_CURVE('',#4308,#3066,#6972,.T.);
#3295=PRESENTATION_STYLE_ASSIGNMENT((#6973));
#3296=VERTEX_POINT('',#6974);
#3297=PRESENTATION_STYLE_ASSIGNMENT((#6975));
#3298=VERTEX_POINT('',#6976);
#3299=PRESENTATION_STYLE_ASSIGNMENT((#6977));
#3300=VERTEX_POINT('',#6978);
#3301=PRESENTATION_STYLE_ASSIGNMENT((#6979));
#3302=EDGE_CURVE('',#3692,#3346,#6980,.T.);
#3303=PRESENTATION_STYLE_ASSIGNMENT((#6981));
#3304=EDGE_CURVE('',#4604,#4770,#6982,.T.);
#3305=PRESENTATION_STYLE_ASSIGNMENT((#6983));
#3306=VERTEX_POINT('',#6984);
#3307=PRESENTATION_STYLE_ASSIGNMENT((#6985));
#3308=ADVANCED_FACE('',(#6986,#6987),#6988,.F.);
#3309=PRESENTATION_STYLE_ASSIGNMENT((#6989));
#3310=EDGE_CURVE('',#5026,#4770,#6990,.T.);
#3311=PRESENTATION_STYLE_ASSIGNMENT((#6991));
#3312=EDGE_CURVE('',#4368,#2088,#6992,.T.);
#3313=PRESENTATION_STYLE_ASSIGNMENT((#6993));
#3314=EDGE_CURVE('',#3706,#3042,#6994,.T.);
#3315=PRESENTATION_STYLE_ASSIGNMENT((#6995));
#3316=VERTEX_POINT('',#6996);
#3317=PRESENTATION_STYLE_ASSIGNMENT((#6997));
#3318=EDGE_CURVE('',#3570,#4448,#6998,.T.);
#3319=PRESENTATION_STYLE_ASSIGNMENT((#6999));
#3320=EDGE_CURVE('',#2592,#1964,#7000,.T.);
#3321=PRESENTATION_STYLE_ASSIGNMENT((#7001));
#3322=VERTEX_POINT('',#7002);
#3323=PRESENTATION_STYLE_ASSIGNMENT((#7003));
#3324=VERTEX_POINT('',#7004);
#3325=PRESENTATION_STYLE_ASSIGNMENT((#7005));
#3326=VERTEX_POINT('',#7006);
#3327=PRESENTATION_STYLE_ASSIGNMENT((#7007));
#3328=VERTEX_POINT('',#7008);
#3329=PRESENTATION_STYLE_ASSIGNMENT((#7009));
#3330=EDGE_CURVE('',#5248,#4486,#7010,.T.);
#3331=PRESENTATION_STYLE_ASSIGNMENT((#7011));
#3332=EDGE_CURVE('',#4966,#2956,#7012,.T.);
#3333=PRESENTATION_STYLE_ASSIGNMENT((#7013));
#3334=EDGE_CURVE('',#4266,#3106,#7014,.T.);
#3335=PRESENTATION_STYLE_ASSIGNMENT((#7015));
#3336=ADVANCED_FACE('',(#7016),#7017,.F.);
#3337=PRESENTATION_STYLE_ASSIGNMENT((#7018));
#3338=VERTEX_POINT('',#7019);
#3339=PRESENTATION_STYLE_ASSIGNMENT((#7020));
#3340=EDGE_CURVE('',#4768,#4556,#7021,.T.);
#3341=PRESENTATION_STYLE_ASSIGNMENT((#7022));
#3342=EDGE_CURVE('',#4266,#2160,#7023,.T.);
#3343=PRESENTATION_STYLE_ASSIGNMENT((#7024));
#3344=EDGE_CURVE('',#3280,#5164,#7025,.T.);
#3345=PRESENTATION_STYLE_ASSIGNMENT((#7026));
#3346=VERTEX_POINT('',#7027);
#3347=PRESENTATION_STYLE_ASSIGNMENT((#7028));
#3348=EDGE_CURVE('',#5300,#1830,#7029,.T.);
#3349=PRESENTATION_STYLE_ASSIGNMENT((#7030));
#3350=EDGE_CURVE('',#4624,#4090,#7031,.T.);
#3351=PRESENTATION_STYLE_ASSIGNMENT((#7032));
#3352=EDGE_CURVE('',#4828,#1854,#7033,.T.);
#3353=PRESENTATION_STYLE_ASSIGNMENT((#7034));
#3354=ADVANCED_FACE('',(#7035),#7036,.F.);
#3355=PRESENTATION_STYLE_ASSIGNMENT((#7037));
#3356=EDGE_CURVE('',#3420,#2862,#7038,.T.);
#3357=PRESENTATION_STYLE_ASSIGNMENT((#7039));
#3358=ADVANCED_FACE('',(#7040),#7041,.F.);
#3359=PRESENTATION_STYLE_ASSIGNMENT((#7042));
#3360=EDGE_CURVE('',#2806,#4988,#7043,.T.);
#3361=PRESENTATION_STYLE_ASSIGNMENT((#7044));
#3362=EDGE_CURVE('',#3306,#2630,#7045,.T.);
#3363=PRESENTATION_STYLE_ASSIGNMENT((#7046));
#3364=EDGE_CURVE('',#2478,#3106,#7047,.T.);
#3365=PRESENTATION_STYLE_ASSIGNMENT((#7048));
#3366=ADVANCED_FACE('',(#7049),#7050,.T.);
#3367=PRESENTATION_STYLE_ASSIGNMENT((#7051));
#3368=EDGE_CURVE('',#4584,#4546,#7052,.T.);
#3369=PRESENTATION_STYLE_ASSIGNMENT((#7053));
#3370=VERTEX_POINT('',#7054);
#3371=PRESENTATION_STYLE_ASSIGNMENT((#7055));
#3372=VERTEX_POINT('',#7056);
#3373=PRESENTATION_STYLE_ASSIGNMENT((#7057));
#3374=ADVANCED_FACE('',(#7058),#7059,.T.);
#3375=PRESENTATION_STYLE_ASSIGNMENT((#7060));
#3376=EDGE_CURVE('',#2586,#4536,#7061,.T.);
#3377=PRESENTATION_STYLE_ASSIGNMENT((#7062));
#3378=VERTEX_POINT('',#7063);
#3379=PRESENTATION_STYLE_ASSIGNMENT((#7064));
#3380=EDGE_CURVE('',#5212,#3300,#7065,.T.);
#3381=PRESENTATION_STYLE_ASSIGNMENT((#7066));
#3382=ADVANCED_FACE('',(#7067),#7068,.F.);
#3383=PRESENTATION_STYLE_ASSIGNMENT((#7069));
#3384=EDGE_CURVE('',#4008,#3682,#7070,.T.);
#3385=PRESENTATION_STYLE_ASSIGNMENT((#7071));
#3386=VERTEX_POINT('',#7072);
#3387=PRESENTATION_STYLE_ASSIGNMENT((#7073));
#3388=EDGE_CURVE('',#4070,#2010,#7074,.T.);
#3389=PRESENTATION_STYLE_ASSIGNMENT((#7075));
#3390=EDGE_CURVE('',#3286,#3006,#7076,.T.);
#3391=PRESENTATION_STYLE_ASSIGNMENT((#7077));
#3392=EDGE_CURVE('',#2792,#3864,#7078,.T.);
#3393=PRESENTATION_STYLE_ASSIGNMENT((#7079));
#3394=EDGE_CURVE('',#3022,#4600,#7080,.T.);
#3395=PRESENTATION_STYLE_ASSIGNMENT((#7081));
#3396=EDGE_CURVE('',#4824,#3338,#7082,.T.);
#3397=PRESENTATION_STYLE_ASSIGNMENT((#7083));
#3398=EDGE_CURVE('',#2082,#1792,#7084,.T.);
#3399=PRESENTATION_STYLE_ASSIGNMENT((#7085));
#3400=VERTEX_POINT('',#7086);
#3401=PRESENTATION_STYLE_ASSIGNMENT((#7087));
#3402=VERTEX_POINT('',#7088);
#3403=PRESENTATION_STYLE_ASSIGNMENT((#7089));
#3404=ADVANCED_FACE('',(#7090),#7091,.F.);
#3405=PRESENTATION_STYLE_ASSIGNMENT((#7092));
#3406=EDGE_CURVE('',#3412,#2592,#7093,.T.);
#3407=PRESENTATION_STYLE_ASSIGNMENT((#7094));
#3408=EDGE_CURVE('',#3642,#2436,#7095,.T.);
#3409=PRESENTATION_STYLE_ASSIGNMENT((#7096));
#3410=VERTEX_POINT('',#7097);
#3411=PRESENTATION_STYLE_ASSIGNMENT((#7098));
#3412=VERTEX_POINT('',#7099);
#3413=PRESENTATION_STYLE_ASSIGNMENT((#7100));
#3414=VERTEX_POINT('',#7101);
#3415=PRESENTATION_STYLE_ASSIGNMENT((#7102));
#3416=EDGE_CURVE('',#2214,#4466,#7103,.T.);
#3417=PRESENTATION_STYLE_ASSIGNMENT((#7104));
#3418=EDGE_CURVE('',#1788,#1972,#7105,.T.);
#3419=PRESENTATION_STYLE_ASSIGNMENT((#7106));
#3420=VERTEX_POINT('',#7107);
#3421=PRESENTATION_STYLE_ASSIGNMENT((#7108));
#3422=EDGE_CURVE('',#3214,#3512,#7109,.T.);
#3423=PRESENTATION_STYLE_ASSIGNMENT((#7110));
#3424=ADVANCED_FACE('',(#7111),#7112,.F.);
#3425=PRESENTATION_STYLE_ASSIGNMENT((#7113));
#3426=VERTEX_POINT('',#7114);
#3427=PRESENTATION_STYLE_ASSIGNMENT((#7115));
#3428=ADVANCED_FACE('',(#7116),#7117,.T.);
#3429=PRESENTATION_STYLE_ASSIGNMENT((#7118));
#3430=EDGE_CURVE('',#3324,#2262,#7119,.T.);
#3431=PRESENTATION_STYLE_ASSIGNMENT((#7120));
#3432=EDGE_CURVE('',#2634,#3608,#7121,.T.);
#3433=PRESENTATION_STYLE_ASSIGNMENT((#7122));
#3434=EDGE_CURVE('',#4356,#2564,#7123,.T.);
#3435=PRESENTATION_STYLE_ASSIGNMENT((#7124));
#3436=EDGE_CURVE('',#4830,#3662,#7125,.T.);
#3437=PRESENTATION_STYLE_ASSIGNMENT((#7126));
#3438=EDGE_CURVE('',#2564,#3590,#7127,.T.);
#3439=PRESENTATION_STYLE_ASSIGNMENT((#7128));
#3440=EDGE_CURVE('',#4370,#3268,#7129,.T.);
#3441=PRESENTATION_STYLE_ASSIGNMENT((#7130));
#3442=EDGE_CURVE('',#3954,#3918,#7131,.T.);
#3443=PRESENTATION_STYLE_ASSIGNMENT((#7132));
#3444=EDGE_CURVE('',#1964,#4186,#7133,.T.);
#3445=PRESENTATION_STYLE_ASSIGNMENT((#7134));
#3446=EDGE_CURVE('',#2636,#1932,#7135,.T.);
#3447=PRESENTATION_STYLE_ASSIGNMENT((#7136));
#3448=VERTEX_POINT('',#7137);
#3449=PRESENTATION_STYLE_ASSIGNMENT((#7138));
#3450=EDGE_CURVE('',#4274,#1972,#7139,.T.);
#3451=PRESENTATION_STYLE_ASSIGNMENT((#7140));
#3452=EDGE_CURVE('',#2910,#2658,#7141,.T.);
#3453=PRESENTATION_STYLE_ASSIGNMENT((#7142));
#3454=ADVANCED_FACE('',(#7143),#7144,.F.);
#3455=PRESENTATION_STYLE_ASSIGNMENT((#7145));
#3456=VERTEX_POINT('',#7146);
#3457=PRESENTATION_STYLE_ASSIGNMENT((#7147));
#3458=VERTEX_POINT('',#7148);
#3459=PRESENTATION_STYLE_ASSIGNMENT((#7149));
#3460=VERTEX_POINT('',#7150);
#3461=PRESENTATION_STYLE_ASSIGNMENT((#7151));
#3462=EDGE_CURVE('',#2434,#2100,#7152,.T.);
#3463=PRESENTATION_STYLE_ASSIGNMENT((#7153));
#3464=ADVANCED_FACE('',(#7154),#7155,.T.);
#3465=PRESENTATION_STYLE_ASSIGNMENT((#7156));
#3466=EDGE_CURVE('',#2788,#4404,#7157,.T.);
#3467=PRESENTATION_STYLE_ASSIGNMENT((#7158));
#3468=VERTEX_POINT('',#7159);
#3469=PRESENTATION_STYLE_ASSIGNMENT((#7160));
#3470=VERTEX_POINT('',#7161);
#3471=PRESENTATION_STYLE_ASSIGNMENT((#7162));
#3472=ADVANCED_FACE('',(#7163),#7164,.F.);
#3473=PRESENTATION_STYLE_ASSIGNMENT((#7165));
#3474=VERTEX_POINT('',#7166);
#3475=PRESENTATION_STYLE_ASSIGNMENT((#7167));
#3476=VERTEX_POINT('',#7168);
#3477=PRESENTATION_STYLE_ASSIGNMENT((#7169));
#3478=VERTEX_POINT('',#7170);
#3479=PRESENTATION_STYLE_ASSIGNMENT((#7171));
#3480=VERTEX_POINT('',#7172);
#3481=PRESENTATION_STYLE_ASSIGNMENT((#7173));
#3482=EDGE_CURVE('',#5078,#1838,#7174,.T.);
#3483=PRESENTATION_STYLE_ASSIGNMENT((#7175));
#3484=ADVANCED_FACE('',(#7176),#7177,.F.);
#3485=PRESENTATION_STYLE_ASSIGNMENT((#7178));
#3486=EDGE_CURVE('',#3290,#2378,#7179,.T.);
#3487=PRESENTATION_STYLE_ASSIGNMENT((#7180));
#3488=EDGE_CURVE('',#2322,#4062,#7181,.T.);
#3489=PRESENTATION_STYLE_ASSIGNMENT((#7182));
#3490=EDGE_CURVE('',#4208,#4556,#7183,.T.);
#3491=PRESENTATION_STYLE_ASSIGNMENT((#7184));
#3492=EDGE_CURVE('',#2062,#2860,#7185,.T.);
#3493=PRESENTATION_STYLE_ASSIGNMENT((#7186));
#3494=EDGE_CURVE('',#4180,#4836,#7187,.T.);
#3495=PRESENTATION_STYLE_ASSIGNMENT((#7188));
#3496=EDGE_CURVE('',#3118,#4286,#7189,.T.);
#3497=PRESENTATION_STYLE_ASSIGNMENT((#7190));
#3498=VERTEX_POINT('',#7191);
#3499=PRESENTATION_STYLE_ASSIGNMENT((#7192));
#3500=EDGE_CURVE('',#4706,#2018,#7193,.T.);
#3501=PRESENTATION_STYLE_ASSIGNMENT((#7194));
#3502=EDGE_CURVE('',#1992,#2792,#7195,.T.);
#3503=PRESENTATION_STYLE_ASSIGNMENT((#7196));
#3504=VERTEX_POINT('',#7197);
#3505=PRESENTATION_STYLE_ASSIGNMENT((#7198));
#3506=ADVANCED_FACE('',(#7199),#7200,.T.);
#3507=PRESENTATION_STYLE_ASSIGNMENT((#7201));
#3508=VERTEX_POINT('',#7202);
#3509=PRESENTATION_STYLE_ASSIGNMENT((#7203));
#3510=VERTEX_POINT('',#7204);
#3511=PRESENTATION_STYLE_ASSIGNMENT((#7205));
#3512=VERTEX_POINT('',#7206);
#3513=PRESENTATION_STYLE_ASSIGNMENT((#7207));
#3514=ADVANCED_FACE('',(#7208),#7209,.T.);
#3515=PRESENTATION_STYLE_ASSIGNMENT((#7210));
#3516=EDGE_CURVE('',#1914,#4702,#7211,.T.);
#3517=PRESENTATION_STYLE_ASSIGNMENT((#7212));
#3518=EDGE_CURVE('',#2350,#3834,#7213,.T.);
#3519=PRESENTATION_STYLE_ASSIGNMENT((#7214));
#3520=ADVANCED_FACE('',(#7215,#7216),#7217,.F.);
#3521=PRESENTATION_STYLE_ASSIGNMENT((#7218));
#3522=ADVANCED_FACE('',(#7219),#7220,.T.);
#3523=PRESENTATION_STYLE_ASSIGNMENT((#7221));
#3524=ADVANCED_FACE('',(#7222),#7223,.F.);
#3525=PRESENTATION_STYLE_ASSIGNMENT((#7224));
#3526=EDGE_CURVE('',#1928,#3182,#7225,.T.);
#3527=PRESENTATION_STYLE_ASSIGNMENT((#7226));
#3528=ADVANCED_FACE('',(#7227),#7228,.F.);
#3529=PRESENTATION_STYLE_ASSIGNMENT((#7229));
#3530=EDGE_CURVE('',#3596,#3954,#7230,.T.);
#3531=PRESENTATION_STYLE_ASSIGNMENT((#7231));
#3532=EDGE_CURVE('',#2208,#4316,#7232,.T.);
#3533=PRESENTATION_STYLE_ASSIGNMENT((#7233));
#3534=EDGE_CURVE('',#2002,#5198,#7234,.T.);
#3535=PRESENTATION_STYLE_ASSIGNMENT((#7235));
#3536=EDGE_CURVE('',#4520,#1876,#7236,.T.);
#3537=PRESENTATION_STYLE_ASSIGNMENT((#7237));
#3538=VERTEX_POINT('',#7238);
#3539=PRESENTATION_STYLE_ASSIGNMENT((#7239));
#3540=EDGE_CURVE('',#3802,#2214,#7240,.T.);
#3541=PRESENTATION_STYLE_ASSIGNMENT((#7241));
#3542=EDGE_CURVE('',#4902,#3592,#7242,.T.);
#3543=PRESENTATION_STYLE_ASSIGNMENT((#7243));
#3544=ADVANCED_FACE('',(#7244),#7245,.F.);
#3545=PRESENTATION_STYLE_ASSIGNMENT((#7246));
#3546=EDGE_CURVE('',#2830,#5100,#7247,.T.);
#3547=PRESENTATION_STYLE_ASSIGNMENT((#7248));
#3548=EDGE_CURVE('',#3578,#1884,#7249,.T.);
#3549=PRESENTATION_STYLE_ASSIGNMENT((#7250));
#3550=ADVANCED_FACE('',(#7251),#7252,.F.);
#3551=PRESENTATION_STYLE_ASSIGNMENT((#7253));
#3552=ADVANCED_FACE('',(#7254),#7255,.T.);
#3553=PRESENTATION_STYLE_ASSIGNMENT((#7256));
#3554=VERTEX_POINT('',#7257);
#3555=PRESENTATION_STYLE_ASSIGNMENT((#7258));
#3556=EDGE_CURVE('',#3372,#2310,#7259,.T.);
#3557=PRESENTATION_STYLE_ASSIGNMENT((#7260));
#3558=EDGE_CURVE('',#2888,#3744,#7261,.T.);
#3559=PRESENTATION_STYLE_ASSIGNMENT((#7262));
#3560=VERTEX_POINT('',#7263);
#3561=PRESENTATION_STYLE_ASSIGNMENT((#7264));
#3562=EDGE_CURVE('',#3726,#2808,#7265,.T.);
#3563=PRESENTATION_STYLE_ASSIGNMENT((#7266));
#3564=EDGE_CURVE('',#4266,#5078,#7267,.T.);
#3565=PRESENTATION_STYLE_ASSIGNMENT((#7268));
#3566=EDGE_CURVE('',#3426,#4420,#7269,.T.);
#3567=PRESENTATION_STYLE_ASSIGNMENT((#7270));
#3568=VERTEX_POINT('',#7271);
#3569=PRESENTATION_STYLE_ASSIGNMENT((#7272));
#3570=VERTEX_POINT('',#7273);
#3571=PRESENTATION_STYLE_ASSIGNMENT((#7274));
#3572=VERTEX_POINT('',#7275);
#3573=PRESENTATION_STYLE_ASSIGNMENT((#7276));
#3574=VERTEX_POINT('',#7277);
#3575=PRESENTATION_STYLE_ASSIGNMENT((#7278));
#3576=VERTEX_POINT('',#7279);
#3577=PRESENTATION_STYLE_ASSIGNMENT((#7280));
#3578=VERTEX_POINT('',#7281);
#3579=PRESENTATION_STYLE_ASSIGNMENT((#7282));
#3580=VERTEX_POINT('',#7283);
#3581=PRESENTATION_STYLE_ASSIGNMENT((#7284));
#3582=ADVANCED_FACE('',(#7285),#7286,.T.);
#3583=PRESENTATION_STYLE_ASSIGNMENT((#7287));
#3584=EDGE_CURVE('',#2224,#4308,#7288,.T.);
#3585=PRESENTATION_STYLE_ASSIGNMENT((#7289));
#3586=EDGE_CURVE('',#3290,#4492,#7290,.T.);
#3587=PRESENTATION_STYLE_ASSIGNMENT((#7291));
#3588=VERTEX_POINT('',#7292);
#3589=PRESENTATION_STYLE_ASSIGNMENT((#7293));
#3590=VERTEX_POINT('',#7294);
#3591=PRESENTATION_STYLE_ASSIGNMENT((#7295));
#3592=VERTEX_POINT('',#7296);
#3593=PRESENTATION_STYLE_ASSIGNMENT((#7297));
#3594=VERTEX_POINT('',#7298);
#3595=PRESENTATION_STYLE_ASSIGNMENT((#7299));
#3596=VERTEX_POINT('',#7300);
#3597=PRESENTATION_STYLE_ASSIGNMENT((#7301));
#3598=EDGE_CURVE('',#5024,#5068,#7302,.T.);
#3599=PRESENTATION_STYLE_ASSIGNMENT((#7303));
#3600=ADVANCED_FACE('',(#7304),#7305,.T.);
#3601=PRESENTATION_STYLE_ASSIGNMENT((#7306));
#3602=EDGE_CURVE('',#3204,#3606,#7307,.T.);
#3603=PRESENTATION_STYLE_ASSIGNMENT((#7308));
#3604=ADVANCED_FACE('',(#7309),#7310,.F.);
#3605=PRESENTATION_STYLE_ASSIGNMENT((#7311));
#3606=VERTEX_POINT('',#7312);
#3607=PRESENTATION_STYLE_ASSIGNMENT((#7313));
#3608=VERTEX_POINT('',#7314);
#3609=PRESENTATION_STYLE_ASSIGNMENT((#7315));
#3610=EDGE_CURVE('',#4988,#4854,#7316,.T.);
#3611=PRESENTATION_STYLE_ASSIGNMENT((#7317));
#3612=VERTEX_POINT('',#7318);
#3613=PRESENTATION_STYLE_ASSIGNMENT((#7319));
#3614=ADVANCED_FACE('',(#7320),#7321,.T.);
#3615=PRESENTATION_STYLE_ASSIGNMENT((#7322));
#3616=EDGE_CURVE('',#4994,#1944,#7323,.T.);
#3617=PRESENTATION_STYLE_ASSIGNMENT((#7324));
#3618=EDGE_CURVE('',#2860,#5248,#7325,.T.);
#3619=PRESENTATION_STYLE_ASSIGNMENT((#7326));
#3620=EDGE_CURVE('',#3108,#5288,#7327,.T.);
#3621=PRESENTATION_STYLE_ASSIGNMENT((#7328));
#3622=VERTEX_POINT('',#7329);
#3623=PRESENTATION_STYLE_ASSIGNMENT((#7330));
#3624=VERTEX_POINT('',#7331);
#3625=PRESENTATION_STYLE_ASSIGNMENT((#7332));
#3626=VERTEX_POINT('',#7333);
#3627=PRESENTATION_STYLE_ASSIGNMENT((#7334));
#3628=VERTEX_POINT('',#7335);
#3629=PRESENTATION_STYLE_ASSIGNMENT((#7336));
#3630=VERTEX_POINT('',#7337);
#3631=PRESENTATION_STYLE_ASSIGNMENT((#7338));
#3632=VERTEX_POINT('',#7339);
#3633=PRESENTATION_STYLE_ASSIGNMENT((#7340));
#3634=VERTEX_POINT('',#7341);
#3635=PRESENTATION_STYLE_ASSIGNMENT((#7342));
#3636=EDGE_CURVE('',#4638,#2310,#7343,.T.);
#3637=PRESENTATION_STYLE_ASSIGNMENT((#7344));
#3638=EDGE_CURVE('',#1866,#3626,#7345,.T.);
#3639=PRESENTATION_STYLE_ASSIGNMENT((#7346));
#3640=ADVANCED_FACE('',(#7347),#7348,.F.);
#3641=PRESENTATION_STYLE_ASSIGNMENT((#7349));
#3642=VERTEX_POINT('',#7350);
#3643=PRESENTATION_STYLE_ASSIGNMENT((#7351));
#3644=EDGE_CURVE('',#3122,#4060,#7352,.T.);
#3645=PRESENTATION_STYLE_ASSIGNMENT((#7353));
#3646=VERTEX_POINT('',#7354);
#3647=PRESENTATION_STYLE_ASSIGNMENT((#7355));
#3648=EDGE_CURVE('',#5274,#2208,#7356,.T.);
#3649=PRESENTATION_STYLE_ASSIGNMENT((#7357));
#3650=EDGE_CURVE('',#3142,#2038,#7358,.T.);
#3651=PRESENTATION_STYLE_ASSIGNMENT((#7359));
#3652=VERTEX_POINT('',#7360);
#3653=PRESENTATION_STYLE_ASSIGNMENT((#7361));
#3654=VERTEX_POINT('',#7362);
#3655=PRESENTATION_STYLE_ASSIGNMENT((#7363));
#3656=EDGE_CURVE('',#5060,#5200,#7364,.T.);
#3657=PRESENTATION_STYLE_ASSIGNMENT((#7365));
#3658=ADVANCED_FACE('',(#7366),#7367,.F.);
#3659=PRESENTATION_STYLE_ASSIGNMENT((#7368));
#3660=VERTEX_POINT('',#7369);
#3661=PRESENTATION_STYLE_ASSIGNMENT((#7370));
#3662=VERTEX_POINT('',#7371);
#3663=PRESENTATION_STYLE_ASSIGNMENT((#7372));
#3664=VERTEX_POINT('',#7373);
#3665=PRESENTATION_STYLE_ASSIGNMENT((#7374));
#3666=EDGE_CURVE('',#5172,#3508,#7375,.T.);
#3667=PRESENTATION_STYLE_ASSIGNMENT((#7376));
#3668=ADVANCED_FACE('',(#7377),#7378,.F.);
#3669=PRESENTATION_STYLE_ASSIGNMENT((#7379));
#3670=VERTEX_POINT('',#7380);
#3671=PRESENTATION_STYLE_ASSIGNMENT((#7381));
#3672=ADVANCED_FACE('',(#7382),#7383,.T.);
#3673=PRESENTATION_STYLE_ASSIGNMENT((#7384));
#3674=VERTEX_POINT('',#7385);
#3675=PRESENTATION_STYLE_ASSIGNMENT((#7386));
#3676=EDGE_CURVE('',#4698,#2780,#7387,.T.);
#3677=PRESENTATION_STYLE_ASSIGNMENT((#7388));
#3678=EDGE_CURVE('',#1914,#1854,#7389,.T.);
#3679=PRESENTATION_STYLE_ASSIGNMENT((#7390));
#3680=ADVANCED_FACE('',(#7391),#7392,.T.);
#3681=PRESENTATION_STYLE_ASSIGNMENT((#7393));
#3682=VERTEX_POINT('',#7394);
#3683=PRESENTATION_STYLE_ASSIGNMENT((#7395));
#3684=EDGE_CURVE('',#4176,#4846,#7396,.T.);
#3685=PRESENTATION_STYLE_ASSIGNMENT((#7397));
#3686=EDGE_CURVE('',#4900,#2022,#7398,.T.);
#3687=PRESENTATION_STYLE_ASSIGNMENT((#7399));
#3688=EDGE_CURVE('',#3284,#3232,#7400,.T.);
#3689=PRESENTATION_STYLE_ASSIGNMENT((#7401));
#3690=EDGE_CURVE('',#2996,#5052,#7402,.T.);
#3691=PRESENTATION_STYLE_ASSIGNMENT((#7403));
#3692=VERTEX_POINT('',#7404);
#3693=PRESENTATION_STYLE_ASSIGNMENT((#7405));
#3694=EDGE_CURVE('',#2960,#2384,#7406,.T.);
#3695=PRESENTATION_STYLE_ASSIGNMENT((#7407));
#3696=ADVANCED_FACE('',(#7408),#7409,.T.);
#3697=PRESENTATION_STYLE_ASSIGNMENT((#7410));
#3698=EDGE_CURVE('',#4830,#4066,#7411,.T.);
#3699=PRESENTATION_STYLE_ASSIGNMENT((#7412));
#3700=EDGE_CURVE('',#4832,#2948,#7413,.T.);
#3701=PRESENTATION_STYLE_ASSIGNMENT((#7414));
#3702=ADVANCED_FACE('',(#7415),#7416,.T.);
#3703=PRESENTATION_STYLE_ASSIGNMENT((#7417));
#3704=VERTEX_POINT('',#7418);
#3705=PRESENTATION_STYLE_ASSIGNMENT((#7419));
#3706=VERTEX_POINT('',#7420);
#3707=PRESENTATION_STYLE_ASSIGNMENT((#7421));
#3708=VERTEX_POINT('',#7422);
#3709=PRESENTATION_STYLE_ASSIGNMENT((#7423));
#3710=VERTEX_POINT('',#7424);
#3711=PRESENTATION_STYLE_ASSIGNMENT((#7425));
#3712=EDGE_CURVE('',#3662,#4724,#7426,.T.);
#3713=PRESENTATION_STYLE_ASSIGNMENT((#7427));
#3714=EDGE_CURVE('',#4950,#2760,#7428,.T.);
#3715=PRESENTATION_STYLE_ASSIGNMENT((#7429));
#3716=EDGE_CURVE('',#4488,#1888,#7430,.T.);
#3717=PRESENTATION_STYLE_ASSIGNMENT((#7431));
#3718=VERTEX_POINT('',#7432);
#3719=PRESENTATION_STYLE_ASSIGNMENT((#7433));
#3720=VERTEX_POINT('',#7434);
#3721=PRESENTATION_STYLE_ASSIGNMENT((#7435));
#3722=VERTEX_POINT('',#7436);
#3723=PRESENTATION_STYLE_ASSIGNMENT((#7437));
#3724=EDGE_CURVE('',#3210,#3612,#7438,.T.);
#3725=PRESENTATION_STYLE_ASSIGNMENT((#7439));
#3726=VERTEX_POINT('',#7440);
#3727=PRESENTATION_STYLE_ASSIGNMENT((#7441));
#3728=VERTEX_POINT('',#7442);
#3729=PRESENTATION_STYLE_ASSIGNMENT((#7443));
#3730=ADVANCED_FACE('',(#7444),#7445,.F.);
#3731=PRESENTATION_STYLE_ASSIGNMENT((#7446));
#3732=ADVANCED_FACE('',(#7447),#7448,.T.);
#3733=PRESENTATION_STYLE_ASSIGNMENT((#7449));
#3734=EDGE_CURVE('',#2286,#3826,#7450,.T.);
#3735=PRESENTATION_STYLE_ASSIGNMENT((#7451));
#3736=ADVANCED_FACE('',(#7452),#7453,.F.);
#3737=PRESENTATION_STYLE_ASSIGNMENT((#7454));
#3738=VERTEX_POINT('',#7455);
#3739=PRESENTATION_STYLE_ASSIGNMENT((#7456));
#3740=EDGE_CURVE('',#1852,#4654,#7457,.T.);
#3741=PRESENTATION_STYLE_ASSIGNMENT((#7458));
#3742=ADVANCED_FACE('',(#7459),#7460,.T.);
#3743=PRESENTATION_STYLE_ASSIGNMENT((#7461));
#3744=VERTEX_POINT('',#7462);
#3745=PRESENTATION_STYLE_ASSIGNMENT((#7463));
#3746=VERTEX_POINT('',#7464);
#3747=PRESENTATION_STYLE_ASSIGNMENT((#7465));
#3748=VERTEX_POINT('',#7466);
#3749=PRESENTATION_STYLE_ASSIGNMENT((#7467));
#3750=EDGE_CURVE('',#3512,#3130,#7468,.T.);
#3751=PRESENTATION_STYLE_ASSIGNMENT((#7469));
#3752=ADVANCED_FACE('',(#7470),#7471,.T.);
#3753=PRESENTATION_STYLE_ASSIGNMENT((#7472));
#3754=EDGE_CURVE('',#3710,#3298,#7473,.T.);
#3755=PRESENTATION_STYLE_ASSIGNMENT((#7474));
#3756=VERTEX_POINT('',#7475);
#3757=PRESENTATION_STYLE_ASSIGNMENT((#7476));
#3758=EDGE_CURVE('',#1924,#2076,#7477,.T.);
#3759=PRESENTATION_STYLE_ASSIGNMENT((#7478));
#3760=EDGE_CURVE('',#3470,#3164,#7479,.T.);
#3761=PRESENTATION_STYLE_ASSIGNMENT((#7480));
#3762=EDGE_CURVE('',#5198,#3154,#7481,.T.);
#3763=PRESENTATION_STYLE_ASSIGNMENT((#7482));
#3764=VERTEX_POINT('',#7483);
#3765=PRESENTATION_STYLE_ASSIGNMENT((#7484));
#3766=VERTEX_POINT('',#7485);
#3767=PRESENTATION_STYLE_ASSIGNMENT((#7486));
#3768=ADVANCED_FACE('',(#7487),#7488,.F.);
#3769=PRESENTATION_STYLE_ASSIGNMENT((#7489));
#3770=VERTEX_POINT('',#7490);
#3771=PRESENTATION_STYLE_ASSIGNMENT((#7491));
#3772=EDGE_CURVE('',#4544,#3986,#7492,.T.);
#3773=PRESENTATION_STYLE_ASSIGNMENT((#7493));
#3774=VERTEX_POINT('',#7494);
#3775=PRESENTATION_STYLE_ASSIGNMENT((#7495));
#3776=VERTEX_POINT('',#7496);
#3777=PRESENTATION_STYLE_ASSIGNMENT((#7497));
#3778=VERTEX_POINT('',#7498);
#3779=PRESENTATION_STYLE_ASSIGNMENT((#7499));
#3780=ADVANCED_FACE('',(#7500),#7501,.F.);
#3781=PRESENTATION_STYLE_ASSIGNMENT((#7502));
#3782=ADVANCED_FACE('',(#7503),#7504,.F.);
#3783=PRESENTATION_STYLE_ASSIGNMENT((#7505));
#3784=VERTEX_POINT('',#7506);
#3785=PRESENTATION_STYLE_ASSIGNMENT((#7507));
#3786=EDGE_CURVE('',#3966,#4578,#7508,.T.);
#3787=PRESENTATION_STYLE_ASSIGNMENT((#7509));
#3788=ADVANCED_FACE('',(#7510),#7511,.F.);
#3789=PRESENTATION_STYLE_ASSIGNMENT((#7512));
#3790=EDGE_CURVE('',#2152,#4160,#7513,.T.);
#3791=PRESENTATION_STYLE_ASSIGNMENT((#7514));
#3792=EDGE_CURVE('',#1846,#4094,#7515,.T.);
#3793=PRESENTATION_STYLE_ASSIGNMENT((#7516));
#3794=EDGE_CURVE('',#3836,#3468,#7517,.T.);
#3795=PRESENTATION_STYLE_ASSIGNMENT((#7518));
#3796=ADVANCED_FACE('',(#7519),#7520,.T.);
#3797=PRESENTATION_STYLE_ASSIGNMENT((#7521));
#3798=ADVANCED_FACE('',(#7522),#7523,.T.);
#3799=PRESENTATION_STYLE_ASSIGNMENT((#7524));
#3800=EDGE_CURVE('',#2422,#3982,#7525,.T.);
#3801=PRESENTATION_STYLE_ASSIGNMENT((#7526));
#3802=VERTEX_POINT('',#7527);
#3803=PRESENTATION_STYLE_ASSIGNMENT((#7528));
#3804=EDGE_CURVE('',#4390,#5192,#7529,.T.);
#3805=PRESENTATION_STYLE_ASSIGNMENT((#7530));
#3806=VERTEX_POINT('',#7531);
#3807=PRESENTATION_STYLE_ASSIGNMENT((#7532));
#3808=VERTEX_POINT('',#7533);
#3809=PRESENTATION_STYLE_ASSIGNMENT((#7534));
#3810=EDGE_CURVE('',#3236,#3328,#7535,.T.);
#3811=PRESENTATION_STYLE_ASSIGNMENT((#7536));
#3812=EDGE_CURVE('',#5198,#4812,#7537,.T.);
#3813=PRESENTATION_STYLE_ASSIGNMENT((#7538));
#3814=EDGE_CURVE('',#4384,#3764,#7539,.T.);
#3815=PRESENTATION_STYLE_ASSIGNMENT((#7540));
#3816=EDGE_CURVE('',#3708,#1878,#7541,.T.);
#3817=PRESENTATION_STYLE_ASSIGNMENT((#7542));
#3818=EDGE_CURVE('',#3958,#5002,#7543,.T.);
#3819=PRESENTATION_STYLE_ASSIGNMENT((#7544));
#3820=ADVANCED_FACE('',(#7545),#7546,.F.);
#3821=PRESENTATION_STYLE_ASSIGNMENT((#7547));
#3822=EDGE_CURVE('',#2182,#3300,#7548,.T.);
#3823=PRESENTATION_STYLE_ASSIGNMENT((#7549));
#3824=EDGE_CURVE('',#3232,#3150,#7550,.T.);
#3825=PRESENTATION_STYLE_ASSIGNMENT((#7551));
#3826=VERTEX_POINT('',#7552);
#3827=PRESENTATION_STYLE_ASSIGNMENT((#7553));
#3828=VERTEX_POINT('',#7554);
#3829=PRESENTATION_STYLE_ASSIGNMENT((#7555));
#3830=EDGE_CURVE('',#4504,#4698,#7556,.T.);
#3831=PRESENTATION_STYLE_ASSIGNMENT((#7557));
#3832=VERTEX_POINT('',#7558);
#3833=PRESENTATION_STYLE_ASSIGNMENT((#7559));
#3834=VERTEX_POINT('',#7560);
#3835=PRESENTATION_STYLE_ASSIGNMENT((#7561));
#3836=VERTEX_POINT('',#7562);
#3837=PRESENTATION_STYLE_ASSIGNMENT((#7563));
#3838=ADVANCED_FACE('',(#7564),#7565,.T.);
#3839=PRESENTATION_STYLE_ASSIGNMENT((#7566));
#3840=EDGE_CURVE('',#2396,#5160,#7567,.T.);
#3841=PRESENTATION_STYLE_ASSIGNMENT((#7568));
#3842=EDGE_CURVE('',#2190,#4206,#7569,.T.);
#3843=PRESENTATION_STYLE_ASSIGNMENT((#7570));
#3844=ADVANCED_FACE('',(#7571),#7572,.F.);
#3845=PRESENTATION_STYLE_ASSIGNMENT((#7573));
#3846=EDGE_CURVE('',#3986,#3210,#7574,.T.);
#3847=PRESENTATION_STYLE_ASSIGNMENT((#7575));
#3848=EDGE_CURVE('',#2782,#4368,#7576,.T.);
#3849=PRESENTATION_STYLE_ASSIGNMENT((#7577));
#3850=EDGE_CURVE('',#3370,#3386,#7578,.T.);
#3851=PRESENTATION_STYLE_ASSIGNMENT((#7579));
#3852=VERTEX_POINT('',#7580);
#3853=PRESENTATION_STYLE_ASSIGNMENT((#7581));
#3854=ADVANCED_FACE('',(#7582),#7583,.F.);
#3855=PRESENTATION_STYLE_ASSIGNMENT((#7584));
#3856=ADVANCED_FACE('',(#7585),#7586,.T.);
#3857=PRESENTATION_STYLE_ASSIGNMENT((#7587));
#3858=EDGE_CURVE('',#2544,#4940,#7588,.T.);
#3859=PRESENTATION_STYLE_ASSIGNMENT((#7589));
#3860=VERTEX_POINT('',#7590);
#3861=PRESENTATION_STYLE_ASSIGNMENT((#7591));
#3862=VERTEX_POINT('',#7592);
#3863=PRESENTATION_STYLE_ASSIGNMENT((#7593));
#3864=VERTEX_POINT('',#7594);
#3865=PRESENTATION_STYLE_ASSIGNMENT((#7595));
#3866=EDGE_CURVE('',#2724,#2644,#7596,.T.);
#3867=PRESENTATION_STYLE_ASSIGNMENT((#7597));
#3868=EDGE_CURVE('',#5176,#4988,#7598,.T.);
#3869=PRESENTATION_STYLE_ASSIGNMENT((#7599));
#3870=VERTEX_POINT('',#7600);
#3871=PRESENTATION_STYLE_ASSIGNMENT((#7601));
#3872=ADVANCED_FACE('',(#7602),#7603,.T.);
#3873=PRESENTATION_STYLE_ASSIGNMENT((#7604));
#3874=EDGE_CURVE('',#4900,#2898,#7605,.T.);
#3875=PRESENTATION_STYLE_ASSIGNMENT((#7606));
#3876=EDGE_CURVE('',#2160,#4894,#7607,.T.);
#3877=PRESENTATION_STYLE_ASSIGNMENT((#7608));
#3878=VERTEX_POINT('',#7609);
#3879=PRESENTATION_STYLE_ASSIGNMENT((#7610));
#3880=ADVANCED_FACE('',(#7611),#7612,.F.);
#3881=PRESENTATION_STYLE_ASSIGNMENT((#7613));
#3882=VERTEX_POINT('',#7614);
#3883=PRESENTATION_STYLE_ASSIGNMENT((#7615));
#3884=EDGE_CURVE('',#3268,#3596,#7616,.T.);
#3885=PRESENTATION_STYLE_ASSIGNMENT((#7617));
#3886=EDGE_CURVE('',#2474,#4360,#7618,.T.);
#3887=PRESENTATION_STYLE_ASSIGNMENT((#7619));
#3888=EDGE_CURVE('',#1886,#2544,#7620,.T.);
#3889=PRESENTATION_STYLE_ASSIGNMENT((#7621));
#3890=VERTEX_POINT('',#7622);
#3891=PRESENTATION_STYLE_ASSIGNMENT((#7623));
#3892=EDGE_CURVE('',#4152,#2214,#7624,.T.);
#3893=PRESENTATION_STYLE_ASSIGNMENT((#7625));
#3894=VERTEX_POINT('',#7626);
#3895=PRESENTATION_STYLE_ASSIGNMENT((#7627));
#3896=EDGE_CURVE('',#3982,#3574,#7628,.T.);
#3897=PRESENTATION_STYLE_ASSIGNMENT((#7629));
#3898=VERTEX_POINT('',#7630);
#3899=PRESENTATION_STYLE_ASSIGNMENT((#7631));
#3900=ADVANCED_FACE('',(#7632),#7633,.F.);
#3901=PRESENTATION_STYLE_ASSIGNMENT((#7634));
#3902=EDGE_CURVE('',#2066,#3852,#7635,.T.);
#3903=PRESENTATION_STYLE_ASSIGNMENT((#7636));
#3904=ADVANCED_FACE('',(#7637),#7638,.T.);
#3905=PRESENTATION_STYLE_ASSIGNMENT((#7639));
#3906=EDGE_CURVE('',#4686,#2774,#7640,.T.);
#3907=PRESENTATION_STYLE_ASSIGNMENT((#7641));
#3908=EDGE_CURVE('',#3574,#3878,#7642,.T.);
#3909=PRESENTATION_STYLE_ASSIGNMENT((#7643));
#3910=EDGE_CURVE('',#2684,#2350,#7644,.T.);
#3911=PRESENTATION_STYLE_ASSIGNMENT((#7645));
#3912=EDGE_CURVE('',#2366,#2016,#7646,.T.);
#3913=PRESENTATION_STYLE_ASSIGNMENT((#7647));
#3914=ADVANCED_FACE('',(#7648),#7649,.F.);
#3915=PRESENTATION_STYLE_ASSIGNMENT((#7650));
#3916=EDGE_CURVE('',#3744,#4848,#7651,.T.);
#3917=PRESENTATION_STYLE_ASSIGNMENT((#7652));
#3918=VERTEX_POINT('',#7653);
#3919=PRESENTATION_STYLE_ASSIGNMENT((#7654));
#3920=EDGE_CURVE('',#2636,#3448,#7655,.T.);
#3921=PRESENTATION_STYLE_ASSIGNMENT((#7656));
#3922=EDGE_CURVE('',#4098,#5182,#7657,.T.);
#3923=PRESENTATION_STYLE_ASSIGNMENT((#7658));
#3924=EDGE_CURVE('',#2840,#2286,#7659,.T.);
#3925=PRESENTATION_STYLE_ASSIGNMENT((#7660));
#3926=EDGE_CURVE('',#2116,#5004,#7661,.T.);
#3927=PRESENTATION_STYLE_ASSIGNMENT((#7662));
#3928=EDGE_CURVE('',#2610,#2434,#7663,.T.);
#3929=PRESENTATION_STYLE_ASSIGNMENT((#7664));
#3930=EDGE_CURVE('',#4652,#3306,#7665,.T.);
#3931=PRESENTATION_STYLE_ASSIGNMENT((#7666));
#3932=VERTEX_POINT('',#7667);
#3933=PRESENTATION_STYLE_ASSIGNMENT((#7668));
#3934=EDGE_CURVE('',#4702,#4214,#7669,.T.);
#3935=PRESENTATION_STYLE_ASSIGNMENT((#7670));
#3936=EDGE_CURVE('',#2504,#3932,#7671,.T.);
#3937=PRESENTATION_STYLE_ASSIGNMENT((#7672));
#3938=EDGE_CURVE('',#2436,#4964,#7673,.T.);
#3939=PRESENTATION_STYLE_ASSIGNMENT((#7674));
#3940=EDGE_CURVE('',#5022,#5242,#7675,.T.);
#3941=PRESENTATION_STYLE_ASSIGNMENT((#7676));
#3942=EDGE_CURVE('',#5068,#3972,#7677,.T.);
#3943=PRESENTATION_STYLE_ASSIGNMENT((#7678));
#3944=EDGE_CURVE('',#4548,#2182,#7679,.T.);
#3945=PRESENTATION_STYLE_ASSIGNMENT((#7680));
#3946=VERTEX_POINT('',#7681);
#3947=PRESENTATION_STYLE_ASSIGNMENT((#7682));
#3948=ADVANCED_FACE('',(#7683),#7684,.F.);
#3949=PRESENTATION_STYLE_ASSIGNMENT((#7685));
#3950=VERTEX_POINT('',#7686);
#3951=PRESENTATION_STYLE_ASSIGNMENT((#7687));
#3952=ADVANCED_FACE('',(#7688),#7689,.F.);
#3953=PRESENTATION_STYLE_ASSIGNMENT((#7690));
#3954=VERTEX_POINT('',#7691);
#3955=PRESENTATION_STYLE_ASSIGNMENT((#7692));
#3956=EDGE_CURVE('',#3142,#2684,#7693,.T.);
#3957=PRESENTATION_STYLE_ASSIGNMENT((#7694));
#3958=VERTEX_POINT('',#7695);
#3959=PRESENTATION_STYLE_ASSIGNMENT((#7696));
#3960=VERTEX_POINT('',#7697);
#3961=PRESENTATION_STYLE_ASSIGNMENT((#7698));
#3962=EDGE_CURVE('',#4786,#4070,#7699,.T.);
#3963=PRESENTATION_STYLE_ASSIGNMENT((#7700));
#3964=EDGE_CURVE('',#4848,#4908,#7701,.T.);
#3965=PRESENTATION_STYLE_ASSIGNMENT((#7702));
#3966=VERTEX_POINT('',#7703);
#3967=PRESENTATION_STYLE_ASSIGNMENT((#7704));
#3968=EDGE_CURVE('',#4890,#5266,#7705,.T.);
#3969=PRESENTATION_STYLE_ASSIGNMENT((#7706));
#3970=EDGE_CURVE('',#4936,#4832,#7707,.T.);
#3971=PRESENTATION_STYLE_ASSIGNMENT((#7708));
#3972=VERTEX_POINT('',#7709);
#3973=PRESENTATION_STYLE_ASSIGNMENT((#7710));
#3974=ADVANCED_FACE('',(#7711),#7712,.F.);
#3975=PRESENTATION_STYLE_ASSIGNMENT((#7713));
#3976=EDGE_CURVE('',#2860,#2046,#7714,.T.);
#3977=PRESENTATION_STYLE_ASSIGNMENT((#7715));
#3978=EDGE_CURVE('',#3278,#3512,#7716,.T.);
#3979=PRESENTATION_STYLE_ASSIGNMENT((#7717));
#3980=EDGE_CURVE('',#4518,#2010,#7718,.T.);
#3981=PRESENTATION_STYLE_ASSIGNMENT((#7719));
#3982=VERTEX_POINT('',#7720);
#3983=PRESENTATION_STYLE_ASSIGNMENT((#7721));
#3984=EDGE_CURVE('',#3328,#2788,#7722,.T.);
#3985=PRESENTATION_STYLE_ASSIGNMENT((#7723));
#3986=VERTEX_POINT('',#7724);
#3987=PRESENTATION_STYLE_ASSIGNMENT((#7725));
#3988=EDGE_CURVE('',#4316,#5136,#7726,.T.);
#3989=PRESENTATION_STYLE_ASSIGNMENT((#7727));
#3990=ADVANCED_FACE('',(#7728),#7729,.T.);
#3991=PRESENTATION_STYLE_ASSIGNMENT((#7730));
#3992=ADVANCED_FACE('',(#7731),#7732,.F.);
#3993=PRESENTATION_STYLE_ASSIGNMENT((#7733));
#3994=VERTEX_POINT('',#7734);
#3995=PRESENTATION_STYLE_ASSIGNMENT((#7735));
#3996=VERTEX_POINT('',#7736);
#3997=PRESENTATION_STYLE_ASSIGNMENT((#7737));
#3998=EDGE_CURVE('',#2772,#2584,#7738,.T.);
#3999=PRESENTATION_STYLE_ASSIGNMENT((#7739));
#4000=EDGE_CURVE('',#2934,#2926,#7740,.T.);
#4001=PRESENTATION_STYLE_ASSIGNMENT((#7741));
#4002=EDGE_CURVE('',#4290,#2090,#7742,.T.);
#4003=PRESENTATION_STYLE_ASSIGNMENT((#7743));
#4004=VERTEX_POINT('',#7744);
#4005=PRESENTATION_STYLE_ASSIGNMENT((#7745));
#4006=EDGE_CURVE('',#3180,#4384,#7746,.T.);
#4007=PRESENTATION_STYLE_ASSIGNMENT((#7747));
#4008=VERTEX_POINT('',#7748);
#4009=PRESENTATION_STYLE_ASSIGNMENT((#7749));
#4010=VERTEX_POINT('',#7750);
#4011=PRESENTATION_STYLE_ASSIGNMENT((#7751));
#4012=EDGE_CURVE('',#4094,#4972,#7752,.T.);
#4013=PRESENTATION_STYLE_ASSIGNMENT((#7753));
#4014=EDGE_CURVE('',#4818,#3402,#7754,.T.);
#4015=PRESENTATION_STYLE_ASSIGNMENT((#7755));
#4016=VERTEX_POINT('',#7756);
#4017=PRESENTATION_STYLE_ASSIGNMENT((#7757));
#4018=EDGE_CURVE('',#2532,#4638,#7758,.T.);
#4019=PRESENTATION_STYLE_ASSIGNMENT((#7759));
#4020=VERTEX_POINT('',#7760);
#4021=PRESENTATION_STYLE_ASSIGNMENT((#7761));
#4022=EDGE_CURVE('',#1806,#3064,#7762,.T.);
#4023=PRESENTATION_STYLE_ASSIGNMENT((#7763));
#4024=ADVANCED_FACE('',(#7764),#7765,.F.);
#4025=PRESENTATION_STYLE_ASSIGNMENT((#7766));
#4026=EDGE_CURVE('',#4588,#5300,#7767,.T.);
#4027=PRESENTATION_STYLE_ASSIGNMENT((#7768));
#4028=EDGE_CURVE('',#4894,#4308,#7769,.T.);
#4029=PRESENTATION_STYLE_ASSIGNMENT((#7770));
#4030=EDGE_CURVE('',#4098,#1876,#7771,.T.);
#4031=PRESENTATION_STYLE_ASSIGNMENT((#7772));
#4032=VERTEX_POINT('',#7773);
#4033=PRESENTATION_STYLE_ASSIGNMENT((#7774));
#4034=EDGE_CURVE('',#3570,#4192,#7775,.T.);
#4035=PRESENTATION_STYLE_ASSIGNMENT((#7776));
#4036=EDGE_CURVE('',#2028,#5196,#7777,.T.);
#4037=PRESENTATION_STYLE_ASSIGNMENT((#7778));
#4038=EDGE_CURVE('',#2460,#5170,#7779,.T.);
#4039=PRESENTATION_STYLE_ASSIGNMENT((#7780));
#4040=VERTEX_POINT('',#7781);
#4041=PRESENTATION_STYLE_ASSIGNMENT((#7782));
#4042=EDGE_CURVE('',#2932,#3322,#7783,.T.);
#4043=PRESENTATION_STYLE_ASSIGNMENT((#7784));
#4044=VERTEX_POINT('',#7785);
#4045=PRESENTATION_STYLE_ASSIGNMENT((#7786));
#4046=ADVANCED_FACE('',(#7787),#7788,.F.);
#4047=PRESENTATION_STYLE_ASSIGNMENT((#7789));
#4048=VERTEX_POINT('',#7790);
#4049=PRESENTATION_STYLE_ASSIGNMENT((#7791));
#4050=VERTEX_POINT('',#7792);
#4051=PRESENTATION_STYLE_ASSIGNMENT((#7793));
#4052=EDGE_CURVE('',#2886,#4232,#7794,.T.);
#4053=PRESENTATION_STYLE_ASSIGNMENT((#7795));
#4054=EDGE_CURVE('',#2362,#5176,#7796,.T.);
#4055=PRESENTATION_STYLE_ASSIGNMENT((#7797));
#4056=ADVANCED_FACE('',(#7798),#7799,.T.);
#4057=PRESENTATION_STYLE_ASSIGNMENT((#7800));
#4058=EDGE_CURVE('',#2960,#4032,#7801,.T.);
#4059=PRESENTATION_STYLE_ASSIGNMENT((#7802));
#4060=VERTEX_POINT('',#7803);
#4061=PRESENTATION_STYLE_ASSIGNMENT((#7804));
#4062=VERTEX_POINT('',#7805);
#4063=PRESENTATION_STYLE_ASSIGNMENT((#7806));
#4064=EDGE_CURVE('',#3606,#4048,#7807,.T.);
#4065=PRESENTATION_STYLE_ASSIGNMENT((#7808));
#4066=VERTEX_POINT('',#7809);
#4067=PRESENTATION_STYLE_ASSIGNMENT((#7810));
#4068=ADVANCED_FACE('',(#7811),#7812,.T.);
#4069=PRESENTATION_STYLE_ASSIGNMENT((#7813));
#4070=VERTEX_POINT('',#7814);
#4071=PRESENTATION_STYLE_ASSIGNMENT((#7815));
#4072=EDGE_CURVE('',#2796,#3588,#7816,.T.);
#4073=PRESENTATION_STYLE_ASSIGNMENT((#7817));
#4074=EDGE_CURVE('',#3890,#4360,#7818,.T.);
#4075=PRESENTATION_STYLE_ASSIGNMENT((#7819));
#4076=VERTEX_POINT('',#7820);
#4077=PRESENTATION_STYLE_ASSIGNMENT((#7821));
#4078=ADVANCED_FACE('',(#7822),#7823,.F.);
#4079=PRESENTATION_STYLE_ASSIGNMENT((#7824));
#4080=ADVANCED_FACE('',(#7825),#7826,.F.);
#4081=PRESENTATION_STYLE_ASSIGNMENT((#7827));
#4082=ADVANCED_FACE('',(#7828),#7829,.F.);
#4083=PRESENTATION_STYLE_ASSIGNMENT((#7830));
#4084=EDGE_CURVE('',#3870,#1792,#7831,.T.);
#4085=PRESENTATION_STYLE_ASSIGNMENT((#7832));
#4086=EDGE_CURVE('',#1842,#3836,#7833,.T.);
#4087=PRESENTATION_STYLE_ASSIGNMENT((#7834));
#4088=VERTEX_POINT('',#7835);
#4089=PRESENTATION_STYLE_ASSIGNMENT((#7836));
#4090=VERTEX_POINT('',#7837);
#4091=PRESENTATION_STYLE_ASSIGNMENT((#7838));
#4092=EDGE_CURVE('',#3634,#2458,#7839,.T.);
#4093=PRESENTATION_STYLE_ASSIGNMENT((#7840));
#4094=VERTEX_POINT('',#7841);
#4095=PRESENTATION_STYLE_ASSIGNMENT((#7842));
#4096=EDGE_CURVE('',#1902,#3124,#7843,.T.);
#4097=PRESENTATION_STYLE_ASSIGNMENT((#7844));
#4098=VERTEX_POINT('',#7845);
#4099=PRESENTATION_STYLE_ASSIGNMENT((#7846));
#4100=EDGE_CURVE('',#5108,#2178,#7847,.T.);
#4101=PRESENTATION_STYLE_ASSIGNMENT((#7848));
#4102=ADVANCED_FACE('',(#7849),#7850,.T.);
#4103=PRESENTATION_STYLE_ASSIGNMENT((#7851));
#4104=EDGE_CURVE('',#2464,#3580,#7852,.T.);
#4105=PRESENTATION_STYLE_ASSIGNMENT((#7853));
#4106=EDGE_CURVE('',#3346,#2372,#7854,.T.);
#4107=PRESENTATION_STYLE_ASSIGNMENT((#7855));
#4108=EDGE_CURVE('',#2886,#4652,#7856,.T.);
#4109=PRESENTATION_STYLE_ASSIGNMENT((#7857));
#4110=ADVANCED_FACE('',(#7858),#7859,.F.);
#4111=PRESENTATION_STYLE_ASSIGNMENT((#7860));
#4112=EDGE_CURVE('',#4206,#2172,#7861,.T.);
#4113=PRESENTATION_STYLE_ASSIGNMENT((#7862));
#4114=ADVANCED_FACE('',(#7863),#7864,.F.);
#4115=PRESENTATION_STYLE_ASSIGNMENT((#7865));
#4116=VERTEX_POINT('',#7866);
#4117=PRESENTATION_STYLE_ASSIGNMENT((#7867));
#4118=EDGE_CURVE('',#2898,#3882,#7868,.T.);
#4119=PRESENTATION_STYLE_ASSIGNMENT((#7869));
#4120=EDGE_CURVE('',#3862,#3996,#7870,.T.);
#4121=PRESENTATION_STYLE_ASSIGNMENT((#7871));
#4122=ADVANCED_FACE('',(#7872),#7873,.F.);
#4123=PRESENTATION_STYLE_ASSIGNMENT((#7874));
#4124=EDGE_CURVE('',#4874,#4368,#7875,.T.);
#4125=PRESENTATION_STYLE_ASSIGNMENT((#7876));
#4126=EDGE_CURVE('',#2884,#2802,#7877,.T.);
#4127=PRESENTATION_STYLE_ASSIGNMENT((#7878));
#4128=EDGE_CURVE('',#5264,#3898,#7879,.T.);
#4129=PRESENTATION_STYLE_ASSIGNMENT((#7880));
#4130=ADVANCED_FACE('',(#7881),#7882,.F.);
#4131=PRESENTATION_STYLE_ASSIGNMENT((#7883));
#4132=ADVANCED_FACE('',(#7884),#7885,.T.);
#4133=PRESENTATION_STYLE_ASSIGNMENT((#7886));
#4134=EDGE_CURVE('',#3324,#3276,#7887,.T.);
#4135=PRESENTATION_STYLE_ASSIGNMENT((#7888));
#4136=EDGE_CURVE('',#2878,#3624,#7889,.T.);
#4137=PRESENTATION_STYLE_ASSIGNMENT((#7890));
#4138=EDGE_CURVE('',#4498,#4150,#7891,.T.);
#4139=PRESENTATION_STYLE_ASSIGNMENT((#7892));
#4140=ADVANCED_FACE('',(#7893,#7894),#7895,.F.);
#4141=PRESENTATION_STYLE_ASSIGNMENT((#7896));
#4142=EDGE_CURVE('',#2950,#4842,#7897,.T.);
#4143=PRESENTATION_STYLE_ASSIGNMENT((#7898));
#4144=EDGE_CURVE('',#3014,#2326,#7899,.T.);
#4145=PRESENTATION_STYLE_ASSIGNMENT((#7900));
#4146=EDGE_CURVE('',#5252,#3756,#7901,.T.);
#4147=PRESENTATION_STYLE_ASSIGNMENT((#7902));
#4148=EDGE_CURVE('',#4510,#3554,#7903,.T.);
#4149=PRESENTATION_STYLE_ASSIGNMENT((#7904));
#4150=VERTEX_POINT('',#7905);
#4151=PRESENTATION_STYLE_ASSIGNMENT((#7906));
#4152=VERTEX_POINT('',#7907);
#4153=PRESENTATION_STYLE_ASSIGNMENT((#7908));
#4154=EDGE_CURVE('',#3114,#3378,#7909,.T.);
#4155=PRESENTATION_STYLE_ASSIGNMENT((#7910));
#4156=ADVANCED_FACE('',(#7911),#7912,.T.);
#4157=PRESENTATION_STYLE_ASSIGNMENT((#7913));
#4158=EDGE_CURVE('',#3554,#3860,#7914,.T.);
#4159=PRESENTATION_STYLE_ASSIGNMENT((#7915));
#4160=VERTEX_POINT('',#7916);
#4161=PRESENTATION_STYLE_ASSIGNMENT((#7917));
#4162=EDGE_CURVE('',#5004,#4520,#7918,.T.);
#4163=PRESENTATION_STYLE_ASSIGNMENT((#7919));
#4164=EDGE_CURVE('',#2888,#4032,#7920,.T.);
#4165=PRESENTATION_STYLE_ASSIGNMENT((#7921));
#4166=EDGE_CURVE('',#3508,#5292,#7922,.T.);
#4167=PRESENTATION_STYLE_ASSIGNMENT((#7923));
#4168=EDGE_CURVE('',#2046,#1816,#7924,.T.);
#4169=PRESENTATION_STYLE_ASSIGNMENT((#7925));
#4170=EDGE_CURVE('',#4802,#2328,#7926,.T.);
#4171=PRESENTATION_STYLE_ASSIGNMENT((#7927));
#4172=VERTEX_POINT('',#7928);
#4173=PRESENTATION_STYLE_ASSIGNMENT((#7929));
#4174=EDGE_CURVE('',#3720,#3972,#7930,.T.);
#4175=PRESENTATION_STYLE_ASSIGNMENT((#7931));
#4176=VERTEX_POINT('',#7932);
#4177=PRESENTATION_STYLE_ASSIGNMENT((#7933));
#4178=EDGE_CURVE('',#4286,#4828,#7934,.T.);
#4179=PRESENTATION_STYLE_ASSIGNMENT((#7935));
#4180=VERTEX_POINT('',#7936);
#4181=PRESENTATION_STYLE_ASSIGNMENT((#7937));
#4182=EDGE_CURVE('',#2818,#2670,#7938,.T.);
#4183=PRESENTATION_STYLE_ASSIGNMENT((#7939));
#4184=EDGE_CURVE('',#2758,#4828,#7940,.T.);
#4185=PRESENTATION_STYLE_ASSIGNMENT((#7941));
#4186=VERTEX_POINT('',#7942);
#4187=PRESENTATION_STYLE_ASSIGNMENT((#7943));
#4188=ADVANCED_FACE('',(#7944,#7945),#7946,.F.);
#4189=PRESENTATION_STYLE_ASSIGNMENT((#7947));
#4190=VERTEX_POINT('',#7948);
#4191=PRESENTATION_STYLE_ASSIGNMENT((#7949));
#4192=VERTEX_POINT('',#7950);
#4193=PRESENTATION_STYLE_ASSIGNMENT((#7951));
#4194=VERTEX_POINT('',#7952);
#4195=PRESENTATION_STYLE_ASSIGNMENT((#7953));
#4196=VERTEX_POINT('',#7954);
#4197=PRESENTATION_STYLE_ASSIGNMENT((#7955));
#4198=EDGE_CURVE('',#2796,#2778,#7956,.T.);
#4199=PRESENTATION_STYLE_ASSIGNMENT((#7957));
#4200=ADVANCED_FACE('',(#7958),#7959,.T.);
#4201=PRESENTATION_STYLE_ASSIGNMENT((#7960));
#4202=EDGE_CURVE('',#2990,#5176,#7961,.T.);
#4203=PRESENTATION_STYLE_ASSIGNMENT((#7962));
#4204=EDGE_CURVE('',#4768,#2224,#7963,.T.);
#4205=PRESENTATION_STYLE_ASSIGNMENT((#7964));
#4206=VERTEX_POINT('',#7965);
#4207=PRESENTATION_STYLE_ASSIGNMENT((#7966));
#4208=VERTEX_POINT('',#7967);
#4209=PRESENTATION_STYLE_ASSIGNMENT((#7968));
#4210=EDGE_CURVE('',#2566,#4088,#7969,.T.);
#4211=PRESENTATION_STYLE_ASSIGNMENT((#7970));
#4212=ADVANCED_FACE('',(#7971),#7972,.F.);
#4213=PRESENTATION_STYLE_ASSIGNMENT((#7973));
#4214=VERTEX_POINT('',#7974);
#4215=PRESENTATION_STYLE_ASSIGNMENT((#7975));
#4216=EDGE_CURVE('',#2378,#2734,#7976,.T.);
#4217=PRESENTATION_STYLE_ASSIGNMENT((#7977));
#4218=EDGE_CURVE('',#1842,#4938,#7978,.T.);
#4219=PRESENTATION_STYLE_ASSIGNMENT((#7979));
#4220=ADVANCED_FACE('',(#7980),#7981,.T.);
#4221=PRESENTATION_STYLE_ASSIGNMENT((#7982));
#4222=EDGE_CURVE('',#3296,#2464,#7983,.T.);
#4223=PRESENTATION_STYLE_ASSIGNMENT((#7984));
#4224=EDGE_CURVE('',#3572,#4066,#7985,.T.);
#4225=PRESENTATION_STYLE_ASSIGNMENT((#7986));
#4226=EDGE_CURVE('',#3722,#4866,#7987,.T.);
#4227=PRESENTATION_STYLE_ASSIGNMENT((#7988));
#4228=ADVANCED_FACE('',(#7989),#7990,.T.);
#4229=PRESENTATION_STYLE_ASSIGNMENT((#7991));
#4230=EDGE_CURVE('',#3682,#2504,#7992,.T.);
#4231=PRESENTATION_STYLE_ASSIGNMENT((#7993));
#4232=VERTEX_POINT('',#7994);
#4233=PRESENTATION_STYLE_ASSIGNMENT((#7995));
#4234=VERTEX_POINT('',#7996);
#4235=PRESENTATION_STYLE_ASSIGNMENT((#7997));
#4236=EDGE_CURVE('',#3770,#4748,#7998,.T.);
#4237=PRESENTATION_STYLE_ASSIGNMENT((#7999));
#4238=ADVANCED_FACE('',(#8000),#8001,.F.);
#4239=PRESENTATION_STYLE_ASSIGNMENT((#8002));
#4240=EDGE_CURVE('',#4624,#2762,#8003,.T.);
#4241=PRESENTATION_STYLE_ASSIGNMENT((#8004));
#4242=EDGE_CURVE('',#3660,#5060,#8005,.T.);
#4243=PRESENTATION_STYLE_ASSIGNMENT((#8006));
#4244=ADVANCED_FACE('',(#8007),#8008,.F.);
#4245=PRESENTATION_STYLE_ASSIGNMENT((#8009));
#4246=ADVANCED_FACE('',(#8010),#8011,.F.);
#4247=PRESENTATION_STYLE_ASSIGNMENT((#8012));
#4248=EDGE_CURVE('',#3764,#4040,#8013,.T.);
#4249=PRESENTATION_STYLE_ASSIGNMENT((#8014));
#4250=EDGE_CURVE('',#1830,#4856,#8015,.T.);
#4251=PRESENTATION_STYLE_ASSIGNMENT((#8016));
#4252=EDGE_CURVE('',#3290,#5276,#8017,.T.);
#4253=PRESENTATION_STYLE_ASSIGNMENT((#8018));
#4254=VERTEX_POINT('',#8019);
#4255=PRESENTATION_STYLE_ASSIGNMENT((#8020));
#4256=EDGE_CURVE('',#2508,#3420,#8021,.T.);
#4257=PRESENTATION_STYLE_ASSIGNMENT((#8022));
#4258=EDGE_CURVE('',#3898,#4234,#8023,.T.);
#4259=PRESENTATION_STYLE_ASSIGNMENT((#8024));
#4260=EDGE_CURVE('',#4206,#3448,#8025,.T.);
#4261=PRESENTATION_STYLE_ASSIGNMENT((#8026));
#4262=EDGE_CURVE('',#3778,#4470,#8027,.T.);
#4263=PRESENTATION_STYLE_ASSIGNMENT((#8028));
#4264=ADVANCED_FACE('',(#8029),#8030,.T.);
#4265=PRESENTATION_STYLE_ASSIGNMENT((#8031));
#4266=VERTEX_POINT('',#8032);
#4267=PRESENTATION_STYLE_ASSIGNMENT((#8033));
#4268=EDGE_CURVE('',#2210,#2172,#8034,.T.);
#4269=PRESENTATION_STYLE_ASSIGNMENT((#8035));
#4270=VERTEX_POINT('',#8036);
#4271=PRESENTATION_STYLE_ASSIGNMENT((#8037));
#4272=EDGE_CURVE('',#2062,#1816,#8038,.T.);
#4273=PRESENTATION_STYLE_ASSIGNMENT((#8039));
#4274=VERTEX_POINT('',#8040);
#4275=PRESENTATION_STYLE_ASSIGNMENT((#8041));
#4276=EDGE_CURVE('',#3170,#5074,#8042,.T.);
#4277=PRESENTATION_STYLE_ASSIGNMENT((#8043));
#4278=EDGE_CURVE('',#3738,#4886,#8044,.T.);
#4279=PRESENTATION_STYLE_ASSIGNMENT((#8045));
#4280=EDGE_CURVE('',#5210,#2508,#8046,.T.);
#4281=PRESENTATION_STYLE_ASSIGNMENT((#8047));
#4282=VERTEX_POINT('',#8048);
#4283=PRESENTATION_STYLE_ASSIGNMENT((#8049));
#4284=EDGE_CURVE('',#2516,#2768,#8050,.T.);
#4285=PRESENTATION_STYLE_ASSIGNMENT((#8051));
#4286=VERTEX_POINT('',#8052);
#4287=PRESENTATION_STYLE_ASSIGNMENT((#8053));
#4288=EDGE_CURVE('',#3306,#3498,#8054,.T.);
#4289=PRESENTATION_STYLE_ASSIGNMENT((#8055));
#4290=VERTEX_POINT('',#8056);
#4291=PRESENTATION_STYLE_ASSIGNMENT((#8057));
#4292=EDGE_CURVE('',#3878,#2550,#8058,.T.);
#4293=PRESENTATION_STYLE_ASSIGNMENT((#8059));
#4294=ADVANCED_FACE('',(#8060),#8061,.F.);
#4295=PRESENTATION_STYLE_ASSIGNMENT((#8062));
#4296=EDGE_CURVE('',#3746,#2392,#8063,.T.);
#4297=PRESENTATION_STYLE_ASSIGNMENT((#8064));
#4298=EDGE_CURVE('',#3576,#2696,#8065,.T.);
#4299=PRESENTATION_STYLE_ASSIGNMENT((#8066));
#4300=EDGE_CURVE('',#3628,#4542,#8067,.T.);
#4301=PRESENTATION_STYLE_ASSIGNMENT((#8068));
#4302=EDGE_CURVE('',#2840,#2664,#8069,.T.);
#4303=PRESENTATION_STYLE_ASSIGNMENT((#8070));
#4304=EDGE_CURVE('',#3670,#1932,#8071,.T.);
#4305=PRESENTATION_STYLE_ASSIGNMENT((#8072));
#4306=ADVANCED_FACE('',(#8073),#8074,.T.);
#4307=PRESENTATION_STYLE_ASSIGNMENT((#8075));
#4308=VERTEX_POINT('',#8076);
#4309=PRESENTATION_STYLE_ASSIGNMENT((#8077));
#4310=EDGE_CURVE('',#4790,#2442,#8078,.T.);
#4311=PRESENTATION_STYLE_ASSIGNMENT((#8079));
#4312=ADVANCED_FACE('',(#8080),#8081,.T.);
#4313=PRESENTATION_STYLE_ASSIGNMENT((#8082));
#4314=ADVANCED_FACE('',(#8083),#8084,.T.);
#4315=PRESENTATION_STYLE_ASSIGNMENT((#8085));
#4316=VERTEX_POINT('',#8086);
#4317=PRESENTATION_STYLE_ASSIGNMENT((#8087));
#4318=EDGE_CURVE('',#1886,#4594,#8088,.T.);
#4319=PRESENTATION_STYLE_ASSIGNMENT((#8089));
#4320=ADVANCED_FACE('',(#8090),#8091,.T.);
#4321=PRESENTATION_STYLE_ASSIGNMENT((#8092));
#4322=VERTEX_POINT('',#8093);
#4323=PRESENTATION_STYLE_ASSIGNMENT((#8094));
#4324=EDGE_CURVE('',#3664,#2818,#8095,.T.);
#4325=PRESENTATION_STYLE_ASSIGNMENT((#8096));
#4326=VERTEX_POINT('',#8097);
#4327=PRESENTATION_STYLE_ASSIGNMENT((#8098));
#4328=EDGE_CURVE('',#1930,#2534,#8099,.T.);
#4329=PRESENTATION_STYLE_ASSIGNMENT((#8100));
#4330=EDGE_CURVE('',#2392,#2956,#8101,.T.);
#4331=PRESENTATION_STYLE_ASSIGNMENT((#8102));
#4332=ADVANCED_FACE('',(#8103),#8104,.F.);
#4333=PRESENTATION_STYLE_ASSIGNMENT((#8105));
#4334=ADVANCED_FACE('',(#8106),#8107,.T.);
#4335=PRESENTATION_STYLE_ASSIGNMENT((#8108));
#4336=EDGE_CURVE('',#5288,#4448,#8109,.T.);
#4337=PRESENTATION_STYLE_ASSIGNMENT((#8110));
#4338=EDGE_CURVE('',#3082,#4952,#8111,.T.);
#4339=PRESENTATION_STYLE_ASSIGNMENT((#8112));
#4340=EDGE_CURVE('',#5126,#3298,#8113,.T.);
#4341=PRESENTATION_STYLE_ASSIGNMENT((#8114));
#4342=VERTEX_POINT('',#8115);
#4343=PRESENTATION_STYLE_ASSIGNMENT((#8116));
#4344=EDGE_CURVE('',#4152,#4414,#8117,.T.);
#4345=PRESENTATION_STYLE_ASSIGNMENT((#8118));
#4346=EDGE_CURVE('',#3554,#3258,#8119,.T.);
#4347=PRESENTATION_STYLE_ASSIGNMENT((#8120));
#4348=VERTEX_POINT('',#8121);
#4349=PRESENTATION_STYLE_ASSIGNMENT((#8122));
#4350=EDGE_CURVE('',#3094,#1788,#8123,.T.);
#4351=PRESENTATION_STYLE_ASSIGNMENT((#8124));
#4352=ADVANCED_FACE('',(#8125),#8126,.T.);
#4353=PRESENTATION_STYLE_ASSIGNMENT((#8127));
#4354=EDGE_CURVE('',#3590,#2028,#8128,.T.);
#4355=PRESENTATION_STYLE_ASSIGNMENT((#8129));
#4356=VERTEX_POINT('',#8130);
#4357=PRESENTATION_STYLE_ASSIGNMENT((#8131));
#4358=EDGE_CURVE('',#4870,#3632,#8132,.T.);
#4359=PRESENTATION_STYLE_ASSIGNMENT((#8133));
#4360=VERTEX_POINT('',#8134);
#4361=PRESENTATION_STYLE_ASSIGNMENT((#8135));
#4362=EDGE_CURVE('',#3894,#3498,#8136,.T.);
#4363=PRESENTATION_STYLE_ASSIGNMENT((#8137));
#4364=EDGE_CURVE('',#2926,#3470,#8138,.T.);
#4365=PRESENTATION_STYLE_ASSIGNMENT((#8139));
#4366=ADVANCED_FACE('',(#8140),#8141,.F.);
#4367=PRESENTATION_STYLE_ASSIGNMENT((#8142));
#4368=VERTEX_POINT('',#8143);
#4369=PRESENTATION_STYLE_ASSIGNMENT((#8144));
#4370=VERTEX_POINT('',#8145);
#4371=PRESENTATION_STYLE_ASSIGNMENT((#8146));
#4372=EDGE_CURVE('',#2798,#3222,#8147,.T.);
#4373=PRESENTATION_STYLE_ASSIGNMENT((#8148));
#4374=EDGE_CURVE('',#4770,#3670,#8149,.T.);
#4375=PRESENTATION_STYLE_ASSIGNMENT((#8150));
#4376=EDGE_CURVE('',#3652,#4342,#8151,.T.);
#4377=PRESENTATION_STYLE_ASSIGNMENT((#8152));
#4378=EDGE_CURVE('',#3572,#3478,#8153,.T.);
#4379=PRESENTATION_STYLE_ASSIGNMENT((#8154));
#4380=EDGE_CURVE('',#3878,#5212,#8155,.T.);
#4381=PRESENTATION_STYLE_ASSIGNMENT((#8156));
#4382=EDGE_CURVE('',#4044,#2842,#8157,.T.);
#4383=PRESENTATION_STYLE_ASSIGNMENT((#8158));
#4384=VERTEX_POINT('',#8159);
#4385=PRESENTATION_STYLE_ASSIGNMENT((#8160));
#4386=ADVANCED_FACE('',(#8161),#8162,.T.);
#4387=PRESENTATION_STYLE_ASSIGNMENT((#8163));
#4388=VERTEX_POINT('',#8164);
#4389=PRESENTATION_STYLE_ASSIGNMENT((#8165));
#4390=VERTEX_POINT('',#8166);
#4391=PRESENTATION_STYLE_ASSIGNMENT((#8167));
#4392=EDGE_CURVE('',#3898,#5220,#8168,.T.);
#4393=PRESENTATION_STYLE_ASSIGNMENT((#8169));
#4394=EDGE_CURVE('',#2802,#4604,#8170,.T.);
#4395=PRESENTATION_STYLE_ASSIGNMENT((#8171));
#4396=EDGE_CURVE('',#4488,#2380,#8172,.T.);
#4397=PRESENTATION_STYLE_ASSIGNMENT((#8173));
#4398=EDGE_CURVE('',#5162,#3414,#8174,.T.);
#4399=PRESENTATION_STYLE_ASSIGNMENT((#8175));
#4400=EDGE_CURVE('',#5252,#1886,#8176,.T.);
#4401=PRESENTATION_STYLE_ASSIGNMENT((#8177));
#4402=VERTEX_POINT('',#8178);
#4403=PRESENTATION_STYLE_ASSIGNMENT((#8179));
#4404=VERTEX_POINT('',#8180);
#4405=PRESENTATION_STYLE_ASSIGNMENT((#8181));
#4406=ADVANCED_FACE('',(#8182),#8183,.F.);
#4407=PRESENTATION_STYLE_ASSIGNMENT((#8184));
#4408=ADVANCED_FACE('',(#8185,#8186),#8187,.F.);
#4409=PRESENTATION_STYLE_ASSIGNMENT((#8188));
#4410=EDGE_CURVE('',#1788,#2724,#8189,.T.);
#4411=PRESENTATION_STYLE_ASSIGNMENT((#8190));
#4412=VERTEX_POINT('',#8191);
#4413=PRESENTATION_STYLE_ASSIGNMENT((#8192));
#4414=VERTEX_POINT('',#8193);
#4415=PRESENTATION_STYLE_ASSIGNMENT((#8194));
#4416=EDGE_CURVE('',#4010,#2950,#8195,.T.);
#4417=PRESENTATION_STYLE_ASSIGNMENT((#8196));
#4418=EDGE_CURVE('',#3612,#3862,#8197,.T.);
#4419=PRESENTATION_STYLE_ASSIGNMENT((#8198));
#4420=VERTEX_POINT('',#8199);
#4421=PRESENTATION_STYLE_ASSIGNMENT((#8200));
#4422=EDGE_CURVE('',#2128,#4194,#8201,.T.);
#4423=PRESENTATION_STYLE_ASSIGNMENT((#8202));
#4424=EDGE_CURVE('',#4360,#1806,#8203,.T.);
#4425=PRESENTATION_STYLE_ASSIGNMENT((#8204));
#4426=VERTEX_POINT('',#8205);
#4427=PRESENTATION_STYLE_ASSIGNMENT((#8206));
#4428=EDGE_CURVE('',#3612,#3456,#8207,.T.);
#4429=PRESENTATION_STYLE_ASSIGNMENT((#8208));
#4430=EDGE_CURVE('',#2760,#2800,#8209,.T.);
#4431=PRESENTATION_STYLE_ASSIGNMENT((#8210));
#4432=ADVANCED_FACE('',(#8211),#8212,.F.);
#4433=PRESENTATION_STYLE_ASSIGNMENT((#8213));
#4434=ADVANCED_FACE('',(#8214),#8215,.F.);
#4435=PRESENTATION_STYLE_ASSIGNMENT((#8216));
#4436=EDGE_CURVE('',#2702,#3114,#8217,.T.);
#4437=PRESENTATION_STYLE_ASSIGNMENT((#8218));
#4438=EDGE_CURVE('',#1854,#5022,#8219,.T.);
#4439=PRESENTATION_STYLE_ASSIGNMENT((#8220));
#4440=EDGE_CURVE('',#4532,#3770,#8221,.T.);
#4441=PRESENTATION_STYLE_ASSIGNMENT((#8222));
#4442=EDGE_CURVE('',#4682,#4088,#8223,.T.);
#4443=PRESENTATION_STYLE_ASSIGNMENT((#8224));
#4444=VERTEX_POINT('',#8225);
#4445=PRESENTATION_STYLE_ASSIGNMENT((#8226));
#4446=EDGE_CURVE('',#2224,#4208,#8227,.T.);
#4447=PRESENTATION_STYLE_ASSIGNMENT((#8228));
#4448=VERTEX_POINT('',#8229);
#4449=PRESENTATION_STYLE_ASSIGNMENT((#8230));
#4450=EDGE_CURVE('',#3832,#4682,#8231,.T.);
#4451=PRESENTATION_STYLE_ASSIGNMENT((#8232));
#4452=EDGE_CURVE('',#2322,#4060,#8233,.T.);
#4453=PRESENTATION_STYLE_ASSIGNMENT((#8234));
#4454=EDGE_CURVE('',#2082,#3046,#8235,.T.);
#4455=PRESENTATION_STYLE_ASSIGNMENT((#8236));
#4456=ADVANCED_FACE('',(#8237),#8238,.F.);
#4457=PRESENTATION_STYLE_ASSIGNMENT((#8239));
#4458=EDGE_CURVE('',#4972,#2792,#8240,.T.);
#4459=PRESENTATION_STYLE_ASSIGNMENT((#8241));
#4460=EDGE_CURVE('',#1840,#3122,#8242,.T.);
#4461=PRESENTATION_STYLE_ASSIGNMENT((#8243));
#4462=EDGE_CURVE('',#4480,#2630,#8244,.T.);
#4463=PRESENTATION_STYLE_ASSIGNMENT((#8245));
#4464=VERTEX_POINT('',#8246);
#4465=PRESENTATION_STYLE_ASSIGNMENT((#8247));
#4466=VERTEX_POINT('',#8248);
#4467=PRESENTATION_STYLE_ASSIGNMENT((#8249));
#4468=EDGE_CURVE('',#2442,#3296,#8250,.T.);
#4469=PRESENTATION_STYLE_ASSIGNMENT((#8251));
#4470=VERTEX_POINT('',#8252);
#4471=PRESENTATION_STYLE_ASSIGNMENT((#8253));
#4472=EDGE_CURVE('',#5162,#2058,#8254,.T.);
#4473=PRESENTATION_STYLE_ASSIGNMENT((#8255));
#4474=EDGE_CURVE('',#3214,#2040,#8256,.T.);
#4475=PRESENTATION_STYLE_ASSIGNMENT((#8257));
#4476=EDGE_CURVE('',#4414,#2586,#8258,.T.);
#4477=PRESENTATION_STYLE_ASSIGNMENT((#8259));
#4478=EDGE_CURVE('',#4686,#4954,#8260,.T.);
#4479=PRESENTATION_STYLE_ASSIGNMENT((#8261));
#4480=VERTEX_POINT('',#8262);
#4481=PRESENTATION_STYLE_ASSIGNMENT((#8263));
#4482=EDGE_CURVE('',#2798,#2504,#8264,.T.);
#4483=PRESENTATION_STYLE_ASSIGNMENT((#8265));
#4484=ADVANCED_FACE('',(#8266),#8267,.T.);
#4485=PRESENTATION_STYLE_ASSIGNMENT((#8268));
#4486=VERTEX_POINT('',#8269);
#4487=PRESENTATION_STYLE_ASSIGNMENT((#8270));
#4488=VERTEX_POINT('',#8271);
#4489=PRESENTATION_STYLE_ASSIGNMENT((#8272));
#4490=EDGE_CURVE('',#3322,#3258,#8273,.T.);
#4491=PRESENTATION_STYLE_ASSIGNMENT((#8274));
#4492=VERTEX_POINT('',#8275);
#4493=PRESENTATION_STYLE_ASSIGNMENT((#8276));
#4494=EDGE_CURVE('',#2664,#2486,#8277,.T.);
#4495=PRESENTATION_STYLE_ASSIGNMENT((#8278));
#4496=EDGE_CURVE('',#1792,#4498,#8279,.T.);
#4497=PRESENTATION_STYLE_ASSIGNMENT((#8280));
#4498=VERTEX_POINT('',#8281);
#4499=PRESENTATION_STYLE_ASSIGNMENT((#8282));
#4500=EDGE_CURVE('',#3870,#3046,#8283,.T.);
#4501=PRESENTATION_STYLE_ASSIGNMENT((#8284));
#4502=ADVANCED_FACE('',(#8285),#8286,.T.);
#4503=PRESENTATION_STYLE_ASSIGNMENT((#8287));
#4504=VERTEX_POINT('',#8288);
#4505=PRESENTATION_STYLE_ASSIGNMENT((#8289));
#4506=EDGE_CURVE('',#2196,#4214,#8290,.T.);
#4507=PRESENTATION_STYLE_ASSIGNMENT((#8291));
#4508=EDGE_CURVE('',#4076,#4604,#8292,.T.);
#4509=PRESENTATION_STYLE_ASSIGNMENT((#8293));
#4510=VERTEX_POINT('',#8294);
#4511=PRESENTATION_STYLE_ASSIGNMENT((#8295));
#4512=EDGE_CURVE('',#4566,#2964,#8296,.T.);
#4513=PRESENTATION_STYLE_ASSIGNMENT((#8297));
#4514=EDGE_CURVE('',#3578,#4720,#8298,.T.);
#4515=PRESENTATION_STYLE_ASSIGNMENT((#8299));
#4516=EDGE_CURVE('',#3474,#4702,#8300,.T.);
#4517=PRESENTATION_STYLE_ASSIGNMENT((#8301));
#4518=VERTEX_POINT('',#8302);
#4519=PRESENTATION_STYLE_ASSIGNMENT((#8303));
#4520=VERTEX_POINT('',#8304);
#4521=PRESENTATION_STYLE_ASSIGNMENT((#8305));
#4522=EDGE_CURVE('',#3168,#4044,#8306,.T.);
#4523=PRESENTATION_STYLE_ASSIGNMENT((#8307));
#4524=ADVANCED_FACE('',(#8308),#8309,.F.);
#4525=PRESENTATION_STYLE_ASSIGNMENT((#8310));
#4526=EDGE_CURVE('',#3130,#2300,#8311,.T.);
#4527=PRESENTATION_STYLE_ASSIGNMENT((#8312));
#4528=VERTEX_POINT('',#8313);
#4529=PRESENTATION_STYLE_ASSIGNMENT((#8314));
#4530=EDGE_CURVE('',#5192,#3022,#8315,.T.);
#4531=PRESENTATION_STYLE_ASSIGNMENT((#8316));
#4532=VERTEX_POINT('',#8317);
#4533=PRESENTATION_STYLE_ASSIGNMENT((#8318));
#4534=EDGE_CURVE('',#3498,#4282,#8319,.T.);
#4535=PRESENTATION_STYLE_ASSIGNMENT((#8320));
#4536=VERTEX_POINT('',#8321);
#4537=PRESENTATION_STYLE_ASSIGNMENT((#8322));
#4538=ADVANCED_FACE('',(#8323),#8324,.T.);
#4539=PRESENTATION_STYLE_ASSIGNMENT((#8325));
#4540=EDGE_CURVE('',#3538,#3346,#8326,.T.);
#4541=PRESENTATION_STYLE_ASSIGNMENT((#8327));
#4542=VERTEX_POINT('',#8328);
#4543=PRESENTATION_STYLE_ASSIGNMENT((#8329));
#4544=VERTEX_POINT('',#8330);
#4545=PRESENTATION_STYLE_ASSIGNMENT((#8331));
#4546=VERTEX_POINT('',#8332);
#4547=PRESENTATION_STYLE_ASSIGNMENT((#8333));
#4548=VERTEX_POINT('',#8334);
#4549=PRESENTATION_STYLE_ASSIGNMENT((#8335));
#4550=VERTEX_POINT('',#8336);
#4551=PRESENTATION_STYLE_ASSIGNMENT((#8337));
#4552=VERTEX_POINT('',#8338);
#4553=PRESENTATION_STYLE_ASSIGNMENT((#8339));
#4554=ADVANCED_FACE('',(#8340),#8341,.T.);
#4555=PRESENTATION_STYLE_ASSIGNMENT((#8342));
#4556=VERTEX_POINT('',#8343);
#4557=PRESENTATION_STYLE_ASSIGNMENT((#8344));
#4558=EDGE_CURVE('',#3594,#4498,#8345,.T.);
#4559=PRESENTATION_STYLE_ASSIGNMENT((#8346));
#4560=VERTEX_POINT('',#8347);
#4561=PRESENTATION_STYLE_ASSIGNMENT((#8348));
#4562=EDGE_CURVE('',#5108,#2888,#8349,.T.);
#4563=PRESENTATION_STYLE_ASSIGNMENT((#8350));
#4564=EDGE_CURVE('',#2592,#2208,#8351,.T.);
#4565=PRESENTATION_STYLE_ASSIGNMENT((#8352));
#4566=VERTEX_POINT('',#8353);
#4567=PRESENTATION_STYLE_ASSIGNMENT((#8354));
#4568=EDGE_CURVE('',#5164,#4050,#8355,.T.);
#4569=PRESENTATION_STYLE_ASSIGNMENT((#8356));
#4570=EDGE_CURVE('',#4836,#4892,#8357,.T.);
#4571=PRESENTATION_STYLE_ASSIGNMENT((#8358));
#4572=EDGE_CURVE('',#2058,#4076,#8359,.T.);
#4573=PRESENTATION_STYLE_ASSIGNMENT((#8360));
#4574=EDGE_CURVE('',#2968,#4008,#8361,.T.);
#4575=PRESENTATION_STYLE_ASSIGNMENT((#8362));
#4576=ADVANCED_FACE('',(#8363),#8364,.T.);
#4577=PRESENTATION_STYLE_ASSIGNMENT((#8365));
#4578=VERTEX_POINT('',#8366);
#4579=PRESENTATION_STYLE_ASSIGNMENT((#8367));
#4580=EDGE_CURVE('',#5148,#4322,#8368,.T.);
#4581=PRESENTATION_STYLE_ASSIGNMENT((#8369));
#4582=EDGE_CURVE('',#5160,#2436,#8370,.T.);
#4583=PRESENTATION_STYLE_ASSIGNMENT((#8371));
#4584=VERTEX_POINT('',#8372);
#4585=PRESENTATION_STYLE_ASSIGNMENT((#8373));
#4586=VERTEX_POINT('',#8374);
#4587=PRESENTATION_STYLE_ASSIGNMENT((#8375));
#4588=VERTEX_POINT('',#8376);
#4589=PRESENTATION_STYLE_ASSIGNMENT((#8377));
#4590=VERTEX_POINT('',#8378);
#4591=PRESENTATION_STYLE_ASSIGNMENT((#8379));
#4592=VERTEX_POINT('',#8380);
#4593=PRESENTATION_STYLE_ASSIGNMENT((#8381));
#4594=VERTEX_POINT('',#8382);
#4595=PRESENTATION_STYLE_ASSIGNMENT((#8383));
#4596=VERTEX_POINT('',#8384);
#4597=PRESENTATION_STYLE_ASSIGNMENT((#8385));
#4598=ADVANCED_FACE('',(#8386),#8387,.F.);
#4599=PRESENTATION_STYLE_ASSIGNMENT((#8388));
#4600=VERTEX_POINT('',#8389);
#4601=PRESENTATION_STYLE_ASSIGNMENT((#8390));
#4602=EDGE_CURVE('',#3592,#2532,#8391,.T.);
#4603=PRESENTATION_STYLE_ASSIGNMENT((#8392));
#4604=VERTEX_POINT('',#8393);
#4605=PRESENTATION_STYLE_ASSIGNMENT((#8394));
#4606=EDGE_CURVE('',#2584,#4698,#8395,.T.);
#4607=PRESENTATION_STYLE_ASSIGNMENT((#8396));
#4608=EDGE_CURVE('',#1990,#2178,#8397,.T.);
#4609=PRESENTATION_STYLE_ASSIGNMENT((#8398));
#4610=EDGE_CURVE('',#4192,#2948,#8399,.T.);
#4611=PRESENTATION_STYLE_ASSIGNMENT((#8400));
#4612=EDGE_CURVE('',#2508,#2458,#8401,.T.);
#4613=PRESENTATION_STYLE_ASSIGNMENT((#8402));
#4614=EDGE_CURVE('',#4890,#2962,#8403,.T.);
#4615=PRESENTATION_STYLE_ASSIGNMENT((#8404));
#4616=EDGE_CURVE('',#5078,#2478,#8405,.T.);
#4617=PRESENTATION_STYLE_ASSIGNMENT((#8406));
#4618=ADVANCED_FACE('',(#8407),#8408,.T.);
#4619=PRESENTATION_STYLE_ASSIGNMENT((#8409));
#4620=EDGE_CURVE('',#4950,#3706,#8410,.T.);
#4621=PRESENTATION_STYLE_ASSIGNMENT((#8411));
#4622=VERTEX_POINT('',#8412);
#4623=PRESENTATION_STYLE_ASSIGNMENT((#8413));
#4624=VERTEX_POINT('',#8414);
#4625=PRESENTATION_STYLE_ASSIGNMENT((#8415));
#4626=EDGE_CURVE('',#4448,#2758,#8416,.T.);
#4627=PRESENTATION_STYLE_ASSIGNMENT((#8417));
#4628=EDGE_CURVE('',#3738,#4488,#8418,.T.);
#4629=PRESENTATION_STYLE_ASSIGNMENT((#8419));
#4630=EDGE_CURVE('',#3130,#4402,#8420,.T.);
#4631=PRESENTATION_STYLE_ASSIGNMENT((#8421));
#4632=EDGE_CURVE('',#4856,#5254,#8422,.T.);
#4633=PRESENTATION_STYLE_ASSIGNMENT((#8423));
#4634=ADVANCED_FACE('',(#8424),#8425,.F.);
#4635=PRESENTATION_STYLE_ASSIGNMENT((#8426));
#4636=EDGE_CURVE('',#3834,#3704,#8427,.T.);
#4637=PRESENTATION_STYLE_ASSIGNMENT((#8428));
#4638=VERTEX_POINT('',#8429);
#4639=PRESENTATION_STYLE_ASSIGNMENT((#8430));
#4640=EDGE_CURVE('',#1816,#4902,#8431,.T.);
#4641=PRESENTATION_STYLE_ASSIGNMENT((#8432));
#4642=VERTEX_POINT('',#8433);
#4643=PRESENTATION_STYLE_ASSIGNMENT((#8434));
#4644=EDGE_CURVE('',#2326,#1992,#8435,.T.);
#4645=PRESENTATION_STYLE_ASSIGNMENT((#8436));
#4646=EDGE_CURVE('',#4486,#4190,#8437,.T.);
#4647=PRESENTATION_STYLE_ASSIGNMENT((#8438));
#4648=EDGE_CURVE('',#3674,#3608,#8439,.T.);
#4649=PRESENTATION_STYLE_ASSIGNMENT((#8440));
#4650=ADVANCED_FACE('',(#8441),#8442,.T.);
#4651=PRESENTATION_STYLE_ASSIGNMENT((#8443));
#4652=VERTEX_POINT('',#8444);
#4653=PRESENTATION_STYLE_ASSIGNMENT((#8445));
#4654=VERTEX_POINT('',#8446);
#4655=PRESENTATION_STYLE_ASSIGNMENT((#8447));
#4656=EDGE_CURVE('',#4720,#2654,#8448,.T.);
#4657=PRESENTATION_STYLE_ASSIGNMENT((#8449));
#4658=EDGE_CURVE('',#3560,#2568,#8450,.T.);
#4659=PRESENTATION_STYLE_ASSIGNMENT((#8451));
#4660=VERTEX_POINT('',#8452);
#4661=PRESENTATION_STYLE_ASSIGNMENT((#8453));
#4662=EDGE_CURVE('',#1852,#4544,#8454,.T.);
#4663=PRESENTATION_STYLE_ASSIGNMENT((#8455));
#4664=EDGE_CURVE('',#2266,#1992,#8456,.T.);
#4665=PRESENTATION_STYLE_ASSIGNMENT((#8457));
#4666=ADVANCED_FACE('',(#8458),#8459,.F.);
#4667=PRESENTATION_STYLE_ASSIGNMENT((#8460));
#4668=EDGE_CURVE('',#5148,#1802,#8461,.T.);
#4669=PRESENTATION_STYLE_ASSIGNMENT((#8462));
#4670=EDGE_CURVE('',#3064,#4464,#8463,.T.);
#4671=PRESENTATION_STYLE_ASSIGNMENT((#8464));
#4672=EDGE_CURVE('',#4740,#3784,#8465,.T.);
#4673=PRESENTATION_STYLE_ASSIGNMENT((#8466));
#4674=ADVANCED_FACE('',(#8467),#8468,.T.);
#4675=PRESENTATION_STYLE_ASSIGNMENT((#8469));
#4676=EDGE_CURVE('',#2734,#4742,#8470,.T.);
#4677=PRESENTATION_STYLE_ASSIGNMENT((#8471));
#4678=EDGE_CURVE('',#4254,#3370,#8472,.T.);
#4679=PRESENTATION_STYLE_ASSIGNMENT((#8473));
#4680=EDGE_CURVE('',#2634,#3628,#8474,.T.);
#4681=PRESENTATION_STYLE_ASSIGNMENT((#8475));
#4682=VERTEX_POINT('',#8476);
#4683=PRESENTATION_STYLE_ASSIGNMENT((#8477));
#4684=VERTEX_POINT('',#8478);
#4685=PRESENTATION_STYLE_ASSIGNMENT((#8479));
#4686=VERTEX_POINT('',#8480);
#4687=PRESENTATION_STYLE_ASSIGNMENT((#8481));
#4688=EDGE_CURVE('',#3590,#3624,#8482,.T.);
#4689=PRESENTATION_STYLE_ASSIGNMENT((#8483));
#4690=EDGE_CURVE('',#4654,#4900,#8484,.T.);
#4691=PRESENTATION_STYLE_ASSIGNMENT((#8485));
#4692=EDGE_CURVE('',#3470,#2718,#8486,.T.);
#4693=PRESENTATION_STYLE_ASSIGNMENT((#8487));
#4694=EDGE_CURVE('',#2644,#3622,#8488,.T.);
#4695=PRESENTATION_STYLE_ASSIGNMENT((#8489));
#4696=ADVANCED_FACE('',(#8490),#8491,.T.);
#4697=PRESENTATION_STYLE_ASSIGNMENT((#8492));
#4698=VERTEX_POINT('',#8493);
#4699=PRESENTATION_STYLE_ASSIGNMENT((#8494));
#4700=EDGE_CURVE('',#4370,#4590,#8495,.T.);
#4701=PRESENTATION_STYLE_ASSIGNMENT((#8496));
#4702=VERTEX_POINT('',#8497);
#4703=PRESENTATION_STYLE_ASSIGNMENT((#8498));
#4704=EDGE_CURVE('',#4326,#3170,#8499,.T.);
#4705=PRESENTATION_STYLE_ASSIGNMENT((#8500));
#4706=VERTEX_POINT('',#8501);
#4707=PRESENTATION_STYLE_ASSIGNMENT((#8502));
#4708=EDGE_CURVE('',#4444,#2522,#8503,.T.);
#4709=PRESENTATION_STYLE_ASSIGNMENT((#8504));
#4710=EDGE_CURVE('',#4762,#4964,#8505,.T.);
#4711=PRESENTATION_STYLE_ASSIGNMENT((#8506));
#4712=EDGE_CURVE('',#4928,#3402,#8507,.T.);
#4713=PRESENTATION_STYLE_ASSIGNMENT((#8508));
#4714=VERTEX_POINT('',#8509);
#4715=PRESENTATION_STYLE_ASSIGNMENT((#8510));
#4716=EDGE_CURVE('',#4622,#2460,#8511,.T.);
#4717=PRESENTATION_STYLE_ASSIGNMENT((#8512));
#4718=EDGE_CURVE('',#4480,#4586,#8513,.T.);
#4719=PRESENTATION_STYLE_ASSIGNMENT((#8514));
#4720=VERTEX_POINT('',#8515);
#4721=PRESENTATION_STYLE_ASSIGNMENT((#8516));
#4722=EDGE_CURVE('',#2522,#2906,#8517,.T.);
#4723=PRESENTATION_STYLE_ASSIGNMENT((#8518));
#4724=VERTEX_POINT('',#8519);
#4725=PRESENTATION_STYLE_ASSIGNMENT((#8520));
#4726=EDGE_CURVE('',#3468,#2340,#8521,.T.);
#4727=PRESENTATION_STYLE_ASSIGNMENT((#8522));
#4728=EDGE_CURVE('',#4720,#3316,#8523,.T.);
#4729=PRESENTATION_STYLE_ASSIGNMENT((#8524));
#4730=ADVANCED_FACE('',(#8525),#8526,.F.);
#4731=PRESENTATION_STYLE_ASSIGNMENT((#8527));
#4732=ADVANCED_FACE('',(#8528),#8529,.T.);
#4733=PRESENTATION_STYLE_ASSIGNMENT((#8530));
#4734=EDGE_CURVE('',#4186,#5136,#8531,.T.);
#4735=PRESENTATION_STYLE_ASSIGNMENT((#8532));
#4736=EDGE_CURVE('',#4426,#3576,#8533,.T.);
#4737=PRESENTATION_STYLE_ASSIGNMENT((#8534));
#4738=EDGE_CURVE('',#4322,#5252,#8535,.T.);
#4739=PRESENTATION_STYLE_ASSIGNMENT((#8536));
#4740=VERTEX_POINT('',#8537);
#4741=PRESENTATION_STYLE_ASSIGNMENT((#8538));
#4742=VERTEX_POINT('',#8539);
#4743=PRESENTATION_STYLE_ASSIGNMENT((#8540));
#4744=VERTEX_POINT('',#8541);
#4745=PRESENTATION_STYLE_ASSIGNMENT((#8542));
#4746=EDGE_CURVE('',#4842,#2750,#8543,.T.);
#4747=PRESENTATION_STYLE_ASSIGNMENT((#8544));
#4748=VERTEX_POINT('',#8545);
#4749=PRESENTATION_STYLE_ASSIGNMENT((#8546));
#4750=ADVANCED_FACE('',(#8547),#8548,.F.);
#4751=PRESENTATION_STYLE_ASSIGNMENT((#8549));
#4752=EDGE_CURVE('',#4040,#2622,#8550,.T.);
#4753=PRESENTATION_STYLE_ASSIGNMENT((#8551));
#4754=EDGE_CURVE('',#3402,#4714,#8552,.T.);
#4755=PRESENTATION_STYLE_ASSIGNMENT((#8553));
#4756=EDGE_CURVE('',#3338,#4596,#8554,.T.);
#4757=PRESENTATION_STYLE_ASSIGNMENT((#8555));
#4758=EDGE_CURVE('',#4194,#3278,#8556,.T.);
#4759=PRESENTATION_STYLE_ASSIGNMENT((#8557));
#4760=ADVANCED_FACE('',(#8558),#8559,.T.);
#4761=PRESENTATION_STYLE_ASSIGNMENT((#8560));
#4762=VERTEX_POINT('',#8561);
#4763=PRESENTATION_STYLE_ASSIGNMENT((#8562));
#4764=EDGE_CURVE('',#3106,#3748,#8563,.T.);
#4765=PRESENTATION_STYLE_ASSIGNMENT((#8564));
#4766=EDGE_CURVE('',#4548,#4116,#8565,.T.);
#4767=PRESENTATION_STYLE_ASSIGNMENT((#8566));
#4768=VERTEX_POINT('',#8567);
#4769=PRESENTATION_STYLE_ASSIGNMENT((#8568));
#4770=VERTEX_POINT('',#8569);
#4771=PRESENTATION_STYLE_ASSIGNMENT((#8570));
#4772=EDGE_CURVE('',#4190,#4528,#8571,.T.);
#4773=PRESENTATION_STYLE_ASSIGNMENT((#8572));
#4774=EDGE_CURVE('',#5200,#2262,#8573,.T.);
#4775=PRESENTATION_STYLE_ASSIGNMENT((#8574));
#4776=ADVANCED_FACE('',(#8575),#8576,.T.);
#4777=PRESENTATION_STYLE_ASSIGNMENT((#8577));
#4778=VERTEX_POINT('',#8578);
#4779=PRESENTATION_STYLE_ASSIGNMENT((#8579));
#4780=EDGE_CURVE('',#5220,#5138,#8580,.T.);
#4781=PRESENTATION_STYLE_ASSIGNMENT((#8581));
#4782=EDGE_CURVE('',#1786,#4116,#8582,.T.);
#4783=PRESENTATION_STYLE_ASSIGNMENT((#8583));
#4784=ADVANCED_FACE('',(#8584),#8585,.F.);
#4785=PRESENTATION_STYLE_ASSIGNMENT((#8586));
#4786=VERTEX_POINT('',#8587);
#4787=PRESENTATION_STYLE_ASSIGNMENT((#8588));
#4788=EDGE_CURVE('',#4492,#2388,#8589,.T.);
#4789=PRESENTATION_STYLE_ASSIGNMENT((#8590));
#4790=VERTEX_POINT('',#8591);
#4791=PRESENTATION_STYLE_ASSIGNMENT((#8592));
#4792=VERTEX_POINT('',#8593);
#4793=PRESENTATION_STYLE_ASSIGNMENT((#8594));
#4794=EDGE_CURVE('',#5024,#3720,#8595,.T.);
#4795=PRESENTATION_STYLE_ASSIGNMENT((#8596));
#4796=EDGE_CURVE('',#4660,#5192,#8597,.T.);
#4797=PRESENTATION_STYLE_ASSIGNMENT((#8598));
#4798=EDGE_CURVE('',#4898,#2968,#8599,.T.);
#4799=PRESENTATION_STYLE_ASSIGNMENT((#8600));
#4800=VERTEX_POINT('',#8601);
#4801=PRESENTATION_STYLE_ASSIGNMENT((#8602));
#4802=VERTEX_POINT('',#8603);
#4803=PRESENTATION_STYLE_ASSIGNMENT((#8604));
#4804=ADVANCED_FACE('',(#8605),#8606,.T.);
#4805=PRESENTATION_STYLE_ASSIGNMENT((#8607));
#4806=EDGE_CURVE('',#2994,#2328,#8608,.T.);
#4807=PRESENTATION_STYLE_ASSIGNMENT((#8609));
#4808=EDGE_CURVE('',#3038,#1940,#8610,.T.);
#4809=PRESENTATION_STYLE_ASSIGNMENT((#8611));
#4810=ADVANCED_FACE('',(#8612),#8613,.F.);
#4811=PRESENTATION_STYLE_ASSIGNMENT((#8614));
#4812=VERTEX_POINT('',#8615);
#4813=PRESENTATION_STYLE_ASSIGNMENT((#8616));
#4814=ADVANCED_FACE('',(#8617),#8618,.F.);
#4815=PRESENTATION_STYLE_ASSIGNMENT((#8619));
#4816=ADVANCED_FACE('',(#8620),#8621,.T.);
#4817=PRESENTATION_STYLE_ASSIGNMENT((#8622));
#4818=VERTEX_POINT('',#8623);
#4819=PRESENTATION_STYLE_ASSIGNMENT((#8624));
#4820=VERTEX_POINT('',#8625);
#4821=PRESENTATION_STYLE_ASSIGNMENT((#8626));
#4822=EDGE_CURVE('',#3006,#4748,#8627,.T.);
#4823=PRESENTATION_STYLE_ASSIGNMENT((#8628));
#4824=VERTEX_POINT('',#8629);
#4825=PRESENTATION_STYLE_ASSIGNMENT((#8630));
#4826=ADVANCED_FACE('',(#8631,#8632),#8633,.F.);
#4827=PRESENTATION_STYLE_ASSIGNMENT((#8634));
#4828=VERTEX_POINT('',#8635);
#4829=PRESENTATION_STYLE_ASSIGNMENT((#8636));
#4830=VERTEX_POINT('',#8637);
#4831=PRESENTATION_STYLE_ASSIGNMENT((#8638));
#4832=VERTEX_POINT('',#8639);
#4833=PRESENTATION_STYLE_ASSIGNMENT((#8640));
#4834=EDGE_CURVE('',#2800,#3706,#8641,.T.);
#4835=PRESENTATION_STYLE_ASSIGNMENT((#8642));
#4836=VERTEX_POINT('',#8643);
#4837=PRESENTATION_STYLE_ASSIGNMENT((#8644));
#4838=EDGE_CURVE('',#5048,#3296,#8645,.T.);
#4839=PRESENTATION_STYLE_ASSIGNMENT((#8646));
#4840=ADVANCED_FACE('',(#8647,#8648),#8649,.F.);
#4841=PRESENTATION_STYLE_ASSIGNMENT((#8650));
#4842=VERTEX_POINT('',#8651);
#4843=PRESENTATION_STYLE_ASSIGNMENT((#8652));
#4844=EDGE_CURVE('',#5242,#3108,#8653,.T.);
#4845=PRESENTATION_STYLE_ASSIGNMENT((#8654));
#4846=VERTEX_POINT('',#8655);
#4847=PRESENTATION_STYLE_ASSIGNMENT((#8656));
#4848=VERTEX_POINT('',#8657);
#4849=PRESENTATION_STYLE_ASSIGNMENT((#8658));
#4850=EDGE_CURVE('',#3040,#4470,#8659,.T.);
#4851=PRESENTATION_STYLE_ASSIGNMENT((#8660));
#4852=EDGE_CURVE('',#4466,#2422,#8661,.T.);
#4853=PRESENTATION_STYLE_ASSIGNMENT((#8662));
#4854=VERTEX_POINT('',#8663);
#4855=PRESENTATION_STYLE_ASSIGNMENT((#8664));
#4856=VERTEX_POINT('',#8665);
#4857=PRESENTATION_STYLE_ASSIGNMENT((#8666));
#4858=ADVANCED_FACE('',(#8667),#8668,.F.);
#4859=PRESENTATION_STYLE_ASSIGNMENT((#8669));
#4860=ADVANCED_FACE('',(#8670),#8671,.F.);
#4861=PRESENTATION_STYLE_ASSIGNMENT((#8672));
#4862=EDGE_CURVE('',#1928,#3508,#8673,.T.);
#4863=PRESENTATION_STYLE_ASSIGNMENT((#8674));
#4864=ADVANCED_FACE('',(#8675),#8676,.F.);
#4865=PRESENTATION_STYLE_ASSIGNMENT((#8677));
#4866=VERTEX_POINT('',#8678);
#4867=PRESENTATION_STYLE_ASSIGNMENT((#8679));
#4868=ADVANCED_FACE('',(#8680),#8681,.F.);
#4869=PRESENTATION_STYLE_ASSIGNMENT((#8682));
#4870=VERTEX_POINT('',#8683);
#4871=PRESENTATION_STYLE_ASSIGNMENT((#8684));
#4872=EDGE_CURVE('',#1802,#3372,#8685,.T.);
#4873=PRESENTATION_STYLE_ASSIGNMENT((#8686));
#4874=VERTEX_POINT('',#8687);
#4875=PRESENTATION_STYLE_ASSIGNMENT((#8688));
#4876=EDGE_CURVE('',#3414,#2542,#8689,.T.);
#4877=PRESENTATION_STYLE_ASSIGNMENT((#8690));
#4878=EDGE_CURVE('',#3002,#1802,#8691,.T.);
#4879=PRESENTATION_STYLE_ASSIGNMENT((#8692));
#4880=ADVANCED_FACE('',(#8693),#8694,.F.);
#4881=PRESENTATION_STYLE_ASSIGNMENT((#8695));
#4882=ADVANCED_FACE('',(#8696,#8697),#8698,.F.);
#4883=PRESENTATION_STYLE_ASSIGNMENT((#8699));
#4884=ADVANCED_FACE('',(#8700),#8701,.F.);
#4885=PRESENTATION_STYLE_ASSIGNMENT((#8702));
#4886=VERTEX_POINT('',#8703);
#4887=PRESENTATION_STYLE_ASSIGNMENT((#8704));
#4888=ADVANCED_FACE('',(#8705),#8706,.T.);
#4889=PRESENTATION_STYLE_ASSIGNMENT((#8707));
#4890=VERTEX_POINT('',#8708);
#4891=PRESENTATION_STYLE_ASSIGNMENT((#8709));
#4892=VERTEX_POINT('',#8710);
#4893=PRESENTATION_STYLE_ASSIGNMENT((#8711));
#4894=VERTEX_POINT('',#8712);
#4895=PRESENTATION_STYLE_ASSIGNMENT((#8713));
#4896=ADVANCED_FACE('',(#8714),#8715,.F.);
#4897=PRESENTATION_STYLE_ASSIGNMENT((#8716));
#4898=VERTEX_POINT('',#8717);
#4899=PRESENTATION_STYLE_ASSIGNMENT((#8718));
#4900=VERTEX_POINT('',#8719);
#4901=PRESENTATION_STYLE_ASSIGNMENT((#8720));
#4902=VERTEX_POINT('',#8721);
#4903=PRESENTATION_STYLE_ASSIGNMENT((#8722));
#4904=EDGE_CURVE('',#4586,#5226,#8723,.T.);
#4905=PRESENTATION_STYLE_ASSIGNMENT((#8724));
#4906=EDGE_CURVE('',#5136,#5274,#8725,.T.);
#4907=PRESENTATION_STYLE_ASSIGNMENT((#8726));
#4908=VERTEX_POINT('',#8727);
#4909=PRESENTATION_STYLE_ASSIGNMENT((#8728));
#4910=ADVANCED_FACE('',(#8729),#8730,.F.);
#4911=PRESENTATION_STYLE_ASSIGNMENT((#8731));
#4912=ADVANCED_FACE('',(#8732),#8733,.T.);
#4913=PRESENTATION_STYLE_ASSIGNMENT((#8734));
#4914=ADVANCED_FACE('',(#8735),#8736,.F.);
#4915=PRESENTATION_STYLE_ASSIGNMENT((#8737));
#4916=ADVANCED_FACE('',(#8738),#8739,.F.);
#4917=PRESENTATION_STYLE_ASSIGNMENT((#8740));
#4918=VERTEX_POINT('',#8741);
#4919=PRESENTATION_STYLE_ASSIGNMENT((#8742));
#4920=EDGE_CURVE('',#3632,#4594,#8743,.T.);
#4921=PRESENTATION_STYLE_ASSIGNMENT((#8744));
#4922=EDGE_CURVE('',#4234,#2978,#8745,.T.);
#4923=PRESENTATION_STYLE_ASSIGNMENT((#8746));
#4924=ADVANCED_FACE('',(#8747,#8748),#8749,.F.);
#4925=PRESENTATION_STYLE_ASSIGNMENT((#8750));
#4926=VERTEX_POINT('',#8751);
#4927=PRESENTATION_STYLE_ASSIGNMENT((#8752));
#4928=VERTEX_POINT('',#8753);
#4929=PRESENTATION_STYLE_ASSIGNMENT((#8754));
#4930=EDGE_CURVE('',#3504,#2522,#8755,.T.);
#4931=PRESENTATION_STYLE_ASSIGNMENT((#8756));
#4932=EDGE_CURVE('',#2124,#4208,#8757,.T.);
#4933=PRESENTATION_STYLE_ASSIGNMENT((#8758));
#4934=ADVANCED_FACE('',(#8759),#8760,.T.);
#4935=PRESENTATION_STYLE_ASSIGNMENT((#8761));
#4936=VERTEX_POINT('',#8762);
#4937=PRESENTATION_STYLE_ASSIGNMENT((#8763));
#4938=VERTEX_POINT('',#8764);
#4939=PRESENTATION_STYLE_ASSIGNMENT((#8765));
#4940=VERTEX_POINT('',#8766);
#4941=PRESENTATION_STYLE_ASSIGNMENT((#8767));
#4942=EDGE_CURVE('',#4886,#2148,#8768,.T.);
#4943=PRESENTATION_STYLE_ASSIGNMENT((#8769));
#4944=ADVANCED_FACE('',(#8770),#8771,.T.);
#4945=PRESENTATION_STYLE_ASSIGNMENT((#8772));
#4946=EDGE_CURVE('',#5182,#2116,#8773,.T.);
#4947=PRESENTATION_STYLE_ASSIGNMENT((#8774));
#4948=EDGE_CURVE('',#3182,#5172,#8775,.T.);
#4949=PRESENTATION_STYLE_ASSIGNMENT((#8776));
#4950=VERTEX_POINT('',#8777);
#4951=PRESENTATION_STYLE_ASSIGNMENT((#8778));
#4952=VERTEX_POINT('',#8779);
#4953=PRESENTATION_STYLE_ASSIGNMENT((#8780));
#4954=VERTEX_POINT('',#8781);
#4955=PRESENTATION_STYLE_ASSIGNMENT((#8782));
#4956=EDGE_CURVE('',#5002,#2542,#8783,.T.);
#4957=PRESENTATION_STYLE_ASSIGNMENT((#8784));
#4958=EDGE_CURVE('',#2598,#2910,#8785,.T.);
#4959=PRESENTATION_STYLE_ASSIGNMENT((#8786));
#4960=EDGE_CURVE('',#4918,#2124,#8787,.T.);
#4961=PRESENTATION_STYLE_ASSIGNMENT((#8788));
#4962=EDGE_CURVE('',#4952,#4020,#8789,.T.);
#4963=PRESENTATION_STYLE_ASSIGNMENT((#8790));
#4964=VERTEX_POINT('',#8791);
#4965=PRESENTATION_STYLE_ASSIGNMENT((#8792));
#4966=VERTEX_POINT('',#8793);
#4967=PRESENTATION_STYLE_ASSIGNMENT((#8794));
#4968=EDGE_CURVE('',#3630,#2446,#8795,.T.);
#4969=PRESENTATION_STYLE_ASSIGNMENT((#8796));
#4970=ADVANCED_FACE('',(#8797),#8798,.F.);
#4971=PRESENTATION_STYLE_ASSIGNMENT((#8799));
#4972=VERTEX_POINT('',#8800);
#4973=PRESENTATION_STYLE_ASSIGNMENT((#8801));
#4974=EDGE_CURVE('',#4196,#5060,#8802,.T.);
#4975=PRESENTATION_STYLE_ASSIGNMENT((#8803));
#4976=EDGE_CURVE('',#5274,#1964,#8804,.T.);
#4977=PRESENTATION_STYLE_ASSIGNMENT((#8805));
#4978=EDGE_CURVE('',#4464,#3630,#8806,.T.);
#4979=PRESENTATION_STYLE_ASSIGNMENT((#8807));
#4980=EDGE_CURVE('',#4786,#5052,#8808,.T.);
#4981=PRESENTATION_STYLE_ASSIGNMENT((#8809));
#4982=EDGE_CURVE('',#2286,#4592,#8810,.T.);
#4983=PRESENTATION_STYLE_ASSIGNMENT((#8811));
#4984=EDGE_CURVE('',#2048,#3692,#8812,.T.);
#4985=PRESENTATION_STYLE_ASSIGNMENT((#8813));
#4986=EDGE_CURVE('',#3630,#2598,#8814,.T.);
#4987=PRESENTATION_STYLE_ASSIGNMENT((#8815));
#4988=VERTEX_POINT('',#8816);
#4989=PRESENTATION_STYLE_ASSIGNMENT((#8817));
#4990=ADVANCED_FACE('',(#8818,#8819),#8820,.F.);
#4991=PRESENTATION_STYLE_ASSIGNMENT((#8821));
#4992=EDGE_CURVE('',#3654,#2932,#8822,.T.);
#4993=PRESENTATION_STYLE_ASSIGNMENT((#8823));
#4994=VERTEX_POINT('',#8824);
#4995=PRESENTATION_STYLE_ASSIGNMENT((#8825));
#4996=ADVANCED_FACE('',(#8826),#8827,.F.);
#4997=PRESENTATION_STYLE_ASSIGNMENT((#8828));
#4998=ADVANCED_FACE('',(#8829),#8830,.F.);
#4999=PRESENTATION_STYLE_ASSIGNMENT((#8831));
#5000=ADVANCED_FACE('',(#8832),#8833,.T.);
#5001=PRESENTATION_STYLE_ASSIGNMENT((#8834));
#5002=VERTEX_POINT('',#8835);
#5003=PRESENTATION_STYLE_ASSIGNMENT((#8836));
#5004=VERTEX_POINT('',#8837);
#5005=PRESENTATION_STYLE_ASSIGNMENT((#8838));
#5006=EDGE_CURVE('',#5298,#4588,#8839,.T.);
#5007=PRESENTATION_STYLE_ASSIGNMENT((#8840));
#5008=ADVANCED_FACE('',(#8841),#8842,.F.);
#5009=PRESENTATION_STYLE_ASSIGNMENT((#8843));
#5010=EDGE_CURVE('',#2396,#3642,#8844,.T.);
#5011=PRESENTATION_STYLE_ASSIGNMENT((#8845));
#5012=EDGE_CURVE('',#3400,#2984,#8846,.T.);
#5013=PRESENTATION_STYLE_ASSIGNMENT((#8847));
#5014=ADVANCED_FACE('',(#8848),#8849,.T.);
#5015=PRESENTATION_STYLE_ASSIGNMENT((#8850));
#5016=EDGE_CURVE('',#1942,#1944,#8851,.T.);
#5017=PRESENTATION_STYLE_ASSIGNMENT((#8852));
#5018=EDGE_CURVE('',#3378,#5160,#8853,.T.);
#5019=PRESENTATION_STYLE_ASSIGNMENT((#8854));
#5020=EDGE_CURVE('',#4388,#3626,#8855,.T.);
#5021=PRESENTATION_STYLE_ASSIGNMENT((#8856));
#5022=VERTEX_POINT('',#8857);
#5023=PRESENTATION_STYLE_ASSIGNMENT((#8858));
#5024=VERTEX_POINT('',#8859);
#5025=PRESENTATION_STYLE_ASSIGNMENT((#8860));
#5026=VERTEX_POINT('',#8861);
#5027=PRESENTATION_STYLE_ASSIGNMENT((#8862));
#5028=EDGE_CURVE('',#4384,#4016,#8863,.T.);
#5029=PRESENTATION_STYLE_ASSIGNMENT((#8864));
#5030=EDGE_CURVE('',#1888,#4954,#8865,.T.);
#5031=PRESENTATION_STYLE_ASSIGNMENT((#8866));
#5032=EDGE_CURVE('',#2808,#2322,#8867,.T.);
#5033=PRESENTATION_STYLE_ASSIGNMENT((#8868));
#5034=EDGE_CURVE('',#3652,#4234,#8869,.T.);
#5035=PRESENTATION_STYLE_ASSIGNMENT((#8870));
#5036=ADVANCED_FACE('',(#8871,#8872),#8873,.F.);
#5037=PRESENTATION_STYLE_ASSIGNMENT((#8874));
#5038=EDGE_CURVE('',#5292,#4592,#8875,.T.);
#5039=PRESENTATION_STYLE_ASSIGNMENT((#8876));
#5040=EDGE_CURVE('',#3720,#2634,#8877,.T.);
#5041=PRESENTATION_STYLE_ASSIGNMENT((#8878));
#5042=EDGE_CURVE('',#3882,#3728,#8879,.T.);
#5043=PRESENTATION_STYLE_ASSIGNMENT((#8880));
#5044=EDGE_CURVE('',#3594,#2082,#8881,.T.);
#5045=PRESENTATION_STYLE_ASSIGNMENT((#8882));
#5046=EDGE_CURVE('',#3326,#4966,#8883,.T.);
#5047=PRESENTATION_STYLE_ASSIGNMENT((#8884));
#5048=VERTEX_POINT('',#8885);
#5049=PRESENTATION_STYLE_ASSIGNMENT((#8886));
#5050=EDGE_CURVE('',#4050,#4660,#8887,.T.);
#5051=PRESENTATION_STYLE_ASSIGNMENT((#8888));
#5052=VERTEX_POINT('',#8889);
#5053=PRESENTATION_STYLE_ASSIGNMENT((#8890));
#5054=EDGE_CURVE('',#2654,#2190,#8891,.T.);
#5055=PRESENTATION_STYLE_ASSIGNMENT((#8892));
#5056=EDGE_CURVE('',#3324,#3182,#8893,.T.);
#5057=PRESENTATION_STYLE_ASSIGNMENT((#8894));
#5058=EDGE_CURVE('',#2054,#2674,#8895,.T.);
#5059=PRESENTATION_STYLE_ASSIGNMENT((#8896));
#5060=VERTEX_POINT('',#8897);
#5061=PRESENTATION_STYLE_ASSIGNMENT((#8898));
#5062=EDGE_CURVE('',#2328,#4740,#8899,.T.);
#5063=PRESENTATION_STYLE_ASSIGNMENT((#8900));
#5064=ADVANCED_FACE('',(#8901),#8902,.T.);
#5065=PRESENTATION_STYLE_ASSIGNMENT((#8903));
#5066=ADVANCED_FACE('',(#8904),#8905,.T.);
#5067=PRESENTATION_STYLE_ASSIGNMENT((#8906));
#5068=VERTEX_POINT('',#8907);
#5069=PRESENTATION_STYLE_ASSIGNMENT((#8908));
#5070=EDGE_CURVE('',#2100,#2806,#8909,.T.);
#5071=PRESENTATION_STYLE_ASSIGNMENT((#8910));
#5072=EDGE_CURVE('',#1934,#3242,#8911,.T.);
#5073=PRESENTATION_STYLE_ASSIGNMENT((#8912));
#5074=VERTEX_POINT('',#8913);
#5075=PRESENTATION_STYLE_ASSIGNMENT((#8914));
#5076=ADVANCED_FACE('',(#8915),#8916,.F.);
#5077=PRESENTATION_STYLE_ASSIGNMENT((#8917));
#5078=VERTEX_POINT('',#8918);
#5079=PRESENTATION_STYLE_ASSIGNMENT((#8919));
#5080=EDGE_CURVE('',#2056,#5148,#8920,.T.);
#5081=PRESENTATION_STYLE_ASSIGNMENT((#8921));
#5082=EDGE_CURVE('',#4556,#4918,#8922,.T.);
#5083=PRESENTATION_STYLE_ASSIGNMENT((#8923));
#5084=EDGE_CURVE('',#4550,#4388,#8924,.T.);
#5085=PRESENTATION_STYLE_ASSIGNMENT((#8925));
#5086=EDGE_CURVE('',#4150,#3894,#8926,.T.);
#5087=PRESENTATION_STYLE_ASSIGNMENT((#8927));
#5088=EDGE_CURVE('',#4894,#4270,#8928,.T.);
#5089=PRESENTATION_STYLE_ASSIGNMENT((#8929));
#5090=EDGE_CURVE('',#3996,#3456,#8930,.T.);
#5091=PRESENTATION_STYLE_ASSIGNMENT((#8931));
#5092=EDGE_CURVE('',#3704,#3764,#8932,.T.);
#5093=PRESENTATION_STYLE_ASSIGNMENT((#8933));
#5094=EDGE_CURVE('',#3038,#2326,#8934,.T.);
#5095=PRESENTATION_STYLE_ASSIGNMENT((#8935));
#5096=EDGE_CURVE('',#3280,#4348,#8936,.T.);
#5097=PRESENTATION_STYLE_ASSIGNMENT((#8937));
#5098=EDGE_CURVE('',#4196,#2904,#8938,.T.);
#5099=PRESENTATION_STYLE_ASSIGNMENT((#8939));
#5100=VERTEX_POINT('',#8940);
#5101=PRESENTATION_STYLE_ASSIGNMENT((#8941));
#5102=EDGE_CURVE('',#2090,#3960,#8942,.T.);
#5103=PRESENTATION_STYLE_ASSIGNMENT((#8943));
#5104=EDGE_CURVE('',#2242,#3504,#8944,.T.);
#5105=PRESENTATION_STYLE_ASSIGNMENT((#8945));
#5106=EDGE_CURVE('',#2446,#3064,#8946,.T.);
#5107=PRESENTATION_STYLE_ASSIGNMENT((#8947));
#5108=VERTEX_POINT('',#8948);
#5109=PRESENTATION_STYLE_ASSIGNMENT((#8949));
#5110=EDGE_CURVE('',#4778,#5264,#8950,.T.);
#5111=PRESENTATION_STYLE_ASSIGNMENT((#8951));
#5112=EDGE_CURVE('',#3950,#4402,#8952,.T.);
#5113=PRESENTATION_STYLE_ASSIGNMENT((#8953));
#5114=EDGE_CURVE('',#2978,#1830,#8954,.T.);
#5115=PRESENTATION_STYLE_ASSIGNMENT((#8955));
#5116=ADVANCED_FACE('',(#8956),#8957,.F.);
#5117=PRESENTATION_STYLE_ASSIGNMENT((#8958));
#5118=ADVANCED_FACE('',(#8959),#8960,.T.);
#5119=PRESENTATION_STYLE_ASSIGNMENT((#8961));
#5120=ADVANCED_FACE('',(#8962),#8963,.F.);
#5121=PRESENTATION_STYLE_ASSIGNMENT((#8964));
#5122=EDGE_CURVE('',#2654,#1938,#8965,.T.);
#5123=PRESENTATION_STYLE_ASSIGNMENT((#8966));
#5124=ADVANCED_FACE('',(#8967),#8968,.F.);
#5125=PRESENTATION_STYLE_ASSIGNMENT((#8969));
#5126=VERTEX_POINT('',#8970);
#5127=PRESENTATION_STYLE_ASSIGNMENT((#8971));
#5128=EDGE_CURVE('',#1846,#2998,#8972,.T.);
#5129=PRESENTATION_STYLE_ASSIGNMENT((#8973));
#5130=ADVANCED_FACE('',(#8974),#8975,.F.);
#5131=PRESENTATION_STYLE_ASSIGNMENT((#8976));
#5132=EDGE_CURVE('',#3456,#4098,#8977,.T.);
#5133=PRESENTATION_STYLE_ASSIGNMENT((#8978));
#5134=EDGE_CURVE('',#4094,#3864,#8979,.T.);
#5135=PRESENTATION_STYLE_ASSIGNMENT((#8980));
#5136=VERTEX_POINT('',#8981);
#5137=PRESENTATION_STYLE_ASSIGNMENT((#8982));
#5138=VERTEX_POINT('',#8983);
#5139=PRESENTATION_STYLE_ASSIGNMENT((#8984));
#5140=EDGE_CURVE('',#2380,#4818,#8985,.T.);
#5141=PRESENTATION_STYLE_ASSIGNMENT((#8986));
#5142=EDGE_CURVE('',#2396,#3134,#8987,.T.);
#5143=PRESENTATION_STYLE_ASSIGNMENT((#8988));
#5144=EDGE_CURVE('',#2964,#3802,#8989,.T.);
#5145=PRESENTATION_STYLE_ASSIGNMENT((#8990));
#5146=EDGE_CURVE('',#3972,#3628,#8991,.T.);
#5147=PRESENTATION_STYLE_ASSIGNMENT((#8992));
#5148=VERTEX_POINT('',#8993);
#5149=PRESENTATION_STYLE_ASSIGNMENT((#8994));
#5150=EDGE_CURVE('',#4724,#2478,#8995,.T.);
#5151=PRESENTATION_STYLE_ASSIGNMENT((#8996));
#5152=EDGE_CURVE('',#2910,#4464,#8997,.T.);
#5153=PRESENTATION_STYLE_ASSIGNMENT((#8998));
#5154=EDGE_CURVE('',#4866,#4444,#8999,.T.);
#5155=PRESENTATION_STYLE_ASSIGNMENT((#9000));
#5156=EDGE_CURVE('',#2010,#3918,#9001,.T.);
#5157=PRESENTATION_STYLE_ASSIGNMENT((#9002));
#5158=EDGE_CURVE('',#2184,#2128,#9003,.T.);
#5159=PRESENTATION_STYLE_ASSIGNMENT((#9004));
#5160=VERTEX_POINT('',#9005);
#5161=PRESENTATION_STYLE_ASSIGNMENT((#9006));
#5162=VERTEX_POINT('',#9007);
#5163=PRESENTATION_STYLE_ASSIGNMENT((#9008));
#5164=VERTEX_POINT('',#9009);
#5165=PRESENTATION_STYLE_ASSIGNMENT((#9010));
#5166=EDGE_CURVE('',#3806,#2878,#9011,.T.);
#5167=PRESENTATION_STYLE_ASSIGNMENT((#9012));
#5168=EDGE_CURVE('',#2564,#3156,#9013,.T.);
#5169=PRESENTATION_STYLE_ASSIGNMENT((#9014));
#5170=VERTEX_POINT('',#9015);
#5171=PRESENTATION_STYLE_ASSIGNMENT((#9016));
#5172=VERTEX_POINT('',#9017);
#5173=PRESENTATION_STYLE_ASSIGNMENT((#9018));
#5174=EDGE_CURVE('',#1786,#2182,#9019,.T.);
#5175=PRESENTATION_STYLE_ASSIGNMENT((#9020));
#5176=VERTEX_POINT('',#9021);
#5177=PRESENTATION_STYLE_ASSIGNMENT((#9022));
#5178=EDGE_CURVE('',#3410,#5276,#9023,.T.);
#5179=PRESENTATION_STYLE_ASSIGNMENT((#9024));
#5180=EDGE_CURVE('',#4854,#2990,#9025,.T.);
#5181=PRESENTATION_STYLE_ASSIGNMENT((#9026));
#5182=VERTEX_POINT('',#9027);
#5183=PRESENTATION_STYLE_ASSIGNMENT((#9028));
#5184=EDGE_CURVE('',#2962,#4172,#9029,.T.);
#5185=PRESENTATION_STYLE_ASSIGNMENT((#9030));
#5186=EDGE_CURVE('',#5224,#4194,#9031,.T.);
#5187=PRESENTATION_STYLE_ASSIGNMENT((#9032));
#5188=EDGE_CURVE('',#4902,#1866,#9033,.T.);
#5189=PRESENTATION_STYLE_ASSIGNMENT((#9034));
#5190=VERTEX_POINT('',#9035);
#5191=PRESENTATION_STYLE_ASSIGNMENT((#9036));
#5192=VERTEX_POINT('',#9037);
#5193=PRESENTATION_STYLE_ASSIGNMENT((#9038));
#5194=EDGE_CURVE('',#3168,#2128,#9039,.T.);
#5195=PRESENTATION_STYLE_ASSIGNMENT((#9040));
#5196=VERTEX_POINT('',#9041);
#5197=PRESENTATION_STYLE_ASSIGNMENT((#9042));
#5198=VERTEX_POINT('',#9043);
#5199=PRESENTATION_STYLE_ASSIGNMENT((#9044));
#5200=VERTEX_POINT('',#9045);
#5201=PRESENTATION_STYLE_ASSIGNMENT((#9046));
#5202=EDGE_CURVE('',#2998,#2152,#9047,.T.);
#5203=PRESENTATION_STYLE_ASSIGNMENT((#9048));
#5204=EDGE_CURVE('',#3958,#1934,#9049,.T.);
#5205=PRESENTATION_STYLE_ASSIGNMENT((#9050));
#5206=EDGE_CURVE('',#3624,#3156,#9051,.T.);
#5207=PRESENTATION_STYLE_ASSIGNMENT((#9052));
#5208=EDGE_CURVE('',#3646,#4552,#9053,.T.);
#5209=PRESENTATION_STYLE_ASSIGNMENT((#9054));
#5210=VERTEX_POINT('',#9055);
#5211=PRESENTATION_STYLE_ASSIGNMENT((#9056));
#5212=VERTEX_POINT('',#9057);
#5213=PRESENTATION_STYLE_ASSIGNMENT((#9058));
#5214=ADVANCED_FACE('',(#9059),#9060,.F.);
#5215=PRESENTATION_STYLE_ASSIGNMENT((#9061));
#5216=ADVANCED_FACE('',(#9062),#9063,.T.);
#5217=PRESENTATION_STYLE_ASSIGNMENT((#9064));
#5218=EDGE_CURVE('',#4792,#4274,#9065,.T.);
#5219=PRESENTATION_STYLE_ASSIGNMENT((#9066));
#5220=VERTEX_POINT('',#9067);
#5221=PRESENTATION_STYLE_ASSIGNMENT((#9068));
#5222=EDGE_CURVE('',#4414,#3802,#9069,.T.);
#5223=PRESENTATION_STYLE_ASSIGNMENT((#9070));
#5224=VERTEX_POINT('',#9071);
#5225=PRESENTATION_STYLE_ASSIGNMENT((#9072));
#5226=VERTEX_POINT('',#9073);
#5227=PRESENTATION_STYLE_ASSIGNMENT((#9074));
#5228=EDGE_CURVE('',#4090,#1990,#9075,.T.);
#5229=PRESENTATION_STYLE_ASSIGNMENT((#9076));
#5230=ADVANCED_FACE('',(#9077),#9078,.T.);
#5231=PRESENTATION_STYLE_ASSIGNMENT((#9079));
#5232=ADVANCED_FACE('',(#9080),#9081,.F.);
#5233=PRESENTATION_STYLE_ASSIGNMENT((#9082));
#5234=EDGE_CURVE('',#4552,#4150,#9083,.T.);
#5235=PRESENTATION_STYLE_ASSIGNMENT((#9084));
#5236=ADVANCED_FACE('',(#9085),#9086,.T.);
#5237=PRESENTATION_STYLE_ASSIGNMENT((#9087));
#5238=EDGE_CURVE('',#3826,#1928,#9088,.T.);
#5239=PRESENTATION_STYLE_ASSIGNMENT((#9089));
#5240=EDGE_CURVE('',#4536,#4566,#9090,.T.);
#5241=PRESENTATION_STYLE_ASSIGNMENT((#9091));
#5242=VERTEX_POINT('',#9092);
#5243=PRESENTATION_STYLE_ASSIGNMENT((#9093));
#5244=EDGE_CURVE('',#2018,#4994,#9094,.T.);
#5245=PRESENTATION_STYLE_ASSIGNMENT((#9095));
#5246=EDGE_CURVE('',#3674,#5138,#9096,.T.);
#5247=PRESENTATION_STYLE_ASSIGNMENT((#9097));
#5248=VERTEX_POINT('',#9098);
#5249=PRESENTATION_STYLE_ASSIGNMENT((#9099));
#5250=ADVANCED_FACE('',(#9100),#9101,.T.);
#5251=PRESENTATION_STYLE_ASSIGNMENT((#9102));
#5252=VERTEX_POINT('',#9103);
#5253=PRESENTATION_STYLE_ASSIGNMENT((#9104));
#5254=VERTEX_POINT('',#9105);
#5255=PRESENTATION_STYLE_ASSIGNMENT((#9106));
#5256=EDGE_CURVE('',#3718,#3622,#9107,.T.);
#5257=PRESENTATION_STYLE_ASSIGNMENT((#9108));
#5258=EDGE_CURVE('',#2904,#3660,#9109,.T.);
#5259=PRESENTATION_STYLE_ASSIGNMENT((#9110));
#5260=ADVANCED_FACE('',(#9111),#9112,.T.);
#5261=PRESENTATION_STYLE_ASSIGNMENT((#9113));
#5262=ADVANCED_FACE('',(#9114),#9115,.T.);
#5263=PRESENTATION_STYLE_ASSIGNMENT((#9116));
#5264=VERTEX_POINT('',#9117);
#5265=PRESENTATION_STYLE_ASSIGNMENT((#9118));
#5266=VERTEX_POINT('',#9119);
#5267=PRESENTATION_STYLE_ASSIGNMENT((#9120));
#5268=EDGE_CURVE('',#3426,#2808,#9121,.T.);
#5269=PRESENTATION_STYLE_ASSIGNMENT((#9122));
#5270=EDGE_CURVE('',#2450,#4176,#9123,.T.);
#5271=PRESENTATION_STYLE_ASSIGNMENT((#9124));
#5272=EDGE_CURVE('',#3066,#4768,#9125,.T.);
#5273=PRESENTATION_STYLE_ASSIGNMENT((#9126));
#5274=VERTEX_POINT('',#9127);
#5275=PRESENTATION_STYLE_ASSIGNMENT((#9128));
#5276=VERTEX_POINT('',#9129);
#5277=PRESENTATION_STYLE_ASSIGNMENT((#9130));
#5278=EDGE_CURVE('',#2232,#4994,#9131,.T.);
#5279=PRESENTATION_STYLE_ASSIGNMENT((#9132));
#5280=EDGE_CURVE('',#4742,#2100,#9133,.T.);
#5281=PRESENTATION_STYLE_ASSIGNMENT((#9134));
#5282=EDGE_CURVE('',#2550,#4548,#9135,.T.);
#5283=PRESENTATION_STYLE_ASSIGNMENT((#9136));
#5284=EDGE_CURVE('',#5024,#5298,#9137,.T.);
#5285=PRESENTATION_STYLE_ASSIGNMENT((#9138));
#5286=EDGE_CURVE('',#1926,#3560,#9139,.T.);
#5287=PRESENTATION_STYLE_ASSIGNMENT((#9140));
#5288=VERTEX_POINT('',#9141);
#5289=PRESENTATION_STYLE_ASSIGNMENT((#9142));
#5290=EDGE_CURVE('',#3252,#3958,#9143,.T.);
#5291=PRESENTATION_STYLE_ASSIGNMENT((#9144));
#5292=VERTEX_POINT('',#9145);
#5293=PRESENTATION_STYLE_ASSIGNMENT((#9146));
#5294=EDGE_CURVE('',#2974,#3726,#9147,.T.);
#5295=PRESENTATION_STYLE_ASSIGNMENT((#9148));
#5296=EDGE_CURVE('',#4552,#2932,#9149,.T.);
#5297=PRESENTATION_STYLE_ASSIGNMENT((#9150));
#5298=VERTEX_POINT('',#9151);
#5299=PRESENTATION_STYLE_ASSIGNMENT((#9152));
#5300=VERTEX_POINT('',#9153);
#5301=PRESENTATION_STYLE_ASSIGNMENT((#9154));
#5302=EDGE_CURVE('',#3504,#2566,#9155,.T.);
#5303=PRODUCT('1','1','PART-1-DESC',(#9156));
#5304=PRODUCT_DEFINITION('NONE','NONE',#9157,#2);
#5305=MANIFOLD_SOLID_BREP('1',#9158);
#5306=AXIS2_PLACEMENT_3D('',#9159,#9160,#9161);
#5309=LENGTH_MEASURE_WITH_UNIT(LENGTH_MEASURE(1.0),#9162);
#5312=DIMENSIONAL_EXPONENTS(1.0,0.0,0.0,0.0,0.0,0.0,0.0);
#5314=DIMENSIONAL_EXPONENTS(0.0,0.0,0.0,0.0,0.0,0.0,0.0);
#5320=SURFACE_STYLE_USAGE(.BOTH.,#9163);
#5321=FACE_OUTER_BOUND('',#9164,.T.);
#5322=PLANE('',#9165);
#5323=POINT_STYLE(' ',#9166,POSITIVE_LENGTH_MEASURE(1.0E-006),#9167);
#5324=CARTESIAN_POINT('',(-6.83877934272298,0.753873053988883,0.16665));
#5325=POINT_STYLE(' ',#9168,POSITIVE_LENGTH_MEASURE(1.0E-006),#9169);
#5326=CARTESIAN_POINT('',(-9.8899999999992,0.0,0.999999999999886));
#5327=SURFACE_STYLE_USAGE(.BOTH.,#9170);
#5328=FACE_OUTER_BOUND('',#9171,.T.);
#5329=PLANE('',#9172);
#5330=POINT_STYLE(' ',#9173,POSITIVE_LENGTH_MEASURE(1.0E-006),#9174);
#5331=CARTESIAN_POINT('',(-5.35000000000011,7.64999999999999,-1.00000000000011));
#5332=CURVE_STYLE('',#9175,POSITIVE_LENGTH_MEASURE(1.0E-006),#9176);
#5333=LINE('',#9177,#9178);
#5334=CURVE_STYLE('',#9179,POSITIVE_LENGTH_MEASURE(1.0E-006),#9180);
#5335=LINE('',#9181,#9182);
#5336=SURFACE_STYLE_USAGE(.BOTH.,#9183);
#5337=FACE_OUTER_BOUND('',#9184,.T.);
#5338=PLANE('',#9185);
#5339=POINT_STYLE(' ',#9186,POSITIVE_LENGTH_MEASURE(1.0E-006),#9187);
#5340=CARTESIAN_POINT('',(0.781220657277022,0.753873053988883,0.16665));
#5341=POINT_STYLE(' ',#9188,POSITIVE_LENGTH_MEASURE(1.0E-006),#9189);
#5342=CARTESIAN_POINT('',(2.81000000000079,0.599999999999994,-0.625));
#5343=CURVE_STYLE('',#9190,POSITIVE_LENGTH_MEASURE(1.0E-006),#9191);
#5344=LINE('',#9192,#9193);
#5345=POINT_STYLE(' ',#9194,POSITIVE_LENGTH_MEASURE(1.0E-006),#9195);
#5346=CARTESIAN_POINT('',(-3.35999999999984,7.99999999999996,-0.449999999999932));
#5347=CURVE_STYLE('',#9196,POSITIVE_LENGTH_MEASURE(1.0E-006),#9197);
#5348=LINE('',#9198,#9199);
#5349=CURVE_STYLE('',#9200,POSITIVE_LENGTH_MEASURE(1.0E-006),#9201);
#5350=CIRCLE('',#9202,0.150000000000205);
#5351=CURVE_STYLE('',#9203,POSITIVE_LENGTH_MEASURE(1.0E-006),#9204);
#5352=LINE('',#9205,#9206);
#5353=SURFACE_STYLE_USAGE(.BOTH.,#9207);
#5354=FACE_OUTER_BOUND('',#9208,.T.);
#5355=PLANE('',#9209);
#5356=POINT_STYLE(' ',#9210,POSITIVE_LENGTH_MEASURE(1.0E-006),#9211);
#5357=CARTESIAN_POINT('',(0.270000000000795,0.0,0.775000000000091));
#5358=SURFACE_STYLE_USAGE(.BOTH.,#9212);
#5359=FACE_OUTER_BOUND('',#9213,.T.);
#5360=PLANE('',#9214);
#5361=SURFACE_STYLE_USAGE(.BOTH.,#9215);
#5362=FACE_OUTER_BOUND('',#9216,.T.);
#5363=PLANE('',#9217);
#5364=CURVE_STYLE('',#9218,POSITIVE_LENGTH_MEASURE(1.0E-006),#9219);
#5365=LINE('',#9220,#9221);
#5366=POINT_STYLE(' ',#9222,POSITIVE_LENGTH_MEASURE(1.0E-006),#9223);
#5367=CARTESIAN_POINT('',(-4.8099999999992,0.0,-0.775000000000091));
#5368=SURFACE_STYLE_USAGE(.BOTH.,#9224);
#5369=FACE_OUTER_BOUND('',#9225,.T.);
#5370=PLANE('',#9226);
#5371=CURVE_STYLE('',#9227,POSITIVE_LENGTH_MEASURE(1.0E-006),#9228);
#5372=CIRCLE('',#9229,0.170335669583282);
#5373=POINT_STYLE(' ',#9230,POSITIVE_LENGTH_MEASURE(1.0E-006),#9231);
#5374=CARTESIAN_POINT('',(-1.59000000000034,-2.54999999999999,-0.16665));
#5375=CURVE_STYLE('',#9232,POSITIVE_LENGTH_MEASURE(1.0E-006),#9233);
#5376=LINE('',#9234,#9235);
#5377=SURFACE_STYLE_USAGE(.BOTH.,#9236);
#5378=FACE_OUTER_BOUND('',#9237,.T.);
#5379=PLANE('',#9238);
#5380=CURVE_STYLE('',#9239,POSITIVE_LENGTH_MEASURE(1.0E-006),#9240);
#5381=LINE('',#9241,#9242);
#5382=POINT_STYLE(' ',#9243,POSITIVE_LENGTH_MEASURE(1.0E-006),#9244);
#5383=CARTESIAN_POINT('',(3.60999999999966,-3.19999999999999,0.16665));
#5384=POINT_STYLE(' ',#9245,POSITIVE_LENGTH_MEASURE(1.0E-006),#9246);
#5385=CARTESIAN_POINT('',(-0.270000000000113,7.64999999999999,0.450000000000159));
#5386=POINT_STYLE(' ',#9247,POSITIVE_LENGTH_MEASURE(1.0E-006),#9248);
#5387=CARTESIAN_POINT('',(-10.285,0.0,1.25));
#5388=SURFACE_STYLE_USAGE(.BOTH.,#9249);
#5389=FACE_OUTER_BOUND('',#9250,.T.);
#5390=PLANE('',#9251);
#5391=POINT_STYLE(' ',#9252,POSITIVE_LENGTH_MEASURE(1.0E-006),#9253);
#5392=CARTESIAN_POINT('',(7.34999999999989,0.0,0.775000000000091));
#5393=CURVE_STYLE('',#9254,POSITIVE_LENGTH_MEASURE(1.0E-006),#9255);
#5394=LINE('',#9256,#9257);
#5395=CURVE_STYLE('',#9258,POSITIVE_LENGTH_MEASURE(1.0E-006),#9259);
#5396=LINE('',#9260,#9261);
#5397=POINT_STYLE(' ',#9262,POSITIVE_LENGTH_MEASURE(1.0E-006),#9263);
#5398=CARTESIAN_POINT('',(2.81000000000079,7.64999999999999,0.450000000000159));
#5399=POINT_STYLE(' ',#9264,POSITIVE_LENGTH_MEASURE(1.0E-006),#9265);
#5400=CARTESIAN_POINT('',(-0.81999999999984,7.99999999999996,-0.449999999999932));
#5401=SURFACE_STYLE_USAGE(.BOTH.,#9266);
#5402=FACE_OUTER_BOUND('',#9267,.T.);
#5403=PLANE('',#9268);
#5404=SURFACE_STYLE_USAGE(.BOTH.,#9269);
#5405=FACE_OUTER_BOUND('',#9270,.T.);
#5406=PLANE('',#9271);
#5407=CURVE_STYLE('',#9272,POSITIVE_LENGTH_MEASURE(1.0E-006),#9273);
#5408=CIRCLE('',#9274,0.170335669584691);
#5409=CURVE_STYLE('',#9275,POSITIVE_LENGTH_MEASURE(1.0E-006),#9276);
#5410=LINE('',#9277,#9278);
#5411=CURVE_STYLE('',#9279,POSITIVE_LENGTH_MEASURE(1.0E-006),#9280);
#5412=LINE('',#9281,#9282);
#5413=POINT_STYLE(' ',#9283,POSITIVE_LENGTH_MEASURE(1.0E-006),#9284);
#5414=CARTESIAN_POINT('',(0.270000000000795,7.64999999999999,0.999999999999886));
#5415=CURVE_STYLE('',#9285,POSITIVE_LENGTH_MEASURE(1.0E-006),#9286);
#5416=LINE('',#9287,#9288);
#5417=SURFACE_STYLE_USAGE(.BOTH.,#9289);
#5418=FACE_OUTER_BOUND('',#9290,.T.);
#5419=PLANE('',#9291);
#5420=CURVE_STYLE('',#9292,POSITIVE_LENGTH_MEASURE(1.0E-006),#9293);
#5421=LINE('',#9294,#9295);
#5422=CURVE_STYLE('',#9296,POSITIVE_LENGTH_MEASURE(1.0E-006),#9297);
#5423=LINE('',#9298,#9299);
#5424=POINT_STYLE(' ',#9300,POSITIVE_LENGTH_MEASURE(1.0E-006),#9301);
#5425=CARTESIAN_POINT('',(7.34999999999989,0.0,0.999999999999887));
#5426=POINT_STYLE(' ',#9302,POSITIVE_LENGTH_MEASURE(1.0E-006),#9303);
#5427=CARTESIAN_POINT('',(-4.13000000000034,0.587206387322199,0.16665));
#5428=CURVE_STYLE('',#9304,POSITIVE_LENGTH_MEASURE(1.0E-006),#9305);
#5429=LINE('',#9306,#9307);
#5430=CURVE_STYLE('',#9308,POSITIVE_LENGTH_MEASURE(1.0E-006),#9309);
#5431=LINE('',#9310,#9311);
#5432=POINT_STYLE(' ',#9312,POSITIVE_LENGTH_MEASURE(1.0E-006),#9313);
#5433=CARTESIAN_POINT('',(9.88999999999989,7.64999999999999,0.45000000000016));
#5434=POINT_STYLE(' ',#9314,POSITIVE_LENGTH_MEASURE(1.0E-006),#9315);
#5435=CARTESIAN_POINT('',(2.26999999999989,0.0,-0.999999999999204));
#5436=POINT_STYLE(' ',#9316,POSITIVE_LENGTH_MEASURE(1.0E-006),#9317);
#5437=CARTESIAN_POINT('',(0.820000000000068,8.00099999999996,0.451000000000159));
#5438=SURFACE_STYLE_USAGE(.BOTH.,#9318);
#5439=FACE_OUTER_BOUND('',#9319,.T.);
#5440=PLANE('',#9320);
#5441=SURFACE_STYLE_USAGE(.BOTH.,#9321);
#5442=FACE_OUTER_BOUND('',#9322,.T.);
#5443=PLANE('',#9323);
#5444=CURVE_STYLE('',#9324,POSITIVE_LENGTH_MEASURE(1.0E-006),#9325);
#5445=LINE('',#9326,#9327);
#5446=CURVE_STYLE('',#9328,POSITIVE_LENGTH_MEASURE(1.0E-006),#9329);
#5447=LINE('',#9330,#9331);
#5448=CURVE_STYLE('',#9332,POSITIVE_LENGTH_MEASURE(1.0E-006),#9333);
#5449=LINE('',#9334,#9335);
#5450=CURVE_STYLE('',#9336,POSITIVE_LENGTH_MEASURE(1.0E-006),#9337);
#5451=LINE('',#9338,#9339);
#5452=POINT_STYLE(' ',#9340,POSITIVE_LENGTH_MEASURE(1.0E-006),#9341);
#5453=CARTESIAN_POINT('',(2.81000000000079,7.64999999999999,-1.00000000000011));
#5454=SURFACE_STYLE_USAGE(.BOTH.,#9342);
#5455=FACE_OUTER_BOUND('',#9343,.T.);
#5456=PLANE('',#9344);
#5457=POINT_STYLE(' ',#9345,POSITIVE_LENGTH_MEASURE(1.0E-006),#9346);
#5458=CARTESIAN_POINT('',(4.80999999999989,7.65099999999999,-0.449999999999932));
#5459=CURVE_STYLE('',#9347,POSITIVE_LENGTH_MEASURE(1.0E-006),#9348);
#5460=LINE('',#9349,#9350);
#5461=CURVE_STYLE('',#9351,POSITIVE_LENGTH_MEASURE(1.0E-006),#9352);
#5462=LINE('',#9353,#9354);
#5463=CURVE_STYLE('',#9355,POSITIVE_LENGTH_MEASURE(1.0E-006),#9356);
#5464=LINE('',#9357,#9358);
#5465=POINT_STYLE(' ',#9359,POSITIVE_LENGTH_MEASURE(1.0E-006),#9360);
#5466=CARTESIAN_POINT('',(-1.71999999999993,7.99999999999996,-0.449999999999932));
#5467=SURFACE_STYLE_USAGE(.BOTH.,#9361);
#5468=FACE_OUTER_BOUND('',#9362,.T.);
#5469=PLANE('',#9363);
#5470=CURVE_STYLE('',#9364,POSITIVE_LENGTH_MEASURE(1.0E-006),#9365);
#5471=LINE('',#9366,#9367);
#5472=POINT_STYLE(' ',#9368,POSITIVE_LENGTH_MEASURE(1.0E-006),#9369);
#5473=CARTESIAN_POINT('',(3.48999999999966,0.587206387322199,-0.16665));
#5474=CURVE_STYLE('',#9370,POSITIVE_LENGTH_MEASURE(1.0E-006),#9371);
#5475=LINE('',#9372,#9373);
#5476=POINT_STYLE(' ',#9374,POSITIVE_LENGTH_MEASURE(1.0E-006),#9375);
#5477=CARTESIAN_POINT('',(-9.59,7.64999999999999,-0.449999999999932));
#5478=POINT_STYLE(' ',#9376,POSITIVE_LENGTH_MEASURE(1.0E-006),#9377);
#5479=CARTESIAN_POINT('',(-4.01000000000034,-3.19999999999999,0.16665));
#5480=POINT_STYLE(' ',#9378,POSITIVE_LENGTH_MEASURE(1.0E-006),#9379);
#5481=CARTESIAN_POINT('',(8.56999999999966,-2.54999999999999,0.16665));
#5482=POINT_STYLE(' ',#9380,POSITIVE_LENGTH_MEASURE(1.0E-006),#9381);
#5483=CARTESIAN_POINT('',(7.34999999999989,0.753873053989039,-0.166649999999999));
#5484=POINT_STYLE(' ',#9382,POSITIVE_LENGTH_MEASURE(1.0E-006),#9383);
#5485=CARTESIAN_POINT('',(9.83900000000016,8.49999999999996,-0.949999999999931));
#5486=POINT_STYLE(' ',#9384,POSITIVE_LENGTH_MEASURE(1.0E-006),#9385);
#5487=CARTESIAN_POINT('',(10.285,0.0,-0.77500000000009));
#5488=CURVE_STYLE('',#9386,POSITIVE_LENGTH_MEASURE(1.0E-006),#9387);
#5489=LINE('',#9388,#9389);
#5490=POINT_STYLE(' ',#9390,POSITIVE_LENGTH_MEASURE(1.0E-006),#9391);
#5491=CARTESIAN_POINT('',(8.44000000000007,7.65099999999999,-0.449999999999931));
#5492=POINT_STYLE(' ',#9392,POSITIVE_LENGTH_MEASURE(1.0E-006),#9393);
#5493=CARTESIAN_POINT('',(7.34999999999989,0.0,-0.775000000000091));
#5494=POINT_STYLE(' ',#9394,POSITIVE_LENGTH_MEASURE(1.0E-006),#9395);
#5495=CARTESIAN_POINT('',(4.80999999999989,0.599999999999994,0.625));
#5496=POINT_STYLE(' ',#9396,POSITIVE_LENGTH_MEASURE(1.0E-006),#9397);
#5497=CARTESIAN_POINT('',(5.3500000000008,0.599999999999994,0.625));
#5498=CURVE_STYLE('',#9398,POSITIVE_LENGTH_MEASURE(1.0E-006),#9399);
#5499=LINE('',#9400,#9401);
#5500=CURVE_STYLE('',#9402,POSITIVE_LENGTH_MEASURE(1.0E-006),#9403);
#5501=LINE('',#9404,#9405);
#5502=CURVE_STYLE('',#9406,POSITIVE_LENGTH_MEASURE(1.0E-006),#9407);
#5503=LINE('',#9408,#9409);
#5504=SURFACE_STYLE_USAGE(.BOTH.,#9410);
#5505=FACE_OUTER_BOUND('',#9411,.T.);
#5506=PLANE('',#9412);
#5507=SURFACE_STYLE_USAGE(.BOTH.,#9413);
#5508=FACE_OUTER_BOUND('',#9414,.T.);
#5509=CYLINDRICAL_SURFACE('',#9415,0.150000000000205);
#5510=CURVE_STYLE('',#9416,POSITIVE_LENGTH_MEASURE(1.0E-006),#9417);
#5511=LINE('',#9418,#9419);
#5512=SURFACE_STYLE_USAGE(.BOTH.,#9420);
#5513=FACE_OUTER_BOUND('',#9421,.T.);
#5514=CYLINDRICAL_SURFACE('',#9422,0.170335669583282);
#5515=CURVE_STYLE('',#9423,POSITIVE_LENGTH_MEASURE(1.0E-006),#9424);
#5516=LINE('',#9425,#9426);
#5517=SURFACE_STYLE_USAGE(.BOTH.,#9427);
#5518=FACE_BOUND('',#9428,.T.);
#5519=FACE_OUTER_BOUND('',#9429,.T.);
#5520=PLANE('',#9430);
#5521=POINT_STYLE(' ',#9431,POSITIVE_LENGTH_MEASURE(1.0E-006),#9432);
#5522=CARTESIAN_POINT('',(-9.21,7.68,-0.32));
#5523=SURFACE_STYLE_USAGE(.BOTH.,#9433);
#5524=FACE_OUTER_BOUND('',#9434,.T.);
#5525=PLANE('',#9435);
#5526=SURFACE_STYLE_USAGE(.BOTH.,#9436);
#5527=FACE_OUTER_BOUND('',#9437,.T.);
#5528=PLANE('',#9438);
#5529=SURFACE_STYLE_USAGE(.BOTH.,#9439);
#5530=FACE_OUTER_BOUND('',#9440,.T.);
#5531=PLANE('',#9441);
#5532=POINT_STYLE(' ',#9442,POSITIVE_LENGTH_MEASURE(1.0E-006),#9443);
#5533=CARTESIAN_POINT('',(-7.89000000000011,0.0,0.999999999999886));
#5534=SURFACE_STYLE_USAGE(.BOTH.,#9444);
#5535=FACE_OUTER_BOUND('',#9445,.T.);
#5536=PLANE('',#9446);
#5537=CURVE_STYLE('',#9447,POSITIVE_LENGTH_MEASURE(1.0E-006),#9448);
#5538=LINE('',#9449,#9450);
#5539=CURVE_STYLE('',#9451,POSITIVE_LENGTH_MEASURE(1.0E-006),#9452);
#5540=LINE('',#9453,#9454);
#5541=CURVE_STYLE('',#9455,POSITIVE_LENGTH_MEASURE(1.0E-006),#9456);
#5542=LINE('',#9457,#9458);
#5543=CURVE_STYLE('',#9459,POSITIVE_LENGTH_MEASURE(1.0E-006),#9460);
#5544=LINE('',#9461,#9462);
#5545=CURVE_STYLE('',#9463,POSITIVE_LENGTH_MEASURE(1.0E-006),#9464);
#5546=LINE('',#9465,#9466);
#5547=SURFACE_STYLE_USAGE(.BOTH.,#9467);
#5548=FACE_OUTER_BOUND('',#9468,.T.);
#5549=PLANE('',#9469);
#5550=CURVE_STYLE('',#9470,POSITIVE_LENGTH_MEASURE(1.0E-006),#9471);
#5551=LINE('',#9472,#9473);
#5552=POINT_STYLE(' ',#9474,POSITIVE_LENGTH_MEASURE(1.0E-006),#9475);
#5553=CARTESIAN_POINT('',(1.58999999999966,-2.54999999999999,-0.16665));
#5554=POINT_STYLE(' ',#9476,POSITIVE_LENGTH_MEASURE(1.0E-006),#9477);
#5555=CARTESIAN_POINT('',(7.8900000000008,0.599999999999994,-0.625));
#5556=SURFACE_STYLE_USAGE(.BOTH.,#9478);
#5557=FACE_OUTER_BOUND('',#9479,.T.);
#5558=PLANE('',#9480);
#5559=CURVE_STYLE('',#9481,POSITIVE_LENGTH_MEASURE(1.0E-006),#9482);
#5560=LINE('',#9483,#9484);
#5561=CURVE_STYLE('',#9485,POSITIVE_LENGTH_MEASURE(1.0E-006),#9486);
#5562=LINE('',#9487,#9488);
#5563=CURVE_STYLE('',#9489,POSITIVE_LENGTH_MEASURE(1.0E-006),#9490);
#5564=LINE('',#9491,#9492);
#5565=POINT_STYLE(' ',#9493,POSITIVE_LENGTH_MEASURE(1.0E-006),#9494);
#5566=CARTESIAN_POINT('',(0.270000000000795,1.90282814901086,-0.16665));
#5567=CURVE_STYLE('',#9495,POSITIVE_LENGTH_MEASURE(1.0E-006),#9496);
#5568=LINE('',#9497,#9498);
#5569=SURFACE_STYLE_USAGE(.BOTH.,#9499);
#5570=FACE_OUTER_BOUND('',#9500,.T.);
#5571=PLANE('',#9501);
#5572=SURFACE_STYLE_USAGE(.BOTH.,#9502);
#5573=FACE_BOUND('',#9503,.T.);
#5574=FACE_OUTER_BOUND('',#9504,.T.);
#5575=PLANE('',#9505);
#5576=POINT_STYLE(' ',#9506,POSITIVE_LENGTH_MEASURE(1.0E-006),#9507);
#5577=CARTESIAN_POINT('',(-2.81000000000011,0.753873053989039,0.16665));
#5578=CURVE_STYLE('',#9508,POSITIVE_LENGTH_MEASURE(1.0E-006),#9509);
#5579=LINE('',#9510,#9511);
#5580=CURVE_STYLE('',#9512,POSITIVE_LENGTH_MEASURE(1.0E-006),#9513);
#5581=LINE('',#9514,#9515);
#5582=POINT_STYLE(' ',#9516,POSITIVE_LENGTH_MEASURE(1.0E-006),#9517);
#5583=CARTESIAN_POINT('',(-4.81000000000011,7.65099999999999,0.450000000000159));
#5584=POINT_STYLE(' ',#9518,POSITIVE_LENGTH_MEASURE(1.0E-006),#9519);
#5585=CARTESIAN_POINT('',(5.3500000000008,0.150000000000105,-0.625));
#5586=CURVE_STYLE('',#9520,POSITIVE_LENGTH_MEASURE(1.0E-006),#9521);
#5587=LINE('',#9522,#9523);
#5588=POINT_STYLE(' ',#9524,POSITIVE_LENGTH_MEASURE(1.0E-006),#9525);
#5589=CARTESIAN_POINT('',(3.36000000000007,7.99999999999996,0.450000000000159));
#5590=CURVE_STYLE('',#9526,POSITIVE_LENGTH_MEASURE(1.0E-006),#9527);
#5591=LINE('',#9528,#9529);
#5592=CURVE_STYLE('',#9530,POSITIVE_LENGTH_MEASURE(1.0E-006),#9531);
#5593=LINE('',#9532,#9533);
#5594=POINT_STYLE(' ',#9534,POSITIVE_LENGTH_MEASURE(1.0E-006),#9535);
#5595=CARTESIAN_POINT('',(-7.89000000000011,0.599999999999994,-0.625));
#5596=CURVE_STYLE('',#9536,POSITIVE_LENGTH_MEASURE(1.0E-006),#9537);
#5597=LINE('',#9538,#9539);
#5598=CURVE_STYLE('',#9540,POSITIVE_LENGTH_MEASURE(1.0E-006),#9541);
#5599=LINE('',#9542,#9543);
#5600=CURVE_STYLE('',#9544,POSITIVE_LENGTH_MEASURE(1.0E-006),#9545);
#5601=LINE('',#9546,#9547);
#5602=CURVE_STYLE('',#9548,POSITIVE_LENGTH_MEASURE(1.0E-006),#9549);
#5603=LINE('',#9550,#9551);
#5604=POINT_STYLE(' ',#9552,POSITIVE_LENGTH_MEASURE(1.0E-006),#9553);
#5605=CARTESIAN_POINT('',(-7.3499999999992,0.0,-0.775000000000091));
#5606=POINT_STYLE(' ',#9554,POSITIVE_LENGTH_MEASURE(1.0E-006),#9555);
#5607=CARTESIAN_POINT('',(-5.35000000000011,0.150000000000006,0.625000000000113));
#5608=CURVE_STYLE('',#9556,POSITIVE_LENGTH_MEASURE(1.0E-006),#9557);
#5609=LINE('',#9558,#9559);
#5610=CURVE_STYLE('',#9560,POSITIVE_LENGTH_MEASURE(1.0E-006),#9561);
#5611=LINE('',#9562,#9563);
#5612=POINT_STYLE(' ',#9564,POSITIVE_LENGTH_MEASURE(1.0E-006),#9565);
#5613=CARTESIAN_POINT('',(0.270000000000795,0.150000000000006,0.625000000000114));
#5614=POINT_STYLE(' ',#9566,POSITIVE_LENGTH_MEASURE(1.0E-006),#9567);
#5615=CARTESIAN_POINT('',(9.88999999999989,0.599999999999994,-0.624999999999999));
#5616=CURVE_STYLE('',#9568,POSITIVE_LENGTH_MEASURE(1.0E-006),#9569);
#5617=LINE('',#9570,#9571);
#5618=CURVE_STYLE('',#9572,POSITIVE_LENGTH_MEASURE(1.0E-006),#9573);
#5619=LINE('',#9574,#9575);
#5620=POINT_STYLE(' ',#9576,POSITIVE_LENGTH_MEASURE(1.0E-006),#9577);
#5621=CARTESIAN_POINT('',(4.26000000000016,7.65099999999999,0.450000000000159));
#5622=POINT_STYLE(' ',#9578,POSITIVE_LENGTH_MEASURE(1.0E-006),#9579);
#5623=CARTESIAN_POINT('',(2.26999999999989,0.599999999999994,0.625));
#5624=POINT_STYLE(' ',#9580,POSITIVE_LENGTH_MEASURE(1.0E-006),#9581);
#5625=CARTESIAN_POINT('',(9.88999999999989,7.64999999999999,-0.449999999999931));
#5626=CURVE_STYLE('',#9582,POSITIVE_LENGTH_MEASURE(1.0E-006),#9583);
#5627=LINE('',#9584,#9585);
#5628=POINT_STYLE(' ',#9586,POSITIVE_LENGTH_MEASURE(1.0E-006),#9587);
#5629=CARTESIAN_POINT('',(-0.270000000000113,0.0,0.775000000000091));
#5630=CURVE_STYLE('',#9588,POSITIVE_LENGTH_MEASURE(1.0E-006),#9589);
#5631=CIRCLE('',#9590,0.150000000000205);
#5632=POINT_STYLE(' ',#9591,POSITIVE_LENGTH_MEASURE(1.0E-006),#9592);
#5633=CARTESIAN_POINT('',(-2.2699999999992,0.0,-0.999999999999204));
#5634=CURVE_STYLE('',#9593,POSITIVE_LENGTH_MEASURE(1.0E-006),#9594);
#5635=LINE('',#9595,#9596);
#5636=CURVE_STYLE('',#9597,POSITIVE_LENGTH_MEASURE(1.0E-006),#9598);
#5637=LINE('',#9599,#9600);
#5638=CURVE_STYLE('',#9601,POSITIVE_LENGTH_MEASURE(1.0E-006),#9602);
#5639=LINE('',#9603,#9604);
#5640=CURVE_STYLE('',#9605,POSITIVE_LENGTH_MEASURE(1.0E-006),#9606);
#5641=LINE('',#9607,#9608);
#5642=POINT_STYLE(' ',#9609,POSITIVE_LENGTH_MEASURE(1.0E-006),#9610);
#5643=CARTESIAN_POINT('',(-9.59,7.65099999999999,-0.449999999999932));
#5644=CURVE_STYLE('',#9611,POSITIVE_LENGTH_MEASURE(1.0E-006),#9612);
#5645=LINE('',#9613,#9614);
#5646=CURVE_STYLE('',#9615,POSITIVE_LENGTH_MEASURE(1.0E-006),#9616);
#5647=LINE('',#9617,#9618);
#5648=POINT_STYLE(' ',#9619,POSITIVE_LENGTH_MEASURE(1.0E-006),#9620);
#5649=CARTESIAN_POINT('',(-7.3499999999992,7.64999999999999,-1.00000000000011));
#5650=SURFACE_STYLE_USAGE(.BOTH.,#9621);
#5651=FACE_OUTER_BOUND('',#9622,.T.);
#5652=PLANE('',#9623);
#5653=CURVE_STYLE('',#9624,POSITIVE_LENGTH_MEASURE(1.0E-006),#9625);
#5654=LINE('',#9626,#9627);
#5655=POINT_STYLE(' ',#9628,POSITIVE_LENGTH_MEASURE(1.0E-006),#9629);
#5656=CARTESIAN_POINT('',(-0.270000000000113,7.64999999999999,-0.449999999999932));
#5657=POINT_STYLE(' ',#9630,POSITIVE_LENGTH_MEASURE(1.0E-006),#9631);
#5658=CARTESIAN_POINT('',(1.72000000000016,8.00099999999996,0.451000000000159));
#5659=SURFACE_STYLE_USAGE(.BOTH.,#9632);
#5660=FACE_OUTER_BOUND('',#9633,.T.);
#5661=PLANE('',#9634);
#5662=CURVE_STYLE('',#9635,POSITIVE_LENGTH_MEASURE(1.0E-006),#9636);
#5663=LINE('',#9637,#9638);
#5664=CURVE_STYLE('',#9639,POSITIVE_LENGTH_MEASURE(1.0E-006),#9640);
#5665=LINE('',#9641,#9642);
#5666=CURVE_STYLE('',#9643,POSITIVE_LENGTH_MEASURE(1.0E-006),#9644);
#5667=CIRCLE('',#9645,0.150000000000205);
#5668=POINT_STYLE(' ',#9646,POSITIVE_LENGTH_MEASURE(1.0E-006),#9647);
#5669=CARTESIAN_POINT('',(-7.89000000000011,0.753873053989039,-0.16665));
#5670=CURVE_STYLE('',#9648,POSITIVE_LENGTH_MEASURE(1.0E-006),#9649);
#5671=LINE('',#9650,#9651);
#5672=SURFACE_STYLE_USAGE(.BOTH.,#9652);
#5673=FACE_OUTER_BOUND('',#9653,.T.);
#5674=PLANE('',#9654);
#5675=SURFACE_STYLE_USAGE(.BOTH.,#9655);
#5676=FACE_OUTER_BOUND('',#9656,.T.);
#5677=PLANE('',#9657);
#5678=CURVE_STYLE('',#9658,POSITIVE_LENGTH_MEASURE(1.0E-006),#9659);
#5679=LINE('',#9660,#9661);
#5680=CURVE_STYLE('',#9662,POSITIVE_LENGTH_MEASURE(1.0E-006),#9663);
#5681=LINE('',#9664,#9665);
#5682=CURVE_STYLE('',#9666,POSITIVE_LENGTH_MEASURE(1.0E-006),#9667);
#5683=LINE('',#9668,#9669);
#5684=CURVE_STYLE('',#9670,POSITIVE_LENGTH_MEASURE(1.0E-006),#9671);
#5685=LINE('',#9672,#9673);
#5686=POINT_STYLE(' ',#9674,POSITIVE_LENGTH_MEASURE(1.0E-006),#9675);
#5687=CARTESIAN_POINT('',(5.3500000000008,7.64999999999999,0.450000000000159));
#5688=CURVE_STYLE('',#9676,POSITIVE_LENGTH_MEASURE(1.0E-006),#9677);
#5689=LINE('',#9678,#9679);
#5690=CURVE_STYLE('',#9680,POSITIVE_LENGTH_MEASURE(1.0E-006),#9681);
#5691=LINE('',#9682,#9683);
#5692=SURFACE_STYLE_USAGE(.BOTH.,#9684);
#5693=FACE_OUTER_BOUND('',#9685,.T.);
#5694=PLANE('',#9686);
#5695=POINT_STYLE(' ',#9687,POSITIVE_LENGTH_MEASURE(1.0E-006),#9688);
#5696=CARTESIAN_POINT('',(2.81000000000079,0.753873053988997,0.16665));
#5697=SURFACE_STYLE_USAGE(.BOTH.,#9689);
#5698=FACE_OUTER_BOUND('',#9690,.T.);
#5699=PLANE('',#9691);
#5700=POINT_STYLE(' ',#9692,POSITIVE_LENGTH_MEASURE(1.0E-006),#9693);
#5701=CARTESIAN_POINT('',(-4.8099999999992,0.599999999999994,-0.625));
#5702=CURVE_STYLE('',#9694,POSITIVE_LENGTH_MEASURE(1.0E-006),#9695);
#5703=LINE('',#9696,#9697);
#5704=SURFACE_STYLE_USAGE(.BOTH.,#9698);
#5705=FACE_OUTER_BOUND('',#9699,.T.);
#5706=PLANE('',#9700);
#5707=CURVE_STYLE('',#9701,POSITIVE_LENGTH_MEASURE(1.0E-006),#9702);
#5708=LINE('',#9703,#9704);
#5709=SURFACE_STYLE_USAGE(.BOTH.,#9705);
#5710=FACE_BOUND('',#9706,.T.);
#5711=FACE_OUTER_BOUND('',#9707,.T.);
#5712=PLANE('',#9708);
#5713=SURFACE_STYLE_USAGE(.BOTH.,#9709);
#5714=FACE_OUTER_BOUND('',#9710,.T.);
#5715=PLANE('',#9711);
#5716=SURFACE_STYLE_USAGE(.BOTH.,#9712);
#5717=FACE_OUTER_BOUND('',#9713,.T.);
#5718=CYLINDRICAL_SURFACE('',#9714,0.149999999999778);
#5719=SURFACE_STYLE_USAGE(.BOTH.,#9715);
#5720=FACE_OUTER_BOUND('',#9716,.T.);
#5721=PLANE('',#9717);
#5722=POINT_STYLE(' ',#9718,POSITIVE_LENGTH_MEASURE(1.0E-006),#9719);
#5723=CARTESIAN_POINT('',(4.80999999999989,7.64999999999999,-0.449999999999932));
#5724=SURFACE_STYLE_USAGE(.BOTH.,#9720);
#5725=FACE_OUTER_BOUND('',#9721,.T.);
#5726=PLANE('',#9722);
#5727=POINT_STYLE(' ',#9723,POSITIVE_LENGTH_MEASURE(1.0E-006),#9724);
#5728=CARTESIAN_POINT('',(0.269999999999886,7.65099999999999,-0.449999999999932));
#5729=CURVE_STYLE('',#9725,POSITIVE_LENGTH_MEASURE(1.0E-006),#9726);
#5730=CIRCLE('',#9727,0.149999999999778);
#5731=POINT_STYLE(' ',#9728,POSITIVE_LENGTH_MEASURE(1.0E-006),#9729);
#5732=CARTESIAN_POINT('',(7.8900000000008,0.0,0.999999999999887));
#5733=CURVE_STYLE('',#9730,POSITIVE_LENGTH_MEASURE(1.0E-006),#9731);
#5734=LINE('',#9732,#9733);
#5735=SURFACE_STYLE_USAGE(.BOTH.,#9734);
#5736=FACE_OUTER_BOUND('',#9735,.T.);
#5737=PLANE('',#9736);
#5738=CURVE_STYLE('',#9737,POSITIVE_LENGTH_MEASURE(1.0E-006),#9738);
#5739=LINE('',#9739,#9740);
#5740=POINT_STYLE(' ',#9741,POSITIVE_LENGTH_MEASURE(1.0E-006),#9742);
#5741=CARTESIAN_POINT('',(4.12999999999966,0.58720638732241,0.16665));
#5742=SURFACE_STYLE_USAGE(.BOTH.,#9743);
#5743=FACE_OUTER_BOUND('',#9744,.T.);
#5744=PLANE('',#9745);
#5745=CURVE_STYLE('',#9746,POSITIVE_LENGTH_MEASURE(1.0E-006),#9747);
#5746=LINE('',#9748,#9749);
#5747=SURFACE_STYLE_USAGE(.BOTH.,#9750);
#5748=FACE_OUTER_BOUND('',#9751,.T.);
#5749=PLANE('',#9752);
#5750=CURVE_STYLE('',#9753,POSITIVE_LENGTH_MEASURE(1.0E-006),#9754);
#5751=LINE('',#9755,#9756);
#5752=CURVE_STYLE('',#9757,POSITIVE_LENGTH_MEASURE(1.0E-006),#9758);
#5753=LINE('',#9759,#9760);
#5754=POINT_STYLE(' ',#9761,POSITIVE_LENGTH_MEASURE(1.0E-006),#9762);
#5755=CARTESIAN_POINT('',(7.94100000000007,8.49999999999996,0.95000000000016));
#5756=CURVE_STYLE('',#9763,POSITIVE_LENGTH_MEASURE(1.0E-006),#9764);
#5757=LINE('',#9765,#9766);
#5758=CURVE_STYLE('',#9767,POSITIVE_LENGTH_MEASURE(1.0E-006),#9768);
#5759=LINE('',#9769,#9770);
#5760=POINT_STYLE(' ',#9771,POSITIVE_LENGTH_MEASURE(1.0E-006),#9772);
#5761=CARTESIAN_POINT('',(1.58999999999966,0.58720638732241,-0.16665));
#5762=CURVE_STYLE('',#9773,POSITIVE_LENGTH_MEASURE(1.0E-006),#9774);
#5763=LINE('',#9775,#9776);
#5764=POINT_STYLE(' ',#9777,POSITIVE_LENGTH_MEASURE(1.0E-006),#9778);
#5765=CARTESIAN_POINT('',(-7.3499999999992,0.753873053988997,0.166649999999999));
#5766=POINT_STYLE(' ',#9779,POSITIVE_LENGTH_MEASURE(1.0E-006),#9780);
#5767=CARTESIAN_POINT('',(-4.8099999999992,0.150000000000105,-0.625));
#5768=CURVE_STYLE('',#9781,POSITIVE_LENGTH_MEASURE(1.0E-006),#9782);
#5769=LINE('',#9783,#9784);
#5770=CURVE_STYLE('',#9785,POSITIVE_LENGTH_MEASURE(1.0E-006),#9786);
#5771=LINE('',#9787,#9788);
#5772=POINT_STYLE(' ',#9789,POSITIVE_LENGTH_MEASURE(1.0E-006),#9790);
#5773=CARTESIAN_POINT('',(8.44000000000007,7.99999999999996,0.45000000000016));
#5774=CURVE_STYLE('',#9791,POSITIVE_LENGTH_MEASURE(1.0E-006),#9792);
#5775=LINE('',#9793,#9794);
#5776=CURVE_STYLE('',#9795,POSITIVE_LENGTH_MEASURE(1.0E-006),#9796);
#5777=LINE('',#9797,#9798);
#5778=POINT_STYLE(' ',#9799,POSITIVE_LENGTH_MEASURE(1.0E-006),#9800);
#5779=CARTESIAN_POINT('',(-2.27000000000011,7.65099999999999,0.450000000000159));
#5780=CURVE_STYLE('',#9801,POSITIVE_LENGTH_MEASURE(1.0E-006),#9802);
#5781=LINE('',#9803,#9804);
#5782=CURVE_STYLE('',#9805,POSITIVE_LENGTH_MEASURE(1.0E-006),#9806);
#5783=LINE('',#9807,#9808);
#5784=CURVE_STYLE('',#9809,POSITIVE_LENGTH_MEASURE(1.0E-006),#9810);
#5785=LINE('',#9811,#9812);
#5786=CURVE_STYLE('',#9813,POSITIVE_LENGTH_MEASURE(1.0E-006),#9814);
#5787=LINE('',#9815,#9816);
#5788=CURVE_STYLE('',#9817,POSITIVE_LENGTH_MEASURE(1.0E-006),#9818);
#5789=LINE('',#9819,#9820);
#5790=POINT_STYLE(' ',#9821,POSITIVE_LENGTH_MEASURE(1.0E-006),#9822);
#5791=CARTESIAN_POINT('',(-9.21,7.57,0.32));
#5792=POINT_STYLE(' ',#9823,POSITIVE_LENGTH_MEASURE(1.0E-006),#9824);
#5793=CARTESIAN_POINT('',(9.83900000000016,8.49999999999996,0.95000000000016));
#5794=SURFACE_STYLE_USAGE(.BOTH.,#9825);
#5795=FACE_OUTER_BOUND('',#9826,.T.);
#5796=PLANE('',#9827);
#5797=POINT_STYLE(' ',#9828,POSITIVE_LENGTH_MEASURE(1.0E-006),#9829);
#5798=CARTESIAN_POINT('',(-6.15000000000034,-3.19999999999999,-0.16665));
#5799=POINT_STYLE(' ',#9830,POSITIVE_LENGTH_MEASURE(1.0E-006),#9831);
#5800=CARTESIAN_POINT('',(-4.25999999999993,7.99999999999996,-0.449999999999932));
#5801=CURVE_STYLE('',#9832,POSITIVE_LENGTH_MEASURE(1.0E-006),#9833);
#5802=LINE('',#9834,#9835);
#5803=SURFACE_STYLE_USAGE(.BOTH.,#9836);
#5804=FACE_OUTER_BOUND('',#9837,.T.);
#5805=PLANE('',#9838);
#5806=CURVE_STYLE('',#9839,POSITIVE_LENGTH_MEASURE(1.0E-006),#9840);
#5807=LINE('',#9841,#9842);
#5808=POINT_STYLE(' ',#9843,POSITIVE_LENGTH_MEASURE(1.0E-006),#9844);
#5809=CARTESIAN_POINT('',(4.80999999999989,1.90282814901086,0.16665));
#5810=SURFACE_STYLE_USAGE(.BOTH.,#9845);
#5811=FACE_OUTER_BOUND('',#9846,.T.);
#5812=PLANE('',#9847);
#5813=CURVE_STYLE('',#9848,POSITIVE_LENGTH_MEASURE(1.0E-006),#9849);
#5814=LINE('',#9850,#9851);
#5815=CURVE_STYLE('',#9852,POSITIVE_LENGTH_MEASURE(1.0E-006),#9853);
#5816=LINE('',#9854,#9855);
#5817=POINT_STYLE(' ',#9856,POSITIVE_LENGTH_MEASURE(1.0E-006),#9857);
#5818=CARTESIAN_POINT('',(4.80999999999989,0.599999999999994,-0.625));
#5819=CURVE_STYLE('',#9858,POSITIVE_LENGTH_MEASURE(1.0E-006),#9859);
#5820=LINE('',#9860,#9861);
#5821=CURVE_STYLE('',#9862,POSITIVE_LENGTH_MEASURE(1.0E-006),#9863);
#5822=LINE('',#9864,#9865);
#5823=CURVE_STYLE('',#9866,POSITIVE_LENGTH_MEASURE(1.0E-006),#9867);
#5824=LINE('',#9868,#9869);
#5825=CURVE_STYLE('',#9870,POSITIVE_LENGTH_MEASURE(1.0E-006),#9871);
#5826=LINE('',#9872,#9873);
#5827=POINT_STYLE(' ',#9874,POSITIVE_LENGTH_MEASURE(1.0E-006),#9875);
#5828=CARTESIAN_POINT('',(-10.285,0.599999999999994,0.624999999999999));
#5829=SURFACE_STYLE_USAGE(.BOTH.,#9876);
#5830=FACE_OUTER_BOUND('',#9877,.T.);
#5831=PLANE('',#9878);
#5832=SURFACE_STYLE_USAGE(.BOTH.,#9879);
#5833=FACE_OUTER_BOUND('',#9880,.T.);
#5834=PLANE('',#9881);
#5835=SURFACE_STYLE_USAGE(.BOTH.,#9882);
#5836=FACE_OUTER_BOUND('',#9883,.T.);
#5837=PLANE('',#9884);
#5838=SURFACE_STYLE_USAGE(.BOTH.,#9885);
#5839=FACE_OUTER_BOUND('',#9886,.T.);
#5840=PLANE('',#9887);
#5841=CURVE_STYLE('',#9888,POSITIVE_LENGTH_MEASURE(1.0E-006),#9889);
#5842=LINE('',#9890,#9891);
#5843=CURVE_STYLE('',#9892,POSITIVE_LENGTH_MEASURE(1.0E-006),#9893);
#5844=LINE('',#9894,#9895);
#5845=CURVE_STYLE('',#9896,POSITIVE_LENGTH_MEASURE(1.0E-006),#9897);
#5846=LINE('',#9898,#9899);
#5847=CURVE_STYLE('',#9900,POSITIVE_LENGTH_MEASURE(1.0E-006),#9901);
#5848=LINE('',#9902,#9903);
#5849=SURFACE_STYLE_USAGE(.BOTH.,#9904);
#5850=FACE_OUTER_BOUND('',#9905,.T.);
#5851=PLANE('',#9906);
#5852=POINT_STYLE(' ',#9907,POSITIVE_LENGTH_MEASURE(1.0E-006),#9908);
#5853=CARTESIAN_POINT('',(7.8900000000008,0.753873053988997,0.16665));
#5854=CURVE_STYLE('',#9909,POSITIVE_LENGTH_MEASURE(1.0E-006),#9910);
#5855=LINE('',#9911,#9912);
#5856=POINT_STYLE(' ',#9913,POSITIVE_LENGTH_MEASURE(1.0E-006),#9914);
#5857=CARTESIAN_POINT('',(7.34999999999989,0.599999999999994,-0.625));
#5858=CURVE_STYLE('',#9915,POSITIVE_LENGTH_MEASURE(1.0E-006),#9916);
#5859=LINE('',#9917,#9918);
#5860=CURVE_STYLE('',#9919,POSITIVE_LENGTH_MEASURE(1.0E-006),#9920);
#5861=LINE('',#9921,#9922);
#5862=POINT_STYLE(' ',#9923,POSITIVE_LENGTH_MEASURE(1.0E-006),#9924);
#5863=CARTESIAN_POINT('',(-3.49000000000034,-2.54999999999999,-0.16665));
#5864=CURVE_STYLE('',#9925,POSITIVE_LENGTH_MEASURE(1.0E-006),#9926);
#5865=LINE('',#9927,#9928);
#5866=CURVE_STYLE('',#9929,POSITIVE_LENGTH_MEASURE(1.0E-006),#9930);
#5867=CIRCLE('',#9931,0.170335669584691);
#5868=CURVE_STYLE('',#9932,POSITIVE_LENGTH_MEASURE(1.0E-006),#9933);
#5869=LINE('',#9934,#9935);
#5870=POINT_STYLE(' ',#9936,POSITIVE_LENGTH_MEASURE(1.0E-006),#9937);
#5871=CARTESIAN_POINT('',(-9.89000000000011,7.65099999999999,0.450000000000159));
#5872=CURVE_STYLE('',#9938,POSITIVE_LENGTH_MEASURE(1.0E-006),#9939);
#5873=LINE('',#9940,#9941);
#5874=CURVE_STYLE('',#9942,POSITIVE_LENGTH_MEASURE(1.0E-006),#9943);
#5875=LINE('',#9944,#9945);
#5876=POINT_STYLE(' ',#9946,POSITIVE_LENGTH_MEASURE(1.0E-006),#9947);
#5877=CARTESIAN_POINT('',(9.08999999999966,-3.19999999999999,0.166650000000001));
#5878=SURFACE_STYLE_USAGE(.BOTH.,#9948);
#5879=FACE_OUTER_BOUND('',#9949,.T.);
#5880=PLANE('',#9950);
#5881=CURVE_STYLE('',#9951,POSITIVE_LENGTH_MEASURE(1.0E-006),#9952);
#5882=LINE('',#9953,#9954);
#5883=CURVE_STYLE('',#9955,POSITIVE_LENGTH_MEASURE(1.0E-006),#9956);
#5884=LINE('',#9957,#9958);
#5885=SURFACE_STYLE_USAGE(.BOTH.,#9959);
#5886=FACE_BOUND('',#9960,.T.);
#5887=FACE_BOUND('',#9961,.T.);
#5888=FACE_BOUND('',#9962,.T.);
#5889=FACE_BOUND('',#9963,.T.);
#5890=FACE_BOUND('',#9964,.T.);
#5891=FACE_BOUND('',#9965,.T.);
#5892=FACE_BOUND('',#9966,.T.);
#5893=FACE_BOUND('',#9967,.T.);
#5894=FACE_OUTER_BOUND('',#9968,.T.);
#5895=PLANE('',#9969);
#5896=CURVE_STYLE('',#9970,POSITIVE_LENGTH_MEASURE(1.0E-006),#9971);
#5897=LINE('',#9972,#9973);
#5898=POINT_STYLE(' ',#9974,POSITIVE_LENGTH_MEASURE(1.0E-006),#9975);
#5899=CARTESIAN_POINT('',(7.34999999999989,7.65099999999999,-0.449999999999931));
#5900=POINT_STYLE(' ',#9976,POSITIVE_LENGTH_MEASURE(1.0E-006),#9977);
#5901=CARTESIAN_POINT('',(-4.8099999999992,7.64999999999999,0.999999999999886));
#5902=CURVE_STYLE('',#9978,POSITIVE_LENGTH_MEASURE(1.0E-006),#9979);
#5903=CIRCLE('',#9980,0.150000000000205);
#5904=SURFACE_STYLE_USAGE(.BOTH.,#9981);
#5905=FACE_OUTER_BOUND('',#9982,.T.);
#5906=PLANE('',#9983);
#5907=CURVE_STYLE('',#9984,POSITIVE_LENGTH_MEASURE(1.0E-006),#9985);
#5908=LINE('',#9986,#9987);
#5909=CURVE_STYLE('',#9988,POSITIVE_LENGTH_MEASURE(1.0E-006),#9989);
#5910=LINE('',#9990,#9991);
#5911=POINT_STYLE(' ',#9992,POSITIVE_LENGTH_MEASURE(1.0E-006),#9993);
#5912=CARTESIAN_POINT('',(2.81000000000079,0.150000000000006,0.625000000000114));
#5913=SURFACE_STYLE_USAGE(.BOTH.,#9994);
#5914=FACE_OUTER_BOUND('',#9995,.T.);
#5915=CYLINDRICAL_SURFACE('',#9996,0.170335669583282);
#5916=CURVE_STYLE('',#9997,POSITIVE_LENGTH_MEASURE(1.0E-006),#9998);
#5917=LINE('',#9999,#10000);
#5918=CURVE_STYLE('',#10001,POSITIVE_LENGTH_MEASURE(1.0E-006),#10002);
#5919=LINE('',#10003,#10004);
#5920=SURFACE_STYLE_USAGE(.BOTH.,#10005);
#5921=FACE_BOUND('',#10006,.T.);
#5922=FACE_OUTER_BOUND('',#10007,.T.);
#5923=PLANE('',#10008);
#5924=POINT_STYLE(' ',#10009,POSITIVE_LENGTH_MEASURE(1.0E-006),#10010);
#5925=CARTESIAN_POINT('',(-6.03000000000034,-2.54999999999999,0.16665));
#5926=POINT_STYLE(' ',#10011,POSITIVE_LENGTH_MEASURE(1.0E-006),#10012);
#5927=CARTESIAN_POINT('',(-2.2699999999992,0.0,0.999999999999886));
#5928=CURVE_STYLE('',#10013,POSITIVE_LENGTH_MEASURE(1.0E-006),#10014);
#5929=LINE('',#10015,#10016);
#5930=POINT_STYLE(' ',#10017,POSITIVE_LENGTH_MEASURE(1.0E-006),#10018);
#5931=CARTESIAN_POINT('',(7.8900000000008,0.150000000000105,-0.625));
#5932=POINT_STYLE(' ',#10019,POSITIVE_LENGTH_MEASURE(1.0E-006),#10020);
#5933=CARTESIAN_POINT('',(-7.94099999999984,8.49999999999996,-0.949999999999932));
#5934=CURVE_STYLE('',#10021,POSITIVE_LENGTH_MEASURE(1.0E-006),#10022);
#5935=LINE('',#10023,#10024);
#5936=SURFACE_STYLE_USAGE(.BOTH.,#10025);
#5937=FACE_OUTER_BOUND('',#10026,.T.);
#5938=PLANE('',#10027);
#5939=CURVE_STYLE('',#10028,POSITIVE_LENGTH_MEASURE(1.0E-006),#10029);
#5940=CIRCLE('',#10030,0.150000000000205);
#5941=SURFACE_STYLE_USAGE(.BOTH.,#10031);
#5942=FACE_OUTER_BOUND('',#10032,.T.);
#5943=PLANE('',#10033);
#5944=CURVE_STYLE('',#10034,POSITIVE_LENGTH_MEASURE(1.0E-006),#10035);
#5945=LINE('',#10036,#10037);
#5946=POINT_STYLE(' ',#10038,POSITIVE_LENGTH_MEASURE(1.0E-006),#10039);
#5947=CARTESIAN_POINT('',(-9.8899999999992,0.150000000000006,0.625000000000113));
#5948=SURFACE_STYLE_USAGE(.BOTH.,#10040);
#5949=FACE_OUTER_BOUND('',#10041,.T.);
#5950=PLANE('',#10042);
#5951=CURVE_STYLE('',#10043,POSITIVE_LENGTH_MEASURE(1.0E-006),#10044);
#5952=LINE('',#10045,#10046);
#5953=CURVE_STYLE('',#10047,POSITIVE_LENGTH_MEASURE(1.0E-006),#10048);
#5954=LINE('',#10049,#10050);
#5955=SURFACE_STYLE_USAGE(.BOTH.,#10051);
#5956=FACE_OUTER_BOUND('',#10052,.T.);
#5957=PLANE('',#10053);
#5958=POINT_STYLE(' ',#10054,POSITIVE_LENGTH_MEASURE(1.0E-006),#10055);
#5959=CARTESIAN_POINT('',(-7.89000000000011,7.64999999999999,-1.00000000000011));
#5960=CURVE_STYLE('',#10056,POSITIVE_LENGTH_MEASURE(1.0E-006),#10057);
#5961=LINE('',#10058,#10059);
#5962=CURVE_STYLE('',#10060,POSITIVE_LENGTH_MEASURE(1.0E-006),#10061);
#5963=LINE('',#10062,#10063);
#5964=CURVE_STYLE('',#10064,POSITIVE_LENGTH_MEASURE(1.0E-006),#10065);
#5965=LINE('',#10066,#10067);
#5966=CURVE_STYLE('',#10068,POSITIVE_LENGTH_MEASURE(1.0E-006),#10069);
#5967=LINE('',#10070,#10071);
#5968=CURVE_STYLE('',#10072,POSITIVE_LENGTH_MEASURE(1.0E-006),#10073);
#5969=LINE('',#10074,#10075);
#5970=POINT_STYLE(' ',#10076,POSITIVE_LENGTH_MEASURE(1.0E-006),#10077);
#5971=CARTESIAN_POINT('',(-7.89000000000011,1.90282814901086,0.16665));
#5972=CURVE_STYLE('',#10078,POSITIVE_LENGTH_MEASURE(1.0E-006),#10079);
#5973=LINE('',#10080,#10081);
#5974=POINT_STYLE(' ',#10082,POSITIVE_LENGTH_MEASURE(1.0E-006),#10083);
#5975=CARTESIAN_POINT('',(-4.8099999999992,7.64999999999999,0.450000000000159));
#5976=CURVE_STYLE('',#10084,POSITIVE_LENGTH_MEASURE(1.0E-006),#10085);
#5977=LINE('',#10086,#10087);
#5978=SURFACE_STYLE_USAGE(.BOTH.,#10088);
#5979=FACE_OUTER_BOUND('',#10089,.T.);
#5980=PLANE('',#10090);
#5981=POINT_STYLE(' ',#10091,POSITIVE_LENGTH_MEASURE(1.0E-006),#10092);
#5982=CARTESIAN_POINT('',(10.285,0.150000000000006,0.625000000000114));
#5983=CURVE_STYLE('',#10093,POSITIVE_LENGTH_MEASURE(1.0E-006),#10094);
#5984=LINE('',#10095,#10096);
#5985=SURFACE_STYLE_USAGE(.BOTH.,#10097);
#5986=FACE_OUTER_BOUND('',#10098,.T.);
#5987=CYLINDRICAL_SURFACE('',#10099,0.170335669583282);
#5988=POINT_STYLE(' ',#10100,POSITIVE_LENGTH_MEASURE(1.0E-006),#10101);
#5989=CARTESIAN_POINT('',(-8.57000000000034,0.58720638732241,0.166649999999999));
#5990=POINT_STYLE(' ',#10102,POSITIVE_LENGTH_MEASURE(1.0E-006),#10103);
#5991=CARTESIAN_POINT('',(1.72000000000016,7.99999999999996,0.450000000000159));
#5992=CURVE_STYLE('',#10104,POSITIVE_LENGTH_MEASURE(1.0E-006),#10105);
#5993=LINE('',#10106,#10107);
#5994=POINT_STYLE(' ',#10108,POSITIVE_LENGTH_MEASURE(1.0E-006),#10109);
#5995=CARTESIAN_POINT('',(0.270000000000795,1.90282814901086,0.16665));
#5996=SURFACE_STYLE_USAGE(.BOTH.,#10110);
#5997=FACE_OUTER_BOUND('',#10111,.T.);
#5998=PLANE('',#10112);
#5999=POINT_STYLE(' ',#10113,POSITIVE_LENGTH_MEASURE(1.0E-006),#10114);
#6000=CARTESIAN_POINT('',(-9.09000000000034,-3.19999999999999,0.166649999999999));
#6001=CURVE_STYLE('',#10115,POSITIVE_LENGTH_MEASURE(1.0E-006),#10116);
#6002=LINE('',#10117,#10118);
#6003=POINT_STYLE(' ',#10119,POSITIVE_LENGTH_MEASURE(1.0E-006),#10120);
#6004=CARTESIAN_POINT('',(-2.81000000000011,0.599999999999994,-0.625));
#6005=CURVE_STYLE('',#10121,POSITIVE_LENGTH_MEASURE(1.0E-006),#10122);
#6006=LINE('',#10123,#10124);
#6007=POINT_STYLE(' ',#10125,POSITIVE_LENGTH_MEASURE(1.0E-006),#10126);
#6008=CARTESIAN_POINT('',(5.86122065727702,0.753873053988883,0.16665));
#6009=CURVE_STYLE('',#10127,POSITIVE_LENGTH_MEASURE(1.0E-006),#10128);
#6010=LINE('',#10129,#10130);
#6011=SURFACE_STYLE_USAGE(.BOTH.,#10131);
#6012=FACE_OUTER_BOUND('',#10132,.T.);
#6013=PLANE('',#10133);
#6014=CURVE_STYLE('',#10134,POSITIVE_LENGTH_MEASURE(1.0E-006),#10135);
#6015=LINE('',#10136,#10137);
#6016=CURVE_STYLE('',#10138,POSITIVE_LENGTH_MEASURE(1.0E-006),#10139);
#6017=LINE('',#10140,#10141);
#6018=CURVE_STYLE('',#10142,POSITIVE_LENGTH_MEASURE(1.0E-006),#10143);
#6019=LINE('',#10144,#10145);
#6020=CURVE_STYLE('',#10146,POSITIVE_LENGTH_MEASURE(1.0E-006),#10147);
#6021=LINE('',#10148,#10149);
#6022=CURVE_STYLE('',#10150,POSITIVE_LENGTH_MEASURE(1.0E-006),#10151);
#6023=LINE('',#10152,#10153);
#6024=CURVE_STYLE('',#10154,POSITIVE_LENGTH_MEASURE(1.0E-006),#10155);
#6025=LINE('',#10156,#10157);
#6026=CURVE_STYLE('',#10158,POSITIVE_LENGTH_MEASURE(1.0E-006),#10159);
#6027=LINE('',#10160,#10161);
#6028=CURVE_STYLE('',#10162,POSITIVE_LENGTH_MEASURE(1.0E-006),#10163);
#6029=LINE('',#10164,#10165);
#6030=CURVE_STYLE('',#10166,POSITIVE_LENGTH_MEASURE(1.0E-006),#10167);
#6031=LINE('',#10168,#10169);
#6032=CURVE_STYLE('',#10170,POSITIVE_LENGTH_MEASURE(1.0E-006),#10171);
#6033=LINE('',#10172,#10173);
#6034=POINT_STYLE(' ',#10174,POSITIVE_LENGTH_MEASURE(1.0E-006),#10175);
#6035=CARTESIAN_POINT('',(-6.03000000000034,0.58720638732241,-0.16665));
#6036=CURVE_STYLE('',#10176,POSITIVE_LENGTH_MEASURE(1.0E-006),#10177);
#6037=LINE('',#10178,#10179);
#6038=SURFACE_STYLE_USAGE(.BOTH.,#10180);
#6039=FACE_OUTER_BOUND('',#10181,.T.);
#6040=PLANE('',#10182);
#6041=CURVE_STYLE('',#10183,POSITIVE_LENGTH_MEASURE(1.0E-006),#10184);
#6042=LINE('',#10185,#10186);
#6043=CURVE_STYLE('',#10187,POSITIVE_LENGTH_MEASURE(1.0E-006),#10188);
#6044=LINE('',#10189,#10190);
#6045=CURVE_STYLE('',#10191,POSITIVE_LENGTH_MEASURE(1.0E-006),#10192);
#6046=LINE('',#10193,#10194);
#6047=POINT_STYLE(' ',#10195,POSITIVE_LENGTH_MEASURE(1.0E-006),#10196);
#6048=CARTESIAN_POINT('',(-7.89000000000011,0.753873053989039,0.16665));
#6049=POINT_STYLE(' ',#10197,POSITIVE_LENGTH_MEASURE(1.0E-006),#10198);
#6050=CARTESIAN_POINT('',(6.02999999999966,0.587206387322199,-0.16665));
#6051=CURVE_STYLE('',#10199,POSITIVE_LENGTH_MEASURE(1.0E-006),#10200);
#6052=LINE('',#10201,#10202);
#6053=CURVE_STYLE('',#10203,POSITIVE_LENGTH_MEASURE(1.0E-006),#10204);
#6054=LINE('',#10205,#10206);
#6055=POINT_STYLE(' ',#10207,POSITIVE_LENGTH_MEASURE(1.0E-006),#10208);
#6056=CARTESIAN_POINT('',(-9.21000000000034,0.587206387322199,0.166649999999999));
#6057=POINT_STYLE(' ',#10209,POSITIVE_LENGTH_MEASURE(1.0E-006),#10210);
#6058=CARTESIAN_POINT('',(-9.21000000000034,-2.54999999999999,0.166649999999999));
#6059=POINT_STYLE(' ',#10211,POSITIVE_LENGTH_MEASURE(1.0E-006),#10212);
#6060=CARTESIAN_POINT('',(-3.35999999999984,8.00099999999996,0.451000000000158));
#6061=CURVE_STYLE('',#10213,POSITIVE_LENGTH_MEASURE(1.0E-006),#10214);
#6062=LINE('',#10215,#10216);
#6063=POINT_STYLE(' ',#10217,POSITIVE_LENGTH_MEASURE(1.0E-006),#10218);
#6064=CARTESIAN_POINT('',(10.285,8.49999999999997,1.25));
#6065=SURFACE_STYLE_USAGE(.BOTH.,#10219);
#6066=FACE_OUTER_BOUND('',#10220,.T.);
#6067=PLANE('',#10221);
#6068=SURFACE_STYLE_USAGE(.BOTH.,#10222);
#6069=FACE_OUTER_BOUND('',#10223,.T.);
#6070=PLANE('',#10224);
#6071=SURFACE_STYLE_USAGE(.BOTH.,#10225);
#6072=FACE_OUTER_BOUND('',#10226,.T.);
#6073=PLANE('',#10227);
#6074=POINT_STYLE(' ',#10228,POSITIVE_LENGTH_MEASURE(1.0E-006),#10229);
#6075=CARTESIAN_POINT('',(-9.59,7.57,-0.7));
#6076=POINT_STYLE(' ',#10230,POSITIVE_LENGTH_MEASURE(1.0E-006),#10231);
#6077=CARTESIAN_POINT('',(6.14999999999966,-3.19999999999999,0.16665));
#6078=CURVE_STYLE('',#10232,POSITIVE_LENGTH_MEASURE(1.0E-006),#10233);
#6079=CIRCLE('',#10234,0.170335669584691);
#6080=POINT_STYLE(' ',#10235,POSITIVE_LENGTH_MEASURE(1.0E-006),#10236);
#6081=CARTESIAN_POINT('',(-9.21000000000034,-2.54999999999999,-0.166650000000001));
#6082=CURVE_STYLE('',#10237,POSITIVE_LENGTH_MEASURE(1.0E-006),#10238);
#6083=LINE('',#10239,#10240);
#6084=SURFACE_STYLE_USAGE(.BOTH.,#10241);
#6085=FACE_OUTER_BOUND('',#10242,.T.);
#6086=PLANE('',#10243);
#6087=CURVE_STYLE('',#10244,POSITIVE_LENGTH_MEASURE(1.0E-006),#10245);
#6088=LINE('',#10246,#10247);
#6089=CURVE_STYLE('',#10248,POSITIVE_LENGTH_MEASURE(1.0E-006),#10249);
#6090=LINE('',#10250,#10251);
#6091=POINT_STYLE(' ',#10252,POSITIVE_LENGTH_MEASURE(1.0E-006),#10253);
#6092=CARTESIAN_POINT('',(-3.35999999999984,7.65099999999999,0.450000000000159));
#6093=CURVE_STYLE('',#10254,POSITIVE_LENGTH_MEASURE(1.0E-006),#10255);
#6094=LINE('',#10256,#10257);
#6095=POINT_STYLE(' ',#10258,POSITIVE_LENGTH_MEASURE(1.0E-006),#10259);
#6096=CARTESIAN_POINT('',(4.00999999999966,-3.19999999999999,-0.16665));
#6097=CURVE_STYLE('',#10260,POSITIVE_LENGTH_MEASURE(1.0E-006),#10261);
#6098=LINE('',#10262,#10263);
#6099=CURVE_STYLE('',#10264,POSITIVE_LENGTH_MEASURE(1.0E-006),#10265);
#6100=LINE('',#10266,#10267);
#6101=CURVE_STYLE('',#10268,POSITIVE_LENGTH_MEASURE(1.0E-006),#10269);
#6102=LINE('',#10270,#10271);
#6103=POINT_STYLE(' ',#10272,POSITIVE_LENGTH_MEASURE(1.0E-006),#10273);
#6104=CARTESIAN_POINT('',(9.20999999999966,0.58720638732241,-0.166649999999999));
#6105=CURVE_STYLE('',#10274,POSITIVE_LENGTH_MEASURE(1.0E-006),#10275);
#6106=LINE('',#10276,#10277);
#6107=CURVE_STYLE('',#10278,POSITIVE_LENGTH_MEASURE(1.0E-006),#10279);
#6108=LINE('',#10280,#10281);
#6109=CURVE_STYLE('',#10282,POSITIVE_LENGTH_MEASURE(1.0E-006),#10283);
#6110=LINE('',#10284,#10285);
#6111=CURVE_STYLE('',#10286,POSITIVE_LENGTH_MEASURE(1.0E-006),#10287);
#6112=LINE('',#10288,#10289);
#6113=CURVE_STYLE('',#10290,POSITIVE_LENGTH_MEASURE(1.0E-006),#10291);
#6114=LINE('',#10292,#10293);
#6115=CURVE_STYLE('',#10294,POSITIVE_LENGTH_MEASURE(1.0E-006),#10295);
#6116=LINE('',#10296,#10297);
#6117=SURFACE_STYLE_USAGE(.BOTH.,#10298);
#6118=FACE_OUTER_BOUND('',#10299,.T.);
#6119=PLANE('',#10300);
#6120=CURVE_STYLE('',#10301,POSITIVE_LENGTH_MEASURE(1.0E-006),#10302);
#6121=LINE('',#10303,#10304);
#6122=POINT_STYLE(' ',#10305,POSITIVE_LENGTH_MEASURE(1.0E-006),#10306);
#6123=CARTESIAN_POINT('',(7.34999999999989,7.64999999999999,-1.00000000000011));
#6124=CURVE_STYLE('',#10307,POSITIVE_LENGTH_MEASURE(1.0E-006),#10308);
#6125=LINE('',#10309,#10310);
#6126=POINT_STYLE(' ',#10311,POSITIVE_LENGTH_MEASURE(1.0E-006),#10312);
#6127=CARTESIAN_POINT('',(-9.59,7.57,0.7));
#6128=CURVE_STYLE('',#10313,POSITIVE_LENGTH_MEASURE(1.0E-006),#10314);
#6129=LINE('',#10315,#10316);
#6130=CURVE_STYLE('',#10317,POSITIVE_LENGTH_MEASURE(1.0E-006),#10318);
#6131=LINE('',#10319,#10320);
#6132=CURVE_STYLE('',#10321,POSITIVE_LENGTH_MEASURE(1.0E-006),#10322);
#6133=LINE('',#10323,#10324);
#6134=POINT_STYLE(' ',#10325,POSITIVE_LENGTH_MEASURE(1.0E-006),#10326);
#6135=CARTESIAN_POINT('',(-4.25999999999993,7.65099999999999,0.450000000000159));
#6136=CURVE_STYLE('',#10327,POSITIVE_LENGTH_MEASURE(1.0E-006),#10328);
#6137=LINE('',#10329,#10330);
#6138=SURFACE_STYLE_USAGE(.BOTH.,#10331);
#6139=FACE_OUTER_BOUND('',#10332,.T.);
#6140=PLANE('',#10333);
#6141=POINT_STYLE(' ',#10334,POSITIVE_LENGTH_MEASURE(1.0E-006),#10335);
#6142=CARTESIAN_POINT('',(-9.8899999999992,0.599999999999994,-0.625000000000001));
#6143=CURVE_STYLE('',#10336,POSITIVE_LENGTH_MEASURE(1.0E-006),#10337);
#6144=LINE('',#10338,#10339);
#6145=CURVE_STYLE('',#10340,POSITIVE_LENGTH_MEASURE(1.0E-006),#10341);
#6146=LINE('',#10342,#10343);
#6147=SURFACE_STYLE_USAGE(.BOTH.,#10344);
#6148=FACE_OUTER_BOUND('',#10345,.T.);
#6149=PLANE('',#10346);
#6150=SURFACE_STYLE_USAGE(.BOTH.,#10347);
#6151=FACE_OUTER_BOUND('',#10348,.T.);
#6152=PLANE('',#10349);
#6153=POINT_STYLE(' ',#10350,POSITIVE_LENGTH_MEASURE(1.0E-006),#10351);
#6154=CARTESIAN_POINT('',(2.26999999999989,0.0,0.775000000000091));
#6155=POINT_STYLE(' ',#10352,POSITIVE_LENGTH_MEASURE(1.0E-006),#10353);
#6156=CARTESIAN_POINT('',(7.34999999999989,1.90282814901086,-0.166649999999999));
#6157=CURVE_STYLE('',#10354,POSITIVE_LENGTH_MEASURE(1.0E-006),#10355);
#6158=LINE('',#10356,#10357);
#6159=CURVE_STYLE('',#10358,POSITIVE_LENGTH_MEASURE(1.0E-006),#10359);
#6160=LINE('',#10360,#10361);
#6161=CURVE_STYLE('',#10362,POSITIVE_LENGTH_MEASURE(1.0E-006),#10363);
#6162=LINE('',#10364,#10365);
#6163=POINT_STYLE(' ',#10366,POSITIVE_LENGTH_MEASURE(1.0E-006),#10367);
#6164=CARTESIAN_POINT('',(7.8900000000008,0.0,-0.999999999999204));
#6165=POINT_STYLE(' ',#10368,POSITIVE_LENGTH_MEASURE(1.0E-006),#10369);
#6166=CARTESIAN_POINT('',(0.270000000000795,0.0,-0.999999999999204));
#6167=CURVE_STYLE('',#10370,POSITIVE_LENGTH_MEASURE(1.0E-006),#10371);
#6168=LINE('',#10372,#10373);
#6169=SURFACE_STYLE_USAGE(.BOTH.,#10374);
#6170=FACE_OUTER_BOUND('',#10375,.T.);
#6171=PLANE('',#10376);
#6172=POINT_STYLE(' ',#10377,POSITIVE_LENGTH_MEASURE(1.0E-006),#10378);
#6173=CARTESIAN_POINT('',(-7.3499999999992,1.90282814901086,-0.166650000000001));
#6174=SURFACE_STYLE_USAGE(.BOTH.,#10379);
#6175=FACE_OUTER_BOUND('',#10380,.T.);
#6176=PLANE('',#10381);
#6177=POINT_STYLE(' ',#10382,POSITIVE_LENGTH_MEASURE(1.0E-006),#10383);
#6178=CARTESIAN_POINT('',(-4.29877934272298,0.753873053988883,0.16665));
#6179=CURVE_STYLE('',#10384,POSITIVE_LENGTH_MEASURE(1.0E-006),#10385);
#6180=LINE('',#10386,#10387);
#6181=CURVE_STYLE('',#10388,POSITIVE_LENGTH_MEASURE(1.0E-006),#10389);
#6182=LINE('',#10390,#10391);
#6183=SURFACE_STYLE_USAGE(.BOTH.,#10392);
#6184=FACE_OUTER_BOUND('',#10393,.T.);
#6185=PLANE('',#10394);
#6186=CURVE_STYLE('',#10395,POSITIVE_LENGTH_MEASURE(1.0E-006),#10396);
#6187=LINE('',#10397,#10398);
#6188=POINT_STYLE(' ',#10399,POSITIVE_LENGTH_MEASURE(1.0E-006),#10400);
#6189=CARTESIAN_POINT('',(-7.89000000000011,0.150000000000006,0.625000000000113));
#6190=POINT_STYLE(' ',#10401,POSITIVE_LENGTH_MEASURE(1.0E-006),#10402);
#6191=CARTESIAN_POINT('',(-10.285,0.150000000000105,-0.625000000000001));
#6192=POINT_STYLE(' ',#10403,POSITIVE_LENGTH_MEASURE(1.0E-006),#10404);
#6193=CARTESIAN_POINT('',(-3.61000000000034,-3.19999999999999,-0.16665));
#6194=CURVE_STYLE('',#10405,POSITIVE_LENGTH_MEASURE(1.0E-006),#10406);
#6195=LINE('',#10407,#10408);
#6196=CURVE_STYLE('',#10409,POSITIVE_LENGTH_MEASURE(1.0E-006),#10410);
#6197=LINE('',#10411,#10412);
#6198=CURVE_STYLE('',#10413,POSITIVE_LENGTH_MEASURE(1.0E-006),#10414);
#6199=LINE('',#10415,#10416);
#6200=CURVE_STYLE('',#10417,POSITIVE_LENGTH_MEASURE(1.0E-006),#10418);
#6201=LINE('',#10419,#10420);
#6202=CURVE_STYLE('',#10421,POSITIVE_LENGTH_MEASURE(1.0E-006),#10422);
#6203=LINE('',#10423,#10424);
#6204=CURVE_STYLE('',#10425,POSITIVE_LENGTH_MEASURE(1.0E-006),#10426);
#6205=LINE('',#10427,#10428);
#6206=CURVE_STYLE('',#10429,POSITIVE_LENGTH_MEASURE(1.0E-006),#10430);
#6207=LINE('',#10431,#10432);
#6208=POINT_STYLE(' ',#10433,POSITIVE_LENGTH_MEASURE(1.0E-006),#10434);
#6209=CARTESIAN_POINT('',(6.66999999999966,-2.54999999999999,-0.16665));
#6210=POINT_STYLE(' ',#10435,POSITIVE_LENGTH_MEASURE(1.0E-006),#10436);
#6211=CARTESIAN_POINT('',(-6.67000000000034,-2.54999999999999,0.16665));
#6212=CURVE_STYLE('',#10437,POSITIVE_LENGTH_MEASURE(1.0E-006),#10438);
#6213=LINE('',#10439,#10440);
#6214=SURFACE_STYLE_USAGE(.BOTH.,#10441);
#6215=FACE_OUTER_BOUND('',#10442,.T.);
#6216=PLANE('',#10443);
#6217=POINT_STYLE(' ',#10444,POSITIVE_LENGTH_MEASURE(1.0E-006),#10445);
#6218=CARTESIAN_POINT('',(-9.21,7.57,-0.32));
#6219=CURVE_STYLE('',#10446,POSITIVE_LENGTH_MEASURE(1.0E-006),#10447);
#6220=LINE('',#10448,#10449);
#6221=CURVE_STYLE('',#10450,POSITIVE_LENGTH_MEASURE(1.0E-006),#10451);
#6222=LINE('',#10452,#10453);
#6223=POINT_STYLE(' ',#10454,POSITIVE_LENGTH_MEASURE(1.0E-006),#10455);
#6224=CARTESIAN_POINT('',(-4.75899999999993,8.49999999999996,0.950000000000159));
#6225=CURVE_STYLE('',#10456,POSITIVE_LENGTH_MEASURE(1.0E-006),#10457);
#6226=LINE('',#10458,#10459);
#6227=CURVE_STYLE('',#10460,POSITIVE_LENGTH_MEASURE(1.0E-006),#10461);
#6228=LINE('',#10462,#10463);
#6229=SURFACE_STYLE_USAGE(.BOTH.,#10464);
#6230=FACE_OUTER_BOUND('',#10465,.T.);
#6231=PLANE('',#10466);
#6232=CURVE_STYLE('',#10467,POSITIVE_LENGTH_MEASURE(1.0E-006),#10468);
#6233=CIRCLE('',#10469,0.170335669583282);
#6234=CURVE_STYLE('',#10470,POSITIVE_LENGTH_MEASURE(1.0E-006),#10471);
#6235=LINE('',#10472,#10473);
#6236=POINT_STYLE(' ',#10474,POSITIVE_LENGTH_MEASURE(1.0E-006),#10475);
#6237=CARTESIAN_POINT('',(-8.40122065727702,0.753873053989039,0.166649999999999));
#6238=CURVE_STYLE('',#10476,POSITIVE_LENGTH_MEASURE(1.0E-006),#10477);
#6239=LINE('',#10478,#10479);
#6240=CURVE_STYLE('',#10480,POSITIVE_LENGTH_MEASURE(1.0E-006),#10481);
#6241=LINE('',#10482,#10483);
#6242=SURFACE_STYLE_USAGE(.BOTH.,#10484);
#6243=FACE_OUTER_BOUND('',#10485,.T.);
#6244=PLANE('',#10486);
#6245=SURFACE_STYLE_USAGE(.BOTH.,#10487);
#6246=FACE_OUTER_BOUND('',#10488,.T.);
#6247=PLANE('',#10489);
#6248=CURVE_STYLE('',#10490,POSITIVE_LENGTH_MEASURE(1.0E-006),#10491);
#6249=LINE('',#10492,#10493);
#6250=POINT_STYLE(' ',#10494,POSITIVE_LENGTH_MEASURE(1.0E-006),#10495);
#6251=CARTESIAN_POINT('',(-8.19,7.64999999999999,-0.7));
#6252=CURVE_STYLE('',#10496,POSITIVE_LENGTH_MEASURE(1.0E-006),#10497);
#6253=CIRCLE('',#10498,0.150000000000205);
#6254=SURFACE_STYLE_USAGE(.BOTH.,#10499);
#6255=FACE_OUTER_BOUND('',#10500,.T.);
#6256=PLANE('',#10501);
#6257=CURVE_STYLE('',#10502,POSITIVE_LENGTH_MEASURE(1.0E-006),#10503);
#6258=LINE('',#10504,#10505);
#6259=POINT_STYLE(' ',#10506,POSITIVE_LENGTH_MEASURE(1.0E-006),#10507);
#6260=CARTESIAN_POINT('',(-6.79999999999993,7.65099999999999,-0.449999999999932));
#6261=CURVE_STYLE('',#10508,POSITIVE_LENGTH_MEASURE(1.0E-006),#10509);
#6262=LINE('',#10510,#10511);
#6263=POINT_STYLE(' ',#10512,POSITIVE_LENGTH_MEASURE(1.0E-006),#10513);
#6264=CARTESIAN_POINT('',(-0.781220657277022,0.753873053989039,0.16665));
#6265=POINT_STYLE(' ',#10514,POSITIVE_LENGTH_MEASURE(1.0E-006),#10515);
#6266=CARTESIAN_POINT('',(7.94100000000007,8.49999999999996,-0.949999999999931));
#6267=CURVE_STYLE('',#10516,POSITIVE_LENGTH_MEASURE(1.0E-006),#10517);
#6268=LINE('',#10518,#10519);
#6269=CURVE_STYLE('',#10520,POSITIVE_LENGTH_MEASURE(1.0E-006),#10521);
#6270=LINE('',#10522,#10523);
#6271=CURVE_STYLE('',#10524,POSITIVE_LENGTH_MEASURE(1.0E-006),#10525);
#6272=LINE('',#10526,#10527);
#6273=POINT_STYLE(' ',#10528,POSITIVE_LENGTH_MEASURE(1.0E-006),#10529);
#6274=CARTESIAN_POINT('',(-9.8899999999992,7.64999999999999,0.450000000000159));
#6275=CURVE_STYLE('',#10530,POSITIVE_LENGTH_MEASURE(1.0E-006),#10531);
#6276=LINE('',#10532,#10533);
#6277=SURFACE_STYLE_USAGE(.BOTH.,#10534);
#6278=FACE_OUTER_BOUND('',#10535,.T.);
#6279=PLANE('',#10536);
#6280=SURFACE_STYLE_USAGE(.BOTH.,#10537);
#6281=FACE_OUTER_BOUND('',#10538,.T.);
#6282=PLANE('',#10539);
#6283=CURVE_STYLE('',#10540,POSITIVE_LENGTH_MEASURE(1.0E-006),#10541);
#6284=LINE('',#10542,#10543);
#6285=POINT_STYLE(' ',#10544,POSITIVE_LENGTH_MEASURE(1.0E-006),#10545);
#6286=CARTESIAN_POINT('',(8.44000000000007,7.65099999999999,0.45000000000016));
#6287=CURVE_STYLE('',#10546,POSITIVE_LENGTH_MEASURE(1.0E-006),#10547);
#6288=CIRCLE('',#10548,0.150000000000205);
#6289=POINT_STYLE(' ',#10549,POSITIVE_LENGTH_MEASURE(1.0E-006),#10550);
#6290=CARTESIAN_POINT('',(-4.25999999999993,8.00099999999996,-0.450999999999931));
#6291=CURVE_STYLE('',#10551,POSITIVE_LENGTH_MEASURE(1.0E-006),#10552);
#6292=LINE('',#10553,#10554);
#6293=CURVE_STYLE('',#10555,POSITIVE_LENGTH_MEASURE(1.0E-006),#10556);
#6294=LINE('',#10557,#10558);
#6295=POINT_STYLE(' ',#10559,POSITIVE_LENGTH_MEASURE(1.0E-006),#10560);
#6296=CARTESIAN_POINT('',(9.20999999999966,0.58720638732241,0.166650000000001));
#6297=CURVE_STYLE('',#10561,POSITIVE_LENGTH_MEASURE(1.0E-006),#10562);
#6298=LINE('',#10563,#10564);
#6299=CURVE_STYLE('',#10565,POSITIVE_LENGTH_MEASURE(1.0E-006),#10566);
#6300=LINE('',#10567,#10568);
#6301=POINT_STYLE(' ',#10569,POSITIVE_LENGTH_MEASURE(1.0E-006),#10570);
#6302=CARTESIAN_POINT('',(-5.35000000000011,0.753873053989039,0.16665));
#6303=CURVE_STYLE('',#10571,POSITIVE_LENGTH_MEASURE(1.0E-006),#10572);
#6304=LINE('',#10573,#10574);
#6305=POINT_STYLE(' ',#10575,POSITIVE_LENGTH_MEASURE(1.0E-006),#10576);
#6306=CARTESIAN_POINT('',(4.80999999999989,7.65099999999999,0.450000000000159));
#6307=CURVE_STYLE('',#10577,POSITIVE_LENGTH_MEASURE(1.0E-006),#10578);
#6308=LINE('',#10579,#10580);
#6309=CURVE_STYLE('',#10581,POSITIVE_LENGTH_MEASURE(1.0E-006),#10582);
#6310=LINE('',#10583,#10584);
#6311=CURVE_STYLE('',#10585,POSITIVE_LENGTH_MEASURE(1.0E-006),#10586);
#6312=LINE('',#10587,#10588);
#6313=CURVE_STYLE('',#10589,POSITIVE_LENGTH_MEASURE(1.0E-006),#10590);
#6314=LINE('',#10591,#10592);
#6315=POINT_STYLE(' ',#10593,POSITIVE_LENGTH_MEASURE(1.0E-006),#10594);
#6316=CARTESIAN_POINT('',(-7.89000000000011,0.0,-0.999999999999205));
#6317=CURVE_STYLE('',#10595,POSITIVE_LENGTH_MEASURE(1.0E-006),#10596);
#6318=LINE('',#10597,#10598);
#6319=CURVE_STYLE('',#10599,POSITIVE_LENGTH_MEASURE(1.0E-006),#10600);
#6320=LINE('',#10601,#10602);
#6321=CURVE_STYLE('',#10603,POSITIVE_LENGTH_MEASURE(1.0E-006),#10604);
#6322=LINE('',#10605,#10606);
#6323=POINT_STYLE(' ',#10607,POSITIVE_LENGTH_MEASURE(1.0E-006),#10608);
#6324=CARTESIAN_POINT('',(-3.35999999999984,7.99999999999996,0.450000000000159));
#6325=CURVE_STYLE('',#10609,POSITIVE_LENGTH_MEASURE(1.0E-006),#10610);
#6326=LINE('',#10611,#10612);
#6327=POINT_STYLE(' ',#10613,POSITIVE_LENGTH_MEASURE(1.0E-006),#10614);
#6328=CARTESIAN_POINT('',(-9.33999999999993,8.00099999999996,-0.450999999999932));
#6329=CURVE_STYLE('',#10615,POSITIVE_LENGTH_MEASURE(1.0E-006),#10616);
#6330=LINE('',#10617,#10618);
#6331=CURVE_STYLE('',#10619,POSITIVE_LENGTH_MEASURE(1.0E-006),#10620);
#6332=LINE('',#10621,#10622);
#6333=POINT_STYLE(' ',#10623,POSITIVE_LENGTH_MEASURE(1.0E-006),#10624);
#6334=CARTESIAN_POINT('',(5.3500000000008,1.90282814901086,0.16665));
#6335=CURVE_STYLE('',#10625,POSITIVE_LENGTH_MEASURE(1.0E-006),#10626);
#6336=LINE('',#10627,#10628);
#6337=CURVE_STYLE('',#10629,POSITIVE_LENGTH_MEASURE(1.0E-006),#10630);
#6338=LINE('',#10631,#10632);
#6339=CURVE_STYLE('',#10633,POSITIVE_LENGTH_MEASURE(1.0E-006),#10634);
#6340=LINE('',#10635,#10636);
#6341=CURVE_STYLE('',#10637,POSITIVE_LENGTH_MEASURE(1.0E-006),#10638);
#6342=LINE('',#10639,#10640);
#6343=CURVE_STYLE('',#10641,POSITIVE_LENGTH_MEASURE(1.0E-006),#10642);
#6344=LINE('',#10643,#10644);
#6345=CURVE_STYLE('',#10645,POSITIVE_LENGTH_MEASURE(1.0E-006),#10646);
#6346=LINE('',#10647,#10648);
#6347=CURVE_STYLE('',#10649,POSITIVE_LENGTH_MEASURE(1.0E-006),#10650);
#6348=LINE('',#10651,#10652);
#6349=POINT_STYLE(' ',#10653,POSITIVE_LENGTH_MEASURE(1.0E-006),#10654);
#6350=CARTESIAN_POINT('',(9.88999999999989,0.150000000000006,0.625000000000114));
#6351=CURVE_STYLE('',#10655,POSITIVE_LENGTH_MEASURE(1.0E-006),#10656);
#6352=LINE('',#10657,#10658);
#6353=CURVE_STYLE('',#10659,POSITIVE_LENGTH_MEASURE(1.0E-006),#10660);
#6354=LINE('',#10661,#10662);
#6355=POINT_STYLE(' ',#10663,POSITIVE_LENGTH_MEASURE(1.0E-006),#10664);
#6356=CARTESIAN_POINT('',(-9.8899999999992,7.64999999999999,0.999999999999886));
#6357=CURVE_STYLE('',#10665,POSITIVE_LENGTH_MEASURE(1.0E-006),#10666);
#6358=LINE('',#10667,#10668);
#6359=POINT_STYLE(' ',#10669,POSITIVE_LENGTH_MEASURE(1.0E-006),#10670);
#6360=CARTESIAN_POINT('',(-4.25999999999993,7.65099999999999,-0.449999999999932));
#6361=CURVE_STYLE('',#10671,POSITIVE_LENGTH_MEASURE(1.0E-006),#10672);
#6362=CIRCLE('',#10673,0.170335669583282);
#6363=CURVE_STYLE('',#10674,POSITIVE_LENGTH_MEASURE(1.0E-006),#10675);
#6364=CIRCLE('',#10676,0.149999999999778);
#6365=POINT_STYLE(' ',#10677,POSITIVE_LENGTH_MEASURE(1.0E-006),#10678);
#6366=CARTESIAN_POINT('',(-8.57000000000034,0.58720638732241,-0.166650000000001));
#6367=SURFACE_STYLE_USAGE(.BOTH.,#10679);
#6368=FACE_OUTER_BOUND('',#10680,.T.);
#6369=PLANE('',#10681);
#6370=SURFACE_STYLE_USAGE(.BOTH.,#10682);
#6371=FACE_OUTER_BOUND('',#10683,.T.);
#6372=PLANE('',#10684);
#6373=CURVE_STYLE('',#10685,POSITIVE_LENGTH_MEASURE(1.0E-006),#10686);
#6374=LINE('',#10687,#10688);
#6375=CURVE_STYLE('',#10689,POSITIVE_LENGTH_MEASURE(1.0E-006),#10690);
#6376=LINE('',#10691,#10692);
#6377=CURVE_STYLE('',#10693,POSITIVE_LENGTH_MEASURE(1.0E-006),#10694);
#6378=LINE('',#10695,#10696);
#6379=SURFACE_STYLE_USAGE(.BOTH.,#10697);
#6380=FACE_OUTER_BOUND('',#10698,.T.);
#6381=PLANE('',#10699);
#6382=SURFACE_STYLE_USAGE(.BOTH.,#10700);
#6383=FACE_OUTER_BOUND('',#10701,.T.);
#6384=PLANE('',#10702);
#6385=POINT_STYLE(' ',#10703,POSITIVE_LENGTH_MEASURE(1.0E-006),#10704);
#6386=CARTESIAN_POINT('',(-4.13000000000034,-2.54999999999999,-0.16665));
#6387=CURVE_STYLE('',#10705,POSITIVE_LENGTH_MEASURE(1.0E-006),#10706);
#6388=LINE('',#10707,#10708);
#6389=CURVE_STYLE('',#10709,POSITIVE_LENGTH_MEASURE(1.0E-006),#10710);
#6390=CIRCLE('',#10711,0.170335669584691);
#6391=CURVE_STYLE('',#10712,POSITIVE_LENGTH_MEASURE(1.0E-006),#10713);
#6392=LINE('',#10714,#10715);
#6393=POINT_STYLE(' ',#10716,POSITIVE_LENGTH_MEASURE(1.0E-006),#10717);
#6394=CARTESIAN_POINT('',(-0.81999999999984,7.65099999999999,0.450000000000159));
#6395=POINT_STYLE(' ',#10718,POSITIVE_LENGTH_MEASURE(1.0E-006),#10719);
#6396=CARTESIAN_POINT('',(0.949999999999658,0.587206387322199,0.16665));
#6397=POINT_STYLE(' ',#10720,POSITIVE_LENGTH_MEASURE(1.0E-006),#10721);
#6398=CARTESIAN_POINT('',(1.06999999999966,-3.19999999999999,0.16665));
#6399=CURVE_STYLE('',#10722,POSITIVE_LENGTH_MEASURE(1.0E-006),#10723);
#6400=CIRCLE('',#10724,0.170335669583282);
#6401=SURFACE_STYLE_USAGE(.BOTH.,#10725);
#6402=FACE_OUTER_BOUND('',#10726,.T.);
#6403=PLANE('',#10727);
#6404=POINT_STYLE(' ',#10728,POSITIVE_LENGTH_MEASURE(1.0E-006),#10729);
#6405=CARTESIAN_POINT('',(-4.25999999999993,7.99999999999996,0.450000000000159));
#6406=SURFACE_STYLE_USAGE(.BOTH.,#10730);
#6407=FACE_OUTER_BOUND('',#10731,.T.);
#6408=PLANE('',#10732);
#6409=POINT_STYLE(' ',#10733,POSITIVE_LENGTH_MEASURE(1.0E-006),#10734);
#6410=CARTESIAN_POINT('',(6.54999999999966,-3.19999999999999,-0.16665));
#6411=POINT_STYLE(' ',#10735,POSITIVE_LENGTH_MEASURE(1.0E-006),#10736);
#6412=CARTESIAN_POINT('',(2.21900000000016,8.49999999999996,-0.949999999999932));
#6413=CURVE_STYLE('',#10737,POSITIVE_LENGTH_MEASURE(1.0E-006),#10738);
#6414=CIRCLE('',#10739,0.150000000000205);
#6415=POINT_STYLE(' ',#10740,POSITIVE_LENGTH_MEASURE(1.0E-006),#10741);
#6416=CARTESIAN_POINT('',(2.86100000000007,8.49999999999996,0.950000000000159));
#6417=POINT_STYLE(' ',#10742,POSITIVE_LENGTH_MEASURE(1.0E-006),#10743);
#6418=CARTESIAN_POINT('',(6.83877934272298,0.753873053989039,-0.16665));
#6419=POINT_STYLE(' ',#10744,POSITIVE_LENGTH_MEASURE(1.0E-006),#10745);
#6420=CARTESIAN_POINT('',(-2.2699999999992,7.64999999999999,-1.00000000000011));
#6421=CURVE_STYLE('',#10746,POSITIVE_LENGTH_MEASURE(1.0E-006),#10747);
#6422=LINE('',#10748,#10749);
#6423=SURFACE_STYLE_USAGE(.BOTH.,#10750);
#6424=FACE_OUTER_BOUND('',#10751,.T.);
#6425=PLANE('',#10752);
#6426=POINT_STYLE(' ',#10753,POSITIVE_LENGTH_MEASURE(1.0E-006),#10754);
#6427=CARTESIAN_POINT('',(-8.43999999999984,7.68,-0.449999999999932));
#6428=CURVE_STYLE('',#10755,POSITIVE_LENGTH_MEASURE(1.0E-006),#10756);
#6429=LINE('',#10757,#10758);
#6430=POINT_STYLE(' ',#10759,POSITIVE_LENGTH_MEASURE(1.0E-006),#10760);
#6431=CARTESIAN_POINT('',(7.8900000000008,0.599999999999994,0.625));
#6432=CURVE_STYLE('',#10761,POSITIVE_LENGTH_MEASURE(1.0E-006),#10762);
#6433=LINE('',#10763,#10764);
#6434=POINT_STYLE(' ',#10765,POSITIVE_LENGTH_MEASURE(1.0E-006),#10766);
#6435=CARTESIAN_POINT('',(3.36000000000007,8.00099999999996,0.451000000000159));
#6436=POINT_STYLE(' ',#10767,POSITIVE_LENGTH_MEASURE(1.0E-006),#10768);
#6437=CARTESIAN_POINT('',(7.34999999999989,0.0,-0.999999999999204));
#6438=POINT_STYLE(' ',#10769,POSITIVE_LENGTH_MEASURE(1.0E-006),#10770);
#6439=CARTESIAN_POINT('',(0.949999999999658,0.587206387322199,-0.16665));
#6440=POINT_STYLE(' ',#10771,POSITIVE_LENGTH_MEASURE(1.0E-006),#10772);
#6441=CARTESIAN_POINT('',(9.34000000000016,7.65099999999999,0.45000000000016));
#6442=CURVE_STYLE('',#10773,POSITIVE_LENGTH_MEASURE(1.0E-006),#10774);
#6443=LINE('',#10775,#10776);
#6444=POINT_STYLE(' ',#10777,POSITIVE_LENGTH_MEASURE(1.0E-006),#10778);
#6445=CARTESIAN_POINT('',(-7.89000000000011,1.90282814901086,-0.16665));
#6446=POINT_STYLE(' ',#10779,POSITIVE_LENGTH_MEASURE(1.0E-006),#10780);
#6447=CARTESIAN_POINT('',(-2.2699999999992,0.0,0.775000000000091));
#6448=SURFACE_STYLE_USAGE(.BOTH.,#10781);
#6449=FACE_OUTER_BOUND('',#10782,.T.);
#6450=PLANE('',#10783);
#6451=SURFACE_STYLE_USAGE(.BOTH.,#10784);
#6452=FACE_BOUND('',#10785,.T.);
#6453=FACE_OUTER_BOUND('',#10786,.T.);
#6454=PLANE('',#10787);
#6455=CURVE_STYLE('',#10788,POSITIVE_LENGTH_MEASURE(1.0E-006),#10789);
#6456=LINE('',#10790,#10791);
#6457=CURVE_STYLE('',#10792,POSITIVE_LENGTH_MEASURE(1.0E-006),#10793);
#6458=LINE('',#10794,#10795);
#6459=POINT_STYLE(' ',#10796,POSITIVE_LENGTH_MEASURE(1.0E-006),#10797);
#6460=CARTESIAN_POINT('',(-5.86122065727702,0.753873053989039,0.16665));
#6461=CURVE_STYLE('',#10798,POSITIVE_LENGTH_MEASURE(1.0E-006),#10799);
#6462=CIRCLE('',#10800,0.170335669583282);
#6463=CURVE_STYLE('',#10801,POSITIVE_LENGTH_MEASURE(1.0E-006),#10802);
#6464=LINE('',#10803,#10804);
#6465=CURVE_STYLE('',#10805,POSITIVE_LENGTH_MEASURE(1.0E-006),#10806);
#6466=LINE('',#10807,#10808);
#6467=CURVE_STYLE('',#10809,POSITIVE_LENGTH_MEASURE(1.0E-006),#10810);
#6468=LINE('',#10811,#10812);
#6469=SURFACE_STYLE_USAGE(.BOTH.,#10813);
#6470=FACE_OUTER_BOUND('',#10814,.T.);
#6471=PLANE('',#10815);
#6472=POINT_STYLE(' ',#10816,POSITIVE_LENGTH_MEASURE(1.0E-006),#10817);
#6473=CARTESIAN_POINT('',(4.26000000000016,8.00099999999996,-0.450999999999931));
#6474=CURVE_STYLE('',#10818,POSITIVE_LENGTH_MEASURE(1.0E-006),#10819);
#6475=LINE('',#10820,#10821);
#6476=POINT_STYLE(' ',#10822,POSITIVE_LENGTH_MEASURE(1.0E-006),#10823);
#6477=CARTESIAN_POINT('',(6.66999999999966,-2.54999999999999,0.16665));
#6478=POINT_STYLE(' ',#10824,POSITIVE_LENGTH_MEASURE(1.0E-006),#10825);
#6479=CARTESIAN_POINT('',(2.86100000000007,8.49999999999996,-0.949999999999932));
#6480=CURVE_STYLE('',#10826,POSITIVE_LENGTH_MEASURE(1.0E-006),#10827);
#6481=LINE('',#10828,#10829);
#6482=POINT_STYLE(' ',#10830,POSITIVE_LENGTH_MEASURE(1.0E-006),#10831);
#6483=CARTESIAN_POINT('',(9.20999999999966,-2.54999999999999,0.166650000000001));
#6484=POINT_STYLE(' ',#10832,POSITIVE_LENGTH_MEASURE(1.0E-006),#10833);
#6485=CARTESIAN_POINT('',(-5.35000000000011,0.0,-0.775000000000091));
#6486=CURVE_STYLE('',#10834,POSITIVE_LENGTH_MEASURE(1.0E-006),#10835);
#6487=LINE('',#10836,#10837);
#6488=SURFACE_STYLE_USAGE(.BOTH.,#10838);
#6489=FACE_OUTER_BOUND('',#10839,.T.);
#6490=PLANE('',#10840);
#6491=CURVE_STYLE('',#10841,POSITIVE_LENGTH_MEASURE(1.0E-006),#10842);
#6492=LINE('',#10843,#10844);
#6493=CURVE_STYLE('',#10845,POSITIVE_LENGTH_MEASURE(1.0E-006),#10846);
#6494=LINE('',#10847,#10848);
#6495=SURFACE_STYLE_USAGE(.BOTH.,#10849);
#6496=FACE_OUTER_BOUND('',#10850,.T.);
#6497=PLANE('',#10851);
#6498=SURFACE_STYLE_USAGE(.BOTH.,#10852);
#6499=FACE_OUTER_BOUND('',#10853,.T.);
#6500=PLANE('',#10854);
#6501=CURVE_STYLE('',#10855,POSITIVE_LENGTH_MEASURE(1.0E-006),#10856);
#6502=LINE('',#10857,#10858);
#6503=CURVE_STYLE('',#10859,POSITIVE_LENGTH_MEASURE(1.0E-006),#10860);
#6504=LINE('',#10861,#10862);
#6505=POINT_STYLE(' ',#10863,POSITIVE_LENGTH_MEASURE(1.0E-006),#10864);
#6506=CARTESIAN_POINT('',(-0.270000000000113,0.150000000000006,0.625000000000114));
#6507=POINT_STYLE(' ',#10865,POSITIVE_LENGTH_MEASURE(1.0E-006),#10866);
#6508=CARTESIAN_POINT('',(-8.19,7.64999999999999,0.7));
#6509=SURFACE_STYLE_USAGE(.BOTH.,#10867);
#6510=FACE_BOUND('',#10868,.T.);
#6511=FACE_OUTER_BOUND('',#10869,.T.);
#6512=PLANE('',#10870);
#6513=CURVE_STYLE('',#10871,POSITIVE_LENGTH_MEASURE(1.0E-006),#10872);
#6514=LINE('',#10873,#10874);
#6515=CURVE_STYLE('',#10875,POSITIVE_LENGTH_MEASURE(1.0E-006),#10876);
#6516=LINE('',#10877,#10878);
#6517=CURVE_STYLE('',#10879,POSITIVE_LENGTH_MEASURE(1.0E-006),#10880);
#6518=LINE('',#10881,#10882);
#6519=POINT_STYLE(' ',#10883,POSITIVE_LENGTH_MEASURE(1.0E-006),#10884);
#6520=CARTESIAN_POINT('',(5.34999999999989,7.65099999999999,0.450000000000159));
#6521=CURVE_STYLE('',#10885,POSITIVE_LENGTH_MEASURE(1.0E-006),#10886);
#6522=LINE('',#10887,#10888);
#6523=CURVE_STYLE('',#10889,POSITIVE_LENGTH_MEASURE(1.0E-006),#10890);
#6524=LINE('',#10891,#10892);
#6525=POINT_STYLE(' ',#10893,POSITIVE_LENGTH_MEASURE(1.0E-006),#10894);
#6526=CARTESIAN_POINT('',(-7.3499999999992,0.599999999999994,-0.625));
#6527=CURVE_STYLE('',#10895,POSITIVE_LENGTH_MEASURE(1.0E-006),#10896);
#6528=LINE('',#10897,#10898);
#6529=SURFACE_STYLE_USAGE(.BOTH.,#10899);
#6530=FACE_OUTER_BOUND('',#10900,.T.);
#6531=PLANE('',#10901);
#6532=POINT_STYLE(' ',#10902,POSITIVE_LENGTH_MEASURE(1.0E-006),#10903);
#6533=CARTESIAN_POINT('',(9.34000000000016,7.99999999999996,0.45000000000016));
#6534=POINT_STYLE(' ',#10904,POSITIVE_LENGTH_MEASURE(1.0E-006),#10905);
#6535=CARTESIAN_POINT('',(-6.79999999999993,8.00099999999996,0.451000000000158));
#6536=POINT_STYLE(' ',#10906,POSITIVE_LENGTH_MEASURE(1.0E-006),#10907);
#6537=CARTESIAN_POINT('',(1.75877934272298,0.753873053989039,0.16665));
#6538=CURVE_STYLE('',#10908,POSITIVE_LENGTH_MEASURE(1.0E-006),#10909);
#6539=LINE('',#10910,#10911);
#6540=SURFACE_STYLE_USAGE(.BOTH.,#10912);
#6541=FACE_OUTER_BOUND('',#10913,.T.);
#6542=PLANE('',#10914);
#6543=SURFACE_STYLE_USAGE(.BOTH.,#10915);
#6544=FACE_OUTER_BOUND('',#10916,.T.);
#6545=PLANE('',#10917);
#6546=POINT_STYLE(' ',#10918,POSITIVE_LENGTH_MEASURE(1.0E-006),#10919);
#6547=CARTESIAN_POINT('',(-9.33999999999993,7.68,0.450000000000159));
#6548=POINT_STYLE(' ',#10920,POSITIVE_LENGTH_MEASURE(1.0E-006),#10921);
#6549=CARTESIAN_POINT('',(3.36000000000007,7.65099999999999,-0.449999999999932));
#6550=SURFACE_STYLE_USAGE(.BOTH.,#10922);
#6551=FACE_OUTER_BOUND('',#10923,.T.);
#6552=PLANE('',#10924);
#6553=CURVE_STYLE('',#10925,POSITIVE_LENGTH_MEASURE(1.0E-006),#10926);
#6554=CIRCLE('',#10927,0.149999999999778);
#6555=POINT_STYLE(' ',#10928,POSITIVE_LENGTH_MEASURE(1.0E-006),#10929);
#6556=CARTESIAN_POINT('',(9.88999999999989,1.90282814901086,0.166650000000001));
#6557=POINT_STYLE(' ',#10930,POSITIVE_LENGTH_MEASURE(1.0E-006),#10931);
#6558=CARTESIAN_POINT('',(-9.8899999999992,0.599999999999994,0.624999999999999));
#6559=SURFACE_STYLE_USAGE(.BOTH.,#10932);
#6560=FACE_OUTER_BOUND('',#10933,.T.);
#6561=PLANE('',#10934);
#6562=POINT_STYLE(' ',#10935,POSITIVE_LENGTH_MEASURE(1.0E-006),#10936);
#6563=CARTESIAN_POINT('',(-4.75899999999993,8.49999999999996,-0.949999999999932));
#6564=CURVE_STYLE('',#10937,POSITIVE_LENGTH_MEASURE(1.0E-006),#10938);
#6565=LINE('',#10939,#10940);
#6566=CURVE_STYLE('',#10941,POSITIVE_LENGTH_MEASURE(1.0E-006),#10942);
#6567=LINE('',#10943,#10944);
#6568=CURVE_STYLE('',#10945,POSITIVE_LENGTH_MEASURE(1.0E-006),#10946);
#6569=LINE('',#10947,#10948);
#6570=CURVE_STYLE('',#10949,POSITIVE_LENGTH_MEASURE(1.0E-006),#10950);
#6571=LINE('',#10951,#10952);
#6572=CURVE_STYLE('',#10953,POSITIVE_LENGTH_MEASURE(1.0E-006),#10954);
#6573=LINE('',#10955,#10956);
#6574=SURFACE_STYLE_USAGE(.BOTH.,#10957);
#6575=FACE_OUTER_BOUND('',#10958,.T.);
#6576=CYLINDRICAL_SURFACE('',#10959,0.170335669584691);
#6577=CURVE_STYLE('',#10960,POSITIVE_LENGTH_MEASURE(1.0E-006),#10961);
#6578=LINE('',#10962,#10963);
#6579=POINT_STYLE(' ',#10964,POSITIVE_LENGTH_MEASURE(1.0E-006),#10965);
#6580=CARTESIAN_POINT('',(9.88999999999989,0.0,0.999999999999887));
#6581=CURVE_STYLE('',#10966,POSITIVE_LENGTH_MEASURE(1.0E-006),#10967);
#6582=LINE('',#10968,#10969);
#6583=CURVE_STYLE('',#10970,POSITIVE_LENGTH_MEASURE(1.0E-006),#10971);
#6584=LINE('',#10972,#10973);
#6585=POINT_STYLE(' ',#10974,POSITIVE_LENGTH_MEASURE(1.0E-006),#10975);
#6586=CARTESIAN_POINT('',(-5.35000000000011,7.64999999999999,0.450000000000159));
#6587=POINT_STYLE(' ',#10976,POSITIVE_LENGTH_MEASURE(1.0E-006),#10977);
#6588=CARTESIAN_POINT('',(9.88999999999989,7.64999999999999,0.999999999999887));
#6589=CURVE_STYLE('',#10978,POSITIVE_LENGTH_MEASURE(1.0E-006),#10979);
#6590=LINE('',#10980,#10981);
#6591=CURVE_STYLE('',#10982,POSITIVE_LENGTH_MEASURE(1.0E-006),#10983);
#6592=LINE('',#10984,#10985);
#6593=CURVE_STYLE('',#10986,POSITIVE_LENGTH_MEASURE(1.0E-006),#10987);
#6594=LINE('',#10988,#10989);
#6595=CURVE_STYLE('',#10990,POSITIVE_LENGTH_MEASURE(1.0E-006),#10991);
#6596=CIRCLE('',#10992,0.170335669583282);
#6597=CURVE_STYLE('',#10993,POSITIVE_LENGTH_MEASURE(1.0E-006),#10994);
#6598=CIRCLE('',#10995,0.170335669583282);
#6599=CURVE_STYLE('',#10996,POSITIVE_LENGTH_MEASURE(1.0E-006),#10997);
#6600=LINE('',#10998,#10999);
#6601=POINT_STYLE(' ',#11000,POSITIVE_LENGTH_MEASURE(1.0E-006),#11001);
#6602=CARTESIAN_POINT('',(-1.71999999999993,8.00099999999996,-0.450999999999931));
#6603=POINT_STYLE(' ',#11002,POSITIVE_LENGTH_MEASURE(1.0E-006),#11003);
#6604=CARTESIAN_POINT('',(-4.29877934272298,0.753873053988883,-0.16665));
#6605=CURVE_STYLE('',#11004,POSITIVE_LENGTH_MEASURE(1.0E-006),#11005);
#6606=CIRCLE('',#11006,0.170335669584691);
#6607=SURFACE_STYLE_USAGE(.BOTH.,#11007);
#6608=FACE_OUTER_BOUND('',#11008,.T.);
#6609=CYLINDRICAL_SURFACE('',#11009,0.170335669584691);
#6610=POINT_STYLE(' ',#11010,POSITIVE_LENGTH_MEASURE(1.0E-006),#11011);
#6611=CARTESIAN_POINT('',(-2.2699999999992,0.599999999999994,-0.625));
#6612=CURVE_STYLE('',#11012,POSITIVE_LENGTH_MEASURE(1.0E-006),#11013);
#6613=LINE('',#11014,#11015);
#6614=POINT_STYLE(' ',#11016,POSITIVE_LENGTH_MEASURE(1.0E-006),#11017);
#6615=CARTESIAN_POINT('',(2.26999999999989,1.90282814901086,0.16665));
#6616=POINT_STYLE(' ',#11018,POSITIVE_LENGTH_MEASURE(1.0E-006),#11019);
#6617=CARTESIAN_POINT('',(9.37877934272298,0.753873053989039,-0.166649999999999));
#6618=POINT_STYLE(' ',#11020,POSITIVE_LENGTH_MEASURE(1.0E-006),#11021);
#6619=CARTESIAN_POINT('',(-6.67000000000034,-2.54999999999999,-0.16665));
#6620=CURVE_STYLE('',#11022,POSITIVE_LENGTH_MEASURE(1.0E-006),#11023);
#6621=LINE('',#11024,#11025);
#6622=POINT_STYLE(' ',#11026,POSITIVE_LENGTH_MEASURE(1.0E-006),#11027);
#6623=CARTESIAN_POINT('',(5.34999999999989,7.65099999999999,-0.449999999999931));
#6624=CURVE_STYLE('',#11028,POSITIVE_LENGTH_MEASURE(1.0E-006),#11029);
#6625=LINE('',#11030,#11031);
#6626=CURVE_STYLE('',#11032,POSITIVE_LENGTH_MEASURE(1.0E-006),#11033);
#6627=LINE('',#11034,#11035);
#6628=POINT_STYLE(' ',#11036,POSITIVE_LENGTH_MEASURE(1.0E-006),#11037);
#6629=CARTESIAN_POINT('',(-2.2699999999992,0.599999999999994,0.625));
#6630=SURFACE_STYLE_USAGE(.BOTH.,#11038);
#6631=FACE_OUTER_BOUND('',#11039,.T.);
#6632=PLANE('',#11040);
#6633=POINT_STYLE(' ',#11041,POSITIVE_LENGTH_MEASURE(1.0E-006),#11042);
#6634=CARTESIAN_POINT('',(-1.59000000000034,0.587206387322199,-0.16665));
#6635=CURVE_STYLE('',#11043,POSITIVE_LENGTH_MEASURE(1.0E-006),#11044);
#6636=LINE('',#11045,#11046);
#6637=CURVE_STYLE('',#11047,POSITIVE_LENGTH_MEASURE(1.0E-006),#11048);
#6638=LINE('',#11049,#11050);
#6639=POINT_STYLE(' ',#11051,POSITIVE_LENGTH_MEASURE(1.0E-006),#11052);
#6640=CARTESIAN_POINT('',(6.80000000000016,8.00099999999996,0.451000000000159));
#6641=SURFACE_STYLE_USAGE(.BOTH.,#11053);
#6642=FACE_OUTER_BOUND('',#11054,.T.);
#6643=PLANE('',#11055);
#6644=CURVE_STYLE('',#11056,POSITIVE_LENGTH_MEASURE(1.0E-006),#11057);
#6645=LINE('',#11058,#11059);
#6646=POINT_STYLE(' ',#11060,POSITIVE_LENGTH_MEASURE(1.0E-006),#11061);
#6647=CARTESIAN_POINT('',(-9.8899999999992,0.753873053988997,0.166649999999999));
#6648=CURVE_STYLE('',#11062,POSITIVE_LENGTH_MEASURE(1.0E-006),#11063);
#6649=LINE('',#11064,#11065);
#6650=POINT_STYLE(' ',#11066,POSITIVE_LENGTH_MEASURE(1.0E-006),#11067);
#6651=CARTESIAN_POINT('',(-8.43999999999984,8.00099999999996,-0.450999999999932));
#6652=POINT_STYLE(' ',#11068,POSITIVE_LENGTH_MEASURE(1.0E-006),#11069);
#6653=CARTESIAN_POINT('',(-4.8099999999992,1.90282814901086,0.16665));
#6654=POINT_STYLE(' ',#11070,POSITIVE_LENGTH_MEASURE(1.0E-006),#11071);
#6655=CARTESIAN_POINT('',(7.8900000000008,0.0,0.775000000000091));
#6656=CURVE_STYLE('',#11072,POSITIVE_LENGTH_MEASURE(1.0E-006),#11073);
#6657=LINE('',#11074,#11075);
#6658=POINT_STYLE(' ',#11076,POSITIVE_LENGTH_MEASURE(1.0E-006),#11077);
#6659=CARTESIAN_POINT('',(2.81000000000079,0.150000000000105,-0.625));
#6660=CURVE_STYLE('',#11078,POSITIVE_LENGTH_MEASURE(1.0E-006),#11079);
#6661=LINE('',#11080,#11081);
#6662=POINT_STYLE(' ',#11082,POSITIVE_LENGTH_MEASURE(1.0E-006),#11083);
#6663=CARTESIAN_POINT('',(-2.81000000000011,7.64999999999999,-1.00000000000011));
#6664=CURVE_STYLE('',#11084,POSITIVE_LENGTH_MEASURE(1.0E-006),#11085);
#6665=LINE('',#11086,#11087);
#6666=CURVE_STYLE('',#11088,POSITIVE_LENGTH_MEASURE(1.0E-006),#11089);
#6667=LINE('',#11090,#11091);
#6668=CURVE_STYLE('',#11092,POSITIVE_LENGTH_MEASURE(1.0E-006),#11093);
#6669=CIRCLE('',#11094,0.170335669584691);
#6670=POINT_STYLE(' ',#11095,POSITIVE_LENGTH_MEASURE(1.0E-006),#11096);
#6671=CARTESIAN_POINT('',(7.8900000000008,0.0,-0.775000000000091));
#6672=CURVE_STYLE('',#11097,POSITIVE_LENGTH_MEASURE(1.0E-006),#11098);
#6673=LINE('',#11099,#11100);
#6674=CURVE_STYLE('',#11101,POSITIVE_LENGTH_MEASURE(1.0E-006),#11102);
#6675=LINE('',#11103,#11104);
#6676=CURVE_STYLE('',#11105,POSITIVE_LENGTH_MEASURE(1.0E-006),#11106);
#6677=LINE('',#11107,#11108);
#6678=POINT_STYLE(' ',#11109,POSITIVE_LENGTH_MEASURE(1.0E-006),#11110);
#6679=CARTESIAN_POINT('',(6.80000000000016,8.00099999999996,-0.450999999999931));
#6680=CURVE_STYLE('',#11111,POSITIVE_LENGTH_MEASURE(1.0E-006),#11112);
#6681=CIRCLE('',#11113,0.150000000000205);
#6682=POINT_STYLE(' ',#11114,POSITIVE_LENGTH_MEASURE(1.0E-006),#11115);
#6683=CARTESIAN_POINT('',(2.26999999999989,7.65099999999999,0.450000000000159));
#6684=SURFACE_STYLE_USAGE(.BOTH.,#11116);
#6685=FACE_OUTER_BOUND('',#11117,.T.);
#6686=PLANE('',#11118);
#6687=CURVE_STYLE('',#11119,POSITIVE_LENGTH_MEASURE(1.0E-006),#11120);
#6688=LINE('',#11121,#11122);
#6689=CURVE_STYLE('',#11123,POSITIVE_LENGTH_MEASURE(1.0E-006),#11124);
#6690=LINE('',#11125,#11126);
#6691=CURVE_STYLE('',#11127,POSITIVE_LENGTH_MEASURE(1.0E-006),#11128);
#6692=LINE('',#11129,#11130);
#6693=SURFACE_STYLE_USAGE(.BOTH.,#11131);
#6694=FACE_OUTER_BOUND('',#11132,.T.);
#6695=PLANE('',#11133);
#6696=POINT_STYLE(' ',#11134,POSITIVE_LENGTH_MEASURE(1.0E-006),#11135);
#6697=CARTESIAN_POINT('',(7.34999999999989,0.150000000000105,-0.625));
#6698=POINT_STYLE(' ',#11136,POSITIVE_LENGTH_MEASURE(1.0E-006),#11137);
#6699=CARTESIAN_POINT('',(4.26000000000016,7.65099999999999,-0.449999999999932));
#6700=POINT_STYLE(' ',#11138,POSITIVE_LENGTH_MEASURE(1.0E-006),#11139);
#6701=CARTESIAN_POINT('',(1.06999999999966,-3.19999999999999,-0.16665));
#6702=CURVE_STYLE('',#11140,POSITIVE_LENGTH_MEASURE(1.0E-006),#11141);
#6703=LINE('',#11142,#11143);
#6704=POINT_STYLE(' ',#11144,POSITIVE_LENGTH_MEASURE(1.0E-006),#11145);
#6705=CARTESIAN_POINT('',(-7.3499999999992,0.0,-0.999999999999205));
#6706=CURVE_STYLE('',#11146,POSITIVE_LENGTH_MEASURE(1.0E-006),#11147);
#6707=LINE('',#11148,#11149);
#6708=CURVE_STYLE('',#11150,POSITIVE_LENGTH_MEASURE(1.0E-006),#11151);
#6709=LINE('',#11152,#11153);
#6710=CURVE_STYLE('',#11154,POSITIVE_LENGTH_MEASURE(1.0E-006),#11155);
#6711=LINE('',#11156,#11157);
#6712=CURVE_STYLE('',#11158,POSITIVE_LENGTH_MEASURE(1.0E-006),#11159);
#6713=LINE('',#11160,#11161);
#6714=CURVE_STYLE('',#11162,POSITIVE_LENGTH_MEASURE(1.0E-006),#11163);
#6715=LINE('',#11164,#11165);
#6716=CURVE_STYLE('',#11166,POSITIVE_LENGTH_MEASURE(1.0E-006),#11167);
#6717=LINE('',#11168,#11169);
#6718=SURFACE_STYLE_USAGE(.BOTH.,#11170);
#6719=FACE_OUTER_BOUND('',#11171,.T.);
#6720=PLANE('',#11172);
#6721=CURVE_STYLE('',#11173,POSITIVE_LENGTH_MEASURE(1.0E-006),#11174);
#6722=LINE('',#11175,#11176);
#6723=POINT_STYLE(' ',#11177,POSITIVE_LENGTH_MEASURE(1.0E-006),#11178);
#6724=CARTESIAN_POINT('',(-3.35999999999984,8.00099999999996,-0.450999999999931));
#6725=POINT_STYLE(' ',#11179,POSITIVE_LENGTH_MEASURE(1.0E-006),#11180);
#6726=CARTESIAN_POINT('',(4.80999999999989,0.753873053989039,-0.16665));
#6727=CURVE_STYLE('',#11181,POSITIVE_LENGTH_MEASURE(1.0E-006),#11182);
#6728=LINE('',#11183,#11184);
#6729=CURVE_STYLE('',#11185,POSITIVE_LENGTH_MEASURE(1.0E-006),#11186);
#6730=LINE('',#11187,#11188);
#6731=CURVE_STYLE('',#11189,POSITIVE_LENGTH_MEASURE(1.0E-006),#11190);
#6732=LINE('',#11191,#11192);
#6733=CURVE_STYLE('',#11193,POSITIVE_LENGTH_MEASURE(1.0E-006),#11194);
#6734=LINE('',#11195,#11196);
#6735=CURVE_STYLE('',#11197,POSITIVE_LENGTH_MEASURE(1.0E-006),#11198);
#6736=LINE('',#11199,#11200);
#6737=SURFACE_STYLE_USAGE(.BOTH.,#11201);
#6738=FACE_OUTER_BOUND('',#11202,.T.);
#6739=CYLINDRICAL_SURFACE('',#11203,0.149999999999778);
#6740=POINT_STYLE(' ',#11204,POSITIVE_LENGTH_MEASURE(1.0E-006),#11205);
#6741=CARTESIAN_POINT('',(-2.2699999999992,7.64999999999999,0.450000000000159));
#6742=POINT_STYLE(' ',#11206,POSITIVE_LENGTH_MEASURE(1.0E-006),#11207);
#6743=CARTESIAN_POINT('',(5.40100000000007,8.49999999999996,0.950000000000159));
#6744=CURVE_STYLE('',#11208,POSITIVE_LENGTH_MEASURE(1.0E-006),#11209);
#6745=LINE('',#11210,#11211);
#6746=CURVE_STYLE('',#11212,POSITIVE_LENGTH_MEASURE(1.0E-006),#11213);
#6747=LINE('',#11214,#11215);
#6748=CURVE_STYLE('',#11216,POSITIVE_LENGTH_MEASURE(1.0E-006),#11217);
#6749=LINE('',#11218,#11219);
#6750=CURVE_STYLE('',#11220,POSITIVE_LENGTH_MEASURE(1.0E-006),#11221);
#6751=CIRCLE('',#11222,0.149999999999778);
#6752=CURVE_STYLE('',#11223,POSITIVE_LENGTH_MEASURE(1.0E-006),#11224);
#6753=LINE('',#11225,#11226);
#6754=POINT_STYLE(' ',#11227,POSITIVE_LENGTH_MEASURE(1.0E-006),#11228);
#6755=CARTESIAN_POINT('',(-9.8899999999992,0.0,0.77500000000009));
#6756=CURVE_STYLE('',#11229,POSITIVE_LENGTH_MEASURE(1.0E-006),#11230);
#6757=LINE('',#11231,#11232);
#6758=CURVE_STYLE('',#11233,POSITIVE_LENGTH_MEASURE(1.0E-006),#11234);
#6759=LINE('',#11235,#11236);
#6760=CURVE_STYLE('',#11237,POSITIVE_LENGTH_MEASURE(1.0E-006),#11238);
#6761=LINE('',#11239,#11240);
#6762=SURFACE_STYLE_USAGE(.BOTH.,#11241);
#6763=FACE_OUTER_BOUND('',#11242,.T.);
#6764=PLANE('',#11243);
#6765=CURVE_STYLE('',#11244,POSITIVE_LENGTH_MEASURE(1.0E-006),#11245);
#6766=LINE('',#11246,#11247);
#6767=POINT_STYLE(' ',#11248,POSITIVE_LENGTH_MEASURE(1.0E-006),#11249);
#6768=CARTESIAN_POINT('',(4.12999999999966,-2.54999999999999,-0.16665));
#6769=POINT_STYLE(' ',#11250,POSITIVE_LENGTH_MEASURE(1.0E-006),#11251);
#6770=CARTESIAN_POINT('',(-0.32099999999984,8.49999999999996,0.950000000000159));
#6771=SURFACE_STYLE_USAGE(.BOTH.,#11252);
#6772=FACE_OUTER_BOUND('',#11253,.T.);
#6773=CYLINDRICAL_SURFACE('',#11254,0.170335669583282);
#6774=POINT_STYLE(' ',#11255,POSITIVE_LENGTH_MEASURE(1.0E-006),#11256);
#6775=CARTESIAN_POINT('',(-2.81000000000011,0.0,-0.775000000000091));
#6776=POINT_STYLE(' ',#11257,POSITIVE_LENGTH_MEASURE(1.0E-006),#11258);
#6777=CARTESIAN_POINT('',(5.3500000000008,1.90282814901086,-0.16665));
#6778=CURVE_STYLE('',#11259,POSITIVE_LENGTH_MEASURE(1.0E-006),#11260);
#6779=LINE('',#11261,#11262);
#6780=POINT_STYLE(' ',#11263,POSITIVE_LENGTH_MEASURE(1.0E-006),#11264);
#6781=CARTESIAN_POINT('',(-0.270000000000113,7.65099999999999,0.450000000000159));
#6782=CURVE_STYLE('',#11265,POSITIVE_LENGTH_MEASURE(1.0E-006),#11266);
#6783=LINE('',#11267,#11268);
#6784=POINT_STYLE(' ',#11269,POSITIVE_LENGTH_MEASURE(1.0E-006),#11270);
#6785=CARTESIAN_POINT('',(-0.270000000000113,7.64999999999999,0.999999999999886));
#6786=POINT_STYLE(' ',#11271,POSITIVE_LENGTH_MEASURE(1.0E-006),#11272);
#6787=CARTESIAN_POINT('',(4.80999999999989,7.64999999999999,-1.00000000000011));
#6788=CURVE_STYLE('',#11273,POSITIVE_LENGTH_MEASURE(1.0E-006),#11274);
#6789=LINE('',#11275,#11276);
#6790=CURVE_STYLE('',#11277,POSITIVE_LENGTH_MEASURE(1.0E-006),#11278);
#6791=LINE('',#11279,#11280);
#6792=POINT_STYLE(' ',#11281,POSITIVE_LENGTH_MEASURE(1.0E-006),#11282);
#6793=CARTESIAN_POINT('',(-4.8099999999992,0.0,0.999999999999886));
#6794=CURVE_STYLE('',#11283,POSITIVE_LENGTH_MEASURE(1.0E-006),#11284);
#6795=LINE('',#11285,#11286);
#6796=POINT_STYLE(' ',#11287,POSITIVE_LENGTH_MEASURE(1.0E-006),#11288);
#6797=CARTESIAN_POINT('',(5.3500000000008,0.753873053988997,0.16665));
#6798=CURVE_STYLE('',#11289,POSITIVE_LENGTH_MEASURE(1.0E-006),#11290);
#6799=LINE('',#11291,#11292);
#6800=SURFACE_STYLE_USAGE(.BOTH.,#11293);
#6801=FACE_OUTER_BOUND('',#11294,.T.);
#6802=CYLINDRICAL_SURFACE('',#11295,0.170335669584691);
#6803=CURVE_STYLE('',#11296,POSITIVE_LENGTH_MEASURE(1.0E-006),#11297);
#6804=LINE('',#11298,#11299);
#6805=POINT_STYLE(' ',#11300,POSITIVE_LENGTH_MEASURE(1.0E-006),#11301);
#6806=CARTESIAN_POINT('',(-7.89000000000011,0.0,-0.775000000000091));
#6807=CURVE_STYLE('',#11302,POSITIVE_LENGTH_MEASURE(1.0E-006),#11303);
#6808=LINE('',#11304,#11305);
#6809=CURVE_STYLE('',#11306,POSITIVE_LENGTH_MEASURE(1.0E-006),#11307);
#6810=LINE('',#11308,#11309);
#6811=CURVE_STYLE('',#11310,POSITIVE_LENGTH_MEASURE(1.0E-006),#11311);
#6812=LINE('',#11312,#11313);
#6813=POINT_STYLE(' ',#11314,POSITIVE_LENGTH_MEASURE(1.0E-006),#11315);
#6814=CARTESIAN_POINT('',(4.26000000000016,7.99999999999996,0.450000000000159));
#6815=CURVE_STYLE('',#11316,POSITIVE_LENGTH_MEASURE(1.0E-006),#11317);
#6816=LINE('',#11318,#11319);
#6817=POINT_STYLE(' ',#11320,POSITIVE_LENGTH_MEASURE(1.0E-006),#11321);
#6818=CARTESIAN_POINT('',(0.270000000000795,0.753873053988997,0.16665));
#6819=POINT_STYLE(' ',#11322,POSITIVE_LENGTH_MEASURE(1.0E-006),#11323);
#6820=CARTESIAN_POINT('',(-7.3499999999992,0.150000000000006,0.625000000000113));
#6821=CURVE_STYLE('',#11324,POSITIVE_LENGTH_MEASURE(1.0E-006),#11325);
#6822=LINE('',#11326,#11327);
#6823=CURVE_STYLE('',#11328,POSITIVE_LENGTH_MEASURE(1.0E-006),#11329);
#6824=LINE('',#11330,#11331);
#6825=CURVE_STYLE('',#11332,POSITIVE_LENGTH_MEASURE(1.0E-006),#11333);
#6826=LINE('',#11334,#11335);
#6827=POINT_STYLE(' ',#11336,POSITIVE_LENGTH_MEASURE(1.0E-006),#11337);
#6828=CARTESIAN_POINT('',(10.285,0.0,0.775000000000092));
#6829=CURVE_STYLE('',#11338,POSITIVE_LENGTH_MEASURE(1.0E-006),#11339);
#6830=LINE('',#11340,#11341);
#6831=POINT_STYLE(' ',#11342,POSITIVE_LENGTH_MEASURE(1.0E-006),#11343);
#6832=CARTESIAN_POINT('',(-5.35000000000011,0.599999999999994,-0.625));
#6833=POINT_STYLE(' ',#11344,POSITIVE_LENGTH_MEASURE(1.0E-006),#11345);
#6834=CARTESIAN_POINT('',(0.270000000000795,0.599999999999994,-0.625));
#6835=CURVE_STYLE('',#11346,POSITIVE_LENGTH_MEASURE(1.0E-006),#11347);
#6836=LINE('',#11348,#11349);
#6837=CURVE_STYLE('',#11350,POSITIVE_LENGTH_MEASURE(1.0E-006),#11351);
#6838=LINE('',#11352,#11353);
#6839=SURFACE_STYLE_USAGE(.BOTH.,#11354);
#6840=FACE_OUTER_BOUND('',#11355,.T.);
#6841=PLANE('',#11356);
#6842=CURVE_STYLE('',#11357,POSITIVE_LENGTH_MEASURE(1.0E-006),#11358);
#6843=LINE('',#11359,#11360);
#6844=POINT_STYLE(' ',#11361,POSITIVE_LENGTH_MEASURE(1.0E-006),#11362);
#6845=CARTESIAN_POINT('',(-8.19,7.64999999999999,0.450000000000159));
#6846=POINT_STYLE(' ',#11363,POSITIVE_LENGTH_MEASURE(1.0E-006),#11364);
#6847=CARTESIAN_POINT('',(8.56999999999966,0.587206387322199,0.16665));
#6848=CURVE_STYLE('',#11365,POSITIVE_LENGTH_MEASURE(1.0E-006),#11366);
#6849=LINE('',#11367,#11368);
#6850=CURVE_STYLE('',#11369,POSITIVE_LENGTH_MEASURE(1.0E-006),#11370);
#6851=LINE('',#11371,#11372);
#6852=SURFACE_STYLE_USAGE(.BOTH.,#11373);
#6853=FACE_OUTER_BOUND('',#11374,.T.);
#6854=CYLINDRICAL_SURFACE('',#11375,0.149999999999778);
#6855=SURFACE_STYLE_USAGE(.BOTH.,#11376);
#6856=FACE_OUTER_BOUND('',#11377,.T.);
#6857=CYLINDRICAL_SURFACE('',#11378,0.149999999999778);
#6858=CURVE_STYLE('',#11379,POSITIVE_LENGTH_MEASURE(1.0E-006),#11380);
#6859=LINE('',#11381,#11382);
#6860=CURVE_STYLE('',#11383,POSITIVE_LENGTH_MEASURE(1.0E-006),#11384);
#6861=LINE('',#11385,#11386);
#6862=SURFACE_STYLE_USAGE(.BOTH.,#11387);
#6863=FACE_BOUND('',#11388,.T.);
#6864=FACE_OUTER_BOUND('',#11389,.T.);
#6865=PLANE('',#11390);
#6866=CURVE_STYLE('',#11391,POSITIVE_LENGTH_MEASURE(1.0E-006),#11392);
#6867=LINE('',#11393,#11394);
#6868=CURVE_STYLE('',#11395,POSITIVE_LENGTH_MEASURE(1.0E-006),#11396);
#6869=LINE('',#11397,#11398);
#6870=SURFACE_STYLE_USAGE(.BOTH.,#11399);
#6871=FACE_OUTER_BOUND('',#11400,.T.);
#6872=CYLINDRICAL_SURFACE('',#11401,0.150000000000205);
#6873=POINT_STYLE(' ',#11402,POSITIVE_LENGTH_MEASURE(1.0E-006),#11403);
#6874=CARTESIAN_POINT('',(-9.89000000000011,7.65099999999999,-0.449999999999932));
#6875=CURVE_STYLE('',#11404,POSITIVE_LENGTH_MEASURE(1.0E-006),#11405);
#6876=LINE('',#11406,#11407);
#6877=CURVE_STYLE('',#11408,POSITIVE_LENGTH_MEASURE(1.0E-006),#11409);
#6878=LINE('',#11410,#11411);
#6879=POINT_STYLE(' ',#11412,POSITIVE_LENGTH_MEASURE(1.0E-006),#11413);
#6880=CARTESIAN_POINT('',(4.80999999999989,0.0,0.999999999999887));
#6881=CURVE_STYLE('',#11414,POSITIVE_LENGTH_MEASURE(1.0E-006),#11415);
#6882=LINE('',#11416,#11417);
#6883=POINT_STYLE(' ',#11418,POSITIVE_LENGTH_MEASURE(1.0E-006),#11419);
#6884=CARTESIAN_POINT('',(-5.35000000000011,0.0,0.775000000000091));
#6885=CURVE_STYLE('',#11420,POSITIVE_LENGTH_MEASURE(1.0E-006),#11421);
#6886=CIRCLE('',#11422,0.170335669584691);
#6887=SURFACE_STYLE_USAGE(.BOTH.,#11423);
#6888=FACE_OUTER_BOUND('',#11424,.T.);
#6889=CYLINDRICAL_SURFACE('',#11425,0.150000000000205);
#6890=SURFACE_STYLE_USAGE(.BOTH.,#11426);
#6891=FACE_OUTER_BOUND('',#11427,.T.);
#6892=PLANE('',#11428);
#6893=POINT_STYLE(' ',#11429,POSITIVE_LENGTH_MEASURE(1.0E-006),#11430);
#6894=CARTESIAN_POINT('',(5.3500000000008,0.0,-0.999999999999204));
#6895=CURVE_STYLE('',#11431,POSITIVE_LENGTH_MEASURE(1.0E-006),#11432);
#6896=LINE('',#11433,#11434);
#6897=CURVE_STYLE('',#11435,POSITIVE_LENGTH_MEASURE(1.0E-006),#11436);
#6898=LINE('',#11437,#11438);
#6899=CURVE_STYLE('',#11439,POSITIVE_LENGTH_MEASURE(1.0E-006),#11440);
#6900=LINE('',#11441,#11442);
#6901=CURVE_STYLE('',#11443,POSITIVE_LENGTH_MEASURE(1.0E-006),#11444);
#6902=LINE('',#11445,#11446);
#6903=POINT_STYLE(' ',#11447,POSITIVE_LENGTH_MEASURE(1.0E-006),#11448);
#6904=CARTESIAN_POINT('',(4.26000000000016,8.00099999999996,0.451000000000159));
#6905=CURVE_STYLE('',#11449,POSITIVE_LENGTH_MEASURE(1.0E-006),#11450);
#6906=LINE('',#11451,#11452);
#6907=POINT_STYLE(' ',#11453,POSITIVE_LENGTH_MEASURE(1.0E-006),#11454);
#6908=CARTESIAN_POINT('',(-9.33999999999993,7.99999999999996,-0.449999999999932));
#6909=SURFACE_STYLE_USAGE(.BOTH.,#11455);
#6910=FACE_OUTER_BOUND('',#11456,.T.);
#6911=PLANE('',#11457);
#6912=CURVE_STYLE('',#11458,POSITIVE_LENGTH_MEASURE(1.0E-006),#11459);
#6913=LINE('',#11460,#11461);
#6914=POINT_STYLE(' ',#11462,POSITIVE_LENGTH_MEASURE(1.0E-006),#11463);
#6915=CARTESIAN_POINT('',(10.285,0.150000000000105,-0.624999999999999));
#6916=CURVE_STYLE('',#11464,POSITIVE_LENGTH_MEASURE(1.0E-006),#11465);
#6917=CIRCLE('',#11466,0.149999999999778);
#6918=CURVE_STYLE('',#11467,POSITIVE_LENGTH_MEASURE(1.0E-006),#11468);
#6919=LINE('',#11469,#11470);
#6920=CURVE_STYLE('',#11471,POSITIVE_LENGTH_MEASURE(1.0E-006),#11472);
#6921=LINE('',#11473,#11474);
#6922=SURFACE_STYLE_USAGE(.BOTH.,#11475);
#6923=FACE_OUTER_BOUND('',#11476,.T.);
#6924=PLANE('',#11477);
#6925=POINT_STYLE(' ',#11478,POSITIVE_LENGTH_MEASURE(1.0E-006),#11479);
#6926=CARTESIAN_POINT('',(9.88999999999989,0.150000000000105,-0.624999999999999));
#6927=SURFACE_STYLE_USAGE(.BOTH.,#11480);
#6928=FACE_OUTER_BOUND('',#11481,.T.);
#6929=PLANE('',#11482);
#6930=SURFACE_STYLE_USAGE(.BOTH.,#11483);
#6931=FACE_OUTER_BOUND('',#11484,.T.);
#6932=PLANE('',#11485);
#6933=POINT_STYLE(' ',#11486,POSITIVE_LENGTH_MEASURE(1.0E-006),#11487);
#6934=CARTESIAN_POINT('',(-5.35000000000011,0.0,0.999999999999886));
#6935=CURVE_STYLE('',#11488,POSITIVE_LENGTH_MEASURE(1.0E-006),#11489);
#6936=LINE('',#11490,#11491);
#6937=CURVE_STYLE('',#11492,POSITIVE_LENGTH_MEASURE(1.0E-006),#11493);
#6938=LINE('',#11494,#11495);
#6939=CURVE_STYLE('',#11496,POSITIVE_LENGTH_MEASURE(1.0E-006),#11497);
#6940=LINE('',#11498,#11499);
#6941=CURVE_STYLE('',#11500,POSITIVE_LENGTH_MEASURE(1.0E-006),#11501);
#6942=LINE('',#11502,#11503);
#6943=POINT_STYLE(' ',#11504,POSITIVE_LENGTH_MEASURE(1.0E-006),#11505);
#6944=CARTESIAN_POINT('',(-3.49000000000034,0.58720638732241,0.16665));
#6945=CURVE_STYLE('',#11506,POSITIVE_LENGTH_MEASURE(1.0E-006),#11507);
#6946=LINE('',#11508,#11509);
#6947=CURVE_STYLE('',#11510,POSITIVE_LENGTH_MEASURE(1.0E-006),#11511);
#6948=LINE('',#11512,#11513);
#6949=SURFACE_STYLE_USAGE(.BOTH.,#11514);
#6950=FACE_OUTER_BOUND('',#11515,.T.);
#6951=PLANE('',#11516);
#6952=POINT_STYLE(' ',#11517,POSITIVE_LENGTH_MEASURE(1.0E-006),#11518);
#6953=CARTESIAN_POINT('',(8.40122065727702,0.753873053988883,-0.16665));
#6954=POINT_STYLE(' ',#11519,POSITIVE_LENGTH_MEASURE(1.0E-006),#11520);
#6955=CARTESIAN_POINT('',(-4.8099999999992,0.150000000000006,0.625000000000113));
#6956=POINT_STYLE(' ',#11521,POSITIVE_LENGTH_MEASURE(1.0E-006),#11522);
#6957=CARTESIAN_POINT('',(5.90000000000007,7.99999999999996,0.45000000000016));
#6958=CURVE_STYLE('',#11523,POSITIVE_LENGTH_MEASURE(1.0E-006),#11524);
#6959=LINE('',#11525,#11526);
#6960=POINT_STYLE(' ',#11527,POSITIVE_LENGTH_MEASURE(1.0E-006),#11528);
#6961=CARTESIAN_POINT('',(4.75900000000016,8.49999999999996,0.950000000000159));
#6962=POINT_STYLE(' ',#11529,POSITIVE_LENGTH_MEASURE(1.0E-006),#11530);
#6963=CARTESIAN_POINT('',(-2.81000000000011,0.0,-0.999999999999204));
#6964=CURVE_STYLE('',#11531,POSITIVE_LENGTH_MEASURE(1.0E-006),#11532);
#6965=LINE('',#11533,#11534);
#6966=POINT_STYLE(' ',#11535,POSITIVE_LENGTH_MEASURE(1.0E-006),#11536);
#6967=CARTESIAN_POINT('',(-8.57000000000034,-2.54999999999999,0.166649999999999));
#6968=SURFACE_STYLE_USAGE(.BOTH.,#11537);
#6969=FACE_OUTER_BOUND('',#11538,.T.);
#6970=PLANE('',#11539);
#6971=CURVE_STYLE('',#11540,POSITIVE_LENGTH_MEASURE(1.0E-006),#11541);
#6972=LINE('',#11542,#11543);
#6973=POINT_STYLE(' ',#11544,POSITIVE_LENGTH_MEASURE(1.0E-006),#11545);
#6974=CARTESIAN_POINT('',(-9.21000000000034,0.587206387322199,-0.166650000000001));
#6975=POINT_STYLE(' ',#11546,POSITIVE_LENGTH_MEASURE(1.0E-006),#11547);
#6976=CARTESIAN_POINT('',(7.34999999999989,0.753873053989039,0.16665));
#6977=POINT_STYLE(' ',#11548,POSITIVE_LENGTH_MEASURE(1.0E-006),#11549);
#6978=CARTESIAN_POINT('',(-7.3499999999992,1.90282814901086,0.166649999999999));
#6979=CURVE_STYLE('',#11550,POSITIVE_LENGTH_MEASURE(1.0E-006),#11551);
#6980=LINE('',#11552,#11553);
#6981=CURVE_STYLE('',#11554,POSITIVE_LENGTH_MEASURE(1.0E-006),#11555);
#6982=LINE('',#11556,#11557);
#6983=POINT_STYLE(' ',#11558,POSITIVE_LENGTH_MEASURE(1.0E-006),#11559);
#6984=CARTESIAN_POINT('',(-6.79999999999993,7.99999999999996,-0.449999999999932));
#6985=SURFACE_STYLE_USAGE(.BOTH.,#11560);
#6986=FACE_BOUND('',#11561,.T.);
#6987=FACE_OUTER_BOUND('',#11562,.T.);
#6988=PLANE('',#11563);
#6989=CURVE_STYLE('',#11564,POSITIVE_LENGTH_MEASURE(1.0E-006),#11565);
#6990=LINE('',#11566,#11567);
#6991=CURVE_STYLE('',#11568,POSITIVE_LENGTH_MEASURE(1.0E-006),#11569);
#6992=LINE('',#11570,#11571);
#6993=CURVE_STYLE('',#11572,POSITIVE_LENGTH_MEASURE(1.0E-006),#11573);
#6994=LINE('',#11574,#11575);
#6995=POINT_STYLE(' ',#11576,POSITIVE_LENGTH_MEASURE(1.0E-006),#11577);
#6996=CARTESIAN_POINT('',(7.88999999999989,7.65099999999999,-0.449999999999931));
#6997=CURVE_STYLE('',#11578,POSITIVE_LENGTH_MEASURE(1.0E-006),#11579);
#6998=LINE('',#11580,#11581);
#6999=CURVE_STYLE('',#11582,POSITIVE_LENGTH_MEASURE(1.0E-006),#11583);
#7000=LINE('',#11584,#11585);
#7001=POINT_STYLE(' ',#11586,POSITIVE_LENGTH_MEASURE(1.0E-006),#11587);
#7002=CARTESIAN_POINT('',(-5.35000000000011,7.64999999999999,0.999999999999886));
#7003=POINT_STYLE(' ',#11588,POSITIVE_LENGTH_MEASURE(1.0E-006),#11589);
#7004=CARTESIAN_POINT('',(8.40122065727702,0.753873053988883,0.16665));
#7005=POINT_STYLE(' ',#11590,POSITIVE_LENGTH_MEASURE(1.0E-006),#11591);
#7006=CARTESIAN_POINT('',(-2.81000000000011,0.150000000000105,-0.625));
#7007=POINT_STYLE(' ',#11592,POSITIVE_LENGTH_MEASURE(1.0E-006),#11593);
#7008=CARTESIAN_POINT('',(-9.33999999999993,7.68,-0.449999999999932));
#7009=CURVE_STYLE('',#11594,POSITIVE_LENGTH_MEASURE(1.0E-006),#11595);
#7010=LINE('',#11596,#11597);
#7011=CURVE_STYLE('',#11598,POSITIVE_LENGTH_MEASURE(1.0E-006),#11599);
#7012=LINE('',#11600,#11601);
#7013=CURVE_STYLE('',#11602,POSITIVE_LENGTH_MEASURE(1.0E-006),#11603);
#7014=LINE('',#11604,#11605);
#7015=SURFACE_STYLE_USAGE(.BOTH.,#11606);
#7016=FACE_OUTER_BOUND('',#11607,.T.);
#7017=PLANE('',#11608);
#7018=POINT_STYLE(' ',#11609,POSITIVE_LENGTH_MEASURE(1.0E-006),#11610);
#7019=CARTESIAN_POINT('',(-5.40099999999984,8.49999999999996,-0.949999999999932));
#7020=CURVE_STYLE('',#11611,POSITIVE_LENGTH_MEASURE(1.0E-006),#11612);
#7021=LINE('',#11613,#11614);
#7022=CURVE_STYLE('',#11615,POSITIVE_LENGTH_MEASURE(1.0E-006),#11616);
#7023=LINE('',#11617,#11618);
#7024=CURVE_STYLE('',#11619,POSITIVE_LENGTH_MEASURE(1.0E-006),#11620);
#7025=LINE('',#11621,#11622);
#7026=POINT_STYLE(' ',#11623,POSITIVE_LENGTH_MEASURE(1.0E-006),#11624);
#7027=CARTESIAN_POINT('',(10.285,0.599999999999994,0.625000000000001));
#7028=CURVE_STYLE('',#11625,POSITIVE_LENGTH_MEASURE(1.0E-006),#11626);
#7029=LINE('',#11627,#11628);
#7030=CURVE_STYLE('',#11629,POSITIVE_LENGTH_MEASURE(1.0E-006),#11630);
#7031=LINE('',#11631,#11632);
#7032=CURVE_STYLE('',#11633,POSITIVE_LENGTH_MEASURE(1.0E-006),#11634);
#7033=LINE('',#11635,#11636);
#7034=SURFACE_STYLE_USAGE(.BOTH.,#11637);
#7035=FACE_OUTER_BOUND('',#11638,.T.);
#7036=PLANE('',#11639);
#7037=CURVE_STYLE('',#11640,POSITIVE_LENGTH_MEASURE(1.0E-006),#11641);
#7038=LINE('',#11642,#11643);
#7039=SURFACE_STYLE_USAGE(.BOTH.,#11644);
#7040=FACE_OUTER_BOUND('',#11645,.T.);
#7041=PLANE('',#11646);
#7042=CURVE_STYLE('',#11647,POSITIVE_LENGTH_MEASURE(1.0E-006),#11648);
#7043=LINE('',#11649,#11650);
#7044=CURVE_STYLE('',#11651,POSITIVE_LENGTH_MEASURE(1.0E-006),#11652);
#7045=LINE('',#11653,#11654);
#7046=CURVE_STYLE('',#11655,POSITIVE_LENGTH_MEASURE(1.0E-006),#11656);
#7047=LINE('',#11657,#11658);
#7048=SURFACE_STYLE_USAGE(.BOTH.,#11659);
#7049=FACE_OUTER_BOUND('',#11660,.T.);
#7050=PLANE('',#11661);
#7051=CURVE_STYLE('',#11662,POSITIVE_LENGTH_MEASURE(1.0E-006),#11663);
#7052=LINE('',#11664,#11665);
#7053=POINT_STYLE(' ',#11666,POSITIVE_LENGTH_MEASURE(1.0E-006),#11667);
#7054=CARTESIAN_POINT('',(4.80999999999989,0.0,-0.999999999999204));
#7055=POINT_STYLE(' ',#11668,POSITIVE_LENGTH_MEASURE(1.0E-006),#11669);
#7056=CARTESIAN_POINT('',(2.81000000000079,0.599999999999994,0.625));
#7057=SURFACE_STYLE_USAGE(.BOTH.,#11670);
#7058=FACE_OUTER_BOUND('',#11671,.T.);
#7059=PLANE('',#11672);
#7060=CURVE_STYLE('',#11673,POSITIVE_LENGTH_MEASURE(1.0E-006),#11674);
#7061=LINE('',#11675,#11676);
#7062=POINT_STYLE(' ',#11677,POSITIVE_LENGTH_MEASURE(1.0E-006),#11678);
#7063=CARTESIAN_POINT('',(5.3500000000008,0.753873053988997,-0.16665));
#7064=CURVE_STYLE('',#11679,POSITIVE_LENGTH_MEASURE(1.0E-006),#11680);
#7065=LINE('',#11681,#11682);
#7066=SURFACE_STYLE_USAGE(.BOTH.,#11683);
#7067=FACE_OUTER_BOUND('',#11684,.T.);
#7068=PLANE('',#11685);
#7069=CURVE_STYLE('',#11686,POSITIVE_LENGTH_MEASURE(1.0E-006),#11687);
#7070=LINE('',#11688,#11689);
#7071=POINT_STYLE(' ',#11690,POSITIVE_LENGTH_MEASURE(1.0E-006),#11691);
#7072=CARTESIAN_POINT('',(2.81000000000079,0.0,-0.999999999999204));
#7073=CURVE_STYLE('',#11692,POSITIVE_LENGTH_MEASURE(1.0E-006),#11693);
#7074=LINE('',#11694,#11695);
#7075=CURVE_STYLE('',#11696,POSITIVE_LENGTH_MEASURE(1.0E-006),#11697);
#7076=LINE('',#11698,#11699);
#7077=CURVE_STYLE('',#11700,POSITIVE_LENGTH_MEASURE(1.0E-006),#11701);
#7078=LINE('',#11702,#11703);
#7079=CURVE_STYLE('',#11704,POSITIVE_LENGTH_MEASURE(1.0E-006),#11705);
#7080=LINE('',#11706,#11707);
#7081=CURVE_STYLE('',#11708,POSITIVE_LENGTH_MEASURE(1.0E-006),#11709);
#7082=LINE('',#11710,#11711);
#7083=CURVE_STYLE('',#11712,POSITIVE_LENGTH_MEASURE(1.0E-006),#11713);
#7084=LINE('',#11714,#11715);
#7085=POINT_STYLE(' ',#11716,POSITIVE_LENGTH_MEASURE(1.0E-006),#11717);
#7086=CARTESIAN_POINT('',(7.29900000000016,8.49999999999996,0.95000000000016));
#7087=POINT_STYLE(' ',#11718,POSITIVE_LENGTH_MEASURE(1.0E-006),#11719);
#7088=CARTESIAN_POINT('',(1.72000000000016,7.65099999999999,-0.449999999999932));
#7089=SURFACE_STYLE_USAGE(.BOTH.,#11720);
#7090=FACE_OUTER_BOUND('',#11721,.T.);
#7091=PLANE('',#11722);
#7092=CURVE_STYLE('',#11723,POSITIVE_LENGTH_MEASURE(1.0E-006),#11724);
#7093=LINE('',#11725,#11726);
#7094=CURVE_STYLE('',#11727,POSITIVE_LENGTH_MEASURE(1.0E-006),#11728);
#7095=LINE('',#11729,#11730);
#7096=POINT_STYLE(' ',#11731,POSITIVE_LENGTH_MEASURE(1.0E-006),#11732);
#7097=CARTESIAN_POINT('',(-8.69000000000034,-3.19999999999999,-0.166650000000001));
#7098=POINT_STYLE(' ',#11733,POSITIVE_LENGTH_MEASURE(1.0E-006),#11734);
#7099=CARTESIAN_POINT('',(-8.57,7.57,-0.32));
#7100=POINT_STYLE(' ',#11735,POSITIVE_LENGTH_MEASURE(1.0E-006),#11736);
#7101=CARTESIAN_POINT('',(7.8900000000008,7.64999999999999,-1.00000000000011));
#7102=CURVE_STYLE('',#11737,POSITIVE_LENGTH_MEASURE(1.0E-006),#11738);
#7103=LINE('',#11739,#11740);
#7104=CURVE_STYLE('',#11741,POSITIVE_LENGTH_MEASURE(1.0E-006),#11742);
#7105=LINE('',#11743,#11744);
#7106=POINT_STYLE(' ',#11745,POSITIVE_LENGTH_MEASURE(1.0E-006),#11746);
#7107=CARTESIAN_POINT('',(-8.19,7.57,0.7));
#7108=CURVE_STYLE('',#11747,POSITIVE_LENGTH_MEASURE(1.0E-006),#11748);
#7109=LINE('',#11749,#11750);
#7110=SURFACE_STYLE_USAGE(.BOTH.,#11751);
#7111=FACE_OUTER_BOUND('',#11752,.T.);
#7112=PLANE('',#11753);
#7113=POINT_STYLE(' ',#11754,POSITIVE_LENGTH_MEASURE(1.0E-006),#11755);
#7114=CARTESIAN_POINT('',(-2.81000000000011,0.0,0.775000000000091));
#7115=SURFACE_STYLE_USAGE(.BOTH.,#11756);
#7116=FACE_OUTER_BOUND('',#11757,.T.);
#7117=PLANE('',#11758);
#7118=CURVE_STYLE('',#11759,POSITIVE_LENGTH_MEASURE(1.0E-006),#11760);
#7119=LINE('',#11761,#11762);
#7120=CURVE_STYLE('',#11763,POSITIVE_LENGTH_MEASURE(1.0E-006),#11764);
#7121=LINE('',#11765,#11766);
#7122=CURVE_STYLE('',#11767,POSITIVE_LENGTH_MEASURE(1.0E-006),#11768);
#7123=CIRCLE('',#11769,0.149999999999778);
#7124=CURVE_STYLE('',#11770,POSITIVE_LENGTH_MEASURE(1.0E-006),#11771);
#7125=LINE('',#11772,#11773);
#7126=CURVE_STYLE('',#11774,POSITIVE_LENGTH_MEASURE(1.0E-006),#11775);
#7127=LINE('',#11776,#11777);
#7128=CURVE_STYLE('',#11778,POSITIVE_LENGTH_MEASURE(1.0E-006),#11779);
#7129=LINE('',#11780,#11781);
#7130=CURVE_STYLE('',#11782,POSITIVE_LENGTH_MEASURE(1.0E-006),#11783);
#7131=LINE('',#11784,#11785);
#7132=CURVE_STYLE('',#11786,POSITIVE_LENGTH_MEASURE(1.0E-006),#11787);
#7133=LINE('',#11788,#11789);
#7134=CURVE_STYLE('',#11790,POSITIVE_LENGTH_MEASURE(1.0E-006),#11791);
#7135=LINE('',#11792,#11793);
#7136=POINT_STYLE(' ',#11794,POSITIVE_LENGTH_MEASURE(1.0E-006),#11795);
#7137=CARTESIAN_POINT('',(8.44000000000007,8.00099999999996,-0.450999999999931));
#7138=CURVE_STYLE('',#11796,POSITIVE_LENGTH_MEASURE(1.0E-006),#11797);
#7139=LINE('',#11798,#11799);
#7140=CURVE_STYLE('',#11800,POSITIVE_LENGTH_MEASURE(1.0E-006),#11801);
#7141=LINE('',#11802,#11803);
#7142=SURFACE_STYLE_USAGE(.BOTH.,#11804);
#7143=FACE_OUTER_BOUND('',#11805,.T.);
#7144=PLANE('',#11806);
#7145=POINT_STYLE(' ',#11807,POSITIVE_LENGTH_MEASURE(1.0E-006),#11808);
#7146=CARTESIAN_POINT('',(5.3500000000008,0.0,0.775000000000091));
#7147=POINT_STYLE(' ',#11809,POSITIVE_LENGTH_MEASURE(1.0E-006),#11810);
#7148=CARTESIAN_POINT('',(-4.25999999999993,8.00099999999996,0.451000000000158));
#7149=POINT_STYLE(' ',#11811,POSITIVE_LENGTH_MEASURE(1.0E-006),#11812);
#7150=CARTESIAN_POINT('',(-5.89999999999984,8.00099999999996,0.451000000000158));
#7151=CURVE_STYLE('',#11813,POSITIVE_LENGTH_MEASURE(1.0E-006),#11814);
#7152=LINE('',#11815,#11816);
#7153=SURFACE_STYLE_USAGE(.BOTH.,#11817);
#7154=FACE_OUTER_BOUND('',#11818,.T.);
#7155=PLANE('',#11819);
#7156=CURVE_STYLE('',#11820,POSITIVE_LENGTH_MEASURE(1.0E-006),#11821);
#7157=LINE('',#11822,#11823);
#7158=POINT_STYLE(' ',#11824,POSITIVE_LENGTH_MEASURE(1.0E-006),#11825);
#7159=CARTESIAN_POINT('',(-10.285,0.150000000000006,0.625000000000113));
#7160=POINT_STYLE(' ',#11826,POSITIVE_LENGTH_MEASURE(1.0E-006),#11827);
#7161=CARTESIAN_POINT('',(9.88999999999989,0.0,0.775000000000092));
#7162=SURFACE_STYLE_USAGE(.BOTH.,#11828);
#7163=FACE_OUTER_BOUND('',#11829,.T.);
#7164=PLANE('',#11830);
#7165=POINT_STYLE(' ',#11831,POSITIVE_LENGTH_MEASURE(1.0E-006),#11832);
#7166=CARTESIAN_POINT('',(-1.71999999999993,7.65099999999999,0.450000000000159));
#7167=POINT_STYLE(' ',#11833,POSITIVE_LENGTH_MEASURE(1.0E-006),#11834);
#7168=CARTESIAN_POINT('',(-4.8099999999992,0.753873053988997,0.16665));
#7169=POINT_STYLE(' ',#11835,POSITIVE_LENGTH_MEASURE(1.0E-006),#11836);
#7170=CARTESIAN_POINT('',(3.32122065727702,0.753873053988883,-0.16665));
#7171=POINT_STYLE(' ',#11837,POSITIVE_LENGTH_MEASURE(1.0E-006),#11838);
#7172=CARTESIAN_POINT('',(0.820000000000068,7.99999999999996,-0.449999999999932));
#7173=CURVE_STYLE('',#11839,POSITIVE_LENGTH_MEASURE(1.0E-006),#11840);
#7174=LINE('',#11841,#11842);
#7175=SURFACE_STYLE_USAGE(.BOTH.,#11843);
#7176=FACE_OUTER_BOUND('',#11844,.T.);
#7177=PLANE('',#11845);
#7178=CURVE_STYLE('',#11846,POSITIVE_LENGTH_MEASURE(1.0E-006),#11847);
#7179=LINE('',#11848,#11849);
#7180=CURVE_STYLE('',#11850,POSITIVE_LENGTH_MEASURE(1.0E-006),#11851);
#7181=LINE('',#11852,#11853);
#7182=CURVE_STYLE('',#11854,POSITIVE_LENGTH_MEASURE(1.0E-006),#11855);
#7183=LINE('',#11856,#11857);
#7184=CURVE_STYLE('',#11858,POSITIVE_LENGTH_MEASURE(1.0E-006),#11859);
#7185=CIRCLE('',#11860,0.149999999999778);
#7186=CURVE_STYLE('',#11861,POSITIVE_LENGTH_MEASURE(1.0E-006),#11862);
#7187=LINE('',#11863,#11864);
#7188=CURVE_STYLE('',#11865,POSITIVE_LENGTH_MEASURE(1.0E-006),#11866);
#7189=LINE('',#11867,#11868);
#7190=POINT_STYLE(' ',#11869,POSITIVE_LENGTH_MEASURE(1.0E-006),#11870);
#7191=CARTESIAN_POINT('',(-5.89999999999984,7.99999999999996,-0.449999999999932));
#7192=CURVE_STYLE('',#11871,POSITIVE_LENGTH_MEASURE(1.0E-006),#11872);
#7193=LINE('',#11873,#11874);
#7194=CURVE_STYLE('',#11875,POSITIVE_LENGTH_MEASURE(1.0E-006),#11876);
#7195=LINE('',#11877,#11878);
#7196=POINT_STYLE(' ',#11879,POSITIVE_LENGTH_MEASURE(1.0E-006),#11880);
#7197=CARTESIAN_POINT('',(-10.285,0.599999999999994,-0.625000000000001));
#7198=SURFACE_STYLE_USAGE(.BOTH.,#11881);
#7199=FACE_OUTER_BOUND('',#11882,.T.);
#7200=PLANE('',#11883);
#7201=POINT_STYLE(' ',#11884,POSITIVE_LENGTH_MEASURE(1.0E-006),#11885);
#7202=CARTESIAN_POINT('',(8.56999999999966,-2.54999999999999,-0.166649999999999));
#7203=POINT_STYLE(' ',#11886,POSITIVE_LENGTH_MEASURE(1.0E-006),#11887);
#7204=CARTESIAN_POINT('',(7.34999999999989,7.65099999999999,0.45000000000016));
#7205=POINT_STYLE(' ',#11888,POSITIVE_LENGTH_MEASURE(1.0E-006),#11889);
#7206=CARTESIAN_POINT('',(-4.8099999999992,0.0,0.775000000000091));
#7207=SURFACE_STYLE_USAGE(.BOTH.,#11890);
#7208=FACE_OUTER_BOUND('',#11891,.T.);
#7209=CYLINDRICAL_SURFACE('',#11892,0.150000000000205);
#7210=CURVE_STYLE('',#11893,POSITIVE_LENGTH_MEASURE(1.0E-006),#11894);
#7211=LINE('',#11895,#11896);
#7212=CURVE_STYLE('',#11897,POSITIVE_LENGTH_MEASURE(1.0E-006),#11898);
#7213=LINE('',#11899,#11900);
#7214=SURFACE_STYLE_USAGE(.BOTH.,#11901);
#7215=FACE_BOUND('',#11902,.T.);
#7216=FACE_OUTER_BOUND('',#11903,.T.);
#7217=PLANE('',#11904);
#7218=SURFACE_STYLE_USAGE(.BOTH.,#11905);
#7219=FACE_OUTER_BOUND('',#11906,.T.);
#7220=PLANE('',#11907);
#7221=SURFACE_STYLE_USAGE(.BOTH.,#11908);
#7222=FACE_OUTER_BOUND('',#11909,.T.);
#7223=PLANE('',#11910);
#7224=CURVE_STYLE('',#11911,POSITIVE_LENGTH_MEASURE(1.0E-006),#11912);
#7225=LINE('',#11913,#11914);
#7226=SURFACE_STYLE_USAGE(.BOTH.,#11915);
#7227=FACE_OUTER_BOUND('',#11916,.T.);
#7228=PLANE('',#11917);
#7229=CURVE_STYLE('',#11918,POSITIVE_LENGTH_MEASURE(1.0E-006),#11919);
#7230=CIRCLE('',#11920,0.170335669584691);
#7231=CURVE_STYLE('',#11921,POSITIVE_LENGTH_MEASURE(1.0E-006),#11922);
#7232=LINE('',#11923,#11924);
#7233=CURVE_STYLE('',#11925,POSITIVE_LENGTH_MEASURE(1.0E-006),#11926);
#7234=LINE('',#11927,#11928);
#7235=CURVE_STYLE('',#11929,POSITIVE_LENGTH_MEASURE(1.0E-006),#11930);
#7236=LINE('',#11931,#11932);
#7237=POINT_STYLE(' ',#11933,POSITIVE_LENGTH_MEASURE(1.0E-006),#11934);
#7238=CARTESIAN_POINT('',(9.88999999999989,0.599999999999994,0.625000000000001));
#7239=CURVE_STYLE('',#11935,POSITIVE_LENGTH_MEASURE(1.0E-006),#11936);
#7240=LINE('',#11937,#11938);
#7241=CURVE_STYLE('',#11939,POSITIVE_LENGTH_MEASURE(1.0E-006),#11940);
#7242=LINE('',#11941,#11942);
#7243=SURFACE_STYLE_USAGE(.BOTH.,#11943);
#7244=FACE_OUTER_BOUND('',#11944,.T.);
#7245=PLANE('',#11945);
#7246=CURVE_STYLE('',#11946,POSITIVE_LENGTH_MEASURE(1.0E-006),#11947);
#7247=LINE('',#11948,#11949);
#7248=CURVE_STYLE('',#11950,POSITIVE_LENGTH_MEASURE(1.0E-006),#11951);
#7249=LINE('',#11952,#11953);
#7250=SURFACE_STYLE_USAGE(.BOTH.,#11954);
#7251=FACE_OUTER_BOUND('',#11955,.T.);
#7252=PLANE('',#11956);
#7253=SURFACE_STYLE_USAGE(.BOTH.,#11957);
#7254=FACE_OUTER_BOUND('',#11958,.T.);
#7255=PLANE('',#11959);
#7256=POINT_STYLE(' ',#11960,POSITIVE_LENGTH_MEASURE(1.0E-006),#11961);
#7257=CARTESIAN_POINT('',(-7.3499999999992,0.0,0.999999999999886));
#7258=CURVE_STYLE('',#11962,POSITIVE_LENGTH_MEASURE(1.0E-006),#11963);
#7259=LINE('',#11964,#11965);
#7260=CURVE_STYLE('',#11966,POSITIVE_LENGTH_MEASURE(1.0E-006),#11967);
#7261=LINE('',#11968,#11969);
#7262=POINT_STYLE(' ',#11970,POSITIVE_LENGTH_MEASURE(1.0E-006),#11971);
#7263=CARTESIAN_POINT('',(-4.01000000000034,-3.19999999999999,-0.16665));
#7264=CURVE_STYLE('',#11972,POSITIVE_LENGTH_MEASURE(1.0E-006),#11973);
#7265=CIRCLE('',#11974,0.149999999999778);
#7266=CURVE_STYLE('',#11975,POSITIVE_LENGTH_MEASURE(1.0E-006),#11976);
#7267=LINE('',#11977,#11978);
#7268=CURVE_STYLE('',#11979,POSITIVE_LENGTH_MEASURE(1.0E-006),#11980);
#7269=CIRCLE('',#11981,0.149999999999778);
#7270=POINT_STYLE(' ',#11982,POSITIVE_LENGTH_MEASURE(1.0E-006),#11983);
#7271=CARTESIAN_POINT('',(1.58999999999966,-2.54999999999999,0.16665));
#7272=POINT_STYLE(' ',#11984,POSITIVE_LENGTH_MEASURE(1.0E-006),#11985);
#7273=CARTESIAN_POINT('',(-1.71999999999993,7.99999999999996,0.450000000000159));
#7274=POINT_STYLE(' ',#11986,POSITIVE_LENGTH_MEASURE(1.0E-006),#11987);
#7275=CARTESIAN_POINT('',(3.32122065727702,0.753873053988883,0.16665));
#7276=POINT_STYLE(' ',#11988,POSITIVE_LENGTH_MEASURE(1.0E-006),#11989);
#7277=CARTESIAN_POINT('',(-5.35000000000011,0.753873053989039,-0.16665));
#7278=POINT_STYLE(' ',#11990,POSITIVE_LENGTH_MEASURE(1.0E-006),#11991);
#7279=CARTESIAN_POINT('',(-9.33999999999993,8.00099999999996,0.451000000000158));
#7280=POINT_STYLE(' ',#11992,POSITIVE_LENGTH_MEASURE(1.0E-006),#11993);
#7281=CARTESIAN_POINT('',(7.8900000000008,7.64999999999999,0.45000000000016));
#7282=POINT_STYLE(' ',#11994,POSITIVE_LENGTH_MEASURE(1.0E-006),#11995);
#7283=CARTESIAN_POINT('',(-9.09000000000034,-3.19999999999999,-0.166650000000001));
#7284=SURFACE_STYLE_USAGE(.BOTH.,#11996);
#7285=FACE_OUTER_BOUND('',#11997,.T.);
#7286=PLANE('',#11998);
#7287=CURVE_STYLE('',#11999,POSITIVE_LENGTH_MEASURE(1.0E-006),#12000);
#7288=LINE('',#12001,#12002);
#7289=CURVE_STYLE('',#12003,POSITIVE_LENGTH_MEASURE(1.0E-006),#12004);
#7290=LINE('',#12005,#12006);
#7291=POINT_STYLE(' ',#12007,POSITIVE_LENGTH_MEASURE(1.0E-006),#12008);
#7292=CARTESIAN_POINT('',(3.36000000000007,8.00099999999996,-0.450999999999931));
#7293=POINT_STYLE(' ',#12009,POSITIVE_LENGTH_MEASURE(1.0E-006),#12010);
#7294=CARTESIAN_POINT('',(-7.89000000000011,0.599999999999994,0.625));
#7295=POINT_STYLE(' ',#12011,POSITIVE_LENGTH_MEASURE(1.0E-006),#12012);
#7296=CARTESIAN_POINT('',(2.26999999999989,0.0,0.999999999999886));
#7297=POINT_STYLE(' ',#12013,POSITIVE_LENGTH_MEASURE(1.0E-006),#12014);
#7298=CARTESIAN_POINT('',(-7.3499999999992,7.64999999999999,-0.449999999999932));
#7299=POINT_STYLE(' ',#12015,POSITIVE_LENGTH_MEASURE(1.0E-006),#12016);
#7300=CARTESIAN_POINT('',(-3.49000000000034,0.58720638732241,-0.16665));
#7301=CURVE_STYLE('',#12017,POSITIVE_LENGTH_MEASURE(1.0E-006),#12018);
#7302=LINE('',#12019,#12020);
#7303=SURFACE_STYLE_USAGE(.BOTH.,#12021);
#7304=FACE_OUTER_BOUND('',#12022,.T.);
#7305=PLANE('',#12023);
#7306=CURVE_STYLE('',#12024,POSITIVE_LENGTH_MEASURE(1.0E-006),#12025);
#7307=LINE('',#12026,#12027);
#7308=SURFACE_STYLE_USAGE(.BOTH.,#12028);
#7309=FACE_OUTER_BOUND('',#12029,.T.);
#7310=PLANE('',#12030);
#7311=POINT_STYLE(' ',#12031,POSITIVE_LENGTH_MEASURE(1.0E-006),#12032);
#7312=CARTESIAN_POINT('',(-9.8899999999992,7.64999999999999,-0.449999999999932));
#7313=POINT_STYLE(' ',#12033,POSITIVE_LENGTH_MEASURE(1.0E-006),#12034);
#7314=CARTESIAN_POINT('',(-0.270000000000113,0.753873053989039,0.16665));
#7315=CURVE_STYLE('',#12035,POSITIVE_LENGTH_MEASURE(1.0E-006),#12036);
#7316=LINE('',#12037,#12038);
#7317=POINT_STYLE(' ',#12039,POSITIVE_LENGTH_MEASURE(1.0E-006),#12040);
#7318=CARTESIAN_POINT('',(4.80999999999989,0.0,0.775000000000091));
#7319=SURFACE_STYLE_USAGE(.BOTH.,#12041);
#7320=FACE_OUTER_BOUND('',#12042,.T.);
#7321=PLANE('',#12043);
#7322=CURVE_STYLE('',#12044,POSITIVE_LENGTH_MEASURE(1.0E-006),#12045);
#7323=LINE('',#12046,#12047);
#7324=CURVE_STYLE('',#12048,POSITIVE_LENGTH_MEASURE(1.0E-006),#12049);
#7325=LINE('',#12050,#12051);
#7326=CURVE_STYLE('',#12052,POSITIVE_LENGTH_MEASURE(1.0E-006),#12053);
#7327=LINE('',#12054,#12055);
#7328=POINT_STYLE(' ',#12056,POSITIVE_LENGTH_MEASURE(1.0E-006),#12057);
#7329=CARTESIAN_POINT('',(-9.59,7.64999999999999,0.450000000000159));
#7330=POINT_STYLE(' ',#12058,POSITIVE_LENGTH_MEASURE(1.0E-006),#12059);
#7331=CARTESIAN_POINT('',(-7.3499999999992,0.599999999999994,0.625));
#7332=POINT_STYLE(' ',#12060,POSITIVE_LENGTH_MEASURE(1.0E-006),#12061);
#7333=CARTESIAN_POINT('',(2.26999999999989,7.64999999999999,0.999999999999886));
#7334=POINT_STYLE(' ',#12062,POSITIVE_LENGTH_MEASURE(1.0E-006),#12063);
#7335=CARTESIAN_POINT('',(-0.781220657277022,0.753873053989039,-0.16665));
#7336=POINT_STYLE(' ',#12064,POSITIVE_LENGTH_MEASURE(1.0E-006),#12065);
#7337=CARTESIAN_POINT('',(-2.86099999999984,8.49999999999996,0.950000000000159));
#7338=POINT_STYLE(' ',#12066,POSITIVE_LENGTH_MEASURE(1.0E-006),#12067);
#7339=CARTESIAN_POINT('',(0.270000000000795,7.64999999999999,-1.00000000000011));
#7340=POINT_STYLE(' ',#12068,POSITIVE_LENGTH_MEASURE(1.0E-006),#12069);
#7341=CARTESIAN_POINT('',(-8.19,7.57,-0.7));
#7342=CURVE_STYLE('',#12070,POSITIVE_LENGTH_MEASURE(1.0E-006),#12071);
#7343=LINE('',#12072,#12073);
#7344=CURVE_STYLE('',#12074,POSITIVE_LENGTH_MEASURE(1.0E-006),#12075);
#7345=LINE('',#12076,#12077);
#7346=SURFACE_STYLE_USAGE(.BOTH.,#12078);
#7347=FACE_OUTER_BOUND('',#12079,.T.);
#7348=PLANE('',#12080);
#7349=POINT_STYLE(' ',#12081,POSITIVE_LENGTH_MEASURE(1.0E-006),#12082);
#7350=CARTESIAN_POINT('',(6.02999999999966,0.587206387322199,0.16665));
#7351=CURVE_STYLE('',#12083,POSITIVE_LENGTH_MEASURE(1.0E-006),#12084);
#7352=LINE('',#12085,#12086);
#7353=POINT_STYLE(' ',#12087,POSITIVE_LENGTH_MEASURE(1.0E-006),#12088);
#7354=CARTESIAN_POINT('',(-5.89999999999984,7.65099999999999,0.450000000000159));
#7355=CURVE_STYLE('',#12089,POSITIVE_LENGTH_MEASURE(1.0E-006),#12090);
#7356=LINE('',#12091,#12092);
#7357=CURVE_STYLE('',#12093,POSITIVE_LENGTH_MEASURE(1.0E-006),#12094);
#7358=LINE('',#12095,#12096);
#7359=POINT_STYLE(' ',#12097,POSITIVE_LENGTH_MEASURE(1.0E-006),#12098);
#7360=CARTESIAN_POINT('',(-1.75877934272298,0.753873053988883,0.16665));
#7361=POINT_STYLE(' ',#12099,POSITIVE_LENGTH_MEASURE(1.0E-006),#12100);
#7362=CARTESIAN_POINT('',(-7.3499999999992,7.64999999999999,0.450000000000159));
#7363=CURVE_STYLE('',#12101,POSITIVE_LENGTH_MEASURE(1.0E-006),#12102);
#7364=LINE('',#12103,#12104);
#7365=SURFACE_STYLE_USAGE(.BOTH.,#12105);
#7366=FACE_OUTER_BOUND('',#12106,.T.);
#7367=PLANE('',#12107);
#7368=POINT_STYLE(' ',#12108,POSITIVE_LENGTH_MEASURE(1.0E-006),#12109);
#7369=CARTESIAN_POINT('',(7.8900000000008,1.90282814901086,0.16665));
#7370=POINT_STYLE(' ',#12110,POSITIVE_LENGTH_MEASURE(1.0E-006),#12111);
#7371=CARTESIAN_POINT('',(3.48999999999966,-2.54999999999999,-0.16665));
#7372=POINT_STYLE(' ',#12112,POSITIVE_LENGTH_MEASURE(1.0E-006),#12113);
#7373=CARTESIAN_POINT('',(-6.03000000000034,0.58720638732241,0.16665));
#7374=CURVE_STYLE('',#12114,POSITIVE_LENGTH_MEASURE(1.0E-006),#12115);
#7375=LINE('',#12116,#12117);
#7376=SURFACE_STYLE_USAGE(.BOTH.,#12118);
#7377=FACE_OUTER_BOUND('',#12119,.T.);
#7378=PLANE('',#12120);
#7379=POINT_STYLE(' ',#12121,POSITIVE_LENGTH_MEASURE(1.0E-006),#12122);
#7380=CARTESIAN_POINT('',(9.34000000000016,8.00099999999996,-0.45099999999993));
#7381=SURFACE_STYLE_USAGE(.BOTH.,#12123);
#7382=FACE_OUTER_BOUND('',#12124,.T.);
#7383=PLANE('',#12125);
#7384=POINT_STYLE(' ',#12126,POSITIVE_LENGTH_MEASURE(1.0E-006),#12127);
#7385=CARTESIAN_POINT('',(-0.270000000000113,1.90282814901086,0.16665));
#7386=CURVE_STYLE('',#12128,POSITIVE_LENGTH_MEASURE(1.0E-006),#12129);
#7387=CIRCLE('',#12130,0.170335669584691);
#7388=CURVE_STYLE('',#12131,POSITIVE_LENGTH_MEASURE(1.0E-006),#12132);
#7389=LINE('',#12133,#12134);
#7390=SURFACE_STYLE_USAGE(.BOTH.,#12135);
#7391=FACE_OUTER_BOUND('',#12136,.T.);
#7392=PLANE('',#12137);
#7393=POINT_STYLE(' ',#12138,POSITIVE_LENGTH_MEASURE(1.0E-006),#12139);
#7394=CARTESIAN_POINT('',(5.3500000000008,7.64999999999999,-1.00000000000011));
#7395=CURVE_STYLE('',#12140,POSITIVE_LENGTH_MEASURE(1.0E-006),#12141);
#7396=LINE('',#12142,#12143);
#7397=CURVE_STYLE('',#12144,POSITIVE_LENGTH_MEASURE(1.0E-006),#12145);
#7398=LINE('',#12146,#12147);
#7399=CURVE_STYLE('',#12148,POSITIVE_LENGTH_MEASURE(1.0E-006),#12149);
#7400=LINE('',#12150,#12151);
#7401=CURVE_STYLE('',#12152,POSITIVE_LENGTH_MEASURE(1.0E-006),#12153);
#7402=LINE('',#12154,#12155);
#7403=POINT_STYLE(' ',#12156,POSITIVE_LENGTH_MEASURE(1.0E-006),#12157);
#7404=CARTESIAN_POINT('',(10.285,0.599999999999994,-0.624999999999999));
#7405=CURVE_STYLE('',#12158,POSITIVE_LENGTH_MEASURE(1.0E-006),#12159);
#7406=LINE('',#12160,#12161);
#7407=SURFACE_STYLE_USAGE(.BOTH.,#12162);
#7408=FACE_OUTER_BOUND('',#12163,.T.);
#7409=PLANE('',#12164);
#7410=CURVE_STYLE('',#12165,POSITIVE_LENGTH_MEASURE(1.0E-006),#12166);
#7411=LINE('',#12167,#12168);
#7412=CURVE_STYLE('',#12169,POSITIVE_LENGTH_MEASURE(1.0E-006),#12170);
#7413=LINE('',#12171,#12172);
#7414=SURFACE_STYLE_USAGE(.BOTH.,#12173);
#7415=FACE_OUTER_BOUND('',#12174,.T.);
#7416=PLANE('',#12175);
#7417=POINT_STYLE(' ',#12176,POSITIVE_LENGTH_MEASURE(1.0E-006),#12177);
#7418=CARTESIAN_POINT('',(-7.89000000000011,7.65099999999999,-0.449999999999932));
#7419=POINT_STYLE(' ',#12178,POSITIVE_LENGTH_MEASURE(1.0E-006),#12179);
#7420=CARTESIAN_POINT('',(0.949999999999658,-2.54999999999999,-0.16665));
#7421=POINT_STYLE(' ',#12180,POSITIVE_LENGTH_MEASURE(1.0E-006),#12181);
#7422=CARTESIAN_POINT('',(-4.13000000000034,-2.54999999999999,0.16665));
#7423=POINT_STYLE(' ',#12182,POSITIVE_LENGTH_MEASURE(1.0E-006),#12183);
#7424=CARTESIAN_POINT('',(7.34999999999989,1.90282814901086,0.166650000000001));
#7425=CURVE_STYLE('',#12184,POSITIVE_LENGTH_MEASURE(1.0E-006),#12185);
#7426=LINE('',#12186,#12187);
#7427=CURVE_STYLE('',#12188,POSITIVE_LENGTH_MEASURE(1.0E-006),#12189);
#7428=LINE('',#12190,#12191);
#7429=CURVE_STYLE('',#12192,POSITIVE_LENGTH_MEASURE(1.0E-006),#12193);
#7430=LINE('',#12194,#12195);
#7431=POINT_STYLE(' ',#12196,POSITIVE_LENGTH_MEASURE(1.0E-006),#12197);
#7432=CARTESIAN_POINT('',(-9.59,7.65099999999999,0.450000000000159));
#7433=POINT_STYLE(' ',#12198,POSITIVE_LENGTH_MEASURE(1.0E-006),#12199);
#7434=CARTESIAN_POINT('',(-0.95000000000034,0.58720638732241,0.16665));
#7435=POINT_STYLE(' ',#12200,POSITIVE_LENGTH_MEASURE(1.0E-006),#12201);
#7436=CARTESIAN_POINT('',(-9.8899999999992,0.0,-0.999999999999205));
#7437=CURVE_STYLE('',#12202,POSITIVE_LENGTH_MEASURE(1.0E-006),#12203);
#7438=LINE('',#12204,#12205);
#7439=POINT_STYLE(' ',#12206,POSITIVE_LENGTH_MEASURE(1.0E-006),#12207);
#7440=CARTESIAN_POINT('',(-2.2699999999992,0.150000000000006,0.625000000000114));
#7441=POINT_STYLE(' ',#12208,POSITIVE_LENGTH_MEASURE(1.0E-006),#12209);
#7442=CARTESIAN_POINT('',(2.81000000000079,7.64999999999999,-0.449999999999932));
#7443=SURFACE_STYLE_USAGE(.BOTH.,#12210);
#7444=FACE_OUTER_BOUND('',#12211,.T.);
#7445=CYLINDRICAL_SURFACE('',#12212,0.170335669584691);
#7446=SURFACE_STYLE_USAGE(.BOTH.,#12213);
#7447=FACE_OUTER_BOUND('',#12214,.T.);
#7448=CYLINDRICAL_SURFACE('',#12215,0.149999999999778);
#7449=CURVE_STYLE('',#12216,POSITIVE_LENGTH_MEASURE(1.0E-006),#12217);
#7450=LINE('',#12218,#12219);
#7451=SURFACE_STYLE_USAGE(.BOTH.,#12220);
#7452=FACE_OUTER_BOUND('',#12221,.T.);
#7453=PLANE('',#12222);
#7454=POINT_STYLE(' ',#12223,POSITIVE_LENGTH_MEASURE(1.0E-006),#12224);
#7455=CARTESIAN_POINT('',(0.820000000000068,7.65099999999999,0.450000000000159));
#7456=CURVE_STYLE('',#12225,POSITIVE_LENGTH_MEASURE(1.0E-006),#12226);
#7457=LINE('',#12227,#12228);
#7458=SURFACE_STYLE_USAGE(.BOTH.,#12229);
#7459=FACE_OUTER_BOUND('',#12230,.T.);
#7460=PLANE('',#12231);
#7461=POINT_STYLE(' ',#12232,POSITIVE_LENGTH_MEASURE(1.0E-006),#12233);
#7462=CARTESIAN_POINT('',(1.75877934272298,0.753873053989039,-0.16665));
#7463=POINT_STYLE(' ',#12234,POSITIVE_LENGTH_MEASURE(1.0E-006),#12235);
#7464=CARTESIAN_POINT('',(-2.81000000000011,0.599999999999994,0.625));
#7465=POINT_STYLE(' ',#12236,POSITIVE_LENGTH_MEASURE(1.0E-006),#12237);
#7466=CARTESIAN_POINT('',(4.12999999999966,0.58720638732241,-0.16665));
#7467=CURVE_STYLE('',#12238,POSITIVE_LENGTH_MEASURE(1.0E-006),#12239);
#7468=LINE('',#12240,#12241);
#7469=SURFACE_STYLE_USAGE(.BOTH.,#12242);
#7470=FACE_OUTER_BOUND('',#12243,.T.);
#7471=PLANE('',#12244);
#7472=CURVE_STYLE('',#12245,POSITIVE_LENGTH_MEASURE(1.0E-006),#12246);
#7473=LINE('',#12247,#12248);
#7474=POINT_STYLE(' ',#12249,POSITIVE_LENGTH_MEASURE(1.0E-006),#12250);
#7475=CARTESIAN_POINT('',(2.81000000000079,0.0,-0.775000000000091));
#7476=CURVE_STYLE('',#12251,POSITIVE_LENGTH_MEASURE(1.0E-006),#12252);
#7477=LINE('',#12253,#12254);
#7478=CURVE_STYLE('',#12255,POSITIVE_LENGTH_MEASURE(1.0E-006),#12256);
#7479=LINE('',#12257,#12258);
#7480=CURVE_STYLE('',#12259,POSITIVE_LENGTH_MEASURE(1.0E-006),#12260);
#7481=LINE('',#12261,#12262);
#7482=POINT_STYLE(' ',#12263,POSITIVE_LENGTH_MEASURE(1.0E-006),#12264);
#7483=CARTESIAN_POINT('',(-8.19,7.65099999999999,-0.449999999999932));
#7484=POINT_STYLE(' ',#12265,POSITIVE_LENGTH_MEASURE(1.0E-006),#12266);
#7485=CARTESIAN_POINT('',(5.3500000000008,0.0,-0.775000000000091));
#7486=SURFACE_STYLE_USAGE(.BOTH.,#12267);
#7487=FACE_OUTER_BOUND('',#12268,.T.);
#7488=PLANE('',#12269);
#7489=POINT_STYLE(' ',#12270,POSITIVE_LENGTH_MEASURE(1.0E-006),#12271);
#7490=CARTESIAN_POINT('',(-4.8099999999992,7.64999999999999,-0.449999999999932));
#7491=CURVE_STYLE('',#12272,POSITIVE_LENGTH_MEASURE(1.0E-006),#12273);
#7492=LINE('',#12274,#12275);
#7493=POINT_STYLE(' ',#12276,POSITIVE_LENGTH_MEASURE(1.0E-006),#12277);
#7494=CARTESIAN_POINT('',(0.269999999999886,7.65099999999999,0.450000000000159));
#7495=POINT_STYLE(' ',#12278,POSITIVE_LENGTH_MEASURE(1.0E-006),#12279);
#7496=CARTESIAN_POINT('',(-8.43999999999984,7.99999999999996,0.450000000000159));
#7497=POINT_STYLE(' ',#12280,POSITIVE_LENGTH_MEASURE(1.0E-006),#12281);
#7498=CARTESIAN_POINT('',(3.36000000000007,7.99999999999996,-0.449999999999932));
#7499=SURFACE_STYLE_USAGE(.BOTH.,#12282);
#7500=FACE_OUTER_BOUND('',#12283,.T.);
#7501=PLANE('',#12284);
#7502=SURFACE_STYLE_USAGE(.BOTH.,#12285);
#7503=FACE_OUTER_BOUND('',#12286,.T.);
#7504=PLANE('',#12287);
#7505=POINT_STYLE(' ',#12288,POSITIVE_LENGTH_MEASURE(1.0E-006),#12289);
#7506=CARTESIAN_POINT('',(-8.43999999999984,8.00099999999996,0.451000000000158));
#7507=CURVE_STYLE('',#12290,POSITIVE_LENGTH_MEASURE(1.0E-006),#12291);
#7508=LINE('',#12292,#12293);
#7509=SURFACE_STYLE_USAGE(.BOTH.,#12294);
#7510=FACE_OUTER_BOUND('',#12295,.T.);
#7511=PLANE('',#12296);
#7512=CURVE_STYLE('',#12297,POSITIVE_LENGTH_MEASURE(1.0E-006),#12298);
#7513=LINE('',#12299,#12300);
#7514=CURVE_STYLE('',#12301,POSITIVE_LENGTH_MEASURE(1.0E-006),#12302);
#7515=CIRCLE('',#12303,0.149999999999778);
#7516=CURVE_STYLE('',#12304,POSITIVE_LENGTH_MEASURE(1.0E-006),#12305);
#7517=CIRCLE('',#12306,0.149999999999778);
#7518=SURFACE_STYLE_USAGE(.BOTH.,#12307);
#7519=FACE_OUTER_BOUND('',#12308,.T.);
#7520=PLANE('',#12309);
#7521=SURFACE_STYLE_USAGE(.BOTH.,#12310);
#7522=FACE_OUTER_BOUND('',#12311,.T.);
#7523=CYLINDRICAL_SURFACE('',#12312,0.150000000000205);
#7524=CURVE_STYLE('',#12313,POSITIVE_LENGTH_MEASURE(1.0E-006),#12314);
#7525=CIRCLE('',#12315,0.170335669584691);
#7526=POINT_STYLE(' ',#12316,POSITIVE_LENGTH_MEASURE(1.0E-006),#12317);
#7527=CARTESIAN_POINT('',(-6.55000000000034,-3.19999999999999,-0.16665));
#7528=CURVE_STYLE('',#12318,POSITIVE_LENGTH_MEASURE(1.0E-006),#12319);
#7529=LINE('',#12320,#12321);
#7530=POINT_STYLE(' ',#12322,POSITIVE_LENGTH_MEASURE(1.0E-006),#12323);
#7531=CARTESIAN_POINT('',(-7.3499999999992,0.150000000000105,-0.625));
#7532=POINT_STYLE(' ',#12324,POSITIVE_LENGTH_MEASURE(1.0E-006),#12325);
#7533=CARTESIAN_POINT('',(-9.83899999999993,8.49999999999996,0.950000000000159));
#7534=CURVE_STYLE('',#12326,POSITIVE_LENGTH_MEASURE(1.0E-006),#12327);
#7535=LINE('',#12328,#12329);
#7536=CURVE_STYLE('',#12330,POSITIVE_LENGTH_MEASURE(1.0E-006),#12331);
#7537=LINE('',#12332,#12333);
#7538=CURVE_STYLE('',#12334,POSITIVE_LENGTH_MEASURE(1.0E-006),#12335);
#7539=LINE('',#12336,#12337);
#7540=CURVE_STYLE('',#12338,POSITIVE_LENGTH_MEASURE(1.0E-006),#12339);
#7541=LINE('',#12340,#12341);
#7542=CURVE_STYLE('',#12342,POSITIVE_LENGTH_MEASURE(1.0E-006),#12343);
#7543=LINE('',#12344,#12345);
#7544=SURFACE_STYLE_USAGE(.BOTH.,#12346);
#7545=FACE_OUTER_BOUND('',#12347,.T.);
#7546=PLANE('',#12348);
#7547=CURVE_STYLE('',#12349,POSITIVE_LENGTH_MEASURE(1.0E-006),#12350);
#7548=LINE('',#12351,#12352);
#7549=CURVE_STYLE('',#12353,POSITIVE_LENGTH_MEASURE(1.0E-006),#12354);
#7550=LINE('',#12355,#12356);
#7551=POINT_STYLE(' ',#12357,POSITIVE_LENGTH_MEASURE(1.0E-006),#12358);
#7552=CARTESIAN_POINT('',(8.68999999999966,-3.19999999999999,0.166650000000001));
#7553=POINT_STYLE(' ',#12359,POSITIVE_LENGTH_MEASURE(1.0E-006),#12360);
#7554=CARTESIAN_POINT('',(-9.59,7.64999999999999,-0.7));
#7555=CURVE_STYLE('',#12361,POSITIVE_LENGTH_MEASURE(1.0E-006),#12362);
#7556=LINE('',#12363,#12364);
#7557=POINT_STYLE(' ',#12365,POSITIVE_LENGTH_MEASURE(1.0E-006),#12366);
#7558=CARTESIAN_POINT('',(-10.285,8.49999999999997,-1.25));
#7559=POINT_STYLE(' ',#12367,POSITIVE_LENGTH_MEASURE(1.0E-006),#12368);
#7560=CARTESIAN_POINT('',(-7.89000000000011,7.64999999999999,-0.449999999999932));
#7561=POINT_STYLE(' ',#12369,POSITIVE_LENGTH_MEASURE(1.0E-006),#12370);
#7562=CARTESIAN_POINT('',(-10.285,0.0,0.77500000000009));
#7563=SURFACE_STYLE_USAGE(.BOTH.,#12371);
#7564=FACE_OUTER_BOUND('',#12372,.T.);
#7565=PLANE('',#12373);
#7566=CURVE_STYLE('',#12374,POSITIVE_LENGTH_MEASURE(1.0E-006),#12375);
#7567=LINE('',#12376,#12377);
#7568=CURVE_STYLE('',#12378,POSITIVE_LENGTH_MEASURE(1.0E-006),#12379);
#7569=LINE('',#12380,#12381);
#7570=SURFACE_STYLE_USAGE(.BOTH.,#12382);
#7571=FACE_OUTER_BOUND('',#12383,.T.);
#7572=PLANE('',#12384);
#7573=CURVE_STYLE('',#12385,POSITIVE_LENGTH_MEASURE(1.0E-006),#12386);
#7574=LINE('',#12387,#12388);
#7575=CURVE_STYLE('',#12389,POSITIVE_LENGTH_MEASURE(1.0E-006),#12390);
#7576=LINE('',#12391,#12392);
#7577=CURVE_STYLE('',#12393,POSITIVE_LENGTH_MEASURE(1.0E-006),#12394);
#7578=LINE('',#12395,#12396);
#7579=POINT_STYLE(' ',#12397,POSITIVE_LENGTH_MEASURE(1.0E-006),#12398);
#7580=CARTESIAN_POINT('',(-2.2699999999992,0.0,-0.775000000000091));
#7581=SURFACE_STYLE_USAGE(.BOTH.,#12399);
#7582=FACE_OUTER_BOUND('',#12400,.T.);
#7583=CYLINDRICAL_SURFACE('',#12401,0.170335669584691);
#7584=SURFACE_STYLE_USAGE(.BOTH.,#12402);
#7585=FACE_OUTER_BOUND('',#12403,.T.);
#7586=PLANE('',#12404);
#7587=CURVE_STYLE('',#12405,POSITIVE_LENGTH_MEASURE(1.0E-006),#12406);
#7588=LINE('',#12407,#12408);
#7589=POINT_STYLE(' ',#12409,POSITIVE_LENGTH_MEASURE(1.0E-006),#12410);
#7590=CARTESIAN_POINT('',(-7.3499999999992,7.64999999999999,0.999999999999886));
#7591=POINT_STYLE(' ',#12411,POSITIVE_LENGTH_MEASURE(1.0E-006),#12412);
#7592=CARTESIAN_POINT('',(4.80999999999989,0.150000000000006,0.625000000000114));
#7593=POINT_STYLE(' ',#12413,POSITIVE_LENGTH_MEASURE(1.0E-006),#12414);
#7594=CARTESIAN_POINT('',(7.8900000000008,0.150000000000006,0.625000000000114));
#7595=CURVE_STYLE('',#12415,POSITIVE_LENGTH_MEASURE(1.0E-006),#12416);
#7596=LINE('',#12417,#12418);
#7597=CURVE_STYLE('',#12419,POSITIVE_LENGTH_MEASURE(1.0E-006),#12420);
#7598=LINE('',#12421,#12422);
#7599=POINT_STYLE(' ',#12423,POSITIVE_LENGTH_MEASURE(1.0E-006),#12424);
#7600=CARTESIAN_POINT('',(-5.35000000000011,0.0,-0.999999999999205));
#7601=SURFACE_STYLE_USAGE(.BOTH.,#12425);
#7602=FACE_OUTER_BOUND('',#12426,.T.);
#7603=PLANE('',#12427);
#7604=CURVE_STYLE('',#12428,POSITIVE_LENGTH_MEASURE(1.0E-006),#12429);
#7605=LINE('',#12430,#12431);
#7606=CURVE_STYLE('',#12432,POSITIVE_LENGTH_MEASURE(1.0E-006),#12433);
#7607=CIRCLE('',#12434,0.170335669584691);
#7608=POINT_STYLE(' ',#12435,POSITIVE_LENGTH_MEASURE(1.0E-006),#12436);
#7609=CARTESIAN_POINT('',(-5.35000000000011,1.90282814901086,-0.16665));
#7610=SURFACE_STYLE_USAGE(.BOTH.,#12437);
#7611=FACE_OUTER_BOUND('',#12438,.T.);
#7612=PLANE('',#12439);
#7613=POINT_STYLE(' ',#12440,POSITIVE_LENGTH_MEASURE(1.0E-006),#12441);
#7614=CARTESIAN_POINT('',(2.80999999999989,7.65099999999999,-0.449999999999932));
#7615=CURVE_STYLE('',#12442,POSITIVE_LENGTH_MEASURE(1.0E-006),#12443);
#7616=LINE('',#12444,#12445);
#7617=CURVE_STYLE('',#12446,POSITIVE_LENGTH_MEASURE(1.0E-006),#12447);
#7618=LINE('',#12448,#12449);
#7619=CURVE_STYLE('',#12450,POSITIVE_LENGTH_MEASURE(1.0E-006),#12451);
#7620=LINE('',#12452,#12453);
#7621=POINT_STYLE(' ',#12454,POSITIVE_LENGTH_MEASURE(1.0E-006),#12455);
#7622=CARTESIAN_POINT('',(-2.81000000000011,7.65099999999999,-0.449999999999932));
#7623=CURVE_STYLE('',#12456,POSITIVE_LENGTH_MEASURE(1.0E-006),#12457);
#7624=LINE('',#12458,#12459);
#7625=POINT_STYLE(' ',#12460,POSITIVE_LENGTH_MEASURE(1.0E-006),#12461);
#7626=CARTESIAN_POINT('',(-5.89999999999984,7.65099999999999,-0.449999999999932));
#7627=CURVE_STYLE('',#12462,POSITIVE_LENGTH_MEASURE(1.0E-006),#12463);
#7628=LINE('',#12464,#12465);
#7629=POINT_STYLE(' ',#12466,POSITIVE_LENGTH_MEASURE(1.0E-006),#12467);
#7630=CARTESIAN_POINT('',(-2.2699999999992,0.753873053988997,-0.16665));
#7631=SURFACE_STYLE_USAGE(.BOTH.,#12468);
#7632=FACE_OUTER_BOUND('',#12469,.T.);
#7633=PLANE('',#12470);
#7634=CURVE_STYLE('',#12471,POSITIVE_LENGTH_MEASURE(1.0E-006),#12472);
#7635=LINE('',#12473,#12474);
#7636=SURFACE_STYLE_USAGE(.BOTH.,#12475);
#7637=FACE_OUTER_BOUND('',#12476,.T.);
#7638=PLANE('',#12477);
#7639=CURVE_STYLE('',#12478,POSITIVE_LENGTH_MEASURE(1.0E-006),#12479);
#7640=LINE('',#12480,#12481);
#7641=CURVE_STYLE('',#12482,POSITIVE_LENGTH_MEASURE(1.0E-006),#12483);
#7642=LINE('',#12484,#12485);
#7643=CURVE_STYLE('',#12486,POSITIVE_LENGTH_MEASURE(1.0E-006),#12487);
#7644=LINE('',#12488,#12489);
#7645=CURVE_STYLE('',#12490,POSITIVE_LENGTH_MEASURE(1.0E-006),#12491);
#7646=LINE('',#12492,#12493);
#7647=SURFACE_STYLE_USAGE(.BOTH.,#12494);
#7648=FACE_OUTER_BOUND('',#12495,.T.);
#7649=PLANE('',#12496);
#7650=CURVE_STYLE('',#12497,POSITIVE_LENGTH_MEASURE(1.0E-006),#12498);
#7651=LINE('',#12499,#12500);
#7652=POINT_STYLE(' ',#12501,POSITIVE_LENGTH_MEASURE(1.0E-006),#12502);
#7653=CARTESIAN_POINT('',(-2.81000000000011,0.753873053989039,-0.16665));
#7654=CURVE_STYLE('',#12503,POSITIVE_LENGTH_MEASURE(1.0E-006),#12504);
#7655=LINE('',#12505,#12506);
#7656=CURVE_STYLE('',#12507,POSITIVE_LENGTH_MEASURE(1.0E-006),#12508);
#7657=LINE('',#12509,#12510);
#7658=CURVE_STYLE('',#12511,POSITIVE_LENGTH_MEASURE(1.0E-006),#12512);
#7659=LINE('',#12513,#12514);
#7660=CURVE_STYLE('',#12515,POSITIVE_LENGTH_MEASURE(1.0E-006),#12516);
#7661=LINE('',#12517,#12518);
#7662=CURVE_STYLE('',#12519,POSITIVE_LENGTH_MEASURE(1.0E-006),#12520);
#7663=LINE('',#12521,#12522);
#7664=CURVE_STYLE('',#12523,POSITIVE_LENGTH_MEASURE(1.0E-006),#12524);
#7665=LINE('',#12525,#12526);
#7666=POINT_STYLE(' ',#12527,POSITIVE_LENGTH_MEASURE(1.0E-006),#12528);
#7667=CARTESIAN_POINT('',(7.34999999999989,7.64999999999999,-0.449999999999931));
#7668=CURVE_STYLE('',#12529,POSITIVE_LENGTH_MEASURE(1.0E-006),#12530);
#7669=LINE('',#12531,#12532);
#7670=CURVE_STYLE('',#12533,POSITIVE_LENGTH_MEASURE(1.0E-006),#12534);
#7671=LINE('',#12535,#12536);
#7672=CURVE_STYLE('',#12537,POSITIVE_LENGTH_MEASURE(1.0E-006),#12538);
#7673=LINE('',#12539,#12540);
#7674=CURVE_STYLE('',#12541,POSITIVE_LENGTH_MEASURE(1.0E-006),#12542);
#7675=LINE('',#12543,#12544);
#7676=CURVE_STYLE('',#12545,POSITIVE_LENGTH_MEASURE(1.0E-006),#12546);
#7677=LINE('',#12547,#12548);
#7678=CURVE_STYLE('',#12549,POSITIVE_LENGTH_MEASURE(1.0E-006),#12550);
#7679=LINE('',#12551,#12552);
#7680=POINT_STYLE(' ',#12553,POSITIVE_LENGTH_MEASURE(1.0E-006),#12554);
#7681=CARTESIAN_POINT('',(-8.43999999999984,7.68,0.450000000000159));
#7682=SURFACE_STYLE_USAGE(.BOTH.,#12555);
#7683=FACE_OUTER_BOUND('',#12556,.T.);
#7684=PLANE('',#12557);
#7685=POINT_STYLE(' ',#12558,POSITIVE_LENGTH_MEASURE(1.0E-006),#12559);
#7686=CARTESIAN_POINT('',(-2.81000000000011,7.64999999999999,0.999999999999886));
#7687=SURFACE_STYLE_USAGE(.BOTH.,#12560);
#7688=FACE_OUTER_BOUND('',#12561,.T.);
#7689=PLANE('',#12562);
#7690=POINT_STYLE(' ',#12563,POSITIVE_LENGTH_MEASURE(1.0E-006),#12564);
#7691=CARTESIAN_POINT('',(-3.32122065727702,0.753873053989039,-0.16665));
#7692=CURVE_STYLE('',#12565,POSITIVE_LENGTH_MEASURE(1.0E-006),#12566);
#7693=LINE('',#12567,#12568);
#7694=POINT_STYLE(' ',#12569,POSITIVE_LENGTH_MEASURE(1.0E-006),#12570);
#7695=CARTESIAN_POINT('',(9.88999999999989,0.0,-0.77500000000009));
#7696=POINT_STYLE(' ',#12571,POSITIVE_LENGTH_MEASURE(1.0E-006),#12572);
#7697=CARTESIAN_POINT('',(1.72000000000016,8.00099999999996,-0.450999999999931));
#7698=CURVE_STYLE('',#12573,POSITIVE_LENGTH_MEASURE(1.0E-006),#12574);
#7699=LINE('',#12575,#12576);
#7700=CURVE_STYLE('',#12577,POSITIVE_LENGTH_MEASURE(1.0E-006),#12578);
#7701=LINE('',#12579,#12580);
#7702=POINT_STYLE(' ',#12581,POSITIVE_LENGTH_MEASURE(1.0E-006),#12582);
#7703=CARTESIAN_POINT('',(-4.8099999999992,7.64999999999999,-1.00000000000011));
#7704=CURVE_STYLE('',#12583,POSITIVE_LENGTH_MEASURE(1.0E-006),#12584);
#7705=LINE('',#12585,#12586);
#7706=CURVE_STYLE('',#12587,POSITIVE_LENGTH_MEASURE(1.0E-006),#12588);
#7707=LINE('',#12589,#12590);
#7708=POINT_STYLE(' ',#12591,POSITIVE_LENGTH_MEASURE(1.0E-006),#12592);
#7709=CARTESIAN_POINT('',(-0.95000000000034,0.58720638732241,-0.16665));
#7710=SURFACE_STYLE_USAGE(.BOTH.,#12593);
#7711=FACE_OUTER_BOUND('',#12594,.T.);
#7712=PLANE('',#12595);
#7713=CURVE_STYLE('',#12596,POSITIVE_LENGTH_MEASURE(1.0E-006),#12597);
#7714=LINE('',#12598,#12599);
#7715=CURVE_STYLE('',#12600,POSITIVE_LENGTH_MEASURE(1.0E-006),#12601);
#7716=CIRCLE('',#12602,0.149999999999778);
#7717=CURVE_STYLE('',#12603,POSITIVE_LENGTH_MEASURE(1.0E-006),#12604);
#7718=LINE('',#12605,#12606);
#7719=POINT_STYLE(' ',#12607,POSITIVE_LENGTH_MEASURE(1.0E-006),#12608);
#7720=CARTESIAN_POINT('',(-5.86122065727702,0.753873053989039,-0.16665));
#7721=CURVE_STYLE('',#12609,POSITIVE_LENGTH_MEASURE(1.0E-006),#12610);
#7722=LINE('',#12611,#12612);
#7723=POINT_STYLE(' ',#12613,POSITIVE_LENGTH_MEASURE(1.0E-006),#12614);
#7724=CARTESIAN_POINT('',(4.80999999999989,7.64999999999999,0.999999999999887));
#7725=CURVE_STYLE('',#12615,POSITIVE_LENGTH_MEASURE(1.0E-006),#12616);
#7726=LINE('',#12617,#12618);
#7727=SURFACE_STYLE_USAGE(.BOTH.,#12619);
#7728=FACE_OUTER_BOUND('',#12620,.T.);
#7729=PLANE('',#12621);
#7730=SURFACE_STYLE_USAGE(.BOTH.,#12622);
#7731=FACE_OUTER_BOUND('',#12623,.T.);
#7732=PLANE('',#12624);
#7733=POINT_STYLE(' ',#12625,POSITIVE_LENGTH_MEASURE(1.0E-006),#12626);
#7734=CARTESIAN_POINT('',(9.20999999999966,-2.54999999999999,-0.166649999999999));
#7735=POINT_STYLE(' ',#12627,POSITIVE_LENGTH_MEASURE(1.0E-006),#12628);
#7736=CARTESIAN_POINT('',(5.3500000000008,0.150000000000006,0.625000000000114));
#7737=CURVE_STYLE('',#12629,POSITIVE_LENGTH_MEASURE(1.0E-006),#12630);
#7738=LINE('',#12631,#12632);
#7739=CURVE_STYLE('',#12633,POSITIVE_LENGTH_MEASURE(1.0E-006),#12634);
#7740=LINE('',#12635,#12636);
#7741=CURVE_STYLE('',#12637,POSITIVE_LENGTH_MEASURE(1.0E-006),#12638);
#7742=LINE('',#12639,#12640);
#7743=POINT_STYLE(' ',#12641,POSITIVE_LENGTH_MEASURE(1.0E-006),#12642);
#7744=CARTESIAN_POINT('',(9.34000000000016,8.00099999999996,0.451000000000159));
#7745=CURVE_STYLE('',#12643,POSITIVE_LENGTH_MEASURE(1.0E-006),#12644);
#7746=LINE('',#12645,#12646);
#7747=POINT_STYLE(' ',#12647,POSITIVE_LENGTH_MEASURE(1.0E-006),#12648);
#7748=CARTESIAN_POINT('',(5.3500000000008,7.64999999999999,-0.449999999999931));
#7749=POINT_STYLE(' ',#12649,POSITIVE_LENGTH_MEASURE(1.0E-006),#12650);
#7750=CARTESIAN_POINT('',(-4.8099999999992,0.753873053988997,-0.16665));
#7751=CURVE_STYLE('',#12651,POSITIVE_LENGTH_MEASURE(1.0E-006),#12652);
#7752=LINE('',#12653,#12654);
#7753=CURVE_STYLE('',#12655,POSITIVE_LENGTH_MEASURE(1.0E-006),#12656);
#7754=LINE('',#12657,#12658);
#7755=POINT_STYLE(' ',#12659,POSITIVE_LENGTH_MEASURE(1.0E-006),#12660);
#7756=CARTESIAN_POINT('',(-7.89000000000011,7.65099999999999,0.450000000000159));
#7757=CURVE_STYLE('',#12661,POSITIVE_LENGTH_MEASURE(1.0E-006),#12662);
#7758=CIRCLE('',#12663,0.149999999999778);
#7759=POINT_STYLE(' ',#12664,POSITIVE_LENGTH_MEASURE(1.0E-006),#12665);
#7760=CARTESIAN_POINT('',(5.90000000000007,8.00099999999996,-0.450999999999931));
#7761=CURVE_STYLE('',#12666,POSITIVE_LENGTH_MEASURE(1.0E-006),#12667);
#7762=LINE('',#12668,#12669);
#7763=SURFACE_STYLE_USAGE(.BOTH.,#12670);
#7764=FACE_OUTER_BOUND('',#12671,.T.);
#7765=CYLINDRICAL_SURFACE('',#12672,0.170335669583282);
#7766=CURVE_STYLE('',#12673,POSITIVE_LENGTH_MEASURE(1.0E-006),#12674);
#7767=LINE('',#12675,#12676);
#7768=CURVE_STYLE('',#12677,POSITIVE_LENGTH_MEASURE(1.0E-006),#12678);
#7769=LINE('',#12679,#12680);
#7770=CURVE_STYLE('',#12681,POSITIVE_LENGTH_MEASURE(1.0E-006),#12682);
#7771=LINE('',#12683,#12684);
#7772=POINT_STYLE(' ',#12685,POSITIVE_LENGTH_MEASURE(1.0E-006),#12686);
#7773=CARTESIAN_POINT('',(2.26999999999989,0.753873053989039,0.16665));
#7774=CURVE_STYLE('',#12687,POSITIVE_LENGTH_MEASURE(1.0E-006),#12688);
#7775=LINE('',#12689,#12690);
#7776=CURVE_STYLE('',#12691,POSITIVE_LENGTH_MEASURE(1.0E-006),#12692);
#7777=LINE('',#12693,#12694);
#7778=CURVE_STYLE('',#12695,POSITIVE_LENGTH_MEASURE(1.0E-006),#12696);
#7779=LINE('',#12697,#12698);
#7780=POINT_STYLE(' ',#12699,POSITIVE_LENGTH_MEASURE(1.0E-006),#12700);
#7781=CARTESIAN_POINT('',(-8.19,7.64999999999999,-0.449999999999932));
#7782=CURVE_STYLE('',#12701,POSITIVE_LENGTH_MEASURE(1.0E-006),#12702);
#7783=LINE('',#12703,#12704);
#7784=POINT_STYLE(' ',#12705,POSITIVE_LENGTH_MEASURE(1.0E-006),#12706);
#7785=CARTESIAN_POINT('',(-5.35000000000011,0.150000000000105,-0.625));
#7786=SURFACE_STYLE_USAGE(.BOTH.,#12707);
#7787=FACE_OUTER_BOUND('',#12708,.T.);
#7788=PLANE('',#12709);
#7789=POINT_STYLE(' ',#12710,POSITIVE_LENGTH_MEASURE(1.0E-006),#12711);
#7790=CARTESIAN_POINT('',(-9.8899999999992,7.64999999999999,-1.00000000000011));
#7791=POINT_STYLE(' ',#12712,POSITIVE_LENGTH_MEASURE(1.0E-006),#12713);
#7792=CARTESIAN_POINT('',(6.80000000000016,7.65099999999999,0.45000000000016));
#7793=CURVE_STYLE('',#12714,POSITIVE_LENGTH_MEASURE(1.0E-006),#12715);
#7794=LINE('',#12716,#12717);
#7795=CURVE_STYLE('',#12718,POSITIVE_LENGTH_MEASURE(1.0E-006),#12719);
#7796=LINE('',#12720,#12721);
#7797=SURFACE_STYLE_USAGE(.BOTH.,#12722);
#7798=FACE_OUTER_BOUND('',#12723,.T.);
#7799=PLANE('',#12724);
#7800=CURVE_STYLE('',#12725,POSITIVE_LENGTH_MEASURE(1.0E-006),#12726);
#7801=LINE('',#12727,#12728);
#7802=POINT_STYLE(' ',#12729,POSITIVE_LENGTH_MEASURE(1.0E-006),#12730);
#7803=CARTESIAN_POINT('',(-0.270000000000113,0.0,0.999999999999886));
#7804=POINT_STYLE(' ',#12731,POSITIVE_LENGTH_MEASURE(1.0E-006),#12732);
#7805=CARTESIAN_POINT('',(-2.2699999999992,7.64999999999999,0.999999999999886));
#7806=CURVE_STYLE('',#12733,POSITIVE_LENGTH_MEASURE(1.0E-006),#12734);
#7807=LINE('',#12735,#12736);
#7808=POINT_STYLE(' ',#12737,POSITIVE_LENGTH_MEASURE(1.0E-006),#12738);
#7809=CARTESIAN_POINT('',(3.48999999999966,0.587206387322199,0.16665));
#7810=SURFACE_STYLE_USAGE(.BOTH.,#12739);
#7811=FACE_OUTER_BOUND('',#12740,.T.);
#7812=PLANE('',#12741);
#7813=POINT_STYLE(' ',#12742,POSITIVE_LENGTH_MEASURE(1.0E-006),#12743);
#7814=CARTESIAN_POINT('',(-2.81000000000011,1.90282814901086,0.16665));
#7815=CURVE_STYLE('',#12744,POSITIVE_LENGTH_MEASURE(1.0E-006),#12745);
#7816=LINE('',#12746,#12747);
#7817=CURVE_STYLE('',#12748,POSITIVE_LENGTH_MEASURE(1.0E-006),#12749);
#7818=LINE('',#12750,#12751);
#7819=POINT_STYLE(' ',#12752,POSITIVE_LENGTH_MEASURE(1.0E-006),#12753);
#7820=CARTESIAN_POINT('',(9.88999999999989,7.65099999999999,-0.449999999999931));
#7821=SURFACE_STYLE_USAGE(.BOTH.,#12754);
#7822=FACE_OUTER_BOUND('',#12755,.T.);
#7823=CYLINDRICAL_SURFACE('',#12756,0.170335669583282);
#7824=SURFACE_STYLE_USAGE(.BOTH.,#12757);
#7825=FACE_OUTER_BOUND('',#12758,.T.);
#7826=PLANE('',#12759);
#7827=SURFACE_STYLE_USAGE(.BOTH.,#12760);
#7828=FACE_OUTER_BOUND('',#12761,.T.);
#7829=PLANE('',#12762);
#7830=CURVE_STYLE('',#12763,POSITIVE_LENGTH_MEASURE(1.0E-006),#12764);
#7831=LINE('',#12765,#12766);
#7832=CURVE_STYLE('',#12767,POSITIVE_LENGTH_MEASURE(1.0E-006),#12768);
#7833=LINE('',#12769,#12770);
#7834=POINT_STYLE(' ',#12771,POSITIVE_LENGTH_MEASURE(1.0E-006),#12772);
#7835=CARTESIAN_POINT('',(-10.285,0.0,-0.775000000000092));
#7836=POINT_STYLE(' ',#12773,POSITIVE_LENGTH_MEASURE(1.0E-006),#12774);
#7837=CARTESIAN_POINT('',(1.46999999999966,-3.19999999999999,-0.16665));
#7838=CURVE_STYLE('',#12775,POSITIVE_LENGTH_MEASURE(1.0E-006),#12776);
#7839=LINE('',#12777,#12778);
#7840=POINT_STYLE(' ',#12779,POSITIVE_LENGTH_MEASURE(1.0E-006),#12780);
#7841=CARTESIAN_POINT('',(7.34999999999989,0.150000000000006,0.625000000000114));
#7842=CURVE_STYLE('',#12781,POSITIVE_LENGTH_MEASURE(1.0E-006),#12782);
#7843=LINE('',#12783,#12784);
#7844=POINT_STYLE(' ',#12785,POSITIVE_LENGTH_MEASURE(1.0E-006),#12786);
#7845=CARTESIAN_POINT('',(5.3500000000008,0.0,0.999999999999887));
#7846=CURVE_STYLE('',#12787,POSITIVE_LENGTH_MEASURE(1.0E-006),#12788);
#7847=LINE('',#12789,#12790);
#7848=SURFACE_STYLE_USAGE(.BOTH.,#12791);
#7849=FACE_OUTER_BOUND('',#12792,.T.);
#7850=CYLINDRICAL_SURFACE('',#12793,0.150000000000205);
#7851=CURVE_STYLE('',#12794,POSITIVE_LENGTH_MEASURE(1.0E-006),#12795);
#7852=LINE('',#12796,#12797);
#7853=CURVE_STYLE('',#12798,POSITIVE_LENGTH_MEASURE(1.0E-006),#12799);
#7854=LINE('',#12800,#12801);
#7855=CURVE_STYLE('',#12802,POSITIVE_LENGTH_MEASURE(1.0E-006),#12803);
#7856=LINE('',#12804,#12805);
#7857=SURFACE_STYLE_USAGE(.BOTH.,#12806);
#7858=FACE_OUTER_BOUND('',#12807,.T.);
#7859=PLANE('',#12808);
#7860=CURVE_STYLE('',#12809,POSITIVE_LENGTH_MEASURE(1.0E-006),#12810);
#7861=LINE('',#12811,#12812);
#7862=SURFACE_STYLE_USAGE(.BOTH.,#12813);
#7863=FACE_OUTER_BOUND('',#12814,.T.);
#7864=PLANE('',#12815);
#7865=POINT_STYLE(' ',#12816,POSITIVE_LENGTH_MEASURE(1.0E-006),#12817);
#7866=CARTESIAN_POINT('',(-6.83877934272298,0.753873053988883,-0.16665));
#7867=CURVE_STYLE('',#12818,POSITIVE_LENGTH_MEASURE(1.0E-006),#12819);
#7868=LINE('',#12820,#12821);
#7869=CURVE_STYLE('',#12822,POSITIVE_LENGTH_MEASURE(1.0E-006),#12823);
#7870=LINE('',#12824,#12825);
#7871=SURFACE_STYLE_USAGE(.BOTH.,#12826);
#7872=FACE_OUTER_BOUND('',#12827,.T.);
#7873=PLANE('',#12828);
#7874=CURVE_STYLE('',#12829,POSITIVE_LENGTH_MEASURE(1.0E-006),#12830);
#7875=LINE('',#12831,#12832);
#7876=CURVE_STYLE('',#12833,POSITIVE_LENGTH_MEASURE(1.0E-006),#12834);
#7877=LINE('',#12835,#12836);
#7878=CURVE_STYLE('',#12837,POSITIVE_LENGTH_MEASURE(1.0E-006),#12838);
#7879=LINE('',#12839,#12840);
#7880=SURFACE_STYLE_USAGE(.BOTH.,#12841);
#7881=FACE_OUTER_BOUND('',#12842,.T.);
#7882=PLANE('',#12843);
#7883=SURFACE_STYLE_USAGE(.BOTH.,#12844);
#7884=FACE_OUTER_BOUND('',#12845,.T.);
#7885=PLANE('',#12846);
#7886=CURVE_STYLE('',#12847,POSITIVE_LENGTH_MEASURE(1.0E-006),#12848);
#7887=LINE('',#12849,#12850);
#7888=CURVE_STYLE('',#12851,POSITIVE_LENGTH_MEASURE(1.0E-006),#12852);
#7889=LINE('',#12853,#12854);
#7890=CURVE_STYLE('',#12855,POSITIVE_LENGTH_MEASURE(1.0E-006),#12856);
#7891=LINE('',#12857,#12858);
#7892=SURFACE_STYLE_USAGE(.BOTH.,#12859);
#7893=FACE_BOUND('',#12860,.T.);
#7894=FACE_OUTER_BOUND('',#12861,.T.);
#7895=PLANE('',#12862);
#7896=CURVE_STYLE('',#12863,POSITIVE_LENGTH_MEASURE(1.0E-006),#12864);
#7897=CIRCLE('',#12865,0.170335669583282);
#7898=CURVE_STYLE('',#12866,POSITIVE_LENGTH_MEASURE(1.0E-006),#12867);
#7899=CIRCLE('',#12868,0.150000000000205);
#7900=CURVE_STYLE('',#12869,POSITIVE_LENGTH_MEASURE(1.0E-006),#12870);
#7901=LINE('',#12871,#12872);
#7902=CURVE_STYLE('',#12873,POSITIVE_LENGTH_MEASURE(1.0E-006),#12874);
#7903=LINE('',#12875,#12876);
#7904=POINT_STYLE(' ',#12877,POSITIVE_LENGTH_MEASURE(1.0E-006),#12878);
#7905=CARTESIAN_POINT('',(-5.35000000000011,7.65099999999999,-0.449999999999932));
#7906=POINT_STYLE(' ',#12879,POSITIVE_LENGTH_MEASURE(1.0E-006),#12880);
#7907=CARTESIAN_POINT('',(-6.15000000000034,-3.19999999999999,0.16665));
#7908=CURVE_STYLE('',#12881,POSITIVE_LENGTH_MEASURE(1.0E-006),#12882);
#7909=LINE('',#12883,#12884);
#7910=SURFACE_STYLE_USAGE(.BOTH.,#12885);
#7911=FACE_OUTER_BOUND('',#12886,.T.);
#7912=PLANE('',#12887);
#7913=CURVE_STYLE('',#12888,POSITIVE_LENGTH_MEASURE(1.0E-006),#12889);
#7914=LINE('',#12890,#12891);
#7915=POINT_STYLE(' ',#12892,POSITIVE_LENGTH_MEASURE(1.0E-006),#12893);
#7916=CARTESIAN_POINT('',(7.8900000000008,7.64999999999999,0.999999999999887));
#7917=CURVE_STYLE('',#12894,POSITIVE_LENGTH_MEASURE(1.0E-006),#12895);
#7918=LINE('',#12896,#12897);
#7919=CURVE_STYLE('',#12898,POSITIVE_LENGTH_MEASURE(1.0E-006),#12899);
#7920=LINE('',#12900,#12901);
#7921=CURVE_STYLE('',#12902,POSITIVE_LENGTH_MEASURE(1.0E-006),#12903);
#7922=LINE('',#12904,#12905);
#7923=CURVE_STYLE('',#12906,POSITIVE_LENGTH_MEASURE(1.0E-006),#12907);
#7924=CIRCLE('',#12908,0.149999999999778);
#7925=CURVE_STYLE('',#12909,POSITIVE_LENGTH_MEASURE(1.0E-006),#12910);
#7926=LINE('',#12911,#12912);
#7927=POINT_STYLE(' ',#12913,POSITIVE_LENGTH_MEASURE(1.0E-006),#12914);
#7928=CARTESIAN_POINT('',(9.88999999999989,0.753873053989039,-0.166649999999999));
#7929=CURVE_STYLE('',#12915,POSITIVE_LENGTH_MEASURE(1.0E-006),#12916);
#7930=LINE('',#12917,#12918);
#7931=POINT_STYLE(' ',#12919,POSITIVE_LENGTH_MEASURE(1.0E-006),#12920);
#7932=CARTESIAN_POINT('',(10.285,8.49999999999997,-1.25));
#7933=CURVE_STYLE('',#12921,POSITIVE_LENGTH_MEASURE(1.0E-006),#12922);
#7934=LINE('',#12923,#12924);
#7935=POINT_STYLE(' ',#12925,POSITIVE_LENGTH_MEASURE(1.0E-006),#12926);
#7936=CARTESIAN_POINT('',(2.81000000000079,0.0,0.775000000000091));
#7937=CURVE_STYLE('',#12927,POSITIVE_LENGTH_MEASURE(1.0E-006),#12928);
#7938=LINE('',#12929,#12930);
#7939=CURVE_STYLE('',#12931,POSITIVE_LENGTH_MEASURE(1.0E-006),#12932);
#7940=LINE('',#12933,#12934);
#7941=POINT_STYLE(' ',#12935,POSITIVE_LENGTH_MEASURE(1.0E-006),#12936);
#7942=CARTESIAN_POINT('',(-8.57,7.68,-0.32));
#7943=SURFACE_STYLE_USAGE(.BOTH.,#12937);
#7944=FACE_BOUND('',#12938,.T.);
#7945=FACE_OUTER_BOUND('',#12939,.T.);
#7946=PLANE('',#12940);
#7947=POINT_STYLE(' ',#12941,POSITIVE_LENGTH_MEASURE(1.0E-006),#12942);
#7948=CARTESIAN_POINT('',(-0.270000000000113,0.150000000000105,-0.625));
#7949=POINT_STYLE(' ',#12943,POSITIVE_LENGTH_MEASURE(1.0E-006),#12944);
#7950=CARTESIAN_POINT('',(-1.71999999999993,8.00099999999996,0.451000000000159));
#7951=POINT_STYLE(' ',#12945,POSITIVE_LENGTH_MEASURE(1.0E-006),#12946);
#7952=CARTESIAN_POINT('',(-4.8099999999992,0.599999999999994,0.625));
#7953=POINT_STYLE(' ',#12947,POSITIVE_LENGTH_MEASURE(1.0E-006),#12948);
#7954=CARTESIAN_POINT('',(9.88999999999989,1.90282814901086,-0.166649999999999));
#7955=CURVE_STYLE('',#12949,POSITIVE_LENGTH_MEASURE(1.0E-006),#12950);
#7956=LINE('',#12951,#12952);
#7957=SURFACE_STYLE_USAGE(.BOTH.,#12953);
#7958=FACE_OUTER_BOUND('',#12954,.T.);
#7959=CYLINDRICAL_SURFACE('',#12955,0.149999999999778);
#7960=CURVE_STYLE('',#12956,POSITIVE_LENGTH_MEASURE(1.0E-006),#12957);
#7961=LINE('',#12958,#12959);
#7962=CURVE_STYLE('',#12960,POSITIVE_LENGTH_MEASURE(1.0E-006),#12961);
#7963=LINE('',#12962,#12963);
#7964=POINT_STYLE(' ',#12964,POSITIVE_LENGTH_MEASURE(1.0E-006),#12965);
#7965=CARTESIAN_POINT('',(8.44000000000007,8.00099999999996,0.451000000000159));
#7966=POINT_STYLE(' ',#12966,POSITIVE_LENGTH_MEASURE(1.0E-006),#12967);
#7967=CARTESIAN_POINT('',(2.81000000000079,1.90282814901086,0.16665));
#7968=CURVE_STYLE('',#12968,POSITIVE_LENGTH_MEASURE(1.0E-006),#12969);
#7969=CIRCLE('',#12970,0.150000000000205);
#7970=SURFACE_STYLE_USAGE(.BOTH.,#12971);
#7971=FACE_OUTER_BOUND('',#12972,.T.);
#7972=PLANE('',#12973);
#7973=POINT_STYLE(' ',#12974,POSITIVE_LENGTH_MEASURE(1.0E-006),#12975);
#7974=CARTESIAN_POINT('',(-2.27000000000011,7.65099999999999,-0.449999999999932));
#7975=CURVE_STYLE('',#12976,POSITIVE_LENGTH_MEASURE(1.0E-006),#12977);
#7976=LINE('',#12978,#12979);
#7977=CURVE_STYLE('',#12980,POSITIVE_LENGTH_MEASURE(1.0E-006),#12981);
#7978=LINE('',#12982,#12983);
#7979=SURFACE_STYLE_USAGE(.BOTH.,#12984);
#7980=FACE_OUTER_BOUND('',#12985,.T.);
#7981=PLANE('',#12986);
#7982=CURVE_STYLE('',#12987,POSITIVE_LENGTH_MEASURE(1.0E-006),#12988);
#7983=LINE('',#12989,#12990);
#7984=CURVE_STYLE('',#12991,POSITIVE_LENGTH_MEASURE(1.0E-006),#12992);
#7985=CIRCLE('',#12993,0.170335669583282);
#7986=CURVE_STYLE('',#12994,POSITIVE_LENGTH_MEASURE(1.0E-006),#12995);
#7987=LINE('',#12996,#12997);
#7988=SURFACE_STYLE_USAGE(.BOTH.,#12998);
#7989=FACE_OUTER_BOUND('',#12999,.T.);
#7990=PLANE('',#13000);
#7991=CURVE_STYLE('',#13001,POSITIVE_LENGTH_MEASURE(1.0E-006),#13002);
#7992=LINE('',#13003,#13004);
#7993=POINT_STYLE(' ',#13005,POSITIVE_LENGTH_MEASURE(1.0E-006),#13006);
#7994=CARTESIAN_POINT('',(-7.29899999999993,8.49999999999996,0.950000000000159));
#7995=POINT_STYLE(' ',#13007,POSITIVE_LENGTH_MEASURE(1.0E-006),#13008);
#7996=CARTESIAN_POINT('',(-1.75877934272298,0.753873053988883,-0.16665));
#7997=CURVE_STYLE('',#13009,POSITIVE_LENGTH_MEASURE(1.0E-006),#13010);
#7998=LINE('',#13011,#13012);
#7999=SURFACE_STYLE_USAGE(.BOTH.,#13013);
#8000=FACE_OUTER_BOUND('',#13014,.T.);
#8001=PLANE('',#13015);
#8002=CURVE_STYLE('',#13016,POSITIVE_LENGTH_MEASURE(1.0E-006),#13017);
#8003=LINE('',#13018,#13019);
#8004=CURVE_STYLE('',#13020,POSITIVE_LENGTH_MEASURE(1.0E-006),#13021);
#8005=LINE('',#13022,#13023);
#8006=SURFACE_STYLE_USAGE(.BOTH.,#13024);
#8007=FACE_OUTER_BOUND('',#13025,.T.);
#8008=PLANE('',#13026);
#8009=SURFACE_STYLE_USAGE(.BOTH.,#13027);
#8010=FACE_OUTER_BOUND('',#13028,.T.);
#8011=PLANE('',#13029);
#8012=CURVE_STYLE('',#13030,POSITIVE_LENGTH_MEASURE(1.0E-006),#13031);
#8013=LINE('',#13032,#13033);
#8014=CURVE_STYLE('',#13034,POSITIVE_LENGTH_MEASURE(1.0E-006),#13035);
#8015=LINE('',#13036,#13037);
#8016=CURVE_STYLE('',#13038,POSITIVE_LENGTH_MEASURE(1.0E-006),#13039);
#8017=LINE('',#13040,#13041);
#8018=POINT_STYLE(' ',#13042,POSITIVE_LENGTH_MEASURE(1.0E-006),#13043);
#8019=CARTESIAN_POINT('',(4.80999999999989,0.0,-0.775000000000091));
#8020=CURVE_STYLE('',#13044,POSITIVE_LENGTH_MEASURE(1.0E-006),#13045);
#8021=LINE('',#13046,#13047);
#8022=CURVE_STYLE('',#13048,POSITIVE_LENGTH_MEASURE(1.0E-006),#13049);
#8023=LINE('',#13050,#13051);
#8024=CURVE_STYLE('',#13052,POSITIVE_LENGTH_MEASURE(1.0E-006),#13053);
#8025=LINE('',#13054,#13055);
#8026=CURVE_STYLE('',#13056,POSITIVE_LENGTH_MEASURE(1.0E-006),#13057);
#8027=LINE('',#13058,#13059);
#8028=SURFACE_STYLE_USAGE(.BOTH.,#13060);
#8029=FACE_OUTER_BOUND('',#13061,.T.);
#8030=PLANE('',#13062);
#8031=POINT_STYLE(' ',#13063,POSITIVE_LENGTH_MEASURE(1.0E-006),#13064);
#8032=CARTESIAN_POINT('',(4.12999999999966,-2.54999999999999,0.16665));
#8033=CURVE_STYLE('',#13065,POSITIVE_LENGTH_MEASURE(1.0E-006),#13066);
#8034=LINE('',#13067,#13068);
#8035=POINT_STYLE(' ',#13069,POSITIVE_LENGTH_MEASURE(1.0E-006),#13070);
#8036=CARTESIAN_POINT('',(4.29877934272298,0.753873053989039,-0.16665));
#8037=CURVE_STYLE('',#13071,POSITIVE_LENGTH_MEASURE(1.0E-006),#13072);
#8038=LINE('',#13073,#13074);
#8039=POINT_STYLE(' ',#13075,POSITIVE_LENGTH_MEASURE(1.0E-006),#13076);
#8040=CARTESIAN_POINT('',(-7.89000000000011,7.64999999999999,0.999999999999886));
#8041=CURVE_STYLE('',#13077,POSITIVE_LENGTH_MEASURE(1.0E-006),#13078);
#8042=LINE('',#13079,#13080);
#8043=CURVE_STYLE('',#13081,POSITIVE_LENGTH_MEASURE(1.0E-006),#13082);
#8044=LINE('',#13083,#13084);
#8045=CURVE_STYLE('',#13085,POSITIVE_LENGTH_MEASURE(1.0E-006),#13086);
#8046=LINE('',#13087,#13088);
#8047=POINT_STYLE(' ',#13089,POSITIVE_LENGTH_MEASURE(1.0E-006),#13090);
#8048=CARTESIAN_POINT('',(-5.89999999999984,8.00099999999996,-0.450999999999931));
#8049=CURVE_STYLE('',#13091,POSITIVE_LENGTH_MEASURE(1.0E-006),#13092);
#8050=LINE('',#13093,#13094);
#8051=POINT_STYLE(' ',#13095,POSITIVE_LENGTH_MEASURE(1.0E-006),#13096);
#8052=CARTESIAN_POINT('',(-0.270000000000113,7.65099999999999,-0.449999999999932));
#8053=CURVE_STYLE('',#13097,POSITIVE_LENGTH_MEASURE(1.0E-006),#13098);
#8054=LINE('',#13099,#13100);
#8055=POINT_STYLE(' ',#13101,POSITIVE_LENGTH_MEASURE(1.0E-006),#13102);
#8056=CARTESIAN_POINT('',(2.21900000000016,8.49999999999996,0.950000000000159));
#8057=CURVE_STYLE('',#13103,POSITIVE_LENGTH_MEASURE(1.0E-006),#13104);
#8058=LINE('',#13105,#13106);
#8059=SURFACE_STYLE_USAGE(.BOTH.,#13107);
#8060=FACE_OUTER_BOUND('',#13108,.T.);
#8061=PLANE('',#13109);
#8062=CURVE_STYLE('',#13110,POSITIVE_LENGTH_MEASURE(1.0E-006),#13111);
#8063=LINE('',#13112,#13113);
#8064=CURVE_STYLE('',#13114,POSITIVE_LENGTH_MEASURE(1.0E-006),#13115);
#8065=LINE('',#13116,#13117);
#8066=CURVE_STYLE('',#13118,POSITIVE_LENGTH_MEASURE(1.0E-006),#13119);
#8067=LINE('',#13120,#13121);
#8068=CURVE_STYLE('',#13122,POSITIVE_LENGTH_MEASURE(1.0E-006),#13123);
#8069=LINE('',#13124,#13125);
#8070=CURVE_STYLE('',#13126,POSITIVE_LENGTH_MEASURE(1.0E-006),#13127);
#8071=LINE('',#13128,#13129);
#8072=SURFACE_STYLE_USAGE(.BOTH.,#13130);
#8073=FACE_OUTER_BOUND('',#13131,.T.);
#8074=CYLINDRICAL_SURFACE('',#13132,0.150000000000205);
#8075=POINT_STYLE(' ',#13133,POSITIVE_LENGTH_MEASURE(1.0E-006),#13134);
#8076=CARTESIAN_POINT('',(4.80999999999989,0.753873053989039,0.16665));
#8077=CURVE_STYLE('',#13135,POSITIVE_LENGTH_MEASURE(1.0E-006),#13136);
#8078=CIRCLE('',#13137,0.170335669583282);
#8079=SURFACE_STYLE_USAGE(.BOTH.,#13138);
#8080=FACE_OUTER_BOUND('',#13139,.T.);
#8081=PLANE('',#13140);
#8082=SURFACE_STYLE_USAGE(.BOTH.,#13141);
#8083=FACE_OUTER_BOUND('',#13142,.T.);
#8084=PLANE('',#13143);
#8085=POINT_STYLE(' ',#13144,POSITIVE_LENGTH_MEASURE(1.0E-006),#13145);
#8086=CARTESIAN_POINT('',(-8.57,7.57,0.32));
#8087=CURVE_STYLE('',#13146,POSITIVE_LENGTH_MEASURE(1.0E-006),#13147);
#8088=LINE('',#13148,#13149);
#8089=SURFACE_STYLE_USAGE(.BOTH.,#13150);
#8090=FACE_OUTER_BOUND('',#13151,.T.);
#8091=PLANE('',#13152);
#8092=POINT_STYLE(' ',#13153,POSITIVE_LENGTH_MEASURE(1.0E-006),#13154);
#8093=CARTESIAN_POINT('',(2.26999999999989,0.150000000000105,-0.625));
#8094=CURVE_STYLE('',#13155,POSITIVE_LENGTH_MEASURE(1.0E-006),#13156);
#8095=CIRCLE('',#13157,0.170335669584691);
#8096=POINT_STYLE(' ',#13158,POSITIVE_LENGTH_MEASURE(1.0E-006),#13159);
#8097=CARTESIAN_POINT('',(0.270000000000795,0.150000000000105,-0.625));
#8098=CURVE_STYLE('',#13160,POSITIVE_LENGTH_MEASURE(1.0E-006),#13161);
#8099=LINE('',#13162,#13163);
#8100=CURVE_STYLE('',#13164,POSITIVE_LENGTH_MEASURE(1.0E-006),#13165);
#8101=LINE('',#13166,#13167);
#8102=SURFACE_STYLE_USAGE(.BOTH.,#13168);
#8103=FACE_OUTER_BOUND('',#13169,.T.);
#8104=PLANE('',#13170);
#8105=SURFACE_STYLE_USAGE(.BOTH.,#13171);
#8106=FACE_OUTER_BOUND('',#13172,.T.);
#8107=PLANE('',#13173);
#8108=CURVE_STYLE('',#13174,POSITIVE_LENGTH_MEASURE(1.0E-006),#13175);
#8109=LINE('',#13176,#13177);
#8110=CURVE_STYLE('',#13178,POSITIVE_LENGTH_MEASURE(1.0E-006),#13179);
#8111=LINE('',#13180,#13181);
#8112=CURVE_STYLE('',#13182,POSITIVE_LENGTH_MEASURE(1.0E-006),#13183);
#8113=LINE('',#13184,#13185);
#8114=POINT_STYLE(' ',#13186,POSITIVE_LENGTH_MEASURE(1.0E-006),#13187);
#8115=CARTESIAN_POINT('',(-1.59000000000034,0.587206387322199,0.16665));
#8116=CURVE_STYLE('',#13188,POSITIVE_LENGTH_MEASURE(1.0E-006),#13189);
#8117=LINE('',#13190,#13191);
#8118=CURVE_STYLE('',#13192,POSITIVE_LENGTH_MEASURE(1.0E-006),#13193);
#8119=LINE('',#13194,#13195);
#8120=POINT_STYLE(' ',#13196,POSITIVE_LENGTH_MEASURE(1.0E-006),#13197);
#8121=CARTESIAN_POINT('',(5.90000000000007,8.00099999999996,0.451000000000159));
#8122=CURVE_STYLE('',#13198,POSITIVE_LENGTH_MEASURE(1.0E-006),#13199);
#8123=LINE('',#13200,#13201);
#8124=SURFACE_STYLE_USAGE(.BOTH.,#13202);
#8125=FACE_OUTER_BOUND('',#13203,.T.);
#8126=PLANE('',#13204);
#8127=CURVE_STYLE('',#13205,POSITIVE_LENGTH_MEASURE(1.0E-006),#13206);
#8128=LINE('',#13207,#13208);
#8129=POINT_STYLE(' ',#13209,POSITIVE_LENGTH_MEASURE(1.0E-006),#13210);
#8130=CARTESIAN_POINT('',(-7.89000000000011,0.0,0.775000000000091));
#8131=CURVE_STYLE('',#13211,POSITIVE_LENGTH_MEASURE(1.0E-006),#13212);
#8132=LINE('',#13213,#13214);
#8133=POINT_STYLE(' ',#13215,POSITIVE_LENGTH_MEASURE(1.0E-006),#13216);
#8134=CARTESIAN_POINT('',(-3.35999999999984,7.65099999999999,-0.449999999999932));
#8135=CURVE_STYLE('',#13217,POSITIVE_LENGTH_MEASURE(1.0E-006),#13218);
#8136=LINE('',#13219,#13220);
#8137=CURVE_STYLE('',#13221,POSITIVE_LENGTH_MEASURE(1.0E-006),#13222);
#8138=LINE('',#13223,#13224);
#8139=SURFACE_STYLE_USAGE(.BOTH.,#13225);
#8140=FACE_OUTER_BOUND('',#13226,.T.);
#8141=PLANE('',#13227);
#8142=POINT_STYLE(' ',#13228,POSITIVE_LENGTH_MEASURE(1.0E-006),#13229);
#8143=CARTESIAN_POINT('',(-0.270000000000113,7.64999999999999,-1.00000000000011));
#8144=POINT_STYLE(' ',#13230,POSITIVE_LENGTH_MEASURE(1.0E-006),#13231);
#8145=CARTESIAN_POINT('',(-3.49000000000034,-2.54999999999999,0.16665));
#8146=CURVE_STYLE('',#13232,POSITIVE_LENGTH_MEASURE(1.0E-006),#13233);
#8147=LINE('',#13234,#13235);
#8148=CURVE_STYLE('',#13236,POSITIVE_LENGTH_MEASURE(1.0E-006),#13237);
#8149=LINE('',#13238,#13239);
#8150=CURVE_STYLE('',#13240,POSITIVE_LENGTH_MEASURE(1.0E-006),#13241);
#8151=CIRCLE('',#13242,0.170335669583282);
#8152=CURVE_STYLE('',#13243,POSITIVE_LENGTH_MEASURE(1.0E-006),#13244);
#8153=LINE('',#13245,#13246);
#8154=CURVE_STYLE('',#13247,POSITIVE_LENGTH_MEASURE(1.0E-006),#13248);
#8155=LINE('',#13249,#13250);
#8156=CURVE_STYLE('',#13251,POSITIVE_LENGTH_MEASURE(1.0E-006),#13252);
#8157=CIRCLE('',#13253,0.150000000000205);
#8158=POINT_STYLE(' ',#13254,POSITIVE_LENGTH_MEASURE(1.0E-006),#13255);
#8159=CARTESIAN_POINT('',(-8.19,7.65099999999999,0.450000000000159));
#8160=SURFACE_STYLE_USAGE(.BOTH.,#13256);
#8161=FACE_OUTER_BOUND('',#13257,.T.);
#8162=CYLINDRICAL_SURFACE('',#13258,0.149999999999778);
#8163=POINT_STYLE(' ',#13259,POSITIVE_LENGTH_MEASURE(1.0E-006),#13260);
#8164=CARTESIAN_POINT('',(2.26999999999989,7.64999999999999,0.450000000000159));
#8165=POINT_STYLE(' ',#13261,POSITIVE_LENGTH_MEASURE(1.0E-006),#13262);
#8166=CARTESIAN_POINT('',(5.90000000000007,7.99999999999996,-0.449999999999931));
#8167=CURVE_STYLE('',#13263,POSITIVE_LENGTH_MEASURE(1.0E-006),#13264);
#8168=LINE('',#13265,#13266);
#8169=CURVE_STYLE('',#13267,POSITIVE_LENGTH_MEASURE(1.0E-006),#13268);
#8170=LINE('',#13269,#13270);
#8171=CURVE_STYLE('',#13271,POSITIVE_LENGTH_MEASURE(1.0E-006),#13272);
#8172=LINE('',#13273,#13274);
#8173=CURVE_STYLE('',#13275,POSITIVE_LENGTH_MEASURE(1.0E-006),#13276);
#8174=LINE('',#13277,#13278);
#8175=CURVE_STYLE('',#13279,POSITIVE_LENGTH_MEASURE(1.0E-006),#13280);
#8176=LINE('',#13281,#13282);
#8177=POINT_STYLE(' ',#13283,POSITIVE_LENGTH_MEASURE(1.0E-006),#13284);
#8178=CARTESIAN_POINT('',(-2.81000000000011,0.0,0.999999999999886));
#8179=POINT_STYLE(' ',#13285,POSITIVE_LENGTH_MEASURE(1.0E-006),#13286);
#8180=CARTESIAN_POINT('',(-8.43999999999984,7.99999999999996,-0.449999999999932));
#8181=SURFACE_STYLE_USAGE(.BOTH.,#13287);
#8182=FACE_OUTER_BOUND('',#13288,.T.);
#8183=PLANE('',#13289);
#8184=SURFACE_STYLE_USAGE(.BOTH.,#13290);
#8185=FACE_BOUND('',#13291,.T.);
#8186=FACE_OUTER_BOUND('',#13292,.T.);
#8187=PLANE('',#13293);
#8188=CURVE_STYLE('',#13294,POSITIVE_LENGTH_MEASURE(1.0E-006),#13295);
#8189=LINE('',#13296,#13297);
#8190=POINT_STYLE(' ',#13298,POSITIVE_LENGTH_MEASURE(1.0E-006),#13299);
#8191=CARTESIAN_POINT('',(9.88999999999989,7.65099999999999,0.45000000000016));
#8192=POINT_STYLE(' ',#13300,POSITIVE_LENGTH_MEASURE(1.0E-006),#13301);
#8193=CARTESIAN_POINT('',(-6.55000000000034,-3.19999999999999,0.16665));
#8194=CURVE_STYLE('',#13302,POSITIVE_LENGTH_MEASURE(1.0E-006),#13303);
#8195=LINE('',#13304,#13305);
#8196=CURVE_STYLE('',#13306,POSITIVE_LENGTH_MEASURE(1.0E-006),#13307);
#8197=CIRCLE('',#13308,0.149999999999778);
#8198=POINT_STYLE(' ',#13309,POSITIVE_LENGTH_MEASURE(1.0E-006),#13310);
#8199=CARTESIAN_POINT('',(-2.81000000000011,0.150000000000006,0.625000000000113));
#8200=CURVE_STYLE('',#13311,POSITIVE_LENGTH_MEASURE(1.0E-006),#13312);
#8201=LINE('',#13313,#13314);
#8202=CURVE_STYLE('',#13315,POSITIVE_LENGTH_MEASURE(1.0E-006),#13316);
#8203=LINE('',#13317,#13318);
#8204=POINT_STYLE(' ',#13319,POSITIVE_LENGTH_MEASURE(1.0E-006),#13320);
#8205=CARTESIAN_POINT('',(-9.33999999999993,7.99999999999996,0.450000000000159));
#8206=CURVE_STYLE('',#13321,POSITIVE_LENGTH_MEASURE(1.0E-006),#13322);
#8207=LINE('',#13323,#13324);
#8208=CURVE_STYLE('',#13325,POSITIVE_LENGTH_MEASURE(1.0E-006),#13326);
#8209=LINE('',#13327,#13328);
#8210=SURFACE_STYLE_USAGE(.BOTH.,#13329);
#8211=FACE_OUTER_BOUND('',#13330,.T.);
#8212=CYLINDRICAL_SURFACE('',#13331,0.170335669584691);
#8213=SURFACE_STYLE_USAGE(.BOTH.,#13332);
#8214=FACE_OUTER_BOUND('',#13333,.T.);
#8215=PLANE('',#13334);
#8216=CURVE_STYLE('',#13335,POSITIVE_LENGTH_MEASURE(1.0E-006),#13336);
#8217=LINE('',#13337,#13338);
#8218=CURVE_STYLE('',#13339,POSITIVE_LENGTH_MEASURE(1.0E-006),#13340);
#8219=LINE('',#13341,#13342);
#8220=CURVE_STYLE('',#13343,POSITIVE_LENGTH_MEASURE(1.0E-006),#13344);
#8221=LINE('',#13345,#13346);
#8222=CURVE_STYLE('',#13347,POSITIVE_LENGTH_MEASURE(1.0E-006),#13348);
#8223=LINE('',#13349,#13350);
#8224=POINT_STYLE(' ',#13351,POSITIVE_LENGTH_MEASURE(1.0E-006),#13352);
#8225=CARTESIAN_POINT('',(-9.8899999999992,0.150000000000105,-0.625000000000001));
#8226=CURVE_STYLE('',#13353,POSITIVE_LENGTH_MEASURE(1.0E-006),#13354);
#8227=LINE('',#13355,#13356);
#8228=POINT_STYLE(' ',#13357,POSITIVE_LENGTH_MEASURE(1.0E-006),#13358);
#8229=CARTESIAN_POINT('',(-0.81999999999984,7.99999999999996,0.450000000000159));
#8230=CURVE_STYLE('',#13359,POSITIVE_LENGTH_MEASURE(1.0E-006),#13360);
#8231=LINE('',#13361,#13362);
#8232=CURVE_STYLE('',#13363,POSITIVE_LENGTH_MEASURE(1.0E-006),#13364);
#8233=LINE('',#13365,#13366);
#8234=CURVE_STYLE('',#13367,POSITIVE_LENGTH_MEASURE(1.0E-006),#13368);
#8235=LINE('',#13369,#13370);
#8236=SURFACE_STYLE_USAGE(.BOTH.,#13371);
#8237=FACE_OUTER_BOUND('',#13372,.T.);
#8238=PLANE('',#13373);
#8239=CURVE_STYLE('',#13374,POSITIVE_LENGTH_MEASURE(1.0E-006),#13375);
#8240=LINE('',#13376,#13377);
#8241=CURVE_STYLE('',#13378,POSITIVE_LENGTH_MEASURE(1.0E-006),#13379);
#8242=LINE('',#13380,#13381);
#8243=CURVE_STYLE('',#13382,POSITIVE_LENGTH_MEASURE(1.0E-006),#13383);
#8244=LINE('',#13384,#13385);
#8245=POINT_STYLE(' ',#13386,POSITIVE_LENGTH_MEASURE(1.0E-006),#13387);
#8246=CARTESIAN_POINT('',(-2.86099999999984,8.49999999999996,-0.949999999999932));
#8247=POINT_STYLE(' ',#13388,POSITIVE_LENGTH_MEASURE(1.0E-006),#13389);
#8248=CARTESIAN_POINT('',(-6.03000000000034,-2.54999999999999,-0.16665));
#8249=CURVE_STYLE('',#13390,POSITIVE_LENGTH_MEASURE(1.0E-006),#13391);
#8250=LINE('',#13392,#13393);
#8251=POINT_STYLE(' ',#13394,POSITIVE_LENGTH_MEASURE(1.0E-006),#13395);
#8252=CARTESIAN_POINT('',(4.26000000000016,7.99999999999996,-0.449999999999932));
#8253=CURVE_STYLE('',#13396,POSITIVE_LENGTH_MEASURE(1.0E-006),#13397);
#8254=LINE('',#13398,#13399);
#8255=CURVE_STYLE('',#13400,POSITIVE_LENGTH_MEASURE(1.0E-006),#13401);
#8256=CIRCLE('',#13402,0.149999999999778);
#8257=CURVE_STYLE('',#13403,POSITIVE_LENGTH_MEASURE(1.0E-006),#13404);
#8258=LINE('',#13405,#13406);
#8259=CURVE_STYLE('',#13407,POSITIVE_LENGTH_MEASURE(1.0E-006),#13408);
#8260=LINE('',#13409,#13410);
#8261=POINT_STYLE(' ',#13411,POSITIVE_LENGTH_MEASURE(1.0E-006),#13412);
#8262=CARTESIAN_POINT('',(-6.79999999999993,7.65099999999999,0.450000000000159));
#8263=CURVE_STYLE('',#13413,POSITIVE_LENGTH_MEASURE(1.0E-006),#13414);
#8264=LINE('',#13415,#13416);
#8265=SURFACE_STYLE_USAGE(.BOTH.,#13417);
#8266=FACE_OUTER_BOUND('',#13418,.T.);
#8267=PLANE('',#13419);
#8268=POINT_STYLE(' ',#13420,POSITIVE_LENGTH_MEASURE(1.0E-006),#13421);
#8269=CARTESIAN_POINT('',(-0.270000000000113,0.599999999999994,-0.625));
#8270=POINT_STYLE(' ',#13422,POSITIVE_LENGTH_MEASURE(1.0E-006),#13423);
#8271=CARTESIAN_POINT('',(0.820000000000068,7.99999999999996,0.450000000000159));
#8272=CURVE_STYLE('',#13424,POSITIVE_LENGTH_MEASURE(1.0E-006),#13425);
#8273=LINE('',#13426,#13427);
#8274=POINT_STYLE(' ',#13428,POSITIVE_LENGTH_MEASURE(1.0E-006),#13429);
#8275=CARTESIAN_POINT('',(-8.69000000000034,-3.19999999999999,0.166649999999999));
#8276=CURVE_STYLE('',#13430,POSITIVE_LENGTH_MEASURE(1.0E-006),#13431);
#8277=LINE('',#13432,#13433);
#8278=CURVE_STYLE('',#13434,POSITIVE_LENGTH_MEASURE(1.0E-006),#13435);
#8279=LINE('',#13436,#13437);
#8280=POINT_STYLE(' ',#13438,POSITIVE_LENGTH_MEASURE(1.0E-006),#13439);
#8281=CARTESIAN_POINT('',(-5.35000000000011,7.64999999999999,-0.449999999999932));
#8282=CURVE_STYLE('',#13440,POSITIVE_LENGTH_MEASURE(1.0E-006),#13441);
#8283=LINE('',#13442,#13443);
#8284=SURFACE_STYLE_USAGE(.BOTH.,#13444);
#8285=FACE_OUTER_BOUND('',#13445,.T.);
#8286=CYLINDRICAL_SURFACE('',#13446,0.150000000000205);
#8287=POINT_STYLE(' ',#13447,POSITIVE_LENGTH_MEASURE(1.0E-006),#13448);
#8288=CARTESIAN_POINT('',(6.66999999999966,0.58720638732241,0.16665));
#8289=CURVE_STYLE('',#13449,POSITIVE_LENGTH_MEASURE(1.0E-006),#13450);
#8290=LINE('',#13451,#13452);
#8291=CURVE_STYLE('',#13453,POSITIVE_LENGTH_MEASURE(1.0E-006),#13454);
#8292=LINE('',#13455,#13456);
#8293=POINT_STYLE(' ',#13457,POSITIVE_LENGTH_MEASURE(1.0E-006),#13458);
#8294=CARTESIAN_POINT('',(-7.3499999999992,0.0,0.775000000000091));
#8295=CURVE_STYLE('',#13459,POSITIVE_LENGTH_MEASURE(1.0E-006),#13460);
#8296=LINE('',#13461,#13462);
#8297=CURVE_STYLE('',#13463,POSITIVE_LENGTH_MEASURE(1.0E-006),#13464);
#8298=LINE('',#13465,#13466);
#8299=CURVE_STYLE('',#13467,POSITIVE_LENGTH_MEASURE(1.0E-006),#13468);
#8300=LINE('',#13469,#13470);
#8301=POINT_STYLE(' ',#13471,POSITIVE_LENGTH_MEASURE(1.0E-006),#13472);
#8302=CARTESIAN_POINT('',(-3.32122065727702,0.753873053989039,0.16665));
#8303=POINT_STYLE(' ',#13473,POSITIVE_LENGTH_MEASURE(1.0E-006),#13474);
#8304=CARTESIAN_POINT('',(7.34999999999989,7.64999999999999,0.999999999999887));
#8305=CURVE_STYLE('',#13475,POSITIVE_LENGTH_MEASURE(1.0E-006),#13476);
#8306=LINE('',#13477,#13478);
#8307=SURFACE_STYLE_USAGE(.BOTH.,#13479);
#8308=FACE_OUTER_BOUND('',#13480,.T.);
#8309=PLANE('',#13481);
#8310=CURVE_STYLE('',#13482,POSITIVE_LENGTH_MEASURE(1.0E-006),#13483);
#8311=LINE('',#13484,#13485);
#8312=POINT_STYLE(' ',#13486,POSITIVE_LENGTH_MEASURE(1.0E-006),#13487);
#8313=CARTESIAN_POINT('',(-0.270000000000113,0.0,-0.775000000000091));
#8314=CURVE_STYLE('',#13488,POSITIVE_LENGTH_MEASURE(1.0E-006),#13489);
#8315=LINE('',#13490,#13491);
#8316=POINT_STYLE(' ',#13492,POSITIVE_LENGTH_MEASURE(1.0E-006),#13493);
#8317=CARTESIAN_POINT('',(-4.81000000000011,7.65099999999999,-0.449999999999932));
#8318=CURVE_STYLE('',#13494,POSITIVE_LENGTH_MEASURE(1.0E-006),#13495);
#8319=LINE('',#13496,#13497);
#8320=POINT_STYLE(' ',#13498,POSITIVE_LENGTH_MEASURE(1.0E-006),#13499);
#8321=CARTESIAN_POINT('',(-6.67000000000034,0.587206387322199,0.16665));
#8322=SURFACE_STYLE_USAGE(.BOTH.,#13500);
#8323=FACE_OUTER_BOUND('',#13501,.T.);
#8324=PLANE('',#13502);
#8325=CURVE_STYLE('',#13503,POSITIVE_LENGTH_MEASURE(1.0E-006),#13504);
#8326=LINE('',#13505,#13506);
#8327=POINT_STYLE(' ',#13507,POSITIVE_LENGTH_MEASURE(1.0E-006),#13508);
#8328=CARTESIAN_POINT('',(-0.270000000000113,0.753873053989039,-0.16665));
#8329=POINT_STYLE(' ',#13509,POSITIVE_LENGTH_MEASURE(1.0E-006),#13510);
#8330=CARTESIAN_POINT('',(4.80999999999989,7.64999999999999,0.450000000000159));
#8331=POINT_STYLE(' ',#13511,POSITIVE_LENGTH_MEASURE(1.0E-006),#13512);
#8332=CARTESIAN_POINT('',(-2.81000000000011,7.64999999999999,0.450000000000159));
#8333=POINT_STYLE(' ',#13513,POSITIVE_LENGTH_MEASURE(1.0E-006),#13514);
#8334=CARTESIAN_POINT('',(-7.3499999999992,0.753873053988997,-0.166650000000001));
#8335=POINT_STYLE(' ',#13515,POSITIVE_LENGTH_MEASURE(1.0E-006),#13516);
#8336=CARTESIAN_POINT('',(0.270000000000795,7.64999999999999,0.450000000000159));
#8337=POINT_STYLE(' ',#13517,POSITIVE_LENGTH_MEASURE(1.0E-006),#13518);
#8338=CARTESIAN_POINT('',(-5.35000000000011,7.65099999999999,0.450000000000159));
#8339=SURFACE_STYLE_USAGE(.BOTH.,#13519);
#8340=FACE_OUTER_BOUND('',#13520,.T.);
#8341=PLANE('',#13521);
#8342=POINT_STYLE(' ',#13522,POSITIVE_LENGTH_MEASURE(1.0E-006),#13523);
#8343=CARTESIAN_POINT('',(2.81000000000079,1.90282814901086,-0.16665));
#8344=CURVE_STYLE('',#13524,POSITIVE_LENGTH_MEASURE(1.0E-006),#13525);
#8345=LINE('',#13526,#13527);
#8346=POINT_STYLE(' ',#13528,POSITIVE_LENGTH_MEASURE(1.0E-006),#13529);
#8347=CARTESIAN_POINT('',(-2.2699999999992,7.64999999999999,-0.449999999999932));
#8348=CURVE_STYLE('',#13530,POSITIVE_LENGTH_MEASURE(1.0E-006),#13531);
#8349=CIRCLE('',#13532,0.170335669584691);
#8350=CURVE_STYLE('',#13533,POSITIVE_LENGTH_MEASURE(1.0E-006),#13534);
#8351=LINE('',#13535,#13536);
#8352=POINT_STYLE(' ',#13537,POSITIVE_LENGTH_MEASURE(1.0E-006),#13538);
#8353=CARTESIAN_POINT('',(-6.67000000000034,0.587206387322199,-0.16665));
#8354=CURVE_STYLE('',#13539,POSITIVE_LENGTH_MEASURE(1.0E-006),#13540);
#8355=LINE('',#13541,#13542);
#8356=CURVE_STYLE('',#13543,POSITIVE_LENGTH_MEASURE(1.0E-006),#13544);
#8357=LINE('',#13545,#13546);
#8358=CURVE_STYLE('',#13547,POSITIVE_LENGTH_MEASURE(1.0E-006),#13548);
#8359=LINE('',#13549,#13550);
#8360=CURVE_STYLE('',#13551,POSITIVE_LENGTH_MEASURE(1.0E-006),#13552);
#8361=LINE('',#13553,#13554);
#8362=SURFACE_STYLE_USAGE(.BOTH.,#13555);
#8363=FACE_OUTER_BOUND('',#13556,.T.);
#8364=CYLINDRICAL_SURFACE('',#13557,0.149999999999778);
#8365=POINT_STYLE(' ',#13558,POSITIVE_LENGTH_MEASURE(1.0E-006),#13559);
#8366=CARTESIAN_POINT('',(-4.8099999999992,0.0,-0.999999999999205));
#8367=CURVE_STYLE('',#13560,POSITIVE_LENGTH_MEASURE(1.0E-006),#13561);
#8368=LINE('',#13562,#13563);
#8369=CURVE_STYLE('',#13564,POSITIVE_LENGTH_MEASURE(1.0E-006),#13565);
#8370=CIRCLE('',#13566,0.170335669583282);
#8371=POINT_STYLE(' ',#13567,POSITIVE_LENGTH_MEASURE(1.0E-006),#13568);
#8372=CARTESIAN_POINT('',(-2.81000000000011,7.65099999999999,0.450000000000159));
#8373=POINT_STYLE(' ',#13569,POSITIVE_LENGTH_MEASURE(1.0E-006),#13570);
#8374=CARTESIAN_POINT('',(-6.79999999999993,7.99999999999996,0.450000000000159));
#8375=POINT_STYLE(' ',#13571,POSITIVE_LENGTH_MEASURE(1.0E-006),#13572);
#8376=CARTESIAN_POINT('',(-1.47000000000034,-3.19999999999999,0.16665));
#8377=POINT_STYLE(' ',#13573,POSITIVE_LENGTH_MEASURE(1.0E-006),#13574);
#8378=CARTESIAN_POINT('',(-3.61000000000034,-3.19999999999999,0.16665));
#8379=POINT_STYLE(' ',#13575,POSITIVE_LENGTH_MEASURE(1.0E-006),#13576);
#8380=CARTESIAN_POINT('',(9.08999999999966,-3.19999999999999,-0.166649999999999));
#8381=POINT_STYLE(' ',#13577,POSITIVE_LENGTH_MEASURE(1.0E-006),#13578);
#8382=CARTESIAN_POINT('',(2.26999999999989,7.64999999999999,-1.00000000000011));
#8383=POINT_STYLE(' ',#13579,POSITIVE_LENGTH_MEASURE(1.0E-006),#13580);
#8384=CARTESIAN_POINT('',(-5.40099999999984,8.49999999999996,0.950000000000159));
#8385=SURFACE_STYLE_USAGE(.BOTH.,#13581);
#8386=FACE_OUTER_BOUND('',#13582,.T.);
#8387=PLANE('',#13583);
#8388=POINT_STYLE(' ',#13584,POSITIVE_LENGTH_MEASURE(1.0E-006),#13585);
#8389=CARTESIAN_POINT('',(7.29900000000016,8.49999999999996,-0.949999999999931));
#8390=CURVE_STYLE('',#13586,POSITIVE_LENGTH_MEASURE(1.0E-006),#13587);
#8391=LINE('',#13588,#13589);
#8392=POINT_STYLE(' ',#13590,POSITIVE_LENGTH_MEASURE(1.0E-006),#13591);
#8393=CARTESIAN_POINT('',(9.34000000000016,7.65099999999999,-0.449999999999931));
#8394=CURVE_STYLE('',#13592,POSITIVE_LENGTH_MEASURE(1.0E-006),#13593);
#8395=LINE('',#13594,#13595);
#8396=CURVE_STYLE('',#13596,POSITIVE_LENGTH_MEASURE(1.0E-006),#13597);
#8397=LINE('',#13598,#13599);
#8398=CURVE_STYLE('',#13600,POSITIVE_LENGTH_MEASURE(1.0E-006),#13601);
#8399=LINE('',#13602,#13603);
#8400=CURVE_STYLE('',#13604,POSITIVE_LENGTH_MEASURE(1.0E-006),#13605);
#8401=LINE('',#13606,#13607);
#8402=CURVE_STYLE('',#13608,POSITIVE_LENGTH_MEASURE(1.0E-006),#13609);
#8403=LINE('',#13610,#13611);
#8404=CURVE_STYLE('',#13612,POSITIVE_LENGTH_MEASURE(1.0E-006),#13613);
#8405=LINE('',#13614,#13615);
#8406=SURFACE_STYLE_USAGE(.BOTH.,#13616);
#8407=FACE_OUTER_BOUND('',#13617,.T.);
#8408=PLANE('',#13618);
#8409=CURVE_STYLE('',#13619,POSITIVE_LENGTH_MEASURE(1.0E-006),#13620);
#8410=LINE('',#13621,#13622);
#8411=POINT_STYLE(' ',#13623,POSITIVE_LENGTH_MEASURE(1.0E-006),#13624);
#8412=CARTESIAN_POINT('',(6.54999999999966,-3.19999999999999,0.16665));
#8413=POINT_STYLE(' ',#13625,POSITIVE_LENGTH_MEASURE(1.0E-006),#13626);
#8414=CARTESIAN_POINT('',(1.46999999999966,-3.19999999999999,0.16665));
#8415=CURVE_STYLE('',#13627,POSITIVE_LENGTH_MEASURE(1.0E-006),#13628);
#8416=LINE('',#13629,#13630);
#8417=CURVE_STYLE('',#13631,POSITIVE_LENGTH_MEASURE(1.0E-006),#13632);
#8418=LINE('',#13633,#13634);
#8419=CURVE_STYLE('',#13635,POSITIVE_LENGTH_MEASURE(1.0E-006),#13636);
#8420=LINE('',#13637,#13638);
#8421=CURVE_STYLE('',#13639,POSITIVE_LENGTH_MEASURE(1.0E-006),#13640);
#8422=LINE('',#13641,#13642);
#8423=SURFACE_STYLE_USAGE(.BOTH.,#13643);
#8424=FACE_OUTER_BOUND('',#13644,.T.);
#8425=PLANE('',#13645);
#8426=CURVE_STYLE('',#13646,POSITIVE_LENGTH_MEASURE(1.0E-006),#13647);
#8427=LINE('',#13648,#13649);
#8428=POINT_STYLE(' ',#13650,POSITIVE_LENGTH_MEASURE(1.0E-006),#13651);
#8429=CARTESIAN_POINT('',(2.26999999999989,0.150000000000006,0.625000000000114));
#8430=CURVE_STYLE('',#13652,POSITIVE_LENGTH_MEASURE(1.0E-006),#13653);
#8431=LINE('',#13654,#13655);
#8432=POINT_STYLE(' ',#13656,POSITIVE_LENGTH_MEASURE(1.0E-006),#13657);
#8433=CARTESIAN_POINT('',(10.285,0.0,1.25));
#8434=CURVE_STYLE('',#13658,POSITIVE_LENGTH_MEASURE(1.0E-006),#13659);
#8435=LINE('',#13660,#13661);
#8436=CURVE_STYLE('',#13662,POSITIVE_LENGTH_MEASURE(1.0E-006),#13663);
#8437=LINE('',#13664,#13665);
#8438=CURVE_STYLE('',#13666,POSITIVE_LENGTH_MEASURE(1.0E-006),#13667);
#8439=LINE('',#13668,#13669);
#8440=SURFACE_STYLE_USAGE(.BOTH.,#13670);
#8441=FACE_OUTER_BOUND('',#13671,.T.);
#8442=CYLINDRICAL_SURFACE('',#13672,0.150000000000205);
#8443=POINT_STYLE(' ',#13673,POSITIVE_LENGTH_MEASURE(1.0E-006),#13674);
#8444=CARTESIAN_POINT('',(-6.79999999999993,8.00099999999996,-0.450999999999931));
#8445=POINT_STYLE(' ',#13675,POSITIVE_LENGTH_MEASURE(1.0E-006),#13676);
#8446=CARTESIAN_POINT('',(2.80999999999989,7.65099999999999,0.450000000000159));
#8447=CURVE_STYLE('',#13677,POSITIVE_LENGTH_MEASURE(1.0E-006),#13678);
#8448=LINE('',#13679,#13680);
#8449=CURVE_STYLE('',#13681,POSITIVE_LENGTH_MEASURE(1.0E-006),#13682);
#8450=LINE('',#13683,#13684);
#8451=POINT_STYLE(' ',#13685,POSITIVE_LENGTH_MEASURE(1.0E-006),#13686);
#8452=CARTESIAN_POINT('',(6.80000000000016,7.65099999999999,-0.449999999999931));
#8453=CURVE_STYLE('',#13687,POSITIVE_LENGTH_MEASURE(1.0E-006),#13688);
#8454=LINE('',#13689,#13690);
#8455=CURVE_STYLE('',#13691,POSITIVE_LENGTH_MEASURE(1.0E-006),#13692);
#8456=LINE('',#13693,#13694);
#8457=SURFACE_STYLE_USAGE(.BOTH.,#13695);
#8458=FACE_OUTER_BOUND('',#13696,.T.);
#8459=PLANE('',#13697);
#8460=CURVE_STYLE('',#13698,POSITIVE_LENGTH_MEASURE(1.0E-006),#13699);
#8461=LINE('',#13700,#13701);
#8462=CURVE_STYLE('',#13702,POSITIVE_LENGTH_MEASURE(1.0E-006),#13703);
#8463=LINE('',#13704,#13705);
#8464=CURVE_STYLE('',#13706,POSITIVE_LENGTH_MEASURE(1.0E-006),#13707);
#8465=LINE('',#13708,#13709);
#8466=SURFACE_STYLE_USAGE(.BOTH.,#13710);
#8467=FACE_OUTER_BOUND('',#13711,.T.);
#8468=PLANE('',#13712);
#8469=CURVE_STYLE('',#13713,POSITIVE_LENGTH_MEASURE(1.0E-006),#13714);
#8470=CIRCLE('',#13715,0.170335669584691);
#8471=CURVE_STYLE('',#13716,POSITIVE_LENGTH_MEASURE(1.0E-006),#13717);
#8472=LINE('',#13718,#13719);
#8473=CURVE_STYLE('',#13720,POSITIVE_LENGTH_MEASURE(1.0E-006),#13721);
#8474=LINE('',#13722,#13723);
#8475=POINT_STYLE(' ',#13724,POSITIVE_LENGTH_MEASURE(1.0E-006),#13725);
#8476=CARTESIAN_POINT('',(-10.285,0.0,-1.25));
#8477=POINT_STYLE(' ',#13726,POSITIVE_LENGTH_MEASURE(1.0E-006),#13727);
#8478=CARTESIAN_POINT('',(2.26999999999989,7.64999999999999,-0.449999999999932));
#8479=POINT_STYLE(' ',#13728,POSITIVE_LENGTH_MEASURE(1.0E-006),#13729);
#8480=CARTESIAN_POINT('',(0.321000000000067,8.49999999999996,-0.949999999999932));
#8481=CURVE_STYLE('',#13730,POSITIVE_LENGTH_MEASURE(1.0E-006),#13731);
#8482=LINE('',#13732,#13733);
#8483=CURVE_STYLE('',#13734,POSITIVE_LENGTH_MEASURE(1.0E-006),#13735);
#8484=LINE('',#13736,#13737);
#8485=CURVE_STYLE('',#13738,POSITIVE_LENGTH_MEASURE(1.0E-006),#13739);
#8486=CIRCLE('',#13740,0.149999999999778);
#8487=CURVE_STYLE('',#13741,POSITIVE_LENGTH_MEASURE(1.0E-006),#13742);
#8488=LINE('',#13743,#13744);
#8489=SURFACE_STYLE_USAGE(.BOTH.,#13745);
#8490=FACE_OUTER_BOUND('',#13746,.T.);
#8491=PLANE('',#13747);
#8492=POINT_STYLE(' ',#13748,POSITIVE_LENGTH_MEASURE(1.0E-006),#13749);
#8493=CARTESIAN_POINT('',(6.66999999999966,0.58720638732241,-0.16665));
#8494=CURVE_STYLE('',#13750,POSITIVE_LENGTH_MEASURE(1.0E-006),#13751);
#8495=LINE('',#13752,#13753);
#8496=POINT_STYLE(' ',#13754,POSITIVE_LENGTH_MEASURE(1.0E-006),#13755);
#8497=CARTESIAN_POINT('',(-1.71999999999993,7.65099999999999,-0.449999999999932));
#8498=CURVE_STYLE('',#13756,POSITIVE_LENGTH_MEASURE(1.0E-006),#13757);
#8499=LINE('',#13758,#13759);
#8500=POINT_STYLE(' ',#13760,POSITIVE_LENGTH_MEASURE(1.0E-006),#13761);
#8501=CARTESIAN_POINT('',(4.80999999999989,0.150000000000105,-0.625));
#8502=CURVE_STYLE('',#13762,POSITIVE_LENGTH_MEASURE(1.0E-006),#13763);
#8503=LINE('',#13764,#13765);
#8504=CURVE_STYLE('',#13766,POSITIVE_LENGTH_MEASURE(1.0E-006),#13767);
#8505=LINE('',#13768,#13769);
#8506=CURVE_STYLE('',#13770,POSITIVE_LENGTH_MEASURE(1.0E-006),#13771);
#8507=LINE('',#13772,#13773);
#8508=POINT_STYLE(' ',#13774,POSITIVE_LENGTH_MEASURE(1.0E-006),#13775);
#8509=CARTESIAN_POINT('',(1.72000000000016,7.99999999999996,-0.449999999999932));
#8510=CURVE_STYLE('',#13776,POSITIVE_LENGTH_MEASURE(1.0E-006),#13777);
#8511=LINE('',#13778,#13779);
#8512=CURVE_STYLE('',#13780,POSITIVE_LENGTH_MEASURE(1.0E-006),#13781);
#8513=LINE('',#13782,#13783);
#8514=POINT_STYLE(' ',#13784,POSITIVE_LENGTH_MEASURE(1.0E-006),#13785);
#8515=CARTESIAN_POINT('',(7.88999999999989,7.65099999999999,0.45000000000016));
#8516=CURVE_STYLE('',#13786,POSITIVE_LENGTH_MEASURE(1.0E-006),#13787);
#8517=LINE('',#13788,#13789);
#8518=POINT_STYLE(' ',#13790,POSITIVE_LENGTH_MEASURE(1.0E-006),#13791);
#8519=CARTESIAN_POINT('',(3.60999999999966,-3.19999999999999,-0.16665));
#8520=CURVE_STYLE('',#13792,POSITIVE_LENGTH_MEASURE(1.0E-006),#13793);
#8521=LINE('',#13794,#13795);
#8522=CURVE_STYLE('',#13796,POSITIVE_LENGTH_MEASURE(1.0E-006),#13797);
#8523=LINE('',#13798,#13799);
#8524=SURFACE_STYLE_USAGE(.BOTH.,#13800);
#8525=FACE_OUTER_BOUND('',#13801,.T.);
#8526=PLANE('',#13802);
#8527=SURFACE_STYLE_USAGE(.BOTH.,#13803);
#8528=FACE_OUTER_BOUND('',#13804,.T.);
#8529=PLANE('',#13805);
#8530=CURVE_STYLE('',#13806,POSITIVE_LENGTH_MEASURE(1.0E-006),#13807);
#8531=LINE('',#13808,#13809);
#8532=CURVE_STYLE('',#13810,POSITIVE_LENGTH_MEASURE(1.0E-006),#13811);
#8533=LINE('',#13812,#13813);
#8534=CURVE_STYLE('',#13814,POSITIVE_LENGTH_MEASURE(1.0E-006),#13815);
#8535=CIRCLE('',#13816,0.150000000000205);
#8536=POINT_STYLE(' ',#13817,POSITIVE_LENGTH_MEASURE(1.0E-006),#13818);
#8537=CARTESIAN_POINT('',(-7.94099999999984,8.49999999999996,0.950000000000159));
#8538=POINT_STYLE(' ',#13819,POSITIVE_LENGTH_MEASURE(1.0E-006),#13820);
#8539=CARTESIAN_POINT('',(-8.40122065727702,0.753873053989039,-0.16665));
#8540=POINT_STYLE(' ',#13821,POSITIVE_LENGTH_MEASURE(1.0E-006),#13822);
#8541=CARTESIAN_POINT('',(0.321000000000067,8.49999999999996,0.950000000000159));
#8542=CURVE_STYLE('',#13823,POSITIVE_LENGTH_MEASURE(1.0E-006),#13824);
#8543=LINE('',#13825,#13826);
#8544=POINT_STYLE(' ',#13827,POSITIVE_LENGTH_MEASURE(1.0E-006),#13828);
#8545=CARTESIAN_POINT('',(-2.81000000000011,7.64999999999999,-0.449999999999932));
#8546=SURFACE_STYLE_USAGE(.BOTH.,#13829);
#8547=FACE_OUTER_BOUND('',#13830,.T.);
#8548=PLANE('',#13831);
#8549=CURVE_STYLE('',#13832,POSITIVE_LENGTH_MEASURE(1.0E-006),#13833);
#8550=LINE('',#13834,#13835);
#8551=CURVE_STYLE('',#13836,POSITIVE_LENGTH_MEASURE(1.0E-006),#13837);
#8552=LINE('',#13838,#13839);
#8553=CURVE_STYLE('',#13840,POSITIVE_LENGTH_MEASURE(1.0E-006),#13841);
#8554=LINE('',#13842,#13843);
#8555=CURVE_STYLE('',#13844,POSITIVE_LENGTH_MEASURE(1.0E-006),#13845);
#8556=LINE('',#13846,#13847);
#8557=SURFACE_STYLE_USAGE(.BOTH.,#13848);
#8558=FACE_OUTER_BOUND('',#13849,.T.);
#8559=PLANE('',#13850);
#8560=POINT_STYLE(' ',#13851,POSITIVE_LENGTH_MEASURE(1.0E-006),#13852);
#8561=CARTESIAN_POINT('',(6.02999999999966,-2.54999999999999,0.16665));
#8562=CURVE_STYLE('',#13853,POSITIVE_LENGTH_MEASURE(1.0E-006),#13854);
#8563=LINE('',#13855,#13856);
#8564=CURVE_STYLE('',#13857,POSITIVE_LENGTH_MEASURE(1.0E-006),#13858);
#8565=LINE('',#13859,#13860);
#8566=POINT_STYLE(' ',#13861,POSITIVE_LENGTH_MEASURE(1.0E-006),#13862);
#8567=CARTESIAN_POINT('',(4.80999999999989,1.90282814901086,-0.16665));
#8568=POINT_STYLE(' ',#13863,POSITIVE_LENGTH_MEASURE(1.0E-006),#13864);
#8569=CARTESIAN_POINT('',(9.34000000000016,7.99999999999996,-0.449999999999931));
#8570=CURVE_STYLE('',#13865,POSITIVE_LENGTH_MEASURE(1.0E-006),#13866);
#8571=CIRCLE('',#13867,0.150000000000205);
#8572=CURVE_STYLE('',#13868,POSITIVE_LENGTH_MEASURE(1.0E-006),#13869);
#8573=LINE('',#13870,#13871);
#8574=SURFACE_STYLE_USAGE(.BOTH.,#13872);
#8575=FACE_OUTER_BOUND('',#13873,.T.);
#8576=PLANE('',#13874);
#8577=POINT_STYLE(' ',#13875,POSITIVE_LENGTH_MEASURE(1.0E-006),#13876);
#8578=CARTESIAN_POINT('',(-0.270000000000113,1.90282814901086,-0.16665));
#8579=CURVE_STYLE('',#13877,POSITIVE_LENGTH_MEASURE(1.0E-006),#13878);
#8580=LINE('',#13879,#13880);
#8581=CURVE_STYLE('',#13881,POSITIVE_LENGTH_MEASURE(1.0E-006),#13882);
#8582=LINE('',#13883,#13884);
#8583=SURFACE_STYLE_USAGE(.BOTH.,#13885);
#8584=FACE_OUTER_BOUND('',#13886,.T.);
#8585=PLANE('',#13887);
#8586=POINT_STYLE(' ',#13888,POSITIVE_LENGTH_MEASURE(1.0E-006),#13889);
#8587=CARTESIAN_POINT('',(-2.81000000000011,1.90282814901086,-0.16665));
#8588=CURVE_STYLE('',#13890,POSITIVE_LENGTH_MEASURE(1.0E-006),#13891);
#8589=LINE('',#13892,#13893);
#8590=POINT_STYLE(' ',#13894,POSITIVE_LENGTH_MEASURE(1.0E-006),#13895);
#8591=CARTESIAN_POINT('',(-9.37877934272298,0.753873053988883,0.166649999999999));
#8592=POINT_STYLE(' ',#13896,POSITIVE_LENGTH_MEASURE(1.0E-006),#13897);
#8593=CARTESIAN_POINT('',(-7.89000000000011,7.64999999999999,0.450000000000159));
#8594=CURVE_STYLE('',#13898,POSITIVE_LENGTH_MEASURE(1.0E-006),#13899);
#8595=LINE('',#13900,#13901);
#8596=CURVE_STYLE('',#13902,POSITIVE_LENGTH_MEASURE(1.0E-006),#13903);
#8597=LINE('',#13904,#13905);
#8598=CURVE_STYLE('',#13906,POSITIVE_LENGTH_MEASURE(1.0E-006),#13907);
#8599=LINE('',#13908,#13909);
#8600=POINT_STYLE(' ',#13910,POSITIVE_LENGTH_MEASURE(1.0E-006),#13911);
#8601=CARTESIAN_POINT('',(5.90000000000007,7.65099999999999,0.45000000000016));
#8602=POINT_STYLE(' ',#13912,POSITIVE_LENGTH_MEASURE(1.0E-006),#13913);
#8603=CARTESIAN_POINT('',(-9.83899999999993,8.49999999999996,-0.949999999999932));
#8604=SURFACE_STYLE_USAGE(.BOTH.,#13914);
#8605=FACE_OUTER_BOUND('',#13915,.T.);
#8606=PLANE('',#13916);
#8607=CURVE_STYLE('',#13917,POSITIVE_LENGTH_MEASURE(1.0E-006),#13918);
#8608=LINE('',#13919,#13920);
#8609=CURVE_STYLE('',#13921,POSITIVE_LENGTH_MEASURE(1.0E-006),#13922);
#8610=CIRCLE('',#13923,0.150000000000205);
#8611=SURFACE_STYLE_USAGE(.BOTH.,#13924);
#8612=FACE_OUTER_BOUND('',#13925,.T.);
#8613=PLANE('',#13926);
#8614=POINT_STYLE(' ',#13927,POSITIVE_LENGTH_MEASURE(1.0E-006),#13928);
#8615=CARTESIAN_POINT('',(0.781220657277022,0.753873053988883,-0.16665));
#8616=SURFACE_STYLE_USAGE(.BOTH.,#13929);
#8617=FACE_OUTER_BOUND('',#13930,.T.);
#8618=PLANE('',#13931);
#8619=SURFACE_STYLE_USAGE(.BOTH.,#13932);
#8620=FACE_OUTER_BOUND('',#13933,.T.);
#8621=PLANE('',#13934);
#8622=POINT_STYLE(' ',#13935,POSITIVE_LENGTH_MEASURE(1.0E-006),#13936);
#8623=CARTESIAN_POINT('',(1.72000000000016,7.65099999999999,0.450000000000159));
#8624=POINT_STYLE(' ',#13937,POSITIVE_LENGTH_MEASURE(1.0E-006),#13938);
#8625=CARTESIAN_POINT('',(-7.35000000000011,7.65099999999999,0.450000000000159));
#8626=CURVE_STYLE('',#13939,POSITIVE_LENGTH_MEASURE(1.0E-006),#13940);
#8627=LINE('',#13941,#13942);
#8628=POINT_STYLE(' ',#13943,POSITIVE_LENGTH_MEASURE(1.0E-006),#13944);
#8629=CARTESIAN_POINT('',(-7.29899999999993,8.49999999999996,-0.949999999999932));
#8630=SURFACE_STYLE_USAGE(.BOTH.,#13945);
#8631=FACE_BOUND('',#13946,.T.);
#8632=FACE_OUTER_BOUND('',#13947,.T.);
#8633=PLANE('',#13948);
#8634=POINT_STYLE(' ',#13949,POSITIVE_LENGTH_MEASURE(1.0E-006),#13950);
#8635=CARTESIAN_POINT('',(-0.81999999999984,7.65099999999999,-0.449999999999932));
#8636=POINT_STYLE(' ',#13951,POSITIVE_LENGTH_MEASURE(1.0E-006),#13952);
#8637=CARTESIAN_POINT('',(3.48999999999966,-2.54999999999999,0.16665));
#8638=POINT_STYLE(' ',#13953,POSITIVE_LENGTH_MEASURE(1.0E-006),#13954);
#8639=CARTESIAN_POINT('',(-2.21899999999993,8.49999999999996,-0.949999999999932));
#8640=CURVE_STYLE('',#13955,POSITIVE_LENGTH_MEASURE(1.0E-006),#13956);
#8641=LINE('',#13957,#13958);
#8642=POINT_STYLE(' ',#13959,POSITIVE_LENGTH_MEASURE(1.0E-006),#13960);
#8643=CARTESIAN_POINT('',(2.81000000000079,0.0,0.999999999999887));
#8644=CURVE_STYLE('',#13961,POSITIVE_LENGTH_MEASURE(1.0E-006),#13962);
#8645=CIRCLE('',#13963,0.170335669583282);
#8646=SURFACE_STYLE_USAGE(.BOTH.,#13964);
#8647=FACE_BOUND('',#13965,.T.);
#8648=FACE_OUTER_BOUND('',#13966,.T.);
#8649=PLANE('',#13967);
#8650=POINT_STYLE(' ',#13968,POSITIVE_LENGTH_MEASURE(1.0E-006),#13969);
#8651=CARTESIAN_POINT('',(-4.13000000000034,0.587206387322199,-0.16665));
#8652=CURVE_STYLE('',#13970,POSITIVE_LENGTH_MEASURE(1.0E-006),#13971);
#8653=LINE('',#13972,#13973);
#8654=POINT_STYLE(' ',#13974,POSITIVE_LENGTH_MEASURE(1.0E-006),#13975);
#8655=CARTESIAN_POINT('',(10.285,0.0,-1.25));
#8656=POINT_STYLE(' ',#13976,POSITIVE_LENGTH_MEASURE(1.0E-006),#13977);
#8657=CARTESIAN_POINT('',(2.26999999999989,0.753873053989039,-0.16665));
#8658=CURVE_STYLE('',#13978,POSITIVE_LENGTH_MEASURE(1.0E-006),#13979);
#8659=LINE('',#13980,#13981);
#8660=CURVE_STYLE('',#13982,POSITIVE_LENGTH_MEASURE(1.0E-006),#13983);
#8661=LINE('',#13984,#13985);
#8662=POINT_STYLE(' ',#13986,POSITIVE_LENGTH_MEASURE(1.0E-006),#13987);
#8663=CARTESIAN_POINT('',(-9.8899999999992,0.753873053988997,-0.166650000000001));
#8664=POINT_STYLE(' ',#13988,POSITIVE_LENGTH_MEASURE(1.0E-006),#13989);
#8665=CARTESIAN_POINT('',(-1.47000000000034,-3.19999999999999,-0.16665));
#8666=SURFACE_STYLE_USAGE(.BOTH.,#13990);
#8667=FACE_OUTER_BOUND('',#13991,.T.);
#8668=PLANE('',#13992);
#8669=SURFACE_STYLE_USAGE(.BOTH.,#13993);
#8670=FACE_OUTER_BOUND('',#13994,.T.);
#8671=PLANE('',#13995);
#8672=CURVE_STYLE('',#13996,POSITIVE_LENGTH_MEASURE(1.0E-006),#13997);
#8673=LINE('',#13998,#13999);
#8674=SURFACE_STYLE_USAGE(.BOTH.,#14000);
#8675=FACE_OUTER_BOUND('',#14001,.T.);
#8676=PLANE('',#14002);
#8677=POINT_STYLE(' ',#14003,POSITIVE_LENGTH_MEASURE(1.0E-006),#14004);
#8678=CARTESIAN_POINT('',(-9.8899999999992,0.0,-0.775000000000092));
#8679=SURFACE_STYLE_USAGE(.BOTH.,#14005);
#8680=FACE_OUTER_BOUND('',#14006,.T.);
#8681=PLANE('',#14007);
#8682=POINT_STYLE(' ',#14008,POSITIVE_LENGTH_MEASURE(1.0E-006),#14009);
#8683=CARTESIAN_POINT('',(0.270000000000795,7.64999999999999,-0.449999999999932));
#8684=CURVE_STYLE('',#14010,POSITIVE_LENGTH_MEASURE(1.0E-006),#14011);
#8685=LINE('',#14012,#14013);
#8686=POINT_STYLE(' ',#14014,POSITIVE_LENGTH_MEASURE(1.0E-006),#14015);
#8687=CARTESIAN_POINT('',(-0.270000000000113,0.0,-0.999999999999204));
#8688=CURVE_STYLE('',#14016,POSITIVE_LENGTH_MEASURE(1.0E-006),#14017);
#8689=LINE('',#14018,#14019);
#8690=CURVE_STYLE('',#14020,POSITIVE_LENGTH_MEASURE(1.0E-006),#14021);
#8691=LINE('',#14022,#14023);
#8692=SURFACE_STYLE_USAGE(.BOTH.,#14024);
#8693=FACE_OUTER_BOUND('',#14025,.T.);
#8694=PLANE('',#14026);
#8695=SURFACE_STYLE_USAGE(.BOTH.,#14027);
#8696=FACE_BOUND('',#14028,.T.);
#8697=FACE_OUTER_BOUND('',#14029,.T.);
#8698=PLANE('',#14030);
#8699=SURFACE_STYLE_USAGE(.BOTH.,#14031);
#8700=FACE_OUTER_BOUND('',#14032,.T.);
#8701=PLANE('',#14033);
#8702=POINT_STYLE(' ',#14034,POSITIVE_LENGTH_MEASURE(1.0E-006),#14035);
#8703=CARTESIAN_POINT('',(0.820000000000068,7.65099999999999,-0.449999999999932));
#8704=SURFACE_STYLE_USAGE(.BOTH.,#14036);
#8705=FACE_OUTER_BOUND('',#14037,.T.);
#8706=CYLINDRICAL_SURFACE('',#14038,0.149999999999778);
#8707=POINT_STYLE(' ',#14039,POSITIVE_LENGTH_MEASURE(1.0E-006),#14040);
#8708=CARTESIAN_POINT('',(9.37877934272298,0.753873053989039,0.166650000000001));
#8709=POINT_STYLE(' ',#14041,POSITIVE_LENGTH_MEASURE(1.0E-006),#14042);
#8710=CARTESIAN_POINT('',(2.81000000000079,7.64999999999999,0.999999999999887));
#8711=POINT_STYLE(' ',#14043,POSITIVE_LENGTH_MEASURE(1.0E-006),#14044);
#8712=CARTESIAN_POINT('',(4.29877934272298,0.753873053989039,0.16665));
#8713=SURFACE_STYLE_USAGE(.BOTH.,#14045);
#8714=FACE_OUTER_BOUND('',#14046,.T.);
#8715=CYLINDRICAL_SURFACE('',#14047,0.170335669584691);
#8716=POINT_STYLE(' ',#14048,POSITIVE_LENGTH_MEASURE(1.0E-006),#14049);
#8717=CARTESIAN_POINT('',(5.90000000000007,7.65099999999999,-0.449999999999931));
#8718=POINT_STYLE(' ',#14050,POSITIVE_LENGTH_MEASURE(1.0E-006),#14051);
#8719=CARTESIAN_POINT('',(3.36000000000007,7.65099999999999,0.450000000000159));
#8720=POINT_STYLE(' ',#14052,POSITIVE_LENGTH_MEASURE(1.0E-006),#14053);
#8721=CARTESIAN_POINT('',(0.270000000000795,0.0,0.999999999999886));
#8722=CURVE_STYLE('',#14054,POSITIVE_LENGTH_MEASURE(1.0E-006),#14055);
#8723=LINE('',#14056,#14057);
#8724=CURVE_STYLE('',#14058,POSITIVE_LENGTH_MEASURE(1.0E-006),#14059);
#8725=LINE('',#14060,#14061);
#8726=POINT_STYLE(' ',#14062,POSITIVE_LENGTH_MEASURE(1.0E-006),#14063);
#8727=CARTESIAN_POINT('',(2.26999999999989,1.90282814901086,-0.16665));
#8728=SURFACE_STYLE_USAGE(.BOTH.,#14064);
#8729=FACE_OUTER_BOUND('',#14065,.T.);
#8730=PLANE('',#14066);
#8731=SURFACE_STYLE_USAGE(.BOTH.,#14067);
#8732=FACE_OUTER_BOUND('',#14068,.T.);
#8733=PLANE('',#14069);
#8734=SURFACE_STYLE_USAGE(.BOTH.,#14070);
#8735=FACE_OUTER_BOUND('',#14071,.T.);
#8736=PLANE('',#14072);
#8737=SURFACE_STYLE_USAGE(.BOTH.,#14073);
#8738=FACE_OUTER_BOUND('',#14074,.T.);
#8739=PLANE('',#14075);
#8740=POINT_STYLE(' ',#14076,POSITIVE_LENGTH_MEASURE(1.0E-006),#14077);
#8741=CARTESIAN_POINT('',(2.81000000000079,0.753873053988997,-0.16665));
#8742=CURVE_STYLE('',#14078,POSITIVE_LENGTH_MEASURE(1.0E-006),#14079);
#8743=LINE('',#14080,#14081);
#8744=CURVE_STYLE('',#14082,POSITIVE_LENGTH_MEASURE(1.0E-006),#14083);
#8745=CIRCLE('',#14084,0.170335669583282);
#8746=SURFACE_STYLE_USAGE(.BOTH.,#14085);
#8747=FACE_BOUND('',#14086,.T.);
#8748=FACE_OUTER_BOUND('',#14087,.T.);
#8749=PLANE('',#14088);
#8750=POINT_STYLE(' ',#14089,POSITIVE_LENGTH_MEASURE(1.0E-006),#14090);
#8751=CARTESIAN_POINT('',(9.88999999999989,7.64999999999999,-1.00000000000011));
#8752=POINT_STYLE(' ',#14091,POSITIVE_LENGTH_MEASURE(1.0E-006),#14092);
#8753=CARTESIAN_POINT('',(2.26999999999989,7.65099999999999,-0.449999999999932));
#8754=CURVE_STYLE('',#14093,POSITIVE_LENGTH_MEASURE(1.0E-006),#14094);
#8755=LINE('',#14095,#14096);
#8756=CURVE_STYLE('',#14097,POSITIVE_LENGTH_MEASURE(1.0E-006),#14098);
#8757=LINE('',#14099,#14100);
#8758=SURFACE_STYLE_USAGE(.BOTH.,#14101);
#8759=FACE_OUTER_BOUND('',#14102,.T.);
#8760=PLANE('',#14103);
#8761=POINT_STYLE(' ',#14104,POSITIVE_LENGTH_MEASURE(1.0E-006),#14105);
#8762=CARTESIAN_POINT('',(-2.21899999999993,8.49999999999996,0.950000000000159));
#8763=POINT_STYLE(' ',#14106,POSITIVE_LENGTH_MEASURE(1.0E-006),#14107);
#8764=CARTESIAN_POINT('',(-10.285,8.49999999999997,1.25));
#8765=POINT_STYLE(' ',#14108,POSITIVE_LENGTH_MEASURE(1.0E-006),#14109);
#8766=CARTESIAN_POINT('',(0.270000000000795,0.0,-0.775000000000091));
#8767=CURVE_STYLE('',#14110,POSITIVE_LENGTH_MEASURE(1.0E-006),#14111);
#8768=LINE('',#14112,#14113);
#8769=SURFACE_STYLE_USAGE(.BOTH.,#14114);
#8770=FACE_OUTER_BOUND('',#14115,.T.);
#8771=PLANE('',#14116);
#8772=CURVE_STYLE('',#14117,POSITIVE_LENGTH_MEASURE(1.0E-006),#14118);
#8773=LINE('',#14119,#14120);
#8774=CURVE_STYLE('',#14121,POSITIVE_LENGTH_MEASURE(1.0E-006),#14122);
#8775=LINE('',#14123,#14124);
#8776=POINT_STYLE(' ',#14125,POSITIVE_LENGTH_MEASURE(1.0E-006),#14126);
#8777=CARTESIAN_POINT('',(0.949999999999658,-2.54999999999999,0.16665));
#8778=POINT_STYLE(' ',#14127,POSITIVE_LENGTH_MEASURE(1.0E-006),#14128);
#8779=CARTESIAN_POINT('',(5.40100000000007,8.49999999999996,-0.949999999999931));
#8780=POINT_STYLE(' ',#14129,POSITIVE_LENGTH_MEASURE(1.0E-006),#14130);
#8781=CARTESIAN_POINT('',(0.820000000000068,8.00099999999996,-0.450999999999931));
#8782=CURVE_STYLE('',#14131,POSITIVE_LENGTH_MEASURE(1.0E-006),#14132);
#8783=LINE('',#14133,#14134);
#8784=CURVE_STYLE('',#14135,POSITIVE_LENGTH_MEASURE(1.0E-006),#14136);
#8785=LINE('',#14137,#14138);
#8786=CURVE_STYLE('',#14139,POSITIVE_LENGTH_MEASURE(1.0E-006),#14140);
#8787=LINE('',#14141,#14142);
#8788=CURVE_STYLE('',#14143,POSITIVE_LENGTH_MEASURE(1.0E-006),#14144);
#8789=LINE('',#14145,#14146);
#8790=POINT_STYLE(' ',#14147,POSITIVE_LENGTH_MEASURE(1.0E-006),#14148);
#8791=CARTESIAN_POINT('',(6.02999999999966,-2.54999999999999,-0.16665));
#8792=POINT_STYLE(' ',#14149,POSITIVE_LENGTH_MEASURE(1.0E-006),#14150);
#8793=CARTESIAN_POINT('',(-2.2699999999992,0.150000000000105,-0.625));
#8794=CURVE_STYLE('',#14151,POSITIVE_LENGTH_MEASURE(1.0E-006),#14152);
#8795=LINE('',#14153,#14154);
#8796=SURFACE_STYLE_USAGE(.BOTH.,#14155);
#8797=FACE_OUTER_BOUND('',#14156,.T.);
#8798=PLANE('',#14157);
#8799=POINT_STYLE(' ',#14158,POSITIVE_LENGTH_MEASURE(1.0E-006),#14159);
#8800=CARTESIAN_POINT('',(7.34999999999989,0.599999999999994,0.625));
#8801=CURVE_STYLE('',#14160,POSITIVE_LENGTH_MEASURE(1.0E-006),#14161);
#8802=LINE('',#14162,#14163);
#8803=CURVE_STYLE('',#14164,POSITIVE_LENGTH_MEASURE(1.0E-006),#14165);
#8804=LINE('',#14166,#14167);
#8805=CURVE_STYLE('',#14168,POSITIVE_LENGTH_MEASURE(1.0E-006),#14169);
#8806=LINE('',#14170,#14171);
#8807=CURVE_STYLE('',#14172,POSITIVE_LENGTH_MEASURE(1.0E-006),#14173);
#8808=LINE('',#14174,#14175);
#8809=CURVE_STYLE('',#14176,POSITIVE_LENGTH_MEASURE(1.0E-006),#14177);
#8810=LINE('',#14178,#14179);
#8811=CURVE_STYLE('',#14180,POSITIVE_LENGTH_MEASURE(1.0E-006),#14181);
#8812=LINE('',#14182,#14183);
#8813=CURVE_STYLE('',#14184,POSITIVE_LENGTH_MEASURE(1.0E-006),#14185);
#8814=LINE('',#14186,#14187);
#8815=POINT_STYLE(' ',#14188,POSITIVE_LENGTH_MEASURE(1.0E-006),#14189);
#8816=CARTESIAN_POINT('',(-9.8899999999992,1.90282814901086,-0.166650000000001));
#8817=SURFACE_STYLE_USAGE(.BOTH.,#14190);
#8818=FACE_BOUND('',#14191,.T.);
#8819=FACE_OUTER_BOUND('',#14192,.T.);
#8820=PLANE('',#14193);
#8821=CURVE_STYLE('',#14194,POSITIVE_LENGTH_MEASURE(1.0E-006),#14195);
#8822=LINE('',#14196,#14197);
#8823=POINT_STYLE(' ',#14198,POSITIVE_LENGTH_MEASURE(1.0E-006),#14199);
#8824=CARTESIAN_POINT('',(5.3500000000008,0.599999999999994,-0.625));
#8825=SURFACE_STYLE_USAGE(.BOTH.,#14200);
#8826=FACE_OUTER_BOUND('',#14201,.T.);
#8827=CYLINDRICAL_SURFACE('',#14202,0.170335669584691);
#8828=SURFACE_STYLE_USAGE(.BOTH.,#14203);
#8829=FACE_OUTER_BOUND('',#14204,.T.);
#8830=PLANE('',#14205);
#8831=SURFACE_STYLE_USAGE(.BOTH.,#14206);
#8832=FACE_OUTER_BOUND('',#14207,.T.);
#8833=PLANE('',#14208);
#8834=POINT_STYLE(' ',#14209,POSITIVE_LENGTH_MEASURE(1.0E-006),#14210);
#8835=CARTESIAN_POINT('',(9.88999999999989,0.0,-0.999999999999204));
#8836=POINT_STYLE(' ',#14211,POSITIVE_LENGTH_MEASURE(1.0E-006),#14212);
#8837=CARTESIAN_POINT('',(7.34999999999989,7.64999999999999,0.45000000000016));
#8838=CURVE_STYLE('',#14213,POSITIVE_LENGTH_MEASURE(1.0E-006),#14214);
#8839=LINE('',#14215,#14216);
#8840=SURFACE_STYLE_USAGE(.BOTH.,#14217);
#8841=FACE_OUTER_BOUND('',#14218,.T.);
#8842=PLANE('',#14219);
#8843=CURVE_STYLE('',#14220,POSITIVE_LENGTH_MEASURE(1.0E-006),#14221);
#8844=CIRCLE('',#14222,0.170335669583282);
#8845=CURVE_STYLE('',#14223,POSITIVE_LENGTH_MEASURE(1.0E-006),#14224);
#8846=LINE('',#14225,#14226);
#8847=SURFACE_STYLE_USAGE(.BOTH.,#14227);
#8848=FACE_OUTER_BOUND('',#14228,.T.);
#8849=PLANE('',#14229);
#8850=CURVE_STYLE('',#14230,POSITIVE_LENGTH_MEASURE(1.0E-006),#14231);
#8851=LINE('',#14232,#14233);
#8852=CURVE_STYLE('',#14234,POSITIVE_LENGTH_MEASURE(1.0E-006),#14235);
#8853=LINE('',#14236,#14237);
#8854=CURVE_STYLE('',#14238,POSITIVE_LENGTH_MEASURE(1.0E-006),#14239);
#8855=LINE('',#14240,#14241);
#8856=POINT_STYLE(' ',#14242,POSITIVE_LENGTH_MEASURE(1.0E-006),#14243);
#8857=CARTESIAN_POINT('',(-0.81999999999984,8.00099999999996,-0.450999999999931));
#8858=POINT_STYLE(' ',#14244,POSITIVE_LENGTH_MEASURE(1.0E-006),#14245);
#8859=CARTESIAN_POINT('',(-0.95000000000034,-2.54999999999999,0.16665));
#8860=POINT_STYLE(' ',#14246,POSITIVE_LENGTH_MEASURE(1.0E-006),#14247);
#8861=CARTESIAN_POINT('',(8.44000000000007,7.99999999999996,-0.449999999999931));
#8862=CURVE_STYLE('',#14248,POSITIVE_LENGTH_MEASURE(1.0E-006),#14249);
#8863=LINE('',#14250,#14251);
#8864=CURVE_STYLE('',#14252,POSITIVE_LENGTH_MEASURE(1.0E-006),#14253);
#8865=LINE('',#14254,#14255);
#8866=CURVE_STYLE('',#14256,POSITIVE_LENGTH_MEASURE(1.0E-006),#14257);
#8867=LINE('',#14258,#14259);
#8868=CURVE_STYLE('',#14260,POSITIVE_LENGTH_MEASURE(1.0E-006),#14261);
#8869=LINE('',#14262,#14263);
#8870=SURFACE_STYLE_USAGE(.BOTH.,#14264);
#8871=FACE_BOUND('',#14265,.T.);
#8872=FACE_OUTER_BOUND('',#14266,.T.);
#8873=PLANE('',#14267);
#8874=CURVE_STYLE('',#14268,POSITIVE_LENGTH_MEASURE(1.0E-006),#14269);
#8875=LINE('',#14270,#14271);
#8876=CURVE_STYLE('',#14272,POSITIVE_LENGTH_MEASURE(1.0E-006),#14273);
#8877=CIRCLE('',#14274,0.170335669584691);
#8878=CURVE_STYLE('',#14275,POSITIVE_LENGTH_MEASURE(1.0E-006),#14276);
#8879=LINE('',#14277,#14278);
#8880=CURVE_STYLE('',#14279,POSITIVE_LENGTH_MEASURE(1.0E-006),#14280);
#8881=LINE('',#14281,#14282);
#8882=CURVE_STYLE('',#14283,POSITIVE_LENGTH_MEASURE(1.0E-006),#14284);
#8883=LINE('',#14285,#14286);
#8884=POINT_STYLE(' ',#14287,POSITIVE_LENGTH_MEASURE(1.0E-006),#14288);
#8885=CARTESIAN_POINT('',(-9.37877934272298,0.753873053988883,-0.166650000000001));
#8886=CURVE_STYLE('',#14289,POSITIVE_LENGTH_MEASURE(1.0E-006),#14290);
#8887=LINE('',#14291,#14292);
#8888=POINT_STYLE(' ',#14293,POSITIVE_LENGTH_MEASURE(1.0E-006),#14294);
#8889=CARTESIAN_POINT('',(-4.8099999999992,1.90282814901086,-0.16665));
#8890=CURVE_STYLE('',#14295,POSITIVE_LENGTH_MEASURE(1.0E-006),#14296);
#8891=LINE('',#14297,#14298);
#8892=CURVE_STYLE('',#14299,POSITIVE_LENGTH_MEASURE(1.0E-006),#14300);
#8893=CIRCLE('',#14301,0.170335669583282);
#8894=CURVE_STYLE('',#14302,POSITIVE_LENGTH_MEASURE(1.0E-006),#14303);
#8895=LINE('',#14304,#14305);
#8896=POINT_STYLE(' ',#14306,POSITIVE_LENGTH_MEASURE(1.0E-006),#14307);
#8897=CARTESIAN_POINT('',(7.8900000000008,1.90282814901086,-0.16665));
#8898=CURVE_STYLE('',#14308,POSITIVE_LENGTH_MEASURE(1.0E-006),#14309);
#8899=LINE('',#14310,#14311);
#8900=SURFACE_STYLE_USAGE(.BOTH.,#14312);
#8901=FACE_OUTER_BOUND('',#14313,.T.);
#8902=PLANE('',#14314);
#8903=SURFACE_STYLE_USAGE(.BOTH.,#14315);
#8904=FACE_OUTER_BOUND('',#14316,.T.);
#8905=PLANE('',#14317);
#8906=POINT_STYLE(' ',#14318,POSITIVE_LENGTH_MEASURE(1.0E-006),#14319);
#8907=CARTESIAN_POINT('',(-0.95000000000034,-2.54999999999999,-0.16665));
#8908=CURVE_STYLE('',#14320,POSITIVE_LENGTH_MEASURE(1.0E-006),#14321);
#8909=LINE('',#14322,#14323);
#8910=CURVE_STYLE('',#14324,POSITIVE_LENGTH_MEASURE(1.0E-006),#14325);
#8911=CIRCLE('',#14326,0.150000000000205);
#8912=POINT_STYLE(' ',#14327,POSITIVE_LENGTH_MEASURE(1.0E-006),#14328);
#8913=CARTESIAN_POINT('',(0.270000000000795,0.599999999999994,0.625));
#8914=SURFACE_STYLE_USAGE(.BOTH.,#14329);
#8915=FACE_OUTER_BOUND('',#14330,.T.);
#8916=PLANE('',#14331);
#8917=POINT_STYLE(' ',#14332,POSITIVE_LENGTH_MEASURE(1.0E-006),#14333);
#8918=CARTESIAN_POINT('',(4.00999999999966,-3.19999999999999,0.16665));
#8919=CURVE_STYLE('',#14334,POSITIVE_LENGTH_MEASURE(1.0E-006),#14335);
#8920=LINE('',#14336,#14337);
#8921=CURVE_STYLE('',#14338,POSITIVE_LENGTH_MEASURE(1.0E-006),#14339);
#8922=LINE('',#14340,#14341);
#8923=CURVE_STYLE('',#14342,POSITIVE_LENGTH_MEASURE(1.0E-006),#14343);
#8924=LINE('',#14344,#14345);
#8925=CURVE_STYLE('',#14346,POSITIVE_LENGTH_MEASURE(1.0E-006),#14347);
#8926=LINE('',#14348,#14349);
#8927=CURVE_STYLE('',#14350,POSITIVE_LENGTH_MEASURE(1.0E-006),#14351);
#8928=LINE('',#14352,#14353);
#8929=CURVE_STYLE('',#14354,POSITIVE_LENGTH_MEASURE(1.0E-006),#14355);
#8930=CIRCLE('',#14356,0.149999999999778);
#8931=CURVE_STYLE('',#14357,POSITIVE_LENGTH_MEASURE(1.0E-006),#14358);
#8932=LINE('',#14359,#14360);
#8933=CURVE_STYLE('',#14361,POSITIVE_LENGTH_MEASURE(1.0E-006),#14362);
#8934=LINE('',#14363,#14364);
#8935=CURVE_STYLE('',#14365,POSITIVE_LENGTH_MEASURE(1.0E-006),#14366);
#8936=LINE('',#14367,#14368);
#8937=CURVE_STYLE('',#14369,POSITIVE_LENGTH_MEASURE(1.0E-006),#14370);
#8938=LINE('',#14371,#14372);
#8939=POINT_STYLE(' ',#14373,POSITIVE_LENGTH_MEASURE(1.0E-006),#14374);
#8940=CARTESIAN_POINT('',(4.75900000000016,8.49999999999996,-0.949999999999931));
#8941=CURVE_STYLE('',#14375,POSITIVE_LENGTH_MEASURE(1.0E-006),#14376);
#8942=LINE('',#14377,#14378);
#8943=CURVE_STYLE('',#14379,POSITIVE_LENGTH_MEASURE(1.0E-006),#14380);
#8944=LINE('',#14381,#14382);
#8945=CURVE_STYLE('',#14383,POSITIVE_LENGTH_MEASURE(1.0E-006),#14384);
#8946=LINE('',#14385,#14386);
#8947=POINT_STYLE(' ',#14387,POSITIVE_LENGTH_MEASURE(1.0E-006),#14388);
#8948=CARTESIAN_POINT('',(1.58999999999966,0.58720638732241,0.16665));
#8949=CURVE_STYLE('',#14389,POSITIVE_LENGTH_MEASURE(1.0E-006),#14390);
#8950=LINE('',#14391,#14392);
#8951=CURVE_STYLE('',#14393,POSITIVE_LENGTH_MEASURE(1.0E-006),#14394);
#8952=LINE('',#14395,#14396);
#8953=CURVE_STYLE('',#14397,POSITIVE_LENGTH_MEASURE(1.0E-006),#14398);
#8954=LINE('',#14399,#14400);
#8955=SURFACE_STYLE_USAGE(.BOTH.,#14401);
#8956=FACE_OUTER_BOUND('',#14402,.T.);
#8957=PLANE('',#14403);
#8958=SURFACE_STYLE_USAGE(.BOTH.,#14404);
#8959=FACE_OUTER_BOUND('',#14405,.T.);
#8960=PLANE('',#14406);
#8961=SURFACE_STYLE_USAGE(.BOTH.,#14407);
#8962=FACE_OUTER_BOUND('',#14408,.T.);
#8963=PLANE('',#14409);
#8964=CURVE_STYLE('',#14410,POSITIVE_LENGTH_MEASURE(1.0E-006),#14411);
#8965=LINE('',#14412,#14413);
#8966=SURFACE_STYLE_USAGE(.BOTH.,#14414);
#8967=FACE_OUTER_BOUND('',#14415,.T.);
#8968=CYLINDRICAL_SURFACE('',#14416,0.170335669583282);
#8969=POINT_STYLE(' ',#14417,POSITIVE_LENGTH_MEASURE(1.0E-006),#14418);
#8970=CARTESIAN_POINT('',(6.83877934272298,0.753873053989039,0.16665));
#8971=CURVE_STYLE('',#14419,POSITIVE_LENGTH_MEASURE(1.0E-006),#14420);
#8972=LINE('',#14421,#14422);
#8973=SURFACE_STYLE_USAGE(.BOTH.,#14423);
#8974=FACE_OUTER_BOUND('',#14424,.T.);
#8975=CYLINDRICAL_SURFACE('',#14425,0.170335669583282);
#8976=CURVE_STYLE('',#14426,POSITIVE_LENGTH_MEASURE(1.0E-006),#14427);
#8977=LINE('',#14428,#14429);
#8978=CURVE_STYLE('',#14430,POSITIVE_LENGTH_MEASURE(1.0E-006),#14431);
#8979=LINE('',#14432,#14433);
#8980=POINT_STYLE(' ',#14434,POSITIVE_LENGTH_MEASURE(1.0E-006),#14435);
#8981=CARTESIAN_POINT('',(-8.57,7.68,0.32));
#8982=POINT_STYLE(' ',#14436,POSITIVE_LENGTH_MEASURE(1.0E-006),#14437);
#8983=CARTESIAN_POINT('',(-2.2699999999992,1.90282814901086,0.16665));
#8984=CURVE_STYLE('',#14438,POSITIVE_LENGTH_MEASURE(1.0E-006),#14439);
#8985=LINE('',#14440,#14441);
#8986=CURVE_STYLE('',#14442,POSITIVE_LENGTH_MEASURE(1.0E-006),#14443);
#8987=LINE('',#14444,#14445);
#8988=CURVE_STYLE('',#14446,POSITIVE_LENGTH_MEASURE(1.0E-006),#14447);
#8989=LINE('',#14448,#14449);
#8990=CURVE_STYLE('',#14450,POSITIVE_LENGTH_MEASURE(1.0E-006),#14451);
#8991=CIRCLE('',#14452,0.170335669584691);
#8992=POINT_STYLE(' ',#14453,POSITIVE_LENGTH_MEASURE(1.0E-006),#14454);
#8993=CARTESIAN_POINT('',(2.26999999999989,0.599999999999994,-0.625));
#8994=CURVE_STYLE('',#14455,POSITIVE_LENGTH_MEASURE(1.0E-006),#14456);
#8995=LINE('',#14457,#14458);
#8996=CURVE_STYLE('',#14459,POSITIVE_LENGTH_MEASURE(1.0E-006),#14460);
#8997=LINE('',#14461,#14462);
#8998=CURVE_STYLE('',#14463,POSITIVE_LENGTH_MEASURE(1.0E-006),#14464);
#8999=CIRCLE('',#14465,0.150000000000205);
#9000=CURVE_STYLE('',#14466,POSITIVE_LENGTH_MEASURE(1.0E-006),#14467);
#9001=LINE('',#14468,#14469);
#9002=CURVE_STYLE('',#14470,POSITIVE_LENGTH_MEASURE(1.0E-006),#14471);
#9003=LINE('',#14472,#14473);
#9004=POINT_STYLE(' ',#14474,POSITIVE_LENGTH_MEASURE(1.0E-006),#14475);
#9005=CARTESIAN_POINT('',(5.86122065727702,0.753873053988883,-0.16665));
#9006=POINT_STYLE(' ',#14476,POSITIVE_LENGTH_MEASURE(1.0E-006),#14477);
#9007=CARTESIAN_POINT('',(7.8900000000008,7.64999999999999,-0.449999999999931));
#9008=POINT_STYLE(' ',#14478,POSITIVE_LENGTH_MEASURE(1.0E-006),#14479);
#9009=CARTESIAN_POINT('',(6.80000000000016,7.99999999999996,0.45000000000016));
#9010=CURVE_STYLE('',#14480,POSITIVE_LENGTH_MEASURE(1.0E-006),#14481);
#9011=LINE('',#14482,#14483);
#9012=CURVE_STYLE('',#14484,POSITIVE_LENGTH_MEASURE(1.0E-006),#14485);
#9013=LINE('',#14486,#14487);
#9014=POINT_STYLE(' ',#14488,POSITIVE_LENGTH_MEASURE(1.0E-006),#14489);
#9015=CARTESIAN_POINT('',(6.14999999999966,-3.19999999999999,-0.16665));
#9016=POINT_STYLE(' ',#14490,POSITIVE_LENGTH_MEASURE(1.0E-006),#14491);
#9017=CARTESIAN_POINT('',(8.56999999999966,0.587206387322199,-0.166649999999999));
#9018=CURVE_STYLE('',#14492,POSITIVE_LENGTH_MEASURE(1.0E-006),#14493);
#9019=LINE('',#14494,#14495);
#9020=POINT_STYLE(' ',#14496,POSITIVE_LENGTH_MEASURE(1.0E-006),#14497);
#9021=CARTESIAN_POINT('',(-9.8899999999992,1.90282814901086,0.166649999999999));
#9022=CURVE_STYLE('',#14498,POSITIVE_LENGTH_MEASURE(1.0E-006),#14499);
#9023=LINE('',#14500,#14501);
#9024=CURVE_STYLE('',#14502,POSITIVE_LENGTH_MEASURE(1.0E-006),#14503);
#9025=LINE('',#14504,#14505);
#9026=POINT_STYLE(' ',#14506,POSITIVE_LENGTH_MEASURE(1.0E-006),#14507);
#9027=CARTESIAN_POINT('',(5.3500000000008,7.64999999999999,0.999999999999887));
#9028=CURVE_STYLE('',#14508,POSITIVE_LENGTH_MEASURE(1.0E-006),#14509);
#9029=LINE('',#14510,#14511);
#9030=CURVE_STYLE('',#14512,POSITIVE_LENGTH_MEASURE(1.0E-006),#14513);
#9031=LINE('',#14514,#14515);
#9032=CURVE_STYLE('',#14516,POSITIVE_LENGTH_MEASURE(1.0E-006),#14517);
#9033=LINE('',#14518,#14519);
#9034=POINT_STYLE(' ',#14520,POSITIVE_LENGTH_MEASURE(1.0E-006),#14521);
#9035=CARTESIAN_POINT('',(-7.35000000000011,7.65099999999999,-0.449999999999932));
#9036=POINT_STYLE(' ',#14522,POSITIVE_LENGTH_MEASURE(1.0E-006),#14523);
#9037=CARTESIAN_POINT('',(6.80000000000016,7.99999999999996,-0.449999999999931));
#9038=CURVE_STYLE('',#14524,POSITIVE_LENGTH_MEASURE(1.0E-006),#14525);
#9039=LINE('',#14526,#14527);
#9040=POINT_STYLE(' ',#14528,POSITIVE_LENGTH_MEASURE(1.0E-006),#14529);
#9041=CARTESIAN_POINT('',(-7.89000000000011,0.150000000000105,-0.625));
#9042=POINT_STYLE(' ',#14530,POSITIVE_LENGTH_MEASURE(1.0E-006),#14531);
#9043=CARTESIAN_POINT('',(0.270000000000795,0.753873053988997,-0.16665));
#9044=POINT_STYLE(' ',#14532,POSITIVE_LENGTH_MEASURE(1.0E-006),#14533);
#9045=CARTESIAN_POINT('',(7.8900000000008,0.753873053988997,-0.16665));
#9046=CURVE_STYLE('',#14534,POSITIVE_LENGTH_MEASURE(1.0E-006),#14535);
#9047=LINE('',#14536,#14537);
#9048=CURVE_STYLE('',#14538,POSITIVE_LENGTH_MEASURE(1.0E-006),#14539);
#9049=LINE('',#14540,#14541);
#9050=CURVE_STYLE('',#14542,POSITIVE_LENGTH_MEASURE(1.0E-006),#14543);
#9051=LINE('',#14544,#14545);
#9052=CURVE_STYLE('',#14546,POSITIVE_LENGTH_MEASURE(1.0E-006),#14547);
#9053=LINE('',#14548,#14549);
#9054=POINT_STYLE(' ',#14550,POSITIVE_LENGTH_MEASURE(1.0E-006),#14551);
#9055=CARTESIAN_POINT('',(-9.59,7.64999999999999,0.7));
#9056=POINT_STYLE(' ',#14552,POSITIVE_LENGTH_MEASURE(1.0E-006),#14553);
#9057=CARTESIAN_POINT('',(-5.35000000000011,1.90282814901086,0.16665));
#9058=SURFACE_STYLE_USAGE(.BOTH.,#14554);
#9059=FACE_OUTER_BOUND('',#14555,.T.);
#9060=PLANE('',#14556);
#9061=SURFACE_STYLE_USAGE(.BOTH.,#14557);
#9062=FACE_OUTER_BOUND('',#14558,.T.);
#9063=PLANE('',#14559);
#9064=CURVE_STYLE('',#14560,POSITIVE_LENGTH_MEASURE(1.0E-006),#14561);
#9065=LINE('',#14562,#14563);
#9066=POINT_STYLE(' ',#14564,POSITIVE_LENGTH_MEASURE(1.0E-006),#14565);
#9067=CARTESIAN_POINT('',(-2.2699999999992,0.753873053988997,0.16665));
#9068=CURVE_STYLE('',#14566,POSITIVE_LENGTH_MEASURE(1.0E-006),#14567);
#9069=LINE('',#14568,#14569);
#9070=POINT_STYLE(' ',#14570,POSITIVE_LENGTH_MEASURE(1.0E-006),#14571);
#9071=CARTESIAN_POINT('',(-5.35000000000011,0.599999999999994,0.625));
#9072=POINT_STYLE(' ',#14572,POSITIVE_LENGTH_MEASURE(1.0E-006),#14573);
#9073=CARTESIAN_POINT('',(-5.89999999999984,7.99999999999996,0.450000000000159));
#9074=CURVE_STYLE('',#14574,POSITIVE_LENGTH_MEASURE(1.0E-006),#14575);
#9075=LINE('',#14576,#14577);
#9076=SURFACE_STYLE_USAGE(.BOTH.,#14578);
#9077=FACE_OUTER_BOUND('',#14579,.T.);
#9078=PLANE('',#14580);
#9079=SURFACE_STYLE_USAGE(.BOTH.,#14581);
#9080=FACE_OUTER_BOUND('',#14582,.T.);
#9081=PLANE('',#14583);
#9082=CURVE_STYLE('',#14584,POSITIVE_LENGTH_MEASURE(1.0E-006),#14585);
#9083=LINE('',#14586,#14587);
#9084=SURFACE_STYLE_USAGE(.BOTH.,#14588);
#9085=FACE_OUTER_BOUND('',#14589,.T.);
#9086=PLANE('',#14590);
#9087=CURVE_STYLE('',#14591,POSITIVE_LENGTH_MEASURE(1.0E-006),#14592);
#9088=LINE('',#14593,#14594);
#9089=CURVE_STYLE('',#14595,POSITIVE_LENGTH_MEASURE(1.0E-006),#14596);
#9090=LINE('',#14597,#14598);
#9091=POINT_STYLE(' ',#14599,POSITIVE_LENGTH_MEASURE(1.0E-006),#14600);
#9092=CARTESIAN_POINT('',(-0.32099999999984,8.49999999999996,-0.949999999999932));
#9093=CURVE_STYLE('',#14601,POSITIVE_LENGTH_MEASURE(1.0E-006),#14602);
#9094=LINE('',#14603,#14604);
#9095=CURVE_STYLE('',#14605,POSITIVE_LENGTH_MEASURE(1.0E-006),#14606);
#9096=LINE('',#14607,#14608);
#9097=POINT_STYLE(' ',#14609,POSITIVE_LENGTH_MEASURE(1.0E-006),#14610);
#9098=CARTESIAN_POINT('',(-0.270000000000113,0.599999999999994,0.625));
#9099=SURFACE_STYLE_USAGE(.BOTH.,#14611);
#9100=FACE_OUTER_BOUND('',#14612,.T.);
#9101=PLANE('',#14613);
#9102=POINT_STYLE(' ',#14614,POSITIVE_LENGTH_MEASURE(1.0E-006),#14615);
#9103=CARTESIAN_POINT('',(2.26999999999989,0.0,-0.775000000000091));
#9104=POINT_STYLE(' ',#14616,POSITIVE_LENGTH_MEASURE(1.0E-006),#14617);
#9105=CARTESIAN_POINT('',(-1.07000000000034,-3.19999999999999,-0.16665));
#9106=CURVE_STYLE('',#14618,POSITIVE_LENGTH_MEASURE(1.0E-006),#14619);
#9107=LINE('',#14620,#14621);
#9108=CURVE_STYLE('',#14622,POSITIVE_LENGTH_MEASURE(1.0E-006),#14623);
#9109=LINE('',#14624,#14625);
#9110=SURFACE_STYLE_USAGE(.BOTH.,#14626);
#9111=FACE_OUTER_BOUND('',#14627,.T.);
#9112=PLANE('',#14628);
#9113=SURFACE_STYLE_USAGE(.BOTH.,#14629);
#9114=FACE_OUTER_BOUND('',#14630,.T.);
#9115=PLANE('',#14631);
#9116=POINT_STYLE(' ',#14632,POSITIVE_LENGTH_MEASURE(1.0E-006),#14633);
#9117=CARTESIAN_POINT('',(-2.2699999999992,1.90282814901086,-0.16665));
#9118=POINT_STYLE(' ',#14634,POSITIVE_LENGTH_MEASURE(1.0E-006),#14635);
#9119=CARTESIAN_POINT('',(9.88999999999989,0.753873053989039,0.166650000000001));
#9120=CURVE_STYLE('',#14636,POSITIVE_LENGTH_MEASURE(1.0E-006),#14637);
#9121=LINE('',#14638,#14639);
#9122=CURVE_STYLE('',#14640,POSITIVE_LENGTH_MEASURE(1.0E-006),#14641);
#9123=LINE('',#14642,#14643);
#9124=CURVE_STYLE('',#14644,POSITIVE_LENGTH_MEASURE(1.0E-006),#14645);
#9125=LINE('',#14646,#14647);
#9126=POINT_STYLE(' ',#14648,POSITIVE_LENGTH_MEASURE(1.0E-006),#14649);
#9127=CARTESIAN_POINT('',(-9.21,7.68,0.32));
#9128=POINT_STYLE(' ',#14650,POSITIVE_LENGTH_MEASURE(1.0E-006),#14651);
#9129=CARTESIAN_POINT('',(-8.57000000000034,-2.54999999999999,-0.166650000000001));
#9130=CURVE_STYLE('',#14652,POSITIVE_LENGTH_MEASURE(1.0E-006),#14653);
#9131=LINE('',#14654,#14655);
#9132=CURVE_STYLE('',#14656,POSITIVE_LENGTH_MEASURE(1.0E-006),#14657);
#9133=LINE('',#14658,#14659);
#9134=CURVE_STYLE('',#14660,POSITIVE_LENGTH_MEASURE(1.0E-006),#14661);
#9135=LINE('',#14662,#14663);
#9136=CURVE_STYLE('',#14664,POSITIVE_LENGTH_MEASURE(1.0E-006),#14665);
#9137=LINE('',#14666,#14667);
#9138=CURVE_STYLE('',#14668,POSITIVE_LENGTH_MEASURE(1.0E-006),#14669);
#9139=LINE('',#14670,#14671);
#9140=POINT_STYLE(' ',#14672,POSITIVE_LENGTH_MEASURE(1.0E-006),#14673);
#9141=CARTESIAN_POINT('',(-0.81999999999984,8.00099999999996,0.451000000000159));
#9142=CURVE_STYLE('',#14674,POSITIVE_LENGTH_MEASURE(1.0E-006),#14675);
#9143=CIRCLE('',#14676,0.150000000000205);
#9144=POINT_STYLE(' ',#14677,POSITIVE_LENGTH_MEASURE(1.0E-006),#14678);
#9145=CARTESIAN_POINT('',(8.68999999999966,-3.19999999999999,-0.166649999999999));
#9146=CURVE_STYLE('',#14679,POSITIVE_LENGTH_MEASURE(1.0E-006),#14680);
#9147=LINE('',#14681,#14682);
#9148=CURVE_STYLE('',#14683,POSITIVE_LENGTH_MEASURE(1.0E-006),#14684);
#9149=LINE('',#14685,#14686);
#9150=POINT_STYLE(' ',#14687,POSITIVE_LENGTH_MEASURE(1.0E-006),#14688);
#9151=CARTESIAN_POINT('',(-1.07000000000034,-3.19999999999999,0.16665));
#9152=POINT_STYLE(' ',#14689,POSITIVE_LENGTH_MEASURE(1.0E-006),#14690);
#9153=CARTESIAN_POINT('',(-1.59000000000034,-2.54999999999999,0.16665));
#9154=CURVE_STYLE('',#14691,POSITIVE_LENGTH_MEASURE(1.0E-006),#14692);
#9155=LINE('',#14693,#14694);
#9156=PRODUCT_CONTEXT('',#1770,'mechanical');
#9157=PRODUCT_DEFINITION_FORMATION_WITH_SPECIFIED_SOURCE(' ','NONE',#5303,.NOT_KNOWN.);
#9158=CLOSED_SHELL('',(#3354,#3382,#4408,#4366,#2006,#4760,#2528,#4320,#4990,#2900,#3880,#3788,#2828,#4814,#3358,#4244,#4970,#4114,#5118,#2560,#3990,#1958,#4944,#3036,#3796,#4804,#4732,#3138,#3696,#2738,#3238,#4776,#3220,#2376,#3254,#5236,#3838,#2892,#3292,#4896,#5230,#4880,#2452,#4352,#3856,#5130,#5260,#3522,#3250,#2260,#3176,#2954,#1826,#2342,#5066,#4312,#4696,#2312,#2250,#1890,#4618,#3102,#3702,#4996,#3680,#4868,#2348,#2156,#2400,#4078,#2500,#3742,#4674,#2132,#2426,#3854,#4912,#3028,#1870,#3614,#1968,#5124,#5250,#1820,#2626,#4264,#2220,#4432,#2386,#3550,#3672,#4068,#2122,#3110,#4554,#3872,#2748,#4334,#1986,#2922,#2246,#1790,#4524,#5064,#2852,#4024,#1974,#3904,#4484,#4538,#2650,#3730,#2766,#3552,#4188,#2746,#5232,#2454,#3900,#2318,#3640,#2166,#2786,#4810,#2248,#5214,#4130,#2288,#2882,#3948,#3202,#1954,#4314,#5014,#3464,#1834,#3428,#4220,#4228,#3078,#4200,#4840,#2618,#2854,#3658,#4080,#3308,#1798,#4634,#2590,#2548,#4730,#1994,#3782,#2616,#4858,#4784,#4650,#2084,#3374,#2770,#4888,#5036,#4110,#4082,#3484,#3528,#2136,#4914,#4434,#1892,#3454,#3404,#1858,#4294,#2810,#1970,#4456,#4306,#4934,#3752,#3506,#3188,#4882,#4666,#2138,#1844,#4246,#2864,#3604,#4998,#2092,#2908,#2552,#3472,#2212,#2336,#2162,#3424,#4502,#4816,#3600,#4056,#3190,#2812,#1814,#2604,#2846,#4864,#4826,#4238,#4860,#3844,#5116,#4332,#2894,#4046,#3820,#4916,#5076,#3798,#4132,#4156,#5000,#4386,#4140,#2370,#3952,#4212,#3992,#2008,#4122,#1784,#3974,#3736,#2104,#2468,#3274,#2226,#3780,#4884,#4102,#1952,#2456,#3366,#2140,#3196,#4598,#2976,#2244,#1916,#1962,#3914,#4750,#5120,#3336,#3524,#2146,#3768,#3544,#3060,#2986,#3218,#3256,#2736,#5216,#4576,#4910,#4924,#2142,#3520,#3668,#2530,#4406,#2520,#2332,#1904,#2126,#5008,#2294,#2106,#5262,#3514,#3582,#2648,#1818,#3732,#1966,#1856,#2304));
#9159=CARTESIAN_POINT('',(0.0,0.0,0.0));
#9160=DIRECTION('',(0.0,0.0,1.0));
#9161=DIRECTION('',(1.0,0.0,0.0));
#9162= (NAMED_UNIT(#5312)LENGTH_UNIT()SI_UNIT(.MILLI.,.METRE.));
#9163=SURFACE_SIDE_STYLE('',(#14696));
#9164=EDGE_LOOP('',(#14697,#14698,#14699,#14700,#14701,#14702));
#9165=AXIS2_PLACEMENT_3D('',#14703,#14704,#14705);
#9166=PRE_DEFINED_MARKER('');
#9167=COLOUR_RGB('',0.87058824300766,0.87058824300766,0.87058824300766);
#9168=PRE_DEFINED_MARKER('');
#9169=COLOUR_RGB('',0.0,0.0,0.0);
#9170=SURFACE_SIDE_STYLE('',(#14706));
#9171=EDGE_LOOP('',(#14707,#14708,#14709,#14710,#14711,#14712,#14713,#14714,#14715,#14716,#14717,#14718));
#9172=AXIS2_PLACEMENT_3D('',#14719,#14720,#14721);
#9173=PRE_DEFINED_MARKER('');
#9174=COLOUR_RGB('',0.0,0.0,0.0);
#9175=DRAUGHTING_PRE_DEFINED_CURVE_FONT('continuous');
#9176=COLOUR_RGB('',0.0,0.0,0.0);
#9177=CARTESIAN_POINT('',(-4.77616666666658,8.51716666666661,0.967166666666809));
#9178=VECTOR('',#14722,1.0);
#9179=DRAUGHTING_PRE_DEFINED_CURVE_FONT('continuous');
#9180=COLOUR_RGB('',0.87058824300766,0.87058824300766,0.87058824300766);
#9181=CARTESIAN_POINT('',(6.14999999999966,-3.19999999999999,-0.16665));
#9182=VECTOR('',#14723,0.999999999999999);
#9183=SURFACE_SIDE_STYLE('',(#14724));
#9184=EDGE_LOOP('',(#14725,#14726,#14727,#14728));
#9185=AXIS2_PLACEMENT_3D('',#14729,#14730,#14731);
#9186=PRE_DEFINED_MARKER('');
#9187=COLOUR_RGB('',0.87058824300766,0.87058824300766,0.87058824300766);
#9188=PRE_DEFINED_MARKER('');
#9189=COLOUR_RGB('',0.0,0.0,0.0);
#9190=DRAUGHTING_PRE_DEFINED_CURVE_FONT('continuous');
#9191=COLOUR_RGB('',0.0,0.0,0.0);
#9192=CARTESIAN_POINT('',(7.29900000000017,8.49999999999997,1.375));
#9193=VECTOR('',#14732,1.0);
#9194=PRE_DEFINED_MARKER('');
#9195=COLOUR_RGB('',0.0,0.0,0.0);
#9196=DRAUGHTING_PRE_DEFINED_CURVE_FONT('continuous');
#9197=COLOUR_RGB('',0.0,0.0,0.0);
#9198=CARTESIAN_POINT('',(1.23616666666681,7.51716666666661,0.0328333333334181));
#9199=VECTOR('',#14733,1.0);
#9200=DRAUGHTING_PRE_DEFINED_CURVE_FONT('continuous');
#9201=COLOUR_RGB('',0.0,0.0,0.0);
#9202=AXIS2_PLACEMENT_3D('',#14734,#14735,#14736);
#9203=DRAUGHTING_PRE_DEFINED_CURVE_FONT('continuous');
#9204=COLOUR_RGB('',0.0,0.0,0.0);
#9205=CARTESIAN_POINT('',(-4.8099999999992,7.64999999999999,1.24999999999994));
#9206=VECTOR('',#14737,1.0);
#9207=SURFACE_SIDE_STYLE('',(#14738));
#9208=EDGE_LOOP('',(#14739,#14740,#14741,#14742));
#9209=AXIS2_PLACEMENT_3D('',#14743,#14744,#14745);
#9210=PRE_DEFINED_MARKER('');
#9211=COLOUR_RGB('',0.0,0.0,0.0);
#9212=SURFACE_SIDE_STYLE('',(#14746));
#9213=EDGE_LOOP('',(#14747,#14748,#14749,#14750));
#9214=AXIS2_PLACEMENT_3D('',#14751,#14752,#14753);
#9215=SURFACE_SIDE_STYLE('',(#14754));
#9216=EDGE_LOOP('',(#14755,#14756,#14757,#14758));
#9217=AXIS2_PLACEMENT_3D('',#14759,#14760,#14761);
#9218=DRAUGHTING_PRE_DEFINED_CURVE_FONT('continuous');
#9219=COLOUR_RGB('',0.0,0.0,0.0);
#9220=CARTESIAN_POINT('',(-0.819999999999841,8.00099999999996,1.5));
#9221=VECTOR('',#14762,1.0);
#9222=PRE_DEFINED_MARKER('');
#9223=COLOUR_RGB('',0.0,0.0,0.0);
#9224=SURFACE_SIDE_STYLE('',(#14763));
#9225=EDGE_LOOP('',(#14764,#14765,#14766,#14767));
#9226=AXIS2_PLACEMENT_3D('',#14768,#14769,#14770);
#9227=DRAUGHTING_PRE_DEFINED_CURVE_FONT('continuous');
#9228=COLOUR_RGB('',0.87058824300766,0.87058824300766,0.87058824300766);
#9229=AXIS2_PLACEMENT_3D('',#14771,#14772,#14773);
#9230=PRE_DEFINED_MARKER('');
#9231=COLOUR_RGB('',0.87058824300766,0.87058824300766,0.87058824300766);
#9232=DRAUGHTING_PRE_DEFINED_CURVE_FONT('continuous');
#9233=COLOUR_RGB('',0.0,0.0,0.0);
#9234=CARTESIAN_POINT('',(-0.270000000000113,4.37050000000003,-0.449999999999932));
#9235=VECTOR('',#14774,1.0);
#9236=SURFACE_SIDE_STYLE('',(#14775));
#9237=EDGE_LOOP('',(#14776,#14777,#14778,#14779));
#9238=AXIS2_PLACEMENT_3D('',#14780,#14781,#14782);
#9239=DRAUGHTING_PRE_DEFINED_CURVE_FONT('continuous');
#9240=COLOUR_RGB('',0.0,0.0,0.0);
#9241=CARTESIAN_POINT('',(4.26000000000016,7.65049999999999,0.450000000000159));
#9242=VECTOR('',#14783,1.0);
#9243=PRE_DEFINED_MARKER('');
#9244=COLOUR_RGB('',0.87058824300766,0.87058824300766,0.87058824300766);
#9245=PRE_DEFINED_MARKER('');
#9246=COLOUR_RGB('',0.0,0.0,0.0);
#9247=PRE_DEFINED_MARKER('');
#9248=COLOUR_RGB('',0.0,0.0,0.0);
#9249=SURFACE_SIDE_STYLE('',(#14784));
#9250=EDGE_LOOP('',(#14785,#14786,#14787,#14788,#14789,#14790));
#9251=AXIS2_PLACEMENT_3D('',#14791,#14792,#14793);
#9252=PRE_DEFINED_MARKER('');
#9253=COLOUR_RGB('',0.0,0.0,0.0);
#9254=DRAUGHTING_PRE_DEFINED_CURVE_FONT('continuous');
#9255=COLOUR_RGB('',0.0,0.0,0.0);
#9256=CARTESIAN_POINT('',(-5.31,7.99999999999996,0.450000000000159));
#9257=VECTOR('',#14794,1.0);
#9258=DRAUGHTING_PRE_DEFINED_CURVE_FONT('continuous');
#9259=COLOUR_RGB('',0.0,0.0,0.0);
#9260=CARTESIAN_POINT('',(-6.38383333333319,7.51716666666661,0.0328333333334176));
#9261=VECTOR('',#14795,1.0);
#9262=PRE_DEFINED_MARKER('');
#9263=COLOUR_RGB('',0.0,0.0,0.0);
#9264=PRE_DEFINED_MARKER('');
#9265=COLOUR_RGB('',0.0,0.0,0.0);
#9266=SURFACE_SIDE_STYLE('',(#14796));
#9267=EDGE_LOOP('',(#14797,#14798,#14799,#14800,#14801,#14802,#14803,#14804,#14805,#14806));
#9268=AXIS2_PLACEMENT_3D('',#14807,#14808,#14809);
#9269=SURFACE_SIDE_STYLE('',(#14810));
#9270=EDGE_LOOP('',(#14811,#14812,#14813,#14814,#14815,#14816));
#9271=AXIS2_PLACEMENT_3D('',#14817,#14818,#14819);
#9272=DRAUGHTING_PRE_DEFINED_CURVE_FONT('continuous');
#9273=COLOUR_RGB('',0.87058824300766,0.87058824300766,0.87058824300766);
#9274=AXIS2_PLACEMENT_3D('',#14820,#14821,#14822);
#9275=DRAUGHTING_PRE_DEFINED_CURVE_FONT('continuous');
#9276=COLOUR_RGB('',0.87058824300766,0.87058824300766,0.87058824300766);
#9277=CARTESIAN_POINT('',(6.66999999999966,-2.54999999999999,0.16665));
#9278=VECTOR('',#14823,1.0);
#9279=DRAUGHTING_PRE_DEFINED_CURVE_FONT('continuous');
#9280=COLOUR_RGB('',0.0,0.0,0.0);
#9281=CARTESIAN_POINT('',(2.81000000000079,0.740500000000222,-0.999999999999204));
#9282=VECTOR('',#14824,1.0);
#9283=PRE_DEFINED_MARKER('');
#9284=COLOUR_RGB('',0.0,0.0,0.0);
#9285=DRAUGHTING_PRE_DEFINED_CURVE_FONT('continuous');
#9286=COLOUR_RGB('',0.0,0.0,0.0);
#9287=CARTESIAN_POINT('',(-8.43999999999984,7.65049999999999,0.450000000000159));
#9288=VECTOR('',#14825,1.0);
#9289=SURFACE_SIDE_STYLE('',(#14826));
#9290=EDGE_LOOP('',(#14827,#14828,#14829,#14830,#14831,#14832,#14833,#14834,#14835,#14836,#14837,#14838));
#9291=AXIS2_PLACEMENT_3D('',#14839,#14840,#14841);
#9292=DRAUGHTING_PRE_DEFINED_CURVE_FONT('continuous');
#9293=COLOUR_RGB('',0.0,0.0,0.0);
#9294=CARTESIAN_POINT('',(-7.89000000000011,7.65099999999999,1.5));
#9295=VECTOR('',#14842,1.0);
#9296=DRAUGHTING_PRE_DEFINED_CURVE_FONT('continuous');
#9297=COLOUR_RGB('',0.0,0.0,0.0);
#9298=CARTESIAN_POINT('',(4.80999999999989,0.670499999999941,0.624999999999983));
#9299=VECTOR('',#14843,1.0);
#9300=PRE_DEFINED_MARKER('');
#9301=COLOUR_RGB('',0.0,0.0,0.0);
#9302=PRE_DEFINED_MARKER('');
#9303=COLOUR_RGB('',0.87058824300766,0.87058824300766,0.87058824300766);
#9304=DRAUGHTING_PRE_DEFINED_CURVE_FONT('continuous');
#9305=COLOUR_RGB('',0.0,0.0,0.0);
#9306=CARTESIAN_POINT('',(-0.270000000000113,4.19550000000005,0.450000000000159));
#9307=VECTOR('',#14844,1.0);
#9308=DRAUGHTING_PRE_DEFINED_CURVE_FONT('continuous');
#9309=COLOUR_RGB('',0.0,0.0,0.0);
#9310=CARTESIAN_POINT('',(-5.2575,8.49999999999997,0.950000000000173));
#9311=VECTOR('',#14845,1.0);
#9312=PRE_DEFINED_MARKER('');
#9313=COLOUR_RGB('',0.0,0.0,0.0);
#9314=PRE_DEFINED_MARKER('');
#9315=COLOUR_RGB('',0.0,0.0,0.0);
#9316=PRE_DEFINED_MARKER('');
#9317=COLOUR_RGB('',0.0,0.0,0.0);
#9318=SURFACE_SIDE_STYLE('',(#14846));
#9319=EDGE_LOOP('',(#14847,#14848,#14849,#14850));
#9320=AXIS2_PLACEMENT_3D('',#14851,#14852,#14853);
#9321=SURFACE_SIDE_STYLE('',(#14854));
#9322=EDGE_LOOP('',(#14855,#14856,#14857,#14858));
#9323=AXIS2_PLACEMENT_3D('',#14859,#14860,#14861);
#9324=DRAUGHTING_PRE_DEFINED_CURVE_FONT('continuous');
#9325=COLOUR_RGB('',0.0,0.0,0.0);
#9326=CARTESIAN_POINT('',(-7.89000000000011,4.19550000000005,0.450000000000159));
#9327=VECTOR('',#14862,1.0);
#9328=DRAUGHTING_PRE_DEFINED_CURVE_FONT('continuous');
#9329=COLOUR_RGB('',0.0,0.0,0.0);
#9330=CARTESIAN_POINT('',(0.270000000000795,7.64999999999999,1.24999999999994));
#9331=VECTOR('',#14863,1.0);
#9332=DRAUGHTING_PRE_DEFINED_CURVE_FONT('continuous');
#9333=COLOUR_RGB('',0.87058824300766,0.87058824300766,0.87058824300766);
#9334=CARTESIAN_POINT('',(6.02999999999966,-2.54999999999999,0.16665));
#9335=VECTOR('',#14864,1.0);
#9336=DRAUGHTING_PRE_DEFINED_CURVE_FONT('continuous');
#9337=COLOUR_RGB('',0.0,0.0,0.0);
#9338=CARTESIAN_POINT('',(7.8900000000008,4.37050000000009,-0.449999999999931));
#9339=VECTOR('',#14865,1.0);
#9340=PRE_DEFINED_MARKER('');
#9341=COLOUR_RGB('',0.0,0.0,0.0);
#9342=SURFACE_SIDE_STYLE('',(#14866));
#9343=EDGE_LOOP('',(#14867,#14868,#14869,#14870,#14871,#14872,#14873,#14874));
#9344=AXIS2_PLACEMENT_3D('',#14875,#14876,#14877);
#9345=PRE_DEFINED_MARKER('');
#9346=COLOUR_RGB('',0.0,0.0,0.0);
#9347=DRAUGHTING_PRE_DEFINED_CURVE_FONT('continuous');
#9348=COLOUR_RGB('',0.87058824300766,0.87058824300766,0.87058824300766);
#9349=CARTESIAN_POINT('',(-9.09000000000034,-3.19999999999999,0.166649999999999));
#9350=VECTOR('',#14878,0.999999999999999);
#9351=DRAUGHTING_PRE_DEFINED_CURVE_FONT('continuous');
#9352=COLOUR_RGB('',0.0,0.0,0.0);
#9353=CARTESIAN_POINT('',(-10.39,7.99999999999996,-0.449999999999932));
#9354=VECTOR('',#14879,1.0);
#9355=DRAUGHTING_PRE_DEFINED_CURVE_FONT('continuous');
#9356=COLOUR_RGB('',0.0,0.0,0.0);
#9357=CARTESIAN_POINT('',(-7.89000000000011,1.90282814901086,0.833325));
#9358=VECTOR('',#14880,1.0);
#9359=PRE_DEFINED_MARKER('');
#9360=COLOUR_RGB('',0.0,0.0,0.0);
#9361=SURFACE_SIDE_STYLE('',(#14881));
#9362=EDGE_LOOP('',(#14882,#14883,#14884,#14885));
#9363=AXIS2_PLACEMENT_3D('',#14886,#14887,#14888);
#9364=DRAUGHTING_PRE_DEFINED_CURVE_FONT('continuous');
#9365=COLOUR_RGB('',0.87058824300766,0.87058824300766,0.87058824300766);
#9366=CARTESIAN_POINT('',(-8.69000000000034,-3.19999999999999,0.166649999999999));
#9367=VECTOR('',#14889,1.0);
#9368=PRE_DEFINED_MARKER('');
#9369=COLOUR_RGB('',0.87058824300766,0.87058824300766,0.87058824300766);
#9370=DRAUGHTING_PRE_DEFINED_CURVE_FONT('continuous');
#9371=COLOUR_RGB('',0.0,0.0,0.0);
#9372=CARTESIAN_POINT('',(6.09999999999994,7.65099999999999,0.45000000000016));
#9373=VECTOR('',#14890,1.0);
#9374=PRE_DEFINED_MARKER('');
#9375=COLOUR_RGB('',0.0,0.0,0.0);
#9376=PRE_DEFINED_MARKER('');
#9377=COLOUR_RGB('',0.87058824300766,0.87058824300766,0.87058824300766);
#9378=PRE_DEFINED_MARKER('');
#9379=COLOUR_RGB('',0.87058824300766,0.87058824300766,0.87058824300766);
#9380=PRE_DEFINED_MARKER('');
#9381=COLOUR_RGB('',0.0,0.0,0.0);
#9382=PRE_DEFINED_MARKER('');
#9383=COLOUR_RGB('',0.0,0.0,0.0);
#9384=PRE_DEFINED_MARKER('');
#9385=COLOUR_RGB('',0.0,0.0,0.0);
#9386=DRAUGHTING_PRE_DEFINED_CURVE_FONT('continuous');
#9387=COLOUR_RGB('',0.0,0.0,0.0);
#9388=CARTESIAN_POINT('',(7.94100000000005,8.49999999999997,1.375));
#9389=VECTOR('',#14891,1.0);
#9390=PRE_DEFINED_MARKER('');
#9391=COLOUR_RGB('',0.0,0.0,0.0);
#9392=PRE_DEFINED_MARKER('');
#9393=COLOUR_RGB('',0.0,0.0,0.0);
#9394=PRE_DEFINED_MARKER('');
#9395=COLOUR_RGB('',0.0,0.0,0.0);
#9396=PRE_DEFINED_MARKER('');
#9397=COLOUR_RGB('',0.0,0.0,0.0);
#9398=DRAUGHTING_PRE_DEFINED_CURVE_FONT('continuous');
#9399=COLOUR_RGB('',0.0,0.0,0.0);
#9400=CARTESIAN_POINT('',(0.270000000000795,0.302213113916717,0.16665));
#9401=VECTOR('',#14892,1.0);
#9402=DRAUGHTING_PRE_DEFINED_CURVE_FONT('continuous');
#9403=COLOUR_RGB('',0.87058824300766,0.87058824300766,0.87058824300766);
#9404=CARTESIAN_POINT('',(6.54999999999966,-3.19999999999999,0.16665));
#9405=VECTOR('',#14893,1.0);
#9406=DRAUGHTING_PRE_DEFINED_CURVE_FONT('continuous');
#9407=COLOUR_RGB('',0.87058824300766,0.87058824300766,0.87058824300766);
#9408=CARTESIAN_POINT('',(1.58999999999966,-2.54999999999999,0.16665));
#9409=VECTOR('',#14894,1.0);
#9410=SURFACE_SIDE_STYLE('',(#14895));
#9411=EDGE_LOOP('',(#14896,#14897,#14898,#14899));
#9412=AXIS2_PLACEMENT_3D('',#14900,#14901,#14902);
#9413=SURFACE_SIDE_STYLE('',(#14903));
#9414=EDGE_LOOP('',(#14904,#14905,#14906,#14907));
#9415=AXIS2_PLACEMENT_3D('',#14908,#14909,#14910);
#9416=DRAUGHTING_PRE_DEFINED_CURVE_FONT('continuous');
#9417=COLOUR_RGB('',0.0,0.0,0.0);
#9418=CARTESIAN_POINT('',(2.81000000000079,7.64999999999999,1.24999999999994));
#9419=VECTOR('',#14911,1.0);
#9420=SURFACE_SIDE_STYLE('',(#14912));
#9421=EDGE_LOOP('',(#14913,#14914,#14915,#14916));
#9422=AXIS2_PLACEMENT_3D('',#14917,#14918,#14919);
#9423=DRAUGHTING_PRE_DEFINED_CURVE_FONT('continuous');
#9424=COLOUR_RGB('',0.0,0.0,0.0);
#9425=CARTESIAN_POINT('',(-3.35999999999984,8.17524999999993,0.625250000000128));
#9426=VECTOR('',#14920,0.999999999999999);
#9427=SURFACE_SIDE_STYLE('',(#14921));
#9428=EDGE_LOOP('',(#14922,#14923,#14924,#14925));
#9429=EDGE_LOOP('',(#14926,#14927,#14928,#14929,#14930,#14931,#14932,#14933,#14934,#14935,#14936,#14937,#14938,#14939));
#9430=AXIS2_PLACEMENT_3D('',#14940,#14941,#14942);
#9431=PRE_DEFINED_MARKER('');
#9432=COLOUR_RGB('',1.0,0.0,0.0);
#9433=SURFACE_SIDE_STYLE('',(#14943));
#9434=EDGE_LOOP('',(#14944,#14945,#14946,#14947));
#9435=AXIS2_PLACEMENT_3D('',#14948,#14949,#14950);
#9436=SURFACE_SIDE_STYLE('',(#14951));
#9437=EDGE_LOOP('',(#14952,#14953,#14954,#14955));
#9438=AXIS2_PLACEMENT_3D('',#14956,#14957,#14958);
#9439=SURFACE_SIDE_STYLE('',(#14959));
#9440=EDGE_LOOP('',(#14960,#14961,#14962,#14963));
#9441=AXIS2_PLACEMENT_3D('',#14964,#14965,#14966);
#9442=PRE_DEFINED_MARKER('');
#9443=COLOUR_RGB('',0.0,0.0,0.0);
#9444=SURFACE_SIDE_STYLE('',(#14967));
#9445=EDGE_LOOP('',(#14968,#14969,#14970,#14971));
#9446=AXIS2_PLACEMENT_3D('',#14972,#14973,#14974);
#9447=DRAUGHTING_PRE_DEFINED_CURVE_FONT('continuous');
#9448=COLOUR_RGB('',0.0,0.0,0.0);
#9449=CARTESIAN_POINT('',(-10.285,8.49999999999997,1.25));
#9450=VECTOR('',#14975,1.0);
#9451=DRAUGHTING_PRE_DEFINED_CURVE_FONT('continuous');
#9452=COLOUR_RGB('',0.0,0.0,0.0);
#9453=CARTESIAN_POINT('',(0.270000000000795,0.740500000000222,-0.999999999999204));
#9454=VECTOR('',#14976,1.0);
#9455=DRAUGHTING_PRE_DEFINED_CURVE_FONT('continuous');
#9456=COLOUR_RGB('',0.0,0.0,0.0);
#9457=CARTESIAN_POINT('',(-10.285,0.150000000000105,-0.625000000000001));
#9458=VECTOR('',#14977,1.0);
#9459=DRAUGHTING_PRE_DEFINED_CURVE_FONT('continuous');
#9460=COLOUR_RGB('',0.87058824300766,0.87058824300766,0.87058824300766);
#9461=CARTESIAN_POINT('',(-1.07000000000034,-3.19999999999999,0.16665));
#9462=VECTOR('',#14978,1.0);
#9463=DRAUGHTING_PRE_DEFINED_CURVE_FONT('continuous');
#9464=COLOUR_RGB('',0.0,0.0,0.0);
#9465=CARTESIAN_POINT('',(-0.23,7.64999999999999,-0.449999999999932));
#9466=VECTOR('',#14979,1.0);
#9467=SURFACE_SIDE_STYLE('',(#14980));
#9468=EDGE_LOOP('',(#14981,#14982,#14983,#14984));
#9469=AXIS2_PLACEMENT_3D('',#14985,#14986,#14987);
#9470=DRAUGHTING_PRE_DEFINED_CURVE_FONT('continuous');
#9471=COLOUR_RGB('',0.0,0.0,0.0);
#9472=CARTESIAN_POINT('',(-10.285,0.150000000000105,-0.625000000000001));
#9473=VECTOR('',#14988,1.0);
#9474=PRE_DEFINED_MARKER('');
#9475=COLOUR_RGB('',0.87058824300766,0.87058824300766,0.87058824300766);
#9476=PRE_DEFINED_MARKER('');
#9477=COLOUR_RGB('',0.0,0.0,0.0);
#9478=SURFACE_SIDE_STYLE('',(#14989));
#9479=EDGE_LOOP('',(#14990,#14991,#14992,#14993,#14994,#14995));
#9480=AXIS2_PLACEMENT_3D('',#14996,#14997,#14998);
#9481=DRAUGHTING_PRE_DEFINED_CURVE_FONT('continuous');
#9482=COLOUR_RGB('',0.0,0.0,0.0);
#9483=CARTESIAN_POINT('',(2.31,7.64999999999999,0.999999999999886));
#9484=VECTOR('',#14999,1.0);
#9485=DRAUGHTING_PRE_DEFINED_CURVE_FONT('continuous');
#9486=COLOUR_RGB('',0.0,0.0,0.0);
#9487=CARTESIAN_POINT('',(-2.23616666666658,8.51716666666661,0.967166666666809));
#9488=VECTOR('',#15000,1.0);
#9489=DRAUGHTING_PRE_DEFINED_CURVE_FONT('continuous');
#9490=COLOUR_RGB('',0.87058824300766,0.87058824300766,0.87058824300766);
#9491=CARTESIAN_POINT('',(0.781220657277022,0.753873053988997,0.16665));
#9492=VECTOR('',#15001,1.0);
#9493=PRE_DEFINED_MARKER('');
#9494=COLOUR_RGB('',0.0,0.0,0.0);
#9495=DRAUGHTING_PRE_DEFINED_CURVE_FONT('continuous');
#9496=COLOUR_RGB('',0.0,0.0,0.0);
#9497=CARTESIAN_POINT('',(-5.35000000000011,0.30221311391666,0.16665));
#9498=VECTOR('',#15002,1.0);
#9499=SURFACE_SIDE_STYLE('',(#15003));
#9500=EDGE_LOOP('',(#15004,#15005,#15006,#15007));
#9501=AXIS2_PLACEMENT_3D('',#15008,#15009,#15010);
#9502=SURFACE_SIDE_STYLE('',(#15011));
#9503=EDGE_LOOP('',(#15012,#15013,#15014,#15015));
#9504=EDGE_LOOP('',(#15016,#15017,#15018,#15019,#15020,#15021,#15022,#15023,#15024,#15025,#15026,#15027,#15028,#15029));
#9505=AXIS2_PLACEMENT_3D('',#15030,#15031,#15032);
#9506=PRE_DEFINED_MARKER('');
#9507=COLOUR_RGB('',0.0,0.0,0.0);
#9508=DRAUGHTING_PRE_DEFINED_CURVE_FONT('continuous');
#9509=COLOUR_RGB('',0.0,0.0,0.0);
#9510=CARTESIAN_POINT('',(7.34999999999989,0.0,0.125000000000001));
#9511=VECTOR('',#15033,1.0);
#9512=DRAUGHTING_PRE_DEFINED_CURVE_FONT('continuous');
#9513=COLOUR_RGB('',0.87058824300766,0.87058824300766,0.87058824300766);
#9514=CARTESIAN_POINT('',(-4.29877934272298,0.753873053988883,0.16665));
#9515=VECTOR('',#15034,1.0);
#9516=PRE_DEFINED_MARKER('');
#9517=COLOUR_RGB('',0.0,0.0,0.0);
#9518=PRE_DEFINED_MARKER('');
#9519=COLOUR_RGB('',0.0,0.0,0.0);
#9520=DRAUGHTING_PRE_DEFINED_CURVE_FONT('continuous');
#9521=COLOUR_RGB('',0.0,0.0,0.0);
#9522=CARTESIAN_POINT('',(-10.39,7.64999999999999,-0.449999999999932));
#9523=VECTOR('',#15035,1.0);
#9524=PRE_DEFINED_MARKER('');
#9525=COLOUR_RGB('',0.0,0.0,0.0);
#9526=DRAUGHTING_PRE_DEFINED_CURVE_FONT('continuous');
#9527=COLOUR_RGB('',0.0,0.0,0.0);
#9528=CARTESIAN_POINT('',(2.26999999999989,7.65099999999999,1.5));
#9529=VECTOR('',#15036,1.0);
#9530=DRAUGHTING_PRE_DEFINED_CURVE_FONT('continuous');
#9531=COLOUR_RGB('',0.0,0.0,0.0);
#9532=CARTESIAN_POINT('',(-10.285,0.599999999999994,0.624999999999999));
#9533=VECTOR('',#15037,1.0);
#9534=PRE_DEFINED_MARKER('');
#9535=COLOUR_RGB('',0.0,0.0,0.0);
#9536=DRAUGHTING_PRE_DEFINED_CURVE_FONT('continuous');
#9537=COLOUR_RGB('',0.87058824300766,0.87058824300766,0.87058824300766);
#9538=CARTESIAN_POINT('',(-8.69000000000034,-3.19999999999999,-0.166650000000001));
#9539=VECTOR('',#15038,1.0);
#9540=DRAUGHTING_PRE_DEFINED_CURVE_FONT('continuous');
#9541=COLOUR_RGB('',0.87058824300766,0.87058824300766,0.87058824300766);
#9542=CARTESIAN_POINT('',(4.12999999999966,0.58720638732241,0.16665));
#9543=VECTOR('',#15039,1.0);
#9544=DRAUGHTING_PRE_DEFINED_CURVE_FONT('continuous');
#9545=COLOUR_RGB('',0.0,0.0,0.0);
#9546=CARTESIAN_POINT('',(9.88999999999989,0.670499999999941,0.624999999999983));
#9547=VECTOR('',#15040,1.0);
#9548=DRAUGHTING_PRE_DEFINED_CURVE_FONT('continuous');
#9549=COLOUR_RGB('',0.0,0.0,0.0);
#9550=CARTESIAN_POINT('',(-10.39,7.64999999999999,-0.449999999999932));
#9551=VECTOR('',#15041,1.0);
#9552=PRE_DEFINED_MARKER('');
#9553=COLOUR_RGB('',0.0,0.0,0.0);
#9554=PRE_DEFINED_MARKER('');
#9555=COLOUR_RGB('',0.0,0.0,0.0);
#9556=DRAUGHTING_PRE_DEFINED_CURVE_FONT('continuous');
#9557=COLOUR_RGB('',0.87058824300766,0.87058824300766,0.87058824300766);
#9558=CARTESIAN_POINT('',(-3.49000000000034,-2.54999999999999,-0.16665));
#9559=VECTOR('',#15042,1.0);
#9560=DRAUGHTING_PRE_DEFINED_CURVE_FONT('continuous');
#9561=COLOUR_RGB('',0.0,0.0,0.0);
#9562=CARTESIAN_POINT('',(-4.25999999999993,8.00099999999996,1.5));
#9563=VECTOR('',#15043,1.0);
#9564=PRE_DEFINED_MARKER('');
#9565=COLOUR_RGB('',0.0,0.0,0.0);
#9566=PRE_DEFINED_MARKER('');
#9567=COLOUR_RGB('',0.0,0.0,0.0);
#9568=DRAUGHTING_PRE_DEFINED_CURVE_FONT('continuous');
#9569=COLOUR_RGB('',0.0,0.0,0.0);
#9570=CARTESIAN_POINT('',(-10.39,7.64999999999999,0.450000000000159));
#9571=VECTOR('',#15044,1.0);
#9572=DRAUGHTING_PRE_DEFINED_CURVE_FONT('continuous');
#9573=COLOUR_RGB('',0.0,0.0,0.0);
#9574=CARTESIAN_POINT('',(8.63999999999994,7.65099999999999,0.45000000000016));
#9575=VECTOR('',#15045,1.0);
#9576=PRE_DEFINED_MARKER('');
#9577=COLOUR_RGB('',0.0,0.0,0.0);
#9578=PRE_DEFINED_MARKER('');
#9579=COLOUR_RGB('',0.0,0.0,0.0);
#9580=PRE_DEFINED_MARKER('');
#9581=COLOUR_RGB('',0.0,0.0,0.0);
#9582=DRAUGHTING_PRE_DEFINED_CURVE_FONT('continuous');
#9583=COLOUR_RGB('',0.0,0.0,0.0);
#9584=CARTESIAN_POINT('',(5.3500000000008,0.670499999999998,0.624999999999983));
#9585=VECTOR('',#15046,1.0);
#9586=PRE_DEFINED_MARKER('');
#9587=COLOUR_RGB('',0.0,0.0,0.0);
#9588=DRAUGHTING_PRE_DEFINED_CURVE_FONT('continuous');
#9589=COLOUR_RGB('',0.0,0.0,0.0);
#9590=AXIS2_PLACEMENT_3D('',#15047,#15048,#15049);
#9591=PRE_DEFINED_MARKER('');
#9592=COLOUR_RGB('',0.0,0.0,0.0);
#9593=DRAUGHTING_PRE_DEFINED_CURVE_FONT('continuous');
#9594=COLOUR_RGB('',0.0,0.0,0.0);
#9595=CARTESIAN_POINT('',(3.36000000000007,8.00049999999996,-0.449999999999932));
#9596=VECTOR('',#15050,1.0);
#9597=DRAUGHTING_PRE_DEFINED_CURVE_FONT('continuous');
#9598=COLOUR_RGB('',0.0,0.0,0.0);
#9599=CARTESIAN_POINT('',(1.01999999999994,7.65099999999999,0.450000000000159));
#9600=VECTOR('',#15051,1.0);
#9601=DRAUGHTING_PRE_DEFINED_CURVE_FONT('continuous');
#9602=COLOUR_RGB('',0.0,0.0,0.0);
#9603=CARTESIAN_POINT('',(3.36000000000007,8.26274999999992,0.712750000000119));
#9604=VECTOR('',#15052,0.999999999999999);
#9605=DRAUGHTING_PRE_DEFINED_CURVE_FONT('continuous');
#9606=COLOUR_RGB('',0.0,0.0,0.0);
#9607=CARTESIAN_POINT('',(2.26999999999989,4.19550000000005,0.450000000000159));
#9608=VECTOR('',#15053,1.0);
#9609=PRE_DEFINED_MARKER('');
#9610=COLOUR_RGB('',0.0,0.0,0.0);
#9611=DRAUGHTING_PRE_DEFINED_CURVE_FONT('continuous');
#9612=COLOUR_RGB('',0.0,0.0,0.0);
#9613=CARTESIAN_POINT('',(2.31,7.64999999999999,-0.449999999999932));
#9614=VECTOR('',#15054,1.0);
#9615=DRAUGHTING_PRE_DEFINED_CURVE_FONT('continuous');
#9616=COLOUR_RGB('',0.0,0.0,0.0);
#9617=CARTESIAN_POINT('',(0.820000000000068,8.00049999999996,-0.449999999999932));
#9618=VECTOR('',#15055,1.0);
#9619=PRE_DEFINED_MARKER('');
#9620=COLOUR_RGB('',0.0,0.0,0.0);
#9621=SURFACE_SIDE_STYLE('',(#15056));
#9622=EDGE_LOOP('',(#15057,#15058,#15059,#15060));
#9623=AXIS2_PLACEMENT_3D('',#15061,#15062,#15063);
#9624=DRAUGHTING_PRE_DEFINED_CURVE_FONT('continuous');
#9625=COLOUR_RGB('',0.0,0.0,0.0);
#9626=CARTESIAN_POINT('',(-9.8899999999992,0.740500000000222,-0.999999999999205));
#9627=VECTOR('',#15064,1.0);
#9628=PRE_DEFINED_MARKER('');
#9629=COLOUR_RGB('',0.0,0.0,0.0);
#9630=PRE_DEFINED_MARKER('');
#9631=COLOUR_RGB('',0.0,0.0,0.0);
#9632=SURFACE_SIDE_STYLE('',(#15065));
#9633=EDGE_LOOP('',(#15066,#15067,#15068,#15069));
#9634=AXIS2_PLACEMENT_3D('',#15070,#15071,#15072);
#9635=DRAUGHTING_PRE_DEFINED_CURVE_FONT('continuous');
#9636=COLOUR_RGB('',0.0,0.0,0.0);
#9637=CARTESIAN_POINT('',(-9.86499999999997,7.65099999999999,0.450000000000159));
#9638=VECTOR('',#15073,1.0);
#9639=DRAUGHTING_PRE_DEFINED_CURVE_FONT('continuous');
#9640=COLOUR_RGB('',0.0,0.0,0.0);
#9641=CARTESIAN_POINT('',(-10.285,0.0,0.77500000000009));
#9642=VECTOR('',#15074,1.0);
#9643=DRAUGHTING_PRE_DEFINED_CURVE_FONT('continuous');
#9644=COLOUR_RGB('',0.0,0.0,0.0);
#9645=AXIS2_PLACEMENT_3D('',#15075,#15076,#15077);
#9646=PRE_DEFINED_MARKER('');
#9647=COLOUR_RGB('',0.0,0.0,0.0);
#9648=DRAUGHTING_PRE_DEFINED_CURVE_FONT('continuous');
#9649=COLOUR_RGB('',0.0,0.0,0.0);
#9650=CARTESIAN_POINT('',(-2.2699999999992,4.19550000000011,0.450000000000159));
#9651=VECTOR('',#15078,1.0);
#9652=SURFACE_SIDE_STYLE('',(#15079));
#9653=EDGE_LOOP('',(#15080,#15081,#15082,#15083,#15084,#15085,#15086,#15087));
#9654=AXIS2_PLACEMENT_3D('',#15088,#15089,#15090);
#9655=SURFACE_SIDE_STYLE('',(#15091));
#9656=EDGE_LOOP('',(#15092,#15093,#15094,#15095));
#9657=AXIS2_PLACEMENT_3D('',#15096,#15097,#15098);
#9658=DRAUGHTING_PRE_DEFINED_CURVE_FONT('continuous');
#9659=COLOUR_RGB('',0.0,0.0,0.0);
#9660=CARTESIAN_POINT('',(7.34999999999989,4.37050000000003,-0.449999999999931));
#9661=VECTOR('',#15099,1.0);
#9662=DRAUGHTING_PRE_DEFINED_CURVE_FONT('continuous');
#9663=COLOUR_RGB('',0.0,0.0,0.0);
#9664=CARTESIAN_POINT('',(4.85,7.64999999999999,-0.449999999999932));
#9665=VECTOR('',#15100,1.0);
#9666=DRAUGHTING_PRE_DEFINED_CURVE_FONT('continuous');
#9667=COLOUR_RGB('',0.0,0.0,0.0);
#9668=CARTESIAN_POINT('',(-9.83899999999995,8.49999999999997,1.375));
#9669=VECTOR('',#15101,1.0);
#9670=DRAUGHTING_PRE_DEFINED_CURVE_FONT('continuous');
#9671=COLOUR_RGB('',0.87058824300766,0.87058824300766,0.87058824300766);
#9672=CARTESIAN_POINT('',(7.57040082142894,1.90282814901086,0.166650000000001));
#9673=VECTOR('',#15102,1.0);
#9674=PRE_DEFINED_MARKER('');
#9675=COLOUR_RGB('',0.0,0.0,0.0);
#9676=DRAUGHTING_PRE_DEFINED_CURVE_FONT('continuous');
#9677=COLOUR_RGB('',0.87058824300766,0.87058824300766,0.87058824300766);
#9678=CARTESIAN_POINT('',(-4.13000000000034,0.587206387322199,0.16665));
#9679=VECTOR('',#15103,1.0);
#9680=DRAUGHTING_PRE_DEFINED_CURVE_FONT('continuous');
#9681=COLOUR_RGB('',0.0,0.0,0.0);
#9682=CARTESIAN_POINT('',(-10.39,7.64999999999999,-1.00000000000011));
#9683=VECTOR('',#15104,1.0);
#9684=SURFACE_SIDE_STYLE('',(#15105));
#9685=EDGE_LOOP('',(#15106,#15107,#15108,#15109));
#9686=AXIS2_PLACEMENT_3D('',#15110,#15111,#15112);
#9687=PRE_DEFINED_MARKER('');
#9688=COLOUR_RGB('',0.0,0.0,0.0);
#9689=SURFACE_SIDE_STYLE('',(#15113));
#9690=EDGE_LOOP('',(#15114,#15115,#15116,#15117));
#9691=AXIS2_PLACEMENT_3D('',#15118,#15119,#15120);
#9692=PRE_DEFINED_MARKER('');
#9693=COLOUR_RGB('',0.0,0.0,0.0);
#9694=DRAUGHTING_PRE_DEFINED_CURVE_FONT('continuous');
#9695=COLOUR_RGB('',0.0,0.0,0.0);
#9696=CARTESIAN_POINT('',(-9.33999999999993,7.76274999999997,-0.212749999999949));
#9697=VECTOR('',#15121,0.999999999999999);
#9698=SURFACE_SIDE_STYLE('',(#15122));
#9699=EDGE_LOOP('',(#15123,#15124,#15125,#15126));
#9700=AXIS2_PLACEMENT_3D('',#15127,#15128,#15129);
#9701=DRAUGHTING_PRE_DEFINED_CURVE_FONT('continuous');
#9702=COLOUR_RGB('',0.0,0.0,0.0);
#9703=CARTESIAN_POINT('',(3.17716666666671,8.18383333333331,-0.633833333333286));
#9704=VECTOR('',#15130,1.0);
#9705=SURFACE_SIDE_STYLE('',(#15131));
#9706=EDGE_LOOP('',(#15132,#15133,#15134,#15135));
#9707=EDGE_LOOP('',(#15136,#15137,#15138,#15139,#15140,#15141,#15142,#15143,#15144,#15145,#15146,#15147,#15148,#15149));
#9708=AXIS2_PLACEMENT_3D('',#15150,#15151,#15152);
#9709=SURFACE_SIDE_STYLE('',(#15153));
#9710=EDGE_LOOP('',(#15154,#15155,#15156,#15157));
#9711=AXIS2_PLACEMENT_3D('',#15158,#15159,#15160);
#9712=SURFACE_SIDE_STYLE('',(#15161));
#9713=EDGE_LOOP('',(#15162,#15163,#15164,#15165));
#9714=AXIS2_PLACEMENT_3D('',#15166,#15167,#15168);
#9715=SURFACE_SIDE_STYLE('',(#15169));
#9716=EDGE_LOOP('',(#15170,#15171,#15172,#15173));
#9717=AXIS2_PLACEMENT_3D('',#15174,#15175,#15176);
#9718=PRE_DEFINED_MARKER('');
#9719=COLOUR_RGB('',0.0,0.0,0.0);
#9720=SURFACE_SIDE_STYLE('',(#15177));
#9721=EDGE_LOOP('',(#15178,#15179,#15180,#15181,#15182,#15183));
#9722=AXIS2_PLACEMENT_3D('',#15184,#15185,#15186);
#9723=PRE_DEFINED_MARKER('');
#9724=COLOUR_RGB('',0.0,0.0,0.0);
#9725=DRAUGHTING_PRE_DEFINED_CURVE_FONT('continuous');
#9726=COLOUR_RGB('',0.0,0.0,0.0);
#9727=AXIS2_PLACEMENT_3D('',#15187,#15188,#15189);
#9728=PRE_DEFINED_MARKER('');
#9729=COLOUR_RGB('',0.0,0.0,0.0);
#9730=DRAUGHTING_PRE_DEFINED_CURVE_FONT('continuous');
#9731=COLOUR_RGB('',0.87058824300766,0.87058824300766,0.87058824300766);
#9732=CARTESIAN_POINT('',(-6.03000000000034,-2.54999999999999,0.16665));
#9733=VECTOR('',#15190,1.0);
#9734=SURFACE_SIDE_STYLE('',(#15191));
#9735=EDGE_LOOP('',(#15192,#15193,#15194,#15195));
#9736=AXIS2_PLACEMENT_3D('',#15196,#15197,#15198);
#9737=DRAUGHTING_PRE_DEFINED_CURVE_FONT('continuous');
#9738=COLOUR_RGB('',0.0,0.0,0.0);
#9739=CARTESIAN_POINT('',(2.21900000000018,8.49999999999997,1.375));
#9740=VECTOR('',#15199,1.0);
#9741=PRE_DEFINED_MARKER('');
#9742=COLOUR_RGB('',0.87058824300766,0.87058824300766,0.87058824300766);
#9743=SURFACE_SIDE_STYLE('',(#15200));
#9744=EDGE_LOOP('',(#15201,#15202,#15203,#15204));
#9745=AXIS2_PLACEMENT_3D('',#15205,#15206,#15207);
#9746=DRAUGHTING_PRE_DEFINED_CURVE_FONT('continuous');
#9747=COLOUR_RGB('',0.0,0.0,0.0);
#9748=CARTESIAN_POINT('',(2.26999999999989,7.64999999999999,0.525000000000034));
#9749=VECTOR('',#15208,1.0);
#9750=SURFACE_SIDE_STYLE('',(#15209));
#9751=EDGE_LOOP('',(#15210,#15211,#15212,#15213,#15214,#15215));
#9752=AXIS2_PLACEMENT_3D('',#15216,#15217,#15218);
#9753=DRAUGHTING_PRE_DEFINED_CURVE_FONT('continuous');
#9754=COLOUR_RGB('',0.0,0.0,0.0);
#9755=CARTESIAN_POINT('',(0.270000000000795,0.670499999999998,0.624999999999982));
#9756=VECTOR('',#15219,1.0);
#9757=DRAUGHTING_PRE_DEFINED_CURVE_FONT('continuous');
#9758=COLOUR_RGB('',0.0,0.0,0.0);
#9759=CARTESIAN_POINT('',(-10.285,0.150000000000006,0.625000000000113));
#9760=VECTOR('',#15220,1.0);
#9761=PRE_DEFINED_MARKER('');
#9762=COLOUR_RGB('',0.0,0.0,0.0);
#9763=DRAUGHTING_PRE_DEFINED_CURVE_FONT('continuous');
#9764=COLOUR_RGB('',0.0,0.0,0.0);
#9765=CARTESIAN_POINT('',(-7.35000000000011,7.65099999999999,1.5));
#9766=VECTOR('',#15221,1.0);
#9767=DRAUGHTING_PRE_DEFINED_CURVE_FONT('continuous');
#9768=COLOUR_RGB('',0.0,0.0,0.0);
#9769=CARTESIAN_POINT('',(1.72000000000016,7.67524999999998,-0.125249999999958));
#9770=VECTOR('',#15222,0.999999999999999);
#9771=PRE_DEFINED_MARKER('');
#9772=COLOUR_RGB('',0.87058824300766,0.87058824300766,0.87058824300766);
#9773=DRAUGHTING_PRE_DEFINED_CURVE_FONT('continuous');
#9774=COLOUR_RGB('',0.87058824300766,0.87058824300766,0.87058824300766);
#9775=CARTESIAN_POINT('',(-4.01000000000034,-3.19999999999999,0.16665));
#9776=VECTOR('',#15223,0.999999999999999);
#9777=PRE_DEFINED_MARKER('');
#9778=COLOUR_RGB('',0.0,0.0,0.0);
#9779=PRE_DEFINED_MARKER('');
#9780=COLOUR_RGB('',0.0,0.0,0.0);
#9781=DRAUGHTING_PRE_DEFINED_CURVE_FONT('continuous');
#9782=COLOUR_RGB('',0.0,0.0,0.0);
#9783=CARTESIAN_POINT('',(2.26999999999989,0.753873053989039,0.833325));
#9784=VECTOR('',#15224,1.0);
#9785=DRAUGHTING_PRE_DEFINED_CURVE_FONT('continuous');
#9786=COLOUR_RGB('',0.0,0.0,0.0);
#9787=CARTESIAN_POINT('',(-2.77,7.64999999999999,0.999999999999886));
#9788=VECTOR('',#15225,1.0);
#9789=PRE_DEFINED_MARKER('');
#9790=COLOUR_RGB('',0.0,0.0,0.0);
#9791=DRAUGHTING_PRE_DEFINED_CURVE_FONT('continuous');
#9792=COLOUR_RGB('',0.0,0.0,0.0);
#9793=CARTESIAN_POINT('',(-1.52000000000006,7.65099999999999,0.450000000000159));
#9794=VECTOR('',#15226,1.0);
#9795=DRAUGHTING_PRE_DEFINED_CURVE_FONT('continuous');
#9796=COLOUR_RGB('',0.0,0.0,0.0);
#9797=CARTESIAN_POINT('',(-7.89000000000011,0.30221311391666,0.16665));
#9798=VECTOR('',#15227,1.0);
#9799=PRE_DEFINED_MARKER('');
#9800=COLOUR_RGB('',0.0,0.0,0.0);
#9801=DRAUGHTING_PRE_DEFINED_CURVE_FONT('continuous');
#9802=COLOUR_RGB('',0.0,0.0,0.0);
#9803=CARTESIAN_POINT('',(4.80999999999989,0.740500000000165,-0.999999999999204));
#9804=VECTOR('',#15228,1.0);
#9805=DRAUGHTING_PRE_DEFINED_CURVE_FONT('continuous');
#9806=COLOUR_RGB('',0.0,0.0,0.0);
#9807=CARTESIAN_POINT('',(-5.89999999999984,7.65049999999999,0.450000000000159));
#9808=VECTOR('',#15229,1.0);
#9809=DRAUGHTING_PRE_DEFINED_CURVE_FONT('continuous');
#9810=COLOUR_RGB('',0.87058824300766,0.87058824300766,0.87058824300766);
#9811=CARTESIAN_POINT('',(1.58999999999966,-2.54999999999999,0.16665));
#9812=VECTOR('',#15230,1.0);
#9813=DRAUGHTING_PRE_DEFINED_CURVE_FONT('continuous');
#9814=COLOUR_RGB('',1.0,0.0,0.0);
#9815=CARTESIAN_POINT('',(-8.19,7.57,0.0));
#9816=VECTOR('',#15231,1.0);
#9817=DRAUGHTING_PRE_DEFINED_CURVE_FONT('continuous');
#9818=COLOUR_RGB('',0.0,0.0,0.0);
#9819=CARTESIAN_POINT('',(-4.8099999999992,0.302213113916717,0.16665));
#9820=VECTOR('',#15232,1.0);
#9821=PRE_DEFINED_MARKER('');
#9822=COLOUR_RGB('',1.0,0.0,0.0);
#9823=PRE_DEFINED_MARKER('');
#9824=COLOUR_RGB('',0.0,0.0,0.0);
#9825=SURFACE_SIDE_STYLE('',(#15233));
#9826=EDGE_LOOP('',(#15234,#15235,#15236,#15237,#15238,#15239,#15240,#15241));
#9827=AXIS2_PLACEMENT_3D('',#15242,#15243,#15244);
#9828=PRE_DEFINED_MARKER('');
#9829=COLOUR_RGB('',0.87058824300766,0.87058824300766,0.87058824300766);
#9830=PRE_DEFINED_MARKER('');
#9831=COLOUR_RGB('',0.0,0.0,0.0);
#9832=DRAUGHTING_PRE_DEFINED_CURVE_FONT('continuous');
#9833=COLOUR_RGB('',0.0,0.0,0.0);
#9834=CARTESIAN_POINT('',(4.80999999999989,4.19550000000005,0.450000000000159));
#9835=VECTOR('',#15245,1.0);
#9836=SURFACE_SIDE_STYLE('',(#15246));
#9837=EDGE_LOOP('',(#15247,#15248,#15249,#15250));
#9838=AXIS2_PLACEMENT_3D('',#15251,#15252,#15253);
#9839=DRAUGHTING_PRE_DEFINED_CURVE_FONT('continuous');
#9840=COLOUR_RGB('',0.0,0.0,0.0);
#9841=CARTESIAN_POINT('',(1.72000000000016,8.17524999999993,0.625250000000128));
#9842=VECTOR('',#15254,0.999999999999999);
#9843=PRE_DEFINED_MARKER('');
#9844=COLOUR_RGB('',0.0,0.0,0.0);
#9845=SURFACE_SIDE_STYLE('',(#15255));
#9846=EDGE_LOOP('',(#15256,#15257,#15258,#15259));
#9847=AXIS2_PLACEMENT_3D('',#15260,#15261,#15262);
#9848=DRAUGHTING_PRE_DEFINED_CURVE_FONT('continuous');
#9849=COLOUR_RGB('',0.0,0.0,0.0);
#9850=CARTESIAN_POINT('',(-10.39,7.64999999999999,0.999999999999886));
#9851=VECTOR('',#15263,1.0);
#9852=DRAUGHTING_PRE_DEFINED_CURVE_FONT('continuous');
#9853=COLOUR_RGB('',0.87058824300766,0.87058824300766,0.87058824300766);
#9854=CARTESIAN_POINT('',(0.781220657277022,0.753873053988883,0.16665));
#9855=VECTOR('',#15264,1.0);
#9856=PRE_DEFINED_MARKER('');
#9857=COLOUR_RGB('',0.0,0.0,0.0);
#9858=DRAUGHTING_PRE_DEFINED_CURVE_FONT('continuous');
#9859=COLOUR_RGB('',0.0,0.0,0.0);
#9860=CARTESIAN_POINT('',(-10.285,0.0,-0.775000000000092));
#9861=VECTOR('',#15265,1.0);
#9862=DRAUGHTING_PRE_DEFINED_CURVE_FONT('continuous');
#9863=COLOUR_RGB('',0.0,0.0,0.0);
#9864=CARTESIAN_POINT('',(-5.35000000000011,0.753873053989039,0.833325));
#9865=VECTOR('',#15266,1.0);
#9866=DRAUGHTING_PRE_DEFINED_CURVE_FONT('continuous');
#9867=COLOUR_RGB('',0.0,0.0,0.0);
#9868=CARTESIAN_POINT('',(9.88999999999989,7.64999999999999,1.24999999999994));
#9869=VECTOR('',#15267,1.0);
#9870=DRAUGHTING_PRE_DEFINED_CURVE_FONT('continuous');
#9871=COLOUR_RGB('',0.0,0.0,0.0);
#9872=CARTESIAN_POINT('',(-6.79999999999993,8.26274999999992,0.712750000000118));
#9873=VECTOR('',#15268,0.999999999999999);
#9874=PRE_DEFINED_MARKER('');
#9875=COLOUR_RGB('',0.0,0.0,0.0);
#9876=SURFACE_SIDE_STYLE('',(#15269));
#9877=EDGE_LOOP('',(#15270,#15271,#15272,#15273,#15274,#15275));
#9878=AXIS2_PLACEMENT_3D('',#15276,#15277,#15278);
#9879=SURFACE_SIDE_STYLE('',(#15279));
#9880=EDGE_LOOP('',(#15280,#15281,#15282,#15283));
#9881=AXIS2_PLACEMENT_3D('',#15284,#15285,#15286);
#9882=SURFACE_SIDE_STYLE('',(#15287));
#9883=EDGE_LOOP('',(#15288,#15289,#15290,#15291,#15292,#15293,#15294,#15295));
#9884=AXIS2_PLACEMENT_3D('',#15296,#15297,#15298);
#9885=SURFACE_SIDE_STYLE('',(#15299));
#9886=EDGE_LOOP('',(#15300,#15301,#15302,#15303));
#9887=AXIS2_PLACEMENT_3D('',#15304,#15305,#15306);
#9888=DRAUGHTING_PRE_DEFINED_CURVE_FONT('continuous');
#9889=COLOUR_RGB('',0.0,0.0,0.0);
#9890=CARTESIAN_POINT('',(7.39,7.99999999999996,0.45000000000016));
#9891=VECTOR('',#15307,1.0);
#9892=DRAUGHTING_PRE_DEFINED_CURVE_FONT('continuous');
#9893=COLOUR_RGB('',0.0,0.0,0.0);
#9894=CARTESIAN_POINT('',(-10.39,7.99999999999996,0.450000000000159));
#9895=VECTOR('',#15308,1.0);
#9896=DRAUGHTING_PRE_DEFINED_CURVE_FONT('continuous');
#9897=COLOUR_RGB('',0.0,0.0,0.0);
#9898=CARTESIAN_POINT('',(-2.2699999999992,4.37050000000009,-0.449999999999932));
#9899=VECTOR('',#15309,1.0);
#9900=DRAUGHTING_PRE_DEFINED_CURVE_FONT('continuous');
#9901=COLOUR_RGB('',0.87058824300766,0.87058824300766,0.87058824300766);
#9902=CARTESIAN_POINT('',(6.66999999999966,-2.54999999999999,0.16665));
#9903=VECTOR('',#15310,1.0);
#9904=SURFACE_SIDE_STYLE('',(#15311));
#9905=EDGE_LOOP('',(#15312,#15313,#15314,#15315));
#9906=AXIS2_PLACEMENT_3D('',#15316,#15317,#15318);
#9907=PRE_DEFINED_MARKER('');
#9908=COLOUR_RGB('',0.0,0.0,0.0);
#9909=DRAUGHTING_PRE_DEFINED_CURVE_FONT('continuous');
#9910=COLOUR_RGB('',0.0,0.0,0.0);
#9911=CARTESIAN_POINT('',(-2.81000000000011,0.445500000000107,-0.625));
#9912=VECTOR('',#15319,1.0);
#9913=PRE_DEFINED_MARKER('');
#9914=COLOUR_RGB('',0.0,0.0,0.0);
#9915=DRAUGHTING_PRE_DEFINED_CURVE_FONT('continuous');
#9916=COLOUR_RGB('',0.0,0.0,0.0);
#9917=CARTESIAN_POINT('',(5.38383333333342,8.51716666666661,0.96716666666681));
#9918=VECTOR('',#15320,1.0);
#9919=DRAUGHTING_PRE_DEFINED_CURVE_FONT('continuous');
#9920=COLOUR_RGB('',0.0,0.0,0.0);
#9921=CARTESIAN_POINT('',(-9.33999999999993,7.82549999999997,0.450000000000159));
#9922=VECTOR('',#15321,1.0);
#9923=PRE_DEFINED_MARKER('');
#9924=COLOUR_RGB('',0.87058824300766,0.87058824300766,0.87058824300766);
#9925=DRAUGHTING_PRE_DEFINED_CURVE_FONT('continuous');
#9926=COLOUR_RGB('',0.0,0.0,0.0);
#9927=CARTESIAN_POINT('',(-0.270000000000113,1.90282814901086,0.833325));
#9928=VECTOR('',#15322,1.0);
#9929=DRAUGHTING_PRE_DEFINED_CURVE_FONT('continuous');
#9930=COLOUR_RGB('',0.87058824300766,0.87058824300766,0.87058824300766);
#9931=AXIS2_PLACEMENT_3D('',#15323,#15324,#15325);
#9932=DRAUGHTING_PRE_DEFINED_CURVE_FONT('continuous');
#9933=COLOUR_RGB('',0.0,0.0,0.0);
#9934=CARTESIAN_POINT('',(7.34999999999989,7.65099999999999,1.5));
#9935=VECTOR('',#15326,1.0);
#9936=PRE_DEFINED_MARKER('');
#9937=COLOUR_RGB('',0.0,0.0,0.0);
#9938=DRAUGHTING_PRE_DEFINED_CURVE_FONT('continuous');
#9939=COLOUR_RGB('',0.0,0.0,0.0);
#9940=CARTESIAN_POINT('',(2.86100000000005,8.49999999999997,1.375));
#9941=VECTOR('',#15327,1.0);
#9942=DRAUGHTING_PRE_DEFINED_CURVE_FONT('continuous');
#9943=COLOUR_RGB('',0.0,0.0,0.0);
#9944=CARTESIAN_POINT('',(-7.32499999999997,7.65099999999999,-0.449999999999932));
#9945=VECTOR('',#15328,1.0);
#9946=PRE_DEFINED_MARKER('');
#9947=COLOUR_RGB('',0.87058824300766,0.87058824300766,0.87058824300766);
#9948=SURFACE_SIDE_STYLE('',(#15329));
#9949=EDGE_LOOP('',(#15330,#15331,#15332,#15333));
#9950=AXIS2_PLACEMENT_3D('',#15334,#15335,#15336);
#9951=DRAUGHTING_PRE_DEFINED_CURVE_FONT('continuous');
#9952=COLOUR_RGB('',0.0,0.0,0.0);
#9953=CARTESIAN_POINT('',(-10.285,0.0,1.25));
#9954=VECTOR('',#15337,1.0);
#9955=DRAUGHTING_PRE_DEFINED_CURVE_FONT('continuous');
#9956=COLOUR_RGB('',0.87058824300766,0.87058824300766,0.87058824300766);
#9957=CARTESIAN_POINT('',(-9.37877934272298,0.753873053988997,0.166649999999999));
#9958=VECTOR('',#15338,1.0);
#9959=SURFACE_SIDE_STYLE('',(#15339));
#9960=EDGE_LOOP('',(#15340,#15341,#15342,#15343));
#9961=EDGE_LOOP('',(#15344,#15345,#15346,#15347));
#9962=EDGE_LOOP('',(#15348,#15349,#15350,#15351));
#9963=EDGE_LOOP('',(#15352,#15353,#15354,#15355));
#9964=EDGE_LOOP('',(#15356,#15357,#15358,#15359));
#9965=EDGE_LOOP('',(#15360,#15361,#15362,#15363));
#9966=EDGE_LOOP('',(#15364,#15365,#15366,#15367));
#9967=EDGE_LOOP('',(#15368,#15369,#15370,#15371));
#9968=EDGE_LOOP('',(#15372,#15373,#15374,#15375));
#9969=AXIS2_PLACEMENT_3D('',#15376,#15377,#15378);
#9970=DRAUGHTING_PRE_DEFINED_CURVE_FONT('continuous');
#9971=COLOUR_RGB('',0.0,0.0,0.0);
#9972=CARTESIAN_POINT('',(7.8900000000008,7.64999999999999,1.24999999999994));
#9973=VECTOR('',#15379,1.0);
#9974=PRE_DEFINED_MARKER('');
#9975=COLOUR_RGB('',0.0,0.0,0.0);
#9976=PRE_DEFINED_MARKER('');
#9977=COLOUR_RGB('',0.0,0.0,0.0);
#9978=DRAUGHTING_PRE_DEFINED_CURVE_FONT('continuous');
#9979=COLOUR_RGB('',0.0,0.0,0.0);
#9980=AXIS2_PLACEMENT_3D('',#15380,#15381,#15382);
#9981=SURFACE_SIDE_STYLE('',(#15383));
#9982=EDGE_LOOP('',(#15384,#15385,#15386,#15387,#15388,#15389,#15390,#15391,#15392,#15393));
#9983=AXIS2_PLACEMENT_3D('',#15394,#15395,#15396);
#9984=DRAUGHTING_PRE_DEFINED_CURVE_FONT('continuous');
#9985=COLOUR_RGB('',0.0,0.0,0.0);
#9986=CARTESIAN_POINT('',(-10.285,0.0,-0.775000000000092));
#9987=VECTOR('',#15397,1.0);
#9988=DRAUGHTING_PRE_DEFINED_CURVE_FONT('continuous');
#9989=COLOUR_RGB('',0.0,0.0,0.0);
#9990=CARTESIAN_POINT('',(4.26000000000016,7.65099999999999,1.5));
#9991=VECTOR('',#15398,1.0);
#9992=PRE_DEFINED_MARKER('');
#9993=COLOUR_RGB('',0.0,0.0,0.0);
#9994=SURFACE_SIDE_STYLE('',(#15399));
#9995=EDGE_LOOP('',(#15400,#15401,#15402,#15403));
#9996=AXIS2_PLACEMENT_3D('',#15404,#15405,#15406);
#9997=DRAUGHTING_PRE_DEFINED_CURVE_FONT('continuous');
#9998=COLOUR_RGB('',0.87058824300766,0.87058824300766,0.87058824300766);
#9999=CARTESIAN_POINT('',(6.83877934272298,0.753873053989039,0.16665));
#10000=VECTOR('',#15407,1.0);
#10001=DRAUGHTING_PRE_DEFINED_CURVE_FONT('continuous');
#10002=COLOUR_RGB('',0.0,0.0,0.0);
#10003=CARTESIAN_POINT('',(-10.285,8.49999999999997,-1.25));
#10004=VECTOR('',#15408,1.0);
#10005=SURFACE_SIDE_STYLE('',(#15409));
#10006=EDGE_LOOP('',(#15410,#15411,#15412,#15413));
#10007=EDGE_LOOP('',(#15414,#15415,#15416,#15417,#15418,#15419,#15420,#15421,#15422,#15423,#15424,#15425,#15426,#15427));
#10008=AXIS2_PLACEMENT_3D('',#15428,#15429,#15430);
#10009=PRE_DEFINED_MARKER('');
#10010=COLOUR_RGB('',0.87058824300766,0.87058824300766,0.87058824300766);
#10011=PRE_DEFINED_MARKER('');
#10012=COLOUR_RGB('',0.0,0.0,0.0);
#10013=DRAUGHTING_PRE_DEFINED_CURVE_FONT('continuous');
#10014=COLOUR_RGB('',0.0,0.0,0.0);
#10015=CARTESIAN_POINT('',(7.91500000000003,7.65099999999999,-0.449999999999931));
#10016=VECTOR('',#15431,1.0);
#10017=PRE_DEFINED_MARKER('');
#10018=COLOUR_RGB('',0.0,0.0,0.0);
#10019=PRE_DEFINED_MARKER('');
#10020=COLOUR_RGB('',0.0,0.0,0.0);
#10021=DRAUGHTING_PRE_DEFINED_CURVE_FONT('continuous');
#10022=COLOUR_RGB('',0.0,0.0,0.0);
#10023=CARTESIAN_POINT('',(-6.98283333333329,8.18383333333331,-0.633833333333287));
#10024=VECTOR('',#15432,1.0);
#10025=SURFACE_SIDE_STYLE('',(#15433));
#10026=EDGE_LOOP('',(#15434,#15435,#15436,#15437,#15438,#15439));
#10027=AXIS2_PLACEMENT_3D('',#15440,#15441,#15442);
#10028=DRAUGHTING_PRE_DEFINED_CURVE_FONT('continuous');
#10029=COLOUR_RGB('',0.0,0.0,0.0);
#10030=AXIS2_PLACEMENT_3D('',#15443,#15444,#15445);
#10031=SURFACE_SIDE_STYLE('',(#15446));
#10032=EDGE_LOOP('',(#15447,#15448,#15449,#15450));
#10033=AXIS2_PLACEMENT_3D('',#15451,#15452,#15453);
#10034=DRAUGHTING_PRE_DEFINED_CURVE_FONT('continuous');
#10035=COLOUR_RGB('',0.0,0.0,0.0);
#10036=CARTESIAN_POINT('',(7.34999999999989,1.90282814901086,0.833325000000001));
#10037=VECTOR('',#15454,1.0);
#10038=PRE_DEFINED_MARKER('');
#10039=COLOUR_RGB('',0.0,0.0,0.0);
#10040=SURFACE_SIDE_STYLE('',(#15455));
#10041=EDGE_LOOP('',(#15456,#15457,#15458,#15459,#15460,#15461,#15462,#15463,#15464,#15465,#15466,#15467));
#10042=AXIS2_PLACEMENT_3D('',#15468,#15469,#15470);
#10043=DRAUGHTING_PRE_DEFINED_CURVE_FONT('continuous');
#10044=COLOUR_RGB('',0.87058824300766,0.87058824300766,0.87058824300766);
#10045=CARTESIAN_POINT('',(6.54999999999966,-3.19999999999999,-0.16665));
#10046=VECTOR('',#15471,1.0);
#10047=DRAUGHTING_PRE_DEFINED_CURVE_FONT('continuous');
#10048=COLOUR_RGB('',0.0,0.0,0.0);
#10049=CARTESIAN_POINT('',(-0.23,7.99999999999996,-0.449999999999932));
#10050=VECTOR('',#15472,1.0);
#10051=SURFACE_SIDE_STYLE('',(#15473));
#10052=EDGE_LOOP('',(#15474,#15475,#15476,#15477,#15478,#15479,#15480,#15481,#15482,#15483,#15484,#15485));
#10053=AXIS2_PLACEMENT_3D('',#15486,#15487,#15488);
#10054=PRE_DEFINED_MARKER('');
#10055=COLOUR_RGB('',0.0,0.0,0.0);
#10056=DRAUGHTING_PRE_DEFINED_CURVE_FONT('continuous');
#10057=COLOUR_RGB('',0.0,0.0,0.0);
#10058=CARTESIAN_POINT('',(-2.81000000000011,4.37050000000003,-0.449999999999932));
#10059=VECTOR('',#15489,1.0);
#10060=DRAUGHTING_PRE_DEFINED_CURVE_FONT('continuous');
#10061=COLOUR_RGB('',0.0,0.0,0.0);
#10062=CARTESIAN_POINT('',(-2.2699999999992,0.599999999999994,0.4375));
#10063=VECTOR('',#15490,1.0);
#10064=DRAUGHTING_PRE_DEFINED_CURVE_FONT('continuous');
#10065=COLOUR_RGB('',0.0,0.0,0.0);
#10066=CARTESIAN_POINT('',(5.90000000000007,7.65099999999999,1.5));
#10067=VECTOR('',#15491,1.0);
#10068=DRAUGHTING_PRE_DEFINED_CURVE_FONT('continuous');
#10069=COLOUR_RGB('',0.0,0.0,0.0);
#10070=CARTESIAN_POINT('',(2.26999999999989,0.740500000000109,0.999999999999886));
#10071=VECTOR('',#15492,1.0);
#10072=DRAUGHTING_PRE_DEFINED_CURVE_FONT('continuous');
#10073=COLOUR_RGB('',0.87058824300766,0.87058824300766,0.87058824300766);
#10074=CARTESIAN_POINT('',(-0.95000000000034,-2.54999999999999,-0.16665));
#10075=VECTOR('',#15493,1.0);
#10076=PRE_DEFINED_MARKER('');
#10077=COLOUR_RGB('',0.0,0.0,0.0);
#10078=DRAUGHTING_PRE_DEFINED_CURVE_FONT('continuous');
#10079=COLOUR_RGB('',0.0,0.0,0.0);
#10080=CARTESIAN_POINT('',(-2.2699999999992,7.64999999999999,1.24999999999994));
#10081=VECTOR('',#15494,1.0);
#10082=PRE_DEFINED_MARKER('');
#10083=COLOUR_RGB('',0.0,0.0,0.0);
#10084=DRAUGHTING_PRE_DEFINED_CURVE_FONT('continuous');
#10085=COLOUR_RGB('',0.0,0.0,0.0);
#10086=CARTESIAN_POINT('',(0.269999999999886,7.65099999999999,1.5));
#10087=VECTOR('',#15495,1.0);
#10088=SURFACE_SIDE_STYLE('',(#15496));
#10089=EDGE_LOOP('',(#15497,#15498,#15499,#15500));
#10090=AXIS2_PLACEMENT_3D('',#15501,#15502,#15503);
#10091=PRE_DEFINED_MARKER('');
#10092=COLOUR_RGB('',0.0,0.0,0.0);
#10093=DRAUGHTING_PRE_DEFINED_CURVE_FONT('continuous');
#10094=COLOUR_RGB('',0.0,0.0,0.0);
#10095=CARTESIAN_POINT('',(9.88999999999989,7.64999999999999,0.525000000000035));
#10096=VECTOR('',#15504,1.0);
#10097=SURFACE_SIDE_STYLE('',(#15505));
#10098=EDGE_LOOP('',(#15506,#15507,#15508,#15509));
#10099=AXIS2_PLACEMENT_3D('',#15510,#15511,#15512);
#10100=PRE_DEFINED_MARKER('');
#10101=COLOUR_RGB('',0.87058824300766,0.87058824300766,0.87058824300766);
#10102=PRE_DEFINED_MARKER('');
#10103=COLOUR_RGB('',0.0,0.0,0.0);
#10104=DRAUGHTING_PRE_DEFINED_CURVE_FONT('continuous');
#10105=COLOUR_RGB('',0.0,0.0,0.0);
#10106=CARTESIAN_POINT('',(9.88999999999989,0.445500000000107,-0.624999999999999));
#10107=VECTOR('',#15513,1.0);
#10108=PRE_DEFINED_MARKER('');
#10109=COLOUR_RGB('',0.0,0.0,0.0);
#10110=SURFACE_SIDE_STYLE('',(#15514));
#10111=EDGE_LOOP('',(#15515,#15516,#15517,#15518));
#10112=AXIS2_PLACEMENT_3D('',#15519,#15520,#15521);
#10113=PRE_DEFINED_MARKER('');
#10114=COLOUR_RGB('',0.87058824300766,0.87058824300766,0.87058824300766);
#10115=DRAUGHTING_PRE_DEFINED_CURVE_FONT('continuous');
#10116=COLOUR_RGB('',0.0,0.0,0.0);
#10117=CARTESIAN_POINT('',(7.34999999999989,4.19550000000005,0.45000000000016));
#10118=VECTOR('',#15522,1.0);
#10119=PRE_DEFINED_MARKER('');
#10120=COLOUR_RGB('',0.0,0.0,0.0);
#10121=DRAUGHTING_PRE_DEFINED_CURVE_FONT('continuous');
#10122=COLOUR_RGB('',0.0,0.0,0.0);
#10123=CARTESIAN_POINT('',(10.285,0.0,1.25));
#10124=VECTOR('',#15523,1.0);
#10125=PRE_DEFINED_MARKER('');
#10126=COLOUR_RGB('',0.87058824300766,0.87058824300766,0.87058824300766);
#10127=DRAUGHTING_PRE_DEFINED_CURVE_FONT('continuous');
#10128=COLOUR_RGB('',0.0,0.0,0.0);
#10129=CARTESIAN_POINT('',(5.3500000000008,0.753873053988997,0.833325));
#10130=VECTOR('',#15524,1.0);
#10131=SURFACE_SIDE_STYLE('',(#15525));
#10132=EDGE_LOOP('',(#15526,#15527,#15528,#15529));
#10133=AXIS2_PLACEMENT_3D('',#15530,#15531,#15532);
#10134=DRAUGHTING_PRE_DEFINED_CURVE_FONT('continuous');
#10135=COLOUR_RGB('',0.0,0.0,0.0);
#10136=CARTESIAN_POINT('',(-9.59,7.64999999999999,-0.224999999999966));
#10137=VECTOR('',#15533,1.0);
#10138=DRAUGHTING_PRE_DEFINED_CURVE_FONT('continuous');
#10139=COLOUR_RGB('',0.87058824300766,0.87058824300766,0.87058824300766);
#10140=CARTESIAN_POINT('',(-6.03000000000034,0.58720638732241,0.16665));
#10141=VECTOR('',#15534,1.0);
#10142=DRAUGHTING_PRE_DEFINED_CURVE_FONT('continuous');
#10143=COLOUR_RGB('',0.0,0.0,0.0);
#10144=CARTESIAN_POINT('',(-9.64,7.64999999999999,0.7));
#10145=VECTOR('',#15535,1.0);
#10146=DRAUGHTING_PRE_DEFINED_CURVE_FONT('continuous');
#10147=COLOUR_RGB('',0.0,0.0,0.0);
#10148=CARTESIAN_POINT('',(9.88999999999989,0.30221311391666,0.166650000000001));
#10149=VECTOR('',#15536,1.0);
#10150=DRAUGHTING_PRE_DEFINED_CURVE_FONT('continuous');
#10151=COLOUR_RGB('',0.0,0.0,0.0);
#10152=CARTESIAN_POINT('',(-3.9875,8.49999999999997,0.950000000000173));
#10153=VECTOR('',#15537,1.0);
#10154=DRAUGHTING_PRE_DEFINED_CURVE_FONT('continuous');
#10155=COLOUR_RGB('',0.0,0.0,0.0);
#10156=CARTESIAN_POINT('',(-9.64,7.68,0.450000000000159));
#10157=VECTOR('',#15538,1.0);
#10158=DRAUGHTING_PRE_DEFINED_CURVE_FONT('continuous');
#10159=COLOUR_RGB('',0.87058824300766,0.87058824300766,0.87058824300766);
#10160=CARTESIAN_POINT('',(-1.75877934272298,0.753873053988997,0.16665));
#10161=VECTOR('',#15539,1.0);
#10162=DRAUGHTING_PRE_DEFINED_CURVE_FONT('continuous');
#10163=COLOUR_RGB('',0.0,0.0,0.0);
#10164=CARTESIAN_POINT('',(7.8900000000008,0.0,0.125000000000001));
#10165=VECTOR('',#15540,1.0);
#10166=DRAUGHTING_PRE_DEFINED_CURVE_FONT('continuous');
#10167=COLOUR_RGB('',0.0,0.0,0.0);
#10168=CARTESIAN_POINT('',(-4.8099999999992,0.0,0.125));
#10169=VECTOR('',#15541,1.0);
#10170=DRAUGHTING_PRE_DEFINED_CURVE_FONT('continuous');
#10171=COLOUR_RGB('',0.0,0.0,0.0);
#10172=CARTESIAN_POINT('',(-1.4475,0.0,0.999999999999886));
#10173=VECTOR('',#15542,1.0);
#10174=PRE_DEFINED_MARKER('');
#10175=COLOUR_RGB('',0.87058824300766,0.87058824300766,0.87058824300766);
#10176=DRAUGHTING_PRE_DEFINED_CURVE_FONT('continuous');
#10177=COLOUR_RGB('',0.0,0.0,0.0);
#10178=CARTESIAN_POINT('',(6.80000000000016,8.17524999999993,0.625250000000129));
#10179=VECTOR('',#15543,0.999999999999999);
#10180=SURFACE_SIDE_STYLE('',(#15544));
#10181=EDGE_LOOP('',(#15545,#15546,#15547,#15548));
#10182=AXIS2_PLACEMENT_3D('',#15549,#15550,#15551);
#10183=DRAUGHTING_PRE_DEFINED_CURVE_FONT('continuous');
#10184=COLOUR_RGB('',0.0,0.0,0.0);
#10185=CARTESIAN_POINT('',(-0.270000000000113,0.30221311391666,-0.16665));
#10186=VECTOR('',#15552,1.0);
#10187=DRAUGHTING_PRE_DEFINED_CURVE_FONT('continuous');
#10188=COLOUR_RGB('',0.87058824300766,0.87058824300766,0.87058824300766);
#10189=CARTESIAN_POINT('',(6.66999999999966,-2.54999999999999,0.16665));
#10190=VECTOR('',#15553,1.0);
#10191=DRAUGHTING_PRE_DEFINED_CURVE_FONT('continuous');
#10192=COLOUR_RGB('',0.87058824300766,0.87058824300766,0.87058824300766);
#10193=CARTESIAN_POINT('',(3.32122065727702,0.753873053988997,0.16665));
#10194=VECTOR('',#15554,1.0);
#10195=PRE_DEFINED_MARKER('');
#10196=COLOUR_RGB('',0.0,0.0,0.0);
#10197=PRE_DEFINED_MARKER('');
#10198=COLOUR_RGB('',0.87058824300766,0.87058824300766,0.87058824300766);
#10199=DRAUGHTING_PRE_DEFINED_CURVE_FONT('continuous');
#10200=COLOUR_RGB('',1.0,0.0,0.0);
#10201=CARTESIAN_POINT('',(-8.57,7.68,-0.32));
#10202=VECTOR('',#15555,1.0);
#10203=DRAUGHTING_PRE_DEFINED_CURVE_FONT('continuous');
#10204=COLOUR_RGB('',0.0,0.0,0.0);
#10205=CARTESIAN_POINT('',(-10.285,0.0,0.77500000000009));
#10206=VECTOR('',#15556,1.0);
#10207=PRE_DEFINED_MARKER('');
#10208=COLOUR_RGB('',0.87058824300766,0.87058824300766,0.87058824300766);
#10209=PRE_DEFINED_MARKER('');
#10210=COLOUR_RGB('',0.87058824300766,0.87058824300766,0.87058824300766);
#10211=PRE_DEFINED_MARKER('');
#10212=COLOUR_RGB('',0.0,0.0,0.0);
#10213=DRAUGHTING_PRE_DEFINED_CURVE_FONT('continuous');
#10214=COLOUR_RGB('',0.0,0.0,0.0);
#10215=CARTESIAN_POINT('',(-10.285,0.150000000000006,0.625000000000113));
#10216=VECTOR('',#15557,1.0);
#10217=PRE_DEFINED_MARKER('');
#10218=COLOUR_RGB('',0.0,0.0,0.0);
#10219=SURFACE_SIDE_STYLE('',(#15558));
#10220=EDGE_LOOP('',(#15559,#15560,#15561,#15562,#15563,#15564,#15565,#15566,#15567,#15568,#15569,#15570));
#10221=AXIS2_PLACEMENT_3D('',#15571,#15572,#15573);
#10222=SURFACE_SIDE_STYLE('',(#15574));
#10223=EDGE_LOOP('',(#15575,#15576,#15577,#15578,#15579,#15580));
#10224=AXIS2_PLACEMENT_3D('',#15581,#15582,#15583);
#10225=SURFACE_SIDE_STYLE('',(#15584));
#10226=EDGE_LOOP('',(#15585,#15586,#15587,#15588));
#10227=AXIS2_PLACEMENT_3D('',#15589,#15590,#15591);
#10228=PRE_DEFINED_MARKER('');
#10229=COLOUR_RGB('',1.0,0.0,0.0);
#10230=PRE_DEFINED_MARKER('');
#10231=COLOUR_RGB('',0.87058824300766,0.87058824300766,0.87058824300766);
#10232=DRAUGHTING_PRE_DEFINED_CURVE_FONT('continuous');
#10233=COLOUR_RGB('',0.87058824300766,0.87058824300766,0.87058824300766);
#10234=AXIS2_PLACEMENT_3D('',#15592,#15593,#15594);
#10235=PRE_DEFINED_MARKER('');
#10236=COLOUR_RGB('',0.87058824300766,0.87058824300766,0.87058824300766);
#10237=DRAUGHTING_PRE_DEFINED_CURVE_FONT('continuous');
#10238=COLOUR_RGB('',0.0,0.0,0.0);
#10239=CARTESIAN_POINT('',(9.34000000000016,8.00099999999996,1.5));
#10240=VECTOR('',#15595,1.0);
#10241=SURFACE_SIDE_STYLE('',(#15596));
#10242=EDGE_LOOP('',(#15597,#15598,#15599,#15600,#15601,#15602));
#10243=AXIS2_PLACEMENT_3D('',#15603,#15604,#15605);
#10244=DRAUGHTING_PRE_DEFINED_CURVE_FONT('continuous');
#10245=COLOUR_RGB('',0.0,0.0,0.0);
#10246=CARTESIAN_POINT('',(-8.19,7.64999999999999,0.499999999999943));
#10247=VECTOR('',#15606,1.0);
#10248=DRAUGHTING_PRE_DEFINED_CURVE_FONT('continuous');
#10249=COLOUR_RGB('',0.0,0.0,0.0);
#10250=CARTESIAN_POINT('',(-9.52283333333329,8.18383333333331,-0.633833333333287));
#10251=VECTOR('',#15607,1.0);
#10252=PRE_DEFINED_MARKER('');
#10253=COLOUR_RGB('',0.0,0.0,0.0);
#10254=DRAUGHTING_PRE_DEFINED_CURVE_FONT('continuous');
#10255=COLOUR_RGB('',0.0,0.0,0.0);
#10256=CARTESIAN_POINT('',(5.3500000000008,4.19550000000011,0.450000000000159));
#10257=VECTOR('',#15608,1.0);
#10258=PRE_DEFINED_MARKER('');
#10259=COLOUR_RGB('',0.87058824300766,0.87058824300766,0.87058824300766);
#10260=DRAUGHTING_PRE_DEFINED_CURVE_FONT('continuous');
#10261=COLOUR_RGB('',0.0,0.0,0.0);
#10262=CARTESIAN_POINT('',(-5.89999999999984,8.17524999999993,0.625250000000128));
#10263=VECTOR('',#15609,0.999999999999999);
#10264=DRAUGHTING_PRE_DEFINED_CURVE_FONT('continuous');
#10265=COLOUR_RGB('',0.0,0.0,0.0);
#10266=CARTESIAN_POINT('',(-4.78499999999997,7.65099999999999,0.450000000000159));
#10267=VECTOR('',#15610,1.0);
#10268=DRAUGHTING_PRE_DEFINED_CURVE_FONT('continuous');
#10269=COLOUR_RGB('',0.87058824300766,0.87058824300766,0.87058824300766);
#10270=CARTESIAN_POINT('',(-1.59000000000034,0.587206387322199,0.16665));
#10271=VECTOR('',#15611,1.0);
#10272=PRE_DEFINED_MARKER('');
#10273=COLOUR_RGB('',0.87058824300766,0.87058824300766,0.87058824300766);
#10274=DRAUGHTING_PRE_DEFINED_CURVE_FONT('continuous');
#10275=COLOUR_RGB('',0.0,0.0,0.0);
#10276=CARTESIAN_POINT('',(0.270000000000795,1.90282814901086,0.833325));
#10277=VECTOR('',#15612,1.0);
#10278=DRAUGHTING_PRE_DEFINED_CURVE_FONT('continuous');
#10279=COLOUR_RGB('',0.87058824300766,0.87058824300766,0.87058824300766);
#10280=CARTESIAN_POINT('',(-9.21000000000034,-2.54999999999999,0.166649999999999));
#10281=VECTOR('',#15613,1.0);
#10282=DRAUGHTING_PRE_DEFINED_CURVE_FONT('continuous');
#10283=COLOUR_RGB('',0.0,0.0,0.0);
#10284=CARTESIAN_POINT('',(2.31,7.99999999999996,0.450000000000159));
#10285=VECTOR('',#15614,1.0);
#10286=DRAUGHTING_PRE_DEFINED_CURVE_FONT('continuous');
#10287=COLOUR_RGB('',0.0,0.0,0.0);
#10288=CARTESIAN_POINT('',(0.321000000000051,8.49999999999997,1.375));
#10289=VECTOR('',#15615,1.0);
#10290=DRAUGHTING_PRE_DEFINED_CURVE_FONT('continuous');
#10291=COLOUR_RGB('',0.0,0.0,0.0);
#10292=CARTESIAN_POINT('',(-2.77,7.64999999999999,-0.449999999999932));
#10293=VECTOR('',#15616,1.0);
#10294=DRAUGHTING_PRE_DEFINED_CURVE_FONT('continuous');
#10295=COLOUR_RGB('',0.0,0.0,0.0);
#10296=CARTESIAN_POINT('',(4.80999999999989,0.599999999999994,0.437500000000001));
#10297=VECTOR('',#15617,1.0);
#10298=SURFACE_SIDE_STYLE('',(#15618));
#10299=EDGE_LOOP('',(#15619,#15620,#15621,#15622));
#10300=AXIS2_PLACEMENT_3D('',#15623,#15624,#15625);
#10301=DRAUGHTING_PRE_DEFINED_CURVE_FONT('continuous');
#10302=COLOUR_RGB('',0.0,0.0,0.0);
#10303=CARTESIAN_POINT('',(-2.2699999999992,0.740500000000222,-0.999999999999204));
#10304=VECTOR('',#15626,1.0);
#10305=PRE_DEFINED_MARKER('');
#10306=COLOUR_RGB('',0.0,0.0,0.0);
#10307=DRAUGHTING_PRE_DEFINED_CURVE_FONT('continuous');
#10308=COLOUR_RGB('',0.0,0.0,0.0);
#10309=CARTESIAN_POINT('',(-10.285,0.150000000000105,-0.625000000000001));
#10310=VECTOR('',#15627,1.0);
#10311=PRE_DEFINED_MARKER('');
#10312=COLOUR_RGB('',1.0,0.0,0.0);
#10313=DRAUGHTING_PRE_DEFINED_CURVE_FONT('continuous');
#10314=COLOUR_RGB('',0.87058824300766,0.87058824300766,0.87058824300766);
#10315=CARTESIAN_POINT('',(-2.58959917857106,1.90282814901086,0.16665));
#10316=VECTOR('',#15628,1.0);
#10317=DRAUGHTING_PRE_DEFINED_CURVE_FONT('continuous');
#10318=COLOUR_RGB('',0.87058824300766,0.87058824300766,0.87058824300766);
#10319=CARTESIAN_POINT('',(-4.13000000000034,-2.54999999999999,0.16665));
#10320=VECTOR('',#15629,1.0);
#10321=DRAUGHTING_PRE_DEFINED_CURVE_FONT('continuous');
#10322=COLOUR_RGB('',0.0,0.0,0.0);
#10323=CARTESIAN_POINT('',(3.36000000000007,7.76274999999997,-0.212749999999948));
#10324=VECTOR('',#15630,0.999999999999999);
#10325=PRE_DEFINED_MARKER('');
#10326=COLOUR_RGB('',0.0,0.0,0.0);
#10327=DRAUGHTING_PRE_DEFINED_CURVE_FONT('continuous');
#10328=COLOUR_RGB('',0.87058824300766,0.87058824300766,0.87058824300766);
#10329=CARTESIAN_POINT('',(-9.37877934272298,0.753873053988883,0.166649999999999));
#10330=VECTOR('',#15631,1.0);
#10331=SURFACE_SIDE_STYLE('',(#15632));
#10332=EDGE_LOOP('',(#15633,#15634,#15635,#15636));
#10333=AXIS2_PLACEMENT_3D('',#15637,#15638,#15639);
#10334=PRE_DEFINED_MARKER('');
#10335=COLOUR_RGB('',0.0,0.0,0.0);
#10336=DRAUGHTING_PRE_DEFINED_CURVE_FONT('continuous');
#10337=COLOUR_RGB('',0.0,0.0,0.0);
#10338=CARTESIAN_POINT('',(-10.285,0.599999999999994,0.624999999999999));
#10339=VECTOR('',#15640,1.0);
#10340=DRAUGHTING_PRE_DEFINED_CURVE_FONT('continuous');
#10341=COLOUR_RGB('',0.0,0.0,0.0);
#10342=CARTESIAN_POINT('',(-7.32499999999997,7.65099999999999,0.450000000000159));
#10343=VECTOR('',#15641,1.0);
#10344=SURFACE_SIDE_STYLE('',(#15642));
#10345=EDGE_LOOP('',(#15643,#15644,#15645,#15646));
#10346=AXIS2_PLACEMENT_3D('',#15647,#15648,#15649);
#10347=SURFACE_SIDE_STYLE('',(#15650));
#10348=EDGE_LOOP('',(#15651,#15652,#15653,#15654,#15655,#15656));
#10349=AXIS2_PLACEMENT_3D('',#15657,#15658,#15659);
#10350=PRE_DEFINED_MARKER('');
#10351=COLOUR_RGB('',0.0,0.0,0.0);
#10352=PRE_DEFINED_MARKER('');
#10353=COLOUR_RGB('',0.0,0.0,0.0);
#10354=DRAUGHTING_PRE_DEFINED_CURVE_FONT('continuous');
#10355=COLOUR_RGB('',0.0,0.0,0.0);
#10356=CARTESIAN_POINT('',(-10.285,0.150000000000105,-0.625000000000001));
#10357=VECTOR('',#15660,1.0);
#10358=DRAUGHTING_PRE_DEFINED_CURVE_FONT('continuous');
#10359=COLOUR_RGB('',0.0,0.0,0.0);
#10360=CARTESIAN_POINT('',(7.39,7.64999999999999,0.999999999999887));
#10361=VECTOR('',#15661,1.0);
#10362=DRAUGHTING_PRE_DEFINED_CURVE_FONT('continuous');
#10363=COLOUR_RGB('',0.0,0.0,0.0);
#10364=CARTESIAN_POINT('',(-4.81000000000011,7.65099999999999,1.5));
#10365=VECTOR('',#15662,1.0);
#10366=PRE_DEFINED_MARKER('');
#10367=COLOUR_RGB('',0.0,0.0,0.0);
#10368=PRE_DEFINED_MARKER('');
#10369=COLOUR_RGB('',0.0,0.0,0.0);
#10370=DRAUGHTING_PRE_DEFINED_CURVE_FONT('continuous');
#10371=COLOUR_RGB('',0.0,0.0,0.0);
#10372=CARTESIAN_POINT('',(2.26999999999989,1.90282814901086,0.833325));
#10373=VECTOR('',#15663,1.0);
#10374=SURFACE_SIDE_STYLE('',(#15664));
#10375=EDGE_LOOP('',(#15665,#15666,#15667,#15668));
#10376=AXIS2_PLACEMENT_3D('',#15669,#15670,#15671);
#10377=PRE_DEFINED_MARKER('');
#10378=COLOUR_RGB('',0.0,0.0,0.0);
#10379=SURFACE_SIDE_STYLE('',(#15672));
#10380=EDGE_LOOP('',(#15673,#15674,#15675,#15676,#15677,#15678,#15679,#15680));
#10381=AXIS2_PLACEMENT_3D('',#15681,#15682,#15683);
#10382=PRE_DEFINED_MARKER('');
#10383=COLOUR_RGB('',0.87058824300766,0.87058824300766,0.87058824300766);
#10384=DRAUGHTING_PRE_DEFINED_CURVE_FONT('continuous');
#10385=COLOUR_RGB('',0.87058824300766,0.87058824300766,0.87058824300766);
#10386=CARTESIAN_POINT('',(1.46999999999966,-3.19999999999999,-0.16665));
#10387=VECTOR('',#15684,1.0);
#10388=DRAUGHTING_PRE_DEFINED_CURVE_FONT('continuous');
#10389=COLOUR_RGB('',0.0,0.0,0.0);
#10390=CARTESIAN_POINT('',(-0.270000000000113,0.0,1.13750000000005));
#10391=VECTOR('',#15685,1.0);
#10392=SURFACE_SIDE_STYLE('',(#15686));
#10393=EDGE_LOOP('',(#15687,#15688,#15689,#15690));
#10394=AXIS2_PLACEMENT_3D('',#15691,#15692,#15693);
#10395=DRAUGHTING_PRE_DEFINED_CURVE_FONT('continuous');
#10396=COLOUR_RGB('',0.87058824300766,0.87058824300766,0.87058824300766);
#10397=CARTESIAN_POINT('',(4.29877934272298,0.753873053989039,-0.16665));
#10398=VECTOR('',#15694,1.0);
#10399=PRE_DEFINED_MARKER('');
#10400=COLOUR_RGB('',0.0,0.0,0.0);
#10401=PRE_DEFINED_MARKER('');
#10402=COLOUR_RGB('',0.0,0.0,0.0);
#10403=PRE_DEFINED_MARKER('');
#10404=COLOUR_RGB('',0.87058824300766,0.87058824300766,0.87058824300766);
#10405=DRAUGHTING_PRE_DEFINED_CURVE_FONT('continuous');
#10406=COLOUR_RGB('',0.87058824300766,0.87058824300766,0.87058824300766);
#10407=CARTESIAN_POINT('',(9.20999999999966,-2.54999999999999,-0.166649999999999));
#10408=VECTOR('',#15695,1.0);
#10409=DRAUGHTING_PRE_DEFINED_CURVE_FONT('continuous');
#10410=COLOUR_RGB('',0.0,0.0,0.0);
#10411=CARTESIAN_POINT('',(5.3500000000008,0.302213113916717,0.16665));
#10412=VECTOR('',#15696,1.0);
#10413=DRAUGHTING_PRE_DEFINED_CURVE_FONT('continuous');
#10414=COLOUR_RGB('',0.0,0.0,0.0);
#10415=CARTESIAN_POINT('',(-10.285,0.150000000000105,-0.625000000000001));
#10416=VECTOR('',#15697,1.0);
#10417=DRAUGHTING_PRE_DEFINED_CURVE_FONT('continuous');
#10418=COLOUR_RGB('',0.0,0.0,0.0);
#10419=CARTESIAN_POINT('',(2.81000000000079,0.0,0.125000000000001));
#10420=VECTOR('',#15698,1.0);
#10421=DRAUGHTING_PRE_DEFINED_CURVE_FONT('continuous');
#10422=COLOUR_RGB('',0.0,0.0,0.0);
#10423=CARTESIAN_POINT('',(-1.71999999999993,7.76274999999997,-0.212749999999948));
#10424=VECTOR('',#15699,0.999999999999999);
#10425=DRAUGHTING_PRE_DEFINED_CURVE_FONT('continuous');
#10426=COLOUR_RGB('',0.0,0.0,0.0);
#10427=CARTESIAN_POINT('',(-4.25999999999993,7.76274999999997,-0.212749999999949));
#10428=VECTOR('',#15700,0.999999999999999);
#10429=DRAUGHTING_PRE_DEFINED_CURVE_FONT('continuous');
#10430=COLOUR_RGB('',0.0,0.0,0.0);
#10431=CARTESIAN_POINT('',(-9.59,7.65099999999999,0.75));
#10432=VECTOR('',#15701,1.0);
#10433=PRE_DEFINED_MARKER('');
#10434=COLOUR_RGB('',0.87058824300766,0.87058824300766,0.87058824300766);
#10435=PRE_DEFINED_MARKER('');
#10436=COLOUR_RGB('',0.87058824300766,0.87058824300766,0.87058824300766);
#10437=DRAUGHTING_PRE_DEFINED_CURVE_FONT('continuous');
#10438=COLOUR_RGB('',0.87058824300766,0.87058824300766,0.87058824300766);
#10439=CARTESIAN_POINT('',(-6.67000000000034,-2.54999999999999,0.16665));
#10440=VECTOR('',#15702,1.0);
#10441=SURFACE_SIDE_STYLE('',(#15703));
#10442=EDGE_LOOP('',(#15704,#15705,#15706,#15707));
#10443=AXIS2_PLACEMENT_3D('',#15708,#15709,#15710);
#10444=PRE_DEFINED_MARKER('');
#10445=COLOUR_RGB('',1.0,0.0,0.0);
#10446=DRAUGHTING_PRE_DEFINED_CURVE_FONT('continuous');
#10447=COLOUR_RGB('',0.0,0.0,0.0);
#10448=CARTESIAN_POINT('',(-8.43999999999984,7.67524999999998,-0.125249999999958));
#10449=VECTOR('',#15711,0.999999999999999);
#10450=DRAUGHTING_PRE_DEFINED_CURVE_FONT('continuous');
#10451=COLOUR_RGB('',0.0,0.0,0.0);
#10452=CARTESIAN_POINT('',(4.80999999999989,7.64999999999999,0.525000000000035));
#10453=VECTOR('',#15712,1.0);
#10454=PRE_DEFINED_MARKER('');
#10455=COLOUR_RGB('',0.0,0.0,0.0);
#10456=DRAUGHTING_PRE_DEFINED_CURVE_FONT('continuous');
#10457=COLOUR_RGB('',0.0,0.0,0.0);
#10458=CARTESIAN_POINT('',(-6.5275,8.49999999999996,-0.949999999999932));
#10459=VECTOR('',#15713,1.0);
#10460=DRAUGHTING_PRE_DEFINED_CURVE_FONT('continuous');
#10461=COLOUR_RGB('',0.87058824300766,0.87058824300766,0.87058824300766);
#10462=CARTESIAN_POINT('',(-1.59000000000034,-2.54999999999999,0.16665));
#10463=VECTOR('',#15714,1.0);
#10464=SURFACE_SIDE_STYLE('',(#15715));
#10465=EDGE_LOOP('',(#15716,#15717,#15718,#15719));
#10466=AXIS2_PLACEMENT_3D('',#15720,#15721,#15722);
#10467=DRAUGHTING_PRE_DEFINED_CURVE_FONT('continuous');
#10468=COLOUR_RGB('',0.87058824300766,0.87058824300766,0.87058824300766);
#10469=AXIS2_PLACEMENT_3D('',#15723,#15724,#15725);
#10470=DRAUGHTING_PRE_DEFINED_CURVE_FONT('continuous');
#10471=COLOUR_RGB('',0.0,0.0,0.0);
#10472=CARTESIAN_POINT('',(2.80999999999989,7.65099999999999,1.5));
#10473=VECTOR('',#15726,1.0);
#10474=PRE_DEFINED_MARKER('');
#10475=COLOUR_RGB('',0.87058824300766,0.87058824300766,0.87058824300766);
#10476=DRAUGHTING_PRE_DEFINED_CURVE_FONT('continuous');
#10477=COLOUR_RGB('',0.0,0.0,0.0);
#10478=CARTESIAN_POINT('',(10.285,0.0,1.25));
#10479=VECTOR('',#15727,1.0);
#10480=DRAUGHTING_PRE_DEFINED_CURVE_FONT('continuous');
#10481=COLOUR_RGB('',0.0,0.0,0.0);
#10482=CARTESIAN_POINT('',(0.303833333333415,8.51716666666661,0.96716666666681));
#10483=VECTOR('',#15728,1.0);
#10484=SURFACE_SIDE_STYLE('',(#15729));
#10485=EDGE_LOOP('',(#15730,#15731,#15732,#15733));
#10486=AXIS2_PLACEMENT_3D('',#15734,#15735,#15736);
#10487=SURFACE_SIDE_STYLE('',(#15737));
#10488=EDGE_LOOP('',(#15738,#15739,#15740,#15741));
#10489=AXIS2_PLACEMENT_3D('',#15742,#15743,#15744);
#10490=DRAUGHTING_PRE_DEFINED_CURVE_FONT('continuous');
#10491=COLOUR_RGB('',0.0,0.0,0.0);
#10492=CARTESIAN_POINT('',(-4.8099999999992,0.753873053988997,0.833325));
#10493=VECTOR('',#15745,1.0);
#10494=PRE_DEFINED_MARKER('');
#10495=COLOUR_RGB('',0.0,0.0,0.0);
#10496=DRAUGHTING_PRE_DEFINED_CURVE_FONT('continuous');
#10497=COLOUR_RGB('',0.0,0.0,0.0);
#10498=AXIS2_PLACEMENT_3D('',#15746,#15747,#15748);
#10499=SURFACE_SIDE_STYLE('',(#15749));
#10500=EDGE_LOOP('',(#15750,#15751,#15752,#15753));
#10501=AXIS2_PLACEMENT_3D('',#15754,#15755,#15756);
#10502=DRAUGHTING_PRE_DEFINED_CURVE_FONT('continuous');
#10503=COLOUR_RGB('',0.0,0.0,0.0);
#10504=CARTESIAN_POINT('',(9.88999999999989,0.740500000000165,-0.999999999999204));
#10505=VECTOR('',#15757,1.0);
#10506=PRE_DEFINED_MARKER('');
#10507=COLOUR_RGB('',0.0,0.0,0.0);
#10508=DRAUGHTING_PRE_DEFINED_CURVE_FONT('continuous');
#10509=COLOUR_RGB('',0.0,0.0,0.0);
#10510=CARTESIAN_POINT('',(-9.85616666666659,8.51716666666661,0.967166666666809));
#10511=VECTOR('',#15758,1.0);
#10512=PRE_DEFINED_MARKER('');
#10513=COLOUR_RGB('',0.87058824300766,0.87058824300766,0.87058824300766);
#10514=PRE_DEFINED_MARKER('');
#10515=COLOUR_RGB('',0.0,0.0,0.0);
#10516=DRAUGHTING_PRE_DEFINED_CURVE_FONT('continuous');
#10517=COLOUR_RGB('',0.0,0.0,0.0);
#10518=CARTESIAN_POINT('',(0.270000000000795,4.37050000000009,-0.449999999999932));
#10519=VECTOR('',#15759,1.0);
#10520=DRAUGHTING_PRE_DEFINED_CURVE_FONT('continuous');
#10521=COLOUR_RGB('',1.0,0.0,0.0);
#10522=CARTESIAN_POINT('',(-8.19,7.625,-0.7));
#10523=VECTOR('',#15760,1.0);
#10524=DRAUGHTING_PRE_DEFINED_CURVE_FONT('continuous');
#10525=COLOUR_RGB('',0.0,0.0,0.0);
#10526=CARTESIAN_POINT('',(-7.85,7.64999999999999,0.999999999999886));
#10527=VECTOR('',#15761,1.0);
#10528=PRE_DEFINED_MARKER('');
#10529=COLOUR_RGB('',0.0,0.0,0.0);
#10530=DRAUGHTING_PRE_DEFINED_CURVE_FONT('continuous');
#10531=COLOUR_RGB('',0.87058824300766,0.87058824300766,0.87058824300766);
#10532=CARTESIAN_POINT('',(1.58999999999966,-2.54999999999999,0.16665));
#10533=VECTOR('',#15762,1.0);
#10534=SURFACE_SIDE_STYLE('',(#15763));
#10535=EDGE_LOOP('',(#15764,#15765,#15766,#15767));
#10536=AXIS2_PLACEMENT_3D('',#15768,#15769,#15770);
#10537=SURFACE_SIDE_STYLE('',(#15771));
#10538=EDGE_LOOP('',(#15772,#15773,#15774,#15775));
#10539=AXIS2_PLACEMENT_3D('',#15776,#15777,#15778);
#10540=DRAUGHTING_PRE_DEFINED_CURVE_FONT('continuous');
#10541=COLOUR_RGB('',0.87058824300766,0.87058824300766,0.87058824300766);
#10542=CARTESIAN_POINT('',(-8.57000000000034,-2.54999999999999,-0.166650000000001));
#10543=VECTOR('',#15779,1.0);
#10544=PRE_DEFINED_MARKER('');
#10545=COLOUR_RGB('',0.0,0.0,0.0);
#10546=DRAUGHTING_PRE_DEFINED_CURVE_FONT('continuous');
#10547=COLOUR_RGB('',0.0,0.0,0.0);
#10548=AXIS2_PLACEMENT_3D('',#15780,#15781,#15782);
#10549=PRE_DEFINED_MARKER('');
#10550=COLOUR_RGB('',0.0,0.0,0.0);
#10551=DRAUGHTING_PRE_DEFINED_CURVE_FONT('continuous');
#10552=COLOUR_RGB('',0.87058824300766,0.87058824300766,0.87058824300766);
#10553=CARTESIAN_POINT('',(-3.49000000000034,-2.54999999999999,-0.16665));
#10554=VECTOR('',#15783,1.0);
#10555=DRAUGHTING_PRE_DEFINED_CURVE_FONT('continuous');
#10556=COLOUR_RGB('',0.0,0.0,0.0);
#10557=CARTESIAN_POINT('',(-2.7175,8.49999999999997,0.950000000000173));
#10558=VECTOR('',#15784,1.0);
#10559=PRE_DEFINED_MARKER('');
#10560=COLOUR_RGB('',0.87058824300766,0.87058824300766,0.87058824300766);
#10561=DRAUGHTING_PRE_DEFINED_CURVE_FONT('continuous');
#10562=COLOUR_RGB('',0.87058824300766,0.87058824300766,0.87058824300766);
#10563=CARTESIAN_POINT('',(6.14999999999966,-3.19999999999999,0.16665));
#10564=VECTOR('',#15785,0.999999999999999);
#10565=DRAUGHTING_PRE_DEFINED_CURVE_FONT('continuous');
#10566=COLOUR_RGB('',0.0,0.0,0.0);
#10567=CARTESIAN_POINT('',(-4.8099999999992,0.302213113916717,-0.16665));
#10568=VECTOR('',#15786,1.0);
#10569=PRE_DEFINED_MARKER('');
#10570=COLOUR_RGB('',0.0,0.0,0.0);
#10571=DRAUGHTING_PRE_DEFINED_CURVE_FONT('continuous');
#10572=COLOUR_RGB('',0.0,0.0,0.0);
#10573=CARTESIAN_POINT('',(0.295000000000034,7.65099999999999,0.450000000000159));
#10574=VECTOR('',#15787,1.0);
#10575=PRE_DEFINED_MARKER('');
#10576=COLOUR_RGB('',0.0,0.0,0.0);
#10577=DRAUGHTING_PRE_DEFINED_CURVE_FONT('continuous');
#10578=COLOUR_RGB('',0.87058824300766,0.87058824300766,0.87058824300766);
#10579=CARTESIAN_POINT('',(-6.03000000000034,-2.54999999999999,0.16665));
#10580=VECTOR('',#15788,1.0);
#10581=DRAUGHTING_PRE_DEFINED_CURVE_FONT('continuous');
#10582=COLOUR_RGB('',0.87058824300766,0.87058824300766,0.87058824300766);
#10583=CARTESIAN_POINT('',(1.06999999999966,-3.19999999999999,0.16665));
#10584=VECTOR('',#15789,0.999999999999999);
#10585=DRAUGHTING_PRE_DEFINED_CURVE_FONT('continuous');
#10586=COLOUR_RGB('',0.0,0.0,0.0);
#10587=CARTESIAN_POINT('',(5.37500000000003,7.65099999999999,0.450000000000159));
#10588=VECTOR('',#15790,1.0);
#10589=DRAUGHTING_PRE_DEFINED_CURVE_FONT('continuous');
#10590=COLOUR_RGB('',0.0,0.0,0.0);
#10591=CARTESIAN_POINT('',(5.90000000000007,8.00049999999996,-0.449999999999931));
#10592=VECTOR('',#15791,1.0);
#10593=PRE_DEFINED_MARKER('');
#10594=COLOUR_RGB('',0.0,0.0,0.0);
#10595=DRAUGHTING_PRE_DEFINED_CURVE_FONT('continuous');
#10596=COLOUR_RGB('',0.0,0.0,0.0);
#10597=CARTESIAN_POINT('',(7.39,7.64999999999999,-1.00000000000011));
#10598=VECTOR('',#15792,1.0);
#10599=DRAUGHTING_PRE_DEFINED_CURVE_FONT('continuous');
#10600=COLOUR_RGB('',0.87058824300766,0.87058824300766,0.87058824300766);
#10601=CARTESIAN_POINT('',(3.48999999999966,0.587206387322199,0.16665));
#10602=VECTOR('',#15793,1.0);
#10603=DRAUGHTING_PRE_DEFINED_CURVE_FONT('continuous');
#10604=COLOUR_RGB('',0.0,0.0,0.0);
#10605=CARTESIAN_POINT('',(-9.86499999999997,7.65099999999999,-0.449999999999932));
#10606=VECTOR('',#15794,1.0);
#10607=PRE_DEFINED_MARKER('');
#10608=COLOUR_RGB('',0.0,0.0,0.0);
#10609=DRAUGHTING_PRE_DEFINED_CURVE_FONT('continuous');
#10610=COLOUR_RGB('',0.0,0.0,0.0);
#10611=CARTESIAN_POINT('',(9.83900000000017,8.49999999999997,1.375));
#10612=VECTOR('',#15795,1.0);
#10613=PRE_DEFINED_MARKER('');
#10614=COLOUR_RGB('',0.0,0.0,0.0);
#10615=DRAUGHTING_PRE_DEFINED_CURVE_FONT('continuous');
#10616=COLOUR_RGB('',0.0,0.0,0.0);
#10617=CARTESIAN_POINT('',(-10.285,0.150000000000006,0.625000000000113));
#10618=VECTOR('',#15796,1.0);
#10619=DRAUGHTING_PRE_DEFINED_CURVE_FONT('continuous');
#10620=COLOUR_RGB('',0.0,0.0,0.0);
#10621=CARTESIAN_POINT('',(9.88999999999989,0.599999999999994,0.437500000000001));
#10622=VECTOR('',#15797,1.0);
#10623=PRE_DEFINED_MARKER('');
#10624=COLOUR_RGB('',0.0,0.0,0.0);
#10625=DRAUGHTING_PRE_DEFINED_CURVE_FONT('continuous');
#10626=COLOUR_RGB('',0.0,0.0,0.0);
#10627=CARTESIAN_POINT('',(5.90000000000007,7.76274999999997,-0.212749999999948));
#10628=VECTOR('',#15798,0.999999999999999);
#10629=DRAUGHTING_PRE_DEFINED_CURVE_FONT('continuous');
#10630=COLOUR_RGB('',0.0,0.0,0.0);
#10631=CARTESIAN_POINT('',(-10.285,0.0,-0.775000000000092));
#10632=VECTOR('',#15799,1.0);
#10633=DRAUGHTING_PRE_DEFINED_CURVE_FONT('continuous');
#10634=COLOUR_RGB('',0.0,0.0,0.0);
#10635=CARTESIAN_POINT('',(4.85,7.64999999999999,0.999999999999887));
#10636=VECTOR('',#15800,1.0);
#10637=DRAUGHTING_PRE_DEFINED_CURVE_FONT('continuous');
#10638=COLOUR_RGB('',0.0,0.0,0.0);
#10639=CARTESIAN_POINT('',(2.26999999999989,4.37050000000003,-0.449999999999932));
#10640=VECTOR('',#15801,1.0);
#10641=DRAUGHTING_PRE_DEFINED_CURVE_FONT('continuous');
#10642=COLOUR_RGB('',0.87058824300766,0.87058824300766,0.87058824300766);
#10643=CARTESIAN_POINT('',(2.49040082142894,1.90282814901086,-0.16665));
#10644=VECTOR('',#15802,1.0);
#10645=DRAUGHTING_PRE_DEFINED_CURVE_FONT('continuous');
#10646=COLOUR_RGB('',0.87058824300766,0.87058824300766,0.87058824300766);
#10647=CARTESIAN_POINT('',(-3.49000000000034,-2.54999999999999,0.16665));
#10648=VECTOR('',#15803,1.0);
#10649=DRAUGHTING_PRE_DEFINED_CURVE_FONT('continuous');
#10650=COLOUR_RGB('',0.0,0.0,0.0);
#10651=CARTESIAN_POINT('',(-10.285,0.599999999999994,0.624999999999999));
#10652=VECTOR('',#15804,1.0);
#10653=PRE_DEFINED_MARKER('');
#10654=COLOUR_RGB('',0.0,0.0,0.0);
#10655=DRAUGHTING_PRE_DEFINED_CURVE_FONT('continuous');
#10656=COLOUR_RGB('',0.0,0.0,0.0);
#10657=CARTESIAN_POINT('',(-9.89000000000011,7.65099999999999,1.5));
#10658=VECTOR('',#15805,1.0);
#10659=DRAUGHTING_PRE_DEFINED_CURVE_FONT('continuous');
#10660=COLOUR_RGB('',0.0,0.0,0.0);
#10661=CARTESIAN_POINT('',(-10.3375,8.49999999999997,0.950000000000173));
#10662=VECTOR('',#15806,1.0);
#10663=PRE_DEFINED_MARKER('');
#10664=COLOUR_RGB('',0.0,0.0,0.0);
#10665=DRAUGHTING_PRE_DEFINED_CURVE_FONT('continuous');
#10666=COLOUR_RGB('',0.87058824300766,0.87058824300766,0.87058824300766);
#10667=CARTESIAN_POINT('',(-3.61000000000034,-3.19999999999999,0.16665));
#10668=VECTOR('',#15807,1.0);
#10669=PRE_DEFINED_MARKER('');
#10670=COLOUR_RGB('',0.0,0.0,0.0);
#10671=DRAUGHTING_PRE_DEFINED_CURVE_FONT('continuous');
#10672=COLOUR_RGB('',0.87058824300766,0.87058824300766,0.87058824300766);
#10673=AXIS2_PLACEMENT_3D('',#15808,#15809,#15810);
#10674=DRAUGHTING_PRE_DEFINED_CURVE_FONT('continuous');
#10675=COLOUR_RGB('',0.0,0.0,0.0);
#10676=AXIS2_PLACEMENT_3D('',#15811,#15812,#15813);
#10677=PRE_DEFINED_MARKER('');
#10678=COLOUR_RGB('',0.87058824300766,0.87058824300766,0.87058824300766);
#10679=SURFACE_SIDE_STYLE('',(#15814));
#10680=EDGE_LOOP('',(#15815,#15816,#15817,#15818));
#10681=AXIS2_PLACEMENT_3D('',#15819,#15820,#15821);
#10682=SURFACE_SIDE_STYLE('',(#15822));
#10683=EDGE_LOOP('',(#15823,#15824,#15825,#15826,#15827,#15828,#15829,#15830,#15831,#15832,#15833,#15834));
#10684=AXIS2_PLACEMENT_3D('',#15835,#15836,#15837);
#10685=DRAUGHTING_PRE_DEFINED_CURVE_FONT('continuous');
#10686=COLOUR_RGB('',0.0,0.0,0.0);
#10687=CARTESIAN_POINT('',(-7.3499999999992,4.37050000000009,-0.449999999999932));
#10688=VECTOR('',#15838,1.0);
#10689=DRAUGHTING_PRE_DEFINED_CURVE_FONT('continuous');
#10690=COLOUR_RGB('',0.0,0.0,0.0);
#10691=CARTESIAN_POINT('',(7.34999999999989,0.0,1.13750000000005));
#10692=VECTOR('',#15839,1.0);
#10693=DRAUGHTING_PRE_DEFINED_CURVE_FONT('continuous');
#10694=COLOUR_RGB('',0.0,0.0,0.0);
#10695=CARTESIAN_POINT('',(0.820000000000068,7.76274999999997,-0.212749999999948));
#10696=VECTOR('',#15840,0.999999999999999);
#10697=SURFACE_SIDE_STYLE('',(#15841));
#10698=EDGE_LOOP('',(#15842,#15843,#15844,#15845));
#10699=AXIS2_PLACEMENT_3D('',#15846,#15847,#15848);
#10700=SURFACE_SIDE_STYLE('',(#15849));
#10701=EDGE_LOOP('',(#15850,#15851,#15852,#15853));
#10702=AXIS2_PLACEMENT_3D('',#15854,#15855,#15856);
#10703=PRE_DEFINED_MARKER('');
#10704=COLOUR_RGB('',0.87058824300766,0.87058824300766,0.87058824300766);
#10705=DRAUGHTING_PRE_DEFINED_CURVE_FONT('continuous');
#10706=COLOUR_RGB('',0.87058824300766,0.87058824300766,0.87058824300766);
#10707=CARTESIAN_POINT('',(9.20999999999966,-2.54999999999999,-0.166649999999999));
#10708=VECTOR('',#15857,1.0);
#10709=DRAUGHTING_PRE_DEFINED_CURVE_FONT('continuous');
#10710=COLOUR_RGB('',0.87058824300766,0.87058824300766,0.87058824300766);
#10711=AXIS2_PLACEMENT_3D('',#15858,#15859,#15860);
#10712=DRAUGHTING_PRE_DEFINED_CURVE_FONT('continuous');
#10713=COLOUR_RGB('',0.0,0.0,0.0);
#10714=CARTESIAN_POINT('',(4.80999999999989,0.445500000000107,-0.625));
#10715=VECTOR('',#15861,1.0);
#10716=PRE_DEFINED_MARKER('');
#10717=COLOUR_RGB('',0.0,0.0,0.0);
#10718=PRE_DEFINED_MARKER('');
#10719=COLOUR_RGB('',0.87058824300766,0.87058824300766,0.87058824300766);
#10720=PRE_DEFINED_MARKER('');
#10721=COLOUR_RGB('',0.87058824300766,0.87058824300766,0.87058824300766);
#10722=DRAUGHTING_PRE_DEFINED_CURVE_FONT('continuous');
#10723=COLOUR_RGB('',0.87058824300766,0.87058824300766,0.87058824300766);
#10724=AXIS2_PLACEMENT_3D('',#15862,#15863,#15864);
#10725=SURFACE_SIDE_STYLE('',(#15865));
#10726=EDGE_LOOP('',(#15866,#15867,#15868,#15869));
#10727=AXIS2_PLACEMENT_3D('',#15870,#15871,#15872);
#10728=PRE_DEFINED_MARKER('');
#10729=COLOUR_RGB('',0.0,0.0,0.0);
#10730=SURFACE_SIDE_STYLE('',(#15873));
#10731=EDGE_LOOP('',(#15874,#15875,#15876,#15877));
#10732=AXIS2_PLACEMENT_3D('',#15878,#15879,#15880);
#10733=PRE_DEFINED_MARKER('');
#10734=COLOUR_RGB('',0.87058824300766,0.87058824300766,0.87058824300766);
#10735=PRE_DEFINED_MARKER('');
#10736=COLOUR_RGB('',0.0,0.0,0.0);
#10737=DRAUGHTING_PRE_DEFINED_CURVE_FONT('continuous');
#10738=COLOUR_RGB('',0.0,0.0,0.0);
#10739=AXIS2_PLACEMENT_3D('',#15881,#15882,#15883);
#10740=PRE_DEFINED_MARKER('');
#10741=COLOUR_RGB('',0.0,0.0,0.0);
#10742=PRE_DEFINED_MARKER('');
#10743=COLOUR_RGB('',0.87058824300766,0.87058824300766,0.87058824300766);
#10744=PRE_DEFINED_MARKER('');
#10745=COLOUR_RGB('',0.0,0.0,0.0);
#10746=DRAUGHTING_PRE_DEFINED_CURVE_FONT('continuous');
#10747=COLOUR_RGB('',0.0,0.0,0.0);
#10748=CARTESIAN_POINT('',(-10.285,0.0,-0.775000000000092));
#10749=VECTOR('',#15884,1.0);
#10750=SURFACE_SIDE_STYLE('',(#15885));
#10751=EDGE_LOOP('',(#15886,#15887,#15888,#15889));
#10752=AXIS2_PLACEMENT_3D('',#15890,#15891,#15892);
#10753=PRE_DEFINED_MARKER('');
#10754=COLOUR_RGB('',0.0,0.0,0.0);
#10755=DRAUGHTING_PRE_DEFINED_CURVE_FONT('continuous');
#10756=COLOUR_RGB('',0.0,0.0,0.0);
#10757=CARTESIAN_POINT('',(-5.35000000000011,0.599999999999994,0.4375));
#10758=VECTOR('',#15893,1.0);
#10759=PRE_DEFINED_MARKER('');
#10760=COLOUR_RGB('',0.0,0.0,0.0);
#10761=DRAUGHTING_PRE_DEFINED_CURVE_FONT('continuous');
#10762=COLOUR_RGB('',0.0,0.0,0.0);
#10763=CARTESIAN_POINT('',(8.44000000000007,8.00049999999996,-0.449999999999931));
#10764=VECTOR('',#15894,1.0);
#10765=PRE_DEFINED_MARKER('');
#10766=COLOUR_RGB('',0.0,0.0,0.0);
#10767=PRE_DEFINED_MARKER('');
#10768=COLOUR_RGB('',0.0,0.0,0.0);
#10769=PRE_DEFINED_MARKER('');
#10770=COLOUR_RGB('',0.87058824300766,0.87058824300766,0.87058824300766);
#10771=PRE_DEFINED_MARKER('');
#10772=COLOUR_RGB('',0.0,0.0,0.0);
#10773=DRAUGHTING_PRE_DEFINED_CURVE_FONT('continuous');
#10774=COLOUR_RGB('',0.0,0.0,0.0);
#10775=CARTESIAN_POINT('',(10.285,0.0,-1.25));
#10776=VECTOR('',#15895,1.0);
#10777=PRE_DEFINED_MARKER('');
#10778=COLOUR_RGB('',0.0,0.0,0.0);
#10779=PRE_DEFINED_MARKER('');
#10780=COLOUR_RGB('',0.0,0.0,0.0);
#10781=SURFACE_SIDE_STYLE('',(#15896));
#10782=EDGE_LOOP('',(#15897,#15898,#15899,#15900));
#10783=AXIS2_PLACEMENT_3D('',#15901,#15902,#15903);
#10784=SURFACE_SIDE_STYLE('',(#15904));
#10785=EDGE_LOOP('',(#15905,#15906,#15907,#15908));
#10786=EDGE_LOOP('',(#15909,#15910,#15911,#15912,#15913,#15914,#15915,#15916,#15917,#15918,#15919,#15920,#15921,#15922));
#10787=AXIS2_PLACEMENT_3D('',#15923,#15924,#15925);
#10788=DRAUGHTING_PRE_DEFINED_CURVE_FONT('continuous');
#10789=COLOUR_RGB('',0.0,0.0,0.0);
#10790=CARTESIAN_POINT('',(-2.81000000000011,0.30221311391666,-0.16665));
#10791=VECTOR('',#15926,1.0);
#10792=DRAUGHTING_PRE_DEFINED_CURVE_FONT('continuous');
#10793=COLOUR_RGB('',0.0,0.0,0.0);
#10794=CARTESIAN_POINT('',(-3.9875,0.0,0.999999999999886));
#10795=VECTOR('',#15927,1.0);
#10796=PRE_DEFINED_MARKER('');
#10797=COLOUR_RGB('',0.87058824300766,0.87058824300766,0.87058824300766);
#10798=DRAUGHTING_PRE_DEFINED_CURVE_FONT('continuous');
#10799=COLOUR_RGB('',0.87058824300766,0.87058824300766,0.87058824300766);
#10800=AXIS2_PLACEMENT_3D('',#15928,#15929,#15930);
#10801=DRAUGHTING_PRE_DEFINED_CURVE_FONT('continuous');
#10802=COLOUR_RGB('',0.87058824300766,0.87058824300766,0.87058824300766);
#10803=CARTESIAN_POINT('',(-3.32122065727702,0.753873053989039,0.16665));
#10804=VECTOR('',#15931,1.0);
#10805=DRAUGHTING_PRE_DEFINED_CURVE_FONT('continuous');
#10806=COLOUR_RGB('',0.0,0.0,0.0);
#10807=CARTESIAN_POINT('',(-6.5275,0.0,-0.999999999999205));
#10808=VECTOR('',#15932,1.0);
#10809=DRAUGHTING_PRE_DEFINED_CURVE_FONT('continuous');
#10810=COLOUR_RGB('',0.0,0.0,0.0);
#10811=CARTESIAN_POINT('',(-4.25999999999993,8.00049999999996,-0.449999999999932));
#10812=VECTOR('',#15933,1.0);
#10813=SURFACE_SIDE_STYLE('',(#15934));
#10814=EDGE_LOOP('',(#15935,#15936,#15937,#15938,#15939,#15940,#15941,#15942));
#10815=AXIS2_PLACEMENT_3D('',#15943,#15944,#15945);
#10816=PRE_DEFINED_MARKER('');
#10817=COLOUR_RGB('',0.0,0.0,0.0);
#10818=DRAUGHTING_PRE_DEFINED_CURVE_FONT('continuous');
#10819=COLOUR_RGB('',0.87058824300766,0.87058824300766,0.87058824300766);
#10820=CARTESIAN_POINT('',(-9.21000000000034,-2.54999999999999,0.166649999999999));
#10821=VECTOR('',#15946,1.0);
#10822=PRE_DEFINED_MARKER('');
#10823=COLOUR_RGB('',0.87058824300766,0.87058824300766,0.87058824300766);
#10824=PRE_DEFINED_MARKER('');
#10825=COLOUR_RGB('',0.0,0.0,0.0);
#10826=DRAUGHTING_PRE_DEFINED_CURVE_FONT('continuous');
#10827=COLOUR_RGB('',0.0,0.0,0.0);
#10828=CARTESIAN_POINT('',(-9.59,7.64999999999999,0.499999999999943));
#10829=VECTOR('',#15947,1.0);
#10830=PRE_DEFINED_MARKER('');
#10831=COLOUR_RGB('',0.87058824300766,0.87058824300766,0.87058824300766);
#10832=PRE_DEFINED_MARKER('');
#10833=COLOUR_RGB('',0.0,0.0,0.0);
#10834=DRAUGHTING_PRE_DEFINED_CURVE_FONT('continuous');
#10835=COLOUR_RGB('',0.0,0.0,0.0);
#10836=CARTESIAN_POINT('',(-9.33999999999993,7.68,0.75));
#10837=VECTOR('',#15948,1.0);
#10838=SURFACE_SIDE_STYLE('',(#15949));
#10839=EDGE_LOOP('',(#15950,#15951,#15952,#15953,#15954,#15955));
#10840=AXIS2_PLACEMENT_3D('',#15956,#15957,#15958);
#10841=DRAUGHTING_PRE_DEFINED_CURVE_FONT('continuous');
#10842=COLOUR_RGB('',0.0,0.0,0.0);
#10843=CARTESIAN_POINT('',(-5.31,7.99999999999996,-0.449999999999932));
#10844=VECTOR('',#15959,1.0);
#10845=DRAUGHTING_PRE_DEFINED_CURVE_FONT('continuous');
#10846=COLOUR_RGB('',0.0,0.0,0.0);
#10847=CARTESIAN_POINT('',(-5.35000000000011,0.670499999999941,0.624999999999982));
#10848=VECTOR('',#15960,1.0);
#10849=SURFACE_SIDE_STYLE('',(#15961));
#10850=EDGE_LOOP('',(#15962,#15963,#15964,#15965));
#10851=AXIS2_PLACEMENT_3D('',#15966,#15967,#15968);
#10852=SURFACE_SIDE_STYLE('',(#15969));
#10853=EDGE_LOOP('',(#15970,#15971,#15972,#15973));
#10854=AXIS2_PLACEMENT_3D('',#15974,#15975,#15976);
#10855=DRAUGHTING_PRE_DEFINED_CURVE_FONT('continuous');
#10856=COLOUR_RGB('',0.0,0.0,0.0);
#10857=CARTESIAN_POINT('',(-4.78499999999997,7.65099999999999,-0.449999999999932));
#10858=VECTOR('',#15977,1.0);
#10859=DRAUGHTING_PRE_DEFINED_CURVE_FONT('continuous');
#10860=COLOUR_RGB('',0.87058824300766,0.87058824300766,0.87058824300766);
#10861=CARTESIAN_POINT('',(-3.61000000000034,-3.19999999999999,0.16665));
#10862=VECTOR('',#15978,1.0);
#10863=PRE_DEFINED_MARKER('');
#10864=COLOUR_RGB('',0.0,0.0,0.0);
#10865=PRE_DEFINED_MARKER('');
#10866=COLOUR_RGB('',0.0,0.0,0.0);
#10867=SURFACE_SIDE_STYLE('',(#15979));
#10868=EDGE_LOOP('',(#15980,#15981,#15982,#15983));
#10869=EDGE_LOOP('',(#15984,#15985,#15986,#15987,#15988,#15989,#15990,#15991,#15992,#15993,#15994,#15995,#15996,#15997));
#10870=AXIS2_PLACEMENT_3D('',#15998,#15999,#16000);
#10871=DRAUGHTING_PRE_DEFINED_CURVE_FONT('continuous');
#10872=COLOUR_RGB('',0.0,0.0,0.0);
#10873=CARTESIAN_POINT('',(-2.81000000000011,0.0,1.13750000000005));
#10874=VECTOR('',#16001,1.0);
#10875=DRAUGHTING_PRE_DEFINED_CURVE_FONT('continuous');
#10876=COLOUR_RGB('',0.87058824300766,0.87058824300766,0.87058824300766);
#10877=CARTESIAN_POINT('',(-4.29877934272298,0.753873053988997,0.16665));
#10878=VECTOR('',#16002,1.0);
#10879=DRAUGHTING_PRE_DEFINED_CURVE_FONT('continuous');
#10880=COLOUR_RGB('',0.0,0.0,0.0);
#10881=CARTESIAN_POINT('',(-8.43999999999984,8.17524999999993,0.625250000000128));
#10882=VECTOR('',#16003,0.999999999999999);
#10883=PRE_DEFINED_MARKER('');
#10884=COLOUR_RGB('',0.0,0.0,0.0);
#10885=DRAUGHTING_PRE_DEFINED_CURVE_FONT('continuous');
#10886=COLOUR_RGB('',0.0,0.0,0.0);
#10887=CARTESIAN_POINT('',(6.09999999999994,7.65099999999999,-0.449999999999931));
#10888=VECTOR('',#16004,1.0);
#10889=DRAUGHTING_PRE_DEFINED_CURVE_FONT('continuous');
#10890=COLOUR_RGB('',0.0,0.0,0.0);
#10891=CARTESIAN_POINT('',(9.88999999999989,4.19550000000005,0.45000000000016));
#10892=VECTOR('',#16005,1.0);
#10893=PRE_DEFINED_MARKER('');
#10894=COLOUR_RGB('',0.0,0.0,0.0);
#10895=DRAUGHTING_PRE_DEFINED_CURVE_FONT('continuous');
#10896=COLOUR_RGB('',0.0,0.0,0.0);
#10897=CARTESIAN_POINT('',(-4.25999999999993,7.65099999999999,1.5));
#10898=VECTOR('',#16006,1.0);
#10899=SURFACE_SIDE_STYLE('',(#16007));
#10900=EDGE_LOOP('',(#16008,#16009,#16010,#16011));
#10901=AXIS2_PLACEMENT_3D('',#16012,#16013,#16014);
#10902=PRE_DEFINED_MARKER('');
#10903=COLOUR_RGB('',0.0,0.0,0.0);
#10904=PRE_DEFINED_MARKER('');
#10905=COLOUR_RGB('',0.0,0.0,0.0);
#10906=PRE_DEFINED_MARKER('');
#10907=COLOUR_RGB('',0.87058824300766,0.87058824300766,0.87058824300766);
#10908=DRAUGHTING_PRE_DEFINED_CURVE_FONT('continuous');
#10909=COLOUR_RGB('',0.87058824300766,0.87058824300766,0.87058824300766);
#10910=CARTESIAN_POINT('',(8.68999999999966,-3.19999999999999,0.166650000000001));
#10911=VECTOR('',#16015,1.0);
#10912=SURFACE_SIDE_STYLE('',(#16016));
#10913=EDGE_LOOP('',(#16017,#16018,#16019,#16020));
#10914=AXIS2_PLACEMENT_3D('',#16021,#16022,#16023);
#10915=SURFACE_SIDE_STYLE('',(#16024));
#10916=EDGE_LOOP('',(#16025,#16026,#16027,#16028,#16029,#16030));
#10917=AXIS2_PLACEMENT_3D('',#16031,#16032,#16033);
#10918=PRE_DEFINED_MARKER('');
#10919=COLOUR_RGB('',0.0,0.0,0.0);
#10920=PRE_DEFINED_MARKER('');
#10921=COLOUR_RGB('',0.0,0.0,0.0);
#10922=SURFACE_SIDE_STYLE('',(#16034));
#10923=EDGE_LOOP('',(#16035,#16036,#16037,#16038,#16039,#16040,#16041,#16042));
#10924=AXIS2_PLACEMENT_3D('',#16043,#16044,#16045);
#10925=DRAUGHTING_PRE_DEFINED_CURVE_FONT('continuous');
#10926=COLOUR_RGB('',0.0,0.0,0.0);
#10927=AXIS2_PLACEMENT_3D('',#16046,#16047,#16048);
#10928=PRE_DEFINED_MARKER('');
#10929=COLOUR_RGB('',0.0,0.0,0.0);
#10930=PRE_DEFINED_MARKER('');
#10931=COLOUR_RGB('',0.0,0.0,0.0);
#10932=SURFACE_SIDE_STYLE('',(#16049));
#10933=EDGE_LOOP('',(#16050,#16051,#16052,#16053));
#10934=AXIS2_PLACEMENT_3D('',#16054,#16055,#16056);
#10935=PRE_DEFINED_MARKER('');
#10936=COLOUR_RGB('',0.0,0.0,0.0);
#10937=DRAUGHTING_PRE_DEFINED_CURVE_FONT('continuous');
#10938=COLOUR_RGB('',0.0,0.0,0.0);
#10939=CARTESIAN_POINT('',(-10.3375,0.0,-0.999999999999205));
#10940=VECTOR('',#16057,1.0);
#10941=DRAUGHTING_PRE_DEFINED_CURVE_FONT('continuous');
#10942=COLOUR_RGB('',0.0,0.0,0.0);
#10943=CARTESIAN_POINT('',(-0.270000000000113,0.753873053989039,0.833325));
#10944=VECTOR('',#16058,1.0);
#10945=DRAUGHTING_PRE_DEFINED_CURVE_FONT('continuous');
#10946=COLOUR_RGB('',0.0,0.0,0.0);
#10947=CARTESIAN_POINT('',(-10.285,8.49999999999997,1.25));
#10948=VECTOR('',#16059,1.0);
#10949=DRAUGHTING_PRE_DEFINED_CURVE_FONT('continuous');
#10950=COLOUR_RGB('',0.0,0.0,0.0);
#10951=CARTESIAN_POINT('',(-10.285,0.0,0.77500000000009));
#10952=VECTOR('',#16060,1.0);
#10953=DRAUGHTING_PRE_DEFINED_CURVE_FONT('continuous');
#10954=COLOUR_RGB('',0.0,0.0,0.0);
#10955=CARTESIAN_POINT('',(-2.2699999999992,1.90282814901086,0.833325));
#10956=VECTOR('',#16061,1.0);
#10957=SURFACE_SIDE_STYLE('',(#16062));
#10958=EDGE_LOOP('',(#16063,#16064,#16065,#16066));
#10959=AXIS2_PLACEMENT_3D('',#16067,#16068,#16069);
#10960=DRAUGHTING_PRE_DEFINED_CURVE_FONT('continuous');
#10961=COLOUR_RGB('',0.0,0.0,0.0);
#10962=CARTESIAN_POINT('',(-5.31,7.64999999999999,0.450000000000159));
#10963=VECTOR('',#16070,1.0);
#10964=PRE_DEFINED_MARKER('');
#10965=COLOUR_RGB('',0.0,0.0,0.0);
#10966=DRAUGHTING_PRE_DEFINED_CURVE_FONT('continuous');
#10967=COLOUR_RGB('',0.0,0.0,0.0);
#10968=CARTESIAN_POINT('',(-9.8899999999992,0.670499999999998,0.624999999999982));
#10969=VECTOR('',#16071,1.0);
#10970=DRAUGHTING_PRE_DEFINED_CURVE_FONT('continuous');
#10971=COLOUR_RGB('',0.0,0.0,0.0);
#10972=CARTESIAN_POINT('',(-10.285,0.150000000000006,0.625000000000113));
#10973=VECTOR('',#16072,1.0);
#10974=PRE_DEFINED_MARKER('');
#10975=COLOUR_RGB('',0.0,0.0,0.0);
#10976=PRE_DEFINED_MARKER('');
#10977=COLOUR_RGB('',0.0,0.0,0.0);
#10978=DRAUGHTING_PRE_DEFINED_CURVE_FONT('continuous');
#10979=COLOUR_RGB('',0.0,0.0,0.0);
#10980=CARTESIAN_POINT('',(-5.35000000000011,0.0,0.125));
#10981=VECTOR('',#16073,1.0);
#10982=DRAUGHTING_PRE_DEFINED_CURVE_FONT('continuous');
#10983=COLOUR_RGB('',0.0,0.0,0.0);
#10984=CARTESIAN_POINT('',(9.18950000000011,7.8504999999999,0.300500000000106));
#10985=VECTOR('',#16074,1.0);
#10986=DRAUGHTING_PRE_DEFINED_CURVE_FONT('continuous');
#10987=COLOUR_RGB('',0.87058824300766,0.87058824300766,0.87058824300766);
#10988=CARTESIAN_POINT('',(9.20999999999966,-2.54999999999999,0.166650000000001));
#10989=VECTOR('',#16075,1.0);
#10990=DRAUGHTING_PRE_DEFINED_CURVE_FONT('continuous');
#10991=COLOUR_RGB('',0.87058824300766,0.87058824300766,0.87058824300766);
#10992=AXIS2_PLACEMENT_3D('',#16076,#16077,#16078);
#10993=DRAUGHTING_PRE_DEFINED_CURVE_FONT('continuous');
#10994=COLOUR_RGB('',0.87058824300766,0.87058824300766,0.87058824300766);
#10995=AXIS2_PLACEMENT_3D('',#16079,#16080,#16081);
#10996=DRAUGHTING_PRE_DEFINED_CURVE_FONT('continuous');
#10997=COLOUR_RGB('',0.0,0.0,0.0);
#10998=CARTESIAN_POINT('',(-4.25999999999993,8.26274999999992,0.712750000000119));
#10999=VECTOR('',#16082,0.999999999999999);
#11000=PRE_DEFINED_MARKER('');
#11001=COLOUR_RGB('',0.0,0.0,0.0);
#11002=PRE_DEFINED_MARKER('');
#11003=COLOUR_RGB('',0.87058824300766,0.87058824300766,0.87058824300766);
#11004=DRAUGHTING_PRE_DEFINED_CURVE_FONT('continuous');
#11005=COLOUR_RGB('',0.87058824300766,0.87058824300766,0.87058824300766);
#11006=AXIS2_PLACEMENT_3D('',#16083,#16084,#16085);
#11007=SURFACE_SIDE_STYLE('',(#16086));
#11008=EDGE_LOOP('',(#16087,#16088,#16089,#16090));
#11009=AXIS2_PLACEMENT_3D('',#16091,#16092,#16093);
#11010=PRE_DEFINED_MARKER('');
#11011=COLOUR_RGB('',0.0,0.0,0.0);
#11012=DRAUGHTING_PRE_DEFINED_CURVE_FONT('continuous');
#11013=COLOUR_RGB('',0.0,0.0,0.0);
#11014=CARTESIAN_POINT('',(-7.3499999999992,4.19550000000011,0.450000000000159));
#11015=VECTOR('',#16094,1.0);
#11016=PRE_DEFINED_MARKER('');
#11017=COLOUR_RGB('',0.0,0.0,0.0);
#11018=PRE_DEFINED_MARKER('');
#11019=COLOUR_RGB('',0.87058824300766,0.87058824300766,0.87058824300766);
#11020=PRE_DEFINED_MARKER('');
#11021=COLOUR_RGB('',0.87058824300766,0.87058824300766,0.87058824300766);
#11022=DRAUGHTING_PRE_DEFINED_CURVE_FONT('continuous');
#11023=COLOUR_RGB('',0.0,0.0,0.0);
#11024=CARTESIAN_POINT('',(9.34000000000016,8.17524999999993,0.625250000000129));
#11025=VECTOR('',#16095,0.999999999999999);
#11026=PRE_DEFINED_MARKER('');
#11027=COLOUR_RGB('',0.0,0.0,0.0);
#11028=DRAUGHTING_PRE_DEFINED_CURVE_FONT('continuous');
#11029=COLOUR_RGB('',0.0,0.0,0.0);
#11030=CARTESIAN_POINT('',(4.26000000000016,7.67524999999998,-0.125249999999957));
#11031=VECTOR('',#16096,0.999999999999999);
#11032=DRAUGHTING_PRE_DEFINED_CURVE_FONT('continuous');
#11033=COLOUR_RGB('',0.0,0.0,0.0);
#11034=CARTESIAN_POINT('',(7.34999999999989,0.445500000000107,-0.624999999999999));
#11035=VECTOR('',#16097,1.0);
#11036=PRE_DEFINED_MARKER('');
#11037=COLOUR_RGB('',0.0,0.0,0.0);
#11038=SURFACE_SIDE_STYLE('',(#16098));
#11039=EDGE_LOOP('',(#16099,#16100,#16101,#16102));
#11040=AXIS2_PLACEMENT_3D('',#16103,#16104,#16105);
#11041=PRE_DEFINED_MARKER('');
#11042=COLOUR_RGB('',0.87058824300766,0.87058824300766,0.87058824300766);
#11043=DRAUGHTING_PRE_DEFINED_CURVE_FONT('continuous');
#11044=COLOUR_RGB('',0.0,0.0,0.0);
#11045=CARTESIAN_POINT('',(-7.89000000000011,0.0,1.13750000000005));
#11046=VECTOR('',#16106,1.0);
#11047=DRAUGHTING_PRE_DEFINED_CURVE_FONT('continuous');
#11048=COLOUR_RGB('',0.0,0.0,0.0);
#11049=CARTESIAN_POINT('',(-9.0675,8.49999999999997,0.950000000000173));
#11050=VECTOR('',#16107,1.0);
#11051=PRE_DEFINED_MARKER('');
#11052=COLOUR_RGB('',0.0,0.0,0.0);
#11053=SURFACE_SIDE_STYLE('',(#16108));
#11054=EDGE_LOOP('',(#16109,#16110,#16111,#16112,#16113,#16114));
#11055=AXIS2_PLACEMENT_3D('',#16115,#16116,#16117);
#11056=DRAUGHTING_PRE_DEFINED_CURVE_FONT('continuous');
#11057=COLOUR_RGB('',0.0,0.0,0.0);
#11058=CARTESIAN_POINT('',(-2.77,7.64999999999999,0.450000000000159));
#11059=VECTOR('',#16118,1.0);
#11060=PRE_DEFINED_MARKER('');
#11061=COLOUR_RGB('',0.0,0.0,0.0);
#11062=DRAUGHTING_PRE_DEFINED_CURVE_FONT('continuous');
#11063=COLOUR_RGB('',0.0,0.0,0.0);
#11064=CARTESIAN_POINT('',(-6.05049999999989,7.8504999999999,0.300500000000105));
#11065=VECTOR('',#16119,1.0);
#11066=PRE_DEFINED_MARKER('');
#11067=COLOUR_RGB('',0.0,0.0,0.0);
#11068=PRE_DEFINED_MARKER('');
#11069=COLOUR_RGB('',0.0,0.0,0.0);
#11070=PRE_DEFINED_MARKER('');
#11071=COLOUR_RGB('',0.0,0.0,0.0);
#11072=DRAUGHTING_PRE_DEFINED_CURVE_FONT('continuous');
#11073=COLOUR_RGB('',0.0,0.0,0.0);
#11074=CARTESIAN_POINT('',(7.34999999999989,0.753873053989039,0.833325));
#11075=VECTOR('',#16120,1.0);
#11076=PRE_DEFINED_MARKER('');
#11077=COLOUR_RGB('',0.0,0.0,0.0);
#11078=DRAUGHTING_PRE_DEFINED_CURVE_FONT('continuous');
#11079=COLOUR_RGB('',0.0,0.0,0.0);
#11080=CARTESIAN_POINT('',(2.26999999999989,0.670499999999941,0.624999999999982));
#11081=VECTOR('',#16121,1.0);
#11082=PRE_DEFINED_MARKER('');
#11083=COLOUR_RGB('',0.0,0.0,0.0);
#11084=DRAUGHTING_PRE_DEFINED_CURVE_FONT('continuous');
#11085=COLOUR_RGB('',0.87058824300766,0.87058824300766,0.87058824300766);
#11086=CARTESIAN_POINT('',(-5.86122065727702,0.753873053989039,0.16665));
#11087=VECTOR('',#16122,1.0);
#11088=DRAUGHTING_PRE_DEFINED_CURVE_FONT('continuous');
#11089=COLOUR_RGB('',0.0,0.0,0.0);
#11090=CARTESIAN_POINT('',(-10.285,0.0,-0.775000000000092));
#11091=VECTOR('',#16123,1.0);
#11092=DRAUGHTING_PRE_DEFINED_CURVE_FONT('continuous');
#11093=COLOUR_RGB('',0.87058824300766,0.87058824300766,0.87058824300766);
#11094=AXIS2_PLACEMENT_3D('',#16124,#16125,#16126);
#11095=PRE_DEFINED_MARKER('');
#11096=COLOUR_RGB('',0.0,0.0,0.0);
#11097=DRAUGHTING_PRE_DEFINED_CURVE_FONT('continuous');
#11098=COLOUR_RGB('',0.87058824300766,0.87058824300766,0.87058824300766);
#11099=CARTESIAN_POINT('',(7.57040082142894,1.90282814901086,-0.166649999999999));
#11100=VECTOR('',#16127,1.0);
#11101=DRAUGHTING_PRE_DEFINED_CURVE_FONT('continuous');
#11102=COLOUR_RGB('',0.0,0.0,0.0);
#11103=CARTESIAN_POINT('',(-0.270000000000113,0.0,0.125));
#11104=VECTOR('',#16128,1.0);
#11105=DRAUGHTING_PRE_DEFINED_CURVE_FONT('continuous');
#11106=COLOUR_RGB('',0.0,0.0,0.0);
#11107=CARTESIAN_POINT('',(4.75900000000017,8.49999999999997,1.375));
#11108=VECTOR('',#16129,1.0);
#11109=PRE_DEFINED_MARKER('');
#11110=COLOUR_RGB('',0.0,0.0,0.0);
#11111=DRAUGHTING_PRE_DEFINED_CURVE_FONT('continuous');
#11112=COLOUR_RGB('',0.0,0.0,0.0);
#11113=AXIS2_PLACEMENT_3D('',#16130,#16131,#16132);
#11114=PRE_DEFINED_MARKER('');
#11115=COLOUR_RGB('',0.0,0.0,0.0);
#11116=SURFACE_SIDE_STYLE('',(#16133));
#11117=EDGE_LOOP('',(#16134,#16135,#16136,#16137,#16138,#16139,#16140,#16141,#16142,#16143,#16144,#16145));
#11118=AXIS2_PLACEMENT_3D('',#16146,#16147,#16148);
#11119=DRAUGHTING_PRE_DEFINED_CURVE_FONT('continuous');
#11120=COLOUR_RGB('',0.0,0.0,0.0);
#11121=CARTESIAN_POINT('',(-7.3499999999992,7.64999999999999,1.24999999999994));
#11122=VECTOR('',#16149,1.0);
#11123=DRAUGHTING_PRE_DEFINED_CURVE_FONT('continuous');
#11124=COLOUR_RGB('',0.0,0.0,0.0);
#11125=CARTESIAN_POINT('',(-2.7175,8.49999999999996,-0.949999999999932));
#11126=VECTOR('',#16150,1.0);
#11127=DRAUGHTING_PRE_DEFINED_CURVE_FONT('continuous');
#11128=COLOUR_RGB('',0.0,0.0,0.0);
#11129=CARTESIAN_POINT('',(-2.24499999999997,7.65099999999999,0.450000000000159));
#11130=VECTOR('',#16151,1.0);
#11131=SURFACE_SIDE_STYLE('',(#16152));
#11132=EDGE_LOOP('',(#16153,#16154,#16155,#16156));
#11133=AXIS2_PLACEMENT_3D('',#16157,#16158,#16159);
#11134=PRE_DEFINED_MARKER('');
#11135=COLOUR_RGB('',0.0,0.0,0.0);
#11136=PRE_DEFINED_MARKER('');
#11137=COLOUR_RGB('',0.0,0.0,0.0);
#11138=PRE_DEFINED_MARKER('');
#11139=COLOUR_RGB('',0.87058824300766,0.87058824300766,0.87058824300766);
#11140=DRAUGHTING_PRE_DEFINED_CURVE_FONT('continuous');
#11141=COLOUR_RGB('',0.0,0.0,0.0);
#11142=CARTESIAN_POINT('',(-6.5275,8.49999999999997,0.950000000000173));
#11143=VECTOR('',#16160,1.0);
#11144=PRE_DEFINED_MARKER('');
#11145=COLOUR_RGB('',0.0,0.0,0.0);
#11146=DRAUGHTING_PRE_DEFINED_CURVE_FONT('continuous');
#11147=COLOUR_RGB('',0.0,0.0,0.0);
#11148=CARTESIAN_POINT('',(7.34999999999989,0.599999999999994,0.437500000000001));
#11149=VECTOR('',#16161,1.0);
#11150=DRAUGHTING_PRE_DEFINED_CURVE_FONT('continuous');
#11151=COLOUR_RGB('',0.0,0.0,0.0);
#11152=CARTESIAN_POINT('',(4.80999999999989,4.37050000000003,-0.449999999999932));
#11153=VECTOR('',#16162,1.0);
#11154=DRAUGHTING_PRE_DEFINED_CURVE_FONT('continuous');
#11155=COLOUR_RGB('',0.87058824300766,0.87058824300766,0.87058824300766);
#11156=CARTESIAN_POINT('',(6.83877934272298,0.753873053989039,-0.16665));
#11157=VECTOR('',#16163,1.0);
#11158=DRAUGHTING_PRE_DEFINED_CURVE_FONT('continuous');
#11159=COLOUR_RGB('',0.0,0.0,0.0);
#11160=CARTESIAN_POINT('',(-2.81000000000011,7.64999999999999,1.24999999999994));
#11161=VECTOR('',#16164,1.0);
#11162=DRAUGHTING_PRE_DEFINED_CURVE_FONT('continuous');
#11163=COLOUR_RGB('',0.0,0.0,0.0);
#11164=CARTESIAN_POINT('',(5.3500000000008,0.0,0.125000000000001));
#11165=VECTOR('',#16165,1.0);
#11166=DRAUGHTING_PRE_DEFINED_CURVE_FONT('continuous');
#11167=COLOUR_RGB('',0.0,0.0,0.0);
#11168=CARTESIAN_POINT('',(-1.71999999999993,7.82549999999997,0.450000000000159));
#11169=VECTOR('',#16166,1.0);
#11170=SURFACE_SIDE_STYLE('',(#16167));
#11171=EDGE_LOOP('',(#16168,#16169,#16170,#16171));
#11172=AXIS2_PLACEMENT_3D('',#16172,#16173,#16174);
#11173=DRAUGHTING_PRE_DEFINED_CURVE_FONT('continuous');
#11174=COLOUR_RGB('',0.0,0.0,0.0);
#11175=CARTESIAN_POINT('',(5.90000000000007,7.82549999999997,0.45000000000016));
#11176=VECTOR('',#16175,1.0);
#11177=PRE_DEFINED_MARKER('');
#11178=COLOUR_RGB('',0.0,0.0,0.0);
#11179=PRE_DEFINED_MARKER('');
#11180=COLOUR_RGB('',0.0,0.0,0.0);
#11181=DRAUGHTING_PRE_DEFINED_CURVE_FONT('continuous');
#11182=COLOUR_RGB('',1.0,0.0,0.0);
#11183=CARTESIAN_POINT('',(-9.59,7.625,-0.7));
#11184=VECTOR('',#16176,1.0);
#11185=DRAUGHTING_PRE_DEFINED_CURVE_FONT('continuous');
#11186=COLOUR_RGB('',0.87058824300766,0.87058824300766,0.87058824300766);
#11187=CARTESIAN_POINT('',(-9.09000000000034,-3.19999999999999,0.166649999999999));
#11188=VECTOR('',#16177,1.0);
#11189=DRAUGHTING_PRE_DEFINED_CURVE_FONT('continuous');
#11190=COLOUR_RGB('',0.87058824300766,0.87058824300766,0.87058824300766);
#11191=CARTESIAN_POINT('',(-8.40122065727702,0.753873053989039,0.166649999999999));
#11192=VECTOR('',#16178,1.0);
#11193=DRAUGHTING_PRE_DEFINED_CURVE_FONT('continuous');
#11194=COLOUR_RGB('',0.0,0.0,0.0);
#11195=CARTESIAN_POINT('',(-7.3499999999992,1.90282814901086,0.833325));
#11196=VECTOR('',#16179,1.0);
#11197=DRAUGHTING_PRE_DEFINED_CURVE_FONT('continuous');
#11198=COLOUR_RGB('',0.0,0.0,0.0);
#11199=CARTESIAN_POINT('',(3.55999999999994,7.65099999999999,-0.449999999999932));
#11200=VECTOR('',#16180,1.0);
#11201=SURFACE_SIDE_STYLE('',(#16181));
#11202=EDGE_LOOP('',(#16182,#16183,#16184,#16185));
#11203=AXIS2_PLACEMENT_3D('',#16186,#16187,#16188);
#11204=PRE_DEFINED_MARKER('');
#11205=COLOUR_RGB('',0.0,0.0,0.0);
#11206=PRE_DEFINED_MARKER('');
#11207=COLOUR_RGB('',0.0,0.0,0.0);
#11208=DRAUGHTING_PRE_DEFINED_CURVE_FONT('continuous');
#11209=COLOUR_RGB('',0.0,0.0,0.0);
#11210=CARTESIAN_POINT('',(-8.43999999999984,8.00099999999996,1.5));
#11211=VECTOR('',#16189,1.0);
#11212=DRAUGHTING_PRE_DEFINED_CURVE_FONT('continuous');
#11213=COLOUR_RGB('',0.0,0.0,0.0);
#11214=CARTESIAN_POINT('',(-10.285,0.0,-1.25));
#11215=VECTOR('',#16190,1.0);
#11216=DRAUGHTING_PRE_DEFINED_CURVE_FONT('continuous');
#11217=COLOUR_RGB('',0.0,0.0,0.0);
#11218=CARTESIAN_POINT('',(-5.89999999999984,7.65099999999999,1.5));
#11219=VECTOR('',#16191,1.0);
#11220=DRAUGHTING_PRE_DEFINED_CURVE_FONT('continuous');
#11221=COLOUR_RGB('',0.0,0.0,0.0);
#11222=AXIS2_PLACEMENT_3D('',#16192,#16193,#16194);
#11223=DRAUGHTING_PRE_DEFINED_CURVE_FONT('continuous');
#11224=COLOUR_RGB('',0.87058824300766,0.87058824300766,0.87058824300766);
#11225=CARTESIAN_POINT('',(8.40122065727702,0.753873053988997,-0.16665));
#11226=VECTOR('',#16195,1.0);
#11227=PRE_DEFINED_MARKER('');
#11228=COLOUR_RGB('',0.0,0.0,0.0);
#11229=DRAUGHTING_PRE_DEFINED_CURVE_FONT('continuous');
#11230=COLOUR_RGB('',0.87058824300766,0.87058824300766,0.87058824300766);
#11231=CARTESIAN_POINT('',(3.32122065727702,0.753873053988997,-0.16665));
#11232=VECTOR('',#16196,1.0);
#11233=DRAUGHTING_PRE_DEFINED_CURVE_FONT('continuous');
#11234=COLOUR_RGB('',0.0,0.0,0.0);
#11235=CARTESIAN_POINT('',(5.3500000000008,0.740500000000222,-0.999999999999204));
#11236=VECTOR('',#16197,1.0);
#11237=DRAUGHTING_PRE_DEFINED_CURVE_FONT('continuous');
#11238=COLOUR_RGB('',0.0,0.0,0.0);
#11239=CARTESIAN_POINT('',(-3.35999999999984,7.65049999999999,0.450000000000159));
#11240=VECTOR('',#16198,1.0);
#11241=SURFACE_SIDE_STYLE('',(#16199));
#11242=EDGE_LOOP('',(#16200,#16201,#16202,#16203));
#11243=AXIS2_PLACEMENT_3D('',#16204,#16205,#16206);
#11244=DRAUGHTING_PRE_DEFINED_CURVE_FONT('continuous');
#11245=COLOUR_RGB('',0.0,0.0,0.0);
#11246=CARTESIAN_POINT('',(9.88999999999989,0.753873053989039,0.833325000000001));
#11247=VECTOR('',#16207,1.0);
#11248=PRE_DEFINED_MARKER('');
#11249=COLOUR_RGB('',0.87058824300766,0.87058824300766,0.87058824300766);
#11250=PRE_DEFINED_MARKER('');
#11251=COLOUR_RGB('',0.0,0.0,0.0);
#11252=SURFACE_SIDE_STYLE('',(#16208));
#11253=EDGE_LOOP('',(#16209,#16210,#16211,#16212));
#11254=AXIS2_PLACEMENT_3D('',#16213,#16214,#16215);
#11255=PRE_DEFINED_MARKER('');
#11256=COLOUR_RGB('',0.0,0.0,0.0);
#11257=PRE_DEFINED_MARKER('');
#11258=COLOUR_RGB('',0.0,0.0,0.0);
#11259=DRAUGHTING_PRE_DEFINED_CURVE_FONT('continuous');
#11260=COLOUR_RGB('',0.87058824300766,0.87058824300766,0.87058824300766);
#11261=CARTESIAN_POINT('',(1.06999999999966,-3.19999999999999,0.16665));
#11262=VECTOR('',#16216,1.0);
#11263=PRE_DEFINED_MARKER('');
#11264=COLOUR_RGB('',0.0,0.0,0.0);
#11265=DRAUGHTING_PRE_DEFINED_CURVE_FONT('continuous');
#11266=COLOUR_RGB('',0.0,0.0,0.0);
#11267=CARTESIAN_POINT('',(4.80999999999989,7.65099999999999,1.5));
#11268=VECTOR('',#16217,1.0);
#11269=PRE_DEFINED_MARKER('');
#11270=COLOUR_RGB('',0.0,0.0,0.0);
#11271=PRE_DEFINED_MARKER('');
#11272=COLOUR_RGB('',0.0,0.0,0.0);
#11273=DRAUGHTING_PRE_DEFINED_CURVE_FONT('continuous');
#11274=COLOUR_RGB('',0.87058824300766,0.87058824300766,0.87058824300766);
#11275=CARTESIAN_POINT('',(-6.03000000000034,-2.54999999999999,0.16665));
#11276=VECTOR('',#16218,1.0);
#11277=DRAUGHTING_PRE_DEFINED_CURVE_FONT('continuous');
#11278=COLOUR_RGB('',0.0,0.0,0.0);
#11279=CARTESIAN_POINT('',(-2.2699999999992,7.64999999999999,0.525000000000034));
#11280=VECTOR('',#16219,1.0);
#11281=PRE_DEFINED_MARKER('');
#11282=COLOUR_RGB('',0.0,0.0,0.0);
#11283=DRAUGHTING_PRE_DEFINED_CURVE_FONT('continuous');
#11284=COLOUR_RGB('',0.87058824300766,0.87058824300766,0.87058824300766);
#11285=CARTESIAN_POINT('',(-1.47000000000034,-3.19999999999999,0.16665));
#11286=VECTOR('',#16220,1.0);
#11287=PRE_DEFINED_MARKER('');
#11288=COLOUR_RGB('',0.0,0.0,0.0);
#11289=DRAUGHTING_PRE_DEFINED_CURVE_FONT('continuous');
#11290=COLOUR_RGB('',0.87058824300766,0.87058824300766,0.87058824300766);
#11291=CARTESIAN_POINT('',(3.60999999999966,-3.19999999999999,0.16665));
#11292=VECTOR('',#16221,0.999999999999999);
#11293=SURFACE_SIDE_STYLE('',(#16222));
#11294=EDGE_LOOP('',(#16223,#16224,#16225,#16226));
#11295=AXIS2_PLACEMENT_3D('',#16227,#16228,#16229);
#11296=DRAUGHTING_PRE_DEFINED_CURVE_FONT('continuous');
#11297=COLOUR_RGB('',0.0,0.0,0.0);
#11298=CARTESIAN_POINT('',(-5.89999999999984,8.00099999999996,1.5));
#11299=VECTOR('',#16230,1.0);
#11300=PRE_DEFINED_MARKER('');
#11301=COLOUR_RGB('',0.0,0.0,0.0);
#11302=DRAUGHTING_PRE_DEFINED_CURVE_FONT('continuous');
#11303=COLOUR_RGB('',0.0,0.0,0.0);
#11304=CARTESIAN_POINT('',(-9.8899999999992,4.19550000000011,0.450000000000159));
#11305=VECTOR('',#16231,1.0);
#11306=DRAUGHTING_PRE_DEFINED_CURVE_FONT('continuous');
#11307=COLOUR_RGB('',0.0,0.0,0.0);
#11308=CARTESIAN_POINT('',(10.285,0.599999999999994,-0.624999999999999));
#11309=VECTOR('',#16232,1.0);
#11310=DRAUGHTING_PRE_DEFINED_CURVE_FONT('continuous');
#11311=COLOUR_RGB('',0.87058824300766,0.87058824300766,0.87058824300766);
#11312=CARTESIAN_POINT('',(-4.01000000000034,-3.19999999999999,-0.16665));
#11313=VECTOR('',#16233,0.999999999999999);
#11314=PRE_DEFINED_MARKER('');
#11315=COLOUR_RGB('',0.0,0.0,0.0);
#11316=DRAUGHTING_PRE_DEFINED_CURVE_FONT('continuous');
#11317=COLOUR_RGB('',1.0,0.0,0.0);
#11318=CARTESIAN_POINT('',(-8.57,7.57,0.0));
#11319=VECTOR('',#16234,1.0);
#11320=PRE_DEFINED_MARKER('');
#11321=COLOUR_RGB('',0.0,0.0,0.0);
#11322=PRE_DEFINED_MARKER('');
#11323=COLOUR_RGB('',0.0,0.0,0.0);
#11324=DRAUGHTING_PRE_DEFINED_CURVE_FONT('continuous');
#11325=COLOUR_RGB('',0.0,0.0,0.0);
#11326=CARTESIAN_POINT('',(-10.285,0.599999999999994,-0.625000000000001));
#11327=VECTOR('',#16235,1.0);
#11328=DRAUGHTING_PRE_DEFINED_CURVE_FONT('continuous');
#11329=COLOUR_RGB('',0.0,0.0,0.0);
#11330=CARTESIAN_POINT('',(-10.285,0.599999999999994,0.624999999999999));
#11331=VECTOR('',#16236,1.0);
#11332=DRAUGHTING_PRE_DEFINED_CURVE_FONT('continuous');
#11333=COLOUR_RGB('',0.0,0.0,0.0);
#11334=CARTESIAN_POINT('',(2.81000000000079,7.64999999999999,0.525000000000034));
#11335=VECTOR('',#16237,1.0);
#11336=PRE_DEFINED_MARKER('');
#11337=COLOUR_RGB('',0.0,0.0,0.0);
#11338=DRAUGHTING_PRE_DEFINED_CURVE_FONT('continuous');
#11339=COLOUR_RGB('',0.0,0.0,0.0);
#11340=CARTESIAN_POINT('',(-3.9875,8.49999999999996,-0.949999999999932));
#11341=VECTOR('',#16238,1.0);
#11342=PRE_DEFINED_MARKER('');
#11343=COLOUR_RGB('',0.0,0.0,0.0);
#11344=PRE_DEFINED_MARKER('');
#11345=COLOUR_RGB('',0.0,0.0,0.0);
#11346=DRAUGHTING_PRE_DEFINED_CURVE_FONT('continuous');
#11347=COLOUR_RGB('',0.0,0.0,0.0);
#11348=CARTESIAN_POINT('',(-10.285,0.599999999999994,-0.625000000000001));
#11349=VECTOR('',#16239,1.0);
#11350=DRAUGHTING_PRE_DEFINED_CURVE_FONT('continuous');
#11351=COLOUR_RGB('',0.0,0.0,0.0);
#11352=CARTESIAN_POINT('',(8.44000000000007,7.76274999999997,-0.212749999999948));
#11353=VECTOR('',#16240,0.999999999999999);
#11354=SURFACE_SIDE_STYLE('',(#16241));
#11355=EDGE_LOOP('',(#16242,#16243,#16244,#16245));
#11356=AXIS2_PLACEMENT_3D('',#16246,#16247,#16248);
#11357=DRAUGHTING_PRE_DEFINED_CURVE_FONT('continuous');
#11358=COLOUR_RGB('',0.0,0.0,0.0);
#11359=CARTESIAN_POINT('',(-5.35000000000011,0.0,1.13750000000005));
#11360=VECTOR('',#16249,1.0);
#11361=PRE_DEFINED_MARKER('');
#11362=COLOUR_RGB('',0.0,0.0,0.0);
#11363=PRE_DEFINED_MARKER('');
#11364=COLOUR_RGB('',0.87058824300766,0.87058824300766,0.87058824300766);
#11365=DRAUGHTING_PRE_DEFINED_CURVE_FONT('continuous');
#11366=COLOUR_RGB('',0.87058824300766,0.87058824300766,0.87058824300766);
#11367=CARTESIAN_POINT('',(3.48999999999966,-2.54999999999999,-0.16665));
#11368=VECTOR('',#16250,1.0);
#11369=DRAUGHTING_PRE_DEFINED_CURVE_FONT('continuous');
#11370=COLOUR_RGB('',0.0,0.0,0.0);
#11371=CARTESIAN_POINT('',(-10.285,0.0,-0.775000000000092));
#11372=VECTOR('',#16251,1.0);
#11373=SURFACE_SIDE_STYLE('',(#16252));
#11374=EDGE_LOOP('',(#16253,#16254,#16255,#16256));
#11375=AXIS2_PLACEMENT_3D('',#16257,#16258,#16259);
#11376=SURFACE_SIDE_STYLE('',(#16260));
#11377=EDGE_LOOP('',(#16261,#16262,#16263,#16264));
#11378=AXIS2_PLACEMENT_3D('',#16265,#16266,#16267);
#11379=DRAUGHTING_PRE_DEFINED_CURVE_FONT('continuous');
#11380=COLOUR_RGB('',0.0,0.0,0.0);
#11381=CARTESIAN_POINT('',(-9.64,7.64999999999999,-0.7));
#11382=VECTOR('',#16268,1.0);
#11383=DRAUGHTING_PRE_DEFINED_CURVE_FONT('continuous');
#11384=COLOUR_RGB('',0.0,0.0,0.0);
#11385=CARTESIAN_POINT('',(-7.7975,0.0,-0.999999999999205));
#11386=VECTOR('',#16269,1.0);
#11387=SURFACE_SIDE_STYLE('',(#16270));
#11388=EDGE_LOOP('',(#16271,#16272,#16273,#16274));
#11389=EDGE_LOOP('',(#16275,#16276,#16277,#16278,#16279,#16280,#16281,#16282,#16283,#16284,#16285,#16286,#16287,#16288));
#11390=AXIS2_PLACEMENT_3D('',#16289,#16290,#16291);
#11391=DRAUGHTING_PRE_DEFINED_CURVE_FONT('continuous');
#11392=COLOUR_RGB('',0.0,0.0,0.0);
#11393=CARTESIAN_POINT('',(9.88999999999989,0.30221311391666,-0.166649999999999));
#11394=VECTOR('',#16292,1.0);
#11395=DRAUGHTING_PRE_DEFINED_CURVE_FONT('continuous');
#11396=COLOUR_RGB('',0.0,0.0,0.0);
#11397=CARTESIAN_POINT('',(-2.81000000000011,0.670499999999941,0.624999999999982));
#11398=VECTOR('',#16293,1.0);
#11399=SURFACE_SIDE_STYLE('',(#16294));
#11400=EDGE_LOOP('',(#16295,#16296,#16297,#16298));
#11401=AXIS2_PLACEMENT_3D('',#16299,#16300,#16301);
#11402=PRE_DEFINED_MARKER('');
#11403=COLOUR_RGB('',0.0,0.0,0.0);
#11404=DRAUGHTING_PRE_DEFINED_CURVE_FONT('continuous');
#11405=COLOUR_RGB('',0.87058824300766,0.87058824300766,0.87058824300766);
#11406=CARTESIAN_POINT('',(3.60999999999966,-3.19999999999999,0.16665));
#11407=VECTOR('',#16302,1.0);
#11408=DRAUGHTING_PRE_DEFINED_CURVE_FONT('continuous');
#11409=COLOUR_RGB('',0.0,0.0,0.0);
#11410=CARTESIAN_POINT('',(7.8900000000008,0.302213113916717,0.16665));
#11411=VECTOR('',#16303,1.0);
#11412=PRE_DEFINED_MARKER('');
#11413=COLOUR_RGB('',0.0,0.0,0.0);
#11414=DRAUGHTING_PRE_DEFINED_CURVE_FONT('continuous');
#11415=COLOUR_RGB('',0.0,0.0,0.0);
#11416=CARTESIAN_POINT('',(5.90000000000007,8.00099999999996,1.5));
#11417=VECTOR('',#16304,1.0);
#11418=PRE_DEFINED_MARKER('');
#11419=COLOUR_RGB('',0.0,0.0,0.0);
#11420=DRAUGHTING_PRE_DEFINED_CURVE_FONT('continuous');
#11421=COLOUR_RGB('',0.87058824300766,0.87058824300766,0.87058824300766);
#11422=AXIS2_PLACEMENT_3D('',#16305,#16306,#16307);
#11423=SURFACE_SIDE_STYLE('',(#16308));
#11424=EDGE_LOOP('',(#16309,#16310,#16311,#16312));
#11425=AXIS2_PLACEMENT_3D('',#16313,#16314,#16315);
#11426=SURFACE_SIDE_STYLE('',(#16316));
#11427=EDGE_LOOP('',(#16317,#16318,#16319,#16320));
#11428=AXIS2_PLACEMENT_3D('',#16321,#16322,#16323);
#11429=PRE_DEFINED_MARKER('');
#11430=COLOUR_RGB('',0.0,0.0,0.0);
#11431=DRAUGHTING_PRE_DEFINED_CURVE_FONT('continuous');
#11432=COLOUR_RGB('',0.0,0.0,0.0);
#11433=CARTESIAN_POINT('',(6.80000000000016,8.00099999999996,1.5));
#11434=VECTOR('',#16324,1.0);
#11435=DRAUGHTING_PRE_DEFINED_CURVE_FONT('continuous');
#11436=COLOUR_RGB('',0.0,0.0,0.0);
#11437=CARTESIAN_POINT('',(-8.43999999999984,7.68,0.75));
#11438=VECTOR('',#16325,1.0);
#11439=DRAUGHTING_PRE_DEFINED_CURVE_FONT('continuous');
#11440=COLOUR_RGB('',0.0,0.0,0.0);
#11441=CARTESIAN_POINT('',(-2.81000000000011,0.0,0.125));
#11442=VECTOR('',#16326,1.0);
#11443=DRAUGHTING_PRE_DEFINED_CURVE_FONT('continuous');
#11444=COLOUR_RGB('',0.0,0.0,0.0);
#11445=CARTESIAN_POINT('',(-7.3499999999992,0.0,0.125));
#11446=VECTOR('',#16327,1.0);
#11447=PRE_DEFINED_MARKER('');
#11448=COLOUR_RGB('',0.0,0.0,0.0);
#11449=DRAUGHTING_PRE_DEFINED_CURVE_FONT('continuous');
#11450=COLOUR_RGB('',0.0,0.0,0.0);
#11451=CARTESIAN_POINT('',(5.34999999999989,7.65099999999999,1.5));
#11452=VECTOR('',#16328,1.0);
#11453=PRE_DEFINED_MARKER('');
#11454=COLOUR_RGB('',0.0,0.0,0.0);
#11455=SURFACE_SIDE_STYLE('',(#16329));
#11456=EDGE_LOOP('',(#16330,#16331,#16332,#16333,#16334,#16335,#16336,#16337,#16338,#16339,#16340,#16341));
#11457=AXIS2_PLACEMENT_3D('',#16342,#16343,#16344);
#11458=DRAUGHTING_PRE_DEFINED_CURVE_FONT('continuous');
#11459=COLOUR_RGB('',0.0,0.0,0.0);
#11460=CARTESIAN_POINT('',(-4.06000000000006,7.65099999999999,0.450000000000159));
#11461=VECTOR('',#16345,1.0);
#11462=PRE_DEFINED_MARKER('');
#11463=COLOUR_RGB('',0.0,0.0,0.0);
#11464=DRAUGHTING_PRE_DEFINED_CURVE_FONT('continuous');
#11465=COLOUR_RGB('',0.0,0.0,0.0);
#11466=AXIS2_PLACEMENT_3D('',#16346,#16347,#16348);
#11467=DRAUGHTING_PRE_DEFINED_CURVE_FONT('continuous');
#11468=COLOUR_RGB('',0.0,0.0,0.0);
#11469=CARTESIAN_POINT('',(-2.81000000000011,7.65099999999999,1.5));
#11470=VECTOR('',#16349,1.0);
#11471=DRAUGHTING_PRE_DEFINED_CURVE_FONT('continuous');
#11472=COLOUR_RGB('',0.0,0.0,0.0);
#11473=CARTESIAN_POINT('',(-7.29899999999995,8.49999999999997,1.375));
#11474=VECTOR('',#16350,1.0);
#11475=SURFACE_SIDE_STYLE('',(#16351));
#11476=EDGE_LOOP('',(#16352,#16353,#16354,#16355));
#11477=AXIS2_PLACEMENT_3D('',#16356,#16357,#16358);
#11478=PRE_DEFINED_MARKER('');
#11479=COLOUR_RGB('',0.0,0.0,0.0);
#11480=SURFACE_SIDE_STYLE('',(#16359));
#11481=EDGE_LOOP('',(#16360,#16361,#16362,#16363));
#11482=AXIS2_PLACEMENT_3D('',#16364,#16365,#16366);
#11483=SURFACE_SIDE_STYLE('',(#16367));
#11484=EDGE_LOOP('',(#16368,#16369,#16370,#16371));
#11485=AXIS2_PLACEMENT_3D('',#16372,#16373,#16374);
#11486=PRE_DEFINED_MARKER('');
#11487=COLOUR_RGB('',0.0,0.0,0.0);
#11488=DRAUGHTING_PRE_DEFINED_CURVE_FONT('continuous');
#11489=COLOUR_RGB('',0.0,0.0,0.0);
#11490=CARTESIAN_POINT('',(4.26000000000016,8.00099999999996,1.5));
#11491=VECTOR('',#16375,1.0);
#11492=DRAUGHTING_PRE_DEFINED_CURVE_FONT('continuous');
#11493=COLOUR_RGB('',0.0,0.0,0.0);
#11494=CARTESIAN_POINT('',(-4.8099999999992,7.64999999999999,0.525000000000034));
#11495=VECTOR('',#16376,1.0);
#11496=DRAUGHTING_PRE_DEFINED_CURVE_FONT('continuous');
#11497=COLOUR_RGB('',0.0,0.0,0.0);
#11498=CARTESIAN_POINT('',(-5.31,7.64999999999999,-1.00000000000011));
#11499=VECTOR('',#16377,1.0);
#11500=DRAUGHTING_PRE_DEFINED_CURVE_FONT('continuous');
#11501=COLOUR_RGB('',0.0,0.0,0.0);
#11502=CARTESIAN_POINT('',(9.88999999999989,7.65099999999999,1.5));
#11503=VECTOR('',#16378,1.0);
#11504=PRE_DEFINED_MARKER('');
#11505=COLOUR_RGB('',0.87058824300766,0.87058824300766,0.87058824300766);
#11506=DRAUGHTING_PRE_DEFINED_CURVE_FONT('continuous');
#11507=COLOUR_RGB('',0.0,0.0,0.0);
#11508=CARTESIAN_POINT('',(-5.31,7.64999999999999,0.999999999999886));
#11509=VECTOR('',#16379,1.0);
#11510=DRAUGHTING_PRE_DEFINED_CURVE_FONT('continuous');
#11511=COLOUR_RGB('',0.0,0.0,0.0);
#11512=CARTESIAN_POINT('',(-10.285,0.150000000000105,-0.625000000000001));
#11513=VECTOR('',#16380,1.0);
#11514=SURFACE_SIDE_STYLE('',(#16381));
#11515=EDGE_LOOP('',(#16382,#16383,#16384,#16385,#16386,#16387,#16388,#16389));
#11516=AXIS2_PLACEMENT_3D('',#16390,#16391,#16392);
#11517=PRE_DEFINED_MARKER('');
#11518=COLOUR_RGB('',0.87058824300766,0.87058824300766,0.87058824300766);
#11519=PRE_DEFINED_MARKER('');
#11520=COLOUR_RGB('',0.0,0.0,0.0);
#11521=PRE_DEFINED_MARKER('');
#11522=COLOUR_RGB('',0.0,0.0,0.0);
#11523=DRAUGHTING_PRE_DEFINED_CURVE_FONT('continuous');
#11524=COLOUR_RGB('',0.0,0.0,0.0);
#11525=CARTESIAN_POINT('',(0.270000000000795,4.19550000000011,0.450000000000159));
#11526=VECTOR('',#16393,1.0);
#11527=PRE_DEFINED_MARKER('');
#11528=COLOUR_RGB('',0.0,0.0,0.0);
#11529=PRE_DEFINED_MARKER('');
#11530=COLOUR_RGB('',0.0,0.0,0.0);
#11531=DRAUGHTING_PRE_DEFINED_CURVE_FONT('continuous');
#11532=COLOUR_RGB('',0.87058824300766,0.87058824300766,0.87058824300766);
#11533=CARTESIAN_POINT('',(-9.37877934272298,0.753873053988997,-0.166650000000001));
#11534=VECTOR('',#16394,1.0);
#11535=PRE_DEFINED_MARKER('');
#11536=COLOUR_RGB('',0.87058824300766,0.87058824300766,0.87058824300766);
#11537=SURFACE_SIDE_STYLE('',(#16395));
#11538=EDGE_LOOP('',(#16396,#16397,#16398,#16399));
#11539=AXIS2_PLACEMENT_3D('',#16400,#16401,#16402);
#11540=DRAUGHTING_PRE_DEFINED_CURVE_FONT('continuous');
#11541=COLOUR_RGB('',0.0,0.0,0.0);
#11542=CARTESIAN_POINT('',(4.80999999999989,0.753873053989039,0.833325));
#11543=VECTOR('',#16403,1.0);
#11544=PRE_DEFINED_MARKER('');
#11545=COLOUR_RGB('',0.87058824300766,0.87058824300766,0.87058824300766);
#11546=PRE_DEFINED_MARKER('');
#11547=COLOUR_RGB('',0.0,0.0,0.0);
#11548=PRE_DEFINED_MARKER('');
#11549=COLOUR_RGB('',0.0,0.0,0.0);
#11550=DRAUGHTING_PRE_DEFINED_CURVE_FONT('continuous');
#11551=COLOUR_RGB('',0.0,0.0,0.0);
#11552=CARTESIAN_POINT('',(10.285,0.599999999999994,0.625000000000001));
#11553=VECTOR('',#16404,1.0);
#11554=DRAUGHTING_PRE_DEFINED_CURVE_FONT('continuous');
#11555=COLOUR_RGB('',0.0,0.0,0.0);
#11556=CARTESIAN_POINT('',(9.34000000000016,7.82549999999998,-0.449999999999931));
#11557=VECTOR('',#16405,1.0);
#11558=PRE_DEFINED_MARKER('');
#11559=COLOUR_RGB('',0.0,0.0,0.0);
#11560=SURFACE_SIDE_STYLE('',(#16406));
#11561=EDGE_LOOP('',(#16407,#16408,#16409,#16410));
#11562=EDGE_LOOP('',(#16411,#16412,#16413,#16414,#16415,#16416,#16417,#16418,#16419,#16420,#16421,#16422,#16423,#16424));
#11563=AXIS2_PLACEMENT_3D('',#16425,#16426,#16427);
#11564=DRAUGHTING_PRE_DEFINED_CURVE_FONT('continuous');
#11565=COLOUR_RGB('',0.0,0.0,0.0);
#11566=CARTESIAN_POINT('',(7.39,7.99999999999996,-0.449999999999931));
#11567=VECTOR('',#16428,1.0);
#11568=DRAUGHTING_PRE_DEFINED_CURVE_FONT('continuous');
#11569=COLOUR_RGB('',0.0,0.0,0.0);
#11570=CARTESIAN_POINT('',(-0.270000000000113,7.64999999999999,0.525000000000034));
#11571=VECTOR('',#16429,1.0);
#11572=DRAUGHTING_PRE_DEFINED_CURVE_FONT('continuous');
#11573=COLOUR_RGB('',0.87058824300766,0.87058824300766,0.87058824300766);
#11574=CARTESIAN_POINT('',(1.06999999999966,-3.19999999999999,-0.16665));
#11575=VECTOR('',#16430,0.999999999999999);
#11576=PRE_DEFINED_MARKER('');
#11577=COLOUR_RGB('',0.0,0.0,0.0);
#11578=DRAUGHTING_PRE_DEFINED_CURVE_FONT('continuous');
#11579=COLOUR_RGB('',0.0,0.0,0.0);
#11580=CARTESIAN_POINT('',(-2.77,7.99999999999996,0.450000000000159));
#11581=VECTOR('',#16431,1.0);
#11582=DRAUGHTING_PRE_DEFINED_CURVE_FONT('continuous');
#11583=COLOUR_RGB('',1.0,0.0,0.0);
#11584=CARTESIAN_POINT('',(-9.21,7.68,-0.32));
#11585=VECTOR('',#16432,1.0);
#11586=PRE_DEFINED_MARKER('');
#11587=COLOUR_RGB('',0.0,0.0,0.0);
#11588=PRE_DEFINED_MARKER('');
#11589=COLOUR_RGB('',0.87058824300766,0.87058824300766,0.87058824300766);
#11590=PRE_DEFINED_MARKER('');
#11591=COLOUR_RGB('',0.0,0.0,0.0);
#11592=PRE_DEFINED_MARKER('');
#11593=COLOUR_RGB('',0.0,0.0,0.0);
#11594=DRAUGHTING_PRE_DEFINED_CURVE_FONT('continuous');
#11595=COLOUR_RGB('',0.0,0.0,0.0);
#11596=CARTESIAN_POINT('',(-0.270000000000113,0.599999999999994,0.4375));
#11597=VECTOR('',#16433,1.0);
#11598=DRAUGHTING_PRE_DEFINED_CURVE_FONT('continuous');
#11599=COLOUR_RGB('',0.0,0.0,0.0);
#11600=CARTESIAN_POINT('',(-2.2699999999992,0.445500000000164,-0.625));
#11601=VECTOR('',#16434,1.0);
#11602=DRAUGHTING_PRE_DEFINED_CURVE_FONT('continuous');
#11603=COLOUR_RGB('',0.87058824300766,0.87058824300766,0.87058824300766);
#11604=CARTESIAN_POINT('',(4.12999999999966,-2.54999999999999,0.16665));
#11605=VECTOR('',#16435,1.0);
#11606=SURFACE_SIDE_STYLE('',(#16436));
#11607=EDGE_LOOP('',(#16437,#16438,#16439,#16440));
#11608=AXIS2_PLACEMENT_3D('',#16441,#16442,#16443);
#11609=PRE_DEFINED_MARKER('');
#11610=COLOUR_RGB('',0.0,0.0,0.0);
#11611=DRAUGHTING_PRE_DEFINED_CURVE_FONT('continuous');
#11612=COLOUR_RGB('',0.87058824300766,0.87058824300766,0.87058824300766);
#11613=CARTESIAN_POINT('',(5.03040082142894,1.90282814901086,-0.16665));
#11614=VECTOR('',#16444,1.0);
#11615=DRAUGHTING_PRE_DEFINED_CURVE_FONT('continuous');
#11616=COLOUR_RGB('',0.87058824300766,0.87058824300766,0.87058824300766);
#11617=CARTESIAN_POINT('',(4.12999999999966,-2.54999999999999,0.16665));
#11618=VECTOR('',#16445,1.0);
#11619=DRAUGHTING_PRE_DEFINED_CURVE_FONT('continuous');
#11620=COLOUR_RGB('',0.0,0.0,0.0);
#11621=CARTESIAN_POINT('',(4.85,7.99999999999996,0.450000000000159));
#11622=VECTOR('',#16446,1.0);
#11623=PRE_DEFINED_MARKER('');
#11624=COLOUR_RGB('',0.0,0.0,0.0);
#11625=DRAUGHTING_PRE_DEFINED_CURVE_FONT('continuous');
#11626=COLOUR_RGB('',0.87058824300766,0.87058824300766,0.87058824300766);
#11627=CARTESIAN_POINT('',(-1.59000000000034,-2.54999999999999,0.16665));
#11628=VECTOR('',#16447,1.0);
#11629=DRAUGHTING_PRE_DEFINED_CURVE_FONT('continuous');
#11630=COLOUR_RGB('',0.87058824300766,0.87058824300766,0.87058824300766);
#11631=CARTESIAN_POINT('',(1.46999999999966,-3.19999999999999,0.16665));
#11632=VECTOR('',#16448,1.0);
#11633=DRAUGHTING_PRE_DEFINED_CURVE_FONT('continuous');
#11634=COLOUR_RGB('',0.0,0.0,0.0);
#11635=CARTESIAN_POINT('',(-0.81999999999984,7.82549999999998,-0.449999999999932));
#11636=VECTOR('',#16449,1.0);
#11637=SURFACE_SIDE_STYLE('',(#16450));
#11638=EDGE_LOOP('',(#16451,#16452,#16453,#16454));
#11639=AXIS2_PLACEMENT_3D('',#16455,#16456,#16457);
#11640=DRAUGHTING_PRE_DEFINED_CURVE_FONT('continuous');
#11641=COLOUR_RGB('',1.0,0.0,0.0);
#11642=CARTESIAN_POINT('',(-8.19,7.625,0.7));
#11643=VECTOR('',#16458,1.0);
#11644=SURFACE_SIDE_STYLE('',(#16459));
#11645=EDGE_LOOP('',(#16460,#16461,#16462,#16463));
#11646=AXIS2_PLACEMENT_3D('',#16464,#16465,#16466);
#11647=DRAUGHTING_PRE_DEFINED_CURVE_FONT('continuous');
#11648=COLOUR_RGB('',0.87058824300766,0.87058824300766,0.87058824300766);
#11649=CARTESIAN_POINT('',(-7.66959917857106,1.90282814901086,-0.16665));
#11650=VECTOR('',#16467,1.0);
#11651=DRAUGHTING_PRE_DEFINED_CURVE_FONT('continuous');
#11652=COLOUR_RGB('',0.0,0.0,0.0);
#11653=CARTESIAN_POINT('',(-6.79999999999993,8.00049999999996,-0.449999999999932));
#11654=VECTOR('',#16468,1.0);
#11655=DRAUGHTING_PRE_DEFINED_CURVE_FONT('continuous');
#11656=COLOUR_RGB('',0.87058824300766,0.87058824300766,0.87058824300766);
#11657=CARTESIAN_POINT('',(4.12999999999966,-2.54999999999999,-0.16665));
#11658=VECTOR('',#16469,1.0);
#11659=SURFACE_SIDE_STYLE('',(#16470));
#11660=EDGE_LOOP('',(#16471,#16472,#16473,#16474));
#11661=AXIS2_PLACEMENT_3D('',#16475,#16476,#16477);
#11662=DRAUGHTING_PRE_DEFINED_CURVE_FONT('continuous');
#11663=COLOUR_RGB('',0.0,0.0,0.0);
#11664=CARTESIAN_POINT('',(-2.81000000000011,4.19550000000005,0.450000000000159));
#11665=VECTOR('',#16478,1.0);
#11666=PRE_DEFINED_MARKER('');
#11667=COLOUR_RGB('',0.0,0.0,0.0);
#11668=PRE_DEFINED_MARKER('');
#11669=COLOUR_RGB('',0.0,0.0,0.0);
#11670=SURFACE_SIDE_STYLE('',(#16479));
#11671=EDGE_LOOP('',(#16480,#16481,#16482,#16483));
#11672=AXIS2_PLACEMENT_3D('',#16484,#16485,#16486);
#11673=DRAUGHTING_PRE_DEFINED_CURVE_FONT('continuous');
#11674=COLOUR_RGB('',0.87058824300766,0.87058824300766,0.87058824300766);
#11675=CARTESIAN_POINT('',(-6.67000000000034,-2.54999999999999,0.16665));
#11676=VECTOR('',#16487,1.0);
#11677=PRE_DEFINED_MARKER('');
#11678=COLOUR_RGB('',0.0,0.0,0.0);
#11679=DRAUGHTING_PRE_DEFINED_CURVE_FONT('continuous');
#11680=COLOUR_RGB('',0.87058824300766,0.87058824300766,0.87058824300766);
#11681=CARTESIAN_POINT('',(-5.12959917857106,1.90282814901086,0.16665));
#11682=VECTOR('',#16488,1.0);
#11683=SURFACE_SIDE_STYLE('',(#16489));
#11684=EDGE_LOOP('',(#16490,#16491,#16492,#16493,#16494,#16495,#16496,#16497));
#11685=AXIS2_PLACEMENT_3D('',#16498,#16499,#16500);
#11686=DRAUGHTING_PRE_DEFINED_CURVE_FONT('continuous');
#11687=COLOUR_RGB('',0.0,0.0,0.0);
#11688=CARTESIAN_POINT('',(5.3500000000008,7.64999999999999,0.525000000000034));
#11689=VECTOR('',#16501,1.0);
#11690=PRE_DEFINED_MARKER('');
#11691=COLOUR_RGB('',0.0,0.0,0.0);
#11692=DRAUGHTING_PRE_DEFINED_CURVE_FONT('continuous');
#11693=COLOUR_RGB('',0.0,0.0,0.0);
#11694=CARTESIAN_POINT('',(-2.81000000000011,0.30221311391666,0.16665));
#11695=VECTOR('',#16502,1.0);
#11696=DRAUGHTING_PRE_DEFINED_CURVE_FONT('continuous');
#11697=COLOUR_RGB('',0.0,0.0,0.0);
#11698=CARTESIAN_POINT('',(-2.81000000000011,0.740500000000165,-0.999999999999204));
#11699=VECTOR('',#16503,1.0);
#11700=DRAUGHTING_PRE_DEFINED_CURVE_FONT('continuous');
#11701=COLOUR_RGB('',0.0,0.0,0.0);
#11702=CARTESIAN_POINT('',(7.8900000000008,0.670499999999998,0.624999999999983));
#11703=VECTOR('',#16504,1.0);
#11704=DRAUGHTING_PRE_DEFINED_CURVE_FONT('continuous');
#11705=COLOUR_RGB('',0.0,0.0,0.0);
#11706=CARTESIAN_POINT('',(6.31616666666681,7.51716666666661,0.0328333333334184));
#11707=VECTOR('',#16505,1.0);
#11708=DRAUGHTING_PRE_DEFINED_CURVE_FONT('continuous');
#11709=COLOUR_RGB('',0.0,0.0,0.0);
#11710=CARTESIAN_POINT('',(-9.0675,8.49999999999996,-0.949999999999932));
#11711=VECTOR('',#16506,1.0);
#11712=DRAUGHTING_PRE_DEFINED_CURVE_FONT('continuous');
#11713=COLOUR_RGB('',0.0,0.0,0.0);
#11714=CARTESIAN_POINT('',(-7.85,7.64999999999999,-1.00000000000011));
#11715=VECTOR('',#16507,1.0);
#11716=PRE_DEFINED_MARKER('');
#11717=COLOUR_RGB('',0.0,0.0,0.0);
#11718=PRE_DEFINED_MARKER('');
#11719=COLOUR_RGB('',0.0,0.0,0.0);
#11720=SURFACE_SIDE_STYLE('',(#16508));
#11721=EDGE_LOOP('',(#16509,#16510,#16511,#16512,#16513,#16514,#16515,#16516));
#11722=AXIS2_PLACEMENT_3D('',#16517,#16518,#16519);
#11723=DRAUGHTING_PRE_DEFINED_CURVE_FONT('continuous');
#11724=COLOUR_RGB('',1.0,0.0,0.0);
#11725=CARTESIAN_POINT('',(-8.89,7.57,-0.32));
#11726=VECTOR('',#16520,1.0);
#11727=DRAUGHTING_PRE_DEFINED_CURVE_FONT('continuous');
#11728=COLOUR_RGB('',0.87058824300766,0.87058824300766,0.87058824300766);
#11729=CARTESIAN_POINT('',(6.02999999999966,0.587206387322199,0.16665));
#11730=VECTOR('',#16521,1.0);
#11731=PRE_DEFINED_MARKER('');
#11732=COLOUR_RGB('',0.87058824300766,0.87058824300766,0.87058824300766);
#11733=PRE_DEFINED_MARKER('');
#11734=COLOUR_RGB('',1.0,0.0,0.0);
#11735=PRE_DEFINED_MARKER('');
#11736=COLOUR_RGB('',0.0,0.0,0.0);
#11737=DRAUGHTING_PRE_DEFINED_CURVE_FONT('continuous');
#11738=COLOUR_RGB('',0.87058824300766,0.87058824300766,0.87058824300766);
#11739=CARTESIAN_POINT('',(-6.03000000000034,-2.54999999999999,-0.16665));
#11740=VECTOR('',#16522,1.0);
#11741=DRAUGHTING_PRE_DEFINED_CURVE_FONT('continuous');
#11742=COLOUR_RGB('',0.0,0.0,0.0);
#11743=CARTESIAN_POINT('',(-10.3375,0.0,0.999999999999886));
#11744=VECTOR('',#16523,1.0);
#11745=PRE_DEFINED_MARKER('');
#11746=COLOUR_RGB('',1.0,0.0,0.0);
#11747=DRAUGHTING_PRE_DEFINED_CURVE_FONT('continuous');
#11748=COLOUR_RGB('',0.0,0.0,0.0);
#11749=CARTESIAN_POINT('',(-10.285,0.0,0.77500000000009));
#11750=VECTOR('',#16524,1.0);
#11751=SURFACE_SIDE_STYLE('',(#16525));
#11752=EDGE_LOOP('',(#16526,#16527,#16528,#16529,#16530,#16531));
#11753=AXIS2_PLACEMENT_3D('',#16532,#16533,#16534);
#11754=PRE_DEFINED_MARKER('');
#11755=COLOUR_RGB('',0.0,0.0,0.0);
#11756=SURFACE_SIDE_STYLE('',(#16535));
#11757=EDGE_LOOP('',(#16536,#16537,#16538,#16539));
#11758=AXIS2_PLACEMENT_3D('',#16540,#16541,#16542);
#11759=DRAUGHTING_PRE_DEFINED_CURVE_FONT('continuous');
#11760=COLOUR_RGB('',0.87058824300766,0.87058824300766,0.87058824300766);
#11761=CARTESIAN_POINT('',(8.40122065727702,0.753873053988997,0.16665));
#11762=VECTOR('',#16543,1.0);
#11763=DRAUGHTING_PRE_DEFINED_CURVE_FONT('continuous');
#11764=COLOUR_RGB('',0.87058824300766,0.87058824300766,0.87058824300766);
#11765=CARTESIAN_POINT('',(-0.781220657277022,0.753873053989039,0.16665));
#11766=VECTOR('',#16544,1.0);
#11767=DRAUGHTING_PRE_DEFINED_CURVE_FONT('continuous');
#11768=COLOUR_RGB('',0.0,0.0,0.0);
#11769=AXIS2_PLACEMENT_3D('',#16545,#16546,#16547);
#11770=DRAUGHTING_PRE_DEFINED_CURVE_FONT('continuous');
#11771=COLOUR_RGB('',0.87058824300766,0.87058824300766,0.87058824300766);
#11772=CARTESIAN_POINT('',(3.48999999999966,-2.54999999999999,0.16665));
#11773=VECTOR('',#16548,1.0);
#11774=DRAUGHTING_PRE_DEFINED_CURVE_FONT('continuous');
#11775=COLOUR_RGB('',0.0,0.0,0.0);
#11776=CARTESIAN_POINT('',(-7.89000000000011,0.670499999999941,0.624999999999982));
#11777=VECTOR('',#16549,1.0);
#11778=DRAUGHTING_PRE_DEFINED_CURVE_FONT('continuous');
#11779=COLOUR_RGB('',0.87058824300766,0.87058824300766,0.87058824300766);
#11780=CARTESIAN_POINT('',(-3.49000000000034,-2.54999999999999,0.16665));
#11781=VECTOR('',#16550,1.0);
#11782=DRAUGHTING_PRE_DEFINED_CURVE_FONT('continuous');
#11783=COLOUR_RGB('',0.87058824300766,0.87058824300766,0.87058824300766);
#11784=CARTESIAN_POINT('',(-3.32122065727702,0.753873053989039,-0.16665));
#11785=VECTOR('',#16551,1.0);
#11786=DRAUGHTING_PRE_DEFINED_CURVE_FONT('continuous');
#11787=COLOUR_RGB('',1.0,0.0,0.0);
#11788=CARTESIAN_POINT('',(-8.89,7.68,-0.32));
#11789=VECTOR('',#16552,1.0);
#11790=DRAUGHTING_PRE_DEFINED_CURVE_FONT('continuous');
#11791=COLOUR_RGB('',0.0,0.0,0.0);
#11792=CARTESIAN_POINT('',(-1.4475,8.49999999999996,-0.949999999999932));
#11793=VECTOR('',#16553,1.0);
#11794=PRE_DEFINED_MARKER('');
#11795=COLOUR_RGB('',0.0,0.0,0.0);
#11796=DRAUGHTING_PRE_DEFINED_CURVE_FONT('continuous');
#11797=COLOUR_RGB('',0.0,0.0,0.0);
#11798=CARTESIAN_POINT('',(-7.89000000000011,0.740500000000109,0.999999999999886));
#11799=VECTOR('',#16554,1.0);
#11800=DRAUGHTING_PRE_DEFINED_CURVE_FONT('continuous');
#11801=COLOUR_RGB('',0.0,0.0,0.0);
#11802=CARTESIAN_POINT('',(-4.44283333333329,8.18383333333331,-0.633833333333287));
#11803=VECTOR('',#16555,1.0);
#11804=SURFACE_SIDE_STYLE('',(#16556));
#11805=EDGE_LOOP('',(#16557,#16558,#16559,#16560));
#11806=AXIS2_PLACEMENT_3D('',#16561,#16562,#16563);
#11807=PRE_DEFINED_MARKER('');
#11808=COLOUR_RGB('',0.0,0.0,0.0);
#11809=PRE_DEFINED_MARKER('');
#11810=COLOUR_RGB('',0.0,0.0,0.0);
#11811=PRE_DEFINED_MARKER('');
#11812=COLOUR_RGB('',0.0,0.0,0.0);
#11813=DRAUGHTING_PRE_DEFINED_CURVE_FONT('continuous');
#11814=COLOUR_RGB('',0.0,0.0,0.0);
#11815=CARTESIAN_POINT('',(-7.89000000000011,0.753873053989039,0.833325));
#11816=VECTOR('',#16564,1.0);
#11817=SURFACE_SIDE_STYLE('',(#16565));
#11818=EDGE_LOOP('',(#16566,#16567,#16568,#16569));
#11819=AXIS2_PLACEMENT_3D('',#16570,#16571,#16572);
#11820=DRAUGHTING_PRE_DEFINED_CURVE_FONT('continuous');
#11821=COLOUR_RGB('',0.0,0.0,0.0);
#11822=CARTESIAN_POINT('',(-8.43999999999984,7.82549999999998,-0.449999999999932));
#11823=VECTOR('',#16573,1.0);
#11824=PRE_DEFINED_MARKER('');
#11825=COLOUR_RGB('',0.0,0.0,0.0);
#11826=PRE_DEFINED_MARKER('');
#11827=COLOUR_RGB('',0.0,0.0,0.0);
#11828=SURFACE_SIDE_STYLE('',(#16574));
#11829=EDGE_LOOP('',(#16575,#16576,#16577,#16578,#16579,#16580));
#11830=AXIS2_PLACEMENT_3D('',#16581,#16582,#16583);
#11831=PRE_DEFINED_MARKER('');
#11832=COLOUR_RGB('',0.0,0.0,0.0);
#11833=PRE_DEFINED_MARKER('');
#11834=COLOUR_RGB('',0.0,0.0,0.0);
#11835=PRE_DEFINED_MARKER('');
#11836=COLOUR_RGB('',0.87058824300766,0.87058824300766,0.87058824300766);
#11837=PRE_DEFINED_MARKER('');
#11838=COLOUR_RGB('',0.0,0.0,0.0);
#11839=DRAUGHTING_PRE_DEFINED_CURVE_FONT('continuous');
#11840=COLOUR_RGB('',0.87058824300766,0.87058824300766,0.87058824300766);
#11841=CARTESIAN_POINT('',(4.00999999999966,-3.19999999999999,0.16665));
#11842=VECTOR('',#16584,1.0);
#11843=SURFACE_SIDE_STYLE('',(#16585));
#11844=EDGE_LOOP('',(#16586,#16587,#16588,#16589,#16590,#16591));
#11845=AXIS2_PLACEMENT_3D('',#16592,#16593,#16594);
#11846=DRAUGHTING_PRE_DEFINED_CURVE_FONT('continuous');
#11847=COLOUR_RGB('',0.87058824300766,0.87058824300766,0.87058824300766);
#11848=CARTESIAN_POINT('',(-8.57000000000034,-2.54999999999999,0.166649999999999));
#11849=VECTOR('',#16595,1.0);
#11850=DRAUGHTING_PRE_DEFINED_CURVE_FONT('continuous');
#11851=COLOUR_RGB('',0.0,0.0,0.0);
#11852=CARTESIAN_POINT('',(-2.2699999999992,0.740500000000165,0.999999999999886));
#11853=VECTOR('',#16596,1.0);
#11854=DRAUGHTING_PRE_DEFINED_CURVE_FONT('continuous');
#11855=COLOUR_RGB('',0.0,0.0,0.0);
#11856=CARTESIAN_POINT('',(2.81000000000079,1.90282814901086,0.833325));
#11857=VECTOR('',#16597,1.0);
#11858=DRAUGHTING_PRE_DEFINED_CURVE_FONT('continuous');
#11859=COLOUR_RGB('',0.0,0.0,0.0);
#11860=AXIS2_PLACEMENT_3D('',#16598,#16599,#16600);
#11861=DRAUGHTING_PRE_DEFINED_CURVE_FONT('continuous');
#11862=COLOUR_RGB('',0.0,0.0,0.0);
#11863=CARTESIAN_POINT('',(2.81000000000079,0.0,1.13750000000005));
#11864=VECTOR('',#16601,1.0);
#11865=DRAUGHTING_PRE_DEFINED_CURVE_FONT('continuous');
#11866=COLOUR_RGB('',0.0,0.0,0.0);
#11867=CARTESIAN_POINT('',(-0.270000000000113,7.65099999999999,1.5));
#11868=VECTOR('',#16602,1.0);
#11869=PRE_DEFINED_MARKER('');
#11870=COLOUR_RGB('',0.0,0.0,0.0);
#11871=DRAUGHTING_PRE_DEFINED_CURVE_FONT('continuous');
#11872=COLOUR_RGB('',0.0,0.0,0.0);
#11873=CARTESIAN_POINT('',(-10.285,0.150000000000105,-0.625000000000001));
#11874=VECTOR('',#16603,1.0);
#11875=DRAUGHTING_PRE_DEFINED_CURVE_FONT('continuous');
#11876=COLOUR_RGB('',0.0,0.0,0.0);
#11877=CARTESIAN_POINT('',(7.8900000000008,0.599999999999994,0.437500000000001));
#11878=VECTOR('',#16604,1.0);
#11879=PRE_DEFINED_MARKER('');
#11880=COLOUR_RGB('',0.0,0.0,0.0);
#11881=SURFACE_SIDE_STYLE('',(#16605));
#11882=EDGE_LOOP('',(#16606,#16607,#16608,#16609));
#11883=AXIS2_PLACEMENT_3D('',#16610,#16611,#16612);
#11884=PRE_DEFINED_MARKER('');
#11885=COLOUR_RGB('',0.87058824300766,0.87058824300766,0.87058824300766);
#11886=PRE_DEFINED_MARKER('');
#11887=COLOUR_RGB('',0.0,0.0,0.0);
#11888=PRE_DEFINED_MARKER('');
#11889=COLOUR_RGB('',0.0,0.0,0.0);
#11890=SURFACE_SIDE_STYLE('',(#16613));
#11891=EDGE_LOOP('',(#16614,#16615,#16616,#16617));
#11892=AXIS2_PLACEMENT_3D('',#16618,#16619,#16620);
#11893=DRAUGHTING_PRE_DEFINED_CURVE_FONT('continuous');
#11894=COLOUR_RGB('',0.0,0.0,0.0);
#11895=CARTESIAN_POINT('',(-1.71999999999993,8.00049999999996,-0.449999999999932));
#11896=VECTOR('',#16621,1.0);
#11897=DRAUGHTING_PRE_DEFINED_CURVE_FONT('continuous');
#11898=COLOUR_RGB('',0.0,0.0,0.0);
#11899=CARTESIAN_POINT('',(-7.89000000000011,7.64999999999999,0.525000000000034));
#11900=VECTOR('',#16622,1.0);
#11901=SURFACE_SIDE_STYLE('',(#16623));
#11902=EDGE_LOOP('',(#16624,#16625,#16626,#16627));
#11903=EDGE_LOOP('',(#16628,#16629,#16630,#16631,#16632,#16633,#16634,#16635,#16636,#16637,#16638,#16639,#16640,#16641));
#11904=AXIS2_PLACEMENT_3D('',#16642,#16643,#16644);
#11905=SURFACE_SIDE_STYLE('',(#16645));
#11906=EDGE_LOOP('',(#16646,#16647,#16648,#16649));
#11907=AXIS2_PLACEMENT_3D('',#16650,#16651,#16652);
#11908=SURFACE_SIDE_STYLE('',(#16653));
#11909=EDGE_LOOP('',(#16654,#16655,#16656,#16657,#16658,#16659,#16660,#16661));
#11910=AXIS2_PLACEMENT_3D('',#16662,#16663,#16664);
#11911=DRAUGHTING_PRE_DEFINED_CURVE_FONT('continuous');
#11912=COLOUR_RGB('',0.87058824300766,0.87058824300766,0.87058824300766);
#11913=CARTESIAN_POINT('',(8.56999999999966,-2.54999999999999,0.16665));
#11914=VECTOR('',#16665,1.0);
#11915=SURFACE_SIDE_STYLE('',(#16666));
#11916=EDGE_LOOP('',(#16667,#16668,#16669,#16670));
#11917=AXIS2_PLACEMENT_3D('',#16671,#16672,#16673);
#11918=DRAUGHTING_PRE_DEFINED_CURVE_FONT('continuous');
#11919=COLOUR_RGB('',0.87058824300766,0.87058824300766,0.87058824300766);
#11920=AXIS2_PLACEMENT_3D('',#16674,#16675,#16676);
#11921=DRAUGHTING_PRE_DEFINED_CURVE_FONT('continuous');
#11922=COLOUR_RGB('',1.0,0.0,0.0);
#11923=CARTESIAN_POINT('',(-8.89,7.57,0.32));
#11924=VECTOR('',#16677,1.0);
#11925=DRAUGHTING_PRE_DEFINED_CURVE_FONT('continuous');
#11926=COLOUR_RGB('',0.0,0.0,0.0);
#11927=CARTESIAN_POINT('',(0.270000000000795,0.302213113916717,-0.16665));
#11928=VECTOR('',#16678,1.0);
#11929=DRAUGHTING_PRE_DEFINED_CURVE_FONT('continuous');
#11930=COLOUR_RGB('',0.0,0.0,0.0);
#11931=CARTESIAN_POINT('',(7.34999999999989,0.740500000000109,0.999999999999887));
#11932=VECTOR('',#16679,1.0);
#11933=PRE_DEFINED_MARKER('');
#11934=COLOUR_RGB('',0.0,0.0,0.0);
#11935=DRAUGHTING_PRE_DEFINED_CURVE_FONT('continuous');
#11936=COLOUR_RGB('',0.87058824300766,0.87058824300766,0.87058824300766);
#11937=CARTESIAN_POINT('',(-6.15000000000034,-3.19999999999999,-0.16665));
#11938=VECTOR('',#16680,1.0);
#11939=DRAUGHTING_PRE_DEFINED_CURVE_FONT('continuous');
#11940=COLOUR_RGB('',0.0,0.0,0.0);
#11941=CARTESIAN_POINT('',(-5.2575,0.0,0.999999999999886));
#11942=VECTOR('',#16681,1.0);
#11943=SURFACE_SIDE_STYLE('',(#16682));
#11944=EDGE_LOOP('',(#16683,#16684,#16685,#16686));
#11945=AXIS2_PLACEMENT_3D('',#16687,#16688,#16689);
#11946=DRAUGHTING_PRE_DEFINED_CURVE_FONT('continuous');
#11947=COLOUR_RGB('',0.0,0.0,0.0);
#11948=CARTESIAN_POINT('',(3.77616666666681,7.51716666666661,0.0328333333334183));
#11949=VECTOR('',#16690,1.0);
#11950=DRAUGHTING_PRE_DEFINED_CURVE_FONT('continuous');
#11951=COLOUR_RGB('',0.0,0.0,0.0);
#11952=CARTESIAN_POINT('',(7.39,7.64999999999999,0.45000000000016));
#11953=VECTOR('',#16691,1.0);
#11954=SURFACE_SIDE_STYLE('',(#16692));
#11955=EDGE_LOOP('',(#16693,#16694,#16695,#16696,#16697,#16698,#16699,#16700,#16701,#16702,#16703,#16704));
#11956=AXIS2_PLACEMENT_3D('',#16705,#16706,#16707);
#11957=SURFACE_SIDE_STYLE('',(#16708));
#11958=EDGE_LOOP('',(#16709,#16710,#16711,#16712,#16713,#16714,#16715,#16716,#16717,#16718,#16719,#16720));
#11959=AXIS2_PLACEMENT_3D('',#16721,#16722,#16723);
#11960=PRE_DEFINED_MARKER('');
#11961=COLOUR_RGB('',0.0,0.0,0.0);
#11962=DRAUGHTING_PRE_DEFINED_CURVE_FONT('continuous');
#11963=COLOUR_RGB('',0.0,0.0,0.0);
#11964=CARTESIAN_POINT('',(2.81000000000079,0.670499999999998,0.624999999999982));
#11965=VECTOR('',#16724,1.0);
#11966=DRAUGHTING_PRE_DEFINED_CURVE_FONT('continuous');
#11967=COLOUR_RGB('',0.87058824300766,0.87058824300766,0.87058824300766);
#11968=CARTESIAN_POINT('',(1.75877934272298,0.753873053989039,0.16665));
#11969=VECTOR('',#16725,1.0);
#11970=PRE_DEFINED_MARKER('');
#11971=COLOUR_RGB('',0.87058824300766,0.87058824300766,0.87058824300766);
#11972=DRAUGHTING_PRE_DEFINED_CURVE_FONT('continuous');
#11973=COLOUR_RGB('',0.0,0.0,0.0);
#11974=AXIS2_PLACEMENT_3D('',#16726,#16727,#16728);
#11975=DRAUGHTING_PRE_DEFINED_CURVE_FONT('continuous');
#11976=COLOUR_RGB('',0.87058824300766,0.87058824300766,0.87058824300766);
#11977=CARTESIAN_POINT('',(4.12999999999966,-2.54999999999999,0.16665));
#11978=VECTOR('',#16729,1.0);
#11979=DRAUGHTING_PRE_DEFINED_CURVE_FONT('continuous');
#11980=COLOUR_RGB('',0.0,0.0,0.0);
#11981=AXIS2_PLACEMENT_3D('',#16730,#16731,#16732);
#11982=PRE_DEFINED_MARKER('');
#11983=COLOUR_RGB('',0.87058824300766,0.87058824300766,0.87058824300766);
#11984=PRE_DEFINED_MARKER('');
#11985=COLOUR_RGB('',0.0,0.0,0.0);
#11986=PRE_DEFINED_MARKER('');
#11987=COLOUR_RGB('',0.87058824300766,0.87058824300766,0.87058824300766);
#11988=PRE_DEFINED_MARKER('');
#11989=COLOUR_RGB('',0.0,0.0,0.0);
#11990=PRE_DEFINED_MARKER('');
#11991=COLOUR_RGB('',0.0,0.0,0.0);
#11992=PRE_DEFINED_MARKER('');
#11993=COLOUR_RGB('',0.0,0.0,0.0);
#11994=PRE_DEFINED_MARKER('');
#11995=COLOUR_RGB('',0.87058824300766,0.87058824300766,0.87058824300766);
#11996=SURFACE_SIDE_STYLE('',(#16733));
#11997=EDGE_LOOP('',(#16734,#16735,#16736,#16737));
#11998=AXIS2_PLACEMENT_3D('',#16738,#16739,#16740);
#11999=DRAUGHTING_PRE_DEFINED_CURVE_FONT('continuous');
#12000=COLOUR_RGB('',0.0,0.0,0.0);
#12001=CARTESIAN_POINT('',(4.80999999999989,0.30221311391666,0.16665));
#12002=VECTOR('',#16741,1.0);
#12003=DRAUGHTING_PRE_DEFINED_CURVE_FONT('continuous');
#12004=COLOUR_RGB('',0.87058824300766,0.87058824300766,0.87058824300766);
#12005=CARTESIAN_POINT('',(-8.57000000000034,-2.54999999999999,0.166649999999999));
#12006=VECTOR('',#16742,1.0);
#12007=PRE_DEFINED_MARKER('');
#12008=COLOUR_RGB('',0.0,0.0,0.0);
#12009=PRE_DEFINED_MARKER('');
#12010=COLOUR_RGB('',0.0,0.0,0.0);
#12011=PRE_DEFINED_MARKER('');
#12012=COLOUR_RGB('',0.0,0.0,0.0);
#12013=PRE_DEFINED_MARKER('');
#12014=COLOUR_RGB('',0.0,0.0,0.0);
#12015=PRE_DEFINED_MARKER('');
#12016=COLOUR_RGB('',0.87058824300766,0.87058824300766,0.87058824300766);
#12017=DRAUGHTING_PRE_DEFINED_CURVE_FONT('continuous');
#12018=COLOUR_RGB('',0.87058824300766,0.87058824300766,0.87058824300766);
#12019=CARTESIAN_POINT('',(-0.95000000000034,-2.54999999999999,0.16665));
#12020=VECTOR('',#16743,1.0);
#12021=SURFACE_SIDE_STYLE('',(#16744));
#12022=EDGE_LOOP('',(#16745,#16746,#16747,#16748));
#12023=AXIS2_PLACEMENT_3D('',#16749,#16750,#16751);
#12024=DRAUGHTING_PRE_DEFINED_CURVE_FONT('continuous');
#12025=COLOUR_RGB('',0.0,0.0,0.0);
#12026=CARTESIAN_POINT('',(-9.8899999999992,4.37050000000009,-0.449999999999932));
#12027=VECTOR('',#16752,1.0);
#12028=SURFACE_SIDE_STYLE('',(#16753));
#12029=EDGE_LOOP('',(#16754,#16755,#16756,#16757));
#12030=AXIS2_PLACEMENT_3D('',#16758,#16759,#16760);
#12031=PRE_DEFINED_MARKER('');
#12032=COLOUR_RGB('',0.0,0.0,0.0);
#12033=PRE_DEFINED_MARKER('');
#12034=COLOUR_RGB('',0.0,0.0,0.0);
#12035=DRAUGHTING_PRE_DEFINED_CURVE_FONT('continuous');
#12036=COLOUR_RGB('',0.0,0.0,0.0);
#12037=CARTESIAN_POINT('',(-9.8899999999992,0.302213113916717,-0.166650000000001));
#12038=VECTOR('',#16761,1.0);
#12039=PRE_DEFINED_MARKER('');
#12040=COLOUR_RGB('',0.0,0.0,0.0);
#12041=SURFACE_SIDE_STYLE('',(#16762));
#12042=EDGE_LOOP('',(#16763,#16764,#16765,#16766));
#12043=AXIS2_PLACEMENT_3D('',#16767,#16768,#16769);
#12044=DRAUGHTING_PRE_DEFINED_CURVE_FONT('continuous');
#12045=COLOUR_RGB('',0.0,0.0,0.0);
#12046=CARTESIAN_POINT('',(5.3500000000008,0.599999999999994,0.437500000000001));
#12047=VECTOR('',#16770,1.0);
#12048=DRAUGHTING_PRE_DEFINED_CURVE_FONT('continuous');
#12049=COLOUR_RGB('',0.0,0.0,0.0);
#12050=CARTESIAN_POINT('',(-0.270000000000113,0.670499999999941,0.624999999999982));
#12051=VECTOR('',#16771,1.0);
#12052=DRAUGHTING_PRE_DEFINED_CURVE_FONT('continuous');
#12053=COLOUR_RGB('',0.0,0.0,0.0);
#12054=CARTESIAN_POINT('',(-0.970499999999893,7.8504999999999,0.300500000000105));
#12055=VECTOR('',#16772,1.0);
#12056=PRE_DEFINED_MARKER('');
#12057=COLOUR_RGB('',0.0,0.0,0.0);
#12058=PRE_DEFINED_MARKER('');
#12059=COLOUR_RGB('',0.0,0.0,0.0);
#12060=PRE_DEFINED_MARKER('');
#12061=COLOUR_RGB('',0.0,0.0,0.0);
#12062=PRE_DEFINED_MARKER('');
#12063=COLOUR_RGB('',0.87058824300766,0.87058824300766,0.87058824300766);
#12064=PRE_DEFINED_MARKER('');
#12065=COLOUR_RGB('',0.0,0.0,0.0);
#12066=PRE_DEFINED_MARKER('');
#12067=COLOUR_RGB('',0.0,0.0,0.0);
#12068=PRE_DEFINED_MARKER('');
#12069=COLOUR_RGB('',1.0,0.0,0.0);
#12070=DRAUGHTING_PRE_DEFINED_CURVE_FONT('continuous');
#12071=COLOUR_RGB('',0.0,0.0,0.0);
#12072=CARTESIAN_POINT('',(-10.285,0.150000000000006,0.625000000000113));
#12073=VECTOR('',#16773,1.0);
#12074=DRAUGHTING_PRE_DEFINED_CURVE_FONT('continuous');
#12075=COLOUR_RGB('',0.0,0.0,0.0);
#12076=CARTESIAN_POINT('',(-0.23,7.64999999999999,0.999999999999886));
#12077=VECTOR('',#16774,1.0);
#12078=SURFACE_SIDE_STYLE('',(#16775));
#12079=EDGE_LOOP('',(#16776,#16777,#16778,#16779));
#12080=AXIS2_PLACEMENT_3D('',#16780,#16781,#16782);
#12081=PRE_DEFINED_MARKER('');
#12082=COLOUR_RGB('',0.87058824300766,0.87058824300766,0.87058824300766);
#12083=DRAUGHTING_PRE_DEFINED_CURVE_FONT('continuous');
#12084=COLOUR_RGB('',0.0,0.0,0.0);
#12085=CARTESIAN_POINT('',(-0.270000000000113,0.740500000000109,0.999999999999886));
#12086=VECTOR('',#16783,1.0);
#12087=PRE_DEFINED_MARKER('');
#12088=COLOUR_RGB('',0.0,0.0,0.0);
#12089=DRAUGHTING_PRE_DEFINED_CURVE_FONT('continuous');
#12090=COLOUR_RGB('',1.0,0.0,0.0);
#12091=CARTESIAN_POINT('',(-9.21,7.68,0.32));
#12092=VECTOR('',#16784,1.0);
#12093=DRAUGHTING_PRE_DEFINED_CURVE_FONT('continuous');
#12094=COLOUR_RGB('',0.0,0.0,0.0);
#12095=CARTESIAN_POINT('',(-10.285,0.0,-0.775000000000092));
#12096=VECTOR('',#16785,1.0);
#12097=PRE_DEFINED_MARKER('');
#12098=COLOUR_RGB('',0.87058824300766,0.87058824300766,0.87058824300766);
#12099=PRE_DEFINED_MARKER('');
#12100=COLOUR_RGB('',0.0,0.0,0.0);
#12101=DRAUGHTING_PRE_DEFINED_CURVE_FONT('continuous');
#12102=COLOUR_RGB('',0.0,0.0,0.0);
#12103=CARTESIAN_POINT('',(7.8900000000008,0.302213113916717,-0.16665));
#12104=VECTOR('',#16786,1.0);
#12105=SURFACE_SIDE_STYLE('',(#16787));
#12106=EDGE_LOOP('',(#16788,#16789,#16790,#16791,#16792,#16793));
#12107=AXIS2_PLACEMENT_3D('',#16794,#16795,#16796);
#12108=PRE_DEFINED_MARKER('');
#12109=COLOUR_RGB('',0.0,0.0,0.0);
#12110=PRE_DEFINED_MARKER('');
#12111=COLOUR_RGB('',0.87058824300766,0.87058824300766,0.87058824300766);
#12112=PRE_DEFINED_MARKER('');
#12113=COLOUR_RGB('',0.87058824300766,0.87058824300766,0.87058824300766);
#12114=DRAUGHTING_PRE_DEFINED_CURVE_FONT('continuous');
#12115=COLOUR_RGB('',0.87058824300766,0.87058824300766,0.87058824300766);
#12116=CARTESIAN_POINT('',(8.56999999999966,-2.54999999999999,-0.166649999999999));
#12117=VECTOR('',#16797,1.0);
#12118=SURFACE_SIDE_STYLE('',(#16798));
#12119=EDGE_LOOP('',(#16799,#16800,#16801,#16802));
#12120=AXIS2_PLACEMENT_3D('',#16803,#16804,#16805);
#12121=PRE_DEFINED_MARKER('');
#12122=COLOUR_RGB('',0.0,0.0,0.0);
#12123=SURFACE_SIDE_STYLE('',(#16806));
#12124=EDGE_LOOP('',(#16807,#16808,#16809,#16810,#16811,#16812,#16813,#16814,#16815,#16816,#16817,#16818));
#12125=AXIS2_PLACEMENT_3D('',#16819,#16820,#16821);
#12126=PRE_DEFINED_MARKER('');
#12127=COLOUR_RGB('',0.0,0.0,0.0);
#12128=DRAUGHTING_PRE_DEFINED_CURVE_FONT('continuous');
#12129=COLOUR_RGB('',0.87058824300766,0.87058824300766,0.87058824300766);
#12130=AXIS2_PLACEMENT_3D('',#16822,#16823,#16824);
#12131=DRAUGHTING_PRE_DEFINED_CURVE_FONT('continuous');
#12132=COLOUR_RGB('',0.0,0.0,0.0);
#12133=CARTESIAN_POINT('',(-2.77,7.99999999999996,-0.449999999999932));
#12134=VECTOR('',#16825,1.0);
#12135=SURFACE_SIDE_STYLE('',(#16826));
#12136=EDGE_LOOP('',(#16827,#16828,#16829,#16830));
#12137=AXIS2_PLACEMENT_3D('',#16831,#16832,#16833);
#12138=PRE_DEFINED_MARKER('');
#12139=COLOUR_RGB('',0.0,0.0,0.0);
#12140=DRAUGHTING_PRE_DEFINED_CURVE_FONT('continuous');
#12141=COLOUR_RGB('',0.0,0.0,0.0);
#12142=CARTESIAN_POINT('',(10.285,8.49999999999997,-1.25));
#12143=VECTOR('',#16834,1.0);
#12144=DRAUGHTING_PRE_DEFINED_CURVE_FONT('continuous');
#12145=COLOUR_RGB('',0.0,0.0,0.0);
#12146=CARTESIAN_POINT('',(3.36000000000007,7.82549999999997,0.450000000000159));
#12147=VECTOR('',#16835,1.0);
#12148=DRAUGHTING_PRE_DEFINED_CURVE_FONT('continuous');
#12149=COLOUR_RGB('',0.0,0.0,0.0);
#12150=CARTESIAN_POINT('',(4.10950000000011,7.8504999999999,0.300500000000106));
#12151=VECTOR('',#16836,1.0);
#12152=DRAUGHTING_PRE_DEFINED_CURVE_FONT('continuous');
#12153=COLOUR_RGB('',0.0,0.0,0.0);
#12154=CARTESIAN_POINT('',(-4.8099999999992,1.90282814901086,0.833325));
#12155=VECTOR('',#16837,1.0);
#12156=PRE_DEFINED_MARKER('');
#12157=COLOUR_RGB('',0.0,0.0,0.0);
#12158=DRAUGHTING_PRE_DEFINED_CURVE_FONT('continuous');
#12159=COLOUR_RGB('',0.87058824300766,0.87058824300766,0.87058824300766);
#12160=CARTESIAN_POINT('',(2.49040082142894,1.90282814901086,0.16665));
#12161=VECTOR('',#16838,1.0);
#12162=SURFACE_SIDE_STYLE('',(#16839));
#12163=EDGE_LOOP('',(#16840,#16841,#16842,#16843));
#12164=AXIS2_PLACEMENT_3D('',#16844,#16845,#16846);
#12165=DRAUGHTING_PRE_DEFINED_CURVE_FONT('continuous');
#12166=COLOUR_RGB('',0.87058824300766,0.87058824300766,0.87058824300766);
#12167=CARTESIAN_POINT('',(3.48999999999966,-2.54999999999999,0.16665));
#12168=VECTOR('',#16847,1.0);
#12169=DRAUGHTING_PRE_DEFINED_CURVE_FONT('continuous');
#12170=COLOUR_RGB('',0.0,0.0,0.0);
#12171=CARTESIAN_POINT('',(-1.90283333333329,8.18383333333331,-0.633833333333287));
#12172=VECTOR('',#16848,1.0);
#12173=SURFACE_SIDE_STYLE('',(#16849));
#12174=EDGE_LOOP('',(#16850,#16851,#16852,#16853));
#12175=AXIS2_PLACEMENT_3D('',#16854,#16855,#16856);
#12176=PRE_DEFINED_MARKER('');
#12177=COLOUR_RGB('',0.0,0.0,0.0);
#12178=PRE_DEFINED_MARKER('');
#12179=COLOUR_RGB('',0.87058824300766,0.87058824300766,0.87058824300766);
#12180=PRE_DEFINED_MARKER('');
#12181=COLOUR_RGB('',0.87058824300766,0.87058824300766,0.87058824300766);
#12182=PRE_DEFINED_MARKER('');
#12183=COLOUR_RGB('',0.0,0.0,0.0);
#12184=DRAUGHTING_PRE_DEFINED_CURVE_FONT('continuous');
#12185=COLOUR_RGB('',0.87058824300766,0.87058824300766,0.87058824300766);
#12186=CARTESIAN_POINT('',(3.60999999999966,-3.19999999999999,-0.16665));
#12187=VECTOR('',#16857,0.999999999999999);
#12188=DRAUGHTING_PRE_DEFINED_CURVE_FONT('continuous');
#12189=COLOUR_RGB('',0.87058824300766,0.87058824300766,0.87058824300766);
#12190=CARTESIAN_POINT('',(0.949999999999658,-2.54999999999999,0.16665));
#12191=VECTOR('',#16858,1.0);
#12192=DRAUGHTING_PRE_DEFINED_CURVE_FONT('continuous');
#12193=COLOUR_RGB('',0.0,0.0,0.0);
#12194=CARTESIAN_POINT('',(0.820000000000068,8.26274999999992,0.712750000000119));
#12195=VECTOR('',#16859,0.999999999999999);
#12196=PRE_DEFINED_MARKER('');
#12197=COLOUR_RGB('',0.0,0.0,0.0);
#12198=PRE_DEFINED_MARKER('');
#12199=COLOUR_RGB('',0.87058824300766,0.87058824300766,0.87058824300766);
#12200=PRE_DEFINED_MARKER('');
#12201=COLOUR_RGB('',0.0,0.0,0.0);
#12202=DRAUGHTING_PRE_DEFINED_CURVE_FONT('continuous');
#12203=COLOUR_RGB('',0.0,0.0,0.0);
#12204=CARTESIAN_POINT('',(4.80999999999989,0.0,1.13750000000005));
#12205=VECTOR('',#16860,1.0);
#12206=PRE_DEFINED_MARKER('');
#12207=COLOUR_RGB('',0.0,0.0,0.0);
#12208=PRE_DEFINED_MARKER('');
#12209=COLOUR_RGB('',0.0,0.0,0.0);
#12210=SURFACE_SIDE_STYLE('',(#16861));
#12211=EDGE_LOOP('',(#16862,#16863,#16864,#16865));
#12212=AXIS2_PLACEMENT_3D('',#16866,#16867,#16868);
#12213=SURFACE_SIDE_STYLE('',(#16869));
#12214=EDGE_LOOP('',(#16870,#16871,#16872,#16873));
#12215=AXIS2_PLACEMENT_3D('',#16874,#16875,#16876);
#12216=DRAUGHTING_PRE_DEFINED_CURVE_FONT('continuous');
#12217=COLOUR_RGB('',0.87058824300766,0.87058824300766,0.87058824300766);
#12218=CARTESIAN_POINT('',(9.08999999999966,-3.19999999999999,0.166650000000001));
#12219=VECTOR('',#16877,1.0);
#12220=SURFACE_SIDE_STYLE('',(#16878));
#12221=EDGE_LOOP('',(#16879,#16880,#16881,#16882));
#12222=AXIS2_PLACEMENT_3D('',#16883,#16884,#16885);
#12223=PRE_DEFINED_MARKER('');
#12224=COLOUR_RGB('',0.0,0.0,0.0);
#12225=DRAUGHTING_PRE_DEFINED_CURVE_FONT('continuous');
#12226=COLOUR_RGB('',0.0,0.0,0.0);
#12227=CARTESIAN_POINT('',(2.81000000000079,4.19550000000011,0.450000000000159));
#12228=VECTOR('',#16886,1.0);
#12229=SURFACE_SIDE_STYLE('',(#16887));
#12230=EDGE_LOOP('',(#16888,#16889,#16890,#16891));
#12231=AXIS2_PLACEMENT_3D('',#16892,#16893,#16894);
#12232=PRE_DEFINED_MARKER('');
#12233=COLOUR_RGB('',0.87058824300766,0.87058824300766,0.87058824300766);
#12234=PRE_DEFINED_MARKER('');
#12235=COLOUR_RGB('',0.0,0.0,0.0);
#12236=PRE_DEFINED_MARKER('');
#12237=COLOUR_RGB('',0.87058824300766,0.87058824300766,0.87058824300766);
#12238=DRAUGHTING_PRE_DEFINED_CURVE_FONT('continuous');
#12239=COLOUR_RGB('',0.0,0.0,0.0);
#12240=CARTESIAN_POINT('',(-4.8099999999992,0.0,1.13750000000005));
#12241=VECTOR('',#16895,1.0);
#12242=SURFACE_SIDE_STYLE('',(#16896));
#12243=EDGE_LOOP('',(#16897,#16898,#16899,#16900));
#12244=AXIS2_PLACEMENT_3D('',#16901,#16902,#16903);
#12245=DRAUGHTING_PRE_DEFINED_CURVE_FONT('continuous');
#12246=COLOUR_RGB('',0.0,0.0,0.0);
#12247=CARTESIAN_POINT('',(7.34999999999989,0.30221311391666,0.16665));
#12248=VECTOR('',#16904,1.0);
#12249=PRE_DEFINED_MARKER('');
#12250=COLOUR_RGB('',0.0,0.0,0.0);
#12251=DRAUGHTING_PRE_DEFINED_CURVE_FONT('continuous');
#12252=COLOUR_RGB('',0.0,0.0,0.0);
#12253=CARTESIAN_POINT('',(-9.59,7.81249999999998,-0.449999999999932));
#12254=VECTOR('',#16905,1.0);
#12255=DRAUGHTING_PRE_DEFINED_CURVE_FONT('continuous');
#12256=COLOUR_RGB('',0.0,0.0,0.0);
#12257=CARTESIAN_POINT('',(-10.285,0.0,0.77500000000009));
#12258=VECTOR('',#16906,1.0);
#12259=DRAUGHTING_PRE_DEFINED_CURVE_FONT('continuous');
#12260=COLOUR_RGB('',0.0,0.0,0.0);
#12261=CARTESIAN_POINT('',(0.270000000000795,0.753873053988997,0.833325));
#12262=VECTOR('',#16907,1.0);
#12263=PRE_DEFINED_MARKER('');
#12264=COLOUR_RGB('',0.0,0.0,0.0);
#12265=PRE_DEFINED_MARKER('');
#12266=COLOUR_RGB('',0.0,0.0,0.0);
#12267=SURFACE_SIDE_STYLE('',(#16908));
#12268=EDGE_LOOP('',(#16909,#16910,#16911,#16912,#16913,#16914,#16915,#16916));
#12269=AXIS2_PLACEMENT_3D('',#16917,#16918,#16919);
#12270=PRE_DEFINED_MARKER('');
#12271=COLOUR_RGB('',0.0,0.0,0.0);
#12272=DRAUGHTING_PRE_DEFINED_CURVE_FONT('continuous');
#12273=COLOUR_RGB('',0.0,0.0,0.0);
#12274=CARTESIAN_POINT('',(4.80999999999989,7.64999999999999,1.24999999999994));
#12275=VECTOR('',#16920,1.0);
#12276=PRE_DEFINED_MARKER('');
#12277=COLOUR_RGB('',0.0,0.0,0.0);
#12278=PRE_DEFINED_MARKER('');
#12279=COLOUR_RGB('',0.0,0.0,0.0);
#12280=PRE_DEFINED_MARKER('');
#12281=COLOUR_RGB('',0.0,0.0,0.0);
#12282=SURFACE_SIDE_STYLE('',(#16921));
#12283=EDGE_LOOP('',(#16922,#16923,#16924,#16925));
#12284=AXIS2_PLACEMENT_3D('',#16926,#16927,#16928);
#12285=SURFACE_SIDE_STYLE('',(#16929));
#12286=EDGE_LOOP('',(#16930,#16931,#16932,#16933,#16934,#16935,#16936,#16937));
#12287=AXIS2_PLACEMENT_3D('',#16938,#16939,#16940);
#12288=PRE_DEFINED_MARKER('');
#12289=COLOUR_RGB('',0.0,0.0,0.0);
#12290=DRAUGHTING_PRE_DEFINED_CURVE_FONT('continuous');
#12291=COLOUR_RGB('',0.0,0.0,0.0);
#12292=CARTESIAN_POINT('',(-4.8099999999992,0.740500000000222,-0.999999999999205));
#12293=VECTOR('',#16941,1.0);
#12294=SURFACE_SIDE_STYLE('',(#16942));
#12295=EDGE_LOOP('',(#16943,#16944,#16945,#16946));
#12296=AXIS2_PLACEMENT_3D('',#16947,#16948,#16949);
#12297=DRAUGHTING_PRE_DEFINED_CURVE_FONT('continuous');
#12298=COLOUR_RGB('',0.0,0.0,0.0);
#12299=CARTESIAN_POINT('',(7.8900000000008,0.740500000000165,0.999999999999887));
#12300=VECTOR('',#16950,1.0);
#12301=DRAUGHTING_PRE_DEFINED_CURVE_FONT('continuous');
#12302=COLOUR_RGB('',0.0,0.0,0.0);
#12303=AXIS2_PLACEMENT_3D('',#16951,#16952,#16953);
#12304=DRAUGHTING_PRE_DEFINED_CURVE_FONT('continuous');
#12305=COLOUR_RGB('',0.0,0.0,0.0);
#12306=AXIS2_PLACEMENT_3D('',#16954,#16955,#16956);
#12307=SURFACE_SIDE_STYLE('',(#16957));
#12308=EDGE_LOOP('',(#16958,#16959,#16960,#16961));
#12309=AXIS2_PLACEMENT_3D('',#16962,#16963,#16964);
#12310=SURFACE_SIDE_STYLE('',(#16965));
#12311=EDGE_LOOP('',(#16966,#16967,#16968,#16969));
#12312=AXIS2_PLACEMENT_3D('',#16970,#16971,#16972);
#12313=DRAUGHTING_PRE_DEFINED_CURVE_FONT('continuous');
#12314=COLOUR_RGB('',0.87058824300766,0.87058824300766,0.87058824300766);
#12315=AXIS2_PLACEMENT_3D('',#16973,#16974,#16975);
#12316=PRE_DEFINED_MARKER('');
#12317=COLOUR_RGB('',0.87058824300766,0.87058824300766,0.87058824300766);
#12318=DRAUGHTING_PRE_DEFINED_CURVE_FONT('continuous');
#12319=COLOUR_RGB('',0.0,0.0,0.0);
#12320=CARTESIAN_POINT('',(4.85,7.99999999999996,-0.449999999999932));
#12321=VECTOR('',#16976,1.0);
#12322=PRE_DEFINED_MARKER('');
#12323=COLOUR_RGB('',0.0,0.0,0.0);
#12324=PRE_DEFINED_MARKER('');
#12325=COLOUR_RGB('',0.0,0.0,0.0);
#12326=DRAUGHTING_PRE_DEFINED_CURVE_FONT('continuous');
#12327=COLOUR_RGB('',0.0,0.0,0.0);
#12328=CARTESIAN_POINT('',(-9.33999999999993,8.00049999999996,-0.449999999999932));
#12329=VECTOR('',#16977,1.0);
#12330=DRAUGHTING_PRE_DEFINED_CURVE_FONT('continuous');
#12331=COLOUR_RGB('',0.87058824300766,0.87058824300766,0.87058824300766);
#12332=CARTESIAN_POINT('',(0.781220657277022,0.753873053988997,-0.16665));
#12333=VECTOR('',#16978,1.0);
#12334=DRAUGHTING_PRE_DEFINED_CURVE_FONT('continuous');
#12335=COLOUR_RGB('',0.0,0.0,0.0);
#12336=CARTESIAN_POINT('',(-8.19,7.65099999999999,0.75));
#12337=VECTOR('',#16979,1.0);
#12338=DRAUGHTING_PRE_DEFINED_CURVE_FONT('continuous');
#12339=COLOUR_RGB('',0.87058824300766,0.87058824300766,0.87058824300766);
#12340=CARTESIAN_POINT('',(-4.13000000000034,-2.54999999999999,0.16665));
#12341=VECTOR('',#16980,1.0);
#12342=DRAUGHTING_PRE_DEFINED_CURVE_FONT('continuous');
#12343=COLOUR_RGB('',0.0,0.0,0.0);
#12344=CARTESIAN_POINT('',(9.88999999999989,0.0,0.125000000000001));
#12345=VECTOR('',#16981,1.0);
#12346=SURFACE_SIDE_STYLE('',(#16982));
#12347=EDGE_LOOP('',(#16983,#16984,#16985,#16986));
#12348=AXIS2_PLACEMENT_3D('',#16987,#16988,#16989);
#12349=DRAUGHTING_PRE_DEFINED_CURVE_FONT('continuous');
#12350=COLOUR_RGB('',0.0,0.0,0.0);
#12351=CARTESIAN_POINT('',(-7.3499999999992,0.302213113916717,0.166649999999999));
#12352=VECTOR('',#16990,1.0);
#12353=DRAUGHTING_PRE_DEFINED_CURVE_FONT('continuous');
#12354=COLOUR_RGB('',0.0,0.0,0.0);
#12355=CARTESIAN_POINT('',(4.26000000000016,8.17524999999993,0.625250000000128));
#12356=VECTOR('',#16991,0.999999999999999);
#12357=PRE_DEFINED_MARKER('');
#12358=COLOUR_RGB('',0.87058824300766,0.87058824300766,0.87058824300766);
#12359=PRE_DEFINED_MARKER('');
#12360=COLOUR_RGB('',0.0,0.0,0.0);
#12361=DRAUGHTING_PRE_DEFINED_CURVE_FONT('continuous');
#12362=COLOUR_RGB('',0.87058824300766,0.87058824300766,0.87058824300766);
#12363=CARTESIAN_POINT('',(6.66999999999966,0.58720638732241,0.16665));
#12364=VECTOR('',#16992,1.0);
#12365=PRE_DEFINED_MARKER('');
#12366=COLOUR_RGB('',0.0,0.0,0.0);
#12367=PRE_DEFINED_MARKER('');
#12368=COLOUR_RGB('',0.0,0.0,0.0);
#12369=PRE_DEFINED_MARKER('');
#12370=COLOUR_RGB('',0.0,0.0,0.0);
#12371=SURFACE_SIDE_STYLE('',(#16993));
#12372=EDGE_LOOP('',(#16994,#16995,#16996,#16997));
#12373=AXIS2_PLACEMENT_3D('',#16998,#16999,#17000);
#12374=DRAUGHTING_PRE_DEFINED_CURVE_FONT('continuous');
#12375=COLOUR_RGB('',0.87058824300766,0.87058824300766,0.87058824300766);
#12376=CARTESIAN_POINT('',(5.86122065727702,0.753873053988883,0.16665));
#12377=VECTOR('',#17001,1.0);
#12378=DRAUGHTING_PRE_DEFINED_CURVE_FONT('continuous');
#12379=COLOUR_RGB('',0.0,0.0,0.0);
#12380=CARTESIAN_POINT('',(8.44000000000007,8.26274999999992,0.712750000000119));
#12381=VECTOR('',#17002,0.999999999999999);
#12382=SURFACE_SIDE_STYLE('',(#17003));
#12383=EDGE_LOOP('',(#17004,#17005,#17006,#17007));
#12384=AXIS2_PLACEMENT_3D('',#17008,#17009,#17010);
#12385=DRAUGHTING_PRE_DEFINED_CURVE_FONT('continuous');
#12386=COLOUR_RGB('',0.0,0.0,0.0);
#12387=CARTESIAN_POINT('',(4.80999999999989,0.740500000000109,0.999999999999887));
#12388=VECTOR('',#17011,1.0);
#12389=DRAUGHTING_PRE_DEFINED_CURVE_FONT('continuous');
#12390=COLOUR_RGB('',0.0,0.0,0.0);
#12391=CARTESIAN_POINT('',(-2.77,7.64999999999999,-1.00000000000011));
#12392=VECTOR('',#17012,1.0);
#12393=DRAUGHTING_PRE_DEFINED_CURVE_FONT('continuous');
#12394=COLOUR_RGB('',0.0,0.0,0.0);
#12395=CARTESIAN_POINT('',(-3.9875,0.0,-0.999999999999204));
#12396=VECTOR('',#17013,1.0);
#12397=PRE_DEFINED_MARKER('');
#12398=COLOUR_RGB('',0.0,0.0,0.0);
#12399=SURFACE_SIDE_STYLE('',(#17014));
#12400=EDGE_LOOP('',(#17015,#17016,#17017,#17018));
#12401=AXIS2_PLACEMENT_3D('',#17019,#17020,#17021);
#12402=SURFACE_SIDE_STYLE('',(#17022));
#12403=EDGE_LOOP('',(#17023,#17024,#17025,#17026));
#12404=AXIS2_PLACEMENT_3D('',#17027,#17028,#17029);
#12405=DRAUGHTING_PRE_DEFINED_CURVE_FONT('continuous');
#12406=COLOUR_RGB('',0.0,0.0,0.0);
#12407=CARTESIAN_POINT('',(0.270000000000795,0.0,0.125));
#12408=VECTOR('',#17030,1.0);
#12409=PRE_DEFINED_MARKER('');
#12410=COLOUR_RGB('',0.0,0.0,0.0);
#12411=PRE_DEFINED_MARKER('');
#12412=COLOUR_RGB('',0.0,0.0,0.0);
#12413=PRE_DEFINED_MARKER('');
#12414=COLOUR_RGB('',0.0,0.0,0.0);
#12415=DRAUGHTING_PRE_DEFINED_CURVE_FONT('continuous');
#12416=COLOUR_RGB('',0.0,0.0,0.0);
#12417=CARTESIAN_POINT('',(-9.8899999999992,7.64999999999999,1.24999999999994));
#12418=VECTOR('',#17031,1.0);
#12419=DRAUGHTING_PRE_DEFINED_CURVE_FONT('continuous');
#12420=COLOUR_RGB('',0.0,0.0,0.0);
#12421=CARTESIAN_POINT('',(-9.8899999999992,1.90282814901086,0.833324999999999));
#12422=VECTOR('',#17032,1.0);
#12423=PRE_DEFINED_MARKER('');
#12424=COLOUR_RGB('',0.0,0.0,0.0);
#12425=SURFACE_SIDE_STYLE('',(#17033));
#12426=EDGE_LOOP('',(#17034,#17035,#17036,#17037));
#12427=AXIS2_PLACEMENT_3D('',#17038,#17039,#17040);
#12428=DRAUGHTING_PRE_DEFINED_CURVE_FONT('continuous');
#12429=COLOUR_RGB('',0.0,0.0,0.0);
#12430=CARTESIAN_POINT('',(3.36000000000007,7.65099999999999,1.5));
#12431=VECTOR('',#17041,1.0);
#12432=DRAUGHTING_PRE_DEFINED_CURVE_FONT('continuous');
#12433=COLOUR_RGB('',0.87058824300766,0.87058824300766,0.87058824300766);
#12434=AXIS2_PLACEMENT_3D('',#17042,#17043,#17044);
#12435=PRE_DEFINED_MARKER('');
#12436=COLOUR_RGB('',0.0,0.0,0.0);
#12437=SURFACE_SIDE_STYLE('',(#17045));
#12438=EDGE_LOOP('',(#17046,#17047,#17048,#17049,#17050,#17051));
#12439=AXIS2_PLACEMENT_3D('',#17052,#17053,#17054);
#12440=PRE_DEFINED_MARKER('');
#12441=COLOUR_RGB('',0.0,0.0,0.0);
#12442=DRAUGHTING_PRE_DEFINED_CURVE_FONT('continuous');
#12443=COLOUR_RGB('',0.87058824300766,0.87058824300766,0.87058824300766);
#12444=CARTESIAN_POINT('',(-3.49000000000034,0.58720638732241,0.16665));
#12445=VECTOR('',#17055,1.0);
#12446=DRAUGHTING_PRE_DEFINED_CURVE_FONT('continuous');
#12447=COLOUR_RGB('',0.0,0.0,0.0);
#12448=CARTESIAN_POINT('',(-3.35999999999984,7.65099999999999,1.5));
#12449=VECTOR('',#17056,1.0);
#12450=DRAUGHTING_PRE_DEFINED_CURVE_FONT('continuous');
#12451=COLOUR_RGB('',0.0,0.0,0.0);
#12452=CARTESIAN_POINT('',(-5.2575,0.0,-0.999999999999205));
#12453=VECTOR('',#17057,1.0);
#12454=PRE_DEFINED_MARKER('');
#12455=COLOUR_RGB('',0.0,0.0,0.0);
#12456=DRAUGHTING_PRE_DEFINED_CURVE_FONT('continuous');
#12457=COLOUR_RGB('',0.87058824300766,0.87058824300766,0.87058824300766);
#12458=CARTESIAN_POINT('',(-6.15000000000034,-3.19999999999999,0.16665));
#12459=VECTOR('',#17058,1.0);
#12460=PRE_DEFINED_MARKER('');
#12461=COLOUR_RGB('',0.0,0.0,0.0);
#12462=DRAUGHTING_PRE_DEFINED_CURVE_FONT('continuous');
#12463=COLOUR_RGB('',0.87058824300766,0.87058824300766,0.87058824300766);
#12464=CARTESIAN_POINT('',(-5.86122065727702,0.753873053989039,-0.16665));
#12465=VECTOR('',#17059,1.0);
#12466=PRE_DEFINED_MARKER('');
#12467=COLOUR_RGB('',0.0,0.0,0.0);
#12468=SURFACE_SIDE_STYLE('',(#17060));
#12469=EDGE_LOOP('',(#17061,#17062,#17063,#17064));
#12470=AXIS2_PLACEMENT_3D('',#17065,#17066,#17067);
#12471=DRAUGHTING_PRE_DEFINED_CURVE_FONT('continuous');
#12472=COLOUR_RGB('',0.0,0.0,0.0);
#12473=CARTESIAN_POINT('',(-2.2699999999992,0.0,0.125));
#12474=VECTOR('',#17068,1.0);
#12475=SURFACE_SIDE_STYLE('',(#17069));
#12476=EDGE_LOOP('',(#17070,#17071,#17072,#17073));
#12477=AXIS2_PLACEMENT_3D('',#17074,#17075,#17076);
#12478=DRAUGHTING_PRE_DEFINED_CURVE_FONT('continuous');
#12479=COLOUR_RGB('',0.0,0.0,0.0);
#12480=CARTESIAN_POINT('',(-5.2575,8.49999999999996,-0.949999999999932));
#12481=VECTOR('',#17077,1.0);
#12482=DRAUGHTING_PRE_DEFINED_CURVE_FONT('continuous');
#12483=COLOUR_RGB('',0.0,0.0,0.0);
#12484=CARTESIAN_POINT('',(-5.35000000000011,0.30221311391666,-0.16665));
#12485=VECTOR('',#17078,1.0);
#12486=DRAUGHTING_PRE_DEFINED_CURVE_FONT('continuous');
#12487=COLOUR_RGB('',0.0,0.0,0.0);
#12488=CARTESIAN_POINT('',(-7.89000000000011,0.740500000000165,-0.999999999999205));
#12489=VECTOR('',#17079,1.0);
#12490=DRAUGHTING_PRE_DEFINED_CURVE_FONT('continuous');
#12491=COLOUR_RGB('',0.0,0.0,0.0);
#12492=CARTESIAN_POINT('',(-4.8099999999992,4.19550000000011,0.450000000000159));
#12493=VECTOR('',#17080,1.0);
#12494=SURFACE_SIDE_STYLE('',(#17081));
#12495=EDGE_LOOP('',(#17082,#17083,#17084,#17085));
#12496=AXIS2_PLACEMENT_3D('',#17086,#17087,#17088);
#12497=DRAUGHTING_PRE_DEFINED_CURVE_FONT('continuous');
#12498=COLOUR_RGB('',0.87058824300766,0.87058824300766,0.87058824300766);
#12499=CARTESIAN_POINT('',(1.75877934272298,0.753873053989039,-0.16665));
#12500=VECTOR('',#17089,1.0);
#12501=PRE_DEFINED_MARKER('');
#12502=COLOUR_RGB('',0.0,0.0,0.0);
#12503=DRAUGHTING_PRE_DEFINED_CURVE_FONT('continuous');
#12504=COLOUR_RGB('',0.0,0.0,0.0);
#12505=CARTESIAN_POINT('',(8.25716666666671,8.18383333333331,-0.633833333333286));
#12506=VECTOR('',#17090,1.0);
#12507=DRAUGHTING_PRE_DEFINED_CURVE_FONT('continuous');
#12508=COLOUR_RGB('',0.0,0.0,0.0);
#12509=CARTESIAN_POINT('',(5.3500000000008,0.740500000000165,0.999999999999887));
#12510=VECTOR('',#17091,1.0);
#12511=DRAUGHTING_PRE_DEFINED_CURVE_FONT('continuous');
#12512=COLOUR_RGB('',0.87058824300766,0.87058824300766,0.87058824300766);
#12513=CARTESIAN_POINT('',(9.20999999999966,-2.54999999999999,0.166650000000001));
#12514=VECTOR('',#17092,1.0);
#12515=DRAUGHTING_PRE_DEFINED_CURVE_FONT('continuous');
#12516=COLOUR_RGB('',0.0,0.0,0.0);
#12517=CARTESIAN_POINT('',(4.85,7.64999999999999,0.450000000000159));
#12518=VECTOR('',#17093,1.0);
#12519=DRAUGHTING_PRE_DEFINED_CURVE_FONT('continuous');
#12520=COLOUR_RGB('',0.87058824300766,0.87058824300766,0.87058824300766);
#12521=CARTESIAN_POINT('',(-8.40122065727702,0.753873053989039,0.166649999999999));
#12522=VECTOR('',#17094,1.0);
#12523=DRAUGHTING_PRE_DEFINED_CURVE_FONT('continuous');
#12524=COLOUR_RGB('',0.0,0.0,0.0);
#12525=CARTESIAN_POINT('',(-6.79999999999993,7.76274999999997,-0.212749999999949));
#12526=VECTOR('',#17095,0.999999999999999);
#12527=PRE_DEFINED_MARKER('');
#12528=COLOUR_RGB('',0.0,0.0,0.0);
#12529=DRAUGHTING_PRE_DEFINED_CURVE_FONT('continuous');
#12530=COLOUR_RGB('',0.0,0.0,0.0);
#12531=CARTESIAN_POINT('',(-2.24499999999997,7.65099999999999,-0.449999999999932));
#12532=VECTOR('',#17096,1.0);
#12533=DRAUGHTING_PRE_DEFINED_CURVE_FONT('continuous');
#12534=COLOUR_RGB('',0.0,0.0,0.0);
#12535=CARTESIAN_POINT('',(7.34999999999989,7.64999999999999,0.525000000000035));
#12536=VECTOR('',#17097,1.0);
#12537=DRAUGHTING_PRE_DEFINED_CURVE_FONT('continuous');
#12538=COLOUR_RGB('',0.87058824300766,0.87058824300766,0.87058824300766);
#12539=CARTESIAN_POINT('',(6.02999999999966,-2.54999999999999,-0.16665));
#12540=VECTOR('',#17098,1.0);
#12541=DRAUGHTING_PRE_DEFINED_CURVE_FONT('continuous');
#12542=COLOUR_RGB('',0.0,0.0,0.0);
#12543=CARTESIAN_POINT('',(-1.30383333333319,7.51716666666661,0.032833333333418));
#12544=VECTOR('',#17099,1.0);
#12545=DRAUGHTING_PRE_DEFINED_CURVE_FONT('continuous');
#12546=COLOUR_RGB('',0.87058824300766,0.87058824300766,0.87058824300766);
#12547=CARTESIAN_POINT('',(-0.95000000000034,-2.54999999999999,-0.16665));
#12548=VECTOR('',#17100,1.0);
#12549=DRAUGHTING_PRE_DEFINED_CURVE_FONT('continuous');
#12550=COLOUR_RGB('',0.0,0.0,0.0);
#12551=CARTESIAN_POINT('',(-7.3499999999992,0.753873053988997,0.833325));
#12552=VECTOR('',#17101,1.0);
#12553=PRE_DEFINED_MARKER('');
#12554=COLOUR_RGB('',0.0,0.0,0.0);
#12555=SURFACE_SIDE_STYLE('',(#17102));
#12556=EDGE_LOOP('',(#17103,#17104,#17105,#17106,#17107,#17108));
#12557=AXIS2_PLACEMENT_3D('',#17109,#17110,#17111);
#12558=PRE_DEFINED_MARKER('');
#12559=COLOUR_RGB('',0.0,0.0,0.0);
#12560=SURFACE_SIDE_STYLE('',(#17112));
#12561=EDGE_LOOP('',(#17113,#17114,#17115,#17116));
#12562=AXIS2_PLACEMENT_3D('',#17117,#17118,#17119);
#12563=PRE_DEFINED_MARKER('');
#12564=COLOUR_RGB('',0.87058824300766,0.87058824300766,0.87058824300766);
#12565=DRAUGHTING_PRE_DEFINED_CURVE_FONT('continuous');
#12566=COLOUR_RGB('',0.0,0.0,0.0);
#12567=CARTESIAN_POINT('',(-7.89000000000011,0.0,0.125));
#12568=VECTOR('',#17120,1.0);
#12569=PRE_DEFINED_MARKER('');
#12570=COLOUR_RGB('',0.0,0.0,0.0);
#12571=PRE_DEFINED_MARKER('');
#12572=COLOUR_RGB('',0.0,0.0,0.0);
#12573=DRAUGHTING_PRE_DEFINED_CURVE_FONT('continuous');
#12574=COLOUR_RGB('',0.0,0.0,0.0);
#12575=CARTESIAN_POINT('',(-2.81000000000011,1.90282814901086,0.833325));
#12576=VECTOR('',#17121,1.0);
#12577=DRAUGHTING_PRE_DEFINED_CURVE_FONT('continuous');
#12578=COLOUR_RGB('',0.0,0.0,0.0);
#12579=CARTESIAN_POINT('',(2.26999999999989,0.30221311391666,-0.16665));
#12580=VECTOR('',#17122,1.0);
#12581=PRE_DEFINED_MARKER('');
#12582=COLOUR_RGB('',0.0,0.0,0.0);
#12583=DRAUGHTING_PRE_DEFINED_CURVE_FONT('continuous');
#12584=COLOUR_RGB('',0.87058824300766,0.87058824300766,0.87058824300766);
#12585=CARTESIAN_POINT('',(9.37877934272298,0.753873053989039,0.166650000000001));
#12586=VECTOR('',#17123,1.0);
#12587=DRAUGHTING_PRE_DEFINED_CURVE_FONT('continuous');
#12588=COLOUR_RGB('',0.0,0.0,0.0);
#12589=CARTESIAN_POINT('',(-2.21899999999995,8.49999999999997,1.375));
#12590=VECTOR('',#17124,1.0);
#12591=PRE_DEFINED_MARKER('');
#12592=COLOUR_RGB('',0.87058824300766,0.87058824300766,0.87058824300766);
#12593=SURFACE_SIDE_STYLE('',(#17125));
#12594=EDGE_LOOP('',(#17126,#17127,#17128,#17129));
#12595=AXIS2_PLACEMENT_3D('',#17130,#17131,#17132);
#12596=DRAUGHTING_PRE_DEFINED_CURVE_FONT('continuous');
#12597=COLOUR_RGB('',0.0,0.0,0.0);
#12598=CARTESIAN_POINT('',(-10.285,0.150000000000006,0.625000000000113));
#12599=VECTOR('',#17133,1.0);
#12600=DRAUGHTING_PRE_DEFINED_CURVE_FONT('continuous');
#12601=COLOUR_RGB('',0.0,0.0,0.0);
#12602=AXIS2_PLACEMENT_3D('',#17134,#17135,#17136);
#12603=DRAUGHTING_PRE_DEFINED_CURVE_FONT('continuous');
#12604=COLOUR_RGB('',0.87058824300766,0.87058824300766,0.87058824300766);
#12605=CARTESIAN_POINT('',(-3.32122065727702,0.753873053989039,0.16665));
#12606=VECTOR('',#17137,1.0);
#12607=PRE_DEFINED_MARKER('');
#12608=COLOUR_RGB('',0.87058824300766,0.87058824300766,0.87058824300766);
#12609=DRAUGHTING_PRE_DEFINED_CURVE_FONT('continuous');
#12610=COLOUR_RGB('',0.0,0.0,0.0);
#12611=CARTESIAN_POINT('',(-9.64,7.68,-0.449999999999932));
#12612=VECTOR('',#17138,1.0);
#12613=PRE_DEFINED_MARKER('');
#12614=COLOUR_RGB('',0.0,0.0,0.0);
#12615=DRAUGHTING_PRE_DEFINED_CURVE_FONT('continuous');
#12616=COLOUR_RGB('',1.0,0.0,0.0);
#12617=CARTESIAN_POINT('',(-8.57,7.68,0.32));
#12618=VECTOR('',#17139,1.0);
#12619=SURFACE_SIDE_STYLE('',(#17140));
#12620=EDGE_LOOP('',(#17141,#17142,#17143,#17144));
#12621=AXIS2_PLACEMENT_3D('',#17145,#17146,#17147);
#12622=SURFACE_SIDE_STYLE('',(#17148));
#12623=EDGE_LOOP('',(#17149,#17150,#17151,#17152));
#12624=AXIS2_PLACEMENT_3D('',#17153,#17154,#17155);
#12625=PRE_DEFINED_MARKER('');
#12626=COLOUR_RGB('',0.87058824300766,0.87058824300766,0.87058824300766);
#12627=PRE_DEFINED_MARKER('');
#12628=COLOUR_RGB('',0.0,0.0,0.0);
#12629=DRAUGHTING_PRE_DEFINED_CURVE_FONT('continuous');
#12630=COLOUR_RGB('',0.87058824300766,0.87058824300766,0.87058824300766);
#12631=CARTESIAN_POINT('',(6.66999999999966,-2.54999999999999,-0.16665));
#12632=VECTOR('',#17156,1.0);
#12633=DRAUGHTING_PRE_DEFINED_CURVE_FONT('continuous');
#12634=COLOUR_RGB('',0.0,0.0,0.0);
#12635=CARTESIAN_POINT('',(9.88999999999989,0.740500000000109,0.999999999999887));
#12636=VECTOR('',#17157,1.0);
#12637=DRAUGHTING_PRE_DEFINED_CURVE_FONT('continuous');
#12638=COLOUR_RGB('',0.0,0.0,0.0);
#12639=CARTESIAN_POINT('',(1.56950000000011,7.8504999999999,0.300500000000106));
#12640=VECTOR('',#17158,1.0);
#12641=PRE_DEFINED_MARKER('');
#12642=COLOUR_RGB('',0.0,0.0,0.0);
#12643=DRAUGHTING_PRE_DEFINED_CURVE_FONT('continuous');
#12644=COLOUR_RGB('',0.0,0.0,0.0);
#12645=CARTESIAN_POINT('',(-8.19,7.6375,0.450000000000159));
#12646=VECTOR('',#17159,1.0);
#12647=PRE_DEFINED_MARKER('');
#12648=COLOUR_RGB('',0.0,0.0,0.0);
#12649=PRE_DEFINED_MARKER('');
#12650=COLOUR_RGB('',0.0,0.0,0.0);
#12651=DRAUGHTING_PRE_DEFINED_CURVE_FONT('continuous');
#12652=COLOUR_RGB('',0.0,0.0,0.0);
#12653=CARTESIAN_POINT('',(7.34999999999989,0.670499999999941,0.624999999999983));
#12654=VECTOR('',#17160,1.0);
#12655=DRAUGHTING_PRE_DEFINED_CURVE_FONT('continuous');
#12656=COLOUR_RGB('',0.0,0.0,0.0);
#12657=CARTESIAN_POINT('',(1.72000000000016,7.65099999999999,1.5));
#12658=VECTOR('',#17161,1.0);
#12659=PRE_DEFINED_MARKER('');
#12660=COLOUR_RGB('',0.0,0.0,0.0);
#12661=DRAUGHTING_PRE_DEFINED_CURVE_FONT('continuous');
#12662=COLOUR_RGB('',0.0,0.0,0.0);
#12663=AXIS2_PLACEMENT_3D('',#17162,#17163,#17164);
#12664=PRE_DEFINED_MARKER('');
#12665=COLOUR_RGB('',0.0,0.0,0.0);
#12666=DRAUGHTING_PRE_DEFINED_CURVE_FONT('continuous');
#12667=COLOUR_RGB('',0.0,0.0,0.0);
#12668=CARTESIAN_POINT('',(-3.35999999999984,7.67524999999998,-0.125249999999958));
#12669=VECTOR('',#17165,0.999999999999999);
#12670=SURFACE_SIDE_STYLE('',(#17166));
#12671=EDGE_LOOP('',(#17167,#17168,#17169,#17170));
#12672=AXIS2_PLACEMENT_3D('',#17171,#17172,#17173);
#12673=DRAUGHTING_PRE_DEFINED_CURVE_FONT('continuous');
#12674=COLOUR_RGB('',0.87058824300766,0.87058824300766,0.87058824300766);
#12675=CARTESIAN_POINT('',(-1.47000000000034,-3.19999999999999,0.16665));
#12676=VECTOR('',#17174,0.999999999999999);
#12677=DRAUGHTING_PRE_DEFINED_CURVE_FONT('continuous');
#12678=COLOUR_RGB('',0.87058824300766,0.87058824300766,0.87058824300766);
#12679=CARTESIAN_POINT('',(4.29877934272298,0.753873053989039,0.16665));
#12680=VECTOR('',#17175,1.0);
#12681=DRAUGHTING_PRE_DEFINED_CURVE_FONT('continuous');
#12682=COLOUR_RGB('',0.0,0.0,0.0);
#12683=CARTESIAN_POINT('',(-2.7175,0.0,0.999999999999886));
#12684=VECTOR('',#17176,1.0);
#12685=PRE_DEFINED_MARKER('');
#12686=COLOUR_RGB('',0.0,0.0,0.0);
#12687=DRAUGHTING_PRE_DEFINED_CURVE_FONT('continuous');
#12688=COLOUR_RGB('',0.0,0.0,0.0);
#12689=CARTESIAN_POINT('',(-1.71999999999993,8.26274999999992,0.712750000000119));
#12690=VECTOR('',#17177,0.999999999999999);
#12691=DRAUGHTING_PRE_DEFINED_CURVE_FONT('continuous');
#12692=COLOUR_RGB('',0.0,0.0,0.0);
#12693=CARTESIAN_POINT('',(-7.89000000000011,0.445500000000107,-0.625));
#12694=VECTOR('',#17178,1.0);
#12695=DRAUGHTING_PRE_DEFINED_CURVE_FONT('continuous');
#12696=COLOUR_RGB('',0.87058824300766,0.87058824300766,0.87058824300766);
#12697=CARTESIAN_POINT('',(6.14999999999966,-3.19999999999999,0.16665));
#12698=VECTOR('',#17179,1.0);
#12699=PRE_DEFINED_MARKER('');
#12700=COLOUR_RGB('',0.0,0.0,0.0);
#12701=DRAUGHTING_PRE_DEFINED_CURVE_FONT('continuous');
#12702=COLOUR_RGB('',0.0,0.0,0.0);
#12703=CARTESIAN_POINT('',(-5.35000000000011,7.64999999999999,1.24999999999994));
#12704=VECTOR('',#17180,1.0);
#12705=PRE_DEFINED_MARKER('');
#12706=COLOUR_RGB('',0.0,0.0,0.0);
#12707=SURFACE_SIDE_STYLE('',(#17181));
#12708=EDGE_LOOP('',(#17182,#17183,#17184,#17185,#17186,#17187,#17188,#17189));
#12709=AXIS2_PLACEMENT_3D('',#17190,#17191,#17192);
#12710=PRE_DEFINED_MARKER('');
#12711=COLOUR_RGB('',0.0,0.0,0.0);
#12712=PRE_DEFINED_MARKER('');
#12713=COLOUR_RGB('',0.0,0.0,0.0);
#12714=DRAUGHTING_PRE_DEFINED_CURVE_FONT('continuous');
#12715=COLOUR_RGB('',0.0,0.0,0.0);
#12716=CARTESIAN_POINT('',(-7.31616666666658,8.51716666666661,0.967166666666809));
#12717=VECTOR('',#17193,1.0);
#12718=DRAUGHTING_PRE_DEFINED_CURVE_FONT('continuous');
#12719=COLOUR_RGB('',0.87058824300766,0.87058824300766,0.87058824300766);
#12720=CARTESIAN_POINT('',(-7.66959917857106,1.90282814901086,0.16665));
#12721=VECTOR('',#17194,1.0);
#12722=SURFACE_SIDE_STYLE('',(#17195));
#12723=EDGE_LOOP('',(#17196,#17197,#17198,#17199));
#12724=AXIS2_PLACEMENT_3D('',#17200,#17201,#17202);
#12725=DRAUGHTING_PRE_DEFINED_CURVE_FONT('continuous');
#12726=COLOUR_RGB('',0.0,0.0,0.0);
#12727=CARTESIAN_POINT('',(2.26999999999989,0.30221311391666,0.16665));
#12728=VECTOR('',#17203,1.0);
#12729=PRE_DEFINED_MARKER('');
#12730=COLOUR_RGB('',0.0,0.0,0.0);
#12731=PRE_DEFINED_MARKER('');
#12732=COLOUR_RGB('',0.0,0.0,0.0);
#12733=DRAUGHTING_PRE_DEFINED_CURVE_FONT('continuous');
#12734=COLOUR_RGB('',0.0,0.0,0.0);
#12735=CARTESIAN_POINT('',(-9.8899999999992,7.64999999999999,0.525000000000034));
#12736=VECTOR('',#17204,1.0);
#12737=PRE_DEFINED_MARKER('');
#12738=COLOUR_RGB('',0.87058824300766,0.87058824300766,0.87058824300766);
#12739=SURFACE_SIDE_STYLE('',(#17205));
#12740=EDGE_LOOP('',(#17206,#17207,#17208,#17209));
#12741=AXIS2_PLACEMENT_3D('',#17210,#17211,#17212);
#12742=PRE_DEFINED_MARKER('');
#12743=COLOUR_RGB('',0.0,0.0,0.0);
#12744=DRAUGHTING_PRE_DEFINED_CURVE_FONT('continuous');
#12745=COLOUR_RGB('',0.0,0.0,0.0);
#12746=CARTESIAN_POINT('',(3.36000000000007,8.00099999999996,1.5));
#12747=VECTOR('',#17213,1.0);
#12748=DRAUGHTING_PRE_DEFINED_CURVE_FONT('continuous');
#12749=COLOUR_RGB('',0.0,0.0,0.0);
#12750=CARTESIAN_POINT('',(-4.06000000000006,7.65099999999999,-0.449999999999932));
#12751=VECTOR('',#17214,1.0);
#12752=PRE_DEFINED_MARKER('');
#12753=COLOUR_RGB('',0.0,0.0,0.0);
#12754=SURFACE_SIDE_STYLE('',(#17215));
#12755=EDGE_LOOP('',(#17216,#17217,#17218,#17219));
#12756=AXIS2_PLACEMENT_3D('',#17220,#17221,#17222);
#12757=SURFACE_SIDE_STYLE('',(#17223));
#12758=EDGE_LOOP('',(#17224,#17225,#17226,#17227));
#12759=AXIS2_PLACEMENT_3D('',#17228,#17229,#17230);
#12760=SURFACE_SIDE_STYLE('',(#17231));
#12761=EDGE_LOOP('',(#17232,#17233,#17234,#17235));
#12762=AXIS2_PLACEMENT_3D('',#17236,#17237,#17238);
#12763=DRAUGHTING_PRE_DEFINED_CURVE_FONT('continuous');
#12764=COLOUR_RGB('',0.0,0.0,0.0);
#12765=CARTESIAN_POINT('',(-5.35000000000011,0.740500000000165,-0.999999999999205));
#12766=VECTOR('',#17239,1.0);
#12767=DRAUGHTING_PRE_DEFINED_CURVE_FONT('continuous');
#12768=COLOUR_RGB('',0.0,0.0,0.0);
#12769=CARTESIAN_POINT('',(-10.285,0.0,1.25));
#12770=VECTOR('',#17240,1.0);
#12771=PRE_DEFINED_MARKER('');
#12772=COLOUR_RGB('',0.0,0.0,0.0);
#12773=PRE_DEFINED_MARKER('');
#12774=COLOUR_RGB('',0.87058824300766,0.87058824300766,0.87058824300766);
#12775=DRAUGHTING_PRE_DEFINED_CURVE_FONT('continuous');
#12776=COLOUR_RGB('',1.0,0.0,0.0);
#12777=CARTESIAN_POINT('',(-8.89,7.57,-0.7));
#12778=VECTOR('',#17241,1.0);
#12779=PRE_DEFINED_MARKER('');
#12780=COLOUR_RGB('',0.0,0.0,0.0);
#12781=DRAUGHTING_PRE_DEFINED_CURVE_FONT('continuous');
#12782=COLOUR_RGB('',0.0,0.0,0.0);
#12783=CARTESIAN_POINT('',(2.31,7.64999999999999,-1.00000000000011));
#12784=VECTOR('',#17242,1.0);
#12785=PRE_DEFINED_MARKER('');
#12786=COLOUR_RGB('',0.0,0.0,0.0);
#12787=DRAUGHTING_PRE_DEFINED_CURVE_FONT('continuous');
#12788=COLOUR_RGB('',0.87058824300766,0.87058824300766,0.87058824300766);
#12789=CARTESIAN_POINT('',(1.58999999999966,0.58720638732241,0.16665));
#12790=VECTOR('',#17243,1.0);
#12791=SURFACE_SIDE_STYLE('',(#17244));
#12792=EDGE_LOOP('',(#17245,#17246,#17247,#17248));
#12793=AXIS2_PLACEMENT_3D('',#17249,#17250,#17251);
#12794=DRAUGHTING_PRE_DEFINED_CURVE_FONT('continuous');
#12795=COLOUR_RGB('',0.87058824300766,0.87058824300766,0.87058824300766);
#12796=CARTESIAN_POINT('',(-9.09000000000034,-3.19999999999999,-0.166650000000001));
#12797=VECTOR('',#17252,0.999999999999999);
#12798=DRAUGHTING_PRE_DEFINED_CURVE_FONT('continuous');
#12799=COLOUR_RGB('',0.0,0.0,0.0);
#12800=CARTESIAN_POINT('',(10.285,0.150000000000006,0.625000000000114));
#12801=VECTOR('',#17253,1.0);
#12802=DRAUGHTING_PRE_DEFINED_CURVE_FONT('continuous');
#12803=COLOUR_RGB('',0.0,0.0,0.0);
#12804=CARTESIAN_POINT('',(-6.79999999999993,8.00099999999996,1.5));
#12805=VECTOR('',#17254,1.0);
#12806=SURFACE_SIDE_STYLE('',(#17255));
#12807=EDGE_LOOP('',(#17256,#17257,#17258,#17259));
#12808=AXIS2_PLACEMENT_3D('',#17260,#17261,#17262);
#12809=DRAUGHTING_PRE_DEFINED_CURVE_FONT('continuous');
#12810=COLOUR_RGB('',0.0,0.0,0.0);
#12811=CARTESIAN_POINT('',(7.92383333333342,8.51716666666661,0.96716666666681));
#12812=VECTOR('',#17263,1.0);
#12813=SURFACE_SIDE_STYLE('',(#17264));
#12814=EDGE_LOOP('',(#17265,#17266,#17267,#17268));
#12815=AXIS2_PLACEMENT_3D('',#17269,#17270,#17271);
#12816=PRE_DEFINED_MARKER('');
#12817=COLOUR_RGB('',0.87058824300766,0.87058824300766,0.87058824300766);
#12818=DRAUGHTING_PRE_DEFINED_CURVE_FONT('continuous');
#12819=COLOUR_RGB('',0.0,0.0,0.0);
#12820=CARTESIAN_POINT('',(2.83500000000003,7.65099999999999,-0.449999999999932));
#12821=VECTOR('',#17272,1.0);
#12822=DRAUGHTING_PRE_DEFINED_CURVE_FONT('continuous');
#12823=COLOUR_RGB('',0.0,0.0,0.0);
#12824=CARTESIAN_POINT('',(-10.285,0.150000000000006,0.625000000000113));
#12825=VECTOR('',#17273,1.0);
#12826=SURFACE_SIDE_STYLE('',(#17274));
#12827=EDGE_LOOP('',(#17275,#17276,#17277,#17278));
#12828=AXIS2_PLACEMENT_3D('',#17279,#17280,#17281);
#12829=DRAUGHTING_PRE_DEFINED_CURVE_FONT('continuous');
#12830=COLOUR_RGB('',0.0,0.0,0.0);
#12831=CARTESIAN_POINT('',(-0.270000000000113,0.740500000000165,-0.999999999999204));
#12832=VECTOR('',#17282,1.0);
#12833=DRAUGHTING_PRE_DEFINED_CURVE_FONT('continuous');
#12834=COLOUR_RGB('',0.0,0.0,0.0);
#12835=CARTESIAN_POINT('',(9.34000000000016,7.65049999999999,0.45000000000016));
#12836=VECTOR('',#17283,1.0);
#12837=DRAUGHTING_PRE_DEFINED_CURVE_FONT('continuous');
#12838=COLOUR_RGB('',0.0,0.0,0.0);
#12839=CARTESIAN_POINT('',(-2.2699999999992,0.302213113916717,-0.16665));
#12840=VECTOR('',#17284,1.0);
#12841=SURFACE_SIDE_STYLE('',(#17285));
#12842=EDGE_LOOP('',(#17286,#17287,#17288,#17289,#17290,#17291,#17292,#17293));
#12843=AXIS2_PLACEMENT_3D('',#17294,#17295,#17296);
#12844=SURFACE_SIDE_STYLE('',(#17297));
#12845=EDGE_LOOP('',(#17298,#17299,#17300,#17301));
#12846=AXIS2_PLACEMENT_3D('',#17302,#17303,#17304);
#12847=DRAUGHTING_PRE_DEFINED_CURVE_FONT('continuous');
#12848=COLOUR_RGB('',0.87058824300766,0.87058824300766,0.87058824300766);
#12849=CARTESIAN_POINT('',(8.40122065727702,0.753873053988883,0.16665));
#12850=VECTOR('',#17305,1.0);
#12851=DRAUGHTING_PRE_DEFINED_CURVE_FONT('continuous');
#12852=COLOUR_RGB('',0.0,0.0,0.0);
#12853=CARTESIAN_POINT('',(-7.3499999999992,0.599999999999994,0.4375));
#12854=VECTOR('',#17306,1.0);
#12855=DRAUGHTING_PRE_DEFINED_CURVE_FONT('continuous');
#12856=COLOUR_RGB('',0.0,0.0,0.0);
#12857=CARTESIAN_POINT('',(-5.35000000000011,4.37050000000003,-0.449999999999932));
#12858=VECTOR('',#17307,1.0);
#12859=SURFACE_SIDE_STYLE('',(#17308));
#12860=EDGE_LOOP('',(#17309,#17310,#17311,#17312));
#12861=EDGE_LOOP('',(#17313,#17314,#17315,#17316,#17317,#17318,#17319,#17320,#17321,#17322,#17323,#17324,#17325,#17326));
#12862=AXIS2_PLACEMENT_3D('',#17327,#17328,#17329);
#12863=DRAUGHTING_PRE_DEFINED_CURVE_FONT('continuous');
#12864=COLOUR_RGB('',0.87058824300766,0.87058824300766,0.87058824300766);
#12865=AXIS2_PLACEMENT_3D('',#17330,#17331,#17332);
#12866=DRAUGHTING_PRE_DEFINED_CURVE_FONT('continuous');
#12867=COLOUR_RGB('',0.0,0.0,0.0);
#12868=AXIS2_PLACEMENT_3D('',#17333,#17334,#17335);
#12869=DRAUGHTING_PRE_DEFINED_CURVE_FONT('continuous');
#12870=COLOUR_RGB('',0.0,0.0,0.0);
#12871=CARTESIAN_POINT('',(-10.285,0.0,-0.775000000000092));
#12872=VECTOR('',#17336,1.0);
#12873=DRAUGHTING_PRE_DEFINED_CURVE_FONT('continuous');
#12874=COLOUR_RGB('',0.0,0.0,0.0);
#12875=CARTESIAN_POINT('',(-7.3499999999992,0.0,1.13750000000005));
#12876=VECTOR('',#17337,1.0);
#12877=PRE_DEFINED_MARKER('');
#12878=COLOUR_RGB('',0.0,0.0,0.0);
#12879=PRE_DEFINED_MARKER('');
#12880=COLOUR_RGB('',0.87058824300766,0.87058824300766,0.87058824300766);
#12881=DRAUGHTING_PRE_DEFINED_CURVE_FONT('continuous');
#12882=COLOUR_RGB('',0.0,0.0,0.0);
#12883=CARTESIAN_POINT('',(5.3500000000008,0.302213113916717,-0.16665));
#12884=VECTOR('',#17338,1.0);
#12885=SURFACE_SIDE_STYLE('',(#17339));
#12886=EDGE_LOOP('',(#17340,#17341,#17342,#17343));
#12887=AXIS2_PLACEMENT_3D('',#17344,#17345,#17346);
#12888=DRAUGHTING_PRE_DEFINED_CURVE_FONT('continuous');
#12889=COLOUR_RGB('',0.0,0.0,0.0);
#12890=CARTESIAN_POINT('',(-7.3499999999992,0.740500000000165,0.999999999999886));
#12891=VECTOR('',#17347,1.0);
#12892=PRE_DEFINED_MARKER('');
#12893=COLOUR_RGB('',0.0,0.0,0.0);
#12894=DRAUGHTING_PRE_DEFINED_CURVE_FONT('continuous');
#12895=COLOUR_RGB('',0.0,0.0,0.0);
#12896=CARTESIAN_POINT('',(7.34999999999989,7.64999999999999,1.24999999999994));
#12897=VECTOR('',#17348,1.0);
#12898=DRAUGHTING_PRE_DEFINED_CURVE_FONT('continuous');
#12899=COLOUR_RGB('',0.87058824300766,0.87058824300766,0.87058824300766);
#12900=CARTESIAN_POINT('',(1.75877934272298,0.753873053989039,0.16665));
#12901=VECTOR('',#17349,1.0);
#12902=DRAUGHTING_PRE_DEFINED_CURVE_FONT('continuous');
#12903=COLOUR_RGB('',0.87058824300766,0.87058824300766,0.87058824300766);
#12904=CARTESIAN_POINT('',(8.68999999999966,-3.19999999999999,-0.166649999999999));
#12905=VECTOR('',#17350,0.999999999999999);
#12906=DRAUGHTING_PRE_DEFINED_CURVE_FONT('continuous');
#12907=COLOUR_RGB('',0.0,0.0,0.0);
#12908=AXIS2_PLACEMENT_3D('',#17351,#17352,#17353);
#12909=DRAUGHTING_PRE_DEFINED_CURVE_FONT('continuous');
#12910=COLOUR_RGB('',0.0,0.0,0.0);
#12911=CARTESIAN_POINT('',(-10.3375,8.49999999999996,-0.949999999999932));
#12912=VECTOR('',#17354,1.0);
#12913=PRE_DEFINED_MARKER('');
#12914=COLOUR_RGB('',0.0,0.0,0.0);
#12915=DRAUGHTING_PRE_DEFINED_CURVE_FONT('continuous');
#12916=COLOUR_RGB('',0.87058824300766,0.87058824300766,0.87058824300766);
#12917=CARTESIAN_POINT('',(-0.95000000000034,0.58720638732241,0.16665));
#12918=VECTOR('',#17355,1.0);
#12919=PRE_DEFINED_MARKER('');
#12920=COLOUR_RGB('',0.0,0.0,0.0);
#12921=DRAUGHTING_PRE_DEFINED_CURVE_FONT('continuous');
#12922=COLOUR_RGB('',0.0,0.0,0.0);
#12923=CARTESIAN_POINT('',(-1.52000000000006,7.65099999999999,-0.449999999999932));
#12924=VECTOR('',#17356,1.0);
#12925=PRE_DEFINED_MARKER('');
#12926=COLOUR_RGB('',0.0,0.0,0.0);
#12927=DRAUGHTING_PRE_DEFINED_CURVE_FONT('continuous');
#12928=COLOUR_RGB('',0.87058824300766,0.87058824300766,0.87058824300766);
#12929=CARTESIAN_POINT('',(-5.86122065727702,0.753873053989039,0.16665));
#12930=VECTOR('',#17357,1.0);
#12931=DRAUGHTING_PRE_DEFINED_CURVE_FONT('continuous');
#12932=COLOUR_RGB('',0.0,0.0,0.0);
#12933=CARTESIAN_POINT('',(-0.819999999999841,7.65099999999999,1.5));
#12934=VECTOR('',#17358,1.0);
#12935=PRE_DEFINED_MARKER('');
#12936=COLOUR_RGB('',1.0,0.0,0.0);
#12937=SURFACE_SIDE_STYLE('',(#17359));
#12938=EDGE_LOOP('',(#17360,#17361,#17362,#17363));
#12939=EDGE_LOOP('',(#17364,#17365,#17366,#17367,#17368,#17369,#17370,#17371,#17372,#17373,#17374,#17375,#17376,#17377));
#12940=AXIS2_PLACEMENT_3D('',#17378,#17379,#17380);
#12941=PRE_DEFINED_MARKER('');
#12942=COLOUR_RGB('',0.0,0.0,0.0);
#12943=PRE_DEFINED_MARKER('');
#12944=COLOUR_RGB('',0.0,0.0,0.0);
#12945=PRE_DEFINED_MARKER('');
#12946=COLOUR_RGB('',0.0,0.0,0.0);
#12947=PRE_DEFINED_MARKER('');
#12948=COLOUR_RGB('',0.0,0.0,0.0);
#12949=DRAUGHTING_PRE_DEFINED_CURVE_FONT('continuous');
#12950=COLOUR_RGB('',0.0,0.0,0.0);
#12951=CARTESIAN_POINT('',(2.84383333333341,8.51716666666661,0.96716666666681));
#12952=VECTOR('',#17381,1.0);
#12953=SURFACE_SIDE_STYLE('',(#17382));
#12954=EDGE_LOOP('',(#17383,#17384,#17385,#17386));
#12955=AXIS2_PLACEMENT_3D('',#17387,#17388,#17389);
#12956=DRAUGHTING_PRE_DEFINED_CURVE_FONT('continuous');
#12957=COLOUR_RGB('',0.0,0.0,0.0);
#12958=CARTESIAN_POINT('',(-9.8899999999992,0.302213113916717,0.166649999999999));
#12959=VECTOR('',#17390,1.0);
#12960=DRAUGHTING_PRE_DEFINED_CURVE_FONT('continuous');
#12961=COLOUR_RGB('',0.0,0.0,0.0);
#12962=CARTESIAN_POINT('',(4.80999999999989,1.90282814901086,0.833325));
#12963=VECTOR('',#17391,1.0);
#12964=PRE_DEFINED_MARKER('');
#12965=COLOUR_RGB('',0.0,0.0,0.0);
#12966=PRE_DEFINED_MARKER('');
#12967=COLOUR_RGB('',0.0,0.0,0.0);
#12968=DRAUGHTING_PRE_DEFINED_CURVE_FONT('continuous');
#12969=COLOUR_RGB('',0.0,0.0,0.0);
#12970=AXIS2_PLACEMENT_3D('',#17392,#17393,#17394);
#12971=SURFACE_SIDE_STYLE('',(#17395));
#12972=EDGE_LOOP('',(#17396,#17397,#17398,#17399,#17400,#17401));
#12973=AXIS2_PLACEMENT_3D('',#17402,#17403,#17404);
#12974=PRE_DEFINED_MARKER('');
#12975=COLOUR_RGB('',0.0,0.0,0.0);
#12976=DRAUGHTING_PRE_DEFINED_CURVE_FONT('continuous');
#12977=COLOUR_RGB('',0.87058824300766,0.87058824300766,0.87058824300766);
#12978=CARTESIAN_POINT('',(-8.57000000000034,0.58720638732241,0.166649999999999));
#12979=VECTOR('',#17405,1.0);
#12980=DRAUGHTING_PRE_DEFINED_CURVE_FONT('continuous');
#12981=COLOUR_RGB('',0.0,0.0,0.0);
#12982=CARTESIAN_POINT('',(-10.285,0.0,1.25));
#12983=VECTOR('',#17406,1.0);
#12984=SURFACE_SIDE_STYLE('',(#17407));
#12985=EDGE_LOOP('',(#17408,#17409,#17410,#17411));
#12986=AXIS2_PLACEMENT_3D('',#17412,#17413,#17414);
#12987=DRAUGHTING_PRE_DEFINED_CURVE_FONT('continuous');
#12988=COLOUR_RGB('',0.87058824300766,0.87058824300766,0.87058824300766);
#12989=CARTESIAN_POINT('',(-9.21000000000034,-2.54999999999999,-0.166650000000001));
#12990=VECTOR('',#17415,1.0);
#12991=DRAUGHTING_PRE_DEFINED_CURVE_FONT('continuous');
#12992=COLOUR_RGB('',0.87058824300766,0.87058824300766,0.87058824300766);
#12993=AXIS2_PLACEMENT_3D('',#17416,#17417,#17418);
#12994=DRAUGHTING_PRE_DEFINED_CURVE_FONT('continuous');
#12995=COLOUR_RGB('',0.0,0.0,0.0);
#12996=CARTESIAN_POINT('',(-9.8899999999992,0.0,0.124999999999999));
#12997=VECTOR('',#17419,1.0);
#12998=SURFACE_SIDE_STYLE('',(#17420));
#12999=EDGE_LOOP('',(#17421,#17422,#17423,#17424,#17425,#17426,#17427,#17428,#17429,#17430,#17431,#17432,#17433,#17434,#17435,#17436,#17437,#17438,#17439,#17440,#17441,#17442,#17443,#17444,#17445,#17446,#17447,#17448,#17449,#17450,#17451,#17452,#17453,#17454,#17455,#17456));
#13000=AXIS2_PLACEMENT_3D('',#17457,#17458,#17459);
#13001=DRAUGHTING_PRE_DEFINED_CURVE_FONT('continuous');
#13002=COLOUR_RGB('',0.0,0.0,0.0);
#13003=CARTESIAN_POINT('',(4.85,7.64999999999999,-1.00000000000011));
#13004=VECTOR('',#17460,1.0);
#13005=PRE_DEFINED_MARKER('');
#13006=COLOUR_RGB('',0.0,0.0,0.0);
#13007=PRE_DEFINED_MARKER('');
#13008=COLOUR_RGB('',0.87058824300766,0.87058824300766,0.87058824300766);
#13009=DRAUGHTING_PRE_DEFINED_CURVE_FONT('continuous');
#13010=COLOUR_RGB('',0.0,0.0,0.0);
#13011=CARTESIAN_POINT('',(-5.31,7.64999999999999,-0.449999999999932));
#13012=VECTOR('',#17461,1.0);
#13013=SURFACE_SIDE_STYLE('',(#17462));
#13014=EDGE_LOOP('',(#17463,#17464,#17465,#17466));
#13015=AXIS2_PLACEMENT_3D('',#17467,#17468,#17469);
#13016=DRAUGHTING_PRE_DEFINED_CURVE_FONT('continuous');
#13017=COLOUR_RGB('',0.87058824300766,0.87058824300766,0.87058824300766);
#13018=CARTESIAN_POINT('',(1.46999999999966,-3.19999999999999,0.16665));
#13019=VECTOR('',#17470,1.0);
#13020=DRAUGHTING_PRE_DEFINED_CURVE_FONT('continuous');
#13021=COLOUR_RGB('',0.0,0.0,0.0);
#13022=CARTESIAN_POINT('',(7.8900000000008,1.90282814901086,0.833325));
#13023=VECTOR('',#17471,1.0);
#13024=SURFACE_SIDE_STYLE('',(#17472));
#13025=EDGE_LOOP('',(#17473,#17474,#17475,#17476));
#13026=AXIS2_PLACEMENT_3D('',#17477,#17478,#17479);
#13027=SURFACE_SIDE_STYLE('',(#17480));
#13028=EDGE_LOOP('',(#17481,#17482,#17483,#17484));
#13029=AXIS2_PLACEMENT_3D('',#17485,#17486,#17487);
#13030=DRAUGHTING_PRE_DEFINED_CURVE_FONT('continuous');
#13031=COLOUR_RGB('',0.0,0.0,0.0);
#13032=CARTESIAN_POINT('',(-8.19,7.81249999999998,-0.449999999999932));
#13033=VECTOR('',#17488,1.0);
#13034=DRAUGHTING_PRE_DEFINED_CURVE_FONT('continuous');
#13035=COLOUR_RGB('',0.87058824300766,0.87058824300766,0.87058824300766);
#13036=CARTESIAN_POINT('',(-1.47000000000034,-3.19999999999999,-0.16665));
#13037=VECTOR('',#17489,0.999999999999999);
#13038=DRAUGHTING_PRE_DEFINED_CURVE_FONT('continuous');
#13039=COLOUR_RGB('',0.87058824300766,0.87058824300766,0.87058824300766);
#13040=CARTESIAN_POINT('',(-8.57000000000034,-2.54999999999999,0.166649999999999));
#13041=VECTOR('',#17490,1.0);
#13042=PRE_DEFINED_MARKER('');
#13043=COLOUR_RGB('',0.0,0.0,0.0);
#13044=DRAUGHTING_PRE_DEFINED_CURVE_FONT('continuous');
#13045=COLOUR_RGB('',1.0,0.0,0.0);
#13046=CARTESIAN_POINT('',(-8.89,7.57,0.7));
#13047=VECTOR('',#17491,1.0);
#13048=DRAUGHTING_PRE_DEFINED_CURVE_FONT('continuous');
#13049=COLOUR_RGB('',0.87058824300766,0.87058824300766,0.87058824300766);
#13050=CARTESIAN_POINT('',(-1.75877934272298,0.753873053988997,-0.16665));
#13051=VECTOR('',#17492,1.0);
#13052=DRAUGHTING_PRE_DEFINED_CURVE_FONT('continuous');
#13053=COLOUR_RGB('',0.0,0.0,0.0);
#13054=CARTESIAN_POINT('',(8.44000000000007,8.00099999999996,1.5));
#13055=VECTOR('',#17493,1.0);
#13056=DRAUGHTING_PRE_DEFINED_CURVE_FONT('continuous');
#13057=COLOUR_RGB('',0.0,0.0,0.0);
#13058=CARTESIAN_POINT('',(2.31,7.99999999999996,-0.449999999999932));
#13059=VECTOR('',#17494,1.0);
#13060=SURFACE_SIDE_STYLE('',(#17495));
#13061=EDGE_LOOP('',(#17496,#17497,#17498,#17499));
#13062=AXIS2_PLACEMENT_3D('',#17500,#17501,#17502);
#13063=PRE_DEFINED_MARKER('');
#13064=COLOUR_RGB('',0.87058824300766,0.87058824300766,0.87058824300766);
#13065=DRAUGHTING_PRE_DEFINED_CURVE_FONT('continuous');
#13066=COLOUR_RGB('',0.0,0.0,0.0);
#13067=CARTESIAN_POINT('',(-1.4475,8.49999999999997,0.950000000000173));
#13068=VECTOR('',#17503,1.0);
#13069=PRE_DEFINED_MARKER('');
#13070=COLOUR_RGB('',0.87058824300766,0.87058824300766,0.87058824300766);
#13071=DRAUGHTING_PRE_DEFINED_CURVE_FONT('continuous');
#13072=COLOUR_RGB('',0.0,0.0,0.0);
#13073=CARTESIAN_POINT('',(-10.285,0.0,0.77500000000009));
#13074=VECTOR('',#17504,1.0);
#13075=PRE_DEFINED_MARKER('');
#13076=COLOUR_RGB('',0.0,0.0,0.0);
#13077=DRAUGHTING_PRE_DEFINED_CURVE_FONT('continuous');
#13078=COLOUR_RGB('',0.0,0.0,0.0);
#13079=CARTESIAN_POINT('',(0.270000000000795,0.599999999999994,0.4375));
#13080=VECTOR('',#17505,1.0);
#13081=DRAUGHTING_PRE_DEFINED_CURVE_FONT('continuous');
#13082=COLOUR_RGB('',0.0,0.0,0.0);
#13083=CARTESIAN_POINT('',(0.820000000000068,7.65099999999999,1.5));
#13084=VECTOR('',#17506,1.0);
#13085=DRAUGHTING_PRE_DEFINED_CURVE_FONT('continuous');
#13086=COLOUR_RGB('',1.0,0.0,0.0);
#13087=CARTESIAN_POINT('',(-9.59,7.625,0.7));
#13088=VECTOR('',#17507,1.0);
#13089=PRE_DEFINED_MARKER('');
#13090=COLOUR_RGB('',0.0,0.0,0.0);
#13091=DRAUGHTING_PRE_DEFINED_CURVE_FONT('continuous');
#13092=COLOUR_RGB('',0.0,0.0,0.0);
#13093=CARTESIAN_POINT('',(-4.25999999999993,7.82549999999997,0.450000000000159));
#13094=VECTOR('',#17508,1.0);
#13095=PRE_DEFINED_MARKER('');
#13096=COLOUR_RGB('',0.0,0.0,0.0);
#13097=DRAUGHTING_PRE_DEFINED_CURVE_FONT('continuous');
#13098=COLOUR_RGB('',0.0,0.0,0.0);
#13099=CARTESIAN_POINT('',(-7.85,7.99999999999996,-0.449999999999932));
#13100=VECTOR('',#17509,1.0);
#13101=PRE_DEFINED_MARKER('');
#13102=COLOUR_RGB('',0.0,0.0,0.0);
#13103=DRAUGHTING_PRE_DEFINED_CURVE_FONT('continuous');
#13104=COLOUR_RGB('',0.87058824300766,0.87058824300766,0.87058824300766);
#13105=CARTESIAN_POINT('',(-5.12959917857106,1.90282814901086,-0.16665));
#13106=VECTOR('',#17510,1.0);
#13107=SURFACE_SIDE_STYLE('',(#17511));
#13108=EDGE_LOOP('',(#17512,#17513,#17514,#17515,#17516,#17517,#17518,#17519));
#13109=AXIS2_PLACEMENT_3D('',#17520,#17521,#17522);
#13110=DRAUGHTING_PRE_DEFINED_CURVE_FONT('continuous');
#13111=COLOUR_RGB('',0.0,0.0,0.0);
#13112=CARTESIAN_POINT('',(-2.81000000000011,0.599999999999994,0.4375));
#13113=VECTOR('',#17523,1.0);
#13114=DRAUGHTING_PRE_DEFINED_CURVE_FONT('continuous');
#13115=COLOUR_RGB('',0.0,0.0,0.0);
#13116=CARTESIAN_POINT('',(-9.33999999999993,8.00099999999996,1.5));
#13117=VECTOR('',#17524,1.0);
#13118=DRAUGHTING_PRE_DEFINED_CURVE_FONT('continuous');
#13119=COLOUR_RGB('',0.87058824300766,0.87058824300766,0.87058824300766);
#13120=CARTESIAN_POINT('',(-0.781220657277022,0.753873053989039,-0.16665));
#13121=VECTOR('',#17525,1.0);
#13122=DRAUGHTING_PRE_DEFINED_CURVE_FONT('continuous');
#13123=COLOUR_RGB('',0.87058824300766,0.87058824300766,0.87058824300766);
#13124=CARTESIAN_POINT('',(9.20999999999966,-2.54999999999999,0.166650000000001));
#13125=VECTOR('',#17526,1.0);
#13126=DRAUGHTING_PRE_DEFINED_CURVE_FONT('continuous');
#13127=COLOUR_RGB('',0.0,0.0,0.0);
#13128=CARTESIAN_POINT('',(8.85616666666681,7.51716666666661,0.0328333333334186));
#13129=VECTOR('',#17527,1.0);
#13130=SURFACE_SIDE_STYLE('',(#17528));
#13131=EDGE_LOOP('',(#17529,#17530,#17531,#17532));
#13132=AXIS2_PLACEMENT_3D('',#17533,#17534,#17535);
#13133=PRE_DEFINED_MARKER('');
#13134=COLOUR_RGB('',0.0,0.0,0.0);
#13135=DRAUGHTING_PRE_DEFINED_CURVE_FONT('continuous');
#13136=COLOUR_RGB('',0.87058824300766,0.87058824300766,0.87058824300766);
#13137=AXIS2_PLACEMENT_3D('',#17536,#17537,#17538);
#13138=SURFACE_SIDE_STYLE('',(#17539));
#13139=EDGE_LOOP('',(#17540,#17541,#17542,#17543));
#13140=AXIS2_PLACEMENT_3D('',#17544,#17545,#17546);
#13141=SURFACE_SIDE_STYLE('',(#17547));
#13142=EDGE_LOOP('',(#17548,#17549,#17550,#17551));
#13143=AXIS2_PLACEMENT_3D('',#17552,#17553,#17554);
#13144=PRE_DEFINED_MARKER('');
#13145=COLOUR_RGB('',1.0,0.0,0.0);
#13146=DRAUGHTING_PRE_DEFINED_CURVE_FONT('continuous');
#13147=COLOUR_RGB('',0.0,0.0,0.0);
#13148=CARTESIAN_POINT('',(2.26999999999989,0.740500000000165,-0.999999999999204));
#13149=VECTOR('',#17555,1.0);
#13150=SURFACE_SIDE_STYLE('',(#17556));
#13151=EDGE_LOOP('',(#17557,#17558,#17559,#17560));
#13152=AXIS2_PLACEMENT_3D('',#17561,#17562,#17563);
#13153=PRE_DEFINED_MARKER('');
#13154=COLOUR_RGB('',0.0,0.0,0.0);
#13155=DRAUGHTING_PRE_DEFINED_CURVE_FONT('continuous');
#13156=COLOUR_RGB('',0.87058824300766,0.87058824300766,0.87058824300766);
#13157=AXIS2_PLACEMENT_3D('',#17564,#17565,#17566);
#13158=PRE_DEFINED_MARKER('');
#13159=COLOUR_RGB('',0.0,0.0,0.0);
#13160=DRAUGHTING_PRE_DEFINED_CURVE_FONT('continuous');
#13161=COLOUR_RGB('',0.0,0.0,0.0);
#13162=CARTESIAN_POINT('',(7.34999999999989,0.30221311391666,-0.166649999999999));
#13163=VECTOR('',#17567,1.0);
#13164=DRAUGHTING_PRE_DEFINED_CURVE_FONT('continuous');
#13165=COLOUR_RGB('',0.0,0.0,0.0);
#13166=CARTESIAN_POINT('',(-10.285,0.599999999999994,-0.625000000000001));
#13167=VECTOR('',#17568,1.0);
#13168=SURFACE_SIDE_STYLE('',(#17569));
#13169=EDGE_LOOP('',(#17570,#17571,#17572,#17573,#17574,#17575,#17576,#17577));
#13170=AXIS2_PLACEMENT_3D('',#17578,#17579,#17580);
#13171=SURFACE_SIDE_STYLE('',(#17581));
#13172=EDGE_LOOP('',(#17582,#17583,#17584,#17585));
#13173=AXIS2_PLACEMENT_3D('',#17586,#17587,#17588);
#13174=DRAUGHTING_PRE_DEFINED_CURVE_FONT('continuous');
#13175=COLOUR_RGB('',0.0,0.0,0.0);
#13176=CARTESIAN_POINT('',(-0.81999999999984,8.17524999999993,0.625250000000128));
#13177=VECTOR('',#17589,0.999999999999999);
#13178=DRAUGHTING_PRE_DEFINED_CURVE_FONT('continuous');
#13179=COLOUR_RGB('',0.0,0.0,0.0);
#13180=CARTESIAN_POINT('',(5.40100000000005,8.49999999999997,1.375));
#13181=VECTOR('',#17590,1.0);
#13182=DRAUGHTING_PRE_DEFINED_CURVE_FONT('continuous');
#13183=COLOUR_RGB('',0.87058824300766,0.87058824300766,0.87058824300766);
#13184=CARTESIAN_POINT('',(6.83877934272298,0.753873053989039,0.16665));
#13185=VECTOR('',#17591,1.0);
#13186=PRE_DEFINED_MARKER('');
#13187=COLOUR_RGB('',0.87058824300766,0.87058824300766,0.87058824300766);
#13188=DRAUGHTING_PRE_DEFINED_CURVE_FONT('continuous');
#13189=COLOUR_RGB('',0.87058824300766,0.87058824300766,0.87058824300766);
#13190=CARTESIAN_POINT('',(-6.15000000000034,-3.19999999999999,0.16665));
#13191=VECTOR('',#17592,1.0);
#13192=DRAUGHTING_PRE_DEFINED_CURVE_FONT('continuous');
#13193=COLOUR_RGB('',0.0,0.0,0.0);
#13194=CARTESIAN_POINT('',(-9.0675,0.0,0.999999999999886));
#13195=VECTOR('',#17593,1.0);
#13196=PRE_DEFINED_MARKER('');
#13197=COLOUR_RGB('',0.0,0.0,0.0);
#13198=DRAUGHTING_PRE_DEFINED_CURVE_FONT('continuous');
#13199=COLOUR_RGB('',0.0,0.0,0.0);
#13200=CARTESIAN_POINT('',(-9.8899999999992,0.0,1.13750000000004));
#13201=VECTOR('',#17594,1.0);
#13202=SURFACE_SIDE_STYLE('',(#17595));
#13203=EDGE_LOOP('',(#17596,#17597,#17598,#17599));
#13204=AXIS2_PLACEMENT_3D('',#17600,#17601,#17602);
#13205=DRAUGHTING_PRE_DEFINED_CURVE_FONT('continuous');
#13206=COLOUR_RGB('',0.0,0.0,0.0);
#13207=CARTESIAN_POINT('',(-7.89000000000011,0.599999999999994,0.4375));
#13208=VECTOR('',#17603,1.0);
#13209=PRE_DEFINED_MARKER('');
#13210=COLOUR_RGB('',0.0,0.0,0.0);
#13211=DRAUGHTING_PRE_DEFINED_CURVE_FONT('continuous');
#13212=COLOUR_RGB('',0.0,0.0,0.0);
#13213=CARTESIAN_POINT('',(0.270000000000795,7.64999999999999,0.525000000000034));
#13214=VECTOR('',#17604,1.0);
#13215=PRE_DEFINED_MARKER('');
#13216=COLOUR_RGB('',0.0,0.0,0.0);
#13217=DRAUGHTING_PRE_DEFINED_CURVE_FONT('continuous');
#13218=COLOUR_RGB('',0.0,0.0,0.0);
#13219=CARTESIAN_POINT('',(-5.89999999999984,7.82549999999998,-0.449999999999932));
#13220=VECTOR('',#17605,1.0);
#13221=DRAUGHTING_PRE_DEFINED_CURVE_FONT('continuous');
#13222=COLOUR_RGB('',0.0,0.0,0.0);
#13223=CARTESIAN_POINT('',(9.88999999999989,0.0,1.13750000000005));
#13224=VECTOR('',#17606,1.0);
#13225=SURFACE_SIDE_STYLE('',(#17607));
#13226=EDGE_LOOP('',(#17608,#17609,#17610,#17611));
#13227=AXIS2_PLACEMENT_3D('',#17612,#17613,#17614);
#13228=PRE_DEFINED_MARKER('');
#13229=COLOUR_RGB('',0.0,0.0,0.0);
#13230=PRE_DEFINED_MARKER('');
#13231=COLOUR_RGB('',0.87058824300766,0.87058824300766,0.87058824300766);
#13232=DRAUGHTING_PRE_DEFINED_CURVE_FONT('continuous');
#13233=COLOUR_RGB('',0.0,0.0,0.0);
#13234=CARTESIAN_POINT('',(-2.7175,0.0,-0.999999999999204));
#13235=VECTOR('',#17615,1.0);
#13236=DRAUGHTING_PRE_DEFINED_CURVE_FONT('continuous');
#13237=COLOUR_RGB('',0.0,0.0,0.0);
#13238=CARTESIAN_POINT('',(9.34000000000016,7.67524999999998,-0.125249999999957));
#13239=VECTOR('',#17616,0.999999999999999);
#13240=DRAUGHTING_PRE_DEFINED_CURVE_FONT('continuous');
#13241=COLOUR_RGB('',0.87058824300766,0.87058824300766,0.87058824300766);
#13242=AXIS2_PLACEMENT_3D('',#17617,#17618,#17619);
#13243=DRAUGHTING_PRE_DEFINED_CURVE_FONT('continuous');
#13244=COLOUR_RGB('',0.87058824300766,0.87058824300766,0.87058824300766);
#13245=CARTESIAN_POINT('',(3.32122065727702,0.753873053988883,0.16665));
#13246=VECTOR('',#17620,1.0);
#13247=DRAUGHTING_PRE_DEFINED_CURVE_FONT('continuous');
#13248=COLOUR_RGB('',0.0,0.0,0.0);
#13249=CARTESIAN_POINT('',(-5.35000000000011,1.90282814901086,0.833325));
#13250=VECTOR('',#17621,1.0);
#13251=DRAUGHTING_PRE_DEFINED_CURVE_FONT('continuous');
#13252=COLOUR_RGB('',0.0,0.0,0.0);
#13253=AXIS2_PLACEMENT_3D('',#17622,#17623,#17624);
#13254=PRE_DEFINED_MARKER('');
#13255=COLOUR_RGB('',0.0,0.0,0.0);
#13256=SURFACE_SIDE_STYLE('',(#17625));
#13257=EDGE_LOOP('',(#17626,#17627,#17628,#17629));
#13258=AXIS2_PLACEMENT_3D('',#17630,#17631,#17632);
#13259=PRE_DEFINED_MARKER('');
#13260=COLOUR_RGB('',0.0,0.0,0.0);
#13261=PRE_DEFINED_MARKER('');
#13262=COLOUR_RGB('',0.0,0.0,0.0);
#13263=DRAUGHTING_PRE_DEFINED_CURVE_FONT('continuous');
#13264=COLOUR_RGB('',0.0,0.0,0.0);
#13265=CARTESIAN_POINT('',(-2.2699999999992,0.753873053988997,0.833325));
#13266=VECTOR('',#17633,1.0);
#13267=DRAUGHTING_PRE_DEFINED_CURVE_FONT('continuous');
#13268=COLOUR_RGB('',0.0,0.0,0.0);
#13269=CARTESIAN_POINT('',(9.34000000000016,7.65099999999999,1.5));
#13270=VECTOR('',#17634,1.0);
#13271=DRAUGHTING_PRE_DEFINED_CURVE_FONT('continuous');
#13272=COLOUR_RGB('',0.0,0.0,0.0);
#13273=CARTESIAN_POINT('',(-0.23,7.99999999999996,0.450000000000159));
#13274=VECTOR('',#17635,1.0);
#13275=DRAUGHTING_PRE_DEFINED_CURVE_FONT('continuous');
#13276=COLOUR_RGB('',0.0,0.0,0.0);
#13277=CARTESIAN_POINT('',(7.8900000000008,7.64999999999999,0.525000000000035));
#13278=VECTOR('',#17636,1.0);
#13279=DRAUGHTING_PRE_DEFINED_CURVE_FONT('continuous');
#13280=COLOUR_RGB('',0.0,0.0,0.0);
#13281=CARTESIAN_POINT('',(2.26999999999989,0.0,0.125000000000001));
#13282=VECTOR('',#17637,1.0);
#13283=PRE_DEFINED_MARKER('');
#13284=COLOUR_RGB('',0.0,0.0,0.0);
#13285=PRE_DEFINED_MARKER('');
#13286=COLOUR_RGB('',0.0,0.0,0.0);
#13287=SURFACE_SIDE_STYLE('',(#17638));
#13288=EDGE_LOOP('',(#17639,#17640,#17641,#17642));
#13289=AXIS2_PLACEMENT_3D('',#17643,#17644,#17645);
#13290=SURFACE_SIDE_STYLE('',(#17646));
#13291=EDGE_LOOP('',(#17647,#17648,#17649,#17650));
#13292=EDGE_LOOP('',(#17651,#17652,#17653,#17654));
#13293=AXIS2_PLACEMENT_3D('',#17655,#17656,#17657);
#13294=DRAUGHTING_PRE_DEFINED_CURVE_FONT('continuous');
#13295=COLOUR_RGB('',0.0,0.0,0.0);
#13296=CARTESIAN_POINT('',(-9.8899999999992,0.740500000000165,0.999999999999886));
#13297=VECTOR('',#17658,1.0);
#13298=PRE_DEFINED_MARKER('');
#13299=COLOUR_RGB('',0.0,0.0,0.0);
#13300=PRE_DEFINED_MARKER('');
#13301=COLOUR_RGB('',0.87058824300766,0.87058824300766,0.87058824300766);
#13302=DRAUGHTING_PRE_DEFINED_CURVE_FONT('continuous');
#13303=COLOUR_RGB('',0.87058824300766,0.87058824300766,0.87058824300766);
#13304=CARTESIAN_POINT('',(-4.29877934272298,0.753873053988997,-0.16665));
#13305=VECTOR('',#17659,1.0);
#13306=DRAUGHTING_PRE_DEFINED_CURVE_FONT('continuous');
#13307=COLOUR_RGB('',0.0,0.0,0.0);
#13308=AXIS2_PLACEMENT_3D('',#17660,#17661,#17662);
#13309=PRE_DEFINED_MARKER('');
#13310=COLOUR_RGB('',0.0,0.0,0.0);
#13311=DRAUGHTING_PRE_DEFINED_CURVE_FONT('continuous');
#13312=COLOUR_RGB('',0.0,0.0,0.0);
#13313=CARTESIAN_POINT('',(-4.8099999999992,0.599999999999994,0.4375));
#13314=VECTOR('',#17663,1.0);
#13315=DRAUGHTING_PRE_DEFINED_CURVE_FONT('continuous');
#13316=COLOUR_RGB('',0.0,0.0,0.0);
#13317=CARTESIAN_POINT('',(-3.35999999999984,7.82549999999998,-0.449999999999932));
#13318=VECTOR('',#17664,1.0);
#13319=PRE_DEFINED_MARKER('');
#13320=COLOUR_RGB('',0.0,0.0,0.0);
#13321=DRAUGHTING_PRE_DEFINED_CURVE_FONT('continuous');
#13322=COLOUR_RGB('',0.0,0.0,0.0);
#13323=CARTESIAN_POINT('',(-10.285,0.0,0.77500000000009));
#13324=VECTOR('',#17665,1.0);
#13325=DRAUGHTING_PRE_DEFINED_CURVE_FONT('continuous');
#13326=COLOUR_RGB('',0.87058824300766,0.87058824300766,0.87058824300766);
#13327=CARTESIAN_POINT('',(0.949999999999658,0.587206387322199,0.16665));
#13328=VECTOR('',#17666,1.0);
#13329=SURFACE_SIDE_STYLE('',(#17667));
#13330=EDGE_LOOP('',(#17668,#17669,#17670,#17671));
#13331=AXIS2_PLACEMENT_3D('',#17672,#17673,#17674);
#13332=SURFACE_SIDE_STYLE('',(#17675));
#13333=EDGE_LOOP('',(#17676,#17677,#17678,#17679,#17680,#17681));
#13334=AXIS2_PLACEMENT_3D('',#17682,#17683,#17684);
#13335=DRAUGHTING_PRE_DEFINED_CURVE_FONT('continuous');
#13336=COLOUR_RGB('',0.0,0.0,0.0);
#13337=CARTESIAN_POINT('',(5.3500000000008,1.90282814901086,0.833325));
#13338=VECTOR('',#17685,1.0);
#13339=DRAUGHTING_PRE_DEFINED_CURVE_FONT('continuous');
#13340=COLOUR_RGB('',0.0,0.0,0.0);
#13341=CARTESIAN_POINT('',(-0.81999999999984,7.67524999999998,-0.125249999999958));
#13342=VECTOR('',#17686,0.999999999999999);
#13343=DRAUGHTING_PRE_DEFINED_CURVE_FONT('continuous');
#13344=COLOUR_RGB('',0.0,0.0,0.0);
#13345=CARTESIAN_POINT('',(-4.8099999999992,4.37050000000009,-0.449999999999932));
#13346=VECTOR('',#17687,1.0);
#13347=DRAUGHTING_PRE_DEFINED_CURVE_FONT('continuous');
#13348=COLOUR_RGB('',0.0,0.0,0.0);
#13349=CARTESIAN_POINT('',(-10.285,0.0,-1.25));
#13350=VECTOR('',#17688,1.0);
#13351=PRE_DEFINED_MARKER('');
#13352=COLOUR_RGB('',0.0,0.0,0.0);
#13353=DRAUGHTING_PRE_DEFINED_CURVE_FONT('continuous');
#13354=COLOUR_RGB('',0.87058824300766,0.87058824300766,0.87058824300766);
#13355=CARTESIAN_POINT('',(5.03040082142894,1.90282814901086,0.16665));
#13356=VECTOR('',#17689,1.0);
#13357=PRE_DEFINED_MARKER('');
#13358=COLOUR_RGB('',0.0,0.0,0.0);
#13359=DRAUGHTING_PRE_DEFINED_CURVE_FONT('continuous');
#13360=COLOUR_RGB('',0.0,0.0,0.0);
#13361=CARTESIAN_POINT('',(-10.285,8.49999999999997,-1.25));
#13362=VECTOR('',#17690,1.0);
#13363=DRAUGHTING_PRE_DEFINED_CURVE_FONT('continuous');
#13364=COLOUR_RGB('',0.0,0.0,0.0);
#13365=CARTESIAN_POINT('',(-6.5275,0.0,0.999999999999886));
#13366=VECTOR('',#17691,1.0);
#13367=DRAUGHTING_PRE_DEFINED_CURVE_FONT('continuous');
#13368=COLOUR_RGB('',0.0,0.0,0.0);
#13369=CARTESIAN_POINT('',(-7.3499999999992,0.740500000000222,-0.999999999999205));
#13370=VECTOR('',#17692,1.0);
#13371=SURFACE_SIDE_STYLE('',(#17693));
#13372=EDGE_LOOP('',(#17694,#17695,#17696,#17697,#17698,#17699));
#13373=AXIS2_PLACEMENT_3D('',#17700,#17701,#17702);
#13374=DRAUGHTING_PRE_DEFINED_CURVE_FONT('continuous');
#13375=COLOUR_RGB('',0.0,0.0,0.0);
#13376=CARTESIAN_POINT('',(-10.285,0.599999999999994,0.624999999999999));
#13377=VECTOR('',#17703,1.0);
#13378=DRAUGHTING_PRE_DEFINED_CURVE_FONT('continuous');
#13379=COLOUR_RGB('',0.0,0.0,0.0);
#13380=CARTESIAN_POINT('',(-0.270000000000113,7.64999999999999,1.24999999999994));
#13381=VECTOR('',#17704,1.0);
#13382=DRAUGHTING_PRE_DEFINED_CURVE_FONT('continuous');
#13383=COLOUR_RGB('',0.0,0.0,0.0);
#13384=CARTESIAN_POINT('',(-6.79999999999993,7.65099999999999,1.5));
#13385=VECTOR('',#17705,1.0);
#13386=PRE_DEFINED_MARKER('');
#13387=COLOUR_RGB('',0.0,0.0,0.0);
#13388=PRE_DEFINED_MARKER('');
#13389=COLOUR_RGB('',0.87058824300766,0.87058824300766,0.87058824300766);
#13390=DRAUGHTING_PRE_DEFINED_CURVE_FONT('continuous');
#13391=COLOUR_RGB('',0.87058824300766,0.87058824300766,0.87058824300766);
#13392=CARTESIAN_POINT('',(-9.21000000000034,0.587206387322199,0.166649999999999));
#13393=VECTOR('',#17706,1.0);
#13394=PRE_DEFINED_MARKER('');
#13395=COLOUR_RGB('',0.0,0.0,0.0);
#13396=DRAUGHTING_PRE_DEFINED_CURVE_FONT('continuous');
#13397=COLOUR_RGB('',0.0,0.0,0.0);
#13398=CARTESIAN_POINT('',(7.39,7.64999999999999,-0.449999999999931));
#13399=VECTOR('',#17707,1.0);
#13400=DRAUGHTING_PRE_DEFINED_CURVE_FONT('continuous');
#13401=COLOUR_RGB('',0.0,0.0,0.0);
#13402=AXIS2_PLACEMENT_3D('',#17708,#17709,#17710);
#13403=DRAUGHTING_PRE_DEFINED_CURVE_FONT('continuous');
#13404=COLOUR_RGB('',0.87058824300766,0.87058824300766,0.87058824300766);
#13405=CARTESIAN_POINT('',(-6.55000000000034,-3.19999999999999,0.16665));
#13406=VECTOR('',#17711,0.999999999999999);
#13407=DRAUGHTING_PRE_DEFINED_CURVE_FONT('continuous');
#13408=COLOUR_RGB('',0.0,0.0,0.0);
#13409=CARTESIAN_POINT('',(0.637166666666712,8.18383333333331,-0.633833333333287));
#13410=VECTOR('',#17712,1.0);
#13411=PRE_DEFINED_MARKER('');
#13412=COLOUR_RGB('',0.0,0.0,0.0);
#13413=DRAUGHTING_PRE_DEFINED_CURVE_FONT('continuous');
#13414=COLOUR_RGB('',0.0,0.0,0.0);
#13415=CARTESIAN_POINT('',(7.34999999999989,0.740500000000165,-0.999999999999204));
#13416=VECTOR('',#17713,1.0);
#13417=SURFACE_SIDE_STYLE('',(#17714));
#13418=EDGE_LOOP('',(#17715,#17716,#17717,#17718));
#13419=AXIS2_PLACEMENT_3D('',#17719,#17720,#17721);
#13420=PRE_DEFINED_MARKER('');
#13421=COLOUR_RGB('',0.0,0.0,0.0);
#13422=PRE_DEFINED_MARKER('');
#13423=COLOUR_RGB('',0.0,0.0,0.0);
#13424=DRAUGHTING_PRE_DEFINED_CURVE_FONT('continuous');
#13425=COLOUR_RGB('',0.0,0.0,0.0);
#13426=CARTESIAN_POINT('',(-5.35000000000011,0.740500000000109,0.999999999999886));
#13427=VECTOR('',#17722,1.0);
#13428=PRE_DEFINED_MARKER('');
#13429=COLOUR_RGB('',0.87058824300766,0.87058824300766,0.87058824300766);
#13430=DRAUGHTING_PRE_DEFINED_CURVE_FONT('continuous');
#13431=COLOUR_RGB('',0.87058824300766,0.87058824300766,0.87058824300766);
#13432=CARTESIAN_POINT('',(9.20999999999966,0.58720638732241,0.166650000000001));
#13433=VECTOR('',#17723,1.0);
#13434=DRAUGHTING_PRE_DEFINED_CURVE_FONT('continuous');
#13435=COLOUR_RGB('',0.0,0.0,0.0);
#13436=CARTESIAN_POINT('',(-5.35000000000011,7.64999999999999,0.525000000000034));
#13437=VECTOR('',#17724,1.0);
#13438=PRE_DEFINED_MARKER('');
#13439=COLOUR_RGB('',0.0,0.0,0.0);
#13440=DRAUGHTING_PRE_DEFINED_CURVE_FONT('continuous');
#13441=COLOUR_RGB('',0.0,0.0,0.0);
#13442=CARTESIAN_POINT('',(-9.0675,0.0,-0.999999999999205));
#13443=VECTOR('',#17725,1.0);
#13444=SURFACE_SIDE_STYLE('',(#17726));
#13445=EDGE_LOOP('',(#17727,#17728,#17729,#17730));
#13446=AXIS2_PLACEMENT_3D('',#17731,#17732,#17733);
#13447=PRE_DEFINED_MARKER('');
#13448=COLOUR_RGB('',0.87058824300766,0.87058824300766,0.87058824300766);
#13449=DRAUGHTING_PRE_DEFINED_CURVE_FONT('continuous');
#13450=COLOUR_RGB('',0.0,0.0,0.0);
#13451=CARTESIAN_POINT('',(-2.27000000000011,7.65099999999999,1.5));
#13452=VECTOR('',#17734,1.0);
#13453=DRAUGHTING_PRE_DEFINED_CURVE_FONT('continuous');
#13454=COLOUR_RGB('',0.0,0.0,0.0);
#13455=CARTESIAN_POINT('',(8.63999999999994,7.65099999999999,-0.449999999999931));
#13456=VECTOR('',#17735,1.0);
#13457=PRE_DEFINED_MARKER('');
#13458=COLOUR_RGB('',0.0,0.0,0.0);
#13459=DRAUGHTING_PRE_DEFINED_CURVE_FONT('continuous');
#13460=COLOUR_RGB('',0.87058824300766,0.87058824300766,0.87058824300766);
#13461=CARTESIAN_POINT('',(-6.67000000000034,-2.54999999999999,-0.16665));
#13462=VECTOR('',#17736,1.0);
#13463=DRAUGHTING_PRE_DEFINED_CURVE_FONT('continuous');
#13464=COLOUR_RGB('',0.0,0.0,0.0);
#13465=CARTESIAN_POINT('',(7.8900000000008,4.19550000000011,0.45000000000016));
#13466=VECTOR('',#17737,1.0);
#13467=DRAUGHTING_PRE_DEFINED_CURVE_FONT('continuous');
#13468=COLOUR_RGB('',0.0,0.0,0.0);
#13469=CARTESIAN_POINT('',(-1.71999999999993,7.65099999999999,1.5));
#13470=VECTOR('',#17738,1.0);
#13471=PRE_DEFINED_MARKER('');
#13472=COLOUR_RGB('',0.87058824300766,0.87058824300766,0.87058824300766);
#13473=PRE_DEFINED_MARKER('');
#13474=COLOUR_RGB('',0.0,0.0,0.0);
#13475=DRAUGHTING_PRE_DEFINED_CURVE_FONT('continuous');
#13476=COLOUR_RGB('',0.0,0.0,0.0);
#13477=CARTESIAN_POINT('',(-5.35000000000011,0.445500000000107,-0.625));
#13478=VECTOR('',#17739,1.0);
#13479=SURFACE_SIDE_STYLE('',(#17740));
#13480=EDGE_LOOP('',(#17741,#17742,#17743,#17744,#17745,#17746,#17747,#17748,#17749,#17750,#17751,#17752));
#13481=AXIS2_PLACEMENT_3D('',#17753,#17754,#17755);
#13482=DRAUGHTING_PRE_DEFINED_CURVE_FONT('continuous');
#13483=COLOUR_RGB('',0.0,0.0,0.0);
#13484=CARTESIAN_POINT('',(-4.8099999999992,0.740500000000165,0.999999999999886));
#13485=VECTOR('',#17756,1.0);
#13486=PRE_DEFINED_MARKER('');
#13487=COLOUR_RGB('',0.0,0.0,0.0);
#13488=DRAUGHTING_PRE_DEFINED_CURVE_FONT('continuous');
#13489=COLOUR_RGB('',0.0,0.0,0.0);
#13490=CARTESIAN_POINT('',(6.80000000000016,7.67524999999998,-0.125249999999957));
#13491=VECTOR('',#17757,0.999999999999999);
#13492=PRE_DEFINED_MARKER('');
#13493=COLOUR_RGB('',0.0,0.0,0.0);
#13494=DRAUGHTING_PRE_DEFINED_CURVE_FONT('continuous');
#13495=COLOUR_RGB('',0.0,0.0,0.0);
#13496=CARTESIAN_POINT('',(-5.89999999999984,7.67524999999998,-0.125249999999958));
#13497=VECTOR('',#17758,0.999999999999999);
#13498=PRE_DEFINED_MARKER('');
#13499=COLOUR_RGB('',0.87058824300766,0.87058824300766,0.87058824300766);
#13500=SURFACE_SIDE_STYLE('',(#17759));
#13501=EDGE_LOOP('',(#17760,#17761,#17762,#17763));
#13502=AXIS2_PLACEMENT_3D('',#17764,#17765,#17766);
#13503=DRAUGHTING_PRE_DEFINED_CURVE_FONT('continuous');
#13504=COLOUR_RGB('',0.0,0.0,0.0);
#13505=CARTESIAN_POINT('',(-10.285,0.599999999999994,0.624999999999999));
#13506=VECTOR('',#17767,1.0);
#13507=PRE_DEFINED_MARKER('');
#13508=COLOUR_RGB('',0.0,0.0,0.0);
#13509=PRE_DEFINED_MARKER('');
#13510=COLOUR_RGB('',0.0,0.0,0.0);
#13511=PRE_DEFINED_MARKER('');
#13512=COLOUR_RGB('',0.0,0.0,0.0);
#13513=PRE_DEFINED_MARKER('');
#13514=COLOUR_RGB('',0.0,0.0,0.0);
#13515=PRE_DEFINED_MARKER('');
#13516=COLOUR_RGB('',0.0,0.0,0.0);
#13517=PRE_DEFINED_MARKER('');
#13518=COLOUR_RGB('',0.0,0.0,0.0);
#13519=SURFACE_SIDE_STYLE('',(#17768));
#13520=EDGE_LOOP('',(#17769,#17770,#17771,#17772));
#13521=AXIS2_PLACEMENT_3D('',#17773,#17774,#17775);
#13522=PRE_DEFINED_MARKER('');
#13523=COLOUR_RGB('',0.0,0.0,0.0);
#13524=DRAUGHTING_PRE_DEFINED_CURVE_FONT('continuous');
#13525=COLOUR_RGB('',0.0,0.0,0.0);
#13526=CARTESIAN_POINT('',(-7.85,7.64999999999999,-0.449999999999932));
#13527=VECTOR('',#17776,1.0);
#13528=PRE_DEFINED_MARKER('');
#13529=COLOUR_RGB('',0.0,0.0,0.0);
#13530=DRAUGHTING_PRE_DEFINED_CURVE_FONT('continuous');
#13531=COLOUR_RGB('',0.87058824300766,0.87058824300766,0.87058824300766);
#13532=AXIS2_PLACEMENT_3D('',#17777,#17778,#17779);
#13533=DRAUGHTING_PRE_DEFINED_CURVE_FONT('continuous');
#13534=COLOUR_RGB('',1.0,0.0,0.0);
#13535=CARTESIAN_POINT('',(-9.21,7.57,0.0));
#13536=VECTOR('',#17780,1.0);
#13537=PRE_DEFINED_MARKER('');
#13538=COLOUR_RGB('',0.87058824300766,0.87058824300766,0.87058824300766);
#13539=DRAUGHTING_PRE_DEFINED_CURVE_FONT('continuous');
#13540=COLOUR_RGB('',0.0,0.0,0.0);
#13541=CARTESIAN_POINT('',(6.80000000000016,7.65049999999999,0.45000000000016));
#13542=VECTOR('',#17781,1.0);
#13543=DRAUGHTING_PRE_DEFINED_CURVE_FONT('continuous');
#13544=COLOUR_RGB('',0.0,0.0,0.0);
#13545=CARTESIAN_POINT('',(2.81000000000079,0.740500000000165,0.999999999999887));
#13546=VECTOR('',#17782,1.0);
#13547=DRAUGHTING_PRE_DEFINED_CURVE_FONT('continuous');
#13548=COLOUR_RGB('',0.0,0.0,0.0);
#13549=CARTESIAN_POINT('',(9.88999999999989,4.37050000000003,-0.449999999999931));
#13550=VECTOR('',#17783,1.0);
#13551=DRAUGHTING_PRE_DEFINED_CURVE_FONT('continuous');
#13552=COLOUR_RGB('',0.0,0.0,0.0);
#13553=CARTESIAN_POINT('',(5.3500000000008,4.37050000000009,-0.449999999999931));
#13554=VECTOR('',#17784,1.0);
#13555=SURFACE_SIDE_STYLE('',(#17785));
#13556=EDGE_LOOP('',(#17786,#17787,#17788,#17789));
#13557=AXIS2_PLACEMENT_3D('',#17790,#17791,#17792);
#13558=PRE_DEFINED_MARKER('');
#13559=COLOUR_RGB('',0.0,0.0,0.0);
#13560=DRAUGHTING_PRE_DEFINED_CURVE_FONT('continuous');
#13561=COLOUR_RGB('',0.0,0.0,0.0);
#13562=CARTESIAN_POINT('',(2.26999999999989,0.445500000000107,-0.625));
#13563=VECTOR('',#17793,1.0);
#13564=DRAUGHTING_PRE_DEFINED_CURVE_FONT('continuous');
#13565=COLOUR_RGB('',0.87058824300766,0.87058824300766,0.87058824300766);
#13566=AXIS2_PLACEMENT_3D('',#17794,#17795,#17796);
#13567=PRE_DEFINED_MARKER('');
#13568=COLOUR_RGB('',0.0,0.0,0.0);
#13569=PRE_DEFINED_MARKER('');
#13570=COLOUR_RGB('',0.0,0.0,0.0);
#13571=PRE_DEFINED_MARKER('');
#13572=COLOUR_RGB('',0.87058824300766,0.87058824300766,0.87058824300766);
#13573=PRE_DEFINED_MARKER('');
#13574=COLOUR_RGB('',0.87058824300766,0.87058824300766,0.87058824300766);
#13575=PRE_DEFINED_MARKER('');
#13576=COLOUR_RGB('',0.87058824300766,0.87058824300766,0.87058824300766);
#13577=PRE_DEFINED_MARKER('');
#13578=COLOUR_RGB('',0.0,0.0,0.0);
#13579=PRE_DEFINED_MARKER('');
#13580=COLOUR_RGB('',0.0,0.0,0.0);
#13581=SURFACE_SIDE_STYLE('',(#17797));
#13582=EDGE_LOOP('',(#17798,#17799,#17800,#17801));
#13583=AXIS2_PLACEMENT_3D('',#17802,#17803,#17804);
#13584=PRE_DEFINED_MARKER('');
#13585=COLOUR_RGB('',0.0,0.0,0.0);
#13586=DRAUGHTING_PRE_DEFINED_CURVE_FONT('continuous');
#13587=COLOUR_RGB('',0.0,0.0,0.0);
#13588=CARTESIAN_POINT('',(2.26999999999989,0.0,1.13750000000005));
#13589=VECTOR('',#17805,1.0);
#13590=PRE_DEFINED_MARKER('');
#13591=COLOUR_RGB('',0.0,0.0,0.0);
#13592=DRAUGHTING_PRE_DEFINED_CURVE_FONT('continuous');
#13593=COLOUR_RGB('',0.87058824300766,0.87058824300766,0.87058824300766);
#13594=CARTESIAN_POINT('',(6.66999999999966,-2.54999999999999,-0.16665));
#13595=VECTOR('',#17806,1.0);
#13596=DRAUGHTING_PRE_DEFINED_CURVE_FONT('continuous');
#13597=COLOUR_RGB('',0.87058824300766,0.87058824300766,0.87058824300766);
#13598=CARTESIAN_POINT('',(1.58999999999966,-2.54999999999999,-0.16665));
#13599=VECTOR('',#17807,1.0);
#13600=DRAUGHTING_PRE_DEFINED_CURVE_FONT('continuous');
#13601=COLOUR_RGB('',0.0,0.0,0.0);
#13602=CARTESIAN_POINT('',(-1.71999999999993,8.00099999999996,1.5));
#13603=VECTOR('',#17808,1.0);
#13604=DRAUGHTING_PRE_DEFINED_CURVE_FONT('continuous');
#13605=COLOUR_RGB('',1.0,0.0,0.0);
#13606=CARTESIAN_POINT('',(-9.59,7.57,0.0));
#13607=VECTOR('',#17809,1.0);
#13608=DRAUGHTING_PRE_DEFINED_CURVE_FONT('continuous');
#13609=COLOUR_RGB('',0.87058824300766,0.87058824300766,0.87058824300766);
#13610=CARTESIAN_POINT('',(9.37877934272298,0.753873053989039,0.166650000000001));
#13611=VECTOR('',#17810,1.0);
#13612=DRAUGHTING_PRE_DEFINED_CURVE_FONT('continuous');
#13613=COLOUR_RGB('',0.87058824300766,0.87058824300766,0.87058824300766);
#13614=CARTESIAN_POINT('',(4.00999999999966,-3.19999999999999,0.16665));
#13615=VECTOR('',#17811,1.0);
#13616=SURFACE_SIDE_STYLE('',(#17812));
#13617=EDGE_LOOP('',(#17813,#17814,#17815,#17816));
#13618=AXIS2_PLACEMENT_3D('',#17817,#17818,#17819);
#13619=DRAUGHTING_PRE_DEFINED_CURVE_FONT('continuous');
#13620=COLOUR_RGB('',0.87058824300766,0.87058824300766,0.87058824300766);
#13621=CARTESIAN_POINT('',(0.949999999999658,-2.54999999999999,0.16665));
#13622=VECTOR('',#17820,1.0);
#13623=PRE_DEFINED_MARKER('');
#13624=COLOUR_RGB('',0.87058824300766,0.87058824300766,0.87058824300766);
#13625=PRE_DEFINED_MARKER('');
#13626=COLOUR_RGB('',0.87058824300766,0.87058824300766,0.87058824300766);
#13627=DRAUGHTING_PRE_DEFINED_CURVE_FONT('continuous');
#13628=COLOUR_RGB('',0.0,0.0,0.0);
#13629=CARTESIAN_POINT('',(-0.81999999999984,7.65049999999999,0.450000000000159));
#13630=VECTOR('',#17821,1.0);
#13631=DRAUGHTING_PRE_DEFINED_CURVE_FONT('continuous');
#13632=COLOUR_RGB('',0.0,0.0,0.0);
#13633=CARTESIAN_POINT('',(0.820000000000068,7.82549999999997,0.450000000000159));
#13634=VECTOR('',#17822,1.0);
#13635=DRAUGHTING_PRE_DEFINED_CURVE_FONT('continuous');
#13636=COLOUR_RGB('',0.0,0.0,0.0);
#13637=CARTESIAN_POINT('',(-7.7975,0.0,0.999999999999886));
#13638=VECTOR('',#17823,1.0);
#13639=DRAUGHTING_PRE_DEFINED_CURVE_FONT('continuous');
#13640=COLOUR_RGB('',0.87058824300766,0.87058824300766,0.87058824300766);
#13641=CARTESIAN_POINT('',(-1.07000000000034,-3.19999999999999,-0.16665));
#13642=VECTOR('',#17824,1.0);
#13643=SURFACE_SIDE_STYLE('',(#17825));
#13644=EDGE_LOOP('',(#17826,#17827,#17828,#17829,#17830,#17831));
#13645=AXIS2_PLACEMENT_3D('',#17832,#17833,#17834);
#13646=DRAUGHTING_PRE_DEFINED_CURVE_FONT('continuous');
#13647=COLOUR_RGB('',0.0,0.0,0.0);
#13648=CARTESIAN_POINT('',(-7.89000000000011,4.37050000000003,-0.449999999999932));
#13649=VECTOR('',#17835,1.0);
#13650=PRE_DEFINED_MARKER('');
#13651=COLOUR_RGB('',0.0,0.0,0.0);
#13652=DRAUGHTING_PRE_DEFINED_CURVE_FONT('continuous');
#13653=COLOUR_RGB('',0.0,0.0,0.0);
#13654=CARTESIAN_POINT('',(0.270000000000795,0.0,1.13750000000005));
#13655=VECTOR('',#17836,1.0);
#13656=PRE_DEFINED_MARKER('');
#13657=COLOUR_RGB('',0.0,0.0,0.0);
#13658=DRAUGHTING_PRE_DEFINED_CURVE_FONT('continuous');
#13659=COLOUR_RGB('',0.0,0.0,0.0);
#13660=CARTESIAN_POINT('',(7.8900000000008,0.445500000000164,-0.624999999999999));
#13661=VECTOR('',#17837,1.0);
#13662=DRAUGHTING_PRE_DEFINED_CURVE_FONT('continuous');
#13663=COLOUR_RGB('',0.0,0.0,0.0);
#13664=CARTESIAN_POINT('',(-0.270000000000113,0.445500000000107,-0.625));
#13665=VECTOR('',#17838,1.0);
#13666=DRAUGHTING_PRE_DEFINED_CURVE_FONT('continuous');
#13667=COLOUR_RGB('',0.0,0.0,0.0);
#13668=CARTESIAN_POINT('',(-0.270000000000113,0.30221311391666,0.16665));
#13669=VECTOR('',#17839,1.0);
#13670=SURFACE_SIDE_STYLE('',(#17840));
#13671=EDGE_LOOP('',(#17841,#17842,#17843,#17844));
#13672=AXIS2_PLACEMENT_3D('',#17845,#17846,#17847);
#13673=PRE_DEFINED_MARKER('');
#13674=COLOUR_RGB('',0.0,0.0,0.0);
#13675=PRE_DEFINED_MARKER('');
#13676=COLOUR_RGB('',0.0,0.0,0.0);
#13677=DRAUGHTING_PRE_DEFINED_CURVE_FONT('continuous');
#13678=COLOUR_RGB('',0.0,0.0,0.0);
#13679=CARTESIAN_POINT('',(7.91500000000003,7.65099999999999,0.45000000000016));
#13680=VECTOR('',#17848,1.0);
#13681=DRAUGHTING_PRE_DEFINED_CURVE_FONT('continuous');
#13682=COLOUR_RGB('',0.87058824300766,0.87058824300766,0.87058824300766);
#13683=CARTESIAN_POINT('',(-3.61000000000034,-3.19999999999999,-0.16665));
#13684=VECTOR('',#17849,1.0);
#13685=PRE_DEFINED_MARKER('');
#13686=COLOUR_RGB('',0.0,0.0,0.0);
#13687=DRAUGHTING_PRE_DEFINED_CURVE_FONT('continuous');
#13688=COLOUR_RGB('',0.0,0.0,0.0);
#13689=CARTESIAN_POINT('',(2.31,7.64999999999999,0.450000000000159));
#13690=VECTOR('',#17850,1.0);
#13691=DRAUGHTING_PRE_DEFINED_CURVE_FONT('continuous');
#13692=COLOUR_RGB('',0.0,0.0,0.0);
#13693=CARTESIAN_POINT('',(-10.285,0.599999999999994,-0.625000000000001));
#13694=VECTOR('',#17851,1.0);
#13695=SURFACE_SIDE_STYLE('',(#17852));
#13696=EDGE_LOOP('',(#17853,#17854,#17855,#17856));
#13697=AXIS2_PLACEMENT_3D('',#17857,#17858,#17859);
#13698=DRAUGHTING_PRE_DEFINED_CURVE_FONT('continuous');
#13699=COLOUR_RGB('',0.0,0.0,0.0);
#13700=CARTESIAN_POINT('',(-10.285,0.599999999999994,-0.625000000000001));
#13701=VECTOR('',#17860,1.0);
#13702=DRAUGHTING_PRE_DEFINED_CURVE_FONT('continuous');
#13703=COLOUR_RGB('',0.0,0.0,0.0);
#13704=CARTESIAN_POINT('',(-3.84383333333319,7.51716666666661,0.0328333333334178));
#13705=VECTOR('',#17861,1.0);
#13706=DRAUGHTING_PRE_DEFINED_CURVE_FONT('continuous');
#13707=COLOUR_RGB('',0.0,0.0,0.0);
#13708=CARTESIAN_POINT('',(-8.59049999999989,7.8504999999999,0.300500000000105));
#13709=VECTOR('',#17862,1.0);
#13710=SURFACE_SIDE_STYLE('',(#17863));
#13711=EDGE_LOOP('',(#17864,#17865,#17866,#17867));
#13712=AXIS2_PLACEMENT_3D('',#17868,#17869,#17870);
#13713=DRAUGHTING_PRE_DEFINED_CURVE_FONT('continuous');
#13714=COLOUR_RGB('',0.87058824300766,0.87058824300766,0.87058824300766);
#13715=AXIS2_PLACEMENT_3D('',#17871,#17872,#17873);
#13716=DRAUGHTING_PRE_DEFINED_CURVE_FONT('continuous');
#13717=COLOUR_RGB('',0.0,0.0,0.0);
#13718=CARTESIAN_POINT('',(4.80999999999989,0.0,0.125000000000001));
#13719=VECTOR('',#17874,1.0);
#13720=DRAUGHTING_PRE_DEFINED_CURVE_FONT('continuous');
#13721=COLOUR_RGB('',0.87058824300766,0.87058824300766,0.87058824300766);
#13722=CARTESIAN_POINT('',(-0.781220657277022,0.753873053989039,0.16665));
#13723=VECTOR('',#17875,1.0);
#13724=PRE_DEFINED_MARKER('');
#13725=COLOUR_RGB('',0.0,0.0,0.0);
#13726=PRE_DEFINED_MARKER('');
#13727=COLOUR_RGB('',0.0,0.0,0.0);
#13728=PRE_DEFINED_MARKER('');
#13729=COLOUR_RGB('',0.0,0.0,0.0);
#13730=DRAUGHTING_PRE_DEFINED_CURVE_FONT('continuous');
#13731=COLOUR_RGB('',0.0,0.0,0.0);
#13732=CARTESIAN_POINT('',(-10.285,0.599999999999994,0.624999999999999));
#13733=VECTOR('',#17876,1.0);
#13734=DRAUGHTING_PRE_DEFINED_CURVE_FONT('continuous');
#13735=COLOUR_RGB('',0.0,0.0,0.0);
#13736=CARTESIAN_POINT('',(2.83500000000003,7.65099999999999,0.450000000000159));
#13737=VECTOR('',#17877,1.0);
#13738=DRAUGHTING_PRE_DEFINED_CURVE_FONT('continuous');
#13739=COLOUR_RGB('',0.0,0.0,0.0);
#13740=AXIS2_PLACEMENT_3D('',#17878,#17879,#17880);
#13741=DRAUGHTING_PRE_DEFINED_CURVE_FONT('continuous');
#13742=COLOUR_RGB('',0.0,0.0,0.0);
#13743=CARTESIAN_POINT('',(-10.39,7.64999999999999,0.450000000000159));
#13744=VECTOR('',#17881,1.0);
#13745=SURFACE_SIDE_STYLE('',(#17882));
#13746=EDGE_LOOP('',(#17883,#17884,#17885,#17886));
#13747=AXIS2_PLACEMENT_3D('',#17887,#17888,#17889);
#13748=PRE_DEFINED_MARKER('');
#13749=COLOUR_RGB('',0.87058824300766,0.87058824300766,0.87058824300766);
#13750=DRAUGHTING_PRE_DEFINED_CURVE_FONT('continuous');
#13751=COLOUR_RGB('',0.87058824300766,0.87058824300766,0.87058824300766);
#13752=CARTESIAN_POINT('',(-3.49000000000034,-2.54999999999999,0.16665));
#13753=VECTOR('',#17890,1.0);
#13754=PRE_DEFINED_MARKER('');
#13755=COLOUR_RGB('',0.0,0.0,0.0);
#13756=DRAUGHTING_PRE_DEFINED_CURVE_FONT('continuous');
#13757=COLOUR_RGB('',0.0,0.0,0.0);
#13758=CARTESIAN_POINT('',(0.270000000000795,0.445500000000164,-0.625));
#13759=VECTOR('',#17891,1.0);
#13760=PRE_DEFINED_MARKER('');
#13761=COLOUR_RGB('',0.0,0.0,0.0);
#13762=DRAUGHTING_PRE_DEFINED_CURVE_FONT('continuous');
#13763=COLOUR_RGB('',0.0,0.0,0.0);
#13764=CARTESIAN_POINT('',(-9.8899999999992,0.445500000000164,-0.625000000000001));
#13765=VECTOR('',#17892,1.0);
#13766=DRAUGHTING_PRE_DEFINED_CURVE_FONT('continuous');
#13767=COLOUR_RGB('',0.87058824300766,0.87058824300766,0.87058824300766);
#13768=CARTESIAN_POINT('',(6.02999999999966,-2.54999999999999,0.16665));
#13769=VECTOR('',#17893,1.0);
#13770=DRAUGHTING_PRE_DEFINED_CURVE_FONT('continuous');
#13771=COLOUR_RGB('',0.0,0.0,0.0);
#13772=CARTESIAN_POINT('',(1.01999999999994,7.65099999999999,-0.449999999999932));
#13773=VECTOR('',#17894,1.0);
#13774=PRE_DEFINED_MARKER('');
#13775=COLOUR_RGB('',0.0,0.0,0.0);
#13776=DRAUGHTING_PRE_DEFINED_CURVE_FONT('continuous');
#13777=COLOUR_RGB('',0.87058824300766,0.87058824300766,0.87058824300766);
#13778=CARTESIAN_POINT('',(6.54999999999966,-3.19999999999999,0.16665));
#13779=VECTOR('',#17895,1.0);
#13780=DRAUGHTING_PRE_DEFINED_CURVE_FONT('continuous');
#13781=COLOUR_RGB('',0.0,0.0,0.0);
#13782=CARTESIAN_POINT('',(-6.79999999999993,7.82549999999997,0.450000000000159));
#13783=VECTOR('',#17896,1.0);
#13784=PRE_DEFINED_MARKER('');
#13785=COLOUR_RGB('',0.0,0.0,0.0);
#13786=DRAUGHTING_PRE_DEFINED_CURVE_FONT('continuous');
#13787=COLOUR_RGB('',0.0,0.0,0.0);
#13788=CARTESIAN_POINT('',(-9.8899999999992,0.599999999999994,0.437499999999999));
#13789=VECTOR('',#17897,1.0);
#13790=PRE_DEFINED_MARKER('');
#13791=COLOUR_RGB('',0.87058824300766,0.87058824300766,0.87058824300766);
#13792=DRAUGHTING_PRE_DEFINED_CURVE_FONT('continuous');
#13793=COLOUR_RGB('',0.0,0.0,0.0);
#13794=CARTESIAN_POINT('',(-10.285,0.150000000000006,0.625000000000113));
#13795=VECTOR('',#17898,1.0);
#13796=DRAUGHTING_PRE_DEFINED_CURVE_FONT('continuous');
#13797=COLOUR_RGB('',0.0,0.0,0.0);
#13798=CARTESIAN_POINT('',(7.88999999999989,7.65099999999999,1.5));
#13799=VECTOR('',#17899,1.0);
#13800=SURFACE_SIDE_STYLE('',(#17900));
#13801=EDGE_LOOP('',(#17901,#17902,#17903,#17904,#17905,#17906,#17907,#17908));
#13802=AXIS2_PLACEMENT_3D('',#17909,#17910,#17911);
#13803=SURFACE_SIDE_STYLE('',(#17912));
#13804=EDGE_LOOP('',(#17913,#17914,#17915,#17916));
#13805=AXIS2_PLACEMENT_3D('',#17917,#17918,#17919);
#13806=DRAUGHTING_PRE_DEFINED_CURVE_FONT('continuous');
#13807=COLOUR_RGB('',1.0,0.0,0.0);
#13808=CARTESIAN_POINT('',(-8.57,7.68,0.0));
#13809=VECTOR('',#17920,1.0);
#13810=DRAUGHTING_PRE_DEFINED_CURVE_FONT('continuous');
#13811=COLOUR_RGB('',0.0,0.0,0.0);
#13812=CARTESIAN_POINT('',(-9.33999999999993,8.26274999999992,0.712750000000118));
#13813=VECTOR('',#17921,0.999999999999999);
#13814=DRAUGHTING_PRE_DEFINED_CURVE_FONT('continuous');
#13815=COLOUR_RGB('',0.0,0.0,0.0);
#13816=AXIS2_PLACEMENT_3D('',#17922,#17923,#17924);
#13817=PRE_DEFINED_MARKER('');
#13818=COLOUR_RGB('',0.0,0.0,0.0);
#13819=PRE_DEFINED_MARKER('');
#13820=COLOUR_RGB('',0.87058824300766,0.87058824300766,0.87058824300766);
#13821=PRE_DEFINED_MARKER('');
#13822=COLOUR_RGB('',0.0,0.0,0.0);
#13823=DRAUGHTING_PRE_DEFINED_CURVE_FONT('continuous');
#13824=COLOUR_RGB('',0.87058824300766,0.87058824300766,0.87058824300766);
#13825=CARTESIAN_POINT('',(-4.13000000000034,-2.54999999999999,-0.16665));
#13826=VECTOR('',#17925,1.0);
#13827=PRE_DEFINED_MARKER('');
#13828=COLOUR_RGB('',0.0,0.0,0.0);
#13829=SURFACE_SIDE_STYLE('',(#17926));
#13830=EDGE_LOOP('',(#17927,#17928,#17929,#17930,#17931,#17932));
#13831=AXIS2_PLACEMENT_3D('',#17933,#17934,#17935);
#13832=DRAUGHTING_PRE_DEFINED_CURVE_FONT('continuous');
#13833=COLOUR_RGB('',0.0,0.0,0.0);
#13834=CARTESIAN_POINT('',(-8.19,7.64999999999999,-0.224999999999966));
#13835=VECTOR('',#17936,1.0);
#13836=DRAUGHTING_PRE_DEFINED_CURVE_FONT('continuous');
#13837=COLOUR_RGB('',0.0,0.0,0.0);
#13838=CARTESIAN_POINT('',(1.72000000000016,7.82549999999998,-0.449999999999932));
#13839=VECTOR('',#17937,1.0);
#13840=DRAUGHTING_PRE_DEFINED_CURVE_FONT('continuous');
#13841=COLOUR_RGB('',0.0,0.0,0.0);
#13842=CARTESIAN_POINT('',(-5.40099999999982,8.49999999999997,1.375));
#13843=VECTOR('',#17938,1.0);
#13844=DRAUGHTING_PRE_DEFINED_CURVE_FONT('continuous');
#13845=COLOUR_RGB('',0.0,0.0,0.0);
#13846=CARTESIAN_POINT('',(-4.8099999999992,0.670499999999998,0.624999999999982));
#13847=VECTOR('',#17939,1.0);
#13848=SURFACE_SIDE_STYLE('',(#17940));
#13849=EDGE_LOOP('',(#17941,#17942,#17943,#17944));
#13850=AXIS2_PLACEMENT_3D('',#17945,#17946,#17947);
#13851=PRE_DEFINED_MARKER('');
#13852=COLOUR_RGB('',0.87058824300766,0.87058824300766,0.87058824300766);
#13853=DRAUGHTING_PRE_DEFINED_CURVE_FONT('continuous');
#13854=COLOUR_RGB('',0.87058824300766,0.87058824300766,0.87058824300766);
#13855=CARTESIAN_POINT('',(4.12999999999966,-2.54999999999999,-0.16665));
#13856=VECTOR('',#17948,1.0);
#13857=DRAUGHTING_PRE_DEFINED_CURVE_FONT('continuous');
#13858=COLOUR_RGB('',0.87058824300766,0.87058824300766,0.87058824300766);
#13859=CARTESIAN_POINT('',(-6.83877934272298,0.753873053988997,-0.16665));
#13860=VECTOR('',#17949,1.0);
#13861=PRE_DEFINED_MARKER('');
#13862=COLOUR_RGB('',0.0,0.0,0.0);
#13863=PRE_DEFINED_MARKER('');
#13864=COLOUR_RGB('',0.0,0.0,0.0);
#13865=DRAUGHTING_PRE_DEFINED_CURVE_FONT('continuous');
#13866=COLOUR_RGB('',0.0,0.0,0.0);
#13867=AXIS2_PLACEMENT_3D('',#17950,#17951,#17952);
#13868=DRAUGHTING_PRE_DEFINED_CURVE_FONT('continuous');
#13869=COLOUR_RGB('',0.0,0.0,0.0);
#13870=CARTESIAN_POINT('',(7.8900000000008,0.753873053988997,0.833325));
#13871=VECTOR('',#17953,1.0);
#13872=SURFACE_SIDE_STYLE('',(#17954));
#13873=EDGE_LOOP('',(#17955,#17956,#17957,#17958));
#13874=AXIS2_PLACEMENT_3D('',#17959,#17960,#17961);
#13875=PRE_DEFINED_MARKER('');
#13876=COLOUR_RGB('',0.0,0.0,0.0);
#13877=DRAUGHTING_PRE_DEFINED_CURVE_FONT('continuous');
#13878=COLOUR_RGB('',0.0,0.0,0.0);
#13879=CARTESIAN_POINT('',(-2.2699999999992,0.302213113916717,0.16665));
#13880=VECTOR('',#17962,1.0);
#13881=DRAUGHTING_PRE_DEFINED_CURVE_FONT('continuous');
#13882=COLOUR_RGB('',0.87058824300766,0.87058824300766,0.87058824300766);
#13883=CARTESIAN_POINT('',(-6.83877934272298,0.753873053988883,0.16665));
#13884=VECTOR('',#17963,1.0);
#13885=SURFACE_SIDE_STYLE('',(#17964));
#13886=EDGE_LOOP('',(#17965,#17966,#17967,#17968,#17969,#17970));
#13887=AXIS2_PLACEMENT_3D('',#17971,#17972,#17973);
#13888=PRE_DEFINED_MARKER('');
#13889=COLOUR_RGB('',0.0,0.0,0.0);
#13890=DRAUGHTING_PRE_DEFINED_CURVE_FONT('continuous');
#13891=COLOUR_RGB('',0.87058824300766,0.87058824300766,0.87058824300766);
#13892=CARTESIAN_POINT('',(-8.69000000000034,-3.19999999999999,0.166649999999999));
#13893=VECTOR('',#17974,1.0);
#13894=PRE_DEFINED_MARKER('');
#13895=COLOUR_RGB('',0.87058824300766,0.87058824300766,0.87058824300766);
#13896=PRE_DEFINED_MARKER('');
#13897=COLOUR_RGB('',0.0,0.0,0.0);
#13898=DRAUGHTING_PRE_DEFINED_CURVE_FONT('continuous');
#13899=COLOUR_RGB('',0.87058824300766,0.87058824300766,0.87058824300766);
#13900=CARTESIAN_POINT('',(-0.95000000000034,-2.54999999999999,0.16665));
#13901=VECTOR('',#17975,1.0);
#13902=DRAUGHTING_PRE_DEFINED_CURVE_FONT('continuous');
#13903=COLOUR_RGB('',0.0,0.0,0.0);
#13904=CARTESIAN_POINT('',(6.80000000000016,7.82549999999998,-0.449999999999931));
#13905=VECTOR('',#17976,1.0);
#13906=DRAUGHTING_PRE_DEFINED_CURVE_FONT('continuous');
#13907=COLOUR_RGB('',0.0,0.0,0.0);
#13908=CARTESIAN_POINT('',(5.37500000000003,7.65099999999999,-0.449999999999931));
#13909=VECTOR('',#17977,1.0);
#13910=PRE_DEFINED_MARKER('');
#13911=COLOUR_RGB('',0.0,0.0,0.0);
#13912=PRE_DEFINED_MARKER('');
#13913=COLOUR_RGB('',0.0,0.0,0.0);
#13914=SURFACE_SIDE_STYLE('',(#17978));
#13915=EDGE_LOOP('',(#17979,#17980,#17981,#17982));
#13916=AXIS2_PLACEMENT_3D('',#17983,#17984,#17985);
#13917=DRAUGHTING_PRE_DEFINED_CURVE_FONT('continuous');
#13918=COLOUR_RGB('',0.0,0.0,0.0);
#13919=CARTESIAN_POINT('',(-8.92383333333319,7.51716666666661,0.0328333333334175));
#13920=VECTOR('',#17986,1.0);
#13921=DRAUGHTING_PRE_DEFINED_CURVE_FONT('continuous');
#13922=COLOUR_RGB('',0.0,0.0,0.0);
#13923=AXIS2_PLACEMENT_3D('',#17987,#17988,#17989);
#13924=SURFACE_SIDE_STYLE('',(#17990));
#13925=EDGE_LOOP('',(#17991,#17992,#17993,#17994));
#13926=AXIS2_PLACEMENT_3D('',#17995,#17996,#17997);
#13927=PRE_DEFINED_MARKER('');
#13928=COLOUR_RGB('',0.87058824300766,0.87058824300766,0.87058824300766);
#13929=SURFACE_SIDE_STYLE('',(#17998));
#13930=EDGE_LOOP('',(#17999,#18000,#18001,#18002));
#13931=AXIS2_PLACEMENT_3D('',#18003,#18004,#18005);
#13932=SURFACE_SIDE_STYLE('',(#18006));
#13933=EDGE_LOOP('',(#18007,#18008,#18009,#18010));
#13934=AXIS2_PLACEMENT_3D('',#18011,#18012,#18013);
#13935=PRE_DEFINED_MARKER('');
#13936=COLOUR_RGB('',0.0,0.0,0.0);
#13937=PRE_DEFINED_MARKER('');
#13938=COLOUR_RGB('',0.0,0.0,0.0);
#13939=DRAUGHTING_PRE_DEFINED_CURVE_FONT('continuous');
#13940=COLOUR_RGB('',0.0,0.0,0.0);
#13941=CARTESIAN_POINT('',(-2.81000000000011,7.64999999999999,0.525000000000034));
#13942=VECTOR('',#18014,1.0);
#13943=PRE_DEFINED_MARKER('');
#13944=COLOUR_RGB('',0.0,0.0,0.0);
#13945=SURFACE_SIDE_STYLE('',(#18015));
#13946=EDGE_LOOP('',(#18016,#18017,#18018,#18019));
#13947=EDGE_LOOP('',(#18020,#18021,#18022,#18023,#18024,#18025,#18026,#18027,#18028,#18029,#18030,#18031,#18032,#18033));
#13948=AXIS2_PLACEMENT_3D('',#18034,#18035,#18036);
#13949=PRE_DEFINED_MARKER('');
#13950=COLOUR_RGB('',0.0,0.0,0.0);
#13951=PRE_DEFINED_MARKER('');
#13952=COLOUR_RGB('',0.87058824300766,0.87058824300766,0.87058824300766);
#13953=PRE_DEFINED_MARKER('');
#13954=COLOUR_RGB('',0.0,0.0,0.0);
#13955=DRAUGHTING_PRE_DEFINED_CURVE_FONT('continuous');
#13956=COLOUR_RGB('',0.87058824300766,0.87058824300766,0.87058824300766);
#13957=CARTESIAN_POINT('',(0.949999999999658,-2.54999999999999,-0.16665));
#13958=VECTOR('',#18037,1.0);
#13959=PRE_DEFINED_MARKER('');
#13960=COLOUR_RGB('',0.0,0.0,0.0);
#13961=DRAUGHTING_PRE_DEFINED_CURVE_FONT('continuous');
#13962=COLOUR_RGB('',0.87058824300766,0.87058824300766,0.87058824300766);
#13963=AXIS2_PLACEMENT_3D('',#18038,#18039,#18040);
#13964=SURFACE_SIDE_STYLE('',(#18041));
#13965=EDGE_LOOP('',(#18042,#18043,#18044,#18045));
#13966=EDGE_LOOP('',(#18046,#18047,#18048,#18049,#18050,#18051,#18052,#18053,#18054,#18055,#18056,#18057,#18058,#18059));
#13967=AXIS2_PLACEMENT_3D('',#18060,#18061,#18062);
#13968=PRE_DEFINED_MARKER('');
#13969=COLOUR_RGB('',0.87058824300766,0.87058824300766,0.87058824300766);
#13970=DRAUGHTING_PRE_DEFINED_CURVE_FONT('continuous');
#13971=COLOUR_RGB('',0.0,0.0,0.0);
#13972=CARTESIAN_POINT('',(-0.320999999999826,8.49999999999997,1.375));
#13973=VECTOR('',#18063,1.0);
#13974=PRE_DEFINED_MARKER('');
#13975=COLOUR_RGB('',0.0,0.0,0.0);
#13976=PRE_DEFINED_MARKER('');
#13977=COLOUR_RGB('',0.0,0.0,0.0);
#13978=DRAUGHTING_PRE_DEFINED_CURVE_FONT('continuous');
#13979=COLOUR_RGB('',0.0,0.0,0.0);
#13980=CARTESIAN_POINT('',(4.26000000000016,7.82549999999998,-0.449999999999932));
#13981=VECTOR('',#18064,1.0);
#13982=DRAUGHTING_PRE_DEFINED_CURVE_FONT('continuous');
#13983=COLOUR_RGB('',0.87058824300766,0.87058824300766,0.87058824300766);
#13984=CARTESIAN_POINT('',(-6.03000000000034,-2.54999999999999,-0.16665));
#13985=VECTOR('',#18065,1.0);
#13986=PRE_DEFINED_MARKER('');
#13987=COLOUR_RGB('',0.0,0.0,0.0);
#13988=PRE_DEFINED_MARKER('');
#13989=COLOUR_RGB('',0.87058824300766,0.87058824300766,0.87058824300766);
#13990=SURFACE_SIDE_STYLE('',(#18066));
#13991=EDGE_LOOP('',(#18067,#18068,#18069,#18070));
#13992=AXIS2_PLACEMENT_3D('',#18071,#18072,#18073);
#13993=SURFACE_SIDE_STYLE('',(#18074));
#13994=EDGE_LOOP('',(#18075,#18076,#18077,#18078,#18079,#18080));
#13995=AXIS2_PLACEMENT_3D('',#18081,#18082,#18083);
#13996=DRAUGHTING_PRE_DEFINED_CURVE_FONT('continuous');
#13997=COLOUR_RGB('',0.87058824300766,0.87058824300766,0.87058824300766);
#13998=CARTESIAN_POINT('',(8.56999999999966,-2.54999999999999,0.16665));
#13999=VECTOR('',#18084,1.0);
#14000=SURFACE_SIDE_STYLE('',(#18085));
#14001=EDGE_LOOP('',(#18086,#18087,#18088,#18089));
#14002=AXIS2_PLACEMENT_3D('',#18090,#18091,#18092);
#14003=PRE_DEFINED_MARKER('');
#14004=COLOUR_RGB('',0.0,0.0,0.0);
#14005=SURFACE_SIDE_STYLE('',(#18093));
#14006=EDGE_LOOP('',(#18094,#18095,#18096,#18097,#18098,#18099,#18100,#18101,#18102,#18103,#18104,#18105));
#14007=AXIS2_PLACEMENT_3D('',#18106,#18107,#18108);
#14008=PRE_DEFINED_MARKER('');
#14009=COLOUR_RGB('',0.0,0.0,0.0);
#14010=DRAUGHTING_PRE_DEFINED_CURVE_FONT('continuous');
#14011=COLOUR_RGB('',0.0,0.0,0.0);
#14012=CARTESIAN_POINT('',(2.81000000000079,0.599999999999994,0.437500000000001));
#14013=VECTOR('',#18109,1.0);
#14014=PRE_DEFINED_MARKER('');
#14015=COLOUR_RGB('',0.0,0.0,0.0);
#14016=DRAUGHTING_PRE_DEFINED_CURVE_FONT('continuous');
#14017=COLOUR_RGB('',0.0,0.0,0.0);
#14018=CARTESIAN_POINT('',(7.8900000000008,0.740500000000222,-0.999999999999204));
#14019=VECTOR('',#18110,1.0);
#14020=DRAUGHTING_PRE_DEFINED_CURVE_FONT('continuous');
#14021=COLOUR_RGB('',0.0,0.0,0.0);
#14022=CARTESIAN_POINT('',(2.81000000000079,0.445500000000164,-0.625));
#14023=VECTOR('',#18111,1.0);
#14024=SURFACE_SIDE_STYLE('',(#18112));
#14025=EDGE_LOOP('',(#18113,#18114,#18115,#18116,#18117,#18118,#18119,#18120,#18121,#18122,#18123,#18124));
#14026=AXIS2_PLACEMENT_3D('',#18125,#18126,#18127);
#14027=SURFACE_SIDE_STYLE('',(#18128));
#14028=EDGE_LOOP('',(#18129,#18130,#18131,#18132));
#14029=EDGE_LOOP('',(#18133,#18134,#18135,#18136,#18137,#18138,#18139,#18140,#18141,#18142,#18143,#18144,#18145,#18146));
#14030=AXIS2_PLACEMENT_3D('',#18147,#18148,#18149);
#14031=SURFACE_SIDE_STYLE('',(#18150));
#14032=EDGE_LOOP('',(#18151,#18152,#18153,#18154,#18155,#18156));
#14033=AXIS2_PLACEMENT_3D('',#18157,#18158,#18159);
#14034=PRE_DEFINED_MARKER('');
#14035=COLOUR_RGB('',0.0,0.0,0.0);
#14036=SURFACE_SIDE_STYLE('',(#18160));
#14037=EDGE_LOOP('',(#18161,#18162,#18163,#18164));
#14038=AXIS2_PLACEMENT_3D('',#18165,#18166,#18167);
#14039=PRE_DEFINED_MARKER('');
#14040=COLOUR_RGB('',0.87058824300766,0.87058824300766,0.87058824300766);
#14041=PRE_DEFINED_MARKER('');
#14042=COLOUR_RGB('',0.0,0.0,0.0);
#14043=PRE_DEFINED_MARKER('');
#14044=COLOUR_RGB('',0.87058824300766,0.87058824300766,0.87058824300766);
#14045=SURFACE_SIDE_STYLE('',(#18168));
#14046=EDGE_LOOP('',(#18169,#18170,#18171,#18172));
#14047=AXIS2_PLACEMENT_3D('',#18173,#18174,#18175);
#14048=PRE_DEFINED_MARKER('');
#14049=COLOUR_RGB('',0.0,0.0,0.0);
#14050=PRE_DEFINED_MARKER('');
#14051=COLOUR_RGB('',0.0,0.0,0.0);
#14052=PRE_DEFINED_MARKER('');
#14053=COLOUR_RGB('',0.0,0.0,0.0);
#14054=DRAUGHTING_PRE_DEFINED_CURVE_FONT('continuous');
#14055=COLOUR_RGB('',0.0,0.0,0.0);
#14056=CARTESIAN_POINT('',(-7.85,7.99999999999996,0.450000000000159));
#14057=VECTOR('',#18176,1.0);
#14058=DRAUGHTING_PRE_DEFINED_CURVE_FONT('continuous');
#14059=COLOUR_RGB('',1.0,0.0,0.0);
#14060=CARTESIAN_POINT('',(-8.89,7.68,0.32));
#14061=VECTOR('',#18177,1.0);
#14062=PRE_DEFINED_MARKER('');
#14063=COLOUR_RGB('',0.0,0.0,0.0);
#14064=SURFACE_SIDE_STYLE('',(#18178));
#14065=EDGE_LOOP('',(#18179,#18180,#18181,#18182));
#14066=AXIS2_PLACEMENT_3D('',#18183,#18184,#18185);
#14067=SURFACE_SIDE_STYLE('',(#18186));
#14068=EDGE_LOOP('',(#18187,#18188,#18189,#18190));
#14069=AXIS2_PLACEMENT_3D('',#18191,#18192,#18193);
#14070=SURFACE_SIDE_STYLE('',(#18194));
#14071=EDGE_LOOP('',(#18195,#18196,#18197,#18198));
#14072=AXIS2_PLACEMENT_3D('',#18199,#18200,#18201);
#14073=SURFACE_SIDE_STYLE('',(#18202));
#14074=EDGE_LOOP('',(#18203,#18204,#18205,#18206));
#14075=AXIS2_PLACEMENT_3D('',#18207,#18208,#18209);
#14076=PRE_DEFINED_MARKER('');
#14077=COLOUR_RGB('',0.0,0.0,0.0);
#14078=DRAUGHTING_PRE_DEFINED_CURVE_FONT('continuous');
#14079=COLOUR_RGB('',0.0,0.0,0.0);
#14080=CARTESIAN_POINT('',(-0.23,7.64999999999999,-1.00000000000011));
#14081=VECTOR('',#18210,1.0);
#14082=DRAUGHTING_PRE_DEFINED_CURVE_FONT('continuous');
#14083=COLOUR_RGB('',0.87058824300766,0.87058824300766,0.87058824300766);
#14084=AXIS2_PLACEMENT_3D('',#18211,#18212,#18213);
#14085=SURFACE_SIDE_STYLE('',(#18214));
#14086=EDGE_LOOP('',(#18215,#18216,#18217,#18218));
#14087=EDGE_LOOP('',(#18219,#18220,#18221,#18222,#18223,#18224,#18225,#18226,#18227,#18228,#18229,#18230,#18231,#18232));
#14088=AXIS2_PLACEMENT_3D('',#18233,#18234,#18235);
#14089=PRE_DEFINED_MARKER('');
#14090=COLOUR_RGB('',0.0,0.0,0.0);
#14091=PRE_DEFINED_MARKER('');
#14092=COLOUR_RGB('',0.0,0.0,0.0);
#14093=DRAUGHTING_PRE_DEFINED_CURVE_FONT('continuous');
#14094=COLOUR_RGB('',0.0,0.0,0.0);
#14095=CARTESIAN_POINT('',(-10.285,0.599999999999994,-0.625000000000001));
#14096=VECTOR('',#18236,1.0);
#14097=DRAUGHTING_PRE_DEFINED_CURVE_FONT('continuous');
#14098=COLOUR_RGB('',0.0,0.0,0.0);
#14099=CARTESIAN_POINT('',(2.81000000000079,0.302213113916717,0.16665));
#14100=VECTOR('',#18237,1.0);
#14101=SURFACE_SIDE_STYLE('',(#18238));
#14102=EDGE_LOOP('',(#18239,#18240,#18241,#18242));
#14103=AXIS2_PLACEMENT_3D('',#18243,#18244,#18245);
#14104=PRE_DEFINED_MARKER('');
#14105=COLOUR_RGB('',0.0,0.0,0.0);
#14106=PRE_DEFINED_MARKER('');
#14107=COLOUR_RGB('',0.0,0.0,0.0);
#14108=PRE_DEFINED_MARKER('');
#14109=COLOUR_RGB('',0.0,0.0,0.0);
#14110=DRAUGHTING_PRE_DEFINED_CURVE_FONT('continuous');
#14111=COLOUR_RGB('',0.0,0.0,0.0);
#14112=CARTESIAN_POINT('',(0.295000000000034,7.65099999999999,-0.449999999999932));
#14113=VECTOR('',#18246,1.0);
#14114=SURFACE_SIDE_STYLE('',(#18247));
#14115=EDGE_LOOP('',(#18248,#18249,#18250,#18251));
#14116=AXIS2_PLACEMENT_3D('',#18252,#18253,#18254);
#14117=DRAUGHTING_PRE_DEFINED_CURVE_FONT('continuous');
#14118=COLOUR_RGB('',0.0,0.0,0.0);
#14119=CARTESIAN_POINT('',(5.3500000000008,7.64999999999999,1.24999999999994));
#14120=VECTOR('',#18255,1.0);
#14121=DRAUGHTING_PRE_DEFINED_CURVE_FONT('continuous');
#14122=COLOUR_RGB('',0.87058824300766,0.87058824300766,0.87058824300766);
#14123=CARTESIAN_POINT('',(8.56999999999966,0.587206387322199,0.16665));
#14124=VECTOR('',#18256,1.0);
#14125=PRE_DEFINED_MARKER('');
#14126=COLOUR_RGB('',0.87058824300766,0.87058824300766,0.87058824300766);
#14127=PRE_DEFINED_MARKER('');
#14128=COLOUR_RGB('',0.0,0.0,0.0);
#14129=PRE_DEFINED_MARKER('');
#14130=COLOUR_RGB('',0.0,0.0,0.0);
#14131=DRAUGHTING_PRE_DEFINED_CURVE_FONT('continuous');
#14132=COLOUR_RGB('',0.0,0.0,0.0);
#14133=CARTESIAN_POINT('',(-1.4475,0.0,-0.999999999999204));
#14134=VECTOR('',#18257,1.0);
#14135=DRAUGHTING_PRE_DEFINED_CURVE_FONT('continuous');
#14136=COLOUR_RGB('',0.0,0.0,0.0);
#14137=CARTESIAN_POINT('',(-4.75899999999995,8.49999999999997,1.375));
#14138=VECTOR('',#18258,1.0);
#14139=DRAUGHTING_PRE_DEFINED_CURVE_FONT('continuous');
#14140=COLOUR_RGB('',0.0,0.0,0.0);
#14141=CARTESIAN_POINT('',(2.81000000000079,0.753873053988997,0.833325));
#14142=VECTOR('',#18259,1.0);
#14143=DRAUGHTING_PRE_DEFINED_CURVE_FONT('continuous');
#14144=COLOUR_RGB('',0.0,0.0,0.0);
#14145=CARTESIAN_POINT('',(5.71716666666671,8.18383333333331,-0.633833333333286));
#14146=VECTOR('',#18260,1.0);
#14147=PRE_DEFINED_MARKER('');
#14148=COLOUR_RGB('',0.87058824300766,0.87058824300766,0.87058824300766);
#14149=PRE_DEFINED_MARKER('');
#14150=COLOUR_RGB('',0.0,0.0,0.0);
#14151=DRAUGHTING_PRE_DEFINED_CURVE_FONT('continuous');
#14152=COLOUR_RGB('',0.0,0.0,0.0);
#14153=CARTESIAN_POINT('',(-3.51049999999989,7.8504999999999,0.300500000000105));
#14154=VECTOR('',#18261,1.0);
#14155=SURFACE_SIDE_STYLE('',(#18262));
#14156=EDGE_LOOP('',(#18263,#18264,#18265,#18266));
#14157=AXIS2_PLACEMENT_3D('',#18267,#18268,#18269);
#14158=PRE_DEFINED_MARKER('');
#14159=COLOUR_RGB('',0.0,0.0,0.0);
#14160=DRAUGHTING_PRE_DEFINED_CURVE_FONT('continuous');
#14161=COLOUR_RGB('',0.87058824300766,0.87058824300766,0.87058824300766);
#14162=CARTESIAN_POINT('',(10.1104008214289,1.90282814901086,-0.166649999999999));
#14163=VECTOR('',#18270,1.0);
#14164=DRAUGHTING_PRE_DEFINED_CURVE_FONT('continuous');
#14165=COLOUR_RGB('',1.0,0.0,0.0);
#14166=CARTESIAN_POINT('',(-9.21,7.68,0.0));
#14167=VECTOR('',#18271,1.0);
#14168=DRAUGHTING_PRE_DEFINED_CURVE_FONT('continuous');
#14169=COLOUR_RGB('',0.0,0.0,0.0);
#14170=CARTESIAN_POINT('',(-2.86099999999983,8.49999999999997,1.375));
#14171=VECTOR('',#18272,1.0);
#14172=DRAUGHTING_PRE_DEFINED_CURVE_FONT('continuous');
#14173=COLOUR_RGB('',0.87058824300766,0.87058824300766,0.87058824300766);
#14174=CARTESIAN_POINT('',(-2.58959917857106,1.90282814901086,-0.16665));
#14175=VECTOR('',#18273,1.0);
#14176=DRAUGHTING_PRE_DEFINED_CURVE_FONT('continuous');
#14177=COLOUR_RGB('',0.87058824300766,0.87058824300766,0.87058824300766);
#14178=CARTESIAN_POINT('',(9.08999999999966,-3.19999999999999,0.166650000000001));
#14179=VECTOR('',#18274,1.0);
#14180=DRAUGHTING_PRE_DEFINED_CURVE_FONT('continuous');
#14181=COLOUR_RGB('',0.0,0.0,0.0);
#14182=CARTESIAN_POINT('',(-10.285,0.599999999999994,-0.625000000000001));
#14183=VECTOR('',#18275,1.0);
#14184=DRAUGHTING_PRE_DEFINED_CURVE_FONT('continuous');
#14185=COLOUR_RGB('',0.0,0.0,0.0);
#14186=CARTESIAN_POINT('',(-7.7975,8.49999999999997,0.950000000000173));
#14187=VECTOR('',#18276,1.0);
#14188=PRE_DEFINED_MARKER('');
#14189=COLOUR_RGB('',0.0,0.0,0.0);
#14190=SURFACE_SIDE_STYLE('',(#18277));
#14191=EDGE_LOOP('',(#18278,#18279,#18280,#18281));
#14192=EDGE_LOOP('',(#18282,#18283,#18284,#18285));
#14193=AXIS2_PLACEMENT_3D('',#18286,#18287,#18288);
#14194=DRAUGHTING_PRE_DEFINED_CURVE_FONT('continuous');
#14195=COLOUR_RGB('',0.0,0.0,0.0);
#14196=CARTESIAN_POINT('',(-7.85,7.64999999999999,0.450000000000159));
#14197=VECTOR('',#18289,1.0);
#14198=PRE_DEFINED_MARKER('');
#14199=COLOUR_RGB('',0.0,0.0,0.0);
#14200=SURFACE_SIDE_STYLE('',(#18290));
#14201=EDGE_LOOP('',(#18291,#18292,#18293,#18294));
#14202=AXIS2_PLACEMENT_3D('',#18295,#18296,#18297);
#14203=SURFACE_SIDE_STYLE('',(#18298));
#14204=EDGE_LOOP('',(#18299,#18300,#18301,#18302,#18303,#18304));
#14205=AXIS2_PLACEMENT_3D('',#18305,#18306,#18307);
#14206=SURFACE_SIDE_STYLE('',(#18308));
#14207=EDGE_LOOP('',(#18309,#18310,#18311,#18312));
#14208=AXIS2_PLACEMENT_3D('',#18313,#18314,#18315);
#14209=PRE_DEFINED_MARKER('');
#14210=COLOUR_RGB('',0.0,0.0,0.0);
#14211=PRE_DEFINED_MARKER('');
#14212=COLOUR_RGB('',0.0,0.0,0.0);
#14213=DRAUGHTING_PRE_DEFINED_CURVE_FONT('continuous');
#14214=COLOUR_RGB('',0.87058824300766,0.87058824300766,0.87058824300766);
#14215=CARTESIAN_POINT('',(-1.07000000000034,-3.19999999999999,0.16665));
#14216=VECTOR('',#18316,1.0);
#14217=SURFACE_SIDE_STYLE('',(#18317));
#14218=EDGE_LOOP('',(#18318,#18319,#18320,#18321,#18322,#18323));
#14219=AXIS2_PLACEMENT_3D('',#18324,#18325,#18326);
#14220=DRAUGHTING_PRE_DEFINED_CURVE_FONT('continuous');
#14221=COLOUR_RGB('',0.87058824300766,0.87058824300766,0.87058824300766);
#14222=AXIS2_PLACEMENT_3D('',#18327,#18328,#18329);
#14223=DRAUGHTING_PRE_DEFINED_CURVE_FONT('continuous');
#14224=COLOUR_RGB('',0.0,0.0,0.0);
#14225=CARTESIAN_POINT('',(6.64950000000011,7.8504999999999,0.300500000000106));
#14226=VECTOR('',#18330,1.0);
#14227=SURFACE_SIDE_STYLE('',(#18331));
#14228=EDGE_LOOP('',(#18332,#18333,#18334,#18335));
#14229=AXIS2_PLACEMENT_3D('',#18336,#18337,#18338);
#14230=DRAUGHTING_PRE_DEFINED_CURVE_FONT('continuous');
#14231=COLOUR_RGB('',0.0,0.0,0.0);
#14232=CARTESIAN_POINT('',(-10.285,0.599999999999994,0.624999999999999));
#14233=VECTOR('',#18339,1.0);
#14234=DRAUGHTING_PRE_DEFINED_CURVE_FONT('continuous');
#14235=COLOUR_RGB('',0.87058824300766,0.87058824300766,0.87058824300766);
#14236=CARTESIAN_POINT('',(5.86122065727702,0.753873053988997,-0.16665));
#14237=VECTOR('',#18340,1.0);
#14238=DRAUGHTING_PRE_DEFINED_CURVE_FONT('continuous');
#14239=COLOUR_RGB('',0.0,0.0,0.0);
#14240=CARTESIAN_POINT('',(2.26999999999989,7.64999999999999,1.24999999999994));
#14241=VECTOR('',#18341,1.0);
#14242=PRE_DEFINED_MARKER('');
#14243=COLOUR_RGB('',0.0,0.0,0.0);
#14244=PRE_DEFINED_MARKER('');
#14245=COLOUR_RGB('',0.87058824300766,0.87058824300766,0.87058824300766);
#14246=PRE_DEFINED_MARKER('');
#14247=COLOUR_RGB('',0.0,0.0,0.0);
#14248=DRAUGHTING_PRE_DEFINED_CURVE_FONT('continuous');
#14249=COLOUR_RGB('',0.0,0.0,0.0);
#14250=CARTESIAN_POINT('',(-9.14000000000006,7.65099999999999,0.450000000000159));
#14251=VECTOR('',#18342,1.0);
#14252=DRAUGHTING_PRE_DEFINED_CURVE_FONT('continuous');
#14253=COLOUR_RGB('',0.0,0.0,0.0);
#14254=CARTESIAN_POINT('',(0.820000000000068,8.00099999999996,1.5));
#14255=VECTOR('',#18343,1.0);
#14256=DRAUGHTING_PRE_DEFINED_CURVE_FONT('continuous');
#14257=COLOUR_RGB('',0.0,0.0,0.0);
#14258=CARTESIAN_POINT('',(-2.2699999999992,0.0,1.13750000000005));
#14259=VECTOR('',#18344,1.0);
#14260=DRAUGHTING_PRE_DEFINED_CURVE_FONT('continuous');
#14261=COLOUR_RGB('',0.87058824300766,0.87058824300766,0.87058824300766);
#14262=CARTESIAN_POINT('',(-1.75877934272298,0.753873053988883,0.16665));
#14263=VECTOR('',#18345,1.0);
#14264=SURFACE_SIDE_STYLE('',(#18346));
#14265=EDGE_LOOP('',(#18347,#18348,#18349,#18350));
#14266=EDGE_LOOP('',(#18351,#18352,#18353,#18354,#18355,#18356,#18357,#18358,#18359,#18360,#18361,#18362,#18363,#18364));
#14267=AXIS2_PLACEMENT_3D('',#18365,#18366,#18367);
#14268=DRAUGHTING_PRE_DEFINED_CURVE_FONT('continuous');
#14269=COLOUR_RGB('',0.87058824300766,0.87058824300766,0.87058824300766);
#14270=CARTESIAN_POINT('',(9.08999999999966,-3.19999999999999,-0.166649999999999));
#14271=VECTOR('',#18368,1.0);
#14272=DRAUGHTING_PRE_DEFINED_CURVE_FONT('continuous');
#14273=COLOUR_RGB('',0.87058824300766,0.87058824300766,0.87058824300766);
#14274=AXIS2_PLACEMENT_3D('',#18369,#18370,#18371);
#14275=DRAUGHTING_PRE_DEFINED_CURVE_FONT('continuous');
#14276=COLOUR_RGB('',0.0,0.0,0.0);
#14277=CARTESIAN_POINT('',(2.81000000000079,4.37050000000009,-0.449999999999932));
#14278=VECTOR('',#18372,1.0);
#14279=DRAUGHTING_PRE_DEFINED_CURVE_FONT('continuous');
#14280=COLOUR_RGB('',0.0,0.0,0.0);
#14281=CARTESIAN_POINT('',(-7.3499999999992,7.64999999999999,0.525000000000034));
#14282=VECTOR('',#18373,1.0);
#14283=DRAUGHTING_PRE_DEFINED_CURVE_FONT('continuous');
#14284=COLOUR_RGB('',0.0,0.0,0.0);
#14285=CARTESIAN_POINT('',(-10.285,0.150000000000105,-0.625000000000001));
#14286=VECTOR('',#18374,1.0);
#14287=PRE_DEFINED_MARKER('');
#14288=COLOUR_RGB('',0.87058824300766,0.87058824300766,0.87058824300766);
#14289=DRAUGHTING_PRE_DEFINED_CURVE_FONT('continuous');
#14290=COLOUR_RGB('',0.0,0.0,0.0);
#14291=CARTESIAN_POINT('',(6.80000000000016,7.65099999999999,1.5));
#14292=VECTOR('',#18375,1.0);
#14293=PRE_DEFINED_MARKER('');
#14294=COLOUR_RGB('',0.0,0.0,0.0);
#14295=DRAUGHTING_PRE_DEFINED_CURVE_FONT('continuous');
#14296=COLOUR_RGB('',0.0,0.0,0.0);
#14297=CARTESIAN_POINT('',(8.44000000000007,7.82549999999997,0.45000000000016));
#14298=VECTOR('',#18376,1.0);
#14299=DRAUGHTING_PRE_DEFINED_CURVE_FONT('continuous');
#14300=COLOUR_RGB('',0.87058824300766,0.87058824300766,0.87058824300766);
#14301=AXIS2_PLACEMENT_3D('',#18377,#18378,#18379);
#14302=DRAUGHTING_PRE_DEFINED_CURVE_FONT('continuous');
#14303=COLOUR_RGB('',0.0,0.0,0.0);
#14304=CARTESIAN_POINT('',(3.55999999999994,7.65099999999999,0.450000000000159));
#14305=VECTOR('',#18380,1.0);
#14306=PRE_DEFINED_MARKER('');
#14307=COLOUR_RGB('',0.0,0.0,0.0);
#14308=DRAUGHTING_PRE_DEFINED_CURVE_FONT('continuous');
#14309=COLOUR_RGB('',0.0,0.0,0.0);
#14310=CARTESIAN_POINT('',(-7.94099999999983,8.49999999999997,1.375));
#14311=VECTOR('',#18381,1.0);
#14312=SURFACE_SIDE_STYLE('',(#18382));
#14313=EDGE_LOOP('',(#18383,#18384,#18385,#18386));
#14314=AXIS2_PLACEMENT_3D('',#18387,#18388,#18389);
#14315=SURFACE_SIDE_STYLE('',(#18390));
#14316=EDGE_LOOP('',(#18391,#18392,#18393,#18394,#18395,#18396,#18397,#18398,#18399,#18400,#18401,#18402));
#14317=AXIS2_PLACEMENT_3D('',#18403,#18404,#18405);
#14318=PRE_DEFINED_MARKER('');
#14319=COLOUR_RGB('',0.87058824300766,0.87058824300766,0.87058824300766);
#14320=DRAUGHTING_PRE_DEFINED_CURVE_FONT('continuous');
#14321=COLOUR_RGB('',0.0,0.0,0.0);
#14322=CARTESIAN_POINT('',(-7.89000000000011,0.30221311391666,-0.16665));
#14323=VECTOR('',#18406,1.0);
#14324=DRAUGHTING_PRE_DEFINED_CURVE_FONT('continuous');
#14325=COLOUR_RGB('',0.0,0.0,0.0);
#14326=AXIS2_PLACEMENT_3D('',#18407,#18408,#18409);
#14327=PRE_DEFINED_MARKER('');
#14328=COLOUR_RGB('',0.0,0.0,0.0);
#14329=SURFACE_SIDE_STYLE('',(#18410));
#14330=EDGE_LOOP('',(#18411,#18412,#18413,#18414,#18415,#18416));
#14331=AXIS2_PLACEMENT_3D('',#18417,#18418,#18419);
#14332=PRE_DEFINED_MARKER('');
#14333=COLOUR_RGB('',0.87058824300766,0.87058824300766,0.87058824300766);
#14334=DRAUGHTING_PRE_DEFINED_CURVE_FONT('continuous');
#14335=COLOUR_RGB('',0.0,0.0,0.0);
#14336=CARTESIAN_POINT('',(2.26999999999989,0.599999999999994,0.437500000000001));
#14337=VECTOR('',#18420,1.0);
#14338=DRAUGHTING_PRE_DEFINED_CURVE_FONT('continuous');
#14339=COLOUR_RGB('',0.0,0.0,0.0);
#14340=CARTESIAN_POINT('',(2.81000000000079,0.302213113916717,-0.16665));
#14341=VECTOR('',#18421,1.0);
#14342=DRAUGHTING_PRE_DEFINED_CURVE_FONT('continuous');
#14343=COLOUR_RGB('',0.0,0.0,0.0);
#14344=CARTESIAN_POINT('',(-0.23,7.64999999999999,0.450000000000159));
#14345=VECTOR('',#18422,1.0);
#14346=DRAUGHTING_PRE_DEFINED_CURVE_FONT('continuous');
#14347=COLOUR_RGB('',0.0,0.0,0.0);
#14348=CARTESIAN_POINT('',(-6.60000000000006,7.65099999999999,-0.449999999999932));
#14349=VECTOR('',#18423,1.0);
#14350=DRAUGHTING_PRE_DEFINED_CURVE_FONT('continuous');
#14351=COLOUR_RGB('',0.87058824300766,0.87058824300766,0.87058824300766);
#14352=CARTESIAN_POINT('',(4.29877934272298,0.753873053989039,0.16665));
#14353=VECTOR('',#18424,1.0);
#14354=DRAUGHTING_PRE_DEFINED_CURVE_FONT('continuous');
#14355=COLOUR_RGB('',0.0,0.0,0.0);
#14356=AXIS2_PLACEMENT_3D('',#18425,#18426,#18427);
#14357=DRAUGHTING_PRE_DEFINED_CURVE_FONT('continuous');
#14358=COLOUR_RGB('',0.0,0.0,0.0);
#14359=CARTESIAN_POINT('',(-9.14000000000006,7.65099999999999,-0.449999999999932));
#14360=VECTOR('',#18428,1.0);
#14361=DRAUGHTING_PRE_DEFINED_CURVE_FONT('continuous');
#14362=COLOUR_RGB('',0.0,0.0,0.0);
#14363=CARTESIAN_POINT('',(-10.285,0.150000000000105,-0.625000000000001));
#14364=VECTOR('',#18429,1.0);
#14365=DRAUGHTING_PRE_DEFINED_CURVE_FONT('continuous');
#14366=COLOUR_RGB('',0.0,0.0,0.0);
#14367=CARTESIAN_POINT('',(5.90000000000007,8.26274999999992,0.712750000000119));
#14368=VECTOR('',#18430,0.999999999999999);
#14369=DRAUGHTING_PRE_DEFINED_CURVE_FONT('continuous');
#14370=COLOUR_RGB('',0.0,0.0,0.0);
#14371=CARTESIAN_POINT('',(9.88999999999989,1.90282814901086,0.833325000000001));
#14372=VECTOR('',#18431,1.0);
#14373=PRE_DEFINED_MARKER('');
#14374=COLOUR_RGB('',0.0,0.0,0.0);
#14375=DRAUGHTING_PRE_DEFINED_CURVE_FONT('continuous');
#14376=COLOUR_RGB('',0.0,0.0,0.0);
#14377=CARTESIAN_POINT('',(1.72000000000016,8.00099999999996,1.5));
#14378=VECTOR('',#18432,1.0);
#14379=DRAUGHTING_PRE_DEFINED_CURVE_FONT('continuous');
#14380=COLOUR_RGB('',0.0,0.0,0.0);
#14381=CARTESIAN_POINT('',(-10.285,0.599999999999994,0.624999999999999));
#14382=VECTOR('',#18433,1.0);
#14383=DRAUGHTING_PRE_DEFINED_CURVE_FONT('continuous');
#14384=COLOUR_RGB('',0.0,0.0,0.0);
#14385=CARTESIAN_POINT('',(-3.35999999999984,8.00099999999996,1.5));
#14386=VECTOR('',#18434,1.0);
#14387=PRE_DEFINED_MARKER('');
#14388=COLOUR_RGB('',0.87058824300766,0.87058824300766,0.87058824300766);
#14389=DRAUGHTING_PRE_DEFINED_CURVE_FONT('continuous');
#14390=COLOUR_RGB('',0.87058824300766,0.87058824300766,0.87058824300766);
#14391=CARTESIAN_POINT('',(-0.0495991785710608,1.90282814901086,-0.16665));
#14392=VECTOR('',#18435,1.0);
#14393=DRAUGHTING_PRE_DEFINED_CURVE_FONT('continuous');
#14394=COLOUR_RGB('',0.0,0.0,0.0);
#14395=CARTESIAN_POINT('',(-2.81000000000011,0.740500000000109,0.999999999999886));
#14396=VECTOR('',#18436,1.0);
#14397=DRAUGHTING_PRE_DEFINED_CURVE_FONT('continuous');
#14398=COLOUR_RGB('',0.87058824300766,0.87058824300766,0.87058824300766);
#14399=CARTESIAN_POINT('',(-1.59000000000034,-2.54999999999999,-0.16665));
#14400=VECTOR('',#18437,1.0);
#14401=SURFACE_SIDE_STYLE('',(#18438));
#14402=EDGE_LOOP('',(#18439,#18440,#18441,#18442));
#14403=AXIS2_PLACEMENT_3D('',#18443,#18444,#18445);
#14404=SURFACE_SIDE_STYLE('',(#18446));
#14405=EDGE_LOOP('',(#18447,#18448,#18449,#18450,#18451,#18452,#18453,#18454,#18455,#18456,#18457,#18458));
#14406=AXIS2_PLACEMENT_3D('',#18459,#18460,#18461);
#14407=SURFACE_SIDE_STYLE('',(#18462));
#14408=EDGE_LOOP('',(#18463,#18464,#18465,#18466));
#14409=AXIS2_PLACEMENT_3D('',#18467,#18468,#18469);
#14410=DRAUGHTING_PRE_DEFINED_CURVE_FONT('continuous');
#14411=COLOUR_RGB('',0.0,0.0,0.0);
#14412=CARTESIAN_POINT('',(8.44000000000007,7.65099999999999,1.5));
#14413=VECTOR('',#18470,1.0);
#14414=SURFACE_SIDE_STYLE('',(#18471));
#14415=EDGE_LOOP('',(#18472,#18473,#18474,#18475));
#14416=AXIS2_PLACEMENT_3D('',#18476,#18477,#18478);
#14417=PRE_DEFINED_MARKER('');
#14418=COLOUR_RGB('',0.87058824300766,0.87058824300766,0.87058824300766);
#14419=DRAUGHTING_PRE_DEFINED_CURVE_FONT('continuous');
#14420=COLOUR_RGB('',0.0,0.0,0.0);
#14421=CARTESIAN_POINT('',(-10.285,0.0,0.77500000000009));
#14422=VECTOR('',#18479,1.0);
#14423=SURFACE_SIDE_STYLE('',(#18480));
#14424=EDGE_LOOP('',(#18481,#18482,#18483,#18484));
#14425=AXIS2_PLACEMENT_3D('',#18485,#18486,#18487);
#14426=DRAUGHTING_PRE_DEFINED_CURVE_FONT('continuous');
#14427=COLOUR_RGB('',0.0,0.0,0.0);
#14428=CARTESIAN_POINT('',(5.3500000000008,0.0,1.13750000000005));
#14429=VECTOR('',#18488,1.0);
#14430=DRAUGHTING_PRE_DEFINED_CURVE_FONT('continuous');
#14431=COLOUR_RGB('',0.0,0.0,0.0);
#14432=CARTESIAN_POINT('',(-10.285,0.150000000000006,0.625000000000113));
#14433=VECTOR('',#18489,1.0);
#14434=PRE_DEFINED_MARKER('');
#14435=COLOUR_RGB('',1.0,0.0,0.0);
#14436=PRE_DEFINED_MARKER('');
#14437=COLOUR_RGB('',0.0,0.0,0.0);
#14438=DRAUGHTING_PRE_DEFINED_CURVE_FONT('continuous');
#14439=COLOUR_RGB('',0.0,0.0,0.0);
#14440=CARTESIAN_POINT('',(1.72000000000016,7.65049999999999,0.450000000000159));
#14441=VECTOR('',#18490,1.0);
#14442=DRAUGHTING_PRE_DEFINED_CURVE_FONT('continuous');
#14443=COLOUR_RGB('',0.87058824300766,0.87058824300766,0.87058824300766);
#14444=CARTESIAN_POINT('',(5.86122065727702,0.753873053988997,0.16665));
#14445=VECTOR('',#18491,1.0);
#14446=DRAUGHTING_PRE_DEFINED_CURVE_FONT('continuous');
#14447=COLOUR_RGB('',0.87058824300766,0.87058824300766,0.87058824300766);
#14448=CARTESIAN_POINT('',(-6.55000000000034,-3.19999999999999,-0.16665));
#14449=VECTOR('',#18492,0.999999999999999);
#14450=DRAUGHTING_PRE_DEFINED_CURVE_FONT('continuous');
#14451=COLOUR_RGB('',0.87058824300766,0.87058824300766,0.87058824300766);
#14452=AXIS2_PLACEMENT_3D('',#18493,#18494,#18495);
#14453=PRE_DEFINED_MARKER('');
#14454=COLOUR_RGB('',0.0,0.0,0.0);
#14455=DRAUGHTING_PRE_DEFINED_CURVE_FONT('continuous');
#14456=COLOUR_RGB('',0.87058824300766,0.87058824300766,0.87058824300766);
#14457=CARTESIAN_POINT('',(4.00999999999966,-3.19999999999999,-0.16665));
#14458=VECTOR('',#18496,1.0);
#14459=DRAUGHTING_PRE_DEFINED_CURVE_FONT('continuous');
#14460=COLOUR_RGB('',0.0,0.0,0.0);
#14461=CARTESIAN_POINT('',(-7.7975,8.49999999999996,-0.949999999999932));
#14462=VECTOR('',#18497,1.0);
#14463=DRAUGHTING_PRE_DEFINED_CURVE_FONT('continuous');
#14464=COLOUR_RGB('',0.0,0.0,0.0);
#14465=AXIS2_PLACEMENT_3D('',#18498,#18499,#18500);
#14466=DRAUGHTING_PRE_DEFINED_CURVE_FONT('continuous');
#14467=COLOUR_RGB('',0.0,0.0,0.0);
#14468=CARTESIAN_POINT('',(-2.81000000000011,0.753873053989039,0.833325));
#14469=VECTOR('',#18501,1.0);
#14470=DRAUGHTING_PRE_DEFINED_CURVE_FONT('continuous');
#14471=COLOUR_RGB('',0.0,0.0,0.0);
#14472=CARTESIAN_POINT('',(-4.8099999999992,0.445500000000164,-0.625));
#14473=VECTOR('',#18502,1.0);
#14474=PRE_DEFINED_MARKER('');
#14475=COLOUR_RGB('',0.87058824300766,0.87058824300766,0.87058824300766);
#14476=PRE_DEFINED_MARKER('');
#14477=COLOUR_RGB('',0.0,0.0,0.0);
#14478=PRE_DEFINED_MARKER('');
#14479=COLOUR_RGB('',0.0,0.0,0.0);
#14480=DRAUGHTING_PRE_DEFINED_CURVE_FONT('continuous');
#14481=COLOUR_RGB('',0.0,0.0,0.0);
#14482=CARTESIAN_POINT('',(-7.3499999999992,0.445500000000164,-0.625));
#14483=VECTOR('',#18503,1.0);
#14484=DRAUGHTING_PRE_DEFINED_CURVE_FONT('continuous');
#14485=COLOUR_RGB('',0.0,0.0,0.0);
#14486=CARTESIAN_POINT('',(-10.285,0.150000000000006,0.625000000000113));
#14487=VECTOR('',#18504,1.0);
#14488=PRE_DEFINED_MARKER('');
#14489=COLOUR_RGB('',0.87058824300766,0.87058824300766,0.87058824300766);
#14490=PRE_DEFINED_MARKER('');
#14491=COLOUR_RGB('',0.87058824300766,0.87058824300766,0.87058824300766);
#14492=DRAUGHTING_PRE_DEFINED_CURVE_FONT('continuous');
#14493=COLOUR_RGB('',0.87058824300766,0.87058824300766,0.87058824300766);
#14494=CARTESIAN_POINT('',(-6.83877934272298,0.753873053988997,0.16665));
#14495=VECTOR('',#18505,1.0);
#14496=PRE_DEFINED_MARKER('');
#14497=COLOUR_RGB('',0.0,0.0,0.0);
#14498=DRAUGHTING_PRE_DEFINED_CURVE_FONT('continuous');
#14499=COLOUR_RGB('',0.87058824300766,0.87058824300766,0.87058824300766);
#14500=CARTESIAN_POINT('',(-8.57000000000034,-2.54999999999999,-0.166650000000001));
#14501=VECTOR('',#18506,1.0);
#14502=DRAUGHTING_PRE_DEFINED_CURVE_FONT('continuous');
#14503=COLOUR_RGB('',0.0,0.0,0.0);
#14504=CARTESIAN_POINT('',(-9.8899999999992,0.753873053988997,0.833324999999999));
#14505=VECTOR('',#18507,1.0);
#14506=PRE_DEFINED_MARKER('');
#14507=COLOUR_RGB('',0.0,0.0,0.0);
#14508=DRAUGHTING_PRE_DEFINED_CURVE_FONT('continuous');
#14509=COLOUR_RGB('',0.87058824300766,0.87058824300766,0.87058824300766);
#14510=CARTESIAN_POINT('',(9.37877934272298,0.753873053989039,-0.166649999999999));
#14511=VECTOR('',#18508,1.0);
#14512=DRAUGHTING_PRE_DEFINED_CURVE_FONT('continuous');
#14513=COLOUR_RGB('',0.0,0.0,0.0);
#14514=CARTESIAN_POINT('',(-10.285,0.599999999999994,0.624999999999999));
#14515=VECTOR('',#18509,1.0);
#14516=DRAUGHTING_PRE_DEFINED_CURVE_FONT('continuous');
#14517=COLOUR_RGB('',0.0,0.0,0.0);
#14518=CARTESIAN_POINT('',(0.270000000000795,0.740500000000165,0.999999999999886));
#14519=VECTOR('',#18510,1.0);
#14520=PRE_DEFINED_MARKER('');
#14521=COLOUR_RGB('',0.0,0.0,0.0);
#14522=PRE_DEFINED_MARKER('');
#14523=COLOUR_RGB('',0.0,0.0,0.0);
#14524=DRAUGHTING_PRE_DEFINED_CURVE_FONT('continuous');
#14525=COLOUR_RGB('',0.0,0.0,0.0);
#14526=CARTESIAN_POINT('',(-10.285,0.599999999999994,-0.625000000000001));
#14527=VECTOR('',#18511,1.0);
#14528=PRE_DEFINED_MARKER('');
#14529=COLOUR_RGB('',0.0,0.0,0.0);
#14530=PRE_DEFINED_MARKER('');
#14531=COLOUR_RGB('',0.0,0.0,0.0);
#14532=PRE_DEFINED_MARKER('');
#14533=COLOUR_RGB('',0.0,0.0,0.0);
#14534=DRAUGHTING_PRE_DEFINED_CURVE_FONT('continuous');
#14535=COLOUR_RGB('',0.0,0.0,0.0);
#14536=CARTESIAN_POINT('',(7.8900000000008,0.0,1.13750000000005));
#14537=VECTOR('',#18512,1.0);
#14538=DRAUGHTING_PRE_DEFINED_CURVE_FONT('continuous');
#14539=COLOUR_RGB('',0.0,0.0,0.0);
#14540=CARTESIAN_POINT('',(-10.285,0.0,-0.775000000000092));
#14541=VECTOR('',#18513,1.0);
#14542=DRAUGHTING_PRE_DEFINED_CURVE_FONT('continuous');
#14543=COLOUR_RGB('',0.0,0.0,0.0);
#14544=CARTESIAN_POINT('',(-7.3499999999992,0.670499999999998,0.624999999999982));
#14545=VECTOR('',#18514,1.0);
#14546=DRAUGHTING_PRE_DEFINED_CURVE_FONT('continuous');
#14547=COLOUR_RGB('',0.0,0.0,0.0);
#14548=CARTESIAN_POINT('',(-6.60000000000006,7.65099999999999,0.450000000000159));
#14549=VECTOR('',#18515,1.0);
#14550=PRE_DEFINED_MARKER('');
#14551=COLOUR_RGB('',0.0,0.0,0.0);
#14552=PRE_DEFINED_MARKER('');
#14553=COLOUR_RGB('',0.0,0.0,0.0);
#14554=SURFACE_SIDE_STYLE('',(#18516));
#14555=EDGE_LOOP('',(#18517,#18518,#18519,#18520,#18521,#18522));
#14556=AXIS2_PLACEMENT_3D('',#18523,#18524,#18525);
#14557=SURFACE_SIDE_STYLE('',(#18526));
#14558=EDGE_LOOP('',(#18527,#18528,#18529,#18530));
#14559=AXIS2_PLACEMENT_3D('',#18531,#18532,#18533);
#14560=DRAUGHTING_PRE_DEFINED_CURVE_FONT('continuous');
#14561=COLOUR_RGB('',0.0,0.0,0.0);
#14562=CARTESIAN_POINT('',(-7.89000000000011,7.64999999999999,1.24999999999994));
#14563=VECTOR('',#18534,1.0);
#14564=PRE_DEFINED_MARKER('');
#14565=COLOUR_RGB('',0.0,0.0,0.0);
#14566=DRAUGHTING_PRE_DEFINED_CURVE_FONT('continuous');
#14567=COLOUR_RGB('',0.87058824300766,0.87058824300766,0.87058824300766);
#14568=CARTESIAN_POINT('',(-6.55000000000034,-3.19999999999999,0.16665));
#14569=VECTOR('',#18535,1.0);
#14570=PRE_DEFINED_MARKER('');
#14571=COLOUR_RGB('',0.0,0.0,0.0);
#14572=PRE_DEFINED_MARKER('');
#14573=COLOUR_RGB('',0.0,0.0,0.0);
#14574=DRAUGHTING_PRE_DEFINED_CURVE_FONT('continuous');
#14575=COLOUR_RGB('',0.87058824300766,0.87058824300766,0.87058824300766);
#14576=CARTESIAN_POINT('',(1.58999999999966,-2.54999999999999,-0.16665));
#14577=VECTOR('',#18536,1.0);
#14578=SURFACE_SIDE_STYLE('',(#18537));
#14579=EDGE_LOOP('',(#18538,#18539,#18540,#18541));
#14580=AXIS2_PLACEMENT_3D('',#18542,#18543,#18544);
#14581=SURFACE_SIDE_STYLE('',(#18545));
#14582=EDGE_LOOP('',(#18546,#18547,#18548,#18549));
#14583=AXIS2_PLACEMENT_3D('',#18550,#18551,#18552);
#14584=DRAUGHTING_PRE_DEFINED_CURVE_FONT('continuous');
#14585=COLOUR_RGB('',0.0,0.0,0.0);
#14586=CARTESIAN_POINT('',(-5.35000000000011,7.65099999999999,1.5));
#14587=VECTOR('',#18553,1.0);
#14588=SURFACE_SIDE_STYLE('',(#18554));
#14589=EDGE_LOOP('',(#18555,#18556,#18557,#18558));
#14590=AXIS2_PLACEMENT_3D('',#18559,#18560,#18561);
#14591=DRAUGHTING_PRE_DEFINED_CURVE_FONT('continuous');
#14592=COLOUR_RGB('',0.87058824300766,0.87058824300766,0.87058824300766);
#14593=CARTESIAN_POINT('',(8.68999999999966,-3.19999999999999,0.166650000000001));
#14594=VECTOR('',#18562,0.999999999999999);
#14595=DRAUGHTING_PRE_DEFINED_CURVE_FONT('continuous');
#14596=COLOUR_RGB('',0.87058824300766,0.87058824300766,0.87058824300766);
#14597=CARTESIAN_POINT('',(-6.67000000000034,0.587206387322199,0.16665));
#14598=VECTOR('',#18563,1.0);
#14599=PRE_DEFINED_MARKER('');
#14600=COLOUR_RGB('',0.0,0.0,0.0);
#14601=DRAUGHTING_PRE_DEFINED_CURVE_FONT('continuous');
#14602=COLOUR_RGB('',0.0,0.0,0.0);
#14603=CARTESIAN_POINT('',(5.3500000000008,0.445500000000164,-0.625));
#14604=VECTOR('',#18564,1.0);
#14605=DRAUGHTING_PRE_DEFINED_CURVE_FONT('continuous');
#14606=COLOUR_RGB('',0.87058824300766,0.87058824300766,0.87058824300766);
#14607=CARTESIAN_POINT('',(-0.0495991785710608,1.90282814901086,0.16665));
#14608=VECTOR('',#18565,1.0);
#14609=PRE_DEFINED_MARKER('');
#14610=COLOUR_RGB('',0.0,0.0,0.0);
#14611=SURFACE_SIDE_STYLE('',(#18566));
#14612=EDGE_LOOP('',(#18567,#18568,#18569,#18570));
#14613=AXIS2_PLACEMENT_3D('',#18571,#18572,#18573);
#14614=PRE_DEFINED_MARKER('');
#14615=COLOUR_RGB('',0.0,0.0,0.0);
#14616=PRE_DEFINED_MARKER('');
#14617=COLOUR_RGB('',0.87058824300766,0.87058824300766,0.87058824300766);
#14618=DRAUGHTING_PRE_DEFINED_CURVE_FONT('continuous');
#14619=COLOUR_RGB('',0.0,0.0,0.0);
#14620=CARTESIAN_POINT('',(-9.59,7.6375,0.450000000000159));
#14621=VECTOR('',#18574,1.0);
#14622=DRAUGHTING_PRE_DEFINED_CURVE_FONT('continuous');
#14623=COLOUR_RGB('',0.87058824300766,0.87058824300766,0.87058824300766);
#14624=CARTESIAN_POINT('',(10.1104008214289,1.90282814901086,0.166650000000001));
#14625=VECTOR('',#18575,1.0);
#14626=SURFACE_SIDE_STYLE('',(#18576));
#14627=EDGE_LOOP('',(#18577,#18578,#18579,#18580));
#14628=AXIS2_PLACEMENT_3D('',#18581,#18582,#18583);
#14629=SURFACE_SIDE_STYLE('',(#18584));
#14630=EDGE_LOOP('',(#18585,#18586,#18587,#18588,#18589,#18590,#18591,#18592,#18593,#18594,#18595,#18596,#18597,#18598,#18599,#18600,#18601,#18602,#18603,#18604,#18605,#18606,#18607,#18608,#18609,#18610,#18611,#18612,#18613,#18614,#18615,#18616,#18617,#18618,#18619,#18620));
#14631=AXIS2_PLACEMENT_3D('',#18621,#18622,#18623);
#14632=PRE_DEFINED_MARKER('');
#14633=COLOUR_RGB('',0.0,0.0,0.0);
#14634=PRE_DEFINED_MARKER('');
#14635=COLOUR_RGB('',0.0,0.0,0.0);
#14636=DRAUGHTING_PRE_DEFINED_CURVE_FONT('continuous');
#14637=COLOUR_RGB('',0.0,0.0,0.0);
#14638=CARTESIAN_POINT('',(-10.285,0.0,0.77500000000009));
#14639=VECTOR('',#18624,1.0);
#14640=DRAUGHTING_PRE_DEFINED_CURVE_FONT('continuous');
#14641=COLOUR_RGB('',0.0,0.0,0.0);
#14642=CARTESIAN_POINT('',(10.285,8.49999999999997,1.25));
#14643=VECTOR('',#18625,1.0);
#14644=DRAUGHTING_PRE_DEFINED_CURVE_FONT('continuous');
#14645=COLOUR_RGB('',0.0,0.0,0.0);
#14646=CARTESIAN_POINT('',(4.80999999999989,0.30221311391666,-0.16665));
#14647=VECTOR('',#18626,1.0);
#14648=PRE_DEFINED_MARKER('');
#14649=COLOUR_RGB('',1.0,0.0,0.0);
#14650=PRE_DEFINED_MARKER('');
#14651=COLOUR_RGB('',0.87058824300766,0.87058824300766,0.87058824300766);
#14652=DRAUGHTING_PRE_DEFINED_CURVE_FONT('continuous');
#14653=COLOUR_RGB('',0.0,0.0,0.0);
#14654=CARTESIAN_POINT('',(-10.285,0.599999999999994,-0.625000000000001));
#14655=VECTOR('',#18627,1.0);
#14656=DRAUGHTING_PRE_DEFINED_CURVE_FONT('continuous');
#14657=COLOUR_RGB('',0.87058824300766,0.87058824300766,0.87058824300766);
#14658=CARTESIAN_POINT('',(-8.40122065727702,0.753873053989039,-0.16665));
#14659=VECTOR('',#18628,1.0);
#14660=DRAUGHTING_PRE_DEFINED_CURVE_FONT('continuous');
#14661=COLOUR_RGB('',0.0,0.0,0.0);
#14662=CARTESIAN_POINT('',(-7.3499999999992,0.302213113916717,-0.16665));
#14663=VECTOR('',#18629,1.0);
#14664=DRAUGHTING_PRE_DEFINED_CURVE_FONT('continuous');
#14665=COLOUR_RGB('',0.87058824300766,0.87058824300766,0.87058824300766);
#14666=CARTESIAN_POINT('',(-0.95000000000034,-2.54999999999999,0.16665));
#14667=VECTOR('',#18630,1.0);
#14668=DRAUGHTING_PRE_DEFINED_CURVE_FONT('continuous');
#14669=COLOUR_RGB('',0.87058824300766,0.87058824300766,0.87058824300766);
#14670=CARTESIAN_POINT('',(-4.01000000000034,-3.19999999999999,0.16665));
#14671=VECTOR('',#18631,1.0);
#14672=PRE_DEFINED_MARKER('');
#14673=COLOUR_RGB('',0.0,0.0,0.0);
#14674=DRAUGHTING_PRE_DEFINED_CURVE_FONT('continuous');
#14675=COLOUR_RGB('',0.0,0.0,0.0);
#14676=AXIS2_PLACEMENT_3D('',#18632,#18633,#18634);
#14677=PRE_DEFINED_MARKER('');
#14678=COLOUR_RGB('',0.87058824300766,0.87058824300766,0.87058824300766);
#14679=DRAUGHTING_PRE_DEFINED_CURVE_FONT('continuous');
#14680=COLOUR_RGB('',0.0,0.0,0.0);
#14681=CARTESIAN_POINT('',(-2.2699999999992,0.670499999999998,0.624999999999982));
#14682=VECTOR('',#18635,1.0);
#14683=DRAUGHTING_PRE_DEFINED_CURVE_FONT('continuous');
#14684=COLOUR_RGB('',0.0,0.0,0.0);
#14685=CARTESIAN_POINT('',(-5.35000000000011,4.19550000000005,0.450000000000159));
#14686=VECTOR('',#18636,1.0);
#14687=PRE_DEFINED_MARKER('');
#14688=COLOUR_RGB('',0.87058824300766,0.87058824300766,0.87058824300766);
#14689=PRE_DEFINED_MARKER('');
#14690=COLOUR_RGB('',0.87058824300766,0.87058824300766,0.87058824300766);
#14691=DRAUGHTING_PRE_DEFINED_CURVE_FONT('continuous');
#14692=COLOUR_RGB('',0.0,0.0,0.0);
#14693=CARTESIAN_POINT('',(-10.285,0.599999999999994,-0.625000000000001));
#14694=VECTOR('',#18637,1.0);
#14696=SURFACE_STYLE_FILL_AREA(#18638);
#14697=ORIENTED_EDGE('',*,*,#3100,.F.);
#14698=ORIENTED_EDGE('',*,*,#1960,.F.);
#14699=ORIENTED_EDGE('',*,*,#5106,.T.);
#14700=ORIENTED_EDGE('',*,*,#4022,.F.);
#14701=ORIENTED_EDGE('',*,*,#4424,.F.);
#14702=ORIENTED_EDGE('',*,*,#3886,.F.);
#14703=CARTESIAN_POINT('',(-3.35999999999984,7.65099999999999,1.5));
#14704=DIRECTION('',(1.0,0.0,1.22460635382238E-016));
#14705=DIRECTION('',(0.0,-1.0,0.0));
#14706=SURFACE_STYLE_FILL_AREA(#18639);
#14707=ORIENTED_EDGE('',*,*,#3822,.F.);
#14708=ORIENTED_EDGE('',*,*,#5174,.F.);
#14709=ORIENTED_EDGE('',*,*,#2820,.T.);
#14710=ORIENTED_EDGE('',*,*,#3376,.F.);
#14711=ORIENTED_EDGE('',*,*,#4476,.F.);
#14712=ORIENTED_EDGE('',*,*,#4344,.F.);
#14713=ORIENTED_EDGE('',*,*,#2154,.F.);
#14714=ORIENTED_EDGE('',*,*,#3126,.T.);
#14715=ORIENTED_EDGE('',*,*,#4324,.T.);
#14716=ORIENTED_EDGE('',*,*,#4182,.T.);
#14717=ORIENTED_EDGE('',*,*,#2004,.F.);
#14718=ORIENTED_EDGE('',*,*,#3380,.T.);
#14719=CARTESIAN_POINT('',(-6.35543127531429,-0.136573772166789,0.16665));
#14720=DIRECTION('',(1.22460635382238E-016,0.0,-1.0));
#14721=DIRECTION('',(-1.0,0.0,-1.22460635382238E-016));
#14722=DIRECTION('',(-0.577350269189626,0.577350269189626,0.577350269189626));
#14723=DIRECTION('',(0.181547479456103,-0.983382180387227,2.22324196862382E-017));
#14724=SURFACE_STYLE_FILL_AREA(#18640);
#14725=ORIENTED_EDGE('',*,*,#1922,.F.);
#14726=ORIENTED_EDGE('',*,*,#5050,.T.);
#14727=ORIENTED_EDGE('',*,*,#2874,.F.);
#14728=ORIENTED_EDGE('',*,*,#2278,.F.);
#14729=CARTESIAN_POINT('',(7.34999999999989,7.65099999999999,1.5));
#14730=DIRECTION('',(0.0,1.0,0.0));
#14731=DIRECTION('',(1.0,0.0,1.22460635382238E-016));
#14732=DIRECTION('',(-1.22460635382238E-016,0.0,1.0));
#14733=DIRECTION('',(0.577350269189626,0.577350269189626,-0.577350269189626));
#14734=CARTESIAN_POINT('',(-4.8099999999992,0.150000000000105,-0.775000000000205));
#14735=DIRECTION('',(-1.0,0.0,-1.22460635382238E-016));
#14736=DIRECTION('',(1.22460635382238E-016,0.0,-1.0));
#14737=DIRECTION('',(1.22460635382238E-016,0.0,-1.0));
#14738=SURFACE_STYLE_FILL_AREA(#18641);
#14739=ORIENTED_EDGE('',*,*,#4452,.F.);
#14740=ORIENTED_EDGE('',*,*,#3488,.T.);
#14741=ORIENTED_EDGE('',*,*,#2188,.T.);
#14742=ORIENTED_EDGE('',*,*,#3644,.T.);
#14743=CARTESIAN_POINT('',(-2.77,0.740000000000109,0.999999999999886));
#14744=DIRECTION('',(-6.12303176911189E-017,0.0,1.0));
#14745=DIRECTION('',(0.0,-1.0,0.0));
#14746=SURFACE_STYLE_FILL_AREA(#18642);
#14747=ORIENTED_EDGE('',*,*,#2928,.T.);
#14748=ORIENTED_EDGE('',*,*,#4726,.F.);
#14749=ORIENTED_EDGE('',*,*,#2170,.T.);
#14750=ORIENTED_EDGE('',*,*,#3160,.T.);
#14751=CARTESIAN_POINT('',(-10.285,0.599999999999994,0.624999999999999));
#14752=DIRECTION('',(6.12303176911189E-017,-2.52637417159153E-013,-1.0));
#14753=DIRECTION('',(1.54690693133187E-029,1.0,-2.52637417159153E-013));
#14754=SURFACE_STYLE_FILL_AREA(#18643);
#14755=ORIENTED_EDGE('',*,*,#3148,.T.);
#14756=ORIENTED_EDGE('',*,*,#5286,.F.);
#14757=ORIENTED_EDGE('',*,*,#2180,.T.);
#14758=ORIENTED_EDGE('',*,*,#2512,.T.);
#14759=CARTESIAN_POINT('',(-4.13000000000034,-2.54999999999999,0.16665));
#14760=DIRECTION('',(-0.983382180387227,-0.181547479456103,-1.2042560663379E-016));
#14761=DIRECTION('',(-0.181547479456103,0.983382180387227,-2.22324196862382E-017));
#14762=DIRECTION('',(1.22460635382238E-016,0.0,-1.0));
#14763=SURFACE_STYLE_FILL_AREA(#18644);
#14764=ORIENTED_EDGE('',*,*,#3294,.F.);
#14765=ORIENTED_EDGE('',*,*,#4028,.F.);
#14766=ORIENTED_EDGE('',*,*,#5088,.T.);
#14767=ORIENTED_EDGE('',*,*,#2562,.T.);
#14768=CARTESIAN_POINT('',(4.29877934272298,0.753873053989039,0.16665));
#14769=DIRECTION('',(0.0,-1.0,0.0));
#14770=DIRECTION('',(-1.0,0.0,-1.22460635382238E-016));
#14771=CARTESIAN_POINT('',(0.779703704468465,0.583544139278076,-0.16665));
#14772=DIRECTION('',(1.22460635382238E-016,0.0,-1.0));
#14773=DIRECTION('',(-1.0,0.0,-1.22460635382238E-016));
#14774=DIRECTION('',(0.0,1.0,0.0));
#14775=SURFACE_STYLE_FILL_AREA(#18645);
#14776=ORIENTED_EDGE('',*,*,#3502,.T.);
#14777=ORIENTED_EDGE('',*,*,#4458,.F.);
#14778=ORIENTED_EDGE('',*,*,#3048,.T.);
#14779=ORIENTED_EDGE('',*,*,#4664,.T.);
#14780=CARTESIAN_POINT('',(-10.285,0.599999999999994,-0.625000000000001));
#14781=DIRECTION('',(0.0,-1.0,0.0));
#14782=DIRECTION('',(6.12303176911189E-017,0.0,-1.0));
#14783=DIRECTION('',(0.0,-1.0,0.0));
#14784=SURFACE_STYLE_FILL_AREA(#18646);
#14785=ORIENTED_EDGE('',*,*,#3716,.F.);
#14786=ORIENTED_EDGE('',*,*,#4628,.F.);
#14787=ORIENTED_EDGE('',*,*,#4278,.T.);
#14788=ORIENTED_EDGE('',*,*,#2080,.F.);
#14789=ORIENTED_EDGE('',*,*,#2744,.F.);
#14790=ORIENTED_EDGE('',*,*,#5030,.F.);
#14791=CARTESIAN_POINT('',(0.820000000000068,8.00099999999996,1.5));
#14792=DIRECTION('',(-1.0,0.0,-1.22460635382238E-016));
#14793=DIRECTION('',(0.0,1.0,0.0));
#14794=DIRECTION('',(1.0,0.0,6.12303176911189E-017));
#14795=DIRECTION('',(0.577350269189626,0.577350269189626,-0.577350269189626));
#14796=SURFACE_STYLE_FILL_AREA(#18647);
#14797=ORIENTED_EDGE('',*,*,#5270,.F.);
#14798=ORIENTED_EDGE('',*,*,#2394,.F.);
#14799=ORIENTED_EDGE('',*,*,#2612,.F.);
#14800=ORIENTED_EDGE('',*,*,#3090,.F.);
#14801=ORIENTED_EDGE('',*,*,#4106,.F.);
#14802=ORIENTED_EDGE('',*,*,#3302,.F.);
#14803=ORIENTED_EDGE('',*,*,#3146,.F.);
#14804=ORIENTED_EDGE('',*,*,#5072,.F.);
#14805=ORIENTED_EDGE('',*,*,#2804,.F.);
#14806=ORIENTED_EDGE('',*,*,#3684,.F.);
#14807=CARTESIAN_POINT('',(10.285,4.10095653380422,-3.72787155420058E-015));
#14808=DIRECTION('',(1.0,0.0,6.12303176911189E-017));
#14809=DIRECTION('',(6.12303176911189E-017,0.0,-1.0));
#14810=SURFACE_STYLE_FILL_AREA(#18648);
#14811=ORIENTED_EDGE('',*,*,#2134,.T.);
#14812=ORIENTED_EDGE('',*,*,#2514,.T.);
#14813=ORIENTED_EDGE('',*,*,#4262,.T.);
#14814=ORIENTED_EDGE('',*,*,#2970,.T.);
#14815=ORIENTED_EDGE('',*,*,#3546,.T.);
#14816=ORIENTED_EDGE('',*,*,#3166,.F.);
#14817=CARTESIAN_POINT('',(2.31,8.49999999999996,-0.949999999999932));
#14818=DIRECTION('',(4.32963728535968E-017,-0.707106781186548,-0.707106781186548));
#14819=DIRECTION('',(4.32963728535968E-017,0.707106781186548,-0.707106781186548));
#14820=CARTESIAN_POINT('',(9.38029629553223,0.583544139276829,-0.166649999999999));
#14821=DIRECTION('',(1.22460635382238E-016,0.0,-1.0));
#14822=DIRECTION('',(-1.0,0.0,-1.22460635382238E-016));
#14823=DIRECTION('',(1.22460635382238E-016,0.0,-1.0));
#14824=DIRECTION('',(0.0,-1.0,0.0));
#14825=DIRECTION('',(0.0,-1.0,0.0));
#14826=SURFACE_STYLE_FILL_AREA(#18649);
#14827=ORIENTED_EDGE('',*,*,#2668,.F.);
#14828=ORIENTED_EDGE('',*,*,#4980,.F.);
#14829=ORIENTED_EDGE('',*,*,#2814,.F.);
#14830=ORIENTED_EDGE('',*,*,#3442,.F.);
#14831=ORIENTED_EDGE('',*,*,#3530,.F.);
#14832=ORIENTED_EDGE('',*,*,#2042,.F.);
#14833=ORIENTED_EDGE('',*,*,#2660,.F.);
#14834=ORIENTED_EDGE('',*,*,#4658,.F.);
#14835=ORIENTED_EDGE('',*,*,#3148,.F.);
#14836=ORIENTED_EDGE('',*,*,#4746,.F.);
#14837=ORIENTED_EDGE('',*,*,#4142,.F.);
#14838=ORIENTED_EDGE('',*,*,#4416,.F.);
#14839=CARTESIAN_POINT('',(-3.81543127531429,-0.136573772166789,-0.16665));
#14840=DIRECTION('',(1.22460635382238E-016,0.0,-1.0));
#14841=DIRECTION('',(-1.0,0.0,-1.22460635382238E-016));
#14842=DIRECTION('',(1.22460635382238E-016,0.0,-1.0));
#14843=DIRECTION('',(3.09381386266373E-029,1.0,-2.52637417159153E-013));
#14844=DIRECTION('',(0.0,-1.0,0.0));
#14845=DIRECTION('',(-1.0,0.0,-6.12303176911189E-017));
#14846=SURFACE_STYLE_FILL_AREA(#18650);
#14847=ORIENTED_EDGE('',*,*,#3314,.T.);
#14848=ORIENTED_EDGE('',*,*,#3116,.F.);
#14849=ORIENTED_EDGE('',*,*,#2678,.T.);
#14850=ORIENTED_EDGE('',*,*,#4620,.T.);
#14851=CARTESIAN_POINT('',(0.949999999999658,-2.54999999999999,0.16665));
#14852=DIRECTION('',(-0.983382180387227,-0.181547479456103,-1.2042560663379E-016));
#14853=DIRECTION('',(-0.181547479456103,0.983382180387227,-2.22324196862382E-017));
#14854=SURFACE_STYLE_FILL_AREA(#18651);
#14855=ORIENTED_EDGE('',*,*,#3020,.F.);
#14856=ORIENTED_EDGE('',*,*,#3546,.F.);
#14857=ORIENTED_EDGE('',*,*,#3260,.F.);
#14858=ORIENTED_EDGE('',*,*,#3688,.F.);
#14859=CARTESIAN_POINT('',(4.26000000000016,8.00099999999996,1.5));
#14860=DIRECTION('',(0.707106781186548,-0.707106781186548,8.65927457071936E-017));
#14861=DIRECTION('',(-0.707106781186548,-0.707106781186548,-8.65927457071936E-017));
#14862=DIRECTION('',(0.0,-1.0,0.0));
#14863=DIRECTION('',(1.22460635382238E-016,0.0,-1.0));
#14864=DIRECTION('',(0.0,1.0,0.0));
#14865=DIRECTION('',(0.0,-1.0,0.0));
#14866=SURFACE_STYLE_FILL_AREA(#18652);
#14867=ORIENTED_EDGE('',*,*,#2402,.T.);
#14868=ORIENTED_EDGE('',*,*,#2020,.F.);
#14869=ORIENTED_EDGE('',*,*,#4064,.T.);
#14870=ORIENTED_EDGE('',*,*,#2120,.T.);
#14871=ORIENTED_EDGE('',*,*,#3518,.T.);
#14872=ORIENTED_EDGE('',*,*,#2036,.F.);
#14873=ORIENTED_EDGE('',*,*,#4752,.T.);
#14874=ORIENTED_EDGE('',*,*,#3192,.T.);
#14875=CARTESIAN_POINT('',(-10.39,7.64999999999999,-0.449999999999932));
#14876=DIRECTION('',(0.0,1.0,0.0));
#14877=DIRECTION('',(-6.12303176911189E-017,0.0,1.0));
#14878=DIRECTION('',(-0.181547479456103,0.983382180387227,-2.22324196862382E-017));
#14879=DIRECTION('',(1.0,0.0,6.12303176911189E-017));
#14880=DIRECTION('',(-1.22460635382238E-016,0.0,1.0));
#14881=SURFACE_STYLE_FILL_AREA(#18653);
#14882=ORIENTED_EDGE('',*,*,#2526,.F.);
#14883=ORIENTED_EDGE('',*,*,#2174,.T.);
#14884=ORIENTED_EDGE('',*,*,#2284,.F.);
#14885=ORIENTED_EDGE('',*,*,#4462,.F.);
#14886=CARTESIAN_POINT('',(-6.79999999999993,7.65099999999999,1.5));
#14887=DIRECTION('',(0.0,1.0,0.0));
#14888=DIRECTION('',(1.0,0.0,1.22460635382238E-016));
#14889=DIRECTION('',(1.22460635382238E-016,0.0,-1.0));
#14890=DIRECTION('',(1.0,0.0,6.12303176911189E-017));
#14891=DIRECTION('',(1.22460635382238E-016,0.0,-1.0));
#14892=DIRECTION('',(0.0,1.0,0.0));
#14893=DIRECTION('',(1.22460635382238E-016,0.0,-1.0));
#14894=DIRECTION('',(1.22460635382238E-016,0.0,-1.0));
#14895=SURFACE_STYLE_FILL_AREA(#18654);
#14896=ORIENTED_EDGE('',*,*,#5158,.T.);
#14897=ORIENTED_EDGE('',*,*,#5194,.F.);
#14898=ORIENTED_EDGE('',*,*,#4522,.T.);
#14899=ORIENTED_EDGE('',*,*,#3272,.T.);
#14900=CARTESIAN_POINT('',(-10.285,0.150000000000105,-0.625000000000001));
#14901=DIRECTION('',(-6.12303176911189E-017,0.0,1.0));
#14902=DIRECTION('',(0.0,-1.0,0.0));
#14903=SURFACE_STYLE_FILL_AREA(#18655);
#14904=ORIENTED_EDGE('',*,*,#4144,.T.);
#14905=ORIENTED_EDGE('',*,*,#5094,.F.);
#14906=ORIENTED_EDGE('',*,*,#4808,.T.);
#14907=ORIENTED_EDGE('',*,*,#2784,.T.);
#14908=CARTESIAN_POINT('',(-10.285,0.150000000000105,-0.775000000000205));
#14909=DIRECTION('',(-1.0,0.0,-6.12303176911189E-017));
#14910=DIRECTION('',(6.12303176911189E-017,0.0,-1.0));
#14911=DIRECTION('',(1.22460635382238E-016,0.0,-1.0));
#14912=SURFACE_STYLE_FILL_AREA(#18656);
#14913=ORIENTED_EDGE('',*,*,#2942,.T.);
#14914=ORIENTED_EDGE('',*,*,#4948,.F.);
#14915=ORIENTED_EDGE('',*,*,#5056,.F.);
#14916=ORIENTED_EDGE('',*,*,#4134,.T.);
#14917=CARTESIAN_POINT('',(8.39970370446846,0.583544139278076,0.16665));
#14918=DIRECTION('',(-1.22460635382238E-016,0.0,1.0));
#14919=DIRECTION('',(-1.0,0.0,-1.22460635382238E-016));
#14920=DIRECTION('',(8.65927457071936E-017,-0.707106781186548,-0.707106781186548));
#14921=SURFACE_STYLE_FILL_AREA(#18657);
#14922=ORIENTED_EDGE('',*,*,#4380,.T.);
#14923=ORIENTED_EDGE('',*,*,#2004,.T.);
#14924=ORIENTED_EDGE('',*,*,#2236,.T.);
#14925=ORIENTED_EDGE('',*,*,#3908,.T.);
#14926=ORIENTED_EDGE('',*,*,#2936,.F.);
#14927=ORIENTED_EDGE('',*,*,#4382,.F.);
#14928=ORIENTED_EDGE('',*,*,#4522,.F.);
#14929=ORIENTED_EDGE('',*,*,#2790,.F.);
#14930=ORIENTED_EDGE('',*,*,#2850,.F.);
#14931=ORIENTED_EDGE('',*,*,#4474,.F.);
#14932=ORIENTED_EDGE('',*,*,#3178,.F.);
#14933=ORIENTED_EDGE('',*,*,#4490,.F.);
#14934=ORIENTED_EDGE('',*,*,#4042,.F.);
#14935=ORIENTED_EDGE('',*,*,#5296,.F.);
#14936=ORIENTED_EDGE('',*,*,#5234,.T.);
#14937=ORIENTED_EDGE('',*,*,#4138,.F.);
#14938=ORIENTED_EDGE('',*,*,#4496,.F.);
#14939=ORIENTED_EDGE('',*,*,#4084,.F.);
#14940=CARTESIAN_POINT('',(-5.35000000000011,0.741000000000109,1.5));
#14941=DIRECTION('',(1.0,0.0,1.22460635382238E-016));
#14942=DIRECTION('',(0.0,-1.0,0.0));
#14943=SURFACE_STYLE_FILL_AREA(#18658);
#14944=ORIENTED_EDGE('',*,*,#2394,.T.);
#14945=ORIENTED_EDGE('',*,*,#1976,.F.);
#14946=ORIENTED_EDGE('',*,*,#4218,.F.);
#14947=ORIENTED_EDGE('',*,*,#2290,.T.);
#14948=CARTESIAN_POINT('',(-10.285,0.0,1.25));
#14949=DIRECTION('',(-6.12303176911189E-017,0.0,1.0));
#14950=DIRECTION('',(0.0,-1.0,0.0));
#14951=SURFACE_STYLE_FILL_AREA(#18659);
#14952=ORIENTED_EDGE('',*,*,#2620,.F.);
#14953=ORIENTED_EDGE('',*,*,#4416,.T.);
#14954=ORIENTED_EDGE('',*,*,#2014,.F.);
#14955=ORIENTED_EDGE('',*,*,#2868,.T.);
#14956=CARTESIAN_POINT('',(-5.05260659790298,0.753873053988997,0.16665));
#14957=DIRECTION('',(0.0,-1.0,0.0));
#14958=DIRECTION('',(-1.0,0.0,-1.22460635382238E-016));
#14959=SURFACE_STYLE_FILL_AREA(#18660);
#14960=ORIENTED_EDGE('',*,*,#3850,.F.);
#14961=ORIENTED_EDGE('',*,*,#2198,.T.);
#14962=ORIENTED_EDGE('',*,*,#4096,.F.);
#14963=ORIENTED_EDGE('',*,*,#1864,.T.);
#14964=CARTESIAN_POINT('',(2.31,0.740000000000222,-0.999999999999204));
#14965=DIRECTION('',(6.12303176911189E-017,0.0,-1.0));
#14966=DIRECTION('',(0.0,1.0,0.0));
#14967=SURFACE_STYLE_FILL_AREA(#18661);
#14968=ORIENTED_EDGE('',*,*,#4222,.T.);
#14969=ORIENTED_EDGE('',*,*,#2490,.F.);
#14970=ORIENTED_EDGE('',*,*,#2832,.T.);
#14971=ORIENTED_EDGE('',*,*,#4468,.T.);
#14972=CARTESIAN_POINT('',(-9.21000000000034,0.587206387322199,0.166649999999999));
#14973=DIRECTION('',(-1.0,0.0,-1.22460635382238E-016));
#14974=DIRECTION('',(0.0,1.0,0.0));
#14975=DIRECTION('',(1.0,0.0,6.12303176911189E-017));
#14976=DIRECTION('',(0.0,-1.0,0.0));
#14977=DIRECTION('',(1.0,0.0,6.12303176911189E-017));
#14978=DIRECTION('',(1.22460635382238E-016,0.0,-1.0));
#14979=DIRECTION('',(1.0,0.0,6.12303176911189E-017));
#14980=SURFACE_STYLE_FILL_AREA(#18662);
#14981=ORIENTED_EDGE('',*,*,#4852,.T.);
#14982=ORIENTED_EDGE('',*,*,#2404,.F.);
#14983=ORIENTED_EDGE('',*,*,#3126,.F.);
#14984=ORIENTED_EDGE('',*,*,#2676,.T.);
#14985=CARTESIAN_POINT('',(-6.03000000000034,-2.54999999999999,0.16665));
#14986=DIRECTION('',(1.0,0.0,1.22460635382238E-016));
#14987=DIRECTION('',(0.0,-1.0,0.0));
#14988=DIRECTION('',(1.0,0.0,6.12303176911189E-017));
#14989=SURFACE_STYLE_FILL_AREA(#18663);
#14990=ORIENTED_EDGE('',*,*,#4962,.T.);
#14991=ORIENTED_EDGE('',*,*,#2704,.T.);
#14992=ORIENTED_EDGE('',*,*,#3804,.T.);
#14993=ORIENTED_EDGE('',*,*,#4530,.T.);
#14994=ORIENTED_EDGE('',*,*,#3394,.T.);
#14995=ORIENTED_EDGE('',*,*,#3032,.F.);
#14996=CARTESIAN_POINT('',(4.85,8.49999999999996,-0.949999999999931));
#14997=DIRECTION('',(4.32963728535968E-017,-0.707106781186548,-0.707106781186548));
#14998=DIRECTION('',(4.32963728535968E-017,0.707106781186548,-0.707106781186548));
#14999=DIRECTION('',(1.0,0.0,6.12303176911189E-017));
#15000=DIRECTION('',(-0.577350269189626,0.577350269189626,0.577350269189626));
#15001=DIRECTION('',(-1.0,0.0,-1.22460635382238E-016));
#15002=DIRECTION('',(0.0,-1.0,0.0));
#15003=SURFACE_STYLE_FILL_AREA(#18664);
#15004=ORIENTED_EDGE('',*,*,#3152,.F.);
#15005=ORIENTED_EDGE('',*,*,#3988,.T.);
#15006=ORIENTED_EDGE('',*,*,#4734,.F.);
#15007=ORIENTED_EDGE('',*,*,#2438,.T.);
#15008=CARTESIAN_POINT('',(-8.57,7.68,0.0));
#15009=DIRECTION('',(-1.0,0.0,0.0));
#15010=DIRECTION('',(0.0,0.0,1.0));
#15011=SURFACE_STYLE_FILL_AREA(#18665);
#15012=ORIENTED_EDGE('',*,*,#3962,.T.);
#15013=ORIENTED_EDGE('',*,*,#3388,.T.);
#15014=ORIENTED_EDGE('',*,*,#5156,.T.);
#15015=ORIENTED_EDGE('',*,*,#2814,.T.);
#15016=ORIENTED_EDGE('',*,*,#3228,.F.);
#15017=ORIENTED_EDGE('',*,*,#2624,.F.);
#15018=ORIENTED_EDGE('',*,*,#2264,.F.);
#15019=ORIENTED_EDGE('',*,*,#4296,.F.);
#15020=ORIENTED_EDGE('',*,*,#3200,.F.);
#15021=ORIENTED_EDGE('',*,*,#3566,.F.);
#15022=ORIENTED_EDGE('',*,*,#2866,.F.);
#15023=ORIENTED_EDGE('',*,*,#5112,.F.);
#15024=ORIENTED_EDGE('',*,*,#3054,.F.);
#15025=ORIENTED_EDGE('',*,*,#3368,.F.);
#15026=ORIENTED_EDGE('',*,*,#3246,.T.);
#15027=ORIENTED_EDGE('',*,*,#2352,.F.);
#15028=ORIENTED_EDGE('',*,*,#4822,.F.);
#15029=ORIENTED_EDGE('',*,*,#3390,.F.);
#15030=CARTESIAN_POINT('',(-2.81000000000011,0.741000000000109,1.5));
#15031=DIRECTION('',(1.0,0.0,1.22460635382238E-016));
#15032=DIRECTION('',(0.0,-1.0,0.0));
#15033=DIRECTION('',(1.22460635382238E-016,0.0,-1.0));
#15034=DIRECTION('',(1.22460635382238E-016,0.0,-1.0));
#15035=DIRECTION('',(1.0,0.0,6.12303176911189E-017));
#15036=DIRECTION('',(1.22460635382238E-016,0.0,-1.0));
#15037=DIRECTION('',(1.0,0.0,6.12303176911189E-017));
#15038=DIRECTION('',(1.0,0.0,1.22460635382238E-016));
#15039=DIRECTION('',(1.22460635382238E-016,0.0,-1.0));
#15040=DIRECTION('',(3.09381386266373E-029,1.0,-2.52637417159153E-013));
#15041=DIRECTION('',(1.0,0.0,6.12303176911189E-017));
#15042=DIRECTION('',(0.0,1.0,0.0));
#15043=DIRECTION('',(1.22460635382238E-016,0.0,-1.0));
#15044=DIRECTION('',(1.0,0.0,6.12303176911189E-017));
#15045=DIRECTION('',(1.0,0.0,6.12303176911189E-017));
#15046=DIRECTION('',(-3.09381386266373E-029,-1.0,2.52637417159153E-013));
#15047=CARTESIAN_POINT('',(0.270000000000795,0.150000000000105,-0.775000000000205));
#15048=DIRECTION('',(-1.0,0.0,-1.22460635382238E-016));
#15049=DIRECTION('',(1.22460635382238E-016,0.0,-1.0));
#15050=DIRECTION('',(0.0,-1.0,0.0));
#15051=DIRECTION('',(1.0,0.0,6.12303176911189E-017));
#15052=DIRECTION('',(-8.65927457071936E-017,0.707106781186548,0.707106781186548));
#15053=DIRECTION('',(0.0,-1.0,0.0));
#15054=DIRECTION('',(1.0,0.0,6.12303176911189E-017));
#15055=DIRECTION('',(0.0,-1.0,0.0));
#15056=SURFACE_STYLE_FILL_AREA(#18666);
#15057=ORIENTED_EDGE('',*,*,#5244,.T.);
#15058=ORIENTED_EDGE('',*,*,#5278,.F.);
#15059=ORIENTED_EDGE('',*,*,#2756,.T.);
#15060=ORIENTED_EDGE('',*,*,#3500,.T.);
#15061=CARTESIAN_POINT('',(-10.285,0.150000000000105,-0.625000000000001));
#15062=DIRECTION('',(-6.12303176911189E-017,0.0,1.0));
#15063=DIRECTION('',(0.0,-1.0,0.0));
#15064=DIRECTION('',(0.0,-1.0,0.0));
#15065=SURFACE_STYLE_FILL_AREA(#18667);
#15066=ORIENTED_EDGE('',*,*,#2158,.F.);
#15067=ORIENTED_EDGE('',*,*,#1808,.F.);
#15068=ORIENTED_EDGE('',*,*,#5102,.F.);
#15069=ORIENTED_EDGE('',*,*,#4002,.F.);
#15070=CARTESIAN_POINT('',(1.72000000000016,8.00099999999996,1.5));
#15071=DIRECTION('',(0.707106781186548,-0.707106781186548,8.65927457071936E-017));
#15072=DIRECTION('',(-0.707106781186548,-0.707106781186548,-8.65927457071936E-017));
#15073=DIRECTION('',(1.0,0.0,6.12303176911189E-017));
#15074=DIRECTION('',(1.0,0.0,6.12303176911189E-017));
#15075=CARTESIAN_POINT('',(5.3500000000008,0.150000000000105,-0.775000000000204));
#15076=DIRECTION('',(-1.0,0.0,-1.22460635382238E-016));
#15077=DIRECTION('',(1.22460635382238E-016,0.0,-1.0));
#15078=DIRECTION('',(0.0,1.0,0.0));
#15079=SURFACE_STYLE_FILL_AREA(#18668);
#15080=ORIENTED_EDGE('',*,*,#4284,.T.);
#15081=ORIENTED_EDGE('',*,*,#1848,.T.);
#15082=ORIENTED_EDGE('',*,*,#3100,.T.);
#15083=ORIENTED_EDGE('',*,*,#3240,.T.);
#15084=ORIENTED_EDGE('',*,*,#3368,.T.);
#15085=ORIENTED_EDGE('',*,*,#2924,.F.);
#15086=ORIENTED_EDGE('',*,*,#3912,.T.);
#15087=ORIENTED_EDGE('',*,*,#2482,.T.);
#15088=CARTESIAN_POINT('',(-5.31,7.64999999999999,0.450000000000159));
#15089=DIRECTION('',(-6.12303176911189E-017,0.0,1.0));
#15090=DIRECTION('',(0.0,-1.0,0.0));
#15091=SURFACE_STYLE_FILL_AREA(#18669);
#15092=ORIENTED_EDGE('',*,*,#3684,.T.);
#15093=ORIENTED_EDGE('',*,*,#3086,.F.);
#15094=ORIENTED_EDGE('',*,*,#4450,.F.);
#15095=ORIENTED_EDGE('',*,*,#2316,.T.);
#15096=CARTESIAN_POINT('',(-10.285,8.49999999999997,-1.25));
#15097=DIRECTION('',(6.12303176911189E-017,0.0,-1.0));
#15098=DIRECTION('',(0.0,1.0,0.0));
#15099=DIRECTION('',(0.0,1.0,0.0));
#15100=DIRECTION('',(1.0,0.0,6.12303176911189E-017));
#15101=DIRECTION('',(1.22460635382238E-016,0.0,-1.0));
#15102=DIRECTION('',(-1.0,0.0,-1.22460635382238E-016));
#15103=DIRECTION('',(1.22460635382238E-016,0.0,-1.0));
#15104=DIRECTION('',(1.0,0.0,6.12303176911189E-017));
#15105=SURFACE_STYLE_FILL_AREA(#18670);
#15106=ORIENTED_EDGE('',*,*,#3944,.F.);
#15107=ORIENTED_EDGE('',*,*,#4766,.T.);
#15108=ORIENTED_EDGE('',*,*,#4782,.F.);
#15109=ORIENTED_EDGE('',*,*,#5174,.T.);
#15110=CARTESIAN_POINT('',(-7.59260659790298,0.753873053988997,0.166649999999999));
#15111=DIRECTION('',(0.0,-1.0,0.0));
#15112=DIRECTION('',(-1.0,0.0,-1.22460635382238E-016));
#15113=SURFACE_STYLE_FILL_AREA(#18671);
#15114=ORIENTED_EDGE('',*,*,#2912,.F.);
#15115=ORIENTED_EDGE('',*,*,#3910,.T.);
#15116=ORIENTED_EDGE('',*,*,#2120,.F.);
#15117=ORIENTED_EDGE('',*,*,#2086,.T.);
#15118=CARTESIAN_POINT('',(-10.39,0.740000000000222,-0.999999999999205));
#15119=DIRECTION('',(6.12303176911189E-017,0.0,-1.0));
#15120=DIRECTION('',(0.0,1.0,0.0));
#15121=DIRECTION('',(-8.65927457071935E-017,-0.707106781186548,0.707106781186548));
#15122=SURFACE_STYLE_FILL_AREA(#18672);
#15123=ORIENTED_EDGE('',*,*,#2360,.T.);
#15124=ORIENTED_EDGE('',*,*,#3598,.F.);
#15125=ORIENTED_EDGE('',*,*,#5284,.T.);
#15126=ORIENTED_EDGE('',*,*,#1982,.T.);
#15127=CARTESIAN_POINT('',(-1.07000000000034,-3.19999999999999,0.16665));
#15128=DIRECTION('',(0.983382180387227,-0.181547479456103,1.2042560663379E-016));
#15129=DIRECTION('',(-0.181547479456103,-0.983382180387227,-2.22324196862382E-017));
#15130=DIRECTION('',(0.577350269189626,-0.577350269189626,0.577350269189626));
#15131=SURFACE_STYLE_FILL_AREA(#18673);
#15132=ORIENTED_EDGE('',*,*,#4204,.T.);
#15133=ORIENTED_EDGE('',*,*,#3584,.T.);
#15134=ORIENTED_EDGE('',*,*,#3294,.T.);
#15135=ORIENTED_EDGE('',*,*,#5272,.T.);
#15136=ORIENTED_EDGE('',*,*,#4678,.F.);
#15137=ORIENTED_EDGE('',*,*,#2776,.F.);
#15138=ORIENTED_EDGE('',*,*,#2756,.F.);
#15139=ORIENTED_EDGE('',*,*,#2498,.F.);
#15140=ORIENTED_EDGE('',*,*,#1874,.F.);
#15141=ORIENTED_EDGE('',*,*,#4418,.F.);
#15142=ORIENTED_EDGE('',*,*,#3724,.F.);
#15143=ORIENTED_EDGE('',*,*,#3846,.F.);
#15144=ORIENTED_EDGE('',*,*,#3772,.F.);
#15145=ORIENTED_EDGE('',*,*,#2218,.F.);
#15146=ORIENTED_EDGE('',*,*,#3120,.T.);
#15147=ORIENTED_EDGE('',*,*,#3050,.F.);
#15148=ORIENTED_EDGE('',*,*,#2596,.F.);
#15149=ORIENTED_EDGE('',*,*,#2198,.F.);
#15150=CARTESIAN_POINT('',(4.80999999999989,0.741000000000109,1.5));
#15151=DIRECTION('',(1.0,0.0,1.22460635382238E-016));
#15152=DIRECTION('',(0.0,-1.0,0.0));
#15153=SURFACE_STYLE_FILL_AREA(#18674);
#15154=ORIENTED_EDGE('',*,*,#2494,.F.);
#15155=ORIENTED_EDGE('',*,*,#2614,.F.);
#15156=ORIENTED_EDGE('',*,*,#5030,.T.);
#15157=ORIENTED_EDGE('',*,*,#4478,.F.);
#15158=CARTESIAN_POINT('',(0.320000000000068,8.50099999999996,1.5));
#15159=DIRECTION('',(-0.707106781186548,-0.707106781186548,-8.65927457071936E-017));
#15160=DIRECTION('',(-0.707106781186548,0.707106781186548,-8.65927457071936E-017));
#15161=SURFACE_STYLE_FILL_AREA(#18675);
#15162=ORIENTED_EDGE('',*,*,#3978,.T.);
#15163=ORIENTED_EDGE('',*,*,#3422,.F.);
#15164=ORIENTED_EDGE('',*,*,#4474,.T.);
#15165=ORIENTED_EDGE('',*,*,#2698,.T.);
#15166=CARTESIAN_POINT('',(-10.285,0.149999999999778,0.77500000000009));
#15167=DIRECTION('',(-1.0,0.0,-6.12303176911189E-017));
#15168=DIRECTION('',(6.12303176911189E-017,0.0,-1.0));
#15169=SURFACE_STYLE_FILL_AREA(#18676);
#15170=ORIENTED_EDGE('',*,*,#2112,.F.);
#15171=ORIENTED_EDGE('',*,*,#2632,.F.);
#15172=ORIENTED_EDGE('',*,*,#4298,.T.);
#15173=ORIENTED_EDGE('',*,*,#2472,.F.);
#15174=CARTESIAN_POINT('',(-9.83999999999993,8.50099999999996,1.5));
#15175=DIRECTION('',(-0.707106781186548,-0.707106781186548,-8.65927457071936E-017));
#15176=DIRECTION('',(-0.707106781186548,0.707106781186548,-8.65927457071936E-017));
#15177=SURFACE_STYLE_FILL_AREA(#18677);
#15178=ORIENTED_EDGE('',*,*,#2330,.T.);
#15179=ORIENTED_EDGE('',*,*,#3930,.T.);
#15180=ORIENTED_EDGE('',*,*,#4288,.T.);
#15181=ORIENTED_EDGE('',*,*,#4534,.T.);
#15182=ORIENTED_EDGE('',*,*,#1850,.T.);
#15183=ORIENTED_EDGE('',*,*,#3396,.F.);
#15184=CARTESIAN_POINT('',(-7.85,8.49999999999996,-0.949999999999932));
#15185=DIRECTION('',(4.32963728535968E-017,-0.707106781186548,-0.707106781186548));
#15186=DIRECTION('',(4.32963728535968E-017,0.707106781186548,-0.707106781186548));
#15187=CARTESIAN_POINT('',(-7.3499999999992,0.149999999999778,0.775000000000091));
#15188=DIRECTION('',(-1.0,0.0,-1.22460635382238E-016));
#15189=DIRECTION('',(1.22460635382238E-016,0.0,-1.0));
#15190=DIRECTION('',(-0.181547479456103,-0.983382180387227,-2.22324196862382E-017));
#15191=SURFACE_STYLE_FILL_AREA(#18678);
#15192=ORIENTED_EDGE('',*,*,#2920,.F.);
#15193=ORIENTED_EDGE('',*,*,#5246,.F.);
#15194=ORIENTED_EDGE('',*,*,#2274,.F.);
#15195=ORIENTED_EDGE('',*,*,#5110,.T.);
#15196=CARTESIAN_POINT('',(-0.0495991785710608,1.90282814901086,0.16665));
#15197=DIRECTION('',(0.0,1.0,0.0));
#15198=DIRECTION('',(1.0,0.0,1.22460635382238E-016));
#15199=DIRECTION('',(-1.22460635382238E-016,0.0,1.0));
#15200=SURFACE_STYLE_FILL_AREA(#18679);
#15201=ORIENTED_EDGE('',*,*,#3888,.F.);
#15202=ORIENTED_EDGE('',*,*,#4318,.T.);
#15203=ORIENTED_EDGE('',*,*,#4920,.F.);
#15204=ORIENTED_EDGE('',*,*,#1978,.T.);
#15205=CARTESIAN_POINT('',(-0.23,0.740000000000222,-0.999999999999204));
#15206=DIRECTION('',(6.12303176911189E-017,0.0,-1.0));
#15207=DIRECTION('',(0.0,1.0,0.0));
#15208=DIRECTION('',(-1.22460635382238E-016,0.0,1.0));
#15209=SURFACE_STYLE_FILL_AREA(#18680);
#15210=ORIENTED_EDGE('',*,*,#4126,.F.);
#15211=ORIENTED_EDGE('',*,*,#2966,.F.);
#15212=ORIENTED_EDGE('',*,*,#2466,.T.);
#15213=ORIENTED_EDGE('',*,*,#4374,.F.);
#15214=ORIENTED_EDGE('',*,*,#3304,.F.);
#15215=ORIENTED_EDGE('',*,*,#4394,.F.);
#15216=CARTESIAN_POINT('',(9.34000000000016,7.65099999999999,1.5));
#15217=DIRECTION('',(1.0,0.0,1.22460635382238E-016));
#15218=DIRECTION('',(0.0,-1.0,0.0));
#15219=DIRECTION('',(-3.09381386266373E-029,-1.0,2.52637417159153E-013));
#15220=DIRECTION('',(1.54690693133187E-029,1.0,-2.52637417159153E-013));
#15221=DIRECTION('',(1.22460635382238E-016,0.0,-1.0));
#15222=DIRECTION('',(8.65927457071936E-017,0.707106781186548,-0.707106781186548));
#15223=DIRECTION('',(-0.181547479456103,0.983382180387227,-2.22324196862382E-017));
#15224=DIRECTION('',(1.22460635382238E-016,0.0,-1.0));
#15225=DIRECTION('',(1.0,0.0,6.12303176911189E-017));
#15226=DIRECTION('',(1.0,0.0,6.12303176911189E-017));
#15227=DIRECTION('',(0.0,-1.0,0.0));
#15228=DIRECTION('',(0.0,1.0,0.0));
#15229=DIRECTION('',(0.0,-1.0,0.0));
#15230=DIRECTION('',(-0.181547479456103,-0.983382180387227,-2.22324196862382E-017));
#15231=DIRECTION('',(0.0,0.0,-1.0));
#15232=DIRECTION('',(0.0,1.0,0.0));
#15233=SURFACE_STYLE_FILL_AREA(#18681);
#15234=ORIENTED_EDGE('',*,*,#2080,.T.);
#15235=ORIENTED_EDGE('',*,*,#4942,.T.);
#15236=ORIENTED_EDGE('',*,*,#2638,.T.);
#15237=ORIENTED_EDGE('',*,*,#1984,.T.);
#15238=ORIENTED_EDGE('',*,*,#2710,.T.);
#15239=ORIENTED_EDGE('',*,*,#4712,.T.);
#15240=ORIENTED_EDGE('',*,*,#4754,.T.);
#15241=ORIENTED_EDGE('',*,*,#2346,.F.);
#15242=CARTESIAN_POINT('',(-0.23,7.99999999999996,-0.449999999999932));
#15243=DIRECTION('',(6.12303176911189E-017,0.0,-1.0));
#15244=DIRECTION('',(0.0,1.0,0.0));
#15245=DIRECTION('',(0.0,-1.0,0.0));
#15246=SURFACE_STYLE_FILL_AREA(#18682);
#15247=ORIENTED_EDGE('',*,*,#2042,.T.);
#15248=ORIENTED_EDGE('',*,*,#3884,.F.);
#15249=ORIENTED_EDGE('',*,*,#3440,.F.);
#15250=ORIENTED_EDGE('',*,*,#2714,.T.);
#15251=CARTESIAN_POINT('',(-3.49000000000034,-2.54999999999999,0.16665));
#15252=DIRECTION('',(1.0,0.0,1.22460635382238E-016));
#15253=DIRECTION('',(0.0,-1.0,0.0));
#15254=DIRECTION('',(8.65927457071936E-017,-0.707106781186548,-0.707106781186548));
#15255=SURFACE_STYLE_FILL_AREA(#18683);
#15256=ORIENTED_EDGE('',*,*,#3262,.T.);
#15257=ORIENTED_EDGE('',*,*,#3264,.T.);
#15258=ORIENTED_EDGE('',*,*,#4822,.T.);
#15259=ORIENTED_EDGE('',*,*,#4236,.F.);
#15260=CARTESIAN_POINT('',(-5.31,7.64999999999999,-0.449999999999932));
#15261=DIRECTION('',(0.0,1.0,0.0));
#15262=DIRECTION('',(-6.12303176911189E-017,0.0,1.0));
#15263=DIRECTION('',(1.0,0.0,6.12303176911189E-017));
#15264=DIRECTION('',(1.22460635382238E-016,0.0,-1.0));
#15265=DIRECTION('',(1.0,0.0,6.12303176911189E-017));
#15266=DIRECTION('',(1.22460635382238E-016,0.0,-1.0));
#15267=DIRECTION('',(-1.22460635382238E-016,0.0,1.0));
#15268=DIRECTION('',(-8.65927457071936E-017,0.707106781186548,0.707106781186548));
#15269=SURFACE_STYLE_FILL_AREA(#18684);
#15270=ORIENTED_EDGE('',*,*,#2240,.F.);
#15271=ORIENTED_EDGE('',*,*,#4718,.F.);
#15272=ORIENTED_EDGE('',*,*,#4462,.T.);
#15273=ORIENTED_EDGE('',*,*,#3362,.F.);
#15274=ORIENTED_EDGE('',*,*,#3930,.F.);
#15275=ORIENTED_EDGE('',*,*,#4108,.F.);
#15276=CARTESIAN_POINT('',(-6.79999999999993,8.00099999999996,1.5));
#15277=DIRECTION('',(-1.0,0.0,-1.22460635382238E-016));
#15278=DIRECTION('',(0.0,1.0,0.0));
#15279=SURFACE_STYLE_FILL_AREA(#18685);
#15280=ORIENTED_EDGE('',*,*,#2236,.F.);
#15281=ORIENTED_EDGE('',*,*,#4182,.F.);
#15282=ORIENTED_EDGE('',*,*,#3008,.T.);
#15283=ORIENTED_EDGE('',*,*,#3896,.T.);
#15284=CARTESIAN_POINT('',(-5.86122065727702,0.753873053989039,0.16665));
#15285=DIRECTION('',(0.0,-1.0,0.0));
#15286=DIRECTION('',(-1.0,0.0,-1.22460635382238E-016));
#15287=SURFACE_STYLE_FILL_AREA(#18686);
#15288=ORIENTED_EDGE('',*,*,#5054,.T.);
#15289=ORIENTED_EDGE('',*,*,#2252,.T.);
#15290=ORIENTED_EDGE('',*,*,#4126,.T.);
#15291=ORIENTED_EDGE('',*,*,#2052,.T.);
#15292=ORIENTED_EDGE('',*,*,#2876,.T.);
#15293=ORIENTED_EDGE('',*,*,#3548,.F.);
#15294=ORIENTED_EDGE('',*,*,#4514,.T.);
#15295=ORIENTED_EDGE('',*,*,#4656,.T.);
#15296=CARTESIAN_POINT('',(7.39,7.64999999999999,0.45000000000016));
#15297=DIRECTION('',(-6.12303176911189E-017,0.0,1.0));
#15298=DIRECTION('',(0.0,-1.0,0.0));
#15299=SURFACE_STYLE_FILL_AREA(#18687);
#15300=ORIENTED_EDGE('',*,*,#4834,.T.);
#15301=ORIENTED_EDGE('',*,*,#4620,.F.);
#15302=ORIENTED_EDGE('',*,*,#3714,.T.);
#15303=ORIENTED_EDGE('',*,*,#4430,.T.);
#15304=CARTESIAN_POINT('',(0.949999999999658,0.587206387322199,0.16665));
#15305=DIRECTION('',(-1.0,0.0,-1.22460635382238E-016));
#15306=DIRECTION('',(0.0,1.0,0.0));
#15307=DIRECTION('',(1.0,0.0,6.12303176911189E-017));
#15308=DIRECTION('',(1.0,0.0,6.12303176911189E-017));
#15309=DIRECTION('',(0.0,-1.0,0.0));
#15310=DIRECTION('',(0.0,1.0,0.0));
#15311=SURFACE_STYLE_FILL_AREA(#18688);
#15312=ORIENTED_EDGE('',*,*,#3364,.T.);
#15313=ORIENTED_EDGE('',*,*,#3334,.F.);
#15314=ORIENTED_EDGE('',*,*,#3564,.T.);
#15315=ORIENTED_EDGE('',*,*,#4616,.T.);
#15316=CARTESIAN_POINT('',(4.00999999999966,-3.19999999999999,0.16665));
#15317=DIRECTION('',(0.983382180387227,-0.181547479456103,1.2042560663379E-016));
#15318=DIRECTION('',(-0.181547479456103,-0.983382180387227,-2.22324196862382E-017));
#15319=DIRECTION('',(0.0,-1.0,0.0));
#15320=DIRECTION('',(-0.577350269189626,0.577350269189626,0.577350269189626));
#15321=DIRECTION('',(0.0,1.0,0.0));
#15322=DIRECTION('',(-1.22460635382238E-016,0.0,1.0));
#15323=CARTESIAN_POINT('',(-8.39970370446777,0.583544139276829,0.166649999999999));
#15324=DIRECTION('',(1.22460635382238E-016,0.0,-1.0));
#15325=DIRECTION('',(-1.0,0.0,-1.22460635382238E-016));
#15326=DIRECTION('',(1.22460635382238E-016,0.0,-1.0));
#15327=DIRECTION('',(1.22460635382238E-016,0.0,-1.0));
#15328=DIRECTION('',(-1.0,0.0,-6.12303176911189E-017));
#15329=SURFACE_STYLE_FILL_AREA(#18689);
#15330=ORIENTED_EDGE('',*,*,#4398,.T.);
#15331=ORIENTED_EDGE('',*,*,#2686,.T.);
#15332=ORIENTED_EDGE('',*,*,#2374,.T.);
#15333=ORIENTED_EDGE('',*,*,#4472,.F.);
#15334=CARTESIAN_POINT('',(7.39,7.64999999999999,-0.449999999999931));
#15335=DIRECTION('',(0.0,1.0,0.0));
#15336=DIRECTION('',(-6.12303176911189E-017,0.0,1.0));
#15337=DIRECTION('',(1.0,0.0,6.12303176911189E-017));
#15338=DIRECTION('',(-1.0,0.0,-1.22460635382238E-016));
#15339=SURFACE_STYLE_FILL_AREA(#18690);
#15340=ORIENTED_EDGE('',*,*,#2694,.T.);
#15341=ORIENTED_EDGE('',*,*,#4268,.T.);
#15342=ORIENTED_EDGE('',*,*,#1936,.T.);
#15343=ORIENTED_EDGE('',*,*,#3446,.T.);
#15344=ORIENTED_EDGE('',*,*,#1804,.T.);
#15345=ORIENTED_EDGE('',*,*,#2662,.T.);
#15346=ORIENTED_EDGE('',*,*,#4338,.T.);
#15347=ORIENTED_EDGE('',*,*,#3032,.T.);
#15348=ORIENTED_EDGE('',*,*,#3020,.T.);
#15349=ORIENTED_EDGE('',*,*,#2410,.T.);
#15350=ORIENTED_EDGE('',*,*,#2282,.T.);
#15351=ORIENTED_EDGE('',*,*,#3166,.T.);
#15352=ORIENTED_EDGE('',*,*,#2158,.T.);
#15353=ORIENTED_EDGE('',*,*,#1882,.T.);
#15354=ORIENTED_EDGE('',*,*,#2494,.T.);
#15355=ORIENTED_EDGE('',*,*,#3906,.T.);
#15356=ORIENTED_EDGE('',*,*,#4844,.T.);
#15357=ORIENTED_EDGE('',*,*,#3044,.T.);
#15358=ORIENTED_EDGE('',*,*,#3970,.T.);
#15359=ORIENTED_EDGE('',*,*,#2600,.T.);
#15360=ORIENTED_EDGE('',*,*,#4978,.T.);
#15361=ORIENTED_EDGE('',*,*,#4986,.T.);
#15362=ORIENTED_EDGE('',*,*,#4958,.T.);
#15363=ORIENTED_EDGE('',*,*,#5152,.T.);
#15364=ORIENTED_EDGE('',*,*,#4756,.T.);
#15365=ORIENTED_EDGE('',*,*,#2982,.T.);
#15366=ORIENTED_EDGE('',*,*,#3248,.T.);
#15367=ORIENTED_EDGE('',*,*,#3396,.T.);
#15368=ORIENTED_EDGE('',*,*,#5062,.T.);
#15369=ORIENTED_EDGE('',*,*,#2722,.T.);
#15370=ORIENTED_EDGE('',*,*,#2112,.T.);
#15371=ORIENTED_EDGE('',*,*,#4170,.T.);
#15372=ORIENTED_EDGE('',*,*,#5270,.T.);
#15373=ORIENTED_EDGE('',*,*,#2316,.F.);
#15374=ORIENTED_EDGE('',*,*,#2916,.F.);
#15375=ORIENTED_EDGE('',*,*,#1976,.T.);
#15376=CARTESIAN_POINT('',(-10.285,8.49999999999997,1.25));
#15377=DIRECTION('',(0.0,1.0,0.0));
#15378=DIRECTION('',(-6.12303176911189E-017,0.0,1.0));
#15379=DIRECTION('',(1.22460635382238E-016,0.0,-1.0));
#15380=CARTESIAN_POINT('',(-7.3499999999992,0.150000000000105,-0.775000000000205));
#15381=DIRECTION('',(-1.0,0.0,-1.22460635382238E-016));
#15382=DIRECTION('',(1.22460635382238E-016,0.0,-1.0));
#15383=SURFACE_STYLE_FILL_AREA(#18691);
#15384=ORIENTED_EDGE('',*,*,#4218,.T.);
#15385=ORIENTED_EDGE('',*,*,#2916,.T.);
#15386=ORIENTED_EDGE('',*,*,#4450,.T.);
#15387=ORIENTED_EDGE('',*,*,#4442,.T.);
#15388=ORIENTED_EDGE('',*,*,#4210,.F.);
#15389=ORIENTED_EDGE('',*,*,#5302,.F.);
#15390=ORIENTED_EDGE('',*,*,#5104,.F.);
#15391=ORIENTED_EDGE('',*,*,#2170,.F.);
#15392=ORIENTED_EDGE('',*,*,#3794,.F.);
#15393=ORIENTED_EDGE('',*,*,#4086,.F.);
#15394=CARTESIAN_POINT('',(-10.285,4.10095653380422,-4.9873791891069E-015));
#15395=DIRECTION('',(1.0,0.0,6.12303176911189E-017));
#15396=DIRECTION('',(6.12303176911189E-017,0.0,-1.0));
#15397=DIRECTION('',(1.0,0.0,6.12303176911189E-017));
#15398=DIRECTION('',(1.22460635382238E-016,0.0,-1.0));
#15399=SURFACE_STYLE_FILL_AREA(#18692);
#15400=ORIENTED_EDGE('',*,*,#1828,.T.);
#15401=ORIENTED_EDGE('',*,*,#4430,.F.);
#15402=ORIENTED_EDGE('',*,*,#2730,.F.);
#15403=ORIENTED_EDGE('',*,*,#2230,.T.);
#15404=CARTESIAN_POINT('',(0.779703704468465,0.583544139278076,0.16665));
#15405=DIRECTION('',(-1.22460635382238E-016,0.0,1.0));
#15406=DIRECTION('',(-1.0,0.0,-1.22460635382238E-016));
#15407=DIRECTION('',(1.22460635382238E-016,0.0,-1.0));
#15408=DIRECTION('',(1.0,0.0,6.12303176911189E-017));
#15409=SURFACE_STYLE_FILL_AREA(#18693);
#15410=ORIENTED_EDGE('',*,*,#5098,.T.);
#15411=ORIENTED_EDGE('',*,*,#2408,.T.);
#15412=ORIENTED_EDGE('',*,*,#3104,.T.);
#15413=ORIENTED_EDGE('',*,*,#3198,.T.);
#15414=ORIENTED_EDGE('',*,*,#3818,.F.);
#15415=ORIENTED_EDGE('',*,*,#5290,.F.);
#15416=ORIENTED_EDGE('',*,*,#2382,.F.);
#15417=ORIENTED_EDGE('',*,*,#2700,.F.);
#15418=ORIENTED_EDGE('',*,*,#2034,.F.);
#15419=ORIENTED_EDGE('',*,*,#4692,.F.);
#15420=ORIENTED_EDGE('',*,*,#4364,.F.);
#15421=ORIENTED_EDGE('',*,*,#4000,.F.);
#15422=ORIENTED_EDGE('',*,*,#2238,.F.);
#15423=ORIENTED_EDGE('',*,*,#2876,.F.);
#15424=ORIENTED_EDGE('',*,*,#3266,.T.);
#15425=ORIENTED_EDGE('',*,*,#4572,.F.);
#15426=ORIENTED_EDGE('',*,*,#2374,.F.);
#15427=ORIENTED_EDGE('',*,*,#2628,.F.);
#15428=CARTESIAN_POINT('',(9.88999999999989,0.741000000000109,1.5));
#15429=DIRECTION('',(1.0,0.0,1.22460635382238E-016));
#15430=DIRECTION('',(0.0,-1.0,0.0));
#15431=DIRECTION('',(-1.0,0.0,-6.12303176911189E-017));
#15432=DIRECTION('',(0.577350269189626,-0.577350269189626,0.577350269189626));
#15433=SURFACE_STYLE_FILL_AREA(#18694);
#15434=ORIENTED_EDGE('',*,*,#2472,.T.);
#15435=ORIENTED_EDGE('',*,*,#2130,.T.);
#15436=ORIENTED_EDGE('',*,*,#1910,.T.);
#15437=ORIENTED_EDGE('',*,*,#2594,.T.);
#15438=ORIENTED_EDGE('',*,*,#4806,.T.);
#15439=ORIENTED_EDGE('',*,*,#4170,.F.);
#15440=CARTESIAN_POINT('',(-10.39,8.49999999999996,-0.949999999999932));
#15441=DIRECTION('',(4.32963728535968E-017,-0.707106781186548,-0.707106781186548));
#15442=DIRECTION('',(4.32963728535968E-017,0.707106781186548,-0.707106781186548));
#15443=CARTESIAN_POINT('',(2.81000000000079,0.150000000000105,-0.775000000000204));
#15444=DIRECTION('',(-1.0,0.0,-1.22460635382238E-016));
#15445=DIRECTION('',(1.22460635382238E-016,0.0,-1.0));
#15446=SURFACE_STYLE_FILL_AREA(#18695);
#15447=ORIENTED_EDGE('',*,*,#4358,.T.);
#15448=ORIENTED_EDGE('',*,*,#4920,.T.);
#15449=ORIENTED_EDGE('',*,*,#2164,.T.);
#15450=ORIENTED_EDGE('',*,*,#1984,.F.);
#15451=CARTESIAN_POINT('',(-0.23,7.64999999999999,-0.449999999999932));
#15452=DIRECTION('',(0.0,1.0,0.0));
#15453=DIRECTION('',(-6.12303176911189E-017,0.0,1.0));
#15454=DIRECTION('',(-1.22460635382238E-016,0.0,1.0));
#15455=SURFACE_STYLE_FILL_AREA(#18696);
#15456=ORIENTED_EDGE('',*,*,#4932,.F.);
#15457=ORIENTED_EDGE('',*,*,#2432,.F.);
#15458=ORIENTED_EDGE('',*,*,#4224,.T.);
#15459=ORIENTED_EDGE('',*,*,#3698,.F.);
#15460=ORIENTED_EDGE('',*,*,#3136,.F.);
#15461=ORIENTED_EDGE('',*,*,#3482,.F.);
#15462=ORIENTED_EDGE('',*,*,#3564,.F.);
#15463=ORIENTED_EDGE('',*,*,#3342,.T.);
#15464=ORIENTED_EDGE('',*,*,#3876,.T.);
#15465=ORIENTED_EDGE('',*,*,#4028,.T.);
#15466=ORIENTED_EDGE('',*,*,#3584,.F.);
#15467=ORIENTED_EDGE('',*,*,#4446,.T.);
#15468=CARTESIAN_POINT('',(3.80456872468571,-0.136573772166789,0.16665));
#15469=DIRECTION('',(1.22460635382238E-016,0.0,-1.0));
#15470=DIRECTION('',(-1.0,0.0,-1.22460635382238E-016));
#15471=DIRECTION('',(1.0,0.0,1.22460635382238E-016));
#15472=DIRECTION('',(1.0,0.0,6.12303176911189E-017));
#15473=SURFACE_STYLE_FILL_AREA(#18697);
#15474=ORIENTED_EDGE('',*,*,#4128,.F.);
#15475=ORIENTED_EDGE('',*,*,#5110,.F.);
#15476=ORIENTED_EDGE('',*,*,#2428,.F.);
#15477=ORIENTED_EDGE('',*,*,#4300,.F.);
#15478=ORIENTED_EDGE('',*,*,#5146,.F.);
#15479=ORIENTED_EDGE('',*,*,#3942,.F.);
#15480=ORIENTED_EDGE('',*,*,#2360,.F.);
#15481=ORIENTED_EDGE('',*,*,#4632,.F.);
#15482=ORIENTED_EDGE('',*,*,#4250,.F.);
#15483=ORIENTED_EDGE('',*,*,#5114,.F.);
#15484=ORIENTED_EDGE('',*,*,#4922,.F.);
#15485=ORIENTED_EDGE('',*,*,#4258,.F.);
#15486=CARTESIAN_POINT('',(-1.27543127531429,-0.136573772166789,-0.16665));
#15487=DIRECTION('',(1.22460635382238E-016,0.0,-1.0));
#15488=DIRECTION('',(-1.0,0.0,-1.22460635382238E-016));
#15489=DIRECTION('',(0.0,1.0,0.0));
#15490=DIRECTION('',(-1.22460635382238E-016,0.0,1.0));
#15491=DIRECTION('',(1.22460635382238E-016,0.0,-1.0));
#15492=DIRECTION('',(0.0,-1.0,0.0));
#15493=DIRECTION('',(0.181547479456103,0.983382180387227,2.22324196862382E-017));
#15494=DIRECTION('',(1.22460635382238E-016,0.0,-1.0));
#15495=DIRECTION('',(1.22460635382238E-016,0.0,-1.0));
#15496=SURFACE_STYLE_FILL_AREA(#18698);
#15497=ORIENTED_EDGE('',*,*,#4630,.F.);
#15498=ORIENTED_EDGE('',*,*,#4526,.T.);
#15499=ORIENTED_EDGE('',*,*,#3270,.T.);
#15500=ORIENTED_EDGE('',*,*,#5112,.T.);
#15501=CARTESIAN_POINT('',(-5.31,0.740000000000109,0.999999999999886));
#15502=DIRECTION('',(-6.12303176911189E-017,0.0,1.0));
#15503=DIRECTION('',(0.0,-1.0,0.0));
#15504=DIRECTION('',(-1.22460635382238E-016,0.0,1.0));
#15505=SURFACE_STYLE_FILL_AREA(#18699);
#15506=ORIENTED_EDGE('',*,*,#4582,.T.);
#15507=ORIENTED_EDGE('',*,*,#3408,.F.);
#15508=ORIENTED_EDGE('',*,*,#5010,.F.);
#15509=ORIENTED_EDGE('',*,*,#3840,.T.);
#15510=CARTESIAN_POINT('',(5.85970370446847,0.583544139278076,0.16665));
#15511=DIRECTION('',(-1.22460635382238E-016,0.0,1.0));
#15512=DIRECTION('',(-1.0,0.0,-1.22460635382238E-016));
#15513=DIRECTION('',(0.0,-1.0,0.0));
#15514=SURFACE_STYLE_FILL_AREA(#18700);
#15515=ORIENTED_EDGE('',*,*,#5156,.F.);
#15516=ORIENTED_EDGE('',*,*,#3980,.F.);
#15517=ORIENTED_EDGE('',*,*,#2822,.T.);
#15518=ORIENTED_EDGE('',*,*,#3442,.T.);
#15519=CARTESIAN_POINT('',(-3.32122065727702,0.753873053989039,0.16665));
#15520=DIRECTION('',(0.0,-1.0,0.0));
#15521=DIRECTION('',(-1.0,0.0,-1.22460635382238E-016));
#15522=DIRECTION('',(0.0,-1.0,0.0));
#15523=DIRECTION('',(0.0,1.0,0.0));
#15524=DIRECTION('',(-1.22460635382238E-016,0.0,1.0));
#15525=SURFACE_STYLE_FILL_AREA(#18701);
#15526=ORIENTED_EDGE('',*,*,#4392,.F.);
#15527=ORIENTED_EDGE('',*,*,#4258,.T.);
#15528=ORIENTED_EDGE('',*,*,#5034,.F.);
#15529=ORIENTED_EDGE('',*,*,#2414,.T.);
#15530=CARTESIAN_POINT('',(-2.51260659790298,0.753873053988997,0.16665));
#15531=DIRECTION('',(0.0,-1.0,0.0));
#15532=DIRECTION('',(-1.0,0.0,-1.22460635382238E-016));
#15533=DIRECTION('',(0.0,0.0,1.0));
#15534=DIRECTION('',(1.22460635382238E-016,0.0,-1.0));
#15535=DIRECTION('',(1.0,0.0,0.0));
#15536=DIRECTION('',(0.0,-1.0,0.0));
#15537=DIRECTION('',(-1.0,0.0,-6.12303176911189E-017));
#15538=DIRECTION('',(-1.0,0.0,-6.12303176911189E-017));
#15539=DIRECTION('',(-1.0,0.0,-1.22460635382238E-016));
#15540=DIRECTION('',(-1.22460635382238E-016,0.0,1.0));
#15541=DIRECTION('',(-1.22460635382238E-016,0.0,1.0));
#15542=DIRECTION('',(1.0,0.0,6.12303176911189E-017));
#15543=DIRECTION('',(8.65927457071936E-017,-0.707106781186548,-0.707106781186548));
#15544=SURFACE_STYLE_FILL_AREA(#18702);
#15545=ORIENTED_EDGE('',*,*,#3942,.T.);
#15546=ORIENTED_EDGE('',*,*,#4174,.F.);
#15547=ORIENTED_EDGE('',*,*,#4794,.F.);
#15548=ORIENTED_EDGE('',*,*,#3598,.T.);
#15549=CARTESIAN_POINT('',(-0.95000000000034,-2.54999999999999,0.16665));
#15550=DIRECTION('',(1.0,0.0,1.22460635382238E-016));
#15551=DIRECTION('',(0.0,-1.0,0.0));
#15552=DIRECTION('',(0.0,1.0,0.0));
#15553=DIRECTION('',(-0.181547479456103,-0.983382180387227,-2.22324196862382E-017));
#15554=DIRECTION('',(-1.0,0.0,-1.22460635382238E-016));
#15555=DIRECTION('',(0.0,-1.0,0.0));
#15556=DIRECTION('',(1.0,0.0,6.12303176911189E-017));
#15557=DIRECTION('',(1.0,0.0,6.12303176911189E-017));
#15558=SURFACE_STYLE_FILL_AREA(#18703);
#15559=ORIENTED_EDGE('',*,*,#5082,.F.);
#15560=ORIENTED_EDGE('',*,*,#3340,.F.);
#15561=ORIENTED_EDGE('',*,*,#5272,.F.);
#15562=ORIENTED_EDGE('',*,*,#2562,.F.);
#15563=ORIENTED_EDGE('',*,*,#2462,.F.);
#15564=ORIENTED_EDGE('',*,*,#4764,.F.);
#15565=ORIENTED_EDGE('',*,*,#3364,.F.);
#15566=ORIENTED_EDGE('',*,*,#5150,.F.);
#15567=ORIENTED_EDGE('',*,*,#3712,.F.);
#15568=ORIENTED_EDGE('',*,*,#3184,.F.);
#15569=ORIENTED_EDGE('',*,*,#2944,.F.);
#15570=ORIENTED_EDGE('',*,*,#3096,.F.);
#15571=CARTESIAN_POINT('',(3.80456872468571,-0.136573772166789,-0.16665));
#15572=DIRECTION('',(1.22460635382238E-016,0.0,-1.0));
#15573=DIRECTION('',(-1.0,0.0,-1.22460635382238E-016));
#15574=SURFACE_STYLE_FILL_AREA(#18704);
#15575=ORIENTED_EDGE('',*,*,#3842,.F.);
#15576=ORIENTED_EDGE('',*,*,#5054,.F.);
#15577=ORIENTED_EDGE('',*,*,#5122,.T.);
#15578=ORIENTED_EDGE('',*,*,#2794,.F.);
#15579=ORIENTED_EDGE('',*,*,#3174,.F.);
#15580=ORIENTED_EDGE('',*,*,#4260,.F.);
#15581=CARTESIAN_POINT('',(8.44000000000007,8.00099999999996,1.5));
#15582=DIRECTION('',(-1.0,0.0,-1.22460635382238E-016));
#15583=DIRECTION('',(0.0,1.0,0.0));
#15584=SURFACE_STYLE_FILL_AREA(#18705);
#15585=ORIENTED_EDGE('',*,*,#4422,.T.);
#15586=ORIENTED_EDGE('',*,*,#5186,.F.);
#15587=ORIENTED_EDGE('',*,*,#2790,.T.);
#15588=ORIENTED_EDGE('',*,*,#5194,.T.);
#15589=CARTESIAN_POINT('',(-10.285,0.599999999999994,-0.625000000000001));
#15590=DIRECTION('',(0.0,-1.0,0.0));
#15591=DIRECTION('',(6.12303176911189E-017,0.0,-1.0));
#15592=CARTESIAN_POINT('',(4.30029629553223,0.583544139276829,-0.16665));
#15593=DIRECTION('',(1.22460635382238E-016,0.0,-1.0));
#15594=DIRECTION('',(-1.0,0.0,-1.22460635382238E-016));
#15595=DIRECTION('',(1.22460635382238E-016,0.0,-1.0));
#15596=SURFACE_STYLE_FILL_AREA(#18706);
#15597=ORIENTED_EDGE('',*,*,#3452,.T.);
#15598=ORIENTED_EDGE('',*,*,#2580,.T.);
#15599=ORIENTED_EDGE('',*,*,#2848,.T.);
#15600=ORIENTED_EDGE('',*,*,#4022,.T.);
#15601=ORIENTED_EDGE('',*,*,#4670,.T.);
#15602=ORIENTED_EDGE('',*,*,#5152,.F.);
#15603=CARTESIAN_POINT('',(-5.31,8.49999999999996,-0.949999999999932));
#15604=DIRECTION('',(4.32963728535968E-017,-0.707106781186548,-0.707106781186548));
#15605=DIRECTION('',(4.32963728535968E-017,0.707106781186548,-0.707106781186548));
#15606=DIRECTION('',(0.0,0.0,-1.0));
#15607=DIRECTION('',(0.577350269189626,-0.577350269189626,0.577350269189626));
#15608=DIRECTION('',(0.0,1.0,0.0));
#15609=DIRECTION('',(8.65927457071936E-017,-0.707106781186548,-0.707106781186548));
#15610=DIRECTION('',(1.0,0.0,6.12303176911189E-017));
#15611=DIRECTION('',(1.22460635382238E-016,0.0,-1.0));
#15612=DIRECTION('',(1.22460635382238E-016,0.0,-1.0));
#15613=DIRECTION('',(1.22460635382238E-016,0.0,-1.0));
#15614=DIRECTION('',(1.0,0.0,6.12303176911189E-017));
#15615=DIRECTION('',(1.22460635382238E-016,0.0,-1.0));
#15616=DIRECTION('',(1.0,0.0,6.12303176911189E-017));
#15617=DIRECTION('',(1.22460635382238E-016,0.0,-1.0));
#15618=SURFACE_STYLE_FILL_AREA(#18707);
#15619=ORIENTED_EDGE('',*,*,#5114,.T.);
#15620=ORIENTED_EDGE('',*,*,#3348,.F.);
#15621=ORIENTED_EDGE('',*,*,#2602,.T.);
#15622=ORIENTED_EDGE('',*,*,#2484,.T.);
#15623=CARTESIAN_POINT('',(-1.59000000000034,0.587206387322199,0.16665));
#15624=DIRECTION('',(-1.0,0.0,-1.22460635382238E-016));
#15625=DIRECTION('',(0.0,1.0,0.0));
#15626=DIRECTION('',(0.0,-1.0,0.0));
#15627=DIRECTION('',(1.0,0.0,6.12303176911189E-017));
#15628=DIRECTION('',(-1.0,0.0,-1.22460635382238E-016));
#15629=DIRECTION('',(1.22460635382238E-016,0.0,-1.0));
#15630=DIRECTION('',(-8.65927457071936E-017,-0.707106781186548,0.707106781186548));
#15631=DIRECTION('',(1.22460635382238E-016,0.0,-1.0));
#15632=SURFACE_STYLE_FILL_AREA(#18708);
#15633=ORIENTED_EDGE('',*,*,#2412,.T.);
#15634=ORIENTED_EDGE('',*,*,#2270,.T.);
#15635=ORIENTED_EDGE('',*,*,#2254,.T.);
#15636=ORIENTED_EDGE('',*,*,#1868,.T.);
#15637=CARTESIAN_POINT('',(-10.39,7.64999999999999,0.450000000000159));
#15638=DIRECTION('',(-6.12303176911189E-017,0.0,1.0));
#15639=DIRECTION('',(0.0,-1.0,0.0));
#15640=DIRECTION('',(1.0,0.0,6.12303176911189E-017));
#15641=DIRECTION('',(1.0,0.0,6.12303176911189E-017));
#15642=SURFACE_STYLE_FILL_AREA(#18709);
#15643=ORIENTED_EDGE('',*,*,#4564,.F.);
#15644=ORIENTED_EDGE('',*,*,#3320,.T.);
#15645=ORIENTED_EDGE('',*,*,#4976,.F.);
#15646=ORIENTED_EDGE('',*,*,#3648,.T.);
#15647=CARTESIAN_POINT('',(-9.21,7.68,0.0));
#15648=DIRECTION('',(1.0,0.0,0.0));
#15649=DIRECTION('',(0.0,0.0,-1.0));
#15650=SURFACE_STYLE_FILL_AREA(#18710);
#15651=ORIENTED_EDGE('',*,*,#3226,.T.);
#15652=ORIENTED_EDGE('',*,*,#1868,.F.);
#15653=ORIENTED_EDGE('',*,*,#2870,.F.);
#15654=ORIENTED_EDGE('',*,*,#3084,.T.);
#15655=ORIENTED_EDGE('',*,*,#2594,.F.);
#15656=ORIENTED_EDGE('',*,*,#3466,.F.);
#15657=CARTESIAN_POINT('',(-8.43999999999984,7.65099999999999,1.5));
#15658=DIRECTION('',(1.0,0.0,1.22460635382238E-016));
#15659=DIRECTION('',(0.0,-1.0,0.0));
#15660=DIRECTION('',(1.0,0.0,6.12303176911189E-017));
#15661=DIRECTION('',(1.0,0.0,6.12303176911189E-017));
#15662=DIRECTION('',(1.22460635382238E-016,0.0,-1.0));
#15663=DIRECTION('',(-1.22460635382238E-016,0.0,1.0));
#15664=SURFACE_STYLE_FILL_AREA(#18711);
#15665=ORIENTED_EDGE('',*,*,#4946,.T.);
#15666=ORIENTED_EDGE('',*,*,#3926,.T.);
#15667=ORIENTED_EDGE('',*,*,#4162,.T.);
#15668=ORIENTED_EDGE('',*,*,#2708,.F.);
#15669=CARTESIAN_POINT('',(4.85,7.64999999999999,0.999999999999887));
#15670=DIRECTION('',(0.0,1.0,0.0));
#15671=DIRECTION('',(-6.12303176911189E-017,0.0,1.0));
#15672=SURFACE_STYLE_FILL_AREA(#18712);
#15673=ORIENTED_EDGE('',*,*,#4628,.T.);
#15674=ORIENTED_EDGE('',*,*,#4396,.T.);
#15675=ORIENTED_EDGE('',*,*,#5140,.T.);
#15676=ORIENTED_EDGE('',*,*,#2070,.T.);
#15677=ORIENTED_EDGE('',*,*,#2074,.T.);
#15678=ORIENTED_EDGE('',*,*,#5084,.F.);
#15679=ORIENTED_EDGE('',*,*,#3282,.T.);
#15680=ORIENTED_EDGE('',*,*,#2672,.T.);
#15681=CARTESIAN_POINT('',(-0.23,7.64999999999999,0.450000000000159));
#15682=DIRECTION('',(-6.12303176911189E-017,0.0,1.0));
#15683=DIRECTION('',(0.0,-1.0,0.0));
#15684=DIRECTION('',(1.0,0.0,1.22460635382238E-016));
#15685=DIRECTION('',(1.22460635382238E-016,0.0,-1.0));
#15686=SURFACE_STYLE_FILL_AREA(#18713);
#15687=ORIENTED_EDGE('',*,*,#4242,.F.);
#15688=ORIENTED_EDGE('',*,*,#5258,.F.);
#15689=ORIENTED_EDGE('',*,*,#5098,.F.);
#15690=ORIENTED_EDGE('',*,*,#4974,.T.);
#15691=CARTESIAN_POINT('',(10.1104008214289,1.90282814901086,0.166650000000001));
#15692=DIRECTION('',(0.0,1.0,0.0));
#15693=DIRECTION('',(1.0,0.0,1.22460635382238E-016));
#15694=DIRECTION('',(1.0,0.0,1.22460635382238E-016));
#15695=DIRECTION('',(0.0,1.0,0.0));
#15696=DIRECTION('',(0.0,1.0,0.0));
#15697=DIRECTION('',(1.0,0.0,6.12303176911189E-017));
#15698=DIRECTION('',(-1.22460635382238E-016,0.0,1.0));
#15699=DIRECTION('',(-8.65927457071936E-017,-0.707106781186548,0.707106781186548));
#15700=DIRECTION('',(-8.65927457071936E-017,-0.707106781186548,0.707106781186548));
#15701=DIRECTION('',(0.0,0.0,1.0));
#15702=DIRECTION('',(1.22460635382238E-016,0.0,-1.0));
#15703=SURFACE_STYLE_FILL_AREA(#18714);
#15704=ORIENTED_EDGE('',*,*,#1804,.F.);
#15705=ORIENTED_EDGE('',*,*,#3394,.F.);
#15706=ORIENTED_EDGE('',*,*,#3224,.F.);
#15707=ORIENTED_EDGE('',*,*,#5012,.F.);
#15708=CARTESIAN_POINT('',(6.80000000000016,8.00099999999996,1.5));
#15709=DIRECTION('',(0.707106781186548,-0.707106781186548,8.65927457071936E-017));
#15710=DIRECTION('',(-0.707106781186548,-0.707106781186548,-8.65927457071936E-017));
#15711=DIRECTION('',(8.65927457071935E-017,0.707106781186548,-0.707106781186548));
#15712=DIRECTION('',(-1.22460635382238E-016,0.0,1.0));
#15713=DIRECTION('',(1.0,0.0,6.12303176911189E-017));
#15714=DIRECTION('',(0.0,1.0,0.0));
#15715=SURFACE_STYLE_FILL_AREA(#18715);
#15716=ORIENTED_EDGE('',*,*,#3970,.F.);
#15717=ORIENTED_EDGE('',*,*,#1998,.F.);
#15718=ORIENTED_EDGE('',*,*,#4610,.T.);
#15719=ORIENTED_EDGE('',*,*,#3700,.F.);
#15720=CARTESIAN_POINT('',(-2.21999999999993,8.50099999999996,1.5));
#15721=DIRECTION('',(-0.707106781186548,-0.707106781186548,-8.65927457071936E-017));
#15722=DIRECTION('',(-0.707106781186548,0.707106781186548,-8.65927457071936E-017));
#15723=CARTESIAN_POINT('',(-6.84029629553154,0.583544139278076,-0.16665));
#15724=DIRECTION('',(1.22460635382238E-016,0.0,-1.0));
#15725=DIRECTION('',(-1.0,0.0,-1.22460635382238E-016));
#15726=DIRECTION('',(1.22460635382238E-016,0.0,-1.0));
#15727=DIRECTION('',(-6.12303176911189E-017,0.0,1.0));
#15728=DIRECTION('',(-0.577350269189626,0.577350269189626,0.577350269189626));
#15729=SURFACE_STYLE_FILL_AREA(#18716);
#15730=ORIENTED_EDGE('',*,*,#3384,.T.);
#15731=ORIENTED_EDGE('',*,*,#4230,.T.);
#15732=ORIENTED_EDGE('',*,*,#3936,.T.);
#15733=ORIENTED_EDGE('',*,*,#2110,.F.);
#15734=CARTESIAN_POINT('',(4.85,7.64999999999999,-0.449999999999932));
#15735=DIRECTION('',(0.0,1.0,0.0));
#15736=DIRECTION('',(-6.12303176911189E-017,0.0,1.0));
#15737=SURFACE_STYLE_FILL_AREA(#18717);
#15738=ORIENTED_EDGE('',*,*,#4030,.F.);
#15739=ORIENTED_EDGE('',*,*,#3922,.T.);
#15740=ORIENTED_EDGE('',*,*,#2708,.T.);
#15741=ORIENTED_EDGE('',*,*,#3536,.T.);
#15742=CARTESIAN_POINT('',(4.85,0.740000000000109,0.999999999999887));
#15743=DIRECTION('',(-6.12303176911189E-017,0.0,1.0));
#15744=DIRECTION('',(0.0,-1.0,0.0));
#15745=DIRECTION('',(-1.22460635382238E-016,0.0,1.0));
#15746=CARTESIAN_POINT('',(-2.81000000000011,0.150000000000105,-0.775000000000205));
#15747=DIRECTION('',(1.0,0.0,1.22460635382238E-016));
#15748=DIRECTION('',(1.22460635382238E-016,0.0,-1.0));
#15749=SURFACE_STYLE_FILL_AREA(#18718);
#15750=ORIENTED_EDGE('',*,*,#4658,.T.);
#15751=ORIENTED_EDGE('',*,*,#2858,.F.);
#15752=ORIENTED_EDGE('',*,*,#2726,.T.);
#15753=ORIENTED_EDGE('',*,*,#5286,.T.);
#15754=CARTESIAN_POINT('',(-4.01000000000034,-3.19999999999999,0.16665));
#15755=DIRECTION('',(0.0,-1.0,0.0));
#15756=DIRECTION('',(-1.0,0.0,-1.22460635382238E-016));
#15757=DIRECTION('',(0.0,1.0,0.0));
#15758=DIRECTION('',(-0.577350269189626,0.577350269189626,0.577350269189626));
#15759=DIRECTION('',(0.0,-1.0,0.0));
#15760=DIRECTION('',(0.0,-1.0,0.0));
#15761=DIRECTION('',(1.0,0.0,6.12303176911189E-017));
#15762=DIRECTION('',(0.0,1.0,0.0));
#15763=SURFACE_STYLE_FILL_AREA(#18719);
#15764=ORIENTED_EDGE('',*,*,#4722,.T.);
#15765=ORIENTED_EDGE('',*,*,#3160,.F.);
#15766=ORIENTED_EDGE('',*,*,#5104,.T.);
#15767=ORIENTED_EDGE('',*,*,#4930,.T.);
#15768=CARTESIAN_POINT('',(-10.285,0.599999999999994,-0.625000000000001));
#15769=DIRECTION('',(0.0,-1.0,0.0));
#15770=DIRECTION('',(6.12303176911189E-017,0.0,-1.0));
#15771=SURFACE_STYLE_FILL_AREA(#18720);
#15772=ORIENTED_EDGE('',*,*,#2652,.T.);
#15773=ORIENTED_EDGE('',*,*,#4216,.F.);
#15774=ORIENTED_EDGE('',*,*,#3486,.F.);
#15775=ORIENTED_EDGE('',*,*,#4252,.T.);
#15776=CARTESIAN_POINT('',(-8.57000000000034,-2.54999999999999,0.166649999999999));
#15777=DIRECTION('',(1.0,0.0,1.22460635382238E-016));
#15778=DIRECTION('',(0.0,-1.0,0.0));
#15779=DIRECTION('',(0.0,1.0,0.0));
#15780=CARTESIAN_POINT('',(-2.2699999999992,0.150000000000105,-0.775000000000205));
#15781=DIRECTION('',(-1.0,0.0,-1.22460635382238E-016));
#15782=DIRECTION('',(1.22460635382238E-016,0.0,-1.0));
#15783=DIRECTION('',(0.181547479456103,0.983382180387227,2.22324196862382E-017));
#15784=DIRECTION('',(-1.0,0.0,-6.12303176911189E-017));
#15785=DIRECTION('',(-0.181547479456103,0.983382180387227,-2.22324196862382E-017));
#15786=DIRECTION('',(0.0,-1.0,0.0));
#15787=DIRECTION('',(1.0,0.0,6.12303176911189E-017));
#15788=DIRECTION('',(1.22460635382238E-016,0.0,-1.0));
#15789=DIRECTION('',(-0.181547479456103,0.983382180387227,-2.22324196862382E-017));
#15790=DIRECTION('',(1.0,0.0,6.12303176911189E-017));
#15791=DIRECTION('',(0.0,-1.0,0.0));
#15792=DIRECTION('',(1.0,0.0,6.12303176911189E-017));
#15793=DIRECTION('',(1.22460635382238E-016,0.0,-1.0));
#15794=DIRECTION('',(-1.0,0.0,-6.12303176911189E-017));
#15795=DIRECTION('',(-1.22460635382238E-016,0.0,1.0));
#15796=DIRECTION('',(1.0,0.0,6.12303176911189E-017));
#15797=DIRECTION('',(1.22460635382238E-016,0.0,-1.0));
#15798=DIRECTION('',(-8.65927457071936E-017,-0.707106781186548,0.707106781186548));
#15799=DIRECTION('',(1.0,0.0,6.12303176911189E-017));
#15800=DIRECTION('',(1.0,0.0,6.12303176911189E-017));
#15801=DIRECTION('',(0.0,1.0,0.0));
#15802=DIRECTION('',(-1.0,0.0,-1.22460635382238E-016));
#15803=DIRECTION('',(1.22460635382238E-016,0.0,-1.0));
#15804=DIRECTION('',(1.0,0.0,6.12303176911189E-017));
#15805=DIRECTION('',(1.22460635382238E-016,0.0,-1.0));
#15806=DIRECTION('',(-1.0,0.0,-6.12303176911189E-017));
#15807=DIRECTION('',(-1.0,0.0,-1.22460635382238E-016));
#15808=CARTESIAN_POINT('',(0.779703704468465,0.583544139278076,0.16665));
#15809=DIRECTION('',(1.22460635382238E-016,0.0,-1.0));
#15810=DIRECTION('',(-1.0,0.0,-1.22460635382238E-016));
#15811=CARTESIAN_POINT('',(-9.8899999999992,0.149999999999778,0.77500000000009));
#15812=DIRECTION('',(-1.0,0.0,-1.22460635382238E-016));
#15813=DIRECTION('',(1.22460635382238E-016,0.0,-1.0));
#15814=SURFACE_STYLE_FILL_AREA(#18721);
#15815=ORIENTED_EDGE('',*,*,#4136,.T.);
#15816=ORIENTED_EDGE('',*,*,#4688,.F.);
#15817=ORIENTED_EDGE('',*,*,#4354,.T.);
#15818=ORIENTED_EDGE('',*,*,#3158,.T.);
#15819=CARTESIAN_POINT('',(-10.285,0.599999999999994,-0.625000000000001));
#15820=DIRECTION('',(0.0,-1.0,0.0));
#15821=DIRECTION('',(6.12303176911189E-017,0.0,-1.0));
#15822=SURFACE_STYLE_FILL_AREA(#18722);
#15823=ORIENTED_EDGE('',*,*,#3208,.F.);
#15824=ORIENTED_EDGE('',*,*,#3430,.F.);
#15825=ORIENTED_EDGE('',*,*,#5056,.T.);
#15826=ORIENTED_EDGE('',*,*,#3526,.F.);
#15827=ORIENTED_EDGE('',*,*,#5238,.F.);
#15828=ORIENTED_EDGE('',*,*,#3734,.F.);
#15829=ORIENTED_EDGE('',*,*,#3924,.F.);
#15830=ORIENTED_EDGE('',*,*,#4302,.T.);
#15831=ORIENTED_EDGE('',*,*,#2754,.T.);
#15832=ORIENTED_EDGE('',*,*,#3968,.T.);
#15833=ORIENTED_EDGE('',*,*,#2408,.F.);
#15834=ORIENTED_EDGE('',*,*,#5258,.T.);
#15835=CARTESIAN_POINT('',(8.88456872468571,-0.136573772166789,0.166650000000001));
#15836=DIRECTION('',(1.22460635382238E-016,0.0,-1.0));
#15837=DIRECTION('',(-1.0,0.0,-1.22460635382238E-016));
#15838=DIRECTION('',(0.0,-1.0,0.0));
#15839=DIRECTION('',(1.22460635382238E-016,0.0,-1.0));
#15840=DIRECTION('',(-8.65927457071936E-017,-0.707106781186548,0.707106781186548));
#15841=SURFACE_STYLE_FILL_AREA(#18723);
#15842=ORIENTED_EDGE('',*,*,#2420,.F.);
#15843=ORIENTED_EDGE('',*,*,#3790,.T.);
#15844=ORIENTED_EDGE('',*,*,#2538,.T.);
#15845=ORIENTED_EDGE('',*,*,#4000,.T.);
#15846=CARTESIAN_POINT('',(7.39,0.740000000000109,0.999999999999887));
#15847=DIRECTION('',(-6.12303176911189E-017,0.0,1.0));
#15848=DIRECTION('',(0.0,-1.0,0.0));
#15849=SURFACE_STYLE_FILL_AREA(#18724);
#15850=ORIENTED_EDGE('',*,*,#3540,.T.);
#15851=ORIENTED_EDGE('',*,*,#3892,.F.);
#15852=ORIENTED_EDGE('',*,*,#4344,.T.);
#15853=ORIENTED_EDGE('',*,*,#5222,.T.);
#15854=CARTESIAN_POINT('',(-6.55000000000034,-3.19999999999999,0.16665));
#15855=DIRECTION('',(0.0,-1.0,0.0));
#15856=DIRECTION('',(-1.0,0.0,-1.22460635382238E-016));
#15857=DIRECTION('',(0.181547479456103,0.983382180387227,2.22324196862382E-017));
#15858=CARTESIAN_POINT('',(9.38029629553223,0.583544139276829,0.166650000000001));
#15859=DIRECTION('',(1.22460635382238E-016,0.0,-1.0));
#15860=DIRECTION('',(-1.0,0.0,-1.22460635382238E-016));
#15861=DIRECTION('',(0.0,-1.0,0.0));
#15862=CARTESIAN_POINT('',(-4.30029629553154,0.583544139278076,0.16665));
#15863=DIRECTION('',(1.22460635382238E-016,0.0,-1.0));
#15864=DIRECTION('',(-1.0,0.0,-1.22460635382238E-016));
#15865=SURFACE_STYLE_FILL_AREA(#18725);
#15866=ORIENTED_EDGE('',*,*,#3462,.F.);
#15867=ORIENTED_EDGE('',*,*,#3928,.F.);
#15868=ORIENTED_EDGE('',*,*,#3072,.T.);
#15869=ORIENTED_EDGE('',*,*,#5280,.T.);
#15870=CARTESIAN_POINT('',(-8.40122065727702,0.753873053989039,0.166649999999999));
#15871=DIRECTION('',(0.0,-1.0,0.0));
#15872=DIRECTION('',(-1.0,0.0,-1.22460635382238E-016));
#15873=SURFACE_STYLE_FILL_AREA(#18726);
#15874=ORIENTED_EDGE('',*,*,#2060,.T.);
#15875=ORIENTED_EDGE('',*,*,#4120,.F.);
#15876=ORIENTED_EDGE('',*,*,#1874,.T.);
#15877=ORIENTED_EDGE('',*,*,#5016,.T.);
#15878=CARTESIAN_POINT('',(-10.285,0.599999999999994,0.624999999999999));
#15879=DIRECTION('',(6.12303176911189E-017,-2.52637417159153E-013,-1.0));
#15880=DIRECTION('',(1.54690693133187E-029,1.0,-2.52637417159153E-013));
#15881=CARTESIAN_POINT('',(4.80999999999989,0.150000000000105,-0.775000000000204));
#15882=DIRECTION('',(1.0,0.0,1.22460635382238E-016));
#15883=DIRECTION('',(1.22460635382238E-016,0.0,-1.0));
#15884=DIRECTION('',(1.0,0.0,6.12303176911189E-017));
#15885=SURFACE_STYLE_FILL_AREA(#18727);
#15886=ORIENTED_EDGE('',*,*,#2694,.F.);
#15887=ORIENTED_EDGE('',*,*,#4304,.F.);
#15888=ORIENTED_EDGE('',*,*,#2466,.F.);
#15889=ORIENTED_EDGE('',*,*,#2938,.F.);
#15890=CARTESIAN_POINT('',(9.34000000000016,8.00099999999996,1.5));
#15891=DIRECTION('',(0.707106781186548,-0.707106781186548,8.65927457071936E-017));
#15892=DIRECTION('',(-0.707106781186548,-0.707106781186548,-8.65927457071936E-017));
#15893=DIRECTION('',(1.22460635382238E-016,0.0,-1.0));
#15894=DIRECTION('',(0.0,-1.0,0.0));
#15895=DIRECTION('',(-6.12303176911189E-017,0.0,1.0));
#15896=SURFACE_STYLE_FILL_AREA(#18728);
#15897=ORIENTED_EDGE('',*,*,#3162,.T.);
#15898=ORIENTED_EDGE('',*,*,#4096,.T.);
#15899=ORIENTED_EDGE('',*,*,#2596,.T.);
#15900=ORIENTED_EDGE('',*,*,#2078,.F.);
#15901=CARTESIAN_POINT('',(2.31,7.64999999999999,-0.449999999999932));
#15902=DIRECTION('',(0.0,1.0,0.0));
#15903=DIRECTION('',(-6.12303176911189E-017,0.0,1.0));
#15904=SURFACE_STYLE_FILL_AREA(#18729);
#15905=ORIENTED_EDGE('',*,*,#2920,.T.);
#15906=ORIENTED_EDGE('',*,*,#4128,.T.);
#15907=ORIENTED_EDGE('',*,*,#4392,.T.);
#15908=ORIENTED_EDGE('',*,*,#4780,.T.);
#15909=ORIENTED_EDGE('',*,*,#3902,.F.);
#15910=ORIENTED_EDGE('',*,*,#2502,.F.);
#15911=ORIENTED_EDGE('',*,*,#3128,.F.);
#15912=ORIENTED_EDGE('',*,*,#2256,.F.);
#15913=ORIENTED_EDGE('',*,*,#4506,.F.);
#15914=ORIENTED_EDGE('',*,*,#2102,.F.);
#15915=ORIENTED_EDGE('',*,*,#2364,.F.);
#15916=ORIENTED_EDGE('',*,*,#3488,.F.);
#15917=ORIENTED_EDGE('',*,*,#5032,.F.);
#15918=ORIENTED_EDGE('',*,*,#3562,.F.);
#15919=ORIENTED_EDGE('',*,*,#5294,.F.);
#15920=ORIENTED_EDGE('',*,*,#2354,.F.);
#15921=ORIENTED_EDGE('',*,*,#3332,.F.);
#15922=ORIENTED_EDGE('',*,*,#2656,.F.);
#15923=CARTESIAN_POINT('',(-2.2699999999992,0.741000000000222,1.5));
#15924=DIRECTION('',(-1.0,0.0,-1.22460635382238E-016));
#15925=DIRECTION('',(0.0,1.0,0.0));
#15926=DIRECTION('',(0.0,1.0,0.0));
#15927=DIRECTION('',(1.0,0.0,6.12303176911189E-017));
#15928=CARTESIAN_POINT('',(-6.84029629553154,0.583544139278076,0.16665));
#15929=DIRECTION('',(1.22460635382238E-016,0.0,-1.0));
#15930=DIRECTION('',(-1.0,0.0,-1.22460635382238E-016));
#15931=DIRECTION('',(1.22460635382238E-016,0.0,-1.0));
#15932=DIRECTION('',(-1.0,0.0,-6.12303176911189E-017));
#15933=DIRECTION('',(0.0,-1.0,0.0));
#15934=SURFACE_STYLE_FILL_AREA(#18730);
#15935=ORIENTED_EDGE('',*,*,#2838,.T.);
#15936=ORIENTED_EDGE('',*,*,#2406,.T.);
#15937=ORIENTED_EDGE('',*,*,#2470,.T.);
#15938=ORIENTED_EDGE('',*,*,#2050,.T.);
#15939=ORIENTED_EDGE('',*,*,#5218,.T.);
#15940=ORIENTED_EDGE('',*,*,#2228,.F.);
#15941=ORIENTED_EDGE('',*,*,#3866,.T.);
#15942=ORIENTED_EDGE('',*,*,#4694,.T.);
#15943=CARTESIAN_POINT('',(-10.39,7.64999999999999,0.999999999999886));
#15944=DIRECTION('',(0.0,1.0,0.0));
#15945=DIRECTION('',(-6.12303176911189E-017,0.0,1.0));
#15946=DIRECTION('',(0.0,1.0,0.0));
#15947=DIRECTION('',(0.0,0.0,1.0));
#15948=DIRECTION('',(1.22460635382238E-016,0.0,-1.0));
#15949=SURFACE_STYLE_FILL_AREA(#18731);
#15950=ORIENTED_EDGE('',*,*,#4034,.F.);
#15951=ORIENTED_EDGE('',*,*,#3058,.F.);
#15952=ORIENTED_EDGE('',*,*,#4516,.T.);
#15953=ORIENTED_EDGE('',*,*,#3516,.F.);
#15954=ORIENTED_EDGE('',*,*,#2578,.F.);
#15955=ORIENTED_EDGE('',*,*,#4610,.F.);
#15956=CARTESIAN_POINT('',(-1.71999999999993,8.00099999999996,1.5));
#15957=DIRECTION('',(-1.0,0.0,-1.22460635382238E-016));
#15958=DIRECTION('',(0.0,1.0,0.0));
#15959=DIRECTION('',(1.0,0.0,6.12303176911189E-017));
#15960=DIRECTION('',(3.09381386266373E-029,1.0,-2.52637417159153E-013));
#15961=SURFACE_STYLE_FILL_AREA(#18732);
#15962=ORIENTED_EDGE('',*,*,#5180,.F.);
#15963=ORIENTED_EDGE('',*,*,#3288,.T.);
#15964=ORIENTED_EDGE('',*,*,#2518,.F.);
#15965=ORIENTED_EDGE('',*,*,#2292,.T.);
#15966=CARTESIAN_POINT('',(-10.132606597903,0.753873053988997,0.166649999999999));
#15967=DIRECTION('',(0.0,-1.0,0.0));
#15968=DIRECTION('',(-1.0,0.0,-1.22460635382238E-016));
#15969=SURFACE_STYLE_FILL_AREA(#18733);
#15970=ORIENTED_EDGE('',*,*,#4338,.F.);
#15971=ORIENTED_EDGE('',*,*,#2268,.F.);
#15972=ORIENTED_EDGE('',*,*,#3212,.T.);
#15973=ORIENTED_EDGE('',*,*,#4962,.F.);
#15974=CARTESIAN_POINT('',(5.40000000000007,8.50099999999996,1.5));
#15975=DIRECTION('',(-0.707106781186548,-0.707106781186548,-8.65927457071936E-017));
#15976=DIRECTION('',(-0.707106781186548,0.707106781186548,-8.65927457071936E-017));
#15977=DIRECTION('',(-1.0,0.0,-6.12303176911189E-017));
#15978=DIRECTION('',(1.22460635382238E-016,0.0,-1.0));
#15979=SURFACE_STYLE_FILL_AREA(#18734);
#15980=ORIENTED_EDGE('',*,*,#2546,.T.);
#15981=ORIENTED_EDGE('',*,*,#4058,.T.);
#15982=ORIENTED_EDGE('',*,*,#2186,.T.);
#15983=ORIENTED_EDGE('',*,*,#3964,.T.);
#15984=ORIENTED_EDGE('',*,*,#4400,.F.);
#15985=ORIENTED_EDGE('',*,*,#4738,.F.);
#15986=ORIENTED_EDGE('',*,*,#4580,.F.);
#15987=ORIENTED_EDGE('',*,*,#5080,.F.);
#15988=ORIENTED_EDGE('',*,*,#3004,.F.);
#15989=ORIENTED_EDGE('',*,*,#4018,.F.);
#15990=ORIENTED_EDGE('',*,*,#4602,.F.);
#15991=ORIENTED_EDGE('',*,*,#2358,.F.);
#15992=ORIENTED_EDGE('',*,*,#5020,.F.);
#15993=ORIENTED_EDGE('',*,*,#2074,.F.);
#15994=ORIENTED_EDGE('',*,*,#2024,.T.);
#15995=ORIENTED_EDGE('',*,*,#2710,.F.);
#15996=ORIENTED_EDGE('',*,*,#2164,.F.);
#15997=ORIENTED_EDGE('',*,*,#4318,.F.);
#15998=CARTESIAN_POINT('',(2.26999999999989,0.741000000000109,1.5));
#15999=DIRECTION('',(1.0,0.0,1.22460635382238E-016));
#16000=DIRECTION('',(0.0,-1.0,0.0));
#16001=DIRECTION('',(1.22460635382238E-016,0.0,-1.0));
#16002=DIRECTION('',(-1.0,0.0,-1.22460635382238E-016));
#16003=DIRECTION('',(8.65927457071935E-017,-0.707106781186548,-0.707106781186548));
#16004=DIRECTION('',(-1.0,0.0,-6.12303176911189E-017));
#16005=DIRECTION('',(0.0,-1.0,0.0));
#16006=DIRECTION('',(1.22460635382238E-016,0.0,-1.0));
#16007=SURFACE_STYLE_FILL_AREA(#18735);
#16008=ORIENTED_EDGE('',*,*,#4956,.F.);
#16009=ORIENTED_EDGE('',*,*,#2628,.T.);
#16010=ORIENTED_EDGE('',*,*,#2686,.F.);
#16011=ORIENTED_EDGE('',*,*,#4876,.T.);
#16012=CARTESIAN_POINT('',(7.39,0.740000000000222,-0.999999999999204));
#16013=DIRECTION('',(6.12303176911189E-017,0.0,-1.0));
#16014=DIRECTION('',(0.0,1.0,0.0));
#16015=DIRECTION('',(1.22460635382238E-016,0.0,-1.0));
#16016=SURFACE_STYLE_FILL_AREA(#18736);
#16017=ORIENTED_EDGE('',*,*,#3998,.T.);
#16018=ORIENTED_EDGE('',*,*,#1862,.F.);
#16019=ORIENTED_EDGE('',*,*,#2430,.T.);
#16020=ORIENTED_EDGE('',*,*,#1948,.T.);
#16021=CARTESIAN_POINT('',(6.54999999999966,-3.19999999999999,0.16665));
#16022=DIRECTION('',(0.983382180387227,-0.181547479456103,1.2042560663379E-016));
#16023=DIRECTION('',(-0.181547479456103,-0.983382180387227,-2.22324196862382E-017));
#16024=SURFACE_STYLE_FILL_AREA(#18737);
#16025=ORIENTED_EDGE('',*,*,#3700,.T.);
#16026=ORIENTED_EDGE('',*,*,#2578,.T.);
#16027=ORIENTED_EDGE('',*,*,#3678,.T.);
#16028=ORIENTED_EDGE('',*,*,#4438,.T.);
#16029=ORIENTED_EDGE('',*,*,#3940,.T.);
#16030=ORIENTED_EDGE('',*,*,#2600,.F.);
#16031=CARTESIAN_POINT('',(-2.77,8.49999999999996,-0.949999999999932));
#16032=DIRECTION('',(4.32963728535968E-017,-0.707106781186548,-0.707106781186548));
#16033=DIRECTION('',(4.32963728535968E-017,0.707106781186548,-0.707106781186548));
#16034=SURFACE_STYLE_FILL_AREA(#18738);
#16035=ORIENTED_EDGE('',*,*,#2402,.F.);
#16036=ORIENTED_EDGE('',*,*,#3068,.F.);
#16037=ORIENTED_EDGE('',*,*,#4612,.F.);
#16038=ORIENTED_EDGE('',*,*,#4280,.F.);
#16039=ORIENTED_EDGE('',*,*,#2838,.F.);
#16040=ORIENTED_EDGE('',*,*,#5256,.F.);
#16041=ORIENTED_EDGE('',*,*,#2582,.F.);
#16042=ORIENTED_EDGE('',*,*,#3758,.F.);
#16043=CARTESIAN_POINT('',(-9.59,7.625,0.0));
#16044=DIRECTION('',(1.0,0.0,0.0));
#16045=DIRECTION('',(0.0,0.0,-1.0));
#16046=CARTESIAN_POINT('',(7.8900000000008,0.149999999999778,0.775000000000091));
#16047=DIRECTION('',(-1.0,0.0,-1.22460635382238E-016));
#16048=DIRECTION('',(1.22460635382238E-016,0.0,-1.0));
#16049=SURFACE_STYLE_FILL_AREA(#18739);
#16050=ORIENTED_EDGE('',*,*,#1896,.T.);
#16051=ORIENTED_EDGE('',*,*,#5084,.T.);
#16052=ORIENTED_EDGE('',*,*,#5020,.T.);
#16053=ORIENTED_EDGE('',*,*,#3638,.F.);
#16054=CARTESIAN_POINT('',(-0.23,7.64999999999999,0.999999999999886));
#16055=DIRECTION('',(0.0,1.0,0.0));
#16056=DIRECTION('',(-6.12303176911189E-017,0.0,1.0));
#16057=DIRECTION('',(-1.0,0.0,-6.12303176911189E-017));
#16058=DIRECTION('',(1.22460635382238E-016,0.0,-1.0));
#16059=DIRECTION('',(6.12303176911189E-017,0.0,-1.0));
#16060=DIRECTION('',(1.0,0.0,6.12303176911189E-017));
#16061=DIRECTION('',(1.22460635382238E-016,0.0,-1.0));
#16062=SURFACE_STYLE_FILL_AREA(#18740);
#16063=ORIENTED_EDGE('',*,*,#3800,.T.);
#16064=ORIENTED_EDGE('',*,*,#3008,.F.);
#16065=ORIENTED_EDGE('',*,*,#4324,.F.);
#16066=ORIENTED_EDGE('',*,*,#2404,.T.);
#16067=CARTESIAN_POINT('',(-5.85970370446777,0.583544139276829,0.16665));
#16068=DIRECTION('',(-1.22460635382238E-016,0.0,1.0));
#16069=DIRECTION('',(-1.0,0.0,-1.22460635382238E-016));
#16070=DIRECTION('',(1.0,0.0,6.12303176911189E-017));
#16071=DIRECTION('',(-3.09381386266373E-029,-1.0,2.52637417159153E-013));
#16072=DIRECTION('',(1.0,0.0,6.12303176911189E-017));
#16073=DIRECTION('',(1.22460635382238E-016,0.0,-1.0));
#16074=DIRECTION('',(-0.577350269189626,-0.577350269189626,-0.577350269189626));
#16075=DIRECTION('',(1.22460635382238E-016,0.0,-1.0));
#16076=CARTESIAN_POINT('',(8.39970370446846,0.583544139278076,-0.16665));
#16077=DIRECTION('',(1.22460635382238E-016,0.0,-1.0));
#16078=DIRECTION('',(-1.0,0.0,-1.22460635382238E-016));
#16079=CARTESIAN_POINT('',(3.31970370446846,0.583544139278076,-0.16665));
#16080=DIRECTION('',(1.22460635382238E-016,0.0,-1.0));
#16081=DIRECTION('',(-1.0,0.0,-1.22460635382238E-016));
#16082=DIRECTION('',(-8.65927457071936E-017,0.707106781186548,0.707106781186548));
#16083=CARTESIAN_POINT('',(1.76029629553223,0.583544139276829,-0.16665));
#16084=DIRECTION('',(1.22460635382238E-016,0.0,-1.0));
#16085=DIRECTION('',(-1.0,0.0,-1.22460635382238E-016));
#16086=SURFACE_STYLE_FILL_AREA(#18741);
#16087=ORIENTED_EDGE('',*,*,#2462,.T.);
#16088=ORIENTED_EDGE('',*,*,#5088,.F.);
#16089=ORIENTED_EDGE('',*,*,#3876,.F.);
#16090=ORIENTED_EDGE('',*,*,#2032,.T.);
#16091=CARTESIAN_POINT('',(4.30029629553223,0.583544139276829,0.16665));
#16092=DIRECTION('',(-1.22460635382238E-016,0.0,1.0));
#16093=DIRECTION('',(-1.0,0.0,-1.22460635382238E-016));
#16094=DIRECTION('',(0.0,1.0,0.0));
#16095=DIRECTION('',(8.65927457071936E-017,-0.707106781186548,-0.707106781186548));
#16096=DIRECTION('',(8.65927457071936E-017,0.707106781186548,-0.707106781186548));
#16097=DIRECTION('',(0.0,-1.0,0.0));
#16098=SURFACE_STYLE_FILL_AREA(#18742);
#16099=ORIENTED_EDGE('',*,*,#3248,.F.);
#16100=ORIENTED_EDGE('',*,*,#4052,.F.);
#16101=ORIENTED_EDGE('',*,*,#4108,.T.);
#16102=ORIENTED_EDGE('',*,*,#2330,.F.);
#16103=CARTESIAN_POINT('',(-7.29999999999993,8.50099999999996,1.5));
#16104=DIRECTION('',(-0.707106781186548,-0.707106781186548,-8.65927457071936E-017));
#16105=DIRECTION('',(-0.707106781186548,0.707106781186548,-8.65927457071936E-017));
#16106=DIRECTION('',(1.22460635382238E-016,0.0,-1.0));
#16107=DIRECTION('',(-1.0,0.0,-6.12303176911189E-017));
#16108=SURFACE_STYLE_FILL_AREA(#18743);
#16109=ORIENTED_EDGE('',*,*,#2240,.T.);
#16110=ORIENTED_EDGE('',*,*,#4052,.T.);
#16111=ORIENTED_EDGE('',*,*,#2982,.F.);
#16112=ORIENTED_EDGE('',*,*,#2992,.T.);
#16113=ORIENTED_EDGE('',*,*,#2480,.T.);
#16114=ORIENTED_EDGE('',*,*,#4904,.F.);
#16115=CARTESIAN_POINT('',(-7.85,7.99999999999996,0.450000000000159));
#16116=DIRECTION('',(-4.32963728535968E-017,-0.707106781186548,0.707106781186548));
#16117=DIRECTION('',(4.32963728535968E-017,-0.707106781186548,-0.707106781186548));
#16118=DIRECTION('',(1.0,0.0,6.12303176911189E-017));
#16119=DIRECTION('',(-0.577350269189626,-0.577350269189626,-0.577350269189626));
#16120=DIRECTION('',(1.22460635382238E-016,0.0,-1.0));
#16121=DIRECTION('',(3.09381386266373E-029,1.0,-2.52637417159153E-013));
#16122=DIRECTION('',(1.22460635382238E-016,0.0,-1.0));
#16123=DIRECTION('',(1.0,0.0,6.12303176911189E-017));
#16124=CARTESIAN_POINT('',(-3.31970370446777,0.583544139276829,0.16665));
#16125=DIRECTION('',(1.22460635382238E-016,0.0,-1.0));
#16126=DIRECTION('',(-1.0,0.0,-1.22460635382238E-016));
#16127=DIRECTION('',(-1.0,0.0,-1.22460635382238E-016));
#16128=DIRECTION('',(1.22460635382238E-016,0.0,-1.0));
#16129=DIRECTION('',(-1.22460635382238E-016,0.0,1.0));
#16130=CARTESIAN_POINT('',(-7.89000000000011,0.150000000000105,-0.775000000000205));
#16131=DIRECTION('',(1.0,0.0,1.22460635382238E-016));
#16132=DIRECTION('',(1.22460635382238E-016,0.0,-1.0));
#16133=SURFACE_STYLE_FILL_AREA(#18744);
#16134=ORIENTED_EDGE('',*,*,#4780,.F.);
#16135=ORIENTED_EDGE('',*,*,#2414,.F.);
#16136=ORIENTED_EDGE('',*,*,#4376,.T.);
#16137=ORIENTED_EDGE('',*,*,#2602,.F.);
#16138=ORIENTED_EDGE('',*,*,#4026,.F.);
#16139=ORIENTED_EDGE('',*,*,#5006,.F.);
#16140=ORIENTED_EDGE('',*,*,#5284,.F.);
#16141=ORIENTED_EDGE('',*,*,#4794,.T.);
#16142=ORIENTED_EDGE('',*,*,#5040,.T.);
#16143=ORIENTED_EDGE('',*,*,#3432,.T.);
#16144=ORIENTED_EDGE('',*,*,#4648,.F.);
#16145=ORIENTED_EDGE('',*,*,#5246,.T.);
#16146=CARTESIAN_POINT('',(-1.27543127531429,-0.136573772166789,0.16665));
#16147=DIRECTION('',(1.22460635382238E-016,0.0,-1.0));
#16148=DIRECTION('',(-1.0,0.0,-1.22460635382238E-016));
#16149=DIRECTION('',(1.22460635382238E-016,0.0,-1.0));
#16150=DIRECTION('',(1.0,0.0,6.12303176911189E-017));
#16151=DIRECTION('',(1.0,0.0,6.12303176911189E-017));
#16152=SURFACE_STYLE_FILL_AREA(#18745);
#16153=ORIENTED_EDGE('',*,*,#4166,.T.);
#16154=ORIENTED_EDGE('',*,*,#2890,.F.);
#16155=ORIENTED_EDGE('',*,*,#5238,.T.);
#16156=ORIENTED_EDGE('',*,*,#4862,.T.);
#16157=CARTESIAN_POINT('',(8.56999999999966,-2.54999999999999,0.16665));
#16158=DIRECTION('',(-0.983382180387227,-0.181547479456103,-1.2042560663379E-016));
#16159=DIRECTION('',(-0.181547479456103,0.983382180387227,-2.22324196862382E-017));
#16160=DIRECTION('',(-1.0,0.0,-6.12303176911189E-017));
#16161=DIRECTION('',(1.22460635382238E-016,0.0,-1.0));
#16162=DIRECTION('',(0.0,1.0,0.0));
#16163=DIRECTION('',(1.0,0.0,1.22460635382238E-016));
#16164=DIRECTION('',(-1.22460635382238E-016,0.0,1.0));
#16165=DIRECTION('',(-1.22460635382238E-016,0.0,1.0));
#16166=DIRECTION('',(0.0,1.0,0.0));
#16167=SURFACE_STYLE_FILL_AREA(#18746);
#16168=ORIENTED_EDGE('',*,*,#4500,.F.);
#16169=ORIENTED_EDGE('',*,*,#4084,.T.);
#16170=ORIENTED_EDGE('',*,*,#3398,.F.);
#16171=ORIENTED_EDGE('',*,*,#4454,.T.);
#16172=CARTESIAN_POINT('',(-7.85,0.740000000000222,-0.999999999999205));
#16173=DIRECTION('',(6.12303176911189E-017,0.0,-1.0));
#16174=DIRECTION('',(0.0,1.0,0.0));
#16175=DIRECTION('',(0.0,1.0,0.0));
#16176=DIRECTION('',(0.0,1.0,0.0));
#16177=DIRECTION('',(1.22460635382238E-016,0.0,-1.0));
#16178=DIRECTION('',(1.22460635382238E-016,0.0,-1.0));
#16179=DIRECTION('',(1.22460635382238E-016,0.0,-1.0));
#16180=DIRECTION('',(-1.0,0.0,-6.12303176911189E-017));
#16181=SURFACE_STYLE_FILL_AREA(#18747);
#16182=ORIENTED_EDGE('',*,*,#4692,.T.);
#16183=ORIENTED_EDGE('',*,*,#2448,.T.);
#16184=ORIENTED_EDGE('',*,*,#3090,.T.);
#16185=ORIENTED_EDGE('',*,*,#3760,.F.);
#16186=CARTESIAN_POINT('',(-10.285,0.149999999999778,0.77500000000009));
#16187=DIRECTION('',(-1.0,0.0,-6.12303176911189E-017));
#16188=DIRECTION('',(6.12303176911189E-017,0.0,-1.0));
#16189=DIRECTION('',(1.22460635382238E-016,0.0,-1.0));
#16190=DIRECTION('',(1.0,0.0,6.12303176911189E-017));
#16191=DIRECTION('',(1.22460635382238E-016,0.0,-1.0));
#16192=CARTESIAN_POINT('',(10.285,0.149999999999778,0.775000000000092));
#16193=DIRECTION('',(-1.0,0.0,-6.12303176911189E-017));
#16194=DIRECTION('',(6.12303176911189E-017,0.0,-1.0));
#16195=DIRECTION('',(1.0,0.0,1.22460635382238E-016));
#16196=DIRECTION('',(1.0,0.0,1.22460635382238E-016));
#16197=DIRECTION('',(0.0,-1.0,0.0));
#16198=DIRECTION('',(0.0,-1.0,0.0));
#16199=SURFACE_STYLE_FILL_AREA(#18748);
#16200=ORIENTED_EDGE('',*,*,#5228,.T.);
#16201=ORIENTED_EDGE('',*,*,#1950,.F.);
#16202=ORIENTED_EDGE('',*,*,#2202,.T.);
#16203=ORIENTED_EDGE('',*,*,#3350,.T.);
#16204=CARTESIAN_POINT('',(1.46999999999966,-3.19999999999999,0.16665));
#16205=DIRECTION('',(0.983382180387227,-0.181547479456103,1.2042560663379E-016));
#16206=DIRECTION('',(-0.181547479456103,-0.983382180387227,-2.22324196862382E-017));
#16207=DIRECTION('',(1.22460635382238E-016,0.0,-1.0));
#16208=SURFACE_STYLE_FILL_AREA(#18749);
#16209=ORIENTED_EDGE('',*,*,#2606,.T.);
#16210=ORIENTED_EDGE('',*,*,#5240,.F.);
#16211=ORIENTED_EDGE('',*,*,#2820,.F.);
#16212=ORIENTED_EDGE('',*,*,#4782,.T.);
#16213=CARTESIAN_POINT('',(-6.84029629553154,0.583544139278076,0.16665));
#16214=DIRECTION('',(-1.22460635382238E-016,0.0,1.0));
#16215=DIRECTION('',(-1.0,0.0,-1.22460635382238E-016));
#16216=DIRECTION('',(1.22460635382238E-016,0.0,-1.0));
#16217=DIRECTION('',(1.22460635382238E-016,0.0,-1.0));
#16218=DIRECTION('',(0.0,1.0,0.0));
#16219=DIRECTION('',(1.22460635382238E-016,0.0,-1.0));
#16220=DIRECTION('',(1.22460635382238E-016,0.0,-1.0));
#16221=DIRECTION('',(-0.181547479456103,0.983382180387227,-2.22324196862382E-017));
#16222=SURFACE_STYLE_FILL_AREA(#18750);
#16223=ORIENTED_EDGE('',*,*,#1860,.T.);
#16224=ORIENTED_EDGE('',*,*,#4614,.F.);
#16225=ORIENTED_EDGE('',*,*,#2754,.F.);
#16226=ORIENTED_EDGE('',*,*,#4494,.T.);
#16227=CARTESIAN_POINT('',(9.38029629553223,0.583544139276829,0.166650000000001));
#16228=DIRECTION('',(-1.22460635382238E-016,0.0,1.0));
#16229=DIRECTION('',(-1.0,0.0,-1.22460635382238E-016));
#16230=DIRECTION('',(1.22460635382238E-016,0.0,-1.0));
#16231=DIRECTION('',(0.0,1.0,0.0));
#16232=DIRECTION('',(0.0,1.0,0.0));
#16233=DIRECTION('',(0.181547479456103,-0.983382180387227,2.22324196862382E-017));
#16234=DIRECTION('',(0.0,0.0,-1.0));
#16235=DIRECTION('',(1.0,0.0,6.12303176911189E-017));
#16236=DIRECTION('',(1.0,0.0,6.12303176911189E-017));
#16237=DIRECTION('',(1.22460635382238E-016,0.0,-1.0));
#16238=DIRECTION('',(1.0,0.0,6.12303176911189E-017));
#16239=DIRECTION('',(1.0,0.0,6.12303176911189E-017));
#16240=DIRECTION('',(-8.65927457071936E-017,-0.707106781186548,0.707106781186548));
#16241=SURFACE_STYLE_FILL_AREA(#18751);
#16242=ORIENTED_EDGE('',*,*,#4764,.T.);
#16243=ORIENTED_EDGE('',*,*,#2032,.F.);
#16244=ORIENTED_EDGE('',*,*,#3342,.F.);
#16245=ORIENTED_EDGE('',*,*,#3334,.T.);
#16246=CARTESIAN_POINT('',(4.12999999999966,-2.54999999999999,0.16665));
#16247=DIRECTION('',(1.0,0.0,1.22460635382238E-016));
#16248=DIRECTION('',(0.0,-1.0,0.0));
#16249=DIRECTION('',(1.22460635382238E-016,0.0,-1.0));
#16250=DIRECTION('',(0.0,-1.0,0.0));
#16251=DIRECTION('',(1.0,0.0,6.12303176911189E-017));
#16252=SURFACE_STYLE_FILL_AREA(#18752);
#16253=ORIENTED_EDGE('',*,*,#3244,.T.);
#16254=ORIENTED_EDGE('',*,*,#2096,.F.);
#16255=ORIENTED_EDGE('',*,*,#4018,.T.);
#16256=ORIENTED_EDGE('',*,*,#3636,.T.);
#16257=CARTESIAN_POINT('',(-10.285,0.149999999999778,0.77500000000009));
#16258=DIRECTION('',(-1.0,0.0,-6.12303176911189E-017));
#16259=DIRECTION('',(6.12303176911189E-017,0.0,-1.0));
#16260=SURFACE_STYLE_FILL_AREA(#18753);
#16261=ORIENTED_EDGE('',*,*,#4168,.T.);
#16262=ORIENTED_EDGE('',*,*,#4272,.F.);
#16263=ORIENTED_EDGE('',*,*,#3492,.T.);
#16264=ORIENTED_EDGE('',*,*,#3976,.T.);
#16265=CARTESIAN_POINT('',(-10.285,0.149999999999778,0.77500000000009));
#16266=DIRECTION('',(-1.0,0.0,-6.12303176911189E-017));
#16267=DIRECTION('',(6.12303176911189E-017,0.0,-1.0));
#16268=DIRECTION('',(-1.0,0.0,0.0));
#16269=DIRECTION('',(-1.0,0.0,-6.12303176911189E-017));
#16270=SURFACE_STYLE_FILL_AREA(#18754);
#16271=ORIENTED_EDGE('',*,*,#3074,.T.);
#16272=ORIENTED_EDGE('',*,*,#5282,.T.);
#16273=ORIENTED_EDGE('',*,*,#3944,.T.);
#16274=ORIENTED_EDGE('',*,*,#3822,.T.);
#16275=ORIENTED_EDGE('',*,*,#3230,.F.);
#16276=ORIENTED_EDGE('',*,*,#4454,.F.);
#16277=ORIENTED_EDGE('',*,*,#5044,.F.);
#16278=ORIENTED_EDGE('',*,*,#2740,.F.);
#16279=ORIENTED_EDGE('',*,*,#2174,.F.);
#16280=ORIENTED_EDGE('',*,*,#2958,.F.);
#16281=ORIENTED_EDGE('',*,*,#3030,.F.);
#16282=ORIENTED_EDGE('',*,*,#4158,.F.);
#16283=ORIENTED_EDGE('',*,*,#4148,.F.);
#16284=ORIENTED_EDGE('',*,*,#2150,.F.);
#16285=ORIENTED_EDGE('',*,*,#5206,.F.);
#16286=ORIENTED_EDGE('',*,*,#4136,.F.);
#16287=ORIENTED_EDGE('',*,*,#5166,.F.);
#16288=ORIENTED_EDGE('',*,*,#2302,.F.);
#16289=CARTESIAN_POINT('',(-7.3499999999992,0.741000000000222,1.5));
#16290=DIRECTION('',(-1.0,0.0,-1.22460635382238E-016));
#16291=DIRECTION('',(0.0,1.0,0.0));
#16292=DIRECTION('',(0.0,1.0,0.0));
#16293=DIRECTION('',(3.09381386266373E-029,1.0,-2.52637417159153E-013));
#16294=SURFACE_STYLE_FILL_AREA(#18755);
#16295=ORIENTED_EDGE('',*,*,#5290,.T.);
#16296=ORIENTED_EDGE('',*,*,#5204,.T.);
#16297=ORIENTED_EDGE('',*,*,#5072,.T.);
#16298=ORIENTED_EDGE('',*,*,#2536,.F.);
#16299=CARTESIAN_POINT('',(-10.285,0.150000000000105,-0.775000000000205));
#16300=DIRECTION('',(-1.0,0.0,-6.12303176911189E-017));
#16301=DIRECTION('',(6.12303176911189E-017,0.0,-1.0));
#16302=DIRECTION('',(1.22460635382238E-016,0.0,-1.0));
#16303=DIRECTION('',(0.0,1.0,0.0));
#16304=DIRECTION('',(1.22460635382238E-016,0.0,-1.0));
#16305=CARTESIAN_POINT('',(6.84029629553223,0.583544139276829,0.16665));
#16306=DIRECTION('',(1.22460635382238E-016,0.0,-1.0));
#16307=DIRECTION('',(-1.0,0.0,-1.22460635382238E-016));
#16308=SURFACE_STYLE_FILL_AREA(#18756);
#16309=ORIENTED_EDGE('',*,*,#2302,.T.);
#16310=ORIENTED_EDGE('',*,*,#1980,.F.);
#16311=ORIENTED_EDGE('',*,*,#3024,.T.);
#16312=ORIENTED_EDGE('',*,*,#3650,.T.);
#16313=CARTESIAN_POINT('',(-10.285,0.150000000000105,-0.775000000000205));
#16314=DIRECTION('',(-1.0,0.0,-6.12303176911189E-017));
#16315=DIRECTION('',(6.12303176911189E-017,0.0,-1.0));
#16316=SURFACE_STYLE_FILL_AREA(#18757);
#16317=ORIENTED_EDGE('',*,*,#2398,.F.);
#16318=ORIENTED_EDGE('',*,*,#5018,.T.);
#16319=ORIENTED_EDGE('',*,*,#3840,.F.);
#16320=ORIENTED_EDGE('',*,*,#5142,.T.);
#16321=CARTESIAN_POINT('',(5.10739340209702,0.753873053988997,0.16665));
#16322=DIRECTION('',(0.0,-1.0,0.0));
#16323=DIRECTION('',(-1.0,0.0,-1.22460635382238E-016));
#16324=DIRECTION('',(1.22460635382238E-016,0.0,-1.0));
#16325=DIRECTION('',(-1.22460635382238E-016,0.0,1.0));
#16326=DIRECTION('',(1.22460635382238E-016,0.0,-1.0));
#16327=DIRECTION('',(-1.22460635382238E-016,0.0,1.0));
#16328=DIRECTION('',(1.22460635382238E-016,0.0,-1.0));
#16329=SURFACE_STYLE_FILL_AREA(#18758);
#16330=ORIENTED_EDGE('',*,*,#4154,.F.);
#16331=ORIENTED_EDGE('',*,*,#3016,.F.);
#16332=ORIENTED_EDGE('',*,*,#4328,.F.);
#16333=ORIENTED_EDGE('',*,*,#3052,.F.);
#16334=ORIENTED_EDGE('',*,*,#3676,.F.);
#16335=ORIENTED_EDGE('',*,*,#4606,.F.);
#16336=ORIENTED_EDGE('',*,*,#3998,.F.);
#16337=ORIENTED_EDGE('',*,*,#2344,.F.);
#16338=ORIENTED_EDGE('',*,*,#1796,.F.);
#16339=ORIENTED_EDGE('',*,*,#3938,.F.);
#16340=ORIENTED_EDGE('',*,*,#4582,.F.);
#16341=ORIENTED_EDGE('',*,*,#5018,.F.);
#16342=CARTESIAN_POINT('',(6.34456872468571,-0.136573772166789,-0.16665));
#16343=DIRECTION('',(1.22460635382238E-016,0.0,-1.0));
#16344=DIRECTION('',(-1.0,0.0,-1.22460635382238E-016));
#16345=DIRECTION('',(1.0,0.0,6.12303176911189E-017));
#16346=CARTESIAN_POINT('',(2.81000000000079,0.149999999999778,0.775000000000091));
#16347=DIRECTION('',(-1.0,0.0,-1.22460635382238E-016));
#16348=DIRECTION('',(1.22460635382238E-016,0.0,-1.0));
#16349=DIRECTION('',(1.22460635382238E-016,0.0,-1.0));
#16350=DIRECTION('',(1.22460635382238E-016,0.0,-1.0));
#16351=SURFACE_STYLE_FILL_AREA(#18759);
#16352=ORIENTED_EDGE('',*,*,#5150,.T.);
#16353=ORIENTED_EDGE('',*,*,#4616,.F.);
#16354=ORIENTED_EDGE('',*,*,#3482,.T.);
#16355=ORIENTED_EDGE('',*,*,#3206,.T.);
#16356=CARTESIAN_POINT('',(3.60999999999966,-3.19999999999999,0.16665));
#16357=DIRECTION('',(0.0,-1.0,0.0));
#16358=DIRECTION('',(-1.0,0.0,-1.22460635382238E-016));
#16359=SURFACE_STYLE_FILL_AREA(#18760);
#16360=ORIENTED_EDGE('',*,*,#3938,.T.);
#16361=ORIENTED_EDGE('',*,*,#4710,.F.);
#16362=ORIENTED_EDGE('',*,*,#1898,.T.);
#16363=ORIENTED_EDGE('',*,*,#3408,.T.);
#16364=CARTESIAN_POINT('',(6.02999999999966,0.587206387322199,0.16665));
#16365=DIRECTION('',(-1.0,0.0,-1.22460635382238E-016));
#16366=DIRECTION('',(0.0,1.0,0.0));
#16367=SURFACE_STYLE_FILL_AREA(#18761);
#16368=ORIENTED_EDGE('',*,*,#5166,.T.);
#16369=ORIENTED_EDGE('',*,*,#3158,.F.);
#16370=ORIENTED_EDGE('',*,*,#4036,.T.);
#16371=ORIENTED_EDGE('',*,*,#1980,.T.);
#16372=CARTESIAN_POINT('',(-10.285,0.150000000000105,-0.625000000000001));
#16373=DIRECTION('',(-6.12303176911189E-017,0.0,1.0));
#16374=DIRECTION('',(0.0,-1.0,0.0));
#16375=DIRECTION('',(1.22460635382238E-016,0.0,-1.0));
#16376=DIRECTION('',(1.22460635382238E-016,0.0,-1.0));
#16377=DIRECTION('',(1.0,0.0,6.12303176911189E-017));
#16378=DIRECTION('',(1.22460635382238E-016,0.0,-1.0));
#16379=DIRECTION('',(1.0,0.0,6.12303176911189E-017));
#16380=DIRECTION('',(1.0,0.0,6.12303176911189E-017));
#16381=SURFACE_STYLE_FILL_AREA(#18762);
#16382=ORIENTED_EDGE('',*,*,#2826,.T.);
#16383=ORIENTED_EDGE('',*,*,#2856,.T.);
#16384=ORIENTED_EDGE('',*,*,#4440,.T.);
#16385=ORIENTED_EDGE('',*,*,#4236,.T.);
#16386=ORIENTED_EDGE('',*,*,#2352,.T.);
#16387=ORIENTED_EDGE('',*,*,#4074,.T.);
#16388=ORIENTED_EDGE('',*,*,#4424,.T.);
#16389=ORIENTED_EDGE('',*,*,#2848,.F.);
#16390=CARTESIAN_POINT('',(-5.31,7.99999999999996,-0.449999999999932));
#16391=DIRECTION('',(6.12303176911189E-017,0.0,-1.0));
#16392=DIRECTION('',(0.0,1.0,0.0));
#16393=DIRECTION('',(0.0,1.0,0.0));
#16394=DIRECTION('',(1.0,0.0,1.22460635382238E-016));
#16395=SURFACE_STYLE_FILL_AREA(#18763);
#16396=ORIENTED_EDGE('',*,*,#4606,.T.);
#16397=ORIENTED_EDGE('',*,*,#3830,.F.);
#16398=ORIENTED_EDGE('',*,*,#2258,.F.);
#16399=ORIENTED_EDGE('',*,*,#1862,.T.);
#16400=CARTESIAN_POINT('',(6.66999999999966,-2.54999999999999,0.16665));
#16401=DIRECTION('',(1.0,0.0,1.22460635382238E-016));
#16402=DIRECTION('',(0.0,-1.0,0.0));
#16403=DIRECTION('',(1.22460635382238E-016,0.0,-1.0));
#16404=DIRECTION('',(-6.12303176911189E-017,0.0,1.0));
#16405=DIRECTION('',(0.0,1.0,0.0));
#16406=SURFACE_STYLE_FILL_AREA(#18764);
#16407=ORIENTED_EDGE('',*,*,#2338,.T.);
#16408=ORIENTED_EDGE('',*,*,#3754,.T.);
#16409=ORIENTED_EDGE('',*,*,#3000,.T.);
#16410=ORIENTED_EDGE('',*,*,#4328,.T.);
#16411=ORIENTED_EDGE('',*,*,#2012,.F.);
#16412=ORIENTED_EDGE('',*,*,#4808,.F.);
#16413=ORIENTED_EDGE('',*,*,#2972,.F.);
#16414=ORIENTED_EDGE('',*,*,#3048,.F.);
#16415=ORIENTED_EDGE('',*,*,#4012,.F.);
#16416=ORIENTED_EDGE('',*,*,#3792,.F.);
#16417=ORIENTED_EDGE('',*,*,#2742,.F.);
#16418=ORIENTED_EDGE('',*,*,#3536,.F.);
#16419=ORIENTED_EDGE('',*,*,#4162,.F.);
#16420=ORIENTED_EDGE('',*,*,#2390,.F.);
#16421=ORIENTED_EDGE('',*,*,#2278,.T.);
#16422=ORIENTED_EDGE('',*,*,#2108,.F.);
#16423=ORIENTED_EDGE('',*,*,#3936,.F.);
#16424=ORIENTED_EDGE('',*,*,#4482,.F.);
#16425=CARTESIAN_POINT('',(7.34999999999989,0.741000000000109,1.5));
#16426=DIRECTION('',(1.0,0.0,1.22460635382238E-016));
#16427=DIRECTION('',(0.0,-1.0,0.0));
#16428=DIRECTION('',(1.0,0.0,6.12303176911189E-017));
#16429=DIRECTION('',(-1.22460635382238E-016,0.0,1.0));
#16430=DIRECTION('',(0.181547479456103,-0.983382180387227,2.22324196862382E-017));
#16431=DIRECTION('',(1.0,0.0,6.12303176911189E-017));
#16432=DIRECTION('',(0.0,1.0,0.0));
#16433=DIRECTION('',(1.22460635382238E-016,0.0,-1.0));
#16434=DIRECTION('',(0.0,1.0,0.0));
#16435=DIRECTION('',(1.22460635382238E-016,0.0,-1.0));
#16436=SURFACE_STYLE_FILL_AREA(#18765);
#16437=ORIENTED_EDGE('',*,*,#3030,.T.);
#16438=ORIENTED_EDGE('',*,*,#4992,.T.);
#16439=ORIENTED_EDGE('',*,*,#4042,.T.);
#16440=ORIENTED_EDGE('',*,*,#2642,.F.);
#16441=CARTESIAN_POINT('',(-7.85,7.64999999999999,0.999999999999886));
#16442=DIRECTION('',(0.0,1.0,0.0));
#16443=DIRECTION('',(-6.12303176911189E-017,0.0,1.0));
#16444=DIRECTION('',(-1.0,0.0,-1.22460635382238E-016));
#16445=DIRECTION('',(0.0,1.0,0.0));
#16446=DIRECTION('',(1.0,0.0,6.12303176911189E-017));
#16447=DIRECTION('',(1.22460635382238E-016,0.0,-1.0));
#16448=DIRECTION('',(1.22460635382238E-016,0.0,-1.0));
#16449=DIRECTION('',(0.0,1.0,0.0));
#16450=SURFACE_STYLE_FILL_AREA(#18766);
#16451=ORIENTED_EDGE('',*,*,#3192,.F.);
#16452=ORIENTED_EDGE('',*,*,#2640,.T.);
#16453=ORIENTED_EDGE('',*,*,#4092,.T.);
#16454=ORIENTED_EDGE('',*,*,#3068,.T.);
#16455=CARTESIAN_POINT('',(-8.89,7.625,-0.7));
#16456=DIRECTION('',(0.0,0.0,1.0));
#16457=DIRECTION('',(1.0,0.0,0.0));
#16458=DIRECTION('',(0.0,1.0,0.0));
#16459=SURFACE_STYLE_FILL_AREA(#18767);
#16460=ORIENTED_EDGE('',*,*,#3758,.T.);
#16461=ORIENTED_EDGE('',*,*,#2690,.T.);
#16462=ORIENTED_EDGE('',*,*,#3602,.T.);
#16463=ORIENTED_EDGE('',*,*,#2020,.T.);
#16464=CARTESIAN_POINT('',(-10.39,7.99999999999996,-0.449999999999932));
#16465=DIRECTION('',(6.12303176911189E-017,0.0,-1.0));
#16466=DIRECTION('',(0.0,1.0,0.0));
#16467=DIRECTION('',(-1.0,0.0,-1.22460635382238E-016));
#16468=DIRECTION('',(0.0,-1.0,0.0));
#16469=DIRECTION('',(0.181547479456103,0.983382180387227,2.22324196862382E-017));
#16470=SURFACE_STYLE_FILL_AREA(#18768);
#16471=ORIENTED_EDGE('',*,*,#4758,.T.);
#16472=ORIENTED_EDGE('',*,*,#2698,.F.);
#16473=ORIENTED_EDGE('',*,*,#2850,.T.);
#16474=ORIENTED_EDGE('',*,*,#5186,.T.);
#16475=CARTESIAN_POINT('',(-10.285,0.599999999999994,0.624999999999999));
#16476=DIRECTION('',(6.12303176911189E-017,-2.52637417159153E-013,-1.0));
#16477=DIRECTION('',(1.54690693133187E-029,1.0,-2.52637417159153E-013));
#16478=DIRECTION('',(0.0,-1.0,0.0));
#16479=SURFACE_STYLE_FILL_AREA(#18769);
#16480=ORIENTED_EDGE('',*,*,#3616,.T.);
#16481=ORIENTED_EDGE('',*,*,#5016,.F.);
#16482=ORIENTED_EDGE('',*,*,#2498,.T.);
#16483=ORIENTED_EDGE('',*,*,#5278,.T.);
#16484=CARTESIAN_POINT('',(-10.285,0.599999999999994,-0.625000000000001));
#16485=DIRECTION('',(0.0,-1.0,0.0));
#16486=DIRECTION('',(6.12303176911189E-017,0.0,-1.0));
#16487=DIRECTION('',(0.0,1.0,0.0));
#16488=DIRECTION('',(-1.0,0.0,-1.22460635382238E-016));
#16489=SURFACE_STYLE_FILL_AREA(#18770);
#16490=ORIENTED_EDGE('',*,*,#4752,.F.);
#16491=ORIENTED_EDGE('',*,*,#4248,.F.);
#16492=ORIENTED_EDGE('',*,*,#3814,.F.);
#16493=ORIENTED_EDGE('',*,*,#4006,.F.);
#16494=ORIENTED_EDGE('',*,*,#2470,.F.);
#16495=ORIENTED_EDGE('',*,*,#3356,.F.);
#16496=ORIENTED_EDGE('',*,*,#2204,.T.);
#16497=ORIENTED_EDGE('',*,*,#2640,.F.);
#16498=CARTESIAN_POINT('',(-8.19,7.625,0.0));
#16499=DIRECTION('',(-1.0,0.0,0.0));
#16500=DIRECTION('',(0.0,0.0,1.0));
#16501=DIRECTION('',(1.22460635382238E-016,0.0,-1.0));
#16502=DIRECTION('',(0.0,-1.0,0.0));
#16503=DIRECTION('',(0.0,1.0,0.0));
#16504=DIRECTION('',(-3.09381386266373E-029,-1.0,2.52637417159153E-013));
#16505=DIRECTION('',(0.577350269189626,0.577350269189626,-0.577350269189626));
#16506=DIRECTION('',(1.0,0.0,6.12303176911189E-017));
#16507=DIRECTION('',(1.0,0.0,6.12303176911189E-017));
#16508=SURFACE_STYLE_FILL_AREA(#18771);
#16509=ORIENTED_EDGE('',*,*,#3686,.T.);
#16510=ORIENTED_EDGE('',*,*,#2492,.T.);
#16511=ORIENTED_EDGE('',*,*,#1836,.T.);
#16512=ORIENTED_EDGE('',*,*,#5058,.T.);
#16513=ORIENTED_EDGE('',*,*,#2218,.T.);
#16514=ORIENTED_EDGE('',*,*,#4662,.F.);
#16515=ORIENTED_EDGE('',*,*,#3740,.T.);
#16516=ORIENTED_EDGE('',*,*,#4690,.T.);
#16517=CARTESIAN_POINT('',(2.31,7.64999999999999,0.450000000000159));
#16518=DIRECTION('',(-6.12303176911189E-017,0.0,1.0));
#16519=DIRECTION('',(0.0,-1.0,0.0));
#16520=DIRECTION('',(-1.0,0.0,0.0));
#16521=DIRECTION('',(1.22460635382238E-016,0.0,-1.0));
#16522=DIRECTION('',(0.181547479456103,0.983382180387227,2.22324196862382E-017));
#16523=DIRECTION('',(1.0,0.0,6.12303176911189E-017));
#16524=DIRECTION('',(1.0,0.0,6.12303176911189E-017));
#16525=SURFACE_STYLE_FILL_AREA(#18772);
#16526=ORIENTED_EDGE('',*,*,#3716,.T.);
#16527=ORIENTED_EDGE('',*,*,#2614,.T.);
#16528=ORIENTED_EDGE('',*,*,#1882,.F.);
#16529=ORIENTED_EDGE('',*,*,#4002,.T.);
#16530=ORIENTED_EDGE('',*,*,#2222,.T.);
#16531=ORIENTED_EDGE('',*,*,#4396,.F.);
#16532=CARTESIAN_POINT('',(-0.23,7.99999999999996,0.450000000000159));
#16533=DIRECTION('',(-4.32963728535968E-017,-0.707106781186548,0.707106781186548));
#16534=DIRECTION('',(4.32963728535968E-017,-0.707106781186548,-0.707106781186548));
#16535=SURFACE_STYLE_FILL_AREA(#18773);
#16536=ORIENTED_EDGE('',*,*,#2034,.T.);
#16537=ORIENTED_EDGE('',*,*,#4540,.T.);
#16538=ORIENTED_EDGE('',*,*,#4106,.T.);
#16539=ORIENTED_EDGE('',*,*,#2448,.F.);
#16540=CARTESIAN_POINT('',(-10.285,0.599999999999994,0.624999999999999));
#16541=DIRECTION('',(6.12303176911189E-017,-2.52637417159153E-013,-1.0));
#16542=DIRECTION('',(1.54690693133187E-029,1.0,-2.52637417159153E-013));
#16543=DIRECTION('',(-1.0,0.0,-1.22460635382238E-016));
#16544=DIRECTION('',(1.0,0.0,1.22460635382238E-016));
#16545=CARTESIAN_POINT('',(-7.89000000000011,0.149999999999778,0.775000000000091));
#16546=DIRECTION('',(1.0,0.0,1.22460635382238E-016));
#16547=DIRECTION('',(1.22460635382238E-016,0.0,-1.0));
#16548=DIRECTION('',(1.22460635382238E-016,0.0,-1.0));
#16549=DIRECTION('',(3.09381386266373E-029,1.0,-2.52637417159153E-013));
#16550=DIRECTION('',(0.0,1.0,0.0));
#16551=DIRECTION('',(1.0,0.0,1.22460635382238E-016));
#16552=DIRECTION('',(1.0,0.0,0.0));
#16553=DIRECTION('',(1.0,0.0,6.12303176911189E-017));
#16554=DIRECTION('',(0.0,-1.0,0.0));
#16555=DIRECTION('',(0.577350269189626,-0.577350269189626,0.577350269189626));
#16556=SURFACE_STYLE_FILL_AREA(#18774);
#16557=ORIENTED_EDGE('',*,*,#1956,.T.);
#16558=ORIENTED_EDGE('',*,*,#4662,.T.);
#16559=ORIENTED_EDGE('',*,*,#3772,.T.);
#16560=ORIENTED_EDGE('',*,*,#1996,.F.);
#16561=CARTESIAN_POINT('',(2.31,7.64999999999999,0.999999999999886));
#16562=DIRECTION('',(0.0,1.0,0.0));
#16563=DIRECTION('',(-6.12303176911189E-017,0.0,1.0));
#16564=DIRECTION('',(1.22460635382238E-016,0.0,-1.0));
#16565=SURFACE_STYLE_FILL_AREA(#18775);
#16566=ORIENTED_EDGE('',*,*,#2700,.T.);
#16567=ORIENTED_EDGE('',*,*,#4984,.T.);
#16568=ORIENTED_EDGE('',*,*,#3302,.T.);
#16569=ORIENTED_EDGE('',*,*,#4540,.F.);
#16570=CARTESIAN_POINT('',(-10.285,0.599999999999994,-0.625000000000001));
#16571=DIRECTION('',(0.0,-1.0,0.0));
#16572=DIRECTION('',(6.12303176911189E-017,0.0,-1.0));
#16573=DIRECTION('',(0.0,1.0,0.0));
#16574=SURFACE_STYLE_FILL_AREA(#18776);
#16575=ORIENTED_EDGE('',*,*,#4478,.T.);
#16576=ORIENTED_EDGE('',*,*,#2744,.T.);
#16577=ORIENTED_EDGE('',*,*,#2346,.T.);
#16578=ORIENTED_EDGE('',*,*,#2176,.T.);
#16579=ORIENTED_EDGE('',*,*,#1808,.T.);
#16580=ORIENTED_EDGE('',*,*,#3906,.F.);
#16581=CARTESIAN_POINT('',(-0.23,8.49999999999996,-0.949999999999932));
#16582=DIRECTION('',(4.32963728535968E-017,-0.707106781186548,-0.707106781186548));
#16583=DIRECTION('',(4.32963728535968E-017,0.707106781186548,-0.707106781186548));
#16584=DIRECTION('',(-1.0,0.0,-1.22460635382238E-016));
#16585=SURFACE_STYLE_FILL_AREA(#18777);
#16586=ORIENTED_EDGE('',*,*,#2072,.F.);
#16587=ORIENTED_EDGE('',*,*,#3686,.F.);
#16588=ORIENTED_EDGE('',*,*,#3874,.T.);
#16589=ORIENTED_EDGE('',*,*,#2068,.F.);
#16590=ORIENTED_EDGE('',*,*,#2514,.F.);
#16591=ORIENTED_EDGE('',*,*,#4072,.F.);
#16592=CARTESIAN_POINT('',(3.36000000000007,8.00099999999996,1.5));
#16593=DIRECTION('',(-1.0,0.0,-1.22460635382238E-016));
#16594=DIRECTION('',(0.0,1.0,0.0));
#16595=DIRECTION('',(0.0,1.0,0.0));
#16596=DIRECTION('',(0.0,1.0,0.0));
#16597=DIRECTION('',(1.22460635382238E-016,0.0,-1.0));
#16598=CARTESIAN_POINT('',(-0.270000000000113,0.149999999999778,0.775000000000091));
#16599=DIRECTION('',(1.0,0.0,1.22460635382238E-016));
#16600=DIRECTION('',(1.22460635382238E-016,0.0,-1.0));
#16601=DIRECTION('',(-1.22460635382238E-016,0.0,1.0));
#16602=DIRECTION('',(1.22460635382238E-016,0.0,-1.0));
#16603=DIRECTION('',(1.0,0.0,6.12303176911189E-017));
#16604=DIRECTION('',(-1.22460635382238E-016,0.0,1.0));
#16605=SURFACE_STYLE_FILL_AREA(#18778);
#16606=ORIENTED_EDGE('',*,*,#3556,.T.);
#16607=ORIENTED_EDGE('',*,*,#3636,.F.);
#16608=ORIENTED_EDGE('',*,*,#3004,.T.);
#16609=ORIENTED_EDGE('',*,*,#2716,.T.);
#16610=CARTESIAN_POINT('',(-10.285,0.599999999999994,0.624999999999999));
#16611=DIRECTION('',(6.12303176911189E-017,-2.52637417159153E-013,-1.0));
#16612=DIRECTION('',(1.54690693133187E-029,1.0,-2.52637417159153E-013));
#16613=SURFACE_STYLE_FILL_AREA(#18779);
#16614=ORIENTED_EDGE('',*,*,#5154,.T.);
#16615=ORIENTED_EDGE('',*,*,#2506,.F.);
#16616=ORIENTED_EDGE('',*,*,#4210,.T.);
#16617=ORIENTED_EDGE('',*,*,#2306,.T.);
#16618=CARTESIAN_POINT('',(-10.285,0.150000000000105,-0.775000000000205));
#16619=DIRECTION('',(-1.0,0.0,-6.12303176911189E-017));
#16620=DIRECTION('',(6.12303176911189E-017,0.0,-1.0));
#16621=DIRECTION('',(0.0,-1.0,0.0));
#16622=DIRECTION('',(-1.22460635382238E-016,0.0,1.0));
#16623=SURFACE_STYLE_FILL_AREA(#18780);
#16624=ORIENTED_EDGE('',*,*,#3868,.T.);
#16625=ORIENTED_EDGE('',*,*,#3610,.T.);
#16626=ORIENTED_EDGE('',*,*,#5180,.T.);
#16627=ORIENTED_EDGE('',*,*,#4202,.T.);
#16628=ORIENTED_EDGE('',*,*,#4350,.F.);
#16629=ORIENTED_EDGE('',*,*,#2732,.F.);
#16630=ORIENTED_EDGE('',*,*,#2928,.F.);
#16631=ORIENTED_EDGE('',*,*,#4722,.F.);
#16632=ORIENTED_EDGE('',*,*,#4708,.F.);
#16633=ORIENTED_EDGE('',*,*,#5154,.F.);
#16634=ORIENTED_EDGE('',*,*,#4226,.F.);
#16635=ORIENTED_EDGE('',*,*,#2086,.F.);
#16636=ORIENTED_EDGE('',*,*,#4064,.F.);
#16637=ORIENTED_EDGE('',*,*,#3602,.F.);
#16638=ORIENTED_EDGE('',*,*,#2720,.F.);
#16639=ORIENTED_EDGE('',*,*,#3144,.F.);
#16640=ORIENTED_EDGE('',*,*,#3866,.F.);
#16641=ORIENTED_EDGE('',*,*,#4410,.F.);
#16642=CARTESIAN_POINT('',(-9.8899999999992,0.741000000000222,1.5));
#16643=DIRECTION('',(-1.0,0.0,-1.22460635382238E-016));
#16644=DIRECTION('',(0.0,1.0,0.0));
#16645=SURFACE_STYLE_FILL_AREA(#18781);
#16646=ORIENTED_EDGE('',*,*,#3712,.T.);
#16647=ORIENTED_EDGE('',*,*,#3206,.F.);
#16648=ORIENTED_EDGE('',*,*,#3136,.T.);
#16649=ORIENTED_EDGE('',*,*,#3436,.T.);
#16650=CARTESIAN_POINT('',(3.48999999999966,-2.54999999999999,0.16665));
#16651=DIRECTION('',(-0.983382180387227,-0.181547479456103,-1.2042560663379E-016));
#16652=DIRECTION('',(-0.181547479456103,0.983382180387227,-2.22324196862382E-017));
#16653=SURFACE_STYLE_FILL_AREA(#18782);
#16654=ORIENTED_EDGE('',*,*,#4718,.T.);
#16655=ORIENTED_EDGE('',*,*,#4904,.T.);
#16656=ORIENTED_EDGE('',*,*,#2200,.T.);
#16657=ORIENTED_EDGE('',*,*,#5208,.T.);
#16658=ORIENTED_EDGE('',*,*,#5296,.T.);
#16659=ORIENTED_EDGE('',*,*,#4992,.F.);
#16660=ORIENTED_EDGE('',*,*,#2958,.T.);
#16661=ORIENTED_EDGE('',*,*,#2526,.T.);
#16662=CARTESIAN_POINT('',(-7.85,7.64999999999999,0.450000000000159));
#16663=DIRECTION('',(-6.12303176911189E-017,0.0,1.0));
#16664=DIRECTION('',(0.0,-1.0,0.0));
#16665=DIRECTION('',(0.0,1.0,0.0));
#16666=SURFACE_STYLE_FILL_AREA(#18783);
#16667=ORIENTED_EDGE('',*,*,#4690,.F.);
#16668=ORIENTED_EDGE('',*,*,#2608,.T.);
#16669=ORIENTED_EDGE('',*,*,#4118,.F.);
#16670=ORIENTED_EDGE('',*,*,#3874,.F.);
#16671=CARTESIAN_POINT('',(3.36000000000007,7.65099999999999,1.5));
#16672=DIRECTION('',(0.0,1.0,0.0));
#16673=DIRECTION('',(1.0,0.0,1.22460635382238E-016));
#16674=CARTESIAN_POINT('',(-3.31970370446777,0.583544139276829,-0.16665));
#16675=DIRECTION('',(1.22460635382238E-016,0.0,-1.0));
#16676=DIRECTION('',(-1.0,0.0,-1.22460635382238E-016));
#16677=DIRECTION('',(1.0,0.0,0.0));
#16678=DIRECTION('',(0.0,-1.0,0.0));
#16679=DIRECTION('',(0.0,-1.0,0.0));
#16680=DIRECTION('',(1.0,0.0,1.22460635382238E-016));
#16681=DIRECTION('',(1.0,0.0,6.12303176911189E-017));
#16682=SURFACE_STYLE_FILL_AREA(#18784);
#16683=ORIENTED_EDGE('',*,*,#5044,.T.);
#16684=ORIENTED_EDGE('',*,*,#3398,.T.);
#16685=ORIENTED_EDGE('',*,*,#4496,.T.);
#16686=ORIENTED_EDGE('',*,*,#4558,.F.);
#16687=CARTESIAN_POINT('',(-7.85,7.64999999999999,-0.449999999999932));
#16688=DIRECTION('',(0.0,1.0,0.0));
#16689=DIRECTION('',(-6.12303176911189E-017,0.0,1.0));
#16690=DIRECTION('',(0.577350269189626,0.577350269189626,-0.577350269189626));
#16691=DIRECTION('',(1.0,0.0,6.12303176911189E-017));
#16692=SURFACE_STYLE_FILL_AREA(#18785);
#16693=ORIENTED_EDGE('',*,*,#2206,.F.);
#16694=ORIENTED_EDGE('',*,*,#2868,.F.);
#16695=ORIENTED_EDGE('',*,*,#2764,.T.);
#16696=ORIENTED_EDGE('',*,*,#3816,.F.);
#16697=ORIENTED_EDGE('',*,*,#2180,.F.);
#16698=ORIENTED_EDGE('',*,*,#2726,.F.);
#16699=ORIENTED_EDGE('',*,*,#4700,.F.);
#16700=ORIENTED_EDGE('',*,*,#3440,.T.);
#16701=ORIENTED_EDGE('',*,*,#3012,.T.);
#16702=ORIENTED_EDGE('',*,*,#3980,.T.);
#16703=ORIENTED_EDGE('',*,*,#3388,.F.);
#16704=ORIENTED_EDGE('',*,*,#2510,.T.);
#16705=CARTESIAN_POINT('',(-3.81543127531429,-0.136573772166789,0.16665));
#16706=DIRECTION('',(1.22460635382238E-016,0.0,-1.0));
#16707=DIRECTION('',(-1.0,0.0,-1.22460635382238E-016));
#16708=SURFACE_STYLE_FILL_AREA(#18786);
#16709=ORIENTED_EDGE('',*,*,#5070,.F.);
#16710=ORIENTED_EDGE('',*,*,#5280,.F.);
#16711=ORIENTED_EDGE('',*,*,#4676,.F.);
#16712=ORIENTED_EDGE('',*,*,#2652,.F.);
#16713=ORIENTED_EDGE('',*,*,#5178,.F.);
#16714=ORIENTED_EDGE('',*,*,#2030,.F.);
#16715=ORIENTED_EDGE('',*,*,#4104,.F.);
#16716=ORIENTED_EDGE('',*,*,#4222,.F.);
#16717=ORIENTED_EDGE('',*,*,#4838,.F.);
#16718=ORIENTED_EDGE('',*,*,#3288,.F.);
#16719=ORIENTED_EDGE('',*,*,#3610,.F.);
#16720=ORIENTED_EDGE('',*,*,#3360,.F.);
#16721=CARTESIAN_POINT('',(-8.89543127531429,-0.136573772166789,-0.166650000000001));
#16722=DIRECTION('',(1.22460635382238E-016,0.0,-1.0));
#16723=DIRECTION('',(-1.0,0.0,-1.22460635382238E-016));
#16724=DIRECTION('',(-3.09381386266373E-029,-1.0,2.52637417159153E-013));
#16725=DIRECTION('',(1.22460635382238E-016,0.0,-1.0));
#16726=CARTESIAN_POINT('',(-2.2699999999992,0.149999999999778,0.775000000000091));
#16727=DIRECTION('',(-1.0,0.0,-1.22460635382238E-016));
#16728=DIRECTION('',(1.22460635382238E-016,0.0,-1.0));
#16729=DIRECTION('',(-0.181547479456103,-0.983382180387227,-2.22324196862382E-017));
#16730=CARTESIAN_POINT('',(-2.81000000000011,0.149999999999778,0.775000000000091));
#16731=DIRECTION('',(1.0,0.0,1.22460635382238E-016));
#16732=DIRECTION('',(1.22460635382238E-016,0.0,-1.0));
#16733=SURFACE_STYLE_FILL_AREA(#18787);
#16734=ORIENTED_EDGE('',*,*,#4708,.T.);
#16735=ORIENTED_EDGE('',*,*,#4930,.F.);
#16736=ORIENTED_EDGE('',*,*,#5302,.T.);
#16737=ORIENTED_EDGE('',*,*,#2506,.T.);
#16738=CARTESIAN_POINT('',(-10.285,0.150000000000105,-0.625000000000001));
#16739=DIRECTION('',(-6.12303176911189E-017,0.0,1.0));
#16740=DIRECTION('',(0.0,-1.0,0.0));
#16741=DIRECTION('',(0.0,-1.0,0.0));
#16742=DIRECTION('',(-0.181547479456103,-0.983382180387227,-2.22324196862382E-017));
#16743=DIRECTION('',(1.22460635382238E-016,0.0,-1.0));
#16744=SURFACE_STYLE_FILL_AREA(#18788);
#16745=ORIENTED_EDGE('',*,*,#4276,.T.);
#16746=ORIENTED_EDGE('',*,*,#2524,.F.);
#16747=ORIENTED_EDGE('',*,*,#3330,.T.);
#16748=ORIENTED_EDGE('',*,*,#3172,.T.);
#16749=CARTESIAN_POINT('',(-10.285,0.599999999999994,-0.625000000000001));
#16750=DIRECTION('',(0.0,-1.0,0.0));
#16751=DIRECTION('',(6.12303176911189E-017,0.0,-1.0));
#16752=DIRECTION('',(0.0,-1.0,0.0));
#16753=SURFACE_STYLE_FILL_AREA(#18789);
#16754=ORIENTED_EDGE('',*,*,#2070,.F.);
#16755=ORIENTED_EDGE('',*,*,#4014,.T.);
#16756=ORIENTED_EDGE('',*,*,#4712,.F.);
#16757=ORIENTED_EDGE('',*,*,#2024,.F.);
#16758=CARTESIAN_POINT('',(2.26999999999989,7.65099999999999,1.5));
#16759=DIRECTION('',(0.0,1.0,0.0));
#16760=DIRECTION('',(1.0,0.0,1.22460635382238E-016));
#16761=DIRECTION('',(0.0,-1.0,0.0));
#16762=SURFACE_STYLE_FILL_AREA(#18790);
#16763=ORIENTED_EDGE('',*,*,#3690,.F.);
#16764=ORIENTED_EDGE('',*,*,#2510,.F.);
#16765=ORIENTED_EDGE('',*,*,#3962,.F.);
#16766=ORIENTED_EDGE('',*,*,#4980,.T.);
#16767=CARTESIAN_POINT('',(-2.58959917857106,1.90282814901086,0.16665));
#16768=DIRECTION('',(0.0,1.0,0.0));
#16769=DIRECTION('',(1.0,0.0,1.22460635382238E-016));
#16770=DIRECTION('',(-1.22460635382238E-016,0.0,1.0));
#16771=DIRECTION('',(3.09381386266373E-029,1.0,-2.52637417159153E-013));
#16772=DIRECTION('',(-0.577350269189626,-0.577350269189626,-0.577350269189626));
#16773=DIRECTION('',(1.0,0.0,6.12303176911189E-017));
#16774=DIRECTION('',(1.0,0.0,6.12303176911189E-017));
#16775=SURFACE_STYLE_FILL_AREA(#18791);
#16776=ORIENTED_EDGE('',*,*,#2052,.F.);
#16777=ORIENTED_EDGE('',*,*,#4394,.T.);
#16778=ORIENTED_EDGE('',*,*,#4508,.F.);
#16779=ORIENTED_EDGE('',*,*,#3266,.F.);
#16780=CARTESIAN_POINT('',(9.88999999999989,7.65099999999999,1.5));
#16781=DIRECTION('',(0.0,1.0,0.0));
#16782=DIRECTION('',(1.0,0.0,1.22460635382238E-016));
#16783=DIRECTION('',(0.0,-1.0,0.0));
#16784=DIRECTION('',(0.0,-1.0,0.0));
#16785=DIRECTION('',(1.0,0.0,6.12303176911189E-017));
#16786=DIRECTION('',(0.0,-1.0,0.0));
#16787=SURFACE_STYLE_FILL_AREA(#18792);
#16788=ORIENTED_EDGE('',*,*,#5096,.F.);
#16789=ORIENTED_EDGE('',*,*,#3062,.F.);
#16790=ORIENTED_EDGE('',*,*,#2356,.T.);
#16791=ORIENTED_EDGE('',*,*,#2682,.F.);
#16792=ORIENTED_EDGE('',*,*,#2704,.F.);
#16793=ORIENTED_EDGE('',*,*,#3212,.F.);
#16794=CARTESIAN_POINT('',(5.90000000000007,8.00099999999996,1.5));
#16795=DIRECTION('',(-1.0,0.0,-1.22460635382238E-016));
#16796=DIRECTION('',(0.0,1.0,0.0));
#16797=DIRECTION('',(0.0,-1.0,0.0));
#16798=SURFACE_STYLE_FILL_AREA(#18793);
#16799=ORIENTED_EDGE('',*,*,#3814,.T.);
#16800=ORIENTED_EDGE('',*,*,#5092,.F.);
#16801=ORIENTED_EDGE('',*,*,#1872,.F.);
#16802=ORIENTED_EDGE('',*,*,#5028,.F.);
#16803=CARTESIAN_POINT('',(-7.89000000000011,7.65099999999999,1.5));
#16804=DIRECTION('',(0.0,1.0,0.0));
#16805=DIRECTION('',(1.0,0.0,1.22460635382238E-016));
#16806=SURFACE_STYLE_FILL_AREA(#18794);
#16807=ORIENTED_EDGE('',*,*,#5282,.F.);
#16808=ORIENTED_EDGE('',*,*,#4292,.F.);
#16809=ORIENTED_EDGE('',*,*,#3908,.F.);
#16810=ORIENTED_EDGE('',*,*,#3896,.F.);
#16811=ORIENTED_EDGE('',*,*,#3800,.F.);
#16812=ORIENTED_EDGE('',*,*,#4852,.F.);
#16813=ORIENTED_EDGE('',*,*,#3416,.F.);
#16814=ORIENTED_EDGE('',*,*,#3540,.F.);
#16815=ORIENTED_EDGE('',*,*,#5144,.F.);
#16816=ORIENTED_EDGE('',*,*,#4512,.F.);
#16817=ORIENTED_EDGE('',*,*,#2606,.F.);
#16818=ORIENTED_EDGE('',*,*,#4766,.F.);
#16819=CARTESIAN_POINT('',(-6.35543127531429,-0.136573772166789,-0.16665));
#16820=DIRECTION('',(1.22460635382238E-016,0.0,-1.0));
#16821=DIRECTION('',(-1.0,0.0,-1.22460635382238E-016));
#16822=CARTESIAN_POINT('',(6.84029629553223,0.583544139276829,-0.16665));
#16823=DIRECTION('',(1.22460635382238E-016,0.0,-1.0));
#16824=DIRECTION('',(-1.0,0.0,-1.22460635382238E-016));
#16825=DIRECTION('',(1.0,0.0,6.12303176911189E-017));
#16826=SURFACE_STYLE_FILL_AREA(#18795);
#16827=ORIENTED_EDGE('',*,*,#2186,.F.);
#16828=ORIENTED_EDGE('',*,*,#4164,.F.);
#16829=ORIENTED_EDGE('',*,*,#3558,.T.);
#16830=ORIENTED_EDGE('',*,*,#3916,.T.);
#16831=CARTESIAN_POINT('',(1.75877934272298,0.753873053989039,0.16665));
#16832=DIRECTION('',(0.0,-1.0,0.0));
#16833=DIRECTION('',(-1.0,0.0,-1.22460635382238E-016));
#16834=DIRECTION('',(0.0,-1.0,0.0));
#16835=DIRECTION('',(0.0,1.0,0.0));
#16836=DIRECTION('',(-0.577350269189626,-0.577350269189626,-0.577350269189626));
#16837=DIRECTION('',(1.22460635382238E-016,0.0,-1.0));
#16838=DIRECTION('',(-1.0,0.0,-1.22460635382238E-016));
#16839=SURFACE_STYLE_FILL_AREA(#18796);
#16840=ORIENTED_EDGE('',*,*,#3104,.F.);
#16841=ORIENTED_EDGE('',*,*,#3968,.F.);
#16842=ORIENTED_EDGE('',*,*,#4614,.T.);
#16843=ORIENTED_EDGE('',*,*,#5184,.T.);
#16844=CARTESIAN_POINT('',(9.37877934272298,0.753873053989039,0.166650000000001));
#16845=DIRECTION('',(0.0,-1.0,0.0));
#16846=DIRECTION('',(-1.0,0.0,-1.22460635382238E-016));
#16847=DIRECTION('',(0.0,1.0,0.0));
#16848=DIRECTION('',(0.577350269189626,-0.577350269189626,0.577350269189626));
#16849=SURFACE_STYLE_FILL_AREA(#18797);
#16850=ORIENTED_EDGE('',*,*,#4608,.T.);
#16851=ORIENTED_EDGE('',*,*,#4100,.F.);
#16852=ORIENTED_EDGE('',*,*,#2646,.F.);
#16853=ORIENTED_EDGE('',*,*,#1950,.T.);
#16854=CARTESIAN_POINT('',(1.58999999999966,-2.54999999999999,0.16665));
#16855=DIRECTION('',(1.0,0.0,1.22460635382238E-016));
#16856=DIRECTION('',(0.0,-1.0,0.0));
#16857=DIRECTION('',(0.181547479456103,-0.983382180387227,2.22324196862382E-017));
#16858=DIRECTION('',(0.0,1.0,0.0));
#16859=DIRECTION('',(-8.65927457071936E-017,0.707106781186548,0.707106781186548));
#16860=DIRECTION('',(1.22460635382238E-016,0.0,-1.0));
#16861=SURFACE_STYLE_FILL_AREA(#18798);
#16862=ORIENTED_EDGE('',*,*,#4676,.T.);
#16863=ORIENTED_EDGE('',*,*,#3072,.F.);
#16864=ORIENTED_EDGE('',*,*,#2276,.F.);
#16865=ORIENTED_EDGE('',*,*,#4216,.T.);
#16866=CARTESIAN_POINT('',(-8.39970370446777,0.583544139276829,0.166649999999999));
#16867=DIRECTION('',(-1.22460635382238E-016,0.0,1.0));
#16868=DIRECTION('',(-1.0,0.0,-1.22460635382238E-016));
#16869=SURFACE_STYLE_FILL_AREA(#18799);
#16870=ORIENTED_EDGE('',*,*,#2732,.T.);
#16871=ORIENTED_EDGE('',*,*,#2918,.F.);
#16872=ORIENTED_EDGE('',*,*,#3794,.T.);
#16873=ORIENTED_EDGE('',*,*,#4726,.T.);
#16874=CARTESIAN_POINT('',(-10.285,0.149999999999778,0.77500000000009));
#16875=DIRECTION('',(-1.0,0.0,-6.12303176911189E-017));
#16876=DIRECTION('',(6.12303176911189E-017,0.0,-1.0));
#16877=DIRECTION('',(-1.0,0.0,-1.22460635382238E-016));
#16878=SURFACE_STYLE_FILL_AREA(#18800);
#16879=ORIENTED_EDGE('',*,*,#1812,.T.);
#16880=ORIENTED_EDGE('',*,*,#2924,.T.);
#16881=ORIENTED_EDGE('',*,*,#3054,.T.);
#16882=ORIENTED_EDGE('',*,*,#3270,.F.);
#16883=CARTESIAN_POINT('',(-5.31,7.64999999999999,0.999999999999886));
#16884=DIRECTION('',(0.0,1.0,0.0));
#16885=DIRECTION('',(-6.12303176911189E-017,0.0,1.0));
#16886=DIRECTION('',(0.0,1.0,0.0));
#16887=SURFACE_STYLE_FILL_AREA(#18801);
#16888=ORIENTED_EDGE('',*,*,#4250,.T.);
#16889=ORIENTED_EDGE('',*,*,#3132,.F.);
#16890=ORIENTED_EDGE('',*,*,#4026,.T.);
#16891=ORIENTED_EDGE('',*,*,#3348,.T.);
#16892=CARTESIAN_POINT('',(-1.59000000000034,-2.54999999999999,0.16665));
#16893=DIRECTION('',(-0.983382180387227,-0.181547479456103,-1.2042560663379E-016));
#16894=DIRECTION('',(-0.181547479456103,0.983382180387227,-2.22324196862382E-017));
#16895=DIRECTION('',(-1.22460635382238E-016,0.0,1.0));
#16896=SURFACE_STYLE_FILL_AREA(#18802);
#16897=ORIENTED_EDGE('',*,*,#4872,.T.);
#16898=ORIENTED_EDGE('',*,*,#2716,.F.);
#16899=ORIENTED_EDGE('',*,*,#5080,.T.);
#16900=ORIENTED_EDGE('',*,*,#4668,.T.);
#16901=CARTESIAN_POINT('',(-10.285,0.599999999999994,-0.625000000000001));
#16902=DIRECTION('',(0.0,-1.0,0.0));
#16903=DIRECTION('',(6.12303176911189E-017,0.0,-1.0));
#16904=DIRECTION('',(0.0,-1.0,0.0));
#16905=DIRECTION('',(0.0,1.0,0.0));
#16906=DIRECTION('',(1.0,0.0,6.12303176911189E-017));
#16907=DIRECTION('',(-1.22460635382238E-016,0.0,1.0));
#16908=SURFACE_STYLE_FILL_AREA(#18803);
#16909=ORIENTED_EDGE('',*,*,#3362,.T.);
#16910=ORIENTED_EDGE('',*,*,#2284,.T.);
#16911=ORIENTED_EDGE('',*,*,#2740,.T.);
#16912=ORIENTED_EDGE('',*,*,#4558,.T.);
#16913=ORIENTED_EDGE('',*,*,#4138,.T.);
#16914=ORIENTED_EDGE('',*,*,#5086,.T.);
#16915=ORIENTED_EDGE('',*,*,#4362,.T.);
#16916=ORIENTED_EDGE('',*,*,#4288,.F.);
#16917=CARTESIAN_POINT('',(-7.85,7.99999999999996,-0.449999999999932));
#16918=DIRECTION('',(6.12303176911189E-017,0.0,-1.0));
#16919=DIRECTION('',(0.0,1.0,0.0));
#16920=DIRECTION('',(-1.22460635382238E-016,0.0,1.0));
#16921=SURFACE_STYLE_FILL_AREA(#18804);
#16922=ORIENTED_EDGE('',*,*,#3194,.F.);
#16923=ORIENTED_EDGE('',*,*,#3390,.T.);
#16924=ORIENTED_EDGE('',*,*,#3264,.F.);
#16925=ORIENTED_EDGE('',*,*,#3786,.T.);
#16926=CARTESIAN_POINT('',(-5.31,0.740000000000222,-0.999999999999205));
#16927=DIRECTION('',(6.12303176911189E-017,0.0,-1.0));
#16928=DIRECTION('',(0.0,1.0,0.0));
#16929=SURFACE_STYLE_FILL_AREA(#18805);
#16930=ORIENTED_EDGE('',*,*,#2682,.T.);
#16931=ORIENTED_EDGE('',*,*,#4798,.T.);
#16932=ORIENTED_EDGE('',*,*,#4574,.T.);
#16933=ORIENTED_EDGE('',*,*,#2110,.T.);
#16934=ORIENTED_EDGE('',*,*,#2108,.T.);
#16935=ORIENTED_EDGE('',*,*,#2874,.T.);
#16936=ORIENTED_EDGE('',*,*,#4796,.T.);
#16937=ORIENTED_EDGE('',*,*,#3804,.F.);
#16938=CARTESIAN_POINT('',(4.85,7.99999999999996,-0.449999999999932));
#16939=DIRECTION('',(6.12303176911189E-017,0.0,-1.0));
#16940=DIRECTION('',(0.0,1.0,0.0));
#16941=DIRECTION('',(0.0,-1.0,0.0));
#16942=SURFACE_STYLE_FILL_AREA(#18806);
#16943=ORIENTED_EDGE('',*,*,#2582,.T.);
#16944=ORIENTED_EDGE('',*,*,#2094,.F.);
#16945=ORIENTED_EDGE('',*,*,#2720,.T.);
#16946=ORIENTED_EDGE('',*,*,#2690,.F.);
#16947=CARTESIAN_POINT('',(-9.33999999999993,7.65099999999999,1.5));
#16948=DIRECTION('',(0.0,1.0,0.0));
#16949=DIRECTION('',(1.0,0.0,1.22460635382238E-016));
#16950=DIRECTION('',(0.0,1.0,0.0));
#16951=CARTESIAN_POINT('',(7.34999999999989,0.149999999999778,0.775000000000091));
#16952=DIRECTION('',(1.0,0.0,1.22460635382238E-016));
#16953=DIRECTION('',(1.22460635382238E-016,0.0,-1.0));
#16954=CARTESIAN_POINT('',(-10.285,0.149999999999778,0.77500000000009));
#16955=DIRECTION('',(1.0,0.0,6.12303176911189E-017));
#16956=DIRECTION('',(6.12303176911189E-017,0.0,-1.0));
#16957=SURFACE_STYLE_FILL_AREA(#18807);
#16958=ORIENTED_EDGE('',*,*,#5038,.T.);
#16959=ORIENTED_EDGE('',*,*,#4982,.F.);
#16960=ORIENTED_EDGE('',*,*,#3734,.T.);
#16961=ORIENTED_EDGE('',*,*,#2890,.T.);
#16962=CARTESIAN_POINT('',(8.68999999999966,-3.19999999999999,0.166650000000001));
#16963=DIRECTION('',(0.0,-1.0,0.0));
#16964=DIRECTION('',(-1.0,0.0,-1.22460635382238E-016));
#16965=SURFACE_STYLE_FILL_AREA(#18808);
#16966=ORIENTED_EDGE('',*,*,#2656,.T.);
#16967=ORIENTED_EDGE('',*,*,#5046,.F.);
#16968=ORIENTED_EDGE('',*,*,#2624,.T.);
#16969=ORIENTED_EDGE('',*,*,#3010,.T.);
#16970=CARTESIAN_POINT('',(-10.285,0.150000000000105,-0.775000000000205));
#16971=DIRECTION('',(-1.0,0.0,-6.12303176911189E-017));
#16972=DIRECTION('',(6.12303176911189E-017,0.0,-1.0));
#16973=CARTESIAN_POINT('',(-5.85970370446777,0.583544139276829,-0.16665));
#16974=DIRECTION('',(1.22460635382238E-016,0.0,-1.0));
#16975=DIRECTION('',(-1.0,0.0,-1.22460635382238E-016));
#16976=DIRECTION('',(1.0,0.0,6.12303176911189E-017));
#16977=DIRECTION('',(0.0,-1.0,0.0));
#16978=DIRECTION('',(1.0,0.0,1.22460635382238E-016));
#16979=DIRECTION('',(0.0,0.0,-1.0));
#16980=DIRECTION('',(0.0,1.0,0.0));
#16981=DIRECTION('',(1.22460635382238E-016,0.0,-1.0));
#16982=SURFACE_STYLE_FILL_AREA(#18809);
#16983=ORIENTED_EDGE('',*,*,#3128,.T.);
#16984=ORIENTED_EDGE('',*,*,#3848,.T.);
#16985=ORIENTED_EDGE('',*,*,#3312,.T.);
#16986=ORIENTED_EDGE('',*,*,#2496,.F.);
#16987=CARTESIAN_POINT('',(-2.77,7.64999999999999,-0.449999999999932));
#16988=DIRECTION('',(0.0,1.0,0.0));
#16989=DIRECTION('',(-6.12303176911189E-017,0.0,1.0));
#16990=DIRECTION('',(0.0,1.0,0.0));
#16991=DIRECTION('',(8.65927457071936E-017,-0.707106781186548,-0.707106781186548));
#16992=DIRECTION('',(1.22460635382238E-016,0.0,-1.0));
#16993=SURFACE_STYLE_FILL_AREA(#18810);
#16994=ORIENTED_EDGE('',*,*,#2344,.T.);
#16995=ORIENTED_EDGE('',*,*,#1948,.F.);
#16996=ORIENTED_EDGE('',*,*,#4716,.T.);
#16997=ORIENTED_EDGE('',*,*,#4038,.T.);
#16998=CARTESIAN_POINT('',(6.14999999999966,-3.19999999999999,0.16665));
#16999=DIRECTION('',(0.0,-1.0,0.0));
#17000=DIRECTION('',(-1.0,0.0,-1.22460635382238E-016));
#17001=DIRECTION('',(1.22460635382238E-016,0.0,-1.0));
#17002=DIRECTION('',(-8.65927457071936E-017,0.707106781186548,0.707106781186548));
#17003=SURFACE_STYLE_FILL_AREA(#18811);
#17004=ORIENTED_EDGE('',*,*,#4844,.F.);
#17005=ORIENTED_EDGE('',*,*,#3940,.F.);
#17006=ORIENTED_EDGE('',*,*,#1822,.F.);
#17007=ORIENTED_EDGE('',*,*,#3620,.F.);
#17008=CARTESIAN_POINT('',(-0.819999999999841,8.00099999999996,1.5));
#17009=DIRECTION('',(0.707106781186548,-0.707106781186548,8.65927457071936E-017));
#17010=DIRECTION('',(-0.707106781186548,-0.707106781186548,-8.65927457071936E-017));
#17011=DIRECTION('',(0.0,-1.0,0.0));
#17012=DIRECTION('',(1.0,0.0,6.12303176911189E-017));
#17013=DIRECTION('',(-1.0,0.0,-6.12303176911189E-017));
#17014=SURFACE_STYLE_FILL_AREA(#18812);
#17015=ORIENTED_EDGE('',*,*,#5146,.T.);
#17016=ORIENTED_EDGE('',*,*,#4680,.F.);
#17017=ORIENTED_EDGE('',*,*,#5040,.F.);
#17018=ORIENTED_EDGE('',*,*,#4174,.T.);
#17019=CARTESIAN_POINT('',(-0.779703704467767,0.583544139276829,0.16665));
#17020=DIRECTION('',(-1.22460635382238E-016,0.0,1.0));
#17021=DIRECTION('',(-1.0,0.0,-1.22460635382238E-016));
#17022=SURFACE_STYLE_FILL_AREA(#18813);
#17023=ORIENTED_EDGE('',*,*,#4960,.F.);
#17024=ORIENTED_EDGE('',*,*,#3096,.T.);
#17025=ORIENTED_EDGE('',*,*,#4378,.F.);
#17026=ORIENTED_EDGE('',*,*,#2432,.T.);
#17027=CARTESIAN_POINT('',(2.56739340209702,0.753873053988997,0.16665));
#17028=DIRECTION('',(0.0,-1.0,0.0));
#17029=DIRECTION('',(-1.0,0.0,-1.22460635382238E-016));
#17030=DIRECTION('',(-1.22460635382238E-016,0.0,1.0));
#17031=DIRECTION('',(1.22460635382238E-016,0.0,-1.0));
#17032=DIRECTION('',(1.22460635382238E-016,0.0,-1.0));
#17033=SURFACE_STYLE_FILL_AREA(#18814);
#17034=ORIENTED_EDGE('',*,*,#5144,.T.);
#17035=ORIENTED_EDGE('',*,*,#5222,.F.);
#17036=ORIENTED_EDGE('',*,*,#4476,.T.);
#17037=ORIENTED_EDGE('',*,*,#2588,.T.);
#17038=CARTESIAN_POINT('',(-6.67000000000034,-2.54999999999999,0.16665));
#17039=DIRECTION('',(-0.983382180387227,-0.181547479456103,-1.2042560663379E-016));
#17040=DIRECTION('',(-0.181547479456103,0.983382180387227,-2.22324196862382E-017));
#17041=DIRECTION('',(1.22460635382238E-016,0.0,-1.0));
#17042=CARTESIAN_POINT('',(4.30029629553223,0.583544139276829,0.16665));
#17043=DIRECTION('',(1.22460635382238E-016,0.0,-1.0));
#17044=DIRECTION('',(-1.0,0.0,-1.22460635382238E-016));
#17045=SURFACE_STYLE_FILL_AREA(#18815);
#17046=ORIENTED_EDGE('',*,*,#2844,.T.);
#17047=ORIENTED_EDGE('',*,*,#3810,.F.);
#17048=ORIENTED_EDGE('',*,*,#2130,.F.);
#17049=ORIENTED_EDGE('',*,*,#4298,.F.);
#17050=ORIENTED_EDGE('',*,*,#4736,.F.);
#17051=ORIENTED_EDGE('',*,*,#2270,.F.);
#17052=CARTESIAN_POINT('',(-9.33999999999993,8.00099999999996,1.5));
#17053=DIRECTION('',(-1.0,0.0,-1.22460635382238E-016));
#17054=DIRECTION('',(0.0,1.0,0.0));
#17055=DIRECTION('',(1.22460635382238E-016,0.0,-1.0));
#17056=DIRECTION('',(1.22460635382238E-016,0.0,-1.0));
#17057=DIRECTION('',(-1.0,0.0,-6.12303176911189E-017));
#17058=DIRECTION('',(1.22460635382238E-016,0.0,-1.0));
#17059=DIRECTION('',(1.0,0.0,1.22460635382238E-016));
#17060=SURFACE_STYLE_FILL_AREA(#18816);
#17061=ORIENTED_EDGE('',*,*,#4656,.F.);
#17062=ORIENTED_EDGE('',*,*,#4728,.T.);
#17063=ORIENTED_EDGE('',*,*,#2324,.F.);
#17064=ORIENTED_EDGE('',*,*,#5122,.F.);
#17065=CARTESIAN_POINT('',(8.44000000000007,7.65099999999999,1.5));
#17066=DIRECTION('',(0.0,1.0,0.0));
#17067=DIRECTION('',(1.0,0.0,1.22460635382238E-016));
#17068=DIRECTION('',(-1.22460635382238E-016,0.0,1.0));
#17069=SURFACE_STYLE_FILL_AREA(#18817);
#17070=ORIENTED_EDGE('',*,*,#4104,.T.);
#17071=ORIENTED_EDGE('',*,*,#3070,.F.);
#17072=ORIENTED_EDGE('',*,*,#1908,.T.);
#17073=ORIENTED_EDGE('',*,*,#2490,.T.);
#17074=CARTESIAN_POINT('',(-9.21000000000034,-2.54999999999999,0.166649999999999));
#17075=DIRECTION('',(-0.983382180387227,-0.181547479456103,-1.2042560663379E-016));
#17076=DIRECTION('',(-0.181547479456103,0.983382180387227,-2.22324196862382E-017));
#17077=DIRECTION('',(1.0,0.0,6.12303176911189E-017));
#17078=DIRECTION('',(0.0,1.0,0.0));
#17079=DIRECTION('',(0.0,1.0,0.0));
#17080=DIRECTION('',(0.0,1.0,0.0));
#17081=SURFACE_STYLE_FILL_AREA(#18818);
#17082=ORIENTED_EDGE('',*,*,#5208,.F.);
#17083=ORIENTED_EDGE('',*,*,#3088,.T.);
#17084=ORIENTED_EDGE('',*,*,#5086,.F.);
#17085=ORIENTED_EDGE('',*,*,#5234,.F.);
#17086=CARTESIAN_POINT('',(-5.35000000000011,7.65099999999999,1.5));
#17087=DIRECTION('',(0.0,1.0,0.0));
#17088=DIRECTION('',(1.0,0.0,1.22460635382238E-016));
#17089=DIRECTION('',(1.0,0.0,1.22460635382238E-016));
#17090=DIRECTION('',(0.577350269189626,-0.577350269189626,0.577350269189626));
#17091=DIRECTION('',(0.0,1.0,0.0));
#17092=DIRECTION('',(-0.181547479456103,-0.983382180387227,-2.22324196862382E-017));
#17093=DIRECTION('',(1.0,0.0,6.12303176911189E-017));
#17094=DIRECTION('',(1.0,0.0,1.22460635382238E-016));
#17095=DIRECTION('',(-8.65927457071936E-017,-0.707106781186548,0.707106781186548));
#17096=DIRECTION('',(-1.0,0.0,-6.12303176911189E-017));
#17097=DIRECTION('',(-1.22460635382238E-016,0.0,1.0));
#17098=DIRECTION('',(0.0,-1.0,0.0));
#17099=DIRECTION('',(0.577350269189626,0.577350269189626,-0.577350269189626));
#17100=DIRECTION('',(0.0,1.0,0.0));
#17101=DIRECTION('',(-1.22460635382238E-016,0.0,1.0));
#17102=SURFACE_STYLE_FILL_AREA(#18819);
#17103=ORIENTED_EDGE('',*,*,#3842,.T.);
#17104=ORIENTED_EDGE('',*,*,#4112,.T.);
#17105=ORIENTED_EDGE('',*,*,#4268,.F.);
#17106=ORIENTED_EDGE('',*,*,#2938,.T.);
#17107=ORIENTED_EDGE('',*,*,#2966,.T.);
#17108=ORIENTED_EDGE('',*,*,#2252,.F.);
#17109=CARTESIAN_POINT('',(7.39,7.99999999999996,0.45000000000016));
#17110=DIRECTION('',(-4.32963728535968E-017,-0.707106781186548,0.707106781186548));
#17111=DIRECTION('',(4.32963728535968E-017,-0.707106781186548,-0.707106781186548));
#17112=SURFACE_STYLE_FILL_AREA(#18820);
#17113=ORIENTED_EDGE('',*,*,#4958,.F.);
#17114=ORIENTED_EDGE('',*,*,#1794,.F.);
#17115=ORIENTED_EDGE('',*,*,#2044,.T.);
#17116=ORIENTED_EDGE('',*,*,#3452,.F.);
#17117=CARTESIAN_POINT('',(-4.75999999999993,8.50099999999996,1.5));
#17118=DIRECTION('',(-0.707106781186548,-0.707106781186548,-8.65927457071936E-017));
#17119=DIRECTION('',(-0.707106781186548,0.707106781186548,-8.65927457071936E-017));
#17120=DIRECTION('',(1.22460635382238E-016,0.0,-1.0));
#17121=DIRECTION('',(-1.22460635382238E-016,0.0,1.0));
#17122=DIRECTION('',(0.0,1.0,0.0));
#17123=DIRECTION('',(1.0,0.0,1.22460635382238E-016));
#17124=DIRECTION('',(1.22460635382238E-016,0.0,-1.0));
#17125=SURFACE_STYLE_FILL_AREA(#18821);
#17126=ORIENTED_EDGE('',*,*,#4978,.F.);
#17127=ORIENTED_EDGE('',*,*,#4670,.F.);
#17128=ORIENTED_EDGE('',*,*,#5106,.F.);
#17129=ORIENTED_EDGE('',*,*,#4968,.F.);
#17130=CARTESIAN_POINT('',(-3.35999999999984,8.00099999999996,1.5));
#17131=DIRECTION('',(0.707106781186548,-0.707106781186548,8.65927457071936E-017));
#17132=DIRECTION('',(-0.707106781186548,-0.707106781186548,-8.65927457071936E-017));
#17133=DIRECTION('',(1.0,0.0,6.12303176911189E-017));
#17134=CARTESIAN_POINT('',(-4.8099999999992,0.149999999999778,0.775000000000091));
#17135=DIRECTION('',(-1.0,0.0,-1.22460635382238E-016));
#17136=DIRECTION('',(1.22460635382238E-016,0.0,-1.0));
#17137=DIRECTION('',(1.0,0.0,1.22460635382238E-016));
#17138=DIRECTION('',(1.0,0.0,6.12303176911189E-017));
#17139=DIRECTION('',(0.0,1.0,0.0));
#17140=SURFACE_STYLE_FILL_AREA(#18822);
#17141=ORIENTED_EDGE('',*,*,#4774,.F.);
#17142=ORIENTED_EDGE('',*,*,#3092,.T.);
#17143=ORIENTED_EDGE('',*,*,#4134,.F.);
#17144=ORIENTED_EDGE('',*,*,#3430,.T.);
#17145=CARTESIAN_POINT('',(7.64739340209702,0.753873053988997,0.16665));
#17146=DIRECTION('',(0.0,-1.0,0.0));
#17147=DIRECTION('',(-1.0,0.0,-1.22460635382238E-016));
#17148=SURFACE_STYLE_FILL_AREA(#18823);
#17149=ORIENTED_EDGE('',*,*,#2482,.F.);
#17150=ORIENTED_EDGE('',*,*,#2540,.T.);
#17151=ORIENTED_EDGE('',*,*,#2856,.F.);
#17152=ORIENTED_EDGE('',*,*,#2880,.F.);
#17153=CARTESIAN_POINT('',(-4.25999999999993,7.65099999999999,1.5));
#17154=DIRECTION('',(0.0,1.0,0.0));
#17155=DIRECTION('',(1.0,0.0,1.22460635382238E-016));
#17156=DIRECTION('',(0.181547479456103,0.983382180387227,2.22324196862382E-017));
#17157=DIRECTION('',(0.0,-1.0,0.0));
#17158=DIRECTION('',(-0.577350269189626,-0.577350269189626,-0.577350269189626));
#17159=DIRECTION('',(0.0,1.0,0.0));
#17160=DIRECTION('',(3.09381386266373E-029,1.0,-2.52637417159153E-013));
#17161=DIRECTION('',(1.22460635382238E-016,0.0,-1.0));
#17162=CARTESIAN_POINT('',(2.26999999999989,0.149999999999778,0.775000000000091));
#17163=DIRECTION('',(1.0,0.0,1.22460635382238E-016));
#17164=DIRECTION('',(1.22460635382238E-016,0.0,-1.0));
#17165=DIRECTION('',(8.65927457071936E-017,0.707106781186548,-0.707106781186548));
#17166=SURFACE_STYLE_FILL_AREA(#18824);
#17167=ORIENTED_EDGE('',*,*,#4838,.T.);
#17168=ORIENTED_EDGE('',*,*,#4468,.F.);
#17169=ORIENTED_EDGE('',*,*,#4310,.F.);
#17170=ORIENTED_EDGE('',*,*,#2518,.T.);
#17171=CARTESIAN_POINT('',(-9.38029629553153,0.583544139278076,0.166649999999999));
#17172=DIRECTION('',(-1.22460635382238E-016,0.0,1.0));
#17173=DIRECTION('',(-1.0,0.0,-1.22460635382238E-016));
#17174=DIRECTION('',(-0.181547479456103,0.983382180387227,-2.22324196862382E-017));
#17175=DIRECTION('',(1.0,0.0,1.22460635382238E-016));
#17176=DIRECTION('',(1.0,0.0,6.12303176911189E-017));
#17177=DIRECTION('',(-8.65927457071936E-017,0.707106781186548,0.707106781186548));
#17178=DIRECTION('',(0.0,-1.0,0.0));
#17179=DIRECTION('',(1.22460635382238E-016,0.0,-1.0));
#17180=DIRECTION('',(-1.22460635382238E-016,0.0,1.0));
#17181=SURFACE_STYLE_FILL_AREA(#18825);
#17182=ORIENTED_EDGE('',*,*,#3516,.T.);
#17183=ORIENTED_EDGE('',*,*,#3934,.T.);
#17184=ORIENTED_EDGE('',*,*,#2256,.T.);
#17185=ORIENTED_EDGE('',*,*,#2496,.T.);
#17186=ORIENTED_EDGE('',*,*,#1832,.T.);
#17187=ORIENTED_EDGE('',*,*,#4178,.T.);
#17188=ORIENTED_EDGE('',*,*,#3352,.T.);
#17189=ORIENTED_EDGE('',*,*,#3678,.F.);
#17190=CARTESIAN_POINT('',(-2.77,7.99999999999996,-0.449999999999932));
#17191=DIRECTION('',(6.12303176911189E-017,0.0,-1.0));
#17192=DIRECTION('',(0.0,1.0,0.0));
#17193=DIRECTION('',(-0.577350269189626,0.577350269189626,0.577350269189626));
#17194=DIRECTION('',(-1.0,0.0,-1.22460635382238E-016));
#17195=SURFACE_STYLE_FILL_AREA(#18826);
#17196=ORIENTED_EDGE('',*,*,#2168,.T.);
#17197=ORIENTED_EDGE('',*,*,#3976,.F.);
#17198=ORIENTED_EDGE('',*,*,#3618,.T.);
#17199=ORIENTED_EDGE('',*,*,#2524,.T.);
#17200=CARTESIAN_POINT('',(-10.285,0.599999999999994,0.624999999999999));
#17201=DIRECTION('',(6.12303176911189E-017,-2.52637417159153E-013,-1.0));
#17202=DIRECTION('',(1.54690693133187E-029,1.0,-2.52637417159153E-013));
#17203=DIRECTION('',(0.0,-1.0,0.0));
#17204=DIRECTION('',(1.22460635382238E-016,0.0,-1.0));
#17205=SURFACE_STYLE_FILL_AREA(#18827);
#17206=ORIENTED_EDGE('',*,*,#3074,.F.);
#17207=ORIENTED_EDGE('',*,*,#3380,.F.);
#17208=ORIENTED_EDGE('',*,*,#4380,.F.);
#17209=ORIENTED_EDGE('',*,*,#4292,.T.);
#17210=CARTESIAN_POINT('',(-5.12959917857106,1.90282814901086,0.16665));
#17211=DIRECTION('',(0.0,1.0,0.0));
#17212=DIRECTION('',(1.0,0.0,1.22460635382238E-016));
#17213=DIRECTION('',(1.22460635382238E-016,0.0,-1.0));
#17214=DIRECTION('',(-1.0,0.0,-6.12303176911189E-017));
#17215=SURFACE_STYLE_FILL_AREA(#18828);
#17216=ORIENTED_EDGE('',*,*,#4922,.T.);
#17217=ORIENTED_EDGE('',*,*,#2484,.F.);
#17218=ORIENTED_EDGE('',*,*,#4376,.F.);
#17219=ORIENTED_EDGE('',*,*,#5034,.T.);
#17220=CARTESIAN_POINT('',(-1.76029629553154,0.583544139278076,0.16665));
#17221=DIRECTION('',(-1.22460635382238E-016,0.0,1.0));
#17222=DIRECTION('',(-1.0,0.0,-1.22460635382238E-016));
#17223=SURFACE_STYLE_FILL_AREA(#18829);
#17224=ORIENTED_EDGE('',*,*,#2680,.F.);
#17225=ORIENTED_EDGE('',*,*,#3234,.T.);
#17226=ORIENTED_EDGE('',*,*,#4798,.F.);
#17227=ORIENTED_EDGE('',*,*,#2356,.F.);
#17228=CARTESIAN_POINT('',(5.90000000000007,7.65099999999999,1.5));
#17229=DIRECTION('',(0.0,1.0,0.0));
#17230=DIRECTION('',(1.0,0.0,1.22460635382238E-016));
#17231=SURFACE_STYLE_FILL_AREA(#18830);
#17232=ORIENTED_EDGE('',*,*,#2282,.F.);
#17233=ORIENTED_EDGE('',*,*,#4198,.F.);
#17234=ORIENTED_EDGE('',*,*,#4072,.T.);
#17235=ORIENTED_EDGE('',*,*,#2134,.F.);
#17236=CARTESIAN_POINT('',(2.86000000000007,8.50099999999996,1.5));
#17237=DIRECTION('',(-0.707106781186548,-0.707106781186548,-8.65927457071936E-017));
#17238=DIRECTION('',(-0.707106781186548,0.707106781186548,-8.65927457071936E-017));
#17239=DIRECTION('',(0.0,1.0,0.0));
#17240=DIRECTION('',(6.12303176911189E-017,0.0,-1.0));
#17241=DIRECTION('',(-1.0,0.0,0.0));
#17242=DIRECTION('',(1.0,0.0,6.12303176911189E-017));
#17243=DIRECTION('',(1.22460635382238E-016,0.0,-1.0));
#17244=SURFACE_STYLE_FILL_AREA(#18831);
#17245=ORIENTED_EDGE('',*,*,#1810,.T.);
#17246=ORIENTED_EDGE('',*,*,#3272,.F.);
#17247=ORIENTED_EDGE('',*,*,#4382,.T.);
#17248=ORIENTED_EDGE('',*,*,#2234,.T.);
#17249=CARTESIAN_POINT('',(-10.285,0.150000000000105,-0.775000000000205));
#17250=DIRECTION('',(-1.0,0.0,-6.12303176911189E-017));
#17251=DIRECTION('',(6.12303176911189E-017,0.0,-1.0));
#17252=DIRECTION('',(0.181547479456103,-0.983382180387227,2.22324196862382E-017));
#17253=DIRECTION('',(-1.54690693133187E-029,-1.0,2.52637417159153E-013));
#17254=DIRECTION('',(1.22460635382238E-016,0.0,-1.0));
#17255=SURFACE_STYLE_FILL_AREA(#18832);
#17256=ORIENTED_EDGE('',*,*,#2816,.F.);
#17257=ORIENTED_EDGE('',*,*,#4570,.T.);
#17258=ORIENTED_EDGE('',*,*,#1996,.T.);
#17259=ORIENTED_EDGE('',*,*,#3846,.T.);
#17260=CARTESIAN_POINT('',(2.31,0.740000000000109,0.999999999999886));
#17261=DIRECTION('',(-6.12303176911189E-017,0.0,1.0));
#17262=DIRECTION('',(0.0,-1.0,0.0));
#17263=DIRECTION('',(-0.577350269189626,0.577350269189626,0.577350269189626));
#17264=SURFACE_STYLE_FILL_AREA(#18833);
#17265=ORIENTED_EDGE('',*,*,#4006,.T.);
#17266=ORIENTED_EDGE('',*,*,#5028,.T.);
#17267=ORIENTED_EDGE('',*,*,#1894,.T.);
#17268=ORIENTED_EDGE('',*,*,#2050,.F.);
#17269=CARTESIAN_POINT('',(-10.39,7.64999999999999,0.450000000000159));
#17270=DIRECTION('',(-6.12303176911189E-017,0.0,1.0));
#17271=DIRECTION('',(0.0,-1.0,0.0));
#17272=DIRECTION('',(-1.0,0.0,-6.12303176911189E-017));
#17273=DIRECTION('',(1.0,0.0,6.12303176911189E-017));
#17274=SURFACE_STYLE_FILL_AREA(#18834);
#17275=ORIENTED_EDGE('',*,*,#3240,.F.);
#17276=ORIENTED_EDGE('',*,*,#3886,.T.);
#17277=ORIENTED_EDGE('',*,*,#4074,.F.);
#17278=ORIENTED_EDGE('',*,*,#3246,.F.);
#17279=CARTESIAN_POINT('',(-2.81000000000011,7.65099999999999,1.5));
#17280=DIRECTION('',(0.0,1.0,0.0));
#17281=DIRECTION('',(1.0,0.0,1.22460635382238E-016));
#17282=DIRECTION('',(0.0,1.0,0.0));
#17283=DIRECTION('',(0.0,-1.0,0.0));
#17284=DIRECTION('',(0.0,-1.0,0.0));
#17285=SURFACE_STYLE_FILL_AREA(#18835);
#17286=ORIENTED_EDGE('',*,*,#2794,.T.);
#17287=ORIENTED_EDGE('',*,*,#2324,.T.);
#17288=ORIENTED_EDGE('',*,*,#1900,.T.);
#17289=ORIENTED_EDGE('',*,*,#4472,.T.);
#17290=ORIENTED_EDGE('',*,*,#4572,.T.);
#17291=ORIENTED_EDGE('',*,*,#4508,.T.);
#17292=ORIENTED_EDGE('',*,*,#3304,.T.);
#17293=ORIENTED_EDGE('',*,*,#3310,.F.);
#17294=CARTESIAN_POINT('',(7.39,7.99999999999996,-0.449999999999931));
#17295=DIRECTION('',(6.12303176911189E-017,0.0,-1.0));
#17296=DIRECTION('',(0.0,1.0,0.0));
#17297=SURFACE_STYLE_FILL_AREA(#18836);
#17298=ORIENTED_EDGE('',*,*,#3332,.T.);
#17299=ORIENTED_EDGE('',*,*,#4330,.F.);
#17300=ORIENTED_EDGE('',*,*,#2264,.T.);
#17301=ORIENTED_EDGE('',*,*,#5046,.T.);
#17302=CARTESIAN_POINT('',(-10.285,0.150000000000105,-0.625000000000001));
#17303=DIRECTION('',(-6.12303176911189E-017,0.0,1.0));
#17304=DIRECTION('',(0.0,-1.0,0.0));
#17305=DIRECTION('',(1.22460635382238E-016,0.0,-1.0));
#17306=DIRECTION('',(-1.22460635382238E-016,0.0,1.0));
#17307=DIRECTION('',(0.0,1.0,0.0));
#17308=SURFACE_STYLE_FILL_AREA(#18837);
#17309=ORIENTED_EDGE('',*,*,#3690,.T.);
#17310=ORIENTED_EDGE('',*,*,#2668,.T.);
#17311=ORIENTED_EDGE('',*,*,#2620,.T.);
#17312=ORIENTED_EDGE('',*,*,#2206,.T.);
#17313=ORIENTED_EDGE('',*,*,#2418,.F.);
#17314=ORIENTED_EDGE('',*,*,#3786,.F.);
#17315=ORIENTED_EDGE('',*,*,#3262,.F.);
#17316=ORIENTED_EDGE('',*,*,#4440,.F.);
#17317=ORIENTED_EDGE('',*,*,#2540,.F.);
#17318=ORIENTED_EDGE('',*,*,#3912,.F.);
#17319=ORIENTED_EDGE('',*,*,#1812,.F.);
#17320=ORIENTED_EDGE('',*,*,#4526,.F.);
#17321=ORIENTED_EDGE('',*,*,#3750,.F.);
#17322=ORIENTED_EDGE('',*,*,#3978,.F.);
#17323=ORIENTED_EDGE('',*,*,#4758,.F.);
#17324=ORIENTED_EDGE('',*,*,#4422,.F.);
#17325=ORIENTED_EDGE('',*,*,#5158,.F.);
#17326=ORIENTED_EDGE('',*,*,#1810,.F.);
#17327=CARTESIAN_POINT('',(-4.8099999999992,0.741000000000222,1.5));
#17328=DIRECTION('',(-1.0,0.0,-1.22460635382238E-016));
#17329=DIRECTION('',(0.0,1.0,0.0));
#17330=CARTESIAN_POINT('',(-4.30029629553154,0.583544139278076,-0.16665));
#17331=DIRECTION('',(1.22460635382238E-016,0.0,-1.0));
#17332=DIRECTION('',(-1.0,0.0,-1.22460635382238E-016));
#17333=CARTESIAN_POINT('',(7.8900000000008,0.150000000000105,-0.775000000000204));
#17334=DIRECTION('',(-1.0,0.0,-1.22460635382238E-016));
#17335=DIRECTION('',(1.22460635382238E-016,0.0,-1.0));
#17336=DIRECTION('',(1.0,0.0,6.12303176911189E-017));
#17337=DIRECTION('',(-1.22460635382238E-016,0.0,1.0));
#17338=DIRECTION('',(0.0,-1.0,0.0));
#17339=SURFACE_STYLE_FILL_AREA(#18838);
#17340=ORIENTED_EDGE('',*,*,#2354,.T.);
#17341=ORIENTED_EDGE('',*,*,#2026,.F.);
#17342=ORIENTED_EDGE('',*,*,#4296,.T.);
#17343=ORIENTED_EDGE('',*,*,#4330,.T.);
#17344=CARTESIAN_POINT('',(-10.285,0.599999999999994,-0.625000000000001));
#17345=DIRECTION('',(0.0,-1.0,0.0));
#17346=DIRECTION('',(6.12303176911189E-017,0.0,-1.0));
#17347=DIRECTION('',(0.0,1.0,0.0));
#17348=DIRECTION('',(-1.22460635382238E-016,0.0,1.0));
#17349=DIRECTION('',(1.0,0.0,1.22460635382238E-016));
#17350=DIRECTION('',(0.181547479456103,-0.983382180387227,2.22324196862382E-017));
#17351=CARTESIAN_POINT('',(0.270000000000795,0.149999999999778,0.775000000000091));
#17352=DIRECTION('',(-1.0,0.0,-1.22460635382238E-016));
#17353=DIRECTION('',(1.22460635382238E-016,0.0,-1.0));
#17354=DIRECTION('',(1.0,0.0,6.12303176911189E-017));
#17355=DIRECTION('',(1.22460635382238E-016,0.0,-1.0));
#17356=DIRECTION('',(-1.0,0.0,-6.12303176911189E-017));
#17357=DIRECTION('',(1.0,0.0,1.22460635382238E-016));
#17358=DIRECTION('',(1.22460635382238E-016,0.0,-1.0));
#17359=SURFACE_STYLE_FILL_AREA(#18839);
#17360=ORIENTED_EDGE('',*,*,#4242,.T.);
#17361=ORIENTED_EDGE('',*,*,#3656,.T.);
#17362=ORIENTED_EDGE('',*,*,#4774,.T.);
#17363=ORIENTED_EDGE('',*,*,#3208,.T.);
#17364=ORIENTED_EDGE('',*,*,#2416,.F.);
#17365=ORIENTED_EDGE('',*,*,#4876,.F.);
#17366=ORIENTED_EDGE('',*,*,#4398,.F.);
#17367=ORIENTED_EDGE('',*,*,#1900,.F.);
#17368=ORIENTED_EDGE('',*,*,#4728,.F.);
#17369=ORIENTED_EDGE('',*,*,#4514,.F.);
#17370=ORIENTED_EDGE('',*,*,#2296,.F.);
#17371=ORIENTED_EDGE('',*,*,#3790,.F.);
#17372=ORIENTED_EDGE('',*,*,#5202,.F.);
#17373=ORIENTED_EDGE('',*,*,#2902,.F.);
#17374=ORIENTED_EDGE('',*,*,#3392,.F.);
#17375=ORIENTED_EDGE('',*,*,#3502,.F.);
#17376=ORIENTED_EDGE('',*,*,#4644,.F.);
#17377=ORIENTED_EDGE('',*,*,#4144,.F.);
#17378=CARTESIAN_POINT('',(7.8900000000008,0.741000000000222,1.5));
#17379=DIRECTION('',(-1.0,0.0,-1.22460635382238E-016));
#17380=DIRECTION('',(0.0,1.0,0.0));
#17381=DIRECTION('',(-0.577350269189626,0.577350269189626,0.577350269189626));
#17382=SURFACE_STYLE_FILL_AREA(#18840);
#17383=ORIENTED_EDGE('',*,*,#2902,.T.);
#17384=ORIENTED_EDGE('',*,*,#5128,.F.);
#17385=ORIENTED_EDGE('',*,*,#3792,.T.);
#17386=ORIENTED_EDGE('',*,*,#5134,.T.);
#17387=CARTESIAN_POINT('',(-10.285,0.149999999999778,0.77500000000009));
#17388=DIRECTION('',(-1.0,0.0,-6.12303176911189E-017));
#17389=DIRECTION('',(6.12303176911189E-017,0.0,-1.0));
#17390=DIRECTION('',(0.0,1.0,0.0));
#17391=DIRECTION('',(-1.22460635382238E-016,0.0,1.0));
#17392=CARTESIAN_POINT('',(-10.285,0.150000000000105,-0.775000000000205));
#17393=DIRECTION('',(1.0,0.0,6.12303176911189E-017));
#17394=DIRECTION('',(6.12303176911189E-017,0.0,-1.0));
#17395=SURFACE_STYLE_FILL_AREA(#18841);
#17396=ORIENTED_EDGE('',*,*,#2946,.F.);
#17397=ORIENTED_EDGE('',*,*,#4284,.F.);
#17398=ORIENTED_EDGE('',*,*,#2880,.T.);
#17399=ORIENTED_EDGE('',*,*,#2826,.F.);
#17400=ORIENTED_EDGE('',*,*,#2580,.F.);
#17401=ORIENTED_EDGE('',*,*,#2044,.F.);
#17402=CARTESIAN_POINT('',(-4.25999999999993,8.00099999999996,1.5));
#17403=DIRECTION('',(-1.0,0.0,-1.22460635382238E-016));
#17404=DIRECTION('',(0.0,1.0,0.0));
#17405=DIRECTION('',(1.22460635382238E-016,0.0,-1.0));
#17406=DIRECTION('',(0.0,1.0,0.0));
#17407=SURFACE_STYLE_FILL_AREA(#18842);
#17408=ORIENTED_EDGE('',*,*,#3392,.T.);
#17409=ORIENTED_EDGE('',*,*,#5134,.F.);
#17410=ORIENTED_EDGE('',*,*,#4012,.T.);
#17411=ORIENTED_EDGE('',*,*,#4458,.T.);
#17412=CARTESIAN_POINT('',(-10.285,0.599999999999994,0.624999999999999));
#17413=DIRECTION('',(6.12303176911189E-017,-2.52637417159153E-013,-1.0));
#17414=DIRECTION('',(1.54690693133187E-029,1.0,-2.52637417159153E-013));
#17415=DIRECTION('',(0.0,-1.0,0.0));
#17416=CARTESIAN_POINT('',(3.31970370446846,0.583544139278076,0.16665));
#17417=DIRECTION('',(1.22460635382238E-016,0.0,-1.0));
#17418=DIRECTION('',(-1.0,0.0,-1.22460635382238E-016));
#17419=DIRECTION('',(-1.22460635382238E-016,0.0,1.0));
#17420=SURFACE_STYLE_FILL_AREA(#18843);
#17421=ORIENTED_EDGE('',*,*,#5202,.T.);
#17422=ORIENTED_EDGE('',*,*,#2420,.T.);
#17423=ORIENTED_EDGE('',*,*,#4364,.T.);
#17424=ORIENTED_EDGE('',*,*,#3760,.T.);
#17425=ORIENTED_EDGE('',*,*,#2612,.T.);
#17426=ORIENTED_EDGE('',*,*,#2290,.F.);
#17427=ORIENTED_EDGE('',*,*,#4086,.T.);
#17428=ORIENTED_EDGE('',*,*,#2918,.T.);
#17429=ORIENTED_EDGE('',*,*,#4350,.T.);
#17430=ORIENTED_EDGE('',*,*,#3418,.T.);
#17431=ORIENTED_EDGE('',*,*,#2980,.T.);
#17432=ORIENTED_EDGE('',*,*,#2440,.T.);
#17433=ORIENTED_EDGE('',*,*,#4148,.T.);
#17434=ORIENTED_EDGE('',*,*,#4346,.T.);
#17435=ORIENTED_EDGE('',*,*,#3178,.T.);
#17436=ORIENTED_EDGE('',*,*,#3422,.T.);
#17437=ORIENTED_EDGE('',*,*,#3750,.T.);
#17438=ORIENTED_EDGE('',*,*,#4630,.T.);
#17439=ORIENTED_EDGE('',*,*,#2866,.T.);
#17440=ORIENTED_EDGE('',*,*,#5268,.T.);
#17441=ORIENTED_EDGE('',*,*,#5032,.T.);
#17442=ORIENTED_EDGE('',*,*,#4452,.T.);
#17443=ORIENTED_EDGE('',*,*,#2558,.T.);
#17444=ORIENTED_EDGE('',*,*,#4272,.T.);
#17445=ORIENTED_EDGE('',*,*,#4640,.T.);
#17446=ORIENTED_EDGE('',*,*,#3542,.T.);
#17447=ORIENTED_EDGE('',*,*,#4602,.T.);
#17448=ORIENTED_EDGE('',*,*,#2096,.T.);
#17449=ORIENTED_EDGE('',*,*,#3494,.T.);
#17450=ORIENTED_EDGE('',*,*,#2816,.T.);
#17451=ORIENTED_EDGE('',*,*,#3724,.T.);
#17452=ORIENTED_EDGE('',*,*,#4428,.T.);
#17453=ORIENTED_EDGE('',*,*,#5132,.T.);
#17454=ORIENTED_EDGE('',*,*,#4030,.T.);
#17455=ORIENTED_EDGE('',*,*,#2742,.T.);
#17456=ORIENTED_EDGE('',*,*,#5128,.T.);
#17457=CARTESIAN_POINT('',(-10.285,0.0,0.77500000000009));
#17458=DIRECTION('',(0.0,-1.0,0.0));
#17459=DIRECTION('',(6.12303176911189E-017,0.0,-1.0));
#17460=DIRECTION('',(1.0,0.0,6.12303176911189E-017));
#17461=DIRECTION('',(1.0,0.0,6.12303176911189E-017));
#17462=SURFACE_STYLE_FILL_AREA(#18844);
#17463=ORIENTED_EDGE('',*,*,#2192,.F.);
#17464=ORIENTED_EDGE('',*,*,#4184,.T.);
#17465=ORIENTED_EDGE('',*,*,#4178,.F.);
#17466=ORIENTED_EDGE('',*,*,#3496,.F.);
#17467=CARTESIAN_POINT('',(-0.270000000000113,7.65099999999999,1.5));
#17468=DIRECTION('',(0.0,1.0,0.0));
#17469=DIRECTION('',(1.0,0.0,1.22460635382238E-016));
#17470=DIRECTION('',(-1.0,0.0,-1.22460635382238E-016));
#17471=DIRECTION('',(1.22460635382238E-016,0.0,-1.0));
#17472=SURFACE_STYLE_FILL_AREA(#18845);
#17473=ORIENTED_EDGE('',*,*,#3984,.T.);
#17474=ORIENTED_EDGE('',*,*,#3466,.T.);
#17475=ORIENTED_EDGE('',*,*,#1910,.F.);
#17476=ORIENTED_EDGE('',*,*,#3810,.T.);
#17477=CARTESIAN_POINT('',(-10.39,7.99999999999996,-0.449999999999932));
#17478=DIRECTION('',(6.12303176911189E-017,0.0,-1.0));
#17479=DIRECTION('',(0.0,1.0,0.0));
#17480=SURFACE_STYLE_FILL_AREA(#18846);
#17481=ORIENTED_EDGE('',*,*,#2672,.F.);
#17482=ORIENTED_EDGE('',*,*,#2368,.T.);
#17483=ORIENTED_EDGE('',*,*,#4942,.F.);
#17484=ORIENTED_EDGE('',*,*,#4278,.F.);
#17485=CARTESIAN_POINT('',(0.820000000000068,7.65099999999999,1.5));
#17486=DIRECTION('',(0.0,1.0,0.0));
#17487=DIRECTION('',(1.0,0.0,1.22460635382238E-016));
#17488=DIRECTION('',(0.0,-1.0,0.0));
#17489=DIRECTION('',(0.181547479456103,-0.983382180387227,2.22324196862382E-017));
#17490=DIRECTION('',(1.22460635382238E-016,0.0,-1.0));
#17491=DIRECTION('',(1.0,0.0,0.0));
#17492=DIRECTION('',(1.0,0.0,1.22460635382238E-016));
#17493=DIRECTION('',(1.22460635382238E-016,0.0,-1.0));
#17494=DIRECTION('',(1.0,0.0,6.12303176911189E-017));
#17495=SURFACE_STYLE_FILL_AREA(#18847);
#17496=ORIENTED_EDGE('',*,*,#2660,.T.);
#17497=ORIENTED_EDGE('',*,*,#2714,.F.);
#17498=ORIENTED_EDGE('',*,*,#4700,.T.);
#17499=ORIENTED_EDGE('',*,*,#2858,.T.);
#17500=CARTESIAN_POINT('',(-3.61000000000034,-3.19999999999999,0.16665));
#17501=DIRECTION('',(0.983382180387227,-0.181547479456103,1.2042560663379E-016));
#17502=DIRECTION('',(-0.181547479456103,-0.983382180387227,-2.22324196862382E-017));
#17503=DIRECTION('',(-1.0,0.0,-6.12303176911189E-017));
#17504=DIRECTION('',(1.0,0.0,6.12303176911189E-017));
#17505=DIRECTION('',(-1.22460635382238E-016,0.0,1.0));
#17506=DIRECTION('',(1.22460635382238E-016,0.0,-1.0));
#17507=DIRECTION('',(0.0,-1.0,0.0));
#17508=DIRECTION('',(0.0,1.0,0.0));
#17509=DIRECTION('',(1.0,0.0,6.12303176911189E-017));
#17510=DIRECTION('',(-1.0,0.0,-1.22460635382238E-016));
#17511=SURFACE_STYLE_FILL_AREA(#18848);
#17512=ORIENTED_EDGE('',*,*,#2068,.T.);
#17513=ORIENTED_EDGE('',*,*,#4118,.T.);
#17514=ORIENTED_EDGE('',*,*,#5042,.T.);
#17515=ORIENTED_EDGE('',*,*,#2078,.T.);
#17516=ORIENTED_EDGE('',*,*,#3050,.T.);
#17517=ORIENTED_EDGE('',*,*,#3076,.T.);
#17518=ORIENTED_EDGE('',*,*,#4850,.T.);
#17519=ORIENTED_EDGE('',*,*,#4262,.F.);
#17520=CARTESIAN_POINT('',(2.31,7.99999999999996,-0.449999999999932));
#17521=DIRECTION('',(6.12303176911189E-017,0.0,-1.0));
#17522=DIRECTION('',(0.0,1.0,0.0));
#17523=DIRECTION('',(1.22460635382238E-016,0.0,-1.0));
#17524=DIRECTION('',(1.22460635382238E-016,0.0,-1.0));
#17525=DIRECTION('',(1.0,0.0,1.22460635382238E-016));
#17526=DIRECTION('',(0.0,1.0,0.0));
#17527=DIRECTION('',(0.577350269189626,0.577350269189626,-0.577350269189626));
#17528=SURFACE_STYLE_FILL_AREA(#18849);
#17529=ORIENTED_EDGE('',*,*,#2334,.T.);
#17530=ORIENTED_EDGE('',*,*,#1988,.F.);
#17531=ORIENTED_EDGE('',*,*,#4738,.T.);
#17532=ORIENTED_EDGE('',*,*,#4146,.T.);
#17533=CARTESIAN_POINT('',(-10.285,0.150000000000105,-0.775000000000205));
#17534=DIRECTION('',(-1.0,0.0,-6.12303176911189E-017));
#17535=DIRECTION('',(6.12303176911189E-017,0.0,-1.0));
#17536=CARTESIAN_POINT('',(-9.38029629553153,0.583544139278076,0.166649999999999));
#17537=DIRECTION('',(1.22460635382238E-016,0.0,-1.0));
#17538=DIRECTION('',(-1.0,0.0,-1.22460635382238E-016));
#17539=SURFACE_STYLE_FILL_AREA(#18850);
#17540=ORIENTED_EDGE('',*,*,#2488,.F.);
#17541=ORIENTED_EDGE('',*,*,#3694,.F.);
#17542=ORIENTED_EDGE('',*,*,#2546,.F.);
#17543=ORIENTED_EDGE('',*,*,#2712,.T.);
#17544=CARTESIAN_POINT('',(2.49040082142894,1.90282814901086,0.16665));
#17545=DIRECTION('',(0.0,1.0,0.0));
#17546=DIRECTION('',(1.0,0.0,1.22460635382238E-016));
#17547=SURFACE_STYLE_FILL_AREA(#18851);
#17548=ORIENTED_EDGE('',*,*,#2382,.T.);
#17549=ORIENTED_EDGE('',*,*,#2536,.T.);
#17550=ORIENTED_EDGE('',*,*,#3146,.T.);
#17551=ORIENTED_EDGE('',*,*,#4984,.F.);
#17552=CARTESIAN_POINT('',(-10.285,0.150000000000105,-0.625000000000001));
#17553=DIRECTION('',(-6.12303176911189E-017,0.0,1.0));
#17554=DIRECTION('',(0.0,-1.0,0.0));
#17555=DIRECTION('',(0.0,1.0,0.0));
#17556=SURFACE_STYLE_FILL_AREA(#18852);
#17557=ORIENTED_EDGE('',*,*,#2406,.F.);
#17558=ORIENTED_EDGE('',*,*,#4280,.T.);
#17559=ORIENTED_EDGE('',*,*,#4256,.T.);
#17560=ORIENTED_EDGE('',*,*,#3356,.T.);
#17561=CARTESIAN_POINT('',(-8.89,7.625,0.7));
#17562=DIRECTION('',(0.0,0.0,1.0));
#17563=DIRECTION('',(1.0,0.0,0.0));
#17564=CARTESIAN_POINT('',(-5.85970370446777,0.583544139276829,0.16665));
#17565=DIRECTION('',(1.22460635382238E-016,0.0,-1.0));
#17566=DIRECTION('',(-1.0,0.0,-1.22460635382238E-016));
#17567=DIRECTION('',(0.0,1.0,0.0));
#17568=DIRECTION('',(1.0,0.0,6.12303176911189E-017));
#17569=SURFACE_STYLE_FILL_AREA(#18853);
#17570=ORIENTED_EDGE('',*,*,#3058,.T.);
#17571=ORIENTED_EDGE('',*,*,#3318,.T.);
#17572=ORIENTED_EDGE('',*,*,#4626,.T.);
#17573=ORIENTED_EDGE('',*,*,#2192,.T.);
#17574=ORIENTED_EDGE('',*,*,#1880,.T.);
#17575=ORIENTED_EDGE('',*,*,#2988,.F.);
#17576=ORIENTED_EDGE('',*,*,#2102,.T.);
#17577=ORIENTED_EDGE('',*,*,#3034,.T.);
#17578=CARTESIAN_POINT('',(-2.77,7.64999999999999,0.450000000000159));
#17579=DIRECTION('',(-6.12303176911189E-017,0.0,1.0));
#17580=DIRECTION('',(0.0,-1.0,0.0));
#17581=SURFACE_STYLE_FILL_AREA(#18854);
#17582=ORIENTED_EDGE('',*,*,#3416,.T.);
#17583=ORIENTED_EDGE('',*,*,#2676,.F.);
#17584=ORIENTED_EDGE('',*,*,#2154,.T.);
#17585=ORIENTED_EDGE('',*,*,#3892,.T.);
#17586=CARTESIAN_POINT('',(-6.15000000000034,-3.19999999999999,0.16665));
#17587=DIRECTION('',(0.983382180387227,-0.181547479456103,1.2042560663379E-016));
#17588=DIRECTION('',(-0.181547479456103,-0.983382180387227,-2.22324196862382E-017));
#17589=DIRECTION('',(8.65927457071936E-017,-0.707106781186548,-0.707106781186548));
#17590=DIRECTION('',(1.22460635382238E-016,0.0,-1.0));
#17591=DIRECTION('',(1.0,0.0,1.22460635382238E-016));
#17592=DIRECTION('',(-1.0,0.0,-1.22460635382238E-016));
#17593=DIRECTION('',(1.0,0.0,6.12303176911189E-017));
#17594=DIRECTION('',(-1.22460635382238E-016,0.0,1.0));
#17595=SURFACE_STYLE_FILL_AREA(#18855);
#17596=ORIENTED_EDGE('',*,*,#3490,.F.);
#17597=ORIENTED_EDGE('',*,*,#4446,.F.);
#17598=ORIENTED_EDGE('',*,*,#4204,.F.);
#17599=ORIENTED_EDGE('',*,*,#3340,.T.);
#17600=CARTESIAN_POINT('',(5.03040082142894,1.90282814901086,0.16665));
#17601=DIRECTION('',(0.0,1.0,0.0));
#17602=DIRECTION('',(1.0,0.0,1.22460635382238E-016));
#17603=DIRECTION('',(1.22460635382238E-016,0.0,-1.0));
#17604=DIRECTION('',(1.22460635382238E-016,0.0,-1.0));
#17605=DIRECTION('',(0.0,1.0,0.0));
#17606=DIRECTION('',(1.22460635382238E-016,0.0,-1.0));
#17607=SURFACE_STYLE_FILL_AREA(#18856);
#17608=ORIENTED_EDGE('',*,*,#3532,.F.);
#17609=ORIENTED_EDGE('',*,*,#3648,.F.);
#17610=ORIENTED_EDGE('',*,*,#4906,.F.);
#17611=ORIENTED_EDGE('',*,*,#3988,.F.);
#17612=CARTESIAN_POINT('',(-8.89,7.68,0.32));
#17613=DIRECTION('',(0.0,0.0,1.0));
#17614=DIRECTION('',(1.0,0.0,0.0));
#17615=DIRECTION('',(-1.0,0.0,-6.12303176911189E-017));
#17616=DIRECTION('',(8.65927457071936E-017,0.707106781186548,-0.707106781186548));
#17617=CARTESIAN_POINT('',(-1.76029629553154,0.583544139278076,0.16665));
#17618=DIRECTION('',(1.22460635382238E-016,0.0,-1.0));
#17619=DIRECTION('',(-1.0,0.0,-1.22460635382238E-016));
#17620=DIRECTION('',(1.22460635382238E-016,0.0,-1.0));
#17621=DIRECTION('',(-1.22460635382238E-016,0.0,1.0));
#17622=CARTESIAN_POINT('',(-5.35000000000011,0.150000000000105,-0.775000000000205));
#17623=DIRECTION('',(1.0,0.0,1.22460635382238E-016));
#17624=DIRECTION('',(1.22460635382238E-016,0.0,-1.0));
#17625=SURFACE_STYLE_FILL_AREA(#18857);
#17626=ORIENTED_EDGE('',*,*,#3562,.T.);
#17627=ORIENTED_EDGE('',*,*,#5268,.F.);
#17628=ORIENTED_EDGE('',*,*,#3566,.T.);
#17629=ORIENTED_EDGE('',*,*,#2930,.T.);
#17630=CARTESIAN_POINT('',(-10.285,0.149999999999778,0.77500000000009));
#17631=DIRECTION('',(-1.0,0.0,-6.12303176911189E-017));
#17632=DIRECTION('',(6.12303176911189E-017,0.0,-1.0));
#17633=DIRECTION('',(-1.22460635382238E-016,0.0,1.0));
#17634=DIRECTION('',(1.22460635382238E-016,0.0,-1.0));
#17635=DIRECTION('',(1.0,0.0,6.12303176911189E-017));
#17636=DIRECTION('',(1.22460635382238E-016,0.0,-1.0));
#17637=DIRECTION('',(1.22460635382238E-016,0.0,-1.0));
#17638=SURFACE_STYLE_FILL_AREA(#18858);
#17639=ORIENTED_EDGE('',*,*,#5062,.F.);
#17640=ORIENTED_EDGE('',*,*,#4806,.F.);
#17641=ORIENTED_EDGE('',*,*,#3084,.F.);
#17642=ORIENTED_EDGE('',*,*,#4672,.F.);
#17643=CARTESIAN_POINT('',(-8.43999999999984,8.00099999999996,1.5));
#17644=DIRECTION('',(0.707106781186548,-0.707106781186548,8.65927457071936E-017));
#17645=DIRECTION('',(-0.707106781186548,-0.707106781186548,-8.65927457071936E-017));
#17646=SURFACE_STYLE_FILL_AREA(#18859);
#17647=ORIENTED_EDGE('',*,*,#3444,.T.);
#17648=ORIENTED_EDGE('',*,*,#4734,.T.);
#17649=ORIENTED_EDGE('',*,*,#4906,.T.);
#17650=ORIENTED_EDGE('',*,*,#4976,.T.);
#17651=ORIENTED_EDGE('',*,*,#3226,.F.);
#17652=ORIENTED_EDGE('',*,*,#3984,.F.);
#17653=ORIENTED_EDGE('',*,*,#2844,.F.);
#17654=ORIENTED_EDGE('',*,*,#2412,.F.);
#17655=CARTESIAN_POINT('',(-8.89,7.68,0.0));
#17656=DIRECTION('',(0.0,-1.0,0.0));
#17657=DIRECTION('',(0.0,0.0,-1.0));
#17658=DIRECTION('',(0.0,1.0,0.0));
#17659=DIRECTION('',(1.0,0.0,1.22460635382238E-016));
#17660=CARTESIAN_POINT('',(4.80999999999989,0.149999999999778,0.775000000000091));
#17661=DIRECTION('',(1.0,0.0,1.22460635382238E-016));
#17662=DIRECTION('',(1.22460635382238E-016,0.0,-1.0));
#17663=DIRECTION('',(-1.22460635382238E-016,0.0,1.0));
#17664=DIRECTION('',(0.0,1.0,0.0));
#17665=DIRECTION('',(1.0,0.0,6.12303176911189E-017));
#17666=DIRECTION('',(1.22460635382238E-016,0.0,-1.0));
#17667=SURFACE_STYLE_FILL_AREA(#18860);
#17668=ORIENTED_EDGE('',*,*,#3530,.T.);
#17669=ORIENTED_EDGE('',*,*,#2822,.F.);
#17670=ORIENTED_EDGE('',*,*,#3012,.F.);
#17671=ORIENTED_EDGE('',*,*,#3884,.T.);
#17672=CARTESIAN_POINT('',(-3.31970370446777,0.583544139276829,0.16665));
#17673=DIRECTION('',(-1.22460635382238E-016,0.0,1.0));
#17674=DIRECTION('',(-1.0,0.0,-1.22460635382238E-016));
#17675=SURFACE_STYLE_FILL_AREA(#18861);
#17676=ORIENTED_EDGE('',*,*,#1836,.F.);
#17677=ORIENTED_EDGE('',*,*,#3824,.F.);
#17678=ORIENTED_EDGE('',*,*,#3260,.T.);
#17679=ORIENTED_EDGE('',*,*,#2970,.F.);
#17680=ORIENTED_EDGE('',*,*,#4850,.F.);
#17681=ORIENTED_EDGE('',*,*,#2308,.F.);
#17682=CARTESIAN_POINT('',(4.26000000000016,7.65099999999999,1.5));
#17683=DIRECTION('',(1.0,0.0,1.22460635382238E-016));
#17684=DIRECTION('',(0.0,-1.0,0.0));
#17685=DIRECTION('',(1.22460635382238E-016,0.0,-1.0));
#17686=DIRECTION('',(8.65927457071936E-017,0.707106781186548,-0.707106781186548));
#17687=DIRECTION('',(0.0,-1.0,0.0));
#17688=DIRECTION('',(-6.12303176911189E-017,0.0,1.0));
#17689=DIRECTION('',(-1.0,0.0,-1.22460635382238E-016));
#17690=DIRECTION('',(0.0,-1.0,0.0));
#17691=DIRECTION('',(1.0,0.0,6.12303176911189E-017));
#17692=DIRECTION('',(0.0,-1.0,0.0));
#17693=SURFACE_STYLE_FILL_AREA(#18862);
#17694=ORIENTED_EDGE('',*,*,#2072,.T.);
#17695=ORIENTED_EDGE('',*,*,#4198,.T.);
#17696=ORIENTED_EDGE('',*,*,#2410,.F.);
#17697=ORIENTED_EDGE('',*,*,#3688,.T.);
#17698=ORIENTED_EDGE('',*,*,#3824,.T.);
#17699=ORIENTED_EDGE('',*,*,#2492,.F.);
#17700=CARTESIAN_POINT('',(2.31,7.99999999999996,0.450000000000159));
#17701=DIRECTION('',(-4.32963728535968E-017,-0.707106781186548,0.707106781186548));
#17702=DIRECTION('',(4.32963728535968E-017,-0.707106781186548,-0.707106781186548));
#17703=DIRECTION('',(1.0,0.0,6.12303176911189E-017));
#17704=DIRECTION('',(-1.22460635382238E-016,0.0,1.0));
#17705=DIRECTION('',(1.22460635382238E-016,0.0,-1.0));
#17706=DIRECTION('',(1.22460635382238E-016,0.0,-1.0));
#17707=DIRECTION('',(1.0,0.0,6.12303176911189E-017));
#17708=CARTESIAN_POINT('',(-5.35000000000011,0.149999999999778,0.775000000000091));
#17709=DIRECTION('',(1.0,0.0,1.22460635382238E-016));
#17710=DIRECTION('',(1.22460635382238E-016,0.0,-1.0));
#17711=DIRECTION('',(-0.181547479456103,0.983382180387227,-2.22324196862382E-017));
#17712=DIRECTION('',(0.577350269189626,-0.577350269189626,0.577350269189626));
#17713=DIRECTION('',(0.0,1.0,0.0));
#17714=SURFACE_STYLE_FILL_AREA(#18863);
#17715=ORIENTED_EDGE('',*,*,#2030,.T.);
#17716=ORIENTED_EDGE('',*,*,#1918,.F.);
#17717=ORIENTED_EDGE('',*,*,#4788,.T.);
#17718=ORIENTED_EDGE('',*,*,#3070,.T.);
#17719=CARTESIAN_POINT('',(-9.09000000000034,-3.19999999999999,0.166649999999999));
#17720=DIRECTION('',(0.0,-1.0,0.0));
#17721=DIRECTION('',(-1.0,0.0,-1.22460635382238E-016));
#17722=DIRECTION('',(0.0,-1.0,0.0));
#17723=DIRECTION('',(1.22460635382238E-016,0.0,-1.0));
#17724=DIRECTION('',(-1.22460635382238E-016,0.0,1.0));
#17725=DIRECTION('',(-1.0,0.0,-6.12303176911189E-017));
#17726=SURFACE_STYLE_FILL_AREA(#18864);
#17727=ORIENTED_EDGE('',*,*,#2064,.T.);
#17728=ORIENTED_EDGE('',*,*,#2574,.F.);
#17729=ORIENTED_EDGE('',*,*,#4772,.T.);
#17730=ORIENTED_EDGE('',*,*,#3186,.T.);
#17731=CARTESIAN_POINT('',(-10.285,0.150000000000105,-0.775000000000205));
#17732=DIRECTION('',(-1.0,0.0,-6.12303176911189E-017));
#17733=DIRECTION('',(6.12303176911189E-017,0.0,-1.0));
#17734=DIRECTION('',(1.22460635382238E-016,0.0,-1.0));
#17735=DIRECTION('',(-1.0,0.0,-6.12303176911189E-017));
#17736=DIRECTION('',(0.0,-1.0,0.0));
#17737=DIRECTION('',(0.0,1.0,0.0));
#17738=DIRECTION('',(1.22460635382238E-016,0.0,-1.0));
#17739=DIRECTION('',(0.0,-1.0,0.0));
#17740=SURFACE_STYLE_FILL_AREA(#18865);
#17741=ORIENTED_EDGE('',*,*,#2194,.F.);
#17742=ORIENTED_EDGE('',*,*,#4054,.T.);
#17743=ORIENTED_EDGE('',*,*,#4202,.F.);
#17744=ORIENTED_EDGE('',*,*,#2292,.F.);
#17745=ORIENTED_EDGE('',*,*,#4310,.T.);
#17746=ORIENTED_EDGE('',*,*,#2832,.F.);
#17747=ORIENTED_EDGE('',*,*,#1908,.F.);
#17748=ORIENTED_EDGE('',*,*,#4788,.F.);
#17749=ORIENTED_EDGE('',*,*,#3586,.F.);
#17750=ORIENTED_EDGE('',*,*,#3486,.T.);
#17751=ORIENTED_EDGE('',*,*,#2276,.T.);
#17752=ORIENTED_EDGE('',*,*,#3928,.T.);
#17753=CARTESIAN_POINT('',(-8.89543127531429,-0.136573772166789,0.166649999999999));
#17754=DIRECTION('',(1.22460635382238E-016,0.0,-1.0));
#17755=DIRECTION('',(-1.0,0.0,-1.22460635382238E-016));
#17756=DIRECTION('',(0.0,1.0,0.0));
#17757=DIRECTION('',(8.65927457071936E-017,0.707106781186548,-0.707106781186548));
#17758=DIRECTION('',(8.65927457071936E-017,0.707106781186548,-0.707106781186548));
#17759=SURFACE_STYLE_FILL_AREA(#18866);
#17760=ORIENTED_EDGE('',*,*,#5178,.T.);
#17761=ORIENTED_EDGE('',*,*,#4252,.F.);
#17762=ORIENTED_EDGE('',*,*,#3586,.T.);
#17763=ORIENTED_EDGE('',*,*,#1918,.T.);
#17764=CARTESIAN_POINT('',(-8.69000000000034,-3.19999999999999,0.166649999999999));
#17765=DIRECTION('',(0.983382180387227,-0.181547479456103,1.2042560663379E-016));
#17766=DIRECTION('',(-0.181547479456103,-0.983382180387227,-2.22324196862382E-017));
#17767=DIRECTION('',(1.0,0.0,6.12303176911189E-017));
#17768=SURFACE_STYLE_FILL_AREA(#18867);
#17769=ORIENTED_EDGE('',*,*,#4512,.T.);
#17770=ORIENTED_EDGE('',*,*,#2588,.F.);
#17771=ORIENTED_EDGE('',*,*,#3376,.T.);
#17772=ORIENTED_EDGE('',*,*,#5240,.T.);
#17773=CARTESIAN_POINT('',(-6.67000000000034,0.587206387322199,0.16665));
#17774=DIRECTION('',(-1.0,0.0,-1.22460635382238E-016));
#17775=DIRECTION('',(0.0,1.0,0.0));
#17776=DIRECTION('',(1.0,0.0,6.12303176911189E-017));
#17777=CARTESIAN_POINT('',(1.76029629553223,0.583544139276829,0.16665));
#17778=DIRECTION('',(1.22460635382238E-016,0.0,-1.0));
#17779=DIRECTION('',(-1.0,0.0,-1.22460635382238E-016));
#17780=DIRECTION('',(0.0,0.0,1.0));
#17781=DIRECTION('',(0.0,-1.0,0.0));
#17782=DIRECTION('',(0.0,1.0,0.0));
#17783=DIRECTION('',(0.0,1.0,0.0));
#17784=DIRECTION('',(0.0,-1.0,0.0));
#17785=SURFACE_STYLE_FILL_AREA(#18868);
#17786=ORIENTED_EDGE('',*,*,#2150,.T.);
#17787=ORIENTED_EDGE('',*,*,#2440,.F.);
#17788=ORIENTED_EDGE('',*,*,#3434,.T.);
#17789=ORIENTED_EDGE('',*,*,#5168,.T.);
#17790=CARTESIAN_POINT('',(-10.285,0.149999999999778,0.77500000000009));
#17791=DIRECTION('',(-1.0,0.0,-6.12303176911189E-017));
#17792=DIRECTION('',(6.12303176911189E-017,0.0,-1.0));
#17793=DIRECTION('',(0.0,-1.0,0.0));
#17794=CARTESIAN_POINT('',(5.85970370446847,0.583544139278076,-0.16665));
#17795=DIRECTION('',(1.22460635382238E-016,0.0,-1.0));
#17796=DIRECTION('',(-1.0,0.0,-1.22460635382238E-016));
#17797=SURFACE_STYLE_FILL_AREA(#18869);
#17798=ORIENTED_EDGE('',*,*,#4346,.F.);
#17799=ORIENTED_EDGE('',*,*,#4158,.T.);
#17800=ORIENTED_EDGE('',*,*,#2642,.T.);
#17801=ORIENTED_EDGE('',*,*,#4490,.T.);
#17802=CARTESIAN_POINT('',(-7.85,0.740000000000109,0.999999999999886));
#17803=DIRECTION('',(-6.12303176911189E-017,0.0,1.0));
#17804=DIRECTION('',(0.0,-1.0,0.0));
#17805=DIRECTION('',(1.22460635382238E-016,0.0,-1.0));
#17806=DIRECTION('',(0.0,1.0,0.0));
#17807=DIRECTION('',(0.0,1.0,0.0));
#17808=DIRECTION('',(1.22460635382238E-016,0.0,-1.0));
#17809=DIRECTION('',(0.0,0.0,-1.0));
#17810=DIRECTION('',(1.22460635382238E-016,0.0,-1.0));
#17811=DIRECTION('',(1.22460635382238E-016,0.0,-1.0));
#17812=SURFACE_STYLE_FILL_AREA(#18870);
#17813=ORIENTED_EDGE('',*,*,#2556,.T.);
#17814=ORIENTED_EDGE('',*,*,#3350,.F.);
#17815=ORIENTED_EDGE('',*,*,#4240,.T.);
#17816=ORIENTED_EDGE('',*,*,#3116,.T.);
#17817=CARTESIAN_POINT('',(1.06999999999966,-3.19999999999999,0.16665));
#17818=DIRECTION('',(0.0,-1.0,0.0));
#17819=DIRECTION('',(-1.0,0.0,-1.22460635382238E-016));
#17820=DIRECTION('',(1.22460635382238E-016,0.0,-1.0));
#17821=DIRECTION('',(0.0,-1.0,0.0));
#17822=DIRECTION('',(0.0,1.0,0.0));
#17823=DIRECTION('',(1.0,0.0,6.12303176911189E-017));
#17824=DIRECTION('',(1.0,0.0,1.22460635382238E-016));
#17825=SURFACE_STYLE_FILL_AREA(#18871);
#17826=ORIENTED_EDGE('',*,*,#4568,.F.);
#17827=ORIENTED_EDGE('',*,*,#2424,.F.);
#17828=ORIENTED_EDGE('',*,*,#3224,.T.);
#17829=ORIENTED_EDGE('',*,*,#4530,.F.);
#17830=ORIENTED_EDGE('',*,*,#4796,.F.);
#17831=ORIENTED_EDGE('',*,*,#5050,.F.);
#17832=CARTESIAN_POINT('',(6.80000000000016,7.65099999999999,1.5));
#17833=DIRECTION('',(1.0,0.0,1.22460635382238E-016));
#17834=DIRECTION('',(0.0,-1.0,0.0));
#17835=DIRECTION('',(0.0,1.0,0.0));
#17836=DIRECTION('',(-1.22460635382238E-016,0.0,1.0));
#17837=DIRECTION('',(0.0,1.0,0.0));
#17838=DIRECTION('',(0.0,-1.0,0.0));
#17839=DIRECTION('',(0.0,-1.0,0.0));
#17840=SURFACE_STYLE_FILL_AREA(#18872);
#17841=ORIENTED_EDGE('',*,*,#2098,.T.);
#17842=ORIENTED_EDGE('',*,*,#3500,.F.);
#17843=ORIENTED_EDGE('',*,*,#2776,.T.);
#17844=ORIENTED_EDGE('',*,*,#2706,.T.);
#17845=CARTESIAN_POINT('',(-10.285,0.150000000000105,-0.775000000000205));
#17846=DIRECTION('',(-1.0,0.0,-6.12303176911189E-017));
#17847=DIRECTION('',(6.12303176911189E-017,0.0,-1.0));
#17848=DIRECTION('',(1.0,0.0,6.12303176911189E-017));
#17849=DIRECTION('',(1.0,0.0,1.22460635382238E-016));
#17850=DIRECTION('',(1.0,0.0,6.12303176911189E-017));
#17851=DIRECTION('',(1.0,0.0,6.12303176911189E-017));
#17852=SURFACE_STYLE_FILL_AREA(#18873);
#17853=ORIENTED_EDGE('',*,*,#3542,.F.);
#17854=ORIENTED_EDGE('',*,*,#5188,.T.);
#17855=ORIENTED_EDGE('',*,*,#3638,.T.);
#17856=ORIENTED_EDGE('',*,*,#2358,.T.);
#17857=CARTESIAN_POINT('',(-0.23,0.740000000000109,0.999999999999886));
#17858=DIRECTION('',(-6.12303176911189E-017,0.0,1.0));
#17859=DIRECTION('',(0.0,-1.0,0.0));
#17860=DIRECTION('',(1.0,0.0,6.12303176911189E-017));
#17861=DIRECTION('',(0.577350269189626,0.577350269189626,-0.577350269189626));
#17862=DIRECTION('',(-0.577350269189626,-0.577350269189626,-0.577350269189626));
#17863=SURFACE_STYLE_FILL_AREA(#18874);
#17864=ORIENTED_EDGE('',*,*,#4632,.T.);
#17865=ORIENTED_EDGE('',*,*,#1982,.F.);
#17866=ORIENTED_EDGE('',*,*,#5006,.T.);
#17867=ORIENTED_EDGE('',*,*,#3132,.T.);
#17868=CARTESIAN_POINT('',(-1.47000000000034,-3.19999999999999,0.16665));
#17869=DIRECTION('',(0.0,-1.0,0.0));
#17870=DIRECTION('',(-1.0,0.0,-1.22460635382238E-016));
#17871=CARTESIAN_POINT('',(-8.39970370446777,0.583544139276829,-0.16665));
#17872=DIRECTION('',(1.22460635382238E-016,0.0,-1.0));
#17873=DIRECTION('',(-1.0,0.0,-1.22460635382238E-016));
#17874=DIRECTION('',(1.22460635382238E-016,0.0,-1.0));
#17875=DIRECTION('',(1.22460635382238E-016,0.0,-1.0));
#17876=DIRECTION('',(1.0,0.0,6.12303176911189E-017));
#17877=DIRECTION('',(1.0,0.0,6.12303176911189E-017));
#17878=CARTESIAN_POINT('',(9.88999999999989,0.149999999999778,0.775000000000092));
#17879=DIRECTION('',(1.0,0.0,1.22460635382238E-016));
#17880=DIRECTION('',(1.22460635382238E-016,0.0,-1.0));
#17881=DIRECTION('',(1.0,0.0,6.12303176911189E-017));
#17882=SURFACE_STYLE_FILL_AREA(#18875);
#17883=ORIENTED_EDGE('',*,*,#3762,.F.);
#17884=ORIENTED_EDGE('',*,*,#3812,.T.);
#17885=ORIENTED_EDGE('',*,*,#2230,.F.);
#17886=ORIENTED_EDGE('',*,*,#2000,.T.);
#17887=CARTESIAN_POINT('',(0.0273934020970223,0.753873053988997,0.16665));
#17888=DIRECTION('',(0.0,-1.0,0.0));
#17889=DIRECTION('',(-1.0,0.0,-1.22460635382238E-016));
#17890=DIRECTION('',(-0.181547479456103,-0.983382180387227,-2.22324196862382E-017));
#17891=DIRECTION('',(0.0,1.0,0.0));
#17892=DIRECTION('',(0.0,1.0,0.0));
#17893=DIRECTION('',(1.22460635382238E-016,0.0,-1.0));
#17894=DIRECTION('',(-1.0,0.0,-6.12303176911189E-017));
#17895=DIRECTION('',(-1.0,0.0,-1.22460635382238E-016));
#17896=DIRECTION('',(0.0,1.0,0.0));
#17897=DIRECTION('',(-1.22460635382238E-016,0.0,1.0));
#17898=DIRECTION('',(1.0,0.0,6.12303176911189E-017));
#17899=DIRECTION('',(1.22460635382238E-016,0.0,-1.0));
#17900=SURFACE_STYLE_FILL_AREA(#18876);
#17901=ORIENTED_EDGE('',*,*,#3062,.T.);
#17902=ORIENTED_EDGE('',*,*,#3344,.T.);
#17903=ORIENTED_EDGE('',*,*,#4568,.T.);
#17904=ORIENTED_EDGE('',*,*,#1922,.T.);
#17905=ORIENTED_EDGE('',*,*,#2390,.T.);
#17906=ORIENTED_EDGE('',*,*,#3926,.F.);
#17907=ORIENTED_EDGE('',*,*,#2476,.T.);
#17908=ORIENTED_EDGE('',*,*,#2680,.T.);
#17909=CARTESIAN_POINT('',(4.85,7.64999999999999,0.450000000000159));
#17910=DIRECTION('',(-6.12303176911189E-017,0.0,1.0));
#17911=DIRECTION('',(0.0,-1.0,0.0));
#17912=SURFACE_STYLE_FILL_AREA(#18877);
#17913=ORIENTED_EDGE('',*,*,#2570,.T.);
#17914=ORIENTED_EDGE('',*,*,#4494,.F.);
#17915=ORIENTED_EDGE('',*,*,#4302,.F.);
#17916=ORIENTED_EDGE('',*,*,#2940,.T.);
#17917=CARTESIAN_POINT('',(9.20999999999966,-2.54999999999999,0.166650000000001));
#17918=DIRECTION('',(1.0,0.0,1.22460635382238E-016));
#17919=DIRECTION('',(0.0,-1.0,0.0));
#17920=DIRECTION('',(0.0,0.0,1.0));
#17921=DIRECTION('',(-8.65927457071935E-017,0.707106781186548,0.707106781186548));
#17922=CARTESIAN_POINT('',(2.26999999999989,0.150000000000105,-0.775000000000205));
#17923=DIRECTION('',(1.0,0.0,1.22460635382238E-016));
#17924=DIRECTION('',(1.22460635382238E-016,0.0,-1.0));
#17925=DIRECTION('',(0.0,-1.0,0.0));
#17926=SURFACE_STYLE_FILL_AREA(#18878);
#17927=ORIENTED_EDGE('',*,*,#2200,.F.);
#17928=ORIENTED_EDGE('',*,*,#2480,.F.);
#17929=ORIENTED_EDGE('',*,*,#3140,.T.);
#17930=ORIENTED_EDGE('',*,*,#4534,.F.);
#17931=ORIENTED_EDGE('',*,*,#4362,.F.);
#17932=ORIENTED_EDGE('',*,*,#3088,.F.);
#17933=CARTESIAN_POINT('',(-5.89999999999984,7.65099999999999,1.5));
#17934=DIRECTION('',(1.0,0.0,1.22460635382238E-016));
#17935=DIRECTION('',(0.0,-1.0,0.0));
#17936=DIRECTION('',(0.0,0.0,-1.0));
#17937=DIRECTION('',(0.0,1.0,0.0));
#17938=DIRECTION('',(-1.22460635382238E-016,0.0,1.0));
#17939=DIRECTION('',(-3.09381386266373E-029,-1.0,2.52637417159153E-013));
#17940=SURFACE_STYLE_FILL_AREA(#18879);
#17941=ORIENTED_EDGE('',*,*,#3406,.F.);
#17942=ORIENTED_EDGE('',*,*,#2438,.F.);
#17943=ORIENTED_EDGE('',*,*,#3444,.F.);
#17944=ORIENTED_EDGE('',*,*,#3320,.F.);
#17945=CARTESIAN_POINT('',(-8.89,7.68,-0.32));
#17946=DIRECTION('',(0.0,0.0,1.0));
#17947=DIRECTION('',(1.0,0.0,0.0));
#17948=DIRECTION('',(0.0,1.0,0.0));
#17949=DIRECTION('',(1.0,0.0,1.22460635382238E-016));
#17950=CARTESIAN_POINT('',(-0.270000000000113,0.150000000000105,-0.775000000000205));
#17951=DIRECTION('',(1.0,0.0,1.22460635382238E-016));
#17952=DIRECTION('',(1.22460635382238E-016,0.0,-1.0));
#17953=DIRECTION('',(-1.22460635382238E-016,0.0,1.0));
#17954=SURFACE_STYLE_FILL_AREA(#18880);
#17955=ORIENTED_EDGE('',*,*,#4436,.F.);
#17956=ORIENTED_EDGE('',*,*,#2114,.F.);
#17957=ORIENTED_EDGE('',*,*,#2338,.F.);
#17958=ORIENTED_EDGE('',*,*,#3016,.T.);
#17959=CARTESIAN_POINT('',(7.57040082142894,1.90282814901086,0.166650000000001));
#17960=DIRECTION('',(0.0,1.0,0.0));
#17961=DIRECTION('',(1.0,0.0,1.22460635382238E-016));
#17962=DIRECTION('',(0.0,1.0,0.0));
#17963=DIRECTION('',(1.22460635382238E-016,0.0,-1.0));
#17964=SURFACE_STYLE_FILL_AREA(#18881);
#17965=ORIENTED_EDGE('',*,*,#5096,.T.);
#17966=ORIENTED_EDGE('',*,*,#2268,.T.);
#17967=ORIENTED_EDGE('',*,*,#2662,.F.);
#17968=ORIENTED_EDGE('',*,*,#5012,.T.);
#17969=ORIENTED_EDGE('',*,*,#2424,.T.);
#17970=ORIENTED_EDGE('',*,*,#3344,.F.);
#17971=CARTESIAN_POINT('',(4.85,7.99999999999996,0.450000000000159));
#17972=DIRECTION('',(-4.32963728535968E-017,-0.707106781186548,0.707106781186548));
#17973=DIRECTION('',(4.32963728535968E-017,-0.707106781186548,-0.707106781186548));
#17974=DIRECTION('',(-1.0,0.0,-1.22460635382238E-016));
#17975=DIRECTION('',(0.0,1.0,0.0));
#17976=DIRECTION('',(0.0,1.0,0.0));
#17977=DIRECTION('',(-1.0,0.0,-6.12303176911189E-017));
#17978=SURFACE_STYLE_FILL_AREA(#18882);
#17979=ORIENTED_EDGE('',*,*,#2752,.T.);
#17980=ORIENTED_EDGE('',*,*,#2940,.F.);
#17981=ORIENTED_EDGE('',*,*,#3924,.T.);
#17982=ORIENTED_EDGE('',*,*,#4982,.T.);
#17983=CARTESIAN_POINT('',(9.08999999999966,-3.19999999999999,0.166650000000001));
#17984=DIRECTION('',(0.983382180387227,-0.181547479456103,1.2042560663379E-016));
#17985=DIRECTION('',(-0.181547479456103,-0.983382180387227,-2.22324196862382E-017));
#17986=DIRECTION('',(0.577350269189626,0.577350269189626,-0.577350269189626));
#17987=CARTESIAN_POINT('',(7.34999999999989,0.150000000000105,-0.775000000000204));
#17988=DIRECTION('',(1.0,0.0,1.22460635382238E-016));
#17989=DIRECTION('',(1.22460635382238E-016,0.0,-1.0));
#17990=SURFACE_STYLE_FILL_AREA(#18883);
#17991=ORIENTED_EDGE('',*,*,#2296,.T.);
#17992=ORIENTED_EDGE('',*,*,#3548,.T.);
#17993=ORIENTED_EDGE('',*,*,#2238,.T.);
#17994=ORIENTED_EDGE('',*,*,#2538,.F.);
#17995=CARTESIAN_POINT('',(7.39,7.64999999999999,0.999999999999887));
#17996=DIRECTION('',(0.0,1.0,0.0));
#17997=DIRECTION('',(-6.12303176911189E-017,0.0,1.0));
#17998=SURFACE_STYLE_FILL_AREA(#18884);
#17999=ORIENTED_EDGE('',*,*,#4248,.T.);
#18000=ORIENTED_EDGE('',*,*,#2036,.T.);
#18001=ORIENTED_EDGE('',*,*,#4636,.T.);
#18002=ORIENTED_EDGE('',*,*,#5092,.T.);
#18003=CARTESIAN_POINT('',(-10.39,7.99999999999996,-0.449999999999932));
#18004=DIRECTION('',(6.12303176911189E-017,0.0,-1.0));
#18005=DIRECTION('',(0.0,1.0,0.0));
#18006=SURFACE_STYLE_FILL_AREA(#18885);
#18007=ORIENTED_EDGE('',*,*,#4704,.T.);
#18008=ORIENTED_EDGE('',*,*,#3172,.F.);
#18009=ORIENTED_EDGE('',*,*,#4646,.T.);
#18010=ORIENTED_EDGE('',*,*,#2574,.T.);
#18011=CARTESIAN_POINT('',(-10.285,0.150000000000105,-0.625000000000001));
#18012=DIRECTION('',(-6.12303176911189E-017,0.0,1.0));
#18013=DIRECTION('',(0.0,-1.0,0.0));
#18014=DIRECTION('',(-1.22460635382238E-016,0.0,1.0));
#18015=SURFACE_STYLE_FILL_AREA(#18886);
#18016=ORIENTED_EDGE('',*,*,#2274,.T.);
#18017=ORIENTED_EDGE('',*,*,#4648,.T.);
#18018=ORIENTED_EDGE('',*,*,#2914,.T.);
#18019=ORIENTED_EDGE('',*,*,#2428,.T.);
#18020=ORIENTED_EDGE('',*,*,#3018,.F.);
#18021=ORIENTED_EDGE('',*,*,#4772,.F.);
#18022=ORIENTED_EDGE('',*,*,#4646,.F.);
#18023=ORIENTED_EDGE('',*,*,#3330,.F.);
#18024=ORIENTED_EDGE('',*,*,#3618,.F.);
#18025=ORIENTED_EDGE('',*,*,#3492,.F.);
#18026=ORIENTED_EDGE('',*,*,#2558,.F.);
#18027=ORIENTED_EDGE('',*,*,#3644,.F.);
#18028=ORIENTED_EDGE('',*,*,#4460,.F.);
#18029=ORIENTED_EDGE('',*,*,#1880,.F.);
#18030=ORIENTED_EDGE('',*,*,#3496,.T.);
#18031=ORIENTED_EDGE('',*,*,#1832,.F.);
#18032=ORIENTED_EDGE('',*,*,#3312,.F.);
#18033=ORIENTED_EDGE('',*,*,#4124,.F.);
#18034=CARTESIAN_POINT('',(-0.270000000000113,0.741000000000109,1.5));
#18035=DIRECTION('',(1.0,0.0,1.22460635382238E-016));
#18036=DIRECTION('',(0.0,-1.0,0.0));
#18037=DIRECTION('',(0.0,-1.0,0.0));
#18038=CARTESIAN_POINT('',(-9.38029629553153,0.583544139278076,-0.166650000000001));
#18039=DIRECTION('',(1.22460635382238E-016,0.0,-1.0));
#18040=DIRECTION('',(-1.0,0.0,-1.22460635382238E-016));
#18041=SURFACE_STYLE_FILL_AREA(#18887);
#18042=ORIENTED_EDGE('',*,*,#4436,.T.);
#18043=ORIENTED_EDGE('',*,*,#4154,.T.);
#18044=ORIENTED_EDGE('',*,*,#2398,.T.);
#18045=ORIENTED_EDGE('',*,*,#2572,.T.);
#18046=ORIENTED_EDGE('',*,*,#3056,.F.);
#18047=ORIENTED_EDGE('',*,*,#3098,.F.);
#18048=ORIENTED_EDGE('',*,*,#3384,.F.);
#18049=ORIENTED_EDGE('',*,*,#4574,.F.);
#18050=ORIENTED_EDGE('',*,*,#3234,.F.);
#18051=ORIENTED_EDGE('',*,*,#2476,.F.);
#18052=ORIENTED_EDGE('',*,*,#4946,.F.);
#18053=ORIENTED_EDGE('',*,*,#3922,.F.);
#18054=ORIENTED_EDGE('',*,*,#5132,.F.);
#18055=ORIENTED_EDGE('',*,*,#5090,.F.);
#18056=ORIENTED_EDGE('',*,*,#2060,.F.);
#18057=ORIENTED_EDGE('',*,*,#3616,.F.);
#18058=ORIENTED_EDGE('',*,*,#5244,.F.);
#18059=ORIENTED_EDGE('',*,*,#2098,.F.);
#18060=CARTESIAN_POINT('',(5.3500000000008,0.741000000000222,1.5));
#18061=DIRECTION('',(-1.0,0.0,-1.22460635382238E-016));
#18062=DIRECTION('',(0.0,1.0,0.0));
#18063=DIRECTION('',(-1.22460635382238E-016,0.0,1.0));
#18064=DIRECTION('',(0.0,1.0,0.0));
#18065=DIRECTION('',(0.0,1.0,0.0));
#18066=SURFACE_STYLE_FILL_AREA(#18888);
#18067=ORIENTED_EDGE('',*,*,#4372,.F.);
#18068=ORIENTED_EDGE('',*,*,#4482,.T.);
#18069=ORIENTED_EDGE('',*,*,#4230,.F.);
#18070=ORIENTED_EDGE('',*,*,#3098,.T.);
#18071=CARTESIAN_POINT('',(4.85,0.740000000000222,-0.999999999999204));
#18072=DIRECTION('',(6.12303176911189E-017,0.0,-1.0));
#18073=DIRECTION('',(0.0,1.0,0.0));
#18074=SURFACE_STYLE_FILL_AREA(#18889);
#18075=ORIENTED_EDGE('',*,*,#4626,.F.);
#18076=ORIENTED_EDGE('',*,*,#4336,.F.);
#18077=ORIENTED_EDGE('',*,*,#1822,.T.);
#18078=ORIENTED_EDGE('',*,*,#4438,.F.);
#18079=ORIENTED_EDGE('',*,*,#3352,.F.);
#18080=ORIENTED_EDGE('',*,*,#4184,.F.);
#18081=CARTESIAN_POINT('',(-0.819999999999841,7.65099999999999,1.5));
#18082=DIRECTION('',(1.0,0.0,1.22460635382238E-016));
#18083=DIRECTION('',(0.0,-1.0,0.0));
#18084=DIRECTION('',(1.22460635382238E-016,0.0,-1.0));
#18085=SURFACE_STYLE_FILL_AREA(#18890);
#18086=ORIENTED_EDGE('',*,*,#3034,.F.);
#18087=ORIENTED_EDGE('',*,*,#4506,.T.);
#18088=ORIENTED_EDGE('',*,*,#3934,.F.);
#18089=ORIENTED_EDGE('',*,*,#4516,.F.);
#18090=CARTESIAN_POINT('',(-1.71999999999993,7.65099999999999,1.5));
#18091=DIRECTION('',(0.0,1.0,0.0));
#18092=DIRECTION('',(1.0,0.0,1.22460635382238E-016));
#18093=SURFACE_STYLE_FILL_AREA(#18891);
#18094=ORIENTED_EDGE('',*,*,#1946,.F.);
#18095=ORIENTED_EDGE('',*,*,#2000,.F.);
#18096=ORIENTED_EDGE('',*,*,#2730,.T.);
#18097=ORIENTED_EDGE('',*,*,#3714,.F.);
#18098=ORIENTED_EDGE('',*,*,#2678,.F.);
#18099=ORIENTED_EDGE('',*,*,#4240,.F.);
#18100=ORIENTED_EDGE('',*,*,#2202,.F.);
#18101=ORIENTED_EDGE('',*,*,#2646,.T.);
#18102=ORIENTED_EDGE('',*,*,#4562,.T.);
#18103=ORIENTED_EDGE('',*,*,#4164,.T.);
#18104=ORIENTED_EDGE('',*,*,#4058,.F.);
#18105=ORIENTED_EDGE('',*,*,#3694,.T.);
#18106=CARTESIAN_POINT('',(1.26456872468571,-0.136573772166789,0.16665));
#18107=DIRECTION('',(1.22460635382238E-016,0.0,-1.0));
#18108=DIRECTION('',(-1.0,0.0,-1.22460635382238E-016));
#18109=DIRECTION('',(-1.22460635382238E-016,0.0,1.0));
#18110=DIRECTION('',(0.0,-1.0,0.0));
#18111=DIRECTION('',(0.0,1.0,0.0));
#18112=SURFACE_STYLE_FILL_AREA(#18892);
#18113=ORIENTED_EDGE('',*,*,#2572,.F.);
#18114=ORIENTED_EDGE('',*,*,#5142,.F.);
#18115=ORIENTED_EDGE('',*,*,#5010,.T.);
#18116=ORIENTED_EDGE('',*,*,#1898,.F.);
#18117=ORIENTED_EDGE('',*,*,#2666,.F.);
#18118=ORIENTED_EDGE('',*,*,#4716,.F.);
#18119=ORIENTED_EDGE('',*,*,#2430,.F.);
#18120=ORIENTED_EDGE('',*,*,#2258,.T.);
#18121=ORIENTED_EDGE('',*,*,#3216,.T.);
#18122=ORIENTED_EDGE('',*,*,#4340,.T.);
#18123=ORIENTED_EDGE('',*,*,#3754,.F.);
#18124=ORIENTED_EDGE('',*,*,#2114,.T.);
#18125=CARTESIAN_POINT('',(6.34456872468571,-0.136573772166789,0.16665));
#18126=DIRECTION('',(1.22460635382238E-016,0.0,-1.0));
#18127=DIRECTION('',(-1.0,0.0,-1.22460635382238E-016));
#18128=SURFACE_STYLE_FILL_AREA(#18893);
#18129=ORIENTED_EDGE('',*,*,#2488,.T.);
#18130=ORIENTED_EDGE('',*,*,#3534,.T.);
#18131=ORIENTED_EDGE('',*,*,#3762,.T.);
#18132=ORIENTED_EDGE('',*,*,#1946,.T.);
#18133=ORIENTED_EDGE('',*,*,#3858,.F.);
#18134=ORIENTED_EDGE('',*,*,#1978,.F.);
#18135=ORIENTED_EDGE('',*,*,#4358,.F.);
#18136=ORIENTED_EDGE('',*,*,#2638,.F.);
#18137=ORIENTED_EDGE('',*,*,#2368,.F.);
#18138=ORIENTED_EDGE('',*,*,#3282,.F.);
#18139=ORIENTED_EDGE('',*,*,#1896,.F.);
#18140=ORIENTED_EDGE('',*,*,#5188,.F.);
#18141=ORIENTED_EDGE('',*,*,#4640,.F.);
#18142=ORIENTED_EDGE('',*,*,#4168,.F.);
#18143=ORIENTED_EDGE('',*,*,#2168,.F.);
#18144=ORIENTED_EDGE('',*,*,#4276,.F.);
#18145=ORIENTED_EDGE('',*,*,#4704,.F.);
#18146=ORIENTED_EDGE('',*,*,#2064,.F.);
#18147=CARTESIAN_POINT('',(0.270000000000795,0.741000000000222,1.5));
#18148=DIRECTION('',(-1.0,0.0,-1.22460635382238E-016));
#18149=DIRECTION('',(0.0,1.0,0.0));
#18150=SURFACE_STYLE_FILL_AREA(#18894);
#18151=ORIENTED_EDGE('',*,*,#2946,.T.);
#18152=ORIENTED_EDGE('',*,*,#1794,.T.);
#18153=ORIENTED_EDGE('',*,*,#4986,.F.);
#18154=ORIENTED_EDGE('',*,*,#4968,.T.);
#18155=ORIENTED_EDGE('',*,*,#1960,.T.);
#18156=ORIENTED_EDGE('',*,*,#1848,.F.);
#18157=CARTESIAN_POINT('',(-5.31,7.99999999999996,0.450000000000159));
#18158=DIRECTION('',(-4.32963728535968E-017,-0.707106781186548,0.707106781186548));
#18159=DIRECTION('',(4.32963728535968E-017,-0.707106781186548,-0.707106781186548));
#18160=SURFACE_STYLE_FILL_AREA(#18895);
#18161=ORIENTED_EDGE('',*,*,#5090,.T.);
#18162=ORIENTED_EDGE('',*,*,#4428,.F.);
#18163=ORIENTED_EDGE('',*,*,#4418,.T.);
#18164=ORIENTED_EDGE('',*,*,#4120,.T.);
#18165=CARTESIAN_POINT('',(-10.285,0.149999999999778,0.77500000000009));
#18166=DIRECTION('',(-1.0,0.0,-6.12303176911189E-017));
#18167=DIRECTION('',(6.12303176911189E-017,0.0,-1.0));
#18168=SURFACE_STYLE_FILL_AREA(#18896);
#18169=ORIENTED_EDGE('',*,*,#3676,.T.);
#18170=ORIENTED_EDGE('',*,*,#2314,.F.);
#18171=ORIENTED_EDGE('',*,*,#3216,.F.);
#18172=ORIENTED_EDGE('',*,*,#3830,.T.);
#18173=CARTESIAN_POINT('',(6.84029629553223,0.583544139276829,0.16665));
#18174=DIRECTION('',(-1.22460635382238E-016,0.0,1.0));
#18175=DIRECTION('',(-1.0,0.0,-1.22460635382238E-016));
#18176=DIRECTION('',(1.0,0.0,6.12303176911189E-017));
#18177=DIRECTION('',(-1.0,0.0,0.0));
#18178=SURFACE_STYLE_FILL_AREA(#18897);
#18179=ORIENTED_EDGE('',*,*,#3418,.F.);
#18180=ORIENTED_EDGE('',*,*,#4410,.T.);
#18181=ORIENTED_EDGE('',*,*,#2228,.T.);
#18182=ORIENTED_EDGE('',*,*,#3450,.T.);
#18183=CARTESIAN_POINT('',(-10.39,0.740000000000109,0.999999999999886));
#18184=DIRECTION('',(-6.12303176911189E-017,0.0,1.0));
#18185=DIRECTION('',(0.0,-1.0,0.0));
#18186=SURFACE_STYLE_FILL_AREA(#18898);
#18187=ORIENTED_EDGE('',*,*,#2914,.F.);
#18188=ORIENTED_EDGE('',*,*,#3432,.F.);
#18189=ORIENTED_EDGE('',*,*,#4680,.T.);
#18190=ORIENTED_EDGE('',*,*,#4300,.T.);
#18191=CARTESIAN_POINT('',(-0.781220657277022,0.753873053989039,0.16665));
#18192=DIRECTION('',(0.0,-1.0,0.0));
#18193=DIRECTION('',(-1.0,0.0,-1.22460635382238E-016));
#18194=SURFACE_STYLE_FILL_AREA(#18899);
#18195=ORIENTED_EDGE('',*,*,#5058,.F.);
#18196=ORIENTED_EDGE('',*,*,#2308,.T.);
#18197=ORIENTED_EDGE('',*,*,#3076,.F.);
#18198=ORIENTED_EDGE('',*,*,#3120,.F.);
#18199=CARTESIAN_POINT('',(4.80999999999989,7.65099999999999,1.5));
#18200=DIRECTION('',(0.0,1.0,0.0));
#18201=DIRECTION('',(1.0,0.0,1.22460635382238E-016));
#18202=SURFACE_STYLE_FILL_AREA(#18900);
#18203=ORIENTED_EDGE('',*,*,#2824,.F.);
#18204=ORIENTED_EDGE('',*,*,#4124,.T.);
#18205=ORIENTED_EDGE('',*,*,#3848,.F.);
#18206=ORIENTED_EDGE('',*,*,#2502,.T.);
#18207=CARTESIAN_POINT('',(-2.77,0.740000000000222,-0.999999999999204));
#18208=DIRECTION('',(6.12303176911189E-017,0.0,-1.0));
#18209=DIRECTION('',(0.0,1.0,0.0));
#18210=DIRECTION('',(1.0,0.0,6.12303176911189E-017));
#18211=CARTESIAN_POINT('',(-1.76029629553154,0.583544139278076,-0.16665));
#18212=DIRECTION('',(1.22460635382238E-016,0.0,-1.0));
#18213=DIRECTION('',(-1.0,0.0,-1.22460635382238E-016));
#18214=SURFACE_STYLE_FILL_AREA(#18901);
#18215=ORIENTED_EDGE('',*,*,#1912,.T.);
#18216=ORIENTED_EDGE('',*,*,#2194,.T.);
#18217=ORIENTED_EDGE('',*,*,#3462,.T.);
#18218=ORIENTED_EDGE('',*,*,#5070,.T.);
#18219=ORIENTED_EDGE('',*,*,#2980,.F.);
#18220=ORIENTED_EDGE('',*,*,#3450,.F.);
#18221=ORIENTED_EDGE('',*,*,#5218,.F.);
#18222=ORIENTED_EDGE('',*,*,#1894,.F.);
#18223=ORIENTED_EDGE('',*,*,#1872,.T.);
#18224=ORIENTED_EDGE('',*,*,#4636,.F.);
#18225=ORIENTED_EDGE('',*,*,#3518,.F.);
#18226=ORIENTED_EDGE('',*,*,#3910,.F.);
#18227=ORIENTED_EDGE('',*,*,#3956,.F.);
#18228=ORIENTED_EDGE('',*,*,#3024,.F.);
#18229=ORIENTED_EDGE('',*,*,#4036,.F.);
#18230=ORIENTED_EDGE('',*,*,#4354,.F.);
#18231=ORIENTED_EDGE('',*,*,#3438,.F.);
#18232=ORIENTED_EDGE('',*,*,#3434,.F.);
#18233=CARTESIAN_POINT('',(-7.89000000000011,0.741000000000109,1.5));
#18234=DIRECTION('',(1.0,0.0,1.22460635382238E-016));
#18235=DIRECTION('',(0.0,-1.0,0.0));
#18236=DIRECTION('',(1.0,0.0,6.12303176911189E-017));
#18237=DIRECTION('',(0.0,1.0,0.0));
#18238=SURFACE_STYLE_FILL_AREA(#18902);
#18239=ORIENTED_EDGE('',*,*,#4878,.T.);
#18240=ORIENTED_EDGE('',*,*,#4668,.F.);
#18241=ORIENTED_EDGE('',*,*,#4580,.T.);
#18242=ORIENTED_EDGE('',*,*,#1988,.T.);
#18243=CARTESIAN_POINT('',(-10.285,0.150000000000105,-0.625000000000001));
#18244=DIRECTION('',(-6.12303176911189E-017,0.0,1.0));
#18245=DIRECTION('',(0.0,-1.0,0.0));
#18246=DIRECTION('',(-1.0,0.0,-6.12303176911189E-017));
#18247=SURFACE_STYLE_FILL_AREA(#18903);
#18248=ORIENTED_EDGE('',*,*,#3666,.T.);
#18249=ORIENTED_EDGE('',*,*,#4862,.F.);
#18250=ORIENTED_EDGE('',*,*,#3526,.T.);
#18251=ORIENTED_EDGE('',*,*,#4948,.T.);
#18252=CARTESIAN_POINT('',(8.56999999999966,0.587206387322199,0.16665));
#18253=DIRECTION('',(-1.0,0.0,-1.22460635382238E-016));
#18254=DIRECTION('',(0.0,1.0,0.0));
#18255=DIRECTION('',(1.22460635382238E-016,0.0,-1.0));
#18256=DIRECTION('',(1.22460635382238E-016,0.0,-1.0));
#18257=DIRECTION('',(-1.0,0.0,-6.12303176911189E-017));
#18258=DIRECTION('',(1.22460635382238E-016,0.0,-1.0));
#18259=DIRECTION('',(-1.22460635382238E-016,0.0,1.0));
#18260=DIRECTION('',(0.577350269189626,-0.577350269189626,0.577350269189626));
#18261=DIRECTION('',(-0.577350269189626,-0.577350269189626,-0.577350269189626));
#18262=SURFACE_STYLE_FILL_AREA(#18904);
#18263=ORIENTED_EDGE('',*,*,#5256,.T.);
#18264=ORIENTED_EDGE('',*,*,#4694,.F.);
#18265=ORIENTED_EDGE('',*,*,#3144,.T.);
#18266=ORIENTED_EDGE('',*,*,#2094,.T.);
#18267=CARTESIAN_POINT('',(-10.39,7.64999999999999,0.450000000000159));
#18268=DIRECTION('',(-6.12303176911189E-017,0.0,1.0));
#18269=DIRECTION('',(0.0,-1.0,0.0));
#18270=DIRECTION('',(-1.0,0.0,-1.22460635382238E-016));
#18271=DIRECTION('',(0.0,0.0,-1.0));
#18272=DIRECTION('',(-1.22460635382238E-016,0.0,1.0));
#18273=DIRECTION('',(-1.0,0.0,-1.22460635382238E-016));
#18274=DIRECTION('',(1.22460635382238E-016,0.0,-1.0));
#18275=DIRECTION('',(1.0,0.0,6.12303176911189E-017));
#18276=DIRECTION('',(-1.0,0.0,-6.12303176911189E-017));
#18277=SURFACE_STYLE_FILL_AREA(#18905);
#18278=ORIENTED_EDGE('',*,*,#3406,.T.);
#18279=ORIENTED_EDGE('',*,*,#4564,.T.);
#18280=ORIENTED_EDGE('',*,*,#3532,.T.);
#18281=ORIENTED_EDGE('',*,*,#3152,.T.);
#18282=ORIENTED_EDGE('',*,*,#4612,.T.);
#18283=ORIENTED_EDGE('',*,*,#4092,.F.);
#18284=ORIENTED_EDGE('',*,*,#2204,.F.);
#18285=ORIENTED_EDGE('',*,*,#4256,.F.);
#18286=CARTESIAN_POINT('',(-8.89,7.57,0.0));
#18287=DIRECTION('',(0.0,1.0,0.0));
#18288=DIRECTION('',(0.0,0.0,1.0));
#18289=DIRECTION('',(1.0,0.0,6.12303176911189E-017));
#18290=SURFACE_STYLE_FILL_AREA(#18906);
#18291=ORIENTED_EDGE('',*,*,#2952,.T.);
#18292=ORIENTED_EDGE('',*,*,#3558,.F.);
#18293=ORIENTED_EDGE('',*,*,#4562,.F.);
#18294=ORIENTED_EDGE('',*,*,#4100,.T.);
#18295=CARTESIAN_POINT('',(1.76029629553223,0.583544139276829,0.16665));
#18296=DIRECTION('',(-1.22460635382238E-016,0.0,1.0));
#18297=DIRECTION('',(-1.0,0.0,-1.22460635382238E-016));
#18298=SURFACE_STYLE_FILL_AREA(#18907);
#18299=ORIENTED_EDGE('',*,*,#5140,.F.);
#18300=ORIENTED_EDGE('',*,*,#2222,.F.);
#18301=ORIENTED_EDGE('',*,*,#5102,.T.);
#18302=ORIENTED_EDGE('',*,*,#2176,.F.);
#18303=ORIENTED_EDGE('',*,*,#4754,.F.);
#18304=ORIENTED_EDGE('',*,*,#4014,.F.);
#18305=CARTESIAN_POINT('',(1.72000000000016,7.65099999999999,1.5));
#18306=DIRECTION('',(1.0,0.0,1.22460635382238E-016));
#18307=DIRECTION('',(0.0,-1.0,0.0));
#18308=SURFACE_STYLE_FILL_AREA(#18908);
#18309=ORIENTED_EDGE('',*,*,#5294,.T.);
#18310=ORIENTED_EDGE('',*,*,#2930,.F.);
#18311=ORIENTED_EDGE('',*,*,#3200,.T.);
#18312=ORIENTED_EDGE('',*,*,#2026,.T.);
#18313=CARTESIAN_POINT('',(-10.285,0.599999999999994,0.624999999999999));
#18314=DIRECTION('',(6.12303176911189E-017,-2.52637417159153E-013,-1.0));
#18315=DIRECTION('',(1.54690693133187E-029,1.0,-2.52637417159153E-013));
#18316=DIRECTION('',(-1.0,0.0,-1.22460635382238E-016));
#18317=SURFACE_STYLE_FILL_AREA(#18909);
#18318=ORIENTED_EDGE('',*,*,#4736,.T.);
#18319=ORIENTED_EDGE('',*,*,#2632,.T.);
#18320=ORIENTED_EDGE('',*,*,#2722,.F.);
#18321=ORIENTED_EDGE('',*,*,#4672,.T.);
#18322=ORIENTED_EDGE('',*,*,#2870,.T.);
#18323=ORIENTED_EDGE('',*,*,#2254,.F.);
#18324=CARTESIAN_POINT('',(-10.39,7.99999999999996,0.450000000000159));
#18325=DIRECTION('',(-4.32963728535968E-017,-0.707106781186548,0.707106781186548));
#18326=DIRECTION('',(4.32963728535968E-017,-0.707106781186548,-0.707106781186548));
#18327=CARTESIAN_POINT('',(5.85970370446847,0.583544139278076,0.16665));
#18328=DIRECTION('',(1.22460635382238E-016,0.0,-1.0));
#18329=DIRECTION('',(-1.0,0.0,-1.22460635382238E-016));
#18330=DIRECTION('',(-0.577350269189626,-0.577350269189626,-0.577350269189626));
#18331=SURFACE_STYLE_FILL_AREA(#18910);
#18332=ORIENTED_EDGE('',*,*,#4644,.T.);
#18333=ORIENTED_EDGE('',*,*,#4664,.F.);
#18334=ORIENTED_EDGE('',*,*,#2972,.T.);
#18335=ORIENTED_EDGE('',*,*,#5094,.T.);
#18336=CARTESIAN_POINT('',(-10.285,0.150000000000105,-0.625000000000001));
#18337=DIRECTION('',(-6.12303176911189E-017,0.0,1.0));
#18338=DIRECTION('',(0.0,-1.0,0.0));
#18339=DIRECTION('',(1.0,0.0,6.12303176911189E-017));
#18340=DIRECTION('',(1.0,0.0,1.22460635382238E-016));
#18341=DIRECTION('',(-1.22460635382238E-016,0.0,1.0));
#18342=DIRECTION('',(1.0,0.0,6.12303176911189E-017));
#18343=DIRECTION('',(1.22460635382238E-016,0.0,-1.0));
#18344=DIRECTION('',(-1.22460635382238E-016,0.0,1.0));
#18345=DIRECTION('',(1.22460635382238E-016,0.0,-1.0));
#18346=SURFACE_STYLE_FILL_AREA(#18911);
#18347=ORIENTED_EDGE('',*,*,#3490,.T.);
#18348=ORIENTED_EDGE('',*,*,#5082,.T.);
#18349=ORIENTED_EDGE('',*,*,#4960,.T.);
#18350=ORIENTED_EDGE('',*,*,#4932,.T.);
#18351=ORIENTED_EDGE('',*,*,#2576,.F.);
#18352=ORIENTED_EDGE('',*,*,#1864,.F.);
#18353=ORIENTED_EDGE('',*,*,#3162,.F.);
#18354=ORIENTED_EDGE('',*,*,#5042,.F.);
#18355=ORIENTED_EDGE('',*,*,#2608,.F.);
#18356=ORIENTED_EDGE('',*,*,#3740,.F.);
#18357=ORIENTED_EDGE('',*,*,#1956,.F.);
#18358=ORIENTED_EDGE('',*,*,#4570,.F.);
#18359=ORIENTED_EDGE('',*,*,#3494,.F.);
#18360=ORIENTED_EDGE('',*,*,#3244,.F.);
#18361=ORIENTED_EDGE('',*,*,#3556,.F.);
#18362=ORIENTED_EDGE('',*,*,#4872,.F.);
#18363=ORIENTED_EDGE('',*,*,#4878,.F.);
#18364=ORIENTED_EDGE('',*,*,#2334,.F.);
#18365=CARTESIAN_POINT('',(2.81000000000079,0.741000000000222,1.5));
#18366=DIRECTION('',(-1.0,0.0,-1.22460635382238E-016));
#18367=DIRECTION('',(0.0,1.0,0.0));
#18368=DIRECTION('',(1.0,0.0,1.22460635382238E-016));
#18369=CARTESIAN_POINT('',(-0.779703704467767,0.583544139276829,0.16665));
#18370=DIRECTION('',(1.22460635382238E-016,0.0,-1.0));
#18371=DIRECTION('',(-1.0,0.0,-1.22460635382238E-016));
#18372=DIRECTION('',(0.0,-1.0,0.0));
#18373=DIRECTION('',(1.22460635382238E-016,0.0,-1.0));
#18374=DIRECTION('',(1.0,0.0,6.12303176911189E-017));
#18375=DIRECTION('',(1.22460635382238E-016,0.0,-1.0));
#18376=DIRECTION('',(0.0,1.0,0.0));
#18377=CARTESIAN_POINT('',(8.39970370446846,0.583544139278076,0.16665));
#18378=DIRECTION('',(1.22460635382238E-016,0.0,-1.0));
#18379=DIRECTION('',(-1.0,0.0,-1.22460635382238E-016));
#18380=DIRECTION('',(1.0,0.0,6.12303176911189E-017));
#18381=DIRECTION('',(-1.22460635382238E-016,0.0,1.0));
#18382=SURFACE_STYLE_FILL_AREA(#18912);
#18383=ORIENTED_EDGE('',*,*,#1912,.F.);
#18384=ORIENTED_EDGE('',*,*,#3360,.T.);
#18385=ORIENTED_EDGE('',*,*,#3868,.F.);
#18386=ORIENTED_EDGE('',*,*,#4054,.F.);
#18387=CARTESIAN_POINT('',(-7.66959917857106,1.90282814901086,0.16665));
#18388=DIRECTION('',(0.0,1.0,0.0));
#18389=DIRECTION('',(1.0,0.0,1.22460635382238E-016));
#18390=SURFACE_STYLE_FILL_AREA(#18913);
#18391=ORIENTED_EDGE('',*,*,#3534,.F.);
#18392=ORIENTED_EDGE('',*,*,#2712,.F.);
#18393=ORIENTED_EDGE('',*,*,#3964,.F.);
#18394=ORIENTED_EDGE('',*,*,#3916,.F.);
#18395=ORIENTED_EDGE('',*,*,#2952,.F.);
#18396=ORIENTED_EDGE('',*,*,#4608,.F.);
#18397=ORIENTED_EDGE('',*,*,#5228,.F.);
#18398=ORIENTED_EDGE('',*,*,#2556,.F.);
#18399=ORIENTED_EDGE('',*,*,#3314,.F.);
#18400=ORIENTED_EDGE('',*,*,#4834,.F.);
#18401=ORIENTED_EDGE('',*,*,#1828,.F.);
#18402=ORIENTED_EDGE('',*,*,#3812,.F.);
#18403=CARTESIAN_POINT('',(1.26456872468571,-0.136573772166789,-0.16665));
#18404=DIRECTION('',(1.22460635382238E-016,0.0,-1.0));
#18405=DIRECTION('',(-1.0,0.0,-1.22460635382238E-016));
#18406=DIRECTION('',(0.0,1.0,0.0));
#18407=CARTESIAN_POINT('',(10.285,0.150000000000105,-0.775000000000204));
#18408=DIRECTION('',(-1.0,0.0,-6.12303176911189E-017));
#18409=DIRECTION('',(6.12303176911189E-017,0.0,-1.0));
#18410=SURFACE_STYLE_FILL_AREA(#18914);
#18411=ORIENTED_EDGE('',*,*,#4034,.T.);
#18412=ORIENTED_EDGE('',*,*,#1998,.T.);
#18413=ORIENTED_EDGE('',*,*,#3044,.F.);
#18414=ORIENTED_EDGE('',*,*,#3620,.T.);
#18415=ORIENTED_EDGE('',*,*,#4336,.T.);
#18416=ORIENTED_EDGE('',*,*,#3318,.F.);
#18417=CARTESIAN_POINT('',(-2.77,7.99999999999996,0.450000000000159));
#18418=DIRECTION('',(-4.32963728535968E-017,-0.707106781186548,0.707106781186548));
#18419=DIRECTION('',(4.32963728535968E-017,-0.707106781186548,-0.707106781186548));
#18420=DIRECTION('',(1.22460635382238E-016,0.0,-1.0));
#18421=DIRECTION('',(0.0,-1.0,0.0));
#18422=DIRECTION('',(1.0,0.0,6.12303176911189E-017));
#18423=DIRECTION('',(-1.0,0.0,-6.12303176911189E-017));
#18424=DIRECTION('',(1.22460635382238E-016,0.0,-1.0));
#18425=CARTESIAN_POINT('',(5.3500000000008,0.149999999999778,0.775000000000091));
#18426=DIRECTION('',(-1.0,0.0,-1.22460635382238E-016));
#18427=DIRECTION('',(1.22460635382238E-016,0.0,-1.0));
#18428=DIRECTION('',(-1.0,0.0,-6.12303176911189E-017));
#18429=DIRECTION('',(1.0,0.0,6.12303176911189E-017));
#18430=DIRECTION('',(-8.65927457071936E-017,0.707106781186548,0.707106781186548));
#18431=DIRECTION('',(-1.22460635382238E-016,0.0,1.0));
#18432=DIRECTION('',(1.22460635382238E-016,0.0,-1.0));
#18433=DIRECTION('',(6.12303176911189E-017,0.0,-1.0));
#18434=DIRECTION('',(1.22460635382238E-016,0.0,-1.0));
#18435=DIRECTION('',(-1.0,0.0,-1.22460635382238E-016));
#18436=DIRECTION('',(0.0,-1.0,0.0));
#18437=DIRECTION('',(0.0,-1.0,0.0));
#18438=SURFACE_STYLE_FILL_AREA(#18915);
#18439=ORIENTED_EDGE('',*,*,#2364,.T.);
#18440=ORIENTED_EDGE('',*,*,#2988,.T.);
#18441=ORIENTED_EDGE('',*,*,#4460,.T.);
#18442=ORIENTED_EDGE('',*,*,#2188,.F.);
#18443=CARTESIAN_POINT('',(-2.77,7.64999999999999,0.999999999999886));
#18444=DIRECTION('',(0.0,1.0,0.0));
#18445=DIRECTION('',(-6.12303176911189E-017,0.0,1.0));
#18446=SURFACE_STYLE_FILL_AREA(#18916);
#18447=ORIENTED_EDGE('',*,*,#3656,.F.);
#18448=ORIENTED_EDGE('',*,*,#4974,.F.);
#18449=ORIENTED_EDGE('',*,*,#3198,.F.);
#18450=ORIENTED_EDGE('',*,*,#5184,.F.);
#18451=ORIENTED_EDGE('',*,*,#1860,.F.);
#18452=ORIENTED_EDGE('',*,*,#2570,.F.);
#18453=ORIENTED_EDGE('',*,*,#2752,.F.);
#18454=ORIENTED_EDGE('',*,*,#5038,.F.);
#18455=ORIENTED_EDGE('',*,*,#4166,.F.);
#18456=ORIENTED_EDGE('',*,*,#3666,.F.);
#18457=ORIENTED_EDGE('',*,*,#2942,.F.);
#18458=ORIENTED_EDGE('',*,*,#3092,.F.);
#18459=CARTESIAN_POINT('',(8.88456872468571,-0.136573772166789,-0.166649999999999));
#18460=DIRECTION('',(1.22460635382238E-016,0.0,-1.0));
#18461=DIRECTION('',(-1.0,0.0,-1.22460635382238E-016));
#18462=SURFACE_STYLE_FILL_AREA(#18917);
#18463=ORIENTED_EDGE('',*,*,#4756,.F.);
#18464=ORIENTED_EDGE('',*,*,#1850,.F.);
#18465=ORIENTED_EDGE('',*,*,#3140,.F.);
#18466=ORIENTED_EDGE('',*,*,#2992,.F.);
#18467=CARTESIAN_POINT('',(-5.89999999999984,8.00099999999996,1.5));
#18468=DIRECTION('',(0.707106781186548,-0.707106781186548,8.65927457071936E-017));
#18469=DIRECTION('',(-0.707106781186548,-0.707106781186548,-8.65927457071936E-017));
#18470=DIRECTION('',(1.22460635382238E-016,0.0,-1.0));
#18471=SURFACE_STYLE_FILL_AREA(#18918);
#18472=ORIENTED_EDGE('',*,*,#4142,.T.);
#18473=ORIENTED_EDGE('',*,*,#2118,.F.);
#18474=ORIENTED_EDGE('',*,*,#2764,.F.);
#18475=ORIENTED_EDGE('',*,*,#2014,.T.);
#18476=CARTESIAN_POINT('',(-4.30029629553154,0.583544139278076,0.16665));
#18477=DIRECTION('',(-1.22460635382238E-016,0.0,1.0));
#18478=DIRECTION('',(-1.0,0.0,-1.22460635382238E-016));
#18479=DIRECTION('',(1.0,0.0,6.12303176911189E-017));
#18480=SURFACE_STYLE_FILL_AREA(#18919);
#18481=ORIENTED_EDGE('',*,*,#2944,.T.);
#18482=ORIENTED_EDGE('',*,*,#2688,.F.);
#18483=ORIENTED_EDGE('',*,*,#4224,.F.);
#18484=ORIENTED_EDGE('',*,*,#4378,.T.);
#18485=CARTESIAN_POINT('',(3.31970370446846,0.583544139278076,0.16665));
#18486=DIRECTION('',(-1.22460635382238E-016,0.0,1.0));
#18487=DIRECTION('',(-1.0,0.0,-1.22460635382238E-016));
#18488=DIRECTION('',(-1.22460635382238E-016,0.0,1.0));
#18489=DIRECTION('',(1.0,0.0,6.12303176911189E-017));
#18490=DIRECTION('',(0.0,-1.0,0.0));
#18491=DIRECTION('',(-1.0,0.0,-1.22460635382238E-016));
#18492=DIRECTION('',(0.181547479456103,-0.983382180387227,2.22324196862382E-017));
#18493=CARTESIAN_POINT('',(-0.779703704467767,0.583544139276829,-0.16665));
#18494=DIRECTION('',(1.22460635382238E-016,0.0,-1.0));
#18495=DIRECTION('',(-1.0,0.0,-1.22460635382238E-016));
#18496=DIRECTION('',(1.0,0.0,1.22460635382238E-016));
#18497=DIRECTION('',(1.0,0.0,6.12303176911189E-017));
#18498=CARTESIAN_POINT('',(-9.8899999999992,0.150000000000105,-0.775000000000205));
#18499=DIRECTION('',(-1.0,0.0,-1.22460635382238E-016));
#18500=DIRECTION('',(1.22460635382238E-016,0.0,-1.0));
#18501=DIRECTION('',(1.22460635382238E-016,0.0,-1.0));
#18502=DIRECTION('',(0.0,1.0,0.0));
#18503=DIRECTION('',(0.0,1.0,0.0));
#18504=DIRECTION('',(1.0,0.0,6.12303176911189E-017));
#18505=DIRECTION('',(-1.0,0.0,-1.22460635382238E-016));
#18506=DIRECTION('',(0.181547479456103,0.983382180387227,2.22324196862382E-017));
#18507=DIRECTION('',(-1.22460635382238E-016,0.0,1.0));
#18508=DIRECTION('',(1.0,0.0,1.22460635382238E-016));
#18509=DIRECTION('',(1.0,0.0,6.12303176911189E-017));
#18510=DIRECTION('',(0.0,1.0,0.0));
#18511=DIRECTION('',(1.0,0.0,6.12303176911189E-017));
#18512=DIRECTION('',(-1.22460635382238E-016,0.0,1.0));
#18513=DIRECTION('',(1.0,0.0,6.12303176911189E-017));
#18514=DIRECTION('',(-3.09381386266373E-029,-1.0,2.52637417159153E-013));
#18515=DIRECTION('',(1.0,0.0,6.12303176911189E-017));
#18516=SURFACE_STYLE_FILL_AREA(#18920);
#18517=ORIENTED_EDGE('',*,*,#3920,.T.);
#18518=ORIENTED_EDGE('',*,*,#3174,.T.);
#18519=ORIENTED_EDGE('',*,*,#3310,.T.);
#18520=ORIENTED_EDGE('',*,*,#4374,.T.);
#18521=ORIENTED_EDGE('',*,*,#4304,.T.);
#18522=ORIENTED_EDGE('',*,*,#3446,.F.);
#18523=CARTESIAN_POINT('',(7.39,8.49999999999996,-0.949999999999931));
#18524=DIRECTION('',(4.32963728535968E-017,-0.707106781186548,-0.707106781186548));
#18525=DIRECTION('',(4.32963728535968E-017,0.707106781186548,-0.707106781186548));
#18526=SURFACE_STYLE_FILL_AREA(#18921);
#18527=ORIENTED_EDGE('',*,*,#5206,.T.);
#18528=ORIENTED_EDGE('',*,*,#5168,.F.);
#18529=ORIENTED_EDGE('',*,*,#3438,.T.);
#18530=ORIENTED_EDGE('',*,*,#4688,.T.);
#18531=CARTESIAN_POINT('',(-10.285,0.599999999999994,0.624999999999999));
#18532=DIRECTION('',(6.12303176911189E-017,-2.52637417159153E-013,-1.0));
#18533=DIRECTION('',(1.54690693133187E-029,1.0,-2.52637417159153E-013));
#18534=DIRECTION('',(-1.22460635382238E-016,0.0,1.0));
#18535=DIRECTION('',(1.22460635382238E-016,0.0,-1.0));
#18536=DIRECTION('',(0.181547479456103,0.983382180387227,2.22324196862382E-017));
#18537=SURFACE_STYLE_FILL_AREA(#18922);
#18538=ORIENTED_EDGE('',*,*,#3000,.F.);
#18539=ORIENTED_EDGE('',*,*,#4340,.F.);
#18540=ORIENTED_EDGE('',*,*,#2314,.T.);
#18541=ORIENTED_EDGE('',*,*,#3052,.T.);
#18542=CARTESIAN_POINT('',(6.83877934272298,0.753873053989039,0.16665));
#18543=DIRECTION('',(0.0,-1.0,0.0));
#18544=DIRECTION('',(-1.0,0.0,-1.22460635382238E-016));
#18545=SURFACE_STYLE_FILL_AREA(#18923);
#18546=ORIENTED_EDGE('',*,*,#1936,.F.);
#18547=ORIENTED_EDGE('',*,*,#4112,.F.);
#18548=ORIENTED_EDGE('',*,*,#4260,.T.);
#18549=ORIENTED_EDGE('',*,*,#3920,.F.);
#18550=CARTESIAN_POINT('',(7.94000000000007,8.50099999999996,1.5));
#18551=DIRECTION('',(-0.707106781186548,-0.707106781186548,-8.65927457071936E-017));
#18552=DIRECTION('',(-0.707106781186548,0.707106781186548,-8.65927457071936E-017));
#18553=DIRECTION('',(1.22460635382238E-016,0.0,-1.0));
#18554=SURFACE_STYLE_FILL_AREA(#18924);
#18555=ORIENTED_EDGE('',*,*,#1796,.T.);
#18556=ORIENTED_EDGE('',*,*,#4038,.F.);
#18557=ORIENTED_EDGE('',*,*,#2666,.T.);
#18558=ORIENTED_EDGE('',*,*,#4710,.T.);
#18559=CARTESIAN_POINT('',(6.02999999999966,-2.54999999999999,0.16665));
#18560=DIRECTION('',(-0.983382180387227,-0.181547479456103,-1.2042560663379E-016));
#18561=DIRECTION('',(-0.181547479456103,0.983382180387227,-2.22324196862382E-017));
#18562=DIRECTION('',(-0.181547479456103,0.983382180387227,-2.22324196862382E-017));
#18563=DIRECTION('',(1.22460635382238E-016,0.0,-1.0));
#18564=DIRECTION('',(0.0,1.0,0.0));
#18565=DIRECTION('',(-1.0,0.0,-1.22460635382238E-016));
#18566=SURFACE_STYLE_FILL_AREA(#18925);
#18567=ORIENTED_EDGE('',*,*,#4746,.T.);
#18568=ORIENTED_EDGE('',*,*,#2512,.F.);
#18569=ORIENTED_EDGE('',*,*,#3816,.T.);
#18570=ORIENTED_EDGE('',*,*,#2118,.T.);
#18571=CARTESIAN_POINT('',(-4.13000000000034,0.587206387322199,0.16665));
#18572=DIRECTION('',(-1.0,0.0,-1.22460635382238E-016));
#18573=DIRECTION('',(0.0,1.0,0.0));
#18574=DIRECTION('',(0.0,-1.0,0.0));
#18575=DIRECTION('',(-1.0,0.0,-1.22460635382238E-016));
#18576=SURFACE_STYLE_FILL_AREA(#18926);
#18577=ORIENTED_EDGE('',*,*,#3184,.T.);
#18578=ORIENTED_EDGE('',*,*,#3436,.F.);
#18579=ORIENTED_EDGE('',*,*,#3698,.T.);
#18580=ORIENTED_EDGE('',*,*,#2688,.T.);
#18581=CARTESIAN_POINT('',(3.48999999999966,0.587206387322199,0.16665));
#18582=DIRECTION('',(-1.0,0.0,-1.22460635382238E-016));
#18583=DIRECTION('',(0.0,1.0,0.0));
#18584=SURFACE_STYLE_FILL_AREA(#18927);
#18585=ORIENTED_EDGE('',*,*,#2416,.T.);
#18586=ORIENTED_EDGE('',*,*,#2784,.F.);
#18587=ORIENTED_EDGE('',*,*,#2012,.T.);
#18588=ORIENTED_EDGE('',*,*,#4372,.T.);
#18589=ORIENTED_EDGE('',*,*,#3056,.T.);
#18590=ORIENTED_EDGE('',*,*,#2706,.F.);
#18591=ORIENTED_EDGE('',*,*,#4678,.T.);
#18592=ORIENTED_EDGE('',*,*,#3850,.T.);
#18593=ORIENTED_EDGE('',*,*,#2576,.T.);
#18594=ORIENTED_EDGE('',*,*,#4146,.F.);
#18595=ORIENTED_EDGE('',*,*,#4400,.T.);
#18596=ORIENTED_EDGE('',*,*,#3888,.T.);
#18597=ORIENTED_EDGE('',*,*,#3858,.T.);
#18598=ORIENTED_EDGE('',*,*,#3186,.F.);
#18599=ORIENTED_EDGE('',*,*,#3018,.T.);
#18600=ORIENTED_EDGE('',*,*,#2824,.T.);
#18601=ORIENTED_EDGE('',*,*,#3902,.T.);
#18602=ORIENTED_EDGE('',*,*,#3010,.F.);
#18603=ORIENTED_EDGE('',*,*,#3228,.T.);
#18604=ORIENTED_EDGE('',*,*,#3194,.T.);
#18605=ORIENTED_EDGE('',*,*,#2418,.T.);
#18606=ORIENTED_EDGE('',*,*,#2234,.F.);
#18607=ORIENTED_EDGE('',*,*,#2936,.T.);
#18608=ORIENTED_EDGE('',*,*,#4500,.T.);
#18609=ORIENTED_EDGE('',*,*,#3230,.T.);
#18610=ORIENTED_EDGE('',*,*,#3650,.F.);
#18611=ORIENTED_EDGE('',*,*,#3956,.T.);
#18612=ORIENTED_EDGE('',*,*,#2912,.T.);
#18613=ORIENTED_EDGE('',*,*,#4226,.T.);
#18614=ORIENTED_EDGE('',*,*,#2306,.F.);
#18615=ORIENTED_EDGE('',*,*,#4442,.F.);
#18616=ORIENTED_EDGE('',*,*,#3086,.T.);
#18617=ORIENTED_EDGE('',*,*,#2804,.T.);
#18618=ORIENTED_EDGE('',*,*,#5204,.F.);
#18619=ORIENTED_EDGE('',*,*,#3818,.T.);
#18620=ORIENTED_EDGE('',*,*,#4956,.T.);
#18621=CARTESIAN_POINT('',(-10.285,0.0,-1.25));
#18622=DIRECTION('',(0.0,-1.0,0.0));
#18623=DIRECTION('',(6.12303176911189E-017,0.0,-1.0));
#18624=DIRECTION('',(1.0,0.0,6.12303176911189E-017));
#18625=DIRECTION('',(6.12303176911189E-017,0.0,-1.0));
#18626=DIRECTION('',(0.0,1.0,0.0));
#18627=DIRECTION('',(1.0,0.0,6.12303176911189E-017));
#18628=DIRECTION('',(1.0,0.0,1.22460635382238E-016));
#18629=DIRECTION('',(0.0,-1.0,0.0));
#18630=DIRECTION('',(-0.181547479456103,-0.983382180387227,-2.22324196862382E-017));
#18631=DIRECTION('',(1.22460635382238E-016,0.0,-1.0));
#18632=CARTESIAN_POINT('',(9.88999999999989,0.150000000000105,-0.775000000000204));
#18633=DIRECTION('',(1.0,0.0,1.22460635382238E-016));
#18634=DIRECTION('',(1.22460635382238E-016,0.0,-1.0));
#18635=DIRECTION('',(-3.09381386266373E-029,-1.0,2.52637417159153E-013));
#18636=DIRECTION('',(0.0,-1.0,0.0));
#18637=DIRECTION('',(0.0,-1.0,0.0));
#18638=FILL_AREA_STYLE('',(#18928));
#18639=FILL_AREA_STYLE('',(#18929));
#18640=FILL_AREA_STYLE('',(#18930));
#18641=FILL_AREA_STYLE('',(#18931));
#18642=FILL_AREA_STYLE('',(#18932));
#18643=FILL_AREA_STYLE('',(#18933));
#18644=FILL_AREA_STYLE('',(#18934));
#18645=FILL_AREA_STYLE('',(#18935));
#18646=FILL_AREA_STYLE('',(#18936));
#18647=FILL_AREA_STYLE('',(#18937));
#18648=FILL_AREA_STYLE('',(#18938));
#18649=FILL_AREA_STYLE('',(#18939));
#18650=FILL_AREA_STYLE('',(#18940));
#18651=FILL_AREA_STYLE('',(#18941));
#18652=FILL_AREA_STYLE('',(#18942));
#18653=FILL_AREA_STYLE('',(#18943));
#18654=FILL_AREA_STYLE('',(#18944));
#18655=FILL_AREA_STYLE('',(#18945));
#18656=FILL_AREA_STYLE('',(#18946));
#18657=FILL_AREA_STYLE('',(#18947));
#18658=FILL_AREA_STYLE('',(#18948));
#18659=FILL_AREA_STYLE('',(#18949));
#18660=FILL_AREA_STYLE('',(#18950));
#18661=FILL_AREA_STYLE('',(#18951));
#18662=FILL_AREA_STYLE('',(#18952));
#18663=FILL_AREA_STYLE('',(#18953));
#18664=FILL_AREA_STYLE('',(#18954));
#18665=FILL_AREA_STYLE('',(#18955));
#18666=FILL_AREA_STYLE('',(#18956));
#18667=FILL_AREA_STYLE('',(#18957));
#18668=FILL_AREA_STYLE('',(#18958));
#18669=FILL_AREA_STYLE('',(#18959));
#18670=FILL_AREA_STYLE('',(#18960));
#18671=FILL_AREA_STYLE('',(#18961));
#18672=FILL_AREA_STYLE('',(#18962));
#18673=FILL_AREA_STYLE('',(#18963));
#18674=FILL_AREA_STYLE('',(#18964));
#18675=FILL_AREA_STYLE('',(#18965));
#18676=FILL_AREA_STYLE('',(#18966));
#18677=FILL_AREA_STYLE('',(#18967));
#18678=FILL_AREA_STYLE('',(#18968));
#18679=FILL_AREA_STYLE('',(#18969));
#18680=FILL_AREA_STYLE('',(#18970));
#18681=FILL_AREA_STYLE('',(#18971));
#18682=FILL_AREA_STYLE('',(#18972));
#18683=FILL_AREA_STYLE('',(#18973));
#18684=FILL_AREA_STYLE('',(#18974));
#18685=FILL_AREA_STYLE('',(#18975));
#18686=FILL_AREA_STYLE('',(#18976));
#18687=FILL_AREA_STYLE('',(#18977));
#18688=FILL_AREA_STYLE('',(#18978));
#18689=FILL_AREA_STYLE('',(#18979));
#18690=FILL_AREA_STYLE('',(#18980));
#18691=FILL_AREA_STYLE('',(#18981));
#18692=FILL_AREA_STYLE('',(#18982));
#18693=FILL_AREA_STYLE('',(#18983));
#18694=FILL_AREA_STYLE('',(#18984));
#18695=FILL_AREA_STYLE('',(#18985));
#18696=FILL_AREA_STYLE('',(#18986));
#18697=FILL_AREA_STYLE('',(#18987));
#18698=FILL_AREA_STYLE('',(#18988));
#18699=FILL_AREA_STYLE('',(#18989));
#18700=FILL_AREA_STYLE('',(#18990));
#18701=FILL_AREA_STYLE('',(#18991));
#18702=FILL_AREA_STYLE('',(#18992));
#18703=FILL_AREA_STYLE('',(#18993));
#18704=FILL_AREA_STYLE('',(#18994));
#18705=FILL_AREA_STYLE('',(#18995));
#18706=FILL_AREA_STYLE('',(#18996));
#18707=FILL_AREA_STYLE('',(#18997));
#18708=FILL_AREA_STYLE('',(#18998));
#18709=FILL_AREA_STYLE('',(#18999));
#18710=FILL_AREA_STYLE('',(#19000));
#18711=FILL_AREA_STYLE('',(#19001));
#18712=FILL_AREA_STYLE('',(#19002));
#18713=FILL_AREA_STYLE('',(#19003));
#18714=FILL_AREA_STYLE('',(#19004));
#18715=FILL_AREA_STYLE('',(#19005));
#18716=FILL_AREA_STYLE('',(#19006));
#18717=FILL_AREA_STYLE('',(#19007));
#18718=FILL_AREA_STYLE('',(#19008));
#18719=FILL_AREA_STYLE('',(#19009));
#18720=FILL_AREA_STYLE('',(#19010));
#18721=FILL_AREA_STYLE('',(#19011));
#18722=FILL_AREA_STYLE('',(#19012));
#18723=FILL_AREA_STYLE('',(#19013));
#18724=FILL_AREA_STYLE('',(#19014));
#18725=FILL_AREA_STYLE('',(#19015));
#18726=FILL_AREA_STYLE('',(#19016));
#18727=FILL_AREA_STYLE('',(#19017));
#18728=FILL_AREA_STYLE('',(#19018));
#18729=FILL_AREA_STYLE('',(#19019));
#18730=FILL_AREA_STYLE('',(#19020));
#18731=FILL_AREA_STYLE('',(#19021));
#18732=FILL_AREA_STYLE('',(#19022));
#18733=FILL_AREA_STYLE('',(#19023));
#18734=FILL_AREA_STYLE('',(#19024));
#18735=FILL_AREA_STYLE('',(#19025));
#18736=FILL_AREA_STYLE('',(#19026));
#18737=FILL_AREA_STYLE('',(#19027));
#18738=FILL_AREA_STYLE('',(#19028));
#18739=FILL_AREA_STYLE('',(#19029));
#18740=FILL_AREA_STYLE('',(#19030));
#18741=FILL_AREA_STYLE('',(#19031));
#18742=FILL_AREA_STYLE('',(#19032));
#18743=FILL_AREA_STYLE('',(#19033));
#18744=FILL_AREA_STYLE('',(#19034));
#18745=FILL_AREA_STYLE('',(#19035));
#18746=FILL_AREA_STYLE('',(#19036));
#18747=FILL_AREA_STYLE('',(#19037));
#18748=FILL_AREA_STYLE('',(#19038));
#18749=FILL_AREA_STYLE('',(#19039));
#18750=FILL_AREA_STYLE('',(#19040));
#18751=FILL_AREA_STYLE('',(#19041));
#18752=FILL_AREA_STYLE('',(#19042));
#18753=FILL_AREA_STYLE('',(#19043));
#18754=FILL_AREA_STYLE('',(#19044));
#18755=FILL_AREA_STYLE('',(#19045));
#18756=FILL_AREA_STYLE('',(#19046));
#18757=FILL_AREA_STYLE('',(#19047));
#18758=FILL_AREA_STYLE('',(#19048));
#18759=FILL_AREA_STYLE('',(#19049));
#18760=FILL_AREA_STYLE('',(#19050));
#18761=FILL_AREA_STYLE('',(#19051));
#18762=FILL_AREA_STYLE('',(#19052));
#18763=FILL_AREA_STYLE('',(#19053));
#18764=FILL_AREA_STYLE('',(#19054));
#18765=FILL_AREA_STYLE('',(#19055));
#18766=FILL_AREA_STYLE('',(#19056));
#18767=FILL_AREA_STYLE('',(#19057));
#18768=FILL_AREA_STYLE('',(#19058));
#18769=FILL_AREA_STYLE('',(#19059));
#18770=FILL_AREA_STYLE('',(#19060));
#18771=FILL_AREA_STYLE('',(#19061));
#18772=FILL_AREA_STYLE('',(#19062));
#18773=FILL_AREA_STYLE('',(#19063));
#18774=FILL_AREA_STYLE('',(#19064));
#18775=FILL_AREA_STYLE('',(#19065));
#18776=FILL_AREA_STYLE('',(#19066));
#18777=FILL_AREA_STYLE('',(#19067));
#18778=FILL_AREA_STYLE('',(#19068));
#18779=FILL_AREA_STYLE('',(#19069));
#18780=FILL_AREA_STYLE('',(#19070));
#18781=FILL_AREA_STYLE('',(#19071));
#18782=FILL_AREA_STYLE('',(#19072));
#18783=FILL_AREA_STYLE('',(#19073));
#18784=FILL_AREA_STYLE('',(#19074));
#18785=FILL_AREA_STYLE('',(#19075));
#18786=FILL_AREA_STYLE('',(#19076));
#18787=FILL_AREA_STYLE('',(#19077));
#18788=FILL_AREA_STYLE('',(#19078));
#18789=FILL_AREA_STYLE('',(#19079));
#18790=FILL_AREA_STYLE('',(#19080));
#18791=FILL_AREA_STYLE('',(#19081));
#18792=FILL_AREA_STYLE('',(#19082));
#18793=FILL_AREA_STYLE('',(#19083));
#18794=FILL_AREA_STYLE('',(#19084));
#18795=FILL_AREA_STYLE('',(#19085));
#18796=FILL_AREA_STYLE('',(#19086));
#18797=FILL_AREA_STYLE('',(#19087));
#18798=FILL_AREA_STYLE('',(#19088));
#18799=FILL_AREA_STYLE('',(#19089));
#18800=FILL_AREA_STYLE('',(#19090));
#18801=FILL_AREA_STYLE('',(#19091));
#18802=FILL_AREA_STYLE('',(#19092));
#18803=FILL_AREA_STYLE('',(#19093));
#18804=FILL_AREA_STYLE('',(#19094));
#18805=FILL_AREA_STYLE('',(#19095));
#18806=FILL_AREA_STYLE('',(#19096));
#18807=FILL_AREA_STYLE('',(#19097));
#18808=FILL_AREA_STYLE('',(#19098));
#18809=FILL_AREA_STYLE('',(#19099));
#18810=FILL_AREA_STYLE('',(#19100));
#18811=FILL_AREA_STYLE('',(#19101));
#18812=FILL_AREA_STYLE('',(#19102));
#18813=FILL_AREA_STYLE('',(#19103));
#18814=FILL_AREA_STYLE('',(#19104));
#18815=FILL_AREA_STYLE('',(#19105));
#18816=FILL_AREA_STYLE('',(#19106));
#18817=FILL_AREA_STYLE('',(#19107));
#18818=FILL_AREA_STYLE('',(#19108));
#18819=FILL_AREA_STYLE('',(#19109));
#18820=FILL_AREA_STYLE('',(#19110));
#18821=FILL_AREA_STYLE('',(#19111));
#18822=FILL_AREA_STYLE('',(#19112));
#18823=FILL_AREA_STYLE('',(#19113));
#18824=FILL_AREA_STYLE('',(#19114));
#18825=FILL_AREA_STYLE('',(#19115));
#18826=FILL_AREA_STYLE('',(#19116));
#18827=FILL_AREA_STYLE('',(#19117));
#18828=FILL_AREA_STYLE('',(#19118));
#18829=FILL_AREA_STYLE('',(#19119));
#18830=FILL_AREA_STYLE('',(#19120));
#18831=FILL_AREA_STYLE('',(#19121));
#18832=FILL_AREA_STYLE('',(#19122));
#18833=FILL_AREA_STYLE('',(#19123));
#18834=FILL_AREA_STYLE('',(#19124));
#18835=FILL_AREA_STYLE('',(#19125));
#18836=FILL_AREA_STYLE('',(#19126));
#18837=FILL_AREA_STYLE('',(#19127));
#18838=FILL_AREA_STYLE('',(#19128));
#18839=FILL_AREA_STYLE('',(#19129));
#18840=FILL_AREA_STYLE('',(#19130));
#18841=FILL_AREA_STYLE('',(#19131));
#18842=FILL_AREA_STYLE('',(#19132));
#18843=FILL_AREA_STYLE('',(#19133));
#18844=FILL_AREA_STYLE('',(#19134));
#18845=FILL_AREA_STYLE('',(#19135));
#18846=FILL_AREA_STYLE('',(#19136));
#18847=FILL_AREA_STYLE('',(#19137));
#18848=FILL_AREA_STYLE('',(#19138));
#18849=FILL_AREA_STYLE('',(#19139));
#18850=FILL_AREA_STYLE('',(#19140));
#18851=FILL_AREA_STYLE('',(#19141));
#18852=FILL_AREA_STYLE('',(#19142));
#18853=FILL_AREA_STYLE('',(#19143));
#18854=FILL_AREA_STYLE('',(#19144));
#18855=FILL_AREA_STYLE('',(#19145));
#18856=FILL_AREA_STYLE('',(#19146));
#18857=FILL_AREA_STYLE('',(#19147));
#18858=FILL_AREA_STYLE('',(#19148));
#18859=FILL_AREA_STYLE('',(#19149));
#18860=FILL_AREA_STYLE('',(#19150));
#18861=FILL_AREA_STYLE('',(#19151));
#18862=FILL_AREA_STYLE('',(#19152));
#18863=FILL_AREA_STYLE('',(#19153));
#18864=FILL_AREA_STYLE('',(#19154));
#18865=FILL_AREA_STYLE('',(#19155));
#18866=FILL_AREA_STYLE('',(#19156));
#18867=FILL_AREA_STYLE('',(#19157));
#18868=FILL_AREA_STYLE('',(#19158));
#18869=FILL_AREA_STYLE('',(#19159));
#18870=FILL_AREA_STYLE('',(#19160));
#18871=FILL_AREA_STYLE('',(#19161));
#18872=FILL_AREA_STYLE('',(#19162));
#18873=FILL_AREA_STYLE('',(#19163));
#18874=FILL_AREA_STYLE('',(#19164));
#18875=FILL_AREA_STYLE('',(#19165));
#18876=FILL_AREA_STYLE('',(#19166));
#18877=FILL_AREA_STYLE('',(#19167));
#18878=FILL_AREA_STYLE('',(#19168));
#18879=FILL_AREA_STYLE('',(#19169));
#18880=FILL_AREA_STYLE('',(#19170));
#18881=FILL_AREA_STYLE('',(#19171));
#18882=FILL_AREA_STYLE('',(#19172));
#18883=FILL_AREA_STYLE('',(#19173));
#18884=FILL_AREA_STYLE('',(#19174));
#18885=FILL_AREA_STYLE('',(#19175));
#18886=FILL_AREA_STYLE('',(#19176));
#18887=FILL_AREA_STYLE('',(#19177));
#18888=FILL_AREA_STYLE('',(#19178));
#18889=FILL_AREA_STYLE('',(#19179));
#18890=FILL_AREA_STYLE('',(#19180));
#18891=FILL_AREA_STYLE('',(#19181));
#18892=FILL_AREA_STYLE('',(#19182));
#18893=FILL_AREA_STYLE('',(#19183));
#18894=FILL_AREA_STYLE('',(#19184));
#18895=FILL_AREA_STYLE('',(#19185));
#18896=FILL_AREA_STYLE('',(#19186));
#18897=FILL_AREA_STYLE('',(#19187));
#18898=FILL_AREA_STYLE('',(#19188));
#18899=FILL_AREA_STYLE('',(#19189));
#18900=FILL_AREA_STYLE('',(#19190));
#18901=FILL_AREA_STYLE('',(#19191));
#18902=FILL_AREA_STYLE('',(#19192));
#18903=FILL_AREA_STYLE('',(#19193));
#18904=FILL_AREA_STYLE('',(#19194));
#18905=FILL_AREA_STYLE('',(#19195));
#18906=FILL_AREA_STYLE('',(#19196));
#18907=FILL_AREA_STYLE('',(#19197));
#18908=FILL_AREA_STYLE('',(#19198));
#18909=FILL_AREA_STYLE('',(#19199));
#18910=FILL_AREA_STYLE('',(#19200));
#18911=FILL_AREA_STYLE('',(#19201));
#18912=FILL_AREA_STYLE('',(#19202));
#18913=FILL_AREA_STYLE('',(#19203));
#18914=FILL_AREA_STYLE('',(#19204));
#18915=FILL_AREA_STYLE('',(#19205));
#18916=FILL_AREA_STYLE('',(#19206));
#18917=FILL_AREA_STYLE('',(#19207));
#18918=FILL_AREA_STYLE('',(#19208));
#18919=FILL_AREA_STYLE('',(#19209));
#18920=FILL_AREA_STYLE('',(#19210));
#18921=FILL_AREA_STYLE('',(#19211));
#18922=FILL_AREA_STYLE('',(#19212));
#18923=FILL_AREA_STYLE('',(#19213));
#18924=FILL_AREA_STYLE('',(#19214));
#18925=FILL_AREA_STYLE('',(#19215));
#18926=FILL_AREA_STYLE('',(#19216));
#18927=FILL_AREA_STYLE('',(#19217));
#18928=FILL_AREA_STYLE_COLOUR('',#19218);
#18929=FILL_AREA_STYLE_COLOUR('',#19219);
#18930=FILL_AREA_STYLE_COLOUR('',#19220);
#18931=FILL_AREA_STYLE_COLOUR('',#19221);
#18932=FILL_AREA_STYLE_COLOUR('',#19222);
#18933=FILL_AREA_STYLE_COLOUR('',#19223);
#18934=FILL_AREA_STYLE_COLOUR('',#19224);
#18935=FILL_AREA_STYLE_COLOUR('',#19225);
#18936=FILL_AREA_STYLE_COLOUR('',#19226);
#18937=FILL_AREA_STYLE_COLOUR('',#19227);
#18938=FILL_AREA_STYLE_COLOUR('',#19228);
#18939=FILL_AREA_STYLE_COLOUR('',#19229);
#18940=FILL_AREA_STYLE_COLOUR('',#19230);
#18941=FILL_AREA_STYLE_COLOUR('',#19231);
#18942=FILL_AREA_STYLE_COLOUR('',#19232);
#18943=FILL_AREA_STYLE_COLOUR('',#19233);
#18944=FILL_AREA_STYLE_COLOUR('',#19234);
#18945=FILL_AREA_STYLE_COLOUR('',#19235);
#18946=FILL_AREA_STYLE_COLOUR('',#19236);
#18947=FILL_AREA_STYLE_COLOUR('',#19237);
#18948=FILL_AREA_STYLE_COLOUR('',#19238);
#18949=FILL_AREA_STYLE_COLOUR('',#19239);
#18950=FILL_AREA_STYLE_COLOUR('',#19240);
#18951=FILL_AREA_STYLE_COLOUR('',#19241);
#18952=FILL_AREA_STYLE_COLOUR('',#19242);
#18953=FILL_AREA_STYLE_COLOUR('',#19243);
#18954=FILL_AREA_STYLE_COLOUR('',#19244);
#18955=FILL_AREA_STYLE_COLOUR('',#19245);
#18956=FILL_AREA_STYLE_COLOUR('',#19246);
#18957=FILL_AREA_STYLE_COLOUR('',#19247);
#18958=FILL_AREA_STYLE_COLOUR('',#19248);
#18959=FILL_AREA_STYLE_COLOUR('',#19249);
#18960=FILL_AREA_STYLE_COLOUR('',#19250);
#18961=FILL_AREA_STYLE_COLOUR('',#19251);
#18962=FILL_AREA_STYLE_COLOUR('',#19252);
#18963=FILL_AREA_STYLE_COLOUR('',#19253);
#18964=FILL_AREA_STYLE_COLOUR('',#19254);
#18965=FILL_AREA_STYLE_COLOUR('',#19255);
#18966=FILL_AREA_STYLE_COLOUR('',#19256);
#18967=FILL_AREA_STYLE_COLOUR('',#19257);
#18968=FILL_AREA_STYLE_COLOUR('',#19258);
#18969=FILL_AREA_STYLE_COLOUR('',#19259);
#18970=FILL_AREA_STYLE_COLOUR('',#19260);
#18971=FILL_AREA_STYLE_COLOUR('',#19261);
#18972=FILL_AREA_STYLE_COLOUR('',#19262);
#18973=FILL_AREA_STYLE_COLOUR('',#19263);
#18974=FILL_AREA_STYLE_COLOUR('',#19264);
#18975=FILL_AREA_STYLE_COLOUR('',#19265);
#18976=FILL_AREA_STYLE_COLOUR('',#19266);
#18977=FILL_AREA_STYLE_COLOUR('',#19267);
#18978=FILL_AREA_STYLE_COLOUR('',#19268);
#18979=FILL_AREA_STYLE_COLOUR('',#19269);
#18980=FILL_AREA_STYLE_COLOUR('',#19270);
#18981=FILL_AREA_STYLE_COLOUR('',#19271);
#18982=FILL_AREA_STYLE_COLOUR('',#19272);
#18983=FILL_AREA_STYLE_COLOUR('',#19273);
#18984=FILL_AREA_STYLE_COLOUR('',#19274);
#18985=FILL_AREA_STYLE_COLOUR('',#19275);
#18986=FILL_AREA_STYLE_COLOUR('',#19276);
#18987=FILL_AREA_STYLE_COLOUR('',#19277);
#18988=FILL_AREA_STYLE_COLOUR('',#19278);
#18989=FILL_AREA_STYLE_COLOUR('',#19279);
#18990=FILL_AREA_STYLE_COLOUR('',#19280);
#18991=FILL_AREA_STYLE_COLOUR('',#19281);
#18992=FILL_AREA_STYLE_COLOUR('',#19282);
#18993=FILL_AREA_STYLE_COLOUR('',#19283);
#18994=FILL_AREA_STYLE_COLOUR('',#19284);
#18995=FILL_AREA_STYLE_COLOUR('',#19285);
#18996=FILL_AREA_STYLE_COLOUR('',#19286);
#18997=FILL_AREA_STYLE_COLOUR('',#19287);
#18998=FILL_AREA_STYLE_COLOUR('',#19288);
#18999=FILL_AREA_STYLE_COLOUR('',#19289);
#19000=FILL_AREA_STYLE_COLOUR('',#19290);
#19001=FILL_AREA_STYLE_COLOUR('',#19291);
#19002=FILL_AREA_STYLE_COLOUR('',#19292);
#19003=FILL_AREA_STYLE_COLOUR('',#19293);
#19004=FILL_AREA_STYLE_COLOUR('',#19294);
#19005=FILL_AREA_STYLE_COLOUR('',#19295);
#19006=FILL_AREA_STYLE_COLOUR('',#19296);
#19007=FILL_AREA_STYLE_COLOUR('',#19297);
#19008=FILL_AREA_STYLE_COLOUR('',#19298);
#19009=FILL_AREA_STYLE_COLOUR('',#19299);
#19010=FILL_AREA_STYLE_COLOUR('',#19300);
#19011=FILL_AREA_STYLE_COLOUR('',#19301);
#19012=FILL_AREA_STYLE_COLOUR('',#19302);
#19013=FILL_AREA_STYLE_COLOUR('',#19303);
#19014=FILL_AREA_STYLE_COLOUR('',#19304);
#19015=FILL_AREA_STYLE_COLOUR('',#19305);
#19016=FILL_AREA_STYLE_COLOUR('',#19306);
#19017=FILL_AREA_STYLE_COLOUR('',#19307);
#19018=FILL_AREA_STYLE_COLOUR('',#19308);
#19019=FILL_AREA_STYLE_COLOUR('',#19309);
#19020=FILL_AREA_STYLE_COLOUR('',#19310);
#19021=FILL_AREA_STYLE_COLOUR('',#19311);
#19022=FILL_AREA_STYLE_COLOUR('',#19312);
#19023=FILL_AREA_STYLE_COLOUR('',#19313);
#19024=FILL_AREA_STYLE_COLOUR('',#19314);
#19025=FILL_AREA_STYLE_COLOUR('',#19315);
#19026=FILL_AREA_STYLE_COLOUR('',#19316);
#19027=FILL_AREA_STYLE_COLOUR('',#19317);
#19028=FILL_AREA_STYLE_COLOUR('',#19318);
#19029=FILL_AREA_STYLE_COLOUR('',#19319);
#19030=FILL_AREA_STYLE_COLOUR('',#19320);
#19031=FILL_AREA_STYLE_COLOUR('',#19321);
#19032=FILL_AREA_STYLE_COLOUR('',#19322);
#19033=FILL_AREA_STYLE_COLOUR('',#19323);
#19034=FILL_AREA_STYLE_COLOUR('',#19324);
#19035=FILL_AREA_STYLE_COLOUR('',#19325);
#19036=FILL_AREA_STYLE_COLOUR('',#19326);
#19037=FILL_AREA_STYLE_COLOUR('',#19327);
#19038=FILL_AREA_STYLE_COLOUR('',#19328);
#19039=FILL_AREA_STYLE_COLOUR('',#19329);
#19040=FILL_AREA_STYLE_COLOUR('',#19330);
#19041=FILL_AREA_STYLE_COLOUR('',#19331);
#19042=FILL_AREA_STYLE_COLOUR('',#19332);
#19043=FILL_AREA_STYLE_COLOUR('',#19333);
#19044=FILL_AREA_STYLE_COLOUR('',#19334);
#19045=FILL_AREA_STYLE_COLOUR('',#19335);
#19046=FILL_AREA_STYLE_COLOUR('',#19336);
#19047=FILL_AREA_STYLE_COLOUR('',#19337);
#19048=FILL_AREA_STYLE_COLOUR('',#19338);
#19049=FILL_AREA_STYLE_COLOUR('',#19339);
#19050=FILL_AREA_STYLE_COLOUR('',#19340);
#19051=FILL_AREA_STYLE_COLOUR('',#19341);
#19052=FILL_AREA_STYLE_COLOUR('',#19342);
#19053=FILL_AREA_STYLE_COLOUR('',#19343);
#19054=FILL_AREA_STYLE_COLOUR('',#19344);
#19055=FILL_AREA_STYLE_COLOUR('',#19345);
#19056=FILL_AREA_STYLE_COLOUR('',#19346);
#19057=FILL_AREA_STYLE_COLOUR('',#19347);
#19058=FILL_AREA_STYLE_COLOUR('',#19348);
#19059=FILL_AREA_STYLE_COLOUR('',#19349);
#19060=FILL_AREA_STYLE_COLOUR('',#19350);
#19061=FILL_AREA_STYLE_COLOUR('',#19351);
#19062=FILL_AREA_STYLE_COLOUR('',#19352);
#19063=FILL_AREA_STYLE_COLOUR('',#19353);
#19064=FILL_AREA_STYLE_COLOUR('',#19354);
#19065=FILL_AREA_STYLE_COLOUR('',#19355);
#19066=FILL_AREA_STYLE_COLOUR('',#19356);
#19067=FILL_AREA_STYLE_COLOUR('',#19357);
#19068=FILL_AREA_STYLE_COLOUR('',#19358);
#19069=FILL_AREA_STYLE_COLOUR('',#19359);
#19070=FILL_AREA_STYLE_COLOUR('',#19360);
#19071=FILL_AREA_STYLE_COLOUR('',#19361);
#19072=FILL_AREA_STYLE_COLOUR('',#19362);
#19073=FILL_AREA_STYLE_COLOUR('',#19363);
#19074=FILL_AREA_STYLE_COLOUR('',#19364);
#19075=FILL_AREA_STYLE_COLOUR('',#19365);
#19076=FILL_AREA_STYLE_COLOUR('',#19366);
#19077=FILL_AREA_STYLE_COLOUR('',#19367);
#19078=FILL_AREA_STYLE_COLOUR('',#19368);
#19079=FILL_AREA_STYLE_COLOUR('',#19369);
#19080=FILL_AREA_STYLE_COLOUR('',#19370);
#19081=FILL_AREA_STYLE_COLOUR('',#19371);
#19082=FILL_AREA_STYLE_COLOUR('',#19372);
#19083=FILL_AREA_STYLE_COLOUR('',#19373);
#19084=FILL_AREA_STYLE_COLOUR('',#19374);
#19085=FILL_AREA_STYLE_COLOUR('',#19375);
#19086=FILL_AREA_STYLE_COLOUR('',#19376);
#19087=FILL_AREA_STYLE_COLOUR('',#19377);
#19088=FILL_AREA_STYLE_COLOUR('',#19378);
#19089=FILL_AREA_STYLE_COLOUR('',#19379);
#19090=FILL_AREA_STYLE_COLOUR('',#19380);
#19091=FILL_AREA_STYLE_COLOUR('',#19381);
#19092=FILL_AREA_STYLE_COLOUR('',#19382);
#19093=FILL_AREA_STYLE_COLOUR('',#19383);
#19094=FILL_AREA_STYLE_COLOUR('',#19384);
#19095=FILL_AREA_STYLE_COLOUR('',#19385);
#19096=FILL_AREA_STYLE_COLOUR('',#19386);
#19097=FILL_AREA_STYLE_COLOUR('',#19387);
#19098=FILL_AREA_STYLE_COLOUR('',#19388);
#19099=FILL_AREA_STYLE_COLOUR('',#19389);
#19100=FILL_AREA_STYLE_COLOUR('',#19390);
#19101=FILL_AREA_STYLE_COLOUR('',#19391);
#19102=FILL_AREA_STYLE_COLOUR('',#19392);
#19103=FILL_AREA_STYLE_COLOUR('',#19393);
#19104=FILL_AREA_STYLE_COLOUR('',#19394);
#19105=FILL_AREA_STYLE_COLOUR('',#19395);
#19106=FILL_AREA_STYLE_COLOUR('',#19396);
#19107=FILL_AREA_STYLE_COLOUR('',#19397);
#19108=FILL_AREA_STYLE_COLOUR('',#19398);
#19109=FILL_AREA_STYLE_COLOUR('',#19399);
#19110=FILL_AREA_STYLE_COLOUR('',#19400);
#19111=FILL_AREA_STYLE_COLOUR('',#19401);
#19112=FILL_AREA_STYLE_COLOUR('',#19402);
#19113=FILL_AREA_STYLE_COLOUR('',#19403);
#19114=FILL_AREA_STYLE_COLOUR('',#19404);
#19115=FILL_AREA_STYLE_COLOUR('',#19405);
#19116=FILL_AREA_STYLE_COLOUR('',#19406);
#19117=FILL_AREA_STYLE_COLOUR('',#19407);
#19118=FILL_AREA_STYLE_COLOUR('',#19408);
#19119=FILL_AREA_STYLE_COLOUR('',#19409);
#19120=FILL_AREA_STYLE_COLOUR('',#19410);
#19121=FILL_AREA_STYLE_COLOUR('',#19411);
#19122=FILL_AREA_STYLE_COLOUR('',#19412);
#19123=FILL_AREA_STYLE_COLOUR('',#19413);
#19124=FILL_AREA_STYLE_COLOUR('',#19414);
#19125=FILL_AREA_STYLE_COLOUR('',#19415);
#19126=FILL_AREA_STYLE_COLOUR('',#19416);
#19127=FILL_AREA_STYLE_COLOUR('',#19417);
#19128=FILL_AREA_STYLE_COLOUR('',#19418);
#19129=FILL_AREA_STYLE_COLOUR('',#19419);
#19130=FILL_AREA_STYLE_COLOUR('',#19420);
#19131=FILL_AREA_STYLE_COLOUR('',#19421);
#19132=FILL_AREA_STYLE_COLOUR('',#19422);
#19133=FILL_AREA_STYLE_COLOUR('',#19423);
#19134=FILL_AREA_STYLE_COLOUR('',#19424);
#19135=FILL_AREA_STYLE_COLOUR('',#19425);
#19136=FILL_AREA_STYLE_COLOUR('',#19426);
#19137=FILL_AREA_STYLE_COLOUR('',#19427);
#19138=FILL_AREA_STYLE_COLOUR('',#19428);
#19139=FILL_AREA_STYLE_COLOUR('',#19429);
#19140=FILL_AREA_STYLE_COLOUR('',#19430);
#19141=FILL_AREA_STYLE_COLOUR('',#19431);
#19142=FILL_AREA_STYLE_COLOUR('',#19432);
#19143=FILL_AREA_STYLE_COLOUR('',#19433);
#19144=FILL_AREA_STYLE_COLOUR('',#19434);
#19145=FILL_AREA_STYLE_COLOUR('',#19435);
#19146=FILL_AREA_STYLE_COLOUR('',#19436);
#19147=FILL_AREA_STYLE_COLOUR('',#19437);
#19148=FILL_AREA_STYLE_COLOUR('',#19438);
#19149=FILL_AREA_STYLE_COLOUR('',#19439);
#19150=FILL_AREA_STYLE_COLOUR('',#19440);
#19151=FILL_AREA_STYLE_COLOUR('',#19441);
#19152=FILL_AREA_STYLE_COLOUR('',#19442);
#19153=FILL_AREA_STYLE_COLOUR('',#19443);
#19154=FILL_AREA_STYLE_COLOUR('',#19444);
#19155=FILL_AREA_STYLE_COLOUR('',#19445);
#19156=FILL_AREA_STYLE_COLOUR('',#19446);
#19157=FILL_AREA_STYLE_COLOUR('',#19447);
#19158=FILL_AREA_STYLE_COLOUR('',#19448);
#19159=FILL_AREA_STYLE_COLOUR('',#19449);
#19160=FILL_AREA_STYLE_COLOUR('',#19450);
#19161=FILL_AREA_STYLE_COLOUR('',#19451);
#19162=FILL_AREA_STYLE_COLOUR('',#19452);
#19163=FILL_AREA_STYLE_COLOUR('',#19453);
#19164=FILL_AREA_STYLE_COLOUR('',#19454);
#19165=FILL_AREA_STYLE_COLOUR('',#19455);
#19166=FILL_AREA_STYLE_COLOUR('',#19456);
#19167=FILL_AREA_STYLE_COLOUR('',#19457);
#19168=FILL_AREA_STYLE_COLOUR('',#19458);
#19169=FILL_AREA_STYLE_COLOUR('',#19459);
#19170=FILL_AREA_STYLE_COLOUR('',#19460);
#19171=FILL_AREA_STYLE_COLOUR('',#19461);
#19172=FILL_AREA_STYLE_COLOUR('',#19462);
#19173=FILL_AREA_STYLE_COLOUR('',#19463);
#19174=FILL_AREA_STYLE_COLOUR('',#19464);
#19175=FILL_AREA_STYLE_COLOUR('',#19465);
#19176=FILL_AREA_STYLE_COLOUR('',#19466);
#19177=FILL_AREA_STYLE_COLOUR('',#19467);
#19178=FILL_AREA_STYLE_COLOUR('',#19468);
#19179=FILL_AREA_STYLE_COLOUR('',#19469);
#19180=FILL_AREA_STYLE_COLOUR('',#19470);
#19181=FILL_AREA_STYLE_COLOUR('',#19471);
#19182=FILL_AREA_STYLE_COLOUR('',#19472);
#19183=FILL_AREA_STYLE_COLOUR('',#19473);
#19184=FILL_AREA_STYLE_COLOUR('',#19474);
#19185=FILL_AREA_STYLE_COLOUR('',#19475);
#19186=FILL_AREA_STYLE_COLOUR('',#19476);
#19187=FILL_AREA_STYLE_COLOUR('',#19477);
#19188=FILL_AREA_STYLE_COLOUR('',#19478);
#19189=FILL_AREA_STYLE_COLOUR('',#19479);
#19190=FILL_AREA_STYLE_COLOUR('',#19480);
#19191=FILL_AREA_STYLE_COLOUR('',#19481);
#19192=FILL_AREA_STYLE_COLOUR('',#19482);
#19193=FILL_AREA_STYLE_COLOUR('',#19483);
#19194=FILL_AREA_STYLE_COLOUR('',#19484);
#19195=FILL_AREA_STYLE_COLOUR('',#19485);
#19196=FILL_AREA_STYLE_COLOUR('',#19486);
#19197=FILL_AREA_STYLE_COLOUR('',#19487);
#19198=FILL_AREA_STYLE_COLOUR('',#19488);
#19199=FILL_AREA_STYLE_COLOUR('',#19489);
#19200=FILL_AREA_STYLE_COLOUR('',#19490);
#19201=FILL_AREA_STYLE_COLOUR('',#19491);
#19202=FILL_AREA_STYLE_COLOUR('',#19492);
#19203=FILL_AREA_STYLE_COLOUR('',#19493);
#19204=FILL_AREA_STYLE_COLOUR('',#19494);
#19205=FILL_AREA_STYLE_COLOUR('',#19495);
#19206=FILL_AREA_STYLE_COLOUR('',#19496);
#19207=FILL_AREA_STYLE_COLOUR('',#19497);
#19208=FILL_AREA_STYLE_COLOUR('',#19498);
#19209=FILL_AREA_STYLE_COLOUR('',#19499);
#19210=FILL_AREA_STYLE_COLOUR('',#19500);
#19211=FILL_AREA_STYLE_COLOUR('',#19501);
#19212=FILL_AREA_STYLE_COLOUR('',#19502);
#19213=FILL_AREA_STYLE_COLOUR('',#19503);
#19214=FILL_AREA_STYLE_COLOUR('',#19504);
#19215=FILL_AREA_STYLE_COLOUR('',#19505);
#19216=FILL_AREA_STYLE_COLOUR('',#19506);
#19217=FILL_AREA_STYLE_COLOUR('',#19507);
#19218=COLOUR_RGB('',0.0,0.0,0.0);
#19219=COLOUR_RGB('',0.87058824300766,0.87058824300766,0.87058824300766);
#19220=COLOUR_RGB('',0.0,0.0,0.0);
#19221=COLOUR_RGB('',0.0,0.0,0.0);
#19222=COLOUR_RGB('',0.0,0.0,0.0);
#19223=COLOUR_RGB('',0.87058824300766,0.87058824300766,0.87058824300766);
#19224=COLOUR_RGB('',0.87058824300766,0.87058824300766,0.87058824300766);
#19225=COLOUR_RGB('',0.0,0.0,0.0);
#19226=COLOUR_RGB('',0.0,0.0,0.0);
#19227=COLOUR_RGB('',0.0,0.0,0.0);
#19228=COLOUR_RGB('',0.0,0.0,0.0);
#19229=COLOUR_RGB('',0.87058824300766,0.87058824300766,0.87058824300766);
#19230=COLOUR_RGB('',0.87058824300766,0.87058824300766,0.87058824300766);
#19231=COLOUR_RGB('',0.0,0.0,0.0);
#19232=COLOUR_RGB('',0.0,0.0,0.0);
#19233=COLOUR_RGB('',0.0,0.0,0.0);
#19234=COLOUR_RGB('',0.0,0.0,0.0);
#19235=COLOUR_RGB('',0.0,0.0,0.0);
#19236=COLOUR_RGB('',0.87058824300766,0.87058824300766,0.87058824300766);
#19237=COLOUR_RGB('',0.0,0.0,0.0);
#19238=COLOUR_RGB('',0.0,0.0,0.0);
#19239=COLOUR_RGB('',0.87058824300766,0.87058824300766,0.87058824300766);
#19240=COLOUR_RGB('',0.0,0.0,0.0);
#19241=COLOUR_RGB('',0.87058824300766,0.87058824300766,0.87058824300766);
#19242=COLOUR_RGB('',0.87058824300766,0.87058824300766,0.87058824300766);
#19243=COLOUR_RGB('',0.0,0.0,0.0);
#19244=COLOUR_RGB('',1.0,0.0,0.0);
#19245=COLOUR_RGB('',0.0,0.0,0.0);
#19246=COLOUR_RGB('',0.0,0.0,0.0);
#19247=COLOUR_RGB('',0.0,0.0,0.0);
#19248=COLOUR_RGB('',0.0,0.0,0.0);
#19249=COLOUR_RGB('',0.0,0.0,0.0);
#19250=COLOUR_RGB('',0.87058824300766,0.87058824300766,0.87058824300766);
#19251=COLOUR_RGB('',0.0,0.0,0.0);
#19252=COLOUR_RGB('',0.87058824300766,0.87058824300766,0.87058824300766);
#19253=COLOUR_RGB('',0.0,0.0,0.0);
#19254=COLOUR_RGB('',0.0,0.0,0.0);
#19255=COLOUR_RGB('',0.0,0.0,0.0);
#19256=COLOUR_RGB('',0.0,0.0,0.0);
#19257=COLOUR_RGB('',0.0,0.0,0.0);
#19258=COLOUR_RGB('',0.87058824300766,0.87058824300766,0.87058824300766);
#19259=COLOUR_RGB('',0.0,0.0,0.0);
#19260=COLOUR_RGB('',0.0,0.0,0.0);
#19261=COLOUR_RGB('',0.0,0.0,0.0);
#19262=COLOUR_RGB('',0.87058824300766,0.87058824300766,0.87058824300766);
#19263=COLOUR_RGB('',0.0,0.0,0.0);
#19264=COLOUR_RGB('',0.0,0.0,0.0);
#19265=COLOUR_RGB('',0.87058824300766,0.87058824300766,0.87058824300766);
#19266=COLOUR_RGB('',0.0,0.0,0.0);
#19267=COLOUR_RGB('',0.87058824300766,0.87058824300766,0.87058824300766);
#19268=COLOUR_RGB('',0.87058824300766,0.87058824300766,0.87058824300766);
#19269=COLOUR_RGB('',0.0,0.0,0.0);
#19270=COLOUR_RGB('',0.0,0.0,0.0);
#19271=COLOUR_RGB('',0.0,0.0,0.0);
#19272=COLOUR_RGB('',0.87058824300766,0.87058824300766,0.87058824300766);
#19273=COLOUR_RGB('',0.0,0.0,0.0);
#19274=COLOUR_RGB('',0.0,0.0,0.0);
#19275=COLOUR_RGB('',0.0,0.0,0.0);
#19276=COLOUR_RGB('',0.87058824300766,0.87058824300766,0.87058824300766);
#19277=COLOUR_RGB('',0.87058824300766,0.87058824300766,0.87058824300766);
#19278=COLOUR_RGB('',0.0,0.0,0.0);
#19279=COLOUR_RGB('',0.87058824300766,0.87058824300766,0.87058824300766);
#19280=COLOUR_RGB('',0.87058824300766,0.87058824300766,0.87058824300766);
#19281=COLOUR_RGB('',0.87058824300766,0.87058824300766,0.87058824300766);
#19282=COLOUR_RGB('',0.87058824300766,0.87058824300766,0.87058824300766);
#19283=COLOUR_RGB('',0.87058824300766,0.87058824300766,0.87058824300766);
#19284=COLOUR_RGB('',0.0,0.0,0.0);
#19285=COLOUR_RGB('',0.0,0.0,0.0);
#19286=COLOUR_RGB('',0.0,0.0,0.0);
#19287=COLOUR_RGB('',0.87058824300766,0.87058824300766,0.87058824300766);
#19288=COLOUR_RGB('',0.0,0.0,0.0);
#19289=COLOUR_RGB('',1.0,0.0,0.0);
#19290=COLOUR_RGB('',0.0,0.0,0.0);
#19291=COLOUR_RGB('',0.0,0.0,0.0);
#19292=COLOUR_RGB('',0.0,0.0,0.0);
#19293=COLOUR_RGB('',0.87058824300766,0.87058824300766,0.87058824300766);
#19294=COLOUR_RGB('',0.0,0.0,0.0);
#19295=COLOUR_RGB('',0.0,0.0,0.0);
#19296=COLOUR_RGB('',0.0,0.0,0.0);
#19297=COLOUR_RGB('',0.0,0.0,0.0);
#19298=COLOUR_RGB('',0.87058824300766,0.87058824300766,0.87058824300766);
#19299=COLOUR_RGB('',0.0,0.0,0.0);
#19300=COLOUR_RGB('',0.87058824300766,0.87058824300766,0.87058824300766);
#19301=COLOUR_RGB('',0.0,0.0,0.0);
#19302=COLOUR_RGB('',0.87058824300766,0.87058824300766,0.87058824300766);
#19303=COLOUR_RGB('',0.0,0.0,0.0);
#19304=COLOUR_RGB('',0.87058824300766,0.87058824300766,0.87058824300766);
#19305=COLOUR_RGB('',0.87058824300766,0.87058824300766,0.87058824300766);
#19306=COLOUR_RGB('',0.0,0.0,0.0);
#19307=COLOUR_RGB('',0.0,0.0,0.0);
#19308=COLOUR_RGB('',0.0,0.0,0.0);
#19309=COLOUR_RGB('',0.0,0.0,0.0);
#19310=COLOUR_RGB('',0.0,0.0,0.0);
#19311=COLOUR_RGB('',0.0,0.0,0.0);
#19312=COLOUR_RGB('',0.87058824300766,0.87058824300766,0.87058824300766);
#19313=COLOUR_RGB('',0.0,0.0,0.0);
#19314=COLOUR_RGB('',0.0,0.0,0.0);
#19315=COLOUR_RGB('',0.0,0.0,0.0);
#19316=COLOUR_RGB('',0.87058824300766,0.87058824300766,0.87058824300766);
#19317=COLOUR_RGB('',0.0,0.0,0.0);
#19318=COLOUR_RGB('',1.0,0.0,0.0);
#19319=COLOUR_RGB('',0.0,0.0,0.0);
#19320=COLOUR_RGB('',0.87058824300766,0.87058824300766,0.87058824300766);
#19321=COLOUR_RGB('',0.87058824300766,0.87058824300766,0.87058824300766);
#19322=COLOUR_RGB('',0.0,0.0,0.0);
#19323=COLOUR_RGB('',0.0,0.0,0.0);
#19324=COLOUR_RGB('',0.87058824300766,0.87058824300766,0.87058824300766);
#19325=COLOUR_RGB('',0.87058824300766,0.87058824300766,0.87058824300766);
#19326=COLOUR_RGB('',0.0,0.0,0.0);
#19327=COLOUR_RGB('',0.0,0.0,0.0);
#19328=COLOUR_RGB('',0.87058824300766,0.87058824300766,0.87058824300766);
#19329=COLOUR_RGB('',0.87058824300766,0.87058824300766,0.87058824300766);
#19330=COLOUR_RGB('',0.87058824300766,0.87058824300766,0.87058824300766);
#19331=COLOUR_RGB('',0.87058824300766,0.87058824300766,0.87058824300766);
#19332=COLOUR_RGB('',0.0,0.0,0.0);
#19333=COLOUR_RGB('',0.0,0.0,0.0);
#19334=COLOUR_RGB('',0.0,0.0,0.0);
#19335=COLOUR_RGB('',0.0,0.0,0.0);
#19336=COLOUR_RGB('',0.0,0.0,0.0);
#19337=COLOUR_RGB('',0.87058824300766,0.87058824300766,0.87058824300766);
#19338=COLOUR_RGB('',0.87058824300766,0.87058824300766,0.87058824300766);
#19339=COLOUR_RGB('',0.87058824300766,0.87058824300766,0.87058824300766);
#19340=COLOUR_RGB('',0.87058824300766,0.87058824300766,0.87058824300766);
#19341=COLOUR_RGB('',0.0,0.0,0.0);
#19342=COLOUR_RGB('',0.0,0.0,0.0);
#19343=COLOUR_RGB('',0.87058824300766,0.87058824300766,0.87058824300766);
#19344=COLOUR_RGB('',0.0,0.0,0.0);
#19345=COLOUR_RGB('',0.0,0.0,0.0);
#19346=COLOUR_RGB('',1.0,0.0,0.0);
#19347=COLOUR_RGB('',0.0,0.0,0.0);
#19348=COLOUR_RGB('',0.0,0.0,0.0);
#19349=COLOUR_RGB('',0.0,0.0,0.0);
#19350=COLOUR_RGB('',1.0,0.0,0.0);
#19351=COLOUR_RGB('',0.0,0.0,0.0);
#19352=COLOUR_RGB('',0.0,0.0,0.0);
#19353=COLOUR_RGB('',0.0,0.0,0.0);
#19354=COLOUR_RGB('',0.0,0.0,0.0);
#19355=COLOUR_RGB('',0.0,0.0,0.0);
#19356=COLOUR_RGB('',0.0,0.0,0.0);
#19357=COLOUR_RGB('',0.0,0.0,0.0);
#19358=COLOUR_RGB('',0.0,0.0,0.0);
#19359=COLOUR_RGB('',0.0,0.0,0.0);
#19360=COLOUR_RGB('',0.0,0.0,0.0);
#19361=COLOUR_RGB('',0.87058824300766,0.87058824300766,0.87058824300766);
#19362=COLOUR_RGB('',0.0,0.0,0.0);
#19363=COLOUR_RGB('',0.0,0.0,0.0);
#19364=COLOUR_RGB('',0.0,0.0,0.0);
#19365=COLOUR_RGB('',0.87058824300766,0.87058824300766,0.87058824300766);
#19366=COLOUR_RGB('',0.87058824300766,0.87058824300766,0.87058824300766);
#19367=COLOUR_RGB('',0.0,0.0,0.0);
#19368=COLOUR_RGB('',0.0,0.0,0.0);
#19369=COLOUR_RGB('',0.0,0.0,0.0);
#19370=COLOUR_RGB('',0.87058824300766,0.87058824300766,0.87058824300766);
#19371=COLOUR_RGB('',0.0,0.0,0.0);
#19372=COLOUR_RGB('',0.0,0.0,0.0);
#19373=COLOUR_RGB('',0.0,0.0,0.0);
#19374=COLOUR_RGB('',0.87058824300766,0.87058824300766,0.87058824300766);
#19375=COLOUR_RGB('',0.87058824300766,0.87058824300766,0.87058824300766);
#19376=COLOUR_RGB('',0.87058824300766,0.87058824300766,0.87058824300766);
#19377=COLOUR_RGB('',0.87058824300766,0.87058824300766,0.87058824300766);
#19378=COLOUR_RGB('',0.87058824300766,0.87058824300766,0.87058824300766);
#19379=COLOUR_RGB('',0.0,0.0,0.0);
#19380=COLOUR_RGB('',0.0,0.0,0.0);
#19381=COLOUR_RGB('',0.87058824300766,0.87058824300766,0.87058824300766);
#19382=COLOUR_RGB('',0.0,0.0,0.0);
#19383=COLOUR_RGB('',0.0,0.0,0.0);
#19384=COLOUR_RGB('',0.0,0.0,0.0);
#19385=COLOUR_RGB('',0.0,0.0,0.0);
#19386=COLOUR_RGB('',0.0,0.0,0.0);
#19387=COLOUR_RGB('',0.87058824300766,0.87058824300766,0.87058824300766);
#19388=COLOUR_RGB('',0.0,0.0,0.0);
#19389=COLOUR_RGB('',0.0,0.0,0.0);
#19390=COLOUR_RGB('',0.87058824300766,0.87058824300766,0.87058824300766);
#19391=COLOUR_RGB('',0.0,0.0,0.0);
#19392=COLOUR_RGB('',0.87058824300766,0.87058824300766,0.87058824300766);
#19393=COLOUR_RGB('',0.87058824300766,0.87058824300766,0.87058824300766);
#19394=COLOUR_RGB('',0.87058824300766,0.87058824300766,0.87058824300766);
#19395=COLOUR_RGB('',0.0,0.0,0.0);
#19396=COLOUR_RGB('',0.0,0.0,0.0);
#19397=COLOUR_RGB('',0.87058824300766,0.87058824300766,0.87058824300766);
#19398=COLOUR_RGB('',0.0,0.0,0.0);
#19399=COLOUR_RGB('',0.0,0.0,0.0);
#19400=COLOUR_RGB('',0.0,0.0,0.0);
#19401=COLOUR_RGB('',0.0,0.0,0.0);
#19402=COLOUR_RGB('',0.87058824300766,0.87058824300766,0.87058824300766);
#19403=COLOUR_RGB('',0.0,0.0,0.0);
#19404=COLOUR_RGB('',0.87058824300766,0.87058824300766,0.87058824300766);
#19405=COLOUR_RGB('',0.0,0.0,0.0);
#19406=COLOUR_RGB('',0.0,0.0,0.0);
#19407=COLOUR_RGB('',0.87058824300766,0.87058824300766,0.87058824300766);
#19408=COLOUR_RGB('',0.87058824300766,0.87058824300766,0.87058824300766);
#19409=COLOUR_RGB('',0.0,0.0,0.0);
#19410=COLOUR_RGB('',0.0,0.0,0.0);
#19411=COLOUR_RGB('',0.0,0.0,0.0);
#19412=COLOUR_RGB('',0.0,0.0,0.0);
#19413=COLOUR_RGB('',0.0,0.0,0.0);
#19414=COLOUR_RGB('',0.0,0.0,0.0);
#19415=COLOUR_RGB('',0.0,0.0,0.0);
#19416=COLOUR_RGB('',0.0,0.0,0.0);
#19417=COLOUR_RGB('',0.0,0.0,0.0);
#19418=COLOUR_RGB('',0.0,0.0,0.0);
#19419=COLOUR_RGB('',0.0,0.0,0.0);
#19420=COLOUR_RGB('',0.0,0.0,0.0);
#19421=COLOUR_RGB('',0.0,0.0,0.0);
#19422=COLOUR_RGB('',0.0,0.0,0.0);
#19423=COLOUR_RGB('',0.0,0.0,0.0);
#19424=COLOUR_RGB('',0.0,0.0,0.0);
#19425=COLOUR_RGB('',0.0,0.0,0.0);
#19426=COLOUR_RGB('',0.0,0.0,0.0);
#19427=COLOUR_RGB('',0.87058824300766,0.87058824300766,0.87058824300766);
#19428=COLOUR_RGB('',0.0,0.0,0.0);
#19429=COLOUR_RGB('',0.0,0.0,0.0);
#19430=COLOUR_RGB('',0.87058824300766,0.87058824300766,0.87058824300766);
#19431=COLOUR_RGB('',0.0,0.0,0.0);
#19432=COLOUR_RGB('',1.0,0.0,0.0);
#19433=COLOUR_RGB('',0.0,0.0,0.0);
#19434=COLOUR_RGB('',0.87058824300766,0.87058824300766,0.87058824300766);
#19435=COLOUR_RGB('',0.87058824300766,0.87058824300766,0.87058824300766);
#19436=COLOUR_RGB('',1.0,0.0,0.0);
#19437=COLOUR_RGB('',0.0,0.0,0.0);
#19438=COLOUR_RGB('',0.0,0.0,0.0);
#19439=COLOUR_RGB('',1.0,0.0,0.0);
#19440=COLOUR_RGB('',0.87058824300766,0.87058824300766,0.87058824300766);
#19441=COLOUR_RGB('',0.0,0.0,0.0);
#19442=COLOUR_RGB('',0.0,0.0,0.0);
#19443=COLOUR_RGB('',0.87058824300766,0.87058824300766,0.87058824300766);
#19444=COLOUR_RGB('',0.0,0.0,0.0);
#19445=COLOUR_RGB('',0.87058824300766,0.87058824300766,0.87058824300766);
#19446=COLOUR_RGB('',0.87058824300766,0.87058824300766,0.87058824300766);
#19447=COLOUR_RGB('',0.87058824300766,0.87058824300766,0.87058824300766);
#19448=COLOUR_RGB('',0.0,0.0,0.0);
#19449=COLOUR_RGB('',0.0,0.0,0.0);
#19450=COLOUR_RGB('',0.87058824300766,0.87058824300766,0.87058824300766);
#19451=COLOUR_RGB('',0.0,0.0,0.0);
#19452=COLOUR_RGB('',0.0,0.0,0.0);
#19453=COLOUR_RGB('',0.0,0.0,0.0);
#19454=COLOUR_RGB('',0.87058824300766,0.87058824300766,0.87058824300766);
#19455=COLOUR_RGB('',0.87058824300766,0.87058824300766,0.87058824300766);
#19456=COLOUR_RGB('',0.0,0.0,0.0);
#19457=COLOUR_RGB('',0.87058824300766,0.87058824300766,0.87058824300766);
#19458=COLOUR_RGB('',0.0,0.0,0.0);
#19459=COLOUR_RGB('',1.0,0.0,0.0);
#19460=COLOUR_RGB('',0.87058824300766,0.87058824300766,0.87058824300766);
#19461=COLOUR_RGB('',0.0,0.0,0.0);
#19462=COLOUR_RGB('',0.87058824300766,0.87058824300766,0.87058824300766);
#19463=COLOUR_RGB('',0.0,0.0,0.0);
#19464=COLOUR_RGB('',0.0,0.0,0.0);
#19465=COLOUR_RGB('',0.0,0.0,0.0);
#19466=COLOUR_RGB('',0.0,0.0,0.0);
#19467=COLOUR_RGB('',0.0,0.0,0.0);
#19468=COLOUR_RGB('',0.0,0.0,0.0);
#19469=COLOUR_RGB('',0.0,0.0,0.0);
#19470=COLOUR_RGB('',0.0,0.0,0.0);
#19471=COLOUR_RGB('',0.87058824300766,0.87058824300766,0.87058824300766);
#19472=COLOUR_RGB('',0.87058824300766,0.87058824300766,0.87058824300766);
#19473=COLOUR_RGB('',0.0,0.0,0.0);
#19474=COLOUR_RGB('',0.0,0.0,0.0);
#19475=COLOUR_RGB('',0.0,0.0,0.0);
#19476=COLOUR_RGB('',0.87058824300766,0.87058824300766,0.87058824300766);
#19477=COLOUR_RGB('',0.0,0.0,0.0);
#19478=COLOUR_RGB('',0.87058824300766,0.87058824300766,0.87058824300766);
#19479=COLOUR_RGB('',0.0,0.0,0.0);
#19480=COLOUR_RGB('',0.0,0.0,0.0);
#19481=COLOUR_RGB('',0.0,0.0,0.0);
#19482=COLOUR_RGB('',0.0,0.0,0.0);
#19483=COLOUR_RGB('',0.87058824300766,0.87058824300766,0.87058824300766);
#19484=COLOUR_RGB('',0.0,0.0,0.0);
#19485=COLOUR_RGB('',1.0,0.0,0.0);
#19486=COLOUR_RGB('',0.87058824300766,0.87058824300766,0.87058824300766);
#19487=COLOUR_RGB('',0.0,0.0,0.0);
#19488=COLOUR_RGB('',0.0,0.0,0.0);
#19489=COLOUR_RGB('',0.0,0.0,0.0);
#19490=COLOUR_RGB('',0.0,0.0,0.0);
#19491=COLOUR_RGB('',0.0,0.0,0.0);
#19492=COLOUR_RGB('',0.87058824300766,0.87058824300766,0.87058824300766);
#19493=COLOUR_RGB('',0.87058824300766,0.87058824300766,0.87058824300766);
#19494=COLOUR_RGB('',0.0,0.0,0.0);
#19495=COLOUR_RGB('',0.0,0.0,0.0);
#19496=COLOUR_RGB('',0.87058824300766,0.87058824300766,0.87058824300766);
#19497=COLOUR_RGB('',0.0,0.0,0.0);
#19498=COLOUR_RGB('',0.87058824300766,0.87058824300766,0.87058824300766);
#19499=COLOUR_RGB('',0.87058824300766,0.87058824300766,0.87058824300766);
#19500=COLOUR_RGB('',0.0,0.0,0.0);
#19501=COLOUR_RGB('',0.0,0.0,0.0);
#19502=COLOUR_RGB('',0.87058824300766,0.87058824300766,0.87058824300766);
#19503=COLOUR_RGB('',0.0,0.0,0.0);
#19504=COLOUR_RGB('',0.87058824300766,0.87058824300766,0.87058824300766);
#19505=COLOUR_RGB('',0.87058824300766,0.87058824300766,0.87058824300766);
#19506=COLOUR_RGB('',0.87058824300766,0.87058824300766,0.87058824300766);
#19507=COLOUR_RGB('',0.0,0.0,0.0);
ENDSEC;
END-ISO-10303-21;
