ISO-10303-21;
HEADER;
FILE_DESCRIPTION(('STEP AP214'),'1');
FILE_NAME('C:/TPO v2/SharedFS/Outgoing/female_header_a-bl254-eg-g06d.stp','2014-07-23T06:13:44',('TraceParts'),('TraceParts S.A.'),'XStep 1.0',' ',' ');
FILE_SCHEMA(('automotive_design'));
ENDSEC;
DATA;
#1=MECHANICAL_DESIGN_GEOMETRIC_PRESENTATION_REPRESENTATION(' ',(#10,#11,#12,#13,#14,#15,#16,#17,#18,#19,#20,#21,#22,#23,#24,#25,#26,#27,#28,#29,#30,#31,#32,#33,#34,#35,#36,#37,#38,#39,#40,#41,#42,#43,#44,#45,#46,#47,#48,#49,#50,#51,#52,#53,#54,#55,#56,#57,#58,#59,#60,#61,#62,#63,#64,#65,#66,#67,#68,#69,#70,#71,#72,#73,#74,#75,#76,#77,#78,#79,#80,#81,#82,#83,#84,#85,#86,#87,#88,#89,#90,#91,#92,#93,#94,#95,#96,#97,#98,#99,#100,#101,#102,#103,#104,#105,#106,#107,#108,#109,#110,#111,#112,#113,#114,#115,#116,#117,#118,#119,#120,#121,#122,#123,#124,#125,#126,#127,#128,#129,#130,#131,#132,#133,#134,#135,#136,#137,#138,#139,#140,#141,#142,#143,#144,#145,#146,#147,#148,#149,#150,#151,#152,#153,#154,#155,#156,#157,#158,#159,#160,#161,#162,#163,#164,#165,#166,#167,#168,#169,#170,#171,#172,#173,#174,#175,#176,#177,#178,#179,#180,#181,#182,#183,#184,#185,#186,#187,#188,#189,#190,#191,#192,#193,#194,#195,#196,#197,#198,#199,#200,#201,#202,#203,#204,#205,#206,#207,#208,#209,#210,#211,#212,#213,#214,#215,#216,#217,#218,#219,#220,#221,#222,#223,#224,#225,#226,#227,#228,#229,#230,#231,#232,#233,#234,#235,#236,#237,#238,#239,#240,#241,#242,#243,#244,#245,#246,#247,#248,#249,#250,#251,#252,#253,#254,#255,#256,#257,#258,#259,#260,#261,#262,#263,#264,#265,#266,#267,#268,#269,#270,#271,#272,#273,#274,#275,#276,#277,#278,#279,#280,#281,#282,#283,#284,#285,#286,#287,#288,#289,#290,#291,#292,#293,#294,#295,#296,#297,#298,#299,#300,#301,#302,#303,#304,#305,#306,#307,#308,#309,#310,#311,#312,#313,#314,#315,#316,#317,#318,#319,#320,#321,#322,#323,#324,#325,#326,#327,#328,#329,#330,#331,#332,#333,#334,#335,#336,#337,#338,#339,#340,#341,#342,#343,#344,#345,#346,#347,#348,#349,#350,#351,#352,#353,#354,#355,#356,#357,#358,#359,#360,#361,#362,#363,#364,#365,#366,#367,#368,#369,#370,#371,#372,#373,#374,#375,#376,#377,#378,#379,#380,#381,#382,#383,#384,#385,#386,#387,#388,#389,#390,#391,#392,#393,#394,#395,#396,#397,#398,#399,#400,#401,#402,#403,#404,#405,#406,#407,#408,#409,#410,#411,#412,#413,#414,#415,#416,#417,#418,#419,#420,#421,#422,#423,#424,#425,#426,#427,#428,#429,#430,#431,#432,#433,#434,#435,#436,#437,#438,#439,#440,#441,#442,#443,#444,#445,#446,#447,#448,#449,#450,#451,#452,#453,#454,#455,#456,#457,#458,#459,#460,#461,#462,#463,#464,#465,#466,#467,#468,#469,#470,#471,#472,#473,#474,#475,#476,#477,#478,#479,#480,#481,#482,#483,#484,#485,#486,#487,#488,#489,#490,#491,#492,#493,#494,#495,#496,#497,#498,#499,#500,#501,#502,#503,#504,#505,#506,#507,#508,#509,#510,#511,#512,#513,#514,#515,#516,#517,#518,#519,#520,#521,#522,#523,#524,#525,#526,#527,#528,#529,#530,#531,#532,#533,#534,#535,#536,#537,#538,#539,#540,#541,#542,#543,#544,#545,#546,#547,#548,#549,#550,#551,#552,#553,#554,#555,#556,#557,#558,#559,#560,#561,#562,#563,#564,#565,#566,#567,#568,#569,#570,#571,#572,#573,#574,#575,#576,#577,#578,#579,#580,#581,#582,#583,#584,#585,#586,#587,#588,#589,#590,#591,#592,#593,#594,#595,#596,#597,#598,#599,#600,#601,#602,#603,#604,#605,#606,#607,#608,#609,#610,#611,#612,#613,#614,#615,#616,#617,#618,#619,#620,#621,#622,#623,#624,#625,#626,#627,#628,#629,#630,#631,#632,#633,#634,#635,#636,#637,#638,#639,#640,#641,#642,#643,#644,#645,#646,#647,#648,#649,#650,#651,#652,#653,#654,#655,#656,#657,#658,#659,#660,#661,#662,#663,#664,#665,#666,#667,#668,#669,#670,#671,#672,#673,#674,#675,#676,#677,#678,#679,#680,#681,#682,#683,#684,#685,#686,#687,#688,#689,#690,#691,#692,#693,#694,#695,#696,#697,#698,#699,#700,#701,#702,#703,#704,#705,#706,#707,#708,#709,#710,#711,#712,#713,#714,#715,#716,#717,#718,#719,#720,#721,#722,#723,#724,#725,#726,#727,#728,#729,#730,#731,#732,#733,#734,#735,#736,#737,#738,#739,#740,#741,#742,#743,#744,#745,#746,#747,#748,#749,#750,#751,#752,#753,#754,#755,#756,#757,#758,#759,#760,#761,#762,#763,#764,#765,#766,#767,#768,#769,#770,#771,#772,#773,#774,#775,#776,#777,#778,#779,#780,#781,#782,#783,#784,#785,#786,#787,#788,#789,#790,#791,#792,#793,#794,#795,#796,#797,#798,#799,#800,#801,#802,#803,#804,#805,#806,#807,#808,#809,#810,#811,#812,#813,#814,#815,#816,#817,#818,#819,#820,#821,#822,#823,#824,#825,#826,#827,#828,#829,#830,#831,#832,#833,#834,#835,#836,#837,#838,#839,#840,#841,#842,#843,#844,#845,#846,#847,#848,#849,#850,#851,#852,#853,#854,#855,#856,#857,#858,#859,#860,#861,#862,#863,#864,#865,#866,#867,#868,#869,#870,#871,#872,#873,#874,#875,#876,#877,#878,#879,#880,#881,#882,#883,#884,#885,#886,#887,#888,#889,#890,#891,#892,#893,#894,#895,#896,#897,#898,#899,#900,#901,#902,#903,#904,#905,#906,#907,#908,#909,#910,#911,#912,#913,#914,#915,#916,#917,#918,#919,#920,#921,#922,#923,#924,#925,#926,#927,#928,#929,#930,#931,#932,#933,#934,#935,#936,#937,#938,#939,#940,#941,#942,#943,#944,#945,#946,#947,#948,#949,#950,#951,#952,#953,#954,#955,#956,#957,#958,#959,#960,#961,#962,#963,#964,#965,#966,#967,#968,#969,#970,#971,#972,#973,#974,#975,#976,#977,#978,#979,#980,#981,#982,#983,#984,#985,#986,#987,#988,#989,#990,#991,#992,#993,#994,#995,#996,#997,#998,#999,#1000,#1001,#1002,#1003,#1004,#1005,#1006,#1007,#1008,#1009,#1010,#1011,#1012,#1013,#1014,#1015,#1016,#1017,#1018,#1019,#1020,#1021,#1022,#1023,#1024,#1025,#1026,#1027,#1028,#1029,#1030,#1031,#1032,#1033,#1034,#1035,#1036,#1037,#1038,#1039,#1040,#1041,#1042,#1043,#1044,#1045,#1046,#1047,#1048,#1049,#1050,#1051,#1052,#1053,#1054,#1055,#1056,#1057,#1058,#1059,#1060,#1061,#1062,#1063,#1064,#1065,#1066,#1067,#1068,#1069,#1070,#1071,#1072,#1073,#1074,#1075,#1076,#1077,#1078,#1079,#1080,#1081,#1082,#1083,#1084,#1085,#1086,#1087,#1088,#1089,#1090,#1091,#1092,#1093,#1094,#1095,#1096,#1097,#1098,#1099,#1100,#1101,#1102,#1103,#1104,#1105,#1106,#1107,#1108,#1109,#1110,#1111,#1112,#1113,#1114,#1115,#1116,#1117,#1118,#1119,#1120,#1121,#1122,#1123,#1124,#1125,#1126,#1127,#1128,#1129,#1130,#1131,#1132,#1133,#1134,#1135,#1136,#1137,#1138,#1139,#1140,#1141,#1142,#1143,#1144,#1145,#1146,#1147,#1148,#1149,#1150,#1151,#1152,#1153,#1154,#1155,#1156,#1157,#1158,#1159,#1160,#1161,#1162,#1163,#1164,#1165,#1166,#1167,#1168,#1169,#1170,#1171,#1172,#1173,#1174,#1175,#1176,#1177,#1178,#1179,#1180,#1181,#1182,#1183,#1184,#1185,#1186,#1187,#1188,#1189,#1190,#1191,#1192,#1193,#1194,#1195,#1196,#1197,#1198,#1199,#1200,#1201,#1202,#1203,#1204,#1205,#1206,#1207,#1208,#1209,#1210,#1211,#1212,#1213,#1214,#1215,#1216,#1217,#1218,#1219,#1220,#1221,#1222,#1223,#1224,#1225,#1226,#1227,#1228,#1229,#1230,#1231,#1232,#1233,#1234,#1235,#1236,#1237,#1238,#1239,#1240,#1241,#1242,#1243,#1244,#1245,#1246,#1247,#1248,#1249,#1250,#1251,#1252,#1253,#1254,#1255,#1256,#1257,#1258,#1259,#1260,#1261,#1262,#1263,#1264,#1265,#1266,#1267,#1268,#1269,#1270,#1271,#1272,#1273,#1274,#1275,#1276,#1277,#1278,#1279,#1280,#1281,#1282,#1283,#1284,#1285,#1286,#1287,#1288,#1289,#1290,#1291,#1292,#1293,#1294,#1295,#1296,#1297,#1298,#1299,#1300,#1301,#1302,#1303,#1304,#1305,#1306,#1307,#1308,#1309,#1310,#1311,#1312,#1313,#1314,#1315,#1316,#1317,#1318,#1319,#1320,#1321,#1322,#1323,#1324,#1325,#1326,#1327,#1328,#1329,#1330,#1331,#1332,#1333,#1334,#1335,#1336,#1337,#1338,#1339,#1340,#1341,#1342,#1343,#1344,#1345,#1346,#1347,#1348,#1349,#1350,#1351,#1352,#1353,#1354,#1355,#1356,#1357,#1358,#1359,#1360,#1361,#1362,#1363),#6);
#2=PRODUCT_DEFINITION_CONTEXT('',#1364,'design');
#3=APPLICATION_PROTOCOL_DEFINITION('INTERNATIONAL STANDARD','automotive_design',1994,#1364);
#4=PRODUCT_CATEGORY_RELATIONSHIP('NONE','NONE',#1365,#1366);
#5=SHAPE_DEFINITION_REPRESENTATION(#1367,#1368);
#6= (GEOMETRIC_REPRESENTATION_CONTEXT(3)GLOBAL_UNCERTAINTY_ASSIGNED_CONTEXT((#1371))GLOBAL_UNIT_ASSIGNED_CONTEXT((#1373,#1374,#1375))REPRESENTATION_CONTEXT('NONE','WORKSPACE'));
#10=STYLED_ITEM('',(#1377),#1378);
#11=STYLED_ITEM('',(#1379),#1380);
#12=STYLED_ITEM('',(#1381),#1382);
#13=STYLED_ITEM('',(#1383),#1384);
#14=STYLED_ITEM('',(#1385),#1386);
#15=STYLED_ITEM('',(#1387),#1388);
#16=STYLED_ITEM('',(#1389),#1390);
#17=STYLED_ITEM('',(#1391),#1392);
#18=STYLED_ITEM('',(#1393),#1394);
#19=STYLED_ITEM('',(#1395),#1396);
#20=STYLED_ITEM('',(#1397),#1398);
#21=STYLED_ITEM('',(#1399),#1400);
#22=STYLED_ITEM('',(#1401),#1402);
#23=STYLED_ITEM('',(#1403),#1404);
#24=STYLED_ITEM('',(#1405),#1406);
#25=STYLED_ITEM('',(#1407),#1408);
#26=STYLED_ITEM('',(#1409),#1410);
#27=STYLED_ITEM('',(#1411),#1412);
#28=STYLED_ITEM('',(#1413),#1414);
#29=STYLED_ITEM('',(#1415),#1416);
#30=STYLED_ITEM('',(#1417),#1418);
#31=STYLED_ITEM('',(#1419),#1420);
#32=STYLED_ITEM('',(#1421),#1422);
#33=STYLED_ITEM('',(#1423),#1424);
#34=STYLED_ITEM('',(#1425),#1426);
#35=STYLED_ITEM('',(#1427),#1428);
#36=STYLED_ITEM('',(#1429),#1430);
#37=STYLED_ITEM('',(#1431),#1432);
#38=STYLED_ITEM('',(#1433),#1434);
#39=STYLED_ITEM('',(#1435),#1436);
#40=STYLED_ITEM('',(#1437),#1438);
#41=STYLED_ITEM('',(#1439),#1440);
#42=STYLED_ITEM('',(#1441),#1442);
#43=STYLED_ITEM('',(#1443),#1444);
#44=STYLED_ITEM('',(#1445),#1446);
#45=STYLED_ITEM('',(#1447),#1448);
#46=STYLED_ITEM('',(#1449),#1450);
#47=STYLED_ITEM('',(#1451),#1452);
#48=STYLED_ITEM('',(#1453),#1454);
#49=STYLED_ITEM('',(#1455),#1456);
#50=STYLED_ITEM('',(#1457),#1458);
#51=STYLED_ITEM('',(#1459),#1460);
#52=STYLED_ITEM('',(#1461),#1462);
#53=STYLED_ITEM('',(#1463),#1464);
#54=STYLED_ITEM('',(#1465),#1466);
#55=STYLED_ITEM('',(#1467),#1468);
#56=STYLED_ITEM('',(#1469),#1470);
#57=STYLED_ITEM('',(#1471),#1472);
#58=STYLED_ITEM('',(#1473),#1474);
#59=STYLED_ITEM('',(#1475),#1476);
#60=STYLED_ITEM('',(#1477),#1478);
#61=STYLED_ITEM('',(#1479),#1480);
#62=STYLED_ITEM('',(#1481),#1482);
#63=STYLED_ITEM('',(#1483),#1484);
#64=STYLED_ITEM('',(#1485),#1486);
#65=STYLED_ITEM('',(#1487),#1488);
#66=STYLED_ITEM('',(#1489),#1490);
#67=STYLED_ITEM('',(#1491),#1492);
#68=STYLED_ITEM('',(#1493),#1494);
#69=STYLED_ITEM('',(#1495),#1496);
#70=STYLED_ITEM('',(#1497),#1498);
#71=STYLED_ITEM('',(#1499),#1500);
#72=STYLED_ITEM('',(#1501),#1502);
#73=STYLED_ITEM('',(#1503),#1504);
#74=STYLED_ITEM('',(#1505),#1506);
#75=STYLED_ITEM('',(#1507),#1508);
#76=STYLED_ITEM('',(#1509),#1510);
#77=STYLED_ITEM('',(#1511),#1512);
#78=STYLED_ITEM('',(#1513),#1514);
#79=STYLED_ITEM('',(#1515),#1516);
#80=STYLED_ITEM('',(#1517),#1518);
#81=STYLED_ITEM('',(#1519),#1520);
#82=STYLED_ITEM('',(#1521),#1522);
#83=STYLED_ITEM('',(#1523),#1524);
#84=STYLED_ITEM('',(#1525),#1526);
#85=STYLED_ITEM('',(#1527),#1528);
#86=STYLED_ITEM('',(#1529),#1530);
#87=STYLED_ITEM('',(#1531),#1532);
#88=STYLED_ITEM('',(#1533),#1534);
#89=STYLED_ITEM('',(#1535),#1536);
#90=STYLED_ITEM('',(#1537),#1538);
#91=STYLED_ITEM('',(#1539),#1540);
#92=STYLED_ITEM('',(#1541),#1542);
#93=STYLED_ITEM('',(#1543),#1544);
#94=STYLED_ITEM('',(#1545),#1546);
#95=STYLED_ITEM('',(#1547),#1548);
#96=STYLED_ITEM('',(#1549),#1550);
#97=STYLED_ITEM('',(#1551),#1552);
#98=STYLED_ITEM('',(#1553),#1554);
#99=STYLED_ITEM('',(#1555),#1556);
#100=STYLED_ITEM('',(#1557),#1558);
#101=STYLED_ITEM('',(#1559),#1560);
#102=STYLED_ITEM('',(#1561),#1562);
#103=STYLED_ITEM('',(#1563),#1564);
#104=STYLED_ITEM('',(#1565),#1566);
#105=STYLED_ITEM('',(#1567),#1568);
#106=STYLED_ITEM('',(#1569),#1570);
#107=STYLED_ITEM('',(#1571),#1572);
#108=STYLED_ITEM('',(#1573),#1574);
#109=STYLED_ITEM('',(#1575),#1576);
#110=STYLED_ITEM('',(#1577),#1578);
#111=STYLED_ITEM('',(#1579),#1580);
#112=STYLED_ITEM('',(#1581),#1582);
#113=STYLED_ITEM('',(#1583),#1584);
#114=STYLED_ITEM('',(#1585),#1586);
#115=STYLED_ITEM('',(#1587),#1588);
#116=STYLED_ITEM('',(#1589),#1590);
#117=STYLED_ITEM('',(#1591),#1592);
#118=STYLED_ITEM('',(#1593),#1594);
#119=STYLED_ITEM('',(#1595),#1596);
#120=STYLED_ITEM('',(#1597),#1598);
#121=STYLED_ITEM('',(#1599),#1600);
#122=STYLED_ITEM('',(#1601),#1602);
#123=STYLED_ITEM('',(#1603),#1604);
#124=STYLED_ITEM('',(#1605),#1606);
#125=STYLED_ITEM('',(#1607),#1608);
#126=STYLED_ITEM('',(#1609),#1610);
#127=STYLED_ITEM('',(#1611),#1612);
#128=STYLED_ITEM('',(#1613),#1614);
#129=STYLED_ITEM('',(#1615),#1616);
#130=STYLED_ITEM('',(#1617),#1618);
#131=STYLED_ITEM('',(#1619),#1620);
#132=STYLED_ITEM('',(#1621),#1622);
#133=STYLED_ITEM('',(#1623),#1624);
#134=STYLED_ITEM('',(#1625),#1626);
#135=STYLED_ITEM('',(#1627),#1628);
#136=STYLED_ITEM('',(#1629),#1630);
#137=STYLED_ITEM('',(#1631),#1632);
#138=STYLED_ITEM('',(#1633),#1634);
#139=STYLED_ITEM('',(#1635),#1636);
#140=STYLED_ITEM('',(#1637),#1638);
#141=STYLED_ITEM('',(#1639),#1640);
#142=STYLED_ITEM('',(#1641),#1642);
#143=STYLED_ITEM('',(#1643),#1644);
#144=STYLED_ITEM('',(#1645),#1646);
#145=STYLED_ITEM('',(#1647),#1648);
#146=STYLED_ITEM('',(#1649),#1650);
#147=STYLED_ITEM('',(#1651),#1652);
#148=STYLED_ITEM('',(#1653),#1654);
#149=STYLED_ITEM('',(#1655),#1656);
#150=STYLED_ITEM('',(#1657),#1658);
#151=STYLED_ITEM('',(#1659),#1660);
#152=STYLED_ITEM('',(#1661),#1662);
#153=STYLED_ITEM('',(#1663),#1664);
#154=STYLED_ITEM('',(#1665),#1666);
#155=STYLED_ITEM('',(#1667),#1668);
#156=STYLED_ITEM('',(#1669),#1670);
#157=STYLED_ITEM('',(#1671),#1672);
#158=STYLED_ITEM('',(#1673),#1674);
#159=STYLED_ITEM('',(#1675),#1676);
#160=STYLED_ITEM('',(#1677),#1678);
#161=STYLED_ITEM('',(#1679),#1680);
#162=STYLED_ITEM('',(#1681),#1682);
#163=STYLED_ITEM('',(#1683),#1684);
#164=STYLED_ITEM('',(#1685),#1686);
#165=STYLED_ITEM('',(#1687),#1688);
#166=STYLED_ITEM('',(#1689),#1690);
#167=STYLED_ITEM('',(#1691),#1692);
#168=STYLED_ITEM('',(#1693),#1694);
#169=STYLED_ITEM('',(#1695),#1696);
#170=STYLED_ITEM('',(#1697),#1698);
#171=STYLED_ITEM('',(#1699),#1700);
#172=STYLED_ITEM('',(#1701),#1702);
#173=STYLED_ITEM('',(#1703),#1704);
#174=STYLED_ITEM('',(#1705),#1706);
#175=STYLED_ITEM('',(#1707),#1708);
#176=STYLED_ITEM('',(#1709),#1710);
#177=STYLED_ITEM('',(#1711),#1712);
#178=STYLED_ITEM('',(#1713),#1714);
#179=STYLED_ITEM('',(#1715),#1716);
#180=STYLED_ITEM('',(#1717),#1718);
#181=STYLED_ITEM('',(#1719),#1720);
#182=STYLED_ITEM('',(#1721),#1722);
#183=STYLED_ITEM('',(#1723),#1724);
#184=STYLED_ITEM('',(#1725),#1726);
#185=STYLED_ITEM('',(#1727),#1728);
#186=STYLED_ITEM('',(#1729),#1730);
#187=STYLED_ITEM('',(#1731),#1732);
#188=STYLED_ITEM('',(#1733),#1734);
#189=STYLED_ITEM('',(#1735),#1736);
#190=STYLED_ITEM('',(#1737),#1738);
#191=STYLED_ITEM('',(#1739),#1740);
#192=STYLED_ITEM('',(#1741),#1742);
#193=STYLED_ITEM('',(#1743),#1744);
#194=STYLED_ITEM('',(#1745),#1746);
#195=STYLED_ITEM('',(#1747),#1748);
#196=STYLED_ITEM('',(#1749),#1750);
#197=STYLED_ITEM('',(#1751),#1752);
#198=STYLED_ITEM('',(#1753),#1754);
#199=STYLED_ITEM('',(#1755),#1756);
#200=STYLED_ITEM('',(#1757),#1758);
#201=STYLED_ITEM('',(#1759),#1760);
#202=STYLED_ITEM('',(#1761),#1762);
#203=STYLED_ITEM('',(#1763),#1764);
#204=STYLED_ITEM('',(#1765),#1766);
#205=STYLED_ITEM('',(#1767),#1768);
#206=STYLED_ITEM('',(#1769),#1770);
#207=STYLED_ITEM('',(#1771),#1772);
#208=STYLED_ITEM('',(#1773),#1774);
#209=STYLED_ITEM('',(#1775),#1776);
#210=STYLED_ITEM('',(#1777),#1778);
#211=STYLED_ITEM('',(#1779),#1780);
#212=STYLED_ITEM('',(#1781),#1782);
#213=STYLED_ITEM('',(#1783),#1784);
#214=STYLED_ITEM('',(#1785),#1786);
#215=STYLED_ITEM('',(#1787),#1788);
#216=STYLED_ITEM('',(#1789),#1790);
#217=STYLED_ITEM('',(#1791),#1792);
#218=STYLED_ITEM('',(#1793),#1794);
#219=STYLED_ITEM('',(#1795),#1796);
#220=STYLED_ITEM('',(#1797),#1798);
#221=STYLED_ITEM('',(#1799),#1800);
#222=STYLED_ITEM('',(#1801),#1802);
#223=STYLED_ITEM('',(#1803),#1804);
#224=STYLED_ITEM('',(#1805),#1806);
#225=STYLED_ITEM('',(#1807),#1808);
#226=STYLED_ITEM('',(#1809),#1810);
#227=STYLED_ITEM('',(#1811),#1812);
#228=STYLED_ITEM('',(#1813),#1814);
#229=STYLED_ITEM('',(#1815),#1816);
#230=STYLED_ITEM('',(#1817),#1818);
#231=STYLED_ITEM('',(#1819),#1820);
#232=STYLED_ITEM('',(#1821),#1822);
#233=STYLED_ITEM('',(#1823),#1824);
#234=STYLED_ITEM('',(#1825),#1826);
#235=STYLED_ITEM('',(#1827),#1828);
#236=STYLED_ITEM('',(#1829),#1830);
#237=STYLED_ITEM('',(#1831),#1832);
#238=STYLED_ITEM('',(#1833),#1834);
#239=STYLED_ITEM('',(#1835),#1836);
#240=STYLED_ITEM('',(#1837),#1838);
#241=STYLED_ITEM('',(#1839),#1840);
#242=STYLED_ITEM('',(#1841),#1842);
#243=STYLED_ITEM('',(#1843),#1844);
#244=STYLED_ITEM('',(#1845),#1846);
#245=STYLED_ITEM('',(#1847),#1848);
#246=STYLED_ITEM('',(#1849),#1850);
#247=STYLED_ITEM('',(#1851),#1852);
#248=STYLED_ITEM('',(#1853),#1854);
#249=STYLED_ITEM('',(#1855),#1856);
#250=STYLED_ITEM('',(#1857),#1858);
#251=STYLED_ITEM('',(#1859),#1860);
#252=STYLED_ITEM('',(#1861),#1862);
#253=STYLED_ITEM('',(#1863),#1864);
#254=STYLED_ITEM('',(#1865),#1866);
#255=STYLED_ITEM('',(#1867),#1868);
#256=STYLED_ITEM('',(#1869),#1870);
#257=STYLED_ITEM('',(#1871),#1872);
#258=STYLED_ITEM('',(#1873),#1874);
#259=STYLED_ITEM('',(#1875),#1876);
#260=STYLED_ITEM('',(#1877),#1878);
#261=STYLED_ITEM('',(#1879),#1880);
#262=STYLED_ITEM('',(#1881),#1882);
#263=STYLED_ITEM('',(#1883),#1884);
#264=STYLED_ITEM('',(#1885),#1886);
#265=STYLED_ITEM('',(#1887),#1888);
#266=STYLED_ITEM('',(#1889),#1890);
#267=STYLED_ITEM('',(#1891),#1892);
#268=STYLED_ITEM('',(#1893),#1894);
#269=STYLED_ITEM('',(#1895),#1896);
#270=STYLED_ITEM('',(#1897),#1898);
#271=STYLED_ITEM('',(#1899),#1900);
#272=STYLED_ITEM('',(#1901),#1902);
#273=STYLED_ITEM('',(#1903),#1904);
#274=STYLED_ITEM('',(#1905),#1906);
#275=STYLED_ITEM('',(#1907),#1908);
#276=STYLED_ITEM('',(#1909),#1910);
#277=STYLED_ITEM('',(#1911),#1912);
#278=STYLED_ITEM('',(#1913),#1914);
#279=STYLED_ITEM('',(#1915),#1916);
#280=STYLED_ITEM('',(#1917),#1918);
#281=STYLED_ITEM('',(#1919),#1920);
#282=STYLED_ITEM('',(#1921),#1922);
#283=STYLED_ITEM('',(#1923),#1924);
#284=STYLED_ITEM('',(#1925),#1926);
#285=STYLED_ITEM('',(#1927),#1928);
#286=STYLED_ITEM('',(#1929),#1930);
#287=STYLED_ITEM('',(#1931),#1932);
#288=STYLED_ITEM('',(#1933),#1934);
#289=STYLED_ITEM('',(#1935),#1936);
#290=STYLED_ITEM('',(#1937),#1938);
#291=STYLED_ITEM('',(#1939),#1940);
#292=STYLED_ITEM('',(#1941),#1942);
#293=STYLED_ITEM('',(#1943),#1944);
#294=STYLED_ITEM('',(#1945),#1946);
#295=STYLED_ITEM('',(#1947),#1948);
#296=STYLED_ITEM('',(#1949),#1950);
#297=STYLED_ITEM('',(#1951),#1952);
#298=STYLED_ITEM('',(#1953),#1954);
#299=STYLED_ITEM('',(#1955),#1956);
#300=STYLED_ITEM('',(#1957),#1958);
#301=STYLED_ITEM('',(#1959),#1960);
#302=STYLED_ITEM('',(#1961),#1962);
#303=STYLED_ITEM('',(#1963),#1964);
#304=STYLED_ITEM('',(#1965),#1966);
#305=STYLED_ITEM('',(#1967),#1968);
#306=STYLED_ITEM('',(#1969),#1970);
#307=STYLED_ITEM('',(#1971),#1972);
#308=STYLED_ITEM('',(#1973),#1974);
#309=STYLED_ITEM('',(#1975),#1976);
#310=STYLED_ITEM('',(#1977),#1978);
#311=STYLED_ITEM('',(#1979),#1980);
#312=STYLED_ITEM('',(#1981),#1982);
#313=STYLED_ITEM('',(#1983),#1984);
#314=STYLED_ITEM('',(#1985),#1986);
#315=STYLED_ITEM('',(#1987),#1988);
#316=STYLED_ITEM('',(#1989),#1990);
#317=STYLED_ITEM('',(#1991),#1992);
#318=STYLED_ITEM('',(#1993),#1994);
#319=STYLED_ITEM('',(#1995),#1996);
#320=STYLED_ITEM('',(#1997),#1998);
#321=STYLED_ITEM('',(#1999),#2000);
#322=STYLED_ITEM('',(#2001),#2002);
#323=STYLED_ITEM('',(#2003),#2004);
#324=STYLED_ITEM('',(#2005),#2006);
#325=STYLED_ITEM('',(#2007),#2008);
#326=STYLED_ITEM('',(#2009),#2010);
#327=STYLED_ITEM('',(#2011),#2012);
#328=STYLED_ITEM('',(#2013),#2014);
#329=STYLED_ITEM('',(#2015),#2016);
#330=STYLED_ITEM('',(#2017),#2018);
#331=STYLED_ITEM('',(#2019),#2020);
#332=STYLED_ITEM('',(#2021),#2022);
#333=STYLED_ITEM('',(#2023),#2024);
#334=STYLED_ITEM('',(#2025),#2026);
#335=STYLED_ITEM('',(#2027),#2028);
#336=STYLED_ITEM('',(#2029),#2030);
#337=STYLED_ITEM('',(#2031),#2032);
#338=STYLED_ITEM('',(#2033),#2034);
#339=STYLED_ITEM('',(#2035),#2036);
#340=STYLED_ITEM('',(#2037),#2038);
#341=STYLED_ITEM('',(#2039),#2040);
#342=STYLED_ITEM('',(#2041),#2042);
#343=STYLED_ITEM('',(#2043),#2044);
#344=STYLED_ITEM('',(#2045),#2046);
#345=STYLED_ITEM('',(#2047),#2048);
#346=STYLED_ITEM('',(#2049),#2050);
#347=STYLED_ITEM('',(#2051),#2052);
#348=STYLED_ITEM('',(#2053),#2054);
#349=STYLED_ITEM('',(#2055),#2056);
#350=STYLED_ITEM('',(#2057),#2058);
#351=STYLED_ITEM('',(#2059),#2060);
#352=STYLED_ITEM('',(#2061),#2062);
#353=STYLED_ITEM('',(#2063),#2064);
#354=STYLED_ITEM('',(#2065),#2066);
#355=STYLED_ITEM('',(#2067),#2068);
#356=STYLED_ITEM('',(#2069),#2070);
#357=STYLED_ITEM('',(#2071),#2072);
#358=STYLED_ITEM('',(#2073),#2074);
#359=STYLED_ITEM('',(#2075),#2076);
#360=STYLED_ITEM('',(#2077),#2078);
#361=STYLED_ITEM('',(#2079),#2080);
#362=STYLED_ITEM('',(#2081),#2082);
#363=STYLED_ITEM('',(#2083),#2084);
#364=STYLED_ITEM('',(#2085),#2086);
#365=STYLED_ITEM('',(#2087),#2088);
#366=STYLED_ITEM('',(#2089),#2090);
#367=STYLED_ITEM('',(#2091),#2092);
#368=STYLED_ITEM('',(#2093),#2094);
#369=STYLED_ITEM('',(#2095),#2096);
#370=STYLED_ITEM('',(#2097),#2098);
#371=STYLED_ITEM('',(#2099),#2100);
#372=STYLED_ITEM('',(#2101),#2102);
#373=STYLED_ITEM('',(#2103),#2104);
#374=STYLED_ITEM('',(#2105),#2106);
#375=STYLED_ITEM('',(#2107),#2108);
#376=STYLED_ITEM('',(#2109),#2110);
#377=STYLED_ITEM('',(#2111),#2112);
#378=STYLED_ITEM('',(#2113),#2114);
#379=STYLED_ITEM('',(#2115),#2116);
#380=STYLED_ITEM('',(#2117),#2118);
#381=STYLED_ITEM('',(#2119),#2120);
#382=STYLED_ITEM('',(#2121),#2122);
#383=STYLED_ITEM('',(#2123),#2124);
#384=STYLED_ITEM('',(#2125),#2126);
#385=STYLED_ITEM('',(#2127),#2128);
#386=STYLED_ITEM('',(#2129),#2130);
#387=STYLED_ITEM('',(#2131),#2132);
#388=STYLED_ITEM('',(#2133),#2134);
#389=STYLED_ITEM('',(#2135),#2136);
#390=STYLED_ITEM('',(#2137),#2138);
#391=STYLED_ITEM('',(#2139),#2140);
#392=STYLED_ITEM('',(#2141),#2142);
#393=STYLED_ITEM('',(#2143),#2144);
#394=STYLED_ITEM('',(#2145),#2146);
#395=STYLED_ITEM('',(#2147),#2148);
#396=STYLED_ITEM('',(#2149),#2150);
#397=STYLED_ITEM('',(#2151),#2152);
#398=STYLED_ITEM('',(#2153),#2154);
#399=STYLED_ITEM('',(#2155),#2156);
#400=STYLED_ITEM('',(#2157),#2158);
#401=STYLED_ITEM('',(#2159),#2160);
#402=STYLED_ITEM('',(#2161),#2162);
#403=STYLED_ITEM('',(#2163),#2164);
#404=STYLED_ITEM('',(#2165),#2166);
#405=STYLED_ITEM('',(#2167),#2168);
#406=STYLED_ITEM('',(#2169),#2170);
#407=STYLED_ITEM('',(#2171),#2172);
#408=STYLED_ITEM('',(#2173),#2174);
#409=STYLED_ITEM('',(#2175),#2176);
#410=STYLED_ITEM('',(#2177),#2178);
#411=STYLED_ITEM('',(#2179),#2180);
#412=STYLED_ITEM('',(#2181),#2182);
#413=STYLED_ITEM('',(#2183),#2184);
#414=STYLED_ITEM('',(#2185),#2186);
#415=STYLED_ITEM('',(#2187),#2188);
#416=STYLED_ITEM('',(#2189),#2190);
#417=STYLED_ITEM('',(#2191),#2192);
#418=STYLED_ITEM('',(#2193),#2194);
#419=STYLED_ITEM('',(#2195),#2196);
#420=STYLED_ITEM('',(#2197),#2198);
#421=STYLED_ITEM('',(#2199),#2200);
#422=STYLED_ITEM('',(#2201),#2202);
#423=STYLED_ITEM('',(#2203),#2204);
#424=STYLED_ITEM('',(#2205),#2206);
#425=STYLED_ITEM('',(#2207),#2208);
#426=STYLED_ITEM('',(#2209),#2210);
#427=STYLED_ITEM('',(#2211),#2212);
#428=STYLED_ITEM('',(#2213),#2214);
#429=STYLED_ITEM('',(#2215),#2216);
#430=STYLED_ITEM('',(#2217),#2218);
#431=STYLED_ITEM('',(#2219),#2220);
#432=STYLED_ITEM('',(#2221),#2222);
#433=STYLED_ITEM('',(#2223),#2224);
#434=STYLED_ITEM('',(#2225),#2226);
#435=STYLED_ITEM('',(#2227),#2228);
#436=STYLED_ITEM('',(#2229),#2230);
#437=STYLED_ITEM('',(#2231),#2232);
#438=STYLED_ITEM('',(#2233),#2234);
#439=STYLED_ITEM('',(#2235),#2236);
#440=STYLED_ITEM('',(#2237),#2238);
#441=STYLED_ITEM('',(#2239),#2240);
#442=STYLED_ITEM('',(#2241),#2242);
#443=STYLED_ITEM('',(#2243),#2244);
#444=STYLED_ITEM('',(#2245),#2246);
#445=STYLED_ITEM('',(#2247),#2248);
#446=STYLED_ITEM('',(#2249),#2250);
#447=STYLED_ITEM('',(#2251),#2252);
#448=STYLED_ITEM('',(#2253),#2254);
#449=STYLED_ITEM('',(#2255),#2256);
#450=STYLED_ITEM('',(#2257),#2258);
#451=STYLED_ITEM('',(#2259),#2260);
#452=STYLED_ITEM('',(#2261),#2262);
#453=STYLED_ITEM('',(#2263),#2264);
#454=STYLED_ITEM('',(#2265),#2266);
#455=STYLED_ITEM('',(#2267),#2268);
#456=STYLED_ITEM('',(#2269),#2270);
#457=STYLED_ITEM('',(#2271),#2272);
#458=STYLED_ITEM('',(#2273),#2274);
#459=STYLED_ITEM('',(#2275),#2276);
#460=STYLED_ITEM('',(#2277),#2278);
#461=STYLED_ITEM('',(#2279),#2280);
#462=STYLED_ITEM('',(#2281),#2282);
#463=STYLED_ITEM('',(#2283),#2284);
#464=STYLED_ITEM('',(#2285),#2286);
#465=STYLED_ITEM('',(#2287),#2288);
#466=STYLED_ITEM('',(#2289),#2290);
#467=STYLED_ITEM('',(#2291),#2292);
#468=STYLED_ITEM('',(#2293),#2294);
#469=STYLED_ITEM('',(#2295),#2296);
#470=STYLED_ITEM('',(#2297),#2298);
#471=STYLED_ITEM('',(#2299),#2300);
#472=STYLED_ITEM('',(#2301),#2302);
#473=STYLED_ITEM('',(#2303),#2304);
#474=STYLED_ITEM('',(#2305),#2306);
#475=STYLED_ITEM('',(#2307),#2308);
#476=STYLED_ITEM('',(#2309),#2310);
#477=STYLED_ITEM('',(#2311),#2312);
#478=STYLED_ITEM('',(#2313),#2314);
#479=STYLED_ITEM('',(#2315),#2316);
#480=STYLED_ITEM('',(#2317),#2318);
#481=STYLED_ITEM('',(#2319),#2320);
#482=STYLED_ITEM('',(#2321),#2322);
#483=STYLED_ITEM('',(#2323),#2324);
#484=STYLED_ITEM('',(#2325),#2326);
#485=STYLED_ITEM('',(#2327),#2328);
#486=STYLED_ITEM('',(#2329),#2330);
#487=STYLED_ITEM('',(#2331),#2332);
#488=STYLED_ITEM('',(#2333),#2334);
#489=STYLED_ITEM('',(#2335),#2336);
#490=STYLED_ITEM('',(#2337),#2338);
#491=STYLED_ITEM('',(#2339),#2340);
#492=STYLED_ITEM('',(#2341),#2342);
#493=STYLED_ITEM('',(#2343),#2344);
#494=STYLED_ITEM('',(#2345),#2346);
#495=STYLED_ITEM('',(#2347),#2348);
#496=STYLED_ITEM('',(#2349),#2350);
#497=STYLED_ITEM('',(#2351),#2352);
#498=STYLED_ITEM('',(#2353),#2354);
#499=STYLED_ITEM('',(#2355),#2356);
#500=STYLED_ITEM('',(#2357),#2358);
#501=STYLED_ITEM('',(#2359),#2360);
#502=STYLED_ITEM('',(#2361),#2362);
#503=STYLED_ITEM('',(#2363),#2364);
#504=STYLED_ITEM('',(#2365),#2366);
#505=STYLED_ITEM('',(#2367),#2368);
#506=STYLED_ITEM('',(#2369),#2370);
#507=STYLED_ITEM('',(#2371),#2372);
#508=STYLED_ITEM('',(#2373),#2374);
#509=STYLED_ITEM('',(#2375),#2376);
#510=STYLED_ITEM('',(#2377),#2378);
#511=STYLED_ITEM('',(#2379),#2380);
#512=STYLED_ITEM('',(#2381),#2382);
#513=STYLED_ITEM('',(#2383),#2384);
#514=STYLED_ITEM('',(#2385),#2386);
#515=STYLED_ITEM('',(#2387),#2388);
#516=STYLED_ITEM('',(#2389),#2390);
#517=STYLED_ITEM('',(#2391),#2392);
#518=STYLED_ITEM('',(#2393),#2394);
#519=STYLED_ITEM('',(#2395),#2396);
#520=STYLED_ITEM('',(#2397),#2398);
#521=STYLED_ITEM('',(#2399),#2400);
#522=STYLED_ITEM('',(#2401),#2402);
#523=STYLED_ITEM('',(#2403),#2404);
#524=STYLED_ITEM('',(#2405),#2406);
#525=STYLED_ITEM('',(#2407),#2408);
#526=STYLED_ITEM('',(#2409),#2410);
#527=STYLED_ITEM('',(#2411),#2412);
#528=STYLED_ITEM('',(#2413),#2414);
#529=STYLED_ITEM('',(#2415),#2416);
#530=STYLED_ITEM('',(#2417),#2418);
#531=STYLED_ITEM('',(#2419),#2420);
#532=STYLED_ITEM('',(#2421),#2422);
#533=STYLED_ITEM('',(#2423),#2424);
#534=STYLED_ITEM('',(#2425),#2426);
#535=STYLED_ITEM('',(#2427),#2428);
#536=STYLED_ITEM('',(#2429),#2430);
#537=STYLED_ITEM('',(#2431),#2432);
#538=STYLED_ITEM('',(#2433),#2434);
#539=STYLED_ITEM('',(#2435),#2436);
#540=STYLED_ITEM('',(#2437),#2438);
#541=STYLED_ITEM('',(#2439),#2440);
#542=STYLED_ITEM('',(#2441),#2442);
#543=STYLED_ITEM('',(#2443),#2444);
#544=STYLED_ITEM('',(#2445),#2446);
#545=STYLED_ITEM('',(#2447),#2448);
#546=STYLED_ITEM('',(#2449),#2450);
#547=STYLED_ITEM('',(#2451),#2452);
#548=STYLED_ITEM('',(#2453),#2454);
#549=STYLED_ITEM('',(#2455),#2456);
#550=STYLED_ITEM('',(#2457),#2458);
#551=STYLED_ITEM('',(#2459),#2460);
#552=STYLED_ITEM('',(#2461),#2462);
#553=STYLED_ITEM('',(#2463),#2464);
#554=STYLED_ITEM('',(#2465),#2466);
#555=STYLED_ITEM('',(#2467),#2468);
#556=STYLED_ITEM('',(#2469),#2470);
#557=STYLED_ITEM('',(#2471),#2472);
#558=STYLED_ITEM('',(#2473),#2474);
#559=STYLED_ITEM('',(#2475),#2476);
#560=STYLED_ITEM('',(#2477),#2478);
#561=STYLED_ITEM('',(#2479),#2480);
#562=STYLED_ITEM('',(#2481),#2482);
#563=STYLED_ITEM('',(#2483),#2484);
#564=STYLED_ITEM('',(#2485),#2486);
#565=STYLED_ITEM('',(#2487),#2488);
#566=STYLED_ITEM('',(#2489),#2490);
#567=STYLED_ITEM('',(#2491),#2492);
#568=STYLED_ITEM('',(#2493),#2494);
#569=STYLED_ITEM('',(#2495),#2496);
#570=STYLED_ITEM('',(#2497),#2498);
#571=STYLED_ITEM('',(#2499),#2500);
#572=STYLED_ITEM('',(#2501),#2502);
#573=STYLED_ITEM('',(#2503),#2504);
#574=STYLED_ITEM('',(#2505),#2506);
#575=STYLED_ITEM('',(#2507),#2508);
#576=STYLED_ITEM('',(#2509),#2510);
#577=STYLED_ITEM('',(#2511),#2512);
#578=STYLED_ITEM('',(#2513),#2514);
#579=STYLED_ITEM('',(#2515),#2516);
#580=STYLED_ITEM('',(#2517),#2518);
#581=STYLED_ITEM('',(#2519),#2520);
#582=STYLED_ITEM('',(#2521),#2522);
#583=STYLED_ITEM('',(#2523),#2524);
#584=STYLED_ITEM('',(#2525),#2526);
#585=STYLED_ITEM('',(#2527),#2528);
#586=STYLED_ITEM('',(#2529),#2530);
#587=STYLED_ITEM('',(#2531),#2532);
#588=STYLED_ITEM('',(#2533),#2534);
#589=STYLED_ITEM('',(#2535),#2536);
#590=STYLED_ITEM('',(#2537),#2538);
#591=STYLED_ITEM('',(#2539),#2540);
#592=STYLED_ITEM('',(#2541),#2542);
#593=STYLED_ITEM('',(#2543),#2544);
#594=STYLED_ITEM('',(#2545),#2546);
#595=STYLED_ITEM('',(#2547),#2548);
#596=STYLED_ITEM('',(#2549),#2550);
#597=STYLED_ITEM('',(#2551),#2552);
#598=STYLED_ITEM('',(#2553),#2554);
#599=STYLED_ITEM('',(#2555),#2556);
#600=STYLED_ITEM('',(#2557),#2558);
#601=STYLED_ITEM('',(#2559),#2560);
#602=STYLED_ITEM('',(#2561),#2562);
#603=STYLED_ITEM('',(#2563),#2564);
#604=STYLED_ITEM('',(#2565),#2566);
#605=STYLED_ITEM('',(#2567),#2568);
#606=STYLED_ITEM('',(#2569),#2570);
#607=STYLED_ITEM('',(#2571),#2572);
#608=STYLED_ITEM('',(#2573),#2574);
#609=STYLED_ITEM('',(#2575),#2576);
#610=STYLED_ITEM('',(#2577),#2578);
#611=STYLED_ITEM('',(#2579),#2580);
#612=STYLED_ITEM('',(#2581),#2582);
#613=STYLED_ITEM('',(#2583),#2584);
#614=STYLED_ITEM('',(#2585),#2586);
#615=STYLED_ITEM('',(#2587),#2588);
#616=STYLED_ITEM('',(#2589),#2590);
#617=STYLED_ITEM('',(#2591),#2592);
#618=STYLED_ITEM('',(#2593),#2594);
#619=STYLED_ITEM('',(#2595),#2596);
#620=STYLED_ITEM('',(#2597),#2598);
#621=STYLED_ITEM('',(#2599),#2600);
#622=STYLED_ITEM('',(#2601),#2602);
#623=STYLED_ITEM('',(#2603),#2604);
#624=STYLED_ITEM('',(#2605),#2606);
#625=STYLED_ITEM('',(#2607),#2608);
#626=STYLED_ITEM('',(#2609),#2610);
#627=STYLED_ITEM('',(#2611),#2612);
#628=STYLED_ITEM('',(#2613),#2614);
#629=STYLED_ITEM('',(#2615),#2616);
#630=STYLED_ITEM('',(#2617),#2618);
#631=STYLED_ITEM('',(#2619),#2620);
#632=STYLED_ITEM('',(#2621),#2622);
#633=STYLED_ITEM('',(#2623),#2624);
#634=STYLED_ITEM('',(#2625),#2626);
#635=STYLED_ITEM('',(#2627),#2628);
#636=STYLED_ITEM('',(#2629),#2630);
#637=STYLED_ITEM('',(#2631),#2632);
#638=STYLED_ITEM('',(#2633),#2634);
#639=STYLED_ITEM('',(#2635),#2636);
#640=STYLED_ITEM('',(#2637),#2638);
#641=STYLED_ITEM('',(#2639),#2640);
#642=STYLED_ITEM('',(#2641),#2642);
#643=STYLED_ITEM('',(#2643),#2644);
#644=STYLED_ITEM('',(#2645),#2646);
#645=STYLED_ITEM('',(#2647),#2648);
#646=STYLED_ITEM('',(#2649),#2650);
#647=STYLED_ITEM('',(#2651),#2652);
#648=STYLED_ITEM('',(#2653),#2654);
#649=STYLED_ITEM('',(#2655),#2656);
#650=STYLED_ITEM('',(#2657),#2658);
#651=STYLED_ITEM('',(#2659),#2660);
#652=STYLED_ITEM('',(#2661),#2662);
#653=STYLED_ITEM('',(#2663),#2664);
#654=STYLED_ITEM('',(#2665),#2666);
#655=STYLED_ITEM('',(#2667),#2668);
#656=STYLED_ITEM('',(#2669),#2670);
#657=STYLED_ITEM('',(#2671),#2672);
#658=STYLED_ITEM('',(#2673),#2674);
#659=STYLED_ITEM('',(#2675),#2676);
#660=STYLED_ITEM('',(#2677),#2678);
#661=STYLED_ITEM('',(#2679),#2680);
#662=STYLED_ITEM('',(#2681),#2682);
#663=STYLED_ITEM('',(#2683),#2684);
#664=STYLED_ITEM('',(#2685),#2686);
#665=STYLED_ITEM('',(#2687),#2688);
#666=STYLED_ITEM('',(#2689),#2690);
#667=STYLED_ITEM('',(#2691),#2692);
#668=STYLED_ITEM('',(#2693),#2694);
#669=STYLED_ITEM('',(#2695),#2696);
#670=STYLED_ITEM('',(#2697),#2698);
#671=STYLED_ITEM('',(#2699),#2700);
#672=STYLED_ITEM('',(#2701),#2702);
#673=STYLED_ITEM('',(#2703),#2704);
#674=STYLED_ITEM('',(#2705),#2706);
#675=STYLED_ITEM('',(#2707),#2708);
#676=STYLED_ITEM('',(#2709),#2710);
#677=STYLED_ITEM('',(#2711),#2712);
#678=STYLED_ITEM('',(#2713),#2714);
#679=STYLED_ITEM('',(#2715),#2716);
#680=STYLED_ITEM('',(#2717),#2718);
#681=STYLED_ITEM('',(#2719),#2720);
#682=STYLED_ITEM('',(#2721),#2722);
#683=STYLED_ITEM('',(#2723),#2724);
#684=STYLED_ITEM('',(#2725),#2726);
#685=STYLED_ITEM('',(#2727),#2728);
#686=STYLED_ITEM('',(#2729),#2730);
#687=STYLED_ITEM('',(#2731),#2732);
#688=STYLED_ITEM('',(#2733),#2734);
#689=STYLED_ITEM('',(#2735),#2736);
#690=STYLED_ITEM('',(#2737),#2738);
#691=STYLED_ITEM('',(#2739),#2740);
#692=STYLED_ITEM('',(#2741),#2742);
#693=STYLED_ITEM('',(#2743),#2744);
#694=STYLED_ITEM('',(#2745),#2746);
#695=STYLED_ITEM('',(#2747),#2748);
#696=STYLED_ITEM('',(#2749),#2750);
#697=STYLED_ITEM('',(#2751),#2752);
#698=STYLED_ITEM('',(#2753),#2754);
#699=STYLED_ITEM('',(#2755),#2756);
#700=STYLED_ITEM('',(#2757),#2758);
#701=STYLED_ITEM('',(#2759),#2760);
#702=STYLED_ITEM('',(#2761),#2762);
#703=STYLED_ITEM('',(#2763),#2764);
#704=STYLED_ITEM('',(#2765),#2766);
#705=STYLED_ITEM('',(#2767),#2768);
#706=STYLED_ITEM('',(#2769),#2770);
#707=STYLED_ITEM('',(#2771),#2772);
#708=STYLED_ITEM('',(#2773),#2774);
#709=STYLED_ITEM('',(#2775),#2776);
#710=STYLED_ITEM('',(#2777),#2778);
#711=STYLED_ITEM('',(#2779),#2780);
#712=STYLED_ITEM('',(#2781),#2782);
#713=STYLED_ITEM('',(#2783),#2784);
#714=STYLED_ITEM('',(#2785),#2786);
#715=STYLED_ITEM('',(#2787),#2788);
#716=STYLED_ITEM('',(#2789),#2790);
#717=STYLED_ITEM('',(#2791),#2792);
#718=STYLED_ITEM('',(#2793),#2794);
#719=STYLED_ITEM('',(#2795),#2796);
#720=STYLED_ITEM('',(#2797),#2798);
#721=STYLED_ITEM('',(#2799),#2800);
#722=STYLED_ITEM('',(#2801),#2802);
#723=STYLED_ITEM('',(#2803),#2804);
#724=STYLED_ITEM('',(#2805),#2806);
#725=STYLED_ITEM('',(#2807),#2808);
#726=STYLED_ITEM('',(#2809),#2810);
#727=STYLED_ITEM('',(#2811),#2812);
#728=STYLED_ITEM('',(#2813),#2814);
#729=STYLED_ITEM('',(#2815),#2816);
#730=STYLED_ITEM('',(#2817),#2818);
#731=STYLED_ITEM('',(#2819),#2820);
#732=STYLED_ITEM('',(#2821),#2822);
#733=STYLED_ITEM('',(#2823),#2824);
#734=STYLED_ITEM('',(#2825),#2826);
#735=STYLED_ITEM('',(#2827),#2828);
#736=STYLED_ITEM('',(#2829),#2830);
#737=STYLED_ITEM('',(#2831),#2832);
#738=STYLED_ITEM('',(#2833),#2834);
#739=STYLED_ITEM('',(#2835),#2836);
#740=STYLED_ITEM('',(#2837),#2838);
#741=STYLED_ITEM('',(#2839),#2840);
#742=STYLED_ITEM('',(#2841),#2842);
#743=STYLED_ITEM('',(#2843),#2844);
#744=STYLED_ITEM('',(#2845),#2846);
#745=STYLED_ITEM('',(#2847),#2848);
#746=STYLED_ITEM('',(#2849),#2850);
#747=STYLED_ITEM('',(#2851),#2852);
#748=STYLED_ITEM('',(#2853),#2854);
#749=STYLED_ITEM('',(#2855),#2856);
#750=STYLED_ITEM('',(#2857),#2858);
#751=STYLED_ITEM('',(#2859),#2860);
#752=STYLED_ITEM('',(#2861),#2862);
#753=STYLED_ITEM('',(#2863),#2864);
#754=STYLED_ITEM('',(#2865),#2866);
#755=STYLED_ITEM('',(#2867),#2868);
#756=STYLED_ITEM('',(#2869),#2870);
#757=STYLED_ITEM('',(#2871),#2872);
#758=STYLED_ITEM('',(#2873),#2874);
#759=STYLED_ITEM('',(#2875),#2876);
#760=STYLED_ITEM('',(#2877),#2878);
#761=STYLED_ITEM('',(#2879),#2880);
#762=STYLED_ITEM('',(#2881),#2882);
#763=STYLED_ITEM('',(#2883),#2884);
#764=STYLED_ITEM('',(#2885),#2886);
#765=STYLED_ITEM('',(#2887),#2888);
#766=STYLED_ITEM('',(#2889),#2890);
#767=STYLED_ITEM('',(#2891),#2892);
#768=STYLED_ITEM('',(#2893),#2894);
#769=STYLED_ITEM('',(#2895),#2896);
#770=STYLED_ITEM('',(#2897),#2898);
#771=STYLED_ITEM('',(#2899),#2900);
#772=STYLED_ITEM('',(#2901),#2902);
#773=STYLED_ITEM('',(#2903),#2904);
#774=STYLED_ITEM('',(#2905),#2906);
#775=STYLED_ITEM('',(#2907),#2908);
#776=STYLED_ITEM('',(#2909),#2910);
#777=STYLED_ITEM('',(#2911),#2912);
#778=STYLED_ITEM('',(#2913),#2914);
#779=STYLED_ITEM('',(#2915),#2916);
#780=STYLED_ITEM('',(#2917),#2918);
#781=STYLED_ITEM('',(#2919),#2920);
#782=STYLED_ITEM('',(#2921),#2922);
#783=STYLED_ITEM('',(#2923),#2924);
#784=STYLED_ITEM('',(#2925),#2926);
#785=STYLED_ITEM('',(#2927),#2928);
#786=STYLED_ITEM('',(#2929),#2930);
#787=STYLED_ITEM('',(#2931),#2932);
#788=STYLED_ITEM('',(#2933),#2934);
#789=STYLED_ITEM('',(#2935),#2936);
#790=STYLED_ITEM('',(#2937),#2938);
#791=STYLED_ITEM('',(#2939),#2940);
#792=STYLED_ITEM('',(#2941),#2942);
#793=STYLED_ITEM('',(#2943),#2944);
#794=STYLED_ITEM('',(#2945),#2946);
#795=STYLED_ITEM('',(#2947),#2948);
#796=STYLED_ITEM('',(#2949),#2950);
#797=STYLED_ITEM('',(#2951),#2952);
#798=STYLED_ITEM('',(#2953),#2954);
#799=STYLED_ITEM('',(#2955),#2956);
#800=STYLED_ITEM('',(#2957),#2958);
#801=STYLED_ITEM('',(#2959),#2960);
#802=STYLED_ITEM('',(#2961),#2962);
#803=STYLED_ITEM('',(#2963),#2964);
#804=STYLED_ITEM('',(#2965),#2966);
#805=STYLED_ITEM('',(#2967),#2968);
#806=STYLED_ITEM('',(#2969),#2970);
#807=STYLED_ITEM('',(#2971),#2972);
#808=STYLED_ITEM('',(#2973),#2974);
#809=STYLED_ITEM('',(#2975),#2976);
#810=STYLED_ITEM('',(#2977),#2978);
#811=STYLED_ITEM('',(#2979),#2980);
#812=STYLED_ITEM('',(#2981),#2982);
#813=STYLED_ITEM('',(#2983),#2984);
#814=STYLED_ITEM('',(#2985),#2986);
#815=STYLED_ITEM('',(#2987),#2988);
#816=STYLED_ITEM('',(#2989),#2990);
#817=STYLED_ITEM('',(#2991),#2992);
#818=STYLED_ITEM('',(#2993),#2994);
#819=STYLED_ITEM('',(#2995),#2996);
#820=STYLED_ITEM('',(#2997),#2998);
#821=STYLED_ITEM('',(#2999),#3000);
#822=STYLED_ITEM('',(#3001),#3002);
#823=STYLED_ITEM('',(#3003),#3004);
#824=STYLED_ITEM('',(#3005),#3006);
#825=STYLED_ITEM('',(#3007),#3008);
#826=STYLED_ITEM('',(#3009),#3010);
#827=STYLED_ITEM('',(#3011),#3012);
#828=STYLED_ITEM('',(#3013),#3014);
#829=STYLED_ITEM('',(#3015),#3016);
#830=STYLED_ITEM('',(#3017),#3018);
#831=STYLED_ITEM('',(#3019),#3020);
#832=STYLED_ITEM('',(#3021),#3022);
#833=STYLED_ITEM('',(#3023),#3024);
#834=STYLED_ITEM('',(#3025),#3026);
#835=STYLED_ITEM('',(#3027),#3028);
#836=STYLED_ITEM('',(#3029),#3030);
#837=STYLED_ITEM('',(#3031),#3032);
#838=STYLED_ITEM('',(#3033),#3034);
#839=STYLED_ITEM('',(#3035),#3036);
#840=STYLED_ITEM('',(#3037),#3038);
#841=STYLED_ITEM('',(#3039),#3040);
#842=STYLED_ITEM('',(#3041),#3042);
#843=STYLED_ITEM('',(#3043),#3044);
#844=STYLED_ITEM('',(#3045),#3046);
#845=STYLED_ITEM('',(#3047),#3048);
#846=STYLED_ITEM('',(#3049),#3050);
#847=STYLED_ITEM('',(#3051),#3052);
#848=STYLED_ITEM('',(#3053),#3054);
#849=STYLED_ITEM('',(#3055),#3056);
#850=STYLED_ITEM('',(#3057),#3058);
#851=STYLED_ITEM('',(#3059),#3060);
#852=STYLED_ITEM('',(#3061),#3062);
#853=STYLED_ITEM('',(#3063),#3064);
#854=STYLED_ITEM('',(#3065),#3066);
#855=STYLED_ITEM('',(#3067),#3068);
#856=STYLED_ITEM('',(#3069),#3070);
#857=STYLED_ITEM('',(#3071),#3072);
#858=STYLED_ITEM('',(#3073),#3074);
#859=STYLED_ITEM('',(#3075),#3076);
#860=STYLED_ITEM('',(#3077),#3078);
#861=STYLED_ITEM('',(#3079),#3080);
#862=STYLED_ITEM('',(#3081),#3082);
#863=STYLED_ITEM('',(#3083),#3084);
#864=STYLED_ITEM('',(#3085),#3086);
#865=STYLED_ITEM('',(#3087),#3088);
#866=STYLED_ITEM('',(#3089),#3090);
#867=STYLED_ITEM('',(#3091),#3092);
#868=STYLED_ITEM('',(#3093),#3094);
#869=STYLED_ITEM('',(#3095),#3096);
#870=STYLED_ITEM('',(#3097),#3098);
#871=STYLED_ITEM('',(#3099),#3100);
#872=STYLED_ITEM('',(#3101),#3102);
#873=STYLED_ITEM('',(#3103),#3104);
#874=STYLED_ITEM('',(#3105),#3106);
#875=STYLED_ITEM('',(#3107),#3108);
#876=STYLED_ITEM('',(#3109),#3110);
#877=STYLED_ITEM('',(#3111),#3112);
#878=STYLED_ITEM('',(#3113),#3114);
#879=STYLED_ITEM('',(#3115),#3116);
#880=STYLED_ITEM('',(#3117),#3118);
#881=STYLED_ITEM('',(#3119),#3120);
#882=STYLED_ITEM('',(#3121),#3122);
#883=STYLED_ITEM('',(#3123),#3124);
#884=STYLED_ITEM('',(#3125),#3126);
#885=STYLED_ITEM('',(#3127),#3128);
#886=STYLED_ITEM('',(#3129),#3130);
#887=STYLED_ITEM('',(#3131),#3132);
#888=STYLED_ITEM('',(#3133),#3134);
#889=STYLED_ITEM('',(#3135),#3136);
#890=STYLED_ITEM('',(#3137),#3138);
#891=STYLED_ITEM('',(#3139),#3140);
#892=STYLED_ITEM('',(#3141),#3142);
#893=STYLED_ITEM('',(#3143),#3144);
#894=STYLED_ITEM('',(#3145),#3146);
#895=STYLED_ITEM('',(#3147),#3148);
#896=STYLED_ITEM('',(#3149),#3150);
#897=STYLED_ITEM('',(#3151),#3152);
#898=STYLED_ITEM('',(#3153),#3154);
#899=STYLED_ITEM('',(#3155),#3156);
#900=STYLED_ITEM('',(#3157),#3158);
#901=STYLED_ITEM('',(#3159),#3160);
#902=STYLED_ITEM('',(#3161),#3162);
#903=STYLED_ITEM('',(#3163),#3164);
#904=STYLED_ITEM('',(#3165),#3166);
#905=STYLED_ITEM('',(#3167),#3168);
#906=STYLED_ITEM('',(#3169),#3170);
#907=STYLED_ITEM('',(#3171),#3172);
#908=STYLED_ITEM('',(#3173),#3174);
#909=STYLED_ITEM('',(#3175),#3176);
#910=STYLED_ITEM('',(#3177),#3178);
#911=STYLED_ITEM('',(#3179),#3180);
#912=STYLED_ITEM('',(#3181),#3182);
#913=STYLED_ITEM('',(#3183),#3184);
#914=STYLED_ITEM('',(#3185),#3186);
#915=STYLED_ITEM('',(#3187),#3188);
#916=STYLED_ITEM('',(#3189),#3190);
#917=STYLED_ITEM('',(#3191),#3192);
#918=STYLED_ITEM('',(#3193),#3194);
#919=STYLED_ITEM('',(#3195),#3196);
#920=STYLED_ITEM('',(#3197),#3198);
#921=STYLED_ITEM('',(#3199),#3200);
#922=STYLED_ITEM('',(#3201),#3202);
#923=STYLED_ITEM('',(#3203),#3204);
#924=STYLED_ITEM('',(#3205),#3206);
#925=STYLED_ITEM('',(#3207),#3208);
#926=STYLED_ITEM('',(#3209),#3210);
#927=STYLED_ITEM('',(#3211),#3212);
#928=STYLED_ITEM('',(#3213),#3214);
#929=STYLED_ITEM('',(#3215),#3216);
#930=STYLED_ITEM('',(#3217),#3218);
#931=STYLED_ITEM('',(#3219),#3220);
#932=STYLED_ITEM('',(#3221),#3222);
#933=STYLED_ITEM('',(#3223),#3224);
#934=STYLED_ITEM('',(#3225),#3226);
#935=STYLED_ITEM('',(#3227),#3228);
#936=STYLED_ITEM('',(#3229),#3230);
#937=STYLED_ITEM('',(#3231),#3232);
#938=STYLED_ITEM('',(#3233),#3234);
#939=STYLED_ITEM('',(#3235),#3236);
#940=STYLED_ITEM('',(#3237),#3238);
#941=STYLED_ITEM('',(#3239),#3240);
#942=STYLED_ITEM('',(#3241),#3242);
#943=STYLED_ITEM('',(#3243),#3244);
#944=STYLED_ITEM('',(#3245),#3246);
#945=STYLED_ITEM('',(#3247),#3248);
#946=STYLED_ITEM('',(#3249),#3250);
#947=STYLED_ITEM('',(#3251),#3252);
#948=STYLED_ITEM('',(#3253),#3254);
#949=STYLED_ITEM('',(#3255),#3256);
#950=STYLED_ITEM('',(#3257),#3258);
#951=STYLED_ITEM('',(#3259),#3260);
#952=STYLED_ITEM('',(#3261),#3262);
#953=STYLED_ITEM('',(#3263),#3264);
#954=STYLED_ITEM('',(#3265),#3266);
#955=STYLED_ITEM('',(#3267),#3268);
#956=STYLED_ITEM('',(#3269),#3270);
#957=STYLED_ITEM('',(#3271),#3272);
#958=STYLED_ITEM('',(#3273),#3274);
#959=STYLED_ITEM('',(#3275),#3276);
#960=STYLED_ITEM('',(#3277),#3278);
#961=STYLED_ITEM('',(#3279),#3280);
#962=STYLED_ITEM('',(#3281),#3282);
#963=STYLED_ITEM('',(#3283),#3284);
#964=STYLED_ITEM('',(#3285),#3286);
#965=STYLED_ITEM('',(#3287),#3288);
#966=STYLED_ITEM('',(#3289),#3290);
#967=STYLED_ITEM('',(#3291),#3292);
#968=STYLED_ITEM('',(#3293),#3294);
#969=STYLED_ITEM('',(#3295),#3296);
#970=STYLED_ITEM('',(#3297),#3298);
#971=STYLED_ITEM('',(#3299),#3300);
#972=STYLED_ITEM('',(#3301),#3302);
#973=STYLED_ITEM('',(#3303),#3304);
#974=STYLED_ITEM('',(#3305),#3306);
#975=STYLED_ITEM('',(#3307),#3308);
#976=STYLED_ITEM('',(#3309),#3310);
#977=STYLED_ITEM('',(#3311),#3312);
#978=STYLED_ITEM('',(#3313),#3314);
#979=STYLED_ITEM('',(#3315),#3316);
#980=STYLED_ITEM('',(#3317),#3318);
#981=STYLED_ITEM('',(#3319),#3320);
#982=STYLED_ITEM('',(#3321),#3322);
#983=STYLED_ITEM('',(#3323),#3324);
#984=STYLED_ITEM('',(#3325),#3326);
#985=STYLED_ITEM('',(#3327),#3328);
#986=STYLED_ITEM('',(#3329),#3330);
#987=STYLED_ITEM('',(#3331),#3332);
#988=STYLED_ITEM('',(#3333),#3334);
#989=STYLED_ITEM('',(#3335),#3336);
#990=STYLED_ITEM('',(#3337),#3338);
#991=STYLED_ITEM('',(#3339),#3340);
#992=STYLED_ITEM('',(#3341),#3342);
#993=STYLED_ITEM('',(#3343),#3344);
#994=STYLED_ITEM('',(#3345),#3346);
#995=STYLED_ITEM('',(#3347),#3348);
#996=STYLED_ITEM('',(#3349),#3350);
#997=STYLED_ITEM('',(#3351),#3352);
#998=STYLED_ITEM('',(#3353),#3354);
#999=STYLED_ITEM('',(#3355),#3356);
#1000=STYLED_ITEM('',(#3357),#3358);
#1001=STYLED_ITEM('',(#3359),#3360);
#1002=STYLED_ITEM('',(#3361),#3362);
#1003=STYLED_ITEM('',(#3363),#3364);
#1004=STYLED_ITEM('',(#3365),#3366);
#1005=STYLED_ITEM('',(#3367),#3368);
#1006=STYLED_ITEM('',(#3369),#3370);
#1007=STYLED_ITEM('',(#3371),#3372);
#1008=STYLED_ITEM('',(#3373),#3374);
#1009=STYLED_ITEM('',(#3375),#3376);
#1010=STYLED_ITEM('',(#3377),#3378);
#1011=STYLED_ITEM('',(#3379),#3380);
#1012=STYLED_ITEM('',(#3381),#3382);
#1013=STYLED_ITEM('',(#3383),#3384);
#1014=STYLED_ITEM('',(#3385),#3386);
#1015=STYLED_ITEM('',(#3387),#3388);
#1016=STYLED_ITEM('',(#3389),#3390);
#1017=STYLED_ITEM('',(#3391),#3392);
#1018=STYLED_ITEM('',(#3393),#3394);
#1019=STYLED_ITEM('',(#3395),#3396);
#1020=STYLED_ITEM('',(#3397),#3398);
#1021=STYLED_ITEM('',(#3399),#3400);
#1022=STYLED_ITEM('',(#3401),#3402);
#1023=STYLED_ITEM('',(#3403),#3404);
#1024=STYLED_ITEM('',(#3405),#3406);
#1025=STYLED_ITEM('',(#3407),#3408);
#1026=STYLED_ITEM('',(#3409),#3410);
#1027=STYLED_ITEM('',(#3411),#3412);
#1028=STYLED_ITEM('',(#3413),#3414);
#1029=STYLED_ITEM('',(#3415),#3416);
#1030=STYLED_ITEM('',(#3417),#3418);
#1031=STYLED_ITEM('',(#3419),#3420);
#1032=STYLED_ITEM('',(#3421),#3422);
#1033=STYLED_ITEM('',(#3423),#3424);
#1034=STYLED_ITEM('',(#3425),#3426);
#1035=STYLED_ITEM('',(#3427),#3428);
#1036=STYLED_ITEM('',(#3429),#3430);
#1037=STYLED_ITEM('',(#3431),#3432);
#1038=STYLED_ITEM('',(#3433),#3434);
#1039=STYLED_ITEM('',(#3435),#3436);
#1040=STYLED_ITEM('',(#3437),#3438);
#1041=STYLED_ITEM('',(#3439),#3440);
#1042=STYLED_ITEM('',(#3441),#3442);
#1043=STYLED_ITEM('',(#3443),#3444);
#1044=STYLED_ITEM('',(#3445),#3446);
#1045=STYLED_ITEM('',(#3447),#3448);
#1046=STYLED_ITEM('',(#3449),#3450);
#1047=STYLED_ITEM('',(#3451),#3452);
#1048=STYLED_ITEM('',(#3453),#3454);
#1049=STYLED_ITEM('',(#3455),#3456);
#1050=STYLED_ITEM('',(#3457),#3458);
#1051=STYLED_ITEM('',(#3459),#3460);
#1052=STYLED_ITEM('',(#3461),#3462);
#1053=STYLED_ITEM('',(#3463),#3464);
#1054=STYLED_ITEM('',(#3465),#3466);
#1055=STYLED_ITEM('',(#3467),#3468);
#1056=STYLED_ITEM('',(#3469),#3470);
#1057=STYLED_ITEM('',(#3471),#3472);
#1058=STYLED_ITEM('',(#3473),#3474);
#1059=STYLED_ITEM('',(#3475),#3476);
#1060=STYLED_ITEM('',(#3477),#3478);
#1061=STYLED_ITEM('',(#3479),#3480);
#1062=STYLED_ITEM('',(#3481),#3482);
#1063=STYLED_ITEM('',(#3483),#3484);
#1064=STYLED_ITEM('',(#3485),#3486);
#1065=STYLED_ITEM('',(#3487),#3488);
#1066=STYLED_ITEM('',(#3489),#3490);
#1067=STYLED_ITEM('',(#3491),#3492);
#1068=STYLED_ITEM('',(#3493),#3494);
#1069=STYLED_ITEM('',(#3495),#3496);
#1070=STYLED_ITEM('',(#3497),#3498);
#1071=STYLED_ITEM('',(#3499),#3500);
#1072=STYLED_ITEM('',(#3501),#3502);
#1073=STYLED_ITEM('',(#3503),#3504);
#1074=STYLED_ITEM('',(#3505),#3506);
#1075=STYLED_ITEM('',(#3507),#3508);
#1076=STYLED_ITEM('',(#3509),#3510);
#1077=STYLED_ITEM('',(#3511),#3512);
#1078=STYLED_ITEM('',(#3513),#3514);
#1079=STYLED_ITEM('',(#3515),#3516);
#1080=STYLED_ITEM('',(#3517),#3518);
#1081=STYLED_ITEM('',(#3519),#3520);
#1082=STYLED_ITEM('',(#3521),#3522);
#1083=STYLED_ITEM('',(#3523),#3524);
#1084=STYLED_ITEM('',(#3525),#3526);
#1085=STYLED_ITEM('',(#3527),#3528);
#1086=STYLED_ITEM('',(#3529),#3530);
#1087=STYLED_ITEM('',(#3531),#3532);
#1088=STYLED_ITEM('',(#3533),#3534);
#1089=STYLED_ITEM('',(#3535),#3536);
#1090=STYLED_ITEM('',(#3537),#3538);
#1091=STYLED_ITEM('',(#3539),#3540);
#1092=STYLED_ITEM('',(#3541),#3542);
#1093=STYLED_ITEM('',(#3543),#3544);
#1094=STYLED_ITEM('',(#3545),#3546);
#1095=STYLED_ITEM('',(#3547),#3548);
#1096=STYLED_ITEM('',(#3549),#3550);
#1097=STYLED_ITEM('',(#3551),#3552);
#1098=STYLED_ITEM('',(#3553),#3554);
#1099=STYLED_ITEM('',(#3555),#3556);
#1100=STYLED_ITEM('',(#3557),#3558);
#1101=STYLED_ITEM('',(#3559),#3560);
#1102=STYLED_ITEM('',(#3561),#3562);
#1103=STYLED_ITEM('',(#3563),#3564);
#1104=STYLED_ITEM('',(#3565),#3566);
#1105=STYLED_ITEM('',(#3567),#3568);
#1106=STYLED_ITEM('',(#3569),#3570);
#1107=STYLED_ITEM('',(#3571),#3572);
#1108=STYLED_ITEM('',(#3573),#3574);
#1109=STYLED_ITEM('',(#3575),#3576);
#1110=STYLED_ITEM('',(#3577),#3578);
#1111=STYLED_ITEM('',(#3579),#3580);
#1112=STYLED_ITEM('',(#3581),#3582);
#1113=STYLED_ITEM('',(#3583),#3584);
#1114=STYLED_ITEM('',(#3585),#3586);
#1115=STYLED_ITEM('',(#3587),#3588);
#1116=STYLED_ITEM('',(#3589),#3590);
#1117=STYLED_ITEM('',(#3591),#3592);
#1118=STYLED_ITEM('',(#3593),#3594);
#1119=STYLED_ITEM('',(#3595),#3596);
#1120=STYLED_ITEM('',(#3597),#3598);
#1121=STYLED_ITEM('',(#3599),#3600);
#1122=STYLED_ITEM('',(#3601),#3602);
#1123=STYLED_ITEM('',(#3603),#3604);
#1124=STYLED_ITEM('',(#3605),#3606);
#1125=STYLED_ITEM('',(#3607),#3608);
#1126=STYLED_ITEM('',(#3609),#3610);
#1127=STYLED_ITEM('',(#3611),#3612);
#1128=STYLED_ITEM('',(#3613),#3614);
#1129=STYLED_ITEM('',(#3615),#3616);
#1130=STYLED_ITEM('',(#3617),#3618);
#1131=STYLED_ITEM('',(#3619),#3620);
#1132=STYLED_ITEM('',(#3621),#3622);
#1133=STYLED_ITEM('',(#3623),#3624);
#1134=STYLED_ITEM('',(#3625),#3626);
#1135=STYLED_ITEM('',(#3627),#3628);
#1136=STYLED_ITEM('',(#3629),#3630);
#1137=STYLED_ITEM('',(#3631),#3632);
#1138=STYLED_ITEM('',(#3633),#3634);
#1139=STYLED_ITEM('',(#3635),#3636);
#1140=STYLED_ITEM('',(#3637),#3638);
#1141=STYLED_ITEM('',(#3639),#3640);
#1142=STYLED_ITEM('',(#3641),#3642);
#1143=STYLED_ITEM('',(#3643),#3644);
#1144=STYLED_ITEM('',(#3645),#3646);
#1145=STYLED_ITEM('',(#3647),#3648);
#1146=STYLED_ITEM('',(#3649),#3650);
#1147=STYLED_ITEM('',(#3651),#3652);
#1148=STYLED_ITEM('',(#3653),#3654);
#1149=STYLED_ITEM('',(#3655),#3656);
#1150=STYLED_ITEM('',(#3657),#3658);
#1151=STYLED_ITEM('',(#3659),#3660);
#1152=STYLED_ITEM('',(#3661),#3662);
#1153=STYLED_ITEM('',(#3663),#3664);
#1154=STYLED_ITEM('',(#3665),#3666);
#1155=STYLED_ITEM('',(#3667),#3668);
#1156=STYLED_ITEM('',(#3669),#3670);
#1157=STYLED_ITEM('',(#3671),#3672);
#1158=STYLED_ITEM('',(#3673),#3674);
#1159=STYLED_ITEM('',(#3675),#3676);
#1160=STYLED_ITEM('',(#3677),#3678);
#1161=STYLED_ITEM('',(#3679),#3680);
#1162=STYLED_ITEM('',(#3681),#3682);
#1163=STYLED_ITEM('',(#3683),#3684);
#1164=STYLED_ITEM('',(#3685),#3686);
#1165=STYLED_ITEM('',(#3687),#3688);
#1166=STYLED_ITEM('',(#3689),#3690);
#1167=STYLED_ITEM('',(#3691),#3692);
#1168=STYLED_ITEM('',(#3693),#3694);
#1169=STYLED_ITEM('',(#3695),#3696);
#1170=STYLED_ITEM('',(#3697),#3698);
#1171=STYLED_ITEM('',(#3699),#3700);
#1172=STYLED_ITEM('',(#3701),#3702);
#1173=STYLED_ITEM('',(#3703),#3704);
#1174=STYLED_ITEM('',(#3705),#3706);
#1175=STYLED_ITEM('',(#3707),#3708);
#1176=STYLED_ITEM('',(#3709),#3710);
#1177=STYLED_ITEM('',(#3711),#3712);
#1178=STYLED_ITEM('',(#3713),#3714);
#1179=STYLED_ITEM('',(#3715),#3716);
#1180=STYLED_ITEM('',(#3717),#3718);
#1181=STYLED_ITEM('',(#3719),#3720);
#1182=STYLED_ITEM('',(#3721),#3722);
#1183=STYLED_ITEM('',(#3723),#3724);
#1184=STYLED_ITEM('',(#3725),#3726);
#1185=STYLED_ITEM('',(#3727),#3728);
#1186=STYLED_ITEM('',(#3729),#3730);
#1187=STYLED_ITEM('',(#3731),#3732);
#1188=STYLED_ITEM('',(#3733),#3734);
#1189=STYLED_ITEM('',(#3735),#3736);
#1190=STYLED_ITEM('',(#3737),#3738);
#1191=STYLED_ITEM('',(#3739),#3740);
#1192=STYLED_ITEM('',(#3741),#3742);
#1193=STYLED_ITEM('',(#3743),#3744);
#1194=STYLED_ITEM('',(#3745),#3746);
#1195=STYLED_ITEM('',(#3747),#3748);
#1196=STYLED_ITEM('',(#3749),#3750);
#1197=STYLED_ITEM('',(#3751),#3752);
#1198=STYLED_ITEM('',(#3753),#3754);
#1199=STYLED_ITEM('',(#3755),#3756);
#1200=STYLED_ITEM('',(#3757),#3758);
#1201=STYLED_ITEM('',(#3759),#3760);
#1202=STYLED_ITEM('',(#3761),#3762);
#1203=STYLED_ITEM('',(#3763),#3764);
#1204=STYLED_ITEM('',(#3765),#3766);
#1205=STYLED_ITEM('',(#3767),#3768);
#1206=STYLED_ITEM('',(#3769),#3770);
#1207=STYLED_ITEM('',(#3771),#3772);
#1208=STYLED_ITEM('',(#3773),#3774);
#1209=STYLED_ITEM('',(#3775),#3776);
#1210=STYLED_ITEM('',(#3777),#3778);
#1211=STYLED_ITEM('',(#3779),#3780);
#1212=STYLED_ITEM('',(#3781),#3782);
#1213=STYLED_ITEM('',(#3783),#3784);
#1214=STYLED_ITEM('',(#3785),#3786);
#1215=STYLED_ITEM('',(#3787),#3788);
#1216=STYLED_ITEM('',(#3789),#3790);
#1217=STYLED_ITEM('',(#3791),#3792);
#1218=STYLED_ITEM('',(#3793),#3794);
#1219=STYLED_ITEM('',(#3795),#3796);
#1220=STYLED_ITEM('',(#3797),#3798);
#1221=STYLED_ITEM('',(#3799),#3800);
#1222=STYLED_ITEM('',(#3801),#3802);
#1223=STYLED_ITEM('',(#3803),#3804);
#1224=STYLED_ITEM('',(#3805),#3806);
#1225=STYLED_ITEM('',(#3807),#3808);
#1226=STYLED_ITEM('',(#3809),#3810);
#1227=STYLED_ITEM('',(#3811),#3812);
#1228=STYLED_ITEM('',(#3813),#3814);
#1229=STYLED_ITEM('',(#3815),#3816);
#1230=STYLED_ITEM('',(#3817),#3818);
#1231=STYLED_ITEM('',(#3819),#3820);
#1232=STYLED_ITEM('',(#3821),#3822);
#1233=STYLED_ITEM('',(#3823),#3824);
#1234=STYLED_ITEM('',(#3825),#3826);
#1235=STYLED_ITEM('',(#3827),#3828);
#1236=STYLED_ITEM('',(#3829),#3830);
#1237=STYLED_ITEM('',(#3831),#3832);
#1238=STYLED_ITEM('',(#3833),#3834);
#1239=STYLED_ITEM('',(#3835),#3836);
#1240=STYLED_ITEM('',(#3837),#3838);
#1241=STYLED_ITEM('',(#3839),#3840);
#1242=STYLED_ITEM('',(#3841),#3842);
#1243=STYLED_ITEM('',(#3843),#3844);
#1244=STYLED_ITEM('',(#3845),#3846);
#1245=STYLED_ITEM('',(#3847),#3848);
#1246=STYLED_ITEM('',(#3849),#3850);
#1247=STYLED_ITEM('',(#3851),#3852);
#1248=STYLED_ITEM('',(#3853),#3854);
#1249=STYLED_ITEM('',(#3855),#3856);
#1250=STYLED_ITEM('',(#3857),#3858);
#1251=STYLED_ITEM('',(#3859),#3860);
#1252=STYLED_ITEM('',(#3861),#3862);
#1253=STYLED_ITEM('',(#3863),#3864);
#1254=STYLED_ITEM('',(#3865),#3866);
#1255=STYLED_ITEM('',(#3867),#3868);
#1256=STYLED_ITEM('',(#3869),#3870);
#1257=STYLED_ITEM('',(#3871),#3872);
#1258=STYLED_ITEM('',(#3873),#3874);
#1259=STYLED_ITEM('',(#3875),#3876);
#1260=STYLED_ITEM('',(#3877),#3878);
#1261=STYLED_ITEM('',(#3879),#3880);
#1262=STYLED_ITEM('',(#3881),#3882);
#1263=STYLED_ITEM('',(#3883),#3884);
#1264=STYLED_ITEM('',(#3885),#3886);
#1265=STYLED_ITEM('',(#3887),#3888);
#1266=STYLED_ITEM('',(#3889),#3890);
#1267=STYLED_ITEM('',(#3891),#3892);
#1268=STYLED_ITEM('',(#3893),#3894);
#1269=STYLED_ITEM('',(#3895),#3896);
#1270=STYLED_ITEM('',(#3897),#3898);
#1271=STYLED_ITEM('',(#3899),#3900);
#1272=STYLED_ITEM('',(#3901),#3902);
#1273=STYLED_ITEM('',(#3903),#3904);
#1274=STYLED_ITEM('',(#3905),#3906);
#1275=STYLED_ITEM('',(#3907),#3908);
#1276=STYLED_ITEM('',(#3909),#3910);
#1277=STYLED_ITEM('',(#3911),#3912);
#1278=STYLED_ITEM('',(#3913),#3914);
#1279=STYLED_ITEM('',(#3915),#3916);
#1280=STYLED_ITEM('',(#3917),#3918);
#1281=STYLED_ITEM('',(#3919),#3920);
#1282=STYLED_ITEM('',(#3921),#3922);
#1283=STYLED_ITEM('',(#3923),#3924);
#1284=STYLED_ITEM('',(#3925),#3926);
#1285=STYLED_ITEM('',(#3927),#3928);
#1286=STYLED_ITEM('',(#3929),#3930);
#1287=STYLED_ITEM('',(#3931),#3932);
#1288=STYLED_ITEM('',(#3933),#3934);
#1289=STYLED_ITEM('',(#3935),#3936);
#1290=STYLED_ITEM('',(#3937),#3938);
#1291=STYLED_ITEM('',(#3939),#3940);
#1292=STYLED_ITEM('',(#3941),#3942);
#1293=STYLED_ITEM('',(#3943),#3944);
#1294=STYLED_ITEM('',(#3945),#3946);
#1295=STYLED_ITEM('',(#3947),#3948);
#1296=STYLED_ITEM('',(#3949),#3950);
#1297=STYLED_ITEM('',(#3951),#3952);
#1298=STYLED_ITEM('',(#3953),#3954);
#1299=STYLED_ITEM('',(#3955),#3956);
#1300=STYLED_ITEM('',(#3957),#3958);
#1301=STYLED_ITEM('',(#3959),#3960);
#1302=STYLED_ITEM('',(#3961),#3962);
#1303=STYLED_ITEM('',(#3963),#3964);
#1304=STYLED_ITEM('',(#3965),#3966);
#1305=STYLED_ITEM('',(#3967),#3968);
#1306=STYLED_ITEM('',(#3969),#3970);
#1307=STYLED_ITEM('',(#3971),#3972);
#1308=STYLED_ITEM('',(#3973),#3974);
#1309=STYLED_ITEM('',(#3975),#3976);
#1310=STYLED_ITEM('',(#3977),#3978);
#1311=STYLED_ITEM('',(#3979),#3980);
#1312=STYLED_ITEM('',(#3981),#3982);
#1313=STYLED_ITEM('',(#3983),#3984);
#1314=STYLED_ITEM('',(#3985),#3986);
#1315=STYLED_ITEM('',(#3987),#3988);
#1316=STYLED_ITEM('',(#3989),#3990);
#1317=STYLED_ITEM('',(#3991),#3992);
#1318=STYLED_ITEM('',(#3993),#3994);
#1319=STYLED_ITEM('',(#3995),#3996);
#1320=STYLED_ITEM('',(#3997),#3998);
#1321=STYLED_ITEM('',(#3999),#4000);
#1322=STYLED_ITEM('',(#4001),#4002);
#1323=STYLED_ITEM('',(#4003),#4004);
#1324=STYLED_ITEM('',(#4005),#4006);
#1325=STYLED_ITEM('',(#4007),#4008);
#1326=STYLED_ITEM('',(#4009),#4010);
#1327=STYLED_ITEM('',(#4011),#4012);
#1328=STYLED_ITEM('',(#4013),#4014);
#1329=STYLED_ITEM('',(#4015),#4016);
#1330=STYLED_ITEM('',(#4017),#4018);
#1331=STYLED_ITEM('',(#4019),#4020);
#1332=STYLED_ITEM('',(#4021),#4022);
#1333=STYLED_ITEM('',(#4023),#4024);
#1334=STYLED_ITEM('',(#4025),#4026);
#1335=STYLED_ITEM('',(#4027),#4028);
#1336=STYLED_ITEM('',(#4029),#4030);
#1337=STYLED_ITEM('',(#4031),#4032);
#1338=STYLED_ITEM('',(#4033),#4034);
#1339=STYLED_ITEM('',(#4035),#4036);
#1340=STYLED_ITEM('',(#4037),#4038);
#1341=STYLED_ITEM('',(#4039),#4040);
#1342=STYLED_ITEM('',(#4041),#4042);
#1343=STYLED_ITEM('',(#4043),#4044);
#1344=STYLED_ITEM('',(#4045),#4046);
#1345=STYLED_ITEM('',(#4047),#4048);
#1346=STYLED_ITEM('',(#4049),#4050);
#1347=STYLED_ITEM('',(#4051),#4052);
#1348=STYLED_ITEM('',(#4053),#4054);
#1349=STYLED_ITEM('',(#4055),#4056);
#1350=STYLED_ITEM('',(#4057),#4058);
#1351=STYLED_ITEM('',(#4059),#4060);
#1352=STYLED_ITEM('',(#4061),#4062);
#1353=STYLED_ITEM('',(#4063),#4064);
#1354=STYLED_ITEM('',(#4065),#4066);
#1355=STYLED_ITEM('',(#4067),#4068);
#1356=STYLED_ITEM('',(#4069),#4070);
#1357=STYLED_ITEM('',(#4071),#4072);
#1358=STYLED_ITEM('',(#4073),#4074);
#1359=STYLED_ITEM('',(#4075),#4076);
#1360=STYLED_ITEM('',(#4077),#4078);
#1361=STYLED_ITEM('',(#4079),#4080);
#1362=STYLED_ITEM('',(#4081),#4082);
#1363=STYLED_ITEM('',(#4083),#4084);
#1364=APPLICATION_CONTEXT(' ');
#1365=PRODUCT_CATEGORY('part','NONE');
#1366=PRODUCT_RELATED_PRODUCT_CATEGORY('detail',' ',(#4085));
#1367=PRODUCT_DEFINITION_SHAPE('NONE','NONE',#4086);
#1368=ADVANCED_BREP_SHAPE_REPRESENTATION('1',(#4087,#4088),#6);
#1371=UNCERTAINTY_MEASURE_WITH_UNIT(LENGTH_MEASURE(1.0E-006),#1373,'','');
#1373= (CONVERSION_BASED_UNIT('MILLIMETRE',#4091)LENGTH_UNIT()NAMED_UNIT(#4094));
#1374= (NAMED_UNIT(#4096)PLANE_ANGLE_UNIT()SI_UNIT($,.RADIAN.));
#1375= (NAMED_UNIT(#4096)SOLID_ANGLE_UNIT()SI_UNIT($,.STERADIAN.));
#1377=PRESENTATION_STYLE_ASSIGNMENT((#4102));
#1378=ADVANCED_FACE('',(#4103),#4104,.T.);
#1379=PRESENTATION_STYLE_ASSIGNMENT((#4105));
#1380=VERTEX_POINT('',#4106);
#1381=PRESENTATION_STYLE_ASSIGNMENT((#4107));
#1382=EDGE_CURVE('',#2090,#2932,#4108,.T.);
#1383=PRESENTATION_STYLE_ASSIGNMENT((#4109));
#1384=VERTEX_POINT('',#4110);
#1385=PRESENTATION_STYLE_ASSIGNMENT((#4111));
#1386=VERTEX_POINT('',#4112);
#1387=PRESENTATION_STYLE_ASSIGNMENT((#4113));
#1388=ADVANCED_FACE('',(#4114),#4115,.T.);
#1389=PRESENTATION_STYLE_ASSIGNMENT((#4116));
#1390=EDGE_CURVE('',#1972,#2872,#4117,.T.);
#1391=PRESENTATION_STYLE_ASSIGNMENT((#4118));
#1392=EDGE_CURVE('',#1460,#3090,#4119,.T.);
#1393=PRESENTATION_STYLE_ASSIGNMENT((#4120));
#1394=ADVANCED_FACE('',(#4121),#4122,.T.);
#1395=PRESENTATION_STYLE_ASSIGNMENT((#4123));
#1396=EDGE_CURVE('',#3498,#2412,#4124,.T.);
#1397=PRESENTATION_STYLE_ASSIGNMENT((#4125));
#1398=EDGE_CURVE('',#3538,#2502,#4126,.T.);
#1399=PRESENTATION_STYLE_ASSIGNMENT((#4127));
#1400=EDGE_CURVE('',#3412,#1768,#4128,.T.);
#1401=PRESENTATION_STYLE_ASSIGNMENT((#4129));
#1402=VERTEX_POINT('',#4130);
#1403=PRESENTATION_STYLE_ASSIGNMENT((#4131));
#1404=EDGE_CURVE('',#3216,#2066,#4132,.T.);
#1405=PRESENTATION_STYLE_ASSIGNMENT((#4133));
#1406=VERTEX_POINT('',#4134);
#1407=PRESENTATION_STYLE_ASSIGNMENT((#4135));
#1408=EDGE_CURVE('',#2216,#3042,#4136,.T.);
#1409=PRESENTATION_STYLE_ASSIGNMENT((#4137));
#1410=ADVANCED_FACE('',(#4138),#4139,.T.);
#1411=PRESENTATION_STYLE_ASSIGNMENT((#4140));
#1412=ADVANCED_FACE('',(#4141),#4142,.T.);
#1413=PRESENTATION_STYLE_ASSIGNMENT((#4143));
#1414=ADVANCED_FACE('',(#4144),#4145,.F.);
#1415=PRESENTATION_STYLE_ASSIGNMENT((#4146));
#1416=EDGE_CURVE('',#2526,#4028,#4147,.T.);
#1417=PRESENTATION_STYLE_ASSIGNMENT((#4148));
#1418=ADVANCED_FACE('',(#4149),#4150,.T.);
#1419=PRESENTATION_STYLE_ASSIGNMENT((#4151));
#1420=VERTEX_POINT('',#4152);
#1421=PRESENTATION_STYLE_ASSIGNMENT((#4153));
#1422=VERTEX_POINT('',#4154);
#1423=PRESENTATION_STYLE_ASSIGNMENT((#4155));
#1424=VERTEX_POINT('',#4156);
#1425=PRESENTATION_STYLE_ASSIGNMENT((#4157));
#1426=ADVANCED_FACE('',(#4158),#4159,.F.);
#1427=PRESENTATION_STYLE_ASSIGNMENT((#4160));
#1428=EDGE_CURVE('',#1724,#3104,#4161,.T.);
#1429=PRESENTATION_STYLE_ASSIGNMENT((#4162));
#1430=EDGE_CURVE('',#1918,#3294,#4163,.T.);
#1431=PRESENTATION_STYLE_ASSIGNMENT((#4164));
#1432=ADVANCED_FACE('',(#4165,#4166),#4167,.F.);
#1433=PRESENTATION_STYLE_ASSIGNMENT((#4168));
#1434=EDGE_CURVE('',#1696,#3816,#4169,.T.);
#1435=PRESENTATION_STYLE_ASSIGNMENT((#4170));
#1436=EDGE_CURVE('',#3382,#3230,#4171,.T.);
#1437=PRESENTATION_STYLE_ASSIGNMENT((#4172));
#1438=VERTEX_POINT('',#4173);
#1439=PRESENTATION_STYLE_ASSIGNMENT((#4174));
#1440=EDGE_CURVE('',#1474,#1770,#4175,.T.);
#1441=PRESENTATION_STYLE_ASSIGNMENT((#4176));
#1442=ADVANCED_FACE('',(#4177),#4178,.F.);
#1443=PRESENTATION_STYLE_ASSIGNMENT((#4179));
#1444=VERTEX_POINT('',#4180);
#1445=PRESENTATION_STYLE_ASSIGNMENT((#4181));
#1446=VERTEX_POINT('',#4182);
#1447=PRESENTATION_STYLE_ASSIGNMENT((#4183));
#1448=ADVANCED_FACE('',(#4184),#4185,.T.);
#1449=PRESENTATION_STYLE_ASSIGNMENT((#4186));
#1450=ADVANCED_FACE('',(#4187),#4188,.F.);
#1451=PRESENTATION_STYLE_ASSIGNMENT((#4189));
#1452=VERTEX_POINT('',#4190);
#1453=PRESENTATION_STYLE_ASSIGNMENT((#4191));
#1454=ADVANCED_FACE('',(#4192),#4193,.T.);
#1455=PRESENTATION_STYLE_ASSIGNMENT((#4194));
#1456=VERTEX_POINT('',#4195);
#1457=PRESENTATION_STYLE_ASSIGNMENT((#4196));
#1458=EDGE_CURVE('',#4038,#1556,#4197,.T.);
#1459=PRESENTATION_STYLE_ASSIGNMENT((#4198));
#1460=VERTEX_POINT('',#4199);
#1461=PRESENTATION_STYLE_ASSIGNMENT((#4200));
#1462=EDGE_CURVE('',#2854,#3072,#4201,.T.);
#1463=PRESENTATION_STYLE_ASSIGNMENT((#4202));
#1464=EDGE_CURVE('',#3542,#2078,#4203,.T.);
#1465=PRESENTATION_STYLE_ASSIGNMENT((#4204));
#1466=EDGE_CURVE('',#1566,#3074,#4205,.T.);
#1467=PRESENTATION_STYLE_ASSIGNMENT((#4206));
#1468=VERTEX_POINT('',#4207);
#1469=PRESENTATION_STYLE_ASSIGNMENT((#4208));
#1470=EDGE_CURVE('',#2986,#3172,#4209,.T.);
#1471=PRESENTATION_STYLE_ASSIGNMENT((#4210));
#1472=VERTEX_POINT('',#4211);
#1473=PRESENTATION_STYLE_ASSIGNMENT((#4212));
#1474=VERTEX_POINT('',#4213);
#1475=PRESENTATION_STYLE_ASSIGNMENT((#4214));
#1476=EDGE_CURVE('',#3826,#3008,#4215,.T.);
#1477=PRESENTATION_STYLE_ASSIGNMENT((#4216));
#1478=ADVANCED_FACE('',(#4217),#4218,.F.);
#1479=PRESENTATION_STYLE_ASSIGNMENT((#4219));
#1480=VERTEX_POINT('',#4220);
#1481=PRESENTATION_STYLE_ASSIGNMENT((#4221));
#1482=EDGE_CURVE('',#1674,#1452,#4222,.T.);
#1483=PRESENTATION_STYLE_ASSIGNMENT((#4223));
#1484=ADVANCED_FACE('',(#4224),#4225,.F.);
#1485=PRESENTATION_STYLE_ASSIGNMENT((#4226));
#1486=ADVANCED_FACE('',(#4227),#4228,.F.);
#1487=PRESENTATION_STYLE_ASSIGNMENT((#4229));
#1488=VERTEX_POINT('',#4230);
#1489=PRESENTATION_STYLE_ASSIGNMENT((#4231));
#1490=EDGE_CURVE('',#1752,#2518,#4232,.T.);
#1491=PRESENTATION_STYLE_ASSIGNMENT((#4233));
#1492=ADVANCED_FACE('',(#4234),#4235,.F.);
#1493=PRESENTATION_STYLE_ASSIGNMENT((#4236));
#1494=VERTEX_POINT('',#4237);
#1495=PRESENTATION_STYLE_ASSIGNMENT((#4238));
#1496=ADVANCED_FACE('',(#4239,#4240),#4241,.F.);
#1497=PRESENTATION_STYLE_ASSIGNMENT((#4242));
#1498=ADVANCED_FACE('',(#4243),#4244,.F.);
#1499=PRESENTATION_STYLE_ASSIGNMENT((#4245));
#1500=ADVANCED_FACE('',(#4246),#4247,.F.);
#1501=PRESENTATION_STYLE_ASSIGNMENT((#4248));
#1502=EDGE_CURVE('',#3650,#2278,#4249,.T.);
#1503=PRESENTATION_STYLE_ASSIGNMENT((#4250));
#1504=EDGE_CURVE('',#1730,#1530,#4251,.T.);
#1505=PRESENTATION_STYLE_ASSIGNMENT((#4252));
#1506=VERTEX_POINT('',#4253);
#1507=PRESENTATION_STYLE_ASSIGNMENT((#4254));
#1508=EDGE_CURVE('',#2420,#3670,#4255,.T.);
#1509=PRESENTATION_STYLE_ASSIGNMENT((#4256));
#1510=EDGE_CURVE('',#3838,#4014,#4257,.T.);
#1511=PRESENTATION_STYLE_ASSIGNMENT((#4258));
#1512=VERTEX_POINT('',#4259);
#1513=PRESENTATION_STYLE_ASSIGNMENT((#4260));
#1514=VERTEX_POINT('',#4261);
#1515=PRESENTATION_STYLE_ASSIGNMENT((#4262));
#1516=VERTEX_POINT('',#4263);
#1517=PRESENTATION_STYLE_ASSIGNMENT((#4264));
#1518=EDGE_CURVE('',#2814,#3724,#4265,.T.);
#1519=PRESENTATION_STYLE_ASSIGNMENT((#4266));
#1520=VERTEX_POINT('',#4267);
#1521=PRESENTATION_STYLE_ASSIGNMENT((#4268));
#1522=VERTEX_POINT('',#4269);
#1523=PRESENTATION_STYLE_ASSIGNMENT((#4270));
#1524=ADVANCED_FACE('',(#4271),#4272,.F.);
#1525=PRESENTATION_STYLE_ASSIGNMENT((#4273));
#1526=ADVANCED_FACE('',(#4274,#4275),#4276,.F.);
#1527=PRESENTATION_STYLE_ASSIGNMENT((#4277));
#1528=EDGE_CURVE('',#3844,#1872,#4278,.T.);
#1529=PRESENTATION_STYLE_ASSIGNMENT((#4279));
#1530=VERTEX_POINT('',#4280);
#1531=PRESENTATION_STYLE_ASSIGNMENT((#4281));
#1532=EDGE_CURVE('',#1612,#2734,#4282,.T.);
#1533=PRESENTATION_STYLE_ASSIGNMENT((#4283));
#1534=VERTEX_POINT('',#4284);
#1535=PRESENTATION_STYLE_ASSIGNMENT((#4285));
#1536=ADVANCED_FACE('',(#4286),#4287,.F.);
#1537=PRESENTATION_STYLE_ASSIGNMENT((#4288));
#1538=VERTEX_POINT('',#4289);
#1539=PRESENTATION_STYLE_ASSIGNMENT((#4290));
#1540=EDGE_CURVE('',#1714,#3640,#4291,.T.);
#1541=PRESENTATION_STYLE_ASSIGNMENT((#4292));
#1542=ADVANCED_FACE('',(#4293,#4294,#4295,#4296,#4297,#4298,#4299),#4300,.T.);
#1543=PRESENTATION_STYLE_ASSIGNMENT((#4301));
#1544=VERTEX_POINT('',#4302);
#1545=PRESENTATION_STYLE_ASSIGNMENT((#4303));
#1546=EDGE_CURVE('',#1882,#2150,#4304,.T.);
#1547=PRESENTATION_STYLE_ASSIGNMENT((#4305));
#1548=EDGE_CURVE('',#2990,#3324,#4306,.T.);
#1549=PRESENTATION_STYLE_ASSIGNMENT((#4307));
#1550=EDGE_CURVE('',#2880,#2328,#4308,.T.);
#1551=PRESENTATION_STYLE_ASSIGNMENT((#4309));
#1552=ADVANCED_FACE('',(#4310),#4311,.T.);
#1553=PRESENTATION_STYLE_ASSIGNMENT((#4312));
#1554=VERTEX_POINT('',#4313);
#1555=PRESENTATION_STYLE_ASSIGNMENT((#4314));
#1556=VERTEX_POINT('',#4315);
#1557=PRESENTATION_STYLE_ASSIGNMENT((#4316));
#1558=VERTEX_POINT('',#4317);
#1559=PRESENTATION_STYLE_ASSIGNMENT((#4318));
#1560=EDGE_CURVE('',#2404,#2546,#4319,.T.);
#1561=PRESENTATION_STYLE_ASSIGNMENT((#4320));
#1562=EDGE_CURVE('',#2040,#2770,#4321,.T.);
#1563=PRESENTATION_STYLE_ASSIGNMENT((#4322));
#1564=EDGE_CURVE('',#1768,#3094,#4323,.T.);
#1565=PRESENTATION_STYLE_ASSIGNMENT((#4324));
#1566=VERTEX_POINT('',#4325);
#1567=PRESENTATION_STYLE_ASSIGNMENT((#4326));
#1568=EDGE_CURVE('',#1616,#2710,#4327,.T.);
#1569=PRESENTATION_STYLE_ASSIGNMENT((#4328));
#1570=VERTEX_POINT('',#4329);
#1571=PRESENTATION_STYLE_ASSIGNMENT((#4330));
#1572=EDGE_CURVE('',#2786,#3640,#4331,.T.);
#1573=PRESENTATION_STYLE_ASSIGNMENT((#4332));
#1574=EDGE_CURVE('',#3660,#2096,#4333,.T.);
#1575=PRESENTATION_STYLE_ASSIGNMENT((#4334));
#1576=EDGE_CURVE('',#2746,#3824,#4335,.T.);
#1577=PRESENTATION_STYLE_ASSIGNMENT((#4336));
#1578=VERTEX_POINT('',#4337);
#1579=PRESENTATION_STYLE_ASSIGNMENT((#4338));
#1580=EDGE_CURVE('',#2228,#2746,#4339,.T.);
#1581=PRESENTATION_STYLE_ASSIGNMENT((#4340));
#1582=EDGE_CURVE('',#2688,#3450,#4341,.T.);
#1583=PRESENTATION_STYLE_ASSIGNMENT((#4342));
#1584=EDGE_CURVE('',#2304,#3876,#4343,.T.);
#1585=PRESENTATION_STYLE_ASSIGNMENT((#4344));
#1586=EDGE_CURVE('',#3532,#2710,#4345,.T.);
#1587=PRESENTATION_STYLE_ASSIGNMENT((#4346));
#1588=VERTEX_POINT('',#4347);
#1589=PRESENTATION_STYLE_ASSIGNMENT((#4348));
#1590=EDGE_CURVE('',#2404,#2368,#4349,.T.);
#1591=PRESENTATION_STYLE_ASSIGNMENT((#4350));
#1592=EDGE_CURVE('',#3392,#1846,#4351,.T.);
#1593=PRESENTATION_STYLE_ASSIGNMENT((#4352));
#1594=EDGE_CURVE('',#2078,#1406,#4353,.T.);
#1595=PRESENTATION_STYLE_ASSIGNMENT((#4354));
#1596=VERTEX_POINT('',#4355);
#1597=PRESENTATION_STYLE_ASSIGNMENT((#4356));
#1598=VERTEX_POINT('',#4357);
#1599=PRESENTATION_STYLE_ASSIGNMENT((#4358));
#1600=ADVANCED_FACE('',(#4359),#4360,.F.);
#1601=PRESENTATION_STYLE_ASSIGNMENT((#4361));
#1602=VERTEX_POINT('',#4362);
#1603=PRESENTATION_STYLE_ASSIGNMENT((#4363));
#1604=VERTEX_POINT('',#4364);
#1605=PRESENTATION_STYLE_ASSIGNMENT((#4365));
#1606=VERTEX_POINT('',#4366);
#1607=PRESENTATION_STYLE_ASSIGNMENT((#4367));
#1608=EDGE_CURVE('',#1420,#1958,#4368,.T.);
#1609=PRESENTATION_STYLE_ASSIGNMENT((#4369));
#1610=EDGE_CURVE('',#1380,#1514,#4370,.T.);
#1611=PRESENTATION_STYLE_ASSIGNMENT((#4371));
#1612=VERTEX_POINT('',#4372);
#1613=PRESENTATION_STYLE_ASSIGNMENT((#4373));
#1614=VERTEX_POINT('',#4374);
#1615=PRESENTATION_STYLE_ASSIGNMENT((#4375));
#1616=VERTEX_POINT('',#4376);
#1617=PRESENTATION_STYLE_ASSIGNMENT((#4377));
#1618=EDGE_CURVE('',#3144,#3592,#4378,.T.);
#1619=PRESENTATION_STYLE_ASSIGNMENT((#4379));
#1620=EDGE_CURVE('',#1570,#3680,#4380,.T.);
#1621=PRESENTATION_STYLE_ASSIGNMENT((#4381));
#1622=EDGE_CURVE('',#2524,#3052,#4382,.T.);
#1623=PRESENTATION_STYLE_ASSIGNMENT((#4383));
#1624=ADVANCED_FACE('',(#4384),#4385,.F.);
#1625=PRESENTATION_STYLE_ASSIGNMENT((#4386));
#1626=ADVANCED_FACE('',(#4387),#4388,.T.);
#1627=PRESENTATION_STYLE_ASSIGNMENT((#4389));
#1628=EDGE_CURVE('',#3300,#2728,#4390,.T.);
#1629=PRESENTATION_STYLE_ASSIGNMENT((#4391));
#1630=VERTEX_POINT('',#4392);
#1631=PRESENTATION_STYLE_ASSIGNMENT((#4393));
#1632=ADVANCED_FACE('',(#4394,#4395),#4396,.F.);
#1633=PRESENTATION_STYLE_ASSIGNMENT((#4397));
#1634=EDGE_CURVE('',#3142,#1772,#4398,.T.);
#1635=PRESENTATION_STYLE_ASSIGNMENT((#4399));
#1636=EDGE_CURVE('',#3840,#3532,#4400,.T.);
#1637=PRESENTATION_STYLE_ASSIGNMENT((#4401));
#1638=EDGE_CURVE('',#2904,#4044,#4402,.T.);
#1639=PRESENTATION_STYLE_ASSIGNMENT((#4403));
#1640=EDGE_CURVE('',#3876,#3712,#4404,.T.);
#1641=PRESENTATION_STYLE_ASSIGNMENT((#4405));
#1642=EDGE_CURVE('',#3456,#3942,#4406,.T.);
#1643=PRESENTATION_STYLE_ASSIGNMENT((#4407));
#1644=EDGE_CURVE('',#2854,#2388,#4408,.T.);
#1645=PRESENTATION_STYLE_ASSIGNMENT((#4409));
#1646=VERTEX_POINT('',#4410);
#1647=PRESENTATION_STYLE_ASSIGNMENT((#4411));
#1648=EDGE_CURVE('',#3204,#3874,#4412,.T.);
#1649=PRESENTATION_STYLE_ASSIGNMENT((#4413));
#1650=VERTEX_POINT('',#4414);
#1651=PRESENTATION_STYLE_ASSIGNMENT((#4415));
#1652=EDGE_CURVE('',#3184,#2390,#4416,.T.);
#1653=PRESENTATION_STYLE_ASSIGNMENT((#4417));
#1654=EDGE_CURVE('',#2798,#2010,#4418,.T.);
#1655=PRESENTATION_STYLE_ASSIGNMENT((#4419));
#1656=VERTEX_POINT('',#4420);
#1657=PRESENTATION_STYLE_ASSIGNMENT((#4421));
#1658=EDGE_CURVE('',#3402,#2518,#4422,.T.);
#1659=PRESENTATION_STYLE_ASSIGNMENT((#4423));
#1660=ADVANCED_FACE('',(#4424),#4425,.T.);
#1661=PRESENTATION_STYLE_ASSIGNMENT((#4426));
#1662=ADVANCED_FACE('',(#4427,#4428),#4429,.F.);
#1663=PRESENTATION_STYLE_ASSIGNMENT((#4430));
#1664=EDGE_CURVE('',#3302,#2310,#4431,.T.);
#1665=PRESENTATION_STYLE_ASSIGNMENT((#4432));
#1666=VERTEX_POINT('',#4433);
#1667=PRESENTATION_STYLE_ASSIGNMENT((#4434));
#1668=EDGE_CURVE('',#3466,#2168,#4435,.T.);
#1669=PRESENTATION_STYLE_ASSIGNMENT((#4436));
#1670=EDGE_CURVE('',#1544,#1788,#4437,.T.);
#1671=PRESENTATION_STYLE_ASSIGNMENT((#4438));
#1672=EDGE_CURVE('',#1848,#3852,#4439,.T.);
#1673=PRESENTATION_STYLE_ASSIGNMENT((#4440));
#1674=VERTEX_POINT('',#4441);
#1675=PRESENTATION_STYLE_ASSIGNMENT((#4442));
#1676=ADVANCED_FACE('',(#4443),#4444,.T.);
#1677=PRESENTATION_STYLE_ASSIGNMENT((#4445));
#1678=ADVANCED_FACE('',(#4446),#4447,.F.);
#1679=PRESENTATION_STYLE_ASSIGNMENT((#4448));
#1680=VERTEX_POINT('',#4449);
#1681=PRESENTATION_STYLE_ASSIGNMENT((#4450));
#1682=EDGE_CURVE('',#2306,#3892,#4451,.T.);
#1683=PRESENTATION_STYLE_ASSIGNMENT((#4452));
#1684=EDGE_CURVE('',#3160,#2384,#4453,.T.);
#1685=PRESENTATION_STYLE_ASSIGNMENT((#4454));
#1686=VERTEX_POINT('',#4455);
#1687=PRESENTATION_STYLE_ASSIGNMENT((#4456));
#1688=EDGE_CURVE('',#2342,#2488,#4457,.T.);
#1689=PRESENTATION_STYLE_ASSIGNMENT((#4458));
#1690=VERTEX_POINT('',#4459);
#1691=PRESENTATION_STYLE_ASSIGNMENT((#4460));
#1692=ADVANCED_FACE('',(#4461),#4462,.T.);
#1693=PRESENTATION_STYLE_ASSIGNMENT((#4463));
#1694=VERTEX_POINT('',#4464);
#1695=PRESENTATION_STYLE_ASSIGNMENT((#4465));
#1696=VERTEX_POINT('',#4466);
#1697=PRESENTATION_STYLE_ASSIGNMENT((#4467));
#1698=EDGE_CURVE('',#2060,#1472,#4468,.T.);
#1699=PRESENTATION_STYLE_ASSIGNMENT((#4469));
#1700=ADVANCED_FACE('',(#4470),#4471,.F.);
#1701=PRESENTATION_STYLE_ASSIGNMENT((#4472));
#1702=EDGE_CURVE('',#3780,#3286,#4473,.T.);
#1703=PRESENTATION_STYLE_ASSIGNMENT((#4474));
#1704=ADVANCED_FACE('',(#4475),#4476,.F.);
#1705=PRESENTATION_STYLE_ASSIGNMENT((#4477));
#1706=VERTEX_POINT('',#4478);
#1707=PRESENTATION_STYLE_ASSIGNMENT((#4479));
#1708=EDGE_CURVE('',#2076,#3146,#4480,.T.);
#1709=PRESENTATION_STYLE_ASSIGNMENT((#4481));
#1710=VERTEX_POINT('',#4482);
#1711=PRESENTATION_STYLE_ASSIGNMENT((#4483));
#1712=EDGE_CURVE('',#3372,#1402,#4484,.T.);
#1713=PRESENTATION_STYLE_ASSIGNMENT((#4485));
#1714=VERTEX_POINT('',#4486);
#1715=PRESENTATION_STYLE_ASSIGNMENT((#4487));
#1716=EDGE_CURVE('',#2168,#2438,#4488,.T.);
#1717=PRESENTATION_STYLE_ASSIGNMENT((#4489));
#1718=EDGE_CURVE('',#1512,#3460,#4490,.T.);
#1719=PRESENTATION_STYLE_ASSIGNMENT((#4491));
#1720=EDGE_CURVE('',#2396,#3674,#4492,.T.);
#1721=PRESENTATION_STYLE_ASSIGNMENT((#4493));
#1722=EDGE_CURVE('',#3398,#3032,#4494,.T.);
#1723=PRESENTATION_STYLE_ASSIGNMENT((#4495));
#1724=VERTEX_POINT('',#4496);
#1725=PRESENTATION_STYLE_ASSIGNMENT((#4497));
#1726=EDGE_CURVE('',#2390,#3722,#4498,.T.);
#1727=PRESENTATION_STYLE_ASSIGNMENT((#4499));
#1728=ADVANCED_FACE('',(#4500),#4501,.T.);
#1729=PRESENTATION_STYLE_ASSIGNMENT((#4502));
#1730=VERTEX_POINT('',#4503);
#1731=PRESENTATION_STYLE_ASSIGNMENT((#4504));
#1732=EDGE_CURVE('',#3090,#3898,#4505,.T.);
#1733=PRESENTATION_STYLE_ASSIGNMENT((#4506));
#1734=EDGE_CURVE('',#3932,#2752,#4507,.T.);
#1735=PRESENTATION_STYLE_ASSIGNMENT((#4508));
#1736=EDGE_CURVE('',#1770,#3160,#4509,.T.);
#1737=PRESENTATION_STYLE_ASSIGNMENT((#4510));
#1738=EDGE_CURVE('',#3248,#3042,#4511,.T.);
#1739=PRESENTATION_STYLE_ASSIGNMENT((#4512));
#1740=VERTEX_POINT('',#4513);
#1741=PRESENTATION_STYLE_ASSIGNMENT((#4514));
#1742=EDGE_CURVE('',#3202,#1860,#4515,.T.);
#1743=PRESENTATION_STYLE_ASSIGNMENT((#4516));
#1744=ADVANCED_FACE('',(#4517),#4518,.F.);
#1745=PRESENTATION_STYLE_ASSIGNMENT((#4519));
#1746=ADVANCED_FACE('',(#4520),#4521,.F.);
#1747=PRESENTATION_STYLE_ASSIGNMENT((#4522));
#1748=EDGE_CURVE('',#3078,#2082,#4523,.T.);
#1749=PRESENTATION_STYLE_ASSIGNMENT((#4524));
#1750=VERTEX_POINT('',#4525);
#1751=PRESENTATION_STYLE_ASSIGNMENT((#4526));
#1752=VERTEX_POINT('',#4527);
#1753=PRESENTATION_STYLE_ASSIGNMENT((#4528));
#1754=EDGE_CURVE('',#2226,#1420,#4529,.T.);
#1755=PRESENTATION_STYLE_ASSIGNMENT((#4530));
#1756=EDGE_CURVE('',#3450,#2752,#4531,.T.);
#1757=PRESENTATION_STYLE_ASSIGNMENT((#4532));
#1758=EDGE_CURVE('',#1696,#1616,#4533,.T.);
#1759=PRESENTATION_STYLE_ASSIGNMENT((#4534));
#1760=EDGE_CURVE('',#2156,#2798,#4535,.T.);
#1761=PRESENTATION_STYLE_ASSIGNMENT((#4536));
#1762=EDGE_CURVE('',#2228,#1456,#4537,.T.);
#1763=PRESENTATION_STYLE_ASSIGNMENT((#4538));
#1764=EDGE_CURVE('',#3324,#2088,#4539,.T.);
#1765=PRESENTATION_STYLE_ASSIGNMENT((#4540));
#1766=EDGE_CURVE('',#2892,#3630,#4541,.T.);
#1767=PRESENTATION_STYLE_ASSIGNMENT((#4542));
#1768=VERTEX_POINT('',#4543);
#1769=PRESENTATION_STYLE_ASSIGNMENT((#4544));
#1770=VERTEX_POINT('',#4545);
#1771=PRESENTATION_STYLE_ASSIGNMENT((#4546));
#1772=VERTEX_POINT('',#4547);
#1773=PRESENTATION_STYLE_ASSIGNMENT((#4548));
#1774=VERTEX_POINT('',#4549);
#1775=PRESENTATION_STYLE_ASSIGNMENT((#4550));
#1776=EDGE_CURVE('',#3036,#2902,#4551,.T.);
#1777=PRESENTATION_STYLE_ASSIGNMENT((#4552));
#1778=EDGE_CURVE('',#2904,#2372,#4553,.T.);
#1779=PRESENTATION_STYLE_ASSIGNMENT((#4554));
#1780=EDGE_CURVE('',#3034,#3592,#4555,.T.);
#1781=PRESENTATION_STYLE_ASSIGNMENT((#4556));
#1782=ADVANCED_FACE('',(#4557),#4558,.F.);
#1783=PRESENTATION_STYLE_ASSIGNMENT((#4559));
#1784=ADVANCED_FACE('',(#4560),#4561,.F.);
#1785=PRESENTATION_STYLE_ASSIGNMENT((#4562));
#1786=EDGE_CURVE('',#2004,#3780,#4563,.T.);
#1787=PRESENTATION_STYLE_ASSIGNMENT((#4564));
#1788=VERTEX_POINT('',#4565);
#1789=PRESENTATION_STYLE_ASSIGNMENT((#4566));
#1790=EDGE_CURVE('',#3554,#3308,#4567,.T.);
#1791=PRESENTATION_STYLE_ASSIGNMENT((#4568));
#1792=EDGE_CURVE('',#3060,#2140,#4569,.T.);
#1793=PRESENTATION_STYLE_ASSIGNMENT((#4570));
#1794=EDGE_CURVE('',#2088,#2480,#4571,.T.);
#1795=PRESENTATION_STYLE_ASSIGNMENT((#4572));
#1796=EDGE_CURVE('',#2830,#3184,#4573,.T.);
#1797=PRESENTATION_STYLE_ASSIGNMENT((#4574));
#1798=ADVANCED_FACE('',(#4575),#4576,.F.);
#1799=PRESENTATION_STYLE_ASSIGNMENT((#4577));
#1800=VERTEX_POINT('',#4578);
#1801=PRESENTATION_STYLE_ASSIGNMENT((#4579));
#1802=VERTEX_POINT('',#4580);
#1803=PRESENTATION_STYLE_ASSIGNMENT((#4581));
#1804=EDGE_CURVE('',#2480,#3474,#4582,.T.);
#1805=PRESENTATION_STYLE_ASSIGNMENT((#4583));
#1806=ADVANCED_FACE('',(#4584),#4585,.F.);
#1807=PRESENTATION_STYLE_ASSIGNMENT((#4586));
#1808=EDGE_CURVE('',#2730,#1714,#4587,.T.);
#1809=PRESENTATION_STYLE_ASSIGNMENT((#4588));
#1810=ADVANCED_FACE('',(#4589),#4590,.F.);
#1811=PRESENTATION_STYLE_ASSIGNMENT((#4591));
#1812=EDGE_CURVE('',#2762,#2076,#4592,.T.);
#1813=PRESENTATION_STYLE_ASSIGNMENT((#4593));
#1814=ADVANCED_FACE('',(#4594),#4595,.F.);
#1815=PRESENTATION_STYLE_ASSIGNMENT((#4596));
#1816=EDGE_CURVE('',#3348,#1674,#4597,.T.);
#1817=PRESENTATION_STYLE_ASSIGNMENT((#4598));
#1818=ADVANCED_FACE('',(#4599),#4600,.F.);
#1819=PRESENTATION_STYLE_ASSIGNMENT((#4601));
#1820=EDGE_CURVE('',#2562,#2250,#4602,.T.);
#1821=PRESENTATION_STYLE_ASSIGNMENT((#4603));
#1822=ADVANCED_FACE('',(#4604),#4605,.T.);
#1823=PRESENTATION_STYLE_ASSIGNMENT((#4606));
#1824=VERTEX_POINT('',#4607);
#1825=PRESENTATION_STYLE_ASSIGNMENT((#4608));
#1826=EDGE_CURVE('',#3832,#1850,#4609,.T.);
#1827=PRESENTATION_STYLE_ASSIGNMENT((#4610));
#1828=ADVANCED_FACE('',(#4611),#4612,.T.);
#1829=PRESENTATION_STYLE_ASSIGNMENT((#4613));
#1830=EDGE_CURVE('',#3186,#1424,#4614,.T.);
#1831=PRESENTATION_STYLE_ASSIGNMENT((#4615));
#1832=EDGE_CURVE('',#2516,#1384,#4616,.T.);
#1833=PRESENTATION_STYLE_ASSIGNMENT((#4617));
#1834=ADVANCED_FACE('',(#4618),#4619,.F.);
#1835=PRESENTATION_STYLE_ASSIGNMENT((#4620));
#1836=ADVANCED_FACE('',(#4621),#4622,.F.);
#1837=PRESENTATION_STYLE_ASSIGNMENT((#4623));
#1838=EDGE_CURVE('',#2278,#1964,#4624,.T.);
#1839=PRESENTATION_STYLE_ASSIGNMENT((#4625));
#1840=VERTEX_POINT('',#4626);
#1841=PRESENTATION_STYLE_ASSIGNMENT((#4627));
#1842=VERTEX_POINT('',#4628);
#1843=PRESENTATION_STYLE_ASSIGNMENT((#4629));
#1844=ADVANCED_FACE('',(#4630),#4631,.T.);
#1845=PRESENTATION_STYLE_ASSIGNMENT((#4632));
#1846=VERTEX_POINT('',#4633);
#1847=PRESENTATION_STYLE_ASSIGNMENT((#4634));
#1848=VERTEX_POINT('',#4635);
#1849=PRESENTATION_STYLE_ASSIGNMENT((#4636));
#1850=VERTEX_POINT('',#4637);
#1851=PRESENTATION_STYLE_ASSIGNMENT((#4638));
#1852=ADVANCED_FACE('',(#4639,#4640),#4641,.F.);
#1853=PRESENTATION_STYLE_ASSIGNMENT((#4642));
#1854=EDGE_CURVE('',#3934,#2306,#4643,.T.);
#1855=PRESENTATION_STYLE_ASSIGNMENT((#4644));
#1856=EDGE_CURVE('',#4020,#2324,#4645,.T.);
#1857=PRESENTATION_STYLE_ASSIGNMENT((#4646));
#1858=EDGE_CURVE('',#3724,#1770,#4647,.T.);
#1859=PRESENTATION_STYLE_ASSIGNMENT((#4648));
#1860=VERTEX_POINT('',#4649);
#1861=PRESENTATION_STYLE_ASSIGNMENT((#4650));
#1862=VERTEX_POINT('',#4651);
#1863=PRESENTATION_STYLE_ASSIGNMENT((#4652));
#1864=VERTEX_POINT('',#4653);
#1865=PRESENTATION_STYLE_ASSIGNMENT((#4654));
#1866=ADVANCED_FACE('',(#4655),#4656,.T.);
#1867=PRESENTATION_STYLE_ASSIGNMENT((#4657));
#1868=EDGE_CURVE('',#1522,#2858,#4658,.T.);
#1869=PRESENTATION_STYLE_ASSIGNMENT((#4659));
#1870=EDGE_CURVE('',#3462,#3696,#4660,.T.);
#1871=PRESENTATION_STYLE_ASSIGNMENT((#4661));
#1872=VERTEX_POINT('',#4662);
#1873=PRESENTATION_STYLE_ASSIGNMENT((#4663));
#1874=VERTEX_POINT('',#4664);
#1875=PRESENTATION_STYLE_ASSIGNMENT((#4665));
#1876=EDGE_CURVE('',#3990,#3286,#4666,.T.);
#1877=PRESENTATION_STYLE_ASSIGNMENT((#4667));
#1878=EDGE_CURVE('',#4014,#2584,#4668,.T.);
#1879=PRESENTATION_STYLE_ASSIGNMENT((#4669));
#1880=VERTEX_POINT('',#4670);
#1881=PRESENTATION_STYLE_ASSIGNMENT((#4671));
#1882=VERTEX_POINT('',#4672);
#1883=PRESENTATION_STYLE_ASSIGNMENT((#4673));
#1884=ADVANCED_FACE('',(#4674),#4675,.F.);
#1885=PRESENTATION_STYLE_ASSIGNMENT((#4676));
#1886=EDGE_CURVE('',#2004,#3036,#4677,.T.);
#1887=PRESENTATION_STYLE_ASSIGNMENT((#4678));
#1888=EDGE_CURVE('',#3930,#1520,#4679,.T.);
#1889=PRESENTATION_STYLE_ASSIGNMENT((#4680));
#1890=VERTEX_POINT('',#4681);
#1891=PRESENTATION_STYLE_ASSIGNMENT((#4682));
#1892=EDGE_CURVE('',#3692,#3566,#4683,.T.);
#1893=PRESENTATION_STYLE_ASSIGNMENT((#4684));
#1894=ADVANCED_FACE('',(#4685),#4686,.F.);
#1895=PRESENTATION_STYLE_ASSIGNMENT((#4687));
#1896=VERTEX_POINT('',#4688);
#1897=PRESENTATION_STYLE_ASSIGNMENT((#4689));
#1898=EDGE_CURVE('',#2818,#1386,#4690,.T.);
#1899=PRESENTATION_STYLE_ASSIGNMENT((#4691));
#1900=EDGE_CURVE('',#2274,#1862,#4692,.T.);
#1901=PRESENTATION_STYLE_ASSIGNMENT((#4693));
#1902=EDGE_CURVE('',#3212,#3066,#4694,.T.);
#1903=PRESENTATION_STYLE_ASSIGNMENT((#4695));
#1904=ADVANCED_FACE('',(#4696),#4697,.F.);
#1905=PRESENTATION_STYLE_ASSIGNMENT((#4698));
#1906=EDGE_CURVE('',#1558,#1588,#4699,.T.);
#1907=PRESENTATION_STYLE_ASSIGNMENT((#4700));
#1908=EDGE_CURVE('',#1650,#1846,#4701,.T.);
#1909=PRESENTATION_STYLE_ASSIGNMENT((#4702));
#1910=ADVANCED_FACE('',(#4703),#4704,.F.);
#1911=PRESENTATION_STYLE_ASSIGNMENT((#4705));
#1912=EDGE_CURVE('',#2660,#3538,#4706,.T.);
#1913=PRESENTATION_STYLE_ASSIGNMENT((#4707));
#1914=EDGE_CURVE('',#2898,#1988,#4708,.T.);
#1915=PRESENTATION_STYLE_ASSIGNMENT((#4709));
#1916=EDGE_CURVE('',#2210,#3540,#4710,.T.);
#1917=PRESENTATION_STYLE_ASSIGNMENT((#4711));
#1918=VERTEX_POINT('',#4712);
#1919=PRESENTATION_STYLE_ASSIGNMENT((#4713));
#1920=EDGE_CURVE('',#2058,#1468,#4714,.T.);
#1921=PRESENTATION_STYLE_ASSIGNMENT((#4715));
#1922=VERTEX_POINT('',#4716);
#1923=PRESENTATION_STYLE_ASSIGNMENT((#4717));
#1924=EDGE_CURVE('',#4014,#2626,#4718,.T.);
#1925=PRESENTATION_STYLE_ASSIGNMENT((#4719));
#1926=ADVANCED_FACE('',(#4720),#4721,.T.);
#1927=PRESENTATION_STYLE_ASSIGNMENT((#4722));
#1928=VERTEX_POINT('',#4723);
#1929=PRESENTATION_STYLE_ASSIGNMENT((#4724));
#1930=ADVANCED_FACE('',(#4725),#4726,.T.);
#1931=PRESENTATION_STYLE_ASSIGNMENT((#4727));
#1932=EDGE_CURVE('',#2614,#1992,#4728,.T.);
#1933=PRESENTATION_STYLE_ASSIGNMENT((#4729));
#1934=ADVANCED_FACE('',(#4730),#4731,.F.);
#1935=PRESENTATION_STYLE_ASSIGNMENT((#4732));
#1936=ADVANCED_FACE('',(#4733),#4734,.T.);
#1937=PRESENTATION_STYLE_ASSIGNMENT((#4735));
#1938=EDGE_CURVE('',#2096,#2214,#4736,.T.);
#1939=PRESENTATION_STYLE_ASSIGNMENT((#4737));
#1940=EDGE_CURVE('',#3848,#2970,#4738,.T.);
#1941=PRESENTATION_STYLE_ASSIGNMENT((#4739));
#1942=ADVANCED_FACE('',(#4740),#4741,.F.);
#1943=PRESENTATION_STYLE_ASSIGNMENT((#4742));
#1944=VERTEX_POINT('',#4743);
#1945=PRESENTATION_STYLE_ASSIGNMENT((#4744));
#1946=EDGE_CURVE('',#2484,#1686,#4745,.T.);
#1947=PRESENTATION_STYLE_ASSIGNMENT((#4746));
#1948=VERTEX_POINT('',#4747);
#1949=PRESENTATION_STYLE_ASSIGNMENT((#4748));
#1950=EDGE_CURVE('',#2022,#1556,#4749,.T.);
#1951=PRESENTATION_STYLE_ASSIGNMENT((#4750));
#1952=EDGE_CURVE('',#2300,#2938,#4751,.T.);
#1953=PRESENTATION_STYLE_ASSIGNMENT((#4752));
#1954=ADVANCED_FACE('',(#4753),#4754,.T.);
#1955=PRESENTATION_STYLE_ASSIGNMENT((#4755));
#1956=ADVANCED_FACE('',(#4756),#4757,.T.);
#1957=PRESENTATION_STYLE_ASSIGNMENT((#4758));
#1958=VERTEX_POINT('',#4759);
#1959=PRESENTATION_STYLE_ASSIGNMENT((#4760));
#1960=EDGE_CURVE('',#3002,#4074,#4761,.T.);
#1961=PRESENTATION_STYLE_ASSIGNMENT((#4762));
#1962=EDGE_CURVE('',#3696,#2336,#4763,.T.);
#1963=PRESENTATION_STYLE_ASSIGNMENT((#4764));
#1964=VERTEX_POINT('',#4765);
#1965=PRESENTATION_STYLE_ASSIGNMENT((#4766));
#1966=ADVANCED_FACE('',(#4767),#4768,.F.);
#1967=PRESENTATION_STYLE_ASSIGNMENT((#4769));
#1968=EDGE_CURVE('',#1402,#2502,#4770,.T.);
#1969=PRESENTATION_STYLE_ASSIGNMENT((#4771));
#1970=EDGE_CURVE('',#1958,#3954,#4772,.T.);
#1971=PRESENTATION_STYLE_ASSIGNMENT((#4773));
#1972=VERTEX_POINT('',#4774);
#1973=PRESENTATION_STYLE_ASSIGNMENT((#4775));
#1974=EDGE_CURVE('',#3172,#2032,#4776,.T.);
#1975=PRESENTATION_STYLE_ASSIGNMENT((#4777));
#1976=EDGE_CURVE('',#1386,#2390,#4778,.T.);
#1977=PRESENTATION_STYLE_ASSIGNMENT((#4779));
#1978=EDGE_CURVE('',#1472,#2976,#4780,.T.);
#1979=PRESENTATION_STYLE_ASSIGNMENT((#4781));
#1980=VERTEX_POINT('',#4782);
#1981=PRESENTATION_STYLE_ASSIGNMENT((#4783));
#1982=EDGE_CURVE('',#2466,#1452,#4784,.T.);
#1983=PRESENTATION_STYLE_ASSIGNMENT((#4785));
#1984=EDGE_CURVE('',#3982,#3670,#4786,.T.);
#1985=PRESENTATION_STYLE_ASSIGNMENT((#4787));
#1986=VERTEX_POINT('',#4788);
#1987=PRESENTATION_STYLE_ASSIGNMENT((#4789));
#1988=VERTEX_POINT('',#4790);
#1989=PRESENTATION_STYLE_ASSIGNMENT((#4791));
#1990=EDGE_CURVE('',#2676,#1694,#4792,.T.);
#1991=PRESENTATION_STYLE_ASSIGNMENT((#4793));
#1992=VERTEX_POINT('',#4794);
#1993=PRESENTATION_STYLE_ASSIGNMENT((#4795));
#1994=VERTEX_POINT('',#4796);
#1995=PRESENTATION_STYLE_ASSIGNMENT((#4797));
#1996=EDGE_CURVE('',#3276,#2224,#4798,.T.);
#1997=PRESENTATION_STYLE_ASSIGNMENT((#4799));
#1998=EDGE_CURVE('',#1862,#1848,#4800,.T.);
#1999=PRESENTATION_STYLE_ASSIGNMENT((#4801));
#2000=VERTEX_POINT('',#4802);
#2001=PRESENTATION_STYLE_ASSIGNMENT((#4803));
#2002=EDGE_CURVE('',#3982,#2490,#4804,.T.);
#2003=PRESENTATION_STYLE_ASSIGNMENT((#4805));
#2004=VERTEX_POINT('',#4806);
#2005=PRESENTATION_STYLE_ASSIGNMENT((#4807));
#2006=EDGE_CURVE('',#1842,#3068,#4808,.T.);
#2007=PRESENTATION_STYLE_ASSIGNMENT((#4809));
#2008=VERTEX_POINT('',#4810);
#2009=PRESENTATION_STYLE_ASSIGNMENT((#4811));
#2010=VERTEX_POINT('',#4812);
#2011=PRESENTATION_STYLE_ASSIGNMENT((#4813));
#2012=VERTEX_POINT('',#4814);
#2013=PRESENTATION_STYLE_ASSIGNMENT((#4815));
#2014=EDGE_CURVE('',#1520,#3882,#4816,.T.);
#2015=PRESENTATION_STYLE_ASSIGNMENT((#4817));
#2016=ADVANCED_FACE('',(#4818),#4819,.T.);
#2017=PRESENTATION_STYLE_ASSIGNMENT((#4820));
#2018=EDGE_CURVE('',#2988,#2878,#4821,.T.);
#2019=PRESENTATION_STYLE_ASSIGNMENT((#4822));
#2020=VERTEX_POINT('',#4823);
#2021=PRESENTATION_STYLE_ASSIGNMENT((#4824));
#2022=VERTEX_POINT('',#4825);
#2023=PRESENTATION_STYLE_ASSIGNMENT((#4826));
#2024=EDGE_CURVE('',#1802,#1714,#4827,.T.);
#2025=PRESENTATION_STYLE_ASSIGNMENT((#4828));
#2026=EDGE_CURVE('',#3114,#3204,#4829,.T.);
#2027=PRESENTATION_STYLE_ASSIGNMENT((#4830));
#2028=EDGE_CURVE('',#1514,#3730,#4831,.T.);
#2029=PRESENTATION_STYLE_ASSIGNMENT((#4832));
#2030=EDGE_CURVE('',#2040,#2762,#4833,.T.);
#2031=PRESENTATION_STYLE_ASSIGNMENT((#4834));
#2032=VERTEX_POINT('',#4835);
#2033=PRESENTATION_STYLE_ASSIGNMENT((#4836));
#2034=VERTEX_POINT('',#4837);
#2035=PRESENTATION_STYLE_ASSIGNMENT((#4838));
#2036=EDGE_CURVE('',#2376,#2688,#4839,.T.);
#2037=PRESENTATION_STYLE_ASSIGNMENT((#4840));
#2038=EDGE_CURVE('',#2868,#3692,#4841,.T.);
#2039=PRESENTATION_STYLE_ASSIGNMENT((#4842));
#2040=VERTEX_POINT('',#4843);
#2041=PRESENTATION_STYLE_ASSIGNMENT((#4844));
#2042=EDGE_CURVE('',#2468,#2988,#4845,.T.);
#2043=PRESENTATION_STYLE_ASSIGNMENT((#4846));
#2044=EDGE_CURVE('',#1890,#1800,#4847,.T.);
#2045=PRESENTATION_STYLE_ASSIGNMENT((#4848));
#2046=VERTEX_POINT('',#4849);
#2047=PRESENTATION_STYLE_ASSIGNMENT((#4850));
#2048=VERTEX_POINT('',#4851);
#2049=PRESENTATION_STYLE_ASSIGNMENT((#4852));
#2050=EDGE_CURVE('',#2574,#2308,#4853,.T.);
#2051=PRESENTATION_STYLE_ASSIGNMENT((#4854));
#2052=VERTEX_POINT('',#4855);
#2053=PRESENTATION_STYLE_ASSIGNMENT((#4856));
#2054=EDGE_CURVE('',#2770,#1544,#4857,.T.);
#2055=PRESENTATION_STYLE_ASSIGNMENT((#4858));
#2056=EDGE_CURVE('',#1614,#1800,#4859,.T.);
#2057=PRESENTATION_STYLE_ASSIGNMENT((#4860));
#2058=VERTEX_POINT('',#4861);
#2059=PRESENTATION_STYLE_ASSIGNMENT((#4862));
#2060=VERTEX_POINT('',#4863);
#2061=PRESENTATION_STYLE_ASSIGNMENT((#4864));
#2062=EDGE_CURVE('',#1538,#2096,#4865,.T.);
#2063=PRESENTATION_STYLE_ASSIGNMENT((#4866));
#2064=VERTEX_POINT('',#4867);
#2065=PRESENTATION_STYLE_ASSIGNMENT((#4868));
#2066=VERTEX_POINT('',#4869);
#2067=PRESENTATION_STYLE_ASSIGNMENT((#4870));
#2068=EDGE_CURVE('',#2746,#3566,#4871,.T.);
#2069=PRESENTATION_STYLE_ASSIGNMENT((#4872));
#2070=EDGE_CURVE('',#3322,#2376,#4873,.T.);
#2071=PRESENTATION_STYLE_ASSIGNMENT((#4874));
#2072=ADVANCED_FACE('',(#4875),#4876,.T.);
#2073=PRESENTATION_STYLE_ASSIGNMENT((#4877));
#2074=VERTEX_POINT('',#4878);
#2075=PRESENTATION_STYLE_ASSIGNMENT((#4879));
#2076=VERTEX_POINT('',#4880);
#2077=PRESENTATION_STYLE_ASSIGNMENT((#4881));
#2078=VERTEX_POINT('',#4882);
#2079=PRESENTATION_STYLE_ASSIGNMENT((#4883));
#2080=EDGE_CURVE('',#3922,#2602,#4884,.T.);
#2081=PRESENTATION_STYLE_ASSIGNMENT((#4885));
#2082=VERTEX_POINT('',#4886);
#2083=PRESENTATION_STYLE_ASSIGNMENT((#4887));
#2084=EDGE_CURVE('',#3864,#3542,#4888,.T.);
#2085=PRESENTATION_STYLE_ASSIGNMENT((#4889));
#2086=EDGE_CURVE('',#3922,#1680,#4890,.T.);
#2087=PRESENTATION_STYLE_ASSIGNMENT((#4891));
#2088=VERTEX_POINT('',#4892);
#2089=PRESENTATION_STYLE_ASSIGNMENT((#4893));
#2090=VERTEX_POINT('',#4894);
#2091=PRESENTATION_STYLE_ASSIGNMENT((#4895));
#2092=EDGE_CURVE('',#1604,#3752,#4896,.T.);
#2093=PRESENTATION_STYLE_ASSIGNMENT((#4897));
#2094=EDGE_CURVE('',#3278,#1566,#4898,.T.);
#2095=PRESENTATION_STYLE_ASSIGNMENT((#4899));
#2096=VERTEX_POINT('',#4900);
#2097=PRESENTATION_STYLE_ASSIGNMENT((#4901));
#2098=VERTEX_POINT('',#4902);
#2099=PRESENTATION_STYLE_ASSIGNMENT((#4903));
#2100=EDGE_CURVE('',#1438,#1842,#4904,.T.);
#2101=PRESENTATION_STYLE_ASSIGNMENT((#4905));
#2102=EDGE_CURVE('',#3604,#3276,#4906,.T.);
#2103=PRESENTATION_STYLE_ASSIGNMENT((#4907));
#2104=EDGE_CURVE('',#1710,#3730,#4908,.T.);
#2105=PRESENTATION_STYLE_ASSIGNMENT((#4909));
#2106=EDGE_CURVE('',#1922,#1774,#4910,.T.);
#2107=PRESENTATION_STYLE_ASSIGNMENT((#4911));
#2108=VERTEX_POINT('',#4912);
#2109=PRESENTATION_STYLE_ASSIGNMENT((#4913));
#2110=VERTEX_POINT('',#4914);
#2111=PRESENTATION_STYLE_ASSIGNMENT((#4915));
#2112=EDGE_CURVE('',#2022,#2868,#4916,.T.);
#2113=PRESENTATION_STYLE_ASSIGNMENT((#4917));
#2114=ADVANCED_FACE('',(#4918),#4919,.F.);
#2115=PRESENTATION_STYLE_ASSIGNMENT((#4920));
#2116=EDGE_CURVE('',#2416,#2562,#4921,.T.);
#2117=PRESENTATION_STYLE_ASSIGNMENT((#4922));
#2118=ADVANCED_FACE('',(#4923),#4924,.F.);
#2119=PRESENTATION_STYLE_ASSIGNMENT((#4925));
#2120=EDGE_CURVE('',#3094,#1460,#4926,.T.);
#2121=PRESENTATION_STYLE_ASSIGNMENT((#4927));
#2122=EDGE_CURVE('',#2714,#1918,#4928,.T.);
#2123=PRESENTATION_STYLE_ASSIGNMENT((#4929));
#2124=VERTEX_POINT('',#4930);
#2125=PRESENTATION_STYLE_ASSIGNMENT((#4931));
#2126=EDGE_CURVE('',#4044,#1446,#4932,.T.);
#2127=PRESENTATION_STYLE_ASSIGNMENT((#4933));
#2128=ADVANCED_FACE('',(#4934),#4935,.F.);
#2129=PRESENTATION_STYLE_ASSIGNMENT((#4936));
#2130=ADVANCED_FACE('',(#4937),#4938,.F.);
#2131=PRESENTATION_STYLE_ASSIGNMENT((#4939));
#2132=EDGE_CURVE('',#2176,#2034,#4940,.T.);
#2133=PRESENTATION_STYLE_ASSIGNMENT((#4941));
#2134=EDGE_CURVE('',#2932,#1516,#4942,.T.);
#2135=PRESENTATION_STYLE_ASSIGNMENT((#4943));
#2136=EDGE_CURVE('',#2206,#2416,#4944,.T.);
#2137=PRESENTATION_STYLE_ASSIGNMENT((#4945));
#2138=VERTEX_POINT('',#4946);
#2139=PRESENTATION_STYLE_ASSIGNMENT((#4947));
#2140=VERTEX_POINT('',#4948);
#2141=PRESENTATION_STYLE_ASSIGNMENT((#4949));
#2142=EDGE_CURVE('',#2314,#3666,#4950,.T.);
#2143=PRESENTATION_STYLE_ASSIGNMENT((#4951));
#2144=EDGE_CURVE('',#3724,#1604,#4952,.T.);
#2145=PRESENTATION_STYLE_ASSIGNMENT((#4953));
#2146=EDGE_CURVE('',#1774,#2934,#4954,.T.);
#2147=PRESENTATION_STYLE_ASSIGNMENT((#4955));
#2148=EDGE_CURVE('',#1680,#3498,#4956,.T.);
#2149=PRESENTATION_STYLE_ASSIGNMENT((#4957));
#2150=VERTEX_POINT('',#4958);
#2151=PRESENTATION_STYLE_ASSIGNMENT((#4959));
#2152=EDGE_CURVE('',#1554,#3302,#4960,.T.);
#2153=PRESENTATION_STYLE_ASSIGNMENT((#4961));
#2154=EDGE_CURVE('',#2690,#3114,#4962,.T.);
#2155=PRESENTATION_STYLE_ASSIGNMENT((#4963));
#2156=VERTEX_POINT('',#4964);
#2157=PRESENTATION_STYLE_ASSIGNMENT((#4965));
#2158=EDGE_CURVE('',#1456,#3248,#4966,.T.);
#2159=PRESENTATION_STYLE_ASSIGNMENT((#4967));
#2160=EDGE_CURVE('',#3980,#3166,#4968,.T.);
#2161=PRESENTATION_STYLE_ASSIGNMENT((#4969));
#2162=EDGE_CURVE('',#1666,#2938,#4970,.T.);
#2163=PRESENTATION_STYLE_ASSIGNMENT((#4971));
#2164=EDGE_CURVE('',#3646,#2590,#4972,.T.);
#2165=PRESENTATION_STYLE_ASSIGNMENT((#4973));
#2166=EDGE_CURVE('',#2464,#3738,#4974,.T.);
#2167=PRESENTATION_STYLE_ASSIGNMENT((#4975));
#2168=VERTEX_POINT('',#4976);
#2169=PRESENTATION_STYLE_ASSIGNMENT((#4977));
#2170=ADVANCED_FACE('',(#4978),#4979,.T.);
#2171=PRESENTATION_STYLE_ASSIGNMENT((#4980));
#2172=EDGE_CURVE('',#1690,#3726,#4981,.T.);
#2173=PRESENTATION_STYLE_ASSIGNMENT((#4982));
#2174=EDGE_CURVE('',#2832,#1980,#4983,.T.);
#2175=PRESENTATION_STYLE_ASSIGNMENT((#4984));
#2176=VERTEX_POINT('',#4985);
#2177=PRESENTATION_STYLE_ASSIGNMENT((#4986));
#2178=EDGE_CURVE('',#3764,#3034,#4987,.T.);
#2179=PRESENTATION_STYLE_ASSIGNMENT((#4988));
#2180=EDGE_CURVE('',#2008,#4030,#4989,.T.);
#2181=PRESENTATION_STYLE_ASSIGNMENT((#4990));
#2182=VERTEX_POINT('',#4991);
#2183=PRESENTATION_STYLE_ASSIGNMENT((#4992));
#2184=EDGE_CURVE('',#2032,#4076,#4993,.T.);
#2185=PRESENTATION_STYLE_ASSIGNMENT((#4994));
#2186=ADVANCED_FACE('',(#4995),#4996,.T.);
#2187=PRESENTATION_STYLE_ASSIGNMENT((#4997));
#2188=ADVANCED_FACE('',(#4998),#4999,.T.);
#2189=PRESENTATION_STYLE_ASSIGNMENT((#5000));
#2190=EDGE_CURVE('',#1872,#3110,#5001,.T.);
#2191=PRESENTATION_STYLE_ASSIGNMENT((#5002));
#2192=EDGE_CURVE('',#2098,#2814,#5003,.T.);
#2193=PRESENTATION_STYLE_ASSIGNMENT((#5004));
#2194=EDGE_CURVE('',#1694,#3650,#5005,.T.);
#2195=PRESENTATION_STYLE_ASSIGNMENT((#5006));
#2196=EDGE_CURVE('',#2628,#2090,#5007,.T.);
#2197=PRESENTATION_STYLE_ASSIGNMENT((#5008));
#2198=EDGE_CURVE('',#1506,#3392,#5009,.T.);
#2199=PRESENTATION_STYLE_ASSIGNMENT((#5010));
#2200=VERTEX_POINT('',#5011);
#2201=PRESENTATION_STYLE_ASSIGNMENT((#5012));
#2202=EDGE_CURVE('',#3146,#3412,#5013,.T.);
#2203=PRESENTATION_STYLE_ASSIGNMENT((#5014));
#2204=EDGE_CURVE('',#4068,#1402,#5015,.T.);
#2205=PRESENTATION_STYLE_ASSIGNMENT((#5016));
#2206=VERTEX_POINT('',#5017);
#2207=PRESENTATION_STYLE_ASSIGNMENT((#5018));
#2208=EDGE_CURVE('',#3754,#2860,#5019,.T.);
#2209=PRESENTATION_STYLE_ASSIGNMENT((#5020));
#2210=VERTEX_POINT('',#5021);
#2211=PRESENTATION_STYLE_ASSIGNMENT((#5022));
#2212=VERTEX_POINT('',#5023);
#2213=PRESENTATION_STYLE_ASSIGNMENT((#5024));
#2214=VERTEX_POINT('',#5025);
#2215=PRESENTATION_STYLE_ASSIGNMENT((#5026));
#2216=VERTEX_POINT('',#5027);
#2217=PRESENTATION_STYLE_ASSIGNMENT((#5028));
#2218=VERTEX_POINT('',#5029);
#2219=PRESENTATION_STYLE_ASSIGNMENT((#5030));
#2220=EDGE_CURVE('',#2762,#3090,#5031,.T.);
#2221=PRESENTATION_STYLE_ASSIGNMENT((#5032));
#2222=VERTEX_POINT('',#5033);
#2223=PRESENTATION_STYLE_ASSIGNMENT((#5034));
#2224=VERTEX_POINT('',#5035);
#2225=PRESENTATION_STYLE_ASSIGNMENT((#5036));
#2226=VERTEX_POINT('',#5037);
#2227=PRESENTATION_STYLE_ASSIGNMENT((#5038));
#2228=VERTEX_POINT('',#5039);
#2229=PRESENTATION_STYLE_ASSIGNMENT((#5040));
#2230=EDGE_CURVE('',#1994,#4020,#5041,.T.);
#2231=PRESENTATION_STYLE_ASSIGNMENT((#5042));
#2232=VERTEX_POINT('',#5043);
#2233=PRESENTATION_STYLE_ASSIGNMENT((#5044));
#2234=EDGE_CURVE('',#2682,#3966,#5045,.T.);
#2235=PRESENTATION_STYLE_ASSIGNMENT((#5046));
#2236=EDGE_CURVE('',#1972,#2210,#5047,.T.);
#2237=PRESENTATION_STYLE_ASSIGNMENT((#5048));
#2238=ADVANCED_FACE('',(#5049),#5050,.T.);
#2239=PRESENTATION_STYLE_ASSIGNMENT((#5051));
#2240=VERTEX_POINT('',#5052);
#2241=PRESENTATION_STYLE_ASSIGNMENT((#5053));
#2242=EDGE_CURVE('',#2936,#1788,#5054,.T.);
#2243=PRESENTATION_STYLE_ASSIGNMENT((#5055));
#2244=EDGE_CURVE('',#2642,#2258,#5056,.T.);
#2245=PRESENTATION_STYLE_ASSIGNMENT((#5057));
#2246=VERTEX_POINT('',#5058);
#2247=PRESENTATION_STYLE_ASSIGNMENT((#5059));
#2248=EDGE_CURVE('',#2386,#2066,#5060,.T.);
#2249=PRESENTATION_STYLE_ASSIGNMENT((#5061));
#2250=VERTEX_POINT('',#5062);
#2251=PRESENTATION_STYLE_ASSIGNMENT((#5063));
#2252=ADVANCED_FACE('',(#5064),#5065,.T.);
#2253=PRESENTATION_STYLE_ASSIGNMENT((#5066));
#2254=VERTEX_POINT('',#5067);
#2255=PRESENTATION_STYLE_ASSIGNMENT((#5068));
#2256=EDGE_CURVE('',#1516,#2740,#5069,.T.);
#2257=PRESENTATION_STYLE_ASSIGNMENT((#5070));
#2258=VERTEX_POINT('',#5071);
#2259=PRESENTATION_STYLE_ASSIGNMENT((#5072));
#2260=EDGE_CURVE('',#2064,#3982,#5073,.T.);
#2261=PRESENTATION_STYLE_ASSIGNMENT((#5074));
#2262=EDGE_CURVE('',#3630,#2088,#5075,.T.);
#2263=PRESENTATION_STYLE_ASSIGNMENT((#5076));
#2264=EDGE_CURVE('',#1422,#2660,#5077,.T.);
#2265=PRESENTATION_STYLE_ASSIGNMENT((#5078));
#2266=EDGE_CURVE('',#2484,#3826,#5079,.T.);
#2267=PRESENTATION_STYLE_ASSIGNMENT((#5080));
#2268=EDGE_CURVE('',#4064,#1494,#5081,.T.);
#2269=PRESENTATION_STYLE_ASSIGNMENT((#5082));
#2270=EDGE_CURVE('',#1522,#3954,#5083,.T.);
#2271=PRESENTATION_STYLE_ASSIGNMENT((#5084));
#2272=EDGE_CURVE('',#2962,#3274,#5085,.T.);
#2273=PRESENTATION_STYLE_ASSIGNMENT((#5086));
#2274=VERTEX_POINT('',#5087);
#2275=PRESENTATION_STYLE_ASSIGNMENT((#5088));
#2276=EDGE_CURVE('',#4030,#3806,#5089,.T.);
#2277=PRESENTATION_STYLE_ASSIGNMENT((#5090));
#2278=VERTEX_POINT('',#5091);
#2279=PRESENTATION_STYLE_ASSIGNMENT((#5092));
#2280=EDGE_CURVE('',#1598,#2880,#5093,.T.);
#2281=PRESENTATION_STYLE_ASSIGNMENT((#5094));
#2282=EDGE_CURVE('',#3870,#2376,#5095,.T.);
#2283=PRESENTATION_STYLE_ASSIGNMENT((#5096));
#2284=EDGE_CURVE('',#3894,#2858,#5097,.T.);
#2285=PRESENTATION_STYLE_ASSIGNMENT((#5098));
#2286=EDGE_CURVE('',#2496,#1680,#5099,.T.);
#2287=PRESENTATION_STYLE_ASSIGNMENT((#5100));
#2288=VERTEX_POINT('',#5101);
#2289=PRESENTATION_STYLE_ASSIGNMENT((#5102));
#2290=ADVANCED_FACE('',(#5103),#5104,.T.);
#2291=PRESENTATION_STYLE_ASSIGNMENT((#5105));
#2292=VERTEX_POINT('',#5106);
#2293=PRESENTATION_STYLE_ASSIGNMENT((#5107));
#2294=EDGE_CURVE('',#3592,#3160,#5108,.T.);
#2295=PRESENTATION_STYLE_ASSIGNMENT((#5109));
#2296=ADVANCED_FACE('',(#5110),#5111,.T.);
#2297=PRESENTATION_STYLE_ASSIGNMENT((#5112));
#2298=ADVANCED_FACE('',(#5113),#5114,.F.);
#2299=PRESENTATION_STYLE_ASSIGNMENT((#5115));
#2300=VERTEX_POINT('',#5116);
#2301=PRESENTATION_STYLE_ASSIGNMENT((#5117));
#2302=VERTEX_POINT('',#5118);
#2303=PRESENTATION_STYLE_ASSIGNMENT((#5119));
#2304=VERTEX_POINT('',#5120);
#2305=PRESENTATION_STYLE_ASSIGNMENT((#5121));
#2306=VERTEX_POINT('',#5122);
#2307=PRESENTATION_STYLE_ASSIGNMENT((#5123));
#2308=VERTEX_POINT('',#5124);
#2309=PRESENTATION_STYLE_ASSIGNMENT((#5125));
#2310=VERTEX_POINT('',#5126);
#2311=PRESENTATION_STYLE_ASSIGNMENT((#5127));
#2312=VERTEX_POINT('',#5128);
#2313=PRESENTATION_STYLE_ASSIGNMENT((#5129));
#2314=VERTEX_POINT('',#5130);
#2315=PRESENTATION_STYLE_ASSIGNMENT((#5131));
#2316=EDGE_CURVE('',#1850,#2916,#5132,.T.);
#2317=PRESENTATION_STYLE_ASSIGNMENT((#5133));
#2318=EDGE_CURVE('',#2798,#1848,#5134,.T.);
#2319=PRESENTATION_STYLE_ASSIGNMENT((#5135));
#2320=EDGE_CURVE('',#1964,#3844,#5136,.T.);
#2321=PRESENTATION_STYLE_ASSIGNMENT((#5137));
#2322=EDGE_CURVE('',#2004,#3990,#5138,.T.);
#2323=PRESENTATION_STYLE_ASSIGNMENT((#5139));
#2324=VERTEX_POINT('',#5140);
#2325=PRESENTATION_STYLE_ASSIGNMENT((#5141));
#2326=VERTEX_POINT('',#5142);
#2327=PRESENTATION_STYLE_ASSIGNMENT((#5143));
#2328=VERTEX_POINT('',#5144);
#2329=PRESENTATION_STYLE_ASSIGNMENT((#5145));
#2330=VERTEX_POINT('',#5146);
#2331=PRESENTATION_STYLE_ASSIGNMENT((#5147));
#2332=ADVANCED_FACE('',(#5148),#5149,.F.);
#2333=PRESENTATION_STYLE_ASSIGNMENT((#5150));
#2334=EDGE_CURVE('',#2878,#3660,#5151,.T.);
#2335=PRESENTATION_STYLE_ASSIGNMENT((#5152));
#2336=VERTEX_POINT('',#5153);
#2337=PRESENTATION_STYLE_ASSIGNMENT((#5154));
#2338=EDGE_CURVE('',#3738,#1724,#5155,.T.);
#2339=PRESENTATION_STYLE_ASSIGNMENT((#5156));
#2340=VERTEX_POINT('',#5157);
#2341=PRESENTATION_STYLE_ASSIGNMENT((#5158));
#2342=VERTEX_POINT('',#5159);
#2343=PRESENTATION_STYLE_ASSIGNMENT((#5160));
#2344=EDGE_CURVE('',#1944,#2678,#5161,.T.);
#2345=PRESENTATION_STYLE_ASSIGNMENT((#5162));
#2346=ADVANCED_FACE('',(#5163),#5164,.F.);
#2347=PRESENTATION_STYLE_ASSIGNMENT((#5165));
#2348=VERTEX_POINT('',#5166);
#2349=PRESENTATION_STYLE_ASSIGNMENT((#5167));
#2350=ADVANCED_FACE('',(#5168),#5169,.F.);
#2351=PRESENTATION_STYLE_ASSIGNMENT((#5170));
#2352=VERTEX_POINT('',#5171);
#2353=PRESENTATION_STYLE_ASSIGNMENT((#5172));
#2354=ADVANCED_FACE('',(#5173),#5174,.T.);
#2355=PRESENTATION_STYLE_ASSIGNMENT((#5175));
#2356=ADVANCED_FACE('',(#5176),#5177,.F.);
#2357=PRESENTATION_STYLE_ASSIGNMENT((#5178));
#2358=EDGE_CURVE('',#2722,#2892,#5179,.T.);
#2359=PRESENTATION_STYLE_ASSIGNMENT((#5180));
#2360=EDGE_CURVE('',#1896,#3930,#5181,.T.);
#2361=PRESENTATION_STYLE_ASSIGNMENT((#5182));
#2362=ADVANCED_FACE('',(#5183),#5184,.T.);
#2363=PRESENTATION_STYLE_ASSIGNMENT((#5185));
#2364=EDGE_CURVE('',#2694,#3032,#5186,.T.);
#2365=PRESENTATION_STYLE_ASSIGNMENT((#5187));
#2366=EDGE_CURVE('',#1850,#2210,#5188,.T.);
#2367=PRESENTATION_STYLE_ASSIGNMENT((#5189));
#2368=VERTEX_POINT('',#5190);
#2369=PRESENTATION_STYLE_ASSIGNMENT((#5191));
#2370=EDGE_CURVE('',#2224,#3456,#5192,.T.);
#2371=PRESENTATION_STYLE_ASSIGNMENT((#5193));
#2372=VERTEX_POINT('',#5194);
#2373=PRESENTATION_STYLE_ASSIGNMENT((#5195));
#2374=EDGE_CURVE('',#2400,#4072,#5196,.T.);
#2375=PRESENTATION_STYLE_ASSIGNMENT((#5197));
#2376=VERTEX_POINT('',#5198);
#2377=PRESENTATION_STYLE_ASSIGNMENT((#5199));
#2378=ADVANCED_FACE('',(#5200),#5201,.F.);
#2379=PRESENTATION_STYLE_ASSIGNMENT((#5202));
#2380=EDGE_CURVE('',#1928,#3934,#5203,.T.);
#2381=PRESENTATION_STYLE_ASSIGNMENT((#5204));
#2382=VERTEX_POINT('',#5205);
#2383=PRESENTATION_STYLE_ASSIGNMENT((#5206));
#2384=VERTEX_POINT('',#5207);
#2385=PRESENTATION_STYLE_ASSIGNMENT((#5208));
#2386=VERTEX_POINT('',#5209);
#2387=PRESENTATION_STYLE_ASSIGNMENT((#5210));
#2388=VERTEX_POINT('',#5211);
#2389=PRESENTATION_STYLE_ASSIGNMENT((#5212));
#2390=VERTEX_POINT('',#5213);
#2391=PRESENTATION_STYLE_ASSIGNMENT((#5214));
#2392=EDGE_CURVE('',#2330,#3144,#5215,.T.);
#2393=PRESENTATION_STYLE_ASSIGNMENT((#5216));
#2394=EDGE_CURVE('',#3824,#1512,#5217,.T.);
#2395=PRESENTATION_STYLE_ASSIGNMENT((#5218));
#2396=VERTEX_POINT('',#5219);
#2397=PRESENTATION_STYLE_ASSIGNMENT((#5220));
#2398=EDGE_CURVE('',#3494,#2288,#5221,.T.);
#2399=PRESENTATION_STYLE_ASSIGNMENT((#5222));
#2400=VERTEX_POINT('',#5223);
#2401=PRESENTATION_STYLE_ASSIGNMENT((#5224));
#2402=EDGE_CURVE('',#3660,#2098,#5225,.T.);
#2403=PRESENTATION_STYLE_ASSIGNMENT((#5226));
#2404=VERTEX_POINT('',#5227);
#2405=PRESENTATION_STYLE_ASSIGNMENT((#5228));
#2406=EDGE_CURVE('',#3166,#3968,#5229,.T.);
#2407=PRESENTATION_STYLE_ASSIGNMENT((#5230));
#2408=ADVANCED_FACE('',(#5231),#5232,.T.);
#2409=PRESENTATION_STYLE_ASSIGNMENT((#5233));
#2410=ADVANCED_FACE('',(#5234),#5235,.T.);
#2411=PRESENTATION_STYLE_ASSIGNMENT((#5236));
#2412=VERTEX_POINT('',#5237);
#2413=PRESENTATION_STYLE_ASSIGNMENT((#5238));
#2414=VERTEX_POINT('',#5239);
#2415=PRESENTATION_STYLE_ASSIGNMENT((#5240));
#2416=VERTEX_POINT('',#5241);
#2417=PRESENTATION_STYLE_ASSIGNMENT((#5242));
#2418=EDGE_CURVE('',#3892,#1928,#5243,.T.);
#2419=PRESENTATION_STYLE_ASSIGNMENT((#5244));
#2420=VERTEX_POINT('',#5245);
#2421=PRESENTATION_STYLE_ASSIGNMENT((#5246));
#2422=EDGE_CURVE('',#1488,#3704,#5247,.T.);
#2423=PRESENTATION_STYLE_ASSIGNMENT((#5248));
#2424=EDGE_CURVE('',#2182,#3402,#5249,.T.);
#2425=PRESENTATION_STYLE_ASSIGNMENT((#5250));
#2426=ADVANCED_FACE('',(#5251),#5252,.T.);
#2427=PRESENTATION_STYLE_ASSIGNMENT((#5253));
#2428=EDGE_CURVE('',#2578,#1972,#5254,.T.);
#2429=PRESENTATION_STYLE_ASSIGNMENT((#5255));
#2430=EDGE_CURVE('',#1596,#1422,#5256,.T.);
#2431=PRESENTATION_STYLE_ASSIGNMENT((#5257));
#2432=EDGE_CURVE('',#3974,#1602,#5258,.T.);
#2433=PRESENTATION_STYLE_ASSIGNMENT((#5259));
#2434=ADVANCED_FACE('',(#5260),#5261,.F.);
#2435=PRESENTATION_STYLE_ASSIGNMENT((#5262));
#2436=ADVANCED_FACE('',(#5263),#5264,.T.);
#2437=PRESENTATION_STYLE_ASSIGNMENT((#5265));
#2438=VERTEX_POINT('',#5266);
#2439=PRESENTATION_STYLE_ASSIGNMENT((#5267));
#2440=ADVANCED_FACE('',(#5268),#5269,.T.);
#2441=PRESENTATION_STYLE_ASSIGNMENT((#5270));
#2442=ADVANCED_FACE('',(#5271),#5272,.T.);
#2443=PRESENTATION_STYLE_ASSIGNMENT((#5273));
#2444=EDGE_CURVE('',#3640,#3842,#5274,.T.);
#2445=PRESENTATION_STYLE_ASSIGNMENT((#5275));
#2446=ADVANCED_FACE('',(#5276),#5277,.F.);
#2447=PRESENTATION_STYLE_ASSIGNMENT((#5278));
#2448=EDGE_CURVE('',#3322,#1474,#5279,.T.);
#2449=PRESENTATION_STYLE_ASSIGNMENT((#5280));
#2450=EDGE_CURVE('',#2614,#2574,#5281,.T.);
#2451=PRESENTATION_STYLE_ASSIGNMENT((#5282));
#2452=VERTEX_POINT('',#5283);
#2453=PRESENTATION_STYLE_ASSIGNMENT((#5284));
#2454=EDGE_CURVE('',#2584,#2222,#5285,.T.);
#2455=PRESENTATION_STYLE_ASSIGNMENT((#5286));
#2456=EDGE_CURVE('',#2476,#2872,#5287,.T.);
#2457=PRESENTATION_STYLE_ASSIGNMENT((#5288));
#2458=EDGE_CURVE('',#1534,#2880,#5289,.T.);
#2459=PRESENTATION_STYLE_ASSIGNMENT((#5290));
#2460=EDGE_CURVE('',#1986,#2330,#5291,.T.);
#2461=PRESENTATION_STYLE_ASSIGNMENT((#5292));
#2462=EDGE_CURVE('',#3294,#2526,#5293,.T.);
#2463=PRESENTATION_STYLE_ASSIGNMENT((#5294));
#2464=VERTEX_POINT('',#5295);
#2465=PRESENTATION_STYLE_ASSIGNMENT((#5296));
#2466=VERTEX_POINT('',#5297);
#2467=PRESENTATION_STYLE_ASSIGNMENT((#5298));
#2468=VERTEX_POINT('',#5299);
#2469=PRESENTATION_STYLE_ASSIGNMENT((#5300));
#2470=EDGE_CURVE('',#2000,#2274,#5301,.T.);
#2471=PRESENTATION_STYLE_ASSIGNMENT((#5302));
#2472=EDGE_CURVE('',#2894,#1646,#5303,.T.);
#2473=PRESENTATION_STYLE_ASSIGNMENT((#5304));
#2474=VERTEX_POINT('',#5305);
#2475=PRESENTATION_STYLE_ASSIGNMENT((#5306));
#2476=VERTEX_POINT('',#5307);
#2477=PRESENTATION_STYLE_ASSIGNMENT((#5308));
#2478=VERTEX_POINT('',#5309);
#2479=PRESENTATION_STYLE_ASSIGNMENT((#5310));
#2480=VERTEX_POINT('',#5311);
#2481=PRESENTATION_STYLE_ASSIGNMENT((#5312));
#2482=EDGE_CURVE('',#2254,#3350,#5313,.T.);
#2483=PRESENTATION_STYLE_ASSIGNMENT((#5314));
#2484=VERTEX_POINT('',#5315);
#2485=PRESENTATION_STYLE_ASSIGNMENT((#5316));
#2486=EDGE_CURVE('',#3136,#3680,#5317,.T.);
#2487=PRESENTATION_STYLE_ASSIGNMENT((#5318));
#2488=VERTEX_POINT('',#5319);
#2489=PRESENTATION_STYLE_ASSIGNMENT((#5320));
#2490=VERTEX_POINT('',#5321);
#2491=PRESENTATION_STYLE_ASSIGNMENT((#5322));
#2492=ADVANCED_FACE('',(#5323),#5324,.T.);
#2493=PRESENTATION_STYLE_ASSIGNMENT((#5325));
#2494=EDGE_CURVE('',#4074,#4038,#5326,.T.);
#2495=PRESENTATION_STYLE_ASSIGNMENT((#5327));
#2496=VERTEX_POINT('',#5328);
#2497=PRESENTATION_STYLE_ASSIGNMENT((#5329));
#2498=EDGE_CURVE('',#2566,#3674,#5330,.T.);
#2499=PRESENTATION_STYLE_ASSIGNMENT((#5331));
#2500=EDGE_CURVE('',#1444,#1958,#5332,.T.);
#2501=PRESENTATION_STYLE_ASSIGNMENT((#5333));
#2502=VERTEX_POINT('',#5334);
#2503=PRESENTATION_STYLE_ASSIGNMENT((#5335));
#2504=ADVANCED_FACE('',(#5336),#5337,.T.);
#2505=PRESENTATION_STYLE_ASSIGNMENT((#5338));
#2506=ADVANCED_FACE('',(#5339),#5340,.T.);
#2507=PRESENTATION_STYLE_ASSIGNMENT((#5341));
#2508=EDGE_CURVE('',#1694,#1872,#5342,.T.);
#2509=PRESENTATION_STYLE_ASSIGNMENT((#5343));
#2510=VERTEX_POINT('',#5344);
#2511=PRESENTATION_STYLE_ASSIGNMENT((#5345));
#2512=EDGE_CURVE('',#1922,#1864,#5346,.T.);
#2513=PRESENTATION_STYLE_ASSIGNMENT((#5347));
#2514=VERTEX_POINT('',#5348);
#2515=PRESENTATION_STYLE_ASSIGNMENT((#5349));
#2516=VERTEX_POINT('',#5350);
#2517=PRESENTATION_STYLE_ASSIGNMENT((#5351));
#2518=VERTEX_POINT('',#5352);
#2519=PRESENTATION_STYLE_ASSIGNMENT((#5353));
#2520=EDGE_CURVE('',#2438,#3472,#5354,.T.);
#2521=PRESENTATION_STYLE_ASSIGNMENT((#5355));
#2522=EDGE_CURVE('',#2168,#1874,#5356,.T.);
#2523=PRESENTATION_STYLE_ASSIGNMENT((#5357));
#2524=VERTEX_POINT('',#5358);
#2525=PRESENTATION_STYLE_ASSIGNMENT((#5359));
#2526=VERTEX_POINT('',#5360);
#2527=PRESENTATION_STYLE_ASSIGNMENT((#5361));
#2528=ADVANCED_FACE('',(#5362),#5363,.F.);
#2529=PRESENTATION_STYLE_ASSIGNMENT((#5364));
#2530=EDGE_CURVE('',#3626,#3248,#5365,.T.);
#2531=PRESENTATION_STYLE_ASSIGNMENT((#5366));
#2532=ADVANCED_FACE('',(#5367,#5368),#5369,.F.);
#2533=PRESENTATION_STYLE_ASSIGNMENT((#5370));
#2534=ADVANCED_FACE('',(#5371),#5372,.F.);
#2535=PRESENTATION_STYLE_ASSIGNMENT((#5373));
#2536=EDGE_CURVE('',#2584,#2452,#5374,.T.);
#2537=PRESENTATION_STYLE_ASSIGNMENT((#5375));
#2538=ADVANCED_FACE('',(#5376),#5377,.T.);
#2539=PRESENTATION_STYLE_ASSIGNMENT((#5378));
#2540=EDGE_CURVE('',#1530,#2156,#5379,.T.);
#2541=PRESENTATION_STYLE_ASSIGNMENT((#5380));
#2542=EDGE_CURVE('',#3600,#1928,#5381,.T.);
#2543=PRESENTATION_STYLE_ASSIGNMENT((#5382));
#2544=ADVANCED_FACE('',(#5383),#5384,.T.);
#2545=PRESENTATION_STYLE_ASSIGNMENT((#5385));
#2546=VERTEX_POINT('',#5386);
#2547=PRESENTATION_STYLE_ASSIGNMENT((#5387));
#2548=ADVANCED_FACE('',(#5388),#5389,.F.);
#2549=PRESENTATION_STYLE_ASSIGNMENT((#5390));
#2550=EDGE_CURVE('',#2082,#1494,#5391,.T.);
#2551=PRESENTATION_STYLE_ASSIGNMENT((#5392));
#2552=EDGE_CURVE('',#2502,#1422,#5393,.T.);
#2553=PRESENTATION_STYLE_ASSIGNMENT((#5394));
#2554=EDGE_CURVE('',#2226,#2324,#5395,.T.);
#2555=PRESENTATION_STYLE_ASSIGNMENT((#5396));
#2556=EDGE_CURVE('',#1516,#2602,#5397,.T.);
#2557=PRESENTATION_STYLE_ASSIGNMENT((#5398));
#2558=EDGE_CURVE('',#3882,#1896,#5399,.T.);
#2559=PRESENTATION_STYLE_ASSIGNMENT((#5400));
#2560=EDGE_CURVE('',#3696,#3870,#5401,.T.);
#2561=PRESENTATION_STYLE_ASSIGNMENT((#5402));
#2562=VERTEX_POINT('',#5403);
#2563=PRESENTATION_STYLE_ASSIGNMENT((#5404));
#2564=EDGE_CURVE('',#2862,#1656,#5405,.T.);
#2565=PRESENTATION_STYLE_ASSIGNMENT((#5406));
#2566=VERTEX_POINT('',#5407);
#2567=PRESENTATION_STYLE_ASSIGNMENT((#5408));
#2568=EDGE_CURVE('',#3218,#2212,#5409,.T.);
#2569=PRESENTATION_STYLE_ASSIGNMENT((#5410));
#2570=EDGE_CURVE('',#3764,#3722,#5411,.T.);
#2571=PRESENTATION_STYLE_ASSIGNMENT((#5412));
#2572=EDGE_CURVE('',#4020,#2058,#5413,.T.);
#2573=PRESENTATION_STYLE_ASSIGNMENT((#5414));
#2574=VERTEX_POINT('',#5415);
#2575=PRESENTATION_STYLE_ASSIGNMENT((#5416));
#2576=EDGE_CURVE('',#1646,#2524,#5417,.T.);
#2577=PRESENTATION_STYLE_ASSIGNMENT((#5418));
#2578=VERTEX_POINT('',#5419);
#2579=PRESENTATION_STYLE_ASSIGNMENT((#5420));
#2580=ADVANCED_FACE('',(#5421),#5422,.F.);
#2581=PRESENTATION_STYLE_ASSIGNMENT((#5423));
#2582=ADVANCED_FACE('',(#5424),#5425,.F.);
#2583=PRESENTATION_STYLE_ASSIGNMENT((#5426));
#2584=VERTEX_POINT('',#5427);
#2585=PRESENTATION_STYLE_ASSIGNMENT((#5428));
#2586=EDGE_CURVE('',#3704,#3870,#5429,.T.);
#2587=PRESENTATION_STYLE_ASSIGNMENT((#5430));
#2588=VERTEX_POINT('',#5431);
#2589=PRESENTATION_STYLE_ASSIGNMENT((#5432));
#2590=VERTEX_POINT('',#5433);
#2591=PRESENTATION_STYLE_ASSIGNMENT((#5434));
#2592=EDGE_CURVE('',#3728,#2720,#5435,.T.);
#2593=PRESENTATION_STYLE_ASSIGNMENT((#5436));
#2594=ADVANCED_FACE('',(#5437),#5438,.T.);
#2595=PRESENTATION_STYLE_ASSIGNMENT((#5439));
#2596=ADVANCED_FACE('',(#5440),#5441,.T.);
#2597=PRESENTATION_STYLE_ASSIGNMENT((#5442));
#2598=EDGE_CURVE('',#3780,#2614,#5443,.T.);
#2599=PRESENTATION_STYLE_ASSIGNMENT((#5444));
#2600=EDGE_CURVE('',#3042,#2590,#5445,.T.);
#2601=PRESENTATION_STYLE_ASSIGNMENT((#5446));
#2602=VERTEX_POINT('',#5447);
#2603=PRESENTATION_STYLE_ASSIGNMENT((#5448));
#2604=EDGE_CURVE('',#3624,#2396,#5449,.T.);
#2605=PRESENTATION_STYLE_ASSIGNMENT((#5450));
#2606=EDGE_CURVE('',#4084,#3864,#5451,.T.);
#2607=PRESENTATION_STYLE_ASSIGNMENT((#5452));
#2608=VERTEX_POINT('',#5453);
#2609=PRESENTATION_STYLE_ASSIGNMENT((#5454));
#2610=EDGE_CURVE('',#2546,#3708,#5455,.T.);
#2611=PRESENTATION_STYLE_ASSIGNMENT((#5456));
#2612=EDGE_CURVE('',#1980,#4064,#5457,.T.);
#2613=PRESENTATION_STYLE_ASSIGNMENT((#5458));
#2614=VERTEX_POINT('',#5459);
#2615=PRESENTATION_STYLE_ASSIGNMENT((#5460));
#2616=ADVANCED_FACE('',(#5461),#5462,.F.);
#2617=PRESENTATION_STYLE_ASSIGNMENT((#5463));
#2618=EDGE_CURVE('',#1452,#3300,#5464,.T.);
#2619=PRESENTATION_STYLE_ASSIGNMENT((#5465));
#2620=EDGE_CURVE('',#3662,#3478,#5466,.T.);
#2621=PRESENTATION_STYLE_ASSIGNMENT((#5467));
#2622=EDGE_CURVE('',#2818,#2060,#5468,.T.);
#2623=PRESENTATION_STYLE_ASSIGNMENT((#5469));
#2624=ADVANCED_FACE('',(#5470),#5471,.F.);
#2625=PRESENTATION_STYLE_ASSIGNMENT((#5472));
#2626=VERTEX_POINT('',#5473);
#2627=PRESENTATION_STYLE_ASSIGNMENT((#5474));
#2628=VERTEX_POINT('',#5475);
#2629=PRESENTATION_STYLE_ASSIGNMENT((#5476));
#2630=EDGE_CURVE('',#3074,#1666,#5477,.T.);
#2631=PRESENTATION_STYLE_ASSIGNMENT((#5478));
#2632=VERTEX_POINT('',#5479);
#2633=PRESENTATION_STYLE_ASSIGNMENT((#5480));
#2634=ADVANCED_FACE('',(#5481),#5482,.F.);
#2635=PRESENTATION_STYLE_ASSIGNMENT((#5483));
#2636=ADVANCED_FACE('',(#5484),#5485,.F.);
#2637=PRESENTATION_STYLE_ASSIGNMENT((#5486));
#2638=EDGE_CURVE('',#3844,#3650,#5487,.T.);
#2639=PRESENTATION_STYLE_ASSIGNMENT((#5488));
#2640=EDGE_CURVE('',#3468,#2342,#5489,.T.);
#2641=PRESENTATION_STYLE_ASSIGNMENT((#5490));
#2642=VERTEX_POINT('',#5491);
#2643=PRESENTATION_STYLE_ASSIGNMENT((#5492));
#2644=ADVANCED_FACE('',(#5493),#5494,.T.);
#2645=PRESENTATION_STYLE_ASSIGNMENT((#5495));
#2646=EDGE_CURVE('',#2386,#2326,#5496,.T.);
#2647=PRESENTATION_STYLE_ASSIGNMENT((#5497));
#2648=EDGE_CURVE('',#2206,#3882,#5498,.T.);
#2649=PRESENTATION_STYLE_ASSIGNMENT((#5499));
#2650=EDGE_CURVE('',#2704,#3848,#5500,.T.);
#2651=PRESENTATION_STYLE_ASSIGNMENT((#5501));
#2652=EDGE_CURVE('',#2012,#1380,#5502,.T.);
#2653=PRESENTATION_STYLE_ASSIGNMENT((#5503));
#2654=EDGE_CURVE('',#2382,#3956,#5504,.T.);
#2655=PRESENTATION_STYLE_ASSIGNMENT((#5505));
#2656=EDGE_CURVE('',#2222,#2274,#5506,.T.);
#2657=PRESENTATION_STYLE_ASSIGNMENT((#5507));
#2658=ADVANCED_FACE('',(#5508),#5509,.T.);
#2659=PRESENTATION_STYLE_ASSIGNMENT((#5510));
#2660=VERTEX_POINT('',#5511);
#2661=PRESENTATION_STYLE_ASSIGNMENT((#5512));
#2662=EDGE_CURVE('',#2010,#2000,#5513,.T.);
#2663=PRESENTATION_STYLE_ASSIGNMENT((#5514));
#2664=EDGE_CURVE('',#2218,#3412,#5515,.T.);
#2665=PRESENTATION_STYLE_ASSIGNMENT((#5516));
#2666=EDGE_CURVE('',#2694,#3962,#5517,.T.);
#2667=PRESENTATION_STYLE_ASSIGNMENT((#5518));
#2668=ADVANCED_FACE('',(#5519),#5520,.F.);
#2669=PRESENTATION_STYLE_ASSIGNMENT((#5521));
#2670=EDGE_CURVE('',#2934,#1480,#5522,.T.);
#2671=PRESENTATION_STYLE_ASSIGNMENT((#5523));
#2672=EDGE_CURVE('',#1750,#2250,#5524,.T.);
#2673=PRESENTATION_STYLE_ASSIGNMENT((#5525));
#2674=EDGE_CURVE('',#3956,#1690,#5526,.T.);
#2675=PRESENTATION_STYLE_ASSIGNMENT((#5527));
#2676=VERTEX_POINT('',#5528);
#2677=PRESENTATION_STYLE_ASSIGNMENT((#5529));
#2678=VERTEX_POINT('',#5530);
#2679=PRESENTATION_STYLE_ASSIGNMENT((#5531));
#2680=ADVANCED_FACE('',(#5532),#5533,.F.);
#2681=PRESENTATION_STYLE_ASSIGNMENT((#5534));
#2682=VERTEX_POINT('',#5535);
#2683=PRESENTATION_STYLE_ASSIGNMENT((#5536));
#2684=ADVANCED_FACE('',(#5537),#5538,.T.);
#2685=PRESENTATION_STYLE_ASSIGNMENT((#5539));
#2686=EDGE_CURVE('',#1656,#2642,#5540,.T.);
#2687=PRESENTATION_STYLE_ASSIGNMENT((#5541));
#2688=VERTEX_POINT('',#5542);
#2689=PRESENTATION_STYLE_ASSIGNMENT((#5543));
#2690=VERTEX_POINT('',#5544);
#2691=PRESENTATION_STYLE_ASSIGNMENT((#5545));
#2692=ADVANCED_FACE('',(#5546),#5547,.F.);
#2693=PRESENTATION_STYLE_ASSIGNMENT((#5548));
#2694=VERTEX_POINT('',#5549);
#2695=PRESENTATION_STYLE_ASSIGNMENT((#5550));
#2696=EDGE_CURVE('',#3874,#3136,#5551,.T.);
#2697=PRESENTATION_STYLE_ASSIGNMENT((#5552));
#2698=EDGE_CURVE('',#2626,#2678,#5553,.T.);
#2699=PRESENTATION_STYLE_ASSIGNMENT((#5554));
#2700=ADVANCED_FACE('',(#5555),#5556,.F.);
#2701=PRESENTATION_STYLE_ASSIGNMENT((#5557));
#2702=ADVANCED_FACE('',(#5558),#5559,.T.);
#2703=PRESENTATION_STYLE_ASSIGNMENT((#5560));
#2704=VERTEX_POINT('',#5561);
#2705=PRESENTATION_STYLE_ASSIGNMENT((#5562));
#2706=EDGE_CURVE('',#1992,#2308,#5563,.T.);
#2707=PRESENTATION_STYLE_ASSIGNMENT((#5564));
#2708=EDGE_CURVE('',#2138,#2020,#5565,.T.);
#2709=PRESENTATION_STYLE_ASSIGNMENT((#5566));
#2710=VERTEX_POINT('',#5567);
#2711=PRESENTATION_STYLE_ASSIGNMENT((#5568));
#2712=EDGE_CURVE('',#2040,#3898,#5569,.T.);
#2713=PRESENTATION_STYLE_ASSIGNMENT((#5570));
#2714=VERTEX_POINT('',#5571);
#2715=PRESENTATION_STYLE_ASSIGNMENT((#5572));
#2716=EDGE_CURVE('',#3670,#2074,#5573,.T.);
#2717=PRESENTATION_STYLE_ASSIGNMENT((#5574));
#2718=ADVANCED_FACE('',(#5575),#5576,.F.);
#2719=PRESENTATION_STYLE_ASSIGNMENT((#5577));
#2720=VERTEX_POINT('',#5578);
#2721=PRESENTATION_STYLE_ASSIGNMENT((#5579));
#2722=VERTEX_POINT('',#5580);
#2723=PRESENTATION_STYLE_ASSIGNMENT((#5581));
#2724=EDGE_CURVE('',#2742,#2414,#5582,.T.);
#2725=PRESENTATION_STYLE_ASSIGNMENT((#5583));
#2726=ADVANCED_FACE('',(#5584),#5585,.F.);
#2727=PRESENTATION_STYLE_ASSIGNMENT((#5586));
#2728=VERTEX_POINT('',#5587);
#2729=PRESENTATION_STYLE_ASSIGNMENT((#5588));
#2730=VERTEX_POINT('',#5589);
#2731=PRESENTATION_STYLE_ASSIGNMENT((#5590));
#2732=EDGE_CURVE('',#2108,#3078,#5591,.T.);
#2733=PRESENTATION_STYLE_ASSIGNMENT((#5592));
#2734=VERTEX_POINT('',#5593);
#2735=PRESENTATION_STYLE_ASSIGNMENT((#5594));
#2736=EDGE_CURVE('',#2858,#2226,#5595,.T.);
#2737=PRESENTATION_STYLE_ASSIGNMENT((#5596));
#2738=EDGE_CURVE('',#1606,#1522,#5597,.T.);
#2739=PRESENTATION_STYLE_ASSIGNMENT((#5598));
#2740=VERTEX_POINT('',#5599);
#2741=PRESENTATION_STYLE_ASSIGNMENT((#5600));
#2742=VERTEX_POINT('',#5601);
#2743=PRESENTATION_STYLE_ASSIGNMENT((#5602));
#2744=EDGE_CURVE('',#2218,#2020,#5603,.T.);
#2745=PRESENTATION_STYLE_ASSIGNMENT((#5604));
#2746=VERTEX_POINT('',#5605);
#2747=PRESENTATION_STYLE_ASSIGNMENT((#5606));
#2748=EDGE_CURVE('',#2306,#2368,#5607,.T.);
#2749=PRESENTATION_STYLE_ASSIGNMENT((#5608));
#2750=ADVANCED_FACE('',(#5609),#5610,.T.);
#2751=PRESENTATION_STYLE_ASSIGNMENT((#5611));
#2752=VERTEX_POINT('',#5612);
#2753=PRESENTATION_STYLE_ASSIGNMENT((#5613));
#2754=EDGE_CURVE('',#1424,#2976,#5614,.T.);
#2755=PRESENTATION_STYLE_ASSIGNMENT((#5615));
#2756=ADVANCED_FACE('',(#5616),#5617,.F.);
#2757=PRESENTATION_STYLE_ASSIGNMENT((#5618));
#2758=ADVANCED_FACE('',(#5619),#5620,.T.);
#2759=PRESENTATION_STYLE_ASSIGNMENT((#5621));
#2760=ADVANCED_FACE('',(#5622),#5623,.T.);
#2761=PRESENTATION_STYLE_ASSIGNMENT((#5624));
#2762=VERTEX_POINT('',#5625);
#2763=PRESENTATION_STYLE_ASSIGNMENT((#5626));
#2764=VERTEX_POINT('',#5627);
#2765=PRESENTATION_STYLE_ASSIGNMENT((#5628));
#2766=EDGE_CURVE('',#3202,#2292,#5629,.T.);
#2767=PRESENTATION_STYLE_ASSIGNMENT((#5630));
#2768=ADVANCED_FACE('',(#5631),#5632,.F.);
#2769=PRESENTATION_STYLE_ASSIGNMENT((#5633));
#2770=VERTEX_POINT('',#5634);
#2771=PRESENTATION_STYLE_ASSIGNMENT((#5635));
#2772=EDGE_CURVE('',#3472,#1874,#5636,.T.);
#2773=PRESENTATION_STYLE_ASSIGNMENT((#5637));
#2774=EDGE_CURVE('',#4034,#3128,#5638,.T.);
#2775=PRESENTATION_STYLE_ASSIGNMENT((#5639));
#2776=EDGE_CURVE('',#1880,#3966,#5640,.T.);
#2777=PRESENTATION_STYLE_ASSIGNMENT((#5641));
#2778=EDGE_CURVE('',#1656,#3230,#5642,.T.);
#2779=PRESENTATION_STYLE_ASSIGNMENT((#5643));
#2780=ADVANCED_FACE('',(#5644),#5645,.F.);
#2781=PRESENTATION_STYLE_ASSIGNMENT((#5646));
#2782=EDGE_CURVE('',#2478,#1710,#5647,.T.);
#2783=PRESENTATION_STYLE_ASSIGNMENT((#5648));
#2784=EDGE_CURVE('',#3932,#3252,#5649,.T.);
#2785=PRESENTATION_STYLE_ASSIGNMENT((#5650));
#2786=VERTEX_POINT('',#5651);
#2787=PRESENTATION_STYLE_ASSIGNMENT((#5652));
#2788=EDGE_CURVE('',#1506,#1650,#5653,.T.);
#2789=PRESENTATION_STYLE_ASSIGNMENT((#5654));
#2790=EDGE_CURVE('',#3520,#3586,#5655,.T.);
#2791=PRESENTATION_STYLE_ASSIGNMENT((#5656));
#2792=ADVANCED_FACE('',(#5657),#5658,.F.);
#2793=PRESENTATION_STYLE_ASSIGNMENT((#5659));
#2794=EDGE_CURVE('',#3712,#3556,#5660,.T.);
#2795=PRESENTATION_STYLE_ASSIGNMENT((#5661));
#2796=ADVANCED_FACE('',(#5662),#5663,.F.);
#2797=PRESENTATION_STYLE_ASSIGNMENT((#5664));
#2798=VERTEX_POINT('',#5665);
#2799=PRESENTATION_STYLE_ASSIGNMENT((#5666));
#2800=VERTEX_POINT('',#5667);
#2801=PRESENTATION_STYLE_ASSIGNMENT((#5668));
#2802=EDGE_CURVE('',#3170,#1880,#5669,.T.);
#2803=PRESENTATION_STYLE_ASSIGNMENT((#5670));
#2804=ADVANCED_FACE('',(#5671),#5672,.F.);
#2805=PRESENTATION_STYLE_ASSIGNMENT((#5673));
#2806=EDGE_CURVE('',#2110,#2994,#5674,.T.);
#2807=PRESENTATION_STYLE_ASSIGNMENT((#5675));
#2808=EDGE_CURVE('',#1750,#3754,#5676,.T.);
#2809=PRESENTATION_STYLE_ASSIGNMENT((#5677));
#2810=ADVANCED_FACE('',(#5678),#5679,.T.);
#2811=PRESENTATION_STYLE_ASSIGNMENT((#5680));
#2812=EDGE_CURVE('',#3142,#2920,#5681,.T.);
#2813=PRESENTATION_STYLE_ASSIGNMENT((#5682));
#2814=VERTEX_POINT('',#5683);
#2815=PRESENTATION_STYLE_ASSIGNMENT((#5684));
#2816=ADVANCED_FACE('',(#5685),#5686,.F.);
#2817=PRESENTATION_STYLE_ASSIGNMENT((#5687));
#2818=VERTEX_POINT('',#5688);
#2819=PRESENTATION_STYLE_ASSIGNMENT((#5689));
#2820=EDGE_CURVE('',#2404,#3892,#5690,.T.);
#2821=PRESENTATION_STYLE_ASSIGNMENT((#5691));
#2822=EDGE_CURVE('',#3730,#3212,#5692,.T.);
#2823=PRESENTATION_STYLE_ASSIGNMENT((#5693));
#2824=EDGE_CURVE('',#2990,#2722,#5694,.T.);
#2825=PRESENTATION_STYLE_ASSIGNMENT((#5695));
#2826=EDGE_CURVE('',#3566,#1456,#5696,.T.);
#2827=PRESENTATION_STYLE_ASSIGNMENT((#5697));
#2828=EDGE_CURVE('',#4044,#3278,#5698,.T.);
#2829=PRESENTATION_STYLE_ASSIGNMENT((#5699));
#2830=VERTEX_POINT('',#5700);
#2831=PRESENTATION_STYLE_ASSIGNMENT((#5701));
#2832=VERTEX_POINT('',#5702);
#2833=PRESENTATION_STYLE_ASSIGNMENT((#5703));
#2834=EDGE_CURVE('',#1480,#2110,#5704,.T.);
#2835=PRESENTATION_STYLE_ASSIGNMENT((#5705));
#2836=EDGE_CURVE('',#3646,#2216,#5706,.T.);
#2837=PRESENTATION_STYLE_ASSIGNMENT((#5707));
#2838=EDGE_CURVE('',#1512,#1740,#5708,.T.);
#2839=PRESENTATION_STYLE_ASSIGNMENT((#5709));
#2840=EDGE_CURVE('',#3110,#2676,#5710,.T.);
#2841=PRESENTATION_STYLE_ASSIGNMENT((#5711));
#2842=EDGE_CURVE('',#4034,#3244,#5712,.T.);
#2843=PRESENTATION_STYLE_ASSIGNMENT((#5713));
#2844=EDGE_CURVE('',#1386,#3764,#5714,.T.);
#2845=PRESENTATION_STYLE_ASSIGNMENT((#5715));
#2846=EDGE_CURVE('',#1406,#2484,#5716,.T.);
#2847=PRESENTATION_STYLE_ASSIGNMENT((#5717));
#2848=EDGE_CURVE('',#3350,#3060,#5718,.T.);
#2849=PRESENTATION_STYLE_ASSIGNMENT((#5719));
#2850=ADVANCED_FACE('',(#5720),#5721,.T.);
#2851=PRESENTATION_STYLE_ASSIGNMENT((#5722));
#2852=ADVANCED_FACE('',(#5723),#5724,.F.);
#2853=PRESENTATION_STYLE_ASSIGNMENT((#5725));
#2854=VERTEX_POINT('',#5726);
#2855=PRESENTATION_STYLE_ASSIGNMENT((#5727));
#2856=ADVANCED_FACE('',(#5728),#5729,.F.);
#2857=PRESENTATION_STYLE_ASSIGNMENT((#5730));
#2858=VERTEX_POINT('',#5731);
#2859=PRESENTATION_STYLE_ASSIGNMENT((#5732));
#2860=VERTEX_POINT('',#5733);
#2861=PRESENTATION_STYLE_ASSIGNMENT((#5734));
#2862=VERTEX_POINT('',#5735);
#2863=PRESENTATION_STYLE_ASSIGNMENT((#5736));
#2864=ADVANCED_FACE('',(#5737),#5738,.F.);
#2865=PRESENTATION_STYLE_ASSIGNMENT((#5739));
#2866=ADVANCED_FACE('',(#5740),#5741,.T.);
#2867=PRESENTATION_STYLE_ASSIGNMENT((#5742));
#2868=VERTEX_POINT('',#5743);
#2869=PRESENTATION_STYLE_ASSIGNMENT((#5744));
#2870=EDGE_CURVE('',#2412,#1578,#5745,.T.);
#2871=PRESENTATION_STYLE_ASSIGNMENT((#5746));
#2872=VERTEX_POINT('',#5747);
#2873=PRESENTATION_STYLE_ASSIGNMENT((#5748));
#2874=EDGE_CURVE('',#2832,#3304,#5749,.T.);
#2875=PRESENTATION_STYLE_ASSIGNMENT((#5750));
#2876=EDGE_CURVE('',#1616,#3840,#5751,.T.);
#2877=PRESENTATION_STYLE_ASSIGNMENT((#5752));
#2878=VERTEX_POINT('',#5753);
#2879=PRESENTATION_STYLE_ASSIGNMENT((#5754));
#2880=VERTEX_POINT('',#5755);
#2881=PRESENTATION_STYLE_ASSIGNMENT((#5756));
#2882=EDGE_CURVE('',#1556,#3382,#5757,.T.);
#2883=PRESENTATION_STYLE_ASSIGNMENT((#5758));
#2884=ADVANCED_FACE('',(#5759),#5760,.F.);
#2885=PRESENTATION_STYLE_ASSIGNMENT((#5761));
#2886=EDGE_CURVE('',#2218,#2510,#5762,.T.);
#2887=PRESENTATION_STYLE_ASSIGNMENT((#5763));
#2888=EDGE_CURVE('',#2302,#3322,#5764,.T.);
#2889=PRESENTATION_STYLE_ASSIGNMENT((#5765));
#2890=EDGE_CURVE('',#1566,#2514,#5766,.T.);
#2891=PRESENTATION_STYLE_ASSIGNMENT((#5767));
#2892=VERTEX_POINT('',#5768);
#2893=PRESENTATION_STYLE_ASSIGNMENT((#5769));
#2894=VERTEX_POINT('',#5770);
#2895=PRESENTATION_STYLE_ASSIGNMENT((#5771));
#2896=ADVANCED_FACE('',(#5772,#5773),#5774,.F.);
#2897=PRESENTATION_STYLE_ASSIGNMENT((#5775));
#2898=VERTEX_POINT('',#5776);
#2899=PRESENTATION_STYLE_ASSIGNMENT((#5777));
#2900=EDGE_CURVE('',#1602,#3460,#5778,.T.);
#2901=PRESENTATION_STYLE_ASSIGNMENT((#5779));
#2902=VERTEX_POINT('',#5780);
#2903=PRESENTATION_STYLE_ASSIGNMENT((#5781));
#2904=VERTEX_POINT('',#5782);
#2905=PRESENTATION_STYLE_ASSIGNMENT((#5783));
#2906=EDGE_CURVE('',#1598,#3376,#5784,.T.);
#2907=PRESENTATION_STYLE_ASSIGNMENT((#5785));
#2908=EDGE_CURVE('',#2578,#3494,#5786,.T.);
#2909=PRESENTATION_STYLE_ASSIGNMENT((#5787));
#2910=EDGE_CURVE('',#2800,#4068,#5788,.T.);
#2911=PRESENTATION_STYLE_ASSIGNMENT((#5789));
#2912=EDGE_CURVE('',#2518,#1570,#5790,.T.);
#2913=PRESENTATION_STYLE_ASSIGNMENT((#5791));
#2914=EDGE_CURVE('',#2082,#1980,#5792,.T.);
#2915=PRESENTATION_STYLE_ASSIGNMENT((#5793));
#2916=VERTEX_POINT('',#5794);
#2917=PRESENTATION_STYLE_ASSIGNMENT((#5795));
#2918=EDGE_CURVE('',#1918,#3666,#5796,.T.);
#2919=PRESENTATION_STYLE_ASSIGNMENT((#5797));
#2920=VERTEX_POINT('',#5798);
#2921=PRESENTATION_STYLE_ASSIGNMENT((#5799));
#2922=ADVANCED_FACE('',(#5800),#5801,.T.);
#2923=PRESENTATION_STYLE_ASSIGNMENT((#5802));
#2924=ADVANCED_FACE('',(#5803),#5804,.T.);
#2925=PRESENTATION_STYLE_ASSIGNMENT((#5805));
#2926=EDGE_CURVE('',#2860,#2516,#5806,.T.);
#2927=PRESENTATION_STYLE_ASSIGNMENT((#5807));
#2928=EDGE_CURVE('',#1772,#2728,#5808,.T.);
#2929=PRESENTATION_STYLE_ASSIGNMENT((#5809));
#2930=EDGE_CURVE('',#2566,#2860,#5810,.T.);
#2931=PRESENTATION_STYLE_ASSIGNMENT((#5811));
#2932=VERTEX_POINT('',#5812);
#2933=PRESENTATION_STYLE_ASSIGNMENT((#5813));
#2934=VERTEX_POINT('',#5814);
#2935=PRESENTATION_STYLE_ASSIGNMENT((#5815));
#2936=VERTEX_POINT('',#5816);
#2937=PRESENTATION_STYLE_ASSIGNMENT((#5817));
#2938=VERTEX_POINT('',#5818);
#2939=PRESENTATION_STYLE_ASSIGNMENT((#5819));
#2940=EDGE_CURVE('',#1986,#1424,#5820,.T.);
#2941=PRESENTATION_STYLE_ASSIGNMENT((#5821));
#2942=EDGE_CURVE('',#2628,#2232,#5822,.T.);
#2943=PRESENTATION_STYLE_ASSIGNMENT((#5823));
#2944=EDGE_CURVE('',#2752,#2200,#5824,.T.);
#2945=PRESENTATION_STYLE_ASSIGNMENT((#5825));
#2946=ADVANCED_FACE('',(#5826),#5827,.T.);
#2947=PRESENTATION_STYLE_ASSIGNMENT((#5828));
#2948=EDGE_CURVE('',#3732,#3202,#5829,.T.);
#2949=PRESENTATION_STYLE_ASSIGNMENT((#5830));
#2950=EDGE_CURVE('',#2742,#4076,#5831,.T.);
#2951=PRESENTATION_STYLE_ASSIGNMENT((#5832));
#2952=EDGE_CURVE('',#1860,#2628,#5833,.T.);
#2953=PRESENTATION_STYLE_ASSIGNMENT((#5834));
#2954=EDGE_CURVE('',#2976,#2898,#5835,.T.);
#2955=PRESENTATION_STYLE_ASSIGNMENT((#5836));
#2956=ADVANCED_FACE('',(#5837),#5838,.F.);
#2957=PRESENTATION_STYLE_ASSIGNMENT((#5839));
#2958=EDGE_CURVE('',#2894,#2012,#5840,.T.);
#2959=PRESENTATION_STYLE_ASSIGNMENT((#5841));
#2960=EDGE_CURVE('',#1630,#1842,#5842,.T.);
#2961=PRESENTATION_STYLE_ASSIGNMENT((#5843));
#2962=VERTEX_POINT('',#5844);
#2963=PRESENTATION_STYLE_ASSIGNMENT((#5845));
#2964=ADVANCED_FACE('',(#5846),#5847,.T.);
#2965=PRESENTATION_STYLE_ASSIGNMENT((#5848));
#2966=EDGE_CURVE('',#1846,#2892,#5849,.T.);
#2967=PRESENTATION_STYLE_ASSIGNMENT((#5850));
#2968=VERTEX_POINT('',#5851);
#2969=PRESENTATION_STYLE_ASSIGNMENT((#5852));
#2970=VERTEX_POINT('',#5853);
#2971=PRESENTATION_STYLE_ASSIGNMENT((#5854));
#2972=EDGE_CURVE('',#3586,#3542,#5855,.T.);
#2973=PRESENTATION_STYLE_ASSIGNMENT((#5856));
#2974=EDGE_CURVE('',#3864,#3520,#5857,.T.);
#2975=PRESENTATION_STYLE_ASSIGNMENT((#5858));
#2976=VERTEX_POINT('',#5859);
#2977=PRESENTATION_STYLE_ASSIGNMENT((#5860));
#2978=EDGE_CURVE('',#4074,#3382,#5861,.T.);
#2979=PRESENTATION_STYLE_ASSIGNMENT((#5862));
#2980=VERTEX_POINT('',#5863);
#2981=PRESENTATION_STYLE_ASSIGNMENT((#5864));
#2982=EDGE_CURVE('',#3894,#1606,#5865,.T.);
#2983=PRESENTATION_STYLE_ASSIGNMENT((#5866));
#2984=EDGE_CURVE('',#3554,#1612,#5867,.T.);
#2985=PRESENTATION_STYLE_ASSIGNMENT((#5868));
#2986=VERTEX_POINT('',#5869);
#2987=PRESENTATION_STYLE_ASSIGNMENT((#5870));
#2988=VERTEX_POINT('',#5871);
#2989=PRESENTATION_STYLE_ASSIGNMENT((#5872));
#2990=VERTEX_POINT('',#5873);
#2991=PRESENTATION_STYLE_ASSIGNMENT((#5874));
#2992=ADVANCED_FACE('',(#5875),#5876,.T.);
#2993=PRESENTATION_STYLE_ASSIGNMENT((#5877));
#2994=VERTEX_POINT('',#5878);
#2995=PRESENTATION_STYLE_ASSIGNMENT((#5879));
#2996=EDGE_CURVE('',#3526,#2340,#5880,.T.);
#2997=PRESENTATION_STYLE_ASSIGNMENT((#5881));
#2998=ADVANCED_FACE('',(#5882),#5883,.F.);
#2999=PRESENTATION_STYLE_ASSIGNMENT((#5884));
#3000=VERTEX_POINT('',#5885);
#3001=PRESENTATION_STYLE_ASSIGNMENT((#5886));
#3002=VERTEX_POINT('',#5887);
#3003=PRESENTATION_STYLE_ASSIGNMENT((#5888));
#3004=EDGE_CURVE('',#3294,#2314,#5889,.T.);
#3005=PRESENTATION_STYLE_ASSIGNMENT((#5890));
#3006=EDGE_CURVE('',#2352,#3662,#5891,.T.);
#3007=PRESENTATION_STYLE_ASSIGNMENT((#5892));
#3008=VERTEX_POINT('',#5893);
#3009=PRESENTATION_STYLE_ASSIGNMENT((#5894));
#3010=EDGE_CURVE('',#2326,#2490,#5895,.T.);
#3011=PRESENTATION_STYLE_ASSIGNMENT((#5896));
#3012=EDGE_CURVE('',#2110,#1554,#5897,.T.);
#3013=PRESENTATION_STYLE_ASSIGNMENT((#5898));
#3014=EDGE_CURVE('',#1800,#2588,#5899,.T.);
#3015=PRESENTATION_STYLE_ASSIGNMENT((#5900));
#3016=EDGE_CURVE('',#3966,#3398,#5901,.T.);
#3017=PRESENTATION_STYLE_ASSIGNMENT((#5902));
#3018=EDGE_CURVE('',#2348,#3462,#5903,.T.);
#3019=PRESENTATION_STYLE_ASSIGNMENT((#5904));
#3020=EDGE_CURVE('',#3478,#1630,#5905,.T.);
#3021=PRESENTATION_STYLE_ASSIGNMENT((#5906));
#3022=ADVANCED_FACE('',(#5907),#5908,.F.);
#3023=PRESENTATION_STYLE_ASSIGNMENT((#5909));
#3024=VERTEX_POINT('',#5910);
#3025=PRESENTATION_STYLE_ASSIGNMENT((#5911));
#3026=ADVANCED_FACE('',(#5912),#5913,.T.);
#3027=PRESENTATION_STYLE_ASSIGNMENT((#5914));
#3028=ADVANCED_FACE('',(#5915),#5916,.F.);
#3029=PRESENTATION_STYLE_ASSIGNMENT((#5917));
#3030=EDGE_CURVE('',#1802,#2476,#5918,.T.);
#3031=PRESENTATION_STYLE_ASSIGNMENT((#5919));
#3032=VERTEX_POINT('',#5920);
#3033=PRESENTATION_STYLE_ASSIGNMENT((#5921));
#3034=VERTEX_POINT('',#5922);
#3035=PRESENTATION_STYLE_ASSIGNMENT((#5923));
#3036=VERTEX_POINT('',#5924);
#3037=PRESENTATION_STYLE_ASSIGNMENT((#5925));
#3038=EDGE_CURVE('',#1474,#1604,#5926,.T.);
#3039=PRESENTATION_STYLE_ASSIGNMENT((#5927));
#3040=EDGE_CURVE('',#3732,#4084,#5928,.T.);
#3041=PRESENTATION_STYLE_ASSIGNMENT((#5929));
#3042=VERTEX_POINT('',#5930);
#3043=PRESENTATION_STYLE_ASSIGNMENT((#5931));
#3044=EDGE_CURVE('',#3666,#2830,#5932,.T.);
#3045=PRESENTATION_STYLE_ASSIGNMENT((#5933));
#3046=EDGE_CURVE('',#2962,#2328,#5934,.T.);
#3047=PRESENTATION_STYLE_ASSIGNMENT((#5935));
#3048=EDGE_CURVE('',#1788,#2632,#5936,.T.);
#3049=PRESENTATION_STYLE_ASSIGNMENT((#5937));
#3050=EDGE_CURVE('',#2330,#3186,#5938,.T.);
#3051=PRESENTATION_STYLE_ASSIGNMENT((#5939));
#3052=VERTEX_POINT('',#5940);
#3053=PRESENTATION_STYLE_ASSIGNMENT((#5941));
#3054=ADVANCED_FACE('',(#5942),#5943,.T.);
#3055=PRESENTATION_STYLE_ASSIGNMENT((#5944));
#3056=EDGE_CURVE('',#2916,#3540,#5945,.T.);
#3057=PRESENTATION_STYLE_ASSIGNMENT((#5946));
#3058=EDGE_CURVE('',#2300,#1488,#5947,.T.);
#3059=PRESENTATION_STYLE_ASSIGNMENT((#5948));
#3060=VERTEX_POINT('',#5949);
#3061=PRESENTATION_STYLE_ASSIGNMENT((#5950));
#3062=EDGE_CURVE('',#3806,#2314,#5951,.T.);
#3063=PRESENTATION_STYLE_ASSIGNMENT((#5952));
#3064=EDGE_CURVE('',#2328,#2496,#5953,.T.);
#3065=PRESENTATION_STYLE_ASSIGNMENT((#5954));
#3066=VERTEX_POINT('',#5955);
#3067=PRESENTATION_STYLE_ASSIGNMENT((#5956));
#3068=VERTEX_POINT('',#5957);
#3069=PRESENTATION_STYLE_ASSIGNMENT((#5958));
#3070=EDGE_CURVE('',#3304,#4064,#5959,.T.);
#3071=PRESENTATION_STYLE_ASSIGNMENT((#5960));
#3072=VERTEX_POINT('',#5961);
#3073=PRESENTATION_STYLE_ASSIGNMENT((#5962));
#3074=VERTEX_POINT('',#5963);
#3075=PRESENTATION_STYLE_ASSIGNMENT((#5964));
#3076=EDGE_CURVE('',#3728,#3238,#5965,.T.);
#3077=PRESENTATION_STYLE_ASSIGNMENT((#5966));
#3078=VERTEX_POINT('',#5967);
#3079=PRESENTATION_STYLE_ASSIGNMENT((#5968));
#3080=EDGE_CURVE('',#2480,#3304,#5969,.T.);
#3081=PRESENTATION_STYLE_ASSIGNMENT((#5970));
#3082=EDGE_CURVE('',#2490,#3388,#5971,.T.);
#3083=PRESENTATION_STYLE_ASSIGNMENT((#5972));
#3084=EDGE_CURVE('',#2232,#2124,#5973,.T.);
#3085=PRESENTATION_STYLE_ASSIGNMENT((#5974));
#3086=EDGE_CURVE('',#3874,#2690,#5975,.T.);
#3087=PRESENTATION_STYLE_ASSIGNMENT((#5976));
#3088=EDGE_CURVE('',#2010,#1862,#5977,.T.);
#3089=PRESENTATION_STYLE_ASSIGNMENT((#5978));
#3090=VERTEX_POINT('',#5979);
#3091=PRESENTATION_STYLE_ASSIGNMENT((#5980));
#3092=EDGE_CURVE('',#2714,#2830,#5981,.T.);
#3093=PRESENTATION_STYLE_ASSIGNMENT((#5982));
#3094=VERTEX_POINT('',#5983);
#3095=PRESENTATION_STYLE_ASSIGNMENT((#5984));
#3096=ADVANCED_FACE('',(#5985),#5986,.F.);
#3097=PRESENTATION_STYLE_ASSIGNMENT((#5987));
#3098=EDGE_CURVE('',#1948,#1446,#5988,.T.);
#3099=PRESENTATION_STYLE_ASSIGNMENT((#5989));
#3100=EDGE_CURVE('',#2414,#2032,#5990,.T.);
#3101=PRESENTATION_STYLE_ASSIGNMENT((#5991));
#3102=EDGE_CURVE('',#2632,#2608,#5992,.T.);
#3103=PRESENTATION_STYLE_ASSIGNMENT((#5993));
#3104=VERTEX_POINT('',#5994);
#3105=PRESENTATION_STYLE_ASSIGNMENT((#5995));
#3106=EDGE_CURVE('',#3550,#3662,#5996,.T.);
#3107=PRESENTATION_STYLE_ASSIGNMENT((#5997));
#3108=EDGE_CURVE('',#3166,#2988,#5998,.T.);
#3109=PRESENTATION_STYLE_ASSIGNMENT((#5999));
#3110=VERTEX_POINT('',#6000);
#3111=PRESENTATION_STYLE_ASSIGNMENT((#6001));
#3112=EDGE_CURVE('',#2814,#2878,#6002,.T.);
#3113=PRESENTATION_STYLE_ASSIGNMENT((#6003));
#3114=VERTEX_POINT('',#6004);
#3115=PRESENTATION_STYLE_ASSIGNMENT((#6005));
#3116=EDGE_CURVE('',#3824,#3692,#6006,.T.);
#3117=PRESENTATION_STYLE_ASSIGNMENT((#6007));
#3118=EDGE_CURVE('',#1588,#2388,#6008,.T.);
#3119=PRESENTATION_STYLE_ASSIGNMENT((#6009));
#3120=EDGE_CURVE('',#3726,#1882,#6010,.T.);
#3121=PRESENTATION_STYLE_ASSIGNMENT((#6011));
#3122=EDGE_CURVE('',#2936,#3308,#6012,.T.);
#3123=PRESENTATION_STYLE_ASSIGNMENT((#6013));
#3124=EDGE_CURVE('',#2740,#3922,#6014,.T.);
#3125=PRESENTATION_STYLE_ASSIGNMENT((#6015));
#3126=EDGE_CURVE('',#1538,#2098,#6016,.T.);
#3127=PRESENTATION_STYLE_ASSIGNMENT((#6017));
#3128=VERTEX_POINT('',#6018);
#3129=PRESENTATION_STYLE_ASSIGNMENT((#6019));
#3130=EDGE_CURVE('',#2934,#2642,#6020,.T.);
#3131=PRESENTATION_STYLE_ASSIGNMENT((#6021));
#3132=ADVANCED_FACE('',(#6022),#6023,.F.);
#3133=PRESENTATION_STYLE_ASSIGNMENT((#6024));
#3134=EDGE_CURVE('',#3110,#1964,#6025,.T.);
#3135=PRESENTATION_STYLE_ASSIGNMENT((#6026));
#3136=VERTEX_POINT('',#6027);
#3137=PRESENTATION_STYLE_ASSIGNMENT((#6028));
#3138=EDGE_CURVE('',#2240,#3900,#6029,.T.);
#3139=PRESENTATION_STYLE_ASSIGNMENT((#6030));
#3140=ADVANCED_FACE('',(#6031),#6032,.F.);
#3141=PRESENTATION_STYLE_ASSIGNMENT((#6033));
#3142=VERTEX_POINT('',#6034);
#3143=PRESENTATION_STYLE_ASSIGNMENT((#6035));
#3144=VERTEX_POINT('',#6036);
#3145=PRESENTATION_STYLE_ASSIGNMENT((#6037));
#3146=VERTEX_POINT('',#6038);
#3147=PRESENTATION_STYLE_ASSIGNMENT((#6039));
#3148=EDGE_CURVE('',#2720,#2764,#6040,.T.);
#3149=PRESENTATION_STYLE_ASSIGNMENT((#6041));
#3150=EDGE_CURVE('',#4072,#2452,#6042,.T.);
#3151=PRESENTATION_STYLE_ASSIGNMENT((#6043));
#3152=EDGE_CURVE('',#3128,#1696,#6044,.T.);
#3153=PRESENTATION_STYLE_ASSIGNMENT((#6045));
#3154=ADVANCED_FACE('',(#6046,#6047),#6048,.F.);
#3155=PRESENTATION_STYLE_ASSIGNMENT((#6049));
#3156=EDGE_CURVE('',#3540,#2578,#6050,.T.);
#3157=PRESENTATION_STYLE_ASSIGNMENT((#6051));
#3158=EDGE_CURVE('',#3246,#1606,#6052,.T.);
#3159=PRESENTATION_STYLE_ASSIGNMENT((#6053));
#3160=VERTEX_POINT('',#6054);
#3161=PRESENTATION_STYLE_ASSIGNMENT((#6055));
#3162=ADVANCED_FACE('',(#6056,#6057),#6058,.F.);
#3163=PRESENTATION_STYLE_ASSIGNMENT((#6059));
#3164=ADVANCED_FACE('',(#6060),#6061,.F.);
#3165=PRESENTATION_STYLE_ASSIGNMENT((#6062));
#3166=VERTEX_POINT('',#6063);
#3167=PRESENTATION_STYLE_ASSIGNMENT((#6064));
#3168=EDGE_CURVE('',#3680,#1752,#6065,.T.);
#3169=PRESENTATION_STYLE_ASSIGNMENT((#6066));
#3170=VERTEX_POINT('',#6067);
#3171=PRESENTATION_STYLE_ASSIGNMENT((#6068));
#3172=VERTEX_POINT('',#6069);
#3173=PRESENTATION_STYLE_ASSIGNMENT((#6070));
#3174=EDGE_CURVE('',#2524,#3060,#6071,.T.);
#3175=PRESENTATION_STYLE_ASSIGNMENT((#6072));
#3176=ADVANCED_FACE('',(#6073),#6074,.T.);
#3177=PRESENTATION_STYLE_ASSIGNMENT((#6075));
#3178=EDGE_CURVE('',#1384,#4016,#6076,.T.);
#3179=PRESENTATION_STYLE_ASSIGNMENT((#6077));
#3180=EDGE_CURVE('',#3942,#2714,#6078,.T.);
#3181=PRESENTATION_STYLE_ASSIGNMENT((#6079));
#3182=EDGE_CURVE('',#4072,#2222,#6080,.T.);
#3183=PRESENTATION_STYLE_ASSIGNMENT((#6081));
#3184=VERTEX_POINT('',#6082);
#3185=PRESENTATION_STYLE_ASSIGNMENT((#6083));
#3186=VERTEX_POINT('',#6084);
#3187=PRESENTATION_STYLE_ASSIGNMENT((#6085));
#3188=EDGE_CURVE('',#2124,#3192,#6086,.T.);
#3189=PRESENTATION_STYLE_ASSIGNMENT((#6087));
#3190=EDGE_CURVE('',#2372,#2046,#6088,.T.);
#3191=PRESENTATION_STYLE_ASSIGNMENT((#6089));
#3192=VERTEX_POINT('',#6090);
#3193=PRESENTATION_STYLE_ASSIGNMENT((#6091));
#3194=EDGE_CURVE('',#1488,#1666,#6092,.T.);
#3195=PRESENTATION_STYLE_ASSIGNMENT((#6093));
#3196=EDGE_CURVE('',#2200,#3128,#6094,.T.);
#3197=PRESENTATION_STYLE_ASSIGNMENT((#6095));
#3198=ADVANCED_FACE('',(#6096),#6097,.F.);
#3199=PRESENTATION_STYLE_ASSIGNMENT((#6098));
#3200=ADVANCED_FACE('',(#6099),#6100,.F.);
#3201=PRESENTATION_STYLE_ASSIGNMENT((#6101));
#3202=VERTEX_POINT('',#6102);
#3203=PRESENTATION_STYLE_ASSIGNMENT((#6103));
#3204=VERTEX_POINT('',#6104);
#3205=PRESENTATION_STYLE_ASSIGNMENT((#6105));
#3206=ADVANCED_FACE('',(#6106),#6107,.T.);
#3207=PRESENTATION_STYLE_ASSIGNMENT((#6108));
#3208=EDGE_CURVE('',#2994,#3002,#6109,.T.);
#3209=PRESENTATION_STYLE_ASSIGNMENT((#6110));
#3210=EDGE_CURVE('',#1988,#2764,#6111,.T.);
#3211=PRESENTATION_STYLE_ASSIGNMENT((#6112));
#3212=VERTEX_POINT('',#6113);
#3213=PRESENTATION_STYLE_ASSIGNMENT((#6114));
#3214=ADVANCED_FACE('',(#6115),#6116,.T.);
#3215=PRESENTATION_STYLE_ASSIGNMENT((#6117));
#3216=VERTEX_POINT('',#6118);
#3217=PRESENTATION_STYLE_ASSIGNMENT((#6119));
#3218=VERTEX_POINT('',#6120);
#3219=PRESENTATION_STYLE_ASSIGNMENT((#6121));
#3220=EDGE_CURVE('',#2678,#4048,#6122,.T.);
#3221=PRESENTATION_STYLE_ASSIGNMENT((#6123));
#3222=ADVANCED_FACE('',(#6124),#6125,.T.);
#3223=PRESENTATION_STYLE_ASSIGNMENT((#6126));
#3224=EDGE_CURVE('',#4076,#3900,#6127,.T.);
#3225=PRESENTATION_STYLE_ASSIGNMENT((#6128));
#3226=EDGE_CURVE('',#2710,#3816,#6129,.T.);
#3227=PRESENTATION_STYLE_ASSIGNMENT((#6130));
#3228=EDGE_CURVE('',#4016,#3624,#6131,.T.);
#3229=PRESENTATION_STYLE_ASSIGNMENT((#6132));
#3230=VERTEX_POINT('',#6133);
#3231=PRESENTATION_STYLE_ASSIGNMENT((#6134));
#3232=ADVANCED_FACE('',(#6135),#6136,.F.);
#3233=PRESENTATION_STYLE_ASSIGNMENT((#6137));
#3234=ADVANCED_FACE('',(#6138),#6139,.F.);
#3235=PRESENTATION_STYLE_ASSIGNMENT((#6140));
#3236=EDGE_CURVE('',#3170,#3052,#6141,.T.);
#3237=PRESENTATION_STYLE_ASSIGNMENT((#6142));
#3238=VERTEX_POINT('',#6143);
#3239=PRESENTATION_STYLE_ASSIGNMENT((#6144));
#3240=EDGE_CURVE('',#3252,#3450,#6145,.T.);
#3241=PRESENTATION_STYLE_ASSIGNMENT((#6146));
#3242=EDGE_CURVE('',#2770,#2936,#6147,.T.);
#3243=PRESENTATION_STYLE_ASSIGNMENT((#6148));
#3244=VERTEX_POINT('',#6149);
#3245=PRESENTATION_STYLE_ASSIGNMENT((#6150));
#3246=VERTEX_POINT('',#6151);
#3247=PRESENTATION_STYLE_ASSIGNMENT((#6152));
#3248=VERTEX_POINT('',#6153);
#3249=PRESENTATION_STYLE_ASSIGNMENT((#6154));
#3250=EDGE_CURVE('',#1380,#3212,#6155,.T.);
#3251=PRESENTATION_STYLE_ASSIGNMENT((#6156));
#3252=VERTEX_POINT('',#6157);
#3253=PRESENTATION_STYLE_ASSIGNMENT((#6158));
#3254=EDGE_CURVE('',#1874,#3402,#6159,.T.);
#3255=PRESENTATION_STYLE_ASSIGNMENT((#6160));
#3256=ADVANCED_FACE('',(#6161),#6162,.T.);
#3257=PRESENTATION_STYLE_ASSIGNMENT((#6163));
#3258=EDGE_CURVE('',#2020,#1768,#6164,.T.);
#3259=PRESENTATION_STYLE_ASSIGNMENT((#6165));
#3260=EDGE_CURVE('',#1896,#2416,#6166,.T.);
#3261=PRESENTATION_STYLE_ASSIGNMENT((#6167));
#3262=EDGE_CURVE('',#2302,#2688,#6168,.T.);
#3263=PRESENTATION_STYLE_ASSIGNMENT((#6169));
#3264=ADVANCED_FACE('',(#6170),#6171,.T.);
#3265=PRESENTATION_STYLE_ASSIGNMENT((#6172));
#3266=EDGE_CURVE('',#2832,#3474,#6173,.T.);
#3267=PRESENTATION_STYLE_ASSIGNMENT((#6174));
#3268=EDGE_CURVE('',#2862,#3372,#6175,.T.);
#3269=PRESENTATION_STYLE_ASSIGNMENT((#6176));
#3270=ADVANCED_FACE('',(#6177),#6178,.F.);
#3271=PRESENTATION_STYLE_ASSIGNMENT((#6179));
#3272=EDGE_CURVE('',#3914,#4048,#6180,.T.);
#3273=PRESENTATION_STYLE_ASSIGNMENT((#6181));
#3274=VERTEX_POINT('',#6182);
#3275=PRESENTATION_STYLE_ASSIGNMENT((#6183));
#3276=VERTEX_POINT('',#6184);
#3277=PRESENTATION_STYLE_ASSIGNMENT((#6185));
#3278=VERTEX_POINT('',#6186);
#3279=PRESENTATION_STYLE_ASSIGNMENT((#6187));
#3280=VERTEX_POINT('',#6188);
#3281=PRESENTATION_STYLE_ASSIGNMENT((#6189));
#3282=ADVANCED_FACE('',(#6190),#6191,.F.);
#3283=PRESENTATION_STYLE_ASSIGNMENT((#6192));
#3284=EDGE_CURVE('',#3308,#2632,#6193,.T.);
#3285=PRESENTATION_STYLE_ASSIGNMENT((#6194));
#3286=VERTEX_POINT('',#6195);
#3287=PRESENTATION_STYLE_ASSIGNMENT((#6196));
#3288=EDGE_CURVE('',#2694,#2478,#6197,.T.);
#3289=PRESENTATION_STYLE_ASSIGNMENT((#6198));
#3290=EDGE_CURVE('',#3630,#2990,#6199,.T.);
#3291=PRESENTATION_STYLE_ASSIGNMENT((#6200));
#3292=EDGE_CURVE('',#1772,#3000,#6201,.T.);
#3293=PRESENTATION_STYLE_ASSIGNMENT((#6202));
#3294=VERTEX_POINT('',#6203);
#3295=PRESENTATION_STYLE_ASSIGNMENT((#6204));
#3296=ADVANCED_FACE('',(#6205),#6206,.T.);
#3297=PRESENTATION_STYLE_ASSIGNMENT((#6207));
#3298=EDGE_CURVE('',#2920,#3980,#6208,.T.);
#3299=PRESENTATION_STYLE_ASSIGNMENT((#6209));
#3300=VERTEX_POINT('',#6210);
#3301=PRESENTATION_STYLE_ASSIGNMENT((#6211));
#3302=VERTEX_POINT('',#6212);
#3303=PRESENTATION_STYLE_ASSIGNMENT((#6213));
#3304=VERTEX_POINT('',#6214);
#3305=PRESENTATION_STYLE_ASSIGNMENT((#6215));
#3306=EDGE_CURVE('',#3652,#1750,#6216,.T.);
#3307=PRESENTATION_STYLE_ASSIGNMENT((#6217));
#3308=VERTEX_POINT('',#6218);
#3309=PRESENTATION_STYLE_ASSIGNMENT((#6219));
#3310=EDGE_CURVE('',#1674,#3968,#6220,.T.);
#3311=PRESENTATION_STYLE_ASSIGNMENT((#6221));
#3312=EDGE_CURVE('',#3752,#3000,#6222,.T.);
#3313=PRESENTATION_STYLE_ASSIGNMENT((#6223));
#3314=EDGE_CURVE('',#2308,#2048,#6224,.T.);
#3315=PRESENTATION_STYLE_ASSIGNMENT((#6225));
#3316=ADVANCED_FACE('',(#6226),#6227,.T.);
#3317=PRESENTATION_STYLE_ASSIGNMENT((#6228));
#3318=ADVANCED_FACE('',(#6229),#6230,.T.);
#3319=PRESENTATION_STYLE_ASSIGNMENT((#6231));
#3320=EDGE_CURVE('',#1446,#2372,#6232,.T.);
#3321=PRESENTATION_STYLE_ASSIGNMENT((#6233));
#3322=VERTEX_POINT('',#6234);
#3323=PRESENTATION_STYLE_ASSIGNMENT((#6235));
#3324=VERTEX_POINT('',#6236);
#3325=PRESENTATION_STYLE_ASSIGNMENT((#6237));
#3326=EDGE_CURVE('',#3968,#2468,#6238,.T.);
#3327=PRESENTATION_STYLE_ASSIGNMENT((#6239));
#3328=EDGE_CURVE('',#3274,#2232,#6240,.T.);
#3329=PRESENTATION_STYLE_ASSIGNMENT((#6241));
#3330=EDGE_CURVE('',#3498,#2740,#6242,.T.);
#3331=PRESENTATION_STYLE_ASSIGNMENT((#6243));
#3332=EDGE_CURVE('',#1988,#3728,#6244,.T.);
#3333=PRESENTATION_STYLE_ASSIGNMENT((#6245));
#3334=EDGE_CURVE('',#2058,#3894,#6246,.T.);
#3335=PRESENTATION_STYLE_ASSIGNMENT((#6247));
#3336=EDGE_CURVE('',#2466,#3348,#6248,.T.);
#3337=PRESENTATION_STYLE_ASSIGNMENT((#6249));
#3338=EDGE_CURVE('',#2902,#2304,#6250,.T.);
#3339=PRESENTATION_STYLE_ASSIGNMENT((#6251));
#3340=EDGE_CURVE('',#3962,#1710,#6252,.T.);
#3341=PRESENTATION_STYLE_ASSIGNMENT((#6253));
#3342=EDGE_CURVE('',#2452,#2626,#6254,.T.);
#3343=PRESENTATION_STYLE_ASSIGNMENT((#6255));
#3344=EDGE_CURVE('',#1530,#3468,#6256,.T.);
#3345=PRESENTATION_STYLE_ASSIGNMENT((#6257));
#3346=EDGE_CURVE('',#3034,#2980,#6258,.T.);
#3347=PRESENTATION_STYLE_ASSIGNMENT((#6259));
#3348=VERTEX_POINT('',#6260);
#3349=PRESENTATION_STYLE_ASSIGNMENT((#6261));
#3350=VERTEX_POINT('',#6262);
#3351=PRESENTATION_STYLE_ASSIGNMENT((#6263));
#3352=EDGE_CURVE('',#3104,#2326,#6264,.T.);
#3353=PRESENTATION_STYLE_ASSIGNMENT((#6265));
#3354=ADVANCED_FACE('',(#6266),#6267,.T.);
#3355=PRESENTATION_STYLE_ASSIGNMENT((#6268));
#3356=EDGE_CURVE('',#1578,#1598,#6269,.T.);
#3357=PRESENTATION_STYLE_ASSIGNMENT((#6270));
#3358=ADVANCED_FACE('',(#6271),#6272,.T.);
#3359=PRESENTATION_STYLE_ASSIGNMENT((#6273));
#3360=EDGE_CURVE('',#2212,#1882,#6274,.T.);
#3361=PRESENTATION_STYLE_ASSIGNMENT((#6275));
#3362=ADVANCED_FACE('',(#6276),#6277,.F.);
#3363=PRESENTATION_STYLE_ASSIGNMENT((#6278));
#3364=ADVANCED_FACE('',(#6279),#6280,.F.);
#3365=PRESENTATION_STYLE_ASSIGNMENT((#6281));
#3366=EDGE_CURVE('',#2526,#3806,#6282,.T.);
#3367=PRESENTATION_STYLE_ASSIGNMENT((#6283));
#3368=EDGE_CURVE('',#2000,#2022,#6284,.T.);
#3369=PRESENTATION_STYLE_ASSIGNMENT((#6285));
#3370=ADVANCED_FACE('',(#6286),#6287,.F.);
#3371=PRESENTATION_STYLE_ASSIGNMENT((#6288));
#3372=VERTEX_POINT('',#6289);
#3373=PRESENTATION_STYLE_ASSIGNMENT((#6290));
#3374=EDGE_CURVE('',#3538,#2474,#6291,.T.);
#3375=PRESENTATION_STYLE_ASSIGNMENT((#6292));
#3376=VERTEX_POINT('',#6293);
#3377=PRESENTATION_STYLE_ASSIGNMENT((#6294));
#3378=ADVANCED_FACE('',(#6295),#6296,.T.);
#3379=PRESENTATION_STYLE_ASSIGNMENT((#6297));
#3380=EDGE_CURVE('',#2066,#2246,#6298,.T.);
#3381=PRESENTATION_STYLE_ASSIGNMENT((#6299));
#3382=VERTEX_POINT('',#6300);
#3383=PRESENTATION_STYLE_ASSIGNMENT((#6301));
#3384=EDGE_CURVE('',#2048,#3478,#6302,.T.);
#3385=PRESENTATION_STYLE_ASSIGNMENT((#6303));
#3386=EDGE_CURVE('',#3136,#3466,#6304,.T.);
#3387=PRESENTATION_STYLE_ASSIGNMENT((#6305));
#3388=VERTEX_POINT('',#6306);
#3389=PRESENTATION_STYLE_ASSIGNMENT((#6307));
#3390=EDGE_CURVE('',#1480,#3002,#6308,.T.);
#3391=PRESENTATION_STYLE_ASSIGNMENT((#6309));
#3392=VERTEX_POINT('',#6310);
#3393=PRESENTATION_STYLE_ASSIGNMENT((#6311));
#3394=EDGE_CURVE('',#2986,#2300,#6312,.T.);
#3395=PRESENTATION_STYLE_ASSIGNMENT((#6313));
#3396=EDGE_CURVE('',#3230,#3372,#6314,.T.);
#3397=PRESENTATION_STYLE_ASSIGNMENT((#6315));
#3398=VERTEX_POINT('',#6316);
#3399=PRESENTATION_STYLE_ASSIGNMENT((#6317));
#3400=EDGE_CURVE('',#1630,#3550,#6318,.T.);
#3401=PRESENTATION_STYLE_ASSIGNMENT((#6319));
#3402=VERTEX_POINT('',#6320);
#3403=PRESENTATION_STYLE_ASSIGNMENT((#6321));
#3404=EDGE_CURVE('',#2730,#3842,#6322,.T.);
#3405=PRESENTATION_STYLE_ASSIGNMENT((#6323));
#3406=EDGE_CURVE('',#3722,#2980,#6324,.T.);
#3407=PRESENTATION_STYLE_ASSIGNMENT((#6325));
#3408=EDGE_CURVE('',#2608,#2734,#6326,.T.);
#3409=PRESENTATION_STYLE_ASSIGNMENT((#6327));
#3410=VERTEX_POINT('',#6328);
#3411=PRESENTATION_STYLE_ASSIGNMENT((#6329));
#3412=VERTEX_POINT('',#6330);
#3413=PRESENTATION_STYLE_ASSIGNMENT((#6331));
#3414=EDGE_CURVE('',#1614,#3832,#6332,.T.);
#3415=PRESENTATION_STYLE_ASSIGNMENT((#6333));
#3416=EDGE_CURVE('',#1944,#2224,#6334,.T.);
#3417=PRESENTATION_STYLE_ASSIGNMENT((#6335));
#3418=EDGE_CURVE('',#1840,#3216,#6336,.T.);
#3419=PRESENTATION_STYLE_ASSIGNMENT((#6337));
#3420=EDGE_CURVE('',#2052,#3218,#6338,.T.);
#3421=PRESENTATION_STYLE_ASSIGNMENT((#6339));
#3422=EDGE_CURVE('',#1554,#2474,#6340,.T.);
#3423=PRESENTATION_STYLE_ASSIGNMENT((#6341));
#3424=EDGE_CURVE('',#3984,#3826,#6342,.T.);
#3425=PRESENTATION_STYLE_ASSIGNMENT((#6343));
#3426=ADVANCED_FACE('',(#6344),#6345,.T.);
#3427=PRESENTATION_STYLE_ASSIGNMENT((#6346));
#3428=EDGE_CURVE('',#2048,#2352,#6347,.T.);
#3429=PRESENTATION_STYLE_ASSIGNMENT((#6348));
#3430=EDGE_CURVE('',#3348,#2468,#6349,.T.);
#3431=PRESENTATION_STYLE_ASSIGNMENT((#6350));
#3432=ADVANCED_FACE('',(#6351),#6352,.T.);
#3433=PRESENTATION_STYLE_ASSIGNMENT((#6353));
#3434=EDGE_CURVE('',#2156,#3852,#6354,.T.);
#3435=PRESENTATION_STYLE_ASSIGNMENT((#6355));
#3436=EDGE_CURVE('',#1602,#1740,#6356,.T.);
#3437=PRESENTATION_STYLE_ASSIGNMENT((#6357));
#3438=EDGE_CURVE('',#2012,#3066,#6358,.T.);
#3439=PRESENTATION_STYLE_ASSIGNMENT((#6359));
#3440=ADVANCED_FACE('',(#6360,#6361),#6362,.F.);
#3441=PRESENTATION_STYLE_ASSIGNMENT((#6363));
#3442=EDGE_CURVE('',#2420,#2064,#6364,.T.);
#3443=PRESENTATION_STYLE_ASSIGNMENT((#6365));
#3444=EDGE_CURVE('',#2074,#3526,#6366,.T.);
#3445=PRESENTATION_STYLE_ASSIGNMENT((#6367));
#3446=EDGE_CURVE('',#3984,#3738,#6368,.T.);
#3447=PRESENTATION_STYLE_ASSIGNMENT((#6369));
#3448=EDGE_CURVE('',#3280,#2046,#6370,.T.);
#3449=PRESENTATION_STYLE_ASSIGNMENT((#6371));
#3450=VERTEX_POINT('',#6372);
#3451=PRESENTATION_STYLE_ASSIGNMENT((#6373));
#3452=EDGE_CURVE('',#3276,#1994,#6374,.T.);
#3453=PRESENTATION_STYLE_ASSIGNMENT((#6375));
#3454=EDGE_CURVE('',#2388,#2052,#6376,.T.);
#3455=PRESENTATION_STYLE_ASSIGNMENT((#6377));
#3456=VERTEX_POINT('',#6378);
#3457=PRESENTATION_STYLE_ASSIGNMENT((#6379));
#3458=EDGE_CURVE('',#1774,#2258,#6380,.T.);
#3459=PRESENTATION_STYLE_ASSIGNMENT((#6381));
#3460=VERTEX_POINT('',#6382);
#3461=PRESENTATION_STYLE_ASSIGNMENT((#6383));
#3462=VERTEX_POINT('',#6384);
#3463=PRESENTATION_STYLE_ASSIGNMENT((#6385));
#3464=EDGE_CURVE('',#3300,#3142,#6386,.T.);
#3465=PRESENTATION_STYLE_ASSIGNMENT((#6387));
#3466=VERTEX_POINT('',#6388);
#3467=PRESENTATION_STYLE_ASSIGNMENT((#6389));
#3468=VERTEX_POINT('',#6390);
#3469=PRESENTATION_STYLE_ASSIGNMENT((#6391));
#3470=EDGE_CURVE('',#2704,#1890,#6392,.T.);
#3471=PRESENTATION_STYLE_ASSIGNMENT((#6393));
#3472=VERTEX_POINT('',#6394);
#3473=PRESENTATION_STYLE_ASSIGNMENT((#6395));
#3474=VERTEX_POINT('',#6396);
#3475=PRESENTATION_STYLE_ASSIGNMENT((#6397));
#3476=ADVANCED_FACE('',(#6398),#6399,.T.);
#3477=PRESENTATION_STYLE_ASSIGNMENT((#6400));
#3478=VERTEX_POINT('',#6401);
#3479=PRESENTATION_STYLE_ASSIGNMENT((#6402));
#3480=EDGE_CURVE('',#2150,#3934,#6403,.T.);
#3481=PRESENTATION_STYLE_ASSIGNMENT((#6404));
#3482=EDGE_CURVE('',#3246,#1444,#6405,.T.);
#3483=PRESENTATION_STYLE_ASSIGNMENT((#6406));
#3484=EDGE_CURVE('',#4028,#4030,#6407,.T.);
#3485=PRESENTATION_STYLE_ASSIGNMENT((#6408));
#3486=ADVANCED_FACE('',(#6409),#6410,.F.);
#3487=PRESENTATION_STYLE_ASSIGNMENT((#6411));
#3488=EDGE_CURVE('',#3204,#2438,#6412,.T.);
#3489=PRESENTATION_STYLE_ASSIGNMENT((#6413));
#3490=EDGE_CURVE('',#1686,#2340,#6414,.T.);
#3491=PRESENTATION_STYLE_ASSIGNMENT((#6415));
#3492=EDGE_CURVE('',#2562,#2396,#6416,.T.);
#3493=PRESENTATION_STYLE_ASSIGNMENT((#6417));
#3494=VERTEX_POINT('',#6418);
#3495=PRESENTATION_STYLE_ASSIGNMENT((#6419));
#3496=EDGE_CURVE('',#3410,#2546,#6420,.T.);
#3497=PRESENTATION_STYLE_ASSIGNMENT((#6421));
#3498=VERTEX_POINT('',#6422);
#3499=PRESENTATION_STYLE_ASSIGNMENT((#6423));
#3500=EDGE_CURVE('',#1438,#3890,#6424,.T.);
#3501=PRESENTATION_STYLE_ASSIGNMENT((#6425));
#3502=EDGE_CURVE('',#3980,#3752,#6426,.T.);
#3503=PRESENTATION_STYLE_ASSIGNMENT((#6427));
#3504=EDGE_CURVE('',#3146,#3094,#6428,.T.);
#3505=PRESENTATION_STYLE_ASSIGNMENT((#6429));
#3506=EDGE_CURVE('',#3832,#2588,#6430,.T.);
#3507=PRESENTATION_STYLE_ASSIGNMENT((#6431));
#3508=EDGE_CURVE('',#2108,#2312,#6432,.T.);
#3509=PRESENTATION_STYLE_ASSIGNMENT((#6433));
#3510=EDGE_CURVE('',#3652,#2348,#6434,.T.);
#3511=PRESENTATION_STYLE_ASSIGNMENT((#6435));
#3512=EDGE_CURVE('',#2336,#3024,#6436,.T.);
#3513=PRESENTATION_STYLE_ASSIGNMENT((#6437));
#3514=ADVANCED_FACE('',(#6438),#6439,.T.);
#3515=PRESENTATION_STYLE_ASSIGNMENT((#6440));
#3516=EDGE_CURVE('',#2046,#3586,#6441,.T.);
#3517=PRESENTATION_STYLE_ASSIGNMENT((#6442));
#3518=EDGE_CURVE('',#3066,#2254,#6443,.T.);
#3519=PRESENTATION_STYLE_ASSIGNMENT((#6444));
#3520=VERTEX_POINT('',#6445);
#3521=PRESENTATION_STYLE_ASSIGNMENT((#6446));
#3522=EDGE_CURVE('',#2414,#2986,#6447,.T.);
#3523=PRESENTATION_STYLE_ASSIGNMENT((#6448));
#3524=EDGE_CURVE('',#2288,#2786,#6449,.T.);
#3525=PRESENTATION_STYLE_ASSIGNMENT((#6450));
#3526=VERTEX_POINT('',#6451);
#3527=PRESENTATION_STYLE_ASSIGNMENT((#6452));
#3528=ADVANCED_FACE('',(#6453),#6454,.F.);
#3529=PRESENTATION_STYLE_ASSIGNMENT((#6455));
#3530=EDGE_CURVE('',#2488,#3942,#6456,.T.);
#3531=PRESENTATION_STYLE_ASSIGNMENT((#6457));
#3532=VERTEX_POINT('',#6458);
#3533=PRESENTATION_STYLE_ASSIGNMENT((#6459));
#3534=EDGE_CURVE('',#2764,#4034,#6460,.T.);
#3535=PRESENTATION_STYLE_ASSIGNMENT((#6461));
#3536=EDGE_CURVE('',#3252,#2302,#6462,.T.);
#3537=PRESENTATION_STYLE_ASSIGNMENT((#6463));
#3538=VERTEX_POINT('',#6464);
#3539=PRESENTATION_STYLE_ASSIGNMENT((#6465));
#3540=VERTEX_POINT('',#6466);
#3541=PRESENTATION_STYLE_ASSIGNMENT((#6467));
#3542=VERTEX_POINT('',#6468);
#3543=PRESENTATION_STYLE_ASSIGNMENT((#6469));
#3544=EDGE_CURVE('',#1520,#2566,#6470,.T.);
#3545=PRESENTATION_STYLE_ASSIGNMENT((#6471));
#3546=EDGE_CURVE('',#1570,#2182,#6472,.T.);
#3547=PRESENTATION_STYLE_ASSIGNMENT((#6473));
#3548=ADVANCED_FACE('',(#6474),#6475,.F.);
#3549=PRESENTATION_STYLE_ASSIGNMENT((#6476));
#3550=VERTEX_POINT('',#6477);
#3551=PRESENTATION_STYLE_ASSIGNMENT((#6478));
#3552=EDGE_CURVE('',#2176,#2108,#6479,.T.);
#3553=PRESENTATION_STYLE_ASSIGNMENT((#6480));
#3554=VERTEX_POINT('',#6481);
#3555=PRESENTATION_STYLE_ASSIGNMENT((#6482));
#3556=VERTEX_POINT('',#6483);
#3557=PRESENTATION_STYLE_ASSIGNMENT((#6484));
#3558=EDGE_CURVE('',#3072,#3410,#6485,.T.);
#3559=PRESENTATION_STYLE_ASSIGNMENT((#6486));
#3560=EDGE_CURVE('',#2214,#2466,#6487,.T.);
#3561=PRESENTATION_STYLE_ASSIGNMENT((#6488));
#3562=EDGE_CURVE('',#3604,#3456,#6489,.T.);
#3563=PRESENTATION_STYLE_ASSIGNMENT((#6490));
#3564=EDGE_CURVE('',#1596,#2800,#6491,.T.);
#3565=PRESENTATION_STYLE_ASSIGNMENT((#6492));
#3566=VERTEX_POINT('',#6493);
#3567=PRESENTATION_STYLE_ASSIGNMENT((#6494));
#3568=EDGE_CURVE('',#3674,#3930,#6495,.T.);
#3569=PRESENTATION_STYLE_ASSIGNMENT((#6496));
#3570=EDGE_CURVE('',#2818,#3184,#6497,.T.);
#3571=PRESENTATION_STYLE_ASSIGNMENT((#6498));
#3572=EDGE_CURVE('',#2076,#1460,#6499,.T.);
#3573=PRESENTATION_STYLE_ASSIGNMENT((#6500));
#3574=EDGE_CURVE('',#2352,#1992,#6501,.T.);
#3575=PRESENTATION_STYLE_ASSIGNMENT((#6502));
#3576=ADVANCED_FACE('',(#6503),#6504,.T.);
#3577=PRESENTATION_STYLE_ASSIGNMENT((#6505));
#3578=EDGE_CURVE('',#3280,#2904,#6506,.T.);
#3579=PRESENTATION_STYLE_ASSIGNMENT((#6507));
#3580=EDGE_CURVE('',#3286,#2574,#6508,.T.);
#3581=PRESENTATION_STYLE_ASSIGNMENT((#6509));
#3582=ADVANCED_FACE('',(#6510),#6511,.T.);
#3583=PRESENTATION_STYLE_ASSIGNMENT((#6512));
#3584=EDGE_CURVE('',#2970,#1890,#6513,.T.);
#3585=PRESENTATION_STYLE_ASSIGNMENT((#6514));
#3586=VERTEX_POINT('',#6515);
#3587=PRESENTATION_STYLE_ASSIGNMENT((#6516));
#3588=EDGE_CURVE('',#4062,#2292,#6517,.T.);
#3589=PRESENTATION_STYLE_ASSIGNMENT((#6518));
#3590=EDGE_CURVE('',#1860,#4062,#6519,.T.);
#3591=PRESENTATION_STYLE_ASSIGNMENT((#6520));
#3592=VERTEX_POINT('',#6521);
#3593=PRESENTATION_STYLE_ASSIGNMENT((#6522));
#3594=EDGE_CURVE('',#2514,#3192,#6523,.T.);
#3595=PRESENTATION_STYLE_ASSIGNMENT((#6524));
#3596=ADVANCED_FACE('',(#6525,#6526),#6527,.F.);
#3597=PRESENTATION_STYLE_ASSIGNMENT((#6528));
#3598=EDGE_CURVE('',#3068,#3876,#6529,.T.);
#3599=PRESENTATION_STYLE_ASSIGNMENT((#6530));
#3600=VERTEX_POINT('',#6531);
#3601=PRESENTATION_STYLE_ASSIGNMENT((#6532));
#3602=EDGE_CURVE('',#3956,#3218,#6533,.T.);
#3603=PRESENTATION_STYLE_ASSIGNMENT((#6534));
#3604=VERTEX_POINT('',#6535);
#3605=PRESENTATION_STYLE_ASSIGNMENT((#6536));
#3606=EDGE_CURVE('',#1730,#2342,#6537,.T.);
#3607=PRESENTATION_STYLE_ASSIGNMENT((#6538));
#3608=EDGE_CURVE('',#1614,#2704,#6539,.T.);
#3609=PRESENTATION_STYLE_ASSIGNMENT((#6540));
#3610=EDGE_CURVE('',#1740,#1948,#6541,.T.);
#3611=PRESENTATION_STYLE_ASSIGNMENT((#6542));
#3612=EDGE_CURVE('',#3376,#1534,#6543,.T.);
#3613=PRESENTATION_STYLE_ASSIGNMENT((#6544));
#3614=ADVANCED_FACE('',(#6545),#6546,.F.);
#3615=PRESENTATION_STYLE_ASSIGNMENT((#6547));
#3616=EDGE_CURVE('',#2368,#3708,#6548,.T.);
#3617=PRESENTATION_STYLE_ASSIGNMENT((#6549));
#3618=ADVANCED_FACE('',(#6550),#6551,.T.);
#3619=PRESENTATION_STYLE_ASSIGNMENT((#6552));
#3620=ADVANCED_FACE('',(#6553),#6554,.T.);
#3621=PRESENTATION_STYLE_ASSIGNMENT((#6555));
#3622=ADVANCED_FACE('',(#6556),#6557,.F.);
#3623=PRESENTATION_STYLE_ASSIGNMENT((#6558));
#3624=VERTEX_POINT('',#6559);
#3625=PRESENTATION_STYLE_ASSIGNMENT((#6560));
#3626=VERTEX_POINT('',#6561);
#3627=PRESENTATION_STYLE_ASSIGNMENT((#6562));
#3628=EDGE_CURVE('',#2176,#1506,#6563,.T.);
#3629=PRESENTATION_STYLE_ASSIGNMENT((#6564));
#3630=VERTEX_POINT('',#6565);
#3631=PRESENTATION_STYLE_ASSIGNMENT((#6566));
#3632=EDGE_CURVE('',#3462,#3024,#6567,.T.);
#3633=PRESENTATION_STYLE_ASSIGNMENT((#6568));
#3634=ADVANCED_FACE('',(#6569),#6570,.F.);
#3635=PRESENTATION_STYLE_ASSIGNMENT((#6571));
#3636=EDGE_CURVE('',#1468,#3914,#6572,.T.);
#3637=PRESENTATION_STYLE_ASSIGNMENT((#6573));
#3638=EDGE_CURVE('',#3072,#1588,#6574,.T.);
#3639=PRESENTATION_STYLE_ASSIGNMENT((#6575));
#3640=VERTEX_POINT('',#6576);
#3641=PRESENTATION_STYLE_ASSIGNMENT((#6577));
#3642=ADVANCED_FACE('',(#6578),#6579,.T.);
#3643=PRESENTATION_STYLE_ASSIGNMENT((#6580));
#3644=EDGE_CURVE('',#2304,#3890,#6581,.T.);
#3645=PRESENTATION_STYLE_ASSIGNMENT((#6582));
#3646=VERTEX_POINT('',#6583);
#3647=PRESENTATION_STYLE_ASSIGNMENT((#6584));
#3648=EDGE_CURVE('',#4038,#2868,#6585,.T.);
#3649=PRESENTATION_STYLE_ASSIGNMENT((#6586));
#3650=VERTEX_POINT('',#6587);
#3651=PRESENTATION_STYLE_ASSIGNMENT((#6588));
#3652=VERTEX_POINT('',#6589);
#3653=PRESENTATION_STYLE_ASSIGNMENT((#6590));
#3654=EDGE_CURVE('',#2980,#2008,#6591,.T.);
#3655=PRESENTATION_STYLE_ASSIGNMENT((#6592));
#3656=EDGE_CURVE('',#3302,#2800,#6593,.T.);
#3657=PRESENTATION_STYLE_ASSIGNMENT((#6594));
#3658=ADVANCED_FACE('',(#6595),#6596,.F.);
#3659=PRESENTATION_STYLE_ASSIGNMENT((#6597));
#3660=VERTEX_POINT('',#6598);
#3661=PRESENTATION_STYLE_ASSIGNMENT((#6599));
#3662=VERTEX_POINT('',#6600);
#3663=PRESENTATION_STYLE_ASSIGNMENT((#6601));
#3664=EDGE_CURVE('',#3032,#1880,#6602,.T.);
#3665=PRESENTATION_STYLE_ASSIGNMENT((#6603));
#3666=VERTEX_POINT('',#6604);
#3667=PRESENTATION_STYLE_ASSIGNMENT((#6605));
#3668=EDGE_CURVE('',#1406,#3008,#6606,.T.);
#3669=PRESENTATION_STYLE_ASSIGNMENT((#6607));
#3670=VERTEX_POINT('',#6608);
#3671=PRESENTATION_STYLE_ASSIGNMENT((#6609));
#3672=EDGE_CURVE('',#1706,#3074,#6610,.T.);
#3673=PRESENTATION_STYLE_ASSIGNMENT((#6611));
#3674=VERTEX_POINT('',#6612);
#3675=PRESENTATION_STYLE_ASSIGNMENT((#6613));
#3676=EDGE_CURVE('',#3024,#4016,#6614,.T.);
#3677=PRESENTATION_STYLE_ASSIGNMENT((#6615));
#3678=EDGE_CURVE('',#2246,#3984,#6616,.T.);
#3679=PRESENTATION_STYLE_ASSIGNMENT((#6617));
#3680=VERTEX_POINT('',#6618);
#3681=PRESENTATION_STYLE_ASSIGNMENT((#6619));
#3682=ADVANCED_FACE('',(#6620,#6621),#6622,.F.);
#3683=PRESENTATION_STYLE_ASSIGNMENT((#6623));
#3684=EDGE_CURVE('',#2602,#2962,#6624,.T.);
#3685=PRESENTATION_STYLE_ASSIGNMENT((#6625));
#3686=EDGE_CURVE('',#2060,#2898,#6626,.T.);
#3687=PRESENTATION_STYLE_ASSIGNMENT((#6627));
#3688=EDGE_CURVE('',#2588,#2916,#6628,.T.);
#3689=PRESENTATION_STYLE_ASSIGNMENT((#6629));
#3690=EDGE_CURVE('',#3900,#3732,#6630,.T.);
#3691=PRESENTATION_STYLE_ASSIGNMENT((#6631));
#3692=VERTEX_POINT('',#6632);
#3693=PRESENTATION_STYLE_ASSIGNMENT((#6633));
#3694=EDGE_CURVE('',#2902,#3712,#6634,.T.);
#3695=PRESENTATION_STYLE_ASSIGNMENT((#6635));
#3696=VERTEX_POINT('',#6636);
#3697=PRESENTATION_STYLE_ASSIGNMENT((#6637));
#3698=ADVANCED_FACE('',(#6638),#6639,.F.);
#3699=PRESENTATION_STYLE_ASSIGNMENT((#6640));
#3700=ADVANCED_FACE('',(#6641),#6642,.T.);
#3701=PRESENTATION_STYLE_ASSIGNMENT((#6643));
#3702=EDGE_CURVE('',#3954,#3246,#6644,.T.);
#3703=PRESENTATION_STYLE_ASSIGNMENT((#6645));
#3704=VERTEX_POINT('',#6646);
#3705=PRESENTATION_STYLE_ASSIGNMENT((#6647));
#3706=EDGE_CURVE('',#3842,#2970,#6648,.T.);
#3707=PRESENTATION_STYLE_ASSIGNMENT((#6649));
#3708=VERTEX_POINT('',#6650);
#3709=PRESENTATION_STYLE_ASSIGNMENT((#6651));
#3710=EDGE_CURVE('',#2074,#3104,#6652,.T.);
#3711=PRESENTATION_STYLE_ASSIGNMENT((#6653));
#3712=VERTEX_POINT('',#6654);
#3713=PRESENTATION_STYLE_ASSIGNMENT((#6655));
#3714=EDGE_CURVE('',#3840,#3652,#6656,.T.);
#3715=PRESENTATION_STYLE_ASSIGNMENT((#6657));
#3716=EDGE_CURVE('',#2324,#3838,#6658,.T.);
#3717=PRESENTATION_STYLE_ASSIGNMENT((#6659));
#3718=ADVANCED_FACE('',(#6660),#6661,.T.);
#3719=PRESENTATION_STYLE_ASSIGNMENT((#6662));
#3720=EDGE_CURVE('',#3852,#3468,#6663,.T.);
#3721=PRESENTATION_STYLE_ASSIGNMENT((#6664));
#3722=VERTEX_POINT('',#6665);
#3723=PRESENTATION_STYLE_ASSIGNMENT((#6666));
#3724=VERTEX_POINT('',#6667);
#3725=PRESENTATION_STYLE_ASSIGNMENT((#6668));
#3726=VERTEX_POINT('',#6669);
#3727=PRESENTATION_STYLE_ASSIGNMENT((#6670));
#3728=VERTEX_POINT('',#6671);
#3729=PRESENTATION_STYLE_ASSIGNMENT((#6672));
#3730=VERTEX_POINT('',#6673);
#3731=PRESENTATION_STYLE_ASSIGNMENT((#6674));
#3732=VERTEX_POINT('',#6675);
#3733=PRESENTATION_STYLE_ASSIGNMENT((#6676));
#3734=EDGE_CURVE('',#2310,#1596,#6677,.T.);
#3735=PRESENTATION_STYLE_ASSIGNMENT((#6678));
#3736=ADVANCED_FACE('',(#6679),#6680,.T.);
#3737=PRESENTATION_STYLE_ASSIGNMENT((#6681));
#3738=VERTEX_POINT('',#6682);
#3739=PRESENTATION_STYLE_ASSIGNMENT((#6683));
#3740=EDGE_CURVE('',#2728,#2720,#6684,.T.);
#3741=PRESENTATION_STYLE_ASSIGNMENT((#6685));
#3742=EDGE_CURVE('',#2894,#2254,#6686,.T.);
#3743=PRESENTATION_STYLE_ASSIGNMENT((#6687));
#3744=EDGE_CURVE('',#3278,#1948,#6688,.T.);
#3745=PRESENTATION_STYLE_ASSIGNMENT((#6689));
#3746=EDGE_CURVE('',#2090,#3274,#6690,.T.);
#3747=PRESENTATION_STYLE_ASSIGNMENT((#6691));
#3748=ADVANCED_FACE('',(#6692),#6693,.F.);
#3749=PRESENTATION_STYLE_ASSIGNMENT((#6694));
#3750=EDGE_CURVE('',#4048,#1420,#6695,.T.);
#3751=PRESENTATION_STYLE_ASSIGNMENT((#6696));
#3752=VERTEX_POINT('',#6697);
#3753=PRESENTATION_STYLE_ASSIGNMENT((#6698));
#3754=VERTEX_POINT('',#6699);
#3755=PRESENTATION_STYLE_ASSIGNMENT((#6700));
#3756=ADVANCED_FACE('',(#6701),#6702,.F.);
#3757=PRESENTATION_STYLE_ASSIGNMENT((#6703));
#3758=ADVANCED_FACE('',(#6704),#6705,.F.);
#3759=PRESENTATION_STYLE_ASSIGNMENT((#6706));
#3760=EDGE_CURVE('',#2288,#2476,#6707,.T.);
#3761=PRESENTATION_STYLE_ASSIGNMENT((#6708));
#3762=EDGE_CURVE('',#1752,#3466,#6709,.T.);
#3763=PRESENTATION_STYLE_ASSIGNMENT((#6710));
#3764=VERTEX_POINT('',#6711);
#3765=PRESENTATION_STYLE_ASSIGNMENT((#6712));
#3766=ADVANCED_FACE('',(#6713),#6714,.T.);
#3767=PRESENTATION_STYLE_ASSIGNMENT((#6715));
#3768=EDGE_CURVE('',#3472,#3114,#6716,.T.);
#3769=PRESENTATION_STYLE_ASSIGNMENT((#6717));
#3770=EDGE_CURVE('',#3144,#2384,#6718,.T.);
#3771=PRESENTATION_STYLE_ASSIGNMENT((#6719));
#3772=ADVANCED_FACE('',(#6720),#6721,.T.);
#3773=PRESENTATION_STYLE_ASSIGNMENT((#6722));
#3774=ADVANCED_FACE('',(#6723,#6724),#6725,.F.);
#3775=PRESENTATION_STYLE_ASSIGNMENT((#6726));
#3776=EDGE_CURVE('',#3036,#3556,#6727,.T.);
#3777=PRESENTATION_STYLE_ASSIGNMENT((#6728));
#3778=ADVANCED_FACE('',(#6729),#6730,.T.);
#3779=PRESENTATION_STYLE_ASSIGNMENT((#6731));
#3780=VERTEX_POINT('',#6732);
#3781=PRESENTATION_STYLE_ASSIGNMENT((#6733));
#3782=EDGE_CURVE('',#2138,#2510,#6734,.T.);
#3783=PRESENTATION_STYLE_ASSIGNMENT((#6735));
#3784=EDGE_CURVE('',#2382,#2052,#6736,.T.);
#3785=PRESENTATION_STYLE_ASSIGNMENT((#6737));
#3786=EDGE_CURVE('',#1444,#1468,#6738,.T.);
#3787=PRESENTATION_STYLE_ASSIGNMENT((#6739));
#3788=EDGE_CURVE('',#3974,#2464,#6740,.T.);
#3789=PRESENTATION_STYLE_ASSIGNMENT((#6741));
#3790=EDGE_CURVE('',#2312,#2034,#6742,.T.);
#3791=PRESENTATION_STYLE_ASSIGNMENT((#6743));
#3792=EDGE_CURVE('',#3052,#2140,#6744,.T.);
#3793=PRESENTATION_STYLE_ASSIGNMENT((#6745));
#3794=EDGE_CURVE('',#2872,#3494,#6746,.T.);
#3795=PRESENTATION_STYLE_ASSIGNMENT((#6747));
#3796=EDGE_CURVE('',#3376,#4062,#6748,.T.);
#3797=PRESENTATION_STYLE_ASSIGNMENT((#6749));
#3798=EDGE_CURVE('',#3398,#3962,#6750,.T.);
#3799=PRESENTATION_STYLE_ASSIGNMENT((#6751));
#3800=EDGE_CURVE('',#2384,#3186,#6752,.T.);
#3801=PRESENTATION_STYLE_ASSIGNMENT((#6753));
#3802=ADVANCED_FACE('',(#6754),#6755,.T.);
#3803=PRESENTATION_STYLE_ASSIGNMENT((#6756));
#3804=EDGE_CURVE('',#2216,#3626,#6757,.T.);
#3805=PRESENTATION_STYLE_ASSIGNMENT((#6758));
#3806=VERTEX_POINT('',#6759);
#3807=PRESENTATION_STYLE_ASSIGNMENT((#6760));
#3808=ADVANCED_FACE('',(#6761),#6762,.F.);
#3809=PRESENTATION_STYLE_ASSIGNMENT((#6763));
#3810=EDGE_CURVE('',#2474,#2862,#6764,.T.);
#3811=PRESENTATION_STYLE_ASSIGNMENT((#6765));
#3812=EDGE_CURVE('',#3192,#1534,#6766,.T.);
#3813=PRESENTATION_STYLE_ASSIGNMENT((#6767));
#3814=EDGE_CURVE('',#3754,#2206,#6768,.T.);
#3815=PRESENTATION_STYLE_ASSIGNMENT((#6769));
#3816=VERTEX_POINT('',#6770);
#3817=PRESENTATION_STYLE_ASSIGNMENT((#6771));
#3818=EDGE_CURVE('',#1646,#3350,#6772,.T.);
#3819=PRESENTATION_STYLE_ASSIGNMENT((#6773));
#3820=ADVANCED_FACE('',(#6774),#6775,.T.);
#3821=PRESENTATION_STYLE_ASSIGNMENT((#6776));
#3822=ADVANCED_FACE('',(#6777),#6778,.F.);
#3823=PRESENTATION_STYLE_ASSIGNMENT((#6779));
#3824=VERTEX_POINT('',#6780);
#3825=PRESENTATION_STYLE_ASSIGNMENT((#6781));
#3826=VERTEX_POINT('',#6782);
#3827=PRESENTATION_STYLE_ASSIGNMENT((#6783));
#3828=EDGE_CURVE('',#3704,#2336,#6784,.T.);
#3829=PRESENTATION_STYLE_ASSIGNMENT((#6785));
#3830=EDGE_CURVE('',#3388,#2064,#6786,.T.);
#3831=PRESENTATION_STYLE_ASSIGNMENT((#6787));
#3832=VERTEX_POINT('',#6788);
#3833=PRESENTATION_STYLE_ASSIGNMENT((#6789));
#3834=EDGE_CURVE('',#2510,#1612,#6790,.T.);
#3835=PRESENTATION_STYLE_ASSIGNMENT((#6791));
#3836=EDGE_CURVE('',#2734,#2138,#6792,.T.);
#3837=PRESENTATION_STYLE_ASSIGNMENT((#6793));
#3838=VERTEX_POINT('',#6794);
#3839=PRESENTATION_STYLE_ASSIGNMENT((#6795));
#3840=VERTEX_POINT('',#6796);
#3841=PRESENTATION_STYLE_ASSIGNMENT((#6797));
#3842=VERTEX_POINT('',#6798);
#3843=PRESENTATION_STYLE_ASSIGNMENT((#6799));
#3844=VERTEX_POINT('',#6800);
#3845=PRESENTATION_STYLE_ASSIGNMENT((#6801));
#3846=EDGE_CURVE('',#3244,#3932,#6802,.T.);
#3847=PRESENTATION_STYLE_ASSIGNMENT((#6803));
#3848=VERTEX_POINT('',#6804);
#3849=PRESENTATION_STYLE_ASSIGNMENT((#6805));
#3850=ADVANCED_FACE('',(#6806),#6807,.T.);
#3851=PRESENTATION_STYLE_ASSIGNMENT((#6808));
#3852=VERTEX_POINT('',#6809);
#3853=PRESENTATION_STYLE_ASSIGNMENT((#6810));
#3854=EDGE_CURVE('',#1686,#1840,#6811,.T.);
#3855=PRESENTATION_STYLE_ASSIGNMENT((#6812));
#3856=EDGE_CURVE('',#2516,#3624,#6813,.T.);
#3857=PRESENTATION_STYLE_ASSIGNMENT((#6814));
#3858=EDGE_CURVE('',#1384,#3532,#6815,.T.);
#3859=PRESENTATION_STYLE_ASSIGNMENT((#6816));
#3860=ADVANCED_FACE('',(#6817),#6818,.T.);
#3861=PRESENTATION_STYLE_ASSIGNMENT((#6819));
#3862=EDGE_CURVE('',#3556,#3990,#6820,.T.);
#3863=PRESENTATION_STYLE_ASSIGNMENT((#6821));
#3864=VERTEX_POINT('',#6822);
#3865=PRESENTATION_STYLE_ASSIGNMENT((#6823));
#3866=EDGE_CURVE('',#2250,#2348,#6824,.T.);
#3867=PRESENTATION_STYLE_ASSIGNMENT((#6825));
#3868=EDGE_CURVE('',#1514,#2478,#6826,.T.);
#3869=PRESENTATION_STYLE_ASSIGNMENT((#6827));
#3870=VERTEX_POINT('',#6828);
#3871=PRESENTATION_STYLE_ASSIGNMENT((#6829));
#3872=EDGE_CURVE('',#1690,#2212,#6830,.T.);
#3873=PRESENTATION_STYLE_ASSIGNMENT((#6831));
#3874=VERTEX_POINT('',#6832);
#3875=PRESENTATION_STYLE_ASSIGNMENT((#6833));
#3876=VERTEX_POINT('',#6834);
#3877=PRESENTATION_STYLE_ASSIGNMENT((#6835));
#3878=EDGE_CURVE('',#3392,#2722,#6836,.T.);
#3879=PRESENTATION_STYLE_ASSIGNMENT((#6837));
#3880=EDGE_CURVE('',#3914,#1944,#6838,.T.);
#3881=PRESENTATION_STYLE_ASSIGNMENT((#6839));
#3882=VERTEX_POINT('',#6840);
#3883=PRESENTATION_STYLE_ASSIGNMENT((#6841));
#3884=EDGE_CURVE('',#3078,#1824,#6842,.T.);
#3885=PRESENTATION_STYLE_ASSIGNMENT((#6843));
#3886=EDGE_CURVE('',#2150,#3600,#6844,.T.);
#3887=PRESENTATION_STYLE_ASSIGNMENT((#6845));
#3888=EDGE_CURVE('',#3238,#2214,#6846,.T.);
#3889=PRESENTATION_STYLE_ASSIGNMENT((#6847));
#3890=VERTEX_POINT('',#6848);
#3891=PRESENTATION_STYLE_ASSIGNMENT((#6849));
#3892=VERTEX_POINT('',#6850);
#3893=PRESENTATION_STYLE_ASSIGNMENT((#6851));
#3894=VERTEX_POINT('',#6852);
#3895=PRESENTATION_STYLE_ASSIGNMENT((#6853));
#3896=EDGE_CURVE('',#3890,#3068,#6854,.T.);
#3897=PRESENTATION_STYLE_ASSIGNMENT((#6855));
#3898=VERTEX_POINT('',#6856);
#3899=PRESENTATION_STYLE_ASSIGNMENT((#6857));
#3900=VERTEX_POINT('',#6858);
#3901=PRESENTATION_STYLE_ASSIGNMENT((#6859));
#3902=ADVANCED_FACE('',(#6860),#6861,.F.);
#3903=PRESENTATION_STYLE_ASSIGNMENT((#6862));
#3904=EDGE_CURVE('',#3238,#1538,#6863,.T.);
#3905=PRESENTATION_STYLE_ASSIGNMENT((#6864));
#3906=EDGE_CURVE('',#3600,#3726,#6865,.T.);
#3907=PRESENTATION_STYLE_ASSIGNMENT((#6866));
#3908=EDGE_CURVE('',#3626,#2228,#6867,.T.);
#3909=PRESENTATION_STYLE_ASSIGNMENT((#6868));
#3910=EDGE_CURVE('',#3388,#2386,#6869,.T.);
#3911=PRESENTATION_STYLE_ASSIGNMENT((#6870));
#3912=EDGE_CURVE('',#3520,#3280,#6871,.T.);
#3913=PRESENTATION_STYLE_ASSIGNMENT((#6872));
#3914=VERTEX_POINT('',#6873);
#3915=PRESENTATION_STYLE_ASSIGNMENT((#6874));
#3916=EDGE_CURVE('',#2660,#2310,#6875,.T.);
#3917=PRESENTATION_STYLE_ASSIGNMENT((#6876));
#3918=EDGE_CURVE('',#2292,#4084,#6877,.T.);
#3919=PRESENTATION_STYLE_ASSIGNMENT((#6878));
#3920=EDGE_CURVE('',#1494,#1824,#6879,.T.);
#3921=PRESENTATION_STYLE_ASSIGNMENT((#6880));
#3922=VERTEX_POINT('',#6881);
#3923=PRESENTATION_STYLE_ASSIGNMENT((#6882));
#3924=EDGE_CURVE('',#2240,#2742,#6883,.T.);
#3925=PRESENTATION_STYLE_ASSIGNMENT((#6884));
#3926=EDGE_CURVE('',#3898,#1544,#6885,.T.);
#3927=PRESENTATION_STYLE_ASSIGNMENT((#6886));
#3928=EDGE_CURVE('',#3474,#3324,#6887,.T.);
#3929=PRESENTATION_STYLE_ASSIGNMENT((#6888));
#3930=VERTEX_POINT('',#6889);
#3931=PRESENTATION_STYLE_ASSIGNMENT((#6890));
#3932=VERTEX_POINT('',#6891);
#3933=PRESENTATION_STYLE_ASSIGNMENT((#6892));
#3934=VERTEX_POINT('',#6893);
#3935=PRESENTATION_STYLE_ASSIGNMENT((#6894));
#3936=EDGE_CURVE('',#1824,#2312,#6895,.T.);
#3937=PRESENTATION_STYLE_ASSIGNMENT((#6896));
#3938=ADVANCED_FACE('',(#6897),#6898,.T.);
#3939=PRESENTATION_STYLE_ASSIGNMENT((#6899));
#3940=EDGE_CURVE('',#1864,#1730,#6900,.T.);
#3941=PRESENTATION_STYLE_ASSIGNMENT((#6901));
#3942=VERTEX_POINT('',#6902);
#3943=PRESENTATION_STYLE_ASSIGNMENT((#6903));
#3944=ADVANCED_FACE('',(#6904),#6905,.F.);
#3945=PRESENTATION_STYLE_ASSIGNMENT((#6906));
#3946=ADVANCED_FACE('',(#6907),#6908,.T.);
#3947=PRESENTATION_STYLE_ASSIGNMENT((#6909));
#3948=EDGE_CURVE('',#2382,#2854,#6910,.T.);
#3949=PRESENTATION_STYLE_ASSIGNMENT((#6911));
#3950=ADVANCED_FACE('',(#6912),#6913,.F.);
#3951=PRESENTATION_STYLE_ASSIGNMENT((#6914));
#3952=ADVANCED_FACE('',(#6915),#6916,.F.);
#3953=PRESENTATION_STYLE_ASSIGNMENT((#6917));
#3954=VERTEX_POINT('',#6918);
#3955=PRESENTATION_STYLE_ASSIGNMENT((#6919));
#3956=VERTEX_POINT('',#6920);
#3957=PRESENTATION_STYLE_ASSIGNMENT((#6921));
#3958=EDGE_CURVE('',#2078,#2968,#6922,.T.);
#3959=PRESENTATION_STYLE_ASSIGNMENT((#6923));
#3960=EDGE_CURVE('',#4068,#2994,#6924,.T.);
#3961=PRESENTATION_STYLE_ASSIGNMENT((#6925));
#3962=VERTEX_POINT('',#6926);
#3963=PRESENTATION_STYLE_ASSIGNMENT((#6927));
#3964=EDGE_CURVE('',#3008,#2968,#6928,.T.);
#3965=PRESENTATION_STYLE_ASSIGNMENT((#6929));
#3966=VERTEX_POINT('',#6930);
#3967=PRESENTATION_STYLE_ASSIGNMENT((#6931));
#3968=VERTEX_POINT('',#6932);
#3969=PRESENTATION_STYLE_ASSIGNMENT((#6933));
#3970=EDGE_CURVE('',#2488,#3604,#6934,.T.);
#3971=PRESENTATION_STYLE_ASSIGNMENT((#6935));
#3972=EDGE_CURVE('',#2124,#1706,#6936,.T.);
#3973=PRESENTATION_STYLE_ASSIGNMENT((#6937));
#3974=VERTEX_POINT('',#6938);
#3975=PRESENTATION_STYLE_ASSIGNMENT((#6939));
#3976=ADVANCED_FACE('',(#6940),#6941,.F.);
#3977=PRESENTATION_STYLE_ASSIGNMENT((#6942));
#3978=EDGE_CURVE('',#2412,#2496,#6943,.T.);
#3979=PRESENTATION_STYLE_ASSIGNMENT((#6944));
#3980=VERTEX_POINT('',#6945);
#3981=PRESENTATION_STYLE_ASSIGNMENT((#6946));
#3982=VERTEX_POINT('',#6947);
#3983=PRESENTATION_STYLE_ASSIGNMENT((#6948));
#3984=VERTEX_POINT('',#6949);
#3985=PRESENTATION_STYLE_ASSIGNMENT((#6950));
#3986=EDGE_CURVE('',#1472,#1986,#6951,.T.);
#3987=PRESENTATION_STYLE_ASSIGNMENT((#6952));
#3988=EDGE_CURVE('',#2608,#3554,#6953,.T.);
#3989=PRESENTATION_STYLE_ASSIGNMENT((#6954));
#3990=VERTEX_POINT('',#6955);
#3991=PRESENTATION_STYLE_ASSIGNMENT((#6956));
#3992=EDGE_CURVE('',#2682,#3170,#6957,.T.);
#3993=PRESENTATION_STYLE_ASSIGNMENT((#6958));
#3994=ADVANCED_FACE('',(#6959),#6960,.F.);
#3995=PRESENTATION_STYLE_ASSIGNMENT((#6961));
#3996=ADVANCED_FACE('',(#6962),#6963,.T.);
#3997=PRESENTATION_STYLE_ASSIGNMENT((#6964));
#3998=EDGE_CURVE('',#2258,#1864,#6965,.T.);
#3999=PRESENTATION_STYLE_ASSIGNMENT((#6966));
#4000=EDGE_CURVE('',#2340,#3974,#6967,.T.);
#4001=PRESENTATION_STYLE_ASSIGNMENT((#6968));
#4002=EDGE_CURVE('',#2400,#2008,#6969,.T.);
#4003=PRESENTATION_STYLE_ASSIGNMENT((#6970));
#4004=EDGE_CURVE('',#3216,#2420,#6971,.T.);
#4005=PRESENTATION_STYLE_ASSIGNMENT((#6972));
#4006=EDGE_CURVE('',#4028,#2400,#6973,.T.);
#4007=PRESENTATION_STYLE_ASSIGNMENT((#6974));
#4008=EDGE_CURVE('',#2140,#2682,#6975,.T.);
#4009=PRESENTATION_STYLE_ASSIGNMENT((#6976));
#4010=EDGE_CURVE('',#1994,#3838,#6977,.T.);
#4011=PRESENTATION_STYLE_ASSIGNMENT((#6978));
#4012=EDGE_CURVE('',#3816,#2240,#6979,.T.);
#4013=PRESENTATION_STYLE_ASSIGNMENT((#6980));
#4014=VERTEX_POINT('',#6981);
#4015=PRESENTATION_STYLE_ASSIGNMENT((#6982));
#4016=VERTEX_POINT('',#6983);
#4017=PRESENTATION_STYLE_ASSIGNMENT((#6984));
#4018=EDGE_CURVE('',#1840,#3526,#6985,.T.);
#4019=PRESENTATION_STYLE_ASSIGNMENT((#6986));
#4020=VERTEX_POINT('',#6987);
#4021=PRESENTATION_STYLE_ASSIGNMENT((#6988));
#4022=EDGE_CURVE('',#3460,#2464,#6989,.T.);
#4023=PRESENTATION_STYLE_ASSIGNMENT((#6990));
#4024=ADVANCED_FACE('',(#6991),#6992,.F.);
#4025=PRESENTATION_STYLE_ASSIGNMENT((#6993));
#4026=EDGE_CURVE('',#2278,#2676,#6994,.T.);
#4027=PRESENTATION_STYLE_ASSIGNMENT((#6995));
#4028=VERTEX_POINT('',#6996);
#4029=PRESENTATION_STYLE_ASSIGNMENT((#6997));
#4030=VERTEX_POINT('',#6998);
#4031=PRESENTATION_STYLE_ASSIGNMENT((#6999));
#4032=EDGE_CURVE('',#3410,#1558,#7000,.T.);
#4033=PRESENTATION_STYLE_ASSIGNMENT((#7001));
#4034=VERTEX_POINT('',#7002);
#4035=PRESENTATION_STYLE_ASSIGNMENT((#7003));
#4036=ADVANCED_FACE('',(#7004),#7005,.F.);
#4037=PRESENTATION_STYLE_ASSIGNMENT((#7006));
#4038=VERTEX_POINT('',#7007);
#4039=PRESENTATION_STYLE_ASSIGNMENT((#7008));
#4040=EDGE_CURVE('',#2246,#1724,#7009,.T.);
#4041=PRESENTATION_STYLE_ASSIGNMENT((#7010));
#4042=EDGE_CURVE('',#3848,#2730,#7011,.T.);
#4043=PRESENTATION_STYLE_ASSIGNMENT((#7012));
#4044=VERTEX_POINT('',#7013);
#4045=PRESENTATION_STYLE_ASSIGNMENT((#7014));
#4046=EDGE_CURVE('',#3244,#2200,#7015,.T.);
#4047=PRESENTATION_STYLE_ASSIGNMENT((#7016));
#4048=VERTEX_POINT('',#7017);
#4049=PRESENTATION_STYLE_ASSIGNMENT((#7018));
#4050=EDGE_CURVE('',#1438,#3550,#7019,.T.);
#4051=PRESENTATION_STYLE_ASSIGNMENT((#7020));
#4052=EDGE_CURVE('',#1706,#2514,#7021,.T.);
#4053=PRESENTATION_STYLE_ASSIGNMENT((#7022));
#4054=EDGE_CURVE('',#2932,#1578,#7023,.T.);
#4055=PRESENTATION_STYLE_ASSIGNMENT((#7024));
#4056=EDGE_CURVE('',#2182,#2690,#7025,.T.);
#4057=PRESENTATION_STYLE_ASSIGNMENT((#7026));
#4058=EDGE_CURVE('',#3708,#1558,#7027,.T.);
#4059=PRESENTATION_STYLE_ASSIGNMENT((#7028));
#4060=EDGE_CURVE('',#2034,#1650,#7029,.T.);
#4061=PRESENTATION_STYLE_ASSIGNMENT((#7030));
#4062=VERTEX_POINT('',#7031);
#4063=PRESENTATION_STYLE_ASSIGNMENT((#7032));
#4064=VERTEX_POINT('',#7033);
#4065=PRESENTATION_STYLE_ASSIGNMENT((#7034));
#4066=EDGE_CURVE('',#2968,#3646,#7035,.T.);
#4067=PRESENTATION_STYLE_ASSIGNMENT((#7036));
#4068=VERTEX_POINT('',#7037);
#4069=PRESENTATION_STYLE_ASSIGNMENT((#7038));
#4070=EDGE_CURVE('',#2938,#3172,#7039,.T.);
#4071=PRESENTATION_STYLE_ASSIGNMENT((#7040));
#4072=VERTEX_POINT('',#7041);
#4073=PRESENTATION_STYLE_ASSIGNMENT((#7042));
#4074=VERTEX_POINT('',#7043);
#4075=PRESENTATION_STYLE_ASSIGNMENT((#7044));
#4076=VERTEX_POINT('',#7045);
#4077=PRESENTATION_STYLE_ASSIGNMENT((#7046));
#4078=EDGE_CURVE('',#3000,#2920,#7047,.T.);
#4079=PRESENTATION_STYLE_ASSIGNMENT((#7048));
#4080=EDGE_CURVE('',#2590,#1922,#7049,.T.);
#4081=PRESENTATION_STYLE_ASSIGNMENT((#7050));
#4082=EDGE_CURVE('',#1802,#2786,#7051,.T.);
#4083=PRESENTATION_STYLE_ASSIGNMENT((#7052));
#4084=VERTEX_POINT('',#7053);
#4085=PRODUCT('1','1','PART-1-DESC',(#7054));
#4086=PRODUCT_DEFINITION('NONE','NONE',#7055,#2);
#4087=MANIFOLD_SOLID_BREP('1',#7056);
#4088=AXIS2_PLACEMENT_3D('',#7057,#7058,#7059);
#4091=LENGTH_MEASURE_WITH_UNIT(LENGTH_MEASURE(1.0),#7060);
#4094=DIMENSIONAL_EXPONENTS(1.0,0.0,0.0,0.0,0.0,0.0,0.0);
#4096=DIMENSIONAL_EXPONENTS(0.0,0.0,0.0,0.0,0.0,0.0,0.0);
#4102=SURFACE_STYLE_USAGE(.BOTH.,#7061);
#4103=FACE_OUTER_BOUND('',#7062,.T.);
#4104=PLANE('',#7063);
#4105=POINT_STYLE(' ',#7064,POSITIVE_LENGTH_MEASURE(1.0E-006),#7065);
#4106=CARTESIAN_POINT('',(-4.01000000000034,-3.19999999999999,0.16665));
#4107=CURVE_STYLE('',#7066,POSITIVE_LENGTH_MEASURE(1.0E-006),#7067);
#4108=LINE('',#7068,#7069);
#4109=POINT_STYLE(' ',#7070,POSITIVE_LENGTH_MEASURE(1.0E-006),#7071);
#4110=CARTESIAN_POINT('',(-2.81000000000011,7.65099999999999,0.450000000000159));
#4111=POINT_STYLE(' ',#7072,POSITIVE_LENGTH_MEASURE(1.0E-006),#7073);
#4112=CARTESIAN_POINT('',(-7.745,8.49999999999997,1.25));
#4113=SURFACE_STYLE_USAGE(.BOTH.,#7074);
#4114=FACE_OUTER_BOUND('',#7075,.T.);
#4115=PLANE('',#7076);
#4116=CURVE_STYLE('',#7077,POSITIVE_LENGTH_MEASURE(1.0E-006),#7078);
#4117=LINE('',#7079,#7080);
#4118=CURVE_STYLE('',#7081,POSITIVE_LENGTH_MEASURE(1.0E-006),#7082);
#4119=LINE('',#7083,#7084);
#4120=SURFACE_STYLE_USAGE(.BOTH.,#7085);
#4121=FACE_OUTER_BOUND('',#7086,.T.);
#4122=PLANE('',#7087);
#4123=CURVE_STYLE('',#7088,POSITIVE_LENGTH_MEASURE(1.0E-006),#7089);
#4124=LINE('',#7090,#7091);
#4125=CURVE_STYLE('',#7092,POSITIVE_LENGTH_MEASURE(1.0E-006),#7093);
#4126=LINE('',#7094,#7095);
#4127=CURVE_STYLE('',#7096,POSITIVE_LENGTH_MEASURE(1.0E-006),#7097);
#4128=LINE('',#7098,#7099);
#4129=POINT_STYLE(' ',#7100,POSITIVE_LENGTH_MEASURE(1.0E-006),#7101);
#4130=CARTESIAN_POINT('',(4.26000000000016,7.99999999999996,-0.449999999999932));
#4131=CURVE_STYLE('',#7102,POSITIVE_LENGTH_MEASURE(1.0E-006),#7103);
#4132=LINE('',#7104,#7105);
#4133=POINT_STYLE(' ',#7106,POSITIVE_LENGTH_MEASURE(1.0E-006),#7107);
#4134=CARTESIAN_POINT('',(0.270000000000796,7.64999999999999,0.999999999999886));
#4135=CURVE_STYLE('',#7108,POSITIVE_LENGTH_MEASURE(1.0E-006),#7109);
#4136=LINE('',#7110,#7111);
#4137=SURFACE_STYLE_USAGE(.BOTH.,#7112);
#4138=FACE_OUTER_BOUND('',#7113,.T.);
#4139=PLANE('',#7114);
#4140=SURFACE_STYLE_USAGE(.BOTH.,#7115);
#4141=FACE_OUTER_BOUND('',#7116,.T.);
#4142=PLANE('',#7117);
#4143=SURFACE_STYLE_USAGE(.BOTH.,#7118);
#4144=FACE_OUTER_BOUND('',#7119,.T.);
#4145=PLANE('',#7120);
#4146=CURVE_STYLE('',#7121,POSITIVE_LENGTH_MEASURE(1.0E-006),#7122);
#4147=LINE('',#7123,#7124);
#4148=SURFACE_STYLE_USAGE(.BOTH.,#7125);
#4149=FACE_OUTER_BOUND('',#7126,.T.);
#4150=PLANE('',#7127);
#4151=POINT_STYLE(' ',#7128,POSITIVE_LENGTH_MEASURE(1.0E-006),#7129);
#4152=CARTESIAN_POINT('',(6.80000000000016,7.99999999999996,-0.449999999999931));
#4153=POINT_STYLE(' ',#7130,POSITIVE_LENGTH_MEASURE(1.0E-006),#7131);
#4154=CARTESIAN_POINT('',(4.75900000000016,8.49999999999996,-0.949999999999931));
#4155=POINT_STYLE(' ',#7132,POSITIVE_LENGTH_MEASURE(1.0E-006),#7133);
#4156=CARTESIAN_POINT('',(-7.3499999999992,0.599999999999994,0.625));
#4157=SURFACE_STYLE_USAGE(.BOTH.,#7134);
#4158=FACE_OUTER_BOUND('',#7135,.T.);
#4159=PLANE('',#7136);
#4160=CURVE_STYLE('',#7137,POSITIVE_LENGTH_MEASURE(1.0E-006),#7138);
#4161=LINE('',#7139,#7140);
#4162=CURVE_STYLE('',#7141,POSITIVE_LENGTH_MEASURE(1.0E-006),#7142);
#4163=LINE('',#7143,#7144);
#4164=SURFACE_STYLE_USAGE(.BOTH.,#7145);
#4165=FACE_BOUND('',#7146,.T.);
#4166=FACE_OUTER_BOUND('',#7147,.T.);
#4167=PLANE('',#7148);
#4168=CURVE_STYLE('',#7149,POSITIVE_LENGTH_MEASURE(1.0E-006),#7150);
#4169=LINE('',#7151,#7152);
#4170=CURVE_STYLE('',#7153,POSITIVE_LENGTH_MEASURE(1.0E-006),#7154);
#4171=LINE('',#7155,#7156);
#4172=POINT_STYLE(' ',#7157,POSITIVE_LENGTH_MEASURE(1.0E-006),#7158);
#4173=CARTESIAN_POINT('',(5.86122065727702,0.753873053988883,0.16665));
#4174=CURVE_STYLE('',#7159,POSITIVE_LENGTH_MEASURE(1.0E-006),#7160);
#4175=LINE('',#7161,#7162);
#4176=SURFACE_STYLE_USAGE(.BOTH.,#7163);
#4177=FACE_OUTER_BOUND('',#7164,.T.);
#4178=PLANE('',#7165);
#4179=POINT_STYLE(' ',#7166,POSITIVE_LENGTH_MEASURE(1.0E-006),#7167);
#4180=CARTESIAN_POINT('',(6.80000000000016,8.00099999999996,0.451000000000159));
#4181=POINT_STYLE(' ',#7168,POSITIVE_LENGTH_MEASURE(1.0E-006),#7169);
#4182=CARTESIAN_POINT('',(0.270000000000796,0.150000000000105,-0.625));
#4183=SURFACE_STYLE_USAGE(.BOTH.,#7170);
#4184=FACE_OUTER_BOUND('',#7171,.T.);
#4185=CYLINDRICAL_SURFACE('',#7172,0.150000000000205);
#4186=SURFACE_STYLE_USAGE(.BOTH.,#7173);
#4187=FACE_OUTER_BOUND('',#7174,.T.);
#4188=PLANE('',#7175);
#4189=POINT_STYLE(' ',#7176,POSITIVE_LENGTH_MEASURE(1.0E-006),#7177);
#4190=CARTESIAN_POINT('',(-5.65,7.64999999999999,0.7));
#4191=SURFACE_STYLE_USAGE(.BOTH.,#7178);
#4192=FACE_OUTER_BOUND('',#7179,.T.);
#4193=PLANE('',#7180);
#4194=POINT_STYLE(' ',#7181,POSITIVE_LENGTH_MEASURE(1.0E-006),#7182);
#4195=CARTESIAN_POINT('',(2.8100000000008,0.599999999999994,-0.625));
#4196=CURVE_STYLE('',#7183,POSITIVE_LENGTH_MEASURE(1.0E-006),#7184);
#4197=LINE('',#7185,#7186);
#4198=POINT_STYLE(' ',#7187,POSITIVE_LENGTH_MEASURE(1.0E-006),#7188);
#4199=CARTESIAN_POINT('',(3.60999999999966,-3.19999999999999,-0.16665));
#4200=CURVE_STYLE('',#7189,POSITIVE_LENGTH_MEASURE(1.0E-006),#7190);
#4201=LINE('',#7191,#7192);
#4202=CURVE_STYLE('',#7193,POSITIVE_LENGTH_MEASURE(1.0E-006),#7194);
#4203=LINE('',#7195,#7196);
#4204=CURVE_STYLE('',#7197,POSITIVE_LENGTH_MEASURE(1.0E-006),#7198);
#4205=LINE('',#7199,#7200);
#4206=POINT_STYLE(' ',#7201,POSITIVE_LENGTH_MEASURE(1.0E-006),#7202);
#4207=CARTESIAN_POINT('',(6.80000000000016,7.99999999999996,0.45000000000016));
#4208=CURVE_STYLE('',#7203,POSITIVE_LENGTH_MEASURE(1.0E-006),#7204);
#4209=LINE('',#7205,#7206);
#4210=POINT_STYLE(' ',#7207,POSITIVE_LENGTH_MEASURE(1.0E-006),#7208);
#4211=CARTESIAN_POINT('',(-7.745,0.150000000000006,0.625000000000113));
#4212=POINT_STYLE(' ',#7209,POSITIVE_LENGTH_MEASURE(1.0E-006),#7210);
#4213=CARTESIAN_POINT('',(-5.35000000000011,0.0,-0.999999999999205));
#4214=CURVE_STYLE('',#7211,POSITIVE_LENGTH_MEASURE(1.0E-006),#7212);
#4215=LINE('',#7213,#7214);
#4216=SURFACE_STYLE_USAGE(.BOTH.,#7215);
#4217=FACE_OUTER_BOUND('',#7216,.T.);
#4218=PLANE('',#7217);
#4219=POINT_STYLE(' ',#7218,POSITIVE_LENGTH_MEASURE(1.0E-006),#7219);
#4220=CARTESIAN_POINT('',(2.80999999999989,7.65099999999999,0.450000000000159));
#4221=CURVE_STYLE('',#7220,POSITIVE_LENGTH_MEASURE(1.0E-006),#7221);
#4222=LINE('',#7222,#7223);
#4223=SURFACE_STYLE_USAGE(.BOTH.,#7224);
#4224=FACE_OUTER_BOUND('',#7225,.T.);
#4225=PLANE('',#7226);
#4226=SURFACE_STYLE_USAGE(.BOTH.,#7227);
#4227=FACE_OUTER_BOUND('',#7228,.T.);
#4228=PLANE('',#7229);
#4229=POINT_STYLE(' ',#7230,POSITIVE_LENGTH_MEASURE(1.0E-006),#7231);
#4230=CARTESIAN_POINT('',(-2.81000000000011,0.0,-0.775000000000091));
#4231=CURVE_STYLE('',#7232,POSITIVE_LENGTH_MEASURE(1.0E-006),#7233);
#4232=LINE('',#7234,#7235);
#4233=SURFACE_STYLE_USAGE(.BOTH.,#7236);
#4234=FACE_OUTER_BOUND('',#7237,.T.);
#4235=CYLINDRICAL_SURFACE('',#7238,0.170335669584691);
#4236=POINT_STYLE(' ',#7239,POSITIVE_LENGTH_MEASURE(1.0E-006),#7240);
#4237=CARTESIAN_POINT('',(-6.67000000000034,-2.54999999999999,-0.16665));
#4238=SURFACE_STYLE_USAGE(.BOTH.,#7241);
#4239=FACE_BOUND('',#7242,.T.);
#4240=FACE_OUTER_BOUND('',#7243,.T.);
#4241=PLANE('',#7244);
#4242=SURFACE_STYLE_USAGE(.BOTH.,#7245);
#4243=FACE_OUTER_BOUND('',#7246,.T.);
#4244=PLANE('',#7247);
#4245=SURFACE_STYLE_USAGE(.BOTH.,#7248);
#4246=FACE_OUTER_BOUND('',#7249,.T.);
#4247=PLANE('',#7250);
#4248=CURVE_STYLE('',#7251,POSITIVE_LENGTH_MEASURE(1.0E-006),#7252);
#4249=LINE('',#7253,#7254);
#4250=CURVE_STYLE('',#7255,POSITIVE_LENGTH_MEASURE(1.0E-006),#7256);
#4251=CIRCLE('',#7257,0.149999999999778);
#4252=POINT_STYLE(' ',#7258,POSITIVE_LENGTH_MEASURE(1.0E-006),#7259);
#4253=CARTESIAN_POINT('',(-6.03000000000034,0.58720638732241,0.16665));
#4254=CURVE_STYLE('',#7260,POSITIVE_LENGTH_MEASURE(1.0E-006),#7261);
#4255=LINE('',#7262,#7263);
#4256=CURVE_STYLE('',#7264,POSITIVE_LENGTH_MEASURE(1.0E-006),#7265);
#4257=LINE('',#7266,#7267);
#4258=POINT_STYLE(' ',#7268,POSITIVE_LENGTH_MEASURE(1.0E-006),#7269);
#4259=CARTESIAN_POINT('',(2.26999999999989,0.0,-0.999999999999204));
#4260=POINT_STYLE(' ',#7270,POSITIVE_LENGTH_MEASURE(1.0E-006),#7271);
#4261=CARTESIAN_POINT('',(-4.13000000000034,-2.54999999999999,0.16665));
#4262=POINT_STYLE(' ',#7272,POSITIVE_LENGTH_MEASURE(1.0E-006),#7273);
#4263=CARTESIAN_POINT('',(-1.71999999999993,8.00099999999996,0.451000000000159));
#4264=CURVE_STYLE('',#7274,POSITIVE_LENGTH_MEASURE(1.0E-006),#7275);
#4265=LINE('',#7276,#7277);
#4266=POINT_STYLE(' ',#7278,POSITIVE_LENGTH_MEASURE(1.0E-006),#7279);
#4267=CARTESIAN_POINT('',(-2.86099999999984,8.49999999999996,0.950000000000159));
#4268=POINT_STYLE(' ',#7280,POSITIVE_LENGTH_MEASURE(1.0E-006),#7281);
#4269=CARTESIAN_POINT('',(5.40100000000007,8.49999999999996,-0.949999999999931));
#4270=SURFACE_STYLE_USAGE(.BOTH.,#7282);
#4271=FACE_OUTER_BOUND('',#7283,.T.);
#4272=PLANE('',#7284);
#4273=SURFACE_STYLE_USAGE(.BOTH.,#7285);
#4274=FACE_BOUND('',#7286,.T.);
#4275=FACE_OUTER_BOUND('',#7287,.T.);
#4276=PLANE('',#7288);
#4277=CURVE_STYLE('',#7289,POSITIVE_LENGTH_MEASURE(1.0E-006),#7290);
#4278=LINE('',#7291,#7292);
#4279=POINT_STYLE(' ',#7293,POSITIVE_LENGTH_MEASURE(1.0E-006),#7294);
#4280=CARTESIAN_POINT('',(4.80999999999989,0.150000000000006,0.625000000000114));
#4281=CURVE_STYLE('',#7295,POSITIVE_LENGTH_MEASURE(1.0E-006),#7296);
#4282=LINE('',#7297,#7298);
#4283=POINT_STYLE(' ',#7299,POSITIVE_LENGTH_MEASURE(1.0E-006),#7300);
#4284=CARTESIAN_POINT('',(-0.270000000000114,7.65099999999999,-0.449999999999932));
#4285=SURFACE_STYLE_USAGE(.BOTH.,#7301);
#4286=FACE_OUTER_BOUND('',#7302,.T.);
#4287=PLANE('',#7303);
#4288=POINT_STYLE(' ',#7304,POSITIVE_LENGTH_MEASURE(1.0E-006),#7305);
#4289=CARTESIAN_POINT('',(-7.35000000000011,7.65099999999999,0.450000000000159));
#4290=CURVE_STYLE('',#7306,POSITIVE_LENGTH_MEASURE(1.0E-006),#7307);
#4291=LINE('',#7308,#7309);
#4292=SURFACE_STYLE_USAGE(.BOTH.,#7310);
#4293=FACE_BOUND('',#7311,.T.);
#4294=FACE_BOUND('',#7312,.T.);
#4295=FACE_BOUND('',#7313,.T.);
#4296=FACE_BOUND('',#7314,.T.);
#4297=FACE_BOUND('',#7315,.T.);
#4298=FACE_BOUND('',#7316,.T.);
#4299=FACE_OUTER_BOUND('',#7317,.T.);
#4300=PLANE('',#7318);
#4301=POINT_STYLE(' ',#7319,POSITIVE_LENGTH_MEASURE(1.0E-006),#7320);
#4302=CARTESIAN_POINT('',(4.12999999999966,0.58720638732241,-0.16665));
#4303=CURVE_STYLE('',#7321,POSITIVE_LENGTH_MEASURE(1.0E-006),#7322);
#4304=LINE('',#7323,#7324);
#4305=CURVE_STYLE('',#7325,POSITIVE_LENGTH_MEASURE(1.0E-006),#7326);
#4306=LINE('',#7327,#7328);
#4307=CURVE_STYLE('',#7329,POSITIVE_LENGTH_MEASURE(1.0E-006),#7330);
#4308=LINE('',#7331,#7332);
#4309=SURFACE_STYLE_USAGE(.BOTH.,#7333);
#4310=FACE_OUTER_BOUND('',#7334,.T.);
#4311=PLANE('',#7335);
#4312=POINT_STYLE(' ',#7336,POSITIVE_LENGTH_MEASURE(1.0E-006),#7337);
#4313=CARTESIAN_POINT('',(3.36000000000007,7.99999999999996,0.450000000000159));
#4314=POINT_STYLE(' ',#7338,POSITIVE_LENGTH_MEASURE(1.0E-006),#7339);
#4315=CARTESIAN_POINT('',(4.80999999999989,7.64999999999999,-1.00000000000011));
#4316=POINT_STYLE(' ',#7340,POSITIVE_LENGTH_MEASURE(1.0E-006),#7341);
#4317=CARTESIAN_POINT('',(0.949999999999659,-2.54999999999999,-0.16665));
#4318=CURVE_STYLE('',#7342,POSITIVE_LENGTH_MEASURE(1.0E-006),#7343);
#4319=CIRCLE('',#7344,0.170335669583282);
#4320=CURVE_STYLE('',#7345,POSITIVE_LENGTH_MEASURE(1.0E-006),#7346);
#4321=LINE('',#7347,#7348);
#4322=CURVE_STYLE('',#7349,POSITIVE_LENGTH_MEASURE(1.0E-006),#7350);
#4323=LINE('',#7351,#7352);
#4324=POINT_STYLE(' ',#7353,POSITIVE_LENGTH_MEASURE(1.0E-006),#7354);
#4325=CARTESIAN_POINT('',(-0.270000000000114,0.0,-0.999999999999204));
#4326=CURVE_STYLE('',#7355,POSITIVE_LENGTH_MEASURE(1.0E-006),#7356);
#4327=LINE('',#7357,#7358);
#4328=POINT_STYLE(' ',#7359,POSITIVE_LENGTH_MEASURE(1.0E-006),#7360);
#4329=CARTESIAN_POINT('',(-5.40099999999984,8.49999999999996,0.950000000000159));
#4330=CURVE_STYLE('',#7361,POSITIVE_LENGTH_MEASURE(1.0E-006),#7362);
#4331=CIRCLE('',#7363,0.170335669583282);
#4332=CURVE_STYLE('',#7364,POSITIVE_LENGTH_MEASURE(1.0E-006),#7365);
#4333=LINE('',#7366,#7367);
#4334=CURVE_STYLE('',#7368,POSITIVE_LENGTH_MEASURE(1.0E-006),#7369);
#4335=CIRCLE('',#7370,0.150000000000205);
#4336=POINT_STYLE(' ',#7371,POSITIVE_LENGTH_MEASURE(1.0E-006),#7372);
#4337=CARTESIAN_POINT('',(-0.819999999999841,7.99999999999996,0.450000000000159));
#4338=CURVE_STYLE('',#7373,POSITIVE_LENGTH_MEASURE(1.0E-006),#7374);
#4339=LINE('',#7375,#7376);
#4340=CURVE_STYLE('',#7377,POSITIVE_LENGTH_MEASURE(1.0E-006),#7378);
#4341=LINE('',#7379,#7380);
#4342=CURVE_STYLE('',#7381,POSITIVE_LENGTH_MEASURE(1.0E-006),#7382);
#4343=LINE('',#7383,#7384);
#4344=CURVE_STYLE('',#7385,POSITIVE_LENGTH_MEASURE(1.0E-006),#7386);
#4345=LINE('',#7387,#7388);
#4346=POINT_STYLE(' ',#7389,POSITIVE_LENGTH_MEASURE(1.0E-006),#7390);
#4347=CARTESIAN_POINT('',(1.06999999999966,-3.19999999999999,-0.16665));
#4348=CURVE_STYLE('',#7391,POSITIVE_LENGTH_MEASURE(1.0E-006),#7392);
#4349=LINE('',#7393,#7394);
#4350=CURVE_STYLE('',#7395,POSITIVE_LENGTH_MEASURE(1.0E-006),#7396);
#4351=LINE('',#7397,#7398);
#4352=CURVE_STYLE('',#7399,POSITIVE_LENGTH_MEASURE(1.0E-006),#7400);
#4353=LINE('',#7401,#7402);
#4354=POINT_STYLE(' ',#7403,POSITIVE_LENGTH_MEASURE(1.0E-006),#7404);
#4355=CARTESIAN_POINT('',(2.86100000000007,8.49999999999996,-0.949999999999932));
#4356=POINT_STYLE(' ',#7405,POSITIVE_LENGTH_MEASURE(1.0E-006),#7406);
#4357=CARTESIAN_POINT('',(-0.819999999999841,7.65099999999999,0.450000000000159));
#4358=SURFACE_STYLE_USAGE(.BOTH.,#7407);
#4359=FACE_OUTER_BOUND('',#7408,.T.);
#4360=PLANE('',#7409);
#4361=POINT_STYLE(' ',#7410,POSITIVE_LENGTH_MEASURE(1.0E-006),#7411);
#4362=CARTESIAN_POINT('',(0.270000000000796,7.64999999999999,-1.00000000000011));
#4363=POINT_STYLE(' ',#7412,POSITIVE_LENGTH_MEASURE(1.0E-006),#7413);
#4364=CARTESIAN_POINT('',(-5.35000000000011,7.64999999999999,-1.00000000000011));
#4365=POINT_STYLE(' ',#7414,POSITIVE_LENGTH_MEASURE(1.0E-006),#7415);
#4366=CARTESIAN_POINT('',(5.40100000000007,8.49999999999996,0.950000000000159));
#4367=CURVE_STYLE('',#7416,POSITIVE_LENGTH_MEASURE(1.0E-006),#7417);
#4368=LINE('',#7418,#7419);
#4369=CURVE_STYLE('',#7420,POSITIVE_LENGTH_MEASURE(1.0E-006),#7421);
#4370=LINE('',#7422,#7423);
#4371=POINT_STYLE(' ',#7424,POSITIVE_LENGTH_MEASURE(1.0E-006),#7425);
#4372=CARTESIAN_POINT('',(2.8100000000008,1.90282814901086,0.16665));
#4373=POINT_STYLE(' ',#7426,POSITIVE_LENGTH_MEASURE(1.0E-006),#7427);
#4374=CARTESIAN_POINT('',(-0.950000000000341,-2.54999999999999,0.16665));
#4375=POINT_STYLE(' ',#7428,POSITIVE_LENGTH_MEASURE(1.0E-006),#7429);
#4376=CARTESIAN_POINT('',(-4.8099999999992,7.64999999999999,0.999999999999886));
#4377=CURVE_STYLE('',#7430,POSITIVE_LENGTH_MEASURE(1.0E-006),#7431);
#4378=CIRCLE('',#7432,0.150000000000205);
#4379=CURVE_STYLE('',#7433,POSITIVE_LENGTH_MEASURE(1.0E-006),#7434);
#4380=LINE('',#7435,#7436);
#4381=CURVE_STYLE('',#7437,POSITIVE_LENGTH_MEASURE(1.0E-006),#7438);
#4382=LINE('',#7439,#7440);
#4383=SURFACE_STYLE_USAGE(.BOTH.,#7441);
#4384=FACE_OUTER_BOUND('',#7442,.T.);
#4385=PLANE('',#7443);
#4386=SURFACE_STYLE_USAGE(.BOTH.,#7444);
#4387=FACE_OUTER_BOUND('',#7445,.T.);
#4388=PLANE('',#7446);
#4389=CURVE_STYLE('',#7447,POSITIVE_LENGTH_MEASURE(1.0E-006),#7448);
#4390=LINE('',#7449,#7450);
#4391=POINT_STYLE(' ',#7451,POSITIVE_LENGTH_MEASURE(1.0E-006),#7452);
#4392=CARTESIAN_POINT('',(5.35000000000079,0.753873053988997,-0.16665));
#4393=SURFACE_STYLE_USAGE(.BOTH.,#7453);
#4394=FACE_BOUND('',#7454,.T.);
#4395=FACE_OUTER_BOUND('',#7455,.T.);
#4396=PLANE('',#7456);
#4397=CURVE_STYLE('',#7457,POSITIVE_LENGTH_MEASURE(1.0E-006),#7458);
#4398=LINE('',#7459,#7460);
#4399=CURVE_STYLE('',#7461,POSITIVE_LENGTH_MEASURE(1.0E-006),#7462);
#4400=LINE('',#7463,#7464);
#4401=CURVE_STYLE('',#7465,POSITIVE_LENGTH_MEASURE(1.0E-006),#7466);
#4402=LINE('',#7467,#7468);
#4403=CURVE_STYLE('',#7469,POSITIVE_LENGTH_MEASURE(1.0E-006),#7470);
#4404=LINE('',#7471,#7472);
#4405=CURVE_STYLE('',#7473,POSITIVE_LENGTH_MEASURE(1.0E-006),#7474);
#4406=LINE('',#7475,#7476);
#4407=CURVE_STYLE('',#7477,POSITIVE_LENGTH_MEASURE(1.0E-006),#7478);
#4408=LINE('',#7479,#7480);
#4409=POINT_STYLE(' ',#7481,POSITIVE_LENGTH_MEASURE(1.0E-006),#7482);
#4410=CARTESIAN_POINT('',(-3.49000000000034,0.58720638732241,0.16665));
#4411=CURVE_STYLE('',#7483,POSITIVE_LENGTH_MEASURE(1.0E-006),#7484);
#4412=LINE('',#7485,#7486);
#4413=POINT_STYLE(' ',#7487,POSITIVE_LENGTH_MEASURE(1.0E-006),#7488);
#4414=CARTESIAN_POINT('',(-6.03000000000034,0.58720638732241,-0.16665));
#4415=CURVE_STYLE('',#7489,POSITIVE_LENGTH_MEASURE(1.0E-006),#7490);
#4416=LINE('',#7491,#7492);
#4417=CURVE_STYLE('',#7493,POSITIVE_LENGTH_MEASURE(1.0E-006),#7494);
#4418=LINE('',#7495,#7496);
#4419=POINT_STYLE(' ',#7497,POSITIVE_LENGTH_MEASURE(1.0E-006),#7498);
#4420=CARTESIAN_POINT('',(4.80999999999989,7.65099999999999,0.450000000000159));
#4421=CURVE_STYLE('',#7499,POSITIVE_LENGTH_MEASURE(1.0E-006),#7500);
#4422=LINE('',#7501,#7502);
#4423=SURFACE_STYLE_USAGE(.BOTH.,#7503);
#4424=FACE_OUTER_BOUND('',#7504,.T.);
#4425=PLANE('',#7505);
#4426=SURFACE_STYLE_USAGE(.BOTH.,#7506);
#4427=FACE_BOUND('',#7507,.T.);
#4428=FACE_OUTER_BOUND('',#7508,.T.);
#4429=PLANE('',#7509);
#4430=CURVE_STYLE('',#7510,POSITIVE_LENGTH_MEASURE(1.0E-006),#7511);
#4431=LINE('',#7512,#7513);
#4432=POINT_STYLE(' ',#7514,POSITIVE_LENGTH_MEASURE(1.0E-006),#7515);
#4433=CARTESIAN_POINT('',(-2.2699999999992,0.0,-0.775000000000091));
#4434=CURVE_STYLE('',#7516,POSITIVE_LENGTH_MEASURE(1.0E-006),#7517);
#4435=LINE('',#7518,#7519);
#4436=CURVE_STYLE('',#7520,POSITIVE_LENGTH_MEASURE(1.0E-006),#7521);
#4437=CIRCLE('',#7522,0.170335669584691);
#4438=CURVE_STYLE('',#7523,POSITIVE_LENGTH_MEASURE(1.0E-006),#7524);
#4439=LINE('',#7525,#7526);
#4440=POINT_STYLE(' ',#7527,POSITIVE_LENGTH_MEASURE(1.0E-006),#7528);
#4441=CARTESIAN_POINT('',(-5.65,7.57,0.7));
#4442=SURFACE_STYLE_USAGE(.BOTH.,#7529);
#4443=FACE_OUTER_BOUND('',#7530,.T.);
#4444=PLANE('',#7531);
#4445=SURFACE_STYLE_USAGE(.BOTH.,#7532);
#4446=FACE_OUTER_BOUND('',#7533,.T.);
#4447=PLANE('',#7534);
#4448=POINT_STYLE(' ',#7535,POSITIVE_LENGTH_MEASURE(1.0E-006),#7536);
#4449=CARTESIAN_POINT('',(-0.32099999999984,8.49999999999996,-0.949999999999932));
#4450=CURVE_STYLE('',#7537,POSITIVE_LENGTH_MEASURE(1.0E-006),#7538);
#4451=LINE('',#7539,#7540);
#4452=CURVE_STYLE('',#7541,POSITIVE_LENGTH_MEASURE(1.0E-006),#7542);
#4453=CIRCLE('',#7543,0.150000000000205);
#4454=POINT_STYLE(' ',#7544,POSITIVE_LENGTH_MEASURE(1.0E-006),#7545);
#4455=CARTESIAN_POINT('',(0.269999999999887,7.65099999999999,0.450000000000159));
#4456=CURVE_STYLE('',#7546,POSITIVE_LENGTH_MEASURE(1.0E-006),#7547);
#4457=LINE('',#7548,#7549);
#4458=POINT_STYLE(' ',#7550,POSITIVE_LENGTH_MEASURE(1.0E-006),#7551);
#4459=CARTESIAN_POINT('',(1.75877934272298,0.753873053989039,0.16665));
#4460=SURFACE_STYLE_USAGE(.BOTH.,#7552);
#4461=FACE_OUTER_BOUND('',#7553,.T.);
#4462=PLANE('',#7554);
#4463=POINT_STYLE(' ',#7555,POSITIVE_LENGTH_MEASURE(1.0E-006),#7556);
#4464=CARTESIAN_POINT('',(-6.67,7.68,0.32));
#4465=POINT_STYLE(' ',#7557,POSITIVE_LENGTH_MEASURE(1.0E-006),#7558);
#4466=CARTESIAN_POINT('',(-4.8099999999992,0.0,0.999999999999886));
#4467=CURVE_STYLE('',#7559,POSITIVE_LENGTH_MEASURE(1.0E-006),#7560);
#4468=CIRCLE('',#7561,0.149999999999778);
#4469=SURFACE_STYLE_USAGE(.BOTH.,#7562);
#4470=FACE_OUTER_BOUND('',#7563,.T.);
#4471=PLANE('',#7564);
#4472=CURVE_STYLE('',#7565,POSITIVE_LENGTH_MEASURE(1.0E-006),#7566);
#4473=LINE('',#7567,#7568);
#4474=SURFACE_STYLE_USAGE(.BOTH.,#7569);
#4475=FACE_OUTER_BOUND('',#7570,.T.);
#4476=PLANE('',#7571);
#4477=POINT_STYLE(' ',#7572,POSITIVE_LENGTH_MEASURE(1.0E-006),#7573);
#4478=CARTESIAN_POINT('',(-2.2699999999992,7.64999999999999,-1.00000000000011));
#4479=CURVE_STYLE('',#7574,POSITIVE_LENGTH_MEASURE(1.0E-006),#7575);
#4480=LINE('',#7576,#7577);
#4481=POINT_STYLE(' ',#7578,POSITIVE_LENGTH_MEASURE(1.0E-006),#7579);
#4482=CARTESIAN_POINT('',(-4.13000000000034,0.587206387322199,-0.16665));
#4483=CURVE_STYLE('',#7580,POSITIVE_LENGTH_MEASURE(1.0E-006),#7581);
#4484=LINE('',#7582,#7583);
#4485=POINT_STYLE(' ',#7584,POSITIVE_LENGTH_MEASURE(1.0E-006),#7585);
#4486=CARTESIAN_POINT('',(-1.59000000000034,0.587206387322199,0.16665));
#4487=CURVE_STYLE('',#7586,POSITIVE_LENGTH_MEASURE(1.0E-006),#7587);
#4488=LINE('',#7588,#7589);
#4489=CURVE_STYLE('',#7590,POSITIVE_LENGTH_MEASURE(1.0E-006),#7591);
#4490=LINE('',#7592,#7593);
#4491=CURVE_STYLE('',#7594,POSITIVE_LENGTH_MEASURE(1.0E-006),#7595);
#4492=LINE('',#7596,#7597);
#4493=CURVE_STYLE('',#7598,POSITIVE_LENGTH_MEASURE(1.0E-006),#7599);
#4494=LINE('',#7600,#7601);
#4495=POINT_STYLE(' ',#7602,POSITIVE_LENGTH_MEASURE(1.0E-006),#7603);
#4496=CARTESIAN_POINT('',(1.72000000000016,7.65099999999999,-0.449999999999932));
#4497=CURVE_STYLE('',#7604,POSITIVE_LENGTH_MEASURE(1.0E-006),#7605);
#4498=LINE('',#7606,#7607);
#4499=SURFACE_STYLE_USAGE(.BOTH.,#7608);
#4500=FACE_OUTER_BOUND('',#7609,.T.);
#4501=PLANE('',#7610);
#4502=POINT_STYLE(' ',#7611,POSITIVE_LENGTH_MEASURE(1.0E-006),#7612);
#4503=CARTESIAN_POINT('',(4.80999999999989,0.0,0.775000000000091));
#4504=CURVE_STYLE('',#7613,POSITIVE_LENGTH_MEASURE(1.0E-006),#7614);
#4505=LINE('',#7615,#7616);
#4506=CURVE_STYLE('',#7617,POSITIVE_LENGTH_MEASURE(1.0E-006),#7618);
#4507=LINE('',#7619,#7620);
#4508=CURVE_STYLE('',#7621,POSITIVE_LENGTH_MEASURE(1.0E-006),#7622);
#4509=LINE('',#7623,#7624);
#4510=CURVE_STYLE('',#7625,POSITIVE_LENGTH_MEASURE(1.0E-006),#7626);
#4511=LINE('',#7627,#7628);
#4512=POINT_STYLE(' ',#7629,POSITIVE_LENGTH_MEASURE(1.0E-006),#7630);
#4513=CARTESIAN_POINT('',(0.270000000000796,0.0,-0.999999999999204));
#4514=CURVE_STYLE('',#7631,POSITIVE_LENGTH_MEASURE(1.0E-006),#7632);
#4515=LINE('',#7633,#7634);
#4516=SURFACE_STYLE_USAGE(.BOTH.,#7635);
#4517=FACE_OUTER_BOUND('',#7636,.T.);
#4518=PLANE('',#7637);
#4519=SURFACE_STYLE_USAGE(.BOTH.,#7638);
#4520=FACE_OUTER_BOUND('',#7639,.T.);
#4521=PLANE('',#7640);
#4522=CURVE_STYLE('',#7641,POSITIVE_LENGTH_MEASURE(1.0E-006),#7642);
#4523=LINE('',#7643,#7644);
#4524=POINT_STYLE(' ',#7645,POSITIVE_LENGTH_MEASURE(1.0E-006),#7646);
#4525=CARTESIAN_POINT('',(-4.25999999999993,7.65099999999999,0.450000000000159));
#4526=POINT_STYLE(' ',#7647,POSITIVE_LENGTH_MEASURE(1.0E-006),#7648);
#4527=CARTESIAN_POINT('',(-7.29899999999993,8.49999999999996,-0.949999999999932));
#4528=CURVE_STYLE('',#7649,POSITIVE_LENGTH_MEASURE(1.0E-006),#7650);
#4529=LINE('',#7651,#7652);
#4530=CURVE_STYLE('',#7653,POSITIVE_LENGTH_MEASURE(1.0E-006),#7654);
#4531=LINE('',#7655,#7656);
#4532=CURVE_STYLE('',#7657,POSITIVE_LENGTH_MEASURE(1.0E-006),#7658);
#4533=LINE('',#7659,#7660);
#4534=CURVE_STYLE('',#7661,POSITIVE_LENGTH_MEASURE(1.0E-006),#7662);
#4535=LINE('',#7663,#7664);
#4536=CURVE_STYLE('',#7665,POSITIVE_LENGTH_MEASURE(1.0E-006),#7666);
#4537=LINE('',#7667,#7668);
#4538=CURVE_STYLE('',#7669,POSITIVE_LENGTH_MEASURE(1.0E-006),#7670);
#4539=LINE('',#7671,#7672);
#4540=CURVE_STYLE('',#7673,POSITIVE_LENGTH_MEASURE(1.0E-006),#7674);
#4541=LINE('',#7675,#7676);
#4542=POINT_STYLE(' ',#7677,POSITIVE_LENGTH_MEASURE(1.0E-006),#7678);
#4543=CARTESIAN_POINT('',(3.48999999999966,0.587206387322199,-0.16665));
#4544=POINT_STYLE(' ',#7679,POSITIVE_LENGTH_MEASURE(1.0E-006),#7680);
#4545=CARTESIAN_POINT('',(-7.3499999999992,0.0,-0.999999999999205));
#4546=POINT_STYLE(' ',#7681,POSITIVE_LENGTH_MEASURE(1.0E-006),#7682);
#4547=CARTESIAN_POINT('',(-5.35000000000011,7.65099999999999,0.450000000000159));
#4548=POINT_STYLE(' ',#7683,POSITIVE_LENGTH_MEASURE(1.0E-006),#7684);
#4549=CARTESIAN_POINT('',(2.8100000000008,7.64999999999999,0.999999999999887));
#4550=CURVE_STYLE('',#7685,POSITIVE_LENGTH_MEASURE(1.0E-006),#7686);
#4551=LINE('',#7687,#7688);
#4552=CURVE_STYLE('',#7689,POSITIVE_LENGTH_MEASURE(1.0E-006),#7690);
#4553=LINE('',#7691,#7692);
#4554=CURVE_STYLE('',#7693,POSITIVE_LENGTH_MEASURE(1.0E-006),#7694);
#4555=LINE('',#7695,#7696);
#4556=SURFACE_STYLE_USAGE(.BOTH.,#7697);
#4557=FACE_OUTER_BOUND('',#7698,.T.);
#4558=PLANE('',#7699);
#4559=SURFACE_STYLE_USAGE(.BOTH.,#7700);
#4560=FACE_OUTER_BOUND('',#7701,.T.);
#4561=PLANE('',#7702);
#4562=CURVE_STYLE('',#7703,POSITIVE_LENGTH_MEASURE(1.0E-006),#7704);
#4563=LINE('',#7705,#7706);
#4564=POINT_STYLE(' ',#7707,POSITIVE_LENGTH_MEASURE(1.0E-006),#7708);
#4565=CARTESIAN_POINT('',(4.29877934272298,0.753873053989039,-0.16665));
#4566=CURVE_STYLE('',#7709,POSITIVE_LENGTH_MEASURE(1.0E-006),#7710);
#4567=LINE('',#7711,#7712);
#4568=CURVE_STYLE('',#7713,POSITIVE_LENGTH_MEASURE(1.0E-006),#7714);
#4569=LINE('',#7715,#7716);
#4570=CURVE_STYLE('',#7717,POSITIVE_LENGTH_MEASURE(1.0E-006),#7718);
#4571=LINE('',#7719,#7720);
#4572=CURVE_STYLE('',#7721,POSITIVE_LENGTH_MEASURE(1.0E-006),#7722);
#4573=LINE('',#7723,#7724);
#4574=SURFACE_STYLE_USAGE(.BOTH.,#7725);
#4575=FACE_OUTER_BOUND('',#7726,.T.);
#4576=PLANE('',#7727);
#4577=POINT_STYLE(' ',#7728,POSITIVE_LENGTH_MEASURE(1.0E-006),#7729);
#4578=CARTESIAN_POINT('',(-0.950000000000341,-2.54999999999999,-0.16665));
#4579=POINT_STYLE(' ',#7730,POSITIVE_LENGTH_MEASURE(1.0E-006),#7731);
#4580=CARTESIAN_POINT('',(-1.75877934272298,0.753873053988883,0.16665));
#4581=CURVE_STYLE('',#7732,POSITIVE_LENGTH_MEASURE(1.0E-006),#7733);
#4582=LINE('',#7734,#7735);
#4583=SURFACE_STYLE_USAGE(.BOTH.,#7736);
#4584=FACE_OUTER_BOUND('',#7737,.T.);
#4585=PLANE('',#7738);
#4586=CURVE_STYLE('',#7739,POSITIVE_LENGTH_MEASURE(1.0E-006),#7740);
#4587=LINE('',#7741,#7742);
#4588=SURFACE_STYLE_USAGE(.BOTH.,#7743);
#4589=FACE_OUTER_BOUND('',#7744,.T.);
#4590=PLANE('',#7745);
#4591=CURVE_STYLE('',#7746,POSITIVE_LENGTH_MEASURE(1.0E-006),#7747);
#4592=LINE('',#7748,#7749);
#4593=SURFACE_STYLE_USAGE(.BOTH.,#7750);
#4594=FACE_OUTER_BOUND('',#7751,.T.);
#4595=CYLINDRICAL_SURFACE('',#7752,0.170335669584691);
#4596=CURVE_STYLE('',#7753,POSITIVE_LENGTH_MEASURE(1.0E-006),#7754);
#4597=LINE('',#7755,#7756);
#4598=SURFACE_STYLE_USAGE(.BOTH.,#7757);
#4599=FACE_OUTER_BOUND('',#7758,.T.);
#4600=PLANE('',#7759);
#4601=CURVE_STYLE('',#7760,POSITIVE_LENGTH_MEASURE(1.0E-006),#7761);
#4602=LINE('',#7762,#7763);
#4603=SURFACE_STYLE_USAGE(.BOTH.,#7764);
#4604=FACE_OUTER_BOUND('',#7765,.T.);
#4605=PLANE('',#7766);
#4606=POINT_STYLE(' ',#7767,POSITIVE_LENGTH_MEASURE(1.0E-006),#7768);
#4607=CARTESIAN_POINT('',(-6.55000000000034,-3.19999999999999,-0.16665));
#4608=CURVE_STYLE('',#7769,POSITIVE_LENGTH_MEASURE(1.0E-006),#7770);
#4609=CIRCLE('',#7771,0.170335669584691);
#4610=SURFACE_STYLE_USAGE(.BOTH.,#7772);
#4611=FACE_OUTER_BOUND('',#7773,.T.);
#4612=PLANE('',#7774);
#4613=CURVE_STYLE('',#7775,POSITIVE_LENGTH_MEASURE(1.0E-006),#7776);
#4614=LINE('',#7777,#7778);
#4615=CURVE_STYLE('',#7779,POSITIVE_LENGTH_MEASURE(1.0E-006),#7780);
#4616=LINE('',#7781,#7782);
#4617=SURFACE_STYLE_USAGE(.BOTH.,#7783);
#4618=FACE_OUTER_BOUND('',#7784,.T.);
#4619=CYLINDRICAL_SURFACE('',#7785,0.170335669584691);
#4620=SURFACE_STYLE_USAGE(.BOTH.,#7786);
#4621=FACE_OUTER_BOUND('',#7787,.T.);
#4622=PLANE('',#7788);
#4623=CURVE_STYLE('',#7789,POSITIVE_LENGTH_MEASURE(1.0E-006),#7790);
#4624=LINE('',#7791,#7792);
#4625=POINT_STYLE(' ',#7793,POSITIVE_LENGTH_MEASURE(1.0E-006),#7794);
#4626=CARTESIAN_POINT('',(0.820000000000069,7.65099999999999,0.450000000000159));
#4627=POINT_STYLE(' ',#7795,POSITIVE_LENGTH_MEASURE(1.0E-006),#7796);
#4628=CARTESIAN_POINT('',(5.86122065727702,0.753873053988883,-0.16665));
#4629=SURFACE_STYLE_USAGE(.BOTH.,#7797);
#4630=FACE_OUTER_BOUND('',#7798,.T.);
#4631=PLANE('',#7799);
#4632=POINT_STYLE(' ',#7800,POSITIVE_LENGTH_MEASURE(1.0E-006),#7801);
#4633=CARTESIAN_POINT('',(-5.86122065727702,0.753873053989039,-0.16665));
#4634=POINT_STYLE(' ',#7802,POSITIVE_LENGTH_MEASURE(1.0E-006),#7803);
#4635=CARTESIAN_POINT('',(5.35000000000079,0.599999999999994,-0.625));
#4636=POINT_STYLE(' ',#7804,POSITIVE_LENGTH_MEASURE(1.0E-006),#7805);
#4637=CARTESIAN_POINT('',(-0.781220657277022,0.753873053989039,0.16665));
#4638=SURFACE_STYLE_USAGE(.BOTH.,#7806);
#4639=FACE_BOUND('',#7807,.T.);
#4640=FACE_OUTER_BOUND('',#7808,.T.);
#4641=PLANE('',#7809);
#4642=CURVE_STYLE('',#7810,POSITIVE_LENGTH_MEASURE(1.0E-006),#7811);
#4643=LINE('',#7812,#7813);
#4644=CURVE_STYLE('',#7814,POSITIVE_LENGTH_MEASURE(1.0E-006),#7815);
#4645=LINE('',#7816,#7817);
#4646=CURVE_STYLE('',#7818,POSITIVE_LENGTH_MEASURE(1.0E-006),#7819);
#4647=LINE('',#7820,#7821);
#4648=POINT_STYLE(' ',#7822,POSITIVE_LENGTH_MEASURE(1.0E-006),#7823);
#4649=CARTESIAN_POINT('',(-2.2699999999992,7.64999999999999,0.450000000000159));
#4650=POINT_STYLE(' ',#7824,POSITIVE_LENGTH_MEASURE(1.0E-006),#7825);
#4651=CARTESIAN_POINT('',(5.35000000000079,0.150000000000105,-0.625));
#4652=POINT_STYLE(' ',#7826,POSITIVE_LENGTH_MEASURE(1.0E-006),#7827);
#4653=CARTESIAN_POINT('',(4.80999999999989,0.0,0.999999999999887));
#4654=SURFACE_STYLE_USAGE(.BOTH.,#7828);
#4655=FACE_OUTER_BOUND('',#7829,.T.);
#4656=PLANE('',#7830);
#4657=CURVE_STYLE('',#7831,POSITIVE_LENGTH_MEASURE(1.0E-006),#7832);
#4658=LINE('',#7833,#7834);
#4659=CURVE_STYLE('',#7835,POSITIVE_LENGTH_MEASURE(1.0E-006),#7836);
#4660=LINE('',#7837,#7838);
#4661=POINT_STYLE(' ',#7839,POSITIVE_LENGTH_MEASURE(1.0E-006),#7840);
#4662=CARTESIAN_POINT('',(-6.67,7.57,0.32));
#4663=POINT_STYLE(' ',#7841,POSITIVE_LENGTH_MEASURE(1.0E-006),#7842);
#4664=CARTESIAN_POINT('',(-5.89999999999984,7.99999999999996,-0.449999999999932));
#4665=CURVE_STYLE('',#7843,POSITIVE_LENGTH_MEASURE(1.0E-006),#7844);
#4666=LINE('',#7845,#7846);
#4667=CURVE_STYLE('',#7847,POSITIVE_LENGTH_MEASURE(1.0E-006),#7848);
#4668=LINE('',#7849,#7850);
#4669=POINT_STYLE(' ',#7851,POSITIVE_LENGTH_MEASURE(1.0E-006),#7852);
#4670=CARTESIAN_POINT('',(-4.8099999999992,1.90282814901086,0.16665));
#4671=POINT_STYLE(' ',#7853,POSITIVE_LENGTH_MEASURE(1.0E-006),#7854);
#4672=CARTESIAN_POINT('',(2.26999999999989,0.753873053989039,-0.16665));
#4673=SURFACE_STYLE_USAGE(.BOTH.,#7855);
#4674=FACE_OUTER_BOUND('',#7856,.T.);
#4675=CYLINDRICAL_SURFACE('',#7857,0.170335669583282);
#4676=CURVE_STYLE('',#7858,POSITIVE_LENGTH_MEASURE(1.0E-006),#7859);
#4677=LINE('',#7860,#7861);
#4678=CURVE_STYLE('',#7862,POSITIVE_LENGTH_MEASURE(1.0E-006),#7863);
#4679=LINE('',#7864,#7865);
#4680=POINT_STYLE(' ',#7866,POSITIVE_LENGTH_MEASURE(1.0E-006),#7867);
#4681=CARTESIAN_POINT('',(-1.07000000000034,-3.19999999999999,-0.16665));
#4682=CURVE_STYLE('',#7868,POSITIVE_LENGTH_MEASURE(1.0E-006),#7869);
#4683=CIRCLE('',#7870,0.150000000000205);
#4684=SURFACE_STYLE_USAGE(.BOTH.,#7871);
#4685=FACE_OUTER_BOUND('',#7872,.T.);
#4686=PLANE('',#7873);
#4687=POINT_STYLE(' ',#7874,POSITIVE_LENGTH_MEASURE(1.0E-006),#7875);
#4688=CARTESIAN_POINT('',(-4.75899999999993,8.49999999999996,-0.949999999999932));
#4689=CURVE_STYLE('',#7876,POSITIVE_LENGTH_MEASURE(1.0E-006),#7877);
#4690=LINE('',#7878,#7879);
#4691=CURVE_STYLE('',#7880,POSITIVE_LENGTH_MEASURE(1.0E-006),#7881);
#4692=CIRCLE('',#7882,0.150000000000205);
#4693=CURVE_STYLE('',#7883,POSITIVE_LENGTH_MEASURE(1.0E-006),#7884);
#4694=LINE('',#7885,#7886);
#4695=SURFACE_STYLE_USAGE(.BOTH.,#7887);
#4696=FACE_OUTER_BOUND('',#7888,.T.);
#4697=PLANE('',#7889);
#4698=CURVE_STYLE('',#7890,POSITIVE_LENGTH_MEASURE(1.0E-006),#7891);
#4699=LINE('',#7892,#7893);
#4700=CURVE_STYLE('',#7894,POSITIVE_LENGTH_MEASURE(1.0E-006),#7895);
#4701=CIRCLE('',#7896,0.170335669584691);
#4702=SURFACE_STYLE_USAGE(.BOTH.,#7897);
#4703=FACE_OUTER_BOUND('',#7898,.T.);
#4704=PLANE('',#7899);
#4705=CURVE_STYLE('',#7900,POSITIVE_LENGTH_MEASURE(1.0E-006),#7901);
#4706=LINE('',#7902,#7903);
#4707=CURVE_STYLE('',#7904,POSITIVE_LENGTH_MEASURE(1.0E-006),#7905);
#4708=LINE('',#7906,#7907);
#4709=CURVE_STYLE('',#7908,POSITIVE_LENGTH_MEASURE(1.0E-006),#7909);
#4710=LINE('',#7910,#7911);
#4711=POINT_STYLE(' ',#7912,POSITIVE_LENGTH_MEASURE(1.0E-006),#7913);
#4712=CARTESIAN_POINT('',(7.34999999999989,0.150000000000006,0.625000000000114));
#4713=CURVE_STYLE('',#7914,POSITIVE_LENGTH_MEASURE(1.0E-006),#7915);
#4714=LINE('',#7916,#7917);
#4715=POINT_STYLE(' ',#7918,POSITIVE_LENGTH_MEASURE(1.0E-006),#7919);
#4716=CARTESIAN_POINT('',(2.8100000000008,0.0,0.999999999999887));
#4717=CURVE_STYLE('',#7920,POSITIVE_LENGTH_MEASURE(1.0E-006),#7921);
#4718=LINE('',#7922,#7923);
#4719=SURFACE_STYLE_USAGE(.BOTH.,#7924);
#4720=FACE_OUTER_BOUND('',#7925,.T.);
#4721=PLANE('',#7926);
#4722=POINT_STYLE(' ',#7927,POSITIVE_LENGTH_MEASURE(1.0E-006),#7928);
#4723=CARTESIAN_POINT('',(0.270000000000796,1.90282814901086,0.16665));
#4724=SURFACE_STYLE_USAGE(.BOTH.,#7929);
#4725=FACE_OUTER_BOUND('',#7930,.T.);
#4726=PLANE('',#7931);
#4727=CURVE_STYLE('',#7932,POSITIVE_LENGTH_MEASURE(1.0E-006),#7933);
#4728=LINE('',#7934,#7935);
#4729=SURFACE_STYLE_USAGE(.BOTH.,#7936);
#4730=FACE_OUTER_BOUND('',#7937,.T.);
#4731=PLANE('',#7938);
#4732=SURFACE_STYLE_USAGE(.BOTH.,#7939);
#4733=FACE_OUTER_BOUND('',#7940,.T.);
#4734=PLANE('',#7941);
#4735=CURVE_STYLE('',#7942,POSITIVE_LENGTH_MEASURE(1.0E-006),#7943);
#4736=LINE('',#7944,#7945);
#4737=CURVE_STYLE('',#7946,POSITIVE_LENGTH_MEASURE(1.0E-006),#7947);
#4738=LINE('',#7948,#7949);
#4739=SURFACE_STYLE_USAGE(.BOTH.,#7950);
#4740=FACE_OUTER_BOUND('',#7951,.T.);
#4741=PLANE('',#7952);
#4742=POINT_STYLE(' ',#7953,POSITIVE_LENGTH_MEASURE(1.0E-006),#7954);
#4743=CARTESIAN_POINT('',(7.34999999999989,7.65099999999999,0.45000000000016));
#4744=CURVE_STYLE('',#7955,POSITIVE_LENGTH_MEASURE(1.0E-006),#7956);
#4745=LINE('',#7957,#7958);
#4746=POINT_STYLE(' ',#7959,POSITIVE_LENGTH_MEASURE(1.0E-006),#7960);
#4747=CARTESIAN_POINT('',(0.270000000000796,0.0,-0.775000000000091));
#4748=CURVE_STYLE('',#7961,POSITIVE_LENGTH_MEASURE(1.0E-006),#7962);
#4749=LINE('',#7963,#7964);
#4750=CURVE_STYLE('',#7965,POSITIVE_LENGTH_MEASURE(1.0E-006),#7966);
#4751=LINE('',#7967,#7968);
#4752=SURFACE_STYLE_USAGE(.BOTH.,#7969);
#4753=FACE_OUTER_BOUND('',#7970,.T.);
#4754=CYLINDRICAL_SURFACE('',#7971,0.150000000000205);
#4755=SURFACE_STYLE_USAGE(.BOTH.,#7972);
#4756=FACE_OUTER_BOUND('',#7973,.T.);
#4757=PLANE('',#7974);
#4758=POINT_STYLE(' ',#7975,POSITIVE_LENGTH_MEASURE(1.0E-006),#7976);
#4759=CARTESIAN_POINT('',(6.80000000000016,8.00099999999996,-0.450999999999931));
#4760=CURVE_STYLE('',#7977,POSITIVE_LENGTH_MEASURE(1.0E-006),#7978);
#4761=LINE('',#7979,#7980);
#4762=CURVE_STYLE('',#7981,POSITIVE_LENGTH_MEASURE(1.0E-006),#7982);
#4763=LINE('',#7983,#7984);
#4764=POINT_STYLE(' ',#7985,POSITIVE_LENGTH_MEASURE(1.0E-006),#7986);
#4765=CARTESIAN_POINT('',(-6.03,7.57,-0.32));
#4766=SURFACE_STYLE_USAGE(.BOTH.,#7987);
#4767=FACE_OUTER_BOUND('',#7988,.T.);
#4768=CYLINDRICAL_SURFACE('',#7989,0.170335669583282);
#4769=CURVE_STYLE('',#7990,POSITIVE_LENGTH_MEASURE(1.0E-006),#7991);
#4770=LINE('',#7992,#7993);
#4771=CURVE_STYLE('',#7994,POSITIVE_LENGTH_MEASURE(1.0E-006),#7995);
#4772=LINE('',#7996,#7997);
#4773=POINT_STYLE(' ',#7998,POSITIVE_LENGTH_MEASURE(1.0E-006),#7999);
#4774=CARTESIAN_POINT('',(-0.270000000000114,1.90282814901086,0.16665));
#4775=CURVE_STYLE('',#8000,POSITIVE_LENGTH_MEASURE(1.0E-006),#8001);
#4776=LINE('',#8002,#8003);
#4777=CURVE_STYLE('',#8004,POSITIVE_LENGTH_MEASURE(1.0E-006),#8005);
#4778=LINE('',#8006,#8007);
#4779=CURVE_STYLE('',#8008,POSITIVE_LENGTH_MEASURE(1.0E-006),#8009);
#4780=LINE('',#8010,#8011);
#4781=POINT_STYLE(' ',#8012,POSITIVE_LENGTH_MEASURE(1.0E-006),#8013);
#4782=CARTESIAN_POINT('',(-6.67000000000034,0.587206387322199,0.16665));
#4783=CURVE_STYLE('',#8014,POSITIVE_LENGTH_MEASURE(1.0E-006),#8015);
#4784=LINE('',#8016,#8017);
#4785=CURVE_STYLE('',#8018,POSITIVE_LENGTH_MEASURE(1.0E-006),#8019);
#4786=LINE('',#8020,#8021);
#4787=POINT_STYLE(' ',#8022,POSITIVE_LENGTH_MEASURE(1.0E-006),#8023);
#4788=CARTESIAN_POINT('',(-7.745,0.599999999999994,0.625));
#4789=POINT_STYLE(' ',#8024,POSITIVE_LENGTH_MEASURE(1.0E-006),#8025);
#4790=CARTESIAN_POINT('',(-7.3499999999992,0.0,0.999999999999886));
#4791=CURVE_STYLE('',#8026,POSITIVE_LENGTH_MEASURE(1.0E-006),#8027);
#4792=LINE('',#8028,#8029);
#4793=POINT_STYLE(' ',#8030,POSITIVE_LENGTH_MEASURE(1.0E-006),#8031);
#4794=CARTESIAN_POINT('',(7.34999999999989,0.753873053989039,0.16665));
#4795=POINT_STYLE(' ',#8032,POSITIVE_LENGTH_MEASURE(1.0E-006),#8033);
#4796=CARTESIAN_POINT('',(5.34999999999989,7.65099999999999,0.450000000000159));
#4797=CURVE_STYLE('',#8034,POSITIVE_LENGTH_MEASURE(1.0E-006),#8035);
#4798=LINE('',#8036,#8037);
#4799=CURVE_STYLE('',#8038,POSITIVE_LENGTH_MEASURE(1.0E-006),#8039);
#4800=LINE('',#8040,#8041);
#4801=POINT_STYLE(' ',#8042,POSITIVE_LENGTH_MEASURE(1.0E-006),#8043);
#4802=CARTESIAN_POINT('',(4.80999999999989,0.0,-0.775000000000091));
#4803=CURVE_STYLE('',#8044,POSITIVE_LENGTH_MEASURE(1.0E-006),#8045);
#4804=LINE('',#8046,#8047);
#4805=POINT_STYLE(' ',#8048,POSITIVE_LENGTH_MEASURE(1.0E-006),#8049);
#4806=CARTESIAN_POINT('',(6.66999999999966,-2.54999999999999,0.16665));
#4807=CURVE_STYLE('',#8050,POSITIVE_LENGTH_MEASURE(1.0E-006),#8051);
#4808=CIRCLE('',#8052,0.170335669583282);
#4809=POINT_STYLE(' ',#8053,POSITIVE_LENGTH_MEASURE(1.0E-006),#8054);
#4810=CARTESIAN_POINT('',(7.745,0.0,-0.775000000000091));
#4811=POINT_STYLE(' ',#8055,POSITIVE_LENGTH_MEASURE(1.0E-006),#8056);
#4812=CARTESIAN_POINT('',(4.80999999999989,0.150000000000105,-0.625));
#4813=POINT_STYLE(' ',#8057,POSITIVE_LENGTH_MEASURE(1.0E-006),#8058);
#4814=CARTESIAN_POINT('',(-3.61000000000034,-3.19999999999999,0.16665));
#4815=CURVE_STYLE('',#8059,POSITIVE_LENGTH_MEASURE(1.0E-006),#8060);
#4816=LINE('',#8061,#8062);
#4817=SURFACE_STYLE_USAGE(.BOTH.,#8063);
#4818=FACE_OUTER_BOUND('',#8064,.T.);
#4819=PLANE('',#8065);
#4820=CURVE_STYLE('',#8066,POSITIVE_LENGTH_MEASURE(1.0E-006),#8067);
#4821=LINE('',#8068,#8069);
#4822=POINT_STYLE(' ',#8070,POSITIVE_LENGTH_MEASURE(1.0E-006),#8071);
#4823=CARTESIAN_POINT('',(3.32122065727702,0.753873053988883,-0.16665));
#4824=POINT_STYLE(' ',#8072,POSITIVE_LENGTH_MEASURE(1.0E-006),#8073);
#4825=CARTESIAN_POINT('',(4.80999999999989,0.0,-0.999999999999204));
#4826=CURVE_STYLE('',#8074,POSITIVE_LENGTH_MEASURE(1.0E-006),#8075);
#4827=CIRCLE('',#8076,0.170335669583282);
#4828=CURVE_STYLE('',#8077,POSITIVE_LENGTH_MEASURE(1.0E-006),#8078);
#4829=LINE('',#8079,#8080);
#4830=CURVE_STYLE('',#8081,POSITIVE_LENGTH_MEASURE(1.0E-006),#8082);
#4831=LINE('',#8083,#8084);
#4832=CURVE_STYLE('',#8085,POSITIVE_LENGTH_MEASURE(1.0E-006),#8086);
#4833=LINE('',#8087,#8088);
#4834=POINT_STYLE(' ',#8089,POSITIVE_LENGTH_MEASURE(1.0E-006),#8090);
#4835=CARTESIAN_POINT('',(-2.2699999999992,0.599999999999994,0.625));
#4836=POINT_STYLE(' ',#8091,POSITIVE_LENGTH_MEASURE(1.0E-006),#8092);
#4837=CARTESIAN_POINT('',(-6.03000000000034,-2.54999999999999,-0.16665));
#4838=CURVE_STYLE('',#8093,POSITIVE_LENGTH_MEASURE(1.0E-006),#8094);
#4839=CIRCLE('',#8095,0.150000000000205);
#4840=CURVE_STYLE('',#8096,POSITIVE_LENGTH_MEASURE(1.0E-006),#8097);
#4841=LINE('',#8098,#8099);
#4842=POINT_STYLE(' ',#8100,POSITIVE_LENGTH_MEASURE(1.0E-006),#8101);
#4843=CARTESIAN_POINT('',(4.12999999999966,-2.54999999999999,0.16665));
#4844=CURVE_STYLE('',#8102,POSITIVE_LENGTH_MEASURE(1.0E-006),#8103);
#4845=LINE('',#8104,#8105);
#4846=CURVE_STYLE('',#8106,POSITIVE_LENGTH_MEASURE(1.0E-006),#8107);
#4847=LINE('',#8108,#8109);
#4848=POINT_STYLE(' ',#8110,POSITIVE_LENGTH_MEASURE(1.0E-006),#8111);
#4849=CARTESIAN_POINT('',(0.270000000000796,0.599999999999994,0.625));
#4850=POINT_STYLE(' ',#8112,POSITIVE_LENGTH_MEASURE(1.0E-006),#8113);
#4851=CARTESIAN_POINT('',(7.34999999999989,1.90282814901086,-0.166649999999999));
#4852=CURVE_STYLE('',#8114,POSITIVE_LENGTH_MEASURE(1.0E-006),#8115);
#4853=LINE('',#8116,#8117);
#4854=POINT_STYLE(' ',#8118,POSITIVE_LENGTH_MEASURE(1.0E-006),#8119);
#4855=CARTESIAN_POINT('',(1.58999999999966,-2.54999999999999,-0.16665));
#4856=CURVE_STYLE('',#8120,POSITIVE_LENGTH_MEASURE(1.0E-006),#8121);
#4857=LINE('',#8122,#8123);
#4858=CURVE_STYLE('',#8124,POSITIVE_LENGTH_MEASURE(1.0E-006),#8125);
#4859=LINE('',#8126,#8127);
#4860=POINT_STYLE(' ',#8128,POSITIVE_LENGTH_MEASURE(1.0E-006),#8129);
#4861=CARTESIAN_POINT('',(5.90000000000007,7.99999999999996,0.45000000000016));
#4862=POINT_STYLE(' ',#8130,POSITIVE_LENGTH_MEASURE(1.0E-006),#8131);
#4863=CARTESIAN_POINT('',(-7.745,0.0,0.775000000000091));
#4864=CURVE_STYLE('',#8132,POSITIVE_LENGTH_MEASURE(1.0E-006),#8133);
#4865=LINE('',#8134,#8135);
#4866=POINT_STYLE(' ',#8136,POSITIVE_LENGTH_MEASURE(1.0E-006),#8137);
#4867=CARTESIAN_POINT('',(0.321000000000068,8.49999999999996,0.950000000000159));
#4868=POINT_STYLE(' ',#8138,POSITIVE_LENGTH_MEASURE(1.0E-006),#8139);
#4869=CARTESIAN_POINT('',(1.72000000000016,7.99999999999996,0.450000000000159));
#4870=CURVE_STYLE('',#8140,POSITIVE_LENGTH_MEASURE(1.0E-006),#8141);
#4871=LINE('',#8142,#8143);
#4872=CURVE_STYLE('',#8144,POSITIVE_LENGTH_MEASURE(1.0E-006),#8145);
#4873=LINE('',#8146,#8147);
#4874=SURFACE_STYLE_USAGE(.BOTH.,#8148);
#4875=FACE_OUTER_BOUND('',#8149,.T.);
#4876=PLANE('',#8150);
#4877=POINT_STYLE(' ',#8151,POSITIVE_LENGTH_MEASURE(1.0E-006),#8152);
#4878=CARTESIAN_POINT('',(0.820000000000069,7.99999999999996,-0.449999999999932));
#4879=POINT_STYLE(' ',#8153,POSITIVE_LENGTH_MEASURE(1.0E-006),#8154);
#4880=CARTESIAN_POINT('',(3.60999999999966,-3.19999999999999,0.16665));
#4881=POINT_STYLE(' ',#8155,POSITIVE_LENGTH_MEASURE(1.0E-006),#8156);
#4882=CARTESIAN_POINT('',(0.270000000000796,0.0,0.999999999999886));
#4883=CURVE_STYLE('',#8157,POSITIVE_LENGTH_MEASURE(1.0E-006),#8158);
#4884=LINE('',#8159,#8160);
#4885=POINT_STYLE(' ',#8161,POSITIVE_LENGTH_MEASURE(1.0E-006),#8162);
#4886=CARTESIAN_POINT('',(-6.67000000000034,-2.54999999999999,0.16665));
#4887=CURVE_STYLE('',#8163,POSITIVE_LENGTH_MEASURE(1.0E-006),#8164);
#4888=LINE('',#8165,#8166);
#4889=CURVE_STYLE('',#8167,POSITIVE_LENGTH_MEASURE(1.0E-006),#8168);
#4890=LINE('',#8169,#8170);
#4891=POINT_STYLE(' ',#8171,POSITIVE_LENGTH_MEASURE(1.0E-006),#8172);
#4892=CARTESIAN_POINT('',(-7.3499999999992,1.90282814901086,-0.166650000000001));
#4893=POINT_STYLE(' ',#8173,POSITIVE_LENGTH_MEASURE(1.0E-006),#8174);
#4894=CARTESIAN_POINT('',(-1.71999999999993,7.65099999999999,0.450000000000159));
#4895=CURVE_STYLE('',#8175,POSITIVE_LENGTH_MEASURE(1.0E-006),#8176);
#4896=LINE('',#8177,#8178);
#4897=CURVE_STYLE('',#8179,POSITIVE_LENGTH_MEASURE(1.0E-006),#8180);
#4898=LINE('',#8181,#8182);
#4899=POINT_STYLE(' ',#8183,POSITIVE_LENGTH_MEASURE(1.0E-006),#8184);
#4900=CARTESIAN_POINT('',(-7.05,7.65099999999999,0.450000000000159));
#4901=POINT_STYLE(' ',#8185,POSITIVE_LENGTH_MEASURE(1.0E-006),#8186);
#4902=CARTESIAN_POINT('',(-7.35000000000011,7.65099999999999,-0.449999999999932));
#4903=CURVE_STYLE('',#8187,POSITIVE_LENGTH_MEASURE(1.0E-006),#8188);
#4904=LINE('',#8189,#8190);
#4905=CURVE_STYLE('',#8191,POSITIVE_LENGTH_MEASURE(1.0E-006),#8192);
#4906=LINE('',#8193,#8194);
#4907=CURVE_STYLE('',#8195,POSITIVE_LENGTH_MEASURE(1.0E-006),#8196);
#4908=LINE('',#8197,#8198);
#4909=CURVE_STYLE('',#8199,POSITIVE_LENGTH_MEASURE(1.0E-006),#8200);
#4910=LINE('',#8201,#8202);
#4911=POINT_STYLE(' ',#8203,POSITIVE_LENGTH_MEASURE(1.0E-006),#8204);
#4912=CARTESIAN_POINT('',(-6.15000000000034,-3.19999999999999,0.16665));
#4913=POINT_STYLE(' ',#8205,POSITIVE_LENGTH_MEASURE(1.0E-006),#8206);
#4914=CARTESIAN_POINT('',(3.36000000000007,7.65099999999999,0.450000000000159));
#4915=CURVE_STYLE('',#8207,POSITIVE_LENGTH_MEASURE(1.0E-006),#8208);
#4916=LINE('',#8209,#8210);
#4917=SURFACE_STYLE_USAGE(.BOTH.,#8211);
#4918=FACE_OUTER_BOUND('',#8212,.T.);
#4919=PLANE('',#8213);
#4920=CURVE_STYLE('',#8214,POSITIVE_LENGTH_MEASURE(1.0E-006),#8215);
#4921=LINE('',#8216,#8217);
#4922=SURFACE_STYLE_USAGE(.BOTH.,#8218);
#4923=FACE_OUTER_BOUND('',#8219,.T.);
#4924=PLANE('',#8220);
#4925=CURVE_STYLE('',#8221,POSITIVE_LENGTH_MEASURE(1.0E-006),#8222);
#4926=LINE('',#8223,#8224);
#4927=CURVE_STYLE('',#8225,POSITIVE_LENGTH_MEASURE(1.0E-006),#8226);
#4928=CIRCLE('',#8227,0.149999999999778);
#4929=POINT_STYLE(' ',#8228,POSITIVE_LENGTH_MEASURE(1.0E-006),#8229);
#4930=CARTESIAN_POINT('',(-2.2699999999992,7.64999999999999,-0.449999999999932));
#4931=CURVE_STYLE('',#8230,POSITIVE_LENGTH_MEASURE(1.0E-006),#8231);
#4932=LINE('',#8232,#8233);
#4933=SURFACE_STYLE_USAGE(.BOTH.,#8234);
#4934=FACE_OUTER_BOUND('',#8235,.T.);
#4935=PLANE('',#8236);
#4936=SURFACE_STYLE_USAGE(.BOTH.,#8237);
#4937=FACE_OUTER_BOUND('',#8238,.T.);
#4938=CYLINDRICAL_SURFACE('',#8239,0.170335669583282);
#4939=CURVE_STYLE('',#8240,POSITIVE_LENGTH_MEASURE(1.0E-006),#8241);
#4940=LINE('',#8242,#8243);
#4941=CURVE_STYLE('',#8244,POSITIVE_LENGTH_MEASURE(1.0E-006),#8245);
#4942=LINE('',#8246,#8247);
#4943=CURVE_STYLE('',#8248,POSITIVE_LENGTH_MEASURE(1.0E-006),#8249);
#4944=LINE('',#8250,#8251);
#4945=POINT_STYLE(' ',#8252,POSITIVE_LENGTH_MEASURE(1.0E-006),#8253);
#4946=CARTESIAN_POINT('',(2.8100000000008,0.753873053988997,-0.16665));
#4947=POINT_STYLE(' ',#8254,POSITIVE_LENGTH_MEASURE(1.0E-006),#8255);
#4948=CARTESIAN_POINT('',(-2.81000000000011,0.753873053989039,-0.16665));
#4949=CURVE_STYLE('',#8256,POSITIVE_LENGTH_MEASURE(1.0E-006),#8257);
#4950=LINE('',#8258,#8259);
#4951=CURVE_STYLE('',#8260,POSITIVE_LENGTH_MEASURE(1.0E-006),#8261);
#4952=LINE('',#8262,#8263);
#4953=CURVE_STYLE('',#8264,POSITIVE_LENGTH_MEASURE(1.0E-006),#8265);
#4954=LINE('',#8266,#8267);
#4955=CURVE_STYLE('',#8268,POSITIVE_LENGTH_MEASURE(1.0E-006),#8269);
#4956=LINE('',#8270,#8271);
#4957=POINT_STYLE(' ',#8272,POSITIVE_LENGTH_MEASURE(1.0E-006),#8273);
#4958=CARTESIAN_POINT('',(2.26999999999989,1.90282814901086,-0.16665));
#4959=CURVE_STYLE('',#8274,POSITIVE_LENGTH_MEASURE(1.0E-006),#8275);
#4960=LINE('',#8276,#8277);
#4961=CURVE_STYLE('',#8278,POSITIVE_LENGTH_MEASURE(1.0E-006),#8279);
#4962=LINE('',#8280,#8281);
#4963=POINT_STYLE(' ',#8282,POSITIVE_LENGTH_MEASURE(1.0E-006),#8283);
#4964=CARTESIAN_POINT('',(4.80999999999989,0.599999999999994,0.625));
#4965=CURVE_STYLE('',#8284,POSITIVE_LENGTH_MEASURE(1.0E-006),#8285);
#4966=LINE('',#8286,#8287);
#4967=CURVE_STYLE('',#8288,POSITIVE_LENGTH_MEASURE(1.0E-006),#8289);
#4968=LINE('',#8290,#8291);
#4969=CURVE_STYLE('',#8292,POSITIVE_LENGTH_MEASURE(1.0E-006),#8293);
#4970=CIRCLE('',#8294,0.150000000000205);
#4971=CURVE_STYLE('',#8295,POSITIVE_LENGTH_MEASURE(1.0E-006),#8296);
#4972=LINE('',#8297,#8298);
#4973=CURVE_STYLE('',#8299,POSITIVE_LENGTH_MEASURE(1.0E-006),#8300);
#4974=LINE('',#8301,#8302);
#4975=POINT_STYLE(' ',#8303,POSITIVE_LENGTH_MEASURE(1.0E-006),#8304);
#4976=CARTESIAN_POINT('',(-6.79999999999993,7.99999999999996,-0.449999999999932));
#4977=SURFACE_STYLE_USAGE(.BOTH.,#8305);
#4978=FACE_OUTER_BOUND('',#8306,.T.);
#4979=PLANE('',#8307);
#4980=CURVE_STYLE('',#8308,POSITIVE_LENGTH_MEASURE(1.0E-006),#8309);
#4981=LINE('',#8310,#8311);
#4982=CURVE_STYLE('',#8312,POSITIVE_LENGTH_MEASURE(1.0E-006),#8313);
#4983=CIRCLE('',#8314,0.170335669583282);
#4984=POINT_STYLE(' ',#8315,POSITIVE_LENGTH_MEASURE(1.0E-006),#8316);
#4985=CARTESIAN_POINT('',(-6.03000000000034,-2.54999999999999,0.16665));
#4986=CURVE_STYLE('',#8317,POSITIVE_LENGTH_MEASURE(1.0E-006),#8318);
#4987=LINE('',#8319,#8320);
#4988=CURVE_STYLE('',#8321,POSITIVE_LENGTH_MEASURE(1.0E-006),#8322);
#4989=CIRCLE('',#8323,0.150000000000205);
#4990=POINT_STYLE(' ',#8324,POSITIVE_LENGTH_MEASURE(1.0E-006),#8325);
#4991=CARTESIAN_POINT('',(-5.89999999999984,8.00099999999996,0.451000000000158));
#4992=CURVE_STYLE('',#8326,POSITIVE_LENGTH_MEASURE(1.0E-006),#8327);
#4993=LINE('',#8328,#8329);
#4994=SURFACE_STYLE_USAGE(.BOTH.,#8330);
#4995=FACE_OUTER_BOUND('',#8331,.T.);
#4996=PLANE('',#8332);
#4997=SURFACE_STYLE_USAGE(.BOTH.,#8333);
#4998=FACE_OUTER_BOUND('',#8334,.T.);
#4999=PLANE('',#8335);
#5000=CURVE_STYLE('',#8336,POSITIVE_LENGTH_MEASURE(1.0E-006),#8337);
#5001=LINE('',#8338,#8339);
#5002=CURVE_STYLE('',#8340,POSITIVE_LENGTH_MEASURE(1.0E-006),#8341);
#5003=LINE('',#8342,#8343);
#5004=CURVE_STYLE('',#8344,POSITIVE_LENGTH_MEASURE(1.0E-006),#8345);
#5005=LINE('',#8346,#8347);
#5006=CURVE_STYLE('',#8348,POSITIVE_LENGTH_MEASURE(1.0E-006),#8349);
#5007=LINE('',#8350,#8351);
#5008=CURVE_STYLE('',#8352,POSITIVE_LENGTH_MEASURE(1.0E-006),#8353);
#5009=CIRCLE('',#8354,0.170335669584691);
#5010=POINT_STYLE(' ',#8355,POSITIVE_LENGTH_MEASURE(1.0E-006),#8356);
#5011=CARTESIAN_POINT('',(-4.8099999999992,0.150000000000006,0.625000000000113));
#5012=CURVE_STYLE('',#8357,POSITIVE_LENGTH_MEASURE(1.0E-006),#8358);
#5013=LINE('',#8359,#8360);
#5014=CURVE_STYLE('',#8361,POSITIVE_LENGTH_MEASURE(1.0E-006),#8362);
#5015=LINE('',#8363,#8364);
#5016=POINT_STYLE(' ',#8365,POSITIVE_LENGTH_MEASURE(1.0E-006),#8366);
#5017=CARTESIAN_POINT('',(-4.25999999999993,8.00099999999996,0.451000000000158));
#5018=CURVE_STYLE('',#8367,POSITIVE_LENGTH_MEASURE(1.0E-006),#8368);
#5019=LINE('',#8369,#8370);
#5020=POINT_STYLE(' ',#8371,POSITIVE_LENGTH_MEASURE(1.0E-006),#8372);
#5021=CARTESIAN_POINT('',(-0.270000000000114,0.753873053989039,0.16665));
#5022=POINT_STYLE(' ',#8373,POSITIVE_LENGTH_MEASURE(1.0E-006),#8374);
#5023=CARTESIAN_POINT('',(1.75877934272298,0.753873053989039,-0.16665));
#5024=POINT_STYLE(' ',#8375,POSITIVE_LENGTH_MEASURE(1.0E-006),#8376);
#5025=CARTESIAN_POINT('',(-7.05,7.64999999999999,0.450000000000159));
#5026=POINT_STYLE(' ',#8377,POSITIVE_LENGTH_MEASURE(1.0E-006),#8378);
#5027=CARTESIAN_POINT('',(2.26999999999989,0.150000000000006,0.625000000000114));
#5028=POINT_STYLE(' ',#8379,POSITIVE_LENGTH_MEASURE(1.0E-006),#8380);
#5029=CARTESIAN_POINT('',(3.32122065727702,0.753873053988883,0.16665));
#5030=CURVE_STYLE('',#8381,POSITIVE_LENGTH_MEASURE(1.0E-006),#8382);
#5031=LINE('',#8383,#8384);
#5032=POINT_STYLE(' ',#8385,POSITIVE_LENGTH_MEASURE(1.0E-006),#8386);
#5033=CARTESIAN_POINT('',(5.35000000000079,0.0,-0.999999999999204));
#5034=POINT_STYLE(' ',#8387,POSITIVE_LENGTH_MEASURE(1.0E-006),#8388);
#5035=CARTESIAN_POINT('',(7.34999999999989,7.64999999999999,0.45000000000016));
#5036=POINT_STYLE(' ',#8389,POSITIVE_LENGTH_MEASURE(1.0E-006),#8390);
#5037=CARTESIAN_POINT('',(5.90000000000007,7.99999999999996,-0.449999999999931));
#5038=POINT_STYLE(' ',#8391,POSITIVE_LENGTH_MEASURE(1.0E-006),#8392);
#5039=CARTESIAN_POINT('',(2.26999999999989,0.599999999999994,-0.625));
#5040=CURVE_STYLE('',#8393,POSITIVE_LENGTH_MEASURE(1.0E-006),#8394);
#5041=LINE('',#8395,#8396);
#5042=POINT_STYLE(' ',#8397,POSITIVE_LENGTH_MEASURE(1.0E-006),#8398);
#5043=CARTESIAN_POINT('',(-2.27000000000011,7.65099999999999,-0.449999999999932));
#5044=CURVE_STYLE('',#8399,POSITIVE_LENGTH_MEASURE(1.0E-006),#8400);
#5045=LINE('',#8401,#8402);
#5046=CURVE_STYLE('',#8403,POSITIVE_LENGTH_MEASURE(1.0E-006),#8404);
#5047=LINE('',#8405,#8406);
#5048=SURFACE_STYLE_USAGE(.BOTH.,#8407);
#5049=FACE_OUTER_BOUND('',#8408,.T.);
#5050=PLANE('',#8409);
#5051=POINT_STYLE(' ',#8410,POSITIVE_LENGTH_MEASURE(1.0E-006),#8411);
#5052=CARTESIAN_POINT('',(-2.81000000000011,0.0,0.775000000000091));
#5053=CURVE_STYLE('',#8412,POSITIVE_LENGTH_MEASURE(1.0E-006),#8413);
#5054=LINE('',#8414,#8415);
#5055=CURVE_STYLE('',#8416,POSITIVE_LENGTH_MEASURE(1.0E-006),#8417);
#5056=LINE('',#8418,#8419);
#5057=POINT_STYLE(' ',#8420,POSITIVE_LENGTH_MEASURE(1.0E-006),#8421);
#5058=CARTESIAN_POINT('',(1.72000000000016,7.65099999999999,0.450000000000159));
#5059=CURVE_STYLE('',#8422,POSITIVE_LENGTH_MEASURE(1.0E-006),#8423);
#5060=LINE('',#8424,#8425);
#5061=POINT_STYLE(' ',#8426,POSITIVE_LENGTH_MEASURE(1.0E-006),#8427);
#5062=CARTESIAN_POINT('',(-4.25999999999993,7.65099999999999,-0.449999999999932));
#5063=SURFACE_STYLE_USAGE(.BOTH.,#8428);
#5064=FACE_OUTER_BOUND('',#8429,.T.);
#5065=PLANE('',#8430);
#5066=POINT_STYLE(' ',#8431,POSITIVE_LENGTH_MEASURE(1.0E-006),#8432);
#5067=CARTESIAN_POINT('',(-3.49000000000034,-2.54999999999999,-0.16665));
#5068=CURVE_STYLE('',#8433,POSITIVE_LENGTH_MEASURE(1.0E-006),#8434);
#5069=LINE('',#8435,#8436);
#5070=POINT_STYLE(' ',#8437,POSITIVE_LENGTH_MEASURE(1.0E-006),#8438);
#5071=CARTESIAN_POINT('',(4.80999999999989,7.64999999999999,0.999999999999887));
#5072=CURVE_STYLE('',#8439,POSITIVE_LENGTH_MEASURE(1.0E-006),#8440);
#5073=LINE('',#8441,#8442);
#5074=CURVE_STYLE('',#8443,POSITIVE_LENGTH_MEASURE(1.0E-006),#8444);
#5075=LINE('',#8445,#8446);
#5076=CURVE_STYLE('',#8447,POSITIVE_LENGTH_MEASURE(1.0E-006),#8448);
#5077=LINE('',#8449,#8450);
#5078=CURVE_STYLE('',#8451,POSITIVE_LENGTH_MEASURE(1.0E-006),#8452);
#5079=LINE('',#8453,#8454);
#5080=CURVE_STYLE('',#8455,POSITIVE_LENGTH_MEASURE(1.0E-006),#8456);
#5081=LINE('',#8457,#8458);
#5082=CURVE_STYLE('',#8459,POSITIVE_LENGTH_MEASURE(1.0E-006),#8460);
#5083=LINE('',#8461,#8462);
#5084=CURVE_STYLE('',#8463,POSITIVE_LENGTH_MEASURE(1.0E-006),#8464);
#5085=LINE('',#8465,#8466);
#5086=POINT_STYLE(' ',#8467,POSITIVE_LENGTH_MEASURE(1.0E-006),#8468);
#5087=CARTESIAN_POINT('',(5.35000000000079,0.0,-0.775000000000091));
#5088=CURVE_STYLE('',#8469,POSITIVE_LENGTH_MEASURE(1.0E-006),#8470);
#5089=LINE('',#8471,#8472);
#5090=POINT_STYLE(' ',#8473,POSITIVE_LENGTH_MEASURE(1.0E-006),#8474);
#5091=CARTESIAN_POINT('',(-6.03,7.68,-0.32));
#5092=CURVE_STYLE('',#8475,POSITIVE_LENGTH_MEASURE(1.0E-006),#8476);
#5093=LINE('',#8477,#8478);
#5094=CURVE_STYLE('',#8479,POSITIVE_LENGTH_MEASURE(1.0E-006),#8480);
#5095=LINE('',#8481,#8482);
#5096=CURVE_STYLE('',#8483,POSITIVE_LENGTH_MEASURE(1.0E-006),#8484);
#5097=LINE('',#8485,#8486);
#5098=CURVE_STYLE('',#8487,POSITIVE_LENGTH_MEASURE(1.0E-006),#8488);
#5099=LINE('',#8489,#8490);
#5100=POINT_STYLE(' ',#8491,POSITIVE_LENGTH_MEASURE(1.0E-006),#8492);
#5101=CARTESIAN_POINT('',(-2.2699999999992,0.753873053988997,-0.16665));
#5102=SURFACE_STYLE_USAGE(.BOTH.,#8493);
#5103=FACE_OUTER_BOUND('',#8494,.T.);
#5104=PLANE('',#8495);
#5105=POINT_STYLE(' ',#8496,POSITIVE_LENGTH_MEASURE(1.0E-006),#8497);
#5106=CARTESIAN_POINT('',(-0.270000000000114,7.64999999999999,0.999999999999886));
#5107=CURVE_STYLE('',#8498,POSITIVE_LENGTH_MEASURE(1.0E-006),#8499);
#5108=LINE('',#8500,#8501);
#5109=SURFACE_STYLE_USAGE(.BOTH.,#8502);
#5110=FACE_OUTER_BOUND('',#8503,.T.);
#5111=PLANE('',#8504);
#5112=SURFACE_STYLE_USAGE(.BOTH.,#8505);
#5113=FACE_OUTER_BOUND('',#8506,.T.);
#5114=PLANE('',#8507);
#5115=POINT_STYLE(' ',#8508,POSITIVE_LENGTH_MEASURE(1.0E-006),#8509);
#5116=CARTESIAN_POINT('',(-2.81000000000011,0.150000000000105,-0.625));
#5117=POINT_STYLE(' ',#8510,POSITIVE_LENGTH_MEASURE(1.0E-006),#8511);
#5118=CARTESIAN_POINT('',(-5.35000000000011,0.150000000000105,-0.625));
#5119=POINT_STYLE(' ',#8512,POSITIVE_LENGTH_MEASURE(1.0E-006),#8513);
#5120=CARTESIAN_POINT('',(6.02999999999966,-2.54999999999999,0.16665));
#5121=POINT_STYLE(' ',#8514,POSITIVE_LENGTH_MEASURE(1.0E-006),#8515);
#5122=CARTESIAN_POINT('',(0.270000000000796,0.753873053988997,-0.16665));
#5123=POINT_STYLE(' ',#8516,POSITIVE_LENGTH_MEASURE(1.0E-006),#8517);
#5124=CARTESIAN_POINT('',(7.34999999999989,0.753873053989039,-0.166649999999999));
#5125=POINT_STYLE(' ',#8518,POSITIVE_LENGTH_MEASURE(1.0E-006),#8519);
#5126=CARTESIAN_POINT('',(2.86100000000007,8.49999999999996,0.950000000000159));
#5127=POINT_STYLE(' ',#8520,POSITIVE_LENGTH_MEASURE(1.0E-006),#8521);
#5128=CARTESIAN_POINT('',(-6.15000000000034,-3.19999999999999,-0.16665));
#5129=POINT_STYLE(' ',#8522,POSITIVE_LENGTH_MEASURE(1.0E-006),#8523);
#5130=CARTESIAN_POINT('',(7.745,0.599999999999994,0.625));
#5131=CURVE_STYLE('',#8524,POSITIVE_LENGTH_MEASURE(1.0E-006),#8525);
#5132=LINE('',#8526,#8527);
#5133=CURVE_STYLE('',#8528,POSITIVE_LENGTH_MEASURE(1.0E-006),#8529);
#5134=LINE('',#8530,#8531);
#5135=CURVE_STYLE('',#8532,POSITIVE_LENGTH_MEASURE(1.0E-006),#8533);
#5136=LINE('',#8534,#8535);
#5137=CURVE_STYLE('',#8536,POSITIVE_LENGTH_MEASURE(1.0E-006),#8537);
#5138=LINE('',#8538,#8539);
#5139=POINT_STYLE(' ',#8540,POSITIVE_LENGTH_MEASURE(1.0E-006),#8541);
#5140=CARTESIAN_POINT('',(5.90000000000007,7.65099999999999,-0.449999999999931));
#5141=POINT_STYLE(' ',#8542,POSITIVE_LENGTH_MEASURE(1.0E-006),#8543);
#5142=CARTESIAN_POINT('',(1.72000000000016,8.00099999999996,-0.450999999999931));
#5143=POINT_STYLE(' ',#8544,POSITIVE_LENGTH_MEASURE(1.0E-006),#8545);
#5144=CARTESIAN_POINT('',(-0.81999999999984,7.99999999999996,-0.449999999999932));
#5145=POINT_STYLE(' ',#8546,POSITIVE_LENGTH_MEASURE(1.0E-006),#8547);
#5146=CARTESIAN_POINT('',(-7.745,0.599999999999994,-0.625));
#5147=SURFACE_STYLE_USAGE(.BOTH.,#8548);
#5148=FACE_OUTER_BOUND('',#8549,.T.);
#5149=PLANE('',#8550);
#5150=CURVE_STYLE('',#8551,POSITIVE_LENGTH_MEASURE(1.0E-006),#8552);
#5151=LINE('',#8553,#8554);
#5152=POINT_STYLE(' ',#8555,POSITIVE_LENGTH_MEASURE(1.0E-006),#8556);
#5153=CARTESIAN_POINT('',(-2.81000000000011,7.64999999999999,-1.00000000000011));
#5154=CURVE_STYLE('',#8557,POSITIVE_LENGTH_MEASURE(1.0E-006),#8558);
#5155=LINE('',#8559,#8560);
#5156=POINT_STYLE(' ',#8561,POSITIVE_LENGTH_MEASURE(1.0E-006),#8562);
#5157=CARTESIAN_POINT('',(0.269999999999887,7.65099999999999,-0.449999999999932));
#5158=POINT_STYLE(' ',#8563,POSITIVE_LENGTH_MEASURE(1.0E-006),#8564);
#5159=CARTESIAN_POINT('',(5.35000000000079,0.0,0.775000000000091));
#5160=CURVE_STYLE('',#8565,POSITIVE_LENGTH_MEASURE(1.0E-006),#8566);
#5161=LINE('',#8567,#8568);
#5162=SURFACE_STYLE_USAGE(.BOTH.,#8569);
#5163=FACE_OUTER_BOUND('',#8570,.T.);
#5164=PLANE('',#8571);
#5165=POINT_STYLE(' ',#8572,POSITIVE_LENGTH_MEASURE(1.0E-006),#8573);
#5166=CARTESIAN_POINT('',(-4.81000000000011,7.65099999999999,-0.449999999999932));
#5167=SURFACE_STYLE_USAGE(.BOTH.,#8574);
#5168=FACE_OUTER_BOUND('',#8575,.T.);
#5169=PLANE('',#8576);
#5170=POINT_STYLE(' ',#8577,POSITIVE_LENGTH_MEASURE(1.0E-006),#8578);
#5171=CARTESIAN_POINT('',(7.34999999999989,1.90282814901086,0.166650000000001));
#5172=SURFACE_STYLE_USAGE(.BOTH.,#8579);
#5173=FACE_OUTER_BOUND('',#8580,.T.);
#5174=PLANE('',#8581);
#5175=SURFACE_STYLE_USAGE(.BOTH.,#8582);
#5176=FACE_OUTER_BOUND('',#8583,.T.);
#5177=PLANE('',#8584);
#5178=CURVE_STYLE('',#8585,POSITIVE_LENGTH_MEASURE(1.0E-006),#8586);
#5179=LINE('',#8587,#8588);
#5180=CURVE_STYLE('',#8589,POSITIVE_LENGTH_MEASURE(1.0E-006),#8590);
#5181=LINE('',#8591,#8592);
#5182=SURFACE_STYLE_USAGE(.BOTH.,#8593);
#5183=FACE_OUTER_BOUND('',#8594,.T.);
#5184=PLANE('',#8595);
#5185=CURVE_STYLE('',#8596,POSITIVE_LENGTH_MEASURE(1.0E-006),#8597);
#5186=LINE('',#8598,#8599);
#5187=CURVE_STYLE('',#8600,POSITIVE_LENGTH_MEASURE(1.0E-006),#8601);
#5188=LINE('',#8602,#8603);
#5189=POINT_STYLE(' ',#8604,POSITIVE_LENGTH_MEASURE(1.0E-006),#8605);
#5190=CARTESIAN_POINT('',(0.781220657277022,0.753873053988883,-0.16665));
#5191=CURVE_STYLE('',#8606,POSITIVE_LENGTH_MEASURE(1.0E-006),#8607);
#5192=LINE('',#8608,#8609);
#5193=POINT_STYLE(' ',#8610,POSITIVE_LENGTH_MEASURE(1.0E-006),#8611);
#5194=CARTESIAN_POINT('',(0.270000000000796,0.599999999999994,-0.625));
#5195=CURVE_STYLE('',#8612,POSITIVE_LENGTH_MEASURE(1.0E-006),#8613);
#5196=LINE('',#8614,#8615);
#5197=POINT_STYLE(' ',#8616,POSITIVE_LENGTH_MEASURE(1.0E-006),#8617);
#5198=CARTESIAN_POINT('',(-4.8099999999992,0.0,-0.775000000000091));
#5199=SURFACE_STYLE_USAGE(.BOTH.,#8618);
#5200=FACE_OUTER_BOUND('',#8619,.T.);
#5201=PLANE('',#8620);
#5202=CURVE_STYLE('',#8621,POSITIVE_LENGTH_MEASURE(1.0E-006),#8622);
#5203=LINE('',#8623,#8624);
#5204=POINT_STYLE(' ',#8625,POSITIVE_LENGTH_MEASURE(1.0E-006),#8626);
#5205=CARTESIAN_POINT('',(1.58999999999966,-2.54999999999999,0.16665));
#5206=POINT_STYLE(' ',#8627,POSITIVE_LENGTH_MEASURE(1.0E-006),#8628);
#5207=CARTESIAN_POINT('',(-7.3499999999992,0.150000000000105,-0.625));
#5208=POINT_STYLE(' ',#8629,POSITIVE_LENGTH_MEASURE(1.0E-006),#8630);
#5209=CARTESIAN_POINT('',(1.72000000000016,8.00099999999996,0.451000000000159));
#5210=POINT_STYLE(' ',#8631,POSITIVE_LENGTH_MEASURE(1.0E-006),#8632);
#5211=CARTESIAN_POINT('',(1.46999999999966,-3.19999999999999,-0.16665));
#5212=POINT_STYLE(' ',#8633,POSITIVE_LENGTH_MEASURE(1.0E-006),#8634);
#5213=CARTESIAN_POINT('',(7.745,8.49999999999997,1.25));
#5214=CURVE_STYLE('',#8635,POSITIVE_LENGTH_MEASURE(1.0E-006),#8636);
#5215=LINE('',#8637,#8638);
#5216=CURVE_STYLE('',#8639,POSITIVE_LENGTH_MEASURE(1.0E-006),#8640);
#5217=LINE('',#8641,#8642);
#5218=POINT_STYLE(' ',#8643,POSITIVE_LENGTH_MEASURE(1.0E-006),#8644);
#5219=CARTESIAN_POINT('',(-3.35999999999984,7.99999999999996,-0.449999999999932));
#5220=CURVE_STYLE('',#8645,POSITIVE_LENGTH_MEASURE(1.0E-006),#8646);
#5221=LINE('',#8647,#8648);
#5222=POINT_STYLE(' ',#8649,POSITIVE_LENGTH_MEASURE(1.0E-006),#8650);
#5223=CARTESIAN_POINT('',(7.34999999999989,0.0,-0.775000000000091));
#5224=CURVE_STYLE('',#8651,POSITIVE_LENGTH_MEASURE(1.0E-006),#8652);
#5225=LINE('',#8653,#8654);
#5226=POINT_STYLE(' ',#8655,POSITIVE_LENGTH_MEASURE(1.0E-006),#8656);
#5227=CARTESIAN_POINT('',(0.781220657277022,0.753873053988883,0.16665));
#5228=CURVE_STYLE('',#8657,POSITIVE_LENGTH_MEASURE(1.0E-006),#8658);
#5229=LINE('',#8659,#8660);
#5230=SURFACE_STYLE_USAGE(.BOTH.,#8661);
#5231=FACE_OUTER_BOUND('',#8662,.T.);
#5232=CYLINDRICAL_SURFACE('',#8663,0.149999999999778);
#5233=SURFACE_STYLE_USAGE(.BOTH.,#8664);
#5234=FACE_OUTER_BOUND('',#8665,.T.);
#5235=CYLINDRICAL_SURFACE('',#8666,0.149999999999778);
#5236=POINT_STYLE(' ',#8667,POSITIVE_LENGTH_MEASURE(1.0E-006),#8668);
#5237=CARTESIAN_POINT('',(-0.819999999999841,8.00099999999996,0.451000000000159));
#5238=POINT_STYLE(' ',#8669,POSITIVE_LENGTH_MEASURE(1.0E-006),#8670);
#5239=CARTESIAN_POINT('',(-2.81000000000011,0.599999999999994,0.625));
#5240=POINT_STYLE(' ',#8671,POSITIVE_LENGTH_MEASURE(1.0E-006),#8672);
#5241=CARTESIAN_POINT('',(-4.25999999999993,8.00099999999996,-0.450999999999931));
#5242=CURVE_STYLE('',#8673,POSITIVE_LENGTH_MEASURE(1.0E-006),#8674);
#5243=LINE('',#8675,#8676);
#5244=POINT_STYLE(' ',#8677,POSITIVE_LENGTH_MEASURE(1.0E-006),#8678);
#5245=CARTESIAN_POINT('',(0.820000000000069,8.00099999999996,0.451000000000159));
#5246=CURVE_STYLE('',#8679,POSITIVE_LENGTH_MEASURE(1.0E-006),#8680);
#5247=LINE('',#8681,#8682);
#5248=CURVE_STYLE('',#8683,POSITIVE_LENGTH_MEASURE(1.0E-006),#8684);
#5249=LINE('',#8685,#8686);
#5250=SURFACE_STYLE_USAGE(.BOTH.,#8687);
#5251=FACE_OUTER_BOUND('',#8688,.T.);
#5252=PLANE('',#8689);
#5253=CURVE_STYLE('',#8690,POSITIVE_LENGTH_MEASURE(1.0E-006),#8691);
#5254=LINE('',#8692,#8693);
#5255=CURVE_STYLE('',#8694,POSITIVE_LENGTH_MEASURE(1.0E-006),#8695);
#5256=LINE('',#8696,#8697);
#5257=CURVE_STYLE('',#8698,POSITIVE_LENGTH_MEASURE(1.0E-006),#8699);
#5258=LINE('',#8700,#8701);
#5259=SURFACE_STYLE_USAGE(.BOTH.,#8702);
#5260=FACE_OUTER_BOUND('',#8703,.T.);
#5261=PLANE('',#8704);
#5262=SURFACE_STYLE_USAGE(.BOTH.,#8705);
#5263=FACE_OUTER_BOUND('',#8706,.T.);
#5264=PLANE('',#8707);
#5265=POINT_STYLE(' ',#8708,POSITIVE_LENGTH_MEASURE(1.0E-006),#8709);
#5266=CARTESIAN_POINT('',(-6.79999999999993,7.68,-0.449999999999932));
#5267=SURFACE_STYLE_USAGE(.BOTH.,#8710);
#5268=FACE_OUTER_BOUND('',#8711,.T.);
#5269=PLANE('',#8712);
#5270=SURFACE_STYLE_USAGE(.BOTH.,#8713);
#5271=FACE_OUTER_BOUND('',#8714,.T.);
#5272=PLANE('',#8715);
#5273=CURVE_STYLE('',#8716,POSITIVE_LENGTH_MEASURE(1.0E-006),#8717);
#5274=LINE('',#8718,#8719);
#5275=SURFACE_STYLE_USAGE(.BOTH.,#8720);
#5276=FACE_OUTER_BOUND('',#8721,.T.);
#5277=PLANE('',#8722);
#5278=CURVE_STYLE('',#8723,POSITIVE_LENGTH_MEASURE(1.0E-006),#8724);
#5279=LINE('',#8725,#8726);
#5280=CURVE_STYLE('',#8727,POSITIVE_LENGTH_MEASURE(1.0E-006),#8728);
#5281=LINE('',#8729,#8730);
#5282=POINT_STYLE(' ',#8731,POSITIVE_LENGTH_MEASURE(1.0E-006),#8732);
#5283=CARTESIAN_POINT('',(7.34999999999989,7.64999999999999,-1.00000000000011));
#5284=CURVE_STYLE('',#8733,POSITIVE_LENGTH_MEASURE(1.0E-006),#8734);
#5285=LINE('',#8735,#8736);
#5286=CURVE_STYLE('',#8737,POSITIVE_LENGTH_MEASURE(1.0E-006),#8738);
#5287=LINE('',#8739,#8740);
#5288=CURVE_STYLE('',#8741,POSITIVE_LENGTH_MEASURE(1.0E-006),#8742);
#5289=LINE('',#8743,#8744);
#5290=CURVE_STYLE('',#8745,POSITIVE_LENGTH_MEASURE(1.0E-006),#8746);
#5291=LINE('',#8747,#8748);
#5292=CURVE_STYLE('',#8749,POSITIVE_LENGTH_MEASURE(1.0E-006),#8750);
#5293=LINE('',#8751,#8752);
#5294=POINT_STYLE(' ',#8753,POSITIVE_LENGTH_MEASURE(1.0E-006),#8754);
#5295=CARTESIAN_POINT('',(2.26999999999989,7.64999999999999,-0.449999999999932));
#5296=POINT_STYLE(' ',#8755,POSITIVE_LENGTH_MEASURE(1.0E-006),#8756);
#5297=CARTESIAN_POINT('',(-7.05,7.64999999999999,0.7));
#5298=POINT_STYLE(' ',#8757,POSITIVE_LENGTH_MEASURE(1.0E-006),#8758);
#5299=CARTESIAN_POINT('',(-7.05,7.57,-0.7));
#5300=CURVE_STYLE('',#8759,POSITIVE_LENGTH_MEASURE(1.0E-006),#8760);
#5301=LINE('',#8761,#8762);
#5302=CURVE_STYLE('',#8763,POSITIVE_LENGTH_MEASURE(1.0E-006),#8764);
#5303=LINE('',#8765,#8766);
#5304=POINT_STYLE(' ',#8767,POSITIVE_LENGTH_MEASURE(1.0E-006),#8768);
#5305=CARTESIAN_POINT('',(4.26000000000016,7.99999999999996,0.450000000000159));
#5306=POINT_STYLE(' ',#8769,POSITIVE_LENGTH_MEASURE(1.0E-006),#8770);
#5307=CARTESIAN_POINT('',(-2.2699999999992,0.753873053988997,0.16665));
#5308=POINT_STYLE(' ',#8771,POSITIVE_LENGTH_MEASURE(1.0E-006),#8772);
#5309=CARTESIAN_POINT('',(-4.13000000000034,0.587206387322199,0.16665));
#5310=POINT_STYLE(' ',#8773,POSITIVE_LENGTH_MEASURE(1.0E-006),#8774);
#5311=CARTESIAN_POINT('',(-7.3499999999992,0.753873053988997,-0.166650000000001));
#5312=CURVE_STYLE('',#8775,POSITIVE_LENGTH_MEASURE(1.0E-006),#8776);
#5313=LINE('',#8777,#8778);
#5314=POINT_STYLE(' ',#8779,POSITIVE_LENGTH_MEASURE(1.0E-006),#8780);
#5315=CARTESIAN_POINT('',(0.270000000000796,7.64999999999999,0.450000000000159));
#5316=CURVE_STYLE('',#8781,POSITIVE_LENGTH_MEASURE(1.0E-006),#8782);
#5317=LINE('',#8783,#8784);
#5318=POINT_STYLE(' ',#8785,POSITIVE_LENGTH_MEASURE(1.0E-006),#8786);
#5319=CARTESIAN_POINT('',(5.35000000000079,0.0,0.999999999999887));
#5320=POINT_STYLE(' ',#8787,POSITIVE_LENGTH_MEASURE(1.0E-006),#8788);
#5321=CARTESIAN_POINT('',(2.21900000000016,8.49999999999996,-0.949999999999932));
#5322=SURFACE_STYLE_USAGE(.BOTH.,#8789);
#5323=FACE_OUTER_BOUND('',#8790,.T.);
#5324=PLANE('',#8791);
#5325=CURVE_STYLE('',#8792,POSITIVE_LENGTH_MEASURE(1.0E-006),#8793);
#5326=LINE('',#8794,#8795);
#5327=POINT_STYLE(' ',#8796,POSITIVE_LENGTH_MEASURE(1.0E-006),#8797);
#5328=CARTESIAN_POINT('',(-0.819999999999841,8.00099999999996,-0.450999999999931));
#5329=CURVE_STYLE('',#8798,POSITIVE_LENGTH_MEASURE(1.0E-006),#8799);
#5330=LINE('',#8800,#8801);
#5331=CURVE_STYLE('',#8802,POSITIVE_LENGTH_MEASURE(1.0E-006),#8803);
#5332=LINE('',#8804,#8805);
#5333=POINT_STYLE(' ',#8806,POSITIVE_LENGTH_MEASURE(1.0E-006),#8807);
#5334=CARTESIAN_POINT('',(4.26000000000016,8.00099999999996,-0.450999999999931));
#5335=SURFACE_STYLE_USAGE(.BOTH.,#8808);
#5336=FACE_OUTER_BOUND('',#8809,.T.);
#5337=PLANE('',#8810);
#5338=SURFACE_STYLE_USAGE(.BOTH.,#8811);
#5339=FACE_OUTER_BOUND('',#8812,.T.);
#5340=PLANE('',#8813);
#5341=CURVE_STYLE('',#8814,POSITIVE_LENGTH_MEASURE(1.0E-006),#8815);
#5342=LINE('',#8816,#8817);
#5343=POINT_STYLE(' ',#8818,POSITIVE_LENGTH_MEASURE(1.0E-006),#8819);
#5344=CARTESIAN_POINT('',(2.8100000000008,0.753873053988997,0.16665));
#5345=CURVE_STYLE('',#8820,POSITIVE_LENGTH_MEASURE(1.0E-006),#8821);
#5346=LINE('',#8822,#8823);
#5347=POINT_STYLE(' ',#8824,POSITIVE_LENGTH_MEASURE(1.0E-006),#8825);
#5348=CARTESIAN_POINT('',(-0.270000000000114,7.64999999999999,-1.00000000000011));
#5349=POINT_STYLE(' ',#8826,POSITIVE_LENGTH_MEASURE(1.0E-006),#8827);
#5350=CARTESIAN_POINT('',(-3.35999999999984,7.65099999999999,0.450000000000159));
#5351=POINT_STYLE(' ',#8828,POSITIVE_LENGTH_MEASURE(1.0E-006),#8829);
#5352=CARTESIAN_POINT('',(-5.40099999999984,8.49999999999996,-0.949999999999932));
#5353=CURVE_STYLE('',#8830,POSITIVE_LENGTH_MEASURE(1.0E-006),#8831);
#5354=LINE('',#8832,#8833);
#5355=CURVE_STYLE('',#8834,POSITIVE_LENGTH_MEASURE(1.0E-006),#8835);
#5356=LINE('',#8836,#8837);
#5357=POINT_STYLE(' ',#8838,POSITIVE_LENGTH_MEASURE(1.0E-006),#8839);
#5358=CARTESIAN_POINT('',(-3.32122065727702,0.753873053989039,0.16665));
#5359=POINT_STYLE(' ',#8840,POSITIVE_LENGTH_MEASURE(1.0E-006),#8841);
#5360=CARTESIAN_POINT('',(7.34999999999989,0.599999999999994,-0.625));
#5361=SURFACE_STYLE_USAGE(.BOTH.,#8842);
#5362=FACE_OUTER_BOUND('',#8843,.T.);
#5363=PLANE('',#8844);
#5364=CURVE_STYLE('',#8845,POSITIVE_LENGTH_MEASURE(1.0E-006),#8846);
#5365=LINE('',#8847,#8848);
#5366=SURFACE_STYLE_USAGE(.BOTH.,#8849);
#5367=FACE_BOUND('',#8850,.T.);
#5368=FACE_OUTER_BOUND('',#8851,.T.);
#5369=PLANE('',#8852);
#5370=SURFACE_STYLE_USAGE(.BOTH.,#8853);
#5371=FACE_OUTER_BOUND('',#8854,.T.);
#5372=PLANE('',#8855);
#5373=CURVE_STYLE('',#8856,POSITIVE_LENGTH_MEASURE(1.0E-006),#8857);
#5374=LINE('',#8858,#8859);
#5375=SURFACE_STYLE_USAGE(.BOTH.,#8860);
#5376=FACE_OUTER_BOUND('',#8861,.T.);
#5377=PLANE('',#8862);
#5378=CURVE_STYLE('',#8863,POSITIVE_LENGTH_MEASURE(1.0E-006),#8864);
#5379=LINE('',#8865,#8866);
#5380=CURVE_STYLE('',#8867,POSITIVE_LENGTH_MEASURE(1.0E-006),#8868);
#5381=LINE('',#8869,#8870);
#5382=SURFACE_STYLE_USAGE(.BOTH.,#8871);
#5383=FACE_OUTER_BOUND('',#8872,.T.);
#5384=PLANE('',#8873);
#5385=POINT_STYLE(' ',#8874,POSITIVE_LENGTH_MEASURE(1.0E-006),#8875);
#5386=CARTESIAN_POINT('',(0.949999999999659,0.587206387322199,0.16665));
#5387=SURFACE_STYLE_USAGE(.BOTH.,#8876);
#5388=FACE_OUTER_BOUND('',#8877,.T.);
#5389=PLANE('',#8878);
#5390=CURVE_STYLE('',#8879,POSITIVE_LENGTH_MEASURE(1.0E-006),#8880);
#5391=LINE('',#8881,#8882);
#5392=CURVE_STYLE('',#8883,POSITIVE_LENGTH_MEASURE(1.0E-006),#8884);
#5393=LINE('',#8885,#8886);
#5394=CURVE_STYLE('',#8887,POSITIVE_LENGTH_MEASURE(1.0E-006),#8888);
#5395=LINE('',#8889,#8890);
#5396=CURVE_STYLE('',#8891,POSITIVE_LENGTH_MEASURE(1.0E-006),#8892);
#5397=LINE('',#8893,#8894);
#5398=CURVE_STYLE('',#8895,POSITIVE_LENGTH_MEASURE(1.0E-006),#8896);
#5399=LINE('',#8897,#8898);
#5400=CURVE_STYLE('',#8899,POSITIVE_LENGTH_MEASURE(1.0E-006),#8900);
#5401=LINE('',#8901,#8902);
#5402=POINT_STYLE(' ',#8903,POSITIVE_LENGTH_MEASURE(1.0E-006),#8904);
#5403=CARTESIAN_POINT('',(-4.25999999999993,7.99999999999996,-0.449999999999932));
#5404=CURVE_STYLE('',#8905,POSITIVE_LENGTH_MEASURE(1.0E-006),#8906);
#5405=LINE('',#8907,#8908);
#5406=POINT_STYLE(' ',#8909,POSITIVE_LENGTH_MEASURE(1.0E-006),#8910);
#5407=CARTESIAN_POINT('',(-3.35999999999984,8.00099999999996,0.451000000000158));
#5408=CURVE_STYLE('',#8911,POSITIVE_LENGTH_MEASURE(1.0E-006),#8912);
#5409=CIRCLE('',#8913,0.170335669584691);
#5410=CURVE_STYLE('',#8914,POSITIVE_LENGTH_MEASURE(1.0E-006),#8915);
#5411=LINE('',#8916,#8917);
#5412=CURVE_STYLE('',#8918,POSITIVE_LENGTH_MEASURE(1.0E-006),#8919);
#5413=LINE('',#8920,#8921);
#5414=POINT_STYLE(' ',#8922,POSITIVE_LENGTH_MEASURE(1.0E-006),#8923);
#5415=CARTESIAN_POINT('',(6.83877934272298,0.753873053989039,-0.16665));
#5416=CURVE_STYLE('',#8924,POSITIVE_LENGTH_MEASURE(1.0E-006),#8925);
#5417=CIRCLE('',#8926,0.170335669584691);
#5418=POINT_STYLE(' ',#8927,POSITIVE_LENGTH_MEASURE(1.0E-006),#8928);
#5419=CARTESIAN_POINT('',(-0.270000000000114,1.90282814901086,-0.16665));
#5420=SURFACE_STYLE_USAGE(.BOTH.,#8929);
#5421=FACE_OUTER_BOUND('',#8930,.T.);
#5422=PLANE('',#8931);
#5423=SURFACE_STYLE_USAGE(.BOTH.,#8932);
#5424=FACE_OUTER_BOUND('',#8933,.T.);
#5425=PLANE('',#8934);
#5426=POINT_STYLE(' ',#8935,POSITIVE_LENGTH_MEASURE(1.0E-006),#8936);
#5427=CARTESIAN_POINT('',(5.35000000000079,7.64999999999999,-1.00000000000011));
#5428=CURVE_STYLE('',#8937,POSITIVE_LENGTH_MEASURE(1.0E-006),#8938);
#5429=LINE('',#8939,#8940);
#5430=POINT_STYLE(' ',#8941,POSITIVE_LENGTH_MEASURE(1.0E-006),#8942);
#5431=CARTESIAN_POINT('',(-0.950000000000341,0.58720638732241,-0.16665));
#5432=POINT_STYLE(' ',#8943,POSITIVE_LENGTH_MEASURE(1.0E-006),#8944);
#5433=CARTESIAN_POINT('',(2.8100000000008,0.0,0.775000000000091));
#5434=CURVE_STYLE('',#8945,POSITIVE_LENGTH_MEASURE(1.0E-006),#8946);
#5435=LINE('',#8947,#8948);
#5436=SURFACE_STYLE_USAGE(.BOTH.,#8949);
#5437=FACE_OUTER_BOUND('',#8950,.T.);
#5438=PLANE('',#8951);
#5439=SURFACE_STYLE_USAGE(.BOTH.,#8952);
#5440=FACE_OUTER_BOUND('',#8953,.T.);
#5441=PLANE('',#8954);
#5442=CURVE_STYLE('',#8955,POSITIVE_LENGTH_MEASURE(1.0E-006),#8956);
#5443=CIRCLE('',#8957,0.170335669584691);
#5444=CURVE_STYLE('',#8958,POSITIVE_LENGTH_MEASURE(1.0E-006),#8959);
#5445=CIRCLE('',#8960,0.149999999999778);
#5446=POINT_STYLE(' ',#8961,POSITIVE_LENGTH_MEASURE(1.0E-006),#8962);
#5447=CARTESIAN_POINT('',(-1.71999999999993,8.00099999999996,-0.450999999999931));
#5448=CURVE_STYLE('',#8963,POSITIVE_LENGTH_MEASURE(1.0E-006),#8964);
#5449=LINE('',#8965,#8966);
#5450=CURVE_STYLE('',#8967,POSITIVE_LENGTH_MEASURE(1.0E-006),#8968);
#5451=LINE('',#8969,#8970);
#5452=POINT_STYLE(' ',#8971,POSITIVE_LENGTH_MEASURE(1.0E-006),#8972);
#5453=CARTESIAN_POINT('',(4.80999999999989,1.90282814901086,-0.16665));
#5454=CURVE_STYLE('',#8973,POSITIVE_LENGTH_MEASURE(1.0E-006),#8974);
#5455=LINE('',#8975,#8976);
#5456=CURVE_STYLE('',#8977,POSITIVE_LENGTH_MEASURE(1.0E-006),#8978);
#5457=LINE('',#8979,#8980);
#5458=POINT_STYLE(' ',#8981,POSITIVE_LENGTH_MEASURE(1.0E-006),#8982);
#5459=CARTESIAN_POINT('',(6.83877934272298,0.753873053989039,0.16665));
#5460=SURFACE_STYLE_USAGE(.BOTH.,#8983);
#5461=FACE_OUTER_BOUND('',#8984,.T.);
#5462=CYLINDRICAL_SURFACE('',#8985,0.170335669584691);
#5463=CURVE_STYLE('',#8986,POSITIVE_LENGTH_MEASURE(1.0E-006),#8987);
#5464=LINE('',#8988,#8989);
#5465=CURVE_STYLE('',#8990,POSITIVE_LENGTH_MEASURE(1.0E-006),#8991);
#5466=LINE('',#8992,#8993);
#5467=CURVE_STYLE('',#8994,POSITIVE_LENGTH_MEASURE(1.0E-006),#8995);
#5468=LINE('',#8996,#8997);
#5469=SURFACE_STYLE_USAGE(.BOTH.,#8998);
#5470=FACE_OUTER_BOUND('',#8999,.T.);
#5471=PLANE('',#9000);
#5472=POINT_STYLE(' ',#9001,POSITIVE_LENGTH_MEASURE(1.0E-006),#9002);
#5473=CARTESIAN_POINT('',(7.34999999999989,7.64999999999999,-0.449999999999931));
#5474=POINT_STYLE(' ',#9003,POSITIVE_LENGTH_MEASURE(1.0E-006),#9004);
#5475=CARTESIAN_POINT('',(-2.27000000000011,7.65099999999999,0.450000000000159));
#5476=CURVE_STYLE('',#9005,POSITIVE_LENGTH_MEASURE(1.0E-006),#9006);
#5477=LINE('',#9007,#9008);
#5478=POINT_STYLE(' ',#9009,POSITIVE_LENGTH_MEASURE(1.0E-006),#9010);
#5479=CARTESIAN_POINT('',(4.80999999999989,0.753873053989039,-0.16665));
#5480=SURFACE_STYLE_USAGE(.BOTH.,#9011);
#5481=FACE_OUTER_BOUND('',#9012,.T.);
#5482=CYLINDRICAL_SURFACE('',#9013,0.170335669583282);
#5483=SURFACE_STYLE_USAGE(.BOTH.,#9014);
#5484=FACE_OUTER_BOUND('',#9015,.T.);
#5485=PLANE('',#9016);
#5486=CURVE_STYLE('',#9017,POSITIVE_LENGTH_MEASURE(1.0E-006),#9018);
#5487=LINE('',#9019,#9020);
#5488=CURVE_STYLE('',#9021,POSITIVE_LENGTH_MEASURE(1.0E-006),#9022);
#5489=CIRCLE('',#9023,0.149999999999778);
#5490=POINT_STYLE(' ',#9024,POSITIVE_LENGTH_MEASURE(1.0E-006),#9025);
#5491=CARTESIAN_POINT('',(4.80999999999989,7.64999999999999,0.450000000000159));
#5492=SURFACE_STYLE_USAGE(.BOTH.,#9026);
#5493=FACE_OUTER_BOUND('',#9027,.T.);
#5494=CYLINDRICAL_SURFACE('',#9028,0.149999999999778);
#5495=CURVE_STYLE('',#9029,POSITIVE_LENGTH_MEASURE(1.0E-006),#9030);
#5496=LINE('',#9031,#9032);
#5497=CURVE_STYLE('',#9033,POSITIVE_LENGTH_MEASURE(1.0E-006),#9034);
#5498=LINE('',#9035,#9036);
#5499=CURVE_STYLE('',#9037,POSITIVE_LENGTH_MEASURE(1.0E-006),#9038);
#5500=LINE('',#9039,#9040);
#5501=CURVE_STYLE('',#9041,POSITIVE_LENGTH_MEASURE(1.0E-006),#9042);
#5502=LINE('',#9043,#9044);
#5503=CURVE_STYLE('',#9045,POSITIVE_LENGTH_MEASURE(1.0E-006),#9046);
#5504=LINE('',#9047,#9048);
#5505=CURVE_STYLE('',#9049,POSITIVE_LENGTH_MEASURE(1.0E-006),#9050);
#5506=LINE('',#9051,#9052);
#5507=SURFACE_STYLE_USAGE(.BOTH.,#9053);
#5508=FACE_OUTER_BOUND('',#9054,.T.);
#5509=PLANE('',#9055);
#5510=POINT_STYLE(' ',#9056,POSITIVE_LENGTH_MEASURE(1.0E-006),#9057);
#5511=CARTESIAN_POINT('',(4.75900000000016,8.49999999999996,0.950000000000159));
#5512=CURVE_STYLE('',#9058,POSITIVE_LENGTH_MEASURE(1.0E-006),#9059);
#5513=CIRCLE('',#9060,0.150000000000205);
#5514=CURVE_STYLE('',#9061,POSITIVE_LENGTH_MEASURE(1.0E-006),#9062);
#5515=CIRCLE('',#9063,0.170335669583282);
#5516=CURVE_STYLE('',#9064,POSITIVE_LENGTH_MEASURE(1.0E-006),#9065);
#5517=LINE('',#9066,#9067);
#5518=SURFACE_STYLE_USAGE(.BOTH.,#9068);
#5519=FACE_OUTER_BOUND('',#9069,.T.);
#5520=PLANE('',#9070);
#5521=CURVE_STYLE('',#9071,POSITIVE_LENGTH_MEASURE(1.0E-006),#9072);
#5522=LINE('',#9073,#9074);
#5523=CURVE_STYLE('',#9075,POSITIVE_LENGTH_MEASURE(1.0E-006),#9076);
#5524=LINE('',#9077,#9078);
#5525=CURVE_STYLE('',#9079,POSITIVE_LENGTH_MEASURE(1.0E-006),#9080);
#5526=CIRCLE('',#9081,0.170335669584691);
#5527=POINT_STYLE(' ',#9082,POSITIVE_LENGTH_MEASURE(1.0E-006),#9083);
#5528=CARTESIAN_POINT('',(-6.03,7.68,0.32));
#5529=POINT_STYLE(' ',#9084,POSITIVE_LENGTH_MEASURE(1.0E-006),#9085);
#5530=CARTESIAN_POINT('',(7.34999999999989,7.65099999999999,-0.449999999999931));
#5531=SURFACE_STYLE_USAGE(.BOTH.,#9086);
#5532=FACE_OUTER_BOUND('',#9087,.T.);
#5533=PLANE('',#9088);
#5534=POINT_STYLE(' ',#9089,POSITIVE_LENGTH_MEASURE(1.0E-006),#9090);
#5535=CARTESIAN_POINT('',(-2.81000000000011,1.90282814901086,-0.16665));
#5536=SURFACE_STYLE_USAGE(.BOTH.,#9091);
#5537=FACE_OUTER_BOUND('',#9092,.T.);
#5538=CYLINDRICAL_SURFACE('',#9093,0.149999999999778);
#5539=CURVE_STYLE('',#9094,POSITIVE_LENGTH_MEASURE(1.0E-006),#9095);
#5540=LINE('',#9096,#9097);
#5541=POINT_STYLE(' ',#9098,POSITIVE_LENGTH_MEASURE(1.0E-006),#9099);
#5542=CARTESIAN_POINT('',(-4.8099999999992,0.150000000000105,-0.625));
#5543=POINT_STYLE(' ',#9100,POSITIVE_LENGTH_MEASURE(1.0E-006),#9101);
#5544=CARTESIAN_POINT('',(-5.89999999999984,7.99999999999996,0.450000000000159));
#5545=SURFACE_STYLE_USAGE(.BOTH.,#9102);
#5546=FACE_OUTER_BOUND('',#9103,.T.);
#5547=PLANE('',#9104);
#5548=POINT_STYLE(' ',#9105,POSITIVE_LENGTH_MEASURE(1.0E-006),#9106);
#5549=CARTESIAN_POINT('',(-4.29877934272298,0.753873053988883,0.16665));
#5550=CURVE_STYLE('',#9107,POSITIVE_LENGTH_MEASURE(1.0E-006),#9108);
#5551=LINE('',#9109,#9110);
#5552=CURVE_STYLE('',#9111,POSITIVE_LENGTH_MEASURE(1.0E-006),#9112);
#5553=LINE('',#9113,#9114);
#5554=SURFACE_STYLE_USAGE(.BOTH.,#9115);
#5555=FACE_OUTER_BOUND('',#9116,.T.);
#5556=PLANE('',#9117);
#5557=SURFACE_STYLE_USAGE(.BOTH.,#9118);
#5558=FACE_OUTER_BOUND('',#9119,.T.);
#5559=PLANE('',#9120);
#5560=POINT_STYLE(' ',#9121,POSITIVE_LENGTH_MEASURE(1.0E-006),#9122);
#5561=CARTESIAN_POINT('',(-1.07000000000034,-3.19999999999999,0.16665));
#5562=CURVE_STYLE('',#9123,POSITIVE_LENGTH_MEASURE(1.0E-006),#9124);
#5563=LINE('',#9125,#9126);
#5564=CURVE_STYLE('',#9127,POSITIVE_LENGTH_MEASURE(1.0E-006),#9128);
#5565=LINE('',#9129,#9130);
#5566=POINT_STYLE(' ',#9131,POSITIVE_LENGTH_MEASURE(1.0E-006),#9132);
#5567=CARTESIAN_POINT('',(-2.81000000000011,7.64999999999999,0.999999999999886));
#5568=CURVE_STYLE('',#9133,POSITIVE_LENGTH_MEASURE(1.0E-006),#9134);
#5569=LINE('',#9135,#9136);
#5570=POINT_STYLE(' ',#9137,POSITIVE_LENGTH_MEASURE(1.0E-006),#9138);
#5571=CARTESIAN_POINT('',(7.34999999999989,0.0,0.775000000000091));
#5572=CURVE_STYLE('',#9139,POSITIVE_LENGTH_MEASURE(1.0E-006),#9140);
#5573=LINE('',#9141,#9142);
#5574=SURFACE_STYLE_USAGE(.BOTH.,#9143);
#5575=FACE_OUTER_BOUND('',#9144,.T.);
#5576=CYLINDRICAL_SURFACE('',#9145,0.170335669583282);
#5577=POINT_STYLE(' ',#9146,POSITIVE_LENGTH_MEASURE(1.0E-006),#9147);
#5578=CARTESIAN_POINT('',(-5.35000000000011,7.64999999999999,0.999999999999886));
#5579=POINT_STYLE(' ',#9148,POSITIVE_LENGTH_MEASURE(1.0E-006),#9149);
#5580=CARTESIAN_POINT('',(-5.35000000000011,0.753873053989039,0.16665));
#5581=CURVE_STYLE('',#9150,POSITIVE_LENGTH_MEASURE(1.0E-006),#9151);
#5582=LINE('',#9152,#9153);
#5583=SURFACE_STYLE_USAGE(.BOTH.,#9154);
#5584=FACE_OUTER_BOUND('',#9155,.T.);
#5585=PLANE('',#9156);
#5586=POINT_STYLE(' ',#9157,POSITIVE_LENGTH_MEASURE(1.0E-006),#9158);
#5587=CARTESIAN_POINT('',(-5.35000000000011,7.64999999999999,0.450000000000159));
#5588=POINT_STYLE(' ',#9159,POSITIVE_LENGTH_MEASURE(1.0E-006),#9160);
#5589=CARTESIAN_POINT('',(-1.59000000000034,-2.54999999999999,0.16665));
#5590=CURVE_STYLE('',#9161,POSITIVE_LENGTH_MEASURE(1.0E-006),#9162);
#5591=LINE('',#9163,#9164);
#5592=POINT_STYLE(' ',#9165,POSITIVE_LENGTH_MEASURE(1.0E-006),#9166);
#5593=CARTESIAN_POINT('',(2.8100000000008,1.90282814901086,-0.16665));
#5594=CURVE_STYLE('',#9167,POSITIVE_LENGTH_MEASURE(1.0E-006),#9168);
#5595=LINE('',#9169,#9170);
#5596=CURVE_STYLE('',#9171,POSITIVE_LENGTH_MEASURE(1.0E-006),#9172);
#5597=LINE('',#9173,#9174);
#5598=POINT_STYLE(' ',#9175,POSITIVE_LENGTH_MEASURE(1.0E-006),#9176);
#5599=CARTESIAN_POINT('',(-2.21899999999993,8.49999999999996,0.950000000000159));
#5600=POINT_STYLE(' ',#9177,POSITIVE_LENGTH_MEASURE(1.0E-006),#9178);
#5601=CARTESIAN_POINT('',(-2.81000000000011,0.150000000000006,0.625000000000113));
#5602=CURVE_STYLE('',#9179,POSITIVE_LENGTH_MEASURE(1.0E-006),#9180);
#5603=LINE('',#9181,#9182);
#5604=POINT_STYLE(' ',#9183,POSITIVE_LENGTH_MEASURE(1.0E-006),#9184);
#5605=CARTESIAN_POINT('',(2.26999999999989,0.150000000000105,-0.625));
#5606=CURVE_STYLE('',#9185,POSITIVE_LENGTH_MEASURE(1.0E-006),#9186);
#5607=LINE('',#9187,#9188);
#5608=SURFACE_STYLE_USAGE(.BOTH.,#9189);
#5609=FACE_OUTER_BOUND('',#9190,.T.);
#5610=CYLINDRICAL_SURFACE('',#9191,0.150000000000205);
#5611=POINT_STYLE(' ',#9192,POSITIVE_LENGTH_MEASURE(1.0E-006),#9193);
#5612=CARTESIAN_POINT('',(-4.8099999999992,0.599999999999994,0.625));
#5613=CURVE_STYLE('',#9194,POSITIVE_LENGTH_MEASURE(1.0E-006),#9195);
#5614=LINE('',#9196,#9197);
#5615=SURFACE_STYLE_USAGE(.BOTH.,#9198);
#5616=FACE_OUTER_BOUND('',#9199,.T.);
#5617=PLANE('',#9200);
#5618=SURFACE_STYLE_USAGE(.BOTH.,#9201);
#5619=FACE_OUTER_BOUND('',#9202,.T.);
#5620=PLANE('',#9203);
#5621=SURFACE_STYLE_USAGE(.BOTH.,#9204);
#5622=FACE_OUTER_BOUND('',#9205,.T.);
#5623=PLANE('',#9206);
#5624=POINT_STYLE(' ',#9207,POSITIVE_LENGTH_MEASURE(1.0E-006),#9208);
#5625=CARTESIAN_POINT('',(4.00999999999966,-3.19999999999999,0.16665));
#5626=POINT_STYLE(' ',#9209,POSITIVE_LENGTH_MEASURE(1.0E-006),#9210);
#5627=CARTESIAN_POINT('',(-5.35000000000011,0.0,0.999999999999886));
#5628=CURVE_STYLE('',#9211,POSITIVE_LENGTH_MEASURE(1.0E-006),#9212);
#5629=LINE('',#9213,#9214);
#5630=SURFACE_STYLE_USAGE(.BOTH.,#9215);
#5631=FACE_OUTER_BOUND('',#9216,.T.);
#5632=PLANE('',#9217);
#5633=POINT_STYLE(' ',#9218,POSITIVE_LENGTH_MEASURE(1.0E-006),#9219);
#5634=CARTESIAN_POINT('',(4.12999999999966,0.58720638732241,0.16665));
#5635=CURVE_STYLE('',#9220,POSITIVE_LENGTH_MEASURE(1.0E-006),#9221);
#5636=LINE('',#9222,#9223);
#5637=CURVE_STYLE('',#9224,POSITIVE_LENGTH_MEASURE(1.0E-006),#9225);
#5638=LINE('',#9226,#9227);
#5639=CURVE_STYLE('',#9228,POSITIVE_LENGTH_MEASURE(1.0E-006),#9229);
#5640=LINE('',#9230,#9231);
#5641=CURVE_STYLE('',#9232,POSITIVE_LENGTH_MEASURE(1.0E-006),#9233);
#5642=LINE('',#9234,#9235);
#5643=SURFACE_STYLE_USAGE(.BOTH.,#9236);
#5644=FACE_OUTER_BOUND('',#9237,.T.);
#5645=PLANE('',#9238);
#5646=CURVE_STYLE('',#9239,POSITIVE_LENGTH_MEASURE(1.0E-006),#9240);
#5647=LINE('',#9241,#9242);
#5648=CURVE_STYLE('',#9243,POSITIVE_LENGTH_MEASURE(1.0E-006),#9244);
#5649=LINE('',#9245,#9246);
#5650=POINT_STYLE(' ',#9247,POSITIVE_LENGTH_MEASURE(1.0E-006),#9248);
#5651=CARTESIAN_POINT('',(-1.75877934272298,0.753873053988883,-0.16665));
#5652=CURVE_STYLE('',#9249,POSITIVE_LENGTH_MEASURE(1.0E-006),#9250);
#5653=LINE('',#9251,#9252);
#5654=CURVE_STYLE('',#9253,POSITIVE_LENGTH_MEASURE(1.0E-006),#9254);
#5655=LINE('',#9255,#9256);
#5656=SURFACE_STYLE_USAGE(.BOTH.,#9257);
#5657=FACE_OUTER_BOUND('',#9258,.T.);
#5658=CYLINDRICAL_SURFACE('',#9259,0.170335669584691);
#5659=CURVE_STYLE('',#9260,POSITIVE_LENGTH_MEASURE(1.0E-006),#9261);
#5660=LINE('',#9262,#9263);
#5661=SURFACE_STYLE_USAGE(.BOTH.,#9264);
#5662=FACE_OUTER_BOUND('',#9265,.T.);
#5663=PLANE('',#9266);
#5664=POINT_STYLE(' ',#9267,POSITIVE_LENGTH_MEASURE(1.0E-006),#9268);
#5665=CARTESIAN_POINT('',(4.80999999999989,0.599999999999994,-0.625));
#5666=POINT_STYLE(' ',#9269,POSITIVE_LENGTH_MEASURE(1.0E-006),#9270);
#5667=CARTESIAN_POINT('',(3.36000000000007,8.00099999999996,-0.450999999999931));
#5668=CURVE_STYLE('',#9271,POSITIVE_LENGTH_MEASURE(1.0E-006),#9272);
#5669=LINE('',#9273,#9274);
#5670=SURFACE_STYLE_USAGE(.BOTH.,#9275);
#5671=FACE_OUTER_BOUND('',#9276,.T.);
#5672=PLANE('',#9277);
#5673=CURVE_STYLE('',#9278,POSITIVE_LENGTH_MEASURE(1.0E-006),#9279);
#5674=LINE('',#9280,#9281);
#5675=CURVE_STYLE('',#9282,POSITIVE_LENGTH_MEASURE(1.0E-006),#9283);
#5676=LINE('',#9284,#9285);
#5677=SURFACE_STYLE_USAGE(.BOTH.,#9286);
#5678=FACE_OUTER_BOUND('',#9287,.T.);
#5679=PLANE('',#9288);
#5680=CURVE_STYLE('',#9289,POSITIVE_LENGTH_MEASURE(1.0E-006),#9290);
#5681=LINE('',#9291,#9292);
#5682=POINT_STYLE(' ',#9293,POSITIVE_LENGTH_MEASURE(1.0E-006),#9294);
#5683=CARTESIAN_POINT('',(-7.3499999999992,7.64999999999999,-0.449999999999932));
#5684=SURFACE_STYLE_USAGE(.BOTH.,#9295);
#5685=FACE_OUTER_BOUND('',#9296,.T.);
#5686=CYLINDRICAL_SURFACE('',#9297,0.170335669584691);
#5687=POINT_STYLE(' ',#9298,POSITIVE_LENGTH_MEASURE(1.0E-006),#9299);
#5688=CARTESIAN_POINT('',(-7.745,0.0,1.25));
#5689=CURVE_STYLE('',#9300,POSITIVE_LENGTH_MEASURE(1.0E-006),#9301);
#5690=LINE('',#9302,#9303);
#5691=CURVE_STYLE('',#9304,POSITIVE_LENGTH_MEASURE(1.0E-006),#9305);
#5692=LINE('',#9306,#9307);
#5693=CURVE_STYLE('',#9308,POSITIVE_LENGTH_MEASURE(1.0E-006),#9309);
#5694=LINE('',#9310,#9311);
#5695=CURVE_STYLE('',#9312,POSITIVE_LENGTH_MEASURE(1.0E-006),#9313);
#5696=LINE('',#9314,#9315);
#5697=CURVE_STYLE('',#9316,POSITIVE_LENGTH_MEASURE(1.0E-006),#9317);
#5698=CIRCLE('',#9318,0.150000000000205);
#5699=POINT_STYLE(' ',#9319,POSITIVE_LENGTH_MEASURE(1.0E-006),#9320);
#5700=CARTESIAN_POINT('',(7.745,0.0,0.775000000000091));
#5701=POINT_STYLE(' ',#9321,POSITIVE_LENGTH_MEASURE(1.0E-006),#9322);
#5702=CARTESIAN_POINT('',(-6.83877934272298,0.753873053988883,0.16665));
#5703=CURVE_STYLE('',#9323,POSITIVE_LENGTH_MEASURE(1.0E-006),#9324);
#5704=LINE('',#9325,#9326);
#5705=CURVE_STYLE('',#9327,POSITIVE_LENGTH_MEASURE(1.0E-006),#9328);
#5706=CIRCLE('',#9329,0.149999999999778);
#5707=CURVE_STYLE('',#9330,POSITIVE_LENGTH_MEASURE(1.0E-006),#9331);
#5708=LINE('',#9332,#9333);
#5709=CURVE_STYLE('',#9334,POSITIVE_LENGTH_MEASURE(1.0E-006),#9335);
#5710=LINE('',#9336,#9337);
#5711=CURVE_STYLE('',#9338,POSITIVE_LENGTH_MEASURE(1.0E-006),#9339);
#5712=CIRCLE('',#9340,0.149999999999778);
#5713=CURVE_STYLE('',#9341,POSITIVE_LENGTH_MEASURE(1.0E-006),#9342);
#5714=LINE('',#9343,#9344);
#5715=CURVE_STYLE('',#9345,POSITIVE_LENGTH_MEASURE(1.0E-006),#9346);
#5716=LINE('',#9347,#9348);
#5717=CURVE_STYLE('',#9349,POSITIVE_LENGTH_MEASURE(1.0E-006),#9350);
#5718=CIRCLE('',#9351,0.170335669584691);
#5719=SURFACE_STYLE_USAGE(.BOTH.,#9352);
#5720=FACE_OUTER_BOUND('',#9353,.T.);
#5721=PLANE('',#9354);
#5722=SURFACE_STYLE_USAGE(.BOTH.,#9355);
#5723=FACE_OUTER_BOUND('',#9356,.T.);
#5724=PLANE('',#9357);
#5725=POINT_STYLE(' ',#9358,POSITIVE_LENGTH_MEASURE(1.0E-006),#9359);
#5726=CARTESIAN_POINT('',(1.46999999999966,-3.19999999999999,0.16665));
#5727=SURFACE_STYLE_USAGE(.BOTH.,#9360);
#5728=FACE_OUTER_BOUND('',#9361,.T.);
#5729=PLANE('',#9362);
#5730=POINT_STYLE(' ',#9363,POSITIVE_LENGTH_MEASURE(1.0E-006),#9364);
#5731=CARTESIAN_POINT('',(5.90000000000007,8.00099999999996,-0.450999999999931));
#5732=POINT_STYLE(' ',#9365,POSITIVE_LENGTH_MEASURE(1.0E-006),#9366);
#5733=CARTESIAN_POINT('',(-3.35999999999984,7.99999999999996,0.450000000000159));
#5734=POINT_STYLE(' ',#9367,POSITIVE_LENGTH_MEASURE(1.0E-006),#9368);
#5735=CARTESIAN_POINT('',(4.26000000000016,7.65099999999999,0.450000000000159));
#5736=SURFACE_STYLE_USAGE(.BOTH.,#9369);
#5737=FACE_OUTER_BOUND('',#9370,.T.);
#5738=PLANE('',#9371);
#5739=SURFACE_STYLE_USAGE(.BOTH.,#9372);
#5740=FACE_OUTER_BOUND('',#9373,.T.);
#5741=PLANE('',#9374);
#5742=POINT_STYLE(' ',#9375,POSITIVE_LENGTH_MEASURE(1.0E-006),#9376);
#5743=CARTESIAN_POINT('',(2.8100000000008,0.0,-0.999999999999204));
#5744=CURVE_STYLE('',#9377,POSITIVE_LENGTH_MEASURE(1.0E-006),#9378);
#5745=LINE('',#9379,#9380);
#5746=POINT_STYLE(' ',#9381,POSITIVE_LENGTH_MEASURE(1.0E-006),#9382);
#5747=CARTESIAN_POINT('',(-2.2699999999992,1.90282814901086,0.16665));
#5748=CURVE_STYLE('',#9383,POSITIVE_LENGTH_MEASURE(1.0E-006),#9384);
#5749=LINE('',#9385,#9386);
#5750=CURVE_STYLE('',#9387,POSITIVE_LENGTH_MEASURE(1.0E-006),#9388);
#5751=LINE('',#9389,#9390);
#5752=POINT_STYLE(' ',#9391,POSITIVE_LENGTH_MEASURE(1.0E-006),#9392);
#5753=CARTESIAN_POINT('',(-7.05,7.64999999999999,-0.449999999999932));
#5754=POINT_STYLE(' ',#9393,POSITIVE_LENGTH_MEASURE(1.0E-006),#9394);
#5755=CARTESIAN_POINT('',(-0.819999999999841,7.65099999999999,-0.449999999999932));
#5756=CURVE_STYLE('',#9395,POSITIVE_LENGTH_MEASURE(1.0E-006),#9396);
#5757=LINE('',#9397,#9398);
#5758=SURFACE_STYLE_USAGE(.BOTH.,#9399);
#5759=FACE_OUTER_BOUND('',#9400,.T.);
#5760=PLANE('',#9401);
#5761=CURVE_STYLE('',#9402,POSITIVE_LENGTH_MEASURE(1.0E-006),#9403);
#5762=LINE('',#9404,#9405);
#5763=CURVE_STYLE('',#9406,POSITIVE_LENGTH_MEASURE(1.0E-006),#9407);
#5764=CIRCLE('',#9408,0.150000000000205);
#5765=CURVE_STYLE('',#9409,POSITIVE_LENGTH_MEASURE(1.0E-006),#9410);
#5766=LINE('',#9411,#9412);
#5767=POINT_STYLE(' ',#9413,POSITIVE_LENGTH_MEASURE(1.0E-006),#9414);
#5768=CARTESIAN_POINT('',(-5.35000000000011,0.753873053989039,-0.16665));
#5769=POINT_STYLE(' ',#9415,POSITIVE_LENGTH_MEASURE(1.0E-006),#9416);
#5770=CARTESIAN_POINT('',(-3.49000000000034,-2.54999999999999,0.16665));
#5771=SURFACE_STYLE_USAGE(.BOTH.,#9417);
#5772=FACE_BOUND('',#9418,.T.);
#5773=FACE_OUTER_BOUND('',#9419,.T.);
#5774=PLANE('',#9420);
#5775=POINT_STYLE(' ',#9421,POSITIVE_LENGTH_MEASURE(1.0E-006),#9422);
#5776=CARTESIAN_POINT('',(-7.3499999999992,0.0,0.775000000000091));
#5777=CURVE_STYLE('',#9423,POSITIVE_LENGTH_MEASURE(1.0E-006),#9424);
#5778=LINE('',#9425,#9426);
#5779=POINT_STYLE(' ',#9427,POSITIVE_LENGTH_MEASURE(1.0E-006),#9428);
#5780=CARTESIAN_POINT('',(6.14999999999966,-3.19999999999999,0.16665));
#5781=POINT_STYLE(' ',#9429,POSITIVE_LENGTH_MEASURE(1.0E-006),#9430);
#5782=CARTESIAN_POINT('',(-0.270000000000114,0.599999999999994,-0.625));
#5783=CURVE_STYLE('',#9431,POSITIVE_LENGTH_MEASURE(1.0E-006),#9432);
#5784=LINE('',#9433,#9434);
#5785=CURVE_STYLE('',#9435,POSITIVE_LENGTH_MEASURE(1.0E-006),#9436);
#5786=LINE('',#9437,#9438);
#5787=CURVE_STYLE('',#9439,POSITIVE_LENGTH_MEASURE(1.0E-006),#9440);
#5788=LINE('',#9441,#9442);
#5789=CURVE_STYLE('',#9443,POSITIVE_LENGTH_MEASURE(1.0E-006),#9444);
#5790=LINE('',#9445,#9446);
#5791=CURVE_STYLE('',#9447,POSITIVE_LENGTH_MEASURE(1.0E-006),#9448);
#5792=LINE('',#9449,#9450);
#5793=POINT_STYLE(' ',#9451,POSITIVE_LENGTH_MEASURE(1.0E-006),#9452);
#5794=CARTESIAN_POINT('',(-0.781220657277022,0.753873053989039,-0.16665));
#5795=CURVE_STYLE('',#9453,POSITIVE_LENGTH_MEASURE(1.0E-006),#9454);
#5796=LINE('',#9455,#9456);
#5797=POINT_STYLE(' ',#9457,POSITIVE_LENGTH_MEASURE(1.0E-006),#9458);
#5798=CARTESIAN_POINT('',(-5.65,7.65099999999999,-0.449999999999932));
#5799=SURFACE_STYLE_USAGE(.BOTH.,#9459);
#5800=FACE_OUTER_BOUND('',#9460,.T.);
#5801=PLANE('',#9461);
#5802=SURFACE_STYLE_USAGE(.BOTH.,#9462);
#5803=FACE_OUTER_BOUND('',#9463,.T.);
#5804=PLANE('',#9464);
#5805=CURVE_STYLE('',#9465,POSITIVE_LENGTH_MEASURE(1.0E-006),#9466);
#5806=LINE('',#9467,#9468);
#5807=CURVE_STYLE('',#9469,POSITIVE_LENGTH_MEASURE(1.0E-006),#9470);
#5808=LINE('',#9471,#9472);
#5809=CURVE_STYLE('',#9473,POSITIVE_LENGTH_MEASURE(1.0E-006),#9474);
#5810=LINE('',#9475,#9476);
#5811=POINT_STYLE(' ',#9477,POSITIVE_LENGTH_MEASURE(1.0E-006),#9478);
#5812=CARTESIAN_POINT('',(-1.71999999999993,7.99999999999996,0.450000000000159));
#5813=POINT_STYLE(' ',#9479,POSITIVE_LENGTH_MEASURE(1.0E-006),#9480);
#5814=CARTESIAN_POINT('',(2.8100000000008,7.64999999999999,0.450000000000159));
#5815=POINT_STYLE(' ',#9481,POSITIVE_LENGTH_MEASURE(1.0E-006),#9482);
#5816=CARTESIAN_POINT('',(4.29877934272298,0.753873053989039,0.16665));
#5817=POINT_STYLE(' ',#9483,POSITIVE_LENGTH_MEASURE(1.0E-006),#9484);
#5818=CARTESIAN_POINT('',(-2.2699999999992,0.150000000000105,-0.625));
#5819=CURVE_STYLE('',#9485,POSITIVE_LENGTH_MEASURE(1.0E-006),#9486);
#5820=LINE('',#9487,#9488);
#5821=CURVE_STYLE('',#9489,POSITIVE_LENGTH_MEASURE(1.0E-006),#9490);
#5822=LINE('',#9491,#9492);
#5823=CURVE_STYLE('',#9493,POSITIVE_LENGTH_MEASURE(1.0E-006),#9494);
#5824=LINE('',#9495,#9496);
#5825=SURFACE_STYLE_USAGE(.BOTH.,#9497);
#5826=FACE_OUTER_BOUND('',#9498,.T.);
#5827=CYLINDRICAL_SURFACE('',#9499,0.149999999999778);
#5828=CURVE_STYLE('',#9500,POSITIVE_LENGTH_MEASURE(1.0E-006),#9501);
#5829=LINE('',#9502,#9503);
#5830=CURVE_STYLE('',#9504,POSITIVE_LENGTH_MEASURE(1.0E-006),#9505);
#5831=LINE('',#9506,#9507);
#5832=CURVE_STYLE('',#9508,POSITIVE_LENGTH_MEASURE(1.0E-006),#9509);
#5833=LINE('',#9510,#9511);
#5834=CURVE_STYLE('',#9512,POSITIVE_LENGTH_MEASURE(1.0E-006),#9513);
#5835=CIRCLE('',#9514,0.149999999999778);
#5836=SURFACE_STYLE_USAGE(.BOTH.,#9515);
#5837=FACE_OUTER_BOUND('',#9516,.T.);
#5838=PLANE('',#9517);
#5839=CURVE_STYLE('',#9518,POSITIVE_LENGTH_MEASURE(1.0E-006),#9519);
#5840=LINE('',#9520,#9521);
#5841=CURVE_STYLE('',#9522,POSITIVE_LENGTH_MEASURE(1.0E-006),#9523);
#5842=LINE('',#9524,#9525);
#5843=POINT_STYLE(' ',#9526,POSITIVE_LENGTH_MEASURE(1.0E-006),#9527);
#5844=CARTESIAN_POINT('',(-1.71999999999993,7.99999999999996,-0.449999999999932));
#5845=SURFACE_STYLE_USAGE(.BOTH.,#9528);
#5846=FACE_OUTER_BOUND('',#9529,.T.);
#5847=PLANE('',#9530);
#5848=CURVE_STYLE('',#9531,POSITIVE_LENGTH_MEASURE(1.0E-006),#9532);
#5849=LINE('',#9533,#9534);
#5850=POINT_STYLE(' ',#9535,POSITIVE_LENGTH_MEASURE(1.0E-006),#9536);
#5851=CARTESIAN_POINT('',(2.26999999999989,0.0,0.999999999999886));
#5852=POINT_STYLE(' ',#9537,POSITIVE_LENGTH_MEASURE(1.0E-006),#9538);
#5853=CARTESIAN_POINT('',(-1.47000000000034,-3.19999999999999,-0.16665));
#5854=CURVE_STYLE('',#9539,POSITIVE_LENGTH_MEASURE(1.0E-006),#9540);
#5855=CIRCLE('',#9541,0.149999999999778);
#5856=CURVE_STYLE('',#9542,POSITIVE_LENGTH_MEASURE(1.0E-006),#9543);
#5857=CIRCLE('',#9544,0.149999999999778);
#5858=POINT_STYLE(' ',#9545,POSITIVE_LENGTH_MEASURE(1.0E-006),#9546);
#5859=CARTESIAN_POINT('',(-7.3499999999992,0.150000000000006,0.625000000000113));
#5860=CURVE_STYLE('',#9547,POSITIVE_LENGTH_MEASURE(1.0E-006),#9548);
#5861=LINE('',#9549,#9550);
#5862=POINT_STYLE(' ',#9551,POSITIVE_LENGTH_MEASURE(1.0E-006),#9552);
#5863=CARTESIAN_POINT('',(7.745,0.0,-1.25));
#5864=CURVE_STYLE('',#9553,POSITIVE_LENGTH_MEASURE(1.0E-006),#9554);
#5865=LINE('',#9555,#9556);
#5866=CURVE_STYLE('',#9557,POSITIVE_LENGTH_MEASURE(1.0E-006),#9558);
#5867=LINE('',#9559,#9560);
#5868=POINT_STYLE(' ',#9561,POSITIVE_LENGTH_MEASURE(1.0E-006),#9562);
#5869=CARTESIAN_POINT('',(-2.81000000000011,0.599999999999994,-0.625));
#5870=POINT_STYLE(' ',#9563,POSITIVE_LENGTH_MEASURE(1.0E-006),#9564);
#5871=CARTESIAN_POINT('',(-7.05,7.64999999999999,-0.7));
#5872=POINT_STYLE(' ',#9565,POSITIVE_LENGTH_MEASURE(1.0E-006),#9566);
#5873=CARTESIAN_POINT('',(-5.35000000000011,1.90282814901086,0.16665));
#5874=SURFACE_STYLE_USAGE(.BOTH.,#9567);
#5875=FACE_OUTER_BOUND('',#9568,.T.);
#5876=CYLINDRICAL_SURFACE('',#9569,0.149999999999778);
#5877=POINT_STYLE(' ',#9570,POSITIVE_LENGTH_MEASURE(1.0E-006),#9571);
#5878=CARTESIAN_POINT('',(3.36000000000007,7.65099999999999,-0.449999999999932));
#5879=CURVE_STYLE('',#9572,POSITIVE_LENGTH_MEASURE(1.0E-006),#9573);
#5880=LINE('',#9574,#9575);
#5881=SURFACE_STYLE_USAGE(.BOTH.,#9576);
#5882=FACE_OUTER_BOUND('',#9577,.T.);
#5883=PLANE('',#9578);
#5884=POINT_STYLE(' ',#9579,POSITIVE_LENGTH_MEASURE(1.0E-006),#9580);
#5885=CARTESIAN_POINT('',(-5.35000000000011,7.65099999999999,-0.449999999999932));
#5886=POINT_STYLE(' ',#9581,POSITIVE_LENGTH_MEASURE(1.0E-006),#9582);
#5887=CARTESIAN_POINT('',(2.80999999999989,7.65099999999999,-0.449999999999932));
#5888=CURVE_STYLE('',#9583,POSITIVE_LENGTH_MEASURE(1.0E-006),#9584);
#5889=LINE('',#9585,#9586);
#5890=CURVE_STYLE('',#9587,POSITIVE_LENGTH_MEASURE(1.0E-006),#9588);
#5891=LINE('',#9589,#9590);
#5892=POINT_STYLE(' ',#9591,POSITIVE_LENGTH_MEASURE(1.0E-006),#9592);
#5893=CARTESIAN_POINT('',(2.26999999999989,7.64999999999999,0.999999999999886));
#5894=CURVE_STYLE('',#9593,POSITIVE_LENGTH_MEASURE(1.0E-006),#9594);
#5895=LINE('',#9595,#9596);
#5896=CURVE_STYLE('',#9597,POSITIVE_LENGTH_MEASURE(1.0E-006),#9598);
#5897=LINE('',#9599,#9600);
#5898=CURVE_STYLE('',#9601,POSITIVE_LENGTH_MEASURE(1.0E-006),#9602);
#5899=LINE('',#9603,#9604);
#5900=CURVE_STYLE('',#9605,POSITIVE_LENGTH_MEASURE(1.0E-006),#9606);
#5901=LINE('',#9607,#9608);
#5902=CURVE_STYLE('',#9609,POSITIVE_LENGTH_MEASURE(1.0E-006),#9610);
#5903=LINE('',#9611,#9612);
#5904=CURVE_STYLE('',#9613,POSITIVE_LENGTH_MEASURE(1.0E-006),#9614);
#5905=LINE('',#9615,#9616);
#5906=SURFACE_STYLE_USAGE(.BOTH.,#9617);
#5907=FACE_OUTER_BOUND('',#9618,.T.);
#5908=PLANE('',#9619);
#5909=POINT_STYLE(' ',#9620,POSITIVE_LENGTH_MEASURE(1.0E-006),#9621);
#5910=CARTESIAN_POINT('',(-2.81000000000011,7.64999999999999,-0.449999999999932));
#5911=SURFACE_STYLE_USAGE(.BOTH.,#9622);
#5912=FACE_OUTER_BOUND('',#9623,.T.);
#5913=PLANE('',#9624);
#5914=SURFACE_STYLE_USAGE(.BOTH.,#9625);
#5915=FACE_OUTER_BOUND('',#9626,.T.);
#5916=PLANE('',#9627);
#5917=CURVE_STYLE('',#9628,POSITIVE_LENGTH_MEASURE(1.0E-006),#9629);
#5918=LINE('',#9630,#9631);
#5919=POINT_STYLE(' ',#9632,POSITIVE_LENGTH_MEASURE(1.0E-006),#9633);
#5920=CARTESIAN_POINT('',(-4.8099999999992,0.753873053988997,0.16665));
#5921=POINT_STYLE(' ',#9634,POSITIVE_LENGTH_MEASURE(1.0E-006),#9635);
#5922=CARTESIAN_POINT('',(-7.745,0.0,-1.25));
#5923=POINT_STYLE(' ',#9636,POSITIVE_LENGTH_MEASURE(1.0E-006),#9637);
#5924=CARTESIAN_POINT('',(6.54999999999966,-3.19999999999999,0.16665));
#5925=CURVE_STYLE('',#9638,POSITIVE_LENGTH_MEASURE(1.0E-006),#9639);
#5926=LINE('',#9640,#9641);
#5927=CURVE_STYLE('',#9642,POSITIVE_LENGTH_MEASURE(1.0E-006),#9643);
#5928=LINE('',#9644,#9645);
#5929=POINT_STYLE(' ',#9646,POSITIVE_LENGTH_MEASURE(1.0E-006),#9647);
#5930=CARTESIAN_POINT('',(2.8100000000008,0.150000000000006,0.625000000000114));
#5931=CURVE_STYLE('',#9648,POSITIVE_LENGTH_MEASURE(1.0E-006),#9649);
#5932=CIRCLE('',#9650,0.149999999999778);
#5933=CURVE_STYLE('',#9651,POSITIVE_LENGTH_MEASURE(1.0E-006),#9652);
#5934=LINE('',#9653,#9654);
#5935=CURVE_STYLE('',#9655,POSITIVE_LENGTH_MEASURE(1.0E-006),#9656);
#5936=LINE('',#9657,#9658);
#5937=CURVE_STYLE('',#9659,POSITIVE_LENGTH_MEASURE(1.0E-006),#9660);
#5938=LINE('',#9661,#9662);
#5939=POINT_STYLE(' ',#9663,POSITIVE_LENGTH_MEASURE(1.0E-006),#9664);
#5940=CARTESIAN_POINT('',(-2.81000000000011,0.753873053989039,0.16665));
#5941=SURFACE_STYLE_USAGE(.BOTH.,#9665);
#5942=FACE_OUTER_BOUND('',#9666,.T.);
#5943=PLANE('',#9667);
#5944=CURVE_STYLE('',#9668,POSITIVE_LENGTH_MEASURE(1.0E-006),#9669);
#5945=LINE('',#9670,#9671);
#5946=CURVE_STYLE('',#9672,POSITIVE_LENGTH_MEASURE(1.0E-006),#9673);
#5947=CIRCLE('',#9674,0.150000000000205);
#5948=POINT_STYLE(' ',#9675,POSITIVE_LENGTH_MEASURE(1.0E-006),#9676);
#5949=CARTESIAN_POINT('',(-3.32122065727702,0.753873053989039,-0.16665));
#5950=CURVE_STYLE('',#9677,POSITIVE_LENGTH_MEASURE(1.0E-006),#9678);
#5951=LINE('',#9679,#9680);
#5952=CURVE_STYLE('',#9681,POSITIVE_LENGTH_MEASURE(1.0E-006),#9682);
#5953=LINE('',#9683,#9684);
#5954=POINT_STYLE(' ',#9685,POSITIVE_LENGTH_MEASURE(1.0E-006),#9686);
#5955=CARTESIAN_POINT('',(-3.61000000000034,-3.19999999999999,-0.16665));
#5956=POINT_STYLE(' ',#9687,POSITIVE_LENGTH_MEASURE(1.0E-006),#9688);
#5957=CARTESIAN_POINT('',(6.02999999999966,0.587206387322199,-0.16665));
#5958=CURVE_STYLE('',#9689,POSITIVE_LENGTH_MEASURE(1.0E-006),#9690);
#5959=CIRCLE('',#9691,0.170335669583282);
#5960=POINT_STYLE(' ',#9692,POSITIVE_LENGTH_MEASURE(1.0E-006),#9693);
#5961=CARTESIAN_POINT('',(1.06999999999966,-3.19999999999999,0.16665));
#5962=POINT_STYLE(' ',#9694,POSITIVE_LENGTH_MEASURE(1.0E-006),#9695);
#5963=CARTESIAN_POINT('',(-2.2699999999992,0.0,-0.999999999999204));
#5964=CURVE_STYLE('',#9696,POSITIVE_LENGTH_MEASURE(1.0E-006),#9697);
#5965=LINE('',#9698,#9699);
#5966=POINT_STYLE(' ',#9700,POSITIVE_LENGTH_MEASURE(1.0E-006),#9701);
#5967=CARTESIAN_POINT('',(-6.55000000000034,-3.19999999999999,0.16665));
#5968=CURVE_STYLE('',#9702,POSITIVE_LENGTH_MEASURE(1.0E-006),#9703);
#5969=LINE('',#9704,#9705);
#5970=CURVE_STYLE('',#9706,POSITIVE_LENGTH_MEASURE(1.0E-006),#9707);
#5971=LINE('',#9708,#9709);
#5972=CURVE_STYLE('',#9710,POSITIVE_LENGTH_MEASURE(1.0E-006),#9711);
#5973=LINE('',#9712,#9713);
#5974=CURVE_STYLE('',#9714,POSITIVE_LENGTH_MEASURE(1.0E-006),#9715);
#5975=LINE('',#9716,#9717);
#5976=CURVE_STYLE('',#9718,POSITIVE_LENGTH_MEASURE(1.0E-006),#9719);
#5977=LINE('',#9720,#9721);
#5978=POINT_STYLE(' ',#9722,POSITIVE_LENGTH_MEASURE(1.0E-006),#9723);
#5979=CARTESIAN_POINT('',(4.00999999999966,-3.19999999999999,-0.16665));
#5980=CURVE_STYLE('',#9724,POSITIVE_LENGTH_MEASURE(1.0E-006),#9725);
#5981=LINE('',#9726,#9727);
#5982=POINT_STYLE(' ',#9728,POSITIVE_LENGTH_MEASURE(1.0E-006),#9729);
#5983=CARTESIAN_POINT('',(3.48999999999966,-2.54999999999999,-0.16665));
#5984=SURFACE_STYLE_USAGE(.BOTH.,#9730);
#5985=FACE_OUTER_BOUND('',#9731,.T.);
#5986=PLANE('',#9732);
#5987=CURVE_STYLE('',#9733,POSITIVE_LENGTH_MEASURE(1.0E-006),#9734);
#5988=CIRCLE('',#9735,0.150000000000205);
#5989=CURVE_STYLE('',#9736,POSITIVE_LENGTH_MEASURE(1.0E-006),#9737);
#5990=LINE('',#9738,#9739);
#5991=CURVE_STYLE('',#9740,POSITIVE_LENGTH_MEASURE(1.0E-006),#9741);
#5992=LINE('',#9742,#9743);
#5993=POINT_STYLE(' ',#9744,POSITIVE_LENGTH_MEASURE(1.0E-006),#9745);
#5994=CARTESIAN_POINT('',(1.72000000000016,7.99999999999996,-0.449999999999932));
#5995=CURVE_STYLE('',#9746,POSITIVE_LENGTH_MEASURE(1.0E-006),#9747);
#5996=LINE('',#9748,#9749);
#5997=CURVE_STYLE('',#9750,POSITIVE_LENGTH_MEASURE(1.0E-006),#9751);
#5998=LINE('',#9752,#9753);
#5999=POINT_STYLE(' ',#9754,POSITIVE_LENGTH_MEASURE(1.0E-006),#9755);
#6000=CARTESIAN_POINT('',(-6.03,7.57,0.32));
#6001=CURVE_STYLE('',#9756,POSITIVE_LENGTH_MEASURE(1.0E-006),#9757);
#6002=LINE('',#9758,#9759);
#6003=POINT_STYLE(' ',#9760,POSITIVE_LENGTH_MEASURE(1.0E-006),#9761);
#6004=CARTESIAN_POINT('',(-5.89999999999984,7.68,0.450000000000159));
#6005=CURVE_STYLE('',#9762,POSITIVE_LENGTH_MEASURE(1.0E-006),#9763);
#6006=LINE('',#9764,#9765);
#6007=CURVE_STYLE('',#9766,POSITIVE_LENGTH_MEASURE(1.0E-006),#9767);
#6008=LINE('',#9768,#9769);
#6009=CURVE_STYLE('',#9770,POSITIVE_LENGTH_MEASURE(1.0E-006),#9771);
#6010=LINE('',#9772,#9773);
#6011=CURVE_STYLE('',#9774,POSITIVE_LENGTH_MEASURE(1.0E-006),#9775);
#6012=LINE('',#9776,#9777);
#6013=CURVE_STYLE('',#9778,POSITIVE_LENGTH_MEASURE(1.0E-006),#9779);
#6014=LINE('',#9780,#9781);
#6015=CURVE_STYLE('',#9782,POSITIVE_LENGTH_MEASURE(1.0E-006),#9783);
#6016=LINE('',#9784,#9785);
#6017=POINT_STYLE(' ',#9786,POSITIVE_LENGTH_MEASURE(1.0E-006),#9787);
#6018=CARTESIAN_POINT('',(-4.8099999999992,0.0,0.775000000000091));
#6019=CURVE_STYLE('',#9788,POSITIVE_LENGTH_MEASURE(1.0E-006),#9789);
#6020=LINE('',#9790,#9791);
#6021=SURFACE_STYLE_USAGE(.BOTH.,#9792);
#6022=FACE_OUTER_BOUND('',#9793,.T.);
#6023=PLANE('',#9794);
#6024=CURVE_STYLE('',#9795,POSITIVE_LENGTH_MEASURE(1.0E-006),#9796);
#6025=LINE('',#9797,#9798);
#6026=POINT_STYLE(' ',#9799,POSITIVE_LENGTH_MEASURE(1.0E-006),#9800);
#6027=CARTESIAN_POINT('',(-6.79999999999993,8.00099999999996,0.451000000000158));
#6028=CURVE_STYLE('',#9801,POSITIVE_LENGTH_MEASURE(1.0E-006),#9802);
#6029=LINE('',#9803,#9804);
#6030=SURFACE_STYLE_USAGE(.BOTH.,#9805);
#6031=FACE_OUTER_BOUND('',#9806,.T.);
#6032=PLANE('',#9807);
#6033=POINT_STYLE(' ',#9808,POSITIVE_LENGTH_MEASURE(1.0E-006),#9809);
#6034=CARTESIAN_POINT('',(-5.65,7.65099999999999,0.450000000000159));
#6035=POINT_STYLE(' ',#9810,POSITIVE_LENGTH_MEASURE(1.0E-006),#9811);
#6036=CARTESIAN_POINT('',(-7.745,0.150000000000105,-0.625));
#6037=POINT_STYLE(' ',#9812,POSITIVE_LENGTH_MEASURE(1.0E-006),#9813);
#6038=CARTESIAN_POINT('',(3.48999999999966,-2.54999999999999,0.16665));
#6039=CURVE_STYLE('',#9814,POSITIVE_LENGTH_MEASURE(1.0E-006),#9815);
#6040=LINE('',#9816,#9817);
#6041=CURVE_STYLE('',#9818,POSITIVE_LENGTH_MEASURE(1.0E-006),#9819);
#6042=LINE('',#9820,#9821);
#6043=CURVE_STYLE('',#9822,POSITIVE_LENGTH_MEASURE(1.0E-006),#9823);
#6044=LINE('',#9824,#9825);
#6045=SURFACE_STYLE_USAGE(.BOTH.,#9826);
#6046=FACE_BOUND('',#9827,.T.);
#6047=FACE_OUTER_BOUND('',#9828,.T.);
#6048=PLANE('',#9829);
#6049=CURVE_STYLE('',#9830,POSITIVE_LENGTH_MEASURE(1.0E-006),#9831);
#6050=LINE('',#9832,#9833);
#6051=CURVE_STYLE('',#9834,POSITIVE_LENGTH_MEASURE(1.0E-006),#9835);
#6052=LINE('',#9836,#9837);
#6053=POINT_STYLE(' ',#9838,POSITIVE_LENGTH_MEASURE(1.0E-006),#9839);
#6054=CARTESIAN_POINT('',(-7.3499999999992,0.0,-0.775000000000091));
#6055=SURFACE_STYLE_USAGE(.BOTH.,#9840);
#6056=FACE_BOUND('',#9841,.T.);
#6057=FACE_OUTER_BOUND('',#9842,.T.);
#6058=PLANE('',#9843);
#6059=SURFACE_STYLE_USAGE(.BOTH.,#9844);
#6060=FACE_OUTER_BOUND('',#9845,.T.);
#6061=PLANE('',#9846);
#6062=POINT_STYLE(' ',#9847,POSITIVE_LENGTH_MEASURE(1.0E-006),#9848);
#6063=CARTESIAN_POINT('',(-5.65,7.64999999999999,-0.7));
#6064=CURVE_STYLE('',#9849,POSITIVE_LENGTH_MEASURE(1.0E-006),#9850);
#6065=LINE('',#9851,#9852);
#6066=POINT_STYLE(' ',#9853,POSITIVE_LENGTH_MEASURE(1.0E-006),#9854);
#6067=CARTESIAN_POINT('',(-2.81000000000011,1.90282814901086,0.16665));
#6068=POINT_STYLE(' ',#9855,POSITIVE_LENGTH_MEASURE(1.0E-006),#9856);
#6069=CARTESIAN_POINT('',(-2.2699999999992,0.599999999999994,-0.625));
#6070=CURVE_STYLE('',#9857,POSITIVE_LENGTH_MEASURE(1.0E-006),#9858);
#6071=LINE('',#9859,#9860);
#6072=SURFACE_STYLE_USAGE(.BOTH.,#9861);
#6073=FACE_OUTER_BOUND('',#9862,.T.);
#6074=PLANE('',#9863);
#6075=CURVE_STYLE('',#9864,POSITIVE_LENGTH_MEASURE(1.0E-006),#9865);
#6076=LINE('',#9866,#9867);
#6077=CURVE_STYLE('',#9868,POSITIVE_LENGTH_MEASURE(1.0E-006),#9869);
#6078=LINE('',#9870,#9871);
#6079=CURVE_STYLE('',#9872,POSITIVE_LENGTH_MEASURE(1.0E-006),#9873);
#6080=LINE('',#9874,#9875);
#6081=POINT_STYLE(' ',#9876,POSITIVE_LENGTH_MEASURE(1.0E-006),#9877);
#6082=CARTESIAN_POINT('',(7.745,0.0,1.25));
#6083=POINT_STYLE(' ',#9878,POSITIVE_LENGTH_MEASURE(1.0E-006),#9879);
#6084=CARTESIAN_POINT('',(-7.3499999999992,0.599999999999994,-0.625));
#6085=CURVE_STYLE('',#9880,POSITIVE_LENGTH_MEASURE(1.0E-006),#9881);
#6086=LINE('',#9882,#9883);
#6087=CURVE_STYLE('',#9884,POSITIVE_LENGTH_MEASURE(1.0E-006),#9885);
#6088=LINE('',#9886,#9887);
#6089=POINT_STYLE(' ',#9888,POSITIVE_LENGTH_MEASURE(1.0E-006),#9889);
#6090=CARTESIAN_POINT('',(-0.270000000000114,7.64999999999999,-0.449999999999932));
#6091=CURVE_STYLE('',#9890,POSITIVE_LENGTH_MEASURE(1.0E-006),#9891);
#6092=LINE('',#9892,#9893);
#6093=CURVE_STYLE('',#9894,POSITIVE_LENGTH_MEASURE(1.0E-006),#9895);
#6094=CIRCLE('',#9896,0.149999999999778);
#6095=SURFACE_STYLE_USAGE(.BOTH.,#9897);
#6096=FACE_OUTER_BOUND('',#9898,.T.);
#6097=PLANE('',#9899);
#6098=SURFACE_STYLE_USAGE(.BOTH.,#9900);
#6099=FACE_OUTER_BOUND('',#9901,.T.);
#6100=PLANE('',#9902);
#6101=POINT_STYLE(' ',#9903,POSITIVE_LENGTH_MEASURE(1.0E-006),#9904);
#6102=CARTESIAN_POINT('',(-2.2699999999992,7.64999999999999,0.999999999999886));
#6103=POINT_STYLE(' ',#9905,POSITIVE_LENGTH_MEASURE(1.0E-006),#9906);
#6104=CARTESIAN_POINT('',(-6.79999999999993,7.68,0.450000000000159));
#6105=SURFACE_STYLE_USAGE(.BOTH.,#9907);
#6106=FACE_OUTER_BOUND('',#9908,.T.);
#6107=PLANE('',#9909);
#6108=CURVE_STYLE('',#9910,POSITIVE_LENGTH_MEASURE(1.0E-006),#9911);
#6109=LINE('',#9912,#9913);
#6110=CURVE_STYLE('',#9914,POSITIVE_LENGTH_MEASURE(1.0E-006),#9915);
#6111=LINE('',#9916,#9917);
#6112=POINT_STYLE(' ',#9918,POSITIVE_LENGTH_MEASURE(1.0E-006),#9919);
#6113=CARTESIAN_POINT('',(-4.01000000000034,-3.19999999999999,-0.16665));
#6114=SURFACE_STYLE_USAGE(.BOTH.,#9920);
#6115=FACE_OUTER_BOUND('',#9921,.T.);
#6116=PLANE('',#9922);
#6117=POINT_STYLE(' ',#9923,POSITIVE_LENGTH_MEASURE(1.0E-006),#9924);
#6118=CARTESIAN_POINT('',(0.820000000000069,7.99999999999996,0.450000000000159));
#6119=POINT_STYLE(' ',#9925,POSITIVE_LENGTH_MEASURE(1.0E-006),#9926);
#6120=CARTESIAN_POINT('',(1.58999999999966,0.58720638732241,-0.16665));
#6121=CURVE_STYLE('',#9927,POSITIVE_LENGTH_MEASURE(1.0E-006),#9928);
#6122=LINE('',#9929,#9930);
#6123=SURFACE_STYLE_USAGE(.BOTH.,#9931);
#6124=FACE_OUTER_BOUND('',#9932,.T.);
#6125=PLANE('',#9933);
#6126=CURVE_STYLE('',#9934,POSITIVE_LENGTH_MEASURE(1.0E-006),#9935);
#6127=CIRCLE('',#9936,0.149999999999778);
#6128=CURVE_STYLE('',#9937,POSITIVE_LENGTH_MEASURE(1.0E-006),#9938);
#6129=LINE('',#9939,#9940);
#6130=CURVE_STYLE('',#9941,POSITIVE_LENGTH_MEASURE(1.0E-006),#9942);
#6131=LINE('',#9943,#9944);
#6132=POINT_STYLE(' ',#9945,POSITIVE_LENGTH_MEASURE(1.0E-006),#9946);
#6133=CARTESIAN_POINT('',(4.80999999999989,7.65099999999999,-0.449999999999932));
#6134=SURFACE_STYLE_USAGE(.BOTH.,#9947);
#6135=FACE_OUTER_BOUND('',#9948,.T.);
#6136=PLANE('',#9949);
#6137=SURFACE_STYLE_USAGE(.BOTH.,#9950);
#6138=FACE_OUTER_BOUND('',#9951,.T.);
#6139=PLANE('',#9952);
#6140=CURVE_STYLE('',#9953,POSITIVE_LENGTH_MEASURE(1.0E-006),#9954);
#6141=LINE('',#9955,#9956);
#6142=POINT_STYLE(' ',#9957,POSITIVE_LENGTH_MEASURE(1.0E-006),#9958);
#6143=CARTESIAN_POINT('',(-7.3499999999992,7.64999999999999,0.450000000000159));
#6144=CURVE_STYLE('',#9959,POSITIVE_LENGTH_MEASURE(1.0E-006),#9960);
#6145=LINE('',#9961,#9962);
#6146=CURVE_STYLE('',#9963,POSITIVE_LENGTH_MEASURE(1.0E-006),#9964);
#6147=CIRCLE('',#9965,0.170335669584691);
#6148=POINT_STYLE(' ',#9966,POSITIVE_LENGTH_MEASURE(1.0E-006),#9967);
#6149=CARTESIAN_POINT('',(-5.35000000000011,0.150000000000006,0.625000000000113));
#6150=POINT_STYLE(' ',#9968,POSITIVE_LENGTH_MEASURE(1.0E-006),#9969);
#6151=CARTESIAN_POINT('',(7.29900000000016,8.49999999999996,0.95000000000016));
#6152=POINT_STYLE(' ',#9970,POSITIVE_LENGTH_MEASURE(1.0E-006),#9971);
#6153=CARTESIAN_POINT('',(2.8100000000008,0.599999999999994,0.625));
#6154=CURVE_STYLE('',#9972,POSITIVE_LENGTH_MEASURE(1.0E-006),#9973);
#6155=LINE('',#9974,#9975);
#6156=POINT_STYLE(' ',#9976,POSITIVE_LENGTH_MEASURE(1.0E-006),#9977);
#6157=CARTESIAN_POINT('',(-5.35000000000011,0.599999999999994,-0.625));
#6158=CURVE_STYLE('',#9978,POSITIVE_LENGTH_MEASURE(1.0E-006),#9979);
#6159=LINE('',#9980,#9981);
#6160=SURFACE_STYLE_USAGE(.BOTH.,#9982);
#6161=FACE_OUTER_BOUND('',#9983,.T.);
#6162=PLANE('',#9984);
#6163=CURVE_STYLE('',#9985,POSITIVE_LENGTH_MEASURE(1.0E-006),#9986);
#6164=CIRCLE('',#9987,0.170335669583282);
#6165=CURVE_STYLE('',#9988,POSITIVE_LENGTH_MEASURE(1.0E-006),#9989);
#6166=LINE('',#9990,#9991);
#6167=CURVE_STYLE('',#9992,POSITIVE_LENGTH_MEASURE(1.0E-006),#9993);
#6168=LINE('',#9994,#9995);
#6169=SURFACE_STYLE_USAGE(.BOTH.,#9996);
#6170=FACE_OUTER_BOUND('',#9997,.T.);
#6171=PLANE('',#9998);
#6172=CURVE_STYLE('',#9999,POSITIVE_LENGTH_MEASURE(1.0E-006),#10000);
#6173=LINE('',#10001,#10002);
#6174=CURVE_STYLE('',#10003,POSITIVE_LENGTH_MEASURE(1.0E-006),#10004);
#6175=LINE('',#10005,#10006);
#6176=SURFACE_STYLE_USAGE(.BOTH.,#10007);
#6177=FACE_OUTER_BOUND('',#10008,.T.);
#6178=PLANE('',#10009);
#6179=CURVE_STYLE('',#10010,POSITIVE_LENGTH_MEASURE(1.0E-006),#10011);
#6180=LINE('',#10012,#10013);
#6181=POINT_STYLE(' ',#10014,POSITIVE_LENGTH_MEASURE(1.0E-006),#10015);
#6182=CARTESIAN_POINT('',(-1.71999999999993,7.65099999999999,-0.449999999999932));
#6183=POINT_STYLE(' ',#10016,POSITIVE_LENGTH_MEASURE(1.0E-006),#10017);
#6184=CARTESIAN_POINT('',(5.35000000000079,7.64999999999999,0.450000000000159));
#6185=POINT_STYLE(' ',#10018,POSITIVE_LENGTH_MEASURE(1.0E-006),#10019);
#6186=CARTESIAN_POINT('',(-0.270000000000114,0.0,-0.775000000000091));
#6187=POINT_STYLE(' ',#10020,POSITIVE_LENGTH_MEASURE(1.0E-006),#10021);
#6188=CARTESIAN_POINT('',(-0.270000000000114,0.599999999999994,0.625));
#6189=SURFACE_STYLE_USAGE(.BOTH.,#10022);
#6190=FACE_OUTER_BOUND('',#10023,.T.);
#6191=PLANE('',#10024);
#6192=CURVE_STYLE('',#10025,POSITIVE_LENGTH_MEASURE(1.0E-006),#10026);
#6193=LINE('',#10027,#10028);
#6194=POINT_STYLE(' ',#10029,POSITIVE_LENGTH_MEASURE(1.0E-006),#10030);
#6195=CARTESIAN_POINT('',(6.66999999999966,0.58720638732241,-0.16665));
#6196=CURVE_STYLE('',#10031,POSITIVE_LENGTH_MEASURE(1.0E-006),#10032);
#6197=CIRCLE('',#10033,0.170335669583282);
#6198=CURVE_STYLE('',#10034,POSITIVE_LENGTH_MEASURE(1.0E-006),#10035);
#6199=LINE('',#10036,#10037);
#6200=CURVE_STYLE('',#10038,POSITIVE_LENGTH_MEASURE(1.0E-006),#10039);
#6201=LINE('',#10040,#10041);
#6202=POINT_STYLE(' ',#10042,POSITIVE_LENGTH_MEASURE(1.0E-006),#10043);
#6203=CARTESIAN_POINT('',(7.34999999999989,0.599999999999994,0.625));
#6204=SURFACE_STYLE_USAGE(.BOTH.,#10044);
#6205=FACE_OUTER_BOUND('',#10045,.T.);
#6206=PLANE('',#10046);
#6207=CURVE_STYLE('',#10047,POSITIVE_LENGTH_MEASURE(1.0E-006),#10048);
#6208=LINE('',#10049,#10050);
#6209=POINT_STYLE(' ',#10051,POSITIVE_LENGTH_MEASURE(1.0E-006),#10052);
#6210=CARTESIAN_POINT('',(-5.65,7.64999999999999,0.450000000000159));
#6211=POINT_STYLE(' ',#10053,POSITIVE_LENGTH_MEASURE(1.0E-006),#10054);
#6212=CARTESIAN_POINT('',(3.36000000000007,8.00099999999996,0.451000000000159));
#6213=POINT_STYLE(' ',#10055,POSITIVE_LENGTH_MEASURE(1.0E-006),#10056);
#6214=CARTESIAN_POINT('',(-6.83877934272298,0.753873053988883,-0.16665));
#6215=CURVE_STYLE('',#10057,POSITIVE_LENGTH_MEASURE(1.0E-006),#10058);
#6216=LINE('',#10059,#10060);
#6217=POINT_STYLE(' ',#10061,POSITIVE_LENGTH_MEASURE(1.0E-006),#10062);
#6218=CARTESIAN_POINT('',(4.80999999999989,0.753873053989039,0.16665));
#6219=CURVE_STYLE('',#10063,POSITIVE_LENGTH_MEASURE(1.0E-006),#10064);
#6220=LINE('',#10065,#10066);
#6221=CURVE_STYLE('',#10067,POSITIVE_LENGTH_MEASURE(1.0E-006),#10068);
#6222=LINE('',#10069,#10070);
#6223=CURVE_STYLE('',#10071,POSITIVE_LENGTH_MEASURE(1.0E-006),#10072);
#6224=LINE('',#10073,#10074);
#6225=SURFACE_STYLE_USAGE(.BOTH.,#10075);
#6226=FACE_OUTER_BOUND('',#10076,.T.);
#6227=PLANE('',#10077);
#6228=SURFACE_STYLE_USAGE(.BOTH.,#10078);
#6229=FACE_OUTER_BOUND('',#10079,.T.);
#6230=PLANE('',#10080);
#6231=CURVE_STYLE('',#10081,POSITIVE_LENGTH_MEASURE(1.0E-006),#10082);
#6232=LINE('',#10083,#10084);
#6233=POINT_STYLE(' ',#10085,POSITIVE_LENGTH_MEASURE(1.0E-006),#10086);
#6234=CARTESIAN_POINT('',(-5.35000000000011,0.0,-0.775000000000091));
#6235=POINT_STYLE(' ',#10087,POSITIVE_LENGTH_MEASURE(1.0E-006),#10088);
#6236=CARTESIAN_POINT('',(-7.3499999999992,1.90282814901086,0.166649999999999));
#6237=CURVE_STYLE('',#10089,POSITIVE_LENGTH_MEASURE(1.0E-006),#10090);
#6238=LINE('',#10091,#10092);
#6239=CURVE_STYLE('',#10093,POSITIVE_LENGTH_MEASURE(1.0E-006),#10094);
#6240=LINE('',#10095,#10096);
#6241=CURVE_STYLE('',#10097,POSITIVE_LENGTH_MEASURE(1.0E-006),#10098);
#6242=LINE('',#10099,#10100);
#6243=CURVE_STYLE('',#10101,POSITIVE_LENGTH_MEASURE(1.0E-006),#10102);
#6244=LINE('',#10103,#10104);
#6245=CURVE_STYLE('',#10105,POSITIVE_LENGTH_MEASURE(1.0E-006),#10106);
#6246=LINE('',#10107,#10108);
#6247=CURVE_STYLE('',#10109,POSITIVE_LENGTH_MEASURE(1.0E-006),#10110);
#6248=LINE('',#10111,#10112);
#6249=CURVE_STYLE('',#10113,POSITIVE_LENGTH_MEASURE(1.0E-006),#10114);
#6250=LINE('',#10115,#10116);
#6251=CURVE_STYLE('',#10117,POSITIVE_LENGTH_MEASURE(1.0E-006),#10118);
#6252=CIRCLE('',#10119,0.170335669583282);
#6253=CURVE_STYLE('',#10120,POSITIVE_LENGTH_MEASURE(1.0E-006),#10121);
#6254=LINE('',#10122,#10123);
#6255=CURVE_STYLE('',#10124,POSITIVE_LENGTH_MEASURE(1.0E-006),#10125);
#6256=LINE('',#10126,#10127);
#6257=CURVE_STYLE('',#10128,POSITIVE_LENGTH_MEASURE(1.0E-006),#10129);
#6258=LINE('',#10130,#10131);
#6259=POINT_STYLE(' ',#10132,POSITIVE_LENGTH_MEASURE(1.0E-006),#10133);
#6260=CARTESIAN_POINT('',(-7.05,7.57,0.7));
#6261=POINT_STYLE(' ',#10134,POSITIVE_LENGTH_MEASURE(1.0E-006),#10135);
#6262=CARTESIAN_POINT('',(-3.49000000000034,0.58720638732241,-0.16665));
#6263=CURVE_STYLE('',#10136,POSITIVE_LENGTH_MEASURE(1.0E-006),#10137);
#6264=LINE('',#10138,#10139);
#6265=SURFACE_STYLE_USAGE(.BOTH.,#10140);
#6266=FACE_OUTER_BOUND('',#10141,.T.);
#6267=CYLINDRICAL_SURFACE('',#10142,0.149999999999778);
#6268=CURVE_STYLE('',#10143,POSITIVE_LENGTH_MEASURE(1.0E-006),#10144);
#6269=LINE('',#10145,#10146);
#6270=SURFACE_STYLE_USAGE(.BOTH.,#10147);
#6271=FACE_OUTER_BOUND('',#10148,.T.);
#6272=PLANE('',#10149);
#6273=CURVE_STYLE('',#10150,POSITIVE_LENGTH_MEASURE(1.0E-006),#10151);
#6274=LINE('',#10152,#10153);
#6275=SURFACE_STYLE_USAGE(.BOTH.,#10154);
#6276=FACE_OUTER_BOUND('',#10155,.T.);
#6277=PLANE('',#10156);
#6278=SURFACE_STYLE_USAGE(.BOTH.,#10157);
#6279=FACE_OUTER_BOUND('',#10158,.T.);
#6280=PLANE('',#10159);
#6281=CURVE_STYLE('',#10160,POSITIVE_LENGTH_MEASURE(1.0E-006),#10161);
#6282=LINE('',#10162,#10163);
#6283=CURVE_STYLE('',#10164,POSITIVE_LENGTH_MEASURE(1.0E-006),#10165);
#6284=LINE('',#10166,#10167);
#6285=SURFACE_STYLE_USAGE(.BOTH.,#10168);
#6286=FACE_OUTER_BOUND('',#10169,.T.);
#6287=PLANE('',#10170);
#6288=POINT_STYLE(' ',#10171,POSITIVE_LENGTH_MEASURE(1.0E-006),#10172);
#6289=CARTESIAN_POINT('',(4.26000000000016,7.65099999999999,-0.449999999999932));
#6290=CURVE_STYLE('',#10173,POSITIVE_LENGTH_MEASURE(1.0E-006),#10174);
#6291=LINE('',#10175,#10176);
#6292=POINT_STYLE(' ',#10177,POSITIVE_LENGTH_MEASURE(1.0E-006),#10178);
#6293=CARTESIAN_POINT('',(-0.270000000000114,7.65099999999999,0.450000000000159));
#6294=SURFACE_STYLE_USAGE(.BOTH.,#10179);
#6295=FACE_OUTER_BOUND('',#10180,.T.);
#6296=PLANE('',#10181);
#6297=CURVE_STYLE('',#10182,POSITIVE_LENGTH_MEASURE(1.0E-006),#10183);
#6298=LINE('',#10184,#10185);
#6299=POINT_STYLE(' ',#10186,POSITIVE_LENGTH_MEASURE(1.0E-006),#10187);
#6300=CARTESIAN_POINT('',(4.80999999999989,7.64999999999999,-0.449999999999932));
#6301=CURVE_STYLE('',#10188,POSITIVE_LENGTH_MEASURE(1.0E-006),#10189);
#6302=LINE('',#10190,#10191);
#6303=CURVE_STYLE('',#10192,POSITIVE_LENGTH_MEASURE(1.0E-006),#10193);
#6304=LINE('',#10194,#10195);
#6305=POINT_STYLE(' ',#10196,POSITIVE_LENGTH_MEASURE(1.0E-006),#10197);
#6306=CARTESIAN_POINT('',(2.21900000000016,8.49999999999996,0.950000000000159));
#6307=CURVE_STYLE('',#10198,POSITIVE_LENGTH_MEASURE(1.0E-006),#10199);
#6308=LINE('',#10200,#10201);
#6309=POINT_STYLE(' ',#10202,POSITIVE_LENGTH_MEASURE(1.0E-006),#10203);
#6310=CARTESIAN_POINT('',(-5.86122065727702,0.753873053989039,0.16665));
#6311=CURVE_STYLE('',#10204,POSITIVE_LENGTH_MEASURE(1.0E-006),#10205);
#6312=LINE('',#10206,#10207);
#6313=CURVE_STYLE('',#10208,POSITIVE_LENGTH_MEASURE(1.0E-006),#10209);
#6314=LINE('',#10210,#10211);
#6315=POINT_STYLE(' ',#10212,POSITIVE_LENGTH_MEASURE(1.0E-006),#10213);
#6316=CARTESIAN_POINT('',(-4.8099999999992,0.753873053988997,-0.16665));
#6317=CURVE_STYLE('',#10214,POSITIVE_LENGTH_MEASURE(1.0E-006),#10215);
#6318=LINE('',#10216,#10217);
#6319=POINT_STYLE(' ',#10218,POSITIVE_LENGTH_MEASURE(1.0E-006),#10219);
#6320=CARTESIAN_POINT('',(-5.89999999999984,8.00099999999996,-0.450999999999931));
#6321=CURVE_STYLE('',#10220,POSITIVE_LENGTH_MEASURE(1.0E-006),#10221);
#6322=LINE('',#10222,#10223);
#6323=CURVE_STYLE('',#10224,POSITIVE_LENGTH_MEASURE(1.0E-006),#10225);
#6324=LINE('',#10226,#10227);
#6325=CURVE_STYLE('',#10228,POSITIVE_LENGTH_MEASURE(1.0E-006),#10229);
#6326=LINE('',#10230,#10231);
#6327=POINT_STYLE(' ',#10232,POSITIVE_LENGTH_MEASURE(1.0E-006),#10233);
#6328=CARTESIAN_POINT('',(0.949999999999659,-2.54999999999999,0.16665));
#6329=POINT_STYLE(' ',#10234,POSITIVE_LENGTH_MEASURE(1.0E-006),#10235);
#6330=CARTESIAN_POINT('',(3.48999999999966,0.587206387322199,0.16665));
#6331=CURVE_STYLE('',#10236,POSITIVE_LENGTH_MEASURE(1.0E-006),#10237);
#6332=LINE('',#10238,#10239);
#6333=CURVE_STYLE('',#10240,POSITIVE_LENGTH_MEASURE(1.0E-006),#10241);
#6334=LINE('',#10242,#10243);
#6335=CURVE_STYLE('',#10244,POSITIVE_LENGTH_MEASURE(1.0E-006),#10245);
#6336=LINE('',#10246,#10247);
#6337=CURVE_STYLE('',#10248,POSITIVE_LENGTH_MEASURE(1.0E-006),#10249);
#6338=LINE('',#10250,#10251);
#6339=CURVE_STYLE('',#10252,POSITIVE_LENGTH_MEASURE(1.0E-006),#10253);
#6340=LINE('',#10254,#10255);
#6341=CURVE_STYLE('',#10256,POSITIVE_LENGTH_MEASURE(1.0E-006),#10257);
#6342=LINE('',#10258,#10259);
#6343=SURFACE_STYLE_USAGE(.BOTH.,#10260);
#6344=FACE_OUTER_BOUND('',#10261,.T.);
#6345=CYLINDRICAL_SURFACE('',#10262,0.150000000000205);
#6346=CURVE_STYLE('',#10263,POSITIVE_LENGTH_MEASURE(1.0E-006),#10264);
#6347=LINE('',#10265,#10266);
#6348=CURVE_STYLE('',#10267,POSITIVE_LENGTH_MEASURE(1.0E-006),#10268);
#6349=LINE('',#10269,#10270);
#6350=SURFACE_STYLE_USAGE(.BOTH.,#10271);
#6351=FACE_OUTER_BOUND('',#10272,.T.);
#6352=PLANE('',#10273);
#6353=CURVE_STYLE('',#10274,POSITIVE_LENGTH_MEASURE(1.0E-006),#10275);
#6354=LINE('',#10276,#10277);
#6355=CURVE_STYLE('',#10278,POSITIVE_LENGTH_MEASURE(1.0E-006),#10279);
#6356=LINE('',#10280,#10281);
#6357=CURVE_STYLE('',#10282,POSITIVE_LENGTH_MEASURE(1.0E-006),#10283);
#6358=LINE('',#10284,#10285);
#6359=SURFACE_STYLE_USAGE(.BOTH.,#10286);
#6360=FACE_BOUND('',#10287,.T.);
#6361=FACE_OUTER_BOUND('',#10288,.T.);
#6362=PLANE('',#10289);
#6363=CURVE_STYLE('',#10290,POSITIVE_LENGTH_MEASURE(1.0E-006),#10291);
#6364=LINE('',#10292,#10293);
#6365=CURVE_STYLE('',#10294,POSITIVE_LENGTH_MEASURE(1.0E-006),#10295);
#6366=LINE('',#10296,#10297);
#6367=CURVE_STYLE('',#10298,POSITIVE_LENGTH_MEASURE(1.0E-006),#10299);
#6368=LINE('',#10300,#10301);
#6369=CURVE_STYLE('',#10302,POSITIVE_LENGTH_MEASURE(1.0E-006),#10303);
#6370=LINE('',#10304,#10305);
#6371=POINT_STYLE(' ',#10306,POSITIVE_LENGTH_MEASURE(1.0E-006),#10307);
#6372=CARTESIAN_POINT('',(-4.8099999999992,0.599999999999994,-0.625));
#6373=CURVE_STYLE('',#10308,POSITIVE_LENGTH_MEASURE(1.0E-006),#10309);
#6374=LINE('',#10310,#10311);
#6375=CURVE_STYLE('',#10312,POSITIVE_LENGTH_MEASURE(1.0E-006),#10313);
#6376=LINE('',#10314,#10315);
#6377=POINT_STYLE(' ',#10316,POSITIVE_LENGTH_MEASURE(1.0E-006),#10317);
#6378=CARTESIAN_POINT('',(7.34999999999989,7.64999999999999,0.999999999999887));
#6379=CURVE_STYLE('',#10318,POSITIVE_LENGTH_MEASURE(1.0E-006),#10319);
#6380=LINE('',#10320,#10321);
#6381=POINT_STYLE(' ',#10322,POSITIVE_LENGTH_MEASURE(1.0E-006),#10323);
#6382=CARTESIAN_POINT('',(2.26999999999989,7.64999999999999,-1.00000000000011));
#6383=POINT_STYLE(' ',#10324,POSITIVE_LENGTH_MEASURE(1.0E-006),#10325);
#6384=CARTESIAN_POINT('',(-4.8099999999992,7.64999999999999,-0.449999999999932));
#6385=CURVE_STYLE('',#10326,POSITIVE_LENGTH_MEASURE(1.0E-006),#10327);
#6386=LINE('',#10328,#10329);
#6387=POINT_STYLE(' ',#10330,POSITIVE_LENGTH_MEASURE(1.0E-006),#10331);
#6388=CARTESIAN_POINT('',(-6.79999999999993,8.00099999999996,-0.450999999999931));
#6389=POINT_STYLE(' ',#10332,POSITIVE_LENGTH_MEASURE(1.0E-006),#10333);
#6390=CARTESIAN_POINT('',(5.35000000000079,0.150000000000006,0.625000000000114));
#6391=CURVE_STYLE('',#10334,POSITIVE_LENGTH_MEASURE(1.0E-006),#10335);
#6392=LINE('',#10336,#10337);
#6393=POINT_STYLE(' ',#10338,POSITIVE_LENGTH_MEASURE(1.0E-006),#10339);
#6394=CARTESIAN_POINT('',(-5.89999999999984,7.68,-0.449999999999932));
#6395=POINT_STYLE(' ',#10340,POSITIVE_LENGTH_MEASURE(1.0E-006),#10341);
#6396=CARTESIAN_POINT('',(-7.3499999999992,0.753873053988997,0.166649999999999));
#6397=SURFACE_STYLE_USAGE(.BOTH.,#10342);
#6398=FACE_OUTER_BOUND('',#10343,.T.);
#6399=PLANE('',#10344);
#6400=POINT_STYLE(' ',#10345,POSITIVE_LENGTH_MEASURE(1.0E-006),#10346);
#6401=CARTESIAN_POINT('',(5.35000000000079,1.90282814901086,-0.16665));
#6402=CURVE_STYLE('',#10347,POSITIVE_LENGTH_MEASURE(1.0E-006),#10348);
#6403=LINE('',#10349,#10350);
#6404=CURVE_STYLE('',#10351,POSITIVE_LENGTH_MEASURE(1.0E-006),#10352);
#6405=LINE('',#10353,#10354);
#6406=CURVE_STYLE('',#10355,POSITIVE_LENGTH_MEASURE(1.0E-006),#10356);
#6407=LINE('',#10357,#10358);
#6408=SURFACE_STYLE_USAGE(.BOTH.,#10359);
#6409=FACE_OUTER_BOUND('',#10360,.T.);
#6410=CYLINDRICAL_SURFACE('',#10361,0.170335669583282);
#6411=CURVE_STYLE('',#10362,POSITIVE_LENGTH_MEASURE(1.0E-006),#10363);
#6412=LINE('',#10364,#10365);
#6413=CURVE_STYLE('',#10366,POSITIVE_LENGTH_MEASURE(1.0E-006),#10367);
#6414=LINE('',#10368,#10369);
#6415=CURVE_STYLE('',#10370,POSITIVE_LENGTH_MEASURE(1.0E-006),#10371);
#6416=LINE('',#10372,#10373);
#6417=POINT_STYLE(' ',#10374,POSITIVE_LENGTH_MEASURE(1.0E-006),#10375);
#6418=CARTESIAN_POINT('',(-2.2699999999992,1.90282814901086,-0.16665));
#6419=CURVE_STYLE('',#10376,POSITIVE_LENGTH_MEASURE(1.0E-006),#10377);
#6420=LINE('',#10378,#10379);
#6421=POINT_STYLE(' ',#10380,POSITIVE_LENGTH_MEASURE(1.0E-006),#10381);
#6422=CARTESIAN_POINT('',(-0.320999999999841,8.49999999999996,0.950000000000159));
#6423=CURVE_STYLE('',#10382,POSITIVE_LENGTH_MEASURE(1.0E-006),#10383);
#6424=CIRCLE('',#10384,0.170335669583282);
#6425=CURVE_STYLE('',#10385,POSITIVE_LENGTH_MEASURE(1.0E-006),#10386);
#6426=LINE('',#10387,#10388);
#6427=CURVE_STYLE('',#10389,POSITIVE_LENGTH_MEASURE(1.0E-006),#10390);
#6428=LINE('',#10391,#10392);
#6429=CURVE_STYLE('',#10393,POSITIVE_LENGTH_MEASURE(1.0E-006),#10394);
#6430=LINE('',#10395,#10396);
#6431=CURVE_STYLE('',#10397,POSITIVE_LENGTH_MEASURE(1.0E-006),#10398);
#6432=LINE('',#10399,#10400);
#6433=CURVE_STYLE('',#10401,POSITIVE_LENGTH_MEASURE(1.0E-006),#10402);
#6434=LINE('',#10403,#10404);
#6435=CURVE_STYLE('',#10405,POSITIVE_LENGTH_MEASURE(1.0E-006),#10406);
#6436=LINE('',#10407,#10408);
#6437=SURFACE_STYLE_USAGE(.BOTH.,#10409);
#6438=FACE_OUTER_BOUND('',#10410,.T.);
#6439=PLANE('',#10411);
#6440=CURVE_STYLE('',#10412,POSITIVE_LENGTH_MEASURE(1.0E-006),#10413);
#6441=LINE('',#10414,#10415);
#6442=CURVE_STYLE('',#10416,POSITIVE_LENGTH_MEASURE(1.0E-006),#10417);
#6443=LINE('',#10418,#10419);
#6444=POINT_STYLE(' ',#10420,POSITIVE_LENGTH_MEASURE(1.0E-006),#10421);
#6445=CARTESIAN_POINT('',(-0.270000000000114,0.150000000000006,0.625000000000114));
#6446=CURVE_STYLE('',#10422,POSITIVE_LENGTH_MEASURE(1.0E-006),#10423);
#6447=LINE('',#10424,#10425);
#6448=CURVE_STYLE('',#10426,POSITIVE_LENGTH_MEASURE(1.0E-006),#10427);
#6449=LINE('',#10428,#10429);
#6450=POINT_STYLE(' ',#10430,POSITIVE_LENGTH_MEASURE(1.0E-006),#10431);
#6451=CARTESIAN_POINT('',(0.820000000000069,7.65099999999999,-0.449999999999932));
#6452=SURFACE_STYLE_USAGE(.BOTH.,#10432);
#6453=FACE_OUTER_BOUND('',#10433,.T.);
#6454=PLANE('',#10434);
#6455=CURVE_STYLE('',#10435,POSITIVE_LENGTH_MEASURE(1.0E-006),#10436);
#6456=LINE('',#10437,#10438);
#6457=POINT_STYLE(' ',#10439,POSITIVE_LENGTH_MEASURE(1.0E-006),#10440);
#6458=CARTESIAN_POINT('',(-2.81000000000011,7.64999999999999,0.450000000000159));
#6459=CURVE_STYLE('',#10441,POSITIVE_LENGTH_MEASURE(1.0E-006),#10442);
#6460=LINE('',#10443,#10444);
#6461=CURVE_STYLE('',#10445,POSITIVE_LENGTH_MEASURE(1.0E-006),#10446);
#6462=LINE('',#10447,#10448);
#6463=POINT_STYLE(' ',#10449,POSITIVE_LENGTH_MEASURE(1.0E-006),#10450);
#6464=CARTESIAN_POINT('',(4.26000000000016,8.00099999999996,0.451000000000159));
#6465=POINT_STYLE(' ',#10451,POSITIVE_LENGTH_MEASURE(1.0E-006),#10452);
#6466=CARTESIAN_POINT('',(-0.270000000000114,0.753873053989039,-0.16665));
#6467=POINT_STYLE(' ',#10453,POSITIVE_LENGTH_MEASURE(1.0E-006),#10454);
#6468=CARTESIAN_POINT('',(0.270000000000796,0.0,0.775000000000091));
#6469=CURVE_STYLE('',#10455,POSITIVE_LENGTH_MEASURE(1.0E-006),#10456);
#6470=LINE('',#10457,#10458);
#6471=CURVE_STYLE('',#10459,POSITIVE_LENGTH_MEASURE(1.0E-006),#10460);
#6472=LINE('',#10461,#10462);
#6473=SURFACE_STYLE_USAGE(.BOTH.,#10463);
#6474=FACE_OUTER_BOUND('',#10464,.T.);
#6475=PLANE('',#10465);
#6476=POINT_STYLE(' ',#10466,POSITIVE_LENGTH_MEASURE(1.0E-006),#10467);
#6477=CARTESIAN_POINT('',(5.35000000000079,0.753873053988997,0.16665));
#6478=CURVE_STYLE('',#10468,POSITIVE_LENGTH_MEASURE(1.0E-006),#10469);
#6479=LINE('',#10470,#10471);
#6480=POINT_STYLE(' ',#10472,POSITIVE_LENGTH_MEASURE(1.0E-006),#10473);
#6481=CARTESIAN_POINT('',(4.80999999999989,1.90282814901086,0.16665));
#6482=POINT_STYLE(' ',#10474,POSITIVE_LENGTH_MEASURE(1.0E-006),#10475);
#6483=CARTESIAN_POINT('',(6.54999999999966,-3.19999999999999,-0.16665));
#6484=CURVE_STYLE('',#10476,POSITIVE_LENGTH_MEASURE(1.0E-006),#10477);
#6485=LINE('',#10478,#10479);
#6486=CURVE_STYLE('',#10480,POSITIVE_LENGTH_MEASURE(1.0E-006),#10481);
#6487=LINE('',#10482,#10483);
#6488=CURVE_STYLE('',#10484,POSITIVE_LENGTH_MEASURE(1.0E-006),#10485);
#6489=LINE('',#10486,#10487);
#6490=CURVE_STYLE('',#10488,POSITIVE_LENGTH_MEASURE(1.0E-006),#10489);
#6491=LINE('',#10490,#10491);
#6492=POINT_STYLE(' ',#10492,POSITIVE_LENGTH_MEASURE(1.0E-006),#10493);
#6493=CARTESIAN_POINT('',(2.8100000000008,0.150000000000105,-0.625));
#6494=CURVE_STYLE('',#10494,POSITIVE_LENGTH_MEASURE(1.0E-006),#10495);
#6495=LINE('',#10496,#10497);
#6496=CURVE_STYLE('',#10498,POSITIVE_LENGTH_MEASURE(1.0E-006),#10499);
#6497=LINE('',#10500,#10501);
#6498=CURVE_STYLE('',#10502,POSITIVE_LENGTH_MEASURE(1.0E-006),#10503);
#6499=LINE('',#10504,#10505);
#6500=CURVE_STYLE('',#10506,POSITIVE_LENGTH_MEASURE(1.0E-006),#10507);
#6501=LINE('',#10508,#10509);
#6502=SURFACE_STYLE_USAGE(.BOTH.,#10510);
#6503=FACE_OUTER_BOUND('',#10511,.T.);
#6504=PLANE('',#10512);
#6505=CURVE_STYLE('',#10513,POSITIVE_LENGTH_MEASURE(1.0E-006),#10514);
#6506=LINE('',#10515,#10516);
#6507=CURVE_STYLE('',#10517,POSITIVE_LENGTH_MEASURE(1.0E-006),#10518);
#6508=CIRCLE('',#10519,0.170335669584691);
#6509=SURFACE_STYLE_USAGE(.BOTH.,#10520);
#6510=FACE_OUTER_BOUND('',#10521,.T.);
#6511=CYLINDRICAL_SURFACE('',#10522,0.150000000000205);
#6512=CURVE_STYLE('',#10523,POSITIVE_LENGTH_MEASURE(1.0E-006),#10524);
#6513=LINE('',#10525,#10526);
#6514=POINT_STYLE(' ',#10527,POSITIVE_LENGTH_MEASURE(1.0E-006),#10528);
#6515=CARTESIAN_POINT('',(0.270000000000796,0.150000000000006,0.625000000000114));
#6516=CURVE_STYLE('',#10529,POSITIVE_LENGTH_MEASURE(1.0E-006),#10530);
#6517=LINE('',#10531,#10532);
#6518=CURVE_STYLE('',#10533,POSITIVE_LENGTH_MEASURE(1.0E-006),#10534);
#6519=LINE('',#10535,#10536);
#6520=POINT_STYLE(' ',#10537,POSITIVE_LENGTH_MEASURE(1.0E-006),#10538);
#6521=CARTESIAN_POINT('',(-7.745,0.0,-0.775000000000091));
#6522=CURVE_STYLE('',#10539,POSITIVE_LENGTH_MEASURE(1.0E-006),#10540);
#6523=LINE('',#10541,#10542);
#6524=SURFACE_STYLE_USAGE(.BOTH.,#10543);
#6525=FACE_BOUND('',#10544,.T.);
#6526=FACE_OUTER_BOUND('',#10545,.T.);
#6527=PLANE('',#10546);
#6528=CURVE_STYLE('',#10547,POSITIVE_LENGTH_MEASURE(1.0E-006),#10548);
#6529=LINE('',#10549,#10550);
#6530=POINT_STYLE(' ',#10551,POSITIVE_LENGTH_MEASURE(1.0E-006),#10552);
#6531=CARTESIAN_POINT('',(2.26999999999989,1.90282814901086,0.16665));
#6532=CURVE_STYLE('',#10553,POSITIVE_LENGTH_MEASURE(1.0E-006),#10554);
#6533=LINE('',#10555,#10556);
#6534=POINT_STYLE(' ',#10557,POSITIVE_LENGTH_MEASURE(1.0E-006),#10558);
#6535=CARTESIAN_POINT('',(5.35000000000079,7.64999999999999,0.999999999999887));
#6536=CURVE_STYLE('',#10559,POSITIVE_LENGTH_MEASURE(1.0E-006),#10560);
#6537=LINE('',#10561,#10562);
#6538=CURVE_STYLE('',#10563,POSITIVE_LENGTH_MEASURE(1.0E-006),#10564);
#6539=LINE('',#10565,#10566);
#6540=CURVE_STYLE('',#10567,POSITIVE_LENGTH_MEASURE(1.0E-006),#10568);
#6541=LINE('',#10569,#10570);
#6542=CURVE_STYLE('',#10571,POSITIVE_LENGTH_MEASURE(1.0E-006),#10572);
#6543=LINE('',#10573,#10574);
#6544=SURFACE_STYLE_USAGE(.BOTH.,#10575);
#6545=FACE_OUTER_BOUND('',#10576,.T.);
#6546=PLANE('',#10577);
#6547=CURVE_STYLE('',#10578,POSITIVE_LENGTH_MEASURE(1.0E-006),#10579);
#6548=CIRCLE('',#10580,0.170335669583282);
#6549=SURFACE_STYLE_USAGE(.BOTH.,#10581);
#6550=FACE_OUTER_BOUND('',#10582,.T.);
#6551=PLANE('',#10583);
#6552=SURFACE_STYLE_USAGE(.BOTH.,#10584);
#6553=FACE_OUTER_BOUND('',#10585,.T.);
#6554=PLANE('',#10586);
#6555=SURFACE_STYLE_USAGE(.BOTH.,#10587);
#6556=FACE_OUTER_BOUND('',#10588,.T.);
#6557=PLANE('',#10589);
#6558=POINT_STYLE(' ',#10590,POSITIVE_LENGTH_MEASURE(1.0E-006),#10591);
#6559=CARTESIAN_POINT('',(-3.35999999999984,7.65099999999999,-0.449999999999932));
#6560=POINT_STYLE(' ',#10592,POSITIVE_LENGTH_MEASURE(1.0E-006),#10593);
#6561=CARTESIAN_POINT('',(2.26999999999989,0.599999999999994,0.625));
#6562=CURVE_STYLE('',#10594,POSITIVE_LENGTH_MEASURE(1.0E-006),#10595);
#6563=LINE('',#10596,#10597);
#6564=POINT_STYLE(' ',#10598,POSITIVE_LENGTH_MEASURE(1.0E-006),#10599);
#6565=CARTESIAN_POINT('',(-5.35000000000011,1.90282814901086,-0.16665));
#6566=CURVE_STYLE('',#10600,POSITIVE_LENGTH_MEASURE(1.0E-006),#10601);
#6567=LINE('',#10602,#10603);
#6568=SURFACE_STYLE_USAGE(.BOTH.,#10604);
#6569=FACE_OUTER_BOUND('',#10605,.T.);
#6570=PLANE('',#10606);
#6571=CURVE_STYLE('',#10607,POSITIVE_LENGTH_MEASURE(1.0E-006),#10608);
#6572=LINE('',#10609,#10610);
#6573=CURVE_STYLE('',#10611,POSITIVE_LENGTH_MEASURE(1.0E-006),#10612);
#6574=LINE('',#10613,#10614);
#6575=POINT_STYLE(' ',#10615,POSITIVE_LENGTH_MEASURE(1.0E-006),#10616);
#6576=CARTESIAN_POINT('',(-1.59000000000034,0.587206387322199,-0.16665));
#6577=SURFACE_STYLE_USAGE(.BOTH.,#10617);
#6578=FACE_OUTER_BOUND('',#10618,.T.);
#6579=PLANE('',#10619);
#6580=CURVE_STYLE('',#10620,POSITIVE_LENGTH_MEASURE(1.0E-006),#10621);
#6581=LINE('',#10622,#10623);
#6582=POINT_STYLE(' ',#10624,POSITIVE_LENGTH_MEASURE(1.0E-006),#10625);
#6583=CARTESIAN_POINT('',(2.26999999999989,0.0,0.775000000000091));
#6584=CURVE_STYLE('',#10626,POSITIVE_LENGTH_MEASURE(1.0E-006),#10627);
#6585=LINE('',#10628,#10629);
#6586=POINT_STYLE(' ',#10630,POSITIVE_LENGTH_MEASURE(1.0E-006),#10631);
#6587=CARTESIAN_POINT('',(-6.67,7.68,-0.32));
#6588=POINT_STYLE(' ',#10632,POSITIVE_LENGTH_MEASURE(1.0E-006),#10633);
#6589=CARTESIAN_POINT('',(-4.81000000000011,7.65099999999999,0.450000000000159));
#6590=CURVE_STYLE('',#10634,POSITIVE_LENGTH_MEASURE(1.0E-006),#10635);
#6591=LINE('',#10636,#10637);
#6592=CURVE_STYLE('',#10638,POSITIVE_LENGTH_MEASURE(1.0E-006),#10639);
#6593=LINE('',#10640,#10641);
#6594=SURFACE_STYLE_USAGE(.BOTH.,#10642);
#6595=FACE_OUTER_BOUND('',#10643,.T.);
#6596=PLANE('',#10644);
#6597=POINT_STYLE(' ',#10645,POSITIVE_LENGTH_MEASURE(1.0E-006),#10646);
#6598=CARTESIAN_POINT('',(-7.05,7.65099999999999,-0.449999999999932));
#6599=POINT_STYLE(' ',#10647,POSITIVE_LENGTH_MEASURE(1.0E-006),#10648);
#6600=CARTESIAN_POINT('',(5.35000000000079,1.90282814901086,0.16665));
#6601=CURVE_STYLE('',#10649,POSITIVE_LENGTH_MEASURE(1.0E-006),#10650);
#6602=LINE('',#10651,#10652);
#6603=POINT_STYLE(' ',#10653,POSITIVE_LENGTH_MEASURE(1.0E-006),#10654);
#6604=CARTESIAN_POINT('',(7.745,0.150000000000006,0.625000000000114));
#6605=CURVE_STYLE('',#10655,POSITIVE_LENGTH_MEASURE(1.0E-006),#10656);
#6606=LINE('',#10657,#10658);
#6607=POINT_STYLE(' ',#10659,POSITIVE_LENGTH_MEASURE(1.0E-006),#10660);
#6608=CARTESIAN_POINT('',(0.820000000000069,8.00099999999996,-0.450999999999931));
#6609=CURVE_STYLE('',#10661,POSITIVE_LENGTH_MEASURE(1.0E-006),#10662);
#6610=LINE('',#10663,#10664);
#6611=POINT_STYLE(' ',#10665,POSITIVE_LENGTH_MEASURE(1.0E-006),#10666);
#6612=CARTESIAN_POINT('',(-3.35999999999984,8.00099999999996,-0.450999999999931));
#6613=CURVE_STYLE('',#10667,POSITIVE_LENGTH_MEASURE(1.0E-006),#10668);
#6614=LINE('',#10669,#10670);
#6615=CURVE_STYLE('',#10671,POSITIVE_LENGTH_MEASURE(1.0E-006),#10672);
#6616=LINE('',#10673,#10674);
#6617=POINT_STYLE(' ',#10675,POSITIVE_LENGTH_MEASURE(1.0E-006),#10676);
#6618=CARTESIAN_POINT('',(-7.29899999999993,8.49999999999996,0.950000000000159));
#6619=SURFACE_STYLE_USAGE(.BOTH.,#10677);
#6620=FACE_BOUND('',#10678,.T.);
#6621=FACE_OUTER_BOUND('',#10679,.T.);
#6622=PLANE('',#10680);
#6623=CURVE_STYLE('',#10681,POSITIVE_LENGTH_MEASURE(1.0E-006),#10682);
#6624=LINE('',#10683,#10684);
#6625=CURVE_STYLE('',#10685,POSITIVE_LENGTH_MEASURE(1.0E-006),#10686);
#6626=LINE('',#10687,#10688);
#6627=CURVE_STYLE('',#10689,POSITIVE_LENGTH_MEASURE(1.0E-006),#10690);
#6628=CIRCLE('',#10691,0.170335669584691);
#6629=CURVE_STYLE('',#10692,POSITIVE_LENGTH_MEASURE(1.0E-006),#10693);
#6630=LINE('',#10694,#10695);
#6631=POINT_STYLE(' ',#10696,POSITIVE_LENGTH_MEASURE(1.0E-006),#10697);
#6632=CARTESIAN_POINT('',(2.8100000000008,0.0,-0.775000000000091));
#6633=CURVE_STYLE('',#10698,POSITIVE_LENGTH_MEASURE(1.0E-006),#10699);
#6634=LINE('',#10700,#10701);
#6635=POINT_STYLE(' ',#10702,POSITIVE_LENGTH_MEASURE(1.0E-006),#10703);
#6636=CARTESIAN_POINT('',(-4.8099999999992,7.64999999999999,-1.00000000000011));
#6637=SURFACE_STYLE_USAGE(.BOTH.,#10704);
#6638=FACE_OUTER_BOUND('',#10705,.T.);
#6639=PLANE('',#10706);
#6640=SURFACE_STYLE_USAGE(.BOTH.,#10707);
#6641=FACE_OUTER_BOUND('',#10708,.T.);
#6642=PLANE('',#10709);
#6643=CURVE_STYLE('',#10710,POSITIVE_LENGTH_MEASURE(1.0E-006),#10711);
#6644=LINE('',#10712,#10713);
#6645=POINT_STYLE(' ',#10714,POSITIVE_LENGTH_MEASURE(1.0E-006),#10715);
#6646=CARTESIAN_POINT('',(-2.81000000000011,0.0,-0.999999999999204));
#6647=CURVE_STYLE('',#10716,POSITIVE_LENGTH_MEASURE(1.0E-006),#10717);
#6648=LINE('',#10718,#10719);
#6649=POINT_STYLE(' ',#10720,POSITIVE_LENGTH_MEASURE(1.0E-006),#10721);
#6650=CARTESIAN_POINT('',(0.949999999999659,0.587206387322199,-0.16665));
#6651=CURVE_STYLE('',#10722,POSITIVE_LENGTH_MEASURE(1.0E-006),#10723);
#6652=LINE('',#10724,#10725);
#6653=POINT_STYLE(' ',#10726,POSITIVE_LENGTH_MEASURE(1.0E-006),#10727);
#6654=CARTESIAN_POINT('',(6.14999999999966,-3.19999999999999,-0.16665));
#6655=CURVE_STYLE('',#10728,POSITIVE_LENGTH_MEASURE(1.0E-006),#10729);
#6656=LINE('',#10730,#10731);
#6657=CURVE_STYLE('',#10732,POSITIVE_LENGTH_MEASURE(1.0E-006),#10733);
#6658=LINE('',#10734,#10735);
#6659=SURFACE_STYLE_USAGE(.BOTH.,#10736);
#6660=FACE_OUTER_BOUND('',#10737,.T.);
#6661=CYLINDRICAL_SURFACE('',#10738,0.150000000000205);
#6662=CURVE_STYLE('',#10739,POSITIVE_LENGTH_MEASURE(1.0E-006),#10740);
#6663=LINE('',#10741,#10742);
#6664=POINT_STYLE(' ',#10743,POSITIVE_LENGTH_MEASURE(1.0E-006),#10744);
#6665=CARTESIAN_POINT('',(7.745,8.49999999999997,-1.25));
#6666=POINT_STYLE(' ',#10745,POSITIVE_LENGTH_MEASURE(1.0E-006),#10746);
#6667=CARTESIAN_POINT('',(-7.3499999999992,7.64999999999999,-1.00000000000011));
#6668=POINT_STYLE(' ',#10747,POSITIVE_LENGTH_MEASURE(1.0E-006),#10748);
#6669=CARTESIAN_POINT('',(2.26999999999989,0.753873053989039,0.16665));
#6670=POINT_STYLE(' ',#10749,POSITIVE_LENGTH_MEASURE(1.0E-006),#10750);
#6671=CARTESIAN_POINT('',(-7.3499999999992,7.64999999999999,0.999999999999886));
#6672=POINT_STYLE(' ',#10751,POSITIVE_LENGTH_MEASURE(1.0E-006),#10752);
#6673=CARTESIAN_POINT('',(-4.13000000000034,-2.54999999999999,-0.16665));
#6674=POINT_STYLE(' ',#10753,POSITIVE_LENGTH_MEASURE(1.0E-006),#10754);
#6675=CARTESIAN_POINT('',(-2.2699999999992,0.0,0.999999999999886));
#6676=CURVE_STYLE('',#10755,POSITIVE_LENGTH_MEASURE(1.0E-006),#10756);
#6677=LINE('',#10757,#10758);
#6678=SURFACE_STYLE_USAGE(.BOTH.,#10759);
#6679=FACE_OUTER_BOUND('',#10760,.T.);
#6680=PLANE('',#10761);
#6681=POINT_STYLE(' ',#10762,POSITIVE_LENGTH_MEASURE(1.0E-006),#10763);
#6682=CARTESIAN_POINT('',(2.26999999999989,7.65099999999999,-0.449999999999932));
#6683=CURVE_STYLE('',#10764,POSITIVE_LENGTH_MEASURE(1.0E-006),#10765);
#6684=LINE('',#10766,#10767);
#6685=CURVE_STYLE('',#10768,POSITIVE_LENGTH_MEASURE(1.0E-006),#10769);
#6686=LINE('',#10770,#10771);
#6687=CURVE_STYLE('',#10772,POSITIVE_LENGTH_MEASURE(1.0E-006),#10773);
#6688=LINE('',#10774,#10775);
#6689=CURVE_STYLE('',#10776,POSITIVE_LENGTH_MEASURE(1.0E-006),#10777);
#6690=LINE('',#10778,#10779);
#6691=SURFACE_STYLE_USAGE(.BOTH.,#10780);
#6692=FACE_OUTER_BOUND('',#10781,.T.);
#6693=PLANE('',#10782);
#6694=CURVE_STYLE('',#10783,POSITIVE_LENGTH_MEASURE(1.0E-006),#10784);
#6695=LINE('',#10785,#10786);
#6696=POINT_STYLE(' ',#10787,POSITIVE_LENGTH_MEASURE(1.0E-006),#10788);
#6697=CARTESIAN_POINT('',(-5.35000000000011,7.64999999999999,-0.449999999999932));
#6698=POINT_STYLE(' ',#10789,POSITIVE_LENGTH_MEASURE(1.0E-006),#10790);
#6699=CARTESIAN_POINT('',(-4.25999999999993,7.99999999999996,0.450000000000159));
#6700=SURFACE_STYLE_USAGE(.BOTH.,#10791);
#6701=FACE_OUTER_BOUND('',#10792,.T.);
#6702=PLANE('',#10793);
#6703=SURFACE_STYLE_USAGE(.BOTH.,#10794);
#6704=FACE_OUTER_BOUND('',#10795,.T.);
#6705=PLANE('',#10796);
#6706=CURVE_STYLE('',#10797,POSITIVE_LENGTH_MEASURE(1.0E-006),#10798);
#6707=LINE('',#10799,#10800);
#6708=CURVE_STYLE('',#10801,POSITIVE_LENGTH_MEASURE(1.0E-006),#10802);
#6709=LINE('',#10803,#10804);
#6710=POINT_STYLE(' ',#10805,POSITIVE_LENGTH_MEASURE(1.0E-006),#10806);
#6711=CARTESIAN_POINT('',(-7.745,8.49999999999997,-1.25));
#6712=SURFACE_STYLE_USAGE(.BOTH.,#10807);
#6713=FACE_OUTER_BOUND('',#10808,.T.);
#6714=CYLINDRICAL_SURFACE('',#10809,0.150000000000205);
#6715=CURVE_STYLE('',#10810,POSITIVE_LENGTH_MEASURE(1.0E-006),#10811);
#6716=LINE('',#10812,#10813);
#6717=CURVE_STYLE('',#10814,POSITIVE_LENGTH_MEASURE(1.0E-006),#10815);
#6718=LINE('',#10816,#10817);
#6719=SURFACE_STYLE_USAGE(.BOTH.,#10818);
#6720=FACE_OUTER_BOUND('',#10819,.T.);
#6721=PLANE('',#10820);
#6722=SURFACE_STYLE_USAGE(.BOTH.,#10821);
#6723=FACE_BOUND('',#10822,.T.);
#6724=FACE_OUTER_BOUND('',#10823,.T.);
#6725=PLANE('',#10824);
#6726=CURVE_STYLE('',#10825,POSITIVE_LENGTH_MEASURE(1.0E-006),#10826);
#6727=LINE('',#10827,#10828);
#6728=SURFACE_STYLE_USAGE(.BOTH.,#10829);
#6729=FACE_OUTER_BOUND('',#10830,.T.);
#6730=PLANE('',#10831);
#6731=POINT_STYLE(' ',#10832,POSITIVE_LENGTH_MEASURE(1.0E-006),#10833);
#6732=CARTESIAN_POINT('',(6.66999999999966,0.58720638732241,0.16665));
#6733=CURVE_STYLE('',#10834,POSITIVE_LENGTH_MEASURE(1.0E-006),#10835);
#6734=LINE('',#10836,#10837);
#6735=CURVE_STYLE('',#10838,POSITIVE_LENGTH_MEASURE(1.0E-006),#10839);
#6736=LINE('',#10840,#10841);
#6737=CURVE_STYLE('',#10842,POSITIVE_LENGTH_MEASURE(1.0E-006),#10843);
#6738=LINE('',#10844,#10845);
#6739=CURVE_STYLE('',#10846,POSITIVE_LENGTH_MEASURE(1.0E-006),#10847);
#6740=LINE('',#10848,#10849);
#6741=CURVE_STYLE('',#10850,POSITIVE_LENGTH_MEASURE(1.0E-006),#10851);
#6742=LINE('',#10852,#10853);
#6743=CURVE_STYLE('',#10854,POSITIVE_LENGTH_MEASURE(1.0E-006),#10855);
#6744=LINE('',#10856,#10857);
#6745=CURVE_STYLE('',#10858,POSITIVE_LENGTH_MEASURE(1.0E-006),#10859);
#6746=LINE('',#10860,#10861);
#6747=CURVE_STYLE('',#10862,POSITIVE_LENGTH_MEASURE(1.0E-006),#10863);
#6748=LINE('',#10864,#10865);
#6749=CURVE_STYLE('',#10866,POSITIVE_LENGTH_MEASURE(1.0E-006),#10867);
#6750=LINE('',#10868,#10869);
#6751=CURVE_STYLE('',#10870,POSITIVE_LENGTH_MEASURE(1.0E-006),#10871);
#6752=LINE('',#10872,#10873);
#6753=SURFACE_STYLE_USAGE(.BOTH.,#10874);
#6754=FACE_OUTER_BOUND('',#10875,.T.);
#6755=PLANE('',#10876);
#6756=CURVE_STYLE('',#10877,POSITIVE_LENGTH_MEASURE(1.0E-006),#10878);
#6757=LINE('',#10879,#10880);
#6758=POINT_STYLE(' ',#10881,POSITIVE_LENGTH_MEASURE(1.0E-006),#10882);
#6759=CARTESIAN_POINT('',(7.745,0.599999999999994,-0.625));
#6760=SURFACE_STYLE_USAGE(.BOTH.,#10883);
#6761=FACE_OUTER_BOUND('',#10884,.T.);
#6762=PLANE('',#10885);
#6763=CURVE_STYLE('',#10886,POSITIVE_LENGTH_MEASURE(1.0E-006),#10887);
#6764=LINE('',#10888,#10889);
#6765=CURVE_STYLE('',#10890,POSITIVE_LENGTH_MEASURE(1.0E-006),#10891);
#6766=LINE('',#10892,#10893);
#6767=CURVE_STYLE('',#10894,POSITIVE_LENGTH_MEASURE(1.0E-006),#10895);
#6768=LINE('',#10896,#10897);
#6769=POINT_STYLE(' ',#10898,POSITIVE_LENGTH_MEASURE(1.0E-006),#10899);
#6770=CARTESIAN_POINT('',(-2.81000000000011,0.0,0.999999999999886));
#6771=CURVE_STYLE('',#10900,POSITIVE_LENGTH_MEASURE(1.0E-006),#10901);
#6772=LINE('',#10902,#10903);
#6773=SURFACE_STYLE_USAGE(.BOTH.,#10904);
#6774=FACE_OUTER_BOUND('',#10905,.T.);
#6775=PLANE('',#10906);
#6776=SURFACE_STYLE_USAGE(.BOTH.,#10907);
#6777=FACE_OUTER_BOUND('',#10908,.T.);
#6778=PLANE('',#10909);
#6779=POINT_STYLE(' ',#10910,POSITIVE_LENGTH_MEASURE(1.0E-006),#10911);
#6780=CARTESIAN_POINT('',(2.26999999999989,0.0,-0.775000000000091));
#6781=POINT_STYLE(' ',#10912,POSITIVE_LENGTH_MEASURE(1.0E-006),#10913);
#6782=CARTESIAN_POINT('',(2.26999999999989,7.64999999999999,0.450000000000159));
#6783=CURVE_STYLE('',#10914,POSITIVE_LENGTH_MEASURE(1.0E-006),#10915);
#6784=LINE('',#10916,#10917);
#6785=CURVE_STYLE('',#10918,POSITIVE_LENGTH_MEASURE(1.0E-006),#10919);
#6786=LINE('',#10920,#10921);
#6787=POINT_STYLE(' ',#10922,POSITIVE_LENGTH_MEASURE(1.0E-006),#10923);
#6788=CARTESIAN_POINT('',(-0.950000000000341,0.58720638732241,0.16665));
#6789=CURVE_STYLE('',#10924,POSITIVE_LENGTH_MEASURE(1.0E-006),#10925);
#6790=LINE('',#10926,#10927);
#6791=CURVE_STYLE('',#10928,POSITIVE_LENGTH_MEASURE(1.0E-006),#10929);
#6792=LINE('',#10930,#10931);
#6793=POINT_STYLE(' ',#10932,POSITIVE_LENGTH_MEASURE(1.0E-006),#10933);
#6794=CARTESIAN_POINT('',(5.34999999999989,7.65099999999999,-0.449999999999931));
#6795=POINT_STYLE(' ',#10934,POSITIVE_LENGTH_MEASURE(1.0E-006),#10935);
#6796=CARTESIAN_POINT('',(-4.8099999999992,7.64999999999999,0.450000000000159));
#6797=POINT_STYLE(' ',#10936,POSITIVE_LENGTH_MEASURE(1.0E-006),#10937);
#6798=CARTESIAN_POINT('',(-1.59000000000034,-2.54999999999999,-0.16665));
#6799=POINT_STYLE(' ',#10938,POSITIVE_LENGTH_MEASURE(1.0E-006),#10939);
#6800=CARTESIAN_POINT('',(-6.67,7.57,-0.32));
#6801=CURVE_STYLE('',#10940,POSITIVE_LENGTH_MEASURE(1.0E-006),#10941);
#6802=LINE('',#10942,#10943);
#6803=POINT_STYLE(' ',#10944,POSITIVE_LENGTH_MEASURE(1.0E-006),#10945);
#6804=CARTESIAN_POINT('',(-1.47000000000034,-3.19999999999999,0.16665));
#6805=SURFACE_STYLE_USAGE(.BOTH.,#10946);
#6806=FACE_OUTER_BOUND('',#10947,.T.);
#6807=PLANE('',#10948);
#6808=POINT_STYLE(' ',#10949,POSITIVE_LENGTH_MEASURE(1.0E-006),#10950);
#6809=CARTESIAN_POINT('',(5.35000000000079,0.599999999999994,0.625));
#6810=CURVE_STYLE('',#10951,POSITIVE_LENGTH_MEASURE(1.0E-006),#10952);
#6811=LINE('',#10953,#10954);
#6812=CURVE_STYLE('',#10955,POSITIVE_LENGTH_MEASURE(1.0E-006),#10956);
#6813=LINE('',#10957,#10958);
#6814=CURVE_STYLE('',#10959,POSITIVE_LENGTH_MEASURE(1.0E-006),#10960);
#6815=LINE('',#10961,#10962);
#6816=SURFACE_STYLE_USAGE(.BOTH.,#10963);
#6817=FACE_OUTER_BOUND('',#10964,.T.);
#6818=PLANE('',#10965);
#6819=CURVE_STYLE('',#10966,POSITIVE_LENGTH_MEASURE(1.0E-006),#10967);
#6820=LINE('',#10968,#10969);
#6821=POINT_STYLE(' ',#10970,POSITIVE_LENGTH_MEASURE(1.0E-006),#10971);
#6822=CARTESIAN_POINT('',(-0.270000000000114,0.0,0.775000000000091));
#6823=CURVE_STYLE('',#10972,POSITIVE_LENGTH_MEASURE(1.0E-006),#10973);
#6824=LINE('',#10974,#10975);
#6825=CURVE_STYLE('',#10976,POSITIVE_LENGTH_MEASURE(1.0E-006),#10977);
#6826=LINE('',#10978,#10979);
#6827=POINT_STYLE(' ',#10980,POSITIVE_LENGTH_MEASURE(1.0E-006),#10981);
#6828=CARTESIAN_POINT('',(-4.8099999999992,0.0,-0.999999999999205));
#6829=CURVE_STYLE('',#10982,POSITIVE_LENGTH_MEASURE(1.0E-006),#10983);
#6830=LINE('',#10984,#10985);
#6831=POINT_STYLE(' ',#10986,POSITIVE_LENGTH_MEASURE(1.0E-006),#10987);
#6832=CARTESIAN_POINT('',(-6.79999999999993,7.99999999999996,0.450000000000159));
#6833=POINT_STYLE(' ',#10988,POSITIVE_LENGTH_MEASURE(1.0E-006),#10989);
#6834=CARTESIAN_POINT('',(6.02999999999966,-2.54999999999999,-0.16665));
#6835=CURVE_STYLE('',#10990,POSITIVE_LENGTH_MEASURE(1.0E-006),#10991);
#6836=LINE('',#10992,#10993);
#6837=CURVE_STYLE('',#10994,POSITIVE_LENGTH_MEASURE(1.0E-006),#10995);
#6838=LINE('',#10996,#10997);
#6839=POINT_STYLE(' ',#10998,POSITIVE_LENGTH_MEASURE(1.0E-006),#10999);
#6840=CARTESIAN_POINT('',(-4.75899999999993,8.49999999999996,0.950000000000159));
#6841=CURVE_STYLE('',#11000,POSITIVE_LENGTH_MEASURE(1.0E-006),#11001);
#6842=LINE('',#11002,#11003);
#6843=CURVE_STYLE('',#11004,POSITIVE_LENGTH_MEASURE(1.0E-006),#11005);
#6844=LINE('',#11006,#11007);
#6845=CURVE_STYLE('',#11008,POSITIVE_LENGTH_MEASURE(1.0E-006),#11009);
#6846=LINE('',#11010,#11011);
#6847=POINT_STYLE(' ',#11012,POSITIVE_LENGTH_MEASURE(1.0E-006),#11013);
#6848=CARTESIAN_POINT('',(6.02999999999966,0.587206387322199,0.16665));
#6849=POINT_STYLE(' ',#11014,POSITIVE_LENGTH_MEASURE(1.0E-006),#11015);
#6850=CARTESIAN_POINT('',(0.270000000000796,0.753873053988997,0.16665));
#6851=POINT_STYLE(' ',#11016,POSITIVE_LENGTH_MEASURE(1.0E-006),#11017);
#6852=CARTESIAN_POINT('',(5.90000000000007,8.00099999999996,0.451000000000159));
#6853=CURVE_STYLE('',#11018,POSITIVE_LENGTH_MEASURE(1.0E-006),#11019);
#6854=LINE('',#11020,#11021);
#6855=POINT_STYLE(' ',#11022,POSITIVE_LENGTH_MEASURE(1.0E-006),#11023);
#6856=CARTESIAN_POINT('',(4.12999999999966,-2.54999999999999,-0.16665));
#6857=POINT_STYLE(' ',#11024,POSITIVE_LENGTH_MEASURE(1.0E-006),#11025);
#6858=CARTESIAN_POINT('',(-2.2699999999992,0.0,0.775000000000091));
#6859=SURFACE_STYLE_USAGE(.BOTH.,#11026);
#6860=FACE_OUTER_BOUND('',#11027,.T.);
#6861=PLANE('',#11028);
#6862=CURVE_STYLE('',#11029,POSITIVE_LENGTH_MEASURE(1.0E-006),#11030);
#6863=LINE('',#11031,#11032);
#6864=CURVE_STYLE('',#11033,POSITIVE_LENGTH_MEASURE(1.0E-006),#11034);
#6865=LINE('',#11035,#11036);
#6866=CURVE_STYLE('',#11037,POSITIVE_LENGTH_MEASURE(1.0E-006),#11038);
#6867=LINE('',#11039,#11040);
#6868=CURVE_STYLE('',#11041,POSITIVE_LENGTH_MEASURE(1.0E-006),#11042);
#6869=LINE('',#11043,#11044);
#6870=CURVE_STYLE('',#11045,POSITIVE_LENGTH_MEASURE(1.0E-006),#11046);
#6871=LINE('',#11047,#11048);
#6872=POINT_STYLE(' ',#11049,POSITIVE_LENGTH_MEASURE(1.0E-006),#11050);
#6873=CARTESIAN_POINT('',(6.80000000000016,7.65099999999999,0.45000000000016));
#6874=CURVE_STYLE('',#11051,POSITIVE_LENGTH_MEASURE(1.0E-006),#11052);
#6875=LINE('',#11053,#11054);
#6876=CURVE_STYLE('',#11055,POSITIVE_LENGTH_MEASURE(1.0E-006),#11056);
#6877=LINE('',#11057,#11058);
#6878=CURVE_STYLE('',#11059,POSITIVE_LENGTH_MEASURE(1.0E-006),#11060);
#6879=LINE('',#11061,#11062);
#6880=POINT_STYLE(' ',#11063,POSITIVE_LENGTH_MEASURE(1.0E-006),#11064);
#6881=CARTESIAN_POINT('',(-2.21899999999993,8.49999999999996,-0.949999999999932));
#6882=CURVE_STYLE('',#11065,POSITIVE_LENGTH_MEASURE(1.0E-006),#11066);
#6883=CIRCLE('',#11067,0.149999999999778);
#6884=CURVE_STYLE('',#11068,POSITIVE_LENGTH_MEASURE(1.0E-006),#11069);
#6885=LINE('',#11070,#11071);
#6886=CURVE_STYLE('',#11072,POSITIVE_LENGTH_MEASURE(1.0E-006),#11073);
#6887=LINE('',#11074,#11075);
#6888=POINT_STYLE(' ',#11076,POSITIVE_LENGTH_MEASURE(1.0E-006),#11077);
#6889=CARTESIAN_POINT('',(-2.86099999999984,8.49999999999996,-0.949999999999932));
#6890=POINT_STYLE(' ',#11078,POSITIVE_LENGTH_MEASURE(1.0E-006),#11079);
#6891=CARTESIAN_POINT('',(-5.35000000000011,0.599999999999994,0.625));
#6892=POINT_STYLE(' ',#11080,POSITIVE_LENGTH_MEASURE(1.0E-006),#11081);
#6893=CARTESIAN_POINT('',(0.270000000000796,1.90282814901086,-0.16665));
#6894=CURVE_STYLE('',#11082,POSITIVE_LENGTH_MEASURE(1.0E-006),#11083);
#6895=LINE('',#11084,#11085);
#6896=SURFACE_STYLE_USAGE(.BOTH.,#11086);
#6897=FACE_OUTER_BOUND('',#11087,.T.);
#6898=PLANE('',#11088);
#6899=CURVE_STYLE('',#11089,POSITIVE_LENGTH_MEASURE(1.0E-006),#11090);
#6900=LINE('',#11091,#11092);
#6901=POINT_STYLE(' ',#11093,POSITIVE_LENGTH_MEASURE(1.0E-006),#11094);
#6902=CARTESIAN_POINT('',(7.34999999999989,0.0,0.999999999999887));
#6903=SURFACE_STYLE_USAGE(.BOTH.,#11095);
#6904=FACE_OUTER_BOUND('',#11096,.T.);
#6905=PLANE('',#11097);
#6906=SURFACE_STYLE_USAGE(.BOTH.,#11098);
#6907=FACE_OUTER_BOUND('',#11099,.T.);
#6908=PLANE('',#11100);
#6909=CURVE_STYLE('',#11101,POSITIVE_LENGTH_MEASURE(1.0E-006),#11102);
#6910=LINE('',#11103,#11104);
#6911=SURFACE_STYLE_USAGE(.BOTH.,#11105);
#6912=FACE_OUTER_BOUND('',#11106,.T.);
#6913=PLANE('',#11107);
#6914=SURFACE_STYLE_USAGE(.BOTH.,#11108);
#6915=FACE_OUTER_BOUND('',#11109,.T.);
#6916=PLANE('',#11110);
#6917=POINT_STYLE(' ',#11111,POSITIVE_LENGTH_MEASURE(1.0E-006),#11112);
#6918=CARTESIAN_POINT('',(7.29900000000016,8.49999999999996,-0.949999999999931));
#6919=POINT_STYLE(' ',#11113,POSITIVE_LENGTH_MEASURE(1.0E-006),#11114);
#6920=CARTESIAN_POINT('',(1.58999999999966,0.58720638732241,0.16665));
#6921=CURVE_STYLE('',#11115,POSITIVE_LENGTH_MEASURE(1.0E-006),#11116);
#6922=LINE('',#11117,#11118);
#6923=CURVE_STYLE('',#11119,POSITIVE_LENGTH_MEASURE(1.0E-006),#11120);
#6924=LINE('',#11121,#11122);
#6925=POINT_STYLE(' ',#11123,POSITIVE_LENGTH_MEASURE(1.0E-006),#11124);
#6926=CARTESIAN_POINT('',(-4.29877934272298,0.753873053988883,-0.16665));
#6927=CURVE_STYLE('',#11125,POSITIVE_LENGTH_MEASURE(1.0E-006),#11126);
#6928=LINE('',#11127,#11128);
#6929=POINT_STYLE(' ',#11129,POSITIVE_LENGTH_MEASURE(1.0E-006),#11130);
#6930=CARTESIAN_POINT('',(-4.8099999999992,1.90282814901086,-0.16665));
#6931=POINT_STYLE(' ',#11131,POSITIVE_LENGTH_MEASURE(1.0E-006),#11132);
#6932=CARTESIAN_POINT('',(-5.65,7.57,-0.7));
#6933=CURVE_STYLE('',#11133,POSITIVE_LENGTH_MEASURE(1.0E-006),#11134);
#6934=LINE('',#11135,#11136);
#6935=CURVE_STYLE('',#11137,POSITIVE_LENGTH_MEASURE(1.0E-006),#11138);
#6936=LINE('',#11139,#11140);
#6937=POINT_STYLE(' ',#11141,POSITIVE_LENGTH_MEASURE(1.0E-006),#11142);
#6938=CARTESIAN_POINT('',(0.270000000000796,7.64999999999999,-0.449999999999932));
#6939=SURFACE_STYLE_USAGE(.BOTH.,#11143);
#6940=FACE_OUTER_BOUND('',#11144,.T.);
#6941=PLANE('',#11145);
#6942=CURVE_STYLE('',#11146,POSITIVE_LENGTH_MEASURE(1.0E-006),#11147);
#6943=LINE('',#11148,#11149);
#6944=POINT_STYLE(' ',#11150,POSITIVE_LENGTH_MEASURE(1.0E-006),#11151);
#6945=CARTESIAN_POINT('',(-5.65,7.64999999999999,-0.449999999999932));
#6946=POINT_STYLE(' ',#11152,POSITIVE_LENGTH_MEASURE(1.0E-006),#11153);
#6947=CARTESIAN_POINT('',(0.321000000000068,8.49999999999996,-0.949999999999932));
#6948=POINT_STYLE(' ',#11154,POSITIVE_LENGTH_MEASURE(1.0E-006),#11155);
#6949=CARTESIAN_POINT('',(2.26999999999989,7.65099999999999,0.450000000000159));
#6950=CURVE_STYLE('',#11156,POSITIVE_LENGTH_MEASURE(1.0E-006),#11157);
#6951=LINE('',#11158,#11159);
#6952=CURVE_STYLE('',#11160,POSITIVE_LENGTH_MEASURE(1.0E-006),#11161);
#6953=LINE('',#11162,#11163);
#6954=POINT_STYLE(' ',#11164,POSITIVE_LENGTH_MEASURE(1.0E-006),#11165);
#6955=CARTESIAN_POINT('',(6.66999999999966,-2.54999999999999,-0.16665));
#6956=CURVE_STYLE('',#11166,POSITIVE_LENGTH_MEASURE(1.0E-006),#11167);
#6957=LINE('',#11168,#11169);
#6958=SURFACE_STYLE_USAGE(.BOTH.,#11170);
#6959=FACE_OUTER_BOUND('',#11171,.T.);
#6960=PLANE('',#11172);
#6961=SURFACE_STYLE_USAGE(.BOTH.,#11173);
#6962=FACE_OUTER_BOUND('',#11174,.T.);
#6963=PLANE('',#11175);
#6964=CURVE_STYLE('',#11176,POSITIVE_LENGTH_MEASURE(1.0E-006),#11177);
#6965=LINE('',#11178,#11179);
#6966=CURVE_STYLE('',#11180,POSITIVE_LENGTH_MEASURE(1.0E-006),#11181);
#6967=LINE('',#11182,#11183);
#6968=CURVE_STYLE('',#11184,POSITIVE_LENGTH_MEASURE(1.0E-006),#11185);
#6969=LINE('',#11186,#11187);
#6970=CURVE_STYLE('',#11188,POSITIVE_LENGTH_MEASURE(1.0E-006),#11189);
#6971=LINE('',#11190,#11191);
#6972=CURVE_STYLE('',#11192,POSITIVE_LENGTH_MEASURE(1.0E-006),#11193);
#6973=CIRCLE('',#11194,0.150000000000205);
#6974=CURVE_STYLE('',#11195,POSITIVE_LENGTH_MEASURE(1.0E-006),#11196);
#6975=LINE('',#11197,#11198);
#6976=CURVE_STYLE('',#11199,POSITIVE_LENGTH_MEASURE(1.0E-006),#11200);
#6977=LINE('',#11201,#11202);
#6978=CURVE_STYLE('',#11203,POSITIVE_LENGTH_MEASURE(1.0E-006),#11204);
#6979=LINE('',#11205,#11206);
#6980=POINT_STYLE(' ',#11207,POSITIVE_LENGTH_MEASURE(1.0E-006),#11208);
#6981=CARTESIAN_POINT('',(5.35000000000079,7.64999999999999,-0.449999999999931));
#6982=POINT_STYLE(' ',#11209,POSITIVE_LENGTH_MEASURE(1.0E-006),#11210);
#6983=CARTESIAN_POINT('',(-2.81000000000011,7.65099999999999,-0.449999999999932));
#6984=CURVE_STYLE('',#11211,POSITIVE_LENGTH_MEASURE(1.0E-006),#11212);
#6985=LINE('',#11213,#11214);
#6986=POINT_STYLE(' ',#11215,POSITIVE_LENGTH_MEASURE(1.0E-006),#11216);
#6987=CARTESIAN_POINT('',(5.90000000000007,7.65099999999999,0.45000000000016));
#6988=CURVE_STYLE('',#11217,POSITIVE_LENGTH_MEASURE(1.0E-006),#11218);
#6989=LINE('',#11219,#11220);
#6990=SURFACE_STYLE_USAGE(.BOTH.,#11221);
#6991=FACE_OUTER_BOUND('',#11222,.T.);
#6992=PLANE('',#11223);
#6993=CURVE_STYLE('',#11224,POSITIVE_LENGTH_MEASURE(1.0E-006),#11225);
#6994=LINE('',#11226,#11227);
#6995=POINT_STYLE(' ',#11228,POSITIVE_LENGTH_MEASURE(1.0E-006),#11229);
#6996=CARTESIAN_POINT('',(7.34999999999989,0.150000000000105,-0.625));
#6997=POINT_STYLE(' ',#11230,POSITIVE_LENGTH_MEASURE(1.0E-006),#11231);
#6998=CARTESIAN_POINT('',(7.745,0.150000000000105,-0.625));
#6999=CURVE_STYLE('',#11232,POSITIVE_LENGTH_MEASURE(1.0E-006),#11233);
#7000=LINE('',#11234,#11235);
#7001=POINT_STYLE(' ',#11236,POSITIVE_LENGTH_MEASURE(1.0E-006),#11237);
#7002=CARTESIAN_POINT('',(-5.35000000000011,0.0,0.775000000000091));
#7003=SURFACE_STYLE_USAGE(.BOTH.,#11238);
#7004=FACE_OUTER_BOUND('',#11239,.T.);
#7005=PLANE('',#11240);
#7006=POINT_STYLE(' ',#11241,POSITIVE_LENGTH_MEASURE(1.0E-006),#11242);
#7007=CARTESIAN_POINT('',(2.8100000000008,7.64999999999999,-1.00000000000011));
#7008=CURVE_STYLE('',#11243,POSITIVE_LENGTH_MEASURE(1.0E-006),#11244);
#7009=LINE('',#11245,#11246);
#7010=CURVE_STYLE('',#11247,POSITIVE_LENGTH_MEASURE(1.0E-006),#11248);
#7011=LINE('',#11249,#11250);
#7012=POINT_STYLE(' ',#11251,POSITIVE_LENGTH_MEASURE(1.0E-006),#11252);
#7013=CARTESIAN_POINT('',(-0.270000000000114,0.150000000000105,-0.625));
#7014=CURVE_STYLE('',#11253,POSITIVE_LENGTH_MEASURE(1.0E-006),#11254);
#7015=LINE('',#11255,#11256);
#7016=POINT_STYLE(' ',#11257,POSITIVE_LENGTH_MEASURE(1.0E-006),#11258);
#7017=CARTESIAN_POINT('',(6.80000000000016,7.65099999999999,-0.449999999999931));
#7018=CURVE_STYLE('',#11259,POSITIVE_LENGTH_MEASURE(1.0E-006),#11260);
#7019=LINE('',#11261,#11262);
#7020=CURVE_STYLE('',#11263,POSITIVE_LENGTH_MEASURE(1.0E-006),#11264);
#7021=LINE('',#11265,#11266);
#7022=CURVE_STYLE('',#11267,POSITIVE_LENGTH_MEASURE(1.0E-006),#11268);
#7023=LINE('',#11269,#11270);
#7024=CURVE_STYLE('',#11271,POSITIVE_LENGTH_MEASURE(1.0E-006),#11272);
#7025=LINE('',#11273,#11274);
#7026=CURVE_STYLE('',#11275,POSITIVE_LENGTH_MEASURE(1.0E-006),#11276);
#7027=LINE('',#11277,#11278);
#7028=CURVE_STYLE('',#11279,POSITIVE_LENGTH_MEASURE(1.0E-006),#11280);
#7029=LINE('',#11281,#11282);
#7030=POINT_STYLE(' ',#11283,POSITIVE_LENGTH_MEASURE(1.0E-006),#11284);
#7031=CARTESIAN_POINT('',(-0.270000000000114,7.64999999999999,0.450000000000159));
#7032=POINT_STYLE(' ',#11285,POSITIVE_LENGTH_MEASURE(1.0E-006),#11286);
#7033=CARTESIAN_POINT('',(-6.67000000000034,0.587206387322199,-0.16665));
#7034=CURVE_STYLE('',#11287,POSITIVE_LENGTH_MEASURE(1.0E-006),#11288);
#7035=LINE('',#11289,#11290);
#7036=POINT_STYLE(' ',#11291,POSITIVE_LENGTH_MEASURE(1.0E-006),#11292);
#7037=CARTESIAN_POINT('',(3.36000000000007,7.99999999999996,-0.449999999999932));
#7038=CURVE_STYLE('',#11293,POSITIVE_LENGTH_MEASURE(1.0E-006),#11294);
#7039=LINE('',#11295,#11296);
#7040=POINT_STYLE(' ',#11297,POSITIVE_LENGTH_MEASURE(1.0E-006),#11298);
#7041=CARTESIAN_POINT('',(7.34999999999989,0.0,-0.999999999999204));
#7042=POINT_STYLE(' ',#11299,POSITIVE_LENGTH_MEASURE(1.0E-006),#11300);
#7043=CARTESIAN_POINT('',(2.8100000000008,7.64999999999999,-0.449999999999932));
#7044=POINT_STYLE(' ',#11301,POSITIVE_LENGTH_MEASURE(1.0E-006),#11302);
#7045=CARTESIAN_POINT('',(-2.2699999999992,0.150000000000006,0.625000000000114));
#7046=CURVE_STYLE('',#11303,POSITIVE_LENGTH_MEASURE(1.0E-006),#11304);
#7047=LINE('',#11305,#11306);
#7048=CURVE_STYLE('',#11307,POSITIVE_LENGTH_MEASURE(1.0E-006),#11308);
#7049=LINE('',#11309,#11310);
#7050=CURVE_STYLE('',#11311,POSITIVE_LENGTH_MEASURE(1.0E-006),#11312);
#7051=LINE('',#11313,#11314);
#7052=POINT_STYLE(' ',#11315,POSITIVE_LENGTH_MEASURE(1.0E-006),#11316);
#7053=CARTESIAN_POINT('',(-0.270000000000114,0.0,0.999999999999886));
#7054=PRODUCT_CONTEXT('',#1364,'mechanical');
#7055=PRODUCT_DEFINITION_FORMATION_WITH_SPECIFIED_SOURCE(' ','NONE',#4085,.NOT_KNOWN.);
#7056=CLOSED_SHELL('',(#3270,#3370,#1526,#1678,#2504,#2922,#3358,#1930,#2896,#2856,#3022,#4036,#3528,#2128,#2726,#3132,#2998,#2636,#3996,#3576,#3778,#2718,#2866,#2252,#3820,#2170,#2506,#1492,#2296,#2548,#1394,#3860,#3620,#1966,#2760,#2362,#2594,#2702,#2440,#2816,#1454,#2680,#3618,#3176,#1552,#2130,#2544,#1676,#1418,#3850,#1410,#2616,#3296,#1806,#1692,#2186,#2964,#1884,#2758,#2072,#3206,#1728,#3054,#1834,#2442,#2582,#2658,#1412,#3938,#2634,#1388,#3222,#3378,#1822,#3432,#1814,#2188,#3976,#1500,#1926,#3214,#3486,#2290,#1626,#3318,#1660,#3772,#2792,#1844,#3264,#1662,#1744,#2350,#2756,#3950,#1496,#2796,#3994,#1810,#3096,#2378,#1782,#2534,#1478,#1700,#1426,#3718,#1448,#2436,#1956,#1378,#2924,#3946,#3026,#2354,#2644,#3354,#3154,#3634,#3658,#3028,#3748,#3440,#2434,#2298,#3622,#1798,#2346,#2852,#3698,#1818,#1484,#1600,#2750,#2596,#2538,#2238,#2684,#1632,#3808,#1934,#1624,#2118,#3682,#1450,#1942,#3822,#2692,#1910,#3234,#4024,#2114,#2864,#3758,#3766,#2016,#3256,#3514,#2992,#1432,#2956,#3200,#2580,#2446,#1852,#3756,#2884,#1442,#2768,#2624,#1904,#1486,#2668,#3952,#2804,#3426,#1866,#3642,#2810,#2410,#3774,#1536,#2356,#1704,#1784,#3162,#3614,#2700,#1524,#3902,#1746,#3164,#3548,#2528,#3944,#3140,#1954,#1828,#2850,#3700,#2408,#2780,#3596,#1414,#2532,#3282,#1498,#3362,#3198,#1894,#2332,#1836,#3232,#1542,#3736,#2492,#3582,#3802,#3476,#2426,#2946,#3316,#1936,#3364));
#7057=CARTESIAN_POINT('',(0.0,0.0,0.0));
#7058=DIRECTION('',(0.0,0.0,1.0));
#7059=DIRECTION('',(1.0,0.0,0.0));
#7060= (NAMED_UNIT(#4094)LENGTH_UNIT()SI_UNIT(.MILLI.,.METRE.));
#7061=SURFACE_SIDE_STYLE('',(#11318));
#7062=EDGE_LOOP('',(#11319,#11320,#11321,#11322));
#7063=AXIS2_PLACEMENT_3D('',#11323,#11324,#11325);
#7064=PRE_DEFINED_MARKER('');
#7065=COLOUR_RGB('',0.87058824300766,0.87058824300766,0.87058824300766);
#7066=DRAUGHTING_PRE_DEFINED_CURVE_FONT('continuous');
#7067=COLOUR_RGB('',0.0,0.0,0.0);
#7068=CARTESIAN_POINT('',(-1.71999999999993,7.82549999999997,0.450000000000159));
#7069=VECTOR('',#11326,1.0);
#7070=PRE_DEFINED_MARKER('');
#7071=COLOUR_RGB('',0.0,0.0,0.0);
#7072=PRE_DEFINED_MARKER('');
#7073=COLOUR_RGB('',0.0,0.0,0.0);
#7074=SURFACE_SIDE_STYLE('',(#11327));
#7075=EDGE_LOOP('',(#11328,#11329,#11330,#11331));
#7076=AXIS2_PLACEMENT_3D('',#11332,#11333,#11334);
#7077=DRAUGHTING_PRE_DEFINED_CURVE_FONT('continuous');
#7078=COLOUR_RGB('',0.87058824300766,0.87058824300766,0.87058824300766);
#7079=CARTESIAN_POINT('',(-0.0495991785710617,1.90282814901086,0.16665));
#7080=VECTOR('',#11335,1.0);
#7081=DRAUGHTING_PRE_DEFINED_CURVE_FONT('continuous');
#7082=COLOUR_RGB('',0.87058824300766,0.87058824300766,0.87058824300766);
#7083=CARTESIAN_POINT('',(4.00999999999966,-3.19999999999999,-0.16665));
#7084=VECTOR('',#11336,1.0);
#7085=SURFACE_SIDE_STYLE('',(#11337));
#7086=EDGE_LOOP('',(#11338,#11339,#11340,#11341,#11342,#11343,#11344,#11345,#11346,#11347,#11348,#11349));
#7087=AXIS2_PLACEMENT_3D('',#11350,#11351,#11352);
#7088=DRAUGHTING_PRE_DEFINED_CURVE_FONT('continuous');
#7089=COLOUR_RGB('',0.0,0.0,0.0);
#7090=CARTESIAN_POINT('',(-0.970499999999894,7.8504999999999,0.300500000000105));
#7091=VECTOR('',#11353,1.0);
#7092=DRAUGHTING_PRE_DEFINED_CURVE_FONT('continuous');
#7093=COLOUR_RGB('',0.0,0.0,0.0);
#7094=CARTESIAN_POINT('',(4.26000000000016,8.00099999999996,1.5));
#7095=VECTOR('',#11354,1.0);
#7096=DRAUGHTING_PRE_DEFINED_CURVE_FONT('continuous');
#7097=COLOUR_RGB('',0.87058824300766,0.87058824300766,0.87058824300766);
#7098=CARTESIAN_POINT('',(3.48999999999966,0.587206387322199,0.16665));
#7099=VECTOR('',#11355,1.0);
#7100=PRE_DEFINED_MARKER('');
#7101=COLOUR_RGB('',0.0,0.0,0.0);
#7102=DRAUGHTING_PRE_DEFINED_CURVE_FONT('continuous');
#7103=COLOUR_RGB('',0.0,0.0,0.0);
#7104=CARTESIAN_POINT('',(-0.23,7.99999999999996,0.450000000000159));
#7105=VECTOR('',#11356,1.0);
#7106=PRE_DEFINED_MARKER('');
#7107=COLOUR_RGB('',0.0,0.0,0.0);
#7108=DRAUGHTING_PRE_DEFINED_CURVE_FONT('continuous');
#7109=COLOUR_RGB('',0.0,0.0,0.0);
#7110=CARTESIAN_POINT('',(-7.745,0.150000000000006,0.625000000000113));
#7111=VECTOR('',#11357,1.0);
#7112=SURFACE_SIDE_STYLE('',(#11358));
#7113=EDGE_LOOP('',(#11359,#11360,#11361,#11362));
#7114=AXIS2_PLACEMENT_3D('',#11363,#11364,#11365);
#7115=SURFACE_SIDE_STYLE('',(#11366));
#7116=EDGE_LOOP('',(#11367,#11368,#11369,#11370));
#7117=AXIS2_PLACEMENT_3D('',#11371,#11372,#11373);
#7118=SURFACE_SIDE_STYLE('',(#11374));
#7119=EDGE_LOOP('',(#11375,#11376,#11377,#11378));
#7120=AXIS2_PLACEMENT_3D('',#11379,#11380,#11381);
#7121=DRAUGHTING_PRE_DEFINED_CURVE_FONT('continuous');
#7122=COLOUR_RGB('',0.0,0.0,0.0);
#7123=CARTESIAN_POINT('',(7.34999999999989,0.445500000000107,-0.625));
#7124=VECTOR('',#11382,1.0);
#7125=SURFACE_SIDE_STYLE('',(#11383));
#7126=EDGE_LOOP('',(#11384,#11385,#11386,#11387));
#7127=AXIS2_PLACEMENT_3D('',#11388,#11389,#11390);
#7128=PRE_DEFINED_MARKER('');
#7129=COLOUR_RGB('',0.0,0.0,0.0);
#7130=PRE_DEFINED_MARKER('');
#7131=COLOUR_RGB('',0.0,0.0,0.0);
#7132=PRE_DEFINED_MARKER('');
#7133=COLOUR_RGB('',0.0,0.0,0.0);
#7134=SURFACE_SIDE_STYLE('',(#11391));
#7135=EDGE_LOOP('',(#11392,#11393,#11394,#11395,#11396,#11397));
#7136=AXIS2_PLACEMENT_3D('',#11398,#11399,#11400);
#7137=DRAUGHTING_PRE_DEFINED_CURVE_FONT('continuous');
#7138=COLOUR_RGB('',0.0,0.0,0.0);
#7139=CARTESIAN_POINT('',(1.72000000000016,7.82549999999998,-0.449999999999932));
#7140=VECTOR('',#11401,1.0);
#7141=DRAUGHTING_PRE_DEFINED_CURVE_FONT('continuous');
#7142=COLOUR_RGB('',0.0,0.0,0.0);
#7143=CARTESIAN_POINT('',(7.34999999999989,0.670499999999941,0.624999999999983));
#7144=VECTOR('',#11402,1.0);
#7145=SURFACE_SIDE_STYLE('',(#11403));
#7146=EDGE_LOOP('',(#11404,#11405,#11406,#11407));
#7147=EDGE_LOOP('',(#11408,#11409,#11410,#11411,#11412,#11413,#11414,#11415,#11416,#11417,#11418,#11419,#11420,#11421));
#7148=AXIS2_PLACEMENT_3D('',#11422,#11423,#11424);
#7149=DRAUGHTING_PRE_DEFINED_CURVE_FONT('continuous');
#7150=COLOUR_RGB('',0.0,0.0,0.0);
#7151=CARTESIAN_POINT('',(-6.5275,0.0,0.999999999999886));
#7152=VECTOR('',#11425,1.0);
#7153=DRAUGHTING_PRE_DEFINED_CURVE_FONT('continuous');
#7154=COLOUR_RGB('',0.0,0.0,0.0);
#7155=CARTESIAN_POINT('',(4.80999999999989,4.37050000000003,-0.449999999999932));
#7156=VECTOR('',#11426,1.0);
#7157=PRE_DEFINED_MARKER('');
#7158=COLOUR_RGB('',0.87058824300766,0.87058824300766,0.87058824300766);
#7159=DRAUGHTING_PRE_DEFINED_CURVE_FONT('continuous');
#7160=COLOUR_RGB('',0.0,0.0,0.0);
#7161=CARTESIAN_POINT('',(-7.7975,0.0,-0.999999999999205));
#7162=VECTOR('',#11427,1.0);
#7163=SURFACE_SIDE_STYLE('',(#11428));
#7164=EDGE_LOOP('',(#11429,#11430,#11431,#11432));
#7165=AXIS2_PLACEMENT_3D('',#11433,#11434,#11435);
#7166=PRE_DEFINED_MARKER('');
#7167=COLOUR_RGB('',0.0,0.0,0.0);
#7168=PRE_DEFINED_MARKER('');
#7169=COLOUR_RGB('',0.0,0.0,0.0);
#7170=SURFACE_SIDE_STYLE('',(#11436));
#7171=EDGE_LOOP('',(#11437,#11438,#11439,#11440));
#7172=AXIS2_PLACEMENT_3D('',#11441,#11442,#11443);
#7173=SURFACE_SIDE_STYLE('',(#11444));
#7174=EDGE_LOOP('',(#11445,#11446,#11447,#11448));
#7175=AXIS2_PLACEMENT_3D('',#11449,#11450,#11451);
#7176=PRE_DEFINED_MARKER('');
#7177=COLOUR_RGB('',0.0,0.0,0.0);
#7178=SURFACE_SIDE_STYLE('',(#11452));
#7179=EDGE_LOOP('',(#11453,#11454,#11455,#11456));
#7180=AXIS2_PLACEMENT_3D('',#11457,#11458,#11459);
#7181=PRE_DEFINED_MARKER('');
#7182=COLOUR_RGB('',0.0,0.0,0.0);
#7183=DRAUGHTING_PRE_DEFINED_CURVE_FONT('continuous');
#7184=COLOUR_RGB('',0.0,0.0,0.0);
#7185=CARTESIAN_POINT('',(2.31,7.64999999999999,-1.00000000000011));
#7186=VECTOR('',#11460,1.0);
#7187=PRE_DEFINED_MARKER('');
#7188=COLOUR_RGB('',0.87058824300766,0.87058824300766,0.87058824300766);
#7189=DRAUGHTING_PRE_DEFINED_CURVE_FONT('continuous');
#7190=COLOUR_RGB('',0.87058824300766,0.87058824300766,0.87058824300766);
#7191=CARTESIAN_POINT('',(1.46999999999966,-3.19999999999999,0.16665));
#7192=VECTOR('',#11461,1.0);
#7193=DRAUGHTING_PRE_DEFINED_CURVE_FONT('continuous');
#7194=COLOUR_RGB('',0.0,0.0,0.0);
#7195=CARTESIAN_POINT('',(0.270000000000796,0.0,1.13750000000005));
#7196=VECTOR('',#11462,1.0);
#7197=DRAUGHTING_PRE_DEFINED_CURVE_FONT('continuous');
#7198=COLOUR_RGB('',0.0,0.0,0.0);
#7199=CARTESIAN_POINT('',(-5.2575,0.0,-0.999999999999205));
#7200=VECTOR('',#11463,1.0);
#7201=PRE_DEFINED_MARKER('');
#7202=COLOUR_RGB('',0.0,0.0,0.0);
#7203=DRAUGHTING_PRE_DEFINED_CURVE_FONT('continuous');
#7204=COLOUR_RGB('',0.0,0.0,0.0);
#7205=CARTESIAN_POINT('',(-7.745,0.599999999999994,-0.625));
#7206=VECTOR('',#11464,1.0);
#7207=PRE_DEFINED_MARKER('');
#7208=COLOUR_RGB('',0.0,0.0,0.0);
#7209=PRE_DEFINED_MARKER('');
#7210=COLOUR_RGB('',0.0,0.0,0.0);
#7211=DRAUGHTING_PRE_DEFINED_CURVE_FONT('continuous');
#7212=COLOUR_RGB('',0.0,0.0,0.0);
#7213=CARTESIAN_POINT('',(2.26999999999989,7.64999999999999,1.24999999999994));
#7214=VECTOR('',#11465,1.0);
#7215=SURFACE_SIDE_STYLE('',(#11466));
#7216=EDGE_LOOP('',(#11467,#11468,#11469,#11470));
#7217=AXIS2_PLACEMENT_3D('',#11471,#11472,#11473);
#7218=PRE_DEFINED_MARKER('');
#7219=COLOUR_RGB('',0.0,0.0,0.0);
#7220=DRAUGHTING_PRE_DEFINED_CURVE_FONT('continuous');
#7221=COLOUR_RGB('',1.0,0.0,0.0);
#7222=CARTESIAN_POINT('',(-5.65,7.625,0.7));
#7223=VECTOR('',#11474,1.0);
#7224=SURFACE_SIDE_STYLE('',(#11475));
#7225=EDGE_LOOP('',(#11476,#11477,#11478,#11479));
#7226=AXIS2_PLACEMENT_3D('',#11480,#11481,#11482);
#7227=SURFACE_SIDE_STYLE('',(#11483));
#7228=EDGE_LOOP('',(#11484,#11485,#11486,#11487,#11488,#11489,#11490,#11491));
#7229=AXIS2_PLACEMENT_3D('',#11492,#11493,#11494);
#7230=PRE_DEFINED_MARKER('');
#7231=COLOUR_RGB('',0.0,0.0,0.0);
#7232=DRAUGHTING_PRE_DEFINED_CURVE_FONT('continuous');
#7233=COLOUR_RGB('',0.0,0.0,0.0);
#7234=CARTESIAN_POINT('',(-7.7975,8.49999999999996,-0.949999999999932));
#7235=VECTOR('',#11495,1.0);
#7236=SURFACE_SIDE_STYLE('',(#11496));
#7237=EDGE_LOOP('',(#11497,#11498,#11499,#11500));
#7238=AXIS2_PLACEMENT_3D('',#11501,#11502,#11503);
#7239=PRE_DEFINED_MARKER('');
#7240=COLOUR_RGB('',0.87058824300766,0.87058824300766,0.87058824300766);
#7241=SURFACE_SIDE_STYLE('',(#11504));
#7242=EDGE_LOOP('',(#11505,#11506,#11507,#11508));
#7243=EDGE_LOOP('',(#11509,#11510,#11511,#11512,#11513,#11514,#11515,#11516,#11517,#11518,#11519,#11520,#11521,#11522));
#7244=AXIS2_PLACEMENT_3D('',#11523,#11524,#11525);
#7245=SURFACE_SIDE_STYLE('',(#11526));
#7246=EDGE_LOOP('',(#11527,#11528,#11529,#11530,#11531,#11532));
#7247=AXIS2_PLACEMENT_3D('',#11533,#11534,#11535);
#7248=SURFACE_SIDE_STYLE('',(#11536));
#7249=EDGE_LOOP('',(#11537,#11538,#11539,#11540,#11541,#11542,#11543,#11544,#11545,#11546,#11547,#11548));
#7250=AXIS2_PLACEMENT_3D('',#11549,#11550,#11551);
#7251=DRAUGHTING_PRE_DEFINED_CURVE_FONT('continuous');
#7252=COLOUR_RGB('',1.0,0.0,0.0);
#7253=CARTESIAN_POINT('',(-6.35,7.68,-0.32));
#7254=VECTOR('',#11552,1.0);
#7255=DRAUGHTING_PRE_DEFINED_CURVE_FONT('continuous');
#7256=COLOUR_RGB('',0.0,0.0,0.0);
#7257=AXIS2_PLACEMENT_3D('',#11553,#11554,#11555);
#7258=PRE_DEFINED_MARKER('');
#7259=COLOUR_RGB('',0.87058824300766,0.87058824300766,0.87058824300766);
#7260=DRAUGHTING_PRE_DEFINED_CURVE_FONT('continuous');
#7261=COLOUR_RGB('',0.0,0.0,0.0);
#7262=CARTESIAN_POINT('',(0.820000000000069,8.00099999999996,1.5));
#7263=VECTOR('',#11556,1.0);
#7264=DRAUGHTING_PRE_DEFINED_CURVE_FONT('continuous');
#7265=COLOUR_RGB('',0.0,0.0,0.0);
#7266=CARTESIAN_POINT('',(5.35000000000079,4.37050000000009,-0.449999999999931));
#7267=VECTOR('',#11557,1.0);
#7268=PRE_DEFINED_MARKER('');
#7269=COLOUR_RGB('',0.0,0.0,0.0);
#7270=PRE_DEFINED_MARKER('');
#7271=COLOUR_RGB('',0.87058824300766,0.87058824300766,0.87058824300766);
#7272=PRE_DEFINED_MARKER('');
#7273=COLOUR_RGB('',0.0,0.0,0.0);
#7274=DRAUGHTING_PRE_DEFINED_CURVE_FONT('continuous');
#7275=COLOUR_RGB('',0.0,0.0,0.0);
#7276=CARTESIAN_POINT('',(-7.3499999999992,7.64999999999999,0.525000000000034));
#7277=VECTOR('',#11558,1.0);
#7278=PRE_DEFINED_MARKER('');
#7279=COLOUR_RGB('',0.0,0.0,0.0);
#7280=PRE_DEFINED_MARKER('');
#7281=COLOUR_RGB('',0.0,0.0,0.0);
#7282=SURFACE_SIDE_STYLE('',(#11559));
#7283=EDGE_LOOP('',(#11560,#11561,#11562,#11563));
#7284=AXIS2_PLACEMENT_3D('',#11564,#11565,#11566);
#7285=SURFACE_SIDE_STYLE('',(#11567));
#7286=EDGE_LOOP('',(#11568,#11569,#11570,#11571));
#7287=EDGE_LOOP('',(#11572,#11573,#11574,#11575));
#7288=AXIS2_PLACEMENT_3D('',#11576,#11577,#11578);
#7289=DRAUGHTING_PRE_DEFINED_CURVE_FONT('continuous');
#7290=COLOUR_RGB('',1.0,0.0,0.0);
#7291=CARTESIAN_POINT('',(-6.67,7.57,0.0));
#7292=VECTOR('',#11579,1.0);
#7293=PRE_DEFINED_MARKER('');
#7294=COLOUR_RGB('',0.0,0.0,0.0);
#7295=DRAUGHTING_PRE_DEFINED_CURVE_FONT('continuous');
#7296=COLOUR_RGB('',0.0,0.0,0.0);
#7297=CARTESIAN_POINT('',(2.8100000000008,1.90282814901086,0.833325));
#7298=VECTOR('',#11580,1.0);
#7299=PRE_DEFINED_MARKER('');
#7300=COLOUR_RGB('',0.0,0.0,0.0);
#7301=SURFACE_SIDE_STYLE('',(#11581));
#7302=EDGE_LOOP('',(#11582,#11583,#11584,#11585));
#7303=AXIS2_PLACEMENT_3D('',#11586,#11587,#11588);
#7304=PRE_DEFINED_MARKER('');
#7305=COLOUR_RGB('',0.0,0.0,0.0);
#7306=DRAUGHTING_PRE_DEFINED_CURVE_FONT('continuous');
#7307=COLOUR_RGB('',0.87058824300766,0.87058824300766,0.87058824300766);
#7308=CARTESIAN_POINT('',(-1.59000000000034,0.587206387322199,0.16665));
#7309=VECTOR('',#11589,1.0);
#7310=SURFACE_SIDE_STYLE('',(#11590));
#7311=EDGE_LOOP('',(#11591,#11592,#11593,#11594));
#7312=EDGE_LOOP('',(#11595,#11596,#11597,#11598));
#7313=EDGE_LOOP('',(#11599,#11600,#11601,#11602));
#7314=EDGE_LOOP('',(#11603,#11604,#11605,#11606));
#7315=EDGE_LOOP('',(#11607,#11608,#11609,#11610));
#7316=EDGE_LOOP('',(#11611,#11612,#11613,#11614));
#7317=EDGE_LOOP('',(#11615,#11616,#11617,#11618));
#7318=AXIS2_PLACEMENT_3D('',#11619,#11620,#11621);
#7319=PRE_DEFINED_MARKER('');
#7320=COLOUR_RGB('',0.87058824300766,0.87058824300766,0.87058824300766);
#7321=DRAUGHTING_PRE_DEFINED_CURVE_FONT('continuous');
#7322=COLOUR_RGB('',0.0,0.0,0.0);
#7323=CARTESIAN_POINT('',(2.26999999999989,0.30221311391666,-0.16665));
#7324=VECTOR('',#11622,1.0);
#7325=DRAUGHTING_PRE_DEFINED_CURVE_FONT('continuous');
#7326=COLOUR_RGB('',0.87058824300766,0.87058824300766,0.87058824300766);
#7327=CARTESIAN_POINT('',(-5.12959917857106,1.90282814901086,0.16665));
#7328=VECTOR('',#11623,1.0);
#7329=DRAUGHTING_PRE_DEFINED_CURVE_FONT('continuous');
#7330=COLOUR_RGB('',0.0,0.0,0.0);
#7331=CARTESIAN_POINT('',(-0.81999999999984,7.82549999999998,-0.449999999999932));
#7332=VECTOR('',#11624,1.0);
#7333=SURFACE_SIDE_STYLE('',(#11625));
#7334=EDGE_LOOP('',(#11626,#11627,#11628,#11629));
#7335=AXIS2_PLACEMENT_3D('',#11630,#11631,#11632);
#7336=PRE_DEFINED_MARKER('');
#7337=COLOUR_RGB('',0.0,0.0,0.0);
#7338=PRE_DEFINED_MARKER('');
#7339=COLOUR_RGB('',0.0,0.0,0.0);
#7340=PRE_DEFINED_MARKER('');
#7341=COLOUR_RGB('',0.87058824300766,0.87058824300766,0.87058824300766);
#7342=DRAUGHTING_PRE_DEFINED_CURVE_FONT('continuous');
#7343=COLOUR_RGB('',0.87058824300766,0.87058824300766,0.87058824300766);
#7344=AXIS2_PLACEMENT_3D('',#11633,#11634,#11635);
#7345=DRAUGHTING_PRE_DEFINED_CURVE_FONT('continuous');
#7346=COLOUR_RGB('',0.87058824300766,0.87058824300766,0.87058824300766);
#7347=CARTESIAN_POINT('',(4.12999999999966,-2.54999999999999,0.16665));
#7348=VECTOR('',#11636,1.0);
#7349=DRAUGHTING_PRE_DEFINED_CURVE_FONT('continuous');
#7350=COLOUR_RGB('',0.87058824300766,0.87058824300766,0.87058824300766);
#7351=CARTESIAN_POINT('',(3.48999999999966,-2.54999999999999,-0.16665));
#7352=VECTOR('',#11637,1.0);
#7353=PRE_DEFINED_MARKER('');
#7354=COLOUR_RGB('',0.0,0.0,0.0);
#7355=DRAUGHTING_PRE_DEFINED_CURVE_FONT('continuous');
#7356=COLOUR_RGB('',0.0,0.0,0.0);
#7357=CARTESIAN_POINT('',(-5.31,7.64999999999999,0.999999999999886));
#7358=VECTOR('',#11638,1.0);
#7359=PRE_DEFINED_MARKER('');
#7360=COLOUR_RGB('',0.0,0.0,0.0);
#7361=DRAUGHTING_PRE_DEFINED_CURVE_FONT('continuous');
#7362=COLOUR_RGB('',0.87058824300766,0.87058824300766,0.87058824300766);
#7363=AXIS2_PLACEMENT_3D('',#11639,#11640,#11641);
#7364=DRAUGHTING_PRE_DEFINED_CURVE_FONT('continuous');
#7365=COLOUR_RGB('',0.0,0.0,0.0);
#7366=CARTESIAN_POINT('',(-7.05,7.65099999999999,0.75));
#7367=VECTOR('',#11642,1.0);
#7368=DRAUGHTING_PRE_DEFINED_CURVE_FONT('continuous');
#7369=COLOUR_RGB('',0.0,0.0,0.0);
#7370=AXIS2_PLACEMENT_3D('',#11643,#11644,#11645);
#7371=PRE_DEFINED_MARKER('');
#7372=COLOUR_RGB('',0.0,0.0,0.0);
#7373=DRAUGHTING_PRE_DEFINED_CURVE_FONT('continuous');
#7374=COLOUR_RGB('',0.0,0.0,0.0);
#7375=CARTESIAN_POINT('',(2.26999999999989,0.445500000000107,-0.625));
#7376=VECTOR('',#11646,1.0);
#7377=DRAUGHTING_PRE_DEFINED_CURVE_FONT('continuous');
#7378=COLOUR_RGB('',0.0,0.0,0.0);
#7379=CARTESIAN_POINT('',(-4.8099999999992,0.445500000000164,-0.625));
#7380=VECTOR('',#11647,1.0);
#7381=DRAUGHTING_PRE_DEFINED_CURVE_FONT('continuous');
#7382=COLOUR_RGB('',0.87058824300766,0.87058824300766,0.87058824300766);
#7383=CARTESIAN_POINT('',(6.02999999999966,-2.54999999999999,0.16665));
#7384=VECTOR('',#11648,1.0);
#7385=DRAUGHTING_PRE_DEFINED_CURVE_FONT('continuous');
#7386=COLOUR_RGB('',0.0,0.0,0.0);
#7387=CARTESIAN_POINT('',(-2.81000000000011,7.64999999999999,1.24999999999994));
#7388=VECTOR('',#11649,1.0);
#7389=PRE_DEFINED_MARKER('');
#7390=COLOUR_RGB('',0.87058824300766,0.87058824300766,0.87058824300766);
#7391=DRAUGHTING_PRE_DEFINED_CURVE_FONT('continuous');
#7392=COLOUR_RGB('',0.87058824300766,0.87058824300766,0.87058824300766);
#7393=CARTESIAN_POINT('',(0.781220657277022,0.753873053988883,0.16665));
#7394=VECTOR('',#11650,1.0);
#7395=DRAUGHTING_PRE_DEFINED_CURVE_FONT('continuous');
#7396=COLOUR_RGB('',0.87058824300766,0.87058824300766,0.87058824300766);
#7397=CARTESIAN_POINT('',(-5.86122065727702,0.753873053989039,0.16665));
#7398=VECTOR('',#11651,1.0);
#7399=DRAUGHTING_PRE_DEFINED_CURVE_FONT('continuous');
#7400=COLOUR_RGB('',0.0,0.0,0.0);
#7401=CARTESIAN_POINT('',(0.270000000000796,0.740500000000165,0.999999999999886));
#7402=VECTOR('',#11652,1.0);
#7403=PRE_DEFINED_MARKER('');
#7404=COLOUR_RGB('',0.0,0.0,0.0);
#7405=PRE_DEFINED_MARKER('');
#7406=COLOUR_RGB('',0.0,0.0,0.0);
#7407=SURFACE_SIDE_STYLE('',(#11653));
#7408=EDGE_LOOP('',(#11654,#11655,#11656,#11657,#11658,#11659));
#7409=AXIS2_PLACEMENT_3D('',#11660,#11661,#11662);
#7410=PRE_DEFINED_MARKER('');
#7411=COLOUR_RGB('',0.0,0.0,0.0);
#7412=PRE_DEFINED_MARKER('');
#7413=COLOUR_RGB('',0.0,0.0,0.0);
#7414=PRE_DEFINED_MARKER('');
#7415=COLOUR_RGB('',0.0,0.0,0.0);
#7416=DRAUGHTING_PRE_DEFINED_CURVE_FONT('continuous');
#7417=COLOUR_RGB('',0.0,0.0,0.0);
#7418=CARTESIAN_POINT('',(6.80000000000016,7.67524999999998,-0.125249999999957));
#7419=VECTOR('',#11663,0.999999999999999);
#7420=DRAUGHTING_PRE_DEFINED_CURVE_FONT('continuous');
#7421=COLOUR_RGB('',0.87058824300766,0.87058824300766,0.87058824300766);
#7422=CARTESIAN_POINT('',(-4.01000000000034,-3.19999999999999,0.16665));
#7423=VECTOR('',#11664,0.999999999999999);
#7424=PRE_DEFINED_MARKER('');
#7425=COLOUR_RGB('',0.0,0.0,0.0);
#7426=PRE_DEFINED_MARKER('');
#7427=COLOUR_RGB('',0.87058824300766,0.87058824300766,0.87058824300766);
#7428=PRE_DEFINED_MARKER('');
#7429=COLOUR_RGB('',0.0,0.0,0.0);
#7430=DRAUGHTING_PRE_DEFINED_CURVE_FONT('continuous');
#7431=COLOUR_RGB('',0.0,0.0,0.0);
#7432=AXIS2_PLACEMENT_3D('',#11665,#11666,#11667);
#7433=DRAUGHTING_PRE_DEFINED_CURVE_FONT('continuous');
#7434=COLOUR_RGB('',0.0,0.0,0.0);
#7435=CARTESIAN_POINT('',(-7.7975,8.49999999999997,0.950000000000173));
#7436=VECTOR('',#11668,1.0);
#7437=DRAUGHTING_PRE_DEFINED_CURVE_FONT('continuous');
#7438=COLOUR_RGB('',0.87058824300766,0.87058824300766,0.87058824300766);
#7439=CARTESIAN_POINT('',(-3.32122065727702,0.753873053989039,0.16665));
#7440=VECTOR('',#11669,1.0);
#7441=SURFACE_SIDE_STYLE('',(#11670));
#7442=EDGE_LOOP('',(#11671,#11672,#11673,#11674,#11675,#11676));
#7443=AXIS2_PLACEMENT_3D('',#11677,#11678,#11679);
#7444=SURFACE_SIDE_STYLE('',(#11680));
#7445=EDGE_LOOP('',(#11681,#11682,#11683,#11684));
#7446=AXIS2_PLACEMENT_3D('',#11685,#11686,#11687);
#7447=DRAUGHTING_PRE_DEFINED_CURVE_FONT('continuous');
#7448=COLOUR_RGB('',0.0,0.0,0.0);
#7449=CARTESIAN_POINT('',(-7.85,7.64999999999999,0.450000000000159));
#7450=VECTOR('',#11688,1.0);
#7451=PRE_DEFINED_MARKER('');
#7452=COLOUR_RGB('',0.0,0.0,0.0);
#7453=SURFACE_SIDE_STYLE('',(#11689));
#7454=EDGE_LOOP('',(#11690,#11691,#11692,#11693));
#7455=EDGE_LOOP('',(#11694,#11695,#11696,#11697,#11698,#11699,#11700,#11701,#11702,#11703,#11704,#11705,#11706,#11707));
#7456=AXIS2_PLACEMENT_3D('',#11708,#11709,#11710);
#7457=DRAUGHTING_PRE_DEFINED_CURVE_FONT('continuous');
#7458=COLOUR_RGB('',0.0,0.0,0.0);
#7459=CARTESIAN_POINT('',(-6.60000000000006,7.65099999999999,0.450000000000159));
#7460=VECTOR('',#11711,1.0);
#7461=DRAUGHTING_PRE_DEFINED_CURVE_FONT('continuous');
#7462=COLOUR_RGB('',0.0,0.0,0.0);
#7463=CARTESIAN_POINT('',(-5.31,7.64999999999999,0.450000000000159));
#7464=VECTOR('',#11712,1.0);
#7465=DRAUGHTING_PRE_DEFINED_CURVE_FONT('continuous');
#7466=COLOUR_RGB('',0.0,0.0,0.0);
#7467=CARTESIAN_POINT('',(-0.270000000000114,0.445500000000107,-0.625));
#7468=VECTOR('',#11713,1.0);
#7469=DRAUGHTING_PRE_DEFINED_CURVE_FONT('continuous');
#7470=COLOUR_RGB('',0.87058824300766,0.87058824300766,0.87058824300766);
#7471=CARTESIAN_POINT('',(6.14999999999966,-3.19999999999999,-0.16665));
#7472=VECTOR('',#11714,0.999999999999999);
#7473=DRAUGHTING_PRE_DEFINED_CURVE_FONT('continuous');
#7474=COLOUR_RGB('',0.0,0.0,0.0);
#7475=CARTESIAN_POINT('',(7.34999999999989,0.740500000000109,0.999999999999887));
#7476=VECTOR('',#11715,1.0);
#7477=DRAUGHTING_PRE_DEFINED_CURVE_FONT('continuous');
#7478=COLOUR_RGB('',0.87058824300766,0.87058824300766,0.87058824300766);
#7479=CARTESIAN_POINT('',(1.46999999999966,-3.19999999999999,0.16665));
#7480=VECTOR('',#11716,1.0);
#7481=PRE_DEFINED_MARKER('');
#7482=COLOUR_RGB('',0.87058824300766,0.87058824300766,0.87058824300766);
#7483=DRAUGHTING_PRE_DEFINED_CURVE_FONT('continuous');
#7484=COLOUR_RGB('',0.0,0.0,0.0);
#7485=CARTESIAN_POINT('',(-6.79999999999993,7.82549999999997,0.450000000000159));
#7486=VECTOR('',#11717,1.0);
#7487=PRE_DEFINED_MARKER('');
#7488=COLOUR_RGB('',0.87058824300766,0.87058824300766,0.87058824300766);
#7489=DRAUGHTING_PRE_DEFINED_CURVE_FONT('continuous');
#7490=COLOUR_RGB('',0.0,0.0,0.0);
#7491=CARTESIAN_POINT('',(7.745,0.0,1.25));
#7492=VECTOR('',#11718,1.0);
#7493=DRAUGHTING_PRE_DEFINED_CURVE_FONT('continuous');
#7494=COLOUR_RGB('',0.0,0.0,0.0);
#7495=CARTESIAN_POINT('',(4.80999999999989,0.445500000000107,-0.625));
#7496=VECTOR('',#11719,1.0);
#7497=PRE_DEFINED_MARKER('');
#7498=COLOUR_RGB('',0.0,0.0,0.0);
#7499=DRAUGHTING_PRE_DEFINED_CURVE_FONT('continuous');
#7500=COLOUR_RGB('',0.0,0.0,0.0);
#7501=CARTESIAN_POINT('',(-6.38383333333319,7.51716666666661,0.0328333333334176));
#7502=VECTOR('',#11720,1.0);
#7503=SURFACE_SIDE_STYLE('',(#11721));
#7504=EDGE_LOOP('',(#11722,#11723,#11724,#11725));
#7505=AXIS2_PLACEMENT_3D('',#11726,#11727,#11728);
#7506=SURFACE_SIDE_STYLE('',(#11729));
#7507=EDGE_LOOP('',(#11730,#11731,#11732,#11733));
#7508=EDGE_LOOP('',(#11734,#11735,#11736,#11737,#11738,#11739,#11740,#11741,#11742,#11743,#11744,#11745,#11746,#11747));
#7509=AXIS2_PLACEMENT_3D('',#11748,#11749,#11750);
#7510=DRAUGHTING_PRE_DEFINED_CURVE_FONT('continuous');
#7511=COLOUR_RGB('',0.0,0.0,0.0);
#7512=CARTESIAN_POINT('',(2.84383333333342,8.51716666666661,0.96716666666681));
#7513=VECTOR('',#11751,1.0);
#7514=PRE_DEFINED_MARKER('');
#7515=COLOUR_RGB('',0.0,0.0,0.0);
#7516=DRAUGHTING_PRE_DEFINED_CURVE_FONT('continuous');
#7517=COLOUR_RGB('',0.0,0.0,0.0);
#7518=CARTESIAN_POINT('',(-6.79999999999993,7.76274999999997,-0.212749999999949));
#7519=VECTOR('',#11752,0.999999999999999);
#7520=DRAUGHTING_PRE_DEFINED_CURVE_FONT('continuous');
#7521=COLOUR_RGB('',0.87058824300766,0.87058824300766,0.87058824300766);
#7522=AXIS2_PLACEMENT_3D('',#11753,#11754,#11755);
#7523=DRAUGHTING_PRE_DEFINED_CURVE_FONT('continuous');
#7524=COLOUR_RGB('',0.0,0.0,0.0);
#7525=CARTESIAN_POINT('',(5.35000000000079,0.599999999999994,0.437500000000001));
#7526=VECTOR('',#11756,1.0);
#7527=PRE_DEFINED_MARKER('');
#7528=COLOUR_RGB('',1.0,0.0,0.0);
#7529=SURFACE_SIDE_STYLE('',(#11757));
#7530=EDGE_LOOP('',(#11758,#11759,#11760,#11761));
#7531=AXIS2_PLACEMENT_3D('',#11762,#11763,#11764);
#7532=SURFACE_SIDE_STYLE('',(#11765));
#7533=EDGE_LOOP('',(#11766,#11767,#11768,#11769));
#7534=AXIS2_PLACEMENT_3D('',#11770,#11771,#11772);
#7535=PRE_DEFINED_MARKER('');
#7536=COLOUR_RGB('',0.0,0.0,0.0);
#7537=DRAUGHTING_PRE_DEFINED_CURVE_FONT('continuous');
#7538=COLOUR_RGB('',0.0,0.0,0.0);
#7539=CARTESIAN_POINT('',(0.270000000000796,0.753873053988997,0.833325));
#7540=VECTOR('',#11773,1.0);
#7541=DRAUGHTING_PRE_DEFINED_CURVE_FONT('continuous');
#7542=COLOUR_RGB('',0.0,0.0,0.0);
#7543=AXIS2_PLACEMENT_3D('',#11774,#11775,#11776);
#7544=PRE_DEFINED_MARKER('');
#7545=COLOUR_RGB('',0.0,0.0,0.0);
#7546=DRAUGHTING_PRE_DEFINED_CURVE_FONT('continuous');
#7547=COLOUR_RGB('',0.0,0.0,0.0);
#7548=CARTESIAN_POINT('',(5.35000000000079,0.0,1.13750000000005));
#7549=VECTOR('',#11777,1.0);
#7550=PRE_DEFINED_MARKER('');
#7551=COLOUR_RGB('',0.87058824300766,0.87058824300766,0.87058824300766);
#7552=SURFACE_SIDE_STYLE('',(#11778));
#7553=EDGE_LOOP('',(#11779,#11780,#11781,#11782,#11783,#11784,#11785,#11786,#11787,#11788,#11789,#11790));
#7554=AXIS2_PLACEMENT_3D('',#11791,#11792,#11793);
#7555=PRE_DEFINED_MARKER('');
#7556=COLOUR_RGB('',1.0,0.0,0.0);
#7557=PRE_DEFINED_MARKER('');
#7558=COLOUR_RGB('',0.0,0.0,0.0);
#7559=DRAUGHTING_PRE_DEFINED_CURVE_FONT('continuous');
#7560=COLOUR_RGB('',0.0,0.0,0.0);
#7561=AXIS2_PLACEMENT_3D('',#11794,#11795,#11796);
#7562=SURFACE_SIDE_STYLE('',(#11797));
#7563=EDGE_LOOP('',(#11798,#11799,#11800,#11801));
#7564=AXIS2_PLACEMENT_3D('',#11802,#11803,#11804);
#7565=DRAUGHTING_PRE_DEFINED_CURVE_FONT('continuous');
#7566=COLOUR_RGB('',0.87058824300766,0.87058824300766,0.87058824300766);
#7567=CARTESIAN_POINT('',(6.66999999999966,0.58720638732241,0.16665));
#7568=VECTOR('',#11805,1.0);
#7569=SURFACE_SIDE_STYLE('',(#11806));
#7570=EDGE_LOOP('',(#11807,#11808,#11809,#11810,#11811,#11812));
#7571=AXIS2_PLACEMENT_3D('',#11813,#11814,#11815);
#7572=PRE_DEFINED_MARKER('');
#7573=COLOUR_RGB('',0.0,0.0,0.0);
#7574=DRAUGHTING_PRE_DEFINED_CURVE_FONT('continuous');
#7575=COLOUR_RGB('',0.87058824300766,0.87058824300766,0.87058824300766);
#7576=CARTESIAN_POINT('',(3.60999999999966,-3.19999999999999,0.16665));
#7577=VECTOR('',#11816,0.999999999999999);
#7578=PRE_DEFINED_MARKER('');
#7579=COLOUR_RGB('',0.87058824300766,0.87058824300766,0.87058824300766);
#7580=DRAUGHTING_PRE_DEFINED_CURVE_FONT('continuous');
#7581=COLOUR_RGB('',0.0,0.0,0.0);
#7582=CARTESIAN_POINT('',(4.26000000000016,7.82549999999998,-0.449999999999932));
#7583=VECTOR('',#11817,1.0);
#7584=PRE_DEFINED_MARKER('');
#7585=COLOUR_RGB('',0.87058824300766,0.87058824300766,0.87058824300766);
#7586=DRAUGHTING_PRE_DEFINED_CURVE_FONT('continuous');
#7587=COLOUR_RGB('',0.0,0.0,0.0);
#7588=CARTESIAN_POINT('',(-6.79999999999993,8.00049999999996,-0.449999999999932));
#7589=VECTOR('',#11818,1.0);
#7590=DRAUGHTING_PRE_DEFINED_CURVE_FONT('continuous');
#7591=COLOUR_RGB('',0.0,0.0,0.0);
#7592=CARTESIAN_POINT('',(2.26999999999989,0.740500000000165,-0.999999999999204));
#7593=VECTOR('',#11819,1.0);
#7594=DRAUGHTING_PRE_DEFINED_CURVE_FONT('continuous');
#7595=COLOUR_RGB('',0.0,0.0,0.0);
#7596=CARTESIAN_POINT('',(-3.35999999999984,7.67524999999998,-0.125249999999958));
#7597=VECTOR('',#11820,0.999999999999999);
#7598=DRAUGHTING_PRE_DEFINED_CURVE_FONT('continuous');
#7599=COLOUR_RGB('',0.0,0.0,0.0);
#7600=CARTESIAN_POINT('',(-4.8099999999992,0.753873053988997,0.833325));
#7601=VECTOR('',#11821,1.0);
#7602=PRE_DEFINED_MARKER('');
#7603=COLOUR_RGB('',0.0,0.0,0.0);
#7604=DRAUGHTING_PRE_DEFINED_CURVE_FONT('continuous');
#7605=COLOUR_RGB('',0.0,0.0,0.0);
#7606=CARTESIAN_POINT('',(7.745,8.49999999999997,1.25));
#7607=VECTOR('',#11822,1.0);
#7608=SURFACE_SIDE_STYLE('',(#11823));
#7609=EDGE_LOOP('',(#11824,#11825,#11826,#11827));
#7610=AXIS2_PLACEMENT_3D('',#11828,#11829,#11830);
#7611=PRE_DEFINED_MARKER('');
#7612=COLOUR_RGB('',0.0,0.0,0.0);
#7613=DRAUGHTING_PRE_DEFINED_CURVE_FONT('continuous');
#7614=COLOUR_RGB('',0.87058824300766,0.87058824300766,0.87058824300766);
#7615=CARTESIAN_POINT('',(4.12999999999966,-2.54999999999999,-0.16665));
#7616=VECTOR('',#11831,1.0);
#7617=DRAUGHTING_PRE_DEFINED_CURVE_FONT('continuous');
#7618=COLOUR_RGB('',0.0,0.0,0.0);
#7619=CARTESIAN_POINT('',(-7.745,0.599999999999994,0.625));
#7620=VECTOR('',#11832,1.0);
#7621=DRAUGHTING_PRE_DEFINED_CURVE_FONT('continuous');
#7622=COLOUR_RGB('',0.0,0.0,0.0);
#7623=CARTESIAN_POINT('',(-7.3499999999992,0.0,0.125));
#7624=VECTOR('',#11833,1.0);
#7625=DRAUGHTING_PRE_DEFINED_CURVE_FONT('continuous');
#7626=COLOUR_RGB('',0.0,0.0,0.0);
#7627=CARTESIAN_POINT('',(2.8100000000008,0.670499999999998,0.624999999999982));
#7628=VECTOR('',#11834,1.0);
#7629=PRE_DEFINED_MARKER('');
#7630=COLOUR_RGB('',0.0,0.0,0.0);
#7631=DRAUGHTING_PRE_DEFINED_CURVE_FONT('continuous');
#7632=COLOUR_RGB('',0.0,0.0,0.0);
#7633=CARTESIAN_POINT('',(-2.2699999999992,7.64999999999999,1.24999999999994));
#7634=VECTOR('',#11835,1.0);
#7635=SURFACE_SIDE_STYLE('',(#11836));
#7636=EDGE_LOOP('',(#11837,#11838,#11839,#11840));
#7637=AXIS2_PLACEMENT_3D('',#11841,#11842,#11843);
#7638=SURFACE_SIDE_STYLE('',(#11844));
#7639=EDGE_LOOP('',(#11845,#11846,#11847,#11848,#11849,#11850,#11851,#11852));
#7640=AXIS2_PLACEMENT_3D('',#11853,#11854,#11855);
#7641=DRAUGHTING_PRE_DEFINED_CURVE_FONT('continuous');
#7642=COLOUR_RGB('',0.87058824300766,0.87058824300766,0.87058824300766);
#7643=CARTESIAN_POINT('',(-6.55000000000034,-3.19999999999999,0.16665));
#7644=VECTOR('',#11856,0.999999999999999);
#7645=PRE_DEFINED_MARKER('');
#7646=COLOUR_RGB('',0.0,0.0,0.0);
#7647=PRE_DEFINED_MARKER('');
#7648=COLOUR_RGB('',0.0,0.0,0.0);
#7649=DRAUGHTING_PRE_DEFINED_CURVE_FONT('continuous');
#7650=COLOUR_RGB('',0.0,0.0,0.0);
#7651=CARTESIAN_POINT('',(4.85,7.99999999999996,-0.449999999999932));
#7652=VECTOR('',#11857,1.0);
#7653=DRAUGHTING_PRE_DEFINED_CURVE_FONT('continuous');
#7654=COLOUR_RGB('',0.0,0.0,0.0);
#7655=CARTESIAN_POINT('',(-4.8099999999992,0.599999999999994,0.4375));
#7656=VECTOR('',#11858,1.0);
#7657=DRAUGHTING_PRE_DEFINED_CURVE_FONT('continuous');
#7658=COLOUR_RGB('',0.0,0.0,0.0);
#7659=CARTESIAN_POINT('',(-4.8099999999992,0.740500000000165,0.999999999999886));
#7660=VECTOR('',#11859,1.0);
#7661=DRAUGHTING_PRE_DEFINED_CURVE_FONT('continuous');
#7662=COLOUR_RGB('',0.0,0.0,0.0);
#7663=CARTESIAN_POINT('',(4.80999999999989,0.599999999999994,0.437500000000001));
#7664=VECTOR('',#11860,1.0);
#7665=DRAUGHTING_PRE_DEFINED_CURVE_FONT('continuous');
#7666=COLOUR_RGB('',0.0,0.0,0.0);
#7667=CARTESIAN_POINT('',(-7.745,0.599999999999994,-0.625));
#7668=VECTOR('',#11861,1.0);
#7669=DRAUGHTING_PRE_DEFINED_CURVE_FONT('continuous');
#7670=COLOUR_RGB('',0.0,0.0,0.0);
#7671=CARTESIAN_POINT('',(-7.3499999999992,1.90282814901086,0.833325));
#7672=VECTOR('',#11862,1.0);
#7673=DRAUGHTING_PRE_DEFINED_CURVE_FONT('continuous');
#7674=COLOUR_RGB('',0.0,0.0,0.0);
#7675=CARTESIAN_POINT('',(-5.35000000000011,0.30221311391666,-0.16665));
#7676=VECTOR('',#11863,1.0);
#7677=PRE_DEFINED_MARKER('');
#7678=COLOUR_RGB('',0.87058824300766,0.87058824300766,0.87058824300766);
#7679=PRE_DEFINED_MARKER('');
#7680=COLOUR_RGB('',0.0,0.0,0.0);
#7681=PRE_DEFINED_MARKER('');
#7682=COLOUR_RGB('',0.0,0.0,0.0);
#7683=PRE_DEFINED_MARKER('');
#7684=COLOUR_RGB('',0.0,0.0,0.0);
#7685=DRAUGHTING_PRE_DEFINED_CURVE_FONT('continuous');
#7686=COLOUR_RGB('',0.87058824300766,0.87058824300766,0.87058824300766);
#7687=CARTESIAN_POINT('',(6.54999999999966,-3.19999999999999,0.16665));
#7688=VECTOR('',#11864,1.0);
#7689=DRAUGHTING_PRE_DEFINED_CURVE_FONT('continuous');
#7690=COLOUR_RGB('',0.0,0.0,0.0);
#7691=CARTESIAN_POINT('',(-7.745,0.599999999999994,-0.625));
#7692=VECTOR('',#11865,1.0);
#7693=DRAUGHTING_PRE_DEFINED_CURVE_FONT('continuous');
#7694=COLOUR_RGB('',0.0,0.0,0.0);
#7695=CARTESIAN_POINT('',(-7.745,0.0,-1.25));
#7696=VECTOR('',#11866,1.0);
#7697=SURFACE_SIDE_STYLE('',(#11867));
#7698=EDGE_LOOP('',(#11868,#11869,#11870,#11871,#11872,#11873));
#7699=AXIS2_PLACEMENT_3D('',#11874,#11875,#11876);
#7700=SURFACE_SIDE_STYLE('',(#11877));
#7701=EDGE_LOOP('',(#11878,#11879,#11880,#11881));
#7702=AXIS2_PLACEMENT_3D('',#11882,#11883,#11884);
#7703=DRAUGHTING_PRE_DEFINED_CURVE_FONT('continuous');
#7704=COLOUR_RGB('',0.87058824300766,0.87058824300766,0.87058824300766);
#7705=CARTESIAN_POINT('',(6.66999999999966,-2.54999999999999,0.16665));
#7706=VECTOR('',#11885,1.0);
#7707=PRE_DEFINED_MARKER('');
#7708=COLOUR_RGB('',0.87058824300766,0.87058824300766,0.87058824300766);
#7709=DRAUGHTING_PRE_DEFINED_CURVE_FONT('continuous');
#7710=COLOUR_RGB('',0.0,0.0,0.0);
#7711=CARTESIAN_POINT('',(4.80999999999989,0.30221311391666,0.16665));
#7712=VECTOR('',#11886,1.0);
#7713=DRAUGHTING_PRE_DEFINED_CURVE_FONT('continuous');
#7714=COLOUR_RGB('',0.87058824300766,0.87058824300766,0.87058824300766);
#7715=CARTESIAN_POINT('',(-3.32122065727702,0.753873053989039,-0.16665));
#7716=VECTOR('',#11887,1.0);
#7717=DRAUGHTING_PRE_DEFINED_CURVE_FONT('continuous');
#7718=COLOUR_RGB('',0.0,0.0,0.0);
#7719=CARTESIAN_POINT('',(-7.3499999999992,0.302213113916717,-0.16665));
#7720=VECTOR('',#11888,1.0);
#7721=DRAUGHTING_PRE_DEFINED_CURVE_FONT('continuous');
#7722=COLOUR_RGB('',0.0,0.0,0.0);
#7723=CARTESIAN_POINT('',(7.745,0.0,1.25));
#7724=VECTOR('',#11889,1.0);
#7725=SURFACE_SIDE_STYLE('',(#11890));
#7726=EDGE_LOOP('',(#11891,#11892,#11893,#11894));
#7727=AXIS2_PLACEMENT_3D('',#11895,#11896,#11897);
#7728=PRE_DEFINED_MARKER('');
#7729=COLOUR_RGB('',0.87058824300766,0.87058824300766,0.87058824300766);
#7730=PRE_DEFINED_MARKER('');
#7731=COLOUR_RGB('',0.87058824300766,0.87058824300766,0.87058824300766);
#7732=DRAUGHTING_PRE_DEFINED_CURVE_FONT('continuous');
#7733=COLOUR_RGB('',0.0,0.0,0.0);
#7734=CARTESIAN_POINT('',(-7.3499999999992,0.753873053988997,0.833325));
#7735=VECTOR('',#11898,1.0);
#7736=SURFACE_SIDE_STYLE('',(#11899));
#7737=EDGE_LOOP('',(#11900,#11901,#11902,#11903,#11904,#11905,#11906,#11907,#11908,#11909,#11910,#11911));
#7738=AXIS2_PLACEMENT_3D('',#11912,#11913,#11914);
#7739=DRAUGHTING_PRE_DEFINED_CURVE_FONT('continuous');
#7740=COLOUR_RGB('',0.87058824300766,0.87058824300766,0.87058824300766);
#7741=CARTESIAN_POINT('',(-1.59000000000034,-2.54999999999999,0.16665));
#7742=VECTOR('',#11915,1.0);
#7743=SURFACE_SIDE_STYLE('',(#11916));
#7744=EDGE_LOOP('',(#11917,#11918,#11919,#11920));
#7745=AXIS2_PLACEMENT_3D('',#11921,#11922,#11923);
#7746=DRAUGHTING_PRE_DEFINED_CURVE_FONT('continuous');
#7747=COLOUR_RGB('',0.87058824300766,0.87058824300766,0.87058824300766);
#7748=CARTESIAN_POINT('',(4.00999999999966,-3.19999999999999,0.16665));
#7749=VECTOR('',#11924,1.0);
#7750=SURFACE_SIDE_STYLE('',(#11925));
#7751=EDGE_LOOP('',(#11926,#11927,#11928,#11929));
#7752=AXIS2_PLACEMENT_3D('',#11930,#11931,#11932);
#7753=DRAUGHTING_PRE_DEFINED_CURVE_FONT('continuous');
#7754=COLOUR_RGB('',1.0,0.0,0.0);
#7755=CARTESIAN_POINT('',(-6.35,7.57,0.7));
#7756=VECTOR('',#11933,1.0);
#7757=SURFACE_SIDE_STYLE('',(#11934));
#7758=EDGE_LOOP('',(#11935,#11936,#11937,#11938));
#7759=AXIS2_PLACEMENT_3D('',#11939,#11940,#11941);
#7760=DRAUGHTING_PRE_DEFINED_CURVE_FONT('continuous');
#7761=COLOUR_RGB('',0.0,0.0,0.0);
#7762=CARTESIAN_POINT('',(-4.25999999999993,8.00049999999996,-0.449999999999932));
#7763=VECTOR('',#11942,1.0);
#7764=SURFACE_SIDE_STYLE('',(#11943));
#7765=EDGE_LOOP('',(#11944,#11945,#11946,#11947));
#7766=AXIS2_PLACEMENT_3D('',#11948,#11949,#11950);
#7767=PRE_DEFINED_MARKER('');
#7768=COLOUR_RGB('',0.87058824300766,0.87058824300766,0.87058824300766);
#7769=DRAUGHTING_PRE_DEFINED_CURVE_FONT('continuous');
#7770=COLOUR_RGB('',0.87058824300766,0.87058824300766,0.87058824300766);
#7771=AXIS2_PLACEMENT_3D('',#11951,#11952,#11953);
#7772=SURFACE_SIDE_STYLE('',(#11954));
#7773=EDGE_LOOP('',(#11955,#11956,#11957,#11958));
#7774=AXIS2_PLACEMENT_3D('',#11959,#11960,#11961);
#7775=DRAUGHTING_PRE_DEFINED_CURVE_FONT('continuous');
#7776=COLOUR_RGB('',0.0,0.0,0.0);
#7777=CARTESIAN_POINT('',(-7.3499999999992,0.599999999999994,0.4375));
#7778=VECTOR('',#11962,1.0);
#7779=DRAUGHTING_PRE_DEFINED_CURVE_FONT('continuous');
#7780=COLOUR_RGB('',0.0,0.0,0.0);
#7781=CARTESIAN_POINT('',(-4.06000000000006,7.65099999999999,0.450000000000159));
#7782=VECTOR('',#11963,1.0);
#7783=SURFACE_SIDE_STYLE('',(#11964));
#7784=EDGE_LOOP('',(#11965,#11966,#11967,#11968));
#7785=AXIS2_PLACEMENT_3D('',#11969,#11970,#11971);
#7786=SURFACE_SIDE_STYLE('',(#11972));
#7787=EDGE_LOOP('',(#11973,#11974,#11975,#11976));
#7788=AXIS2_PLACEMENT_3D('',#11977,#11978,#11979);
#7789=DRAUGHTING_PRE_DEFINED_CURVE_FONT('continuous');
#7790=COLOUR_RGB('',1.0,0.0,0.0);
#7791=CARTESIAN_POINT('',(-6.03,7.68,-0.32));
#7792=VECTOR('',#11980,1.0);
#7793=PRE_DEFINED_MARKER('');
#7794=COLOUR_RGB('',0.0,0.0,0.0);
#7795=PRE_DEFINED_MARKER('');
#7796=COLOUR_RGB('',0.87058824300766,0.87058824300766,0.87058824300766);
#7797=SURFACE_SIDE_STYLE('',(#11981));
#7798=EDGE_LOOP('',(#11982,#11983,#11984,#11985));
#7799=AXIS2_PLACEMENT_3D('',#11986,#11987,#11988);
#7800=PRE_DEFINED_MARKER('');
#7801=COLOUR_RGB('',0.87058824300766,0.87058824300766,0.87058824300766);
#7802=PRE_DEFINED_MARKER('');
#7803=COLOUR_RGB('',0.0,0.0,0.0);
#7804=PRE_DEFINED_MARKER('');
#7805=COLOUR_RGB('',0.87058824300766,0.87058824300766,0.87058824300766);
#7806=SURFACE_SIDE_STYLE('',(#11989));
#7807=EDGE_LOOP('',(#11990,#11991,#11992,#11993));
#7808=EDGE_LOOP('',(#11994,#11995,#11996,#11997,#11998,#11999,#12000,#12001,#12002,#12003,#12004,#12005,#12006,#12007));
#7809=AXIS2_PLACEMENT_3D('',#12008,#12009,#12010);
#7810=DRAUGHTING_PRE_DEFINED_CURVE_FONT('continuous');
#7811=COLOUR_RGB('',0.0,0.0,0.0);
#7812=CARTESIAN_POINT('',(0.270000000000796,0.302213113916717,-0.16665));
#7813=VECTOR('',#12011,1.0);
#7814=DRAUGHTING_PRE_DEFINED_CURVE_FONT('continuous');
#7815=COLOUR_RGB('',0.0,0.0,0.0);
#7816=CARTESIAN_POINT('',(5.90000000000007,7.65099999999999,1.5));
#7817=VECTOR('',#12012,1.0);
#7818=DRAUGHTING_PRE_DEFINED_CURVE_FONT('continuous');
#7819=COLOUR_RGB('',0.0,0.0,0.0);
#7820=CARTESIAN_POINT('',(-7.3499999999992,0.740500000000222,-0.999999999999205));
#7821=VECTOR('',#12013,1.0);
#7822=PRE_DEFINED_MARKER('');
#7823=COLOUR_RGB('',0.0,0.0,0.0);
#7824=PRE_DEFINED_MARKER('');
#7825=COLOUR_RGB('',0.0,0.0,0.0);
#7826=PRE_DEFINED_MARKER('');
#7827=COLOUR_RGB('',0.0,0.0,0.0);
#7828=SURFACE_SIDE_STYLE('',(#12014));
#7829=EDGE_LOOP('',(#12015,#12016,#12017,#12018));
#7830=AXIS2_PLACEMENT_3D('',#12019,#12020,#12021);
#7831=DRAUGHTING_PRE_DEFINED_CURVE_FONT('continuous');
#7832=COLOUR_RGB('',0.0,0.0,0.0);
#7833=CARTESIAN_POINT('',(5.71716666666671,8.18383333333331,-0.633833333333286));
#7834=VECTOR('',#12022,1.0);
#7835=DRAUGHTING_PRE_DEFINED_CURVE_FONT('continuous');
#7836=COLOUR_RGB('',0.0,0.0,0.0);
#7837=CARTESIAN_POINT('',(-4.8099999999992,7.64999999999999,0.525000000000034));
#7838=VECTOR('',#12023,1.0);
#7839=PRE_DEFINED_MARKER('');
#7840=COLOUR_RGB('',1.0,0.0,0.0);
#7841=PRE_DEFINED_MARKER('');
#7842=COLOUR_RGB('',0.0,0.0,0.0);
#7843=DRAUGHTING_PRE_DEFINED_CURVE_FONT('continuous');
#7844=COLOUR_RGB('',0.87058824300766,0.87058824300766,0.87058824300766);
#7845=CARTESIAN_POINT('',(6.66999999999966,-2.54999999999999,-0.16665));
#7846=VECTOR('',#12024,1.0);
#7847=DRAUGHTING_PRE_DEFINED_CURVE_FONT('continuous');
#7848=COLOUR_RGB('',0.0,0.0,0.0);
#7849=CARTESIAN_POINT('',(5.35000000000079,7.64999999999999,0.525000000000034));
#7850=VECTOR('',#12025,1.0);
#7851=PRE_DEFINED_MARKER('');
#7852=COLOUR_RGB('',0.0,0.0,0.0);
#7853=PRE_DEFINED_MARKER('');
#7854=COLOUR_RGB('',0.0,0.0,0.0);
#7855=SURFACE_SIDE_STYLE('',(#12026));
#7856=EDGE_LOOP('',(#12027,#12028,#12029,#12030));
#7857=AXIS2_PLACEMENT_3D('',#12031,#12032,#12033);
#7858=DRAUGHTING_PRE_DEFINED_CURVE_FONT('continuous');
#7859=COLOUR_RGB('',0.87058824300766,0.87058824300766,0.87058824300766);
#7860=CARTESIAN_POINT('',(6.66999999999966,-2.54999999999999,0.16665));
#7861=VECTOR('',#12034,1.0);
#7862=DRAUGHTING_PRE_DEFINED_CURVE_FONT('continuous');
#7863=COLOUR_RGB('',0.0,0.0,0.0);
#7864=CARTESIAN_POINT('',(-2.86099999999982,8.49999999999997,1.375));
#7865=VECTOR('',#12035,1.0);
#7866=PRE_DEFINED_MARKER('');
#7867=COLOUR_RGB('',0.87058824300766,0.87058824300766,0.87058824300766);
#7868=DRAUGHTING_PRE_DEFINED_CURVE_FONT('continuous');
#7869=COLOUR_RGB('',0.0,0.0,0.0);
#7870=AXIS2_PLACEMENT_3D('',#12036,#12037,#12038);
#7871=SURFACE_SIDE_STYLE('',(#12039));
#7872=EDGE_LOOP('',(#12040,#12041,#12042,#12043,#12044,#12045));
#7873=AXIS2_PLACEMENT_3D('',#12046,#12047,#12048);
#7874=PRE_DEFINED_MARKER('');
#7875=COLOUR_RGB('',0.0,0.0,0.0);
#7876=DRAUGHTING_PRE_DEFINED_CURVE_FONT('continuous');
#7877=COLOUR_RGB('',0.0,0.0,0.0);
#7878=CARTESIAN_POINT('',(-7.745,0.0,1.25));
#7879=VECTOR('',#12049,1.0);
#7880=DRAUGHTING_PRE_DEFINED_CURVE_FONT('continuous');
#7881=COLOUR_RGB('',0.0,0.0,0.0);
#7882=AXIS2_PLACEMENT_3D('',#12050,#12051,#12052);
#7883=DRAUGHTING_PRE_DEFINED_CURVE_FONT('continuous');
#7884=COLOUR_RGB('',0.87058824300766,0.87058824300766,0.87058824300766);
#7885=CARTESIAN_POINT('',(-3.61000000000034,-3.19999999999999,-0.16665));
#7886=VECTOR('',#12053,1.0);
#7887=SURFACE_SIDE_STYLE('',(#12054));
#7888=EDGE_LOOP('',(#12055,#12056,#12057,#12058,#12059,#12060));
#7889=AXIS2_PLACEMENT_3D('',#12061,#12062,#12063);
#7890=DRAUGHTING_PRE_DEFINED_CURVE_FONT('continuous');
#7891=COLOUR_RGB('',0.87058824300766,0.87058824300766,0.87058824300766);
#7892=CARTESIAN_POINT('',(1.06999999999966,-3.19999999999999,-0.16665));
#7893=VECTOR('',#12064,0.999999999999999);
#7894=DRAUGHTING_PRE_DEFINED_CURVE_FONT('continuous');
#7895=COLOUR_RGB('',0.87058824300766,0.87058824300766,0.87058824300766);
#7896=AXIS2_PLACEMENT_3D('',#12065,#12066,#12067);
#7897=SURFACE_SIDE_STYLE('',(#12068));
#7898=EDGE_LOOP('',(#12069,#12070,#12071,#12072,#12073,#12074,#12075,#12076));
#7899=AXIS2_PLACEMENT_3D('',#12077,#12078,#12079);
#7900=DRAUGHTING_PRE_DEFINED_CURVE_FONT('continuous');
#7901=COLOUR_RGB('',0.0,0.0,0.0);
#7902=CARTESIAN_POINT('',(4.10950000000011,7.8504999999999,0.300500000000106));
#7903=VECTOR('',#12080,1.0);
#7904=DRAUGHTING_PRE_DEFINED_CURVE_FONT('continuous');
#7905=COLOUR_RGB('',0.0,0.0,0.0);
#7906=CARTESIAN_POINT('',(-7.3499999999992,0.0,1.13750000000005));
#7907=VECTOR('',#12081,1.0);
#7908=DRAUGHTING_PRE_DEFINED_CURVE_FONT('continuous');
#7909=COLOUR_RGB('',0.0,0.0,0.0);
#7910=CARTESIAN_POINT('',(-0.270000000000114,0.753873053989039,0.833325));
#7911=VECTOR('',#12082,1.0);
#7912=PRE_DEFINED_MARKER('');
#7913=COLOUR_RGB('',0.0,0.0,0.0);
#7914=DRAUGHTING_PRE_DEFINED_CURVE_FONT('continuous');
#7915=COLOUR_RGB('',0.0,0.0,0.0);
#7916=CARTESIAN_POINT('',(4.85,7.99999999999996,0.450000000000159));
#7917=VECTOR('',#12083,1.0);
#7918=PRE_DEFINED_MARKER('');
#7919=COLOUR_RGB('',0.0,0.0,0.0);
#7920=DRAUGHTING_PRE_DEFINED_CURVE_FONT('continuous');
#7921=COLOUR_RGB('',0.0,0.0,0.0);
#7922=CARTESIAN_POINT('',(4.85,7.64999999999999,-0.449999999999932));
#7923=VECTOR('',#12084,1.0);
#7924=SURFACE_SIDE_STYLE('',(#12085));
#7925=EDGE_LOOP('',(#12086,#12087,#12088,#12089));
#7926=AXIS2_PLACEMENT_3D('',#12090,#12091,#12092);
#7927=PRE_DEFINED_MARKER('');
#7928=COLOUR_RGB('',0.0,0.0,0.0);
#7929=SURFACE_SIDE_STYLE('',(#12093));
#7930=EDGE_LOOP('',(#12094,#12095,#12096,#12097));
#7931=AXIS2_PLACEMENT_3D('',#12098,#12099,#12100);
#7932=DRAUGHTING_PRE_DEFINED_CURVE_FONT('continuous');
#7933=COLOUR_RGB('',0.87058824300766,0.87058824300766,0.87058824300766);
#7934=CARTESIAN_POINT('',(6.83877934272298,0.753873053989039,0.16665));
#7935=VECTOR('',#12101,1.0);
#7936=SURFACE_SIDE_STYLE('',(#12102));
#7937=EDGE_LOOP('',(#12103,#12104,#12105,#12106));
#7938=AXIS2_PLACEMENT_3D('',#12107,#12108,#12109);
#7939=SURFACE_SIDE_STYLE('',(#12110));
#7940=EDGE_LOOP('',(#12111,#12112,#12113,#12114,#12115,#12116,#12117,#12118,#12119,#12120));
#7941=AXIS2_PLACEMENT_3D('',#12121,#12122,#12123);
#7942=DRAUGHTING_PRE_DEFINED_CURVE_FONT('continuous');
#7943=COLOUR_RGB('',0.0,0.0,0.0);
#7944=CARTESIAN_POINT('',(-7.05,7.6375,0.450000000000159));
#7945=VECTOR('',#12124,1.0);
#7946=DRAUGHTING_PRE_DEFINED_CURVE_FONT('continuous');
#7947=COLOUR_RGB('',0.87058824300766,0.87058824300766,0.87058824300766);
#7948=CARTESIAN_POINT('',(-1.47000000000034,-3.19999999999999,0.16665));
#7949=VECTOR('',#12125,1.0);
#7950=SURFACE_SIDE_STYLE('',(#12126));
#7951=EDGE_LOOP('',(#12127,#12128,#12129,#12130,#12131,#12132));
#7952=AXIS2_PLACEMENT_3D('',#12133,#12134,#12135);
#7953=PRE_DEFINED_MARKER('');
#7954=COLOUR_RGB('',0.0,0.0,0.0);
#7955=DRAUGHTING_PRE_DEFINED_CURVE_FONT('continuous');
#7956=COLOUR_RGB('',0.0,0.0,0.0);
#7957=CARTESIAN_POINT('',(0.270000000000796,4.19550000000011,0.450000000000159));
#7958=VECTOR('',#12136,1.0);
#7959=PRE_DEFINED_MARKER('');
#7960=COLOUR_RGB('',0.0,0.0,0.0);
#7961=DRAUGHTING_PRE_DEFINED_CURVE_FONT('continuous');
#7962=COLOUR_RGB('',0.0,0.0,0.0);
#7963=CARTESIAN_POINT('',(4.80999999999989,0.740500000000165,-0.999999999999204));
#7964=VECTOR('',#12137,1.0);
#7965=DRAUGHTING_PRE_DEFINED_CURVE_FONT('continuous');
#7966=COLOUR_RGB('',0.0,0.0,0.0);
#7967=CARTESIAN_POINT('',(-7.745,0.150000000000105,-0.625));
#7968=VECTOR('',#12138,1.0);
#7969=SURFACE_SIDE_STYLE('',(#12139));
#7970=EDGE_LOOP('',(#12140,#12141,#12142,#12143));
#7971=AXIS2_PLACEMENT_3D('',#12144,#12145,#12146);
#7972=SURFACE_SIDE_STYLE('',(#12147));
#7973=EDGE_LOOP('',(#12148,#12149,#12150,#12151));
#7974=AXIS2_PLACEMENT_3D('',#12152,#12153,#12154);
#7975=PRE_DEFINED_MARKER('');
#7976=COLOUR_RGB('',0.0,0.0,0.0);
#7977=DRAUGHTING_PRE_DEFINED_CURVE_FONT('continuous');
#7978=COLOUR_RGB('',0.0,0.0,0.0);
#7979=CARTESIAN_POINT('',(2.8100000000008,4.37050000000009,-0.449999999999932));
#7980=VECTOR('',#12155,1.0);
#7981=DRAUGHTING_PRE_DEFINED_CURVE_FONT('continuous');
#7982=COLOUR_RGB('',0.0,0.0,0.0);
#7983=CARTESIAN_POINT('',(-5.31,7.64999999999999,-1.00000000000011));
#7984=VECTOR('',#12156,1.0);
#7985=PRE_DEFINED_MARKER('');
#7986=COLOUR_RGB('',1.0,0.0,0.0);
#7987=SURFACE_SIDE_STYLE('',(#12157));
#7988=EDGE_LOOP('',(#12158,#12159,#12160,#12161));
#7989=AXIS2_PLACEMENT_3D('',#12162,#12163,#12164);
#7990=DRAUGHTING_PRE_DEFINED_CURVE_FONT('continuous');
#7991=COLOUR_RGB('',0.0,0.0,0.0);
#7992=CARTESIAN_POINT('',(4.26000000000016,7.67524999999998,-0.125249999999957));
#7993=VECTOR('',#12165,0.999999999999999);
#7994=DRAUGHTING_PRE_DEFINED_CURVE_FONT('continuous');
#7995=COLOUR_RGB('',0.0,0.0,0.0);
#7996=CARTESIAN_POINT('',(6.31616666666681,7.51716666666661,0.0328333333334184));
#7997=VECTOR('',#12166,1.0);
#7998=PRE_DEFINED_MARKER('');
#7999=COLOUR_RGB('',0.0,0.0,0.0);
#8000=DRAUGHTING_PRE_DEFINED_CURVE_FONT('continuous');
#8001=COLOUR_RGB('',0.0,0.0,0.0);
#8002=CARTESIAN_POINT('',(-2.2699999999992,0.599999999999994,0.4375));
#8003=VECTOR('',#12167,1.0);
#8004=DRAUGHTING_PRE_DEFINED_CURVE_FONT('continuous');
#8005=COLOUR_RGB('',0.0,0.0,0.0);
#8006=CARTESIAN_POINT('',(-7.745,8.49999999999997,1.25));
#8007=VECTOR('',#12168,1.0);
#8008=DRAUGHTING_PRE_DEFINED_CURVE_FONT('continuous');
#8009=COLOUR_RGB('',0.0,0.0,0.0);
#8010=CARTESIAN_POINT('',(-7.745,0.150000000000006,0.625000000000113));
#8011=VECTOR('',#12169,1.0);
#8012=PRE_DEFINED_MARKER('');
#8013=COLOUR_RGB('',0.87058824300766,0.87058824300766,0.87058824300766);
#8014=DRAUGHTING_PRE_DEFINED_CURVE_FONT('continuous');
#8015=COLOUR_RGB('',0.0,0.0,0.0);
#8016=CARTESIAN_POINT('',(-7.1,7.64999999999999,0.7));
#8017=VECTOR('',#12170,1.0);
#8018=DRAUGHTING_PRE_DEFINED_CURVE_FONT('continuous');
#8019=COLOUR_RGB('',0.0,0.0,0.0);
#8020=CARTESIAN_POINT('',(0.637166666666711,8.18383333333331,-0.633833333333287));
#8021=VECTOR('',#12171,1.0);
#8022=PRE_DEFINED_MARKER('');
#8023=COLOUR_RGB('',0.0,0.0,0.0);
#8024=PRE_DEFINED_MARKER('');
#8025=COLOUR_RGB('',0.0,0.0,0.0);
#8026=DRAUGHTING_PRE_DEFINED_CURVE_FONT('continuous');
#8027=COLOUR_RGB('',1.0,0.0,0.0);
#8028=CARTESIAN_POINT('',(-6.35,7.68,0.32));
#8029=VECTOR('',#12172,1.0);
#8030=PRE_DEFINED_MARKER('');
#8031=COLOUR_RGB('',0.0,0.0,0.0);
#8032=PRE_DEFINED_MARKER('');
#8033=COLOUR_RGB('',0.0,0.0,0.0);
#8034=DRAUGHTING_PRE_DEFINED_CURVE_FONT('continuous');
#8035=COLOUR_RGB('',0.0,0.0,0.0);
#8036=CARTESIAN_POINT('',(4.85,7.64999999999999,0.450000000000159));
#8037=VECTOR('',#12173,1.0);
#8038=DRAUGHTING_PRE_DEFINED_CURVE_FONT('continuous');
#8039=COLOUR_RGB('',0.0,0.0,0.0);
#8040=CARTESIAN_POINT('',(5.35000000000079,0.445500000000164,-0.625));
#8041=VECTOR('',#12174,1.0);
#8042=PRE_DEFINED_MARKER('');
#8043=COLOUR_RGB('',0.0,0.0,0.0);
#8044=DRAUGHTING_PRE_DEFINED_CURVE_FONT('continuous');
#8045=COLOUR_RGB('',0.0,0.0,0.0);
#8046=CARTESIAN_POINT('',(-3.9875,8.49999999999996,-0.949999999999932));
#8047=VECTOR('',#12175,1.0);
#8048=PRE_DEFINED_MARKER('');
#8049=COLOUR_RGB('',0.87058824300766,0.87058824300766,0.87058824300766);
#8050=DRAUGHTING_PRE_DEFINED_CURVE_FONT('continuous');
#8051=COLOUR_RGB('',0.87058824300766,0.87058824300766,0.87058824300766);
#8052=AXIS2_PLACEMENT_3D('',#12176,#12177,#12178);
#8053=PRE_DEFINED_MARKER('');
#8054=COLOUR_RGB('',0.0,0.0,0.0);
#8055=PRE_DEFINED_MARKER('');
#8056=COLOUR_RGB('',0.0,0.0,0.0);
#8057=PRE_DEFINED_MARKER('');
#8058=COLOUR_RGB('',0.87058824300766,0.87058824300766,0.87058824300766);
#8059=DRAUGHTING_PRE_DEFINED_CURVE_FONT('continuous');
#8060=COLOUR_RGB('',0.0,0.0,0.0);
#8061=CARTESIAN_POINT('',(-6.5275,8.49999999999997,0.950000000000173));
#8062=VECTOR('',#12179,1.0);
#8063=SURFACE_SIDE_STYLE('',(#12180));
#8064=EDGE_LOOP('',(#12181,#12182,#12183,#12184));
#8065=AXIS2_PLACEMENT_3D('',#12185,#12186,#12187);
#8066=DRAUGHTING_PRE_DEFINED_CURVE_FONT('continuous');
#8067=COLOUR_RGB('',0.0,0.0,0.0);
#8068=CARTESIAN_POINT('',(-7.05,7.64999999999999,-0.224999999999966));
#8069=VECTOR('',#12188,1.0);
#8070=PRE_DEFINED_MARKER('');
#8071=COLOUR_RGB('',0.87058824300766,0.87058824300766,0.87058824300766);
#8072=PRE_DEFINED_MARKER('');
#8073=COLOUR_RGB('',0.0,0.0,0.0);
#8074=DRAUGHTING_PRE_DEFINED_CURVE_FONT('continuous');
#8075=COLOUR_RGB('',0.87058824300766,0.87058824300766,0.87058824300766);
#8076=AXIS2_PLACEMENT_3D('',#12189,#12190,#12191);
#8077=DRAUGHTING_PRE_DEFINED_CURVE_FONT('continuous');
#8078=COLOUR_RGB('',0.0,0.0,0.0);
#8079=CARTESIAN_POINT('',(-7.1,7.68,0.450000000000159));
#8080=VECTOR('',#12192,1.0);
#8081=DRAUGHTING_PRE_DEFINED_CURVE_FONT('continuous');
#8082=COLOUR_RGB('',0.87058824300766,0.87058824300766,0.87058824300766);
#8083=CARTESIAN_POINT('',(-4.13000000000034,-2.54999999999999,0.16665));
#8084=VECTOR('',#12193,1.0);
#8085=DRAUGHTING_PRE_DEFINED_CURVE_FONT('continuous');
#8086=COLOUR_RGB('',0.87058824300766,0.87058824300766,0.87058824300766);
#8087=CARTESIAN_POINT('',(4.12999999999966,-2.54999999999999,0.16665));
#8088=VECTOR('',#12194,1.0);
#8089=PRE_DEFINED_MARKER('');
#8090=COLOUR_RGB('',0.0,0.0,0.0);
#8091=PRE_DEFINED_MARKER('');
#8092=COLOUR_RGB('',0.87058824300766,0.87058824300766,0.87058824300766);
#8093=DRAUGHTING_PRE_DEFINED_CURVE_FONT('continuous');
#8094=COLOUR_RGB('',0.0,0.0,0.0);
#8095=AXIS2_PLACEMENT_3D('',#12195,#12196,#12197);
#8096=DRAUGHTING_PRE_DEFINED_CURVE_FONT('continuous');
#8097=COLOUR_RGB('',0.0,0.0,0.0);
#8098=CARTESIAN_POINT('',(2.8100000000008,0.0,0.125000000000001));
#8099=VECTOR('',#12198,1.0);
#8100=PRE_DEFINED_MARKER('');
#8101=COLOUR_RGB('',0.87058824300766,0.87058824300766,0.87058824300766);
#8102=DRAUGHTING_PRE_DEFINED_CURVE_FONT('continuous');
#8103=COLOUR_RGB('',1.0,0.0,0.0);
#8104=CARTESIAN_POINT('',(-7.05,7.625,-0.7));
#8105=VECTOR('',#12199,1.0);
#8106=DRAUGHTING_PRE_DEFINED_CURVE_FONT('continuous');
#8107=COLOUR_RGB('',0.87058824300766,0.87058824300766,0.87058824300766);
#8108=CARTESIAN_POINT('',(-0.950000000000341,-2.54999999999999,-0.16665));
#8109=VECTOR('',#12200,1.0);
#8110=PRE_DEFINED_MARKER('');
#8111=COLOUR_RGB('',0.0,0.0,0.0);
#8112=PRE_DEFINED_MARKER('');
#8113=COLOUR_RGB('',0.0,0.0,0.0);
#8114=DRAUGHTING_PRE_DEFINED_CURVE_FONT('continuous');
#8115=COLOUR_RGB('',0.87058824300766,0.87058824300766,0.87058824300766);
#8116=CARTESIAN_POINT('',(6.83877934272298,0.753873053989039,-0.16665));
#8117=VECTOR('',#12201,1.0);
#8118=PRE_DEFINED_MARKER('');
#8119=COLOUR_RGB('',0.87058824300766,0.87058824300766,0.87058824300766);
#8120=DRAUGHTING_PRE_DEFINED_CURVE_FONT('continuous');
#8121=COLOUR_RGB('',0.87058824300766,0.87058824300766,0.87058824300766);
#8122=CARTESIAN_POINT('',(4.12999999999966,0.58720638732241,0.16665));
#8123=VECTOR('',#12202,1.0);
#8124=DRAUGHTING_PRE_DEFINED_CURVE_FONT('continuous');
#8125=COLOUR_RGB('',0.87058824300766,0.87058824300766,0.87058824300766);
#8126=CARTESIAN_POINT('',(-0.950000000000341,-2.54999999999999,0.16665));
#8127=VECTOR('',#12203,1.0);
#8128=PRE_DEFINED_MARKER('');
#8129=COLOUR_RGB('',0.0,0.0,0.0);
#8130=PRE_DEFINED_MARKER('');
#8131=COLOUR_RGB('',0.0,0.0,0.0);
#8132=DRAUGHTING_PRE_DEFINED_CURVE_FONT('continuous');
#8133=COLOUR_RGB('',0.0,0.0,0.0);
#8134=CARTESIAN_POINT('',(-7.32499999999997,7.65099999999999,0.450000000000159));
#8135=VECTOR('',#12204,1.0);
#8136=PRE_DEFINED_MARKER('');
#8137=COLOUR_RGB('',0.0,0.0,0.0);
#8138=PRE_DEFINED_MARKER('');
#8139=COLOUR_RGB('',0.0,0.0,0.0);
#8140=DRAUGHTING_PRE_DEFINED_CURVE_FONT('continuous');
#8141=COLOUR_RGB('',0.0,0.0,0.0);
#8142=CARTESIAN_POINT('',(-7.745,0.150000000000105,-0.625));
#8143=VECTOR('',#12205,1.0);
#8144=DRAUGHTING_PRE_DEFINED_CURVE_FONT('continuous');
#8145=COLOUR_RGB('',0.0,0.0,0.0);
#8146=CARTESIAN_POINT('',(-7.745,0.0,-0.775000000000091));
#8147=VECTOR('',#12206,1.0);
#8148=SURFACE_SIDE_STYLE('',(#12207));
#8149=EDGE_LOOP('',(#12208,#12209,#12210,#12211));
#8150=AXIS2_PLACEMENT_3D('',#12212,#12213,#12214);
#8151=PRE_DEFINED_MARKER('');
#8152=COLOUR_RGB('',0.0,0.0,0.0);
#8153=PRE_DEFINED_MARKER('');
#8154=COLOUR_RGB('',0.87058824300766,0.87058824300766,0.87058824300766);
#8155=PRE_DEFINED_MARKER('');
#8156=COLOUR_RGB('',0.0,0.0,0.0);
#8157=DRAUGHTING_PRE_DEFINED_CURVE_FONT('continuous');
#8158=COLOUR_RGB('',0.0,0.0,0.0);
#8159=CARTESIAN_POINT('',(-1.90283333333329,8.18383333333331,-0.633833333333287));
#8160=VECTOR('',#12215,1.0);
#8161=PRE_DEFINED_MARKER('');
#8162=COLOUR_RGB('',0.87058824300766,0.87058824300766,0.87058824300766);
#8163=DRAUGHTING_PRE_DEFINED_CURVE_FONT('continuous');
#8164=COLOUR_RGB('',0.0,0.0,0.0);
#8165=CARTESIAN_POINT('',(-7.745,0.0,0.775000000000091));
#8166=VECTOR('',#12216,1.0);
#8167=DRAUGHTING_PRE_DEFINED_CURVE_FONT('continuous');
#8168=COLOUR_RGB('',0.0,0.0,0.0);
#8169=CARTESIAN_POINT('',(-5.2575,8.49999999999996,-0.949999999999932));
#8170=VECTOR('',#12217,1.0);
#8171=PRE_DEFINED_MARKER('');
#8172=COLOUR_RGB('',0.0,0.0,0.0);
#8173=PRE_DEFINED_MARKER('');
#8174=COLOUR_RGB('',0.0,0.0,0.0);
#8175=DRAUGHTING_PRE_DEFINED_CURVE_FONT('continuous');
#8176=COLOUR_RGB('',0.0,0.0,0.0);
#8177=CARTESIAN_POINT('',(-5.35000000000011,7.64999999999999,0.525000000000034));
#8178=VECTOR('',#12218,1.0);
#8179=DRAUGHTING_PRE_DEFINED_CURVE_FONT('continuous');
#8180=COLOUR_RGB('',0.0,0.0,0.0);
#8181=CARTESIAN_POINT('',(-0.270000000000114,0.0,0.125));
#8182=VECTOR('',#12219,1.0);
#8183=PRE_DEFINED_MARKER('');
#8184=COLOUR_RGB('',0.0,0.0,0.0);
#8185=PRE_DEFINED_MARKER('');
#8186=COLOUR_RGB('',0.0,0.0,0.0);
#8187=DRAUGHTING_PRE_DEFINED_CURVE_FONT('continuous');
#8188=COLOUR_RGB('',0.87058824300766,0.87058824300766,0.87058824300766);
#8189=CARTESIAN_POINT('',(5.86122065727702,0.753873053988883,0.16665));
#8190=VECTOR('',#12220,1.0);
#8191=DRAUGHTING_PRE_DEFINED_CURVE_FONT('continuous');
#8192=COLOUR_RGB('',0.0,0.0,0.0);
#8193=CARTESIAN_POINT('',(5.35000000000079,7.64999999999999,1.24999999999994));
#8194=VECTOR('',#12221,1.0);
#8195=DRAUGHTING_PRE_DEFINED_CURVE_FONT('continuous');
#8196=COLOUR_RGB('',0.87058824300766,0.87058824300766,0.87058824300766);
#8197=CARTESIAN_POINT('',(-4.13000000000034,-2.54999999999999,-0.16665));
#8198=VECTOR('',#12222,1.0);
#8199=DRAUGHTING_PRE_DEFINED_CURVE_FONT('continuous');
#8200=COLOUR_RGB('',0.0,0.0,0.0);
#8201=CARTESIAN_POINT('',(2.8100000000008,0.740500000000165,0.999999999999887));
#8202=VECTOR('',#12223,1.0);
#8203=PRE_DEFINED_MARKER('');
#8204=COLOUR_RGB('',0.87058824300766,0.87058824300766,0.87058824300766);
#8205=PRE_DEFINED_MARKER('');
#8206=COLOUR_RGB('',0.0,0.0,0.0);
#8207=DRAUGHTING_PRE_DEFINED_CURVE_FONT('continuous');
#8208=COLOUR_RGB('',0.0,0.0,0.0);
#8209=CARTESIAN_POINT('',(-2.7175,0.0,-0.999999999999204));
#8210=VECTOR('',#12224,1.0);
#8211=SURFACE_SIDE_STYLE('',(#12225));
#8212=EDGE_LOOP('',(#12226,#12227,#12228,#12229));
#8213=AXIS2_PLACEMENT_3D('',#12230,#12231,#12232);
#8214=DRAUGHTING_PRE_DEFINED_CURVE_FONT('continuous');
#8215=COLOUR_RGB('',0.0,0.0,0.0);
#8216=CARTESIAN_POINT('',(-4.25999999999993,7.76274999999997,-0.212749999999949));
#8217=VECTOR('',#12233,0.999999999999999);
#8218=SURFACE_SIDE_STYLE('',(#12234));
#8219=EDGE_LOOP('',(#12235,#12236,#12237,#12238));
#8220=AXIS2_PLACEMENT_3D('',#12239,#12240,#12241);
#8221=DRAUGHTING_PRE_DEFINED_CURVE_FONT('continuous');
#8222=COLOUR_RGB('',0.87058824300766,0.87058824300766,0.87058824300766);
#8223=CARTESIAN_POINT('',(3.60999999999966,-3.19999999999999,-0.16665));
#8224=VECTOR('',#12242,0.999999999999999);
#8225=DRAUGHTING_PRE_DEFINED_CURVE_FONT('continuous');
#8226=COLOUR_RGB('',0.0,0.0,0.0);
#8227=AXIS2_PLACEMENT_3D('',#12243,#12244,#12245);
#8228=PRE_DEFINED_MARKER('');
#8229=COLOUR_RGB('',0.0,0.0,0.0);
#8230=DRAUGHTING_PRE_DEFINED_CURVE_FONT('continuous');
#8231=COLOUR_RGB('',0.0,0.0,0.0);
#8232=CARTESIAN_POINT('',(-7.745,0.150000000000105,-0.625));
#8233=VECTOR('',#12246,1.0);
#8234=SURFACE_SIDE_STYLE('',(#12247));
#8235=EDGE_LOOP('',(#12248,#12249,#12250,#12251));
#8236=AXIS2_PLACEMENT_3D('',#12252,#12253,#12254);
#8237=SURFACE_SIDE_STYLE('',(#12255));
#8238=EDGE_LOOP('',(#12256,#12257,#12258,#12259));
#8239=AXIS2_PLACEMENT_3D('',#12260,#12261,#12262);
#8240=DRAUGHTING_PRE_DEFINED_CURVE_FONT('continuous');
#8241=COLOUR_RGB('',0.87058824300766,0.87058824300766,0.87058824300766);
#8242=CARTESIAN_POINT('',(-6.03000000000034,-2.54999999999999,0.16665));
#8243=VECTOR('',#12263,1.0);
#8244=DRAUGHTING_PRE_DEFINED_CURVE_FONT('continuous');
#8245=COLOUR_RGB('',0.0,0.0,0.0);
#8246=CARTESIAN_POINT('',(-1.71999999999993,8.26274999999992,0.712750000000119));
#8247=VECTOR('',#12264,0.999999999999999);
#8248=DRAUGHTING_PRE_DEFINED_CURVE_FONT('continuous');
#8249=COLOUR_RGB('',0.0,0.0,0.0);
#8250=CARTESIAN_POINT('',(-4.25999999999993,8.00099999999996,1.5));
#8251=VECTOR('',#12265,1.0);
#8252=PRE_DEFINED_MARKER('');
#8253=COLOUR_RGB('',0.0,0.0,0.0);
#8254=PRE_DEFINED_MARKER('');
#8255=COLOUR_RGB('',0.0,0.0,0.0);
#8256=DRAUGHTING_PRE_DEFINED_CURVE_FONT('continuous');
#8257=COLOUR_RGB('',0.0,0.0,0.0);
#8258=CARTESIAN_POINT('',(7.745,0.150000000000006,0.625000000000114));
#8259=VECTOR('',#12266,1.0);
#8260=DRAUGHTING_PRE_DEFINED_CURVE_FONT('continuous');
#8261=COLOUR_RGB('',0.0,0.0,0.0);
#8262=CARTESIAN_POINT('',(-7.85,7.64999999999999,-1.00000000000011));
#8263=VECTOR('',#12267,1.0);
#8264=DRAUGHTING_PRE_DEFINED_CURVE_FONT('continuous');
#8265=COLOUR_RGB('',0.0,0.0,0.0);
#8266=CARTESIAN_POINT('',(2.8100000000008,7.64999999999999,1.24999999999994));
#8267=VECTOR('',#12268,1.0);
#8268=DRAUGHTING_PRE_DEFINED_CURVE_FONT('continuous');
#8269=COLOUR_RGB('',0.0,0.0,0.0);
#8270=CARTESIAN_POINT('',(-0.320999999999826,8.49999999999997,1.375));
#8271=VECTOR('',#12269,1.0);
#8272=PRE_DEFINED_MARKER('');
#8273=COLOUR_RGB('',0.0,0.0,0.0);
#8274=DRAUGHTING_PRE_DEFINED_CURVE_FONT('continuous');
#8275=COLOUR_RGB('',0.0,0.0,0.0);
#8276=CARTESIAN_POINT('',(3.36000000000007,8.26274999999992,0.712750000000119));
#8277=VECTOR('',#12270,0.999999999999999);
#8278=DRAUGHTING_PRE_DEFINED_CURVE_FONT('continuous');
#8279=COLOUR_RGB('',0.0,0.0,0.0);
#8280=CARTESIAN_POINT('',(-5.89999999999984,7.65049999999999,0.450000000000159));
#8281=VECTOR('',#12271,1.0);
#8282=PRE_DEFINED_MARKER('');
#8283=COLOUR_RGB('',0.0,0.0,0.0);
#8284=DRAUGHTING_PRE_DEFINED_CURVE_FONT('continuous');
#8285=COLOUR_RGB('',0.0,0.0,0.0);
#8286=CARTESIAN_POINT('',(2.8100000000008,0.599999999999994,0.437500000000001));
#8287=VECTOR('',#12272,1.0);
#8288=DRAUGHTING_PRE_DEFINED_CURVE_FONT('continuous');
#8289=COLOUR_RGB('',0.0,0.0,0.0);
#8290=CARTESIAN_POINT('',(-5.65,7.64999999999999,-0.224999999999966));
#8291=VECTOR('',#12273,1.0);
#8292=DRAUGHTING_PRE_DEFINED_CURVE_FONT('continuous');
#8293=COLOUR_RGB('',0.0,0.0,0.0);
#8294=AXIS2_PLACEMENT_3D('',#12274,#12275,#12276);
#8295=DRAUGHTING_PRE_DEFINED_CURVE_FONT('continuous');
#8296=COLOUR_RGB('',0.0,0.0,0.0);
#8297=CARTESIAN_POINT('',(-7.745,0.0,0.775000000000091));
#8298=VECTOR('',#12277,1.0);
#8299=DRAUGHTING_PRE_DEFINED_CURVE_FONT('continuous');
#8300=COLOUR_RGB('',0.0,0.0,0.0);
#8301=CARTESIAN_POINT('',(2.26999999999989,4.37050000000003,-0.449999999999932));
#8302=VECTOR('',#12278,1.0);
#8303=PRE_DEFINED_MARKER('');
#8304=COLOUR_RGB('',0.0,0.0,0.0);
#8305=SURFACE_SIDE_STYLE('',(#12279));
#8306=EDGE_LOOP('',(#12280,#12281,#12282,#12283));
#8307=AXIS2_PLACEMENT_3D('',#12284,#12285,#12286);
#8308=DRAUGHTING_PRE_DEFINED_CURVE_FONT('continuous');
#8309=COLOUR_RGB('',0.87058824300766,0.87058824300766,0.87058824300766);
#8310=CARTESIAN_POINT('',(1.75877934272298,0.753873053989039,0.16665));
#8311=VECTOR('',#12287,1.0);
#8312=DRAUGHTING_PRE_DEFINED_CURVE_FONT('continuous');
#8313=COLOUR_RGB('',0.87058824300766,0.87058824300766,0.87058824300766);
#8314=AXIS2_PLACEMENT_3D('',#12288,#12289,#12290);
#8315=PRE_DEFINED_MARKER('');
#8316=COLOUR_RGB('',0.87058824300766,0.87058824300766,0.87058824300766);
#8317=DRAUGHTING_PRE_DEFINED_CURVE_FONT('continuous');
#8318=COLOUR_RGB('',0.0,0.0,0.0);
#8319=CARTESIAN_POINT('',(-7.745,8.49999999999997,-1.25));
#8320=VECTOR('',#12291,1.0);
#8321=DRAUGHTING_PRE_DEFINED_CURVE_FONT('continuous');
#8322=COLOUR_RGB('',0.0,0.0,0.0);
#8323=AXIS2_PLACEMENT_3D('',#12292,#12293,#12294);
#8324=PRE_DEFINED_MARKER('');
#8325=COLOUR_RGB('',0.0,0.0,0.0);
#8326=DRAUGHTING_PRE_DEFINED_CURVE_FONT('continuous');
#8327=COLOUR_RGB('',0.0,0.0,0.0);
#8328=CARTESIAN_POINT('',(-2.2699999999992,0.670499999999998,0.624999999999982));
#8329=VECTOR('',#12295,1.0);
#8330=SURFACE_SIDE_STYLE('',(#12296));
#8331=EDGE_LOOP('',(#12297,#12298,#12299,#12300));
#8332=AXIS2_PLACEMENT_3D('',#12301,#12302,#12303);
#8333=SURFACE_SIDE_STYLE('',(#12304));
#8334=EDGE_LOOP('',(#12305,#12306,#12307,#12308));
#8335=AXIS2_PLACEMENT_3D('',#12309,#12310,#12311);
#8336=DRAUGHTING_PRE_DEFINED_CURVE_FONT('continuous');
#8337=COLOUR_RGB('',1.0,0.0,0.0);
#8338=CARTESIAN_POINT('',(-6.35,7.57,0.32));
#8339=VECTOR('',#12312,1.0);
#8340=DRAUGHTING_PRE_DEFINED_CURVE_FONT('continuous');
#8341=COLOUR_RGB('',0.0,0.0,0.0);
#8342=CARTESIAN_POINT('',(-7.3499999999992,4.37050000000009,-0.449999999999932));
#8343=VECTOR('',#12313,1.0);
#8344=DRAUGHTING_PRE_DEFINED_CURVE_FONT('continuous');
#8345=COLOUR_RGB('',1.0,0.0,0.0);
#8346=CARTESIAN_POINT('',(-6.67,7.68,0.0));
#8347=VECTOR('',#12314,1.0);
#8348=DRAUGHTING_PRE_DEFINED_CURVE_FONT('continuous');
#8349=COLOUR_RGB('',0.0,0.0,0.0);
#8350=CARTESIAN_POINT('',(-2.24499999999997,7.65099999999999,0.450000000000159));
#8351=VECTOR('',#12315,1.0);
#8352=DRAUGHTING_PRE_DEFINED_CURVE_FONT('continuous');
#8353=COLOUR_RGB('',0.87058824300766,0.87058824300766,0.87058824300766);
#8354=AXIS2_PLACEMENT_3D('',#12316,#12317,#12318);
#8355=PRE_DEFINED_MARKER('');
#8356=COLOUR_RGB('',0.0,0.0,0.0);
#8357=DRAUGHTING_PRE_DEFINED_CURVE_FONT('continuous');
#8358=COLOUR_RGB('',0.87058824300766,0.87058824300766,0.87058824300766);
#8359=CARTESIAN_POINT('',(3.48999999999966,-2.54999999999999,0.16665));
#8360=VECTOR('',#12319,1.0);
#8361=DRAUGHTING_PRE_DEFINED_CURVE_FONT('continuous');
#8362=COLOUR_RGB('',0.0,0.0,0.0);
#8363=CARTESIAN_POINT('',(2.31,7.99999999999996,-0.449999999999932));
#8364=VECTOR('',#12320,1.0);
#8365=PRE_DEFINED_MARKER('');
#8366=COLOUR_RGB('',0.0,0.0,0.0);
#8367=DRAUGHTING_PRE_DEFINED_CURVE_FONT('continuous');
#8368=COLOUR_RGB('',0.0,0.0,0.0);
#8369=CARTESIAN_POINT('',(-5.31,7.99999999999996,0.450000000000159));
#8370=VECTOR('',#12321,1.0);
#8371=PRE_DEFINED_MARKER('');
#8372=COLOUR_RGB('',0.0,0.0,0.0);
#8373=PRE_DEFINED_MARKER('');
#8374=COLOUR_RGB('',0.87058824300766,0.87058824300766,0.87058824300766);
#8375=PRE_DEFINED_MARKER('');
#8376=COLOUR_RGB('',0.0,0.0,0.0);
#8377=PRE_DEFINED_MARKER('');
#8378=COLOUR_RGB('',0.0,0.0,0.0);
#8379=PRE_DEFINED_MARKER('');
#8380=COLOUR_RGB('',0.87058824300766,0.87058824300766,0.87058824300766);
#8381=DRAUGHTING_PRE_DEFINED_CURVE_FONT('continuous');
#8382=COLOUR_RGB('',0.87058824300766,0.87058824300766,0.87058824300766);
#8383=CARTESIAN_POINT('',(4.00999999999966,-3.19999999999999,0.16665));
#8384=VECTOR('',#12322,1.0);
#8385=PRE_DEFINED_MARKER('');
#8386=COLOUR_RGB('',0.0,0.0,0.0);
#8387=PRE_DEFINED_MARKER('');
#8388=COLOUR_RGB('',0.0,0.0,0.0);
#8389=PRE_DEFINED_MARKER('');
#8390=COLOUR_RGB('',0.0,0.0,0.0);
#8391=PRE_DEFINED_MARKER('');
#8392=COLOUR_RGB('',0.0,0.0,0.0);
#8393=DRAUGHTING_PRE_DEFINED_CURVE_FONT('continuous');
#8394=COLOUR_RGB('',0.0,0.0,0.0);
#8395=CARTESIAN_POINT('',(5.37500000000003,7.65099999999999,0.450000000000159));
#8396=VECTOR('',#12323,1.0);
#8397=PRE_DEFINED_MARKER('');
#8398=COLOUR_RGB('',0.0,0.0,0.0);
#8399=DRAUGHTING_PRE_DEFINED_CURVE_FONT('continuous');
#8400=COLOUR_RGB('',0.87058824300766,0.87058824300766,0.87058824300766);
#8401=CARTESIAN_POINT('',(-2.58959917857106,1.90282814901086,-0.16665));
#8402=VECTOR('',#12324,1.0);
#8403=DRAUGHTING_PRE_DEFINED_CURVE_FONT('continuous');
#8404=COLOUR_RGB('',0.0,0.0,0.0);
#8405=CARTESIAN_POINT('',(-0.270000000000114,0.30221311391666,0.16665));
#8406=VECTOR('',#12325,1.0);
#8407=SURFACE_SIDE_STYLE('',(#12326));
#8408=EDGE_LOOP('',(#12327,#12328,#12329,#12330));
#8409=AXIS2_PLACEMENT_3D('',#12331,#12332,#12333);
#8410=PRE_DEFINED_MARKER('');
#8411=COLOUR_RGB('',0.0,0.0,0.0);
#8412=DRAUGHTING_PRE_DEFINED_CURVE_FONT('continuous');
#8413=COLOUR_RGB('',0.87058824300766,0.87058824300766,0.87058824300766);
#8414=CARTESIAN_POINT('',(4.29877934272298,0.753873053989039,0.16665));
#8415=VECTOR('',#12334,1.0);
#8416=DRAUGHTING_PRE_DEFINED_CURVE_FONT('continuous');
#8417=COLOUR_RGB('',0.0,0.0,0.0);
#8418=CARTESIAN_POINT('',(4.80999999999989,7.64999999999999,1.24999999999994));
#8419=VECTOR('',#12335,1.0);
#8420=PRE_DEFINED_MARKER('');
#8421=COLOUR_RGB('',0.0,0.0,0.0);
#8422=DRAUGHTING_PRE_DEFINED_CURVE_FONT('continuous');
#8423=COLOUR_RGB('',0.0,0.0,0.0);
#8424=CARTESIAN_POINT('',(1.72000000000016,8.17524999999993,0.625250000000128));
#8425=VECTOR('',#12336,0.999999999999999);
#8426=PRE_DEFINED_MARKER('');
#8427=COLOUR_RGB('',0.0,0.0,0.0);
#8428=SURFACE_SIDE_STYLE('',(#12337));
#8429=EDGE_LOOP('',(#12338,#12339,#12340,#12341));
#8430=AXIS2_PLACEMENT_3D('',#12342,#12343,#12344);
#8431=PRE_DEFINED_MARKER('');
#8432=COLOUR_RGB('',0.87058824300766,0.87058824300766,0.87058824300766);
#8433=DRAUGHTING_PRE_DEFINED_CURVE_FONT('continuous');
#8434=COLOUR_RGB('',0.0,0.0,0.0);
#8435=CARTESIAN_POINT('',(-2.23616666666658,8.51716666666661,0.967166666666809));
#8436=VECTOR('',#12345,1.0);
#8437=PRE_DEFINED_MARKER('');
#8438=COLOUR_RGB('',0.0,0.0,0.0);
#8439=DRAUGHTING_PRE_DEFINED_CURVE_FONT('continuous');
#8440=COLOUR_RGB('',0.0,0.0,0.0);
#8441=CARTESIAN_POINT('',(0.321000000000052,8.49999999999997,1.375));
#8442=VECTOR('',#12346,1.0);
#8443=DRAUGHTING_PRE_DEFINED_CURVE_FONT('continuous');
#8444=COLOUR_RGB('',0.87058824300766,0.87058824300766,0.87058824300766);
#8445=CARTESIAN_POINT('',(-5.12959917857106,1.90282814901086,-0.16665));
#8446=VECTOR('',#12347,1.0);
#8447=DRAUGHTING_PRE_DEFINED_CURVE_FONT('continuous');
#8448=COLOUR_RGB('',0.0,0.0,0.0);
#8449=CARTESIAN_POINT('',(4.75900000000018,8.49999999999997,1.375));
#8450=VECTOR('',#12348,1.0);
#8451=DRAUGHTING_PRE_DEFINED_CURVE_FONT('continuous');
#8452=COLOUR_RGB('',0.0,0.0,0.0);
#8453=CARTESIAN_POINT('',(-0.23,7.64999999999999,0.450000000000159));
#8454=VECTOR('',#12349,1.0);
#8455=DRAUGHTING_PRE_DEFINED_CURVE_FONT('continuous');
#8456=COLOUR_RGB('',0.87058824300766,0.87058824300766,0.87058824300766);
#8457=CARTESIAN_POINT('',(-6.67000000000034,-2.54999999999999,-0.16665));
#8458=VECTOR('',#12350,1.0);
#8459=DRAUGHTING_PRE_DEFINED_CURVE_FONT('continuous');
#8460=COLOUR_RGB('',0.0,0.0,0.0);
#8461=CARTESIAN_POINT('',(-1.4475,8.49999999999996,-0.949999999999932));
#8462=VECTOR('',#12351,1.0);
#8463=DRAUGHTING_PRE_DEFINED_CURVE_FONT('continuous');
#8464=COLOUR_RGB('',0.0,0.0,0.0);
#8465=CARTESIAN_POINT('',(-1.71999999999993,8.00049999999996,-0.449999999999932));
#8466=VECTOR('',#12352,1.0);
#8467=PRE_DEFINED_MARKER('');
#8468=COLOUR_RGB('',0.0,0.0,0.0);
#8469=DRAUGHTING_PRE_DEFINED_CURVE_FONT('continuous');
#8470=COLOUR_RGB('',0.0,0.0,0.0);
#8471=CARTESIAN_POINT('',(7.745,0.599999999999994,-0.625));
#8472=VECTOR('',#12353,1.0);
#8473=PRE_DEFINED_MARKER('');
#8474=COLOUR_RGB('',1.0,0.0,0.0);
#8475=DRAUGHTING_PRE_DEFINED_CURVE_FONT('continuous');
#8476=COLOUR_RGB('',0.0,0.0,0.0);
#8477=CARTESIAN_POINT('',(-0.819999999999841,7.65099999999999,1.5));
#8478=VECTOR('',#12354,1.0);
#8479=DRAUGHTING_PRE_DEFINED_CURVE_FONT('continuous');
#8480=COLOUR_RGB('',0.0,0.0,0.0);
#8481=CARTESIAN_POINT('',(-4.8099999999992,0.0,0.125));
#8482=VECTOR('',#12355,1.0);
#8483=DRAUGHTING_PRE_DEFINED_CURVE_FONT('continuous');
#8484=COLOUR_RGB('',0.0,0.0,0.0);
#8485=CARTESIAN_POINT('',(5.90000000000007,8.00099999999996,1.5));
#8486=VECTOR('',#12356,1.0);
#8487=DRAUGHTING_PRE_DEFINED_CURVE_FONT('continuous');
#8488=COLOUR_RGB('',0.0,0.0,0.0);
#8489=CARTESIAN_POINT('',(-1.30383333333319,7.51716666666661,0.032833333333418));
#8490=VECTOR('',#12357,1.0);
#8491=PRE_DEFINED_MARKER('');
#8492=COLOUR_RGB('',0.0,0.0,0.0);
#8493=SURFACE_SIDE_STYLE('',(#12358));
#8494=EDGE_LOOP('',(#12359,#12360,#12361,#12362));
#8495=AXIS2_PLACEMENT_3D('',#12363,#12364,#12365);
#8496=PRE_DEFINED_MARKER('');
#8497=COLOUR_RGB('',0.0,0.0,0.0);
#8498=DRAUGHTING_PRE_DEFINED_CURVE_FONT('continuous');
#8499=COLOUR_RGB('',0.0,0.0,0.0);
#8500=CARTESIAN_POINT('',(-7.745,0.0,-0.775000000000091));
#8501=VECTOR('',#12366,1.0);
#8502=SURFACE_SIDE_STYLE('',(#12367));
#8503=EDGE_LOOP('',(#12368,#12369,#12370,#12371));
#8504=AXIS2_PLACEMENT_3D('',#12372,#12373,#12374);
#8505=SURFACE_SIDE_STYLE('',(#12375));
#8506=EDGE_LOOP('',(#12376,#12377,#12378,#12379,#12380,#12381));
#8507=AXIS2_PLACEMENT_3D('',#12382,#12383,#12384);
#8508=PRE_DEFINED_MARKER('');
#8509=COLOUR_RGB('',0.0,0.0,0.0);
#8510=PRE_DEFINED_MARKER('');
#8511=COLOUR_RGB('',0.0,0.0,0.0);
#8512=PRE_DEFINED_MARKER('');
#8513=COLOUR_RGB('',0.87058824300766,0.87058824300766,0.87058824300766);
#8514=PRE_DEFINED_MARKER('');
#8515=COLOUR_RGB('',0.0,0.0,0.0);
#8516=PRE_DEFINED_MARKER('');
#8517=COLOUR_RGB('',0.0,0.0,0.0);
#8518=PRE_DEFINED_MARKER('');
#8519=COLOUR_RGB('',0.0,0.0,0.0);
#8520=PRE_DEFINED_MARKER('');
#8521=COLOUR_RGB('',0.87058824300766,0.87058824300766,0.87058824300766);
#8522=PRE_DEFINED_MARKER('');
#8523=COLOUR_RGB('',0.0,0.0,0.0);
#8524=DRAUGHTING_PRE_DEFINED_CURVE_FONT('continuous');
#8525=COLOUR_RGB('',0.87058824300766,0.87058824300766,0.87058824300766);
#8526=CARTESIAN_POINT('',(-0.781220657277022,0.753873053989039,0.16665));
#8527=VECTOR('',#12385,1.0);
#8528=DRAUGHTING_PRE_DEFINED_CURVE_FONT('continuous');
#8529=COLOUR_RGB('',0.0,0.0,0.0);
#8530=CARTESIAN_POINT('',(-7.745,0.599999999999994,-0.625));
#8531=VECTOR('',#12386,1.0);
#8532=DRAUGHTING_PRE_DEFINED_CURVE_FONT('continuous');
#8533=COLOUR_RGB('',1.0,0.0,0.0);
#8534=CARTESIAN_POINT('',(-6.35,7.57,-0.32));
#8535=VECTOR('',#12387,1.0);
#8536=DRAUGHTING_PRE_DEFINED_CURVE_FONT('continuous');
#8537=COLOUR_RGB('',0.87058824300766,0.87058824300766,0.87058824300766);
#8538=CARTESIAN_POINT('',(6.66999999999966,-2.54999999999999,0.16665));
#8539=VECTOR('',#12388,1.0);
#8540=PRE_DEFINED_MARKER('');
#8541=COLOUR_RGB('',0.0,0.0,0.0);
#8542=PRE_DEFINED_MARKER('');
#8543=COLOUR_RGB('',0.0,0.0,0.0);
#8544=PRE_DEFINED_MARKER('');
#8545=COLOUR_RGB('',0.0,0.0,0.0);
#8546=PRE_DEFINED_MARKER('');
#8547=COLOUR_RGB('',0.0,0.0,0.0);
#8548=SURFACE_SIDE_STYLE('',(#12389));
#8549=EDGE_LOOP('',(#12390,#12391,#12392,#12393,#12394,#12395,#12396,#12397));
#8550=AXIS2_PLACEMENT_3D('',#12398,#12399,#12400);
#8551=DRAUGHTING_PRE_DEFINED_CURVE_FONT('continuous');
#8552=COLOUR_RGB('',0.0,0.0,0.0);
#8553=CARTESIAN_POINT('',(-7.05,7.81249999999998,-0.449999999999932));
#8554=VECTOR('',#12401,1.0);
#8555=PRE_DEFINED_MARKER('');
#8556=COLOUR_RGB('',0.0,0.0,0.0);
#8557=DRAUGHTING_PRE_DEFINED_CURVE_FONT('continuous');
#8558=COLOUR_RGB('',0.0,0.0,0.0);
#8559=CARTESIAN_POINT('',(1.01999999999994,7.65099999999999,-0.449999999999932));
#8560=VECTOR('',#12402,1.0);
#8561=PRE_DEFINED_MARKER('');
#8562=COLOUR_RGB('',0.0,0.0,0.0);
#8563=PRE_DEFINED_MARKER('');
#8564=COLOUR_RGB('',0.0,0.0,0.0);
#8565=DRAUGHTING_PRE_DEFINED_CURVE_FONT('continuous');
#8566=COLOUR_RGB('',0.0,0.0,0.0);
#8567=CARTESIAN_POINT('',(7.34999999999989,7.65099999999999,1.5));
#8568=VECTOR('',#12403,1.0);
#8569=SURFACE_SIDE_STYLE('',(#12404));
#8570=EDGE_LOOP('',(#12405,#12406,#12407,#12408,#12409,#12410,#12411,#12412));
#8571=AXIS2_PLACEMENT_3D('',#12413,#12414,#12415);
#8572=PRE_DEFINED_MARKER('');
#8573=COLOUR_RGB('',0.0,0.0,0.0);
#8574=SURFACE_SIDE_STYLE('',(#12416));
#8575=EDGE_LOOP('',(#12417,#12418,#12419,#12420));
#8576=AXIS2_PLACEMENT_3D('',#12421,#12422,#12423);
#8577=PRE_DEFINED_MARKER('');
#8578=COLOUR_RGB('',0.0,0.0,0.0);
#8579=SURFACE_SIDE_STYLE('',(#12424));
#8580=EDGE_LOOP('',(#12425,#12426,#12427,#12428,#12429,#12430,#12431,#12432,#12433,#12434,#12435,#12436,#12437,#12438,#12439,#12440,#12441,#12442,#12443,#12444,#12445,#12446,#12447,#12448,#12449,#12450,#12451,#12452));
#8581=AXIS2_PLACEMENT_3D('',#12453,#12454,#12455);
#8582=SURFACE_SIDE_STYLE('',(#12456));
#8583=EDGE_LOOP('',(#12457,#12458,#12459,#12460));
#8584=AXIS2_PLACEMENT_3D('',#12461,#12462,#12463);
#8585=DRAUGHTING_PRE_DEFINED_CURVE_FONT('continuous');
#8586=COLOUR_RGB('',0.0,0.0,0.0);
#8587=CARTESIAN_POINT('',(-5.35000000000011,0.753873053989039,0.833325));
#8588=VECTOR('',#12464,1.0);
#8589=DRAUGHTING_PRE_DEFINED_CURVE_FONT('continuous');
#8590=COLOUR_RGB('',0.0,0.0,0.0);
#8591=CARTESIAN_POINT('',(-6.5275,8.49999999999996,-0.949999999999932));
#8592=VECTOR('',#12465,1.0);
#8593=SURFACE_SIDE_STYLE('',(#12466));
#8594=EDGE_LOOP('',(#12467,#12468,#12469,#12470));
#8595=AXIS2_PLACEMENT_3D('',#12471,#12472,#12473);
#8596=DRAUGHTING_PRE_DEFINED_CURVE_FONT('continuous');
#8597=COLOUR_RGB('',0.87058824300766,0.87058824300766,0.87058824300766);
#8598=CARTESIAN_POINT('',(-4.29877934272298,0.753873053988997,0.16665));
#8599=VECTOR('',#12474,1.0);
#8600=DRAUGHTING_PRE_DEFINED_CURVE_FONT('continuous');
#8601=COLOUR_RGB('',0.87058824300766,0.87058824300766,0.87058824300766);
#8602=CARTESIAN_POINT('',(-0.781220657277022,0.753873053989039,0.16665));
#8603=VECTOR('',#12475,1.0);
#8604=PRE_DEFINED_MARKER('');
#8605=COLOUR_RGB('',0.87058824300766,0.87058824300766,0.87058824300766);
#8606=DRAUGHTING_PRE_DEFINED_CURVE_FONT('continuous');
#8607=COLOUR_RGB('',0.0,0.0,0.0);
#8608=CARTESIAN_POINT('',(7.34999999999989,7.64999999999999,1.24999999999994));
#8609=VECTOR('',#12476,1.0);
#8610=PRE_DEFINED_MARKER('');
#8611=COLOUR_RGB('',0.0,0.0,0.0);
#8612=DRAUGHTING_PRE_DEFINED_CURVE_FONT('continuous');
#8613=COLOUR_RGB('',0.0,0.0,0.0);
#8614=CARTESIAN_POINT('',(7.34999999999989,0.0,0.125000000000001));
#8615=VECTOR('',#12477,1.0);
#8616=PRE_DEFINED_MARKER('');
#8617=COLOUR_RGB('',0.0,0.0,0.0);
#8618=SURFACE_SIDE_STYLE('',(#12478));
#8619=EDGE_LOOP('',(#12479,#12480,#12481,#12482,#12483,#12484,#12485,#12486));
#8620=AXIS2_PLACEMENT_3D('',#12487,#12488,#12489);
#8621=DRAUGHTING_PRE_DEFINED_CURVE_FONT('continuous');
#8622=COLOUR_RGB('',0.0,0.0,0.0);
#8623=CARTESIAN_POINT('',(0.270000000000796,1.90282814901086,0.833325));
#8624=VECTOR('',#12490,1.0);
#8625=PRE_DEFINED_MARKER('');
#8626=COLOUR_RGB('',0.87058824300766,0.87058824300766,0.87058824300766);
#8627=PRE_DEFINED_MARKER('');
#8628=COLOUR_RGB('',0.0,0.0,0.0);
#8629=PRE_DEFINED_MARKER('');
#8630=COLOUR_RGB('',0.0,0.0,0.0);
#8631=PRE_DEFINED_MARKER('');
#8632=COLOUR_RGB('',0.87058824300766,0.87058824300766,0.87058824300766);
#8633=PRE_DEFINED_MARKER('');
#8634=COLOUR_RGB('',0.0,0.0,0.0);
#8635=DRAUGHTING_PRE_DEFINED_CURVE_FONT('continuous');
#8636=COLOUR_RGB('',0.0,0.0,0.0);
#8637=CARTESIAN_POINT('',(-7.745,0.599999999999994,-0.625));
#8638=VECTOR('',#12491,1.0);
#8639=DRAUGHTING_PRE_DEFINED_CURVE_FONT('continuous');
#8640=COLOUR_RGB('',0.0,0.0,0.0);
#8641=CARTESIAN_POINT('',(2.26999999999989,0.0,0.125));
#8642=VECTOR('',#12492,1.0);
#8643=PRE_DEFINED_MARKER('');
#8644=COLOUR_RGB('',0.0,0.0,0.0);
#8645=DRAUGHTING_PRE_DEFINED_CURVE_FONT('continuous');
#8646=COLOUR_RGB('',0.0,0.0,0.0);
#8647=CARTESIAN_POINT('',(-2.2699999999992,0.302213113916717,-0.16665));
#8648=VECTOR('',#12493,1.0);
#8649=PRE_DEFINED_MARKER('');
#8650=COLOUR_RGB('',0.0,0.0,0.0);
#8651=DRAUGHTING_PRE_DEFINED_CURVE_FONT('continuous');
#8652=COLOUR_RGB('',0.0,0.0,0.0);
#8653=CARTESIAN_POINT('',(-7.32499999999997,7.65099999999999,-0.449999999999932));
#8654=VECTOR('',#12494,1.0);
#8655=PRE_DEFINED_MARKER('');
#8656=COLOUR_RGB('',0.87058824300766,0.87058824300766,0.87058824300766);
#8657=DRAUGHTING_PRE_DEFINED_CURVE_FONT('continuous');
#8658=COLOUR_RGB('',1.0,0.0,0.0);
#8659=CARTESIAN_POINT('',(-5.65,7.625,-0.7));
#8660=VECTOR('',#12495,1.0);
#8661=SURFACE_SIDE_STYLE('',(#12496));
#8662=EDGE_LOOP('',(#12497,#12498,#12499,#12500));
#8663=AXIS2_PLACEMENT_3D('',#12501,#12502,#12503);
#8664=SURFACE_SIDE_STYLE('',(#12504));
#8665=EDGE_LOOP('',(#12505,#12506,#12507,#12508));
#8666=AXIS2_PLACEMENT_3D('',#12509,#12510,#12511);
#8667=PRE_DEFINED_MARKER('');
#8668=COLOUR_RGB('',0.0,0.0,0.0);
#8669=PRE_DEFINED_MARKER('');
#8670=COLOUR_RGB('',0.0,0.0,0.0);
#8671=PRE_DEFINED_MARKER('');
#8672=COLOUR_RGB('',0.0,0.0,0.0);
#8673=DRAUGHTING_PRE_DEFINED_CURVE_FONT('continuous');
#8674=COLOUR_RGB('',0.0,0.0,0.0);
#8675=CARTESIAN_POINT('',(0.270000000000796,0.302213113916717,0.16665));
#8676=VECTOR('',#12512,1.0);
#8677=PRE_DEFINED_MARKER('');
#8678=COLOUR_RGB('',0.0,0.0,0.0);
#8679=DRAUGHTING_PRE_DEFINED_CURVE_FONT('continuous');
#8680=COLOUR_RGB('',0.0,0.0,0.0);
#8681=CARTESIAN_POINT('',(-2.81000000000011,0.0,0.125));
#8682=VECTOR('',#12513,1.0);
#8683=DRAUGHTING_PRE_DEFINED_CURVE_FONT('continuous');
#8684=COLOUR_RGB('',0.0,0.0,0.0);
#8685=CARTESIAN_POINT('',(-5.89999999999984,8.00099999999996,1.5));
#8686=VECTOR('',#12514,1.0);
#8687=SURFACE_SIDE_STYLE('',(#12515));
#8688=EDGE_LOOP('',(#12516,#12517,#12518,#12519));
#8689=AXIS2_PLACEMENT_3D('',#12520,#12521,#12522);
#8690=DRAUGHTING_PRE_DEFINED_CURVE_FONT('continuous');
#8691=COLOUR_RGB('',0.0,0.0,0.0);
#8692=CARTESIAN_POINT('',(-0.270000000000114,1.90282814901086,0.833325));
#8693=VECTOR('',#12523,1.0);
#8694=DRAUGHTING_PRE_DEFINED_CURVE_FONT('continuous');
#8695=COLOUR_RGB('',0.0,0.0,0.0);
#8696=CARTESIAN_POINT('',(-2.7175,8.49999999999996,-0.949999999999932));
#8697=VECTOR('',#12524,1.0);
#8698=DRAUGHTING_PRE_DEFINED_CURVE_FONT('continuous');
#8699=COLOUR_RGB('',0.0,0.0,0.0);
#8700=CARTESIAN_POINT('',(0.270000000000796,7.64999999999999,0.525000000000034));
#8701=VECTOR('',#12525,1.0);
#8702=SURFACE_SIDE_STYLE('',(#12526));
#8703=EDGE_LOOP('',(#12527,#12528,#12529,#12530));
#8704=AXIS2_PLACEMENT_3D('',#12531,#12532,#12533);
#8705=SURFACE_SIDE_STYLE('',(#12534));
#8706=EDGE_LOOP('',(#12535,#12536,#12537,#12538));
#8707=AXIS2_PLACEMENT_3D('',#12539,#12540,#12541);
#8708=PRE_DEFINED_MARKER('');
#8709=COLOUR_RGB('',0.0,0.0,0.0);
#8710=SURFACE_SIDE_STYLE('',(#12542));
#8711=EDGE_LOOP('',(#12543,#12544,#12545,#12546));
#8712=AXIS2_PLACEMENT_3D('',#12547,#12548,#12549);
#8713=SURFACE_SIDE_STYLE('',(#12550));
#8714=EDGE_LOOP('',(#12551,#12552,#12553,#12554));
#8715=AXIS2_PLACEMENT_3D('',#12555,#12556,#12557);
#8716=DRAUGHTING_PRE_DEFINED_CURVE_FONT('continuous');
#8717=COLOUR_RGB('',0.87058824300766,0.87058824300766,0.87058824300766);
#8718=CARTESIAN_POINT('',(-1.59000000000034,-2.54999999999999,-0.16665));
#8719=VECTOR('',#12558,1.0);
#8720=SURFACE_SIDE_STYLE('',(#12559));
#8721=EDGE_LOOP('',(#12560,#12561,#12562,#12563));
#8722=AXIS2_PLACEMENT_3D('',#12564,#12565,#12566);
#8723=DRAUGHTING_PRE_DEFINED_CURVE_FONT('continuous');
#8724=COLOUR_RGB('',0.0,0.0,0.0);
#8725=CARTESIAN_POINT('',(-5.35000000000011,0.0,0.125));
#8726=VECTOR('',#12567,1.0);
#8727=DRAUGHTING_PRE_DEFINED_CURVE_FONT('continuous');
#8728=COLOUR_RGB('',0.87058824300766,0.87058824300766,0.87058824300766);
#8729=CARTESIAN_POINT('',(6.83877934272298,0.753873053989039,0.16665));
#8730=VECTOR('',#12568,1.0);
#8731=PRE_DEFINED_MARKER('');
#8732=COLOUR_RGB('',0.0,0.0,0.0);
#8733=DRAUGHTING_PRE_DEFINED_CURVE_FONT('continuous');
#8734=COLOUR_RGB('',0.0,0.0,0.0);
#8735=CARTESIAN_POINT('',(5.35000000000079,0.740500000000222,-0.999999999999204));
#8736=VECTOR('',#12569,1.0);
#8737=DRAUGHTING_PRE_DEFINED_CURVE_FONT('continuous');
#8738=COLOUR_RGB('',0.0,0.0,0.0);
#8739=CARTESIAN_POINT('',(-2.2699999999992,0.302213113916717,0.16665));
#8740=VECTOR('',#12570,1.0);
#8741=DRAUGHTING_PRE_DEFINED_CURVE_FONT('continuous');
#8742=COLOUR_RGB('',0.0,0.0,0.0);
#8743=CARTESIAN_POINT('',(-1.52000000000006,7.65099999999999,-0.449999999999932));
#8744=VECTOR('',#12571,1.0);
#8745=DRAUGHTING_PRE_DEFINED_CURVE_FONT('continuous');
#8746=COLOUR_RGB('',0.0,0.0,0.0);
#8747=CARTESIAN_POINT('',(-7.745,0.599999999999994,0.625));
#8748=VECTOR('',#12572,1.0);
#8749=DRAUGHTING_PRE_DEFINED_CURVE_FONT('continuous');
#8750=COLOUR_RGB('',0.0,0.0,0.0);
#8751=CARTESIAN_POINT('',(7.34999999999989,0.599999999999994,0.437500000000001));
#8752=VECTOR('',#12573,1.0);
#8753=PRE_DEFINED_MARKER('');
#8754=COLOUR_RGB('',0.0,0.0,0.0);
#8755=PRE_DEFINED_MARKER('');
#8756=COLOUR_RGB('',0.0,0.0,0.0);
#8757=PRE_DEFINED_MARKER('');
#8758=COLOUR_RGB('',1.0,0.0,0.0);
#8759=DRAUGHTING_PRE_DEFINED_CURVE_FONT('continuous');
#8760=COLOUR_RGB('',0.0,0.0,0.0);
#8761=CARTESIAN_POINT('',(-7.745,0.0,-0.775000000000091));
#8762=VECTOR('',#12574,1.0);
#8763=DRAUGHTING_PRE_DEFINED_CURVE_FONT('continuous');
#8764=COLOUR_RGB('',0.87058824300766,0.87058824300766,0.87058824300766);
#8765=CARTESIAN_POINT('',(-3.49000000000034,-2.54999999999999,0.16665));
#8766=VECTOR('',#12575,1.0);
#8767=PRE_DEFINED_MARKER('');
#8768=COLOUR_RGB('',0.0,0.0,0.0);
#8769=PRE_DEFINED_MARKER('');
#8770=COLOUR_RGB('',0.0,0.0,0.0);
#8771=PRE_DEFINED_MARKER('');
#8772=COLOUR_RGB('',0.87058824300766,0.87058824300766,0.87058824300766);
#8773=PRE_DEFINED_MARKER('');
#8774=COLOUR_RGB('',0.0,0.0,0.0);
#8775=DRAUGHTING_PRE_DEFINED_CURVE_FONT('continuous');
#8776=COLOUR_RGB('',0.87058824300766,0.87058824300766,0.87058824300766);
#8777=CARTESIAN_POINT('',(-3.49000000000034,-2.54999999999999,-0.16665));
#8778=VECTOR('',#12576,1.0);
#8779=PRE_DEFINED_MARKER('');
#8780=COLOUR_RGB('',0.0,0.0,0.0);
#8781=DRAUGHTING_PRE_DEFINED_CURVE_FONT('continuous');
#8782=COLOUR_RGB('',0.0,0.0,0.0);
#8783=CARTESIAN_POINT('',(-7.31616666666658,8.51716666666661,0.967166666666809));
#8784=VECTOR('',#12577,1.0);
#8785=PRE_DEFINED_MARKER('');
#8786=COLOUR_RGB('',0.0,0.0,0.0);
#8787=PRE_DEFINED_MARKER('');
#8788=COLOUR_RGB('',0.0,0.0,0.0);
#8789=SURFACE_SIDE_STYLE('',(#12578));
#8790=EDGE_LOOP('',(#12579,#12580,#12581,#12582,#12583,#12584,#12585,#12586,#12587,#12588,#12589,#12590,#12591,#12592,#12593,#12594,#12595,#12596,#12597,#12598,#12599,#12600,#12601,#12602,#12603,#12604,#12605,#12606));
#8791=AXIS2_PLACEMENT_3D('',#12607,#12608,#12609);
#8792=DRAUGHTING_PRE_DEFINED_CURVE_FONT('continuous');
#8793=COLOUR_RGB('',0.0,0.0,0.0);
#8794=CARTESIAN_POINT('',(2.8100000000008,7.64999999999999,0.525000000000034));
#8795=VECTOR('',#12610,1.0);
#8796=PRE_DEFINED_MARKER('');
#8797=COLOUR_RGB('',0.0,0.0,0.0);
#8798=DRAUGHTING_PRE_DEFINED_CURVE_FONT('continuous');
#8799=COLOUR_RGB('',0.0,0.0,0.0);
#8800=CARTESIAN_POINT('',(-3.35999999999984,8.00099999999996,1.5));
#8801=VECTOR('',#12611,1.0);
#8802=DRAUGHTING_PRE_DEFINED_CURVE_FONT('continuous');
#8803=COLOUR_RGB('',0.0,0.0,0.0);
#8804=CARTESIAN_POINT('',(6.80000000000016,8.00099999999996,1.5));
#8805=VECTOR('',#12612,1.0);
#8806=PRE_DEFINED_MARKER('');
#8807=COLOUR_RGB('',0.0,0.0,0.0);
#8808=SURFACE_SIDE_STYLE('',(#12613));
#8809=EDGE_LOOP('',(#12614,#12615,#12616,#12617));
#8810=AXIS2_PLACEMENT_3D('',#12618,#12619,#12620);
#8811=SURFACE_SIDE_STYLE('',(#12621));
#8812=EDGE_LOOP('',(#12622,#12623,#12624,#12625));
#8813=AXIS2_PLACEMENT_3D('',#12626,#12627,#12628);
#8814=DRAUGHTING_PRE_DEFINED_CURVE_FONT('continuous');
#8815=COLOUR_RGB('',1.0,0.0,0.0);
#8816=CARTESIAN_POINT('',(-6.67,7.68,0.32));
#8817=VECTOR('',#12629,1.0);
#8818=PRE_DEFINED_MARKER('');
#8819=COLOUR_RGB('',0.0,0.0,0.0);
#8820=DRAUGHTING_PRE_DEFINED_CURVE_FONT('continuous');
#8821=COLOUR_RGB('',0.0,0.0,0.0);
#8822=CARTESIAN_POINT('',(-2.7175,0.0,0.999999999999886));
#8823=VECTOR('',#12630,1.0);
#8824=PRE_DEFINED_MARKER('');
#8825=COLOUR_RGB('',0.0,0.0,0.0);
#8826=PRE_DEFINED_MARKER('');
#8827=COLOUR_RGB('',0.0,0.0,0.0);
#8828=PRE_DEFINED_MARKER('');
#8829=COLOUR_RGB('',0.0,0.0,0.0);
#8830=DRAUGHTING_PRE_DEFINED_CURVE_FONT('continuous');
#8831=COLOUR_RGB('',0.0,0.0,0.0);
#8832=CARTESIAN_POINT('',(-7.1,7.68,-0.449999999999932));
#8833=VECTOR('',#12631,1.0);
#8834=DRAUGHTING_PRE_DEFINED_CURVE_FONT('continuous');
#8835=COLOUR_RGB('',0.0,0.0,0.0);
#8836=CARTESIAN_POINT('',(-7.85,7.99999999999996,-0.449999999999932));
#8837=VECTOR('',#12632,1.0);
#8838=PRE_DEFINED_MARKER('');
#8839=COLOUR_RGB('',0.87058824300766,0.87058824300766,0.87058824300766);
#8840=PRE_DEFINED_MARKER('');
#8841=COLOUR_RGB('',0.0,0.0,0.0);
#8842=SURFACE_SIDE_STYLE('',(#12633));
#8843=EDGE_LOOP('',(#12634,#12635,#12636,#12637));
#8844=AXIS2_PLACEMENT_3D('',#12638,#12639,#12640);
#8845=DRAUGHTING_PRE_DEFINED_CURVE_FONT('continuous');
#8846=COLOUR_RGB('',0.0,0.0,0.0);
#8847=CARTESIAN_POINT('',(-7.745,0.599999999999994,0.625));
#8848=VECTOR('',#12641,1.0);
#8849=SURFACE_SIDE_STYLE('',(#12642));
#8850=EDGE_LOOP('',(#12643,#12644,#12645,#12646));
#8851=EDGE_LOOP('',(#12647,#12648,#12649,#12650,#12651,#12652,#12653,#12654,#12655,#12656,#12657,#12658,#12659,#12660));
#8852=AXIS2_PLACEMENT_3D('',#12661,#12662,#12663);
#8853=SURFACE_SIDE_STYLE('',(#12664));
#8854=EDGE_LOOP('',(#12665,#12666,#12667,#12668,#12669,#12670,#12671,#12672));
#8855=AXIS2_PLACEMENT_3D('',#12673,#12674,#12675);
#8856=DRAUGHTING_PRE_DEFINED_CURVE_FONT('continuous');
#8857=COLOUR_RGB('',0.0,0.0,0.0);
#8858=CARTESIAN_POINT('',(4.85,7.64999999999999,-1.00000000000011));
#8859=VECTOR('',#12676,1.0);
#8860=SURFACE_SIDE_STYLE('',(#12677));
#8861=EDGE_LOOP('',(#12678,#12679,#12680,#12681));
#8862=AXIS2_PLACEMENT_3D('',#12682,#12683,#12684);
#8863=DRAUGHTING_PRE_DEFINED_CURVE_FONT('continuous');
#8864=COLOUR_RGB('',0.0,0.0,0.0);
#8865=CARTESIAN_POINT('',(4.80999999999989,0.670499999999941,0.624999999999983));
#8866=VECTOR('',#12685,1.0);
#8867=DRAUGHTING_PRE_DEFINED_CURVE_FONT('continuous');
#8868=COLOUR_RGB('',0.87058824300766,0.87058824300766,0.87058824300766);
#8869=CARTESIAN_POINT('',(2.49040082142894,1.90282814901086,0.16665));
#8870=VECTOR('',#12686,1.0);
#8871=SURFACE_SIDE_STYLE('',(#12687));
#8872=EDGE_LOOP('',(#12688,#12689,#12690,#12691));
#8873=AXIS2_PLACEMENT_3D('',#12692,#12693,#12694);
#8874=PRE_DEFINED_MARKER('');
#8875=COLOUR_RGB('',0.87058824300766,0.87058824300766,0.87058824300766);
#8876=SURFACE_SIDE_STYLE('',(#12695));
#8877=EDGE_LOOP('',(#12696,#12697,#12698,#12699,#12700,#12701,#12702,#12703,#12704,#12705,#12706,#12707));
#8878=AXIS2_PLACEMENT_3D('',#12708,#12709,#12710);
#8879=DRAUGHTING_PRE_DEFINED_CURVE_FONT('continuous');
#8880=COLOUR_RGB('',0.87058824300766,0.87058824300766,0.87058824300766);
#8881=CARTESIAN_POINT('',(-6.67000000000034,-2.54999999999999,0.16665));
#8882=VECTOR('',#12711,1.0);
#8883=DRAUGHTING_PRE_DEFINED_CURVE_FONT('continuous');
#8884=COLOUR_RGB('',0.0,0.0,0.0);
#8885=CARTESIAN_POINT('',(3.77616666666681,7.51716666666661,0.0328333333334183));
#8886=VECTOR('',#12712,1.0);
#8887=DRAUGHTING_PRE_DEFINED_CURVE_FONT('continuous');
#8888=COLOUR_RGB('',0.0,0.0,0.0);
#8889=CARTESIAN_POINT('',(5.90000000000007,8.00049999999996,-0.449999999999931));
#8890=VECTOR('',#12713,1.0);
#8891=DRAUGHTING_PRE_DEFINED_CURVE_FONT('continuous');
#8892=COLOUR_RGB('',0.0,0.0,0.0);
#8893=CARTESIAN_POINT('',(-1.71999999999993,8.00099999999996,1.5));
#8894=VECTOR('',#12714,1.0);
#8895=DRAUGHTING_PRE_DEFINED_CURVE_FONT('continuous');
#8896=COLOUR_RGB('',0.0,0.0,0.0);
#8897=CARTESIAN_POINT('',(-4.75899999999995,8.49999999999997,1.375));
#8898=VECTOR('',#12715,1.0);
#8899=DRAUGHTING_PRE_DEFINED_CURVE_FONT('continuous');
#8900=COLOUR_RGB('',0.0,0.0,0.0);
#8901=CARTESIAN_POINT('',(-4.8099999999992,0.740500000000222,-0.999999999999205));
#8902=VECTOR('',#12716,1.0);
#8903=PRE_DEFINED_MARKER('');
#8904=COLOUR_RGB('',0.0,0.0,0.0);
#8905=DRAUGHTING_PRE_DEFINED_CURVE_FONT('continuous');
#8906=COLOUR_RGB('',0.0,0.0,0.0);
#8907=CARTESIAN_POINT('',(3.55999999999994,7.65099999999999,0.450000000000159));
#8908=VECTOR('',#12717,1.0);
#8909=PRE_DEFINED_MARKER('');
#8910=COLOUR_RGB('',0.0,0.0,0.0);
#8911=DRAUGHTING_PRE_DEFINED_CURVE_FONT('continuous');
#8912=COLOUR_RGB('',0.87058824300766,0.87058824300766,0.87058824300766);
#8913=AXIS2_PLACEMENT_3D('',#12718,#12719,#12720);
#8914=DRAUGHTING_PRE_DEFINED_CURVE_FONT('continuous');
#8915=COLOUR_RGB('',0.0,0.0,0.0);
#8916=CARTESIAN_POINT('',(-7.745,8.49999999999997,-1.25));
#8917=VECTOR('',#12721,1.0);
#8918=DRAUGHTING_PRE_DEFINED_CURVE_FONT('continuous');
#8919=COLOUR_RGB('',0.0,0.0,0.0);
#8920=CARTESIAN_POINT('',(5.90000000000007,7.82549999999997,0.45000000000016));
#8921=VECTOR('',#12722,1.0);
#8922=PRE_DEFINED_MARKER('');
#8923=COLOUR_RGB('',0.87058824300766,0.87058824300766,0.87058824300766);
#8924=DRAUGHTING_PRE_DEFINED_CURVE_FONT('continuous');
#8925=COLOUR_RGB('',0.87058824300766,0.87058824300766,0.87058824300766);
#8926=AXIS2_PLACEMENT_3D('',#12723,#12724,#12725);
#8927=PRE_DEFINED_MARKER('');
#8928=COLOUR_RGB('',0.0,0.0,0.0);
#8929=SURFACE_SIDE_STYLE('',(#12726));
#8930=EDGE_LOOP('',(#12727,#12728,#12729,#12730,#12731,#12732));
#8931=AXIS2_PLACEMENT_3D('',#12733,#12734,#12735);
#8932=SURFACE_SIDE_STYLE('',(#12736));
#8933=EDGE_LOOP('',(#12737,#12738,#12739,#12740,#12741,#12742,#12743,#12744,#12745,#12746,#12747,#12748));
#8934=AXIS2_PLACEMENT_3D('',#12749,#12750,#12751);
#8935=PRE_DEFINED_MARKER('');
#8936=COLOUR_RGB('',0.0,0.0,0.0);
#8937=DRAUGHTING_PRE_DEFINED_CURVE_FONT('continuous');
#8938=COLOUR_RGB('',0.0,0.0,0.0);
#8939=CARTESIAN_POINT('',(-6.5275,0.0,-0.999999999999205));
#8940=VECTOR('',#12752,1.0);
#8941=PRE_DEFINED_MARKER('');
#8942=COLOUR_RGB('',0.87058824300766,0.87058824300766,0.87058824300766);
#8943=PRE_DEFINED_MARKER('');
#8944=COLOUR_RGB('',0.0,0.0,0.0);
#8945=DRAUGHTING_PRE_DEFINED_CURVE_FONT('continuous');
#8946=COLOUR_RGB('',0.0,0.0,0.0);
#8947=CARTESIAN_POINT('',(-7.85,7.64999999999999,0.999999999999886));
#8948=VECTOR('',#12753,1.0);
#8949=SURFACE_SIDE_STYLE('',(#12754));
#8950=EDGE_LOOP('',(#12755,#12756,#12757,#12758));
#8951=AXIS2_PLACEMENT_3D('',#12759,#12760,#12761);
#8952=SURFACE_SIDE_STYLE('',(#12762));
#8953=EDGE_LOOP('',(#12763,#12764,#12765,#12766));
#8954=AXIS2_PLACEMENT_3D('',#12767,#12768,#12769);
#8955=DRAUGHTING_PRE_DEFINED_CURVE_FONT('continuous');
#8956=COLOUR_RGB('',0.87058824300766,0.87058824300766,0.87058824300766);
#8957=AXIS2_PLACEMENT_3D('',#12770,#12771,#12772);
#8958=DRAUGHTING_PRE_DEFINED_CURVE_FONT('continuous');
#8959=COLOUR_RGB('',0.0,0.0,0.0);
#8960=AXIS2_PLACEMENT_3D('',#12773,#12774,#12775);
#8961=PRE_DEFINED_MARKER('');
#8962=COLOUR_RGB('',0.0,0.0,0.0);
#8963=DRAUGHTING_PRE_DEFINED_CURVE_FONT('continuous');
#8964=COLOUR_RGB('',0.0,0.0,0.0);
#8965=CARTESIAN_POINT('',(-3.35999999999984,7.82549999999998,-0.449999999999932));
#8966=VECTOR('',#12776,1.0);
#8967=DRAUGHTING_PRE_DEFINED_CURVE_FONT('continuous');
#8968=COLOUR_RGB('',0.0,0.0,0.0);
#8969=CARTESIAN_POINT('',(-0.270000000000114,0.0,1.13750000000005));
#8970=VECTOR('',#12777,1.0);
#8971=PRE_DEFINED_MARKER('');
#8972=COLOUR_RGB('',0.0,0.0,0.0);
#8973=DRAUGHTING_PRE_DEFINED_CURVE_FONT('continuous');
#8974=COLOUR_RGB('',0.87058824300766,0.87058824300766,0.87058824300766);
#8975=CARTESIAN_POINT('',(0.949999999999659,0.587206387322199,0.16665));
#8976=VECTOR('',#12778,1.0);
#8977=DRAUGHTING_PRE_DEFINED_CURVE_FONT('continuous');
#8978=COLOUR_RGB('',0.87058824300766,0.87058824300766,0.87058824300766);
#8979=CARTESIAN_POINT('',(-6.67000000000034,0.587206387322199,0.16665));
#8980=VECTOR('',#12779,1.0);
#8981=PRE_DEFINED_MARKER('');
#8982=COLOUR_RGB('',0.87058824300766,0.87058824300766,0.87058824300766);
#8983=SURFACE_SIDE_STYLE('',(#12780));
#8984=EDGE_LOOP('',(#12781,#12782,#12783,#12784));
#8985=AXIS2_PLACEMENT_3D('',#12785,#12786,#12787);
#8986=DRAUGHTING_PRE_DEFINED_CURVE_FONT('continuous');
#8987=COLOUR_RGB('',0.0,0.0,0.0);
#8988=CARTESIAN_POINT('',(-5.65,7.64999999999999,0.499999999999943));
#8989=VECTOR('',#12788,1.0);
#8990=DRAUGHTING_PRE_DEFINED_CURVE_FONT('continuous');
#8991=COLOUR_RGB('',0.0,0.0,0.0);
#8992=CARTESIAN_POINT('',(5.35000000000079,1.90282814901086,0.833325));
#8993=VECTOR('',#12789,1.0);
#8994=DRAUGHTING_PRE_DEFINED_CURVE_FONT('continuous');
#8995=COLOUR_RGB('',0.0,0.0,0.0);
#8996=CARTESIAN_POINT('',(-7.745,0.0,1.25));
#8997=VECTOR('',#12790,1.0);
#8998=SURFACE_SIDE_STYLE('',(#12791));
#8999=EDGE_LOOP('',(#12792,#12793,#12794,#12795,#12796,#12797,#12798,#12799));
#9000=AXIS2_PLACEMENT_3D('',#12800,#12801,#12802);
#9001=PRE_DEFINED_MARKER('');
#9002=COLOUR_RGB('',0.0,0.0,0.0);
#9003=PRE_DEFINED_MARKER('');
#9004=COLOUR_RGB('',0.0,0.0,0.0);
#9005=DRAUGHTING_PRE_DEFINED_CURVE_FONT('continuous');
#9006=COLOUR_RGB('',0.0,0.0,0.0);
#9007=CARTESIAN_POINT('',(-2.2699999999992,0.0,0.125));
#9008=VECTOR('',#12803,1.0);
#9009=PRE_DEFINED_MARKER('');
#9010=COLOUR_RGB('',0.0,0.0,0.0);
#9011=SURFACE_SIDE_STYLE('',(#12804));
#9012=EDGE_LOOP('',(#12805,#12806,#12807,#12808));
#9013=AXIS2_PLACEMENT_3D('',#12809,#12810,#12811);
#9014=SURFACE_SIDE_STYLE('',(#12812));
#9015=EDGE_LOOP('',(#12813,#12814,#12815,#12816));
#9016=AXIS2_PLACEMENT_3D('',#12817,#12818,#12819);
#9017=DRAUGHTING_PRE_DEFINED_CURVE_FONT('continuous');
#9018=COLOUR_RGB('',1.0,0.0,0.0);
#9019=CARTESIAN_POINT('',(-6.67,7.68,-0.32));
#9020=VECTOR('',#12820,1.0);
#9021=DRAUGHTING_PRE_DEFINED_CURVE_FONT('continuous');
#9022=COLOUR_RGB('',0.0,0.0,0.0);
#9023=AXIS2_PLACEMENT_3D('',#12821,#12822,#12823);
#9024=PRE_DEFINED_MARKER('');
#9025=COLOUR_RGB('',0.0,0.0,0.0);
#9026=SURFACE_SIDE_STYLE('',(#12824));
#9027=EDGE_LOOP('',(#12825,#12826,#12827,#12828));
#9028=AXIS2_PLACEMENT_3D('',#12829,#12830,#12831);
#9029=DRAUGHTING_PRE_DEFINED_CURVE_FONT('continuous');
#9030=COLOUR_RGB('',0.0,0.0,0.0);
#9031=CARTESIAN_POINT('',(1.72000000000016,8.00099999999996,1.5));
#9032=VECTOR('',#12832,1.0);
#9033=DRAUGHTING_PRE_DEFINED_CURVE_FONT('continuous');
#9034=COLOUR_RGB('',0.0,0.0,0.0);
#9035=CARTESIAN_POINT('',(-4.77616666666658,8.51716666666661,0.967166666666809));
#9036=VECTOR('',#12833,1.0);
#9037=DRAUGHTING_PRE_DEFINED_CURVE_FONT('continuous');
#9038=COLOUR_RGB('',0.87058824300766,0.87058824300766,0.87058824300766);
#9039=CARTESIAN_POINT('',(-1.07000000000034,-3.19999999999999,0.16665));
#9040=VECTOR('',#12834,1.0);
#9041=DRAUGHTING_PRE_DEFINED_CURVE_FONT('continuous');
#9042=COLOUR_RGB('',0.87058824300766,0.87058824300766,0.87058824300766);
#9043=CARTESIAN_POINT('',(-3.61000000000034,-3.19999999999999,0.16665));
#9044=VECTOR('',#12835,1.0);
#9045=DRAUGHTING_PRE_DEFINED_CURVE_FONT('continuous');
#9046=COLOUR_RGB('',0.87058824300766,0.87058824300766,0.87058824300766);
#9047=CARTESIAN_POINT('',(1.58999999999966,-2.54999999999999,0.16665));
#9048=VECTOR('',#12836,1.0);
#9049=DRAUGHTING_PRE_DEFINED_CURVE_FONT('continuous');
#9050=COLOUR_RGB('',0.0,0.0,0.0);
#9051=CARTESIAN_POINT('',(5.35000000000079,0.0,0.125000000000001));
#9052=VECTOR('',#12837,1.0);
#9053=SURFACE_SIDE_STYLE('',(#12838));
#9054=EDGE_LOOP('',(#12839,#12840,#12841,#12842,#12843,#12844,#12845,#12846,#12847,#12848,#12849,#12850));
#9055=AXIS2_PLACEMENT_3D('',#12851,#12852,#12853);
#9056=PRE_DEFINED_MARKER('');
#9057=COLOUR_RGB('',0.0,0.0,0.0);
#9058=DRAUGHTING_PRE_DEFINED_CURVE_FONT('continuous');
#9059=COLOUR_RGB('',0.0,0.0,0.0);
#9060=AXIS2_PLACEMENT_3D('',#12854,#12855,#12856);
#9061=DRAUGHTING_PRE_DEFINED_CURVE_FONT('continuous');
#9062=COLOUR_RGB('',0.87058824300766,0.87058824300766,0.87058824300766);
#9063=AXIS2_PLACEMENT_3D('',#12857,#12858,#12859);
#9064=DRAUGHTING_PRE_DEFINED_CURVE_FONT('continuous');
#9065=COLOUR_RGB('',0.87058824300766,0.87058824300766,0.87058824300766);
#9066=CARTESIAN_POINT('',(-4.29877934272298,0.753873053988883,0.16665));
#9067=VECTOR('',#12860,1.0);
#9068=SURFACE_SIDE_STYLE('',(#12861));
#9069=EDGE_LOOP('',(#12862,#12863,#12864,#12865));
#9070=AXIS2_PLACEMENT_3D('',#12866,#12867,#12868);
#9071=DRAUGHTING_PRE_DEFINED_CURVE_FONT('continuous');
#9072=COLOUR_RGB('',0.0,0.0,0.0);
#9073=CARTESIAN_POINT('',(2.8100000000008,4.19550000000011,0.450000000000159));
#9074=VECTOR('',#12869,1.0);
#9075=DRAUGHTING_PRE_DEFINED_CURVE_FONT('continuous');
#9076=COLOUR_RGB('',0.0,0.0,0.0);
#9077=CARTESIAN_POINT('',(-4.25999999999993,7.65099999999999,1.5));
#9078=VECTOR('',#12870,1.0);
#9079=DRAUGHTING_PRE_DEFINED_CURVE_FONT('continuous');
#9080=COLOUR_RGB('',0.87058824300766,0.87058824300766,0.87058824300766);
#9081=AXIS2_PLACEMENT_3D('',#12871,#12872,#12873);
#9082=PRE_DEFINED_MARKER('');
#9083=COLOUR_RGB('',1.0,0.0,0.0);
#9084=PRE_DEFINED_MARKER('');
#9085=COLOUR_RGB('',0.0,0.0,0.0);
#9086=SURFACE_SIDE_STYLE('',(#12874));
#9087=EDGE_LOOP('',(#12875,#12876,#12877,#12878,#12879,#12880,#12881,#12882,#12883,#12884,#12885,#12886));
#9088=AXIS2_PLACEMENT_3D('',#12887,#12888,#12889);
#9089=PRE_DEFINED_MARKER('');
#9090=COLOUR_RGB('',0.0,0.0,0.0);
#9091=SURFACE_SIDE_STYLE('',(#12890));
#9092=EDGE_LOOP('',(#12891,#12892,#12893,#12894));
#9093=AXIS2_PLACEMENT_3D('',#12895,#12896,#12897);
#9094=DRAUGHTING_PRE_DEFINED_CURVE_FONT('continuous');
#9095=COLOUR_RGB('',0.0,0.0,0.0);
#9096=CARTESIAN_POINT('',(4.80999999999989,4.19550000000005,0.450000000000159));
#9097=VECTOR('',#12898,1.0);
#9098=PRE_DEFINED_MARKER('');
#9099=COLOUR_RGB('',0.0,0.0,0.0);
#9100=PRE_DEFINED_MARKER('');
#9101=COLOUR_RGB('',0.0,0.0,0.0);
#9102=SURFACE_SIDE_STYLE('',(#12899));
#9103=EDGE_LOOP('',(#12900,#12901,#12902,#12903));
#9104=AXIS2_PLACEMENT_3D('',#12904,#12905,#12906);
#9105=PRE_DEFINED_MARKER('');
#9106=COLOUR_RGB('',0.87058824300766,0.87058824300766,0.87058824300766);
#9107=DRAUGHTING_PRE_DEFINED_CURVE_FONT('continuous');
#9108=COLOUR_RGB('',0.0,0.0,0.0);
#9109=CARTESIAN_POINT('',(-6.79999999999993,8.26274999999992,0.712750000000118));
#9110=VECTOR('',#12907,0.999999999999999);
#9111=DRAUGHTING_PRE_DEFINED_CURVE_FONT('continuous');
#9112=COLOUR_RGB('',0.0,0.0,0.0);
#9113=CARTESIAN_POINT('',(7.34999999999989,4.37050000000003,-0.449999999999931));
#9114=VECTOR('',#12908,1.0);
#9115=SURFACE_SIDE_STYLE('',(#12909));
#9116=EDGE_LOOP('',(#12910,#12911,#12912,#12913,#12914,#12915));
#9117=AXIS2_PLACEMENT_3D('',#12916,#12917,#12918);
#9118=SURFACE_SIDE_STYLE('',(#12919));
#9119=EDGE_LOOP('',(#12920,#12921,#12922,#12923));
#9120=AXIS2_PLACEMENT_3D('',#12924,#12925,#12926);
#9121=PRE_DEFINED_MARKER('');
#9122=COLOUR_RGB('',0.87058824300766,0.87058824300766,0.87058824300766);
#9123=DRAUGHTING_PRE_DEFINED_CURVE_FONT('continuous');
#9124=COLOUR_RGB('',0.0,0.0,0.0);
#9125=CARTESIAN_POINT('',(7.34999999999989,0.753873053989039,0.833325));
#9126=VECTOR('',#12927,1.0);
#9127=DRAUGHTING_PRE_DEFINED_CURVE_FONT('continuous');
#9128=COLOUR_RGB('',0.87058824300766,0.87058824300766,0.87058824300766);
#9129=CARTESIAN_POINT('',(3.32122065727702,0.753873053988997,-0.16665));
#9130=VECTOR('',#12928,1.0);
#9131=PRE_DEFINED_MARKER('');
#9132=COLOUR_RGB('',0.0,0.0,0.0);
#9133=DRAUGHTING_PRE_DEFINED_CURVE_FONT('continuous');
#9134=COLOUR_RGB('',0.87058824300766,0.87058824300766,0.87058824300766);
#9135=CARTESIAN_POINT('',(4.12999999999966,-2.54999999999999,0.16665));
#9136=VECTOR('',#12929,1.0);
#9137=PRE_DEFINED_MARKER('');
#9138=COLOUR_RGB('',0.0,0.0,0.0);
#9139=DRAUGHTING_PRE_DEFINED_CURVE_FONT('continuous');
#9140=COLOUR_RGB('',0.0,0.0,0.0);
#9141=CARTESIAN_POINT('',(0.820000000000069,7.76274999999997,-0.212749999999948));
#9142=VECTOR('',#12930,0.999999999999999);
#9143=SURFACE_SIDE_STYLE('',(#12931));
#9144=EDGE_LOOP('',(#12932,#12933,#12934,#12935));
#9145=AXIS2_PLACEMENT_3D('',#12936,#12937,#12938);
#9146=PRE_DEFINED_MARKER('');
#9147=COLOUR_RGB('',0.0,0.0,0.0);
#9148=PRE_DEFINED_MARKER('');
#9149=COLOUR_RGB('',0.0,0.0,0.0);
#9150=DRAUGHTING_PRE_DEFINED_CURVE_FONT('continuous');
#9151=COLOUR_RGB('',0.0,0.0,0.0);
#9152=CARTESIAN_POINT('',(-2.81000000000011,0.670499999999941,0.624999999999982));
#9153=VECTOR('',#12939,1.0);
#9154=SURFACE_SIDE_STYLE('',(#12940));
#9155=EDGE_LOOP('',(#12941,#12942,#12943,#12944));
#9156=AXIS2_PLACEMENT_3D('',#12945,#12946,#12947);
#9157=PRE_DEFINED_MARKER('');
#9158=COLOUR_RGB('',0.0,0.0,0.0);
#9159=PRE_DEFINED_MARKER('');
#9160=COLOUR_RGB('',0.87058824300766,0.87058824300766,0.87058824300766);
#9161=DRAUGHTING_PRE_DEFINED_CURVE_FONT('continuous');
#9162=COLOUR_RGB('',0.87058824300766,0.87058824300766,0.87058824300766);
#9163=CARTESIAN_POINT('',(-6.15000000000034,-3.19999999999999,0.16665));
#9164=VECTOR('',#12948,1.0);
#9165=PRE_DEFINED_MARKER('');
#9166=COLOUR_RGB('',0.0,0.0,0.0);
#9167=DRAUGHTING_PRE_DEFINED_CURVE_FONT('continuous');
#9168=COLOUR_RGB('',0.0,0.0,0.0);
#9169=CARTESIAN_POINT('',(5.90000000000007,7.76274999999997,-0.212749999999948));
#9170=VECTOR('',#12949,0.999999999999999);
#9171=DRAUGHTING_PRE_DEFINED_CURVE_FONT('continuous');
#9172=COLOUR_RGB('',0.0,0.0,0.0);
#9173=CARTESIAN_POINT('',(5.40100000000005,8.49999999999997,1.375));
#9174=VECTOR('',#12950,1.0);
#9175=PRE_DEFINED_MARKER('');
#9176=COLOUR_RGB('',0.0,0.0,0.0);
#9177=PRE_DEFINED_MARKER('');
#9178=COLOUR_RGB('',0.0,0.0,0.0);
#9179=DRAUGHTING_PRE_DEFINED_CURVE_FONT('continuous');
#9180=COLOUR_RGB('',0.87058824300766,0.87058824300766,0.87058824300766);
#9181=CARTESIAN_POINT('',(3.32122065727702,0.753873053988883,0.16665));
#9182=VECTOR('',#12951,1.0);
#9183=PRE_DEFINED_MARKER('');
#9184=COLOUR_RGB('',0.0,0.0,0.0);
#9185=DRAUGHTING_PRE_DEFINED_CURVE_FONT('continuous');
#9186=COLOUR_RGB('',0.87058824300766,0.87058824300766,0.87058824300766);
#9187=CARTESIAN_POINT('',(0.781220657277022,0.753873053988997,-0.16665));
#9188=VECTOR('',#12952,1.0);
#9189=SURFACE_SIDE_STYLE('',(#12953));
#9190=EDGE_LOOP('',(#12954,#12955,#12956,#12957));
#9191=AXIS2_PLACEMENT_3D('',#12958,#12959,#12960);
#9192=PRE_DEFINED_MARKER('');
#9193=COLOUR_RGB('',0.0,0.0,0.0);
#9194=DRAUGHTING_PRE_DEFINED_CURVE_FONT('continuous');
#9195=COLOUR_RGB('',0.0,0.0,0.0);
#9196=CARTESIAN_POINT('',(-7.3499999999992,0.670499999999998,0.624999999999982));
#9197=VECTOR('',#12961,1.0);
#9198=SURFACE_SIDE_STYLE('',(#12962));
#9199=EDGE_LOOP('',(#12963,#12964,#12965,#12966,#12967,#12968));
#9200=AXIS2_PLACEMENT_3D('',#12969,#12970,#12971);
#9201=SURFACE_SIDE_STYLE('',(#12972));
#9202=EDGE_LOOP('',(#12973,#12974,#12975,#12976));
#9203=AXIS2_PLACEMENT_3D('',#12977,#12978,#12979);
#9204=SURFACE_SIDE_STYLE('',(#12980));
#9205=EDGE_LOOP('',(#12981,#12982,#12983,#12984));
#9206=AXIS2_PLACEMENT_3D('',#12985,#12986,#12987);
#9207=PRE_DEFINED_MARKER('');
#9208=COLOUR_RGB('',0.87058824300766,0.87058824300766,0.87058824300766);
#9209=PRE_DEFINED_MARKER('');
#9210=COLOUR_RGB('',0.0,0.0,0.0);
#9211=DRAUGHTING_PRE_DEFINED_CURVE_FONT('continuous');
#9212=COLOUR_RGB('',0.0,0.0,0.0);
#9213=CARTESIAN_POINT('',(-2.77,7.64999999999999,0.999999999999886));
#9214=VECTOR('',#12988,1.0);
#9215=SURFACE_SIDE_STYLE('',(#12989));
#9216=EDGE_LOOP('',(#12990,#12991,#12992,#12993));
#9217=AXIS2_PLACEMENT_3D('',#12994,#12995,#12996);
#9218=PRE_DEFINED_MARKER('');
#9219=COLOUR_RGB('',0.87058824300766,0.87058824300766,0.87058824300766);
#9220=DRAUGHTING_PRE_DEFINED_CURVE_FONT('continuous');
#9221=COLOUR_RGB('',0.0,0.0,0.0);
#9222=CARTESIAN_POINT('',(-5.89999999999984,7.82549999999998,-0.449999999999932));
#9223=VECTOR('',#12997,1.0);
#9224=DRAUGHTING_PRE_DEFINED_CURVE_FONT('continuous');
#9225=COLOUR_RGB('',0.0,0.0,0.0);
#9226=CARTESIAN_POINT('',(-7.745,0.0,0.775000000000091));
#9227=VECTOR('',#12998,1.0);
#9228=DRAUGHTING_PRE_DEFINED_CURVE_FONT('continuous');
#9229=COLOUR_RGB('',0.0,0.0,0.0);
#9230=CARTESIAN_POINT('',(-4.8099999999992,1.90282814901086,0.833325));
#9231=VECTOR('',#12999,1.0);
#9232=DRAUGHTING_PRE_DEFINED_CURVE_FONT('continuous');
#9233=COLOUR_RGB('',0.0,0.0,0.0);
#9234=CARTESIAN_POINT('',(4.80999999999989,7.65099999999999,1.5));
#9235=VECTOR('',#13000,1.0);
#9236=SURFACE_SIDE_STYLE('',(#13001));
#9237=EDGE_LOOP('',(#13002,#13003,#13004,#13005));
#9238=AXIS2_PLACEMENT_3D('',#13006,#13007,#13008);
#9239=DRAUGHTING_PRE_DEFINED_CURVE_FONT('continuous');
#9240=COLOUR_RGB('',0.87058824300766,0.87058824300766,0.87058824300766);
#9241=CARTESIAN_POINT('',(-4.13000000000034,0.587206387322199,0.16665));
#9242=VECTOR('',#13009,1.0);
#9243=DRAUGHTING_PRE_DEFINED_CURVE_FONT('continuous');
#9244=COLOUR_RGB('',0.0,0.0,0.0);
#9245=CARTESIAN_POINT('',(-5.35000000000011,0.599999999999994,0.4375));
#9246=VECTOR('',#13010,1.0);
#9247=PRE_DEFINED_MARKER('');
#9248=COLOUR_RGB('',0.87058824300766,0.87058824300766,0.87058824300766);
#9249=DRAUGHTING_PRE_DEFINED_CURVE_FONT('continuous');
#9250=COLOUR_RGB('',0.87058824300766,0.87058824300766,0.87058824300766);
#9251=CARTESIAN_POINT('',(-6.03000000000034,0.58720638732241,0.16665));
#9252=VECTOR('',#13011,1.0);
#9253=DRAUGHTING_PRE_DEFINED_CURVE_FONT('continuous');
#9254=COLOUR_RGB('',0.0,0.0,0.0);
#9255=CARTESIAN_POINT('',(-7.745,0.150000000000006,0.625000000000113));
#9256=VECTOR('',#13012,1.0);
#9257=SURFACE_SIDE_STYLE('',(#13013));
#9258=EDGE_LOOP('',(#13014,#13015,#13016,#13017));
#9259=AXIS2_PLACEMENT_3D('',#13018,#13019,#13020);
#9260=DRAUGHTING_PRE_DEFINED_CURVE_FONT('continuous');
#9261=COLOUR_RGB('',0.87058824300766,0.87058824300766,0.87058824300766);
#9262=CARTESIAN_POINT('',(6.54999999999966,-3.19999999999999,-0.16665));
#9263=VECTOR('',#13021,1.0);
#9264=SURFACE_SIDE_STYLE('',(#13022));
#9265=EDGE_LOOP('',(#13023,#13024,#13025,#13026));
#9266=AXIS2_PLACEMENT_3D('',#13027,#13028,#13029);
#9267=PRE_DEFINED_MARKER('');
#9268=COLOUR_RGB('',0.0,0.0,0.0);
#9269=PRE_DEFINED_MARKER('');
#9270=COLOUR_RGB('',0.0,0.0,0.0);
#9271=DRAUGHTING_PRE_DEFINED_CURVE_FONT('continuous');
#9272=COLOUR_RGB('',0.87058824300766,0.87058824300766,0.87058824300766);
#9273=CARTESIAN_POINT('',(-2.58959917857106,1.90282814901086,0.16665));
#9274=VECTOR('',#13030,1.0);
#9275=SURFACE_SIDE_STYLE('',(#13031));
#9276=EDGE_LOOP('',(#13032,#13033,#13034,#13035,#13036,#13037));
#9277=AXIS2_PLACEMENT_3D('',#13038,#13039,#13040);
#9278=DRAUGHTING_PRE_DEFINED_CURVE_FONT('continuous');
#9279=COLOUR_RGB('',0.0,0.0,0.0);
#9280=CARTESIAN_POINT('',(3.36000000000007,7.65099999999999,1.5));
#9281=VECTOR('',#13041,1.0);
#9282=DRAUGHTING_PRE_DEFINED_CURVE_FONT('continuous');
#9283=COLOUR_RGB('',0.0,0.0,0.0);
#9284=CARTESIAN_POINT('',(-4.25999999999993,7.82549999999997,0.450000000000159));
#9285=VECTOR('',#13042,1.0);
#9286=SURFACE_SIDE_STYLE('',(#13043));
#9287=EDGE_LOOP('',(#13044,#13045,#13046,#13047));
#9288=AXIS2_PLACEMENT_3D('',#13048,#13049,#13050);
#9289=DRAUGHTING_PRE_DEFINED_CURVE_FONT('continuous');
#9290=COLOUR_RGB('',0.0,0.0,0.0);
#9291=CARTESIAN_POINT('',(-5.65,7.65099999999999,0.75));
#9292=VECTOR('',#13051,1.0);
#9293=PRE_DEFINED_MARKER('');
#9294=COLOUR_RGB('',0.0,0.0,0.0);
#9295=SURFACE_SIDE_STYLE('',(#13052));
#9296=EDGE_LOOP('',(#13053,#13054,#13055,#13056));
#9297=AXIS2_PLACEMENT_3D('',#13057,#13058,#13059);
#9298=PRE_DEFINED_MARKER('');
#9299=COLOUR_RGB('',0.0,0.0,0.0);
#9300=DRAUGHTING_PRE_DEFINED_CURVE_FONT('continuous');
#9301=COLOUR_RGB('',0.87058824300766,0.87058824300766,0.87058824300766);
#9302=CARTESIAN_POINT('',(0.781220657277022,0.753873053988997,0.16665));
#9303=VECTOR('',#13060,1.0);
#9304=DRAUGHTING_PRE_DEFINED_CURVE_FONT('continuous');
#9305=COLOUR_RGB('',0.87058824300766,0.87058824300766,0.87058824300766);
#9306=CARTESIAN_POINT('',(-4.01000000000034,-3.19999999999999,-0.16665));
#9307=VECTOR('',#13061,0.999999999999999);
#9308=DRAUGHTING_PRE_DEFINED_CURVE_FONT('continuous');
#9309=COLOUR_RGB('',0.0,0.0,0.0);
#9310=CARTESIAN_POINT('',(-5.35000000000011,0.30221311391666,0.16665));
#9311=VECTOR('',#13062,1.0);
#9312=DRAUGHTING_PRE_DEFINED_CURVE_FONT('continuous');
#9313=COLOUR_RGB('',0.0,0.0,0.0);
#9314=CARTESIAN_POINT('',(2.8100000000008,0.445500000000164,-0.625));
#9315=VECTOR('',#13063,1.0);
#9316=DRAUGHTING_PRE_DEFINED_CURVE_FONT('continuous');
#9317=COLOUR_RGB('',0.0,0.0,0.0);
#9318=AXIS2_PLACEMENT_3D('',#13064,#13065,#13066);
#9319=PRE_DEFINED_MARKER('');
#9320=COLOUR_RGB('',0.0,0.0,0.0);
#9321=PRE_DEFINED_MARKER('');
#9322=COLOUR_RGB('',0.87058824300766,0.87058824300766,0.87058824300766);
#9323=DRAUGHTING_PRE_DEFINED_CURVE_FONT('continuous');
#9324=COLOUR_RGB('',0.0,0.0,0.0);
#9325=CARTESIAN_POINT('',(2.83500000000003,7.65099999999999,0.450000000000159));
#9326=VECTOR('',#13067,1.0);
#9327=DRAUGHTING_PRE_DEFINED_CURVE_FONT('continuous');
#9328=COLOUR_RGB('',0.0,0.0,0.0);
#9329=AXIS2_PLACEMENT_3D('',#13068,#13069,#13070);
#9330=DRAUGHTING_PRE_DEFINED_CURVE_FONT('continuous');
#9331=COLOUR_RGB('',0.0,0.0,0.0);
#9332=CARTESIAN_POINT('',(-3.9875,0.0,-0.999999999999204));
#9333=VECTOR('',#13071,1.0);
#9334=DRAUGHTING_PRE_DEFINED_CURVE_FONT('continuous');
#9335=COLOUR_RGB('',1.0,0.0,0.0);
#9336=CARTESIAN_POINT('',(-6.03,7.68,0.32));
#9337=VECTOR('',#13072,1.0);
#9338=DRAUGHTING_PRE_DEFINED_CURVE_FONT('continuous');
#9339=COLOUR_RGB('',0.0,0.0,0.0);
#9340=AXIS2_PLACEMENT_3D('',#13073,#13074,#13075);
#9341=DRAUGHTING_PRE_DEFINED_CURVE_FONT('continuous');
#9342=COLOUR_RGB('',0.0,0.0,0.0);
#9343=CARTESIAN_POINT('',(-7.745,8.49999999999997,1.25));
#9344=VECTOR('',#13076,1.0);
#9345=DRAUGHTING_PRE_DEFINED_CURVE_FONT('continuous');
#9346=COLOUR_RGB('',0.0,0.0,0.0);
#9347=CARTESIAN_POINT('',(0.270000000000796,7.64999999999999,1.24999999999994));
#9348=VECTOR('',#13077,1.0);
#9349=DRAUGHTING_PRE_DEFINED_CURVE_FONT('continuous');
#9350=COLOUR_RGB('',0.87058824300766,0.87058824300766,0.87058824300766);
#9351=AXIS2_PLACEMENT_3D('',#13078,#13079,#13080);
#9352=SURFACE_SIDE_STYLE('',(#13081));
#9353=EDGE_LOOP('',(#13082,#13083,#13084,#13085));
#9354=AXIS2_PLACEMENT_3D('',#13086,#13087,#13088);
#9355=SURFACE_SIDE_STYLE('',(#13089));
#9356=EDGE_LOOP('',(#13090,#13091,#13092,#13093,#13094,#13095));
#9357=AXIS2_PLACEMENT_3D('',#13096,#13097,#13098);
#9358=PRE_DEFINED_MARKER('');
#9359=COLOUR_RGB('',0.87058824300766,0.87058824300766,0.87058824300766);
#9360=SURFACE_SIDE_STYLE('',(#13099));
#9361=EDGE_LOOP('',(#13100,#13101,#13102,#13103,#13104,#13105,#13106,#13107));
#9362=AXIS2_PLACEMENT_3D('',#13108,#13109,#13110);
#9363=PRE_DEFINED_MARKER('');
#9364=COLOUR_RGB('',0.0,0.0,0.0);
#9365=PRE_DEFINED_MARKER('');
#9366=COLOUR_RGB('',0.0,0.0,0.0);
#9367=PRE_DEFINED_MARKER('');
#9368=COLOUR_RGB('',0.0,0.0,0.0);
#9369=SURFACE_SIDE_STYLE('',(#13111));
#9370=EDGE_LOOP('',(#13112,#13113,#13114,#13115));
#9371=AXIS2_PLACEMENT_3D('',#13116,#13117,#13118);
#9372=SURFACE_SIDE_STYLE('',(#13119));
#9373=EDGE_LOOP('',(#13120,#13121,#13122,#13123));
#9374=AXIS2_PLACEMENT_3D('',#13124,#13125,#13126);
#9375=PRE_DEFINED_MARKER('');
#9376=COLOUR_RGB('',0.0,0.0,0.0);
#9377=DRAUGHTING_PRE_DEFINED_CURVE_FONT('continuous');
#9378=COLOUR_RGB('',0.0,0.0,0.0);
#9379=CARTESIAN_POINT('',(-0.819999999999841,8.17524999999993,0.625250000000128));
#9380=VECTOR('',#13127,0.999999999999999);
#9381=PRE_DEFINED_MARKER('');
#9382=COLOUR_RGB('',0.0,0.0,0.0);
#9383=DRAUGHTING_PRE_DEFINED_CURVE_FONT('continuous');
#9384=COLOUR_RGB('',0.87058824300766,0.87058824300766,0.87058824300766);
#9385=CARTESIAN_POINT('',(-6.83877934272298,0.753873053988883,0.16665));
#9386=VECTOR('',#13128,1.0);
#9387=DRAUGHTING_PRE_DEFINED_CURVE_FONT('continuous');
#9388=COLOUR_RGB('',0.0,0.0,0.0);
#9389=CARTESIAN_POINT('',(-4.8099999999992,7.64999999999999,1.24999999999994));
#9390=VECTOR('',#13129,1.0);
#9391=PRE_DEFINED_MARKER('');
#9392=COLOUR_RGB('',0.0,0.0,0.0);
#9393=PRE_DEFINED_MARKER('');
#9394=COLOUR_RGB('',0.0,0.0,0.0);
#9395=DRAUGHTING_PRE_DEFINED_CURVE_FONT('continuous');
#9396=COLOUR_RGB('',0.0,0.0,0.0);
#9397=CARTESIAN_POINT('',(4.80999999999989,7.64999999999999,0.525000000000035));
#9398=VECTOR('',#13130,1.0);
#9399=SURFACE_SIDE_STYLE('',(#13131));
#9400=EDGE_LOOP('',(#13132,#13133,#13134,#13135,#13136,#13137));
#9401=AXIS2_PLACEMENT_3D('',#13138,#13139,#13140);
#9402=DRAUGHTING_PRE_DEFINED_CURVE_FONT('continuous');
#9403=COLOUR_RGB('',0.87058824300766,0.87058824300766,0.87058824300766);
#9404=CARTESIAN_POINT('',(3.32122065727702,0.753873053988997,0.16665));
#9405=VECTOR('',#13141,1.0);
#9406=DRAUGHTING_PRE_DEFINED_CURVE_FONT('continuous');
#9407=COLOUR_RGB('',0.0,0.0,0.0);
#9408=AXIS2_PLACEMENT_3D('',#13142,#13143,#13144);
#9409=DRAUGHTING_PRE_DEFINED_CURVE_FONT('continuous');
#9410=COLOUR_RGB('',0.0,0.0,0.0);
#9411=CARTESIAN_POINT('',(-0.270000000000114,0.740500000000165,-0.999999999999204));
#9412=VECTOR('',#13145,1.0);
#9413=PRE_DEFINED_MARKER('');
#9414=COLOUR_RGB('',0.0,0.0,0.0);
#9415=PRE_DEFINED_MARKER('');
#9416=COLOUR_RGB('',0.87058824300766,0.87058824300766,0.87058824300766);
#9417=SURFACE_SIDE_STYLE('',(#13146));
#9418=EDGE_LOOP('',(#13147,#13148,#13149,#13150));
#9419=EDGE_LOOP('',(#13151,#13152,#13153,#13154));
#9420=AXIS2_PLACEMENT_3D('',#13155,#13156,#13157);
#9421=PRE_DEFINED_MARKER('');
#9422=COLOUR_RGB('',0.0,0.0,0.0);
#9423=DRAUGHTING_PRE_DEFINED_CURVE_FONT('continuous');
#9424=COLOUR_RGB('',0.0,0.0,0.0);
#9425=CARTESIAN_POINT('',(-0.229999999999999,7.64999999999999,-1.00000000000011));
#9426=VECTOR('',#13158,1.0);
#9427=PRE_DEFINED_MARKER('');
#9428=COLOUR_RGB('',0.87058824300766,0.87058824300766,0.87058824300766);
#9429=PRE_DEFINED_MARKER('');
#9430=COLOUR_RGB('',0.0,0.0,0.0);
#9431=DRAUGHTING_PRE_DEFINED_CURVE_FONT('continuous');
#9432=COLOUR_RGB('',0.0,0.0,0.0);
#9433=CARTESIAN_POINT('',(-1.52000000000006,7.65099999999999,0.450000000000159));
#9434=VECTOR('',#13159,1.0);
#9435=DRAUGHTING_PRE_DEFINED_CURVE_FONT('continuous');
#9436=COLOUR_RGB('',0.87058824300766,0.87058824300766,0.87058824300766);
#9437=CARTESIAN_POINT('',(-0.0495991785710617,1.90282814901086,-0.16665));
#9438=VECTOR('',#13160,1.0);
#9439=DRAUGHTING_PRE_DEFINED_CURVE_FONT('continuous');
#9440=COLOUR_RGB('',0.0,0.0,0.0);
#9441=CARTESIAN_POINT('',(3.36000000000007,7.76274999999997,-0.212749999999948));
#9442=VECTOR('',#13161,0.999999999999999);
#9443=DRAUGHTING_PRE_DEFINED_CURVE_FONT('continuous');
#9444=COLOUR_RGB('',0.0,0.0,0.0);
#9445=CARTESIAN_POINT('',(-5.40099999999983,8.49999999999997,1.375));
#9446=VECTOR('',#13162,1.0);
#9447=DRAUGHTING_PRE_DEFINED_CURVE_FONT('continuous');
#9448=COLOUR_RGB('',0.87058824300766,0.87058824300766,0.87058824300766);
#9449=CARTESIAN_POINT('',(-6.67000000000034,-2.54999999999999,0.16665));
#9450=VECTOR('',#13163,1.0);
#9451=PRE_DEFINED_MARKER('');
#9452=COLOUR_RGB('',0.87058824300766,0.87058824300766,0.87058824300766);
#9453=DRAUGHTING_PRE_DEFINED_CURVE_FONT('continuous');
#9454=COLOUR_RGB('',0.0,0.0,0.0);
#9455=CARTESIAN_POINT('',(-7.745,0.150000000000006,0.625000000000113));
#9456=VECTOR('',#13164,1.0);
#9457=PRE_DEFINED_MARKER('');
#9458=COLOUR_RGB('',0.0,0.0,0.0);
#9459=SURFACE_SIDE_STYLE('',(#13165));
#9460=EDGE_LOOP('',(#13166,#13167,#13168,#13169));
#9461=AXIS2_PLACEMENT_3D('',#13170,#13171,#13172);
#9462=SURFACE_SIDE_STYLE('',(#13173));
#9463=EDGE_LOOP('',(#13174,#13175,#13176,#13177));
#9464=AXIS2_PLACEMENT_3D('',#13178,#13179,#13180);
#9465=DRAUGHTING_PRE_DEFINED_CURVE_FONT('continuous');
#9466=COLOUR_RGB('',0.0,0.0,0.0);
#9467=CARTESIAN_POINT('',(-3.35999999999984,7.65049999999999,0.450000000000159));
#9468=VECTOR('',#13181,1.0);
#9469=DRAUGHTING_PRE_DEFINED_CURVE_FONT('continuous');
#9470=COLOUR_RGB('',0.0,0.0,0.0);
#9471=CARTESIAN_POINT('',(-5.35000000000011,4.19550000000005,0.450000000000159));
#9472=VECTOR('',#13182,1.0);
#9473=DRAUGHTING_PRE_DEFINED_CURVE_FONT('continuous');
#9474=COLOUR_RGB('',0.0,0.0,0.0);
#9475=CARTESIAN_POINT('',(-3.35999999999984,8.17524999999993,0.625250000000128));
#9476=VECTOR('',#13183,0.999999999999999);
#9477=PRE_DEFINED_MARKER('');
#9478=COLOUR_RGB('',0.0,0.0,0.0);
#9479=PRE_DEFINED_MARKER('');
#9480=COLOUR_RGB('',0.0,0.0,0.0);
#9481=PRE_DEFINED_MARKER('');
#9482=COLOUR_RGB('',0.87058824300766,0.87058824300766,0.87058824300766);
#9483=PRE_DEFINED_MARKER('');
#9484=COLOUR_RGB('',0.0,0.0,0.0);
#9485=DRAUGHTING_PRE_DEFINED_CURVE_FONT('continuous');
#9486=COLOUR_RGB('',0.0,0.0,0.0);
#9487=CARTESIAN_POINT('',(-7.745,0.599999999999994,0.625));
#9488=VECTOR('',#13184,1.0);
#9489=DRAUGHTING_PRE_DEFINED_CURVE_FONT('continuous');
#9490=COLOUR_RGB('',0.0,0.0,0.0);
#9491=CARTESIAN_POINT('',(-2.27000000000011,7.65099999999999,1.5));
#9492=VECTOR('',#13185,1.0);
#9493=DRAUGHTING_PRE_DEFINED_CURVE_FONT('continuous');
#9494=COLOUR_RGB('',0.0,0.0,0.0);
#9495=CARTESIAN_POINT('',(-4.8099999999992,0.670499999999998,0.624999999999982));
#9496=VECTOR('',#13186,1.0);
#9497=SURFACE_SIDE_STYLE('',(#13187));
#9498=EDGE_LOOP('',(#13188,#13189,#13190,#13191));
#9499=AXIS2_PLACEMENT_3D('',#13192,#13193,#13194);
#9500=DRAUGHTING_PRE_DEFINED_CURVE_FONT('continuous');
#9501=COLOUR_RGB('',0.0,0.0,0.0);
#9502=CARTESIAN_POINT('',(-2.2699999999992,0.740500000000165,0.999999999999886));
#9503=VECTOR('',#13195,1.0);
#9504=DRAUGHTING_PRE_DEFINED_CURVE_FONT('continuous');
#9505=COLOUR_RGB('',0.0,0.0,0.0);
#9506=CARTESIAN_POINT('',(-7.745,0.150000000000006,0.625000000000113));
#9507=VECTOR('',#13196,1.0);
#9508=DRAUGHTING_PRE_DEFINED_CURVE_FONT('continuous');
#9509=COLOUR_RGB('',0.0,0.0,0.0);
#9510=CARTESIAN_POINT('',(-2.2699999999992,4.19550000000011,0.450000000000159));
#9511=VECTOR('',#13197,1.0);
#9512=DRAUGHTING_PRE_DEFINED_CURVE_FONT('continuous');
#9513=COLOUR_RGB('',0.0,0.0,0.0);
#9514=AXIS2_PLACEMENT_3D('',#13198,#13199,#13200);
#9515=SURFACE_SIDE_STYLE('',(#13201));
#9516=EDGE_LOOP('',(#13202,#13203,#13204,#13205));
#9517=AXIS2_PLACEMENT_3D('',#13206,#13207,#13208);
#9518=DRAUGHTING_PRE_DEFINED_CURVE_FONT('continuous');
#9519=COLOUR_RGB('',0.87058824300766,0.87058824300766,0.87058824300766);
#9520=CARTESIAN_POINT('',(-3.49000000000034,-2.54999999999999,0.16665));
#9521=VECTOR('',#13209,1.0);
#9522=DRAUGHTING_PRE_DEFINED_CURVE_FONT('continuous');
#9523=COLOUR_RGB('',0.87058824300766,0.87058824300766,0.87058824300766);
#9524=CARTESIAN_POINT('',(5.86122065727702,0.753873053988997,-0.16665));
#9525=VECTOR('',#13210,1.0);
#9526=PRE_DEFINED_MARKER('');
#9527=COLOUR_RGB('',0.0,0.0,0.0);
#9528=SURFACE_SIDE_STYLE('',(#13211));
#9529=EDGE_LOOP('',(#13212,#13213,#13214,#13215));
#9530=AXIS2_PLACEMENT_3D('',#13216,#13217,#13218);
#9531=DRAUGHTING_PRE_DEFINED_CURVE_FONT('continuous');
#9532=COLOUR_RGB('',0.87058824300766,0.87058824300766,0.87058824300766);
#9533=CARTESIAN_POINT('',(-5.86122065727702,0.753873053989039,-0.16665));
#9534=VECTOR('',#13219,1.0);
#9535=PRE_DEFINED_MARKER('');
#9536=COLOUR_RGB('',0.0,0.0,0.0);
#9537=PRE_DEFINED_MARKER('');
#9538=COLOUR_RGB('',0.87058824300766,0.87058824300766,0.87058824300766);
#9539=DRAUGHTING_PRE_DEFINED_CURVE_FONT('continuous');
#9540=COLOUR_RGB('',0.0,0.0,0.0);
#9541=AXIS2_PLACEMENT_3D('',#13220,#13221,#13222);
#9542=DRAUGHTING_PRE_DEFINED_CURVE_FONT('continuous');
#9543=COLOUR_RGB('',0.0,0.0,0.0);
#9544=AXIS2_PLACEMENT_3D('',#13223,#13224,#13225);
#9545=PRE_DEFINED_MARKER('');
#9546=COLOUR_RGB('',0.0,0.0,0.0);
#9547=DRAUGHTING_PRE_DEFINED_CURVE_FONT('continuous');
#9548=COLOUR_RGB('',0.0,0.0,0.0);
#9549=CARTESIAN_POINT('',(2.31,7.64999999999999,-0.449999999999932));
#9550=VECTOR('',#13226,1.0);
#9551=PRE_DEFINED_MARKER('');
#9552=COLOUR_RGB('',0.0,0.0,0.0);
#9553=DRAUGHTING_PRE_DEFINED_CURVE_FONT('continuous');
#9554=COLOUR_RGB('',0.0,0.0,0.0);
#9555=CARTESIAN_POINT('',(5.38383333333341,8.51716666666661,0.96716666666681));
#9556=VECTOR('',#13227,1.0);
#9557=DRAUGHTING_PRE_DEFINED_CURVE_FONT('continuous');
#9558=COLOUR_RGB('',0.87058824300766,0.87058824300766,0.87058824300766);
#9559=CARTESIAN_POINT('',(5.03040082142894,1.90282814901086,0.16665));
#9560=VECTOR('',#13228,1.0);
#9561=PRE_DEFINED_MARKER('');
#9562=COLOUR_RGB('',0.0,0.0,0.0);
#9563=PRE_DEFINED_MARKER('');
#9564=COLOUR_RGB('',0.0,0.0,0.0);
#9565=PRE_DEFINED_MARKER('');
#9566=COLOUR_RGB('',0.0,0.0,0.0);
#9567=SURFACE_SIDE_STYLE('',(#13229));
#9568=EDGE_LOOP('',(#13230,#13231,#13232,#13233));
#9569=AXIS2_PLACEMENT_3D('',#13234,#13235,#13236);
#9570=PRE_DEFINED_MARKER('');
#9571=COLOUR_RGB('',0.0,0.0,0.0);
#9572=DRAUGHTING_PRE_DEFINED_CURVE_FONT('continuous');
#9573=COLOUR_RGB('',0.0,0.0,0.0);
#9574=CARTESIAN_POINT('',(0.295000000000035,7.65099999999999,-0.449999999999932));
#9575=VECTOR('',#13237,1.0);
#9576=SURFACE_SIDE_STYLE('',(#13238));
#9577=EDGE_LOOP('',(#13239,#13240,#13241,#13242));
#9578=AXIS2_PLACEMENT_3D('',#13243,#13244,#13245);
#9579=PRE_DEFINED_MARKER('');
#9580=COLOUR_RGB('',0.0,0.0,0.0);
#9581=PRE_DEFINED_MARKER('');
#9582=COLOUR_RGB('',0.0,0.0,0.0);
#9583=DRAUGHTING_PRE_DEFINED_CURVE_FONT('continuous');
#9584=COLOUR_RGB('',0.0,0.0,0.0);
#9585=CARTESIAN_POINT('',(-7.745,0.599999999999994,0.625));
#9586=VECTOR('',#13246,1.0);
#9587=DRAUGHTING_PRE_DEFINED_CURVE_FONT('continuous');
#9588=COLOUR_RGB('',0.87058824300766,0.87058824300766,0.87058824300766);
#9589=CARTESIAN_POINT('',(7.57040082142894,1.90282814901086,0.166650000000001));
#9590=VECTOR('',#13247,1.0);
#9591=PRE_DEFINED_MARKER('');
#9592=COLOUR_RGB('',0.0,0.0,0.0);
#9593=DRAUGHTING_PRE_DEFINED_CURVE_FONT('continuous');
#9594=COLOUR_RGB('',0.0,0.0,0.0);
#9595=CARTESIAN_POINT('',(1.23616666666681,7.51716666666661,0.0328333333334181));
#9596=VECTOR('',#13248,1.0);
#9597=DRAUGHTING_PRE_DEFINED_CURVE_FONT('continuous');
#9598=COLOUR_RGB('',0.0,0.0,0.0);
#9599=CARTESIAN_POINT('',(3.36000000000007,7.82549999999997,0.450000000000159));
#9600=VECTOR('',#13249,1.0);
#9601=DRAUGHTING_PRE_DEFINED_CURVE_FONT('continuous');
#9602=COLOUR_RGB('',0.87058824300766,0.87058824300766,0.87058824300766);
#9603=CARTESIAN_POINT('',(-0.950000000000341,-2.54999999999999,-0.16665));
#9604=VECTOR('',#13250,1.0);
#9605=DRAUGHTING_PRE_DEFINED_CURVE_FONT('continuous');
#9606=COLOUR_RGB('',0.0,0.0,0.0);
#9607=CARTESIAN_POINT('',(-4.8099999999992,0.302213113916717,-0.16665));
#9608=VECTOR('',#13251,1.0);
#9609=DRAUGHTING_PRE_DEFINED_CURVE_FONT('continuous');
#9610=COLOUR_RGB('',0.0,0.0,0.0);
#9611=CARTESIAN_POINT('',(-4.8099999999992,4.37050000000009,-0.449999999999932));
#9612=VECTOR('',#13252,1.0);
#9613=DRAUGHTING_PRE_DEFINED_CURVE_FONT('continuous');
#9614=COLOUR_RGB('',0.0,0.0,0.0);
#9615=CARTESIAN_POINT('',(5.35000000000079,0.302213113916717,-0.16665));
#9616=VECTOR('',#13253,1.0);
#9617=SURFACE_SIDE_STYLE('',(#13254));
#9618=EDGE_LOOP('',(#13255,#13256,#13257,#13258,#13259,#13260));
#9619=AXIS2_PLACEMENT_3D('',#13261,#13262,#13263);
#9620=PRE_DEFINED_MARKER('');
#9621=COLOUR_RGB('',0.0,0.0,0.0);
#9622=SURFACE_SIDE_STYLE('',(#13264));
#9623=EDGE_LOOP('',(#13265,#13266,#13267,#13268));
#9624=AXIS2_PLACEMENT_3D('',#13269,#13270,#13271);
#9625=SURFACE_SIDE_STYLE('',(#13272));
#9626=EDGE_LOOP('',(#13273,#13274,#13275,#13276,#13277,#13278));
#9627=AXIS2_PLACEMENT_3D('',#13279,#13280,#13281);
#9628=DRAUGHTING_PRE_DEFINED_CURVE_FONT('continuous');
#9629=COLOUR_RGB('',0.87058824300766,0.87058824300766,0.87058824300766);
#9630=CARTESIAN_POINT('',(-1.75877934272298,0.753873053988997,0.16665));
#9631=VECTOR('',#13282,1.0);
#9632=PRE_DEFINED_MARKER('');
#9633=COLOUR_RGB('',0.0,0.0,0.0);
#9634=PRE_DEFINED_MARKER('');
#9635=COLOUR_RGB('',0.0,0.0,0.0);
#9636=PRE_DEFINED_MARKER('');
#9637=COLOUR_RGB('',0.87058824300766,0.87058824300766,0.87058824300766);
#9638=DRAUGHTING_PRE_DEFINED_CURVE_FONT('continuous');
#9639=COLOUR_RGB('',0.0,0.0,0.0);
#9640=CARTESIAN_POINT('',(-5.35000000000011,0.740500000000165,-0.999999999999205));
#9641=VECTOR('',#13283,1.0);
#9642=DRAUGHTING_PRE_DEFINED_CURVE_FONT('continuous');
#9643=COLOUR_RGB('',0.0,0.0,0.0);
#9644=CARTESIAN_POINT('',(-5.2575,0.0,0.999999999999886));
#9645=VECTOR('',#13284,1.0);
#9646=PRE_DEFINED_MARKER('');
#9647=COLOUR_RGB('',0.0,0.0,0.0);
#9648=DRAUGHTING_PRE_DEFINED_CURVE_FONT('continuous');
#9649=COLOUR_RGB('',0.0,0.0,0.0);
#9650=AXIS2_PLACEMENT_3D('',#13285,#13286,#13287);
#9651=DRAUGHTING_PRE_DEFINED_CURVE_FONT('continuous');
#9652=COLOUR_RGB('',0.0,0.0,0.0);
#9653=CARTESIAN_POINT('',(-2.77,7.99999999999996,-0.449999999999932));
#9654=VECTOR('',#13288,1.0);
#9655=DRAUGHTING_PRE_DEFINED_CURVE_FONT('continuous');
#9656=COLOUR_RGB('',0.87058824300766,0.87058824300766,0.87058824300766);
#9657=CARTESIAN_POINT('',(4.29877934272298,0.753873053989039,-0.16665));
#9658=VECTOR('',#13289,1.0);
#9659=DRAUGHTING_PRE_DEFINED_CURVE_FONT('continuous');
#9660=COLOUR_RGB('',0.0,0.0,0.0);
#9661=CARTESIAN_POINT('',(-7.745,0.599999999999994,-0.625));
#9662=VECTOR('',#13290,1.0);
#9663=PRE_DEFINED_MARKER('');
#9664=COLOUR_RGB('',0.0,0.0,0.0);
#9665=SURFACE_SIDE_STYLE('',(#13291));
#9666=EDGE_LOOP('',(#13292,#13293,#13294,#13295));
#9667=AXIS2_PLACEMENT_3D('',#13296,#13297,#13298);
#9668=DRAUGHTING_PRE_DEFINED_CURVE_FONT('continuous');
#9669=COLOUR_RGB('',0.87058824300766,0.87058824300766,0.87058824300766);
#9670=CARTESIAN_POINT('',(-0.781220657277022,0.753873053989039,-0.16665));
#9671=VECTOR('',#13299,1.0);
#9672=DRAUGHTING_PRE_DEFINED_CURVE_FONT('continuous');
#9673=COLOUR_RGB('',0.0,0.0,0.0);
#9674=AXIS2_PLACEMENT_3D('',#13300,#13301,#13302);
#9675=PRE_DEFINED_MARKER('');
#9676=COLOUR_RGB('',0.87058824300766,0.87058824300766,0.87058824300766);
#9677=DRAUGHTING_PRE_DEFINED_CURVE_FONT('continuous');
#9678=COLOUR_RGB('',0.0,0.0,0.0);
#9679=CARTESIAN_POINT('',(7.745,0.599999999999994,0.625));
#9680=VECTOR('',#13303,1.0);
#9681=DRAUGHTING_PRE_DEFINED_CURVE_FONT('continuous');
#9682=COLOUR_RGB('',0.0,0.0,0.0);
#9683=CARTESIAN_POINT('',(-0.819999999999841,7.67524999999998,-0.125249999999958));
#9684=VECTOR('',#13304,0.999999999999999);
#9685=PRE_DEFINED_MARKER('');
#9686=COLOUR_RGB('',0.87058824300766,0.87058824300766,0.87058824300766);
#9687=PRE_DEFINED_MARKER('');
#9688=COLOUR_RGB('',0.87058824300766,0.87058824300766,0.87058824300766);
#9689=DRAUGHTING_PRE_DEFINED_CURVE_FONT('continuous');
#9690=COLOUR_RGB('',0.87058824300766,0.87058824300766,0.87058824300766);
#9691=AXIS2_PLACEMENT_3D('',#13305,#13306,#13307);
#9692=PRE_DEFINED_MARKER('');
#9693=COLOUR_RGB('',0.87058824300766,0.87058824300766,0.87058824300766);
#9694=PRE_DEFINED_MARKER('');
#9695=COLOUR_RGB('',0.0,0.0,0.0);
#9696=DRAUGHTING_PRE_DEFINED_CURVE_FONT('continuous');
#9697=COLOUR_RGB('',0.0,0.0,0.0);
#9698=CARTESIAN_POINT('',(-7.3499999999992,7.64999999999999,1.24999999999994));
#9699=VECTOR('',#13308,1.0);
#9700=PRE_DEFINED_MARKER('');
#9701=COLOUR_RGB('',0.87058824300766,0.87058824300766,0.87058824300766);
#9702=DRAUGHTING_PRE_DEFINED_CURVE_FONT('continuous');
#9703=COLOUR_RGB('',0.87058824300766,0.87058824300766,0.87058824300766);
#9704=CARTESIAN_POINT('',(-6.83877934272298,0.753873053988997,-0.16665));
#9705=VECTOR('',#13309,1.0);
#9706=DRAUGHTING_PRE_DEFINED_CURVE_FONT('continuous');
#9707=COLOUR_RGB('',0.0,0.0,0.0);
#9708=CARTESIAN_POINT('',(2.21900000000017,8.49999999999997,1.375));
#9709=VECTOR('',#13310,1.0);
#9710=DRAUGHTING_PRE_DEFINED_CURVE_FONT('continuous');
#9711=COLOUR_RGB('',0.0,0.0,0.0);
#9712=CARTESIAN_POINT('',(-2.2699999999992,4.37050000000009,-0.449999999999932));
#9713=VECTOR('',#13311,1.0);
#9714=DRAUGHTING_PRE_DEFINED_CURVE_FONT('continuous');
#9715=COLOUR_RGB('',0.0,0.0,0.0);
#9716=CARTESIAN_POINT('',(-7.85,7.99999999999996,0.450000000000159));
#9717=VECTOR('',#13312,1.0);
#9718=DRAUGHTING_PRE_DEFINED_CURVE_FONT('continuous');
#9719=COLOUR_RGB('',0.0,0.0,0.0);
#9720=CARTESIAN_POINT('',(-7.745,0.150000000000105,-0.625));
#9721=VECTOR('',#13313,1.0);
#9722=PRE_DEFINED_MARKER('');
#9723=COLOUR_RGB('',0.87058824300766,0.87058824300766,0.87058824300766);
#9724=DRAUGHTING_PRE_DEFINED_CURVE_FONT('continuous');
#9725=COLOUR_RGB('',0.0,0.0,0.0);
#9726=CARTESIAN_POINT('',(-7.745,0.0,0.775000000000091));
#9727=VECTOR('',#13314,1.0);
#9728=PRE_DEFINED_MARKER('');
#9729=COLOUR_RGB('',0.87058824300766,0.87058824300766,0.87058824300766);
#9730=SURFACE_SIDE_STYLE('',(#13315));
#9731=EDGE_LOOP('',(#13316,#13317,#13318,#13319));
#9732=AXIS2_PLACEMENT_3D('',#13320,#13321,#13322);
#9733=DRAUGHTING_PRE_DEFINED_CURVE_FONT('continuous');
#9734=COLOUR_RGB('',0.0,0.0,0.0);
#9735=AXIS2_PLACEMENT_3D('',#13323,#13324,#13325);
#9736=DRAUGHTING_PRE_DEFINED_CURVE_FONT('continuous');
#9737=COLOUR_RGB('',0.0,0.0,0.0);
#9738=CARTESIAN_POINT('',(-7.745,0.599999999999994,0.625));
#9739=VECTOR('',#13326,1.0);
#9740=DRAUGHTING_PRE_DEFINED_CURVE_FONT('continuous');
#9741=COLOUR_RGB('',0.0,0.0,0.0);
#9742=CARTESIAN_POINT('',(4.80999999999989,0.30221311391666,-0.16665));
#9743=VECTOR('',#13327,1.0);
#9744=PRE_DEFINED_MARKER('');
#9745=COLOUR_RGB('',0.0,0.0,0.0);
#9746=DRAUGHTING_PRE_DEFINED_CURVE_FONT('continuous');
#9747=COLOUR_RGB('',0.0,0.0,0.0);
#9748=CARTESIAN_POINT('',(5.35000000000079,0.302213113916717,0.16665));
#9749=VECTOR('',#13328,1.0);
#9750=DRAUGHTING_PRE_DEFINED_CURVE_FONT('continuous');
#9751=COLOUR_RGB('',0.0,0.0,0.0);
#9752=CARTESIAN_POINT('',(-7.1,7.64999999999999,-0.7));
#9753=VECTOR('',#13329,1.0);
#9754=PRE_DEFINED_MARKER('');
#9755=COLOUR_RGB('',1.0,0.0,0.0);
#9756=DRAUGHTING_PRE_DEFINED_CURVE_FONT('continuous');
#9757=COLOUR_RGB('',0.0,0.0,0.0);
#9758=CARTESIAN_POINT('',(-7.85,7.64999999999999,-0.449999999999932));
#9759=VECTOR('',#13330,1.0);
#9760=PRE_DEFINED_MARKER('');
#9761=COLOUR_RGB('',0.0,0.0,0.0);
#9762=DRAUGHTING_PRE_DEFINED_CURVE_FONT('continuous');
#9763=COLOUR_RGB('',0.0,0.0,0.0);
#9764=CARTESIAN_POINT('',(-7.745,0.0,-0.775000000000091));
#9765=VECTOR('',#13331,1.0);
#9766=DRAUGHTING_PRE_DEFINED_CURVE_FONT('continuous');
#9767=COLOUR_RGB('',0.87058824300766,0.87058824300766,0.87058824300766);
#9768=CARTESIAN_POINT('',(1.46999999999966,-3.19999999999999,-0.16665));
#9769=VECTOR('',#13332,1.0);
#9770=DRAUGHTING_PRE_DEFINED_CURVE_FONT('continuous');
#9771=COLOUR_RGB('',0.0,0.0,0.0);
#9772=CARTESIAN_POINT('',(2.26999999999989,0.753873053989039,0.833325));
#9773=VECTOR('',#13333,1.0);
#9774=DRAUGHTING_PRE_DEFINED_CURVE_FONT('continuous');
#9775=COLOUR_RGB('',0.87058824300766,0.87058824300766,0.87058824300766);
#9776=CARTESIAN_POINT('',(4.29877934272298,0.753873053989039,0.16665));
#9777=VECTOR('',#13334,1.0);
#9778=DRAUGHTING_PRE_DEFINED_CURVE_FONT('continuous');
#9779=COLOUR_RGB('',0.0,0.0,0.0);
#9780=CARTESIAN_POINT('',(-2.21899999999995,8.49999999999997,1.375));
#9781=VECTOR('',#13335,1.0);
#9782=DRAUGHTING_PRE_DEFINED_CURVE_FONT('continuous');
#9783=COLOUR_RGB('',0.0,0.0,0.0);
#9784=CARTESIAN_POINT('',(-7.35000000000011,7.65099999999999,1.5));
#9785=VECTOR('',#13336,1.0);
#9786=PRE_DEFINED_MARKER('');
#9787=COLOUR_RGB('',0.0,0.0,0.0);
#9788=DRAUGHTING_PRE_DEFINED_CURVE_FONT('continuous');
#9789=COLOUR_RGB('',0.0,0.0,0.0);
#9790=CARTESIAN_POINT('',(2.31,7.64999999999999,0.450000000000159));
#9791=VECTOR('',#13337,1.0);
#9792=SURFACE_SIDE_STYLE('',(#13338));
#9793=EDGE_LOOP('',(#13339,#13340,#13341,#13342));
#9794=AXIS2_PLACEMENT_3D('',#13343,#13344,#13345);
#9795=DRAUGHTING_PRE_DEFINED_CURVE_FONT('continuous');
#9796=COLOUR_RGB('',1.0,0.0,0.0);
#9797=CARTESIAN_POINT('',(-6.03,7.57,0.0));
#9798=VECTOR('',#13346,1.0);
#9799=PRE_DEFINED_MARKER('');
#9800=COLOUR_RGB('',0.0,0.0,0.0);
#9801=DRAUGHTING_PRE_DEFINED_CURVE_FONT('continuous');
#9802=COLOUR_RGB('',0.0,0.0,0.0);
#9803=CARTESIAN_POINT('',(-7.745,0.0,0.775000000000091));
#9804=VECTOR('',#13347,1.0);
#9805=SURFACE_SIDE_STYLE('',(#13348));
#9806=EDGE_LOOP('',(#13349,#13350,#13351,#13352,#13353,#13354));
#9807=AXIS2_PLACEMENT_3D('',#13355,#13356,#13357);
#9808=PRE_DEFINED_MARKER('');
#9809=COLOUR_RGB('',0.0,0.0,0.0);
#9810=PRE_DEFINED_MARKER('');
#9811=COLOUR_RGB('',0.0,0.0,0.0);
#9812=PRE_DEFINED_MARKER('');
#9813=COLOUR_RGB('',0.87058824300766,0.87058824300766,0.87058824300766);
#9814=DRAUGHTING_PRE_DEFINED_CURVE_FONT('continuous');
#9815=COLOUR_RGB('',0.0,0.0,0.0);
#9816=CARTESIAN_POINT('',(-5.35000000000011,0.740500000000109,0.999999999999886));
#9817=VECTOR('',#13358,1.0);
#9818=DRAUGHTING_PRE_DEFINED_CURVE_FONT('continuous');
#9819=COLOUR_RGB('',0.0,0.0,0.0);
#9820=CARTESIAN_POINT('',(7.34999999999989,0.740500000000165,-0.999999999999204));
#9821=VECTOR('',#13359,1.0);
#9822=DRAUGHTING_PRE_DEFINED_CURVE_FONT('continuous');
#9823=COLOUR_RGB('',0.0,0.0,0.0);
#9824=CARTESIAN_POINT('',(-4.8099999999992,0.0,1.13750000000005));
#9825=VECTOR('',#13360,1.0);
#9826=SURFACE_SIDE_STYLE('',(#13361));
#9827=EDGE_LOOP('',(#13362,#13363,#13364,#13365));
#9828=EDGE_LOOP('',(#13366,#13367,#13368,#13369,#13370,#13371,#13372,#13373,#13374,#13375,#13376,#13377,#13378,#13379));
#9829=AXIS2_PLACEMENT_3D('',#13380,#13381,#13382);
#9830=DRAUGHTING_PRE_DEFINED_CURVE_FONT('continuous');
#9831=COLOUR_RGB('',0.0,0.0,0.0);
#9832=CARTESIAN_POINT('',(-0.270000000000114,0.30221311391666,-0.16665));
#9833=VECTOR('',#13383,1.0);
#9834=DRAUGHTING_PRE_DEFINED_CURVE_FONT('continuous');
#9835=COLOUR_RGB('',0.0,0.0,0.0);
#9836=CARTESIAN_POINT('',(-1.4475,8.49999999999997,0.950000000000173));
#9837=VECTOR('',#13384,1.0);
#9838=PRE_DEFINED_MARKER('');
#9839=COLOUR_RGB('',0.0,0.0,0.0);
#9840=SURFACE_SIDE_STYLE('',(#13385));
#9841=EDGE_LOOP('',(#13386,#13387,#13388,#13389));
#9842=EDGE_LOOP('',(#13390,#13391,#13392,#13393,#13394,#13395,#13396,#13397,#13398,#13399,#13400,#13401,#13402,#13403));
#9843=AXIS2_PLACEMENT_3D('',#13404,#13405,#13406);
#9844=SURFACE_SIDE_STYLE('',(#13407));
#9845=EDGE_LOOP('',(#13408,#13409,#13410,#13411,#13412,#13413));
#9846=AXIS2_PLACEMENT_3D('',#13414,#13415,#13416);
#9847=PRE_DEFINED_MARKER('');
#9848=COLOUR_RGB('',0.0,0.0,0.0);
#9849=DRAUGHTING_PRE_DEFINED_CURVE_FONT('continuous');
#9850=COLOUR_RGB('',0.0,0.0,0.0);
#9851=CARTESIAN_POINT('',(-7.29899999999995,8.49999999999997,1.375));
#9852=VECTOR('',#13417,1.0);
#9853=PRE_DEFINED_MARKER('');
#9854=COLOUR_RGB('',0.0,0.0,0.0);
#9855=PRE_DEFINED_MARKER('');
#9856=COLOUR_RGB('',0.0,0.0,0.0);
#9857=DRAUGHTING_PRE_DEFINED_CURVE_FONT('continuous');
#9858=COLOUR_RGB('',0.87058824300766,0.87058824300766,0.87058824300766);
#9859=CARTESIAN_POINT('',(-3.32122065727702,0.753873053989039,0.16665));
#9860=VECTOR('',#13418,1.0);
#9861=SURFACE_SIDE_STYLE('',(#13419));
#9862=EDGE_LOOP('',(#13420,#13421,#13422,#13423));
#9863=AXIS2_PLACEMENT_3D('',#13424,#13425,#13426);
#9864=DRAUGHTING_PRE_DEFINED_CURVE_FONT('continuous');
#9865=COLOUR_RGB('',0.0,0.0,0.0);
#9866=CARTESIAN_POINT('',(-2.81000000000011,7.65099999999999,1.5));
#9867=VECTOR('',#13427,1.0);
#9868=DRAUGHTING_PRE_DEFINED_CURVE_FONT('continuous');
#9869=COLOUR_RGB('',0.0,0.0,0.0);
#9870=CARTESIAN_POINT('',(7.34999999999989,0.0,1.13750000000005));
#9871=VECTOR('',#13428,1.0);
#9872=DRAUGHTING_PRE_DEFINED_CURVE_FONT('continuous');
#9873=COLOUR_RGB('',0.0,0.0,0.0);
#9874=CARTESIAN_POINT('',(-1.4475,0.0,-0.999999999999204));
#9875=VECTOR('',#13429,1.0);
#9876=PRE_DEFINED_MARKER('');
#9877=COLOUR_RGB('',0.0,0.0,0.0);
#9878=PRE_DEFINED_MARKER('');
#9879=COLOUR_RGB('',0.0,0.0,0.0);
#9880=DRAUGHTING_PRE_DEFINED_CURVE_FONT('continuous');
#9881=COLOUR_RGB('',0.0,0.0,0.0);
#9882=CARTESIAN_POINT('',(-2.77,7.64999999999999,-0.449999999999932));
#9883=VECTOR('',#13430,1.0);
#9884=DRAUGHTING_PRE_DEFINED_CURVE_FONT('continuous');
#9885=COLOUR_RGB('',0.0,0.0,0.0);
#9886=CARTESIAN_POINT('',(0.270000000000796,0.599999999999994,0.4375));
#9887=VECTOR('',#13431,1.0);
#9888=PRE_DEFINED_MARKER('');
#9889=COLOUR_RGB('',0.0,0.0,0.0);
#9890=DRAUGHTING_PRE_DEFINED_CURVE_FONT('continuous');
#9891=COLOUR_RGB('',0.0,0.0,0.0);
#9892=CARTESIAN_POINT('',(-7.745,0.0,-0.775000000000091));
#9893=VECTOR('',#13432,1.0);
#9894=DRAUGHTING_PRE_DEFINED_CURVE_FONT('continuous');
#9895=COLOUR_RGB('',0.0,0.0,0.0);
#9896=AXIS2_PLACEMENT_3D('',#13433,#13434,#13435);
#9897=SURFACE_SIDE_STYLE('',(#13436));
#9898=EDGE_LOOP('',(#13437,#13438,#13439,#13440));
#9899=AXIS2_PLACEMENT_3D('',#13441,#13442,#13443);
#9900=SURFACE_SIDE_STYLE('',(#13444));
#9901=EDGE_LOOP('',(#13445,#13446,#13447,#13448));
#9902=AXIS2_PLACEMENT_3D('',#13449,#13450,#13451);
#9903=PRE_DEFINED_MARKER('');
#9904=COLOUR_RGB('',0.0,0.0,0.0);
#9905=PRE_DEFINED_MARKER('');
#9906=COLOUR_RGB('',0.0,0.0,0.0);
#9907=SURFACE_SIDE_STYLE('',(#13452));
#9908=EDGE_LOOP('',(#13453,#13454,#13455,#13456));
#9909=AXIS2_PLACEMENT_3D('',#13457,#13458,#13459);
#9910=DRAUGHTING_PRE_DEFINED_CURVE_FONT('continuous');
#9911=COLOUR_RGB('',0.0,0.0,0.0);
#9912=CARTESIAN_POINT('',(2.83500000000003,7.65099999999999,-0.449999999999932));
#9913=VECTOR('',#13460,1.0);
#9914=DRAUGHTING_PRE_DEFINED_CURVE_FONT('continuous');
#9915=COLOUR_RGB('',0.0,0.0,0.0);
#9916=CARTESIAN_POINT('',(-7.7975,0.0,0.999999999999886));
#9917=VECTOR('',#13461,1.0);
#9918=PRE_DEFINED_MARKER('');
#9919=COLOUR_RGB('',0.87058824300766,0.87058824300766,0.87058824300766);
#9920=SURFACE_SIDE_STYLE('',(#13462));
#9921=EDGE_LOOP('',(#13463,#13464,#13465,#13466));
#9922=AXIS2_PLACEMENT_3D('',#13467,#13468,#13469);
#9923=PRE_DEFINED_MARKER('');
#9924=COLOUR_RGB('',0.0,0.0,0.0);
#9925=PRE_DEFINED_MARKER('');
#9926=COLOUR_RGB('',0.87058824300766,0.87058824300766,0.87058824300766);
#9927=DRAUGHTING_PRE_DEFINED_CURVE_FONT('continuous');
#9928=COLOUR_RGB('',0.0,0.0,0.0);
#9929=CARTESIAN_POINT('',(6.09999999999994,7.65099999999999,-0.449999999999931));
#9930=VECTOR('',#13470,1.0);
#9931=SURFACE_SIDE_STYLE('',(#13471));
#9932=EDGE_LOOP('',(#13472,#13473,#13474,#13475));
#9933=AXIS2_PLACEMENT_3D('',#13476,#13477,#13478);
#9934=DRAUGHTING_PRE_DEFINED_CURVE_FONT('continuous');
#9935=COLOUR_RGB('',0.0,0.0,0.0);
#9936=AXIS2_PLACEMENT_3D('',#13479,#13480,#13481);
#9937=DRAUGHTING_PRE_DEFINED_CURVE_FONT('continuous');
#9938=COLOUR_RGB('',0.0,0.0,0.0);
#9939=CARTESIAN_POINT('',(-2.81000000000011,0.740500000000109,0.999999999999886));
#9940=VECTOR('',#13482,1.0);
#9941=DRAUGHTING_PRE_DEFINED_CURVE_FONT('continuous');
#9942=COLOUR_RGB('',0.0,0.0,0.0);
#9943=CARTESIAN_POINT('',(-4.06000000000006,7.65099999999999,-0.449999999999932));
#9944=VECTOR('',#13483,1.0);
#9945=PRE_DEFINED_MARKER('');
#9946=COLOUR_RGB('',0.0,0.0,0.0);
#9947=SURFACE_SIDE_STYLE('',(#13484));
#9948=EDGE_LOOP('',(#13485,#13486,#13487,#13488,#13489,#13490));
#9949=AXIS2_PLACEMENT_3D('',#13491,#13492,#13493);
#9950=SURFACE_SIDE_STYLE('',(#13494));
#9951=EDGE_LOOP('',(#13495,#13496,#13497,#13498,#13499,#13500));
#9952=AXIS2_PLACEMENT_3D('',#13501,#13502,#13503);
#9953=DRAUGHTING_PRE_DEFINED_CURVE_FONT('continuous');
#9954=COLOUR_RGB('',0.0,0.0,0.0);
#9955=CARTESIAN_POINT('',(-2.81000000000011,0.30221311391666,0.16665));
#9956=VECTOR('',#13504,1.0);
#9957=PRE_DEFINED_MARKER('');
#9958=COLOUR_RGB('',0.0,0.0,0.0);
#9959=DRAUGHTING_PRE_DEFINED_CURVE_FONT('continuous');
#9960=COLOUR_RGB('',0.0,0.0,0.0);
#9961=CARTESIAN_POINT('',(-7.745,0.599999999999994,-0.625));
#9962=VECTOR('',#13505,1.0);
#9963=DRAUGHTING_PRE_DEFINED_CURVE_FONT('continuous');
#9964=COLOUR_RGB('',0.87058824300766,0.87058824300766,0.87058824300766);
#9965=AXIS2_PLACEMENT_3D('',#13506,#13507,#13508);
#9966=PRE_DEFINED_MARKER('');
#9967=COLOUR_RGB('',0.0,0.0,0.0);
#9968=PRE_DEFINED_MARKER('');
#9969=COLOUR_RGB('',0.0,0.0,0.0);
#9970=PRE_DEFINED_MARKER('');
#9971=COLOUR_RGB('',0.0,0.0,0.0);
#9972=DRAUGHTING_PRE_DEFINED_CURVE_FONT('continuous');
#9973=COLOUR_RGB('',0.87058824300766,0.87058824300766,0.87058824300766);
#9974=CARTESIAN_POINT('',(-4.01000000000034,-3.19999999999999,0.16665));
#9975=VECTOR('',#13509,1.0);
#9976=PRE_DEFINED_MARKER('');
#9977=COLOUR_RGB('',0.0,0.0,0.0);
#9978=DRAUGHTING_PRE_DEFINED_CURVE_FONT('continuous');
#9979=COLOUR_RGB('',0.0,0.0,0.0);
#9980=CARTESIAN_POINT('',(-5.89999999999984,7.67524999999998,-0.125249999999958));
#9981=VECTOR('',#13510,0.999999999999999);
#9982=SURFACE_SIDE_STYLE('',(#13511));
#9983=EDGE_LOOP('',(#13512,#13513,#13514,#13515));
#9984=AXIS2_PLACEMENT_3D('',#13516,#13517,#13518);
#9985=DRAUGHTING_PRE_DEFINED_CURVE_FONT('continuous');
#9986=COLOUR_RGB('',0.87058824300766,0.87058824300766,0.87058824300766);
#9987=AXIS2_PLACEMENT_3D('',#13519,#13520,#13521);
#9988=DRAUGHTING_PRE_DEFINED_CURVE_FONT('continuous');
#9989=COLOUR_RGB('',0.0,0.0,0.0);
#9990=CARTESIAN_POINT('',(-4.44283333333329,8.18383333333331,-0.633833333333287));
#9991=VECTOR('',#13522,1.0);
#9992=DRAUGHTING_PRE_DEFINED_CURVE_FONT('continuous');
#9993=COLOUR_RGB('',0.0,0.0,0.0);
#9994=CARTESIAN_POINT('',(-7.745,0.150000000000105,-0.625));
#9995=VECTOR('',#13523,1.0);
#9996=SURFACE_SIDE_STYLE('',(#13524));
#9997=EDGE_LOOP('',(#13525,#13526,#13527,#13528,#13529,#13530,#13531,#13532,#13533,#13534,#13535,#13536));
#9998=AXIS2_PLACEMENT_3D('',#13537,#13538,#13539);
#9999=DRAUGHTING_PRE_DEFINED_CURVE_FONT('continuous');
#10000=COLOUR_RGB('',0.87058824300766,0.87058824300766,0.87058824300766);
#10001=CARTESIAN_POINT('',(-6.83877934272298,0.753873053988997,0.16665));
#10002=VECTOR('',#13540,1.0);
#10003=DRAUGHTING_PRE_DEFINED_CURVE_FONT('continuous');
#10004=COLOUR_RGB('',0.0,0.0,0.0);
#10005=CARTESIAN_POINT('',(4.26000000000016,7.65099999999999,1.5));
#10006=VECTOR('',#13541,1.0);
#10007=SURFACE_SIDE_STYLE('',(#13542));
#10008=EDGE_LOOP('',(#13543,#13544,#13545,#13546));
#10009=AXIS2_PLACEMENT_3D('',#13547,#13548,#13549);
#10010=DRAUGHTING_PRE_DEFINED_CURVE_FONT('continuous');
#10011=COLOUR_RGB('',0.0,0.0,0.0);
#10012=CARTESIAN_POINT('',(6.80000000000016,7.65099999999999,1.5));
#10013=VECTOR('',#13550,1.0);
#10014=PRE_DEFINED_MARKER('');
#10015=COLOUR_RGB('',0.0,0.0,0.0);
#10016=PRE_DEFINED_MARKER('');
#10017=COLOUR_RGB('',0.0,0.0,0.0);
#10018=PRE_DEFINED_MARKER('');
#10019=COLOUR_RGB('',0.0,0.0,0.0);
#10020=PRE_DEFINED_MARKER('');
#10021=COLOUR_RGB('',0.0,0.0,0.0);
#10022=SURFACE_SIDE_STYLE('',(#13551));
#10023=EDGE_LOOP('',(#13552,#13553,#13554,#13555));
#10024=AXIS2_PLACEMENT_3D('',#13556,#13557,#13558);
#10025=DRAUGHTING_PRE_DEFINED_CURVE_FONT('continuous');
#10026=COLOUR_RGB('',0.0,0.0,0.0);
#10027=CARTESIAN_POINT('',(4.80999999999989,0.753873053989039,0.833325));
#10028=VECTOR('',#13559,1.0);
#10029=PRE_DEFINED_MARKER('');
#10030=COLOUR_RGB('',0.87058824300766,0.87058824300766,0.87058824300766);
#10031=DRAUGHTING_PRE_DEFINED_CURVE_FONT('continuous');
#10032=COLOUR_RGB('',0.87058824300766,0.87058824300766,0.87058824300766);
#10033=AXIS2_PLACEMENT_3D('',#13560,#13561,#13562);
#10034=DRAUGHTING_PRE_DEFINED_CURVE_FONT('continuous');
#10035=COLOUR_RGB('',0.0,0.0,0.0);
#10036=CARTESIAN_POINT('',(-5.35000000000011,1.90282814901086,0.833325));
#10037=VECTOR('',#13563,1.0);
#10038=DRAUGHTING_PRE_DEFINED_CURVE_FONT('continuous');
#10039=COLOUR_RGB('',0.0,0.0,0.0);
#10040=CARTESIAN_POINT('',(-5.35000000000011,7.65099999999999,1.5));
#10041=VECTOR('',#13564,1.0);
#10042=PRE_DEFINED_MARKER('');
#10043=COLOUR_RGB('',0.0,0.0,0.0);
#10044=SURFACE_SIDE_STYLE('',(#13565));
#10045=EDGE_LOOP('',(#13566,#13567,#13568,#13569));
#10046=AXIS2_PLACEMENT_3D('',#13570,#13571,#13572);
#10047=DRAUGHTING_PRE_DEFINED_CURVE_FONT('continuous');
#10048=COLOUR_RGB('',0.0,0.0,0.0);
#10049=CARTESIAN_POINT('',(-5.65,7.81249999999998,-0.449999999999932));
#10050=VECTOR('',#13573,1.0);
#10051=PRE_DEFINED_MARKER('');
#10052=COLOUR_RGB('',0.0,0.0,0.0);
#10053=PRE_DEFINED_MARKER('');
#10054=COLOUR_RGB('',0.0,0.0,0.0);
#10055=PRE_DEFINED_MARKER('');
#10056=COLOUR_RGB('',0.87058824300766,0.87058824300766,0.87058824300766);
#10057=DRAUGHTING_PRE_DEFINED_CURVE_FONT('continuous');
#10058=COLOUR_RGB('',0.0,0.0,0.0);
#10059=CARTESIAN_POINT('',(-4.78499999999997,7.65099999999999,0.450000000000159));
#10060=VECTOR('',#13574,1.0);
#10061=PRE_DEFINED_MARKER('');
#10062=COLOUR_RGB('',0.0,0.0,0.0);
#10063=DRAUGHTING_PRE_DEFINED_CURVE_FONT('continuous');
#10064=COLOUR_RGB('',1.0,0.0,0.0);
#10065=CARTESIAN_POINT('',(-5.65,7.57,0.0));
#10066=VECTOR('',#13575,1.0);
#10067=DRAUGHTING_PRE_DEFINED_CURVE_FONT('continuous');
#10068=COLOUR_RGB('',0.0,0.0,0.0);
#10069=CARTESIAN_POINT('',(-5.35000000000011,4.37050000000003,-0.449999999999932));
#10070=VECTOR('',#13576,1.0);
#10071=DRAUGHTING_PRE_DEFINED_CURVE_FONT('continuous');
#10072=COLOUR_RGB('',0.0,0.0,0.0);
#10073=CARTESIAN_POINT('',(7.34999999999989,0.30221311391666,-0.166649999999999));
#10074=VECTOR('',#13577,1.0);
#10075=SURFACE_SIDE_STYLE('',(#13578));
#10076=EDGE_LOOP('',(#13579,#13580,#13581,#13582));
#10077=AXIS2_PLACEMENT_3D('',#13583,#13584,#13585);
#10078=SURFACE_SIDE_STYLE('',(#13586));
#10079=EDGE_LOOP('',(#13587,#13588,#13589,#13590));
#10080=AXIS2_PLACEMENT_3D('',#13591,#13592,#13593);
#10081=DRAUGHTING_PRE_DEFINED_CURVE_FONT('continuous');
#10082=COLOUR_RGB('',0.0,0.0,0.0);
#10083=CARTESIAN_POINT('',(0.270000000000796,0.445500000000164,-0.625));
#10084=VECTOR('',#13594,1.0);
#10085=PRE_DEFINED_MARKER('');
#10086=COLOUR_RGB('',0.0,0.0,0.0);
#10087=PRE_DEFINED_MARKER('');
#10088=COLOUR_RGB('',0.0,0.0,0.0);
#10089=DRAUGHTING_PRE_DEFINED_CURVE_FONT('continuous');
#10090=COLOUR_RGB('',1.0,0.0,0.0);
#10091=CARTESIAN_POINT('',(-6.35,7.57,-0.7));
#10092=VECTOR('',#13595,1.0);
#10093=DRAUGHTING_PRE_DEFINED_CURVE_FONT('continuous');
#10094=COLOUR_RGB('',0.0,0.0,0.0);
#10095=CARTESIAN_POINT('',(-2.24499999999997,7.65099999999999,-0.449999999999932));
#10096=VECTOR('',#13596,1.0);
#10097=DRAUGHTING_PRE_DEFINED_CURVE_FONT('continuous');
#10098=COLOUR_RGB('',0.0,0.0,0.0);
#10099=CARTESIAN_POINT('',(-5.2575,8.49999999999997,0.950000000000173));
#10100=VECTOR('',#13597,1.0);
#10101=DRAUGHTING_PRE_DEFINED_CURVE_FONT('continuous');
#10102=COLOUR_RGB('',0.0,0.0,0.0);
#10103=CARTESIAN_POINT('',(-7.3499999999992,0.740500000000165,0.999999999999886));
#10104=VECTOR('',#13598,1.0);
#10105=DRAUGHTING_PRE_DEFINED_CURVE_FONT('continuous');
#10106=COLOUR_RGB('',0.0,0.0,0.0);
#10107=CARTESIAN_POINT('',(5.90000000000007,8.26274999999992,0.712750000000119));
#10108=VECTOR('',#13599,0.999999999999999);
#10109=DRAUGHTING_PRE_DEFINED_CURVE_FONT('continuous');
#10110=COLOUR_RGB('',1.0,0.0,0.0);
#10111=CARTESIAN_POINT('',(-7.05,7.625,0.7));
#10112=VECTOR('',#13600,1.0);
#10113=DRAUGHTING_PRE_DEFINED_CURVE_FONT('continuous');
#10114=COLOUR_RGB('',0.87058824300766,0.87058824300766,0.87058824300766);
#10115=CARTESIAN_POINT('',(6.14999999999966,-3.19999999999999,0.16665));
#10116=VECTOR('',#13601,0.999999999999999);
#10117=DRAUGHTING_PRE_DEFINED_CURVE_FONT('continuous');
#10118=COLOUR_RGB('',0.87058824300766,0.87058824300766,0.87058824300766);
#10119=AXIS2_PLACEMENT_3D('',#13602,#13603,#13604);
#10120=DRAUGHTING_PRE_DEFINED_CURVE_FONT('continuous');
#10121=COLOUR_RGB('',0.0,0.0,0.0);
#10122=CARTESIAN_POINT('',(7.34999999999989,7.64999999999999,0.525000000000035));
#10123=VECTOR('',#13605,1.0);
#10124=DRAUGHTING_PRE_DEFINED_CURVE_FONT('continuous');
#10125=COLOUR_RGB('',0.0,0.0,0.0);
#10126=CARTESIAN_POINT('',(-7.745,0.150000000000006,0.625000000000113));
#10127=VECTOR('',#13606,1.0);
#10128=DRAUGHTING_PRE_DEFINED_CURVE_FONT('continuous');
#10129=COLOUR_RGB('',0.0,0.0,0.0);
#10130=CARTESIAN_POINT('',(-7.745,0.0,-1.25));
#10131=VECTOR('',#13607,1.0);
#10132=PRE_DEFINED_MARKER('');
#10133=COLOUR_RGB('',1.0,0.0,0.0);
#10134=PRE_DEFINED_MARKER('');
#10135=COLOUR_RGB('',0.87058824300766,0.87058824300766,0.87058824300766);
#10136=DRAUGHTING_PRE_DEFINED_CURVE_FONT('continuous');
#10137=COLOUR_RGB('',0.0,0.0,0.0);
#10138=CARTESIAN_POINT('',(1.72000000000016,7.67524999999998,-0.125249999999958));
#10139=VECTOR('',#13608,0.999999999999999);
#10140=SURFACE_SIDE_STYLE('',(#13609));
#10141=EDGE_LOOP('',(#13610,#13611,#13612,#13613));
#10142=AXIS2_PLACEMENT_3D('',#13614,#13615,#13616);
#10143=DRAUGHTING_PRE_DEFINED_CURVE_FONT('continuous');
#10144=COLOUR_RGB('',0.0,0.0,0.0);
#10145=CARTESIAN_POINT('',(-0.819999999999841,7.65049999999999,0.450000000000159));
#10146=VECTOR('',#13617,1.0);
#10147=SURFACE_SIDE_STYLE('',(#13618));
#10148=EDGE_LOOP('',(#13619,#13620,#13621,#13622));
#10149=AXIS2_PLACEMENT_3D('',#13623,#13624,#13625);
#10150=DRAUGHTING_PRE_DEFINED_CURVE_FONT('continuous');
#10151=COLOUR_RGB('',0.87058824300766,0.87058824300766,0.87058824300766);
#10152=CARTESIAN_POINT('',(1.75877934272298,0.753873053989039,-0.16665));
#10153=VECTOR('',#13626,1.0);
#10154=SURFACE_SIDE_STYLE('',(#13627));
#10155=EDGE_LOOP('',(#13628,#13629,#13630,#13631));
#10156=AXIS2_PLACEMENT_3D('',#13632,#13633,#13634);
#10157=SURFACE_SIDE_STYLE('',(#13635));
#10158=EDGE_LOOP('',(#13636,#13637,#13638,#13639,#13640,#13641,#13642,#13643,#13644,#13645));
#10159=AXIS2_PLACEMENT_3D('',#13646,#13647,#13648);
#10160=DRAUGHTING_PRE_DEFINED_CURVE_FONT('continuous');
#10161=COLOUR_RGB('',0.0,0.0,0.0);
#10162=CARTESIAN_POINT('',(-7.745,0.599999999999994,-0.625));
#10163=VECTOR('',#13649,1.0);
#10164=DRAUGHTING_PRE_DEFINED_CURVE_FONT('continuous');
#10165=COLOUR_RGB('',0.0,0.0,0.0);
#10166=CARTESIAN_POINT('',(4.80999999999989,0.0,0.125000000000001));
#10167=VECTOR('',#13650,1.0);
#10168=SURFACE_SIDE_STYLE('',(#13651));
#10169=EDGE_LOOP('',(#13652,#13653,#13654,#13655,#13656,#13657,#13658,#13659));
#10170=AXIS2_PLACEMENT_3D('',#13660,#13661,#13662);
#10171=PRE_DEFINED_MARKER('');
#10172=COLOUR_RGB('',0.0,0.0,0.0);
#10173=DRAUGHTING_PRE_DEFINED_CURVE_FONT('continuous');
#10174=COLOUR_RGB('',0.0,0.0,0.0);
#10175=CARTESIAN_POINT('',(4.26000000000016,8.17524999999993,0.625250000000128));
#10176=VECTOR('',#13663,0.999999999999999);
#10177=PRE_DEFINED_MARKER('');
#10178=COLOUR_RGB('',0.0,0.0,0.0);
#10179=SURFACE_SIDE_STYLE('',(#13664));
#10180=EDGE_LOOP('',(#13665,#13666,#13667,#13668));
#10181=AXIS2_PLACEMENT_3D('',#13669,#13670,#13671);
#10182=DRAUGHTING_PRE_DEFINED_CURVE_FONT('continuous');
#10183=COLOUR_RGB('',0.0,0.0,0.0);
#10184=CARTESIAN_POINT('',(1.72000000000016,7.65049999999999,0.450000000000159));
#10185=VECTOR('',#13672,1.0);
#10186=PRE_DEFINED_MARKER('');
#10187=COLOUR_RGB('',0.0,0.0,0.0);
#10188=DRAUGHTING_PRE_DEFINED_CURVE_FONT('continuous');
#10189=COLOUR_RGB('',0.87058824300766,0.87058824300766,0.87058824300766);
#10190=CARTESIAN_POINT('',(7.57040082142894,1.90282814901086,-0.166649999999999));
#10191=VECTOR('',#13673,1.0);
#10192=DRAUGHTING_PRE_DEFINED_CURVE_FONT('continuous');
#10193=COLOUR_RGB('',0.0,0.0,0.0);
#10194=CARTESIAN_POINT('',(-6.79999999999993,8.00099999999996,1.5));
#10195=VECTOR('',#13674,1.0);
#10196=PRE_DEFINED_MARKER('');
#10197=COLOUR_RGB('',0.0,0.0,0.0);
#10198=DRAUGHTING_PRE_DEFINED_CURVE_FONT('continuous');
#10199=COLOUR_RGB('',0.0,0.0,0.0);
#10200=CARTESIAN_POINT('',(2.80999999999989,7.65099999999999,1.5));
#10201=VECTOR('',#13675,1.0);
#10202=PRE_DEFINED_MARKER('');
#10203=COLOUR_RGB('',0.87058824300766,0.87058824300766,0.87058824300766);
#10204=DRAUGHTING_PRE_DEFINED_CURVE_FONT('continuous');
#10205=COLOUR_RGB('',0.0,0.0,0.0);
#10206=CARTESIAN_POINT('',(-2.81000000000011,0.445500000000107,-0.625));
#10207=VECTOR('',#13676,1.0);
#10208=DRAUGHTING_PRE_DEFINED_CURVE_FONT('continuous');
#10209=COLOUR_RGB('',0.0,0.0,0.0);
#10210=CARTESIAN_POINT('',(3.55999999999994,7.65099999999999,-0.449999999999932));
#10211=VECTOR('',#13677,1.0);
#10212=PRE_DEFINED_MARKER('');
#10213=COLOUR_RGB('',0.0,0.0,0.0);
#10214=DRAUGHTING_PRE_DEFINED_CURVE_FONT('continuous');
#10215=COLOUR_RGB('',0.0,0.0,0.0);
#10216=CARTESIAN_POINT('',(5.35000000000079,0.753873053988997,0.833325));
#10217=VECTOR('',#13678,1.0);
#10218=PRE_DEFINED_MARKER('');
#10219=COLOUR_RGB('',0.0,0.0,0.0);
#10220=DRAUGHTING_PRE_DEFINED_CURVE_FONT('continuous');
#10221=COLOUR_RGB('',0.87058824300766,0.87058824300766,0.87058824300766);
#10222=CARTESIAN_POINT('',(-1.59000000000034,-2.54999999999999,0.16665));
#10223=VECTOR('',#13679,1.0);
#10224=DRAUGHTING_PRE_DEFINED_CURVE_FONT('continuous');
#10225=COLOUR_RGB('',0.0,0.0,0.0);
#10226=CARTESIAN_POINT('',(7.745,8.49999999999997,-1.25));
#10227=VECTOR('',#13680,1.0);
#10228=DRAUGHTING_PRE_DEFINED_CURVE_FONT('continuous');
#10229=COLOUR_RGB('',0.87058824300766,0.87058824300766,0.87058824300766);
#10230=CARTESIAN_POINT('',(5.03040082142894,1.90282814901086,-0.16665));
#10231=VECTOR('',#13681,1.0);
#10232=PRE_DEFINED_MARKER('');
#10233=COLOUR_RGB('',0.87058824300766,0.87058824300766,0.87058824300766);
#10234=PRE_DEFINED_MARKER('');
#10235=COLOUR_RGB('',0.87058824300766,0.87058824300766,0.87058824300766);
#10236=DRAUGHTING_PRE_DEFINED_CURVE_FONT('continuous');
#10237=COLOUR_RGB('',0.87058824300766,0.87058824300766,0.87058824300766);
#10238=CARTESIAN_POINT('',(-0.950000000000341,-2.54999999999999,0.16665));
#10239=VECTOR('',#13682,1.0);
#10240=DRAUGHTING_PRE_DEFINED_CURVE_FONT('continuous');
#10241=COLOUR_RGB('',0.0,0.0,0.0);
#10242=CARTESIAN_POINT('',(7.34999999999989,4.19550000000005,0.45000000000016));
#10243=VECTOR('',#13683,1.0);
#10244=DRAUGHTING_PRE_DEFINED_CURVE_FONT('continuous');
#10245=COLOUR_RGB('',0.0,0.0,0.0);
#10246=CARTESIAN_POINT('',(0.820000000000069,7.82549999999997,0.450000000000159));
#10247=VECTOR('',#13684,1.0);
#10248=DRAUGHTING_PRE_DEFINED_CURVE_FONT('continuous');
#10249=COLOUR_RGB('',0.87058824300766,0.87058824300766,0.87058824300766);
#10250=CARTESIAN_POINT('',(1.58999999999966,-2.54999999999999,-0.16665));
#10251=VECTOR('',#13685,1.0);
#10252=DRAUGHTING_PRE_DEFINED_CURVE_FONT('continuous');
#10253=COLOUR_RGB('',0.0,0.0,0.0);
#10254=CARTESIAN_POINT('',(2.31,7.99999999999996,0.450000000000159));
#10255=VECTOR('',#13686,1.0);
#10256=DRAUGHTING_PRE_DEFINED_CURVE_FONT('continuous');
#10257=COLOUR_RGB('',0.0,0.0,0.0);
#10258=CARTESIAN_POINT('',(2.26999999999989,4.19550000000005,0.450000000000159));
#10259=VECTOR('',#13687,1.0);
#10260=SURFACE_SIDE_STYLE('',(#13688));
#10261=EDGE_LOOP('',(#13689,#13690,#13691,#13692));
#10262=AXIS2_PLACEMENT_3D('',#13693,#13694,#13695);
#10263=DRAUGHTING_PRE_DEFINED_CURVE_FONT('continuous');
#10264=COLOUR_RGB('',0.0,0.0,0.0);
#10265=CARTESIAN_POINT('',(7.34999999999989,1.90282814901086,0.833325000000001));
#10266=VECTOR('',#13696,1.0);
#10267=DRAUGHTING_PRE_DEFINED_CURVE_FONT('continuous');
#10268=COLOUR_RGB('',1.0,0.0,0.0);
#10269=CARTESIAN_POINT('',(-7.05,7.57,0.0));
#10270=VECTOR('',#13697,1.0);
#10271=SURFACE_SIDE_STYLE('',(#13698));
#10272=EDGE_LOOP('',(#13699,#13700,#13701,#13702));
#10273=AXIS2_PLACEMENT_3D('',#13703,#13704,#13705);
#10274=DRAUGHTING_PRE_DEFINED_CURVE_FONT('continuous');
#10275=COLOUR_RGB('',0.0,0.0,0.0);
#10276=CARTESIAN_POINT('',(-7.745,0.599999999999994,0.625));
#10277=VECTOR('',#13706,1.0);
#10278=DRAUGHTING_PRE_DEFINED_CURVE_FONT('continuous');
#10279=COLOUR_RGB('',0.0,0.0,0.0);
#10280=CARTESIAN_POINT('',(0.270000000000796,0.740500000000222,-0.999999999999204));
#10281=VECTOR('',#13707,1.0);
#10282=DRAUGHTING_PRE_DEFINED_CURVE_FONT('continuous');
#10283=COLOUR_RGB('',0.87058824300766,0.87058824300766,0.87058824300766);
#10284=CARTESIAN_POINT('',(-3.61000000000034,-3.19999999999999,0.16665));
#10285=VECTOR('',#13708,1.0);
#10286=SURFACE_SIDE_STYLE('',(#13709));
#10287=EDGE_LOOP('',(#13710,#13711,#13712,#13713));
#10288=EDGE_LOOP('',(#13714,#13715,#13716,#13717,#13718,#13719,#13720,#13721,#13722,#13723,#13724,#13725,#13726,#13727));
#10289=AXIS2_PLACEMENT_3D('',#13728,#13729,#13730);
#10290=DRAUGHTING_PRE_DEFINED_CURVE_FONT('continuous');
#10291=COLOUR_RGB('',0.0,0.0,0.0);
#10292=CARTESIAN_POINT('',(0.303833333333416,8.51716666666661,0.96716666666681));
#10293=VECTOR('',#13731,1.0);
#10294=DRAUGHTING_PRE_DEFINED_CURVE_FONT('continuous');
#10295=COLOUR_RGB('',0.0,0.0,0.0);
#10296=CARTESIAN_POINT('',(0.820000000000069,8.00049999999996,-0.449999999999932));
#10297=VECTOR('',#13732,1.0);
#10298=DRAUGHTING_PRE_DEFINED_CURVE_FONT('continuous');
#10299=COLOUR_RGB('',0.0,0.0,0.0);
#10300=CARTESIAN_POINT('',(2.26999999999989,7.65099999999999,1.5));
#10301=VECTOR('',#13733,1.0);
#10302=DRAUGHTING_PRE_DEFINED_CURVE_FONT('continuous');
#10303=COLOUR_RGB('',0.0,0.0,0.0);
#10304=CARTESIAN_POINT('',(-7.745,0.599999999999994,0.625));
#10305=VECTOR('',#13734,1.0);
#10306=PRE_DEFINED_MARKER('');
#10307=COLOUR_RGB('',0.0,0.0,0.0);
#10308=DRAUGHTING_PRE_DEFINED_CURVE_FONT('continuous');
#10309=COLOUR_RGB('',0.0,0.0,0.0);
#10310=CARTESIAN_POINT('',(5.35000000000079,4.19550000000011,0.450000000000159));
#10311=VECTOR('',#13735,1.0);
#10312=DRAUGHTING_PRE_DEFINED_CURVE_FONT('continuous');
#10313=COLOUR_RGB('',0.87058824300766,0.87058824300766,0.87058824300766);
#10314=CARTESIAN_POINT('',(1.58999999999966,-2.54999999999999,-0.16665));
#10315=VECTOR('',#13736,1.0);
#10316=PRE_DEFINED_MARKER('');
#10317=COLOUR_RGB('',0.0,0.0,0.0);
#10318=DRAUGHTING_PRE_DEFINED_CURVE_FONT('continuous');
#10319=COLOUR_RGB('',0.0,0.0,0.0);
#10320=CARTESIAN_POINT('',(2.31,7.64999999999999,0.999999999999886));
#10321=VECTOR('',#13737,1.0);
#10322=PRE_DEFINED_MARKER('');
#10323=COLOUR_RGB('',0.0,0.0,0.0);
#10324=PRE_DEFINED_MARKER('');
#10325=COLOUR_RGB('',0.0,0.0,0.0);
#10326=DRAUGHTING_PRE_DEFINED_CURVE_FONT('continuous');
#10327=COLOUR_RGB('',0.0,0.0,0.0);
#10328=CARTESIAN_POINT('',(-5.65,7.6375,0.450000000000159));
#10329=VECTOR('',#13738,1.0);
#10330=PRE_DEFINED_MARKER('');
#10331=COLOUR_RGB('',0.0,0.0,0.0);
#10332=PRE_DEFINED_MARKER('');
#10333=COLOUR_RGB('',0.0,0.0,0.0);
#10334=DRAUGHTING_PRE_DEFINED_CURVE_FONT('continuous');
#10335=COLOUR_RGB('',0.87058824300766,0.87058824300766,0.87058824300766);
#10336=CARTESIAN_POINT('',(-1.07000000000034,-3.19999999999999,0.16665));
#10337=VECTOR('',#13739,1.0);
#10338=PRE_DEFINED_MARKER('');
#10339=COLOUR_RGB('',0.0,0.0,0.0);
#10340=PRE_DEFINED_MARKER('');
#10341=COLOUR_RGB('',0.0,0.0,0.0);
#10342=SURFACE_SIDE_STYLE('',(#13740));
#10343=EDGE_LOOP('',(#13741,#13742,#13743,#13744));
#10344=AXIS2_PLACEMENT_3D('',#13745,#13746,#13747);
#10345=PRE_DEFINED_MARKER('');
#10346=COLOUR_RGB('',0.0,0.0,0.0);
#10347=DRAUGHTING_PRE_DEFINED_CURVE_FONT('continuous');
#10348=COLOUR_RGB('',0.87058824300766,0.87058824300766,0.87058824300766);
#10349=CARTESIAN_POINT('',(2.49040082142894,1.90282814901086,-0.16665));
#10350=VECTOR('',#13748,1.0);
#10351=DRAUGHTING_PRE_DEFINED_CURVE_FONT('continuous');
#10352=COLOUR_RGB('',0.0,0.0,0.0);
#10353=CARTESIAN_POINT('',(6.64950000000011,7.8504999999999,0.300500000000106));
#10354=VECTOR('',#13749,1.0);
#10355=DRAUGHTING_PRE_DEFINED_CURVE_FONT('continuous');
#10356=COLOUR_RGB('',0.0,0.0,0.0);
#10357=CARTESIAN_POINT('',(-7.745,0.150000000000105,-0.625));
#10358=VECTOR('',#13750,1.0);
#10359=SURFACE_SIDE_STYLE('',(#13751));
#10360=EDGE_LOOP('',(#13752,#13753,#13754,#13755));
#10361=AXIS2_PLACEMENT_3D('',#13756,#13757,#13758);
#10362=DRAUGHTING_PRE_DEFINED_CURVE_FONT('continuous');
#10363=COLOUR_RGB('',0.0,0.0,0.0);
#10364=CARTESIAN_POINT('',(-6.79999999999993,7.68,0.75));
#10365=VECTOR('',#13759,1.0);
#10366=DRAUGHTING_PRE_DEFINED_CURVE_FONT('continuous');
#10367=COLOUR_RGB('',0.0,0.0,0.0);
#10368=CARTESIAN_POINT('',(0.269999999999887,7.65099999999999,1.5));
#10369=VECTOR('',#13760,1.0);
#10370=DRAUGHTING_PRE_DEFINED_CURVE_FONT('continuous');
#10371=COLOUR_RGB('',0.0,0.0,0.0);
#10372=CARTESIAN_POINT('',(-5.31,7.99999999999996,-0.449999999999932));
#10373=VECTOR('',#13761,1.0);
#10374=PRE_DEFINED_MARKER('');
#10375=COLOUR_RGB('',0.0,0.0,0.0);
#10376=DRAUGHTING_PRE_DEFINED_CURVE_FONT('continuous');
#10377=COLOUR_RGB('',0.87058824300766,0.87058824300766,0.87058824300766);
#10378=CARTESIAN_POINT('',(0.949999999999659,-2.54999999999999,0.16665));
#10379=VECTOR('',#13762,1.0);
#10380=PRE_DEFINED_MARKER('');
#10381=COLOUR_RGB('',0.0,0.0,0.0);
#10382=DRAUGHTING_PRE_DEFINED_CURVE_FONT('continuous');
#10383=COLOUR_RGB('',0.87058824300766,0.87058824300766,0.87058824300766);
#10384=AXIS2_PLACEMENT_3D('',#13763,#13764,#13765);
#10385=DRAUGHTING_PRE_DEFINED_CURVE_FONT('continuous');
#10386=COLOUR_RGB('',0.0,0.0,0.0);
#10387=CARTESIAN_POINT('',(-7.85,7.64999999999999,-0.449999999999932));
#10388=VECTOR('',#13766,1.0);
#10389=DRAUGHTING_PRE_DEFINED_CURVE_FONT('continuous');
#10390=COLOUR_RGB('',0.87058824300766,0.87058824300766,0.87058824300766);
#10391=CARTESIAN_POINT('',(3.48999999999966,-2.54999999999999,0.16665));
#10392=VECTOR('',#13767,1.0);
#10393=DRAUGHTING_PRE_DEFINED_CURVE_FONT('continuous');
#10394=COLOUR_RGB('',0.87058824300766,0.87058824300766,0.87058824300766);
#10395=CARTESIAN_POINT('',(-0.950000000000341,0.58720638732241,0.16665));
#10396=VECTOR('',#13768,1.0);
#10397=DRAUGHTING_PRE_DEFINED_CURVE_FONT('continuous');
#10398=COLOUR_RGB('',0.87058824300766,0.87058824300766,0.87058824300766);
#10399=CARTESIAN_POINT('',(-6.15000000000034,-3.19999999999999,0.16665));
#10400=VECTOR('',#13769,1.0);
#10401=DRAUGHTING_PRE_DEFINED_CURVE_FONT('continuous');
#10402=COLOUR_RGB('',0.0,0.0,0.0);
#10403=CARTESIAN_POINT('',(-4.81000000000011,7.65099999999999,1.5));
#10404=VECTOR('',#13770,1.0);
#10405=DRAUGHTING_PRE_DEFINED_CURVE_FONT('continuous');
#10406=COLOUR_RGB('',0.0,0.0,0.0);
#10407=CARTESIAN_POINT('',(-2.81000000000011,7.64999999999999,0.525000000000034));
#10408=VECTOR('',#13771,1.0);
#10409=SURFACE_SIDE_STYLE('',(#13772));
#10410=EDGE_LOOP('',(#13773,#13774,#13775,#13776));
#10411=AXIS2_PLACEMENT_3D('',#13777,#13778,#13779);
#10412=DRAUGHTING_PRE_DEFINED_CURVE_FONT('continuous');
#10413=COLOUR_RGB('',0.0,0.0,0.0);
#10414=CARTESIAN_POINT('',(0.270000000000796,0.670499999999998,0.624999999999982));
#10415=VECTOR('',#13780,1.0);
#10416=DRAUGHTING_PRE_DEFINED_CURVE_FONT('continuous');
#10417=COLOUR_RGB('',0.87058824300766,0.87058824300766,0.87058824300766);
#10418=CARTESIAN_POINT('',(-3.49000000000034,-2.54999999999999,-0.16665));
#10419=VECTOR('',#13781,1.0);
#10420=PRE_DEFINED_MARKER('');
#10421=COLOUR_RGB('',0.0,0.0,0.0);
#10422=DRAUGHTING_PRE_DEFINED_CURVE_FONT('continuous');
#10423=COLOUR_RGB('',0.0,0.0,0.0);
#10424=CARTESIAN_POINT('',(-2.81000000000011,0.599999999999994,0.4375));
#10425=VECTOR('',#13782,1.0);
#10426=DRAUGHTING_PRE_DEFINED_CURVE_FONT('continuous');
#10427=COLOUR_RGB('',0.87058824300766,0.87058824300766,0.87058824300766);
#10428=CARTESIAN_POINT('',(-1.75877934272298,0.753873053988997,-0.16665));
#10429=VECTOR('',#13783,1.0);
#10430=PRE_DEFINED_MARKER('');
#10431=COLOUR_RGB('',0.0,0.0,0.0);
#10432=SURFACE_SIDE_STYLE('',(#13784));
#10433=EDGE_LOOP('',(#13785,#13786,#13787,#13788,#13789,#13790,#13791,#13792));
#10434=AXIS2_PLACEMENT_3D('',#13793,#13794,#13795);
#10435=DRAUGHTING_PRE_DEFINED_CURVE_FONT('continuous');
#10436=COLOUR_RGB('',0.0,0.0,0.0);
#10437=CARTESIAN_POINT('',(-1.4475,0.0,0.999999999999886));
#10438=VECTOR('',#13796,1.0);
#10439=PRE_DEFINED_MARKER('');
#10440=COLOUR_RGB('',0.0,0.0,0.0);
#10441=DRAUGHTING_PRE_DEFINED_CURVE_FONT('continuous');
#10442=COLOUR_RGB('',0.0,0.0,0.0);
#10443=CARTESIAN_POINT('',(-5.35000000000011,0.0,1.13750000000005));
#10444=VECTOR('',#13797,1.0);
#10445=DRAUGHTING_PRE_DEFINED_CURVE_FONT('continuous');
#10446=COLOUR_RGB('',0.0,0.0,0.0);
#10447=CARTESIAN_POINT('',(-5.35000000000011,0.445500000000107,-0.625));
#10448=VECTOR('',#13798,1.0);
#10449=PRE_DEFINED_MARKER('');
#10450=COLOUR_RGB('',0.0,0.0,0.0);
#10451=PRE_DEFINED_MARKER('');
#10452=COLOUR_RGB('',0.0,0.0,0.0);
#10453=PRE_DEFINED_MARKER('');
#10454=COLOUR_RGB('',0.0,0.0,0.0);
#10455=DRAUGHTING_PRE_DEFINED_CURVE_FONT('continuous');
#10456=COLOUR_RGB('',0.0,0.0,0.0);
#10457=CARTESIAN_POINT('',(-3.51049999999989,7.8504999999999,0.300500000000105));
#10458=VECTOR('',#13799,1.0);
#10459=DRAUGHTING_PRE_DEFINED_CURVE_FONT('continuous');
#10460=COLOUR_RGB('',0.0,0.0,0.0);
#10461=CARTESIAN_POINT('',(-6.05049999999989,7.8504999999999,0.300500000000105));
#10462=VECTOR('',#13800,1.0);
#10463=SURFACE_SIDE_STYLE('',(#13801));
#10464=EDGE_LOOP('',(#13802,#13803,#13804,#13805,#13806,#13807,#13808,#13809));
#10465=AXIS2_PLACEMENT_3D('',#13810,#13811,#13812);
#10466=PRE_DEFINED_MARKER('');
#10467=COLOUR_RGB('',0.0,0.0,0.0);
#10468=DRAUGHTING_PRE_DEFINED_CURVE_FONT('continuous');
#10469=COLOUR_RGB('',0.87058824300766,0.87058824300766,0.87058824300766);
#10470=CARTESIAN_POINT('',(-6.03000000000034,-2.54999999999999,0.16665));
#10471=VECTOR('',#13813,1.0);
#10472=PRE_DEFINED_MARKER('');
#10473=COLOUR_RGB('',0.0,0.0,0.0);
#10474=PRE_DEFINED_MARKER('');
#10475=COLOUR_RGB('',0.87058824300766,0.87058824300766,0.87058824300766);
#10476=DRAUGHTING_PRE_DEFINED_CURVE_FONT('continuous');
#10477=COLOUR_RGB('',0.87058824300766,0.87058824300766,0.87058824300766);
#10478=CARTESIAN_POINT('',(1.06999999999966,-3.19999999999999,0.16665));
#10479=VECTOR('',#13814,0.999999999999999);
#10480=DRAUGHTING_PRE_DEFINED_CURVE_FONT('continuous');
#10481=COLOUR_RGB('',0.0,0.0,0.0);
#10482=CARTESIAN_POINT('',(-7.05,7.64999999999999,0.499999999999943));
#10483=VECTOR('',#13815,1.0);
#10484=DRAUGHTING_PRE_DEFINED_CURVE_FONT('continuous');
#10485=COLOUR_RGB('',0.0,0.0,0.0);
#10486=CARTESIAN_POINT('',(4.85,7.64999999999999,0.999999999999887));
#10487=VECTOR('',#13816,1.0);
#10488=DRAUGHTING_PRE_DEFINED_CURVE_FONT('continuous');
#10489=COLOUR_RGB('',0.0,0.0,0.0);
#10490=CARTESIAN_POINT('',(3.17716666666671,8.18383333333331,-0.633833333333286));
#10491=VECTOR('',#13817,1.0);
#10492=PRE_DEFINED_MARKER('');
#10493=COLOUR_RGB('',0.0,0.0,0.0);
#10494=DRAUGHTING_PRE_DEFINED_CURVE_FONT('continuous');
#10495=COLOUR_RGB('',0.0,0.0,0.0);
#10496=CARTESIAN_POINT('',(-3.84383333333319,7.51716666666661,0.0328333333334178));
#10497=VECTOR('',#13818,1.0);
#10498=DRAUGHTING_PRE_DEFINED_CURVE_FONT('continuous');
#10499=COLOUR_RGB('',0.0,0.0,0.0);
#10500=CARTESIAN_POINT('',(-7.745,0.0,1.25));
#10501=VECTOR('',#13819,1.0);
#10502=DRAUGHTING_PRE_DEFINED_CURVE_FONT('continuous');
#10503=COLOUR_RGB('',0.87058824300766,0.87058824300766,0.87058824300766);
#10504=CARTESIAN_POINT('',(3.60999999999966,-3.19999999999999,0.16665));
#10505=VECTOR('',#13820,1.0);
#10506=DRAUGHTING_PRE_DEFINED_CURVE_FONT('continuous');
#10507=COLOUR_RGB('',0.0,0.0,0.0);
#10508=CARTESIAN_POINT('',(7.34999999999989,0.30221311391666,0.16665));
#10509=VECTOR('',#13821,1.0);
#10510=SURFACE_SIDE_STYLE('',(#13822));
#10511=EDGE_LOOP('',(#13823,#13824,#13825,#13826));
#10512=AXIS2_PLACEMENT_3D('',#13827,#13828,#13829);
#10513=DRAUGHTING_PRE_DEFINED_CURVE_FONT('continuous');
#10514=COLOUR_RGB('',0.0,0.0,0.0);
#10515=CARTESIAN_POINT('',(-0.270000000000114,0.599999999999994,0.4375));
#10516=VECTOR('',#13830,1.0);
#10517=DRAUGHTING_PRE_DEFINED_CURVE_FONT('continuous');
#10518=COLOUR_RGB('',0.87058824300766,0.87058824300766,0.87058824300766);
#10519=AXIS2_PLACEMENT_3D('',#13831,#13832,#13833);
#10520=SURFACE_SIDE_STYLE('',(#13834));
#10521=EDGE_LOOP('',(#13835,#13836,#13837,#13838));
#10522=AXIS2_PLACEMENT_3D('',#13839,#13840,#13841);
#10523=DRAUGHTING_PRE_DEFINED_CURVE_FONT('continuous');
#10524=COLOUR_RGB('',0.87058824300766,0.87058824300766,0.87058824300766);
#10525=CARTESIAN_POINT('',(-1.07000000000034,-3.19999999999999,-0.16665));
#10526=VECTOR('',#13842,1.0);
#10527=PRE_DEFINED_MARKER('');
#10528=COLOUR_RGB('',0.0,0.0,0.0);
#10529=DRAUGHTING_PRE_DEFINED_CURVE_FONT('continuous');
#10530=COLOUR_RGB('',0.0,0.0,0.0);
#10531=CARTESIAN_POINT('',(-0.270000000000114,7.64999999999999,1.24999999999994));
#10532=VECTOR('',#13843,1.0);
#10533=DRAUGHTING_PRE_DEFINED_CURVE_FONT('continuous');
#10534=COLOUR_RGB('',0.0,0.0,0.0);
#10535=CARTESIAN_POINT('',(-2.77,7.64999999999999,0.450000000000159));
#10536=VECTOR('',#13844,1.0);
#10537=PRE_DEFINED_MARKER('');
#10538=COLOUR_RGB('',0.0,0.0,0.0);
#10539=DRAUGHTING_PRE_DEFINED_CURVE_FONT('continuous');
#10540=COLOUR_RGB('',0.0,0.0,0.0);
#10541=CARTESIAN_POINT('',(-0.270000000000114,7.64999999999999,0.525000000000034));
#10542=VECTOR('',#13845,1.0);
#10543=SURFACE_SIDE_STYLE('',(#13846));
#10544=EDGE_LOOP('',(#13847,#13848,#13849,#13850));
#10545=EDGE_LOOP('',(#13851,#13852,#13853,#13854,#13855,#13856,#13857,#13858,#13859,#13860,#13861,#13862,#13863,#13864));
#10546=AXIS2_PLACEMENT_3D('',#13865,#13866,#13867);
#10547=DRAUGHTING_PRE_DEFINED_CURVE_FONT('continuous');
#10548=COLOUR_RGB('',0.87058824300766,0.87058824300766,0.87058824300766);
#10549=CARTESIAN_POINT('',(6.02999999999966,-2.54999999999999,-0.16665));
#10550=VECTOR('',#13868,1.0);
#10551=PRE_DEFINED_MARKER('');
#10552=COLOUR_RGB('',0.0,0.0,0.0);
#10553=DRAUGHTING_PRE_DEFINED_CURVE_FONT('continuous');
#10554=COLOUR_RGB('',0.87058824300766,0.87058824300766,0.87058824300766);
#10555=CARTESIAN_POINT('',(1.58999999999966,0.58720638732241,0.16665));
#10556=VECTOR('',#13869,1.0);
#10557=PRE_DEFINED_MARKER('');
#10558=COLOUR_RGB('',0.0,0.0,0.0);
#10559=DRAUGHTING_PRE_DEFINED_CURVE_FONT('continuous');
#10560=COLOUR_RGB('',0.0,0.0,0.0);
#10561=CARTESIAN_POINT('',(-7.745,0.0,0.775000000000091));
#10562=VECTOR('',#13870,1.0);
#10563=DRAUGHTING_PRE_DEFINED_CURVE_FONT('continuous');
#10564=COLOUR_RGB('',0.87058824300766,0.87058824300766,0.87058824300766);
#10565=CARTESIAN_POINT('',(-0.950000000000341,-2.54999999999999,0.16665));
#10566=VECTOR('',#13871,1.0);
#10567=DRAUGHTING_PRE_DEFINED_CURVE_FONT('continuous');
#10568=COLOUR_RGB('',0.0,0.0,0.0);
#10569=CARTESIAN_POINT('',(0.270000000000796,0.0,0.125));
#10570=VECTOR('',#13872,1.0);
#10571=DRAUGHTING_PRE_DEFINED_CURVE_FONT('continuous');
#10572=COLOUR_RGB('',0.0,0.0,0.0);
#10573=CARTESIAN_POINT('',(-0.270000000000114,7.65099999999999,1.5));
#10574=VECTOR('',#13873,1.0);
#10575=SURFACE_SIDE_STYLE('',(#13874));
#10576=EDGE_LOOP('',(#13875,#13876,#13877,#13878));
#10577=AXIS2_PLACEMENT_3D('',#13879,#13880,#13881);
#10578=DRAUGHTING_PRE_DEFINED_CURVE_FONT('continuous');
#10579=COLOUR_RGB('',0.87058824300766,0.87058824300766,0.87058824300766);
#10580=AXIS2_PLACEMENT_3D('',#13882,#13883,#13884);
#10581=SURFACE_SIDE_STYLE('',(#13885));
#10582=EDGE_LOOP('',(#13886,#13887,#13888,#13889,#13890,#13891,#13892,#13893,#13894,#13895,#13896,#13897));
#10583=AXIS2_PLACEMENT_3D('',#13898,#13899,#13900);
#10584=SURFACE_SIDE_STYLE('',(#13901));
#10585=EDGE_LOOP('',(#13902,#13903,#13904,#13905));
#10586=AXIS2_PLACEMENT_3D('',#13906,#13907,#13908);
#10587=SURFACE_SIDE_STYLE('',(#13909));
#10588=EDGE_LOOP('',(#13910,#13911,#13912,#13913));
#10589=AXIS2_PLACEMENT_3D('',#13914,#13915,#13916);
#10590=PRE_DEFINED_MARKER('');
#10591=COLOUR_RGB('',0.0,0.0,0.0);
#10592=PRE_DEFINED_MARKER('');
#10593=COLOUR_RGB('',0.0,0.0,0.0);
#10594=DRAUGHTING_PRE_DEFINED_CURVE_FONT('continuous');
#10595=COLOUR_RGB('',0.87058824300766,0.87058824300766,0.87058824300766);
#10596=CARTESIAN_POINT('',(-6.03000000000034,-2.54999999999999,0.16665));
#10597=VECTOR('',#13917,1.0);
#10598=PRE_DEFINED_MARKER('');
#10599=COLOUR_RGB('',0.0,0.0,0.0);
#10600=DRAUGHTING_PRE_DEFINED_CURVE_FONT('continuous');
#10601=COLOUR_RGB('',0.0,0.0,0.0);
#10602=CARTESIAN_POINT('',(-5.31,7.64999999999999,-0.449999999999932));
#10603=VECTOR('',#13918,1.0);
#10604=SURFACE_SIDE_STYLE('',(#13919));
#10605=EDGE_LOOP('',(#13920,#13921,#13922,#13923));
#10606=AXIS2_PLACEMENT_3D('',#13924,#13925,#13926);
#10607=DRAUGHTING_PRE_DEFINED_CURVE_FONT('continuous');
#10608=COLOUR_RGB('',0.0,0.0,0.0);
#10609=CARTESIAN_POINT('',(6.80000000000016,7.65049999999999,0.45000000000016));
#10610=VECTOR('',#13927,1.0);
#10611=DRAUGHTING_PRE_DEFINED_CURVE_FONT('continuous');
#10612=COLOUR_RGB('',0.87058824300766,0.87058824300766,0.87058824300766);
#10613=CARTESIAN_POINT('',(1.06999999999966,-3.19999999999999,0.16665));
#10614=VECTOR('',#13928,1.0);
#10615=PRE_DEFINED_MARKER('');
#10616=COLOUR_RGB('',0.87058824300766,0.87058824300766,0.87058824300766);
#10617=SURFACE_SIDE_STYLE('',(#13929));
#10618=EDGE_LOOP('',(#13930,#13931,#13932,#13933));
#10619=AXIS2_PLACEMENT_3D('',#13934,#13935,#13936);
#10620=DRAUGHTING_PRE_DEFINED_CURVE_FONT('continuous');
#10621=COLOUR_RGB('',0.87058824300766,0.87058824300766,0.87058824300766);
#10622=CARTESIAN_POINT('',(6.02999999999966,-2.54999999999999,0.16665));
#10623=VECTOR('',#13937,1.0);
#10624=PRE_DEFINED_MARKER('');
#10625=COLOUR_RGB('',0.0,0.0,0.0);
#10626=DRAUGHTING_PRE_DEFINED_CURVE_FONT('continuous');
#10627=COLOUR_RGB('',0.0,0.0,0.0);
#10628=CARTESIAN_POINT('',(2.8100000000008,0.740500000000222,-0.999999999999204));
#10629=VECTOR('',#13938,1.0);
#10630=PRE_DEFINED_MARKER('');
#10631=COLOUR_RGB('',1.0,0.0,0.0);
#10632=PRE_DEFINED_MARKER('');
#10633=COLOUR_RGB('',0.0,0.0,0.0);
#10634=DRAUGHTING_PRE_DEFINED_CURVE_FONT('continuous');
#10635=COLOUR_RGB('',0.0,0.0,0.0);
#10636=CARTESIAN_POINT('',(7.745,0.0,-1.25));
#10637=VECTOR('',#13939,1.0);
#10638=DRAUGHTING_PRE_DEFINED_CURVE_FONT('continuous');
#10639=COLOUR_RGB('',0.0,0.0,0.0);
#10640=CARTESIAN_POINT('',(3.36000000000007,8.00099999999996,1.5));
#10641=VECTOR('',#13940,1.0);
#10642=SURFACE_SIDE_STYLE('',(#13941));
#10643=EDGE_LOOP('',(#13942,#13943,#13944,#13945));
#10644=AXIS2_PLACEMENT_3D('',#13946,#13947,#13948);
#10645=PRE_DEFINED_MARKER('');
#10646=COLOUR_RGB('',0.0,0.0,0.0);
#10647=PRE_DEFINED_MARKER('');
#10648=COLOUR_RGB('',0.0,0.0,0.0);
#10649=DRAUGHTING_PRE_DEFINED_CURVE_FONT('continuous');
#10650=COLOUR_RGB('',0.0,0.0,0.0);
#10651=CARTESIAN_POINT('',(-4.8099999999992,0.302213113916717,0.16665));
#10652=VECTOR('',#13949,1.0);
#10653=PRE_DEFINED_MARKER('');
#10654=COLOUR_RGB('',0.0,0.0,0.0);
#10655=DRAUGHTING_PRE_DEFINED_CURVE_FONT('continuous');
#10656=COLOUR_RGB('',0.0,0.0,0.0);
#10657=CARTESIAN_POINT('',(-0.23,7.64999999999999,0.999999999999886));
#10658=VECTOR('',#13950,1.0);
#10659=PRE_DEFINED_MARKER('');
#10660=COLOUR_RGB('',0.0,0.0,0.0);
#10661=DRAUGHTING_PRE_DEFINED_CURVE_FONT('continuous');
#10662=COLOUR_RGB('',0.0,0.0,0.0);
#10663=CARTESIAN_POINT('',(-2.2699999999992,0.740500000000222,-0.999999999999204));
#10664=VECTOR('',#13951,1.0);
#10665=PRE_DEFINED_MARKER('');
#10666=COLOUR_RGB('',0.0,0.0,0.0);
#10667=DRAUGHTING_PRE_DEFINED_CURVE_FONT('continuous');
#10668=COLOUR_RGB('',0.0,0.0,0.0);
#10669=CARTESIAN_POINT('',(-2.81000000000011,4.37050000000003,-0.449999999999932));
#10670=VECTOR('',#13952,1.0);
#10671=DRAUGHTING_PRE_DEFINED_CURVE_FONT('continuous');
#10672=COLOUR_RGB('',0.0,0.0,0.0);
#10673=CARTESIAN_POINT('',(1.01999999999994,7.65099999999999,0.450000000000159));
#10674=VECTOR('',#13953,1.0);
#10675=PRE_DEFINED_MARKER('');
#10676=COLOUR_RGB('',0.0,0.0,0.0);
#10677=SURFACE_SIDE_STYLE('',(#13954));
#10678=EDGE_LOOP('',(#13955,#13956,#13957,#13958));
#10679=EDGE_LOOP('',(#13959,#13960,#13961,#13962,#13963,#13964,#13965,#13966,#13967,#13968,#13969,#13970,#13971,#13972));
#10680=AXIS2_PLACEMENT_3D('',#13973,#13974,#13975);
#10681=DRAUGHTING_PRE_DEFINED_CURVE_FONT('continuous');
#10682=COLOUR_RGB('',0.0,0.0,0.0);
#10683=CARTESIAN_POINT('',(-1.71999999999993,7.76274999999997,-0.212749999999948));
#10684=VECTOR('',#13976,0.999999999999999);
#10685=DRAUGHTING_PRE_DEFINED_CURVE_FONT('continuous');
#10686=COLOUR_RGB('',0.0,0.0,0.0);
#10687=CARTESIAN_POINT('',(-7.745,0.0,0.775000000000091));
#10688=VECTOR('',#13977,1.0);
#10689=DRAUGHTING_PRE_DEFINED_CURVE_FONT('continuous');
#10690=COLOUR_RGB('',0.87058824300766,0.87058824300766,0.87058824300766);
#10691=AXIS2_PLACEMENT_3D('',#13978,#13979,#13980);
#10692=DRAUGHTING_PRE_DEFINED_CURVE_FONT('continuous');
#10693=COLOUR_RGB('',0.0,0.0,0.0);
#10694=CARTESIAN_POINT('',(-2.2699999999992,0.0,1.13750000000005));
#10695=VECTOR('',#13981,1.0);
#10696=PRE_DEFINED_MARKER('');
#10697=COLOUR_RGB('',0.0,0.0,0.0);
#10698=DRAUGHTING_PRE_DEFINED_CURVE_FONT('continuous');
#10699=COLOUR_RGB('',0.87058824300766,0.87058824300766,0.87058824300766);
#10700=CARTESIAN_POINT('',(6.14999999999966,-3.19999999999999,0.16665));
#10701=VECTOR('',#13982,1.0);
#10702=PRE_DEFINED_MARKER('');
#10703=COLOUR_RGB('',0.0,0.0,0.0);
#10704=SURFACE_SIDE_STYLE('',(#13983));
#10705=EDGE_LOOP('',(#13984,#13985,#13986,#13987,#13988,#13989,#13990,#13991));
#10706=AXIS2_PLACEMENT_3D('',#13992,#13993,#13994);
#10707=SURFACE_SIDE_STYLE('',(#13995));
#10708=EDGE_LOOP('',(#13996,#13997,#13998,#13999));
#10709=AXIS2_PLACEMENT_3D('',#14000,#14001,#14002);
#10710=DRAUGHTING_PRE_DEFINED_CURVE_FONT('continuous');
#10711=COLOUR_RGB('',0.0,0.0,0.0);
#10712=CARTESIAN_POINT('',(7.29900000000017,8.49999999999997,1.375));
#10713=VECTOR('',#14003,1.0);
#10714=PRE_DEFINED_MARKER('');
#10715=COLOUR_RGB('',0.0,0.0,0.0);
#10716=DRAUGHTING_PRE_DEFINED_CURVE_FONT('continuous');
#10717=COLOUR_RGB('',0.87058824300766,0.87058824300766,0.87058824300766);
#10718=CARTESIAN_POINT('',(-1.47000000000034,-3.19999999999999,-0.16665));
#10719=VECTOR('',#14004,0.999999999999999);
#10720=PRE_DEFINED_MARKER('');
#10721=COLOUR_RGB('',0.87058824300766,0.87058824300766,0.87058824300766);
#10722=DRAUGHTING_PRE_DEFINED_CURVE_FONT('continuous');
#10723=COLOUR_RGB('',0.0,0.0,0.0);
#10724=CARTESIAN_POINT('',(-0.23,7.99999999999996,-0.449999999999932));
#10725=VECTOR('',#14005,1.0);
#10726=PRE_DEFINED_MARKER('');
#10727=COLOUR_RGB('',0.87058824300766,0.87058824300766,0.87058824300766);
#10728=DRAUGHTING_PRE_DEFINED_CURVE_FONT('continuous');
#10729=COLOUR_RGB('',0.0,0.0,0.0);
#10730=CARTESIAN_POINT('',(-4.8099999999992,4.19550000000011,0.450000000000159));
#10731=VECTOR('',#14006,1.0);
#10732=DRAUGHTING_PRE_DEFINED_CURVE_FONT('continuous');
#10733=COLOUR_RGB('',0.0,0.0,0.0);
#10734=CARTESIAN_POINT('',(5.37500000000003,7.65099999999999,-0.449999999999931));
#10735=VECTOR('',#14007,1.0);
#10736=SURFACE_SIDE_STYLE('',(#14008));
#10737=EDGE_LOOP('',(#14009,#14010,#14011,#14012));
#10738=AXIS2_PLACEMENT_3D('',#14013,#14014,#14015);
#10739=DRAUGHTING_PRE_DEFINED_CURVE_FONT('continuous');
#10740=COLOUR_RGB('',0.0,0.0,0.0);
#10741=CARTESIAN_POINT('',(5.35000000000079,0.670499999999998,0.624999999999983));
#10742=VECTOR('',#14016,1.0);
#10743=PRE_DEFINED_MARKER('');
#10744=COLOUR_RGB('',0.0,0.0,0.0);
#10745=PRE_DEFINED_MARKER('');
#10746=COLOUR_RGB('',0.0,0.0,0.0);
#10747=PRE_DEFINED_MARKER('');
#10748=COLOUR_RGB('',0.0,0.0,0.0);
#10749=PRE_DEFINED_MARKER('');
#10750=COLOUR_RGB('',0.0,0.0,0.0);
#10751=PRE_DEFINED_MARKER('');
#10752=COLOUR_RGB('',0.87058824300766,0.87058824300766,0.87058824300766);
#10753=PRE_DEFINED_MARKER('');
#10754=COLOUR_RGB('',0.0,0.0,0.0);
#10755=DRAUGHTING_PRE_DEFINED_CURVE_FONT('continuous');
#10756=COLOUR_RGB('',0.0,0.0,0.0);
#10757=CARTESIAN_POINT('',(2.86100000000005,8.49999999999997,1.375));
#10758=VECTOR('',#14017,1.0);
#10759=SURFACE_SIDE_STYLE('',(#14018));
#10760=EDGE_LOOP('',(#14019,#14020,#14021,#14022));
#10761=AXIS2_PLACEMENT_3D('',#14023,#14024,#14025);
#10762=PRE_DEFINED_MARKER('');
#10763=COLOUR_RGB('',0.0,0.0,0.0);
#10764=DRAUGHTING_PRE_DEFINED_CURVE_FONT('continuous');
#10765=COLOUR_RGB('',0.0,0.0,0.0);
#10766=CARTESIAN_POINT('',(-5.35000000000011,7.64999999999999,1.24999999999994));
#10767=VECTOR('',#14026,1.0);
#10768=DRAUGHTING_PRE_DEFINED_CURVE_FONT('continuous');
#10769=COLOUR_RGB('',0.87058824300766,0.87058824300766,0.87058824300766);
#10770=CARTESIAN_POINT('',(-3.49000000000034,-2.54999999999999,0.16665));
#10771=VECTOR('',#14027,1.0);
#10772=DRAUGHTING_PRE_DEFINED_CURVE_FONT('continuous');
#10773=COLOUR_RGB('',0.0,0.0,0.0);
#10774=CARTESIAN_POINT('',(-7.745,0.0,-0.775000000000091));
#10775=VECTOR('',#14028,1.0);
#10776=DRAUGHTING_PRE_DEFINED_CURVE_FONT('continuous');
#10777=COLOUR_RGB('',0.0,0.0,0.0);
#10778=CARTESIAN_POINT('',(-1.71999999999993,7.65099999999999,1.5));
#10779=VECTOR('',#14029,1.0);
#10780=SURFACE_SIDE_STYLE('',(#14030));
#10781=EDGE_LOOP('',(#14031,#14032,#14033,#14034));
#10782=AXIS2_PLACEMENT_3D('',#14035,#14036,#14037);
#10783=DRAUGHTING_PRE_DEFINED_CURVE_FONT('continuous');
#10784=COLOUR_RGB('',0.0,0.0,0.0);
#10785=CARTESIAN_POINT('',(6.80000000000016,7.82549999999998,-0.449999999999931));
#10786=VECTOR('',#14038,1.0);
#10787=PRE_DEFINED_MARKER('');
#10788=COLOUR_RGB('',0.0,0.0,0.0);
#10789=PRE_DEFINED_MARKER('');
#10790=COLOUR_RGB('',0.0,0.0,0.0);
#10791=SURFACE_SIDE_STYLE('',(#14039));
#10792=EDGE_LOOP('',(#14040,#14041,#14042,#14043));
#10793=AXIS2_PLACEMENT_3D('',#14044,#14045,#14046);
#10794=SURFACE_SIDE_STYLE('',(#14047));
#10795=EDGE_LOOP('',(#14048,#14049,#14050,#14051,#14052,#14053));
#10796=AXIS2_PLACEMENT_3D('',#14054,#14055,#14056);
#10797=DRAUGHTING_PRE_DEFINED_CURVE_FONT('continuous');
#10798=COLOUR_RGB('',0.0,0.0,0.0);
#10799=CARTESIAN_POINT('',(-2.2699999999992,0.753873053988997,0.833325));
#10800=VECTOR('',#14057,1.0);
#10801=DRAUGHTING_PRE_DEFINED_CURVE_FONT('continuous');
#10802=COLOUR_RGB('',0.0,0.0,0.0);
#10803=CARTESIAN_POINT('',(-6.98283333333329,8.18383333333331,-0.633833333333287));
#10804=VECTOR('',#14058,1.0);
#10805=PRE_DEFINED_MARKER('');
#10806=COLOUR_RGB('',0.0,0.0,0.0);
#10807=SURFACE_SIDE_STYLE('',(#14059));
#10808=EDGE_LOOP('',(#14060,#14061,#14062,#14063));
#10809=AXIS2_PLACEMENT_3D('',#14064,#14065,#14066);
#10810=DRAUGHTING_PRE_DEFINED_CURVE_FONT('continuous');
#10811=COLOUR_RGB('',0.0,0.0,0.0);
#10812=CARTESIAN_POINT('',(-5.89999999999984,7.68,0.75));
#10813=VECTOR('',#14067,1.0);
#10814=DRAUGHTING_PRE_DEFINED_CURVE_FONT('continuous');
#10815=COLOUR_RGB('',0.0,0.0,0.0);
#10816=CARTESIAN_POINT('',(-7.745,0.150000000000105,-0.625));
#10817=VECTOR('',#14068,1.0);
#10818=SURFACE_SIDE_STYLE('',(#14069));
#10819=EDGE_LOOP('',(#14070,#14071,#14072,#14073));
#10820=AXIS2_PLACEMENT_3D('',#14074,#14075,#14076);
#10821=SURFACE_SIDE_STYLE('',(#14077));
#10822=EDGE_LOOP('',(#14078,#14079,#14080,#14081));
#10823=EDGE_LOOP('',(#14082,#14083,#14084,#14085,#14086,#14087,#14088,#14089,#14090,#14091,#14092,#14093,#14094,#14095));
#10824=AXIS2_PLACEMENT_3D('',#14096,#14097,#14098);
#10825=DRAUGHTING_PRE_DEFINED_CURVE_FONT('continuous');
#10826=COLOUR_RGB('',0.87058824300766,0.87058824300766,0.87058824300766);
#10827=CARTESIAN_POINT('',(6.54999999999966,-3.19999999999999,0.16665));
#10828=VECTOR('',#14099,1.0);
#10829=SURFACE_SIDE_STYLE('',(#14100));
#10830=EDGE_LOOP('',(#14101,#14102,#14103,#14104));
#10831=AXIS2_PLACEMENT_3D('',#14105,#14106,#14107);
#10832=PRE_DEFINED_MARKER('');
#10833=COLOUR_RGB('',0.87058824300766,0.87058824300766,0.87058824300766);
#10834=DRAUGHTING_PRE_DEFINED_CURVE_FONT('continuous');
#10835=COLOUR_RGB('',0.0,0.0,0.0);
#10836=CARTESIAN_POINT('',(2.8100000000008,0.753873053988997,0.833325));
#10837=VECTOR('',#14108,1.0);
#10838=DRAUGHTING_PRE_DEFINED_CURVE_FONT('continuous');
#10839=COLOUR_RGB('',0.87058824300766,0.87058824300766,0.87058824300766);
#10840=CARTESIAN_POINT('',(1.58999999999966,-2.54999999999999,0.16665));
#10841=VECTOR('',#14109,1.0);
#10842=DRAUGHTING_PRE_DEFINED_CURVE_FONT('continuous');
#10843=COLOUR_RGB('',0.0,0.0,0.0);
#10844=CARTESIAN_POINT('',(6.80000000000016,8.17524999999993,0.625250000000129));
#10845=VECTOR('',#14110,0.999999999999999);
#10846=DRAUGHTING_PRE_DEFINED_CURVE_FONT('continuous');
#10847=COLOUR_RGB('',0.0,0.0,0.0);
#10848=CARTESIAN_POINT('',(-0.23,7.64999999999999,-0.449999999999932));
#10849=VECTOR('',#14111,1.0);
#10850=DRAUGHTING_PRE_DEFINED_CURVE_FONT('continuous');
#10851=COLOUR_RGB('',0.87058824300766,0.87058824300766,0.87058824300766);
#10852=CARTESIAN_POINT('',(-6.03000000000034,-2.54999999999999,-0.16665));
#10853=VECTOR('',#14112,1.0);
#10854=DRAUGHTING_PRE_DEFINED_CURVE_FONT('continuous');
#10855=COLOUR_RGB('',0.0,0.0,0.0);
#10856=CARTESIAN_POINT('',(-2.81000000000011,0.753873053989039,0.833325));
#10857=VECTOR('',#14113,1.0);
#10858=DRAUGHTING_PRE_DEFINED_CURVE_FONT('continuous');
#10859=COLOUR_RGB('',0.0,0.0,0.0);
#10860=CARTESIAN_POINT('',(-2.2699999999992,1.90282814901086,0.833325));
#10861=VECTOR('',#14114,1.0);
#10862=DRAUGHTING_PRE_DEFINED_CURVE_FONT('continuous');
#10863=COLOUR_RGB('',0.0,0.0,0.0);
#10864=CARTESIAN_POINT('',(-0.270000000000114,4.19550000000005,0.450000000000159));
#10865=VECTOR('',#14115,1.0);
#10866=DRAUGHTING_PRE_DEFINED_CURVE_FONT('continuous');
#10867=COLOUR_RGB('',0.87058824300766,0.87058824300766,0.87058824300766);
#10868=CARTESIAN_POINT('',(-4.29877934272298,0.753873053988997,-0.16665));
#10869=VECTOR('',#14116,1.0);
#10870=DRAUGHTING_PRE_DEFINED_CURVE_FONT('continuous');
#10871=COLOUR_RGB('',0.0,0.0,0.0);
#10872=CARTESIAN_POINT('',(-7.3499999999992,0.445500000000164,-0.625));
#10873=VECTOR('',#14117,1.0);
#10874=SURFACE_SIDE_STYLE('',(#14118));
#10875=EDGE_LOOP('',(#14119,#14120,#14121,#14122));
#10876=AXIS2_PLACEMENT_3D('',#14123,#14124,#14125);
#10877=DRAUGHTING_PRE_DEFINED_CURVE_FONT('continuous');
#10878=COLOUR_RGB('',0.0,0.0,0.0);
#10879=CARTESIAN_POINT('',(2.26999999999989,0.670499999999941,0.624999999999982));
#10880=VECTOR('',#14126,1.0);
#10881=PRE_DEFINED_MARKER('');
#10882=COLOUR_RGB('',0.0,0.0,0.0);
#10883=SURFACE_SIDE_STYLE('',(#14127));
#10884=EDGE_LOOP('',(#14128,#14129,#14130,#14131));
#10885=AXIS2_PLACEMENT_3D('',#14132,#14133,#14134);
#10886=DRAUGHTING_PRE_DEFINED_CURVE_FONT('continuous');
#10887=COLOUR_RGB('',0.0,0.0,0.0);
#10888=CARTESIAN_POINT('',(4.26000000000016,7.65049999999999,0.450000000000159));
#10889=VECTOR('',#14135,1.0);
#10890=DRAUGHTING_PRE_DEFINED_CURVE_FONT('continuous');
#10891=COLOUR_RGB('',0.0,0.0,0.0);
#10892=CARTESIAN_POINT('',(-0.270000000000114,4.37050000000003,-0.449999999999932));
#10893=VECTOR('',#14136,1.0);
#10894=DRAUGHTING_PRE_DEFINED_CURVE_FONT('continuous');
#10895=COLOUR_RGB('',0.0,0.0,0.0);
#10896=CARTESIAN_POINT('',(-4.25999999999993,8.26274999999992,0.712750000000119));
#10897=VECTOR('',#14137,0.999999999999999);
#10898=PRE_DEFINED_MARKER('');
#10899=COLOUR_RGB('',0.0,0.0,0.0);
#10900=DRAUGHTING_PRE_DEFINED_CURVE_FONT('continuous');
#10901=COLOUR_RGB('',0.87058824300766,0.87058824300766,0.87058824300766);
#10902=CARTESIAN_POINT('',(-3.49000000000034,0.58720638732241,0.16665));
#10903=VECTOR('',#14138,1.0);
#10904=SURFACE_SIDE_STYLE('',(#14139));
#10905=EDGE_LOOP('',(#14140,#14141,#14142,#14143));
#10906=AXIS2_PLACEMENT_3D('',#14144,#14145,#14146);
#10907=SURFACE_SIDE_STYLE('',(#14147));
#10908=EDGE_LOOP('',(#14148,#14149,#14150,#14151));
#10909=AXIS2_PLACEMENT_3D('',#14152,#14153,#14154);
#10910=PRE_DEFINED_MARKER('');
#10911=COLOUR_RGB('',0.0,0.0,0.0);
#10912=PRE_DEFINED_MARKER('');
#10913=COLOUR_RGB('',0.0,0.0,0.0);
#10914=DRAUGHTING_PRE_DEFINED_CURVE_FONT('continuous');
#10915=COLOUR_RGB('',0.0,0.0,0.0);
#10916=CARTESIAN_POINT('',(-2.81000000000011,0.740500000000165,-0.999999999999204));
#10917=VECTOR('',#14155,1.0);
#10918=DRAUGHTING_PRE_DEFINED_CURVE_FONT('continuous');
#10919=COLOUR_RGB('',0.0,0.0,0.0);
#10920=CARTESIAN_POINT('',(-3.9875,8.49999999999997,0.950000000000173));
#10921=VECTOR('',#14156,1.0);
#10922=PRE_DEFINED_MARKER('');
#10923=COLOUR_RGB('',0.87058824300766,0.87058824300766,0.87058824300766);
#10924=DRAUGHTING_PRE_DEFINED_CURVE_FONT('continuous');
#10925=COLOUR_RGB('',0.0,0.0,0.0);
#10926=CARTESIAN_POINT('',(2.8100000000008,0.302213113916717,0.16665));
#10927=VECTOR('',#14157,1.0);
#10928=DRAUGHTING_PRE_DEFINED_CURVE_FONT('continuous');
#10929=COLOUR_RGB('',0.0,0.0,0.0);
#10930=CARTESIAN_POINT('',(2.8100000000008,0.302213113916717,-0.16665));
#10931=VECTOR('',#14158,1.0);
#10932=PRE_DEFINED_MARKER('');
#10933=COLOUR_RGB('',0.0,0.0,0.0);
#10934=PRE_DEFINED_MARKER('');
#10935=COLOUR_RGB('',0.0,0.0,0.0);
#10936=PRE_DEFINED_MARKER('');
#10937=COLOUR_RGB('',0.87058824300766,0.87058824300766,0.87058824300766);
#10938=PRE_DEFINED_MARKER('');
#10939=COLOUR_RGB('',1.0,0.0,0.0);
#10940=DRAUGHTING_PRE_DEFINED_CURVE_FONT('continuous');
#10941=COLOUR_RGB('',0.0,0.0,0.0);
#10942=CARTESIAN_POINT('',(-5.35000000000011,0.670499999999941,0.624999999999982));
#10943=VECTOR('',#14159,1.0);
#10944=PRE_DEFINED_MARKER('');
#10945=COLOUR_RGB('',0.87058824300766,0.87058824300766,0.87058824300766);
#10946=SURFACE_SIDE_STYLE('',(#14160));
#10947=EDGE_LOOP('',(#14161,#14162,#14163,#14164));
#10948=AXIS2_PLACEMENT_3D('',#14165,#14166,#14167);
#10949=PRE_DEFINED_MARKER('');
#10950=COLOUR_RGB('',0.0,0.0,0.0);
#10951=DRAUGHTING_PRE_DEFINED_CURVE_FONT('continuous');
#10952=COLOUR_RGB('',0.0,0.0,0.0);
#10953=CARTESIAN_POINT('',(0.295000000000035,7.65099999999999,0.450000000000159));
#10954=VECTOR('',#14168,1.0);
#10955=DRAUGHTING_PRE_DEFINED_CURVE_FONT('continuous');
#10956=COLOUR_RGB('',0.0,0.0,0.0);
#10957=CARTESIAN_POINT('',(-3.35999999999984,7.65099999999999,1.5));
#10958=VECTOR('',#14169,1.0);
#10959=DRAUGHTING_PRE_DEFINED_CURVE_FONT('continuous');
#10960=COLOUR_RGB('',0.0,0.0,0.0);
#10961=CARTESIAN_POINT('',(-2.81000000000011,4.19550000000005,0.450000000000159));
#10962=VECTOR('',#14170,1.0);
#10963=SURFACE_SIDE_STYLE('',(#14171));
#10964=EDGE_LOOP('',(#14172,#14173,#14174,#14175));
#10965=AXIS2_PLACEMENT_3D('',#14176,#14177,#14178);
#10966=DRAUGHTING_PRE_DEFINED_CURVE_FONT('continuous');
#10967=COLOUR_RGB('',0.87058824300766,0.87058824300766,0.87058824300766);
#10968=CARTESIAN_POINT('',(6.66999999999966,-2.54999999999999,-0.16665));
#10969=VECTOR('',#14179,1.0);
#10970=PRE_DEFINED_MARKER('');
#10971=COLOUR_RGB('',0.0,0.0,0.0);
#10972=DRAUGHTING_PRE_DEFINED_CURVE_FONT('continuous');
#10973=COLOUR_RGB('',0.0,0.0,0.0);
#10974=CARTESIAN_POINT('',(-4.78499999999997,7.65099999999999,-0.449999999999932));
#10975=VECTOR('',#14180,1.0);
#10976=DRAUGHTING_PRE_DEFINED_CURVE_FONT('continuous');
#10977=COLOUR_RGB('',0.87058824300766,0.87058824300766,0.87058824300766);
#10978=CARTESIAN_POINT('',(-4.13000000000034,-2.54999999999999,0.16665));
#10979=VECTOR('',#14181,1.0);
#10980=PRE_DEFINED_MARKER('');
#10981=COLOUR_RGB('',0.0,0.0,0.0);
#10982=DRAUGHTING_PRE_DEFINED_CURVE_FONT('continuous');
#10983=COLOUR_RGB('',0.87058824300766,0.87058824300766,0.87058824300766);
#10984=CARTESIAN_POINT('',(1.75877934272298,0.753873053989039,0.16665));
#10985=VECTOR('',#14182,1.0);
#10986=PRE_DEFINED_MARKER('');
#10987=COLOUR_RGB('',0.0,0.0,0.0);
#10988=PRE_DEFINED_MARKER('');
#10989=COLOUR_RGB('',0.87058824300766,0.87058824300766,0.87058824300766);
#10990=DRAUGHTING_PRE_DEFINED_CURVE_FONT('continuous');
#10991=COLOUR_RGB('',0.87058824300766,0.87058824300766,0.87058824300766);
#10992=CARTESIAN_POINT('',(-5.86122065727702,0.753873053989039,0.16665));
#10993=VECTOR('',#14183,1.0);
#10994=DRAUGHTING_PRE_DEFINED_CURVE_FONT('continuous');
#10995=COLOUR_RGB('',0.0,0.0,0.0);
#10996=CARTESIAN_POINT('',(6.09999999999994,7.65099999999999,0.45000000000016));
#10997=VECTOR('',#14184,1.0);
#10998=PRE_DEFINED_MARKER('');
#10999=COLOUR_RGB('',0.0,0.0,0.0);
#11000=DRAUGHTING_PRE_DEFINED_CURVE_FONT('continuous');
#11001=COLOUR_RGB('',0.87058824300766,0.87058824300766,0.87058824300766);
#11002=CARTESIAN_POINT('',(-6.55000000000034,-3.19999999999999,0.16665));
#11003=VECTOR('',#14185,1.0);
#11004=DRAUGHTING_PRE_DEFINED_CURVE_FONT('continuous');
#11005=COLOUR_RGB('',0.0,0.0,0.0);
#11006=CARTESIAN_POINT('',(2.26999999999989,1.90282814901086,0.833325));
#11007=VECTOR('',#14186,1.0);
#11008=DRAUGHTING_PRE_DEFINED_CURVE_FONT('continuous');
#11009=COLOUR_RGB('',0.0,0.0,0.0);
#11010=CARTESIAN_POINT('',(-7.85,7.64999999999999,0.450000000000159));
#11011=VECTOR('',#14187,1.0);
#11012=PRE_DEFINED_MARKER('');
#11013=COLOUR_RGB('',0.87058824300766,0.87058824300766,0.87058824300766);
#11014=PRE_DEFINED_MARKER('');
#11015=COLOUR_RGB('',0.0,0.0,0.0);
#11016=PRE_DEFINED_MARKER('');
#11017=COLOUR_RGB('',0.0,0.0,0.0);
#11018=DRAUGHTING_PRE_DEFINED_CURVE_FONT('continuous');
#11019=COLOUR_RGB('',0.87058824300766,0.87058824300766,0.87058824300766);
#11020=CARTESIAN_POINT('',(6.02999999999966,0.587206387322199,0.16665));
#11021=VECTOR('',#14188,1.0);
#11022=PRE_DEFINED_MARKER('');
#11023=COLOUR_RGB('',0.87058824300766,0.87058824300766,0.87058824300766);
#11024=PRE_DEFINED_MARKER('');
#11025=COLOUR_RGB('',0.0,0.0,0.0);
#11026=SURFACE_SIDE_STYLE('',(#14189));
#11027=EDGE_LOOP('',(#14190,#14191,#14192,#14193));
#11028=AXIS2_PLACEMENT_3D('',#14194,#14195,#14196);
#11029=DRAUGHTING_PRE_DEFINED_CURVE_FONT('continuous');
#11030=COLOUR_RGB('',0.0,0.0,0.0);
#11031=CARTESIAN_POINT('',(-7.3499999999992,4.19550000000011,0.450000000000159));
#11032=VECTOR('',#14197,1.0);
#11033=DRAUGHTING_PRE_DEFINED_CURVE_FONT('continuous');
#11034=COLOUR_RGB('',0.0,0.0,0.0);
#11035=CARTESIAN_POINT('',(2.26999999999989,0.30221311391666,0.16665));
#11036=VECTOR('',#14198,1.0);
#11037=DRAUGHTING_PRE_DEFINED_CURVE_FONT('continuous');
#11038=COLOUR_RGB('',0.0,0.0,0.0);
#11039=CARTESIAN_POINT('',(2.26999999999989,0.599999999999994,0.437500000000001));
#11040=VECTOR('',#14199,1.0);
#11041=DRAUGHTING_PRE_DEFINED_CURVE_FONT('continuous');
#11042=COLOUR_RGB('',0.0,0.0,0.0);
#11043=CARTESIAN_POINT('',(1.56950000000011,7.8504999999999,0.300500000000106));
#11044=VECTOR('',#14200,1.0);
#11045=DRAUGHTING_PRE_DEFINED_CURVE_FONT('continuous');
#11046=COLOUR_RGB('',0.0,0.0,0.0);
#11047=CARTESIAN_POINT('',(-0.270000000000114,0.670499999999941,0.624999999999982));
#11048=VECTOR('',#14201,1.0);
#11049=PRE_DEFINED_MARKER('');
#11050=COLOUR_RGB('',0.0,0.0,0.0);
#11051=DRAUGHTING_PRE_DEFINED_CURVE_FONT('continuous');
#11052=COLOUR_RGB('',0.0,0.0,0.0);
#11053=CARTESIAN_POINT('',(-2.7175,8.49999999999997,0.950000000000173));
#11054=VECTOR('',#14202,1.0);
#11055=DRAUGHTING_PRE_DEFINED_CURVE_FONT('continuous');
#11056=COLOUR_RGB('',0.0,0.0,0.0);
#11057=CARTESIAN_POINT('',(-0.270000000000114,0.740500000000109,0.999999999999886));
#11058=VECTOR('',#14203,1.0);
#11059=DRAUGHTING_PRE_DEFINED_CURVE_FONT('continuous');
#11060=COLOUR_RGB('',0.87058824300766,0.87058824300766,0.87058824300766);
#11061=CARTESIAN_POINT('',(-6.55000000000034,-3.19999999999999,-0.16665));
#11062=VECTOR('',#14204,0.999999999999999);
#11063=PRE_DEFINED_MARKER('');
#11064=COLOUR_RGB('',0.0,0.0,0.0);
#11065=DRAUGHTING_PRE_DEFINED_CURVE_FONT('continuous');
#11066=COLOUR_RGB('',0.0,0.0,0.0);
#11067=AXIS2_PLACEMENT_3D('',#14205,#14206,#14207);
#11068=DRAUGHTING_PRE_DEFINED_CURVE_FONT('continuous');
#11069=COLOUR_RGB('',0.87058824300766,0.87058824300766,0.87058824300766);
#11070=CARTESIAN_POINT('',(4.12999999999966,-2.54999999999999,-0.16665));
#11071=VECTOR('',#14208,1.0);
#11072=DRAUGHTING_PRE_DEFINED_CURVE_FONT('continuous');
#11073=COLOUR_RGB('',0.0,0.0,0.0);
#11074=CARTESIAN_POINT('',(-7.3499999999992,0.302213113916717,0.166649999999999));
#11075=VECTOR('',#14209,1.0);
#11076=PRE_DEFINED_MARKER('');
#11077=COLOUR_RGB('',0.0,0.0,0.0);
#11078=PRE_DEFINED_MARKER('');
#11079=COLOUR_RGB('',0.0,0.0,0.0);
#11080=PRE_DEFINED_MARKER('');
#11081=COLOUR_RGB('',0.0,0.0,0.0);
#11082=DRAUGHTING_PRE_DEFINED_CURVE_FONT('continuous');
#11083=COLOUR_RGB('',0.87058824300766,0.87058824300766,0.87058824300766);
#11084=CARTESIAN_POINT('',(-6.15000000000034,-3.19999999999999,-0.16665));
#11085=VECTOR('',#14210,1.0);
#11086=SURFACE_SIDE_STYLE('',(#14211));
#11087=EDGE_LOOP('',(#14212,#14213,#14214,#14215));
#11088=AXIS2_PLACEMENT_3D('',#14216,#14217,#14218);
#11089=DRAUGHTING_PRE_DEFINED_CURVE_FONT('continuous');
#11090=COLOUR_RGB('',0.0,0.0,0.0);
#11091=CARTESIAN_POINT('',(4.80999999999989,0.0,1.13750000000005));
#11092=VECTOR('',#14219,1.0);
#11093=PRE_DEFINED_MARKER('');
#11094=COLOUR_RGB('',0.0,0.0,0.0);
#11095=SURFACE_SIDE_STYLE('',(#14220));
#11096=EDGE_LOOP('',(#14221,#14222,#14223,#14224));
#11097=AXIS2_PLACEMENT_3D('',#14225,#14226,#14227);
#11098=SURFACE_SIDE_STYLE('',(#14228));
#11099=EDGE_LOOP('',(#14229,#14230,#14231,#14232));
#11100=AXIS2_PLACEMENT_3D('',#14233,#14234,#14235);
#11101=DRAUGHTING_PRE_DEFINED_CURVE_FONT('continuous');
#11102=COLOUR_RGB('',0.87058824300766,0.87058824300766,0.87058824300766);
#11103=CARTESIAN_POINT('',(1.58999999999966,-2.54999999999999,0.16665));
#11104=VECTOR('',#14236,1.0);
#11105=SURFACE_SIDE_STYLE('',(#14237));
#11106=EDGE_LOOP('',(#14238,#14239,#14240,#14241));
#11107=AXIS2_PLACEMENT_3D('',#14242,#14243,#14244);
#11108=SURFACE_SIDE_STYLE('',(#14245));
#11109=EDGE_LOOP('',(#14246,#14247,#14248,#14249));
#11110=AXIS2_PLACEMENT_3D('',#14250,#14251,#14252);
#11111=PRE_DEFINED_MARKER('');
#11112=COLOUR_RGB('',0.0,0.0,0.0);
#11113=PRE_DEFINED_MARKER('');
#11114=COLOUR_RGB('',0.87058824300766,0.87058824300766,0.87058824300766);
#11115=DRAUGHTING_PRE_DEFINED_CURVE_FONT('continuous');
#11116=COLOUR_RGB('',0.0,0.0,0.0);
#11117=CARTESIAN_POINT('',(-3.9875,0.0,0.999999999999886));
#11118=VECTOR('',#14253,1.0);
#11119=DRAUGHTING_PRE_DEFINED_CURVE_FONT('continuous');
#11120=COLOUR_RGB('',0.0,0.0,0.0);
#11121=CARTESIAN_POINT('',(3.36000000000007,8.00049999999996,-0.449999999999932));
#11122=VECTOR('',#14254,1.0);
#11123=PRE_DEFINED_MARKER('');
#11124=COLOUR_RGB('',0.87058824300766,0.87058824300766,0.87058824300766);
#11125=DRAUGHTING_PRE_DEFINED_CURVE_FONT('continuous');
#11126=COLOUR_RGB('',0.0,0.0,0.0);
#11127=CARTESIAN_POINT('',(2.26999999999989,0.740500000000109,0.999999999999886));
#11128=VECTOR('',#14255,1.0);
#11129=PRE_DEFINED_MARKER('');
#11130=COLOUR_RGB('',0.0,0.0,0.0);
#11131=PRE_DEFINED_MARKER('');
#11132=COLOUR_RGB('',1.0,0.0,0.0);
#11133=DRAUGHTING_PRE_DEFINED_CURVE_FONT('continuous');
#11134=COLOUR_RGB('',0.0,0.0,0.0);
#11135=CARTESIAN_POINT('',(5.35000000000079,0.740500000000165,0.999999999999887));
#11136=VECTOR('',#14256,1.0);
#11137=DRAUGHTING_PRE_DEFINED_CURVE_FONT('continuous');
#11138=COLOUR_RGB('',0.0,0.0,0.0);
#11139=CARTESIAN_POINT('',(-2.2699999999992,7.64999999999999,0.525000000000034));
#11140=VECTOR('',#14257,1.0);
#11141=PRE_DEFINED_MARKER('');
#11142=COLOUR_RGB('',0.0,0.0,0.0);
#11143=SURFACE_SIDE_STYLE('',(#14258));
#11144=EDGE_LOOP('',(#14259,#14260,#14261,#14262,#14263,#14264,#14265,#14266,#14267,#14268,#14269,#14270));
#11145=AXIS2_PLACEMENT_3D('',#14271,#14272,#14273);
#11146=DRAUGHTING_PRE_DEFINED_CURVE_FONT('continuous');
#11147=COLOUR_RGB('',0.0,0.0,0.0);
#11148=CARTESIAN_POINT('',(-0.819999999999841,8.00099999999996,1.5));
#11149=VECTOR('',#14274,1.0);
#11150=PRE_DEFINED_MARKER('');
#11151=COLOUR_RGB('',0.0,0.0,0.0);
#11152=PRE_DEFINED_MARKER('');
#11153=COLOUR_RGB('',0.0,0.0,0.0);
#11154=PRE_DEFINED_MARKER('');
#11155=COLOUR_RGB('',0.0,0.0,0.0);
#11156=DRAUGHTING_PRE_DEFINED_CURVE_FONT('continuous');
#11157=COLOUR_RGB('',0.0,0.0,0.0);
#11158=CARTESIAN_POINT('',(-7.745,0.150000000000006,0.625000000000113));
#11159=VECTOR('',#14275,1.0);
#11160=DRAUGHTING_PRE_DEFINED_CURVE_FONT('continuous');
#11161=COLOUR_RGB('',0.0,0.0,0.0);
#11162=CARTESIAN_POINT('',(4.80999999999989,1.90282814901086,0.833325));
#11163=VECTOR('',#14276,1.0);
#11164=PRE_DEFINED_MARKER('');
#11165=COLOUR_RGB('',0.87058824300766,0.87058824300766,0.87058824300766);
#11166=DRAUGHTING_PRE_DEFINED_CURVE_FONT('continuous');
#11167=COLOUR_RGB('',0.0,0.0,0.0);
#11168=CARTESIAN_POINT('',(-2.81000000000011,1.90282814901086,0.833325));
#11169=VECTOR('',#14277,1.0);
#11170=SURFACE_SIDE_STYLE('',(#14278));
#11171=EDGE_LOOP('',(#14279,#14280,#14281,#14282,#14283,#14284));
#11172=AXIS2_PLACEMENT_3D('',#14285,#14286,#14287);
#11173=SURFACE_SIDE_STYLE('',(#14288));
#11174=EDGE_LOOP('',(#14289,#14290,#14291,#14292,#14293,#14294,#14295,#14296,#14297,#14298,#14299,#14300));
#11175=AXIS2_PLACEMENT_3D('',#14301,#14302,#14303);
#11176=DRAUGHTING_PRE_DEFINED_CURVE_FONT('continuous');
#11177=COLOUR_RGB('',0.0,0.0,0.0);
#11178=CARTESIAN_POINT('',(4.80999999999989,0.740500000000109,0.999999999999887));
#11179=VECTOR('',#14304,1.0);
#11180=DRAUGHTING_PRE_DEFINED_CURVE_FONT('continuous');
#11181=COLOUR_RGB('',0.0,0.0,0.0);
#11182=CARTESIAN_POINT('',(0.270000000000796,4.37050000000009,-0.449999999999932));
#11183=VECTOR('',#14305,1.0);
#11184=DRAUGHTING_PRE_DEFINED_CURVE_FONT('continuous');
#11185=COLOUR_RGB('',0.0,0.0,0.0);
#11186=CARTESIAN_POINT('',(-7.745,0.0,-0.775000000000091));
#11187=VECTOR('',#14306,1.0);
#11188=DRAUGHTING_PRE_DEFINED_CURVE_FONT('continuous');
#11189=COLOUR_RGB('',0.0,0.0,0.0);
#11190=CARTESIAN_POINT('',(0.820000000000069,8.26274999999992,0.712750000000119));
#11191=VECTOR('',#14307,0.999999999999999);
#11192=DRAUGHTING_PRE_DEFINED_CURVE_FONT('continuous');
#11193=COLOUR_RGB('',0.0,0.0,0.0);
#11194=AXIS2_PLACEMENT_3D('',#14308,#14309,#14310);
#11195=DRAUGHTING_PRE_DEFINED_CURVE_FONT('continuous');
#11196=COLOUR_RGB('',0.0,0.0,0.0);
#11197=CARTESIAN_POINT('',(-2.81000000000011,0.30221311391666,-0.16665));
#11198=VECTOR('',#14311,1.0);
#11199=DRAUGHTING_PRE_DEFINED_CURVE_FONT('continuous');
#11200=COLOUR_RGB('',0.0,0.0,0.0);
#11201=CARTESIAN_POINT('',(5.34999999999989,7.65099999999999,1.5));
#11202=VECTOR('',#14312,1.0);
#11203=DRAUGHTING_PRE_DEFINED_CURVE_FONT('continuous');
#11204=COLOUR_RGB('',0.0,0.0,0.0);
#11205=CARTESIAN_POINT('',(-2.81000000000011,0.0,1.13750000000005));
#11206=VECTOR('',#14313,1.0);
#11207=PRE_DEFINED_MARKER('');
#11208=COLOUR_RGB('',0.0,0.0,0.0);
#11209=PRE_DEFINED_MARKER('');
#11210=COLOUR_RGB('',0.0,0.0,0.0);
#11211=DRAUGHTING_PRE_DEFINED_CURVE_FONT('continuous');
#11212=COLOUR_RGB('',0.0,0.0,0.0);
#11213=CARTESIAN_POINT('',(0.820000000000069,7.65099999999999,1.5));
#11214=VECTOR('',#14314,1.0);
#11215=PRE_DEFINED_MARKER('');
#11216=COLOUR_RGB('',0.0,0.0,0.0);
#11217=DRAUGHTING_PRE_DEFINED_CURVE_FONT('continuous');
#11218=COLOUR_RGB('',0.0,0.0,0.0);
#11219=CARTESIAN_POINT('',(2.26999999999989,7.64999999999999,0.525000000000034));
#11220=VECTOR('',#14315,1.0);
#11221=SURFACE_SIDE_STYLE('',(#14316));
#11222=EDGE_LOOP('',(#14317,#14318,#14319,#14320,#14321,#14322,#14323,#14324));
#11223=AXIS2_PLACEMENT_3D('',#14325,#14326,#14327);
#11224=DRAUGHTING_PRE_DEFINED_CURVE_FONT('continuous');
#11225=COLOUR_RGB('',1.0,0.0,0.0);
#11226=CARTESIAN_POINT('',(-6.03,7.68,0.0));
#11227=VECTOR('',#14328,1.0);
#11228=PRE_DEFINED_MARKER('');
#11229=COLOUR_RGB('',0.0,0.0,0.0);
#11230=PRE_DEFINED_MARKER('');
#11231=COLOUR_RGB('',0.0,0.0,0.0);
#11232=DRAUGHTING_PRE_DEFINED_CURVE_FONT('continuous');
#11233=COLOUR_RGB('',0.87058824300766,0.87058824300766,0.87058824300766);
#11234=CARTESIAN_POINT('',(0.949999999999659,-2.54999999999999,0.16665));
#11235=VECTOR('',#14329,1.0);
#11236=PRE_DEFINED_MARKER('');
#11237=COLOUR_RGB('',0.0,0.0,0.0);
#11238=SURFACE_SIDE_STYLE('',(#14330));
#11239=EDGE_LOOP('',(#14331,#14332,#14333,#14334));
#11240=AXIS2_PLACEMENT_3D('',#14335,#14336,#14337);
#11241=PRE_DEFINED_MARKER('');
#11242=COLOUR_RGB('',0.0,0.0,0.0);
#11243=DRAUGHTING_PRE_DEFINED_CURVE_FONT('continuous');
#11244=COLOUR_RGB('',0.0,0.0,0.0);
#11245=CARTESIAN_POINT('',(1.72000000000016,7.65099999999999,1.5));
#11246=VECTOR('',#14338,1.0);
#11247=DRAUGHTING_PRE_DEFINED_CURVE_FONT('continuous');
#11248=COLOUR_RGB('',0.87058824300766,0.87058824300766,0.87058824300766);
#11249=CARTESIAN_POINT('',(-1.47000000000034,-3.19999999999999,0.16665));
#11250=VECTOR('',#14339,0.999999999999999);
#11251=PRE_DEFINED_MARKER('');
#11252=COLOUR_RGB('',0.0,0.0,0.0);
#11253=DRAUGHTING_PRE_DEFINED_CURVE_FONT('continuous');
#11254=COLOUR_RGB('',0.0,0.0,0.0);
#11255=CARTESIAN_POINT('',(-7.745,0.150000000000006,0.625000000000113));
#11256=VECTOR('',#14340,1.0);
#11257=PRE_DEFINED_MARKER('');
#11258=COLOUR_RGB('',0.0,0.0,0.0);
#11259=DRAUGHTING_PRE_DEFINED_CURVE_FONT('continuous');
#11260=COLOUR_RGB('',0.87058824300766,0.87058824300766,0.87058824300766);
#11261=CARTESIAN_POINT('',(5.86122065727702,0.753873053988997,0.16665));
#11262=VECTOR('',#14341,1.0);
#11263=DRAUGHTING_PRE_DEFINED_CURVE_FONT('continuous');
#11264=COLOUR_RGB('',0.0,0.0,0.0);
#11265=CARTESIAN_POINT('',(-2.77,7.64999999999999,-1.00000000000011));
#11266=VECTOR('',#14342,1.0);
#11267=DRAUGHTING_PRE_DEFINED_CURVE_FONT('continuous');
#11268=COLOUR_RGB('',0.0,0.0,0.0);
#11269=CARTESIAN_POINT('',(-2.77,7.99999999999996,0.450000000000159));
#11270=VECTOR('',#14343,1.0);
#11271=DRAUGHTING_PRE_DEFINED_CURVE_FONT('continuous');
#11272=COLOUR_RGB('',0.0,0.0,0.0);
#11273=CARTESIAN_POINT('',(-5.89999999999984,8.17524999999993,0.625250000000128));
#11274=VECTOR('',#14344,0.999999999999999);
#11275=DRAUGHTING_PRE_DEFINED_CURVE_FONT('continuous');
#11276=COLOUR_RGB('',0.87058824300766,0.87058824300766,0.87058824300766);
#11277=CARTESIAN_POINT('',(0.949999999999659,-2.54999999999999,-0.16665));
#11278=VECTOR('',#14345,1.0);
#11279=DRAUGHTING_PRE_DEFINED_CURVE_FONT('continuous');
#11280=COLOUR_RGB('',0.87058824300766,0.87058824300766,0.87058824300766);
#11281=CARTESIAN_POINT('',(-6.03000000000034,-2.54999999999999,-0.16665));
#11282=VECTOR('',#14346,1.0);
#11283=PRE_DEFINED_MARKER('');
#11284=COLOUR_RGB('',0.0,0.0,0.0);
#11285=PRE_DEFINED_MARKER('');
#11286=COLOUR_RGB('',0.87058824300766,0.87058824300766,0.87058824300766);
#11287=DRAUGHTING_PRE_DEFINED_CURVE_FONT('continuous');
#11288=COLOUR_RGB('',0.0,0.0,0.0);
#11289=CARTESIAN_POINT('',(2.26999999999989,0.0,1.13750000000005));
#11290=VECTOR('',#14347,1.0);
#11291=PRE_DEFINED_MARKER('');
#11292=COLOUR_RGB('',0.0,0.0,0.0);
#11293=DRAUGHTING_PRE_DEFINED_CURVE_FONT('continuous');
#11294=COLOUR_RGB('',0.0,0.0,0.0);
#11295=CARTESIAN_POINT('',(-2.2699999999992,0.445500000000164,-0.625));
#11296=VECTOR('',#14348,1.0);
#11297=PRE_DEFINED_MARKER('');
#11298=COLOUR_RGB('',0.0,0.0,0.0);
#11299=PRE_DEFINED_MARKER('');
#11300=COLOUR_RGB('',0.0,0.0,0.0);
#11301=PRE_DEFINED_MARKER('');
#11302=COLOUR_RGB('',0.0,0.0,0.0);
#11303=DRAUGHTING_PRE_DEFINED_CURVE_FONT('continuous');
#11304=COLOUR_RGB('',0.0,0.0,0.0);
#11305=CARTESIAN_POINT('',(-6.60000000000006,7.65099999999999,-0.449999999999932));
#11306=VECTOR('',#14349,1.0);
#11307=DRAUGHTING_PRE_DEFINED_CURVE_FONT('continuous');
#11308=COLOUR_RGB('',0.0,0.0,0.0);
#11309=CARTESIAN_POINT('',(2.8100000000008,0.0,1.13750000000005));
#11310=VECTOR('',#14350,1.0);
#11311=DRAUGHTING_PRE_DEFINED_CURVE_FONT('continuous');
#11312=COLOUR_RGB('',0.87058824300766,0.87058824300766,0.87058824300766);
#11313=CARTESIAN_POINT('',(-1.75877934272298,0.753873053988883,0.16665));
#11314=VECTOR('',#14351,1.0);
#11315=PRE_DEFINED_MARKER('');
#11316=COLOUR_RGB('',0.0,0.0,0.0);
#11318=SURFACE_STYLE_FILL_AREA(#14352);
#11319=ORIENTED_EDGE('',*,*,#2462,.T.);
#11320=ORIENTED_EDGE('',*,*,#3366,.T.);
#11321=ORIENTED_EDGE('',*,*,#3062,.T.);
#11322=ORIENTED_EDGE('',*,*,#3004,.F.);
#11323=CARTESIAN_POINT('',(-7.745,0.599999999999994,-0.625));
#11324=DIRECTION('',(0.0,-1.0,0.0));
#11325=DIRECTION('',(6.12303176911189E-017,0.0,-1.0));
#11326=DIRECTION('',(0.0,1.0,0.0));
#11327=SURFACE_STYLE_FILL_AREA(#14353);
#11328=ORIENTED_EDGE('',*,*,#2104,.T.);
#11329=ORIENTED_EDGE('',*,*,#2028,.F.);
#11330=ORIENTED_EDGE('',*,*,#3868,.T.);
#11331=ORIENTED_EDGE('',*,*,#2782,.T.);
#11332=CARTESIAN_POINT('',(-4.13000000000034,0.587206387322199,0.16665));
#11333=DIRECTION('',(-1.0,0.0,-1.22460635382238E-016));
#11334=DIRECTION('',(0.0,1.0,0.0));
#11335=DIRECTION('',(-1.0,0.0,-1.22460635382238E-016));
#11336=DIRECTION('',(1.0,0.0,1.22460635382238E-016));
#11337=SURFACE_STYLE_FILL_AREA(#14354);
#11338=ORIENTED_EDGE('',*,*,#3836,.F.);
#11339=ORIENTED_EDGE('',*,*,#3408,.F.);
#11340=ORIENTED_EDGE('',*,*,#3102,.F.);
#11341=ORIENTED_EDGE('',*,*,#3048,.F.);
#11342=ORIENTED_EDGE('',*,*,#1670,.F.);
#11343=ORIENTED_EDGE('',*,*,#3926,.F.);
#11344=ORIENTED_EDGE('',*,*,#1732,.F.);
#11345=ORIENTED_EDGE('',*,*,#1392,.F.);
#11346=ORIENTED_EDGE('',*,*,#2120,.F.);
#11347=ORIENTED_EDGE('',*,*,#1564,.F.);
#11348=ORIENTED_EDGE('',*,*,#3258,.F.);
#11349=ORIENTED_EDGE('',*,*,#2708,.F.);
#11350=CARTESIAN_POINT('',(3.80456872468571,-0.136573772166789,-0.16665));
#11351=DIRECTION('',(1.22460635382238E-016,0.0,-1.0));
#11352=DIRECTION('',(-1.0,0.0,-1.22460635382238E-016));
#11353=DIRECTION('',(-0.577350269189626,-0.577350269189626,-0.577350269189626));
#11354=DIRECTION('',(1.22460635382238E-016,0.0,-1.0));
#11355=DIRECTION('',(1.22460635382238E-016,0.0,-1.0));
#11356=DIRECTION('',(1.0,0.0,6.12303176911189E-017));
#11357=DIRECTION('',(1.0,0.0,6.12303176911189E-017));
#11358=SURFACE_STYLE_FILL_AREA(#14355);
#11359=ORIENTED_EDGE('',*,*,#3420,.T.);
#11360=ORIENTED_EDGE('',*,*,#3602,.F.);
#11361=ORIENTED_EDGE('',*,*,#2654,.F.);
#11362=ORIENTED_EDGE('',*,*,#3784,.T.);
#11363=CARTESIAN_POINT('',(1.58999999999966,-2.54999999999999,0.16665));
#11364=DIRECTION('',(1.0,0.0,1.22460635382238E-016));
#11365=DIRECTION('',(0.0,-1.0,0.0));
#11366=SURFACE_STYLE_FILL_AREA(#14356);
#11367=ORIENTED_EDGE('',*,*,#2776,.F.);
#11368=ORIENTED_EDGE('',*,*,#2802,.F.);
#11369=ORIENTED_EDGE('',*,*,#3992,.F.);
#11370=ORIENTED_EDGE('',*,*,#2234,.T.);
#11371=CARTESIAN_POINT('',(-2.58959917857106,1.90282814901086,0.16665));
#11372=DIRECTION('',(0.0,1.0,0.0));
#11373=DIRECTION('',(1.0,0.0,1.22460635382238E-016));
#11374=SURFACE_STYLE_FILL_AREA(#14357);
#11375=ORIENTED_EDGE('',*,*,#3168,.F.);
#11376=ORIENTED_EDGE('',*,*,#2486,.F.);
#11377=ORIENTED_EDGE('',*,*,#3386,.T.);
#11378=ORIENTED_EDGE('',*,*,#3762,.F.);
#11379=CARTESIAN_POINT('',(-7.29999999999993,8.50099999999996,1.5));
#11380=DIRECTION('',(-0.707106781186548,-0.707106781186548,-8.65927457071936E-017));
#11381=DIRECTION('',(-0.707106781186548,0.707106781186548,-8.65927457071936E-017));
#11382=DIRECTION('',(0.0,-1.0,0.0));
#11383=SURFACE_STYLE_FILL_AREA(#14358);
#11384=ORIENTED_EDGE('',*,*,#3118,.T.);
#11385=ORIENTED_EDGE('',*,*,#1644,.F.);
#11386=ORIENTED_EDGE('',*,*,#1462,.T.);
#11387=ORIENTED_EDGE('',*,*,#3638,.T.);
#11388=CARTESIAN_POINT('',(1.06999999999966,-3.19999999999999,0.16665));
#11389=DIRECTION('',(0.0,-1.0,0.0));
#11390=DIRECTION('',(-1.0,0.0,-1.22460635382238E-016));
#11391=SURFACE_STYLE_FILL_AREA(#14359);
#11392=ORIENTED_EDGE('',*,*,#3334,.T.);
#11393=ORIENTED_EDGE('',*,*,#2982,.T.);
#11394=ORIENTED_EDGE('',*,*,#3158,.F.);
#11395=ORIENTED_EDGE('',*,*,#3482,.T.);
#11396=ORIENTED_EDGE('',*,*,#3786,.T.);
#11397=ORIENTED_EDGE('',*,*,#1920,.F.);
#11398=CARTESIAN_POINT('',(4.85,7.99999999999996,0.450000000000159));
#11399=DIRECTION('',(-4.32963728535968E-017,-0.707106781186548,0.707106781186548));
#11400=DIRECTION('',(4.32963728535968E-017,-0.707106781186548,-0.707106781186548));
#11401=DIRECTION('',(0.0,1.0,0.0));
#11402=DIRECTION('',(3.09381386266373E-029,1.0,-2.52637417159153E-013));
#11403=SURFACE_STYLE_FILL_AREA(#14360);
#11404=ORIENTED_EDGE('',*,*,#3794,.T.);
#11405=ORIENTED_EDGE('',*,*,#2398,.T.);
#11406=ORIENTED_EDGE('',*,*,#3760,.T.);
#11407=ORIENTED_EDGE('',*,*,#2456,.T.);
#11408=ORIENTED_EDGE('',*,*,#2630,.F.);
#11409=ORIENTED_EDGE('',*,*,#3672,.F.);
#11410=ORIENTED_EDGE('',*,*,#3972,.F.);
#11411=ORIENTED_EDGE('',*,*,#3084,.F.);
#11412=ORIENTED_EDGE('',*,*,#2942,.F.);
#11413=ORIENTED_EDGE('',*,*,#2952,.F.);
#11414=ORIENTED_EDGE('',*,*,#1742,.F.);
#11415=ORIENTED_EDGE('',*,*,#2948,.F.);
#11416=ORIENTED_EDGE('',*,*,#3690,.F.);
#11417=ORIENTED_EDGE('',*,*,#3224,.F.);
#11418=ORIENTED_EDGE('',*,*,#2184,.F.);
#11419=ORIENTED_EDGE('',*,*,#1974,.F.);
#11420=ORIENTED_EDGE('',*,*,#4070,.F.);
#11421=ORIENTED_EDGE('',*,*,#2162,.F.);
#11422=CARTESIAN_POINT('',(-2.2699999999992,0.741000000000222,1.5));
#11423=DIRECTION('',(-1.0,0.0,-1.22460635382238E-016));
#11424=DIRECTION('',(0.0,1.0,0.0));
#11425=DIRECTION('',(1.0,0.0,6.12303176911189E-017));
#11426=DIRECTION('',(0.0,1.0,0.0));
#11427=DIRECTION('',(-1.0,0.0,-6.12303176911189E-017));
#11428=SURFACE_STYLE_FILL_AREA(#14361);
#11429=ORIENTED_EDGE('',*,*,#2148,.F.);
#11430=ORIENTED_EDGE('',*,*,#2286,.F.);
#11431=ORIENTED_EDGE('',*,*,#3978,.F.);
#11432=ORIENTED_EDGE('',*,*,#1396,.F.);
#11433=CARTESIAN_POINT('',(-0.819999999999841,8.00099999999996,1.5));
#11434=DIRECTION('',(0.707106781186548,-0.707106781186548,8.65927457071936E-017));
#11435=DIRECTION('',(-0.707106781186548,-0.707106781186548,-8.65927457071936E-017));
#11436=SURFACE_STYLE_FILL_AREA(#14362);
#11437=ORIENTED_EDGE('',*,*,#1900,.T.);
#11438=ORIENTED_EDGE('',*,*,#3088,.F.);
#11439=ORIENTED_EDGE('',*,*,#2662,.T.);
#11440=ORIENTED_EDGE('',*,*,#2470,.T.);
#11441=CARTESIAN_POINT('',(-7.745,0.150000000000105,-0.775000000000205));
#11442=DIRECTION('',(-1.0,0.0,-6.12303176911189E-017));
#11443=DIRECTION('',(6.12303176911189E-017,0.0,-1.0));
#11444=SURFACE_STYLE_FILL_AREA(#14363);
#11445=ORIENTED_EDGE('',*,*,#3678,.F.);
#11446=ORIENTED_EDGE('',*,*,#4040,.T.);
#11447=ORIENTED_EDGE('',*,*,#2338,.F.);
#11448=ORIENTED_EDGE('',*,*,#3446,.F.);
#11449=CARTESIAN_POINT('',(2.26999999999989,7.65099999999999,1.5));
#11450=DIRECTION('',(0.0,1.0,0.0));
#11451=DIRECTION('',(1.0,0.0,1.22460635382238E-016));
#11452=SURFACE_STYLE_FILL_AREA(#14364);
#11453=ORIENTED_EDGE('',*,*,#3284,.F.);
#11454=ORIENTED_EDGE('',*,*,#3122,.F.);
#11455=ORIENTED_EDGE('',*,*,#2242,.T.);
#11456=ORIENTED_EDGE('',*,*,#3048,.T.);
#11457=CARTESIAN_POINT('',(4.29877934272298,0.753873053989039,0.16665));
#11458=DIRECTION('',(0.0,-1.0,0.0));
#11459=DIRECTION('',(-1.0,0.0,-1.22460635382238E-016));
#11460=DIRECTION('',(1.0,0.0,6.12303176911189E-017));
#11461=DIRECTION('',(-1.0,0.0,-1.22460635382238E-016));
#11462=DIRECTION('',(-1.22460635382238E-016,0.0,1.0));
#11463=DIRECTION('',(-1.0,0.0,-6.12303176911189E-017));
#11464=DIRECTION('',(1.0,0.0,6.12303176911189E-017));
#11465=DIRECTION('',(-1.22460635382238E-016,0.0,1.0));
#11466=SURFACE_STYLE_FILL_AREA(#14365);
#11467=ORIENTED_EDGE('',*,*,#1878,.T.);
#11468=ORIENTED_EDGE('',*,*,#2536,.T.);
#11469=ORIENTED_EDGE('',*,*,#3342,.T.);
#11470=ORIENTED_EDGE('',*,*,#1924,.F.);
#11471=CARTESIAN_POINT('',(4.85,7.64999999999999,-0.449999999999932));
#11472=DIRECTION('',(0.0,1.0,0.0));
#11473=DIRECTION('',(-6.12303176911189E-017,0.0,1.0));
#11474=DIRECTION('',(0.0,1.0,0.0));
#11475=SURFACE_STYLE_FILL_AREA(#14366);
#11476=ORIENTED_EDGE('',*,*,#2112,.F.);
#11477=ORIENTED_EDGE('',*,*,#1950,.T.);
#11478=ORIENTED_EDGE('',*,*,#1458,.F.);
#11479=ORIENTED_EDGE('',*,*,#3648,.T.);
#11480=CARTESIAN_POINT('',(2.31,0.740000000000222,-0.999999999999204));
#11481=DIRECTION('',(6.12303176911189E-017,0.0,-1.0));
#11482=DIRECTION('',(0.0,1.0,0.0));
#11483=SURFACE_STYLE_FILL_AREA(#14367);
#11484=ORIENTED_EDGE('',*,*,#2272,.T.);
#11485=ORIENTED_EDGE('',*,*,#3328,.T.);
#11486=ORIENTED_EDGE('',*,*,#3084,.T.);
#11487=ORIENTED_EDGE('',*,*,#3188,.T.);
#11488=ORIENTED_EDGE('',*,*,#3812,.T.);
#11489=ORIENTED_EDGE('',*,*,#2458,.T.);
#11490=ORIENTED_EDGE('',*,*,#1550,.T.);
#11491=ORIENTED_EDGE('',*,*,#3046,.F.);
#11492=CARTESIAN_POINT('',(-2.77,7.99999999999996,-0.449999999999932));
#11493=DIRECTION('',(6.12303176911189E-017,0.0,-1.0));
#11494=DIRECTION('',(0.0,1.0,0.0));
#11495=DIRECTION('',(1.0,0.0,6.12303176911189E-017));
#11496=SURFACE_STYLE_FILL_AREA(#14368);
#11497=ORIENTED_EDGE('',*,*,#3580,.T.);
#11498=ORIENTED_EDGE('',*,*,#2450,.F.);
#11499=ORIENTED_EDGE('',*,*,#2598,.F.);
#11500=ORIENTED_EDGE('',*,*,#1702,.T.);
#11501=CARTESIAN_POINT('',(6.84029629553223,0.583544139276829,0.16665));
#11502=DIRECTION('',(-1.22460635382238E-016,0.0,1.0));
#11503=DIRECTION('',(-1.0,0.0,-1.22460635382238E-016));
#11504=SURFACE_STYLE_FILL_AREA(#14369);
#11505=ORIENTED_EDGE('',*,*,#3428,.T.);
#11506=ORIENTED_EDGE('',*,*,#3574,.T.);
#11507=ORIENTED_EDGE('',*,*,#2706,.T.);
#11508=ORIENTED_EDGE('',*,*,#3314,.T.);
#11509=ORIENTED_EDGE('',*,*,#2374,.F.);
#11510=ORIENTED_EDGE('',*,*,#4006,.F.);
#11511=ORIENTED_EDGE('',*,*,#1416,.F.);
#11512=ORIENTED_EDGE('',*,*,#2462,.F.);
#11513=ORIENTED_EDGE('',*,*,#1430,.F.);
#11514=ORIENTED_EDGE('',*,*,#2122,.F.);
#11515=ORIENTED_EDGE('',*,*,#3180,.F.);
#11516=ORIENTED_EDGE('',*,*,#1642,.F.);
#11517=ORIENTED_EDGE('',*,*,#2370,.F.);
#11518=ORIENTED_EDGE('',*,*,#3416,.F.);
#11519=ORIENTED_EDGE('',*,*,#2344,.T.);
#11520=ORIENTED_EDGE('',*,*,#2698,.F.);
#11521=ORIENTED_EDGE('',*,*,#3342,.F.);
#11522=ORIENTED_EDGE('',*,*,#3150,.F.);
#11523=CARTESIAN_POINT('',(7.34999999999989,0.741000000000109,1.5));
#11524=DIRECTION('',(1.0,0.0,1.22460635382238E-016));
#11525=DIRECTION('',(0.0,-1.0,0.0));
#11526=SURFACE_STYLE_FILL_AREA(#14370);
#11527=ORIENTED_EDGE('',*,*,#3768,.T.);
#11528=ORIENTED_EDGE('',*,*,#2154,.F.);
#11529=ORIENTED_EDGE('',*,*,#4056,.F.);
#11530=ORIENTED_EDGE('',*,*,#2424,.T.);
#11531=ORIENTED_EDGE('',*,*,#3254,.F.);
#11532=ORIENTED_EDGE('',*,*,#2772,.F.);
#11533=CARTESIAN_POINT('',(-5.89999999999984,7.65099999999999,1.5));
#11534=DIRECTION('',(1.0,0.0,1.22460635382238E-016));
#11535=DIRECTION('',(0.0,-1.0,0.0));
#11536=SURFACE_STYLE_FILL_AREA(#14371);
#11537=ORIENTED_EDGE('',*,*,#2824,.F.);
#11538=ORIENTED_EDGE('',*,*,#1548,.T.);
#11539=ORIENTED_EDGE('',*,*,#3928,.F.);
#11540=ORIENTED_EDGE('',*,*,#3266,.F.);
#11541=ORIENTED_EDGE('',*,*,#2174,.T.);
#11542=ORIENTED_EDGE('',*,*,#2914,.F.);
#11543=ORIENTED_EDGE('',*,*,#1748,.F.);
#11544=ORIENTED_EDGE('',*,*,#2732,.F.);
#11545=ORIENTED_EDGE('',*,*,#3552,.F.);
#11546=ORIENTED_EDGE('',*,*,#3628,.T.);
#11547=ORIENTED_EDGE('',*,*,#2198,.T.);
#11548=ORIENTED_EDGE('',*,*,#3878,.T.);
#11549=CARTESIAN_POINT('',(-6.35543127531429,-0.136573772166789,0.16665));
#11550=DIRECTION('',(1.22460635382238E-016,0.0,-1.0));
#11551=DIRECTION('',(-1.0,0.0,-1.22460635382238E-016));
#11552=DIRECTION('',(1.0,0.0,0.0));
#11553=CARTESIAN_POINT('',(4.80999999999989,0.149999999999778,0.775000000000091));
#11554=DIRECTION('',(1.0,0.0,1.22460635382238E-016));
#11555=DIRECTION('',(1.22460635382238E-016,0.0,-1.0));
#11556=DIRECTION('',(1.22460635382238E-016,0.0,-1.0));
#11557=DIRECTION('',(0.0,-1.0,0.0));
#11558=DIRECTION('',(1.22460635382238E-016,0.0,-1.0));
#11559=SURFACE_STYLE_FILL_AREA(#14372);
#11560=ORIENTED_EDGE('',*,*,#1888,.F.);
#11561=ORIENTED_EDGE('',*,*,#3568,.F.);
#11562=ORIENTED_EDGE('',*,*,#2498,.F.);
#11563=ORIENTED_EDGE('',*,*,#3544,.F.);
#11564=CARTESIAN_POINT('',(-3.35999999999984,8.00099999999996,1.5));
#11565=DIRECTION('',(0.707106781186548,-0.707106781186548,8.65927457071936E-017));
#11566=DIRECTION('',(-0.707106781186548,-0.707106781186548,-8.65927457071936E-017));
#11567=SURFACE_STYLE_FILL_AREA(#14373);
#11568=ORIENTED_EDGE('',*,*,#1502,.T.);
#11569=ORIENTED_EDGE('',*,*,#4026,.T.);
#11570=ORIENTED_EDGE('',*,*,#1990,.T.);
#11571=ORIENTED_EDGE('',*,*,#2194,.T.);
#11572=ORIENTED_EDGE('',*,*,#3768,.F.);
#11573=ORIENTED_EDGE('',*,*,#2520,.F.);
#11574=ORIENTED_EDGE('',*,*,#3488,.F.);
#11575=ORIENTED_EDGE('',*,*,#2026,.F.);
#11576=CARTESIAN_POINT('',(-6.35,7.68,0.0));
#11577=DIRECTION('',(0.0,-1.0,0.0));
#11578=DIRECTION('',(0.0,0.0,-1.0));
#11579=DIRECTION('',(0.0,0.0,1.0));
#11580=DIRECTION('',(1.22460635382238E-016,0.0,-1.0));
#11581=SURFACE_STYLE_FILL_AREA(#14374);
#11582=ORIENTED_EDGE('',*,*,#1434,.F.);
#11583=ORIENTED_EDGE('',*,*,#1758,.T.);
#11584=ORIENTED_EDGE('',*,*,#1568,.T.);
#11585=ORIENTED_EDGE('',*,*,#3226,.T.);
#11586=CARTESIAN_POINT('',(-5.31,0.740000000000109,0.999999999999886));
#11587=DIRECTION('',(-6.12303176911189E-017,0.0,1.0));
#11588=DIRECTION('',(0.0,-1.0,0.0));
#11589=DIRECTION('',(1.22460635382238E-016,0.0,-1.0));
#11590=SURFACE_STYLE_FILL_AREA(#14375);
#11591=ORIENTED_EDGE('',*,*,#3702,.T.);
#11592=ORIENTED_EDGE('',*,*,#3158,.T.);
#11593=ORIENTED_EDGE('',*,*,#2738,.T.);
#11594=ORIENTED_EDGE('',*,*,#2270,.T.);
#11595=ORIENTED_EDGE('',*,*,#2264,.T.);
#11596=ORIENTED_EDGE('',*,*,#3916,.T.);
#11597=ORIENTED_EDGE('',*,*,#3734,.T.);
#11598=ORIENTED_EDGE('',*,*,#2430,.T.);
#11599=ORIENTED_EDGE('',*,*,#3082,.T.);
#11600=ORIENTED_EDGE('',*,*,#3830,.T.);
#11601=ORIENTED_EDGE('',*,*,#2260,.T.);
#11602=ORIENTED_EDGE('',*,*,#2002,.T.);
#11603=ORIENTED_EDGE('',*,*,#2148,.T.);
#11604=ORIENTED_EDGE('',*,*,#3330,.T.);
#11605=ORIENTED_EDGE('',*,*,#3124,.T.);
#11606=ORIENTED_EDGE('',*,*,#2086,.T.);
#11607=ORIENTED_EDGE('',*,*,#1888,.T.);
#11608=ORIENTED_EDGE('',*,*,#2014,.T.);
#11609=ORIENTED_EDGE('',*,*,#2558,.T.);
#11610=ORIENTED_EDGE('',*,*,#2360,.T.);
#11611=ORIENTED_EDGE('',*,*,#2912,.T.);
#11612=ORIENTED_EDGE('',*,*,#1620,.T.);
#11613=ORIENTED_EDGE('',*,*,#3168,.T.);
#11614=ORIENTED_EDGE('',*,*,#1490,.T.);
#11615=ORIENTED_EDGE('',*,*,#1726,.T.);
#11616=ORIENTED_EDGE('',*,*,#2570,.F.);
#11617=ORIENTED_EDGE('',*,*,#2844,.F.);
#11618=ORIENTED_EDGE('',*,*,#1976,.T.);
#11619=CARTESIAN_POINT('',(-7.745,8.49999999999997,1.25));
#11620=DIRECTION('',(0.0,1.0,0.0));
#11621=DIRECTION('',(-6.12303176911189E-017,0.0,1.0));
#11622=DIRECTION('',(0.0,1.0,0.0));
#11623=DIRECTION('',(-1.0,0.0,-1.22460635382238E-016));
#11624=DIRECTION('',(0.0,1.0,0.0));
#11625=SURFACE_STYLE_FILL_AREA(#14376);
#11626=ORIENTED_EDGE('',*,*,#1682,.F.);
#11627=ORIENTED_EDGE('',*,*,#2748,.T.);
#11628=ORIENTED_EDGE('',*,*,#1590,.F.);
#11629=ORIENTED_EDGE('',*,*,#2820,.T.);
#11630=CARTESIAN_POINT('',(0.0273934020970232,0.753873053988997,0.16665));
#11631=DIRECTION('',(0.0,-1.0,0.0));
#11632=DIRECTION('',(-1.0,0.0,-1.22460635382238E-016));
#11633=CARTESIAN_POINT('',(0.779703704468464,0.583544139278076,0.16665));
#11634=DIRECTION('',(1.22460635382238E-016,0.0,-1.0));
#11635=DIRECTION('',(-1.0,0.0,-1.22460635382238E-016));
#11636=DIRECTION('',(0.0,1.0,0.0));
#11637=DIRECTION('',(0.0,-1.0,0.0));
#11638=DIRECTION('',(1.0,0.0,6.12303176911189E-017));
#11639=CARTESIAN_POINT('',(-1.76029629553154,0.583544139278076,-0.16665));
#11640=DIRECTION('',(1.22460635382238E-016,0.0,-1.0));
#11641=DIRECTION('',(-1.0,0.0,-1.22460635382238E-016));
#11642=DIRECTION('',(0.0,0.0,1.0));
#11643=CARTESIAN_POINT('',(2.26999999999989,0.150000000000105,-0.775000000000205));
#11644=DIRECTION('',(1.0,0.0,1.22460635382238E-016));
#11645=DIRECTION('',(1.22460635382238E-016,0.0,-1.0));
#11646=DIRECTION('',(0.0,-1.0,0.0));
#11647=DIRECTION('',(0.0,1.0,0.0));
#11648=DIRECTION('',(1.22460635382238E-016,0.0,-1.0));
#11649=DIRECTION('',(-1.22460635382238E-016,0.0,1.0));
#11650=DIRECTION('',(1.22460635382238E-016,0.0,-1.0));
#11651=DIRECTION('',(1.22460635382238E-016,0.0,-1.0));
#11652=DIRECTION('',(0.0,1.0,0.0));
#11653=SURFACE_STYLE_FILL_AREA(#14377);
#11654=ORIENTED_EDGE('',*,*,#2152,.T.);
#11655=ORIENTED_EDGE('',*,*,#1664,.T.);
#11656=ORIENTED_EDGE('',*,*,#3916,.F.);
#11657=ORIENTED_EDGE('',*,*,#1912,.T.);
#11658=ORIENTED_EDGE('',*,*,#3374,.T.);
#11659=ORIENTED_EDGE('',*,*,#3422,.F.);
#11660=CARTESIAN_POINT('',(2.31,7.99999999999996,0.450000000000159));
#11661=DIRECTION('',(-4.32963728535968E-017,-0.707106781186548,0.707106781186548));
#11662=DIRECTION('',(4.32963728535968E-017,-0.707106781186548,-0.707106781186548));
#11663=DIRECTION('',(8.65927457071936E-017,0.707106781186548,-0.707106781186548));
#11664=DIRECTION('',(-0.181547479456103,0.983382180387227,-2.22324196862382E-017));
#11665=CARTESIAN_POINT('',(-7.745,0.150000000000105,-0.775000000000205));
#11666=DIRECTION('',(1.0,0.0,6.12303176911189E-017));
#11667=DIRECTION('',(6.12303176911189E-017,0.0,-1.0));
#11668=DIRECTION('',(-1.0,0.0,-6.12303176911189E-017));
#11669=DIRECTION('',(1.0,0.0,1.22460635382238E-016));
#11670=SURFACE_STYLE_FILL_AREA(#14378);
#11671=ORIENTED_EDGE('',*,*,#4004,.F.);
#11672=ORIENTED_EDGE('',*,*,#3418,.F.);
#11673=ORIENTED_EDGE('',*,*,#4018,.T.);
#11674=ORIENTED_EDGE('',*,*,#3444,.F.);
#11675=ORIENTED_EDGE('',*,*,#2716,.F.);
#11676=ORIENTED_EDGE('',*,*,#1508,.F.);
#11677=CARTESIAN_POINT('',(0.820000000000069,8.00099999999996,1.5));
#11678=DIRECTION('',(-1.0,0.0,-1.22460635382238E-016));
#11679=DIRECTION('',(0.0,1.0,0.0));
#11680=SURFACE_STYLE_FILL_AREA(#14379);
#11681=ORIENTED_EDGE('',*,*,#3920,.T.);
#11682=ORIENTED_EDGE('',*,*,#3884,.F.);
#11683=ORIENTED_EDGE('',*,*,#1748,.T.);
#11684=ORIENTED_EDGE('',*,*,#2550,.T.);
#11685=CARTESIAN_POINT('',(-6.67000000000034,-2.54999999999999,0.16665));
#11686=DIRECTION('',(-0.983382180387227,-0.181547479456103,-1.2042560663379E-016));
#11687=DIRECTION('',(-0.181547479456103,0.983382180387227,-2.22324196862382E-017));
#11688=DIRECTION('',(1.0,0.0,6.12303176911189E-017));
#11689=SURFACE_STYLE_FILL_AREA(#14380);
#11690=ORIENTED_EDGE('',*,*,#2380,.T.);
#11691=ORIENTED_EDGE('',*,*,#1854,.T.);
#11692=ORIENTED_EDGE('',*,*,#1682,.T.);
#11693=ORIENTED_EDGE('',*,*,#2418,.T.);
#11694=ORIENTED_EDGE('',*,*,#3610,.F.);
#11695=ORIENTED_EDGE('',*,*,#3436,.F.);
#11696=ORIENTED_EDGE('',*,*,#2432,.F.);
#11697=ORIENTED_EDGE('',*,*,#4000,.F.);
#11698=ORIENTED_EDGE('',*,*,#3490,.F.);
#11699=ORIENTED_EDGE('',*,*,#1946,.F.);
#11700=ORIENTED_EDGE('',*,*,#2846,.F.);
#11701=ORIENTED_EDGE('',*,*,#1594,.F.);
#11702=ORIENTED_EDGE('',*,*,#1464,.F.);
#11703=ORIENTED_EDGE('',*,*,#2972,.F.);
#11704=ORIENTED_EDGE('',*,*,#3516,.F.);
#11705=ORIENTED_EDGE('',*,*,#3190,.F.);
#11706=ORIENTED_EDGE('',*,*,#3320,.F.);
#11707=ORIENTED_EDGE('',*,*,#3098,.F.);
#11708=CARTESIAN_POINT('',(0.270000000000796,0.741000000000222,1.5));
#11709=DIRECTION('',(-1.0,0.0,-1.22460635382238E-016));
#11710=DIRECTION('',(0.0,1.0,0.0));
#11711=DIRECTION('',(1.0,0.0,6.12303176911189E-017));
#11712=DIRECTION('',(1.0,0.0,6.12303176911189E-017));
#11713=DIRECTION('',(0.0,-1.0,0.0));
#11714=DIRECTION('',(0.181547479456103,-0.983382180387227,2.22324196862382E-017));
#11715=DIRECTION('',(0.0,-1.0,0.0));
#11716=DIRECTION('',(1.22460635382238E-016,0.0,-1.0));
#11717=DIRECTION('',(0.0,1.0,0.0));
#11718=DIRECTION('',(0.0,1.0,0.0));
#11719=DIRECTION('',(0.0,-1.0,0.0));
#11720=DIRECTION('',(0.577350269189626,0.577350269189626,-0.577350269189626));
#11721=SURFACE_STYLE_FILL_AREA(#14381);
#11722=ORIENTED_EDGE('',*,*,#3790,.T.);
#11723=ORIENTED_EDGE('',*,*,#2132,.F.);
#11724=ORIENTED_EDGE('',*,*,#3552,.T.);
#11725=ORIENTED_EDGE('',*,*,#3508,.T.);
#11726=CARTESIAN_POINT('',(-6.15000000000034,-3.19999999999999,0.16665));
#11727=DIRECTION('',(0.983382180387227,-0.181547479456103,1.2042560663379E-016));
#11728=DIRECTION('',(-0.181547479456103,-0.983382180387227,-2.22324196862382E-017));
#11729=SURFACE_STYLE_FILL_AREA(#14382);
#11730=ORIENTED_EDGE('',*,*,#2620,.T.);
#11731=ORIENTED_EDGE('',*,*,#3020,.T.);
#11732=ORIENTED_EDGE('',*,*,#3400,.T.);
#11733=ORIENTED_EDGE('',*,*,#3106,.T.);
#11734=ORIENTED_EDGE('',*,*,#2656,.F.);
#11735=ORIENTED_EDGE('',*,*,#2454,.F.);
#11736=ORIENTED_EDGE('',*,*,#1878,.F.);
#11737=ORIENTED_EDGE('',*,*,#1510,.F.);
#11738=ORIENTED_EDGE('',*,*,#4010,.F.);
#11739=ORIENTED_EDGE('',*,*,#3452,.F.);
#11740=ORIENTED_EDGE('',*,*,#2102,.F.);
#11741=ORIENTED_EDGE('',*,*,#3970,.F.);
#11742=ORIENTED_EDGE('',*,*,#1688,.F.);
#11743=ORIENTED_EDGE('',*,*,#2640,.F.);
#11744=ORIENTED_EDGE('',*,*,#3720,.F.);
#11745=ORIENTED_EDGE('',*,*,#1672,.F.);
#11746=ORIENTED_EDGE('',*,*,#1998,.F.);
#11747=ORIENTED_EDGE('',*,*,#1900,.F.);
#11748=CARTESIAN_POINT('',(5.35000000000079,0.741000000000222,1.5));
#11749=DIRECTION('',(-1.0,0.0,-1.22460635382238E-016));
#11750=DIRECTION('',(0.0,1.0,0.0));
#11751=DIRECTION('',(-0.577350269189626,0.577350269189626,0.577350269189626));
#11752=DIRECTION('',(-8.65927457071935E-017,-0.707106781186548,0.707106781186548));
#11753=CARTESIAN_POINT('',(4.30029629553223,0.583544139276829,-0.16665));
#11754=DIRECTION('',(1.22460635382238E-016,0.0,-1.0));
#11755=DIRECTION('',(-1.0,0.0,-1.22460635382238E-016));
#11756=DIRECTION('',(-1.22460635382238E-016,0.0,1.0));
#11757=SURFACE_STYLE_FILL_AREA(#14383);
#11758=ORIENTED_EDGE('',*,*,#1906,.T.);
#11759=ORIENTED_EDGE('',*,*,#3638,.F.);
#11760=ORIENTED_EDGE('',*,*,#3558,.T.);
#11761=ORIENTED_EDGE('',*,*,#4032,.T.);
#11762=CARTESIAN_POINT('',(0.949999999999659,-2.54999999999999,0.16665));
#11763=DIRECTION('',(-0.983382180387227,-0.181547479456103,-1.2042560663379E-016));
#11764=DIRECTION('',(-0.181547479456103,0.983382180387227,-2.22324196862382E-017));
#11765=SURFACE_STYLE_FILL_AREA(#14384);
#11766=ORIENTED_EDGE('',*,*,#2190,.F.);
#11767=ORIENTED_EDGE('',*,*,#2508,.F.);
#11768=ORIENTED_EDGE('',*,*,#1990,.F.);
#11769=ORIENTED_EDGE('',*,*,#2840,.F.);
#11770=CARTESIAN_POINT('',(-6.35,7.68,0.32));
#11771=DIRECTION('',(0.0,0.0,1.0));
#11772=DIRECTION('',(1.0,0.0,0.0));
#11773=DIRECTION('',(-1.22460635382238E-016,0.0,1.0));
#11774=CARTESIAN_POINT('',(-7.3499999999992,0.150000000000105,-0.775000000000205));
#11775=DIRECTION('',(-1.0,0.0,-1.22460635382238E-016));
#11776=DIRECTION('',(1.22460635382238E-016,0.0,-1.0));
#11777=DIRECTION('',(-1.22460635382238E-016,0.0,1.0));
#11778=SURFACE_STYLE_FILL_AREA(#14385);
#11779=ORIENTED_EDGE('',*,*,#2398,.F.);
#11780=ORIENTED_EDGE('',*,*,#2908,.F.);
#11781=ORIENTED_EDGE('',*,*,#3156,.F.);
#11782=ORIENTED_EDGE('',*,*,#3056,.F.);
#11783=ORIENTED_EDGE('',*,*,#3688,.F.);
#11784=ORIENTED_EDGE('',*,*,#3014,.F.);
#11785=ORIENTED_EDGE('',*,*,#2044,.F.);
#11786=ORIENTED_EDGE('',*,*,#3584,.F.);
#11787=ORIENTED_EDGE('',*,*,#3706,.F.);
#11788=ORIENTED_EDGE('',*,*,#2444,.F.);
#11789=ORIENTED_EDGE('',*,*,#1572,.F.);
#11790=ORIENTED_EDGE('',*,*,#3524,.F.);
#11791=CARTESIAN_POINT('',(-1.27543127531429,-0.136573772166789,-0.16665));
#11792=DIRECTION('',(1.22460635382238E-016,0.0,-1.0));
#11793=DIRECTION('',(-1.0,0.0,-1.22460635382238E-016));
#11794=CARTESIAN_POINT('',(-7.745,0.149999999999778,0.775000000000091));
#11795=DIRECTION('',(1.0,0.0,6.12303176911189E-017));
#11796=DIRECTION('',(6.12303176911189E-017,0.0,-1.0));
#11797=SURFACE_STYLE_FILL_AREA(#14386);
#11798=ORIENTED_EDGE('',*,*,#3182,.F.);
#11799=ORIENTED_EDGE('',*,*,#3150,.T.);
#11800=ORIENTED_EDGE('',*,*,#2536,.F.);
#11801=ORIENTED_EDGE('',*,*,#2454,.T.);
#11802=CARTESIAN_POINT('',(4.85,0.740000000000222,-0.999999999999204));
#11803=DIRECTION('',(6.12303176911189E-017,0.0,-1.0));
#11804=DIRECTION('',(0.0,1.0,0.0));
#11805=DIRECTION('',(1.22460635382238E-016,0.0,-1.0));
#11806=SURFACE_STYLE_FILL_AREA(#14387);
#11807=ORIENTED_EDGE('',*,*,#3814,.F.);
#11808=ORIENTED_EDGE('',*,*,#2808,.F.);
#11809=ORIENTED_EDGE('',*,*,#2672,.T.);
#11810=ORIENTED_EDGE('',*,*,#1820,.F.);
#11811=ORIENTED_EDGE('',*,*,#2116,.F.);
#11812=ORIENTED_EDGE('',*,*,#2136,.F.);
#11813=CARTESIAN_POINT('',(-4.25999999999993,8.00099999999996,1.5));
#11814=DIRECTION('',(-1.0,0.0,-1.22460635382238E-016));
#11815=DIRECTION('',(0.0,1.0,0.0));
#11816=DIRECTION('',(-0.181547479456103,0.983382180387227,-2.22324196862382E-017));
#11817=DIRECTION('',(0.0,1.0,0.0));
#11818=DIRECTION('',(0.0,-1.0,0.0));
#11819=DIRECTION('',(0.0,1.0,0.0));
#11820=DIRECTION('',(8.65927457071936E-017,0.707106781186548,-0.707106781186548));
#11821=DIRECTION('',(-1.22460635382238E-016,0.0,1.0));
#11822=DIRECTION('',(6.12303176911189E-017,0.0,-1.0));
#11823=SURFACE_STYLE_FILL_AREA(#14388);
#11824=ORIENTED_EDGE('',*,*,#2044,.T.);
#11825=ORIENTED_EDGE('',*,*,#2056,.F.);
#11826=ORIENTED_EDGE('',*,*,#3608,.T.);
#11827=ORIENTED_EDGE('',*,*,#3470,.T.);
#11828=CARTESIAN_POINT('',(-1.07000000000034,-3.19999999999999,0.16665));
#11829=DIRECTION('',(0.983382180387227,-0.181547479456103,1.2042560663379E-016));
#11830=DIRECTION('',(-0.181547479456103,-0.983382180387227,-2.22324196862382E-017));
#11831=DIRECTION('',(0.181547479456103,0.983382180387227,2.22324196862382E-017));
#11832=DIRECTION('',(1.0,0.0,6.12303176911189E-017));
#11833=DIRECTION('',(-1.22460635382238E-016,0.0,1.0));
#11834=DIRECTION('',(-3.09381386266373E-029,-1.0,2.52637417159153E-013));
#11835=DIRECTION('',(1.22460635382238E-016,0.0,-1.0));
#11836=SURFACE_STYLE_FILL_AREA(#14389);
#11837=ORIENTED_EDGE('',*,*,#3530,.F.);
#11838=ORIENTED_EDGE('',*,*,#3970,.T.);
#11839=ORIENTED_EDGE('',*,*,#3562,.T.);
#11840=ORIENTED_EDGE('',*,*,#1642,.T.);
#11841=CARTESIAN_POINT('',(4.85,0.740000000000109,0.999999999999887));
#11842=DIRECTION('',(-6.12303176911189E-017,0.0,1.0));
#11843=DIRECTION('',(0.0,-1.0,0.0));
#11844=SURFACE_STYLE_FILL_AREA(#14390);
#11845=ORIENTED_EDGE('',*,*,#2808,.T.);
#11846=ORIENTED_EDGE('',*,*,#2208,.T.);
#11847=ORIENTED_EDGE('',*,*,#2926,.T.);
#11848=ORIENTED_EDGE('',*,*,#1832,.T.);
#11849=ORIENTED_EDGE('',*,*,#3858,.T.);
#11850=ORIENTED_EDGE('',*,*,#1636,.F.);
#11851=ORIENTED_EDGE('',*,*,#3714,.T.);
#11852=ORIENTED_EDGE('',*,*,#3306,.T.);
#11853=CARTESIAN_POINT('',(-5.31,7.64999999999999,0.450000000000159));
#11854=DIRECTION('',(-6.12303176911189E-017,0.0,1.0));
#11855=DIRECTION('',(0.0,-1.0,0.0));
#11856=DIRECTION('',(-0.181547479456103,0.983382180387227,-2.22324196862382E-017));
#11857=DIRECTION('',(1.0,0.0,6.12303176911189E-017));
#11858=DIRECTION('',(-1.22460635382238E-016,0.0,1.0));
#11859=DIRECTION('',(0.0,1.0,0.0));
#11860=DIRECTION('',(1.22460635382238E-016,0.0,-1.0));
#11861=DIRECTION('',(1.0,0.0,6.12303176911189E-017));
#11862=DIRECTION('',(1.22460635382238E-016,0.0,-1.0));
#11863=DIRECTION('',(0.0,1.0,0.0));
#11864=DIRECTION('',(-1.0,0.0,-1.22460635382238E-016));
#11865=DIRECTION('',(1.0,0.0,6.12303176911189E-017));
#11866=DIRECTION('',(-6.12303176911189E-017,0.0,1.0));
#11867=SURFACE_STYLE_FILL_AREA(#14391);
#11868=ORIENTED_EDGE('',*,*,#1868,.T.);
#11869=ORIENTED_EDGE('',*,*,#2736,.T.);
#11870=ORIENTED_EDGE('',*,*,#1754,.T.);
#11871=ORIENTED_EDGE('',*,*,#1608,.T.);
#11872=ORIENTED_EDGE('',*,*,#1970,.T.);
#11873=ORIENTED_EDGE('',*,*,#2270,.F.);
#11874=CARTESIAN_POINT('',(4.85,8.49999999999996,-0.949999999999931));
#11875=DIRECTION('',(4.32963728535968E-017,-0.707106781186548,-0.707106781186548));
#11876=DIRECTION('',(4.32963728535968E-017,0.707106781186548,-0.707106781186548));
#11877=SURFACE_STYLE_FILL_AREA(#14392);
#11878=ORIENTED_EDGE('',*,*,#3306,.F.);
#11879=ORIENTED_EDGE('',*,*,#3510,.T.);
#11880=ORIENTED_EDGE('',*,*,#3866,.F.);
#11881=ORIENTED_EDGE('',*,*,#2672,.F.);
#11882=CARTESIAN_POINT('',(-4.25999999999993,7.65099999999999,1.5));
#11883=DIRECTION('',(0.0,1.0,0.0));
#11884=DIRECTION('',(1.0,0.0,1.22460635382238E-016));
#11885=DIRECTION('',(0.0,1.0,0.0));
#11886=DIRECTION('',(0.0,-1.0,0.0));
#11887=DIRECTION('',(1.0,0.0,1.22460635382238E-016));
#11888=DIRECTION('',(0.0,-1.0,0.0));
#11889=DIRECTION('',(-6.12303176911189E-017,0.0,1.0));
#11890=SURFACE_STYLE_FILL_AREA(#14393);
#11891=ORIENTED_EDGE('',*,*,#2146,.T.);
#11892=ORIENTED_EDGE('',*,*,#3130,.T.);
#11893=ORIENTED_EDGE('',*,*,#2244,.T.);
#11894=ORIENTED_EDGE('',*,*,#3458,.F.);
#11895=CARTESIAN_POINT('',(2.31,7.64999999999999,0.999999999999886));
#11896=DIRECTION('',(0.0,1.0,0.0));
#11897=DIRECTION('',(-6.12303176911189E-017,0.0,1.0));
#11898=DIRECTION('',(-1.22460635382238E-016,0.0,1.0));
#11899=SURFACE_STYLE_FILL_AREA(#14394);
#11900=ORIENTED_EDGE('',*,*,#2418,.F.);
#11901=ORIENTED_EDGE('',*,*,#2820,.F.);
#11902=ORIENTED_EDGE('',*,*,#1560,.T.);
#11903=ORIENTED_EDGE('',*,*,#3496,.F.);
#11904=ORIENTED_EDGE('',*,*,#3558,.F.);
#11905=ORIENTED_EDGE('',*,*,#1462,.F.);
#11906=ORIENTED_EDGE('',*,*,#3948,.F.);
#11907=ORIENTED_EDGE('',*,*,#2654,.T.);
#11908=ORIENTED_EDGE('',*,*,#2674,.T.);
#11909=ORIENTED_EDGE('',*,*,#2172,.T.);
#11910=ORIENTED_EDGE('',*,*,#3906,.F.);
#11911=ORIENTED_EDGE('',*,*,#2542,.T.);
#11912=CARTESIAN_POINT('',(1.26456872468571,-0.136573772166789,0.16665));
#11913=DIRECTION('',(1.22460635382238E-016,0.0,-1.0));
#11914=DIRECTION('',(-1.0,0.0,-1.22460635382238E-016));
#11915=DIRECTION('',(0.0,1.0,0.0));
#11916=SURFACE_STYLE_FILL_AREA(#14395);
#11917=ORIENTED_EDGE('',*,*,#3702,.F.);
#11918=ORIENTED_EDGE('',*,*,#1970,.F.);
#11919=ORIENTED_EDGE('',*,*,#2500,.F.);
#11920=ORIENTED_EDGE('',*,*,#3482,.F.);
#11921=CARTESIAN_POINT('',(6.80000000000016,8.00099999999996,1.5));
#11922=DIRECTION('',(0.707106781186548,-0.707106781186548,8.65927457071936E-017));
#11923=DIRECTION('',(-0.707106781186548,-0.707106781186548,-8.65927457071936E-017));
#11924=DIRECTION('',(-1.0,0.0,-1.22460635382238E-016));
#11925=SURFACE_STYLE_FILL_AREA(#14396);
#11926=ORIENTED_EDGE('',*,*,#2848,.T.);
#11927=ORIENTED_EDGE('',*,*,#3174,.F.);
#11928=ORIENTED_EDGE('',*,*,#2576,.F.);
#11929=ORIENTED_EDGE('',*,*,#3818,.T.);
#11930=CARTESIAN_POINT('',(-3.31970370446777,0.583544139276829,0.16665));
#11931=DIRECTION('',(-1.22460635382238E-016,0.0,1.0));
#11932=DIRECTION('',(-1.0,0.0,-1.22460635382238E-016));
#11933=DIRECTION('',(1.0,0.0,0.0));
#11934=SURFACE_STYLE_FILL_AREA(#14397);
#11935=ORIENTED_EDGE('',*,*,#2494,.T.);
#11936=ORIENTED_EDGE('',*,*,#1458,.T.);
#11937=ORIENTED_EDGE('',*,*,#2882,.T.);
#11938=ORIENTED_EDGE('',*,*,#2978,.F.);
#11939=CARTESIAN_POINT('',(2.31,7.64999999999999,-0.449999999999932));
#11940=DIRECTION('',(0.0,1.0,0.0));
#11941=DIRECTION('',(-6.12303176911189E-017,0.0,1.0));
#11942=DIRECTION('',(0.0,-1.0,0.0));
#11943=SURFACE_STYLE_FILL_AREA(#14398);
#11944=ORIENTED_EDGE('',*,*,#3518,.T.);
#11945=ORIENTED_EDGE('',*,*,#3742,.F.);
#11946=ORIENTED_EDGE('',*,*,#2958,.T.);
#11947=ORIENTED_EDGE('',*,*,#3438,.T.);
#11948=CARTESIAN_POINT('',(-3.61000000000034,-3.19999999999999,0.16665));
#11949=DIRECTION('',(0.983382180387227,-0.181547479456103,1.2042560663379E-016));
#11950=DIRECTION('',(-0.181547479456103,-0.983382180387227,-2.22324196862382E-017));
#11951=CARTESIAN_POINT('',(-0.779703704467768,0.583544139276829,0.16665));
#11952=DIRECTION('',(1.22460635382238E-016,0.0,-1.0));
#11953=DIRECTION('',(-1.0,0.0,-1.22460635382238E-016));
#11954=SURFACE_STYLE_FILL_AREA(#14399);
#11955=ORIENTED_EDGE('',*,*,#1582,.T.);
#11956=ORIENTED_EDGE('',*,*,#3240,.F.);
#11957=ORIENTED_EDGE('',*,*,#3536,.T.);
#11958=ORIENTED_EDGE('',*,*,#3262,.T.);
#11959=CARTESIAN_POINT('',(-7.745,0.150000000000105,-0.625));
#11960=DIRECTION('',(-6.12303176911189E-017,0.0,1.0));
#11961=DIRECTION('',(0.0,-1.0,0.0));
#11962=DIRECTION('',(-1.22460635382238E-016,0.0,1.0));
#11963=DIRECTION('',(1.0,0.0,6.12303176911189E-017));
#11964=SURFACE_STYLE_FILL_AREA(#14400);
#11965=ORIENTED_EDGE('',*,*,#3688,.T.);
#11966=ORIENTED_EDGE('',*,*,#2316,.F.);
#11967=ORIENTED_EDGE('',*,*,#1826,.F.);
#11968=ORIENTED_EDGE('',*,*,#3506,.T.);
#11969=CARTESIAN_POINT('',(-0.779703704467768,0.583544139276829,0.16665));
#11970=DIRECTION('',(-1.22460635382238E-016,0.0,1.0));
#11971=DIRECTION('',(-1.0,0.0,-1.22460635382238E-016));
#11972=SURFACE_STYLE_FILL_AREA(#14401);
#11973=ORIENTED_EDGE('',*,*,#1440,.F.);
#11974=ORIENTED_EDGE('',*,*,#3038,.T.);
#11975=ORIENTED_EDGE('',*,*,#2144,.F.);
#11976=ORIENTED_EDGE('',*,*,#1858,.T.);
#11977=CARTESIAN_POINT('',(-7.85,0.740000000000222,-0.999999999999205));
#11978=DIRECTION('',(6.12303176911189E-017,0.0,-1.0));
#11979=DIRECTION('',(0.0,1.0,0.0));
#11980=DIRECTION('',(0.0,-1.0,0.0));
#11981=SURFACE_STYLE_FILL_AREA(#14402);
#11982=ORIENTED_EDGE('',*,*,#2358,.F.);
#11983=ORIENTED_EDGE('',*,*,#3878,.F.);
#11984=ORIENTED_EDGE('',*,*,#1592,.T.);
#11985=ORIENTED_EDGE('',*,*,#2966,.T.);
#11986=CARTESIAN_POINT('',(-5.86122065727702,0.753873053989039,0.16665));
#11987=DIRECTION('',(0.0,-1.0,0.0));
#11988=DIRECTION('',(-1.0,0.0,-1.22460635382238E-016));
#11989=SURFACE_STYLE_FILL_AREA(#14403);
#11990=ORIENTED_EDGE('',*,*,#2428,.T.);
#11991=ORIENTED_EDGE('',*,*,#2236,.T.);
#11992=ORIENTED_EDGE('',*,*,#1916,.T.);
#11993=ORIENTED_EDGE('',*,*,#3156,.T.);
#11994=ORIENTED_EDGE('',*,*,#2094,.F.);
#11995=ORIENTED_EDGE('',*,*,#2828,.F.);
#11996=ORIENTED_EDGE('',*,*,#1638,.F.);
#11997=ORIENTED_EDGE('',*,*,#3578,.F.);
#11998=ORIENTED_EDGE('',*,*,#3912,.F.);
#11999=ORIENTED_EDGE('',*,*,#2974,.F.);
#12000=ORIENTED_EDGE('',*,*,#2606,.F.);
#12001=ORIENTED_EDGE('',*,*,#3918,.F.);
#12002=ORIENTED_EDGE('',*,*,#3588,.F.);
#12003=ORIENTED_EDGE('',*,*,#3796,.F.);
#12004=ORIENTED_EDGE('',*,*,#3612,.T.);
#12005=ORIENTED_EDGE('',*,*,#3812,.F.);
#12006=ORIENTED_EDGE('',*,*,#3594,.F.);
#12007=ORIENTED_EDGE('',*,*,#2890,.F.);
#12008=CARTESIAN_POINT('',(-0.270000000000114,0.741000000000109,1.5));
#12009=DIRECTION('',(1.0,0.0,1.22460635382238E-016));
#12010=DIRECTION('',(0.0,-1.0,0.0));
#12011=DIRECTION('',(0.0,-1.0,0.0));
#12012=DIRECTION('',(1.22460635382238E-016,0.0,-1.0));
#12013=DIRECTION('',(0.0,-1.0,0.0));
#12014=SURFACE_STYLE_FILL_AREA(#14404);
#12015=ORIENTED_EDGE('',*,*,#4070,.T.);
#12016=ORIENTED_EDGE('',*,*,#1470,.F.);
#12017=ORIENTED_EDGE('',*,*,#3394,.T.);
#12018=ORIENTED_EDGE('',*,*,#1952,.T.);
#12019=CARTESIAN_POINT('',(-7.745,0.150000000000105,-0.625));
#12020=DIRECTION('',(-6.12303176911189E-017,0.0,1.0));
#12021=DIRECTION('',(0.0,-1.0,0.0));
#12022=DIRECTION('',(0.577350269189626,-0.577350269189626,0.577350269189626));
#12023=DIRECTION('',(1.22460635382238E-016,0.0,-1.0));
#12024=DIRECTION('',(0.0,1.0,0.0));
#12025=DIRECTION('',(1.22460635382238E-016,0.0,-1.0));
#12026=SURFACE_STYLE_FILL_AREA(#14405);
#12027=ORIENTED_EDGE('',*,*,#1572,.T.);
#12028=ORIENTED_EDGE('',*,*,#1540,.F.);
#12029=ORIENTED_EDGE('',*,*,#2024,.F.);
#12030=ORIENTED_EDGE('',*,*,#4082,.T.);
#12031=CARTESIAN_POINT('',(-1.76029629553154,0.583544139278076,0.16665));
#12032=DIRECTION('',(-1.22460635382238E-016,0.0,1.0));
#12033=DIRECTION('',(-1.0,0.0,-1.22460635382238E-016));
#12034=DIRECTION('',(-0.181547479456103,-0.983382180387227,-2.22324196862382E-017));
#12035=DIRECTION('',(-1.22460635382238E-016,0.0,1.0));
#12036=CARTESIAN_POINT('',(2.8100000000008,0.150000000000105,-0.775000000000204));
#12037=DIRECTION('',(-1.0,0.0,-1.22460635382238E-016));
#12038=DIRECTION('',(1.22460635382238E-016,0.0,-1.0));
#12039=SURFACE_STYLE_FILL_AREA(#14406);
#12040=ORIENTED_EDGE('',*,*,#3762,.T.);
#12041=ORIENTED_EDGE('',*,*,#1668,.T.);
#12042=ORIENTED_EDGE('',*,*,#2522,.T.);
#12043=ORIENTED_EDGE('',*,*,#3254,.T.);
#12044=ORIENTED_EDGE('',*,*,#1658,.T.);
#12045=ORIENTED_EDGE('',*,*,#1490,.F.);
#12046=CARTESIAN_POINT('',(-7.85,8.49999999999996,-0.949999999999932));
#12047=DIRECTION('',(4.32963728535968E-017,-0.707106781186548,-0.707106781186548));
#12048=DIRECTION('',(4.32963728535968E-017,0.707106781186548,-0.707106781186548));
#12049=DIRECTION('',(0.0,1.0,0.0));
#12050=CARTESIAN_POINT('',(5.35000000000079,0.150000000000105,-0.775000000000204));
#12051=DIRECTION('',(-1.0,0.0,-1.22460635382238E-016));
#12052=DIRECTION('',(1.22460635382238E-016,0.0,-1.0));
#12053=DIRECTION('',(1.0,0.0,1.22460635382238E-016));
#12054=SURFACE_STYLE_FILL_AREA(#14407);
#12055=ORIENTED_EDGE('',*,*,#2080,.T.);
#12056=ORIENTED_EDGE('',*,*,#3684,.T.);
#12057=ORIENTED_EDGE('',*,*,#3046,.T.);
#12058=ORIENTED_EDGE('',*,*,#3064,.T.);
#12059=ORIENTED_EDGE('',*,*,#2286,.T.);
#12060=ORIENTED_EDGE('',*,*,#2086,.F.);
#12061=CARTESIAN_POINT('',(-2.77,8.49999999999996,-0.949999999999932));
#12062=DIRECTION('',(4.32963728535968E-017,-0.707106781186548,-0.707106781186548));
#12063=DIRECTION('',(4.32963728535968E-017,0.707106781186548,-0.707106781186548));
#12064=DIRECTION('',(0.181547479456103,-0.983382180387227,2.22324196862382E-017));
#12065=CARTESIAN_POINT('',(-5.85970370446777,0.583544139276829,-0.16665));
#12066=DIRECTION('',(1.22460635382238E-016,0.0,-1.0));
#12067=DIRECTION('',(-1.0,0.0,-1.22460635382238E-016));
#12068=SURFACE_STYLE_FILL_AREA(#14408);
#12069=ORIENTED_EDGE('',*,*,#3418,.T.);
#12070=ORIENTED_EDGE('',*,*,#1404,.T.);
#12071=ORIENTED_EDGE('',*,*,#3380,.T.);
#12072=ORIENTED_EDGE('',*,*,#3678,.T.);
#12073=ORIENTED_EDGE('',*,*,#3424,.T.);
#12074=ORIENTED_EDGE('',*,*,#2266,.F.);
#12075=ORIENTED_EDGE('',*,*,#1946,.T.);
#12076=ORIENTED_EDGE('',*,*,#3854,.T.);
#12077=CARTESIAN_POINT('',(-0.23,7.64999999999999,0.450000000000159));
#12078=DIRECTION('',(-6.12303176911189E-017,0.0,1.0));
#12079=DIRECTION('',(0.0,-1.0,0.0));
#12080=DIRECTION('',(-0.577350269189626,-0.577350269189626,-0.577350269189626));
#12081=DIRECTION('',(-1.22460635382238E-016,0.0,1.0));
#12082=DIRECTION('',(1.22460635382238E-016,0.0,-1.0));
#12083=DIRECTION('',(1.0,0.0,6.12303176911189E-017));
#12084=DIRECTION('',(1.0,0.0,6.12303176911189E-017));
#12085=SURFACE_STYLE_FILL_AREA(#14409);
#12086=ORIENTED_EDGE('',*,*,#3290,.F.);
#12087=ORIENTED_EDGE('',*,*,#2262,.T.);
#12088=ORIENTED_EDGE('',*,*,#1764,.F.);
#12089=ORIENTED_EDGE('',*,*,#1548,.F.);
#12090=CARTESIAN_POINT('',(-5.12959917857106,1.90282814901086,0.16665));
#12091=DIRECTION('',(0.0,1.0,0.0));
#12092=DIRECTION('',(1.0,0.0,1.22460635382238E-016));
#12093=SURFACE_STYLE_FILL_AREA(#14410);
#12094=ORIENTED_EDGE('',*,*,#1982,.F.);
#12095=ORIENTED_EDGE('',*,*,#3336,.T.);
#12096=ORIENTED_EDGE('',*,*,#1816,.T.);
#12097=ORIENTED_EDGE('',*,*,#1482,.T.);
#12098=CARTESIAN_POINT('',(-6.35,7.625,0.7));
#12099=DIRECTION('',(0.0,0.0,1.0));
#12100=DIRECTION('',(1.0,0.0,0.0));
#12101=DIRECTION('',(1.0,0.0,1.22460635382238E-016));
#12102=SURFACE_STYLE_FILL_AREA(#14411);
#12103=ORIENTED_EDGE('',*,*,#2260,.F.);
#12104=ORIENTED_EDGE('',*,*,#3442,.F.);
#12105=ORIENTED_EDGE('',*,*,#1508,.T.);
#12106=ORIENTED_EDGE('',*,*,#1984,.F.);
#12107=CARTESIAN_POINT('',(0.320000000000069,8.50099999999996,1.5));
#12108=DIRECTION('',(-0.707106781186548,-0.707106781186548,-8.65927457071936E-017));
#12109=DIRECTION('',(-0.707106781186548,0.707106781186548,-8.65927457071936E-017));
#12110=SURFACE_STYLE_FILL_AREA(#14412);
#12111=ORIENTED_EDGE('',*,*,#1726,.F.);
#12112=ORIENTED_EDGE('',*,*,#1652,.F.);
#12113=ORIENTED_EDGE('',*,*,#1796,.F.);
#12114=ORIENTED_EDGE('',*,*,#3044,.F.);
#12115=ORIENTED_EDGE('',*,*,#2142,.F.);
#12116=ORIENTED_EDGE('',*,*,#3062,.F.);
#12117=ORIENTED_EDGE('',*,*,#2276,.F.);
#12118=ORIENTED_EDGE('',*,*,#2180,.F.);
#12119=ORIENTED_EDGE('',*,*,#3654,.F.);
#12120=ORIENTED_EDGE('',*,*,#3406,.F.);
#12121=CARTESIAN_POINT('',(7.745,4.10095653380422,-3.88339656113602E-015));
#12122=DIRECTION('',(1.0,0.0,6.12303176911189E-017));
#12123=DIRECTION('',(6.12303176911189E-017,0.0,-1.0));
#12124=DIRECTION('',(0.0,-1.0,0.0));
#12125=DIRECTION('',(1.22460635382238E-016,0.0,-1.0));
#12126=SURFACE_STYLE_FILL_AREA(#14413);
#12127=ORIENTED_EDGE('',*,*,#3380,.F.);
#12128=ORIENTED_EDGE('',*,*,#2248,.F.);
#12129=ORIENTED_EDGE('',*,*,#2646,.T.);
#12130=ORIENTED_EDGE('',*,*,#3352,.F.);
#12131=ORIENTED_EDGE('',*,*,#1428,.F.);
#12132=ORIENTED_EDGE('',*,*,#4040,.F.);
#12133=CARTESIAN_POINT('',(1.72000000000016,7.65099999999999,1.5));
#12134=DIRECTION('',(1.0,0.0,1.22460635382238E-016));
#12135=DIRECTION('',(0.0,-1.0,0.0));
#12136=DIRECTION('',(0.0,1.0,0.0));
#12137=DIRECTION('',(0.0,1.0,0.0));
#12138=DIRECTION('',(1.0,0.0,6.12303176911189E-017));
#12139=SURFACE_STYLE_FILL_AREA(#14414);
#12140=ORIENTED_EDGE('',*,*,#2036,.T.);
#12141=ORIENTED_EDGE('',*,*,#3262,.F.);
#12142=ORIENTED_EDGE('',*,*,#2888,.T.);
#12143=ORIENTED_EDGE('',*,*,#2070,.T.);
#12144=CARTESIAN_POINT('',(-7.745,0.150000000000105,-0.775000000000205));
#12145=DIRECTION('',(-1.0,0.0,-6.12303176911189E-017));
#12146=DIRECTION('',(6.12303176911189E-017,0.0,-1.0));
#12147=SURFACE_STYLE_FILL_AREA(#14415);
#12148=ORIENTED_EDGE('',*,*,#1998,.T.);
#12149=ORIENTED_EDGE('',*,*,#2318,.F.);
#12150=ORIENTED_EDGE('',*,*,#1654,.T.);
#12151=ORIENTED_EDGE('',*,*,#3088,.T.);
#12152=CARTESIAN_POINT('',(-7.745,0.150000000000105,-0.625));
#12153=DIRECTION('',(-6.12303176911189E-017,0.0,1.0));
#12154=DIRECTION('',(0.0,-1.0,0.0));
#12155=DIRECTION('',(0.0,-1.0,0.0));
#12156=DIRECTION('',(1.0,0.0,6.12303176911189E-017));
#12157=SURFACE_STYLE_FILL_AREA(#14416);
#12158=ORIENTED_EDGE('',*,*,#3258,.T.);
#12159=ORIENTED_EDGE('',*,*,#1400,.F.);
#12160=ORIENTED_EDGE('',*,*,#2664,.F.);
#12161=ORIENTED_EDGE('',*,*,#2744,.T.);
#12162=CARTESIAN_POINT('',(3.31970370446847,0.583544139278076,0.16665));
#12163=DIRECTION('',(-1.22460635382238E-016,0.0,1.0));
#12164=DIRECTION('',(-1.0,0.0,-1.22460635382238E-016));
#12165=DIRECTION('',(8.65927457071936E-017,0.707106781186548,-0.707106781186548));
#12166=DIRECTION('',(0.577350269189626,0.577350269189626,-0.577350269189626));
#12167=DIRECTION('',(-1.22460635382238E-016,0.0,1.0));
#12168=DIRECTION('',(1.0,0.0,6.12303176911189E-017));
#12169=DIRECTION('',(1.0,0.0,6.12303176911189E-017));
#12170=DIRECTION('',(1.0,0.0,0.0));
#12171=DIRECTION('',(0.577350269189626,-0.577350269189626,0.577350269189626));
#12172=DIRECTION('',(-1.0,0.0,0.0));
#12173=DIRECTION('',(1.0,0.0,6.12303176911189E-017));
#12174=DIRECTION('',(0.0,1.0,0.0));
#12175=DIRECTION('',(1.0,0.0,6.12303176911189E-017));
#12176=CARTESIAN_POINT('',(5.85970370446846,0.583544139278076,-0.16665));
#12177=DIRECTION('',(1.22460635382238E-016,0.0,-1.0));
#12178=DIRECTION('',(-1.0,0.0,-1.22460635382238E-016));
#12179=DIRECTION('',(-1.0,0.0,-6.12303176911189E-017));
#12180=SURFACE_STYLE_FILL_AREA(#14417);
#12181=ORIENTED_EDGE('',*,*,#3320,.T.);
#12182=ORIENTED_EDGE('',*,*,#1778,.F.);
#12183=ORIENTED_EDGE('',*,*,#1638,.T.);
#12184=ORIENTED_EDGE('',*,*,#2126,.T.);
#12185=CARTESIAN_POINT('',(-7.745,0.150000000000105,-0.625));
#12186=DIRECTION('',(-6.12303176911189E-017,0.0,1.0));
#12187=DIRECTION('',(0.0,-1.0,0.0));
#12188=DIRECTION('',(0.0,0.0,1.0));
#12189=CARTESIAN_POINT('',(-1.76029629553154,0.583544139278076,0.16665));
#12190=DIRECTION('',(1.22460635382238E-016,0.0,-1.0));
#12191=DIRECTION('',(-1.0,0.0,-1.22460635382238E-016));
#12192=DIRECTION('',(-1.0,0.0,-6.12303176911189E-017));
#12193=DIRECTION('',(1.22460635382238E-016,0.0,-1.0));
#12194=DIRECTION('',(-0.181547479456103,-0.983382180387227,-2.22324196862382E-017));
#12195=CARTESIAN_POINT('',(-4.8099999999992,0.150000000000105,-0.775000000000205));
#12196=DIRECTION('',(-1.0,0.0,-1.22460635382238E-016));
#12197=DIRECTION('',(1.22460635382238E-016,0.0,-1.0));
#12198=DIRECTION('',(-1.22460635382238E-016,0.0,1.0));
#12199=DIRECTION('',(0.0,1.0,0.0));
#12200=DIRECTION('',(0.181547479456103,0.983382180387227,2.22324196862382E-017));
#12201=DIRECTION('',(1.0,0.0,1.22460635382238E-016));
#12202=DIRECTION('',(1.22460635382238E-016,0.0,-1.0));
#12203=DIRECTION('',(1.22460635382238E-016,0.0,-1.0));
#12204=DIRECTION('',(1.0,0.0,6.12303176911189E-017));
#12205=DIRECTION('',(1.0,0.0,6.12303176911189E-017));
#12206=DIRECTION('',(1.0,0.0,6.12303176911189E-017));
#12207=SURFACE_STYLE_FILL_AREA(#14418);
#12208=ORIENTED_EDGE('',*,*,#3706,.T.);
#12209=ORIENTED_EDGE('',*,*,#1940,.F.);
#12210=ORIENTED_EDGE('',*,*,#4042,.T.);
#12211=ORIENTED_EDGE('',*,*,#3404,.T.);
#12212=CARTESIAN_POINT('',(-1.59000000000034,-2.54999999999999,0.16665));
#12213=DIRECTION('',(-0.983382180387227,-0.181547479456103,-1.2042560663379E-016));
#12214=DIRECTION('',(-0.181547479456103,0.983382180387227,-2.22324196862382E-017));
#12215=DIRECTION('',(0.577350269189626,-0.577350269189626,0.577350269189626));
#12216=DIRECTION('',(1.0,0.0,6.12303176911189E-017));
#12217=DIRECTION('',(1.0,0.0,6.12303176911189E-017));
#12218=DIRECTION('',(-1.22460635382238E-016,0.0,1.0));
#12219=DIRECTION('',(1.22460635382238E-016,0.0,-1.0));
#12220=DIRECTION('',(1.22460635382238E-016,0.0,-1.0));
#12221=DIRECTION('',(1.22460635382238E-016,0.0,-1.0));
#12222=DIRECTION('',(0.0,-1.0,0.0));
#12223=DIRECTION('',(0.0,1.0,0.0));
#12224=DIRECTION('',(-1.0,0.0,-6.12303176911189E-017));
#12225=SURFACE_STYLE_FILL_AREA(#14419);
#12226=ORIENTED_EDGE('',*,*,#2432,.T.);
#12227=ORIENTED_EDGE('',*,*,#2900,.T.);
#12228=ORIENTED_EDGE('',*,*,#4022,.T.);
#12229=ORIENTED_EDGE('',*,*,#3788,.F.);
#12230=CARTESIAN_POINT('',(-0.23,7.64999999999999,-0.449999999999932));
#12231=DIRECTION('',(0.0,1.0,0.0));
#12232=DIRECTION('',(-6.12303176911189E-017,0.0,1.0));
#12233=DIRECTION('',(-8.65927457071936E-017,-0.707106781186548,0.707106781186548));
#12234=SURFACE_STYLE_FILL_AREA(#14420);
#12235=ORIENTED_EDGE('',*,*,#3854,.F.);
#12236=ORIENTED_EDGE('',*,*,#3490,.T.);
#12237=ORIENTED_EDGE('',*,*,#2996,.F.);
#12238=ORIENTED_EDGE('',*,*,#4018,.F.);
#12239=CARTESIAN_POINT('',(0.820000000000069,7.65099999999999,1.5));
#12240=DIRECTION('',(0.0,1.0,0.0));
#12241=DIRECTION('',(1.0,0.0,1.22460635382238E-016));
#12242=DIRECTION('',(0.181547479456103,-0.983382180387227,2.22324196862382E-017));
#12243=CARTESIAN_POINT('',(7.34999999999989,0.149999999999778,0.775000000000091));
#12244=DIRECTION('',(1.0,0.0,1.22460635382238E-016));
#12245=DIRECTION('',(1.22460635382238E-016,0.0,-1.0));
#12246=DIRECTION('',(1.0,0.0,6.12303176911189E-017));
#12247=SURFACE_STYLE_FILL_AREA(#14421);
#12248=ORIENTED_EDGE('',*,*,#3298,.T.);
#12249=ORIENTED_EDGE('',*,*,#3502,.T.);
#12250=ORIENTED_EDGE('',*,*,#3312,.T.);
#12251=ORIENTED_EDGE('',*,*,#4078,.T.);
#12252=CARTESIAN_POINT('',(-7.85,7.99999999999996,-0.449999999999932));
#12253=DIRECTION('',(6.12303176911189E-017,0.0,-1.0));
#12254=DIRECTION('',(0.0,1.0,0.0));
#12255=SURFACE_STYLE_FILL_AREA(#14422);
#12256=ORIENTED_EDGE('',*,*,#3616,.T.);
#12257=ORIENTED_EDGE('',*,*,#2610,.F.);
#12258=ORIENTED_EDGE('',*,*,#1560,.F.);
#12259=ORIENTED_EDGE('',*,*,#1590,.T.);
#12260=CARTESIAN_POINT('',(0.779703704468464,0.583544139278076,0.16665));
#12261=DIRECTION('',(-1.22460635382238E-016,0.0,1.0));
#12262=DIRECTION('',(-1.0,0.0,-1.22460635382238E-016));
#12263=DIRECTION('',(1.22460635382238E-016,0.0,-1.0));
#12264=DIRECTION('',(-8.65927457071936E-017,0.707106781186548,0.707106781186548));
#12265=DIRECTION('',(1.22460635382238E-016,0.0,-1.0));
#12266=DIRECTION('',(-1.54690693133187E-029,-1.0,2.52637417159153E-013));
#12267=DIRECTION('',(1.0,0.0,6.12303176911189E-017));
#12268=DIRECTION('',(1.22460635382238E-016,0.0,-1.0));
#12269=DIRECTION('',(-1.22460635382238E-016,0.0,1.0));
#12270=DIRECTION('',(-8.65927457071936E-017,0.707106781186548,0.707106781186548));
#12271=DIRECTION('',(0.0,-1.0,0.0));
#12272=DIRECTION('',(-1.22460635382238E-016,0.0,1.0));
#12273=DIRECTION('',(0.0,0.0,-1.0));
#12274=CARTESIAN_POINT('',(-2.2699999999992,0.150000000000105,-0.775000000000205));
#12275=DIRECTION('',(-1.0,0.0,-1.22460635382238E-016));
#12276=DIRECTION('',(1.22460635382238E-016,0.0,-1.0));
#12277=DIRECTION('',(1.0,0.0,6.12303176911189E-017));
#12278=DIRECTION('',(0.0,1.0,0.0));
#12279=SURFACE_STYLE_FILL_AREA(#14423);
#12280=ORIENTED_EDGE('',*,*,#3862,.T.);
#12281=ORIENTED_EDGE('',*,*,#2322,.F.);
#12282=ORIENTED_EDGE('',*,*,#1886,.T.);
#12283=ORIENTED_EDGE('',*,*,#3776,.T.);
#12284=CARTESIAN_POINT('',(6.54999999999966,-3.19999999999999,0.16665));
#12285=DIRECTION('',(0.983382180387227,-0.181547479456103,1.2042560663379E-016));
#12286=DIRECTION('',(-0.181547479456103,-0.983382180387227,-2.22324196862382E-017));
#12287=DIRECTION('',(1.0,0.0,1.22460635382238E-016));
#12288=CARTESIAN_POINT('',(-6.84029629553154,0.583544139278076,0.16665));
#12289=DIRECTION('',(1.22460635382238E-016,0.0,-1.0));
#12290=DIRECTION('',(-1.0,0.0,-1.22460635382238E-016));
#12291=DIRECTION('',(0.0,-1.0,0.0));
#12292=CARTESIAN_POINT('',(7.745,0.150000000000105,-0.775000000000204));
#12293=DIRECTION('',(-1.0,0.0,-6.12303176911189E-017));
#12294=DIRECTION('',(6.12303176911189E-017,0.0,-1.0));
#12295=DIRECTION('',(-3.09381386266373E-029,-1.0,2.52637417159153E-013));
#12296=SURFACE_STYLE_FILL_AREA(#14424);
#12297=ORIENTED_EDGE('',*,*,#3794,.F.);
#12298=ORIENTED_EDGE('',*,*,#1390,.F.);
#12299=ORIENTED_EDGE('',*,*,#2428,.F.);
#12300=ORIENTED_EDGE('',*,*,#2908,.T.);
#12301=CARTESIAN_POINT('',(-0.0495991785710617,1.90282814901086,0.16665));
#12302=DIRECTION('',(0.0,1.0,0.0));
#12303=DIRECTION('',(1.0,0.0,1.22460635382238E-016));
#12304=SURFACE_STYLE_FILL_AREA(#14425);
#12305=ORIENTED_EDGE('',*,*,#3792,.F.);
#12306=ORIENTED_EDGE('',*,*,#1622,.F.);
#12307=ORIENTED_EDGE('',*,*,#3174,.T.);
#12308=ORIENTED_EDGE('',*,*,#1792,.T.);
#12309=CARTESIAN_POINT('',(-3.32122065727702,0.753873053989039,0.16665));
#12310=DIRECTION('',(0.0,-1.0,0.0));
#12311=DIRECTION('',(-1.0,0.0,-1.22460635382238E-016));
#12312=DIRECTION('',(1.0,0.0,0.0));
#12313=DIRECTION('',(0.0,-1.0,0.0));
#12314=DIRECTION('',(0.0,0.0,-1.0));
#12315=DIRECTION('',(1.0,0.0,6.12303176911189E-017));
#12316=CARTESIAN_POINT('',(-5.85970370446777,0.583544139276829,0.16665));
#12317=DIRECTION('',(1.22460635382238E-016,0.0,-1.0));
#12318=DIRECTION('',(-1.0,0.0,-1.22460635382238E-016));
#12319=DIRECTION('',(0.0,1.0,0.0));
#12320=DIRECTION('',(1.0,0.0,6.12303176911189E-017));
#12321=DIRECTION('',(1.0,0.0,6.12303176911189E-017));
#12322=DIRECTION('',(1.22460635382238E-016,0.0,-1.0));
#12323=DIRECTION('',(1.0,0.0,6.12303176911189E-017));
#12324=DIRECTION('',(-1.0,0.0,-1.22460635382238E-016));
#12325=DIRECTION('',(0.0,-1.0,0.0));
#12326=SURFACE_STYLE_FILL_AREA(#14426);
#12327=ORIENTED_EDGE('',*,*,#1738,.T.);
#12328=ORIENTED_EDGE('',*,*,#1408,.F.);
#12329=ORIENTED_EDGE('',*,*,#3804,.T.);
#12330=ORIENTED_EDGE('',*,*,#2530,.T.);
#12331=CARTESIAN_POINT('',(-7.745,0.599999999999994,0.625));
#12332=DIRECTION('',(6.12303176911189E-017,-2.52637417159153E-013,-1.0));
#12333=DIRECTION('',(1.54690693133187E-029,1.0,-2.52637417159153E-013));
#12334=DIRECTION('',(1.22460635382238E-016,0.0,-1.0));
#12335=DIRECTION('',(-1.22460635382238E-016,0.0,1.0));
#12336=DIRECTION('',(8.65927457071936E-017,-0.707106781186548,-0.707106781186548));
#12337=SURFACE_STYLE_FILL_AREA(#14427);
#12338=ORIENTED_EDGE('',*,*,#1640,.T.);
#12339=ORIENTED_EDGE('',*,*,#3694,.F.);
#12340=ORIENTED_EDGE('',*,*,#3338,.T.);
#12341=ORIENTED_EDGE('',*,*,#1584,.T.);
#12342=CARTESIAN_POINT('',(6.02999999999966,-2.54999999999999,0.16665));
#12343=DIRECTION('',(-0.983382180387227,-0.181547479456103,-1.2042560663379E-016));
#12344=DIRECTION('',(-0.181547479456103,0.983382180387227,-2.22324196862382E-017));
#12345=DIRECTION('',(-0.577350269189626,0.577350269189626,0.577350269189626));
#12346=DIRECTION('',(1.22460635382238E-016,0.0,-1.0));
#12347=DIRECTION('',(-1.0,0.0,-1.22460635382238E-016));
#12348=DIRECTION('',(-1.22460635382238E-016,0.0,1.0));
#12349=DIRECTION('',(1.0,0.0,6.12303176911189E-017));
#12350=DIRECTION('',(0.0,-1.0,0.0));
#12351=DIRECTION('',(1.0,0.0,6.12303176911189E-017));
#12352=DIRECTION('',(0.0,-1.0,0.0));
#12353=DIRECTION('',(0.0,1.0,0.0));
#12354=DIRECTION('',(1.22460635382238E-016,0.0,-1.0));
#12355=DIRECTION('',(-1.22460635382238E-016,0.0,1.0));
#12356=DIRECTION('',(1.22460635382238E-016,0.0,-1.0));
#12357=DIRECTION('',(0.577350269189626,0.577350269189626,-0.577350269189626));
#12358=SURFACE_STYLE_FILL_AREA(#14428);
#12359=ORIENTED_EDGE('',*,*,#2268,.T.);
#12360=ORIENTED_EDGE('',*,*,#2550,.F.);
#12361=ORIENTED_EDGE('',*,*,#2914,.T.);
#12362=ORIENTED_EDGE('',*,*,#2612,.T.);
#12363=CARTESIAN_POINT('',(-6.67000000000034,0.587206387322199,0.16665));
#12364=DIRECTION('',(-1.0,0.0,-1.22460635382238E-016));
#12365=DIRECTION('',(0.0,1.0,0.0));
#12366=DIRECTION('',(1.0,0.0,6.12303176911189E-017));
#12367=SURFACE_STYLE_FILL_AREA(#14429);
#12368=ORIENTED_EDGE('',*,*,#2706,.F.);
#12369=ORIENTED_EDGE('',*,*,#1932,.F.);
#12370=ORIENTED_EDGE('',*,*,#2450,.T.);
#12371=ORIENTED_EDGE('',*,*,#2050,.T.);
#12372=CARTESIAN_POINT('',(6.83877934272298,0.753873053989039,0.16665));
#12373=DIRECTION('',(0.0,-1.0,0.0));
#12374=DIRECTION('',(-1.0,0.0,-1.22460635382238E-016));
#12375=SURFACE_STYLE_FILL_AREA(#14430);
#12376=ORIENTED_EDGE('',*,*,#3810,.F.);
#12377=ORIENTED_EDGE('',*,*,#3374,.F.);
#12378=ORIENTED_EDGE('',*,*,#1398,.T.);
#12379=ORIENTED_EDGE('',*,*,#1968,.F.);
#12380=ORIENTED_EDGE('',*,*,#1712,.F.);
#12381=ORIENTED_EDGE('',*,*,#3268,.F.);
#12382=CARTESIAN_POINT('',(4.26000000000016,7.65099999999999,1.5));
#12383=DIRECTION('',(1.0,0.0,1.22460635382238E-016));
#12384=DIRECTION('',(0.0,-1.0,0.0));
#12385=DIRECTION('',(1.22460635382238E-016,0.0,-1.0));
#12386=DIRECTION('',(1.0,0.0,6.12303176911189E-017));
#12387=DIRECTION('',(-1.0,0.0,0.0));
#12388=DIRECTION('',(1.22460635382238E-016,0.0,-1.0));
#12389=SURFACE_STYLE_FILL_AREA(#14431);
#12390=ORIENTED_EDGE('',*,*,#2018,.T.);
#12391=ORIENTED_EDGE('',*,*,#3112,.F.);
#12392=ORIENTED_EDGE('',*,*,#1518,.T.);
#12393=ORIENTED_EDGE('',*,*,#2144,.T.);
#12394=ORIENTED_EDGE('',*,*,#2092,.T.);
#12395=ORIENTED_EDGE('',*,*,#3502,.F.);
#12396=ORIENTED_EDGE('',*,*,#2160,.T.);
#12397=ORIENTED_EDGE('',*,*,#3108,.T.);
#12398=CARTESIAN_POINT('',(-7.85,7.64999999999999,-0.449999999999932));
#12399=DIRECTION('',(0.0,1.0,0.0));
#12400=DIRECTION('',(-6.12303176911189E-017,0.0,1.0));
#12401=DIRECTION('',(0.0,1.0,0.0));
#12402=DIRECTION('',(-1.0,0.0,-6.12303176911189E-017));
#12403=DIRECTION('',(1.22460635382238E-016,0.0,-1.0));
#12404=SURFACE_STYLE_FILL_AREA(#14432);
#12405=ORIENTED_EDGE('',*,*,#3012,.T.);
#12406=ORIENTED_EDGE('',*,*,#3422,.T.);
#12407=ORIENTED_EDGE('',*,*,#3810,.T.);
#12408=ORIENTED_EDGE('',*,*,#2564,.T.);
#12409=ORIENTED_EDGE('',*,*,#2686,.T.);
#12410=ORIENTED_EDGE('',*,*,#3130,.F.);
#12411=ORIENTED_EDGE('',*,*,#2670,.T.);
#12412=ORIENTED_EDGE('',*,*,#2834,.T.);
#12413=CARTESIAN_POINT('',(2.31,7.64999999999999,0.450000000000159));
#12414=DIRECTION('',(-6.12303176911189E-017,0.0,1.0));
#12415=DIRECTION('',(0.0,-1.0,0.0));
#12416=SURFACE_STYLE_FILL_AREA(#14433);
#12417=ORIENTED_EDGE('',*,*,#2738,.F.);
#12418=ORIENTED_EDGE('',*,*,#2982,.F.);
#12419=ORIENTED_EDGE('',*,*,#2284,.T.);
#12420=ORIENTED_EDGE('',*,*,#1868,.F.);
#12421=CARTESIAN_POINT('',(5.40000000000007,8.50099999999996,1.5));
#12422=DIRECTION('',(-0.707106781186548,-0.707106781186548,-8.65927457071936E-017));
#12423=DIRECTION('',(-0.707106781186548,0.707106781186548,-8.65927457071936E-017));
#12424=SURFACE_STYLE_FILL_AREA(#14434);
#12425=ORIENTED_EDGE('',*,*,#1688,.T.);
#12426=ORIENTED_EDGE('',*,*,#3530,.T.);
#12427=ORIENTED_EDGE('',*,*,#3180,.T.);
#12428=ORIENTED_EDGE('',*,*,#3092,.T.);
#12429=ORIENTED_EDGE('',*,*,#1796,.T.);
#12430=ORIENTED_EDGE('',*,*,#3570,.F.);
#12431=ORIENTED_EDGE('',*,*,#2622,.T.);
#12432=ORIENTED_EDGE('',*,*,#3686,.T.);
#12433=ORIENTED_EDGE('',*,*,#1914,.T.);
#12434=ORIENTED_EDGE('',*,*,#3210,.T.);
#12435=ORIENTED_EDGE('',*,*,#3534,.T.);
#12436=ORIENTED_EDGE('',*,*,#2774,.T.);
#12437=ORIENTED_EDGE('',*,*,#3152,.T.);
#12438=ORIENTED_EDGE('',*,*,#1434,.T.);
#12439=ORIENTED_EDGE('',*,*,#4012,.T.);
#12440=ORIENTED_EDGE('',*,*,#3138,.T.);
#12441=ORIENTED_EDGE('',*,*,#3690,.T.);
#12442=ORIENTED_EDGE('',*,*,#3040,.T.);
#12443=ORIENTED_EDGE('',*,*,#2606,.T.);
#12444=ORIENTED_EDGE('',*,*,#2084,.T.);
#12445=ORIENTED_EDGE('',*,*,#1464,.T.);
#12446=ORIENTED_EDGE('',*,*,#3958,.T.);
#12447=ORIENTED_EDGE('',*,*,#4066,.T.);
#12448=ORIENTED_EDGE('',*,*,#2164,.T.);
#12449=ORIENTED_EDGE('',*,*,#4080,.T.);
#12450=ORIENTED_EDGE('',*,*,#2512,.T.);
#12451=ORIENTED_EDGE('',*,*,#3940,.T.);
#12452=ORIENTED_EDGE('',*,*,#3606,.T.);
#12453=CARTESIAN_POINT('',(-7.745,0.0,0.775000000000091));
#12454=DIRECTION('',(0.0,-1.0,0.0));
#12455=DIRECTION('',(6.12303176911189E-017,0.0,-1.0));
#12456=SURFACE_STYLE_FILL_AREA(#14435);
#12457=ORIENTED_EDGE('',*,*,#2558,.F.);
#12458=ORIENTED_EDGE('',*,*,#2648,.F.);
#12459=ORIENTED_EDGE('',*,*,#2136,.T.);
#12460=ORIENTED_EDGE('',*,*,#3260,.F.);
#12461=CARTESIAN_POINT('',(-4.75999999999993,8.50099999999996,1.5));
#12462=DIRECTION('',(-0.707106781186548,-0.707106781186548,-8.65927457071936E-017));
#12463=DIRECTION('',(-0.707106781186548,0.707106781186548,-8.65927457071936E-017));
#12464=DIRECTION('',(1.22460635382238E-016,0.0,-1.0));
#12465=DIRECTION('',(1.0,0.0,6.12303176911189E-017));
#12466=SURFACE_STYLE_FILL_AREA(#14436);
#12467=ORIENTED_EDGE('',*,*,#2120,.T.);
#12468=ORIENTED_EDGE('',*,*,#3572,.F.);
#12469=ORIENTED_EDGE('',*,*,#1708,.T.);
#12470=ORIENTED_EDGE('',*,*,#3504,.T.);
#12471=CARTESIAN_POINT('',(3.48999999999966,-2.54999999999999,0.16665));
#12472=DIRECTION('',(-0.983382180387227,-0.181547479456103,-1.2042560663379E-016));
#12473=DIRECTION('',(-0.181547479456103,0.983382180387227,-2.22324196862382E-017));
#12474=DIRECTION('',(-1.0,0.0,-1.22460635382238E-016));
#12475=DIRECTION('',(1.0,0.0,1.22460635382238E-016));
#12476=DIRECTION('',(-1.22460635382238E-016,0.0,1.0));
#12477=DIRECTION('',(1.22460635382238E-016,0.0,-1.0));
#12478=SURFACE_STYLE_FILL_AREA(#14437);
#12479=ORIENTED_EDGE('',*,*,#2572,.T.);
#12480=ORIENTED_EDGE('',*,*,#1920,.T.);
#12481=ORIENTED_EDGE('',*,*,#3636,.T.);
#12482=ORIENTED_EDGE('',*,*,#3880,.T.);
#12483=ORIENTED_EDGE('',*,*,#3416,.T.);
#12484=ORIENTED_EDGE('',*,*,#1996,.F.);
#12485=ORIENTED_EDGE('',*,*,#3452,.T.);
#12486=ORIENTED_EDGE('',*,*,#2230,.T.);
#12487=CARTESIAN_POINT('',(4.85,7.64999999999999,0.450000000000159));
#12488=DIRECTION('',(-6.12303176911189E-017,0.0,1.0));
#12489=DIRECTION('',(0.0,-1.0,0.0));
#12490=DIRECTION('',(1.22460635382238E-016,0.0,-1.0));
#12491=DIRECTION('',(0.0,-1.0,0.0));
#12492=DIRECTION('',(1.22460635382238E-016,0.0,-1.0));
#12493=DIRECTION('',(0.0,-1.0,0.0));
#12494=DIRECTION('',(-1.0,0.0,-6.12303176911189E-017));
#12495=DIRECTION('',(0.0,-1.0,0.0));
#12496=SURFACE_STYLE_FILL_AREA(#14438);
#12497=ORIENTED_EDGE('',*,*,#3196,.T.);
#12498=ORIENTED_EDGE('',*,*,#2774,.F.);
#12499=ORIENTED_EDGE('',*,*,#2842,.T.);
#12500=ORIENTED_EDGE('',*,*,#4046,.T.);
#12501=CARTESIAN_POINT('',(-7.745,0.149999999999778,0.775000000000091));
#12502=DIRECTION('',(-1.0,0.0,-6.12303176911189E-017));
#12503=DIRECTION('',(6.12303176911189E-017,0.0,-1.0));
#12504=SURFACE_STYLE_FILL_AREA(#14439);
#12505=ORIENTED_EDGE('',*,*,#3224,.T.);
#12506=ORIENTED_EDGE('',*,*,#3138,.F.);
#12507=ORIENTED_EDGE('',*,*,#3924,.T.);
#12508=ORIENTED_EDGE('',*,*,#2950,.T.);
#12509=CARTESIAN_POINT('',(-7.745,0.149999999999778,0.775000000000091));
#12510=DIRECTION('',(-1.0,0.0,-6.12303176911189E-017));
#12511=DIRECTION('',(6.12303176911189E-017,0.0,-1.0));
#12512=DIRECTION('',(0.0,1.0,0.0));
#12513=DIRECTION('',(1.22460635382238E-016,0.0,-1.0));
#12514=DIRECTION('',(1.22460635382238E-016,0.0,-1.0));
#12515=SURFACE_STYLE_FILL_AREA(#14440);
#12516=ORIENTED_EDGE('',*,*,#2754,.T.);
#12517=ORIENTED_EDGE('',*,*,#1978,.F.);
#12518=ORIENTED_EDGE('',*,*,#3986,.T.);
#12519=ORIENTED_EDGE('',*,*,#2940,.T.);
#12520=CARTESIAN_POINT('',(-7.745,0.599999999999994,0.625));
#12521=DIRECTION('',(6.12303176911189E-017,-2.52637417159153E-013,-1.0));
#12522=DIRECTION('',(1.54690693133187E-029,1.0,-2.52637417159153E-013));
#12523=DIRECTION('',(-1.22460635382238E-016,0.0,1.0));
#12524=DIRECTION('',(1.0,0.0,6.12303176911189E-017));
#12525=DIRECTION('',(1.22460635382238E-016,0.0,-1.0));
#12526=SURFACE_STYLE_FILL_AREA(#14441);
#12527=ORIENTED_EDGE('',*,*,#2564,.F.);
#12528=ORIENTED_EDGE('',*,*,#3268,.T.);
#12529=ORIENTED_EDGE('',*,*,#3396,.F.);
#12530=ORIENTED_EDGE('',*,*,#2778,.F.);
#12531=CARTESIAN_POINT('',(4.80999999999989,7.65099999999999,1.5));
#12532=DIRECTION('',(0.0,1.0,0.0));
#12533=DIRECTION('',(1.0,0.0,1.22460635382238E-016));
#12534=SURFACE_STYLE_FILL_AREA(#14442);
#12535=ORIENTED_EDGE('',*,*,#1416,.T.);
#12536=ORIENTED_EDGE('',*,*,#3484,.T.);
#12537=ORIENTED_EDGE('',*,*,#2276,.T.);
#12538=ORIENTED_EDGE('',*,*,#3366,.F.);
#12539=CARTESIAN_POINT('',(-7.745,0.150000000000105,-0.625));
#12540=DIRECTION('',(-6.12303176911189E-017,0.0,1.0));
#12541=DIRECTION('',(0.0,-1.0,0.0));
#12542=SURFACE_STYLE_FILL_AREA(#14443);
#12543=ORIENTED_EDGE('',*,*,#3926,.T.);
#12544=ORIENTED_EDGE('',*,*,#2054,.F.);
#12545=ORIENTED_EDGE('',*,*,#1562,.F.);
#12546=ORIENTED_EDGE('',*,*,#2712,.T.);
#12547=CARTESIAN_POINT('',(4.12999999999966,-2.54999999999999,0.16665));
#12548=DIRECTION('',(1.0,0.0,1.22460635382238E-016));
#12549=DIRECTION('',(0.0,-1.0,0.0));
#12550=SURFACE_STYLE_FILL_AREA(#14444);
#12551=ORIENTED_EDGE('',*,*,#1916,.F.);
#12552=ORIENTED_EDGE('',*,*,#2366,.F.);
#12553=ORIENTED_EDGE('',*,*,#2316,.T.);
#12554=ORIENTED_EDGE('',*,*,#3056,.T.);
#12555=CARTESIAN_POINT('',(-0.781220657277022,0.753873053989039,0.16665));
#12556=DIRECTION('',(0.0,-1.0,0.0));
#12557=DIRECTION('',(-1.0,0.0,-1.22460635382238E-016));
#12558=DIRECTION('',(0.0,-1.0,0.0));
#12559=SURFACE_STYLE_FILL_AREA(#14445);
#12560=ORIENTED_EDGE('',*,*,#2196,.F.);
#12561=ORIENTED_EDGE('',*,*,#2942,.T.);
#12562=ORIENTED_EDGE('',*,*,#3328,.F.);
#12563=ORIENTED_EDGE('',*,*,#3746,.F.);
#12564=CARTESIAN_POINT('',(-1.71999999999993,7.65099999999999,1.5));
#12565=DIRECTION('',(0.0,1.0,0.0));
#12566=DIRECTION('',(1.0,0.0,1.22460635382238E-016));
#12567=DIRECTION('',(1.22460635382238E-016,0.0,-1.0));
#12568=DIRECTION('',(1.22460635382238E-016,0.0,-1.0));
#12569=DIRECTION('',(0.0,-1.0,0.0));
#12570=DIRECTION('',(0.0,1.0,0.0));
#12571=DIRECTION('',(-1.0,0.0,-6.12303176911189E-017));
#12572=DIRECTION('',(6.12303176911189E-017,0.0,-1.0));
#12573=DIRECTION('',(1.22460635382238E-016,0.0,-1.0));
#12574=DIRECTION('',(1.0,0.0,6.12303176911189E-017));
#12575=DIRECTION('',(0.0,1.0,0.0));
#12576=DIRECTION('',(0.0,1.0,0.0));
#12577=DIRECTION('',(-0.577350269189626,0.577350269189626,0.577350269189626));
#12578=SURFACE_STYLE_FILL_AREA(#14446);
#12579=ORIENTED_EDGE('',*,*,#2656,.T.);
#12580=ORIENTED_EDGE('',*,*,#2470,.F.);
#12581=ORIENTED_EDGE('',*,*,#3368,.T.);
#12582=ORIENTED_EDGE('',*,*,#2112,.T.);
#12583=ORIENTED_EDGE('',*,*,#2038,.T.);
#12584=ORIENTED_EDGE('',*,*,#3116,.F.);
#12585=ORIENTED_EDGE('',*,*,#2394,.T.);
#12586=ORIENTED_EDGE('',*,*,#2838,.T.);
#12587=ORIENTED_EDGE('',*,*,#3610,.T.);
#12588=ORIENTED_EDGE('',*,*,#3744,.F.);
#12589=ORIENTED_EDGE('',*,*,#2094,.T.);
#12590=ORIENTED_EDGE('',*,*,#1466,.T.);
#12591=ORIENTED_EDGE('',*,*,#2630,.T.);
#12592=ORIENTED_EDGE('',*,*,#3194,.F.);
#12593=ORIENTED_EDGE('',*,*,#2422,.T.);
#12594=ORIENTED_EDGE('',*,*,#2586,.T.);
#12595=ORIENTED_EDGE('',*,*,#2282,.T.);
#12596=ORIENTED_EDGE('',*,*,#2070,.F.);
#12597=ORIENTED_EDGE('',*,*,#2448,.T.);
#12598=ORIENTED_EDGE('',*,*,#1440,.T.);
#12599=ORIENTED_EDGE('',*,*,#1736,.T.);
#12600=ORIENTED_EDGE('',*,*,#2294,.F.);
#12601=ORIENTED_EDGE('',*,*,#1780,.F.);
#12602=ORIENTED_EDGE('',*,*,#3346,.T.);
#12603=ORIENTED_EDGE('',*,*,#3654,.T.);
#12604=ORIENTED_EDGE('',*,*,#4002,.F.);
#12605=ORIENTED_EDGE('',*,*,#2374,.T.);
#12606=ORIENTED_EDGE('',*,*,#3182,.T.);
#12607=CARTESIAN_POINT('',(-7.745,0.0,-1.25));
#12608=DIRECTION('',(0.0,-1.0,0.0));
#12609=DIRECTION('',(6.12303176911189E-017,0.0,-1.0));
#12610=DIRECTION('',(1.22460635382238E-016,0.0,-1.0));
#12611=DIRECTION('',(1.22460635382238E-016,0.0,-1.0));
#12612=DIRECTION('',(1.22460635382238E-016,0.0,-1.0));
#12613=SURFACE_STYLE_FILL_AREA(#14447);
#12614=ORIENTED_EDGE('',*,*,#3134,.F.);
#12615=ORIENTED_EDGE('',*,*,#2840,.T.);
#12616=ORIENTED_EDGE('',*,*,#4026,.F.);
#12617=ORIENTED_EDGE('',*,*,#1838,.T.);
#12618=CARTESIAN_POINT('',(-6.03,7.68,0.0));
#12619=DIRECTION('',(-1.0,0.0,0.0));
#12620=DIRECTION('',(0.0,0.0,1.0));
#12621=SURFACE_STYLE_FILL_AREA(#14448);
#12622=ORIENTED_EDGE('',*,*,#1876,.T.);
#12623=ORIENTED_EDGE('',*,*,#1702,.F.);
#12624=ORIENTED_EDGE('',*,*,#1786,.F.);
#12625=ORIENTED_EDGE('',*,*,#2322,.T.);
#12626=CARTESIAN_POINT('',(6.66999999999966,-2.54999999999999,0.16665));
#12627=DIRECTION('',(1.0,0.0,1.22460635382238E-016));
#12628=DIRECTION('',(0.0,-1.0,0.0));
#12629=DIRECTION('',(0.0,-1.0,0.0));
#12630=DIRECTION('',(1.0,0.0,6.12303176911189E-017));
#12631=DIRECTION('',(1.0,0.0,6.12303176911189E-017));
#12632=DIRECTION('',(1.0,0.0,6.12303176911189E-017));
#12633=SURFACE_STYLE_FILL_AREA(#14449);
#12634=ORIENTED_EDGE('',*,*,#1870,.T.);
#12635=ORIENTED_EDGE('',*,*,#1962,.T.);
#12636=ORIENTED_EDGE('',*,*,#3512,.T.);
#12637=ORIENTED_EDGE('',*,*,#3632,.F.);
#12638=CARTESIAN_POINT('',(-5.31,7.64999999999999,-0.449999999999932));
#12639=DIRECTION('',(0.0,1.0,0.0));
#12640=DIRECTION('',(-6.12303176911189E-017,0.0,1.0));
#12641=DIRECTION('',(1.0,0.0,6.12303176911189E-017));
#12642=SURFACE_STYLE_FILL_AREA(#14450);
#12643=ORIENTED_EDGE('',*,*,#1764,.T.);
#12644=ORIENTED_EDGE('',*,*,#1794,.T.);
#12645=ORIENTED_EDGE('',*,*,#1804,.T.);
#12646=ORIENTED_EDGE('',*,*,#3928,.T.);
#12647=ORIENTED_EDGE('',*,*,#1914,.F.);
#12648=ORIENTED_EDGE('',*,*,#2954,.F.);
#12649=ORIENTED_EDGE('',*,*,#2754,.F.);
#12650=ORIENTED_EDGE('',*,*,#1830,.F.);
#12651=ORIENTED_EDGE('',*,*,#3800,.F.);
#12652=ORIENTED_EDGE('',*,*,#1684,.F.);
#12653=ORIENTED_EDGE('',*,*,#1736,.F.);
#12654=ORIENTED_EDGE('',*,*,#1858,.F.);
#12655=ORIENTED_EDGE('',*,*,#1518,.F.);
#12656=ORIENTED_EDGE('',*,*,#2192,.F.);
#12657=ORIENTED_EDGE('',*,*,#3126,.F.);
#12658=ORIENTED_EDGE('',*,*,#3904,.F.);
#12659=ORIENTED_EDGE('',*,*,#3076,.F.);
#12660=ORIENTED_EDGE('',*,*,#3332,.F.);
#12661=CARTESIAN_POINT('',(-7.3499999999992,0.741000000000222,1.5));
#12662=DIRECTION('',(-1.0,0.0,-1.22460635382238E-016));
#12663=DIRECTION('',(0.0,1.0,0.0));
#12664=SURFACE_STYLE_FILL_AREA(#14451);
#12665=ORIENTED_EDGE('',*,*,#2554,.T.);
#12666=ORIENTED_EDGE('',*,*,#3716,.T.);
#12667=ORIENTED_EDGE('',*,*,#1510,.T.);
#12668=ORIENTED_EDGE('',*,*,#1924,.T.);
#12669=ORIENTED_EDGE('',*,*,#2698,.T.);
#12670=ORIENTED_EDGE('',*,*,#3220,.T.);
#12671=ORIENTED_EDGE('',*,*,#3750,.T.);
#12672=ORIENTED_EDGE('',*,*,#1754,.F.);
#12673=CARTESIAN_POINT('',(4.85,7.99999999999996,-0.449999999999932));
#12674=DIRECTION('',(6.12303176911189E-017,0.0,-1.0));
#12675=DIRECTION('',(0.0,1.0,0.0));
#12676=DIRECTION('',(1.0,0.0,6.12303176911189E-017));
#12677=SURFACE_STYLE_FILL_AREA(#14452);
#12678=ORIENTED_EDGE('',*,*,#2158,.T.);
#12679=ORIENTED_EDGE('',*,*,#2530,.F.);
#12680=ORIENTED_EDGE('',*,*,#3908,.T.);
#12681=ORIENTED_EDGE('',*,*,#1762,.T.);
#12682=CARTESIAN_POINT('',(-7.745,0.599999999999994,-0.625));
#12683=DIRECTION('',(0.0,-1.0,0.0));
#12684=DIRECTION('',(6.12303176911189E-017,0.0,-1.0));
#12685=DIRECTION('',(3.09381386266373E-029,1.0,-2.52637417159153E-013));
#12686=DIRECTION('',(-1.0,0.0,-1.22460635382238E-016));
#12687=SURFACE_STYLE_FILL_AREA(#14453);
#12688=ORIENTED_EDGE('',*,*,#4058,.T.);
#12689=ORIENTED_EDGE('',*,*,#4032,.F.);
#12690=ORIENTED_EDGE('',*,*,#3496,.T.);
#12691=ORIENTED_EDGE('',*,*,#2610,.T.);
#12692=CARTESIAN_POINT('',(0.949999999999659,0.587206387322199,0.16665));
#12693=DIRECTION('',(-1.0,0.0,-1.22460635382238E-016));
#12694=DIRECTION('',(0.0,1.0,0.0));
#12695=SURFACE_STYLE_FILL_AREA(#14454);
#12696=ORIENTED_EDGE('',*,*,#3106,.F.);
#12697=ORIENTED_EDGE('',*,*,#4050,.F.);
#12698=ORIENTED_EDGE('',*,*,#3500,.T.);
#12699=ORIENTED_EDGE('',*,*,#3644,.F.);
#12700=ORIENTED_EDGE('',*,*,#3338,.F.);
#12701=ORIENTED_EDGE('',*,*,#1776,.F.);
#12702=ORIENTED_EDGE('',*,*,#1886,.F.);
#12703=ORIENTED_EDGE('',*,*,#1786,.T.);
#12704=ORIENTED_EDGE('',*,*,#2598,.T.);
#12705=ORIENTED_EDGE('',*,*,#1932,.T.);
#12706=ORIENTED_EDGE('',*,*,#3574,.F.);
#12707=ORIENTED_EDGE('',*,*,#3006,.T.);
#12708=CARTESIAN_POINT('',(6.34456872468571,-0.136573772166789,0.16665));
#12709=DIRECTION('',(1.22460635382238E-016,0.0,-1.0));
#12710=DIRECTION('',(-1.0,0.0,-1.22460635382238E-016));
#12711=DIRECTION('',(1.22460635382238E-016,0.0,-1.0));
#12712=DIRECTION('',(0.577350269189626,0.577350269189626,-0.577350269189626));
#12713=DIRECTION('',(0.0,-1.0,0.0));
#12714=DIRECTION('',(1.22460635382238E-016,0.0,-1.0));
#12715=DIRECTION('',(1.22460635382238E-016,0.0,-1.0));
#12716=DIRECTION('',(0.0,-1.0,0.0));
#12717=DIRECTION('',(1.0,0.0,6.12303176911189E-017));
#12718=CARTESIAN_POINT('',(1.76029629553223,0.583544139276829,-0.16665));
#12719=DIRECTION('',(1.22460635382238E-016,0.0,-1.0));
#12720=DIRECTION('',(-1.0,0.0,-1.22460635382238E-016));
#12721=DIRECTION('',(1.0,0.0,6.12303176911189E-017));
#12722=DIRECTION('',(0.0,1.0,0.0));
#12723=CARTESIAN_POINT('',(-3.31970370446777,0.583544139276829,0.16665));
#12724=DIRECTION('',(1.22460635382238E-016,0.0,-1.0));
#12725=DIRECTION('',(-1.0,0.0,-1.22460635382238E-016));
#12726=SURFACE_STYLE_FILL_AREA(#14455);
#12727=ORIENTED_EDGE('',*,*,#2134,.F.);
#12728=ORIENTED_EDGE('',*,*,#1382,.F.);
#12729=ORIENTED_EDGE('',*,*,#3746,.T.);
#12730=ORIENTED_EDGE('',*,*,#2272,.F.);
#12731=ORIENTED_EDGE('',*,*,#3684,.F.);
#12732=ORIENTED_EDGE('',*,*,#2556,.F.);
#12733=CARTESIAN_POINT('',(-1.71999999999993,8.00099999999996,1.5));
#12734=DIRECTION('',(-1.0,0.0,-1.22460635382238E-016));
#12735=DIRECTION('',(0.0,1.0,0.0));
#12736=SURFACE_STYLE_FILL_AREA(#14456);
#12737=ORIENTED_EDGE('',*,*,#2456,.F.);
#12738=ORIENTED_EDGE('',*,*,#3030,.F.);
#12739=ORIENTED_EDGE('',*,*,#2024,.T.);
#12740=ORIENTED_EDGE('',*,*,#1808,.F.);
#12741=ORIENTED_EDGE('',*,*,#4042,.F.);
#12742=ORIENTED_EDGE('',*,*,#2650,.F.);
#12743=ORIENTED_EDGE('',*,*,#3608,.F.);
#12744=ORIENTED_EDGE('',*,*,#3414,.T.);
#12745=ORIENTED_EDGE('',*,*,#1826,.T.);
#12746=ORIENTED_EDGE('',*,*,#2366,.T.);
#12747=ORIENTED_EDGE('',*,*,#2236,.F.);
#12748=ORIENTED_EDGE('',*,*,#1390,.T.);
#12749=CARTESIAN_POINT('',(-1.27543127531429,-0.136573772166789,0.16665));
#12750=DIRECTION('',(1.22460635382238E-016,0.0,-1.0));
#12751=DIRECTION('',(-1.0,0.0,-1.22460635382238E-016));
#12752=DIRECTION('',(-1.0,0.0,-6.12303176911189E-017));
#12753=DIRECTION('',(1.0,0.0,6.12303176911189E-017));
#12754=SURFACE_STYLE_FILL_AREA(#14457);
#12755=ORIENTED_EDGE('',*,*,#1392,.T.);
#12756=ORIENTED_EDGE('',*,*,#2220,.F.);
#12757=ORIENTED_EDGE('',*,*,#1812,.T.);
#12758=ORIENTED_EDGE('',*,*,#3572,.T.);
#12759=CARTESIAN_POINT('',(3.60999999999966,-3.19999999999999,0.16665));
#12760=DIRECTION('',(0.0,-1.0,0.0));
#12761=DIRECTION('',(-1.0,0.0,-1.22460635382238E-016));
#12762=SURFACE_STYLE_FILL_AREA(#14458);
#12763=ORIENTED_EDGE('',*,*,#2826,.T.);
#12764=ORIENTED_EDGE('',*,*,#1762,.F.);
#12765=ORIENTED_EDGE('',*,*,#1580,.T.);
#12766=ORIENTED_EDGE('',*,*,#2068,.T.);
#12767=CARTESIAN_POINT('',(-7.745,0.150000000000105,-0.625));
#12768=DIRECTION('',(-6.12303176911189E-017,0.0,1.0));
#12769=DIRECTION('',(0.0,-1.0,0.0));
#12770=CARTESIAN_POINT('',(6.84029629553223,0.583544139276829,0.16665));
#12771=DIRECTION('',(1.22460635382238E-016,0.0,-1.0));
#12772=DIRECTION('',(-1.0,0.0,-1.22460635382238E-016));
#12773=CARTESIAN_POINT('',(2.8100000000008,0.149999999999778,0.775000000000091));
#12774=DIRECTION('',(-1.0,0.0,-1.22460635382238E-016));
#12775=DIRECTION('',(1.22460635382238E-016,0.0,-1.0));
#12776=DIRECTION('',(0.0,1.0,0.0));
#12777=DIRECTION('',(1.22460635382238E-016,0.0,-1.0));
#12778=DIRECTION('',(1.22460635382238E-016,0.0,-1.0));
#12779=DIRECTION('',(1.22460635382238E-016,0.0,-1.0));
#12780=SURFACE_STYLE_FILL_AREA(#14459);
#12781=ORIENTED_EDGE('',*,*,#2568,.T.);
#12782=ORIENTED_EDGE('',*,*,#3872,.F.);
#12783=ORIENTED_EDGE('',*,*,#2674,.F.);
#12784=ORIENTED_EDGE('',*,*,#3602,.T.);
#12785=CARTESIAN_POINT('',(1.76029629553223,0.583544139276829,0.16665));
#12786=DIRECTION('',(-1.22460635382238E-016,0.0,1.0));
#12787=DIRECTION('',(-1.0,0.0,-1.22460635382238E-016));
#12788=DIRECTION('',(0.0,0.0,-1.0));
#12789=DIRECTION('',(1.22460635382238E-016,0.0,-1.0));
#12790=DIRECTION('',(6.12303176911189E-017,0.0,-1.0));
#12791=SURFACE_STYLE_FILL_AREA(#14460);
#12792=ORIENTED_EDGE('',*,*,#1382,.T.);
#12793=ORIENTED_EDGE('',*,*,#4054,.T.);
#12794=ORIENTED_EDGE('',*,*,#3356,.T.);
#12795=ORIENTED_EDGE('',*,*,#2906,.T.);
#12796=ORIENTED_EDGE('',*,*,#3796,.T.);
#12797=ORIENTED_EDGE('',*,*,#3590,.F.);
#12798=ORIENTED_EDGE('',*,*,#2952,.T.);
#12799=ORIENTED_EDGE('',*,*,#2196,.T.);
#12800=CARTESIAN_POINT('',(-2.77,7.64999999999999,0.450000000000159));
#12801=DIRECTION('',(-6.12303176911189E-017,0.0,1.0));
#12802=DIRECTION('',(0.0,-1.0,0.0));
#12803=DIRECTION('',(-1.22460635382238E-016,0.0,1.0));
#12804=SURFACE_STYLE_FILL_AREA(#14461);
#12805=ORIENTED_EDGE('',*,*,#3340,.T.);
#12806=ORIENTED_EDGE('',*,*,#2782,.F.);
#12807=ORIENTED_EDGE('',*,*,#3288,.F.);
#12808=ORIENTED_EDGE('',*,*,#2666,.T.);
#12809=CARTESIAN_POINT('',(-4.30029629553154,0.583544139278076,0.16665));
#12810=DIRECTION('',(-1.22460635382238E-016,0.0,1.0));
#12811=DIRECTION('',(-1.0,0.0,-1.22460635382238E-016));
#12812=SURFACE_STYLE_FILL_AREA(#14462);
#12813=ORIENTED_EDGE('',*,*,#3464,.T.);
#12814=ORIENTED_EDGE('',*,*,#1634,.T.);
#12815=ORIENTED_EDGE('',*,*,#2928,.T.);
#12816=ORIENTED_EDGE('',*,*,#1628,.F.);
#12817=CARTESIAN_POINT('',(-7.85,7.64999999999999,0.450000000000159));
#12818=DIRECTION('',(-6.12303176911189E-017,0.0,1.0));
#12819=DIRECTION('',(0.0,-1.0,0.0));
#12820=DIRECTION('',(0.0,1.0,0.0));
#12821=CARTESIAN_POINT('',(5.35000000000079,0.149999999999778,0.775000000000091));
#12822=DIRECTION('',(-1.0,0.0,-1.22460635382238E-016));
#12823=DIRECTION('',(1.22460635382238E-016,0.0,-1.0));
#12824=SURFACE_STYLE_FILL_AREA(#14463);
#12825=ORIENTED_EDGE('',*,*,#2122,.T.);
#12826=ORIENTED_EDGE('',*,*,#2918,.T.);
#12827=ORIENTED_EDGE('',*,*,#3044,.T.);
#12828=ORIENTED_EDGE('',*,*,#3092,.F.);
#12829=CARTESIAN_POINT('',(-7.745,0.149999999999778,0.775000000000091));
#12830=DIRECTION('',(-1.0,0.0,-6.12303176911189E-017));
#12831=DIRECTION('',(6.12303176911189E-017,0.0,-1.0));
#12832=DIRECTION('',(1.22460635382238E-016,0.0,-1.0));
#12833=DIRECTION('',(-0.577350269189626,0.577350269189626,0.577350269189626));
#12834=DIRECTION('',(-1.0,0.0,-1.22460635382238E-016));
#12835=DIRECTION('',(-1.0,0.0,-1.22460635382238E-016));
#12836=DIRECTION('',(0.0,1.0,0.0));
#12837=DIRECTION('',(-1.22460635382238E-016,0.0,1.0));
#12838=SURFACE_STYLE_FILL_AREA(#14464);
#12839=ORIENTED_EDGE('',*,*,#3016,.F.);
#12840=ORIENTED_EDGE('',*,*,#2234,.F.);
#12841=ORIENTED_EDGE('',*,*,#4008,.F.);
#12842=ORIENTED_EDGE('',*,*,#1792,.F.);
#12843=ORIENTED_EDGE('',*,*,#2848,.F.);
#12844=ORIENTED_EDGE('',*,*,#2482,.F.);
#12845=ORIENTED_EDGE('',*,*,#3518,.F.);
#12846=ORIENTED_EDGE('',*,*,#1902,.F.);
#12847=ORIENTED_EDGE('',*,*,#2822,.F.);
#12848=ORIENTED_EDGE('',*,*,#2104,.F.);
#12849=ORIENTED_EDGE('',*,*,#3340,.F.);
#12850=ORIENTED_EDGE('',*,*,#3798,.F.);
#12851=CARTESIAN_POINT('',(-3.81543127531429,-0.136573772166789,-0.16665));
#12852=DIRECTION('',(1.22460635382238E-016,0.0,-1.0));
#12853=DIRECTION('',(-1.0,0.0,-1.22460635382238E-016));
#12854=CARTESIAN_POINT('',(4.80999999999989,0.150000000000105,-0.775000000000204));
#12855=DIRECTION('',(1.0,0.0,1.22460635382238E-016));
#12856=DIRECTION('',(1.22460635382238E-016,0.0,-1.0));
#12857=CARTESIAN_POINT('',(3.31970370446847,0.583544139278076,0.16665));
#12858=DIRECTION('',(1.22460635382238E-016,0.0,-1.0));
#12859=DIRECTION('',(-1.0,0.0,-1.22460635382238E-016));
#12860=DIRECTION('',(1.22460635382238E-016,0.0,-1.0));
#12861=SURFACE_STYLE_FILL_AREA(#14465);
#12862=ORIENTED_EDGE('',*,*,#3972,.T.);
#12863=ORIENTED_EDGE('',*,*,#4052,.T.);
#12864=ORIENTED_EDGE('',*,*,#3594,.T.);
#12865=ORIENTED_EDGE('',*,*,#3188,.F.);
#12866=CARTESIAN_POINT('',(-2.77,7.64999999999999,-0.449999999999932));
#12867=DIRECTION('',(0.0,1.0,0.0));
#12868=DIRECTION('',(-6.12303176911189E-017,0.0,1.0));
#12869=DIRECTION('',(0.0,1.0,0.0));
#12870=DIRECTION('',(1.22460635382238E-016,0.0,-1.0));
#12871=CARTESIAN_POINT('',(1.76029629553223,0.583544139276829,0.16665));
#12872=DIRECTION('',(1.22460635382238E-016,0.0,-1.0));
#12873=DIRECTION('',(-1.0,0.0,-1.22460635382238E-016));
#12874=SURFACE_STYLE_FILL_AREA(#14466);
#12875=ORIENTED_EDGE('',*,*,#3834,.F.);
#12876=ORIENTED_EDGE('',*,*,#2886,.F.);
#12877=ORIENTED_EDGE('',*,*,#2664,.T.);
#12878=ORIENTED_EDGE('',*,*,#2202,.F.);
#12879=ORIENTED_EDGE('',*,*,#1708,.F.);
#12880=ORIENTED_EDGE('',*,*,#1812,.F.);
#12881=ORIENTED_EDGE('',*,*,#2030,.F.);
#12882=ORIENTED_EDGE('',*,*,#1562,.T.);
#12883=ORIENTED_EDGE('',*,*,#3242,.T.);
#12884=ORIENTED_EDGE('',*,*,#3122,.T.);
#12885=ORIENTED_EDGE('',*,*,#1790,.F.);
#12886=ORIENTED_EDGE('',*,*,#2984,.T.);
#12887=CARTESIAN_POINT('',(3.80456872468571,-0.136573772166789,0.16665));
#12888=DIRECTION('',(1.22460635382238E-016,0.0,-1.0));
#12889=DIRECTION('',(-1.0,0.0,-1.22460635382238E-016));
#12890=SURFACE_STYLE_FILL_AREA(#14467);
#12891=ORIENTED_EDGE('',*,*,#2600,.T.);
#12892=ORIENTED_EDGE('',*,*,#2164,.F.);
#12893=ORIENTED_EDGE('',*,*,#2836,.T.);
#12894=ORIENTED_EDGE('',*,*,#1408,.T.);
#12895=CARTESIAN_POINT('',(-7.745,0.149999999999778,0.775000000000091));
#12896=DIRECTION('',(-1.0,0.0,-6.12303176911189E-017));
#12897=DIRECTION('',(6.12303176911189E-017,0.0,-1.0));
#12898=DIRECTION('',(0.0,-1.0,0.0));
#12899=SURFACE_STYLE_FILL_AREA(#14468);
#12900=ORIENTED_EDGE('',*,*,#2846,.T.);
#12901=ORIENTED_EDGE('',*,*,#2266,.T.);
#12902=ORIENTED_EDGE('',*,*,#1476,.T.);
#12903=ORIENTED_EDGE('',*,*,#3668,.F.);
#12904=CARTESIAN_POINT('',(-0.23,7.64999999999999,0.999999999999886));
#12905=DIRECTION('',(0.0,1.0,0.0));
#12906=DIRECTION('',(-6.12303176911189E-017,0.0,1.0));
#12907=DIRECTION('',(-8.65927457071935E-017,0.707106781186548,0.707106781186548));
#12908=DIRECTION('',(0.0,1.0,0.0));
#12909=SURFACE_STYLE_FILL_AREA(#14469);
#12910=ORIENTED_EDGE('',*,*,#2926,.F.);
#12911=ORIENTED_EDGE('',*,*,#2930,.F.);
#12912=ORIENTED_EDGE('',*,*,#2498,.T.);
#12913=ORIENTED_EDGE('',*,*,#1720,.F.);
#12914=ORIENTED_EDGE('',*,*,#2604,.F.);
#12915=ORIENTED_EDGE('',*,*,#3856,.F.);
#12916=CARTESIAN_POINT('',(-3.35999999999984,7.65099999999999,1.5));
#12917=DIRECTION('',(1.0,0.0,1.22460635382238E-016));
#12918=DIRECTION('',(0.0,-1.0,0.0));
#12919=SURFACE_STYLE_FILL_AREA(#14470);
#12920=ORIENTED_EDGE('',*,*,#1732,.T.);
#12921=ORIENTED_EDGE('',*,*,#2712,.F.);
#12922=ORIENTED_EDGE('',*,*,#2030,.T.);
#12923=ORIENTED_EDGE('',*,*,#2220,.T.);
#12924=CARTESIAN_POINT('',(4.00999999999966,-3.19999999999999,0.16665));
#12925=DIRECTION('',(0.983382180387227,-0.181547479456103,1.2042560663379E-016));
#12926=DIRECTION('',(-0.181547479456103,-0.983382180387227,-2.22324196862382E-017));
#12927=DIRECTION('',(1.22460635382238E-016,0.0,-1.0));
#12928=DIRECTION('',(1.0,0.0,1.22460635382238E-016));
#12929=DIRECTION('',(1.22460635382238E-016,0.0,-1.0));
#12930=DIRECTION('',(-8.65927457071936E-017,-0.707106781186548,0.707106781186548));
#12931=SURFACE_STYLE_FILL_AREA(#14471);
#12932=ORIENTED_EDGE('',*,*,#2006,.T.);
#12933=ORIENTED_EDGE('',*,*,#3896,.F.);
#12934=ORIENTED_EDGE('',*,*,#3500,.F.);
#12935=ORIENTED_EDGE('',*,*,#2100,.T.);
#12936=CARTESIAN_POINT('',(5.85970370446846,0.583544139278076,0.16665));
#12937=DIRECTION('',(-1.22460635382238E-016,0.0,1.0));
#12938=DIRECTION('',(-1.0,0.0,-1.22460635382238E-016));
#12939=DIRECTION('',(3.09381386266373E-029,1.0,-2.52637417159153E-013));
#12940=SURFACE_STYLE_FILL_AREA(#14472);
#12941=ORIENTED_EDGE('',*,*,#2334,.T.);
#12942=ORIENTED_EDGE('',*,*,#2402,.T.);
#12943=ORIENTED_EDGE('',*,*,#2192,.T.);
#12944=ORIENTED_EDGE('',*,*,#3112,.T.);
#12945=CARTESIAN_POINT('',(-7.85,7.99999999999996,-0.449999999999932));
#12946=DIRECTION('',(6.12303176911189E-017,0.0,-1.0));
#12947=DIRECTION('',(0.0,1.0,0.0));
#12948=DIRECTION('',(-1.0,0.0,-1.22460635382238E-016));
#12949=DIRECTION('',(-8.65927457071936E-017,-0.707106781186548,0.707106781186548));
#12950=DIRECTION('',(1.22460635382238E-016,0.0,-1.0));
#12951=DIRECTION('',(1.22460635382238E-016,0.0,-1.0));
#12952=DIRECTION('',(1.0,0.0,1.22460635382238E-016));
#12953=SURFACE_STYLE_FILL_AREA(#14473);
#12954=ORIENTED_EDGE('',*,*,#1892,.T.);
#12955=ORIENTED_EDGE('',*,*,#2068,.F.);
#12956=ORIENTED_EDGE('',*,*,#1576,.T.);
#12957=ORIENTED_EDGE('',*,*,#3116,.T.);
#12958=CARTESIAN_POINT('',(-7.745,0.150000000000105,-0.775000000000205));
#12959=DIRECTION('',(-1.0,0.0,-6.12303176911189E-017));
#12960=DIRECTION('',(6.12303176911189E-017,0.0,-1.0));
#12961=DIRECTION('',(-3.09381386266373E-029,-1.0,2.52637417159153E-013));
#12962=SURFACE_STYLE_FILL_AREA(#14474);
#12963=ORIENTED_EDGE('',*,*,#3334,.F.);
#12964=ORIENTED_EDGE('',*,*,#2572,.F.);
#12965=ORIENTED_EDGE('',*,*,#1856,.T.);
#12966=ORIENTED_EDGE('',*,*,#2554,.F.);
#12967=ORIENTED_EDGE('',*,*,#2736,.F.);
#12968=ORIENTED_EDGE('',*,*,#2284,.F.);
#12969=CARTESIAN_POINT('',(5.90000000000007,8.00099999999996,1.5));
#12970=DIRECTION('',(-1.0,0.0,-1.22460635382238E-016));
#12971=DIRECTION('',(0.0,1.0,0.0));
#12972=SURFACE_STYLE_FILL_AREA(#14475);
#12973=ORIENTED_EDGE('',*,*,#2444,.T.);
#12974=ORIENTED_EDGE('',*,*,#3404,.F.);
#12975=ORIENTED_EDGE('',*,*,#1808,.T.);
#12976=ORIENTED_EDGE('',*,*,#1540,.T.);
#12977=CARTESIAN_POINT('',(-1.59000000000034,0.587206387322199,0.16665));
#12978=DIRECTION('',(-1.0,0.0,-1.22460635382238E-016));
#12979=DIRECTION('',(0.0,1.0,0.0));
#12980=SURFACE_STYLE_FILL_AREA(#14476);
#12981=ORIENTED_EDGE('',*,*,#1564,.T.);
#12982=ORIENTED_EDGE('',*,*,#3504,.F.);
#12983=ORIENTED_EDGE('',*,*,#2202,.T.);
#12984=ORIENTED_EDGE('',*,*,#1400,.T.);
#12985=CARTESIAN_POINT('',(3.48999999999966,0.587206387322199,0.16665));
#12986=DIRECTION('',(-1.0,0.0,-1.22460635382238E-016));
#12987=DIRECTION('',(0.0,1.0,0.0));
#12988=DIRECTION('',(1.0,0.0,6.12303176911189E-017));
#12989=SURFACE_STYLE_FILL_AREA(#14477);
#12990=ORIENTED_EDGE('',*,*,#1742,.T.);
#12991=ORIENTED_EDGE('',*,*,#3590,.T.);
#12992=ORIENTED_EDGE('',*,*,#3588,.T.);
#12993=ORIENTED_EDGE('',*,*,#2766,.F.);
#12994=CARTESIAN_POINT('',(-2.77,7.64999999999999,0.999999999999886));
#12995=DIRECTION('',(0.0,1.0,0.0));
#12996=DIRECTION('',(-6.12303176911189E-017,0.0,1.0));
#12997=DIRECTION('',(0.0,1.0,0.0));
#12998=DIRECTION('',(1.0,0.0,6.12303176911189E-017));
#12999=DIRECTION('',(1.22460635382238E-016,0.0,-1.0));
#13000=DIRECTION('',(1.22460635382238E-016,0.0,-1.0));
#13001=SURFACE_STYLE_FILL_AREA(#14478);
#13002=ORIENTED_EDGE('',*,*,#3210,.F.);
#13003=ORIENTED_EDGE('',*,*,#3332,.T.);
#13004=ORIENTED_EDGE('',*,*,#2592,.T.);
#13005=ORIENTED_EDGE('',*,*,#3148,.T.);
#13006=CARTESIAN_POINT('',(-7.85,0.740000000000109,0.999999999999886));
#13007=DIRECTION('',(-6.12303176911189E-017,0.0,1.0));
#13008=DIRECTION('',(0.0,-1.0,0.0));
#13009=DIRECTION('',(1.22460635382238E-016,0.0,-1.0));
#13010=DIRECTION('',(1.22460635382238E-016,0.0,-1.0));
#13011=DIRECTION('',(1.22460635382238E-016,0.0,-1.0));
#13012=DIRECTION('',(1.0,0.0,6.12303176911189E-017));
#13013=SURFACE_STYLE_FILL_AREA(#14479);
#13014=ORIENTED_EDGE('',*,*,#1908,.T.);
#13015=ORIENTED_EDGE('',*,*,#1592,.F.);
#13016=ORIENTED_EDGE('',*,*,#2198,.F.);
#13017=ORIENTED_EDGE('',*,*,#2788,.T.);
#13018=CARTESIAN_POINT('',(-5.85970370446777,0.583544139276829,0.16665));
#13019=DIRECTION('',(-1.22460635382238E-016,0.0,1.0));
#13020=DIRECTION('',(-1.0,0.0,-1.22460635382238E-016));
#13021=DIRECTION('',(1.0,0.0,1.22460635382238E-016));
#13022=SURFACE_STYLE_FILL_AREA(#14480);
#13023=ORIENTED_EDGE('',*,*,#3880,.F.);
#13024=ORIENTED_EDGE('',*,*,#3272,.T.);
#13025=ORIENTED_EDGE('',*,*,#3220,.F.);
#13026=ORIENTED_EDGE('',*,*,#2344,.F.);
#13027=CARTESIAN_POINT('',(7.34999999999989,7.65099999999999,1.5));
#13028=DIRECTION('',(0.0,1.0,0.0));
#13029=DIRECTION('',(1.0,0.0,1.22460635382238E-016));
#13030=DIRECTION('',(-1.0,0.0,-1.22460635382238E-016));
#13031=SURFACE_STYLE_FILL_AREA(#14481);
#13032=ORIENTED_EDGE('',*,*,#2134,.T.);
#13033=ORIENTED_EDGE('',*,*,#2256,.T.);
#13034=ORIENTED_EDGE('',*,*,#3330,.F.);
#13035=ORIENTED_EDGE('',*,*,#1396,.T.);
#13036=ORIENTED_EDGE('',*,*,#2870,.T.);
#13037=ORIENTED_EDGE('',*,*,#4054,.F.);
#13038=CARTESIAN_POINT('',(-2.77,7.99999999999996,0.450000000000159));
#13039=DIRECTION('',(-4.32963728535968E-017,-0.707106781186548,0.707106781186548));
#13040=DIRECTION('',(4.32963728535968E-017,-0.707106781186548,-0.707106781186548));
#13041=DIRECTION('',(1.22460635382238E-016,0.0,-1.0));
#13042=DIRECTION('',(0.0,1.0,0.0));
#13043=SURFACE_STYLE_FILL_AREA(#14482);
#13044=ORIENTED_EDGE('',*,*,#2184,.T.);
#13045=ORIENTED_EDGE('',*,*,#2950,.F.);
#13046=ORIENTED_EDGE('',*,*,#2724,.T.);
#13047=ORIENTED_EDGE('',*,*,#3100,.T.);
#13048=CARTESIAN_POINT('',(-7.745,0.599999999999994,0.625));
#13049=DIRECTION('',(6.12303176911189E-017,-2.52637417159153E-013,-1.0));
#13050=DIRECTION('',(1.54690693133187E-029,1.0,-2.52637417159153E-013));
#13051=DIRECTION('',(0.0,0.0,-1.0));
#13052=SURFACE_STYLE_FILL_AREA(#14483);
#13053=ORIENTED_EDGE('',*,*,#1670,.T.);
#13054=ORIENTED_EDGE('',*,*,#2242,.F.);
#13055=ORIENTED_EDGE('',*,*,#3242,.F.);
#13056=ORIENTED_EDGE('',*,*,#2054,.T.);
#13057=CARTESIAN_POINT('',(4.30029629553223,0.583544139276829,0.16665));
#13058=DIRECTION('',(-1.22460635382238E-016,0.0,1.0));
#13059=DIRECTION('',(-1.0,0.0,-1.22460635382238E-016));
#13060=DIRECTION('',(-1.0,0.0,-1.22460635382238E-016));
#13061=DIRECTION('',(0.181547479456103,-0.983382180387227,2.22324196862382E-017));
#13062=DIRECTION('',(0.0,-1.0,0.0));
#13063=DIRECTION('',(0.0,1.0,0.0));
#13064=CARTESIAN_POINT('',(-0.270000000000114,0.150000000000105,-0.775000000000205));
#13065=DIRECTION('',(1.0,0.0,1.22460635382238E-016));
#13066=DIRECTION('',(1.22460635382238E-016,0.0,-1.0));
#13067=DIRECTION('',(1.0,0.0,6.12303176911189E-017));
#13068=CARTESIAN_POINT('',(2.26999999999989,0.149999999999778,0.775000000000091));
#13069=DIRECTION('',(1.0,0.0,1.22460635382238E-016));
#13070=DIRECTION('',(1.22460635382238E-016,0.0,-1.0));
#13071=DIRECTION('',(-1.0,0.0,-6.12303176911189E-017));
#13072=DIRECTION('',(0.0,1.0,0.0));
#13073=CARTESIAN_POINT('',(-5.35000000000011,0.149999999999778,0.775000000000091));
#13074=DIRECTION('',(1.0,0.0,1.22460635382238E-016));
#13075=DIRECTION('',(1.22460635382238E-016,0.0,-1.0));
#13076=DIRECTION('',(6.12303176911189E-017,0.0,-1.0));
#13077=DIRECTION('',(1.22460635382238E-016,0.0,-1.0));
#13078=CARTESIAN_POINT('',(-3.31970370446777,0.583544139276829,-0.16665));
#13079=DIRECTION('',(1.22460635382238E-016,0.0,-1.0));
#13080=DIRECTION('',(-1.0,0.0,-1.22460635382238E-016));
#13081=SURFACE_STYLE_FILL_AREA(#14484);
#13082=ORIENTED_EDGE('',*,*,#1756,.T.);
#13083=ORIENTED_EDGE('',*,*,#1734,.F.);
#13084=ORIENTED_EDGE('',*,*,#2784,.T.);
#13085=ORIENTED_EDGE('',*,*,#3240,.T.);
#13086=CARTESIAN_POINT('',(-7.745,0.599999999999994,-0.625));
#13087=DIRECTION('',(0.0,-1.0,0.0));
#13088=DIRECTION('',(6.12303176911189E-017,0.0,-1.0));
#13089=SURFACE_STYLE_FILL_AREA(#14485);
#13090=ORIENTED_EDGE('',*,*,#3564,.T.);
#13091=ORIENTED_EDGE('',*,*,#2910,.T.);
#13092=ORIENTED_EDGE('',*,*,#2204,.T.);
#13093=ORIENTED_EDGE('',*,*,#1968,.T.);
#13094=ORIENTED_EDGE('',*,*,#2552,.T.);
#13095=ORIENTED_EDGE('',*,*,#2430,.F.);
#13096=CARTESIAN_POINT('',(2.31,8.49999999999996,-0.949999999999932));
#13097=DIRECTION('',(4.32963728535968E-017,-0.707106781186548,-0.707106781186548));
#13098=DIRECTION('',(4.32963728535968E-017,0.707106781186548,-0.707106781186548));
#13099=SURFACE_STYLE_FILL_AREA(#14486);
#13100=ORIENTED_EDGE('',*,*,#2018,.F.);
#13101=ORIENTED_EDGE('',*,*,#2042,.F.);
#13102=ORIENTED_EDGE('',*,*,#3430,.F.);
#13103=ORIENTED_EDGE('',*,*,#3336,.F.);
#13104=ORIENTED_EDGE('',*,*,#3560,.F.);
#13105=ORIENTED_EDGE('',*,*,#1938,.F.);
#13106=ORIENTED_EDGE('',*,*,#1574,.F.);
#13107=ORIENTED_EDGE('',*,*,#2334,.F.);
#13108=CARTESIAN_POINT('',(-7.05,7.625,0.0));
#13109=DIRECTION('',(1.0,0.0,0.0));
#13110=DIRECTION('',(0.0,0.0,-1.0));
#13111=SURFACE_STYLE_FILL_AREA(#14487);
#13112=ORIENTED_EDGE('',*,*,#2838,.F.);
#13113=ORIENTED_EDGE('',*,*,#1718,.T.);
#13114=ORIENTED_EDGE('',*,*,#2900,.F.);
#13115=ORIENTED_EDGE('',*,*,#3436,.T.);
#13116=CARTESIAN_POINT('',(-0.229999999999999,0.740000000000222,-0.999999999999204));
#13117=DIRECTION('',(6.12303176911189E-017,0.0,-1.0));
#13118=DIRECTION('',(0.0,1.0,0.0));
#13119=SURFACE_STYLE_FILL_AREA(#14488);
#13120=ORIENTED_EDGE('',*,*,#3598,.T.);
#13121=ORIENTED_EDGE('',*,*,#1584,.F.);
#13122=ORIENTED_EDGE('',*,*,#3644,.T.);
#13123=ORIENTED_EDGE('',*,*,#3896,.T.);
#13124=CARTESIAN_POINT('',(6.02999999999966,0.587206387322199,0.16665));
#13125=DIRECTION('',(-1.0,0.0,-1.22460635382238E-016));
#13126=DIRECTION('',(0.0,1.0,0.0));
#13127=DIRECTION('',(8.65927457071936E-017,-0.707106781186548,-0.707106781186548));
#13128=DIRECTION('',(1.22460635382238E-016,0.0,-1.0));
#13129=DIRECTION('',(1.22460635382238E-016,0.0,-1.0));
#13130=DIRECTION('',(-1.22460635382238E-016,0.0,1.0));
#13131=SURFACE_STYLE_FILL_AREA(#14489);
#13132=ORIENTED_EDGE('',*,*,#3356,.F.);
#13133=ORIENTED_EDGE('',*,*,#2870,.F.);
#13134=ORIENTED_EDGE('',*,*,#3978,.T.);
#13135=ORIENTED_EDGE('',*,*,#3064,.F.);
#13136=ORIENTED_EDGE('',*,*,#1550,.F.);
#13137=ORIENTED_EDGE('',*,*,#2280,.F.);
#13138=CARTESIAN_POINT('',(-0.819999999999841,7.65099999999999,1.5));
#13139=DIRECTION('',(1.0,0.0,1.22460635382238E-016));
#13140=DIRECTION('',(0.0,-1.0,0.0));
#13141=DIRECTION('',(-1.0,0.0,-1.22460635382238E-016));
#13142=CARTESIAN_POINT('',(-5.35000000000011,0.150000000000105,-0.775000000000205));
#13143=DIRECTION('',(1.0,0.0,1.22460635382238E-016));
#13144=DIRECTION('',(1.22460635382238E-016,0.0,-1.0));
#13145=DIRECTION('',(0.0,1.0,0.0));
#13146=SURFACE_STYLE_FILL_AREA(#14490);
#13147=ORIENTED_EDGE('',*,*,#2320,.T.);
#13148=ORIENTED_EDGE('',*,*,#1528,.T.);
#13149=ORIENTED_EDGE('',*,*,#2190,.T.);
#13150=ORIENTED_EDGE('',*,*,#3134,.T.);
#13151=ORIENTED_EDGE('',*,*,#3430,.T.);
#13152=ORIENTED_EDGE('',*,*,#3326,.F.);
#13153=ORIENTED_EDGE('',*,*,#3310,.F.);
#13154=ORIENTED_EDGE('',*,*,#1816,.F.);
#13155=CARTESIAN_POINT('',(-6.35,7.57,0.0));
#13156=DIRECTION('',(0.0,1.0,0.0));
#13157=DIRECTION('',(0.0,0.0,1.0));
#13158=DIRECTION('',(1.0,0.0,6.12303176911189E-017));
#13159=DIRECTION('',(1.0,0.0,6.12303176911189E-017));
#13160=DIRECTION('',(-1.0,0.0,-1.22460635382238E-016));
#13161=DIRECTION('',(-8.65927457071936E-017,-0.707106781186548,0.707106781186548));
#13162=DIRECTION('',(-1.22460635382238E-016,0.0,1.0));
#13163=DIRECTION('',(0.0,1.0,0.0));
#13164=DIRECTION('',(1.0,0.0,6.12303176911189E-017));
#13165=SURFACE_STYLE_FILL_AREA(#14491);
#13166=ORIENTED_EDGE('',*,*,#2320,.F.);
#13167=ORIENTED_EDGE('',*,*,#1838,.F.);
#13168=ORIENTED_EDGE('',*,*,#1502,.F.);
#13169=ORIENTED_EDGE('',*,*,#2638,.F.);
#13170=CARTESIAN_POINT('',(-6.35,7.68,-0.32));
#13171=DIRECTION('',(0.0,0.0,1.0));
#13172=DIRECTION('',(1.0,0.0,0.0));
#13173=SURFACE_STYLE_FILL_AREA(#14492);
#13174=ORIENTED_EDGE('',*,*,#1672,.T.);
#13175=ORIENTED_EDGE('',*,*,#3434,.F.);
#13176=ORIENTED_EDGE('',*,*,#1760,.T.);
#13177=ORIENTED_EDGE('',*,*,#2318,.T.);
#13178=CARTESIAN_POINT('',(-7.745,0.599999999999994,-0.625));
#13179=DIRECTION('',(0.0,-1.0,0.0));
#13180=DIRECTION('',(6.12303176911189E-017,0.0,-1.0));
#13181=DIRECTION('',(0.0,-1.0,0.0));
#13182=DIRECTION('',(0.0,-1.0,0.0));
#13183=DIRECTION('',(8.65927457071936E-017,-0.707106781186548,-0.707106781186548));
#13184=DIRECTION('',(1.0,0.0,6.12303176911189E-017));
#13185=DIRECTION('',(1.22460635382238E-016,0.0,-1.0));
#13186=DIRECTION('',(-3.09381386266373E-029,-1.0,2.52637417159153E-013));
#13187=SURFACE_STYLE_FILL_AREA(#14493);
#13188=ORIENTED_EDGE('',*,*,#2954,.T.);
#13189=ORIENTED_EDGE('',*,*,#3686,.F.);
#13190=ORIENTED_EDGE('',*,*,#1698,.T.);
#13191=ORIENTED_EDGE('',*,*,#1978,.T.);
#13192=CARTESIAN_POINT('',(-7.745,0.149999999999778,0.775000000000091));
#13193=DIRECTION('',(-1.0,0.0,-6.12303176911189E-017));
#13194=DIRECTION('',(6.12303176911189E-017,0.0,-1.0));
#13195=DIRECTION('',(0.0,1.0,0.0));
#13196=DIRECTION('',(1.0,0.0,6.12303176911189E-017));
#13197=DIRECTION('',(0.0,1.0,0.0));
#13198=CARTESIAN_POINT('',(-7.3499999999992,0.149999999999778,0.775000000000091));
#13199=DIRECTION('',(-1.0,0.0,-1.22460635382238E-016));
#13200=DIRECTION('',(1.22460635382238E-016,0.0,-1.0));
#13201=SURFACE_STYLE_FILL_AREA(#14494);
#13202=ORIENTED_EDGE('',*,*,#3040,.F.);
#13203=ORIENTED_EDGE('',*,*,#2948,.T.);
#13204=ORIENTED_EDGE('',*,*,#2766,.T.);
#13205=ORIENTED_EDGE('',*,*,#3918,.T.);
#13206=CARTESIAN_POINT('',(-2.77,0.740000000000109,0.999999999999886));
#13207=DIRECTION('',(-6.12303176911189E-017,0.0,1.0));
#13208=DIRECTION('',(0.0,-1.0,0.0));
#13209=DIRECTION('',(-0.181547479456103,-0.983382180387227,-2.22324196862382E-017));
#13210=DIRECTION('',(1.0,0.0,1.22460635382238E-016));
#13211=SURFACE_STYLE_FILL_AREA(#14495);
#13212=ORIENTED_EDGE('',*,*,#3760,.F.);
#13213=ORIENTED_EDGE('',*,*,#3524,.T.);
#13214=ORIENTED_EDGE('',*,*,#4082,.F.);
#13215=ORIENTED_EDGE('',*,*,#3030,.T.);
#13216=CARTESIAN_POINT('',(-2.51260659790298,0.753873053988997,0.16665));
#13217=DIRECTION('',(0.0,-1.0,0.0));
#13218=DIRECTION('',(-1.0,0.0,-1.22460635382238E-016));
#13219=DIRECTION('',(1.0,0.0,1.22460635382238E-016));
#13220=CARTESIAN_POINT('',(0.270000000000796,0.149999999999778,0.775000000000091));
#13221=DIRECTION('',(-1.0,0.0,-1.22460635382238E-016));
#13222=DIRECTION('',(1.22460635382238E-016,0.0,-1.0));
#13223=CARTESIAN_POINT('',(-0.270000000000114,0.149999999999778,0.775000000000091));
#13224=DIRECTION('',(1.0,0.0,1.22460635382238E-016));
#13225=DIRECTION('',(1.22460635382238E-016,0.0,-1.0));
#13226=DIRECTION('',(1.0,0.0,6.12303176911189E-017));
#13227=DIRECTION('',(-0.577350269189626,0.577350269189626,0.577350269189626));
#13228=DIRECTION('',(-1.0,0.0,-1.22460635382238E-016));
#13229=SURFACE_STYLE_FILL_AREA(#14496);
#13230=ORIENTED_EDGE('',*,*,#2972,.T.);
#13231=ORIENTED_EDGE('',*,*,#2084,.F.);
#13232=ORIENTED_EDGE('',*,*,#2974,.T.);
#13233=ORIENTED_EDGE('',*,*,#2790,.T.);
#13234=CARTESIAN_POINT('',(-7.745,0.149999999999778,0.775000000000091));
#13235=DIRECTION('',(-1.0,0.0,-6.12303176911189E-017));
#13236=DIRECTION('',(6.12303176911189E-017,0.0,-1.0));
#13237=DIRECTION('',(-1.0,0.0,-6.12303176911189E-017));
#13238=SURFACE_STYLE_FILL_AREA(#14497);
#13239=ORIENTED_EDGE('',*,*,#1938,.T.);
#13240=ORIENTED_EDGE('',*,*,#3888,.F.);
#13241=ORIENTED_EDGE('',*,*,#3904,.T.);
#13242=ORIENTED_EDGE('',*,*,#2062,.T.);
#13243=CARTESIAN_POINT('',(-7.85,7.64999999999999,0.450000000000159));
#13244=DIRECTION('',(-6.12303176911189E-017,0.0,1.0));
#13245=DIRECTION('',(0.0,-1.0,0.0));
#13246=DIRECTION('',(1.0,0.0,6.12303176911189E-017));
#13247=DIRECTION('',(-1.0,0.0,-1.22460635382238E-016));
#13248=DIRECTION('',(0.577350269189626,0.577350269189626,-0.577350269189626));
#13249=DIRECTION('',(0.0,1.0,0.0));
#13250=DIRECTION('',(0.0,1.0,0.0));
#13251=DIRECTION('',(0.0,-1.0,0.0));
#13252=DIRECTION('',(0.0,-1.0,0.0));
#13253=DIRECTION('',(0.0,-1.0,0.0));
#13254=SURFACE_STYLE_FILL_AREA(#14498);
#13255=ORIENTED_EDGE('',*,*,#3488,.T.);
#13256=ORIENTED_EDGE('',*,*,#1716,.F.);
#13257=ORIENTED_EDGE('',*,*,#1668,.F.);
#13258=ORIENTED_EDGE('',*,*,#3386,.F.);
#13259=ORIENTED_EDGE('',*,*,#2696,.F.);
#13260=ORIENTED_EDGE('',*,*,#1648,.F.);
#13261=CARTESIAN_POINT('',(-6.79999999999993,8.00099999999996,1.5));
#13262=DIRECTION('',(-1.0,0.0,-1.22460635382238E-016));
#13263=DIRECTION('',(0.0,1.0,0.0));
#13264=SURFACE_STYLE_FILL_AREA(#14499);
#13265=ORIENTED_EDGE('',*,*,#3720,.T.);
#13266=ORIENTED_EDGE('',*,*,#3344,.F.);
#13267=ORIENTED_EDGE('',*,*,#2540,.T.);
#13268=ORIENTED_EDGE('',*,*,#3434,.T.);
#13269=CARTESIAN_POINT('',(-7.745,0.599999999999994,0.625));
#13270=DIRECTION('',(6.12303176911189E-017,-2.52637417159153E-013,-1.0));
#13271=DIRECTION('',(1.54690693133187E-029,1.0,-2.52637417159153E-013));
#13272=SURFACE_STYLE_FILL_AREA(#14500);
#13273=ORIENTED_EDGE('',*,*,#2152,.F.);
#13274=ORIENTED_EDGE('',*,*,#3012,.F.);
#13275=ORIENTED_EDGE('',*,*,#2806,.T.);
#13276=ORIENTED_EDGE('',*,*,#3960,.F.);
#13277=ORIENTED_EDGE('',*,*,#2910,.F.);
#13278=ORIENTED_EDGE('',*,*,#3656,.F.);
#13279=CARTESIAN_POINT('',(3.36000000000007,8.00099999999996,1.5));
#13280=DIRECTION('',(-1.0,0.0,-1.22460635382238E-016));
#13281=DIRECTION('',(0.0,1.0,0.0));
#13282=DIRECTION('',(-1.0,0.0,-1.22460635382238E-016));
#13283=DIRECTION('',(0.0,1.0,0.0));
#13284=DIRECTION('',(1.0,0.0,6.12303176911189E-017));
#13285=CARTESIAN_POINT('',(7.745,0.149999999999778,0.775000000000091));
#13286=DIRECTION('',(-1.0,0.0,-6.12303176911189E-017));
#13287=DIRECTION('',(6.12303176911189E-017,0.0,-1.0));
#13288=DIRECTION('',(1.0,0.0,6.12303176911189E-017));
#13289=DIRECTION('',(1.0,0.0,1.22460635382238E-016));
#13290=DIRECTION('',(1.0,0.0,6.12303176911189E-017));
#13291=SURFACE_STYLE_FILL_AREA(#14501);
#13292=ORIENTED_EDGE('',*,*,#3014,.T.);
#13293=ORIENTED_EDGE('',*,*,#3506,.F.);
#13294=ORIENTED_EDGE('',*,*,#3414,.F.);
#13295=ORIENTED_EDGE('',*,*,#2056,.T.);
#13296=CARTESIAN_POINT('',(-0.950000000000341,-2.54999999999999,0.16665));
#13297=DIRECTION('',(1.0,0.0,1.22460635382238E-016));
#13298=DIRECTION('',(0.0,-1.0,0.0));
#13299=DIRECTION('',(1.0,0.0,1.22460635382238E-016));
#13300=CARTESIAN_POINT('',(-2.81000000000011,0.150000000000105,-0.775000000000205));
#13301=DIRECTION('',(1.0,0.0,1.22460635382238E-016));
#13302=DIRECTION('',(1.22460635382238E-016,0.0,-1.0));
#13303=DIRECTION('',(-6.12303176911189E-017,0.0,1.0));
#13304=DIRECTION('',(8.65927457071936E-017,0.707106781186548,-0.707106781186548));
#13305=CARTESIAN_POINT('',(-6.84029629553154,0.583544139278076,-0.16665));
#13306=DIRECTION('',(1.22460635382238E-016,0.0,-1.0));
#13307=DIRECTION('',(-1.0,0.0,-1.22460635382238E-016));
#13308=DIRECTION('',(1.22460635382238E-016,0.0,-1.0));
#13309=DIRECTION('',(1.0,0.0,1.22460635382238E-016));
#13310=DIRECTION('',(-1.22460635382238E-016,0.0,1.0));
#13311=DIRECTION('',(0.0,-1.0,0.0));
#13312=DIRECTION('',(1.0,0.0,6.12303176911189E-017));
#13313=DIRECTION('',(1.0,0.0,6.12303176911189E-017));
#13314=DIRECTION('',(1.0,0.0,6.12303176911189E-017));
#13315=SURFACE_STYLE_FILL_AREA(#14502);
#13316=ORIENTED_EDGE('',*,*,#2102,.T.);
#13317=ORIENTED_EDGE('',*,*,#1996,.T.);
#13318=ORIENTED_EDGE('',*,*,#2370,.T.);
#13319=ORIENTED_EDGE('',*,*,#3562,.F.);
#13320=CARTESIAN_POINT('',(4.85,7.64999999999999,0.999999999999887));
#13321=DIRECTION('',(0.0,1.0,0.0));
#13322=DIRECTION('',(-6.12303176911189E-017,0.0,1.0));
#13323=CARTESIAN_POINT('',(0.270000000000796,0.150000000000105,-0.775000000000205));
#13324=DIRECTION('',(-1.0,0.0,-1.22460635382238E-016));
#13325=DIRECTION('',(1.22460635382238E-016,0.0,-1.0));
#13326=DIRECTION('',(1.0,0.0,6.12303176911189E-017));
#13327=DIRECTION('',(0.0,1.0,0.0));
#13328=DIRECTION('',(0.0,1.0,0.0));
#13329=DIRECTION('',(-1.0,0.0,0.0));
#13330=DIRECTION('',(1.0,0.0,6.12303176911189E-017));
#13331=DIRECTION('',(1.0,0.0,6.12303176911189E-017));
#13332=DIRECTION('',(1.0,0.0,1.22460635382238E-016));
#13333=DIRECTION('',(1.22460635382238E-016,0.0,-1.0));
#13334=DIRECTION('',(1.0,0.0,1.22460635382238E-016));
#13335=DIRECTION('',(1.22460635382238E-016,0.0,-1.0));
#13336=DIRECTION('',(1.22460635382238E-016,0.0,-1.0));
#13337=DIRECTION('',(1.0,0.0,6.12303176911189E-017));
#13338=SURFACE_STYLE_FILL_AREA(#14503);
#13339=ORIENTED_EDGE('',*,*,#2520,.T.);
#13340=ORIENTED_EDGE('',*,*,#2772,.T.);
#13341=ORIENTED_EDGE('',*,*,#2522,.F.);
#13342=ORIENTED_EDGE('',*,*,#1716,.T.);
#13343=CARTESIAN_POINT('',(-7.85,7.99999999999996,-0.449999999999932));
#13344=DIRECTION('',(6.12303176911189E-017,0.0,-1.0));
#13345=DIRECTION('',(0.0,1.0,0.0));
#13346=DIRECTION('',(0.0,0.0,-1.0));
#13347=DIRECTION('',(1.0,0.0,6.12303176911189E-017));
#13348=SURFACE_STYLE_FILL_AREA(#14504);
#13349=ORIENTED_EDGE('',*,*,#3814,.T.);
#13350=ORIENTED_EDGE('',*,*,#2648,.T.);
#13351=ORIENTED_EDGE('',*,*,#2014,.F.);
#13352=ORIENTED_EDGE('',*,*,#3544,.T.);
#13353=ORIENTED_EDGE('',*,*,#2930,.T.);
#13354=ORIENTED_EDGE('',*,*,#2208,.F.);
#13355=CARTESIAN_POINT('',(-5.31,7.99999999999996,0.450000000000159));
#13356=DIRECTION('',(-4.32963728535968E-017,-0.707106781186548,0.707106781186548));
#13357=DIRECTION('',(4.32963728535968E-017,-0.707106781186548,-0.707106781186548));
#13358=DIRECTION('',(0.0,-1.0,0.0));
#13359=DIRECTION('',(0.0,1.0,0.0));
#13360=DIRECTION('',(-1.22460635382238E-016,0.0,1.0));
#13361=SURFACE_STYLE_FILL_AREA(#14505);
#13362=ORIENTED_EDGE('',*,*,#1532,.T.);
#13363=ORIENTED_EDGE('',*,*,#3836,.T.);
#13364=ORIENTED_EDGE('',*,*,#3782,.T.);
#13365=ORIENTED_EDGE('',*,*,#3834,.T.);
#13366=ORIENTED_EDGE('',*,*,#2038,.F.);
#13367=ORIENTED_EDGE('',*,*,#3648,.F.);
#13368=ORIENTED_EDGE('',*,*,#2494,.F.);
#13369=ORIENTED_EDGE('',*,*,#1960,.F.);
#13370=ORIENTED_EDGE('',*,*,#3390,.F.);
#13371=ORIENTED_EDGE('',*,*,#2670,.F.);
#13372=ORIENTED_EDGE('',*,*,#2146,.F.);
#13373=ORIENTED_EDGE('',*,*,#2106,.F.);
#13374=ORIENTED_EDGE('',*,*,#4080,.F.);
#13375=ORIENTED_EDGE('',*,*,#2600,.F.);
#13376=ORIENTED_EDGE('',*,*,#1738,.F.);
#13377=ORIENTED_EDGE('',*,*,#2158,.F.);
#13378=ORIENTED_EDGE('',*,*,#2826,.F.);
#13379=ORIENTED_EDGE('',*,*,#1892,.F.);
#13380=CARTESIAN_POINT('',(2.8100000000008,0.741000000000222,1.5));
#13381=DIRECTION('',(-1.0,0.0,-1.22460635382238E-016));
#13382=DIRECTION('',(0.0,1.0,0.0));
#13383=DIRECTION('',(0.0,1.0,0.0));
#13384=DIRECTION('',(-1.0,0.0,-6.12303176911189E-017));
#13385=SURFACE_STYLE_FILL_AREA(#14506);
#13386=ORIENTED_EDGE('',*,*,#3992,.T.);
#13387=ORIENTED_EDGE('',*,*,#3236,.T.);
#13388=ORIENTED_EDGE('',*,*,#3792,.T.);
#13389=ORIENTED_EDGE('',*,*,#4008,.T.);
#13390=ORIENTED_EDGE('',*,*,#2422,.F.);
#13391=ORIENTED_EDGE('',*,*,#3058,.F.);
#13392=ORIENTED_EDGE('',*,*,#3394,.F.);
#13393=ORIENTED_EDGE('',*,*,#3522,.F.);
#13394=ORIENTED_EDGE('',*,*,#2724,.F.);
#13395=ORIENTED_EDGE('',*,*,#3924,.F.);
#13396=ORIENTED_EDGE('',*,*,#4012,.F.);
#13397=ORIENTED_EDGE('',*,*,#3226,.F.);
#13398=ORIENTED_EDGE('',*,*,#1586,.F.);
#13399=ORIENTED_EDGE('',*,*,#3858,.F.);
#13400=ORIENTED_EDGE('',*,*,#3178,.T.);
#13401=ORIENTED_EDGE('',*,*,#3676,.F.);
#13402=ORIENTED_EDGE('',*,*,#3512,.F.);
#13403=ORIENTED_EDGE('',*,*,#3828,.F.);
#13404=CARTESIAN_POINT('',(-2.81000000000011,0.741000000000109,1.5));
#13405=DIRECTION('',(1.0,0.0,1.22460635382238E-016));
#13406=DIRECTION('',(0.0,-1.0,0.0));
#13407=SURFACE_STYLE_FILL_AREA(#14507);
#13408=ORIENTED_EDGE('',*,*,#3260,.T.);
#13409=ORIENTED_EDGE('',*,*,#2116,.T.);
#13410=ORIENTED_EDGE('',*,*,#3492,.T.);
#13411=ORIENTED_EDGE('',*,*,#1720,.T.);
#13412=ORIENTED_EDGE('',*,*,#3568,.T.);
#13413=ORIENTED_EDGE('',*,*,#2360,.F.);
#13414=CARTESIAN_POINT('',(-5.31,8.49999999999996,-0.949999999999932));
#13415=DIRECTION('',(4.32963728535968E-017,-0.707106781186548,-0.707106781186548));
#13416=DIRECTION('',(4.32963728535968E-017,0.707106781186548,-0.707106781186548));
#13417=DIRECTION('',(1.22460635382238E-016,0.0,-1.0));
#13418=DIRECTION('',(1.22460635382238E-016,0.0,-1.0));
#13419=SURFACE_STYLE_FILL_AREA(#14508);
#13420=ORIENTED_EDGE('',*,*,#2380,.F.);
#13421=ORIENTED_EDGE('',*,*,#2542,.F.);
#13422=ORIENTED_EDGE('',*,*,#3886,.F.);
#13423=ORIENTED_EDGE('',*,*,#3480,.T.);
#13424=CARTESIAN_POINT('',(2.49040082142894,1.90282814901086,0.16665));
#13425=DIRECTION('',(0.0,1.0,0.0));
#13426=DIRECTION('',(1.0,0.0,1.22460635382238E-016));
#13427=DIRECTION('',(1.22460635382238E-016,0.0,-1.0));
#13428=DIRECTION('',(1.22460635382238E-016,0.0,-1.0));
#13429=DIRECTION('',(-1.0,0.0,-6.12303176911189E-017));
#13430=DIRECTION('',(1.0,0.0,6.12303176911189E-017));
#13431=DIRECTION('',(-1.22460635382238E-016,0.0,1.0));
#13432=DIRECTION('',(1.0,0.0,6.12303176911189E-017));
#13433=CARTESIAN_POINT('',(-4.8099999999992,0.149999999999778,0.775000000000091));
#13434=DIRECTION('',(-1.0,0.0,-1.22460635382238E-016));
#13435=DIRECTION('',(1.22460635382238E-016,0.0,-1.0));
#13436=SURFACE_STYLE_FILL_AREA(#14509);
#13437=ORIENTED_EDGE('',*,*,#2026,.T.);
#13438=ORIENTED_EDGE('',*,*,#1648,.T.);
#13439=ORIENTED_EDGE('',*,*,#3086,.T.);
#13440=ORIENTED_EDGE('',*,*,#2154,.T.);
#13441=CARTESIAN_POINT('',(-7.85,7.64999999999999,0.450000000000159));
#13442=DIRECTION('',(-6.12303176911189E-017,0.0,1.0));
#13443=DIRECTION('',(0.0,-1.0,0.0));
#13444=SURFACE_STYLE_FILL_AREA(#14510);
#13445=ORIENTED_EDGE('',*,*,#3124,.F.);
#13446=ORIENTED_EDGE('',*,*,#2256,.F.);
#13447=ORIENTED_EDGE('',*,*,#2556,.T.);
#13448=ORIENTED_EDGE('',*,*,#2080,.F.);
#13449=CARTESIAN_POINT('',(-2.21999999999993,8.50099999999996,1.5));
#13450=DIRECTION('',(-0.707106781186548,-0.707106781186548,-8.65927457071936E-017));
#13451=DIRECTION('',(-0.707106781186548,0.707106781186548,-8.65927457071936E-017));
#13452=SURFACE_STYLE_FILL_AREA(#14511);
#13453=ORIENTED_EDGE('',*,*,#3584,.T.);
#13454=ORIENTED_EDGE('',*,*,#3470,.F.);
#13455=ORIENTED_EDGE('',*,*,#2650,.T.);
#13456=ORIENTED_EDGE('',*,*,#1940,.T.);
#13457=CARTESIAN_POINT('',(-1.47000000000034,-3.19999999999999,0.16665));
#13458=DIRECTION('',(0.0,-1.0,0.0));
#13459=DIRECTION('',(-1.0,0.0,-1.22460635382238E-016));
#13460=DIRECTION('',(-1.0,0.0,-6.12303176911189E-017));
#13461=DIRECTION('',(1.0,0.0,6.12303176911189E-017));
#13462=SURFACE_STYLE_FILL_AREA(#14512);
#13463=ORIENTED_EDGE('',*,*,#1804,.F.);
#13464=ORIENTED_EDGE('',*,*,#3080,.T.);
#13465=ORIENTED_EDGE('',*,*,#2874,.F.);
#13466=ORIENTED_EDGE('',*,*,#3266,.T.);
#13467=CARTESIAN_POINT('',(-7.59260659790298,0.753873053988997,0.166649999999999));
#13468=DIRECTION('',(0.0,-1.0,0.0));
#13469=DIRECTION('',(-1.0,0.0,-1.22460635382238E-016));
#13470=DIRECTION('',(-1.0,0.0,-6.12303176911189E-017));
#13471=SURFACE_STYLE_FILL_AREA(#14513);
#13472=ORIENTED_EDGE('',*,*,#2822,.T.);
#13473=ORIENTED_EDGE('',*,*,#3250,.F.);
#13474=ORIENTED_EDGE('',*,*,#1610,.T.);
#13475=ORIENTED_EDGE('',*,*,#2028,.T.);
#13476=CARTESIAN_POINT('',(-4.13000000000034,-2.54999999999999,0.16665));
#13477=DIRECTION('',(-0.983382180387227,-0.181547479456103,-1.2042560663379E-016));
#13478=DIRECTION('',(-0.181547479456103,0.983382180387227,-2.22324196862382E-017));
#13479=CARTESIAN_POINT('',(-2.2699999999992,0.149999999999778,0.775000000000091));
#13480=DIRECTION('',(-1.0,0.0,-1.22460635382238E-016));
#13481=DIRECTION('',(1.22460635382238E-016,0.0,-1.0));
#13482=DIRECTION('',(0.0,-1.0,0.0));
#13483=DIRECTION('',(-1.0,0.0,-6.12303176911189E-017));
#13484=SURFACE_STYLE_FILL_AREA(#14514);
#13485=ORIENTED_EDGE('',*,*,#2696,.T.);
#13486=ORIENTED_EDGE('',*,*,#2486,.T.);
#13487=ORIENTED_EDGE('',*,*,#1620,.F.);
#13488=ORIENTED_EDGE('',*,*,#3546,.T.);
#13489=ORIENTED_EDGE('',*,*,#4056,.T.);
#13490=ORIENTED_EDGE('',*,*,#3086,.F.);
#13491=CARTESIAN_POINT('',(-7.85,7.99999999999996,0.450000000000159));
#13492=DIRECTION('',(-4.32963728535968E-017,-0.707106781186548,0.707106781186548));
#13493=DIRECTION('',(4.32963728535968E-017,-0.707106781186548,-0.707106781186548));
#13494=SURFACE_STYLE_FILL_AREA(#14515);
#13495=ORIENTED_EDGE('',*,*,#1984,.T.);
#13496=ORIENTED_EDGE('',*,*,#2716,.T.);
#13497=ORIENTED_EDGE('',*,*,#3710,.T.);
#13498=ORIENTED_EDGE('',*,*,#3352,.T.);
#13499=ORIENTED_EDGE('',*,*,#3010,.T.);
#13500=ORIENTED_EDGE('',*,*,#2002,.F.);
#13501=CARTESIAN_POINT('',(-0.229999999999999,8.49999999999996,-0.949999999999932));
#13502=DIRECTION('',(4.32963728535968E-017,-0.707106781186548,-0.707106781186548));
#13503=DIRECTION('',(4.32963728535968E-017,0.707106781186548,-0.707106781186548));
#13504=DIRECTION('',(0.0,-1.0,0.0));
#13505=DIRECTION('',(1.0,0.0,6.12303176911189E-017));
#13506=CARTESIAN_POINT('',(4.30029629553223,0.583544139276829,0.16665));
#13507=DIRECTION('',(1.22460635382238E-016,0.0,-1.0));
#13508=DIRECTION('',(-1.0,0.0,-1.22460635382238E-016));
#13509=DIRECTION('',(1.22460635382238E-016,0.0,-1.0));
#13510=DIRECTION('',(8.65927457071935E-017,0.707106781186548,-0.707106781186548));
#13511=SURFACE_STYLE_FILL_AREA(#14516);
#13512=ORIENTED_EDGE('',*,*,#3190,.T.);
#13513=ORIENTED_EDGE('',*,*,#3448,.F.);
#13514=ORIENTED_EDGE('',*,*,#3578,.T.);
#13515=ORIENTED_EDGE('',*,*,#1778,.T.);
#13516=CARTESIAN_POINT('',(-7.745,0.599999999999994,-0.625));
#13517=DIRECTION('',(0.0,-1.0,0.0));
#13518=DIRECTION('',(6.12303176911189E-017,0.0,-1.0));
#13519=CARTESIAN_POINT('',(3.31970370446847,0.583544139278076,-0.16665));
#13520=DIRECTION('',(1.22460635382238E-016,0.0,-1.0));
#13521=DIRECTION('',(-1.0,0.0,-1.22460635382238E-016));
#13522=DIRECTION('',(0.577350269189626,-0.577350269189626,0.577350269189626));
#13523=DIRECTION('',(1.0,0.0,6.12303176911189E-017));
#13524=SURFACE_STYLE_FILL_AREA(#14517);
#13525=ORIENTED_EDGE('',*,*,#1766,.F.);
#13526=ORIENTED_EDGE('',*,*,#2966,.F.);
#13527=ORIENTED_EDGE('',*,*,#1908,.F.);
#13528=ORIENTED_EDGE('',*,*,#4060,.F.);
#13529=ORIENTED_EDGE('',*,*,#3790,.F.);
#13530=ORIENTED_EDGE('',*,*,#3936,.F.);
#13531=ORIENTED_EDGE('',*,*,#3920,.F.);
#13532=ORIENTED_EDGE('',*,*,#2268,.F.);
#13533=ORIENTED_EDGE('',*,*,#3070,.F.);
#13534=ORIENTED_EDGE('',*,*,#3080,.F.);
#13535=ORIENTED_EDGE('',*,*,#1794,.F.);
#13536=ORIENTED_EDGE('',*,*,#2262,.F.);
#13537=CARTESIAN_POINT('',(-6.35543127531429,-0.136573772166789,-0.16665));
#13538=DIRECTION('',(1.22460635382238E-016,0.0,-1.0));
#13539=DIRECTION('',(-1.0,0.0,-1.22460635382238E-016));
#13540=DIRECTION('',(-1.0,0.0,-1.22460635382238E-016));
#13541=DIRECTION('',(1.22460635382238E-016,0.0,-1.0));
#13542=SURFACE_STYLE_FILL_AREA(#14518);
#13543=ORIENTED_EDGE('',*,*,#3108,.F.);
#13544=ORIENTED_EDGE('',*,*,#2406,.T.);
#13545=ORIENTED_EDGE('',*,*,#3326,.T.);
#13546=ORIENTED_EDGE('',*,*,#2042,.T.);
#13547=CARTESIAN_POINT('',(-6.35,7.625,-0.7));
#13548=DIRECTION('',(0.0,0.0,1.0));
#13549=DIRECTION('',(1.0,0.0,0.0));
#13550=DIRECTION('',(1.22460635382238E-016,0.0,-1.0));
#13551=SURFACE_STYLE_FILL_AREA(#14519);
#13552=ORIENTED_EDGE('',*,*,#2812,.T.);
#13553=ORIENTED_EDGE('',*,*,#4078,.F.);
#13554=ORIENTED_EDGE('',*,*,#3292,.F.);
#13555=ORIENTED_EDGE('',*,*,#1634,.F.);
#13556=CARTESIAN_POINT('',(-5.35000000000011,7.65099999999999,1.5));
#13557=DIRECTION('',(0.0,1.0,0.0));
#13558=DIRECTION('',(1.0,0.0,1.22460635382238E-016));
#13559=DIRECTION('',(1.22460635382238E-016,0.0,-1.0));
#13560=CARTESIAN_POINT('',(-4.30029629553154,0.583544139278076,0.16665));
#13561=DIRECTION('',(1.22460635382238E-016,0.0,-1.0));
#13562=DIRECTION('',(-1.0,0.0,-1.22460635382238E-016));
#13563=DIRECTION('',(-1.22460635382238E-016,0.0,1.0));
#13564=DIRECTION('',(1.22460635382238E-016,0.0,-1.0));
#13565=SURFACE_STYLE_FILL_AREA(#14520);
#13566=ORIENTED_EDGE('',*,*,#3120,.F.);
#13567=ORIENTED_EDGE('',*,*,#2172,.F.);
#13568=ORIENTED_EDGE('',*,*,#3872,.T.);
#13569=ORIENTED_EDGE('',*,*,#3360,.T.);
#13570=CARTESIAN_POINT('',(1.75877934272298,0.753873053989039,0.16665));
#13571=DIRECTION('',(0.0,-1.0,0.0));
#13572=DIRECTION('',(-1.0,0.0,-1.22460635382238E-016));
#13573=DIRECTION('',(0.0,-1.0,0.0));
#13574=DIRECTION('',(1.0,0.0,6.12303176911189E-017));
#13575=DIRECTION('',(0.0,0.0,-1.0));
#13576=DIRECTION('',(0.0,1.0,0.0));
#13577=DIRECTION('',(0.0,1.0,0.0));
#13578=SURFACE_STYLE_FILL_AREA(#14521);
#13579=ORIENTED_EDGE('',*,*,#1652,.T.);
#13580=ORIENTED_EDGE('',*,*,#1976,.F.);
#13581=ORIENTED_EDGE('',*,*,#1898,.F.);
#13582=ORIENTED_EDGE('',*,*,#3570,.T.);
#13583=CARTESIAN_POINT('',(-7.745,0.0,1.25));
#13584=DIRECTION('',(-6.12303176911189E-017,0.0,1.0));
#13585=DIRECTION('',(0.0,-1.0,0.0));
#13586=SURFACE_STYLE_FILL_AREA(#14522);
#13587=ORIENTED_EDGE('',*,*,#3936,.T.);
#13588=ORIENTED_EDGE('',*,*,#3508,.F.);
#13589=ORIENTED_EDGE('',*,*,#2732,.T.);
#13590=ORIENTED_EDGE('',*,*,#3884,.T.);
#13591=CARTESIAN_POINT('',(-6.55000000000034,-3.19999999999999,0.16665));
#13592=DIRECTION('',(0.0,-1.0,0.0));
#13593=DIRECTION('',(-1.0,0.0,-1.22460635382238E-016));
#13594=DIRECTION('',(0.0,1.0,0.0));
#13595=DIRECTION('',(-1.0,0.0,0.0));
#13596=DIRECTION('',(-1.0,0.0,-6.12303176911189E-017));
#13597=DIRECTION('',(-1.0,0.0,-6.12303176911189E-017));
#13598=DIRECTION('',(0.0,1.0,0.0));
#13599=DIRECTION('',(-8.65927457071936E-017,0.707106781186548,0.707106781186548));
#13600=DIRECTION('',(0.0,-1.0,0.0));
#13601=DIRECTION('',(-0.181547479456103,0.983382180387227,-2.22324196862382E-017));
#13602=CARTESIAN_POINT('',(-4.30029629553154,0.583544139278076,-0.16665));
#13603=DIRECTION('',(1.22460635382238E-016,0.0,-1.0));
#13604=DIRECTION('',(-1.0,0.0,-1.22460635382238E-016));
#13605=DIRECTION('',(-1.22460635382238E-016,0.0,1.0));
#13606=DIRECTION('',(1.0,0.0,6.12303176911189E-017));
#13607=DIRECTION('',(1.0,0.0,6.12303176911189E-017));
#13608=DIRECTION('',(8.65927457071936E-017,0.707106781186548,-0.707106781186548));
#13609=SURFACE_STYLE_FILL_AREA(#14523);
#13610=ORIENTED_EDGE('',*,*,#2640,.T.);
#13611=ORIENTED_EDGE('',*,*,#3606,.F.);
#13612=ORIENTED_EDGE('',*,*,#1504,.T.);
#13613=ORIENTED_EDGE('',*,*,#3344,.T.);
#13614=CARTESIAN_POINT('',(-7.745,0.149999999999778,0.775000000000091));
#13615=DIRECTION('',(-1.0,0.0,-6.12303176911189E-017));
#13616=DIRECTION('',(6.12303176911189E-017,0.0,-1.0));
#13617=DIRECTION('',(0.0,-1.0,0.0));
#13618=SURFACE_STYLE_FILL_AREA(#14524);
#13619=ORIENTED_EDGE('',*,*,#1528,.F.);
#13620=ORIENTED_EDGE('',*,*,#2638,.T.);
#13621=ORIENTED_EDGE('',*,*,#2194,.F.);
#13622=ORIENTED_EDGE('',*,*,#2508,.T.);
#13623=CARTESIAN_POINT('',(-6.67,7.68,0.0));
#13624=DIRECTION('',(1.0,0.0,0.0));
#13625=DIRECTION('',(0.0,0.0,-1.0));
#13626=DIRECTION('',(1.0,0.0,1.22460635382238E-016));
#13627=SURFACE_STYLE_FILL_AREA(#14525);
#13628=ORIENTED_EDGE('',*,*,#2912,.F.);
#13629=ORIENTED_EDGE('',*,*,#1658,.F.);
#13630=ORIENTED_EDGE('',*,*,#2424,.F.);
#13631=ORIENTED_EDGE('',*,*,#3546,.F.);
#13632=CARTESIAN_POINT('',(-5.89999999999984,8.00099999999996,1.5));
#13633=DIRECTION('',(0.707106781186548,-0.707106781186548,8.65927457071936E-017));
#13634=DIRECTION('',(-0.707106781186548,-0.707106781186548,-8.65927457071936E-017));
#13635=SURFACE_STYLE_FILL_AREA(#14526);
#13636=ORIENTED_EDGE('',*,*,#1898,.T.);
#13637=ORIENTED_EDGE('',*,*,#2844,.T.);
#13638=ORIENTED_EDGE('',*,*,#2178,.T.);
#13639=ORIENTED_EDGE('',*,*,#1780,.T.);
#13640=ORIENTED_EDGE('',*,*,#1618,.F.);
#13641=ORIENTED_EDGE('',*,*,#2392,.F.);
#13642=ORIENTED_EDGE('',*,*,#2460,.F.);
#13643=ORIENTED_EDGE('',*,*,#3986,.F.);
#13644=ORIENTED_EDGE('',*,*,#1698,.F.);
#13645=ORIENTED_EDGE('',*,*,#2622,.F.);
#13646=CARTESIAN_POINT('',(-7.745,4.10095653380422,-4.83185418217146E-015));
#13647=DIRECTION('',(1.0,0.0,6.12303176911189E-017));
#13648=DIRECTION('',(6.12303176911189E-017,0.0,-1.0));
#13649=DIRECTION('',(1.0,0.0,6.12303176911189E-017));
#13650=DIRECTION('',(1.22460635382238E-016,0.0,-1.0));
#13651=SURFACE_STYLE_FILL_AREA(#14527);
#13652=ORIENTED_EDGE('',*,*,#2160,.F.);
#13653=ORIENTED_EDGE('',*,*,#3298,.F.);
#13654=ORIENTED_EDGE('',*,*,#2812,.F.);
#13655=ORIENTED_EDGE('',*,*,#3464,.F.);
#13656=ORIENTED_EDGE('',*,*,#2618,.F.);
#13657=ORIENTED_EDGE('',*,*,#1482,.F.);
#13658=ORIENTED_EDGE('',*,*,#3310,.T.);
#13659=ORIENTED_EDGE('',*,*,#2406,.F.);
#13660=CARTESIAN_POINT('',(-5.65,7.625,0.0));
#13661=DIRECTION('',(-1.0,0.0,0.0));
#13662=DIRECTION('',(0.0,0.0,1.0));
#13663=DIRECTION('',(8.65927457071936E-017,-0.707106781186548,-0.707106781186548));
#13664=SURFACE_STYLE_FILL_AREA(#14528);
#13665=ORIENTED_EDGE('',*,*,#1902,.T.);
#13666=ORIENTED_EDGE('',*,*,#3438,.F.);
#13667=ORIENTED_EDGE('',*,*,#2652,.T.);
#13668=ORIENTED_EDGE('',*,*,#3250,.T.);
#13669=CARTESIAN_POINT('',(-4.01000000000034,-3.19999999999999,0.16665));
#13670=DIRECTION('',(0.0,-1.0,0.0));
#13671=DIRECTION('',(-1.0,0.0,-1.22460635382238E-016));
#13672=DIRECTION('',(0.0,-1.0,0.0));
#13673=DIRECTION('',(-1.0,0.0,-1.22460635382238E-016));
#13674=DIRECTION('',(1.22460635382238E-016,0.0,-1.0));
#13675=DIRECTION('',(1.22460635382238E-016,0.0,-1.0));
#13676=DIRECTION('',(0.0,-1.0,0.0));
#13677=DIRECTION('',(-1.0,0.0,-6.12303176911189E-017));
#13678=DIRECTION('',(-1.22460635382238E-016,0.0,1.0));
#13679=DIRECTION('',(1.22460635382238E-016,0.0,-1.0));
#13680=DIRECTION('',(0.0,-1.0,0.0));
#13681=DIRECTION('',(-1.0,0.0,-1.22460635382238E-016));
#13682=DIRECTION('',(0.0,1.0,0.0));
#13683=DIRECTION('',(0.0,-1.0,0.0));
#13684=DIRECTION('',(0.0,1.0,0.0));
#13685=DIRECTION('',(0.0,1.0,0.0));
#13686=DIRECTION('',(1.0,0.0,6.12303176911189E-017));
#13687=DIRECTION('',(0.0,-1.0,0.0));
#13688=SURFACE_STYLE_FILL_AREA(#14529);
#13689=ORIENTED_EDGE('',*,*,#2162,.T.);
#13690=ORIENTED_EDGE('',*,*,#1952,.F.);
#13691=ORIENTED_EDGE('',*,*,#3058,.T.);
#13692=ORIENTED_EDGE('',*,*,#3194,.T.);
#13693=CARTESIAN_POINT('',(-7.745,0.150000000000105,-0.775000000000205));
#13694=DIRECTION('',(-1.0,0.0,-6.12303176911189E-017));
#13695=DIRECTION('',(6.12303176911189E-017,0.0,-1.0));
#13696=DIRECTION('',(-1.22460635382238E-016,0.0,1.0));
#13697=DIRECTION('',(0.0,0.0,-1.0));
#13698=SURFACE_STYLE_FILL_AREA(#14530);
#13699=ORIENTED_EDGE('',*,*,#2482,.T.);
#13700=ORIENTED_EDGE('',*,*,#3818,.F.);
#13701=ORIENTED_EDGE('',*,*,#2472,.F.);
#13702=ORIENTED_EDGE('',*,*,#3742,.T.);
#13703=CARTESIAN_POINT('',(-3.49000000000034,-2.54999999999999,0.16665));
#13704=DIRECTION('',(1.0,0.0,1.22460635382238E-016));
#13705=DIRECTION('',(0.0,-1.0,0.0));
#13706=DIRECTION('',(1.0,0.0,6.12303176911189E-017));
#13707=DIRECTION('',(0.0,-1.0,0.0));
#13708=DIRECTION('',(1.22460635382238E-016,0.0,-1.0));
#13709=SURFACE_STYLE_FILL_AREA(#14531);
#13710=ORIENTED_EDGE('',*,*,#3988,.T.);
#13711=ORIENTED_EDGE('',*,*,#1790,.T.);
#13712=ORIENTED_EDGE('',*,*,#3284,.T.);
#13713=ORIENTED_EDGE('',*,*,#3102,.T.);
#13714=ORIENTED_EDGE('',*,*,#3368,.F.);
#13715=ORIENTED_EDGE('',*,*,#2662,.F.);
#13716=ORIENTED_EDGE('',*,*,#1654,.F.);
#13717=ORIENTED_EDGE('',*,*,#1760,.F.);
#13718=ORIENTED_EDGE('',*,*,#2540,.F.);
#13719=ORIENTED_EDGE('',*,*,#1504,.F.);
#13720=ORIENTED_EDGE('',*,*,#3940,.F.);
#13721=ORIENTED_EDGE('',*,*,#3998,.F.);
#13722=ORIENTED_EDGE('',*,*,#2244,.F.);
#13723=ORIENTED_EDGE('',*,*,#2686,.F.);
#13724=ORIENTED_EDGE('',*,*,#2778,.T.);
#13725=ORIENTED_EDGE('',*,*,#1436,.F.);
#13726=ORIENTED_EDGE('',*,*,#2882,.F.);
#13727=ORIENTED_EDGE('',*,*,#1950,.F.);
#13728=CARTESIAN_POINT('',(4.80999999999989,0.741000000000109,1.5));
#13729=DIRECTION('',(1.0,0.0,1.22460635382238E-016));
#13730=DIRECTION('',(0.0,-1.0,0.0));
#13731=DIRECTION('',(-0.577350269189626,0.577350269189626,0.577350269189626));
#13732=DIRECTION('',(0.0,-1.0,0.0));
#13733=DIRECTION('',(1.22460635382238E-016,0.0,-1.0));
#13734=DIRECTION('',(1.0,0.0,6.12303176911189E-017));
#13735=DIRECTION('',(0.0,1.0,0.0));
#13736=DIRECTION('',(0.181547479456103,0.983382180387227,2.22324196862382E-017));
#13737=DIRECTION('',(1.0,0.0,6.12303176911189E-017));
#13738=DIRECTION('',(0.0,1.0,0.0));
#13739=DIRECTION('',(1.22460635382238E-016,0.0,-1.0));
#13740=SURFACE_STYLE_FILL_AREA(#14532);
#13741=ORIENTED_EDGE('',*,*,#1830,.T.);
#13742=ORIENTED_EDGE('',*,*,#2940,.F.);
#13743=ORIENTED_EDGE('',*,*,#2460,.T.);
#13744=ORIENTED_EDGE('',*,*,#3050,.T.);
#13745=CARTESIAN_POINT('',(-7.745,0.599999999999994,-0.625));
#13746=DIRECTION('',(0.0,-1.0,0.0));
#13747=DIRECTION('',(6.12303176911189E-017,0.0,-1.0));
#13748=DIRECTION('',(-1.0,0.0,-1.22460635382238E-016));
#13749=DIRECTION('',(-0.577350269189626,-0.577350269189626,-0.577350269189626));
#13750=DIRECTION('',(1.0,0.0,6.12303176911189E-017));
#13751=SURFACE_STYLE_FILL_AREA(#14533);
#13752=ORIENTED_EDGE('',*,*,#3070,.T.);
#13753=ORIENTED_EDGE('',*,*,#2612,.F.);
#13754=ORIENTED_EDGE('',*,*,#2174,.F.);
#13755=ORIENTED_EDGE('',*,*,#2874,.T.);
#13756=CARTESIAN_POINT('',(-6.84029629553154,0.583544139278076,0.16665));
#13757=DIRECTION('',(-1.22460635382238E-016,0.0,1.0));
#13758=DIRECTION('',(-1.0,0.0,-1.22460635382238E-016));
#13759=DIRECTION('',(1.22460635382238E-016,0.0,-1.0));
#13760=DIRECTION('',(1.22460635382238E-016,0.0,-1.0));
#13761=DIRECTION('',(1.0,0.0,6.12303176911189E-017));
#13762=DIRECTION('',(0.0,1.0,0.0));
#13763=CARTESIAN_POINT('',(5.85970370446846,0.583544139278076,0.16665));
#13764=DIRECTION('',(1.22460635382238E-016,0.0,-1.0));
#13765=DIRECTION('',(-1.0,0.0,-1.22460635382238E-016));
#13766=DIRECTION('',(1.0,0.0,6.12303176911189E-017));
#13767=DIRECTION('',(1.22460635382238E-016,0.0,-1.0));
#13768=DIRECTION('',(1.22460635382238E-016,0.0,-1.0));
#13769=DIRECTION('',(1.22460635382238E-016,0.0,-1.0));
#13770=DIRECTION('',(1.22460635382238E-016,0.0,-1.0));
#13771=DIRECTION('',(-1.22460635382238E-016,0.0,1.0));
#13772=SURFACE_STYLE_FILL_AREA(#14534);
#13773=ORIENTED_EDGE('',*,*,#3516,.T.);
#13774=ORIENTED_EDGE('',*,*,#2790,.F.);
#13775=ORIENTED_EDGE('',*,*,#3912,.T.);
#13776=ORIENTED_EDGE('',*,*,#3448,.T.);
#13777=CARTESIAN_POINT('',(-7.745,0.599999999999994,0.625));
#13778=DIRECTION('',(6.12303176911189E-017,-2.52637417159153E-013,-1.0));
#13779=DIRECTION('',(1.54690693133187E-029,1.0,-2.52637417159153E-013));
#13780=DIRECTION('',(-3.09381386266373E-029,-1.0,2.52637417159153E-013));
#13781=DIRECTION('',(0.181547479456103,0.983382180387227,2.22324196862382E-017));
#13782=DIRECTION('',(1.22460635382238E-016,0.0,-1.0));
#13783=DIRECTION('',(1.0,0.0,1.22460635382238E-016));
#13784=SURFACE_STYLE_FILL_AREA(#14535);
#13785=ORIENTED_EDGE('',*,*,#3560,.T.);
#13786=ORIENTED_EDGE('',*,*,#1982,.T.);
#13787=ORIENTED_EDGE('',*,*,#2618,.T.);
#13788=ORIENTED_EDGE('',*,*,#1628,.T.);
#13789=ORIENTED_EDGE('',*,*,#3740,.T.);
#13790=ORIENTED_EDGE('',*,*,#2592,.F.);
#13791=ORIENTED_EDGE('',*,*,#3076,.T.);
#13792=ORIENTED_EDGE('',*,*,#3888,.T.);
#13793=CARTESIAN_POINT('',(-7.85,7.64999999999999,0.999999999999886));
#13794=DIRECTION('',(0.0,1.0,0.0));
#13795=DIRECTION('',(-6.12303176911189E-017,0.0,1.0));
#13796=DIRECTION('',(1.0,0.0,6.12303176911189E-017));
#13797=DIRECTION('',(1.22460635382238E-016,0.0,-1.0));
#13798=DIRECTION('',(0.0,-1.0,0.0));
#13799=DIRECTION('',(-0.577350269189626,-0.577350269189626,-0.577350269189626));
#13800=DIRECTION('',(-0.577350269189626,-0.577350269189626,-0.577350269189626));
#13801=SURFACE_STYLE_FILL_AREA(#14536);
#13802=ORIENTED_EDGE('',*,*,#1820,.T.);
#13803=ORIENTED_EDGE('',*,*,#3866,.T.);
#13804=ORIENTED_EDGE('',*,*,#3018,.T.);
#13805=ORIENTED_EDGE('',*,*,#3632,.T.);
#13806=ORIENTED_EDGE('',*,*,#3676,.T.);
#13807=ORIENTED_EDGE('',*,*,#3228,.T.);
#13808=ORIENTED_EDGE('',*,*,#2604,.T.);
#13809=ORIENTED_EDGE('',*,*,#3492,.F.);
#13810=CARTESIAN_POINT('',(-5.31,7.99999999999996,-0.449999999999932));
#13811=DIRECTION('',(6.12303176911189E-017,0.0,-1.0));
#13812=DIRECTION('',(0.0,1.0,0.0));
#13813=DIRECTION('',(-0.181547479456103,-0.983382180387227,-2.22324196862382E-017));
#13814=DIRECTION('',(-0.181547479456103,0.983382180387227,-2.22324196862382E-017));
#13815=DIRECTION('',(0.0,0.0,1.0));
#13816=DIRECTION('',(1.0,0.0,6.12303176911189E-017));
#13817=DIRECTION('',(0.577350269189626,-0.577350269189626,0.577350269189626));
#13818=DIRECTION('',(0.577350269189626,0.577350269189626,-0.577350269189626));
#13819=DIRECTION('',(1.0,0.0,6.12303176911189E-017));
#13820=DIRECTION('',(1.22460635382238E-016,0.0,-1.0));
#13821=DIRECTION('',(0.0,-1.0,0.0));
#13822=SURFACE_STYLE_FILL_AREA(#14537);
#13823=ORIENTED_EDGE('',*,*,#2620,.F.);
#13824=ORIENTED_EDGE('',*,*,#3006,.F.);
#13825=ORIENTED_EDGE('',*,*,#3428,.F.);
#13826=ORIENTED_EDGE('',*,*,#3384,.T.);
#13827=CARTESIAN_POINT('',(7.57040082142894,1.90282814901086,0.166650000000001));
#13828=DIRECTION('',(0.0,1.0,0.0));
#13829=DIRECTION('',(1.0,0.0,1.22460635382238E-016));
#13830=DIRECTION('',(1.22460635382238E-016,0.0,-1.0));
#13831=CARTESIAN_POINT('',(6.84029629553223,0.583544139276829,-0.16665));
#13832=DIRECTION('',(1.22460635382238E-016,0.0,-1.0));
#13833=DIRECTION('',(-1.0,0.0,-1.22460635382238E-016));
#13834=SURFACE_STYLE_FILL_AREA(#14538);
#13835=ORIENTED_EDGE('',*,*,#1684,.T.);
#13836=ORIENTED_EDGE('',*,*,#3770,.F.);
#13837=ORIENTED_EDGE('',*,*,#1618,.T.);
#13838=ORIENTED_EDGE('',*,*,#2294,.T.);
#13839=CARTESIAN_POINT('',(-7.745,0.150000000000105,-0.775000000000205));
#13840=DIRECTION('',(-1.0,0.0,-6.12303176911189E-017));
#13841=DIRECTION('',(6.12303176911189E-017,0.0,-1.0));
#13842=DIRECTION('',(1.0,0.0,1.22460635382238E-016));
#13843=DIRECTION('',(-1.22460635382238E-016,0.0,1.0));
#13844=DIRECTION('',(1.0,0.0,6.12303176911189E-017));
#13845=DIRECTION('',(-1.22460635382238E-016,0.0,1.0));
#13846=SURFACE_STYLE_FILL_AREA(#14539);
#13847=ORIENTED_EDGE('',*,*,#3290,.T.);
#13848=ORIENTED_EDGE('',*,*,#2824,.T.);
#13849=ORIENTED_EDGE('',*,*,#2358,.T.);
#13850=ORIENTED_EDGE('',*,*,#1766,.T.);
#13851=ORIENTED_EDGE('',*,*,#3534,.F.);
#13852=ORIENTED_EDGE('',*,*,#3148,.F.);
#13853=ORIENTED_EDGE('',*,*,#3740,.F.);
#13854=ORIENTED_EDGE('',*,*,#2928,.F.);
#13855=ORIENTED_EDGE('',*,*,#3292,.T.);
#13856=ORIENTED_EDGE('',*,*,#3312,.F.);
#13857=ORIENTED_EDGE('',*,*,#2092,.F.);
#13858=ORIENTED_EDGE('',*,*,#3038,.F.);
#13859=ORIENTED_EDGE('',*,*,#2448,.F.);
#13860=ORIENTED_EDGE('',*,*,#2888,.F.);
#13861=ORIENTED_EDGE('',*,*,#3536,.F.);
#13862=ORIENTED_EDGE('',*,*,#2784,.F.);
#13863=ORIENTED_EDGE('',*,*,#3846,.F.);
#13864=ORIENTED_EDGE('',*,*,#2842,.F.);
#13865=CARTESIAN_POINT('',(-5.35000000000011,0.741000000000109,1.5));
#13866=DIRECTION('',(1.0,0.0,1.22460635382238E-016));
#13867=DIRECTION('',(0.0,-1.0,0.0));
#13868=DIRECTION('',(0.0,-1.0,0.0));
#13869=DIRECTION('',(1.22460635382238E-016,0.0,-1.0));
#13870=DIRECTION('',(1.0,0.0,6.12303176911189E-017));
#13871=DIRECTION('',(-0.181547479456103,-0.983382180387227,-2.22324196862382E-017));
#13872=DIRECTION('',(-1.22460635382238E-016,0.0,1.0));
#13873=DIRECTION('',(1.22460635382238E-016,0.0,-1.0));
#13874=SURFACE_STYLE_FILL_AREA(#14540);
#13875=ORIENTED_EDGE('',*,*,#1832,.F.);
#13876=ORIENTED_EDGE('',*,*,#3856,.T.);
#13877=ORIENTED_EDGE('',*,*,#3228,.F.);
#13878=ORIENTED_EDGE('',*,*,#3178,.F.);
#13879=CARTESIAN_POINT('',(-2.81000000000011,7.65099999999999,1.5));
#13880=DIRECTION('',(0.0,1.0,0.0));
#13881=DIRECTION('',(1.0,0.0,1.22460635382238E-016));
#13882=CARTESIAN_POINT('',(0.779703704468464,0.583544139278076,-0.16665));
#13883=DIRECTION('',(1.22460635382238E-016,0.0,-1.0));
#13884=DIRECTION('',(-1.0,0.0,-1.22460635382238E-016));
#13885=SURFACE_STYLE_FILL_AREA(#14541);
#13886=ORIENTED_EDGE('',*,*,#1854,.F.);
#13887=ORIENTED_EDGE('',*,*,#3480,.F.);
#13888=ORIENTED_EDGE('',*,*,#1546,.F.);
#13889=ORIENTED_EDGE('',*,*,#3360,.F.);
#13890=ORIENTED_EDGE('',*,*,#2568,.F.);
#13891=ORIENTED_EDGE('',*,*,#3420,.F.);
#13892=ORIENTED_EDGE('',*,*,#3454,.F.);
#13893=ORIENTED_EDGE('',*,*,#3118,.F.);
#13894=ORIENTED_EDGE('',*,*,#1906,.F.);
#13895=ORIENTED_EDGE('',*,*,#4058,.F.);
#13896=ORIENTED_EDGE('',*,*,#3616,.F.);
#13897=ORIENTED_EDGE('',*,*,#2748,.F.);
#13898=CARTESIAN_POINT('',(1.26456872468571,-0.136573772166789,-0.16665));
#13899=DIRECTION('',(1.22460635382238E-016,0.0,-1.0));
#13900=DIRECTION('',(-1.0,0.0,-1.22460635382238E-016));
#13901=SURFACE_STYLE_FILL_AREA(#14542);
#13902=ORIENTED_EDGE('',*,*,#3782,.F.);
#13903=ORIENTED_EDGE('',*,*,#2708,.T.);
#13904=ORIENTED_EDGE('',*,*,#2744,.F.);
#13905=ORIENTED_EDGE('',*,*,#2886,.T.);
#13906=CARTESIAN_POINT('',(2.56739340209702,0.753873053988997,0.16665));
#13907=DIRECTION('',(0.0,-1.0,0.0));
#13908=DIRECTION('',(-1.0,0.0,-1.22460635382238E-016));
#13909=SURFACE_STYLE_FILL_AREA(#14543);
#13910=ORIENTED_EDGE('',*,*,#2264,.F.);
#13911=ORIENTED_EDGE('',*,*,#2552,.F.);
#13912=ORIENTED_EDGE('',*,*,#1398,.F.);
#13913=ORIENTED_EDGE('',*,*,#1912,.F.);
#13914=CARTESIAN_POINT('',(4.26000000000016,8.00099999999996,1.5));
#13915=DIRECTION('',(0.707106781186548,-0.707106781186548,8.65927457071936E-017));
#13916=DIRECTION('',(-0.707106781186548,-0.707106781186548,-8.65927457071936E-017));
#13917=DIRECTION('',(0.0,1.0,0.0));
#13918=DIRECTION('',(1.0,0.0,6.12303176911189E-017));
#13919=SURFACE_STYLE_FILL_AREA(#14544);
#13920=ORIENTED_EDGE('',*,*,#2512,.F.);
#13921=ORIENTED_EDGE('',*,*,#2106,.T.);
#13922=ORIENTED_EDGE('',*,*,#3458,.T.);
#13923=ORIENTED_EDGE('',*,*,#3998,.T.);
#13924=CARTESIAN_POINT('',(2.31,0.740000000000109,0.999999999999886));
#13925=DIRECTION('',(-6.12303176911189E-017,0.0,1.0));
#13926=DIRECTION('',(0.0,-1.0,0.0));
#13927=DIRECTION('',(0.0,-1.0,0.0));
#13928=DIRECTION('',(1.22460635382238E-016,0.0,-1.0));
#13929=SURFACE_STYLE_FILL_AREA(#14545);
#13930=ORIENTED_EDGE('',*,*,#1974,.T.);
#13931=ORIENTED_EDGE('',*,*,#3100,.F.);
#13932=ORIENTED_EDGE('',*,*,#3522,.T.);
#13933=ORIENTED_EDGE('',*,*,#1470,.T.);
#13934=CARTESIAN_POINT('',(-7.745,0.599999999999994,-0.625));
#13935=DIRECTION('',(0.0,-1.0,0.0));
#13936=DIRECTION('',(6.12303176911189E-017,0.0,-1.0));
#13937=DIRECTION('',(0.0,1.0,0.0));
#13938=DIRECTION('',(0.0,-1.0,0.0));
#13939=DIRECTION('',(-6.12303176911189E-017,0.0,1.0));
#13940=DIRECTION('',(1.22460635382238E-016,0.0,-1.0));
#13941=SURFACE_STYLE_FILL_AREA(#14546);
#13942=ORIENTED_EDGE('',*,*,#3734,.F.);
#13943=ORIENTED_EDGE('',*,*,#1664,.F.);
#13944=ORIENTED_EDGE('',*,*,#3656,.T.);
#13945=ORIENTED_EDGE('',*,*,#3564,.F.);
#13946=CARTESIAN_POINT('',(2.86000000000007,8.50099999999996,1.5));
#13947=DIRECTION('',(-0.707106781186548,-0.707106781186548,-8.65927457071936E-017));
#13948=DIRECTION('',(-0.707106781186548,0.707106781186548,-8.65927457071936E-017));
#13949=DIRECTION('',(0.0,1.0,0.0));
#13950=DIRECTION('',(1.0,0.0,6.12303176911189E-017));
#13951=DIRECTION('',(0.0,-1.0,0.0));
#13952=DIRECTION('',(0.0,1.0,0.0));
#13953=DIRECTION('',(1.0,0.0,6.12303176911189E-017));
#13954=SURFACE_STYLE_FILL_AREA(#14547);
#13955=ORIENTED_EDGE('',*,*,#3886,.T.);
#13956=ORIENTED_EDGE('',*,*,#3906,.T.);
#13957=ORIENTED_EDGE('',*,*,#3120,.T.);
#13958=ORIENTED_EDGE('',*,*,#1546,.T.);
#13959=ORIENTED_EDGE('',*,*,#2394,.F.);
#13960=ORIENTED_EDGE('',*,*,#1576,.F.);
#13961=ORIENTED_EDGE('',*,*,#1580,.F.);
#13962=ORIENTED_EDGE('',*,*,#3908,.F.);
#13963=ORIENTED_EDGE('',*,*,#3804,.F.);
#13964=ORIENTED_EDGE('',*,*,#2836,.F.);
#13965=ORIENTED_EDGE('',*,*,#4066,.F.);
#13966=ORIENTED_EDGE('',*,*,#3964,.F.);
#13967=ORIENTED_EDGE('',*,*,#1476,.F.);
#13968=ORIENTED_EDGE('',*,*,#3424,.F.);
#13969=ORIENTED_EDGE('',*,*,#3446,.T.);
#13970=ORIENTED_EDGE('',*,*,#2166,.F.);
#13971=ORIENTED_EDGE('',*,*,#4022,.F.);
#13972=ORIENTED_EDGE('',*,*,#1718,.F.);
#13973=CARTESIAN_POINT('',(2.26999999999989,0.741000000000109,1.5));
#13974=DIRECTION('',(1.0,0.0,1.22460635382238E-016));
#13975=DIRECTION('',(0.0,-1.0,0.0));
#13976=DIRECTION('',(-8.65927457071936E-017,-0.707106781186548,0.707106781186548));
#13977=DIRECTION('',(1.0,0.0,6.12303176911189E-017));
#13978=CARTESIAN_POINT('',(-0.779703704467768,0.583544139276829,-0.16665));
#13979=DIRECTION('',(1.22460635382238E-016,0.0,-1.0));
#13980=DIRECTION('',(-1.0,0.0,-1.22460635382238E-016));
#13981=DIRECTION('',(-1.22460635382238E-016,0.0,1.0));
#13982=DIRECTION('',(1.22460635382238E-016,0.0,-1.0));
#13983=SURFACE_STYLE_FILL_AREA(#14548);
#13984=ORIENTED_EDGE('',*,*,#3960,.T.);
#13985=ORIENTED_EDGE('',*,*,#3208,.T.);
#13986=ORIENTED_EDGE('',*,*,#1960,.T.);
#13987=ORIENTED_EDGE('',*,*,#2978,.T.);
#13988=ORIENTED_EDGE('',*,*,#1436,.T.);
#13989=ORIENTED_EDGE('',*,*,#3396,.T.);
#13990=ORIENTED_EDGE('',*,*,#1712,.T.);
#13991=ORIENTED_EDGE('',*,*,#2204,.F.);
#13992=CARTESIAN_POINT('',(2.31,7.99999999999996,-0.449999999999932));
#13993=DIRECTION('',(6.12303176911189E-017,0.0,-1.0));
#13994=DIRECTION('',(0.0,1.0,0.0));
#13995=SURFACE_STYLE_FILL_AREA(#14549);
#13996=ORIENTED_EDGE('',*,*,#2944,.T.);
#13997=ORIENTED_EDGE('',*,*,#4046,.F.);
#13998=ORIENTED_EDGE('',*,*,#3846,.T.);
#13999=ORIENTED_EDGE('',*,*,#1734,.T.);
#14000=CARTESIAN_POINT('',(-7.745,0.599999999999994,0.625));
#14001=DIRECTION('',(6.12303176911189E-017,-2.52637417159153E-013,-1.0));
#14002=DIRECTION('',(1.54690693133187E-029,1.0,-2.52637417159153E-013));
#14003=DIRECTION('',(-1.22460635382238E-016,0.0,1.0));
#14004=DIRECTION('',(0.181547479456103,-0.983382180387227,2.22324196862382E-017));
#14005=DIRECTION('',(1.0,0.0,6.12303176911189E-017));
#14006=DIRECTION('',(0.0,1.0,0.0));
#14007=DIRECTION('',(-1.0,0.0,-6.12303176911189E-017));
#14008=SURFACE_STYLE_FILL_AREA(#14550);
#14009=ORIENTED_EDGE('',*,*,#4006,.T.);
#14010=ORIENTED_EDGE('',*,*,#4002,.T.);
#14011=ORIENTED_EDGE('',*,*,#2180,.T.);
#14012=ORIENTED_EDGE('',*,*,#3484,.F.);
#14013=CARTESIAN_POINT('',(-7.745,0.150000000000105,-0.775000000000205));
#14014=DIRECTION('',(-1.0,0.0,-6.12303176911189E-017));
#14015=DIRECTION('',(6.12303176911189E-017,0.0,-1.0));
#14016=DIRECTION('',(-3.09381386266373E-029,-1.0,2.52637417159153E-013));
#14017=DIRECTION('',(1.22460635382238E-016,0.0,-1.0));
#14018=SURFACE_STYLE_FILL_AREA(#14551);
#14019=ORIENTED_EDGE('',*,*,#3406,.T.);
#14020=ORIENTED_EDGE('',*,*,#3346,.F.);
#14021=ORIENTED_EDGE('',*,*,#2178,.F.);
#14022=ORIENTED_EDGE('',*,*,#2570,.T.);
#14023=CARTESIAN_POINT('',(-7.745,8.49999999999997,-1.25));
#14024=DIRECTION('',(6.12303176911189E-017,0.0,-1.0));
#14025=DIRECTION('',(0.0,1.0,0.0));
#14026=DIRECTION('',(-1.22460635382238E-016,0.0,1.0));
#14027=DIRECTION('',(1.22460635382238E-016,0.0,-1.0));
#14028=DIRECTION('',(1.0,0.0,6.12303176911189E-017));
#14029=DIRECTION('',(1.22460635382238E-016,0.0,-1.0));
#14030=SURFACE_STYLE_FILL_AREA(#14552);
#14031=ORIENTED_EDGE('',*,*,#2834,.F.);
#14032=ORIENTED_EDGE('',*,*,#3390,.T.);
#14033=ORIENTED_EDGE('',*,*,#3208,.F.);
#14034=ORIENTED_EDGE('',*,*,#2806,.F.);
#14035=CARTESIAN_POINT('',(3.36000000000007,7.65099999999999,1.5));
#14036=DIRECTION('',(0.0,1.0,0.0));
#14037=DIRECTION('',(1.0,0.0,1.22460635382238E-016));
#14038=DIRECTION('',(0.0,1.0,0.0));
#14039=SURFACE_STYLE_FILL_AREA(#14553);
#14040=ORIENTED_EDGE('',*,*,#2906,.F.);
#14041=ORIENTED_EDGE('',*,*,#2280,.T.);
#14042=ORIENTED_EDGE('',*,*,#2458,.F.);
#14043=ORIENTED_EDGE('',*,*,#3612,.F.);
#14044=CARTESIAN_POINT('',(-0.270000000000114,7.65099999999999,1.5));
#14045=DIRECTION('',(0.0,1.0,0.0));
#14046=DIRECTION('',(1.0,0.0,1.22460635382238E-016));
#14047=SURFACE_STYLE_FILL_AREA(#14554);
#14048=ORIENTED_EDGE('',*,*,#4004,.T.);
#14049=ORIENTED_EDGE('',*,*,#3442,.T.);
#14050=ORIENTED_EDGE('',*,*,#3830,.F.);
#14051=ORIENTED_EDGE('',*,*,#3910,.T.);
#14052=ORIENTED_EDGE('',*,*,#2248,.T.);
#14053=ORIENTED_EDGE('',*,*,#1404,.F.);
#14054=CARTESIAN_POINT('',(-0.23,7.99999999999996,0.450000000000159));
#14055=DIRECTION('',(-4.32963728535968E-017,-0.707106781186548,0.707106781186548));
#14056=DIRECTION('',(4.32963728535968E-017,-0.707106781186548,-0.707106781186548));
#14057=DIRECTION('',(-1.22460635382238E-016,0.0,1.0));
#14058=DIRECTION('',(0.577350269189626,-0.577350269189626,0.577350269189626));
#14059=SURFACE_STYLE_FILL_AREA(#14555);
#14060=ORIENTED_EDGE('',*,*,#3098,.T.);
#14061=ORIENTED_EDGE('',*,*,#2126,.F.);
#14062=ORIENTED_EDGE('',*,*,#2828,.T.);
#14063=ORIENTED_EDGE('',*,*,#3744,.T.);
#14064=CARTESIAN_POINT('',(-7.745,0.150000000000105,-0.775000000000205));
#14065=DIRECTION('',(-1.0,0.0,-6.12303176911189E-017));
#14066=DIRECTION('',(6.12303176911189E-017,0.0,-1.0));
#14067=DIRECTION('',(-1.22460635382238E-016,0.0,1.0));
#14068=DIRECTION('',(1.0,0.0,6.12303176911189E-017));
#14069=SURFACE_STYLE_FILL_AREA(#14556);
#14070=ORIENTED_EDGE('',*,*,#4060,.T.);
#14071=ORIENTED_EDGE('',*,*,#2788,.F.);
#14072=ORIENTED_EDGE('',*,*,#3628,.F.);
#14073=ORIENTED_EDGE('',*,*,#2132,.T.);
#14074=CARTESIAN_POINT('',(-6.03000000000034,-2.54999999999999,0.16665));
#14075=DIRECTION('',(1.0,0.0,1.22460635382238E-016));
#14076=DIRECTION('',(0.0,-1.0,0.0));
#14077=SURFACE_STYLE_FILL_AREA(#14557);
#14078=ORIENTED_EDGE('',*,*,#2776,.T.);
#14079=ORIENTED_EDGE('',*,*,#3016,.T.);
#14080=ORIENTED_EDGE('',*,*,#1722,.T.);
#14081=ORIENTED_EDGE('',*,*,#3664,.T.);
#14082=ORIENTED_EDGE('',*,*,#2282,.F.);
#14083=ORIENTED_EDGE('',*,*,#2560,.F.);
#14084=ORIENTED_EDGE('',*,*,#1870,.F.);
#14085=ORIENTED_EDGE('',*,*,#3018,.F.);
#14086=ORIENTED_EDGE('',*,*,#3510,.F.);
#14087=ORIENTED_EDGE('',*,*,#3714,.F.);
#14088=ORIENTED_EDGE('',*,*,#2876,.F.);
#14089=ORIENTED_EDGE('',*,*,#1758,.F.);
#14090=ORIENTED_EDGE('',*,*,#3152,.F.);
#14091=ORIENTED_EDGE('',*,*,#3196,.F.);
#14092=ORIENTED_EDGE('',*,*,#2944,.F.);
#14093=ORIENTED_EDGE('',*,*,#1756,.F.);
#14094=ORIENTED_EDGE('',*,*,#1582,.F.);
#14095=ORIENTED_EDGE('',*,*,#2036,.F.);
#14096=CARTESIAN_POINT('',(-4.8099999999992,0.741000000000222,1.5));
#14097=DIRECTION('',(-1.0,0.0,-1.22460635382238E-016));
#14098=DIRECTION('',(0.0,1.0,0.0));
#14099=DIRECTION('',(1.22460635382238E-016,0.0,-1.0));
#14100=SURFACE_STYLE_FILL_AREA(#14558);
#14101=ORIENTED_EDGE('',*,*,#3400,.F.);
#14102=ORIENTED_EDGE('',*,*,#2960,.T.);
#14103=ORIENTED_EDGE('',*,*,#2100,.F.);
#14104=ORIENTED_EDGE('',*,*,#4050,.T.);
#14105=CARTESIAN_POINT('',(5.10739340209702,0.753873053988997,0.16665));
#14106=DIRECTION('',(0.0,-1.0,0.0));
#14107=DIRECTION('',(-1.0,0.0,-1.22460635382238E-016));
#14108=DIRECTION('',(-1.22460635382238E-016,0.0,1.0));
#14109=DIRECTION('',(1.22460635382238E-016,0.0,-1.0));
#14110=DIRECTION('',(8.65927457071936E-017,-0.707106781186548,-0.707106781186548));
#14111=DIRECTION('',(1.0,0.0,6.12303176911189E-017));
#14112=DIRECTION('',(0.181547479456103,0.983382180387227,2.22324196862382E-017));
#14113=DIRECTION('',(1.22460635382238E-016,0.0,-1.0));
#14114=DIRECTION('',(1.22460635382238E-016,0.0,-1.0));
#14115=DIRECTION('',(0.0,-1.0,0.0));
#14116=DIRECTION('',(1.0,0.0,1.22460635382238E-016));
#14117=DIRECTION('',(0.0,1.0,0.0));
#14118=SURFACE_STYLE_FILL_AREA(#14559);
#14119=ORIENTED_EDGE('',*,*,#3800,.T.);
#14120=ORIENTED_EDGE('',*,*,#3050,.F.);
#14121=ORIENTED_EDGE('',*,*,#2392,.T.);
#14122=ORIENTED_EDGE('',*,*,#3770,.T.);
#14123=CARTESIAN_POINT('',(-7.745,0.150000000000105,-0.625));
#14124=DIRECTION('',(-6.12303176911189E-017,0.0,1.0));
#14125=DIRECTION('',(0.0,-1.0,0.0));
#14126=DIRECTION('',(3.09381386266373E-029,1.0,-2.52637417159153E-013));
#14127=SURFACE_STYLE_FILL_AREA(#14560);
#14128=ORIENTED_EDGE('',*,*,#3958,.F.);
#14129=ORIENTED_EDGE('',*,*,#1594,.T.);
#14130=ORIENTED_EDGE('',*,*,#3668,.T.);
#14131=ORIENTED_EDGE('',*,*,#3964,.T.);
#14132=CARTESIAN_POINT('',(-0.23,0.740000000000109,0.999999999999886));
#14133=DIRECTION('',(-6.12303176911189E-017,0.0,1.0));
#14134=DIRECTION('',(0.0,-1.0,0.0));
#14135=DIRECTION('',(0.0,-1.0,0.0));
#14136=DIRECTION('',(0.0,1.0,0.0));
#14137=DIRECTION('',(-8.65927457071936E-017,0.707106781186548,0.707106781186548));
#14138=DIRECTION('',(1.22460635382238E-016,0.0,-1.0));
#14139=SURFACE_STYLE_FILL_AREA(#14561);
#14140=ORIENTED_EDGE('',*,*,#2794,.T.);
#14141=ORIENTED_EDGE('',*,*,#3776,.F.);
#14142=ORIENTED_EDGE('',*,*,#1776,.T.);
#14143=ORIENTED_EDGE('',*,*,#3694,.T.);
#14144=CARTESIAN_POINT('',(6.14999999999966,-3.19999999999999,0.16665));
#14145=DIRECTION('',(0.0,-1.0,0.0));
#14146=DIRECTION('',(-1.0,0.0,-1.22460635382238E-016));
#14147=SURFACE_STYLE_FILL_AREA(#14562);
#14148=ORIENTED_EDGE('',*,*,#3082,.F.);
#14149=ORIENTED_EDGE('',*,*,#3010,.F.);
#14150=ORIENTED_EDGE('',*,*,#2646,.F.);
#14151=ORIENTED_EDGE('',*,*,#3910,.F.);
#14152=CARTESIAN_POINT('',(1.72000000000016,8.00099999999996,1.5));
#14153=DIRECTION('',(0.707106781186548,-0.707106781186548,8.65927457071936E-017));
#14154=DIRECTION('',(-0.707106781186548,-0.707106781186548,-8.65927457071936E-017));
#14155=DIRECTION('',(0.0,1.0,0.0));
#14156=DIRECTION('',(-1.0,0.0,-6.12303176911189E-017));
#14157=DIRECTION('',(0.0,1.0,0.0));
#14158=DIRECTION('',(0.0,-1.0,0.0));
#14159=DIRECTION('',(3.09381386266373E-029,1.0,-2.52637417159153E-013));
#14160=SURFACE_STYLE_FILL_AREA(#14563);
#14161=ORIENTED_EDGE('',*,*,#3454,.T.);
#14162=ORIENTED_EDGE('',*,*,#3784,.F.);
#14163=ORIENTED_EDGE('',*,*,#3948,.T.);
#14164=ORIENTED_EDGE('',*,*,#1644,.T.);
#14165=CARTESIAN_POINT('',(1.46999999999966,-3.19999999999999,0.16665));
#14166=DIRECTION('',(0.983382180387227,-0.181547479456103,1.2042560663379E-016));
#14167=DIRECTION('',(-0.181547479456103,-0.983382180387227,-2.22324196862382E-017));
#14168=DIRECTION('',(1.0,0.0,6.12303176911189E-017));
#14169=DIRECTION('',(1.22460635382238E-016,0.0,-1.0));
#14170=DIRECTION('',(0.0,-1.0,0.0));
#14171=SURFACE_STYLE_FILL_AREA(#14564);
#14172=ORIENTED_EDGE('',*,*,#1532,.F.);
#14173=ORIENTED_EDGE('',*,*,#2984,.F.);
#14174=ORIENTED_EDGE('',*,*,#3988,.F.);
#14175=ORIENTED_EDGE('',*,*,#3408,.T.);
#14176=CARTESIAN_POINT('',(5.03040082142894,1.90282814901086,0.16665));
#14177=DIRECTION('',(0.0,1.0,0.0));
#14178=DIRECTION('',(1.0,0.0,1.22460635382238E-016));
#14179=DIRECTION('',(0.181547479456103,0.983382180387227,2.22324196862382E-017));
#14180=DIRECTION('',(-1.0,0.0,-6.12303176911189E-017));
#14181=DIRECTION('',(0.0,1.0,0.0));
#14182=DIRECTION('',(1.22460635382238E-016,0.0,-1.0));
#14183=DIRECTION('',(1.0,0.0,1.22460635382238E-016));
#14184=DIRECTION('',(1.0,0.0,6.12303176911189E-017));
#14185=DIRECTION('',(1.22460635382238E-016,0.0,-1.0));
#14186=DIRECTION('',(-1.22460635382238E-016,0.0,1.0));
#14187=DIRECTION('',(1.0,0.0,6.12303176911189E-017));
#14188=DIRECTION('',(1.22460635382238E-016,0.0,-1.0));
#14189=SURFACE_STYLE_FILL_AREA(#14565);
#14190=ORIENTED_EDGE('',*,*,#2876,.T.);
#14191=ORIENTED_EDGE('',*,*,#1636,.T.);
#14192=ORIENTED_EDGE('',*,*,#1586,.T.);
#14193=ORIENTED_EDGE('',*,*,#1568,.F.);
#14194=CARTESIAN_POINT('',(-5.31,7.64999999999999,0.999999999999886));
#14195=DIRECTION('',(0.0,1.0,0.0));
#14196=DIRECTION('',(-6.12303176911189E-017,0.0,1.0));
#14197=DIRECTION('',(0.0,1.0,0.0));
#14198=DIRECTION('',(0.0,-1.0,0.0));
#14199=DIRECTION('',(1.22460635382238E-016,0.0,-1.0));
#14200=DIRECTION('',(-0.577350269189626,-0.577350269189626,-0.577350269189626));
#14201=DIRECTION('',(3.09381386266373E-029,1.0,-2.52637417159153E-013));
#14202=DIRECTION('',(-1.0,0.0,-6.12303176911189E-017));
#14203=DIRECTION('',(0.0,-1.0,0.0));
#14204=DIRECTION('',(0.181547479456103,-0.983382180387227,2.22324196862382E-017));
#14205=CARTESIAN_POINT('',(-2.81000000000011,0.149999999999778,0.775000000000091));
#14206=DIRECTION('',(1.0,0.0,1.22460635382238E-016));
#14207=DIRECTION('',(1.22460635382238E-016,0.0,-1.0));
#14208=DIRECTION('',(0.0,1.0,0.0));
#14209=DIRECTION('',(0.0,1.0,0.0));
#14210=DIRECTION('',(1.0,0.0,1.22460635382238E-016));
#14211=SURFACE_STYLE_FILL_AREA(#14566);
#14212=ORIENTED_EDGE('',*,*,#1722,.F.);
#14213=ORIENTED_EDGE('',*,*,#3798,.T.);
#14214=ORIENTED_EDGE('',*,*,#2666,.F.);
#14215=ORIENTED_EDGE('',*,*,#2364,.T.);
#14216=CARTESIAN_POINT('',(-5.05260659790298,0.753873053988997,0.16665));
#14217=DIRECTION('',(0.0,-1.0,0.0));
#14218=DIRECTION('',(-1.0,0.0,-1.22460635382238E-016));
#14219=DIRECTION('',(1.22460635382238E-016,0.0,-1.0));
#14220=SURFACE_STYLE_FILL_AREA(#14567);
#14221=ORIENTED_EDGE('',*,*,#2586,.F.);
#14222=ORIENTED_EDGE('',*,*,#3828,.T.);
#14223=ORIENTED_EDGE('',*,*,#1962,.F.);
#14224=ORIENTED_EDGE('',*,*,#2560,.T.);
#14225=CARTESIAN_POINT('',(-5.31,0.740000000000222,-0.999999999999205));
#14226=DIRECTION('',(6.12303176911189E-017,0.0,-1.0));
#14227=DIRECTION('',(0.0,1.0,0.0));
#14228=SURFACE_STYLE_FILL_AREA(#14568);
#14229=ORIENTED_EDGE('',*,*,#1430,.T.);
#14230=ORIENTED_EDGE('',*,*,#3004,.T.);
#14231=ORIENTED_EDGE('',*,*,#2142,.T.);
#14232=ORIENTED_EDGE('',*,*,#2918,.F.);
#14233=CARTESIAN_POINT('',(-7.745,0.599999999999994,0.625));
#14234=DIRECTION('',(6.12303176911189E-017,-2.52637417159153E-013,-1.0));
#14235=DIRECTION('',(1.54690693133187E-029,1.0,-2.52637417159153E-013));
#14236=DIRECTION('',(-0.181547479456103,-0.983382180387227,-2.22324196862382E-017));
#14237=SURFACE_STYLE_FILL_AREA(#14569);
#14238=ORIENTED_EDGE('',*,*,#2230,.F.);
#14239=ORIENTED_EDGE('',*,*,#4010,.T.);
#14240=ORIENTED_EDGE('',*,*,#3716,.F.);
#14241=ORIENTED_EDGE('',*,*,#1856,.F.);
#14242=CARTESIAN_POINT('',(5.90000000000007,7.65099999999999,1.5));
#14243=DIRECTION('',(0.0,1.0,0.0));
#14244=DIRECTION('',(1.0,0.0,1.22460635382238E-016));
#14245=SURFACE_STYLE_FILL_AREA(#14570);
#14246=ORIENTED_EDGE('',*,*,#1466,.F.);
#14247=ORIENTED_EDGE('',*,*,#2890,.T.);
#14248=ORIENTED_EDGE('',*,*,#4052,.F.);
#14249=ORIENTED_EDGE('',*,*,#3672,.T.);
#14250=CARTESIAN_POINT('',(-2.77,0.740000000000222,-0.999999999999204));
#14251=DIRECTION('',(6.12303176911189E-017,0.0,-1.0));
#14252=DIRECTION('',(0.0,1.0,0.0));
#14253=DIRECTION('',(1.0,0.0,6.12303176911189E-017));
#14254=DIRECTION('',(0.0,-1.0,0.0));
#14255=DIRECTION('',(0.0,-1.0,0.0));
#14256=DIRECTION('',(0.0,1.0,0.0));
#14257=DIRECTION('',(1.22460635382238E-016,0.0,-1.0));
#14258=SURFACE_STYLE_FILL_AREA(#14571);
#14259=ORIENTED_EDGE('',*,*,#3664,.F.);
#14260=ORIENTED_EDGE('',*,*,#2364,.F.);
#14261=ORIENTED_EDGE('',*,*,#3288,.T.);
#14262=ORIENTED_EDGE('',*,*,#3868,.F.);
#14263=ORIENTED_EDGE('',*,*,#1610,.F.);
#14264=ORIENTED_EDGE('',*,*,#2652,.F.);
#14265=ORIENTED_EDGE('',*,*,#2958,.F.);
#14266=ORIENTED_EDGE('',*,*,#2472,.T.);
#14267=ORIENTED_EDGE('',*,*,#2576,.T.);
#14268=ORIENTED_EDGE('',*,*,#1622,.T.);
#14269=ORIENTED_EDGE('',*,*,#3236,.F.);
#14270=ORIENTED_EDGE('',*,*,#2802,.T.);
#14271=CARTESIAN_POINT('',(-3.81543127531429,-0.136573772166789,0.16665));
#14272=DIRECTION('',(1.22460635382238E-016,0.0,-1.0));
#14273=DIRECTION('',(-1.0,0.0,-1.22460635382238E-016));
#14274=DIRECTION('',(1.22460635382238E-016,0.0,-1.0));
#14275=DIRECTION('',(1.54690693133187E-029,1.0,-2.52637417159153E-013));
#14276=DIRECTION('',(-1.22460635382238E-016,0.0,1.0));
#14277=DIRECTION('',(-1.22460635382238E-016,0.0,1.0));
#14278=SURFACE_STYLE_FILL_AREA(#14572);
#14279=ORIENTED_EDGE('',*,*,#3636,.F.);
#14280=ORIENTED_EDGE('',*,*,#3786,.F.);
#14281=ORIENTED_EDGE('',*,*,#2500,.T.);
#14282=ORIENTED_EDGE('',*,*,#1608,.F.);
#14283=ORIENTED_EDGE('',*,*,#3750,.F.);
#14284=ORIENTED_EDGE('',*,*,#3272,.F.);
#14285=CARTESIAN_POINT('',(6.80000000000016,7.65099999999999,1.5));
#14286=DIRECTION('',(1.0,0.0,1.22460635382238E-016));
#14287=DIRECTION('',(0.0,-1.0,0.0));
#14288=SURFACE_STYLE_FILL_AREA(#14573);
#14289=ORIENTED_EDGE('',*,*,#3020,.F.);
#14290=ORIENTED_EDGE('',*,*,#3384,.F.);
#14291=ORIENTED_EDGE('',*,*,#3314,.F.);
#14292=ORIENTED_EDGE('',*,*,#2050,.F.);
#14293=ORIENTED_EDGE('',*,*,#3580,.F.);
#14294=ORIENTED_EDGE('',*,*,#1876,.F.);
#14295=ORIENTED_EDGE('',*,*,#3862,.F.);
#14296=ORIENTED_EDGE('',*,*,#2794,.F.);
#14297=ORIENTED_EDGE('',*,*,#1640,.F.);
#14298=ORIENTED_EDGE('',*,*,#3598,.F.);
#14299=ORIENTED_EDGE('',*,*,#2006,.F.);
#14300=ORIENTED_EDGE('',*,*,#2960,.F.);
#14301=CARTESIAN_POINT('',(6.34456872468571,-0.136573772166789,-0.16665));
#14302=DIRECTION('',(1.22460635382238E-016,0.0,-1.0));
#14303=DIRECTION('',(-1.0,0.0,-1.22460635382238E-016));
#14304=DIRECTION('',(0.0,-1.0,0.0));
#14305=DIRECTION('',(0.0,-1.0,0.0));
#14306=DIRECTION('',(1.0,0.0,6.12303176911189E-017));
#14307=DIRECTION('',(-8.65927457071936E-017,0.707106781186548,0.707106781186548));
#14308=CARTESIAN_POINT('',(7.34999999999989,0.150000000000105,-0.775000000000204));
#14309=DIRECTION('',(1.0,0.0,1.22460635382238E-016));
#14310=DIRECTION('',(1.22460635382238E-016,0.0,-1.0));
#14311=DIRECTION('',(0.0,1.0,0.0));
#14312=DIRECTION('',(1.22460635382238E-016,0.0,-1.0));
#14313=DIRECTION('',(1.22460635382238E-016,0.0,-1.0));
#14314=DIRECTION('',(1.22460635382238E-016,0.0,-1.0));
#14315=DIRECTION('',(-1.22460635382238E-016,0.0,1.0));
#14316=SURFACE_STYLE_FILL_AREA(#14574);
#14317=ORIENTED_EDGE('',*,*,#3444,.T.);
#14318=ORIENTED_EDGE('',*,*,#2996,.T.);
#14319=ORIENTED_EDGE('',*,*,#4000,.T.);
#14320=ORIENTED_EDGE('',*,*,#3788,.T.);
#14321=ORIENTED_EDGE('',*,*,#2166,.T.);
#14322=ORIENTED_EDGE('',*,*,#2338,.T.);
#14323=ORIENTED_EDGE('',*,*,#1428,.T.);
#14324=ORIENTED_EDGE('',*,*,#3710,.F.);
#14325=CARTESIAN_POINT('',(-0.23,7.99999999999996,-0.449999999999932));
#14326=DIRECTION('',(6.12303176911189E-017,0.0,-1.0));
#14327=DIRECTION('',(0.0,1.0,0.0));
#14328=DIRECTION('',(0.0,0.0,1.0));
#14329=DIRECTION('',(1.22460635382238E-016,0.0,-1.0));
#14330=SURFACE_STYLE_FILL_AREA(#14575);
#14331=ORIENTED_EDGE('',*,*,#1574,.T.);
#14332=ORIENTED_EDGE('',*,*,#2062,.F.);
#14333=ORIENTED_EDGE('',*,*,#3126,.T.);
#14334=ORIENTED_EDGE('',*,*,#2402,.F.);
#14335=CARTESIAN_POINT('',(-6.79999999999993,7.65099999999999,1.5));
#14336=DIRECTION('',(0.0,1.0,0.0));
#14337=DIRECTION('',(1.0,0.0,1.22460635382238E-016));
#14338=DIRECTION('',(1.22460635382238E-016,0.0,-1.0));
#14339=DIRECTION('',(-0.181547479456103,0.983382180387227,-2.22324196862382E-017));
#14340=DIRECTION('',(1.0,0.0,6.12303176911189E-017));
#14341=DIRECTION('',(-1.0,0.0,-1.22460635382238E-016));
#14342=DIRECTION('',(1.0,0.0,6.12303176911189E-017));
#14343=DIRECTION('',(1.0,0.0,6.12303176911189E-017));
#14344=DIRECTION('',(8.65927457071935E-017,-0.707106781186548,-0.707106781186548));
#14345=DIRECTION('',(0.0,-1.0,0.0));
#14346=DIRECTION('',(0.0,1.0,0.0));
#14347=DIRECTION('',(1.22460635382238E-016,0.0,-1.0));
#14348=DIRECTION('',(0.0,1.0,0.0));
#14349=DIRECTION('',(-1.0,0.0,-6.12303176911189E-017));
#14350=DIRECTION('',(-1.22460635382238E-016,0.0,1.0));
#14351=DIRECTION('',(1.22460635382238E-016,0.0,-1.0));
#14352=FILL_AREA_STYLE('',(#14576));
#14353=FILL_AREA_STYLE('',(#14577));
#14354=FILL_AREA_STYLE('',(#14578));
#14355=FILL_AREA_STYLE('',(#14579));
#14356=FILL_AREA_STYLE('',(#14580));
#14357=FILL_AREA_STYLE('',(#14581));
#14358=FILL_AREA_STYLE('',(#14582));
#14359=FILL_AREA_STYLE('',(#14583));
#14360=FILL_AREA_STYLE('',(#14584));
#14361=FILL_AREA_STYLE('',(#14585));
#14362=FILL_AREA_STYLE('',(#14586));
#14363=FILL_AREA_STYLE('',(#14587));
#14364=FILL_AREA_STYLE('',(#14588));
#14365=FILL_AREA_STYLE('',(#14589));
#14366=FILL_AREA_STYLE('',(#14590));
#14367=FILL_AREA_STYLE('',(#14591));
#14368=FILL_AREA_STYLE('',(#14592));
#14369=FILL_AREA_STYLE('',(#14593));
#14370=FILL_AREA_STYLE('',(#14594));
#14371=FILL_AREA_STYLE('',(#14595));
#14372=FILL_AREA_STYLE('',(#14596));
#14373=FILL_AREA_STYLE('',(#14597));
#14374=FILL_AREA_STYLE('',(#14598));
#14375=FILL_AREA_STYLE('',(#14599));
#14376=FILL_AREA_STYLE('',(#14600));
#14377=FILL_AREA_STYLE('',(#14601));
#14378=FILL_AREA_STYLE('',(#14602));
#14379=FILL_AREA_STYLE('',(#14603));
#14380=FILL_AREA_STYLE('',(#14604));
#14381=FILL_AREA_STYLE('',(#14605));
#14382=FILL_AREA_STYLE('',(#14606));
#14383=FILL_AREA_STYLE('',(#14607));
#14384=FILL_AREA_STYLE('',(#14608));
#14385=FILL_AREA_STYLE('',(#14609));
#14386=FILL_AREA_STYLE('',(#14610));
#14387=FILL_AREA_STYLE('',(#14611));
#14388=FILL_AREA_STYLE('',(#14612));
#14389=FILL_AREA_STYLE('',(#14613));
#14390=FILL_AREA_STYLE('',(#14614));
#14391=FILL_AREA_STYLE('',(#14615));
#14392=FILL_AREA_STYLE('',(#14616));
#14393=FILL_AREA_STYLE('',(#14617));
#14394=FILL_AREA_STYLE('',(#14618));
#14395=FILL_AREA_STYLE('',(#14619));
#14396=FILL_AREA_STYLE('',(#14620));
#14397=FILL_AREA_STYLE('',(#14621));
#14398=FILL_AREA_STYLE('',(#14622));
#14399=FILL_AREA_STYLE('',(#14623));
#14400=FILL_AREA_STYLE('',(#14624));
#14401=FILL_AREA_STYLE('',(#14625));
#14402=FILL_AREA_STYLE('',(#14626));
#14403=FILL_AREA_STYLE('',(#14627));
#14404=FILL_AREA_STYLE('',(#14628));
#14405=FILL_AREA_STYLE('',(#14629));
#14406=FILL_AREA_STYLE('',(#14630));
#14407=FILL_AREA_STYLE('',(#14631));
#14408=FILL_AREA_STYLE('',(#14632));
#14409=FILL_AREA_STYLE('',(#14633));
#14410=FILL_AREA_STYLE('',(#14634));
#14411=FILL_AREA_STYLE('',(#14635));
#14412=FILL_AREA_STYLE('',(#14636));
#14413=FILL_AREA_STYLE('',(#14637));
#14414=FILL_AREA_STYLE('',(#14638));
#14415=FILL_AREA_STYLE('',(#14639));
#14416=FILL_AREA_STYLE('',(#14640));
#14417=FILL_AREA_STYLE('',(#14641));
#14418=FILL_AREA_STYLE('',(#14642));
#14419=FILL_AREA_STYLE('',(#14643));
#14420=FILL_AREA_STYLE('',(#14644));
#14421=FILL_AREA_STYLE('',(#14645));
#14422=FILL_AREA_STYLE('',(#14646));
#14423=FILL_AREA_STYLE('',(#14647));
#14424=FILL_AREA_STYLE('',(#14648));
#14425=FILL_AREA_STYLE('',(#14649));
#14426=FILL_AREA_STYLE('',(#14650));
#14427=FILL_AREA_STYLE('',(#14651));
#14428=FILL_AREA_STYLE('',(#14652));
#14429=FILL_AREA_STYLE('',(#14653));
#14430=FILL_AREA_STYLE('',(#14654));
#14431=FILL_AREA_STYLE('',(#14655));
#14432=FILL_AREA_STYLE('',(#14656));
#14433=FILL_AREA_STYLE('',(#14657));
#14434=FILL_AREA_STYLE('',(#14658));
#14435=FILL_AREA_STYLE('',(#14659));
#14436=FILL_AREA_STYLE('',(#14660));
#14437=FILL_AREA_STYLE('',(#14661));
#14438=FILL_AREA_STYLE('',(#14662));
#14439=FILL_AREA_STYLE('',(#14663));
#14440=FILL_AREA_STYLE('',(#14664));
#14441=FILL_AREA_STYLE('',(#14665));
#14442=FILL_AREA_STYLE('',(#14666));
#14443=FILL_AREA_STYLE('',(#14667));
#14444=FILL_AREA_STYLE('',(#14668));
#14445=FILL_AREA_STYLE('',(#14669));
#14446=FILL_AREA_STYLE('',(#14670));
#14447=FILL_AREA_STYLE('',(#14671));
#14448=FILL_AREA_STYLE('',(#14672));
#14449=FILL_AREA_STYLE('',(#14673));
#14450=FILL_AREA_STYLE('',(#14674));
#14451=FILL_AREA_STYLE('',(#14675));
#14452=FILL_AREA_STYLE('',(#14676));
#14453=FILL_AREA_STYLE('',(#14677));
#14454=FILL_AREA_STYLE('',(#14678));
#14455=FILL_AREA_STYLE('',(#14679));
#14456=FILL_AREA_STYLE('',(#14680));
#14457=FILL_AREA_STYLE('',(#14681));
#14458=FILL_AREA_STYLE('',(#14682));
#14459=FILL_AREA_STYLE('',(#14683));
#14460=FILL_AREA_STYLE('',(#14684));
#14461=FILL_AREA_STYLE('',(#14685));
#14462=FILL_AREA_STYLE('',(#14686));
#14463=FILL_AREA_STYLE('',(#14687));
#14464=FILL_AREA_STYLE('',(#14688));
#14465=FILL_AREA_STYLE('',(#14689));
#14466=FILL_AREA_STYLE('',(#14690));
#14467=FILL_AREA_STYLE('',(#14691));
#14468=FILL_AREA_STYLE('',(#14692));
#14469=FILL_AREA_STYLE('',(#14693));
#14470=FILL_AREA_STYLE('',(#14694));
#14471=FILL_AREA_STYLE('',(#14695));
#14472=FILL_AREA_STYLE('',(#14696));
#14473=FILL_AREA_STYLE('',(#14697));
#14474=FILL_AREA_STYLE('',(#14698));
#14475=FILL_AREA_STYLE('',(#14699));
#14476=FILL_AREA_STYLE('',(#14700));
#14477=FILL_AREA_STYLE('',(#14701));
#14478=FILL_AREA_STYLE('',(#14702));
#14479=FILL_AREA_STYLE('',(#14703));
#14480=FILL_AREA_STYLE('',(#14704));
#14481=FILL_AREA_STYLE('',(#14705));
#14482=FILL_AREA_STYLE('',(#14706));
#14483=FILL_AREA_STYLE('',(#14707));
#14484=FILL_AREA_STYLE('',(#14708));
#14485=FILL_AREA_STYLE('',(#14709));
#14486=FILL_AREA_STYLE('',(#14710));
#14487=FILL_AREA_STYLE('',(#14711));
#14488=FILL_AREA_STYLE('',(#14712));
#14489=FILL_AREA_STYLE('',(#14713));
#14490=FILL_AREA_STYLE('',(#14714));
#14491=FILL_AREA_STYLE('',(#14715));
#14492=FILL_AREA_STYLE('',(#14716));
#14493=FILL_AREA_STYLE('',(#14717));
#14494=FILL_AREA_STYLE('',(#14718));
#14495=FILL_AREA_STYLE('',(#14719));
#14496=FILL_AREA_STYLE('',(#14720));
#14497=FILL_AREA_STYLE('',(#14721));
#14498=FILL_AREA_STYLE('',(#14722));
#14499=FILL_AREA_STYLE('',(#14723));
#14500=FILL_AREA_STYLE('',(#14724));
#14501=FILL_AREA_STYLE('',(#14725));
#14502=FILL_AREA_STYLE('',(#14726));
#14503=FILL_AREA_STYLE('',(#14727));
#14504=FILL_AREA_STYLE('',(#14728));
#14505=FILL_AREA_STYLE('',(#14729));
#14506=FILL_AREA_STYLE('',(#14730));
#14507=FILL_AREA_STYLE('',(#14731));
#14508=FILL_AREA_STYLE('',(#14732));
#14509=FILL_AREA_STYLE('',(#14733));
#14510=FILL_AREA_STYLE('',(#14734));
#14511=FILL_AREA_STYLE('',(#14735));
#14512=FILL_AREA_STYLE('',(#14736));
#14513=FILL_AREA_STYLE('',(#14737));
#14514=FILL_AREA_STYLE('',(#14738));
#14515=FILL_AREA_STYLE('',(#14739));
#14516=FILL_AREA_STYLE('',(#14740));
#14517=FILL_AREA_STYLE('',(#14741));
#14518=FILL_AREA_STYLE('',(#14742));
#14519=FILL_AREA_STYLE('',(#14743));
#14520=FILL_AREA_STYLE('',(#14744));
#14521=FILL_AREA_STYLE('',(#14745));
#14522=FILL_AREA_STYLE('',(#14746));
#14523=FILL_AREA_STYLE('',(#14747));
#14524=FILL_AREA_STYLE('',(#14748));
#14525=FILL_AREA_STYLE('',(#14749));
#14526=FILL_AREA_STYLE('',(#14750));
#14527=FILL_AREA_STYLE('',(#14751));
#14528=FILL_AREA_STYLE('',(#14752));
#14529=FILL_AREA_STYLE('',(#14753));
#14530=FILL_AREA_STYLE('',(#14754));
#14531=FILL_AREA_STYLE('',(#14755));
#14532=FILL_AREA_STYLE('',(#14756));
#14533=FILL_AREA_STYLE('',(#14757));
#14534=FILL_AREA_STYLE('',(#14758));
#14535=FILL_AREA_STYLE('',(#14759));
#14536=FILL_AREA_STYLE('',(#14760));
#14537=FILL_AREA_STYLE('',(#14761));
#14538=FILL_AREA_STYLE('',(#14762));
#14539=FILL_AREA_STYLE('',(#14763));
#14540=FILL_AREA_STYLE('',(#14764));
#14541=FILL_AREA_STYLE('',(#14765));
#14542=FILL_AREA_STYLE('',(#14766));
#14543=FILL_AREA_STYLE('',(#14767));
#14544=FILL_AREA_STYLE('',(#14768));
#14545=FILL_AREA_STYLE('',(#14769));
#14546=FILL_AREA_STYLE('',(#14770));
#14547=FILL_AREA_STYLE('',(#14771));
#14548=FILL_AREA_STYLE('',(#14772));
#14549=FILL_AREA_STYLE('',(#14773));
#14550=FILL_AREA_STYLE('',(#14774));
#14551=FILL_AREA_STYLE('',(#14775));
#14552=FILL_AREA_STYLE('',(#14776));
#14553=FILL_AREA_STYLE('',(#14777));
#14554=FILL_AREA_STYLE('',(#14778));
#14555=FILL_AREA_STYLE('',(#14779));
#14556=FILL_AREA_STYLE('',(#14780));
#14557=FILL_AREA_STYLE('',(#14781));
#14558=FILL_AREA_STYLE('',(#14782));
#14559=FILL_AREA_STYLE('',(#14783));
#14560=FILL_AREA_STYLE('',(#14784));
#14561=FILL_AREA_STYLE('',(#14785));
#14562=FILL_AREA_STYLE('',(#14786));
#14563=FILL_AREA_STYLE('',(#14787));
#14564=FILL_AREA_STYLE('',(#14788));
#14565=FILL_AREA_STYLE('',(#14789));
#14566=FILL_AREA_STYLE('',(#14790));
#14567=FILL_AREA_STYLE('',(#14791));
#14568=FILL_AREA_STYLE('',(#14792));
#14569=FILL_AREA_STYLE('',(#14793));
#14570=FILL_AREA_STYLE('',(#14794));
#14571=FILL_AREA_STYLE('',(#14795));
#14572=FILL_AREA_STYLE('',(#14796));
#14573=FILL_AREA_STYLE('',(#14797));
#14574=FILL_AREA_STYLE('',(#14798));
#14575=FILL_AREA_STYLE('',(#14799));
#14576=FILL_AREA_STYLE_COLOUR('',#14800);
#14577=FILL_AREA_STYLE_COLOUR('',#14801);
#14578=FILL_AREA_STYLE_COLOUR('',#14802);
#14579=FILL_AREA_STYLE_COLOUR('',#14803);
#14580=FILL_AREA_STYLE_COLOUR('',#14804);
#14581=FILL_AREA_STYLE_COLOUR('',#14805);
#14582=FILL_AREA_STYLE_COLOUR('',#14806);
#14583=FILL_AREA_STYLE_COLOUR('',#14807);
#14584=FILL_AREA_STYLE_COLOUR('',#14808);
#14585=FILL_AREA_STYLE_COLOUR('',#14809);
#14586=FILL_AREA_STYLE_COLOUR('',#14810);
#14587=FILL_AREA_STYLE_COLOUR('',#14811);
#14588=FILL_AREA_STYLE_COLOUR('',#14812);
#14589=FILL_AREA_STYLE_COLOUR('',#14813);
#14590=FILL_AREA_STYLE_COLOUR('',#14814);
#14591=FILL_AREA_STYLE_COLOUR('',#14815);
#14592=FILL_AREA_STYLE_COLOUR('',#14816);
#14593=FILL_AREA_STYLE_COLOUR('',#14817);
#14594=FILL_AREA_STYLE_COLOUR('',#14818);
#14595=FILL_AREA_STYLE_COLOUR('',#14819);
#14596=FILL_AREA_STYLE_COLOUR('',#14820);
#14597=FILL_AREA_STYLE_COLOUR('',#14821);
#14598=FILL_AREA_STYLE_COLOUR('',#14822);
#14599=FILL_AREA_STYLE_COLOUR('',#14823);
#14600=FILL_AREA_STYLE_COLOUR('',#14824);
#14601=FILL_AREA_STYLE_COLOUR('',#14825);
#14602=FILL_AREA_STYLE_COLOUR('',#14826);
#14603=FILL_AREA_STYLE_COLOUR('',#14827);
#14604=FILL_AREA_STYLE_COLOUR('',#14828);
#14605=FILL_AREA_STYLE_COLOUR('',#14829);
#14606=FILL_AREA_STYLE_COLOUR('',#14830);
#14607=FILL_AREA_STYLE_COLOUR('',#14831);
#14608=FILL_AREA_STYLE_COLOUR('',#14832);
#14609=FILL_AREA_STYLE_COLOUR('',#14833);
#14610=FILL_AREA_STYLE_COLOUR('',#14834);
#14611=FILL_AREA_STYLE_COLOUR('',#14835);
#14612=FILL_AREA_STYLE_COLOUR('',#14836);
#14613=FILL_AREA_STYLE_COLOUR('',#14837);
#14614=FILL_AREA_STYLE_COLOUR('',#14838);
#14615=FILL_AREA_STYLE_COLOUR('',#14839);
#14616=FILL_AREA_STYLE_COLOUR('',#14840);
#14617=FILL_AREA_STYLE_COLOUR('',#14841);
#14618=FILL_AREA_STYLE_COLOUR('',#14842);
#14619=FILL_AREA_STYLE_COLOUR('',#14843);
#14620=FILL_AREA_STYLE_COLOUR('',#14844);
#14621=FILL_AREA_STYLE_COLOUR('',#14845);
#14622=FILL_AREA_STYLE_COLOUR('',#14846);
#14623=FILL_AREA_STYLE_COLOUR('',#14847);
#14624=FILL_AREA_STYLE_COLOUR('',#14848);
#14625=FILL_AREA_STYLE_COLOUR('',#14849);
#14626=FILL_AREA_STYLE_COLOUR('',#14850);
#14627=FILL_AREA_STYLE_COLOUR('',#14851);
#14628=FILL_AREA_STYLE_COLOUR('',#14852);
#14629=FILL_AREA_STYLE_COLOUR('',#14853);
#14630=FILL_AREA_STYLE_COLOUR('',#14854);
#14631=FILL_AREA_STYLE_COLOUR('',#14855);
#14632=FILL_AREA_STYLE_COLOUR('',#14856);
#14633=FILL_AREA_STYLE_COLOUR('',#14857);
#14634=FILL_AREA_STYLE_COLOUR('',#14858);
#14635=FILL_AREA_STYLE_COLOUR('',#14859);
#14636=FILL_AREA_STYLE_COLOUR('',#14860);
#14637=FILL_AREA_STYLE_COLOUR('',#14861);
#14638=FILL_AREA_STYLE_COLOUR('',#14862);
#14639=FILL_AREA_STYLE_COLOUR('',#14863);
#14640=FILL_AREA_STYLE_COLOUR('',#14864);
#14641=FILL_AREA_STYLE_COLOUR('',#14865);
#14642=FILL_AREA_STYLE_COLOUR('',#14866);
#14643=FILL_AREA_STYLE_COLOUR('',#14867);
#14644=FILL_AREA_STYLE_COLOUR('',#14868);
#14645=FILL_AREA_STYLE_COLOUR('',#14869);
#14646=FILL_AREA_STYLE_COLOUR('',#14870);
#14647=FILL_AREA_STYLE_COLOUR('',#14871);
#14648=FILL_AREA_STYLE_COLOUR('',#14872);
#14649=FILL_AREA_STYLE_COLOUR('',#14873);
#14650=FILL_AREA_STYLE_COLOUR('',#14874);
#14651=FILL_AREA_STYLE_COLOUR('',#14875);
#14652=FILL_AREA_STYLE_COLOUR('',#14876);
#14653=FILL_AREA_STYLE_COLOUR('',#14877);
#14654=FILL_AREA_STYLE_COLOUR('',#14878);
#14655=FILL_AREA_STYLE_COLOUR('',#14879);
#14656=FILL_AREA_STYLE_COLOUR('',#14880);
#14657=FILL_AREA_STYLE_COLOUR('',#14881);
#14658=FILL_AREA_STYLE_COLOUR('',#14882);
#14659=FILL_AREA_STYLE_COLOUR('',#14883);
#14660=FILL_AREA_STYLE_COLOUR('',#14884);
#14661=FILL_AREA_STYLE_COLOUR('',#14885);
#14662=FILL_AREA_STYLE_COLOUR('',#14886);
#14663=FILL_AREA_STYLE_COLOUR('',#14887);
#14664=FILL_AREA_STYLE_COLOUR('',#14888);
#14665=FILL_AREA_STYLE_COLOUR('',#14889);
#14666=FILL_AREA_STYLE_COLOUR('',#14890);
#14667=FILL_AREA_STYLE_COLOUR('',#14891);
#14668=FILL_AREA_STYLE_COLOUR('',#14892);
#14669=FILL_AREA_STYLE_COLOUR('',#14893);
#14670=FILL_AREA_STYLE_COLOUR('',#14894);
#14671=FILL_AREA_STYLE_COLOUR('',#14895);
#14672=FILL_AREA_STYLE_COLOUR('',#14896);
#14673=FILL_AREA_STYLE_COLOUR('',#14897);
#14674=FILL_AREA_STYLE_COLOUR('',#14898);
#14675=FILL_AREA_STYLE_COLOUR('',#14899);
#14676=FILL_AREA_STYLE_COLOUR('',#14900);
#14677=FILL_AREA_STYLE_COLOUR('',#14901);
#14678=FILL_AREA_STYLE_COLOUR('',#14902);
#14679=FILL_AREA_STYLE_COLOUR('',#14903);
#14680=FILL_AREA_STYLE_COLOUR('',#14904);
#14681=FILL_AREA_STYLE_COLOUR('',#14905);
#14682=FILL_AREA_STYLE_COLOUR('',#14906);
#14683=FILL_AREA_STYLE_COLOUR('',#14907);
#14684=FILL_AREA_STYLE_COLOUR('',#14908);
#14685=FILL_AREA_STYLE_COLOUR('',#14909);
#14686=FILL_AREA_STYLE_COLOUR('',#14910);
#14687=FILL_AREA_STYLE_COLOUR('',#14911);
#14688=FILL_AREA_STYLE_COLOUR('',#14912);
#14689=FILL_AREA_STYLE_COLOUR('',#14913);
#14690=FILL_AREA_STYLE_COLOUR('',#14914);
#14691=FILL_AREA_STYLE_COLOUR('',#14915);
#14692=FILL_AREA_STYLE_COLOUR('',#14916);
#14693=FILL_AREA_STYLE_COLOUR('',#14917);
#14694=FILL_AREA_STYLE_COLOUR('',#14918);
#14695=FILL_AREA_STYLE_COLOUR('',#14919);
#14696=FILL_AREA_STYLE_COLOUR('',#14920);
#14697=FILL_AREA_STYLE_COLOUR('',#14921);
#14698=FILL_AREA_STYLE_COLOUR('',#14922);
#14699=FILL_AREA_STYLE_COLOUR('',#14923);
#14700=FILL_AREA_STYLE_COLOUR('',#14924);
#14701=FILL_AREA_STYLE_COLOUR('',#14925);
#14702=FILL_AREA_STYLE_COLOUR('',#14926);
#14703=FILL_AREA_STYLE_COLOUR('',#14927);
#14704=FILL_AREA_STYLE_COLOUR('',#14928);
#14705=FILL_AREA_STYLE_COLOUR('',#14929);
#14706=FILL_AREA_STYLE_COLOUR('',#14930);
#14707=FILL_AREA_STYLE_COLOUR('',#14931);
#14708=FILL_AREA_STYLE_COLOUR('',#14932);
#14709=FILL_AREA_STYLE_COLOUR('',#14933);
#14710=FILL_AREA_STYLE_COLOUR('',#14934);
#14711=FILL_AREA_STYLE_COLOUR('',#14935);
#14712=FILL_AREA_STYLE_COLOUR('',#14936);
#14713=FILL_AREA_STYLE_COLOUR('',#14937);
#14714=FILL_AREA_STYLE_COLOUR('',#14938);
#14715=FILL_AREA_STYLE_COLOUR('',#14939);
#14716=FILL_AREA_STYLE_COLOUR('',#14940);
#14717=FILL_AREA_STYLE_COLOUR('',#14941);
#14718=FILL_AREA_STYLE_COLOUR('',#14942);
#14719=FILL_AREA_STYLE_COLOUR('',#14943);
#14720=FILL_AREA_STYLE_COLOUR('',#14944);
#14721=FILL_AREA_STYLE_COLOUR('',#14945);
#14722=FILL_AREA_STYLE_COLOUR('',#14946);
#14723=FILL_AREA_STYLE_COLOUR('',#14947);
#14724=FILL_AREA_STYLE_COLOUR('',#14948);
#14725=FILL_AREA_STYLE_COLOUR('',#14949);
#14726=FILL_AREA_STYLE_COLOUR('',#14950);
#14727=FILL_AREA_STYLE_COLOUR('',#14951);
#14728=FILL_AREA_STYLE_COLOUR('',#14952);
#14729=FILL_AREA_STYLE_COLOUR('',#14953);
#14730=FILL_AREA_STYLE_COLOUR('',#14954);
#14731=FILL_AREA_STYLE_COLOUR('',#14955);
#14732=FILL_AREA_STYLE_COLOUR('',#14956);
#14733=FILL_AREA_STYLE_COLOUR('',#14957);
#14734=FILL_AREA_STYLE_COLOUR('',#14958);
#14735=FILL_AREA_STYLE_COLOUR('',#14959);
#14736=FILL_AREA_STYLE_COLOUR('',#14960);
#14737=FILL_AREA_STYLE_COLOUR('',#14961);
#14738=FILL_AREA_STYLE_COLOUR('',#14962);
#14739=FILL_AREA_STYLE_COLOUR('',#14963);
#14740=FILL_AREA_STYLE_COLOUR('',#14964);
#14741=FILL_AREA_STYLE_COLOUR('',#14965);
#14742=FILL_AREA_STYLE_COLOUR('',#14966);
#14743=FILL_AREA_STYLE_COLOUR('',#14967);
#14744=FILL_AREA_STYLE_COLOUR('',#14968);
#14745=FILL_AREA_STYLE_COLOUR('',#14969);
#14746=FILL_AREA_STYLE_COLOUR('',#14970);
#14747=FILL_AREA_STYLE_COLOUR('',#14971);
#14748=FILL_AREA_STYLE_COLOUR('',#14972);
#14749=FILL_AREA_STYLE_COLOUR('',#14973);
#14750=FILL_AREA_STYLE_COLOUR('',#14974);
#14751=FILL_AREA_STYLE_COLOUR('',#14975);
#14752=FILL_AREA_STYLE_COLOUR('',#14976);
#14753=FILL_AREA_STYLE_COLOUR('',#14977);
#14754=FILL_AREA_STYLE_COLOUR('',#14978);
#14755=FILL_AREA_STYLE_COLOUR('',#14979);
#14756=FILL_AREA_STYLE_COLOUR('',#14980);
#14757=FILL_AREA_STYLE_COLOUR('',#14981);
#14758=FILL_AREA_STYLE_COLOUR('',#14982);
#14759=FILL_AREA_STYLE_COLOUR('',#14983);
#14760=FILL_AREA_STYLE_COLOUR('',#14984);
#14761=FILL_AREA_STYLE_COLOUR('',#14985);
#14762=FILL_AREA_STYLE_COLOUR('',#14986);
#14763=FILL_AREA_STYLE_COLOUR('',#14987);
#14764=FILL_AREA_STYLE_COLOUR('',#14988);
#14765=FILL_AREA_STYLE_COLOUR('',#14989);
#14766=FILL_AREA_STYLE_COLOUR('',#14990);
#14767=FILL_AREA_STYLE_COLOUR('',#14991);
#14768=FILL_AREA_STYLE_COLOUR('',#14992);
#14769=FILL_AREA_STYLE_COLOUR('',#14993);
#14770=FILL_AREA_STYLE_COLOUR('',#14994);
#14771=FILL_AREA_STYLE_COLOUR('',#14995);
#14772=FILL_AREA_STYLE_COLOUR('',#14996);
#14773=FILL_AREA_STYLE_COLOUR('',#14997);
#14774=FILL_AREA_STYLE_COLOUR('',#14998);
#14775=FILL_AREA_STYLE_COLOUR('',#14999);
#14776=FILL_AREA_STYLE_COLOUR('',#15000);
#14777=FILL_AREA_STYLE_COLOUR('',#15001);
#14778=FILL_AREA_STYLE_COLOUR('',#15002);
#14779=FILL_AREA_STYLE_COLOUR('',#15003);
#14780=FILL_AREA_STYLE_COLOUR('',#15004);
#14781=FILL_AREA_STYLE_COLOUR('',#15005);
#14782=FILL_AREA_STYLE_COLOUR('',#15006);
#14783=FILL_AREA_STYLE_COLOUR('',#15007);
#14784=FILL_AREA_STYLE_COLOUR('',#15008);
#14785=FILL_AREA_STYLE_COLOUR('',#15009);
#14786=FILL_AREA_STYLE_COLOUR('',#15010);
#14787=FILL_AREA_STYLE_COLOUR('',#15011);
#14788=FILL_AREA_STYLE_COLOUR('',#15012);
#14789=FILL_AREA_STYLE_COLOUR('',#15013);
#14790=FILL_AREA_STYLE_COLOUR('',#15014);
#14791=FILL_AREA_STYLE_COLOUR('',#15015);
#14792=FILL_AREA_STYLE_COLOUR('',#15016);
#14793=FILL_AREA_STYLE_COLOUR('',#15017);
#14794=FILL_AREA_STYLE_COLOUR('',#15018);
#14795=FILL_AREA_STYLE_COLOUR('',#15019);
#14796=FILL_AREA_STYLE_COLOUR('',#15020);
#14797=FILL_AREA_STYLE_COLOUR('',#15021);
#14798=FILL_AREA_STYLE_COLOUR('',#15022);
#14799=FILL_AREA_STYLE_COLOUR('',#15023);
#14800=COLOUR_RGB('',0.0,0.0,0.0);
#14801=COLOUR_RGB('',0.87058824300766,0.87058824300766,0.87058824300766);
#14802=COLOUR_RGB('',0.87058824300766,0.87058824300766,0.87058824300766);
#14803=COLOUR_RGB('',0.87058824300766,0.87058824300766,0.87058824300766);
#14804=COLOUR_RGB('',0.87058824300766,0.87058824300766,0.87058824300766);
#14805=COLOUR_RGB('',0.0,0.0,0.0);
#14806=COLOUR_RGB('',0.87058824300766,0.87058824300766,0.87058824300766);
#14807=COLOUR_RGB('',0.0,0.0,0.0);
#14808=COLOUR_RGB('',0.0,0.0,0.0);
#14809=COLOUR_RGB('',0.0,0.0,0.0);
#14810=COLOUR_RGB('',0.0,0.0,0.0);
#14811=COLOUR_RGB('',0.0,0.0,0.0);
#14812=COLOUR_RGB('',0.87058824300766,0.87058824300766,0.87058824300766);
#14813=COLOUR_RGB('',0.0,0.0,0.0);
#14814=COLOUR_RGB('',0.0,0.0,0.0);
#14815=COLOUR_RGB('',0.0,0.0,0.0);
#14816=COLOUR_RGB('',0.87058824300766,0.87058824300766,0.87058824300766);
#14817=COLOUR_RGB('',0.0,0.0,0.0);
#14818=COLOUR_RGB('',0.0,0.0,0.0);
#14819=COLOUR_RGB('',0.87058824300766,0.87058824300766,0.87058824300766);
#14820=COLOUR_RGB('',0.0,0.0,0.0);
#14821=COLOUR_RGB('',1.0,0.0,0.0);
#14822=COLOUR_RGB('',0.0,0.0,0.0);
#14823=COLOUR_RGB('',0.0,0.0,0.0);
#14824=COLOUR_RGB('',0.87058824300766,0.87058824300766,0.87058824300766);
#14825=COLOUR_RGB('',0.0,0.0,0.0);
#14826=COLOUR_RGB('',0.0,0.0,0.0);
#14827=COLOUR_RGB('',0.87058824300766,0.87058824300766,0.87058824300766);
#14828=COLOUR_RGB('',0.0,0.0,0.0);
#14829=COLOUR_RGB('',0.87058824300766,0.87058824300766,0.87058824300766);
#14830=COLOUR_RGB('',0.0,0.0,0.0);
#14831=COLOUR_RGB('',0.87058824300766,0.87058824300766,0.87058824300766);
#14832=COLOUR_RGB('',1.0,0.0,0.0);
#14833=COLOUR_RGB('',0.87058824300766,0.87058824300766,0.87058824300766);
#14834=COLOUR_RGB('',0.0,0.0,0.0);
#14835=COLOUR_RGB('',0.0,0.0,0.0);
#14836=COLOUR_RGB('',0.87058824300766,0.87058824300766,0.87058824300766);
#14837=COLOUR_RGB('',0.0,0.0,0.0);
#14838=COLOUR_RGB('',0.0,0.0,0.0);
#14839=COLOUR_RGB('',0.0,0.0,0.0);
#14840=COLOUR_RGB('',0.0,0.0,0.0);
#14841=COLOUR_RGB('',0.0,0.0,0.0);
#14842=COLOUR_RGB('',0.87058824300766,0.87058824300766,0.87058824300766);
#14843=COLOUR_RGB('',0.0,0.0,0.0);
#14844=COLOUR_RGB('',0.87058824300766,0.87058824300766,0.87058824300766);
#14845=COLOUR_RGB('',0.0,0.0,0.0);
#14846=COLOUR_RGB('',0.87058824300766,0.87058824300766,0.87058824300766);
#14847=COLOUR_RGB('',0.0,0.0,0.0);
#14848=COLOUR_RGB('',0.87058824300766,0.87058824300766,0.87058824300766);
#14849=COLOUR_RGB('',0.0,0.0,0.0);
#14850=COLOUR_RGB('',0.87058824300766,0.87058824300766,0.87058824300766);
#14851=COLOUR_RGB('',0.0,0.0,0.0);
#14852=COLOUR_RGB('',0.0,0.0,0.0);
#14853=COLOUR_RGB('',0.87058824300766,0.87058824300766,0.87058824300766);
#14854=COLOUR_RGB('',0.0,0.0,0.0);
#14855=COLOUR_RGB('',0.0,0.0,0.0);
#14856=COLOUR_RGB('',0.0,0.0,0.0);
#14857=COLOUR_RGB('',0.87058824300766,0.87058824300766,0.87058824300766);
#14858=COLOUR_RGB('',1.0,0.0,0.0);
#14859=COLOUR_RGB('',0.0,0.0,0.0);
#14860=COLOUR_RGB('',0.0,0.0,0.0);
#14861=COLOUR_RGB('',0.0,0.0,0.0);
#14862=COLOUR_RGB('',0.0,0.0,0.0);
#14863=COLOUR_RGB('',0.0,0.0,0.0);
#14864=COLOUR_RGB('',0.87058824300766,0.87058824300766,0.87058824300766);
#14865=COLOUR_RGB('',0.0,0.0,0.0);
#14866=COLOUR_RGB('',0.87058824300766,0.87058824300766,0.87058824300766);
#14867=COLOUR_RGB('',0.0,0.0,0.0);
#14868=COLOUR_RGB('',0.0,0.0,0.0);
#14869=COLOUR_RGB('',0.0,0.0,0.0);
#14870=COLOUR_RGB('',0.87058824300766,0.87058824300766,0.87058824300766);
#14871=COLOUR_RGB('',0.87058824300766,0.87058824300766,0.87058824300766);
#14872=COLOUR_RGB('',0.87058824300766,0.87058824300766,0.87058824300766);
#14873=COLOUR_RGB('',0.87058824300766,0.87058824300766,0.87058824300766);
#14874=COLOUR_RGB('',0.0,0.0,0.0);
#14875=COLOUR_RGB('',0.87058824300766,0.87058824300766,0.87058824300766);
#14876=COLOUR_RGB('',0.87058824300766,0.87058824300766,0.87058824300766);
#14877=COLOUR_RGB('',0.87058824300766,0.87058824300766,0.87058824300766);
#14878=COLOUR_RGB('',0.0,0.0,0.0);
#14879=COLOUR_RGB('',0.0,0.0,0.0);
#14880=COLOUR_RGB('',0.0,0.0,0.0);
#14881=COLOUR_RGB('',0.0,0.0,0.0);
#14882=COLOUR_RGB('',0.0,0.0,0.0);
#14883=COLOUR_RGB('',0.0,0.0,0.0);
#14884=COLOUR_RGB('',0.87058824300766,0.87058824300766,0.87058824300766);
#14885=COLOUR_RGB('',0.0,0.0,0.0);
#14886=COLOUR_RGB('',0.0,0.0,0.0);
#14887=COLOUR_RGB('',0.0,0.0,0.0);
#14888=COLOUR_RGB('',0.0,0.0,0.0);
#14889=COLOUR_RGB('',0.0,0.0,0.0);
#14890=COLOUR_RGB('',0.0,0.0,0.0);
#14891=COLOUR_RGB('',0.87058824300766,0.87058824300766,0.87058824300766);
#14892=COLOUR_RGB('',0.87058824300766,0.87058824300766,0.87058824300766);
#14893=COLOUR_RGB('',0.0,0.0,0.0);
#14894=COLOUR_RGB('',0.0,0.0,0.0);
#14895=COLOUR_RGB('',1.0,0.0,0.0);
#14896=COLOUR_RGB('',0.87058824300766,0.87058824300766,0.87058824300766);
#14897=COLOUR_RGB('',0.0,0.0,0.0);
#14898=COLOUR_RGB('',0.0,0.0,0.0);
#14899=COLOUR_RGB('',0.0,0.0,0.0);
#14900=COLOUR_RGB('',0.0,0.0,0.0);
#14901=COLOUR_RGB('',0.87058824300766,0.87058824300766,0.87058824300766);
#14902=COLOUR_RGB('',0.87058824300766,0.87058824300766,0.87058824300766);
#14903=COLOUR_RGB('',0.0,0.0,0.0);
#14904=COLOUR_RGB('',0.87058824300766,0.87058824300766,0.87058824300766);
#14905=COLOUR_RGB('',0.87058824300766,0.87058824300766,0.87058824300766);
#14906=COLOUR_RGB('',0.0,0.0,0.0);
#14907=COLOUR_RGB('',0.87058824300766,0.87058824300766,0.87058824300766);
#14908=COLOUR_RGB('',0.0,0.0,0.0);
#14909=COLOUR_RGB('',0.87058824300766,0.87058824300766,0.87058824300766);
#14910=COLOUR_RGB('',0.0,0.0,0.0);
#14911=COLOUR_RGB('',0.0,0.0,0.0);
#14912=COLOUR_RGB('',0.87058824300766,0.87058824300766,0.87058824300766);
#14913=COLOUR_RGB('',0.0,0.0,0.0);
#14914=COLOUR_RGB('',0.87058824300766,0.87058824300766,0.87058824300766);
#14915=COLOUR_RGB('',0.0,0.0,0.0);
#14916=COLOUR_RGB('',0.0,0.0,0.0);
#14917=COLOUR_RGB('',0.0,0.0,0.0);
#14918=COLOUR_RGB('',0.87058824300766,0.87058824300766,0.87058824300766);
#14919=COLOUR_RGB('',0.87058824300766,0.87058824300766,0.87058824300766);
#14920=COLOUR_RGB('',0.0,0.0,0.0);
#14921=COLOUR_RGB('',0.0,0.0,0.0);
#14922=COLOUR_RGB('',0.0,0.0,0.0);
#14923=COLOUR_RGB('',0.87058824300766,0.87058824300766,0.87058824300766);
#14924=COLOUR_RGB('',0.87058824300766,0.87058824300766,0.87058824300766);
#14925=COLOUR_RGB('',0.0,0.0,0.0);
#14926=COLOUR_RGB('',0.0,0.0,0.0);
#14927=COLOUR_RGB('',0.87058824300766,0.87058824300766,0.87058824300766);
#14928=COLOUR_RGB('',0.0,0.0,0.0);
#14929=COLOUR_RGB('',0.0,0.0,0.0);
#14930=COLOUR_RGB('',0.0,0.0,0.0);
#14931=COLOUR_RGB('',0.87058824300766,0.87058824300766,0.87058824300766);
#14932=COLOUR_RGB('',0.0,0.0,0.0);
#14933=COLOUR_RGB('',0.0,0.0,0.0);
#14934=COLOUR_RGB('',1.0,0.0,0.0);
#14935=COLOUR_RGB('',0.0,0.0,0.0);
#14936=COLOUR_RGB('',0.87058824300766,0.87058824300766,0.87058824300766);
#14937=COLOUR_RGB('',0.0,0.0,0.0);
#14938=COLOUR_RGB('',1.0,0.0,0.0);
#14939=COLOUR_RGB('',1.0,0.0,0.0);
#14940=COLOUR_RGB('',0.0,0.0,0.0);
#14941=COLOUR_RGB('',0.0,0.0,0.0);
#14942=COLOUR_RGB('',0.0,0.0,0.0);
#14943=COLOUR_RGB('',0.87058824300766,0.87058824300766,0.87058824300766);
#14944=COLOUR_RGB('',0.0,0.0,0.0);
#14945=COLOUR_RGB('',0.0,0.0,0.0);
#14946=COLOUR_RGB('',0.0,0.0,0.0);
#14947=COLOUR_RGB('',0.0,0.0,0.0);
#14948=COLOUR_RGB('',0.0,0.0,0.0);
#14949=COLOUR_RGB('',0.87058824300766,0.87058824300766,0.87058824300766);
#14950=COLOUR_RGB('',0.0,0.0,0.0);
#14951=COLOUR_RGB('',0.0,0.0,0.0);
#14952=COLOUR_RGB('',0.0,0.0,0.0);
#14953=COLOUR_RGB('',0.0,0.0,0.0);
#14954=COLOUR_RGB('',0.0,0.0,0.0);
#14955=COLOUR_RGB('',0.0,0.0,0.0);
#14956=COLOUR_RGB('',0.87058824300766,0.87058824300766,0.87058824300766);
#14957=COLOUR_RGB('',0.0,0.0,0.0);
#14958=COLOUR_RGB('',0.0,0.0,0.0);
#14959=COLOUR_RGB('',0.87058824300766,0.87058824300766,0.87058824300766);
#14960=COLOUR_RGB('',0.87058824300766,0.87058824300766,0.87058824300766);
#14961=COLOUR_RGB('',0.87058824300766,0.87058824300766,0.87058824300766);
#14962=COLOUR_RGB('',0.0,0.0,0.0);
#14963=COLOUR_RGB('',0.0,0.0,0.0);
#14964=COLOUR_RGB('',0.0,0.0,0.0);
#14965=COLOUR_RGB('',0.87058824300766,0.87058824300766,0.87058824300766);
#14966=COLOUR_RGB('',1.0,0.0,0.0);
#14967=COLOUR_RGB('',0.0,0.0,0.0);
#14968=COLOUR_RGB('',0.87058824300766,0.87058824300766,0.87058824300766);
#14969=COLOUR_RGB('',0.0,0.0,0.0);
#14970=COLOUR_RGB('',0.87058824300766,0.87058824300766,0.87058824300766);
#14971=COLOUR_RGB('',0.0,0.0,0.0);
#14972=COLOUR_RGB('',1.0,0.0,0.0);
#14973=COLOUR_RGB('',0.0,0.0,0.0);
#14974=COLOUR_RGB('',0.0,0.0,0.0);
#14975=COLOUR_RGB('',1.0,0.0,0.0);
#14976=COLOUR_RGB('',0.87058824300766,0.87058824300766,0.87058824300766);
#14977=COLOUR_RGB('',0.0,0.0,0.0);
#14978=COLOUR_RGB('',0.87058824300766,0.87058824300766,0.87058824300766);
#14979=COLOUR_RGB('',0.0,0.0,0.0);
#14980=COLOUR_RGB('',0.0,0.0,0.0);
#14981=COLOUR_RGB('',0.87058824300766,0.87058824300766,0.87058824300766);
#14982=COLOUR_RGB('',0.0,0.0,0.0);
#14983=COLOUR_RGB('',0.0,0.0,0.0);
#14984=COLOUR_RGB('',0.0,0.0,0.0);
#14985=COLOUR_RGB('',0.87058824300766,0.87058824300766,0.87058824300766);
#14986=COLOUR_RGB('',0.0,0.0,0.0);
#14987=COLOUR_RGB('',0.0,0.0,0.0);
#14988=COLOUR_RGB('',0.0,0.0,0.0);
#14989=COLOUR_RGB('',0.87058824300766,0.87058824300766,0.87058824300766);
#14990=COLOUR_RGB('',0.87058824300766,0.87058824300766,0.87058824300766);
#14991=COLOUR_RGB('',0.0,0.0,0.0);
#14992=COLOUR_RGB('',0.0,0.0,0.0);
#14993=COLOUR_RGB('',0.0,0.0,0.0);
#14994=COLOUR_RGB('',0.0,0.0,0.0);
#14995=COLOUR_RGB('',0.0,0.0,0.0);
#14996=COLOUR_RGB('',0.0,0.0,0.0);
#14997=COLOUR_RGB('',0.0,0.0,0.0);
#14998=COLOUR_RGB('',0.0,0.0,0.0);
#14999=COLOUR_RGB('',0.0,0.0,0.0);
#15000=COLOUR_RGB('',0.0,0.0,0.0);
#15001=COLOUR_RGB('',0.0,0.0,0.0);
#15002=COLOUR_RGB('',0.0,0.0,0.0);
#15003=COLOUR_RGB('',0.0,0.0,0.0);
#15004=COLOUR_RGB('',0.87058824300766,0.87058824300766,0.87058824300766);
#15005=COLOUR_RGB('',0.0,0.0,0.0);
#15006=COLOUR_RGB('',0.87058824300766,0.87058824300766,0.87058824300766);
#15007=COLOUR_RGB('',0.0,0.0,0.0);
#15008=COLOUR_RGB('',0.0,0.0,0.0);
#15009=COLOUR_RGB('',0.87058824300766,0.87058824300766,0.87058824300766);
#15010=COLOUR_RGB('',0.0,0.0,0.0);
#15011=COLOUR_RGB('',0.87058824300766,0.87058824300766,0.87058824300766);
#15012=COLOUR_RGB('',0.87058824300766,0.87058824300766,0.87058824300766);
#15013=COLOUR_RGB('',0.0,0.0,0.0);
#15014=COLOUR_RGB('',0.87058824300766,0.87058824300766,0.87058824300766);
#15015=COLOUR_RGB('',0.0,0.0,0.0);
#15016=COLOUR_RGB('',0.0,0.0,0.0);
#15017=COLOUR_RGB('',0.0,0.0,0.0);
#15018=COLOUR_RGB('',0.0,0.0,0.0);
#15019=COLOUR_RGB('',0.87058824300766,0.87058824300766,0.87058824300766);
#15020=COLOUR_RGB('',0.0,0.0,0.0);
#15021=COLOUR_RGB('',0.87058824300766,0.87058824300766,0.87058824300766);
#15022=COLOUR_RGB('',0.0,0.0,0.0);
#15023=COLOUR_RGB('',0.0,0.0,0.0);
ENDSEC;
END-ISO-10303-21;
