ISO-10303-21;
HEADER;
FILE_DESCRIPTION (( 'STEP AP214' ),
    '1' );
FILE_NAME ('User Library-jumper 2.54mm.STEP',
    '2016-10-25T10:00:19',
    ( 'Windows User' ),
    ( '' ),
    'SwSTEP 2.0',
    'SolidWorks 2016',
    '' );
FILE_SCHEMA (( 'AUTOMOTIVE_DESIGN' ));
ENDSEC;

DATA;
#1 = LINE ( 'NONE', #483, #686 ) ;
#2 = STYLED_ITEM ( 'NONE', ( #624 ), #3630 ) ;
#3 = ORIENTED_EDGE ( 'NONE', *, *, #493, .T. ) ;
#4 = DIRECTION ( 'NONE',  ( 1.000000000000000000, 0.0000000000000000000, 0.0000000000000000000 ) ) ;
#5 =( NAMED_UNIT ( * ) SI_UNIT ( $, .STERADIAN. ) SOLID_ANGLE_UNIT ( ) );
#6 = DIRECTION ( 'NONE',  ( -0.0000000000000000000, -0.0000000000000000000, -1.000000000000000000 ) ) ;
#7 = FACE_OUTER_BOUND ( 'NONE', #2954, .T. ) ;
#8 = SURFACE_STYLE_USAGE ( .BOTH. , #1755 ) ;
#9 = SURFACE_STYLE_FILL_AREA ( #2243 ) ;
#10 = ORIENTED_EDGE ( 'NONE', *, *, #2643, .F. ) ;
#11 = MECHANICAL_DESIGN_GEOMETRIC_PRESENTATION_REPRESENTATION (  '', ( #214 ), #203 ) ;
#12 = ORIENTED_EDGE ( 'NONE', *, *, #2067, .T. ) ;
#13 = CARTESIAN_POINT ( 'NONE',  ( 2.775557561562889900E-016, -1.200000000000000000, 4.599999999999999600 ) ) ;
#14 =( LENGTH_UNIT ( ) NAMED_UNIT ( * ) SI_UNIT ( .MILLI., .METRE. ) );
#15 = ORIENTED_EDGE ( 'NONE', *, *, #2002, .T. ) ;
#16 =( GEOMETRIC_REPRESENTATION_CONTEXT ( 3 ) GLOBAL_UNCERTAINTY_ASSIGNED_CONTEXT ( ( #841 ) ) GLOBAL_UNIT_ASSIGNED_CONTEXT ( ( #3673, #2547, #2219 ) ) REPRESENTATION_CONTEXT ( 'NONE', 'WORKASPACE' ) );
#17 = DIRECTION ( 'NONE',  ( -1.000000000000000000, -0.0000000000000000000, 0.0000000000000000000 ) ) ;
#18 = DIRECTION ( 'NONE',  ( -1.000000000000000000, 0.0000000000000000000, 0.0000000000000000000 ) ) ;
#19 = PRESENTATION_LAYER_ASSIGNMENT (  '', '', ( #214 ) ) ;
#20 = EDGE_LOOP ( 'NONE', ( #3751, #1688, #321, #2349, #1044, #1240 ) ) ;
#21 = SURFACE_SIDE_STYLE ('',( #3062 ) ) ;
#22 = SURFACE_SIDE_STYLE ('',( #576 ) ) ;
#23 = VECTOR ( 'NONE', #3738, 1000.000000000000000 ) ;
#24 = LINE ( 'NONE', #103, #3027 ) ;
#25 = DIRECTION ( 'NONE',  ( 0.0000000000000000000, -1.000000000000000000, -0.0000000000000000000 ) ) ;
#26 = EDGE_CURVE ( 'NONE', #1264, #219, #2744, .T. ) ;
#27 = DIRECTION ( 'NONE',  ( 1.000000000000000000, -1.156482317317870000E-016, -0.0000000000000000000 ) ) ;
#28 = EDGE_CURVE ( 'NONE', #2669, #2604, #515, .T. ) ;
#29 =( LENGTH_UNIT ( ) NAMED_UNIT ( * ) SI_UNIT ( .MILLI., .METRE. ) );
#30 = EDGE_CURVE ( 'NONE', #219, #3610, #3511, .T. ) ;
#31 = DIRECTION ( 'NONE',  ( -1.000000000000000000, 0.0000000000000000000, -0.0000000000000000000 ) ) ;
#32 = FILL_AREA_STYLE ('',( #894 ) ) ;
#33 = DIRECTION ( 'NONE',  ( 0.0000000000000000000, -0.0000000000000000000, -1.000000000000000000 ) ) ;
#34 = STYLED_ITEM ( 'NONE', ( #2476 ), #139 ) ;
#35 = CARTESIAN_POINT ( 'NONE',  ( -1.699999999999999700, 0.4999865915050100100, 0.0000000000000000000 ) ) ;
#36 = PRESENTATION_LAYER_ASSIGNMENT (  '', '', ( #3424 ) ) ;
#37 = ORIENTED_EDGE ( 'NONE', *, *, #1480, .F. ) ;
#38 = MECHANICAL_DESIGN_GEOMETRIC_PRESENTATION_REPRESENTATION (  '', ( #3227 ), #241 ) ;
#39 =( BOUNDED_CURVE ( )  B_SPLINE_CURVE ( 3, ( #609, #3516, #2949, #983 ),
 .UNSPECIFIED., .F., .F. ) 
 B_SPLINE_CURVE_WITH_KNOTS ( ( 4, 4 ),
 ( 1.570796326794899400, 3.141592653589793100 ),
 .UNSPECIFIED. ) 
 CURVE ( )  GEOMETRIC_REPRESENTATION_ITEM ( )  RATIONAL_B_SPLINE_CURVE ( ( 1.000000000000000000, 0.8047378541243657100, 0.8047378541243657100, 1.000000000000000000 ) ) 
 REPRESENTATION_ITEM ( '' )  );
#40 = DIRECTION ( 'NONE',  ( 0.0000000000000000000, 0.0000000000000000000, 1.000000000000000000 ) ) ;
#41 = EDGE_LOOP ( 'NONE', ( #2021, #1366, #1861, #3692, #3037, #1686, #1390, #2414 ) ) ;
#42 = ORIENTED_EDGE ( 'NONE', *, *, #1470, .T. ) ;
#43 = CARTESIAN_POINT ( 'NONE',  ( -1.800000000000000300, -0.5940134084949899600, 0.0000000000000000000 ) ) ;
#44 = COLOUR_RGB ( '',1.000000000000000000, 0.8000000000000000400, 0.2000000000000000100 ) ;
#45 = ORIENTED_EDGE ( 'NONE', *, *, #1198, .F. ) ;
#46 = LINE ( 'NONE', #2087, #1591 ) ;
#47 = VECTOR ( 'NONE', #1655, 1000.000000000000000 ) ;
#48 =( NAMED_UNIT ( * ) SI_UNIT ( $, .STERADIAN. ) SOLID_ANGLE_UNIT ( ) );
#49 = DIRECTION ( 'NONE',  ( 1.000000000000000000, 0.0000000000000000000, -0.0000000000000000000 ) ) ;
#50 = CYLINDRICAL_SURFACE ( 'NONE', #1525, 0.09999999999999982500 ) ;
#51 = EDGE_CURVE ( 'NONE', #3309, #969, #1191, .T. ) ;
#52 = DIRECTION ( 'NONE',  ( 0.0000000000000000000, 0.0000000000000000000, 1.000000000000000000 ) ) ;
#53 = COLOUR_RGB ( '',0.2509803921568627400, 0.2509803921568627400, 0.2509803921568627400 ) ;
#54 = ORIENTED_EDGE ( 'NONE', *, *, #1739, .T. ) ;
#55 =( GEOMETRIC_REPRESENTATION_CONTEXT ( 3 ) GLOBAL_UNCERTAINTY_ASSIGNED_CONTEXT ( ( #2247 ) ) GLOBAL_UNIT_ASSIGNED_CONTEXT ( ( #1571, #3613, #1879 ) ) REPRESENTATION_CONTEXT ( 'NONE', 'WORKASPACE' ) );
#56 = ORIENTED_EDGE ( 'NONE', *, *, #3532, .F. ) ;
#57 = MECHANICAL_DESIGN_GEOMETRIC_PRESENTATION_REPRESENTATION (  '', ( #3445 ), #255 ) ;
#58 = MECHANICAL_DESIGN_GEOMETRIC_PRESENTATION_REPRESENTATION (  '', ( #3450 ), #258 ) ;
#59 = DIRECTION ( 'NONE',  ( -0.0000000000000000000, -0.0000000000000000000, -1.000000000000000000 ) ) ;
#60 =( NAMED_UNIT ( * ) PLANE_ANGLE_UNIT ( ) SI_UNIT ( $, .RADIAN. ) );
#61 = SURFACE_STYLE_FILL_AREA ( #82 ) ;
#62 = CARTESIAN_POINT ( 'NONE',  ( -2.000000000000000000, 0.0000000000000000000, 6.000000000000000000 ) ) ;
#63 = FACE_BOUND ( 'NONE', #1469, .T. ) ;
#64 = COLOUR_RGB ( '',0.2509803921568627400, 0.2509803921568627400, 0.2509803921568627400 ) ;
#65 = VECTOR ( 'NONE', #262, 1000.000000000000000 ) ;
#66 = DIRECTION ( 'NONE',  ( 0.0000000000000000000, -0.0000000000000000000, -1.000000000000000000 ) ) ;
#67 = SURFACE_SIDE_STYLE ('',( #1897 ) ) ;
#68 =( GEOMETRIC_REPRESENTATION_CONTEXT ( 3 ) GLOBAL_UNCERTAINTY_ASSIGNED_CONTEXT ( ( #838 ) ) GLOBAL_UNIT_ASSIGNED_CONTEXT ( ( #303, #2357, #611 ) ) REPRESENTATION_CONTEXT ( 'NONE', 'WORKASPACE' ) );
#69 = COLOUR_RGB ( '',0.2509803921568627400, 0.2509803921568627400, 0.2509803921568627400 ) ;
#70 = EDGE_CURVE ( 'NONE', #106, #729, #1878, .T. ) ;
#71 = EDGE_CURVE ( 'NONE', #2961, #2366, #318, .T. ) ;
#72 = FILL_AREA_STYLE_COLOUR ( '', #1188 ) ;
#73 = CARTESIAN_POINT ( 'NONE',  ( -2.000000000000000000, 0.6999999999999999600, 0.0000000000000000000 ) ) ;
#74 = UNCERTAINTY_MEASURE_WITH_UNIT (LENGTH_MEASURE( 1.000000000000000100E-005 ), #3444, 'distance_accuracy_value', 'NONE');
#75 = DIRECTION ( 'NONE',  ( -0.9840619558467423900, 0.0000000000000000000, 0.1778259459558254900 ) ) ;
#76 = CARTESIAN_POINT ( 'NONE',  ( 1.404119754421040000, -0.3940134084949900000, 4.700000000000000200 ) ) ;
#77 = VERTEX_POINT ( 'NONE', #3414 ) ;
#78 = ORIENTED_EDGE ( 'NONE', *, *, #1668, .F. ) ;
#79 = SURFACE_STYLE_FILL_AREA ( #1851 ) ;
#80 = ORIENTED_EDGE ( 'NONE', *, *, #271, .F. ) ;
#81 = AXIS2_PLACEMENT_3D ( 'NONE', #2834, #1883, #2820 ) ;
#82 = FILL_AREA_STYLE ('',( #3570 ) ) ;
#83 = UNCERTAINTY_MEASURE_WITH_UNIT (LENGTH_MEASURE( 1.000000000000000100E-005 ), #2674, 'distance_accuracy_value', 'NONE');
#84 = EDGE_LOOP ( 'NONE', ( #2259, #265, #3367, #1710, #398 ) ) ;
#85 = LINE ( 'NONE', #433, #1544 ) ;
#86 =( NAMED_UNIT ( * ) PLANE_ANGLE_UNIT ( ) SI_UNIT ( $, .RADIAN. ) );
#87 = CARTESIAN_POINT ( 'NONE',  ( -0.7700000000000000200, -0.4940134084949899800, 0.5000000000000000000 ) ) ;
#88 = CARTESIAN_POINT ( 'NONE',  ( -2.399999999999999900, -1.200000000000000200, 6.000000000000000000 ) ) ;
#89 = ORIENTED_EDGE ( 'NONE', *, *, #2079, .T. ) ;
#90 = PRESENTATION_STYLE_ASSIGNMENT (( #1146 ) ) ;
#91 = FACE_OUTER_BOUND ( 'NONE', #1519, .T. ) ;
#92 = MECHANICAL_DESIGN_GEOMETRIC_PRESENTATION_REPRESENTATION (  '', ( #3284 ), #288 ) ;
#93 = FILL_AREA_STYLE_COLOUR ( '', #1020 ) ;
#94 = VECTOR ( 'NONE', #2891, 1000.000000000000000 ) ;
#95 = ORIENTED_EDGE ( 'NONE', *, *, #620, .F. ) ;
#96 = LINE ( 'NONE', #2953, #1649 ) ;
#97 = EDGE_CURVE ( 'NONE', #2015, #873, #2574, .T. ) ;
#98 = VERTEX_POINT ( 'NONE', #2277 ) ;
#99 = EDGE_LOOP ( 'NONE', ( #951, #3281, #1607, #310, #1989 ) ) ;
#100 = PLANE ( 'NONE',  #1980 ) ;
#101 = ORIENTED_EDGE ( 'NONE', *, *, #3464, .F. ) ;
#102 = DIRECTION ( 'NONE',  ( 0.0000000000000000000, 1.000000000000000000, 0.0000000000000000000 ) ) ;
#103 = CARTESIAN_POINT ( 'NONE',  ( -1.204119754421040000, 0.4999865915050100100, 4.700000000000000200 ) ) ;
#104 = DIRECTION ( 'NONE',  ( -1.000000000000000000, 0.0000000000000000000, 0.0000000000000000000 ) ) ;
#105 = SURFACE_STYLE_FILL_AREA ( #3297 ) ;
#106 = VERTEX_POINT ( 'NONE', #529 ) ;
#107 = STYLED_ITEM ( 'NONE', ( #3724 ), #2500 ) ;
#108 = SURFACE_STYLE_USAGE ( .BOTH. , #1856 ) ;
#109 = PRESENTATION_LAYER_ASSIGNMENT (  '', '', ( #3499 ) ) ;
#110 = CARTESIAN_POINT ( 'NONE',  ( 2.500000000000000000, -1.100000000000000100, 0.0000000000000000000 ) ) ;
#111 = LINE ( 'NONE', #839, #802 ) ;
#112 = FACE_OUTER_BOUND ( 'NONE', #1884, .T. ) ;
#113 = CARTESIAN_POINT ( 'NONE',  ( 1.900000000000000100, -0.4940134084949899800, 5.200000000000001100 ) ) ;
#114 = FILL_AREA_STYLE_COLOUR ( '', #2228 ) ;
#115 = AXIS2_PLACEMENT_3D ( 'NONE', #2283, #535, #2578 ) ;
#116 = CARTESIAN_POINT ( 'NONE',  ( -0.7999999999999999300, 1.200000000000000000, 5.200000000000001100 ) ) ;
#117 = FILL_AREA_STYLE ('',( #1885 ) ) ;
#118 = AXIS2_PLACEMENT_3D ( 'NONE', #2878, #1130, #3159 ) ;
#119 = VECTOR ( 'NONE', #1312, 1000.000000000000000 ) ;
#120 = CARTESIAN_POINT ( 'NONE',  ( 1.404119754421040000, -0.3940134084949899500, 4.700000000000000200 ) ) ;
#121 = EDGE_LOOP ( 'NONE', ( #995, #2663, #3196, #357, #3493, #907, #2063, #635 ) ) ;
#122 = VECTOR ( 'NONE', #632, 1000.000000000000000 ) ;
#123 = ORIENTED_EDGE ( 'NONE', *, *, #3421, .T. ) ;
#124 =( NAMED_UNIT ( * ) SI_UNIT ( $, .STERADIAN. ) SOLID_ANGLE_UNIT ( ) );
#125 = CARTESIAN_POINT ( 'NONE',  ( -1.899999999999999900, 0.5999999999999999800, 0.0000000000000000000 ) ) ;
#126 = ORIENTED_EDGE ( 'NONE', *, *, #97, .T. ) ;
#127 = EDGE_LOOP ( 'NONE', ( #3221, #522, #2328, #1646, #741, #2463 ) ) ;
#128 = CARTESIAN_POINT ( 'NONE',  ( -1.800000000000000300, -0.3940134084949899500, 0.0000000000000000000 ) ) ;
#129 = LINE ( 'NONE', #2586, #2371 ) ;
#130 = MECHANICAL_DESIGN_GEOMETRIC_PRESENTATION_REPRESENTATION (  '', ( #3321 ), #325 ) ;
#131 = ORIENTED_EDGE ( 'NONE', *, *, #2094, .F. ) ;
#132 = LINE ( 'NONE', #1486, #2291 ) ;
#133 = VECTOR ( 'NONE', #3075, 1000.000000000000000 ) ;
#134 = DIRECTION ( 'NONE',  ( 2.792273763957870000E-016, 1.000000000000000000, 0.0000000000000000000 ) ) ;
#135 = PRESENTATION_STYLE_ASSIGNMENT (( #2483 ) ) ;
#136 =( NAMED_UNIT ( * ) PLANE_ANGLE_UNIT ( ) SI_UNIT ( $, .RADIAN. ) );
#137 = PRESENTATION_STYLE_ASSIGNMENT (( #1201 ) ) ;
#138 = FILL_AREA_STYLE ('',( #2179 ) ) ;
#139 = ADVANCED_FACE ( 'NONE', ( #3415 ), #1700, .T. ) ;
#140 = EDGE_LOOP ( 'NONE', ( #3629, #3469, #327, #1949 ) ) ;
#141 = DIRECTION ( 'NONE',  ( -1.734723475976810100E-015, 2.692855067655530100E-031, -1.000000000000000000 ) ) ;
#142 = PRESENTATION_STYLE_ASSIGNMENT (( #593 ) ) ;
#143 = EDGE_CURVE ( 'NONE', #700, #2417, #2199, .T. ) ;
#144 = ORIENTED_EDGE ( 'NONE', *, *, #3354, .T. ) ;
#145 = DIRECTION ( 'NONE',  ( 4.440892098500623800E-015, 0.0000000000000000000, 1.000000000000000000 ) ) ;
#146 = DIRECTION ( 'NONE',  ( 0.0000000000000000000, 1.000000000000000000, -0.0000000000000000000 ) ) ;
#147 = CARTESIAN_POINT ( 'NONE',  ( -1.899999999999999900, 0.4999865915050100100, 4.700000000000000200 ) ) ;
#148 = UNCERTAINTY_MEASURE_WITH_UNIT (LENGTH_MEASURE( 1.000000000000000100E-005 ), #2365, 'distance_accuracy_value', 'NONE');
#149 = DIRECTION ( 'NONE',  ( 0.0000000000000000000, 0.0000000000000000000, 1.000000000000000000 ) ) ;
#150 = PRESENTATION_LAYER_ASSIGNMENT (  '', '', ( #343 ) ) ;
#151 = SURFACE_STYLE_USAGE ( .BOTH. , #1908 ) ;
#152 = SURFACE_SIDE_STYLE ('',( #770 ) ) ;
#153 = STYLED_ITEM ( 'NONE', ( #466 ), #1630 ) ;
#154 = LINE ( 'NONE', #2317, #65 ) ;
#155 = MECHANICAL_DESIGN_GEOMETRIC_PRESENTATION_REPRESENTATION (  '', ( #3548 ), #347 ) ;
#156 = VECTOR ( 'NONE', #1214, 1000.000000000000000 ) ;
#157 = ADVANCED_FACE ( 'NONE', ( #734 ), #3360, .T. ) ;
#158 = PLANE ( 'NONE',  #3525 ) ;
#159 = PRESENTATION_LAYER_ASSIGNMENT (  '', '', ( #3553 ) ) ;
#160 = FILL_AREA_STYLE ('',( #3347 ) ) ;
#161 =( NAMED_UNIT ( * ) SI_UNIT ( $, .STERADIAN. ) SOLID_ANGLE_UNIT ( ) );
#162 = DIRECTION ( 'NONE',  ( -1.000000000000000000, 1.156482317317870000E-016, 0.0000000000000000000 ) ) ;
#163 = CARTESIAN_POINT ( 'NONE',  ( -1.700000000000000000, -0.3940134084949900000, 0.5000000000000000000 ) ) ;
#164 = DIRECTION ( 'NONE',  ( -1.000000000000000000, -0.0000000000000000000, -0.0000000000000000000 ) ) ;
#165 = EDGE_CURVE ( 'NONE', #3359, #3108, #2702, .T. ) ;
#166 = VERTEX_POINT ( 'NONE', #180 ) ;
#167 = ORIENTED_EDGE ( 'NONE', *, *, #2673, .F. ) ;
#168 = CARTESIAN_POINT ( 'NONE',  ( -1.899999999999999900, -0.5940134084949899600, 4.700000000000000200 ) ) ;
#169 = VERTEX_POINT ( 'NONE', #3669 ) ;
#170 = DIRECTION ( 'NONE',  ( -0.0000000000000000000, -0.0000000000000000000, -1.000000000000000000 ) ) ;
#171 = PLANE ( 'NONE',  #763 ) ;
#172 = DIRECTION ( 'NONE',  ( -1.000000000000000000, -0.0000000000000000000, -0.0000000000000000000 ) ) ;
#173 = ORIENTED_EDGE ( 'NONE', *, *, #932, .T. ) ;
#174 =( NAMED_UNIT ( * ) SI_UNIT ( $, .STERADIAN. ) SOLID_ANGLE_UNIT ( ) );
#175 =( NAMED_UNIT ( * ) SI_UNIT ( $, .STERADIAN. ) SOLID_ANGLE_UNIT ( ) );
#176 = ADVANCED_FACE ( 'NONE', ( #2612 ), #774, .T. ) ;
#177 = PRESENTATION_STYLE_ASSIGNMENT (( #1363 ) ) ;
#178 =( GEOMETRIC_REPRESENTATION_CONTEXT ( 3 ) GLOBAL_UNCERTAINTY_ASSIGNED_CONTEXT ( ( #3298 ) ) GLOBAL_UNIT_ASSIGNED_CONTEXT ( ( #1642, #3677, #1952 ) ) REPRESENTATION_CONTEXT ( 'NONE', 'WORKASPACE' ) );
#179 = FILL_AREA_STYLE_COLOUR ( '', #2788 ) ;
#180 = CARTESIAN_POINT ( 'NONE',  ( 2.399999999999999900, -1.200000000000000200, 5.200000000000001100 ) ) ;
#181 = ORIENTED_EDGE ( 'NONE', *, *, #2597, .F. ) ;
#182 = VECTOR ( 'NONE', #1433, 1000.000000000000000 ) ;
#183 = PLANE ( 'NONE',  #2324 ) ;
#184 = LINE ( 'NONE', #454, #1645 ) ;
#185 = EDGE_LOOP ( 'NONE', ( #2460, #1867, #15, #1819 ) ) ;
#186 = CARTESIAN_POINT ( 'NONE',  ( 2.399999999999999900, 1.200000000000000000, 0.0000000000000000000 ) ) ;
#187 = CARTESIAN_POINT ( 'NONE',  ( 0.6700000000000000400, -0.3940134084949900000, 1.744261863100000200 ) ) ;
#188 = VERTEX_POINT ( 'NONE', #2732 ) ;
#189 = DIRECTION ( 'NONE',  ( -2.792273763957870000E-016, -1.000000000000000000, 0.0000000000000000000 ) ) ;
#190 = FILL_AREA_STYLE ('',( #1955 ) ) ;
#191 = ORIENTED_EDGE ( 'NONE', *, *, #2718, .F. ) ;
#192 = DIRECTION ( 'NONE',  ( 0.0000000000000000000, 0.0000000000000000000, 1.000000000000000000 ) ) ;
#193 = AXIS2_PLACEMENT_3D ( 'NONE', #3017, #1273, #3301 ) ;
#194 = SURFACE_STYLE_USAGE ( .BOTH. , #356 ) ;
#195 = DIRECTION ( 'NONE',  ( 0.0000000000000000000, 0.0000000000000000000, 1.000000000000000000 ) ) ;
#196 = FACE_OUTER_BOUND ( 'NONE', #1063, .T. ) ;
#197 = ORIENTED_EDGE ( 'NONE', *, *, #2135, .F. ) ;
#198 = ADVANCED_FACE ( 'NONE', ( #91 ), #1277, .T. ) ;
#199 = DIRECTION ( 'NONE',  ( 0.0000000000000000000, -1.301042606982610000E-016, 1.000000000000000000 ) ) ;
#200 = COLOUR_RGB ( '',0.2509803921568627400, 0.2509803921568627400, 0.2509803921568627400 ) ;
#201 = PRESENTATION_STYLE_ASSIGNMENT (( #860 ) ) ;
#202 =( BOUNDED_CURVE ( )  B_SPLINE_CURVE ( 3, ( #1919, #3649, #2797, #1043 ),
 .UNSPECIFIED., .F., .T. ) 
 B_SPLINE_CURVE_WITH_KNOTS ( ( 4, 4 ),
 ( 1.570796326794894600, 3.141592653589793100 ),
 .UNSPECIFIED. ) 
 CURVE ( )  GEOMETRIC_REPRESENTATION_ITEM ( )  RATIONAL_B_SPLINE_CURVE ( ( 1.000000000000000000, 0.8047378541243644900, 0.8047378541243644900, 1.000000000000000000 ) ) 
 REPRESENTATION_ITEM ( '' )  );
#203 =( GEOMETRIC_REPRESENTATION_CONTEXT ( 3 ) GLOBAL_UNCERTAINTY_ASSIGNED_CONTEXT ( ( #2528 ) ) GLOBAL_UNIT_ASSIGNED_CONTEXT ( ( #1840, #86, #2136 ) ) REPRESENTATION_CONTEXT ( 'NONE', 'WORKASPACE' ) );
#204 = CARTESIAN_POINT ( 'NONE',  ( 2.399999999999999900, -1.200000000000000000, 0.0000000000000000000 ) ) ;
#205 = SURFACE_SIDE_STYLE ('',( #1625 ) ) ;
#206 = LINE ( 'NONE', #2285, #1757 ) ;
#207 = COLOUR_RGB ( '',1.000000000000000000, 0.8000000000000000400, 0.2000000000000000100 ) ;
#208 = DIRECTION ( 'NONE',  ( 1.000000000000000000, -1.156482317317870000E-016, 0.0000000000000000000 ) ) ;
#209 = VECTOR ( 'NONE', #3282, 1000.000000000000000 ) ;
#210 = FILL_AREA_STYLE_COLOUR ( '', #696 ) ;
#211 = CARTESIAN_POINT ( 'NONE',  ( -1.700000000000000000, 0.4999865915050100100, 4.700000000000000200 ) ) ;
#212 = SURFACE_STYLE_USAGE ( .BOTH. , #2261 ) ;
#213 = CARTESIAN_POINT ( 'NONE',  ( 2.500000000000000000, -1.200000000000000000, 5.200000000000001100 ) ) ;
#214 = STYLED_ITEM ( 'NONE', ( #3631 ), #1932 ) ;
#215 = VECTOR ( 'NONE', #740, 1000.000000000000000 ) ;
#216 = CARTESIAN_POINT ( 'NONE',  ( -1.899999999999999900, -0.5940134084949899600, 0.0000000000000000000 ) ) ;
#217 = DIRECTION ( 'NONE',  ( -0.0000000000000000000, 1.000000000000000000, 0.0000000000000000000 ) ) ;
#218 = ADVANCED_FACE ( 'NONE', ( #2843 ), #3231, .T. ) ;
#219 = VERTEX_POINT ( 'NONE', #2252 ) ;
#220 = VECTOR ( 'NONE', #1075, 1000.000000000000000 ) ;
#221 = FILL_AREA_STYLE_COLOUR ( '', #2025 ) ;
#222 = ORIENTED_EDGE ( 'NONE', *, *, #2581, .F. ) ;
#223 = EDGE_CURVE ( 'NONE', #1097, #3262, #1002, .T. ) ;
#224 = PLANE ( 'NONE',  #883 ) ;
#225 = EDGE_CURVE ( 'NONE', #886, #3015, #234, .T. ) ;
#226 = EDGE_CURVE ( 'NONE', #3403, #729, #2572, .T. ) ;
#227 = ORIENTED_EDGE ( 'NONE', *, *, #3214, .F. ) ;
#228 = COLOUR_RGB ( '',0.2509803921568627400, 0.2509803921568627400, 0.2509803921568627400 ) ;
#229 = EDGE_LOOP ( 'NONE', ( #361, #3498, #2074, #375 ) ) ;
#230 = DIRECTION ( 'NONE',  ( 0.0000000000000000000, -1.000000000000000000, -0.0000000000000000000 ) ) ;
#231 = EDGE_LOOP ( 'NONE', ( #2519, #2640, #263, #191 ) ) ;
#232 = CARTESIAN_POINT ( 'NONE',  ( -1.700000000000000000, 0.5999999999999999800, 0.0000000000000000000 ) ) ;
#233 = LINE ( 'NONE', #2344, #1694 ) ;
#234 = LINE ( 'NONE', #792, #1781 ) ;
#235 = CARTESIAN_POINT ( 'NONE',  ( -2.500000000000000000, 1.100000000000000100, 5.200000000000001100 ) ) ;
#236 = PRESENTATION_LAYER_ASSIGNMENT (  '', '', ( #34 ) ) ;
#237 = PRESENTATION_STYLE_ASSIGNMENT (( #2003 ) ) ;
#238 = SURFACE_SIDE_STYLE ('',( #3418 ) ) ;
#239 = MECHANICAL_DESIGN_GEOMETRIC_PRESENTATION_REPRESENTATION (  '', ( #3424 ), #420 ) ;
#240 = VECTOR ( 'NONE', #230, 1000.000000000000000 ) ;
#241 =( GEOMETRIC_REPRESENTATION_CONTEXT ( 3 ) GLOBAL_UNCERTAINTY_ASSIGNED_CONTEXT ( ( #1042 ) ) GLOBAL_UNIT_ASSIGNED_CONTEXT ( ( #3527, #1794, #48 ) ) REPRESENTATION_CONTEXT ( 'NONE', 'WORKASPACE' ) );
#242 = VECTOR ( 'NONE', #874, 1000.000000000000000 ) ;
#243 = CARTESIAN_POINT ( 'NONE',  ( -1.204119754421039800, -0.4940134084949899800, 4.700000000000001100 ) ) ;
#244 = ORIENTED_EDGE ( 'NONE', *, *, #1107, .F. ) ;
#245 =( LENGTH_UNIT ( ) NAMED_UNIT ( * ) SI_UNIT ( .MILLI., .METRE. ) );
#246 = ORIENTED_EDGE ( 'NONE', *, *, #836, .T. ) ;
#247 = CARTESIAN_POINT ( 'NONE',  ( 1.899999999999999900, 0.4999865915050099000, 0.5000000000000000000 ) ) ;
#248 = FILL_AREA_STYLE_COLOUR ( '', #563 ) ;
#249 = SURFACE_STYLE_USAGE ( .BOTH. , #2007 ) ;
#250 = SURFACE_STYLE_FILL_AREA ( #3588 ) ;
#251 = EDGE_CURVE ( 'NONE', #3187, #3153, #1696, .T. ) ;
#252 = VECTOR ( 'NONE', #328, 1000.000000000000000 ) ;
#253 = FILL_AREA_STYLE_COLOUR ( '', #3643 ) ;
#254 = CARTESIAN_POINT ( 'NONE',  ( -0.6700000000000001500, 0.4999865915050100100, 0.5000000000000001100 ) ) ;
#255 =( GEOMETRIC_REPRESENTATION_CONTEXT ( 3 ) GLOBAL_UNCERTAINTY_ASSIGNED_CONTEXT ( ( #2796 ) ) GLOBAL_UNIT_ASSIGNED_CONTEXT ( ( #3176, #1446, #3473 ) ) REPRESENTATION_CONTEXT ( 'NONE', 'WORKASPACE' ) );
#256 = CARTESIAN_POINT ( 'NONE',  ( -2.000000000000000000, 0.6999999999999999600, 0.0000000000000000000 ) ) ;
#257 = PLANE ( 'NONE',  #1301 ) ;
#258 =( GEOMETRIC_REPRESENTATION_CONTEXT ( 3 ) GLOBAL_UNCERTAINTY_ASSIGNED_CONTEXT ( ( #1718 ) ) GLOBAL_UNIT_ASSIGNED_CONTEXT ( ( #2507, #750, #2799 ) ) REPRESENTATION_CONTEXT ( 'NONE', 'WORKASPACE' ) );
#259 = CARTESIAN_POINT ( 'NONE',  ( -0.8700000000000001100, 0.4999865915050102400, 1.744261863099999800 ) ) ;
#260 = VECTOR ( 'NONE', #1540, 1000.000000000000000 ) ;
#261 = ORIENTED_EDGE ( 'NONE', *, *, #2447, .T. ) ;
#262 = DIRECTION ( 'NONE',  ( 0.0000000000000000000, 1.000000000000000000, -0.0000000000000000000 ) ) ;
#263 = ORIENTED_EDGE ( 'NONE', *, *, #1858, .T. ) ;
#264 = CARTESIAN_POINT ( 'NONE',  ( 2.500000000000000000, -0.9000000000000001300, 4.400000000000000400 ) ) ;
#265 = ORIENTED_EDGE ( 'NONE', *, *, #3332, .F. ) ;
#266 = PLANE ( 'NONE',  #1802 ) ;
#267 = DIRECTION ( 'NONE',  ( -1.000000000000000000, 0.0000000000000000000, 0.0000000000000000000 ) ) ;
#268 = ORIENTED_EDGE ( 'NONE', *, *, #836, .F. ) ;
#269 = UNCERTAINTY_MEASURE_WITH_UNIT (LENGTH_MEASURE( 1.000000000000000100E-005 ), #29, 'distance_accuracy_value', 'NONE');
#270 = CARTESIAN_POINT ( 'NONE',  ( 2.775557561562889900E-016, -0.9000000000000001300, 4.599999999999999600 ) ) ;
#271 = EDGE_CURVE ( 'NONE', #3609, #1926, #3144, .T. ) ;
#272 = SURFACE_STYLE_FILL_AREA ( #1960 ) ;
#273 = EDGE_CURVE ( 'NONE', #2651, #2251, #1593, .T. ) ;
#274 = FACE_OUTER_BOUND ( 'NONE', #2601, .T. ) ;
#275 = VERTEX_POINT ( 'NONE', #1936 ) ;
#276 = VECTOR ( 'NONE', #3749, 1000.000000000000000 ) ;
#277 = SURFACE_STYLE_FILL_AREA ( #3358 ) ;
#278 =( NAMED_UNIT ( * ) SI_UNIT ( $, .STERADIAN. ) SOLID_ANGLE_UNIT ( ) );
#279 = CIRCLE ( 'NONE', #2774, 0.8000000000000003800 ) ;
#280 = VERTEX_POINT ( 'NONE', #204 ) ;
#281 = MECHANICAL_DESIGN_GEOMETRIC_PRESENTATION_REPRESENTATION (  '', ( #3668 ), #472 ) ;
#282 = CARTESIAN_POINT ( 'NONE',  ( -0.8000000000000000400, -1.200000000000000000, 6.000000000000000000 ) ) ;
#283 = CYLINDRICAL_SURFACE ( 'NONE', #1482, 0.09999999999999982500 ) ;
#284 = AXIS2_PLACEMENT_3D ( 'NONE', #3487, #1751, #4 ) ;
#285 = EDGE_LOOP ( 'NONE', ( #2017, #3647, #3429, #2918 ) ) ;
#286 = CARTESIAN_POINT ( 'NONE',  ( -2.200000000000000200, -0.9000000000000001300, 4.400000000000000400 ) ) ;
#287 = ORIENTED_EDGE ( 'NONE', *, *, #2378, .T. ) ;
#288 =( GEOMETRIC_REPRESENTATION_CONTEXT ( 3 ) GLOBAL_UNCERTAINTY_ASSIGNED_CONTEXT ( ( #2875 ) ) GLOBAL_UNIT_ASSIGNED_CONTEXT ( ( #809, #2864, #1110 ) ) REPRESENTATION_CONTEXT ( 'NONE', 'WORKASPACE' ) );
#289 = ORIENTED_EDGE ( 'NONE', *, *, #3535, .T. ) ;
#290 = VECTOR ( 'NONE', #33, 1000.000000000000000 ) ;
#291 = EDGE_CURVE ( 'NONE', #998, #2997, #915, .T. ) ;
#292 = FILL_AREA_STYLE ('',( #2622 ) ) ;
#293 = EDGE_CURVE ( 'NONE', #2078, #275, #1510, .T. ) ;
#294 = VECTOR ( 'NONE', #2361, 1000.000000000000000 ) ;
#295 = LINE ( 'NONE', #1542, #2444 ) ;
#296 =( NAMED_UNIT ( * ) PLANE_ANGLE_UNIT ( ) SI_UNIT ( $, .RADIAN. ) );
#297 = DIRECTION ( 'NONE',  ( 0.0000000000000000000, 0.0000000000000000000, 1.000000000000000000 ) ) ;
#298 = LINE ( 'NONE', #2497, #215 ) ;
#299 = AXIS2_PLACEMENT_3D ( 'NONE', #452, #2508, #751 ) ;
#300 = SURFACE_SIDE_STYLE ('',( #3690 ) ) ;
#301 = MECHANICAL_DESIGN_GEOMETRIC_PRESENTATION_REPRESENTATION (  '', ( #3499 ), #507 ) ;
#302 = CARTESIAN_POINT ( 'NONE',  ( -0.7999999999999999300, 1.200000000000000000, 6.000000000000000900 ) ) ;
#303 =( LENGTH_UNIT ( ) NAMED_UNIT ( * ) SI_UNIT ( .MILLI., .METRE. ) );
#304 = LINE ( 'NONE', #186, #122 ) ;
#305 = PRESENTATION_LAYER_ASSIGNMENT (  '', '', ( #3707 ) ) ;
#306 = ORIENTED_EDGE ( 'NONE', *, *, #1452, .T. ) ;
#307 =( LENGTH_UNIT ( ) NAMED_UNIT ( * ) SI_UNIT ( .MILLI., .METRE. ) );
#308 = ORIENTED_EDGE ( 'NONE', *, *, #1859, .F. ) ;
#309 = VECTOR ( 'NONE', #336, 1000.000000000000000 ) ;
#310 = ORIENTED_EDGE ( 'NONE', *, *, #2265, .T. ) ;
#311 = CARTESIAN_POINT ( 'NONE',  ( 0.0000000000000000000, 0.6999999999999999600, 0.0000000000000000000 ) ) ;
#312 = PRESENTATION_LAYER_ASSIGNMENT (  '', '', ( #3714 ) ) ;
#313 = ORIENTED_EDGE ( 'NONE', *, *, #2531, .F. ) ;
#314 = UNCERTAINTY_MEASURE_WITH_UNIT (LENGTH_MEASURE( 1.000000000000000100E-005 ), #783, 'distance_accuracy_value', 'NONE');
#315 = VECTOR ( 'NONE', #6, 1000.000000000000000 ) ;
#316 =( NAMED_UNIT ( * ) SI_UNIT ( $, .STERADIAN. ) SOLID_ANGLE_UNIT ( ) );
#317 = SURFACE_STYLE_USAGE ( .BOTH. , #2089 ) ;
#318 = LINE ( 'NONE', #1397, #1785 ) ;
#319 = STYLED_ITEM ( 'NONE', ( #908 ), #2024 ) ;
#320 = DIRECTION ( 'NONE',  ( 1.000000000000000000, -0.0000000000000000000, 0.0000000000000000000 ) ) ;
#321 = ORIENTED_EDGE ( 'NONE', *, *, #909, .F. ) ;
#322 = FILL_AREA_STYLE_COLOUR ( '', #207 ) ;
#323 = PLANE ( 'NONE',  #2244 ) ;
#324 = ORIENTED_EDGE ( 'NONE', *, *, #1320, .T. ) ;
#325 =( GEOMETRIC_REPRESENTATION_CONTEXT ( 3 ) GLOBAL_UNCERTAINTY_ASSIGNED_CONTEXT ( ( #431 ) ) GLOBAL_UNIT_ASSIGNED_CONTEXT ( ( #1812, #60, #2112 ) ) REPRESENTATION_CONTEXT ( 'NONE', 'WORKASPACE' ) );
#326 = FILL_AREA_STYLE ('',( #3514 ) ) ;
#327 = ORIENTED_EDGE ( 'NONE', *, *, #2019, .T. ) ;
#328 = DIRECTION ( 'NONE',  ( 0.0000000000000000000, -0.0000000000000000000, -1.000000000000000000 ) ) ;
#329 = LINE ( 'NONE', #2725, #1800 ) ;
#330 = CARTESIAN_POINT ( 'NONE',  ( 2.500000000000000000, -1.200000000000000000, 5.200000000000001100 ) ) ;
#331 = LINE ( 'NONE', #2035, #1122 ) ;
#332 = VECTOR ( 'NONE', #3259, 1000.000000000000000 ) ;
#333 = SURFACE_STYLE_FILL_AREA ( #3325 ) ;
#334 = DIRECTION ( 'NONE',  ( -0.0000000000000000000, 0.0000000000000000000, 1.000000000000000000 ) ) ;
#335 = COLOUR_RGB ( '',0.2509803921568627400, 0.2509803921568627400, 0.2509803921568627400 ) ;
#336 = DIRECTION ( 'NONE',  ( -0.0000000000000000000, -1.000000000000000000, -0.0000000000000000000 ) ) ;
#337 = EDGE_CURVE ( 'NONE', #3454, #2367, #2292, .T. ) ;
#338 = DIRECTION ( 'NONE',  ( -0.9840619558467425000, 1.527584229640260800E-016, 0.1778259459558250400 ) ) ;
#339 = SURFACE_SIDE_STYLE ('',( #3165 ) ) ;
#340 = CARTESIAN_POINT ( 'NONE',  ( -0.6700000000000000400, -0.4940134084949899800, 1.744261863100002400 ) ) ;
#341 = STYLED_ITEM ( 'NONE', ( #2069 ), #218 ) ;
#342 = DIRECTION ( 'NONE',  ( 0.0000000000000000000, 0.0000000000000000000, 1.000000000000000000 ) ) ;
#343 = STYLED_ITEM ( 'NONE', ( #1105 ), #2787 ) ;
#344 = VECTOR ( 'NONE', #369, 1000.000000000000000 ) ;
#345 = EDGE_LOOP ( 'NONE', ( #2190, #2325, #2829, #1639, #222, #308, #1557, #3351, #3466, #1018 ) ) ;
#346 = AXIS2_PLACEMENT_3D ( 'NONE', #1298, #3318, #1576 ) ;
#347 =( GEOMETRIC_REPRESENTATION_CONTEXT ( 3 ) GLOBAL_UNCERTAINTY_ASSIGNED_CONTEXT ( ( #269 ) ) GLOBAL_UNIT_ASSIGNED_CONTEXT ( ( #29, #2085, #316 ) ) REPRESENTATION_CONTEXT ( 'NONE', 'WORKASPACE' ) );
#348 = DIRECTION ( 'NONE',  ( -0.1778259459558250200, 0.0000000000000000000, 0.9840619558467422800 ) ) ;
#349 = ORIENTED_EDGE ( 'NONE', *, *, #1717, .F. ) ;
#350 = FACE_OUTER_BOUND ( 'NONE', #3001, .T. ) ;
#351 = CARTESIAN_POINT ( 'NONE',  ( 0.0000000000000000000, -0.6999999999999999600, 6.000000000000000000 ) ) ;
#352 = UNCERTAINTY_MEASURE_WITH_UNIT (LENGTH_MEASURE( 1.000000000000000100E-005 ), #3090, 'distance_accuracy_value', 'NONE');
#353 = ORIENTED_EDGE ( 'NONE', *, *, #1517, .T. ) ;
#354 = CARTESIAN_POINT ( 'NONE',  ( 2.399999999999999900, 1.100000000000000100, 4.400000000000000400 ) ) ;
#355 = MECHANICAL_DESIGN_GEOMETRIC_PRESENTATION_REPRESENTATION (  '', ( #3553 ), #567 ) ;
#356 = SURFACE_SIDE_STYLE ('',( #1929 ) ) ;
#357 = ORIENTED_EDGE ( 'NONE', *, *, #2446, .F. ) ;
#358 = SURFACE_STYLE_FILL_AREA ( #2763 ) ;
#359 = CARTESIAN_POINT ( 'NONE',  ( 2.399999999999999900, -1.100000000000000100, 5.200000000000001100 ) ) ;
#360 =( LENGTH_UNIT ( ) NAMED_UNIT ( * ) SI_UNIT ( .MILLI., .METRE. ) );
#361 = ORIENTED_EDGE ( 'NONE', *, *, #1003, .F. ) ;
#362 = UNCERTAINTY_MEASURE_WITH_UNIT (LENGTH_MEASURE( 1.000000000000000100E-005 ), #2152, 'distance_accuracy_value', 'NONE');
#363 = PRESENTATION_STYLE_ASSIGNMENT (( #194 ) ) ;
#364 = EDGE_CURVE ( 'NONE', #2408, #2421, #2963, .T. ) ;
#365 = COLOUR_RGB ( '',1.000000000000000000, 0.8000000000000000400, 0.2000000000000000100 ) ;
#366 = CARTESIAN_POINT ( 'NONE',  ( -0.8700000000000000000, -0.3940134084949900000, 0.5000000000000000000 ) ) ;
#367 = SURFACE_SIDE_STYLE ('',( #3508 ) ) ;
#368 = ORIENTED_EDGE ( 'NONE', *, *, #3608, .T. ) ;
#369 = DIRECTION ( 'NONE',  ( -0.0000000000000000000, -0.0000000000000000000, -1.000000000000000000 ) ) ;
#370 = CARTESIAN_POINT ( 'NONE',  ( 1.699999999999999300, -0.3940134084949900000, 4.700000000000000200 ) ) ;
#371 = PRESENTATION_STYLE_ASSIGNMENT (( #1494 ) ) ;
#372 = SURFACE_STYLE_USAGE ( .BOTH. , #1069 ) ;
#373 = VERTEX_POINT ( 'NONE', #3615 ) ;
#374 = DIRECTION ( 'NONE',  ( -0.0000000000000000000, -0.0000000000000000000, -1.000000000000000000 ) ) ;
#375 = ORIENTED_EDGE ( 'NONE', *, *, #273, .F. ) ;
#376 = AXIS2_PLACEMENT_3D ( 'NONE', #2627, #885, #2919 ) ;
#377 = SURFACE_STYLE_USAGE ( .BOTH. , #2134 ) ;
#378 = ORIENTED_EDGE ( 'NONE', *, *, #2897, .T. ) ;
#379 = DIRECTION ( 'NONE',  ( 1.000000000000000000, 0.0000000000000000000, 0.0000000000000000000 ) ) ;
#380 = DIRECTION ( 'NONE',  ( -1.000000000000000000, -0.0000000000000000000, 0.0000000000000000000 ) ) ;
#381 = VECTOR ( 'NONE', #602, 1000.000000000000000 ) ;
#382 = DIRECTION ( 'NONE',  ( 0.0000000000000000000, 0.0000000000000000000, 1.000000000000000000 ) ) ;
#383 = AXIS2_PLACEMENT_3D ( 'NONE', #1828, #2700, #75 ) ;
#384 = SURFACE_SIDE_STYLE ('',( #1915 ) ) ;
#385 = LINE ( 'NONE', #1895, #2635 ) ;
#386 = FILL_AREA_STYLE_COLOUR ( '', #3261 ) ;
#387 = DIRECTION ( 'NONE',  ( 1.000000000000000000, -0.0000000000000000000, -0.0000000000000000000 ) ) ;
#388 = CARTESIAN_POINT ( 'NONE',  ( -1.246211978382353300, -0.5940134084949900700, 4.699999999999999300 ) ) ;
#389 = PRESENTATION_STYLE_ASSIGNMENT (( #3324 ) ) ;
#390 =( NAMED_UNIT ( * ) PLANE_ANGLE_UNIT ( ) SI_UNIT ( $, .RADIAN. ) );
#391 = ORIENTED_EDGE ( 'NONE', *, *, #2850, .T. ) ;
#392 = ORIENTED_EDGE ( 'NONE', *, *, #1158, .F. ) ;
#393 = STYLED_ITEM ( 'NONE', ( #137 ), #565 ) ;
#394 = AXIS2_PLACEMENT_3D ( 'NONE', #657, #2695, #2125 ) ;
#395 = VERTEX_POINT ( 'NONE', #1641 ) ;
#396 = VECTOR ( 'NONE', #52, 1000.000000000000000 ) ;
#397 = DIRECTION ( 'NONE',  ( 0.0000000000000000000, 0.0000000000000000000, -1.000000000000000000 ) ) ;
#398 = ORIENTED_EDGE ( 'NONE', *, *, #1451, .F. ) ;
#399 = SURFACE_SIDE_STYLE ('',( #79 ) ) ;
#400 = COLOUR_RGB ( '',1.000000000000000000, 0.8000000000000000400, 0.2000000000000000100 ) ;
#401 = CARTESIAN_POINT ( 'NONE',  ( 0.7999999999999999300, 1.200000000000000000, 0.0000000000000000000 ) ) ;
#402 = ORIENTED_EDGE ( 'NONE', *, *, #2264, .F. ) ;
#403 = CARTESIAN_POINT ( 'NONE',  ( -2.399999999999999900, -1.100000000000000100, 6.000000000000000000 ) ) ;
#404 = FILL_AREA_STYLE ('',( #1049 ) ) ;
#405 = SURFACE_SIDE_STYLE ('',( #745 ) ) ;
#406 = VECTOR ( 'NONE', #2260, 1000.000000000000000 ) ;
#407 = FILL_AREA_STYLE ('',( #3603 ) ) ;
#408 = VECTOR ( 'NONE', #3119, 1000.000000000000000 ) ;
#409 = EDGE_CURVE ( 'NONE', #2303, #2088, #1424, .T. ) ;
#410 = EDGE_CURVE ( 'NONE', #3682, #169, #3639, .T. ) ;
#411 = COLOUR_RGB ( '',1.000000000000000000, 0.8000000000000000400, 0.2000000000000000100 ) ;
#412 = EDGE_CURVE ( 'NONE', #464, #866, #2105, .T. ) ;
#413 = EDGE_LOOP ( 'NONE', ( #970, #1921, #1263, #1776, #3591, #2177 ) ) ;
#414 = EDGE_LOOP ( 'NONE', ( #1373, #2559, #1478, #2616 ) ) ;
#415 = DIRECTION ( 'NONE',  ( 1.000000000000000000, 0.0000000000000000000, 0.0000000000000000000 ) ) ;
#416 = CARTESIAN_POINT ( 'NONE',  ( 2.000000000000000000, -0.6999999999999999600, 0.0000000000000000000 ) ) ;
#417 = DIRECTION ( 'NONE',  ( -2.792273763957870000E-016, -1.000000000000000000, 0.0000000000000000000 ) ) ;
#418 = ORIENTED_EDGE ( 'NONE', *, *, #2331, .F. ) ;
#419 = MECHANICAL_DESIGN_GEOMETRIC_PRESENTATION_REPRESENTATION (  '', ( #34 ), #627 ) ;
#420 =( GEOMETRIC_REPRESENTATION_CONTEXT ( 3 ) GLOBAL_UNCERTAINTY_ASSIGNED_CONTEXT ( ( #2358 ) ) GLOBAL_UNIT_ASSIGNED_CONTEXT ( ( #806, #2859, #1103 ) ) REPRESENTATION_CONTEXT ( 'NONE', 'WORKASPACE' ) );
#421 = SURFACE_SIDE_STYLE ('',( #2712 ) ) ;
#422 = CARTESIAN_POINT ( 'NONE',  ( -1.699999999999999700, 0.5999999999999999800, 0.5000000000000000000 ) ) ;
#423 = CIRCLE ( 'NONE', #1418, 0.09999999999999982500 ) ;
#424 = ADVANCED_FACE ( 'NONE', ( #549 ), #800, .F. ) ;
#425 = CARTESIAN_POINT ( 'NONE',  ( -2.499999999999999600, -1.100000000000000100, 6.000000000000000000 ) ) ;
#426 = DIRECTION ( 'NONE',  ( -1.000000000000000000, 0.0000000000000000000, 0.0000000000000000000 ) ) ;
#427 = PRESENTATION_LAYER_ASSIGNMENT (  '', '', ( #3624 ) ) ;
#428 = SURFACE_SIDE_STYLE ('',( #3232 ) ) ;
#429 = UNCERTAINTY_MEASURE_WITH_UNIT (LENGTH_MEASURE( 1.000000000000000100E-005 ), #1365, 'distance_accuracy_value', 'NONE');
#430 = CARTESIAN_POINT ( 'NONE',  ( 2.500000000000000000, 0.9000000000000001300, 5.200000000000001100 ) ) ;
#431 = UNCERTAINTY_MEASURE_WITH_UNIT (LENGTH_MEASURE( 1.000000000000000100E-005 ), #1812, 'distance_accuracy_value', 'NONE');
#432 = FILL_AREA_STYLE_COLOUR ( '', #1656 ) ;
#433 = CARTESIAN_POINT ( 'NONE',  ( 1.700000000000000000, 0.5999999999999999800, 0.0000000000000000000 ) ) ;
#434 = EDGE_CURVE ( 'NONE', #3733, #464, #1734, .T. ) ;
#435 = FACE_OUTER_BOUND ( 'NONE', #1979, .T. ) ;
#436 = CARTESIAN_POINT ( 'NONE',  ( 0.7700000000000000200, -0.5940134084949899600, 1.735299141677320500 ) ) ;
#437 = VECTOR ( 'NONE', #2984, 1000.000000000000000 ) ;
#438 = SURFACE_SIDE_STYLE ('',( #2279 ) ) ;
#439 = ORIENTED_EDGE ( 'NONE', *, *, #3044, .F. ) ;
#440 = CARTESIAN_POINT ( 'NONE',  ( -0.6700000000000000400, -0.3940134084949900000, 0.5000000000000000000 ) ) ;
#441 = ADVANCED_FACE ( 'NONE', ( #2516 ), #2920, .F. ) ;
#442 = STYLED_ITEM ( 'NONE', ( #389 ), #2230 ) ;
#443 = ORIENTED_EDGE ( 'NONE', *, *, #2764, .F. ) ;
#444 = ORIENTED_EDGE ( 'NONE', *, *, #3628, .F. ) ;
#445 =( NAMED_UNIT ( * ) PLANE_ANGLE_UNIT ( ) SI_UNIT ( $, .RADIAN. ) );
#446 =( LENGTH_UNIT ( ) NAMED_UNIT ( * ) SI_UNIT ( .MILLI., .METRE. ) );
#447 = VERTEX_POINT ( 'NONE', #2527 ) ;
#448 = DIRECTION ( 'NONE',  ( -0.0000000000000000000, 0.0000000000000000000, 1.000000000000000000 ) ) ;
#449 = ORIENTED_EDGE ( 'NONE', *, *, #337, .T. ) ;
#450 = CARTESIAN_POINT ( 'NONE',  ( 2.399999999999999900, -1.200000000000000000, 4.400000000000000400 ) ) ;
#451 = SURFACE_STYLE_USAGE ( .BOTH. , #2211 ) ;
#452 = CARTESIAN_POINT ( 'NONE',  ( 2.500000000000000000, -0.9000000000000001300, 5.200000000000001100 ) ) ;
#453 = ORIENTED_EDGE ( 'NONE', *, *, #491, .F. ) ;
#454 = CARTESIAN_POINT ( 'NONE',  ( 0.8700000000000000000, -0.3940134084949898900, 1.744261863100000200 ) ) ;
#455 = STYLED_ITEM ( 'NONE', ( #2983 ), #3399 ) ;
#456 = SURFACE_STYLE_FILL_AREA ( #1784 ) ;
#457 = DIRECTION ( 'NONE',  ( -2.792273763957870000E-016, -1.000000000000000000, -0.0000000000000000000 ) ) ;
#458 = FILL_AREA_STYLE ('',( #2544 ) ) ;
#459 = ORIENTED_EDGE ( 'NONE', *, *, #1480, .T. ) ;
#460 = ADVANCED_FACE ( 'NONE', ( #2241 ), #1182, .T. ) ;
#461 = EDGE_CURVE ( 'NONE', #1514, #1066, #3467, .T. ) ;
#462 = SURFACE_STYLE_FILL_AREA ( #326 ) ;
#463 = EDGE_CURVE ( 'NONE', #2781, #2099, #2031, .T. ) ;
#464 = VERTEX_POINT ( 'NONE', #2370 ) ;
#465 = CARTESIAN_POINT ( 'NONE',  ( -0.8699999999999998800, -0.3940134084949897800, 0.0000000000000000000 ) ) ;
#466 = PRESENTATION_STYLE_ASSIGNMENT (( #2474 ) ) ;
#467 = ORIENTED_EDGE ( 'NONE', *, *, #711, .F. ) ;
#468 = FILL_AREA_STYLE_COLOUR ( '', #2518 ) ;
#469 = DIRECTION ( 'NONE',  ( 1.000000000000000000, 0.0000000000000000000, 0.0000000000000000000 ) ) ;
#470 = DIRECTION ( 'NONE',  ( 1.000000000000000000, 0.0000000000000000000, 0.0000000000000000000 ) ) ;
#471 = FACE_OUTER_BOUND ( 'NONE', #840, .T. ) ;
#472 =( GEOMETRIC_REPRESENTATION_CONTEXT ( 3 ) GLOBAL_UNCERTAINTY_ASSIGNED_CONTEXT ( ( #3256 ) ) GLOBAL_UNIT_ASSIGNED_CONTEXT ( ( #14, #1760, #3496 ) ) REPRESENTATION_CONTEXT ( 'NONE', 'WORKASPACE' ) );
#473 = SURFACE_STYLE_FILL_AREA ( #556 ) ;
#474 =( NAMED_UNIT ( * ) PLANE_ANGLE_UNIT ( ) SI_UNIT ( $, .RADIAN. ) );
#475 = SURFACE_SIDE_STYLE ('',( #2969 ) ) ;
#476 = FILL_AREA_STYLE_COLOUR ( '', #335 ) ;
#477 = UNCERTAINTY_MEASURE_WITH_UNIT (LENGTH_MEASURE( 1.000000000000000100E-005 ), #1340, 'distance_accuracy_value', 'NONE');
#478 = AXIS2_PLACEMENT_3D ( 'NONE', #282, #2329, #583 ) ;
#479 = SURFACE_STYLE_FILL_AREA ( #2275 ) ;
#480 = LINE ( 'NONE', #3522, #974 ) ;
#481 = UNCERTAINTY_MEASURE_WITH_UNIT (LENGTH_MEASURE( 1.000000000000000100E-005 ), #1006, 'distance_accuracy_value', 'NONE');
#482 = DIRECTION ( 'NONE',  ( 0.0000000000000000000, 1.000000000000000000, -0.0000000000000000000 ) ) ;
#483 = CARTESIAN_POINT ( 'NONE',  ( 2.500000000000000000, 0.9000000000000001300, 4.400000000000000400 ) ) ;
#484 = SURFACE_STYLE_USAGE ( .BOTH. , #2240 ) ;
#485 = ADVANCED_FACE ( 'NONE', ( #1156 ), #323, .T. ) ;
#486 = CIRCLE ( 'NONE', #2538, 0.09999999999999982500 ) ;
#487 = PRODUCT_DEFINITION_CONTEXT ( 'detailed design', #3230, 'design' ) ;
#488 = SURFACE_SIDE_STYLE ('',( #9 ) ) ;
#489 = CARTESIAN_POINT ( 'NONE',  ( 0.8700000000000001100, 0.4999865915050100100, 1.744261863100000200 ) ) ;
#490 =( LENGTH_UNIT ( ) NAMED_UNIT ( * ) SI_UNIT ( .MILLI., .METRE. ) );
#491 = EDGE_CURVE ( 'NONE', #3634, #3770, #96, .T. ) ;
#492 = CARTESIAN_POINT ( 'NONE',  ( -0.8700000000000000000, 0.4999865915050100100, 0.5000000000000000000 ) ) ;
#493 = EDGE_CURVE ( 'NONE', #2099, #2104, #881, .T. ) ;
#494 = ORIENTED_EDGE ( 'NONE', *, *, #1001, .T. ) ;
#495 = ORIENTED_EDGE ( 'NONE', *, *, #97, .F. ) ;
#496 = VERTEX_POINT ( 'NONE', #3094 ) ;
#497 = DIRECTION ( 'NONE',  ( 5.584547527915730100E-016, 1.000000000000000000, -0.0000000000000000000 ) ) ;
#498 =( LENGTH_UNIT ( ) NAMED_UNIT ( * ) SI_UNIT ( .MILLI., .METRE. ) );
#499 = ORIENTED_EDGE ( 'NONE', *, *, #669, .T. ) ;
#500 = LINE ( 'NONE', #3526, #2648 ) ;
#501 = ORIENTED_EDGE ( 'NONE', *, *, #618, .F. ) ;
#502 = VECTOR ( 'NONE', #164, 1000.000000000000000 ) ;
#503 = FILL_AREA_STYLE_COLOUR ( '', #1193 ) ;
#504 = PRESENTATION_LAYER_ASSIGNMENT (  '', '', ( #107 ) ) ;
#505 = LINE ( 'NONE', #2551, #3506 ) ;
#506 = CARTESIAN_POINT ( 'NONE',  ( -2.399999999999999900, -1.100000000000000100, 0.0000000000000000000 ) ) ;
#507 =( GEOMETRIC_REPRESENTATION_CONTEXT ( 3 ) GLOBAL_UNCERTAINTY_ASSIGNED_CONTEXT ( ( #3068 ) ) GLOBAL_UNIT_ASSIGNED_CONTEXT ( ( #360, #2407, #665 ) ) REPRESENTATION_CONTEXT ( 'NONE', 'WORKASPACE' ) );
#508 = FILL_AREA_STYLE ('',( #179 ) ) ;
#509 = EDGE_LOOP ( 'NONE', ( #3154, #1099, #2750, #289, #1226, #587 ) ) ;
#510 = DIRECTION ( 'NONE',  ( 1.000000000000000000, 0.0000000000000000000, -0.0000000000000000000 ) ) ;
#511 = COLOUR_RGB ( '',0.2509803921568627400, 0.2509803921568627400, 0.2509803921568627400 ) ;
#512 = VECTOR ( 'NONE', #3561, 1000.000000000000000 ) ;
#513 = PRESENTATION_STYLE_ASSIGNMENT (( #1155 ) ) ;
#514 = ADVANCED_FACE ( 'NONE', ( #3105 ), #3512, .T. ) ;
#515 = LINE ( 'NONE', #1383, #408 ) ;
#516 = MECHANICAL_DESIGN_GEOMETRIC_PRESENTATION_REPRESENTATION (  '', ( #3707 ), #703 ) ;
#517 = ORIENTED_EDGE ( 'NONE', *, *, #1409, .T. ) ;
#518 = SURFACE_STYLE_FILL_AREA ( #1073 ) ;
#519 = ORIENTED_EDGE ( 'NONE', *, *, #620, .T. ) ;
#520 = CARTESIAN_POINT ( 'NONE',  ( -1.900000000000000100, -0.4940134084949899800, 5.200000000000001100 ) ) ;
#521 = SURFACE_SIDE_STYLE ('',( #1882 ) ) ;
#522 = ORIENTED_EDGE ( 'NONE', *, *, #2792, .F. ) ;
#523 = EDGE_CURVE ( 'NONE', #1991, #866, #1286, .T. ) ;
#524 = FILL_AREA_STYLE_COLOUR ( '', #2380 ) ;
#525 = MECHANICAL_DESIGN_GEOMETRIC_PRESENTATION_REPRESENTATION (  '', ( #3714 ), #712 ) ;
#526 = SURFACE_SIDE_STYLE ('',( #479 ) ) ;
#527 = VECTOR ( 'NONE', #2806, 1000.000000000000000 ) ;
#528 = EDGE_LOOP ( 'NONE', ( #2973, #1748, #418, #1863 ) ) ;
#529 = CARTESIAN_POINT ( 'NONE',  ( -1.899999999999999900, 0.4999865915050100100, 0.5000000000000000000 ) ) ;
#530 = CIRCLE ( 'NONE', #1017, 0.09999999999999982500 ) ;
#531 = AXIS2_PLACEMENT_3D ( 'NONE', #1585, #3622, #1890 ) ;
#532 = CARTESIAN_POINT ( 'NONE',  ( 0.7700000000000000200, -0.4940134084949899800, 0.2500000000000000000 ) ) ;
#533 =( LENGTH_UNIT ( ) NAMED_UNIT ( * ) SI_UNIT ( .MILLI., .METRE. ) );
#534 = ADVANCED_FACE ( 'NONE', ( #2848 ), #1085, .T. ) ;
#535 = DIRECTION ( 'NONE',  ( 0.0000000000000000000, 0.0000000000000000000, 1.000000000000000000 ) ) ;
#536 = DIRECTION ( 'NONE',  ( 1.000000000000000000, 0.0000000000000000000, -0.0000000000000000000 ) ) ;
#537 =( NAMED_UNIT ( * ) SI_UNIT ( $, .STERADIAN. ) SOLID_ANGLE_UNIT ( ) );
#538 = PLANE ( 'NONE',  #3249 ) ;
#539 =( NAMED_UNIT ( * ) PLANE_ANGLE_UNIT ( ) SI_UNIT ( $, .RADIAN. ) );
#540 = LINE ( 'NONE', #681, #260 ) ;
#541 = CARTESIAN_POINT ( 'NONE',  ( -1.900000000000000100, -0.3940134084949900000, 5.200000000000001100 ) ) ;
#542 = ORIENTED_EDGE ( 'NONE', *, *, #810, .F. ) ;
#543 = CARTESIAN_POINT ( 'NONE',  ( 0.7999999999999999300, 0.6999999999999999600, 0.0000000000000000000 ) ) ;
#544 = EDGE_CURVE ( 'NONE', #1729, #3285, #2478, .T. ) ;
#545 = VERTEX_POINT ( 'NONE', #1750 ) ;
#546 = LINE ( 'NONE', #1140, #3546 ) ;
#547 = ORIENTED_EDGE ( 'NONE', *, *, #410, .T. ) ;
#548 = FILL_AREA_STYLE ('',( #253 ) ) ;
#549 = FACE_OUTER_BOUND ( 'NONE', #3313, .T. ) ;
#550 = PRESENTATION_STYLE_ASSIGNMENT (( #451 ) ) ;
#551 = DIRECTION ( 'NONE',  ( -1.156482317317870000E-016, 1.000000000000000000, 0.0000000000000000000 ) ) ;
#552 = AXIS2_PLACEMENT_3D ( 'NONE', #76, #705, #3564 ) ;
#553 = DIRECTION ( 'NONE',  ( 0.0000000000000000000, 0.0000000000000000000, 1.000000000000000000 ) ) ;
#554 = AXIS2_PLACEMENT_3D ( 'NONE', #1647, #1067, #1377 ) ;
#555 = FACE_OUTER_BOUND ( 'NONE', #1438, .T. ) ;
#556 = FILL_AREA_STYLE ('',( #2018 ) ) ;
#557 = DIRECTION ( 'NONE',  ( 1.000000000000000000, -3.469446951953610200E-016, -0.0000000000000000000 ) ) ;
#558 = PRESENTATION_LAYER_ASSIGNMENT (  '', '', ( #153 ) ) ;
#559 = VECTOR ( 'NONE', #1288, 1000.000000000000000 ) ;
#560 = UNCERTAINTY_MEASURE_WITH_UNIT (LENGTH_MEASURE( 1.000000000000000100E-005 ), #2298, 'distance_accuracy_value', 'NONE');
#561 = CARTESIAN_POINT ( 'NONE',  ( 0.6700000000000000400, -0.3940134084949900000, 0.5000000000000000000 ) ) ;
#562 = CIRCLE ( 'NONE', #2779, 0.1000000000000000500 ) ;
#563 = COLOUR_RGB ( '',0.2509803921568627400, 0.2509803921568627400, 0.2509803921568627400 ) ;
#564 = ORIENTED_EDGE ( 'NONE', *, *, #1536, .F. ) ;
#565 = ADVANCED_FACE ( 'NONE', ( #922 ), #3398, .T. ) ;
#566 = UNCERTAINTY_MEASURE_WITH_UNIT (LENGTH_MEASURE( 1.000000000000000100E-005 ), #3226, 'distance_accuracy_value', 'NONE');
#567 =( GEOMETRIC_REPRESENTATION_CONTEXT ( 3 ) GLOBAL_UNCERTAINTY_ASSIGNED_CONTEXT ( ( #1121 ) ) GLOBAL_UNIT_ASSIGNED_CONTEXT ( ( #1052, #3083, #1351 ) ) REPRESENTATION_CONTEXT ( 'NONE', 'WORKASPACE' ) );
#568 = CARTESIAN_POINT ( 'NONE',  ( 1.700000000000000000, 0.4999865915050100100, 4.700000000000000200 ) ) ;
#569 = VECTOR ( 'NONE', #607, 1000.000000000000000 ) ;
#570 = ORIENTED_EDGE ( 'NONE', *, *, #3412, .F. ) ;
#571 = DIRECTION ( 'NONE',  ( 0.0000000000000000000, 0.0000000000000000000, 1.000000000000000000 ) ) ;
#572 = CARTESIAN_POINT ( 'NONE',  ( -0.7700000000000000200, -0.5940134084949899600, 1.735299141677330000 ) ) ;
#573 = EDGE_CURVE ( 'NONE', #3610, #166, #649, .T. ) ;
#574 = VERTEX_POINT ( 'NONE', #2435 ) ;
#575 = DIRECTION ( 'NONE',  ( -1.776356839400249700E-015, 0.0000000000000000000, 1.000000000000000000 ) ) ;
#576 = SURFACE_STYLE_FILL_AREA ( #1767 ) ;
#577 = LINE ( 'NONE', #492, #2815 ) ;
#578 = VECTOR ( 'NONE', #1455, 1000.000000000000000 ) ;
#579 = SURFACE_STYLE_FILL_AREA ( #1814 ) ;
#580 = CARTESIAN_POINT ( 'NONE',  ( 1.899999999999999900, 0.5999999999999999800, 0.0000000000000000000 ) ) ;
#581 = STYLED_ITEM ( 'NONE', ( #3079 ), #2307 ) ;
#582 = AXIS2_PLACEMENT_3D ( 'NONE', #580, #2619, #870 ) ;
#583 = DIRECTION ( 'NONE',  ( 0.0000000000000000000, 0.0000000000000000000, 1.000000000000000000 ) ) ;
#584 = FILL_AREA_STYLE_COLOUR ( '', #53 ) ;
#585 = DIRECTION ( 'NONE',  ( -1.734723475976810100E-015, -2.692855067655530100E-031, 1.000000000000000000 ) ) ;
#586 = DIRECTION ( 'NONE',  ( 0.0000000000000000000, 0.0000000000000000000, 1.000000000000000000 ) ) ;
#587 = ORIENTED_EDGE ( 'NONE', *, *, #3022, .T. ) ;
#588 = CARTESIAN_POINT ( 'NONE',  ( -0.8700000000000001100, 0.4999865915050100100, 1.744261863100000200 ) ) ;
#589 = ORIENTED_EDGE ( 'NONE', *, *, #364, .T. ) ;
#590 = COLOUR_RGB ( '',1.000000000000000000, 0.8000000000000000400, 0.2000000000000000100 ) ;
#591 = EDGE_LOOP ( 'NONE', ( #2794, #227, #1387, #2715, #2880, #2229, #1175, #1546, #910, #1847 ) ) ;
#592 = PRESENTATION_LAYER_ASSIGNMENT (  '', '', ( #2 ) ) ;
#593 = SURFACE_STYLE_USAGE ( .BOTH. , #2342 ) ;
#594 = DIRECTION ( 'NONE',  ( 1.000000000000000000, 0.0000000000000000000, 0.0000000000000000000 ) ) ;
#595 = DIRECTION ( 'NONE',  ( -0.0000000000000000000, -0.0000000000000000000, -1.000000000000000000 ) ) ;
#596 = ORIENTED_EDGE ( 'NONE', *, *, #3606, .T. ) ;
#597 = ORIENTED_EDGE ( 'NONE', *, *, #544, .F. ) ;
#598 = VECTOR ( 'NONE', #1687, 1000.000000000000000 ) ;
#599 = VERTEX_POINT ( 'NONE', #3317 ) ;
#600 = LINE ( 'NONE', #2321, #2150 ) ;
#601 = STYLED_ITEM ( 'NONE', ( #2602 ), #1956 ) ;
#602 = DIRECTION ( 'NONE',  ( -0.0000000000000000000, 1.000000000000000000, 0.0000000000000000000 ) ) ;
#603 = DIRECTION ( 'NONE',  ( 1.000000000000000000, 0.0000000000000000000, -0.0000000000000000000 ) ) ;
#604 = VERTEX_POINT ( 'NONE', #1561 ) ;
#605 = AXIS2_PLACEMENT_3D ( 'NONE', #1559, #1054, #3592 ) ;
#606 = UNCERTAINTY_MEASURE_WITH_UNIT (LENGTH_MEASURE( 1.000000000000000100E-005 ), #3665, 'distance_accuracy_value', 'NONE');
#607 = DIRECTION ( 'NONE',  ( -1.503237524740434500E-016, 1.000000000000000000, -2.716441106629796800E-017 ) ) ;
#608 =( NAMED_UNIT ( * ) PLANE_ANGLE_UNIT ( ) SI_UNIT ( $, .RADIAN. ) );
#609 = CARTESIAN_POINT ( 'NONE',  ( -0.7699999999999998000, -0.5940134084949899600, 1.735299141677329100 ) ) ;
#610 = ORIENTED_EDGE ( 'NONE', *, *, #1405, .T. ) ;
#611 =( NAMED_UNIT ( * ) SI_UNIT ( $, .STERADIAN. ) SOLID_ANGLE_UNIT ( ) );
#612 = ORIENTED_EDGE ( 'NONE', *, *, #1279, .T. ) ;
#613 =( NAMED_UNIT ( * ) SI_UNIT ( $, .STERADIAN. ) SOLID_ANGLE_UNIT ( ) );
#614 = LINE ( 'NONE', #3352, #1394 ) ;
#615 = ORIENTED_EDGE ( 'NONE', *, *, #810, .T. ) ;
#616 = CARTESIAN_POINT ( 'NONE',  ( -0.7999999999999999300, -1.200000000000000000, 0.0000000000000000000 ) ) ;
#617 = LINE ( 'NONE', #2964, #2090 ) ;
#618 = EDGE_CURVE ( 'NONE', #653, #2057, #3645, .T. ) ;
#619 = CARTESIAN_POINT ( 'NONE',  ( -0.6699999999999999300, -0.3940134084949898900, 0.5000000000000000000 ) ) ;
#620 = EDGE_CURVE ( 'NONE', #1770, #2914, #2885, .T. ) ;
#621 = CARTESIAN_POINT ( 'NONE',  ( 0.0000000000000000000, 0.0000000000000000000, 0.0000000000000000000 ) ) ;
#622 = EDGE_CURVE ( 'NONE', #395, #3285, #1434, .T. ) ;
#623 = PRESENTATION_STYLE_ASSIGNMENT (( #1450 ) ) ;
#624 = PRESENTATION_STYLE_ASSIGNMENT (( #1572 ) ) ;
#625 =( NAMED_UNIT ( * ) PLANE_ANGLE_UNIT ( ) SI_UNIT ( $, .RADIAN. ) );
#626 = FILL_AREA_STYLE_COLOUR ( '', #200 ) ;
#627 =( GEOMETRIC_REPRESENTATION_CONTEXT ( 3 ) GLOBAL_UNCERTAINTY_ASSIGNED_CONTEXT ( ( #1547 ) ) GLOBAL_UNIT_ASSIGNED_CONTEXT ( ( #490, #960, #1251 ) ) REPRESENTATION_CONTEXT ( 'NONE', 'WORKASPACE' ) );
#628 = FILL_AREA_STYLE ('',( #322 ) ) ;
#629 = STYLED_ITEM ( 'NONE', ( #3151 ), #2566 ) ;
#630 = AXIS2_PLACEMENT_3D ( 'NONE', #2976, #1229, #3258 ) ;
#631 = SURFACE_STYLE_USAGE ( .BOTH. , #2375 ) ;
#632 = DIRECTION ( 'NONE',  ( -0.0000000000000000000, -0.0000000000000000000, -1.000000000000000000 ) ) ;
#633 = LINE ( 'NONE', #1369, #1415 ) ;
#634 = MECHANICAL_DESIGN_GEOMETRIC_PRESENTATION_REPRESENTATION (  '', ( #3624 ), #830 ) ;
#635 = ORIENTED_EDGE ( 'NONE', *, *, #1810, .F. ) ;
#636 = DIRECTION ( 'NONE',  ( 1.000000000000000000, 0.0000000000000000000, -0.0000000000000000000 ) ) ;
#637 = ORIENTED_EDGE ( 'NONE', *, *, #1203, .F. ) ;
#638 = SURFACE_STYLE_FILL_AREA ( #1247 ) ;
#639 = ORIENTED_EDGE ( 'NONE', *, *, #1913, .F. ) ;
#640 = CARTESIAN_POINT ( 'NONE',  ( 0.7999999999999999300, 0.6999999999999999600, 6.000000000000000900 ) ) ;
#641 = EDGE_CURVE ( 'NONE', #1543, #1176, #1325, .T. ) ;
#642 = ORIENTED_EDGE ( 'NONE', *, *, #491, .T. ) ;
#643 = PRESENTATION_STYLE_ASSIGNMENT (( #710 ) ) ;
#644 = VECTOR ( 'NONE', #1964, 1000.000000000000000 ) ;
#645 = LINE ( 'NONE', #440, #917 ) ;
#646 = LINE ( 'NONE', #1711, #2198 ) ;
#647 =( LENGTH_UNIT ( ) NAMED_UNIT ( * ) SI_UNIT ( .MILLI., .METRE. ) );
#648 = PRESENTATION_STYLE_ASSIGNMENT (( #1961 ) ) ;
#649 = LINE ( 'NONE', #3621, #2201 ) ;
#650 = AXIS2_PLACEMENT_3D ( 'NONE', #2169, #415, #2465 ) ;
#651 = DIRECTION ( 'NONE',  ( -1.000000000000000000, -0.0000000000000000000, 0.0000000000000000000 ) ) ;
#652 = LINE ( 'NONE', #3435, #2110 ) ;
#653 = VERTEX_POINT ( 'NONE', #2503 ) ;
#654 = STYLED_ITEM ( 'NONE', ( #237 ), #1086 ) ;
#655 = UNCERTAINTY_MEASURE_WITH_UNIT (LENGTH_MEASURE( 1.000000000000000100E-005 ), #2952, 'distance_accuracy_value', 'NONE');
#656 = STYLED_ITEM ( 'NONE', ( #1047 ), #845 ) ;
#657 = CARTESIAN_POINT ( 'NONE',  ( 2.399999999999999900, 1.100000000000000100, 0.0000000000000000000 ) ) ;
#658 = LINE ( 'NONE', #2642, #2117 ) ;
#659 = CARTESIAN_POINT ( 'NONE',  ( 0.8700000000000000000, -0.3940134084949900000, 1.744261863100000200 ) ) ;
#660 = VERTEX_POINT ( 'NONE', #1029 ) ;
#661 = DIRECTION ( 'NONE',  ( -1.000000000000000000, -0.0000000000000000000, 0.0000000000000000000 ) ) ;
#662 = DIRECTION ( 'NONE',  ( 1.000000000000000000, 0.0000000000000000000, 0.0000000000000000000 ) ) ;
#663 = SURFACE_STYLE_USAGE ( .BOTH. , #673 ) ;
#664 = DIRECTION ( 'NONE',  ( 1.000000000000000000, 0.0000000000000000000, 0.0000000000000000000 ) ) ;
#665 =( NAMED_UNIT ( * ) SI_UNIT ( $, .STERADIAN. ) SOLID_ANGLE_UNIT ( ) );
#666 = AXIS2_PLACEMENT_3D ( 'NONE', #2937, #1189, #3216 ) ;
#667 = PLANE ( 'NONE',  #791 ) ;
#668 = EDGE_CURVE ( 'NONE', #3136, #1693, #3463, .T. ) ;
#669 = EDGE_CURVE ( 'NONE', #1693, #496, #3537, .T. ) ;
#670 =( LENGTH_UNIT ( ) NAMED_UNIT ( * ) SI_UNIT ( .MILLI., .METRE. ) );
#671 = CARTESIAN_POINT ( 'NONE',  ( -1.699999999999999700, 0.5999999999999999800, 0.0000000000000000000 ) ) ;
#672 = CARTESIAN_POINT ( 'NONE',  ( 0.7999999999999999300, 1.200000000000000000, 6.000000000000000900 ) ) ;
#673 = SURFACE_SIDE_STYLE ('',( #1548 ) ) ;
#674 = CARTESIAN_POINT ( 'NONE',  ( -0.7699999999999998000, -0.5940134084949899600, 1.735299141677329100 ) ) ;
#675 =( NAMED_UNIT ( * ) PLANE_ANGLE_UNIT ( ) SI_UNIT ( $, .RADIAN. ) );
#676 = CIRCLE ( 'NONE', #3053, 0.1000000000000000500 ) ;
#677 = ORIENTED_EDGE ( 'NONE', *, *, #223, .F. ) ;
#678 = STYLED_ITEM ( 'NONE', ( #142 ), #1699 ) ;
#679 = CARTESIAN_POINT ( 'NONE',  ( 2.500000000000000000, -0.9000000000000001300, 5.200000000000001100 ) ) ;
#680 = ORIENTED_EDGE ( 'NONE', *, *, #3437, .F. ) ;
#681 = CARTESIAN_POINT ( 'NONE',  ( 1.899999999999999900, -0.5940134084949899600, 5.200000000000001100 ) ) ;
#682 = ORIENTED_EDGE ( 'NONE', *, *, #2173, .T. ) ;
#683 = AXIS2_PLACEMENT_3D ( 'NONE', #270, #2323, #575 ) ;
#684 = VERTEX_POINT ( 'NONE', #3648 ) ;
#685 = COLOUR_RGB ( '',1.000000000000000000, 0.8000000000000000400, 0.2000000000000000100 ) ;
#686 = VECTOR ( 'NONE', #2826, 1000.000000000000000 ) ;
#687 = ORIENTED_EDGE ( 'NONE', *, *, #1248, .F. ) ;
#688 = EDGE_CURVE ( 'NONE', #1095, #1990, #3554, .T. ) ;
#689 = EDGE_CURVE ( 'NONE', #599, #1161, #2793, .T. ) ;
#690 =( LENGTH_UNIT ( ) NAMED_UNIT ( * ) SI_UNIT ( .MILLI., .METRE. ) );
#691 = VECTOR ( 'NONE', #3683, 1000.000000000000000 ) ;
#692 = ORIENTED_EDGE ( 'NONE', *, *, #2766, .F. ) ;
#693 = SURFACE_SIDE_STYLE ('',( #1135 ) ) ;
#694 = CARTESIAN_POINT ( 'NONE',  ( -2.399999999999999900, 1.199999999999999700, 4.400000000000000400 ) ) ;
#695 = CARTESIAN_POINT ( 'NONE',  ( -1.204119754421039800, -0.4940134084949899800, 4.700000000000001100 ) ) ;
#696 = COLOUR_RGB ( '',0.2509803921568627400, 0.2509803921568627400, 0.2509803921568627400 ) ;
#697 = VERTEX_POINT ( 'NONE', #425 ) ;
#698 = MECHANICAL_DESIGN_GEOMETRIC_PRESENTATION_REPRESENTATION (  '', ( #107 ), #897 ) ;
#699 = ORIENTED_EDGE ( 'NONE', *, *, #1788, .T. ) ;
#700 = VERTEX_POINT ( 'NONE', #2209 ) ;
#701 =( LENGTH_UNIT ( ) NAMED_UNIT ( * ) SI_UNIT ( .MILLI., .METRE. ) );
#702 = CARTESIAN_POINT ( 'NONE',  ( 1.800000000000000300, -0.4940134084949899800, 5.200000000000001100 ) ) ;
#703 =( GEOMETRIC_REPRESENTATION_CONTEXT ( 3 ) GLOBAL_UNCERTAINTY_ASSIGNED_CONTEXT ( ( #2092 ) ) GLOBAL_UNIT_ASSIGNED_CONTEXT ( ( #1707, #3735, #2008 ) ) REPRESENTATION_CONTEXT ( 'NONE', 'WORKASPACE' ) );
#704 = DIRECTION ( 'NONE',  ( 1.000000000000000000, 0.0000000000000000000, 0.0000000000000000000 ) ) ;
#705 = DIRECTION ( 'NONE',  ( 0.9840619558467425000, -1.527584229640260800E-016, -0.1778259459558250400 ) ) ;
#706 = LINE ( 'NONE', #3162, #3715 ) ;
#707 = LINE ( 'NONE', #35, #1488 ) ;
#708 = LINE ( 'NONE', #401, #803 ) ;
#709 =( LENGTH_UNIT ( ) NAMED_UNIT ( * ) SI_UNIT ( .MILLI., .METRE. ) );
#710 = SURFACE_STYLE_USAGE ( .BOTH. , #2457 ) ;
#711 = EDGE_CURVE ( 'NONE', #280, #2289, #1931, .T. ) ;
#712 =( GEOMETRIC_REPRESENTATION_CONTEXT ( 3 ) GLOBAL_UNCERTAINTY_ASSIGNED_CONTEXT ( ( #3651 ) ) GLOBAL_UNIT_ASSIGNED_CONTEXT ( ( #2892, #1145, #3168 ) ) REPRESENTATION_CONTEXT ( 'NONE', 'WORKASPACE' ) );
#713 = SURFACE_SIDE_STYLE ('',( #3584 ) ) ;
#714 = FACE_OUTER_BOUND ( 'NONE', #2515, .T. ) ;
#715 = FILL_AREA_STYLE_COLOUR ( '', #2637 ) ;
#716 = DIRECTION ( 'NONE',  ( 0.0000000000000000000, 0.0000000000000000000, -1.000000000000000000 ) ) ;
#717 = UNCERTAINTY_MEASURE_WITH_UNIT (LENGTH_MEASURE( 1.000000000000000100E-005 ), #1740, 'distance_accuracy_value', 'NONE');
#718 = CARTESIAN_POINT ( 'NONE',  ( -2.500000000000000000, 1.100000000000000100, 4.400000000000000400 ) ) ;
#719 = PRESENTATION_LAYER_ASSIGNMENT (  '', '', ( #319 ) ) ;
#720 =( LENGTH_UNIT ( ) NAMED_UNIT ( * ) SI_UNIT ( .MILLI., .METRE. ) );
#721 = VERTEX_POINT ( 'NONE', #436 ) ;
#722 = STYLED_ITEM ( 'NONE', ( #1278 ), #771 ) ;
#723 = EDGE_LOOP ( 'NONE', ( #2639, #2924, #2284, #3040 ) ) ;
#724 = VECTOR ( 'NONE', #931, 1000.000000000000000 ) ;
#725 = EDGE_LOOP ( 'NONE', ( #1287, #2625, #3549, #3679, #3497 ) ) ;
#726 = CARTESIAN_POINT ( 'NONE',  ( -0.8699999999999997700, -0.3940134084949897800, 0.5000000000000000000 ) ) ;
#727 = DIRECTION ( 'NONE',  ( -1.000000000000000000, 0.0000000000000000000, 0.0000000000000000000 ) ) ;
#728 =( LENGTH_UNIT ( ) NAMED_UNIT ( * ) SI_UNIT ( .MILLI., .METRE. ) );
#729 = VERTEX_POINT ( 'NONE', #1019 ) ;
#730 = LINE ( 'NONE', #1568, #2962 ) ;
#731 = CARTESIAN_POINT ( 'NONE',  ( 2.399999999999999900, -1.100000000000000100, 0.0000000000000000000 ) ) ;
#732 = SURFACE_STYLE_FILL_AREA ( #508 ) ;
#733 = DIRECTION ( 'NONE',  ( -0.0000000000000000000, -0.0000000000000000000, -1.000000000000000000 ) ) ;
#734 = FACE_OUTER_BOUND ( 'NONE', #231, .T. ) ;
#735 = ADVANCED_FACE ( 'NONE', ( #2614 ), #158, .T. ) ;
#736 = EDGE_CURVE ( 'NONE', #3006, #2561, #778, .T. ) ;
#737 = ORIENTED_EDGE ( 'NONE', *, *, #3489, .T. ) ;
#738 = CARTESIAN_POINT ( 'NONE',  ( -1.700000000000000000, -0.3940134084949900000, 0.0000000000000000000 ) ) ;
#739 =( LENGTH_UNIT ( ) NAMED_UNIT ( * ) SI_UNIT ( .MILLI., .METRE. ) );
#740 = DIRECTION ( 'NONE',  ( 1.000000000000000000, -0.0000000000000000000, 0.0000000000000000000 ) ) ;
#741 = ORIENTED_EDGE ( 'NONE', *, *, #2070, .F. ) ;
#742 = PRESENTATION_LAYER_ASSIGNMENT (  '', '', ( #341 ) ) ;
#743 = MECHANICAL_DESIGN_GEOMETRIC_PRESENTATION_REPRESENTATION (  '', ( #343 ), #939 ) ;
#744 =( NAMED_UNIT ( * ) SI_UNIT ( $, .STERADIAN. ) SOLID_ANGLE_UNIT ( ) );
#745 = SURFACE_STYLE_FILL_AREA ( #2162 ) ;
#746 = MECHANICAL_DESIGN_GEOMETRIC_PRESENTATION_REPRESENTATION (  '', ( #153 ), #940 ) ;
#747 = CARTESIAN_POINT ( 'NONE',  ( 2.775557561562889900E-016, 0.9000000000000001300, 4.599999999999999600 ) ) ;
#748 = FACE_OUTER_BOUND ( 'NONE', #1875, .T. ) ;
#749 = FACE_OUTER_BOUND ( 'NONE', #1578, .T. ) ;
#750 =( NAMED_UNIT ( * ) PLANE_ANGLE_UNIT ( ) SI_UNIT ( $, .RADIAN. ) );
#751 = DIRECTION ( 'NONE',  ( 0.0000000000000000000, -1.301042606982610000E-016, 1.000000000000000000 ) ) ;
#752 = ADVANCED_FACE ( 'NONE', ( #7 ), #2399, .T. ) ;
#753 = CARTESIAN_POINT ( 'NONE',  ( -0.8700000000000001100, 0.4999865915050100100, 0.5000000000000000000 ) ) ;
#754 = SURFACE_SIDE_STYLE ('',( #1269 ) ) ;
#755 = EDGE_CURVE ( 'NONE', #969, #3452, #2742, .T. ) ;
#756 = VERTEX_POINT ( 'NONE', #1234 ) ;
#757 = UNCERTAINTY_MEASURE_WITH_UNIT (LENGTH_MEASURE( 1.000000000000000100E-005 ), #2630, 'distance_accuracy_value', 'NONE');
#758 =( NAMED_UNIT ( * ) PLANE_ANGLE_UNIT ( ) SI_UNIT ( $, .RADIAN. ) );
#759 = CARTESIAN_POINT ( 'NONE',  ( 2.775557561562889900E-016, 0.6999999999999999600, 4.599999999999999600 ) ) ;
#760 = ORIENTED_EDGE ( 'NONE', *, *, #2957, .T. ) ;
#761 = FILL_AREA_STYLE ('',( #468 ) ) ;
#762 = PLANE ( 'NONE',  #2455 ) ;
#763 = AXIS2_PLACEMENT_3D ( 'NONE', #2237, #482, #2535 ) ;
#764 = ORIENTED_EDGE ( 'NONE', *, *, #3333, .F. ) ;
#765 = DIRECTION ( 'NONE',  ( -1.000000000000000000, 1.156482317317870000E-016, 0.0000000000000000000 ) ) ;
#766 = ORIENTED_EDGE ( 'NONE', *, *, #1056, .T. ) ;
#767 = AXIS2_PLACEMENT_3D ( 'NONE', #13, #2060, #297 ) ;
#768 =( LENGTH_UNIT ( ) NAMED_UNIT ( * ) SI_UNIT ( .MILLI., .METRE. ) );
#769 = ORIENTED_EDGE ( 'NONE', *, *, #293, .T. ) ;
#770 = SURFACE_STYLE_FILL_AREA ( #1909 ) ;
#771 = ADVANCED_FACE ( 'NONE', ( #1981 ), #1825, .F. ) ;
#772 = VECTOR ( 'NONE', #2522, 1000.000000000000000 ) ;
#773 = ORIENTED_EDGE ( 'NONE', *, *, #273, .T. ) ;
#774 = CYLINDRICAL_SURFACE ( 'NONE', #3339, 0.1000000000000000500 ) ;
#775 = DIRECTION ( 'NONE',  ( 0.1778259459558250200, -0.0000000000000000000, -0.9840619558467422800 ) ) ;
#776 = DIRECTION ( 'NONE',  ( 1.503237524740434500E-016, -1.000000000000000000, 2.716441106629796800E-017 ) ) ;
#777 = CARTESIAN_POINT ( 'NONE',  ( 0.8700000000000000000, -0.3940134084949898900, 0.5000000000000000000 ) ) ;
#778 = LINE ( 'NONE', #3513, #3362 ) ;
#779 = CARTESIAN_POINT ( 'NONE',  ( 1.700000000000000000, 0.6000000000000000900, 0.5000000000000000000 ) ) ;
#780 =( NAMED_UNIT ( * ) PLANE_ANGLE_UNIT ( ) SI_UNIT ( $, .RADIAN. ) );
#781 = PRESENTATION_STYLE_ASSIGNMENT (( #2540 ) ) ;
#782 = ORIENTED_EDGE ( 'NONE', *, *, #1668, .T. ) ;
#783 =( LENGTH_UNIT ( ) NAMED_UNIT ( * ) SI_UNIT ( .MILLI., .METRE. ) );
#784 = MECHANICAL_DESIGN_GEOMETRIC_PRESENTATION_REPRESENTATION (  '', ( #2 ), #972 ) ;
#785 = FILL_AREA_STYLE_COLOUR ( '', #685 ) ;
#786 = PRESENTATION_STYLE_ASSIGNMENT (( #1941 ) ) ;
#787 = CARTESIAN_POINT ( 'NONE',  ( 2.399999999999999900, 1.100000000000000100, 0.0000000000000000000 ) ) ;
#788 = CARTESIAN_POINT ( 'NONE',  ( -1.305739372378889300, -0.5940134084949899600, 4.699999999999999300 ) ) ;
#789 = ORIENTED_EDGE ( 'NONE', *, *, #544, .T. ) ;
#790 = ORIENTED_EDGE ( 'NONE', *, *, #1472, .T. ) ;
#791 = AXIS2_PLACEMENT_3D ( 'NONE', #679, #2720, #968 ) ;
#792 = CARTESIAN_POINT ( 'NONE',  ( 1.899999999999999900, 0.5999999999999999800, 0.5000000000000000000 ) ) ;
#793 =( NAMED_UNIT ( * ) SI_UNIT ( $, .STERADIAN. ) SOLID_ANGLE_UNIT ( ) );
#794 = VERTEX_POINT ( 'NONE', #3626 ) ;
#795 = DIRECTION ( 'NONE',  ( -1.000000000000000000, -0.0000000000000000000, 0.0000000000000000000 ) ) ;
#796 = SURFACE_SIDE_STYLE ('',( #2253 ) ) ;
#797 = ADVANCED_FACE ( 'NONE', ( #1697 ), #1894, .T. ) ;
#798 = FILL_AREA_STYLE ('',( #1662 ) ) ;
#799 = PRESENTATION_LAYER_ASSIGNMENT (  '', '', ( #393 ) ) ;
#800 = PLANE ( 'NONE',  #2706 ) ;
#801 = CARTESIAN_POINT ( 'NONE',  ( 0.6700000000000000400, 0.4999865915050102400, 1.744261863100000900 ) ) ;
#802 = VECTOR ( 'NONE', #2022, 1000.000000000000000 ) ;
#803 = VECTOR ( 'NONE', #2746, 1000.000000000000000 ) ;
#804 = FILL_AREA_STYLE_COLOUR ( '', #3235 ) ;
#805 = CARTESIAN_POINT ( 'NONE',  ( 1.700000000000000000, 0.4999865915050100100, 0.0000000000000000000 ) ) ;
#806 =( LENGTH_UNIT ( ) NAMED_UNIT ( * ) SI_UNIT ( .MILLI., .METRE. ) );
#807 = DIRECTION ( 'NONE',  ( 1.000000000000000000, -0.0000000000000000000, -1.734723475976810100E-015 ) ) ;
#808 = EDGE_CURVE ( 'NONE', #1795, #2997, #645, .T. ) ;
#809 =( LENGTH_UNIT ( ) NAMED_UNIT ( * ) SI_UNIT ( .MILLI., .METRE. ) );
#810 = EDGE_CURVE ( 'NONE', #1693, #721, #1425, .T. ) ;
#811 = VECTOR ( 'NONE', #1604, 1000.000000000000000 ) ;
#812 = EDGE_CURVE ( 'NONE', #2577, #1012, #3641, .T. ) ;
#813 = ADVANCED_FACE ( 'NONE', ( #2195 ), #1904, .F. ) ;
#814 = ORIENTED_EDGE ( 'NONE', *, *, #1536, .T. ) ;
#815 = DIRECTION ( 'NONE',  ( 0.0000000000000000000, 1.000000000000000000, 0.0000000000000000000 ) ) ;
#816 = ORIENTED_EDGE ( 'NONE', *, *, #865, .F. ) ;
#817 = FILL_AREA_STYLE ('',( #3420 ) ) ;
#818 = ORIENTED_EDGE ( 'NONE', *, *, #999, .F. ) ;
#819 =( NAMED_UNIT ( * ) SI_UNIT ( $, .STERADIAN. ) SOLID_ANGLE_UNIT ( ) );
#820 = PRESENTATION_LAYER_ASSIGNMENT (  '', '', ( #629 ) ) ;
#821 = CYLINDRICAL_SURFACE ( 'NONE', #2294, 0.1000000000000000500 ) ;
#822 = CARTESIAN_POINT ( 'NONE',  ( -0.6352380504718689900, -0.4940134084949899800, 0.9895468448819200200 ) ) ;
#823 = AXIS2_PLACEMENT_3D ( 'NONE', #330, #2381, #636 ) ;
#824 = VERTEX_POINT ( 'NONE', #147 ) ;
#825 = VECTOR ( 'NONE', #2935, 1000.000000000000000 ) ;
#826 = CARTESIAN_POINT ( 'NONE',  ( 0.0000000000000000000, 1.200000000000000000, 6.000000000000000000 ) ) ;
#827 = VECTOR ( 'NONE', #2813, 1000.000000000000000 ) ;
#828 = FILL_AREA_STYLE_COLOUR ( '', #2747 ) ;
#829 = SURFACE_STYLE_FILL_AREA ( #3134 ) ;
#830 =( GEOMETRIC_REPRESENTATION_CONTEXT ( 3 ) GLOBAL_UNCERTAINTY_ASSIGNED_CONTEXT ( ( #3142 ) ) GLOBAL_UNIT_ASSIGNED_CONTEXT ( ( #2752, #997, #3033 ) ) REPRESENTATION_CONTEXT ( 'NONE', 'WORKASPACE' ) );
#831 = CARTESIAN_POINT ( 'NONE',  ( 2.500000000000000000, 0.9000000000000001300, 5.200000000000001100 ) ) ;
#832 = VECTOR ( 'NONE', #2623, 1000.000000000000100 ) ;
#833 = ORIENTED_EDGE ( 'NONE', *, *, #51, .T. ) ;
#834 = DIRECTION ( 'NONE',  ( 1.503237524740434500E-016, 1.000000000000000000, -2.716441106629796800E-017 ) ) ;
#835 = PLANE ( 'NONE',  #2968 ) ;
#836 = EDGE_CURVE ( 'NONE', #756, #2372, #2607, .T. ) ;
#837 = CARTESIAN_POINT ( 'NONE',  ( 1.899999999999999900, -0.5940134084949899600, 0.5000000000000000000 ) ) ;
#838 = UNCERTAINTY_MEASURE_WITH_UNIT (LENGTH_MEASURE( 1.000000000000000100E-005 ), #303, 'distance_accuracy_value', 'NONE');
#839 = CARTESIAN_POINT ( 'NONE',  ( -1.899999999999999900, 0.5999999999999999800, 5.200000000000001100 ) ) ;
#840 = EDGE_LOOP ( 'NONE', ( #687, #37, #1914, #2157, #3177, #2525, #56, #2564 ) ) ;
#841 = UNCERTAINTY_MEASURE_WITH_UNIT (LENGTH_MEASURE( 1.000000000000000100E-005 ), #3673, 'distance_accuracy_value', 'NONE');
#842 = SURFACE_STYLE_USAGE ( .BOTH. , #2591 ) ;
#843 = PRESENTATION_LAYER_ASSIGNMENT (  '', '', ( #442 ) ) ;
#844 = PRESENTATION_STYLE_ASSIGNMENT (( #377 ) ) ;
#845 = ADVANCED_FACE ( 'NONE', ( #274 ), #3664, .T. ) ;
#846 = AXIS2_PLACEMENT_3D ( 'NONE', #3416, #1685, #3720 ) ;
#847 = LINE ( 'NONE', #1118, #2315 ) ;
#848 = CARTESIAN_POINT ( 'NONE',  ( 1.204119754421040500, 0.4999865915050104600, 4.700000000000001100 ) ) ;
#849 = SURFACE_STYLE_USAGE ( .BOTH. , #2595 ) ;
#850 = FILL_AREA_STYLE ('',( #3448 ) ) ;
#851 = AXIS2_PLACEMENT_3D ( 'NONE', #3076, #1343, #3363 ) ;
#852 = SURFACE_STYLE_FILL_AREA ( #458 ) ;
#853 = FACE_OUTER_BOUND ( 'NONE', #3104, .T. ) ;
#854 = FACE_OUTER_BOUND ( 'NONE', #2382, .T. ) ;
#855 = DIRECTION ( 'NONE',  ( -0.0000000000000000000, -1.000000000000000000, -0.0000000000000000000 ) ) ;
#856 = FILL_AREA_STYLE_COLOUR ( '', #3071 ) ;
#857 = LINE ( 'NONE', #3107, #2403 ) ;
#858 = FILL_AREA_STYLE ('',( #2029 ) ) ;
#859 = PRESENTATION_LAYER_ASSIGNMENT (  '', '', ( #455 ) ) ;
#860 = SURFACE_STYLE_USAGE ( .BOTH. , #2611 ) ;
#861 = PLANE ( 'NONE',  #3431 ) ;
#862 = ORIENTED_EDGE ( 'NONE', *, *, #2897, .F. ) ;
#863 = FILL_AREA_STYLE_COLOUR ( '', #3616 ) ;
#864 = EDGE_CURVE ( 'NONE', #373, #1795, #3003, .T. ) ;
#865 = EDGE_CURVE ( 'NONE', #3140, #2389, #1, .T. ) ;
#866 = VERTEX_POINT ( 'NONE', #3109 ) ;
#867 = PRESENTATION_STYLE_ASSIGNMENT (( #2449 ) ) ;
#868 = EDGE_LOOP ( 'NONE', ( #2153, #3472, #2960, #1602 ) ) ;
#869 = ORIENTED_EDGE ( 'NONE', *, *, #2206, .F. ) ;
#870 = DIRECTION ( 'NONE',  ( -1.000000000000000000, 3.469446951953610200E-016, 0.0000000000000000000 ) ) ;
#871 = VECTOR ( 'NONE', #3342, 1000.000000000000000 ) ;
#872 = STYLED_ITEM ( 'NONE', ( #371 ), #485 ) ;
#873 = VERTEX_POINT ( 'NONE', #1372 ) ;
#874 = DIRECTION ( 'NONE',  ( -0.0000000000000000000, 1.000000000000000000, 0.0000000000000000000 ) ) ;
#875 = COLOUR_RGB ( '',1.000000000000000000, 0.8000000000000000400, 0.2000000000000000100 ) ;
#876 = FILL_AREA_STYLE ('',( #584 ) ) ;
#877 = PRESENTATION_LAYER_ASSIGNMENT (  '', '', ( #678 ) ) ;
#878 = DIRECTION ( 'NONE',  ( -1.000000000000000000, 1.156482317317870000E-016, 0.0000000000000000000 ) ) ;
#879 = LINE ( 'NONE', #3758, #94 ) ;
#880 = ORIENTED_EDGE ( 'NONE', *, *, #2313, .T. ) ;
#881 = LINE ( 'NONE', #311, #2341 ) ;
#882 = UNCERTAINTY_MEASURE_WITH_UNIT (LENGTH_MEASURE( 1.000000000000000100E-005 ), #2225, 'distance_accuracy_value', 'NONE');
#883 = AXIS2_PLACEMENT_3D ( 'NONE', #1407, #3428, #1695 ) ;
#884 = ORIENTED_EDGE ( 'NONE', *, *, #954, .T. ) ;
#885 = DIRECTION ( 'NONE',  ( -0.0000000000000000000, -0.0000000000000000000, -1.000000000000000000 ) ) ;
#886 = VERTEX_POINT ( 'NONE', #779 ) ;
#887 = EDGE_CURVE ( 'NONE', #2256, #1037, #2922, .T. ) ;
#888 = UNCERTAINTY_MEASURE_WITH_UNIT (LENGTH_MEASURE( 1.000000000000000100E-005 ), #739, 'distance_accuracy_value', 'NONE');
#889 =( NAMED_UNIT ( * ) PLANE_ANGLE_UNIT ( ) SI_UNIT ( $, .RADIAN. ) );
#890 = LINE ( 'NONE', #1623, #2756 ) ;
#891 = EDGE_CURVE ( 'NONE', #1066, #3502, #2242, .T. ) ;
#892 = DIRECTION ( 'NONE',  ( -0.0000000000000000000, -1.000000000000000000, -0.0000000000000000000 ) ) ;
#893 = EDGE_LOOP ( 'NONE', ( #639, #3054, #1297, #3772 ) ) ;
#894 = FILL_AREA_STYLE_COLOUR ( '', #3482 ) ;
#895 = VECTOR ( 'NONE', #3440, 1000.000000000000000 ) ;
#896 = VECTOR ( 'NONE', #380, 1000.000000000000000 ) ;
#897 =( GEOMETRIC_REPRESENTATION_CONTEXT ( 3 ) GLOBAL_UNCERTAINTY_ASSIGNED_CONTEXT ( ( #606 ) ) GLOBAL_UNIT_ASSIGNED_CONTEXT ( ( #3665, #1940, #174 ) ) REPRESENTATION_CONTEXT ( 'NONE', 'WORKASPACE' ) );
#898 = DIRECTION ( 'NONE',  ( -0.0000000000000000000, 1.000000000000000000, 0.0000000000000000000 ) ) ;
#899 = STYLED_ITEM ( 'NONE', ( #844 ), #1375 ) ;
#900 = CARTESIAN_POINT ( 'NONE',  ( 2.000000000000000000, 0.6999999999999999600, 6.000000000000000900 ) ) ;
#901 = CARTESIAN_POINT ( 'NONE',  ( 1.899999999999999900, 0.5999999999999998700, 0.5000000000000000000 ) ) ;
#902 = PLANE ( 'NONE',  #1836 ) ;
#903 = PRESENTATION_LAYER_ASSIGNMENT (  '', '', ( #1101 ) ) ;
#904 = FACE_OUTER_BOUND ( 'NONE', #3684, .T. ) ;
#905 = PLANE ( 'NONE',  #3427 ) ;
#906 = CARTESIAN_POINT ( 'NONE',  ( -2.000000000000000000, -0.6999999999999999600, 0.0000000000000000000 ) ) ;
#907 = ORIENTED_EDGE ( 'NONE', *, *, #3606, .F. ) ;
#908 = PRESENTATION_STYLE_ASSIGNMENT (( #3245 ) ) ;
#909 = EDGE_CURVE ( 'NONE', #1367, #1539, #3691, .T. ) ;
#910 = ORIENTED_EDGE ( 'NONE', *, *, #2373, .T. ) ;
#911 = DIRECTION ( 'NONE',  ( 1.000000000000000000, 0.0000000000000000000, 0.0000000000000000000 ) ) ;
#912 = ORIENTED_EDGE ( 'NONE', *, *, #26, .T. ) ;
#913 = ORIENTED_EDGE ( 'NONE', *, *, #1665, .F. ) ;
#914 = LINE ( 'NONE', #1753, #3229 ) ;
#915 = LINE ( 'NONE', #2824, #47 ) ;
#916 = MECHANICAL_DESIGN_GEOMETRIC_PRESENTATION_REPRESENTATION (  '', ( #319 ), #1114 ) ;
#917 = VECTOR ( 'NONE', #2495, 1000.000000000000000 ) ;
#918 = FACE_OUTER_BOUND ( 'NONE', #99, .T. ) ;
#919 = SURFACE_STYLE_USAGE ( .BOTH. , #2670 ) ;
#920 = DIRECTION ( 'NONE',  ( 0.0000000000000000000, 0.0000000000000000000, 1.000000000000000000 ) ) ;
#921 = AXIS2_PLACEMENT_3D ( 'NONE', #659, #2698, #942 ) ;
#922 = FACE_OUTER_BOUND ( 'NONE', #1966, .T. ) ;
#923 =( NAMED_UNIT ( * ) PLANE_ANGLE_UNIT ( ) SI_UNIT ( $, .RADIAN. ) );
#924 = ORIENTED_EDGE ( 'NONE', *, *, #1690, .T. ) ;
#925 = PLANE ( 'NONE',  #1703 ) ;
#926 = CARTESIAN_POINT ( 'NONE',  ( -1.899999999999999900, 0.5999999999999999800, 4.700000000000000200 ) ) ;
#927 = CARTESIAN_POINT ( 'NONE',  ( -2.200000000000000200, -0.9000000000000001300, 5.200000000000001100 ) ) ;
#928 = FACE_OUTER_BOUND ( 'NONE', #509, .T. ) ;
#929 = ORIENTED_EDGE ( 'NONE', *, *, #3152, .F. ) ;
#930 = PLANE ( 'NONE',  #3700 ) ;
#931 = DIRECTION ( 'NONE',  ( 4.671358903265169100E-046, -1.000000000000000000, -2.692855067655530100E-031 ) ) ;
#932 = EDGE_CURVE ( 'NONE', #958, #2144, #1376, .T. ) ;
#933 = CARTESIAN_POINT ( 'NONE',  ( -1.899999999999999900, 0.4999865915050100100, 0.0000000000000000000 ) ) ;
#934 =( NAMED_UNIT ( * ) SI_UNIT ( $, .STERADIAN. ) SOLID_ANGLE_UNIT ( ) );
#935 = PRESENTATION_STYLE_ASSIGNMENT (( #2391 ) ) ;
#936 = CARTESIAN_POINT ( 'NONE',  ( 0.7999999999999999300, -0.6999999999999999600, 0.0000000000000000000 ) ) ;
#937 = MECHANICAL_DESIGN_GEOMETRIC_PRESENTATION_REPRESENTATION (  '', ( #341 ), #1142 ) ;
#938 = CARTESIAN_POINT ( 'NONE',  ( -0.7999999999999999300, 0.6999999999999998400, 4.599999999999999600 ) ) ;
#939 =( GEOMETRIC_REPRESENTATION_CONTEXT ( 3 ) GLOBAL_UNCERTAINTY_ASSIGNED_CONTEXT ( ( #3417 ) ) GLOBAL_UNIT_ASSIGNED_CONTEXT ( ( #3125, #1391, #3408 ) ) REPRESENTATION_CONTEXT ( 'NONE', 'WORKASPACE' ) );
#940 =( GEOMETRIC_REPRESENTATION_CONTEXT ( 3 ) GLOBAL_UNCERTAINTY_ASSIGNED_CONTEXT ( ( #2805 ) ) GLOBAL_UNIT_ASSIGNED_CONTEXT ( ( #720, #2762, #1015 ) ) REPRESENTATION_CONTEXT ( 'NONE', 'WORKASPACE' ) );
#941 = AXIS2_PLACEMENT_3D ( 'NONE', #621, #2660, #911 ) ;
#942 = DIRECTION ( 'NONE',  ( 1.552325258144789900E-016, 1.000000000000000000, 0.0000000000000000000 ) ) ;
#943 = SURFACE_SIDE_STYLE ('',( #579 ) ) ;
#944 = PRESENTATION_STYLE_ASSIGNMENT (( #2730 ) ) ;
#945 = STYLED_ITEM ( 'NONE', ( #1901 ), #3124 ) ;
#946 =( NAMED_UNIT ( * ) PLANE_ANGLE_UNIT ( ) SI_UNIT ( $, .RADIAN. ) );
#947 = VERTEX_POINT ( 'NONE', #3405 ) ;
#948 = ADVANCED_BREP_SHAPE_REPRESENTATION ( 'User Library-jumper 2.54mm', ( #2554, #1837, #941 ), #3161 ) ;
#949 = CARTESIAN_POINT ( 'NONE',  ( 2.500000000000000000, 1.200000000000000000, 5.200000000000001100 ) ) ;
#950 = CLOSED_SHELL ( 'NONE', ( #3674, #534, #2258, #3381, #514, #1024, #3453, #1396, #2828, #176, #3697, #3039, #797, #139, #1134, #845, #3718, #2024, #813, #1592, #2869, #1977, #771, #2853, #485, #198, #752, #3059, #2566, #460, #1653, #735, #1996, #1309, #2810, #1039, #1630, #1611 ) ) ;
#951 = ORIENTED_EDGE ( 'NONE', *, *, #3687, .T. ) ;
#952 = UNCERTAINTY_MEASURE_WITH_UNIT (LENGTH_MEASURE( 1.000000000000000100E-005 ), #728, 'distance_accuracy_value', 'NONE');
#953 = CARTESIAN_POINT ( 'NONE',  ( -2.500000000000000000, 1.200000000000000000, 0.0000000000000000000 ) ) ;
#954 = EDGE_CURVE ( 'NONE', #496, #1367, #505, .T. ) ;
#955 = ORIENTED_EDGE ( 'NONE', *, *, #887, .F. ) ;
#956 = COLOUR_RGB ( '',0.2509803921568627400, 0.2509803921568627400, 0.2509803921568627400 ) ;
#957 = DIRECTION ( 'NONE',  ( 0.0000000000000000000, 1.000000000000000000, 0.0000000000000000000 ) ) ;
#958 = VERTEX_POINT ( 'NONE', #520 ) ;
#959 = CYLINDRICAL_SURFACE ( 'NONE', #1292, 0.09999999999999996400 ) ;
#960 =( NAMED_UNIT ( * ) PLANE_ANGLE_UNIT ( ) SI_UNIT ( $, .RADIAN. ) );
#961 = PRESENTATION_LAYER_ASSIGNMENT (  '', '', ( #581 ) ) ;
#962 = CARTESIAN_POINT ( 'NONE',  ( 2.399999999999999900, -1.100000000000000100, 6.000000000000000000 ) ) ;
#963 = VECTOR ( 'NONE', #1622, 1000.000000000000000 ) ;
#964 = ORIENTED_EDGE ( 'NONE', *, *, #493, .F. ) ;
#965 = AXIS2_PLACEMENT_3D ( 'NONE', #3208, #1481, #3509 ) ;
#966 = PRESENTATION_STYLE_ASSIGNMENT (( #484 ) ) ;
#967 = ORIENTED_EDGE ( 'NONE', *, *, #2645, .F. ) ;
#968 = DIRECTION ( 'NONE',  ( 0.0000000000000000000, -1.301042606982610000E-016, 1.000000000000000000 ) ) ;
#969 = VERTEX_POINT ( 'NONE', #1982 ) ;
#970 = ORIENTED_EDGE ( 'NONE', *, *, #3150, .T. ) ;
#971 = VECTOR ( 'NONE', #320, 1000.000000000000000 ) ;
#972 =( GEOMETRIC_REPRESENTATION_CONTEXT ( 3 ) GLOBAL_UNCERTAINTY_ASSIGNED_CONTEXT ( ( #1912 ) ) GLOBAL_UNIT_ASSIGNED_CONTEXT ( ( #3614, #1880, #124 ) ) REPRESENTATION_CONTEXT ( 'NONE', 'WORKASPACE' ) );
#973 = LINE ( 'NONE', #3149, #895 ) ;
#974 = VECTOR ( 'NONE', #25, 1000.000000000000000 ) ;
#975 = LINE ( 'NONE', #3293, #1567 ) ;
#976 =( NAMED_UNIT ( * ) SI_UNIT ( $, .STERADIAN. ) SOLID_ANGLE_UNIT ( ) );
#977 =( LENGTH_UNIT ( ) NAMED_UNIT ( * ) SI_UNIT ( .MILLI., .METRE. ) );
#978 = CARTESIAN_POINT ( 'NONE',  ( 2.000000000000000000, -0.6999999999999999600, 0.0000000000000000000 ) ) ;
#979 = CARTESIAN_POINT ( 'NONE',  ( -1.305739372378889300, -0.5940134084949899600, 4.699999999999999300 ) ) ;
#980 = PRESENTATION_LAYER_ASSIGNMENT (  '', '', ( #601 ) ) ;
#981 = FACE_OUTER_BOUND ( 'NONE', #725, .T. ) ;
#982 = DIRECTION ( 'NONE',  ( -1.000000000000000000, -1.552325258144789900E-016, 0.0000000000000000000 ) ) ;
#983 = CARTESIAN_POINT ( 'NONE',  ( -0.6700000000000000400, -0.4940134084949899800, 1.744261863100002400 ) ) ;
#984 = MECHANICAL_DESIGN_GEOMETRIC_PRESENTATION_REPRESENTATION (  '', ( #393 ), #1184 ) ;
#985 =( NAMED_UNIT ( * ) SI_UNIT ( $, .STERADIAN. ) SOLID_ANGLE_UNIT ( ) );
#986 = CLOSED_SHELL ( 'NONE', ( #3399, #3653, #2765, #2212, #3630, #3124, #2589, #1699, #2276, #565, #2549, #1355, #3423, #2193, #1675, #424, #441, #218, #157, #3102, #2523, #1086, #2230, #2485, #1932, #3338, #1104, #3138, #1427, #3357, #1956, #3078, #1906, #3745, #2787, #2307, #2500, #3167, #1065, #1327, #1375 ) ) ;
#987 = LINE ( 'NONE', #3106, #2459 ) ;
#988 = DIRECTION ( 'NONE',  ( 1.000000000000000000, 0.0000000000000000000, 0.0000000000000000000 ) ) ;
#989 = VERTEX_POINT ( 'NONE', #1672 ) ;
#990 = PLANE ( 'NONE',  #2739 ) ;
#991 = UNCERTAINTY_MEASURE_WITH_UNIT (LENGTH_MEASURE( 1.000000000000000100E-005 ), #3446, 'distance_accuracy_value', 'NONE');
#992 = CARTESIAN_POINT ( 'NONE',  ( -2.200000000000000200, 0.9000000000000001300, 4.400000000000000400 ) ) ;
#993 = ORIENTED_EDGE ( 'NONE', *, *, #1739, .F. ) ;
#994 = VECTOR ( 'NONE', #348, 1000.000000000000200 ) ;
#995 = ORIENTED_EDGE ( 'NONE', *, *, #3558, .F. ) ;
#996 =( NAMED_UNIT ( * ) SI_UNIT ( $, .STERADIAN. ) SOLID_ANGLE_UNIT ( ) );
#997 =( NAMED_UNIT ( * ) PLANE_ANGLE_UNIT ( ) SI_UNIT ( $, .RADIAN. ) );
#998 = VERTEX_POINT ( 'NONE', #2269 ) ;
#999 = EDGE_CURVE ( 'NONE', #2367, #2256, #2840, .T. ) ;
#1000 = CIRCLE ( 'NONE', #3236, 0.8000000000000003800 ) ;
#1001 = EDGE_CURVE ( 'NONE', #373, #1462, #1271, .T. ) ;
#1002 = LINE ( 'NONE', #3361, #2471 ) ;
#1003 = EDGE_CURVE ( 'NONE', #3286, #2651, #2738, .T. ) ;
#1004 = DIRECTION ( 'NONE',  ( 0.0000000000000000000, 0.0000000000000000000, 1.000000000000000000 ) ) ;
#1005 = LINE ( 'NONE', #232, #2573 ) ;
#1006 =( LENGTH_UNIT ( ) NAMED_UNIT ( * ) SI_UNIT ( .MILLI., .METRE. ) );
#1007 = SURFACE_STYLE_FILL_AREA ( #1681 ) ;
#1008 = PLANE ( 'NONE',  #1817 ) ;
#1009 = FILL_AREA_STYLE_COLOUR ( '', #2676 ) ;
#1010 =( NAMED_UNIT ( * ) SI_UNIT ( $, .STERADIAN. ) SOLID_ANGLE_UNIT ( ) );
#1011 = DIRECTION ( 'NONE',  ( -0.1778259459558250200, 0.0000000000000000000, -0.9840619558467422800 ) ) ;
#1012 = VERTEX_POINT ( 'NONE', #235 ) ;
#1013 = STYLED_ITEM ( 'NONE', ( #648 ), #157 ) ;
#1014 = MECHANICAL_DESIGN_GEOMETRIC_PRESENTATION_REPRESENTATION (  '', ( #629 ), #1210 ) ;
#1015 =( NAMED_UNIT ( * ) SI_UNIT ( $, .STERADIAN. ) SOLID_ANGLE_UNIT ( ) );
#1016 = SURFACE_SIDE_STYLE ('',( #358 ) ) ;
#1017 = AXIS2_PLACEMENT_3D ( 'NONE', #359, #2405, #664 ) ;
#1018 = ORIENTED_EDGE ( 'NONE', *, *, #1474, .F. ) ;
#1019 = CARTESIAN_POINT ( 'NONE',  ( -1.899999999999999900, 0.6000000000000000900, 0.5000000000000000000 ) ) ;
#1020 = COLOUR_RGB ( '',1.000000000000000000, 0.8000000000000000400, 0.2000000000000000100 ) ;
#1021 = DIRECTION ( 'NONE',  ( -1.000000000000000000, -0.0000000000000000000, 0.0000000000000000000 ) ) ;
#1022 =( NAMED_UNIT ( * ) SI_UNIT ( $, .STERADIAN. ) SOLID_ANGLE_UNIT ( ) );
#1023 = DIRECTION ( 'NONE',  ( 1.000000000000000000, 0.0000000000000000000, 0.0000000000000000000 ) ) ;
#1024 = ADVANCED_FACE ( 'NONE', ( #2650 ), #821, .T. ) ;
#1025 = PRESENTATION_STYLE_ASSIGNMENT (( #8 ) ) ;
#1026 = DIRECTION ( 'NONE',  ( -0.1778259459558250200, -0.0000000000000000000, 0.9840619558467422800 ) ) ;
#1027 = EDGE_CURVE ( 'NONE', #1367, #2649, #129, .T. ) ;
#1028 = LINE ( 'NONE', #2379, #1715 ) ;
#1029 = CARTESIAN_POINT ( 'NONE',  ( -0.7999999999999999300, -0.6999999999999999600, 4.599999999999999600 ) ) ;
#1030 =( NAMED_UNIT ( * ) SI_UNIT ( $, .STERADIAN. ) SOLID_ANGLE_UNIT ( ) );
#1031 = FILL_AREA_STYLE ('',( #2800 ) ) ;
#1032 = MECHANICAL_DESIGN_GEOMETRIC_PRESENTATION_REPRESENTATION (  '', ( #442 ), #1228 ) ;
#1033 = PRESENTATION_LAYER_ASSIGNMENT (  '', '', ( #654 ) ) ;
#1034 = CARTESIAN_POINT ( 'NONE',  ( -1.700000000000000000, -0.3940134084949900000, 4.700000000000000200 ) ) ;
#1035 = CARTESIAN_POINT ( 'NONE',  ( 2.500000000000000000, 1.200000000000000000, 0.0000000000000000000 ) ) ;
#1036 = CIRCLE ( 'NONE', #1896, 0.8000000000000003800 ) ;
#1037 = VERTEX_POINT ( 'NONE', #247 ) ;
#1038 = PRESENTATION_LAYER_ASSIGNMENT (  '', '', ( #656 ) ) ;
#1039 = ADVANCED_FACE ( 'NONE', ( #3139 ), #538, .T. ) ;
#1040 = VERTEX_POINT ( 'NONE', #254 ) ;
#1041 = VERTEX_POINT ( 'NONE', #2889 ) ;
#1042 = UNCERTAINTY_MEASURE_WITH_UNIT (LENGTH_MEASURE( 1.000000000000000100E-005 ), #3527, 'distance_accuracy_value', 'NONE');
#1043 = CARTESIAN_POINT ( 'NONE',  ( 0.6700000000000000400, -0.4940134084949899800, 1.744261863099998200 ) ) ;
#1044 = ORIENTED_EDGE ( 'NONE', *, *, #669, .F. ) ;
#1045 = CARTESIAN_POINT ( 'NONE',  ( -2.399999999999999900, 1.100000000000000100, 0.0000000000000000000 ) ) ;
#1046 =( LENGTH_UNIT ( ) NAMED_UNIT ( * ) SI_UNIT ( .MILLI., .METRE. ) );
#1047 = PRESENTATION_STYLE_ASSIGNMENT (( #1064 ) ) ;
#1048 = MECHANICAL_DESIGN_GEOMETRIC_PRESENTATION_REPRESENTATION (  '', ( #455 ), #1245 ) ;
#1049 = FILL_AREA_STYLE_COLOUR ( '', #1830 ) ;
#1050 = ORIENTED_EDGE ( 'NONE', *, *, #251, .T. ) ;
#1051 = DIRECTION ( 'NONE',  ( -0.0000000000000000000, -0.0000000000000000000, -1.000000000000000000 ) ) ;
#1052 =( LENGTH_UNIT ( ) NAMED_UNIT ( * ) SI_UNIT ( .MILLI., .METRE. ) );
#1053 = COLOUR_RGB ( '',1.000000000000000000, 0.8000000000000000400, 0.2000000000000000100 ) ;
#1054 = DIRECTION ( 'NONE',  ( 0.0000000000000000000, 0.0000000000000000000, 1.000000000000000000 ) ) ;
#1055 = PRESENTATION_STYLE_ASSIGNMENT (( #1775 ) ) ;
#1056 = EDGE_CURVE ( 'NONE', #989, #2914, #546, .T. ) ;
#1057 = LINE ( 'NONE', #1330, #963 ) ;
#1058 = EDGE_CURVE ( 'NONE', #1041, #2915, #2782, .T. ) ;
#1059 = ORIENTED_EDGE ( 'NONE', *, *, #2047, .F. ) ;
#1060 = CARTESIAN_POINT ( 'NONE',  ( 2.500000000000000000, 1.199999999999999700, 4.400000000000000400 ) ) ;
#1061 = LINE ( 'NONE', #1345, #2530 ) ;
#1062 = DIRECTION ( 'NONE',  ( 0.0000000000000000000, 0.0000000000000000000, 1.000000000000000000 ) ) ;
#1063 = EDGE_LOOP ( 'NONE', ( #2141, #692, #570, #2287 ) ) ;
#1064 = SURFACE_STYLE_USAGE ( .BOTH. , #2817 ) ;
#1065 = ADVANCED_FACE ( 'NONE', ( #3043 ), #1128, .T. ) ;
#1066 = VERTEX_POINT ( 'NONE', #1720 ) ;
#1067 = DIRECTION ( 'NONE',  ( 0.0000000000000000000, 1.000000000000000000, 0.0000000000000000000 ) ) ;
#1068 = AXIS2_PLACEMENT_3D ( 'NONE', #1769, #3510, #1483 ) ;
#1069 = SURFACE_SIDE_STYLE ('',( #1007 ) ) ;
#1070 = SURFACE_SIDE_STYLE ('',( #3439 ) ) ;
#1071 = MECHANICAL_DESIGN_GEOMETRIC_PRESENTATION_REPRESENTATION (  '', ( #678 ), #1257 ) ;
#1072 = ORIENTED_EDGE ( 'NONE', *, *, #3333, .T. ) ;
#1073 = FILL_AREA_STYLE ('',( #828 ) ) ;
#1074 = SURFACE_STYLE_FILL_AREA ( #1207 ) ;
#1075 = DIRECTION ( 'NONE',  ( 0.0000000000000000000, -0.0000000000000000000, -1.000000000000000000 ) ) ;
#1076 = PLANE ( 'NONE',  #1957 ) ;
#1077 = STYLED_ITEM ( 'NONE', ( #623 ), #3338 ) ;
#1078 = LINE ( 'NONE', #1768, #294 ) ;
#1079 =( NAMED_UNIT ( * ) SI_UNIT ( $, .STERADIAN. ) SOLID_ANGLE_UNIT ( ) );
#1080 = DIRECTION ( 'NONE',  ( 0.0000000000000000000, 0.0000000000000000000, -1.000000000000000000 ) ) ;
#1081 = CARTESIAN_POINT ( 'NONE',  ( 2.500000000000000000, -1.200000000000000000, 5.200000000000001100 ) ) ;
#1082 = EDGE_CURVE ( 'NONE', #1652, #1754, #1783, .T. ) ;
#1083 = PLANE ( 'NONE',  #3484 ) ;
#1084 = EDGE_CURVE ( 'NONE', #3065, #2113, #1005, .T. ) ;
#1085 = PLANE ( 'NONE',  #605 ) ;
#1086 = ADVANCED_FACE ( 'NONE', ( #918 ), #3141, .T. ) ;
#1087 = VECTOR ( 'NONE', #1305, 1000.000000000000000 ) ;
#1088 = CARTESIAN_POINT ( 'NONE',  ( 0.7999999999999999300, -1.200000000000000000, 5.200000000000001100 ) ) ;
#1089 = CARTESIAN_POINT ( 'NONE',  ( -1.899999999999999900, 0.6000000000000000900, 0.0000000000000000000 ) ) ;
#1090 = EDGE_CURVE ( 'NONE', #1040, #1795, #646, .T. ) ;
#1091 =( LENGTH_UNIT ( ) NAMED_UNIT ( * ) SI_UNIT ( .MILLI., .METRE. ) );
#1092 = PRESENTATION_LAYER_ASSIGNMENT (  '', '', ( #1282 ) ) ;
#1093 = ORIENTED_EDGE ( 'NONE', *, *, #2019, .F. ) ;
#1094 = SURFACE_STYLE_USAGE ( .BOTH. , #2846 ) ;
#1095 = VERTEX_POINT ( 'NONE', #2016 ) ;
#1096 = AXIS2_PLACEMENT_3D ( 'NONE', #953, #2989, #1244 ) ;
#1097 = VERTEX_POINT ( 'NONE', #3432 ) ;
#1098 = SURFACE_STYLE_FILL_AREA ( #2982 ) ;
#1099 = ORIENTED_EDGE ( 'NONE', *, *, #3661, .T. ) ;
#1100 = DIRECTION ( 'NONE',  ( -0.0000000000000000000, -0.0000000000000000000, -1.000000000000000000 ) ) ;
#1101 = STYLED_ITEM ( 'NONE', ( #90 ), #2853 ) ;
#1102 = ORIENTED_EDGE ( 'NONE', *, *, #2531, .T. ) ;
#1103 =( NAMED_UNIT ( * ) SI_UNIT ( $, .STERADIAN. ) SOLID_ANGLE_UNIT ( ) );
#1104 = ADVANCED_FACE ( 'NONE', ( #2966 ), #3441, .T. ) ;
#1105 = PRESENTATION_STYLE_ASSIGNMENT (( #1094 ) ) ;
#1106 = VECTOR ( 'NONE', #2839, 1000.000000000000000 ) ;
#1107 = EDGE_CURVE ( 'NONE', #2142, #2367, #1617, .T. ) ;
#1108 = DIRECTION ( 'NONE',  ( -0.1778259459558250700, 0.0000000000000000000, 0.9840619558467425000 ) ) ;
#1109 = STYLED_ITEM ( 'NONE', ( #201 ), #3718 ) ;
#1110 =( NAMED_UNIT ( * ) SI_UNIT ( $, .STERADIAN. ) SOLID_ANGLE_UNIT ( ) );
#1111 = PRESENTATION_STYLE_ASSIGNMENT (( #2565 ) ) ;
#1112 = ORIENTED_EDGE ( 'NONE', *, *, #2766, .T. ) ;
#1113 = EDGE_LOOP ( 'NONE', ( #2124, #1779, #1136, #3175, #3460, #2832 ) ) ;
#1114 =( GEOMETRIC_REPRESENTATION_CONTEXT ( 3 ) GLOBAL_UNCERTAINTY_ASSIGNED_CONTEXT ( ( #3580 ) ) GLOBAL_UNIT_ASSIGNED_CONTEXT ( ( #1511, #3536, #1804 ) ) REPRESENTATION_CONTEXT ( 'NONE', 'WORKASPACE' ) );
#1115 = ORIENTED_EDGE ( 'NONE', *, *, #736, .F. ) ;
#1116 = SURFACE_STYLE_USAGE ( .BOTH. , #2868 ) ;
#1117 = CARTESIAN_POINT ( 'NONE',  ( 1.700000000000000000, 0.5999999999999999800, 0.0000000000000000000 ) ) ;
#1118 = CARTESIAN_POINT ( 'NONE',  ( 2.500000000000000000, -1.200000000000000000, 4.400000000000000400 ) ) ;
#1119 = FACE_OUTER_BOUND ( 'NONE', #3771, .T. ) ;
#1120 = PRESENTATION_LAYER_ASSIGNMENT (  '', '', ( #722 ) ) ;
#1121 = UNCERTAINTY_MEASURE_WITH_UNIT (LENGTH_MEASURE( 1.000000000000000100E-005 ), #1052, 'distance_accuracy_value', 'NONE');
#1122 = VECTOR ( 'NONE', #878, 1000.000000000000000 ) ;
#1123 = PRESENTATION_STYLE_ASSIGNMENT (( #2121 ) ) ;
#1124 = UNCERTAINTY_MEASURE_WITH_UNIT (LENGTH_MEASURE( 1.000000000000000100E-005 ), #2517, 'distance_accuracy_value', 'NONE');
#1125 = FACE_OUTER_BOUND ( 'NONE', #1500, .T. ) ;
#1126 = FACE_OUTER_BOUND ( 'NONE', #121, .T. ) ;
#1127 = DIRECTION ( 'NONE',  ( 0.0000000000000000000, 1.301042606982610000E-016, 1.000000000000000000 ) ) ;
#1128 = PLANE ( 'NONE',  #846 ) ;
#1129 = FILL_AREA_STYLE ('',( #248 ) ) ;
#1130 = DIRECTION ( 'NONE',  ( 0.0000000000000000000, -1.000000000000000000, 0.0000000000000000000 ) ) ;
#1131 = CARTESIAN_POINT ( 'NONE',  ( -0.7999999999999999300, -0.6999999999999999600, 0.0000000000000000000 ) ) ;
#1132 = PRESENTATION_STYLE_ASSIGNMENT (( #3376 ) ) ;
#1133 = EDGE_CURVE ( 'NONE', #1176, #2620, #154, .T. ) ;
#1134 = ADVANCED_FACE ( 'NONE', ( #853 ), #3174, .T. ) ;
#1135 = SURFACE_STYLE_FILL_AREA ( #2438 ) ;
#1136 = ORIENTED_EDGE ( 'NONE', *, *, #1580, .T. ) ;
#1137 =( NAMED_UNIT ( * ) PLANE_ANGLE_UNIT ( ) SI_UNIT ( $, .RADIAN. ) );
#1138 = ORIENTED_EDGE ( 'NONE', *, *, #3025, .F. ) ;
#1139 = LINE ( 'NONE', #1258, #1419 ) ;
#1140 = CARTESIAN_POINT ( 'NONE',  ( 2.000000000000000000, -0.6999999999999999600, 0.0000000000000000000 ) ) ;
#1141 = ORIENTED_EDGE ( 'NONE', *, *, #932, .F. ) ;
#1142 =( GEOMETRIC_REPRESENTATION_CONTEXT ( 3 ) GLOBAL_UNCERTAINTY_ASSIGNED_CONTEXT ( ( #477 ) ) GLOBAL_UNIT_ASSIGNED_CONTEXT ( ( #1340, #758, #3402 ) ) REPRESENTATION_CONTEXT ( 'NONE', 'WORKASPACE' ) );
#1143 = CARTESIAN_POINT ( 'NONE',  ( 2.200000000000000200, 0.9000000000000001300, 5.200000000000001100 ) ) ;
#1144 = PRESENTATION_LAYER_ASSIGNMENT (  '', '', ( #1332 ) ) ;
#1145 =( NAMED_UNIT ( * ) PLANE_ANGLE_UNIT ( ) SI_UNIT ( $, .RADIAN. ) );
#1146 = SURFACE_STYLE_USAGE ( .BOTH. , #2893 ) ;
#1147 = PRODUCT_DEFINITION ( 'UNKNOWN', '', #1336, #487 ) ;
#1148 = ORIENTED_EDGE ( 'NONE', *, *, #689, .F. ) ;
#1149 = FACE_OUTER_BOUND ( 'NONE', #868, .T. ) ;
#1150 = ORIENTED_EDGE ( 'NONE', *, *, #2262, .T. ) ;
#1151 = VECTOR ( 'NONE', #3371, 1000.000000000000000 ) ;
#1152 = AXIS2_PLACEMENT_3D ( 'NONE', #1635, #3671, #1946 ) ;
#1153 = VECTOR ( 'NONE', #3632, 1000.000000000000000 ) ;
#1154 = ORIENTED_EDGE ( 'NONE', *, *, #28, .F. ) ;
#1155 = SURFACE_STYLE_USAGE ( .BOTH. , #2900 ) ;
#1156 = FACE_OUTER_BOUND ( 'NONE', #2854, .T. ) ;
#1157 =( NAMED_UNIT ( * ) PLANE_ANGLE_UNIT ( ) SI_UNIT ( $, .RADIAN. ) );
#1158 = EDGE_CURVE ( 'NONE', #998, #3153, #3572, .T. ) ;
#1159 = ORIENTED_EDGE ( 'NONE', *, *, #2378, .F. ) ;
#1160 = FILL_AREA_STYLE ('',( #863 ) ) ;
#1161 = VERTEX_POINT ( 'NONE', #1746 ) ;
#1162 = UNCERTAINTY_MEASURE_WITH_UNIT (LENGTH_MEASURE( 1.000000000000000100E-005 ), #1239, 'distance_accuracy_value', 'NONE');
#1163 = ORIENTED_EDGE ( 'NONE', *, *, #2652, .T. ) ;
#1164 = MECHANICAL_DESIGN_GEOMETRIC_PRESENTATION_REPRESENTATION (  '', ( #581 ), #1361 ) ;
#1165 = AXIS2_PLACEMENT_3D ( 'NONE', #1195, #3225, #1493 ) ;
#1166 = UNCERTAINTY_MEASURE_WITH_UNIT (LENGTH_MEASURE( 1.000000000000000100E-005 ), #701, 'distance_accuracy_value', 'NONE');
#1167 = CARTESIAN_POINT ( 'NONE',  ( -0.7745966692414829600, -0.9000000000000001300, 4.400000000000000400 ) ) ;
#1168 = LINE ( 'NONE', #1170, #381 ) ;
#1169 = CARTESIAN_POINT ( 'NONE',  ( 2.399999999999999900, -1.100000000000000100, 0.0000000000000000000 ) ) ;
#1170 = CARTESIAN_POINT ( 'NONE',  ( 2.500000000000000000, 0.0000000000000000000, 0.0000000000000000000 ) ) ;
#1171 = CIRCLE ( 'NONE', #2724, 0.09999999999999982500 ) ;
#1172 = FACE_OUTER_BOUND ( 'NONE', #2928, .T. ) ;
#1173 = CARTESIAN_POINT ( 'NONE',  ( 2.000000000000000000, -0.6999999999999999600, 6.000000000000000900 ) ) ;
#1174 = FILL_AREA_STYLE_COLOUR ( '', #2314 ) ;
#1175 = ORIENTED_EDGE ( 'NONE', *, *, #2064, .T. ) ;
#1176 = VERTEX_POINT ( 'NONE', #2304 ) ;
#1177 = MECHANICAL_DESIGN_GEOMETRIC_PRESENTATION_REPRESENTATION (  '', ( #601 ), #1385 ) ;
#1178 = ORIENTED_EDGE ( 'NONE', *, *, #3024, .T. ) ;
#1179 = LINE ( 'NONE', #1811, #2562 ) ;
#1180 = ORIENTED_EDGE ( 'NONE', *, *, #2718, .T. ) ;
#1181 = FACE_OUTER_BOUND ( 'NONE', #3020, .T. ) ;
#1182 = PLANE ( 'NONE',  #1068 ) ;
#1183 = SURFACE_STYLE_FILL_AREA ( #817 ) ;
#1184 =( GEOMETRIC_REPRESENTATION_CONTEXT ( 3 ) GLOBAL_UNCERTAINTY_ASSIGNED_CONTEXT ( ( #2197 ) ) GLOBAL_UNIT_ASSIGNED_CONTEXT ( ( #2948, #3633, #1902 ) ) REPRESENTATION_CONTEXT ( 'NONE', 'WORKASPACE' ) );
#1185 = ORIENTED_EDGE ( 'NONE', *, *, #70, .F. ) ;
#1186 = CARTESIAN_POINT ( 'NONE',  ( 0.7745966692414839600, -0.9000000000000001300, 4.400000000000000400 ) ) ;
#1187 = CARTESIAN_POINT ( 'NONE',  ( -0.7999999999999999300, -0.9000000000000001300, 5.200000000000001100 ) ) ;
#1188 = COLOUR_RGB ( '',1.000000000000000000, 0.8000000000000000400, 0.2000000000000000100 ) ;
#1189 = DIRECTION ( 'NONE',  ( 0.0000000000000000000, 0.0000000000000000000, 1.000000000000000000 ) ) ;
#1190 = SURFACE_STYLE_FILL_AREA ( #798 ) ;
#1191 = LINE ( 'NONE', #216, #1106 ) ;
#1192 = DIRECTION ( 'NONE',  ( 0.0000000000000000000, 0.0000000000000000000, 1.000000000000000000 ) ) ;
#1193 = COLOUR_RGB ( '',0.2509803921568627400, 0.2509803921568627400, 0.2509803921568627400 ) ;
#1194 = VERTEX_POINT ( 'NONE', #3486 ) ;
#1195 = CARTESIAN_POINT ( 'NONE',  ( 2.399999999999999900, 1.100000000000000100, 0.0000000000000000000 ) ) ;
#1196 =( NAMED_UNIT ( * ) PLANE_ANGLE_UNIT ( ) SI_UNIT ( $, .RADIAN. ) );
#1197 = EDGE_LOOP ( 'NONE', ( #737, #3521, #2239, #884, #1627 ) ) ;
#1198 = EDGE_CURVE ( 'NONE', #653, #2289, #2816, .T. ) ;
#1199 = EDGE_CURVE ( 'NONE', #2664, #3286, #1253, .T. ) ;
#1200 = PRODUCT_CONTEXT ( 'NONE', #2934, 'mechanical' ) ;
#1201 = SURFACE_STYLE_USAGE ( .BOTH. , #2348 ) ;
#1202 = FACE_OUTER_BOUND ( 'NONE', #3374, .T. ) ;
#1203 = EDGE_CURVE ( 'NONE', #1652, #447, #2045, .T. ) ;
#1204 = VERTEX_POINT ( 'NONE', #3197 ) ;
#1205 = DIRECTION ( 'NONE',  ( 0.0000000000000000000, -1.000000000000000000, 0.0000000000000000000 ) ) ;
#1206 = VECTOR ( 'NONE', #66, 1000.000000000000000 ) ;
#1207 = FILL_AREA_STYLE ('',( #626 ) ) ;
#1208 = AXIS2_PLACEMENT_3D ( 'NONE', #2416, #2714, #1831 ) ;
#1209 =( NAMED_UNIT ( * ) PLANE_ANGLE_UNIT ( ) SI_UNIT ( $, .RADIAN. ) );
#1210 =( GEOMETRIC_REPRESENTATION_CONTEXT ( 3 ) GLOBAL_UNCERTAINTY_ASSIGNED_CONTEXT ( ( #1678 ) ) GLOBAL_UNIT_ASSIGNED_CONTEXT ( ( #533, #2576, #819 ) ) REPRESENTATION_CONTEXT ( 'NONE', 'WORKASPACE' ) );
#1211 = AXIS2_PLACEMENT_3D ( 'NONE', #2133, #374, #2418 ) ;
#1212 =( GEOMETRIC_REPRESENTATION_CONTEXT ( 3 ) GLOBAL_UNCERTAINTY_ASSIGNED_CONTEXT ( ( #2981 ) ) GLOBAL_UNIT_ASSIGNED_CONTEXT ( ( #2902, #1157, #3179 ) ) REPRESENTATION_CONTEXT ( 'NONE', 'WORKASPACE' ) );
#1213 = SURFACE_SIDE_STYLE ('',( #3218 ) ) ;
#1214 = DIRECTION ( 'NONE',  ( 2.792273763957870000E-016, 1.000000000000000000, -0.0000000000000000000 ) ) ;
#1215 = STYLED_ITEM ( 'NONE', ( #2606 ), #3059 ) ;
#1216 = VECTOR ( 'NONE', #1937, 1000.000000000000000 ) ;
#1217 = CARTESIAN_POINT ( 'NONE',  ( 0.0000000000000000000, -0.3940134084949900000, 5.200000000000001100 ) ) ;
#1218 = SURFACE_SIDE_STYLE ('',( #3716 ) ) ;
#1219 = LINE ( 'NONE', #1827, #344 ) ;
#1220 = EDGE_CURVE ( 'NONE', #2057, #2798, #1168, .T. ) ;
#1221 = ORIENTED_EDGE ( 'NONE', *, *, #1084, .F. ) ;
#1222 = CARTESIAN_POINT ( 'NONE',  ( -2.399999999999999900, 1.100000000000000100, 4.400000000000000400 ) ) ;
#1223 = DIRECTION ( 'NONE',  ( -0.0000000000000000000, -0.0000000000000000000, -1.000000000000000000 ) ) ;
#1224 = ORIENTED_EDGE ( 'NONE', *, *, #1870, .F. ) ;
#1225 = DIRECTION ( 'NONE',  ( 1.000000000000000000, 0.0000000000000000000, 0.0000000000000000000 ) ) ;
#1226 = ORIENTED_EDGE ( 'NONE', *, *, #711, .T. ) ;
#1227 = UNCERTAINTY_MEASURE_WITH_UNIT (LENGTH_MEASURE( 1.000000000000000100E-005 ), #1893, 'distance_accuracy_value', 'NONE');
#1228 =( GEOMETRIC_REPRESENTATION_CONTEXT ( 3 ) GLOBAL_UNCERTAINTY_ASSIGNED_CONTEXT ( ( #1554 ) ) GLOBAL_UNIT_ASSIGNED_CONTEXT ( ( #1587, #3623, #1892 ) ) REPRESENTATION_CONTEXT ( 'NONE', 'WORKASPACE' ) );
#1229 = DIRECTION ( 'NONE',  ( 0.0000000000000000000, 0.0000000000000000000, 1.000000000000000000 ) ) ;
#1230 = MECHANICAL_DESIGN_GEOMETRIC_PRESENTATION_REPRESENTATION (  '', ( #654 ), #1439 ) ;
#1231 = MECHANICAL_DESIGN_GEOMETRIC_PRESENTATION_REPRESENTATION (  '', ( #656 ), #1442 ) ;
#1232 = VECTOR ( 'NONE', #1310, 1000.000000000000000 ) ;
#1233 = SURFACE_SIDE_STYLE ('',( #1098 ) ) ;
#1234 = CARTESIAN_POINT ( 'NONE',  ( 0.7999999999999999300, -0.6999999999999999600, 6.000000000000000900 ) ) ;
#1235 = ORIENTED_EDGE ( 'NONE', *, *, #3265, .T. ) ;
#1236 = CARTESIAN_POINT ( 'NONE',  ( 0.8699999999999988900, -0.3940134084949898900, 1.744261863099989500 ) ) ;
#1237 =( LENGTH_UNIT ( ) NAMED_UNIT ( * ) SI_UNIT ( .MILLI., .METRE. ) );
#1238 = VECTOR ( 'NONE', #2081, 1000.000000000000000 ) ;
#1239 =( LENGTH_UNIT ( ) NAMED_UNIT ( * ) SI_UNIT ( .MILLI., .METRE. ) );
#1240 = ORIENTED_EDGE ( 'NONE', *, *, #668, .F. ) ;
#1241 = DIRECTION ( 'NONE',  ( -1.000000000000000000, -0.0000000000000000000, 0.0000000000000000000 ) ) ;
#1242 = VECTOR ( 'NONE', #2659, 1000.000000000000000 ) ;
#1243 = EDGE_LOOP ( 'NONE', ( #2536, #3455, #2052, #3400, #1380, #3728, #816, #2082, #80, #2733 ) ) ;
#1244 = DIRECTION ( 'NONE',  ( 0.0000000000000000000, 0.0000000000000000000, 1.000000000000000000 ) ) ;
#1245 =( GEOMETRIC_REPRESENTATION_CONTEXT ( 3 ) GLOBAL_UNCERTAINTY_ASSIGNED_CONTEXT ( ( #148 ) ) GLOBAL_UNIT_ASSIGNED_CONTEXT ( ( #2365, #625, #2665 ) ) REPRESENTATION_CONTEXT ( 'NONE', 'WORKASPACE' ) );
#1246 = ORIENTED_EDGE ( 'NONE', *, *, #70, .T. ) ;
#1247 = FILL_AREA_STYLE ('',( #2991 ) ) ;
#1248 = EDGE_CURVE ( 'NONE', #3307, #660, #2719, .T. ) ;
#1249 = EDGE_CURVE ( 'NONE', #2142, #2604, #1953, .T. ) ;
#1250 = LINE ( 'NONE', #1430, #2716 ) ;
#1251 =( NAMED_UNIT ( * ) SI_UNIT ( $, .STERADIAN. ) SOLID_ANGLE_UNIT ( ) );
#1252 = COLOUR_RGB ( '',0.2509803921568627400, 0.2509803921568627400, 0.2509803921568627400 ) ;
#1253 = LINE ( 'NONE', #588, #3485 ) ;
#1254 = DIRECTION ( 'NONE',  ( 1.000000000000000000, 0.0000000000000000000, 0.0000000000000000000 ) ) ;
#1255 = PRESENTATION_LAYER_ASSIGNMENT (  '', '', ( #872 ) ) ;
#1256 = DIRECTION ( 'NONE',  ( 0.0000000000000000000, 0.0000000000000000000, 1.000000000000000000 ) ) ;
#1257 =( GEOMETRIC_REPRESENTATION_CONTEXT ( 3 ) GLOBAL_UNCERTAINTY_ASSIGNED_CONTEXT ( ( #757 ) ) GLOBAL_UNIT_ASSIGNED_CONTEXT ( ( #2630, #889, #2925 ) ) REPRESENTATION_CONTEXT ( 'NONE', 'WORKASPACE' ) );
#1258 = CARTESIAN_POINT ( 'NONE',  ( -2.000000000000000000, 0.6999999999999999600, 0.0000000000000000000 ) ) ;
#1259 = VECTOR ( 'NONE', #1881, 1000.000000000000000 ) ;
#1260 = DIRECTION ( 'NONE',  ( -0.0000000000000000000, -1.000000000000000000, -0.0000000000000000000 ) ) ;
#1261 = CARTESIAN_POINT ( 'NONE',  ( -2.399999999999999900, -1.200000000000000000, 4.400000000000000400 ) ) ;
#1262 = PRESENTATION_LAYER_ASSIGNMENT (  '', '', ( #1077 ) ) ;
#1263 = ORIENTED_EDGE ( 'NONE', *, *, #1665, .T. ) ;
#1264 = VERTEX_POINT ( 'NONE', #2080 ) ;
#1265 = ORIENTED_EDGE ( 'NONE', *, *, #2070, .T. ) ;
#1266 = EDGE_CURVE ( 'NONE', #3504, #1338, #1078, .T. ) ;
#1267 = EDGE_CURVE ( 'NONE', #2798, #947, #3387, .T. ) ;
#1268 = ORIENTED_EDGE ( 'NONE', *, *, #3412, .T. ) ;
#1269 = SURFACE_STYLE_FILL_AREA ( #2513 ) ;
#1270 = CARTESIAN_POINT ( 'NONE',  ( -2.500000000000000000, -1.200000000000000000, 0.0000000000000000000 ) ) ;
#1271 = LINE ( 'NONE', #2563, #598 ) ;
#1272 =( NAMED_UNIT ( * ) SI_UNIT ( $, .STERADIAN. ) SOLID_ANGLE_UNIT ( ) );
#1273 = DIRECTION ( 'NONE',  ( 0.0000000000000000000, 0.0000000000000000000, 1.000000000000000000 ) ) ;
#1274 = ORIENTED_EDGE ( 'NONE', *, *, #2448, .F. ) ;
#1275 = UNCERTAINTY_MEASURE_WITH_UNIT (LENGTH_MEASURE( 1.000000000000000100E-005 ), #3652, 'distance_accuracy_value', 'NONE');
#1276 = SURFACE_STYLE_FILL_AREA ( #2986 ) ;
#1277 = PLANE ( 'NONE',  #552 ) ;
#1278 = PRESENTATION_STYLE_ASSIGNMENT (( #2411 ) ) ;
#1279 = EDGE_CURVE ( 'NONE', #2781, #989, #1850, .T. ) ;
#1280 = COLOUR_RGB ( '',0.2509803921568627400, 0.2509803921568627400, 0.2509803921568627400 ) ;
#1281 = FILL_AREA_STYLE_COLOUR ( '', #3237 ) ;
#1282 = STYLED_ITEM ( 'NONE', ( #966 ), #2523 ) ;
#1283 = DIRECTION ( 'NONE',  ( -0.0000000000000000000, -1.000000000000000000, -0.0000000000000000000 ) ) ;
#1284 = EDGE_LOOP ( 'NONE', ( #789, #2899, #1508, #862, #2233, #181, #306, #1973 ) ) ;
#1285 = PRESENTATION_LAYER_ASSIGNMENT (  '', '', ( #899 ) ) ;
#1286 = LINE ( 'NONE', #3380, #2076 ) ;
#1287 = ORIENTED_EDGE ( 'NONE', *, *, #2231, .F. ) ;
#1288 = DIRECTION ( 'NONE',  ( 0.0000000000000000000, -1.000000000000000000, -0.0000000000000000000 ) ) ;
#1289 = CARTESIAN_POINT ( 'NONE',  ( -0.8700000000000000000, -0.3940134084949900000, 1.744261863100000200 ) ) ;
#1290 = EDGE_LOOP ( 'NONE', ( #818, #244, #3019, #955 ) ) ;
#1291 = SURFACE_SIDE_STYLE ('',( #2994 ) ) ;
#1292 = AXIS2_PLACEMENT_3D ( 'NONE', #822, #1108, #2299 ) ;
#1293 = FILL_AREA_STYLE ('',( #2451 ) ) ;
#1294 = DIRECTION ( 'NONE',  ( -0.0000000000000000000, 1.000000000000000000, 0.0000000000000000000 ) ) ;
#1295 = PRESENTATION_STYLE_ASSIGNMENT (( #1448 ) ) ;
#1296 = CARTESIAN_POINT ( 'NONE',  ( 2.500000000000000000, 1.199999999999999700, 4.400000000000000400 ) ) ;
#1297 = ORIENTED_EDGE ( 'NONE', *, *, #1090, .T. ) ;
#1298 = CARTESIAN_POINT ( 'NONE',  ( -0.9623516919579480100, 0.4999865915050100100, 2.606695886524120100 ) ) ;
#1299 = LINE ( 'NONE', #1513, #3524 ) ;
#1300 = EDGE_CURVE ( 'NONE', #3581, #653, #480, .T. ) ;
#1301 = AXIS2_PLACEMENT_3D ( 'NONE', #3461, #1725, #3759 ) ;
#1302 =( NAMED_UNIT ( * ) SI_UNIT ( $, .STERADIAN. ) SOLID_ANGLE_UNIT ( ) );
#1303 = SURFACE_SIDE_STYLE ('',( #3395 ) ) ;
#1304 = CARTESIAN_POINT ( 'NONE',  ( -1.404119754421040000, -0.3940134084949900000, 4.700000000000000200 ) ) ;
#1305 = DIRECTION ( 'NONE',  ( 1.000000000000000000, 0.0000000000000000000, -0.0000000000000000000 ) ) ;
#1306 = CARTESIAN_POINT ( 'NONE',  ( 0.9623516919579480100, 0.4999865915050100100, 2.606695886524120100 ) ) ;
#1307 =( LENGTH_UNIT ( ) NAMED_UNIT ( * ) SI_UNIT ( .MILLI., .METRE. ) );
#1308 = MECHANICAL_DESIGN_GEOMETRIC_PRESENTATION_REPRESENTATION (  '', ( #722 ), #1507 ) ;
#1309 = ADVANCED_FACE ( 'NONE', ( #3205 ), #2093, .T. ) ;
#1310 = DIRECTION ( 'NONE',  ( -1.000000000000000000, -0.0000000000000000000, -0.0000000000000000000 ) ) ;
#1311 = VECTOR ( 'NONE', #1223, 1000.000000000000000 ) ;
#1312 = DIRECTION ( 'NONE',  ( 1.000000000000000000, 0.0000000000000000000, -0.0000000000000000000 ) ) ;
#1313 = ORIENTED_EDGE ( 'NONE', *, *, #3465, .T. ) ;
#1314 = CARTESIAN_POINT ( 'NONE',  ( 0.7745966692414838500, 1.200000000000000000, 4.400000000000000400 ) ) ;
#1315 = ORIENTED_EDGE ( 'NONE', *, *, #1888, .F. ) ;
#1316 = CARTESIAN_POINT ( 'NONE',  ( 2.399999999999999900, 1.100000000000000100, 5.200000000000001100 ) ) ;
#1317 = PLANE ( 'NONE',  #3754 ) ;
#1318 = ORIENTED_EDGE ( 'NONE', *, *, #2849, .T. ) ;
#1319 = VECTOR ( 'NONE', #1392, 1000.000000000000000 ) ;
#1320 = EDGE_CURVE ( 'NONE', #3401, #604, #707, .T. ) ;
#1321 = CARTESIAN_POINT ( 'NONE',  ( 2.399999999999999900, -1.200000000000000000, 0.0000000000000000000 ) ) ;
#1322 = COLOUR_RGB ( '',1.000000000000000000, 0.8000000000000000400, 0.2000000000000000100 ) ;
#1323 = UNCERTAINTY_MEASURE_WITH_UNIT (LENGTH_MEASURE( 1.000000000000000100E-005 ), #3762, 'distance_accuracy_value', 'NONE');
#1324 = CARTESIAN_POINT ( 'NONE',  ( 1.800000000000000300, -0.4940134084949899800, 0.0000000000000000000 ) ) ;
#1325 = LINE ( 'NONE', #1583, #2026 ) ;
#1326 = FILL_AREA_STYLE ('',( #3638 ) ) ;
#1327 = ADVANCED_FACE ( 'NONE', ( #2942 ), #930, .T. ) ;
#1328 = FACE_OUTER_BOUND ( 'NONE', #723, .T. ) ;
#1329 = ORIENTED_EDGE ( 'NONE', *, *, #1859, .T. ) ;
#1330 = CARTESIAN_POINT ( 'NONE',  ( 0.8000000000000003800, -0.5999999999999999800, 4.599999999999999600 ) ) ;
#1331 = PRESENTATION_LAYER_ASSIGNMENT (  '', '', ( #1522 ) ) ;
#1332 = STYLED_ITEM ( 'NONE', ( #2296 ), #2810 ) ;
#1333 = DIRECTION ( 'NONE',  ( -1.000000000000000000, 0.0000000000000000000, 0.0000000000000000000 ) ) ;
#1334 = DIRECTION ( 'NONE',  ( 0.0000000000000000000, 0.0000000000000000000, 1.000000000000000000 ) ) ;
#1335 = AXIS2_PLACEMENT_3D ( 'NONE', #2490, #733, #2775 ) ;
#1336 = PRODUCT_DEFINITION_FORMATION_WITH_SPECIFIED_SOURCE ( 'ANY', '', #3397, .NOT_KNOWN. ) ;
#1337 = CIRCLE ( 'NONE', #1651, 0.09999999999999982500 ) ;
#1338 = VERTEX_POINT ( 'NONE', #640 ) ;
#1339 =( NAMED_UNIT ( * ) PLANE_ANGLE_UNIT ( ) SI_UNIT ( $, .RADIAN. ) );
#1340 =( LENGTH_UNIT ( ) NAMED_UNIT ( * ) SI_UNIT ( .MILLI., .METRE. ) );
#1341 = PRESENTATION_LAYER_ASSIGNMENT (  '', '', ( #945 ) ) ;
#1342 = VERTEX_POINT ( 'NONE', #938 ) ;
#1343 = DIRECTION ( 'NONE',  ( -0.9840619558467425000, -1.527584229640260800E-016, -0.1778259459558250400 ) ) ;
#1344 = ORIENTED_EDGE ( 'NONE', *, *, #3411, .T. ) ;
#1345 = CARTESIAN_POINT ( 'NONE',  ( 2.499999999999999600, 1.100000000000000100, 0.0000000000000000000 ) ) ;
#1346 =( NAMED_UNIT ( * ) PLANE_ANGLE_UNIT ( ) SI_UNIT ( $, .RADIAN. ) );
#1347 = PRESENTATION_STYLE_ASSIGNMENT (( #2077 ) ) ;
#1348 = CARTESIAN_POINT ( 'NONE',  ( 2.399999999999999900, -1.200000000000000200, 6.000000000000000000 ) ) ;
#1349 = CARTESIAN_POINT ( 'NONE',  ( -1.700000000000000000, -0.3940134084949896700, 0.0000000000000000000 ) ) ;
#1350 = PLANE ( 'NONE',  #478 ) ;
#1351 =( NAMED_UNIT ( * ) SI_UNIT ( $, .STERADIAN. ) SOLID_ANGLE_UNIT ( ) );
#1352 = EDGE_CURVE ( 'NONE', #2620, #3276, #3433, .T. ) ;
#1353 = FACE_OUTER_BOUND ( 'NONE', #1631, .T. ) ;
#1354 = CIRCLE ( 'NONE', #2819, 0.09999999999999982500 ) ;
#1355 = ADVANCED_FACE ( 'NONE', ( #2675 ), #2682, .T. ) ;
#1356 = DIRECTION ( 'NONE',  ( 1.552325258144789900E-016, 1.000000000000000000, -0.0000000000000000000 ) ) ;
#1357 = SURFACE_SIDE_STYLE ('',( #2684 ) ) ;
#1358 =( NAMED_UNIT ( * ) PLANE_ANGLE_UNIT ( ) SI_UNIT ( $, .RADIAN. ) );
#1359 = DIRECTION ( 'NONE',  ( -0.0000000000000000000, -1.000000000000000000, 0.0000000000000000000 ) ) ;
#1360 = VECTOR ( 'NONE', #417, 1000.000000000000000 ) ;
#1361 =( GEOMETRIC_REPRESENTATION_CONTEXT ( 3 ) GLOBAL_UNCERTAINTY_ASSIGNED_CONTEXT ( ( #2636 ) ) GLOBAL_UNIT_ASSIGNED_CONTEXT ( ( #498, #2550, #793 ) ) REPRESENTATION_CONTEXT ( 'NONE', 'WORKASPACE' ) );
#1362 = STYLED_ITEM ( 'NONE', ( #1758 ), #1309 ) ;
#1363 = SURFACE_STYLE_USAGE ( .BOTH. , #3685 ) ;
#1364 = FILL_AREA_STYLE_COLOUR ( '', #3100 ) ;
#1365 =( LENGTH_UNIT ( ) NAMED_UNIT ( * ) SI_UNIT ( .MILLI., .METRE. ) );
#1366 = ORIENTED_EDGE ( 'NONE', *, *, #3044, .T. ) ;
#1367 = VERTEX_POINT ( 'NONE', #2978 ) ;
#1368 = ORIENTED_EDGE ( 'NONE', *, *, #2641, .F. ) ;
#1369 = CARTESIAN_POINT ( 'NONE',  ( -0.7999999999999999300, 0.6999999999999999600, 0.0000000000000000000 ) ) ;
#1370 = CARTESIAN_POINT ( 'NONE',  ( -1.404119754421040000, -0.3940134084949900000, 4.700000000000000200 ) ) ;
#1371 = DIRECTION ( 'NONE',  ( 1.000000000000000000, -0.0000000000000000000, 0.0000000000000000000 ) ) ;
#1372 = CARTESIAN_POINT ( 'NONE',  ( 2.499999999999999600, -1.100000000000000100, 6.000000000000000000 ) ) ;
#1373 = ORIENTED_EDGE ( 'NONE', *, *, #461, .T. ) ;
#1374 = DIRECTION ( 'NONE',  ( 0.0000000000000000000, 0.0000000000000000000, -1.000000000000000000 ) ) ;
#1375 = ADVANCED_FACE ( 'NONE', ( #3063 ), #3275, .T. ) ;
#1376 = LINE ( 'NONE', #3121, #2062 ) ;
#1377 = DIRECTION ( 'NONE',  ( 0.0000000000000000000, 0.0000000000000000000, 1.000000000000000000 ) ) ;
#1378 = STYLED_ITEM ( 'NONE', ( #1898 ), #3653 ) ;
#1379 = CARTESIAN_POINT ( 'NONE',  ( 0.8000000000000000400, 1.200000000000000000, 6.000000000000000000 ) ) ;
#1380 = ORIENTED_EDGE ( 'NONE', *, *, #1408, .F. ) ;
#1381 = PRESENTATION_STYLE_ASSIGNMENT (( #3478 ) ) ;
#1382 = SURFACE_STYLE_USAGE ( .BOTH. , #3115 ) ;
#1383 = CARTESIAN_POINT ( 'NONE',  ( 1.899999999999999900, -0.3940134084949900000, 0.0000000000000000000 ) ) ;
#1384 = ORIENTED_EDGE ( 'NONE', *, *, #755, .T. ) ;
#1385 =( GEOMETRIC_REPRESENTATION_CONTEXT ( 3 ) GLOBAL_UNCERTAINTY_ASSIGNED_CONTEXT ( ( #1846 ) ) GLOBAL_UNIT_ASSIGNED_CONTEXT ( ( #690, #2728, #976 ) ) REPRESENTATION_CONTEXT ( 'NONE', 'WORKASPACE' ) );
#1386 = DIRECTION ( 'NONE',  ( 1.000000000000000000, 0.0000000000000000000, 0.0000000000000000000 ) ) ;
#1387 = ORIENTED_EDGE ( 'NONE', *, *, #2331, .T. ) ;
#1388 = DIRECTION ( 'NONE',  ( -0.0000000000000000000, -0.0000000000000000000, -1.000000000000000000 ) ) ;
#1389 =( NAMED_UNIT ( * ) SI_UNIT ( $, .STERADIAN. ) SOLID_ANGLE_UNIT ( ) );
#1390 = ORIENTED_EDGE ( 'NONE', *, *, #28, .T. ) ;
#1391 =( NAMED_UNIT ( * ) PLANE_ANGLE_UNIT ( ) SI_UNIT ( $, .RADIAN. ) );
#1392 = DIRECTION ( 'NONE',  ( 1.000000000000000000, -0.0000000000000000000, 0.0000000000000000000 ) ) ;
#1393 = FILL_AREA_STYLE_COLOUR ( '', #1252 ) ;
#1394 = VECTOR ( 'NONE', #1026, 1000.000000000000200 ) ;
#1395 = ORIENTED_EDGE ( 'NONE', *, *, #434, .T. ) ;
#1396 = ADVANCED_FACE ( 'NONE', ( #2812 ), #905, .F. ) ;
#1397 = CARTESIAN_POINT ( 'NONE',  ( -0.7999999999999999300, 1.200000000000000000, 0.0000000000000000000 ) ) ;
#1398 = LINE ( 'NONE', #1217, #2938 ) ;
#1399 = VECTOR ( 'NONE', #855, 1000.000000000000000 ) ;
#1400 = PRESENTATION_STYLE_ASSIGNMENT (( #3250 ) ) ;
#1401 = CARTESIAN_POINT ( 'NONE',  ( -0.8700000000000000000, -0.3940134084949900000, 1.744261863100000200 ) ) ;
#1402 = SURFACE_STYLE_FILL_AREA ( #1293 ) ;
#1403 = DIRECTION ( 'NONE',  ( -0.0000000000000000000, -1.000000000000000000, -0.0000000000000000000 ) ) ;
#1404 = SURFACE_SIDE_STYLE ('',( #829 ) ) ;
#1405 = EDGE_CURVE ( 'NONE', #2372, #3610, #2539, .T. ) ;
#1406 = UNCERTAINTY_MEASURE_WITH_UNIT (LENGTH_MEASURE( 1.000000000000000100E-005 ), #3170, 'distance_accuracy_value', 'NONE');
#1407 = CARTESIAN_POINT ( 'NONE',  ( 2.500000000000000000, 1.200000000000000000, 0.0000000000000000000 ) ) ;
#1408 = EDGE_CURVE ( 'NONE', #3375, #3768, #3291, .T. ) ;
#1409 = EDGE_CURVE ( 'NONE', #1161, #1555, #1756, .T. ) ;
#1410 = FILL_AREA_STYLE_COLOUR ( '', #1698 ) ;
#1411 =( NAMED_UNIT ( * ) PLANE_ANGLE_UNIT ( ) SI_UNIT ( $, .RADIAN. ) );
#1412 = PRESENTATION_LAYER_ASSIGNMENT (  '', '', ( #1013 ) ) ;
#1413 = DIRECTION ( 'NONE',  ( -5.584547527915730100E-016, -1.000000000000000000, 0.0000000000000000000 ) ) ;
#1414 = DIRECTION ( 'NONE',  ( -1.000000000000000000, 0.0000000000000000000, -0.0000000000000000000 ) ) ;
#1415 = VECTOR ( 'NONE', #2685, 1000.000000000000000 ) ;
#1416 = SURFACE_SIDE_STYLE ('',( #2791 ) ) ;
#1417 = ORIENTED_EDGE ( 'NONE', *, *, #2135, .T. ) ;
#1418 = AXIS2_PLACEMENT_3D ( 'NONE', #962, #2996, #1254 ) ;
#1419 = VECTOR ( 'NONE', #3582, 1000.000000000000000 ) ;
#1420 = ORIENTED_EDGE ( 'NONE', *, *, #523, .T. ) ;
#1421 = AXIS2_PLACEMENT_3D ( 'NONE', #3319, #1577, #3619 ) ;
#1422 = ORIENTED_EDGE ( 'NONE', *, *, #225, .T. ) ;
#1423 = SURFACE_STYLE_FILL_AREA ( #407 ) ;
#1424 = LINE ( 'NONE', #3030, #2882 ) ;
#1425 = LINE ( 'NONE', #1934, #2883 ) ;
#1426 = SURFACE_STYLE_USAGE ( .BOTH. , #3155 ) ;
#1427 = ADVANCED_FACE ( 'NONE', ( #2437 ), #1492, .F. ) ;
#1428 = SURFACE_STYLE_FILL_AREA ( #548 ) ;
#1429 = SURFACE_STYLE_USAGE ( .BOTH. , #3157 ) ;
#1430 = CARTESIAN_POINT ( 'NONE',  ( 0.7999999999999999300, 0.9000000000000001300, 5.200000000000001100 ) ) ;
#1431 = COLOUR_RGB ( '',0.2509803921568627400, 0.2509803921568627400, 0.2509803921568627400 ) ;
#1432 = EDGE_CURVE ( 'NONE', #2669, #2845, #1398, .T. ) ;
#1433 = DIRECTION ( 'NONE',  ( 0.0000000000000000000, -1.000000000000000000, -0.0000000000000000000 ) ) ;
#1434 = CIRCLE ( 'NONE', #1569, 0.8000000000000003800 ) ;
#1435 = VECTOR ( 'NONE', #1705, 1000.000000000000000 ) ;
#1436 = ORIENTED_EDGE ( 'NONE', *, *, #2502, .F. ) ;
#1437 = LINE ( 'NONE', #2066, #2207 ) ;
#1438 = EDGE_LOOP ( 'NONE', ( #2462, #3518, #1541, #880 ) ) ;
#1439 =( GEOMETRIC_REPRESENTATION_CONTEXT ( 3 ) GLOBAL_UNCERTAINTY_ASSIGNED_CONTEXT ( ( #2119 ) ) GLOBAL_UNIT_ASSIGNED_CONTEXT ( ( #245, #2290, #537 ) ) REPRESENTATION_CONTEXT ( 'NONE', 'WORKASPACE' ) );
#1440 = CARTESIAN_POINT ( 'NONE',  ( 2.775557561562889900E-016, 0.9000000000000001300, 4.599999999999999600 ) ) ;
#1441 =( NAMED_UNIT ( * ) PLANE_ANGLE_UNIT ( ) SI_UNIT ( $, .RADIAN. ) );
#1442 =( GEOMETRIC_REPRESENTATION_CONTEXT ( 3 ) GLOBAL_UNCERTAINTY_ASSIGNED_CONTEXT ( ( #352 ) ) GLOBAL_UNIT_ASSIGNED_CONTEXT ( ( #3090, #1358, #3378 ) ) REPRESENTATION_CONTEXT ( 'NONE', 'WORKASPACE' ) );
#1443 = CARTESIAN_POINT ( 'NONE',  ( -1.800000000000000300, -0.5940134084949899600, 0.0000000000000000000 ) ) ;
#1444 = UNCERTAINTY_MEASURE_WITH_UNIT (LENGTH_MEASURE( 1.000000000000000100E-005 ), #3145, 'distance_accuracy_value', 'NONE');
#1445 = FILL_AREA_STYLE ('',( #856 ) ) ;
#1446 =( NAMED_UNIT ( * ) PLANE_ANGLE_UNIT ( ) SI_UNIT ( $, .RADIAN. ) );
#1447 = UNCERTAINTY_MEASURE_WITH_UNIT (LENGTH_MEASURE( 1.000000000000000100E-005 ), #3475, 'distance_accuracy_value', 'NONE');
#1448 = SURFACE_STYLE_USAGE ( .BOTH. , #1945 ) ;
#1449 = SURFACE_SIDE_STYLE ('',( #3593 ) ) ;
#1450 = SURFACE_STYLE_USAGE ( .BOTH. , #3182 ) ;
#1451 = EDGE_CURVE ( 'NONE', #3375, #2561, #3711, .T. ) ;
#1452 = EDGE_CURVE ( 'NONE', #2369, #1342, #617, .T. ) ;
#1453 = FACE_OUTER_BOUND ( 'NONE', #2426, .T. ) ;
#1454 = ORIENTED_EDGE ( 'NONE', *, *, #3241, .T. ) ;
#1455 = DIRECTION ( 'NONE',  ( 0.0000000000000000000, 0.0000000000000000000, 1.000000000000000000 ) ) ;
#1456 = ORIENTED_EDGE ( 'NONE', *, *, #2895, .F. ) ;
#1457 = ORIENTED_EDGE ( 'NONE', *, *, #2264, .T. ) ;
#1458 = MECHANICAL_DESIGN_GEOMETRIC_PRESENTATION_REPRESENTATION (  '', ( #872 ), #1648 ) ;
#1459 = CARTESIAN_POINT ( 'NONE',  ( -1.204119754421040500, -0.3940134084949900000, 4.700000000000001100 ) ) ;
#1460 = SURFACE_STYLE_USAGE ( .BOTH. , #3190 ) ;
#1461 = DIRECTION ( 'NONE',  ( 0.0000000000000000000, -1.000000000000000000, -0.0000000000000000000 ) ) ;
#1462 = VERTEX_POINT ( 'NONE', #340 ) ;
#1463 = DIRECTION ( 'NONE',  ( 0.0000000000000000000, 0.0000000000000000000, 1.000000000000000000 ) ) ;
#1464 = PRESENTATION_STYLE_ASSIGNMENT (( #2061 ) ) ;
#1465 = VECTOR ( 'NONE', #172, 1000.000000000000000 ) ;
#1466 = ORIENTED_EDGE ( 'NONE', *, *, #3169, .T. ) ;
#1467 = MECHANICAL_DESIGN_GEOMETRIC_PRESENTATION_REPRESENTATION (  '', ( #1077 ), #1657 ) ;
#1468 = LINE ( 'NONE', #3095, #691 ) ;
#1469 = EDGE_LOOP ( 'NONE', ( #615, #2333, #1745, #517, #2468, #2599 ) ) ;
#1470 = EDGE_CURVE ( 'NONE', #2144, #3309, #2164, .T. ) ;
#1471 = CARTESIAN_POINT ( 'NONE',  ( -2.500000000000000000, -1.200000000000000000, 0.0000000000000000000 ) ) ;
#1472 = EDGE_CURVE ( 'NONE', #2113, #3403, #1299, .T. ) ;
#1473 = LINE ( 'NONE', #1660, #3012 ) ;
#1474 = EDGE_CURVE ( 'NONE', #166, #700, #530, .T. ) ;
#1475 = CARTESIAN_POINT ( 'NONE',  ( -2.399999999999999900, -1.200000000000000200, 5.200000000000001100 ) ) ;
#1476 = ORIENTED_EDGE ( 'NONE', *, *, #2425, .F. ) ;
#1477 = CARTESIAN_POINT ( 'NONE',  ( -0.6700000000000001500, 0.4999865915050104600, 1.744261863100000200 ) ) ;
#1478 = ORIENTED_EDGE ( 'NONE', *, *, #3224, .F. ) ;
#1479 = ORIENTED_EDGE ( 'NONE', *, *, #2175, .T. ) ;
#1480 = EDGE_CURVE ( 'NONE', #756, #3307, #2861, .T. ) ;
#1481 = DIRECTION ( 'NONE',  ( 0.0000000000000000000, 1.000000000000000000, 0.0000000000000000000 ) ) ;
#1482 = AXIS2_PLACEMENT_3D ( 'NONE', #1045, #3077, #469 ) ;
#1483 = DIRECTION ( 'NONE',  ( 1.000000000000000000, 0.0000000000000000000, 0.0000000000000000000 ) ) ;
#1484 = MECHANICAL_DESIGN_GEOMETRIC_PRESENTATION_REPRESENTATION (  '', ( #899 ), #1677 ) ;
#1485 = FILL_AREA_STYLE ('',( #2068 ) ) ;
#1486 = CARTESIAN_POINT ( 'NONE',  ( 2.500000000000000000, -1.200000000000000000, 4.400000000000000400 ) ) ;
#1487 = VECTOR ( 'NONE', #3451, 1000.000000000000000 ) ;
#1488 = VECTOR ( 'NONE', #334, 1000.000000000000000 ) ;
#1489 = VECTOR ( 'NONE', #2440, 1000.000000000000000 ) ;
#1490 = CARTESIAN_POINT ( 'NONE',  ( -1.699999999999999700, 0.4999865915050100100, 0.5000000000000000000 ) ) ;
#1491 = MECHANICAL_DESIGN_GEOMETRIC_PRESENTATION_REPRESENTATION (  '', ( #1101 ), #1683 ) ;
#1492 = PLANE ( 'NONE',  #823 ) ;
#1493 = DIRECTION ( 'NONE',  ( 1.000000000000000000, 0.0000000000000000000, 0.0000000000000000000 ) ) ;
#1494 = SURFACE_STYLE_USAGE ( .BOTH. , #3523 ) ;
#1495 = EDGE_CURVE ( 'NONE', #2757, #3743, #2760, .T. ) ;
#1496 = PRESENTATION_LAYER_ASSIGNMENT (  '', '', ( #1109 ) ) ;
#1497 = APPLICATION_PROTOCOL_DEFINITION ( 'draft international standard', 'automotive_design', 1998, #3230 ) ;
#1498 = PRESENTATION_STYLE_ASSIGNMENT (( #2494 ) ) ;
#1499 = CARTESIAN_POINT ( 'NONE',  ( 2.399999999999999900, -1.100000000000000100, 0.0000000000000000000 ) ) ;
#1500 = EDGE_LOOP ( 'NONE', ( #3041, #2480, #1479, #3181, #2138, #391 ) ) ;
#1501 = AXIS2_PLACEMENT_3D ( 'NONE', #87, #2137, #379 ) ;
#1502 = SURFACE_STYLE_USAGE ( .BOTH. , #3238 ) ;
#1503 = ORIENTED_EDGE ( 'NONE', *, *, #2851, .F. ) ;
#1504 = FACE_OUTER_BOUND ( 'NONE', #84, .T. ) ;
#1505 = ORIENTED_EDGE ( 'NONE', *, *, #1470, .F. ) ;
#1506 = CARTESIAN_POINT ( 'NONE',  ( -1.800000000000000300, -0.4940134084949899800, 0.0000000000000000000 ) ) ;
#1507 =( GEOMETRIC_REPRESENTATION_CONTEXT ( 3 ) GLOBAL_UNCERTAINTY_ASSIGNED_CONTEXT ( ( #3370 ) ) GLOBAL_UNIT_ASSIGNED_CONTEXT ( ( #670, #2709, #1010 ) ) REPRESENTATION_CONTEXT ( 'NONE', 'WORKASPACE' ) );
#1508 = ORIENTED_EDGE ( 'NONE', *, *, #2580, .F. ) ;
#1509 = DIRECTION ( 'NONE',  ( -0.0000000000000000000, -0.0000000000000000000, -1.000000000000000000 ) ) ;
#1510 = LINE ( 'NONE', #1370, #3739 ) ;
#1511 =( LENGTH_UNIT ( ) NAMED_UNIT ( * ) SI_UNIT ( .MILLI., .METRE. ) );
#1512 = UNCERTAINTY_MEASURE_WITH_UNIT (LENGTH_MEASURE( 1.000000000000000100E-005 ), #2054, 'distance_accuracy_value', 'NONE');
#1513 = CARTESIAN_POINT ( 'NONE',  ( -1.800000000000000300, 0.5999999999999999800, 0.0000000000000000000 ) ) ;
#1514 = VERTEX_POINT ( 'NONE', #3541 ) ;
#1515 =( LENGTH_UNIT ( ) NAMED_UNIT ( * ) SI_UNIT ( .MILLI., .METRE. ) );
#1516 = DIRECTION ( 'NONE',  ( 1.000000000000000000, 0.0000000000000000000, 0.0000000000000000000 ) ) ;
#1517 = EDGE_CURVE ( 'NONE', #3604, #3770, #2672, .T. ) ;
#1518 = SURFACE_SIDE_STYLE ('',( #1549 ) ) ;
#1519 = EDGE_LOOP ( 'NONE', ( #3228, #3346, #167, #1150 ) ) ;
#1520 = LINE ( 'NONE', #3302, #2310 ) ;
#1521 = SURFACE_STYLE_FILL_AREA ( #32 ) ;
#1522 = STYLED_ITEM ( 'NONE', ( #2023 ), #424 ) ;
#1523 = COLOUR_RGB ( '',1.000000000000000000, 0.8000000000000000400, 0.2000000000000000100 ) ;
#1524 = FILL_AREA_STYLE_COLOUR ( '', #3335 ) ;
#1525 = AXIS2_PLACEMENT_3D ( 'NONE', #506, #192, #3712 ) ;
#1526 = AXIS2_PLACEMENT_3D ( 'NONE', #1306, #3329, #1596 ) ;
#1527 = PRODUCT_RELATED_PRODUCT_CATEGORY ( 'part', '', ( #3397 ) ) ;
#1528 =( LENGTH_UNIT ( ) NAMED_UNIT ( * ) SI_UNIT ( .MILLI., .METRE. ) );
#1529 = CARTESIAN_POINT ( 'NONE',  ( 1.800000000000000300, -0.5940134084949899600, 0.0000000000000000000 ) ) ;
#1530 = DIRECTION ( 'NONE',  ( 0.0000000000000000000, -0.0000000000000000000, -1.000000000000000000 ) ) ;
#1531 =( NAMED_UNIT ( * ) SI_UNIT ( $, .STERADIAN. ) SOLID_ANGLE_UNIT ( ) );
#1532 = MECHANICAL_DESIGN_GEOMETRIC_PRESENTATION_REPRESENTATION (  '', ( #945 ), #1731 ) ;
#1533 = SURFACE_STYLE_USAGE ( .BOTH. , #1944 ) ;
#1534 = CARTESIAN_POINT ( 'NONE',  ( 2.200000000000000200, -0.9000000000000001300, 4.400000000000000400 ) ) ;
#1535 = FILL_AREA_STYLE_COLOUR ( '', #3568 ) ;
#1536 = EDGE_CURVE ( 'NONE', #2690, #873, #423, .T. ) ;
#1537 = ORIENTED_EDGE ( 'NONE', *, *, #2652, .F. ) ;
#1538 = SURFACE_SIDE_STYLE ('',( #638 ) ) ;
#1539 = VERTEX_POINT ( 'NONE', #3567 ) ;
#1540 = DIRECTION ( 'NONE',  ( 0.0000000000000000000, -1.000000000000000000, -0.0000000000000000000 ) ) ;
#1541 = ORIENTED_EDGE ( 'NONE', *, *, #1888, .T. ) ;
#1542 = CARTESIAN_POINT ( 'NONE',  ( 0.6700000000000001500, 0.4999865915050104600, 1.744261863100000200 ) ) ;
#1543 = VERTEX_POINT ( 'NONE', #1534 ) ;
#1544 = VECTOR ( 'NONE', #2163, 1000.000000000000000 ) ;
#1545 = PRESENTATION_LAYER_ASSIGNMENT (  '', '', ( #1362 ) ) ;
#1546 = ORIENTED_EDGE ( 'NONE', *, *, #223, .T. ) ;
#1547 = UNCERTAINTY_MEASURE_WITH_UNIT (LENGTH_MEASURE( 1.000000000000000100E-005 ), #490, 'distance_accuracy_value', 'NONE');
#1548 = SURFACE_STYLE_FILL_AREA ( #2543 ) ;
#1549 = SURFACE_STYLE_FILL_AREA ( #3255 ) ;
#1550 = FILL_AREA_STYLE_COLOUR ( '', #3087 ) ;
#1551 = VECTOR ( 'NONE', #2223, 1000.000000000000000 ) ;
#1552 = ORIENTED_EDGE ( 'NONE', *, *, #887, .T. ) ;
#1553 = COLOUR_RGB ( '',1.000000000000000000, 0.8000000000000000400, 0.2000000000000000100 ) ;
#1554 = UNCERTAINTY_MEASURE_WITH_UNIT (LENGTH_MEASURE( 1.000000000000000100E-005 ), #1587, 'distance_accuracy_value', 'NONE');
#1555 = VERTEX_POINT ( 'NONE', #674 ) ;
#1556 = PLANE ( 'NONE',  #2970 ) ;
#1557 = ORIENTED_EDGE ( 'NONE', *, *, #1495, .F. ) ;
#1558 = AXIS2_PLACEMENT_3D ( 'NONE', #416, #2467, #716 ) ;
#1559 = CARTESIAN_POINT ( 'NONE',  ( 0.0000000000000000000, -0.4940134084949899800, 5.200000000000001100 ) ) ;
#1560 = ORIENTED_EDGE ( 'NONE', *, *, #1405, .F. ) ;
#1561 = CARTESIAN_POINT ( 'NONE',  ( -1.699999999999999700, 0.4999865915050100100, 4.700000000000000200 ) ) ;
#1562 = DIRECTION ( 'NONE',  ( 0.0000000000000000000, -0.0000000000000000000, -1.000000000000000000 ) ) ;
#1563 = DIRECTION ( 'NONE',  ( 1.000000000000000000, 0.0000000000000000000, 0.0000000000000000000 ) ) ;
#1564 = CARTESIAN_POINT ( 'NONE',  ( 0.7999999999999999300, -1.200000000000000000, 5.200000000000001100 ) ) ;
#1565 =( NAMED_UNIT ( * ) SI_UNIT ( $, .STERADIAN. ) SOLID_ANGLE_UNIT ( ) );
#1566 = VECTOR ( 'NONE', #2871, 1000.000000000000000 ) ;
#1567 = VECTOR ( 'NONE', #3005, 1000.000000000000000 ) ;
#1568 = CARTESIAN_POINT ( 'NONE',  ( -0.7745966692414831800, -0.5999999999999999800, 4.400000000000000400 ) ) ;
#1569 = AXIS2_PLACEMENT_3D ( 'NONE', #747, #3074, #145 ) ;
#1570 = DIRECTION ( 'NONE',  ( -1.552325258144789900E-016, 1.000000000000000000, 0.0000000000000000000 ) ) ;
#1571 =( LENGTH_UNIT ( ) NAMED_UNIT ( * ) SI_UNIT ( .MILLI., .METRE. ) );
#1572 = SURFACE_STYLE_USAGE ( .BOTH. , #3312 ) ;
#1573 = CARTESIAN_POINT ( 'NONE',  ( 2.499999999999999600, 1.100000000000000100, 5.200000000000001100 ) ) ;
#1574 = VECTOR ( 'NONE', #1903, 1000.000000000000000 ) ;
#1575 = DIRECTION ( 'NONE',  ( 0.0000000000000000000, 0.0000000000000000000, 1.000000000000000000 ) ) ;
#1576 = DIRECTION ( 'NONE',  ( 1.000000000000000000, 2.220446049250310100E-016, 0.0000000000000000000 ) ) ;
#1577 = DIRECTION ( 'NONE',  ( 1.156482317317870000E-016, 1.000000000000000000, -0.0000000000000000000 ) ) ;
#1578 = EDGE_LOOP ( 'NONE', ( #1384, #2710, #2183, #833 ) ) ;
#1579 = ORIENTED_EDGE ( 'NONE', *, *, #641, .F. ) ;
#1580 = EDGE_CURVE ( 'NONE', #958, #1194, #1997, .T. ) ;
#1581 = EDGE_CURVE ( 'NONE', #1066, #2877, #1891, .T. ) ;
#1582 = EDGE_CURVE ( 'NONE', #700, #873, #329, .T. ) ;
#1583 = CARTESIAN_POINT ( 'NONE',  ( 2.200000000000000200, -0.9000000000000001300, 4.400000000000000400 ) ) ;
#1584 = VERTEX_POINT ( 'NONE', #1848 ) ;
#1585 = CARTESIAN_POINT ( 'NONE',  ( 1.800000000000000300, 0.4999865915050100100, 2.600000000000000500 ) ) ;
#1586 = SURFACE_STYLE_FILL_AREA ( #2857 ) ;
#1587 =( LENGTH_UNIT ( ) NAMED_UNIT ( * ) SI_UNIT ( .MILLI., .METRE. ) );
#1588 = SURFACE_SIDE_STYLE ('',( #333 ) ) ;
#1589 = DIRECTION ( 'NONE',  ( 0.1778259459558250200, 0.0000000000000000000, -0.9840619558467422800 ) ) ;
#1590 = ORIENTED_EDGE ( 'NONE', *, *, #291, .T. ) ;
#1591 = VECTOR ( 'NONE', #2364, 1000.000000000000000 ) ;
#1592 = ADVANCED_FACE ( 'NONE', ( #1119 ), #1556, .F. ) ;
#1593 = LINE ( 'NONE', #465, #3047 ) ;
#1594 = MECHANICAL_DESIGN_GEOMETRIC_PRESENTATION_REPRESENTATION (  '', ( #1013 ), #1796 ) ;
#1595 = STYLED_ITEM ( 'NONE', ( #3556 ), #2589 ) ;
#1596 = DIRECTION ( 'NONE',  ( -1.000000000000000000, 2.220446049250310100E-016, 0.0000000000000000000 ) ) ;
#1597 = VECTOR ( 'NONE', #807, 1000.000000000000000 ) ;
#1598 =( NAMED_UNIT ( * ) SI_UNIT ( $, .STERADIAN. ) SOLID_ANGLE_UNIT ( ) );
#1599 = AXIS2_PLACEMENT_3D ( 'NONE', #2139, #382, #2429 ) ;
#1600 = STYLED_ITEM ( 'NONE', ( #2302 ), #3745 ) ;
#1601 = LINE ( 'NONE', #572, #832 ) ;
#1602 = ORIENTED_EDGE ( 'NONE', *, *, #291, .F. ) ;
#1603 = CARTESIAN_POINT ( 'NONE',  ( 2.500000000000000000, 1.200000000000000000, 0.0000000000000000000 ) ) ;
#1604 = DIRECTION ( 'NONE',  ( -0.0000000000000000000, -1.000000000000000000, -0.0000000000000000000 ) ) ;
#1605 = PRESENTATION_LAYER_ASSIGNMENT (  '', '', ( #1215 ) ) ;
#1606 = DIRECTION ( 'NONE',  ( 1.000000000000000000, 0.0000000000000000000, 0.0000000000000000000 ) ) ;
#1607 = ORIENTED_EDGE ( 'NONE', *, *, #1352, .T. ) ;
#1608 = DIRECTION ( 'NONE',  ( 1.000000000000000000, 0.0000000000000000000, 0.0000000000000000000 ) ) ;
#1609 = FILL_AREA_STYLE_COLOUR ( '', #3774 ) ;
#1610 = EDGE_CURVE ( 'NONE', #604, #3108, #1520, .T. ) ;
#1611 = ADVANCED_FACE ( 'NONE', ( #2210 ), #3602, .F. ) ;
#1612 = CARTESIAN_POINT ( 'NONE',  ( 1.204119754421040500, -0.4940134084949899800, 4.700000000000000200 ) ) ;
#1613 = COLOUR_RGB ( '',0.2509803921568627400, 0.2509803921568627400, 0.2509803921568627400 ) ;
#1614 = LINE ( 'NONE', #3051, #2393 ) ;
#1615 = CARTESIAN_POINT ( 'NONE',  ( 0.8699999999999997700, -0.3940134084949900000, 1.744261863099999100 ) ) ;
#1616 = FACE_OUTER_BOUND ( 'NONE', #345, .T. ) ;
#1617 = LINE ( 'NONE', #568, #3164 ) ;
#1618 = CARTESIAN_POINT ( 'NONE',  ( -2.399999999999999900, 1.100000000000000100, 5.200000000000001100 ) ) ;
#1619 = COLOUR_RGB ( '',0.2509803921568627400, 0.2509803921568627400, 0.2509803921568627400 ) ;
#1620 = SURFACE_STYLE_USAGE ( .BOTH. , #3348 ) ;
#1621 = STYLED_ITEM ( 'NONE', ( #1498 ), #2258 ) ;
#1622 = DIRECTION ( 'NONE',  ( -0.0000000000000000000, -1.000000000000000000, -0.0000000000000000000 ) ) ;
#1623 = CARTESIAN_POINT ( 'NONE',  ( -2.200000000000000200, 0.9000000000000001300, 4.400000000000000400 ) ) ;
#1624 = UNCERTAINTY_MEASURE_WITH_UNIT (LENGTH_MEASURE( 1.000000000000000100E-005 ), #2353, 'distance_accuracy_value', 'NONE');
#1625 = SURFACE_STYLE_FILL_AREA ( #1965 ) ;
#1626 =( NAMED_UNIT ( * ) SI_UNIT ( $, .STERADIAN. ) SOLID_ANGLE_UNIT ( ) );
#1627 = ORIENTED_EDGE ( 'NONE', *, *, #1027, .T. ) ;
#1628 = ORIENTED_EDGE ( 'NONE', *, *, #2895, .T. ) ;
#1629 = SURFACE_STYLE_USAGE ( .BOTH. , #3364 ) ;
#1630 = ADVANCED_FACE ( 'NONE', ( #3477 ), #2171, .T. ) ;
#1631 = EDGE_LOOP ( 'NONE', ( #3406, #3268, #929, #3192 ) ) ;
#1632 = CARTESIAN_POINT ( 'NONE',  ( -0.7999999999999999300, 0.9000000000000001300, 5.200000000000001100 ) ) ;
#1633 = ORIENTED_EDGE ( 'NONE', *, *, #3617, .T. ) ;
#1634 = STYLED_ITEM ( 'NONE', ( #935 ), #3423 ) ;
#1635 = CARTESIAN_POINT ( 'NONE',  ( 2.500000000000000000, -0.9000000000000001300, 4.400000000000000400 ) ) ;
#1636 = ORIENTED_EDGE ( 'NONE', *, *, #2697, .F. ) ;
#1637 = EDGE_CURVE ( 'NONE', #1584, #574, #3195, .T. ) ;
#1638 = EDGE_CURVE ( 'NONE', #2417, #2757, #2432, .T. ) ;
#1639 = ORIENTED_EDGE ( 'NONE', *, *, #1133, .T. ) ;
#1640 = VECTOR ( 'NONE', #2311, 1000.000000000000000 ) ;
#1641 = CARTESIAN_POINT ( 'NONE',  ( 0.7745966692414838500, 0.9000000000000001300, 4.400000000000000400 ) ) ;
#1642 =( LENGTH_UNIT ( ) NAMED_UNIT ( * ) SI_UNIT ( .MILLI., .METRE. ) );
#1643 = DIRECTION ( 'NONE',  ( -0.0000000000000000000, -0.0000000000000000000, -1.000000000000000000 ) ) ;
#1644 = SURFACE_SIDE_STYLE ('',( #2427 ) ) ;
#1645 = VECTOR ( 'NONE', #3368, 1000.000000000000200 ) ;
#1646 = ORIENTED_EDGE ( 'NONE', *, *, #3489, .F. ) ;
#1647 = CARTESIAN_POINT ( 'NONE',  ( 2.775557561562889900E-016, -0.5999999999999999800, 4.599999999999999600 ) ) ;
#1648 =( GEOMETRIC_REPRESENTATION_CONTEXT ( 3 ) GLOBAL_UNCERTAINTY_ASSIGNED_CONTEXT ( ( #566 ) ) GLOBAL_UNIT_ASSIGNED_CONTEXT ( ( #3226, #1196, #2944 ) ) REPRESENTATION_CONTEXT ( 'NONE', 'WORKASPACE' ) );
#1649 = VECTOR ( 'NONE', #920, 1000.000000000000000 ) ;
#1650 =( NAMED_UNIT ( * ) SI_UNIT ( $, .STERADIAN. ) SOLID_ANGLE_UNIT ( ) );
#1651 = AXIS2_PLACEMENT_3D ( 'NONE', #1787, #40, #2095 ) ;
#1652 = VERTEX_POINT ( 'NONE', #2186 ) ;
#1653 = ADVANCED_FACE ( 'NONE', ( #196 ), #3056, .F. ) ;
#1654 = ORIENTED_EDGE ( 'NONE', *, *, #1266, .F. ) ;
#1655 = DIRECTION ( 'NONE',  ( -1.552325258144789900E-016, -1.000000000000000000, 0.0000000000000000000 ) ) ;
#1656 = COLOUR_RGB ( '',1.000000000000000000, 0.8000000000000000400, 0.2000000000000000100 ) ;
#1657 =( GEOMETRIC_REPRESENTATION_CONTEXT ( 3 ) GLOBAL_UNCERTAINTY_ASSIGNED_CONTEXT ( ( #2191 ) ) GLOBAL_UNIT_ASSIGNED_CONTEXT ( ( #3481, #1741, #3769 ) ) REPRESENTATION_CONTEXT ( 'NONE', 'WORKASPACE' ) );
#1658 = EDGE_LOOP ( 'NONE', ( #1829, #2731, #993, #1843, #1315 ) ) ;
#1659 = CARTESIAN_POINT ( 'NONE',  ( 1.800000000000000300, 0.4999865915050100100, 0.5000000000000000000 ) ) ;
#1660 = CARTESIAN_POINT ( 'NONE',  ( -1.700000000000000000, -0.3940134084949900000, 0.0000000000000000000 ) ) ;
#1661 = PRESENTATION_STYLE_ASSIGNMENT (( #1502 ) ) ;
#1662 = FILL_AREA_STYLE_COLOUR ( '', #3413 ) ;
#1663 = FACE_OUTER_BOUND ( 'NONE', #2149, .T. ) ;
#1664 =( NAMED_UNIT ( * ) SI_UNIT ( $, .STERADIAN. ) SOLID_ANGLE_UNIT ( ) );
#1665 = EDGE_CURVE ( 'NONE', #3286, #2078, #614, .T. ) ;
#1666 =( NAMED_UNIT ( * ) PLANE_ANGLE_UNIT ( ) SI_UNIT ( $, .RADIAN. ) );
#1667 = EDGE_CURVE ( 'NONE', #3065, #3401, #3607, .T. ) ;
#1668 = EDGE_CURVE ( 'NONE', #3187, #3289, #2855, .T. ) ;
#1669 = LINE ( 'NONE', #1708, #3120 ) ;
#1670 = LINE ( 'NONE', #1845, #3122 ) ;
#1671 = DIRECTION ( 'NONE',  ( -0.0000000000000000000, -1.000000000000000000, -0.0000000000000000000 ) ) ;
#1672 = CARTESIAN_POINT ( 'NONE',  ( 2.000000000000000000, -0.6999999999999999600, 0.0000000000000000000 ) ) ;
#1673 = EDGE_CURVE ( 'NONE', #1933, #2389, #890, .T. ) ;
#1674 = CARTESIAN_POINT ( 'NONE',  ( 2.500000000000000000, -1.200000000000000000, 0.0000000000000000000 ) ) ;
#1675 = ADVANCED_FACE ( 'NONE', ( #1202 ), #1350, .F. ) ;
#1676 = MECHANICAL_DESIGN_GEOMETRIC_PRESENTATION_REPRESENTATION (  '', ( #1282 ), #1871 ) ;
#1677 =( GEOMETRIC_REPRESENTATION_CONTEXT ( 3 ) GLOBAL_UNCERTAINTY_ASSIGNED_CONTEXT ( ( #2401 ) ) GLOBAL_UNIT_ASSIGNED_CONTEXT ( ( #2419, #675, #2717 ) ) REPRESENTATION_CONTEXT ( 'NONE', 'WORKASPACE' ) );
#1678 = UNCERTAINTY_MEASURE_WITH_UNIT (LENGTH_MEASURE( 1.000000000000000100E-005 ), #533, 'distance_accuracy_value', 'NONE');
#1679 = DIRECTION ( 'NONE',  ( -0.0000000000000000000, -0.0000000000000000000, -1.000000000000000000 ) ) ;
#1680 = ORIENTED_EDGE ( 'NONE', *, *, #2395, .T. ) ;
#1681 = FILL_AREA_STYLE ('',( #804 ) ) ;
#1682 = FACE_OUTER_BOUND ( 'NONE', #1197, .T. ) ;
#1683 =( GEOMETRIC_REPRESENTATION_CONTEXT ( 3 ) GLOBAL_UNCERTAINTY_ASSIGNED_CONTEXT ( ( #1406 ) ) GLOBAL_UNIT_ASSIGNED_CONTEXT ( ( #3170, #1441, #3462 ) ) REPRESENTATION_CONTEXT ( 'NONE', 'WORKASPACE' ) );
#1684 = ORIENTED_EDGE ( 'NONE', *, *, #1673, .T. ) ;
#1685 = DIRECTION ( 'NONE',  ( 0.0000000000000000000, -1.000000000000000000, 0.0000000000000000000 ) ) ;
#1686 = ORIENTED_EDGE ( 'NONE', *, *, #1432, .F. ) ;
#1687 = DIRECTION ( 'NONE',  ( 0.0000000000000000000, 0.0000000000000000000, 1.000000000000000000 ) ) ;
#1688 = ORIENTED_EDGE ( 'NONE', *, *, #1786, .T. ) ;
#1689 = CARTESIAN_POINT ( 'NONE',  ( -2.200000000000000200, -0.9000000000000001300, 5.200000000000001100 ) ) ;
#1690 = EDGE_CURVE ( 'NONE', #969, #1095, #2487, .T. ) ;
#1691 =( LENGTH_UNIT ( ) NAMED_UNIT ( * ) SI_UNIT ( .MILLI., .METRE. ) );
#1692 = MECHANICAL_DESIGN_GEOMETRIC_PRESENTATION_REPRESENTATION (  '', ( #1109 ), #1212 ) ;
#1693 = VERTEX_POINT ( 'NONE', #3189 ) ;
#1694 = VECTOR ( 'NONE', #595, 1000.000000000000000 ) ;
#1695 = DIRECTION ( 'NONE',  ( 0.0000000000000000000, 0.0000000000000000000, 1.000000000000000000 ) ) ;
#1696 = LINE ( 'NONE', #187, #2377 ) ;
#1697 = FACE_OUTER_BOUND ( 'NONE', #2998, .T. ) ;
#1698 = COLOUR_RGB ( '',0.2509803921568627400, 0.2509803921568627400, 0.2509803921568627400 ) ;
#1699 = ADVANCED_FACE ( 'NONE', ( #928 ), #3201, .T. ) ;
#1700 = PLANE ( 'NONE',  #1208 ) ;
#1701 = SURFACE_STYLE_FILL_AREA ( #2638 ) ;
#1702 = FILL_AREA_STYLE ('',( #1410 ) ) ;
#1703 = AXIS2_PLACEMENT_3D ( 'NONE', #2101, #338, #2390 ) ;
#1704 = ORIENTED_EDGE ( 'NONE', *, *, #1107, .T. ) ;
#1705 = DIRECTION ( 'NONE',  ( 1.000000000000000000, 0.0000000000000000000, -0.0000000000000000000 ) ) ;
#1706 = PLANE ( 'NONE',  #118 ) ;
#1707 =( LENGTH_UNIT ( ) NAMED_UNIT ( * ) SI_UNIT ( .MILLI., .METRE. ) );
#1708 = CARTESIAN_POINT ( 'NONE',  ( -2.500000000000000000, 1.200000000000000000, 6.000000000000000000 ) ) ;
#1709 = SURFACE_STYLE_FILL_AREA ( #292 ) ;
#1710 = ORIENTED_EDGE ( 'NONE', *, *, #736, .T. ) ;
#1711 = CARTESIAN_POINT ( 'NONE',  ( -0.6700000000000000400, -0.3940134084949900000, 0.5000000000000000000 ) ) ;
#1712 =( NAMED_UNIT ( * ) PLANE_ANGLE_UNIT ( ) SI_UNIT ( $, .RADIAN. ) );
#1713 =( NAMED_UNIT ( * ) PLANE_ANGLE_UNIT ( ) SI_UNIT ( $, .RADIAN. ) );
#1714 = FILL_AREA_STYLE ('',( #2320 ) ) ;
#1715 = VECTOR ( 'NONE', #2677, 1000.000000000000000 ) ;
#1716 = CARTESIAN_POINT ( 'NONE',  ( 0.7999999999999999300, 0.9000000000000000200, 4.599999999999999600 ) ) ;
#1717 = EDGE_CURVE ( 'NONE', #2366, #2577, #1437, .T. ) ;
#1718 = UNCERTAINTY_MEASURE_WITH_UNIT (LENGTH_MEASURE( 1.000000000000000100E-005 ), #2507, 'distance_accuracy_value', 'NONE');
#1719 = DIRECTION ( 'NONE',  ( 0.0000000000000000000, 1.000000000000000000, -1.301042606982610000E-016 ) ) ;
#1720 = CARTESIAN_POINT ( 'NONE',  ( -0.7999999999999999300, -1.200000000000000000, 6.000000000000000900 ) ) ;
#1721 = AXIS2_PLACEMENT_3D ( 'NONE', #787, #2402, #1386 ) ;
#1722 = DIRECTION ( 'NONE',  ( -1.776356839400249700E-015, 0.0000000000000000000, 1.000000000000000000 ) ) ;
#1723 = MECHANICAL_DESIGN_GEOMETRIC_PRESENTATION_REPRESENTATION (  '', ( #1332 ), #1927 ) ;
#1724 = UNCERTAINTY_MEASURE_WITH_UNIT (LENGTH_MEASURE( 1.000000000000000100E-005 ), #307, 'distance_accuracy_value', 'NONE');
#1725 = DIRECTION ( 'NONE',  ( 0.0000000000000000000, 0.0000000000000000000, -1.000000000000000000 ) ) ;
#1726 = FACE_OUTER_BOUND ( 'NONE', #2161, .T. ) ;
#1727 = ORIENTED_EDGE ( 'NONE', *, *, #3288, .T. ) ;
#1728 = AXIS2_PLACEMENT_3D ( 'NONE', #1316, #3341, #1608 ) ;
#1729 = VERTEX_POINT ( 'NONE', #2352 ) ;
#1730 = ORIENTED_EDGE ( 'NONE', *, *, #2270, .F. ) ;
#1731 =( GEOMETRIC_REPRESENTATION_CONTEXT ( 3 ) GLOBAL_UNCERTAINTY_ASSIGNED_CONTEXT ( ( #429 ) ) GLOBAL_UNIT_ASSIGNED_CONTEXT ( ( #1365, #3386, #1650 ) ) REPRESENTATION_CONTEXT ( 'NONE', 'WORKASPACE' ) );
#1732 = EDGE_LOOP ( 'NONE', ( #1680, #402, #542, #499 ) ) ;
#1733 = SURFACE_STYLE_USAGE ( .BOTH. , #3470 ) ;
#1734 = LINE ( 'NONE', #489, #3272 ) ;
#1735 = ORIENTED_EDGE ( 'NONE', *, *, #812, .T. ) ;
#1736 = FACE_OUTER_BOUND ( 'NONE', #2647, .T. ) ;
#1737 =( NAMED_UNIT ( * ) PLANE_ANGLE_UNIT ( ) SI_UNIT ( $, .RADIAN. ) );
#1738 = DIRECTION ( 'NONE',  ( -1.000000000000000000, 1.552325258144789900E-016, 0.0000000000000000000 ) ) ;
#1739 = EDGE_CURVE ( 'NONE', #1539, #2688, #658, .T. ) ;
#1740 =( LENGTH_UNIT ( ) NAMED_UNIT ( * ) SI_UNIT ( .MILLI., .METRE. ) );
#1741 =( NAMED_UNIT ( * ) PLANE_ANGLE_UNIT ( ) SI_UNIT ( $, .RADIAN. ) );
#1742 = LINE ( 'NONE', #3656, #3186 ) ;
#1743 = ORIENTED_EDGE ( 'NONE', *, *, #3760, .F. ) ;
#1744 = FACE_OUTER_BOUND ( 'NONE', #1243, .T. ) ;
#1745 = ORIENTED_EDGE ( 'NONE', *, *, #689, .T. ) ;
#1746 = CARTESIAN_POINT ( 'NONE',  ( -0.7700000000000000200, -0.5940134084949899600, 0.5000000000000000000 ) ) ;
#1747 = AXIS2_PLACEMENT_3D ( 'NONE', #403, #2452, #704 ) ;
#1748 = ORIENTED_EDGE ( 'NONE', *, *, #3224, .T. ) ;
#1749 = MECHANICAL_DESIGN_GEOMETRIC_PRESENTATION_REPRESENTATION (  '', ( #1362 ), #1959 ) ;
#1750 = CARTESIAN_POINT ( 'NONE',  ( -1.900000000000000100, -0.3940134084949898900, 4.700000000000000200 ) ) ;
#1751 = DIRECTION ( 'NONE',  ( 0.0000000000000000000, 0.0000000000000000000, 1.000000000000000000 ) ) ;
#1752 =( NAMED_UNIT ( * ) PLANE_ANGLE_UNIT ( ) SI_UNIT ( $, .RADIAN. ) );
#1753 = CARTESIAN_POINT ( 'NONE',  ( 0.7700000000000009100, -0.5940134084949899600, 0.0000000000000000000 ) ) ;
#1754 = VERTEX_POINT ( 'NONE', #1186 ) ;
#1755 = SURFACE_SIDE_STYLE ('',( #3334 ) ) ;
#1756 = LINE ( 'NONE', #2368, #3198 ) ;
#1757 = VECTOR ( 'NONE', #536, 1000.000000000000000 ) ;
#1758 = PRESENTATION_STYLE_ASSIGNMENT (( #919 ) ) ;
#1759 = CYLINDRICAL_SURFACE ( 'NONE', #383, 0.1000000000000000300 ) ;
#1760 =( NAMED_UNIT ( * ) PLANE_ANGLE_UNIT ( ) SI_UNIT ( $, .RADIAN. ) );
#1761 = PRESENTATION_LAYER_ASSIGNMENT (  '', '', ( #1378 ) ) ;
#1762 = DIRECTION ( 'NONE',  ( 0.0000000000000000000, -0.0000000000000000000, -1.000000000000000000 ) ) ;
#1763 = DIRECTION ( 'NONE',  ( -0.0000000000000000000, -0.0000000000000000000, 1.000000000000000000 ) ) ;
#1764 = FILL_AREA_STYLE ('',( #1174 ) ) ;
#1765 = VECTOR ( 'NONE', #2484, 1000.000000000000000 ) ;
#1766 = STYLED_ITEM ( 'NONE', ( #867 ), #1977 ) ;
#1767 = FILL_AREA_STYLE ('',( #1535 ) ) ;
#1768 = CARTESIAN_POINT ( 'NONE',  ( 0.8000000000000000400, 0.0000000000000000000, 6.000000000000000000 ) ) ;
#1769 = CARTESIAN_POINT ( 'NONE',  ( 1.700000000000000000, -0.3940134084949900000, 4.700000000000000200 ) ) ;
#1770 = VERTEX_POINT ( 'NONE', #900 ) ;
#1771 = LINE ( 'NONE', #2534, #3304 ) ;
#1772 = ORIENTED_EDGE ( 'NONE', *, *, #2047, .T. ) ;
#1773 = AXIS2_PLACEMENT_3D ( 'NONE', #1603, #146, #2196 ) ;
#1774 = CARTESIAN_POINT ( 'NONE',  ( -0.7999999999999999300, -0.9000000000000000200, 4.599999999999999600 ) ) ;
#1775 = SURFACE_STYLE_USAGE ( .BOTH. , #3515 ) ;
#1776 = ORIENTED_EDGE ( 'NONE', *, *, #3605, .T. ) ;
#1777 = FACE_OUTER_BOUND ( 'NONE', #1792, .T. ) ;
#1778 = ORIENTED_EDGE ( 'NONE', *, *, #808, .F. ) ;
#1779 = ORIENTED_EDGE ( 'NONE', *, *, #3265, .F. ) ;
#1780 = LINE ( 'NONE', #3191, #3314 ) ;
#1781 = VECTOR ( 'NONE', #2221, 1000.000000000000000 ) ;
#1782 = CARTESIAN_POINT ( 'NONE',  ( 0.7999999999999999300, -1.200000000000000000, 0.0000000000000000000 ) ) ;
#1783 = LINE ( 'NONE', #1992, #3233 ) ;
#1784 = FILL_AREA_STYLE ('',( #3384 ) ) ;
#1785 = VECTOR ( 'NONE', #1100, 1000.000000000000000 ) ;
#1786 = EDGE_CURVE ( 'NONE', #3194, #1539, #2896, .T. ) ;
#1787 = CARTESIAN_POINT ( 'NONE',  ( -2.399999999999999900, 1.100000000000000100, 0.0000000000000000000 ) ) ;
#1788 = EDGE_CURVE ( 'NONE', #2997, #2303, #3654, .T. ) ;
#1789 = EDGE_CURVE ( 'NONE', #3108, #545, #3560, .T. ) ;
#1790 = VERTEX_POINT ( 'NONE', #1774 ) ;
#1791 = CARTESIAN_POINT ( 'NONE',  ( -1.899999999999999900, 0.5999999999999999800, 0.0000000000000000000 ) ) ;
#1792 = EDGE_LOOP ( 'NONE', ( #2434, #1093, #1274, #2727 ) ) ;
#1793 = UNCERTAINTY_MEASURE_WITH_UNIT (LENGTH_MEASURE( 1.000000000000000100E-005 ), #446, 'distance_accuracy_value', 'NONE');
#1794 =( NAMED_UNIT ( * ) PLANE_ANGLE_UNIT ( ) SI_UNIT ( $, .RADIAN. ) );
#1795 = VERTEX_POINT ( 'NONE', #619 ) ;
#1796 =( GEOMETRIC_REPRESENTATION_CONTEXT ( 3 ) GLOBAL_UNCERTAINTY_ASSIGNED_CONTEXT ( ( #2235 ) ) GLOBAL_UNIT_ASSIGNED_CONTEXT ( ( #768, #3082, #3686 ) ) REPRESENTATION_CONTEXT ( 'NONE', 'WORKASPACE' ) );
#1797 = DIRECTION ( 'NONE',  ( 0.0000000000000000000, 0.0000000000000000000, 1.000000000000000000 ) ) ;
#1798 = AXIS2_PLACEMENT_3D ( 'NONE', #1117, #3146, #1413 ) ;
#1799 = DIRECTION ( 'NONE',  ( -0.0000000000000000000, 0.0000000000000000000, 1.000000000000000000 ) ) ;
#1800 = VECTOR ( 'NONE', #3008, 1000.000000000000000 ) ;
#1801 = STYLED_ITEM ( 'NONE', ( #2583 ), #1592 ) ;
#1802 = AXIS2_PLACEMENT_3D ( 'NONE', #3476, #1738, #3766 ) ;
#1803 = COLOUR_RGB ( '',0.2509803921568627400, 0.2509803921568627400, 0.2509803921568627400 ) ;
#1804 =( NAMED_UNIT ( * ) SI_UNIT ( $, .STERADIAN. ) SOLID_ANGLE_UNIT ( ) );
#1805 = FILL_AREA_STYLE_COLOUR ( '', #1619 ) ;
#1806 = MECHANICAL_DESIGN_GEOMETRIC_PRESENTATION_REPRESENTATION (  '', ( #1215 ), #2014 ) ;
#1807 = LINE ( 'NONE', #43, #252 ) ;
#1808 = DIRECTION ( 'NONE',  ( -0.0000000000000000000, -1.000000000000000000, 0.0000000000000000000 ) ) ;
#1809 =( NAMED_UNIT ( * ) SI_UNIT ( $, .STERADIAN. ) SOLID_ANGLE_UNIT ( ) );
#1810 = EDGE_CURVE ( 'NONE', #684, #2421, #1337, .T. ) ;
#1811 = CARTESIAN_POINT ( 'NONE',  ( -2.499999999999999600, -1.100000000000000100, 0.0000000000000000000 ) ) ;
#1812 =( LENGTH_UNIT ( ) NAMED_UNIT ( * ) SI_UNIT ( .MILLI., .METRE. ) );
#1813 = CARTESIAN_POINT ( 'NONE',  ( 2.500000000000000000, -1.100000000000000100, 0.0000000000000000000 ) ) ;
#1814 = FILL_AREA_STYLE ('',( #2115 ) ) ;
#1815 = VECTOR ( 'NONE', #1530, 1000.000000000000000 ) ;
#1816 = ORIENTED_EDGE ( 'NONE', *, *, #1003, .T. ) ;
#1817 = AXIS2_PLACEMENT_3D ( 'NONE', #2176, #426, #2481 ) ;
#1818 = ORIENTED_EDGE ( 'NONE', *, *, #226, .F. ) ;
#1819 = ORIENTED_EDGE ( 'NONE', *, *, #1300, .T. ) ;
#1820 = STYLED_ITEM ( 'NONE', ( #2884 ), #1104 ) ;
#1821 = FILL_AREA_STYLE ('',( #1524 ) ) ;
#1822 = STYLED_ITEM ( 'NONE', ( #1874 ), #1024 ) ;
#1823 = ORIENTED_EDGE ( 'NONE', *, *, #3465, .F. ) ;
#1824 =( NAMED_UNIT ( * ) SI_UNIT ( $, .STERADIAN. ) SOLID_ANGLE_UNIT ( ) );
#1825 = PLANE ( 'NONE',  #2100 ) ;
#1826 = SURFACE_STYLE_FILL_AREA ( #761 ) ;
#1827 = CARTESIAN_POINT ( 'NONE',  ( -0.6700000000000001500, 0.4999865915050100100, 0.5000000000000000000 ) ) ;
#1828 = CARTESIAN_POINT ( 'NONE',  ( 0.5751561230672099800, -0.4940134084949899800, 0.6570625233445049900 ) ) ;
#1829 = ORIENTED_EDGE ( 'NONE', *, *, #2447, .F. ) ;
#1830 = COLOUR_RGB ( '',1.000000000000000000, 0.8000000000000000400, 0.2000000000000000100 ) ;
#1831 = DIRECTION ( 'NONE',  ( -1.000000000000000000, 3.469446951953610200E-016, 0.0000000000000000000 ) ) ;
#1832 = VECTOR ( 'NONE', #448, 1000.000000000000000 ) ;
#1833 = SURFACE_STYLE_FILL_AREA ( #1485 ) ;
#1834 = LINE ( 'NONE', #2789, #2524 ) ;
#1835 = ORIENTED_EDGE ( 'NONE', *, *, #2673, .T. ) ;
#1836 = AXIS2_PLACEMENT_3D ( 'NONE', #2950, #1205, #3234 ) ;
#1837 = MANIFOLD_SOLID_BREP ( 'Imported2', #950 ) ;
#1838 = VECTOR ( 'NONE', #1359, 1000.000000000000000 ) ;
#1839 = ORIENTED_EDGE ( 'NONE', *, *, #755, .F. ) ;
#1840 =( LENGTH_UNIT ( ) NAMED_UNIT ( * ) SI_UNIT ( .MILLI., .METRE. ) );
#1841 = EDGE_CURVE ( 'NONE', #3454, #77, #2734, .T. ) ;
#1842 = EDGE_CURVE ( 'NONE', #545, #2845, #3503, .T. ) ;
#1843 = ORIENTED_EDGE ( 'NONE', *, *, #1786, .F. ) ;
#1844 = CARTESIAN_POINT ( 'NONE',  ( -1.900000000000000100, -0.4940134084949899800, 0.0000000000000000000 ) ) ;
#1845 = CARTESIAN_POINT ( 'NONE',  ( 0.0000000000000000000, -1.200000000000000000, 0.0000000000000000000 ) ) ;
#1846 = UNCERTAINTY_MEASURE_WITH_UNIT (LENGTH_MEASURE( 1.000000000000000100E-005 ), #690, 'distance_accuracy_value', 'NONE');
#1847 = ORIENTED_EDGE ( 'NONE', *, *, #2477, .F. ) ;
#1848 = CARTESIAN_POINT ( 'NONE',  ( -2.500000000000000000, 1.100000000000000100, 6.000000000000000000 ) ) ;
#1849 = AXIS2_PLACEMENT_3D ( 'NONE', #1471, #3500, #1762 ) ;
#1850 = LINE ( 'NONE', #906, #2546 ) ;
#1851 = FILL_AREA_STYLE ('',( #1550 ) ) ;
#1852 = PLANE ( 'NONE',  #650 ) ;
#1853 = CARTESIAN_POINT ( 'NONE',  ( 2.500000000000000000, 1.100000000000000100, 4.400000000000000400 ) ) ;
#1854 = CARTESIAN_POINT ( 'NONE',  ( -2.500000000000000000, 1.200000000000000000, 0.0000000000000000000 ) ) ;
#1855 = LINE ( 'NONE', #2761, #1087 ) ;
#1856 = SURFACE_SIDE_STYLE ('',( #250 ) ) ;
#1857 = EDGE_CURVE ( 'NONE', #3006, #1790, #500, .T. ) ;
#1858 = EDGE_CURVE ( 'NONE', #2408, #3609, #3404, .T. ) ;
#1859 = EDGE_CURVE ( 'NONE', #3743, #2837, #1868, .T. ) ;
#1860 = FILL_AREA_STYLE_COLOUR ( '', #590 ) ;
#1861 = ORIENTED_EDGE ( 'NONE', *, *, #165, .T. ) ;
#1862 = FILL_AREA_STYLE ('',( #715 ) ) ;
#1863 = ORIENTED_EDGE ( 'NONE', *, *, #1870, .T. ) ;
#1864 = CARTESIAN_POINT ( 'NONE',  ( -2.500000000000000000, -1.100000000000000100, 0.0000000000000000000 ) ) ;
#1865 = CARTESIAN_POINT ( 'NONE',  ( 0.7999999999999999300, -1.200000000000000000, 6.000000000000000900 ) ) ;
#1866 = DIRECTION ( 'NONE',  ( 1.000000000000000000, 0.0000000000000000000, 0.0000000000000000000 ) ) ;
#1867 = ORIENTED_EDGE ( 'NONE', *, *, #1220, .T. ) ;
#1868 = LINE ( 'NONE', #2388, #309 ) ;
#1869 = ORIENTED_EDGE ( 'NONE', *, *, #909, .T. ) ;
#1870 = EDGE_CURVE ( 'NONE', #697, #1041, #1179, .T. ) ;
#1871 =( GEOMETRIC_REPRESENTATION_CONTEXT ( 3 ) GLOBAL_UNCERTAINTY_ASSIGNED_CONTEXT ( ( #3708 ) ) GLOBAL_UNIT_ASSIGNED_CONTEXT ( ( #2537, #780, #2827 ) ) REPRESENTATION_CONTEXT ( 'NONE', 'WORKASPACE' ) );
#1872 = FILL_AREA_STYLE_COLOUR ( '', #2979 ) ;
#1873 = DIRECTION ( 'NONE',  ( 0.0000000000000000000, 1.000000000000000000, 0.0000000000000000000 ) ) ;
#1874 = PRESENTATION_STYLE_ASSIGNMENT (( #1116 ) ) ;
#1875 = EDGE_LOOP ( 'NONE', ( #1159, #2758, #313, #439, #2509, #3323, #1368, #3699, #3562, #1505 ) ) ;
#1876 = CARTESIAN_POINT ( 'NONE',  ( -2.399999999999999900, -1.200000000000000000, 0.0000000000000000000 ) ) ;
#1877 = FACE_OUTER_BOUND ( 'NONE', #528, .T. ) ;
#1878 = LINE ( 'NONE', #2267, #3320 ) ;
#1879 =( NAMED_UNIT ( * ) SI_UNIT ( $, .STERADIAN. ) SOLID_ANGLE_UNIT ( ) );
#1880 =( NAMED_UNIT ( * ) PLANE_ANGLE_UNIT ( ) SI_UNIT ( $, .RADIAN. ) );
#1881 = DIRECTION ( 'NONE',  ( 5.584547527915730100E-016, 1.000000000000000000, -0.0000000000000000000 ) ) ;
#1882 = SURFACE_STYLE_FILL_AREA ( #2272 ) ;
#1883 = DIRECTION ( 'NONE',  ( 0.0000000000000000000, 1.000000000000000000, 0.0000000000000000000 ) ) ;
#1884 = EDGE_LOOP ( 'NONE', ( #1503, #2753, #766, #95 ) ) ;
#1885 = FILL_AREA_STYLE_COLOUR ( '', #1947 ) ;
#1886 = DIRECTION ( 'NONE',  ( -1.000000000000000000, -0.0000000000000000000, 0.0000000000000000000 ) ) ;
#1887 = ORIENTED_EDGE ( 'NONE', *, *, #1082, .T. ) ;
#1888 = EDGE_CURVE ( 'NONE', #1462, #3194, #3308, .T. ) ;
#1889 = ORIENTED_EDGE ( 'NONE', *, *, #3687, .F. ) ;
#1890 = DIRECTION ( 'NONE',  ( 1.000000000000000000, -1.156482317317870000E-016, 0.0000000000000000000 ) ) ;
#1891 = LINE ( 'NONE', #2116, #3331 ) ;
#1892 =( NAMED_UNIT ( * ) SI_UNIT ( $, .STERADIAN. ) SOLID_ANGLE_UNIT ( ) );
#1893 =( LENGTH_UNIT ( ) NAMED_UNIT ( * ) SI_UNIT ( .MILLI., .METRE. ) );
#1894 = PLANE ( 'NONE',  #3251 ) ;
#1895 = CARTESIAN_POINT ( 'NONE',  ( -0.6700000000000000400, -0.3940134084949900000, 1.744261863100000200 ) ) ;
#1896 = AXIS2_PLACEMENT_3D ( 'NONE', #3004, #1260, #3292 ) ;
#1897 = SURFACE_STYLE_FILL_AREA ( #1821 ) ;
#1898 = PRESENTATION_STYLE_ASSIGNMENT (( #3625 ) ) ;
#1899 = CARTESIAN_POINT ( 'NONE',  ( 0.8700000000000000000, -0.3940134084949900000, 0.5000000000000000000 ) ) ;
#1900 = STYLED_ITEM ( 'NONE', ( #135 ), #797 ) ;
#1901 = PRESENTATION_STYLE_ASSIGNMENT (( #3099 ) ) ;
#1902 =( NAMED_UNIT ( * ) SI_UNIT ( $, .STERADIAN. ) SOLID_ANGLE_UNIT ( ) );
#1903 = DIRECTION ( 'NONE',  ( 1.503237524740434500E-016, 1.000000000000000000, -2.716441106629796800E-017 ) ) ;
#1904 = PLANE ( 'NONE',  #851 ) ;
#1905 = CARTESIAN_POINT ( 'NONE',  ( 2.399999999999999900, 1.100000000000000100, 6.000000000000000000 ) ) ;
#1906 = ADVANCED_FACE ( 'NONE', ( #1777 ), #2182, .T. ) ;
#1907 = COLOUR_RGB ( '',0.2509803921568627400, 0.2509803921568627400, 0.2509803921568627400 ) ;
#1908 = SURFACE_SIDE_STYLE ('',( #105 ) ) ;
#1909 = FILL_AREA_STYLE ('',( #1609 ) ) ;
#1910 = VECTOR ( 'NONE', #3563, 1000.000000000000000 ) ;
#1911 = ORIENTED_EDGE ( 'NONE', *, *, #3072, .T. ) ;
#1912 = UNCERTAINTY_MEASURE_WITH_UNIT (LENGTH_MEASURE( 1.000000000000000100E-005 ), #3614, 'distance_accuracy_value', 'NONE');
#1913 = EDGE_CURVE ( 'NONE', #2664, #2251, #2958, .T. ) ;
#1914 = ORIENTED_EDGE ( 'NONE', *, *, #2067, .F. ) ;
#1915 = SURFACE_STYLE_FILL_AREA ( #2145 ) ;
#1916 = CARTESIAN_POINT ( 'NONE',  ( 1.246211978382354000, -0.5940134084949899600, 4.700000000000000200 ) ) ;
#1917 = ORIENTED_EDGE ( 'NONE', *, *, #2454, .F. ) ;
#1918 = UNCERTAINTY_MEASURE_WITH_UNIT (LENGTH_MEASURE( 1.000000000000000100E-005 ), #1046, 'distance_accuracy_value', 'NONE');
#1919 = CARTESIAN_POINT ( 'NONE',  ( 0.7700000000000000200, -0.5940134084949899600, 1.735299141677320500 ) ) ;
#1920 = DIRECTION ( 'NONE',  ( 1.000000000000000000, 0.0000000000000000000, 0.0000000000000000000 ) ) ;
#1921 = ORIENTED_EDGE ( 'NONE', *, *, #1199, .T. ) ;
#1922 = LINE ( 'NONE', #128, #2694 ) ;
#1923 =( NAMED_UNIT ( * ) PLANE_ANGLE_UNIT ( ) SI_UNIT ( $, .RADIAN. ) );
#1924 = CARTESIAN_POINT ( 'NONE',  ( -0.8699999999999993300, -0.3940134084949897800, 1.744261863099994000 ) ) ;
#1925 = MECHANICAL_DESIGN_GEOMETRIC_PRESENTATION_REPRESENTATION (  '', ( #1522 ), #2120 ) ;
#1926 = VERTEX_POINT ( 'NONE', #2410 ) ;
#1927 =( GEOMETRIC_REPRESENTATION_CONTEXT ( 3 ) GLOBAL_UNCERTAINTY_ASSIGNED_CONTEXT ( ( #2755 ) ) GLOBAL_UNIT_ASSIGNED_CONTEXT ( ( #1691, #3725, #1998 ) ) REPRESENTATION_CONTEXT ( 'NONE', 'WORKASPACE' ) );
#1928 = CARTESIAN_POINT ( 'NONE',  ( -1.700000000000000000, -0.3940134084949898900, 4.700000000000000200 ) ) ;
#1929 = SURFACE_STYLE_FILL_AREA ( #404 ) ;
#1930 = STYLED_ITEM ( 'NONE', ( #3116 ), #1653 ) ;
#1931 = LINE ( 'NONE', #1321, #1832 ) ;
#1932 = ADVANCED_FACE ( 'NONE', ( #1504 ), #667, .F. ) ;
#1933 = VERTEX_POINT ( 'NONE', #2423 ) ;
#1934 = CARTESIAN_POINT ( 'NONE',  ( 1.305739372378889900, -0.5940134084949899600, 4.700000000000000200 ) ) ;
#1935 = VECTOR ( 'NONE', #898, 1000.000000000000000 ) ;
#1936 = CARTESIAN_POINT ( 'NONE',  ( -1.404119754421040000, -0.3940134084949896700, 4.700000000000000200 ) ) ;
#1937 = DIRECTION ( 'NONE',  ( -1.000000000000000000, 0.0000000000000000000, -0.0000000000000000000 ) ) ;
#1938 = ORIENTED_EDGE ( 'NONE', *, *, #1610, .T. ) ;
#1939 = CARTESIAN_POINT ( 'NONE',  ( 0.8000000000000000400, 0.0000000000000000000, 6.000000000000000000 ) ) ;
#1940 =( NAMED_UNIT ( * ) PLANE_ANGLE_UNIT ( ) SI_UNIT ( $, .RADIAN. ) );
#1941 = SURFACE_STYLE_USAGE ( .BOTH. , #1644 ) ;
#1942 = ORIENTED_EDGE ( 'NONE', *, *, #3354, .F. ) ;
#1943 = DIRECTION ( 'NONE',  ( 0.0000000000000000000, 0.0000000000000000000, 1.000000000000000000 ) ) ;
#1944 = SURFACE_SIDE_STYLE ('',( #1276 ) ) ;
#1945 = SURFACE_SIDE_STYLE ('',( #3520 ) ) ;
#1946 = DIRECTION ( 'NONE',  ( -1.000000000000000000, 0.0000000000000000000, -0.0000000000000000000 ) ) ;
#1947 = COLOUR_RGB ( '',1.000000000000000000, 0.8000000000000000400, 0.2000000000000000100 ) ;
#1948 = EDGE_CURVE ( 'NONE', #1097, #2099, #1139, .T. ) ;
#1949 = ORIENTED_EDGE ( 'NONE', *, *, #1495, .T. ) ;
#1950 = FACE_OUTER_BOUND ( 'NONE', #2777, .T. ) ;
#1951 = CARTESIAN_POINT ( 'NONE',  ( -2.500000000000000000, 1.100000000000000100, 0.0000000000000000000 ) ) ;
#1952 =( NAMED_UNIT ( * ) SI_UNIT ( $, .STERADIAN. ) SOLID_ANGLE_UNIT ( ) );
#1953 = LINE ( 'NONE', #2350, #2626 ) ;
#1954 = DIRECTION ( 'NONE',  ( -1.000000000000000000, 2.792273763957870000E-016, 0.0000000000000000000 ) ) ;
#1955 = FILL_AREA_STYLE_COLOUR ( '', #3283 ) ;
#1956 = ADVANCED_FACE ( 'NONE', ( #350 ), #100, .T. ) ;
#1957 = AXIS2_PLACEMENT_3D ( 'NONE', #1854, #104, #2151 ) ;
#1958 = FILL_AREA_STYLE_COLOUR ( '', #3698 ) ;
#1959 =( GEOMETRIC_REPRESENTATION_CONTEXT ( 3 ) GLOBAL_UNCERTAINTY_ASSIGNED_CONTEXT ( ( #655 ) ) GLOBAL_UNIT_ASSIGNED_CONTEXT ( ( #2952, #1209, #3240 ) ) REPRESENTATION_CONTEXT ( 'NONE', 'WORKASPACE' ) );
#1960 = FILL_AREA_STYLE ('',( #2542 ) ) ;
#1961 = SURFACE_STYLE_USAGE ( .BOTH. , #475 ) ;
#1962 = CARTESIAN_POINT ( 'NONE',  ( 0.0000000000000000000, 0.0000000000000000000, 0.0000000000000000000 ) ) ;
#1963 = LINE ( 'NONE', #125, #1360 ) ;
#1964 = DIRECTION ( 'NONE',  ( -0.0000000000000000000, -0.0000000000000000000, -1.000000000000000000 ) ) ;
#1965 = FILL_AREA_STYLE ('',( #3694 ) ) ;
#1966 = EDGE_LOOP ( 'NONE', ( #368, #2488, #1180, #2852, #378, #547 ) ) ;
#1967 = ORIENTED_EDGE ( 'NONE', *, *, #1249, .T. ) ;
#1968 = CARTESIAN_POINT ( 'NONE',  ( -2.000000000000000000, -0.6999999999999999600, 0.0000000000000000000 ) ) ;
#1969 = EDGE_LOOP ( 'NONE', ( #2506, #3565, #564, #2075 ) ) ;
#1970 = MECHANICAL_DESIGN_GEOMETRIC_PRESENTATION_REPRESENTATION (  '', ( #1378 ), #2155 ) ;
#1971 =( LENGTH_UNIT ( ) NAMED_UNIT ( * ) SI_UNIT ( .MILLI., .METRE. ) );
#1972 =( BOUNDED_CURVE ( )  B_SPLINE_CURVE ( 3, ( #695, #2441, #388, #979 ),
 .UNSPECIFIED., .F., .T. ) 
 B_SPLINE_CURVE_WITH_KNOTS ( ( 4, 4 ),
 ( 3.141592653589793100, 4.712388980384694100 ),
 .UNSPECIFIED. ) 
 CURVE ( )  GEOMETRIC_REPRESENTATION_ITEM ( )  RATIONAL_B_SPLINE_CURVE ( ( 1.000000000000000000, 0.8047378541243640500, 0.8047378541243640500, 1.000000000000000000 ) ) 
 REPRESENTATION_ITEM ( '' )  );
#1973 = ORIENTED_EDGE ( 'NONE', *, *, #2270, .T. ) ;
#1974 = VECTOR ( 'NONE', #1509, 1000.000000000000000 ) ;
#1975 = ORIENTED_EDGE ( 'NONE', *, *, #688, .F. ) ;
#1976 = COLOUR_RGB ( '',0.2509803921568627400, 0.2509803921568627400, 0.2509803921568627400 ) ;
#1977 = ADVANCED_FACE ( 'NONE', ( #2327 ), #3596, .F. ) ;
#1978 = VECTOR ( 'NONE', #3131, 1000.000000000000000 ) ;
#1979 = EDGE_LOOP ( 'NONE', ( #677, #2729, #3, #3135, #443, #3705, #1730, #1059 ) ) ;
#1980 = AXIS2_PLACEMENT_3D ( 'NONE', #1270, #3299, #1562 ) ;
#1981 = FACE_OUTER_BOUND ( 'NONE', #2917, .T. ) ;
#1982 = CARTESIAN_POINT ( 'NONE',  ( 1.800000000000000300, -0.5940134084949899600, 0.0000000000000000000 ) ) ;
#1983 = DIRECTION ( 'NONE',  ( 0.0000000000000000000, 0.0000000000000000000, -1.000000000000000000 ) ) ;
#1984 = LINE ( 'NONE', #211, #406 ) ;
#1985 = VECTOR ( 'NONE', #199, 1000.000000000000000 ) ;
#1986 = PLANE ( 'NONE',  #115 ) ;
#1987 = STYLED_ITEM ( 'NONE', ( #3279 ), #735 ) ;
#1988 = PRESENTATION_STYLE_ASSIGNMENT (( #2838 ) ) ;
#1989 = ORIENTED_EDGE ( 'NONE', *, *, #622, .T. ) ;
#1990 = VERTEX_POINT ( 'NONE', #113 ) ;
#1991 = VERTEX_POINT ( 'NONE', #120 ) ;
#1992 = CARTESIAN_POINT ( 'NONE',  ( 0.7745966692414840700, -0.9000000000000001300, 4.400000000000000400 ) ) ;
#1993 = COLOUR_RGB ( '',0.2509803921568627400, 0.2509803921568627400, 0.2509803921568627400 ) ;
#1994 = ORIENTED_EDGE ( 'NONE', *, *, #2980, .F. ) ;
#1995 = FILL_AREA_STYLE ('',( #3422 ) ) ;
#1996 = ADVANCED_FACE ( 'NONE', ( #2056 ), #3611, .F. ) ;
#1997 = CIRCLE ( 'NONE', #1599, 0.1000000000000000500 ) ;
#1998 =( NAMED_UNIT ( * ) SI_UNIT ( $, .STERADIAN. ) SOLID_ANGLE_UNIT ( ) );
#1999 = EDGE_CURVE ( 'NONE', #2688, #3377, #1771, .T. ) ;
#2000 = CARTESIAN_POINT ( 'NONE',  ( 0.6700000000000000400, -0.4940134084949899800, 1.744261863099998200 ) ) ;
#2001 = EDGE_CURVE ( 'NONE', #3604, #1204, #2558, .T. ) ;
#2002 = EDGE_CURVE ( 'NONE', #2798, #3581, #987, .T. ) ;
#2003 = SURFACE_STYLE_USAGE ( .BOTH. , #3729 ) ;
#2004 = FILL_AREA_STYLE_COLOUR ( '', #44 ) ;
#2005 = PRESENTATION_LAYER_ASSIGNMENT (  '', '', ( #2184 ) ) ;
#2006 = PRESENTATION_LAYER_ASSIGNMENT (  '', '', ( #1595 ) ) ;
#2007 = SURFACE_SIDE_STYLE ('',( #3066 ) ) ;
#2008 =( NAMED_UNIT ( * ) SI_UNIT ( $, .STERADIAN. ) SOLID_ANGLE_UNIT ( ) );
#2009 = PRESENTATION_LAYER_ASSIGNMENT (  '', '', ( #1801 ) ) ;
#2010 = PRESENTATION_LAYER_ASSIGNMENT (  '', '', ( #1600 ) ) ;
#2011 = DIRECTION ( 'NONE',  ( 0.0000000000000000000, 1.000000000000000000, -0.0000000000000000000 ) ) ;
#2012 = CYLINDRICAL_SURFACE ( 'NONE', #2987, 0.1000000000000000500 ) ;
#2013 = VECTOR ( 'NONE', #661, 1000.000000000000000 ) ;
#2014 =( GEOMETRIC_REPRESENTATION_CONTEXT ( 3 ) GLOBAL_UNCERTAINTY_ASSIGNED_CONTEXT ( ( #2479 ) ) GLOBAL_UNIT_ASSIGNED_CONTEXT ( ( #1307, #3330, #1598 ) ) REPRESENTATION_CONTEXT ( 'NONE', 'WORKASPACE' ) );
#2015 = VERTEX_POINT ( 'NONE', #2236 ) ;
#2016 = CARTESIAN_POINT ( 'NONE',  ( 1.900000000000000100, -0.4940134084949899800, 0.0000000000000000000 ) ) ;
#2017 = ORIENTED_EDGE ( 'NONE', *, *, #1267, .T. ) ;
#2018 = FILL_AREA_STYLE_COLOUR ( '', #3483 ) ;
#2019 = EDGE_CURVE ( 'NONE', #98, #2757, #304, .T. ) ;
#2020 = CARTESIAN_POINT ( 'NONE',  ( 2.000000000000000000, 0.6999999999999999600, 0.0000000000000000000 ) ) ;
#2021 = ORIENTED_EDGE ( 'NONE', *, *, #1841, .T. ) ;
#2022 = DIRECTION ( 'NONE',  ( 2.792273763957870000E-016, 1.000000000000000000, -0.0000000000000000000 ) ) ;
#2023 = PRESENTATION_STYLE_ASSIGNMENT (( #212 ) ) ;
#2024 = ADVANCED_FACE ( 'NONE', ( #1682 ), #925, .T. ) ;
#2025 = COLOUR_RGB ( '',1.000000000000000000, 0.8000000000000000400, 0.2000000000000000100 ) ;
#2026 = VECTOR ( 'NONE', #1004, 1000.000000000000000 ) ;
#2027 = PRESENTATION_LAYER_ASSIGNMENT (  '', '', ( #1621 ) ) ;
#2028 = ORIENTED_EDGE ( 'NONE', *, *, #3213, .F. ) ;
#2029 = FILL_AREA_STYLE_COLOUR ( '', #1280 ) ;
#2030 = AXIS2_PLACEMENT_3D ( 'NONE', #831, #2874, #1127 ) ;
#2031 = LINE ( 'NONE', #3210, #1935 ) ;
#2032 = DIRECTION ( 'NONE',  ( 0.0000000000000000000, 0.0000000000000000000, -1.000000000000000000 ) ) ;
#2033 = AXIS2_PLACEMENT_3D ( 'NONE', #3680, #1954, #189 ) ;
#2034 = ORIENTED_EDGE ( 'NONE', *, *, #2048, .F. ) ;
#2035 = CARTESIAN_POINT ( 'NONE',  ( 1.700000000000000000, -0.3940134084949900000, 4.700000000000000200 ) ) ;
#2036 = PRESENTATION_STYLE_ASSIGNMENT (( #631 ) ) ;
#2037 = EDGE_LOOP ( 'NONE', ( #2584, #2569, #1911, #2412, #449, #3586 ) ) ;
#2038 = ORIENTED_EDGE ( 'NONE', *, *, #2910, .F. ) ;
#2039 =( NAMED_UNIT ( * ) PLANE_ANGLE_UNIT ( ) SI_UNIT ( $, .RADIAN. ) );
#2040 = PRESENTATION_STYLE_ASSIGNMENT (( #849 ) ) ;
#2041 = PRESENTATION_LAYER_ASSIGNMENT (  '', '', ( #1634 ) ) ;
#2042 = PLANE ( 'NONE',  #2971 ) ;
#2043 =( NAMED_UNIT ( * ) SI_UNIT ( $, .STERADIAN. ) SOLID_ANGLE_UNIT ( ) );
#2044 = PRESENTATION_STYLE_ASSIGNMENT (( #2571 ) ) ;
#2045 = CIRCLE ( 'NONE', #767, 0.8000000000000003800 ) ;
#2046 = PRESENTATION_STYLE_ASSIGNMENT (( #2985 ) ) ;
#2047 = EDGE_CURVE ( 'NONE', #3262, #1342, #633, .T. ) ;
#2048 = EDGE_CURVE ( 'NONE', #824, #106, #2872, .T. ) ;
#2049 = LINE ( 'NONE', #2470, #3392 ) ;
#2050 = STYLED_ITEM ( 'NONE', ( #786 ), #514 ) ;
#2051 = DIRECTION ( 'NONE',  ( 0.0000000000000000000, -0.0000000000000000000, -1.000000000000000000 ) ) ;
#2052 = ORIENTED_EDGE ( 'NONE', *, *, #3661, .F. ) ;
#2053 = STYLED_ITEM ( 'NONE', ( #2036 ), #1837 ) ;
#2054 =( LENGTH_UNIT ( ) NAMED_UNIT ( * ) SI_UNIT ( .MILLI., .METRE. ) );
#2055 = ORIENTED_EDGE ( 'NONE', *, *, #71, .F. ) ;
#2056 = FACE_OUTER_BOUND ( 'NONE', #1290, .T. ) ;
#2057 = VERTEX_POINT ( 'NONE', #1813 ) ;
#2058 = STYLED_ITEM ( 'NONE', ( #1025 ), #3357 ) ;
#2059 = ORIENTED_EDGE ( 'NONE', *, *, #573, .T. ) ;
#2060 = DIRECTION ( 'NONE',  ( 0.0000000000000000000, 1.000000000000000000, 0.0000000000000000000 ) ) ;
#2061 = SURFACE_STYLE_USAGE ( .BOTH. , #300 ) ;
#2062 = VECTOR ( 'NONE', #1388, 1000.000000000000000 ) ;
#2063 = ORIENTED_EDGE ( 'NONE', *, *, #2870, .F. ) ;
#2064 = EDGE_CURVE ( 'NONE', #3112, #1097, #3627, .T. ) ;
#2065 = FACE_OUTER_BOUND ( 'NONE', #893, .T. ) ;
#2066 = CARTESIAN_POINT ( 'NONE',  ( 2.500000000000000000, 1.200000000000000000, 5.200000000000001100 ) ) ;
#2067 = EDGE_CURVE ( 'NONE', #2914, #756, #2098, .T. ) ;
#2068 = FILL_AREA_STYLE_COLOUR ( '', #3713 ) ;
#2069 = PRESENTATION_STYLE_ASSIGNMENT (( #1533 ) ) ;
#2070 = EDGE_CURVE ( 'NONE', #866, #2649, #2776, .T. ) ;
#2071 = CARTESIAN_POINT ( 'NONE',  ( -2.500000000000000000, 1.200000000000000000, 4.400000000000000400 ) ) ;
#2072 = SURFACE_STYLE_FILL_AREA ( #858 ) ;
#2073 = SURFACE_STYLE_USAGE ( .BOTH. , #21 ) ;
#2074 = ORIENTED_EDGE ( 'NONE', *, *, #1913, .T. ) ;
#2075 = ORIENTED_EDGE ( 'NONE', *, *, #2910, .T. ) ;
#2076 = VECTOR ( 'NONE', #2801, 1000.000000000000000 ) ;
#2077 = SURFACE_STYLE_USAGE ( .BOTH. , #22 ) ;
#2078 = VERTEX_POINT ( 'NONE', #3267 ) ;
#2079 = EDGE_CURVE ( 'NONE', #3088, #886, #2687, .T. ) ;
#2080 = CARTESIAN_POINT ( 'NONE',  ( 0.8000000000000001600, -0.9000000000000001300, 4.599999999999999600 ) ) ;
#2081 = DIRECTION ( 'NONE',  ( -0.0000000000000000000, 0.0000000000000000000, 1.000000000000000000 ) ) ;
#2082 = ORIENTED_EDGE ( 'NONE', *, *, #3031, .T. ) ;
#2083 = STYLED_ITEM ( 'NONE', ( #1347 ), #1396 ) ;
#2084 = CARTESIAN_POINT ( 'NONE',  ( 0.8000000000000000400, 1.200000000000000000, 4.599999999999999600 ) ) ;
#2085 =( NAMED_UNIT ( * ) PLANE_ANGLE_UNIT ( ) SI_UNIT ( $, .RADIAN. ) );
#2086 = VECTOR ( 'NONE', #457, 1000.000000000000000 ) ;
#2087 = CARTESIAN_POINT ( 'NONE',  ( -2.200000000000000200, -0.9000000000000001300, 4.400000000000000400 ) ) ;
#2088 = VERTEX_POINT ( 'NONE', #1236 ) ;
#2089 = SURFACE_SIDE_STYLE ('',( #1521 ) ) ;
#2090 = VECTOR ( 'NONE', #1808, 1000.000000000000000 ) ;
#2091 = STYLED_ITEM ( 'NONE', ( #1381 ), #2869 ) ;
#2092 = UNCERTAINTY_MEASURE_WITH_UNIT (LENGTH_MEASURE( 1.000000000000000100E-005 ), #1707, 'distance_accuracy_value', 'NONE');
#2093 = PLANE ( 'NONE',  #2541 ) ;
#2094 = EDGE_CURVE ( 'NONE', #3377, #1040, #1219, .T. ) ;
#2095 = DIRECTION ( 'NONE',  ( 1.000000000000000000, 0.0000000000000000000, 0.0000000000000000000 ) ) ;
#2096 = CARTESIAN_POINT ( 'NONE',  ( 1.700000000000000000, -0.3940134084949900000, 0.5000000000000000000 ) ) ;
#2097 = STYLED_ITEM ( 'NONE', ( #944 ), #2193 ) ;
#2098 = LINE ( 'NONE', #351, #2013 ) ;
#2099 = VERTEX_POINT ( 'NONE', #73 ) ;
#2100 = AXIS2_PLACEMENT_3D ( 'NONE', #1304, #3326, #1589 ) ;
#2101 = CARTESIAN_POINT ( 'NONE',  ( 0.6700000000000000400, -0.3940134084949900000, 1.744261863100000200 ) ) ;
#2102 = EDGE_LOOP ( 'NONE', ( #1436, #126, #3730, #3355 ) ) ;
#2103 = FILL_AREA_STYLE ('',( #1805 ) ) ;
#2104 = VERTEX_POINT ( 'NONE', #2127 ) ;
#2105 = LINE ( 'NONE', #3127, #3550 ) ;
#2106 = SURFACE_STYLE_FILL_AREA ( #160 ) ;
#2107 = CARTESIAN_POINT ( 'NONE',  ( 0.0000000000000000000, 0.0000000000000000000, 6.000000000000000000 ) ) ;
#2108 = VECTOR ( 'NONE', #397, 1000.000000000000000 ) ;
#2109 = FILL_AREA_STYLE_COLOUR ( '', #228 ) ;
#2110 = VECTOR ( 'NONE', #1403, 1000.000000000000000 ) ;
#2111 = EDGE_CURVE ( 'NONE', #3112, #2781, #2596, .T. ) ;
#2112 =( NAMED_UNIT ( * ) SI_UNIT ( $, .STERADIAN. ) SOLID_ANGLE_UNIT ( ) );
#2113 = VERTEX_POINT ( 'NONE', #671 ) ;
#2114 = DIRECTION ( 'NONE',  ( -0.0000000000000000000, 1.000000000000000000, 0.0000000000000000000 ) ) ;
#2115 = FILL_AREA_STYLE_COLOUR ( '', #2132 ) ;
#2116 = CARTESIAN_POINT ( 'NONE',  ( -0.8000000000000000400, 0.0000000000000000000, 6.000000000000000000 ) ) ;
#2117 = VECTOR ( 'NONE', #2933, 1000.000000000000000 ) ;
#2118 = ORIENTED_EDGE ( 'NONE', *, *, #1248, .T. ) ;
#2119 = UNCERTAINTY_MEASURE_WITH_UNIT (LENGTH_MEASURE( 1.000000000000000100E-005 ), #245, 'distance_accuracy_value', 'NONE');
#2120 =( GEOMETRIC_REPRESENTATION_CONTEXT ( 3 ) GLOBAL_UNCERTAINTY_ASSIGNED_CONTEXT ( ( #2908 ) ) GLOBAL_UNIT_ASSIGNED_CONTEXT ( ( #1971, #3701, #1664 ) ) REPRESENTATION_CONTEXT ( 'NONE', 'WORKASPACE' ) );
#2121 = SURFACE_STYLE_USAGE ( .BOTH. , #67 ) ;
#2122 = PRESENTATION_LAYER_ASSIGNMENT (  '', '', ( #1930 ) ) ;
#2123 = ORIENTED_EDGE ( 'NONE', *, *, #1452, .F. ) ;
#2124 = ORIENTED_EDGE ( 'NONE', *, *, #1432, .T. ) ;
#2125 = DIRECTION ( 'NONE',  ( 1.000000000000000000, 0.0000000000000000000, 0.0000000000000000000 ) ) ;
#2126 = FILL_AREA_STYLE ('',( #72 ) ) ;
#2127 = CARTESIAN_POINT ( 'NONE',  ( 2.000000000000000000, 0.6999999999999999600, 0.0000000000000000000 ) ) ;
#2128 = UNCERTAINTY_MEASURE_WITH_UNIT (LENGTH_MEASURE( 1.000000000000000100E-005 ), #2204, 'distance_accuracy_value', 'NONE');
#2129 = STYLED_ITEM ( 'NONE', ( #2396 ), #3138 ) ;
#2130 = FILL_AREA_STYLE_COLOUR ( '', #1431 ) ;
#2131 = VECTOR ( 'NONE', #1679, 1000.000000000000000 ) ;
#2132 = COLOUR_RGB ( '',1.000000000000000000, 0.8000000000000000400, 0.2000000000000000100 ) ;
#2133 = CARTESIAN_POINT ( 'NONE',  ( -2.399999999999999900, -1.100000000000000100, 4.400000000000000400 ) ) ;
#2134 = SURFACE_SIDE_STYLE ('',( #61 ) ) ;
#2135 = EDGE_CURVE ( 'NONE', #1161, #373, #3344, .T. ) ;
#2136 =( NAMED_UNIT ( * ) SI_UNIT ( $, .STERADIAN. ) SOLID_ANGLE_UNIT ( ) );
#2137 = DIRECTION ( 'NONE',  ( 0.0000000000000000000, 0.0000000000000000000, 1.000000000000000000 ) ) ;
#2138 = ORIENTED_EDGE ( 'NONE', *, *, #2501, .F. ) ;
#2139 = CARTESIAN_POINT ( 'NONE',  ( -1.800000000000000300, -0.4940134084949899800, 5.200000000000001100 ) ) ;
#2140 = ORIENTED_EDGE ( 'NONE', *, *, #1451, .T. ) ;
#2141 = ORIENTED_EDGE ( 'NONE', *, *, #1610, .F. ) ;
#2142 = VERTEX_POINT ( 'NONE', #2992 ) ;
#2143 = DIRECTION ( 'NONE',  ( 1.000000000000000000, 0.0000000000000000000, -0.0000000000000000000 ) ) ;
#2144 = VERTEX_POINT ( 'NONE', #1844 ) ;
#2145 = FILL_AREA_STYLE ('',( #3290 ) ) ;
#2146 = VECTOR ( 'NONE', #208, 1000.000000000000000 ) ;
#2147 = CARTESIAN_POINT ( 'NONE',  ( -2.399999999999999900, -1.100000000000000100, 0.0000000000000000000 ) ) ;
#2148 = CARTESIAN_POINT ( 'NONE',  ( 2.399999999999999900, 1.200000000000000000, 0.0000000000000000000 ) ) ;
#2149 = EDGE_LOOP ( 'NONE', ( #1590, #1727, #78, #1050, #392 ) ) ;
#2150 = VECTOR ( 'NONE', #557, 1000.000000000000000 ) ;
#2151 = DIRECTION ( 'NONE',  ( 0.0000000000000000000, 0.0000000000000000000, 1.000000000000000000 ) ) ;
#2152 =( LENGTH_UNIT ( ) NAMED_UNIT ( * ) SI_UNIT ( .MILLI., .METRE. ) );
#2153 = ORIENTED_EDGE ( 'NONE', *, *, #2792, .T. ) ;
#2154 = ORIENTED_EDGE ( 'NONE', *, *, #1090, .F. ) ;
#2155 =( GEOMETRIC_REPRESENTATION_CONTEXT ( 3 ) GLOBAL_UNCERTAINTY_ASSIGNED_CONTEXT ( ( #1227 ) ) GLOBAL_UNIT_ASSIGNED_CONTEXT ( ( #1893, #136, #2178 ) ) REPRESENTATION_CONTEXT ( 'NONE', 'WORKASPACE' ) );
#2156 = ORIENTED_EDGE ( 'NONE', *, *, #865, .T. ) ;
#2157 = ORIENTED_EDGE ( 'NONE', *, *, #1056, .F. ) ;
#2158 = CARTESIAN_POINT ( 'NONE',  ( -0.8000000000000000400, 0.0000000000000000000, 6.000000000000000000 ) ) ;
#2159 = PRESENTATION_LAYER_ASSIGNMENT (  '', '', ( #1766 ) ) ;
#2160 = DIRECTION ( 'NONE',  ( 1.000000000000000000, 0.0000000000000000000, 0.0000000000000000000 ) ) ;
#2161 = EDGE_LOOP ( 'NONE', ( #596, #2347, #353, #453 ) ) ;
#2162 = FILL_AREA_STYLE ('',( #1872 ) ) ;
#2163 = DIRECTION ( 'NONE',  ( -5.584547527915730100E-016, -1.000000000000000000, 0.0000000000000000000 ) ) ;
#2164 = CIRCLE ( 'NONE', #630, 0.1000000000000000500 ) ;
#2165 = FACE_OUTER_BOUND ( 'NONE', #2102, .T. ) ;
#2166 = LINE ( 'NONE', #561, #1399 ) ;
#2167 = COLOUR_RGB ( '',0.2509803921568627400, 0.2509803921568627400, 0.2509803921568627400 ) ;
#2168 = VECTOR ( 'NONE', #3599, 1000.000000000000000 ) ;
#2169 = CARTESIAN_POINT ( 'NONE',  ( 0.8000000000000000400, 1.200000000000000000, 6.000000000000000000 ) ) ;
#2170 = COLOUR_RGB ( '',0.2509803921568627400, 0.2509803921568627400, 0.2509803921568627400 ) ;
#2171 = PLANE ( 'NONE',  #1526 ) ;
#2172 = FILL_AREA_STYLE_COLOUR ( '', #3356 ) ;
#2173 = EDGE_CURVE ( 'NONE', #1754, #1264, #1036, .T. ) ;
#2174 = EDGE_CURVE ( 'NONE', #2669, #1990, #540, .T. ) ;
#2175 = EDGE_CURVE ( 'NONE', #1514, #3006, #3447, .T. ) ;
#2176 = CARTESIAN_POINT ( 'NONE',  ( 2.200000000000000200, -0.9000000000000001300, 4.400000000000000400 ) ) ;
#2177 = ORIENTED_EDGE ( 'NONE', *, *, #2094, .T. ) ;
#2178 =( NAMED_UNIT ( * ) SI_UNIT ( $, .STERADIAN. ) SOLID_ANGLE_UNIT ( ) );
#2179 = FILL_AREA_STYLE_COLOUR ( '', #2472 ) ;
#2180 = DIRECTION ( 'NONE',  ( 1.503237524740434500E-016, -1.000000000000000000, 2.716441106629796800E-017 ) ) ;
#2181 = ORIENTED_EDGE ( 'NONE', *, *, #1084, .T. ) ;
#2182 = CYLINDRICAL_SURFACE ( 'NONE', #394, 0.09999999999999982500 ) ;
#2183 = ORIENTED_EDGE ( 'NONE', *, *, #3410, .T. ) ;
#2184 = STYLED_ITEM ( 'NONE', ( #363 ), #176 ) ;
#2185 = MECHANICAL_DESIGN_GEOMETRIC_PRESENTATION_REPRESENTATION (  '', ( #1595 ), #2385 ) ;
#2186 = CARTESIAN_POINT ( 'NONE',  ( 0.7745966692414839600, -1.200000000000000000, 4.400000000000000400 ) ) ;
#2187 = DIRECTION ( 'NONE',  ( -1.000000000000000000, 0.0000000000000000000, 1.734723475976810100E-015 ) ) ;
#2188 = MECHANICAL_DESIGN_GEOMETRIC_PRESENTATION_REPRESENTATION (  '', ( #1801 ), #2386 ) ;
#2189 = MECHANICAL_DESIGN_GEOMETRIC_PRESENTATION_REPRESENTATION (  '', ( #1600 ), #2387 ) ;
#2190 = ORIENTED_EDGE ( 'NONE', *, *, #573, .F. ) ;
#2191 = UNCERTAINTY_MEASURE_WITH_UNIT (LENGTH_MEASURE( 1.000000000000000100E-005 ), #3481, 'distance_accuracy_value', 'NONE');
#2192 = FACE_OUTER_BOUND ( 'NONE', #41, .T. ) ;
#2193 = ADVANCED_FACE ( 'NONE', ( #1726 ), #3675, .T. ) ;
#2194 = VECTOR ( 'NONE', #497, 1000.000000000000000 ) ;
#2195 = FACE_OUTER_BOUND ( 'NONE', #1658, .T. ) ;
#2196 = DIRECTION ( 'NONE',  ( 0.0000000000000000000, 0.0000000000000000000, 1.000000000000000000 ) ) ;
#2197 = UNCERTAINTY_MEASURE_WITH_UNIT (LENGTH_MEASURE( 1.000000000000000100E-005 ), #2948, 'distance_accuracy_value', 'NONE');
#2198 = VECTOR ( 'NONE', #3742, 1000.000000000000000 ) ;
#2199 = LINE ( 'NONE', #1081, #3741 ) ;
#2200 = FILL_AREA_STYLE ('',( #3635 ) ) ;
#2201 = VECTOR ( 'NONE', #2143, 1000.000000000000000 ) ;
#2202 = DIRECTION ( 'NONE',  ( 1.000000000000000000, 0.0000000000000000000, 0.0000000000000000000 ) ) ;
#2203 = ORIENTED_EDGE ( 'NONE', *, *, #2265, .F. ) ;
#2204 =( LENGTH_UNIT ( ) NAMED_UNIT ( * ) SI_UNIT ( .MILLI., .METRE. ) );
#2205 = SURFACE_STYLE_USAGE ( .BOTH. , #152 ) ;
#2206 = EDGE_CURVE ( 'NONE', #3452, #1990, #676, .T. ) ;
#2207 = VECTOR ( 'NONE', #17, 1000.000000000000000 ) ;
#2208 = EDGE_LOOP ( 'NONE', ( #494, #1138, #2841, #1417 ) ) ;
#2209 = CARTESIAN_POINT ( 'NONE',  ( 2.499999999999999600, -1.100000000000000100, 5.200000000000001100 ) ) ;
#2210 = FACE_OUTER_BOUND ( 'NONE', #413, .T. ) ;
#2211 = SURFACE_SIDE_STYLE ('',( #2106 ) ) ;
#2212 = ADVANCED_FACE ( 'NONE', ( #1453 ), #1852, .F. ) ;
#2213 = MECHANICAL_DESIGN_GEOMETRIC_PRESENTATION_REPRESENTATION (  '', ( #1621 ), #2404 ) ;
#2214 = PRESENTATION_STYLE_ASSIGNMENT (( #2073 ) ) ;
#2215 = CARTESIAN_POINT ( 'NONE',  ( 1.899999999999999900, -0.3940134084949900000, 5.200000000000001100 ) ) ;
#2216 = PRESENTATION_LAYER_ASSIGNMENT (  '', '', ( #1820 ) ) ;
#2217 = FILL_AREA_STYLE_COLOUR ( '', #1976 ) ;
#2218 = PRESENTATION_LAYER_ASSIGNMENT (  '', '', ( #1822 ) ) ;
#2219 =( NAMED_UNIT ( * ) SI_UNIT ( $, .STERADIAN. ) SOLID_ANGLE_UNIT ( ) );
#2220 = DIRECTION ( 'NONE',  ( 1.000000000000000000, -2.792273763957870000E-016, 0.0000000000000000000 ) ) ;
#2221 = DIRECTION ( 'NONE',  ( 1.000000000000000000, -3.469446951953610200E-016, -0.0000000000000000000 ) ) ;
#2222 = DIRECTION ( 'NONE',  ( 0.0000000000000000000, -1.000000000000000000, -0.0000000000000000000 ) ) ;
#2223 = DIRECTION ( 'NONE',  ( -0.0000000000000000000, -1.301042606982610000E-016, -1.000000000000000000 ) ) ;
#2224 = MECHANICAL_DESIGN_GEOMETRIC_PRESENTATION_REPRESENTATION (  '', ( #1634 ), #2420 ) ;
#2225 =( LENGTH_UNIT ( ) NAMED_UNIT ( * ) SI_UNIT ( .MILLI., .METRE. ) );
#2226 = DIRECTION ( 'NONE',  ( 0.0000000000000000000, 0.0000000000000000000, 1.000000000000000000 ) ) ;
#2227 = CARTESIAN_POINT ( 'NONE',  ( -2.000000000000000000, -0.6999999999999999600, 6.000000000000000900 ) ) ;
#2228 = COLOUR_RGB ( '',0.2509803921568627400, 0.2509803921568627400, 0.2509803921568627400 ) ;
#2229 = ORIENTED_EDGE ( 'NONE', *, *, #3532, .T. ) ;
#2230 = ADVANCED_FACE ( 'NONE', ( #1172 ), #1008, .F. ) ;
#2231 = EDGE_CURVE ( 'NONE', #219, #1176, #2363, .T. ) ;
#2232 = EDGE_CURVE ( 'NONE', #3768, #447, #3129, .T. ) ;
#2233 = ORIENTED_EDGE ( 'NONE', *, *, #3031, .F. ) ;
#2234 = ORIENTED_EDGE ( 'NONE', *, *, #2376, .F. ) ;
#2235 = UNCERTAINTY_MEASURE_WITH_UNIT (LENGTH_MEASURE( 1.000000000000000100E-005 ), #768, 'distance_accuracy_value', 'NONE');
#2236 = CARTESIAN_POINT ( 'NONE',  ( 2.499999999999999600, 1.100000000000000100, 6.000000000000000000 ) ) ;
#2237 = CARTESIAN_POINT ( 'NONE',  ( 2.000000000000000000, 0.6999999999999999600, 0.0000000000000000000 ) ) ;
#2238 = CARTESIAN_POINT ( 'NONE',  ( -0.6700000000000000400, -0.3940134084949900000, 0.5000000000000000000 ) ) ;
#2239 = ORIENTED_EDGE ( 'NONE', *, *, #2395, .F. ) ;
#2240 = SURFACE_SIDE_STYLE ('',( #2617 ) ) ;
#2241 = FACE_OUTER_BOUND ( 'NONE', #3223, .T. ) ;
#2242 = LINE ( 'NONE', #2257, #1465 ) ;
#2243 = FILL_AREA_STYLE ('',( #1958 ) ) ;
#2244 = AXIS2_PLACEMENT_3D ( 'NONE', #2655, #1799, #3529 ) ;
#2245 = DIRECTION ( 'NONE',  ( -0.0000000000000000000, 0.0000000000000000000, 1.000000000000000000 ) ) ;
#2246 = ORIENTED_EDGE ( 'NONE', *, *, #1133, .F. ) ;
#2247 = UNCERTAINTY_MEASURE_WITH_UNIT (LENGTH_MEASURE( 1.000000000000000100E-005 ), #1571, 'distance_accuracy_value', 'NONE');
#2248 = DIRECTION ( 'NONE',  ( 1.000000000000000000, 0.0000000000000000000, -0.0000000000000000000 ) ) ;
#2249 = PRESENTATION_LAYER_ASSIGNMENT (  '', '', ( #2053 ) ) ;
#2250 = FACE_OUTER_BOUND ( 'NONE', #2575, .T. ) ;
#2251 = VERTEX_POINT ( 'NONE', #726 ) ;
#2252 = CARTESIAN_POINT ( 'NONE',  ( 0.7999999999999999300, -0.9000000000000001300, 5.200000000000001100 ) ) ;
#2253 = SURFACE_STYLE_FILL_AREA ( #2552 ) ;
#2254 = SURFACE_STYLE_USAGE ( .BOTH. , #205 ) ;
#2255 = AXIS2_PLACEMENT_3D ( 'NONE', #286, #2335, #586 ) ;
#2256 = VERTEX_POINT ( 'NONE', #2768 ) ;
#2257 = CARTESIAN_POINT ( 'NONE',  ( -2.500000000000000000, -1.200000000000000000, 6.000000000000000000 ) ) ;
#2258 = ADVANCED_FACE ( 'NONE', ( #904 ), #2012, .T. ) ;
#2259 = ORIENTED_EDGE ( 'NONE', *, *, #1408, .T. ) ;
#2260 = DIRECTION ( 'NONE',  ( 1.000000000000000000, -0.0000000000000000000, -0.0000000000000000000 ) ) ;
#2261 = SURFACE_SIDE_STYLE ('',( #732 ) ) ;
#2262 = EDGE_CURVE ( 'NONE', #2088, #464, #2772, .T. ) ;
#2263 = DIRECTION ( 'NONE',  ( 0.0000000000000000000, -0.0000000000000000000, 1.000000000000000000 ) ) ;
#2264 = EDGE_CURVE ( 'NONE', #721, #3187, #202, .T. ) ;
#2265 = EDGE_CURVE ( 'NONE', #3276, #395, #3533, .T. ) ;
#2266 = ORIENTED_EDGE ( 'NONE', *, *, #1580, .F. ) ;
#2267 = CARTESIAN_POINT ( 'NONE',  ( -1.899999999999999900, 0.5999999999999999800, 0.5000000000000000000 ) ) ;
#2268 = LINE ( 'NONE', #543, #1487 ) ;
#2269 = CARTESIAN_POINT ( 'NONE',  ( 0.6700000000000000400, 0.4999865915050100100, 0.5000000000000001100 ) ) ;
#2270 = EDGE_CURVE ( 'NONE', #1342, #1729, #3442, .T. ) ;
#2271 = LINE ( 'NONE', #2148, #1489 ) ;
#2272 = FILL_AREA_STYLE ('',( #503 ) ) ;
#2273 = STYLED_ITEM ( 'NONE', ( #2929 ), #2549 ) ;
#2274 = AXIS2_PLACEMENT_3D ( 'NONE', #2999, #1256, #3287 ) ;
#2275 = FILL_AREA_STYLE ('',( #1393 ) ) ;
#2276 = ADVANCED_FACE ( 'NONE', ( #435 ), #171, .F. ) ;
#2277 = CARTESIAN_POINT ( 'NONE',  ( 2.399999999999999900, 1.200000000000000000, 6.000000000000000000 ) ) ;
#2278 = AXIS2_PLACEMENT_3D ( 'NONE', #3761, #2032, #267 ) ;
#2279 = SURFACE_STYLE_FILL_AREA ( #2200 ) ;
#2280 = DIRECTION ( 'NONE',  ( 0.0000000000000000000, 0.0000000000000000000, -1.000000000000000000 ) ) ;
#2281 = SURFACE_STYLE_USAGE ( .BOTH. , #238 ) ;
#2282 = EDGE_CURVE ( 'NONE', #1754, #1543, #857, .T. ) ;
#2283 = CARTESIAN_POINT ( 'NONE',  ( -1.800000000000000300, 0.1029932957525050000, 0.5000000000000000000 ) ) ;
#2284 = ORIENTED_EDGE ( 'NONE', *, *, #1948, .F. ) ;
#2285 = CARTESIAN_POINT ( 'NONE',  ( 0.0000000000000000000, -1.200000000000000000, 6.000000000000000000 ) ) ;
#2286 = ORIENTED_EDGE ( 'NONE', *, *, #1667, .F. ) ;
#2287 = ORIENTED_EDGE ( 'NONE', *, *, #1789, .F. ) ;
#2288 = PRESENTATION_STYLE_ASSIGNMENT (( #1426 ) ) ;
#2289 = VERTEX_POINT ( 'NONE', #450 ) ;
#2290 =( NAMED_UNIT ( * ) PLANE_ANGLE_UNIT ( ) SI_UNIT ( $, .RADIAN. ) );
#2291 = VECTOR ( 'NONE', #31, 1000.000000000000000 ) ;
#2292 = LINE ( 'NONE', #3676, #2194 ) ;
#2293 = PRESENTATION_LAYER_ASSIGNMENT (  '', '', ( #2097 ) ) ;
#2294 = AXIS2_PLACEMENT_3D ( 'NONE', #532, #2280, #3732 ) ;
#2295 = CARTESIAN_POINT ( 'NONE',  ( 2.500000000000000000, 0.9000000000000000200, 5.200000000000001100 ) ) ;
#2296 = PRESENTATION_STYLE_ASSIGNMENT (( #3426 ) ) ;
#2297 = UNCERTAINTY_MEASURE_WITH_UNIT (LENGTH_MEASURE( 1.000000000000000100E-005 ), #2886, 'distance_accuracy_value', 'NONE');
#2298 =( LENGTH_UNIT ( ) NAMED_UNIT ( * ) SI_UNIT ( .MILLI., .METRE. ) );
#2299 = DIRECTION ( 'NONE',  ( 0.9840619558467425000, 0.0000000000000000000, 0.1778259459558245400 ) ) ;
#2300 = PRESENTATION_LAYER_ASSIGNMENT (  '', '', ( #1900 ) ) ;
#2301 = CARTESIAN_POINT ( 'NONE',  ( 1.899999999999999900, 0.4999865915050099000, 0.0000000000000000000 ) ) ;
#2302 = PRESENTATION_STYLE_ASSIGNMENT (( #1460 ) ) ;
#2303 = VERTEX_POINT ( 'NONE', #777 ) ;
#2304 = CARTESIAN_POINT ( 'NONE',  ( 2.200000000000000200, -0.9000000000000001300, 5.200000000000001100 ) ) ;
#2305 = ORIENTED_EDGE ( 'NONE', *, *, #463, .F. ) ;
#2306 = CARTESIAN_POINT ( 'NONE',  ( -1.800000000000000300, 0.4999865915050100100, 2.600000000000000500 ) ) ;
#2307 = ADVANCED_FACE ( 'NONE', ( #3172 ), #1076, .T. ) ;
#2308 = DIRECTION ( 'NONE',  ( -1.000000000000000000, 0.0000000000000000000, 0.0000000000000000000 ) ) ;
#2309 = CARTESIAN_POINT ( 'NONE',  ( 0.7999999999999999300, 1.200000000000000000, 5.200000000000001100 ) ) ;
#2310 = VECTOR ( 'NONE', #1283, 1000.000000000000000 ) ;
#2311 = DIRECTION ( 'NONE',  ( -0.0000000000000000000, -0.0000000000000000000, 1.000000000000000000 ) ) ;
#2312 = CARTESIAN_POINT ( 'NONE',  ( 2.200000000000000200, 0.9000000000000001300, 4.400000000000000400 ) ) ;
#2313 = EDGE_CURVE ( 'NONE', #3194, #3136, #1972, .T. ) ;
#2314 = COLOUR_RGB ( '',1.000000000000000000, 0.8000000000000000400, 0.2000000000000000100 ) ;
#2315 = VECTOR ( 'NONE', #1414, 1000.000000000000000 ) ;
#2316 = PRESENTATION_STYLE_ASSIGNMENT (( #1733 ) ) ;
#2317 = CARTESIAN_POINT ( 'NONE',  ( 2.200000000000000200, -0.9000000000000001300, 5.200000000000001100 ) ) ;
#2318 = UNCERTAINTY_MEASURE_WITH_UNIT (LENGTH_MEASURE( 1.000000000000000100E-005 ), #3488, 'distance_accuracy_value', 'NONE');
#2319 = CARTESIAN_POINT ( 'NONE',  ( -2.399999999999999900, -1.100000000000000100, 5.200000000000001100 ) ) ;
#2320 = FILL_AREA_STYLE_COLOUR ( '', #2439 ) ;
#2321 = CARTESIAN_POINT ( 'NONE',  ( -1.700000000000000000, 0.5999999999999999800, 0.5000000000000000000 ) ) ;
#2322 = MECHANICAL_DESIGN_GEOMETRIC_PRESENTATION_REPRESENTATION (  '', ( #1930 ), #2514 ) ;
#2323 = DIRECTION ( 'NONE',  ( -0.0000000000000000000, -1.000000000000000000, -0.0000000000000000000 ) ) ;
#2324 = AXIS2_PLACEMENT_3D ( 'NONE', #1962, #195, #2248 ) ;
#2325 = ORIENTED_EDGE ( 'NONE', *, *, #30, .F. ) ;
#2326 = ORIENTED_EDGE ( 'NONE', *, *, #1001, .F. ) ;
#2327 = FACE_OUTER_BOUND ( 'NONE', #229, .T. ) ;
#2328 = ORIENTED_EDGE ( 'NONE', *, *, #1158, .T. ) ;
#2329 = DIRECTION ( 'NONE',  ( -1.000000000000000000, 0.0000000000000000000, 0.0000000000000000000 ) ) ;
#2330 = CARTESIAN_POINT ( 'NONE',  ( 0.8700000000000001100, 0.4999865915050100100, 0.5000000000000000000 ) ) ;
#2331 = EDGE_CURVE ( 'NONE', #697, #3502, #3577, .T. ) ;
#2332 = CARTESIAN_POINT ( 'NONE',  ( -0.8700000000000000000, -0.3940134084949900000, 0.5000000000000000000 ) ) ;
#2333 = ORIENTED_EDGE ( 'NONE', *, *, #2956, .T. ) ;
#2334 = LINE ( 'NONE', #2491, #871 ) ;
#2335 = DIRECTION ( 'NONE',  ( -1.000000000000000000, 0.0000000000000000000, 0.0000000000000000000 ) ) ;
#2336 = ORIENTED_EDGE ( 'NONE', *, *, #3073, .T. ) ;
#2337 = PRESENTATION_STYLE_ASSIGNMENT (( #663 ) ) ;
#2338 = LINE ( 'NONE', #2526, #3009 ) ;
#2339 = EDGE_LOOP ( 'NONE', ( #612, #1633, #964, #2305 ) ) ;
#2340 = STYLED_ITEM ( 'NONE', ( #1400 ), #1327 ) ;
#2341 = VECTOR ( 'NONE', #603, 1000.000000000000000 ) ;
#2342 = SURFACE_SIDE_STYLE ('',( #1709 ) ) ;
#2343 = CARTESIAN_POINT ( 'NONE',  ( 2.500000000000000000, -1.200000000000000000, 0.0000000000000000000 ) ) ;
#2344 = CARTESIAN_POINT ( 'NONE',  ( 2.399999999999999900, -1.200000000000000200, 0.0000000000000000000 ) ) ;
#2345 = ORIENTED_EDGE ( 'NONE', *, *, #1082, .F. ) ;
#2346 =( NAMED_UNIT ( * ) SI_UNIT ( $, .STERADIAN. ) SOLID_ANGLE_UNIT ( ) );
#2347 = ORIENTED_EDGE ( 'NONE', *, *, #2001, .F. ) ;
#2348 = SURFACE_SIDE_STYLE ('',( #1701 ) ) ;
#2349 = ORIENTED_EDGE ( 'NONE', *, *, #954, .F. ) ;
#2350 = CARTESIAN_POINT ( 'NONE',  ( 1.899999999999999900, -0.5940134084949899600, 4.700000000000000200 ) ) ;
#2351 = FILL_AREA_STYLE ('',( #785 ) ) ;
#2352 = CARTESIAN_POINT ( 'NONE',  ( 0.7999999999999999300, 0.6999999999999999600, 4.599999999999999600 ) ) ;
#2353 =( LENGTH_UNIT ( ) NAMED_UNIT ( * ) SI_UNIT ( .MILLI., .METRE. ) );
#2354 = DIRECTION ( 'NONE',  ( 0.0000000000000000000, 1.000000000000000000, -0.0000000000000000000 ) ) ;
#2355 = LINE ( 'NONE', #2301, #23 ) ;
#2356 = CIRCLE ( 'NONE', #193, 0.09999999999999982500 ) ;
#2357 =( NAMED_UNIT ( * ) PLANE_ANGLE_UNIT ( ) SI_UNIT ( $, .RADIAN. ) );
#2358 = UNCERTAINTY_MEASURE_WITH_UNIT (LENGTH_MEASURE( 1.000000000000000100E-005 ), #806, 'distance_accuracy_value', 'NONE');
#2359 = MECHANICAL_DESIGN_GEOMETRIC_PRESENTATION_REPRESENTATION (  '', ( #1766 ), #2560 ) ;
#2360 =( NAMED_UNIT ( * ) PLANE_ANGLE_UNIT ( ) SI_UNIT ( $, .RADIAN. ) );
#2361 = DIRECTION ( 'NONE',  ( 0.0000000000000000000, -1.000000000000000000, -0.0000000000000000000 ) ) ;
#2362 = CARTESIAN_POINT ( 'NONE',  ( 1.700000000000000000, -0.3940134084949900000, 4.700000000000000200 ) ) ;
#2363 = LINE ( 'NONE', #3050, #119 ) ;
#2364 = DIRECTION ( 'NONE',  ( -0.0000000000000000000, -1.000000000000000000, -0.0000000000000000000 ) ) ;
#2365 =( LENGTH_UNIT ( ) NAMED_UNIT ( * ) SI_UNIT ( .MILLI., .METRE. ) );
#2366 = VERTEX_POINT ( 'NONE', #116 ) ;
#2367 = VERTEX_POINT ( 'NONE', #3390 ) ;
#2368 = CARTESIAN_POINT ( 'NONE',  ( -0.7700000000000000200, -0.5940134084949899600, 0.0000000000000000000 ) ) ;
#2369 = VERTEX_POINT ( 'NONE', #2748 ) ;
#2370 = CARTESIAN_POINT ( 'NONE',  ( 0.8699999999999997700, 0.4999865915050104600, 1.744261863099999100 ) ) ;
#2371 = VECTOR ( 'NONE', #834, 1000.000000000000000 ) ;
#2372 = VERTEX_POINT ( 'NONE', #1865 ) ;
#2373 = EDGE_CURVE ( 'NONE', #3262, #2961, #2823, .T. ) ;
#2374 = VECTOR ( 'NONE', #2354, 1000.000000000000000 ) ;
#2375 = SURFACE_SIDE_STYLE ('',( #462 ) ) ;
#2376 = EDGE_CURVE ( 'NONE', #2256, #886, #3492, .T. ) ;
#2377 = VECTOR ( 'NONE', #1356, 1000.000000000000000 ) ;
#2378 = EDGE_CURVE ( 'NONE', #3403, #2144, #1963, .T. ) ;
#2379 = CARTESIAN_POINT ( 'NONE',  ( 0.8700000000000000000, -0.3940134084949900000, 0.5000000000000000000 ) ) ;
#2380 = COLOUR_RGB ( '',1.000000000000000000, 0.8000000000000000400, 0.2000000000000000100 ) ;
#2381 = DIRECTION ( 'NONE',  ( 0.0000000000000000000, -0.0000000000000000000, 1.000000000000000000 ) ) ;
#2382 = EDGE_LOOP ( 'NONE', ( #2582, #501, #2930, #467 ) ) ;
#2383 = AXIS2_PLACEMENT_3D ( 'NONE', #3385, #2226, #2160 ) ;
#2384 = FILL_AREA_STYLE_COLOUR ( '', #2167 ) ;
#2385 =( GEOMETRIC_REPRESENTATION_CONTEXT ( 3 ) GLOBAL_UNCERTAINTY_ASSIGNED_CONTEXT ( ( #991 ) ) GLOBAL_UNIT_ASSIGNED_CONTEXT ( ( #3446, #1713, #3747 ) ) REPRESENTATION_CONTEXT ( 'NONE', 'WORKASPACE' ) );
#2386 =( GEOMETRIC_REPRESENTATION_CONTEXT ( 3 ) GLOBAL_UNCERTAINTY_ASSIGNED_CONTEXT ( ( #362 ) ) GLOBAL_UNIT_ASSIGNED_CONTEXT ( ( #2152, #390, #2445 ) ) REPRESENTATION_CONTEXT ( 'NONE', 'WORKASPACE' ) );
#2387 =( GEOMETRIC_REPRESENTATION_CONTEXT ( 3 ) GLOBAL_UNCERTAINTY_ASSIGNED_CONTEXT ( ( #2318 ) ) GLOBAL_UNIT_ASSIGNED_CONTEXT ( ( #3488, #1752, #5 ) ) REPRESENTATION_CONTEXT ( 'NONE', 'WORKASPACE' ) );
#2388 = CARTESIAN_POINT ( 'NONE',  ( 0.7999999999999999300, -1.200000000000000000, 5.200000000000001100 ) ) ;
#2389 = VERTEX_POINT ( 'NONE', #992 ) ;
#2390 = DIRECTION ( 'NONE',  ( 0.1778259459558250200, 0.0000000000000000000, 0.9840619558467422800 ) ) ;
#2391 = SURFACE_STYLE_USAGE ( .BOTH. , #339 ) ;
#2392 = STYLED_ITEM ( 'NONE', ( #3092 ), #3078 ) ;
#2393 = VECTOR ( 'NONE', #1021, 1000.000000000000000 ) ;
#2394 = DIRECTION ( 'NONE',  ( 1.000000000000000000, 0.0000000000000000000, -0.0000000000000000000 ) ) ;
#2395 = EDGE_CURVE ( 'NONE', #496, #3187, #2049, .T. ) ;
#2396 = PRESENTATION_STYLE_ASSIGNMENT (( #1382 ) ) ;
#2397 = SURFACE_STYLE_FILL_AREA ( #1445 ) ;
#2398 = VECTOR ( 'NONE', #3246, 1000.000000000000000 ) ;
#2399 = PLANE ( 'NONE',  #921 ) ;
#2400 = DIRECTION ( 'NONE',  ( -0.0000000000000000000, -0.0000000000000000000, -1.000000000000000000 ) ) ;
#2401 = UNCERTAINTY_MEASURE_WITH_UNIT (LENGTH_MEASURE( 1.000000000000000100E-005 ), #2419, 'distance_accuracy_value', 'NONE');
#2402 = DIRECTION ( 'NONE',  ( 0.0000000000000000000, 0.0000000000000000000, 1.000000000000000000 ) ) ;
#2403 = VECTOR ( 'NONE', #1371, 1000.000000000000000 ) ;
#2404 =( GEOMETRIC_REPRESENTATION_CONTEXT ( 3 ) GLOBAL_UNCERTAINTY_ASSIGNED_CONTEXT ( ( #888 ) ) GLOBAL_UNIT_ASSIGNED_CONTEXT ( ( #739, #2783, #1030 ) ) REPRESENTATION_CONTEXT ( 'NONE', 'WORKASPACE' ) );
#2405 = DIRECTION ( 'NONE',  ( 0.0000000000000000000, 0.0000000000000000000, 1.000000000000000000 ) ) ;
#2406 = MECHANICAL_DESIGN_GEOMETRIC_PRESENTATION_REPRESENTATION (  '', ( #1820 ), #2609 ) ;
#2407 =( NAMED_UNIT ( * ) PLANE_ANGLE_UNIT ( ) SI_UNIT ( $, .RADIAN. ) );
#2408 = VERTEX_POINT ( 'NONE', #718 ) ;
#2409 = MECHANICAL_DESIGN_GEOMETRIC_PRESENTATION_REPRESENTATION (  '', ( #1822 ), #2613 ) ;
#2410 = CARTESIAN_POINT ( 'NONE',  ( -0.7745966692414831800, 1.200000000000000000, 4.400000000000000400 ) ) ;
#2411 = SURFACE_STYLE_USAGE ( .BOTH. , #367 ) ;
#2412 = ORIENTED_EDGE ( 'NONE', *, *, #1841, .F. ) ;
#2413 = CARTESIAN_POINT ( 'NONE',  ( -2.000000000000000000, -0.6999999999999999600, 0.0000000000000000000 ) ) ;
#2414 = ORIENTED_EDGE ( 'NONE', *, *, #2697, .T. ) ;
#2415 = CARTESIAN_POINT ( 'NONE',  ( -0.7999999999999999300, -1.200000000000000000, 5.200000000000001100 ) ) ;
#2416 = CARTESIAN_POINT ( 'NONE',  ( -1.700000000000000000, 0.5999999999999999800, 0.0000000000000000000 ) ) ;
#2417 = VERTEX_POINT ( 'NONE', #1573 ) ;
#2418 = DIRECTION ( 'NONE',  ( 1.000000000000000000, 0.0000000000000000000, 0.0000000000000000000 ) ) ;
#2419 =( LENGTH_UNIT ( ) NAMED_UNIT ( * ) SI_UNIT ( .MILLI., .METRE. ) );
#2420 =( GEOMETRIC_REPRESENTATION_CONTEXT ( 3 ) GLOBAL_UNCERTAINTY_ASSIGNED_CONTEXT ( ( #3253 ) ) GLOBAL_UNIT_ASSIGNED_CONTEXT ( ( #647, #2686, #934 ) ) REPRESENTATION_CONTEXT ( 'NONE', 'WORKASPACE' ) );
#2421 = VERTEX_POINT ( 'NONE', #3327 ) ;
#2422 = SURFACE_STYLE_FILL_AREA ( #850 ) ;
#2423 = CARTESIAN_POINT ( 'NONE',  ( -2.200000000000000200, 0.9000000000000001300, 5.200000000000001100 ) ) ;
#2424 = VECTOR ( 'NONE', #765, 1000.000000000000000 ) ;
#2425 = EDGE_CURVE ( 'NONE', #2915, #1514, #1855, .T. ) ;
#2426 = EDGE_LOOP ( 'NONE', ( #2977, #912, #3322, #1560, #268, #459 ) ) ;
#2427 = SURFACE_STYLE_FILL_AREA ( #3666 ) ;
#2428 = ORIENTED_EDGE ( 'NONE', *, *, #864, .T. ) ;
#2429 = DIRECTION ( 'NONE',  ( 1.000000000000000000, 0.0000000000000000000, 0.0000000000000000000 ) ) ;
#2430 = ORIENTED_EDGE ( 'NONE', *, *, #3214, .T. ) ;
#2431 = PRESENTATION_LAYER_ASSIGNMENT (  '', '', ( #2050 ) ) ;
#2432 = CIRCLE ( 'NONE', #1728, 0.09999999999999982500 ) ;
#2433 = MECHANICAL_DESIGN_GEOMETRIC_PRESENTATION_REPRESENTATION (  '', ( #2053 ), #2633 ) ;
#2434 = ORIENTED_EDGE ( 'NONE', *, *, #1638, .T. ) ;
#2435 = CARTESIAN_POINT ( 'NONE',  ( -2.399999999999999900, 1.200000000000000200, 6.000000000000000000 ) ) ;
#2436 = SURFACE_STYLE_USAGE ( .BOTH. , #384 ) ;
#2437 = FACE_OUTER_BOUND ( 'NONE', #2701, .T. ) ;
#2438 = FILL_AREA_STYLE ('',( #386 ) ) ;
#2439 = COLOUR_RGB ( '',1.000000000000000000, 0.8000000000000000400, 0.2000000000000000100 ) ;
#2440 = DIRECTION ( 'NONE',  ( -0.0000000000000000000, -0.0000000000000000000, -1.000000000000000000 ) ) ;
#2441 = CARTESIAN_POINT ( 'NONE',  ( -1.204119754421039400, -0.5525920522576807100, 4.699999999999999300 ) ) ;
#2442 = PRESENTATION_LAYER_ASSIGNMENT (  '', '', ( #2058 ) ) ;
#2443 = VECTOR ( 'NONE', #3727, 1000.000000000000000 ) ;
#2444 = VECTOR ( 'NONE', #3575, 1000.000000000000200 ) ;
#2445 =( NAMED_UNIT ( * ) SI_UNIT ( $, .STERADIAN. ) SOLID_ANGLE_UNIT ( ) );
#2446 = EDGE_CURVE ( 'NONE', #280, #2057, #486, .T. ) ;
#2447 = EDGE_CURVE ( 'NONE', #3377, #1462, #385, .T. ) ;
#2448 = EDGE_CURVE ( 'NONE', #2015, #98, #1171, .T. ) ;
#2449 = SURFACE_STYLE_USAGE ( .BOTH. , #399 ) ;
#2450 = PRESENTATION_STYLE_ASSIGNMENT (( #1620 ) ) ;
#2451 = FILL_AREA_STYLE_COLOUR ( '', #3717 ) ;
#2452 = DIRECTION ( 'NONE',  ( 0.0000000000000000000, 0.0000000000000000000, 1.000000000000000000 ) ) ;
#2453 =( NAMED_UNIT ( * ) PLANE_ANGLE_UNIT ( ) SI_UNIT ( $, .RADIAN. ) );
#2454 = EDGE_CURVE ( 'NONE', #1933, #794, #3300, .T. ) ;
#2455 = AXIS2_PLACEMENT_3D ( 'NONE', #3110, #1374, #3391 ) ;
#2456 = SURFACE_STYLE_USAGE ( .BOTH. , #405 ) ;
#2457 = SURFACE_SIDE_STYLE ('',( #1423 ) ) ;
#2458 = ORIENTED_EDGE ( 'NONE', *, *, #2501, .T. ) ;
#2459 = VECTOR ( 'NONE', #3389, 1000.000000000000000 ) ;
#2460 = ORIENTED_EDGE ( 'NONE', *, *, #618, .T. ) ;
#2461 = PRESENTATION_LAYER_ASSIGNMENT (  '', '', ( #2083 ) ) ;
#2462 = ORIENTED_EDGE ( 'NONE', *, *, #3740, .F. ) ;
#2463 = ORIENTED_EDGE ( 'NONE', *, *, #412, .F. ) ;
#2464 = FILL_AREA_STYLE ('',( #1860 ) ) ;
#2465 = DIRECTION ( 'NONE',  ( 0.0000000000000000000, 0.0000000000000000000, -1.000000000000000000 ) ) ;
#2466 = PRESENTATION_LAYER_ASSIGNMENT (  '', '', ( #2091 ) ) ;
#2467 = DIRECTION ( 'NONE',  ( 1.000000000000000000, 0.0000000000000000000, 0.0000000000000000000 ) ) ;
#2468 = ORIENTED_EDGE ( 'NONE', *, *, #3740, .T. ) ;
#2469 = LINE ( 'NONE', #2071, #2374 ) ;
#2470 = CARTESIAN_POINT ( 'NONE',  ( 0.4767499274825357500, -0.4940134084949899800, 0.6748451179400876100 ) ) ;
#2471 = VECTOR ( 'NONE', #3693, 1000.000000000000000 ) ;
#2472 = COLOUR_RGB ( '',1.000000000000000000, 0.8000000000000000400, 0.2000000000000000100 ) ;
#2473 = SURFACE_STYLE_FILL_AREA ( #1702 ) ;
#2474 = SURFACE_STYLE_USAGE ( .BOTH. , #421 ) ;
#2475 = PLANE ( 'NONE',  #2590 ) ;
#2476 = PRESENTATION_STYLE_ASSIGNMENT (( #372 ) ) ;
#2477 = EDGE_CURVE ( 'NONE', #574, #2961, #298, .T. ) ;
#2478 = LINE ( 'NONE', #2084, #242 ) ;
#2479 = UNCERTAINTY_MEASURE_WITH_UNIT (LENGTH_MEASURE( 1.000000000000000100E-005 ), #1307, 'distance_accuracy_value', 'NONE');
#2480 = ORIENTED_EDGE ( 'NONE', *, *, #461, .F. ) ;
#2481 = DIRECTION ( 'NONE',  ( 0.0000000000000000000, 0.0000000000000000000, 1.000000000000000000 ) ) ;
#2482 = CARTESIAN_POINT ( 'NONE',  ( -0.8000000000000000400, -1.200000000000000000, 6.000000000000000000 ) ) ;
#2483 = SURFACE_STYLE_USAGE ( .BOTH. , #428 ) ;
#2484 = DIRECTION ( 'NONE',  ( 1.000000000000000000, -0.0000000000000000000, 0.0000000000000000000 ) ) ;
#2485 = ADVANCED_FACE ( 'NONE', ( #981 ), #3061, .F. ) ;
#2486 = MECHANICAL_DESIGN_GEOMETRIC_PRESENTATION_REPRESENTATION (  '', ( #2097 ), #2679 ) ;
#2487 = CIRCLE ( 'NONE', #284, 0.1000000000000000500 ) ;
#2488 = ORIENTED_EDGE ( 'NONE', *, *, #3558, .T. ) ;
#2489 = MECHANICAL_DESIGN_GEOMETRIC_PRESENTATION_REPRESENTATION (  '', ( #2990 ), #2681 ) ;
#2490 = CARTESIAN_POINT ( 'NONE',  ( -2.399999999999999900, 1.100000000000000100, 6.000000000000000000 ) ) ;
#2491 = CARTESIAN_POINT ( 'NONE',  ( -2.200000000000000200, -0.9000000000000001300, 5.200000000000001100 ) ) ;
#2492 = MECHANICAL_DESIGN_GEOMETRIC_PRESENTATION_REPRESENTATION (  '', ( #1900 ), #2683 ) ;
#2493 = CARTESIAN_POINT ( 'NONE',  ( 1.900000000000000100, -0.4940134084949899800, 0.0000000000000000000 ) ) ;
#2494 = SURFACE_STYLE_USAGE ( .BOTH. , #438 ) ;
#2495 = DIRECTION ( 'NONE',  ( 1.000000000000000000, -0.0000000000000000000, 0.0000000000000000000 ) ) ;
#2496 = LINE ( 'NONE', #926, #156 ) ;
#2497 = CARTESIAN_POINT ( 'NONE',  ( 2.500000000000000000, 1.200000000000000000, 6.000000000000000000 ) ) ;
#2498 =( NAMED_UNIT ( * ) SI_UNIT ( $, .STERADIAN. ) SOLID_ANGLE_UNIT ( ) );
#2499 =( NAMED_UNIT ( * ) PLANE_ANGLE_UNIT ( ) SI_UNIT ( $, .RADIAN. ) );
#2500 = ADVANCED_FACE ( 'NONE', ( #714 ), #283, .T. ) ;
#2501 = EDGE_CURVE ( 'NONE', #660, #1790, #3373, .T. ) ;
#2502 = EDGE_CURVE ( 'NONE', #2015, #2417, #1061, .T. ) ;
#2503 = CARTESIAN_POINT ( 'NONE',  ( 2.500000000000000000, -1.100000000000000100, 4.400000000000000400 ) ) ;
#2504 = VECTOR ( 'NONE', #102, 1000.000000000000000 ) ;
#2505 = CARTESIAN_POINT ( 'NONE',  ( 2.500000000000000000, 0.9000000000000001300, 4.400000000000000400 ) ) ;
#2506 = ORIENTED_EDGE ( 'NONE', *, *, #1474, .T. ) ;
#2507 =( LENGTH_UNIT ( ) NAMED_UNIT ( * ) SI_UNIT ( .MILLI., .METRE. ) );
#2508 = DIRECTION ( 'NONE',  ( 0.0000000000000000000, 1.000000000000000000, 1.301042606982610000E-016 ) ) ;
#2509 = ORIENTED_EDGE ( 'NONE', *, *, #3072, .F. ) ;
#2510 = ORIENTED_EDGE ( 'NONE', *, *, #409, .T. ) ;
#2511 = STYLED_ITEM ( 'NONE', ( #177 ), #441 ) ;
#2512 = CARTESIAN_POINT ( 'NONE',  ( 0.6700000000000000400, -0.4940134084949899800, 0.2500000000000000000 ) ) ;
#2513 = FILL_AREA_STYLE ('',( #2217 ) ) ;
#2514 =( GEOMETRIC_REPRESENTATION_CONTEXT ( 3 ) GLOBAL_UNCERTAINTY_ASSIGNED_CONTEXT ( ( #2128 ) ) GLOBAL_UNIT_ASSIGNED_CONTEXT ( ( #2204, #445, #2498 ) ) REPRESENTATION_CONTEXT ( 'NONE', 'WORKASPACE' ) );
#2515 = EDGE_LOOP ( 'NONE', ( #1735, #1456, #2888, #3045 ) ) ;
#2516 = FACE_OUTER_BOUND ( 'NONE', #1284, .T. ) ;
#2517 =( LENGTH_UNIT ( ) NAMED_UNIT ( * ) SI_UNIT ( .MILLI., .METRE. ) );
#2518 = COLOUR_RGB ( '',1.000000000000000000, 0.8000000000000000400, 0.2000000000000000100 ) ;
#2519 = ORIENTED_EDGE ( 'NONE', *, *, #1810, .T. ) ;
#2520 = LINE ( 'NONE', #837, #182 ) ;
#2521 = PRESENTATION_LAYER_ASSIGNMENT (  '', '', ( #2129 ) ) ;
#2522 = DIRECTION ( 'NONE',  ( 0.0000000000000000000, 1.000000000000000000, 0.0000000000000000000 ) ) ;
#2523 = ADVANCED_FACE ( 'NONE', ( #1744 ), #762, .F. ) ;
#2524 = VECTOR ( 'NONE', #3064, 1000.000000000000000 ) ;
#2525 = ORIENTED_EDGE ( 'NONE', *, *, #2111, .F. ) ;
#2526 = CARTESIAN_POINT ( 'NONE',  ( -2.399999999999999900, 1.200000000000000000, 0.0000000000000000000 ) ) ;
#2527 = CARTESIAN_POINT ( 'NONE',  ( -0.7745966692414829600, -1.200000000000000000, 4.400000000000000400 ) ) ;
#2528 = UNCERTAINTY_MEASURE_WITH_UNIT (LENGTH_MEASURE( 1.000000000000000100E-005 ), #1840, 'distance_accuracy_value', 'NONE');
#2529 = CARTESIAN_POINT ( 'NONE',  ( -0.7745966692414831800, 0.9000000000000001300, 4.400000000000000400 ) ) ;
#2530 = VECTOR ( 'NONE', #1643, 1000.000000000000000 ) ;
#2531 = EDGE_CURVE ( 'NONE', #3359, #2113, #1473, .T. ) ;
#2532 = ORIENTED_EDGE ( 'NONE', *, *, #409, .F. ) ;
#2533 = ORIENTED_EDGE ( 'NONE', *, *, #410, .F. ) ;
#2534 = CARTESIAN_POINT ( 'NONE',  ( -0.6700000000000001500, 0.4999865915050104600, 1.744261863100000200 ) ) ;
#2535 = DIRECTION ( 'NONE',  ( 0.0000000000000000000, 0.0000000000000000000, 1.000000000000000000 ) ) ;
#2536 = ORIENTED_EDGE ( 'NONE', *, *, #2957, .F. ) ;
#2537 =( LENGTH_UNIT ( ) NAMED_UNIT ( * ) SI_UNIT ( .MILLI., .METRE. ) );
#2538 = AXIS2_PLACEMENT_3D ( 'NONE', #731, #2771, #1023 ) ;
#2539 = LINE ( 'NONE', #1782, #290 ) ;
#2540 = SURFACE_STYLE_USAGE ( .BOTH. , #488 ) ;
#2541 = AXIS2_PLACEMENT_3D ( 'NONE', #3528, #1797, #49 ) ;
#2542 = FILL_AREA_STYLE_COLOUR ( '', #956 ) ;
#2543 = FILL_AREA_STYLE ('',( #1364 ) ) ;
#2544 = FILL_AREA_STYLE_COLOUR ( '', #64 ) ;
#2545 = LINE ( 'NONE', #826, #2443 ) ;
#2546 = VECTOR ( 'NONE', #2653, 1000.000000000000000 ) ;
#2547 =( NAMED_UNIT ( * ) PLANE_ANGLE_UNIT ( ) SI_UNIT ( $, .RADIAN. ) );
#2548 = LINE ( 'NONE', #2415, #3295 ) ;
#2549 = ADVANCED_FACE ( 'NONE', ( #3703 ), #3696, .T. ) ;
#2550 =( NAMED_UNIT ( * ) PLANE_ANGLE_UNIT ( ) SI_UNIT ( $, .RADIAN. ) );
#2551 = CARTESIAN_POINT ( 'NONE',  ( 1.204119754421040000, -0.3940134084949900000, 4.700000000000000200 ) ) ;
#2552 = FILL_AREA_STYLE ('',( #210 ) ) ;
#2553 = SURFACE_STYLE_FILL_AREA ( #1326 ) ;
#2554 = MANIFOLD_SOLID_BREP ( 'Bry\X2\0142\X0\a1', #986 ) ;
#2555 = STYLED_ITEM ( 'NONE', ( #3757 ), #3674 ) ;
#2556 = CARTESIAN_POINT ( 'NONE',  ( -2.399999999999999900, 1.200000000000000200, 0.0000000000000000000 ) ) ;
#2557 = DIRECTION ( 'NONE',  ( 2.792273763957870000E-016, 1.000000000000000000, -0.0000000000000000000 ) ) ;
#2558 = LINE ( 'NONE', #1876, #220 ) ;
#2559 = ORIENTED_EDGE ( 'NONE', *, *, #891, .T. ) ;
#2560 =( GEOMETRIC_REPRESENTATION_CONTEXT ( 3 ) GLOBAL_UNCERTAINTY_ASSIGNED_CONTEXT ( ( #1166 ) ) GLOBAL_UNIT_ASSIGNED_CONTEXT ( ( #701, #2743, #985 ) ) REPRESENTATION_CONTEXT ( 'NONE', 'WORKASPACE' ) );
#2561 = VERTEX_POINT ( 'NONE', #1689 ) ;
#2562 = VECTOR ( 'NONE', #59, 1000.000000000000000 ) ;
#2563 = CARTESIAN_POINT ( 'NONE',  ( -0.6700000000000000400, -0.4940134084949899800, 0.2500000000000000000 ) ) ;
#2564 = ORIENTED_EDGE ( 'NONE', *, *, #2850, .F. ) ;
#2565 = SURFACE_STYLE_USAGE ( .BOTH. , #521 ) ;
#2566 = ADVANCED_FACE ( 'NONE', ( #2661 ), #3681, .T. ) ;
#2567 = CARTESIAN_POINT ( 'NONE',  ( 0.8700000000000000000, 0.4999865915050100100, 0.5000000000000000000 ) ) ;
#2568 = PRESENTATION_LAYER_ASSIGNMENT (  '', '', ( #1987 ) ) ;
#2569 = ORIENTED_EDGE ( 'NONE', *, *, #2079, .F. ) ;
#2570 = LINE ( 'NONE', #3490, #315 ) ;
#2571 = SURFACE_STYLE_USAGE ( .BOTH. , #526 ) ;
#2572 = LINE ( 'NONE', #1089, #133 ) ;
#2573 = VECTOR ( 'NONE', #2867, 1000.000000000000000 ) ;
#2574 = LINE ( 'NONE', #3719, #240 ) ;
#2575 = EDGE_LOOP ( 'NONE', ( #2458, #3409, #3540, #637, #1887, #682, #10, #2118 ) ) ;
#2576 =( NAMED_UNIT ( * ) PLANE_ANGLE_UNIT ( ) SI_UNIT ( $, .RADIAN. ) );
#2577 = VERTEX_POINT ( 'NONE', #3723 ) ;
#2578 = DIRECTION ( 'NONE',  ( 1.000000000000000000, 0.0000000000000000000, -0.0000000000000000000 ) ) ;
#2579 = CARTESIAN_POINT ( 'NONE',  ( -2.399999999999999900, -1.200000000000000200, 0.0000000000000000000 ) ) ;
#2580 = EDGE_CURVE ( 'NONE', #3682, #395, #652, .T. ) ;
#2581 = EDGE_CURVE ( 'NONE', #2837, #2620, #3646, .T. ) ;
#2582 = ORIENTED_EDGE ( 'NONE', *, *, #2446, .T. ) ;
#2583 = PRESENTATION_STYLE_ASSIGNMENT (( #108 ) ) ;
#2584 = ORIENTED_EDGE ( 'NONE', *, *, #2376, .T. ) ;
#2585 = FACE_OUTER_BOUND ( 'NONE', #1969, .T. ) ;
#2586 = CARTESIAN_POINT ( 'NONE',  ( 1.204119754421040500, -0.3940134084949900000, 4.700000000000001100 ) ) ;
#2587 = MECHANICAL_DESIGN_GEOMETRIC_PRESENTATION_REPRESENTATION (  '', ( #2184 ), #2773 ) ;
#2588 =( NAMED_UNIT ( * ) SI_UNIT ( $, .STERADIAN. ) SOLID_ANGLE_UNIT ( ) );
#2589 = ADVANCED_FACE ( 'NONE', ( #1328 ), #835, .F. ) ;
#2590 = AXIS2_PLACEMENT_3D ( 'NONE', #1899, #141, #2187 ) ;
#2591 = SURFACE_SIDE_STYLE ('',( #1428 ) ) ;
#2592 = UNCERTAINTY_MEASURE_WITH_UNIT (LENGTH_MEASURE( 1.000000000000000100E-005 ), #1237, 'distance_accuracy_value', 'NONE');
#2593 = DIRECTION ( 'NONE',  ( -1.000000000000000000, -1.156482317317870000E-016, 0.0000000000000000000 ) ) ;
#2594 = CARTESIAN_POINT ( 'NONE',  ( 1.899999999999999900, -0.3940134084949900000, 4.700000000000000200 ) ) ;
#2595 = SURFACE_SIDE_STYLE ('',( #473 ) ) ;
#2596 = LINE ( 'NONE', #2413, #1815 ) ;
#2597 = EDGE_CURVE ( 'NONE', #2369, #3140, #279, .T. ) ;
#2598 = PLANE ( 'NONE',  #2278 ) ;
#2599 = ORIENTED_EDGE ( 'NONE', *, *, #668, .T. ) ;
#2600 = CARTESIAN_POINT ( 'NONE',  ( 0.6700000000000000400, -0.4940134084949899800, 0.5000000000000000000 ) ) ;
#2601 = EDGE_LOOP ( 'NONE', ( #1818, #287, #1141, #1235, #3328, #1268, #3704, #1246 ) ) ;
#2602 = PRESENTATION_STYLE_ASSIGNMENT (( #2436 ) ) ;
#2603 = ORIENTED_EDGE ( 'NONE', *, *, #226, .T. ) ;
#2604 = VERTEX_POINT ( 'NONE', #2594 ) ;
#2605 = DIRECTION ( 'NONE',  ( -1.000000000000000000, -0.0000000000000000000, -0.0000000000000000000 ) ) ;
#2606 = PRESENTATION_STYLE_ASSIGNMENT (( #3042 ) ) ;
#2607 = LINE ( 'NONE', #1939, #3273 ) ;
#2608 = DIRECTION ( 'NONE',  ( 1.000000000000000000, 0.0000000000000000000, 0.0000000000000000000 ) ) ;
#2609 =( GEOMETRIC_REPRESENTATION_CONTEXT ( 3 ) GLOBAL_UNCERTAINTY_ASSIGNED_CONTEXT ( ( #2297 ) ) GLOBAL_UNIT_ASSIGNED_CONTEXT ( ( #2886, #1137, #3166 ) ) REPRESENTATION_CONTEXT ( 'NONE', 'WORKASPACE' ) );
#2610 = ORIENTED_EDGE ( 'NONE', *, *, #3169, .F. ) ;
#2611 = SURFACE_SIDE_STYLE ('',( #3200 ) ) ;
#2612 = FACE_OUTER_BOUND ( 'NONE', #2208, .T. ) ;
#2613 =( GEOMETRIC_REPRESENTATION_CONTEXT ( 3 ) GLOBAL_UNCERTAINTY_ASSIGNED_CONTEXT ( ( #1444 ) ) GLOBAL_UNIT_ASSIGNED_CONTEXT ( ( #3145, #1411, #3434 ) ) REPRESENTATION_CONTEXT ( 'NONE', 'WORKASPACE' ) );
#2614 = FACE_OUTER_BOUND ( 'NONE', #2740, .T. ) ;
#2615 = PLANE ( 'NONE',  #2255 ) ;
#2616 = ORIENTED_EDGE ( 'NONE', *, *, #2425, .T. ) ;
#2617 = SURFACE_STYLE_FILL_AREA ( #190 ) ;
#2618 = ORIENTED_EDGE ( 'NONE', *, *, #1249, .F. ) ;
#2619 = DIRECTION ( 'NONE',  ( 3.469446951953610200E-016, 1.000000000000000000, -0.0000000000000000000 ) ) ;
#2620 = VERTEX_POINT ( 'NONE', #1143 ) ;
#2621 = STYLED_ITEM ( 'NONE', ( #2046 ), #3453 ) ;
#2622 = FILL_AREA_STYLE_COLOUR ( '', #3243 ) ;
#2623 = DIRECTION ( 'NONE',  ( -0.1778259459558254300, 0.0000000000000000000, 0.9840619558467422800 ) ) ;
#2624 = DIRECTION ( 'NONE',  ( 1.000000000000000000, 0.0000000000000000000, 1.734723475976810100E-015 ) ) ;
#2625 = ORIENTED_EDGE ( 'NONE', *, *, #26, .F. ) ;
#2626 = VECTOR ( 'NONE', #3494, 1000.000000000000000 ) ;
#2627 = CARTESIAN_POINT ( 'NONE',  ( 2.399999999999999900, -1.100000000000000100, 4.400000000000000400 ) ) ;
#2628 = PRODUCT_DEFINITION_SHAPE ( 'NONE', 'NONE',  #1147 ) ;
#2629 = MECHANICAL_DESIGN_GEOMETRIC_PRESENTATION_REPRESENTATION (  '', ( #2050 ), #2833 ) ;
#2630 =( LENGTH_UNIT ( ) NAMED_UNIT ( * ) SI_UNIT ( .MILLI., .METRE. ) );
#2631 = DIRECTION ( 'NONE',  ( 0.0000000000000000000, 0.0000000000000000000, -1.000000000000000000 ) ) ;
#2632 = CARTESIAN_POINT ( 'NONE',  ( 2.775557561562889900E-016, 1.200000000000000200, 4.599999999999999600 ) ) ;
#2633 =( GEOMETRIC_REPRESENTATION_CONTEXT ( 3 ) GLOBAL_UNCERTAINTY_ASSIGNED_CONTEXT ( ( #83 ) ) GLOBAL_UNIT_ASSIGNED_CONTEXT ( ( #2674, #923, #2955 ) ) REPRESENTATION_CONTEXT ( 'NONE', 'WORKASPACE' ) );
#2634 = DIRECTION ( 'NONE',  ( 1.000000000000000000, 0.0000000000000000000, 0.0000000000000000000 ) ) ;
#2635 = VECTOR ( 'NONE', #2180, 1000.000000000000000 ) ;
#2636 = UNCERTAINTY_MEASURE_WITH_UNIT (LENGTH_MEASURE( 1.000000000000000100E-005 ), #498, 'distance_accuracy_value', 'NONE');
#2637 = COLOUR_RGB ( '',0.2509803921568627400, 0.2509803921568627400, 0.2509803921568627400 ) ;
#2638 = FILL_AREA_STYLE ('',( #1281 ) ) ;
#2639 = ORIENTED_EDGE ( 'NONE', *, *, #2111, .T. ) ;
#2640 = ORIENTED_EDGE ( 'NONE', *, *, #364, .F. ) ;
#2641 = EDGE_CURVE ( 'NONE', #1095, #188, #1834, .T. ) ;
#2642 = CARTESIAN_POINT ( 'NONE',  ( -1.204119754421040500, -0.3940134084949900000, 4.700000000000001100 ) ) ;
#2643 = EDGE_CURVE ( 'NONE', #3307, #1264, #1057, .T. ) ;
#2644 =( NAMED_UNIT ( * ) SI_UNIT ( $, .STERADIAN. ) SOLID_ANGLE_UNIT ( ) );
#2645 = EDGE_CURVE ( 'NONE', #1539, #275, #1742, .T. ) ;
#2646 = CARTESIAN_POINT ( 'NONE',  ( 2.200000000000000200, -0.9000000000000001300, 4.400000000000000400 ) ) ;
#2647 = EDGE_LOOP ( 'NONE', ( #54, #2856, #769, #967 ) ) ;
#2648 = VECTOR ( 'NONE', #2946, 1000.000000000000000 ) ;
#2649 = VERTEX_POINT ( 'NONE', #848 ) ;
#2650 = FACE_OUTER_BOUND ( 'NONE', #2708, .T. ) ;
#2651 = VERTEX_POINT ( 'NONE', #1924 ) ;
#2652 = EDGE_CURVE ( 'NONE', #188, #3015, #879, .T. ) ;
#2653 = DIRECTION ( 'NONE',  ( 1.000000000000000000, 0.0000000000000000000, 0.0000000000000000000 ) ) ;
#2654 = PRESENTATION_LAYER_ASSIGNMENT (  '', '', ( #2273 ) ) ;
#2655 = CARTESIAN_POINT ( 'NONE',  ( 1.204119754421040000, -0.3940134084949900000, 4.700000000000000200 ) ) ;
#2656 = CYLINDRICAL_SURFACE ( 'NONE', #554, 0.8000000000000003800 ) ;
#2657 = VECTOR ( 'NONE', #1671, 1000.000000000000000 ) ;
#2658 = MECHANICAL_DESIGN_GEOMETRIC_PRESENTATION_REPRESENTATION (  '', ( #2083 ), #2863 ) ;
#2659 = DIRECTION ( 'NONE',  ( -1.000000000000000000, 1.156482317317870000E-016, 0.0000000000000000000 ) ) ;
#2660 = DIRECTION ( 'NONE',  ( 0.0000000000000000000, 0.0000000000000000000, 1.000000000000000000 ) ) ;
#2661 = FACE_OUTER_BOUND ( 'NONE', #2037, .T. ) ;
#2662 = PLANE ( 'NONE',  #1421 ) ;
#2663 = ORIENTED_EDGE ( 'NONE', *, *, #1267, .F. ) ;
#2664 = VERTEX_POINT ( 'NONE', #753 ) ;
#2665 =( NAMED_UNIT ( * ) SI_UNIT ( $, .STERADIAN. ) SOLID_ANGLE_UNIT ( ) );
#2666 = ORIENTED_EDGE ( 'NONE', *, *, #2956, .F. ) ;
#2667 = MECHANICAL_DESIGN_GEOMETRIC_PRESENTATION_REPRESENTATION (  '', ( #2091 ), #2866 ) ;
#2668 = DIRECTION ( 'NONE',  ( -0.0000000000000000000, 0.0000000000000000000, 1.000000000000000000 ) ) ;
#2669 = VERTEX_POINT ( 'NONE', #2215 ) ;
#2670 = SURFACE_SIDE_STYLE ('',( #3294 ) ) ;
#2671 = DIRECTION ( 'NONE',  ( 0.0000000000000000000, 0.0000000000000000000, 1.000000000000000000 ) ) ;
#2672 = CIRCLE ( 'NONE', #1211, 0.09999999999999982500 ) ;
#2673 = EDGE_CURVE ( 'NONE', #2088, #1991, #184, .T. ) ;
#2674 =( LENGTH_UNIT ( ) NAMED_UNIT ( * ) SI_UNIT ( .MILLI., .METRE. ) );
#2675 = FACE_OUTER_BOUND ( 'NONE', #3449, .T. ) ;
#2676 = COLOUR_RGB ( '',0.2509803921568627400, 0.2509803921568627400, 0.2509803921568627400 ) ;
#2677 = DIRECTION ( 'NONE',  ( 1.552325258144789900E-016, 1.000000000000000000, 0.0000000000000000000 ) ) ;
#2678 = FACE_BOUND ( 'NONE', #2339, .T. ) ;
#2679 =( GEOMETRIC_REPRESENTATION_CONTEXT ( 3 ) GLOBAL_UNCERTAINTY_ASSIGNED_CONTEXT ( ( #2916 ) ) GLOBAL_UNIT_ASSIGNED_CONTEXT ( ( #977, #3016, #1272 ) ) REPRESENTATION_CONTEXT ( 'NONE', 'WORKASPACE' ) );
#2680 = DIRECTION ( 'NONE',  ( 0.0000000000000000000, -1.301042606982610000E-016, 1.000000000000000000 ) ) ;
#2681 =( GEOMETRIC_REPRESENTATION_CONTEXT ( 3 ) GLOBAL_UNCERTAINTY_ASSIGNED_CONTEXT ( ( #74 ) ) GLOBAL_UNIT_ASSIGNED_CONTEXT ( ( #3444, #1712, #3744 ) ) REPRESENTATION_CONTEXT ( 'NONE', 'WORKASPACE' ) );
#2682 = PLANE ( 'NONE',  #1096 ) ;
#2683 =( GEOMETRIC_REPRESENTATION_CONTEXT ( 3 ) GLOBAL_UNCERTAINTY_ASSIGNED_CONTEXT ( ( #952 ) ) GLOBAL_UNIT_ASSIGNED_CONTEXT ( ( #728, #2770, #1022 ) ) REPRESENTATION_CONTEXT ( 'NONE', 'WORKASPACE' ) );
#2684 = SURFACE_STYLE_FILL_AREA ( #3089 ) ;
#2685 = DIRECTION ( 'NONE',  ( -0.0000000000000000000, -0.0000000000000000000, -1.000000000000000000 ) ) ;
#2686 =( NAMED_UNIT ( * ) PLANE_ANGLE_UNIT ( ) SI_UNIT ( $, .RADIAN. ) );
#2687 = LINE ( 'NONE', #2974, #1910 ) ;
#2688 = VERTEX_POINT ( 'NONE', #3080 ) ;
#2689 = ORIENTED_EDGE ( 'NONE', *, *, #808, .T. ) ;
#2690 = VERTEX_POINT ( 'NONE', #1348 ) ;
#2691 = CARTESIAN_POINT ( 'NONE',  ( 2.200000000000000200, 0.9000000000000001300, 5.200000000000001100 ) ) ;
#2692 = MECHANICAL_DESIGN_GEOMETRIC_PRESENTATION_REPRESENTATION (  '', ( #2058 ), #2890 ) ;
#2693 = EDGE_LOOP ( 'NONE', ( #3303, #1185, #1313, #2286 ) ) ;
#2694 = VECTOR ( 'NONE', #1886, 1000.000000000000000 ) ;
#2695 = DIRECTION ( 'NONE',  ( 0.0000000000000000000, 0.0000000000000000000, 1.000000000000000000 ) ) ;
#2696 = EDGE_CURVE ( 'NONE', #794, #2369, #3103, .T. ) ;
#2697 = EDGE_CURVE ( 'NONE', #2604, #3454, #3280, .T. ) ;
#2698 = DIRECTION ( 'NONE',  ( 1.000000000000000000, -1.552325258144789900E-016, 0.0000000000000000000 ) ) ;
#2699 = CARTESIAN_POINT ( 'NONE',  ( 1.204119754421040000, 0.4999865915050100100, 4.700000000000000200 ) ) ;
#2700 = DIRECTION ( 'NONE',  ( -0.1778259459558250700, 0.0000000000000000000, -0.9840619558467425000 ) ) ;
#2701 = EDGE_LOOP ( 'NONE', ( #2028, #3305, #349, #101, #1917, #3557, #1115, #3587, #1476, #2809 ) ) ;
#2702 = LINE ( 'NONE', #1349, #1151 ) ;
#2703 =( LENGTH_UNIT ( ) NAMED_UNIT ( * ) SI_UNIT ( .MILLI., .METRE. ) );
#2704 = VECTOR ( 'NONE', #2741, 1000.000000000000000 ) ;
#2705 = ORIENTED_EDGE ( 'NONE', *, *, #1266, .T. ) ;
#2706 = AXIS2_PLACEMENT_3D ( 'NONE', #1379, #3114, #1080 ) ;
#2707 = COLOUR_RGB ( '',1.000000000000000000, 0.8000000000000000400, 0.2000000000000000100 ) ;
#2708 = EDGE_LOOP ( 'NONE', ( #2666, #1457, #782, #2898 ) ) ;
#2709 =( NAMED_UNIT ( * ) PLANE_ANGLE_UNIT ( ) SI_UNIT ( $, .RADIAN. ) );
#2710 = ORIENTED_EDGE ( 'NONE', *, *, #3101, .T. ) ;
#2711 = CARTESIAN_POINT ( 'NONE',  ( 0.0000000000000000000, -0.6999999999999999600, 6.000000000000000000 ) ) ;
#2712 = SURFACE_STYLE_FILL_AREA ( #117 ) ;
#2713 = MECHANICAL_DESIGN_GEOMETRIC_PRESENTATION_REPRESENTATION (  '', ( #2129 ), #2906 ) ;
#2714 = DIRECTION ( 'NONE',  ( 3.469446951953610200E-016, 1.000000000000000000, -0.0000000000000000000 ) ) ;
#2715 = ORIENTED_EDGE ( 'NONE', *, *, #891, .F. ) ;
#2716 = VECTOR ( 'NONE', #3436, 1000.000000000000000 ) ;
#2717 =( NAMED_UNIT ( * ) SI_UNIT ( $, .STERADIAN. ) SOLID_ANGLE_UNIT ( ) );
#2718 = EDGE_CURVE ( 'NONE', #684, #3609, #2338, .T. ) ;
#2719 = CIRCLE ( 'NONE', #965, 0.8000000000000003800 ) ;
#2720 = DIRECTION ( 'NONE',  ( 0.0000000000000000000, 1.000000000000000000, 1.301042606982610000E-016 ) ) ;
#2721 = DIRECTION ( 'NONE',  ( 0.0000000000000000000, 0.0000000000000000000, 1.000000000000000000 ) ) ;
#2722 = DIRECTION ( 'NONE',  ( 1.000000000000000000, 0.0000000000000000000, -0.0000000000000000000 ) ) ;
#2723 = VECTOR ( 'NONE', #1294, 1000.000000000000000 ) ;
#2724 = AXIS2_PLACEMENT_3D ( 'NONE', #1905, #149, #2202 ) ;
#2725 = CARTESIAN_POINT ( 'NONE',  ( 2.499999999999999600, -1.100000000000000100, 0.0000000000000000000 ) ) ;
#2726 = PRESENTATION_LAYER_ASSIGNMENT (  '', '', ( #2340 ) ) ;
#2727 = ORIENTED_EDGE ( 'NONE', *, *, #2502, .T. ) ;
#2728 =( NAMED_UNIT ( * ) PLANE_ANGLE_UNIT ( ) SI_UNIT ( $, .RADIAN. ) );
#2729 = ORIENTED_EDGE ( 'NONE', *, *, #1948, .T. ) ;
#2730 = SURFACE_STYLE_USAGE ( .BOTH. , #693 ) ;
#2731 = ORIENTED_EDGE ( 'NONE', *, *, #1999, .F. ) ;
#2732 = CARTESIAN_POINT ( 'NONE',  ( 1.899999999999999900, 0.5999999999999998700, 0.0000000000000000000 ) ) ;
#2733 = ORIENTED_EDGE ( 'NONE', *, *, #1858, .F. ) ;
#2734 = LINE ( 'NONE', #3242, #1974 ) ;
#2735 = ORIENTED_EDGE ( 'NONE', *, *, #2597, .T. ) ;
#2736 = PRESENTATION_STYLE_ASSIGNMENT (( #2807 ) ) ;
#2737 = CARTESIAN_POINT ( 'NONE',  ( -0.6700000000000000400, -0.3940134084949900000, 0.5000000000000000000 ) ) ;
#2738 = LINE ( 'NONE', #1401, #3407 ) ;
#2739 = AXIS2_PLACEMENT_3D ( 'NONE', #2482, #727, #2769 ) ;
#2740 = EDGE_LOOP ( 'NONE', ( #1938, #3132, #1102, #1221, #3266, #324 ) ) ;
#2741 = DIRECTION ( 'NONE',  ( 1.000000000000000000, 0.0000000000000000000, 0.0000000000000000000 ) ) ;
#2742 = LINE ( 'NONE', #1529, #512 ) ;
#2743 =( NAMED_UNIT ( * ) PLANE_ANGLE_UNIT ( ) SI_UNIT ( $, .RADIAN. ) );
#2744 = LINE ( 'NONE', #3388, #1985 ) ;
#2745 = DIRECTION ( 'NONE',  ( 0.0000000000000000000, 0.0000000000000000000, 1.000000000000000000 ) ) ;
#2746 = DIRECTION ( 'NONE',  ( 0.0000000000000000000, 0.0000000000000000000, 1.000000000000000000 ) ) ;
#2747 = COLOUR_RGB ( '',1.000000000000000000, 0.8000000000000000400, 0.2000000000000000100 ) ;
#2748 = CARTESIAN_POINT ( 'NONE',  ( -0.7999999999999999300, 0.9000000000000000200, 4.599999999999999600 ) ) ;
#2749 = DIRECTION ( 'NONE',  ( 0.0000000000000000000, 1.000000000000000000, 0.0000000000000000000 ) ) ;
#2750 = ORIENTED_EDGE ( 'NONE', *, *, #2001, .T. ) ;
#2751 =( NAMED_UNIT ( * ) PLANE_ANGLE_UNIT ( ) SI_UNIT ( $, .RADIAN. ) );
#2752 =( LENGTH_UNIT ( ) NAMED_UNIT ( * ) SI_UNIT ( .MILLI., .METRE. ) );
#2753 = ORIENTED_EDGE ( 'NONE', *, *, #3617, .F. ) ;
#2754 = MECHANICAL_DESIGN_GEOMETRIC_PRESENTATION_REPRESENTATION (  '', ( #1987 ), #2945 ) ;
#2755 = UNCERTAINTY_MEASURE_WITH_UNIT (LENGTH_MEASURE( 1.000000000000000100E-005 ), #1691, 'distance_accuracy_value', 'NONE');
#2756 = VECTOR ( 'NONE', #1051, 1000.000000000000000 ) ;
#2757 = VERTEX_POINT ( 'NONE', #3382 ) ;
#2758 = ORIENTED_EDGE ( 'NONE', *, *, #1472, .F. ) ;
#2759 = SURFACE_STYLE_USAGE ( .BOTH. , #713 ) ;
#2760 = LINE ( 'NONE', #949, #3430 ) ;
#2761 = CARTESIAN_POINT ( 'NONE',  ( 2.500000000000000000, -1.200000000000000000, 5.200000000000001100 ) ) ;
#2762 =( NAMED_UNIT ( * ) PLANE_ANGLE_UNIT ( ) SI_UNIT ( $, .RADIAN. ) );
#2763 = FILL_AREA_STYLE ('',( #2172 ) ) ;
#2764 = EDGE_CURVE ( 'NONE', #1338, #1770, #1468, .T. ) ;
#2765 = ADVANCED_FACE ( 'NONE', ( #2250 ), #2656, .F. ) ;
#2766 = EDGE_CURVE ( 'NONE', #824, #604, #1984, .T. ) ;
#2767 = CARTESIAN_POINT ( 'NONE',  ( 1.305739372378889700, -0.5940134084949899600, 4.700000000000000200 ) ) ;
#2768 = CARTESIAN_POINT ( 'NONE',  ( 1.700000000000000000, 0.4999865915050100100, 0.5000000000000000000 ) ) ;
#2769 = DIRECTION ( 'NONE',  ( 0.0000000000000000000, 0.0000000000000000000, 1.000000000000000000 ) ) ;
#2770 =( NAMED_UNIT ( * ) PLANE_ANGLE_UNIT ( ) SI_UNIT ( $, .RADIAN. ) );
#2771 = DIRECTION ( 'NONE',  ( 0.0000000000000000000, 0.0000000000000000000, 1.000000000000000000 ) ) ;
#2772 = LINE ( 'NONE', #1615, #1574 ) ;
#2773 =( GEOMETRIC_REPRESENTATION_CONTEXT ( 3 ) GLOBAL_UNCERTAINTY_ASSIGNED_CONTEXT ( ( #3576 ) ) GLOBAL_UNIT_ASSIGNED_CONTEXT ( ( #2703, #2453, #1565 ) ) REPRESENTATION_CONTEXT ( 'NONE', 'WORKASPACE' ) );
#2774 = AXIS2_PLACEMENT_3D ( 'NONE', #1440, #3459, #1722 ) ;
#2775 = DIRECTION ( 'NONE',  ( 1.000000000000000000, 0.0000000000000000000, 0.0000000000000000000 ) ) ;
#2776 = LINE ( 'NONE', #2699, #437 ) ;
#2777 = EDGE_LOOP ( 'NONE', ( #1743, #3060, #1778, #3419, #197, #1148 ) ) ;
#2778 = STYLED_ITEM ( 'NONE', ( #3753 ), #1611 ) ;
#2779 = AXIS2_PLACEMENT_3D ( 'NONE', #3501, #1763, #18 ) ;
#2780 = CARTESIAN_POINT ( 'NONE',  ( -1.899999999999999900, -0.5940134084949899600, 0.5000000000000000000 ) ) ;
#2781 = VERTEX_POINT ( 'NONE', #1968 ) ;
#2782 = CIRCLE ( 'NONE', #3055, 0.09999999999999982500 ) ;
#2783 =( NAMED_UNIT ( * ) PLANE_ANGLE_UNIT ( ) SI_UNIT ( $, .RADIAN. ) );
#2784 = PRESENTATION_LAYER_ASSIGNMENT (  '', '', ( #2392 ) ) ;
#2785 = DIRECTION ( 'NONE',  ( -0.1778259459558251500, 0.0000000000000000000, -0.9840619558467422800 ) ) ;
#2786 = ORIENTED_EDGE ( 'NONE', *, *, #3211, .T. ) ;
#2787 = ADVANCED_FACE ( 'NONE', ( #1877 ), #50, .T. ) ;
#2788 = COLOUR_RGB ( '',0.2509803921568627400, 0.2509803921568627400, 0.2509803921568627400 ) ;
#2789 = CARTESIAN_POINT ( 'NONE',  ( 1.899999999999999900, 0.1029932957525050000, 0.0000000000000000000 ) ) ;
#2790 = FILL_AREA_STYLE_COLOUR ( '', #3133 ) ;
#2791 = SURFACE_STYLE_FILL_AREA ( #3148 ) ;
#2792 = EDGE_CURVE ( 'NONE', #998, #3733, #3147, .T. ) ;
#2793 = LINE ( 'NONE', #2780, #1232 ) ;
#2794 = ORIENTED_EDGE ( 'NONE', *, *, #1637, .F. ) ;
#2795 = SURFACE_STYLE_USAGE ( .BOTH. , #3662 ) ;
#2796 = UNCERTAINTY_MEASURE_WITH_UNIT (LENGTH_MEASURE( 1.000000000000000100E-005 ), #3176, 'distance_accuracy_value', 'NONE');
#2797 = CARTESIAN_POINT ( 'NONE',  ( 0.6699999999999998200, -0.5525920522576806000, 1.744261863099995500 ) ) ;
#2798 = VERTEX_POINT ( 'NONE', #2862 ) ;
#2799 =( NAMED_UNIT ( * ) SI_UNIT ( $, .STERADIAN. ) SOLID_ANGLE_UNIT ( ) );
#2800 = FILL_AREA_STYLE_COLOUR ( '', #2170 ) ;
#2801 = DIRECTION ( 'NONE',  ( 0.0000000000000000000, 1.000000000000000000, -0.0000000000000000000 ) ) ;
#2802 = AXIS2_PLACEMENT_3D ( 'NONE', #759, #2814, #1062 ) ;
#2803 = VECTOR ( 'NONE', #27, 1000.000000000000000 ) ;
#2804 = EDGE_LOOP ( 'NONE', ( #2140, #2336, #1684, #1178 ) ) ;
#2805 = UNCERTAINTY_MEASURE_WITH_UNIT (LENGTH_MEASURE( 1.000000000000000100E-005 ), #720, 'distance_accuracy_value', 'NONE');
#2806 = DIRECTION ( 'NONE',  ( 0.0000000000000000000, 0.0000000000000000000, -1.000000000000000000 ) ) ;
#2807 = SURFACE_STYLE_USAGE ( .BOTH. , #754 ) ;
#2808 = PRESENTATION_LAYER_ASSIGNMENT (  '', '', ( #2990 ) ) ;
#2809 = ORIENTED_EDGE ( 'NONE', *, *, #1058, .F. ) ;
#2810 = ADVANCED_FACE ( 'NONE', ( #3049 ), #1986, .T. ) ;
#2811 = CARTESIAN_POINT ( 'NONE',  ( 1.204119754421040200, -0.5525920522576804900, 4.700000000000000200 ) ) ;
#2812 = FACE_OUTER_BOUND ( 'NONE', #20, .T. ) ;
#2813 = DIRECTION ( 'NONE',  ( 1.000000000000000000, -0.0000000000000000000, 0.0000000000000000000 ) ) ;
#2814 = DIRECTION ( 'NONE',  ( -0.0000000000000000000, -1.000000000000000000, -0.0000000000000000000 ) ) ;
#2815 = VECTOR ( 'NONE', #3128, 1000.000000000000000 ) ;
#2816 = CIRCLE ( 'NONE', #376, 0.09999999999999982500 ) ;
#2817 = SURFACE_SIDE_STYLE ('',( #1826 ) ) ;
#2818 = FACE_OUTER_BOUND ( 'NONE', #1732, .T. ) ;
#2819 = AXIS2_PLACEMENT_3D ( 'NONE', #354, #2400, #662 ) ;
#2820 = DIRECTION ( 'NONE',  ( 0.0000000000000000000, 0.0000000000000000000, 1.000000000000000000 ) ) ;
#2821 = CARTESIAN_POINT ( 'NONE',  ( -0.7700000000000000200, -0.4940134084949899800, 0.2500000000000000000 ) ) ;
#2822 = FILL_AREA_STYLE ('',( #476 ) ) ;
#2823 = LINE ( 'NONE', #2158, #2723 ) ;
#2824 = CARTESIAN_POINT ( 'NONE',  ( 0.6700000000000000400, -0.3940134084949900000, 0.5000000000000000000 ) ) ;
#2825 = EDGE_LOOP ( 'NONE', ( #1112, #3117, #1823, #2034 ) ) ;
#2826 = DIRECTION ( 'NONE',  ( -1.000000000000000000, 0.0000000000000000000, -0.0000000000000000000 ) ) ;
#2827 =( NAMED_UNIT ( * ) SI_UNIT ( $, .STERADIAN. ) SOLID_ANGLE_UNIT ( ) );
#2828 = ADVANCED_FACE ( 'NONE', ( #555 ), #959, .T. ) ;
#2829 = ORIENTED_EDGE ( 'NONE', *, *, #2231, .T. ) ;
#2830 = PRESENTATION_STYLE_ASSIGNMENT (( #2759 ) ) ;
#2831 =( NAMED_UNIT ( * ) PLANE_ANGLE_UNIT ( ) SI_UNIT ( $, .RADIAN. ) );
#2832 = ORIENTED_EDGE ( 'NONE', *, *, #2174, .F. ) ;
#2833 =( GEOMETRIC_REPRESENTATION_CONTEXT ( 3 ) GLOBAL_UNCERTAINTY_ASSIGNED_CONTEXT ( ( #1918 ) ) GLOBAL_UNIT_ASSIGNED_CONTEXT ( ( #1046, #1346, #175 ) ) REPRESENTATION_CONTEXT ( 'NONE', 'WORKASPACE' ) );
#2834 = CARTESIAN_POINT ( 'NONE',  ( 2.775557561562889900E-016, -0.5999999999999999800, 4.599999999999999600 ) ) ;
#2835 = DIRECTION ( 'NONE',  ( -1.000000000000000000, -0.0000000000000000000, 0.0000000000000000000 ) ) ;
#2836 = AXIS2_PLACEMENT_3D ( 'NONE', #1222, #3254, #1516 ) ;
#2837 = VERTEX_POINT ( 'NONE', #2879 ) ;
#2838 = SURFACE_STYLE_USAGE ( .BOTH. , #3118 ) ;
#2839 = DIRECTION ( 'NONE',  ( 1.000000000000000000, 0.0000000000000000000, 0.0000000000000000000 ) ) ;
#2840 = LINE ( 'NONE', #805, #1978 ) ;
#2841 = ORIENTED_EDGE ( 'NONE', *, *, #1409, .F. ) ;
#2842 = COLOUR_RGB ( '',1.000000000000000000, 0.8000000000000000400, 0.2000000000000000100 ) ;
#2843 = FACE_OUTER_BOUND ( 'NONE', #285, .T. ) ;
#2844 = SURFACE_STYLE_USAGE ( .BOTH. , #796 ) ;
#2845 = VERTEX_POINT ( 'NONE', #541 ) ;
#2846 = SURFACE_SIDE_STYLE ('',( #1190 ) ) ;
#2847 = DIRECTION ( 'NONE',  ( 0.1778259459558250200, -0.0000000000000000000, 0.9840619558467422800 ) ) ;
#2848 = FACE_OUTER_BOUND ( 'NONE', #1113, .T. ) ;
#2849 = EDGE_CURVE ( 'NONE', #3015, #1037, #2520, .T. ) ;
#2850 = EDGE_CURVE ( 'NONE', #660, #2877, #3277, .T. ) ;
#2851 = EDGE_CURVE ( 'NONE', #2104, #1770, #3185, .T. ) ;
#2852 = ORIENTED_EDGE ( 'NONE', *, *, #271, .T. ) ;
#2853 = ADVANCED_FACE ( 'NONE', ( #1736 ), #2598, .F. ) ;
#2854 = EDGE_LOOP ( 'NONE', ( #1265, #3597, #1942, #1420 ) ) ;
#2855 = LINE ( 'NONE', #2512, #527 ) ;
#2856 = ORIENTED_EDGE ( 'NONE', *, *, #3605, .F. ) ;
#2857 = FILL_AREA_STYLE ('',( #2004 ) ) ;
#2858 = EDGE_CURVE ( 'NONE', #729, #3065, #600, .T. ) ;
#2859 =( NAMED_UNIT ( * ) PLANE_ANGLE_UNIT ( ) SI_UNIT ( $, .RADIAN. ) );
#2860 = MECHANICAL_DESIGN_GEOMETRIC_PRESENTATION_REPRESENTATION (  '', ( #2273 ), #3032 ) ;
#2861 = LINE ( 'NONE', #936, #1206 ) ;
#2862 = CARTESIAN_POINT ( 'NONE',  ( 2.500000000000000000, 1.100000000000000100, 0.0000000000000000000 ) ) ;
#2863 =( GEOMETRIC_REPRESENTATION_CONTEXT ( 3 ) GLOBAL_UNCERTAINTY_ASSIGNED_CONTEXT ( ( #1724 ) ) GLOBAL_UNIT_ASSIGNED_CONTEXT ( ( #307, #2360, #613 ) ) REPRESENTATION_CONTEXT ( 'NONE', 'WORKASPACE' ) );
#2864 =( NAMED_UNIT ( * ) PLANE_ANGLE_UNIT ( ) SI_UNIT ( $, .RADIAN. ) );
#2865 = FACE_OUTER_BOUND ( 'NONE', #2804, .T. ) ;
#2866 =( GEOMETRIC_REPRESENTATION_CONTEXT ( 3 ) GLOBAL_UNCERTAINTY_ASSIGNED_CONTEXT ( ( #717 ) ) GLOBAL_UNIT_ASSIGNED_CONTEXT ( ( #1740, #3767, #2043 ) ) REPRESENTATION_CONTEXT ( 'NONE', 'WORKASPACE' ) );
#2867 = DIRECTION ( 'NONE',  ( -0.0000000000000000000, -0.0000000000000000000, -1.000000000000000000 ) ) ;
#2868 = SURFACE_SIDE_STYLE ('',( #1183 ) ) ;
#2869 = ADVANCED_FACE ( 'NONE', ( #2065 ), #861, .F. ) ;
#2870 = EDGE_CURVE ( 'NONE', #2421, #3634, #1780, .T. ) ;
#2871 = DIRECTION ( 'NONE',  ( 0.0000000000000000000, 0.0000000000000000000, 1.000000000000000000 ) ) ;
#2872 = LINE ( 'NONE', #933, #1311 ) ;
#2873 = EDGE_LOOP ( 'NONE', ( #773, #123, #2689, #699, #2510, #1835, #144, #1869, #3517, #1072 ) ) ;
#2874 = DIRECTION ( 'NONE',  ( 0.0000000000000000000, 1.000000000000000000, -1.301042606982610000E-016 ) ) ;
#2875 = UNCERTAINTY_MEASURE_WITH_UNIT (LENGTH_MEASURE( 1.000000000000000100E-005 ), #809, 'distance_accuracy_value', 'NONE');
#2876 = STYLED_ITEM ( 'NONE', ( #2909 ), #2212 ) ;
#2877 = VERTEX_POINT ( 'NONE', #2911 ) ;
#2878 = CARTESIAN_POINT ( 'NONE',  ( -1.899999999999999900, -0.5940134084949899600, 0.0000000000000000000 ) ) ;
#2879 = CARTESIAN_POINT ( 'NONE',  ( 0.7999999999999999300, 0.9000000000000001300, 5.200000000000001100 ) ) ;
#2880 = ORIENTED_EDGE ( 'NONE', *, *, #1581, .T. ) ;
#2881 = CARTESIAN_POINT ( 'NONE',  ( -0.7999999999999999300, 0.6999999999999999600, 6.000000000000000900 ) ) ;
#2882 = VECTOR ( 'NONE', #1575, 1000.000000000000000 ) ;
#2883 = VECTOR ( 'NONE', #2785, 1000.000000000000100 ) ;
#2884 = PRESENTATION_STYLE_ASSIGNMENT (( #842 ) ) ;
#2885 = LINE ( 'NONE', #3595, #559 ) ;
#2886 =( LENGTH_UNIT ( ) NAMED_UNIT ( * ) SI_UNIT ( .MILLI., .METRE. ) );
#2887 = SURFACE_STYLE_FILL_AREA ( #1129 ) ;
#2888 = ORIENTED_EDGE ( 'NONE', *, *, #1637, .T. ) ;
#2889 = CARTESIAN_POINT ( 'NONE',  ( -2.499999999999999600, -1.100000000000000100, 5.200000000000001100 ) ) ;
#2890 =( GEOMETRIC_REPRESENTATION_CONTEXT ( 3 ) GLOBAL_UNCERTAINTY_ASSIGNED_CONTEXT ( ( #1512 ) ) GLOBAL_UNIT_ASSIGNED_CONTEXT ( ( #2054, #296, #2346 ) ) REPRESENTATION_CONTEXT ( 'NONE', 'WORKASPACE' ) );
#2891 = DIRECTION ( 'NONE',  ( -0.0000000000000000000, -0.0000000000000000000, 1.000000000000000000 ) ) ;
#2892 =( LENGTH_UNIT ( ) NAMED_UNIT ( * ) SI_UNIT ( .MILLI., .METRE. ) );
#2893 = SURFACE_SIDE_STYLE ('',( #2422 ) ) ;
#2894 = CARTESIAN_POINT ( 'NONE',  ( 0.8000000000000001600, -0.6999999999999999600, 4.599999999999999600 ) ) ;
#2895 = EDGE_CURVE ( 'NONE', #1584, #1012, #2570, .T. ) ;
#2896 = LINE ( 'NONE', #1459, #569 ) ;
#2897 = EDGE_CURVE ( 'NONE', #1926, #3682, #1000, .T. ) ;
#2898 = ORIENTED_EDGE ( 'NONE', *, *, #3760, .T. ) ;
#2899 = ORIENTED_EDGE ( 'NONE', *, *, #622, .F. ) ;
#2900 = SURFACE_SIDE_STYLE ('',( #2072 ) ) ;
#2901 = PRESENTATION_LAYER_ASSIGNMENT (  '', '', ( #2511 ) ) ;
#2902 =( LENGTH_UNIT ( ) NAMED_UNIT ( * ) SI_UNIT ( .MILLI., .METRE. ) );
#2903 = FILL_AREA_STYLE_COLOUR ( '', #2842 ) ;
#2904 = STYLED_ITEM ( 'NONE', ( #1295 ), #1675 ) ;
#2905 = LINE ( 'NONE', #2993, #209 ) ;
#2906 =( GEOMETRIC_REPRESENTATION_CONTEXT ( 3 ) GLOBAL_UNCERTAINTY_ASSIGNED_CONTEXT ( ( #3530 ) ) GLOBAL_UNIT_ASSIGNED_CONTEXT ( ( #3394, #1666, #3702 ) ) REPRESENTATION_CONTEXT ( 'NONE', 'WORKASPACE' ) );
#2907 = CARTESIAN_POINT ( 'NONE',  ( 0.6700000000000000400, 0.4999865915050101300, 2.606695886524120100 ) ) ;
#2908 = UNCERTAINTY_MEASURE_WITH_UNIT (LENGTH_MEASURE( 1.000000000000000100E-005 ), #1971, 'distance_accuracy_value', 'NONE');
#2909 = PRESENTATION_STYLE_ASSIGNMENT (( #3311 ) ) ;
#2910 = EDGE_CURVE ( 'NONE', #2690, #166, #233, .T. ) ;
#2911 = CARTESIAN_POINT ( 'NONE',  ( -0.7999999999999999300, -0.6999999999999999600, 6.000000000000000900 ) ) ;
#2912 = ORIENTED_EDGE ( 'NONE', *, *, #2448, .T. ) ;
#2913 = FILL_AREA_STYLE_COLOUR ( '', #1803 ) ;
#2914 = VERTEX_POINT ( 'NONE', #1173 ) ;
#2915 = VERTEX_POINT ( 'NONE', #1475 ) ;
#2916 = UNCERTAINTY_MEASURE_WITH_UNIT (LENGTH_MEASURE( 1.000000000000000100E-005 ), #977, 'distance_accuracy_value', 'NONE');
#2917 = EDGE_LOOP ( 'NONE', ( #3598, #913, #1816, #764 ) ) ;
#2918 = ORIENTED_EDGE ( 'NONE', *, *, #2002, .F. ) ;
#2919 = DIRECTION ( 'NONE',  ( 1.000000000000000000, 0.0000000000000000000, 0.0000000000000000000 ) ) ;
#2920 = CYLINDRICAL_SURFACE ( 'NONE', #81, 0.8000000000000003800 ) ;
#2921 = STYLED_ITEM ( 'NONE', ( #2450 ), #2485 ) ;
#2922 = LINE ( 'NONE', #1659, #2146 ) ;
#2923 = MECHANICAL_DESIGN_GEOMETRIC_PRESENTATION_REPRESENTATION (  '', ( #2340 ), #3113 ) ;
#2924 = ORIENTED_EDGE ( 'NONE', *, *, #463, .T. ) ;
#2925 =( NAMED_UNIT ( * ) SI_UNIT ( $, .STERADIAN. ) SOLID_ANGLE_UNIT ( ) );
#2926 = DIRECTION ( 'NONE',  ( 0.0000000000000000000, 0.0000000000000000000, 1.000000000000000000 ) ) ;
#2927 = CARTESIAN_POINT ( 'NONE',  ( -1.700000000000000000, -0.3940134084949898900, 0.0000000000000000000 ) ) ;
#2928 = EDGE_LOOP ( 'NONE', ( #2246, #1579, #3688, #2931 ) ) ;
#2929 = PRESENTATION_STYLE_ASSIGNMENT (( #2844 ) ) ;
#2930 = ORIENTED_EDGE ( 'NONE', *, *, #1198, .T. ) ;
#2931 = ORIENTED_EDGE ( 'NONE', *, *, #1352, .F. ) ;
#2932 = PRESENTATION_LAYER_ASSIGNMENT (  '', '', ( #2555 ) ) ;
#2933 = DIRECTION ( 'NONE',  ( -1.503237524740434500E-016, 1.000000000000000000, -2.716441106629796800E-017 ) ) ;
#2934 = APPLICATION_CONTEXT ( 'automotive_design' ) ;
#2935 = DIRECTION ( 'NONE',  ( 0.0000000000000000000, 1.000000000000000000, 0.0000000000000000000 ) ) ;
#2936 = ORIENTED_EDGE ( 'NONE', *, *, #688, .T. ) ;
#2937 = CARTESIAN_POINT ( 'NONE',  ( -1.800000000000000300, 0.1029932957525050000, 0.0000000000000000000 ) ) ;
#2938 = VECTOR ( 'NONE', #3248, 1000.000000000000000 ) ;
#2939 = STYLED_ITEM ( 'NONE', ( #2830 ), #1996 ) ;
#2940 = CARTESIAN_POINT ( 'NONE',  ( 1.204119754421040000, -0.3940134084949900000, 4.700000000000000200 ) ) ;
#2941 = SURFACE_STYLE_FILL_AREA ( #1160 ) ;
#2942 = FACE_OUTER_BOUND ( 'NONE', #3137, .T. ) ;
#2943 = LINE ( 'NONE', #978, #2168 ) ;
#2944 =( NAMED_UNIT ( * ) SI_UNIT ( $, .STERADIAN. ) SOLID_ANGLE_UNIT ( ) );
#2945 =( GEOMETRIC_REPRESENTATION_CONTEXT ( 3 ) GLOBAL_UNCERTAINTY_ASSIGNED_CONTEXT ( ( #1124 ) ) GLOBAL_UNIT_ASSIGNED_CONTEXT ( ( #2517, #1339, #1626 ) ) REPRESENTATION_CONTEXT ( 'NONE', 'WORKASPACE' ) );
#2946 = DIRECTION ( 'NONE',  ( -0.0000000000000000000, 1.301042606982610000E-016, -1.000000000000000000 ) ) ;
#2947 = APPLICATION_PROTOCOL_DEFINITION ( 'draft international standard', 'automotive_design', 1998, #2934 ) ;
#2948 =( LENGTH_UNIT ( ) NAMED_UNIT ( * ) SI_UNIT ( .MILLI., .METRE. ) );
#2949 = CARTESIAN_POINT ( 'NONE',  ( -0.6700000000000000400, -0.5525920522576803800, 1.744261863100003500 ) ) ;
#2950 = CARTESIAN_POINT ( 'NONE',  ( -2.000000000000000000, -0.6999999999999999600, 0.0000000000000000000 ) ) ;
#2951 = SURFACE_STYLE_FILL_AREA ( #1031 ) ;
#2952 =( LENGTH_UNIT ( ) NAMED_UNIT ( * ) SI_UNIT ( .MILLI., .METRE. ) );
#2953 = CARTESIAN_POINT ( 'NONE',  ( -2.500000000000000000, -1.100000000000000100, 0.0000000000000000000 ) ) ;
#2954 = EDGE_LOOP ( 'NONE', ( #1395, #3091, #2532, #1344 ) ) ;
#2955 =( NAMED_UNIT ( * ) SI_UNIT ( $, .STERADIAN. ) SOLID_ANGLE_UNIT ( ) );
#2956 = EDGE_CURVE ( 'NONE', #721, #599, #914, .T. ) ;
#2957 = EDGE_CURVE ( 'NONE', #3770, #2408, #2469, .T. ) ;
#2958 = LINE ( 'NONE', #366, #724 ) ;
#2959 = FILL_AREA_STYLE ('',( #2790 ) ) ;
#2960 = ORIENTED_EDGE ( 'NONE', *, *, #1788, .F. ) ;
#2961 = VERTEX_POINT ( 'NONE', #302 ) ;
#2962 = VECTOR ( 'NONE', #1873, 1000.000000000000000 ) ;
#2963 = LINE ( 'NONE', #1951, #644 ) ;
#2964 = CARTESIAN_POINT ( 'NONE',  ( -0.8000000000000000400, -1.200000000000000000, 4.599999999999999600 ) ) ;
#2965 = PRESENTATION_LAYER_ASSIGNMENT (  '', '', ( #3156 ) ) ;
#2966 = FACE_OUTER_BOUND ( 'NONE', #3086, .T. ) ;
#2967 = FILL_AREA_STYLE ('',( #2384 ) ) ;
#2968 = AXIS2_PLACEMENT_3D ( 'NONE', #256, #2308, #553 ) ;
#2969 = SURFACE_STYLE_FILL_AREA ( #3097 ) ;
#2970 = AXIS2_PLACEMENT_3D ( 'NONE', #2737, #982, #3021 ) ;
#2971 = AXIS2_PLACEMENT_3D ( 'NONE', #2343, #594, #2631 ) ;
#2972 = CARTESIAN_POINT ( 'NONE',  ( -0.5368318548871947600, -0.4940134084949899800, 1.007329439477502500 ) ) ;
#2973 = ORIENTED_EDGE ( 'NONE', *, *, #1058, .T. ) ;
#2974 = CARTESIAN_POINT ( 'NONE',  ( 1.700000000000000000, 0.6000000000000000900, 0.0000000000000000000 ) ) ;
#2975 = MECHANICAL_DESIGN_GEOMETRIC_PRESENTATION_REPRESENTATION (  '', ( #2392 ), #3163 ) ;
#2976 = CARTESIAN_POINT ( 'NONE',  ( -1.800000000000000300, -0.4940134084949899800, 0.0000000000000000000 ) ) ;
#2977 = ORIENTED_EDGE ( 'NONE', *, *, #2643, .T. ) ;
#2978 = CARTESIAN_POINT ( 'NONE',  ( 1.204119754421040000, -0.3940134084949900000, 4.700000000000000200 ) ) ;
#2979 = COLOUR_RGB ( '',1.000000000000000000, 0.8000000000000000400, 0.2000000000000000100 ) ;
#2980 = EDGE_CURVE ( 'NONE', #1543, #3276, #3143, .T. ) ;
#2981 = UNCERTAINTY_MEASURE_WITH_UNIT (LENGTH_MEASURE( 1.000000000000000100E-005 ), #2902, 'distance_accuracy_value', 'NONE');
#2982 = FILL_AREA_STYLE ('',( #2109 ) ) ;
#2983 = PRESENTATION_STYLE_ASSIGNMENT (( #317 ) ) ;
#2984 = DIRECTION ( 'NONE',  ( -1.000000000000000000, -0.0000000000000000000, -0.0000000000000000000 ) ) ;
#2985 = SURFACE_STYLE_USAGE ( .BOTH. , #943 ) ;
#2986 = FILL_AREA_STYLE ('',( #3018 ) ) ;
#2987 = AXIS2_PLACEMENT_3D ( 'NONE', #1324, #3336, #3345 ) ;
#2988 = STYLED_ITEM ( 'NONE', ( #2316 ), #1134 ) ;
#2989 = DIRECTION ( 'NONE',  ( -1.000000000000000000, 0.0000000000000000000, 0.0000000000000000000 ) ) ;
#2990 = STYLED_ITEM ( 'NONE', ( #2288 ), #1039 ) ;
#2991 = FILL_AREA_STYLE_COLOUR ( '', #3731 ) ;
#2992 = CARTESIAN_POINT ( 'NONE',  ( 1.899999999999999900, 0.4999865915050100100, 4.700000000000000200 ) ) ;
#2993 = CARTESIAN_POINT ( 'NONE',  ( -1.800000000000000300, 0.4999865915050100100, 0.5000000000000000000 ) ) ;
#2994 = SURFACE_STYLE_FILL_AREA ( #3028 ) ;
#2995 = ORIENTED_EDGE ( 'NONE', *, *, #2696, .T. ) ;
#2996 = DIRECTION ( 'NONE',  ( 0.0000000000000000000, 0.0000000000000000000, 1.000000000000000000 ) ) ;
#2997 = VERTEX_POINT ( 'NONE', #3215 ) ;
#2998 = EDGE_LOOP ( 'NONE', ( #1154, #3244, #1975, #3601, #1163, #1318, #1454, #1967 ) ) ;
#2999 = CARTESIAN_POINT ( 'NONE',  ( 0.0000000000000000000, 0.0000000000000000000, 6.000000000000000000 ) ) ;
#3000 = AXIS2_PLACEMENT_3D ( 'NONE', #1499, #3538, #1225 ) ;
#3001 = EDGE_LOOP ( 'NONE', ( #610, #2059, #2038, #2610 ) ) ;
#3002 = FACE_OUTER_BOUND ( 'NONE', #140, .T. ) ;
#3003 = LINE ( 'NONE', #2238, #772 ) ;
#3004 = CARTESIAN_POINT ( 'NONE',  ( 2.775557561562889900E-016, -0.9000000000000001300, 4.599999999999999600 ) ) ;
#3005 = DIRECTION ( 'NONE',  ( -1.000000000000000000, -0.0000000000000000000, 0.0000000000000000000 ) ) ;
#3006 = VERTEX_POINT ( 'NONE', #1187 ) ;
#3007 = PRESENTATION_STYLE_ASSIGNMENT (( #3551 ) ) ;
#3008 = DIRECTION ( 'NONE',  ( 0.0000000000000000000, 0.0000000000000000000, 1.000000000000000000 ) ) ;
#3009 = VECTOR ( 'NONE', #1943, 1000.000000000000000 ) ;
#3010 = EDGE_LOOP ( 'NONE', ( #42, #3239, #2266, #173 ) ) ;
#3011 = PRESENTATION_LAYER_ASSIGNMENT (  '', '', ( #3199 ) ) ;
#3012 = VECTOR ( 'NONE', #3379, 1000.000000000000000 ) ;
#3013 = STYLED_ITEM ( 'NONE', ( #3222 ), #1906 ) ;
#3014 = ORIENTED_EDGE ( 'NONE', *, *, #3264, .T. ) ;
#3015 = VERTEX_POINT ( 'NONE', #901 ) ;
#3016 =( NAMED_UNIT ( * ) PLANE_ANGLE_UNIT ( ) SI_UNIT ( $, .RADIAN. ) );
#3017 = CARTESIAN_POINT ( 'NONE',  ( -2.399999999999999900, -1.100000000000000100, 0.0000000000000000000 ) ) ;
#3018 = FILL_AREA_STYLE_COLOUR ( '', #511 ) ;
#3019 = ORIENTED_EDGE ( 'NONE', *, *, #3241, .F. ) ;
#3020 = EDGE_LOOP ( 'NONE', ( #2533, #3542, #2203, #1994, #3689, #2345, #3534, #45, #3173, #680 ) ) ;
#3021 = DIRECTION ( 'NONE',  ( 1.552325258144789900E-016, -1.000000000000000000, 0.0000000000000000000 ) ) ;
#3022 = EDGE_CURVE ( 'NONE', #2289, #1652, #132, .T. ) ;
#3023 = UNCERTAINTY_MEASURE_WITH_UNIT (LENGTH_MEASURE( 1.000000000000000100E-005 ), #1091, 'distance_accuracy_value', 'NONE');
#3024 = EDGE_CURVE ( 'NONE', #2389, #3375, #46, .T. ) ;
#3025 = EDGE_CURVE ( 'NONE', #1555, #1462, #39, .T. ) ;
#3026 = CIRCLE ( 'NONE', #683, 0.8000000000000003800 ) ;
#3027 = VECTOR ( 'NONE', #387, 1000.000000000000000 ) ;
#3028 = FILL_AREA_STYLE ('',( #114 ) ) ;
#3029 = PLANE ( 'NONE',  #1558 ) ;
#3030 = CARTESIAN_POINT ( 'NONE',  ( 0.8700000000000000000, -0.3940134084949898900, 0.0000000000000000000 ) ) ;
#3031 = EDGE_CURVE ( 'NONE', #3140, #1926, #730, .T. ) ;
#3032 =( GEOMETRIC_REPRESENTATION_CONTEXT ( 3 ) GLOBAL_UNCERTAINTY_ASSIGNED_CONTEXT ( ( #3023 ) ) GLOBAL_UNIT_ASSIGNED_CONTEXT ( ( #1091, #3123, #1389 ) ) REPRESENTATION_CONTEXT ( 'NONE', 'WORKASPACE' ) );
#3033 =( NAMED_UNIT ( * ) SI_UNIT ( $, .STERADIAN. ) SOLID_ANGLE_UNIT ( ) );
#3034 = COLOUR_RGB ( '',1.000000000000000000, 0.8000000000000000400, 0.2000000000000000100 ) ;
#3035 =( NAMED_UNIT ( * ) PLANE_ANGLE_UNIT ( ) SI_UNIT ( $, .RADIAN. ) );
#3036 = CARTESIAN_POINT ( 'NONE',  ( -0.7745966692414827400, -0.9000000000000001300, 4.400000000000000400 ) ) ;
#3037 = ORIENTED_EDGE ( 'NONE', *, *, #1842, .T. ) ;
#3038 = FILL_AREA_STYLE_COLOUR ( '', #1523 ) ;
#3039 = ADVANCED_FACE ( 'NONE', ( #3737, #2192 ), #2662, .T. ) ;
#3040 = ORIENTED_EDGE ( 'NONE', *, *, #2064, .F. ) ;
#3041 = ORIENTED_EDGE ( 'NONE', *, *, #1581, .F. ) ;
#3042 = SURFACE_STYLE_USAGE ( .BOTH. , #1016 ) ;
#3043 = FACE_OUTER_BOUND ( 'NONE', #414, .T. ) ;
#3044 = EDGE_CURVE ( 'NONE', #77, #3359, #1922, .T. ) ;
#3045 = ORIENTED_EDGE ( 'NONE', *, *, #3152, .T. ) ;
#3046 = COLOUR_RGB ( '',1.000000000000000000, 0.8000000000000000400, 0.2000000000000000100 ) ;
#3047 = VECTOR ( 'NONE', #170, 1000.000000000000000 ) ;
#3048 = FILL_AREA_STYLE_COLOUR ( '', #1053 ) ;
#3049 = FACE_OUTER_BOUND ( 'NONE', #2693, .T. ) ;
#3050 = CARTESIAN_POINT ( 'NONE',  ( 2.500000000000000000, -0.9000000000000001300, 5.200000000000001100 ) ) ;
#3051 = CARTESIAN_POINT ( 'NONE',  ( -1.800000000000000300, 0.5999999999999999800, 0.0000000000000000000 ) ) ;
#3052 = SURFACE_STYLE_FILL_AREA ( #876 ) ;
#3053 = AXIS2_PLACEMENT_3D ( 'NONE', #702, #2745, #988 ) ;
#3054 = ORIENTED_EDGE ( 'NONE', *, *, #3150, .F. ) ;
#3055 = AXIS2_PLACEMENT_3D ( 'NONE', #2319, #571, #2608 ) ;
#3056 = PLANE ( 'NONE',  #3085 ) ;
#3057 = CARTESIAN_POINT ( 'NONE',  ( 1.700000000000000000, 0.5999999999999999800, 0.0000000000000000000 ) ) ;
#3058 = AXIS2_PLACEMENT_3D ( 'NONE', #1618, #3650, #1920 ) ;
#3059 = ADVANCED_FACE ( 'NONE', ( #1149 ), #2475, .T. ) ;
#3060 = ORIENTED_EDGE ( 'NONE', *, *, #3288, .F. ) ;
#3061 = PLANE ( 'NONE',  #299 ) ;
#3062 = SURFACE_STYLE_FILL_AREA ( #1764 ) ;
#3063 = FACE_OUTER_BOUND ( 'NONE', #591, .T. ) ;
#3064 = DIRECTION ( 'NONE',  ( -0.0000000000000000000, 1.000000000000000000, 0.0000000000000000000 ) ) ;
#3065 = VERTEX_POINT ( 'NONE', #422 ) ;
#3066 = SURFACE_STYLE_FILL_AREA ( #3734 ) ;
#3067 = PRESENTATION_LAYER_ASSIGNMENT (  '', '', ( #3260 ) ) ;
#3068 = UNCERTAINTY_MEASURE_WITH_UNIT (LENGTH_MEASURE( 1.000000000000000100E-005 ), #360, 'distance_accuracy_value', 'NONE');
#3069 = DIRECTION ( 'NONE',  ( 0.0000000000000000000, 0.0000000000000000000, -1.000000000000000000 ) ) ;
#3070 = DIRECTION ( 'NONE',  ( 0.0000000000000000000, 1.000000000000000000, -0.0000000000000000000 ) ) ;
#3071 = COLOUR_RGB ( '',1.000000000000000000, 0.8000000000000000400, 0.2000000000000000100 ) ;
#3072 = EDGE_CURVE ( 'NONE', #3088, #77, #85, .T. ) ;
#3073 = EDGE_CURVE ( 'NONE', #2561, #1933, #2334, .T. ) ;
#3074 = DIRECTION ( 'NONE',  ( -0.0000000000000000000, -1.000000000000000000, -0.0000000000000000000 ) ) ;
#3075 = DIRECTION ( 'NONE',  ( 0.0000000000000000000, 0.0000000000000000000, 1.000000000000000000 ) ) ;
#3076 = CARTESIAN_POINT ( 'NONE',  ( -0.6700000000000000400, -0.3940134084949900000, 1.744261863100000200 ) ) ;
#3077 = DIRECTION ( 'NONE',  ( 0.0000000000000000000, 0.0000000000000000000, 1.000000000000000000 ) ) ;
#3078 = ADVANCED_FACE ( 'NONE', ( #3002 ), #1317, .T. ) ;
#3079 = PRESENTATION_STYLE_ASSIGNMENT (( #2254 ) ) ;
#3080 = CARTESIAN_POINT ( 'NONE',  ( -1.204119754421040500, 0.4999865915050104600, 4.700000000000002000 ) ) ;
#3081 = MECHANICAL_DESIGN_GEOMETRIC_PRESENTATION_REPRESENTATION (  '', ( #2511 ), #3274 ) ;
#3082 =( NAMED_UNIT ( * ) PLANE_ANGLE_UNIT ( ) SI_UNIT ( $, .RADIAN. ) );
#3083 =( NAMED_UNIT ( * ) PLANE_ANGLE_UNIT ( ) SI_UNIT ( $, .RADIAN. ) );
#3084 = ORIENTED_EDGE ( 'NONE', *, *, #3464, .T. ) ;
#3085 = AXIS2_PLACEMENT_3D ( 'NONE', #1034, #3069, #1333 ) ;
#3086 = EDGE_LOOP ( 'NONE', ( #2735, #2156, #3480, #3637, #2995 ) ) ;
#3087 = COLOUR_RGB ( '',1.000000000000000000, 0.8000000000000000400, 0.2000000000000000100 ) ;
#3088 = VERTEX_POINT ( 'NONE', #3057 ) ;
#3089 = FILL_AREA_STYLE ('',( #3663 ) ) ;
#3090 =( LENGTH_UNIT ( ) NAMED_UNIT ( * ) SI_UNIT ( .MILLI., .METRE. ) );
#3091 = ORIENTED_EDGE ( 'NONE', *, *, #2262, .F. ) ;
#3092 = PRESENTATION_STYLE_ASSIGNMENT (( #2205 ) ) ;
#3093 = CARTESIAN_POINT ( 'NONE',  ( -0.8000000000000000400, -1.200000000000000000, 4.599999999999999600 ) ) ;
#3094 = CARTESIAN_POINT ( 'NONE',  ( 1.204119754421040500, -0.4940134084949899800, 4.700000000000000200 ) ) ;
#3095 = CARTESIAN_POINT ( 'NONE',  ( 0.0000000000000000000, 0.6999999999999999600, 6.000000000000000000 ) ) ;
#3096 =( NAMED_UNIT ( * ) SI_UNIT ( $, .STERADIAN. ) SOLID_ANGLE_UNIT ( ) );
#3097 = FILL_AREA_STYLE ('',( #2130 ) ) ;
#3098 = ORIENTED_EDGE ( 'NONE', *, *, #2870, .T. ) ;
#3099 = SURFACE_STYLE_USAGE ( .BOTH. , #1070 ) ;
#3100 = COLOUR_RGB ( '',1.000000000000000000, 0.8000000000000000400, 0.2000000000000000100 ) ;
#3101 = EDGE_CURVE ( 'NONE', #3452, #1194, #3505, .T. ) ;
#3102 = ADVANCED_FACE ( 'NONE', ( #1181 ), #3353, .F. ) ;
#3103 = LINE ( 'NONE', #1632, #1551 ) ;
#3104 = EDGE_LOOP ( 'NONE', ( #1422, #1537, #3583, #89 ) ) ;
#3105 = FACE_OUTER_BOUND ( 'NONE', #3010, .T. ) ;
#3106 = CARTESIAN_POINT ( 'NONE',  ( 2.500000000000000000, 1.100000000000000100, 0.0000000000000000000 ) ) ;
#3107 = CARTESIAN_POINT ( 'NONE',  ( 2.500000000000000000, -0.9000000000000001300, 4.400000000000000400 ) ) ;
#3108 = VERTEX_POINT ( 'NONE', #1928 ) ;
#3109 = CARTESIAN_POINT ( 'NONE',  ( 1.404119754421040000, 0.4999865915050102400, 4.700000000000000200 ) ) ;
#3110 = CARTESIAN_POINT ( 'NONE',  ( 2.500000000000000000, -0.9000000000000001300, 4.400000000000000400 ) ) ;
#3111 = PRESENTATION_LAYER_ASSIGNMENT (  '', '', ( #2921 ) ) ;
#3112 = VERTEX_POINT ( 'NONE', #2227 ) ;
#3113 =( GEOMETRIC_REPRESENTATION_CONTEXT ( 3 ) GLOBAL_UNCERTAINTY_ASSIGNED_CONTEXT ( ( #3752 ) ) GLOBAL_UNIT_ASSIGNED_CONTEXT ( ( #1515, #3544, #1809 ) ) REPRESENTATION_CONTEXT ( 'NONE', 'WORKASPACE' ) );
#3114 = DIRECTION ( 'NONE',  ( 1.000000000000000000, 0.0000000000000000000, 0.0000000000000000000 ) ) ;
#3115 = SURFACE_SIDE_STYLE ('',( #852 ) ) ;
#3116 = PRESENTATION_STYLE_ASSIGNMENT (( #151 ) ) ;
#3117 = ORIENTED_EDGE ( 'NONE', *, *, #1320, .F. ) ;
#3118 = SURFACE_SIDE_STYLE ('',( #518 ) ) ;
#3119 = DIRECTION ( 'NONE',  ( -0.0000000000000000000, -0.0000000000000000000, -1.000000000000000000 ) ) ;
#3120 = VECTOR ( 'NONE', #2011, 1000.000000000000000 ) ;
#3121 = CARTESIAN_POINT ( 'NONE',  ( -1.900000000000000100, -0.4940134084949899800, 0.0000000000000000000 ) ) ;
#3122 = VECTOR ( 'NONE', #2722, 1000.000000000000000 ) ;
#3123 =( NAMED_UNIT ( * ) PLANE_ANGLE_UNIT ( ) SI_UNIT ( $, .RADIAN. ) );
#3124 = ADVANCED_FACE ( 'NONE', ( #2678, #1126 ), #183, .F. ) ;
#3125 =( LENGTH_UNIT ( ) NAMED_UNIT ( * ) SI_UNIT ( .MILLI., .METRE. ) );
#3126 = MECHANICAL_DESIGN_GEOMETRIC_PRESENTATION_REPRESENTATION (  '', ( #2555 ), #3306 ) ;
#3127 = CARTESIAN_POINT ( 'NONE',  ( 1.404119754421040200, 0.4999865915050104600, 4.700000000000000200 ) ) ;
#3128 = DIRECTION ( 'NONE',  ( -1.000000000000000000, -0.0000000000000000000, -1.734723475976810100E-015 ) ) ;
#3129 = LINE ( 'NONE', #3036, #811 ) ;
#3130 = AXIS2_PLACEMENT_3D ( 'NONE', #1289, #3310, #1570 ) ;
#3131 = DIRECTION ( 'NONE',  ( -0.0000000000000000000, -0.0000000000000000000, -1.000000000000000000 ) ) ;
#3132 = ORIENTED_EDGE ( 'NONE', *, *, #165, .F. ) ;
#3133 = COLOUR_RGB ( '',1.000000000000000000, 0.8000000000000000400, 0.2000000000000000100 ) ;
#3134 = FILL_AREA_STYLE ('',( #524 ) ) ;
#3135 = ORIENTED_EDGE ( 'NONE', *, *, #2851, .T. ) ;
#3136 = VERTEX_POINT ( 'NONE', #788 ) ;
#3137 = EDGE_LOOP ( 'NONE', ( #246, #1466, #814, #495, #2912, #2786, #2705, #3349, #519, #12 ) ) ;
#3138 = ADVANCED_FACE ( 'NONE', ( #1616 ), #1083, .F. ) ;
#3139 = FACE_OUTER_BOUND ( 'NONE', #2825, .T. ) ;
#3140 = VERTEX_POINT ( 'NONE', #2529 ) ;
#3141 = PLANE ( 'NONE',  #2030 ) ;
#3142 = UNCERTAINTY_MEASURE_WITH_UNIT (LENGTH_MEASURE( 1.000000000000000100E-005 ), #2752, 'distance_accuracy_value', 'NONE');
#3143 = LINE ( 'NONE', #2646, #825 ) ;
#3144 = LINE ( 'NONE', #1060, #827 ) ;
#3145 =( LENGTH_UNIT ( ) NAMED_UNIT ( * ) SI_UNIT ( .MILLI., .METRE. ) );
#3146 = DIRECTION ( 'NONE',  ( -1.000000000000000000, 5.584547527915730100E-016, 0.0000000000000000000 ) ) ;
#3147 = LINE ( 'NONE', #2567, #1597 ) ;
#3148 = FILL_AREA_STYLE ('',( #221 ) ) ;
#3149 = CARTESIAN_POINT ( 'NONE',  ( -2.500000000000000000, -1.200000000000000000, 5.200000000000001100 ) ) ;
#3150 = EDGE_CURVE ( 'NONE', #1040, #2664, #577, .T. ) ;
#3151 = PRESENTATION_STYLE_ASSIGNMENT (( #2281 ) ) ;
#3152 = EDGE_CURVE ( 'NONE', #574, #2577, #3571, .T. ) ;
#3153 = VERTEX_POINT ( 'NONE', #801 ) ;
#3154 = ORIENTED_EDGE ( 'NONE', *, *, #1203, .T. ) ;
#3155 = SURFACE_SIDE_STYLE ('',( #1586 ) ) ;
#3156 = STYLED_ITEM ( 'NONE', ( #2337 ), #198 ) ;
#3157 = SURFACE_SIDE_STYLE ('',( #2887 ) ) ;
#3158 = STYLED_ITEM ( 'NONE', ( #781 ), #2765 ) ;
#3159 = DIRECTION ( 'NONE',  ( 0.0000000000000000000, -0.0000000000000000000, -1.000000000000000000 ) ) ;
#3160 = PRESENTATION_LAYER_ASSIGNMENT (  '', '', ( #2778 ) ) ;
#3161 =( GEOMETRIC_REPRESENTATION_CONTEXT ( 3 ) GLOBAL_UNCERTAINTY_ASSIGNED_CONTEXT ( ( #1624 ) ) GLOBAL_UNIT_ASSIGNED_CONTEXT ( ( #2353, #608, #2644 ) ) REPRESENTATION_CONTEXT ( 'NONE', 'WORKASPACE' ) );
#3162 = CARTESIAN_POINT ( 'NONE',  ( -1.404119754421040200, -0.3940134084949896700, 4.700000000000000200 ) ) ;
#3163 =( GEOMETRIC_REPRESENTATION_CONTEXT ( 3 ) GLOBAL_UNCERTAINTY_ASSIGNED_CONTEXT ( ( #1793 ) ) GLOBAL_UNIT_ASSIGNED_CONTEXT ( ( #446, #2499, #744 ) ) REPRESENTATION_CONTEXT ( 'NONE', 'WORKASPACE' ) );
#3164 = VECTOR ( 'NONE', #2605, 1000.000000000000000 ) ;
#3165 = SURFACE_STYLE_FILL_AREA ( #2103 ) ;
#3166 =( NAMED_UNIT ( * ) SI_UNIT ( $, .STERADIAN. ) SOLID_ANGLE_UNIT ( ) );
#3167 = ADVANCED_FACE ( 'NONE', ( #1353 ), #224, .T. ) ;
#3168 =( NAMED_UNIT ( * ) SI_UNIT ( $, .STERADIAN. ) SOLID_ANGLE_UNIT ( ) );
#3169 = EDGE_CURVE ( 'NONE', #2372, #2690, #206, .T. ) ;
#3170 =( LENGTH_UNIT ( ) NAMED_UNIT ( * ) SI_UNIT ( .MILLI., .METRE. ) );
#3171 = DIRECTION ( 'NONE',  ( 0.1778259459558251000, -3.609663850358436200E-017, -0.9840619558467422800 ) ) ;
#3172 = FACE_OUTER_BOUND ( 'NONE', #3507, .T. ) ;
#3173 = ORIENTED_EDGE ( 'NONE', *, *, #1300, .F. ) ;
#3174 = PLANE ( 'NONE',  #582 ) ;
#3175 = ORIENTED_EDGE ( 'NONE', *, *, #3101, .F. ) ;
#3176 =( LENGTH_UNIT ( ) NAMED_UNIT ( * ) SI_UNIT ( .MILLI., .METRE. ) );
#3177 = ORIENTED_EDGE ( 'NONE', *, *, #1279, .F. ) ;
#3178 = AXIS2_PLACEMENT_3D ( 'NONE', #3456, #1719, #3755 ) ;
#3179 =( NAMED_UNIT ( * ) SI_UNIT ( $, .STERADIAN. ) SOLID_ANGLE_UNIT ( ) );
#3180 = FILL_AREA_STYLE ('',( #2903 ) ) ;
#3181 = ORIENTED_EDGE ( 'NONE', *, *, #1857, .T. ) ;
#3182 = SURFACE_SIDE_STYLE ('',( #2941 ) ) ;
#3183 = ORIENTED_EDGE ( 'NONE', *, *, #2373, .F. ) ;
#3184 = UNCERTAINTY_MEASURE_WITH_UNIT (LENGTH_MEASURE( 1.000000000000000100E-005 ), #1528, 'distance_accuracy_value', 'NONE');
#3185 = LINE ( 'NONE', #2020, #1640 ) ;
#3186 = VECTOR ( 'NONE', #162, 1000.000000000000000 ) ;
#3187 = VERTEX_POINT ( 'NONE', #2000 ) ;
#3188 = PRESENTATION_LAYER_ASSIGNMENT (  '', '', ( #2621 ) ) ;
#3189 = CARTESIAN_POINT ( 'NONE',  ( 1.305739372378889700, -0.5940134084949899600, 4.700000000000000200 ) ) ;
#3190 = SURFACE_SIDE_STYLE ('',( #3052 ) ) ;
#3191 = CARTESIAN_POINT ( 'NONE',  ( -2.500000000000000000, 0.0000000000000000000, 0.0000000000000000000 ) ) ;
#3192 = ORIENTED_EDGE ( 'NONE', *, *, #2477, .T. ) ;
#3193 = PLANE ( 'NONE',  #666 ) ;
#3194 = VERTEX_POINT ( 'NONE', #243 ) ;
#3195 = CIRCLE ( 'NONE', #1335, 0.09999999999999982500 ) ;
#3196 = ORIENTED_EDGE ( 'NONE', *, *, #1220, .F. ) ;
#3197 = CARTESIAN_POINT ( 'NONE',  ( -2.399999999999999900, -1.200000000000000000, 0.0000000000000000000 ) ) ;
#3198 = VECTOR ( 'NONE', #2668, 1000.000000000000000 ) ;
#3199 = STYLED_ITEM ( 'NONE', ( #1988 ), #534 ) ;
#3200 = SURFACE_STYLE_FILL_AREA ( #1714 ) ;
#3201 = PLANE ( 'NONE',  #1849 ) ;
#3202 = CARTESIAN_POINT ( 'NONE',  ( -2.500000000000000000, -1.100000000000000100, 4.400000000000000400 ) ) ;
#3203 = PRESENTATION_LAYER_ASSIGNMENT (  '', '', ( #3013 ) ) ;
#3204 = LINE ( 'NONE', #2579, #1566 ) ;
#3205 = FACE_OUTER_BOUND ( 'NONE', #3217, .T. ) ;
#3206 = LINE ( 'NONE', #2711, #896 ) ;
#3207 = CARTESIAN_POINT ( 'NONE',  ( -2.200000000000000200, -0.9000000000000001300, 4.400000000000000400 ) ) ;
#3208 = CARTESIAN_POINT ( 'NONE',  ( 2.775557561562889900E-016, -0.6999999999999999600, 4.599999999999999600 ) ) ;
#3209 = COLOUR_RGB ( '',0.2509803921568627400, 0.2509803921568627400, 0.2509803921568627400 ) ;
#3210 = CARTESIAN_POINT ( 'NONE',  ( -2.000000000000000000, 0.0000000000000000000, 0.0000000000000000000 ) ) ;
#3211 = EDGE_CURVE ( 'NONE', #98, #3504, #2545, .T. ) ;
#3212 = CARTESIAN_POINT ( 'NONE',  ( 1.700000000000000000, -0.3940134084949900000, 0.5000000000000000000 ) ) ;
#3213 = EDGE_CURVE ( 'NONE', #1012, #1041, #973, .T. ) ;
#3214 = EDGE_CURVE ( 'NONE', #697, #1584, #1669, .T. ) ;
#3215 = CARTESIAN_POINT ( 'NONE',  ( 0.6700000000000000400, -0.3940134084949900000, 0.5000000000000000000 ) ) ;
#3216 = DIRECTION ( 'NONE',  ( 1.000000000000000000, 0.0000000000000000000, -0.0000000000000000000 ) ) ;
#3217 = EDGE_LOOP ( 'NONE', ( #3425, #2234, #1552, #3655 ) ) ;
#3218 = SURFACE_STYLE_FILL_AREA ( #2959 ) ;
#3219 = ORIENTED_EDGE ( 'NONE', *, *, #2858, .T. ) ;
#3220 = DIRECTION ( 'NONE',  ( 1.000000000000000000, 0.0000000000000000000, -0.0000000000000000000 ) ) ;
#3221 = ORIENTED_EDGE ( 'NONE', *, *, #434, .F. ) ;
#3222 = PRESENTATION_STYLE_ASSIGNMENT (( #3263 ) ) ;
#3223 = EDGE_LOOP ( 'NONE', ( #1704, #3709, #1636, #2618 ) ) ;
#3224 = EDGE_CURVE ( 'NONE', #2915, #3502, #3204, .T. ) ;
#3225 = DIRECTION ( 'NONE',  ( 0.0000000000000000000, 0.0000000000000000000, 1.000000000000000000 ) ) ;
#3226 =( LENGTH_UNIT ( ) NAMED_UNIT ( * ) SI_UNIT ( .MILLI., .METRE. ) );
#3227 = STYLED_ITEM ( 'NONE', ( #1661 ), #1427 ) ;
#3228 = ORIENTED_EDGE ( 'NONE', *, *, #412, .T. ) ;
#3229 = VECTOR ( 'NONE', #2051, 1000.000000000000000 ) ;
#3230 = APPLICATION_CONTEXT ( 'automotive_design' ) ;
#3231 = CYLINDRICAL_SURFACE ( 'NONE', #1721, 0.09999999999999982500 ) ;
#3232 = SURFACE_STYLE_FILL_AREA ( #138 ) ;
#3233 = VECTOR ( 'NONE', #815, 1000.000000000000000 ) ;
#3234 = DIRECTION ( 'NONE',  ( 0.0000000000000000000, -0.0000000000000000000, -1.000000000000000000 ) ) ;
#3235 = COLOUR_RGB ( '',1.000000000000000000, 0.8000000000000000400, 0.2000000000000000100 ) ;
#3236 = AXIS2_PLACEMENT_3D ( 'NONE', #2632, #892, #2926 ) ;
#3237 = COLOUR_RGB ( '',0.2509803921568627400, 0.2509803921568627400, 0.2509803921568627400 ) ;
#3238 = SURFACE_SIDE_STYLE ('',( #1074 ) ) ;
#3239 = ORIENTED_EDGE ( 'NONE', *, *, #3410, .F. ) ;
#3240 =( NAMED_UNIT ( * ) SI_UNIT ( $, .STERADIAN. ) SOLID_ANGLE_UNIT ( ) );
#3241 = EDGE_CURVE ( 'NONE', #1037, #2142, #2355, .T. ) ;
#3242 = CARTESIAN_POINT ( 'NONE',  ( 1.700000000000000000, -0.3940134084949900000, 0.0000000000000000000 ) ) ;
#3243 = COLOUR_RGB ( '',0.2509803921568627400, 0.2509803921568627400, 0.2509803921568627400 ) ;
#3244 = ORIENTED_EDGE ( 'NONE', *, *, #2174, .T. ) ;
#3245 = SURFACE_STYLE_USAGE ( .BOTH. , #1213 ) ;
#3246 = DIRECTION ( 'NONE',  ( 1.000000000000000000, -1.156482317317870000E-016, -0.0000000000000000000 ) ) ;
#3247 = AXIS2_PLACEMENT_3D ( 'NONE', #2147, #2721, #1563 ) ;
#3248 = DIRECTION ( 'NONE',  ( -1.000000000000000000, -0.0000000000000000000, 0.0000000000000000000 ) ) ;
#3249 = AXIS2_PLACEMENT_3D ( 'NONE', #2306, #551, #2593 ) ;
#3250 = SURFACE_STYLE_USAGE ( .BOTH. , #1218 ) ;
#3251 = AXIS2_PLACEMENT_3D ( 'NONE', #3337, #1606, #3636 ) ;
#3252 = LINE ( 'NONE', #2096, #2398 ) ;
#3253 = UNCERTAINTY_MEASURE_WITH_UNIT (LENGTH_MEASURE( 1.000000000000000100E-005 ), #647, 'distance_accuracy_value', 'NONE');
#3254 = DIRECTION ( 'NONE',  ( -0.0000000000000000000, -0.0000000000000000000, -1.000000000000000000 ) ) ;
#3255 = FILL_AREA_STYLE ('',( #3706 ) ) ;
#3256 = UNCERTAINTY_MEASURE_WITH_UNIT (LENGTH_MEASURE( 1.000000000000000100E-005 ), #14, 'distance_accuracy_value', 'NONE');
#3257 = CARTESIAN_POINT ( 'NONE',  ( 1.800000000000000300, -0.5940134084949899600, 5.200000000000001100 ) ) ;
#3258 = DIRECTION ( 'NONE',  ( 1.000000000000000000, 0.0000000000000000000, 0.0000000000000000000 ) ) ;
#3259 = DIRECTION ( 'NONE',  ( -0.0000000000000000000, -1.301042606982610000E-016, -1.000000000000000000 ) ) ;
#3260 = STYLED_ITEM ( 'NONE', ( #2214 ), #3381 ) ;
#3261 = COLOUR_RGB ( '',0.2509803921568627400, 0.2509803921568627400, 0.2509803921568627400 ) ;
#3262 = VERTEX_POINT ( 'NONE', #2881 ) ;
#3263 = SURFACE_STYLE_USAGE ( .BOTH. , #1233 ) ;
#3264 = EDGE_CURVE ( 'NONE', #1729, #1338, #2268, .T. ) ;
#3265 = EDGE_CURVE ( 'NONE', #958, #2845, #111, .T. ) ;
#3266 = ORIENTED_EDGE ( 'NONE', *, *, #1667, .T. ) ;
#3267 = CARTESIAN_POINT ( 'NONE',  ( -1.404119754421040000, 0.4999865915050104600, 4.700000000000000200 ) ) ;
#3268 = ORIENTED_EDGE ( 'NONE', *, *, #1717, .T. ) ;
#3269 =( NAMED_UNIT ( * ) PLANE_ANGLE_UNIT ( ) SI_UNIT ( $, .RADIAN. ) );
#3270 =( NAMED_UNIT ( * ) SI_UNIT ( $, .STERADIAN. ) SOLID_ANGLE_UNIT ( ) );
#3271 = EDGE_LOOP ( 'NONE', ( #3219, #2181, #790, #2603 ) ) ;
#3272 = VECTOR ( 'NONE', #2245, 1000.000000000000000 ) ;
#3273 = VECTOR ( 'NONE', #2222, 1000.000000000000000 ) ;
#3274 =( GEOMETRIC_REPRESENTATION_CONTEXT ( 3 ) GLOBAL_UNCERTAINTY_ASSIGNED_CONTEXT ( ( #882 ) ) GLOBAL_UNIT_ASSIGNED_CONTEXT ( ( #2225, #474, #3096 ) ) REPRESENTATION_CONTEXT ( 'NONE', 'WORKASPACE' ) );
#3275 = PLANE ( 'NONE',  #2274 ) ;
#3276 = VERTEX_POINT ( 'NONE', #2312 ) ;
#3277 = LINE ( 'NONE', #1131, #276 ) ;
#3278 = PRESENTATION_LAYER_ASSIGNMENT (  '', '', ( #2904 ) ) ;
#3279 = PRESENTATION_STYLE_ASSIGNMENT (( #2795 ) ) ;
#3280 = LINE ( 'NONE', #3667, #2424 ) ;
#3281 = ORIENTED_EDGE ( 'NONE', *, *, #2581, .T. ) ;
#3282 = DIRECTION ( 'NONE',  ( 1.000000000000000000, 0.0000000000000000000, -0.0000000000000000000 ) ) ;
#3283 = COLOUR_RGB ( '',0.2509803921568627400, 0.2509803921568627400, 0.2509803921568627400 ) ;
#3284 = STYLED_ITEM ( 'NONE', ( #2044 ), #3167 ) ;
#3285 = VERTEX_POINT ( 'NONE', #1716 ) ;
#3286 = VERTEX_POINT ( 'NONE', #259 ) ;
#3287 = DIRECTION ( 'NONE',  ( 1.000000000000000000, 0.0000000000000000000, -0.0000000000000000000 ) ) ;
#3288 = EDGE_CURVE ( 'NONE', #2997, #3289, #2166, .T. ) ;
#3289 = VERTEX_POINT ( 'NONE', #2600 ) ;
#3290 = FILL_AREA_STYLE_COLOUR ( '', #3350 ) ;
#3291 = LINE ( 'NONE', #264, #971 ) ;
#3292 = DIRECTION ( 'NONE',  ( 4.440892098500623800E-015, 0.0000000000000000000, 1.000000000000000000 ) ) ;
#3293 = CARTESIAN_POINT ( 'NONE',  ( 0.0000000000000000000, 1.200000000000000000, 0.0000000000000000000 ) ) ;
#3294 = SURFACE_STYLE_FILL_AREA ( #628 ) ;
#3295 = VECTOR ( 'NONE', #957, 1000.000000000000000 ) ;
#3296 = MECHANICAL_DESIGN_GEOMETRIC_PRESENTATION_REPRESENTATION (  '', ( #2921 ), #3495 ) ;
#3297 = FILL_AREA_STYLE ('',( #432 ) ) ;
#3298 = UNCERTAINTY_MEASURE_WITH_UNIT (LENGTH_MEASURE( 1.000000000000000100E-005 ), #1642, 'distance_accuracy_value', 'NONE');
#3299 = DIRECTION ( 'NONE',  ( 0.0000000000000000000, -1.000000000000000000, 0.0000000000000000000 ) ) ;
#3300 = LINE ( 'NONE', #430, #1765 ) ;
#3301 = DIRECTION ( 'NONE',  ( 1.000000000000000000, 0.0000000000000000000, 0.0000000000000000000 ) ) ;
#3302 = CARTESIAN_POINT ( 'NONE',  ( -1.700000000000000000, -0.3940134084949900000, 4.700000000000000200 ) ) ;
#3303 = ORIENTED_EDGE ( 'NONE', *, *, #2858, .F. ) ;
#3304 = VECTOR ( 'NONE', #775, 1000.000000000000200 ) ;
#3305 = ORIENTED_EDGE ( 'NONE', *, *, #812, .F. ) ;
#3306 =( GEOMETRIC_REPRESENTATION_CONTEXT ( 3 ) GLOBAL_UNCERTAINTY_ASSIGNED_CONTEXT ( ( #560 ) ) GLOBAL_UNIT_ASSIGNED_CONTEXT ( ( #2298, #539, #2588 ) ) REPRESENTATION_CONTEXT ( 'NONE', 'WORKASPACE' ) );
#3307 = VERTEX_POINT ( 'NONE', #2894 ) ;
#3308 = LINE ( 'NONE', #2972, #994 ) ;
#3309 = VERTEX_POINT ( 'NONE', #1443 ) ;
#3310 = DIRECTION ( 'NONE',  ( 1.000000000000000000, 1.552325258144789900E-016, 0.0000000000000000000 ) ) ;
#3311 = SURFACE_STYLE_USAGE ( .BOTH. , #1291 ) ;
#3312 = SURFACE_SIDE_STYLE ('',( #1402 ) ) ;
#3313 = EDGE_LOOP ( 'NONE', ( #1654, #444, #1329, #1889, #597, #3014 ) ) ;
#3314 = VECTOR ( 'NONE', #1461, 1000.000000000000000 ) ;
#3315 = CARTESIAN_POINT ( 'NONE',  ( 1.700000000000000000, 0.5999999999999999800, 0.5000000000000000000 ) ) ;
#3316 = PRESENTATION_LAYER_ASSIGNMENT (  '', '', ( #2939 ) ) ;
#3317 = CARTESIAN_POINT ( 'NONE',  ( 0.7700000000000004600, -0.5940134084949899600, 0.5000000000000000000 ) ) ;
#3318 = DIRECTION ( 'NONE',  ( 2.220446049250310100E-016, -1.000000000000000000, 0.0000000000000000000 ) ) ;
#3319 = CARTESIAN_POINT ( 'NONE',  ( 1.700000000000000000, -0.3940134084949900000, 0.0000000000000000000 ) ) ;
#3320 = VECTOR ( 'NONE', #2557, 1000.000000000000000 ) ;
#3321 = STYLED_ITEM ( 'NONE', ( #3007 ), #752 ) ;
#3322 = ORIENTED_EDGE ( 'NONE', *, *, #30, .T. ) ;
#3323 = ORIENTED_EDGE ( 'NONE', *, *, #3660, .F. ) ;
#3324 = SURFACE_STYLE_USAGE ( .BOTH. , #1303 ) ;
#3325 = FILL_AREA_STYLE ('',( #1009 ) ) ;
#3326 = DIRECTION ( 'NONE',  ( 0.9840619558467425000, 1.527584229640260800E-016, 0.1778259459558250400 ) ) ;
#3327 = CARTESIAN_POINT ( 'NONE',  ( -2.500000000000000000, 1.100000000000000100, 0.0000000000000000000 ) ) ;
#3328 = ORIENTED_EDGE ( 'NONE', *, *, #1842, .F. ) ;
#3329 = DIRECTION ( 'NONE',  ( 2.220446049250310100E-016, 1.000000000000000000, -0.0000000000000000000 ) ) ;
#3330 =( NAMED_UNIT ( * ) PLANE_ANGLE_UNIT ( ) SI_UNIT ( $, .RADIAN. ) );
#3331 = VECTOR ( 'NONE', #3578, 1000.000000000000000 ) ;
#3332 = EDGE_CURVE ( 'NONE', #1790, #3768, #3026, .T. ) ;
#3333 = EDGE_CURVE ( 'NONE', #275, #2651, #706, .T. ) ;
#3334 = SURFACE_STYLE_FILL_AREA ( #3491 ) ;
#3335 = COLOUR_RGB ( '',0.2509803921568627400, 0.2509803921568627400, 0.2509803921568627400 ) ;
#3336 = DIRECTION ( 'NONE',  ( 0.0000000000000000000, 0.0000000000000000000, 1.000000000000000000 ) ) ;
#3337 = CARTESIAN_POINT ( 'NONE',  ( 1.899999999999999900, -0.5940134084949899600, 0.0000000000000000000 ) ) ;
#3338 = ADVANCED_FACE ( 'NONE', ( #2865 ), #2615, .T. ) ;
#3339 = AXIS2_PLACEMENT_3D ( 'NONE', #2821, #3600, #1866 ) ;
#3340 = PRESENTATION_LAYER_ASSIGNMENT (  '', '', ( #3158 ) ) ;
#3341 = DIRECTION ( 'NONE',  ( 0.0000000000000000000, 0.0000000000000000000, 1.000000000000000000 ) ) ;
#3342 = DIRECTION ( 'NONE',  ( 0.0000000000000000000, 1.000000000000000000, -0.0000000000000000000 ) ) ;
#3343 = MECHANICAL_DESIGN_GEOMETRIC_PRESENTATION_REPRESENTATION (  '', ( #2778 ), #3547 ) ;
#3344 = CIRCLE ( 'NONE', #1501, 0.1000000000000000500 ) ;
#3345 = DIRECTION ( 'NONE',  ( 1.000000000000000000, 0.0000000000000000000, 0.0000000000000000000 ) ) ;
#3346 = ORIENTED_EDGE ( 'NONE', *, *, #523, .F. ) ;
#3347 = FILL_AREA_STYLE_COLOUR ( '', #1322 ) ;
#3348 = SURFACE_SIDE_STYLE ('',( #2553 ) ) ;
#3349 = ORIENTED_EDGE ( 'NONE', *, *, #2764, .T. ) ;
#3350 = COLOUR_RGB ( '',0.2509803921568627400, 0.2509803921568627400, 0.2509803921568627400 ) ;
#3351 = ORIENTED_EDGE ( 'NONE', *, *, #1638, .F. ) ;
#3352 = CARTESIAN_POINT ( 'NONE',  ( -1.404119754421040200, 0.4999865915050104600, 4.700000000000000200 ) ) ;
#3353 = PLANE ( 'NONE',  #1152 ) ;
#3354 = EDGE_CURVE ( 'NONE', #1991, #1367, #331, .T. ) ;
#3355 = ORIENTED_EDGE ( 'NONE', *, *, #143, .T. ) ;
#3356 = COLOUR_RGB ( '',1.000000000000000000, 0.8000000000000000400, 0.2000000000000000100 ) ;
#3357 = ADVANCED_FACE ( 'NONE', ( #2585 ), #3756, .T. ) ;
#3358 = FILL_AREA_STYLE ('',( #3048 ) ) ;
#3359 = VERTEX_POINT ( 'NONE', #2927 ) ;
#3360 = CYLINDRICAL_SURFACE ( 'NONE', #2383, 0.09999999999999982500 ) ;
#3361 = CARTESIAN_POINT ( 'NONE',  ( 0.0000000000000000000, 0.6999999999999999600, 6.000000000000000000 ) ) ;
#3362 = VECTOR ( 'NONE', #2835, 1000.000000000000000 ) ;
#3363 = DIRECTION ( 'NONE',  ( -0.1778259459558250200, 0.0000000000000000000, 0.9840619558467422800 ) ) ;
#3364 = SURFACE_SIDE_STYLE ('',( #2951 ) ) ;
#3365 = FILL_AREA_STYLE_COLOUR ( '', #1553 ) ;
#3366 = STYLED_ITEM ( 'NONE', ( #1132 ), #2276 ) ;
#3367 = ORIENTED_EDGE ( 'NONE', *, *, #1857, .F. ) ;
#3368 = DIRECTION ( 'NONE',  ( 0.1778259459558249900, -1.804831925179218100E-017, 0.9840619558467422800 ) ) ;
#3369 = PRESENTATION_LAYER_ASSIGNMENT (  '', '', ( #2988 ) ) ;
#3370 = UNCERTAINTY_MEASURE_WITH_UNIT (LENGTH_MEASURE( 1.000000000000000100E-005 ), #670, 'distance_accuracy_value', 'NONE');
#3371 = DIRECTION ( 'NONE',  ( 0.0000000000000000000, 0.0000000000000000000, 1.000000000000000000 ) ) ;
#3372 = FILL_AREA_STYLE_COLOUR ( '', #1993 ) ;
#3373 = LINE ( 'NONE', #3093, #1838 ) ;
#3374 = EDGE_LOOP ( 'NONE', ( #2123, #3736, #3084, #2055, #3183, #1772 ) ) ;
#3375 = VERTEX_POINT ( 'NONE', #3207 ) ;
#3376 = SURFACE_STYLE_USAGE ( .BOTH. , #1357 ) ;
#3377 = VERTEX_POINT ( 'NONE', #1477 ) ;
#3378 =( NAMED_UNIT ( * ) SI_UNIT ( $, .STERADIAN. ) SOLID_ANGLE_UNIT ( ) );
#3379 = DIRECTION ( 'NONE',  ( 2.792273763957870000E-016, 1.000000000000000000, 0.0000000000000000000 ) ) ;
#3380 = CARTESIAN_POINT ( 'NONE',  ( 1.404119754421040000, -0.3940134084949900000, 4.700000000000000200 ) ) ;
#3381 = ADVANCED_FACE ( 'NONE', ( #748 ), #3193, .F. ) ;
#3382 = CARTESIAN_POINT ( 'NONE',  ( 2.399999999999999900, 1.200000000000000000, 5.200000000000001100 ) ) ;
#3383 = MECHANICAL_DESIGN_GEOMETRIC_PRESENTATION_REPRESENTATION (  '', ( #2621 ), #3579 ) ;
#3384 = FILL_AREA_STYLE_COLOUR ( '', #2707 ) ;
#3385 = CARTESIAN_POINT ( 'NONE',  ( -2.399999999999999900, 1.100000000000000100, 0.0000000000000000000 ) ) ;
#3386 =( NAMED_UNIT ( * ) PLANE_ANGLE_UNIT ( ) SI_UNIT ( $, .RADIAN. ) );
#3387 = CIRCLE ( 'NONE', #1165, 0.09999999999999982500 ) ;
#3388 = CARTESIAN_POINT ( 'NONE',  ( 0.7999999999999999300, -0.9000000000000001300, 5.200000000000001100 ) ) ;
#3389 = DIRECTION ( 'NONE',  ( -0.0000000000000000000, -0.0000000000000000000, 1.000000000000000000 ) ) ;
#3390 = CARTESIAN_POINT ( 'NONE',  ( 1.700000000000000000, 0.4999865915050100100, 4.700000000000000200 ) ) ;
#3391 = DIRECTION ( 'NONE',  ( -1.000000000000000000, 0.0000000000000000000, -0.0000000000000000000 ) ) ;
#3392 = VECTOR ( 'NONE', #1011, 1000.000000000000200 ) ;
#3393 = AXIS2_PLACEMENT_3D ( 'NONE', #1506, #2671, #470 ) ;
#3394 =( LENGTH_UNIT ( ) NAMED_UNIT ( * ) SI_UNIT ( .MILLI., .METRE. ) );
#3395 = SURFACE_STYLE_FILL_AREA ( #1862 ) ;
#3396 = MECHANICAL_DESIGN_GEOMETRIC_PRESENTATION_REPRESENTATION (  '', ( #3013 ), #3594 ) ;
#3397 = PRODUCT ( 'User Library-jumper 2.54mm', 'User Library-jumper 2.54mm', '', ( #1200 ) ) ;
#3398 = PLANE ( 'NONE',  #1773 ) ;
#3399 = ADVANCED_FACE ( 'NONE', ( #471 ), #902, .F. ) ;
#3400 = ORIENTED_EDGE ( 'NONE', *, *, #2232, .F. ) ;
#3401 = VERTEX_POINT ( 'NONE', #1490 ) ;
#3402 =( NAMED_UNIT ( * ) SI_UNIT ( $, .STERADIAN. ) SOLID_ANGLE_UNIT ( ) );
#3403 = VERTEX_POINT ( 'NONE', #1791 ) ;
#3404 = CIRCLE ( 'NONE', #2836, 0.09999999999999982500 ) ;
#3405 = CARTESIAN_POINT ( 'NONE',  ( 2.399999999999999900, 1.200000000000000000, 0.0000000000000000000 ) ) ;
#3406 = ORIENTED_EDGE ( 'NONE', *, *, #71, .T. ) ;
#3407 = VECTOR ( 'NONE', #3722, 1000.000000000000000 ) ;
#3408 =( NAMED_UNIT ( * ) SI_UNIT ( $, .STERADIAN. ) SOLID_ANGLE_UNIT ( ) );
#3409 = ORIENTED_EDGE ( 'NONE', *, *, #3332, .T. ) ;
#3410 = EDGE_CURVE ( 'NONE', #1194, #3309, #1807, .T. ) ;
#3411 = EDGE_CURVE ( 'NONE', #2303, #3733, #1028, .T. ) ;
#3412 = EDGE_CURVE ( 'NONE', #545, #824, #2496, .T. ) ;
#3413 = COLOUR_RGB ( '',0.2509803921568627400, 0.2509803921568627400, 0.2509803921568627400 ) ;
#3414 = CARTESIAN_POINT ( 'NONE',  ( 1.699999999999999700, -0.3940134084949900000, 0.0000000000000000000 ) ) ;
#3415 = FACE_OUTER_BOUND ( 'NONE', #3271, .T. ) ;
#3416 = CARTESIAN_POINT ( 'NONE',  ( -2.500000000000000000, -1.200000000000000000, 0.0000000000000000000 ) ) ;
#3417 = UNCERTAINTY_MEASURE_WITH_UNIT (LENGTH_MEASURE( 1.000000000000000100E-005 ), #3125, 'distance_accuracy_value', 'NONE');
#3418 = SURFACE_STYLE_FILL_AREA ( #1995 ) ;
#3419 = ORIENTED_EDGE ( 'NONE', *, *, #864, .F. ) ;
#3420 = FILL_AREA_STYLE_COLOUR ( '', #400 ) ;
#3421 = EDGE_CURVE ( 'NONE', #2251, #1795, #3252, .T. ) ;
#3422 = FILL_AREA_STYLE_COLOUR ( '', #411 ) ;
#3423 = ADVANCED_FACE ( 'NONE', ( #854 ), #3573, .T. ) ;
#3424 = STYLED_ITEM ( 'NONE', ( #1111 ), #2554 ) ;
#3425 = ORIENTED_EDGE ( 'NONE', *, *, #225, .F. ) ;
#3426 = SURFACE_STYLE_USAGE ( .BOTH. , #1404 ) ;
#3427 = AXIS2_PLACEMENT_3D ( 'NONE', #2940, #1192, #3220 ) ;
#3428 = DIRECTION ( 'NONE',  ( 0.0000000000000000000, 1.000000000000000000, -0.0000000000000000000 ) ) ;
#3429 = ORIENTED_EDGE ( 'NONE', *, *, #3437, .T. ) ;
#3430 = VECTOR ( 'NONE', #1241, 1000.000000000000000 ) ;
#3431 = AXIS2_PLACEMENT_3D ( 'NONE', #2332, #585, #2624 ) ;
#3432 = CARTESIAN_POINT ( 'NONE',  ( -2.000000000000000000, 0.6999999999999999600, 6.000000000000000900 ) ) ;
#3433 = LINE ( 'NONE', #2691, #332 ) ;
#3434 =( NAMED_UNIT ( * ) SI_UNIT ( $, .STERADIAN. ) SOLID_ANGLE_UNIT ( ) );
#3435 = CARTESIAN_POINT ( 'NONE',  ( 0.7745966692414838500, -0.5999999999999999800, 4.400000000000000400 ) ) ;
#3436 = DIRECTION ( 'NONE',  ( 0.0000000000000000000, 1.301042606982610000E-016, 1.000000000000000000 ) ) ;
#3437 = EDGE_CURVE ( 'NONE', #169, #3581, #1354, .T. ) ;
#3438 = SURFACE_STYLE_USAGE ( .BOTH. , #1416 ) ;
#3439 = SURFACE_STYLE_FILL_AREA ( #2822 ) ;
#3440 = DIRECTION ( 'NONE',  ( -0.0000000000000000000, -1.000000000000000000, -0.0000000000000000000 ) ) ;
#3441 = PLANE ( 'NONE',  #3178 ) ;
#3442 = CIRCLE ( 'NONE', #2802, 0.8000000000000003800 ) ;
#3443 = PRESENTATION_LAYER_ASSIGNMENT (  '', '', ( #2876 ) ) ;
#3444 =( LENGTH_UNIT ( ) NAMED_UNIT ( * ) SI_UNIT ( .MILLI., .METRE. ) );
#3445 = STYLED_ITEM ( 'NONE', ( #513 ), #1065 ) ;
#3446 =( LENGTH_UNIT ( ) NAMED_UNIT ( * ) SI_UNIT ( .MILLI., .METRE. ) );
#3447 = LINE ( 'NONE', #3585, #2504 ) ;
#3448 = FILL_AREA_STYLE_COLOUR ( '', #875 ) ;
#3449 = EDGE_LOOP ( 'NONE', ( #642, #760, #589, #3098 ) ) ;
#3450 = STYLED_ITEM ( 'NONE', ( #550 ), #813 ) ;
#3451 = DIRECTION ( 'NONE',  ( 0.0000000000000000000, 0.0000000000000000000, 1.000000000000000000 ) ) ;
#3452 = VERTEX_POINT ( 'NONE', #3257 ) ;
#3453 = ADVANCED_FACE ( 'NONE', ( #2818 ), #1759, .T. ) ;
#3454 = VERTEX_POINT ( 'NONE', #370 ) ;
#3455 = ORIENTED_EDGE ( 'NONE', *, *, #1517, .F. ) ;
#3456 = CARTESIAN_POINT ( 'NONE',  ( 2.500000000000000000, 0.9000000000000001300, 5.200000000000001100 ) ) ;
#3457 = DIRECTION ( 'NONE',  ( -0.0000000000000000000, 0.0000000000000000000, 1.000000000000000000 ) ) ;
#3458 = AXIS2_PLACEMENT_3D ( 'NONE', #1169, #1463, #2634 ) ;
#3459 = DIRECTION ( 'NONE',  ( -0.0000000000000000000, -1.000000000000000000, -0.0000000000000000000 ) ) ;
#3460 = ORIENTED_EDGE ( 'NONE', *, *, #2206, .T. ) ;
#3461 = CARTESIAN_POINT ( 'NONE',  ( -0.6700000000000000400, -0.3940134084949900000, 0.5000000000000000000 ) ) ;
#3462 =( NAMED_UNIT ( * ) SI_UNIT ( $, .STERADIAN. ) SOLID_ANGLE_UNIT ( ) );
#3463 = LINE ( 'NONE', #168, #2704 ) ;
#3464 = EDGE_CURVE ( 'NONE', #794, #2366, #2548, .T. ) ;
#3465 = EDGE_CURVE ( 'NONE', #106, #3401, #2905, .T. ) ;
#3466 = ORIENTED_EDGE ( 'NONE', *, *, #143, .F. ) ;
#3467 = LINE ( 'NONE', #616, #1238 ) ;
#3468 = UNCERTAINTY_MEASURE_WITH_UNIT (LENGTH_MEASURE( 1.000000000000000100E-005 ), #709, 'distance_accuracy_value', 'NONE');
#3469 = ORIENTED_EDGE ( 'NONE', *, *, #3211, .F. ) ;
#3470 = SURFACE_SIDE_STYLE ('',( #2397 ) ) ;
#3471 = COLOUR_RGB ( '',0.2509803921568627400, 0.2509803921568627400, 0.2509803921568627400 ) ;
#3472 = ORIENTED_EDGE ( 'NONE', *, *, #3411, .F. ) ;
#3473 =( NAMED_UNIT ( * ) SI_UNIT ( $, .STERADIAN. ) SOLID_ANGLE_UNIT ( ) );
#3474 = PRESENTATION_LAYER_ASSIGNMENT (  '', '', ( #3668 ) ) ;
#3475 =( LENGTH_UNIT ( ) NAMED_UNIT ( * ) SI_UNIT ( .MILLI., .METRE. ) );
#3476 = CARTESIAN_POINT ( 'NONE',  ( 0.6700000000000000400, -0.3940134084949900000, 0.5000000000000000000 ) ) ;
#3477 = FACE_OUTER_BOUND ( 'NONE', #127, .T. ) ;
#3478 = SURFACE_STYLE_USAGE ( .BOTH. , #1449 ) ;
#3479 = MECHANICAL_DESIGN_GEOMETRIC_PRESENTATION_REPRESENTATION (  '', ( #2904 ), #3672 ) ;
#3480 = ORIENTED_EDGE ( 'NONE', *, *, #1673, .F. ) ;
#3481 =( LENGTH_UNIT ( ) NAMED_UNIT ( * ) SI_UNIT ( .MILLI., .METRE. ) );
#3482 = COLOUR_RGB ( '',0.2509803921568627400, 0.2509803921568627400, 0.2509803921568627400 ) ;
#3483 = COLOUR_RGB ( '',1.000000000000000000, 0.8000000000000000400, 0.2000000000000000100 ) ;
#3484 = AXIS2_PLACEMENT_3D ( 'NONE', #213, #2263, #510 ) ;
#3485 = VECTOR ( 'NONE', #3773, 1000.000000000000000 ) ;
#3486 = CARTESIAN_POINT ( 'NONE',  ( -1.800000000000000300, -0.5940134084949899600, 5.200000000000001100 ) ) ;
#3487 = CARTESIAN_POINT ( 'NONE',  ( 1.800000000000000300, -0.4940134084949899800, 0.0000000000000000000 ) ) ;
#3488 =( LENGTH_UNIT ( ) NAMED_UNIT ( * ) SI_UNIT ( .MILLI., .METRE. ) );
#3489 = EDGE_CURVE ( 'NONE', #2649, #3153, #295, .T. ) ;
#3490 = CARTESIAN_POINT ( 'NONE',  ( -2.500000000000000000, 1.100000000000000100, 0.0000000000000000000 ) ) ;
#3491 = FILL_AREA_STYLE ('',( #2913 ) ) ;
#3492 = LINE ( 'NONE', #3315, #1259 ) ;
#3493 = ORIENTED_EDGE ( 'NONE', *, *, #3535, .F. ) ;
#3494 = DIRECTION ( 'NONE',  ( 0.0000000000000000000, -1.000000000000000000, -0.0000000000000000000 ) ) ;
#3495 =( GEOMETRIC_REPRESENTATION_CONTEXT ( 3 ) GLOBAL_UNCERTAINTY_ASSIGNED_CONTEXT ( ( #1275 ) ) GLOBAL_UNIT_ASSIGNED_CONTEXT ( ( #3652, #1923, #161 ) ) REPRESENTATION_CONTEXT ( 'NONE', 'WORKASPACE' ) );
#3496 =( NAMED_UNIT ( * ) SI_UNIT ( $, .STERADIAN. ) SOLID_ANGLE_UNIT ( ) );
#3497 = ORIENTED_EDGE ( 'NONE', *, *, #641, .T. ) ;
#3498 = ORIENTED_EDGE ( 'NONE', *, *, #1199, .F. ) ;
#3499 = STYLED_ITEM ( 'NONE', ( #1123 ), #1355 ) ;
#3500 = DIRECTION ( 'NONE',  ( 0.0000000000000000000, -1.000000000000000000, 0.0000000000000000000 ) ) ;
#3501 = CARTESIAN_POINT ( 'NONE',  ( 0.7700000000000000200, -0.4940134084949899800, 0.5000000000000000000 ) ) ;
#3502 = VERTEX_POINT ( 'NONE', #88 ) ;
#3503 = LINE ( 'NONE', #3531, #396 ) ;
#3504 = VERTEX_POINT ( 'NONE', #672 ) ;
#3505 = LINE ( 'NONE', #3658, #502 ) ;
#3506 = VECTOR ( 'NONE', #217, 1000.000000000000000 ) ;
#3507 = EDGE_LOOP ( 'NONE', ( #1628, #3659, #1224, #2430 ) ) ;
#3508 = SURFACE_STYLE_FILL_AREA ( #2126 ) ;
#3509 = DIRECTION ( 'NONE',  ( 0.0000000000000000000, 0.0000000000000000000, 1.000000000000000000 ) ) ;
#3510 = DIRECTION ( 'NONE',  ( -0.0000000000000000000, 0.0000000000000000000, 1.000000000000000000 ) ) ;
#3511 = LINE ( 'NONE', #1088, #2657 ) ;
#3512 = CYLINDRICAL_SURFACE ( 'NONE', #3393, 0.1000000000000000500 ) ;
#3513 = CARTESIAN_POINT ( 'NONE',  ( 2.500000000000000000, -0.9000000000000001300, 5.200000000000001100 ) ) ;
#3514 = FILL_AREA_STYLE_COLOUR ( '', #3471 ) ;
#3515 = SURFACE_SIDE_STYLE ('',( #1833 ) ) ;
#3516 = CARTESIAN_POINT ( 'NONE',  ( -0.7114213562373094000, -0.5940134084949898500, 1.740549382330959700 ) ) ;
#3517 = ORIENTED_EDGE ( 'NONE', *, *, #2645, .T. ) ;
#3518 = ORIENTED_EDGE ( 'NONE', *, *, #3025, .T. ) ;
#3519 = MECHANICAL_DESIGN_GEOMETRIC_PRESENTATION_REPRESENTATION (  '', ( #2939 ), #3721 ) ;
#3520 = SURFACE_STYLE_FILL_AREA ( #3670 ) ;
#3521 = ORIENTED_EDGE ( 'NONE', *, *, #251, .F. ) ;
#3522 = CARTESIAN_POINT ( 'NONE',  ( 2.500000000000000000, -1.200000000000000000, 4.400000000000000400 ) ) ;
#3523 = SURFACE_SIDE_STYLE ('',( #456 ) ) ;
#3524 = VECTOR ( 'NONE', #651, 1000.000000000000000 ) ;
#3525 = AXIS2_PLACEMENT_3D ( 'NONE', #738, #2220, #134 ) ;
#3526 = CARTESIAN_POINT ( 'NONE',  ( -0.7999999999999999300, -0.9000000000000001300, 5.200000000000001100 ) ) ;
#3527 =( LENGTH_UNIT ( ) NAMED_UNIT ( * ) SI_UNIT ( .MILLI., .METRE. ) );
#3528 = CARTESIAN_POINT ( 'NONE',  ( -1.800000000000000300, 0.1029932957525050000, 0.5000000000000000000 ) ) ;
#3529 = DIRECTION ( 'NONE',  ( 1.000000000000000000, 0.0000000000000000000, 0.0000000000000000000 ) ) ;
#3530 = UNCERTAINTY_MEASURE_WITH_UNIT (LENGTH_MEASURE( 1.000000000000000100E-005 ), #3394, 'distance_accuracy_value', 'NONE');
#3531 = CARTESIAN_POINT ( 'NONE',  ( -1.899999999999999900, -0.3940134084949896100, 0.0000000000000000000 ) ) ;
#3532 = EDGE_CURVE ( 'NONE', #2877, #3112, #3206, .T. ) ;
#3533 = LINE ( 'NONE', #2505, #1216 ) ;
#3534 = ORIENTED_EDGE ( 'NONE', *, *, #3022, .F. ) ;
#3535 = EDGE_CURVE ( 'NONE', #1204, #280, #1670, .T. ) ;
#3536 =( NAMED_UNIT ( * ) PLANE_ANGLE_UNIT ( ) SI_UNIT ( $, .RADIAN. ) );
#3537 =( BOUNDED_CURVE ( )  B_SPLINE_CURVE ( 3, ( #2767, #1916, #2811, #1612 ),
 .UNSPECIFIED., .F., .F. ) 
 B_SPLINE_CURVE_WITH_KNOTS ( ( 4, 4 ),
 ( 4.712388980384689700, 6.283185307179586200 ),
 .UNSPECIFIED. ) 
 CURVE ( )  GEOMETRIC_REPRESENTATION_ITEM ( )  RATIONAL_B_SPLINE_CURVE ( ( 1.000000000000000000, 0.8047378541243649400, 0.8047378541243649400, 1.000000000000000000 ) ) 
 REPRESENTATION_ITEM ( '' )  );
#3538 = DIRECTION ( 'NONE',  ( 0.0000000000000000000, 0.0000000000000000000, 1.000000000000000000 ) ) ;
#3539 = VECTOR ( 'NONE', #2114, 1000.000000000000000 ) ;
#3540 = ORIENTED_EDGE ( 'NONE', *, *, #2232, .T. ) ;
#3541 = CARTESIAN_POINT ( 'NONE',  ( -0.7999999999999999300, -1.200000000000000000, 5.200000000000001100 ) ) ;
#3542 = ORIENTED_EDGE ( 'NONE', *, *, #2580, .T. ) ;
#3543 = MECHANICAL_DESIGN_GEOMETRIC_PRESENTATION_REPRESENTATION (  '', ( #3156 ), #3746 ) ;
#3544 =( NAMED_UNIT ( * ) PLANE_ANGLE_UNIT ( ) SI_UNIT ( $, .RADIAN. ) );
#3545 = MECHANICAL_DESIGN_GEOMETRIC_PRESENTATION_REPRESENTATION (  '', ( #3158 ), #3748 ) ;
#3546 = VECTOR ( 'NONE', #3457, 1000.000000000000000 ) ;
#3547 =( GEOMETRIC_REPRESENTATION_CONTEXT ( 3 ) GLOBAL_UNCERTAINTY_ASSIGNED_CONTEXT ( ( #3468 ) ) GLOBAL_UNIT_ASSIGNED_CONTEXT ( ( #709, #2751, #996 ) ) REPRESENTATION_CONTEXT ( 'NONE', 'WORKASPACE' ) );
#3548 = STYLED_ITEM ( 'NONE', ( #1055 ), #948 ) ;
#3549 = ORIENTED_EDGE ( 'NONE', *, *, #2173, .F. ) ;
#3550 = VECTOR ( 'NONE', #2847, 1000.000000000000200 ) ;
#3551 = SURFACE_STYLE_USAGE ( .BOTH. , #1518 ) ;
#3552 = PRESENTATION_STYLE_ASSIGNMENT (( #3438 ) ) ;
#3553 = STYLED_ITEM ( 'NONE', ( #2736 ), #3102 ) ;
#3554 = LINE ( 'NONE', #2493, #1153 ) ;
#3555 = SHAPE_DEFINITION_REPRESENTATION ( #2628, #948 ) ;
#3556 = PRESENTATION_STYLE_ASSIGNMENT (( #1429 ) ) ;
#3557 = ORIENTED_EDGE ( 'NONE', *, *, #3073, .F. ) ;
#3558 = EDGE_CURVE ( 'NONE', #947, #684, #975, .T. ) ;
#3559 =( NAMED_UNIT ( * ) PLANE_ANGLE_UNIT ( ) SI_UNIT ( $, .RADIAN. ) );
#3560 = LINE ( 'NONE', #2362, #1242 ) ;
#3561 = DIRECTION ( 'NONE',  ( -0.0000000000000000000, 0.0000000000000000000, 1.000000000000000000 ) ) ;
#3562 = ORIENTED_EDGE ( 'NONE', *, *, #51, .F. ) ;
#3563 = DIRECTION ( 'NONE',  ( 0.0000000000000000000, 0.0000000000000000000, 1.000000000000000000 ) ) ;
#3564 = DIRECTION ( 'NONE',  ( -0.1778259459558250200, 0.0000000000000000000, -0.9840619558467422800 ) ) ;
#3565 = ORIENTED_EDGE ( 'NONE', *, *, #1582, .T. ) ;
#3566 = PRESENTATION_LAYER_ASSIGNMENT (  '', '', ( #3366 ) ) ;
#3567 = CARTESIAN_POINT ( 'NONE',  ( -1.204119754421040200, -0.3940134084949898900, 4.700000000000001100 ) ) ;
#3568 = COLOUR_RGB ( '',1.000000000000000000, 0.8000000000000000400, 0.2000000000000000100 ) ;
#3569 = MECHANICAL_DESIGN_GEOMETRIC_PRESENTATION_REPRESENTATION (  '', ( #2988 ), #3764 ) ;
#3570 = FILL_AREA_STYLE_COLOUR ( '', #1613 ) ;
#3571 = LINE ( 'NONE', #2556, #2131 ) ;
#3572 = LINE ( 'NONE', #2907, #578 ) ;
#3573 = CYLINDRICAL_SURFACE ( 'NONE', #3000, 0.09999999999999982500 ) ;
#3574 = SURFACE_STYLE_USAGE ( .BOTH. , #1538 ) ;
#3575 = DIRECTION ( 'NONE',  ( -0.1778259459558250200, -0.0000000000000000000, -0.9840619558467422800 ) ) ;
#3576 = UNCERTAINTY_MEASURE_WITH_UNIT (LENGTH_MEASURE( 1.000000000000000100E-005 ), #2703, 'distance_accuracy_value', 'NONE');
#3577 = CIRCLE ( 'NONE', #1747, 0.09999999999999982500 ) ;
#3578 = DIRECTION ( 'NONE',  ( -0.0000000000000000000, 1.000000000000000000, 0.0000000000000000000 ) ) ;
#3579 =( GEOMETRIC_REPRESENTATION_CONTEXT ( 3 ) GLOBAL_UNCERTAINTY_ASSIGNED_CONTEXT ( ( #2592 ) ) GLOBAL_UNIT_ASSIGNED_CONTEXT ( ( #1237, #3269, #1531 ) ) REPRESENTATION_CONTEXT ( 'NONE', 'WORKASPACE' ) );
#3580 = UNCERTAINTY_MEASURE_WITH_UNIT (LENGTH_MEASURE( 1.000000000000000100E-005 ), #1511, 'distance_accuracy_value', 'NONE');
#3581 = VERTEX_POINT ( 'NONE', #1853 ) ;
#3582 = DIRECTION ( 'NONE',  ( -0.0000000000000000000, -0.0000000000000000000, -1.000000000000000000 ) ) ;
#3583 = ORIENTED_EDGE ( 'NONE', *, *, #3660, .T. ) ;
#3584 = SURFACE_STYLE_FILL_AREA ( #2464 ) ;
#3585 = CARTESIAN_POINT ( 'NONE',  ( -0.7999999999999999300, -1.200000000000000000, 5.200000000000001100 ) ) ;
#3586 = ORIENTED_EDGE ( 'NONE', *, *, #999, .T. ) ;
#3587 = ORIENTED_EDGE ( 'NONE', *, *, #2175, .F. ) ;
#3588 = FILL_AREA_STYLE ('',( #93 ) ) ;
#3589 = VECTOR ( 'NONE', #795, 1000.000000000000000 ) ;
#3590 = MECHANICAL_DESIGN_GEOMETRIC_PRESENTATION_REPRESENTATION (  '', ( #3199 ), #16 ) ;
#3591 = ORIENTED_EDGE ( 'NONE', *, *, #1999, .T. ) ;
#3592 = DIRECTION ( 'NONE',  ( 1.000000000000000000, 0.0000000000000000000, -0.0000000000000000000 ) ) ;
#3593 = SURFACE_STYLE_FILL_AREA ( #3180 ) ;
#3594 =( GEOMETRIC_REPRESENTATION_CONTEXT ( 3 ) GLOBAL_UNCERTAINTY_ASSIGNED_CONTEXT ( ( #3184 ) ) GLOBAL_UNIT_ASSIGNED_CONTEXT ( ( #1528, #3559, #1824 ) ) REPRESENTATION_CONTEXT ( 'NONE', 'WORKASPACE' ) );
#3595 = CARTESIAN_POINT ( 'NONE',  ( 2.000000000000000000, 0.0000000000000000000, 6.000000000000000000 ) ) ;
#3596 = PLANE ( 'NONE',  #3130 ) ;
#3597 = ORIENTED_EDGE ( 'NONE', *, *, #1027, .F. ) ;
#3598 = ORIENTED_EDGE ( 'NONE', *, *, #293, .F. ) ;
#3599 = DIRECTION ( 'NONE',  ( -0.0000000000000000000, 1.000000000000000000, 0.0000000000000000000 ) ) ;
#3600 = DIRECTION ( 'NONE',  ( 0.0000000000000000000, 0.0000000000000000000, 1.000000000000000000 ) ) ;
#3601 = ORIENTED_EDGE ( 'NONE', *, *, #2641, .T. ) ;
#3602 = PLANE ( 'NONE',  #346 ) ;
#3603 = FILL_AREA_STYLE_COLOUR ( '', #3046 ) ;
#3604 = VERTEX_POINT ( 'NONE', #1261 ) ;
#3605 = EDGE_CURVE ( 'NONE', #2078, #2688, #24, .T. ) ;
#3606 = EDGE_CURVE ( 'NONE', #3634, #1204, #2356, .T. ) ;
#3607 = LINE ( 'NONE', #163, #2086 ) ;
#3608 = EDGE_CURVE ( 'NONE', #169, #947, #2271, .T. ) ;
#3609 = VERTEX_POINT ( 'NONE', #694 ) ;
#3610 = VERTEX_POINT ( 'NONE', #1564 ) ;
#3611 = PLANE ( 'NONE',  #531 ) ;
#3612 = VECTOR ( 'NONE', #2680, 1000.000000000000000 ) ;
#3613 =( NAMED_UNIT ( * ) PLANE_ANGLE_UNIT ( ) SI_UNIT ( $, .RADIAN. ) );
#3614 =( LENGTH_UNIT ( ) NAMED_UNIT ( * ) SI_UNIT ( .MILLI., .METRE. ) );
#3615 = CARTESIAN_POINT ( 'NONE',  ( -0.6700000000000000400, -0.4940134084949899800, 0.5000000000000000000 ) ) ;
#3616 = COLOUR_RGB ( '',0.2509803921568627400, 0.2509803921568627400, 0.2509803921568627400 ) ;
#3617 = EDGE_CURVE ( 'NONE', #989, #2104, #2943, .T. ) ;
#3618 = AXIS2_PLACEMENT_3D ( 'NONE', #1674, #3710, #1983 ) ;
#3619 = DIRECTION ( 'NONE',  ( -1.000000000000000000, 1.156482317317870000E-016, 0.0000000000000000000 ) ) ;
#3620 = PRESENTATION_LAYER_ASSIGNMENT (  '', '', ( #3227 ) ) ;
#3621 = CARTESIAN_POINT ( 'NONE',  ( 2.500000000000000000, -1.200000000000000000, 5.200000000000001100 ) ) ;
#3622 = DIRECTION ( 'NONE',  ( -1.156482317317870000E-016, -1.000000000000000000, 0.0000000000000000000 ) ) ;
#3623 =( NAMED_UNIT ( * ) PLANE_ANGLE_UNIT ( ) SI_UNIT ( $, .RADIAN. ) );
#3624 = STYLED_ITEM ( 'NONE', ( #643 ), #3039 ) ;
#3625 = SURFACE_STYLE_USAGE ( .BOTH. , #1588 ) ;
#3626 = CARTESIAN_POINT ( 'NONE',  ( -0.7999999999999999300, 0.9000000000000001300, 5.200000000000001100 ) ) ;
#3627 = LINE ( 'NONE', #62, #3539 ) ;
#3628 = EDGE_CURVE ( 'NONE', #3743, #3504, #708, .T. ) ;
#3629 = ORIENTED_EDGE ( 'NONE', *, *, #3628, .T. ) ;
#3630 = ADVANCED_FACE ( 'NONE', ( #112 ), #3029, .F. ) ;
#3631 = PRESENTATION_STYLE_ASSIGNMENT (( #3574 ) ) ;
#3632 = DIRECTION ( 'NONE',  ( 0.0000000000000000000, 0.0000000000000000000, 1.000000000000000000 ) ) ;
#3633 =( NAMED_UNIT ( * ) PLANE_ANGLE_UNIT ( ) SI_UNIT ( $, .RADIAN. ) );
#3634 = VERTEX_POINT ( 'NONE', #1864 ) ;
#3635 = FILL_AREA_STYLE_COLOUR ( '', #3034 ) ;
#3636 = DIRECTION ( 'NONE',  ( 0.0000000000000000000, 0.0000000000000000000, -1.000000000000000000 ) ) ;
#3637 = ORIENTED_EDGE ( 'NONE', *, *, #2454, .T. ) ;
#3638 = FILL_AREA_STYLE_COLOUR ( '', #3209 ) ;
#3639 = LINE ( 'NONE', #1296, #1319 ) ;
#3640 = MECHANICAL_DESIGN_GEOMETRIC_PRESENTATION_REPRESENTATION (  '', ( #2876 ), #55 ) ;
#3641 = CIRCLE ( 'NONE', #3058, 0.09999999999999982500 ) ;
#3642 = PRESENTATION_LAYER_ASSIGNMENT (  '', '', ( #3445 ) ) ;
#3643 = COLOUR_RGB ( '',0.2509803921568627400, 0.2509803921568627400, 0.2509803921568627400 ) ;
#3644 = PRESENTATION_LAYER_ASSIGNMENT (  '', '', ( #3450 ) ) ;
#3645 = LINE ( 'NONE', #110, #2108 ) ;
#3646 = LINE ( 'NONE', #2295, #1435 ) ;
#3647 = ORIENTED_EDGE ( 'NONE', *, *, #3608, .F. ) ;
#3648 = CARTESIAN_POINT ( 'NONE',  ( -2.399999999999999900, 1.200000000000000000, 0.0000000000000000000 ) ) ;
#3649 = CARTESIAN_POINT ( 'NONE',  ( 0.7114213562373095100, -0.5940134084949900700, 1.740549382330951700 ) ) ;
#3650 = DIRECTION ( 'NONE',  ( 0.0000000000000000000, 0.0000000000000000000, 1.000000000000000000 ) ) ;
#3651 = UNCERTAINTY_MEASURE_WITH_UNIT (LENGTH_MEASURE( 1.000000000000000100E-005 ), #2892, 'distance_accuracy_value', 'NONE');
#3652 =( LENGTH_UNIT ( ) NAMED_UNIT ( * ) SI_UNIT ( .MILLI., .METRE. ) );
#3653 = ADVANCED_FACE ( 'NONE', ( #1125 ), #990, .F. ) ;
#3654 = LINE ( 'NONE', #3212, #2803 ) ;
#3655 = ORIENTED_EDGE ( 'NONE', *, *, #2849, .F. ) ;
#3656 = CARTESIAN_POINT ( 'NONE',  ( 1.700000000000000000, -0.3940134084949900000, 4.700000000000000200 ) ) ;
#3657 = MECHANICAL_DESIGN_GEOMETRIC_PRESENTATION_REPRESENTATION (  '', ( #3260 ), #68 ) ;
#3658 = CARTESIAN_POINT ( 'NONE',  ( -1.899999999999999900, -0.5940134084949899600, 5.200000000000001100 ) ) ;
#3659 = ORIENTED_EDGE ( 'NONE', *, *, #3213, .T. ) ;
#3660 = EDGE_CURVE ( 'NONE', #188, #3088, #1614, .T. ) ;
#3661 = EDGE_CURVE ( 'NONE', #447, #3604, #847, .T. ) ;
#3662 = SURFACE_SIDE_STYLE ('',( #277 ) ) ;
#3663 = FILL_AREA_STYLE_COLOUR ( '', #1907 ) ;
#3664 = PLANE ( 'NONE',  #2033 ) ;
#3665 =( LENGTH_UNIT ( ) NAMED_UNIT ( * ) SI_UNIT ( .MILLI., .METRE. ) );
#3666 = FILL_AREA_STYLE ('',( #3365 ) ) ;
#3667 = CARTESIAN_POINT ( 'NONE',  ( 1.700000000000000000, -0.3940134084949900000, 4.700000000000000200 ) ) ;
#3668 = STYLED_ITEM ( 'NONE', ( #1464 ), #460 ) ;
#3669 = CARTESIAN_POINT ( 'NONE',  ( 2.399999999999999900, 1.199999999999999700, 4.400000000000000400 ) ) ;
#3670 = FILL_AREA_STYLE ('',( #3372 ) ) ;
#3671 = DIRECTION ( 'NONE',  ( 0.0000000000000000000, 0.0000000000000000000, -1.000000000000000000 ) ) ;
#3672 =( GEOMETRIC_REPRESENTATION_CONTEXT ( 3 ) GLOBAL_UNCERTAINTY_ASSIGNED_CONTEXT ( ( #1447 ) ) GLOBAL_UNIT_ASSIGNED_CONTEXT ( ( #3475, #1737, #3765 ) ) REPRESENTATION_CONTEXT ( 'NONE', 'WORKASPACE' ) );
#3673 =( LENGTH_UNIT ( ) NAMED_UNIT ( * ) SI_UNIT ( .MILLI., .METRE. ) );
#3674 = ADVANCED_FACE ( 'NONE', ( #749, #63 ), #1706, .T. ) ;
#3675 = CYLINDRICAL_SURFACE ( 'NONE', #3247, 0.09999999999999982500 ) ;
#3676 = CARTESIAN_POINT ( 'NONE',  ( 1.700000000000000000, 0.5999999999999999800, 4.700000000000000200 ) ) ;
#3677 =( NAMED_UNIT ( * ) PLANE_ANGLE_UNIT ( ) SI_UNIT ( $, .RADIAN. ) );
#3678 = PRESENTATION_LAYER_ASSIGNMENT (  '', '', ( #3284 ) ) ;
#3679 = ORIENTED_EDGE ( 'NONE', *, *, #2282, .T. ) ;
#3680 = CARTESIAN_POINT ( 'NONE',  ( -1.899999999999999900, 0.5999999999999999800, 0.0000000000000000000 ) ) ;
#3681 = PLANE ( 'NONE',  #1798 ) ;
#3682 = VERTEX_POINT ( 'NONE', #1314 ) ;
#3683 = DIRECTION ( 'NONE',  ( 1.000000000000000000, 0.0000000000000000000, -0.0000000000000000000 ) ) ;
#3684 = EDGE_LOOP ( 'NONE', ( #924, #2936, #869, #1839 ) ) ;
#3685 = SURFACE_SIDE_STYLE ('',( #272 ) ) ;
#3686 =( NAMED_UNIT ( * ) SI_UNIT ( $, .STERADIAN. ) SOLID_ANGLE_UNIT ( ) );
#3687 = EDGE_CURVE ( 'NONE', #3285, #2837, #1250, .T. ) ;
#3688 = ORIENTED_EDGE ( 'NONE', *, *, #2980, .T. ) ;
#3689 = ORIENTED_EDGE ( 'NONE', *, *, #2282, .F. ) ;
#3690 = SURFACE_STYLE_FILL_AREA ( #2351 ) ;
#3691 = LINE ( 'NONE', #3695, #3589 ) ;
#3692 = ORIENTED_EDGE ( 'NONE', *, *, #1789, .T. ) ;
#3693 = DIRECTION ( 'NONE',  ( 1.000000000000000000, 0.0000000000000000000, -0.0000000000000000000 ) ) ;
#3694 = FILL_AREA_STYLE_COLOUR ( '', #69 ) ;
#3695 = CARTESIAN_POINT ( 'NONE',  ( 1.204119754421040000, -0.3940134084949900000, 4.700000000000000200 ) ) ;
#3696 = PLANE ( 'NONE',  #3618 ) ;
#3697 = ADVANCED_FACE ( 'NONE', ( #1950 ), #257, .F. ) ;
#3698 = COLOUR_RGB ( '',0.2509803921568627400, 0.2509803921568627400, 0.2509803921568627400 ) ;
#3699 = ORIENTED_EDGE ( 'NONE', *, *, #1690, .F. ) ;
#3700 = AXIS2_PLACEMENT_3D ( 'NONE', #2107, #342, #2394 ) ;
#3701 =( NAMED_UNIT ( * ) PLANE_ANGLE_UNIT ( ) SI_UNIT ( $, .RADIAN. ) );
#3702 =( NAMED_UNIT ( * ) SI_UNIT ( $, .STERADIAN. ) SOLID_ANGLE_UNIT ( ) );
#3703 = FACE_OUTER_BOUND ( 'NONE', #185, .T. ) ;
#3704 = ORIENTED_EDGE ( 'NONE', *, *, #2048, .T. ) ;
#3705 = ORIENTED_EDGE ( 'NONE', *, *, #3264, .F. ) ;
#3706 = FILL_AREA_STYLE_COLOUR ( '', #365 ) ;
#3707 = STYLED_ITEM ( 'NONE', ( #3552 ), #2828 ) ;
#3708 = UNCERTAINTY_MEASURE_WITH_UNIT (LENGTH_MEASURE( 1.000000000000000100E-005 ), #2537, 'distance_accuracy_value', 'NONE');
#3709 = ORIENTED_EDGE ( 'NONE', *, *, #337, .F. ) ;
#3710 = DIRECTION ( 'NONE',  ( 1.000000000000000000, 0.0000000000000000000, 0.0000000000000000000 ) ) ;
#3711 = LINE ( 'NONE', #927, #3612 ) ;
#3712 = DIRECTION ( 'NONE',  ( 1.000000000000000000, 0.0000000000000000000, 0.0000000000000000000 ) ) ;
#3713 = COLOUR_RGB ( '',0.7921568627450980000, 0.8196078431372548800, 0.9333333333333333500 ) ;
#3714 = STYLED_ITEM ( 'NONE', ( #2040 ), #3697 ) ;
#3715 = VECTOR ( 'NONE', #3171, 1000.000000000000200 ) ;
#3716 = SURFACE_STYLE_FILL_AREA ( #2967 ) ;
#3717 = COLOUR_RGB ( '',0.2509803921568627400, 0.2509803921568627400, 0.2509803921568627400 ) ;
#3718 = ADVANCED_FACE ( 'NONE', ( #1663 ), #266, .T. ) ;
#3719 = CARTESIAN_POINT ( 'NONE',  ( 2.500000000000000000, -1.200000000000000000, 6.000000000000000000 ) ) ;
#3720 = DIRECTION ( 'NONE',  ( 0.0000000000000000000, -0.0000000000000000000, -1.000000000000000000 ) ) ;
#3721 =( GEOMETRIC_REPRESENTATION_CONTEXT ( 3 ) GLOBAL_UNCERTAINTY_ASSIGNED_CONTEXT ( ( #481 ) ) GLOBAL_UNIT_ASSIGNED_CONTEXT ( ( #1006, #3035, #1302 ) ) REPRESENTATION_CONTEXT ( 'NONE', 'WORKASPACE' ) );
#3722 = DIRECTION ( 'NONE',  ( 1.552325258144789900E-016, -1.000000000000000000, -0.0000000000000000000 ) ) ;
#3723 = CARTESIAN_POINT ( 'NONE',  ( -2.399999999999999900, 1.200000000000000200, 5.200000000000001100 ) ) ;
#3724 = PRESENTATION_STYLE_ASSIGNMENT (( #1629 ) ) ;
#3725 =( NAMED_UNIT ( * ) PLANE_ANGLE_UNIT ( ) SI_UNIT ( $, .RADIAN. ) );
#3726 = PRESENTATION_LAYER_ASSIGNMENT (  '', '', ( #3321 ) ) ;
#3727 = DIRECTION ( 'NONE',  ( -1.000000000000000000, -0.0000000000000000000, 0.0000000000000000000 ) ) ;
#3728 = ORIENTED_EDGE ( 'NONE', *, *, #3024, .F. ) ;
#3729 = SURFACE_SIDE_STYLE ('',( #2473 ) ) ;
#3730 = ORIENTED_EDGE ( 'NONE', *, *, #1582, .F. ) ;
#3731 = COLOUR_RGB ( '',0.2509803921568627400, 0.2509803921568627400, 0.2509803921568627400 ) ;
#3732 = DIRECTION ( 'NONE',  ( -1.000000000000000000, 0.0000000000000000000, 0.0000000000000000000 ) ) ;
#3733 = VERTEX_POINT ( 'NONE', #2330 ) ;
#3734 = FILL_AREA_STYLE ('',( #3038 ) ) ;
#3735 =( NAMED_UNIT ( * ) PLANE_ANGLE_UNIT ( ) SI_UNIT ( $, .RADIAN. ) );
#3736 = ORIENTED_EDGE ( 'NONE', *, *, #2696, .F. ) ;
#3737 = FACE_BOUND ( 'NONE', #2873, .T. ) ;
#3738 = DIRECTION ( 'NONE',  ( -0.0000000000000000000, -0.0000000000000000000, 1.000000000000000000 ) ) ;
#3739 = VECTOR ( 'NONE', #776, 1000.000000000000000 ) ;
#3740 = EDGE_CURVE ( 'NONE', #1555, #3136, #1601, .T. ) ;
#3741 = VECTOR ( 'NONE', #2749, 1000.000000000000000 ) ;
#3742 = DIRECTION ( 'NONE',  ( 1.552325258144789900E-016, -1.000000000000000000, 0.0000000000000000000 ) ) ;
#3743 = VERTEX_POINT ( 'NONE', #2309 ) ;
#3744 =( NAMED_UNIT ( * ) SI_UNIT ( $, .STERADIAN. ) SOLID_ANGLE_UNIT ( ) );
#3745 = ADVANCED_FACE ( 'NONE', ( #2165 ), #2042, .T. ) ;
#3746 =( GEOMETRIC_REPRESENTATION_CONTEXT ( 3 ) GLOBAL_UNCERTAINTY_ASSIGNED_CONTEXT ( ( #1162 ) ) GLOBAL_UNIT_ASSIGNED_CONTEXT ( ( #1239, #946, #3270 ) ) REPRESENTATION_CONTEXT ( 'NONE', 'WORKASPACE' ) );
#3747 =( NAMED_UNIT ( * ) SI_UNIT ( $, .STERADIAN. ) SOLID_ANGLE_UNIT ( ) );
#3748 =( GEOMETRIC_REPRESENTATION_CONTEXT ( 3 ) GLOBAL_UNCERTAINTY_ASSIGNED_CONTEXT ( ( #314 ) ) GLOBAL_UNIT_ASSIGNED_CONTEXT ( ( #783, #2831, #1079 ) ) REPRESENTATION_CONTEXT ( 'NONE', 'WORKASPACE' ) );
#3749 = DIRECTION ( 'NONE',  ( -0.0000000000000000000, 0.0000000000000000000, 1.000000000000000000 ) ) ;
#3750 = PRESENTATION_LAYER_ASSIGNMENT (  '', '', ( #3548 ) ) ;
#3751 = ORIENTED_EDGE ( 'NONE', *, *, #2313, .F. ) ;
#3752 = UNCERTAINTY_MEASURE_WITH_UNIT (LENGTH_MEASURE( 1.000000000000000100E-005 ), #1515, 'distance_accuracy_value', 'NONE');
#3753 = PRESENTATION_STYLE_ASSIGNMENT (( #2456 ) ) ;
#3754 = AXIS2_PLACEMENT_3D ( 'NONE', #1035, #3070, #1334 ) ;
#3755 = DIRECTION ( 'NONE',  ( 0.0000000000000000000, 1.301042606982610000E-016, 1.000000000000000000 ) ) ;
#3756 = CYLINDRICAL_SURFACE ( 'NONE', #3458, 0.09999999999999982500 ) ;
#3757 = PRESENTATION_STYLE_ASSIGNMENT (( #249 ) ) ;
#3758 = CARTESIAN_POINT ( 'NONE',  ( 1.899999999999999900, 0.5999999999999998700, 0.0000000000000000000 ) ) ;
#3759 = DIRECTION ( 'NONE',  ( -1.000000000000000000, 0.0000000000000000000, -0.0000000000000000000 ) ) ;
#3760 = EDGE_CURVE ( 'NONE', #3289, #599, #562, .T. ) ;
#3761 = CARTESIAN_POINT ( 'NONE',  ( -1.204119754421040000, -0.3940134084949900000, 4.700000000000000200 ) ) ;
#3762 =( LENGTH_UNIT ( ) NAMED_UNIT ( * ) SI_UNIT ( .MILLI., .METRE. ) );
#3763 = MECHANICAL_DESIGN_GEOMETRIC_PRESENTATION_REPRESENTATION (  '', ( #3366 ), #178 ) ;
#3764 =( GEOMETRIC_REPRESENTATION_CONTEXT ( 3 ) GLOBAL_UNCERTAINTY_ASSIGNED_CONTEXT ( ( #1323 ) ) GLOBAL_UNIT_ASSIGNED_CONTEXT ( ( #3762, #2039, #278 ) ) REPRESENTATION_CONTEXT ( 'NONE', 'WORKASPACE' ) );
#3765 =( NAMED_UNIT ( * ) SI_UNIT ( $, .STERADIAN. ) SOLID_ANGLE_UNIT ( ) );
#3766 = DIRECTION ( 'NONE',  ( -1.552325258144789900E-016, -1.000000000000000000, 0.0000000000000000000 ) ) ;
#3767 =( NAMED_UNIT ( * ) PLANE_ANGLE_UNIT ( ) SI_UNIT ( $, .RADIAN. ) );
#3768 = VERTEX_POINT ( 'NONE', #1167 ) ;
#3769 =( NAMED_UNIT ( * ) SI_UNIT ( $, .STERADIAN. ) SOLID_ANGLE_UNIT ( ) );
#3770 = VERTEX_POINT ( 'NONE', #3202 ) ;
#3771 = EDGE_LOOP ( 'NONE', ( #2428, #2154, #131, #261, #2326 ) ) ;
#3772 = ORIENTED_EDGE ( 'NONE', *, *, #3421, .F. ) ;
#3773 = DIRECTION ( 'NONE',  ( 0.0000000000000000000, -0.0000000000000000000, 1.000000000000000000 ) ) ;
#3774 = COLOUR_RGB ( '',0.2509803921568627400, 0.2509803921568627400, 0.2509803921568627400 ) ;
ENDSEC;
END-ISO-10303-21;
