ISO-10303-21;
HEADER;
FILE_DESCRIPTION (( 'STEP AP214' ),
    '1' );
FILE_NAME ('User Library-3225-1.STEP',
    '2017-04-21T02:12:21',
    ( 'Windows User' ),
    ( '' ),
    'SwSTEP 2.0',
    'SolidWorks 2017',
    '' );
FILE_SCHEMA (( 'AUTOMOTIVE_DESIGN' ));
ENDSEC;

DATA;
#1 = EDGE_CURVE ( 'NONE', #2506, #5277, #309, .T. ) ;
#2 =( NAMED_UNIT ( * ) SI_UNIT ( $, .STERADIAN. ) SOLID_ANGLE_UNIT ( ) );
#3 = CARTESIAN_POINT ( 'NONE',  ( 2.797656914287395900, 2.400000000000000400, 0.4842196513366646700 ) ) ;
#4 = CARTESIAN_POINT ( 'NONE',  ( 0.2289798103863815200, 2.198025072705748900, 0.5999999999999999800 ) ) ;
#5 = ADVANCED_FACE ( 'NONE', ( #4484 ), #2779, .F. ) ;
#6 = LINE ( 'NONE', #1058, #4171 ) ;
#7 = STYLED_ITEM ( 'NONE', ( #2917 ), #1190 ) ;
#8 = CARTESIAN_POINT ( 'NONE',  ( 2.710087936736493800, 0.1000000000000433200, 0.4999999999999654700 ) ) ;
#9 = FILL_AREA_STYLE ('',( #1640 ) ) ;
#10 = ORIENTED_EDGE ( 'NONE', *, *, #4492, .T. ) ;
#11 = FILL_AREA_STYLE_COLOUR ( '', #6376 ) ;
#12 = CARTESIAN_POINT ( 'NONE',  ( 0.2000000000000000100, 3.949829405014663500E-017, 0.2899999999999999800 ) ) ;
#13 = STYLED_ITEM ( 'NONE', ( #1655 ), #816 ) ;
#14 = COLOUR_RGB ( '',0.6470588235294118000, 0.6196078431372549200, 0.5843137254901961100 ) ;
#15 = EDGE_CURVE ( 'NONE', #992, #7035, #5159, .T. ) ;
#16 =( LENGTH_UNIT ( ) NAMED_UNIT ( * ) SI_UNIT ( .MILLI., .METRE. ) );
#17 = DIRECTION ( 'NONE',  ( -0.0000000000000000000, -0.0000000000000000000, -1.000000000000000000 ) ) ;
#18 = LINE ( 'NONE', #5710, #4182 ) ;
#19 = CARTESIAN_POINT ( 'NONE',  ( 3.170000000000000400, 0.2999999999999999900, 0.1700000000000000100 ) ) ;
#20 = ORIENTED_EDGE ( 'NONE', *, *, #6158, .F. ) ;
#21 = CARTESIAN_POINT ( 'NONE',  ( 2.946446609406726800, 0.1500000000000008800, 0.5400000000000001500 ) ) ;
#22 = DIRECTION ( 'NONE',  ( -0.0000000000000000000, -0.0000000000000000000, -1.000000000000000000 ) ) ;
#23 = VECTOR ( 'NONE', #3218, 1000.000000000000000 ) ;
#24 = FILL_AREA_STYLE_COLOUR ( '', #3095 ) ;
#25 = DIRECTION ( 'NONE',  ( 0.0000000000000000000, -1.000000000000000000, 0.0000000000000000000 ) ) ;
#26 = CARTESIAN_POINT ( 'NONE',  ( 3.200000000000000200, 2.200000000000000200, 0.1700000000000000100 ) ) ;
#27 = COLOUR_RGB ( '',0.8274509803921568100, 0.6666666666666666300, 0.1294117647058823400 ) ;
#28 = CYLINDRICAL_SURFACE ( 'NONE', #1217, 0.2500000000000008900 ) ;
#29 = FILL_AREA_STYLE_COLOUR ( '', #5744 ) ;
#30 = FILL_AREA_STYLE ('',( #6567 ) ) ;
#31 =( GEOMETRIC_REPRESENTATION_CONTEXT ( 3 ) GLOBAL_UNCERTAINTY_ASSIGNED_CONTEXT ( ( #1639 ) ) GLOBAL_UNIT_ASSIGNED_CONTEXT ( ( #287, #4087, #844 ) ) REPRESENTATION_CONTEXT ( 'NONE', 'WORKASPACE' ) );
#32 = FACE_OUTER_BOUND ( 'NONE', #6618, .T. ) ;
#33 = DIRECTION ( 'NONE',  ( -1.000000000000000000, -0.0000000000000000000, 0.0000000000000000000 ) ) ;
#34 = FILL_AREA_STYLE_COLOUR ( '', #5824 ) ;
#35 = STYLED_ITEM ( 'NONE', ( #112 ), #2861 ) ;
#36 = LINE ( 'NONE', #292, #2763 ) ;
#37 = ADVANCED_FACE ( 'NONE', ( #6625 ), #1465, .F. ) ;
#38 = ORIENTED_EDGE ( 'NONE', *, *, #6320, .T. ) ;
#39 = ORIENTED_EDGE ( 'NONE', *, *, #5764, .T. ) ;
#40 = FILL_AREA_STYLE_COLOUR ( '', #4052 ) ;
#41 = CARTESIAN_POINT ( 'NONE',  ( 0.4000000000000000800, 0.1299999999999999800, 0.5000000000000000000 ) ) ;
#42 = CARTESIAN_POINT ( 'NONE',  ( 0.2484555286993374300, 0.1412974053913095800, 0.4995495749143826200 ) ) ;
#43 = PLANE ( 'NONE',  #3559 ) ;
#44 = COLOUR_RGB ( '',0.8274509803921568100, 0.6666666666666666300, 0.1294117647058823400 ) ;
#45 =( GEOMETRIC_REPRESENTATION_CONTEXT ( 3 ) GLOBAL_UNCERTAINTY_ASSIGNED_CONTEXT ( ( #116 ) ) GLOBAL_UNIT_ASSIGNED_CONTEXT ( ( #6989, #3729, #476 ) ) REPRESENTATION_CONTEXT ( 'NONE', 'WORKASPACE' ) );
#46 = FACE_OUTER_BOUND ( 'NONE', #867, .T. ) ;
#47 = ORIENTED_EDGE ( 'NONE', *, *, #2419, .T. ) ;
#48 = VERTEX_POINT ( 'NONE', #1566 ) ;
#49 = DIRECTION ( 'NONE',  ( -1.000000000000000000, 0.0000000000000000000, -0.0000000000000000000 ) ) ;
#50 = COLOUR_RGB ( '',0.8274509803921568100, 0.6666666666666666300, 0.1294117647058823400 ) ;
#51 = FACE_OUTER_BOUND ( 'NONE', #4743, .T. ) ;
#52 = DIRECTION ( 'NONE',  ( -0.0000000000000000000, -1.000000000000000000, 0.0000000000000000000 ) ) ;
#53 = CARTESIAN_POINT ( 'NONE',  ( 0.1000000000000000100, 2.100000000000000100, 0.5000000000000000000 ) ) ;
#54 = SURFACE_SIDE_STYLE ('',( #4947 ) ) ;
#55 = ORIENTED_EDGE ( 'NONE', *, *, #4697, .T. ) ;
#56 = ORIENTED_EDGE ( 'NONE', *, *, #5955, .F. ) ;
#57 = AXIS2_PLACEMENT_3D ( 'NONE', #599, #4080, #1368 ) ;
#58 = ORIENTED_EDGE ( 'NONE', *, *, #575, .T. ) ;
#59 = EDGE_CURVE ( 'NONE', #4319, #694, #61, .T. ) ;
#60 = CARTESIAN_POINT ( 'NONE',  ( 0.09999075855428368700, 1.580047681430131000, 0.0000000000000000000 ) ) ;
#61 = LINE ( 'NONE', #4745, #5679 ) ;
#62 = VECTOR ( 'NONE', #5823, 1000.000000000000000 ) ;
#63 = PLANE ( 'NONE',  #434 ) ;
#64 = AXIS2_PLACEMENT_3D ( 'NONE', #5184, #1935, #956 ) ;
#65 = CARTESIAN_POINT ( 'NONE',  ( 0.2000000000000001200, 2.500000000000000000, 0.2899999999999999800 ) ) ;
#66 = DIRECTION ( 'NONE',  ( 0.0000000000000000000, 0.0000000000000000000, 1.000000000000000000 ) ) ;
#67 = ORIENTED_EDGE ( 'NONE', *, *, #3484, .F. ) ;
#68 = ORIENTED_EDGE ( 'NONE', *, *, #1228, .F. ) ;
#69 = LINE ( 'NONE', #6052, #2792 ) ;
#70 = VECTOR ( 'NONE', #6411, 1000.000000000000000 ) ;
#71 = CARTESIAN_POINT ( 'NONE',  ( 0.09999075855428366000, 1.580047681430131000, 0.1700000000000000100 ) ) ;
#72 = EDGE_CURVE ( 'NONE', #4505, #3804, #1508, .T. ) ;
#73 = DIRECTION ( 'NONE',  ( 1.000000000000000000, 0.0000000000000000000, 0.0000000000000000000 ) ) ;
#74 = ORIENTED_EDGE ( 'NONE', *, *, #4948, .F. ) ;
#75 = SURFACE_STYLE_FILL_AREA ( #1969 ) ;
#76 = DIRECTION ( 'NONE',  ( -0.0000000000000000000, 0.0000000000000000000, 1.000000000000000000 ) ) ;
#77 = STYLED_ITEM ( 'NONE', ( #976 ), #4366 ) ;
#78 = CARTESIAN_POINT ( 'NONE',  ( 2.779937501871236900, 0.0000000000000000000, 0.0000000000000000000 ) ) ;
#79 = ADVANCED_FACE ( 'NONE', ( #2967 ), #2560, .F. ) ;
#80 =( GEOMETRIC_REPRESENTATION_CONTEXT ( 3 ) GLOBAL_UNCERTAINTY_ASSIGNED_CONTEXT ( ( #1409 ) ) GLOBAL_UNIT_ASSIGNED_CONTEXT ( ( #5774, #2483, #6293 ) ) REPRESENTATION_CONTEXT ( 'NONE', 'WORKASPACE' ) );
#81 = PRESENTATION_LAYER_ASSIGNMENT (  '', '', ( #6785 ) ) ;
#82 = ORIENTED_EDGE ( 'NONE', *, *, #1337, .F. ) ;
#83 = UNCERTAINTY_MEASURE_WITH_UNIT (LENGTH_MEASURE( 1.000000000000000100E-005 ), #6526, 'distance_accuracy_value', 'NONE');
#84 = DIRECTION ( 'NONE',  ( -0.0000000000000000000, -0.0000000000000000000, -1.000000000000000000 ) ) ;
#85 = ORIENTED_EDGE ( 'NONE', *, *, #5967, .T. ) ;
#86 = CARTESIAN_POINT ( 'NONE',  ( 2.800000000000000300, 2.399999999999999900, 0.5000000000000000000 ) ) ;
#87 = CARTESIAN_POINT ( 'NONE',  ( -1.626303258728256700E-016, -1.626303258728256700E-016, 0.1700000000000000100 ) ) ;
#88 = CARTESIAN_POINT ( 'NONE',  ( -1.626303258728256700E-016, 1.580047681430131000, 0.0000000000000000000 ) ) ;
#89 =( GEOMETRIC_REPRESENTATION_CONTEXT ( 3 ) GLOBAL_UNCERTAINTY_ASSIGNED_CONTEXT ( ( #1178 ) ) GLOBAL_UNIT_ASSIGNED_CONTEXT ( ( #1085, #4880, #1635 ) ) REPRESENTATION_CONTEXT ( 'NONE', 'WORKASPACE' ) );
#90 = VERTEX_POINT ( 'NONE', #5325 ) ;
#91 = CARTESIAN_POINT ( 'NONE',  ( 0.0000000000000000000, 0.4200404230269067000, 0.1700000000000000100 ) ) ;
#92 = CARTESIAN_POINT ( 'NONE',  ( 1.600000000000039800, 2.474999999999998800, 0.2899999999999999800 ) ) ;
#93 = CARTESIAN_POINT ( 'NONE',  ( 2.800000000000000300, 0.2099999999999999900, 0.6000000000000000900 ) ) ;
#94 = LINE ( 'NONE', #134, #4262 ) ;
#95 =( GEOMETRIC_REPRESENTATION_CONTEXT ( 3 ) GLOBAL_UNCERTAINTY_ASSIGNED_CONTEXT ( ( #3568 ) ) GLOBAL_UNIT_ASSIGNED_CONTEXT ( ( #6227, #2987, #6782 ) ) REPRESENTATION_CONTEXT ( 'NONE', 'WORKASPACE' ) );
#96 = ORIENTED_EDGE ( 'NONE', *, *, #6379, .F. ) ;
#97 = EDGE_CURVE ( 'NONE', #2992, #5416, #388, .T. ) ;
#98 = FACE_OUTER_BOUND ( 'NONE', #2671, .T. ) ;
#99 = SURFACE_SIDE_STYLE ('',( #2975 ) ) ;
#100 = CARTESIAN_POINT ( 'NONE',  ( 2.080276409533067900, 0.9199523185698690300, 0.1700000000000000100 ) ) ;
#101 = LINE ( 'NONE', #5219, #614 ) ;
#102 = EDGE_LOOP ( 'NONE', ( #4398, #5086, #1515, #1202, #393 ) ) ;
#103 = STYLED_ITEM ( 'NONE', ( #196 ), #1584 ) ;
#104 = VECTOR ( 'NONE', #6146, 1000.000000000000000 ) ;
#105 = CARTESIAN_POINT ( 'NONE',  ( 2.989999999999999800, 2.100000000000000100, 0.6000000000000002000 ) ) ;
#106 = VECTOR ( 'NONE', #1092, 1000.000000000000000 ) ;
#107 = DIRECTION ( 'NONE',  ( 1.000000000000000000, -0.0000000000000000000, 0.0000000000000000000 ) ) ;
#108 = EDGE_CURVE ( 'NONE', #3162, #6577, #1685, .T. ) ;
#109 = ADVANCED_FACE ( 'NONE', ( #3128 ), #985, .T. ) ;
#110 = DIRECTION ( 'NONE',  ( 0.0000000000000000000, -0.0000000000000000000, 1.000000000000000000 ) ) ;
#111 = SURFACE_SIDE_STYLE ('',( #4991 ) ) ;
#112 = PRESENTATION_STYLE_ASSIGNMENT (( #4312 ) ) ;
#113 = LINE ( 'NONE', #3341, #4281 ) ;
#114 =( NAMED_UNIT ( * ) SI_UNIT ( $, .STERADIAN. ) SOLID_ANGLE_UNIT ( ) );
#115 = CARTESIAN_POINT ( 'NONE',  ( 0.1499999999999999900, 2.100000000000000100, 0.6000000000000000900 ) ) ;
#116 = UNCERTAINTY_MEASURE_WITH_UNIT (LENGTH_MEASURE( 1.000000000000000100E-005 ), #6989, 'distance_accuracy_value', 'NONE');
#117 = DIRECTION ( 'NONE',  ( 1.000000000000000000, 0.0000000000000000000, 0.0000000000000000000 ) ) ;
#118 = FILL_AREA_STYLE_COLOUR ( '', #5304 ) ;
#119 = LINE ( 'NONE', #5401, #2846 ) ;
#120 = LINE ( 'NONE', #3721, #5748 ) ;
#121 = CARTESIAN_POINT ( 'NONE',  ( 3.050000000000000300, 2.100000000000000100, 0.6000000000000000900 ) ) ;
#122 = VECTOR ( 'NONE', #5947, 1000.000000000000000 ) ;
#123 =( GEOMETRIC_REPRESENTATION_CONTEXT ( 3 ) GLOBAL_UNCERTAINTY_ASSIGNED_CONTEXT ( ( #6754 ) ) GLOBAL_UNIT_ASSIGNED_CONTEXT ( ( #1135, #4939, #1692 ) ) REPRESENTATION_CONTEXT ( 'NONE', 'WORKASPACE' ) );
#124 = DIRECTION ( 'NONE',  ( 0.0000000000000000000, 0.0000000000000000000, -1.000000000000000000 ) ) ;
#125 = LINE ( 'NONE', #5643, #1583 ) ;
#126 = FILL_AREA_STYLE ('',( #6658 ) ) ;
#127 = VERTEX_POINT ( 'NONE', #3215 ) ;
#128 = ORIENTED_EDGE ( 'NONE', *, *, #6320, .F. ) ;
#129 = STYLED_ITEM ( 'NONE', ( #4126 ), #6966 ) ;
#130 = DIRECTION ( 'NONE',  ( -0.6956240485358546900, -0.7184060015747271200, 0.0000000000000000000 ) ) ;
#131 = SURFACE_SIDE_STYLE ('',( #460 ) ) ;
#132 = AXIS2_PLACEMENT_3D ( 'NONE', #709, #4520, #1263 ) ;
#133 = COLOUR_RGB ( '',0.6470588235294118000, 0.6196078431372549200, 0.5843137254901961100 ) ;
#134 = CARTESIAN_POINT ( 'NONE',  ( 0.2000000000000000100, 2.500000000000000000, 0.1700000000000000100 ) ) ;
#135 = CARTESIAN_POINT ( 'NONE',  ( 2.812873157419599300, 2.378947920510923600, 0.5000000000000000000 ) ) ;
#136 = ORIENTED_EDGE ( 'NONE', *, *, #2587, .F. ) ;
#137 = CARTESIAN_POINT ( 'NONE',  ( 2.958613136371540400, 2.370769560685124200, 0.5000148110754012400 ) ) ;
#138 = ORIENTED_EDGE ( 'NONE', *, *, #4384, .F. ) ;
#139 = EDGE_LOOP ( 'NONE', ( #4136, #2104, #6175, #6265, #5309, #5958, #38, #6937, #2981 ) ) ;
#140 = ORIENTED_EDGE ( 'NONE', *, *, #2319, .T. ) ;
#141 = EDGE_CURVE ( 'NONE', #5416, #3576, #2426, .T. ) ;
#142 = PRESENTATION_STYLE_ASSIGNMENT (( #948 ) ) ;
#143 = CIRCLE ( 'NONE', #1527, 0.01999999999999999700 ) ;
#144 = ORIENTED_EDGE ( 'NONE', *, *, #5109, .F. ) ;
#145 = FILL_AREA_STYLE_COLOUR ( '', #4276 ) ;
#146 = ORIENTED_EDGE ( 'NONE', *, *, #3321, .F. ) ;
#147 = ORIENTED_EDGE ( 'NONE', *, *, #3985, .T. ) ;
#148 = STYLED_ITEM ( 'NONE', ( #3180 ), #1121 ) ;
#149 =( NAMED_UNIT ( * ) SI_UNIT ( $, .STERADIAN. ) SOLID_ANGLE_UNIT ( ) );
#150 = PRESENTATION_STYLE_ASSIGNMENT (( #711 ) ) ;
#151 = CARTESIAN_POINT ( 'NONE',  ( 0.2325212498551169600, 0.1101522168000745600, 0.3210660171779821100 ) ) ;
#152 = UNCERTAINTY_MEASURE_WITH_UNIT (LENGTH_MEASURE( 1.000000000000000100E-005 ), #3610, 'distance_accuracy_value', 'NONE');
#153 = ADVANCED_FACE ( 'NONE', ( #3878 ), #1513, .T. ) ;
#154 = LINE ( 'NONE', #5044, #1938 ) ;
#155 = STYLED_ITEM ( 'NONE', ( #2542 ), #683 ) ;
#156 = EDGE_CURVE ( 'NONE', #4922, #5162, #1693, .T. ) ;
#157 = ORIENTED_EDGE ( 'NONE', *, *, #5432, .T. ) ;
#158 = VECTOR ( 'NONE', #1581, 1000.000000000000000 ) ;
#159 =( LENGTH_UNIT ( ) NAMED_UNIT ( * ) SI_UNIT ( .MILLI., .METRE. ) );
#160 = SURFACE_SIDE_STYLE ('',( #3092 ) ) ;
#161 = DIRECTION ( 'NONE',  ( -0.0000000000000000000, -1.000000000000000000, -0.0000000000000000000 ) ) ;
#162 = ORIENTED_EDGE ( 'NONE', *, *, #5595, .T. ) ;
#163 = CARTESIAN_POINT ( 'NONE',  ( 3.100000000000000500, 1.023333333333334100, 0.4800000000000000900 ) ) ;
#164 = CARTESIAN_POINT ( 'NONE',  ( 3.098816093618959500, 2.115352661366160200, 0.4800000000000000900 ) ) ;
#165 = EDGE_CURVE ( 'NONE', #3375, #1169, #3379, .T. ) ;
#166 =( NAMED_UNIT ( * ) SI_UNIT ( $, .STERADIAN. ) SOLID_ANGLE_UNIT ( ) );
#167 = FILL_AREA_STYLE ('',( #6138 ) ) ;
#168 = ORIENTED_EDGE ( 'NONE', *, *, #3238, .F. ) ;
#169 = PRESENTATION_LAYER_ASSIGNMENT (  '', '', ( #6508 ) ) ;
#170 = MECHANICAL_DESIGN_GEOMETRIC_PRESENTATION_REPRESENTATION (  '', ( #6142 ), #535 ) ;
#171 = CARTESIAN_POINT ( 'NONE',  ( 0.1303402189971261900, 2.176508477500805700, 0.5000000000000000000 ) ) ;
#172 = PLANE ( 'NONE',  #6759 ) ;
#173 = EDGE_LOOP ( 'NONE', ( #5519, #1995, #3160, #96 ) ) ;
#174 = CARTESIAN_POINT ( 'NONE',  ( 0.3000000000000004900, 2.469999999999999800, 0.1700000000000000100 ) ) ;
#175 = VECTOR ( 'NONE', #1033, 1000.000000000000000 ) ;
#176 = CARTESIAN_POINT ( 'NONE',  ( 3.050000000000000300, 2.099999999999999600, 0.5751471862576145200 ) ) ;
#177 = FILL_AREA_STYLE_COLOUR ( '', #6153 ) ;
#178 =( GEOMETRIC_REPRESENTATION_CONTEXT ( 3 ) GLOBAL_UNCERTAINTY_ASSIGNED_CONTEXT ( ( #5175 ) ) GLOBAL_UNIT_ASSIGNED_CONTEXT ( ( #1945, #5768, #2476 ) ) REPRESENTATION_CONTEXT ( 'NONE', 'WORKASPACE' ) );
#179 = VECTOR ( 'NONE', #379, 1000.000000000000000 ) ;
#180 = ADVANCED_FACE ( 'NONE', ( #1855 ), #3523, .F. ) ;
#181 = ORIENTED_EDGE ( 'NONE', *, *, #2849, .F. ) ;
#182 = CARTESIAN_POINT ( 'NONE',  ( 2.809264482820522000, 1.923971919735854000, 0.6100000000000001000 ) ) ;
#183 = MECHANICAL_DESIGN_GEOMETRIC_PRESENTATION_REPRESENTATION (  '', ( #5422 ), #544 ) ;
#184 = SURFACE_STYLE_USAGE ( .BOTH. , #3448 ) ;
#185 = COLOUR_RGB ( '',0.8274509803921568100, 0.6666666666666666300, 0.1254901960784313700 ) ;
#186 = PRESENTATION_LAYER_ASSIGNMENT (  '', '', ( #6882 ) ) ;
#187 = CARTESIAN_POINT ( 'NONE',  ( 3.169999999999999900, 2.200000000000000200, 0.1700000000000000100 ) ) ;
#188 = AXIS2_PLACEMENT_3D ( 'NONE', #802, #6222, #6816 ) ;
#189 =( NAMED_UNIT ( * ) SI_UNIT ( $, .STERADIAN. ) SOLID_ANGLE_UNIT ( ) );
#190 = FACE_OUTER_BOUND ( 'NONE', #5337, .T. ) ;
#191 = EDGE_CURVE ( 'NONE', #2265, #1766, #6541, .T. ) ;
#192 = CARTESIAN_POINT ( 'NONE',  ( 3.076814024817593500, 0.3727949570424058900, 0.5000000000000000000 ) ) ;
#193 =( NAMED_UNIT ( * ) PLANE_ANGLE_UNIT ( ) SI_UNIT ( $, .RADIAN. ) );
#194 = CIRCLE ( 'NONE', #4128, 0.05999999999999994200 ) ;
#195 = PRESENTATION_LAYER_ASSIGNMENT (  '', '', ( #6543 ) ) ;
#196 = PRESENTATION_STYLE_ASSIGNMENT (( #1622 ) ) ;
#197 =( LENGTH_UNIT ( ) NAMED_UNIT ( * ) SI_UNIT ( .MILLI., .METRE. ) );
#198 =( NAMED_UNIT ( * ) PLANE_ANGLE_UNIT ( ) SI_UNIT ( $, .RADIAN. ) );
#199 = DIRECTION ( 'NONE',  ( -1.000000000000000000, 0.0000000000000000000, 0.0000000000000000000 ) ) ;
#200 =( LENGTH_UNIT ( ) NAMED_UNIT ( * ) SI_UNIT ( .MILLI., .METRE. ) );
#201 = EDGE_CURVE ( 'NONE', #5029, #3618, #912, .T. ) ;
#202 = VECTOR ( 'NONE', #592, 1000.000000000000000 ) ;
#203 = UNCERTAINTY_MEASURE_WITH_UNIT (LENGTH_MEASURE( 1.000000000000000100E-005 ), #3516, 'distance_accuracy_value', 'NONE');
#204 = DIRECTION ( 'NONE',  ( -0.0000000000000000000, -0.0000000000000000000, -1.000000000000000000 ) ) ;
#205 = VECTOR ( 'NONE', #1386, 1000.000000000000000 ) ;
#206 = ORIENTED_EDGE ( 'NONE', *, *, #3774, .F. ) ;
#207 = ORIENTED_EDGE ( 'NONE', *, *, #1364, .T. ) ;
#208 = DIRECTION ( 'NONE',  ( 1.000000000000000000, 0.0000000000000000000, 0.0000000000000000000 ) ) ;
#209 = SURFACE_SIDE_STYLE ('',( #2602 ) ) ;
#210 = PRESENTATION_LAYER_ASSIGNMENT (  '', '', ( #584 ) ) ;
#211 = CARTESIAN_POINT ( 'NONE',  ( 2.800000000000000300, 0.1000000000000001400, 0.4800000000000000900 ) ) ;
#212 = AXIS2_PLACEMENT_3D ( 'NONE', #1394, #5193, #1942 ) ;
#213 = CARTESIAN_POINT ( 'NONE',  ( 0.3999999999999998600, 0.1499999999999999700, 0.5751471862576144100 ) ) ;
#214 = VECTOR ( 'NONE', #3594, 1000.000000000000000 ) ;
#215 = VERTEX_POINT ( 'NONE', #3980 ) ;
#216 = ORIENTED_EDGE ( 'NONE', *, *, #4572, .T. ) ;
#217 = ORIENTED_EDGE ( 'NONE', *, *, #6885, .F. ) ;
#218 = LINE ( 'NONE', #1048, #3125 ) ;
#219 = LINE ( 'NONE', #3478, #3127 ) ;
#220 = VECTOR ( 'NONE', #3017, 1000.000000000000000 ) ;
#221 = CARTESIAN_POINT ( 'NONE',  ( 1.119723590466932000, 2.400138902867559900, 0.0000000000000000000 ) ) ;
#222 = CARTESIAN_POINT ( 'NONE',  ( 0.4015377163306956800, 0.1199407980905053800, 0.5000000000000000000 ) ) ;
#223 = VECTOR ( 'NONE', #5889, 1000.000000000000000 ) ;
#224 = PLANE ( 'NONE',  #4321 ) ;
#225 = SURFACE_STYLE_USAGE ( .BOTH. , #3494 ) ;
#226 =( NAMED_UNIT ( * ) PLANE_ANGLE_UNIT ( ) SI_UNIT ( $, .RADIAN. ) );
#227 = CARTESIAN_POINT ( 'NONE',  ( 3.049999999999999800, 0.2535533905932744200, 0.5079235637004544400 ) ) ;
#228 = MECHANICAL_DESIGN_GEOMETRIC_PRESENTATION_REPRESENTATION (  '', ( #6199 ), #596 ) ;
#229 = ORIENTED_EDGE ( 'NONE', *, *, #2319, .F. ) ;
#230 = ORIENTED_EDGE ( 'NONE', *, *, #1968, .T. ) ;
#231 = ORIENTED_EDGE ( 'NONE', *, *, #2011, .F. ) ;
#232 = CARTESIAN_POINT ( 'NONE',  ( 3.100000000000000100, 0.5133333340160818300, 0.5000000000000000000 ) ) ;
#233 = CARTESIAN_POINT ( 'NONE',  ( 0.3034618700924491300, 2.383763296701776600, 0.5000000000000036600 ) ) ;
#234 = LINE ( 'NONE', #6909, #6034 ) ;
#235 = EDGE_CURVE ( 'NONE', #6338, #3461, #5083, .T. ) ;
#236 = VERTEX_POINT ( 'NONE', #4049 ) ;
#237 = ORIENTED_EDGE ( 'NONE', *, *, #5747, .F. ) ;
#238 = CARTESIAN_POINT ( 'NONE',  ( 2.802737965005745100, 0.02500000000000002200, 0.2899999999999999800 ) ) ;
#239 = DIRECTION ( 'NONE',  ( -1.000000000000000000, 0.0000000000000000000, 0.0000000000000000000 ) ) ;
#240 = DIRECTION ( 'NONE',  ( -0.0000000000000000000, 0.0000000000000000000, -1.000000000000000000 ) ) ;
#241 =( GEOMETRIC_REPRESENTATION_CONTEXT ( 3 ) GLOBAL_UNCERTAINTY_ASSIGNED_CONTEXT ( ( #6879 ) ) GLOBAL_UNIT_ASSIGNED_CONTEXT ( ( #6423, #3183, #6976 ) ) REPRESENTATION_CONTEXT ( 'NONE', 'WORKASPACE' ) );
#242 = CARTESIAN_POINT ( 'NONE',  ( 3.100009241445716300, 1.580047681430131000, 0.0000000000000000000 ) ) ;
#243 = ORIENTED_EDGE ( 'NONE', *, *, #1390, .T. ) ;
#244 = CARTESIAN_POINT ( 'NONE',  ( 3.100009241445716300, 1.580047681430131000, 0.1700000000000000100 ) ) ;
#245 = AXIS2_PLACEMENT_3D ( 'NONE', #2775, #6591, #3336 ) ;
#246 = EDGE_CURVE ( 'NONE', #5356, #2095, #3800, .T. ) ;
#247 =( NAMED_UNIT ( * ) SI_UNIT ( $, .STERADIAN. ) SOLID_ANGLE_UNIT ( ) );
#248 = SURFACE_SIDE_STYLE ('',( #2512 ) ) ;
#249 = ORIENTED_EDGE ( 'NONE', *, *, #5857, .F. ) ;
#250 = SURFACE_STYLE_USAGE ( .BOTH. , #3513 ) ;
#251 = MANIFOLD_SOLID_BREP ( 'Ressalto-extrus?5[4]', #6956 ) ;
#252 =( NAMED_UNIT ( * ) PLANE_ANGLE_UNIT ( ) SI_UNIT ( $, .RADIAN. ) );
#253 = CARTESIAN_POINT ( 'NONE',  ( -0.1040391488201267600, 0.02499999999999997000, 0.3649999999999999900 ) ) ;
#254 = FILL_AREA_STYLE_COLOUR ( '', #275 ) ;
#255 = ORIENTED_EDGE ( 'NONE', *, *, #5142, .F. ) ;
#256 =( LENGTH_UNIT ( ) NAMED_UNIT ( * ) SI_UNIT ( .MILLI., .METRE. ) );
#257 = ORIENTED_EDGE ( 'NONE', *, *, #613, .T. ) ;
#258 = CARTESIAN_POINT ( 'NONE',  ( 0.0000000000000000000, 2.079959576973093000, 0.1700000000000000100 ) ) ;
#259 = CARTESIAN_POINT ( 'NONE',  ( 0.4000000000000009100, 2.290000000000000000, 0.5400000000000001500 ) ) ;
#260 = EDGE_LOOP ( 'NONE', ( #5223, #4491, #3498, #1077 ) ) ;
#261 = DIRECTION ( 'NONE',  ( -1.000000000000000000, 0.0000000000000000000, -0.0000000000000000000 ) ) ;
#262 = DIRECTION ( 'NONE',  ( -1.000000000000000000, 0.0000000000000000000, 0.0000000000000000000 ) ) ;
#263 = CARTESIAN_POINT ( 'NONE',  ( 2.080276409533067900, 1.879883371806615900, 0.1700000000000000100 ) ) ;
#264 = MECHANICAL_DESIGN_GEOMETRIC_PRESENTATION_REPRESENTATION (  '', ( #6230 ), #628 ) ;
#265 = STYLED_ITEM ( 'NONE', ( #2180 ), #6722 ) ;
#266 = VECTOR ( 'NONE', #2015, 1000.000000000000000 ) ;
#267 = STYLED_ITEM ( 'NONE', ( #1136 ), #3002 ) ;
#268 = CARTESIAN_POINT ( 'NONE',  ( 1.275032137967690800, 2.399999999999999900, 0.5000000000000000000 ) ) ;
#269 = CARTESIAN_POINT ( 'NONE',  ( 0.0000000000000000000, 2.200000000000000200, 0.1700000000000000100 ) ) ;
#270 = FILL_AREA_STYLE_COLOUR ( '', #6325 ) ;
#271 = PLANE ( 'NONE',  #6057 ) ;
#272 = ORIENTED_EDGE ( 'NONE', *, *, #2683, .T. ) ;
#273 = PLANE ( 'NONE',  #365 ) ;
#274 = EDGE_CURVE ( 'NONE', #5397, #3576, #3056, .T. ) ;
#275 = COLOUR_RGB ( '',0.01176470588235294100, 0.0000000000000000000, 0.05882352941176470500 ) ;
#276 = MECHANICAL_DESIGN_GEOMETRIC_PRESENTATION_REPRESENTATION (  '', ( #6623 ), #637 ) ;
#277 = LINE ( 'NONE', #3437, #104 ) ;
#278 = SURFACE_STYLE_FILL_AREA ( #697 ) ;
#279 = DIRECTION ( 'NONE',  ( 1.000000000000000000, -0.0000000000000000000, 0.0000000000000000000 ) ) ;
#280 = UNCERTAINTY_MEASURE_WITH_UNIT (LENGTH_MEASURE( 1.000000000000000100E-005 ), #2200, 'distance_accuracy_value', 'NONE');
#281 = CIRCLE ( 'NONE', #6742, 0.2500000000000006700 ) ;
#282 = DIRECTION ( 'NONE',  ( 0.0000000000000000000, 0.0000000000000000000, 1.000000000000000000 ) ) ;
#283 = CARTESIAN_POINT ( 'NONE',  ( 3.050000000000000300, 0.4000000000000001900, 0.6000000000000000900 ) ) ;
#284 = EDGE_CURVE ( 'NONE', #6017, #4320, #154, .T. ) ;
#285 = COLOUR_RGB ( '',0.01176470588235294100, 0.0000000000000000000, 0.05882352941176470500 ) ;
#286 = B_SPLINE_CURVE_WITH_KNOTS ( 'NONE', 3,
 ( #5366, #1032, #5938, #2652, #6473, #3243 ),
 .UNSPECIFIED., .F., .F.,
 ( 4, 2, 4 ),
 ( 0.0000000000000000000, 0.5000000000000000000, 1.000000000000000000 ),
 .UNSPECIFIED. ) ;
#287 =( LENGTH_UNIT ( ) NAMED_UNIT ( * ) SI_UNIT ( .MILLI., .METRE. ) );
#288 = CARTESIAN_POINT ( 'NONE',  ( 0.4000000000000001900, 2.370771566654770600, 0.5000148884191946100 ) ) ;
#289 = COLOUR_RGB ( '',0.8274509803921568100, 0.6666666666666666300, 0.1294117647058823400 ) ;
#290 = FACE_OUTER_BOUND ( 'NONE', #3504, .T. ) ;
#291 = SURFACE_STYLE_FILL_AREA ( #4394 ) ;
#292 = CARTESIAN_POINT ( 'NONE',  ( 2.080276409533067900, 2.400138902867559900, 0.1700000000000000100 ) ) ;
#293 = CARTESIAN_POINT ( 'NONE',  ( 3.200000000000000200, 0.4200404230269067000, 0.0000000000000000000 ) ) ;
#294 = EDGE_CURVE ( 'NONE', #4057, #1276, #1610, .T. ) ;
#295 = UNCERTAINTY_MEASURE_WITH_UNIT (LENGTH_MEASURE( 1.000000000000000100E-005 ), #3693, 'distance_accuracy_value', 'NONE');
#296 = EDGE_LOOP ( 'NONE', ( #1780, #1856, #4589, #3333 ) ) ;
#297 = ORIENTED_EDGE ( 'NONE', *, *, #6992, .T. ) ;
#298 = VECTOR ( 'NONE', #1168, 1000.000000000000100 ) ;
#299 = MECHANICAL_DESIGN_GEOMETRIC_PRESENTATION_REPRESENTATION (  '', ( #6267 ), #672 ) ;
#300 =( LENGTH_UNIT ( ) NAMED_UNIT ( * ) SI_UNIT ( .MILLI., .METRE. ) );
#301 = VERTEX_POINT ( 'NONE', #41 ) ;
#302 = ORIENTED_EDGE ( 'NONE', *, *, #4071, .F. ) ;
#303 = ORIENTED_EDGE ( 'NONE', *, *, #5118, .T. ) ;
#304 = DIRECTION ( 'NONE',  ( 0.0000000000000000000, 1.000000000000000000, 0.0000000000000000000 ) ) ;
#305 = AXIS2_PLACEMENT_3D ( 'NONE', #1558, #5348, #2090 ) ;
#306 = CARTESIAN_POINT ( 'NONE',  ( 3.070000000000000300, 0.3999999999999999700, 0.5200000000000000200 ) ) ;
#307 = PRESENTATION_LAYER_ASSIGNMENT (  '', '', ( #6654 ) ) ;
#308 = VECTOR ( 'NONE', #1582, 1000.000000000000000 ) ;
#309 = LINE ( 'NONE', #4269, #1769 ) ;
#310 = SURFACE_STYLE_FILL_AREA ( #2645 ) ;
#311 = ADVANCED_FACE ( 'NONE', ( #4666 ), #172, .F. ) ;
#312 = VERTEX_POINT ( 'NONE', #6574 ) ;
#313 = ORIENTED_EDGE ( 'NONE', *, *, #1029, .T. ) ;
#314 = STYLED_ITEM ( 'NONE', ( #5391 ), #5465 ) ;
#315 = CARTESIAN_POINT ( 'NONE',  ( 3.098230574024670500, 2.096568098989906000, 0.4897840649109927400 ) ) ;
#316 = SURFACE_STYLE_FILL_AREA ( #1649 ) ;
#317 = FILL_AREA_STYLE ('',( #6281 ) ) ;
#318 = MECHANICAL_DESIGN_GEOMETRIC_PRESENTATION_REPRESENTATION (  '', ( #6282 ), #687 ) ;
#319 = VERTEX_POINT ( 'NONE', #5790 ) ;
#320 = VECTOR ( 'NONE', #6994, 1000.000000000000000 ) ;
#321 = EDGE_CURVE ( 'NONE', #4985, #918, #3717, .T. ) ;
#322 = FILL_AREA_STYLE ('',( #1391 ) ) ;
#323 = VERTEX_POINT ( 'NONE', #5485 ) ;
#324 = FILL_AREA_STYLE ('',( #6838 ) ) ;
#325 = DIRECTION ( 'NONE',  ( 1.000000000000000000, -0.0000000000000000000, 0.0000000000000000000 ) ) ;
#326 = SURFACE_SIDE_STYLE ('',( #2354 ) ) ;
#327 = AXIS2_PLACEMENT_3D ( 'NONE', #2769, #6588, #3332 ) ;
#328 = B_SPLINE_CURVE_WITH_KNOTS ( 'NONE', 3,
 ( #3133, #4209, #955, #4757, #1506, #5290 ),
 .UNSPECIFIED., .F., .F.,
 ( 4, 2, 4 ),
 ( 0.0000000000000000000, 0.5000000000000000000, 1.000000000000000000 ),
 .UNSPECIFIED. ) ;
#329 = DIRECTION ( 'NONE',  ( 0.0000000000000000000, -0.0000000000000000000, -1.000000000000000000 ) ) ;
#330 = CARTESIAN_POINT ( 'NONE',  ( 0.4000000000000002400, 2.358703171845483400, 0.4995489630239926000 ) ) ;
#331 = EDGE_CURVE ( 'NONE', #4410, #5066, #6633, .T. ) ;
#332 = ORIENTED_EDGE ( 'NONE', *, *, #2830, .F. ) ;
#333 = SURFACE_STYLE_USAGE ( .BOTH. , #3587 ) ;
#334 = DIRECTION ( 'NONE',  ( -1.000000000000000000, 0.0000000000000000000, -0.0000000000000000000 ) ) ;
#335 =( NAMED_UNIT ( * ) SI_UNIT ( $, .STERADIAN. ) SOLID_ANGLE_UNIT ( ) );
#336 =( GEOMETRIC_REPRESENTATION_CONTEXT ( 3 ) GLOBAL_UNCERTAINTY_ASSIGNED_CONTEXT ( ( #2504 ) ) GLOBAL_UNIT_ASSIGNED_CONTEXT ( ( #2927, #6732, #3474 ) ) REPRESENTATION_CONTEXT ( 'NONE', 'WORKASPACE' ) );
#337 = LINE ( 'NONE', #4805, #3081 ) ;
#338 = CARTESIAN_POINT ( 'NONE',  ( 0.1000000000000000100, 0.4000000000000003000, 0.3649999999999999900 ) ) ;
#339 = AXIS2_PLACEMENT_3D ( 'NONE', #5474, #2219, #6040 ) ;
#340 = CARTESIAN_POINT ( 'NONE',  ( 2.815352661366155500, 0.1011839063810402600, 0.4800000000000001500 ) ) ;
#341 = CARTESIAN_POINT ( 'NONE',  ( 1.600000000000019600, 2.399999999999999500, 0.4800000000000000900 ) ) ;
#342 = AXIS2_PLACEMENT_3D ( 'NONE', #1827, #5630, #2368 ) ;
#343 = EDGE_CURVE ( 'NONE', #6559, #1331, #5168, .T. ) ;
#344 = FACE_OUTER_BOUND ( 'NONE', #1405, .T. ) ;
#345 = ORIENTED_EDGE ( 'NONE', *, *, #4587, .F. ) ;
#346 = FILL_AREA_STYLE ('',( #6867 ) ) ;
#347 = CARTESIAN_POINT ( 'NONE',  ( 3.100362705961942700, 2.094742544033191900, 0.3210660171779814400 ) ) ;
#348 = CARTESIAN_POINT ( 'NONE',  ( 2.779937501871236400, 2.400138902867559900, 0.1700000000000000100 ) ) ;
#349 = AXIS2_PLACEMENT_3D ( 'NONE', #3952, #698, #4510 ) ;
#350 =( GEOMETRIC_REPRESENTATION_CONTEXT ( 3 ) GLOBAL_UNCERTAINTY_ASSIGNED_CONTEXT ( ( #587 ) ) GLOBAL_UNIT_ASSIGNED_CONTEXT ( ( #5294, #2035, #5866 ) ) REPRESENTATION_CONTEXT ( 'NONE', 'WORKASPACE' ) );
#351 = SURFACE_STYLE_FILL_AREA ( #3434 ) ;
#352 = AXIS2_PLACEMENT_3D ( 'NONE', #3577, #325, #4135 ) ;
#353 = LINE ( 'NONE', #4488, #1652 ) ;
#354 = UNCERTAINTY_MEASURE_WITH_UNIT (LENGTH_MEASURE( 1.000000000000000100E-005 ), #1944, 'distance_accuracy_value', 'NONE');
#355 =( NAMED_UNIT ( * ) PLANE_ANGLE_UNIT ( ) SI_UNIT ( $, .RADIAN. ) );
#356 = PRESENTATION_STYLE_ASSIGNMENT (( #1681 ) ) ;
#357 = CARTESIAN_POINT ( 'NONE',  ( 3.200000000000000200, 0.02999999999999997100, 0.1700000000000000100 ) ) ;
#358 = EDGE_CURVE ( 'NONE', #6746, #6338, #2438, .T. ) ;
#359 = VECTOR ( 'NONE', #4461, 1000.000000000000000 ) ;
#360 = SURFACE_STYLE_FILL_AREA ( #2276 ) ;
#361 = CARTESIAN_POINT ( 'NONE',  ( 3.050000000000000300, 2.100000000000000100, 0.5200000000000000200 ) ) ;
#362 = UNCERTAINTY_MEASURE_WITH_UNIT (LENGTH_MEASURE( 1.000000000000000100E-005 ), #2091, 'distance_accuracy_value', 'NONE');
#363 = PRESENTATION_STYLE_ASSIGNMENT (( #5956 ) ) ;
#364 =( NAMED_UNIT ( * ) SI_UNIT ( $, .STERADIAN. ) SOLID_ANGLE_UNIT ( ) );
#365 = AXIS2_PLACEMENT_3D ( 'NONE', #5775, #2484, #6295 ) ;
#366 =( NAMED_UNIT ( * ) SI_UNIT ( $, .STERADIAN. ) SOLID_ANGLE_UNIT ( ) );
#367 = CYLINDRICAL_SURFACE ( 'NONE', #64, 0.3260323503590204000 ) ;
#368 =( LENGTH_UNIT ( ) NAMED_UNIT ( * ) SI_UNIT ( .MILLI., .METRE. ) );
#369 = FILL_AREA_STYLE ('',( #3650 ) ) ;
#370 = AXIS2_PLACEMENT_3D ( 'NONE', #1122, #3404, #2185 ) ;
#371 = VECTOR ( 'NONE', #4375, 1000.000000000000000 ) ;
#372 = EDGE_CURVE ( 'NONE', #5445, #5162, #2277, .T. ) ;
#373 = DIRECTION ( 'NONE',  ( 0.0000000000000000000, -1.000000000000000000, 0.0000000000000000000 ) ) ;
#374 = CARTESIAN_POINT ( 'NONE',  ( 2.409264482820521600, 1.923971919735854000, 0.6000000000000000900 ) ) ;
#375 = PRESENTATION_STYLE_ASSIGNMENT (( #590 ) ) ;
#376 = ORIENTED_EDGE ( 'NONE', *, *, #5013, .F. ) ;
#377 = VERTEX_POINT ( 'NONE', #1550 ) ;
#378 = LINE ( 'NONE', #6054, #4721 ) ;
#379 = DIRECTION ( 'NONE',  ( 1.000000000000000000, -0.0000000000000000000, 0.0000000000000000000 ) ) ;
#380 = VERTEX_POINT ( 'NONE', #832 ) ;
#381 = DIRECTION ( 'NONE',  ( -1.000000000000000000, 0.0000000000000000000, 0.0000000000000000000 ) ) ;
#382 = DIRECTION ( 'NONE',  ( 0.0000000000000000000, 0.0000000000000000000, 1.000000000000000000 ) ) ;
#383 = DIRECTION ( 'NONE',  ( 1.000000000000000000, -0.0000000000000000000, 0.0000000000000000000 ) ) ;
#384 = ORIENTED_EDGE ( 'NONE', *, *, #5517, .T. ) ;
#385 = VERTEX_POINT ( 'NONE', #3539 ) ;
#386 = DIRECTION ( 'NONE',  ( -1.000000000000000000, 0.0000000000000000000, 0.0000000000000000000 ) ) ;
#387 = CARTESIAN_POINT ( 'NONE',  ( 0.03000000000000037700, 2.469999999999999800, 0.1700000000000000100 ) ) ;
#388 = LINE ( 'NONE', #4714, #223 ) ;
#389 = VECTOR ( 'NONE', #5467, 1000.000000000000000 ) ;
#390 = CARTESIAN_POINT ( 'NONE',  ( 0.1499999999999995200, 2.100000000000000500, 0.5751471862576144100 ) ) ;
#391 = ORIENTED_EDGE ( 'NONE', *, *, #2708, .T. ) ;
#392 = ORIENTED_EDGE ( 'NONE', *, *, #2464, .T. ) ;
#393 = ORIENTED_EDGE ( 'NONE', *, *, #6290, .F. ) ;
#394 = CARTESIAN_POINT ( 'NONE',  ( 2.800000000000000300, 2.370000000000000100, 0.5000000000000000000 ) ) ;
#395 = SURFACE_SIDE_STYLE ('',( #2951 ) ) ;
#396 = FACE_OUTER_BOUND ( 'NONE', #1375, .T. ) ;
#397 = VECTOR ( 'NONE', #4729, 1000.000000000000000 ) ;
#398 = CARTESIAN_POINT ( 'NONE',  ( 3.044498919259425800, 2.235445146297137400, 0.5000000000000000000 ) ) ;
#399 = FILL_AREA_STYLE ('',( #6910 ) ) ;
#400 = PRESENTATION_LAYER_ASSIGNMENT (  '', '', ( #35 ) ) ;
#401 = VERTEX_POINT ( 'NONE', #445 ) ;
#402 = ORIENTED_EDGE ( 'NONE', *, *, #6246, .F. ) ;
#403 = CARTESIAN_POINT ( 'NONE',  ( 0.4002593725214065300, 0.09999999999999932600, 0.3525820866415322900 ) ) ;
#404 = FILL_AREA_STYLE_COLOUR ( '', #796 ) ;
#405 = VERTEX_POINT ( 'NONE', #4256 ) ;
#406 =( NAMED_UNIT ( * ) PLANE_ANGLE_UNIT ( ) SI_UNIT ( $, .RADIAN. ) );
#407 =( NAMED_UNIT ( * ) SI_UNIT ( $, .STERADIAN. ) SOLID_ANGLE_UNIT ( ) );
#408 = SURFACE_STYLE_USAGE ( .BOTH. , #3658 ) ;
#409 = CARTESIAN_POINT ( 'NONE',  ( 0.3999999999986773000, 2.399999999999897300, 0.4800000000000000400 ) ) ;
#410 = CARTESIAN_POINT ( 'NONE',  ( 2.800000000000000300, 2.370000000000000100, 0.5200000000000000200 ) ) ;
#411 = PRESENTATION_STYLE_ASSIGNMENT (( #5298 ) ) ;
#412 = PLANE ( 'NONE',  #5376 ) ;
#413 = SURFACE_SIDE_STYLE ('',( #5314 ) ) ;
#414 = DIRECTION ( 'NONE',  ( -0.0000000000000000000, 1.000000000000000000, -0.0000000000000000000 ) ) ;
#415 = CARTESIAN_POINT ( 'NONE',  ( 0.2495506891988448800, 0.1677887373467344400, 0.4999999999999997800 ) ) ;
#416 = CARTESIAN_POINT ( 'NONE',  ( 0.02500000000000001200, 2.102737965005744500, 0.2899999999999999800 ) ) ;
#417 = STYLED_ITEM ( 'NONE', ( #6959 ), #503 ) ;
#418 = EDGE_CURVE ( 'NONE', #2598, #6017, #2601, .T. ) ;
#419 = FILL_AREA_STYLE_COLOUR ( '', #2202 ) ;
#420 = DIRECTION ( 'NONE',  ( -1.000000000000000000, -0.0000000000000000000, 0.0000000000000000000 ) ) ;
#421 = EDGE_LOOP ( 'NONE', ( #1773, #2489, #519, #1525 ) ) ;
#422 = EDGE_LOOP ( 'NONE', ( #2000, #5424, #2916, #4438, #2191, #2553, #6525, #332, #146, #5152, #5242, #6036 ) ) ;
#423 = FILL_AREA_STYLE_COLOUR ( '', #5271 ) ;
#424 = SURFACE_STYLE_USAGE ( .BOTH. , #3672 ) ;
#425 = MECHANICAL_DESIGN_GEOMETRIC_PRESENTATION_REPRESENTATION (  '', ( #6762 ), #792 ) ;
#426 = CARTESIAN_POINT ( 'NONE',  ( 2.794742544035804200, 0.09963729403821573700, 0.3210660171779820000 ) ) ;
#427 = UNCERTAINTY_MEASURE_WITH_UNIT (LENGTH_MEASURE( 1.000000000000000100E-005 ), #2376, 'distance_accuracy_value', 'NONE');
#428 = FILL_AREA_STYLE ('',( #6942 ) ) ;
#429 = EDGE_CURVE ( 'NONE', #3618, #1177, #5512, .T. ) ;
#430 = SURFACE_STYLE_USAGE ( .BOTH. , #3676 ) ;
#431 = PRESENTATION_STYLE_ASSIGNMENT (( #2910 ) ) ;
#432 = CARTESIAN_POINT ( 'NONE',  ( 0.2380802303359589000, 0.1509749249621588400, 0.4800000000000000900 ) ) ;
#433 = CARTESIAN_POINT ( 'NONE',  ( 0.4000000000000009100, 2.290000000000000000, 0.6000000000000000900 ) ) ;
#434 = AXIS2_PLACEMENT_3D ( 'NONE', #2244, #6061, #2799 ) ;
#435 = SURFACE_STYLE_FILL_AREA ( #4094 ) ;
#436 = ORIENTED_EDGE ( 'NONE', *, *, #1625, .T. ) ;
#437 = CARTESIAN_POINT ( 'NONE',  ( 0.3846473318088274300, 0.1011839070187519100, 0.5000000000000097700 ) ) ;
#438 = CARTESIAN_POINT ( 'NONE',  ( 2.080276409533067900, -1.626303258728256700E-016, 0.0000000000000000000 ) ) ;
#439 = LINE ( 'NONE', #6217, #1894 ) ;
#440 =( NAMED_UNIT ( * ) SI_UNIT ( $, .STERADIAN. ) SOLID_ANGLE_UNIT ( ) );
#441 =( LENGTH_UNIT ( ) NAMED_UNIT ( * ) SI_UNIT ( .MILLI., .METRE. ) );
#442 = MECHANICAL_DESIGN_GEOMETRIC_PRESENTATION_REPRESENTATION (  '', ( #6785 ), #810 ) ;
#443 =( NAMED_UNIT ( * ) PLANE_ANGLE_UNIT ( ) SI_UNIT ( $, .RADIAN. ) );
#444 = DIRECTION ( 'NONE',  ( -1.000000000000000000, 0.0000000000000000000, 0.0000000000000000000 ) ) ;
#445 = CARTESIAN_POINT ( 'NONE',  ( 0.4000000000000001900, 2.290000000000000500, 0.6000000000000000900 ) ) ;
#446 = SURFACE_STYLE_FILL_AREA ( #2396 ) ;
#447 = CARTESIAN_POINT ( 'NONE',  ( 0.4000000000000000800, 2.350000000000000500, 0.5200000000000000200 ) ) ;
#448 = CARTESIAN_POINT ( 'NONE',  ( 0.4200624981287632800, 2.400138902867559900, 0.0000000000000000000 ) ) ;
#449 = LINE ( 'NONE', #6568, #4625 ) ;
#450 = PRESENTATION_LAYER_ASSIGNMENT (  '', '', ( #820 ) ) ;
#451 = AXIS2_PLACEMENT_3D ( 'NONE', #4103, #857, #4667 ) ;
#452 = SURFACE_STYLE_USAGE ( .BOTH. , #3703 ) ;
#453 = VECTOR ( 'NONE', #4787, 1000.000000000000000 ) ;
#454 =( LENGTH_UNIT ( ) NAMED_UNIT ( * ) SI_UNIT ( .MILLI., .METRE. ) );
#455 = DIRECTION ( 'NONE',  ( 0.0000000000000000000, 1.000000000000000000, 0.0000000000000000000 ) ) ;
#456 = CARTESIAN_POINT ( 'NONE',  ( 0.03000000000000037700, 2.469999999999999800, 0.1700000000000000100 ) ) ;
#457 = CARTESIAN_POINT ( 'NONE',  ( 2.800000000000000300, 0.1000000000000001600, 0.4800000000000000400 ) ) ;
#458 = FILL_AREA_STYLE_COLOUR ( '', #3868 ) ;
#459 = EDGE_CURVE ( 'NONE', #2280, #380, #3515, .T. ) ;
#460 = SURFACE_STYLE_FILL_AREA ( #3400 ) ;
#461 = FILL_AREA_STYLE ('',( #6925 ) ) ;
#462 = LINE ( 'NONE', #5547, #3364 ) ;
#463 = DIRECTION ( 'NONE',  ( 0.0000000000000000000, 0.0000000000000000000, 1.000000000000000000 ) ) ;
#464 = CARTESIAN_POINT ( 'NONE',  ( 3.103147165844026400, 2.099839018956273200, 0.3358846836583916400 ) ) ;
#465 = ADVANCED_FACE ( 'NONE', ( #2794 ), #5687, .T. ) ;
#466 = DIRECTION ( 'NONE',  ( -1.000000000000000000, 0.0000000000000000000, -0.0000000000000000000 ) ) ;
#467 = PRESENTATION_STYLE_ASSIGNMENT (( #6457 ) ) ;
#468 = AXIS2_PLACEMENT_3D ( 'NONE', #4841, #1592, #5373 ) ;
#469 = COLOUR_RGB ( '',0.6470588235294118000, 0.6196078431372549200, 0.5843137254901961100 ) ;
#470 = ADVANCED_FACE ( 'NONE', ( #6794 ), #3146, .T. ) ;
#471 = EDGE_LOOP ( 'NONE', ( #56, #4450, #6858, #3570 ) ) ;
#472 = ORIENTED_EDGE ( 'NONE', *, *, #2328, .T. ) ;
#473 = FILL_AREA_STYLE_COLOUR ( '', #4485 ) ;
#474 = B_SPLINE_CURVE_WITH_KNOTS ( 'NONE', 3,
 ( #501, #4316, #1056, #4854 ),
 .UNSPECIFIED., .F., .F.,
 ( 4, 4 ),
 ( 0.0000000000000000000, 1.000000000000000000 ),
 .UNSPECIFIED. ) ;
#475 = EDGE_CURVE ( 'NONE', #2384, #4144, #1520, .T. ) ;
#476 =( NAMED_UNIT ( * ) SI_UNIT ( $, .STERADIAN. ) SOLID_ANGLE_UNIT ( ) );
#477 = CIRCLE ( 'NONE', #4369, 0.2500000000000008900 ) ;
#478 = ORIENTED_EDGE ( 'NONE', *, *, #667, .F. ) ;
#479 = ORIENTED_EDGE ( 'NONE', *, *, #972, .F. ) ;
#480 = VERTEX_POINT ( 'NONE', #3597 ) ;
#481 = ORIENTED_EDGE ( 'NONE', *, *, #3702, .F. ) ;
#482 = SURFACE_STYLE_FILL_AREA ( #5100 ) ;
#483 = DIRECTION ( 'NONE',  ( 0.0000000000000000000, 1.000000000000000000, 0.0000000000000000000 ) ) ;
#484 = CARTESIAN_POINT ( 'NONE',  ( 0.4200624981287632800, 2.500000000000000000, 0.0000000000000000000 ) ) ;
#485 = DIRECTION ( 'NONE',  ( -0.0000000000000000000, 0.0000000000000000000, 1.000000000000000000 ) ) ;
#486 = CARTESIAN_POINT ( 'NONE',  ( 0.1011839063810405900, 2.115352661366160200, 0.4800000000000000900 ) ) ;
#487 = ORIENTED_EDGE ( 'NONE', *, *, #6038, .F. ) ;
#488 = ORIENTED_EDGE ( 'NONE', *, *, #5942, .T. ) ;
#489 =( NAMED_UNIT ( * ) PLANE_ANGLE_UNIT ( ) SI_UNIT ( $, .RADIAN. ) );
#490 = COLOUR_RGB ( '',0.8274509803921568100, 0.6666666666666666300, 0.1294117647058823400 ) ;
#491 = CARTESIAN_POINT ( 'NONE',  ( 2.800000000000000300, 0.1500000000000001100, 0.5200000000000000200 ) ) ;
#492 = CARTESIAN_POINT ( 'NONE',  ( 0.1199999999999998800, 1.023333333333345900, 0.4999999999999975000 ) ) ;
#493 = DIRECTION ( 'NONE',  ( -1.000000000000000000, -0.0000000000000000000, 0.0000000000000000000 ) ) ;
#494 = VERTEX_POINT ( 'NONE', #6865 ) ;
#495 = PRESENTATION_LAYER_ASSIGNMENT (  '', '', ( #859 ) ) ;
#496 = VECTOR ( 'NONE', #1895, 1000.000000000000000 ) ;
#497 =( NAMED_UNIT ( * ) SI_UNIT ( $, .STERADIAN. ) SOLID_ANGLE_UNIT ( ) );
#498 = AXIS2_PLACEMENT_3D ( 'NONE', #6758, #3505, #239 ) ;
#499 = EDGE_CURVE ( 'NONE', #3236, #2891, #1379, .T. ) ;
#500 = SURFACE_SIDE_STYLE ('',( #4458 ) ) ;
#501 = CARTESIAN_POINT ( 'NONE',  ( 0.2052604420177458500, 0.2121419212420618500, 0.5000030807121101900 ) ) ;
#502 = CARTESIAN_POINT ( 'NONE',  ( 3.100009241445716300, 0.4200404230269067000, 0.0000000000000000000 ) ) ;
#503 = ADVANCED_FACE ( 'NONE', ( #1346 ), #5245, .F. ) ;
#504 = DIRECTION ( 'NONE',  ( 0.0000000000000000000, 0.0000000000000000000, -1.000000000000000000 ) ) ;
#505 = DIRECTION ( 'NONE',  ( 0.0000000000000000000, 0.0000000000000000000, -1.000000000000000000 ) ) ;
#506 = AXIS2_PLACEMENT_3D ( 'NONE', #4585, #1316, #5123 ) ;
#507 = FILL_AREA_STYLE ('',( #2118 ) ) ;
#508 = FILL_AREA_STYLE_COLOUR ( '', #1298 ) ;
#509 = CARTESIAN_POINT ( 'NONE',  ( 1.119723590466932000, 2.400138902867559900, 0.0000000000000000000 ) ) ;
#510 = DIRECTION ( 'NONE',  ( 0.0000000000000000000, 1.000000000000000000, 0.0000000000000000000 ) ) ;
#511 = AXIS2_PLACEMENT_3D ( 'NONE', #4590, #779, #6614 ) ;
#512 = EDGE_CURVE ( 'NONE', #6017, #7046, #4924, .T. ) ;
#513 = CARTESIAN_POINT ( 'NONE',  ( 0.1000000000000000100, 2.043333333333333400, 0.4800000000000000900 ) ) ;
#514 = CARTESIAN_POINT ( 'NONE',  ( 0.4250672634741105000, 0.4250672634741105000, 0.5000000000000000000 ) ) ;
#515 = UNCERTAINTY_MEASURE_WITH_UNIT (LENGTH_MEASURE( 1.000000000000000100E-005 ), #4945, 'distance_accuracy_value', 'NONE');
#516 = ORIENTED_EDGE ( 'NONE', *, *, #6666, .F. ) ;
#517 = DIRECTION ( 'NONE',  ( -0.0000000000000000000, 1.000000000000000000, 0.0000000000000000000 ) ) ;
#518 = DIRECTION ( 'NONE',  ( -3.053757688596834300E-016, 1.000000000000000000, 0.0000000000000000000 ) ) ;
#519 = ORIENTED_EDGE ( 'NONE', *, *, #2840, .F. ) ;
#520 = EDGE_CURVE ( 'NONE', #694, #1177, #3635, .T. ) ;
#521 = PRESENTATION_STYLE_ASSIGNMENT (( #868 ) ) ;
#522 = DIRECTION ( 'NONE',  ( 0.0000000000000000000, 1.000000000000000000, 0.0000000000000000000 ) ) ;
#523 =( NAMED_UNIT ( * ) PLANE_ANGLE_UNIT ( ) SI_UNIT ( $, .RADIAN. ) );
#524 = COLOUR_RGB ( '',0.8274509803921568100, 0.6666666666666666300, 0.1294117647058823400 ) ;
#525 = CARTESIAN_POINT ( 'NONE',  ( 0.3474566906771679500, 2.289575732259181900, 0.6000000000000000900 ) ) ;
#526 = FILL_AREA_STYLE ('',( #7056 ) ) ;
#527 = SURFACE_SIDE_STYLE ('',( #5578 ) ) ;
#528 = CARTESIAN_POINT ( 'NONE',  ( 2.639999999999993900, 0.1199999999999998800, 0.5000000000000000000 ) ) ;
#529 = PLANE ( 'NONE',  #5199 ) ;
#530 = CARTESIAN_POINT ( 'NONE',  ( 2.900000000000000400, 0.02999999999999997100, 0.1700000000000000100 ) ) ;
#531 = SURFACE_SIDE_STYLE ('',( #3951 ) ) ;
#532 = MECHANICAL_DESIGN_GEOMETRIC_PRESENTATION_REPRESENTATION (  '', ( #6508 ), #902 ) ;
#533 = DIRECTION ( 'NONE',  ( -0.0000000000000000000, -1.000000000000000000, -0.0000000000000000000 ) ) ;
#534 = CARTESIAN_POINT ( 'NONE',  ( 0.09999075855428366000, 1.580047681430131000, 0.1700000000000000100 ) ) ;
#535 =( GEOMETRIC_REPRESENTATION_CONTEXT ( 3 ) GLOBAL_UNCERTAINTY_ASSIGNED_CONTEXT ( ( #6391 ) ) GLOBAL_UNIT_ASSIGNED_CONTEXT ( ( #200, #4005, #759 ) ) REPRESENTATION_CONTEXT ( 'NONE', 'WORKASPACE' ) );
#536 = ADVANCED_FACE ( 'NONE', ( #6553 ), #4226, .F. ) ;
#537 = CARTESIAN_POINT ( 'NONE',  ( 2.989999999999999800, 0.2887005768508882900, 0.6000000000000000900 ) ) ;
#538 = SURFACE_STYLE_FILL_AREA ( #2925 ) ;
#539 = VECTOR ( 'NONE', #2648, 1000.000000000000000 ) ;
#540 = DIRECTION ( 'NONE',  ( 0.0000000000000000000, 0.0000000000000000000, -1.000000000000000000 ) ) ;
#541 = CARTESIAN_POINT ( 'NONE',  ( 2.799999999999999400, 2.100000000000000100, 0.6000000000000000900 ) ) ;
#542 = LINE ( 'NONE', #19, #3286 ) ;
#543 = STYLED_ITEM ( 'NONE', ( #2246 ), #5531 ) ;
#544 =( GEOMETRIC_REPRESENTATION_CONTEXT ( 3 ) GLOBAL_UNCERTAINTY_ASSIGNED_CONTEXT ( ( #515 ) ) GLOBAL_UNIT_ASSIGNED_CONTEXT ( ( #4945, #1701, #5484 ) ) REPRESENTATION_CONTEXT ( 'NONE', 'WORKASPACE' ) );
#545 = CYLINDRICAL_SURFACE ( 'NONE', #4821, 0.3260323503590206700 ) ;
#546 = SURFACE_STYLE_FILL_AREA ( #846 ) ;
#547 = CARTESIAN_POINT ( 'NONE',  ( 2.779937501871236400, 2.400138902867559900, 0.1700000000000000100 ) ) ;
#548 = VECTOR ( 'NONE', #3812, 1000.000000000000000 ) ;
#549 = DIRECTION ( 'NONE',  ( 0.0000000000000000000, 1.000000000000000000, 0.0000000000000000000 ) ) ;
#550 = CARTESIAN_POINT ( 'NONE',  ( 0.2100000000000001000, 2.100000000000000100, 0.6000000000000000900 ) ) ;
#551 = ORIENTED_EDGE ( 'NONE', *, *, #1718, .F. ) ;
#552 = ORIENTED_EDGE ( 'NONE', *, *, #1171, .T. ) ;
#553 = MECHANICAL_DESIGN_GEOMETRIC_PRESENTATION_REPRESENTATION (  '', ( #6882 ), #921 ) ;
#554 = STYLED_ITEM ( 'NONE', ( #6033 ), #180 ) ;
#555 = LINE ( 'NONE', #3574, #6171 ) ;
#556 = VECTOR ( 'NONE', #2201, 1000.000000000000000 ) ;
#557 = EDGE_CURVE ( 'NONE', #4943, #3051, #2704, .T. ) ;
#558 = CARTESIAN_POINT ( 'NONE',  ( 0.4000000000000001900, 0.1000000000000000100, 0.4800000000000000900 ) ) ;
#559 = SURFACE_STYLE_USAGE ( .BOTH. , #3810 ) ;
#560 = DIRECTION ( 'NONE',  ( 0.0000000000000000000, 1.000000000000000000, 0.0000000000000000000 ) ) ;
#561 = ORIENTED_EDGE ( 'NONE', *, *, #2143, .F. ) ;
#562 = VERTEX_POINT ( 'NONE', #6360 ) ;
#563 = ORIENTED_EDGE ( 'NONE', *, *, #4011, .F. ) ;
#564 = VERTEX_POINT ( 'NONE', #925 ) ;
#565 = MECHANICAL_DESIGN_GEOMETRIC_PRESENTATION_REPRESENTATION (  '', ( #6543 ), #930 ) ;
#566 =( NAMED_UNIT ( * ) SI_UNIT ( $, .STERADIAN. ) SOLID_ANGLE_UNIT ( ) );
#567 = CARTESIAN_POINT ( 'NONE',  ( 0.4200624981287632800, 2.400138902867559900, 0.1700000000000000100 ) ) ;
#568 = VERTEX_POINT ( 'NONE', #3116 ) ;
#569 = VECTOR ( 'NONE', #517, 1000.000000000000000 ) ;
#570 = CARTESIAN_POINT ( 'NONE',  ( 2.779937501871236900, 0.0000000000000000000, 0.0000000000000000000 ) ) ;
#571 = CARTESIAN_POINT ( 'NONE',  ( 3.050000000000000300, 0.4000000000000001900, 0.5400000000000001500 ) ) ;
#572 = SURFACE_SIDE_STYLE ('',( #6611 ) ) ;
#573 = VERTEX_POINT ( 'NONE', #3646 ) ;
#574 = ORIENTED_EDGE ( 'NONE', *, *, #6857, .T. ) ;
#575 = EDGE_CURVE ( 'NONE', #6616, #4552, #1618, .T. ) ;
#576 = SURFACE_SIDE_STYLE ('',( #6914 ) ) ;
#577 = ORIENTED_EDGE ( 'NONE', *, *, #5799, .T. ) ;
#578 = ORIENTED_EDGE ( 'NONE', *, *, #274, .F. ) ;
#579 = PRESENTATION_LAYER_ASSIGNMENT (  '', '', ( #5447 ) ) ;
#580 = CARTESIAN_POINT ( 'NONE',  ( -1.626303258728256700E-016, 0.4200404230269067000, 0.0000000000000000000 ) ) ;
#581 = VECTOR ( 'NONE', #6581, 1000.000000000000000 ) ;
#582 = ADVANCED_FACE ( 'NONE', ( #1437 ), #5897, .F. ) ;
#583 = CARTESIAN_POINT ( 'NONE',  ( 1.119723590466932000, 0.09986109713243990200, 0.0000000000000000000 ) ) ;
#584 = STYLED_ITEM ( 'NONE', ( #2921 ), #6044 ) ;
#585 = PRESENTATION_LAYER_ASSIGNMENT (  '', '', ( #6905 ) ) ;
#586 = VERTEX_POINT ( 'NONE', #2003 ) ;
#587 = UNCERTAINTY_MEASURE_WITH_UNIT (LENGTH_MEASURE( 1.000000000000000100E-005 ), #5294, 'distance_accuracy_value', 'NONE');
#588 = SURFACE_SIDE_STYLE ('',( #713 ) ) ;
#589 = PRESENTATION_STYLE_ASSIGNMENT (( #4061 ) ) ;
#590 = SURFACE_STYLE_USAGE ( .BOTH. , #3834 ) ;
#591 = CARTESIAN_POINT ( 'NONE',  ( 2.080276409533067900, 0.9199523185698689200, 0.0000000000000000000 ) ) ;
#592 = DIRECTION ( 'NONE',  ( -1.000000000000000000, -0.0000000000000000000, 0.0000000000000000000 ) ) ;
#593 = CARTESIAN_POINT ( 'NONE',  ( 2.779937501871236400, 2.500000000000000000, 0.2899999999999999800 ) ) ;
#594 = FILL_AREA_STYLE ('',( #6573 ) ) ;
#595 = CARTESIAN_POINT ( 'NONE',  ( 0.1500000000000000200, 0.4000000000000009700, 0.5079231107168267200 ) ) ;
#596 =( GEOMETRIC_REPRESENTATION_CONTEXT ( 3 ) GLOBAL_UNCERTAINTY_ASSIGNED_CONTEXT ( ( #295 ) ) GLOBAL_UNIT_ASSIGNED_CONTEXT ( ( #3693, #443, #4252 ) ) REPRESENTATION_CONTEXT ( 'NONE', 'WORKASPACE' ) );
#597 = SURFACE_STYLE_USAGE ( .BOTH. , #3845 ) ;
#598 = ORIENTED_EDGE ( 'NONE', *, *, #372, .T. ) ;
#599 = CARTESIAN_POINT ( 'NONE',  ( 2.990000000000000200, 2.100000000000000100, 0.5400000000000001500 ) ) ;
#600 = ORIENTED_EDGE ( 'NONE', *, *, #6084, .F. ) ;
#601 = EDGE_CURVE ( 'NONE', #3913, #2992, #670, .T. ) ;
#602 = SURFACE_SIDE_STYLE ('',( #3479 ) ) ;
#603 = VERTEX_POINT ( 'NONE', #1463 ) ;
#604 = CARTESIAN_POINT ( 'NONE',  ( 3.100000000000000100, 0.4002594298622154100, 0.3525829339632509700 ) ) ;
#605 = UNCERTAINTY_MEASURE_WITH_UNIT (LENGTH_MEASURE( 1.000000000000000100E-005 ), #1803, 'distance_accuracy_value', 'NONE');
#606 = FACE_OUTER_BOUND ( 'NONE', #5171, .T. ) ;
#607 = CARTESIAN_POINT ( 'NONE',  ( 3.059913238209563500, 2.251031606492321000, 0.4800000000000002000 ) ) ;
#608 = PLANE ( 'NONE',  #3062 ) ;
#609 = DIRECTION ( 'NONE',  ( 0.0000000000000000000, 0.0000000000000000000, 1.000000000000000000 ) ) ;
#610 = AXIS2_PLACEMENT_3D ( 'NONE', #2272, #6082, #2819 ) ;
#611 = EDGE_CURVE ( 'NONE', #3059, #1679, #4837, .T. ) ;
#612 = FILL_AREA_STYLE_COLOUR ( '', #3861 ) ;
#613 = EDGE_CURVE ( 'NONE', #4560, #3162, #6458, .T. ) ;
#614 = VECTOR ( 'NONE', #1957, 1000.000000000000000 ) ;
#615 = ADVANCED_FACE ( 'NONE', ( #5173 ), #6321, .F. ) ;
#616 = CARTESIAN_POINT ( 'NONE',  ( 3.100000000000001400, 1.026946100947818900, 0.5000000000000001100 ) ) ;
#617 = ORIENTED_EDGE ( 'NONE', *, *, #5942, .F. ) ;
#618 = FILL_AREA_STYLE ('',( #40 ) ) ;
#619 = CARTESIAN_POINT ( 'NONE',  ( 0.4200624981287633400, 2.400138902867559900, 0.0000000000000000000 ) ) ;
#620 = FILL_AREA_STYLE ('',( #6048 ) ) ;
#621 = VECTOR ( 'NONE', #1197, 1000.000000000000000 ) ;
#622 = PLANE ( 'NONE',  #2445 ) ;
#623 = FILL_AREA_STYLE_COLOUR ( '', #1342 ) ;
#624 = PLANE ( 'NONE',  #3016 ) ;
#625 = FACE_OUTER_BOUND ( 'NONE', #5675, .T. ) ;
#626 = ADVANCED_FACE ( 'NONE', ( #4244 ), #412, .F. ) ;
#627 = CARTESIAN_POINT ( 'NONE',  ( 0.09999075855428361800, 0.4200404230269067000, 0.1700000000000000100 ) ) ;
#628 =( GEOMETRIC_REPRESENTATION_CONTEXT ( 3 ) GLOBAL_UNCERTAINTY_ASSIGNED_CONTEXT ( ( #4744 ) ) GLOBAL_UNIT_ASSIGNED_CONTEXT ( ( #4148, #888, #4688 ) ) REPRESENTATION_CONTEXT ( 'NONE', 'WORKASPACE' ) );
#629 = DIRECTION ( 'NONE',  ( 0.0000000000000000000, -0.0000000000000000000, -1.000000000000000000 ) ) ;
#630 = DIRECTION ( 'NONE',  ( -1.000000000000000000, 0.0000000000000000000, 0.0000000000000000000 ) ) ;
#631 = FILL_AREA_STYLE ('',( #612 ) ) ;
#632 = PRESENTATION_LAYER_ASSIGNMENT (  '', '', ( #267 ) ) ;
#633 = PRESENTATION_STYLE_ASSIGNMENT (( #4842 ) ) ;
#634 = CARTESIAN_POINT ( 'NONE',  ( 3.100009241445716300, -1.626303258728256700E-016, 0.0000000000000000000 ) ) ;
#635 = EDGE_CURVE ( 'NONE', #6447, #1031, #2380, .T. ) ;
#636 = PRESENTATION_STYLE_ASSIGNMENT (( #3691 ) ) ;
#637 =( GEOMETRIC_REPRESENTATION_CONTEXT ( 3 ) GLOBAL_UNCERTAINTY_ASSIGNED_CONTEXT ( ( #863 ) ) GLOBAL_UNIT_ASSIGNED_CONTEXT ( ( #4412, #1146, #4949 ) ) REPRESENTATION_CONTEXT ( 'NONE', 'WORKASPACE' ) );
#638 = FACE_OUTER_BOUND ( 'NONE', #4233, .T. ) ;
#639 = VECTOR ( 'NONE', #3982, 1000.000000000000000 ) ;
#640 = EDGE_LOOP ( 'NONE', ( #3901, #2304, #5572, #1004 ) ) ;
#641 = ORIENTED_EDGE ( 'NONE', *, *, #358, .T. ) ;
#642 = UNCERTAINTY_MEASURE_WITH_UNIT (LENGTH_MEASURE( 1.000000000000000100E-005 ), #6229, 'distance_accuracy_value', 'NONE');
#643 = VECTOR ( 'NONE', #4783, 1000.000000000000000 ) ;
#644 =( LENGTH_UNIT ( ) NAMED_UNIT ( * ) SI_UNIT ( .MILLI., .METRE. ) );
#645 = DIRECTION ( 'NONE',  ( 0.0000000000000000000, -0.0000000000000000000, 1.000000000000000000 ) ) ;
#646 = ADVANCED_FACE ( 'NONE', ( #3310 ), #3661, .F. ) ;
#647 = VECTOR ( 'NONE', #1192, 1000.000000000000000 ) ;
#648 = VERTEX_POINT ( 'NONE', #1686 ) ;
#649 = UNCERTAINTY_MEASURE_WITH_UNIT (LENGTH_MEASURE( 1.000000000000000100E-005 ), #1691, 'distance_accuracy_value', 'NONE');
#650 = VERTEX_POINT ( 'NONE', #570 ) ;
#651 = ORIENTED_EDGE ( 'NONE', *, *, #1196, .F. ) ;
#652 = STYLED_ITEM ( 'NONE', ( #2106 ), #615 ) ;
#653 = ORIENTED_EDGE ( 'NONE', *, *, #1880, .F. ) ;
#654 = EDGE_CURVE ( 'NONE', #3913, #5591, #4441, .T. ) ;
#655 = FACE_OUTER_BOUND ( 'NONE', #5163, .T. ) ;
#656 = PLANE ( 'NONE',  #4350 ) ;
#657 = DIRECTION ( 'NONE',  ( 0.0000000000000000000, 0.0000000000000000000, -1.000000000000000000 ) ) ;
#658 = DIRECTION ( 'NONE',  ( -0.0000000000000000000, -0.0000000000000000000, -1.000000000000000000 ) ) ;
#659 = CARTESIAN_POINT ( 'NONE',  ( 0.03000000000000037700, 2.400138902867559900, 0.1700000000000000100 ) ) ;
#660 = ORIENTED_EDGE ( 'NONE', *, *, #72, .T. ) ;
#661 = ORIENTED_EDGE ( 'NONE', *, *, #1462, .T. ) ;
#662 = COLOUR_RGB ( '',0.01176470588235294100, 0.0000000000000000000, 0.05882352941176470500 ) ;
#663 = SURFACE_STYLE_USAGE ( .BOTH. , #1295 ) ;
#664 =( LENGTH_UNIT ( ) NAMED_UNIT ( * ) SI_UNIT ( .MILLI., .METRE. ) );
#665 = VECTOR ( 'NONE', #240, 1000.000000000000000 ) ;
#666 = CARTESIAN_POINT ( 'NONE',  ( 3.070769560685124900, 2.100000000000000100, 0.5000148110754012400 ) ) ;
#667 = EDGE_CURVE ( 'NONE', #760, #5277, #94, .T. ) ;
#668 = CARTESIAN_POINT ( 'NONE',  ( 2.080276409533067900, 2.400138902867559900, 0.1700000000000000100 ) ) ;
#669 = ORIENTED_EDGE ( 'NONE', *, *, #5660, .T. ) ;
#670 = LINE ( 'NONE', #1996, #6277 ) ;
#671 = DIRECTION ( 'NONE',  ( 0.0000000000000000000, 0.0000000000000000000, -1.000000000000000000 ) ) ;
#672 =( GEOMETRIC_REPRESENTATION_CONTEXT ( 3 ) GLOBAL_UNCERTAINTY_ASSIGNED_CONTEXT ( ( #1478 ) ) GLOBAL_UNIT_ASSIGNED_CONTEXT ( ( #3468, #198, #4001 ) ) REPRESENTATION_CONTEXT ( 'NONE', 'WORKASPACE' ) );
#673 = FILL_AREA_STYLE ('',( #118 ) ) ;
#674 = UNCERTAINTY_MEASURE_WITH_UNIT (LENGTH_MEASURE( 1.000000000000000100E-005 ), #6167, 'distance_accuracy_value', 'NONE');
#675 = PRESENTATION_LAYER_ASSIGNMENT (  '', '', ( #7008 ) ) ;
#676 = MECHANICAL_DESIGN_GEOMETRIC_PRESENTATION_REPRESENTATION (  '', ( #6654 ), #1043 ) ;
#677 = DIRECTION ( 'NONE',  ( 0.0000000000000000000, 0.0000000000000000000, 1.000000000000000000 ) ) ;
#678 = CARTESIAN_POINT ( 'NONE',  ( 1.119723590466932000, 2.400138902867559900, 0.1700000000000000100 ) ) ;
#679 = SURFACE_STYLE_USAGE ( .BOTH. , #3929 ) ;
#680 = CARTESIAN_POINT ( 'NONE',  ( 3.200000000000000200, 0.2999999999999999900, 0.0000000000000000000 ) ) ;
#681 =( LENGTH_UNIT ( ) NAMED_UNIT ( * ) SI_UNIT ( .MILLI., .METRE. ) );
#682 = VERTEX_POINT ( 'NONE', #684 ) ;
#683 = ADVANCED_FACE ( 'NONE', ( #4006 ), #3914, .F. ) ;
#684 = CARTESIAN_POINT ( 'NONE',  ( 0.09999075855428366000, 1.580047681430131000, 0.0000000000000000000 ) ) ;
#685 = CARTESIAN_POINT ( 'NONE',  ( 3.100761356413931100, 2.090126882168023700, 0.4999999999999998900 ) ) ;
#686 = CARTESIAN_POINT ( 'NONE',  ( 3.058702067636009000, 2.099999999999999600, 0.4995501335457741600 ) ) ;
#687 =( GEOMETRIC_REPRESENTATION_CONTEXT ( 3 ) GLOBAL_UNCERTAINTY_ASSIGNED_CONTEXT ( ( #5566 ) ) GLOBAL_UNIT_ASSIGNED_CONTEXT ( ( #1549, #5340, #2075 ) ) REPRESENTATION_CONTEXT ( 'NONE', 'WORKASPACE' ) );
#688 = VERTEX_POINT ( 'NONE', #2725 ) ;
#689 = EDGE_CURVE ( 'NONE', #648, #5229, #6709, .T. ) ;
#690 = CARTESIAN_POINT ( 'NONE',  ( 0.09685234074762993900, 0.4001608950315147000, 0.3358834660201191500 ) ) ;
#691 = CARTESIAN_POINT ( 'NONE',  ( 1.119723590466932000, 0.9199523185698690300, 0.1700000000000000100 ) ) ;
#692 = CARTESIAN_POINT ( 'NONE',  ( 0.09963729403821589000, 0.4052574559641943200, 0.3210660171779820000 ) ) ;
#693 = COLOUR_RGB ( '',0.6470588235294118000, 0.6196078431372549200, 0.5843137254901961100 ) ;
#694 = VERTEX_POINT ( 'NONE', #6799 ) ;
#695 = PRESENTATION_LAYER_ASSIGNMENT (  '', '', ( #7037 ) ) ;
#696 = COLOUR_RGB ( '',0.8274509803921568100, 0.6666666666666666300, 0.1294117647058823400 ) ;
#697 = FILL_AREA_STYLE ('',( #2305 ) ) ;
#698 = DIRECTION ( 'NONE',  ( -1.000000000000000000, 0.0000000000000000000, 0.0000000000000000000 ) ) ;
#699 = CIRCLE ( 'NONE', #498, 0.2500000000000006700 ) ;
#700 = PRESENTATION_STYLE_ASSIGNMENT (( #225 ) ) ;
#701 =( NAMED_UNIT ( * ) SI_UNIT ( $, .STERADIAN. ) SOLID_ANGLE_UNIT ( ) );
#702 =( LENGTH_UNIT ( ) NAMED_UNIT ( * ) SI_UNIT ( .MILLI., .METRE. ) );
#703 = CARTESIAN_POINT ( 'NONE',  ( 2.800000000000000300, 2.290000000000000000, 0.6000000000000000900 ) ) ;
#704 = EDGE_CURVE ( 'NONE', #1984, #323, #2352, .T. ) ;
#705 = CARTESIAN_POINT ( 'NONE',  ( 3.079842557812607400, 2.205779064237683800, 0.4800000000000000900 ) ) ;
#706 = COLOUR_RGB ( '',0.01176470588235294100, 0.0000000000000000000, 0.05882352941176470500 ) ;
#707 = STYLED_ITEM ( 'NONE', ( #3458 ), #3959 ) ;
#708 = VECTOR ( 'NONE', #726, 1000.000000000000000 ) ;
#709 = CARTESIAN_POINT ( 'NONE',  ( 1.119723590466932000, 1.580047681430130700, 0.1700000000000000100 ) ) ;
#710 = CARTESIAN_POINT ( 'NONE',  ( 0.4200624981287628400, 0.09986109713243988800, 0.1700000000000000100 ) ) ;
#711 = SURFACE_STYLE_USAGE ( .BOTH. , #3974 ) ;
#712 = PRESENTATION_LAYER_ASSIGNMENT (  '', '', ( #7060 ) ) ;
#713 = SURFACE_STYLE_FILL_AREA ( #3833 ) ;
#714 = ADVANCED_FACE ( 'NONE', ( #2997 ), #3564, .T. ) ;
#715 = FACE_OUTER_BOUND ( 'NONE', #2724, .T. ) ;
#716 = CARTESIAN_POINT ( 'NONE',  ( 1.119723590466932000, 1.580047681430130700, 0.1700000000000000100 ) ) ;
#718 =( NAMED_UNIT ( * ) SI_UNIT ( $, .STERADIAN. ) SOLID_ANGLE_UNIT ( ) );
#717 = PRESENTATION_LAYER_ASSIGNMENT (  '', '', ( #7069 ) ) ;
#719 = FILL_AREA_STYLE ('',( #3435 ) ) ;
#720 = VECTOR ( 'NONE', #5698, 1000.000000000000000 ) ;
#721 = CARTESIAN_POINT ( 'NONE',  ( 0.1000000000000000100, 0.4000000000000000200, 0.3649999999999999900 ) ) ;
#722 = CARTESIAN_POINT ( 'NONE',  ( 3.169999999999999900, 2.469999999999999800, 0.1700000000000000100 ) ) ;
#723 = ORIENTED_EDGE ( 'NONE', *, *, #2998, .T. ) ;
#724 = ORIENTED_EDGE ( 'NONE', *, *, #6857, .F. ) ;
#725 = CARTESIAN_POINT ( 'NONE',  ( 2.946446609406726300, 2.349999999999999600, 0.5751471862576145200 ) ) ;
#726 = DIRECTION ( 'NONE',  ( 1.000000000000000000, 0.0000000000000000000, 0.0000000000000000000 ) ) ;
#727 = PRESENTATION_LAYER_ASSIGNMENT (  '', '', ( #7071 ) ) ;
#728 = VECTOR ( 'NONE', #4691, 1000.000000000000000 ) ;
#729 = CYLINDRICAL_SURFACE ( 'NONE', #1189, 0.02000000000000005200 ) ;
#730 = VECTOR ( 'NONE', #3049, 1000.000000000000000 ) ;
#731 = CARTESIAN_POINT ( 'NONE',  ( 0.03000000000000037700, 1.580047681430131000, 0.1700000000000000100 ) ) ;
#732 = ORIENTED_EDGE ( 'NONE', *, *, #6211, .F. ) ;
#733 = ORIENTED_EDGE ( 'NONE', *, *, #6992, .F. ) ;
#734 = VERTEX_POINT ( 'NONE', #5510 ) ;
#735 = ORIENTED_EDGE ( 'NONE', *, *, #475, .T. ) ;
#736 = EDGE_CURVE ( 'NONE', #5416, #6349, #3941, .T. ) ;
#737 = UNCERTAINTY_MEASURE_WITH_UNIT (LENGTH_MEASURE( 1.000000000000000100E-005 ), #1096, 'distance_accuracy_value', 'NONE');
#738 = PRESENTATION_STYLE_ASSIGNMENT (( #184 ) ) ;
#739 = FACE_OUTER_BOUND ( 'NONE', #4654, .T. ) ;
#740 =( NAMED_UNIT ( * ) PLANE_ANGLE_UNIT ( ) SI_UNIT ( $, .RADIAN. ) );
#741 = ORIENTED_EDGE ( 'NONE', *, *, #3973, .F. ) ;
#742 = PLANE ( 'NONE',  #3064 ) ;
#743 = EDGE_LOOP ( 'NONE', ( #6050, #4998, #6780, #2263, #1240 ) ) ;
#744 = ORIENTED_EDGE ( 'NONE', *, *, #2901, .T. ) ;
#745 = CARTESIAN_POINT ( 'NONE',  ( 1.119723590466932000, 2.400138902867559900, 0.1700000000000000100 ) ) ;
#746 = PRESENTATION_LAYER_ASSIGNMENT (  '', '', ( #7 ) ) ;
#747 = CARTESIAN_POINT ( 'NONE',  ( 3.080059201909494300, 0.4015377163306956800, 0.5000000000000000000 ) ) ;
#748 = PRESENTATION_LAYER_ASSIGNMENT (  '', '', ( #13 ) ) ;
#749 = EDGE_CURVE ( 'NONE', #3476, #2265, #1055, .T. ) ;
#750 = VERTEX_POINT ( 'NONE', #91 ) ;
#751 = EDGE_LOOP ( 'NONE', ( #144, #6877, #2854, #1956 ) ) ;
#752 =( NAMED_UNIT ( * ) SI_UNIT ( $, .STERADIAN. ) SOLID_ANGLE_UNIT ( ) );
#753 = DIRECTION ( 'NONE',  ( 1.000000000000000000, 0.0000000000000000000, 0.0000000000000000000 ) ) ;
#754 = LINE ( 'NONE', #580, #4923 ) ;
#755 = CARTESIAN_POINT ( 'NONE',  ( -1.626303258728256700E-016, 0.9199523185698689200, 0.0000000000000000000 ) ) ;
#756 = FILL_AREA_STYLE_COLOUR ( '', #2138 ) ;
#757 = VECTOR ( 'NONE', #5335, 1000.000000000000000 ) ;
#758 = DIRECTION ( 'NONE',  ( 1.000000000000000000, 0.0000000000000000000, -0.0000000000000000000 ) ) ;
#759 =( NAMED_UNIT ( * ) SI_UNIT ( $, .STERADIAN. ) SOLID_ANGLE_UNIT ( ) );
#760 = VERTEX_POINT ( 'NONE', #6086 ) ;
#761 = CARTESIAN_POINT ( 'NONE',  ( 0.3727949570424024500, 2.376814024817593300, 0.5000000000000001100 ) ) ;
#762 = FILL_AREA_STYLE ('',( #6179 ) ) ;
#763 = ORIENTED_EDGE ( 'NONE', *, *, #5595, .F. ) ;
#764 =( LENGTH_UNIT ( ) NAMED_UNIT ( * ) SI_UNIT ( .MILLI., .METRE. ) );
#765 = CARTESIAN_POINT ( 'NONE',  ( 2.830621172420408400, 0.1034572577486086600, 0.4800000000000000900 ) ) ;
#766 = ORIENTED_EDGE ( 'NONE', *, *, #1880, .T. ) ;
#767 = CARTESIAN_POINT ( 'NONE',  ( 0.1500000000000005800, 0.2535533905932740300, 0.5400000000000001500 ) ) ;
#768 = AXIS2_PLACEMENT_3D ( 'NONE', #306, #4106, #858 ) ;
#769 = ADVANCED_FACE ( 'NONE', ( #2321 ), #2825, .F. ) ;
#770 = MECHANICAL_DESIGN_GEOMETRIC_PRESENTATION_REPRESENTATION (  '', ( #35 ), #1140 ) ;
#771 = DIRECTION ( 'NONE',  ( -1.000000000000000000, -3.491481338843133400E-015, 0.0000000000000000000 ) ) ;
#772 = VERTEX_POINT ( 'NONE', #3499 ) ;
#773 = CARTESIAN_POINT ( 'NONE',  ( 2.587238102081019600E-017, 2.299999999999999800, 0.2899999999999999800 ) ) ;
#774 = DIRECTION ( 'NONE',  ( -0.0000000000000000000, 0.0000000000000000000, -1.000000000000000000 ) ) ;
#775 =( NAMED_UNIT ( * ) PLANE_ANGLE_UNIT ( ) SI_UNIT ( $, .RADIAN. ) );
#776 = CARTESIAN_POINT ( 'NONE',  ( 2.800000000000000300, 0.1499999999999999100, 0.5200000000000000200 ) ) ;
#777 = VECTOR ( 'NONE', #2236, 1000.000000000000000 ) ;
#778 = STYLED_ITEM ( 'NONE', ( #363 ), #5651 ) ;
#779 = DIRECTION ( 'NONE',  ( 0.0000000000000000000, 1.000000000000000000, 0.0000000000000000000 ) ) ;
#780 = EDGE_LOOP ( 'NONE', ( #2435, #4389, #1497, #4445 ) ) ;
#781 = CARTESIAN_POINT ( 'NONE',  ( 0.1476645410124496300, 2.258609385714333700, 0.5000000000000101000 ) ) ;
#782 = COLOUR_RGB ( '',0.01176470588235294100, 0.0000000000000000000, 0.05882352941176470500 ) ;
#783 = CARTESIAN_POINT ( 'NONE',  ( 3.100009241445716300, 0.02999999999999997100, 0.1700000000000000100 ) ) ;
#784 = ORIENTED_EDGE ( 'NONE', *, *, #97, .T. ) ;
#785 = SURFACE_SIDE_STYLE ('',( #1964 ) ) ;
#786 = PRESENTATION_LAYER_ASSIGNMENT (  '', '', ( #417 ) ) ;
#787 = DIRECTION ( 'NONE',  ( 1.000000000000000000, -0.0000000000000000000, 0.0000000000000000000 ) ) ;
#788 = EDGE_CURVE ( 'NONE', #4091, #5591, #3281, .T. ) ;
#789 = CARTESIAN_POINT ( 'NONE',  ( 2.080276409533067900, 0.09986109713243987400, 0.1700000000000000100 ) ) ;
#790 = PLANE ( 'NONE',  #3586 ) ;
#791 = FACE_OUTER_BOUND ( 'NONE', #2428, .T. ) ;
#792 =( GEOMETRIC_REPRESENTATION_CONTEXT ( 3 ) GLOBAL_UNCERTAINTY_ASSIGNED_CONTEXT ( ( #362 ) ) GLOBAL_UNIT_ASSIGNED_CONTEXT ( ( #2091, #5910, #2627 ) ) REPRESENTATION_CONTEXT ( 'NONE', 'WORKASPACE' ) );
#793 = CARTESIAN_POINT ( 'NONE',  ( 2.720000000000006000, 2.379999999999999900, 0.5000000000000000000 ) ) ;
#794 =( NAMED_UNIT ( * ) PLANE_ANGLE_UNIT ( ) SI_UNIT ( $, .RADIAN. ) );
#795 = FILL_AREA_STYLE_COLOUR ( '', #6583 ) ;
#796 = COLOUR_RGB ( '',0.8274509803921568100, 0.6666666666666666300, 0.1294117647058823400 ) ;
#797 = FILL_AREA_STYLE ('',( #254 ) ) ;
#798 = EDGE_CURVE ( 'NONE', #6616, #760, #1813, .T. ) ;
#799 = LINE ( 'NONE', #1733, #3678 ) ;
#800 = SURFACE_SIDE_STYLE ('',( #2014 ) ) ;
#801 = PRESENTATION_LAYER_ASSIGNMENT (  '', '', ( #77 ) ) ;
#802 = CARTESIAN_POINT ( 'NONE',  ( -1.626303258728256700E-016, -1.626303258728256700E-016, 0.0000000000000000000 ) ) ;
#803 = SURFACE_SIDE_STYLE ('',( #2423 ) ) ;
#804 = CIRCLE ( 'NONE', #996, 0.2000000000000005100 ) ;
#805 = DIRECTION ( 'NONE',  ( -1.000000000000000000, -0.0000000000000000000, 0.0000000000000000000 ) ) ;
#806 = CARTESIAN_POINT ( 'NONE',  ( 0.0000000000000000000, 0.4200404230269067000, 0.0000000000000000000 ) ) ;
#807 = STYLED_ITEM ( 'NONE', ( #6480 ), #6114 ) ;
#808 = FACE_OUTER_BOUND ( 'NONE', #6258, .T. ) ;
#809 = SURFACE_STYLE_USAGE ( .BOTH. , #4072 ) ;
#810 =( GEOMETRIC_REPRESENTATION_CONTEXT ( 3 ) GLOBAL_UNCERTAINTY_ASSIGNED_CONTEXT ( ( #6916 ) ) GLOBAL_UNIT_ASSIGNED_CONTEXT ( ( #441, #4249, #994 ) ) REPRESENTATION_CONTEXT ( 'NONE', 'WORKASPACE' ) );
#811 = DIRECTION ( 'NONE',  ( 0.0000000000000000000, 0.0000000000000000000, -1.000000000000000000 ) ) ;
#812 = VECTOR ( 'NONE', #6930, 1000.000000000000000 ) ;
#813 = LINE ( 'NONE', #721, #639 ) ;
#814 = VERTEX_POINT ( 'NONE', #1629 ) ;
#815 = ORIENTED_EDGE ( 'NONE', *, *, #6692, .T. ) ;
#816 = ADVANCED_FACE ( 'NONE', ( #3102 ), #5881, .T. ) ;
#817 = VECTOR ( 'NONE', #6554, 1000.000000000000000 ) ;
#818 = SURFACE_STYLE_FILL_AREA ( #1586 ) ;
#819 = CARTESIAN_POINT ( 'NONE',  ( 0.4899120622833962900, 2.399999999999999900, 0.5000000000000044400 ) ) ;
#820 = STYLED_ITEM ( 'NONE', ( #1832 ), #5350 ) ;
#821 = DIRECTION ( 'NONE',  ( 0.0000000000000000000, -0.0000000000000000000, -1.000000000000000000 ) ) ;
#822 = VECTOR ( 'NONE', #3355, 1000.000000000000000 ) ;
#823 = FILL_AREA_STYLE ('',( #270 ) ) ;
#824 = DIRECTION ( 'NONE',  ( 1.000000000000000000, 0.0000000000000000000, -0.0000000000000000000 ) ) ;
#825 = ORIENTED_EDGE ( 'NONE', *, *, #4572, .F. ) ;
#826 = PLANE ( 'NONE',  #4882 ) ;
#827 = AXIS2_PLACEMENT_3D ( 'NONE', #5179, #1928, #5737 ) ;
#828 = ORIENTED_EDGE ( 'NONE', *, *, #3131, .T. ) ;
#829 = ORIENTED_EDGE ( 'NONE', *, *, #1324, .T. ) ;
#830 = UNCERTAINTY_MEASURE_WITH_UNIT (LENGTH_MEASURE( 1.000000000000000100E-005 ), #1329, 'distance_accuracy_value', 'NONE');
#831 = DIRECTION ( 'NONE',  ( 0.0000000000000000000, 1.000000000000000000, 0.0000000000000000000 ) ) ;
#832 = CARTESIAN_POINT ( 'NONE',  ( 0.1200314940270346400, 2.099997406540719400, 0.4999999876735851700 ) ) ;
#833 = PRESENTATION_STYLE_ASSIGNMENT (( #4794 ) ) ;
#834 = EDGE_CURVE ( 'NONE', #1031, #4985, #2559, .T. ) ;
#835 = CARTESIAN_POINT ( 'NONE',  ( 0.09923864358606897300, 2.090126882168023700, 0.4999999999999998900 ) ) ;
#836 = ORIENTED_EDGE ( 'NONE', *, *, #6723, .F. ) ;
#837 = ORIENTED_EDGE ( 'NONE', *, *, #1917, .T. ) ;
#838 = SURFACE_STYLE_USAGE ( .BOTH. , #5149 ) ;
#839 = CARTESIAN_POINT ( 'NONE',  ( 0.4000000000000009100, 0.4000000000000009100, 0.5200000000000000200 ) ) ;
#840 = LINE ( 'NONE', #3393, #3714 ) ;
#841 = SURFACE_STYLE_USAGE ( .BOTH. , #4085 ) ;
#842 = PRESENTATION_LAYER_ASSIGNMENT (  '', '', ( #103 ) ) ;
#843 = B_SPLINE_CURVE_WITH_KNOTS ( 'NONE', 3,
 ( #3765, #4374, #6015, #2746 ),
 .UNSPECIFIED., .F., .F.,
 ( 4, 4 ),
 ( 0.0000000000000000000, 1.000000000000000000 ),
 .UNSPECIFIED. ) ;
#844 =( NAMED_UNIT ( * ) SI_UNIT ( $, .STERADIAN. ) SOLID_ANGLE_UNIT ( ) );
#845 = ORIENTED_EDGE ( 'NONE', *, *, #3844, .F. ) ;
#846 = FILL_AREA_STYLE ('',( #5717 ) ) ;
#847 = COLOUR_RGB ( '',0.01176470588235294100, 0.0000000000000000000, 0.05882352941176470500 ) ;
#848 = VECTOR ( 'NONE', #6881, 1000.000000000000000 ) ;
#849 = EDGE_CURVE ( 'NONE', #480, #2853, #6755, .T. ) ;
#850 = CARTESIAN_POINT ( 'NONE',  ( 2.800000000000000300, 2.399999999999999900, 0.5000000000000000000 ) ) ;
#851 = CARTESIAN_POINT ( 'NONE',  ( 3.200000000000000200, 2.079959576973093000, 0.0000000000000000000 ) ) ;
#852 = SURFACE_SIDE_STYLE ('',( #435 ) ) ;
#853 = ADVANCED_FACE ( 'NONE', ( #5286 ), #5996, .F. ) ;
#854 =( NAMED_UNIT ( * ) SI_UNIT ( $, .STERADIAN. ) SOLID_ANGLE_UNIT ( ) );
#855 = ORIENTED_EDGE ( 'NONE', *, *, #6283, .F. ) ;
#856 = FILL_AREA_STYLE ('',( #3565 ) ) ;
#857 = DIRECTION ( 'NONE',  ( 0.0000000000000000000, 0.0000000000000000000, 1.000000000000000000 ) ) ;
#858 = DIRECTION ( 'NONE',  ( 0.0000000000000000000, 0.0000000000000000000, 1.000000000000000000 ) ) ;
#859 = STYLED_ITEM ( 'NONE', ( #5821 ), #4857 ) ;
#860 = PRESENTATION_LAYER_ASSIGNMENT (  '', '', ( #129 ) ) ;
#861 = VECTOR ( 'NONE', #4782, 1000.000000000000000 ) ;
#862 = STYLED_ITEM ( 'NONE', ( #6145 ), #3197 ) ;
#863 = UNCERTAINTY_MEASURE_WITH_UNIT (LENGTH_MEASURE( 1.000000000000000100E-005 ), #4412, 'distance_accuracy_value', 'NONE');
#864 = COLOUR_RGB ( '',0.8274509803921568100, 0.6666666666666666300, 0.1294117647058823400 ) ;
#865 = CARTESIAN_POINT ( 'NONE',  ( 3.100000000000000500, 2.100000000000000500, 0.4800000000000000900 ) ) ;
#866 = FILL_AREA_STYLE_COLOUR ( '', #4093 ) ;
#867 = EDGE_LOOP ( 'NONE', ( #1406, #3711, #5496, #4727 ) ) ;
#868 = SURFACE_STYLE_USAGE ( .BOTH. , #4115 ) ;
#869 = EDGE_CURVE ( 'NONE', #4985, #586, #1897, .T. ) ;
#870 = LINE ( 'NONE', #1303, #3756 ) ;
#871 = LINE ( 'NONE', #4002, #3757 ) ;
#872 = SURFACE_STYLE_USAGE ( .BOTH. , #4125 ) ;
#873 = PRESENTATION_LAYER_ASSIGNMENT (  '', '', ( #148 ) ) ;
#874 = LINE ( 'NONE', #5528, #6493 ) ;
#875 = CARTESIAN_POINT ( 'NONE',  ( 3.098816093618960400, 0.3846473386338426500, 0.4800000000000001500 ) ) ;
#876 = SURFACE_STYLE_USAGE ( .BOTH. , #4132 ) ;
#877 = PRESENTATION_STYLE_ASSIGNMENT (( #2709 ) ) ;
#878 = LINE ( 'NONE', #3900, #2318 ) ;
#879 = PRESENTATION_LAYER_ASSIGNMENT (  '', '', ( #155 ) ) ;
#880 =( LENGTH_UNIT ( ) NAMED_UNIT ( * ) SI_UNIT ( .MILLI., .METRE. ) );
#881 = EDGE_CURVE ( 'NONE', #6349, #4091, #449, .T. ) ;
#882 = B_SPLINE_CURVE_WITH_KNOTS ( 'NONE', 3,
 ( #3838, #4428, #1719, #5506, #2248, #6063 ),
 .UNSPECIFIED., .F., .F.,
 ( 4, 2, 4 ),
 ( 0.0000000000000000000, 0.5000000000000000000, 1.000000000000000000 ),
 .UNSPECIFIED. ) ;
#883 = CARTESIAN_POINT ( 'NONE',  ( 0.1412968281545178300, 2.251544809438146700, 0.4995489630239926500 ) ) ;
#884 = SURFACE_STYLE_FILL_AREA ( #1853 ) ;
#885 = ADVANCED_FACE ( 'NONE', ( #1736 ), #3322, .F. ) ;
#886 = PRESENTATION_STYLE_ASSIGNMENT (( #5349 ) ) ;
#887 = UNCERTAINTY_MEASURE_WITH_UNIT (LENGTH_MEASURE( 1.000000000000000100E-005 ), #644, 'distance_accuracy_value', 'NONE');
#888 =( NAMED_UNIT ( * ) PLANE_ANGLE_UNIT ( ) SI_UNIT ( $, .RADIAN. ) );
#889 = CARTESIAN_POINT ( 'NONE',  ( 0.4000000000000001300, 0.1500000000000000200, 0.5200000000000000200 ) ) ;
#890 = SURFACE_SIDE_STYLE ('',( #4361 ) ) ;
#891 = EDGE_CURVE ( 'NONE', #6014, #6708, #1212, .T. ) ;
#892 =( LENGTH_UNIT ( ) NAMED_UNIT ( * ) SI_UNIT ( .MILLI., .METRE. ) );
#893 = VECTOR ( 'NONE', #774, 1000.000000000000000 ) ;
#894 = ORIENTED_EDGE ( 'NONE', *, *, #3939, .T. ) ;
#895 = ORIENTED_EDGE ( 'NONE', *, *, #7049, .T. ) ;
#896 = VERTEX_POINT ( 'NONE', #591 ) ;
#897 = SURFACE_STYLE_USAGE ( .BOTH. , #4161 ) ;
#898 = CLOSED_SHELL ( 'NONE', ( #470, #465, #5027, #4331 ) ) ;
#899 = ORIENTED_EDGE ( 'NONE', *, *, #1631, .F. ) ;
#900 = ORIENTED_EDGE ( 'NONE', *, *, #1824, .F. ) ;
#901 = CARTESIAN_POINT ( 'NONE',  ( 2.985825511625654500, 2.419854487254848400, 0.2899999999999993100 ) ) ;
#902 =( GEOMETRIC_REPRESENTATION_CONTEXT ( 3 ) GLOBAL_UNCERTAINTY_ASSIGNED_CONTEXT ( ( #6693 ) ) GLOBAL_UNIT_ASSIGNED_CONTEXT ( ( #6671, #3409, #149 ) ) REPRESENTATION_CONTEXT ( 'NONE', 'WORKASPACE' ) );
#903 = DIRECTION ( 'NONE',  ( -0.0000000000000000000, 0.0000000000000000000, 1.000000000000000000 ) ) ;
#904 = STYLED_ITEM ( 'NONE', ( #1301 ), #2807 ) ;
#905 = VECTOR ( 'NONE', #3697, 1000.000000000000000 ) ;
#906 = CARTESIAN_POINT ( 'NONE',  ( 0.2104242677408185700, 0.3474566906771665600, 0.6000000000000002000 ) ) ;
#907 = LINE ( 'NONE', #4932, #2342 ) ;
#908 = ORIENTED_EDGE ( 'NONE', *, *, #3573, .T. ) ;
#909 = ORIENTED_EDGE ( 'NONE', *, *, #2252, .T. ) ;
#910 = ORIENTED_EDGE ( 'NONE', *, *, #5252, .F. ) ;
#911 = LINE ( 'NONE', #4597, #3799 ) ;
#912 = LINE ( 'NONE', #1341, #5420 ) ;
#913 = CARTESIAN_POINT ( 'NONE',  ( 0.2000000000000000100, 0.0000000000000000000, 0.0000000000000000000 ) ) ;
#914 = COLOUR_RGB ( '',0.8274509803921568100, 0.6666666666666666300, 0.1254901960784313700 ) ;
#915 = DIRECTION ( 'NONE',  ( 1.000000000000000000, 0.0000000000000000000, 0.0000000000000000000 ) ) ;
#916 = DIRECTION ( 'NONE',  ( 0.0000000000000000000, 1.000000000000000000, 0.0000000000000000000 ) ) ;
#917 = ORIENTED_EDGE ( 'NONE', *, *, #5218, .T. ) ;
#918 = VERTEX_POINT ( 'NONE', #65 ) ;
#919 = FILL_AREA_STYLE_COLOUR ( '', #997 ) ;
#920 = LINE ( 'NONE', #5986, #6549 ) ;
#921 =( GEOMETRIC_REPRESENTATION_CONTEXT ( 3 ) GLOBAL_UNCERTAINTY_ASSIGNED_CONTEXT ( ( #5287 ) ) GLOBAL_UNIT_ASSIGNED_CONTEXT ( ( #1516, #5868, #2038 ) ) REPRESENTATION_CONTEXT ( 'NONE', 'WORKASPACE' ) );
#922 = CARTESIAN_POINT ( 'NONE',  ( 0.3000000000000000400, 0.0000000000000000000, 0.1700000000000000100 ) ) ;
#923 = PRESENTATION_LAYER_ASSIGNMENT (  '', '', ( #554 ) ) ;
#924 = EDGE_CURVE ( 'NONE', #1488, #4922, #5370, .T. ) ;
#925 = CARTESIAN_POINT ( 'NONE',  ( 0.4200624981287633400, 2.500000000000000000, 0.1700000000000000100 ) ) ;
#926 =( NAMED_UNIT ( * ) SI_UNIT ( $, .STERADIAN. ) SOLID_ANGLE_UNIT ( ) );
#927 = ORIENTED_EDGE ( 'NONE', *, *, #1625, .F. ) ;
#928 = FILL_AREA_STYLE_COLOUR ( '', #864 ) ;
#929 = CARTESIAN_POINT ( 'NONE',  ( 0.4000000000000009100, 0.1500000000000000800, 0.5400000000000001500 ) ) ;
#930 =( GEOMETRIC_REPRESENTATION_CONTEXT ( 3 ) GLOBAL_UNCERTAINTY_ASSIGNED_CONTEXT ( ( #5851 ) ) GLOBAL_UNIT_ASSIGNED_CONTEXT ( ( #197, #3997, #752 ) ) REPRESENTATION_CONTEXT ( 'NONE', 'WORKASPACE' ) );
#931 = CARTESIAN_POINT ( 'NONE',  ( 1.119723590466932000, 0.9199523185698690300, 0.0000000000000000000 ) ) ;
#932 = FILL_AREA_STYLE ('',( #5256 ) ) ;
#933 = EDGE_CURVE ( 'NONE', #405, #6447, #2649, .T. ) ;
#934 = ORIENTED_EDGE ( 'NONE', *, *, #3205, .T. ) ;
#935 = DIRECTION ( 'NONE',  ( 0.0000000000000000000, 0.0000000000000000000, 1.000000000000000000 ) ) ;
#936 = FILL_AREA_STYLE_COLOUR ( '', #5831 ) ;
#937 = MECHANICAL_DESIGN_GEOMETRIC_PRESENTATION_REPRESENTATION (  '', ( #5447 ), #1299 ) ;
#938 = DIRECTION ( 'NONE',  ( 1.000000000000000000, 0.0000000000000000000, -0.0000000000000000000 ) ) ;
#939 = B_SPLINE_CURVE_WITH_KNOTS ( 'NONE', 3,
 ( #409, #1562, #5912, #2630, #6456, #3211, #6998, #3736, #486, #4287 ),
 .UNSPECIFIED., .F., .F.,
 ( 4, 2, 2, 2, 4 ),
 ( 0.0000000000000000000, 0.1000000000000006900, 0.5000000000000003300, 0.8999999999999999100, 1.000000000000000000 ),
 .UNSPECIFIED. ) ;
#940 = CARTESIAN_POINT ( 'NONE',  ( 0.2535533905932737000, 2.350000000000000500, 0.5400000000000001500 ) ) ;
#941 = AXIS2_PLACEMENT_3D ( 'NONE', #4551, #2945, #5121 ) ;
#942 = DIRECTION ( 'NONE',  ( 0.0000000000000000000, 0.0000000000000000000, 1.000000000000000000 ) ) ;
#943 =( LENGTH_UNIT ( ) NAMED_UNIT ( * ) SI_UNIT ( .MILLI., .METRE. ) );
#944 = MECHANICAL_DESIGN_GEOMETRIC_PRESENTATION_REPRESENTATION (  '', ( #6905 ), #1308 ) ;
#945 = ORIENTED_EDGE ( 'NONE', *, *, #459, .F. ) ;
#946 = PLANE ( 'NONE',  #6576 ) ;
#947 = VECTOR ( 'NONE', #4167, 1000.000000000000000 ) ;
#948 = SURFACE_STYLE_USAGE ( .BOTH. , #4201 ) ;
#949 = UNCERTAINTY_MEASURE_WITH_UNIT (LENGTH_MEASURE( 1.000000000000000100E-005 ), #2719, 'distance_accuracy_value', 'NONE');
#950 = CARTESIAN_POINT ( 'NONE',  ( 3.200000000000000200, 2.079959576973093000, 0.0000000000000000000 ) ) ;
#951 = AXIS2_PLACEMENT_3D ( 'NONE', #269, #4076, #821 ) ;
#952 = CYLINDRICAL_SURFACE ( 'NONE', #2766, 0.07499999999999998300 ) ;
#953 = ORIENTED_EDGE ( 'NONE', *, *, #4310, .T. ) ;
#954 = PRESENTATION_STYLE_ASSIGNMENT (( #6747 ) ) ;
#955 = CARTESIAN_POINT ( 'NONE',  ( 0.09685234074764344200, 2.099839104968485200, 0.3358834660201172600 ) ) ;
#956 = DIRECTION ( 'NONE',  ( -1.000000000000000000, 0.0000000000000000000, 0.0000000000000000000 ) ) ;
#957 =( NAMED_UNIT ( * ) PLANE_ANGLE_UNIT ( ) SI_UNIT ( $, .RADIAN. ) );
#958 = SURFACE_SIDE_STYLE ('',( #6943 ) ) ;
#959 = FILL_AREA_STYLE ('',( #936 ) ) ;
#960 = EDGE_CURVE ( 'NONE', #2095, #2891, #2468, .T. ) ;
#961 = DIRECTION ( 'NONE',  ( 0.0000000000000000000, 0.0000000000000000000, 1.000000000000000000 ) ) ;
#962 = PRESENTATION_STYLE_ASSIGNMENT (( #3292 ) ) ;
#963 = FILL_AREA_STYLE ('',( #3144 ) ) ;
#964 = CARTESIAN_POINT ( 'NONE',  ( 0.02500000000000001200, 2.102737965005744500, 0.2899999999999999800 ) ) ;
#965 = CARTESIAN_POINT ( 'NONE',  ( 0.3727949570424060100, 0.1231859751824065000, 0.5000000000000001100 ) ) ;
#966 = AXIS2_PLACEMENT_3D ( 'NONE', #4858, #1617, #5394 ) ;
#967 = DIRECTION ( 'NONE',  ( -1.000000000000000000, 0.0000000000000000000, 0.0000000000000000000 ) ) ;
#968 = DIRECTION ( 'NONE',  ( 0.0000000000000000000, 0.0000000000000000000, -1.000000000000000000 ) ) ;
#969 = STYLED_ITEM ( 'NONE', ( #2313 ), #1012 ) ;
#970 =( NAMED_UNIT ( * ) PLANE_ANGLE_UNIT ( ) SI_UNIT ( $, .RADIAN. ) );
#971 = VECTOR ( 'NONE', #3101, 1000.000000000000000 ) ;
#972 = EDGE_CURVE ( 'NONE', #5397, #6349, #5551, .T. ) ;
#973 = CARTESIAN_POINT ( 'NONE',  ( 3.119854487254929400, 0.2141744883756091500, 0.2899999999999999800 ) ) ;
#974 = EDGE_CURVE ( 'NONE', #4505, #4410, #6670, .T. ) ;
#975 = SURFACE_STYLE_USAGE ( .BOTH. , #4234 ) ;
#976 = PRESENTATION_STYLE_ASSIGNMENT (( #6079 ) ) ;
#977 = ORIENTED_EDGE ( 'NONE', *, *, #2493, .T. ) ;
#978 =( NAMED_UNIT ( * ) PLANE_ANGLE_UNIT ( ) SI_UNIT ( $, .RADIAN. ) );
#979 = CARTESIAN_POINT ( 'NONE',  ( 0.3693788275795958900, 0.1034572577486076600, 0.4800000000000000900 ) ) ;
#980 = DIRECTION ( 'NONE',  ( -0.0000000000000000000, -0.0000000000000000000, -1.000000000000000000 ) ) ;
#981 = ORIENTED_EDGE ( 'NONE', *, *, #6578, .F. ) ;
#982 = ORIENTED_EDGE ( 'NONE', *, *, #2633, .F. ) ;
#983 = VECTOR ( 'NONE', #2189, 1000.000000000000000 ) ;
#984 = COLOUR_RGB ( '',0.6470588235294118000, 0.6196078431372549200, 0.5843137254901961100 ) ;
#985 = CYLINDRICAL_SURFACE ( 'NONE', #5058, 0.2500000000000006700 ) ;
#986 = CARTESIAN_POINT ( 'NONE',  ( 2.389931833186331300, 1.580047681430131000, 0.1700000000000000100 ) ) ;
#987 = CARTESIAN_POINT ( 'NONE',  ( 0.09999999999999996400, 0.4000000000000000200, 0.4800000000000000900 ) ) ;
#988 = ORIENTED_EDGE ( 'NONE', *, *, #3558, .T. ) ;
#989 = CARTESIAN_POINT ( 'NONE',  ( 0.0000000000000000000, 2.200000000000000200, 0.1700000000000000100 ) ) ;
#990 = ORIENTED_EDGE ( 'NONE', *, *, #15, .T. ) ;
#991 = EDGE_LOOP ( 'NONE', ( #5709, #600, #6009, #138, #3382, #6524, #4223, #825, #899, #4056, #4353 ) ) ;
#992 = VERTEX_POINT ( 'NONE', #4987 ) ;
#993 = FILL_AREA_STYLE_COLOUR ( '', #4421 ) ;
#994 =( NAMED_UNIT ( * ) SI_UNIT ( $, .STERADIAN. ) SOLID_ANGLE_UNIT ( ) );
#995 = COLOUR_RGB ( '',0.8274509803921568100, 0.6666666666666666300, 0.1294117647058823400 ) ;
#996 = AXIS2_PLACEMENT_3D ( 'NONE', #2639, #6462, #3221 ) ;
#997 = COLOUR_RGB ( '',0.01176470588235294100, 0.0000000000000000000, 0.05882352941176470500 ) ;
#998 = VECTOR ( 'NONE', #2594, 1000.000000000000000 ) ;
#999 = SURFACE_SIDE_STYLE ('',( #5160 ) ) ;
#1000 = PRESENTATION_LAYER_ASSIGNMENT (  '', '', ( #265 ) ) ;
#1001 = CARTESIAN_POINT ( 'NONE',  ( 2.779937501871236400, 2.500000000000000000, 0.0000000000000000000 ) ) ;
#1002 = MECHANICAL_DESIGN_GEOMETRIC_PRESENTATION_REPRESENTATION (  '', ( #267 ), #1357 ) ;
#1003 = EDGE_LOOP ( 'NONE', ( #1009, #6341, #4758, #2818 ) ) ;
#1004 = ORIENTED_EDGE ( 'NONE', *, *, #5576, .T. ) ;
#1005 = CARTESIAN_POINT ( 'NONE',  ( 2.080276409533067900, 0.9199523185698690300, 0.1700000000000000100 ) ) ;
#1006 = EDGE_CURVE ( 'NONE', #1259, #1126, #874, .T. ) ;
#1007 =( NAMED_UNIT ( * ) PLANE_ANGLE_UNIT ( ) SI_UNIT ( $, .RADIAN. ) );
#1008 = PRESENTATION_LAYER_ASSIGNMENT (  '', '', ( #1365 ) ) ;
#1009 = ORIENTED_EDGE ( 'NONE', *, *, #1767, .F. ) ;
#1010 =( NAMED_UNIT ( * ) SI_UNIT ( $, .STERADIAN. ) SOLID_ANGLE_UNIT ( ) );
#1011 = PLANE ( 'NONE',  #1884 ) ;
#1012 = ADVANCED_FACE ( 'NONE', ( #6827 ), #4464, .F. ) ;
#1013 = DIRECTION ( 'NONE',  ( 1.000000000000000000, 0.0000000000000000000, -0.0000000000000000000 ) ) ;
#1014 =( NAMED_UNIT ( * ) SI_UNIT ( $, .STERADIAN. ) SOLID_ANGLE_UNIT ( ) );
#1015 = VECTOR ( 'NONE', #2516, 1000.000000000000000 ) ;
#1016 = SURFACE_STYLE_USAGE ( .BOTH. , #4268 ) ;
#1017 = ORIENTED_EDGE ( 'NONE', *, *, #5109, .T. ) ;
#1018 = DIRECTION ( 'NONE',  ( -0.0000000000000000000, -1.000000000000000000, 0.0000000000000000000 ) ) ;
#1019 = CARTESIAN_POINT ( 'NONE',  ( 0.4098731178240239700, 2.400761356413560100, 0.5000000000000002200 ) ) ;
#1020 = CARTESIAN_POINT ( 'NONE',  ( 3.100000000000000100, 2.100000000000000100, 0.3649999999999999900 ) ) ;
#1021 = FILL_AREA_STYLE_COLOUR ( '', #2064 ) ;
#1022 = AXIS2_PLACEMENT_3D ( 'NONE', #5305, #6353, #2540 ) ;
#1023 = EDGE_CURVE ( 'NONE', #6427, #6781, #5990, .T. ) ;
#1024 = DIRECTION ( 'NONE',  ( 0.0000000000000000000, 0.0000000000000000000, 1.000000000000000000 ) ) ;
#1025 = CARTESIAN_POINT ( 'NONE',  ( 2.994426580903603700, 2.288180748514550900, 0.5000030481415291800 ) ) ;
#1026 = B_SPLINE_CURVE_WITH_KNOTS ( 'NONE', 3,
 ( #4738, #5863, #3161, #6950, #3679, #432, #4241, #979, #4780, #1533 ),
 .UNSPECIFIED., .F., .F.,
 ( 4, 2, 2, 2, 4 ),
 ( 0.0000000000000000000, 0.1000000000000000100, 0.5000000000000003300, 0.9000000000000005800, 1.000000000000000000 ),
 .UNSPECIFIED. ) ;
#1027 = FILL_AREA_STYLE ('',( #6446 ) ) ;
#1028 = DIRECTION ( 'NONE',  ( 0.0000000000000000000, 0.0000000000000000000, -1.000000000000000000 ) ) ;
#1029 = EDGE_CURVE ( 'NONE', #564, #323, #353, .T. ) ;
#1030 = FILL_AREA_STYLE_COLOUR ( '', #7054 ) ;
#1031 = VERTEX_POINT ( 'NONE', #2311 ) ;
#1032 = CARTESIAN_POINT ( 'NONE',  ( 3.167200910856239100, 0.2960209342662080100, 0.2900000000000000400 ) ) ;
#1033 = DIRECTION ( 'NONE',  ( 0.0000000000000000000, 0.0000000000000000000, 1.000000000000000000 ) ) ;
#1034 = CARTESIAN_POINT ( 'NONE',  ( 2.080276409533067900, 0.9199523185698690300, 0.0000000000000000000 ) ) ;
#1035 = DIRECTION ( 'NONE',  ( 1.000000000000000000, 0.0000000000000000000, 0.0000000000000000000 ) ) ;
#1036 = ORIENTED_EDGE ( 'NONE', *, *, #4400, .F. ) ;
#1037 = VECTOR ( 'NONE', #3680, 1000.000000000000000 ) ;
#1038 = CARTESIAN_POINT ( 'NONE',  ( 0.2325212498603782500, 2.389847783205591500, 0.3649999999999999900 ) ) ;
#1039 = ORIENTED_EDGE ( 'NONE', *, *, #4697, .F. ) ;
#1040 = SURFACE_SIDE_STYLE ('',( #2249 ) ) ;
#1041 = MECHANICAL_DESIGN_GEOMETRIC_PRESENTATION_REPRESENTATION (  '', ( #7008 ), #1398 ) ;
#1042 = CARTESIAN_POINT ( 'NONE',  ( 0.1199999999999998800, 0.4566666666666678900, 0.5000000000000001100 ) ) ;
#1043 =( GEOMETRIC_REPRESENTATION_CONTEXT ( 3 ) GLOBAL_UNCERTAINTY_ASSIGNED_CONTEXT ( ( #3154 ) ) GLOBAL_UNIT_ASSIGNED_CONTEXT ( ( #4988, #1735, #5529 ) ) REPRESENTATION_CONTEXT ( 'NONE', 'WORKASPACE' ) );
#1044 =( BOUNDED_SURFACE ( )  B_SPLINE_SURFACE ( 3, 3, ( 
 ( #3578, #5786, #2501, #6308 ),
 ( #3077, #6869, #3600, #347 ),
 ( #4163, #901, #4701, #1450 ),
 ( #5251, #1976, #5804, #2529 ) ),
 .UNSPECIFIED., .F., .F., .F. ) 
 B_SPLINE_SURFACE_WITH_KNOTS ( ( 4, 4 ),
 ( 4, 4 ),
 ( 0.0000000000000000000, 1.000000000000000000 ),
 ( 0.0000000000000000000, 1.000000000000000000 ),
 .UNSPECIFIED. ) 
 GEOMETRIC_REPRESENTATION_ITEM ( )  RATIONAL_B_SPLINE_SURFACE ( (
 ( 1.000000000000000000, 0.8325095390974216500, 0.8325095390974216500, 1.000000000000000000),
 ( 0.8047378541243608300, 0.6699519400313197500, 0.6699519400313197500, 0.8047378541243608300),
 ( 0.8047378541243608300, 0.6699519400313197500, 0.6699519400313197500, 0.8047378541243608300),
 ( 1.000000000000000000, 0.8325095390974216500, 0.8325095390974216500, 1.000000000000000000) ) ) 
 REPRESENTATION_ITEM ( '' )  SURFACE ( )  );
#1045 = ADVANCED_FACE ( 'NONE', ( #190 ), #6716, .T. ) ;
#1046 = CARTESIAN_POINT ( 'NONE',  ( 0.4200624981287632800, 2.400138902867559900, 0.1700000000000000100 ) ) ;
#1047 = COLOUR_RGB ( '',0.01176470588235294100, 0.0000000000000000000, 0.05882352941176470500 ) ;
#1048 = CARTESIAN_POINT ( 'NONE',  ( -1.626303258728256700E-016, 0.09986109713243988800, 0.0000000000000000000 ) ) ;
#1049 = PLANE ( 'NONE',  #3677 ) ;
#1050 = VECTOR ( 'NONE', #6609, 1000.000000000000000 ) ;
#1051 = PRESENTATION_LAYER_ASSIGNMENT (  '', '', ( #314 ) ) ;
#1052 = FACE_OUTER_BOUND ( 'NONE', #1120, .T. ) ;
#1053 = PRESENTATION_LAYER_ASSIGNMENT (  '', '', ( #1415 ) ) ;
#1054 =( LENGTH_UNIT ( ) NAMED_UNIT ( * ) SI_UNIT ( .MILLI., .METRE. ) );
#1055 = LINE ( 'NONE', #5145, #6675 ) ;
#1056 = CARTESIAN_POINT ( 'NONE',  ( 0.3243988213386771500, 0.1261898631561421100, 0.5000000000000000000 ) ) ;
#1057 = DIRECTION ( 'NONE',  ( 1.000000000000000000, 0.0000000000000000000, 0.0000000000000000000 ) ) ;
#1058 = CARTESIAN_POINT ( 'NONE',  ( 0.0000000000000000000, 0.2999999999999999900, 0.1700000000000000100 ) ) ;
#1059 = CARTESIAN_POINT ( 'NONE',  ( 3.100009241445716300, 1.580047681430131000, 0.1700000000000000100 ) ) ;
#1060 = EDGE_CURVE ( 'NONE', #5591, #2971, #3846, .T. ) ;
#1061 = VECTOR ( 'NONE', #5345, 1000.000000000000000 ) ;
#1062 = LINE ( 'NONE', #6551, #2658 ) ;
#1063 = SURFACE_STYLE_USAGE ( .BOTH. , #4323 ) ;
#1064 = FILL_AREA_STYLE ('',( #508 ) ) ;
#1065 = FILL_AREA_STYLE_COLOUR ( '', #6847 ) ;
#1066 = MECHANICAL_DESIGN_GEOMETRIC_PRESENTATION_REPRESENTATION (  '', ( #7037 ), #1432 ) ;
#1067 = CARTESIAN_POINT ( 'NONE',  ( 0.1000000000000000100, 1.476666666666667200, 0.4800000000000000900 ) ) ;
#1068 = CARTESIAN_POINT ( 'NONE',  ( 3.100009241445716300, 0.4200404230269067000, 0.0000000000000000000 ) ) ;
#1069 = FACE_OUTER_BOUND ( 'NONE', #3893, .T. ) ;
#1070 = VERTEX_POINT ( 'NONE', #6681 ) ;
#1071 = EDGE_LOOP ( 'NONE', ( #5763, #6947, #2638, #2073, #1338, #2217, #5497, #5233 ) ) ;
#1072 = CARTESIAN_POINT ( 'NONE',  ( 2.800000000000000300, 0.2099999999999999900, 0.6000000000000002000 ) ) ;
#1073 = PLANE ( 'NONE',  #5741 ) ;
#1074 = EDGE_CURVE ( 'NONE', #5005, #7024, #5279, .T. ) ;
#1075 = DIRECTION ( 'NONE',  ( 1.000000000000000000, 0.0000000000000000000, -0.0000000000000000000 ) ) ;
#1076 = ORIENTED_EDGE ( 'NONE', *, *, #1720, .T. ) ;
#1077 = ORIENTED_EDGE ( 'NONE', *, *, #4452, .T. ) ;
#1078 = ORIENTED_EDGE ( 'NONE', *, *, #1631, .T. ) ;
#1079 = VERTEX_POINT ( 'NONE', #1848 ) ;
#1080 = ORIENTED_EDGE ( 'NONE', *, *, #3348, .T. ) ;
#1081 = DIRECTION ( 'NONE',  ( 1.000000000000000000, 3.369016658928397800E-015, 0.0000000000000000000 ) ) ;
#1082 = ADVANCED_FACE ( 'NONE', ( #2392 ), #1292, .F. ) ;
#1083 = SURFACE_STYLE_USAGE ( .BOTH. , #4342 ) ;
#1084 = LINE ( 'NONE', #5953, #6701 ) ;
#1085 =( LENGTH_UNIT ( ) NAMED_UNIT ( * ) SI_UNIT ( .MILLI., .METRE. ) );
#1086 = ORIENTED_EDGE ( 'NONE', *, *, #613, .F. ) ;
#1087 = ORIENTED_EDGE ( 'NONE', *, *, #4668, .T. ) ;
#1088 = STYLED_ITEM ( 'NONE', ( #3521 ), #5939 ) ;
#1089 = MECHANICAL_DESIGN_GEOMETRIC_PRESENTATION_REPRESENTATION (  '', ( #7060 ), #1447 ) ;
#1090 = CARTESIAN_POINT ( 'NONE',  ( 2.800000000000000300, 0.1199999999999998800, 0.5000000000000000000 ) ) ;
#1091 = VECTOR ( 'NONE', #2999, 1000.000000000000000 ) ;
#1092 = DIRECTION ( 'NONE',  ( -0.0000000000000000000, -0.0000000000000000000, 1.000000000000000000 ) ) ;
#1093 = CARTESIAN_POINT ( 'NONE',  ( 2.994426580903603700, 2.288180748514550900, 0.5000030481415291800 ) ) ;
#1094 = PRESENTATION_STYLE_ASSIGNMENT (( #2359 ) ) ;
#1095 = VECTOR ( 'NONE', #4616, 1000.000000000000000 ) ;
#1096 =( LENGTH_UNIT ( ) NAMED_UNIT ( * ) SI_UNIT ( .MILLI., .METRE. ) );
#1097 = DIRECTION ( 'NONE',  ( 0.0000000000000000000, 1.000000000000000000, 0.0000000000000000000 ) ) ;
#1098 = ORIENTED_EDGE ( 'NONE', *, *, #4849, .T. ) ;
#1099 = ORIENTED_EDGE ( 'NONE', *, *, #4452, .F. ) ;
#1100 = MECHANICAL_DESIGN_GEOMETRIC_PRESENTATION_REPRESENTATION (  '', ( #7069 ), #1453 ) ;
#1101 = CARTESIAN_POINT ( 'NONE',  ( 2.800000000000000700, 0.1748528137423857300, 0.5999999999999999800 ) ) ;
#1102 =( GEOMETRIC_REPRESENTATION_CONTEXT ( 3 ) GLOBAL_UNCERTAINTY_ASSIGNED_CONTEXT ( ( #6371 ) ) GLOBAL_UNIT_ASSIGNED_CONTEXT ( ( #2062, #4266, #1014 ) ) REPRESENTATION_CONTEXT ( 'NONE', 'WORKASPACE' ) );
#1103 = CARTESIAN_POINT ( 'NONE',  ( 0.0000000000000000000, 0.2999999999999999900, 0.0000000000000000000 ) ) ;
#1104 = MECHANICAL_DESIGN_GEOMETRIC_PRESENTATION_REPRESENTATION (  '', ( #7071 ), #1456 ) ;
#1105 = DIRECTION ( 'NONE',  ( 0.0000000000000000000, 0.0000000000000000000, 1.000000000000000000 ) ) ;
#1106 = ORIENTED_EDGE ( 'NONE', *, *, #5810, .F. ) ;
#1107 = EDGE_CURVE ( 'NONE', #2891, #6336, #439, .T. ) ;
#1108 = DIRECTION ( 'NONE',  ( 0.0000000000000000000, 0.0000000000000000000, -1.000000000000000000 ) ) ;
#1109 = CARTESIAN_POINT ( 'NONE',  ( 3.100000000000000100, 0.4000000000000001900, 0.3649999999999999900 ) ) ;
#1110 = MECHANICAL_DESIGN_GEOMETRIC_PRESENTATION_REPRESENTATION (  '', ( #7 ), #1470 ) ;
#1111 = ORIENTED_EDGE ( 'NONE', *, *, #3894, .T. ) ;
#1112 = CARTESIAN_POINT ( 'NONE',  ( 0.5600000000000000500, 0.1000000000000000100, 0.4800000000000000900 ) ) ;
#1113 = UNCERTAINTY_MEASURE_WITH_UNIT (LENGTH_MEASURE( 1.000000000000000100E-005 ), #2705, 'distance_accuracy_value', 'NONE');
#1114 =( NAMED_UNIT ( * ) PLANE_ANGLE_UNIT ( ) SI_UNIT ( $, .RADIAN. ) );
#1115 = DIRECTION ( 'NONE',  ( -5.782411586589358800E-015, -1.000000000000000000, 5.782411586589358800E-015 ) ) ;
#1116 = MECHANICAL_DESIGN_GEOMETRIC_PRESENTATION_REPRESENTATION (  '', ( #13 ), #1475 ) ;
#1117 = EDGE_CURVE ( 'NONE', #1679, #6928, #4618, .T. ) ;
#1118 = CARTESIAN_POINT ( 'NONE',  ( 2.080276409533067900, 1.879883371806615900, 0.1700000000000000100 ) ) ;
#1119 = DIRECTION ( 'NONE',  ( 0.0000000000000000000, 0.0000000000000000000, -1.000000000000000000 ) ) ;
#1120 = EDGE_LOOP ( 'NONE', ( #3700, #3132, #953, #724 ) ) ;
#1121 = ADVANCED_FACE ( 'NONE', ( #5895 ), #3518, .F. ) ;
#1122 = CARTESIAN_POINT ( 'NONE',  ( 1.119723590466932000, 0.9199523185698690300, 0.1700000000000000100 ) ) ;
#1123 =( LENGTH_UNIT ( ) NAMED_UNIT ( * ) SI_UNIT ( .MILLI., .METRE. ) );
#1124 =( LENGTH_UNIT ( ) NAMED_UNIT ( * ) SI_UNIT ( .MILLI., .METRE. ) );
#1125 = SURFACE_STYLE_FILL_AREA ( #6409 ) ;
#1126 = VERTEX_POINT ( 'NONE', #5645 ) ;
#1127 = FILL_AREA_STYLE ('',( #24 ) ) ;
#1128 = DIRECTION ( 'NONE',  ( 1.000000000000000000, -0.0000000000000000000, -0.0000000000000000000 ) ) ;
#1129 = DIRECTION ( 'NONE',  ( 0.0000000000000000000, 1.000000000000000000, 0.0000000000000000000 ) ) ;
#1130 = ORIENTED_EDGE ( 'NONE', *, *, #654, .F. ) ;
#1131 = COLOUR_RGB ( '',0.8274509803921568100, 0.6666666666666666300, 0.1294117647058823400 ) ;
#1132 = UNCERTAINTY_MEASURE_WITH_UNIT (LENGTH_MEASURE( 1.000000000000000100E-005 ), #943, 'distance_accuracy_value', 'NONE');
#1133 = FILL_AREA_STYLE_COLOUR ( '', #4960 ) ;
#1134 = SURFACE_SIDE_STYLE ('',( #291 ) ) ;
#1135 =( LENGTH_UNIT ( ) NAMED_UNIT ( * ) SI_UNIT ( .MILLI., .METRE. ) );
#1136 = PRESENTATION_STYLE_ASSIGNMENT (( #4973 ) ) ;
#1137 =( NAMED_UNIT ( * ) PLANE_ANGLE_UNIT ( ) SI_UNIT ( $, .RADIAN. ) );
#1138 = AXIS2_PLACEMENT_3D ( 'NONE', #1380, #5181, #1929 ) ;
#1139 = SURFACE_SIDE_STYLE ('',( #6073 ) ) ;
#1140 =( GEOMETRIC_REPRESENTATION_CONTEXT ( 3 ) GLOBAL_UNCERTAINTY_ASSIGNED_CONTEXT ( ( #1349 ) ) GLOBAL_UNIT_ASSIGNED_CONTEXT ( ( #1054, #4852, #1612 ) ) REPRESENTATION_CONTEXT ( 'NONE', 'WORKASPACE' ) );
#1141 = SURFACE_STYLE_FILL_AREA ( #2721 ) ;
#1142 = CARTESIAN_POINT ( 'NONE',  ( 3.079999999999999600, 2.043333333333333400, 0.5000000000000000000 ) ) ;
#1143 = SURFACE_STYLE_USAGE ( .BOTH. , #4408 ) ;
#1144 = FACE_OUTER_BOUND ( 'NONE', #4827, .T. ) ;
#1145 = CARTESIAN_POINT ( 'NONE',  ( 0.2535533905932737000, 0.1500000000000005200, 0.5079231107168266100 ) ) ;
#1146 =( NAMED_UNIT ( * ) PLANE_ANGLE_UNIT ( ) SI_UNIT ( $, .RADIAN. ) );
#1147 = FACE_OUTER_BOUND ( 'NONE', #5405, .T. ) ;
#1148 = AXIS2_PLACEMENT_3D ( 'NONE', #5903, #2079, #1028 ) ;
#1149 = LINE ( 'NONE', #4402, #2566 ) ;
#1150 = CARTESIAN_POINT ( 'NONE',  ( 0.09999075855428361800, 2.079959576973093000, 0.1700000000000000100 ) ) ;
#1151 = LINE ( 'NONE', #6605, #4203 ) ;
#1152 =( LENGTH_UNIT ( ) NAMED_UNIT ( * ) SI_UNIT ( .MILLI., .METRE. ) );
#1153 = CARTESIAN_POINT ( 'NONE',  ( 2.080276409533067900, 1.879883371806615900, 0.0000000000000000000 ) ) ;
#1154 = ADVANCED_FACE ( 'NONE', ( #1210 ), #826, .F. ) ;
#1155 = ORIENTED_EDGE ( 'NONE', *, *, #2110, .F. ) ;
#1156 = AXIS2_PLACEMENT_3D ( 'NONE', #2595, #3140, #4123 ) ;
#1157 = LINE ( 'NONE', #2286, #6771 ) ;
#1158 = EDGE_CURVE ( 'NONE', #6189, #6427, #6297, .T. ) ;
#1159 = DIRECTION ( 'NONE',  ( 0.0000000000000000000, 1.000000000000000000, 0.0000000000000000000 ) ) ;
#1160 = FILL_AREA_STYLE_COLOUR ( '', #2757 ) ;
#1161 = DIRECTION ( 'NONE',  ( -1.000000000000000000, -0.0000000000000000000, 0.0000000000000000000 ) ) ;
#1162 = EDGE_LOOP ( 'NONE', ( #1185, #3753, #3554, #168 ) ) ;
#1163 = ORIENTED_EDGE ( 'NONE', *, *, #4282, .F. ) ;
#1164 = DIRECTION ( 'NONE',  ( 0.0000000000000000000, 1.000000000000000000, -0.0000000000000000000 ) ) ;
#1165 = PRESENTATION_STYLE_ASSIGNMENT (( #4612 ) ) ;
#1166 = SURFACE_STYLE_USAGE ( .BOTH. , #4430 ) ;
#1167 = EDGE_LOOP ( 'NONE', ( #6513, #3881, #4083, #733 ) ) ;
#1168 = DIRECTION ( 'NONE',  ( -5.339892110068788300E-005, -0.9999999985742775700, 0.0000000000000000000 ) ) ;
#1169 = VERTEX_POINT ( 'NONE', #4653 ) ;
#1170 = VERTEX_POINT ( 'NONE', #5188 ) ;
#1171 = EDGE_CURVE ( 'NONE', #2506, #5005, #1959, .T. ) ;
#1172 = SURFACE_STYLE_USAGE ( .BOTH. , #4432 ) ;
#1173 = ADVANCED_FACE ( 'NONE', ( #3427 ), #273, .F. ) ;
#1174 = VECTOR ( 'NONE', #2330, 1000.000000000000000 ) ;
#1175 = SURFACE_SIDE_STYLE ('',( #2555 ) ) ;
#1176 = ORIENTED_EDGE ( 'NONE', *, *, #635, .F. ) ;
#1177 = VERTEX_POINT ( 'NONE', #5746 ) ;
#1178 = UNCERTAINTY_MEASURE_WITH_UNIT (LENGTH_MEASURE( 1.000000000000000100E-005 ), #1085, 'distance_accuracy_value', 'NONE');
#1179 = MECHANICAL_DESIGN_GEOMETRIC_PRESENTATION_REPRESENTATION (  '', ( #77 ), #1538 ) ;
#1180 = CARTESIAN_POINT ( 'NONE',  ( 0.0000000000000000000, 0.2999999999999999900, 0.1700000000000000100 ) ) ;
#1181 = CARTESIAN_POINT ( 'NONE',  ( 2.800000000000000300, 0.1000000000000001900, 0.3649999999999999900 ) ) ;
#1182 = VECTOR ( 'NONE', #2982, 1000.000000000000000 ) ;
#1183 = PRESENTATION_STYLE_ASSIGNMENT (( #4016 ) ) ;
#1184 = AXIS2_PLACEMENT_3D ( 'NONE', #6851, #3588, #334 ) ;
#1185 = ORIENTED_EDGE ( 'NONE', *, *, #1611, .T. ) ;
#1186 = SURFACE_SIDE_STYLE ('',( #2240 ) ) ;
#1187 = CARTESIAN_POINT ( 'NONE',  ( 3.043199298673819900, 0.2592704457726267000, 0.5000000000000000000 ) ) ;
#1188 = SURFACE_STYLE_USAGE ( .BOTH. , #4447 ) ;
#1189 = AXIS2_PLACEMENT_3D ( 'NONE', #3264, #2689, #2162 ) ;
#1190 = ADVANCED_FACE ( 'NONE', ( #1464 ), #5117, .T. ) ;
#1191 = CARTESIAN_POINT ( 'NONE',  ( 3.100000000000000500, 2.100000000000000100, 0.4800000000000000900 ) ) ;
#1192 = DIRECTION ( 'NONE',  ( 0.0000000000000000000, 1.000000000000000000, 0.0000000000000000000 ) ) ;
#1193 = CARTESIAN_POINT ( 'NONE',  ( 2.897680387237270900, 0.2293244958548505700, 0.6000000000000002000 ) ) ;
#1194 = AXIS2_PLACEMENT_3D ( 'NONE', #4040, #4595, #262 ) ;
#1195 = FILL_AREA_STYLE_COLOUR ( '', #706 ) ;
#1196 = EDGE_CURVE ( 'NONE', #568, #6585, #3836, .T. ) ;
#1197 = DIRECTION ( 'NONE',  ( -0.7184060015747271200, 0.6956240485358546900, 0.0000000000000000000 ) ) ;
#1198 =( NAMED_UNIT ( * ) SI_UNIT ( $, .STERADIAN. ) SOLID_ANGLE_UNIT ( ) );
#1199 = ORIENTED_EDGE ( 'NONE', *, *, #3690, .F. ) ;
#1200 = MECHANICAL_DESIGN_GEOMETRIC_PRESENTATION_REPRESENTATION (  '', ( #103 ), #1570 ) ;
#1201 = CARTESIAN_POINT ( 'NONE',  ( 2.779937501871236900, 0.09986109713243988800, 0.0000000000000000000 ) ) ;
#1202 = ORIENTED_EDGE ( 'NONE', *, *, #1674, .T. ) ;
#1203 = FILL_AREA_STYLE ('',( #6078 ) ) ;
#1204 = ORIENTED_EDGE ( 'NONE', *, *, #5377, .T. ) ;
#1205 = EDGE_CURVE ( 'NONE', #650, #6016, #2386, .T. ) ;
#1206 = UNCERTAINTY_MEASURE_WITH_UNIT (LENGTH_MEASURE( 1.000000000000000100E-005 ), #3217, 'distance_accuracy_value', 'NONE');
#1207 = SURFACE_SIDE_STYLE ('',( #5711 ) ) ;
#1208 = ORIENTED_EDGE ( 'NONE', *, *, #6239, .F. ) ;
#1209 =( NAMED_UNIT ( * ) SI_UNIT ( $, .STERADIAN. ) SOLID_ANGLE_UNIT ( ) );
#1210 = FACE_OUTER_BOUND ( 'NONE', #5582, .T. ) ;
#1211 = CIRCLE ( 'NONE', #2288, 0.2700000000000003000 ) ;
#1212 = LINE ( 'NONE', #4427, #4099 ) ;
#1213 = SURFACE_STYLE_USAGE ( .BOTH. , #4479 ) ;
#1214 = ADVANCED_FACE ( 'NONE', ( #3662 ), #4446, .F. ) ;
#1215 = FACE_OUTER_BOUND ( 'NONE', #1598, .T. ) ;
#1216 = DIRECTION ( 'NONE',  ( -0.0000000000000000000, -1.000000000000000000, 0.0000000000000000000 ) ) ;
#1217 = AXIS2_PLACEMENT_3D ( 'NONE', #4917, #6565, #2222 ) ;
#1218 = CARTESIAN_POINT ( 'NONE',  ( 2.389931833186331700, 1.580047681430130700, 0.0000000000000000000 ) ) ;
#1219 =( NAMED_UNIT ( * ) PLANE_ANGLE_UNIT ( ) SI_UNIT ( $, .RADIAN. ) );
#1220 = LINE ( 'NONE', #6660, #5382 ) ;
#1221 = LINE ( 'NONE', #6970, #2656 ) ;
#1222 =( NAMED_UNIT ( * ) SI_UNIT ( $, .STERADIAN. ) SOLID_ANGLE_UNIT ( ) );
#1223 = PRESENTATION_LAYER_ASSIGNMENT (  '', '', ( #862 ) ) ;
#1224 = PRESENTATION_STYLE_ASSIGNMENT (( #4937 ) ) ;
#1225 = SURFACE_STYLE_FILL_AREA ( #5436 ) ;
#1226 = CARTESIAN_POINT ( 'NONE',  ( 3.099999999999999200, 1.696566974200812700, 0.4999999999999877300 ) ) ;
#1227 = CARTESIAN_POINT ( 'NONE',  ( 3.098246862283063200, 2.120822220047792400, 0.5000000000000050000 ) ) ;
#1228 = EDGE_CURVE ( 'NONE', #6427, #568, #3174, .T. ) ;
#1229 = VECTOR ( 'NONE', #5379, 1000.000000000000000 ) ;
#1230 = VECTOR ( 'NONE', #4042, 1000.000000000000000 ) ;
#1231 = VECTOR ( 'NONE', #510, 1000.000000000000000 ) ;
#1232 = EDGE_LOOP ( 'NONE', ( #5859, #2337, #384, #4906, #1630, #4317, #2389, #2299 ) ) ;
#1233 = CARTESIAN_POINT ( 'NONE',  ( 0.1000000000000000100, 0.4000000000000003000, 0.3649999999999999900 ) ) ;
#1234 = MECHANICAL_DESIGN_GEOMETRIC_PRESENTATION_REPRESENTATION (  '', ( #148 ), #1619 ) ;
#1235 = COLOUR_RGB ( '',0.01176470588235294100, 0.0000000000000000000, 0.05882352941176470500 ) ;
#1236 = DIRECTION ( 'NONE',  ( 0.0000000000000000000, 0.0000000000000000000, -1.000000000000000000 ) ) ;
#1237 = CARTESIAN_POINT ( 'NONE',  ( 0.2141744883756111200, 0.08014551274507017400, 0.2899999999999999800 ) ) ;
#1238 = ORIENTED_EDGE ( 'NONE', *, *, #2698, .T. ) ;
#1239 = ORIENTED_EDGE ( 'NONE', *, *, #2633, .T. ) ;
#1240 = ORIENTED_EDGE ( 'NONE', *, *, #6590, .T. ) ;
#1241 = MECHANICAL_DESIGN_GEOMETRIC_PRESENTATION_REPRESENTATION (  '', ( #155 ), #1624 ) ;
#1242 = EDGE_LOOP ( 'NONE', ( #6426, #2496, #5873, #3262 ) ) ;
#1243 = EDGE_CURVE ( 'NONE', #6447, #215, #1725, .T. ) ;
#1244 = CYLINDRICAL_SURFACE ( 'NONE', #4732, 0.07499999999999953900 ) ;
#1245 = SURFACE_STYLE_USAGE ( .BOTH. , #4509 ) ;
#1246 = DIRECTION ( 'NONE',  ( -1.000000000000000000, -0.0000000000000000000, 0.0000000000000000000 ) ) ;
#1247 = ORIENTED_EDGE ( 'NONE', *, *, #4989, .T. ) ;
#1248 = SURFACE_SIDE_STYLE ('',( #5664 ) ) ;
#1249 = CARTESIAN_POINT ( 'NONE',  ( 2.080276409533067900, 1.879883371806615900, 0.1700000000000000100 ) ) ;
#1250 =( NAMED_UNIT ( * ) SI_UNIT ( $, .STERADIAN. ) SOLID_ANGLE_UNIT ( ) );
#1251 = SURFACE_SIDE_STYLE ('',( #6834 ) ) ;
#1252 = ORIENTED_EDGE ( 'NONE', *, *, #4433, .T. ) ;
#1253 = ORIENTED_EDGE ( 'NONE', *, *, #1841, .F. ) ;
#1254 = ADVANCED_FACE ( 'NONE', ( #98 ), #1460, .F. ) ;
#1255 = CARTESIAN_POINT ( 'NONE',  ( 2.961919769664044000, 2.349025075037838800, 0.4800000000000000900 ) ) ;
#1256 = CIRCLE ( 'NONE', #1557, 0.2500000000000006700 ) ;
#1257 = EDGE_CURVE ( 'NONE', #5005, #5029, #5191, .T. ) ;
#1258 = ORIENTED_EDGE ( 'NONE', *, *, #6449, .T. ) ;
#1259 = VERTEX_POINT ( 'NONE', #3164 ) ;
#1260 =( BOUNDED_SURFACE ( )  B_SPLINE_SURFACE ( 2, 3, ( 
 ( #5082, #4010, #761, #4556, #1296, #5108, #1854, #5650, #2385, #6202 ),
 ( #2954, #6752, #3501, #233, #4034, #781, #4591, #1320, #6443, #835 ),
 ( #4635, #1370, #5174, #1918, #5732, #2452, #6264, #3026, #6815, #3561 ) ),
 .UNSPECIFIED., .F., .F., .F. ) 
 B_SPLINE_SURFACE_WITH_KNOTS ( ( 3, 3 ),
 ( 4, 2, 2, 2, 4 ),
 ( 0.0000000000000000000, 1.000000000000000000 ),
 ( 4.789350749977612200, 4.931038028738518300, 5.497787143782138000, 6.064536258825757600, 6.206223537586662800 ),
 .UNSPECIFIED. ) 
 GEOMETRIC_REPRESENTATION_ITEM ( )  RATIONAL_B_SPLINE_SURFACE ( (
 ( 1.000000000000000000, 1.000000000000000000, 1.000000000000000000, 1.000000000000000000, 1.000000000000000000, 1.000000000000000000, 1.000000000000000000, 1.000000000000000000, 1.000000000000000000, 1.000000000000000000),
 ( 0.6336872742246416600, 0.6336396591911619400, 0.6338126996667219300, 0.6424644424069223500, 0.7071067811867927100, 0.7071067811863004400, 0.6424644424071718200, 0.6338126996666637600, 0.6336396591911994700, 0.6336872742246432200),
 ( 1.000000000000000000, 1.000000000000000000, 1.000000000000000000, 1.000000000000000000, 1.000000000000000000, 1.000000000000000000, 1.000000000000000000, 1.000000000000000000, 1.000000000000000000, 1.000000000000000000) ) ) 
 REPRESENTATION_ITEM ( '' )  SURFACE ( )  );
#1261 = FILL_AREA_STYLE_COLOUR ( '', #984 ) ;
#1262 = VECTOR ( 'NONE', #4198, 1000.000000000000000 ) ;
#1263 = DIRECTION ( 'NONE',  ( 0.0000000000000000000, 0.0000000000000000000, -1.000000000000000000 ) ) ;
#1264 =( NAMED_UNIT ( * ) PLANE_ANGLE_UNIT ( ) SI_UNIT ( $, .RADIAN. ) );
#1265 = ORIENTED_EDGE ( 'NONE', *, *, #3927, .F. ) ;
#1266 = CARTESIAN_POINT ( 'NONE',  ( 2.800000000000000300, 0.1000000000000000100, 0.3649999999999999900 ) ) ;
#1267 = CARTESIAN_POINT ( 'NONE',  ( 0.2124905980351155800, 2.295076617752148900, 0.5000031419414986400 ) ) ;
#1268 = DIRECTION ( 'NONE',  ( 1.000000000000000000, 0.0000000000000000000, -0.0000000000000000000 ) ) ;
#1269 = ORIENTED_EDGE ( 'NONE', *, *, #4657, .T. ) ;
#1270 = SURFACE_STYLE_USAGE ( .BOTH. , #4530 ) ;
#1271 = DIRECTION ( 'NONE',  ( 0.0000000000000000000, 0.0000000000000000000, -1.000000000000000000 ) ) ;
#1272 = FILL_AREA_STYLE_COLOUR ( '', #2833 ) ;
#1273 = CARTESIAN_POINT ( 'NONE',  ( 3.050000000000000300, 2.100000000000000100, 0.5400000000000001500 ) ) ;
#1274 = DIRECTION ( 'NONE',  ( -0.0000000000000000000, -1.000000000000000000, -0.0000000000000000000 ) ) ;
#1275 = PRESENTATION_LAYER_ASSIGNMENT (  '', '', ( #543 ) ) ;
#1276 = VERTEX_POINT ( 'NONE', #2575 ) ;
#1277 = STYLED_ITEM ( 'NONE', ( #6944 ), #3869 ) ;
#1278 = ORIENTED_EDGE ( 'NONE', *, *, #321, .T. ) ;
#1279 = LINE ( 'NONE', #2140, #6891 ) ;
#1280 = MECHANICAL_DESIGN_GEOMETRIC_PRESENTATION_REPRESENTATION (  '', ( #554 ), #1660 ) ;
#1281 = DIRECTION ( 'NONE',  ( 0.0000000000000000000, -0.0000000000000000000, -1.000000000000000000 ) ) ;
#1282 = EDGE_CURVE ( 'NONE', #2598, #6696, #2300, .T. ) ;
#1283 = CARTESIAN_POINT ( 'NONE',  ( 2.805512629022965900, 0.09995611466156588400, 0.4999999999999982200 ) ) ;
#1284 = CARTESIAN_POINT ( 'NONE',  ( 0.2887005768508882400, 0.2100000000000004600, 0.6000000000000000900 ) ) ;
#1285 = ADVANCED_FACE ( 'NONE', ( #2459 ), #5321, .T. ) ;
#1286 = VERTEX_POINT ( 'NONE', #6394 ) ;
#1287 = CARTESIAN_POINT ( 'NONE',  ( 0.09999075855428361800, 2.079959576973093000, 0.0000000000000000000 ) ) ;
#1288 = DIRECTION ( 'NONE',  ( 0.9999999992850419100, 3.781423362040943600E-005, 0.0000000000000000000 ) ) ;
#1289 = VECTOR ( 'NONE', #1899, 1000.000000000000000 ) ;
#1290 = DIRECTION ( 'NONE',  ( 0.0000000000000000000, 1.000000000000000000, 0.0000000000000000000 ) ) ;
#1291 = VERTEX_POINT ( 'NONE', #1561 ) ;
#1292 = PLANE ( 'NONE',  #506 ) ;
#1293 = CARTESIAN_POINT ( 'NONE',  ( 2.958613136371541300, 0.1292304393148762100, 0.5000148110754012400 ) ) ;
#1294 = EDGE_CURVE ( 'NONE', #1170, #3879, #337, .T. ) ;
#1295 = SURFACE_SIDE_STYLE ('',( #884 ) ) ;
#1296 = CARTESIAN_POINT ( 'NONE',  ( 0.2495506891988314400, 2.332211262653265800, 0.4999999999999997800 ) ) ;
#1297 = CIRCLE ( 'NONE', #4859, 0.2500000000000008300 ) ;
#1298 = COLOUR_RGB ( '',0.8274509803921568100, 0.6666666666666666300, 0.1294117647058823400 ) ;
#1299 =( GEOMETRIC_REPRESENTATION_CONTEXT ( 3 ) GLOBAL_UNCERTAINTY_ASSIGNED_CONTEXT ( ( #1981 ) ) GLOBAL_UNIT_ASSIGNED_CONTEXT ( ( #2100, #5919, #2640 ) ) REPRESENTATION_CONTEXT ( 'NONE', 'WORKASPACE' ) );
#1300 = SURFACE_STYLE_USAGE ( .BOTH. , #4563 ) ;
#1301 = PRESENTATION_STYLE_ASSIGNMENT (( #430 ) ) ;
#1302 = LINE ( 'NONE', #5981, #4030 ) ;
#1303 = CARTESIAN_POINT ( 'NONE',  ( 3.100009241445716300, 2.079959576973093000, 0.1700000000000000100 ) ) ;
#1304 =( NAMED_UNIT ( * ) SI_UNIT ( $, .STERADIAN. ) SOLID_ANGLE_UNIT ( ) );
#1305 = MECHANICAL_DESIGN_GEOMETRIC_PRESENTATION_REPRESENTATION (  '', ( #584 ), #1690 ) ;
#1306 = LINE ( 'NONE', #5864, #2934 ) ;
#1307 = CARTESIAN_POINT ( 'NONE',  ( 2.961919769664046200, 0.1509749249621630500, 0.4800000000000000900 ) ) ;
#1308 =( GEOMETRIC_REPRESENTATION_CONTEXT ( 3 ) GLOBAL_UNCERTAINTY_ASSIGNED_CONTEXT ( ( #3649 ) ) GLOBAL_UNIT_ASSIGNED_CONTEXT ( ( #4679, #1428, #5216 ) ) REPRESENTATION_CONTEXT ( 'NONE', 'WORKASPACE' ) );
#1309 = CARTESIAN_POINT ( 'NONE',  ( 0.3999999999999998600, 0.1499999999999999700, 0.5400000000000001500 ) ) ;
#1310 = FACE_OUTER_BOUND ( 'NONE', #6388, .T. ) ;
#1311 = FACE_OUTER_BOUND ( 'NONE', #5846, .T. ) ;
#1312 = STYLED_ITEM ( 'NONE', ( #2777 ), #5064 ) ;
#1313 = COLOUR_RGB ( '',0.8274509803921568100, 0.6666666666666666300, 0.1254901960784313700 ) ;
#1314 = ORIENTED_EDGE ( 'NONE', *, *, #5839, .F. ) ;
#1315 = VERTEX_POINT ( 'NONE', #3210 ) ;
#1316 = DIRECTION ( 'NONE',  ( 2.126443591017727700E-016, 1.000000000000000000, -0.0000000000000000000 ) ) ;
#1317 = CARTESIAN_POINT ( 'NONE',  ( 3.049999999999999800, 0.2535533905932744200, 0.5200000000000000200 ) ) ;
#1318 = STYLED_ITEM ( 'NONE', ( #431 ), #3403 ) ;
#1319 =( NAMED_UNIT ( * ) PLANE_ANGLE_UNIT ( ) SI_UNIT ( $, .RADIAN. ) );
#1320 = CARTESIAN_POINT ( 'NONE',  ( 0.1017531377169396100, 2.120822220047793700, 0.5000000000000025500 ) ) ;
#1321 = FACE_OUTER_BOUND ( 'NONE', #296, .T. ) ;
#1322 = VERTEX_POINT ( 'NONE', #2629 ) ;
#1323 = ORIENTED_EDGE ( 'NONE', *, *, #2328, .F. ) ;
#1324 = EDGE_CURVE ( 'NONE', #6189, #6585, #5978, .T. ) ;
#1325 = VECTOR ( 'NONE', #2016, 1000.000000000000000 ) ;
#1326 = CARTESIAN_POINT ( 'NONE',  ( 2.799839104968485000, 0.09685234074764040300, 0.3358834660201137600 ) ) ;
#1327 = FACE_OUTER_BOUND ( 'NONE', #3005, .T. ) ;
#1328 = VERTEX_POINT ( 'NONE', #3735 ) ;
#1329 =( LENGTH_UNIT ( ) NAMED_UNIT ( * ) SI_UNIT ( .MILLI., .METRE. ) );
#1330 = ORIENTED_EDGE ( 'NONE', *, *, #284, .F. ) ;
#1331 = VERTEX_POINT ( 'NONE', #4286 ) ;
#1332 = AXIS2_PLACEMENT_3D ( 'NONE', #456, #4265, #1013 ) ;
#1333 = DIRECTION ( 'NONE',  ( -0.7184060015747271200, 0.6956240485358546900, 0.0000000000000000000 ) ) ;
#1334 = COLOUR_RGB ( '',0.8274509803921568100, 0.6666666666666666300, 0.1294117647058823400 ) ;
#1335 = CARTESIAN_POINT ( 'NONE',  ( 0.02500000000000018500, 0.3972620349942541100, 0.2899999999999999800 ) ) ;
#1336 = PRESENTATION_LAYER_ASSIGNMENT (  '', '', ( #969 ) ) ;
#1337 = EDGE_CURVE ( 'NONE', #918, #6663, #1801, .T. ) ;
#1338 = ORIENTED_EDGE ( 'NONE', *, *, #1257, .F. ) ;
#1339 = EDGE_CURVE ( 'NONE', #4044, #6183, #4519, .T. ) ;
#1340 = CARTESIAN_POINT ( 'NONE',  ( 1.920000000000052300, 2.379999999999999900, 0.5000000000000000000 ) ) ;
#1341 = CARTESIAN_POINT ( 'NONE',  ( 3.200000000000000200, 0.2000000000000000100, 0.1700000000000000100 ) ) ;
#1342 = COLOUR_RGB ( '',0.01176470588235294100, 0.0000000000000000000, 0.05882352941176470500 ) ;
#1343 = UNCERTAINTY_MEASURE_WITH_UNIT (LENGTH_MEASURE( 1.000000000000000100E-005 ), #16, 'distance_accuracy_value', 'NONE');
#1344 = DIRECTION ( 'NONE',  ( 1.000000000000000000, -0.0000000000000000000, 0.0000000000000000000 ) ) ;
#1345 = FILL_AREA_STYLE ('',( #2400 ) ) ;
#1346 = FACE_OUTER_BOUND ( 'NONE', #173, .T. ) ;
#1347 = SURFACE_STYLE_USAGE ( .BOTH. , #4608 ) ;
#1348 = ORIENTED_EDGE ( 'NONE', *, *, #3078, .F. ) ;
#1349 = UNCERTAINTY_MEASURE_WITH_UNIT (LENGTH_MEASURE( 1.000000000000000100E-005 ), #1054, 'distance_accuracy_value', 'NONE');
#1350 = DIRECTION ( 'NONE',  ( 0.0000000000000000000, 1.000000000000000000, 0.0000000000000000000 ) ) ;
#1351 = CARTESIAN_POINT ( 'NONE',  ( -1.626303258728256700E-016, 2.079959576973093000, 0.0000000000000000000 ) ) ;
#1352 =( LENGTH_UNIT ( ) NAMED_UNIT ( * ) SI_UNIT ( .MILLI., .METRE. ) );
#1353 = FILL_AREA_STYLE_COLOUR ( '', #5464 ) ;
#1354 = CARTESIAN_POINT ( 'NONE',  ( 0.1299999999999999800, 0.4000000000000000200, 0.5000000000000000000 ) ) ;
#1355 =( NAMED_UNIT ( * ) PLANE_ANGLE_UNIT ( ) SI_UNIT ( $, .RADIAN. ) );
#1356 = DIRECTION ( 'NONE',  ( 1.000000000000000000, 0.0000000000000000000, -0.0000000000000000000 ) ) ;
#1357 =( GEOMETRIC_REPRESENTATION_CONTEXT ( 3 ) GLOBAL_UNCERTAINTY_ASSIGNED_CONTEXT ( ( #4620 ) ) GLOBAL_UNIT_ASSIGNED_CONTEXT ( ( #1726, #5520, #2258 ) ) REPRESENTATION_CONTEXT ( 'NONE', 'WORKASPACE' ) );
#1358 = CARTESIAN_POINT ( 'NONE',  ( 2.800000000000000300, 2.399999999999999900, 0.4800000000000000900 ) ) ;
#1359 = ORIENTED_EDGE ( 'NONE', *, *, #3751, .F. ) ;
#1360 = CARTESIAN_POINT ( 'NONE',  ( 3.200000000000000200, 2.299999999999999800, 0.1700000000000000100 ) ) ;
#1361 = SURFACE_STYLE_USAGE ( .BOTH. , #4628 ) ;
#1362 = DIRECTION ( 'NONE',  ( -0.9999999999237442200, 1.234955623882116400E-005, 0.0000000000000000000 ) ) ;
#1363 = SURFACE_SIDE_STYLE ('',( #2642 ) ) ;
#1364 = EDGE_CURVE ( 'NONE', #1712, #650, #1636, .T. ) ;
#1365 = STYLED_ITEM ( 'NONE', ( #5554 ), #5757 ) ;
#1366 = CARTESIAN_POINT ( 'NONE',  ( 0.4200624981287632800, -1.626303258728256700E-016, 0.0000000000000000000 ) ) ;
#1367 = ORIENTED_EDGE ( 'NONE', *, *, #849, .F. ) ;
#1368 = DIRECTION ( 'NONE',  ( 1.000000000000000000, 0.0000000000000000000, 0.0000000000000000000 ) ) ;
#1369 = ORIENTED_EDGE ( 'NONE', *, *, #6135, .T. ) ;
#1370 = CARTESIAN_POINT ( 'NONE',  ( 0.3846473386338429300, 2.398816093618959800, 0.4800000000000000900 ) ) ;
#1371 = FILL_AREA_STYLE_COLOUR ( '', #4575 ) ;
#1372 = DIRECTION ( 'NONE',  ( -1.000000000000000000, 0.0000000000000000000, 0.0000000000000000000 ) ) ;
#1373 = FACE_OUTER_BOUND ( 'NONE', #5001, .T. ) ;
#1374 = PRESENTATION_STYLE_ASSIGNMENT (( #1952 ) ) ;
#1375 = EDGE_LOOP ( 'NONE', ( #67, #5505, #217, #5943 ) ) ;
#1376 =( NAMED_UNIT ( * ) PLANE_ANGLE_UNIT ( ) SI_UNIT ( $, .RADIAN. ) );
#1377 = PRESENTATION_LAYER_ASSIGNMENT (  '', '', ( #652 ) ) ;
#1378 = EDGE_CURVE ( 'NONE', #4903, #3903, #2908, .T. ) ;
#1379 = B_SPLINE_CURVE_WITH_KNOTS ( 'NONE', 3,
 ( #6302, #340, #2494, #5783, #1955, #5214, #1427, #4678, #875, #4131 ),
 .UNSPECIFIED., .F., .F.,
 ( 4, 2, 2, 2, 4 ),
 ( 0.0000000000000000000, 0.1000000000000000900, 0.5000000000000001100, 0.8999999999999999100, 1.000000000000000000 ),
 .UNSPECIFIED. ) ;
#1380 = CARTESIAN_POINT ( 'NONE',  ( 2.800000000000000300, 2.350000000000000100, 0.6000000000000000900 ) ) ;
#1381 = SURFACE_STYLE_USAGE ( .BOTH. , #4642 ) ;
#1382 = PRESENTATION_STYLE_ASSIGNMENT (( #2887 ) ) ;
#1383 = FACE_OUTER_BOUND ( 'NONE', #1950, .T. ) ;
#1384 = VECTOR ( 'NONE', #1216, 1000.000000000000000 ) ;
#1385 = UNCERTAINTY_MEASURE_WITH_UNIT (LENGTH_MEASURE( 1.000000000000000100E-005 ), #4775, 'distance_accuracy_value', 'NONE');
#1386 = DIRECTION ( 'NONE',  ( 1.000000000000000000, -0.0000000000000000000, 0.0000000000000000000 ) ) ;
#1387 =( LENGTH_UNIT ( ) NAMED_UNIT ( * ) SI_UNIT ( .MILLI., .METRE. ) );
#1388 = CYLINDRICAL_SURFACE ( 'NONE', #1743, 0.3260323503590205600 ) ;
#1389 = UNCERTAINTY_MEASURE_WITH_UNIT (LENGTH_MEASURE( 1.000000000000000100E-005 ), #1731, 'distance_accuracy_value', 'NONE');
#1390 = EDGE_CURVE ( 'NONE', #6448, #6746, #6, .T. ) ;
#1391 = FILL_AREA_STYLE_COLOUR ( '', #4902 ) ;
#1392 = AXIS2_PLACEMENT_3D ( 'NONE', #1866, #5671, #2399 ) ;
#1393 = FACE_OUTER_BOUND ( 'NONE', #4855, .T. ) ;
#1394 = CARTESIAN_POINT ( 'NONE',  ( 3.200000000000000200, 0.4200404230269067000, 0.1700000000000000100 ) ) ;
#1395 = VECTOR ( 'NONE', #1623, 1000.000000000000000 ) ;
#1396 = CARTESIAN_POINT ( 'NONE',  ( 2.080276409533067900, 0.9199523185698690300, 0.0000000000000000000 ) ) ;
#1397 = FILL_AREA_STYLE ('',( #2472 ) ) ;
#1398 =( GEOMETRIC_REPRESENTATION_CONTEXT ( 3 ) GLOBAL_UNCERTAINTY_ASSIGNED_CONTEXT ( ( #3422 ) ) GLOBAL_UNIT_ASSIGNED_CONTEXT ( ( #3777, #523, #4340 ) ) REPRESENTATION_CONTEXT ( 'NONE', 'WORKASPACE' ) );
#1399 = LINE ( 'NONE', #2644, #5564 ) ;
#1400 = SURFACE_STYLE_FILL_AREA ( #1882 ) ;
#1401 = SURFACE_SIDE_STYLE ('',( #4060 ) ) ;
#1402 = SURFACE_SIDE_STYLE ('',( #1485 ) ) ;
#1403 = VECTOR ( 'NONE', #2121, 1000.000000000000000 ) ;
#1404 = VECTOR ( 'NONE', #3493, 1000.000000000000000 ) ;
#1405 = EDGE_LOOP ( 'NONE', ( #4652, #2183, #5705, #6874 ) ) ;
#1406 = ORIENTED_EDGE ( 'NONE', *, *, #5799, .F. ) ;
#1407 = SURFACE_STYLE_FILL_AREA ( #5012 ) ;
#1408 = LINE ( 'NONE', #4318, #4130 ) ;
#1409 = UNCERTAINTY_MEASURE_WITH_UNIT (LENGTH_MEASURE( 1.000000000000000100E-005 ), #5774, 'distance_accuracy_value', 'NONE');
#1410 = COLOUR_RGB ( '',0.8274509803921568100, 0.6666666666666666300, 0.1254901960784313700 ) ;
#1411 = FILL_AREA_STYLE ('',( #866 ) ) ;
#1412 = ORIENTED_EDGE ( 'NONE', *, *, #499, .T. ) ;
#1413 =( NAMED_UNIT ( * ) PLANE_ANGLE_UNIT ( ) SI_UNIT ( $, .RADIAN. ) );
#1414 = CARTESIAN_POINT ( 'NONE',  ( 2.799999999999999800, 2.358702067636008900, 0.4995501335457741600 ) ) ;
#1415 = STYLED_ITEM ( 'NONE', ( #3048 ), #3779 ) ;
#1416 = ORIENTED_EDGE ( 'NONE', *, *, #1228, .T. ) ;
#1417 = EDGE_LOOP ( 'NONE', ( #1036, #3074, #6697, #4997, #1039, #4473, #3712, #2295 ) ) ;
#1418 = VECTOR ( 'NONE', #4704, 1000.000000000000000 ) ;
#1419 = VECTOR ( 'NONE', #2687, 1000.000000000000000 ) ;
#1420 = VERTEX_POINT ( 'NONE', #5964 ) ;
#1421 = EDGE_CURVE ( 'NONE', #127, #6607, #1279, .T. ) ;
#1422 = ADVANCED_FACE ( 'NONE', ( #5625 ), #3780, .F. ) ;
#1423 =( NAMED_UNIT ( * ) PLANE_ANGLE_UNIT ( ) SI_UNIT ( $, .RADIAN. ) );
#1424 = VERTEX_POINT ( 'NONE', #6501 ) ;
#1425 = ORIENTED_EDGE ( 'NONE', *, *, #3531, .F. ) ;
#1426 = EDGE_CURVE ( 'NONE', #1079, #3913, #5387, .T. ) ;
#1427 = CARTESIAN_POINT ( 'NONE',  ( 3.079842557812611400, 0.2942209357623294400, 0.4800000000000001500 ) ) ;
#1428 =( NAMED_UNIT ( * ) PLANE_ANGLE_UNIT ( ) SI_UNIT ( $, .RADIAN. ) );
#1429 = CARTESIAN_POINT ( 'NONE',  ( 1.119723590466932000, 0.09986109713243987400, 0.1700000000000000100 ) ) ;
#1430 = VECTOR ( 'NONE', #2440, 1000.000000000000000 ) ;
#1431 =( NAMED_UNIT ( * ) SI_UNIT ( $, .STERADIAN. ) SOLID_ANGLE_UNIT ( ) );
#1432 =( GEOMETRIC_REPRESENTATION_CONTEXT ( 3 ) GLOBAL_UNCERTAINTY_ASSIGNED_CONTEXT ( ( #1389 ) ) GLOBAL_UNIT_ASSIGNED_CONTEXT ( ( #1731, #5525, #2268 ) ) REPRESENTATION_CONTEXT ( 'NONE', 'WORKASPACE' ) );
#1433 = B_SPLINE_CURVE_WITH_KNOTS ( 'NONE', 3,
 ( #238, #3503, #4593, #1326, #5127, #1875 ),
 .UNSPECIFIED., .F., .F.,
 ( 4, 2, 4 ),
 ( 0.0000000000000000000, 0.5000000000000000000, 1.000000000000000000 ),
 .UNSPECIFIED. ) ;
#1434 = ORIENTED_EDGE ( 'NONE', *, *, #59, .F. ) ;
#1435 = CARTESIAN_POINT ( 'NONE',  ( 0.4000000000000002400, 2.350000000000001000, 0.5079226145318315200 ) ) ;
#1436 = VECTOR ( 'NONE', #3755, 1000.000000000000000 ) ;
#1437 = FACE_OUTER_BOUND ( 'NONE', #4777, .T. ) ;
#1438 = EDGE_CURVE ( 'NONE', #1424, #3059, #1062, .T. ) ;
#1439 = VERTEX_POINT ( 'NONE', #964 ) ;
#1440 = CARTESIAN_POINT ( 'NONE',  ( 0.02999999999999994300, 0.0000000000000000000, 0.1700000000000000100 ) ) ;
#1441 =( LENGTH_UNIT ( ) NAMED_UNIT ( * ) SI_UNIT ( .MILLI., .METRE. ) );
#1442 = SURFACE_SIDE_STYLE ('',( #2282 ) ) ;
#1443 = PRESENTATION_LAYER_ASSIGNMENT (  '', '', ( #707 ) ) ;
#1444 = CARTESIAN_POINT ( 'NONE',  ( 1.119723590466932000, 1.580047681430131000, 0.1700000000000000100 ) ) ;
#1445 =( LENGTH_UNIT ( ) NAMED_UNIT ( * ) SI_UNIT ( .MILLI., .METRE. ) );
#1446 = CARTESIAN_POINT ( 'NONE',  ( 0.2124905980351155800, 2.295076617752148900, 0.5000031419414986400 ) ) ;
#1447 =( GEOMETRIC_REPRESENTATION_CONTEXT ( 3 ) GLOBAL_UNCERTAINTY_ASSIGNED_CONTEXT ( ( #2759 ) ) GLOBAL_UNIT_ASSIGNED_CONTEXT ( ( #5110, #1858, #5652 ) ) REPRESENTATION_CONTEXT ( 'NONE', 'WORKASPACE' ) );
#1448 = VERTEX_POINT ( 'NONE', #5300 ) ;
#1449 =( NAMED_UNIT ( * ) PLANE_ANGLE_UNIT ( ) SI_UNIT ( $, .RADIAN. ) );
#1450 = CARTESIAN_POINT ( 'NONE',  ( 3.131371325228092100, 2.096630123040725800, 0.2899999999999992600 ) ) ;
#1451 = PLANE ( 'NONE',  #5877 ) ;
#1452 = CARTESIAN_POINT ( 'NONE',  ( 2.779937501871236900, 0.0000000000000000000, 0.1700000000000000100 ) ) ;
#1453 =( GEOMETRIC_REPRESENTATION_CONTEXT ( 3 ) GLOBAL_UNCERTAINTY_ASSIGNED_CONTEXT ( ( #1707 ) ) GLOBAL_UNIT_ASSIGNED_CONTEXT ( ( #5074, #1815, #5622 ) ) REPRESENTATION_CONTEXT ( 'NONE', 'WORKASPACE' ) );
#1454 = AXIS2_PLACEMENT_3D ( 'NONE', #410, #6921, #6396 ) ;
#1455 = VECTOR ( 'NONE', #1585, 1000.000000000000000 ) ;
#1456 =( GEOMETRIC_REPRESENTATION_CONTEXT ( 3 ) GLOBAL_UNCERTAINTY_ASSIGNED_CONTEXT ( ( #4089 ) ) GLOBAL_UNIT_ASSIGNED_CONTEXT ( ( #4700, #1449, #5249 ) ) REPRESENTATION_CONTEXT ( 'NONE', 'WORKASPACE' ) );
#1457 = PRESENTATION_STYLE_ASSIGNMENT (( #6917 ) ) ;
#1458 = CARTESIAN_POINT ( 'NONE',  ( 0.1553954720497967000, 0.2648351517058223900, 0.5000000000000000000 ) ) ;
#1459 = ORIENTED_EDGE ( 'NONE', *, *, #2929, .T. ) ;
#1460 = PLANE ( 'NONE',  #6206 ) ;
#1461 = CARTESIAN_POINT ( 'NONE',  ( 3.050000000000000300, 0.4000000000000001300, 0.5200000000000000200 ) ) ;
#1462 = EDGE_CURVE ( 'NONE', #734, #568, #542, .T. ) ;
#1463 = CARTESIAN_POINT ( 'NONE',  ( 0.3972620350065750300, 2.475000000000170200, 0.2899999999999999800 ) ) ;
#1464 = FACE_OUTER_BOUND ( 'NONE', #6120, .T. ) ;
#1465 = PLANE ( 'NONE',  #6533 ) ;
#1466 = VECTOR ( 'NONE', #805, 1000.000000000000000 ) ;
#1467 = ORIENTED_EDGE ( 'NONE', *, *, #4622, .F. ) ;
#1468 = LINE ( 'NONE', #716, #5809 ) ;
#1469 = CARTESIAN_POINT ( 'NONE',  ( 0.2099999999999999400, 2.211299423149112500, 0.6000000000000002000 ) ) ;
#1470 =( GEOMETRIC_REPRESENTATION_CONTEXT ( 3 ) GLOBAL_UNCERTAINTY_ASSIGNED_CONTEXT ( ( #4576 ) ) GLOBAL_UNIT_ASSIGNED_CONTEXT ( ( #1441, #5230, #1967 ) ) REPRESENTATION_CONTEXT ( 'NONE', 'WORKASPACE' ) );
#1471 = CARTESIAN_POINT ( 'NONE',  ( -1.626303258728256700E-016, 2.079959576973093000, 0.0000000000000000000 ) ) ;
#1472 = DIRECTION ( 'NONE',  ( 0.0000000000000000000, 0.0000000000000000000, 1.000000000000000000 ) ) ;
#1473 = LINE ( 'NONE', #4840, #4187 ) ;
#1474 = FILL_AREA_STYLE ('',( #928 ) ) ;
#1475 =( GEOMETRIC_REPRESENTATION_CONTEXT ( 3 ) GLOBAL_UNCERTAINTY_ASSIGNED_CONTEXT ( ( #4613 ) ) GLOBAL_UNIT_ASSIGNED_CONTEXT ( ( #5819, #5921, #2643 ) ) REPRESENTATION_CONTEXT ( 'NONE', 'WORKASPACE' ) );
#1476 = CARTESIAN_POINT ( 'NONE',  ( 0.4200624981287632800, 2.469999999999999800, 0.1700000000000000100 ) ) ;
#1477 = EDGE_CURVE ( 'NONE', #2992, #4091, #4883, .T. ) ;
#1478 = UNCERTAINTY_MEASURE_WITH_UNIT (LENGTH_MEASURE( 1.000000000000000100E-005 ), #3468, 'distance_accuracy_value', 'NONE');
#1479 = SURFACE_STYLE_USAGE ( .BOTH. , #4731 ) ;
#1480 = LINE ( 'NONE', #3859, #4200 ) ;
#1481 = CARTESIAN_POINT ( 'NONE',  ( 0.1542809622069624100, 0.2653855949757138500, 0.5000000000000000000 ) ) ;
#1482 = DIRECTION ( 'NONE',  ( 0.0000000000000000000, 1.000000000000000000, 0.0000000000000000000 ) ) ;
#1483 = CARTESIAN_POINT ( 'NONE',  ( 0.1000000000001020200, 0.3999999999986773000, 0.4800000000000000900 ) ) ;
#1484 = FILL_AREA_STYLE_COLOUR ( '', #1528 ) ;
#1485 = SURFACE_STYLE_FILL_AREA ( #4671 ) ;
#1486 = VECTOR ( 'NONE', #5186, 1000.000000000000000 ) ;
#1487 = ORIENTED_EDGE ( 'NONE', *, *, #3039, .T. ) ;
#1488 = VERTEX_POINT ( 'NONE', #986 ) ;
#1489 = CARTESIAN_POINT ( 'NONE',  ( 0.1499999999999995200, 2.100000000000000100, 0.5400000000000001500 ) ) ;
#1490 = FACE_OUTER_BOUND ( 'NONE', #2599, .T. ) ;
#1491 = VECTOR ( 'NONE', #3117, 1000.000000000000000 ) ;
#1492 = CARTESIAN_POINT ( 'NONE',  ( 2.080276409533067900, 0.9199523185698690300, 0.1700000000000000100 ) ) ;
#1493 =( NAMED_UNIT ( * ) SI_UNIT ( $, .STERADIAN. ) SOLID_ANGLE_UNIT ( ) );
#1494 = LINE ( 'NONE', #438, #3692 ) ;
#1495 = SURFACE_SIDE_STYLE ('',( #4525 ) ) ;
#1496 = ORIENTED_EDGE ( 'NONE', *, *, #6622, .T. ) ;
#1497 = ORIENTED_EDGE ( 'NONE', *, *, #6170, .T. ) ;
#1498 = CARTESIAN_POINT ( 'NONE',  ( 3.069690595368500800, 2.172718794409416200, 0.5000000000000000000 ) ) ;
#1499 = STYLED_ITEM ( 'NONE', ( #2590 ), #6613 ) ;
#1500 =( NAMED_UNIT ( * ) PLANE_ANGLE_UNIT ( ) SI_UNIT ( $, .RADIAN. ) );
#1501 = VECTOR ( 'NONE', #4334, 1000.000000000000000 ) ;
#1502 = CARTESIAN_POINT ( 'NONE',  ( 0.3984340625175832900, 0.05185199481140386600, 0.2900000000000004800 ) ) ;
#1503 = VECTOR ( 'NONE', #5722, 1000.000000000000000 ) ;
#1504 = ORIENTED_EDGE ( 'NONE', *, *, #4986, .T. ) ;
#1505 = ORIENTED_EDGE ( 'NONE', *, *, #798, .F. ) ;
#1506 = CARTESIAN_POINT ( 'NONE',  ( 0.05185199480963852100, 2.101565937482500900, 0.2900000000000020300 ) ) ;
#1507 = DIRECTION ( 'NONE',  ( 0.0000000000000000000, -1.000000000000000000, 0.0000000000000000000 ) ) ;
#1508 = CIRCLE ( 'NONE', #6152, 0.05999999999999999800 ) ;
#1509 = CARTESIAN_POINT ( 'NONE',  ( 0.4000000000000001900, 0.09999999999999999200, 0.4800000000000000400 ) ) ;
#1510 = PRESENTATION_STYLE_ASSIGNMENT (( #424 ) ) ;
#1511 =( LENGTH_UNIT ( ) NAMED_UNIT ( * ) SI_UNIT ( .MILLI., .METRE. ) );
#1512 = SURFACE_STYLE_USAGE ( .BOTH. , #4763 ) ;
#1513 = PLANE ( 'NONE',  #188 ) ;
#1514 = ORIENTED_EDGE ( 'NONE', *, *, #1158, .F. ) ;
#1515 = ORIENTED_EDGE ( 'NONE', *, *, #4611, .T. ) ;
#1516 =( LENGTH_UNIT ( ) NAMED_UNIT ( * ) SI_UNIT ( .MILLI., .METRE. ) );
#1517 = FACE_OUTER_BOUND ( 'NONE', #1534, .T. ) ;
#1518 = MANIFOLD_SOLID_BREP ( '??-??1', #898 ) ;
#1519 = CARTESIAN_POINT ( 'NONE',  ( 0.4015377163306956800, 0.1199407980905053800, 0.5000000000000000000 ) ) ;
#1520 = LINE ( 'NONE', #6440, #4237 ) ;
#1521 = AXIS2_PLACEMENT_3D ( 'NONE', #4435, #3720, #3192 ) ;
#1522 = EDGE_CURVE ( 'NONE', #6136, #6864, #4051, .T. ) ;
#1523 = CARTESIAN_POINT ( 'NONE',  ( 3.169999999999999900, 2.469999999999999800, 0.1700000000000000100 ) ) ;
#1524 = CARTESIAN_POINT ( 'NONE',  ( 2.609264482820521800, 1.923971919735854000, 0.6000000000000000900 ) ) ;
#1525 = ORIENTED_EDGE ( 'NONE', *, *, #294, .F. ) ;
#1526 = DIRECTION ( 'NONE',  ( -1.000000000000000000, 0.0000000000000000000, -0.0000000000000000000 ) ) ;
#1527 = AXIS2_PLACEMENT_3D ( 'NONE', #4341, #1081, #4878 ) ;
#1528 = COLOUR_RGB ( '',0.8274509803921568100, 0.6666666666666666300, 0.1294117647058823400 ) ;
#1529 = CARTESIAN_POINT ( 'NONE',  ( 2.796630123043587300, 0.06862867477208135800, 0.2899999999999999800 ) ) ;
#1530 =( NAMED_UNIT ( * ) PLANE_ANGLE_UNIT ( ) SI_UNIT ( $, .RADIAN. ) );
#1531 = EDGE_CURVE ( 'NONE', #3879, #6448, #4631, .T. ) ;
#1532 = ORIENTED_EDGE ( 'NONE', *, *, #6305, .T. ) ;
#1533 = CARTESIAN_POINT ( 'NONE',  ( 0.4000000000000001900, 0.09999999999999999200, 0.4800000000000000400 ) ) ;
#1534 = EDGE_LOOP ( 'NONE', ( #1505, #3179, #6606, #237, #82, #55, #2681, #478 ) ) ;
#1535 = CARTESIAN_POINT ( 'NONE',  ( 0.3287219835095377400, 2.374176532761112000, 0.5000000000000000000 ) ) ;
#1536 = DIRECTION ( 'NONE',  ( 0.0000000000000000000, 0.0000000000000000000, 1.000000000000000000 ) ) ;
#1537 = CARTESIAN_POINT ( 'NONE',  ( 0.09999075855428361800, 2.469999999999999800, 0.1700000000000000100 ) ) ;
#1538 =( GEOMETRIC_REPRESENTATION_CONTEXT ( 3 ) GLOBAL_UNCERTAINTY_ASSIGNED_CONTEXT ( ( #5262 ) ) GLOBAL_UNIT_ASSIGNED_CONTEXT ( ( #2817, #6641, #3373 ) ) REPRESENTATION_CONTEXT ( 'NONE', 'WORKASPACE' ) );
#1539 = FILL_AREA_STYLE ('',( #4246 ) ) ;
#1540 = CARTESIAN_POINT ( 'NONE',  ( 0.1034572577486074400, 0.3693788275795961700, 0.4800000000000000900 ) ) ;
#1541 = VECTOR ( 'NONE', #110, 1000.000000000000000 ) ;
#1542 = CARTESIAN_POINT ( 'NONE',  ( 2.903979065734411300, 2.467200910856182100, 0.2900000000000000400 ) ) ;
#1543 = PRESENTATION_LAYER_ASSIGNMENT (  '', '', ( #807 ) ) ;
#1544 = CARTESIAN_POINT ( 'NONE',  ( 3.070000000000000300, 0.4000000000000001900, 0.5000000000000000000 ) ) ;
#1545 = AXIS2_PLACEMENT_3D ( 'NONE', #4274, #1024, #4820 ) ;
#1546 = DIRECTION ( 'NONE',  ( 0.0000000000000000000, 0.0000000000000000000, 1.000000000000000000 ) ) ;
#1547 = ADVANCED_FACE ( 'NONE', ( #3193 ), #2637, .F. ) ;
#1548 = ORIENTED_EDGE ( 'NONE', *, *, #5289, .T. ) ;
#1549 =( LENGTH_UNIT ( ) NAMED_UNIT ( * ) SI_UNIT ( .MILLI., .METRE. ) );
#1550 = CARTESIAN_POINT ( 'NONE',  ( 0.1000000000000000900, 2.100000000000000500, 0.4800000000000000400 ) ) ;
#1551 = VECTOR ( 'NONE', #1482, 1000.000000000000000 ) ;
#1552 = CARTESIAN_POINT ( 'NONE',  ( 2.899999999999999900, 2.500000000000000000, 0.0000000000000000000 ) ) ;
#1553 = FILL_AREA_STYLE_COLOUR ( '', #2478 ) ;
#1554 = MECHANICAL_DESIGN_GEOMETRIC_PRESENTATION_REPRESENTATION (  '', ( #820 ), #1907 ) ;
#1555 = LINE ( 'NONE', #2497, #4270 ) ;
#1556 = ORIENTED_EDGE ( 'NONE', *, *, #5777, .T. ) ;
#1557 = AXIS2_PLACEMENT_3D ( 'NONE', #6286, #3057, #6840 ) ;
#1558 = CARTESIAN_POINT ( 'NONE',  ( 3.100009241445716300, 0.4200404230269067000, 0.1700000000000000100 ) ) ;
#1559 = SURFACE_SIDE_STYLE ('',( #1973 ) ) ;
#1560 = LINE ( 'NONE', #174, #4277 ) ;
#1561 = CARTESIAN_POINT ( 'NONE',  ( 0.1500000000000000200, 0.4000000000000001900, 0.5200000000000000200 ) ) ;
#1562 = CARTESIAN_POINT ( 'NONE',  ( 0.3846473386338429300, 2.398816093618959800, 0.4800000000000000900 ) ) ;
#1563 = APPLICATION_PROTOCOL_DEFINITION ( 'draft international standard', 'automotive_design', 1998, #2093 ) ;
#1564 = EDGE_CURVE ( 'NONE', #6700, #6607, #1812, .T. ) ;
#1565 =( NAMED_UNIT ( * ) PLANE_ANGLE_UNIT ( ) SI_UNIT ( $, .RADIAN. ) );
#1566 = CARTESIAN_POINT ( 'NONE',  ( 2.080276409533067900, 2.400138902867559900, 0.1700000000000000100 ) ) ;
#1567 = FILL_AREA_STYLE_COLOUR ( '', #285 ) ;
#1568 = COLOUR_RGB ( '',0.01176470588235294100, 0.0000000000000000000, 0.05882352941176470500 ) ;
#1569 = SURFACE_SIDE_STYLE ('',( #6418 ) ) ;
#1570 =( GEOMETRIC_REPRESENTATION_CONTEXT ( 3 ) GLOBAL_UNCERTAINTY_ASSIGNED_CONTEXT ( ( #2980 ) ) GLOBAL_UNIT_ASSIGNED_CONTEXT ( ( #5400, #2145, #5969 ) ) REPRESENTATION_CONTEXT ( 'NONE', 'WORKASPACE' ) );
#1571 = CARTESIAN_POINT ( 'NONE',  ( 2.800000000000000300, 0.1500000000000000800, 0.5400000000000001500 ) ) ;
#1572 = UNCERTAINTY_MEASURE_WITH_UNIT (LENGTH_MEASURE( 1.000000000000000100E-005 ), #2026, 'distance_accuracy_value', 'NONE');
#1573 = COLOUR_RGB ( '',0.8274509803921568100, 0.6666666666666666300, 0.1294117647058823400 ) ;
#1574 = B_SPLINE_CURVE_WITH_KNOTS ( 'NONE', 3,
 ( #3638, #2536, #1481, #5272 ),
 .UNSPECIFIED., .F., .F.,
 ( 4, 4 ),
 ( 0.0000000000000000000, 1.000000000000000000 ),
 .UNSPECIFIED. ) ;
#1575 = SURFACE_STYLE_USAGE ( .BOTH. , #4825 ) ;
#1576 = EDGE_CURVE ( 'NONE', #5301, #1424, #4540, .T. ) ;
#1577 = CARTESIAN_POINT ( 'NONE',  ( 0.3999999999999882000, 0.1000000000000008400, 0.4999999999999997800 ) ) ;
#1578 = VECTOR ( 'NONE', #4325, 1000.000000000000000 ) ;
#1579 = VECTOR ( 'NONE', #5922, 1000.000000000000000 ) ;
#1580 = DIRECTION ( 'NONE',  ( 1.000000000000000000, 4.257195078628523400E-015, 0.0000000000000000000 ) ) ;
#1581 = DIRECTION ( 'NONE',  ( -1.000000000000000000, -0.0000000000000000000, -0.0000000000000000000 ) ) ;
#1582 = DIRECTION ( 'NONE',  ( -0.0000000000000000000, 0.0000000000000000000, -1.000000000000000000 ) ) ;
#1583 = VECTOR ( 'NONE', #1846, 1000.000000000000000 ) ;
#1584 = ADVANCED_FACE ( 'NONE', ( #4023 ), #7031, .F. ) ;
#1585 = DIRECTION ( 'NONE',  ( -0.0000000000000000000, -1.000000000000000000, -0.0000000000000000000 ) ) ;
#1586 = FILL_AREA_STYLE ('',( #2092 ) ) ;
#1587 = APPLICATION_CONTEXT ( 'automotive_design' ) ;
#1588 = ORIENTED_EDGE ( 'NONE', *, *, #2050, .T. ) ;
#1589 = ORIENTED_EDGE ( 'NONE', *, *, #1339, .T. ) ;
#1590 = VECTOR ( 'NONE', #5514, 1000.000000000000000 ) ;
#1591 = CARTESIAN_POINT ( 'NONE',  ( 0.09963729403821228200, 2.094742544035744600, 0.3210660171779820500 ) ) ;
#1592 = DIRECTION ( 'NONE',  ( -1.000000000000000000, 0.0000000000000000000, 0.0000000000000000000 ) ) ;
#1593 =( LENGTH_UNIT ( ) NAMED_UNIT ( * ) SI_UNIT ( .MILLI., .METRE. ) );
#1594 = EDGE_LOOP ( 'NONE', ( #3822, #3045, #6066, #6355 ) ) ;
#1595 = CARTESIAN_POINT ( 'NONE',  ( 3.170000000000000400, 0.9199523185698690300, 0.1700000000000000100 ) ) ;
#1596 = VERTEX_POINT ( 'NONE', #4348 ) ;
#1597 = ORIENTED_EDGE ( 'NONE', *, *, #6485, .T. ) ;
#1598 = EDGE_LOOP ( 'NONE', ( #2409, #2789, #3214, #6039 ) ) ;
#1599 = CARTESIAN_POINT ( 'NONE',  ( 0.09999999999999993600, 2.090097570029879800, 0.4999999999999998900 ) ) ;
#1600 = COLOUR_RGB ( '',0.8274509803921568100, 0.6666666666666666300, 0.1254901960784313700 ) ;
#1601 = VECTOR ( 'NONE', #2112, 1000.000000000000000 ) ;
#1602 = MECHANICAL_DESIGN_GEOMETRIC_PRESENTATION_REPRESENTATION (  '', ( #859 ), #1946 ) ;
#1603 = CLOSED_SHELL ( 'NONE', ( #1285, #1584, #3002, #1173, #3403, #615, #1082, #3197, #1422, #180, #5004, #3473, #3431 ) ) ;
#1604 = DIRECTION ( 'NONE',  ( 0.0000000000000000000, 0.0000000000000000000, -1.000000000000000000 ) ) ;
#1605 = CARTESIAN_POINT ( 'NONE',  ( 0.09999075855428361800, 0.9199523185698690300, 0.0000000000000000000 ) ) ;
#1606 = MECHANICAL_DESIGN_GEOMETRIC_PRESENTATION_REPRESENTATION (  '', ( #862 ), #1949 ) ;
#1607 = ORIENTED_EDGE ( 'NONE', *, *, #1674, .F. ) ;
#1608 = ORIENTED_EDGE ( 'NONE', *, *, #5235, .T. ) ;
#1609 = SURFACE_STYLE_FILL_AREA ( #167 ) ;
#1610 = LINE ( 'NONE', #2974, #3237 ) ;
#1611 = EDGE_CURVE ( 'NONE', #1322, #3240, #5549, .T. ) ;
#1612 =( NAMED_UNIT ( * ) SI_UNIT ( $, .STERADIAN. ) SOLID_ANGLE_UNIT ( ) );
#1613 = ORIENTED_EDGE ( 'NONE', *, *, #5190, .F. ) ;
#1614 = DIRECTION ( 'NONE',  ( -1.000000000000000000, 0.0000000000000000000, -0.0000000000000000000 ) ) ;
#1615 = LINE ( 'NONE', #2651, #4330 ) ;
#1616 = CARTESIAN_POINT ( 'NONE',  ( 0.1000000000000000700, 2.100000000000000100, 0.3649999999999999900 ) ) ;
#1617 = DIRECTION ( 'NONE',  ( 0.0000000000000000000, 0.0000000000000000000, 1.000000000000000000 ) ) ;
#1618 = LINE ( 'NONE', #4722, #4333 ) ;
#1619 =( GEOMETRIC_REPRESENTATION_CONTEXT ( 3 ) GLOBAL_UNCERTAINTY_ASSIGNED_CONTEXT ( ( #2255 ) ) GLOBAL_UNIT_ASSIGNED_CONTEXT ( ( #5140, #1892, #5700 ) ) REPRESENTATION_CONTEXT ( 'NONE', 'WORKASPACE' ) );
#1620 = ORIENTED_EDGE ( 'NONE', *, *, #5157, .T. ) ;
#1621 =( NAMED_UNIT ( * ) PLANE_ANGLE_UNIT ( ) SI_UNIT ( $, .RADIAN. ) );
#1622 = SURFACE_STYLE_USAGE ( .BOTH. , #4863 ) ;
#1623 = DIRECTION ( 'NONE',  ( 1.000000000000000000, -0.0000000000000000000, 0.0000000000000000000 ) ) ;
#1624 =( GEOMETRIC_REPRESENTATION_CONTEXT ( 3 ) GLOBAL_UNCERTAINTY_ASSIGNED_CONTEXT ( ( #3055 ) ) GLOBAL_UNIT_ASSIGNED_CONTEXT ( ( #6751, #5107, #4033 ) ) REPRESENTATION_CONTEXT ( 'NONE', 'WORKASPACE' ) );
#1625 = EDGE_CURVE ( 'NONE', #6781, #1126, #1211, .T. ) ;
#1626 = CARTESIAN_POINT ( 'NONE',  ( 0.1000000000000000100, 0.5133333333333318600, 0.4800000000000000900 ) ) ;
#1627 = FILL_AREA_STYLE ('',( #7039 ) ) ;
#1628 = ADVANCED_FACE ( 'NONE', ( #3931 ), #529, .F. ) ;
#1629 = CARTESIAN_POINT ( 'NONE',  ( 0.3000000000000004900, 2.500000000000000000, 0.1700000000000000100 ) ) ;
#1630 = ORIENTED_EDGE ( 'NONE', *, *, #6892, .T. ) ;
#1631 = EDGE_CURVE ( 'NONE', #6448, #750, #3027, .T. ) ;
#1632 = CARTESIAN_POINT ( 'NONE',  ( 2.796628194167357900, 2.384254378386440700, 0.4999921912134844800 ) ) ;
#1633 = ORIENTED_EDGE ( 'NONE', *, *, #6590, .F. ) ;
#1634 =( NAMED_UNIT ( * ) PLANE_ANGLE_UNIT ( ) SI_UNIT ( $, .RADIAN. ) );
#1635 =( NAMED_UNIT ( * ) SI_UNIT ( $, .STERADIAN. ) SOLID_ANGLE_UNIT ( ) );
#1636 = LINE ( 'NONE', #2653, #1455 ) ;
#1637 = CARTESIAN_POINT ( 'NONE',  ( 0.4799999997426488400, 0.1000000000000000100, 0.4999999999999999400 ) ) ;
#1638 = COLOUR_RGB ( '',0.8274509803921568100, 0.6666666666666666300, 0.1294117647058823400 ) ;
#1639 = UNCERTAINTY_MEASURE_WITH_UNIT (LENGTH_MEASURE( 1.000000000000000100E-005 ), #287, 'distance_accuracy_value', 'NONE');
#1640 = FILL_AREA_STYLE_COLOUR ( '', #1047 ) ;
#1641 = ORIENTED_EDGE ( 'NONE', *, *, #1107, .F. ) ;
#1642 = FILL_AREA_STYLE_COLOUR ( '', #4292 ) ;
#1643 =( NAMED_UNIT ( * ) SI_UNIT ( $, .STERADIAN. ) SOLID_ANGLE_UNIT ( ) );
#1644 = STYLED_ITEM ( 'NONE', ( #150 ), #6550 ) ;
#1645 = FILL_AREA_STYLE_COLOUR ( '', #2395 ) ;
#1646 = PRESENTATION_LAYER_ASSIGNMENT (  '', '', ( #904 ) ) ;
#1647 = SURFACE_STYLE_FILL_AREA ( #1345 ) ;
#1648 = CARTESIAN_POINT ( 'NONE',  ( 3.025147186257614300, 0.2681118318204313600, 0.6000000000000000900 ) ) ;
#1649 = FILL_AREA_STYLE ('',( #6000 ) ) ;
#1650 = CARTESIAN_POINT ( 'NONE',  ( 0.4200624981287629000, 0.0000000000000000000, 0.1700000000000000100 ) ) ;
#1651 = FILL_AREA_STYLE_COLOUR ( '', #6757 ) ;
#1652 = VECTOR ( 'NONE', #1783, 1000.000000000000000 ) ;
#1653 = LINE ( 'NONE', #6460, #2928 ) ;
#1654 = AXIS2_PLACEMENT_3D ( 'NONE', #6045, #2781, #6594 ) ;
#1655 = PRESENTATION_STYLE_ASSIGNMENT (( #3866 ) ) ;
#1656 = SURFACE_SIDE_STYLE ('',( #7041 ) ) ;
#1657 = UNCERTAINTY_MEASURE_WITH_UNIT (LENGTH_MEASURE( 1.000000000000000100E-005 ), #702, 'distance_accuracy_value', 'NONE');
#1658 = ADVANCED_FACE ( 'NONE', ( #1393 ), #6564, .F. ) ;
#1659 = CARTESIAN_POINT ( 'NONE',  ( 3.100009241445716300, 0.9199523185698690300, 0.1700000000000000100 ) ) ;
#1660 =( GEOMETRIC_REPRESENTATION_CONTEXT ( 3 ) GLOBAL_UNCERTAINTY_ASSIGNED_CONTEXT ( ( #6123 ) ) GLOBAL_UNIT_ASSIGNED_CONTEXT ( ( #3562, #6268, #4636 ) ) REPRESENTATION_CONTEXT ( 'NONE', 'WORKASPACE' ) );
#1661 = EDGE_CURVE ( 'NONE', #1688, #1079, #3856, .T. ) ;
#1662 = SURFACE_STYLE_FILL_AREA ( #1539 ) ;
#1663 = CARTESIAN_POINT ( 'NONE',  ( 1.280000000000000500, 0.1000000000000000100, 0.4800000000000000900 ) ) ;
#1664 = DIRECTION ( 'NONE',  ( 0.0000000000000000000, 1.000000000000000000, 0.0000000000000000000 ) ) ;
#1665 = AXIS2_PLACEMENT_3D ( 'NONE', #4025, #771, #4581 ) ;
#1666 = LINE ( 'NONE', #6019, #202 ) ;
#1667 = DIRECTION ( 'NONE',  ( 0.0000000000000000000, 0.0000000000000000000, 1.000000000000000000 ) ) ;
#1668 = CARTESIAN_POINT ( 'NONE',  ( 3.200000000000000200, 2.200000000000000200, 0.1700000000000000100 ) ) ;
#1669 = LINE ( 'NONE', #3556, #1486 ) ;
#1670 = ORIENTED_EDGE ( 'NONE', *, *, #6495, .T. ) ;
#1671 = ORIENTED_EDGE ( 'NONE', *, *, #6922, .T. ) ;
#1672 = CARTESIAN_POINT ( 'NONE',  ( 3.100009241445716300, 0.02999999999999997100, 0.1700000000000000100 ) ) ;
#1673 =( NAMED_UNIT ( * ) SI_UNIT ( $, .STERADIAN. ) SOLID_ANGLE_UNIT ( ) );
#1674 = EDGE_CURVE ( 'NONE', #6336, #6636, #2816, .T. ) ;
#1675 =( NAMED_UNIT ( * ) SI_UNIT ( $, .STERADIAN. ) SOLID_ANGLE_UNIT ( ) );
#1676 = COLOUR_RGB ( '',0.01176470588235294100, 0.0000000000000000000, 0.05882352941176470500 ) ;
#1677 = DIRECTION ( 'NONE',  ( 0.0000000000000000000, 1.000000000000000000, 0.0000000000000000000 ) ) ;
#1678 = ORIENTED_EDGE ( 'NONE', *, *, #3039, .F. ) ;
#1679 = VERTEX_POINT ( 'NONE', #3349 ) ;
#1680 = ORIENTED_EDGE ( 'NONE', *, *, #7026, .T. ) ;
#1681 = SURFACE_STYLE_USAGE ( .BOTH. , #4930 ) ;
#1682 = LINE ( 'NONE', #3750, #4403 ) ;
#1683 = SURFACE_STYLE_FILL_AREA ( #762 ) ;
#1684 = UNCERTAINTY_MEASURE_WITH_UNIT (LENGTH_MEASURE( 1.000000000000000100E-005 ), #6375, 'distance_accuracy_value', 'NONE');
#1685 = LINE ( 'NONE', #2063, #4564 ) ;
#1686 = CARTESIAN_POINT ( 'NONE',  ( 3.100009241445716300, 0.4200404230269067000, 0.0000000000000000000 ) ) ;
#1687 = EDGE_LOOP ( 'NONE', ( #6863, #7033, #6546, #3477 ) ) ;
#1688 = VERTEX_POINT ( 'NONE', #60 ) ;
#1689 = VERTEX_POINT ( 'NONE', #2797 ) ;
#1690 =( GEOMETRIC_REPRESENTATION_CONTEXT ( 3 ) GLOBAL_UNCERTAINTY_ASSIGNED_CONTEXT ( ( #5195 ) ) GLOBAL_UNIT_ASSIGNED_CONTEXT ( ( #5699, #2427, #6236 ) ) REPRESENTATION_CONTEXT ( 'NONE', 'WORKASPACE' ) );
#1691 =( LENGTH_UNIT ( ) NAMED_UNIT ( * ) SI_UNIT ( .MILLI., .METRE. ) );
#1692 =( NAMED_UNIT ( * ) SI_UNIT ( $, .STERADIAN. ) SOLID_ANGLE_UNIT ( ) );
#1693 = LINE ( 'NONE', #5177, #1923 ) ;
#1694 = VECTOR ( 'NONE', #3629, 1000.000000000000000 ) ;
#1695 =( LENGTH_UNIT ( ) NAMED_UNIT ( * ) SI_UNIT ( .MILLI., .METRE. ) );
#1696 = SURFACE_SIDE_STYLE ('',( #3108 ) ) ;
#1697 = ORIENTED_EDGE ( 'NONE', *, *, #3530, .T. ) ;
#1698 = ORIENTED_EDGE ( 'NONE', *, *, #6261, .T. ) ;
#1699 = AXIS2_PLACEMENT_3D ( 'NONE', #2447, #382, #4189 ) ;
#1700 = ADVANCED_FACE ( 'NONE', ( #1147 ), #4703, .T. ) ;
#1701 =( NAMED_UNIT ( * ) PLANE_ANGLE_UNIT ( ) SI_UNIT ( $, .RADIAN. ) );
#1702 = CARTESIAN_POINT ( 'NONE',  ( 0.1500000000000000200, 0.4000000000000010200, 0.5200000000000000200 ) ) ;
#1703 = AXIS2_PLACEMENT_3D ( 'NONE', #4793, #1546, #5338 ) ;
#1704 = VERTEX_POINT ( 'NONE', #3370 ) ;
#1705 = EDGE_CURVE ( 'NONE', #6700, #6437, #4876, .T. ) ;
#1706 = PLANE ( 'NONE',  #4647 ) ;
#1707 = UNCERTAINTY_MEASURE_WITH_UNIT (LENGTH_MEASURE( 1.000000000000000100E-005 ), #5074, 'distance_accuracy_value', 'NONE');
#1708 =( NAMED_UNIT ( * ) SI_UNIT ( $, .STERADIAN. ) SOLID_ANGLE_UNIT ( ) );
#1709 = CARTESIAN_POINT ( 'NONE',  ( 3.126631734115286100, 0.3992483260409323600, 0.3044108732756183300 ) ) ;
#1710 = ADVANCED_FACE ( 'NONE', ( #6497 ), #656, .F. ) ;
#1711 = STYLED_ITEM ( 'NONE', ( #2727 ), #1422 ) ;
#1712 = VERTEX_POINT ( 'NONE', #1201 ) ;
#1713 = CARTESIAN_POINT ( 'NONE',  ( 3.100000000000000500, 2.100000000000000500, 0.4800000000000000900 ) ) ;
#1714 = ORIENTED_EDGE ( 'NONE', *, *, #5019, .T. ) ;
#1715 = FILL_AREA_STYLE ('',( #1160 ) ) ;
#1716 = CARTESIAN_POINT ( 'NONE',  ( 3.100009241445716300, 2.079959576973093000, 0.1700000000000000100 ) ) ;
#1717 = MECHANICAL_DESIGN_GEOMETRIC_PRESENTATION_REPRESENTATION (  '', ( #969 ), #2048 ) ;
#1718 = EDGE_CURVE ( 'NONE', #1259, #734, #5731, .T. ) ;
#1719 = CARTESIAN_POINT ( 'NONE',  ( 0.3992482499182014600, 2.426633143140954900, 0.3044097484780414800 ) ) ;
#1720 = EDGE_CURVE ( 'NONE', #236, #5301, #4623, .T. ) ;
#1721 = EDGE_LOOP ( 'NONE', ( #1467, #3306, #5079, #1915 ) ) ;
#1722 =( NAMED_UNIT ( * ) PLANE_ANGLE_UNIT ( ) SI_UNIT ( $, .RADIAN. ) );
#1723 = CARTESIAN_POINT ( 'NONE',  ( 2.852543309322844100, 0.2104242677408188800, 0.6000000000000000900 ) ) ;
#1724 =( NAMED_UNIT ( * ) PLANE_ANGLE_UNIT ( ) SI_UNIT ( $, .RADIAN. ) );
#1725 = LINE ( 'NONE', #5834, #1551 ) ;
#1726 =( LENGTH_UNIT ( ) NAMED_UNIT ( * ) SI_UNIT ( .MILLI., .METRE. ) );
#1727 = FILL_AREA_STYLE ('',( #4420 ) ) ;
#1728 = ADVANCED_FACE ( 'NONE', ( #6825, #3014 ), #3950, .F. ) ;
#1729 = ORIENTED_EDGE ( 'NONE', *, *, #2754, .F. ) ;
#1730 = VECTOR ( 'NONE', #1868, 1000.000000000000000 ) ;
#1731 =( LENGTH_UNIT ( ) NAMED_UNIT ( * ) SI_UNIT ( .MILLI., .METRE. ) );
#1732 = STYLED_ITEM ( 'NONE', ( #633 ), #4672 ) ;
#1733 = CARTESIAN_POINT ( 'NONE',  ( 3.169999999999999900, 2.400138902867559900, 0.1700000000000000100 ) ) ;
#1734 = PLANE ( 'NONE',  #2612 ) ;
#1735 =( NAMED_UNIT ( * ) PLANE_ANGLE_UNIT ( ) SI_UNIT ( $, .RADIAN. ) );
#1736 = FACE_OUTER_BOUND ( 'NONE', #5837, .T. ) ;
#1737 = CARTESIAN_POINT ( 'NONE',  ( 3.100000000000000500, 1.986666666666667000, 0.4800000000000000900 ) ) ;
#1738 = DIRECTION ( 'NONE',  ( 0.0000000000000000000, 0.0000000000000000000, 1.000000000000000000 ) ) ;
#1739 = VECTOR ( 'NONE', #3732, 1000.000000000000000 ) ;
#1740 = CARTESIAN_POINT ( 'NONE',  ( 2.989570093471805500, 0.3467583567694101900, 0.6000000000000000900 ) ) ;
#1741 = CARTESIAN_POINT ( 'NONE',  ( 2.080276409533067900, 1.879883371806615900, 0.1700000000000000100 ) ) ;
#1742 = EDGE_CURVE ( 'NONE', #3375, #2280, #5715, .T. ) ;
#1743 = AXIS2_PLACEMENT_3D ( 'NONE', #2755, #3327, #5487 ) ;
#1744 = FILL_AREA_STYLE_COLOUR ( '', #3230 ) ;
#1745 = VECTOR ( 'NONE', #6110, 1000.000000000000000 ) ;
#1746 = VECTOR ( 'NONE', #3158, 1000.000000000000000 ) ;
#1747 = FILL_AREA_STYLE ('',( #3902 ) ) ;
#1748 = CARTESIAN_POINT ( 'NONE',  ( 0.2000000000000000100, 2.500000000000000000, 0.2899999999999999800 ) ) ;
#1749 = DIRECTION ( 'NONE',  ( 0.0000000000000000000, -1.000000000000000000, -0.0000000000000000000 ) ) ;
#1750 = MECHANICAL_DESIGN_GEOMETRIC_PRESENTATION_REPRESENTATION (  '', ( #652 ), #2101 ) ;
#1751 = EDGE_CURVE ( 'NONE', #3993, #1328, #1468, .T. ) ;
#1752 = FILL_AREA_STYLE ('',( #6638 ) ) ;
#1753 = SURFACE_STYLE_USAGE ( .BOTH. , #5007 ) ;
#1754 = DIRECTION ( 'NONE',  ( -1.000000000000000000, 0.0000000000000000000, -0.0000000000000000000 ) ) ;
#1755 = ORIENTED_EDGE ( 'NONE', *, *, #6119, .F. ) ;
#1756 = VERTEX_POINT ( 'NONE', #6163 ) ;
#1757 = SURFACE_SIDE_STYLE ('',( #5205 ) ) ;
#1758 = PLANE ( 'NONE',  #4328 ) ;
#1759 = LINE ( 'NONE', #3357, #5754 ) ;
#1760 = ADVANCED_FACE ( 'NONE', ( #3089 ), #2358, .F. ) ;
#1761 = FILL_AREA_STYLE ('',( #5011 ) ) ;
#1762 = CARTESIAN_POINT ( 'NONE',  ( 3.078947920510923800, 2.112873157419602200, 0.5000000000000000000 ) ) ;
#1763 = ORIENTED_EDGE ( 'NONE', *, *, #5857, .T. ) ;
#1764 = SURFACE_SIDE_STYLE ('',( #1407 ) ) ;
#1765 = EDGE_LOOP ( 'NONE', ( #1208, #5155, #140, #6284 ) ) ;
#1766 = VERTEX_POINT ( 'NONE', #1287 ) ;
#1767 = EDGE_CURVE ( 'NONE', #401, #2375, #3185, .T. ) ;
#1768 = VECTOR ( 'NONE', #1057, 1000.000000000000000 ) ;
#1769 = VECTOR ( 'NONE', #5916, 1000.000000000000000 ) ;
#1770 = VECTOR ( 'NONE', #4824, 1000.000000000000000 ) ;
#1771 = CARTESIAN_POINT ( 'NONE',  ( 0.05185199480962566400, 0.3984340625174978600, 0.2900000000000119700 ) ) ;
#1772 = ORIENTED_EDGE ( 'NONE', *, *, #5389, .F. ) ;
#1773 = ORIENTED_EDGE ( 'NONE', *, *, #6342, .T. ) ;
#1774 = AXIS2_PLACEMENT_3D ( 'NONE', #4550, #1290, #5101 ) ;
#1775 = FILL_AREA_STYLE_COLOUR ( '', #662 ) ;
#1776 =( NAMED_UNIT ( * ) PLANE_ANGLE_UNIT ( ) SI_UNIT ( $, .RADIAN. ) );
#1777 = COLOUR_RGB ( '',0.8274509803921568100, 0.6666666666666666300, 0.1294117647058823400 ) ;
#1778 = AXIS2_PLACEMENT_3D ( 'NONE', #4387, #1128, #4931 ) ;
#1779 = STYLED_ITEM ( 'NONE', ( #4633 ), #2713 ) ;
#1780 = ORIENTED_EDGE ( 'NONE', *, *, #5524, .T. ) ;
#1781 = LINE ( 'NONE', #2057, #320 ) ;
#1782 = PLANE ( 'NONE',  #349 ) ;
#1783 = DIRECTION ( 'NONE',  ( 0.0000000000000000000, -0.0000000000000000000, -1.000000000000000000 ) ) ;
#1784 = CARTESIAN_POINT ( 'NONE',  ( 2.080276409533067900, 0.09986109713243988800, 0.1700000000000000100 ) ) ;
#1785 = VERTEX_POINT ( 'NONE', #221 ) ;
#1786 = CARTESIAN_POINT ( 'NONE',  ( 3.100000000000000500, 0.7966666666666733000, 0.4800000000000000900 ) ) ;
#1787 = CARTESIAN_POINT ( 'NONE',  ( 3.052335458987525100, 2.258609385714357200, 0.4999999999999900100 ) ) ;
#1788 = AXIS2_PLACEMENT_3D ( 'NONE', #3173, #444, #2619 ) ;
#1789 =( BOUNDED_SURFACE ( )  B_SPLINE_SURFACE ( 3, 3, ( 
 ( #1072, #3795, #537, #4354 ),
 ( #1101, #4895, #1648, #5440 ),
 ( #2186, #5999, #2726, #6552 ),
 ( #3298, #21, #3818, #571 ) ),
 .UNSPECIFIED., .F., .F., .F. ) 
 B_SPLINE_SURFACE_WITH_KNOTS ( ( 4, 4 ),
 ( 4, 4 ),
 ( 0.0000000000000000000, 1.000000000000000000 ),
 ( 0.0000000000000000000, 1.000000000000000000 ),
 .UNSPECIFIED. ) 
 GEOMETRIC_REPRESENTATION_ITEM ( )  RATIONAL_B_SPLINE_SURFACE ( (
 ( 1.000000000000000000, 0.8047378541243667100, 0.8047378541243667100, 1.000000000000000000),
 ( 0.8047378541243654900, 0.6476030138606895200, 0.6476030138606895200, 0.8047378541243654900),
 ( 0.8047378541243654900, 0.6476030138606895200, 0.6476030138606895200, 0.8047378541243654900),
 ( 1.000000000000000000, 0.8047378541243667100, 0.8047378541243667100, 1.000000000000000000) ) ) 
 REPRESENTATION_ITEM ( '' )  SURFACE ( )  );
#1790 = STYLED_ITEM ( 'NONE', ( #4660 ), #5 ) ;
#1791 = EDGE_CURVE ( 'NONE', #494, #648, #2051, .T. ) ;
#1792 = CARTESIAN_POINT ( 'NONE',  ( 2.779937501871236900, 0.09986109713243988800, 0.1700000000000000100 ) ) ;
#1793 = EDGE_LOOP ( 'NONE', ( #6180, #4831, #6855, #5106 ) ) ;
#1794 = CARTESIAN_POINT ( 'NONE',  ( 0.06862867477208184400, 0.4033698769564121900, 0.2899999999999999800 ) ) ;
#1795 = ADVANCED_FACE ( 'NONE', ( #4184 ), #5341, .T. ) ;
#1796 = PRESENTATION_LAYER_ASSIGNMENT (  '', '', ( #2149 ) ) ;
#1797 =( NAMED_UNIT ( * ) PLANE_ANGLE_UNIT ( ) SI_UNIT ( $, .RADIAN. ) );
#1798 = ORIENTED_EDGE ( 'NONE', *, *, #4875, .F. ) ;
#1799 =( LENGTH_UNIT ( ) NAMED_UNIT ( * ) SI_UNIT ( .MILLI., .METRE. ) );
#1800 = DIRECTION ( 'NONE',  ( -0.7184060015747271200, 0.6956240485358546900, 0.0000000000000000000 ) ) ;
#1801 = LINE ( 'NONE', #6455, #5797 ) ;
#1802 = CARTESIAN_POINT ( 'NONE',  ( 2.989999999999999800, 2.211299423149112100, 0.6000000000000000900 ) ) ;
#1803 =( LENGTH_UNIT ( ) NAMED_UNIT ( * ) SI_UNIT ( .MILLI., .METRE. ) );
#1804 = EDGE_CURVE ( 'NONE', #4480, #6636, #3940, .T. ) ;
#1805 = COLOUR_RGB ( '',0.8274509803921568100, 0.6666666666666666300, 0.1294117647058823400 ) ;
#1806 = ORIENTED_EDGE ( 'NONE', *, *, #2801, .F. ) ;
#1807 = CARTESIAN_POINT ( 'NONE',  ( 2.830621172420408900, 2.396542742251391200, 0.4800000000000000900 ) ) ;
#1808 = CARTESIAN_POINT ( 'NONE',  ( 2.799839095086049200, 2.403147842936039300, 0.3358830127387217300 ) ) ;
#1809 = VECTOR ( 'NONE', #3910, 1000.000000000000000 ) ;
#1810 = FILL_AREA_STYLE_COLOUR ( '', #2664 ) ;
#1811 = LINE ( 'NONE', #5446, #5993 ) ;
#1812 = LINE ( 'NONE', #5946, #6150 ) ;
#1813 = LINE ( 'NONE', #593, #4705 ) ;
#1814 = FILL_AREA_STYLE_COLOUR ( '', #4108 ) ;
#1815 =( NAMED_UNIT ( * ) PLANE_ANGLE_UNIT ( ) SI_UNIT ( $, .RADIAN. ) );
#1816 = PLANE ( 'NONE',  #1774 ) ;
#1817 = FILL_AREA_STYLE ('',( #1272 ) ) ;
#1818 = STYLED_ITEM ( 'NONE', ( #467 ), #5114 ) ;
#1819 = COLOUR_RGB ( '',0.8274509803921568100, 0.6666666666666666300, 0.1294117647058823400 ) ;
#1820 = CARTESIAN_POINT ( 'NONE',  ( 2.946446609406727200, 2.350000000000000100, 0.5400000000000001500 ) ) ;
#1821 = CARTESIAN_POINT ( 'NONE',  ( 2.800000000000000300, 2.399999999999999900, 0.3649999999999999900 ) ) ;
#1822 = ADVANCED_FACE ( 'NONE', ( #1215 ), #367, .T. ) ;
#1823 = CARTESIAN_POINT ( 'NONE',  ( 0.09999075855428361800, 0.4200404230269067000, 0.1700000000000000100 ) ) ;
#1824 = EDGE_CURVE ( 'NONE', #127, #6437, #1306, .T. ) ;
#1825 = PRESENTATION_STYLE_ASSIGNMENT (( #5480 ) ) ;
#1826 = SURFACE_STYLE_FILL_AREA ( #30 ) ;
#1827 = CARTESIAN_POINT ( 'NONE',  ( 2.080276409533067900, 0.9199523185698690300, 0.1700000000000000100 ) ) ;
#1828 = VERTEX_POINT ( 'NONE', #1509 ) ;
#1829 = ORIENTED_EDGE ( 'NONE', *, *, #6119, .T. ) ;
#1830 = CARTESIAN_POINT ( 'NONE',  ( 2.802737965005764200, 2.474999999999999200, 0.2899999999999999800 ) ) ;
#1831 = PRESENTATION_LAYER_ASSIGNMENT (  '', '', ( #2203 ) ) ;
#1832 = PRESENTATION_STYLE_ASSIGNMENT (( #2262 ) ) ;
#1833 = CARTESIAN_POINT ( 'NONE',  ( 2.896538141428088900, 0.1162367037098671200, 0.5000000000000030000 ) ) ;
#1834 = CARTESIAN_POINT ( 'NONE',  ( 0.1748528137423857000, 0.4000000000000000200, 0.6000000000000002000 ) ) ;
#1835 = EDGE_LOOP ( 'NONE', ( #1671, #6481, #1130, #3460 ) ) ;
#1836 = FACE_OUTER_BOUND ( 'NONE', #2739, .T. ) ;
#1837 = ORIENTED_EDGE ( 'NONE', *, *, #4935, .F. ) ;
#1838 = EDGE_LOOP ( 'NONE', ( #5761, #7061, #3614, #5411 ) ) ;
#1839 = STYLED_ITEM ( 'NONE', ( #962 ), #853 ) ;
#1840 = ORIENTED_EDGE ( 'NONE', *, *, #2404, .T. ) ;
#1841 = EDGE_CURVE ( 'NONE', #6781, #734, #3103, .T. ) ;
#1842 = DIRECTION ( 'NONE',  ( -1.000000000000000000, 0.0000000000000000000, 0.0000000000000000000 ) ) ;
#1843 = CARTESIAN_POINT ( 'NONE',  ( 2.774932736525889800, 0.4250672634741105000, 0.3649999999999999900 ) ) ;
#1844 = SURFACE_SIDE_STYLE ('',( #482 ) ) ;
#1845 = FACE_OUTER_BOUND ( 'NONE', #4311, .T. ) ;
#1846 = DIRECTION ( 'NONE',  ( -0.0000000000000000000, -1.000000000000000000, -0.0000000000000000000 ) ) ;
#1847 = CARTESIAN_POINT ( 'NONE',  ( 2.900000000000000400, 0.0000000000000000000, 0.1700000000000000100 ) ) ;
#1848 = CARTESIAN_POINT ( 'NONE',  ( 0.09999075855428361800, 2.079959576973093000, 0.0000000000000000000 ) ) ;
#1849 = CARTESIAN_POINT ( 'NONE',  ( 3.070769560685124900, 0.4000000000000006300, 0.5000148110754012400 ) ) ;
#1850 = ORIENTED_EDGE ( 'NONE', *, *, #2404, .F. ) ;
#1851 = EDGE_LOOP ( 'NONE', ( #1252, #3323, #1608, #3345 ) ) ;
#1852 = UNCERTAINTY_MEASURE_WITH_UNIT (LENGTH_MEASURE( 1.000000000000000100E-005 ), #2538, 'distance_accuracy_value', 'NONE');
#1853 = FILL_AREA_STYLE ('',( #3354 ) ) ;
#1854 = CARTESIAN_POINT ( 'NONE',  ( 0.1388617100890807400, 2.197752478681508100, 0.5000000000000001100 ) ) ;
#1855 = FACE_OUTER_BOUND ( 'NONE', #5752, .T. ) ;
#1856 = ORIENTED_EDGE ( 'NONE', *, *, #5377, .F. ) ;
#1857 = ORIENTED_EDGE ( 'NONE', *, *, #5967, .F. ) ;
#1858 =( NAMED_UNIT ( * ) PLANE_ANGLE_UNIT ( ) SI_UNIT ( $, .RADIAN. ) );
#1859 = CARTESIAN_POINT ( 'NONE',  ( 3.080059201857620700, 0.4015377163306959600, 0.4999999824757847500 ) ) ;
#1860 = CARTESIAN_POINT ( 'NONE',  ( 0.03000000000000037700, 2.469999999999999800, 0.0000000000000000000 ) ) ;
#1861 = CARTESIAN_POINT ( 'NONE',  ( 3.079842557812610500, 0.2942209357623294400, 0.4800000000000000900 ) ) ;
#1862 = ORIENTED_EDGE ( 'NONE', *, *, #2510, .T. ) ;
#1863 = PRESENTATION_LAYER_ASSIGNMENT (  '', '', ( #1499 ) ) ;
#1864 = STYLED_ITEM ( 'NONE', ( #877 ), #2904 ) ;
#1865 = CARTESIAN_POINT ( 'NONE',  ( 2.409264482820521600, 1.923971919735854000, 0.6100000000000001000 ) ) ;
#1866 = CARTESIAN_POINT ( 'NONE',  ( 0.1299999999999999800, 0.3999999999999999700, 0.5200000000000000200 ) ) ;
#1867 = CARTESIAN_POINT ( 'NONE',  ( 0.1499999999999999900, 2.100000000000000100, 0.6000000000000000900 ) ) ;
#1868 = DIRECTION ( 'NONE',  ( 0.0000000000000000000, 1.000000000000000000, 0.0000000000000000000 ) ) ;
#1869 = PRESENTATION_LAYER_ASSIGNMENT (  '', '', ( #778 ) ) ;
#1870 = ORIENTED_EDGE ( 'NONE', *, *, #1426, .T. ) ;
#1871 = UNCERTAINTY_MEASURE_WITH_UNIT (LENGTH_MEASURE( 1.000000000000000100E-005 ), #681, 'distance_accuracy_value', 'NONE');
#1872 = CARTESIAN_POINT ( 'NONE',  ( 3.079999999999999600, 1.703333333333333600, 0.5000000000000000000 ) ) ;
#1873 = ORIENTED_EDGE ( 'NONE', *, *, #165, .F. ) ;
#1874 = CARTESIAN_POINT ( 'NONE',  ( 3.100009241445716300, 1.580047681430131000, 0.1700000000000000100 ) ) ;
#1875 = CARTESIAN_POINT ( 'NONE',  ( 2.800000000000000300, 0.1000000000000001900, 0.3649999999999999900 ) ) ;
#1876 = ORIENTED_EDGE ( 'NONE', *, *, #3802, .T. ) ;
#1877 =( NAMED_UNIT ( * ) SI_UNIT ( $, .STERADIAN. ) SOLID_ANGLE_UNIT ( ) );
#1878 = MECHANICAL_DESIGN_GEOMETRIC_PRESENTATION_REPRESENTATION (  '', ( #417 ), #2238 ) ;
#1879 = FILL_AREA_STYLE ('',( #2966 ) ) ;
#1880 = EDGE_CURVE ( 'NONE', #4903, #5535, #4709, .T. ) ;
#1881 = FILL_AREA_STYLE_COLOUR ( '', #2350 ) ;
#1882 = FILL_AREA_STYLE ('',( #1810 ) ) ;
#1883 = COLOUR_RGB ( '',0.8274509803921568100, 0.6666666666666666300, 0.1294117647058823400 ) ;
#1884 = AXIS2_PLACEMENT_3D ( 'NONE', #3209, #6996, #3734 ) ;
#1885 = CARTESIAN_POINT ( 'NONE',  ( 0.5600000000000000500, 2.379999999999999900, 0.5000000000000000000 ) ) ;
#1886 = CARTESIAN_POINT ( 'NONE',  ( 0.09999075855428361800, 0.4200404230269067000, 0.0000000000000000000 ) ) ;
#1887 = FILL_AREA_STYLE ('',( #2976 ) ) ;
#1888 = COLOUR_RGB ( '',0.01176470588235294100, 0.0000000000000000000, 0.05882352941176470500 ) ;
#1889 = CARTESIAN_POINT ( 'NONE',  ( 1.119723590466932000, 0.09986109713243988800, 0.1700000000000000100 ) ) ;
#1890 = SURFACE_STYLE_USAGE ( .BOTH. , #5139 ) ;
#1891 = ORIENTED_EDGE ( 'NONE', *, *, #2340, .F. ) ;
#1892 =( NAMED_UNIT ( * ) PLANE_ANGLE_UNIT ( ) SI_UNIT ( $, .RADIAN. ) );
#1893 = EDGE_CURVE ( 'NONE', #6008, #401, #6315, .T. ) ;
#1894 = VECTOR ( 'NONE', #2401, 1000.000000000000000 ) ;
#1895 = DIRECTION ( 'NONE',  ( 0.0000000000000000000, 1.000000000000000000, 0.0000000000000000000 ) ) ;
#1896 = PRESENTATION_STYLE_ASSIGNMENT (( #2284 ) ) ;
#1897 = LINE ( 'NONE', #5461, #4786 ) ;
#1898 =( NAMED_UNIT ( * ) SI_UNIT ( $, .STERADIAN. ) SOLID_ANGLE_UNIT ( ) );
#1899 = DIRECTION ( 'NONE',  ( 0.0000000000000000000, 1.000000000000000000, 0.0000000000000000000 ) ) ;
#1900 = MECHANICAL_DESIGN_GEOMETRIC_PRESENTATION_REPRESENTATION (  '', ( #807 ), #2266 ) ;
#1901 = AXIS2_PLACEMENT_3D ( 'NONE', #5336, #2068, #5898 ) ;
#1902 = CARTESIAN_POINT ( 'NONE',  ( 2.798462283668249100, 2.380029600947326500, 0.4999999945468928700 ) ) ;
#1903 = LINE ( 'NONE', #88, #6080 ) ;
#1904 =( BOUNDED_SURFACE ( )  B_SPLINE_SURFACE ( 3, 3, ( 
 ( #3923, #4546, #1284, #5096 ),
 ( #1834, #5636, #2373, #6188 ),
 ( #2936, #6738, #3487, #213 ),
 ( #4019, #767, #4574, #1309 ) ),
 .UNSPECIFIED., .F., .F., .F. ) 
 B_SPLINE_SURFACE_WITH_KNOTS ( ( 4, 4 ),
 ( 4, 4 ),
 ( 0.0000000000000000000, 1.000000000000000000 ),
 ( 0.0000000000000000000, 1.000000000000000000 ),
 .UNSPECIFIED. ) 
 GEOMETRIC_REPRESENTATION_ITEM ( )  RATIONAL_B_SPLINE_SURFACE ( (
 ( 1.000000000000000000, 0.8047378541243667100, 0.8047378541243667100, 1.000000000000000000),
 ( 0.8047378541243649400, 0.6476030138606890800, 0.6476030138606890800, 0.8047378541243649400),
 ( 0.8047378541243649400, 0.6476030138606890800, 0.6476030138606890800, 0.8047378541243649400),
 ( 1.000000000000000000, 0.8047378541243667100, 0.8047378541243667100, 1.000000000000000000) ) ) 
 REPRESENTATION_ITEM ( '' )  SURFACE ( )  );
#1905 = CARTESIAN_POINT ( 'NONE',  ( 2.639999999999993900, 2.399999999999999900, 0.4800000000000000900 ) ) ;
#1906 = SURFACE_STYLE_FILL_AREA ( #126 ) ;
#1907 =( GEOMETRIC_REPRESENTATION_CONTEXT ( 3 ) GLOBAL_UNCERTAINTY_ASSIGNED_CONTEXT ( ( #6969 ) ) GLOBAL_UNIT_ASSIGNED_CONTEXT ( ( #6075, #2810, #6632 ) ) REPRESENTATION_CONTEXT ( 'NONE', 'WORKASPACE' ) );
#1908 =( NAMED_UNIT ( * ) PLANE_ANGLE_UNIT ( ) SI_UNIT ( $, .RADIAN. ) );
#1909 = FILL_AREA_STYLE ('',( #795 ) ) ;
#1910 =( LENGTH_UNIT ( ) NAMED_UNIT ( * ) SI_UNIT ( .MILLI., .METRE. ) );
#1911 = STYLED_ITEM ( 'NONE', ( #5084 ), #3585 ) ;
#1912 = SURFACE_STYLE_FILL_AREA ( #5913 ) ;
#1913 = LINE ( 'NONE', #1266, #4800 ) ;
#1914 = CARTESIAN_POINT ( 'NONE',  ( 3.100000000000000100, 0.4000000000000003600, 0.5000000000000000000 ) ) ;
#1915 = ORIENTED_EDGE ( 'NONE', *, *, #1720, .F. ) ;
#1916 = ORIENTED_EDGE ( 'NONE', *, *, #6646, .T. ) ;
#1917 = EDGE_CURVE ( 'NONE', #6873, #2280, #6803, .T. ) ;
#1918 = CARTESIAN_POINT ( 'NONE',  ( 0.2942209357623307700, 2.379842557812610300, 0.4800000000000000900 ) ) ;
#1919 =( NAMED_UNIT ( * ) PLANE_ANGLE_UNIT ( ) SI_UNIT ( $, .RADIAN. ) );
#1920 = CIRCLE ( 'NONE', #3992, 0.02000000000000005200 ) ;
#1921 = PRESENTATION_STYLE_ASSIGNMENT (( #2114 ) ) ;
#1922 = PLANE ( 'NONE',  #212 ) ;
#1923 = VECTOR ( 'NONE', #279, 1000.000000000000000 ) ;
#1924 = FACE_OUTER_BOUND ( 'NONE', #102, .T. ) ;
#1925 = EDGE_LOOP ( 'NONE', ( #845, #4909, #1772, #2956 ) ) ;
#1926 = ORIENTED_EDGE ( 'NONE', *, *, #3358, .T. ) ;
#1927 = ORIENTED_EDGE ( 'NONE', *, *, #2741, .T. ) ;
#1928 = DIRECTION ( 'NONE',  ( 0.0000000000000000000, 0.0000000000000000000, 1.000000000000000000 ) ) ;
#1929 = DIRECTION ( 'NONE',  ( 0.0000000000000000000, -0.0000000000000000000, -1.000000000000000000 ) ) ;
#1930 =( NAMED_UNIT ( * ) PLANE_ANGLE_UNIT ( ) SI_UNIT ( $, .RADIAN. ) );
#1931 = VECTOR ( 'NONE', #4549, 1000.000000000000000 ) ;
#1932 = VERTEX_POINT ( 'NONE', #6975 ) ;
#1933 = ORIENTED_EDGE ( 'NONE', *, *, #3390, .F. ) ;
#1934 = EDGE_CURVE ( 'NONE', #3576, #5067, #6837, .T. ) ;
#1935 = DIRECTION ( 'NONE',  ( -0.0000000000000000000, -0.0000000000000000000, -1.000000000000000000 ) ) ;
#1936 = UNCERTAINTY_MEASURE_WITH_UNIT (LENGTH_MEASURE( 1.000000000000000100E-005 ), #159, 'distance_accuracy_value', 'NONE');
#1937 =( NAMED_UNIT ( * ) SI_UNIT ( $, .STERADIAN. ) SOLID_ANGLE_UNIT ( ) );
#1938 = VECTOR ( 'NONE', #6725, 1000.000000000000000 ) ;
#1939 = DIRECTION ( 'NONE',  ( 0.0000000000000000000, 1.000000000000000000, 0.0000000000000000000 ) ) ;
#1940 = VECTOR ( 'NONE', #787, 1000.000000000000000 ) ;
#1941 = ORIENTED_EDGE ( 'NONE', *, *, #3426, .F. ) ;
#1942 = DIRECTION ( 'NONE',  ( 0.0000000000000000000, 0.0000000000000000000, 1.000000000000000000 ) ) ;
#1943 = SURFACE_STYLE_USAGE ( .BOTH. , #5197 ) ;
#1944 =( LENGTH_UNIT ( ) NAMED_UNIT ( * ) SI_UNIT ( .MILLI., .METRE. ) );
#1945 =( LENGTH_UNIT ( ) NAMED_UNIT ( * ) SI_UNIT ( .MILLI., .METRE. ) );
#1946 =( GEOMETRIC_REPRESENTATION_CONTEXT ( 3 ) GLOBAL_UNCERTAINTY_ASSIGNED_CONTEXT ( ( #5481 ) ) GLOBAL_UNIT_ASSIGNED_CONTEXT ( ( #6060, #2798, #6604 ) ) REPRESENTATION_CONTEXT ( 'NONE', 'WORKASPACE' ) );
#1947 = MECHANICAL_DESIGN_GEOMETRIC_PRESENTATION_REPRESENTATION (  '', ( #129 ), #2310 ) ;
#1948 = ADVANCED_FACE ( 'NONE', ( #2479 ), #1011, .F. ) ;
#1949 =( GEOMETRIC_REPRESENTATION_CONTEXT ( 3 ) GLOBAL_UNCERTAINTY_ASSIGNED_CONTEXT ( ( #830 ) ) GLOBAL_UNIT_ASSIGNED_CONTEXT ( ( #1329, #5128, #1877 ) ) REPRESENTATION_CONTEXT ( 'NONE', 'WORKASPACE' ) );
#1950 = EDGE_LOOP ( 'NONE', ( #1330, #4526, #4502, #6100 ) ) ;
#1951 = DIRECTION ( 'NONE',  ( -0.0000000000000000000, -0.0000000000000000000, -1.000000000000000000 ) ) ;
#1952 = SURFACE_STYLE_USAGE ( .BOTH. , #5207 ) ;
#1953 = CARTESIAN_POINT ( 'NONE',  ( 3.050000000000000300, 2.246446609406726100, 0.5079235637004543300 ) ) ;
#1954 = EDGE_CURVE ( 'NONE', #5499, #3978, #4483, .T. ) ;
#1955 = CARTESIAN_POINT ( 'NONE',  ( 2.961919769664047100, 0.1509749249621630500, 0.4800000000000001500 ) ) ;
#1956 = ORIENTED_EDGE ( 'NONE', *, *, #6806, .F. ) ;
#1957 = DIRECTION ( 'NONE',  ( 0.0000000000000000000, 0.0000000000000000000, 1.000000000000000000 ) ) ;
#1958 = CARTESIAN_POINT ( 'NONE',  ( 0.1299999999999999800, 2.100000000000000100, 0.5000000000000000000 ) ) ;
#1959 = CIRCLE ( 'NONE', #4522, 0.2000000000000005100 ) ;
#1960 = EDGE_CURVE ( 'NONE', #4955, #1689, #286, .T. ) ;
#1961 = B_SPLINE_CURVE_WITH_KNOTS ( 'NONE', 3,
 ( #6499, #525, #3283, #4, #3806, #550 ),
 .UNSPECIFIED., .F., .F.,
 ( 4, 2, 4 ),
 ( 0.0000000000000000000, 0.5000000000000000000, 1.000000000000000000 ),
 .UNSPECIFIED. ) ;
#1962 = DIRECTION ( 'NONE',  ( 0.7184060015747271200, -0.6956240485358546900, 0.0000000000000000000 ) ) ;
#1963 = CARTESIAN_POINT ( 'NONE',  ( 0.1500000000000002200, 2.246446609406726600, 0.5079226145318315200 ) ) ;
#1964 = SURFACE_STYLE_FILL_AREA ( #4039 ) ;
#1965 = CARTESIAN_POINT ( 'NONE',  ( 0.0000000000000000000, 0.4200404230269067000, 0.0000000000000000000 ) ) ;
#1966 = CARTESIAN_POINT ( 'NONE',  ( 2.990000000000001100, 0.4000000000000009100, 0.5400000000000001500 ) ) ;
#1967 =( NAMED_UNIT ( * ) SI_UNIT ( $, .STERADIAN. ) SOLID_ANGLE_UNIT ( ) );
#1968 = EDGE_CURVE ( 'NONE', #5067, #2970, #5936, .T. ) ;
#1969 = FILL_AREA_STYLE ('',( #1484 ) ) ;
#1970 = CARTESIAN_POINT ( 'NONE',  ( 0.03770962490866242000, 2.311771750539740400, 0.2900000000000000400 ) ) ;
#1971 = FACE_OUTER_BOUND ( 'NONE', #743, .T. ) ;
#1972 = SURFACE_SIDE_STYLE ('',( #2979 ) ) ;
#1973 = SURFACE_STYLE_FILL_AREA ( #4803 ) ;
#1974 = DIRECTION ( 'NONE',  ( 0.0000000000000000000, 0.0000000000000000000, 1.000000000000000000 ) ) ;
#1975 = PRESENTATION_STYLE_ASSIGNMENT (( #4396 ) ) ;
#1976 = CARTESIAN_POINT ( 'NONE',  ( 3.011771750535752600, 2.462290375091541700, 0.2899999999999999800 ) ) ;
#1977 = AXIS2_PLACEMENT_3D ( 'NONE', #691, #4503, #1236 ) ;
#1978 = CIRCLE ( 'NONE', #4459, 0.2000000000000000900 ) ;
#1979 = COLOUR_RGB ( '',0.8274509803921568100, 0.6666666666666666300, 0.1294117647058823400 ) ;
#1980 = SURFACE_SIDE_STYLE ('',( #3548 ) ) ;
#1981 = UNCERTAINTY_MEASURE_WITH_UNIT (LENGTH_MEASURE( 1.000000000000000100E-005 ), #2100, 'distance_accuracy_value', 'NONE');
#1982 = CARTESIAN_POINT ( 'NONE',  ( 0.2293244958548600600, 0.3023196127627306200, 0.6000000000000002000 ) ) ;
#1983 = CIRCLE ( 'NONE', #4219, 0.02000000000000005200 ) ;
#1984 = VERTEX_POINT ( 'NONE', #7021 ) ;
#1985 = ORIENTED_EDGE ( 'NONE', *, *, #933, .F. ) ;
#1986 = FACE_OUTER_BOUND ( 'NONE', #5845, .T. ) ;
#1987 = SURFACE_STYLE_FILL_AREA ( #3094 ) ;
#1988 = LINE ( 'NONE', #1659, #556 ) ;
#1989 = ORIENTED_EDGE ( 'NONE', *, *, #5470, .T. ) ;
#1990 = FILL_AREA_STYLE ('',( #3066 ) ) ;
#1991 = SURFACE_SIDE_STYLE ('',( #5057 ) ) ;
#1992 = PRESENTATION_LAYER_ASSIGNMENT (  '', '', ( #1277 ) ) ;
#1993 = ORIENTED_EDGE ( 'NONE', *, *, #520, .T. ) ;
#1994 = ORIENTED_EDGE ( 'NONE', *, *, #654, .T. ) ;
#1995 = ORIENTED_EDGE ( 'NONE', *, *, #6127, .F. ) ;
#1996 = CARTESIAN_POINT ( 'NONE',  ( 0.0000000000000000000, 2.079959576973093000, 0.0000000000000000000 ) ) ;
#1997 = FILL_AREA_STYLE ('',( #919 ) ) ;
#1998 = ORIENTED_EDGE ( 'NONE', *, *, #798, .T. ) ;
#1999 = CARTESIAN_POINT ( 'NONE',  ( 0.4000000000000000800, 2.325147186257615400, 0.6000000000000002000 ) ) ;
#2000 = ORIENTED_EDGE ( 'NONE', *, *, #418, .F. ) ;
#2001 = ORIENTED_EDGE ( 'NONE', *, *, #4875, .T. ) ;
#2002 = EDGE_CURVE ( 'NONE', #648, #6189, #3046, .T. ) ;
#2003 = CARTESIAN_POINT ( 'NONE',  ( 2.587238102081019600E-017, 2.299999999999999800, 0.1700000000000000100 ) ) ;
#2004 = SURFACE_STYLE_USAGE ( .BOTH. , #5266 ) ;
#2005 = CARTESIAN_POINT ( 'NONE',  ( 0.4200624981287633400, 2.400138902867559900, 0.1700000000000000100 ) ) ;
#2006 = AXIS2_PLACEMENT_3D ( 'NONE', #5098, #1842, #5641 ) ;
#2007 = ORIENTED_EDGE ( 'NONE', *, *, #6770, .T. ) ;
#2008 = VERTEX_POINT ( 'NONE', #1616 ) ;
#2009 =( NAMED_UNIT ( * ) PLANE_ANGLE_UNIT ( ) SI_UNIT ( $, .RADIAN. ) );
#2010 = FACE_OUTER_BOUND ( 'NONE', #3500, .T. ) ;
#2011 = EDGE_CURVE ( 'NONE', #3304, #5585, #2870, .T. ) ;
#2012 = VERTEX_POINT ( 'NONE', #5963 ) ;
#2013 = FILL_AREA_STYLE_COLOUR ( '', #1638 ) ;
#2014 = SURFACE_STYLE_FILL_AREA ( #4610 ) ;
#2015 = DIRECTION ( 'NONE',  ( 0.0000000000000000000, 0.0000000000000000000, 1.000000000000000000 ) ) ;
#2016 = DIRECTION ( 'NONE',  ( 1.000000000000000000, 0.0000000000000000000, 0.0000000000000000000 ) ) ;
#2017 = DIRECTION ( 'NONE',  ( -1.000000000000000000, -3.053757688596834300E-016, 0.0000000000000000000 ) ) ;
#2018 = STYLED_ITEM ( 'NONE', ( #6686 ), #4253 ) ;
#2019 = DIRECTION ( 'NONE',  ( 0.0000000000000000000, -0.0000000000000000000, -1.000000000000000000 ) ) ;
#2020 = PRESENTATION_LAYER_ASSIGNMENT (  '', '', ( #2391 ) ) ;
#2021 =( NAMED_UNIT ( * ) SI_UNIT ( $, .STERADIAN. ) SOLID_ANGLE_UNIT ( ) );
#2022 = CARTESIAN_POINT ( 'NONE',  ( 2.779937501871236900, 0.0000000000000000000, 0.1700000000000000100 ) ) ;
#2023 = STYLED_ITEM ( 'NONE', ( #3607 ), #2287 ) ;
#2024 = ORIENTED_EDGE ( 'NONE', *, *, #2698, .F. ) ;
#2025 = ORIENTED_EDGE ( 'NONE', *, *, #2209, .T. ) ;
#2026 =( LENGTH_UNIT ( ) NAMED_UNIT ( * ) SI_UNIT ( .MILLI., .METRE. ) );
#2027 = CARTESIAN_POINT ( 'NONE',  ( 2.994426580903603700, 2.288180748514550900, 0.5000030481415291800 ) ) ;
#2028 = PRESENTATION_LAYER_ASSIGNMENT (  '', '', ( #1312 ) ) ;
#2029 = PRESENTATION_LAYER_ASSIGNMENT (  '', '', ( #1318 ) ) ;
#2030 = DIRECTION ( 'NONE',  ( -1.000000000000000000, -0.0000000000000000000, 0.0000000000000000000 ) ) ;
#2031 = CARTESIAN_POINT ( 'NONE',  ( 2.779937501871236900, 0.09986109713243988800, 0.1700000000000000100 ) ) ;
#2032 = CARTESIAN_POINT ( 'NONE',  ( 3.169999999999999900, 0.2999999999999999900, 0.1700000000000000100 ) ) ;
#2033 = DIRECTION ( 'NONE',  ( 3.053757688596834300E-016, -1.000000000000000000, 0.0000000000000000000 ) ) ;
#2034 =( NAMED_UNIT ( * ) SI_UNIT ( $, .STERADIAN. ) SOLID_ANGLE_UNIT ( ) );
#2035 =( NAMED_UNIT ( * ) PLANE_ANGLE_UNIT ( ) SI_UNIT ( $, .RADIAN. ) );
#2036 = EDGE_CURVE ( 'NONE', #2518, #4144, #143, .T. ) ;
#2037 = CARTESIAN_POINT ( 'NONE',  ( 1.119723590466932000, 0.09986109713243988800, 0.1700000000000000100 ) ) ;
#2038 =( NAMED_UNIT ( * ) SI_UNIT ( $, .STERADIAN. ) SOLID_ANGLE_UNIT ( ) );
#2039 = COLOUR_RGB ( '',0.01176470588235294100, 0.0000000000000000000, 0.05882352941176470500 ) ;
#2040 = ORIENTED_EDGE ( 'NONE', *, *, #4078, .T. ) ;
#2041 = CARTESIAN_POINT ( 'NONE',  ( 0.09995611466156406600, 0.3944873709770338500, 0.5000000000000097700 ) ) ;
#2042 = CARTESIAN_POINT ( 'NONE',  ( 3.200000000000000200, 0.4200404230269067000, 0.0000000000000000000 ) ) ;
#2043 = PRESENTATION_LAYER_ASSIGNMENT (  '', '', ( #1711 ) ) ;
#2044 = FILL_AREA_STYLE ('',( #6904 ) ) ;
#2045 = DIRECTION ( 'NONE',  ( 1.000000000000000000, 0.0000000000000000000, 0.0000000000000000000 ) ) ;
#2046 = SURFACE_STYLE_FILL_AREA ( #1747 ) ;
#2047 = DIRECTION ( 'NONE',  ( -0.0000000000000000000, 0.0000000000000000000, 1.000000000000000000 ) ) ;
#2048 =( GEOMETRIC_REPRESENTATION_CONTEXT ( 3 ) GLOBAL_UNCERTAINTY_ASSIGNED_CONTEXT ( ( #2377 ) ) GLOBAL_UNIT_ASSIGNED_CONTEXT ( ( #2292, #6109, #2844 ) ) REPRESENTATION_CONTEXT ( 'NONE', 'WORKASPACE' ) );
#2049 = DIRECTION ( 'NONE',  ( -1.000000000000000000, 0.0000000000000000000, 0.0000000000000000000 ) ) ;
#2050 = EDGE_CURVE ( 'NONE', #2280, #4943, #6566, .T. ) ;
#2051 = LINE ( 'NONE', #6191, #6398 ) ;
#2052 = CARTESIAN_POINT ( 'NONE',  ( 3.162290375091631100, 0.1882282494656677700, 0.2899999999999999800 ) ) ;
#2053 = EDGE_CURVE ( 'NONE', #401, #7036, #1961, .T. ) ;
#2054 = COLOUR_RGB ( '',0.8274509803921568100, 0.6666666666666666300, 0.1254901960784313700 ) ;
#2055 = DIRECTION ( 'NONE',  ( 0.0000000000000000000, -1.000000000000000000, 0.0000000000000000000 ) ) ;
#2056 = PRESENTATION_STYLE_ASSIGNMENT (( #1753 ) ) ;
#2057 = CARTESIAN_POINT ( 'NONE',  ( 0.02999999999999994300, 0.09986109713243988800, 0.1700000000000000100 ) ) ;
#2058 = CARTESIAN_POINT ( 'NONE',  ( 0.4015377163292058700, 2.380059201829101600, 0.4999999781956464600 ) ) ;
#2059 = ADVANCED_FACE ( 'NONE', ( #4315 ), #4364, .F. ) ;
#2060 = FILL_AREA_STYLE ('',( #4188 ) ) ;
#2061 = CARTESIAN_POINT ( 'NONE',  ( 2.798004862393366200, 0.1156286484739407800, 0.4999916966769540300 ) ) ;
#2062 =( LENGTH_UNIT ( ) NAMED_UNIT ( * ) SI_UNIT ( .MILLI., .METRE. ) );
#2063 = CARTESIAN_POINT ( 'NONE',  ( 3.100009241445716300, 1.580047681430131000, 0.0000000000000000000 ) ) ;
#2064 = COLOUR_RGB ( '',0.01176470588235294100, 0.0000000000000000000, 0.05882352941176470500 ) ;
#2065 = SURFACE_STYLE_USAGE ( .BOTH. , #5329 ) ;
#2066 = CARTESIAN_POINT ( 'NONE',  ( 0.1509749249621583100, 0.2380802303359582100, 0.4800000000000000900 ) ) ;
#2067 = SURFACE_STYLE_FILL_AREA ( #5872 ) ;
#2068 = DIRECTION ( 'NONE',  ( 0.0000000000000000000, 1.000000000000000000, 0.0000000000000000000 ) ) ;
#2069 = UNCERTAINTY_MEASURE_WITH_UNIT (LENGTH_MEASURE( 1.000000000000000100E-005 ), #6689, 'distance_accuracy_value', 'NONE');
#2070 = VECTOR ( 'NONE', #6403, 1000.000000000000000 ) ;
#2071 = PRESENTATION_STYLE_ASSIGNMENT (( #6727 ) ) ;
#2072 = CARTESIAN_POINT ( 'NONE',  ( 2.989575732259180700, 2.152543309322850500, 0.6000000000000000900 ) ) ;
#2073 = ORIENTED_EDGE ( 'NONE', *, *, #201, .F. ) ;
#2074 = ORIENTED_EDGE ( 'NONE', *, *, #3973, .T. ) ;
#2075 =( NAMED_UNIT ( * ) SI_UNIT ( $, .STERADIAN. ) SOLID_ANGLE_UNIT ( ) );
#2076 = MECHANICAL_DESIGN_GEOMETRIC_PRESENTATION_REPRESENTATION (  '', ( #265 ), #2444 ) ;
#2077 = CARTESIAN_POINT ( 'NONE',  ( 2.779937501871236900, 0.09986109713243987400, 0.1700000000000000100 ) ) ;
#2078 = STYLED_ITEM ( 'NONE', ( #1896 ), #3037 ) ;
#2079 = DIRECTION ( 'NONE',  ( 0.0000000000000000000, -1.000000000000000000, 0.0000000000000000000 ) ) ;
#2080 = LINE ( 'NONE', #5322, #643 ) ;
#2081 = LINE ( 'NONE', #634, #647 ) ;
#2082 = ORIENTED_EDGE ( 'NONE', *, *, #2011, .T. ) ;
#2083 = EDGE_LOOP ( 'NONE', ( #6651, #1678, #735, #908 ) ) ;
#2084 = ORIENTED_EDGE ( 'NONE', *, *, #4754, .T. ) ;
#2085 = ORIENTED_EDGE ( 'NONE', *, *, #5432, .F. ) ;
#2086 = EDGE_CURVE ( 'NONE', #1328, #1785, #907, .T. ) ;
#2087 = DIRECTION ( 'NONE',  ( 0.0000000000000000000, -1.000000000000000000, 0.0000000000000000000 ) ) ;
#2088 = MECHANICAL_DESIGN_GEOMETRIC_PRESENTATION_REPRESENTATION (  '', ( #1365 ), #2451 ) ;
#2089 = VECTOR ( 'NONE', #1962, 1000.000000000000000 ) ;
#2090 = DIRECTION ( 'NONE',  ( 0.0000000000000000000, -0.0000000000000000000, 1.000000000000000000 ) ) ;
#2091 =( LENGTH_UNIT ( ) NAMED_UNIT ( * ) SI_UNIT ( .MILLI., .METRE. ) );
#2092 = FILL_AREA_STYLE_COLOUR ( '', #6430 ) ;
#2093 = APPLICATION_CONTEXT ( 'automotive_design' ) ;
#2094 = ORIENTED_EDGE ( 'NONE', *, *, #1751, .T. ) ;
#2095 = VERTEX_POINT ( 'NONE', #1109 ) ;
#2096 = UNCERTAINTY_MEASURE_WITH_UNIT (LENGTH_MEASURE( 1.000000000000000100E-005 ), #5073, 'distance_accuracy_value', 'NONE');
#2097 = VECTOR ( 'NONE', #4478, 1000.000000000000000 ) ;
#2098 = CARTESIAN_POINT ( 'NONE',  ( 0.09999075855428361800, 0.02999999999999997100, 0.1700000000000000100 ) ) ;
#2099 = SURFACE_STYLE_FILL_AREA ( #1879 ) ;
#2100 =( LENGTH_UNIT ( ) NAMED_UNIT ( * ) SI_UNIT ( .MILLI., .METRE. ) );
#2101 =( GEOMETRIC_REPRESENTATION_CONTEXT ( 3 ) GLOBAL_UNCERTAINTY_ASSIGNED_CONTEXT ( ( #5150 ) ) GLOBAL_UNIT_ASSIGNED_CONTEXT ( ( #892, #4153, #335 ) ) REPRESENTATION_CONTEXT ( 'NONE', 'WORKASPACE' ) );
#2102 = EDGE_CURVE ( 'NONE', #6864, #4480, #5072, .T. ) ;
#2103 = CARTESIAN_POINT ( 'NONE',  ( -1.626303258728256700E-016, 2.400138902867559900, 0.0000000000000000000 ) ) ;
#2104 = ORIENTED_EDGE ( 'NONE', *, *, #2550, .F. ) ;
#2105 = ADVANCED_FACE ( 'NONE', ( #3617 ), #5088, .F. ) ;
#2106 = PRESENTATION_STYLE_ASSIGNMENT (( #4693 ) ) ;
#2107 = B_SPLINE_CURVE_WITH_KNOTS ( 'NONE', 3,
 ( #5258, #1458, #6350, #3104 ),
 .UNSPECIFIED., .F., .F.,
 ( 4, 4 ),
 ( 0.0000000000000000000, 1.000000000000000000 ),
 .UNSPECIFIED. ) ;
#2108 =( NAMED_UNIT ( * ) PLANE_ANGLE_UNIT ( ) SI_UNIT ( $, .RADIAN. ) );
#2109 = CARTESIAN_POINT ( 'NONE',  ( 0.4000000000000001900, 0.09999999999999999200, 0.4800000000000000400 ) ) ;
#2110 = EDGE_CURVE ( 'NONE', #562, #1286, #219, .T. ) ;
#2111 = FILL_AREA_STYLE_COLOUR ( '', #2317 ) ;
#2112 = DIRECTION ( 'NONE',  ( 1.000000000000000000, 0.0000000000000000000, 0.0000000000000000000 ) ) ;
#2113 = CARTESIAN_POINT ( 'NONE',  ( 3.200000000000000200, 0.4200404230269067000, 0.2899999999999999800 ) ) ;
#2114 = SURFACE_STYLE_USAGE ( .BOTH. , #5368 ) ;
#2115 = UNCERTAINTY_MEASURE_WITH_UNIT (LENGTH_MEASURE( 1.000000000000000100E-005 ), #1124, 'distance_accuracy_value', 'NONE');
#2116 = STYLED_ITEM ( 'NONE', ( #4120 ), #4508 ) ;
#2117 = CARTESIAN_POINT ( 'NONE',  ( 0.2325212498603782800, 2.389847783205591500, 0.3210660171779821100 ) ) ;
#2118 = FILL_AREA_STYLE_COLOUR ( '', #5813 ) ;
#2119 = DIRECTION ( 'NONE',  ( 0.0000000000000000000, 1.000000000000000000, 0.0000000000000000000 ) ) ;
#2120 =( NAMED_UNIT ( * ) SI_UNIT ( $, .STERADIAN. ) SOLID_ANGLE_UNIT ( ) );
#2121 = DIRECTION ( 'NONE',  ( -0.0000000000000000000, -1.000000000000000000, -0.0000000000000000000 ) ) ;
#2122 = AXIS2_PLACEMENT_3D ( 'NONE', #6005, #2735, #6558 ) ;
#2123 = CARTESIAN_POINT ( 'NONE',  ( 0.09999999999999431600, 1.976928110917875800, 0.5000000000000027800 ) ) ;
#2124 = CARTESIAN_POINT ( 'NONE',  ( 2.080276409533067900, 0.09986109713243988800, 0.1700000000000000100 ) ) ;
#2125 = AXIS2_PLACEMENT_3D ( 'NONE', #6083, #2820, #6643 ) ;
#2126 = EDGE_LOOP ( 'NONE', ( #5760, #552, #4251, #4604 ) ) ;
#2127 = FILL_AREA_STYLE_COLOUR ( '', #2507 ) ;
#2128 = CARTESIAN_POINT ( 'NONE',  ( 0.3236811373699422500, 0.1303386531900338500, 0.5000000000000000000 ) ) ;
#2129 = SURFACE_SIDE_STYLE ('',( #6154 ) ) ;
#2130 = MECHANICAL_DESIGN_GEOMETRIC_PRESENTATION_REPRESENTATION (  '', ( #314 ), #2480 ) ;
#2131 = LINE ( 'NONE', #1440, #5026 ) ;
#2132 = EDGE_LOOP ( 'NONE', ( #3832, #3047, #3141, #4914 ) ) ;
#2133 = MECHANICAL_DESIGN_GEOMETRIC_PRESENTATION_REPRESENTATION (  '', ( #1415 ), #2486 ) ;
#2134 = VECTOR ( 'NONE', #4055, 1000.000000000000000 ) ;
#2135 = CARTESIAN_POINT ( 'NONE',  ( 0.09999075855428361800, 1.580047681430131000, 0.1700000000000000100 ) ) ;
#2136 = CARTESIAN_POINT ( 'NONE',  ( 0.02999999999999994300, 0.02999999999999997100, 0.1700000000000000100 ) ) ;
#2137 = VECTOR ( 'NONE', #5633, 1000.000000000000000 ) ;
#2138 = COLOUR_RGB ( '',0.01176470588235294100, 0.0000000000000000000, 0.05882352941176470500 ) ;
#2139 = ADVANCED_FACE ( 'NONE', ( #4562 ), #4012, .T. ) ;
#2140 = CARTESIAN_POINT ( 'NONE',  ( 0.09999075855428372900, 0.9199523185698690300, 0.1700000000000000100 ) ) ;
#2141 = FILL_AREA_STYLE_COLOUR ( '', #2677 ) ;
#2142 = PRESENTATION_LAYER_ASSIGNMENT (  '', '', ( #1790 ) ) ;
#2143 = EDGE_CURVE ( 'NONE', #1689, #5356, #1433, .T. ) ;
#2144 = UNCERTAINTY_MEASURE_WITH_UNIT (LENGTH_MEASURE( 1.000000000000000100E-005 ), #1152, 'distance_accuracy_value', 'NONE');
#2145 =( NAMED_UNIT ( * ) PLANE_ANGLE_UNIT ( ) SI_UNIT ( $, .RADIAN. ) );
#2146 = CARTESIAN_POINT ( 'NONE',  ( 0.02999999999999994300, 0.9199523185698690300, 0.1700000000000000100 ) ) ;
#2147 = VECTOR ( 'NONE', #3359, 1000.000000000000000 ) ;
#2148 = CARTESIAN_POINT ( 'NONE',  ( 0.4200624981287628400, 0.09986109713243988800, 0.1700000000000000100 ) ) ;
#2149 = STYLED_ITEM ( 'NONE', ( #2151 ), #1710 ) ;
#2150 = CARTESIAN_POINT ( 'NONE',  ( 0.1000000000000000100, 0.4000000000000000200, 0.4800000000000000900 ) ) ;
#2151 = PRESENTATION_STYLE_ASSIGNMENT (( #2289 ) ) ;
#2152 = SURFACE_STYLE_USAGE ( .BOTH. , #5408 ) ;
#2153 = SURFACE_SIDE_STYLE ('',( #6861 ) ) ;
#2154 = SURFACE_SIDE_STYLE ('',( #2958 ) ) ;
#2155 = EDGE_CURVE ( 'NONE', #5229, #6955, #3876, .T. ) ;
#2156 = PRESENTATION_STYLE_ASSIGNMENT (( #2065 ) ) ;
#2157 = VECTOR ( 'NONE', #4372, 1000.000000000000000 ) ;
#2158 = PRESENTATION_STYLE_ASSIGNMENT (( #1381 ) ) ;
#2159 = FILL_AREA_STYLE ('',( #2111 ) ) ;
#2160 = CARTESIAN_POINT ( 'NONE',  ( 0.4000000000000001300, 2.370000000000000100, 0.5000000000000000000 ) ) ;
#2161 = PRESENTATION_STYLE_ASSIGNMENT (( #1361 ) ) ;
#2162 = DIRECTION ( 'NONE',  ( 0.0000000000000000000, 0.0000000000000000000, -1.000000000000000000 ) ) ;
#2163 = VERTEX_POINT ( 'NONE', #5685 ) ;
#2164 = VERTEX_POINT ( 'NONE', #6223 ) ;
#2165 = LINE ( 'NONE', #4470, #728 ) ;
#2166 = PRESENTATION_LAYER_ASSIGNMENT (  '', '', ( #1088 ) ) ;
#2167 = VECTOR ( 'NONE', #4158, 1000.000000000000000 ) ;
#2168 = LINE ( 'NONE', #5988, #5060 ) ;
#2169 = STYLED_ITEM ( 'NONE', ( #1165 ), #2184 ) ;
#2170 = CARTESIAN_POINT ( 'NONE',  ( 0.9599999986293775700, 0.1000000000000000100, 0.4999999999999999400 ) ) ;
#2171 = LINE ( 'NONE', #4662, #730 ) ;
#2172 = SURFACE_SIDE_STYLE ('',( #1225 ) ) ;
#2173 = ORIENTED_EDGE ( 'NONE', *, *, #6806, .T. ) ;
#2174 = DIRECTION ( 'NONE',  ( 0.0000000000000000000, 0.0000000000000000000, 1.000000000000000000 ) ) ;
#2175 = ORIENTED_EDGE ( 'NONE', *, *, #6682, .F. ) ;
#2176 = ORIENTED_EDGE ( 'NONE', *, *, #4258, .F. ) ;
#2177 = ORIENTED_EDGE ( 'NONE', *, *, #2889, .F. ) ;
#2178 = DIRECTION ( 'NONE',  ( -0.0000000000000000000, -0.0000000000000000000, -1.000000000000000000 ) ) ;
#2179 = DIRECTION ( 'NONE',  ( 0.0000000000000000000, 0.0000000000000000000, 1.000000000000000000 ) ) ;
#2180 = PRESENTATION_STYLE_ASSIGNMENT (( #1575 ) ) ;
#2181 = COLOUR_RGB ( '',0.8274509803921568100, 0.6666666666666666300, 0.1294117647058823400 ) ;
#2182 = STYLED_ITEM ( 'NONE', ( #3389 ), #4976 ) ;
#2183 = ORIENTED_EDGE ( 'NONE', *, *, #2830, .T. ) ;
#2184 = ADVANCED_FACE ( 'NONE', ( #5313 ), #6094, .T. ) ;
#2185 = DIRECTION ( 'NONE',  ( 0.0000000000000000000, -0.0000000000000000000, 1.000000000000000000 ) ) ;
#2186 = CARTESIAN_POINT ( 'NONE',  ( 2.800000000000001200, 0.1500000000000001300, 0.5751471862576144100 ) ) ;
#2187 = PRESENTATION_LAYER_ASSIGNMENT (  '', '', ( #1818 ) ) ;
#2188 =( NAMED_UNIT ( * ) SI_UNIT ( $, .STERADIAN. ) SOLID_ANGLE_UNIT ( ) );
#2189 = DIRECTION ( 'NONE',  ( -0.0000000000000000000, -1.000000000000000000, -0.0000000000000000000 ) ) ;
#2190 = STYLED_ITEM ( 'NONE', ( #5025 ), #3339 ) ;
#2191 = ORIENTED_EDGE ( 'NONE', *, *, #4989, .F. ) ;
#2192 = CLOSED_SHELL ( 'NONE', ( #2628, #1190, #3995, #2184, #1045, #6114, #3816, #3747, #5428, #3037, #1700, #6584, #5724, #1710, #109, #2353, #4823, #5610, #5516, #7044, #6966, #2287, #2793, #5192, #6833, #3869, #2749, #5562, #2139, #816, #3924, #4632, #1795, #3895, #714, #6550, #5900, #3959, #5742, #2481, #4857, #4407, #1760, #1822, #646, #4285, #5, #5380, #4253, #3585, #4976, #6683, #6044, #1728, #6422, #1628, #1214, #6056, #4672, #6465, #6007, #6997, #2250, #153, #1121, #3366, #5161, #6173, #1948, #4366, #1547, #3779, #37, #1154, #503, #79, #6500, #769, #885, #5064, #1254, #1012, #853, #5781, #1658, #3070, #582, #2861, #2059, #536, #5350, #3274 ) ) ;
#2193 = CARTESIAN_POINT ( 'NONE',  ( 0.3972620349942652700, 0.02499999999999999400, 0.2899999999999999800 ) ) ;
#2194 = EDGE_CURVE ( 'NONE', #1291, #6091, #477, .T. ) ;
#2195 = CARTESIAN_POINT ( 'NONE',  ( 0.09999075855428361800, 2.079959576973093000, 0.1700000000000000100 ) ) ;
#2196 = ORIENTED_EDGE ( 'NONE', *, *, #2086, .T. ) ;
#2197 = ORIENTED_EDGE ( 'NONE', *, *, #156, .T. ) ;
#2198 = FILL_AREA_STYLE_COLOUR ( '', #6193 ) ;
#2199 = CIRCLE ( 'NONE', #1778, 0.05999999999999994200 ) ;
#2200 =( LENGTH_UNIT ( ) NAMED_UNIT ( * ) SI_UNIT ( .MILLI., .METRE. ) );
#2201 = DIRECTION ( 'NONE',  ( -0.0000000000000000000, 0.0000000000000000000, -1.000000000000000000 ) ) ;
#2202 = COLOUR_RGB ( '',0.01176470588235294100, 0.0000000000000000000, 0.05882352941176470500 ) ;
#2203 = STYLED_ITEM ( 'NONE', ( #6384 ), #1214 ) ;
#2204 = ORIENTED_EDGE ( 'NONE', *, *, #5344, .T. ) ;
#2205 = CARTESIAN_POINT ( 'NONE',  ( 2.240000000000026400, 0.1000000000000000100, 0.4800000000000000900 ) ) ;
#2206 = DIRECTION ( 'NONE',  ( 0.0000000000000000000, 1.000000000000000000, 0.0000000000000000000 ) ) ;
#2207 = CARTESIAN_POINT ( 'NONE',  ( 2.800000000000000300, 2.290000000000000000, 0.5400000000000001500 ) ) ;
#2208 = CARTESIAN_POINT ( 'NONE',  ( 0.02500000000000002600, 2.458159148820140000, 0.3649999999999999900 ) ) ;
#2209 = EDGE_CURVE ( 'NONE', #3051, #312, #1920, .T. ) ;
#2210 = CARTESIAN_POINT ( 'NONE',  ( 0.1292294819680875900, 0.2413863028276952400, 0.5000148479624873000 ) ) ;
#2211 = DIRECTION ( 'NONE',  ( -1.000000000000000000, 0.0000000000000000000, 0.0000000000000000000 ) ) ;
#2212 = ORIENTED_EDGE ( 'NONE', *, *, #1477, .F. ) ;
#2213 = CARTESIAN_POINT ( 'NONE',  ( -1.626303258728256700E-016, 2.500000000000000400, 0.2899999999999999800 ) ) ;
#2214 =( NAMED_UNIT ( * ) PLANE_ANGLE_UNIT ( ) SI_UNIT ( $, .RADIAN. ) );
#2215 = UNCERTAINTY_MEASURE_WITH_UNIT (LENGTH_MEASURE( 1.000000000000000100E-005 ), #1593, 'distance_accuracy_value', 'NONE');
#2216 = CARTESIAN_POINT ( 'NONE',  ( -1.626303258728256700E-016, 0.09986109713243988800, 0.0000000000000000000 ) ) ;
#2217 = ORIENTED_EDGE ( 'NONE', *, *, #1074, .T. ) ;
#2218 = ADVANCED_FACE ( 'NONE', ( #4648 ), #1922, .F. ) ;
#2219 = DIRECTION ( 'NONE',  ( 0.0000000000000000000, 0.0000000000000000000, 1.000000000000000000 ) ) ;
#2220 =( NAMED_UNIT ( * ) SI_UNIT ( $, .STERADIAN. ) SOLID_ANGLE_UNIT ( ) );
#2221 = ORIENTED_EDGE ( 'NONE', *, *, #1661, .F. ) ;
#2222 = DIRECTION ( 'NONE',  ( -1.000000000000000000, 0.0000000000000000000, 0.0000000000000000000 ) ) ;
#2223 = CARTESIAN_POINT ( 'NONE',  ( 2.779937501871236400, 2.500000000000000000, 0.1700000000000000100 ) ) ;
#2224 = MECHANICAL_DESIGN_GEOMETRIC_PRESENTATION_REPRESENTATION (  '', ( #1499 ), #2565 ) ;
#2225 = VECTOR ( 'NONE', #3612, 1000.000000000000000 ) ;
#2226 =( NAMED_UNIT ( * ) SI_UNIT ( $, .STERADIAN. ) SOLID_ANGLE_UNIT ( ) );
#2227 =( LENGTH_UNIT ( ) NAMED_UNIT ( * ) SI_UNIT ( .MILLI., .METRE. ) );
#2228 = AXIS2_PLACEMENT_3D ( 'NONE', #2135, #5960, #2684 ) ;
#2229 = ORIENTED_EDGE ( 'NONE', *, *, #4611, .F. ) ;
#2230 = CARTESIAN_POINT ( 'NONE',  ( 0.2535533905932737000, 0.1500000000000004400, 0.5200000000000000200 ) ) ;
#2231 = CARTESIAN_POINT ( 'NONE',  ( 2.809264482820522000, 1.923971919735854000, 0.6100000000000001000 ) ) ;
#2232 = MECHANICAL_DESIGN_GEOMETRIC_PRESENTATION_REPRESENTATION (  '', ( #778 ), #2573 ) ;
#2233 = SURFACE_STYLE_FILL_AREA ( #2874 ) ;
#2234 = DIRECTION ( 'NONE',  ( -1.000000000000000000, 0.0000000000000000000, 0.0000000000000000000 ) ) ;
#2235 = CARTESIAN_POINT ( 'NONE',  ( 3.174999999999999800, 0.3972620349942626600, 0.2899999999999999800 ) ) ;
#2236 = DIRECTION ( 'NONE',  ( 0.0000000000000000000, 0.0000000000000000000, 1.000000000000000000 ) ) ;
#2237 = SURFACE_STYLE_FILL_AREA ( #3159 ) ;
#2238 =( GEOMETRIC_REPRESENTATION_CONTEXT ( 3 ) GLOBAL_UNCERTAINTY_ASSIGNED_CONTEXT ( ( #4100 ) ) GLOBAL_UNIT_ASSIGNED_CONTEXT ( ( #1445, #4173, #366 ) ) REPRESENTATION_CONTEXT ( 'NONE', 'WORKASPACE' ) );
#2239 = EDGE_CURVE ( 'NONE', #2499, #3993, #5577, .T. ) ;
#2240 = SURFACE_STYLE_FILL_AREA ( #4444 ) ;
#2241 = FACE_OUTER_BOUND ( 'NONE', #3701, .T. ) ;
#2242 = CARTESIAN_POINT ( 'NONE',  ( 2.876763306830776300, 2.394080468094798700, 0.4800000000000001500 ) ) ;
#2243 = SURFACE_STYLE_USAGE ( .BOTH. , #5502 ) ;
#2244 = CARTESIAN_POINT ( 'NONE',  ( 2.609264482820521800, 1.923971919735854000, 0.6000000000000000900 ) ) ;
#2245 = STYLED_ITEM ( 'NONE', ( #5769 ), #2059 ) ;
#2246 = PRESENTATION_STYLE_ASSIGNMENT (( #1479 ) ) ;
#2247 = DIRECTION ( 'NONE',  ( 0.0000000000000000000, -0.0000000000000000000, -1.000000000000000000 ) ) ;
#2248 = CARTESIAN_POINT ( 'NONE',  ( 0.4002593791103048500, 2.399999999999999900, 0.3525817712029786800 ) ) ;
#2249 = SURFACE_STYLE_FILL_AREA ( #4294 ) ;
#2250 = ADVANCED_FACE ( 'NONE', ( #6849 ), #3052, .T. ) ;
#2251 = CARTESIAN_POINT ( 'NONE',  ( 3.100009241445716300, 0.9199523185698690300, 0.1700000000000000100 ) ) ;
#2252 = EDGE_CURVE ( 'NONE', #6636, #562, #6331, .T. ) ;
#2253 = LINE ( 'NONE', #3670, #5143 ) ;
#2254 = LINE ( 'NONE', #2561, #812 ) ;
#2255 = UNCERTAINTY_MEASURE_WITH_UNIT (LENGTH_MEASURE( 1.000000000000000100E-005 ), #5140, 'distance_accuracy_value', 'NONE');
#2256 = EDGE_LOOP ( 'NONE', ( #303, #1412, #1163, #1798, #5609 ) ) ;
#2257 = ORIENTED_EDGE ( 'NONE', *, *, #1243, .T. ) ;
#2258 =( NAMED_UNIT ( * ) SI_UNIT ( $, .STERADIAN. ) SOLID_ANGLE_UNIT ( ) );
#2259 = LINE ( 'NONE', #1103, #817 ) ;
#2260 = STYLED_ITEM ( 'NONE', ( #6085 ), #4407 ) ;
#2261 = CARTESIAN_POINT ( 'NONE',  ( 3.045175658249482000, 2.235354209350546700, 0.5000000000000000000 ) ) ;
#2262 = SURFACE_STYLE_USAGE ( .BOTH. , #5522 ) ;
#2263 = ORIENTED_EDGE ( 'NONE', *, *, #6635, .F. ) ;
#2264 = ORIENTED_EDGE ( 'NONE', *, *, #1205, .F. ) ;
#2265 = VERTEX_POINT ( 'NONE', #3073 ) ;
#2266 =( GEOMETRIC_REPRESENTATION_CONTEXT ( 3 ) GLOBAL_UNCERTAINTY_ASSIGNED_CONTEXT ( ( #152 ) ) GLOBAL_UNIT_ASSIGNED_CONTEXT ( ( #3610, #355, #4166 ) ) REPRESENTATION_CONTEXT ( 'NONE', 'WORKASPACE' ) );
#2267 = AXIS2_PLACEMENT_3D ( 'NONE', #2666, #6487, #3254 ) ;
#2268 =( NAMED_UNIT ( * ) SI_UNIT ( $, .STERADIAN. ) SOLID_ANGLE_UNIT ( ) );
#2269 = VECTOR ( 'NONE', #1018, 1000.000000000000000 ) ;
#2270 = COLOUR_RGB ( '',0.6470588235294118000, 0.6196078431372549200, 0.5843137254901961100 ) ;
#2271 = SURFACE_SIDE_STYLE ('',( #6765 ) ) ;
#2272 = CARTESIAN_POINT ( 'NONE',  ( 0.03000000000000037700, 2.469999999999999800, 0.1700000000000000100 ) ) ;
#2273 = VERTEX_POINT ( 'NONE', #6866 ) ;
#2274 = VERTEX_POINT ( 'NONE', #4698 ) ;
#2275 = PRESENTATION_STYLE_ASSIGNMENT (( #2859 ) ) ;
#2276 = FILL_AREA_STYLE ('',( #6593 ) ) ;
#2277 = LINE ( 'NONE', #1874, #1182 ) ;
#2278 = PRESENTATION_LAYER_ASSIGNMENT (  '', '', ( #1911 ) ) ;
#2279 = FILL_AREA_STYLE ('',( #1195 ) ) ;
#2280 = VERTEX_POINT ( 'NONE', #1446 ) ;
#2281 = LINE ( 'NONE', #2031, #6639 ) ;
#2282 = SURFACE_STYLE_FILL_AREA ( #5236 ) ;
#2283 = EDGE_CURVE ( 'NONE', #4552, #6656, #555, .T. ) ;
#2284 = SURFACE_STYLE_USAGE ( .BOTH. , #5537 ) ;
#2285 = DIRECTION ( 'NONE',  ( 0.0000000000000000000, -0.0000000000000000000, -1.000000000000000000 ) ) ;
#2286 = CARTESIAN_POINT ( 'NONE',  ( 2.779937501871236900, 0.02999999999999997100, 0.1700000000000000100 ) ) ;
#2287 = ADVANCED_FACE ( 'NONE', ( #3454 ), #5659, .F. ) ;
#2288 = AXIS2_PLACEMENT_3D ( 'NONE', #2718, #6539, #3289 ) ;
#2289 = SURFACE_STYLE_USAGE ( .BOTH. , #5545 ) ;
#2290 =( NAMED_UNIT ( * ) PLANE_ANGLE_UNIT ( ) SI_UNIT ( $, .RADIAN. ) );
#2291 = DIRECTION ( 'NONE',  ( -1.000000000000000000, 0.0000000000000000000, -0.0000000000000000000 ) ) ;
#2292 =( LENGTH_UNIT ( ) NAMED_UNIT ( * ) SI_UNIT ( .MILLI., .METRE. ) );
#2293 = EDGE_CURVE ( 'NONE', #6336, #6864, #4393, .T. ) ;
#2294 = PRODUCT_DEFINITION_SHAPE ( 'NONE', 'NONE',  #4378 ) ;
#2295 = ORIENTED_EDGE ( 'NONE', *, *, #3558, .F. ) ;
#2296 = CARTESIAN_POINT ( 'NONE',  ( 3.061138289910904800, 2.197752478681509900, 0.5000000000000000000 ) ) ;
#2297 =( LENGTH_UNIT ( ) NAMED_UNIT ( * ) SI_UNIT ( .MILLI., .METRE. ) );
#2298 = UNCERTAINTY_MEASURE_WITH_UNIT (LENGTH_MEASURE( 1.000000000000000100E-005 ), #880, 'distance_accuracy_value', 'NONE');
#2299 = ORIENTED_EDGE ( 'NONE', *, *, #1893, .T. ) ;
#2300 = LINE ( 'NONE', #4242, #861 ) ;
#2301 = CARTESIAN_POINT ( 'NONE',  ( 2.799999999999999400, 0.4000000000000009100, 0.5400000000000001500 ) ) ;
#2302 = FILL_AREA_STYLE ('',( #1775 ) ) ;
#2303 = FACE_OUTER_BOUND ( 'NONE', #3248, .T. ) ;
#2304 = ORIENTED_EDGE ( 'NONE', *, *, #5389, .T. ) ;
#2305 = FILL_AREA_STYLE_COLOUR ( '', #4098 ) ;
#2306 = SURFACE_SIDE_STYLE ('',( #5908 ) ) ;
#2307 = LINE ( 'NONE', #3451, #6488 ) ;
#2308 = FACE_OUTER_BOUND ( 'NONE', #2417, .T. ) ;
#2309 = FILL_AREA_STYLE_COLOUR ( '', #5489 ) ;
#2310 =( GEOMETRIC_REPRESENTATION_CONTEXT ( 3 ) GLOBAL_UNCERTAINTY_ASSIGNED_CONTEXT ( ( #4383 ) ) GLOBAL_UNIT_ASSIGNED_CONTEXT ( ( #2297, #6118, #2848 ) ) REPRESENTATION_CONTEXT ( 'NONE', 'WORKASPACE' ) );
#2311 = CARTESIAN_POINT ( 'NONE',  ( 1.379445037862997800E-018, 0.2000000000000000100, 0.2899999999999999800 ) ) ;
#2312 = DIRECTION ( 'NONE',  ( 0.0000000000000000000, -0.0000000000000000000, 1.000000000000000000 ) ) ;
#2313 = PRESENTATION_STYLE_ASSIGNMENT (( #5548 ) ) ;
#2314 = ADVANCED_FACE ( 'NONE', ( #4208 ), #5264, .F. ) ;
#2315 = CARTESIAN_POINT ( 'NONE',  ( 3.100000000000000500, 0.4566666666666683300, 0.4800000000000000900 ) ) ;
#2316 = CARTESIAN_POINT ( 'NONE',  ( 2.896538129907539900, 2.383763296701764600, 0.4999999999999996700 ) ) ;
#2317 = COLOUR_RGB ( '',0.8274509803921568100, 0.6666666666666666300, 0.1294117647058823400 ) ;
#2318 = VECTOR ( 'NONE', #6595, 1000.000000000000000 ) ;
#2319 = EDGE_CURVE ( 'NONE', #4144, #6091, #2253, .T. ) ;
#2320 = VECTOR ( 'NONE', #5669, 1000.000000000000000 ) ;
#2321 = FACE_OUTER_BOUND ( 'NONE', #1162, .T. ) ;
#2322 = SURFACE_STYLE_USAGE ( .BOTH. , #6090 ) ;
#2323 = FILL_AREA_STYLE ('',( #145 ) ) ;
#2324 = STYLED_ITEM ( 'NONE', ( #6820 ), #1154 ) ;
#2325 = CARTESIAN_POINT ( 'NONE',  ( 2.080276409533067900, 0.09986109713243987400, 0.1700000000000000100 ) ) ;
#2326 = CARTESIAN_POINT ( 'NONE',  ( 0.1882282494656696600, 0.03770962490836719100, 0.2899999999999999800 ) ) ;
#2327 = STYLED_ITEM ( 'NONE', ( #589 ), #714 ) ;
#2328 = EDGE_CURVE ( 'NONE', #5535, #3545, #3689, .T. ) ;
#2329 =( NAMED_UNIT ( * ) PLANE_ANGLE_UNIT ( ) SI_UNIT ( $, .RADIAN. ) );
#2330 = DIRECTION ( 'NONE',  ( 0.0000000000000000000, -1.000000000000000000, -0.0000000000000000000 ) ) ;
#2331 =( NAMED_UNIT ( * ) SI_UNIT ( $, .STERADIAN. ) SOLID_ANGLE_UNIT ( ) );
#2332 = ORIENTED_EDGE ( 'NONE', *, *, #601, .F. ) ;
#2333 = ORIENTED_EDGE ( 'NONE', *, *, #1282, .F. ) ;
#2334 = CARTESIAN_POINT ( 'NONE',  ( 2.799999999999999800, 2.290000000000000000, 0.6000000000000002000 ) ) ;
#2335 =( NAMED_UNIT ( * ) SI_UNIT ( $, .STERADIAN. ) SOLID_ANGLE_UNIT ( ) );
#2336 = CARTESIAN_POINT ( 'NONE',  ( 2.800000000000000300, 2.399999999999999900, 0.4800000000000000900 ) ) ;
#2337 = ORIENTED_EDGE ( 'NONE', *, *, #4935, .T. ) ;
#2338 = ORIENTED_EDGE ( 'NONE', *, *, #601, .T. ) ;
#2339 = EDGE_LOOP ( 'NONE', ( #1314, #249, #2418, #487 ) ) ;
#2340 = EDGE_CURVE ( 'NONE', #7047, #3967, #6602, .T. ) ;
#2341 = EDGE_LOOP ( 'NONE', ( #5957, #6213, #206, #5772 ) ) ;
#2342 = VECTOR ( 'NONE', #1129, 1000.000000000000000 ) ;
#2343 = CARTESIAN_POINT ( 'NONE',  ( 2.774932736525889800, 2.074932736525889600, 0.3649999999999999900 ) ) ;
#2344 = ORIENTED_EDGE ( 'NONE', *, *, #4164, .F. ) ;
#2345 = CARTESIAN_POINT ( 'NONE',  ( 2.799999999999999800, 2.399999999999999500, 0.3649999999999999900 ) ) ;
#2346 = ORIENTED_EDGE ( 'NONE', *, *, #3641, .F. ) ;
#2347 = VERTEX_POINT ( 'NONE', #2589 ) ;
#2348 = FILL_AREA_STYLE ('',( #4521 ) ) ;
#2349 = CARTESIAN_POINT ( 'NONE',  ( 2.827205042957596800, 0.1231859751824062600, 0.5000000000000000000 ) ) ;
#2350 = COLOUR_RGB ( '',0.8274509803921568100, 0.6666666666666666300, 0.1254901960784313700 ) ;
#2351 = FILL_AREA_STYLE_COLOUR ( '', #469 ) ;
#2352 = LINE ( 'NONE', #1366, #496 ) ;
#2353 = ADVANCED_FACE ( 'NONE', ( #808 ), #3151, .F. ) ;
#2354 = SURFACE_STYLE_FILL_AREA ( #1397 ) ;
#2355 = PRESENTATION_LAYER_ASSIGNMENT (  '', '', ( #1644 ) ) ;
#2356 = EDGE_LOOP ( 'NONE', ( #5403, #3397, #1998, #6112 ) ) ;
#2357 = ORIENTED_EDGE ( 'NONE', *, *, #3307, .T. ) ;
#2358 = PLANE ( 'NONE',  #2006 ) ;
#2359 = SURFACE_STYLE_USAGE ( .BOTH. , #248 ) ;
#2360 = PRESENTATION_STYLE_ASSIGNMENT (( #4419 ) ) ;
#2361 = SURFACE_STYLE_USAGE ( .BOTH. , #5624 ) ;
#2362 = CARTESIAN_POINT ( 'NONE',  ( 2.800000000000000300, 0.1292304393148756800, 0.5000148110754012400 ) ) ;
#2363 = MECHANICAL_DESIGN_GEOMETRIC_PRESENTATION_REPRESENTATION (  '', ( #543 ), #2730 ) ;
#2364 = VERTEX_POINT ( 'NONE', #1544 ) ;
#2365 = UNCERTAINTY_MEASURE_WITH_UNIT (LENGTH_MEASURE( 1.000000000000000100E-005 ), #5359, 'distance_accuracy_value', 'NONE');
#2366 = SURFACE_SIDE_STYLE ('',( #7032 ) ) ;
#2367 = MECHANICAL_DESIGN_GEOMETRIC_PRESENTATION_REPRESENTATION (  '', ( #1277 ), #2732 ) ;
#2368 = DIRECTION ( 'NONE',  ( 0.0000000000000000000, 0.0000000000000000000, -1.000000000000000000 ) ) ;
#2369 = AXIS2_PLACEMENT_3D ( 'NONE', #1843, #6743, #2941 ) ;
#2370 = EDGE_CURVE ( 'NONE', #3545, #5535, #4472, .T. ) ;
#2371 = CARTESIAN_POINT ( 'NONE',  ( 3.047832264292400100, 0.2359727420083268200, 0.5000000000000063300 ) ) ;
#2372 = ORIENTED_EDGE ( 'NONE', *, *, #3874, .T. ) ;
#2373 = CARTESIAN_POINT ( 'NONE',  ( 0.2681118318204311300, 0.1748528137423861800, 0.6000000000000002000 ) ) ;
#2374 = STYLED_ITEM ( 'NONE', ( #4785 ), #1795 ) ;
#2375 = VERTEX_POINT ( 'NONE', #6441 ) ;
#2376 =( LENGTH_UNIT ( ) NAMED_UNIT ( * ) SI_UNIT ( .MILLI., .METRE. ) );
#2377 = UNCERTAINTY_MEASURE_WITH_UNIT (LENGTH_MEASURE( 1.000000000000000100E-005 ), #2292, 'distance_accuracy_value', 'NONE');
#2378 = DIRECTION ( 'NONE',  ( 0.0000000000000000000, 0.0000000000000000000, 1.000000000000000000 ) ) ;
#2379 = CARTESIAN_POINT ( 'NONE',  ( 2.951544162607212800, 0.1412979323639914100, 0.4995501335457743200 ) ) ;
#2380 = LINE ( 'NONE', #3853, #777 ) ;
#2381 = EDGE_CURVE ( 'NONE', #3804, #5066, #120, .T. ) ;
#2382 = UNCERTAINTY_MEASURE_WITH_UNIT (LENGTH_MEASURE( 1.000000000000000100E-005 ), #368, 'distance_accuracy_value', 'NONE');
#2383 = DIRECTION ( 'NONE',  ( 0.0000000000000000000, -1.000000000000000000, -0.0000000000000000000 ) ) ;
#2384 = VERTEX_POINT ( 'NONE', #1571 ) ;
#2385 = CARTESIAN_POINT ( 'NONE',  ( 0.1210520794890762600, 2.112873157419601800, 0.5000000000000000000 ) ) ;
#2386 = LINE ( 'NONE', #913, #2225 ) ;
#2387 = AXIS2_PLACEMENT_3D ( 'NONE', #3223, #7007, #3742 ) ;
#2388 = SURFACE_STYLE_FILL_AREA ( #1909 ) ;
#2389 = ORIENTED_EDGE ( 'NONE', *, *, #3390, .T. ) ;
#2390 = DIRECTION ( 'NONE',  ( 1.000000000000000000, 0.0000000000000000000, -0.0000000000000000000 ) ) ;
#2391 = STYLED_ITEM ( 'NONE', ( #5276 ), #6055 ) ;
#2392 = FACE_OUTER_BOUND ( 'NONE', #3121, .T. ) ;
#2393 = CARTESIAN_POINT ( 'NONE',  ( 3.098816093618959500, 0.3846473386338425400, 0.4800000000000000900 ) ) ;
#2394 = AXIS2_PLACEMENT_3D ( 'NONE', #5784, #2495, #6303 ) ;
#2395 = COLOUR_RGB ( '',0.01176470588235294100, 0.0000000000000000000, 0.05882352941176470500 ) ;
#2396 = FILL_AREA_STYLE ('',( #2940 ) ) ;
#2397 = MECHANICAL_DESIGN_GEOMETRIC_PRESENTATION_REPRESENTATION (  '', ( #1312 ), #2778 ) ;
#2398 = DIRECTION ( 'NONE',  ( 0.0000000000000000000, 1.000000000000000000, 0.0000000000000000000 ) ) ;
#2399 = DIRECTION ( 'NONE',  ( 0.0000000000000000000, 0.0000000000000000000, -1.000000000000000000 ) ) ;
#2400 = FILL_AREA_STYLE_COLOUR ( '', #185 ) ;
#2401 = DIRECTION ( 'NONE',  ( 0.0000000000000000000, 1.000000000000000000, 0.0000000000000000000 ) ) ;
#2402 = MECHANICAL_DESIGN_GEOMETRIC_PRESENTATION_REPRESENTATION (  '', ( #1318 ), #2782 ) ;
#2403 = CARTESIAN_POINT ( 'NONE',  ( 3.079999999999999600, 0.4566666666666636100, 0.5000000000000000000 ) ) ;
#2404 = EDGE_CURVE ( 'NONE', #1785, #1984, #3536, .T. ) ;
#2405 = PRESENTATION_STYLE_ASSIGNMENT (( #1188 ) ) ;
#2406 = LINE ( 'NONE', #1452, #971 ) ;
#2407 = DIRECTION ( 'NONE',  ( 0.0000000000000000000, 0.0000000000000000000, -1.000000000000000000 ) ) ;
#2408 = COLOUR_RGB ( '',0.01176470588235294100, 0.0000000000000000000, 0.05882352941176470500 ) ;
#2409 = ORIENTED_EDGE ( 'NONE', *, *, #5080, .T. ) ;
#2410 = CARTESIAN_POINT ( 'NONE',  ( 0.09999075855428361800, 1.580047681430131000, 0.1700000000000000100 ) ) ;
#2411 = LINE ( 'NONE', #3166, #5141 ) ;
#2412 = SURFACE_STYLE_USAGE ( .BOTH. , #5688 ) ;
#2413 = MECHANICAL_DESIGN_GEOMETRIC_PRESENTATION_REPRESENTATION (  '', ( #1711 ), #2795 ) ;
#2414 = CARTESIAN_POINT ( 'NONE',  ( 0.1158016632788907800, 2.097906157308948600, 0.4999999999999998900 ) ) ;
#2415 = SURFACE_STYLE_USAGE ( .BOTH. , #5692 ) ;
#2416 = UNCERTAINTY_MEASURE_WITH_UNIT (LENGTH_MEASURE( 1.000000000000000100E-005 ), #5890, 'distance_accuracy_value', 'NONE');
#2417 = EDGE_LOOP ( 'NONE', ( #128, #3065, #1278, #3956 ) ) ;
#2418 = ORIENTED_EDGE ( 'NONE', *, *, #5764, .F. ) ;
#2419 = EDGE_CURVE ( 'NONE', #4913, #1785, #4297, .T. ) ;
#2420 = FACE_OUTER_BOUND ( 'NONE', #2430, .T. ) ;
#2421 = EDGE_CURVE ( 'NONE', #2853, #405, #1399, .T. ) ;
#2422 = UNCERTAINTY_MEASURE_WITH_UNIT (LENGTH_MEASURE( 1.000000000000000100E-005 ), #5941, 'distance_accuracy_value', 'NONE');
#2423 = SURFACE_STYLE_FILL_AREA ( #4065 ) ;
#2424 = CARTESIAN_POINT ( 'NONE',  ( 0.4000000000000001900, 2.379999999999999900, 0.5000000000000000000 ) ) ;
#2425 = SURFACE_STYLE_USAGE ( .BOTH. , #5697 ) ;
#2426 = CIRCLE ( 'NONE', #4696, 0.2699999999999999600 ) ;
#2427 =( NAMED_UNIT ( * ) PLANE_ANGLE_UNIT ( ) SI_UNIT ( $, .RADIAN. ) );
#2428 = EDGE_LOOP ( 'NONE', ( #4742, #2679, #917, #6694 ) ) ;
#2429 = VERTEX_POINT ( 'NONE', #3745 ) ;
#2430 = EDGE_LOOP ( 'NONE', ( #6339, #828, #6053, #6266, #1755 ) ) ;
#2431 = VECTOR ( 'NONE', #1246, 1000.000000000000000 ) ;
#2432 = CARTESIAN_POINT ( 'NONE',  ( 3.100009241445716300, 2.079959576973093000, 0.1700000000000000100 ) ) ;
#2433 = PRESENTATION_STYLE_ASSIGNMENT (( #2541 ) ) ;
#2434 = ORIENTED_EDGE ( 'NONE', *, *, #4097, .T. ) ;
#2435 = ORIENTED_EDGE ( 'NONE', *, *, #343, .F. ) ;
#2436 = DIRECTION ( 'NONE',  ( 1.000000000000000000, -0.0000000000000000000, 0.0000000000000000000 ) ) ;
#2437 = DIRECTION ( 'NONE',  ( 0.0000000000000000000, 0.0000000000000000000, -1.000000000000000000 ) ) ;
#2438 = LINE ( 'NONE', #1965, #5331 ) ;
#2439 = CARTESIAN_POINT ( 'NONE',  ( 1.119723590466932000, 0.9199523185698690300, 0.1700000000000000100 ) ) ;
#2440 = DIRECTION ( 'NONE',  ( -0.0000000000000000000, -0.0000000000000000000, 1.000000000000000000 ) ) ;
#2441 =( NAMED_UNIT ( * ) PLANE_ANGLE_UNIT ( ) SI_UNIT ( $, .RADIAN. ) );
#2442 = ORIENTED_EDGE ( 'NONE', *, *, #2889, .T. ) ;
#2443 = CARTESIAN_POINT ( 'NONE',  ( 3.169999999999999900, 2.469999999999999800, 0.0000000000000000000 ) ) ;
#2444 =( GEOMETRIC_REPRESENTATION_CONTEXT ( 3 ) GLOBAL_UNCERTAINTY_ASSIGNED_CONTEXT ( ( #2365 ) ) GLOBAL_UNIT_ASSIGNED_CONTEXT ( ( #5359, #2108, #5927 ) ) REPRESENTATION_CONTEXT ( 'NONE', 'WORKASPACE' ) );
#2445 = AXIS2_PLACEMENT_3D ( 'NONE', #2808, #6627, #3362 ) ;
#2446 = CARTESIAN_POINT ( 'NONE',  ( 1.280000000000000000, 2.399999999999999900, 0.4800000000000000900 ) ) ;
#2447 = CARTESIAN_POINT ( 'NONE',  ( 2.609264482820521800, 1.923971919735854000, 0.6100000000000001000 ) ) ;
#2448 = SURFACE_STYLE_USAGE ( .BOTH. , #5726 ) ;
#2449 =( NAMED_UNIT ( * ) SI_UNIT ( $, .STERADIAN. ) SOLID_ANGLE_UNIT ( ) );
#2450 = EDGE_CURVE ( 'NONE', #1286, #2008, #7017, .T. ) ;
#2451 =( GEOMETRIC_REPRESENTATION_CONTEXT ( 3 ) GLOBAL_UNCERTAINTY_ASSIGNED_CONTEXT ( ( #6669 ) ) GLOBAL_UNIT_ASSIGNED_CONTEXT ( ( #4970, #1724, #5515 ) ) REPRESENTATION_CONTEXT ( 'NONE', 'WORKASPACE' ) );
#2452 = CARTESIAN_POINT ( 'NONE',  ( 0.1509749249621632500, 2.261919769664046500, 0.4800000000000000900 ) ) ;
#2453 = DIRECTION ( 'NONE',  ( -1.000000000000000000, 0.0000000000000000000, 0.0000000000000000000 ) ) ;
#2454 = EDGE_LOOP ( 'NONE', ( #5196, #6963, #3965, #6562 ) ) ;
#2455 = UNCERTAINTY_MEASURE_WITH_UNIT (LENGTH_MEASURE( 1.000000000000000100E-005 ), #4809, 'distance_accuracy_value', 'NONE');
#2456 = CARTESIAN_POINT ( 'NONE',  ( 1.119723590466932000, 0.09986109713243988800, 0.1700000000000000100 ) ) ;
#2457 = EDGE_CURVE ( 'NONE', #5257, #1596, #2663, .T. ) ;
#2458 = PLANE ( 'NONE',  #3673 ) ;
#2459 = FACE_OUTER_BOUND ( 'NONE', #5536, .T. ) ;
#2460 = FILL_AREA_STYLE ('',( #4649 ) ) ;
#2461 = CARTESIAN_POINT ( 'NONE',  ( 3.084371351603407300, 2.098004862545068200, 0.4999916966771321700 ) ) ;
#2462 = CARTESIAN_POINT ( 'NONE',  ( 3.200000000000000200, 0.2000000000000000100, 0.2899999999999999800 ) ) ;
#2463 = ORIENTED_EDGE ( 'NONE', *, *, #557, .T. ) ;
#2464 = EDGE_CURVE ( 'NONE', #5891, #6535, #4116, .T. ) ;
#2465 = PRESENTATION_STYLE_ASSIGNMENT (( #1245 ) ) ;
#2466 = FILL_AREA_STYLE_COLOUR ( '', #4210 ) ;
#2467 = PRESENTATION_LAYER_ASSIGNMENT (  '', '', ( #2116 ) ) ;
#2468 = LINE ( 'NONE', #6062, #1050 ) ;
#2469 = CARTESIAN_POINT ( 'NONE',  ( 0.03000000000000037700, 1.580047681430131000, 0.1700000000000000100 ) ) ;
#2470 = LINE ( 'NONE', #6496, #3937 ) ;
#2471 =( NAMED_UNIT ( * ) PLANE_ANGLE_UNIT ( ) SI_UNIT ( $, .RADIAN. ) );
#2472 = FILL_AREA_STYLE_COLOUR ( '', #914 ) ;
#2473 = AXIS2_PLACEMENT_3D ( 'NONE', #2136, #5962, #4877 ) ;
#2474 =( NAMED_UNIT ( * ) SI_UNIT ( $, .STERADIAN. ) SOLID_ANGLE_UNIT ( ) );
#2475 = PRESENTATION_LAYER_ASSIGNMENT (  '', '', ( #1779 ) ) ;
#2476 =( NAMED_UNIT ( * ) SI_UNIT ( $, .STERADIAN. ) SOLID_ANGLE_UNIT ( ) );
#2477 = PRESENTATION_STYLE_ASSIGNMENT (( #663 ) ) ;
#2478 = COLOUR_RGB ( '',0.6470588235294118000, 0.6196078431372549200, 0.5843137254901961100 ) ;
#2479 = FACE_OUTER_BOUND ( 'NONE', #5021, .T. ) ;
#2480 =( GEOMETRIC_REPRESENTATION_CONTEXT ( 3 ) GLOBAL_UNCERTAINTY_ASSIGNED_CONTEXT ( ( #642 ) ) GLOBAL_UNIT_ASSIGNED_CONTEXT ( ( #6229, #2991, #6786 ) ) REPRESENTATION_CONTEXT ( 'NONE', 'WORKASPACE' ) );
#2481 = ADVANCED_FACE ( 'NONE', ( #6841 ), #545, .T. ) ;
#2482 = CARTESIAN_POINT ( 'NONE',  ( 0.1199407980905053800, 0.4015377163306959000, 0.5000000000000000000 ) ) ;
#2483 =( NAMED_UNIT ( * ) PLANE_ANGLE_UNIT ( ) SI_UNIT ( $, .RADIAN. ) );
#2484 = DIRECTION ( 'NONE',  ( -1.000000000000000000, 0.0000000000000000000, 0.0000000000000000000 ) ) ;
#2485 = CARTESIAN_POINT ( 'NONE',  ( 2.799999999999999800, 2.350000000000000100, 0.5079235637004544400 ) ) ;
#2486 =( GEOMETRIC_REPRESENTATION_CONTEXT ( 3 ) GLOBAL_UNCERTAINTY_ASSIGNED_CONTEXT ( ( #4314 ) ) GLOBAL_UNIT_ASSIGNED_CONTEXT ( ( #7011, #3748, #497 ) ) REPRESENTATION_CONTEXT ( 'NONE', 'WORKASPACE' ) );
#2487 = PRESENTATION_STYLE_ASSIGNMENT (( #2152 ) ) ;
#2488 = VECTOR ( 'NONE', #5971, 1000.000000000000000 ) ;
#2489 = ORIENTED_EDGE ( 'NONE', *, *, #3596, .T. ) ;
#2490 = MECHANICAL_DESIGN_GEOMETRIC_PRESENTATION_REPRESENTATION (  '', ( #1790 ), #2886 ) ;
#2491 = DIRECTION ( 'NONE',  ( 1.000000000000000000, -0.0000000000000000000, 0.0000000000000000000 ) ) ;
#2492 = STYLED_ITEM ( 'NONE', ( #2961 ), #109 ) ;
#2493 = EDGE_CURVE ( 'NONE', #3903, #4903, #1978, .T. ) ;
#2494 = CARTESIAN_POINT ( 'NONE',  ( 2.830621172420408400, 0.1034572577486086900, 0.4800000000000001500 ) ) ;
#2495 = DIRECTION ( 'NONE',  ( 0.0000000000000000000, 0.0000000000000000000, -1.000000000000000000 ) ) ;
#2496 = ORIENTED_EDGE ( 'NONE', *, *, #6084, .T. ) ;
#2497 = CARTESIAN_POINT ( 'NONE',  ( 3.169999999999999900, 1.580047681430131000, 0.1700000000000000100 ) ) ;
#2498 = VERTEX_POINT ( 'NONE', #1068 ) ;
#2499 = VERTEX_POINT ( 'NONE', #534 ) ;
#2500 = EDGE_LOOP ( 'NONE', ( #3665, #5589, #5924, #74 ) ) ;
#2501 = CARTESIAN_POINT ( 'NONE',  ( 3.089847783201396000, 2.267478750143510100, 0.3649999999999999900 ) ) ;
#2502 = AXIS2_PLACEMENT_3D ( 'NONE', #3858, #84, #2812 ) ;
#2503 = CARTESIAN_POINT ( 'NONE',  ( 3.070000000000000300, 0.4000000000000001900, 0.5000000000000000000 ) ) ;
#2504 = UNCERTAINTY_MEASURE_WITH_UNIT (LENGTH_MEASURE( 1.000000000000000100E-005 ), #2927, 'distance_accuracy_value', 'NONE');
#2505 = CARTESIAN_POINT ( 'NONE',  ( 0.4000000000000002400, 2.350000000000001000, 0.5200000000000000200 ) ) ;
#2506 = VERTEX_POINT ( 'NONE', #2722 ) ;
#2507 = COLOUR_RGB ( '',0.6470588235294118000, 0.6196078431372549200, 0.5843137254901961100 ) ;
#2508 = ORIENTED_EDGE ( 'NONE', *, *, #4587, .T. ) ;
#2509 = ORIENTED_EDGE ( 'NONE', *, *, #3268, .T. ) ;
#2510 = EDGE_CURVE ( 'NONE', #5066, #992, #6322, .T. ) ;
#2511 = FILL_AREA_STYLE_COLOUR ( '', #693 ) ;
#2512 = SURFACE_STYLE_FILL_AREA ( #3350 ) ;
#2513 = DIRECTION ( 'NONE',  ( 0.0000000000000000000, 0.0000000000000000000, 1.000000000000000000 ) ) ;
#2514 = CIRCLE ( 'NONE', #451, 0.2000000000000001800 ) ;
#2515 = CARTESIAN_POINT ( 'NONE',  ( 3.200000000000000200, 0.2000000000000003700, 0.2899999999999999800 ) ) ;
#2516 = DIRECTION ( 'NONE',  ( -1.000000000000000000, -0.0000000000000000000, 0.0000000000000000000 ) ) ;
#2517 = EDGE_LOOP ( 'NONE', ( #6986, #4054, #3919, #6773 ) ) ;
#2518 = VERTEX_POINT ( 'NONE', #3293 ) ;
#2519 = MECHANICAL_DESIGN_GEOMETRIC_PRESENTATION_REPRESENTATION (  '', ( #707 ), #2905 ) ;
#2520 = CARTESIAN_POINT ( 'NONE',  ( 0.1882282494721412800, 2.462290375098602300, 0.2900000000000000400 ) ) ;
#2521 = B_SPLINE_CURVE_WITH_KNOTS ( 'NONE', 3,
 ( #4981, #1187, #2815, #6640 ),
 .UNSPECIFIED., .F., .F.,
 ( 4, 4 ),
 ( 0.0000000000000000000, 1.000000000000000000 ),
 .UNSPECIFIED. ) ;
#2522 = CARTESIAN_POINT ( 'NONE',  ( 0.4000000000000001900, 2.290000000000000900, 0.6000000000000002000 ) ) ;
#2523 = MECHANICAL_DESIGN_GEOMETRIC_PRESENTATION_REPRESENTATION (  '', ( #1088 ), #2911 ) ;
#2524 = SURFACE_STYLE_USAGE ( .BOTH. , #1972 ) ;
#2525 = FILL_AREA_STYLE_COLOUR ( '', #4720 ) ;
#2526 = AXIS2_PLACEMENT_3D ( 'NONE', #6204, #2960, #6756 ) ;
#2527 = ORIENTED_EDGE ( 'NONE', *, *, #358, .F. ) ;
#2528 = DIRECTION ( 'NONE',  ( 0.0000000000000000000, 0.0000000000000000000, 1.000000000000000000 ) ) ;
#2529 = CARTESIAN_POINT ( 'NONE',  ( 3.175224135144745200, 2.099299562873229600, 0.2899999999999999800 ) ) ;
#2530 =( LENGTH_UNIT ( ) NAMED_UNIT ( * ) SI_UNIT ( .MILLI., .METRE. ) );
#2531 = CARTESIAN_POINT ( 'NONE',  ( 0.3467583567694003100, 0.2104299065281962600, 0.5999999999999998700 ) ) ;
#2532 = AXIS2_PLACEMENT_3D ( 'NONE', #6165, #2919, #6726 ) ;
#2533 = MECHANICAL_DESIGN_GEOMETRIC_PRESENTATION_REPRESENTATION (  '', ( #1818 ), #2924 ) ;
#2534 = AXIS2_PLACEMENT_3D ( 'NONE', #5803, #2528, #6337 ) ;
#2535 = ORIENTED_EDGE ( 'NONE', *, *, #1705, .T. ) ;
#2536 = CARTESIAN_POINT ( 'NONE',  ( 0.1258404458581393600, 0.3285171107546954200, 0.5000000000000000000 ) ) ;
#2537 = SURFACE_STYLE_USAGE ( .BOTH. , #5814 ) ;
#2538 =( LENGTH_UNIT ( ) NAMED_UNIT ( * ) SI_UNIT ( .MILLI., .METRE. ) );
#2539 = EDGE_CURVE ( 'NONE', #6621, #1984, #6162, .T. ) ;
#2540 = DIRECTION ( 'NONE',  ( 1.000000000000000000, -2.126443591017727700E-016, 0.0000000000000000000 ) ) ;
#2541 = SURFACE_STYLE_USAGE ( .BOTH. , #5816 ) ;
#2542 = PRESENTATION_STYLE_ASSIGNMENT (( #6201 ) ) ;
#2543 = CARTESIAN_POINT ( 'NONE',  ( 0.1748528137423854300, 2.231888168179569900, 0.6000000000000002000 ) ) ;
#2544 = AXIS2_PLACEMENT_3D ( 'NONE', #3590, #1939, #2513 ) ;
#2545 = FILL_AREA_STYLE_COLOUR ( '', #44 ) ;
#2546 = LINE ( 'NONE', #4770, #5456 ) ;
#2547 = ORIENTED_EDGE ( 'NONE', *, *, #3738, .T. ) ;
#2548 =( NAMED_UNIT ( * ) PLANE_ANGLE_UNIT ( ) SI_UNIT ( $, .RADIAN. ) );
#2549 = PRESENTATION_LAYER_ASSIGNMENT (  '', '', ( #1839 ) ) ;
#2550 = EDGE_CURVE ( 'NONE', #3993, #4913, #4712, .T. ) ;
#2551 = CARTESIAN_POINT ( 'NONE',  ( 0.4200624981287628400, 0.0000000000000000000, 0.1700000000000000100 ) ) ;
#2552 = PRESENTATION_STYLE_ASSIGNMENT (( #841 ) ) ;
#2553 = ORIENTED_EDGE ( 'NONE', *, *, #3025, .F. ) ;
#2554 = DIRECTION ( 'NONE',  ( -0.0000000000000000000, -0.0000000000000000000, -1.000000000000000000 ) ) ;
#2555 = SURFACE_STYLE_FILL_AREA ( #4437 ) ;
#2556 = FILL_AREA_STYLE_COLOUR ( '', #5888 ) ;
#2557 = CARTESIAN_POINT ( 'NONE',  ( 0.1101564410808564000, 0.4048539568106441800, 0.4979288735152712100 ) ) ;
#2558 =( NAMED_UNIT ( * ) PLANE_ANGLE_UNIT ( ) SI_UNIT ( $, .RADIAN. ) );
#2559 = LINE ( 'NONE', #7066, #4024 ) ;
#2560 = PLANE ( 'NONE',  #2888 ) ;
#2561 = CARTESIAN_POINT ( 'NONE',  ( 1.119723590466932000, 2.469999999999999800, 0.1700000000000000100 ) ) ;
#2562 =( LENGTH_UNIT ( ) NAMED_UNIT ( * ) SI_UNIT ( .MILLI., .METRE. ) );
#2563 = DIRECTION ( 'NONE',  ( 0.0000000000000000000, -0.0000000000000000000, 1.000000000000000000 ) ) ;
#2564 =( NAMED_UNIT ( * ) SI_UNIT ( $, .STERADIAN. ) SOLID_ANGLE_UNIT ( ) );
#2565 =( GEOMETRIC_REPRESENTATION_CONTEXT ( 3 ) GLOBAL_UNCERTAINTY_ASSIGNED_CONTEXT ( ( #354 ) ) GLOBAL_UNIT_ASSIGNED_CONTEXT ( ( #1944, #5766, #2474 ) ) REPRESENTATION_CONTEXT ( 'NONE', 'WORKASPACE' ) );
#2566 = VECTOR ( 'NONE', #4963, 1000.000000000000000 ) ;
#2567 = CARTESIAN_POINT ( 'NONE',  ( 2.967478750144890900, 0.1101522168000791900, 0.3650000000000000500 ) ) ;
#2568 = PRESENTATION_LAYER_ASSIGNMENT (  '', '', ( #1864 ) ) ;
#2569 = LINE ( 'NONE', #5503, #3864 ) ;
#2570 = VERTEX_POINT ( 'NONE', #5462 ) ;
#2571 = PRESENTATION_STYLE_ASSIGNMENT (( #1213 ) ) ;
#2572 = PLANE ( 'NONE',  #4180 ) ;
#2573 =( GEOMETRIC_REPRESENTATION_CONTEXT ( 3 ) GLOBAL_UNCERTAINTY_ASSIGNED_CONTEXT ( ( #4665 ) ) GLOBAL_UNIT_ASSIGNED_CONTEXT ( ( #2675, #6492, #3257 ) ) REPRESENTATION_CONTEXT ( 'NONE', 'WORKASPACE' ) );
#2574 = DIRECTION ( 'NONE',  ( -0.0000000000000000000, -1.000000000000000000, -0.0000000000000000000 ) ) ;
#2575 = CARTESIAN_POINT ( 'NONE',  ( 2.800000000000000300, 0.2099999999999999900, 0.6000000000000000900 ) ) ;
#2576 = CARTESIAN_POINT ( 'NONE',  ( 3.100009241445716300, 1.580047681430131000, 0.1700000000000000100 ) ) ;
#2577 = ORIENTED_EDGE ( 'NONE', *, *, #749, .F. ) ;
#2578 = ORIENTED_EDGE ( 'NONE', *, *, #1438, .T. ) ;
#2579 = DIRECTION ( 'NONE',  ( 0.0000000000000000000, -0.0000000000000000000, -1.000000000000000000 ) ) ;
#2580 = COLOUR_RGB ( '',0.01176470588235294100, 0.0000000000000000000, 0.05882352941176470500 ) ;
#2581 = CARTESIAN_POINT ( 'NONE',  ( 3.148147157873428400, 2.101565880139065500, 0.2899999999999990900 ) ) ;
#2582 = CARTESIAN_POINT ( 'NONE',  ( 0.1162367037098690900, 0.3034618585718876200, 0.5000000000000067700 ) ) ;
#2583 = ORIENTED_EDGE ( 'NONE', *, *, #3874, .F. ) ;
#2584 = ORIENTED_EDGE ( 'NONE', *, *, #5478, .T. ) ;
#2585 = ORIENTED_EDGE ( 'NONE', *, *, #2539, .T. ) ;
#2586 = ORIENTED_EDGE ( 'NONE', *, *, #5612, .T. ) ;
#2587 = EDGE_CURVE ( 'NONE', #5257, #3797, #4888, .T. ) ;
#2588 =( NAMED_UNIT ( * ) PLANE_ANGLE_UNIT ( ) SI_UNIT ( $, .RADIAN. ) );
#2589 = CARTESIAN_POINT ( 'NONE',  ( 2.080276409533067900, 1.879883371806615900, 0.1700000000000000100 ) ) ;
#2590 = PRESENTATION_STYLE_ASSIGNMENT (( #5201 ) ) ;
#2591 = UNCERTAINTY_MEASURE_WITH_UNIT (LENGTH_MEASURE( 1.000000000000000100E-005 ), #4263, 'distance_accuracy_value', 'NONE');
#2592 = LINE ( 'NONE', #5045, #2431 ) ;
#2593 = PLANE ( 'NONE',  #1703 ) ;
#2594 = DIRECTION ( 'NONE',  ( -1.000000000000000000, -0.0000000000000000000, 0.0000000000000000000 ) ) ;
#2595 = CARTESIAN_POINT ( 'NONE',  ( 2.609264482820521800, 1.923971919735854000, 0.6100000000000001000 ) ) ;
#2596 = PRODUCT ( 'User Library-3225-1', 'User Library-3225-1', '', ( #4836 ) ) ;
#2597 = CARTESIAN_POINT ( 'NONE',  ( 2.799299562876443200, 0.02477586485545102800, 0.2899999999999999800 ) ) ;
#2598 = VERTEX_POINT ( 'NONE', #6569 ) ;
#2599 = EDGE_LOOP ( 'NONE', ( #3450, #3044, #4815, #6856 ) ) ;
#2600 = DIRECTION ( 'NONE',  ( 0.0000000000000000000, 0.0000000000000000000, 1.000000000000000000 ) ) ;
#2601 = LINE ( 'NONE', #6220, #70 ) ;
#2602 = SURFACE_STYLE_FILL_AREA ( #3483 ) ;
#2603 = EDGE_CURVE ( 'NONE', #6955, #5585, #1666, .T. ) ;
#2604 = PLANE ( 'NONE',  #6367 ) ;
#2605 = ORIENTED_EDGE ( 'NONE', *, *, #3751, .T. ) ;
#2606 = CARTESIAN_POINT ( 'NONE',  ( 3.200000000000000200, 0.4200404230269067000, 0.1700000000000000100 ) ) ;
#2607 = CARTESIAN_POINT ( 'NONE',  ( 0.2657067610388570400, 2.345848482575353200, 0.5000000000000000000 ) ) ;
#2608 = SURFACE_STYLE_USAGE ( .BOTH. , #5886 ) ;
#2609 = CARTESIAN_POINT ( 'NONE',  ( 2.799997406541917800, 0.1200314940296796200, 0.4999999876735897200 ) ) ;
#2610 = CARTESIAN_POINT ( 'NONE',  ( 2.875366084855926800, 2.373859770886207700, 0.5000000000000000000 ) ) ;
#2611 = DIRECTION ( 'NONE',  ( -0.0000000000000000000, -1.000000000000000000, 0.0000000000000000000 ) ) ;
#2612 = AXIS2_PLACEMENT_3D ( 'NONE', #3908, #657, #4463 ) ;
#2613 =( NAMED_UNIT ( * ) PLANE_ANGLE_UNIT ( ) SI_UNIT ( $, .RADIAN. ) );
#2614 = CARTESIAN_POINT ( 'NONE',  ( 0.2942209357623298800, 0.1201574421873896500, 0.4800000000000000900 ) ) ;
#2615 = CARTESIAN_POINT ( 'NONE',  ( 3.128468941243597500, 2.287942570589316800, 0.2899999999999999800 ) ) ;
#2616 = PRESENTATION_LAYER_ASSIGNMENT (  '', '', ( #3008 ) ) ;
#2617 = DIRECTION ( 'NONE',  ( -0.0000000000000000000, -1.000000000000000000, -0.0000000000000000000 ) ) ;
#2618 = STYLED_ITEM ( 'NONE', ( #2487 ), #2481 ) ;
#2619 = DIRECTION ( 'NONE',  ( 0.0000000000000000000, 0.0000000000000000000, 1.000000000000000000 ) ) ;
#2620 = CARTESIAN_POINT ( 'NONE',  ( 3.200000000000000200, 2.079959576973093000, 0.2899999999999999800 ) ) ;
#2621 = PLANE ( 'NONE',  #3551 ) ;
#2622 = FILL_AREA_STYLE ('',( #1553 ) ) ;
#2623 = AXIS2_PLACEMENT_3D ( 'NONE', #6097, #2837, #6652 ) ;
#2624 = ORIENTED_EDGE ( 'NONE', *, *, #5118, .F. ) ;
#2625 = MECHANICAL_DESIGN_GEOMETRIC_PRESENTATION_REPRESENTATION (  '', ( #1911 ), #3022 ) ;
#2626 = CARTESIAN_POINT ( 'NONE',  ( 3.200000000000000200, 0.4200404230269067000, 0.0000000000000000000 ) ) ;
#2627 =( NAMED_UNIT ( * ) SI_UNIT ( $, .STERADIAN. ) SOLID_ANGLE_UNIT ( ) );
#2628 = ADVANCED_FACE ( 'NONE', ( #6002 ), #2748, .T. ) ;
#2629 = CARTESIAN_POINT ( 'NONE',  ( 1.119723590466932000, 0.9199523185698689200, 0.0000000000000000000 ) ) ;
#2630 = CARTESIAN_POINT ( 'NONE',  ( 0.2942209357623307700, 2.379842557812610300, 0.4800000000000000900 ) ) ;
#2631 = SURFACE_SIDE_STYLE ('',( #1912 ) ) ;
#2632 = ORIENTED_EDGE ( 'NONE', *, *, #1960, .T. ) ;
#2633 = EDGE_CURVE ( 'NONE', #603, #1286, #882, .T. ) ;
#2634 = UNCERTAINTY_MEASURE_WITH_UNIT (LENGTH_MEASURE( 1.000000000000000100E-005 ), #5270, 'distance_accuracy_value', 'NONE');
#2635 = DIRECTION ( 'NONE',  ( 0.0000000000000000000, 1.000000000000000000, 0.0000000000000000000 ) ) ;
#2636 = FACE_OUTER_BOUND ( 'NONE', #991, .T. ) ;
#2637 = PLANE ( 'NONE',  #468 ) ;
#2638 = ORIENTED_EDGE ( 'NONE', *, *, #429, .F. ) ;
#2639 = CARTESIAN_POINT ( 'NONE',  ( 3.200000000000000600, 2.500000000000000400, 0.1700000000000000100 ) ) ;
#2640 =( NAMED_UNIT ( * ) SI_UNIT ( $, .STERADIAN. ) SOLID_ANGLE_UNIT ( ) );
#2641 = AXIS2_PLACEMENT_3D ( 'NONE', #6505, #3270, #7064 ) ;
#2642 = SURFACE_STYLE_FILL_AREA ( #4630 ) ;
#2643 =( NAMED_UNIT ( * ) SI_UNIT ( $, .STERADIAN. ) SOLID_ANGLE_UNIT ( ) );
#2644 = CARTESIAN_POINT ( 'NONE',  ( 0.2000000000000000100, 0.0000000000000000000, 0.1700000000000000100 ) ) ;
#2645 = FILL_AREA_STYLE ('',( #473 ) ) ;
#2646 = B_SPLINE_CURVE_WITH_KNOTS ( 'NONE', 3,
 ( #4202, #403, #3653, #4756, #1502, #5285 ),
 .UNSPECIFIED., .F., .F.,
 ( 4, 2, 4 ),
 ( 0.0000000000000000000, 0.5000000000000000000, 1.000000000000000000 ),
 .UNSPECIFIED. ) ;
#2647 = EDGE_CURVE ( 'NONE', #494, #6955, #1149, .T. ) ;
#2648 = DIRECTION ( 'NONE',  ( 1.000000000000000000, 0.0000000000000000000, 0.0000000000000000000 ) ) ;
#2649 = CIRCLE ( 'NONE', #6936, 0.2000000000000001800 ) ;
#2650 = CARTESIAN_POINT ( 'NONE',  ( 2.799999999999999400, 2.100000000000000100, 0.5400000000000001500 ) ) ;
#2651 = CARTESIAN_POINT ( 'NONE',  ( 0.0000000000000000000, 0.4200404230269067000, 0.2899999999999999800 ) ) ;
#2652 = CARTESIAN_POINT ( 'NONE',  ( 2.987942570591160400, 0.07153105875757247200, 0.2899999999999999800 ) ) ;
#2653 = CARTESIAN_POINT ( 'NONE',  ( 2.779937501871236900, -1.626303258728256700E-016, 0.0000000000000000000 ) ) ;
#2654 =( NAMED_UNIT ( * ) PLANE_ANGLE_UNIT ( ) SI_UNIT ( $, .RADIAN. ) );
#2655 = PRESENTATION_STYLE_ASSIGNMENT (( #5048 ) ) ;
#2656 = VECTOR ( 'NONE', #3178, 1000.000000000000000 ) ;
#2657 = CARTESIAN_POINT ( 'NONE',  ( 0.4052574559742375700, 2.400362705962395500, 0.3210660171779820500 ) ) ;
#2658 = VECTOR ( 'NONE', #4766, 1000.000000000000000 ) ;
#2659 = LINE ( 'NONE', #5459, #4885 ) ;
#2660 = UNCERTAINTY_MEASURE_WITH_UNIT (LENGTH_MEASURE( 1.000000000000000100E-005 ), #1387, 'distance_accuracy_value', 'NONE');
#2661 = DIRECTION ( 'NONE',  ( -1.000000000000000000, 0.0000000000000000000, 0.0000000000000000000 ) ) ;
#2662 = CARTESIAN_POINT ( 'NONE',  ( 3.169999999999999900, 2.500000000000000000, 0.1700000000000000100 ) ) ;
#2663 = LINE ( 'NONE', #4846, #1229 ) ;
#2664 = COLOUR_RGB ( '',0.8274509803921568100, 0.6666666666666666300, 0.1294117647058823400 ) ;
#2665 = CARTESIAN_POINT ( 'NONE',  ( 0.09999999999999401000, 1.022343932005198100, 0.5000000000000240900 ) ) ;
#2666 = CARTESIAN_POINT ( 'NONE',  ( 0.4250672634741105000, 2.074932736525889600, 0.3649999999999999900 ) ) ;
#2667 = LINE ( 'NONE', #2148, #2488 ) ;
#2668 = STYLED_ITEM ( 'NONE', ( #2056 ), #4892 ) ;
#2669 = ADVANCED_FACE ( 'NONE', ( #6763 ), #3891, .F. ) ;
#2670 = ORIENTED_EDGE ( 'NONE', *, *, #331, .T. ) ;
#2671 = EDGE_LOOP ( 'NONE', ( #3787, #5243, #598, #3620 ) ) ;
#2672 = AXIS2_PLACEMENT_3D ( 'NONE', #6319, #3086, #6880 ) ;
#2673 = CARTESIAN_POINT ( 'NONE',  ( 0.2052604420177458500, 0.2121419212420618500, 0.5000030807121101900 ) ) ;
#2674 = STYLED_ITEM ( 'NONE', ( #2552 ), #3245 ) ;
#2675 =( LENGTH_UNIT ( ) NAMED_UNIT ( * ) SI_UNIT ( .MILLI., .METRE. ) );
#2676 = PRESENTATION_STYLE_ASSIGNMENT (( #876 ) ) ;
#2677 = COLOUR_RGB ( '',0.6470588235294118000, 0.6196078431372549200, 0.5843137254901961100 ) ;
#2678 = FACE_OUTER_BOUND ( 'NONE', #3604, .T. ) ;
#2679 = ORIENTED_EDGE ( 'NONE', *, *, #3025, .T. ) ;
#2680 = ORIENTED_EDGE ( 'NONE', *, *, #4890, .F. ) ;
#2681 = ORIENTED_EDGE ( 'NONE', *, *, #1, .T. ) ;
#2682 = ORIENTED_EDGE ( 'NONE', *, *, #4345, .F. ) ;
#2683 = EDGE_CURVE ( 'NONE', #4913, #6621, #4795, .T. ) ;
#2684 = DIRECTION ( 'NONE',  ( 0.0000000000000000000, 0.0000000000000000000, 1.000000000000000000 ) ) ;
#2685 = PRESENTATION_STYLE_ASSIGNMENT (( #250 ) ) ;
#2686 = ORIENTED_EDGE ( 'NONE', *, *, #4778, .F. ) ;
#2687 = DIRECTION ( 'NONE',  ( -0.0000000000000000000, -0.0000000000000000000, 1.000000000000000000 ) ) ;
#2688 = DIRECTION ( 'NONE',  ( -1.000000000000000000, -0.0000000000000000000, 0.0000000000000000000 ) ) ;
#2689 = DIRECTION ( 'NONE',  ( 1.000000000000000000, 0.0000000000000000000, 0.0000000000000000000 ) ) ;
#2690 = ORIENTED_EDGE ( 'NONE', *, *, #1934, .T. ) ;
#2691 = ORIENTED_EDGE ( 'NONE', *, *, #5280, .T. ) ;
#2692 = AXIS2_PLACEMENT_3D ( 'NONE', #6238, #2996, #6795 ) ;
#2693 = CARTESIAN_POINT ( 'NONE',  ( 0.5600000000000000500, 0.1199999999999998800, 0.5000000000000000000 ) ) ;
#2694 = CARTESIAN_POINT ( 'NONE',  ( 2.799997406541917800, 0.1200314940296796200, 0.4999999876735897200 ) ) ;
#2695 = VECTOR ( 'NONE', #5129, 1000.000000000000000 ) ;
#2696 = CARTESIAN_POINT ( 'NONE',  ( 0.2100000000000000200, 0.4000000000000001900, 0.6000000000000000900 ) ) ;
#2697 = AXIS2_PLACEMENT_3D ( 'NONE', #2432, #831, #6241 ) ;
#2698 = EDGE_CURVE ( 'NONE', #682, #1328, #1903, .T. ) ;
#2699 =( NAMED_UNIT ( * ) PLANE_ANGLE_UNIT ( ) SI_UNIT ( $, .RADIAN. ) );
#2700 = ORIENTED_EDGE ( 'NONE', *, *, #6203, .F. ) ;
#2701 = ORIENTED_EDGE ( 'NONE', *, *, #4245, .F. ) ;
#2702 = DIRECTION ( 'NONE',  ( -0.0000000000000000000, 0.0000000000000000000, 1.000000000000000000 ) ) ;
#2703 =( LENGTH_UNIT ( ) NAMED_UNIT ( * ) SI_UNIT ( .MILLI., .METRE. ) );
#2704 = LINE ( 'NONE', #394, #1262 ) ;
#2705 =( LENGTH_UNIT ( ) NAMED_UNIT ( * ) SI_UNIT ( .MILLI., .METRE. ) );
#2706 = CARTESIAN_POINT ( 'NONE',  ( 0.02500000000000018500, 0.3972620349942541100, 0.2899999999999999800 ) ) ;
#2707 = VERTEX_POINT ( 'NONE', #5550 ) ;
#2708 = EDGE_CURVE ( 'NONE', #5585, #6535, #3200, .T. ) ;
#2709 = SURFACE_STYLE_USAGE ( .BOTH. , #5985 ) ;
#2710 = CARTESIAN_POINT ( 'NONE',  ( 0.03000000000000040500, 2.200000000000000200, 0.1700000000000000100 ) ) ;
#2711 = FILL_AREA_STYLE ('',( #11 ) ) ;
#2712 = FILL_AREA_STYLE_COLOUR ( '', #5587 ) ;
#2713 = ADVANCED_FACE ( 'NONE', ( #3361 ), #1758, .F. ) ;
#2714 = DIRECTION ( 'NONE',  ( 0.0000000000000000000, 1.000000000000000000, 0.0000000000000000000 ) ) ;
#2715 = DIRECTION ( 'NONE',  ( 0.0000000000000000000, -0.0000000000000000000, -1.000000000000000000 ) ) ;
#2716 = UNCERTAINTY_MEASURE_WITH_UNIT (LENGTH_MEASURE( 1.000000000000000100E-005 ), #1352, 'distance_accuracy_value', 'NONE');
#2717 = CARTESIAN_POINT ( 'NONE',  ( 1.920852291934954700, 0.1000000000000021800, 0.4999999999999821800 ) ) ;
#2718 = CARTESIAN_POINT ( 'NONE',  ( 3.170000000000000400, 0.02999999999999997100, 0.0000000000000000000 ) ) ;
#2719 =( LENGTH_UNIT ( ) NAMED_UNIT ( * ) SI_UNIT ( .MILLI., .METRE. ) );
#2720 = MECHANICAL_DESIGN_GEOMETRIC_PRESENTATION_REPRESENTATION (  '', ( #1644 ), #3097 ) ;
#2721 = FILL_AREA_STYLE ('',( #1645 ) ) ;
#2722 = CARTESIAN_POINT ( 'NONE',  ( 3.000000000000000000, 2.500000000000000400, 0.2899999999999999800 ) ) ;
#2723 = MECHANICAL_DESIGN_GEOMETRIC_PRESENTATION_REPRESENTATION (  '', ( #904 ), #3100 ) ;
#2724 = EDGE_LOOP ( 'NONE', ( #5425, #5718, #4717, #6714, #641, #2809, #3392, #6178, #1076, #5402, #2578 ) ) ;
#2725 = CARTESIAN_POINT ( 'NONE',  ( 0.4200624981287629000, 0.09986109713243987400, 0.1700000000000000100 ) ) ;
#2726 = CARTESIAN_POINT ( 'NONE',  ( 3.049999999999999800, 0.2535533905932744200, 0.5751471862576144100 ) ) ;
#2727 = PRESENTATION_STYLE_ASSIGNMENT (( #1083 ) ) ;
#2728 =( NAMED_UNIT ( * ) PLANE_ANGLE_UNIT ( ) SI_UNIT ( $, .RADIAN. ) );
#2729 = CARTESIAN_POINT ( 'NONE',  ( 0.1292294819680876400, 0.4000000000000010200, 0.5000148479624873000 ) ) ;
#2730 =( GEOMETRIC_REPRESENTATION_CONTEXT ( 3 ) GLOBAL_UNCERTAINTY_ASSIGNED_CONTEXT ( ( #2634 ) ) GLOBAL_UNIT_ASSIGNED_CONTEXT ( ( #5270, #2009, #5826 ) ) REPRESENTATION_CONTEXT ( 'NONE', 'WORKASPACE' ) );
#2731 = VERTEX_POINT ( 'NONE', #2845 ) ;
#2732 =( GEOMETRIC_REPRESENTATION_CONTEXT ( 3 ) GLOBAL_UNCERTAINTY_ASSIGNED_CONTEXT ( ( #6298 ) ) GLOBAL_UNIT_ASSIGNED_CONTEXT ( ( #4967, #1722, #5511 ) ) REPRESENTATION_CONTEXT ( 'NONE', 'WORKASPACE' ) );
#2733 = CARTESIAN_POINT ( 'NONE',  ( 0.4250672634741105000, 0.4250672634741105000, 0.3649999999999999900 ) ) ;
#2734 = UNCERTAINTY_MEASURE_WITH_UNIT (LENGTH_MEASURE( 1.000000000000000100E-005 ), #1799, 'distance_accuracy_value', 'NONE');
#2735 = DIRECTION ( 'NONE',  ( 0.0000000000000000000, 0.0000000000000000000, 1.000000000000000000 ) ) ;
#2736 = FACE_OUTER_BOUND ( 'NONE', #1838, .T. ) ;
#2737 =( NAMED_UNIT ( * ) SI_UNIT ( $, .STERADIAN. ) SOLID_ANGLE_UNIT ( ) );
#2738 = CARTESIAN_POINT ( 'NONE',  ( 3.000000000000000000, 2.500000000000000400, 0.1700000000000000100 ) ) ;
#2739 = EDGE_LOOP ( 'NONE', ( #6523, #5951, #5075, #1607 ) ) ;
#2740 = AXIS2_PLACEMENT_3D ( 'NONE', #258, #2436, #2407 ) ;
#2741 = EDGE_CURVE ( 'NONE', #1766, #682, #1220, .T. ) ;
#2742 = CARTESIAN_POINT ( 'NONE',  ( 2.720000000000005100, 0.1000000000000000100, 0.4800000000000000900 ) ) ;
#2743 = CARTESIAN_POINT ( 'NONE',  ( 0.0000000000000000000, 0.02999999999999997100, 0.1700000000000000100 ) ) ;
#2744 = DIRECTION ( 'NONE',  ( 0.0000000000000000000, 0.0000000000000000000, -1.000000000000000000 ) ) ;
#2745 = SURFACE_STYLE_FILL_AREA ( #507 ) ;
#2746 = CARTESIAN_POINT ( 'NONE',  ( 3.100000000000000500, 0.4000000000000001900, 0.4800000000000000900 ) ) ;
#2747 = PRESENTATION_LAYER_ASSIGNMENT (  '', '', ( #2374 ) ) ;
#2748 = PLANE ( 'NONE',  #7010 ) ;
#2749 = ADVANCED_FACE ( 'NONE', ( #4109 ), #3420, .T. ) ;
#2750 = PLANE ( 'NONE',  #3823 ) ;
#2751 = SURFACE_STYLE_FILL_AREA ( #6948 ) ;
#2752 = LINE ( 'NONE', #4874, #4194 ) ;
#2753 = CARTESIAN_POINT ( 'NONE',  ( 0.4000000000000000200, 0.1292294819680876400, 0.5000148479624873000 ) ) ;
#2754 = EDGE_CURVE ( 'NONE', #3240, #2707, #3438, .T. ) ;
#2755 = CARTESIAN_POINT ( 'NONE',  ( 0.4250672634741105000, 2.074932736525889600, 0.5000000000000000000 ) ) ;
#2756 = COLOUR_RGB ( '',0.6470588235294118000, 0.6196078431372549200, 0.5843137254901961100 ) ;
#2757 = COLOUR_RGB ( '',0.8274509803921568100, 0.6666666666666666300, 0.1254901960784313700 ) ;
#2758 = DIRECTION ( 'NONE',  ( -1.000000000000000000, 0.0000000000000000000, 0.0000000000000000000 ) ) ;
#2759 = UNCERTAINTY_MEASURE_WITH_UNIT (LENGTH_MEASURE( 1.000000000000000100E-005 ), #5110, 'distance_accuracy_value', 'NONE');
#2760 = PRESENTATION_LAYER_ASSIGNMENT (  '', '', ( #2018 ) ) ;
#2761 = LINE ( 'NONE', #2223, #4035 ) ;
#2762 = DIRECTION ( 'NONE',  ( -0.0000000000000000000, -0.0000000000000000000, -1.000000000000000000 ) ) ;
#2763 = VECTOR ( 'NONE', #1951, 1000.000000000000000 ) ;
#2764 = VERTEX_POINT ( 'NONE', #3984 ) ;
#2765 = ORIENTED_EDGE ( 'NONE', *, *, #4345, .T. ) ;
#2766 = AXIS2_PLACEMENT_3D ( 'NONE', #253, #4607, #6793 ) ;
#2767 = PRESENTATION_STYLE_ASSIGNMENT (( #4199 ) ) ;
#2768 = PRESENTATION_LAYER_ASSIGNMENT (  '', '', ( #2023 ) ) ;
#2769 = CARTESIAN_POINT ( 'NONE',  ( 1.119723590466932000, 2.400138902867559900, 0.1700000000000000100 ) ) ;
#2770 = PRESENTATION_STYLE_ASSIGNMENT (( #3091 ) ) ;
#2771 = CARTESIAN_POINT ( 'NONE',  ( 3.080059201909494300, 0.4015377163306961300, 0.5000000000000000000 ) ) ;
#2772 = LINE ( 'NONE', #3416, #4212 ) ;
#2773 = ORIENTED_EDGE ( 'NONE', *, *, #3641, .T. ) ;
#2774 = EDGE_LOOP ( 'NONE', ( #4360, #6326, #7048, #1367 ) ) ;
#2775 = CARTESIAN_POINT ( 'NONE',  ( 0.09999075855428361800, 0.9199523185698690300, 0.1700000000000000100 ) ) ;
#2776 =( NAMED_UNIT ( * ) SI_UNIT ( $, .STERADIAN. ) SOLID_ANGLE_UNIT ( ) );
#2777 = PRESENTATION_STYLE_ASSIGNMENT (( #4762 ) ) ;
#2778 =( GEOMETRIC_REPRESENTATION_CONTEXT ( 3 ) GLOBAL_UNCERTAINTY_ASSIGNED_CONTEXT ( ( #3684 ) ) GLOBAL_UNIT_ASSIGNED_CONTEXT ( ( #1511, #5293, #2034 ) ) REPRESENTATION_CONTEXT ( 'NONE', 'WORKASPACE' ) );
#2779 =( BOUNDED_SURFACE ( )  B_SPLINE_SURFACE ( 3, 3, ( 
 ( #6459, #4289, #1038, #4839 ),
 ( #1591, #5371, #2117, #2657 ),
 ( #6477, #5945, #3247, #5237 ),
 ( #5796, #1970, #2520, #6324 ) ),
 .UNSPECIFIED., .F., .F., .F. ) 
 B_SPLINE_SURFACE_WITH_KNOTS ( ( 4, 4 ),
 ( 4, 4 ),
 ( 0.0000000000000000000, 1.000000000000000000 ),
 ( 0.0000000000000000000, 1.000000000000000000 ),
 .UNSPECIFIED. ) 
 GEOMETRIC_REPRESENTATION_ITEM ( )  RATIONAL_B_SPLINE_SURFACE ( (
 ( 1.000000000000000000, 0.8325095390923366000, 0.8325095390923366000, 1.000000000000000000),
 ( 0.8047378541243648300, 0.6699519400272310200, 0.6699519400272310200, 0.8047378541243648300),
 ( 0.8047378541243648300, 0.6699519400272310200, 0.6699519400272310200, 0.8047378541243648300),
 ( 1.000000000000000000, 0.8325095390923366000, 0.8325095390923366000, 1.000000000000000000) ) ) 
 REPRESENTATION_ITEM ( '' )  SURFACE ( )  );
#2780 =( NAMED_UNIT ( * ) PLANE_ANGLE_UNIT ( ) SI_UNIT ( $, .RADIAN. ) );
#2781 = DIRECTION ( 'NONE',  ( 0.0000000000000000000, 0.0000000000000000000, 1.000000000000000000 ) ) ;
#2782 =( GEOMETRIC_REPRESENTATION_CONTEXT ( 3 ) GLOBAL_UNCERTAINTY_ASSIGNED_CONTEXT ( ( #6102 ) ) GLOBAL_UNIT_ASSIGNED_CONTEXT ( ( #6718, #3453, #189 ) ) REPRESENTATION_CONTEXT ( 'NONE', 'WORKASPACE' ) );
#2783 = ORIENTED_EDGE ( 'NONE', *, *, #1742, .F. ) ;
#2784 = ORIENTED_EDGE ( 'NONE', *, *, #6712, .T. ) ;
#2785 = CIRCLE ( 'NONE', #768, 0.02000000000000005200 ) ;
#2786 = UNCERTAINTY_MEASURE_WITH_UNIT (LENGTH_MEASURE( 1.000000000000000100E-005 ), #1910, 'distance_accuracy_value', 'NONE');
#2787 = EDGE_CURVE ( 'NONE', #1286, #4480, #4881, .T. ) ;
#2788 = DIRECTION ( 'NONE',  ( -1.000000000000000000, -3.491481338843133400E-015, 0.0000000000000000000 ) ) ;
#2789 = ORIENTED_EDGE ( 'NONE', *, *, #246, .T. ) ;
#2790 = ORIENTED_EDGE ( 'NONE', *, *, #5019, .F. ) ;
#2791 = CARTESIAN_POINT ( 'NONE',  ( 1.379445037862997800E-018, 0.2000000000000000100, 0.1700000000000000100 ) ) ;
#2792 = VECTOR ( 'NONE', #52, 1000.000000000000000 ) ;
#2793 = ADVANCED_FACE ( 'NONE', ( #1971 ), #5131, .F. ) ;
#2794 = FACE_OUTER_BOUND ( 'NONE', #5154, .T. ) ;
#2795 =( GEOMETRIC_REPRESENTATION_CONTEXT ( 3 ) GLOBAL_UNCERTAINTY_ASSIGNED_CONTEXT ( ( #5703 ) ) GLOBAL_UNIT_ASSIGNED_CONTEXT ( ( #4879, #1634, #5429 ) ) REPRESENTATION_CONTEXT ( 'NONE', 'WORKASPACE' ) );
#2796 = VERTEX_POINT ( 'NONE', #5627 ) ;
#2797 = CARTESIAN_POINT ( 'NONE',  ( 2.802737965005745100, 0.02500000000000002200, 0.2899999999999999800 ) ) ;
#2798 =( NAMED_UNIT ( * ) PLANE_ANGLE_UNIT ( ) SI_UNIT ( $, .RADIAN. ) );
#2799 = DIRECTION ( 'NONE',  ( 1.000000000000000000, 0.0000000000000000000, -0.0000000000000000000 ) ) ;
#2800 = STYLED_ITEM ( 'NONE', ( #5811 ), #1045 ) ;
#2801 = EDGE_CURVE ( 'NONE', #2008, #1439, #328, .T. ) ;
#2802 = CARTESIAN_POINT ( 'NONE',  ( 2.990000000000001100, 0.4000000000000009100, 0.6000000000000000900 ) ) ;
#2803 = EDGE_CURVE ( 'NONE', #6585, #5229, #5644, .T. ) ;
#2804 = DIRECTION ( 'NONE',  ( 0.0000000000000000000, 0.0000000000000000000, 1.000000000000000000 ) ) ;
#2805 = CARTESIAN_POINT ( 'NONE',  ( 3.100000000000000100, 2.100000000000000100, 0.3649999999999999900 ) ) ;
#2806 = DIRECTION ( 'NONE',  ( -1.000000000000000000, 0.0000000000000000000, 0.0000000000000000000 ) ) ;
#2807 = ADVANCED_FACE ( 'NONE', ( #6913 ), #2572, .F. ) ;
#2808 = CARTESIAN_POINT ( 'NONE',  ( 0.4200624981287632800, 2.500000000000000000, 0.1700000000000000100 ) ) ;
#2809 = ORIENTED_EDGE ( 'NONE', *, *, #235, .T. ) ;
#2810 =( NAMED_UNIT ( * ) PLANE_ANGLE_UNIT ( ) SI_UNIT ( $, .RADIAN. ) );
#2811 = COLOUR_RGB ( '',0.8274509803921568100, 0.6666666666666666300, 0.1294117647058823400 ) ;
#2812 = DIRECTION ( 'NONE',  ( -1.000000000000000000, 0.0000000000000000000, 0.0000000000000000000 ) ) ;
#2813 = PRESENTATION_LAYER_ASSIGNMENT (  '', '', ( #1732 ) ) ;
#2814 = ORIENTED_EDGE ( 'NONE', *, *, #2381, .F. ) ;
#2815 = CARTESIAN_POINT ( 'NONE',  ( 3.073826014089279900, 0.3245913417738003300, 0.5000000000000000000 ) ) ;
#2816 = B_SPLINE_CURVE_WITH_KNOTS ( 'NONE', 3,
 ( #1713, #4958, #607, #5501, #2242, #6059 ),
 .UNSPECIFIED., .F., .F.,
 ( 4, 2, 4 ),
 ( 0.0000000000000000000, 0.5000000000000000000, 1.000000000000000000 ),
 .UNSPECIFIED. ) ;
#2817 =( LENGTH_UNIT ( ) NAMED_UNIT ( * ) SI_UNIT ( .MILLI., .METRE. ) );
#2818 = ORIENTED_EDGE ( 'NONE', *, *, #6885, .T. ) ;
#2819 = DIRECTION ( 'NONE',  ( -1.000000000000000000, 0.0000000000000000000, 0.0000000000000000000 ) ) ;
#2820 = DIRECTION ( 'NONE',  ( 0.0000000000000000000, 1.000000000000000000, 0.0000000000000000000 ) ) ;
#2821 = PRESENTATION_LAYER_ASSIGNMENT (  '', '', ( #2078 ) ) ;
#2822 = COLOUR_RGB ( '',0.8274509803921568100, 0.6666666666666666300, 0.1294117647058823400 ) ;
#2823 = VECTOR ( 'NONE', #824, 1000.000000000000000 ) ;
#2824 = ADVANCED_FACE ( 'NONE', ( #6402 ), #2604, .F. ) ;
#2825 = PLANE ( 'NONE',  #370 ) ;
#2826 = EDGE_LOOP ( 'NONE', ( #910, #2084, #2947, #516 ) ) ;
#2827 = FILL_AREA_STYLE_COLOUR ( '', #3380 ) ;
#2828 = CARTESIAN_POINT ( 'NONE',  ( 0.3000000000000000400, 0.02999999999999998800, 0.0000000000000000000 ) ) ;
#2829 = SURFACE_STYLE_USAGE ( .BOTH. , #6088 ) ;
#2830 = EDGE_CURVE ( 'NONE', #5829, #5185, #5905, .T. ) ;
#2831 = UNCERTAINTY_MEASURE_WITH_UNIT (LENGTH_MEASURE( 1.000000000000000100E-005 ), #5822, 'distance_accuracy_value', 'NONE');
#2832 = CIRCLE ( 'NONE', #4280, 0.2500000000000011100 ) ;
#2833 = COLOUR_RGB ( '',0.8274509803921568100, 0.6666666666666666300, 0.1294117647058823400 ) ;
#2834 =( NAMED_UNIT ( * ) PLANE_ANGLE_UNIT ( ) SI_UNIT ( $, .RADIAN. ) );
#2835 = SURFACE_STYLE_FILL_AREA ( #9 ) ;
#2836 = CARTESIAN_POINT ( 'NONE',  ( 1.119723590466932000, 1.580047681430130700, 0.1700000000000000100 ) ) ;
#2837 = DIRECTION ( 'NONE',  ( 0.0000000000000000000, 0.0000000000000000000, 1.000000000000000000 ) ) ;
#2838 = FACE_OUTER_BOUND ( 'NONE', #1721, .T. ) ;
#2839 = STYLED_ITEM ( 'NONE', ( #5693 ), #626 ) ;
#2840 = EDGE_CURVE ( 'NONE', #1276, #2384, #3190, .T. ) ;
#2841 = PRESENTATION_STYLE_ASSIGNMENT (( #3040 ) ) ;
#2842 =( NAMED_UNIT ( * ) PLANE_ANGLE_UNIT ( ) SI_UNIT ( $, .RADIAN. ) );
#2843 = DIRECTION ( 'NONE',  ( -0.0000000000000000000, -0.0000000000000000000, -1.000000000000000000 ) ) ;
#2844 =( NAMED_UNIT ( * ) SI_UNIT ( $, .STERADIAN. ) SOLID_ANGLE_UNIT ( ) );
#2845 = CARTESIAN_POINT ( 'NONE',  ( 2.080276409533067900, 1.879883371806615900, 0.0000000000000000000 ) ) ;
#2846 = VECTOR ( 'NONE', #5970, 1000.000000000000000 ) ;
#2847 = CARTESIAN_POINT ( 'NONE',  ( 2.950449310801154500, 2.332211262653267200, 0.5000000000000000000 ) ) ;
#2848 =( NAMED_UNIT ( * ) SI_UNIT ( $, .STERADIAN. ) SOLID_ANGLE_UNIT ( ) );
#2849 = EDGE_CURVE ( 'NONE', #5066, #5666, #281, .T. ) ;
#2850 = VECTOR ( 'NONE', #6463, 1000.000000000000000 ) ;
#2851 = LINE ( 'NONE', #4843, #1403 ) ;
#2852 = SURFACE_STYLE_FILL_AREA ( #6215 ) ;
#2853 = VERTEX_POINT ( 'NONE', #3206 ) ;
#2854 = ORIENTED_EDGE ( 'NONE', *, *, #343, .T. ) ;
#2855 = DIRECTION ( 'NONE',  ( 1.000000000000000000, 0.0000000000000000000, 0.0000000000000000000 ) ) ;
#2856 = VECTOR ( 'NONE', #4451, 1000.000000000000000 ) ;
#2857 = MECHANICAL_DESIGN_GEOMETRIC_PRESENTATION_REPRESENTATION (  '', ( #2116 ), #3246 ) ;
#2858 = LINE ( 'NONE', #1034, #7029 ) ;
#2859 = SURFACE_STYLE_USAGE ( .BOTH. , #6124 ) ;
#2860 = CARTESIAN_POINT ( 'NONE',  ( 0.1101522168000799200, 0.2325212498551082200, 0.3649999999999999900 ) ) ;
#2861 = ADVANCED_FACE ( 'NONE', ( #3020 ), #4283, .F. ) ;
#2862 = PRESENTATION_STYLE_ASSIGNMENT (( #6174 ) ) ;
#2863 = ORIENTED_EDGE ( 'NONE', *, *, #2421, .T. ) ;
#2864 = EDGE_LOOP ( 'NONE', ( #2790, #5238, #1099, #1891 ) ) ;
#2865 = ORIENTED_EDGE ( 'NONE', *, *, #834, .T. ) ;
#2866 = EDGE_LOOP ( 'NONE', ( #855, #2682, #6619, #4272, #4644, #5682, #1199, #2264 ) ) ;
#2867 = STYLED_ITEM ( 'NONE', ( #2360 ), #6422 ) ;
#2868 = MECHANICAL_DESIGN_GEOMETRIC_PRESENTATION_REPRESENTATION (  '', ( #1779 ), #3255 ) ;
#2869 = VECTOR ( 'NONE', #3124, 1000.000000000000000 ) ;
#2870 = LINE ( 'NONE', #4856, #1419 ) ;
#2871 = DIRECTION ( 'NONE',  ( -0.0000000000000000000, -0.0000000000000000000, -1.000000000000000000 ) ) ;
#2872 =( LENGTH_UNIT ( ) NAMED_UNIT ( * ) SI_UNIT ( .MILLI., .METRE. ) );
#2873 = ORIENTED_EDGE ( 'NONE', *, *, #6290, .T. ) ;
#2874 = FILL_AREA_STYLE ('',( #1133 ) ) ;
#2875 = FILL_AREA_STYLE_COLOUR ( '', #4536 ) ;
#2876 = ORIENTED_EDGE ( 'NONE', *, *, #1917, .F. ) ;
#2877 = ORIENTED_EDGE ( 'NONE', *, *, #2939, .F. ) ;
#2878 = UNCERTAINTY_MEASURE_WITH_UNIT (LENGTH_MEASURE( 1.000000000000000100E-005 ), #4862, 'distance_accuracy_value', 'NONE');
#2879 = FACE_OUTER_BOUND ( 'NONE', #2256, .T. ) ;
#2880 = CARTESIAN_POINT ( 'NONE',  ( 3.100000000000000500, 0.4000000000000004100, 0.4800000000000000900 ) ) ;
#2881 = CARTESIAN_POINT ( 'NONE',  ( 2.805512635967589900, 2.400043885014591100, 0.5000000000000014400 ) ) ;
#2882 = LINE ( 'NONE', #5712, #6868 ) ;
#2883 = ORIENTED_EDGE ( 'NONE', *, *, #5031, .T. ) ;
#2884 = FACE_OUTER_BOUND ( 'NONE', #4062, .T. ) ;
#2885 = PRESENTATION_STYLE_ASSIGNMENT (( #3170 ) ) ;
#2886 =( GEOMETRIC_REPRESENTATION_CONTEXT ( 3 ) GLOBAL_UNCERTAINTY_ASSIGNED_CONTEXT ( ( #1206 ) ) GLOBAL_UNIT_ASSIGNED_CONTEXT ( ( #3217, #7002, #3739 ) ) REPRESENTATION_CONTEXT ( 'NONE', 'WORKASPACE' ) );
#2887 = SURFACE_STYLE_USAGE ( .BOTH. , #6137 ) ;
#2888 = AXIS2_PLACEMENT_3D ( 'NONE', #2037, #5867, #2579 ) ;
#2889 = EDGE_CURVE ( 'NONE', #2499, #682, #2470, .T. ) ;
#2890 = DIRECTION ( 'NONE',  ( -0.0000000000000000000, -0.0000000000000000000, 1.000000000000000000 ) ) ;
#2891 = VERTEX_POINT ( 'NONE', #6417 ) ;
#2892 = CARTESIAN_POINT ( 'NONE',  ( 0.02477586485545140600, 0.4007004371235558000, 0.2899999999999999800 ) ) ;
#2893 = MECHANICAL_DESIGN_GEOMETRIC_PRESENTATION_REPRESENTATION (  '', ( #2149 ), #3273 ) ;
#2894 = DIRECTION ( 'NONE',  ( 0.0000000000000000000, 0.0000000000000000000, -1.000000000000000000 ) ) ;
#2895 = FILL_AREA_STYLE_COLOUR ( '', #5248 ) ;
#2896 = CARTESIAN_POINT ( 'NONE',  ( 3.174999999999999800, 0.3972620349942626600, 0.2899999999999999800 ) ) ;
#2897 = CARTESIAN_POINT ( 'NONE',  ( 2.779937501871236900, 0.09986109713243988800, 0.1700000000000000100 ) ) ;
#2898 = CARTESIAN_POINT ( 'NONE',  ( 0.0000000000000000000, 2.079959576973093000, 0.2899999999999999800 ) ) ;
#2899 = CARTESIAN_POINT ( 'NONE',  ( 3.025147186257614300, 2.231888168179568600, 0.6000000000000004200 ) ) ;
#2900 = CARTESIAN_POINT ( 'NONE',  ( 2.774932736525889800, 2.074932736525889600, 0.5000000000000000000 ) ) ;
#2901 = EDGE_CURVE ( 'NONE', #1448, #1322, #6673, .T. ) ;
#2902 = ORIENTED_EDGE ( 'NONE', *, *, #4791, .F. ) ;
#2903 = UNCERTAINTY_MEASURE_WITH_UNIT (LENGTH_MEASURE( 1.000000000000000100E-005 ), #4619, 'distance_accuracy_value', 'NONE');
#2904 = ADVANCED_FACE ( 'NONE', ( #1052 ), #5423, .F. ) ;
#2905 =( GEOMETRIC_REPRESENTATION_CONTEXT ( 3 ) GLOBAL_UNCERTAINTY_ASSIGNED_CONTEXT ( ( #7068 ) ) GLOBAL_UNIT_ASSIGNED_CONTEXT ( ( #4676, #1423, #5213 ) ) REPRESENTATION_CONTEXT ( 'NONE', 'WORKASPACE' ) );
#2906 = DIRECTION ( 'NONE',  ( -1.000000000000000000, -1.330177414960941600E-015, 0.0000000000000000000 ) ) ;
#2907 = ORIENTED_EDGE ( 'NONE', *, *, #6555, .T. ) ;
#2908 = CIRCLE ( 'NONE', #966, 0.2000000000000000900 ) ;
#2909 = CARTESIAN_POINT ( 'NONE',  ( 2.801565930894221800, 2.448148320616390500, 0.2900000000000000400 ) ) ;
#2910 = SURFACE_STYLE_USAGE ( .BOTH. , #6157 ) ;
#2911 =( GEOMETRIC_REPRESENTATION_CONTEXT ( 3 ) GLOBAL_UNCERTAINTY_ASSIGNED_CONTEXT ( ( #1936 ) ) GLOBAL_UNIT_ASSIGNED_CONTEXT ( ( #159, #3954, #701 ) ) REPRESENTATION_CONTEXT ( 'NONE', 'WORKASPACE' ) );
#2912 = CARTESIAN_POINT ( 'NONE',  ( 2.950449310801156200, 0.1677887373467347200, 0.4999999999999997800 ) ) ;
#2913 = PRESENTATION_LAYER_ASSIGNMENT (  '', '', ( #2169 ) ) ;
#2914 = SURFACE_SIDE_STYLE ('',( #3368 ) ) ;
#2915 = SURFACE_STYLE_FILL_AREA ( #6372 ) ;
#2916 = ORIENTED_EDGE ( 'NONE', *, *, #4799, .F. ) ;
#2917 = PRESENTATION_STYLE_ASSIGNMENT (( #4690 ) ) ;
#2918 = PRESENTATION_LAYER_ASSIGNMENT (  '', '', ( #2182 ) ) ;
#2919 = DIRECTION ( 'NONE',  ( -1.000000000000000000, 0.0000000000000000000, 0.0000000000000000000 ) ) ;
#2920 = LINE ( 'NONE', #4615, #1289 ) ;
#2921 = PRESENTATION_STYLE_ASSIGNMENT (( #1890 ) ) ;
#2922 = SURFACE_SIDE_STYLE ('',( #4982 ) ) ;
#2923 =( NAMED_UNIT ( * ) PLANE_ANGLE_UNIT ( ) SI_UNIT ( $, .RADIAN. ) );
#2924 =( GEOMETRIC_REPRESENTATION_CONTEXT ( 3 ) GLOBAL_UNCERTAINTY_ASSIGNED_CONTEXT ( ( #3847 ) ) GLOBAL_UNIT_ASSIGNED_CONTEXT ( ( #3212, #6999, #3737 ) ) REPRESENTATION_CONTEXT ( 'NONE', 'WORKASPACE' ) );
#2925 = FILL_AREA_STYLE ('',( #177 ) ) ;
#2926 = PRESENTATION_LAYER_ASSIGNMENT (  '', '', ( #2190 ) ) ;
#2927 =( LENGTH_UNIT ( ) NAMED_UNIT ( * ) SI_UNIT ( .MILLI., .METRE. ) );
#2928 = VECTOR ( 'NONE', #2635, 1000.000000000000000 ) ;
#2929 = EDGE_CURVE ( 'NONE', #3967, #5632, #3278, .T. ) ;
#2930 = SURFACE_STYLE_FILL_AREA ( #1064 ) ;
#2931 = DIRECTION ( 'NONE',  ( -0.0000000000000000000, -0.0000000000000000000, -1.000000000000000000 ) ) ;
#2932 = FILL_AREA_STYLE_COLOUR ( '', #6796 ) ;
#2933 = MECHANICAL_DESIGN_GEOMETRIC_PRESENTATION_REPRESENTATION (  '', ( #2203 ), #3318 ) ;
#2934 = VECTOR ( 'NONE', #2574, 1000.000000000000000 ) ;
#2935 = CARTESIAN_POINT ( 'NONE',  ( 3.096542744279371800, 0.3693788365759634300, 0.5000000000000041100 ) ) ;
#2936 = CARTESIAN_POINT ( 'NONE',  ( 0.1500000000000000200, 0.3999999999999999100, 0.5751471862576144100 ) ) ;
#2937 = LINE ( 'NONE', #2771, #4382 ) ;
#2938 = COLOUR_RGB ( '',0.6470588235294118000, 0.6196078431372549200, 0.5843137254901961100 ) ;
#2939 = EDGE_CURVE ( 'NONE', #6864, #2095, #1811, .T. ) ;
#2940 = FILL_AREA_STYLE_COLOUR ( '', #6592 ) ;
#2941 = DIRECTION ( 'NONE',  ( -1.000000000000000000, 8.313608843505885000E-016, 0.0000000000000000000 ) ) ;
#2942 =( NAMED_UNIT ( * ) SI_UNIT ( $, .STERADIAN. ) SOLID_ANGLE_UNIT ( ) );
#2943 = LINE ( 'NONE', #4673, #5653 ) ;
#2944 = CARTESIAN_POINT ( 'NONE',  ( 2.080276409533067900, 2.400138902867559900, 0.1700000000000000100 ) ) ;
#2945 = DIRECTION ( 'NONE',  ( -0.0000000000000000000, -0.0000000000000000000, -1.000000000000000000 ) ) ;
#2946 = VERTEX_POINT ( 'NONE', #2195 ) ;
#2947 = ORIENTED_EDGE ( 'NONE', *, *, #4622, .T. ) ;
#2948 = SURFACE_SIDE_STYLE ('',( #5125 ) ) ;
#2949 = CARTESIAN_POINT ( 'NONE',  ( 3.058702067636009900, 0.4000000000000005800, 0.4995501335457743800 ) ) ;
#2950 = SURFACE_STYLE_FILL_AREA ( #959 ) ;
#2951 = SURFACE_STYLE_FILL_AREA ( #3647 ) ;
#2952 = LINE ( 'NONE', #3071, #5663 ) ;
#2953 = CARTESIAN_POINT ( 'NONE',  ( 3.100000000000000100, 0.4566666661538876800, 0.5000000000000000000 ) ) ;
#2954 = CARTESIAN_POINT ( 'NONE',  ( 0.4098731178319771100, 2.400761356413931000, 0.5000000000000001100 ) ) ;
#2955 = ORIENTED_EDGE ( 'NONE', *, *, #3433, .T. ) ;
#2956 = ORIENTED_EDGE ( 'NONE', *, *, #5080, .F. ) ;
#2957 = ADVANCED_FACE ( 'NONE', ( #4539 ), #6003, .T. ) ;
#2958 = SURFACE_STYLE_FILL_AREA ( #5415 ) ;
#2959 = LINE ( 'NONE', #4627, #220 ) ;
#2960 = DIRECTION ( 'NONE',  ( 0.0000000000000000000, 0.0000000000000000000, 1.000000000000000000 ) ) ;
#2961 = PRESENTATION_STYLE_ASSIGNMENT (( #1016 ) ) ;
#2962 = ORIENTED_EDGE ( 'NONE', *, *, #4948, .T. ) ;
#2963 = FILL_AREA_STYLE_COLOUR ( '', #524 ) ;
#2964 = VERTEX_POINT ( 'NONE', #4386 ) ;
#2965 = EDGE_LOOP ( 'NONE', ( #4736, #4482, #2863, #6713, #2257, #4337, #4518, #4122, #3130 ) ) ;
#2966 = FILL_AREA_STYLE_COLOUR ( '', #490 ) ;
#2967 = FACE_OUTER_BOUND ( 'NONE', #3315, .T. ) ;
#2968 = FACE_OUTER_BOUND ( 'NONE', #4994, .T. ) ;
#2969 = MECHANICAL_DESIGN_GEOMETRIC_PRESENTATION_REPRESENTATION (  '', ( #1864 ), #3338 ) ;
#2970 = VERTEX_POINT ( 'NONE', #4416 ) ;
#2971 = VERTEX_POINT ( 'NONE', #1150 ) ;
#2972 = UNCERTAINTY_MEASURE_WITH_UNIT (LENGTH_MEASURE( 1.000000000000000100E-005 ), #2872, 'distance_accuracy_value', 'NONE');
#2973 = SURFACE_STYLE_USAGE ( .BOTH. , #6212 ) ;
#2974 = CARTESIAN_POINT ( 'NONE',  ( 0.4000000000000009100, 0.2099999999999999900, 0.6000000000000000900 ) ) ;
#2975 = SURFACE_STYLE_FILL_AREA ( #3365 ) ;
#2976 = FILL_AREA_STYLE_COLOUR ( '', #6346 ) ;
#2977 = SURFACE_SIDE_STYLE ('',( #2852 ) ) ;
#2978 = CARTESIAN_POINT ( 'NONE',  ( 0.4200624981287629000, 0.0000000000000000000, 0.0000000000000000000 ) ) ;
#2979 = SURFACE_STYLE_FILL_AREA ( #5800 ) ;
#2980 = UNCERTAINTY_MEASURE_WITH_UNIT (LENGTH_MEASURE( 1.000000000000000100E-005 ), #5400, 'distance_accuracy_value', 'NONE');
#2981 = ORIENTED_EDGE ( 'NONE', *, *, #5882, .T. ) ;
#2982 = DIRECTION ( 'NONE',  ( 0.0000000000000000000, 0.0000000000000000000, -1.000000000000000000 ) ) ;
#2983 = DIRECTION ( 'NONE',  ( 0.0000000000000000000, -1.000000000000000000, 0.0000000000000000000 ) ) ;
#2984 = FILL_AREA_STYLE_COLOUR ( '', #4811 ) ;
#2985 = DIRECTION ( 'NONE',  ( 0.0000000000000000000, 0.0000000000000000000, -1.000000000000000000 ) ) ;
#2986 = AXIS2_PLACEMENT_3D ( 'NONE', #1523, #4768, #967 ) ;
#2987 =( NAMED_UNIT ( * ) PLANE_ANGLE_UNIT ( ) SI_UNIT ( $, .RADIAN. ) );
#2988 = EDGE_CURVE ( 'NONE', #4943, #6707, #5469, .T. ) ;
#2989 = CARTESIAN_POINT ( 'NONE',  ( 0.1020465880371178600, 2.096149013752264300, 0.4898122048356456900 ) ) ;
#2990 = ORIENTED_EDGE ( 'NONE', *, *, #2293, .F. ) ;
#2991 =( NAMED_UNIT ( * ) PLANE_ANGLE_UNIT ( ) SI_UNIT ( $, .RADIAN. ) );
#2992 = VERTEX_POINT ( 'NONE', #4950 ) ;
#2993 = CARTESIAN_POINT ( 'NONE',  ( 2.710087937716594700, 2.399999999999930200, 0.4999999999999396600 ) ) ;
#2994 = EDGE_LOOP ( 'NONE', ( #578, #1857, #4411, #5933 ) ) ;
#2995 =( NAMED_UNIT ( * ) PLANE_ANGLE_UNIT ( ) SI_UNIT ( $, .RADIAN. ) );
#2996 = DIRECTION ( 'NONE',  ( -1.000000000000000000, 0.0000000000000000000, 0.0000000000000000000 ) ) ;
#2997 = FACE_OUTER_BOUND ( 'NONE', #5483, .T. ) ;
#2998 = EDGE_CURVE ( 'NONE', #312, #5666, #4020, .T. ) ;
#2999 = DIRECTION ( 'NONE',  ( 0.0000000000000000000, 0.0000000000000000000, 1.000000000000000000 ) ) ;
#3000 = ORIENTED_EDGE ( 'NONE', *, *, #72, .F. ) ;
#3001 = SURFACE_STYLE_FILL_AREA ( #6919 ) ;
#3002 = ADVANCED_FACE ( 'NONE', ( #6906 ), #622, .F. ) ;
#3003 = PRESENTATION_LAYER_ASSIGNMENT (  '', '', ( #2260 ) ) ;
#3004 = PRESENTATION_STYLE_ASSIGNMENT (( #897 ) ) ;
#3005 = EDGE_LOOP ( 'NONE', ( #3792, #6888, #1369, #1829, #6788, #5315 ) ) ;
#3006 = PLANE ( 'NONE',  #5226 ) ;
#3007 = DIRECTION ( 'NONE',  ( -0.0000000000000000000, -0.0000000000000000000, -1.000000000000000000 ) ) ;
#3008 = STYLED_ITEM ( 'NONE', ( #1457 ), #6140 ) ;
#3009 = FILL_AREA_STYLE ('',( #5690 ) ) ;
#3010 = PRESENTATION_LAYER_ASSIGNMENT (  '', '', ( #2618 ) ) ;
#3011 = DIRECTION ( 'NONE',  ( -1.000000000000000000, 0.0000000000000000000, 0.0000000000000000000 ) ) ;
#3012 = LINE ( 'NONE', #2898, #5899 ) ;
#3013 = UNCERTAINTY_MEASURE_WITH_UNIT (LENGTH_MEASURE( 1.000000000000000100E-005 ), #3740, 'distance_accuracy_value', 'NONE');
#3014 = FACE_BOUND ( 'NONE', #5621, .T. ) ;
#3015 = CARTESIAN_POINT ( 'NONE',  ( 0.4799999999999984800, 2.399999999999999900, 0.4800000000000000900 ) ) ;
#3016 = AXIS2_PLACEMENT_3D ( 'NONE', #100, #3905, #645 ) ;
#3017 = DIRECTION ( 'NONE',  ( 0.0000000000000000000, -1.000000000000000000, 0.0000000000000000000 ) ) ;
#3018 = DIRECTION ( 'NONE',  ( 1.000000000000000000, -0.0000000000000000000, 0.0000000000000000000 ) ) ;
#3019 =( NAMED_UNIT ( * ) PLANE_ANGLE_UNIT ( ) SI_UNIT ( $, .RADIAN. ) );
#3020 = FACE_OUTER_BOUND ( 'NONE', #4159, .T. ) ;
#3021 = CARTESIAN_POINT ( 'NONE',  ( 0.09999075855428361800, 2.079959576973093000, 0.1700000000000000100 ) ) ;
#3022 =( GEOMETRIC_REPRESENTATION_CONTEXT ( 3 ) GLOBAL_UNCERTAINTY_ASSIGNED_CONTEXT ( ( #2298 ) ) GLOBAL_UNIT_ASSIGNED_CONTEXT ( ( #880, #4682, #1431 ) ) REPRESENTATION_CONTEXT ( 'NONE', 'WORKASPACE' ) );
#3023 = PRESENTATION_STYLE_ASSIGNMENT (( #7004 ) ) ;
#3024 = FACE_OUTER_BOUND ( 'NONE', #3699, .T. ) ;
#3025 = EDGE_CURVE ( 'NONE', #2164, #5802, #4781, .T. ) ;
#3026 = CARTESIAN_POINT ( 'NONE',  ( 0.1034572577486075100, 2.130621172420402900, 0.4800000000000000900 ) ) ;
#3027 = LINE ( 'NONE', #2743, #4637 ) ;
#3028 = FILL_AREA_STYLE ('',( #2984 ) ) ;
#3029 = LINE ( 'NONE', #6482, #1395 ) ;
#3030 = DIRECTION ( 'NONE',  ( 0.0000000000000000000, -0.0000000000000000000, 1.000000000000000000 ) ) ;
#3031 = STYLED_ITEM ( 'NONE', ( #6668 ), #1628 ) ;
#3032 = SURFACE_STYLE_FILL_AREA ( #1627 ) ;
#3033 = FILL_AREA_STYLE ('',( #6821 ) ) ;
#3034 = DIRECTION ( 'NONE',  ( 0.0000000000000000000, 0.0000000000000000000, -1.000000000000000000 ) ) ;
#3035 = EDGE_LOOP ( 'NONE', ( #4497, #3613, #2814, #1425 ) ) ;
#3036 = ORIENTED_EDGE ( 'NONE', *, *, #3358, .F. ) ;
#3037 = ADVANCED_FACE ( 'NONE', ( #6231 ), #1706, .F. ) ;
#3038 = LINE ( 'NONE', #3899, #2856 ) ;
#3039 = EDGE_CURVE ( 'NONE', #2384, #3804, #2832, .T. ) ;
#3040 = SURFACE_STYLE_USAGE ( .BOTH. , #6278 ) ;
#3041 = DIRECTION ( 'NONE',  ( 0.0000000000000000000, 0.0000000000000000000, 1.000000000000000000 ) ) ;
#3042 = ORIENTED_EDGE ( 'NONE', *, *, #6635, .T. ) ;
#3043 = CARTESIAN_POINT ( 'NONE',  ( 3.200000000000000600, 2.500000000000000400, 0.2899999999999999800 ) ) ;
#3044 = ORIENTED_EDGE ( 'NONE', *, *, #2988, .T. ) ;
#3045 = ORIENTED_EDGE ( 'NONE', *, *, #4861, .F. ) ;
#3046 = LINE ( 'NONE', #502, #1768 ) ;
#3047 = ORIENTED_EDGE ( 'NONE', *, *, #4169, .T. ) ;
#3048 = PRESENTATION_STYLE_ASSIGNMENT (( #3232 ) ) ;
#3049 = DIRECTION ( 'NONE',  ( -0.7184060015747271200, 0.6956240485358546900, 0.0000000000000000000 ) ) ;
#3050 = VERTEX_POINT ( 'NONE', #5559 ) ;
#3051 = VERTEX_POINT ( 'NONE', #5014 ) ;
#3052 = PLANE ( 'NONE',  #2394 ) ;
#3053 = PRESENTATION_LAYER_ASSIGNMENT (  '', '', ( #2245 ) ) ;
#3054 = COLOUR_RGB ( '',0.8274509803921568100, 0.6666666666666666300, 0.1254901960784313700 ) ;
#3055 = UNCERTAINTY_MEASURE_WITH_UNIT (LENGTH_MEASURE( 1.000000000000000100E-005 ), #6751, 'distance_accuracy_value', 'NONE');
#3056 = LINE ( 'NONE', #3319, #4495 ) ;
#3057 = DIRECTION ( 'NONE',  ( 0.0000000000000000000, 0.0000000000000000000, 1.000000000000000000 ) ) ;
#3058 = CARTESIAN_POINT ( 'NONE',  ( 2.779937501871236400, 2.500000000000000000, 0.0000000000000000000 ) ) ;
#3059 = VERTEX_POINT ( 'NONE', #6667 ) ;
#3060 = UNCERTAINTY_MEASURE_WITH_UNIT (LENGTH_MEASURE( 1.000000000000000100E-005 ), #2703, 'distance_accuracy_value', 'NONE');
#3061 = CARTESIAN_POINT ( 'NONE',  ( 0.2413856885586465100, 2.370771566654770600, 0.5000148884191946100 ) ) ;
#3062 = AXIS2_PLACEMENT_3D ( 'NONE', #86, #3886, #629 ) ;
#3063 = LINE ( 'NONE', #3733, #158 ) ;
#3064 = AXIS2_PLACEMENT_3D ( 'NONE', #2410, #6226, #2985 ) ;
#3065 = ORIENTED_EDGE ( 'NONE', *, *, #869, .F. ) ;
#3066 = FILL_AREA_STYLE_COLOUR ( '', #782 ) ;
#3067 = CARTESIAN_POINT ( 'NONE',  ( 3.049999999999999800, 2.246446609406726100, 0.5200000000000000200 ) ) ;
#3068 = EDGE_CURVE ( 'NONE', #5458, #3967, #6844, .T. ) ;
#3069 = ORIENTED_EDGE ( 'NONE', *, *, #3068, .F. ) ;
#3070 = ADVANCED_FACE ( 'NONE', ( #5729 ), #5590, .F. ) ;
#3071 = CARTESIAN_POINT ( 'NONE',  ( 2.080276409533067900, 2.469999999999999800, 0.1700000000000000100 ) ) ;
#3072 = PRESENTATION_LAYER_ASSIGNMENT (  '', '', ( #2324 ) ) ;
#3073 = CARTESIAN_POINT ( 'NONE',  ( -9.035018104045869800E-018, 2.079959576973093000, 0.0000000000000000000 ) ) ;
#3074 = ORIENTED_EDGE ( 'NONE', *, *, #4298, .F. ) ;
#3075 = DIRECTION ( 'NONE',  ( -1.000000000000000000, 0.0000000000000000000, -0.0000000000000000000 ) ) ;
#3076 = PRESENTATION_LAYER_ASSIGNMENT (  '', '', ( #2327 ) ) ;
#3077 = CARTESIAN_POINT ( 'NONE',  ( 2.794742544035805600, 2.400362705961783600, 0.3210660171779814400 ) ) ;
#3078 = EDGE_CURVE ( 'NONE', #4480, #3411, #6288, .T. ) ;
#3079 = CARTESIAN_POINT ( 'NONE',  ( 3.042389143786229600, 0.2590481056463976300, 0.5000000000000000000 ) ) ;
#3080 = CARTESIAN_POINT ( 'NONE',  ( 0.1500000000000002200, 2.246446609406727000, 0.5200000000000000200 ) ) ;
#3081 = VECTOR ( 'NONE', #1536, 1000.000000000000000 ) ;
#3082 = CYLINDRICAL_SURFACE ( 'NONE', #4735, 0.2700000000000003000 ) ;
#3083 = LINE ( 'NONE', #6895, #179 ) ;
#3084 = SURFACE_SIDE_STYLE ('',( #3575 ) ) ;
#3085 = VERTEX_POINT ( 'NONE', #5056 ) ;
#3086 = DIRECTION ( 'NONE',  ( 0.0000000000000000000, 0.0000000000000000000, 1.000000000000000000 ) ) ;
#3087 = EDGE_CURVE ( 'NONE', #2375, #6707, #2307, .T. ) ;
#3088 = LINE ( 'NONE', #1867, #4531 ) ;
#3089 = FACE_OUTER_BOUND ( 'NONE', #5974, .T. ) ;
#3090 = B_SPLINE_CURVE_WITH_KNOTS ( 'NONE', 3,
 ( #2609, #2061, #3184, #6977, #3709, #457 ),
 .UNSPECIFIED., .F., .F.,
 ( 4, 2, 4 ),
 ( 0.0000000000000000000, 0.5000000000000000000, 1.000000000000000000 ),
 .UNSPECIFIED. ) ;
#3091 = SURFACE_STYLE_USAGE ( .BOTH. , #6328 ) ;
#3092 = SURFACE_STYLE_FILL_AREA ( #3419 ) ;
#3093 = DIRECTION ( 'NONE',  ( 0.0000000000000000000, 1.000000000000000000, 0.0000000000000000000 ) ) ;
#3094 = FILL_AREA_STYLE ('',( #2525 ) ) ;
#3095 = COLOUR_RGB ( '',0.8274509803921568100, 0.6666666666666666300, 0.1294117647058823400 ) ;
#3096 = DIRECTION ( 'NONE',  ( -1.000000000000000000, 0.0000000000000000000, -0.0000000000000000000 ) ) ;
#3097 =( GEOMETRIC_REPRESENTATION_CONTEXT ( 3 ) GLOBAL_UNCERTAINTY_ASSIGNED_CONTEXT ( ( #5419 ) ) GLOBAL_UNIT_ASSIGNED_CONTEXT ( ( #4523, #1264, #5062 ) ) REPRESENTATION_CONTEXT ( 'NONE', 'WORKASPACE' ) );
#3098 = COLOUR_RGB ( '',0.6470588235294118000, 0.6196078431372549200, 0.5843137254901961100 ) ;
#3099 =( NAMED_UNIT ( * ) SI_UNIT ( $, .STERADIAN. ) SOLID_ANGLE_UNIT ( ) );
#3100 =( GEOMETRIC_REPRESENTATION_CONTEXT ( 3 ) GLOBAL_UNCERTAINTY_ASSIGNED_CONTEXT ( ( #3871 ) ) GLOBAL_UNIT_ASSIGNED_CONTEXT ( ( #4239, #978, #4779 ) ) REPRESENTATION_CONTEXT ( 'NONE', 'WORKASPACE' ) );
#3101 = DIRECTION ( 'NONE',  ( 0.0000000000000000000, -0.0000000000000000000, 1.000000000000000000 ) ) ;
#3102 = FACE_OUTER_BOUND ( 'NONE', #3222, .T. ) ;
#3103 = LINE ( 'NONE', #2032, #5647 ) ;
#3104 = CARTESIAN_POINT ( 'NONE',  ( 0.1299999999999999800, 0.4000000000000000200, 0.5000000000000000000 ) ) ;
#3105 =( NAMED_UNIT ( * ) PLANE_ANGLE_UNIT ( ) SI_UNIT ( $, .RADIAN. ) );
#3106 =( NAMED_UNIT ( * ) SI_UNIT ( $, .STERADIAN. ) SOLID_ANGLE_UNIT ( ) );
#3107 = CARTESIAN_POINT ( 'NONE',  ( 2.900000000000000400, 0.0000000000000000000, 0.1700000000000000100 ) ) ;
#3108 = SURFACE_STYLE_FILL_AREA ( #4942 ) ;
#3109 =( LENGTH_UNIT ( ) NAMED_UNIT ( * ) SI_UNIT ( .MILLI., .METRE. ) );
#3110 = ORIENTED_EDGE ( 'NONE', *, *, #4443, .T. ) ;
#3111 = VERTEX_POINT ( 'NONE', #5090 ) ;
#3112 = CARTESIAN_POINT ( 'NONE',  ( 0.4000000000000000200, 2.350000000000001000, 0.5751471862576144100 ) ) ;
#3113 = STYLED_ITEM ( 'NONE', ( #1094 ), #251 ) ;
#3114 = VECTOR ( 'NONE', #4439, 1000.000000000000000 ) ;
#3115 = EDGE_CURVE ( 'NONE', #7046, #5257, #5033, .T. ) ;
#3116 = CARTESIAN_POINT ( 'NONE',  ( 3.200000000000000200, 0.2999999999999999900, 0.1700000000000000100 ) ) ;
#3117 = DIRECTION ( 'NONE',  ( -0.0000000000000000000, -0.0000000000000000000, -1.000000000000000000 ) ) ;
#3118 =( BOUNDED_SURFACE ( )  B_SPLINE_SURFACE ( 3, 3, ( 
 ( #666, #3407, #137, #3938 ),
 ( #686, #4496, #4453, #1414 ),
 ( #5210, #1953, #5776, #2485 ),
 ( #6296, #3067, #6854, #3591 ) ),
 .UNSPECIFIED., .F., .F., .F. ) 
 B_SPLINE_SURFACE_WITH_KNOTS ( ( 4, 4 ),
 ( 4, 4 ),
 ( 0.0000000000000000000, 1.000000000000000000 ),
 ( 0.0000000000000000000, 1.000000000000000000 ),
 .UNSPECIFIED. ) 
 GEOMETRIC_REPRESENTATION_ITEM ( )  RATIONAL_B_SPLINE_SURFACE ( (
 ( 1.000000000000000000, 0.8047378541243658300, 0.8047378541243658300, 1.000000000000000000),
 ( 0.7955795317417802000, 0.6402329651591479600, 0.6402329651591479600, 0.7955795317417802000),
 ( 0.7955795317417802000, 0.6402329651591479600, 0.6402329651591479600, 0.7955795317417802000),
 ( 1.000000000000000000, 0.8047378541243658300, 0.8047378541243658300, 1.000000000000000000) ) ) 
 REPRESENTATION_ITEM ( '' )  SURFACE ( )  );
#3119 = ORIENTED_EDGE ( 'NONE', *, *, #3652, .T. ) ;
#3120 = ORIENTED_EDGE ( 'NONE', *, *, #418, .T. ) ;
#3121 = EDGE_LOOP ( 'NONE', ( #1597, #1265, #3873, #345 ) ) ;
#3122 = DIRECTION ( 'NONE',  ( -0.0000000000000000000, 1.000000000000000000, 0.0000000000000000000 ) ) ;
#3123 = MECHANICAL_DESIGN_GEOMETRIC_PRESENTATION_REPRESENTATION (  '', ( #2374 ), #3489 ) ;
#3124 = DIRECTION ( 'NONE',  ( 1.000000000000000000, 0.0000000000000000000, -0.0000000000000000000 ) ) ;
#3125 = VECTOR ( 'NONE', #4848, 1000.000000000000000 ) ;
#3126 = DIRECTION ( 'NONE',  ( 0.0000000000000000000, 1.000000000000000000, 0.0000000000000000000 ) ) ;
#3127 = VECTOR ( 'NONE', #204, 1000.000000000000000 ) ;
#3128 = FACE_OUTER_BOUND ( 'NONE', #2083, .T. ) ;
#3129 = ORIENTED_EDGE ( 'NONE', *, *, #635, .T. ) ;
#3130 = ORIENTED_EDGE ( 'NONE', *, *, #2754, .T. ) ;
#3131 = EDGE_CURVE ( 'NONE', #301, #6091, #3582, .T. ) ;
#3132 = ORIENTED_EDGE ( 'NONE', *, *, #4799, .T. ) ;
#3133 = CARTESIAN_POINT ( 'NONE',  ( 0.1000000000000000700, 2.100000000000000100, 0.3649999999999999900 ) ) ;
#3134 = SURFACE_SIDE_STYLE ('',( #2915 ) ) ;
#3135 = SURFACE_STYLE_FILL_AREA ( #4082 ) ;
#3136 = LINE ( 'NONE', #6364, #62 ) ;
#3137 = PLANE ( 'NONE',  #3865 ) ;
#3138 = CARTESIAN_POINT ( 'NONE',  ( 0.1199407981708986400, 0.4015377163292058700, 0.4999999781956229200 ) ) ;
#3139 = SURFACE_STYLE_USAGE ( .BOTH. , #6923 ) ;
#3140 = DIRECTION ( 'NONE',  ( -0.0000000000000000000, -0.0000000000000000000, -1.000000000000000000 ) ) ;
#3141 = ORIENTED_EDGE ( 'NONE', *, *, #1282, .T. ) ;
#3142 = ORIENTED_EDGE ( 'NONE', *, *, #2647, .F. ) ;
#3143 = MECHANICAL_DESIGN_GEOMETRIC_PRESENTATION_REPRESENTATION (  '', ( #2018 ), #3502 ) ;
#3144 = FILL_AREA_STYLE_COLOUR ( '', #5852 ) ;
#3145 = CARTESIAN_POINT ( 'NONE',  ( 0.1231859751824031700, 0.3727949570424044500, 0.5000000000000000000 ) ) ;
#3146 = CYLINDRICAL_SURFACE ( 'NONE', #1521, 0.2000000000000000900 ) ;
#3147 = B_SPLINE_CURVE_WITH_KNOTS ( 'NONE', 3,
 ( #3569, #906, #1982, #5807, #2531, #6345 ),
 .UNSPECIFIED., .F., .F.,
 ( 4, 2, 4 ),
 ( 0.0000000000000000000, 0.5000000000000001100, 1.000000000000000000 ),
 .UNSPECIFIED. ) ;
#3148 = CARTESIAN_POINT ( 'NONE',  ( 0.3972620350065750300, 2.475000000000170200, 0.2899999999999999800 ) ) ;
#3149 = MECHANICAL_DESIGN_GEOMETRIC_PRESENTATION_REPRESENTATION (  '', ( #2391 ), #3508 ) ;
#3150 = SURFACE_SIDE_STYLE ('',( #6358 ) ) ;
#3151 = PLANE ( 'NONE',  #1901 ) ;
#3152 = MECHANICAL_DESIGN_GEOMETRIC_PRESENTATION_REPRESENTATION (  '', ( #2023 ), #3509 ) ;
#3153 = ORIENTED_EDGE ( 'NONE', *, *, #2340, .T. ) ;
#3154 = UNCERTAINTY_MEASURE_WITH_UNIT (LENGTH_MEASURE( 1.000000000000000100E-005 ), #4988, 'distance_accuracy_value', 'NONE');
#3155 = CARTESIAN_POINT ( 'NONE',  ( 3.100009241445716300, 1.580047681430131000, 0.1700000000000000100 ) ) ;
#3156 = PLANE ( 'NONE',  #6665 ) ;
#3157 = CARTESIAN_POINT ( 'NONE',  ( 3.100362705961784200, 0.4052574559642013700, 0.3210660171779820000 ) ) ;
#3158 = DIRECTION ( 'NONE',  ( -0.0000000000000000000, -1.000000000000000000, 0.0000000000000000000 ) ) ;
#3159 = FILL_AREA_STYLE ('',( #404 ) ) ;
#3160 = ORIENTED_EDGE ( 'NONE', *, *, #6246, .T. ) ;
#3161 = CARTESIAN_POINT ( 'NONE',  ( 0.1034572577486074400, 0.3693788275795961700, 0.4800000000000000900 ) ) ;
#3162 = VERTEX_POINT ( 'NONE', #5035 ) ;
#3163 = DIRECTION ( 'NONE',  ( -0.0000000000000000000, -0.0000000000000000000, -1.000000000000000000 ) ) ;
#3164 = CARTESIAN_POINT ( 'NONE',  ( 2.900000000000000400, 0.02999999999999998500, 0.1700000000000000100 ) ) ;
#3165 = DIRECTION ( 'NONE',  ( 0.0000000000000000000, 0.0000000000000000000, -1.000000000000000000 ) ) ;
#3166 = CARTESIAN_POINT ( 'NONE',  ( 2.389931833186331700, 1.580047681430130700, 0.0000000000000000000 ) ) ;
#3167 = EDGE_CURVE ( 'NONE', #2164, #2163, #6299, .T. ) ;
#3168 = DIRECTION ( 'NONE',  ( 1.000000000000000000, 0.0000000000000000000, -0.0000000000000000000 ) ) ;
#3169 = CARTESIAN_POINT ( 'NONE',  ( 0.2359727420083255200, 0.1521677357076019800, 0.5000000000000035500 ) ) ;
#3170 = SURFACE_STYLE_USAGE ( .BOTH. , #6961 ) ;
#3171 = SURFACE_SIDE_STYLE ('',( #1125 ) ) ;
#3172 = AXIS2_PLACEMENT_3D ( 'NONE', #3399, #130, #3930 ) ;
#3173 = CARTESIAN_POINT ( 'NONE',  ( 0.4000000000000009100, 0.2100000000000000200, 0.5400000000000001500 ) ) ;
#3174 = LINE ( 'NONE', #5274, #266 ) ;
#3175 = EDGE_CURVE ( 'NONE', #5829, #3162, #870, .T. ) ;
#3176 = B_SPLINE_CURVE_WITH_KNOTS ( 'NONE', 3,
 ( #4784, #5323, #2610, #6425 ),
 .UNSPECIFIED., .F., .F.,
 ( 4, 4 ),
 ( 0.0000000000000000000, 1.000000000000000000 ),
 .UNSPECIFIED. ) ;
#3177 = EDGE_CURVE ( 'NONE', #992, #312, #699, .T. ) ;
#3178 = DIRECTION ( 'NONE',  ( 1.000000000000000000, 0.0000000000000000000, 0.0000000000000000000 ) ) ;
#3179 = ORIENTED_EDGE ( 'NONE', *, *, #6470, .F. ) ;
#3180 = PRESENTATION_STYLE_ASSIGNMENT (( #1347 ) ) ;
#3181 = FILL_AREA_STYLE ('',( #5320 ) ) ;
#3182 = CARTESIAN_POINT ( 'NONE',  ( 0.3000000000000004900, 2.500000000000000000, 0.0000000000000000000 ) ) ;
#3183 =( NAMED_UNIT ( * ) PLANE_ANGLE_UNIT ( ) SI_UNIT ( $, .RADIAN. ) );
#3184 = CARTESIAN_POINT ( 'NONE',  ( 2.796453540243011300, 0.1099231157640262300, 0.4979432792594487000 ) ) ;
#3185 = CIRCLE ( 'NONE', #1665, 0.06000000000000015700 ) ;
#3186 = UNCERTAINTY_MEASURE_WITH_UNIT (LENGTH_MEASURE( 1.000000000000000100E-005 ), #3457, 'distance_accuracy_value', 'NONE');
#3187 = COLOUR_RGB ( '',0.01176470588235294100, 0.0000000000000000000, 0.05882352941176470500 ) ;
#3188 = CARTESIAN_POINT ( 'NONE',  ( 3.100009241445716300, 2.079959576973093000, 0.1700000000000000100 ) ) ;
#3189 = CARTESIAN_POINT ( 'NONE',  ( 0.3846473386338427100, 0.1011839063810400100, 0.4800000000000000900 ) ) ;
#3190 = CIRCLE ( 'NONE', #6020, 0.05999999999999999800 ) ;
#3191 = CARTESIAN_POINT ( 'NONE',  ( 3.175000000000043800, 2.102737965002539100, 0.2899999999999999800 ) ) ;
#3192 = DIRECTION ( 'NONE',  ( -1.000000000000000000, 0.0000000000000000000, 0.0000000000000000000 ) ) ;
#3193 = FACE_OUTER_BOUND ( 'NONE', #2356, .T. ) ;
#3194 = CARTESIAN_POINT ( 'NONE',  ( 1.119723590466932000, 2.400138902867559900, 0.1700000000000000100 ) ) ;
#3195 = MECHANICAL_DESIGN_GEOMETRIC_PRESENTATION_REPRESENTATION (  '', ( #1732 ), #3550 ) ;
#3196 = CARTESIAN_POINT ( 'NONE',  ( 2.970675504145158000, 2.197680387237268600, 0.6000000000000002000 ) ) ;
#3197 = ADVANCED_FACE ( 'NONE', ( #3428 ), #742, .F. ) ;
#3198 = CARTESIAN_POINT ( 'NONE',  ( 2.800000000000000300, 2.370000000000000100, 0.5000000000000000000 ) ) ;
#3199 = STYLED_ITEM ( 'NONE', ( #4561 ), #6805 ) ;
#3200 = LINE ( 'NONE', #4465, #1745 ) ;
#3201 = LINE ( 'NONE', #950, #1746 ) ;
#3202 = CARTESIAN_POINT ( 'NONE',  ( 2.935445146297092700, 0.1555010807405578000, 0.5000000000000000000 ) ) ;
#3203 = MECHANICAL_DESIGN_GEOMETRIC_PRESENTATION_REPRESENTATION (  '', ( #2078 ), #3552 ) ;
#3204 = SURFACE_STYLE_USAGE ( .BOTH. , #6451 ) ;
#3205 = EDGE_CURVE ( 'NONE', #1315, #3637, #5631, .T. ) ;
#3206 = CARTESIAN_POINT ( 'NONE',  ( 0.4200624981287629000, 0.0000000000000000000, 0.1700000000000000100 ) ) ;
#3207 = STYLED_ITEM ( 'NONE', ( #6306 ), #5781 ) ;
#3208 = CARTESIAN_POINT ( 'NONE',  ( 0.0000000000000000000, 0.2000000000000000100, 0.1700000000000000100 ) ) ;
#3209 = CARTESIAN_POINT ( 'NONE',  ( 3.100009241445716300, 2.079959576973093000, 0.1700000000000000100 ) ) ;
#3210 = CARTESIAN_POINT ( 'NONE',  ( 1.119723590466932000, 2.400138902867559900, 0.1700000000000000100 ) ) ;
#3211 = CARTESIAN_POINT ( 'NONE',  ( 0.1509749249621632500, 2.261919769664046500, 0.4800000000000000900 ) ) ;
#3212 =( LENGTH_UNIT ( ) NAMED_UNIT ( * ) SI_UNIT ( .MILLI., .METRE. ) );
#3213 = VERTEX_POINT ( 'NONE', #3525 ) ;
#3214 = ORIENTED_EDGE ( 'NONE', *, *, #960, .T. ) ;
#3215 = CARTESIAN_POINT ( 'NONE',  ( 0.09999075855428366000, 0.9199523185698689200, 0.0000000000000000000 ) ) ;
#3216 = PRESENTATION_STYLE_ASSIGNMENT (( #3563 ) ) ;
#3217 =( LENGTH_UNIT ( ) NAMED_UNIT ( * ) SI_UNIT ( .MILLI., .METRE. ) );
#3218 = DIRECTION ( 'NONE',  ( 0.0000000000000000000, 0.0000000000000000000, -1.000000000000000000 ) ) ;
#3219 =( BOUNDED_SURFACE ( )  B_SPLINE_SURFACE ( 2, 3, ( 
 ( #5372, #5968, #2693, #6504, #3269, #7063, #3785, #528, #4347, #1090 ),
 ( #4884, #1637, #5434, #2170, #5991, #2717, #6538, #3288, #8, #3809 ),
 ( #558, #4370, #1112, #4915, #1663, #5455, #2205, #6011, #2742, #6563 ) ),
 .UNSPECIFIED., .F., .F., .F. ) 
 B_SPLINE_SURFACE_WITH_KNOTS ( ( 3, 3 ),
 ( 4, 2, 2, 2, 4 ),
 ( 0.0000000000000000000, 1.000000000000000000 ),
 ( -0.002400000000000000200, -0.002160000000000000500, -0.001200000000000000300, -0.0002400000000000000300, 0.0000000000000000000 ),
 .UNSPECIFIED. ) 
 GEOMETRIC_REPRESENTATION_ITEM ( )  RATIONAL_B_SPLINE_SURFACE ( (
 ( 1.000000000000000000, 1.000000000000000000, 1.000000000000000000, 1.000000000000000000, 1.000000000000000000, 1.000000000000000000, 1.000000000000000000, 1.000000000000000000, 1.000000000000000000, 1.000000000000000000),
 ( 0.7071067811865496800, 0.7071067811865496800, 0.7071067811865496800, 0.7071067811865496800, 0.7112188917690018800, 0.6818759690215532300, 0.6424633481471354600, 0.6338129732316711800, 0.6336394537295774200, 0.6336872742246432200),
 ( 1.000000000000000000, 1.000000000000000000, 1.000000000000000000, 1.000000000000000000, 1.000000000000000000, 1.000000000000000000, 1.000000000000000000, 1.000000000000000000, 1.000000000000000000, 1.000000000000000000) ) ) 
 REPRESENTATION_ITEM ( '' )  SURFACE ( )  );
#3220 = SURFACE_SIDE_STYLE ('',( #4792 ) ) ;
#3221 = DIRECTION ( 'NONE',  ( -1.000000000000000000, 0.0000000000000000000, 0.0000000000000000000 ) ) ;
#3222 = EDGE_LOOP ( 'NONE', ( #1680, #3386, #6472, #1714 ) ) ;
#3223 = CARTESIAN_POINT ( 'NONE',  ( 2.080276409533067900, 0.9199523185698690300, 0.1700000000000000100 ) ) ;
#3224 = ORIENTED_EDGE ( 'NONE', *, *, #974, .F. ) ;
#3225 = VERTEX_POINT ( 'NONE', #1859 ) ;
#3226 = AXIS2_PLACEMENT_3D ( 'NONE', #3593, #386, #4191 ) ;
#3227 = EDGE_CURVE ( 'NONE', #2498, #2964, #2920, .T. ) ;
#3228 = CARTESIAN_POINT ( 'NONE',  ( 0.1199999999999998800, 2.043333333333333400, 0.5000000000000000000 ) ) ;
#3229 = FACE_OUTER_BOUND ( 'NONE', #4481, .T. ) ;
#3230 = COLOUR_RGB ( '',0.8274509803921568100, 0.6666666666666666300, 0.1254901960784313700 ) ;
#3231 = LINE ( 'NONE', #3726, #1770 ) ;
#3232 = SURFACE_STYLE_USAGE ( .BOTH. , #6466 ) ;
#3233 = DIRECTION ( 'NONE',  ( 0.0000000000000000000, -0.0000000000000000000, -1.000000000000000000 ) ) ;
#3234 = DIRECTION ( 'NONE',  ( -1.000000000000000000, 0.0000000000000000000, 0.0000000000000000000 ) ) ;
#3235 = ORIENTED_EDGE ( 'NONE', *, *, #2370, .F. ) ;
#3236 = VERTEX_POINT ( 'NONE', #5153 ) ;
#3237 = VECTOR ( 'NONE', #1268, 1000.000000000000000 ) ;
#3238 = EDGE_CURVE ( 'NONE', #1322, #127, #18, .T. ) ;
#3239 = DIRECTION ( 'NONE',  ( 1.000000000000000000, 0.0000000000000000000, 0.0000000000000000000 ) ) ;
#3240 = VERTEX_POINT ( 'NONE', #2439 ) ;
#3241 = DIRECTION ( 'NONE',  ( 0.0000000000000000000, 0.0000000000000000000, -1.000000000000000000 ) ) ;
#3242 = SURFACE_STYLE_FILL_AREA ( #6498 ) ;
#3243 = CARTESIAN_POINT ( 'NONE',  ( 2.802737965005745100, 0.02500000000000002200, 0.2899999999999999800 ) ) ;
#3244 = UNCERTAINTY_MEASURE_WITH_UNIT (LENGTH_MEASURE( 1.000000000000000100E-005 ), #3495, 'distance_accuracy_value', 'NONE');
#3245 = ADVANCED_FACE ( 'NONE', ( #2736 ), #3006, .F. ) ;
#3246 =( GEOMETRIC_REPRESENTATION_CONTEXT ( 3 ) GLOBAL_UNCERTAINTY_ASSIGNED_CONTEXT ( ( #203 ) ) GLOBAL_UNIT_ASSIGNED_CONTEXT ( ( #3516, #252, #4053 ) ) REPRESENTATION_CONTEXT ( 'NONE', 'WORKASPACE' ) );
#3247 = CARTESIAN_POINT ( 'NONE',  ( 0.2141744883813744600, 2.419854487261135800, 0.2899999999999999800 ) ) ;
#3248 = EDGE_LOOP ( 'NONE', ( #5758, #551, #3632, #927 ) ) ;
#3249 = CARTESIAN_POINT ( 'NONE',  ( 0.4000000000000009100, 2.100000000000000100, 0.5400000000000001500 ) ) ;
#3250 = CARTESIAN_POINT ( 'NONE',  ( 1.119723590466932000, 0.09986109713243988800, 0.0000000000000000000 ) ) ;
#3251 = CARTESIAN_POINT ( 'NONE',  ( 1.119723590466932000, 1.580047681430130700, 0.0000000000000000000 ) ) ;
#3252 = PRESENTATION_LAYER_ASSIGNMENT (  '', '', ( #2867 ) ) ;
#3253 = CARTESIAN_POINT ( 'NONE',  ( 0.1000000000000034900, 0.4665769668392813500, 0.4999999999999998900 ) ) ;
#3254 = DIRECTION ( 'NONE',  ( -1.000000000000000000, 1.330177414960940900E-015, 0.0000000000000000000 ) ) ;
#3255 =( GEOMETRIC_REPRESENTATION_CONTEXT ( 3 ) GLOBAL_UNCERTAINTY_ASSIGNED_CONTEXT ( ( #1871 ) ) GLOBAL_UNIT_ASSIGNED_CONTEXT ( ( #681, #4489, #1222 ) ) REPRESENTATION_CONTEXT ( 'NONE', 'WORKASPACE' ) );
#3256 = CARTESIAN_POINT ( 'NONE',  ( 0.2100000000000000200, 0.4000000000000000200, 0.5400000000000001500 ) ) ;
#3257 =( NAMED_UNIT ( * ) SI_UNIT ( $, .STERADIAN. ) SOLID_ANGLE_UNIT ( ) );
#3258 = AXIS2_PLACEMENT_3D ( 'NONE', #2443, #6248, #3011 ) ;
#3259 = AXIS2_PLACEMENT_3D ( 'NONE', #3256, #7045, #3770 ) ;
#3260 = CARTESIAN_POINT ( 'NONE',  ( 1.119723590466932000, -1.626303258728256700E-016, 0.0000000000000000000 ) ) ;
#3261 = SURFACE_SIDE_STYLE ('',( #3242 ) ) ;
#3262 = ORIENTED_EDGE ( 'NONE', *, *, #611, .F. ) ;
#3263 = DIRECTION ( 'NONE',  ( 0.0000000000000000000, -0.0000000000000000000, 1.000000000000000000 ) ) ;
#3264 = CARTESIAN_POINT ( 'NONE',  ( 2.800000000000000300, 0.1299999999999999800, 0.5200000000000000200 ) ) ;
#3265 = STYLED_ITEM ( 'NONE', ( #2433 ), #37 ) ;
#3266 = VECTOR ( 'NONE', #485, 1000.000000000000000 ) ;
#3267 = PRESENTATION_LAYER_ASSIGNMENT (  '', '', ( #2492 ) ) ;
#3268 = EDGE_CURVE ( 'NONE', #90, #7046, #4954, .T. ) ;
#3269 = CARTESIAN_POINT ( 'NONE',  ( 1.280000000000000500, 0.1199999999999998800, 0.5000000000000000000 ) ) ;
#3270 = DIRECTION ( 'NONE',  ( 1.000000000000000000, -0.0000000000000000000, 0.0000000000000000000 ) ) ;
#3271 = VERTEX_POINT ( 'NONE', #5736 ) ;
#3272 = CARTESIAN_POINT ( 'NONE',  ( 3.304039148820151300, 2.474999999999999200, 0.3649999999999999900 ) ) ;
#3273 =( GEOMETRIC_REPRESENTATION_CONTEXT ( 3 ) GLOBAL_UNCERTAINTY_ASSIGNED_CONTEXT ( ( #3406 ) ) GLOBAL_UNIT_ASSIGNED_CONTEXT ( ( #6104, #2842, #6655 ) ) REPRESENTATION_CONTEXT ( 'NONE', 'WORKASPACE' ) );
#3274 = ADVANCED_FACE ( 'NONE', ( #4013 ), #4102, .F. ) ;
#3275 =( NAMED_UNIT ( * ) SI_UNIT ( $, .STERADIAN. ) SOLID_ANGLE_UNIT ( ) );
#3276 =( NAMED_UNIT ( * ) SI_UNIT ( $, .STERADIAN. ) SOLID_ANGLE_UNIT ( ) );
#3277 = EDGE_CURVE ( 'NONE', #1688, #6860, #101, .T. ) ;
#3278 = CIRCLE ( 'NONE', #4047, 0.3260323503590206700 ) ;
#3279 =( NAMED_UNIT ( * ) PLANE_ANGLE_UNIT ( ) SI_UNIT ( $, .RADIAN. ) );
#3280 =( BOUNDED_CURVE ( )  B_SPLINE_CURVE ( 3, ( #3148, #6377, #3669, #416 ),
 .UNSPECIFIED., .F., .F. ) 
 B_SPLINE_CURVE_WITH_KNOTS ( ( 4, 4 ),
 ( 0.0000000000000000000, 1.000000000000000000 ),
 .UNSPECIFIED. ) 
 CURVE ( )  GEOMETRIC_REPRESENTATION_ITEM ( )  RATIONAL_B_SPLINE_CURVE ( ( 1.000000000000000000, 0.8362878377416711500, 0.8362878377416711500, 1.000000000000000000 ) ) 
 REPRESENTATION_ITEM ( '' )  );
#3281 = LINE ( 'NONE', #6662, #5998 ) ;
#3282 = CARTESIAN_POINT ( 'NONE',  ( 2.795654931331859000, 2.397965450441259100, 0.4897849084580762600 ) ) ;
#3283 = CARTESIAN_POINT ( 'NONE',  ( 0.3023196127627309500, 2.270675504145139200, 0.6000000000000002000 ) ) ;
#3284 = CARTESIAN_POINT ( 'NONE',  ( 0.09999075855428361800, 2.079959576973093000, 0.0000000000000000000 ) ) ;
#3285 = FACE_OUTER_BOUND ( 'NONE', #5530, .T. ) ;
#3286 = VECTOR ( 'NONE', #3168, 1000.000000000000000 ) ;
#3287 = MECHANICAL_DESIGN_GEOMETRIC_PRESENTATION_REPRESENTATION (  '', ( #2169 ), #3624 ) ;
#3288 = CARTESIAN_POINT ( 'NONE',  ( 2.630325135503922300, 0.1000000000000075100, 0.4999999999999913400 ) ) ;
#3289 = DIRECTION ( 'NONE',  ( -1.000000000000000000, 8.909531741489668300E-016, 0.0000000000000000000 ) ) ;
#3290 =( NAMED_UNIT ( * ) SI_UNIT ( $, .STERADIAN. ) SOLID_ANGLE_UNIT ( ) );
#3291 = VECTOR ( 'NONE', #1119, 1000.000000000000000 ) ;
#3292 = SURFACE_STYLE_USAGE ( .BOTH. , #6544 ) ;
#3293 = CARTESIAN_POINT ( 'NONE',  ( 2.800000000000000300, 0.1300000000000000600, 0.5000000000000000000 ) ) ;
#3294 = FACE_OUTER_BOUND ( 'NONE', #260, .T. ) ;
#3295 = MECHANICAL_DESIGN_GEOMETRIC_PRESENTATION_REPRESENTATION (  '', ( #2182 ), #3633 ) ;
#3296 = VERTEX_POINT ( 'NONE', #1429 ) ;
#3297 = EDGE_LOOP ( 'NONE', ( #4205, #982, #5862, #1806 ) ) ;
#3298 = CARTESIAN_POINT ( 'NONE',  ( 2.800000000000000700, 0.1500000000000001300, 0.5400000000000001500 ) ) ;
#3299 = MECHANICAL_DESIGN_GEOMETRIC_PRESENTATION_REPRESENTATION (  '', ( #2190 ), #3636 ) ;
#3300 = FILL_AREA_STYLE ('',( #6029 ) ) ;
#3301 = LINE ( 'NONE', #78, #3114 ) ;
#3302 = ORIENTED_EDGE ( 'NONE', *, *, #2239, .T. ) ;
#3303 = COLOUR_RGB ( '',0.8274509803921568100, 0.6666666666666666300, 0.1254901960784313700 ) ;
#3304 = VERTEX_POINT ( 'NONE', #1396 ) ;
#3305 = ORIENTED_EDGE ( 'NONE', *, *, #3894, .F. ) ;
#3306 = ORIENTED_EDGE ( 'NONE', *, *, #3917, .T. ) ;
#3307 = EDGE_CURVE ( 'NONE', #5185, #2164, #1555, .T. ) ;
#3308 = DIRECTION ( 'NONE',  ( -1.000000000000000000, 0.0000000000000000000, 0.0000000000000000000 ) ) ;
#3309 = CARTESIAN_POINT ( 'NONE',  ( 0.0000000000000000000, 0.4200404230269067000, 0.0000000000000000000 ) ) ;
#3310 = FACE_OUTER_BOUND ( 'NONE', #1925, .T. ) ;
#3311 = CARTESIAN_POINT ( 'NONE',  ( 2.080276409533067900, 0.09986109713243988800, 0.1700000000000000100 ) ) ;
#3312 = ADVANCED_FACE ( 'NONE', ( #1373 ), #6307, .F. ) ;
#3313 = SURFACE_STYLE_FILL_AREA ( #594 ) ;
#3314 = CARTESIAN_POINT ( 'NONE',  ( 3.100000000000000100, 0.4000000000000001900, 0.3649999999999999900 ) ) ;
#3315 = EDGE_LOOP ( 'NONE', ( #5778, #732, #3036, #836 ) ) ;
#3316 = ORIENTED_EDGE ( 'NONE', *, *, #1196, .T. ) ;
#3317 = ORIENTED_EDGE ( 'NONE', *, *, #7026, .F. ) ;
#3318 =( GEOMETRIC_REPRESENTATION_CONTEXT ( 3 ) GLOBAL_UNCERTAINTY_ASSIGNED_CONTEXT ( ( #5097 ) ) GLOBAL_UNIT_ASSIGNED_CONTEXT ( ( #6351, #3105, #6897 ) ) REPRESENTATION_CONTEXT ( 'NONE', 'WORKASPACE' ) );
#3319 = CARTESIAN_POINT ( 'NONE',  ( 0.3000000000000004900, 2.469999999999999800, 0.1700000000000000100 ) ) ;
#3320 = FILL_AREA_STYLE_COLOUR ( '', #6316 ) ;
#3321 = EDGE_CURVE ( 'NONE', #1596, #5829, #3752, .T. ) ;
#3322 = PLANE ( 'NONE',  #245 ) ;
#3323 = ORIENTED_EDGE ( 'NONE', *, *, #3830, .T. ) ;
#3324 = ORIENTED_EDGE ( 'NONE', *, *, #5706, .F. ) ;
#3325 =( LENGTH_UNIT ( ) NAMED_UNIT ( * ) SI_UNIT ( .MILLI., .METRE. ) );
#3326 = CARTESIAN_POINT ( 'NONE',  ( 0.1412974053913089400, 0.2484555286993384600, 0.4995495749143826200 ) ) ;
#3327 = DIRECTION ( 'NONE',  ( -0.0000000000000000000, -0.0000000000000000000, -1.000000000000000000 ) ) ;
#3328 = ORIENTED_EDGE ( 'NONE', *, *, #4527, .T. ) ;
#3329 = DIRECTION ( 'NONE',  ( 0.0000000000000000000, 0.0000000000000000000, -1.000000000000000000 ) ) ;
#3330 = CARTESIAN_POINT ( 'NONE',  ( -1.626303258728256700E-016, -1.626303258728256700E-016, 0.2899999999999999800 ) ) ;
#3331 = VERTEX_POINT ( 'NONE', #4176 ) ;
#3332 = DIRECTION ( 'NONE',  ( 0.0000000000000000000, -0.0000000000000000000, 1.000000000000000000 ) ) ;
#3333 = ORIENTED_EDGE ( 'NONE', *, *, #4708, .F. ) ;
#3334 = DIRECTION ( 'NONE',  ( 0.0000000000000000000, -0.0000000000000000000, -1.000000000000000000 ) ) ;
#3335 = STYLED_ITEM ( 'NONE', ( #4822 ), #6653 ) ;
#3336 = DIRECTION ( 'NONE',  ( 0.0000000000000000000, 0.0000000000000000000, 1.000000000000000000 ) ) ;
#3337 = CARTESIAN_POINT ( 'NONE',  ( 0.4000000000000009100, 0.4000000000000009100, 0.6000000000000000900 ) ) ;
#3338 =( GEOMETRIC_REPRESENTATION_CONTEXT ( 3 ) GLOBAL_UNCERTAINTY_ASSIGNED_CONTEXT ( ( #83 ) ) GLOBAL_UNIT_ASSIGNED_CONTEXT ( ( #6526, #3279, #2 ) ) REPRESENTATION_CONTEXT ( 'NONE', 'WORKASPACE' ) );
#3339 = ADVANCED_FACE ( 'NONE', ( #2303 ), #3082, .F. ) ;
#3340 = CARTESIAN_POINT ( 'NONE',  ( 0.4200624981287632800, 2.400138902867559900, 0.1700000000000000100 ) ) ;
#3341 = CARTESIAN_POINT ( 'NONE',  ( 0.2000000000000000100, 2.500000000000000000, 0.1700000000000000100 ) ) ;
#3342 = AXIS2_PLACEMENT_3D ( 'NONE', #4358, #1105, #4898 ) ;
#3343 = SURFACE_STYLE_FILL_AREA ( #2348 ) ;
#3344 = FACE_OUTER_BOUND ( 'NONE', #1071, .T. ) ;
#3345 = ORIENTED_EDGE ( 'NONE', *, *, #3227, .F. ) ;
#3346 = AXIS2_PLACEMENT_3D ( 'NONE', #6886, #3093, #6333 ) ;
#3347 = ADVANCED_FACE ( 'NONE', ( #344 ), #946, .F. ) ;
#3348 = EDGE_CURVE ( 'NONE', #4044, #2498, #2546, .T. ) ;
#3349 = CARTESIAN_POINT ( 'NONE',  ( 0.2999999999999999900, 0.0000000000000000000, 0.0000000000000000000 ) ) ;
#3350 = FILL_AREA_STYLE ('',( #2895 ) ) ;
#3351 = COLOUR_RGB ( '',0.6470588235294118000, 0.6196078431372549200, 0.5843137254901961100 ) ;
#3352 = DIRECTION ( 'NONE',  ( 1.000000000000000000, -0.0000000000000000000, 0.0000000000000000000 ) ) ;
#3353 = PRESENTATION_STYLE_ASSIGNMENT (( #4941 ) ) ;
#3354 = FILL_AREA_STYLE_COLOUR ( '', #3768 ) ;
#3355 = DIRECTION ( 'NONE',  ( -1.000000000000000000, 0.0000000000000000000, 0.0000000000000000000 ) ) ;
#3356 = CYLINDRICAL_SURFACE ( 'NONE', #6973, 0.2500000000000006700 ) ;
#3357 = CARTESIAN_POINT ( 'NONE',  ( 0.4000000000000009100, 2.350000000000000100, 0.5400000000000001500 ) ) ;
#3358 = EDGE_CURVE ( 'NONE', #1448, #2707, #4008, .T. ) ;
#3359 = DIRECTION ( 'NONE',  ( -0.0000000000000000000, -0.0000000000000000000, -1.000000000000000000 ) ) ;
#3360 = UNCERTAINTY_MEASURE_WITH_UNIT (LENGTH_MEASURE( 1.000000000000000100E-005 ), #6093, 'distance_accuracy_value', 'NONE');
#3361 = FACE_OUTER_BOUND ( 'NONE', #2500, .T. ) ;
#3362 = DIRECTION ( 'NONE',  ( 0.0000000000000000000, -0.0000000000000000000, -1.000000000000000000 ) ) ;
#3363 = MECHANICAL_DESIGN_GEOMETRIC_PRESENTATION_REPRESENTATION (  '', ( #2260 ), #3713 ) ;
#3364 = VECTOR ( 'NONE', #2291, 1000.000000000000000 ) ;
#3365 = FILL_AREA_STYLE ('',( #623 ) ) ;
#3366 = ADVANCED_FACE ( 'NONE', ( #6893 ), #2593, .F. ) ;
#3367 = AXIS2_PLACEMENT_3D ( 'NONE', #1966, #5793, #4710 ) ;
#3368 = SURFACE_STYLE_FILL_AREA ( #6160 ) ;
#3369 = MECHANICAL_DESIGN_GEOMETRIC_PRESENTATION_REPRESENTATION (  '', ( #2618 ), #3722 ) ;
#3370 = CARTESIAN_POINT ( 'NONE',  ( 0.09999075855428366000, 0.9199523185698690300, 0.1700000000000000100 ) ) ;
#3371 = PRESENTATION_STYLE_ASSIGNMENT (( #5352 ) ) ;
#3372 = CARTESIAN_POINT ( 'NONE',  ( 1.119723590466932000, 2.400138902867559900, 0.1700000000000000100 ) ) ;
#3373 =( NAMED_UNIT ( * ) SI_UNIT ( $, .STERADIAN. ) SOLID_ANGLE_UNIT ( ) );
#3374 = ORIENTED_EDGE ( 'NONE', *, *, #4260, .T. ) ;
#3375 = VERTEX_POINT ( 'NONE', #4228 ) ;
#3376 = SURFACE_STYLE_FILL_AREA ( #3028 ) ;
#3377 = FACE_OUTER_BOUND ( 'NONE', #2774, .T. ) ;
#3378 = STYLED_ITEM ( 'NONE', ( #2571 ), #5380 ) ;
#3379 = CIRCLE ( 'NONE', #6884, 0.02000000000000005200 ) ;
#3380 = COLOUR_RGB ( '',0.8274509803921568100, 0.6666666666666666300, 0.1254901960784313700 ) ;
#3381 = FILL_AREA_STYLE ('',( #2827 ) ) ;
#3382 = ORIENTED_EDGE ( 'NONE', *, *, #3917, .F. ) ;
#3383 = CARTESIAN_POINT ( 'NONE',  ( 3.169999999999999900, 1.580047681430131000, 0.1700000000000000100 ) ) ;
#3384 = STYLED_ITEM ( 'NONE', ( #1510 ), #3707 ) ;
#3385 = EDGE_LOOP ( 'NONE', ( #4422, #479, #4014, #6547 ) ) ;
#3386 = ORIENTED_EDGE ( 'NONE', *, *, #6843, .F. ) ;
#3387 =( NAMED_UNIT ( * ) PLANE_ANGLE_UNIT ( ) SI_UNIT ( $, .RADIAN. ) );
#3388 = ORIENTED_EDGE ( 'NONE', *, *, #3167, .T. ) ;
#3389 = PRESENTATION_STYLE_ASSIGNMENT (( #5642 ) ) ;
#3390 = EDGE_CURVE ( 'NONE', #4410, #6008, #5765, .T. ) ;
#3391 = ORIENTED_EDGE ( 'NONE', *, *, #5533, .F. ) ;
#3392 = ORIENTED_EDGE ( 'NONE', *, *, #6800, .T. ) ;
#3393 = CARTESIAN_POINT ( 'NONE',  ( 0.2000000000000000100, 2.500000000000000000, 0.0000000000000000000 ) ) ;
#3394 = CARTESIAN_POINT ( 'NONE',  ( 0.4052574559642033700, 0.09963729403821533500, 0.3649999999999999900 ) ) ;
#3395 = FACE_OUTER_BOUND ( 'NONE', #3385, .T. ) ;
#3396 = PRESENTATION_LAYER_ASSIGNMENT (  '', '', ( #3031 ) ) ;
#3397 = ORIENTED_EDGE ( 'NONE', *, *, #575, .F. ) ;
#3398 = DIRECTION ( 'NONE',  ( 1.000000000000000000, -0.0000000000000000000, 0.0000000000000000000 ) ) ;
#3399 = CARTESIAN_POINT ( 'NONE',  ( 2.080276409533067900, 1.879883371806615900, 0.1700000000000000100 ) ) ;
#3400 = FILL_AREA_STYLE ('',( #5009 ) ) ;
#3401 = EDGE_CURVE ( 'NONE', #4147, #480, #6218, .T. ) ;
#3402 =( BOUNDED_CURVE ( )  B_SPLINE_CURVE ( 3, ( #2706, #7072, #5444, #2193 ),
 .UNSPECIFIED., .F., .F. ) 
 B_SPLINE_CURVE_WITH_KNOTS ( ( 4, 4 ),
 ( 0.0000000000000000000, 1.000000000000000000 ),
 .UNSPECIFIED. ) 
 CURVE ( )  GEOMETRIC_REPRESENTATION_ITEM ( )  RATIONAL_B_SPLINE_CURVE ( ( 1.000000000000000000, 0.8362878377483780000, 0.8362878377483780000, 1.000000000000000000 ) ) 
 REPRESENTATION_ITEM ( '' )  );
#3403 = ADVANCED_FACE ( 'NONE', ( #606 ), #5614, .F. ) ;
#3404 = DIRECTION ( 'NONE',  ( 0.0000000000000000000, 1.000000000000000000, 0.0000000000000000000 ) ) ;
#3405 = CARTESIAN_POINT ( 'NONE',  ( 2.827205042957596800, 2.376814024817593300, 0.5000000000000000000 ) ) ;
#3406 = UNCERTAINTY_MEASURE_WITH_UNIT (LENGTH_MEASURE( 1.000000000000000100E-005 ), #6104, 'distance_accuracy_value', 'NONE');
#3407 = CARTESIAN_POINT ( 'NONE',  ( 3.070769560685124900, 2.258613136371540700, 0.5000148110754012400 ) ) ;
#3408 = CARTESIAN_POINT ( 'NONE',  ( 0.07336723910595419100, 0.3992482400295993000, 0.3044100536129769100 ) ) ;
#3409 =( NAMED_UNIT ( * ) PLANE_ANGLE_UNIT ( ) SI_UNIT ( $, .RADIAN. ) );
#3410 = MECHANICAL_DESIGN_GEOMETRIC_PRESENTATION_REPRESENTATION (  '', ( #2245 ), #3760 ) ;
#3411 = VERTEX_POINT ( 'NONE', #1830 ) ;
#3412 = CARTESIAN_POINT ( 'NONE',  ( 0.4052574559642033700, 0.09963729403821533500, 0.3210660171779820000 ) ) ;
#3413 = PRESENTATION_LAYER_ASSIGNMENT (  '', '', ( #2668 ) ) ;
#3414 = ORIENTED_EDGE ( 'NONE', *, *, #5142, .T. ) ;
#3415 =( NAMED_UNIT ( * ) SI_UNIT ( $, .STERADIAN. ) SOLID_ANGLE_UNIT ( ) );
#3416 = CARTESIAN_POINT ( 'NONE',  ( 3.100009241445716300, 0.4200404230269067000, 0.1700000000000000100 ) ) ;
#3417 = SURFACE_STYLE_USAGE ( .BOTH. , #6679 ) ;
#3418 = STYLED_ITEM ( 'NONE', ( #6329 ), #6997 ) ;
#3419 = FILL_AREA_STYLE ('',( #2875 ) ) ;
#3420 = PLANE ( 'NONE',  #6510 ) ;
#3421 = PRESENTATION_LAYER_ASSIGNMENT (  '', '', ( #2674 ) ) ;
#3422 = UNCERTAINTY_MEASURE_WITH_UNIT (LENGTH_MEASURE( 1.000000000000000100E-005 ), #3777, 'distance_accuracy_value', 'NONE');
#3423 = CARTESIAN_POINT ( 'NONE',  ( 3.100000000000000500, 1.476666666666667500, 0.4800000000000000900 ) ) ;
#3424 = ORIENTED_EDGE ( 'NONE', *, *, #2102, .F. ) ;
#3425 = CARTESIAN_POINT ( 'NONE',  ( 3.100000000000000500, 2.100000000000000100, 0.4800000000000000900 ) ) ;
#3426 = EDGE_CURVE ( 'NONE', #5185, #6577, #4068, .T. ) ;
#3427 = FACE_OUTER_BOUND ( 'NONE', #5016, .T. ) ;
#3428 = FACE_OUTER_BOUND ( 'NONE', #3540, .T. ) ;
#3429 =( NAMED_UNIT ( * ) PLANE_ANGLE_UNIT ( ) SI_UNIT ( $, .RADIAN. ) );
#3430 = MECHANICAL_DESIGN_GEOMETRIC_PRESENTATION_REPRESENTATION (  '', ( #2324 ), #3784 ) ;
#3431 = ADVANCED_FACE ( 'NONE', ( #5332 ), #6184, .F. ) ;
#3432 = MECHANICAL_DESIGN_GEOMETRIC_PRESENTATION_REPRESENTATION (  '', ( #2327 ), #3791 ) ;
#3433 = EDGE_CURVE ( 'NONE', #1596, #4560, #4829, .T. ) ;
#3434 = FILL_AREA_STYLE ('',( #1814 ) ) ;
#3435 = FILL_AREA_STYLE_COLOUR ( '', #995 ) ;
#3436 = DIRECTION ( 'NONE',  ( 0.0000000000000000000, 0.0000000000000000000, -1.000000000000000000 ) ) ;
#3437 = CARTESIAN_POINT ( 'NONE',  ( 0.2999999999999999900, 0.0000000000000000000, 0.1700000000000000100 ) ) ;
#3438 = LINE ( 'NONE', #4535, #6313 ) ;
#3439 = LINE ( 'NONE', #5930, #539 ) ;
#3440 = CARTESIAN_POINT ( 'NONE',  ( 2.799999999999999800, 2.325147186257614500, 0.6000000000000004200 ) ) ;
#3441 = DIRECTION ( 'NONE',  ( 1.000000000000000000, 0.0000000000000000000, -0.0000000000000000000 ) ) ;
#3442 = FACE_OUTER_BOUND ( 'NONE', #6327, .T. ) ;
#3443 = DIRECTION ( 'NONE',  ( -0.0000000000000000000, -1.000000000000000000, -0.0000000000000000000 ) ) ;
#3444 = EDGE_CURVE ( 'NONE', #6607, #3240, #6272, .T. ) ;
#3445 = VECTOR ( 'NONE', #17, 1000.000000000000000 ) ;
#3446 = VECTOR ( 'NONE', #1356, 1000.000000000000000 ) ;
#3447 = LINE ( 'NONE', #12, #548 ) ;
#3448 = SURFACE_SIDE_STYLE ('',( #6528 ) ) ;
#3449 = ORIENTED_EDGE ( 'NONE', *, *, #2450, .T. ) ;
#3450 = ORIENTED_EDGE ( 'NONE', *, *, #557, .F. ) ;
#3451 = CARTESIAN_POINT ( 'NONE',  ( 0.4000000000000000200, 2.350000000000000500, 0.6000000000000000900 ) ) ;
#3452 = COLOUR_RGB ( '',0.01176470588235294100, 0.0000000000000000000, 0.05882352941176470500 ) ;
#3453 =( NAMED_UNIT ( * ) PLANE_ANGLE_UNIT ( ) SI_UNIT ( $, .RADIAN. ) );
#3454 = FACE_OUTER_BOUND ( 'NONE', #3825, .T. ) ;
#3455 = VECTOR ( 'NONE', #2715, 1000.000000000000000 ) ;
#3456 = CARTESIAN_POINT ( 'NONE',  ( 3.061138289910919900, 0.3022475213184928600, 0.4999999999999998900 ) ) ;
#3457 =( LENGTH_UNIT ( ) NAMED_UNIT ( * ) SI_UNIT ( .MILLI., .METRE. ) );
#3458 = PRESENTATION_STYLE_ASSIGNMENT (( #872 ) ) ;
#3459 = ORIENTED_EDGE ( 'NONE', *, *, #5720, .T. ) ;
#3460 = ORIENTED_EDGE ( 'NONE', *, *, #1426, .F. ) ;
#3461 = VERTEX_POINT ( 'NONE', #6205 ) ;
#3462 = ORIENTED_EDGE ( 'NONE', *, *, #2252, .F. ) ;
#3463 = STYLED_ITEM ( 'NONE', ( #6031 ), #6584 ) ;
#3464 = PRESENTATION_STYLE_ASSIGNMENT (( #2425 ) ) ;
#3465 = SURFACE_STYLE_USAGE ( .BOTH. , #6724 ) ;
#3466 = CARTESIAN_POINT ( 'NONE',  ( 3.174999999999999400, 0.04184085117988314800, 0.3649999999999995500 ) ) ;
#3467 = ORIENTED_EDGE ( 'NONE', *, *, #5013, .T. ) ;
#3468 =( LENGTH_UNIT ( ) NAMED_UNIT ( * ) SI_UNIT ( .MILLI., .METRE. ) );
#3469 = SURFACE_STYLE_USAGE ( .BOTH. , #6730 ) ;
#3470 = ORIENTED_EDGE ( 'NONE', *, *, #3844, .T. ) ;
#3471 = EDGE_LOOP ( 'NONE', ( #5362, #4073, #4165, #3970 ) ) ;
#3472 = STYLED_ITEM ( 'NONE', ( #4634 ), #5562 ) ;
#3473 = ADVANCED_FACE ( 'NONE', ( #3395 ), #4151, .F. ) ;
#3474 =( NAMED_UNIT ( * ) SI_UNIT ( $, .STERADIAN. ) SOLID_ANGLE_UNIT ( ) );
#3475 = STYLED_ITEM ( 'NONE', ( #4814 ), #3895 ) ;
#3476 = VERTEX_POINT ( 'NONE', #806 ) ;
#3477 = ORIENTED_EDGE ( 'NONE', *, *, #4849, .F. ) ;
#3478 = CARTESIAN_POINT ( 'NONE',  ( 0.3999999999999999700, 2.399999999999999900, 0.5000000000000000000 ) ) ;
#3479 = SURFACE_STYLE_FILL_AREA ( #3851 ) ;
#3480 = PRESENTATION_STYLE_ASSIGNMENT (( #6380 ) ) ;
#3481 = CARTESIAN_POINT ( 'NONE',  ( 0.4000000000000001900, 0.1299999999999999800, 0.5200000000000000200 ) ) ;
#3482 = PRESENTATION_LAYER_ASSIGNMENT (  '', '', ( #3113 ) ) ;
#3483 = FILL_AREA_STYLE ('',( #2932 ) ) ;
#3484 = EDGE_CURVE ( 'NONE', #6707, #312, #7050, .T. ) ;
#3485 = CARTESIAN_POINT ( 'NONE',  ( 3.100000000000001000, 0.3999999999999997400, 0.5000000000000000000 ) ) ;
#3486 = VERTEX_POINT ( 'NONE', #1354 ) ;
#3487 = CARTESIAN_POINT ( 'NONE',  ( 0.2535533905932739800, 0.1500000000000005500, 0.5751471862576144100 ) ) ;
#3488 = COLOUR_RGB ( '',0.8274509803921568100, 0.6666666666666666300, 0.1254901960784313700 ) ;
#3489 =( GEOMETRIC_REPRESENTATION_CONTEXT ( 3 ) GLOBAL_UNCERTAINTY_ASSIGNED_CONTEXT ( ( #4558 ) ) GLOBAL_UNIT_ASSIGNED_CONTEXT ( ( #6764, #3511, #247 ) ) REPRESENTATION_CONTEXT ( 'NONE', 'WORKASPACE' ) );
#3490 =( BOUNDED_SURFACE ( )  B_SPLINE_SURFACE ( 2, 3, ( 
 ( #2482, #5227, #3145, #6929, #3666, #415, #4222, #965, #4767, #1519 ),
 ( #5302, #2041, #5870, #2582, #6401, #3169, #6958, #3685, #437, #4247 ),
 ( #987, #4788, #1540, #5330, #2066, #5892, #2614, #6434, #3189, #6980 ) ),
 .UNSPECIFIED., .F., .F., .F. ) 
 B_SPLINE_SURFACE_WITH_KNOTS ( ( 3, 3 ),
 ( 4, 2, 2, 2, 4 ),
 ( 0.0000000000000000000, 1.000000000000000000 ),
 ( 3.218554423182715700, 3.360241701943620800, 3.926990816987241800, 4.493739932030862900, 4.635427210791767100 ),
 .UNSPECIFIED. ) 
 GEOMETRIC_REPRESENTATION_ITEM ( )  RATIONAL_B_SPLINE_SURFACE ( (
 ( 1.000000000000000000, 1.000000000000000000, 1.000000000000000000, 1.000000000000000000, 1.000000000000000000, 1.000000000000000000, 1.000000000000000000, 1.000000000000000000, 1.000000000000000000, 1.000000000000000000),
 ( 0.6336872742246451000, 0.6336395313408996800, 0.6338128698948888300, 0.6424637614942552100, 0.6818759437539064800, 0.7112189170366377500, 0.7071067811865463500, 0.7071067811865463500, 0.7071067811865503500, 0.7071067811865503500),
 ( 1.000000000000000000, 1.000000000000000000, 1.000000000000000000, 1.000000000000000000, 1.000000000000000000, 1.000000000000000000, 1.000000000000000000, 1.000000000000000000, 1.000000000000000000, 1.000000000000000000) ) ) 
 REPRESENTATION_ITEM ( '' )  SURFACE ( )  );
#3491 = CARTESIAN_POINT ( 'NONE',  ( 2.800000000000000300, 2.379999999999999900, 0.5000000000000000000 ) ) ;
#3492 = DIRECTION ( 'NONE',  ( -1.000000000000000000, -3.614007241618370500E-016, 0.0000000000000000000 ) ) ;
#3493 = DIRECTION ( 'NONE',  ( 0.0000000000000000000, -0.0000000000000000000, -1.000000000000000000 ) ) ;
#3494 = SURFACE_SIDE_STYLE ('',( #5034 ) ) ;
#3495 =( LENGTH_UNIT ( ) NAMED_UNIT ( * ) SI_UNIT ( .MILLI., .METRE. ) );
#3496 = CARTESIAN_POINT ( 'NONE',  ( 2.946446609406726300, 0.1500000000000004400, 0.5079235637004544400 ) ) ;
#3497 = EDGE_CURVE ( 'NONE', #2347, #2731, #2882, .T. ) ;
#3498 = ORIENTED_EDGE ( 'NONE', *, *, #3068, .T. ) ;
#3499 = CARTESIAN_POINT ( 'NONE',  ( 2.080276409533067900, 0.9199523185698690300, 0.1700000000000000100 ) ) ;
#3500 = EDGE_LOOP ( 'NONE', ( #2176, #988, #1176, #1985 ) ) ;
#3501 = CARTESIAN_POINT ( 'NONE',  ( 0.3791777799521998100, 2.398246862283055900, 0.4999999999999993900 ) ) ;
#3502 =( GEOMETRIC_REPRESENTATION_CONTEXT ( 3 ) GLOBAL_UNCERTAINTY_ASSIGNED_CONTEXT ( ( #737 ) ) GLOBAL_UNIT_ASSIGNED_CONTEXT ( ( #1096, #4886, #1643 ) ) REPRESENTATION_CONTEXT ( 'NONE', 'WORKASPACE' ) );
#3503 = CARTESIAN_POINT ( 'NONE',  ( 2.801565937482500600, 0.05185199480963444800, 0.2900000000000031400 ) ) ;
#3504 = EDGE_LOOP ( 'NONE', ( #1258, #4308, #1876, #3042, #2001, #5656 ) ) ;
#3505 = DIRECTION ( 'NONE',  ( 0.0000000000000000000, 0.0000000000000000000, 1.000000000000000000 ) ) ;
#3506 = PRESENTATION_STYLE_ASSIGNMENT (( #4910 ) ) ;
#3507 = CARTESIAN_POINT ( 'NONE',  ( 3.200000000000000200, 2.079959576973093000, 0.1700000000000000100 ) ) ;
#3508 =( GEOMETRIC_REPRESENTATION_CONTEXT ( 3 ) GLOBAL_UNCERTAINTY_ASSIGNED_CONTEXT ( ( #3934 ) ) GLOBAL_UNIT_ASSIGNED_CONTEXT ( ( #6257, #3019, #6811 ) ) REPRESENTATION_CONTEXT ( 'NONE', 'WORKASPACE' ) );
#3509 =( GEOMETRIC_REPRESENTATION_CONTEXT ( 3 ) GLOBAL_UNCERTAINTY_ASSIGNED_CONTEXT ( ( #2382 ) ) GLOBAL_UNIT_ASSIGNED_CONTEXT ( ( #368, #4174, #926 ) ) REPRESENTATION_CONTEXT ( 'NONE', 'WORKASPACE' ) );
#3510 = DIRECTION ( 'NONE',  ( 0.0000000000000000000, -0.0000000000000000000, -1.000000000000000000 ) ) ;
#3511 =( NAMED_UNIT ( * ) PLANE_ANGLE_UNIT ( ) SI_UNIT ( $, .RADIAN. ) );
#3512 = STYLED_ITEM ( 'NONE', ( #1921 ), #5161 ) ;
#3513 = SURFACE_SIDE_STYLE ('',( #5410 ) ) ;
#3514 = SURFACE_STYLE_FILL_AREA ( #856 ) ;
#3515 = B_SPLINE_CURVE_WITH_KNOTS ( 'NONE', 3,
 ( #5240, #3811, #6095, #6004 ),
 .UNSPECIFIED., .F., .F.,
 ( 4, 4 ),
 ( 0.0000000000000000000, 1.000000000000000000 ),
 .UNSPECIFIED. ) ;
#3516 =( LENGTH_UNIT ( ) NAMED_UNIT ( * ) SI_UNIT ( .MILLI., .METRE. ) );
#3517 = ORIENTED_EDGE ( 'NONE', *, *, #3205, .F. ) ;
#3518 = PLANE ( 'NONE',  #2692 ) ;
#3519 = STYLED_ITEM ( 'NONE', ( #1183 ), #3431 ) ;
#3520 = CARTESIAN_POINT ( 'NONE',  ( 3.079999999999999600, 1.476666666666667500, 0.5000000000000000000 ) ) ;
#3521 = PRESENTATION_STYLE_ASSIGNMENT (( #3417 ) ) ;
#3522 = EDGE_CURVE ( 'NONE', #5067, #814, #5597, .T. ) ;
#3523 = PLANE ( 'NONE',  #2740 ) ;
#3524 = DIRECTION ( 'NONE',  ( 1.000000000000000000, 0.0000000000000000000, 0.0000000000000000000 ) ) ;
#3525 = CARTESIAN_POINT ( 'NONE',  ( 2.080276409533067900, 2.400138902867559900, 0.1700000000000000100 ) ) ;
#3526 = STYLED_ITEM ( 'NONE', ( #2156 ), #1518 ) ;
#3527 = CARTESIAN_POINT ( 'NONE',  ( 0.1000000000000000900, 2.100000000000000500, 0.4800000000000000400 ) ) ;
#3528 = COLOUR_RGB ( '',0.8274509803921568100, 0.6666666666666666300, 0.1294117647058823400 ) ;
#3529 = PRESENTATION_LAYER_ASSIGNMENT (  '', '', ( #2800 ) ) ;
#3530 = EDGE_CURVE ( 'NONE', #319, #3978, #5421, .T. ) ;
#3531 = EDGE_CURVE ( 'NONE', #7035, #3804, #3976, .T. ) ;
#3532 = CARTESIAN_POINT ( 'NONE',  ( 1.924967862030616800, 2.399999999999999500, 0.5000000000000680600 ) ) ;
#3533 = VECTOR ( 'NONE', #7005, 1000.000000000000000 ) ;
#3534 = PLANE ( 'NONE',  #6603 ) ;
#3535 = FILL_AREA_STYLE_COLOUR ( '', #5364 ) ;
#3536 = LINE ( 'NONE', #2103, #2850 ) ;
#3537 = LINE ( 'NONE', #5871, #2070 ) ;
#3538 = LINE ( 'NONE', #4532, #6421 ) ;
#3539 = CARTESIAN_POINT ( 'NONE',  ( 0.1500000000000000500, 2.100000000000000100, 0.5400000000000001500 ) ) ;
#3540 = EDGE_LOOP ( 'NONE', ( #6362, #255, #3979, #2221 ) ) ;
#3541 = EDGE_LOOP ( 'NONE', ( #6774, #1269, #5583, #2074, #5691, #5983, #894, #147, #5702, #3789 ) ) ;
#3542 = LINE ( 'NONE', #6953, #4990 ) ;
#3543 = LINE ( 'NONE', #3340, #6255 ) ;
#3544 = EDGE_LOOP ( 'NONE', ( #6435, #302, #3783, #6209 ) ) ;
#3545 = VERTEX_POINT ( 'NONE', #4641 ) ;
#3546 = EDGE_LOOP ( 'NONE', ( #2175, #1613, #2344, #5771, #4570, #3119, #1697, #2765, #6200 ) ) ;
#3547 = SURFACE_STYLE_USAGE ( .BOTH. , #6804 ) ;
#3548 = SURFACE_STYLE_FILL_AREA ( #5253 ) ;
#3549 = FILL_AREA_STYLE_COLOUR ( '', #2938 ) ;
#3550 =( GEOMETRIC_REPRESENTATION_CONTEXT ( 3 ) GLOBAL_UNCERTAINTY_ASSIGNED_CONTEXT ( ( #2215 ) ) GLOBAL_UNIT_ASSIGNED_CONTEXT ( ( #1593, #5374, #2120 ) ) REPRESENTATION_CONTEXT ( 'NONE', 'WORKASPACE' ) );
#3551 = AXIS2_PLACEMENT_3D ( 'NONE', #6468, #3234, #7012 ) ;
#3552 =( GEOMETRIC_REPRESENTATION_CONTEXT ( 3 ) GLOBAL_UNCERTAINTY_ASSIGNED_CONTEXT ( ( #3360 ) ) GLOBAL_UNIT_ASSIGNED_CONTEXT ( ( #6093, #2834, #6648 ) ) REPRESENTATION_CONTEXT ( 'NONE', 'WORKASPACE' ) );
#3553 = ORIENTED_EDGE ( 'NONE', *, *, #1522, .T. ) ;
#3554 = ORIENTED_EDGE ( 'NONE', *, *, #1421, .F. ) ;
#3555 = SURFACE_STYLE_FILL_AREA ( #2302 ) ;
#3556 = CARTESIAN_POINT ( 'NONE',  ( 1.119723590466932000, 1.580047681430130700, 0.0000000000000000000 ) ) ;
#3557 = DIRECTION ( 'NONE',  ( 0.0000000000000000000, -0.0000000000000000000, -1.000000000000000000 ) ) ;
#3558 = EDGE_CURVE ( 'NONE', #5265, #1031, #2514, .T. ) ;
#3559 = AXIS2_PLACEMENT_3D ( 'NONE', #6070, #2806, #6620 ) ;
#3560 = ORIENTED_EDGE ( 'NONE', *, *, #331, .F. ) ;
#3561 = CARTESIAN_POINT ( 'NONE',  ( 0.1000000000000001300, 2.100000000000000100, 0.4800000000000000900 ) ) ;
#3562 =( LENGTH_UNIT ( ) NAMED_UNIT ( * ) SI_UNIT ( .MILLI., .METRE. ) );
#3563 = SURFACE_STYLE_USAGE ( .BOTH. , #6817 ) ;
#3564 =( BOUNDED_SURFACE ( )  B_SPLINE_SURFACE ( 2, 3, ( 
 ( #5704, #2403, #6219, #5678, #5126, #3520, #1872, #3840, #1142, #4944 ),
 ( #1914, #2953, #232, #6644, #616, #5413, #1226, #6684, #5028, #6133 ),
 ( #2880, #2315, #5580, #1786, #163, #3423, #4493, #1737, #4992, #1191 ) ),
 .UNSPECIFIED., .F., .F., .T. ) 
 B_SPLINE_SURFACE_WITH_KNOTS ( ( 3, 3 ),
 ( 4, 2, 2, 2, 4 ),
 ( 0.0000000000000000000, 1.000000000000000000 ),
 ( 3.794707603699265500E-019, 0.0001700000000000003900, 0.0008500000000000003900, 0.001530000000000000300, 0.001700000000000000300 ),
 .UNSPECIFIED. ) 
 GEOMETRIC_REPRESENTATION_ITEM ( )  RATIONAL_B_SPLINE_SURFACE ( (
 ( 1.000000000000000000, 1.000000000000000000, 1.000000000000000000, 1.000000000000000000, 1.000000000000000000, 1.000000000000000000, 1.000000000000000000, 1.000000000000000000, 1.000000000000000000, 1.000000000000000000),
 ( 0.7071067811865475700, 0.7071067811865475700, 0.7071067811865475700, 0.7071067811865475700, 0.7112188927345266500, 0.6818759680560289000, 0.6424633639405874500, 0.6338129692833087700, 0.6336394566949967700, 0.6336872742246376600),
 ( 1.000000000000000000, 1.000000000000000000, 1.000000000000000000, 1.000000000000000000, 1.000000000000000000, 1.000000000000000000, 1.000000000000000000, 1.000000000000000000, 1.000000000000000000, 1.000000000000000000) ) ) 
 REPRESENTATION_ITEM ( '' )  SURFACE ( )  );
#3565 = FILL_AREA_STYLE_COLOUR ( '', #2039 ) ;
#3566 = PRESENTATION_LAYER_ASSIGNMENT (  '', '', ( #2839 ) ) ;
#3567 = EDGE_CURVE ( 'NONE', #6016, #4147, #6711, .T. ) ;
#3568 = UNCERTAINTY_MEASURE_WITH_UNIT (LENGTH_MEASURE( 1.000000000000000100E-005 ), #6227, 'distance_accuracy_value', 'NONE');
#3569 = CARTESIAN_POINT ( 'NONE',  ( 0.2100000000000000200, 0.4000000000000001900, 0.6000000000000000900 ) ) ;
#3570 = ORIENTED_EDGE ( 'NONE', *, *, #1117, .F. ) ;
#3571 = CARTESIAN_POINT ( 'NONE',  ( 3.090076884276263600, 2.096453540460518900, 0.4979432792755521500 ) ) ;
#3572 = DIRECTION ( 'NONE',  ( -1.000000000000000000, 0.0000000000000000000, 0.0000000000000000000 ) ) ;
#3573 = EDGE_CURVE ( 'NONE', #4144, #7035, #1256, .T. ) ;
#3574 = CARTESIAN_POINT ( 'NONE',  ( 2.779937501871236400, 2.400138902867559900, 0.1700000000000000100 ) ) ;
#3575 = SURFACE_STYLE_FILL_AREA ( #6317 ) ;
#3576 = VERTEX_POINT ( 'NONE', #5198 ) ;
#3577 = CARTESIAN_POINT ( 'NONE',  ( 3.100009241445716300, 0.9199523185698690300, 0.1700000000000000100 ) ) ;
#3578 = CARTESIAN_POINT ( 'NONE',  ( 2.794742544035805100, 2.400362705961783600, 0.3649999999999999900 ) ) ;
#3579 = MECHANICAL_DESIGN_GEOMETRIC_PRESENTATION_REPRESENTATION (  '', ( #2867 ), #3947 ) ;
#3580 = DIRECTION ( 'NONE',  ( 0.0000000000000000000, -1.000000000000000000, 0.0000000000000000000 ) ) ;
#3581 = CARTESIAN_POINT ( 'NONE',  ( 0.1292284333452302600, 2.100000000000000100, 0.5000148884191946100 ) ) ;
#3582 = CIRCLE ( 'NONE', #6826, 0.02000000000000005200 ) ;
#3583 = VECTOR ( 'NONE', #2378, 1000.000000000000000 ) ;
#3584 = CARTESIAN_POINT ( 'NONE',  ( 2.080276409533067900, 0.09986109713243988800, 0.1700000000000000100 ) ) ;
#3585 = ADVANCED_FACE ( 'NONE', ( #6542 ), #1044, .F. ) ;
#3586 = AXIS2_PLACEMENT_3D ( 'NONE', #263, #4074, #811 ) ;
#3587 = SURFACE_SIDE_STYLE ('',( #4204 ) ) ;
#3588 = DIRECTION ( 'NONE',  ( 0.0000000000000000000, 0.0000000000000000000, -1.000000000000000000 ) ) ;
#3589 = FACE_OUTER_BOUND ( 'NONE', #1594, .T. ) ;
#3590 = CARTESIAN_POINT ( 'NONE',  ( 0.2100000000000000200, 0.4000000000000009100, 0.5400000000000001500 ) ) ;
#3591 = CARTESIAN_POINT ( 'NONE',  ( 2.799999999999999800, 2.350000000000000100, 0.5200000000000000200 ) ) ;
#3592 = AXIS2_PLACEMENT_3D ( 'NONE', #1046, #4847, #1604 ) ;
#3593 = CARTESIAN_POINT ( 'NONE',  ( 1.119723590466932000, 1.580047681430130700, 0.1700000000000000100 ) ) ;
#3594 = DIRECTION ( 'NONE',  ( -1.000000000000000000, -0.0000000000000000000, -0.0000000000000000000 ) ) ;
#3595 = MECHANICAL_DESIGN_GEOMETRIC_PRESENTATION_REPRESENTATION (  '', ( #2492 ), #3972 ) ;
#3596 = EDGE_CURVE ( 'NONE', #7051, #2384, #4577, .T. ) ;
#3597 = CARTESIAN_POINT ( 'NONE',  ( 0.4200624981287629000, 0.09986109713243987400, 0.1700000000000000100 ) ) ;
#3598 = VECTOR ( 'NONE', #3163, 1000.000000000000000 ) ;
#3599 = LINE ( 'NONE', #530, #2157 ) ;
#3600 = CARTESIAN_POINT ( 'NONE',  ( 3.089847783201395500, 2.267478750143510500, 0.3210660171779814400 ) ) ;
#3601 = CARTESIAN_POINT ( 'NONE',  ( 0.09999075855428361800, 2.079959576973093000, 0.1700000000000000100 ) ) ;
#3602 = SURFACE_STYLE_FILL_AREA ( #823 ) ;
#3603 = ORIENTED_EDGE ( 'NONE', *, *, #960, .F. ) ;
#3604 = EDGE_LOOP ( 'NONE', ( #945, #2876, #3643, #1620, #981 ) ) ;
#3605 = CIRCLE ( 'NONE', #2672, 0.2700000000000000700 ) ;
#3606 = EDGE_CURVE ( 'NONE', #3486, #3375, #5250, .T. ) ;
#3607 = PRESENTATION_STYLE_ASSIGNMENT (( #3623 ) ) ;
#3608 = LINE ( 'NONE', #5451, #3455 ) ;
#3609 = LINE ( 'NONE', #731, #6521 ) ;
#3610 =( LENGTH_UNIT ( ) NAMED_UNIT ( * ) SI_UNIT ( .MILLI., .METRE. ) );
#3611 = ORIENTED_EDGE ( 'NONE', *, *, #2803, .F. ) ;
#3612 = DIRECTION ( 'NONE',  ( -1.000000000000000000, -0.0000000000000000000, 0.0000000000000000000 ) ) ;
#3613 = ORIENTED_EDGE ( 'NONE', *, *, #2510, .F. ) ;
#3614 = ORIENTED_EDGE ( 'NONE', *, *, #4245, .T. ) ;
#3615 = ORIENTED_EDGE ( 'NONE', *, *, #520, .F. ) ;
#3616 = STYLED_ITEM ( 'NONE', ( #2770 ), #3995 ) ;
#3617 = FACE_OUTER_BOUND ( 'NONE', #6177, .T. ) ;
#3618 = VERTEX_POINT ( 'NONE', #4177 ) ;
#3619 =( NAMED_UNIT ( * ) PLANE_ANGLE_UNIT ( ) SI_UNIT ( $, .RADIAN. ) );
#3620 = ORIENTED_EDGE ( 'NONE', *, *, #156, .F. ) ;
#3621 = ORIENTED_EDGE ( 'NONE', *, *, #6261, .F. ) ;
#3622 = STYLED_ITEM ( 'NONE', ( #5730 ), #5975 ) ;
#3623 = SURFACE_STYLE_USAGE ( .BOTH. , #6887 ) ;
#3624 =( GEOMETRIC_REPRESENTATION_CONTEXT ( 3 ) GLOBAL_UNCERTAINTY_ASSIGNED_CONTEXT ( ( #2716 ) ) GLOBAL_UNIT_ASSIGNED_CONTEXT ( ( #1352, #5151, #1898 ) ) REPRESENTATION_CONTEXT ( 'NONE', 'WORKASPACE' ) );
#3625 = PRESENTATION_STYLE_ASSIGNMENT (( #809 ) ) ;
#3626 =( BOUNDED_SURFACE ( )  B_SPLINE_SURFACE ( 3, 3, ( 
 ( #6366, #5858, #2567, #6385 ),
 ( #3157, #6941, #3674, #426 ),
 ( #4231, #973, #4773, #1529 ),
 ( #5311, #2052, #5878, #2597 ) ),
 .UNSPECIFIED., .F., .F., .F. ) 
 B_SPLINE_SURFACE_WITH_KNOTS ( ( 4, 4 ),
 ( 4, 4 ),
 ( 0.0000000000000000000, 1.000000000000000000 ),
 ( 0.0000000000000000000, 1.000000000000000000 ),
 .UNSPECIFIED. ) 
 GEOMETRIC_REPRESENTATION_ITEM ( )  RATIONAL_B_SPLINE_SURFACE ( (
 ( 1.000000000000000000, 0.8325095390991915600, 0.8325095390991915600, 1.000000000000000000),
 ( 0.8047378541243649400, 0.6699519400327474900, 0.6699519400327474900, 0.8047378541243649400),
 ( 0.8047378541243649400, 0.6699519400327474900, 0.6699519400327474900, 0.8047378541243649400),
 ( 1.000000000000000000, 0.8325095390991915600, 0.8325095390991915600, 1.000000000000000000) ) ) 
 REPRESENTATION_ITEM ( '' )  SURFACE ( )  );
#3627 = VECTOR ( 'NONE', #6776, 1000.000000000000000 ) ;
#3628 = DIRECTION ( 'NONE',  ( -0.0000000000000000000, -0.0000000000000000000, -1.000000000000000000 ) ) ;
#3629 = DIRECTION ( 'NONE',  ( -0.0000000000000000000, 1.000000000000000000, -0.0000000000000000000 ) ) ;
#3630 = CARTESIAN_POINT ( 'NONE',  ( 3.100009241445716300, 0.4200404230269067000, 0.1700000000000000100 ) ) ;
#3631 = EDGE_LOOP ( 'NONE', ( #4515, #6099, #6453, #561 ) ) ;
#3632 = ORIENTED_EDGE ( 'NONE', *, *, #1006, .T. ) ;
#3633 =( GEOMETRIC_REPRESENTATION_CONTEXT ( 3 ) GLOBAL_UNCERTAINTY_ASSIGNED_CONTEXT ( ( #427 ) ) GLOBAL_UNIT_ASSIGNED_CONTEXT ( ( #2376, #6194, #2942 ) ) REPRESENTATION_CONTEXT ( 'NONE', 'WORKASPACE' ) );
#3634 = CYLINDRICAL_SURFACE ( 'NONE', #2473, 0.2700000000000000700 ) ;
#3635 = LINE ( 'NONE', #1471, #757 ) ;
#3636 =( GEOMETRIC_REPRESENTATION_CONTEXT ( 3 ) GLOBAL_UNCERTAINTY_ASSIGNED_CONTEXT ( ( #2831 ) ) GLOBAL_UNIT_ASSIGNED_CONTEXT ( ( #5822, #2548, #6363 ) ) REPRESENTATION_CONTEXT ( 'NONE', 'WORKASPACE' ) );
#3637 = VERTEX_POINT ( 'NONE', #2005 ) ;
#3638 = CARTESIAN_POINT ( 'NONE',  ( 0.1199407981708986400, 0.4015377163292058700, 0.4999999781956229200 ) ) ;
#3639 = PLANE ( 'NONE',  #1699 ) ;
#3640 = CARTESIAN_POINT ( 'NONE',  ( 0.0000000000000000000, 0.2000000000000000100, 0.2899999999999999800 ) ) ;
#3641 = EDGE_CURVE ( 'NONE', #3637, #3271, #5854, .T. ) ;
#3642 = DIRECTION ( 'NONE',  ( -1.000000000000000000, 0.0000000000000000000, 0.0000000000000000000 ) ) ;
#3643 = ORIENTED_EDGE ( 'NONE', *, *, #5810, .T. ) ;
#3644 = CARTESIAN_POINT ( 'NONE',  ( 0.1499999999999997700, 2.246446609406726600, 0.5751471862576144100 ) ) ;
#3645 = PRESENTATION_LAYER_ASSIGNMENT (  '', '', ( #4017 ) ) ;
#3646 = CARTESIAN_POINT ( 'NONE',  ( 0.3000000000000000400, 0.02999999999999998800, 0.1700000000000000100 ) ) ;
#3647 = FILL_AREA_STYLE ('',( #2545 ) ) ;
#3648 = EDGE_LOOP ( 'NONE', ( #6348, #1247, #10, #6720 ) ) ;
#3649 = UNCERTAINTY_MEASURE_WITH_UNIT (LENGTH_MEASURE( 1.000000000000000100E-005 ), #4679, 'distance_accuracy_value', 'NONE');
#3650 = FILL_AREA_STYLE_COLOUR ( '', #1805 ) ;
#3651 = MECHANICAL_DESIGN_GEOMETRIC_PRESENTATION_REPRESENTATION (  '', ( #1839 ), #4021 ) ;
#3652 = EDGE_CURVE ( 'NONE', #6183, #319, #234, .T. ) ;
#3653 = CARTESIAN_POINT ( 'NONE',  ( 0.4001608950316319900, 0.09685234074867239700, 0.3358834660226512300 ) ) ;
#3654 = CARTESIAN_POINT ( 'NONE',  ( 3.170000000000000400, 0.4200404230269067000, 0.1700000000000000100 ) ) ;
#3655 =( LENGTH_UNIT ( ) NAMED_UNIT ( * ) SI_UNIT ( .MILLI., .METRE. ) );
#3656 = ORIENTED_EDGE ( 'NONE', *, *, #1462, .F. ) ;
#3657 =( NAMED_UNIT ( * ) PLANE_ANGLE_UNIT ( ) SI_UNIT ( $, .RADIAN. ) );
#3658 = SURFACE_SIDE_STYLE ('',( #3001 ) ) ;
#3659 = CARTESIAN_POINT ( 'NONE',  ( 3.050000000000000700, 2.100000000000000100, 0.5400000000000001500 ) ) ;
#3660 = CARTESIAN_POINT ( 'NONE',  ( 0.2100000000000001000, 2.100000000000000100, 0.6000000000000000900 ) ) ;
#3661 = PLANE ( 'NONE',  #511 ) ;
#3662 = FACE_OUTER_BOUND ( 'NONE', #3544, .T. ) ;
#3663 = FILL_AREA_STYLE ('',( #7000 ) ) ;
#3664 = CARTESIAN_POINT ( 'NONE',  ( 2.990000000000001100, 0.4000000000000002400, 0.5400000000000001500 ) ) ;
#3665 = ORIENTED_EDGE ( 'NONE', *, *, #6536, .T. ) ;
#3666 = CARTESIAN_POINT ( 'NONE',  ( 0.1677887373467344400, 0.2495506891988448800, 0.5000000000000002200 ) ) ;
#3667 = DIRECTION ( 'NONE',  ( -0.0000000000000000000, -0.0000000000000000000, -1.000000000000000000 ) ) ;
#3668 = B_SPLINE_CURVE_WITH_KNOTS ( 'NONE', 3,
 ( #5593, #2414, #6228, #2989, #6784, #3527 ),
 .UNSPECIFIED., .F., .F.,
 ( 4, 2, 4 ),
 ( 0.0000000000000000000, 0.5000000000000000000, 1.000000000000000000 ),
 .UNSPECIFIED. ) ;
#3669 = CARTESIAN_POINT ( 'NONE',  ( 0.03954902097306820700, 2.312072227845551400, 0.2899999999999999800 ) ) ;
#3670 = CARTESIAN_POINT ( 'NONE',  ( 2.800000000000000300, 0.1499999999999999900, 0.5200000000000000200 ) ) ;
#3671 = DIRECTION ( 'NONE',  ( 0.0000000000000000000, 0.0000000000000000000, 1.000000000000000000 ) ) ;
#3672 = SURFACE_SIDE_STYLE ('',( #5680 ) ) ;
#3673 = AXIS2_PLACEMENT_3D ( 'NONE', #6845, #3580, #329 ) ;
#3674 = CARTESIAN_POINT ( 'NONE',  ( 2.967478750144890500, 0.1101522168000792400, 0.3210660171779821700 ) ) ;
#3675 = PRESENTATION_STYLE_ASSIGNMENT (( #452 ) ) ;
#3676 = SURFACE_SIDE_STYLE ('',( #2751 ) ) ;
#3677 = AXIS2_PLACEMENT_3D ( 'NONE', #3772, #518, #4335 ) ;
#3678 = VECTOR ( 'NONE', #5526, 1000.000000000000000 ) ;
#3679 = CARTESIAN_POINT ( 'NONE',  ( 0.1509749249621583100, 0.2380802303359582100, 0.4800000000000000900 ) ) ;
#3680 = DIRECTION ( 'NONE',  ( -0.0000000000000000000, -0.0000000000000000000, -1.000000000000000000 ) ) ;
#3681 = CARTESIAN_POINT ( 'NONE',  ( 0.3000000000000004900, 2.500000000000000000, 0.0000000000000000000 ) ) ;
#3682 = CARTESIAN_POINT ( 'NONE',  ( 0.1000000000001020200, 0.3999999999986773000, 0.4800000000000000900 ) ) ;
#3683 = COLOUR_RGB ( '',0.8274509803921568100, 0.6666666666666666300, 0.1294117647058823400 ) ;
#3684 = UNCERTAINTY_MEASURE_WITH_UNIT (LENGTH_MEASURE( 1.000000000000000100E-005 ), #1511, 'distance_accuracy_value', 'NONE');
#3685 = CARTESIAN_POINT ( 'NONE',  ( 0.3693788365759634900, 0.1034572557206274600, 0.5000000000000008900 ) ) ;
#3686 = DIRECTION ( 'NONE',  ( -0.0000000000000000000, -1.000000000000000000, -0.0000000000000000000 ) ) ;
#3687 = SHAPE_DEFINITION_REPRESENTATION ( #2294, #5114 ) ;
#3688 = STYLED_ITEM ( 'NONE', ( #3480 ), #536 ) ;
#3689 = CIRCLE ( 'NONE', #6058, 0.2000000000000000900 ) ;
#3690 = EDGE_CURVE ( 'NONE', #6016, #2853, #3136, .T. ) ;
#3691 = SURFACE_STYLE_USAGE ( .BOTH. , #6962 ) ;
#3692 = VECTOR ( 'NONE', #3686, 1000.000000000000000 ) ;
#3693 =( LENGTH_UNIT ( ) NAMED_UNIT ( * ) SI_UNIT ( .MILLI., .METRE. ) );
#3694 = ORIENTED_EDGE ( 'NONE', *, *, #2988, .F. ) ;
#3695 = ORIENTED_EDGE ( 'NONE', *, *, #5706, .T. ) ;
#3696 = B_SPLINE_CURVE_WITH_KNOTS ( 'NONE', 3,
 ( #1483, #4740, #5836, #2557, #6374, #3138 ),
 .UNSPECIFIED., .F., .F.,
 ( 4, 2, 4 ),
 ( 0.0000000000000000000, 0.5000000000000000000, 1.000000000000000000 ),
 .UNSPECIFIED. ) ;
#3697 = DIRECTION ( 'NONE',  ( -0.0000000000000000000, 0.0000000000000000000, -1.000000000000000000 ) ) ;
#3698 = PRESENTATION_STYLE_ASSIGNMENT (( #4379 ) ) ;
#3699 = EDGE_LOOP ( 'NONE', ( #2701, #4893, #815, #5665 ) ) ;
#3700 = ORIENTED_EDGE ( 'NONE', *, *, #4207, .F. ) ;
#3701 = EDGE_LOOP ( 'NONE', ( #5156, #1078, #157, #2527 ) ) ;
#3702 = EDGE_CURVE ( 'NONE', #4760, #6225, #5200, .T. ) ;
#3703 = SURFACE_SIDE_STYLE ('',( #2237 ) ) ;
#3704 = SURFACE_STYLE_USAGE ( .BOTH. , #6974 ) ;
#3705 = SURFACE_STYLE_FILL_AREA ( #1997 ) ;
#3706 = FILL_AREA_STYLE_COLOUR ( '', #4290 ) ;
#3707 = ADVANCED_FACE ( 'NONE', ( #2968 ), #3156, .F. ) ;
#3708 = FACE_OUTER_BOUND ( 'NONE', #421, .T. ) ;
#3709 = CARTESIAN_POINT ( 'NONE',  ( 2.798192024295082200, 0.09986057961399874600, 0.4842193402772084200 ) ) ;
#3710 = DIRECTION ( 'NONE',  ( -0.0000000000000000000, -0.0000000000000000000, -1.000000000000000000 ) ) ;
#3711 = ORIENTED_EDGE ( 'NONE', *, *, #2053, .F. ) ;
#3712 = ORIENTED_EDGE ( 'NONE', *, *, #834, .F. ) ;
#3713 =( GEOMETRIC_REPRESENTATION_CONTEXT ( 3 ) GLOBAL_UNCERTAINTY_ASSIGNED_CONTEXT ( ( #3996 ) ) GLOBAL_UNIT_ASSIGNED_CONTEXT ( ( #4486, #1219, #5023 ) ) REPRESENTATION_CONTEXT ( 'NONE', 'WORKASPACE' ) );
#3714 = VECTOR ( 'NONE', #117, 1000.000000000000000 ) ;
#3715 = DIRECTION ( 'NONE',  ( -0.0000000000000000000, -1.000000000000000000, -0.0000000000000000000 ) ) ;
#3716 = CARTESIAN_POINT ( 'NONE',  ( 0.02999999999999994300, 0.2999999999999999900, 0.1700000000000000100 ) ) ;
#3717 = CIRCLE ( 'NONE', #6378, 0.2000000000000004000 ) ;
#3718 = CARTESIAN_POINT ( 'NONE',  ( 0.09999075855428368700, 0.9199523185698690300, 0.0000000000000000000 ) ) ;
#3719 = MECHANICAL_DESIGN_GEOMETRIC_PRESENTATION_REPRESENTATION (  '', ( #3008 ), #4086 ) ;
#3720 = DIRECTION ( 'NONE',  ( -0.0000000000000000000, -0.0000000000000000000, -1.000000000000000000 ) ) ;
#3721 = CARTESIAN_POINT ( 'NONE',  ( 3.050000000000001200, 0.4000000000000009100, 0.5400000000000001500 ) ) ;
#3722 =( GEOMETRIC_REPRESENTATION_CONTEXT ( 3 ) GLOBAL_UNCERTAINTY_ASSIGNED_CONTEXT ( ( #5662 ) ) GLOBAL_UNIT_ASSIGNED_CONTEXT ( ( #5972, #2699, #6509 ) ) REPRESENTATION_CONTEXT ( 'NONE', 'WORKASPACE' ) );
#3723 = EDGE_LOOP ( 'NONE', ( #829, #651, #68, #1514 ) ) ;
#3724 = SURFACE_STYLE_FILL_AREA ( #3181 ) ;
#3725 = CARTESIAN_POINT ( 'NONE',  ( 2.853241643230582700, 2.289570093471804000, 0.6000000000000000900 ) ) ;
#3726 = CARTESIAN_POINT ( 'NONE',  ( 0.4200624981287632800, 2.500000000000000000, 0.1700000000000000100 ) ) ;
#3727 = COLOUR_RGB ( '',0.8274509803921568100, 0.6666666666666666300, 0.1294117647058823400 ) ;
#3728 = CARTESIAN_POINT ( 'NONE',  ( 2.800000000000000300, 0.1300000000000000600, 0.5000000000000000000 ) ) ;
#3729 =( NAMED_UNIT ( * ) PLANE_ANGLE_UNIT ( ) SI_UNIT ( $, .RADIAN. ) );
#3730 = PRESENTATION_LAYER_ASSIGNMENT (  '', '', ( #3378 ) ) ;
#3731 = UNCERTAINTY_MEASURE_WITH_UNIT (LENGTH_MEASURE( 1.000000000000000100E-005 ), #5296, 'distance_accuracy_value', 'NONE');
#3732 = DIRECTION ( 'NONE',  ( -0.0000000000000000000, -1.000000000000000000, -0.0000000000000000000 ) ) ;
#3733 = CARTESIAN_POINT ( 'NONE',  ( 2.800000000000000300, 0.1299999999999999800, 0.5000000000000000000 ) ) ;
#3734 = DIRECTION ( 'NONE',  ( 0.0000000000000000000, -0.0000000000000000000, -1.000000000000000000 ) ) ;
#3735 = CARTESIAN_POINT ( 'NONE',  ( 1.119723590466932000, 1.580047681430131000, 0.0000000000000000000 ) ) ;
#3736 = CARTESIAN_POINT ( 'NONE',  ( 0.1034572577486075100, 2.130621172420402900, 0.4800000000000000900 ) ) ;
#3737 =( NAMED_UNIT ( * ) SI_UNIT ( $, .STERADIAN. ) SOLID_ANGLE_UNIT ( ) );
#3738 = EDGE_CURVE ( 'NONE', #3271, #814, #6626, .T. ) ;
#3739 =( NAMED_UNIT ( * ) SI_UNIT ( $, .STERADIAN. ) SOLID_ANGLE_UNIT ( ) );
#3740 =( LENGTH_UNIT ( ) NAMED_UNIT ( * ) SI_UNIT ( .MILLI., .METRE. ) );
#3741 = DIRECTION ( 'NONE',  ( -0.0000000000000000000, -0.0000000000000000000, -1.000000000000000000 ) ) ;
#3742 = DIRECTION ( 'NONE',  ( 0.0000000000000000000, -0.0000000000000000000, -1.000000000000000000 ) ) ;
#3743 = MECHANICAL_DESIGN_GEOMETRIC_PRESENTATION_REPRESENTATION (  '', ( #3031 ), #4104 ) ;
#3744 = CARTESIAN_POINT ( 'NONE',  ( 0.1199999999999998800, 1.476666666666667200, 0.5000000000000000000 ) ) ;
#3745 = CARTESIAN_POINT ( 'NONE',  ( 2.779937501871236900, 0.0000000000000000000, 0.1700000000000000100 ) ) ;
#3746 = ORIENTED_EDGE ( 'NONE', *, *, #7049, .F. ) ;
#3747 = ADVANCED_FACE ( 'NONE', ( #3708 ), #5940, .T. ) ;
#3748 =( NAMED_UNIT ( * ) PLANE_ANGLE_UNIT ( ) SI_UNIT ( $, .RADIAN. ) );
#3749 = PRESENTATION_STYLE_ASSIGNMENT (( #2608 ) ) ;
#3750 = CARTESIAN_POINT ( 'NONE',  ( 2.080276409533067900, 1.879883371806615900, 0.0000000000000000000 ) ) ;
#3751 = EDGE_CURVE ( 'NONE', #3051, #4760, #4669, .T. ) ;
#3752 = LINE ( 'NONE', #6889, #5194 ) ;
#3753 = ORIENTED_EDGE ( 'NONE', *, *, #3444, .F. ) ;
#3754 = FILL_AREA_STYLE ('',( #5935 ) ) ;
#3755 = DIRECTION ( 'NONE',  ( -0.0000000000000000000, 0.0000000000000000000, -1.000000000000000000 ) ) ;
#3756 = VECTOR ( 'NONE', #2931, 1000.000000000000000 ) ;
#3757 = VECTOR ( 'NONE', #5076, 1000.000000000000000 ) ;
#3758 = DIRECTION ( 'NONE',  ( 1.000000000000000000, -0.0000000000000000000, 0.0000000000000000000 ) ) ;
#3759 = VECTOR ( 'NONE', #3862, 1000.000000000000000 ) ;
#3760 =( GEOMETRIC_REPRESENTATION_CONTEXT ( 3 ) GLOBAL_UNCERTAINTY_ASSIGNED_CONTEXT ( ( #280 ) ) GLOBAL_UNIT_ASSIGNED_CONTEXT ( ( #2200, #6006, #2737 ) ) REPRESENTATION_CONTEXT ( 'NONE', 'WORKASPACE' ) );
#3761 = DIRECTION ( 'NONE',  ( 1.000000000000000000, 0.0000000000000000000, 0.0000000000000000000 ) ) ;
#3762 = DIRECTION ( 'NONE',  ( -1.000000000000000000, -0.0000000000000000000, 0.0000000000000000000 ) ) ;
#3763 = DIRECTION ( 'NONE',  ( 1.000000000000000000, -0.0000000000000000000, 0.0000000000000000000 ) ) ;
#3764 = VECTOR ( 'NONE', #522, 1000.000000000000000 ) ;
#3765 = CARTESIAN_POINT ( 'NONE',  ( 3.080059201857620700, 0.4015377163306959600, 0.4999999824757847500 ) ) ;
#3766 = CARTESIAN_POINT ( 'NONE',  ( 0.1000000000000000100, 2.100000000000000100, 0.4800000000000000900 ) ) ;
#3767 = SURFACE_STYLE_FILL_AREA ( #1752 ) ;
#3768 = COLOUR_RGB ( '',0.01176470588235294100, 0.0000000000000000000, 0.05882352941176470500 ) ;
#3769 = MECHANICAL_DESIGN_GEOMETRIC_PRESENTATION_REPRESENTATION (  '', ( #2668 ), #4143 ) ;
#3770 = DIRECTION ( 'NONE',  ( 0.0000000000000000000, 0.0000000000000000000, 1.000000000000000000 ) ) ;
#3771 = MECHANICAL_DESIGN_GEOMETRIC_PRESENTATION_REPRESENTATION (  '', ( #2674 ), #4145 ) ;
#3772 = CARTESIAN_POINT ( 'NONE',  ( 2.389931833186331700, 1.580047681430130700, 0.1700000000000000100 ) ) ;
#3773 = VECTOR ( 'NONE', #6957, 1000.000000000000000 ) ;
#3774 = EDGE_CURVE ( 'NONE', #2970, #3271, #3231, .T. ) ;
#3775 = DIRECTION ( 'NONE',  ( -0.0000000000000000000, -0.0000000000000000000, -1.000000000000000000 ) ) ;
#3776 =( BOUNDED_SURFACE ( )  B_SPLINE_SURFACE ( 2, 3, ( 
 ( #6087, #1762, #5553, #2296, #6115, #2847, #6664, #3405, #135, #3936 ),
 ( #685, #4494, #1227, #5030, #1787, #5581, #2316, #6134, #2881, #6685 ),
 ( #3425, #164, #3960, #705, #4516, #1255, #5050, #1807, #5611, #2336 ) ),
 .UNSPECIFIED., .F., .F., .F. ) 
 B_SPLINE_SURFACE_WITH_KNOTS ( ( 3, 3 ),
 ( 4, 2, 2, 2, 4 ),
 ( 0.0000000000000000000, 1.000000000000000000 ),
 ( 0.07696176959292379300, 0.2186490483538287000, 0.7853981633974485000, 1.352147278441068200, 1.493834557201972900 ),
 .UNSPECIFIED. ) 
 GEOMETRIC_REPRESENTATION_ITEM ( )  RATIONAL_B_SPLINE_SURFACE ( (
 ( 1.000000000000000000, 1.000000000000000000, 1.000000000000000000, 1.000000000000000000, 1.000000000000000000, 1.000000000000000000, 1.000000000000000000, 1.000000000000000000, 1.000000000000000000, 1.000000000000000000),
 ( 0.6336872742246432200, 0.6336396591912187800, 0.6338126996666415500, 0.6424644424072483200, 0.7071067811868826400, 0.7071067811862125100, 0.6424644424070097300, 0.6338126996667061700, 0.6336396591911721600, 0.6336872742246432200),
 ( 1.000000000000000000, 1.000000000000000000, 1.000000000000000000, 1.000000000000000000, 1.000000000000000000, 1.000000000000000000, 1.000000000000000000, 1.000000000000000000, 1.000000000000000000, 1.000000000000000000) ) ) 
 REPRESENTATION_ITEM ( '' )  SURFACE ( )  );
#3777 =( LENGTH_UNIT ( ) NAMED_UNIT ( * ) SI_UNIT ( .MILLI., .METRE. ) );
#3778 = CARTESIAN_POINT ( 'NONE',  ( 0.2651382021187876900, 2.344718483894086900, 0.5000000000000000000 ) ) ;
#3779 = ADVANCED_FACE ( 'NONE', ( #4661 ), #5926, .F. ) ;
#3780 = PLANE ( 'NONE',  #3882 ) ;
#3781 = FILL_AREA_STYLE ('',( #2141 ) ) ;
#3782 = ORIENTED_EDGE ( 'NONE', *, *, #2419, .F. ) ;
#3783 = ORIENTED_EDGE ( 'NONE', *, *, #4298, .T. ) ;
#3784 =( GEOMETRIC_REPRESENTATION_CONTEXT ( 3 ) GLOBAL_UNCERTAINTY_ASSIGNED_CONTEXT ( ( #2786 ) ) GLOBAL_UNIT_ASSIGNED_CONTEXT ( ( #1910, #5728, #2449 ) ) REPRESENTATION_CONTEXT ( 'NONE', 'WORKASPACE' ) );
#3785 = CARTESIAN_POINT ( 'NONE',  ( 2.240000000000026400, 0.1199999999999998800, 0.5000000000000000000 ) ) ;
#3786 = CARTESIAN_POINT ( 'NONE',  ( 2.988180369749845700, 0.2055730340098374800, 0.5000030325441262600 ) ) ;
#3787 = ORIENTED_EDGE ( 'NONE', *, *, #924, .F. ) ;
#3788 = FILL_AREA_STYLE ('',( #1065 ) ) ;
#3789 = ORIENTED_EDGE ( 'NONE', *, *, #4197, .T. ) ;
#3790 = EDGE_LOOP ( 'NONE', ( #5934, #6132, #837, #1588, #2463, #2605 ) ) ;
#3791 =( GEOMETRIC_REPRESENTATION_CONTEXT ( 3 ) GLOBAL_UNCERTAINTY_ASSIGNED_CONTEXT ( ( #6828 ) ) GLOBAL_UNIT_ASSIGNED_CONTEXT ( ( #256, #1319, #6772 ) ) REPRESENTATION_CONTEXT ( 'NONE', 'WORKASPACE' ) );
#3792 = ORIENTED_EDGE ( 'NONE', *, *, #459, .T. ) ;
#3793 = EDGE_CURVE ( 'NONE', #5053, #4250, #5412, .T. ) ;
#3794 = ORIENTED_EDGE ( 'NONE', *, *, #5324, .F. ) ;
#3795 = CARTESIAN_POINT ( 'NONE',  ( 2.911299423149112300, 0.2100000000000005200, 0.6000000000000000900 ) ) ;
#3796 = CARTESIAN_POINT ( 'NONE',  ( 3.169999999999999900, 2.469999999999999800, 0.1700000000000000100 ) ) ;
#3797 = VERTEX_POINT ( 'NONE', #5381 ) ;
#3798 = ORIENTED_EDGE ( 'NONE', *, *, #5995, .F. ) ;
#3799 = VECTOR ( 'NONE', #1333, 1000.000000000000000 ) ;
#3800 = CIRCLE ( 'NONE', #2369, 0.3260323503590204000 ) ;
#3801 = VECTOR ( 'NONE', #304, 1000.000000000000000 ) ;
#3802 = EDGE_CURVE ( 'NONE', #6225, #2364, #1084, .T. ) ;
#3803 = ORIENTED_EDGE ( 'NONE', *, *, #4986, .F. ) ;
#3804 = VERTEX_POINT ( 'NONE', #6490 ) ;
#3805 = CARTESIAN_POINT ( 'NONE',  ( 2.800000000000000300, 2.399999999999999900, 0.4800000000000000400 ) ) ;
#3806 = CARTESIAN_POINT ( 'NONE',  ( 0.2104299065281961500, 2.153241643230601600, 0.6000000000000000900 ) ) ;
#3807 = CARTESIAN_POINT ( 'NONE',  ( 2.080276409533067900, 1.879883371806615900, 0.1700000000000000100 ) ) ;
#3808 = ORIENTED_EDGE ( 'NONE', *, *, #689, .T. ) ;
#3809 = CARTESIAN_POINT ( 'NONE',  ( 2.790097570029880000, 0.09999999999999993600, 0.4999999999999998900 ) ) ;
#3810 = SURFACE_SIDE_STYLE ('',( #2835 ) ) ;
#3811 = CARTESIAN_POINT ( 'NONE',  ( 0.1575366678356927800, 2.241813514301098700, 0.5000000000000000000 ) ) ;
#3812 = DIRECTION ( 'NONE',  ( -0.0000000000000000000, -0.0000000000000000000, -1.000000000000000000 ) ) ;
#3813 =( NAMED_UNIT ( * ) PLANE_ANGLE_UNIT ( ) SI_UNIT ( $, .RADIAN. ) );
#3814 = CARTESIAN_POINT ( 'NONE',  ( 1.119723590466932000, 2.469999999999999800, 0.1700000000000000100 ) ) ;
#3815 = STYLED_ITEM ( 'NONE', ( #3675 ), #2824 ) ;
#3816 = ADVANCED_FACE ( 'NONE', ( #5239 ), #1789, .T. ) ;
#3817 = CARTESIAN_POINT ( 'NONE',  ( 0.1199999999999998800, 2.100000000000000100, 0.5000000000000000000 ) ) ;
#3818 = CARTESIAN_POINT ( 'NONE',  ( 3.049999999999999800, 0.2535533905932744200, 0.5400000000000001500 ) ) ;
#3819 = FILL_AREA_STYLE ('',( #4896 ) ) ;
#3820 = FILL_AREA_STYLE ('',( #1651 ) ) ;
#3821 = AXIS2_PLACEMENT_3D ( 'NONE', #6368, #3126, #6911 ) ;
#3822 = ORIENTED_EDGE ( 'NONE', *, *, #2283, .T. ) ;
#3823 = AXIS2_PLACEMENT_3D ( 'NONE', #6067, #2804, #6615 ) ;
#3824 = CARTESIAN_POINT ( 'NONE',  ( 1.119723590466932000, 2.400138902867559900, 0.0000000000000000000 ) ) ;
#3825 = EDGE_LOOP ( 'NONE', ( #990, #1633, #5509, #3374 ) ) ;
#3826 =( LENGTH_UNIT ( ) NAMED_UNIT ( * ) SI_UNIT ( .MILLI., .METRE. ) );
#3827 = DIRECTION ( 'NONE',  ( 0.0000000000000000000, -0.0000000000000000000, -1.000000000000000000 ) ) ;
#3828 = CARTESIAN_POINT ( 'NONE',  ( 0.2000000000000000100, 1.974914702507331800E-017, 0.2899999999999999800 ) ) ;
#3829 = MECHANICAL_DESIGN_GEOMETRIC_PRESENTATION_REPRESENTATION (  '', ( #3113 ), #4196 ) ;
#3830 = EDGE_CURVE ( 'NONE', #6101, #2764, #4733, .T. ) ;
#3831 = PRESENTATION_STYLE_ASSIGNMENT (( #6965 ) ) ;
#3832 = ORIENTED_EDGE ( 'NONE', *, *, #4310, .F. ) ;
#3833 = FILL_AREA_STYLE ('',( #3320 ) ) ;
#3834 = SURFACE_SIDE_STYLE ('',( #1826 ) ) ;
#3835 = STYLED_ITEM ( 'NONE', ( #2841 ), #1822 ) ;
#3836 = LINE ( 'NONE', #357, #947 ) ;
#3837 = FILL_AREA_STYLE_COLOUR ( '', #3187 ) ;
#3838 = CARTESIAN_POINT ( 'NONE',  ( 0.3972620350065750300, 2.475000000000170200, 0.2899999999999999800 ) ) ;
#3839 = VECTOR ( 'NONE', #1362, 1000.000000000000000 ) ;
#3840 = CARTESIAN_POINT ( 'NONE',  ( 3.079999999999999600, 1.986666666666667000, 0.5000000000000000000 ) ) ;
#3841 = ORIENTED_EDGE ( 'NONE', *, *, #1364, .F. ) ;
#3842 = PLANE ( 'NONE',  #1654 ) ;
#3843 = CARTESIAN_POINT ( 'NONE',  ( 0.4000000000000000200, 0.1412974053913090600, 0.4995495749143826200 ) ) ;
#3844 = EDGE_CURVE ( 'NONE', #1828, #3236, #6181, .T. ) ;
#3845 = SURFACE_SIDE_STYLE ('',( #4789 ) ) ;
#3846 = LINE ( 'NONE', #4004, #6749 ) ;
#3847 = UNCERTAINTY_MEASURE_WITH_UNIT (LENGTH_MEASURE( 1.000000000000000100E-005 ), #3212, 'distance_accuracy_value', 'NONE');
#3848 = CARTESIAN_POINT ( 'NONE',  ( 2.800000000000000300, 2.350000000000000100, 0.6000000000000000900 ) ) ;
#3849 = STYLED_ITEM ( 'NONE', ( #375 ), #4285 ) ;
#3850 = VECTOR ( 'NONE', #533, 1000.000000000000000 ) ;
#3851 = FILL_AREA_STYLE ('',( #2198 ) ) ;
#3852 = DIRECTION ( 'NONE',  ( -0.0000000000000000000, -0.0000000000000000000, 1.000000000000000000 ) ) ;
#3853 = CARTESIAN_POINT ( 'NONE',  ( 2.758890075725995700E-018, 0.2000000000000000100, 0.2899999999999999800 ) ) ;
#3854 = ADVANCED_FACE ( 'NONE', ( #1845 ), #3842, .T. ) ;
#3855 = STYLED_ITEM ( 'NONE', ( #6065 ), #6056 ) ;
#3856 = LINE ( 'NONE', #4423, #5473 ) ;
#3857 = PRESENTATION_LAYER_ASSIGNMENT (  '', '', ( #4227 ) ) ;
#3858 = CARTESIAN_POINT ( 'NONE',  ( 0.4000000000000009100, 2.100000000000000100, 0.6000000000000000900 ) ) ;
#3859 = CARTESIAN_POINT ( 'NONE',  ( 1.119723590466932000, 1.580047681430130700, 0.0000000000000000000 ) ) ;
#3860 = CARTESIAN_POINT ( 'NONE',  ( 3.200000000000000600, -1.626303258728256700E-016, 0.2899999999999999800 ) ) ;
#3861 = COLOUR_RGB ( '',0.8274509803921568100, 0.6666666666666666300, 0.1294117647058823400 ) ;
#3862 = DIRECTION ( 'NONE',  ( -0.0000000000000000000, 1.000000000000000000, 0.0000000000000000000 ) ) ;
#3863 = DIRECTION ( 'NONE',  ( 1.000000000000000000, 0.0000000000000000000, -0.0000000000000000000 ) ) ;
#3864 = VECTOR ( 'NONE', #3352, 1000.000000000000000 ) ;
#3865 = AXIS2_PLACEMENT_3D ( 'NONE', #2576, #6395, #3165 ) ;
#3866 = SURFACE_STYLE_USAGE ( .BOTH. , #5439 ) ;
#3867 = AXIS2_PLACEMENT_3D ( 'NONE', #745, #4544, #1281 ) ;
#3868 = COLOUR_RGB ( '',0.7921568627450980000, 0.8196078431372548800, 0.9333333333333333500 ) ;
#3869 = ADVANCED_FACE ( 'NONE', ( #1327 ), #2750, .T. ) ;
#3870 = FACE_OUTER_BOUND ( 'NONE', #6946, .T. ) ;
#3871 = UNCERTAINTY_MEASURE_WITH_UNIT (LENGTH_MEASURE( 1.000000000000000100E-005 ), #4239, 'distance_accuracy_value', 'NONE');
#3872 = ORIENTED_EDGE ( 'NONE', *, *, #3321, .T. ) ;
#3873 = ORIENTED_EDGE ( 'NONE', *, *, #3277, .F. ) ;
#3874 = EDGE_CURVE ( 'NONE', #3411, #603, #6433, .T. ) ;
#3875 = FILL_AREA_STYLE_COLOUR ( '', #5281 ) ;
#3876 = LINE ( 'NONE', #783, #6777 ) ;
#3877 = CARTESIAN_POINT ( 'NONE',  ( 0.09999075855428361800, 0.4200404230269067000, 0.0000000000000000000 ) ) ;
#3878 = FACE_OUTER_BOUND ( 'NONE', #4155, .T. ) ;
#3879 = VERTEX_POINT ( 'NONE', #3897 ) ;
#3880 = EDGE_LOOP ( 'NONE', ( #4137, #6514, #243, #4175 ) ) ;
#3881 = ORIENTED_EDGE ( 'NONE', *, *, #4357, .T. ) ;
#3882 = AXIS2_PLACEMENT_3D ( 'NONE', #5987, #2714, #6531 ) ;
#3883 = UNCERTAINTY_MEASURE_WITH_UNIT (LENGTH_MEASURE( 1.000000000000000100E-005 ), #3989, 'distance_accuracy_value', 'NONE');
#3884 = PRESENTATION_STYLE_ASSIGNMENT (( #1270 ) ) ;
#3885 = FILL_AREA_STYLE_COLOUR ( '', #2756 ) ;
#3886 = DIRECTION ( 'NONE',  ( 0.0000000000000000000, -1.000000000000000000, 0.0000000000000000000 ) ) ;
#3887 = FILL_AREA_STYLE_COLOUR ( '', #2408 ) ;
#3888 = MECHANICAL_DESIGN_GEOMETRIC_PRESENTATION_REPRESENTATION (  '', ( #2800 ), #4254 ) ;
#3889 = EDGE_CURVE ( 'NONE', #6852, #3637, #3543, .T. ) ;
#3890 = DIRECTION ( 'NONE',  ( 0.0000000000000000000, 0.0000000000000000000, 1.000000000000000000 ) ) ;
#3891 = PLANE ( 'NONE',  #2125 ) ;
#3892 = ORIENTED_EDGE ( 'NONE', *, *, #736, .F. ) ;
#3893 = EDGE_LOOP ( 'NONE', ( #4664, #2372, #1239, #6275 ) ) ;
#3894 = EDGE_CURVE ( 'NONE', #5162, #694, #2081, .T. ) ;
#3895 = ADVANCED_FACE ( 'NONE', ( #1924 ), #3776, .T. ) ;
#3896 =( LENGTH_UNIT ( ) NAMED_UNIT ( * ) SI_UNIT ( .MILLI., .METRE. ) );
#3897 = CARTESIAN_POINT ( 'NONE',  ( 0.02999999999999996400, 0.3000000000000000400, 0.1700000000000000100 ) ) ;
#3898 = VECTOR ( 'NONE', #3667, 1000.000000000000000 ) ;
#3899 = CARTESIAN_POINT ( 'NONE',  ( 0.09999075855428361800, 2.079959576973093000, 0.1700000000000000100 ) ) ;
#3900 = CARTESIAN_POINT ( 'NONE',  ( 0.1500000000000000800, 0.4000000000000009100, 0.5400000000000001500 ) ) ;
#3901 = ORIENTED_EDGE ( 'NONE', *, *, #2143, .T. ) ;
#3902 = FILL_AREA_STYLE_COLOUR ( '', #3351 ) ;
#3903 = VERTEX_POINT ( 'NONE', #182 ) ;
#3904 = SURFACE_STYLE_USAGE ( .BOTH. , #99 ) ;
#3905 = DIRECTION ( 'NONE',  ( 0.0000000000000000000, 1.000000000000000000, 0.0000000000000000000 ) ) ;
#3906 = PRESENTATION_LAYER_ASSIGNMENT (  '', '', ( #4275 ) ) ;
#3907 = DIRECTION ( 'NONE',  ( -0.0000000000000000000, 0.0000000000000000000, 1.000000000000000000 ) ) ;
#3908 = CARTESIAN_POINT ( 'NONE',  ( 3.169999999999999900, 2.469999999999999800, 0.1700000000000000100 ) ) ;
#3909 = PRESENTATION_LAYER_ASSIGNMENT (  '', '', ( #3199 ) ) ;
#3910 = DIRECTION ( 'NONE',  ( -1.000000000000000000, -0.0000000000000000000, 0.0000000000000000000 ) ) ;
#3911 = DIRECTION ( 'NONE',  ( -1.000000000000000000, -0.0000000000000000000, 0.0000000000000000000 ) ) ;
#3912 =( BOUNDED_SURFACE ( )  B_SPLINE_SURFACE ( 3, 3, ( 
 ( #288, #3061, #6846, #3581 ),
 ( #330, #4141, #883, #4686 ),
 ( #1435, #5221, #1963, #5789 ),
 ( #2505, #6310, #3080, #6875 ) ),
 .UNSPECIFIED., .F., .F., .F. ) 
 B_SPLINE_SURFACE_WITH_KNOTS ( ( 4, 4 ),
 ( 4, 4 ),
 ( 0.0000000000000000000, 1.000000000000000000 ),
 ( 0.0000000000000000000, 1.000000000000000000 ),
 .UNSPECIFIED. ) 
 GEOMETRIC_REPRESENTATION_ITEM ( )  RATIONAL_B_SPLINE_SURFACE ( (
 ( 1.000000000000000000, 0.8047378541243660500, 0.8047378541243660500, 1.000000000000000000),
 ( 0.7955554221515207500, 0.6402135632592189700, 0.6402135632592189700, 0.7955554221515207500),
 ( 0.7955554221515207500, 0.6402135632592189700, 0.6402135632592189700, 0.7955554221515207500),
 ( 1.000000000000000000, 0.8047378541243660500, 0.8047378541243660500, 1.000000000000000000) ) ) 
 REPRESENTATION_ITEM ( '' )  SURFACE ( )  );
#3913 = VERTEX_POINT ( 'NONE', #3987 ) ;
#3914 = PLANE ( 'NONE',  #2697 ) ;
#3915 = SURFACE_STYLE_USAGE ( .BOTH. , #111 ) ;
#3916 = DIRECTION ( 'NONE',  ( -1.000000000000000000, 0.0000000000000000000, -0.0000000000000000000 ) ) ;
#3917 = EDGE_CURVE ( 'NONE', #3331, #3296, #5579, .T. ) ;
#3918 = PRESENTATION_LAYER_ASSIGNMENT (  '', '', ( #3207 ) ) ;
#3919 = ORIENTED_EDGE ( 'NONE', *, *, #924, .T. ) ;
#3920 = ORIENTED_EDGE ( 'NONE', *, *, #1564, .F. ) ;
#3921 = DIRECTION ( 'NONE',  ( 1.000000000000000000, -0.0000000000000000000, 0.0000000000000000000 ) ) ;
#3922 = CARTESIAN_POINT ( 'NONE',  ( 2.779937501871236400, 2.500000000000000000, 0.1700000000000000100 ) ) ;
#3923 = CARTESIAN_POINT ( 'NONE',  ( 0.2100000000000000200, 0.4000000000000001300, 0.6000000000000002000 ) ) ;
#3924 = ADVANCED_FACE ( 'NONE', ( #2678 ), #1260, .T. ) ;
#3925 = VERTEX_POINT ( 'NONE', #1823 ) ;
#3926 = MECHANICAL_DESIGN_GEOMETRIC_PRESENTATION_REPRESENTATION (  '', ( #2839 ), #4296 ) ;
#3927 = EDGE_CURVE ( 'NONE', #6860, #1932, #3609, .T. ) ;
#3928 = DIRECTION ( 'NONE',  ( -1.000000000000000000, 0.0000000000000000000, 0.0000000000000000000 ) ) ;
#3929 = SURFACE_SIDE_STYLE ('',( #1906 ) ) ;
#3930 = DIRECTION ( 'NONE',  ( 0.7184060015747271200, -0.6956240485358546900, 0.0000000000000000000 ) ) ;
#3931 = FACE_OUTER_BOUND ( 'NONE', #2866, .T. ) ;
#3932 = SURFACE_STYLE_USAGE ( .BOTH. , #131 ) ;
#3933 = VECTOR ( 'NONE', #2247, 1000.000000000000000 ) ;
#3934 = UNCERTAINTY_MEASURE_WITH_UNIT (LENGTH_MEASURE( 1.000000000000000100E-005 ), #6257, 'distance_accuracy_value', 'NONE');
#3935 = CARTESIAN_POINT ( 'NONE',  ( 3.100009241445716300, 0.4200404230269067000, 0.1700000000000000100 ) ) ;
#3936 = CARTESIAN_POINT ( 'NONE',  ( 2.798462283669304300, 2.380059201909494200, 0.5000000000000000000 ) ) ;
#3937 = VECTOR ( 'NONE', #3775, 1000.000000000000000 ) ;
#3938 = CARTESIAN_POINT ( 'NONE',  ( 2.799999999999999800, 2.370769560685124700, 0.5000148110754012400 ) ) ;
#3939 = EDGE_CURVE ( 'NONE', #1488, #2347, #2171, .T. ) ;
#3940 = LINE ( 'NONE', #850, #2320 ) ;
#3941 = LINE ( 'NONE', #6023, #5212 ) ;
#3942 = COLOUR_RGB ( '',0.8274509803921568100, 0.6666666666666666300, 0.1254901960784313700 ) ;
#3943 = PRESENTATION_STYLE_ASSIGNMENT (( #3204 ) ) ;
#3944 = CARTESIAN_POINT ( 'NONE',  ( 2.799740620890379500, 2.399999999999999000, 0.3525817712137366800 ) ) ;
#3945 = STYLED_ITEM ( 'NONE', ( #2161 ), #4537 ) ;
#3946 = CARTESIAN_POINT ( 'NONE',  ( 0.1101522168000799400, 0.2325212498551082200, 0.3210660171779821100 ) ) ;
#3947 =( GEOMETRIC_REPRESENTATION_CONTEXT ( 3 ) GLOBAL_UNCERTAINTY_ASSIGNED_CONTEXT ( ( #2144 ) ) GLOBAL_UNIT_ASSIGNED_CONTEXT ( ( #1152, #4952, #1708 ) ) REPRESENTATION_CONTEXT ( 'NONE', 'WORKASPACE' ) );
#3948 = COLOUR_RGB ( '',0.8274509803921568100, 0.6666666666666666300, 0.1254901960784313700 ) ;
#3949 = STYLED_ITEM ( 'NONE', ( #2655 ), #2749 ) ;
#3950 = PLANE ( 'NONE',  #6890 ) ;
#3951 = SURFACE_STYLE_FILL_AREA ( #3788 ) ;
#3952 = CARTESIAN_POINT ( 'NONE',  ( 0.4200624981287628400, 0.09986109713243988800, 0.1700000000000000100 ) ) ;
#3953 = PLANE ( 'NONE',  #6649 ) ;
#3954 =( NAMED_UNIT ( * ) PLANE_ANGLE_UNIT ( ) SI_UNIT ( $, .RADIAN. ) );
#3955 = ORIENTED_EDGE ( 'NONE', *, *, #1522, .F. ) ;
#3956 = ORIENTED_EDGE ( 'NONE', *, *, #1337, .T. ) ;
#3957 = SURFACE_STYLE_USAGE ( .BOTH. , #160 ) ;
#3958 = STYLED_ITEM ( 'NONE', ( #2158 ), #5494 ) ;
#3959 = ADVANCED_FACE ( 'NONE', ( #6335 ), #6836, .F. ) ;
#3960 = CARTESIAN_POINT ( 'NONE',  ( 3.096542742251393100, 2.130621172420401200, 0.4800000000000000900 ) ) ;
#3961 = ORIENTED_EDGE ( 'NONE', *, *, #4741, .T. ) ;
#3962 = STYLED_ITEM ( 'NONE', ( #3968 ), #3816 ) ;
#3963 = ORIENTED_EDGE ( 'NONE', *, *, #5204, .F. ) ;
#3964 = EDGE_LOOP ( 'NONE', ( #2586, #3467, #1989, #4138, #5655, #257, #4655, #895, #2907, #2007, #297, #574 ) ) ;
#3965 = ORIENTED_EDGE ( 'NONE', *, *, #689, .F. ) ;
#3966 = COLOUR_RGB ( '',0.8274509803921568100, 0.6666666666666666300, 0.1254901960784313700 ) ;
#3967 = VERTEX_POINT ( 'NONE', #338 ) ;
#3968 = PRESENTATION_STYLE_ASSIGNMENT (( #5976 ) ) ;
#3969 = PRESENTATION_LAYER_ASSIGNMENT (  '', '', ( #3265 ) ) ;
#3970 = ORIENTED_EDGE ( 'NONE', *, *, #4078, .F. ) ;
#3971 = ORIENTED_EDGE ( 'NONE', *, *, #3889, .F. ) ;
#3972 =( GEOMETRIC_REPRESENTATION_CONTEXT ( 3 ) GLOBAL_UNCERTAINTY_ASSIGNED_CONTEXT ( ( #2455 ) ) GLOBAL_UNIT_ASSIGNED_CONTEXT ( ( #4809, #1565, #5351 ) ) REPRESENTATION_CONTEXT ( 'NONE', 'WORKASPACE' ) );
#3973 = EDGE_CURVE ( 'NONE', #3618, #4319, #5832, .T. ) ;
#3974 = SURFACE_SIDE_STYLE ('',( #1609 ) ) ;
#3975 = CARTESIAN_POINT ( 'NONE',  ( 0.3000000000000000400, 0.02999999999999997100, 0.1700000000000000100 ) ) ;
#3976 = LINE ( 'NONE', #283, #1095 ) ;
#3977 = AXIS2_PLACEMENT_3D ( 'NONE', #6128, #2871, #6676 ) ;
#3978 = VERTEX_POINT ( 'NONE', #6862 ) ;
#3979 = ORIENTED_EDGE ( 'NONE', *, *, #6922, .F. ) ;
#3980 = CARTESIAN_POINT ( 'NONE',  ( 0.0000000000000000000, 0.4200404230269067000, 0.1700000000000000100 ) ) ;
#3981 = FILL_AREA_STYLE_COLOUR ( '', #4659 ) ;
#3982 = DIRECTION ( 'NONE',  ( 0.0000000000000000000, 1.000000000000000000, 0.0000000000000000000 ) ) ;
#3983 = CARTESIAN_POINT ( 'NONE',  ( 3.049999999999999800, 2.246446609406725700, 0.5751471862576145200 ) ) ;
#3984 = CARTESIAN_POINT ( 'NONE',  ( 3.100009241445716300, 0.9199523185698690300, 0.1700000000000000100 ) ) ;
#3985 = EDGE_CURVE ( 'NONE', #2347, #48, #2952, .T. ) ;
#3986 = ORIENTED_EDGE ( 'NONE', *, *, #704, .T. ) ;
#3987 = CARTESIAN_POINT ( 'NONE',  ( 0.0000000000000000000, 2.079959576973093000, 0.0000000000000000000 ) ) ;
#3988 = AXIS2_PLACEMENT_3D ( 'NONE', #5782, #2491, #6300 ) ;
#3989 =( LENGTH_UNIT ( ) NAMED_UNIT ( * ) SI_UNIT ( .MILLI., .METRE. ) );
#3990 = AXIS2_PLACEMENT_3D ( 'NONE', #1249, #5047, #1800 ) ;
#3991 = CARTESIAN_POINT ( 'NONE',  ( 3.078947920510922900, 0.3871268425803982600, 0.4999999999999998900 ) ) ;
#3992 = AXIS2_PLACEMENT_3D ( 'NONE', #5734, #2453, #6269 ) ;
#3993 = VERTEX_POINT ( 'NONE', #1444 ) ;
#3994 =( NAMED_UNIT ( * ) SI_UNIT ( $, .STERADIAN. ) SOLID_ANGLE_UNIT ( ) );
#3995 = ADVANCED_FACE ( 'NONE', ( #46 ), #4528, .T. ) ;
#3996 = UNCERTAINTY_MEASURE_WITH_UNIT (LENGTH_MEASURE( 1.000000000000000100E-005 ), #4486, 'distance_accuracy_value', 'NONE');
#3997 =( NAMED_UNIT ( * ) PLANE_ANGLE_UNIT ( ) SI_UNIT ( $, .RADIAN. ) );
#3998 = PRESENTATION_LAYER_ASSIGNMENT (  '', '', ( #4376 ) ) ;
#3999 = ORIENTED_EDGE ( 'NONE', *, *, #5235, .F. ) ;
#4000 = DIRECTION ( 'NONE',  ( -3.614007241618351700E-016, 1.000000000000000000, -3.614007241618330500E-016 ) ) ;
#4001 =( NAMED_UNIT ( * ) SI_UNIT ( $, .STERADIAN. ) SOLID_ANGLE_UNIT ( ) );
#4002 = CARTESIAN_POINT ( 'NONE',  ( 0.4000000000000001900, 0.1499999999999999900, 0.6000000000000000900 ) ) ;
#4003 = AXIS2_PLACEMENT_3D ( 'NONE', #5887, #4288, #1035 ) ;
#4004 = CARTESIAN_POINT ( 'NONE',  ( 0.03000000000000037700, 2.079959576973093000, 0.1700000000000000100 ) ) ;
#4005 =( NAMED_UNIT ( * ) PLANE_ANGLE_UNIT ( ) SI_UNIT ( $, .RADIAN. ) );
#4006 = FACE_OUTER_BOUND ( 'NONE', #5326, .T. ) ;
#4007 = PRESENTATION_LAYER_ASSIGNMENT (  '', '', ( #4380 ) ) ;
#4008 = LINE ( 'NONE', #4751, #6739 ) ;
#4009 = ORIENTED_EDGE ( 'NONE', *, *, #5995, .T. ) ;
#4010 = CARTESIAN_POINT ( 'NONE',  ( 0.3871268425804011400, 2.378947920510922700, 0.4999999999999998900 ) ) ;
#4011 = EDGE_CURVE ( 'NONE', #603, #1439, #3280, .T. ) ;
#4012 = PLANE ( 'NONE',  #2526 ) ;
#4013 = FACE_OUTER_BOUND ( 'NONE', #1851, .T. ) ;
#4014 = ORIENTED_EDGE ( 'NONE', *, *, #274, .T. ) ;
#4015 = DIRECTION ( 'NONE',  ( 0.0000000000000000000, 0.0000000000000000000, -1.000000000000000000 ) ) ;
#4016 = SURFACE_STYLE_USAGE ( .BOTH. , #209 ) ;
#4017 = STYLED_ITEM ( 'NONE', ( #5719 ), #1254 ) ;
#4018 = CARTESIAN_POINT ( 'NONE',  ( 2.815352661366155500, 0.1011839063810402300, 0.4800000000000000900 ) ) ;
#4019 = CARTESIAN_POINT ( 'NONE',  ( 0.1500000000000000200, 0.3999999999999999100, 0.5400000000000001500 ) ) ;
#4020 = LINE ( 'NONE', #3848, #6753 ) ;
#4021 =( GEOMETRIC_REPRESENTATION_CONTEXT ( 3 ) GLOBAL_UNCERTAINTY_ASSIGNED_CONTEXT ( ( #1343 ) ) GLOBAL_UNIT_ASSIGNED_CONTEXT ( ( #16, #3813, #566 ) ) REPRESENTATION_CONTEXT ( 'NONE', 'WORKASPACE' ) );
#4022 = EDGE_CURVE ( 'NONE', #1932, #1315, #2254, .T. ) ;
#4023 = FACE_OUTER_BOUND ( 'NONE', #2994, .T. ) ;
#4024 = VECTOR ( 'NONE', #1097, 1000.000000000000000 ) ;
#4025 = CARTESIAN_POINT ( 'NONE',  ( 0.4000000000000001900, 2.290000000000000900, 0.5400000000000001500 ) ) ;
#4026 = DIRECTION ( 'NONE',  ( 0.0000000000000000000, 0.0000000000000000000, -1.000000000000000000 ) ) ;
#4027 = CARTESIAN_POINT ( 'NONE',  ( 2.080276409533067900, 2.469999999999999800, 0.1700000000000000100 ) ) ;
#4028 = CARTESIAN_POINT ( 'NONE',  ( 2.990000000000001100, 0.4000000000000004100, 0.6000000000000000900 ) ) ;
#4029 =( LENGTH_UNIT ( ) NAMED_UNIT ( * ) SI_UNIT ( .MILLI., .METRE. ) );
#4030 = VECTOR ( 'NONE', #6518, 1000.000000000000000 ) ;
#4031 =( NAMED_UNIT ( * ) SI_UNIT ( $, .STERADIAN. ) SOLID_ANGLE_UNIT ( ) );
#4032 = CARTESIAN_POINT ( 'NONE',  ( 3.049999999999999400, 0.4000000000000005800, 0.5079235637004544400 ) ) ;
#4033 =( NAMED_UNIT ( * ) SI_UNIT ( $, .STERADIAN. ) SOLID_ANGLE_UNIT ( ) );
#4034 = CARTESIAN_POINT ( 'NONE',  ( 0.2413906142856351300, 2.352335458987516100, 0.4999999999999901200 ) ) ;
#4035 = VECTOR ( 'NONE', #3334, 1000.000000000000000 ) ;
#4036 = DIRECTION ( 'NONE',  ( -0.0000000000000000000, 1.000000000000000000, 0.0000000000000000000 ) ) ;
#4037 = UNCERTAINTY_MEASURE_WITH_UNIT (LENGTH_MEASURE( 1.000000000000000100E-005 ), #3109, 'distance_accuracy_value', 'NONE');
#4038 = ORIENTED_EDGE ( 'NONE', *, *, #2086, .F. ) ;
#4039 = FILL_AREA_STYLE ('',( #2963 ) ) ;
#4040 = CARTESIAN_POINT ( 'NONE',  ( 0.03000000000000037700, 2.469999999999999800, 0.1700000000000000100 ) ) ;
#4041 = CIRCLE ( 'NONE', #2623, 0.2500000000000009400 ) ;
#4042 = DIRECTION ( 'NONE',  ( 0.0000000000000000000, 1.000000000000000000, 0.0000000000000000000 ) ) ;
#4043 = PRESENTATION_STYLE_ASSIGNMENT (( #5046 ) ) ;
#4044 = VERTEX_POINT ( 'NONE', #2042 ) ;
#4045 = ORIENTED_EDGE ( 'NONE', *, *, #3175, .T. ) ;
#4046 = PRESENTATION_LAYER_ASSIGNMENT (  '', '', ( #3335 ) ) ;
#4047 = AXIS2_PLACEMENT_3D ( 'NONE', #2733, #6557, #3308 ) ;
#4048 = VECTOR ( 'NONE', #935, 1000.000000000000000 ) ;
#4049 = CARTESIAN_POINT ( 'NONE',  ( 1.119723590466932000, 0.9199523185698690300, 0.0000000000000000000 ) ) ;
#4050 =( LENGTH_UNIT ( ) NAMED_UNIT ( * ) SI_UNIT ( .MILLI., .METRE. ) );
#4051 = B_SPLINE_CURVE_WITH_KNOTS ( 'NONE', 3,
 ( #6400, #2581, #6979, #464, #4271, #1020 ),
 .UNSPECIFIED., .F., .F.,
 ( 4, 2, 4 ),
 ( 0.0000000000000000000, 0.5000000000000000000, 1.000000000000000000 ),
 .UNSPECIFIED. ) ;
#4052 = COLOUR_RGB ( '',0.8274509803921568100, 0.6666666666666666300, 0.1254901960784313700 ) ;
#4053 =( NAMED_UNIT ( * ) SI_UNIT ( $, .STERADIAN. ) SOLID_ANGLE_UNIT ( ) );
#4054 = ORIENTED_EDGE ( 'NONE', *, *, #3939, .F. ) ;
#4055 = DIRECTION ( 'NONE',  ( -0.0000000000000000000, -1.000000000000000000, 0.0000000000000000000 ) ) ;
#4056 = ORIENTED_EDGE ( 'NONE', *, *, #1531, .F. ) ;
#4057 = VERTEX_POINT ( 'NONE', #5303 ) ;
#4058 = VERTEX_POINT ( 'NONE', #922 ) ;
#4059 = STYLED_ITEM ( 'NONE', ( #5288 ), #5724 ) ;
#4060 = SURFACE_STYLE_FILL_AREA ( #3033 ) ;
#4061 = SURFACE_STYLE_USAGE ( .BOTH. , #800 ) ;
#4062 = EDGE_LOOP ( 'NONE', ( #4601, #4154, #5316, #4656 ) ) ;
#4063 = EDGE_LOOP ( 'NONE', ( #1698, #1504, #3961, #2784, #4984, #6098 ) ) ;
#4064 = CARTESIAN_POINT ( 'NONE',  ( 0.1299999999999999800, 2.100000000000000100, 0.5200000000000000200 ) ) ;
#4065 = FILL_AREA_STYLE ('',( #1261 ) ) ;
#4066 = VECTOR ( 'NONE', #4900, 1000.000000000000000 ) ;
#4067 = CARTESIAN_POINT ( 'NONE',  ( 0.03000000000000037700, 2.400138902867559900, 0.1700000000000000100 ) ) ;
#4068 = LINE ( 'NONE', #5634, #5513 ) ;
#4069 = PRESENTATION_LAYER_ASSIGNMENT (  '', '', ( #3688 ) ) ;
#4070 = CARTESIAN_POINT ( 'NONE',  ( 2.800000000000000300, 2.350000000000000100, 0.5200000000000000200 ) ) ;
#4071 = EDGE_CURVE ( 'NONE', #7024, #319, #3537, .T. ) ;
#4072 = SURFACE_SIDE_STYLE ('',( #5081 ) ) ;
#4073 = ORIENTED_EDGE ( 'NONE', *, *, #3985, .F. ) ;
#4074 = DIRECTION ( 'NONE',  ( 1.000000000000000000, -0.0000000000000000000, 0.0000000000000000000 ) ) ;
#4075 = CARTESIAN_POINT ( 'NONE',  ( 0.5696748642032676300, 2.399999999999999500, 0.5000000000000001100 ) ) ;
#4076 = DIRECTION ( 'NONE',  ( 0.0000000000000000000, -1.000000000000000000, 0.0000000000000000000 ) ) ;
#4077 = CARTESIAN_POINT ( 'NONE',  ( 3.079968505970319000, 2.099997406541917600, 0.4999999876735901600 ) ) ;
#4078 = EDGE_CURVE ( 'NONE', #2274, #2731, #1494, .T. ) ;
#4079 = FILL_AREA_STYLE_COLOUR ( '', #3488 ) ;
#4080 = DIRECTION ( 'NONE',  ( 0.0000000000000000000, 1.000000000000000000, 0.0000000000000000000 ) ) ;
#4081 = PRESENTATION_LAYER_ASSIGNMENT (  '', '', ( #4456 ) ) ;
#4082 = FILL_AREA_STYLE ('',( #1371 ) ) ;
#4083 = ORIENTED_EDGE ( 'NONE', *, *, #4207, .T. ) ;
#4084 = UNCERTAINTY_MEASURE_WITH_UNIT (LENGTH_MEASURE( 1.000000000000000100E-005 ), #3896, 'distance_accuracy_value', 'NONE');
#4085 = SURFACE_SIDE_STYLE ('',( #6899 ) ) ;
#4086 =( GEOMETRIC_REPRESENTATION_CONTEXT ( 3 ) GLOBAL_UNCERTAINTY_ASSIGNED_CONTEXT ( ( #5959 ) ) GLOBAL_UNIT_ASSIGNED_CONTEXT ( ( #3655, #406, #4211 ) ) REPRESENTATION_CONTEXT ( 'NONE', 'WORKASPACE' ) );
#4087 =( NAMED_UNIT ( * ) PLANE_ANGLE_UNIT ( ) SI_UNIT ( $, .RADIAN. ) );
#4088 = STYLED_ITEM ( 'NONE', ( #1825 ), #2628 ) ;
#4089 = UNCERTAINTY_MEASURE_WITH_UNIT (LENGTH_MEASURE( 1.000000000000000100E-005 ), #4700, 'distance_accuracy_value', 'NONE');
#4090 = PLANE ( 'NONE',  #6148 ) ;
#4091 = VERTEX_POINT ( 'NONE', #989 ) ;
#4092 = MECHANICAL_DESIGN_GEOMETRIC_PRESENTATION_REPRESENTATION (  '', ( #3378 ), #4466 ) ;
#4093 = COLOUR_RGB ( '',0.8274509803921568100, 0.6666666666666666300, 0.1294117647058823400 ) ;
#4094 = FILL_AREA_STYLE ('',( #5167 ) ) ;
#4095 = ORIENTED_EDGE ( 'NONE', *, *, #2050, .F. ) ;
#4096 = PRESENTATION_LAYER_ASSIGNMENT (  '', '', ( #3384 ) ) ;
#4097 = EDGE_CURVE ( 'NONE', #3411, #6136, #4105, .T. ) ;
#4098 = COLOUR_RGB ( '',0.01176470588235294100, 0.0000000000000000000, 0.05882352941176470500 ) ;
#4099 = VECTOR ( 'NONE', #1164, 1000.000000000000000 ) ;
#4100 = UNCERTAINTY_MEASURE_WITH_UNIT (LENGTH_MEASURE( 1.000000000000000100E-005 ), #1445, 'distance_accuracy_value', 'NONE');
#4101 =( NAMED_UNIT ( * ) PLANE_ANGLE_UNIT ( ) SI_UNIT ( $, .RADIAN. ) );
#4102 = PLANE ( 'NONE',  #352 ) ;
#4103 = CARTESIAN_POINT ( 'NONE',  ( -1.626303258728256700E-016, -1.626303258728256700E-016, 0.2899999999999999800 ) ) ;
#4104 =( GEOMETRIC_REPRESENTATION_CONTEXT ( 3 ) GLOBAL_UNCERTAINTY_ASSIGNED_CONTEXT ( ( #6971 ) ) GLOBAL_UNIT_ASSIGNED_CONTEXT ( ( #4371, #1114, #4916 ) ) REPRESENTATION_CONTEXT ( 'NONE', 'WORKASPACE' ) );
#4105 = B_SPLINE_CURVE_WITH_KNOTS ( 'NONE', 3,
 ( #5333, #1542, #5893, #2615, #6436, #3191 ),
 .UNSPECIFIED., .F., .F.,
 ( 4, 2, 4 ),
 ( 0.0000000000000000000, 0.5000000000000000000, 1.000000000000000000 ),
 .UNSPECIFIED. ) ;
#4106 = DIRECTION ( 'NONE',  ( 0.0000000000000000000, 1.000000000000000000, 0.0000000000000000000 ) ) ;
#4107 = CARTESIAN_POINT ( 'NONE',  ( 3.000000000000000000, 0.0000000000000000000, 0.2899999999999999800 ) ) ;
#4108 = COLOUR_RGB ( '',0.8274509803921568100, 0.6666666666666666300, 0.1254901960784313700 ) ;
#4109 = FACE_OUTER_BOUND ( 'NONE', #3790, .T. ) ;
#4110 = EDGE_CURVE ( 'NONE', #4552, #2274, #4980, .T. ) ;
#4111 = VECTOR ( 'NONE', #455, 1000.000000000000000 ) ;
#4112 = VECTOR ( 'NONE', #3763, 1000.000000000000000 ) ;
#4113 = CARTESIAN_POINT ( 'NONE',  ( 3.100139420386026000, 2.098192024294776900, 0.4842193402773201100 ) ) ;
#4114 = PLANE ( 'NONE',  #1184 ) ;
#4115 = SURFACE_SIDE_STYLE ('',( #4866 ) ) ;
#4116 = LINE ( 'NONE', #2124, #5390 ) ;
#4117 = LINE ( 'NONE', #6761, #7018 ) ;
#4118 = PRESENTATION_LAYER_ASSIGNMENT (  '', '', ( #3475 ) ) ;
#4119 = VECTOR ( 'NONE', #5375, 1000.000000000000000 ) ;
#4120 = PRESENTATION_STYLE_ASSIGNMENT (( #6767 ) ) ;
#4121 = ORIENTED_EDGE ( 'NONE', *, *, #2741, .F. ) ;
#4122 = ORIENTED_EDGE ( 'NONE', *, *, #3444, .T. ) ;
#4123 = DIRECTION ( 'NONE',  ( -1.000000000000000000, 0.0000000000000000000, 0.0000000000000000000 ) ) ;
#4124 = ADVANCED_FACE ( 'NONE', ( #638 ), #4273, .F. ) ;
#4125 = SURFACE_SIDE_STYLE ('',( #5065 ) ) ;
#4126 = PRESENTATION_STYLE_ASSIGNMENT (( #5555 ) ) ;
#4127 =( BOUNDED_CURVE ( )  B_SPLINE_CURVE ( 2, ( #6431, #1019, #4813 ),
 .UNSPECIFIED., .F., .T. ) 
 B_SPLINE_CURVE_WITH_KNOTS ( ( 3, 3 ),
 ( 0.0000000000000000000, 1.000000000000000000 ),
 .UNSPECIFIED. ) 
 CURVE ( )  GEOMETRIC_REPRESENTATION_ITEM ( )  RATIONAL_B_SPLINE_CURVE ( ( 1.000000000000000000, 0.6336872742246170100, 1.000000000000000000 ) ) 
 REPRESENTATION_ITEM ( '' )  );
#4128 = AXIS2_PLACEMENT_3D ( 'NONE', #6978, #3715, #463 ) ;
#4129 = SURFACE_STYLE_FILL_AREA ( #324 ) ;
#4130 = VECTOR ( 'NONE', #6502, 1000.000000000000000 ) ;
#4131 = CARTESIAN_POINT ( 'NONE',  ( 3.100000000000000500, 0.4000000000000001900, 0.4800000000000000900 ) ) ;
#4132 = SURFACE_SIDE_STYLE ('',( #4129 ) ) ;
#4133 = VECTOR ( 'NONE', #3443, 1000.000000000000000 ) ;
#4134 = VERTEX_POINT ( 'NONE', #3718 ) ;
#4135 = DIRECTION ( 'NONE',  ( 0.0000000000000000000, 0.0000000000000000000, -1.000000000000000000 ) ) ;
#4136 = ORIENTED_EDGE ( 'NONE', *, *, #2683, .F. ) ;
#4137 = ORIENTED_EDGE ( 'NONE', *, *, #1294, .T. ) ;
#4138 = ORIENTED_EDGE ( 'NONE', *, *, #5324, .T. ) ;
#4139 = SURFACE_STYLE_USAGE ( .BOTH. , #326 ) ;
#4140 = CARTESIAN_POINT ( 'NONE',  ( 2.080276409533067900, 1.879883371806615900, 0.0000000000000000000 ) ) ;
#4141 = CARTESIAN_POINT ( 'NONE',  ( 0.2484551905618539700, 2.358703171845482900, 0.4995489630239926500 ) ) ;
#4142 = LINE ( 'NONE', #222, #6859 ) ;
#4143 =( GEOMETRIC_REPRESENTATION_CONTEXT ( 3 ) GLOBAL_UNCERTAINTY_ASSIGNED_CONTEXT ( ( #4218 ) ) GLOBAL_UNIT_ASSIGNED_CONTEXT ( ( #5546, #2290, #6106 ) ) REPRESENTATION_CONTEXT ( 'NONE', 'WORKASPACE' ) );
#4144 = VERTEX_POINT ( 'NONE', #491 ) ;
#4145 =( GEOMETRIC_REPRESENTATION_CONTEXT ( 3 ) GLOBAL_UNCERTAINTY_ASSIGNED_CONTEXT ( ( #6637 ) ) GLOBAL_UNIT_ASSIGNED_CONTEXT ( ( #4640, #1376, #5178 ) ) REPRESENTATION_CONTEXT ( 'NONE', 'WORKASPACE' ) );
#4146 = ORIENTED_EDGE ( 'NONE', *, *, #3227, .T. ) ;
#4147 = VERTEX_POINT ( 'NONE', #4295 ) ;
#4148 =( LENGTH_UNIT ( ) NAMED_UNIT ( * ) SI_UNIT ( .MILLI., .METRE. ) );
#4149 = CARTESIAN_POINT ( 'NONE',  ( 3.100009241445716300, 0.4200404230269067000, 0.1700000000000000100 ) ) ;
#4150 = FILL_AREA_STYLE ('',( #6853 ) ) ;
#4151 = CYLINDRICAL_SURFACE ( 'NONE', #1194, 0.2699999999999999600 ) ;
#4152 = EDGE_CURVE ( 'NONE', #1439, #5458, #2851, .T. ) ;
#4153 =( NAMED_UNIT ( * ) PLANE_ANGLE_UNIT ( ) SI_UNIT ( $, .RADIAN. ) );
#4154 = ORIENTED_EDGE ( 'NONE', *, *, #5906, .T. ) ;
#4155 = EDGE_LOOP ( 'NONE', ( #1993, #4329, #1080, #4146, #5847, #2173, #4579, #207, #4928, #5115, #4588, #744, #6900, #4559, #5599, #5770, #5078, #1927, #1238, #2196, #1840, #3986, #5355, #58, #4737, #2040, #1496, #2197, #1111 ) ) ;
#4156 = ORIENTED_EDGE ( 'NONE', *, *, #1023, .T. ) ;
#4157 = CARTESIAN_POINT ( 'NONE',  ( 3.100009241445716300, 2.079959576973093000, 0.1700000000000000100 ) ) ;
#4158 = DIRECTION ( 'NONE',  ( -1.000000000000000000, 0.0000000000000000000, 0.0000000000000000000 ) ) ;
#4159 = EDGE_LOOP ( 'NONE', ( #1916, #1670, #2442, #4121 ) ) ;
#4160 =( BOUNDED_SURFACE ( )  B_SPLINE_SURFACE ( 2, 3, ( 
 ( #6691, #5616, #2349, #6159, #2912, #6719, #3456, #192, #3991, #747 ),
 ( #4545, #1283, #5093, #1833, #5635, #2371, #6186, #2935, #6737, #3485 ),
 ( #211, #4018, #765, #4573, #1307, #5113, #1861, #5661, #2393, #6207 ) ),
 .UNSPECIFIED., .F., .F., .F. ) 
 B_SPLINE_SURFACE_WITH_KNOTS ( ( 3, 3 ),
 ( 4, 2, 2, 2, 4 ),
 ( 0.0000000000000000000, 1.000000000000000000 ),
 ( 1.647758096387820400, 1.789445375148725600, 2.356194490192345700, 2.922943605235965400, 3.064630883996870600 ),
 .UNSPECIFIED. ) 
 GEOMETRIC_REPRESENTATION_ITEM ( )  RATIONAL_B_SPLINE_SURFACE ( (
 ( 1.000000000000000000, 1.000000000000000000, 1.000000000000000000, 1.000000000000000000, 1.000000000000000000, 1.000000000000000000, 1.000000000000000000, 1.000000000000000000, 1.000000000000000000, 1.000000000000000000),
 ( 0.6336872742246432200, 0.6336395313409235500, 0.6338128698948525300, 0.6424637614944160900, 0.6818759437540064000, 0.7112189170365598200, 0.7071067811865476800, 0.7071067811865476800, 0.7071067811865477900, 0.7071067811865477900),
 ( 1.000000000000000000, 1.000000000000000000, 1.000000000000000000, 1.000000000000000000, 1.000000000000000000, 1.000000000000000000, 1.000000000000000000, 1.000000000000000000, 1.000000000000000000, 1.000000000000000000) ) ) 
 REPRESENTATION_ITEM ( '' )  SURFACE ( )  );
#4161 = SURFACE_SIDE_STYLE ('',( #5723 ) ) ;
#4162 = STYLED_ITEM ( 'NONE', ( #2477 ), #769 ) ;
#4163 = CARTESIAN_POINT ( 'NONE',  ( 2.796630123043586800, 2.431371325227917900, 0.2899999999999992600 ) ) ;
#4164 = EDGE_CURVE ( 'NONE', #2764, #772, #4300, .T. ) ;
#4165 = ORIENTED_EDGE ( 'NONE', *, *, #3497, .T. ) ;
#4166 =( NAMED_UNIT ( * ) SI_UNIT ( $, .STERADIAN. ) SOLID_ANGLE_UNIT ( ) );
#4167 = DIRECTION ( 'NONE',  ( -0.0000000000000000000, 1.000000000000000000, 0.0000000000000000000 ) ) ;
#4168 = PLANE ( 'NONE',  #6312 ) ;
#4169 = EDGE_CURVE ( 'NONE', #6530, #2598, #7019, .T. ) ;
#4170 = CARTESIAN_POINT ( 'NONE',  ( 0.4200624981287628400, 0.0000000000000000000, 0.0000000000000000000 ) ) ;
#4171 = VECTOR ( 'NONE', #504, 1000.000000000000000 ) ;
#4172 = B_SPLINE_CURVE_WITH_KNOTS ( 'NONE', 3,
 ( #3314, #604, #4953, #1709, #5493, #2235 ),
 .UNSPECIFIED., .F., .F.,
 ( 4, 2, 4 ),
 ( 0.0000000000000000000, 0.5000000000000000000, 1.000000000000000000 ),
 .UNSPECIFIED. ) ;
#4173 =( NAMED_UNIT ( * ) PLANE_ANGLE_UNIT ( ) SI_UNIT ( $, .RADIAN. ) );
#4174 =( NAMED_UNIT ( * ) PLANE_ANGLE_UNIT ( ) SI_UNIT ( $, .RADIAN. ) );
#4175 = ORIENTED_EDGE ( 'NONE', *, *, #6831, .F. ) ;
#4176 = CARTESIAN_POINT ( 'NONE',  ( 1.119723590466932000, 0.9199523185698690300, 0.1700000000000000100 ) ) ;
#4177 = CARTESIAN_POINT ( 'NONE',  ( 3.200000000000000200, 2.079959576973093000, 0.1700000000000000100 ) ) ;
#4178 = STYLED_ITEM ( 'NONE', ( #3625 ), #6582 ) ;
#4179 = DIRECTION ( 'NONE',  ( 0.0000000000000000000, -0.0000000000000000000, -1.000000000000000000 ) ) ;
#4180 = AXIS2_PLACEMENT_3D ( 'NONE', #5318, #2055, #5883 ) ;
#4181 = PLANE ( 'NONE',  #3821 ) ;
#4182 = VECTOR ( 'NONE', #261, 1000.000000000000000 ) ;
#4183 = CLOSED_SHELL ( 'NONE', ( #3854, #626, #2314, #4440, #2713, #2105, #4124, #6722, #6653, #2218, #2669, #3339, #3312 ) ) ;
#4184 = FACE_OUTER_BOUND ( 'NONE', #4224, .T. ) ;
#4185 = PRESENTATION_LAYER_ASSIGNMENT (  '', '', ( #3472 ) ) ;
#4186 = CARTESIAN_POINT ( 'NONE',  ( 3.175000000000043800, 2.102737965002539100, 0.2899999999999999800 ) ) ;
#4187 = VECTOR ( 'NONE', #4291, 1000.000000000000000 ) ;
#4188 = FILL_AREA_STYLE_COLOUR ( '', #6475 ) ;
#4189 = DIRECTION ( 'NONE',  ( 1.000000000000000000, 0.0000000000000000000, -0.0000000000000000000 ) ) ;
#4190 = DIRECTION ( 'NONE',  ( 0.0000000000000000000, 0.0000000000000000000, -1.000000000000000000 ) ) ;
#4191 = DIRECTION ( 'NONE',  ( 0.0000000000000000000, 0.0000000000000000000, 1.000000000000000000 ) ) ;
#4192 = DIRECTION ( 'NONE',  ( 0.0000000000000000000, 0.0000000000000000000, 1.000000000000000000 ) ) ;
#4193 = VECTOR ( 'NONE', #2030, 1000.000000000000000 ) ;
#4194 = VECTOR ( 'NONE', #1075, 1000.000000000000000 ) ;
#4195 = CARTESIAN_POINT ( 'NONE',  ( 0.3999999999999999700, 2.350000000000001000, 0.5400000000000001500 ) ) ;
#4196 =( GEOMETRIC_REPRESENTATION_CONTEXT ( 3 ) GLOBAL_UNCERTAINTY_ASSIGNED_CONTEXT ( ( #2096 ) ) GLOBAL_UNIT_ASSIGNED_CONTEXT ( ( #5073, #2329, #718 ) ) REPRESENTATION_CONTEXT ( 'NONE', 'WORKASPACE' ) );
#4197 = EDGE_CURVE ( 'NONE', #6656, #760, #5568, .T. ) ;
#4198 = DIRECTION ( 'NONE',  ( 1.000000000000000000, -0.0000000000000000000, -0.0000000000000000000 ) ) ;
#4199 = SURFACE_STYLE_USAGE ( .BOTH. , #395 ) ;
#4200 = VECTOR ( 'NONE', #4424, 1000.000000000000000 ) ;
#4201 = SURFACE_SIDE_STYLE ('',( #7040 ) ) ;
#4202 = CARTESIAN_POINT ( 'NONE',  ( 0.4000000000000000800, 0.1000000000000000100, 0.3649999999999999900 ) ) ;
#4203 = VECTOR ( 'NONE', #1161, 1000.000000000000000 ) ;
#4204 = SURFACE_STYLE_FILL_AREA ( #6850 ) ;
#4205 = ORIENTED_EDGE ( 'NONE', *, *, #2450, .F. ) ;
#4206 = EDGE_LOOP ( 'NONE', ( #1416, #3656, #1253, #6176 ) ) ;
#4207 = EDGE_CURVE ( 'NONE', #5255, #3050, #5749, .T. ) ;
#4208 = FACE_OUTER_BOUND ( 'NONE', #6818, .T. ) ;
#4209 = CARTESIAN_POINT ( 'NONE',  ( 0.09999999999999757700, 2.099740627478671900, 0.3525820866397688100 ) ) ;
#4210 = COLOUR_RGB ( '',0.6470588235294118000, 0.6196078431372549200, 0.5843137254901961100 ) ;
#4211 =( NAMED_UNIT ( * ) SI_UNIT ( $, .STERADIAN. ) SOLID_ANGLE_UNIT ( ) );
#4212 = VECTOR ( 'NONE', #6678, 1000.000000000000000 ) ;
#4213 =( LENGTH_UNIT ( ) NAMED_UNIT ( * ) SI_UNIT ( .MILLI., .METRE. ) );
#4214 = FILL_AREA_STYLE ('',( #6920 ) ) ;
#4215 = EDGE_LOOP ( 'NONE', ( #6740, #6629, #47, #4038 ) ) ;
#4216 = ORIENTED_EDGE ( 'NONE', *, *, #2840, .T. ) ;
#4217 = DIRECTION ( 'NONE',  ( -1.000000000000000000, 0.0000000000000000000, 0.0000000000000000000 ) ) ;
#4218 = UNCERTAINTY_MEASURE_WITH_UNIT (LENGTH_MEASURE( 1.000000000000000100E-005 ), #5546, 'distance_accuracy_value', 'NONE');
#4219 = AXIS2_PLACEMENT_3D ( 'NONE', #4918, #1664, #5460 ) ;
#4220 = LINE ( 'NONE', #6809, #1325 ) ;
#4221 = DIRECTION ( 'NONE',  ( 0.0000000000000000000, 0.0000000000000000000, -1.000000000000000000 ) ) ;
#4222 = CARTESIAN_POINT ( 'NONE',  ( 0.3022475213184929700, 0.1388617100890808000, 0.4999999999999994400 ) ) ;
#4223 = ORIENTED_EDGE ( 'NONE', *, *, #4668, .F. ) ;
#4224 = EDGE_LOOP ( 'NONE', ( #1106, #4921, #2873, #909 ) ) ;
#4225 = PRESENTATION_LAYER_ASSIGNMENT (  '', '', ( #3855 ) ) ;
#4226 = PLANE ( 'NONE',  #5894 ) ;
#4227 = STYLED_ITEM ( 'NONE', ( #2767 ), #2314 ) ;
#4228 = CARTESIAN_POINT ( 'NONE',  ( 0.1299999999999999800, 2.100000000000000100, 0.5000000000000000000 ) ) ;
#4229 = COLOUR_RGB ( '',0.8274509803921568100, 0.6666666666666666300, 0.1294117647058823400 ) ;
#4230 =( LENGTH_UNIT ( ) NAMED_UNIT ( * ) SI_UNIT ( .MILLI., .METRE. ) );
#4231 = CARTESIAN_POINT ( 'NONE',  ( 3.131371325227919400, 0.4033698769564197400, 0.2899999999999999800 ) ) ;
#4232 = ORIENTED_EDGE ( 'NONE', *, *, #788, .F. ) ;
#4233 = EDGE_LOOP ( 'NONE', ( #2082, #6798, #3142, #6789 ) ) ;
#4234 = SURFACE_SIDE_STYLE ('',( #6081 ) ) ;
#4235 = PRESENTATION_LAYER_ASSIGNMENT (  '', '', ( #3512 ) ) ;
#4236 = CYLINDRICAL_SURFACE ( 'NONE', #5040, 0.2000000000000001800 ) ;
#4237 = VECTOR ( 'NONE', #6984, 1000.000000000000000 ) ;
#4238 = PRESENTATION_LAYER_ASSIGNMENT (  '', '', ( #3519 ) ) ;
#4239 =( LENGTH_UNIT ( ) NAMED_UNIT ( * ) SI_UNIT ( .MILLI., .METRE. ) );
#4240 = ORIENTED_EDGE ( 'NONE', *, *, #3087, .T. ) ;
#4241 = CARTESIAN_POINT ( 'NONE',  ( 0.2942209357623298800, 0.1201574421873896500, 0.4800000000000000900 ) ) ;
#4242 = CARTESIAN_POINT ( 'NONE',  ( 2.899999999999999900, 2.500000000000000000, 0.1700000000000000100 ) ) ;
#4243 = CARTESIAN_POINT ( 'NONE',  ( 0.4000000000000001300, 0.1500000000000000200, 0.5400000000000001500 ) ) ;
#4244 = FACE_OUTER_BOUND ( 'NONE', #5146, .T. ) ;
#4245 = EDGE_CURVE ( 'NONE', #688, #1424, #2667, .T. ) ;
#4246 = FILL_AREA_STYLE_COLOUR ( '', #6001 ) ;
#4247 = CARTESIAN_POINT ( 'NONE',  ( 0.3999999999999999700, 0.09999999999999993600, 0.4999999999999997800 ) ) ;
#4248 = PRESENTATION_LAYER_ASSIGNMENT (  '', '', ( #3526 ) ) ;
#4249 =( NAMED_UNIT ( * ) PLANE_ANGLE_UNIT ( ) SI_UNIT ( $, .RADIAN. ) );
#4250 = VERTEX_POINT ( 'NONE', #2696 ) ;
#4251 = ORIENTED_EDGE ( 'NONE', *, *, #1257, .T. ) ;
#4252 =( NAMED_UNIT ( * ) SI_UNIT ( $, .STERADIAN. ) SOLID_ANGLE_UNIT ( ) );
#4253 = ADVANCED_FACE ( 'NONE', ( #1069 ), #4715, .F. ) ;
#4254 =( GEOMETRIC_REPRESENTATION_CONTEXT ( 3 ) GLOBAL_UNCERTAINTY_ASSIGNED_CONTEXT ( ( #1657 ) ) GLOBAL_UNIT_ASSIGNED_CONTEXT ( ( #702, #4513, #1250 ) ) REPRESENTATION_CONTEXT ( 'NONE', 'WORKASPACE' ) );
#4255 = FILL_AREA_STYLE ('',( #5283 ) ) ;
#4256 = CARTESIAN_POINT ( 'NONE',  ( 0.2000000000000000100, 1.974914702507331800E-017, 0.1700000000000000100 ) ) ;
#4257 = DIRECTION ( 'NONE',  ( 0.0000000000000000000, -1.000000000000000000, 0.0000000000000000000 ) ) ;
#4258 = EDGE_CURVE ( 'NONE', #5265, #405, #3447, .T. ) ;
#4259 = B_SPLINE_CURVE_WITH_KNOTS ( 'NONE', 3,
 ( #93, #1723, #1193, #4995, #1740, #5532 ),
 .UNSPECIFIED., .F., .F.,
 ( 4, 2, 4 ),
 ( 0.0000000000000000000, 0.5000000000000000000, 1.000000000000000000 ),
 .UNSPECIFIED. ) ;
#4260 = EDGE_CURVE ( 'NONE', #6225, #992, #1983, .T. ) ;
#4261 = FILL_AREA_STYLE_COLOUR ( '', #1819 ) ;
#4262 = VECTOR ( 'NONE', #4449, 1000.000000000000000 ) ;
#4263 =( LENGTH_UNIT ( ) NAMED_UNIT ( * ) SI_UNIT ( .MILLI., .METRE. ) );
#4264 =( NAMED_UNIT ( * ) PLANE_ANGLE_UNIT ( ) SI_UNIT ( $, .RADIAN. ) );
#4265 = DIRECTION ( 'NONE',  ( 0.0000000000000000000, 0.0000000000000000000, 1.000000000000000000 ) ) ;
#4266 =( NAMED_UNIT ( * ) PLANE_ANGLE_UNIT ( ) SI_UNIT ( $, .RADIAN. ) );
#4267 = EDGE_LOOP ( 'NONE', ( #2690, #230, #162, #4399, #1098, #2508, #4557, #1870, #2338, #784, #4728 ) ) ;
#4268 = SURFACE_SIDE_STYLE ('',( #5844 ) ) ;
#4269 = CARTESIAN_POINT ( 'NONE',  ( 3.000000000000000000, 2.500000000000000400, 0.2899999999999999800 ) ) ;
#4270 = VECTOR ( 'NONE', #3075, 1000.000000000000000 ) ;
#4271 = CARTESIAN_POINT ( 'NONE',  ( 3.099999999999999200, 2.099740570137374800, 0.3525829339566974300 ) ) ;
#4272 = ORIENTED_EDGE ( 'NONE', *, *, #4400, .T. ) ;
#4273 = PLANE ( 'NONE',  #2387 ) ;
#4274 = CARTESIAN_POINT ( 'NONE',  ( 2.609264482820521800, 1.923971919735854000, 0.6000000000000000900 ) ) ;
#4275 = STYLED_ITEM ( 'NONE', ( #6839 ), #4776 ) ;
#4276 = COLOUR_RGB ( '',0.01176470588235294100, 0.0000000000000000000, 0.05882352941176470500 ) ;
#4277 = VECTOR ( 'NONE', #5605, 1000.000000000000000 ) ;
#4278 = CARTESIAN_POINT ( 'NONE',  ( 2.940951894353558000, 2.342389143786246300, 0.5000000000000000000 ) ) ;
#4279 = MECHANICAL_DESIGN_GEOMETRIC_PRESENTATION_REPRESENTATION (  '', ( #3199 ), #4646 ) ;
#4280 = AXIS2_PLACEMENT_3D ( 'NONE', #2301, #6121, #2855 ) ;
#4281 = VECTOR ( 'NONE', #73, 1000.000000000000000 ) ;
#4282 = EDGE_CURVE ( 'NONE', #3225, #2891, #843, .T. ) ;
#4283 = PLANE ( 'NONE',  #2228 ) ;
#4284 = MECHANICAL_DESIGN_GEOMETRIC_PRESENTATION_REPRESENTATION (  '', ( #3207 ), #4658 ) ;
#4285 = ADVANCED_FACE ( 'NONE', ( #3294 ), #5482, .F. ) ;
#4286 = CARTESIAN_POINT ( 'NONE',  ( 2.080276409533067900, 0.09986109713243988800, 0.0000000000000000000 ) ) ;
#4287 = CARTESIAN_POINT ( 'NONE',  ( 0.1000000000000000900, 2.100000000000000500, 0.4800000000000000400 ) ) ;
#4288 = DIRECTION ( 'NONE',  ( 0.0000000000000000000, 0.0000000000000000000, 1.000000000000000000 ) ) ;
#4289 = CARTESIAN_POINT ( 'NONE',  ( 0.1101522168003146300, 2.267478750149281000, 0.3649999999999999900 ) ) ;
#4290 = COLOUR_RGB ( '',0.01176470588235294100, 0.0000000000000000000, 0.05882352941176470500 ) ;
#4291 = DIRECTION ( 'NONE',  ( -0.0000000000000000000, -1.000000000000000000, -0.0000000000000000000 ) ) ;
#4292 = COLOUR_RGB ( '',0.01176470588235294100, 0.0000000000000000000, 0.05882352941176470500 ) ;
#4293 =( NAMED_UNIT ( * ) SI_UNIT ( $, .STERADIAN. ) SOLID_ANGLE_UNIT ( ) );
#4294 = FILL_AREA_STYLE ('',( #1021 ) ) ;
#4295 = CARTESIAN_POINT ( 'NONE',  ( 0.4200624981287629000, 0.09986109713243987400, 0.0000000000000000000 ) ) ;
#4296 =( GEOMETRIC_REPRESENTATION_CONTEXT ( 3 ) GLOBAL_UNCERTAINTY_ASSIGNED_CONTEXT ( ( #1684 ) ) GLOBAL_UNIT_ASSIGNED_CONTEXT ( ( #6375, #2558, #5840 ) ) REPRESENTATION_CONTEXT ( 'NONE', 'WORKASPACE' ) );
#4297 = LINE ( 'NONE', #3194, #1579 ) ;
#4298 = EDGE_CURVE ( 'NONE', #7024, #5499, #6926, .T. ) ;
#4299 = CARTESIAN_POINT ( 'NONE',  ( 0.1199999999999998800, 0.5133333333333319800, 0.5000000000000003300 ) ) ;
#4300 = LINE ( 'NONE', #1595, #122 ) ;
#4301 = LINE ( 'NONE', #2944, #1404 ) ;
#4302 = ORIENTED_EDGE ( 'NONE', *, *, #2457, .T. ) ;
#4303 = ORIENTED_EDGE ( 'NONE', *, *, #2803, .T. ) ;
#4304 = CARTESIAN_POINT ( 'NONE',  ( 3.169999999999999900, 0.2999999999999999900, 0.0000000000000000000 ) ) ;
#4305 = LINE ( 'NONE', #3383, #7027 ) ;
#4306 = PRESENTATION_STYLE_ASSIGNMENT (( #4343 ) ) ;
#4307 = EDGE_LOOP ( 'NONE', ( #3999, #4726, #1017, #5874 ) ) ;
#4308 = ORIENTED_EDGE ( 'NONE', *, *, #3702, .T. ) ;
#4309 = ORIENTED_EDGE ( 'NONE', *, *, #5619, .F. ) ;
#4310 = EDGE_CURVE ( 'NONE', #6530, #6695, #2761, .T. ) ;
#4311 = EDGE_LOOP ( 'NONE', ( #2584, #4808, #4750, #661, #3316, #4303, #5932, #5254, #391, #669, #1204 ) ) ;
#4312 = SURFACE_STYLE_USAGE ( .BOTH. , #500 ) ;
#4313 = LINE ( 'NONE', #5825, #2869 ) ;
#4314 = UNCERTAINTY_MEASURE_WITH_UNIT (LENGTH_MEASURE( 1.000000000000000100E-005 ), #7011, 'distance_accuracy_value', 'NONE');
#4315 = FACE_OUTER_BOUND ( 'NONE', #780, .T. ) ;
#4316 = CARTESIAN_POINT ( 'NONE',  ( 0.2589736982741033300, 0.1569239867905574700, 0.5000000000000000000 ) ) ;
#4317 = ORIENTED_EDGE ( 'NONE', *, *, #974, .T. ) ;
#4318 = CARTESIAN_POINT ( 'NONE',  ( 2.080276409533067900, 0.02999999999999997100, 0.1700000000000000100 ) ) ;
#4319 = VERTEX_POINT ( 'NONE', #1716 ) ;
#4320 = VERTEX_POINT ( 'NONE', #4961 ) ;
#4321 = AXIS2_PLACEMENT_3D ( 'NONE', #4606, #1344, #5138 ) ;
#4322 = VECTOR ( 'NONE', #2890, 1000.000000000000000 ) ;
#4323 = SURFACE_SIDE_STYLE ('',( #2745 ) ) ;
#4324 = CARTESIAN_POINT ( 'NONE',  ( 1.119723590466932000, 0.9199523185698690300, 0.1700000000000000100 ) ) ;
#4325 = DIRECTION ( 'NONE',  ( 1.000000000000000000, 0.0000000000000000000, 0.0000000000000000000 ) ) ;
#4326 = PRESENTATION_LAYER_ASSIGNMENT (  '', '', ( #4683 ) ) ;
#4327 = CARTESIAN_POINT ( 'NONE',  ( 0.1000000000000000100, 1.986666666666667000, 0.4800000000000000900 ) ) ;
#4328 = AXIS2_PLACEMENT_3D ( 'NONE', #1784, #5574, #2312 ) ;
#4329 = ORIENTED_EDGE ( 'NONE', *, *, #6428, .T. ) ;
#4330 = VECTOR ( 'NONE', #3241, 1000.000000000000000 ) ;
#4331 = ADVANCED_FACE ( 'NONE', ( #1311 ), #63, .F. ) ;
#4332 = DIRECTION ( 'NONE',  ( -0.0000000000000000000, -1.000000000000000000, -0.0000000000000000000 ) ) ;
#4333 = VECTOR ( 'NONE', #2617, 1000.000000000000000 ) ;
#4334 = DIRECTION ( 'NONE',  ( 0.0000000000000000000, 1.000000000000000000, 0.0000000000000000000 ) ) ;
#4335 = DIRECTION ( 'NONE',  ( -1.000000000000000000, -3.053757688596834300E-016, 0.0000000000000000000 ) ) ;
#4336 = PRESENTATION_LAYER_ASSIGNMENT (  '', '', ( #3958 ) ) ;
#4337 = ORIENTED_EDGE ( 'NONE', *, *, #6127, .T. ) ;
#4338 = PRESENTATION_LAYER_ASSIGNMENT (  '', '', ( #3962 ) ) ;
#4339 = DIRECTION ( 'NONE',  ( -0.0000000000000000000, -1.000000000000000000, 0.0000000000000000000 ) ) ;
#4340 =( NAMED_UNIT ( * ) SI_UNIT ( $, .STERADIAN. ) SOLID_ANGLE_UNIT ( ) );
#4341 = CARTESIAN_POINT ( 'NONE',  ( 2.800000000000000300, 0.1299999999999998900, 0.5200000000000000200 ) ) ;
#4342 = SURFACE_SIDE_STYLE ('',( #4355 ) ) ;
#4343 = SURFACE_STYLE_USAGE ( .BOTH. , #527 ) ;
#4344 = STYLED_ITEM ( 'NONE', ( #6612 ), #153 ) ;
#4345 = EDGE_CURVE ( 'NONE', #3978, #6014, #1151, .T. ) ;
#4346 = ORIENTED_EDGE ( 'NONE', *, *, #1243, .F. ) ;
#4347 = CARTESIAN_POINT ( 'NONE',  ( 2.720000000000005100, 0.1199999999999998800, 0.5000000000000000000 ) ) ;
#4348 = CARTESIAN_POINT ( 'NONE',  ( 3.200000000000000200, 2.079959576973093000, 0.1700000000000000100 ) ) ;
#4349 = SURFACE_STYLE_USAGE ( .BOTH. , #531 ) ;
#4350 = AXIS2_PLACEMENT_3D ( 'NONE', #121, #3928, #677 ) ;
#4351 = CARTESIAN_POINT ( 'NONE',  ( 0.4200624981287628400, 0.02999999999999997100, 0.1700000000000000100 ) ) ;
#4352 = DIRECTION ( 'NONE',  ( -0.0000000000000000000, -0.0000000000000000000, -1.000000000000000000 ) ) ;
#4353 = ORIENTED_EDGE ( 'NONE', *, *, #5906, .F. ) ;
#4354 = CARTESIAN_POINT ( 'NONE',  ( 2.990000000000000700, 0.4000000000000001900, 0.6000000000000002000 ) ) ;
#4355 = SURFACE_STYLE_FILL_AREA ( #526 ) ;
#4356 = DIRECTION ( 'NONE',  ( -1.000000000000000000, 0.0000000000000000000, -0.0000000000000000000 ) ) ;
#4357 = EDGE_CURVE ( 'NONE', #3213, #5255, #2569, .T. ) ;
#4358 = CARTESIAN_POINT ( 'NONE',  ( 0.4000000000000009100, 2.100000000000000100, 0.5200000000000000200 ) ) ;
#4359 = CYLINDRICAL_SURFACE ( 'NONE', #3367, 0.05999999999999999800 ) ;
#4360 = ORIENTED_EDGE ( 'NONE', *, *, #3401, .F. ) ;
#4361 = SURFACE_STYLE_FILL_AREA ( #4150 ) ;
#4362 = DIRECTION ( 'NONE',  ( 1.000000000000000000, -0.0000000000000000000, 0.0000000000000000000 ) ) ;
#4363 = PRESENTATION_LAYER_ASSIGNMENT (  '', '', ( #3616 ) ) ;
#4364 = PLANE ( 'NONE',  #4860 ) ;
#4365 = FACE_OUTER_BOUND ( 'NONE', #640, .T. ) ;
#4366 = ADVANCED_FACE ( 'NONE', ( #5299 ), #1734, .T. ) ;
#4367 = DIRECTION ( 'NONE',  ( 0.0000000000000000000, 0.0000000000000000000, -1.000000000000000000 ) ) ;
#4368 = PRESENTATION_LAYER_ASSIGNMENT (  '', '', ( #3622 ) ) ;
#4369 = AXIS2_PLACEMENT_3D ( 'NONE', #839, #4639, #1372 ) ;
#4370 = CARTESIAN_POINT ( 'NONE',  ( 0.4800000000000008700, 0.1000000000000000100, 0.4800000000000000900 ) ) ;
#4371 =( LENGTH_UNIT ( ) NAMED_UNIT ( * ) SI_UNIT ( .MILLI., .METRE. ) );
#4372 = DIRECTION ( 'NONE',  ( -0.0000000000000000000, 1.000000000000000000, 0.0000000000000000000 ) ) ;
#4373 = LINE ( 'NONE', #5917, #23 ) ;
#4374 = CARTESIAN_POINT ( 'NONE',  ( 3.089479047547755800, 0.4010251442141251100, 0.4999720287357097800 ) ) ;
#4375 = DIRECTION ( 'NONE',  ( -0.0000000000000000000, 1.000000000000000000, 0.0000000000000000000 ) ) ;
#4376 = STYLED_ITEM ( 'NONE', ( #2685 ), #5003 ) ;
#4377 = CARTESIAN_POINT ( 'NONE',  ( 0.0000000000000000000, 2.079959576973093000, 0.1700000000000000100 ) ) ;
#4378 = PRODUCT_DEFINITION ( 'UNKNOWN', '', #4734, #5361 ) ;
#4379 = SURFACE_STYLE_USAGE ( .BOTH. , #572 ) ;
#4380 = STYLED_ITEM ( 'NONE', ( #5982 ), #3347 ) ;
#4381 = SURFACE_STYLE_USAGE ( .BOTH. , #576 ) ;
#4382 = VECTOR ( 'NONE', #6041, 1000.000000000000100 ) ;
#4383 = UNCERTAINTY_MEASURE_WITH_UNIT (LENGTH_MEASURE( 1.000000000000000100E-005 ), #2297, 'distance_accuracy_value', 'NONE');
#4384 = EDGE_CURVE ( 'NONE', #3296, #688, #462, .T. ) ;
#4385 = PRESENTATION_STYLE_ASSIGNMENT (( #5202 ) ) ;
#4386 = CARTESIAN_POINT ( 'NONE',  ( 3.100009241445716300, 0.9199523185698689200, 0.0000000000000000000 ) ) ;
#4387 = CARTESIAN_POINT ( 'NONE',  ( 0.4000000000000002400, 0.2100000000000000200, 0.5400000000000001500 ) ) ;
#4388 = LINE ( 'NONE', #4650, #205 ) ;
#4389 = ORIENTED_EDGE ( 'NONE', *, *, #6682, .T. ) ;
#4390 = ORIENTED_EDGE ( 'NONE', *, *, #6983, .F. ) ;
#4391 = PRESENTATION_STYLE_ASSIGNMENT (( #1512 ) ) ;
#4392 = AXIS2_PLACEMENT_3D ( 'NONE', #6318, #5259, #381 ) ;
#4393 = LINE ( 'NONE', #6361, #1491 ) ;
#4394 = FILL_AREA_STYLE ('',( #29 ) ) ;
#4395 = SURFACE_STYLE_FILL_AREA ( #4695 ) ;
#4396 = SURFACE_STYLE_USAGE ( .BOTH. , #588 ) ;
#4397 =( LENGTH_UNIT ( ) NAMED_UNIT ( * ) SI_UNIT ( .MILLI., .METRE. ) );
#4398 = ORIENTED_EDGE ( 'NONE', *, *, #7062, .F. ) ;
#4399 = ORIENTED_EDGE ( 'NONE', *, *, #4675, .T. ) ;
#4400 = EDGE_CURVE ( 'NONE', #5499, #5265, #4798, .T. ) ;
#4401 = FILL_AREA_STYLE ('',( #3837 ) ) ;
#4402 = CARTESIAN_POINT ( 'NONE',  ( 3.100009241445716300, 0.9199523185698690300, 0.1700000000000000100 ) ) ;
#4403 = VECTOR ( 'NONE', #6491, 1000.000000000000000 ) ;
#4404 = PRESENTATION_STYLE_ASSIGNMENT (( #1300 ) ) ;
#4405 = LINE ( 'NONE', #5670, #1503 ) ;
#4406 = COLOUR_RGB ( '',0.6470588235294118000, 0.6196078431372549200, 0.5843137254901961100 ) ;
#4407 = ADVANCED_FACE ( 'NONE', ( #1836 ), #6933, .T. ) ;
#4408 = SURFACE_SIDE_STYLE ('',( #3313 ) ) ;
#4409 = CARTESIAN_POINT ( 'NONE',  ( 0.1499999999999999400, 0.2535533905932746400, 0.5079231107168266100 ) ) ;
#4410 = VERTEX_POINT ( 'NONE', #6130 ) ;
#4411 = ORIENTED_EDGE ( 'NONE', *, *, #3522, .F. ) ;
#4412 =( LENGTH_UNIT ( ) NAMED_UNIT ( * ) SI_UNIT ( .MILLI., .METRE. ) );
#4413 = UNCERTAINTY_MEASURE_WITH_UNIT (LENGTH_MEASURE( 1.000000000000000100E-005 ), #2227, 'distance_accuracy_value', 'NONE');
#4414 = SURFACE_STYLE_FILL_AREA ( #963 ) ;
#4415 = VECTOR ( 'NONE', #3122, 1000.000000000000000 ) ;
#4416 = CARTESIAN_POINT ( 'NONE',  ( 0.4200624981287633400, 2.500000000000000000, 0.0000000000000000000 ) ) ;
#4417 = ORIENTED_EDGE ( 'NONE', *, *, #2787, .F. ) ;
#4418 = ORIENTED_EDGE ( 'NONE', *, *, #1378, .F. ) ;
#4419 = SURFACE_STYLE_USAGE ( .BOTH. , #602 ) ;
#4420 = FILL_AREA_STYLE_COLOUR ( '', #1676 ) ;
#4421 = COLOUR_RGB ( '',0.01176470588235294100, 0.0000000000000000000, 0.05882352941176470500 ) ;
#4422 = ORIENTED_EDGE ( 'NONE', *, *, #736, .T. ) ;
#4423 = CARTESIAN_POINT ( 'NONE',  ( 0.09999075855428361800, 1.580047681430131000, 0.0000000000000000000 ) ) ;
#4424 = DIRECTION ( 'NONE',  ( -0.0000000000000000000, -1.000000000000000000, 0.0000000000000000000 ) ) ;
#4425 = DIRECTION ( 'NONE',  ( -1.000000000000000000, -3.552713678800500900E-015, 0.0000000000000000000 ) ) ;
#4426 = MECHANICAL_DESIGN_GEOMETRIC_PRESENTATION_REPRESENTATION (  '', ( #3335 ), #4772 ) ;
#4427 = CARTESIAN_POINT ( 'NONE',  ( 2.779937501871236900, 0.09986109713243988800, 0.1700000000000000100 ) ) ;
#4428 = CARTESIAN_POINT ( 'NONE',  ( 0.3984340691146957500, 2.448148320627149900, 0.2899999999999998100 ) ) ;
#4429 = AXIS2_PLACEMENT_3D ( 'NONE', #547, #4362, #1108 ) ;
#4430 = SURFACE_SIDE_STYLE ('',( #5495 ) ) ;
#4431 = CARTESIAN_POINT ( 'NONE',  ( 0.1200314940056250700, 2.099997406543893300, 0.5000000000000000000 ) ) ;
#4432 = SURFACE_SIDE_STYLE ('',( #5735 ) ) ;
#4433 = EDGE_CURVE ( 'NONE', #2498, #6101, #2772, .T. ) ;
#4434 = ORIENTED_EDGE ( 'NONE', *, *, #165, .T. ) ;
#4435 = CARTESIAN_POINT ( 'NONE',  ( 2.609264482820521800, 1.923971919735854000, 0.6100000000000001000 ) ) ;
#4436 = EDGE_LOOP ( 'NONE', ( #3153, #1459, #6571, #20 ) ) ;
#4437 = FILL_AREA_STYLE ('',( #3875 ) ) ;
#4438 = ORIENTED_EDGE ( 'NONE', *, *, #4357, .F. ) ;
#4439 = DIRECTION ( 'NONE',  ( -1.000000000000000000, -0.0000000000000000000, 0.0000000000000000000 ) ) ;
#4440 = ADVANCED_FACE ( 'NONE', ( #1321 ), #3953, .F. ) ;
#4441 = LINE ( 'NONE', #4377, #1541 ) ;
#4442 = MECHANICAL_DESIGN_GEOMETRIC_PRESENTATION_REPRESENTATION (  '', ( #3688 ), #4790 ) ;
#4443 = EDGE_CURVE ( 'NONE', #3925, #3461, #3538, .T. ) ;
#4444 = FILL_AREA_STYLE ('',( #3885 ) ) ;
#4445 = ORIENTED_EDGE ( 'NONE', *, *, #6389, .F. ) ;
#4446 = CYLINDRICAL_SURFACE ( 'NONE', #4392, 0.2000000000000005100 ) ;
#4447 = SURFACE_SIDE_STYLE ('',( #5295 ) ) ;
#4448 =( BOUNDED_SURFACE ( )  B_SPLINE_SURFACE ( 3, 3, ( 
 ( #3394, #6125, #2860, #6672 ),
 ( #3412, #151, #3946, #692 ),
 ( #4507, #1237, #5038, #1794 ),
 ( #5596, #2326, #6139, #2892 ) ),
 .UNSPECIFIED., .F., .F., .F. ) 
 B_SPLINE_SURFACE_WITH_KNOTS ( ( 4, 4 ),
 ( 4, 4 ),
 ( 0.0000000000000000000, 1.000000000000000000 ),
 ( 0.0000000000000000000, 1.000000000000000000 ),
 .UNSPECIFIED. ) 
 GEOMETRIC_REPRESENTATION_ITEM ( )  RATIONAL_B_SPLINE_SURFACE ( (
 ( 1.000000000000000000, 0.8325095390991906800, 0.8325095390991906800, 1.000000000000000000),
 ( 0.8047378541243649400, 0.6699519400327468300, 0.6699519400327468300, 0.8047378541243649400),
 ( 0.8047378541243649400, 0.6699519400327468300, 0.6699519400327468300, 0.8047378541243649400),
 ( 1.000000000000000000, 0.8325095390991906800, 0.8325095390991906800, 1.000000000000000000) ) ) 
 REPRESENTATION_ITEM ( '' )  SURFACE ( )  );
#4449 = DIRECTION ( 'NONE',  ( 1.000000000000000000, 0.0000000000000000000, 0.0000000000000000000 ) ) ;
#4450 = ORIENTED_EDGE ( 'NONE', *, *, #5443, .T. ) ;
#4451 = DIRECTION ( 'NONE',  ( -0.0000000000000000000, -0.0000000000000000000, 1.000000000000000000 ) ) ;
#4452 = EDGE_CURVE ( 'NONE', #3967, #2008, #813, .T. ) ;
#4453 = CARTESIAN_POINT ( 'NONE',  ( 2.951544162607211400, 2.358702067636008900, 0.4995501335457741600 ) ) ;
#4454 = SURFACE_STYLE_FILL_AREA ( #1817 ) ;
#4455 = CARTESIAN_POINT ( 'NONE',  ( 2.389931833186331700, 1.580047681430130700, 0.1700000000000000100 ) ) ;
#4456 = STYLED_ITEM ( 'NONE', ( #4043 ), #4440 ) ;
#4457 =( NAMED_UNIT ( * ) PLANE_ANGLE_UNIT ( ) SI_UNIT ( $, .RADIAN. ) );
#4458 = SURFACE_STYLE_FILL_AREA ( #3754 ) ;
#4459 = AXIS2_PLACEMENT_3D ( 'NONE', #5438, #2179, #5997 ) ;
#4460 = PRESENTATION_STYLE_ASSIGNMENT (( #6129 ) ) ;
#4461 = DIRECTION ( 'NONE',  ( -0.0000000000000000000, 0.0000000000000000000, -1.000000000000000000 ) ) ;
#4462 = PLANE ( 'NONE',  #5222 ) ;
#4463 = DIRECTION ( 'NONE',  ( -1.000000000000000000, 0.0000000000000000000, -0.0000000000000000000 ) ) ;
#4464 = PLANE ( 'NONE',  #3172 ) ;
#4465 = CARTESIAN_POINT ( 'NONE',  ( 2.080276409533067900, 0.02999999999999997100, 0.1700000000000000100 ) ) ;
#4466 =( GEOMETRIC_REPRESENTATION_CONTEXT ( 3 ) GLOBAL_UNCERTAINTY_ASSIGNED_CONTEXT ( ( #5707 ) ) GLOBAL_UNIT_ASSIGNED_CONTEXT ( ( #5017, #1776, #5560 ) ) REPRESENTATION_CONTEXT ( 'NONE', 'WORKASPACE' ) );
#4467 = LINE ( 'NONE', #509, #1578 ) ;
#4468 = ADVANCED_FACE ( 'NONE', ( #4804 ), #1816, .F. ) ;
#4469 =( NAMED_UNIT ( * ) PLANE_ANGLE_UNIT ( ) SI_UNIT ( $, .RADIAN. ) );
#4470 = CARTESIAN_POINT ( 'NONE',  ( 3.100009241445716300, 2.469999999999999800, 0.1700000000000000100 ) ) ;
#4471 = DIRECTION ( 'NONE',  ( 0.0000000000000000000, 1.000000000000000000, 0.0000000000000000000 ) ) ;
#4472 = CIRCLE ( 'NONE', #1545, 0.2000000000000000900 ) ;
#4473 = ORIENTED_EDGE ( 'NONE', *, *, #321, .F. ) ;
#4474 = ORIENTED_EDGE ( 'NONE', *, *, #1611, .F. ) ;
#4475 = EDGE_CURVE ( 'NONE', #688, #6814, #125, .T. ) ;
#4476 = CARTESIAN_POINT ( 'NONE',  ( 0.02500000000000018500, 0.3972620349942541100, 0.2899999999999999800 ) ) ;
#4477 = LINE ( 'NONE', #4431, #298 ) ;
#4478 = DIRECTION ( 'NONE',  ( 0.0000000000000000000, -1.000000000000000000, -0.0000000000000000000 ) ) ;
#4479 = SURFACE_SIDE_STYLE ('',( #5488 ) ) ;
#4480 = VERTEX_POINT ( 'NONE', #6195 ) ;
#4481 = EDGE_LOOP ( 'NONE', ( #3553, #4645, #1548, #1532 ) ) ;
#4482 = ORIENTED_EDGE ( 'NONE', *, *, #849, .T. ) ;
#4483 = LINE ( 'NONE', #4834, #308 ) ;
#4484 = FACE_OUTER_BOUND ( 'NONE', #3297, .T. ) ;
#4485 = COLOUR_RGB ( '',0.01176470588235294100, 0.0000000000000000000, 0.05882352941176470500 ) ;
#4486 =( LENGTH_UNIT ( ) NAMED_UNIT ( * ) SI_UNIT ( .MILLI., .METRE. ) );
#4487 = ORIENTED_EDGE ( 'NONE', *, *, #4433, .F. ) ;
#4488 = CARTESIAN_POINT ( 'NONE',  ( 0.4200624981287632800, 2.500000000000000000, 0.2899999999999999800 ) ) ;
#4489 =( NAMED_UNIT ( * ) PLANE_ANGLE_UNIT ( ) SI_UNIT ( $, .RADIAN. ) );
#4490 = ORIENTED_EDGE ( 'NONE', *, *, #429, .T. ) ;
#4491 = ORIENTED_EDGE ( 'NONE', *, *, #4152, .T. ) ;
#4492 = EDGE_CURVE ( 'NONE', #3213, #1420, #4301, .T. ) ;
#4493 = CARTESIAN_POINT ( 'NONE',  ( 3.100000000000000500, 1.703333333333333600, 0.4800000000000000900 ) ) ;
#4494 = CARTESIAN_POINT ( 'NONE',  ( 3.100043885014594800, 2.105512635967591500, 0.5000000000000057700 ) ) ;
#4495 = VECTOR ( 'NONE', #4026, 1000.000000000000000 ) ;
#4496 = CARTESIAN_POINT ( 'NONE',  ( 3.058702067636009000, 2.251544162607211700, 0.4995501335457741600 ) ) ;
#4497 = ORIENTED_EDGE ( 'NONE', *, *, #15, .F. ) ;
#4498 = MECHANICAL_DESIGN_GEOMETRIC_PRESENTATION_REPRESENTATION (  '', ( #3475 ), #4853 ) ;
#4499 = VECTOR ( 'NONE', #483, 1000.000000000000000 ) ;
#4500 = CARTESIAN_POINT ( 'NONE',  ( 0.09999999999998615600, 0.4002593725213290900, 0.3525820866397691400 ) ) ;
#4501 = AXIS2_PLACEMENT_3D ( 'NONE', #668, #4471, #5328 ) ;
#4502 = ORIENTED_EDGE ( 'NONE', *, *, #3268, .F. ) ;
#4503 = DIRECTION ( 'NONE',  ( 1.000000000000000000, -0.0000000000000000000, 0.0000000000000000000 ) ) ;
#4504 = AXIS2_PLACEMENT_3D ( 'NONE', #2343, #6151, #2906 ) ;
#4505 = VERTEX_POINT ( 'NONE', #4028 ) ;
#4506 = EDGE_CURVE ( 'NONE', #1291, #3486, #7022, .T. ) ;
#4507 = CARTESIAN_POINT ( 'NONE',  ( 0.4033698769564219000, 0.06862867477208123300, 0.2899999999999999800 ) ) ;
#4508 = ADVANCED_FACE ( 'NONE', ( #5750 ), #224, .F. ) ;
#4509 = SURFACE_SIDE_STYLE ('',( #278 ) ) ;
#4510 = DIRECTION ( 'NONE',  ( 0.0000000000000000000, 0.0000000000000000000, 1.000000000000000000 ) ) ;
#4511 = FILL_AREA_STYLE ('',( #2309 ) ) ;
#4512 = PRESENTATION_LAYER_ASSIGNMENT (  '', '', ( #3418 ) ) ;
#4513 =( NAMED_UNIT ( * ) PLANE_ANGLE_UNIT ( ) SI_UNIT ( $, .RADIAN. ) );
#4514 = FILL_AREA_STYLE ('',( #6131 ) ) ;
#4515 = ORIENTED_EDGE ( 'NONE', *, *, #1960, .F. ) ;
#4516 = CARTESIAN_POINT ( 'NONE',  ( 3.049025075037838500, 2.261919769664044300, 0.4800000000000000900 ) ) ;
#4517 = EDGE_CURVE ( 'NONE', #3296, #5301, #5052, .T. ) ;
#4518 = ORIENTED_EDGE ( 'NONE', *, *, #1564, .T. ) ;
#4519 = LINE ( 'NONE', #2113, #175 ) ;
#4520 = DIRECTION ( 'NONE',  ( 1.000000000000000000, -0.0000000000000000000, 0.0000000000000000000 ) ) ;
#4521 = FILL_AREA_STYLE_COLOUR ( '', #1883 ) ;
#4522 = AXIS2_PLACEMENT_3D ( 'NONE', #3043, #6830, #3572 ) ;
#4523 =( LENGTH_UNIT ( ) NAMED_UNIT ( * ) SI_UNIT ( .MILLI., .METRE. ) );
#4524 = CARTESIAN_POINT ( 'NONE',  ( 0.3000000000000004900, 2.469999999999999800, 0.1700000000000000100 ) ) ;
#4525 = SURFACE_STYLE_FILL_AREA ( #369 ) ;
#4526 = ORIENTED_EDGE ( 'NONE', *, *, #512, .T. ) ;
#4527 = EDGE_CURVE ( 'NONE', #6183, #6101, #6511, .T. ) ;
#4528 =( BOUNDED_SURFACE ( )  B_SPLINE_SURFACE ( 3, 3, ( 
 ( #2522, #4718, #1469, #5263 ),
 ( #1999, #5817, #2543, #6359 ),
 ( #3112, #6902, #3644, #390 ),
 ( #4195, #940, #4746, #1489 ) ),
 .UNSPECIFIED., .F., .F., .F. ) 
 B_SPLINE_SURFACE_WITH_KNOTS ( ( 4, 4 ),
 ( 4, 4 ),
 ( 0.0000000000000000000, 1.000000000000000000 ),
 ( 0.0000000000000000000, 1.000000000000000000 ),
 .UNSPECIFIED. ) 
 GEOMETRIC_REPRESENTATION_ITEM ( )  RATIONAL_B_SPLINE_SURFACE ( (
 ( 1.000000000000000000, 0.8047378541243662700, 0.8047378541243662700, 1.000000000000000000),
 ( 0.8047378541243649400, 0.6476030138606887500, 0.6476030138606887500, 0.8047378541243649400),
 ( 0.8047378541243649400, 0.6476030138606887500, 0.6476030138606887500, 0.8047378541243649400),
 ( 1.000000000000000000, 0.8047378541243662700, 0.8047378541243662700, 1.000000000000000000) ) ) 
 REPRESENTATION_ITEM ( '' )  SURFACE ( )  );
#4529 = CARTESIAN_POINT ( 'NONE',  ( 0.1578375686366774700, 2.241533494618211300, 0.5000000000000000000 ) ) ;
#4530 = SURFACE_SIDE_STYLE ('',( #6787 ) ) ;
#4531 = VECTOR ( 'NONE', #6196, 1000.000000000000000 ) ;
#4532 = CARTESIAN_POINT ( 'NONE',  ( 0.09999075855428361800, 0.4200404230269067000, 0.1700000000000000100 ) ) ;
#4533 = DIRECTION ( 'NONE',  ( -0.0000000000000000000, -0.0000000000000000000, -1.000000000000000000 ) ) ;
#4534 = CARTESIAN_POINT ( 'NONE',  ( 2.800000000000001200, 2.350000000000000100, 0.5751471862576145200 ) ) ;
#4535 = CARTESIAN_POINT ( 'NONE',  ( 1.119723590466932000, 0.02999999999999997100, 0.1700000000000000100 ) ) ;
#4536 = COLOUR_RGB ( '',0.6470588235294118000, 0.6196078431372549200, 0.5843137254901961100 ) ;
#4537 = ADVANCED_FACE ( 'NONE', ( #4891 ), #3534, .F. ) ;
#4538 = FILL_AREA_STYLE_COLOUR ( '', #1410 ) ;
#4539 = FACE_OUTER_BOUND ( 'NONE', #3964, .T. ) ;
#4540 = LINE ( 'NONE', #3250, #5640 ) ;
#4541 = COLOUR_RGB ( '',0.8274509803921568100, 0.6666666666666666300, 0.1254901960784313700 ) ;
#4542 =( NAMED_UNIT ( * ) SI_UNIT ( $, .STERADIAN. ) SOLID_ANGLE_UNIT ( ) );
#4543 = DIRECTION ( 'NONE',  ( -0.0000000000000000000, -0.0000000000000000000, -1.000000000000000000 ) ) ;
#4544 = DIRECTION ( 'NONE',  ( 0.0000000000000000000, -1.000000000000000000, 0.0000000000000000000 ) ) ;
#4545 = CARTESIAN_POINT ( 'NONE',  ( 2.790126882168023000, 0.09923864358606897300, 0.4999999999999998900 ) ) ;
#4546 = CARTESIAN_POINT ( 'NONE',  ( 0.2100000000000004600, 0.2887005768508883500, 0.6000000000000000900 ) ) ;
#4547 = VECTOR ( 'NONE', #4352, 1000.000000000000000 ) ;
#4548 = PRESENTATION_LAYER_ASSIGNMENT (  '', '', ( #3815 ) ) ;
#4549 = DIRECTION ( 'NONE',  ( -1.000000000000000000, 0.0000000000000000000, -0.0000000000000000000 ) ) ;
#4550 = CARTESIAN_POINT ( 'NONE',  ( 0.4200624981287628400, 0.0000000000000000000, 0.1700000000000000100 ) ) ;
#4551 = CARTESIAN_POINT ( 'NONE',  ( -1.626303258728256700E-016, 2.500000000000000400, 0.2899999999999999800 ) ) ;
#4552 = VERTEX_POINT ( 'NONE', #6235 ) ;
#4553 = EDGE_LOOP ( 'NONE', ( #2509, #6813, #5542, #3794 ) ) ;
#4554 = FACE_OUTER_BOUND ( 'NONE', #4307, .T. ) ;
#4555 = MECHANICAL_DESIGN_GEOMETRIC_PRESENTATION_REPRESENTATION (  '', ( #3472 ), #4927 ) ;
#4556 = CARTESIAN_POINT ( 'NONE',  ( 0.3022475213185060200, 2.361138289910919200, 0.4999999999999996700 ) ) ;
#4557 = ORIENTED_EDGE ( 'NONE', *, *, #1661, .T. ) ;
#4558 = UNCERTAINTY_MEASURE_WITH_UNIT (LENGTH_MEASURE( 1.000000000000000100E-005 ), #6764, 'distance_accuracy_value', 'NONE');
#4559 = ORIENTED_EDGE ( 'NONE', *, *, #1824, .T. ) ;
#4560 = VERTEX_POINT ( 'NONE', #851 ) ;
#4561 = PRESENTATION_STYLE_ASSIGNMENT (( #5979 ) ) ;
#4562 = FACE_OUTER_BOUND ( 'NONE', #4063, .T. ) ;
#4563 = SURFACE_SIDE_STYLE ('',( #1683 ) ) ;
#4564 = VECTOR ( 'NONE', #2611, 1000.000000000000000 ) ;
#4565 = PRESENTATION_STYLE_ASSIGNMENT (( #1143 ) ) ;
#4566 = DIRECTION ( 'NONE',  ( -0.0000000000000000000, -0.0000000000000000000, -1.000000000000000000 ) ) ;
#4567 = EDGE_LOOP ( 'NONE', ( #4487, #5681, #1589, #3328 ) ) ;
#4568 = ORIENTED_EDGE ( 'NONE', *, *, #1791, .T. ) ;
#4569 = STYLED_ITEM ( 'NONE', ( #6116 ), #311 ) ;
#4570 = ORIENTED_EDGE ( 'NONE', *, *, #4527, .F. ) ;
#4571 =( NAMED_UNIT ( * ) PLANE_ANGLE_UNIT ( ) SI_UNIT ( $, .RADIAN. ) );
#4572 = EDGE_CURVE ( 'NONE', #750, #3925, #4388, .T. ) ;
#4573 = CARTESIAN_POINT ( 'NONE',  ( 2.905779064237656000, 0.1201574421873865300, 0.4800000000000000900 ) ) ;
#4574 = CARTESIAN_POINT ( 'NONE',  ( 0.2535533905932739800, 0.1500000000000005500, 0.5400000000000001500 ) ) ;
#4575 = COLOUR_RGB ( '',0.8274509803921568100, 0.6666666666666666300, 0.1294117647058823400 ) ;
#4576 = UNCERTAINTY_MEASURE_WITH_UNIT (LENGTH_MEASURE( 1.000000000000000100E-005 ), #1441, 'distance_accuracy_value', 'NONE');
#4577 = LINE ( 'NONE', #929, #397 ) ;
#4578 = PRESENTATION_LAYER_ASSIGNMENT (  '', '', ( #3835 ) ) ;
#4579 = ORIENTED_EDGE ( 'NONE', *, *, #6389, .T. ) ;
#4580 = EDGE_LOOP ( 'NONE', ( #5628, #6168, #5417, #3841 ) ) ;
#4581 = DIRECTION ( 'NONE',  ( -3.614007241618338900E-015, 1.000000000000000000, 0.0000000000000000000 ) ) ;
#4582 = PLANE ( 'NONE',  #951 ) ;
#4583 = FILL_AREA_STYLE_COLOUR ( '', #5570 ) ;
#4584 =( NAMED_UNIT ( * ) SI_UNIT ( $, .STERADIAN. ) SOLID_ANGLE_UNIT ( ) );
#4585 = CARTESIAN_POINT ( 'NONE',  ( 1.119723590466932000, 1.580047681430130700, 0.1700000000000000100 ) ) ;
#4586 = CARTESIAN_POINT ( 'NONE',  ( 2.946446609406726300, 0.1500000000000004100, 0.5200000000000000200 ) ) ;
#4587 = EDGE_CURVE ( 'NONE', #4680, #1688, #1669, .T. ) ;
#4588 = ORIENTED_EDGE ( 'NONE', *, *, #6723, .T. ) ;
#4589 = ORIENTED_EDGE ( 'NONE', *, *, #6536, .F. ) ;
#4590 = CARTESIAN_POINT ( 'NONE',  ( 2.800000000000000300, 0.1000000000000000100, 0.5000000000000000000 ) ) ;
#4591 = CARTESIAN_POINT ( 'NONE',  ( 0.1162367032982362100, 2.196538129907547300, 0.4999999999999901700 ) ) ;
#4592 = AXIS2_PLACEMENT_3D ( 'NONE', #3272, #6507, #2174 ) ;
#4593 = CARTESIAN_POINT ( 'NONE',  ( 2.800751759970400800, 0.07336723910596391900, 0.3044100536129685200 ) ) ;
#4594 = SURFACE_STYLE_USAGE ( .BOTH. , #785 ) ;
#4595 = DIRECTION ( 'NONE',  ( -0.0000000000000000000, -0.0000000000000000000, -1.000000000000000000 ) ) ;
#4596 = MECHANICAL_DESIGN_GEOMETRIC_PRESENTATION_REPRESENTATION (  '', ( #3855 ), #4956 ) ;
#4597 = CARTESIAN_POINT ( 'NONE',  ( 2.080276409533067900, 1.879883371806615900, 0.0000000000000000000 ) ) ;
#4598 = AXIS2_PLACEMENT_3D ( 'NONE', #5246, #6334, #1472 ) ;
#4599 = VERTEX_POINT ( 'NONE', #6279 ) ;
#4600 = CARTESIAN_POINT ( 'NONE',  ( 3.170000000000000400, 0.0000000000000000000, 0.1700000000000000100 ) ) ;
#4601 = ORIENTED_EDGE ( 'NONE', *, *, #5677, .F. ) ;
#4602 = CARTESIAN_POINT ( 'NONE',  ( 2.639999999999993900, 2.379999999999999900, 0.5000000000000000000 ) ) ;
#4603 = MECHANICAL_DESIGN_GEOMETRIC_PRESENTATION_REPRESENTATION (  '', ( #3512 ), #4965 ) ;
#4604 = ORIENTED_EDGE ( 'NONE', *, *, #4657, .F. ) ;
#4605 =( NAMED_UNIT ( * ) SI_UNIT ( $, .STERADIAN. ) SOLID_ANGLE_UNIT ( ) );
#4606 = CARTESIAN_POINT ( 'NONE',  ( 0.09999075855428361800, 0.9199523185698690300, 0.1700000000000000100 ) ) ;
#4607 = DIRECTION ( 'NONE',  ( 1.000000000000000000, -1.084202172485505400E-015, 1.084202172485505400E-015 ) ) ;
#4608 = SURFACE_SIDE_STYLE ('',( #6071 ) ) ;
#4609 = MECHANICAL_DESIGN_GEOMETRIC_PRESENTATION_REPRESENTATION (  '', ( #3519 ), #4969 ) ;
#4610 = FILL_AREA_STYLE ('',( #4079 ) ) ;
#4611 = EDGE_CURVE ( 'NONE', #2570, #6336, #6445, .T. ) ;
#4612 = SURFACE_STYLE_USAGE ( .BOTH. , #803 ) ;
#4613 = UNCERTAINTY_MEASURE_WITH_UNIT (LENGTH_MEASURE( 1.000000000000000100E-005 ), #5819, 'distance_accuracy_value', 'NONE');
#4614 = EDGE_LOOP ( 'NONE', ( #6141, #6687, #313, #6208 ) ) ;
#4615 = CARTESIAN_POINT ( 'NONE',  ( 3.100009241445716300, -1.626303258728256700E-016, 0.0000000000000000000 ) ) ;
#4616 = DIRECTION ( 'NONE',  ( 0.0000000000000000000, 0.0000000000000000000, 1.000000000000000000 ) ) ;
#4617 = MECHANICAL_DESIGN_GEOMETRIC_PRESENTATION_REPRESENTATION (  '', ( #3526 ), #4977 ) ;
#4618 = LINE ( 'NONE', #5674, #1730 ) ;
#4619 =( LENGTH_UNIT ( ) NAMED_UNIT ( * ) SI_UNIT ( .MILLI., .METRE. ) );
#4620 = UNCERTAINTY_MEASURE_WITH_UNIT (LENGTH_MEASURE( 1.000000000000000100E-005 ), #1726, 'distance_accuracy_value', 'NONE');
#4621 = STYLED_ITEM ( 'NONE', ( #954 ), #1082 ) ;
#4622 = EDGE_CURVE ( 'NONE', #3331, #236, #2943, .T. ) ;
#4623 = LINE ( 'NONE', #5020, #1384 ) ;
#4624 = EDGE_CURVE ( 'NONE', #48, #2274, #36, .T. ) ;
#4625 = VECTOR ( 'NONE', #33, 1000.000000000000000 ) ;
#4626 = CARTESIAN_POINT ( 'NONE',  ( 0.4099024299701208900, 2.400000000000000400, 0.5000000000000003300 ) ) ;
#4627 = CARTESIAN_POINT ( 'NONE',  ( 0.1000000000000000100, 1.250000000000004900, 0.4800000000000000900 ) ) ;
#4628 = SURFACE_SIDE_STYLE ('',( #3602 ) ) ;
#4629 = CARTESIAN_POINT ( 'NONE',  ( 2.798462283669304700, 2.380029600954747200, 0.5000000000000000000 ) ) ;
#4630 = FILL_AREA_STYLE ('',( #3535 ) ) ;
#4631 = LINE ( 'NONE', #3716, #453 ) ;
#4632 = ADVANCED_FACE ( 'NONE', ( #6927 ), #3490, .T. ) ;
#4633 = PRESENTATION_STYLE_ASSIGNMENT (( #3932 ) ) ;
#4634 = PRESENTATION_STYLE_ASSIGNMENT (( #975 ) ) ;
#4635 = CARTESIAN_POINT ( 'NONE',  ( 0.4000000000000000800, 2.399999999999999900, 0.4800000000000000900 ) ) ;
#4636 =( NAMED_UNIT ( * ) SI_UNIT ( $, .STERADIAN. ) SOLID_ANGLE_UNIT ( ) );
#4637 = VECTOR ( 'NONE', #5435, 1000.000000000000000 ) ;
#4638 = VECTOR ( 'NONE', #1754, 1000.000000000000000 ) ;
#4639 = DIRECTION ( 'NONE',  ( 0.0000000000000000000, 0.0000000000000000000, 1.000000000000000000 ) ) ;
#4640 =( LENGTH_UNIT ( ) NAMED_UNIT ( * ) SI_UNIT ( .MILLI., .METRE. ) );
#4641 = CARTESIAN_POINT ( 'NONE',  ( 2.809264482820522000, 1.923971919735854000, 0.6000000000000000900 ) ) ;
#4642 = SURFACE_SIDE_STYLE ('',( #546 ) ) ;
#4643 = AXIS2_PLACEMENT_3D ( 'NONE', #5918, #3741, #2661 ) ;
#4644 = ORIENTED_EDGE ( 'NONE', *, *, #4258, .T. ) ;
#4645 = ORIENTED_EDGE ( 'NONE', *, *, #2939, .T. ) ;
#4646 =( GEOMETRIC_REPRESENTATION_CONTEXT ( 3 ) GLOBAL_UNCERTAINTY_ASSIGNED_CONTEXT ( ( #1113 ) ) GLOBAL_UNIT_ASSIGNED_CONTEXT ( ( #2705, #6516, #3276 ) ) REPRESENTATION_CONTEXT ( 'NONE', 'WORKASPACE' ) );
#4647 = AXIS2_PLACEMENT_3D ( 'NONE', #115, #3921, #671 ) ;
#4648 = FACE_OUTER_BOUND ( 'NONE', #3723, .T. ) ;
#4649 = FILL_AREA_STYLE_COLOUR ( '', #5557 ) ;
#4650 = CARTESIAN_POINT ( 'NONE',  ( 0.02999999999999994300, 0.4200404230269067000, 0.1700000000000000100 ) ) ;
#4651 = SURFACE_STYLE_USAGE ( .BOTH. , #852 ) ;
#4652 = ORIENTED_EDGE ( 'NONE', *, *, #3175, .F. ) ;
#4653 = CARTESIAN_POINT ( 'NONE',  ( 0.1500000000000000500, 2.100000000000000100, 0.5200000000000000200 ) ) ;
#4654 = EDGE_LOOP ( 'NONE', ( #4996, #5944, #3892, #6779 ) ) ;
#4655 = ORIENTED_EDGE ( 'NONE', *, *, #108, .T. ) ;
#4656 = ORIENTED_EDGE ( 'NONE', *, *, #6972, .F. ) ;
#4657 = EDGE_CURVE ( 'NONE', #5277, #5029, #804, .T. ) ;
#4658 =( GEOMETRIC_REPRESENTATION_CONTEXT ( 3 ) GLOBAL_UNCERTAINTY_ASSIGNED_CONTEXT ( ( #5385 ) ) GLOBAL_UNIT_ASSIGNED_CONTEXT ( ( #6647, #3387, #114 ) ) REPRESENTATION_CONTEXT ( 'NONE', 'WORKASPACE' ) );
#4659 = COLOUR_RGB ( '',0.8274509803921568100, 0.6666666666666666300, 0.1254901960784313700 ) ;
#4660 = PRESENTATION_STYLE_ASSIGNMENT (( #2322 ) ) ;
#4661 = FACE_OUTER_BOUND ( 'NONE', #4614, .T. ) ;
#4662 = CARTESIAN_POINT ( 'NONE',  ( 2.389931833186331700, 1.580047681430130700, 0.1700000000000000100 ) ) ;
#4663 = ORIENTED_EDGE ( 'NONE', *, *, #4708, .T. ) ;
#4664 = ORIENTED_EDGE ( 'NONE', *, *, #3078, .T. ) ;
#4665 = UNCERTAINTY_MEASURE_WITH_UNIT (LENGTH_MEASURE( 1.000000000000000100E-005 ), #2675, 'distance_accuracy_value', 'NONE');
#4666 = FACE_OUTER_BOUND ( 'NONE', #2132, .T. ) ;
#4667 = DIRECTION ( 'NONE',  ( -1.000000000000000000, 0.0000000000000000000, 0.0000000000000000000 ) ) ;
#4668 = EDGE_CURVE ( 'NONE', #3925, #1704, #4975, .T. ) ;
#4669 = B_SPLINE_CURVE_WITH_KNOTS ( 'NONE', 3,
 ( #3198, #6444, #4278, #1025 ),
 .UNSPECIFIED., .F., .F.,
 ( 4, 4 ),
 ( 0.0000000000000000000, 1.000000000000000000 ),
 .UNSPECIFIED. ) ;
#4670 = ORIENTED_EDGE ( 'NONE', *, *, #5896, .F. ) ;
#4671 = FILL_AREA_STYLE ('',( #3549 ) ) ;
#4672 = ADVANCED_FACE ( 'NONE', ( #6414 ), #5745, .F. ) ;
#4673 = CARTESIAN_POINT ( 'NONE',  ( 1.119723590466932000, 0.9199523185698690300, 0.1700000000000000100 ) ) ;
#4674 =( LENGTH_UNIT ( ) NAMED_UNIT ( * ) SI_UNIT ( .MILLI., .METRE. ) );
#4675 = EDGE_CURVE ( 'NONE', #6852, #6382, #4467, .T. ) ;
#4676 =( LENGTH_UNIT ( ) NAMED_UNIT ( * ) SI_UNIT ( .MILLI., .METRE. ) );
#4677 = PRESENTATION_LAYER_ASSIGNMENT (  '', '', ( #3945 ) ) ;
#4678 = CARTESIAN_POINT ( 'NONE',  ( 3.096542742251393600, 0.3693788275795957800, 0.4800000000000001500 ) ) ;
#4679 =( LENGTH_UNIT ( ) NAMED_UNIT ( * ) SI_UNIT ( .MILLI., .METRE. ) );
#4680 = VERTEX_POINT ( 'NONE', #3251 ) ;
#4681 = UNCERTAINTY_MEASURE_WITH_UNIT (LENGTH_MEASURE( 1.000000000000000100E-005 ), #454, 'distance_accuracy_value', 'NONE');
#4682 =( NAMED_UNIT ( * ) PLANE_ANGLE_UNIT ( ) SI_UNIT ( $, .RADIAN. ) );
#4683 = STYLED_ITEM ( 'NONE', ( #5686 ), #6465 ) ;
#4684 = CARTESIAN_POINT ( 'NONE',  ( 0.4200624981287633400, 2.400138902867559900, 0.1700000000000000100 ) ) ;
#4685 = PRESENTATION_LAYER_ASSIGNMENT (  '', '', ( #3949 ) ) ;
#4686 = CARTESIAN_POINT ( 'NONE',  ( 0.1412968281545175500, 2.100000000000000500, 0.4995489630239926000 ) ) ;
#4687 = MECHANICAL_DESIGN_GEOMETRIC_PRESENTATION_REPRESENTATION (  '', ( #3958 ), #5049 ) ;
#4688 =( NAMED_UNIT ( * ) SI_UNIT ( $, .STERADIAN. ) SOLID_ANGLE_UNIT ( ) );
#4689 = ORIENTED_EDGE ( 'NONE', *, *, #2002, .T. ) ;
#4690 = SURFACE_STYLE_USAGE ( .BOTH. , #890 ) ;
#4691 = DIRECTION ( 'NONE',  ( -0.0000000000000000000, -1.000000000000000000, -0.0000000000000000000 ) ) ;
#4692 = MECHANICAL_DESIGN_GEOMETRIC_PRESENTATION_REPRESENTATION (  '', ( #3962 ), #5051 ) ;
#4693 = SURFACE_STYLE_USAGE ( .BOTH. , #1442 ) ;
#4694 = PRESENTATION_STYLE_ASSIGNMENT (( #3465 ) ) ;
#4695 = FILL_AREA_STYLE ('',( #2466 ) ) ;
#4696 = AXIS2_PLACEMENT_3D ( 'NONE', #4764, #961, #4217 ) ;
#4697 = EDGE_CURVE ( 'NONE', #918, #2506, #3029, .T. ) ;
#4698 = CARTESIAN_POINT ( 'NONE',  ( 2.080276409533067900, 2.400138902867559900, 0.0000000000000000000 ) ) ;
#4699 = SURFACE_STYLE_FILL_AREA ( #1127 ) ;
#4700 =( LENGTH_UNIT ( ) NAMED_UNIT ( * ) SI_UNIT ( .MILLI., .METRE. ) );
#4701 = CARTESIAN_POINT ( 'NONE',  ( 3.119854487256540600, 2.285825511622885800, 0.2899999999999993100 ) ) ;
#4702 = STYLED_ITEM ( 'NONE', ( #2465 ), #1728 ) ;
#4703 = CYLINDRICAL_SURFACE ( 'NONE', #2502, 0.2500000000000007800 ) ;
#4704 = DIRECTION ( 'NONE',  ( 1.000000000000000000, 0.0000000000000000000, 0.0000000000000000000 ) ) ;
#4705 = VECTOR ( 'NONE', #2702, 1000.000000000000000 ) ;
#4706 = PRESENTATION_STYLE_ASSIGNMENT (( #3469 ) ) ;
#4707 = CYLINDRICAL_SURFACE ( 'NONE', #1148, 0.02000000000000005200 ) ;
#4708 = EDGE_CURVE ( 'NONE', #5054, #2796, #119, .T. ) ;
#4709 = LINE ( 'NONE', #1865, #3598 ) ;
#4710 = DIRECTION ( 'NONE',  ( 0.0000000000000000000, 0.0000000000000000000, -1.000000000000000000 ) ) ;
#4711 = FILL_AREA_STYLE_COLOUR ( '', #3452 ) ;
#4712 = LINE ( 'NONE', #3814, #371 ) ;
#4713 = MECHANICAL_DESIGN_GEOMETRIC_PRESENTATION_REPRESENTATION (  '', ( #3616 ), #5087 ) ;
#4714 = CARTESIAN_POINT ( 'NONE',  ( 0.0000000000000000000, 2.200000000000000200, 0.0000000000000000000 ) ) ;
#4715 = CYLINDRICAL_SURFACE ( 'NONE', #4592, 0.07499999999999987200 ) ;
#4716 = ORIENTED_EDGE ( 'NONE', *, *, #1060, .T. ) ;
#4717 = ORIENTED_EDGE ( 'NONE', *, *, #6972, .T. ) ;
#4718 = CARTESIAN_POINT ( 'NONE',  ( 0.2887005768508881800, 2.290000000000000500, 0.6000000000000002000 ) ) ;
#4719 = MECHANICAL_DESIGN_GEOMETRIC_PRESENTATION_REPRESENTATION (  '', ( #3622 ), #5092 ) ;
#4720 = COLOUR_RGB ( '',0.6470588235294118000, 0.6196078431372549200, 0.5843137254901961100 ) ;
#4721 = VECTOR ( 'NONE', #6600, 1000.000000000000000 ) ;
#4722 = CARTESIAN_POINT ( 'NONE',  ( 2.779937501871236400, -1.626303258728256700E-016, 0.0000000000000000000 ) ) ;
#4723 = AXIS2_PLACEMENT_3D ( 'NONE', #259, #3524, #2437 ) ;
#4724 = ORIENTED_EDGE ( 'NONE', *, *, #2381, .T. ) ;
#4725 = CARTESIAN_POINT ( 'NONE',  ( 3.170000000000000400, 0.02999999999999997100, 0.1700000000000000100 ) ) ;
#4726 = ORIENTED_EDGE ( 'NONE', *, *, #4164, .T. ) ;
#4727 = ORIENTED_EDGE ( 'NONE', *, *, #5896, .T. ) ;
#4728 = ORIENTED_EDGE ( 'NONE', *, *, #141, .T. ) ;
#4729 = DIRECTION ( 'NONE',  ( 1.000000000000000000, -0.0000000000000000000, -0.0000000000000000000 ) ) ;
#4730 = CARTESIAN_POINT ( 'NONE',  ( 0.2000000000000001200, 2.500000000000000000, 0.1700000000000000100 ) ) ;
#4731 = SURFACE_SIDE_STYLE ('',( #6597 ) ) ;
#4732 = AXIS2_PLACEMENT_3D ( 'NONE', #3466, #4000, #3492 ) ;
#4733 = LINE ( 'NONE', #1672, #569 ) ;
#4734 = PRODUCT_DEFINITION_FORMATION_WITH_SPECIFIED_SOURCE ( 'ANY', '', #2596, .NOT_KNOWN. ) ;
#4735 = AXIS2_PLACEMENT_3D ( 'NONE', #4725, #3628, #6908 ) ;
#4736 = ORIENTED_EDGE ( 'NONE', *, *, #6211, .T. ) ;
#4737 = ORIENTED_EDGE ( 'NONE', *, *, #4110, .T. ) ;
#4738 = CARTESIAN_POINT ( 'NONE',  ( 0.1000000000001020200, 0.3999999999986773000, 0.4800000000000000900 ) ) ;
#4739 = CARTESIAN_POINT ( 'NONE',  ( 0.1500000000000000200, 0.3999999999999999700, 0.5400000000000001500 ) ) ;
#4740 = CARTESIAN_POINT ( 'NONE',  ( 0.1000000000000000100, 0.4023382115780308500, 0.4842147268649482100 ) ) ;
#4741 = EDGE_CURVE ( 'NONE', #2012, #2273, #6901, .T. ) ;
#4742 = ORIENTED_EDGE ( 'NONE', *, *, #3167, .F. ) ;
#4743 = EDGE_LOOP ( 'NONE', ( #5085, #4390, #5673, #3305 ) ) ;
#4744 = UNCERTAINTY_MEASURE_WITH_UNIT (LENGTH_MEASURE( 1.000000000000000100E-005 ), #4148, 'distance_accuracy_value', 'NONE');
#4745 = CARTESIAN_POINT ( 'NONE',  ( 3.100009241445716300, 2.079959576973093000, 0.1700000000000000100 ) ) ;
#4746 = CARTESIAN_POINT ( 'NONE',  ( 0.1499999999999997700, 2.246446609406726600, 0.5400000000000001500 ) ) ;
#4747 = MECHANICAL_DESIGN_GEOMETRIC_PRESENTATION_REPRESENTATION (  '', ( #4017 ), #5112 ) ;
#4748 = DIRECTION ( 'NONE',  ( -1.000000000000000000, 0.0000000000000000000, 0.0000000000000000000 ) ) ;
#4749 =( NAMED_UNIT ( * ) PLANE_ANGLE_UNIT ( ) SI_UNIT ( $, .RADIAN. ) );
#4750 = ORIENTED_EDGE ( 'NONE', *, *, #1718, .T. ) ;
#4751 = CARTESIAN_POINT ( 'NONE',  ( 1.119723590466932000, 0.09986109713243988800, 0.1700000000000000100 ) ) ;
#4752 = STYLED_ITEM ( 'NONE', ( #3353 ), #885 ) ;
#4753 = FILL_AREA_STYLE_COLOUR ( '', #4229 ) ;
#4754 = EDGE_CURVE ( 'NONE', #1704, #3331, #5561, .T. ) ;
#4755 =( LENGTH_UNIT ( ) NAMED_UNIT ( * ) SI_UNIT ( .MILLI., .METRE. ) );
#4756 = CARTESIAN_POINT ( 'NONE',  ( 0.3992482400297203100, 0.07336723910810777300, 0.3044100536146749400 ) ) ;
#4757 = CARTESIAN_POINT ( 'NONE',  ( 0.07336723910596869300, 2.100751759970399300, 0.3044100536129701300 ) ) ;
#4758 = ORIENTED_EDGE ( 'NONE', *, *, #4791, .T. ) ;
#4759 = CARTESIAN_POINT ( 'NONE',  ( 3.200000000000000200, 2.200000000000000200, 0.1700000000000000100 ) ) ;
#4760 = VERTEX_POINT ( 'NONE', #1093 ) ;
#4761 =( NAMED_UNIT ( * ) SI_UNIT ( $, .STERADIAN. ) SOLID_ANGLE_UNIT ( ) );
#4762 = SURFACE_STYLE_USAGE ( .BOTH. , #958 ) ;
#4763 = SURFACE_SIDE_STYLE ('',( #2950 ) ) ;
#4764 = CARTESIAN_POINT ( 'NONE',  ( 0.03000000000000037700, 2.469999999999999800, 0.0000000000000000000 ) ) ;
#4765 = SURFACE_SIDE_STYLE ('',( #4414 ) ) ;
#4766 = DIRECTION ( 'NONE',  ( -0.0000000000000000000, -1.000000000000000000, 0.0000000000000000000 ) ) ;
#4767 = CARTESIAN_POINT ( 'NONE',  ( 0.3871268425803993100, 0.1210520794890868500, 0.4999999999999998900 ) ) ;
#4768 = DIRECTION ( 'NONE',  ( 0.0000000000000000000, 0.0000000000000000000, 1.000000000000000000 ) ) ;
#4769 = VECTOR ( 'NONE', #5059, 1000.000000000000000 ) ;
#4770 = CARTESIAN_POINT ( 'NONE',  ( -1.626303258728256700E-016, 0.4200404230269067000, 0.0000000000000000000 ) ) ;
#4771 =( NAMED_UNIT ( * ) SI_UNIT ( $, .STERADIAN. ) SOLID_ANGLE_UNIT ( ) );
#4772 =( GEOMETRIC_REPRESENTATION_CONTEXT ( 3 ) GLOBAL_UNCERTAINTY_ASSIGNED_CONTEXT ( ( #6161 ) ) GLOBAL_UNIT_ASSIGNED_CONTEXT ( ( #2530, #6343, #3099 ) ) REPRESENTATION_CONTEXT ( 'NONE', 'WORKASPACE' ) );
#4773 = CARTESIAN_POINT ( 'NONE',  ( 2.985825511624396800, 0.08014551274507500400, 0.2899999999999999800 ) ) ;
#4774 = STYLED_ITEM ( 'NONE', ( #356 ), #2957 ) ;
#4775 =( LENGTH_UNIT ( ) NAMED_UNIT ( * ) SI_UNIT ( .MILLI., .METRE. ) );
#4776 = MANIFOLD_SOLID_BREP ( 'Filete4', #2192 ) ;
#4777 = EDGE_LOOP ( 'NONE', ( #2177, #3302, #2094, #2024 ) ) ;
#4778 = EDGE_CURVE ( 'NONE', #6260, #1259, #3599, .T. ) ;
#4779 =( NAMED_UNIT ( * ) SI_UNIT ( $, .STERADIAN. ) SOLID_ANGLE_UNIT ( ) );
#4780 = CARTESIAN_POINT ( 'NONE',  ( 0.3846473386338427100, 0.1011839063810400100, 0.4800000000000000900 ) ) ;
#4781 = LINE ( 'NONE', #4455, #621 ) ;
#4782 = DIRECTION ( 'NONE',  ( -0.0000000000000000000, -0.0000000000000000000, -1.000000000000000000 ) ) ;
#4783 = DIRECTION ( 'NONE',  ( -0.0000000000000000000, -0.0000000000000000000, -1.000000000000000000 ) ) ;
#4784 = CARTESIAN_POINT ( 'NONE',  ( 2.994426580903603700, 2.288180748514550900, 0.5000030481415291800 ) ) ;
#4785 = PRESENTATION_STYLE_ASSIGNMENT (( #2973 ) ) ;
#4786 = VECTOR ( 'NONE', #2178, 1000.000000000000000 ) ;
#4787 = DIRECTION ( 'NONE',  ( -1.000000000000000000, 0.0000000000000000000, -0.0000000000000000000 ) ) ;
#4788 = CARTESIAN_POINT ( 'NONE',  ( 0.1011839063810402600, 0.3846473386338416500, 0.4800000000000000900 ) ) ;
#4789 = SURFACE_STYLE_FILL_AREA ( #3300 ) ;
#4790 =( GEOMETRIC_REPRESENTATION_CONTEXT ( 3 ) GLOBAL_UNCERTAINTY_ASSIGNED_CONTEXT ( ( #4851 ) ) GLOBAL_UNIT_ASSIGNED_CONTEXT ( ( #2562, #5849, #2021 ) ) REPRESENTATION_CONTEXT ( 'NONE', 'WORKASPACE' ) );
#4791 = EDGE_CURVE ( 'NONE', #6008, #5666, #7015, .T. ) ;
#4792 = SURFACE_STYLE_FILL_AREA ( #6461 ) ;
#4793 = CARTESIAN_POINT ( 'NONE',  ( 3.170000000000000400, 0.02999999999999997100, 0.1700000000000000100 ) ) ;
#4794 = SURFACE_STYLE_USAGE ( .BOTH. , #999 ) ;
#4795 = LINE ( 'NONE', #659, #6242 ) ;
#4796 = B_SPLINE_CURVE_WITH_KNOTS ( 'NONE', 3,
 ( #5384, #2128, #5954, #2673 ),
 .UNSPECIFIED., .F., .F.,
 ( 4, 4 ),
 ( 0.0000000000000000000, 1.000000000000000000 ),
 .UNSPECIFIED. ) ;
#4797 = CARTESIAN_POINT ( 'NONE',  ( 0.09999075855428361800, 0.4200404230269067000, 0.1700000000000000100 ) ) ;
#4798 = LINE ( 'NONE', #6107, #4638 ) ;
#4799 = EDGE_CURVE ( 'NONE', #5255, #6530, #2659, .T. ) ;
#4800 = VECTOR ( 'NONE', #5063, 1000.000000000000000 ) ;
#4801 =( NAMED_UNIT ( * ) SI_UNIT ( $, .STERADIAN. ) SOLID_ANGLE_UNIT ( ) );
#4802 = COLOUR_RGB ( '',0.8274509803921568100, 0.6666666666666666300, 0.1294117647058823400 ) ;
#4803 = FILL_AREA_STYLE ('',( #3706 ) ) ;
#4804 = FACE_OUTER_BOUND ( 'NONE', #1242, .T. ) ;
#4805 = CARTESIAN_POINT ( 'NONE',  ( 0.02999999999999998800, 0.3000000000000000400, 0.1700000000000000100 ) ) ;
#4806 = CARTESIAN_POINT ( 'NONE',  ( 3.100009241445716300, 1.580047681430130700, 0.0000000000000000000 ) ) ;
#4807 = ORIENTED_EDGE ( 'NONE', *, *, #2493, .F. ) ;
#4808 = ORIENTED_EDGE ( 'NONE', *, *, #4778, .T. ) ;
#4809 =( LENGTH_UNIT ( ) NAMED_UNIT ( * ) SI_UNIT ( .MILLI., .METRE. ) );
#4810 = AXIS2_PLACEMENT_3D ( 'NONE', #4983, #2843, #5571 ) ;
#4811 = COLOUR_RGB ( '',0.8274509803921568100, 0.6666666666666666300, 0.1294117647058823400 ) ;
#4812 = VECTOR ( 'NONE', #6424, 1000.000000000000000 ) ;
#4813 = CARTESIAN_POINT ( 'NONE',  ( 0.3999999999986773000, 2.399999999999897300, 0.4800000000000000400 ) ) ;
#4814 = PRESENTATION_STYLE_ASSIGNMENT (( #3915 ) ) ;
#4815 = ORIENTED_EDGE ( 'NONE', *, *, #3484, .T. ) ;
#4816 = FILL_AREA_STYLE ('',( #6960 ) ) ;
#4817 = ORIENTED_EDGE ( 'NONE', *, *, #3793, .T. ) ;
#4818 = ORIENTED_EDGE ( 'NONE', *, *, #881, .T. ) ;
#4819 = STYLED_ITEM ( 'NONE', ( #6454 ), #6173 ) ;
#4820 = DIRECTION ( 'NONE',  ( 1.000000000000000000, 0.0000000000000000000, 0.0000000000000000000 ) ) ;
#4821 = AXIS2_PLACEMENT_3D ( 'NONE', #514, #4868, #7067 ) ;
#4822 = PRESENTATION_STYLE_ASSIGNMENT (( #5806 ) ) ;
#4823 = ADVANCED_FACE ( 'NONE', ( #3442 ), #28, .T. ) ;
#4824 = DIRECTION ( 'NONE',  ( -0.0000000000000000000, 0.0000000000000000000, 1.000000000000000000 ) ) ;
#4825 = SURFACE_SIDE_STYLE ('',( #4907 ) ) ;
#4826 = ORIENTED_EDGE ( 'NONE', *, *, #972, .T. ) ;
#4827 = EDGE_LOOP ( 'NONE', ( #723, #181, #1862, #5925 ) ) ;
#4828 = STYLED_ITEM ( 'NONE', ( #6089 ), #5428 ) ;
#4829 = LINE ( 'NONE', #3507, #665 ) ;
#4830 = CARTESIAN_POINT ( 'NONE',  ( 2.800000000000000300, 0.2100000000000001300, 0.5400000000000001500 ) ) ;
#4831 = ORIENTED_EDGE ( 'NONE', *, *, #5517, .F. ) ;
#4832 = UNCERTAINTY_MEASURE_WITH_UNIT (LENGTH_MEASURE( 1.000000000000000100E-005 ), #764, 'distance_accuracy_value', 'NONE');
#4833 = CARTESIAN_POINT ( 'NONE',  ( 3.070000000000000300, 2.100000000000000100, 0.5000000000000000000 ) ) ;
#4834 = CARTESIAN_POINT ( 'NONE',  ( 3.000000000000000000, 0.0000000000000000000, 0.2899999999999999800 ) ) ;
#4835 = PLANE ( 'NONE',  #6064 ) ;
#4836 = PRODUCT_CONTEXT ( 'NONE', #2093, 'mechanical' ) ;
#4837 = LINE ( 'NONE', #4170, #848 ) ;
#4838 = EDGE_CURVE ( 'NONE', #3225, #2570, #2937, .T. ) ;
#4839 = CARTESIAN_POINT ( 'NONE',  ( 0.4052574559742375700, 2.400362705962395500, 0.3649999999999999900 ) ) ;
#4840 = CARTESIAN_POINT ( 'NONE',  ( 0.4200624981287632800, 2.400138902867559900, 0.1700000000000000100 ) ) ;
#4841 = CARTESIAN_POINT ( 'NONE',  ( 2.779937501871236400, 2.400138902867559900, 0.1700000000000000100 ) ) ;
#4842 = SURFACE_STYLE_USAGE ( .BOTH. , #1040 ) ;
#4843 = CARTESIAN_POINT ( 'NONE',  ( 0.02500000000000002600, -1.626303258728256700E-016, 0.2899999999999999800 ) ) ;
#4844 = STYLED_ITEM ( 'NONE', ( #1224 ), #1658 ) ;
#4845 = CARTESIAN_POINT ( 'NONE',  ( 0.1199999999999998800, 0.3999999999999999700, 0.5000000000000000000 ) ) ;
#4846 = CARTESIAN_POINT ( 'NONE',  ( 3.200000000000000200, 2.469999999999999800, 0.1700000000000000100 ) ) ;
#4847 = DIRECTION ( 'NONE',  ( 1.000000000000000000, -0.0000000000000000000, 0.0000000000000000000 ) ) ;
#4848 = DIRECTION ( 'NONE',  ( 1.000000000000000000, -0.0000000000000000000, 0.0000000000000000000 ) ) ;
#4849 = EDGE_CURVE ( 'NONE', #6382, #4680, #1480, .T. ) ;
#4850 = CARTESIAN_POINT ( 'NONE',  ( 0.4000000000000000800, 0.1000000000000000100, 0.3649999999999999900 ) ) ;
#4851 = UNCERTAINTY_MEASURE_WITH_UNIT (LENGTH_MEASURE( 1.000000000000000100E-005 ), #2562, 'distance_accuracy_value', 'NONE');
#4852 =( NAMED_UNIT ( * ) PLANE_ANGLE_UNIT ( ) SI_UNIT ( $, .RADIAN. ) );
#4853 =( GEOMETRIC_REPRESENTATION_CONTEXT ( 3 ) GLOBAL_UNCERTAINTY_ASSIGNED_CONTEXT ( ( #5042 ) ) GLOBAL_UNIT_ASSIGNED_CONTEXT ( ( #664, #4469, #1209 ) ) REPRESENTATION_CONTEXT ( 'NONE', 'WORKASPACE' ) );
#4854 = CARTESIAN_POINT ( 'NONE',  ( 0.4015377163306956800, 0.1199407981423787400, 0.4999999824757847500 ) ) ;
#4855 = EDGE_LOOP ( 'NONE', ( #3782, #272, #2585, #1850 ) ) ;
#4856 = CARTESIAN_POINT ( 'NONE',  ( 2.080276409533067900, 0.9199523185698690300, 0.1700000000000000100 ) ) ;
#4857 = ADVANCED_FACE ( 'NONE', ( #1310 ), #608, .F. ) ;
#4858 = CARTESIAN_POINT ( 'NONE',  ( 2.609264482820521800, 1.923971919735854000, 0.6100000000000001000 ) ) ;
#4859 = AXIS2_PLACEMENT_3D ( 'NONE', #3249, #7030, #3761 ) ;
#4860 = AXIS2_PLACEMENT_3D ( 'NONE', #3311, #25, #3827 ) ;
#4861 = EDGE_CURVE ( 'NONE', #48, #6656, #799, .T. ) ;
#4862 =( LENGTH_UNIT ( ) NAMED_UNIT ( * ) SI_UNIT ( .MILLI., .METRE. ) );
#4863 = SURFACE_SIDE_STYLE ('',( #2930 ) ) ;
#4864 = ORIENTED_EDGE ( 'NONE', *, *, #6646, .F. ) ;
#4865 = DIRECTION ( 'NONE',  ( 0.0000000000000000000, 0.0000000000000000000, -1.000000000000000000 ) ) ;
#4866 = SURFACE_STYLE_FILL_AREA ( #317 ) ;
#4867 = CARTESIAN_POINT ( 'NONE',  ( 0.1000000000000000100, 1.023333333333345600, 0.4800000000000000900 ) ) ;
#4868 = DIRECTION ( 'NONE',  ( -0.0000000000000000000, -0.0000000000000000000, -1.000000000000000000 ) ) ;
#4869 = STYLED_ITEM ( 'NONE', ( #4460 ), #4933 ) ;
#4870 = VECTOR ( 'NONE', #4566, 1000.000000000000000 ) ;
#4871 = MECHANICAL_DESIGN_GEOMETRIC_PRESENTATION_REPRESENTATION (  '', ( #3418 ), #5225 ) ;
#4872 = FILL_AREA_STYLE_COLOUR ( '', #50 ) ;
#4873 = STYLED_ITEM ( 'NONE', ( #6224 ), #3274 ) ;
#4874 = CARTESIAN_POINT ( 'NONE',  ( 3.170000000000000400, 0.09986109713243988800, 0.1700000000000000100 ) ) ;
#4875 = EDGE_CURVE ( 'NONE', #2273, #3225, #2521, .T. ) ;
#4876 = LINE ( 'NONE', #627, #359 ) ;
#4877 = DIRECTION ( 'NONE',  ( -1.000000000000000000, 0.0000000000000000000, 0.0000000000000000000 ) ) ;
#4878 = DIRECTION ( 'NONE',  ( 0.0000000000000000000, -1.000000000000000000, 0.0000000000000000000 ) ) ;
#4879 =( LENGTH_UNIT ( ) NAMED_UNIT ( * ) SI_UNIT ( .MILLI., .METRE. ) );
#4880 =( NAMED_UNIT ( * ) PLANE_ANGLE_UNIT ( ) SI_UNIT ( $, .RADIAN. ) );
#4881 = LINE ( 'NONE', #1821, #708 ) ;
#4882 = AXIS2_PLACEMENT_3D ( 'NONE', #3021, #6812, #3557 ) ;
#4883 = LINE ( 'NONE', #5869, #3773 ) ;
#4884 = CARTESIAN_POINT ( 'NONE',  ( 0.4000000000000001900, 0.1000000000000000100, 0.4999999999999999400 ) ) ;
#4885 = VECTOR ( 'NONE', #560, 1000.000000000000000 ) ;
#4886 =( NAMED_UNIT ( * ) PLANE_ANGLE_UNIT ( ) SI_UNIT ( $, .RADIAN. ) );
#4887 = PRESENTATION_LAYER_ASSIGNMENT (  '', '', ( #4162 ) ) ;
#4888 = LINE ( 'NONE', #1668, #4547 ) ;
#4889 = LINE ( 'NONE', #4600, #3446 ) ;
#4890 = EDGE_CURVE ( 'NONE', #6382, #1315, #6408, .T. ) ;
#4891 = FACE_OUTER_BOUND ( 'NONE', #471, .T. ) ;
#4892 = ADVANCED_FACE ( 'NONE', ( #2241 ), #4462, .F. ) ;
#4893 = ORIENTED_EDGE ( 'NONE', *, *, #4475, .T. ) ;
#4894 = EDGE_LOOP ( 'NONE', ( #2085, #216, #3110, #6630 ) ) ;
#4895 = CARTESIAN_POINT ( 'NONE',  ( 2.931888168179569700, 0.1748528137423862900, 0.6000000000000000900 ) ) ;
#4896 = FILL_AREA_STYLE_COLOUR ( '', #6429 ) ;
#4897 = VECTOR ( 'NONE', #915, 1000.000000000000000 ) ;
#4898 = DIRECTION ( 'NONE',  ( -1.000000000000000000, -5.204170427930404700E-015, 0.0000000000000000000 ) ) ;
#4899 = VECTOR ( 'NONE', #4367, 1000.000000000000000 ) ;
#4900 = DIRECTION ( 'NONE',  ( 0.0000000000000000000, -0.0000000000000000000, -1.000000000000000000 ) ) ;
#4901 = UNCERTAINTY_MEASURE_WITH_UNIT (LENGTH_MEASURE( 1.000000000000000100E-005 ), #4755, 'distance_accuracy_value', 'NONE');
#4902 = COLOUR_RGB ( '',0.8274509803921568100, 0.6666666666666666300, 0.1254901960784313700 ) ;
#4903 = VERTEX_POINT ( 'NONE', #4959 ) ;
#4904 = ORIENTED_EDGE ( 'NONE', *, *, #2110, .T. ) ;
#4905 = EDGE_LOOP ( 'NONE', ( #136, #4302, #2955, #6534 ) ) ;
#4906 = ORIENTED_EDGE ( 'NONE', *, *, #294, .T. ) ;
#4907 = SURFACE_STYLE_FILL_AREA ( #1027 ) ;
#4908 = SURFACE_STYLE_FILL_AREA ( #1887 ) ;
#4909 = ORIENTED_EDGE ( 'NONE', *, *, #5061, .F. ) ;
#4910 = SURFACE_STYLE_USAGE ( .BOTH. , #54 ) ;
#4911 = FILL_AREA_STYLE ('',( #2712 ) ) ;
#4912 = CARTESIAN_POINT ( 'NONE',  ( 3.100009241445716300, 0.4200404230269067000, 0.1700000000000000100 ) ) ;
#4913 = VERTEX_POINT ( 'NONE', #678 ) ;
#4914 = ORIENTED_EDGE ( 'NONE', *, *, #5612, .F. ) ;
#4915 = CARTESIAN_POINT ( 'NONE',  ( 0.9600000000000000800, 0.1000000000000000100, 0.4800000000000000900 ) ) ;
#4916 =( NAMED_UNIT ( * ) SI_UNIT ( $, .STERADIAN. ) SOLID_ANGLE_UNIT ( ) );
#4917 = CARTESIAN_POINT ( 'NONE',  ( 0.4000000000000009100, 0.4000000000000009100, 0.6000000000000000900 ) ) ;
#4918 = CARTESIAN_POINT ( 'NONE',  ( 3.070000000000000300, 2.100000000000000100, 0.5200000000000000200 ) ) ;
#4919 = DIRECTION ( 'NONE',  ( -1.000000000000000000, 0.0000000000000000000, 0.0000000000000000000 ) ) ;
#4920 = MECHANICAL_DESIGN_GEOMETRIC_PRESENTATION_REPRESENTATION (  '', ( #3815 ), #5269 ) ;
#4921 = ORIENTED_EDGE ( 'NONE', *, *, #6047, .F. ) ;
#4922 = VERTEX_POINT ( 'NONE', #1218 ) ;
#4923 = VECTOR ( 'NONE', #1614, 1000.000000000000000 ) ;
#4924 = CIRCLE ( 'NONE', #2986, 0.2700000000000003000 ) ;
#4925 =( NAMED_UNIT ( * ) PLANE_ANGLE_UNIT ( ) SI_UNIT ( $, .RADIAN. ) );
#4926 =( NAMED_UNIT ( * ) PLANE_ANGLE_UNIT ( ) SI_UNIT ( $, .RADIAN. ) );
#4927 =( GEOMETRIC_REPRESENTATION_CONTEXT ( 3 ) GLOBAL_UNCERTAINTY_ASSIGNED_CONTEXT ( ( #1385 ) ) GLOBAL_UNIT_ASSIGNED_CONTEXT ( ( #4775, #1530, #5312 ) ) REPRESENTATION_CONTEXT ( 'NONE', 'WORKASPACE' ) );
#4928 = ORIENTED_EDGE ( 'NONE', *, *, #1205, .T. ) ;
#4929 = UNCERTAINTY_MEASURE_WITH_UNIT (LENGTH_MEASURE( 1.000000000000000100E-005 ), #300, 'distance_accuracy_value', 'NONE');
#4930 = SURFACE_SIDE_STYLE ('',( #4699 ) ) ;
#4931 = DIRECTION ( 'NONE',  ( 0.0000000000000000000, 0.0000000000000000000, 1.000000000000000000 ) ) ;
#4932 = CARTESIAN_POINT ( 'NONE',  ( 1.119723590466932000, -1.626303258728256700E-016, 0.0000000000000000000 ) ) ;
#4933 = ADVANCED_FACE ( 'NONE', ( #3024 ), #1782, .F. ) ;
#4934 = PRESENTATION_LAYER_ASSIGNMENT (  '', '', ( #4569 ) ) ;
#4935 = EDGE_CURVE ( 'NONE', #7036, #4250, #5319, .T. ) ;
#4936 = ORIENTED_EDGE ( 'NONE', *, *, #1158, .T. ) ;
#4937 = SURFACE_STYLE_USAGE ( .BOTH. , #1134 ) ;
#4938 = ORIENTED_EDGE ( 'NONE', *, *, #5344, .F. ) ;
#4939 =( NAMED_UNIT ( * ) PLANE_ANGLE_UNIT ( ) SI_UNIT ( $, .RADIAN. ) );
#4940 =( NAMED_UNIT ( * ) SI_UNIT ( $, .STERADIAN. ) SOLID_ANGLE_UNIT ( ) );
#4941 = SURFACE_STYLE_USAGE ( .BOTH. , #1139 ) ;
#4942 = FILL_AREA_STYLE ('',( #34 ) ) ;
#4943 = VERTEX_POINT ( 'NONE', #6144 ) ;
#4944 = CARTESIAN_POINT ( 'NONE',  ( 3.079999999999999600, 2.100000000000000100, 0.5000000000000000000 ) ) ;
#4945 =( LENGTH_UNIT ( ) NAMED_UNIT ( * ) SI_UNIT ( .MILLI., .METRE. ) );
#4946 = CARTESIAN_POINT ( 'NONE',  ( 0.4000000000000000800, 0.1500000000000000200, 0.5079231107168267200 ) ) ;
#4947 = SURFACE_STYLE_FILL_AREA ( #2711 ) ;
#4948 = EDGE_CURVE ( 'NONE', #2796, #5891, #2592, .T. ) ;
#4949 =( NAMED_UNIT ( * ) SI_UNIT ( $, .STERADIAN. ) SOLID_ANGLE_UNIT ( ) );
#4950 = CARTESIAN_POINT ( 'NONE',  ( 0.0000000000000000000, 2.200000000000000200, 0.0000000000000000000 ) ) ;
#4951 = PRESENTATION_LAYER_ASSIGNMENT (  '', '', ( #3849 ) ) ;
#4952 =( NAMED_UNIT ( * ) PLANE_ANGLE_UNIT ( ) SI_UNIT ( $, .RADIAN. ) );
#4953 = CARTESIAN_POINT ( 'NONE',  ( 3.103147165840212100, 0.4001609810428449800, 0.3358846836678094900 ) ) ;
#4954 = LINE ( 'NONE', #6819, #6387 ) ;
#4955 = VERTEX_POINT ( 'NONE', #2896 ) ;
#4956 =( GEOMETRIC_REPRESENTATION_CONTEXT ( 3 ) GLOBAL_UNCERTAINTY_ASSIGNED_CONTEXT ( ( #2660 ) ) GLOBAL_UNIT_ASSIGNED_CONTEXT ( ( #1387, #5187, #1937 ) ) REPRESENTATION_CONTEXT ( 'NONE', 'WORKASPACE' ) );
#4957 = MECHANICAL_DESIGN_GEOMETRIC_PRESENTATION_REPRESENTATION (  '', ( #4227 ), #5307 ) ;
#4958 = CARTESIAN_POINT ( 'NONE',  ( 3.094080468094796600, 2.176763306830799700, 0.4800000000000000900 ) ) ;
#4959 = CARTESIAN_POINT ( 'NONE',  ( 2.409264482820521600, 1.923971919735854000, 0.6100000000000001000 ) ) ;
#4960 = COLOUR_RGB ( '',0.8274509803921568100, 0.6666666666666666300, 0.1294117647058823400 ) ;
#4961 = CARTESIAN_POINT ( 'NONE',  ( 2.899999999999999900, 2.469999999999999800, 0.0000000000000000000 ) ) ;
#4962 = CARTESIAN_POINT ( 'NONE',  ( 2.389931833186331700, 1.580047681430130700, 0.1700000000000000100 ) ) ;
#4963 = DIRECTION ( 'NONE',  ( -0.0000000000000000000, 0.0000000000000000000, 1.000000000000000000 ) ) ;
#4964 = UNCERTAINTY_MEASURE_WITH_UNIT (LENGTH_MEASURE( 1.000000000000000100E-005 ), #6234, 'distance_accuracy_value', 'NONE');
#4965 =( GEOMETRIC_REPRESENTATION_CONTEXT ( 3 ) GLOBAL_UNCERTAINTY_ASSIGNED_CONTEXT ( ( #2422 ) ) GLOBAL_UNIT_ASSIGNED_CONTEXT ( ( #5941, #2654, #6474 ) ) REPRESENTATION_CONTEXT ( 'NONE', 'WORKASPACE' ) );
#4966 = ADVANCED_FACE ( 'NONE', ( #6624 ), #6699, .F. ) ;
#4967 =( LENGTH_UNIT ( ) NAMED_UNIT ( * ) SI_UNIT ( .MILLI., .METRE. ) );
#4968 = CARTESIAN_POINT ( 'NONE',  ( 2.779937501871236400, 2.400138902867559900, 0.0000000000000000000 ) ) ;
#4969 =( GEOMETRIC_REPRESENTATION_CONTEXT ( 3 ) GLOBAL_UNCERTAINTY_ASSIGNED_CONTEXT ( ( #4832 ) ) GLOBAL_UNIT_ASSIGNED_CONTEXT ( ( #764, #4571, #1304 ) ) REPRESENTATION_CONTEXT ( 'NONE', 'WORKASPACE' ) );
#4970 =( LENGTH_UNIT ( ) NAMED_UNIT ( * ) SI_UNIT ( .MILLI., .METRE. ) );
#4971 = VECTOR ( 'NONE', #3907, 1000.000000000000000 ) ;
#4972 = EDGE_CURVE ( 'NONE', #2964, #896, #6103, .T. ) ;
#4973 = SURFACE_STYLE_USAGE ( .BOTH. , #1175 ) ;
#4974 = CARTESIAN_POINT ( 'NONE',  ( 3.079968505970319000, 2.099997406541917600, 0.4999999876735901600 ) ) ;
#4975 = LINE ( 'NONE', #2098, #3533 ) ;
#4976 = ADVANCED_FACE ( 'NONE', ( #3229 ), #1244, .F. ) ;
#4977 =( GEOMETRIC_REPRESENTATION_CONTEXT ( 3 ) GLOBAL_UNCERTAINTY_ASSIGNED_CONTEXT ( ( #2416 ) ) GLOBAL_UNIT_ASSIGNED_CONTEXT ( ( #5890, #2613, #6432 ) ) REPRESENTATION_CONTEXT ( 'NONE', 'WORKASPACE' ) );
#4978 = VECTOR ( 'NONE', #968, 1000.000000000000000 ) ;
#4979 = SURFACE_STYLE_USAGE ( .BOTH. , #1186 ) ;
#4980 = LINE ( 'NONE', #6981, #6249 ) ;
#4981 = CARTESIAN_POINT ( 'NONE',  ( 2.988180369749845700, 0.2055730340098374800, 0.5000030325441262600 ) ) ;
#4982 = SURFACE_STYLE_FILL_AREA ( #6166 ) ;
#4983 = CARTESIAN_POINT ( 'NONE',  ( 2.774932736525889800, 2.074932736525889600, 0.5000000000000000000 ) ) ;
#4984 = ORIENTED_EDGE ( 'NONE', *, *, #6239, .T. ) ;
#4985 = VERTEX_POINT ( 'NONE', #773 ) ;
#4986 = EDGE_CURVE ( 'NONE', #5234, #2012, #4142, .T. ) ;
#4987 = CARTESIAN_POINT ( 'NONE',  ( 3.050000000000000300, 2.100000000000000100, 0.5200000000000000200 ) ) ;
#4988 =( LENGTH_UNIT ( ) NAMED_UNIT ( * ) SI_UNIT ( .MILLI., .METRE. ) );
#4989 = EDGE_CURVE ( 'NONE', #5802, #3213, #7042, .T. ) ;
#4990 = VECTOR ( 'NONE', #980, 1000.000000000000000 ) ;
#4991 = SURFACE_STYLE_FILL_AREA ( #3381 ) ;
#4992 = CARTESIAN_POINT ( 'NONE',  ( 3.100000000000000500, 2.043333333333333400, 0.4800000000000000900 ) ) ;
#4993 = CARTESIAN_POINT ( 'NONE',  ( 1.119723590466932000, 0.02999999999999997100, 0.1700000000000000100 ) ) ;
#4994 = EDGE_LOOP ( 'NONE', ( #2333, #3120, #5573, #376 ) ) ;
#4995 = CARTESIAN_POINT ( 'NONE',  ( 2.971020189613619200, 0.3019749272942622300, 0.5999999999999999800 ) ) ;
#4996 = ORIENTED_EDGE ( 'NONE', *, *, #1477, .T. ) ;
#4997 = ORIENTED_EDGE ( 'NONE', *, *, #1171, .F. ) ;
#4998 = ORIENTED_EDGE ( 'NONE', *, *, #2036, .F. ) ;
#4999 = LINE ( 'NONE', #3601, #5500 ) ;
#5000 = EDGE_LOOP ( 'NONE', ( #4216, #1487, #3000, #6252 ) ) ;
#5001 = EDGE_LOOP ( 'NONE', ( #5232, #2204, #4663, #2962, #6522, #2883, #4568, #4689, #4936, #4156, #436 ) ) ;
#5002 = VECTOR ( 'NONE', #6096, 1000.000000000000000 ) ;
#5003 = MANIFOLD_SOLID_BREP ( 'Ressalto-extrus?5[1]', #4183 ) ;
#5004 = ADVANCED_FACE ( 'NONE', ( #739 ), #4582, .F. ) ;
#5005 = VERTEX_POINT ( 'NONE', #5136 ) ;
#5006 = MECHANICAL_DESIGN_GEOMETRIC_PRESENTATION_REPRESENTATION (  '', ( #4275 ), #5354 ) ;
#5007 = SURFACE_SIDE_STYLE ('',( #5132 ) ) ;
#5008 = FILL_AREA_STYLE ('',( #6642 ) ) ;
#5009 = FILL_AREA_STYLE_COLOUR ( '', #289 ) ;
#5010 = STYLED_ITEM ( 'NONE', ( #1382 ), #3070 ) ;
#5011 = FILL_AREA_STYLE_COLOUR ( '', #2811 ) ;
#5012 = FILL_AREA_STYLE ('',( #6645 ) ) ;
#5013 = EDGE_CURVE ( 'NONE', #6696, #4320, #4405, .T. ) ;
#5014 = CARTESIAN_POINT ( 'NONE',  ( 2.800000000000000300, 2.370000000000000100, 0.5000000000000000000 ) ) ;
#5015 = PLANE ( 'NONE',  #1977 ) ;
#5016 = EDGE_LOOP ( 'NONE', ( #5122, #2346, #3971, #763 ) ) ;
#5017 =( LENGTH_UNIT ( ) NAMED_UNIT ( * ) SI_UNIT ( .MILLI., .METRE. ) );
#5018 = STYLED_ITEM ( 'NONE', ( #3506 ), #646 ) ;
#5019 = EDGE_CURVE ( 'NONE', #377, #7047, #2959, .T. ) ;
#5020 = CARTESIAN_POINT ( 'NONE',  ( 1.119723590466932000, 0.9199523185698690300, 0.0000000000000000000 ) ) ;
#5021 = EDGE_LOOP ( 'NONE', ( #1434, #741, #4490, #3615 ) ) ;
#5022 = FILL_AREA_STYLE_COLOUR ( '', #1573 ) ;
#5023 =( NAMED_UNIT ( * ) SI_UNIT ( $, .STERADIAN. ) SOLID_ANGLE_UNIT ( ) );
#5024 = CARTESIAN_POINT ( 'NONE',  ( 3.200000000000000200, -1.626303258728256700E-016, 0.2899999999999999800 ) ) ;
#5025 = PRESENTATION_STYLE_ASSIGNMENT (( #2004 ) ) ;
#5026 = VECTOR ( 'NONE', #5228, 1000.000000000000000 ) ;
#5027 = ADVANCED_FACE ( 'NONE', ( #5843 ), #3639, .T. ) ;
#5028 = CARTESIAN_POINT ( 'NONE',  ( 3.099999999999988100, 2.033423031556833600, 0.5000000000000003300 ) ) ;
#5029 = VERTEX_POINT ( 'NONE', #1360 ) ;
#5030 = CARTESIAN_POINT ( 'NONE',  ( 3.083763296701755000, 2.196538129907542800, 0.4999999999999802400 ) ) ;
#5031 = EDGE_CURVE ( 'NONE', #3304, #494, #4220, .T. ) ;
#5032 = FILL_AREA_STYLE ('',( #1744 ) ) ;
#5033 = LINE ( 'NONE', #187, #2137 ) ;
#5034 = SURFACE_STYLE_FILL_AREA ( #6745 ) ;
#5035 = CARTESIAN_POINT ( 'NONE',  ( 3.100009241445716300, 2.079959576973093000, 0.0000000000000000000 ) ) ;
#5036 = MECHANICAL_DESIGN_GEOMETRIC_PRESENTATION_REPRESENTATION (  '', ( #3945 ), #5398 ) ;
#5037 = COLOUR_RGB ( '',0.01176470588235294100, 0.0000000000000000000, 0.05882352941176470500 ) ;
#5038 = CARTESIAN_POINT ( 'NONE',  ( 0.08014551274507600300, 0.2141744883756015700, 0.2899999999999999800 ) ) ;
#5039 = LINE ( 'NONE', #2231, #2147 ) ;
#5040 = AXIS2_PLACEMENT_3D ( 'NONE', #3330, #2762, #2234 ) ;
#5041 = MECHANICAL_DESIGN_GEOMETRIC_PRESENTATION_REPRESENTATION (  '', ( #3949 ), #5409 ) ;
#5042 = UNCERTAINTY_MEASURE_WITH_UNIT (LENGTH_MEASURE( 1.000000000000000100E-005 ), #664, 'distance_accuracy_value', 'NONE');
#5043 =( LENGTH_UNIT ( ) NAMED_UNIT ( * ) SI_UNIT ( .MILLI., .METRE. ) );
#5044 = CARTESIAN_POINT ( 'NONE',  ( 2.899999999999999900, 2.469999999999999800, 0.1700000000000000100 ) ) ;
#5045 = CARTESIAN_POINT ( 'NONE',  ( 2.080276409533067900, 0.09986109713243988800, 0.0000000000000000000 ) ) ;
#5046 = SURFACE_STYLE_USAGE ( .BOTH. , #1248 ) ;
#5047 = DIRECTION ( 'NONE',  ( 0.6956240485358546900, 0.7184060015747271200, -0.0000000000000000000 ) ) ;
#5048 = SURFACE_STYLE_USAGE ( .BOTH. , #1251 ) ;
#5049 =( GEOMETRIC_REPRESENTATION_CONTEXT ( 3 ) GLOBAL_UNCERTAINTY_ASSIGNED_CONTEXT ( ( #6450 ) ) GLOBAL_UNIT_ASSIGNED_CONTEXT ( ( #5183, #1930, #5739 ) ) REPRESENTATION_CONTEXT ( 'NONE', 'WORKASPACE' ) );
#5050 = CARTESIAN_POINT ( 'NONE',  ( 2.905779064237654600, 2.379842557812613900, 0.4800000000000000900 ) ) ;
#5051 =( GEOMETRIC_REPRESENTATION_CONTEXT ( 3 ) GLOBAL_UNCERTAINTY_ASSIGNED_CONTEXT ( ( #3060 ) ) GLOBAL_UNIT_ASSIGNED_CONTEXT ( ( #2703, #6515, #3275 ) ) REPRESENTATION_CONTEXT ( 'NONE', 'WORKASPACE' ) );
#5052 = LINE ( 'NONE', #1889, #893 ) ;
#5053 = VERTEX_POINT ( 'NONE', #4739 ) ;
#5054 = VERTEX_POINT ( 'NONE', #5275 ) ;
#5055 = MECHANICAL_DESIGN_GEOMETRIC_PRESENTATION_REPRESENTATION (  '', ( #3265 ), #5430 ) ;
#5056 = CARTESIAN_POINT ( 'NONE',  ( 0.1199407981708986400, 0.4015377163292058700, 0.4999999781956229200 ) ) ;
#5057 = SURFACE_STYLE_FILL_AREA ( #5260 ) ;
#5058 = AXIS2_PLACEMENT_3D ( 'NONE', #6397, #3710, #5915 ) ;
#5059 = DIRECTION ( 'NONE',  ( -0.0000000000000000000, -0.0000000000000000000, 1.000000000000000000 ) ) ;
#5060 = VECTOR ( 'NONE', #7057, 1000.000000000000000 ) ;
#5061 = EDGE_CURVE ( 'NONE', #5632, #1828, #5492, .T. ) ;
#5062 =( NAMED_UNIT ( * ) SI_UNIT ( $, .STERADIAN. ) SOLID_ANGLE_UNIT ( ) );
#5063 = DIRECTION ( 'NONE',  ( -1.000000000000000000, -0.0000000000000000000, 0.0000000000000000000 ) ) ;
#5064 = ADVANCED_FACE ( 'NONE', ( #51 ), #3137, .F. ) ;
#5065 = SURFACE_STYLE_FILL_AREA ( #322 ) ;
#5066 = VERTEX_POINT ( 'NONE', #3659 ) ;
#5067 = VERTEX_POINT ( 'NONE', #3681 ) ;
#5068 = ORIENTED_EDGE ( 'NONE', *, *, #5252, .T. ) ;
#5069 = ORIENTED_EDGE ( 'NONE', *, *, #5720, .F. ) ;
#5070 = PRESENTATION_LAYER_ASSIGNMENT (  '', '', ( #4702 ) ) ;
#5071 = FACE_OUTER_BOUND ( 'NONE', #2454, .T. ) ;
#5072 = CIRCLE ( 'NONE', #4504, 0.3260323503590204000 ) ;
#5073 =( LENGTH_UNIT ( ) NAMED_UNIT ( * ) SI_UNIT ( .MILLI., .METRE. ) );
#5074 =( LENGTH_UNIT ( ) NAMED_UNIT ( * ) SI_UNIT ( .MILLI., .METRE. ) );
#5075 = ORIENTED_EDGE ( 'NONE', *, *, #1804, .T. ) ;
#5076 = DIRECTION ( 'NONE',  ( 0.0000000000000000000, -0.0000000000000000000, 1.000000000000000000 ) ) ;
#5077 = CARTESIAN_POINT ( 'NONE',  ( 3.050000000000000700, 2.246446609406726100, 0.5400000000000001500 ) ) ;
#5078 = ORIENTED_EDGE ( 'NONE', *, *, #191, .T. ) ;
#5079 = ORIENTED_EDGE ( 'NONE', *, *, #4517, .T. ) ;
#5080 = EDGE_CURVE ( 'NONE', #3236, #5356, #3542, .T. ) ;
#5081 = SURFACE_STYLE_FILL_AREA ( #5130 ) ;
#5082 = CARTESIAN_POINT ( 'NONE',  ( 0.4015377163306956800, 2.380059201909494200, 0.5000000000000000000 ) ) ;
#5083 = LINE ( 'NONE', #1886, #6710 ) ;
#5084 = PRESENTATION_STYLE_ASSIGNMENT (( #4139 ) ) ;
#5085 = ORIENTED_EDGE ( 'NONE', *, *, #372, .F. ) ;
#5086 = ORIENTED_EDGE ( 'NONE', *, *, #6449, .F. ) ;
#5087 =( GEOMETRIC_REPRESENTATION_CONTEXT ( 3 ) GLOBAL_UNCERTAINTY_ASSIGNED_CONTEXT ( ( #5795 ) ) GLOBAL_UNIT_ASSIGNED_CONTEXT ( ( #6883, #3619, #364 ) ) REPRESENTATION_CONTEXT ( 'NONE', 'WORKASPACE' ) );
#5088 = PLANE ( 'NONE',  #342 ) ;
#5089 = CIRCLE ( 'NONE', #2122, 0.2000000000000004000 ) ;
#5090 = CARTESIAN_POINT ( 'NONE',  ( 0.2052604420177458500, 0.2121419212420618500, 0.5000030807121101900 ) ) ;
#5091 = DIRECTION ( 'NONE',  ( -0.0000000000000000000, -0.0000000000000000000, -1.000000000000000000 ) ) ;
#5092 =( GEOMETRIC_REPRESENTATION_CONTEXT ( 3 ) GLOBAL_UNCERTAINTY_ASSIGNED_CONTEXT ( ( #674 ) ) GLOBAL_UNIT_ASSIGNED_CONTEXT ( ( #6167, #2923, #6728 ) ) REPRESENTATION_CONTEXT ( 'NONE', 'WORKASPACE' ) );
#5093 = CARTESIAN_POINT ( 'NONE',  ( 2.820822237463974000, 0.1017531415025944900, 0.4999999999999987800 ) ) ;
#5094 = STYLED_ITEM ( 'NONE', ( #3216 ), #2218 ) ;
#5095 = ORIENTED_EDGE ( 'NONE', *, *, #2708, .F. ) ;
#5096 = CARTESIAN_POINT ( 'NONE',  ( 0.4000000000000000800, 0.2099999999999999600, 0.6000000000000002000 ) ) ;
#5097 = UNCERTAINTY_MEASURE_WITH_UNIT (LENGTH_MEASURE( 1.000000000000000100E-005 ), #6351, 'distance_accuracy_value', 'NONE');
#5098 = CARTESIAN_POINT ( 'NONE',  ( 3.100000000000000500, 0.4000000000000000200, 0.5000000000000000000 ) ) ;
#5099 = MECHANICAL_DESIGN_GEOMETRIC_PRESENTATION_REPRESENTATION (  '', ( #4376 ), #5463 ) ;
#5100 = FILL_AREA_STYLE ('',( #3981 ) ) ;
#5101 = DIRECTION ( 'NONE',  ( 0.0000000000000000000, -0.0000000000000000000, 1.000000000000000000 ) ) ;
#5102 = PRODUCT_RELATED_PRODUCT_CATEGORY ( 'part', '', ( #2596 ) ) ;
#5103 = DIRECTION ( 'NONE',  ( -0.0000000000000000000, -1.000000000000000000, -0.0000000000000000000 ) ) ;
#5104 = CARTESIAN_POINT ( 'NONE',  ( 3.070769560685124900, 0.2413868636284595400, 0.5000148110754012400 ) ) ;
#5105 = MECHANICAL_DESIGN_GEOMETRIC_PRESENTATION_REPRESENTATION (  '', ( #4380 ), #5468 ) ;
#5106 = ORIENTED_EDGE ( 'NONE', *, *, #5363, .T. ) ;
#5107 =( NAMED_UNIT ( * ) PLANE_ANGLE_UNIT ( ) SI_UNIT ( $, .RADIAN. ) );
#5108 = CARTESIAN_POINT ( 'NONE',  ( 0.1677887373467478700, 2.250449310801155200, 0.5000000000000002200 ) ) ;
#5109 = EDGE_CURVE ( 'NONE', #772, #896, #2080, .T. ) ;
#5110 =( LENGTH_UNIT ( ) NAMED_UNIT ( * ) SI_UNIT ( .MILLI., .METRE. ) );
#5111 = ORIENTED_EDGE ( 'NONE', *, *, #5839, .T. ) ;
#5112 =( GEOMETRIC_REPRESENTATION_CONTEXT ( 3 ) GLOBAL_UNCERTAINTY_ASSIGNED_CONTEXT ( ( #5618 ) ) GLOBAL_UNIT_ASSIGNED_CONTEXT ( ( #4213, #957, #4761 ) ) REPRESENTATION_CONTEXT ( 'NONE', 'WORKASPACE' ) );
#5113 = CARTESIAN_POINT ( 'NONE',  ( 3.049025075037838000, 0.2380802303359551000, 0.4800000000000000900 ) ) ;
#5114 = ADVANCED_BREP_SHAPE_REPRESENTATION ( 'User Library-3225-1', ( #4776, #6582, #5003, #6055, #251, #1518, #4003 ), #1102 ) ;
#5115 = ORIENTED_EDGE ( 'NONE', *, *, #3567, .T. ) ;
#5116 = AXIS2_PLACEMENT_3D ( 'NONE', #1118, #4919, #1667 ) ;
#5117 = CYLINDRICAL_SURFACE ( 'NONE', #2544, 0.05999999999999994200 ) ;
#5118 = EDGE_CURVE ( 'NONE', #2012, #3236, #3090, .T. ) ;
#5119 = DIRECTION ( 'NONE',  ( -0.0000000000000000000, -1.000000000000000000, 0.0000000000000000000 ) ) ;
#5120 = CARTESIAN_POINT ( 'NONE',  ( 3.170000000000000400, 0.4200404230269067000, 0.1700000000000000100 ) ) ;
#5121 = DIRECTION ( 'NONE',  ( -1.000000000000000000, 0.0000000000000000000, 0.0000000000000000000 ) ) ;
#5122 = ORIENTED_EDGE ( 'NONE', *, *, #3774, .T. ) ;
#5123 = DIRECTION ( 'NONE',  ( -1.000000000000000000, 2.126443591017727700E-016, 0.0000000000000000000 ) ) ;
#5124 = CARTESIAN_POINT ( 'NONE',  ( 3.050000000000000300, 0.4000000000000006300, 0.5200000000000000200 ) ) ;
#5125 = SURFACE_STYLE_FILL_AREA ( #6197 ) ;
#5126 = CARTESIAN_POINT ( 'NONE',  ( 3.079999999999999600, 1.023333333333334100, 0.5000000000000000000 ) ) ;
#5127 = CARTESIAN_POINT ( 'NONE',  ( 2.799740627478671600, 0.09999999999999632800, 0.3525820866397662600 ) ) ;
#5128 =( NAMED_UNIT ( * ) PLANE_ANGLE_UNIT ( ) SI_UNIT ( $, .RADIAN. ) );
#5129 = DIRECTION ( 'NONE',  ( 1.000000000000000000, 0.0000000000000000000, 0.0000000000000000000 ) ) ;
#5130 = FILL_AREA_STYLE ('',( #1881 ) ) ;
#5131 =( BOUNDED_SURFACE ( )  B_SPLINE_SURFACE ( 3, 3, ( 
 ( #2362, #1293, #5104, #1849 ),
 ( #5646, #2379, #6198, #2949 ),
 ( #6748, #3496, #227, #4032 ),
 ( #776, #4586, #1317, #5124 ) ),
 .UNSPECIFIED., .F., .F., .F. ) 
 B_SPLINE_SURFACE_WITH_KNOTS ( ( 4, 4 ),
 ( 4, 4 ),
 ( 0.0000000000000000000, 1.000000000000000000 ),
 ( 0.0000000000000000000, 1.000000000000000000 ),
 .UNSPECIFIED. ) 
 GEOMETRIC_REPRESENTATION_ITEM ( )  RATIONAL_B_SPLINE_SURFACE ( (
 ( 1.000000000000000000, 0.8047378541243658300, 0.8047378541243658300, 1.000000000000000000),
 ( 0.7955795317417835300, 0.6402329651591506200, 0.6402329651591506200, 0.7955795317417835300),
 ( 0.7955795317417835300, 0.6402329651591506200, 0.6402329651591506200, 0.7955795317417835300),
 ( 1.000000000000000000, 0.8047378541243658300, 0.8047378541243658300, 1.000000000000000000) ) ) 
 REPRESENTATION_ITEM ( '' )  SURFACE ( )  );
#5132 = SURFACE_STYLE_FILL_AREA ( #1203 ) ;
#5133 = FACE_OUTER_BOUND ( 'NONE', #3880, .T. ) ;
#5134 = PRESENTATION_LAYER_ASSIGNMENT (  '', '', ( #4774 ) ) ;
#5135 = CARTESIAN_POINT ( 'NONE',  ( 1.280000000000000000, 2.379999999999999900, 0.5000000000000000000 ) ) ;
#5136 = CARTESIAN_POINT ( 'NONE',  ( 3.200000000000000200, 2.299999999999999800, 0.2899999999999999800 ) ) ;
#5137 = ORIENTED_EDGE ( 'NONE', *, *, #4443, .F. ) ;
#5138 = DIRECTION ( 'NONE',  ( 0.0000000000000000000, 0.0000000000000000000, -1.000000000000000000 ) ) ;
#5139 = SURFACE_SIDE_STYLE ('',( #1647 ) ) ;
#5140 =( LENGTH_UNIT ( ) NAMED_UNIT ( * ) SI_UNIT ( .MILLI., .METRE. ) );
#5141 = VECTOR ( 'NONE', #2017, 1000.000000000000000 ) ;
#5142 = EDGE_CURVE ( 'NONE', #2971, #6860, #6253, .T. ) ;
#5143 = VECTOR ( 'NONE', #420, 1000.000000000000000 ) ;
#5144 = PRESENTATION_LAYER_ASSIGNMENT (  '', '', ( #4059 ) ) ;
#5145 = CARTESIAN_POINT ( 'NONE',  ( 0.0000000000000000000, 0.2000000000000000100, 0.0000000000000000000 ) ) ;
#5146 = EDGE_LOOP ( 'NONE', ( #5491, #2686, #3798, #3963 ) ) ;
#5147 = ORIENTED_EDGE ( 'NONE', *, *, #2929, .F. ) ;
#5148 = LINE ( 'NONE', #5442, #983 ) ;
#5149 = SURFACE_SIDE_STYLE ('',( #3135 ) ) ;
#5150 = UNCERTAINTY_MEASURE_WITH_UNIT (LENGTH_MEASURE( 1.000000000000000100E-005 ), #892, 'distance_accuracy_value', 'NONE');
#5151 =( NAMED_UNIT ( * ) PLANE_ANGLE_UNIT ( ) SI_UNIT ( $, .RADIAN. ) );
#5152 = ORIENTED_EDGE ( 'NONE', *, *, #2457, .F. ) ;
#5153 = CARTESIAN_POINT ( 'NONE',  ( 2.800000000000000300, 0.1000000000000001600, 0.4800000000000000400 ) ) ;
#5154 = EDGE_LOOP ( 'NONE', ( #6734, #4418, #766, #472 ) ) ;
#5155 = ORIENTED_EDGE ( 'NONE', *, *, #2036, .T. ) ;
#5156 = ORIENTED_EDGE ( 'NONE', *, *, #1390, .F. ) ;
#5157 = EDGE_CURVE ( 'NONE', #562, #377, #939, .T. ) ;
#5158 =( NAMED_UNIT ( * ) SI_UNIT ( $, .STERADIAN. ) SOLID_ANGLE_UNIT ( ) );
#5159 = LINE ( 'NONE', #361, #2269 ) ;
#5160 = SURFACE_STYLE_FILL_AREA ( #4255 ) ;
#5161 = ADVANCED_FACE ( 'NONE', ( #3377 ), #4835, .F. ) ;
#5162 = VERTEX_POINT ( 'NONE', #4806 ) ;
#5163 = EDGE_LOOP ( 'NONE', ( #3808, #3611, #5273, #5396 ) ) ;
#5164 = CARTESIAN_POINT ( 'NONE',  ( 2.720000000000006000, 2.399999999999999900, 0.4800000000000000900 ) ) ;
#5165 = LINE ( 'NONE', #2836, #5002 ) ;
#5166 =( LENGTH_UNIT ( ) NAMED_UNIT ( * ) SI_UNIT ( .MILLI., .METRE. ) );
#5167 = FILL_AREA_STYLE_COLOUR ( '', #1888 ) ;
#5168 = LINE ( 'NONE', #3584, #4066 ) ;
#5169 = SURFACE_STYLE_USAGE ( .BOTH. , #1363 ) ;
#5170 = EDGE_CURVE ( 'NONE', #5891, #3304, #2858, .T. ) ;
#5171 = EDGE_LOOP ( 'NONE', ( #6092, #3517, #2680, #6688 ) ) ;
#5172 = FACE_OUTER_BOUND ( 'NONE', #4567, .T. ) ;
#5173 = FACE_OUTER_BOUND ( 'NONE', #1687, .T. ) ;
#5174 = CARTESIAN_POINT ( 'NONE',  ( 0.3693788275795951100, 2.396542742251392500, 0.4800000000000000900 ) ) ;
#5175 = UNCERTAINTY_MEASURE_WITH_UNIT (LENGTH_MEASURE( 1.000000000000000100E-005 ), #1945, 'distance_accuracy_value', 'NONE');
#5176 = MECHANICAL_DESIGN_GEOMETRIC_PRESENTATION_REPRESENTATION (  '', ( #4456 ), #5538 ) ;
#5177 = CARTESIAN_POINT ( 'NONE',  ( -1.626303258728256700E-016, 1.580047681430130700, 0.0000000000000000000 ) ) ;
#5178 =( NAMED_UNIT ( * ) SI_UNIT ( $, .STERADIAN. ) SOLID_ANGLE_UNIT ( ) );
#5179 = CARTESIAN_POINT ( 'NONE',  ( 3.200000000000000600, -1.626303258728256700E-016, 0.1700000000000000100 ) ) ;
#5180 = AXIS2_PLACEMENT_3D ( 'NONE', #4759, #1507, #5291 ) ;
#5181 = DIRECTION ( 'NONE',  ( 0.0000000000000000000, -1.000000000000000000, 0.0000000000000000000 ) ) ;
#5182 = PRESENTATION_LAYER_ASSIGNMENT (  '', '', ( #4088 ) ) ;
#5183 =( LENGTH_UNIT ( ) NAMED_UNIT ( * ) SI_UNIT ( .MILLI., .METRE. ) );
#5184 = CARTESIAN_POINT ( 'NONE',  ( 2.774932736525889800, 0.4250672634741105000, 0.5000000000000000000 ) ) ;
#5185 = VERTEX_POINT ( 'NONE', #1059 ) ;
#5186 = DIRECTION ( 'NONE',  ( -1.000000000000000000, 2.126443591017727700E-016, 0.0000000000000000000 ) ) ;
#5187 =( NAMED_UNIT ( * ) PLANE_ANGLE_UNIT ( ) SI_UNIT ( $, .RADIAN. ) );
#5188 = CARTESIAN_POINT ( 'NONE',  ( 0.02999999999999996400, 0.3000000000000000400, 0.0000000000000000000 ) ) ;
#5189 = MECHANICAL_DESIGN_GEOMETRIC_PRESENTATION_REPRESENTATION (  '', ( #3384 ), #5556 ) ;
#5190 = EDGE_CURVE ( 'NONE', #772, #6559, #1408, .T. ) ;
#5191 = LINE ( 'NONE', #6952, #1037 ) ;
#5192 = ADVANCED_FACE ( 'NONE', ( #5755 ), #729, .F. ) ;
#5193 = DIRECTION ( 'NONE',  ( -1.000000000000000000, 0.0000000000000000000, 0.0000000000000000000 ) ) ;
#5194 = VECTOR ( 'NONE', #3096, 1000.000000000000000 ) ;
#5195 = UNCERTAINTY_MEASURE_WITH_UNIT (LENGTH_MEASURE( 1.000000000000000100E-005 ), #5699, 'distance_accuracy_value', 'NONE');
#5196 = ORIENTED_EDGE ( 'NONE', *, *, #2647, .T. ) ;
#5197 = SURFACE_SIDE_STYLE ('',( #3514 ) ) ;
#5198 = CARTESIAN_POINT ( 'NONE',  ( 0.3000000000000004900, 2.469999999999999800, 0.0000000000000000000 ) ) ;
#5199 = AXIS2_PLACEMENT_3D ( 'NONE', #5457, #2206, #6012 ) ;
#5200 = B_SPLINE_CURVE_WITH_KNOTS ( 'NONE', 3,
 ( #2027, #398, #1498, #5856 ),
 .UNSPECIFIED., .F., .F.,
 ( 4, 4 ),
 ( 0.0000000000000000000, 1.000000000000000000 ),
 .UNSPECIFIED. ) ;
#5201 = SURFACE_STYLE_USAGE ( .BOTH. , #1401 ) ;
#5202 = SURFACE_STYLE_USAGE ( .BOTH. , #1402 ) ;
#5203 = LINE ( 'NONE', #1847, #3583 ) ;
#5204 = EDGE_CURVE ( 'NONE', #1126, #1070, #2168, .T. ) ;
#5205 = SURFACE_STYLE_FILL_AREA ( #5008 ) ;
#5206 = DIRECTION ( 'NONE',  ( -0.0000000000000000000, -0.0000000000000000000, -1.000000000000000000 ) ) ;
#5207 = SURFACE_SIDE_STYLE ('',( #5541 ) ) ;
#5208 = SURFACE_STYLE_FILL_AREA ( #2159 ) ;
#5209 =( NAMED_UNIT ( * ) SI_UNIT ( $, .STERADIAN. ) SOLID_ANGLE_UNIT ( ) );
#5210 = CARTESIAN_POINT ( 'NONE',  ( 3.050000000000000300, 2.099999999999999600, 0.5079235637004544400 ) ) ;
#5211 = STYLED_ITEM ( 'NONE', ( #2862 ), #3924 ) ;
#5212 = VECTOR ( 'NONE', #6572, 1000.000000000000000 ) ;
#5213 =( NAMED_UNIT ( * ) SI_UNIT ( $, .STERADIAN. ) SOLID_ANGLE_UNIT ( ) );
#5214 = CARTESIAN_POINT ( 'NONE',  ( 3.049025075037838500, 0.2380802303359551600, 0.4800000000000001500 ) ) ;
#5215 = VECTOR ( 'NONE', #6951, 1000.000000000000000 ) ;
#5216 =( NAMED_UNIT ( * ) SI_UNIT ( $, .STERADIAN. ) SOLID_ANGLE_UNIT ( ) );
#5217 = STYLED_ITEM ( 'NONE', ( #738 ), #2105 ) ;
#5218 = EDGE_CURVE ( 'NONE', #5802, #5327, #6519, .T. ) ;
#5219 = CARTESIAN_POINT ( 'NONE',  ( 0.09999075855428372900, 1.580047681430131000, 0.1700000000000000100 ) ) ;
#5220 = CARTESIAN_POINT ( 'NONE',  ( 3.069662791898525100, 0.3238564295373392300, 0.5000000000000000000 ) ) ;
#5221 = CARTESIAN_POINT ( 'NONE',  ( 0.2535533905932738600, 2.350000000000000500, 0.5079226145318315200 ) ) ;
#5222 = AXIS2_PLACEMENT_3D ( 'NONE', #6657, #3398, #124 ) ;
#5223 = ORIENTED_EDGE ( 'NONE', *, *, #2801, .T. ) ;
#5224 = ORIENTED_EDGE ( 'NONE', *, *, #5619, .T. ) ;
#5225 =( GEOMETRIC_REPRESENTATION_CONTEXT ( 3 ) GLOBAL_UNCERTAINTY_ASSIGNED_CONTEXT ( ( #1852 ) ) GLOBAL_UNIT_ASSIGNED_CONTEXT ( ( #2538, #6352, #3106 ) ) REPRESENTATION_CONTEXT ( 'NONE', 'WORKASPACE' ) );
#5226 = AXIS2_PLACEMENT_3D ( 'NONE', #2456, #6271, #3030 ) ;
#5227 = CARTESIAN_POINT ( 'NONE',  ( 0.1210520794890864000, 0.3871268425803999200, 0.5000000000000000000 ) ) ;
#5228 = DIRECTION ( 'NONE',  ( -1.000000000000000000, 0.0000000000000000000, -0.0000000000000000000 ) ) ;
#5229 = VERTEX_POINT ( 'NONE', #4912 ) ;
#5230 =( NAMED_UNIT ( * ) PLANE_ANGLE_UNIT ( ) SI_UNIT ( $, .RADIAN. ) );
#5231 = CARTESIAN_POINT ( 'NONE',  ( 2.080276409533067900, 2.400138902867559900, 0.0000000000000000000 ) ) ;
#5232 = ORIENTED_EDGE ( 'NONE', *, *, #5204, .T. ) ;
#5233 = ORIENTED_EDGE ( 'NONE', *, *, #3652, .F. ) ;
#5234 = VERTEX_POINT ( 'NONE', #6532 ) ;
#5235 = EDGE_CURVE ( 'NONE', #2764, #2964, #1988, .T. ) ;
#5236 = FILL_AREA_STYLE ('',( #5794 ) ) ;
#5237 = CARTESIAN_POINT ( 'NONE',  ( 0.4033698769674129400, 2.431371325228587100, 0.2899999999999999200 ) ) ;
#5238 = ORIENTED_EDGE ( 'NONE', *, *, #5280, .F. ) ;
#5239 = FACE_OUTER_BOUND ( 'NONE', #5000, .T. ) ;
#5240 = CARTESIAN_POINT ( 'NONE',  ( 0.2124905980351155800, 2.295076617752148900, 0.5000031419414986400 ) ) ;
#5241 = DIRECTION ( 'NONE',  ( 0.0000000000000000000, 1.000000000000000000, 0.0000000000000000000 ) ) ;
#5242 = ORIENTED_EDGE ( 'NONE', *, *, #3115, .F. ) ;
#5243 = ORIENTED_EDGE ( 'NONE', *, *, #6939, .F. ) ;
#5244 = STYLED_ITEM ( 'NONE', ( #521 ), #1173 ) ;
#5245 = PLANE ( 'NONE',  #3346 ) ;
#5246 = CARTESIAN_POINT ( 'NONE',  ( 3.070000000000000300, 2.100000000000000100, 0.5200000000000000200 ) ) ;
#5247 = COLOUR_RGB ( '',0.6470588235294118000, 0.6196078431372549200, 0.5843137254901961100 ) ;
#5248 = COLOUR_RGB ( '',0.8274509803921568100, 0.6666666666666666300, 0.1254901960784313700 ) ;
#5249 =( NAMED_UNIT ( * ) SI_UNIT ( $, .STERADIAN. ) SOLID_ANGLE_UNIT ( ) );
#5250 = LINE ( 'NONE', #1958, #1694 ) ;
#5251 = CARTESIAN_POINT ( 'NONE',  ( 2.799299562876443200, 2.475224135144549600, 0.2899999999999999800 ) ) ;
#5252 = EDGE_CURVE ( 'NONE', #1704, #4134, #3608, .T. ) ;
#5253 = FILL_AREA_STYLE ('',( #6309 ) ) ;
#5254 = ORIENTED_EDGE ( 'NONE', *, *, #2603, .T. ) ;
#5255 = VERTEX_POINT ( 'NONE', #6560 ) ;
#5256 = FILL_AREA_STYLE_COLOUR ( '', #3683 ) ;
#5257 = VERTEX_POINT ( 'NONE', #26 ) ;
#5258 = CARTESIAN_POINT ( 'NONE',  ( 0.2052604420177458500, 0.2121419212420618500, 0.5000030807121101900 ) ) ;
#5259 = DIRECTION ( 'NONE',  ( -0.0000000000000000000, -0.0000000000000000000, -1.000000000000000000 ) ) ;
#5260 = FILL_AREA_STYLE ('',( #4711 ) ) ;
#5261 = CARTESIAN_POINT ( 'NONE',  ( 3.100009241445716300, 2.079959576973093000, 0.0000000000000000000 ) ) ;
#5262 = UNCERTAINTY_MEASURE_WITH_UNIT (LENGTH_MEASURE( 1.000000000000000100E-005 ), #2817, 'distance_accuracy_value', 'NONE');
#5263 = CARTESIAN_POINT ( 'NONE',  ( 0.2099999999999996900, 2.100000000000000100, 0.6000000000000002000 ) ) ;
#5264 = PLANE ( 'NONE',  #6407 ) ;
#5265 = VERTEX_POINT ( 'NONE', #3828 ) ;
#5266 = SURFACE_SIDE_STYLE ('',( #6479 ) ) ;
#5267 = DIRECTION ( 'NONE',  ( -0.0000000000000000000, -1.000000000000000000, 0.0000000000000000000 ) ) ;
#5268 = PRESENTATION_LAYER_ASSIGNMENT (  '', '', ( #4178 ) ) ;
#5269 =( GEOMETRIC_REPRESENTATION_CONTEXT ( 3 ) GLOBAL_UNCERTAINTY_ASSIGNED_CONTEXT ( ( #2591 ) ) GLOBAL_UNIT_ASSIGNED_CONTEXT ( ( #4263, #1007, #4801 ) ) REPRESENTATION_CONTEXT ( 'NONE', 'WORKASPACE' ) );
#5270 =( LENGTH_UNIT ( ) NAMED_UNIT ( * ) SI_UNIT ( .MILLI., .METRE. ) );
#5271 = COLOUR_RGB ( '',0.01176470588235294100, 0.0000000000000000000, 0.05882352941176470500 ) ;
#5272 = CARTESIAN_POINT ( 'NONE',  ( 0.2052604420177458500, 0.2121419212420618500, 0.5000030807121101900 ) ) ;
#5273 = ORIENTED_EDGE ( 'NONE', *, *, #1324, .F. ) ;
#5274 = CARTESIAN_POINT ( 'NONE',  ( 3.200000000000000200, 0.2999999999999999900, 0.1700000000000000100 ) ) ;
#5275 = CARTESIAN_POINT ( 'NONE',  ( 2.779937501871236900, 0.0000000000000000000, 0.0000000000000000000 ) ) ;
#5276 = PRESENTATION_STYLE_ASSIGNMENT (( #2448 ) ) ;
#5277 = VERTEX_POINT ( 'NONE', #2738 ) ;
#5278 = MECHANICAL_DESIGN_GEOMETRIC_PRESENTATION_REPRESENTATION (  '', ( #4569 ), #5657 ) ;
#5279 = LINE ( 'NONE', #5024, #6587 ) ;
#5280 = EDGE_CURVE ( 'NONE', #2008, #377, #6332, .T. ) ;
#5281 = COLOUR_RGB ( '',0.8274509803921568100, 0.6666666666666666300, 0.1294117647058823400 ) ;
#5282 = SURFACE_STYLE_USAGE ( .BOTH. , #1495 ) ;
#5283 = FILL_AREA_STYLE_COLOUR ( '', #2270 ) ;
#5284 =( NAMED_UNIT ( * ) SI_UNIT ( $, .STERADIAN. ) SOLID_ANGLE_UNIT ( ) );
#5285 = CARTESIAN_POINT ( 'NONE',  ( 0.3972620349942652700, 0.02499999999999999400, 0.2899999999999999800 ) ) ;
#5286 = FACE_OUTER_BOUND ( 'NONE', #3471, .T. ) ;
#5287 = UNCERTAINTY_MEASURE_WITH_UNIT (LENGTH_MEASURE( 1.000000000000000100E-005 ), #1516, 'distance_accuracy_value', 'NONE');
#5288 = PRESENTATION_STYLE_ASSIGNMENT (( #4381 ) ) ;
#5289 = EDGE_CURVE ( 'NONE', #2095, #4955, #4172, .T. ) ;
#5290 = CARTESIAN_POINT ( 'NONE',  ( 0.02500000000000001200, 2.102737965005744500, 0.2899999999999999800 ) ) ;
#5291 = DIRECTION ( 'NONE',  ( 0.0000000000000000000, -0.0000000000000000000, -1.000000000000000000 ) ) ;
#5292 = CARTESIAN_POINT ( 'NONE',  ( 2.389931833186331700, 1.580047681430130700, 0.1700000000000000100 ) ) ;
#5293 =( NAMED_UNIT ( * ) PLANE_ANGLE_UNIT ( ) SI_UNIT ( $, .RADIAN. ) );
#5294 =( LENGTH_UNIT ( ) NAMED_UNIT ( * ) SI_UNIT ( .MILLI., .METRE. ) );
#5295 = SURFACE_STYLE_FILL_AREA ( #631 ) ;
#5296 =( LENGTH_UNIT ( ) NAMED_UNIT ( * ) SI_UNIT ( .MILLI., .METRE. ) );
#5297 = MECHANICAL_DESIGN_GEOMETRIC_PRESENTATION_REPRESENTATION (  '', ( #3849 ), #5683 ) ;
#5298 = SURFACE_STYLE_USAGE ( .BOTH. , #4765 ) ;
#5299 = FACE_OUTER_BOUND ( 'NONE', #3541, .T. ) ;
#5300 = CARTESIAN_POINT ( 'NONE',  ( 1.119723590466932000, 0.09986109713243987400, 0.0000000000000000000 ) ) ;
#5301 = VERTEX_POINT ( 'NONE', #583 ) ;
#5302 = CARTESIAN_POINT ( 'NONE',  ( 0.09923864358606866700, 0.4098731178319771100, 0.4999999999999996700 ) ) ;
#5303 = CARTESIAN_POINT ( 'NONE',  ( 0.4000000000000001900, 0.2100000000000000200, 0.6000000000000000900 ) ) ;
#5304 = COLOUR_RGB ( '',0.8274509803921568100, 0.6666666666666666300, 0.1254901960784313700 ) ;
#5305 = CARTESIAN_POINT ( 'NONE',  ( 1.119723590466932000, 1.580047681430130700, 0.1700000000000000100 ) ) ;
#5306 = DIRECTION ( 'NONE',  ( 0.0000000000000000000, 0.0000000000000000000, 1.000000000000000000 ) ) ;
#5307 =( GEOMETRIC_REPRESENTATION_CONTEXT ( 3 ) GLOBAL_UNCERTAINTY_ASSIGNED_CONTEXT ( ( #1132 ) ) GLOBAL_UNIT_ASSIGNED_CONTEXT ( ( #943, #4749, #1493 ) ) REPRESENTATION_CONTEXT ( 'NONE', 'WORKASPACE' ) );
#5308 = ORIENTED_EDGE ( 'NONE', *, *, #5984, .F. ) ;
#5309 = ORIENTED_EDGE ( 'NONE', *, *, #6072, .F. ) ;
#5310 = CARTESIAN_POINT ( 'NONE',  ( 2.899999999999999900, 2.500000000000000000, 0.1700000000000000100 ) ) ;
#5311 = CARTESIAN_POINT ( 'NONE',  ( 3.175224135144549400, 0.4007004371235644000, 0.2899999999999999800 ) ) ;
#5312 =( NAMED_UNIT ( * ) SI_UNIT ( $, .STERADIAN. ) SOLID_ANGLE_UNIT ( ) );
#5313 = FACE_OUTER_BOUND ( 'NONE', #1003, .T. ) ;
#5314 = SURFACE_STYLE_FILL_AREA ( #3663 ) ;
#5315 = ORIENTED_EDGE ( 'NONE', *, *, #1742, .T. ) ;
#5316 = ORIENTED_EDGE ( 'NONE', *, *, #1294, .F. ) ;
#5317 = ORIENTED_EDGE ( 'NONE', *, *, #4260, .F. ) ;
#5318 = CARTESIAN_POINT ( 'NONE',  ( 1.119723590466932000, 0.9199523185698690300, 0.1700000000000000100 ) ) ;
#5319 = LINE ( 'NONE', #5603, #1174 ) ;
#5320 = FILL_AREA_STYLE_COLOUR ( '', #847 ) ;
#5321 = PLANE ( 'NONE',  #1332 ) ;
#5322 = CARTESIAN_POINT ( 'NONE',  ( 2.080276409533067900, 0.9199523185698690300, 0.1700000000000000100 ) ) ;
#5323 = CARTESIAN_POINT ( 'NONE',  ( 2.940686980857083500, 2.343242922455680300, 0.5000000000000000000 ) ) ;
#5324 = EDGE_CURVE ( 'NONE', #90, #3797, #378, .T. ) ;
#5325 = CARTESIAN_POINT ( 'NONE',  ( 3.169999999999999900, 2.199999999999999700, 0.0000000000000000000 ) ) ;
#5326 = EDGE_LOOP ( 'NONE', ( #7043, #3872, #4045, #1086 ) ) ;
#5327 = VERTEX_POINT ( 'NONE', #1153 ) ;
#5328 = DIRECTION ( 'NONE',  ( 0.0000000000000000000, -0.0000000000000000000, 1.000000000000000000 ) ) ;
#5329 = SURFACE_SIDE_STYLE ('',( #1662 ) ) ;
#5330 = CARTESIAN_POINT ( 'NONE',  ( 0.1201574421873909100, 0.2942209357623271600, 0.4800000000000000900 ) ) ;
#5331 = VECTOR ( 'NONE', #1677, 1000.000000000000000 ) ;
#5332 = FACE_OUTER_BOUND ( 'NONE', #4267, .T. ) ;
#5333 = CARTESIAN_POINT ( 'NONE',  ( 2.802737965005764200, 2.474999999999999200, 0.2899999999999999800 ) ) ;
#5334 = STYLED_ITEM ( 'NONE', ( #3023 ), #1547 ) ;
#5335 = DIRECTION ( 'NONE',  ( 1.000000000000000000, -0.0000000000000000000, 0.0000000000000000000 ) ) ;
#5336 = CARTESIAN_POINT ( 'NONE',  ( 2.800000000000000300, 0.1499999999999999900, 0.6000000000000000900 ) ) ;
#5337 = EDGE_LOOP ( 'NONE', ( #2902, #1933, #2670, #6294 ) ) ;
#5338 = DIRECTION ( 'NONE',  ( 1.000000000000000000, 0.0000000000000000000, -0.0000000000000000000 ) ) ;
#5339 = PRESENTATION_LAYER_ASSIGNMENT (  '', '', ( #4621 ) ) ;
#5340 =( NAMED_UNIT ( * ) PLANE_ANGLE_UNIT ( ) SI_UNIT ( $, .RADIAN. ) );
#5341 =( BOUNDED_SURFACE ( )  B_SPLINE_SURFACE ( 2, 3, ( 
 ( #3491, #793, #4602, #1340, #5135, #1885, #5694, #2424 ),
 ( #6233, #2993, #6790, #3532, #268, #4075, #819, #4626 ),
 ( #1358, #5164, #1905, #5721, #2446, #6254, #3015, #6807 ) ),
 .UNSPECIFIED., .F., .F., .F. ) 
 B_SPLINE_SURFACE_WITH_KNOTS ( ( 3, 3 ),
 ( 4, 2, 2, 4 ),
 ( 0.0000000000000000000, 1.000000000000000000 ),
 ( 0.0000000000000000000, 0.0002400000000000000300, 0.002160000000000000500, 0.002400000000000000200 ),
 .UNSPECIFIED. ) 
 GEOMETRIC_REPRESENTATION_ITEM ( )  RATIONAL_B_SPLINE_SURFACE ( (
 ( 1.000000000000000000, 1.000000000000000000, 1.000000000000000000, 1.000000000000000000, 1.000000000000000000, 1.000000000000000000, 1.000000000000000000, 1.000000000000000000),
 ( 0.6336872742246376600, 0.6336394584837794500, 0.6338129669016157000, 0.6493836987199197400, 0.6493836987218384300, 0.6338129669013781200, 0.6336394584839499800, 0.6336872742246386600),
 ( 1.000000000000000000, 1.000000000000000000, 1.000000000000000000, 1.000000000000000000, 1.000000000000000000, 1.000000000000000000, 1.000000000000000000, 1.000000000000000000) ) ) 
 REPRESENTATION_ITEM ( '' )  SURFACE ( )  );
#5342 = B_SPLINE_CURVE_WITH_KNOTS ( 'NONE', 3,
 ( #5902, #3202, #6988, #3728 ),
 .UNSPECIFIED., .F., .F.,
 ( 4, 4 ),
 ( 0.0000000000000000000, 1.000000000000000000 ),
 .UNSPECIFIED. ) ;
#5343 = CARTESIAN_POINT ( 'NONE',  ( 0.0000000000000000000, 0.2999999999999999900, 0.0000000000000000000 ) ) ;
#5344 = EDGE_CURVE ( 'NONE', #1070, #5054, #3301, .T. ) ;
#5345 = DIRECTION ( 'NONE',  ( -0.0000000000000000000, -1.000000000000000000, 0.0000000000000000000 ) ) ;
#5346 = CARTESIAN_POINT ( 'NONE',  ( 2.080276409533067900, 2.400138902867559900, 0.1700000000000000100 ) ) ;
#5347 = UNCERTAINTY_MEASURE_WITH_UNIT (LENGTH_MEASURE( 1.000000000000000100E-005 ), #5759, 'distance_accuracy_value', 'NONE');
#5348 = DIRECTION ( 'NONE',  ( 0.0000000000000000000, 1.000000000000000000, 0.0000000000000000000 ) ) ;
#5349 = SURFACE_STYLE_USAGE ( .BOTH. , #1559 ) ;
#5350 = ADVANCED_FACE ( 'NONE', ( #4554 ), #624, .F. ) ;
#5351 =( NAMED_UNIT ( * ) SI_UNIT ( $, .STERADIAN. ) SOLID_ANGLE_UNIT ( ) );
#5352 = SURFACE_STYLE_USAGE ( .BOTH. , #1569 ) ;
#5353 = DIRECTION ( 'NONE',  ( -0.0000000000000000000, 1.000000000000000000, -0.0000000000000000000 ) ) ;
#5354 =( GEOMETRIC_REPRESENTATION_CONTEXT ( 3 ) GLOBAL_UNCERTAINTY_ASSIGNED_CONTEXT ( ( #949 ) ) GLOBAL_UNIT_ASSIGNED_CONTEXT ( ( #2719, #6540, #3290 ) ) REPRESENTATION_CONTEXT ( 'NONE', 'WORKASPACE' ) );
#5355 = ORIENTED_EDGE ( 'NONE', *, *, #6470, .T. ) ;
#5356 = VERTEX_POINT ( 'NONE', #1181 ) ;
#5357 = STYLED_ITEM ( 'NONE', ( #3698 ), #6833 ) ;
#5358 = CARTESIAN_POINT ( 'NONE',  ( 2.779937501871236400, 2.500000000000000000, 0.1700000000000000100 ) ) ;
#5359 =( LENGTH_UNIT ( ) NAMED_UNIT ( * ) SI_UNIT ( .MILLI., .METRE. ) );
#5360 = PRESENTATION_LAYER_ASSIGNMENT (  '', '', ( #5010 ) ) ;
#5361 = PRODUCT_DEFINITION_CONTEXT ( 'detailed design', #1587, 'design' ) ;
#5362 = ORIENTED_EDGE ( 'NONE', *, *, #4624, .F. ) ;
#5363 = EDGE_CURVE ( 'NONE', #5053, #7051, #4041, .T. ) ;
#5364 = COLOUR_RGB ( '',0.01176470588235294100, 0.0000000000000000000, 0.05882352941176470500 ) ;
#5365 = DIRECTION ( 'NONE',  ( 7.228014483236696800E-015, -1.000000000000000000, 0.0000000000000000000 ) ) ;
#5366 = CARTESIAN_POINT ( 'NONE',  ( 3.174999999999999800, 0.3972620349942626600, 0.2899999999999999800 ) ) ;
#5367 = DIRECTION ( 'NONE',  ( 0.0000000000000000000, -0.0000000000000000000, -1.000000000000000000 ) ) ;
#5368 = SURFACE_SIDE_STYLE ('',( #818 ) ) ;
#5369 = APPLICATION_PROTOCOL_DEFINITION ( 'draft international standard', 'automotive_design', 1998, #1587 ) ;
#5370 = LINE ( 'NONE', #4962, #3933 ) ;
#5371 = CARTESIAN_POINT ( 'NONE',  ( 0.1101522168003146300, 2.267478750149281900, 0.3210660171779821100 ) ) ;
#5372 = CARTESIAN_POINT ( 'NONE',  ( 0.4000000000000001900, 0.1199999999999998800, 0.5000000000000000000 ) ) ;
#5373 = DIRECTION ( 'NONE',  ( 0.0000000000000000000, 0.0000000000000000000, 1.000000000000000000 ) ) ;
#5374 =( NAMED_UNIT ( * ) PLANE_ANGLE_UNIT ( ) SI_UNIT ( $, .RADIAN. ) );
#5375 = DIRECTION ( 'NONE',  ( 1.000000000000000000, -0.0000000000000000000, 0.0000000000000000000 ) ) ;
#5376 = AXIS2_PLACEMENT_3D ( 'NONE', #3107, #3642, #5733 ) ;
#5377 = EDGE_CURVE ( 'NONE', #4599, #2429, #1157, .T. ) ;
#5378 = CARTESIAN_POINT ( 'NONE',  ( 0.09999999999999494000, 2.033423033160724400, 0.5000000000000214300 ) ) ;
#5379 = DIRECTION ( 'NONE',  ( -0.0000000000000000000, -1.000000000000000000, -0.0000000000000000000 ) ) ;
#5380 = ADVANCED_FACE ( 'NONE', ( #3870 ), #4448, .F. ) ;
#5381 = CARTESIAN_POINT ( 'NONE',  ( 3.200000000000000200, 2.200000000000000200, 0.0000000000000000000 ) ) ;
#5382 = VECTOR ( 'NONE', #161, 1000.000000000000000 ) ;
#5383 = SURFACE_STYLE_FILL_AREA ( #2622 ) ;
#5384 = CARTESIAN_POINT ( 'NONE',  ( 0.4000000000000000800, 0.1299999999999999800, 0.5000000000000000000 ) ) ;
#5385 = UNCERTAINTY_MEASURE_WITH_UNIT (LENGTH_MEASURE( 1.000000000000000100E-005 ), #6647, 'distance_accuracy_value', 'NONE');
#5386 = FILL_AREA_STYLE ('',( #4261 ) ) ;
#5387 = LINE ( 'NONE', #3284, #6503 ) ;
#5388 = UNCERTAINTY_MEASURE_WITH_UNIT (LENGTH_MEASURE( 1.000000000000000100E-005 ), #5043, 'distance_accuracy_value', 'NONE');
#5389 = EDGE_CURVE ( 'NONE', #5356, #5632, #1913, .T. ) ;
#5390 = VECTOR ( 'NONE', #5950, 1000.000000000000000 ) ;
#5391 = PRESENTATION_STYLE_ASSIGNMENT (( #2415 ) ) ;
#5392 = VECTOR ( 'NONE', #4865, 1000.000000000000000 ) ;
#5393 = CARTESIAN_POINT ( 'NONE',  ( 2.779937501871236900, 0.0000000000000000000, 0.2899999999999999800 ) ) ;
#5394 = DIRECTION ( 'NONE',  ( 1.000000000000000000, 0.0000000000000000000, 0.0000000000000000000 ) ) ;
#5395 = DIRECTION ( 'NONE',  ( 0.0000000000000000000, 1.000000000000000000, 0.0000000000000000000 ) ) ;
#5396 = ORIENTED_EDGE ( 'NONE', *, *, #2002, .F. ) ;
#5397 = VERTEX_POINT ( 'NONE', #4524 ) ;
#5398 =( GEOMETRIC_REPRESENTATION_CONTEXT ( 3 ) GLOBAL_UNCERTAINTY_ASSIGNED_CONTEXT ( ( #6021 ) ) GLOBAL_UNIT_ASSIGNED_CONTEXT ( ( #5166, #1908, #5725 ) ) REPRESENTATION_CONTEXT ( 'NONE', 'WORKASPACE' ) );
#5399 =( NAMED_UNIT ( * ) SI_UNIT ( $, .STERADIAN. ) SOLID_ANGLE_UNIT ( ) );
#5400 =( LENGTH_UNIT ( ) NAMED_UNIT ( * ) SI_UNIT ( .MILLI., .METRE. ) );
#5401 = CARTESIAN_POINT ( 'NONE',  ( 2.779937501871236900, 0.09986109713243988800, 0.0000000000000000000 ) ) ;
#5402 = ORIENTED_EDGE ( 'NONE', *, *, #1576, .T. ) ;
#5403 = ORIENTED_EDGE ( 'NONE', *, *, #2283, .F. ) ;
#5404 = EDGE_LOOP ( 'NONE', ( #4309, #3470, #2624, #3803 ) ) ;
#5405 = EDGE_LOOP ( 'NONE', ( #6347, #4670, #4240, #3695 ) ) ;
#5406 = MECHANICAL_DESIGN_GEOMETRIC_PRESENTATION_REPRESENTATION (  '', ( #4683 ), #5787 ) ;
#5407 = CARTESIAN_POINT ( 'NONE',  ( 0.1000000000000000100, 0.4566666666666682200, 0.4800000000000000900 ) ) ;
#5408 = SURFACE_SIDE_STYLE ('',( #3032 ) ) ;
#5409 =( GEOMETRIC_REPRESENTATION_CONTEXT ( 3 ) GLOBAL_UNCERTAINTY_ASSIGNED_CONTEXT ( ( #605 ) ) GLOBAL_UNIT_ASSIGNED_CONTEXT ( ( #1803, #5607, #2335 ) ) REPRESENTATION_CONTEXT ( 'NONE', 'WORKASPACE' ) );
#5410 = SURFACE_STYLE_FILL_AREA ( #6766 ) ;
#5411 = ORIENTED_EDGE ( 'NONE', *, *, #1576, .F. ) ;
#5412 = CIRCLE ( 'NONE', #3259, 0.05999999999999994200 ) ;
#5413 = CARTESIAN_POINT ( 'NONE',  ( 3.100000000000000500, 1.475510770105005000, 0.4999999999999998300 ) ) ;
#5414 = FILL_AREA_STYLE ('',( #2127 ) ) ;
#5415 = FILL_AREA_STYLE ('',( #4872 ) ) ;
#5416 = VERTEX_POINT ( 'NONE', #5540 ) ;
#5417 = ORIENTED_EDGE ( 'NONE', *, *, #6283, .T. ) ;
#5418 = CARTESIAN_POINT ( 'NONE',  ( 2.800000000000000300, 2.350000000000000100, 0.5400000000000001500 ) ) ;
#5419 = UNCERTAINTY_MEASURE_WITH_UNIT (LENGTH_MEASURE( 1.000000000000000100E-005 ), #4523, 'distance_accuracy_value', 'NONE');
#5420 = VECTOR ( 'NONE', #5696, 1000.000000000000000 ) ;
#5421 = CIRCLE ( 'NONE', #827, 0.2000000000000005100 ) ;
#5422 = STYLED_ITEM ( 'NONE', ( #4565 ), #3854 ) ;
#5423 = PLANE ( 'NONE',  #4429 ) ;
#5424 = ORIENTED_EDGE ( 'NONE', *, *, #4169, .F. ) ;
#5425 = ORIENTED_EDGE ( 'NONE', *, *, #611, .T. ) ;
#5426 = CARTESIAN_POINT ( 'NONE',  ( 2.798462283668249100, 2.380029600947326500, 0.4999999945468928700 ) ) ;
#5427 = CARTESIAN_POINT ( 'NONE',  ( 0.3276408524792365200, 2.369693466776680700, 0.5000000000000000000 ) ) ;
#5428 = ADVANCED_FACE ( 'NONE', ( #6245 ), #1904, .T. ) ;
#5429 =( NAMED_UNIT ( * ) SI_UNIT ( $, .STERADIAN. ) SOLID_ANGLE_UNIT ( ) );
#5430 =( GEOMETRIC_REPRESENTATION_CONTEXT ( 3 ) GLOBAL_UNCERTAINTY_ASSIGNED_CONTEXT ( ( #4037 ) ) GLOBAL_UNIT_ASSIGNED_CONTEXT ( ( #3109, #6356, #6898 ) ) REPRESENTATION_CONTEXT ( 'NONE', 'WORKASPACE' ) );
#5431 = PRESENTATION_LAYER_ASSIGNMENT (  '', '', ( #4344 ) ) ;
#5432 = EDGE_CURVE ( 'NONE', #750, #6338, #4117, .T. ) ;
#5433 = EDGE_LOOP ( 'NONE', ( #5727, #5317, #481, #1359, #2025 ) ) ;
#5434 = CARTESIAN_POINT ( 'NONE',  ( 0.5600000003426556200, 0.1000000000000000100, 0.4999999999999999400 ) ) ;
#5435 = DIRECTION ( 'NONE',  ( 0.0000000000000000000, 1.000000000000000000, 0.0000000000000000000 ) ) ;
#5436 = FILL_AREA_STYLE ('',( #1642 ) ) ;
#5437 = MECHANICAL_DESIGN_GEOMETRIC_PRESENTATION_REPRESENTATION (  '', ( #4702 ), #5805 ) ;
#5438 = CARTESIAN_POINT ( 'NONE',  ( 2.609264482820521800, 1.923971919735854000, 0.6100000000000001000 ) ) ;
#5439 = SURFACE_SIDE_STYLE ('',( #360 ) ) ;
#5440 = CARTESIAN_POINT ( 'NONE',  ( 3.025147186257613800, 0.4000000000000001300, 0.5999999999999999800 ) ) ;
#5441 = SURFACE_STYLE_USAGE ( .BOTH. , #6025 ) ;
#5442 = CARTESIAN_POINT ( 'NONE',  ( 2.080276409533067900, -1.626303258728256700E-016, 0.0000000000000000000 ) ) ;
#5443 = EDGE_CURVE ( 'NONE', #4058, #573, #5565, .T. ) ;
#5444 = CARTESIAN_POINT ( 'NONE',  ( 0.1879277721598250400, 0.03954902097269009200, 0.2899999999999999800 ) ) ;
#5445 = VERTEX_POINT ( 'NONE', #244 ) ;
#5446 = CARTESIAN_POINT ( 'NONE',  ( 3.100000000000000500, 0.4000000000000000200, 0.3649999999999999900 ) ) ;
#5447 = STYLED_ITEM ( 'NONE', ( #3371 ), #4124 ) ;
#5448 = CARTESIAN_POINT ( 'NONE',  ( 3.100000000000000500, 2.100000000000000500, 0.4800000000000000900 ) ) ;
#5449 = ORIENTED_EDGE ( 'NONE', *, *, #475, .F. ) ;
#5450 = SURFACE_STYLE_USAGE ( .BOTH. , #1656 ) ;
#5451 = CARTESIAN_POINT ( 'NONE',  ( 0.09999075855428372900, 0.9199523185698690300, 0.1700000000000000100 ) ) ;
#5452 = COLOUR_RGB ( '',0.8274509803921568100, 0.6666666666666666300, 0.1294117647058823400 ) ;
#5453 = PRESENTATION_LAYER_ASSIGNMENT (  '', '', ( #5818 ) ) ;
#5454 = PRESENTATION_LAYER_ASSIGNMENT (  '', '', ( #5094 ) ) ;
#5455 = CARTESIAN_POINT ( 'NONE',  ( 1.920000000000000600, 0.1000000000000000100, 0.4800000000000000900 ) ) ;
#5456 = VECTOR ( 'NONE', #1526, 1000.000000000000000 ) ;
#5457 = CARTESIAN_POINT ( 'NONE',  ( 0.2000000000000000100, 0.0000000000000000000, 0.2899999999999999800 ) ) ;
#5458 = VERTEX_POINT ( 'NONE', #1335 ) ;
#5459 = CARTESIAN_POINT ( 'NONE',  ( 2.779937501871236400, 2.469999999999999800, 0.1700000000000000100 ) ) ;
#5460 = DIRECTION ( 'NONE',  ( 1.000000000000000000, 0.0000000000000000000, 0.0000000000000000000 ) ) ;
#5461 = CARTESIAN_POINT ( 'NONE',  ( 5.174476204162039300E-017, 2.299999999999999800, 0.2899999999999999800 ) ) ;
#5462 = CARTESIAN_POINT ( 'NONE',  ( 3.079968505970319000, 2.099997406541917600, 0.4999999876735901600 ) ) ;
#5463 =( GEOMETRIC_REPRESENTATION_CONTEXT ( 3 ) GLOBAL_UNCERTAINTY_ASSIGNED_CONTEXT ( ( #6221 ) ) GLOBAL_UNIT_ASSIGNED_CONTEXT ( ( #4050, #794, #4605 ) ) REPRESENTATION_CONTEXT ( 'NONE', 'WORKASPACE' ) );
#5464 = COLOUR_RGB ( '',0.8274509803921568100, 0.6666666666666666300, 0.1294117647058823400 ) ;
#5465 = ADVANCED_FACE ( 'NONE', ( #6842 ), #790, .F. ) ;
#5466 = ORIENTED_EDGE ( 'NONE', *, *, #6135, .F. ) ;
#5467 = DIRECTION ( 'NONE',  ( 1.000000000000000000, 0.0000000000000000000, 0.0000000000000000000 ) ) ;
#5468 =( GEOMETRIC_REPRESENTATION_CONTEXT ( 3 ) GLOBAL_UNCERTAINTY_ASSIGNED_CONTEXT ( ( #1572 ) ) GLOBAL_UNIT_ASSIGNED_CONTEXT ( ( #2026, #5853, #2564 ) ) REPRESENTATION_CONTEXT ( 'NONE', 'WORKASPACE' ) );
#5469 = CIRCLE ( 'NONE', #6610, 0.02000000000000005200 ) ;
#5470 = EDGE_CURVE ( 'NONE', #4320, #90, #6323, .T. ) ;
#5471 =( LENGTH_UNIT ( ) NAMED_UNIT ( * ) SI_UNIT ( .MILLI., .METRE. ) );
#5472 = CIRCLE ( 'NONE', #3342, 0.2500000000000007800 ) ;
#5473 = VECTOR ( 'NONE', #1159, 1000.000000000000000 ) ;
#5474 = CARTESIAN_POINT ( 'NONE',  ( 0.02999999999999994300, 0.02999999999999997100, 0.1700000000000000100 ) ) ;
#5475 =( NAMED_UNIT ( * ) PLANE_ANGLE_UNIT ( ) SI_UNIT ( $, .RADIAN. ) );
#5476 = DIRECTION ( 'NONE',  ( 0.0000000000000000000, -5.782411586589358000E-015, -1.000000000000000000 ) ) ;
#5477 = PRESENTATION_LAYER_ASSIGNMENT (  '', '', ( #4752 ) ) ;
#5478 = EDGE_CURVE ( 'NONE', #2429, #6260, #4889, .T. ) ;
#5479 =( NAMED_UNIT ( * ) PLANE_ANGLE_UNIT ( ) SI_UNIT ( $, .RADIAN. ) );
#5480 = SURFACE_STYLE_USAGE ( .BOTH. , #1696 ) ;
#5481 = UNCERTAINTY_MEASURE_WITH_UNIT (LENGTH_MEASURE( 1.000000000000000100E-005 ), #6060, 'distance_accuracy_value', 'NONE');
#5482 = CYLINDRICAL_SURFACE ( 'NONE', #6775, 0.07499999999999998300 ) ;
#5483 = EDGE_LOOP ( 'NONE', ( #7025, #6028, #2229, #6935 ) ) ;
#5484 =( NAMED_UNIT ( * ) SI_UNIT ( $, .STERADIAN. ) SOLID_ANGLE_UNIT ( ) );
#5485 = CARTESIAN_POINT ( 'NONE',  ( 0.4200624981287633400, 2.500000000000000000, 0.0000000000000000000 ) ) ;
#5486 = CARTESIAN_POINT ( 'NONE',  ( 0.1499999999999999700, 0.2535533905932745300, 0.5200000000000000200 ) ) ;
#5487 = DIRECTION ( 'NONE',  ( -1.000000000000000000, 0.0000000000000000000, 0.0000000000000000000 ) ) ;
#5488 = SURFACE_STYLE_FILL_AREA ( #673 ) ;
#5489 = COLOUR_RGB ( '',0.8274509803921568100, 0.6666666666666666300, 0.1294117647058823400 ) ;
#5490 = VERTEX_POINT ( 'NONE', #1902 ) ;
#5491 = ORIENTED_EDGE ( 'NONE', *, *, #1006, .F. ) ;
#5492 = LINE ( 'NONE', #5835, #4048 ) ;
#5493 = CARTESIAN_POINT ( 'NONE',  ( 3.148147157866876700, 0.3984341198583905600, 0.2899999999999995900 ) ) ;
#5494 = ADVANCED_FACE ( 'NONE', ( #715 ), #4090, .T. ) ;
#5495 = SURFACE_STYLE_FILL_AREA ( #618 ) ;
#5496 = ORIENTED_EDGE ( 'NONE', *, *, #1767, .T. ) ;
#5497 = ORIENTED_EDGE ( 'NONE', *, *, #4071, .T. ) ;
#5498 = EDGE_LOOP ( 'NONE', ( #5838, #1348, #3424, #3955 ) ) ;
#5499 = VERTEX_POINT ( 'NONE', #4107 ) ;
#5500 = VECTOR ( 'NONE', #903, 1000.000000000000000 ) ;
#5501 = CARTESIAN_POINT ( 'NONE',  ( 2.951031606492321200, 2.359913238209564200, 0.4800000000000000900 ) ) ;
#5502 = SURFACE_SIDE_STYLE ('',( #5649 ) ) ;
#5503 = CARTESIAN_POINT ( 'NONE',  ( 3.169999999999999900, 2.400138902867559900, 0.1700000000000000100 ) ) ;
#5504 = STYLED_ITEM ( 'NONE', ( #142 ), #6683 ) ;
#5505 = ORIENTED_EDGE ( 'NONE', *, *, #3087, .F. ) ;
#5506 = CARTESIAN_POINT ( 'NONE',  ( 0.4001609049160056400, 2.403147842942303200, 0.3358830127232617600 ) ) ;
#5507 = MECHANICAL_DESIGN_GEOMETRIC_PRESENTATION_REPRESENTATION (  '', ( #4774 ), #5879 ) ;
#5508 = ORIENTED_EDGE ( 'NONE', *, *, #1378, .T. ) ;
#5509 = ORIENTED_EDGE ( 'NONE', *, *, #3802, .F. ) ;
#5510 = CARTESIAN_POINT ( 'NONE',  ( 3.169999999999999900, 0.2999999999999999900, 0.1700000000000000100 ) ) ;
#5511 =( NAMED_UNIT ( * ) SI_UNIT ( $, .STERADIAN. ) SOLID_ANGLE_UNIT ( ) );
#5512 = LINE ( 'NONE', #2620, #3898 ) ;
#5513 = VECTOR ( 'NONE', #5091, 1000.000000000000000 ) ;
#5514 = DIRECTION ( 'NONE',  ( 0.0000000000000000000, 1.000000000000000000, 0.0000000000000000000 ) ) ;
#5515 =( NAMED_UNIT ( * ) SI_UNIT ( $, .STERADIAN. ) SOLID_ANGLE_UNIT ( ) );
#5516 = ADVANCED_FACE ( 'NONE', ( #32 ), #3912, .F. ) ;
#5517 = EDGE_CURVE ( 'NONE', #4250, #4057, #3147, .T. ) ;
#5518 = MECHANICAL_DESIGN_GEOMETRIC_PRESENTATION_REPRESENTATION (  '', ( #4059 ), #5884 ) ;
#5519 = ORIENTED_EDGE ( 'NONE', *, *, #1705, .F. ) ;
#5520 =( NAMED_UNIT ( * ) PLANE_ANGLE_UNIT ( ) SI_UNIT ( $, .RADIAN. ) );
#5521 = CARTESIAN_POINT ( 'NONE',  ( 3.073690169690015000, 2.172626992977456000, 0.5000000000000000000 ) ) ;
#5522 = SURFACE_SIDE_STYLE ('',( #6010 ) ) ;
#5523 = STYLED_ITEM ( 'NONE', ( #2885 ), #582 ) ;
#5524 = EDGE_CURVE ( 'NONE', #5054, #2429, #2406, .T. ) ;
#5525 =( NAMED_UNIT ( * ) PLANE_ANGLE_UNIT ( ) SI_UNIT ( $, .RADIAN. ) );
#5526 = DIRECTION ( 'NONE',  ( 1.000000000000000000, -0.0000000000000000000, 0.0000000000000000000 ) ) ;
#5527 = FILL_AREA_STYLE ('',( #3887 ) ) ;
#5528 = CARTESIAN_POINT ( 'NONE',  ( 2.900000000000000400, 0.03000000000000000200, 0.1700000000000000100 ) ) ;
#5529 =( NAMED_UNIT ( * ) SI_UNIT ( $, .STERADIAN. ) SOLID_ANGLE_UNIT ( ) );
#5530 = EDGE_LOOP ( 'NONE', ( #1941, #2357, #3388, #3746 ) ) ;
#5531 = ADVANCED_FACE ( 'NONE', ( #5133 ), #4181, .F. ) ;
#5532 = CARTESIAN_POINT ( 'NONE',  ( 2.990000000000001100, 0.4000000000000004100, 0.6000000000000000900 ) ) ;
#5533 = EDGE_CURVE ( 'NONE', #5632, #6182, #2646, .T. ) ;
#5534 = PLANE ( 'NONE',  #4501 ) ;
#5535 = VERTEX_POINT ( 'NONE', #374 ) ;
#5536 = EDGE_LOOP ( 'NONE', ( #2547, #85, #4826, #4818, #6731, #4716, #3414, #6027, #5785, #934, #2773 ) ) ;
#5537 = SURFACE_SIDE_STYLE ('',( #2046 ) ) ;
#5538 =( GEOMETRIC_REPRESENTATION_CONTEXT ( 3 ) GLOBAL_UNCERTAINTY_ASSIGNED_CONTEXT ( ( #2734 ) ) GLOBAL_UNIT_ASSIGNED_CONTEXT ( ( #1799, #5604, #2331 ) ) REPRESENTATION_CONTEXT ( 'NONE', 'WORKASPACE' ) );
#5539 = DIRECTION ( 'NONE',  ( 0.0000000000000000000, -1.000000000000000000, 0.0000000000000000000 ) ) ;
#5540 = CARTESIAN_POINT ( 'NONE',  ( 0.03000000000000040500, 2.200000000000000200, 0.0000000000000000000 ) ) ;
#5541 = SURFACE_STYLE_FILL_AREA ( #1411 ) ;
#5542 = ORIENTED_EDGE ( 'NONE', *, *, #2587, .T. ) ;
#5543 = PRESENTATION_LAYER_ASSIGNMENT (  '', '', ( #4819 ) ) ;
#5544 = MECHANICAL_DESIGN_GEOMETRIC_PRESENTATION_REPRESENTATION (  '', ( #4088 ), #5923 ) ;
#5545 = SURFACE_SIDE_STYLE ('',( #3767 ) ) ;
#5546 =( LENGTH_UNIT ( ) NAMED_UNIT ( * ) SI_UNIT ( .MILLI., .METRE. ) );
#5547 = CARTESIAN_POINT ( 'NONE',  ( 0.02999999999999994300, 0.09986109713243988800, 0.1700000000000000100 ) ) ;
#5548 = SURFACE_STYLE_USAGE ( .BOTH. , #1757 ) ;
#5549 = LINE ( 'NONE', #4324, #106 ) ;
#5550 = CARTESIAN_POINT ( 'NONE',  ( 1.119723590466932000, 0.09986109713243987400, 0.1700000000000000100 ) ) ;
#5551 = CIRCLE ( 'NONE', #610, 0.2699999999999999600 ) ;
#5552 = PRESENTATION_LAYER_ASSIGNMENT (  '', '', ( #4828 ) ) ;
#5553 = CARTESIAN_POINT ( 'NONE',  ( 3.076814024817596600, 2.127205042957593500, 0.5000000000000000000 ) ) ;
#5554 = PRESENTATION_STYLE_ASSIGNMENT (( #1172 ) ) ;
#5555 = SURFACE_STYLE_USAGE ( .BOTH. , #1764 ) ;
#5556 =( GEOMETRIC_REPRESENTATION_CONTEXT ( 3 ) GLOBAL_UNCERTAINTY_ASSIGNED_CONTEXT ( ( #6832 ) ) GLOBAL_UNIT_ASSIGNED_CONTEXT ( ( #4230, #970, #4771 ) ) REPRESENTATION_CONTEXT ( 'NONE', 'WORKASPACE' ) );
#5557 = COLOUR_RGB ( '',0.8274509803921568100, 0.6666666666666666300, 0.1254901960784313700 ) ;
#5558 = EDGE_CURVE ( 'NONE', #3797, #4560, #3201, .T. ) ;
#5559 = CARTESIAN_POINT ( 'NONE',  ( 2.779937501871236400, 2.400138902867559900, 0.0000000000000000000 ) ) ;
#5560 =( NAMED_UNIT ( * ) SI_UNIT ( $, .STERADIAN. ) SOLID_ANGLE_UNIT ( ) );
#5561 = LINE ( 'NONE', #2146, #4112 ) ;
#5562 = ADVANCED_FACE ( 'NONE', ( #290 ), #6386, .T. ) ;
#5563 = PRESENTATION_LAYER_ASSIGNMENT (  '', '', ( #4844 ) ) ;
#5564 = VECTOR ( 'NONE', #493, 1000.000000000000000 ) ;
#5565 = LINE ( 'NONE', #3975, #1230 ) ;
#5566 = UNCERTAINTY_MEASURE_WITH_UNIT (LENGTH_MEASURE( 1.000000000000000100E-005 ), #1549, 'distance_accuracy_value', 'NONE');
#5567 = CARTESIAN_POINT ( 'NONE',  ( 0.1299999999999999800, 2.100000000000000100, 0.5000000000000000000 ) ) ;
#5568 = LINE ( 'NONE', #6483, #1231 ) ;
#5569 = FILL_AREA_STYLE ('',( #5022 ) ) ;
#5570 = COLOUR_RGB ( '',0.8274509803921568100, 0.6666666666666666300, 0.1294117647058823400 ) ;
#5571 = DIRECTION ( 'NONE',  ( -1.000000000000000000, 0.0000000000000000000, 0.0000000000000000000 ) ) ;
#5572 = ORIENTED_EDGE ( 'NONE', *, *, #5533, .T. ) ;
#5573 = ORIENTED_EDGE ( 'NONE', *, *, #284, .T. ) ;
#5574 = DIRECTION ( 'NONE',  ( 0.0000000000000000000, 1.000000000000000000, 0.0000000000000000000 ) ) ;
#5575 = FACE_OUTER_BOUND ( 'NONE', #5433, .T. ) ;
#5576 = EDGE_CURVE ( 'NONE', #6182, #1689, #1221, .T. ) ;
#5577 = LINE ( 'NONE', #2469, #7028 ) ;
#5578 = SURFACE_STYLE_FILL_AREA ( #3781 ) ;
#5579 = LINE ( 'NONE', #4993, #4133 ) ;
#5580 = CARTESIAN_POINT ( 'NONE',  ( 3.100000000000000500, 0.5133333333333322000, 0.4800000000000000900 ) ) ;
#5581 = CARTESIAN_POINT ( 'NONE',  ( 2.958609385714313400, 2.352335458987569800, 0.5000000000000099900 ) ) ;
#5582 = EDGE_LOOP ( 'NONE', ( #4864, #6848, #488, #5617 ) ) ;
#5583 = ORIENTED_EDGE ( 'NONE', *, *, #201, .T. ) ;
#5584 = ORIENTED_EDGE ( 'NONE', *, *, #2194, .T. ) ;
#5585 = VERTEX_POINT ( 'NONE', #1005 ) ;
#5586 = FACE_OUTER_BOUND ( 'NONE', #3631, .T. ) ;
#5587 = COLOUR_RGB ( '',0.01176470588235294100, 0.0000000000000000000, 0.05882352941176470500 ) ;
#5588 = VECTOR ( 'NONE', #2398, 1000.000000000000000 ) ;
#5589 = ORIENTED_EDGE ( 'NONE', *, *, #5660, .F. ) ;
#5590 = PLANE ( 'NONE',  #132 ) ;
#5591 = VERTEX_POINT ( 'NONE', #5861 ) ;
#5592 = CLOSED_SHELL ( 'NONE', ( #6805, #5975, #3707, #311, #2904, #2824, #5465, #5939, #5651, #3347, #683, #4966, #6140, #2957 ) ) ;
#5593 = CARTESIAN_POINT ( 'NONE',  ( 0.1200314940270346400, 2.099997406540719400, 0.4999999876735851700 ) ) ;
#5594 = PRESENTATION_LAYER_ASSIGNMENT (  '', '', ( #5217 ) ) ;
#5595 = EDGE_CURVE ( 'NONE', #2970, #6852, #6835, .T. ) ;
#5596 = CARTESIAN_POINT ( 'NONE',  ( 0.4007004371235669000, 0.02477586485545071500, 0.2899999999999999800 ) ) ;
#5597 = LINE ( 'NONE', #6244, #1430 ) ;
#5598 = ORIENTED_EDGE ( 'NONE', *, *, #5363, .F. ) ;
#5599 = ORIENTED_EDGE ( 'NONE', *, *, #6379, .T. ) ;
#5600 =( NAMED_UNIT ( * ) SI_UNIT ( $, .STERADIAN. ) SOLID_ANGLE_UNIT ( ) );
#5601 = PRESENTATION_LAYER_ASSIGNMENT (  '', '', ( #4869 ) ) ;
#5602 = PRESENTATION_STYLE_ASSIGNMENT (( #7053 ) ) ;
#5603 = CARTESIAN_POINT ( 'NONE',  ( 0.2100000000000001000, 0.4000000000000009100, 0.6000000000000000900 ) ) ;
#5604 =( NAMED_UNIT ( * ) PLANE_ANGLE_UNIT ( ) SI_UNIT ( $, .RADIAN. ) );
#5605 = DIRECTION ( 'NONE',  ( 0.0000000000000000000, -1.000000000000000000, -0.0000000000000000000 ) ) ;
#5606 = CARTESIAN_POINT ( 'NONE',  ( 2.911299423149111800, 2.289999999999999600, 0.6000000000000000900 ) ) ;
#5607 =( NAMED_UNIT ( * ) PLANE_ANGLE_UNIT ( ) SI_UNIT ( $, .RADIAN. ) );
#5608 = PRESENTATION_LAYER_ASSIGNMENT (  '', '', ( #4873 ) ) ;
#5609 = ORIENTED_EDGE ( 'NONE', *, *, #4741, .F. ) ;
#5610 = ADVANCED_FACE ( 'NONE', ( #6680 ), #4707, .F. ) ;
#5611 = CARTESIAN_POINT ( 'NONE',  ( 2.815352661366155500, 2.398816093618959800, 0.4800000000000000900 ) ) ;
#5612 = EDGE_CURVE ( 'NONE', #6695, #6696, #3439, .T. ) ;
#5613 = FILL_AREA_STYLE_COLOUR ( '', #2181 ) ;
#5614 = PLANE ( 'NONE',  #3867 ) ;
#5615 = PRESENTATION_LAYER_ASSIGNMENT (  '', '', ( #5244 ) ) ;
#5616 = CARTESIAN_POINT ( 'NONE',  ( 2.812873157419602400, 0.1210520794890763300, 0.5000000000000000000 ) ) ;
#5617 = ORIENTED_EDGE ( 'NONE', *, *, #6072, .T. ) ;
#5618 = UNCERTAINTY_MEASURE_WITH_UNIT (LENGTH_MEASURE( 1.000000000000000100E-005 ), #4213, 'distance_accuracy_value', 'NONE');
#5619 = EDGE_CURVE ( 'NONE', #1828, #5234, #5929, .T. ) ;
#5620 = DIRECTION ( 'NONE',  ( 0.0000000000000000000, 0.0000000000000000000, -1.000000000000000000 ) ) ;
#5621 = EDGE_LOOP ( 'NONE', ( #6259, #563, #2583, #2434, #5830, #2632, #6370, #5069 ) ) ;
#5622 =( NAMED_UNIT ( * ) SI_UNIT ( $, .STERADIAN. ) SOLID_ANGLE_UNIT ( ) );
#5623 = FILL_AREA_STYLE_COLOUR ( '', #6250 ) ;
#5624 = SURFACE_SIDE_STYLE ('',( #4454 ) ) ;
#5625 = FACE_OUTER_BOUND ( 'NONE', #1835, .T. ) ;
#5626 = CARTESIAN_POINT ( 'NONE',  ( 2.800000000000000300, 2.350000000000000500, 0.5400000000000001500 ) ) ;
#5627 = CARTESIAN_POINT ( 'NONE',  ( 2.779937501871236900, 0.09986109713243987400, 0.0000000000000000000 ) ) ;
#5628 = ORIENTED_EDGE ( 'NONE', *, *, #6170, .F. ) ;
#5629 = FILL_AREA_STYLE ('',( #4538 ) ) ;
#5630 = DIRECTION ( 'NONE',  ( 1.000000000000000000, -0.0000000000000000000, 0.0000000000000000000 ) ) ;
#5631 = LINE ( 'NONE', #4067, #1466 ) ;
#5632 = VERTEX_POINT ( 'NONE', #4850 ) ;
#5633 = DIRECTION ( 'NONE',  ( 1.000000000000000000, -0.0000000000000000000, 0.0000000000000000000 ) ) ;
#5634 = CARTESIAN_POINT ( 'NONE',  ( 3.100009241445716300, 1.580047681430131000, 0.1700000000000000100 ) ) ;
#5635 = CARTESIAN_POINT ( 'NONE',  ( 2.956239757189234900, 0.1462489511294279600, 0.4999999999999928900 ) ) ;
#5636 = CARTESIAN_POINT ( 'NONE',  ( 0.1748528137423862600, 0.2681118318204311300, 0.6000000000000002000 ) ) ;
#5637 =( BOUNDED_SURFACE ( )  B_SPLINE_SURFACE ( 3, 3, ( 
 ( #2729, #2210, #6026, #2753 ),
 ( #6575, #3326, #42, #3843 ),
 ( #595, #4409, #1145, #4946 ),
 ( #1702, #5486, #2230, #6046 ) ),
 .UNSPECIFIED., .F., .F., .F. ) 
 B_SPLINE_SURFACE_WITH_KNOTS ( ( 4, 4 ),
 ( 4, 4 ),
 ( 0.0000000000000000000, 1.000000000000000000 ),
 ( 0.0000000000000000000, 1.000000000000000000 ),
 .UNSPECIFIED. ) 
 GEOMETRIC_REPRESENTATION_ITEM ( )  RATIONAL_B_SPLINE_SURFACE ( (
 ( 1.000000000000000000, 0.8047378541243656000, 0.8047378541243656000, 1.000000000000000000),
 ( 0.7955680256234394200, 0.6402237057501649600, 0.6402237057501649600, 0.7955680256234394200),
 ( 0.7955680256234394200, 0.6402237057501649600, 0.6402237057501649600, 0.7955680256234394200),
 ( 1.000000000000000000, 0.8047378541243656000, 0.8047378541243656000, 1.000000000000000000) ) ) 
 REPRESENTATION_ITEM ( '' )  SURFACE ( )  );
#5638 = FACE_OUTER_BOUND ( 'NONE', #5404, .T. ) ;
#5639 = MECHANICAL_DESIGN_GEOMETRIC_PRESENTATION_REPRESENTATION (  '', ( #4178 ), #6018 ) ;
#5640 = VECTOR ( 'NONE', #3762, 1000.000000000000000 ) ;
#5641 = DIRECTION ( 'NONE',  ( 0.0000000000000000000, 0.0000000000000000000, 1.000000000000000000 ) ) ;
#5642 = SURFACE_STYLE_USAGE ( .BOTH. , #1844 ) ;
#5643 = CARTESIAN_POINT ( 'NONE',  ( 0.4200624981287628400, 0.02999999999999997100, 0.1700000000000000100 ) ) ;
#5644 = LINE ( 'NONE', #3654, #4193 ) ;
#5645 = CARTESIAN_POINT ( 'NONE',  ( 2.900000000000000400, 0.02999999999999998500, 0.0000000000000000000 ) ) ;
#5646 = CARTESIAN_POINT ( 'NONE',  ( 2.800000000000000700, 0.1412979323639908500, 0.4995501335457743800 ) ) ;
#5647 = VECTOR ( 'NONE', #6392, 1000.000000000000000 ) ;
#5648 = STYLED_ITEM ( 'NONE', ( #3943 ), #5610 ) ;
#5649 = SURFACE_STYLE_FILL_AREA ( #1715 ) ;
#5650 = CARTESIAN_POINT ( 'NONE',  ( 0.1231859751824065000, 2.127205042957594400, 0.5000000000000000000 ) ) ;
#5651 = ADVANCED_FACE ( 'NONE', ( #3285 ), #1049, .F. ) ;
#5652 =( NAMED_UNIT ( * ) SI_UNIT ( $, .STERADIAN. ) SOLID_ANGLE_UNIT ( ) );
#5653 = VECTOR ( 'NONE', #5206, 1000.000000000000000 ) ;
#5654 = UNCERTAINTY_MEASURE_WITH_UNIT (LENGTH_MEASURE( 1.000000000000000100E-005 ), #1695, 'distance_accuracy_value', 'NONE');
#5655 = ORIENTED_EDGE ( 'NONE', *, *, #5558, .T. ) ;
#5656 = ORIENTED_EDGE ( 'NONE', *, *, #4838, .T. ) ;
#5657 =( GEOMETRIC_REPRESENTATION_CONTEXT ( 3 ) GLOBAL_UNCERTAINTY_ASSIGNED_CONTEXT ( ( #5904 ) ) GLOBAL_UNIT_ASSIGNED_CONTEXT ( ( #3325, #2728, #2188 ) ) REPRESENTATION_CONTEXT ( 'NONE', 'WORKASPACE' ) );
#5658 = DIRECTION ( 'NONE',  ( 0.0000000000000000000, 0.0000000000000000000, 1.000000000000000000 ) ) ;
#5659 = CYLINDRICAL_SURFACE ( 'NONE', #4598, 0.02000000000000005200 ) ;
#5660 = EDGE_CURVE ( 'NONE', #6535, #4599, #2752, .T. ) ;
#5661 = CARTESIAN_POINT ( 'NONE',  ( 3.096542742251392700, 0.3693788275795956700, 0.4800000000000000900 ) ) ;
#5662 = UNCERTAINTY_MEASURE_WITH_UNIT (LENGTH_MEASURE( 1.000000000000000100E-005 ), #5972, 'distance_accuracy_value', 'NONE');
#5663 = VECTOR ( 'NONE', #5241, 1000.000000000000000 ) ;
#5664 = SURFACE_STYLE_FILL_AREA ( #4511 ) ;
#5665 = ORIENTED_EDGE ( 'NONE', *, *, #1438, .F. ) ;
#5666 = VERTEX_POINT ( 'NONE', #5418 ) ;
#5667 = MECHANICAL_DESIGN_GEOMETRIC_PRESENTATION_REPRESENTATION (  '', ( #3835 ), #6042 ) ;
#5668 = FACE_OUTER_BOUND ( 'NONE', #422, .T. ) ;
#5669 = DIRECTION ( 'NONE',  ( -0.0000000000000000000, 0.0000000000000000000, 1.000000000000000000 ) ) ;
#5670 = CARTESIAN_POINT ( 'NONE',  ( 2.899999999999999900, 2.500000000000000000, 0.0000000000000000000 ) ) ;
#5671 = DIRECTION ( 'NONE',  ( -0.0000000000000000000, 1.000000000000000000, -0.0000000000000000000 ) ) ;
#5672 = CARTESIAN_POINT ( 'NONE',  ( 2.800000000000000300, 2.290000000000000000, 0.6000000000000000900 ) ) ;
#5673 = ORIENTED_EDGE ( 'NONE', *, *, #59, .T. ) ;
#5674 = CARTESIAN_POINT ( 'NONE',  ( 0.2999999999999999900, 0.0000000000000000000, 0.0000000000000000000 ) ) ;
#5675 = EDGE_LOOP ( 'NONE', ( #4904, #3449, #2691, #6896 ) ) ;
#5676 = ORIENTED_EDGE ( 'NONE', *, *, #3606, .F. ) ;
#5677 = EDGE_CURVE ( 'NONE', #573, #6928, #1302, .T. ) ;
#5678 = CARTESIAN_POINT ( 'NONE',  ( 3.079999999999999600, 0.7966666666666486500, 0.5000000000000000000 ) ) ;
#5679 = VECTOR ( 'NONE', #2019, 1000.000000000000000 ) ;
#5680 = SURFACE_STYLE_FILL_AREA ( #6938 ) ;
#5681 = ORIENTED_EDGE ( 'NONE', *, *, #3348, .F. ) ;
#5682 = ORIENTED_EDGE ( 'NONE', *, *, #2421, .F. ) ;
#5683 =( GEOMETRIC_REPRESENTATION_CONTEXT ( 3 ) GLOBAL_UNCERTAINTY_ASSIGNED_CONTEXT ( ( #6548 ) ) GLOBAL_UNIT_ASSIGNED_CONTEXT ( ( #4397, #1137, #4940 ) ) REPRESENTATION_CONTEXT ( 'NONE', 'WORKASPACE' ) );
#5684 = UNCERTAINTY_MEASURE_WITH_UNIT (LENGTH_MEASURE( 1.000000000000000100E-005 ), #6405, 'distance_accuracy_value', 'NONE');
#5685 = CARTESIAN_POINT ( 'NONE',  ( 2.389931833186331700, 1.580047681430130700, 0.0000000000000000000 ) ) ;
#5686 = PRESENTATION_STYLE_ASSIGNMENT (( #3904 ) ) ;
#5687 = CYLINDRICAL_SURFACE ( 'NONE', #1156, 0.2000000000000000900 ) ;
#5688 = SURFACE_SIDE_STYLE ('',( #2099 ) ) ;
#5689 = STYLED_ITEM ( 'NONE', ( #1374 ), #6076 ) ;
#5690 = FILL_AREA_STYLE_COLOUR ( '', #5247 ) ;
#5691 = ORIENTED_EDGE ( 'NONE', *, *, #6983, .T. ) ;
#5692 = SURFACE_SIDE_STYLE ('',( #1400 ) ) ;
#5693 = PRESENTATION_STYLE_ASSIGNMENT (( #3139 ) ) ;
#5694 = CARTESIAN_POINT ( 'NONE',  ( 0.4799999999999984800, 2.379999999999999900, 0.5000000000000000000 ) ) ;
#5696 = DIRECTION ( 'NONE',  ( -0.0000000000000000000, -1.000000000000000000, 0.0000000000000000000 ) ) ;
#5695 = STYLED_ITEM ( 'NONE', ( #4306 ), #5192 ) ;
#5697 = SURFACE_SIDE_STYLE ('',( #4908 ) ) ;
#5698 = DIRECTION ( 'NONE',  ( -1.000000000000000000, -0.0000000000000000000, 0.0000000000000000000 ) ) ;
#5699 =( LENGTH_UNIT ( ) NAMED_UNIT ( * ) SI_UNIT ( .MILLI., .METRE. ) );
#5700 =( NAMED_UNIT ( * ) SI_UNIT ( $, .STERADIAN. ) SOLID_ANGLE_UNIT ( ) );
#5701 = STYLED_ITEM ( 'NONE', ( #6117 ), #3473 ) ;
#5702 = ORIENTED_EDGE ( 'NONE', *, *, #4861, .T. ) ;
#5703 = UNCERTAINTY_MEASURE_WITH_UNIT (LENGTH_MEASURE( 1.000000000000000100E-005 ), #4879, 'distance_accuracy_value', 'NONE');
#5704 = CARTESIAN_POINT ( 'NONE',  ( 3.079999999999999600, 0.4000000000000004100, 0.5000000000000000000 ) ) ;
#5705 = ORIENTED_EDGE ( 'NONE', *, *, #3426, .T. ) ;
#5706 = EDGE_CURVE ( 'NONE', #6707, #1169, #5472, .T. ) ;
#5707 = UNCERTAINTY_MEASURE_WITH_UNIT (LENGTH_MEASURE( 1.000000000000000100E-005 ), #5017, 'distance_accuracy_value', 'NONE');
#5708 = DIRECTION ( 'NONE',  ( 0.0000000000000000000, 0.0000000000000000000, -1.000000000000000000 ) ) ;
#5709 = ORIENTED_EDGE ( 'NONE', *, *, #5443, .F. ) ;
#5710 = CARTESIAN_POINT ( 'NONE',  ( -1.626303258728256700E-016, 0.9199523185698689200, 0.0000000000000000000 ) ) ;
#5711 = SURFACE_STYLE_FILL_AREA ( #1761 ) ;
#5712 = CARTESIAN_POINT ( 'NONE',  ( 2.080276409533067900, 1.879883371806615900, 0.1700000000000000100 ) ) ;
#5713 = PRESENTATION_LAYER_ASSIGNMENT (  '', '', ( #5334 ) ) ;
#5714 =( NAMED_UNIT ( * ) SI_UNIT ( $, .STERADIAN. ) SOLID_ANGLE_UNIT ( ) );
#5715 = B_SPLINE_CURVE_WITH_KNOTS ( 'NONE', 3,
 ( #5567, #171, #4529, #1267 ),
 .UNSPECIFIED., .F., .F.,
 ( 4, 4 ),
 ( 0.0000000000000000000, 1.000000000000000000 ),
 .UNSPECIFIED. ) ;
#5716 = CARTESIAN_POINT ( 'NONE',  ( 3.200000000000000200, 0.4200404230269067000, 0.1700000000000000100 ) ) ;
#5717 = FILL_AREA_STYLE_COLOUR ( '', #1979 ) ;
#5718 = ORIENTED_EDGE ( 'NONE', *, *, #1117, .T. ) ;
#5719 = PRESENTATION_STYLE_ASSIGNMENT (( #408 ) ) ;
#5720 = EDGE_CURVE ( 'NONE', #5458, #6182, #3402, .T. ) ;
#5721 = CARTESIAN_POINT ( 'NONE',  ( 1.920000000000052300, 2.399999999999999900, 0.4800000000000000900 ) ) ;
#5722 = DIRECTION ( 'NONE',  ( -0.0000000000000000000, -1.000000000000000000, 0.0000000000000000000 ) ) ;
#5723 = SURFACE_STYLE_FILL_AREA ( #346 ) ;
#5724 = ADVANCED_FACE ( 'NONE', ( #1144 ), #3356, .T. ) ;
#5725 =( NAMED_UNIT ( * ) SI_UNIT ( $, .STERADIAN. ) SOLID_ANGLE_UNIT ( ) );
#5726 = SURFACE_SIDE_STYLE ('',( #2388 ) ) ;
#5727 = ORIENTED_EDGE ( 'NONE', *, *, #3177, .F. ) ;
#5728 =( NAMED_UNIT ( * ) PLANE_ANGLE_UNIT ( ) SI_UNIT ( $, .RADIAN. ) );
#5729 = FACE_OUTER_BOUND ( 'NONE', #4215, .T. ) ;
#5730 = PRESENTATION_STYLE_ASSIGNMENT (( #2361 ) ) ;
#5731 = CIRCLE ( 'NONE', #3977, 0.2700000000000003000 ) ;
#5732 = CARTESIAN_POINT ( 'NONE',  ( 0.2380802303359540700, 2.349025075037836500, 0.4800000000000000900 ) ) ;
#5733 = DIRECTION ( 'NONE',  ( 0.0000000000000000000, 0.0000000000000000000, 1.000000000000000000 ) ) ;
#5734 = CARTESIAN_POINT ( 'NONE',  ( 2.800000000000000300, 2.370000000000000100, 0.5200000000000000200 ) ) ;
#5735 = SURFACE_STYLE_FILL_AREA ( #620 ) ;
#5736 = CARTESIAN_POINT ( 'NONE',  ( 0.4200624981287633400, 2.500000000000000000, 0.1700000000000000100 ) ) ;
#5737 = DIRECTION ( 'NONE',  ( -1.000000000000000000, -3.552713678800500900E-015, 0.0000000000000000000 ) ) ;
#5738 = CARTESIAN_POINT ( 'NONE',  ( 0.09999075855428366000, 0.9199523185698690300, 0.1700000000000000100 ) ) ;
#5739 =( NAMED_UNIT ( * ) SI_UNIT ( $, .STERADIAN. ) SOLID_ANGLE_UNIT ( ) );
#5740 = AXIS2_PLACEMENT_3D ( 'NONE', #2207, #6013, #2744 ) ;
#5741 = AXIS2_PLACEMENT_3D ( 'NONE', #3796, #540, #4356 ) ;
#5742 = ADVANCED_FACE ( 'NONE', ( #625 ), #1388, .T. ) ;
#5743 = MECHANICAL_DESIGN_GEOMETRIC_PRESENTATION_REPRESENTATION (  '', ( #5010 ), #6111 ) ;
#5744 = COLOUR_RGB ( '',0.01176470588235294100, 0.0000000000000000000, 0.05882352941176470500 ) ;
#5745 = CYLINDRICAL_SURFACE ( 'NONE', #4643, 0.2000000000000005100 ) ;
#5746 = CARTESIAN_POINT ( 'NONE',  ( 3.200000000000000200, 2.079959576973093000, 0.0000000000000000000 ) ) ;
#5747 = EDGE_CURVE ( 'NONE', #6663, #564, #113, .T. ) ;
#5748 = VECTOR ( 'NONE', #5353, 1000.000000000000000 ) ;
#5749 = LINE ( 'NONE', #7034, #5392 ) ;
#5750 = FACE_OUTER_BOUND ( 'NONE', #5792, .T. ) ;
#5751 = ORIENTED_EDGE ( 'NONE', *, *, #2901, .F. ) ;
#5752 = EDGE_LOOP ( 'NONE', ( #1994, #4232, #2212, #2332 ) ) ;
#5753 = DIRECTION ( 'NONE',  ( 1.000000000000000000, 0.0000000000000000000, -0.0000000000000000000 ) ) ;
#5754 = VECTOR ( 'NONE', #6068, 1000.000000000000000 ) ;
#5755 = FACE_OUTER_BOUND ( 'NONE', #1765, .T. ) ;
#5756 = DIRECTION ( 'NONE',  ( 1.000000000000000000, 0.0000000000000000000, -0.0000000000000000000 ) ) ;
#5757 = ADVANCED_FACE ( 'NONE', ( #2838 ), #43, .F. ) ;
#5758 = ORIENTED_EDGE ( 'NONE', *, *, #1841, .T. ) ;
#5759 =( LENGTH_UNIT ( ) NAMED_UNIT ( * ) SI_UNIT ( .MILLI., .METRE. ) );
#5760 = ORIENTED_EDGE ( 'NONE', *, *, #1, .F. ) ;
#5761 = ORIENTED_EDGE ( 'NONE', *, *, #4517, .F. ) ;
#5762 = PRESENTATION_LAYER_ASSIGNMENT (  '', '', ( #5018 ) ) ;
#5763 = ORIENTED_EDGE ( 'NONE', *, *, #1339, .F. ) ;
#5764 = EDGE_CURVE ( 'NONE', #385, #5053, #878, .T. ) ;
#5765 = B_SPLINE_CURVE_WITH_KNOTS ( 'NONE', 3,
 ( #5875, #2072, #3196, #6985, #3725, #703 ),
 .UNSPECIFIED., .F., .F.,
 ( 4, 2, 4 ),
 ( 0.0000000000000000000, 0.5000000000000000000, 1.000000000000000000 ),
 .UNSPECIFIED. ) ;
#5766 =( NAMED_UNIT ( * ) PLANE_ANGLE_UNIT ( ) SI_UNIT ( $, .RADIAN. ) );
#5767 = LINE ( 'NONE', #931, #1418 ) ;
#5768 =( NAMED_UNIT ( * ) PLANE_ANGLE_UNIT ( ) SI_UNIT ( $, .RADIAN. ) );
#5769 = PRESENTATION_STYLE_ASSIGNMENT (( #5450 ) ) ;
#5770 = ORIENTED_EDGE ( 'NONE', *, *, #749, .T. ) ;
#5771 = ORIENTED_EDGE ( 'NONE', *, *, #3830, .F. ) ;
#5772 = ORIENTED_EDGE ( 'NONE', *, *, #1968, .F. ) ;
#5773 = LINE ( 'NONE', #1792, #4322 ) ;
#5774 =( LENGTH_UNIT ( ) NAMED_UNIT ( * ) SI_UNIT ( .MILLI., .METRE. ) );
#5775 = CARTESIAN_POINT ( 'NONE',  ( 0.4200624981287632800, 2.400138902867559900, 0.1700000000000000100 ) ) ;
#5776 = CARTESIAN_POINT ( 'NONE',  ( 2.946446609406725400, 2.349999999999999200, 0.5079235637004543300 ) ) ;
#5777 = EDGE_CURVE ( 'NONE', #3903, #3545, #5039, .T. ) ;
#5778 = ORIENTED_EDGE ( 'NONE', *, *, #3401, .T. ) ;
#5779 = LINE ( 'NONE', #5393, #1436 ) ;
#5780 = COLOUR_RGB ( '',0.01176470588235294100, 0.0000000000000000000, 0.05882352941176470500 ) ;
#5781 = ADVANCED_FACE ( 'NONE', ( #3589 ), #5534, .F. ) ;
#5782 = CARTESIAN_POINT ( 'NONE',  ( 0.1000000000000000100, 0.4000000000000000200, 0.5000000000000000000 ) ) ;
#5783 = CARTESIAN_POINT ( 'NONE',  ( 2.905779064237656000, 0.1201574421873865500, 0.4800000000000001500 ) ) ;
#5784 = CARTESIAN_POINT ( 'NONE',  ( 0.02999999999999994300, 0.02999999999999997100, 0.1700000000000000100 ) ) ;
#5785 = ORIENTED_EDGE ( 'NONE', *, *, #4022, .T. ) ;
#5786 = CARTESIAN_POINT ( 'NONE',  ( 2.967478750146039300, 2.389847783199850400, 0.3649999999999999900 ) ) ;
#5787 =( GEOMETRIC_REPRESENTATION_CONTEXT ( 3 ) GLOBAL_UNCERTAINTY_ASSIGNED_CONTEXT ( ( #887 ) ) GLOBAL_UNIT_ASSIGNED_CONTEXT ( ( #644, #4457, #1198 ) ) REPRESENTATION_CONTEXT ( 'NONE', 'WORKASPACE' ) );
#5788 = CARTESIAN_POINT ( 'NONE',  ( 2.800000000000000300, 2.399999999999999900, 0.4800000000000000400 ) ) ;
#5789 = CARTESIAN_POINT ( 'NONE',  ( 0.1499999999999999700, 2.100000000000000500, 0.5079226145318315200 ) ) ;
#5790 = CARTESIAN_POINT ( 'NONE',  ( 3.200000000000000200, 0.2000000000000003700, 0.1700000000000000100 ) ) ;
#5791 = STYLED_ITEM ( 'NONE', ( #4385 ), #5516 ) ;
#5792 = EDGE_LOOP ( 'NONE', ( #5137, #1087, #5068, #6354 ) ) ;
#5793 = DIRECTION ( 'NONE',  ( 0.0000000000000000000, -1.000000000000000000, 0.0000000000000000000 ) ) ;
#5794 = FILL_AREA_STYLE_COLOUR ( '', #3727 ) ;
#5795 = UNCERTAINTY_MEASURE_WITH_UNIT (LENGTH_MEASURE( 1.000000000000000100E-005 ), #6883, 'distance_accuracy_value', 'NONE');
#5796 = CARTESIAN_POINT ( 'NONE',  ( 0.02477586485544688200, 2.099299562876368900, 0.2899999999999999800 ) ) ;
#5797 = VECTOR ( 'NONE', #5367, 1000.000000000000000 ) ;
#5798 = MECHANICAL_DESIGN_GEOMETRIC_PRESENTATION_REPRESENTATION (  '', ( #4344 ), #6156 ) ;
#5799 = EDGE_CURVE ( 'NONE', #7036, #385, #194, .T. ) ;
#5800 = FILL_AREA_STYLE ('',( #993 ) ) ;
#5801 = FACE_OUTER_BOUND ( 'NONE', #4553, .T. ) ;
#5802 = VERTEX_POINT ( 'NONE', #1741 ) ;
#5803 = CARTESIAN_POINT ( 'NONE',  ( 3.170000000000000400, 0.02999999999999997100, 0.0000000000000000000 ) ) ;
#5804 = CARTESIAN_POINT ( 'NONE',  ( 3.162290375093443000, 2.311771750532643400, 0.2899999999999999800 ) ) ;
#5805 =( GEOMETRIC_REPRESENTATION_CONTEXT ( 3 ) GLOBAL_UNCERTAINTY_ASSIGNED_CONTEXT ( ( #5388 ) ) GLOBAL_UNIT_ASSIGNED_CONTEXT ( ( #5043, #1797, #5600 ) ) REPRESENTATION_CONTEXT ( 'NONE', 'WORKASPACE' ) );
#5806 = SURFACE_STYLE_USAGE ( .BOTH. , #1980 ) ;
#5807 = CARTESIAN_POINT ( 'NONE',  ( 0.3019749272942523500, 0.2289798103863816300, 0.6000000000000000900 ) ) ;
#5808 = CYLINDRICAL_SURFACE ( 'NONE', #941, 0.2000000000000004000 ) ;
#5809 = VECTOR ( 'NONE', #5620, 1000.000000000000000 ) ;
#5810 = EDGE_CURVE ( 'NONE', #6873, #562, #4127, .T. ) ;
#5811 = PRESENTATION_STYLE_ASSIGNMENT (( #3957 ) ) ;
#5812 = PLANE ( 'NONE',  #5180 ) ;
#5813 = COLOUR_RGB ( '',0.8274509803921568100, 0.6666666666666666300, 0.1254901960784313700 ) ;
#5814 = SURFACE_SIDE_STYLE ('',( #6579 ) ) ;
#5815 = SURFACE_STYLE_USAGE ( .BOTH. , #1991 ) ;
#5816 = SURFACE_SIDE_STYLE ('',( #3705 ) ) ;
#5817 = CARTESIAN_POINT ( 'NONE',  ( 0.2681118318204308600, 2.325147186257615400, 0.6000000000000002000 ) ) ;
#5818 = STYLED_ITEM ( 'NONE', ( #700 ), #6007 ) ;
#5819 =( LENGTH_UNIT ( ) NAMED_UNIT ( * ) SI_UNIT ( .MILLI., .METRE. ) );
#5820 = MECHANICAL_DESIGN_GEOMETRIC_PRESENTATION_REPRESENTATION (  '', ( #5094 ), #6187 ) ;
#5821 = PRESENTATION_STYLE_ASSIGNMENT (( #2243 ) ) ;
#5822 =( LENGTH_UNIT ( ) NAMED_UNIT ( * ) SI_UNIT ( .MILLI., .METRE. ) );
#5823 = DIRECTION ( 'NONE',  ( 0.0000000000000000000, -0.0000000000000000000, 1.000000000000000000 ) ) ;
#5824 = COLOUR_RGB ( '',0.6470588235294118000, 0.6196078431372549200, 0.5843137254901961100 ) ;
#5825 = CARTESIAN_POINT ( 'NONE',  ( 3.170000000000000400, 0.09986109713243988800, 0.1700000000000000100 ) ) ;
#5826 =( NAMED_UNIT ( * ) SI_UNIT ( $, .STERADIAN. ) SOLID_ANGLE_UNIT ( ) );
#5827 = STYLED_ITEM ( 'NONE', ( #3464 ), #5004 ) ;
#5828 = PRESENTATION_STYLE_ASSIGNMENT (( #333 ) ) ;
#5829 = VERTEX_POINT ( 'NONE', #3188 ) ;
#5830 = ORIENTED_EDGE ( 'NONE', *, *, #6305, .F. ) ;
#5831 = COLOUR_RGB ( '',0.6470588235294118000, 0.6196078431372549200, 0.5843137254901961100 ) ;
#5832 = LINE ( 'NONE', #4157, #214 ) ;
#5833 = ORIENTED_EDGE ( 'NONE', *, *, #1804, .F. ) ;
#5834 = CARTESIAN_POINT ( 'NONE',  ( 0.0000000000000000000, 0.2000000000000000100, 0.1700000000000000100 ) ) ;
#5835 = CARTESIAN_POINT ( 'NONE',  ( 0.4000000000000001900, 0.1000000000000000500, 0.5000000000000000000 ) ) ;
#5836 = CARTESIAN_POINT ( 'NONE',  ( 0.1020287438016752200, 0.4043365389824147300, 0.4897717084982458100 ) ) ;
#5837 = EDGE_LOOP ( 'NONE', ( #6169, #3920, #2535, #900 ) ) ;
#5838 = ORIENTED_EDGE ( 'NONE', *, *, #4097, .F. ) ;
#5839 = EDGE_CURVE ( 'NONE', #1291, #1169, #1653, .T. ) ;
#5840 =( NAMED_UNIT ( * ) SI_UNIT ( $, .STERADIAN. ) SOLID_ANGLE_UNIT ( ) );
#5841 = LINE ( 'NONE', #1605, #1501 ) ;
#5842 = COLOUR_RGB ( '',0.8274509803921568100, 0.6666666666666666300, 0.1254901960784313700 ) ;
#5843 = FACE_OUTER_BOUND ( 'NONE', #6251, .T. ) ;
#5844 = SURFACE_STYLE_FILL_AREA ( #461 ) ;
#5845 = EDGE_LOOP ( 'NONE', ( #617, #2577, #402, #4346, #3129, #2865, #5931, #2700 ) ) ;
#5846 = EDGE_LOOP ( 'NONE', ( #1323, #3235 ) ) ;
#5847 = ORIENTED_EDGE ( 'NONE', *, *, #4972, .T. ) ;
#5848 = STYLED_ITEM ( 'NONE', ( #3749 ), #1285 ) ;
#5849 =( NAMED_UNIT ( * ) PLANE_ANGLE_UNIT ( ) SI_UNIT ( $, .RADIAN. ) );
#5850 = DIRECTION ( 'NONE',  ( 0.0000000000000000000, 1.000000000000000000, 0.0000000000000000000 ) ) ;
#5851 = UNCERTAINTY_MEASURE_WITH_UNIT (LENGTH_MEASURE( 1.000000000000000100E-005 ), #197, 'distance_accuracy_value', 'NONE');
#5852 = COLOUR_RGB ( '',0.01176470588235294100, 0.0000000000000000000, 0.05882352941176470500 ) ;
#5853 =( NAMED_UNIT ( * ) PLANE_ANGLE_UNIT ( ) SI_UNIT ( $, .RADIAN. ) );
#5854 = LINE ( 'NONE', #1476, #4415 ) ;
#5855 = MECHANICAL_DESIGN_GEOMETRIC_PRESENTATION_REPRESENTATION (  '', ( #4752 ), #6210 ) ;
#5856 = CARTESIAN_POINT ( 'NONE',  ( 3.070000000000000300, 2.100000000000000100, 0.5000000000000000000 ) ) ;
#5857 = EDGE_CURVE ( 'NONE', #5053, #1291, #4373, .T. ) ;
#5858 = CARTESIAN_POINT ( 'NONE',  ( 3.089847783199924700, 0.2325212498551154100, 0.3650000000000000500 ) ) ;
#5859 = ORIENTED_EDGE ( 'NONE', *, *, #2053, .T. ) ;
#5860 = EDGE_LOOP ( 'NONE', ( #3621, #5466, #3317, #6556, #5224 ) ) ;
#5861 = CARTESIAN_POINT ( 'NONE',  ( 0.0000000000000000000, 2.079959576973093000, 0.1700000000000000100 ) ) ;
#5862 = ORIENTED_EDGE ( 'NONE', *, *, #4011, .T. ) ;
#5863 = CARTESIAN_POINT ( 'NONE',  ( 0.1011839063810402600, 0.3846473386338416500, 0.4800000000000000900 ) ) ;
#5864 = CARTESIAN_POINT ( 'NONE',  ( 0.09999075855428361800, -1.626303258728256700E-016, 0.0000000000000000000 ) ) ;
#5865 = DIRECTION ( 'NONE',  ( 1.000000000000000000, 3.053757688596834300E-016, 0.0000000000000000000 ) ) ;
#5866 =( NAMED_UNIT ( * ) SI_UNIT ( $, .STERADIAN. ) SOLID_ANGLE_UNIT ( ) );
#5867 = DIRECTION ( 'NONE',  ( 0.0000000000000000000, -1.000000000000000000, 0.0000000000000000000 ) ) ;
#5868 =( NAMED_UNIT ( * ) PLANE_ANGLE_UNIT ( ) SI_UNIT ( $, .RADIAN. ) );
#5869 = CARTESIAN_POINT ( 'NONE',  ( 0.0000000000000000000, 2.200000000000000200, 0.1700000000000000100 ) ) ;
#5870 = CARTESIAN_POINT ( 'NONE',  ( 0.1017531415025943300, 0.3791777625360268600, 0.4999999999999986100 ) ) ;
#5871 = CARTESIAN_POINT ( 'NONE',  ( 3.200000000000000200, 0.2000000000000003700, 0.2899999999999999800 ) ) ;
#5872 = FILL_AREA_STYLE ('',( #6406 ) ) ;
#5873 = ORIENTED_EDGE ( 'NONE', *, *, #5955, .T. ) ;
#5874 = ORIENTED_EDGE ( 'NONE', *, *, #4972, .F. ) ;
#5875 = CARTESIAN_POINT ( 'NONE',  ( 2.989999999999999800, 2.100000000000000100, 0.6000000000000000900 ) ) ;
#5876 = DIRECTION ( 'NONE',  ( 0.0000000000000000000, 0.0000000000000000000, 1.000000000000000000 ) ) ;
#5877 = AXIS2_PLACEMENT_3D ( 'NONE', #3630, #373, #4179 ) ;
#5878 = CARTESIAN_POINT ( 'NONE',  ( 3.011771750534340000, 0.03770962490837278400, 0.2899999999999999800 ) ) ;
#5879 =( GEOMETRIC_REPRESENTATION_CONTEXT ( 3 ) GLOBAL_UNCERTAINTY_ASSIGNED_CONTEXT ( ( #5885 ) ) GLOBAL_UNIT_ASSIGNED_CONTEXT ( ( #5471, #2214, #6035 ) ) REPRESENTATION_CONTEXT ( 'NONE', 'WORKASPACE' ) );
#5880 = CARTESIAN_POINT ( 'NONE',  ( 2.774932736525889800, 2.074932736525889600, 0.5000000000000000000 ) ) ;
#5881 =( BOUNDED_SURFACE ( )  B_SPLINE_SURFACE ( 2, 3, ( 
 ( #3817, #3228, #7009, #3744, #492, #4299, #1042, #4845 ),
 ( #1599, #5378, #2123, #5949, #2665, #6486, #3253, #7038 ),
 ( #3766, #513, #4327, #1067, #4867, #1626, #5407, #2150 ) ),
 .UNSPECIFIED., .F., .F., .F. ) 
 B_SPLINE_SURFACE_WITH_KNOTS ( ( 3, 3 ),
 ( 4, 2, 2, 4 ),
 ( 0.0000000000000000000, 1.000000000000000000 ),
 ( -0.001700000000000000300, -0.001530000000000000300, -0.0001700000000000000400, -0.0000000000000000000 ),
 .UNSPECIFIED. ) 
 GEOMETRIC_REPRESENTATION_ITEM ( )  RATIONAL_B_SPLINE_SURFACE ( (
 ( 1.000000000000000000, 1.000000000000000000, 1.000000000000000000, 1.000000000000000000, 1.000000000000000000, 1.000000000000000000, 1.000000000000000000, 1.000000000000000000),
 ( 0.6336872742246432200, 0.6336394661671619400, 0.6338129566714569800, 0.6493837805612477900, 0.6493837805602641300, 0.6338129566715787800, 0.6336394661670691200, 0.6336872742246447700),
 ( 1.000000000000000000, 1.000000000000000000, 1.000000000000000000, 1.000000000000000000, 1.000000000000000000, 1.000000000000000000, 1.000000000000000000, 1.000000000000000000) ) ) 
 REPRESENTATION_ITEM ( '' )  SURFACE ( )  );
#5882 = EDGE_CURVE ( 'NONE', #564, #6621, #1473, .T. ) ;
#5883 = DIRECTION ( 'NONE',  ( 0.0000000000000000000, -0.0000000000000000000, -1.000000000000000000 ) ) ;
#5884 =( GEOMETRIC_REPRESENTATION_CONTEXT ( 3 ) GLOBAL_UNCERTAINTY_ASSIGNED_CONTEXT ( ( #2115 ) ) GLOBAL_UNIT_ASSIGNED_CONTEXT ( ( #1124, #4926, #1675 ) ) REPRESENTATION_CONTEXT ( 'NONE', 'WORKASPACE' ) );
#5885 = UNCERTAINTY_MEASURE_WITH_UNIT (LENGTH_MEASURE( 1.000000000000000100E-005 ), #5471, 'distance_accuracy_value', 'NONE');
#5886 = SURFACE_SIDE_STYLE ('',( #6659 ) ) ;
#5887 = CARTESIAN_POINT ( 'NONE',  ( 0.0000000000000000000, 0.0000000000000000000, 0.0000000000000000000 ) ) ;
#5888 = COLOUR_RGB ( '',0.01176470588235294100, 0.0000000000000000000, 0.05882352941176470500 ) ;
#5889 = DIRECTION ( 'NONE',  ( 1.000000000000000000, 0.0000000000000000000, 0.0000000000000000000 ) ) ;
#5890 =( LENGTH_UNIT ( ) NAMED_UNIT ( * ) SI_UNIT ( .MILLI., .METRE. ) );
#5891 = VERTEX_POINT ( 'NONE', #7003 ) ;
#5892 = CARTESIAN_POINT ( 'NONE',  ( 0.2380802303359589000, 0.1509749249621588400, 0.4800000000000000900 ) ) ;
#5893 = CARTESIAN_POINT ( 'NONE',  ( 2.988541920638418100, 2.429068291288262400, 0.2899999999999999800 ) ) ;
#5894 = AXIS2_PLACEMENT_3D ( 'NONE', #1492, #4748, #942 ) ;
#5895 = FACE_OUTER_BOUND ( 'NONE', #4580, .T. ) ;
#5896 = EDGE_CURVE ( 'NONE', #2375, #385, #1297, .T. ) ;
#5897 = PLANE ( 'NONE',  #1022 ) ;
#5898 = DIRECTION ( 'NONE',  ( 0.0000000000000000000, -0.0000000000000000000, 1.000000000000000000 ) ) ;
#5899 = VECTOR ( 'NONE', #6703, 1000.000000000000000 ) ;
#5900 = ADVANCED_FACE ( 'NONE', ( #5638 ), #3219, .T. ) ;
#5901 = B_SPLINE_CURVE_WITH_KNOTS ( 'NONE', 3,
 ( #2503, #5220, #3079, #6871 ),
 .UNSPECIFIED., .F., .F.,
 ( 4, 4 ),
 ( 0.0000000000000000000, 1.000000000000000000 ),
 .UNSPECIFIED. ) ;
#5902 = CARTESIAN_POINT ( 'NONE',  ( 2.988180369749845700, 0.2055730340098374800, 0.5000030325441262600 ) ) ;
#5903 = CARTESIAN_POINT ( 'NONE',  ( 0.1299999999999999800, 2.100000000000000100, 0.5200000000000000200 ) ) ;
#5904 = UNCERTAINTY_MEASURE_WITH_UNIT (LENGTH_MEASURE( 1.000000000000000100E-005 ), #3325, 'distance_accuracy_value', 'NONE');
#5905 = LINE ( 'NONE', #6993, #1739 ) ;
#5906 = EDGE_CURVE ( 'NONE', #573, #3879, #6393, .T. ) ;
#5907 = DIRECTION ( 'NONE',  ( 0.0000000000000000000, -0.0000000000000000000, -1.000000000000000000 ) ) ;
#5908 = SURFACE_STYLE_FILL_AREA ( #5569 ) ;
#5909 = CARTESIAN_POINT ( 'NONE',  ( 0.3972620349942652700, 0.02499999999999999400, 0.2899999999999999800 ) ) ;
#5910 =( NAMED_UNIT ( * ) PLANE_ANGLE_UNIT ( ) SI_UNIT ( $, .RADIAN. ) );
#5911 = CARTESIAN_POINT ( 'NONE',  ( 3.200000000000000200, 0.4200404230269067000, 0.1700000000000000100 ) ) ;
#5912 = CARTESIAN_POINT ( 'NONE',  ( 0.3693788275795951100, 2.396542742251392500, 0.4800000000000000900 ) ) ;
#5913 = FILL_AREA_STYLE ('',( #458 ) ) ;
#5914 = COLOUR_RGB ( '',0.8274509803921568100, 0.6666666666666666300, 0.1254901960784313700 ) ;
#5915 = DIRECTION ( 'NONE',  ( -1.000000000000000000, 0.0000000000000000000, 0.0000000000000000000 ) ) ;
#5916 = DIRECTION ( 'NONE',  ( -0.0000000000000000000, -0.0000000000000000000, -1.000000000000000000 ) ) ;
#5917 = CARTESIAN_POINT ( 'NONE',  ( 0.1499999999999999900, 0.3999999999999999700, 0.6000000000000000900 ) ) ;
#5918 = CARTESIAN_POINT ( 'NONE',  ( 3.200000000000000600, 2.500000000000000400, 0.2899999999999999800 ) ) ;
#5919 =( NAMED_UNIT ( * ) PLANE_ANGLE_UNIT ( ) SI_UNIT ( $, .RADIAN. ) );
#5920 = MECHANICAL_DESIGN_GEOMETRIC_PRESENTATION_REPRESENTATION (  '', ( #4819 ), #6274 ) ;
#5921 =( NAMED_UNIT ( * ) PLANE_ANGLE_UNIT ( ) SI_UNIT ( $, .RADIAN. ) );
#5922 = DIRECTION ( 'NONE',  ( -0.0000000000000000000, 0.0000000000000000000, -1.000000000000000000 ) ) ;
#5923 =( GEOMETRIC_REPRESENTATION_CONTEXT ( 3 ) GLOBAL_UNCERTAINTY_ASSIGNED_CONTEXT ( ( #4413 ) ) GLOBAL_UNIT_ASSIGNED_CONTEXT ( ( #2227, #6043, #2776 ) ) REPRESENTATION_CONTEXT ( 'NONE', 'WORKASPACE' ) );
#5924 = ORIENTED_EDGE ( 'NONE', *, *, #2464, .F. ) ;
#5925 = ORIENTED_EDGE ( 'NONE', *, *, #3177, .T. ) ;
#5926 = PLANE ( 'NONE',  #3592 ) ;
#5927 =( NAMED_UNIT ( * ) SI_UNIT ( $, .STERADIAN. ) SOLID_ANGLE_UNIT ( ) );
#5928 = LINE ( 'NONE', #4968, #1590 ) ;
#5929 =( BOUNDED_CURVE ( )  B_SPLINE_CURVE ( 2, ( #2109, #1577, #7013 ),
 .UNSPECIFIED., .F., .F. ) 
 B_SPLINE_CURVE_WITH_KNOTS ( ( 3, 3 ),
 ( 0.0000000000000000000, 1.000000000000000000 ),
 .UNSPECIFIED. ) 
 CURVE ( )  GEOMETRIC_REPRESENTATION_ITEM ( )  RATIONAL_B_SPLINE_CURVE ( ( 1.000000000000000000, 0.7071067811865503500, 1.000000000000000000 ) ) 
 REPRESENTATION_ITEM ( '' )  );
#5930 = CARTESIAN_POINT ( 'NONE',  ( 2.779937501871236400, 2.500000000000000000, 0.0000000000000000000 ) ) ;
#5931 = ORIENTED_EDGE ( 'NONE', *, *, #869, .T. ) ;
#5932 = ORIENTED_EDGE ( 'NONE', *, *, #2155, .T. ) ;
#5933 = ORIENTED_EDGE ( 'NONE', *, *, #1934, .F. ) ;
#5934 = ORIENTED_EDGE ( 'NONE', *, *, #7062, .T. ) ;
#5935 = FILL_AREA_STYLE_COLOUR ( '', #1568 ) ;
#5936 = LINE ( 'NONE', #484, #1601 ) ;
#5937 = SURFACE_STYLE_FILL_AREA ( #5032 ) ;
#5938 = CARTESIAN_POINT ( 'NONE',  ( 3.129068291288711600, 0.2114580793625685000, 0.2899999999999999800 ) ) ;
#5939 = ADVANCED_FACE ( 'NONE', ( #791 ), #6478, .F. ) ;
#5940 = CYLINDRICAL_SURFACE ( 'NONE', #1788, 0.05999999999999994200 ) ;
#5941 =( LENGTH_UNIT ( ) NAMED_UNIT ( * ) SI_UNIT ( .MILLI., .METRE. ) );
#5942 = EDGE_CURVE ( 'NONE', #2265, #1756, #3012, .T. ) ;
#5943 = ORIENTED_EDGE ( 'NONE', *, *, #2998, .F. ) ;
#5944 = ORIENTED_EDGE ( 'NONE', *, *, #881, .F. ) ;
#5945 = CARTESIAN_POINT ( 'NONE',  ( 0.08014551274533315800, 2.285825511629206600, 0.2899999999999999800 ) ) ;
#5946 = CARTESIAN_POINT ( 'NONE',  ( 0.09999075855428361800, 0.02999999999999997100, 0.1700000000000000100 ) ) ;
#5947 = DIRECTION ( 'NONE',  ( -1.000000000000000000, -0.0000000000000000000, 0.0000000000000000000 ) ) ;
#5948 = MECHANICAL_DESIGN_GEOMETRIC_PRESENTATION_REPRESENTATION (  '', ( #4844 ), #6287 ) ;
#5949 = CARTESIAN_POINT ( 'NONE',  ( 0.1000000000000451800, 1.477656067995436300, 0.4999999999999757400 ) ) ;
#5950 = DIRECTION ( 'NONE',  ( 0.0000000000000000000, -0.0000000000000000000, 1.000000000000000000 ) ) ;
#5951 = ORIENTED_EDGE ( 'NONE', *, *, #2102, .T. ) ;
#5952 = LINE ( 'NONE', #3208, #4499 ) ;
#5953 = CARTESIAN_POINT ( 'NONE',  ( 3.070000000000000300, 2.100000000000000100, 0.5000000000000000000 ) ) ;
#5954 = CARTESIAN_POINT ( 'NONE',  ( 0.2587685864156003000, 0.1577197095212843300, 0.5000000000000000000 ) ) ;
#5955 = EDGE_CURVE ( 'NONE', #4058, #1679, #277, .T. ) ;
#5956 = SURFACE_STYLE_USAGE ( .BOTH. , #2129 ) ;
#5957 = ORIENTED_EDGE ( 'NONE', *, *, #3522, .T. ) ;
#5958 = ORIENTED_EDGE ( 'NONE', *, *, #6203, .T. ) ;
#5959 = UNCERTAINTY_MEASURE_WITH_UNIT (LENGTH_MEASURE( 1.000000000000000100E-005 ), #3655, 'distance_accuracy_value', 'NONE');
#5960 = DIRECTION ( 'NONE',  ( -1.000000000000000000, 0.0000000000000000000, 0.0000000000000000000 ) ) ;
#5961 = PRESENTATION_LAYER_ASSIGNMENT (  '', '', ( #5211 ) ) ;
#5962 = DIRECTION ( 'NONE',  ( -0.0000000000000000000, -0.0000000000000000000, -1.000000000000000000 ) ) ;
#5963 = CARTESIAN_POINT ( 'NONE',  ( 2.799997406541917800, 0.1200314940296796200, 0.4999999876735897200 ) ) ;
#5964 = CARTESIAN_POINT ( 'NONE',  ( 2.080276409533067900, 2.400138902867559900, 0.0000000000000000000 ) ) ;
#5965 = STYLED_ITEM ( 'NONE', ( #6907 ), #5900 ) ;
#5966 = MECHANICAL_DESIGN_GEOMETRIC_PRESENTATION_REPRESENTATION (  '', ( #5217 ), #6304 ) ;
#5967 = EDGE_CURVE ( 'NONE', #814, #5397, #1560, .T. ) ;
#5968 = CARTESIAN_POINT ( 'NONE',  ( 0.4800000000000008700, 0.1199999999999998800, 0.5000000000000000000 ) ) ;
#5969 =( NAMED_UNIT ( * ) SI_UNIT ( $, .STERADIAN. ) SOLID_ANGLE_UNIT ( ) );
#5970 = DIRECTION ( 'NONE',  ( 0.0000000000000000000, 1.000000000000000000, 0.0000000000000000000 ) ) ;
#5971 = DIRECTION ( 'NONE',  ( -0.0000000000000000000, -0.0000000000000000000, -1.000000000000000000 ) ) ;
#5972 =( LENGTH_UNIT ( ) NAMED_UNIT ( * ) SI_UNIT ( .MILLI., .METRE. ) );
#5973 = MECHANICAL_DESIGN_GEOMETRIC_PRESENTATION_REPRESENTATION (  '', ( #4869 ), #6311 ) ;
#5974 = EDGE_LOOP ( 'NONE', ( #1641, #3603, #2877, #2990 ) ) ;
#5975 = ADVANCED_FACE ( 'NONE', ( #1383 ), #6489, .F. ) ;
#5976 = SURFACE_STYLE_USAGE ( .BOTH. , #2153 ) ;
#5977 = STYLED_ITEM ( 'NONE', ( #4391 ), #7044 ) ;
#5978 = LINE ( 'NONE', #5911, #3266 ) ;
#5979 = SURFACE_STYLE_USAGE ( .BOTH. , #2154 ) ;
#5980 = MECHANICAL_DESIGN_GEOMETRIC_PRESENTATION_REPRESENTATION (  '', ( #4873 ), #6314 ) ;
#5981 = CARTESIAN_POINT ( 'NONE',  ( 0.3000000000000000400, 0.03000000000000000600, 0.1700000000000000100 ) ) ;
#5982 = PRESENTATION_STYLE_ASSIGNMENT (( #5282 ) ) ;
#5983 = ORIENTED_EDGE ( 'NONE', *, *, #6939, .T. ) ;
#5984 = EDGE_CURVE ( 'NONE', #6091, #7051, #871, .T. ) ;
#5985 = SURFACE_SIDE_STYLE ('',( #5208 ) ) ;
#5986 = CARTESIAN_POINT ( 'NONE',  ( 3.174999999999999400, 1.249999999999977400, 0.2899999999999999800 ) ) ;
#5987 = CARTESIAN_POINT ( 'NONE',  ( 0.09999075855428361800, 2.079959576973093000, 0.1700000000000000100 ) ) ;
#5988 = CARTESIAN_POINT ( 'NONE',  ( 2.900000000000000400, 0.0000000000000000000, 0.0000000000000000000 ) ) ;
#5989 = MECHANICAL_DESIGN_GEOMETRIC_PRESENTATION_REPRESENTATION (  '', ( #5244 ), #6330 ) ;
#5990 = LINE ( 'NONE', #680, #1809 ) ;
#5991 = CARTESIAN_POINT ( 'NONE',  ( 1.285538105784493200, 0.09999999999999784100, 0.5000000000000169900 ) ) ;
#5992 = SURFACE_STYLE_USAGE ( .BOTH. , #2172 ) ;
#5993 = VECTOR ( 'NONE', #4339, 1000.000000000000000 ) ;
#5994 = MECHANICAL_DESIGN_GEOMETRIC_PRESENTATION_REPRESENTATION (  '', ( #4162 ), #6340 ) ;
#5995 = EDGE_CURVE ( 'NONE', #1070, #6260, #5203, .T. ) ;
#5996 = PLANE ( 'NONE',  #5116 ) ;
#5997 = DIRECTION ( 'NONE',  ( 1.000000000000000000, 0.0000000000000000000, 0.0000000000000000000 ) ) ;
#5998 = VECTOR ( 'NONE', #2383, 1000.000000000000000 ) ;
#5999 = CARTESIAN_POINT ( 'NONE',  ( 2.946446609406726800, 0.1500000000000008800, 0.5751471862576144100 ) ) ;
#6000 = FILL_AREA_STYLE_COLOUR ( '', #1777 ) ;
#6001 = COLOUR_RGB ( '',0.7921568627450980000, 0.8196078431372548800, 0.9333333333333333500 ) ;
#6002 = FACE_OUTER_BOUND ( 'NONE', #1232, .T. ) ;
#6003 = PLANE ( 'NONE',  #6968 ) ;
#6004 = CARTESIAN_POINT ( 'NONE',  ( 0.1200314940270346400, 2.099997406540719400, 0.4999999876735851700 ) ) ;
#6005 = CARTESIAN_POINT ( 'NONE',  ( -1.626303258728256700E-016, 2.500000000000000400, 0.1700000000000000100 ) ) ;
#6006 =( NAMED_UNIT ( * ) PLANE_ANGLE_UNIT ( ) SI_UNIT ( $, .RADIAN. ) );
#6007 = ADVANCED_FACE ( 'NONE', ( #2308 ), #5808, .F. ) ;
#6008 = VERTEX_POINT ( 'NONE', #5672 ) ;
#6009 = ORIENTED_EDGE ( 'NONE', *, *, #4475, .F. ) ;
#6010 = SURFACE_STYLE_FILL_AREA ( #1727 ) ;
#6011 = CARTESIAN_POINT ( 'NONE',  ( 2.639999999999993900, 0.1000000000000000100, 0.4800000000000000900 ) ) ;
#6012 = DIRECTION ( 'NONE',  ( 0.0000000000000000000, -0.0000000000000000000, 1.000000000000000000 ) ) ;
#6013 = DIRECTION ( 'NONE',  ( -1.000000000000000000, -0.0000000000000000000, -0.0000000000000000000 ) ) ;
#6014 = VERTEX_POINT ( 'NONE', #6216 ) ;
#6015 = CARTESIAN_POINT ( 'NONE',  ( 3.100000000000000100, 0.4005125721102456000, 0.4894083685797777100 ) ) ;
#6016 = VERTEX_POINT ( 'NONE', #2978 ) ;
#6017 = VERTEX_POINT ( 'NONE', #6768 ) ;
#6018 =( GEOMETRIC_REPRESENTATION_CONTEXT ( 3 ) GLOBAL_UNCERTAINTY_ASSIGNED_CONTEXT ( ( #2903 ) ) GLOBAL_UNIT_ASSIGNED_CONTEXT ( ( #4619, #1355, #5158 ) ) REPRESENTATION_CONTEXT ( 'NONE', 'WORKASPACE' ) );
#6019 = CARTESIAN_POINT ( 'NONE',  ( 3.170000000000000400, 0.9199523185698690300, 0.1700000000000000100 ) ) ;
#6020 = AXIS2_PLACEMENT_3D ( 'NONE', #4830, #1580, #5365 ) ;
#6021 = UNCERTAINTY_MEASURE_WITH_UNIT (LENGTH_MEASURE( 1.000000000000000100E-005 ), #5166, 'distance_accuracy_value', 'NONE');
#6022 = COLOUR_RGB ( '',0.8274509803921568100, 0.6666666666666666300, 0.1294117647058823400 ) ;
#6023 = CARTESIAN_POINT ( 'NONE',  ( 0.03000000000000043600, 2.200000000000000200, 0.1700000000000000100 ) ) ;
#6024 = CARTESIAN_POINT ( 'NONE',  ( 1.600000000000000800, 0.1000000000000000100, 0.4800000000000000900 ) ) ;
#6025 = SURFACE_SIDE_STYLE ('',( #316 ) ) ;
#6026 = CARTESIAN_POINT ( 'NONE',  ( 0.2413863028276942400, 0.1292294819680881400, 0.5000148479624873000 ) ) ;
#6027 = ORIENTED_EDGE ( 'NONE', *, *, #3927, .T. ) ;
#6028 = ORIENTED_EDGE ( 'NONE', *, *, #1107, .T. ) ;
#6029 = FILL_AREA_STYLE_COLOUR ( '', #2054 ) ;
#6030 = AXIS2_PLACEMENT_3D ( 'NONE', #5880, #2600, #6412 ) ;
#6031 = PRESENTATION_STYLE_ASSIGNMENT (( #3547 ) ) ;
#6032 = DIRECTION ( 'NONE',  ( 0.0000000000000000000, 0.0000000000000000000, 1.000000000000000000 ) ) ;
#6033 = PRESENTATION_STYLE_ASSIGNMENT (( #838 ) ) ;
#6034 = VECTOR ( 'NONE', #5267, 1000.000000000000000 ) ;
#6035 =( NAMED_UNIT ( * ) SI_UNIT ( $, .STERADIAN. ) SOLID_ANGLE_UNIT ( ) );
#6036 = ORIENTED_EDGE ( 'NONE', *, *, #512, .F. ) ;
#6037 = ORIENTED_EDGE ( 'NONE', *, *, #3596, .F. ) ;
#6038 = EDGE_CURVE ( 'NONE', #1169, #385, #3088, .T. ) ;
#6039 = ORIENTED_EDGE ( 'NONE', *, *, #499, .F. ) ;
#6040 = DIRECTION ( 'NONE',  ( -1.000000000000000000, 0.0000000000000000000, 0.0000000000000000000 ) ) ;
#6041 = DIRECTION ( 'NONE',  ( -5.339892110068786200E-005, 0.9999999985742775700, 0.0000000000000000000 ) ) ;
#6042 =( GEOMETRIC_REPRESENTATION_CONTEXT ( 3 ) GLOBAL_UNCERTAINTY_ASSIGNED_CONTEXT ( ( #6628 ) ) GLOBAL_UNIT_ASSIGNED_CONTEXT ( ( #6918, #3657, #407 ) ) REPRESENTATION_CONTEXT ( 'NONE', 'WORKASPACE' ) );
#6043 =( NAMED_UNIT ( * ) PLANE_ANGLE_UNIT ( ) SI_UNIT ( $, .RADIAN. ) );
#6044 = ADVANCED_FACE ( 'NONE', ( #4365 ), #952, .F. ) ;
#6045 = CARTESIAN_POINT ( 'NONE',  ( 3.170000000000000400, 0.02999999999999997100, 0.1700000000000000100 ) ) ;
#6046 = CARTESIAN_POINT ( 'NONE',  ( 0.4000000000000001300, 0.1500000000000000200, 0.5200000000000000200 ) ) ;
#6047 = EDGE_CURVE ( 'NONE', #5490, #6873, #6744, .T. ) ;
#6048 = FILL_AREA_STYLE_COLOUR ( '', #7006 ) ;
#6049 = ORIENTED_EDGE ( 'NONE', *, *, #5478, .F. ) ;
#6050 = ORIENTED_EDGE ( 'NONE', *, *, #3573, .F. ) ;
#6051 = CARTESIAN_POINT ( 'NONE',  ( 0.4000000000000001900, 2.370000000000000600, 0.5200000000000000200 ) ) ;
#6052 = CARTESIAN_POINT ( 'NONE',  ( 3.200000000000000200, 0.2000000000000000100, 0.0000000000000000000 ) ) ;
#6053 = ORIENTED_EDGE ( 'NONE', *, *, #2194, .F. ) ;
#6054 = CARTESIAN_POINT ( 'NONE',  ( 3.200000000000000200, 2.200000000000000200, 0.0000000000000000000 ) ) ;
#6055 = MANIFOLD_SOLID_BREP ( 'Ressalto-extrus?5[2]', #5592 ) ;
#6056 = ADVANCED_FACE ( 'NONE', ( #3344 ), #271, .F. ) ;
#6057 = AXIS2_PLACEMENT_3D ( 'NONE', #2462, #6280, #3041 ) ;
#6058 = AXIS2_PLACEMENT_3D ( 'NONE', #1524, #5306, #2045 ) ;
#6059 = CARTESIAN_POINT ( 'NONE',  ( 2.800000000000000300, 2.399999999999999900, 0.4800000000000000400 ) ) ;
#6060 =( LENGTH_UNIT ( ) NAMED_UNIT ( * ) SI_UNIT ( .MILLI., .METRE. ) );
#6061 = DIRECTION ( 'NONE',  ( 0.0000000000000000000, 0.0000000000000000000, 1.000000000000000000 ) ) ;
#6062 = CARTESIAN_POINT ( 'NONE',  ( 3.100000000000000500, 0.4000000000000000200, 0.5000000000000000000 ) ) ;
#6063 = CARTESIAN_POINT ( 'NONE',  ( 0.3999999999999998600, 2.399999999999999500, 0.3649999999999999900 ) ) ;
#6064 = AXIS2_PLACEMENT_3D ( 'NONE', #7023, #3758, #505 ) ;
#6065 = PRESENTATION_STYLE_ASSIGNMENT (( #4651 ) ) ;
#6066 = ORIENTED_EDGE ( 'NONE', *, *, #4624, .T. ) ;
#6067 = CARTESIAN_POINT ( 'NONE',  ( 2.774932736525889800, 2.074932736525889600, 0.5000000000000000000 ) ) ;
#6068 = DIRECTION ( 'NONE',  ( -1.000000000000000000, -0.0000000000000000000, -0.0000000000000000000 ) ) ;
#6069 = AXIS2_PLACEMENT_3D ( 'NONE', #1860, #5658, #2390 ) ;
#6070 = CARTESIAN_POINT ( 'NONE',  ( 1.119723590466932000, 0.9199523185698690300, 0.1700000000000000100 ) ) ;
#6071 = SURFACE_STYLE_FILL_AREA ( #797 ) ;
#6072 = EDGE_CURVE ( 'NONE', #1756, #2946, #6990, .T. ) ;
#6073 = SURFACE_STYLE_FILL_AREA ( #4401 ) ;
#6074 = CARTESIAN_POINT ( 'NONE',  ( 2.994426580903603700, 2.288180748514550900, 0.5000030481415291800 ) ) ;
#6075 =( LENGTH_UNIT ( ) NAMED_UNIT ( * ) SI_UNIT ( .MILLI., .METRE. ) );
#6076 = ADVANCED_FACE ( 'NONE', ( #2636 ), #4114, .F. ) ;
#6077 = MECHANICAL_DESIGN_GEOMETRIC_PRESENTATION_REPRESENTATION (  '', ( #5334 ), #6439 ) ;
#6078 = FILL_AREA_STYLE_COLOUR ( '', #3528 ) ;
#6079 = SURFACE_STYLE_USAGE ( .BOTH. , #2271 ) ;
#6080 = VECTOR ( 'NONE', #107, 1000.000000000000000 ) ;
#6081 = SURFACE_STYLE_FILL_AREA ( #428 ) ;
#6082 = DIRECTION ( 'NONE',  ( -0.0000000000000000000, -0.0000000000000000000, -1.000000000000000000 ) ) ;
#6083 = CARTESIAN_POINT ( 'NONE',  ( 3.200000000000000200, 0.2999999999999999900, 0.1700000000000000100 ) ) ;
#6084 = EDGE_CURVE ( 'NONE', #6814, #4058, #2131, .T. ) ;
#6085 = PRESENTATION_STYLE_ASSIGNMENT (( #679 ) ) ;
#6086 = CARTESIAN_POINT ( 'NONE',  ( 2.779937501871236400, 2.500000000000000000, 0.1700000000000000100 ) ) ;
#6087 = CARTESIAN_POINT ( 'NONE',  ( 3.080059201909494300, 2.098462283669305000, 0.5000000000000000000 ) ) ;
#6088 = SURFACE_SIDE_STYLE ('',( #6494 ) ) ;
#6089 = PRESENTATION_STYLE_ASSIGNMENT (( #6721 ) ) ;
#6090 = SURFACE_SIDE_STYLE ('',( #5937 ) ) ;
#6091 = VERTEX_POINT ( 'NONE', #889 ) ;
#6092 = ORIENTED_EDGE ( 'NONE', *, *, #3889, .T. ) ;
#6093 =( LENGTH_UNIT ( ) NAMED_UNIT ( * ) SI_UNIT ( .MILLI., .METRE. ) );
#6094 = CYLINDRICAL_SURFACE ( 'NONE', #4723, 0.05999999999999999800 ) ;
#6095 = CARTESIAN_POINT ( 'NONE',  ( 0.1267164828646832300, 2.176787632698324000, 0.5000000000000000000 ) ) ;
#6096 = DIRECTION ( 'NONE',  ( 0.0000000000000000000, 0.0000000000000000000, 1.000000000000000000 ) ) ;
#6097 = CARTESIAN_POINT ( 'NONE',  ( 0.4000000000000009100, 0.4000000000000009100, 0.5400000000000001500 ) ) ;
#6098 = ORIENTED_EDGE ( 'NONE', *, *, #6760, .T. ) ;
#6099 = ORIENTED_EDGE ( 'NONE', *, *, #5289, .F. ) ;
#6100 = ORIENTED_EDGE ( 'NONE', *, *, #5470, .F. ) ;
#6101 = VERTEX_POINT ( 'NONE', #4149 ) ;
#6102 = UNCERTAINTY_MEASURE_WITH_UNIT (LENGTH_MEASURE( 1.000000000000000100E-005 ), #6718, 'distance_accuracy_value', 'NONE');
#6103 = LINE ( 'NONE', #755, #1931 ) ;
#6104 =( LENGTH_UNIT ( ) NAMED_UNIT ( * ) SI_UNIT ( .MILLI., .METRE. ) );
#6105 = STYLED_ITEM ( 'NONE', ( #1975 ), #4823 ) ;
#6106 =( NAMED_UNIT ( * ) SI_UNIT ( $, .STERADIAN. ) SOLID_ANGLE_UNIT ( ) );
#6107 = CARTESIAN_POINT ( 'NONE',  ( -1.626303258728256700E-016, 0.0000000000000000000, 0.2899999999999999800 ) ) ;
#6108 = PRESENTATION_LAYER_ASSIGNMENT (  '', '', ( #5357 ) ) ;
#6109 =( NAMED_UNIT ( * ) PLANE_ANGLE_UNIT ( ) SI_UNIT ( $, .RADIAN. ) );
#6110 = DIRECTION ( 'NONE',  ( 0.0000000000000000000, -1.000000000000000000, -0.0000000000000000000 ) ) ;
#6111 =( GEOMETRIC_REPRESENTATION_CONTEXT ( 3 ) GLOBAL_UNCERTAINTY_ASSIGNED_CONTEXT ( ( #2069 ) ) GLOBAL_UNIT_ASSIGNED_CONTEXT ( ( #6689, #3429, #166 ) ) REPRESENTATION_CONTEXT ( 'NONE', 'WORKASPACE' ) );
#6112 = ORIENTED_EDGE ( 'NONE', *, *, #4197, .F. ) ;
#6113 = ORIENTED_EDGE ( 'NONE', *, *, #5170, .F. ) ;
#6114 = ADVANCED_FACE ( 'NONE', ( #6291 ), #4359, .T. ) ;
#6115 = CARTESIAN_POINT ( 'NONE',  ( 3.032211262653267300, 2.250449310801153800, 0.5000000000000000000 ) ) ;
#6116 = PRESENTATION_STYLE_ASSIGNMENT (( #5441 ) ) ;
#6117 = PRESENTATION_STYLE_ASSIGNMENT (( #2412 ) ) ;
#6118 =( NAMED_UNIT ( * ) PLANE_ANGLE_UNIT ( ) SI_UNIT ( $, .RADIAN. ) );
#6119 = EDGE_CURVE ( 'NONE', #3111, #3486, #2107, .T. ) ;
#6120 = EDGE_LOOP ( 'NONE', ( #4817, #1837, #577, #39 ) ) ;
#6121 = DIRECTION ( 'NONE',  ( 0.0000000000000000000, 0.0000000000000000000, 1.000000000000000000 ) ) ;
#6122 = MECHANICAL_DESIGN_GEOMETRIC_PRESENTATION_REPRESENTATION (  '', ( #4621 ), #6476 ) ;
#6123 = UNCERTAINTY_MEASURE_WITH_UNIT (LENGTH_MEASURE( 1.000000000000000100E-005 ), #3562, 'distance_accuracy_value', 'NONE');
#6124 = SURFACE_SIDE_STYLE ('',( #3555 ) ) ;
#6125 = CARTESIAN_POINT ( 'NONE',  ( 0.2325212498551169600, 0.1101522168000745600, 0.3649999999999999900 ) ) ;
#6126 = MECHANICAL_DESIGN_GEOMETRIC_PRESENTATION_REPRESENTATION (  '', ( #5018 ), #6484 ) ;
#6127 = EDGE_CURVE ( 'NONE', #215, #6700, #3083, .T. ) ;
#6128 = CARTESIAN_POINT ( 'NONE',  ( 3.170000000000000400, 0.02999999999999997100, 0.1700000000000000100 ) ) ;
#6129 = SURFACE_STYLE_USAGE ( .BOTH. , #2306 ) ;
#6130 = CARTESIAN_POINT ( 'NONE',  ( 2.989999999999999800, 2.100000000000000100, 0.6000000000000000900 ) ) ;
#6131 = FILL_AREA_STYLE_COLOUR ( '', #3942 ) ;
#6132 = ORIENTED_EDGE ( 'NONE', *, *, #6047, .T. ) ;
#6133 = CARTESIAN_POINT ( 'NONE',  ( 3.099999999999999600, 2.090097570029880300, 0.5000000000000002200 ) ) ;
#6134 = CARTESIAN_POINT ( 'NONE',  ( 2.820822220047799700, 2.398246862283059500, 0.4999999999999996700 ) ) ;
#6135 = EDGE_CURVE ( 'NONE', #3085, #3111, #1574, .T. ) ;
#6136 = VERTEX_POINT ( 'NONE', #4186 ) ;
#6137 = SURFACE_SIDE_STYLE ('',( #6995 ) ) ;
#6138 = FILL_AREA_STYLE_COLOUR ( '', #3054 ) ;
#6139 = CARTESIAN_POINT ( 'NONE',  ( 0.03770962490837377600, 0.1882282494656589100, 0.2899999999999999800 ) ) ;
#6140 = ADVANCED_FACE ( 'NONE', ( #5801 ), #5812, .F. ) ;
#6141 = ORIENTED_EDGE ( 'NONE', *, *, #2539, .F. ) ;
#6142 = STYLED_ITEM ( 'NONE', ( #4706 ), #2793 ) ;
#6143 = CARTESIAN_POINT ( 'NONE',  ( -1.626303258728256700E-016, -1.626303258728256700E-016, 0.2899999999999999800 ) ) ;
#6144 = CARTESIAN_POINT ( 'NONE',  ( 0.4000000000000001300, 2.370000000000000100, 0.5000000000000000000 ) ) ;
#6145 = PRESENTATION_STYLE_ASSIGNMENT (( #4594 ) ) ;
#6146 = DIRECTION ( 'NONE',  ( 0.0000000000000000000, 0.0000000000000000000, -1.000000000000000000 ) ) ;
#6147 = CARTESIAN_POINT ( 'NONE',  ( 3.025147186257614300, 2.099999999999999600, 0.6000000000000004200 ) ) ;
#6148 = AXIS2_PLACEMENT_3D ( 'NONE', #6276, #3034, #6822 ) ;
#6149 = PRESENTATION_LAYER_ASSIGNMENT (  '', '', ( #5422 ) ) ;
#6150 = VECTOR ( 'NONE', #2119, 1000.000000000000000 ) ;
#6151 = DIRECTION ( 'NONE',  ( 0.0000000000000000000, 0.0000000000000000000, 1.000000000000000000 ) ) ;
#6152 = AXIS2_PLACEMENT_3D ( 'NONE', #3664, #414, #4221 ) ;
#6153 = COLOUR_RGB ( '',0.6470588235294118000, 0.6196078431372549200, 0.5843137254901961100 ) ;
#6154 = SURFACE_STYLE_FILL_AREA ( #5386 ) ;
#6155 = CARTESIAN_POINT ( 'NONE',  ( 2.800751750087969500, 2.426633143127918200, 0.3044097484884482100 ) ) ;
#6156 =( GEOMETRIC_REPRESENTATION_CONTEXT ( 3 ) GLOBAL_UNCERTAINTY_ASSIGNED_CONTEXT ( ( #3731 ) ) GLOBAL_UNIT_ASSIGNED_CONTEXT ( ( #5296, #1919, #6801 ) ) REPRESENTATION_CONTEXT ( 'NONE', 'WORKASPACE' ) );
#6157 = SURFACE_SIDE_STYLE ('',( #3343 ) ) ;
#6158 = EDGE_CURVE ( 'NONE', #7047, #1828, #1026, .T. ) ;
#6159 = CARTESIAN_POINT ( 'NONE',  ( 2.897752478681498100, 0.1388617100890816600, 0.5000000000000000000 ) ) ;
#6160 = FILL_AREA_STYLE ('',( #2351 ) ) ;
#6161 = UNCERTAINTY_MEASURE_WITH_UNIT (LENGTH_MEASURE( 1.000000000000000100E-005 ), #2530, 'distance_accuracy_value', 'NONE');
#6162 = LINE ( 'NONE', #567, #3291 ) ;
#6163 = CARTESIAN_POINT ( 'NONE',  ( 0.0000000000000000000, 2.079959576973093000, 0.1700000000000000100 ) ) ;
#6164 = COLOUR_RGB ( '',0.8274509803921568100, 0.6666666666666666300, 0.1254901960784313700 ) ;
#6165 = CARTESIAN_POINT ( 'NONE',  ( 3.200000000000000200, 2.079959576973093000, 0.1700000000000000100 ) ) ;
#6166 = FILL_AREA_STYLE ('',( #5623 ) ) ;
#6167 =( LENGTH_UNIT ( ) NAMED_UNIT ( * ) SI_UNIT ( .MILLI., .METRE. ) );
#6168 = ORIENTED_EDGE ( 'NONE', *, *, #891, .F. ) ;
#6169 = ORIENTED_EDGE ( 'NONE', *, *, #1421, .T. ) ;
#6170 = EDGE_CURVE ( 'NONE', #6708, #1712, #2281, .T. ) ;
#6171 = VECTOR ( 'NONE', #1974, 1000.000000000000000 ) ;
#6172 = VECTOR ( 'NONE', #3852, 1000.000000000000000 ) ;
#6173 = ADVANCED_FACE ( 'NONE', ( #5172 ), #6419, .F. ) ;
#6174 = SURFACE_STYLE_USAGE ( .BOTH. , #2366 ) ;
#6175 = ORIENTED_EDGE ( 'NONE', *, *, #2239, .F. ) ;
#6176 = ORIENTED_EDGE ( 'NONE', *, *, #1023, .F. ) ;
#6177 = EDGE_LOOP ( 'NONE', ( #392, #5095, #231, #6113 ) ) ;
#6178 = ORIENTED_EDGE ( 'NONE', *, *, #6666, .T. ) ;
#6179 = FILL_AREA_STYLE_COLOUR ( '', #5842 ) ;
#6180 = ORIENTED_EDGE ( 'NONE', *, *, #6342, .F. ) ;
#6181 = LINE ( 'NONE', #6024, #389 ) ;
#6182 = VERTEX_POINT ( 'NONE', #5909 ) ;
#6183 = VERTEX_POINT ( 'NONE', #2606 ) ;
#6184 = PLANE ( 'NONE',  #6069 ) ;
#6185 = AXIS2_PLACEMENT_3D ( 'NONE', #722, #4533, #199 ) ;
#6186 = CARTESIAN_POINT ( 'NONE',  ( 3.079842549700694900, 0.2942208997768581700, 0.4999999999999833500 ) ) ;
#6187 =( GEOMETRIC_REPRESENTATION_CONTEXT ( 3 ) GLOBAL_UNCERTAINTY_ASSIGNED_CONTEXT ( ( #4929 ) ) GLOBAL_UNIT_ASSIGNED_CONTEXT ( ( #300, #4101, #854 ) ) REPRESENTATION_CONTEXT ( 'NONE', 'WORKASPACE' ) );
#6188 = CARTESIAN_POINT ( 'NONE',  ( 0.4000000000000000800, 0.1748528137423856500, 0.6000000000000002000 ) ) ;
#6189 = VERTEX_POINT ( 'NONE', #2626 ) ;
#6190 = EDGE_LOOP ( 'NONE', ( #1926, #1729, #4474, #5751 ) ) ;
#6191 = CARTESIAN_POINT ( 'NONE',  ( 3.100009241445716300, 0.9199523185698690300, 0.0000000000000000000 ) ) ;
#6192 = PRESENTATION_LAYER_ASSIGNMENT (  '', '', ( #5827 ) ) ;
#6193 = COLOUR_RGB ( '',0.01176470588235294100, 0.0000000000000000000, 0.05882352941176470500 ) ;
#6194 =( NAMED_UNIT ( * ) PLANE_ANGLE_UNIT ( ) SI_UNIT ( $, .RADIAN. ) );
#6195 = CARTESIAN_POINT ( 'NONE',  ( 2.799999999999999800, 2.399999999999999500, 0.3649999999999999900 ) ) ;
#6196 = DIRECTION ( 'NONE',  ( -0.0000000000000000000, -0.0000000000000000000, 1.000000000000000000 ) ) ;
#6197 = FILL_AREA_STYLE ('',( #6729 ) ) ;
#6198 = CARTESIAN_POINT ( 'NONE',  ( 3.058702067636009900, 0.2484558373927881500, 0.4995501335457743200 ) ) ;
#6199 = STYLED_ITEM ( 'NONE', ( #3831 ), #3366 ) ;
#6200 = ORIENTED_EDGE ( 'NONE', *, *, #891, .T. ) ;
#6201 = SURFACE_STYLE_USAGE ( .BOTH. , #1207 ) ;
#6202 = CARTESIAN_POINT ( 'NONE',  ( 0.1199407980905058100, 2.098462283669305000, 0.5000000000000000000 ) ) ;
#6203 = EDGE_CURVE ( 'NONE', #1756, #586, #5952, .T. ) ;
#6204 = CARTESIAN_POINT ( 'NONE',  ( 2.774932736525889800, 2.074932736525889600, 0.5000000000000000000 ) ) ;
#6205 = CARTESIAN_POINT ( 'NONE',  ( 0.09999075855428361800, 0.4200404230269067000, 0.0000000000000000000 ) ) ;
#6206 = AXIS2_PLACEMENT_3D ( 'NONE', #5292, #2033, #5865 ) ;
#6207 = CARTESIAN_POINT ( 'NONE',  ( 3.100000000000000500, 0.3999999999999999700, 0.4800000000000000900 ) ) ;
#6208 = ORIENTED_EDGE ( 'NONE', *, *, #704, .F. ) ;
#6209 = ORIENTED_EDGE ( 'NONE', *, *, #1954, .T. ) ;
#6210 =( GEOMETRIC_REPRESENTATION_CONTEXT ( 3 ) GLOBAL_UNCERTAINTY_ASSIGNED_CONTEXT ( ( #5654 ) ) GLOBAL_UNIT_ASSIGNED_CONTEXT ( ( #1695, #5479, #2226 ) ) REPRESENTATION_CONTEXT ( 'NONE', 'WORKASPACE' ) );
#6211 = EDGE_CURVE ( 'NONE', #2707, #480, #1781, .T. ) ;
#6212 = SURFACE_SIDE_STYLE ('',( #446 ) ) ;
#6213 = ORIENTED_EDGE ( 'NONE', *, *, #3738, .F. ) ;
#6214 = FILL_AREA_STYLE_COLOUR ( '', #3966 ) ;
#6215 = FILL_AREA_STYLE ('',( #4583 ) ) ;
#6216 = CARTESIAN_POINT ( 'NONE',  ( 2.779937501871236900, 0.0000000000000000000, 0.1700000000000000100 ) ) ;
#6217 = CARTESIAN_POINT ( 'NONE',  ( 3.100000000000001000, 1.250000000000000700, 0.4800000000000001500 ) ) ;
#6218 = LINE ( 'NONE', #710, #4769 ) ;
#6219 = CARTESIAN_POINT ( 'NONE',  ( 3.079999999999999600, 0.5133333333333383000, 0.5000000000000000000 ) ) ;
#6220 = CARTESIAN_POINT ( 'NONE',  ( 2.899999999999999900, 2.469999999999999800, 0.1700000000000000100 ) ) ;
#6221 = UNCERTAINTY_MEASURE_WITH_UNIT (LENGTH_MEASURE( 1.000000000000000100E-005 ), #4050, 'distance_accuracy_value', 'NONE');
#6222 = DIRECTION ( 'NONE',  ( 0.0000000000000000000, 0.0000000000000000000, -1.000000000000000000 ) ) ;
#6223 = CARTESIAN_POINT ( 'NONE',  ( 2.389931833186331300, 1.580047681430131000, 0.1700000000000000100 ) ) ;
#6224 = PRESENTATION_STYLE_ASSIGNMENT (( #1943 ) ) ;
#6225 = VERTEX_POINT ( 'NONE', #4833 ) ;
#6226 = DIRECTION ( 'NONE',  ( 1.000000000000000000, -0.0000000000000000000, 0.0000000000000000000 ) ) ;
#6227 =( LENGTH_UNIT ( ) NAMED_UNIT ( * ) SI_UNIT ( .MILLI., .METRE. ) );
#6228 = CARTESIAN_POINT ( 'NONE',  ( 0.1102260934910376400, 2.096150751080388300, 0.4979759570883032800 ) ) ;
#6229 =( LENGTH_UNIT ( ) NAMED_UNIT ( * ) SI_UNIT ( .MILLI., .METRE. ) );
#6230 = STYLED_ITEM ( 'NONE', ( #5828 ), #4632 ) ;
#6231 = FACE_OUTER_BOUND ( 'NONE', #2339, .T. ) ;
#6232 = PRESENTATION_LAYER_ASSIGNMENT (  '', '', ( #5504 ) ) ;
#6233 = CARTESIAN_POINT ( 'NONE',  ( 2.790097570029880500, 2.399999999999999900, 0.5000000000000002200 ) ) ;
#6234 =( LENGTH_UNIT ( ) NAMED_UNIT ( * ) SI_UNIT ( .MILLI., .METRE. ) );
#6235 = CARTESIAN_POINT ( 'NONE',  ( 2.779937501871236400, 2.400138902867559900, 0.0000000000000000000 ) ) ;
#6236 =( NAMED_UNIT ( * ) SI_UNIT ( $, .STERADIAN. ) SOLID_ANGLE_UNIT ( ) );
#6237 = PRESENTATION_STYLE_ASSIGNMENT (( #597 ) ) ;
#6238 = CARTESIAN_POINT ( 'NONE',  ( 2.779937501871236900, 0.09986109713243988800, 0.1700000000000000100 ) ) ;
#6239 = EDGE_CURVE ( 'NONE', #2518, #301, #3063, .T. ) ;
#6240 = PRESENTATION_LAYER_ASSIGNMENT (  '', '', ( #6623 ) ) ;
#6241 = DIRECTION ( 'NONE',  ( 0.0000000000000000000, -0.0000000000000000000, 1.000000000000000000 ) ) ;
#6242 = VECTOR ( 'NONE', #3911, 1000.000000000000000 ) ;
#6243 = PRESENTATION_LAYER_ASSIGNMENT (  '', '', ( #5523 ) ) ;
#6244 = CARTESIAN_POINT ( 'NONE',  ( 0.3000000000000004900, 2.500000000000000000, 0.1700000000000000100 ) ) ;
#6245 = FACE_OUTER_BOUND ( 'NONE', #1793, .T. ) ;
#6246 = EDGE_CURVE ( 'NONE', #215, #3476, #1615, .T. ) ;
#6247 = PLANE ( 'NONE',  #1138 ) ;
#6248 = DIRECTION ( 'NONE',  ( 0.0000000000000000000, 0.0000000000000000000, 1.000000000000000000 ) ) ;
#6249 = VECTOR ( 'NONE', #466, 1000.000000000000000 ) ;
#6250 = COLOUR_RGB ( '',0.8274509803921568100, 0.6666666666666666300, 0.1294117647058823400 ) ;
#6251 = EDGE_LOOP ( 'NONE', ( #5508, #977 ) ) ;
#6252 = ORIENTED_EDGE ( 'NONE', *, *, #6892, .F. ) ;
#6253 = LINE ( 'NONE', #1537, #4812 ) ;
#6254 = CARTESIAN_POINT ( 'NONE',  ( 0.5600000000000000500, 2.399999999999999900, 0.4800000000000000900 ) ) ;
#6255 = VECTOR ( 'NONE', #1738, 1000.000000000000000 ) ;
#6256 = CARTESIAN_POINT ( 'NONE',  ( 0.2999999999999999900, 0.0000000000000000000, 0.1700000000000000100 ) ) ;
#6257 =( LENGTH_UNIT ( ) NAMED_UNIT ( * ) SI_UNIT ( .MILLI., .METRE. ) );
#6258 = EDGE_LOOP ( 'NONE', ( #229, #5449, #6037, #5308 ) ) ;
#6259 = ORIENTED_EDGE ( 'NONE', *, *, #4152, .F. ) ;
#6260 = VERTEX_POINT ( 'NONE', #7020 ) ;
#6261 = EDGE_CURVE ( 'NONE', #3111, #5234, #474, .T. ) ;
#6262 = ORIENTED_EDGE ( 'NONE', *, *, #4506, .F. ) ;
#6263 = COLOUR_RGB ( '',0.8274509803921568100, 0.6666666666666666300, 0.1294117647058823400 ) ;
#6264 = CARTESIAN_POINT ( 'NONE',  ( 0.1201574421873913800, 2.205779064237677600, 0.4800000000000000900 ) ) ;
#6265 = ORIENTED_EDGE ( 'NONE', *, *, #6495, .F. ) ;
#6266 = ORIENTED_EDGE ( 'NONE', *, *, #4506, .T. ) ;
#6267 = STYLED_ITEM ( 'NONE', ( #2071 ), #4468 ) ;
#6268 =( NAMED_UNIT ( * ) PLANE_ANGLE_UNIT ( ) SI_UNIT ( $, .RADIAN. ) );
#6269 = DIRECTION ( 'NONE',  ( 0.0000000000000000000, 0.0000000000000000000, 1.000000000000000000 ) ) ;
#6270 = FACE_OUTER_BOUND ( 'NONE', #6190, .T. ) ;
#6271 = DIRECTION ( 'NONE',  ( 0.0000000000000000000, 1.000000000000000000, 0.0000000000000000000 ) ) ;
#6272 = LINE ( 'NONE', #6736, #1940 ) ;
#6273 = CARTESIAN_POINT ( 'NONE',  ( 0.4200624981287628400, -1.626303258728256700E-016, 0.0000000000000000000 ) ) ;
#6274 =( GEOMETRIC_REPRESENTATION_CONTEXT ( 3 ) GLOBAL_UNCERTAINTY_ASSIGNED_CONTEXT ( ( #4681 ) ) GLOBAL_UNIT_ASSIGNED_CONTEXT ( ( #454, #4264, #1010 ) ) REPRESENTATION_CONTEXT ( 'NONE', 'WORKASPACE' ) );
#6275 = ORIENTED_EDGE ( 'NONE', *, *, #2787, .T. ) ;
#6276 = CARTESIAN_POINT ( 'NONE',  ( 0.02999999999999994300, 0.02999999999999997100, 0.0000000000000000000 ) ) ;
#6277 = VECTOR ( 'NONE', #916, 1000.000000000000000 ) ;
#6278 = SURFACE_SIDE_STYLE ('',( #6674 ) ) ;
#6279 = CARTESIAN_POINT ( 'NONE',  ( 2.779937501871236900, 0.09986109713243987400, 0.1700000000000000100 ) ) ;
#6280 = DIRECTION ( 'NONE',  ( -1.000000000000000000, 0.0000000000000000000, 0.0000000000000000000 ) ) ;
#6281 = FILL_AREA_STYLE_COLOUR ( '', #696 ) ;
#6282 = STYLED_ITEM ( 'NONE', ( #833 ), #3747 ) ;
#6283 = EDGE_CURVE ( 'NONE', #6014, #650, #5779, .T. ) ;
#6284 = ORIENTED_EDGE ( 'NONE', *, *, #3131, .F. ) ;
#6285 =( NAMED_UNIT ( * ) SI_UNIT ( $, .STERADIAN. ) SOLID_ANGLE_UNIT ( ) );
#6286 = CARTESIAN_POINT ( 'NONE',  ( 2.799999999999999400, 0.4000000000000009100, 0.5200000000000000200 ) ) ;
#6287 =( GEOMETRIC_REPRESENTATION_CONTEXT ( 3 ) GLOBAL_UNCERTAINTY_ASSIGNED_CONTEXT ( ( #649 ) ) GLOBAL_UNIT_ASSIGNED_CONTEXT ( ( #1691, #5475, #2220 ) ) REPRESENTATION_CONTEXT ( 'NONE', 'WORKASPACE' ) );
#6288 = B_SPLINE_CURVE_WITH_KNOTS ( 'NONE', 3,
 ( #2345, #3944, #1808, #6155, #2909, #6717 ),
 .UNSPECIFIED., .F., .F.,
 ( 4, 2, 4 ),
 ( 0.0000000000000000000, 0.5000000000000000000, 1.000000000000000000 ),
 .UNSPECIFIED. ) ;
#6289 = ADVANCED_FACE ( 'NONE', ( #2884 ), #3634, .F. ) ;
#6290 = EDGE_CURVE ( 'NONE', #5490, #6636, #6987, .T. ) ;
#6291 = FACE_OUTER_BOUND ( 'NONE', #6945, .T. ) ;
#6292 = FILL_AREA_STYLE_COLOUR ( '', #1313 ) ;
#6293 =( NAMED_UNIT ( * ) SI_UNIT ( $, .STERADIAN. ) SOLID_ANGLE_UNIT ( ) );
#6294 = ORIENTED_EDGE ( 'NONE', *, *, #2849, .T. ) ;
#6295 = DIRECTION ( 'NONE',  ( 0.0000000000000000000, 0.0000000000000000000, 1.000000000000000000 ) ) ;
#6296 = CARTESIAN_POINT ( 'NONE',  ( 3.050000000000000300, 2.100000000000000100, 0.5200000000000000200 ) ) ;
#6297 = LINE ( 'NONE', #293, #2134 ) ;
#6298 = UNCERTAINTY_MEASURE_WITH_UNIT (LENGTH_MEASURE( 1.000000000000000100E-005 ), #4967, 'distance_accuracy_value', 'NONE');
#6299 = LINE ( 'NONE', #6735, #4870 ) ;
#6300 = DIRECTION ( 'NONE',  ( 0.0000000000000000000, 0.0000000000000000000, -1.000000000000000000 ) ) ;
#6301 = PRESENTATION_LAYER_ASSIGNMENT (  '', '', ( #5965 ) ) ;
#6302 = CARTESIAN_POINT ( 'NONE',  ( 2.800000000000000300, 0.1000000000000001600, 0.4800000000000000400 ) ) ;
#6303 = DIRECTION ( 'NONE',  ( -1.000000000000000000, 0.0000000000000000000, -0.0000000000000000000 ) ) ;
#6304 =( GEOMETRIC_REPRESENTATION_CONTEXT ( 3 ) GLOBAL_UNCERTAINTY_ASSIGNED_CONTEXT ( ( #3883 ) ) GLOBAL_UNIT_ASSIGNED_CONTEXT ( ( #3989, #740, #4542 ) ) REPRESENTATION_CONTEXT ( 'NONE', 'WORKASPACE' ) );
#6305 = EDGE_CURVE ( 'NONE', #4955, #6136, #920, .T. ) ;
#6306 = PRESENTATION_STYLE_ASSIGNMENT (( #2829 ) ) ;
#6307 = PLANE ( 'NONE',  #2534 ) ;
#6308 = CARTESIAN_POINT ( 'NONE',  ( 3.100362705961942300, 2.094742544033191900, 0.3649999999999999900 ) ) ;
#6309 = FILL_AREA_STYLE_COLOUR ( '', #6263 ) ;
#6310 = CARTESIAN_POINT ( 'NONE',  ( 0.2535533905932738600, 2.350000000000001000, 0.5200000000000000200 ) ) ;
#6311 =( GEOMETRIC_REPRESENTATION_CONTEXT ( 3 ) GLOBAL_UNCERTAINTY_ASSIGNED_CONTEXT ( ( #2972 ) ) GLOBAL_UNIT_ASSIGNED_CONTEXT ( ( #2872, #6677, #3415 ) ) REPRESENTATION_CONTEXT ( 'NONE', 'WORKASPACE' ) );
#6312 = AXIS2_PLACEMENT_3D ( 'NONE', #3640, #383, #4190 ) ;
#6313 = VECTOR ( 'NONE', #1274, 1000.000000000000000 ) ;
#6314 =( GEOMETRIC_REPRESENTATION_CONTEXT ( 3 ) GLOBAL_UNCERTAINTY_ASSIGNED_CONTEXT ( ( #5347 ) ) GLOBAL_UNIT_ASSIGNED_CONTEXT ( ( #5759, #2471, #6285 ) ) REPRESENTATION_CONTEXT ( 'NONE', 'WORKASPACE' ) );
#6315 = LINE ( 'NONE', #433, #5215 ) ;
#6316 = COLOUR_RGB ( '',0.6470588235294118000, 0.6196078431372549200, 0.5843137254901961100 ) ;
#6317 = FILL_AREA_STYLE ('',( #2511 ) ) ;
#6318 = CARTESIAN_POINT ( 'NONE',  ( 3.200000000000000600, -1.626303258728256700E-016, 0.2899999999999999800 ) ) ;
#6319 = CARTESIAN_POINT ( 'NONE',  ( 0.02999999999999994300, 0.02999999999999997100, 0.0000000000000000000 ) ) ;
#6320 = EDGE_CURVE ( 'NONE', #586, #6663, #5089, .T. ) ;
#6321 = PLANE ( 'NONE',  #3226 ) ;
#6322 = LINE ( 'NONE', #6545, #3445 ) ;
#6323 = CIRCLE ( 'NONE', #3258, 0.2700000000000003000 ) ;
#6324 = CARTESIAN_POINT ( 'NONE',  ( 0.4007004371359094200, 2.475224135145300600, 0.2899999999999999800 ) ) ;
#6325 = COLOUR_RGB ( '',0.8274509803921568100, 0.6666666666666666300, 0.1294117647058823400 ) ;
#6326 = ORIENTED_EDGE ( 'NONE', *, *, #3567, .F. ) ;
#6327 = EDGE_LOOP ( 'NONE', ( #6769, #5598, #1763, #5584 ) ) ;
#6328 = SURFACE_SIDE_STYLE ('',( #4395 ) ) ;
#6329 = PRESENTATION_STYLE_ASSIGNMENT (( #5815 ) ) ;
#6330 =( GEOMETRIC_REPRESENTATION_CONTEXT ( 3 ) GLOBAL_UNCERTAINTY_ASSIGNED_CONTEXT ( ( #6589 ) ) GLOBAL_UNIT_ASSIGNED_CONTEXT ( ( #4674, #1413, #5209 ) ) REPRESENTATION_CONTEXT ( 'NONE', 'WORKASPACE' ) );
#6331 = LINE ( 'NONE', #341, #2167 ) ;
#6332 = LINE ( 'NONE', #53, #6172 ) ;
#6333 = DIRECTION ( 'NONE',  ( 0.0000000000000000000, -0.0000000000000000000, 1.000000000000000000 ) ) ;
#6334 = DIRECTION ( 'NONE',  ( 0.0000000000000000000, 1.000000000000000000, 0.0000000000000000000 ) ) ;
#6335 = FACE_OUTER_BOUND ( 'NONE', #2864, .T. ) ;
#6336 = VERTEX_POINT ( 'NONE', #5448 ) ;
#6337 = DIRECTION ( 'NONE',  ( 1.000000000000000000, 0.0000000000000000000, -0.0000000000000000000 ) ) ;
#6338 = VERTEX_POINT ( 'NONE', #3309 ) ;
#6339 = ORIENTED_EDGE ( 'NONE', *, *, #6760, .F. ) ;
#6340 =( GEOMETRIC_REPRESENTATION_CONTEXT ( 3 ) GLOBAL_UNCERTAINTY_ASSIGNED_CONTEXT ( ( #4084 ) ) GLOBAL_UNIT_ASSIGNED_CONTEXT ( ( #3896, #2780, #6512 ) ) REPRESENTATION_CONTEXT ( 'NONE', 'WORKASPACE' ) );
#6341 = ORIENTED_EDGE ( 'NONE', *, *, #1893, .F. ) ;
#6342 = EDGE_CURVE ( 'NONE', #4057, #7051, #2199, .T. ) ;
#6343 =( NAMED_UNIT ( * ) PLANE_ANGLE_UNIT ( ) SI_UNIT ( $, .RADIAN. ) );
#6344 = COLOUR_RGB ( '',0.8274509803921568100, 0.6666666666666666300, 0.1294117647058823400 ) ;
#6345 = CARTESIAN_POINT ( 'NONE',  ( 0.4000000000000001900, 0.2100000000000000200, 0.6000000000000000900 ) ) ;
#6346 = COLOUR_RGB ( '',0.8274509803921568100, 0.6666666666666666300, 0.1294117647058823400 ) ;
#6347 = ORIENTED_EDGE ( 'NONE', *, *, #6038, .T. ) ;
#6348 = ORIENTED_EDGE ( 'NONE', *, *, #5218, .F. ) ;
#6349 = VERTEX_POINT ( 'NONE', #2710 ) ;
#6350 = CARTESIAN_POINT ( 'NONE',  ( 0.1303080230041385200, 0.3274540953745719300, 0.5000000000000000000 ) ) ;
#6351 =( LENGTH_UNIT ( ) NAMED_UNIT ( * ) SI_UNIT ( .MILLI., .METRE. ) );
#6352 =( NAMED_UNIT ( * ) PLANE_ANGLE_UNIT ( ) SI_UNIT ( $, .RADIAN. ) );
#6353 = DIRECTION ( 'NONE',  ( -2.126443591017727700E-016, -1.000000000000000000, 0.0000000000000000000 ) ) ;
#6354 = ORIENTED_EDGE ( 'NONE', *, *, #6800, .F. ) ;
#6355 = ORIENTED_EDGE ( 'NONE', *, *, #4110, .F. ) ;
#6356 =( NAMED_UNIT ( * ) PLANE_ANGLE_UNIT ( ) SI_UNIT ( $, .RADIAN. ) );
#6357 = LINE ( 'NONE', #2216, #581 ) ;
#6358 = SURFACE_STYLE_FILL_AREA ( #6932 ) ;
#6359 = CARTESIAN_POINT ( 'NONE',  ( 0.1748528137423851800, 2.100000000000000500, 0.6000000000000002000 ) ) ;
#6360 = CARTESIAN_POINT ( 'NONE',  ( 0.3999999999986773000, 2.399999999999897300, 0.4800000000000000400 ) ) ;
#6361 = CARTESIAN_POINT ( 'NONE',  ( 3.100000000000000100, 2.100000000000000100, 0.5000000000000000000 ) ) ;
#6362 = ORIENTED_EDGE ( 'NONE', *, *, #3277, .T. ) ;
#6363 =( NAMED_UNIT ( * ) SI_UNIT ( $, .STERADIAN. ) SOLID_ANGLE_UNIT ( ) );
#6364 = CARTESIAN_POINT ( 'NONE',  ( 0.4200624981287628400, 0.0000000000000000000, 0.2899999999999999800 ) ) ;
#6365 = PRESENTATION_LAYER_ASSIGNMENT (  '', '', ( #3463 ) ) ;
#6366 = CARTESIAN_POINT ( 'NONE',  ( 3.100362705961784600, 0.4052574559642013200, 0.3649999999999999900 ) ) ;
#6367 = AXIS2_PLACEMENT_3D ( 'NONE', #5346, #2087, #5907 ) ;
#6368 = CARTESIAN_POINT ( 'NONE',  ( 0.0000000000000000000, 0.2999999999999999900, 0.1700000000000000100 ) ) ;
#6369 = PRESENTATION_LAYER_ASSIGNMENT (  '', '', ( #5648 ) ) ;
#6370 = ORIENTED_EDGE ( 'NONE', *, *, #5576, .F. ) ;
#6371 = UNCERTAINTY_MEASURE_WITH_UNIT (LENGTH_MEASURE( 1.000000000000000100E-005 ), #2062, 'distance_accuracy_value', 'NONE');
#6372 = FILL_AREA_STYLE ('',( #2013 ) ) ;
#6373 = EDGE_LOOP ( 'NONE', ( #4807, #1556, #6438, #653 ) ) ;
#6374 = CARTESIAN_POINT ( 'NONE',  ( 0.1157158460520383000, 0.4033704831434490300, 0.4999843357379905600 ) ) ;
#6375 =( LENGTH_UNIT ( ) NAMED_UNIT ( * ) SI_UNIT ( .MILLI., .METRE. ) );
#6376 = COLOUR_RGB ( '',0.8274509803921568100, 0.6666666666666666300, 0.1254901960784313700 ) ;
#6377 = CARTESIAN_POINT ( 'NONE',  ( 0.1879277721662744900, 2.460450979034205500, 0.2899999999999999800 ) ) ;
#6378 = AXIS2_PLACEMENT_3D ( 'NONE', #2213, #6032, #2758 ) ;
#6379 = EDGE_CURVE ( 'NONE', #6437, #3476, #754, .T. ) ;
#6380 = SURFACE_STYLE_USAGE ( .BOTH. , #3150 ) ;
#6381 = CARTESIAN_POINT ( 'NONE',  ( 0.1000000000000000100, 0.4000000000000001300, 0.5000000000000000000 ) ) ;
#6382 = VERTEX_POINT ( 'NONE', #3824 ) ;
#6383 = PRESENTATION_LAYER_ASSIGNMENT (  '', '', ( #6762 ) ) ;
#6384 = PRESENTATION_STYLE_ASSIGNMENT (( #2537 ) ) ;
#6385 = CARTESIAN_POINT ( 'NONE',  ( 2.794742544035805100, 0.09963729403821572400, 0.3649999999999999900 ) ) ;
#6386 = PLANE ( 'NONE',  #6030 ) ;
#6387 = VECTOR ( 'NONE', #282, 1000.000000000000000 ) ;
#6388 = EDGE_LOOP ( 'NONE', ( #3462, #5833, #4417, #1155 ) ) ;
#6389 = EDGE_CURVE ( 'NONE', #1331, #1712, #6357, .T. ) ;
#6390 = FILL_AREA_STYLE_COLOUR ( '', #27 ) ;
#6391 = UNCERTAINTY_MEASURE_WITH_UNIT (LENGTH_MEASURE( 1.000000000000000100E-005 ), #200, 'distance_accuracy_value', 'NONE');
#6392 = DIRECTION ( 'NONE',  ( 0.0000000000000000000, -0.0000000000000000000, 1.000000000000000000 ) ) ;
#6393 = CIRCLE ( 'NONE', #339, 0.2700000000000000700 ) ;
#6394 = CARTESIAN_POINT ( 'NONE',  ( 0.3999999999999998600, 2.399999999999999500, 0.3649999999999999900 ) ) ;
#6395 = DIRECTION ( 'NONE',  ( 1.000000000000000000, -0.0000000000000000000, 0.0000000000000000000 ) ) ;
#6396 = DIRECTION ( 'NONE',  ( 0.0000000000000000000, 0.0000000000000000000, 1.000000000000000000 ) ) ;
#6397 = CARTESIAN_POINT ( 'NONE',  ( 2.799999999999999400, 0.4000000000000009100, 0.6000000000000000900 ) ) ;
#6398 = VECTOR ( 'NONE', #5119, 1000.000000000000000 ) ;
#6399 = AXIS2_PLACEMENT_3D ( 'NONE', #3860, #609, #4425 ) ;
#6400 = CARTESIAN_POINT ( 'NONE',  ( 3.175000000000043800, 2.102737965002539100, 0.2899999999999999800 ) ) ;
#6401 = CARTESIAN_POINT ( 'NONE',  ( 0.1462489511294160500, 0.2437602428107760200, 0.4999999999999967200 ) ) ;
#6402 = FACE_OUTER_BOUND ( 'NONE', #1167, .T. ) ;
#6403 = DIRECTION ( 'NONE',  ( -0.0000000000000000000, -0.0000000000000000000, -1.000000000000000000 ) ) ;
#6404 = PRESENTATION_LAYER_ASSIGNMENT (  '', '', ( #5689 ) ) ;
#6405 =( LENGTH_UNIT ( ) NAMED_UNIT ( * ) SI_UNIT ( .MILLI., .METRE. ) );
#6406 = FILL_AREA_STYLE_COLOUR ( '', #6416 ) ;
#6407 = AXIS2_PLACEMENT_3D ( 'NONE', #2022, #5850, #2563 ) ;
#6408 = LINE ( 'NONE', #3372, #4971 ) ;
#6409 = FILL_AREA_STYLE ('',( #423 ) ) ;
#6410 = CARTESIAN_POINT ( 'NONE',  ( 0.03000000000000037700, 2.500000000000000000, 0.1700000000000000100 ) ) ;
#6411 = DIRECTION ( 'NONE',  ( -0.0000000000000000000, -1.000000000000000000, -0.0000000000000000000 ) ) ;
#6412 = DIRECTION ( 'NONE',  ( 1.000000000000000000, 0.0000000000000000000, -0.0000000000000000000 ) ) ;
#6413 = PRESENTATION_LAYER_ASSIGNMENT (  '', '', ( #5695 ) ) ;
#6414 = FACE_OUTER_BOUND ( 'NONE', #2126, .T. ) ;
#6415 = PRESENTATION_LAYER_ASSIGNMENT (  '', '', ( #5701 ) ) ;
#6416 = COLOUR_RGB ( '',0.6470588235294118000, 0.6196078431372549200, 0.5843137254901961100 ) ;
#6417 = CARTESIAN_POINT ( 'NONE',  ( 3.100000000000000500, 0.4000000000000001900, 0.4800000000000000900 ) ) ;
#6418 = SURFACE_STYLE_FILL_AREA ( #4816 ) ;
#6419 = PLANE ( 'NONE',  #305 ) ;
#6420 = CARTESIAN_POINT ( 'NONE',  ( 0.2124905980351155800, 2.295076617752148900, 0.5000031419414986400 ) ) ;
#6421 = VECTOR ( 'NONE', #1271, 1000.000000000000000 ) ;
#6422 = ADVANCED_FACE ( 'NONE', ( #2010 ), #4236, .F. ) ;
#6423 =( LENGTH_UNIT ( ) NAMED_UNIT ( * ) SI_UNIT ( .MILLI., .METRE. ) );
#6424 = DIRECTION ( 'NONE',  ( 0.0000000000000000000, -1.000000000000000000, -0.0000000000000000000 ) ) ;
#6425 = CARTESIAN_POINT ( 'NONE',  ( 2.798462283668249100, 2.380029600947326500, 0.4999999945468928700 ) ) ;
#6426 = ORIENTED_EDGE ( 'NONE', *, *, #6692, .F. ) ;
#6427 = VERTEX_POINT ( 'NONE', #6599 ) ;
#6428 = EDGE_CURVE ( 'NONE', #1177, #4044, #69, .T. ) ;
#6429 = COLOUR_RGB ( '',0.6470588235294118000, 0.6196078431372549200, 0.5843137254901961100 ) ;
#6430 = COLOUR_RGB ( '',0.01176470588235294100, 0.0000000000000000000, 0.05882352941176470500 ) ;
#6431 = CARTESIAN_POINT ( 'NONE',  ( 0.4015377163292058700, 2.380059201829101600, 0.4999999781956464600 ) ) ;
#6432 =( NAMED_UNIT ( * ) SI_UNIT ( $, .STERADIAN. ) SOLID_ANGLE_UNIT ( ) );
#6433 = LINE ( 'NONE', #92, #822 ) ;
#6434 = CARTESIAN_POINT ( 'NONE',  ( 0.3693788275795958900, 0.1034572577486076600, 0.4800000000000000900 ) ) ;
#6435 = ORIENTED_EDGE ( 'NONE', *, *, #3530, .F. ) ;
#6436 = CARTESIAN_POINT ( 'NONE',  ( 3.167300464263262100, 2.202686748610566800, 0.2899999999999999800 ) ) ;
#6437 = VERTEX_POINT ( 'NONE', #3877 ) ;
#6438 = ORIENTED_EDGE ( 'NONE', *, *, #2370, .T. ) ;
#6439 =( GEOMETRIC_REPRESENTATION_CONTEXT ( 3 ) GLOBAL_UNCERTAINTY_ASSIGNED_CONTEXT ( ( #3013 ) ) GLOBAL_UNIT_ASSIGNED_CONTEXT ( ( #3740, #489, #4293 ) ) REPRESENTATION_CONTEXT ( 'NONE', 'WORKASPACE' ) );
#6440 = CARTESIAN_POINT ( 'NONE',  ( 2.800000000000000300, 0.1500000000000002400, 0.6000000000000000900 ) ) ;
#6441 = CARTESIAN_POINT ( 'NONE',  ( 0.4000000000000000200, 2.350000000000000500, 0.5400000000000001500 ) ) ;
#6442 = LINE ( 'NONE', #4140, #2089 ) ;
#6443 = CARTESIAN_POINT ( 'NONE',  ( 0.09995611498540955800, 2.105512635967591500, 0.4999999999999973900 ) ) ;
#6444 = CARTESIAN_POINT ( 'NONE',  ( 2.876143570462633000, 2.369662791898524500, 0.5000000000000000000 ) ) ;
#6445 = B_SPLINE_CURVE_WITH_KNOTS ( 'NONE', 3,
 ( #4077, #2461, #3571, #315, #4113, #865 ),
 .UNSPECIFIED., .F., .F.,
 ( 4, 2, 4 ),
 ( 0.0000000000000000000, 0.5000000000000000000, 1.000000000000000000 ),
 .UNSPECIFIED. ) ;
#6446 = FILL_AREA_STYLE_COLOUR ( '', #6344 ) ;
#6447 = VERTEX_POINT ( 'NONE', #2791 ) ;
#6448 = VERTEX_POINT ( 'NONE', #1180 ) ;
#6449 = EDGE_CURVE ( 'NONE', #2570, #4760, #6940, .T. ) ;
#6450 = UNCERTAINTY_MEASURE_WITH_UNIT (LENGTH_MEASURE( 1.000000000000000100E-005 ), #5183, 'distance_accuracy_value', 'NONE');
#6451 = SURFACE_SIDE_STYLE ('',( #5383 ) ) ;
#6452 = LINE ( 'NONE', #6650, #2097 ) ;
#6453 = ORIENTED_EDGE ( 'NONE', *, *, #246, .F. ) ;
#6454 = PRESENTATION_STYLE_ASSIGNMENT (( #3704 ) ) ;
#6455 = CARTESIAN_POINT ( 'NONE',  ( 0.2000000000000000100, 2.500000000000000000, 0.2899999999999999800 ) ) ;
#6456 = CARTESIAN_POINT ( 'NONE',  ( 0.2380802303359540700, 2.349025075037836500, 0.4800000000000000900 ) ) ;
#6457 = SURFACE_STYLE_USAGE ( .BOTH. , #2631 ) ;
#6458 = LINE ( 'NONE', #5261, #1015 ) ;
#6459 = CARTESIAN_POINT ( 'NONE',  ( 0.09963729403821229600, 2.094742544035744600, 0.3649999999999999900 ) ) ;
#6460 = CARTESIAN_POINT ( 'NONE',  ( 0.1499999999999999900, 2.100000000000000100, 0.5200000000000000200 ) ) ;
#6461 = FILL_AREA_STYLE ('',( #1567 ) ) ;
#6462 = DIRECTION ( 'NONE',  ( 0.0000000000000000000, 0.0000000000000000000, 1.000000000000000000 ) ) ;
#6463 = DIRECTION ( 'NONE',  ( -1.000000000000000000, 0.0000000000000000000, -0.0000000000000000000 ) ) ;
#6464 = PRESENTATION_LAYER_ASSIGNMENT (  '', '', ( #6105 ) ) ;
#6465 = ADVANCED_FACE ( 'NONE', ( #1517 ), #6631, .F. ) ;
#6466 = SURFACE_SIDE_STYLE ('',( #310 ) ) ;
#6467 = MECHANICAL_DESIGN_GEOMETRIC_PRESENTATION_REPRESENTATION (  '', ( #5357 ), #6824 ) ;
#6468 = CARTESIAN_POINT ( 'NONE',  ( 3.100009241445716300, 0.9199523185698690300, 0.1700000000000000100 ) ) ;
#6469 = UNCERTAINTY_MEASURE_WITH_UNIT (LENGTH_MEASURE( 1.000000000000000100E-005 ), #4029, 'distance_accuracy_value', 'NONE');
#6470 = EDGE_CURVE ( 'NONE', #323, #6616, #840, .T. ) ;
#6471 = DIRECTION ( 'NONE',  ( 0.0000000000000000000, 0.0000000000000000000, 1.000000000000000000 ) ) ;
#6472 = ORIENTED_EDGE ( 'NONE', *, *, #6578, .T. ) ;
#6473 = CARTESIAN_POINT ( 'NONE',  ( 2.902686748613096500, 0.03269953573754899600, 0.2899999999999999800 ) ) ;
#6474 =( NAMED_UNIT ( * ) SI_UNIT ( $, .STERADIAN. ) SOLID_ANGLE_UNIT ( ) );
#6475 = COLOUR_RGB ( '',0.8274509803921568100, 0.6666666666666666300, 0.1294117647058823400 ) ;
#6476 =( GEOMETRIC_REPRESENTATION_CONTEXT ( 3 ) GLOBAL_UNCERTAINTY_ASSIGNED_CONTEXT ( ( #3244 ) ) GLOBAL_UNIT_ASSIGNED_CONTEXT ( ( #3495, #226, #4031 ) ) REPRESENTATION_CONTEXT ( 'NONE', 'WORKASPACE' ) );
#6477 = CARTESIAN_POINT ( 'NONE',  ( 0.06862867477207786100, 2.096630123043520900, 0.2899999999999999200 ) ) ;
#6478 = PLANE ( 'NONE',  #3990 ) ;
#6479 = SURFACE_STYLE_FILL_AREA ( #1474 ) ;
#6480 = PRESENTATION_STYLE_ASSIGNMENT (( #6878 ) ) ;
#6481 = ORIENTED_EDGE ( 'NONE', *, *, #1060, .F. ) ;
#6482 = CARTESIAN_POINT ( 'NONE',  ( -1.626303258728256700E-016, 2.500000000000000000, 0.2899999999999999800 ) ) ;
#6483 = CARTESIAN_POINT ( 'NONE',  ( 2.779937501871236400, 2.469999999999999800, 0.1700000000000000100 ) ) ;
#6484 =( GEOMETRIC_REPRESENTATION_CONTEXT ( 3 ) GLOBAL_UNCERTAINTY_ASSIGNED_CONTEXT ( ( #6733 ) ) GLOBAL_UNIT_ASSIGNED_CONTEXT ( ( #3826, #2441, #5714 ) ) REPRESENTATION_CONTEXT ( 'NONE', 'WORKASPACE' ) );
#6485 = EDGE_CURVE ( 'NONE', #4680, #1932, #5165, .T. ) ;
#6486 = CARTESIAN_POINT ( 'NONE',  ( 0.1000000000000007800, 0.5230718890821392000, 0.4999999999999970000 ) ) ;
#6487 = DIRECTION ( 'NONE',  ( 0.0000000000000000000, 0.0000000000000000000, 1.000000000000000000 ) ) ;
#6488 = VECTOR ( 'NONE', #4543, 1000.000000000000000 ) ;
#6489 = CYLINDRICAL_SURFACE ( 'NONE', #6185, 0.2700000000000003000 ) ;
#6490 = CARTESIAN_POINT ( 'NONE',  ( 3.050000000000000700, 0.4000000000000003600, 0.5400000000000001500 ) ) ;
#6491 = DIRECTION ( 'NONE',  ( 0.0000000000000000000, 1.000000000000000000, 0.0000000000000000000 ) ) ;
#6492 =( NAMED_UNIT ( * ) PLANE_ANGLE_UNIT ( ) SI_UNIT ( $, .RADIAN. ) );
#6493 = VECTOR ( 'NONE', #658, 1000.000000000000000 ) ;
#6494 = SURFACE_STYLE_FILL_AREA ( #2279 ) ;
#6495 = EDGE_CURVE ( 'NONE', #2946, #2499, #6452, .T. ) ;
#6496 = CARTESIAN_POINT ( 'NONE',  ( 0.09999075855428372900, 1.580047681430131000, 0.1700000000000000100 ) ) ;
#6497 = FACE_OUTER_BOUND ( 'NONE', #3035, .T. ) ;
#6498 = FILL_AREA_STYLE ('',( #1030 ) ) ;
#6499 = CARTESIAN_POINT ( 'NONE',  ( 0.4000000000000001900, 2.290000000000000500, 0.6000000000000000900 ) ) ;
#6500 = ADVANCED_FACE ( 'NONE', ( #6270 ), #5015, .F. ) ;
#6501 = CARTESIAN_POINT ( 'NONE',  ( 0.4200624981287629000, 0.09986109713243987400, 0.0000000000000000000 ) ) ;
#6502 = DIRECTION ( 'NONE',  ( 0.0000000000000000000, -1.000000000000000000, -0.0000000000000000000 ) ) ;
#6503 = VECTOR ( 'NONE', #2688, 1000.000000000000000 ) ;
#6504 = CARTESIAN_POINT ( 'NONE',  ( 0.9600000000000000800, 0.1199999999999998800, 0.5000000000000000000 ) ) ;
#6505 = CARTESIAN_POINT ( 'NONE',  ( 0.3000000000000004900, 2.500000000000000000, 0.1700000000000000100 ) ) ;
#6506 = CARTESIAN_POINT ( 'NONE',  ( 2.872626992977425500, 0.1263098303099827500, 0.5000000000000000000 ) ) ;
#6507 = DIRECTION ( 'NONE',  ( -1.000000000000000000, 0.0000000000000000000, -0.0000000000000000000 ) ) ;
#6508 = STYLED_ITEM ( 'NONE', ( #2275 ), #6500 ) ;
#6509 =( NAMED_UNIT ( * ) SI_UNIT ( $, .STERADIAN. ) SOLID_ANGLE_UNIT ( ) );
#6510 = AXIS2_PLACEMENT_3D ( 'NONE', #2900, #6706, #3441 ) ;
#6511 = LINE ( 'NONE', #5120, #720 ) ;
#6512 =( NAMED_UNIT ( * ) SI_UNIT ( $, .STERADIAN. ) SOLID_ANGLE_UNIT ( ) );
#6513 = ORIENTED_EDGE ( 'NONE', *, *, #4492, .F. ) ;
#6514 = ORIENTED_EDGE ( 'NONE', *, *, #1531, .T. ) ;
#6515 =( NAMED_UNIT ( * ) PLANE_ANGLE_UNIT ( ) SI_UNIT ( $, .RADIAN. ) );
#6516 =( NAMED_UNIT ( * ) PLANE_ANGLE_UNIT ( ) SI_UNIT ( $, .RADIAN. ) );
#6517 = LINE ( 'NONE', #5231, #4897 ) ;
#6518 = DIRECTION ( 'NONE',  ( -0.0000000000000000000, -0.0000000000000000000, -1.000000000000000000 ) ) ;
#6519 = LINE ( 'NONE', #3807, #4899 ) ;
#6520 = PRESENTATION_LAYER_ASSIGNMENT (  '', '', ( #5791 ) ) ;
#6521 = VECTOR ( 'NONE', #5753, 1000.000000000000000 ) ;
#6522 = ORIENTED_EDGE ( 'NONE', *, *, #5170, .T. ) ;
#6523 = ORIENTED_EDGE ( 'NONE', *, *, #2293, .T. ) ;
#6524 = ORIENTED_EDGE ( 'NONE', *, *, #4754, .F. ) ;
#6525 = ORIENTED_EDGE ( 'NONE', *, *, #3307, .F. ) ;
#6526 =( LENGTH_UNIT ( ) NAMED_UNIT ( * ) SI_UNIT ( .MILLI., .METRE. ) );
#6527 = LINE ( 'NONE', #2551, #905 ) ;
#6528 = SURFACE_STYLE_FILL_AREA ( #6715 ) ;
#6529 = CARTESIAN_POINT ( 'NONE',  ( 2.795139926371875500, 2.389820863922564400, 0.4979442544186603600 ) ) ;
#6530 = VERTEX_POINT ( 'NONE', #3922 ) ;
#6531 = DIRECTION ( 'NONE',  ( 0.0000000000000000000, -0.0000000000000000000, 1.000000000000000000 ) ) ;
#6532 = CARTESIAN_POINT ( 'NONE',  ( 0.4015377163306956800, 0.1199407981423787400, 0.4999999824757847500 ) ) ;
#6533 = AXIS2_PLACEMENT_3D ( 'NONE', #387, #4192, #938 ) ;
#6534 = ORIENTED_EDGE ( 'NONE', *, *, #5558, .F. ) ;
#6535 = VERTEX_POINT ( 'NONE', #2325 ) ;
#6536 = EDGE_CURVE ( 'NONE', #2796, #4599, #5773, .T. ) ;
#6537 = SURFACE_STYLE_FILL_AREA ( #3009 ) ;
#6538 = CARTESIAN_POINT ( 'NONE',  ( 2.234238974840124600, 0.09999999999996984900, 0.5000000000000344200 ) ) ;
#6539 = DIRECTION ( 'NONE',  ( 0.0000000000000000000, 0.0000000000000000000, 1.000000000000000000 ) ) ;
#6540 =( NAMED_UNIT ( * ) PLANE_ANGLE_UNIT ( ) SI_UNIT ( $, .RADIAN. ) );
#6541 = LINE ( 'NONE', #1351, #3627 ) ;
#6542 = FACE_OUTER_BOUND ( 'NONE', #5498, .T. ) ;
#6543 = STYLED_ITEM ( 'NONE', ( #4694 ), #1760 ) ;
#6544 = SURFACE_SIDE_STYLE ('',( #1141 ) ) ;
#6545 = CARTESIAN_POINT ( 'NONE',  ( 3.050000000000000300, 2.100000000000000100, 0.6000000000000000900 ) ) ;
#6546 = ORIENTED_EDGE ( 'NONE', *, *, #6485, .F. ) ;
#6547 = ORIENTED_EDGE ( 'NONE', *, *, #141, .F. ) ;
#6548 = UNCERTAINTY_MEASURE_WITH_UNIT (LENGTH_MEASURE( 1.000000000000000100E-005 ), #4397, 'distance_accuracy_value', 'NONE');
#6549 = VECTOR ( 'NONE', #549, 1000.000000000000000 ) ;
#6550 = ADVANCED_FACE ( 'NONE', ( #2879 ), #4160, .T. ) ;
#6551 = CARTESIAN_POINT ( 'NONE',  ( 0.4200624981287628400, 0.09986109713243988800, 0.0000000000000000000 ) ) ;
#6552 = CARTESIAN_POINT ( 'NONE',  ( 3.049999999999999400, 0.4000000000000001300, 0.5751471862576144100 ) ) ;
#6553 = FACE_OUTER_BOUND ( 'NONE', #751, .T. ) ;
#6554 = DIRECTION ( 'NONE',  ( -1.000000000000000000, -0.0000000000000000000, 0.0000000000000000000 ) ) ;
#6555 = EDGE_CURVE ( 'NONE', #2163, #5327, #911, .T. ) ;
#6556 = ORIENTED_EDGE ( 'NONE', *, *, #6158, .T. ) ;
#6557 = DIRECTION ( 'NONE',  ( 0.0000000000000000000, 0.0000000000000000000, 1.000000000000000000 ) ) ;
#6558 = DIRECTION ( 'NONE',  ( -1.000000000000000000, 0.0000000000000000000, 0.0000000000000000000 ) ) ;
#6559 = VERTEX_POINT ( 'NONE', #789 ) ;
#6560 = CARTESIAN_POINT ( 'NONE',  ( 2.779937501871236400, 2.400138902867559900, 0.1700000000000000100 ) ) ;
#6561 = MECHANICAL_DESIGN_GEOMETRIC_PRESENTATION_REPRESENTATION (  '', ( #5818 ), #6903 ) ;
#6562 = ORIENTED_EDGE ( 'NONE', *, *, #1791, .F. ) ;
#6563 = CARTESIAN_POINT ( 'NONE',  ( 2.800000000000000300, 0.1000000000000000100, 0.4800000000000000900 ) ) ;
#6564 = PLANE ( 'NONE',  #327 ) ;
#6565 = DIRECTION ( 'NONE',  ( -0.0000000000000000000, -0.0000000000000000000, -1.000000000000000000 ) ) ;
#6566 = B_SPLINE_CURVE_WITH_KNOTS ( 'NONE', 3,
 ( #7055, #3778, #5427, #2160 ),
 .UNSPECIFIED., .F., .F.,
 ( 4, 4 ),
 ( 0.0000000000000000000, 1.000000000000000000 ),
 .UNSPECIFIED. ) ;
#6567 = FILL_AREA_STYLE_COLOUR ( '', #6164 ) ;
#6568 = CARTESIAN_POINT ( 'NONE',  ( 0.03000000000000037700, 2.200000000000000200, 0.1700000000000000100 ) ) ;
#6569 = CARTESIAN_POINT ( 'NONE',  ( 2.899999999999999900, 2.500000000000000000, 0.1700000000000000100 ) ) ;
#6570 = MECHANICAL_DESIGN_GEOMETRIC_PRESENTATION_REPRESENTATION (  '', ( #5827 ), #6912 ) ;
#6571 = ORIENTED_EDGE ( 'NONE', *, *, #5061, .T. ) ;
#6572 = DIRECTION ( 'NONE',  ( -0.0000000000000000000, 0.0000000000000000000, 1.000000000000000000 ) ) ;
#6573 = FILL_AREA_STYLE_COLOUR ( '', #6022 ) ;
#6574 = CARTESIAN_POINT ( 'NONE',  ( 2.800000000000000300, 2.350000000000000100, 0.5200000000000000200 ) ) ;
#6575 = CARTESIAN_POINT ( 'NONE',  ( 0.1412974053913090600, 0.4000000000000009700, 0.4995495749143826200 ) ) ;
#6576 = AXIS2_PLACEMENT_3D ( 'NONE', #3155, #6934, #3671 ) ;
#6577 = VERTEX_POINT ( 'NONE', #242 ) ;
#6578 = EDGE_CURVE ( 'NONE', #380, #377, #3668, .T. ) ;
#6579 = SURFACE_STYLE_FILL_AREA ( #1990 ) ;
#6580 = CARTESIAN_POINT ( 'NONE',  ( 3.169999999999999900, 2.469999999999999800, 0.0000000000000000000 ) ) ;
#6581 = DIRECTION ( 'NONE',  ( 1.000000000000000000, -0.0000000000000000000, 0.0000000000000000000 ) ) ;
#6582 = MANIFOLD_SOLID_BREP ( 'Ressalto-extrus?5[3]', #1603 ) ;
#6583 = COLOUR_RGB ( '',0.8274509803921568100, 0.6666666666666666300, 0.1254901960784313700 ) ;
#6584 = ADVANCED_FACE ( 'NONE', ( #396 ), #6247, .F. ) ;
#6585 = VERTEX_POINT ( 'NONE', #5716 ) ;
#6586 = PRESENTATION_LAYER_ASSIGNMENT (  '', '', ( #5848 ) ) ;
#6587 = VECTOR ( 'NONE', #5103, 1000.000000000000000 ) ;
#6588 = DIRECTION ( 'NONE',  ( 0.0000000000000000000, 1.000000000000000000, 0.0000000000000000000 ) ) ;
#6589 = UNCERTAINTY_MEASURE_WITH_UNIT (LENGTH_MEASURE( 1.000000000000000100E-005 ), #4674, 'distance_accuracy_value', 'NONE');
#6590 = EDGE_CURVE ( 'NONE', #2364, #7035, #2785, .T. ) ;
#6591 = DIRECTION ( 'NONE',  ( -1.000000000000000000, 0.0000000000000000000, 0.0000000000000000000 ) ) ;
#6592 = COLOUR_RGB ( '',0.8274509803921568100, 0.6666666666666666300, 0.1254901960784313700 ) ;
#6593 = FILL_AREA_STYLE_COLOUR ( '', #4541 ) ;
#6594 = DIRECTION ( 'NONE',  ( 1.000000000000000000, 0.0000000000000000000, -0.0000000000000000000 ) ) ;
#6595 = DIRECTION ( 'NONE',  ( -0.0000000000000000000, -1.000000000000000000, -0.0000000000000000000 ) ) ;
#6596 = PRESENTATION_STYLE_ASSIGNMENT (( #4979 ) ) ;
#6597 = SURFACE_STYLE_FILL_AREA ( #932 ) ;
#6598 = DIRECTION ( 'NONE',  ( -2.710505431213754000E-015, 1.000000000000000000, 0.0000000000000000000 ) ) ;
#6599 = CARTESIAN_POINT ( 'NONE',  ( 3.200000000000000200, 0.2999999999999999900, 0.0000000000000000000 ) ) ;
#6600 = DIRECTION ( 'NONE',  ( 1.000000000000000000, 0.0000000000000000000, 0.0000000000000000000 ) ) ;
#6601 = CYLINDRICAL_SURFACE ( 'NONE', #1454, 0.02000000000000005200 ) ;
#6602 = LINE ( 'NONE', #6381, #4978 ) ;
#6603 = AXIS2_PLACEMENT_3D ( 'NONE', #6256, #3018, #6810 ) ;
#6604 =( NAMED_UNIT ( * ) SI_UNIT ( $, .STERADIAN. ) SOLID_ANGLE_UNIT ( ) );
#6605 = CARTESIAN_POINT ( 'NONE',  ( 0.2000000000000000100, 0.0000000000000000000, 0.1700000000000000100 ) ) ;
#6606 = ORIENTED_EDGE ( 'NONE', *, *, #1029, .F. ) ;
#6607 = VERTEX_POINT ( 'NONE', #5738 ) ;
#6608 = MECHANICAL_DESIGN_GEOMETRIC_PRESENTATION_REPRESENTATION (  '', ( #5504 ), #6967 ) ;
#6609 = DIRECTION ( 'NONE',  ( 0.0000000000000000000, 0.0000000000000000000, 1.000000000000000000 ) ) ;
#6610 = AXIS2_PLACEMENT_3D ( 'NONE', #6051, #2788, #6598 ) ;
#6611 = SURFACE_STYLE_FILL_AREA ( #3819 ) ;
#6612 = PRESENTATION_STYLE_ASSIGNMENT (( #6924 ) ) ;
#6613 = ADVANCED_FACE ( 'NONE', ( #6949 ), #2458, .F. ) ;
#6614 = DIRECTION ( 'NONE',  ( 0.0000000000000000000, -0.0000000000000000000, 1.000000000000000000 ) ) ;
#6615 = DIRECTION ( 'NONE',  ( 1.000000000000000000, 0.0000000000000000000, -0.0000000000000000000 ) ) ;
#6616 = VERTEX_POINT ( 'NONE', #3058 ) ;
#6617 = CARTESIAN_POINT ( 'NONE',  ( 0.4015377163292058700, 2.380059201829101600, 0.4999999781956464600 ) ) ;
#6618 = EDGE_LOOP ( 'NONE', ( #2783, #4434, #3324, #3694, #4095 ) ) ;
#6619 = ORIENTED_EDGE ( 'NONE', *, *, #1954, .F. ) ;
#6620 = DIRECTION ( 'NONE',  ( 0.0000000000000000000, 0.0000000000000000000, 1.000000000000000000 ) ) ;
#6621 = VERTEX_POINT ( 'NONE', #4684 ) ;
#6622 = EDGE_CURVE ( 'NONE', #2731, #4922, #6442, .T. ) ;
#6623 = STYLED_ITEM ( 'NONE', ( #6237 ), #5742 ) ;
#6624 = FACE_OUTER_BOUND ( 'NONE', #4905, .T. ) ;
#6625 = FACE_OUTER_BOUND ( 'NONE', #139, .T. ) ;
#6626 = LINE ( 'NONE', #6410, #998 ) ;
#6627 = DIRECTION ( 'NONE',  ( 0.0000000000000000000, -1.000000000000000000, 0.0000000000000000000 ) ) ;
#6628 = UNCERTAINTY_MEASURE_WITH_UNIT (LENGTH_MEASURE( 1.000000000000000100E-005 ), #6918, 'distance_accuracy_value', 'NONE');
#6629 = ORIENTED_EDGE ( 'NONE', *, *, #2550, .T. ) ;
#6630 = ORIENTED_EDGE ( 'NONE', *, *, #235, .F. ) ;
#6631 = PLANE ( 'NONE',  #6870 ) ;
#6632 =( NAMED_UNIT ( * ) SI_UNIT ( $, .STERADIAN. ) SOLID_ANGLE_UNIT ( ) );
#6633 = CIRCLE ( 'NONE', #57, 0.06000000000000015700 ) ;
#6634 = MECHANICAL_DESIGN_GEOMETRIC_PRESENTATION_REPRESENTATION (  '', ( #5523 ), #6982 ) ;
#6635 = EDGE_CURVE ( 'NONE', #2364, #2273, #5901, .T. ) ;
#6636 = VERTEX_POINT ( 'NONE', #5788 ) ;
#6637 = UNCERTAINTY_MEASURE_WITH_UNIT (LENGTH_MEASURE( 1.000000000000000100E-005 ), #4640, 'distance_accuracy_value', 'NONE');
#6638 = FILL_AREA_STYLE_COLOUR ( '', #3098 ) ;
#6639 = VECTOR ( 'NONE', #2554, 1000.000000000000000 ) ;
#6640 = CARTESIAN_POINT ( 'NONE',  ( 3.080059201857620700, 0.4015377163306959600, 0.4999999824757847500 ) ) ;
#6641 =( NAMED_UNIT ( * ) PLANE_ANGLE_UNIT ( ) SI_UNIT ( $, .RADIAN. ) );
#6642 = FILL_AREA_STYLE_COLOUR ( '', #5037 ) ;
#6643 = DIRECTION ( 'NONE',  ( 0.0000000000000000000, -0.0000000000000000000, 1.000000000000000000 ) ) ;
#6644 = CARTESIAN_POINT ( 'NONE',  ( 3.100000000000000100, 0.7966666639356748700, 0.5000000000000000000 ) ) ;
#6645 = FILL_AREA_STYLE_COLOUR ( '', #133 ) ;
#6646 = EDGE_CURVE ( 'NONE', #1766, #2946, #4999, .T. ) ;
#6647 =( LENGTH_UNIT ( ) NAMED_UNIT ( * ) SI_UNIT ( .MILLI., .METRE. ) );
#6648 =( NAMED_UNIT ( * ) SI_UNIT ( $, .STERADIAN. ) SOLID_ANGLE_UNIT ( ) );
#6649 = AXIS2_PLACEMENT_3D ( 'NONE', #2897, #6702, #3436 ) ;
#6650 = CARTESIAN_POINT ( 'NONE',  ( 0.09999075855428361800, 2.469999999999999800, 0.1700000000000000100 ) ) ;
#6651 = ORIENTED_EDGE ( 'NONE', *, *, #3531, .T. ) ;
#6652 = DIRECTION ( 'NONE',  ( 1.000000000000000000, 0.0000000000000000000, 0.0000000000000000000 ) ) ;
#6653 = ADVANCED_FACE ( 'NONE', ( #655 ), #1451, .F. ) ;
#6654 = STYLED_ITEM ( 'NONE', ( #2405 ), #2669 ) ;
#6655 =( NAMED_UNIT ( * ) SI_UNIT ( $, .STERADIAN. ) SOLID_ANGLE_UNIT ( ) );
#6656 = VERTEX_POINT ( 'NONE', #348 ) ;
#6657 = CARTESIAN_POINT ( 'NONE',  ( 0.0000000000000000000, 0.4200404230269067000, 0.1700000000000000100 ) ) ;
#6658 = FILL_AREA_STYLE_COLOUR ( '', #3303 ) ;
#6659 = SURFACE_STYLE_FILL_AREA ( #2060 ) ;
#6660 = CARTESIAN_POINT ( 'NONE',  ( 0.09999075855428361800, -1.626303258728256700E-016, 0.0000000000000000000 ) ) ;
#6661 = MECHANICAL_DESIGN_GEOMETRIC_PRESENTATION_REPRESENTATION (  '', ( #4828 ), #7014 ) ;
#6662 = CARTESIAN_POINT ( 'NONE',  ( 0.0000000000000000000, 2.469999999999999800, 0.1700000000000000100 ) ) ;
#6663 = VERTEX_POINT ( 'NONE', #4730 ) ;
#6664 = CARTESIAN_POINT ( 'NONE',  ( 2.897752478681498100, 2.361138289910917900, 0.5000000000000000000 ) ) ;
#6665 = AXIS2_PLACEMENT_3D ( 'NONE', #5310, #2049, #5876 ) ;
#6666 = EDGE_CURVE ( 'NONE', #4134, #236, #5767, .T. ) ;
#6667 = CARTESIAN_POINT ( 'NONE',  ( 0.4200624981287629000, 0.0000000000000000000, 0.0000000000000000000 ) ) ;
#6668 = PRESENTATION_STYLE_ASSIGNMENT (( #559 ) ) ;
#6669 = UNCERTAINTY_MEASURE_WITH_UNIT (LENGTH_MEASURE( 1.000000000000000100E-005 ), #4970, 'distance_accuracy_value', 'NONE');
#6670 = LINE ( 'NONE', #2802, #3759 ) ;
#6671 =( LENGTH_UNIT ( ) NAMED_UNIT ( * ) SI_UNIT ( .MILLI., .METRE. ) );
#6672 = CARTESIAN_POINT ( 'NONE',  ( 0.09963729403821589000, 0.4052574559641943200, 0.3649999999999999900 ) ) ;
#6673 = LINE ( 'NONE', #3260, #3764 ) ;
#6674 = SURFACE_STYLE_FILL_AREA ( #2460 ) ;
#6675 = VECTOR ( 'NONE', #1350, 1000.000000000000000 ) ;
#6676 = DIRECTION ( 'NONE',  ( -1.000000000000000000, 0.0000000000000000000, 0.0000000000000000000 ) ) ;
#6677 =( NAMED_UNIT ( * ) PLANE_ANGLE_UNIT ( ) SI_UNIT ( $, .RADIAN. ) );
#6678 = DIRECTION ( 'NONE',  ( 0.0000000000000000000, -0.0000000000000000000, 1.000000000000000000 ) ) ;
#6679 = SURFACE_SIDE_STYLE ('',( #2233 ) ) ;
#6680 = FACE_OUTER_BOUND ( 'NONE', #6808, .T. ) ;
#6681 = CARTESIAN_POINT ( 'NONE',  ( 2.900000000000000400, 0.0000000000000000000, 0.0000000000000000000 ) ) ;
#6682 = EDGE_CURVE ( 'NONE', #6559, #6708, #4313, .T. ) ;
#6683 = ADVANCED_FACE ( 'NONE', ( #5586 ), #3626, .F. ) ;
#6684 = CARTESIAN_POINT ( 'NONE',  ( 3.099999999999999200, 1.976928110800137500, 0.5000000000000028900 ) ) ;
#6685 = CARTESIAN_POINT ( 'NONE',  ( 2.790126882168023000, 2.400761356413931400, 0.4999999999999998900 ) ) ;
#6686 = PRESENTATION_STYLE_ASSIGNMENT (( #4349 ) ) ;
#6687 = ORIENTED_EDGE ( 'NONE', *, *, #5882, .F. ) ;
#6688 = ORIENTED_EDGE ( 'NONE', *, *, #4675, .F. ) ;
#6689 =( LENGTH_UNIT ( ) NAMED_UNIT ( * ) SI_UNIT ( .MILLI., .METRE. ) );
#6690 = MECHANICAL_DESIGN_GEOMETRIC_PRESENTATION_REPRESENTATION (  '', ( #5965 ), #7059 ) ;
#6691 = CARTESIAN_POINT ( 'NONE',  ( 2.798462283669304300, 0.1199407980905058100, 0.5000000000000000000 ) ) ;
#6692 = EDGE_CURVE ( 'NONE', #6814, #3059, #6527, .T. ) ;
#6693 = UNCERTAINTY_MEASURE_WITH_UNIT (LENGTH_MEASURE( 1.000000000000000100E-005 ), #6671, 'distance_accuracy_value', 'NONE');
#6694 = ORIENTED_EDGE ( 'NONE', *, *, #6555, .F. ) ;
#6695 = VERTEX_POINT ( 'NONE', #1001 ) ;
#6696 = VERTEX_POINT ( 'NONE', #1552 ) ;
#6697 = ORIENTED_EDGE ( 'NONE', *, *, #1074, .F. ) ;
#6698 = DIRECTION ( 'NONE',  ( -1.000000000000000000, 0.0000000000000000000, -0.0000000000000000000 ) ) ;
#6699 = PLANE ( 'NONE',  #2532 ) ;
#6700 = VERTEX_POINT ( 'NONE', #4797 ) ;
#6701 = VECTOR ( 'NONE', #4332, 1000.000000000000000 ) ;
#6702 = DIRECTION ( 'NONE',  ( 1.000000000000000000, -0.0000000000000000000, 0.0000000000000000000 ) ) ;
#6703 = DIRECTION ( 'NONE',  ( -0.0000000000000000000, -0.0000000000000000000, 1.000000000000000000 ) ) ;
#6704 = PRESENTATION_LAYER_ASSIGNMENT (  '', '', ( #5977 ) ) ;
#6705 = CARTESIAN_POINT ( 'NONE',  ( 2.931888168179568800, 2.325147186257614500, 0.6000000000000004200 ) ) ;
#6706 = DIRECTION ( 'NONE',  ( 0.0000000000000000000, 0.0000000000000000000, 1.000000000000000000 ) ) ;
#6707 = VERTEX_POINT ( 'NONE', #447 ) ;
#6708 = VERTEX_POINT ( 'NONE', #2077 ) ;
#6709 = LINE ( 'NONE', #3935, #1091 ) ;
#6710 = VECTOR ( 'NONE', #753, 1000.000000000000000 ) ;
#6711 = LINE ( 'NONE', #6273, #3801 ) ;
#6712 = EDGE_CURVE ( 'NONE', #2273, #2518, #5342, .T. ) ;
#6713 = ORIENTED_EDGE ( 'NONE', *, *, #933, .T. ) ;
#6714 = ORIENTED_EDGE ( 'NONE', *, *, #6831, .T. ) ;
#6715 = FILL_AREA_STYLE ('',( #5613 ) ) ;
#6716 =( BOUNDED_SURFACE ( )  B_SPLINE_SURFACE ( 3, 3, ( 
 ( #105, #1802, #5606, #2334 ),
 ( #6147, #2899, #6705, #3440 ),
 ( #176, #3983, #725, #4534 ),
 ( #1273, #5077, #1820, #5626 ) ),
 .UNSPECIFIED., .F., .F., .T. ) 
 B_SPLINE_SURFACE_WITH_KNOTS ( ( 4, 4 ),
 ( 4, 4 ),
 ( 0.0000000000000000000, 1.000000000000000000 ),
 ( 0.0000000000000000000, 1.000000000000000000 ),
 .UNSPECIFIED. ) 
 GEOMETRIC_REPRESENTATION_ITEM ( )  RATIONAL_B_SPLINE_SURFACE ( (
 ( 1.000000000000000000, 0.8047378541243660500, 0.8047378541243660500, 1.000000000000000000),
 ( 0.8047378541243632700, 0.6476030138606871900, 0.6476030138606871900, 0.8047378541243632700),
 ( 0.8047378541243632700, 0.6476030138606871900, 0.6476030138606871900, 0.8047378541243632700),
 ( 1.000000000000000000, 0.8047378541243660500, 0.8047378541243660500, 1.000000000000000000) ) ) 
 REPRESENTATION_ITEM ( '' )  SURFACE ( )  );
#6717 = CARTESIAN_POINT ( 'NONE',  ( 2.802737965005764200, 2.474999999999999200, 0.2899999999999999800 ) ) ;
#6718 =( LENGTH_UNIT ( ) NAMED_UNIT ( * ) SI_UNIT ( .MILLI., .METRE. ) );
#6719 = CARTESIAN_POINT ( 'NONE',  ( 3.032211262653266900, 0.2495506891988449900, 0.5000000000000002200 ) ) ;
#6720 = ORIENTED_EDGE ( 'NONE', *, *, #6770, .F. ) ;
#6721 = SURFACE_STYLE_USAGE ( .BOTH. , #2914 ) ;
#6722 = ADVANCED_FACE ( 'NONE', ( #5071 ), #2621, .F. ) ;
#6723 = EDGE_CURVE ( 'NONE', #4147, #1448, #218, .T. ) ;
#6724 = SURFACE_SIDE_STYLE ('',( #351 ) ) ;
#6725 = DIRECTION ( 'NONE',  ( -0.0000000000000000000, -0.0000000000000000000, -1.000000000000000000 ) ) ;
#6726 = DIRECTION ( 'NONE',  ( 0.0000000000000000000, 0.0000000000000000000, 1.000000000000000000 ) ) ;
#6727 = SURFACE_STYLE_USAGE ( .BOTH. , #2922 ) ;
#6728 =( NAMED_UNIT ( * ) SI_UNIT ( $, .STERADIAN. ) SOLID_ANGLE_UNIT ( ) );
#6729 = FILL_AREA_STYLE_COLOUR ( '', #1131 ) ;
#6730 = SURFACE_SIDE_STYLE ('',( #538 ) ) ;
#6731 = ORIENTED_EDGE ( 'NONE', *, *, #788, .T. ) ;
#6732 =( NAMED_UNIT ( * ) PLANE_ANGLE_UNIT ( ) SI_UNIT ( $, .RADIAN. ) );
#6733 = UNCERTAINTY_MEASURE_WITH_UNIT (LENGTH_MEASURE( 1.000000000000000100E-005 ), #3826, 'distance_accuracy_value', 'NONE');
#6734 = ORIENTED_EDGE ( 'NONE', *, *, #5777, .F. ) ;
#6735 = CARTESIAN_POINT ( 'NONE',  ( 2.389931833186331700, 1.580047681430130700, 0.1700000000000000100 ) ) ;
#6736 = CARTESIAN_POINT ( 'NONE',  ( 0.02999999999999994300, 0.9199523185698690300, 0.1700000000000000100 ) ) ;
#6737 = CARTESIAN_POINT ( 'NONE',  ( 3.098816092981252700, 0.3846473318088269300, 0.5000000000000033300 ) ) ;
#6738 = CARTESIAN_POINT ( 'NONE',  ( 0.1500000000000005800, 0.2535533905932740300, 0.5751471862576144100 ) ) ;
#6739 = VECTOR ( 'NONE', #2047, 1000.000000000000000 ) ;
#6740 = ORIENTED_EDGE ( 'NONE', *, *, #1751, .F. ) ;
#6741 = MECHANICAL_DESIGN_GEOMETRIC_PRESENTATION_REPRESENTATION (  '', ( #3463 ), #31 ) ;
#6742 = AXIS2_PLACEMENT_3D ( 'NONE', #2650, #6471, #3239 ) ;
#6743 = DIRECTION ( 'NONE',  ( 0.0000000000000000000, 0.0000000000000000000, 1.000000000000000000 ) ) ;
#6744 = LINE ( 'NONE', #4629, #3839 ) ;
#6745 = FILL_AREA_STYLE ('',( #756 ) ) ;
#6746 = VERTEX_POINT ( 'NONE', #5343 ) ;
#6747 = SURFACE_STYLE_USAGE ( .BOTH. , #2948 ) ;
#6748 = CARTESIAN_POINT ( 'NONE',  ( 2.800000000000000700, 0.1499999999999999100, 0.5079235637004544400 ) ) ;
#6749 = VECTOR ( 'NONE', #758, 1000.000000000000000 ) ;
#6750 = MECHANICAL_DESIGN_GEOMETRIC_PRESENTATION_REPRESENTATION (  '', ( #5648 ), #45 ) ;
#6751 =( LENGTH_UNIT ( ) NAMED_UNIT ( * ) SI_UNIT ( .MILLI., .METRE. ) );
#6752 = CARTESIAN_POINT ( 'NONE',  ( 0.3944873640324128000, 2.400043885014591100, 0.5000000000000002200 ) ) ;
#6753 = VECTOR ( 'NONE', #76, 1000.000000000000000 ) ;
#6754 = UNCERTAINTY_MEASURE_WITH_UNIT (LENGTH_MEASURE( 1.000000000000000100E-005 ), #1135, 'distance_accuracy_value', 'NONE');
#6755 = LINE ( 'NONE', #4351, #3850 ) ;
#6756 = DIRECTION ( 'NONE',  ( 1.000000000000000000, 0.0000000000000000000, -0.0000000000000000000 ) ) ;
#6757 = COLOUR_RGB ( '',0.6470588235294118000, 0.6196078431372549200, 0.5843137254901961100 ) ;
#6758 = CARTESIAN_POINT ( 'NONE',  ( 2.799999999999999400, 2.100000000000000100, 0.5200000000000000200 ) ) ;
#6759 = AXIS2_PLACEMENT_3D ( 'NONE', #5358, #4257, #3233 ) ;
#6760 = EDGE_CURVE ( 'NONE', #301, #3111, #4796, .T. ) ;
#6761 = CARTESIAN_POINT ( 'NONE',  ( 0.0000000000000000000, 0.4200404230269067000, 0.1700000000000000100 ) ) ;
#6762 = STYLED_ITEM ( 'NONE', ( #886 ), #1948 ) ;
#6763 = FACE_OUTER_BOUND ( 'NONE', #4206, .T. ) ;
#6764 =( LENGTH_UNIT ( ) NAMED_UNIT ( * ) SI_UNIT ( .MILLI., .METRE. ) );
#6765 = SURFACE_STYLE_FILL_AREA ( #5527 ) ;
#6766 = FILL_AREA_STYLE ('',( #6214 ) ) ;
#6767 = SURFACE_STYLE_USAGE ( .BOTH. , #2977 ) ;
#6768 = CARTESIAN_POINT ( 'NONE',  ( 2.899999999999999900, 2.469999999999999800, 0.1700000000000000100 ) ) ;
#6769 = ORIENTED_EDGE ( 'NONE', *, *, #5984, .T. ) ;
#6770 = EDGE_CURVE ( 'NONE', #5327, #1420, #1682, .T. ) ;
#6771 = VECTOR ( 'NONE', #1749, 1000.000000000000000 ) ;
#6772 =( NAMED_UNIT ( * ) SI_UNIT ( $, .STERADIAN. ) SOLID_ANGLE_UNIT ( ) );
#6773 = ORIENTED_EDGE ( 'NONE', *, *, #6622, .F. ) ;
#6774 = ORIENTED_EDGE ( 'NONE', *, *, #667, .T. ) ;
#6775 = AXIS2_PLACEMENT_3D ( 'NONE', #2208, #1115, #5476 ) ;
#6776 = DIRECTION ( 'NONE',  ( 1.000000000000000000, -0.0000000000000000000, 0.0000000000000000000 ) ) ;
#6777 = VECTOR ( 'NONE', #4036, 1000.000000000000000 ) ;
#6778 = COLOUR_RGB ( '',0.01176470588235294100, 0.0000000000000000000, 0.05882352941176470500 ) ;
#6779 = ORIENTED_EDGE ( 'NONE', *, *, #97, .F. ) ;
#6780 = ORIENTED_EDGE ( 'NONE', *, *, #6712, .F. ) ;
#6781 = VERTEX_POINT ( 'NONE', #4304 ) ;
#6782 =( NAMED_UNIT ( * ) SI_UNIT ( $, .STERADIAN. ) SOLID_ANGLE_UNIT ( ) );
#6783 = MECHANICAL_DESIGN_GEOMETRIC_PRESENTATION_REPRESENTATION (  '', ( #5689 ), #80 ) ;
#6784 = CARTESIAN_POINT ( 'NONE',  ( 0.1000000000000000100, 2.097902688685209700, 0.4842298308292288200 ) ) ;
#6785 = STYLED_ITEM ( 'NONE', ( #636 ), #2353 ) ;
#6786 =( NAMED_UNIT ( * ) SI_UNIT ( $, .STERADIAN. ) SOLID_ANGLE_UNIT ( ) );
#6787 = SURFACE_STYLE_FILL_AREA ( #719 ) ;
#6788 = ORIENTED_EDGE ( 'NONE', *, *, #3606, .T. ) ;
#6789 = ORIENTED_EDGE ( 'NONE', *, *, #5031, .F. ) ;
#6790 = CARTESIAN_POINT ( 'NONE',  ( 2.630325135796682800, 2.399999999999999500, 0.4999999999999914000 ) ) ;
#6791 = MECHANICAL_DESIGN_GEOMETRIC_PRESENTATION_REPRESENTATION (  '', ( #5695 ), #89 ) ;
#6792 =( NAMED_UNIT ( * ) SI_UNIT ( $, .STERADIAN. ) SOLID_ANGLE_UNIT ( ) );
#6793 = DIRECTION ( 'NONE',  ( 1.084202172485504600E-015, 0.0000000000000000000, -1.000000000000000000 ) ) ;
#6794 = FACE_OUTER_BOUND ( 'NONE', #6373, .T. ) ;
#6795 = DIRECTION ( 'NONE',  ( 0.0000000000000000000, 0.0000000000000000000, 1.000000000000000000 ) ) ;
#6796 = COLOUR_RGB ( '',0.8274509803921568100, 0.6666666666666666300, 0.1294117647058823400 ) ;
#6797 = MECHANICAL_DESIGN_GEOMETRIC_PRESENTATION_REPRESENTATION (  '', ( #5701 ), #95 ) ;
#6798 = ORIENTED_EDGE ( 'NONE', *, *, #2603, .F. ) ;
#6799 = CARTESIAN_POINT ( 'NONE',  ( 3.100009241445716300, 2.079959576973093000, 0.0000000000000000000 ) ) ;
#6800 = EDGE_CURVE ( 'NONE', #3461, #4134, #5841, .T. ) ;
#6801 =( NAMED_UNIT ( * ) SI_UNIT ( $, .STERADIAN. ) SOLID_ANGLE_UNIT ( ) );
#6802 = FILL_AREA_STYLE ('',( #1353 ) ) ;
#6803 = B_SPLINE_CURVE_WITH_KNOTS ( 'NONE', 3,
 ( #2058, #1535, #2607, #6420 ),
 .UNSPECIFIED., .F., .F.,
 ( 4, 4 ),
 ( 0.0000000000000000000, 1.000000000000000000 ),
 .UNSPECIFIED. ) ;
#6804 = SURFACE_SIDE_STYLE ('',( #6537 ) ) ;
#6805 = ADVANCED_FACE ( 'NONE', ( #5668 ), #1073, .F. ) ;
#6806 = EDGE_CURVE ( 'NONE', #896, #1331, #5148, .T. ) ;
#6807 = CARTESIAN_POINT ( 'NONE',  ( 0.4000000000000001900, 2.399999999999999900, 0.4800000000000000900 ) ) ;
#6808 = EDGE_LOOP ( 'NONE', ( #5676, #6262, #5111, #1873 ) ) ;
#6809 = CARTESIAN_POINT ( 'NONE',  ( 2.080276409533067900, 0.9199523185698690300, 0.0000000000000000000 ) ) ;
#6810 = DIRECTION ( 'NONE',  ( 0.0000000000000000000, 0.0000000000000000000, -1.000000000000000000 ) ) ;
#6811 =( NAMED_UNIT ( * ) SI_UNIT ( $, .STERADIAN. ) SOLID_ANGLE_UNIT ( ) );
#6812 = DIRECTION ( 'NONE',  ( 0.0000000000000000000, -1.000000000000000000, 0.0000000000000000000 ) ) ;
#6813 = ORIENTED_EDGE ( 'NONE', *, *, #3115, .T. ) ;
#6814 = VERTEX_POINT ( 'NONE', #1650 ) ;
#6815 = CARTESIAN_POINT ( 'NONE',  ( 0.1011839063810405900, 2.115352661366160200, 0.4800000000000000900 ) ) ;
#6816 = DIRECTION ( 'NONE',  ( -1.000000000000000000, 0.0000000000000000000, -0.0000000000000000000 ) ) ;
#6817 = SURFACE_SIDE_STYLE ('',( #3376 ) ) ;
#6818 = EDGE_LOOP ( 'NONE', ( #4009, #6049, #6991, #4938 ) ) ;
#6819 = CARTESIAN_POINT ( 'NONE',  ( 3.169999999999999500, 2.199999999999999700, 0.1700000000000000100 ) ) ;
#6820 = PRESENTATION_STYLE_ASSIGNMENT (( #5169 ) ) ;
#6821 = FILL_AREA_STYLE_COLOUR ( '', #1334 ) ;
#6822 = DIRECTION ( 'NONE',  ( -1.000000000000000000, 0.0000000000000000000, -0.0000000000000000000 ) ) ;
#6823 = MECHANICAL_DESIGN_GEOMETRIC_PRESENTATION_REPRESENTATION (  '', ( #6105 ), #123 ) ;
#6824 =( GEOMETRIC_REPRESENTATION_CONTEXT ( 3 ) GLOBAL_UNCERTAINTY_ASSIGNED_CONTEXT ( ( #6894 ) ) GLOBAL_UNIT_ASSIGNED_CONTEXT ( ( #1123, #4925, #1673 ) ) REPRESENTATION_CONTEXT ( 'NONE', 'WORKASPACE' ) );
#6825 = FACE_OUTER_BOUND ( 'NONE', #1417, .T. ) ;
#6826 = AXIS2_PLACEMENT_3D ( 'NONE', #3481, #208, #4015 ) ;
#6827 = FACE_OUTER_BOUND ( 'NONE', #2517, .T. ) ;
#6828 = UNCERTAINTY_MEASURE_WITH_UNIT (LENGTH_MEASURE( 1.000000000000000100E-005 ), #256, 'distance_accuracy_value', 'NONE');
#6829 = CARTESIAN_POINT ( 'NONE',  ( 0.03000000000000037700, 2.079959576973093000, 0.1700000000000000100 ) ) ;
#6830 = DIRECTION ( 'NONE',  ( 0.0000000000000000000, 0.0000000000000000000, 1.000000000000000000 ) ) ;
#6831 = EDGE_CURVE ( 'NONE', #1170, #6746, #2259, .T. ) ;
#6832 = UNCERTAINTY_MEASURE_WITH_UNIT (LENGTH_MEASURE( 1.000000000000000100E-005 ), #4230, 'distance_accuracy_value', 'NONE');
#6833 = ADVANCED_FACE ( 'NONE', ( #2420 ), #5637, .F. ) ;
#6834 = SURFACE_STYLE_FILL_AREA ( #4514 ) ;
#6835 = LINE ( 'NONE', #448, #1061 ) ;
#6836 = PLANE ( 'NONE',  #3988 ) ;
#6837 = LINE ( 'NONE', #3182, #4111 ) ;
#6838 = FILL_AREA_STYLE_COLOUR ( '', #1235 ) ;
#6839 = PRESENTATION_STYLE_ASSIGNMENT (( #5992 ) ) ;
#6840 = DIRECTION ( 'NONE',  ( -1.000000000000000000, 0.0000000000000000000, 0.0000000000000000000 ) ) ;
#6841 = FACE_OUTER_BOUND ( 'NONE', #4436, .T. ) ;
#6842 = FACE_OUTER_BOUND ( 'NONE', #3648, .T. ) ;
#6843 = EDGE_CURVE ( 'NONE', #380, #3085, #4477, .T. ) ;
#6844 = B_SPLINE_CURVE_WITH_KNOTS ( 'NONE', 3,
 ( #4476, #1771, #3408, #690, #4500, #1233 ),
 .UNSPECIFIED., .F., .F.,
 ( 4, 2, 4 ),
 ( 0.0000000000000000000, 0.5000000000000000000, 1.000000000000000000 ),
 .UNSPECIFIED. ) ;
#6845 = CARTESIAN_POINT ( 'NONE',  ( 0.09999075855428361800, 0.4200404230269067000, 0.1700000000000000100 ) ) ;
#6846 = CARTESIAN_POINT ( 'NONE',  ( 0.1292284333452305400, 2.258614311441354200, 0.5000148884191946100 ) ) ;
#6847 = COLOUR_RGB ( '',0.8274509803921568100, 0.6666666666666666300, 0.1254901960784313700 ) ;
#6848 = ORIENTED_EDGE ( 'NONE', *, *, #191, .F. ) ;
#6849 = FACE_OUTER_BOUND ( 'NONE', #2965, .T. ) ;
#6850 = FILL_AREA_STYLE ('',( #6292 ) ) ;
#6851 = CARTESIAN_POINT ( 'NONE',  ( 0.02999999999999994300, 0.02999999999999997100, 0.1700000000000000100 ) ) ;
#6852 = VERTEX_POINT ( 'NONE', #619 ) ;
#6853 = FILL_AREA_STYLE_COLOUR ( '', #14 ) ;
#6854 = CARTESIAN_POINT ( 'NONE',  ( 2.946446609406725900, 2.349999999999999600, 0.5200000000000000200 ) ) ;
#6855 = ORIENTED_EDGE ( 'NONE', *, *, #3793, .F. ) ;
#6856 = ORIENTED_EDGE ( 'NONE', *, *, #2209, .F. ) ;
#6857 = EDGE_CURVE ( 'NONE', #3050, #6695, #5928, .T. ) ;
#6858 = ORIENTED_EDGE ( 'NONE', *, *, #5677, .T. ) ;
#6859 = VECTOR ( 'NONE', #1288, 1000.000000000000100 ) ;
#6860 = VERTEX_POINT ( 'NONE', #71 ) ;
#6861 = SURFACE_STYLE_FILL_AREA ( #5414 ) ;
#6862 = CARTESIAN_POINT ( 'NONE',  ( 3.000000000000000000, 0.0000000000000000000, 0.1700000000000000100 ) ) ;
#6863 = ORIENTED_EDGE ( 'NONE', *, *, #4890, .T. ) ;
#6864 = VERTEX_POINT ( 'NONE', #2805 ) ;
#6865 = CARTESIAN_POINT ( 'NONE',  ( 3.100009241445716300, 0.9199523185698690300, 0.0000000000000000000 ) ) ;
#6866 = CARTESIAN_POINT ( 'NONE',  ( 2.988180369749845700, 0.2055730340098374800, 0.5000030325441262600 ) ) ;
#6867 = FILL_AREA_STYLE_COLOUR ( '', #2822 ) ;
#6868 = VECTOR ( 'NONE', #3007, 1000.000000000000000 ) ;
#6869 = CARTESIAN_POINT ( 'NONE',  ( 2.967478750146039800, 2.389847783199849900, 0.3210660171779814400 ) ) ;
#6870 = AXIS2_PLACEMENT_3D ( 'NONE', #1748, #5539, #2285 ) ;
#6871 = CARTESIAN_POINT ( 'NONE',  ( 2.988180369749845700, 0.2055730340098374800, 0.5000030325441262600 ) ) ;
#6872 = PRESENTATION_LAYER_ASSIGNMENT (  '', '', ( #6142 ) ) ;
#6873 = VERTEX_POINT ( 'NONE', #6617 ) ;
#6874 = ORIENTED_EDGE ( 'NONE', *, *, #108, .F. ) ;
#6875 = CARTESIAN_POINT ( 'NONE',  ( 0.1499999999999999700, 2.100000000000000100, 0.5200000000000000200 ) ) ;
#6876 = MECHANICAL_DESIGN_GEOMETRIC_PRESENTATION_REPRESENTATION (  '', ( #5791 ), #178 ) ;
#6877 = ORIENTED_EDGE ( 'NONE', *, *, #5190, .T. ) ;
#6878 = SURFACE_STYLE_USAGE ( .BOTH. , #3084 ) ;
#6879 = UNCERTAINTY_MEASURE_WITH_UNIT (LENGTH_MEASURE( 1.000000000000000100E-005 ), #6423, 'distance_accuracy_value', 'NONE');
#6880 = DIRECTION ( 'NONE',  ( -1.000000000000000000, 0.0000000000000000000, 0.0000000000000000000 ) ) ;
#6881 = DIRECTION ( 'NONE',  ( -1.000000000000000000, -0.0000000000000000000, 0.0000000000000000000 ) ) ;
#6882 = STYLED_ITEM ( 'NONE', ( #411 ), #79 ) ;
#6883 =( LENGTH_UNIT ( ) NAMED_UNIT ( * ) SI_UNIT ( .MILLI., .METRE. ) );
#6884 = AXIS2_PLACEMENT_3D ( 'NONE', #4064, #2983, #5708 ) ;
#6885 = EDGE_CURVE ( 'NONE', #5666, #2375, #1759, .T. ) ;
#6886 = CARTESIAN_POINT ( 'NONE',  ( 0.09999075855428361800, 0.4200404230269067000, 0.1700000000000000100 ) ) ;
#6887 = SURFACE_SIDE_STYLE ('',( #1987 ) ) ;
#6888 = ORIENTED_EDGE ( 'NONE', *, *, #6843, .T. ) ;
#6889 = CARTESIAN_POINT ( 'NONE',  ( 3.169999999999999900, 2.079959576973093000, 0.1700000000000000100 ) ) ;
#6890 = AXIS2_PLACEMENT_3D ( 'NONE', #6143, #2894, #6698 ) ;
#6891 = VECTOR ( 'NONE', #3263, 1000.000000000000000 ) ;
#6892 = EDGE_CURVE ( 'NONE', #1276, #4505, #4259, .T. ) ;
#6893 = FACE_OUTER_BOUND ( 'NONE', #3546, .T. ) ;
#6894 = UNCERTAINTY_MEASURE_WITH_UNIT (LENGTH_MEASURE( 1.000000000000000100E-005 ), #1123, 'distance_accuracy_value', 'NONE');
#6895 = CARTESIAN_POINT ( 'NONE',  ( 0.02999999999999994300, 0.4200404230269067000, 0.1700000000000000100 ) ) ;
#6896 = ORIENTED_EDGE ( 'NONE', *, *, #5157, .F. ) ;
#6897 =( NAMED_UNIT ( * ) SI_UNIT ( $, .STERADIAN. ) SOLID_ANGLE_UNIT ( ) );
#6898 =( NAMED_UNIT ( * ) SI_UNIT ( $, .STERADIAN. ) SOLID_ANGLE_UNIT ( ) );
#6899 = SURFACE_STYLE_FILL_AREA ( #6802 ) ;
#6900 = ORIENTED_EDGE ( 'NONE', *, *, #3238, .T. ) ;
#6901 = B_SPLINE_CURVE_WITH_KNOTS ( 'NONE', 3,
 ( #2694, #6506, #7065, #3786 ),
 .UNSPECIFIED., .F., .F.,
 ( 4, 4 ),
 ( 0.0000000000000000000, 1.000000000000000000 ),
 .UNSPECIFIED. ) ;
#6902 = CARTESIAN_POINT ( 'NONE',  ( 0.2535533905932737500, 2.350000000000001000, 0.5751471862576144100 ) ) ;
#6903 =( GEOMETRIC_REPRESENTATION_CONTEXT ( 3 ) GLOBAL_UNCERTAINTY_ASSIGNED_CONTEXT ( ( #6469 ) ) GLOBAL_UNIT_ASSIGNED_CONTEXT ( ( #4029, #775, #4584 ) ) REPRESENTATION_CONTEXT ( 'NONE', 'WORKASPACE' ) );
#6904 = FILL_AREA_STYLE_COLOUR ( '', #5780 ) ;
#6905 = STYLED_ITEM ( 'NONE', ( #2676 ), #2250 ) ;
#6906 = FACE_OUTER_BOUND ( 'NONE', #2341, .T. ) ;
#6907 = PRESENTATION_STYLE_ASSIGNMENT (( #1063 ) ) ;
#6908 = DIRECTION ( 'NONE',  ( -1.000000000000000000, 0.0000000000000000000, 0.0000000000000000000 ) ) ;
#6909 = CARTESIAN_POINT ( 'NONE',  ( 3.200000000000000200, 0.2000000000000000100, 0.1700000000000000100 ) ) ;
#6910 = FILL_AREA_STYLE_COLOUR ( '', #1600 ) ;
#6911 = DIRECTION ( 'NONE',  ( 0.0000000000000000000, -0.0000000000000000000, 1.000000000000000000 ) ) ;
#6912 =( GEOMETRIC_REPRESENTATION_CONTEXT ( 3 ) GLOBAL_UNCERTAINTY_ASSIGNED_CONTEXT ( ( #4964 ) ) GLOBAL_UNIT_ASSIGNED_CONTEXT ( ( #6234, #2995, #6792 ) ) REPRESENTATION_CONTEXT ( 'NONE', 'WORKASPACE' ) );
#6913 = FACE_OUTER_BOUND ( 'NONE', #2826, .T. ) ;
#6914 = SURFACE_STYLE_FILL_AREA ( #3820 ) ;
#6915 = PRESENTATION_LAYER_ASSIGNMENT (  '', '', ( #6199 ) ) ;
#6916 = UNCERTAINTY_MEASURE_WITH_UNIT (LENGTH_MEASURE( 1.000000000000000100E-005 ), #441, 'distance_accuracy_value', 'NONE');
#6917 = SURFACE_STYLE_USAGE ( .BOTH. , #3134 ) ;
#6918 =( LENGTH_UNIT ( ) NAMED_UNIT ( * ) SI_UNIT ( .MILLI., .METRE. ) );
#6919 = FILL_AREA_STYLE ('',( #2556 ) ) ;
#6920 = FILL_AREA_STYLE_COLOUR ( '', #2580 ) ;
#6921 = DIRECTION ( 'NONE',  ( -1.000000000000000000, 0.0000000000000000000, 0.0000000000000000000 ) ) ;
#6922 = EDGE_CURVE ( 'NONE', #1079, #2971, #3038, .T. ) ;
#6923 = SURFACE_SIDE_STYLE ('',( #75 ) ) ;
#6924 = SURFACE_STYLE_USAGE ( .BOTH. , #413 ) ;
#6925 = FILL_AREA_STYLE_COLOUR ( '', #4406 ) ;
#6926 = CIRCLE ( 'NONE', #6399, 0.2000000000000005100 ) ;
#6927 = FACE_OUTER_BOUND ( 'NONE', #5860, .T. ) ;
#6928 = VERTEX_POINT ( 'NONE', #2828 ) ;
#6929 = CARTESIAN_POINT ( 'NONE',  ( 0.1388617100890941200, 0.3022475213184996300, 0.5000000000000000000 ) ) ;
#6930 = DIRECTION ( 'NONE',  ( -0.0000000000000000000, 1.000000000000000000, 0.0000000000000000000 ) ) ;
#6931 = MECHANICAL_DESIGN_GEOMETRIC_PRESENTATION_REPRESENTATION (  '', ( #5848 ), #241 ) ;
#6932 = FILL_AREA_STYLE ('',( #419 ) ) ;
#6933 = CYLINDRICAL_SURFACE ( 'NONE', #4810, 0.3260323503590204000 ) ;
#6934 = DIRECTION ( 'NONE',  ( -1.000000000000000000, 0.0000000000000000000, 0.0000000000000000000 ) ) ;
#6935 = ORIENTED_EDGE ( 'NONE', *, *, #4838, .F. ) ;
#6936 = AXIS2_PLACEMENT_3D ( 'NONE', #87, #3890, #630 ) ;
#6937 = ORIENTED_EDGE ( 'NONE', *, *, #5747, .T. ) ;
#6938 = FILL_AREA_STYLE ('',( #4753 ) ) ;
#6939 = EDGE_CURVE ( 'NONE', #5445, #1488, #4305, .T. ) ;
#6940 = B_SPLINE_CURVE_WITH_KNOTS ( 'NONE', 3,
 ( #4974, #5521, #2261, #6074 ),
 .UNSPECIFIED., .F., .F.,
 ( 4, 4 ),
 ( 0.0000000000000000000, 1.000000000000000000 ),
 .UNSPECIFIED. ) ;
#6941 = CARTESIAN_POINT ( 'NONE',  ( 3.089847783199924700, 0.2325212498551154600, 0.3210660171779821700 ) ) ;
#6942 = FILL_AREA_STYLE_COLOUR ( '', #5914 ) ;
#6943 = SURFACE_STYLE_FILL_AREA ( #4214 ) ;
#6944 = PRESENTATION_STYLE_ASSIGNMENT (( #1166 ) ) ;
#6945 = EDGE_LOOP ( 'NONE', ( #660, #4724, #3560, #3224 ) ) ;
#6946 = EDGE_LOOP ( 'NONE', ( #3459, #3391, #5147, #3069 ) ) ;
#6947 = ORIENTED_EDGE ( 'NONE', *, *, #6428, .F. ) ;
#6948 = FILL_AREA_STYLE ('',( #6390 ) ) ;
#6949 = FACE_OUTER_BOUND ( 'NONE', #4894, .T. ) ;
#6950 = CARTESIAN_POINT ( 'NONE',  ( 0.1201574421873909100, 0.2942209357623271600, 0.4800000000000000900 ) ) ;
#6951 = DIRECTION ( 'NONE',  ( -1.000000000000000000, -0.0000000000000000000, 0.0000000000000000000 ) ) ;
#6952 = CARTESIAN_POINT ( 'NONE',  ( 3.200000000000000200, 2.299999999999999800, 0.2899999999999999800 ) ) ;
#6953 = CARTESIAN_POINT ( 'NONE',  ( 2.800000000000000300, 0.1000000000000003100, 0.5000000000000000000 ) ) ;
#6954 = CARTESIAN_POINT ( 'NONE',  ( 3.169999999999999900, 2.199999999999999700, 0.1700000000000000100 ) ) ;
#6955 = VERTEX_POINT ( 'NONE', #2251 ) ;
#6956 = CLOSED_SHELL ( 'NONE', ( #6076, #6289, #4537, #4468, #4933, #3245, #5757, #2807, #4508, #6613, #4892, #5531, #5494 ) ) ;
#6957 = DIRECTION ( 'NONE',  ( -0.0000000000000000000, -0.0000000000000000000, 1.000000000000000000 ) ) ;
#6958 = CARTESIAN_POINT ( 'NONE',  ( 0.2942208997768582800, 0.1201574502993108300, 0.4999999999999967800 ) ) ;
#6959 = PRESENTATION_STYLE_ASSIGNMENT (( #2524 ) ) ;
#6960 = FILL_AREA_STYLE_COLOUR ( '', #4802 ) ;
#6961 = SURFACE_SIDE_STYLE ('',( #7058 ) ) ;
#6962 = SURFACE_SIDE_STYLE ('',( #2067 ) ) ;
#6963 = ORIENTED_EDGE ( 'NONE', *, *, #2155, .F. ) ;
#6964 = PRESENTATION_LAYER_ASSIGNMENT (  '', '', ( #6230 ) ) ;
#6965 = SURFACE_STYLE_USAGE ( .BOTH. , #3171 ) ;
#6966 = ADVANCED_FACE ( 'NONE', ( #5575 ), #3118, .F. ) ;
#6967 =( GEOMETRIC_REPRESENTATION_CONTEXT ( 3 ) GLOBAL_UNCERTAINTY_ASSIGNED_CONTEXT ( ( #4901 ) ) GLOBAL_UNIT_ASSIGNED_CONTEXT ( ( #4755, #1500, #5284 ) ) REPRESENTATION_CONTEXT ( 'NONE', 'WORKASPACE' ) );
#6968 = AXIS2_PLACEMENT_3D ( 'NONE', #6580, #3329, #49 ) ;
#6969 = UNCERTAINTY_MEASURE_WITH_UNIT (LENGTH_MEASURE( 1.000000000000000100E-005 ), #6075, 'distance_accuracy_value', 'NONE');
#6970 = CARTESIAN_POINT ( 'NONE',  ( 1.600000000000005000, 0.02500000000000002600, 0.2899999999999999800 ) ) ;
#6971 = UNCERTAINTY_MEASURE_WITH_UNIT (LENGTH_MEASURE( 1.000000000000000100E-005 ), #4371, 'distance_accuracy_value', 'NONE');
#6972 = EDGE_CURVE ( 'NONE', #6928, #1170, #3605, .T. ) ;
#6973 = AXIS2_PLACEMENT_3D ( 'NONE', #541, #22, #2211 ) ;
#6974 = SURFACE_SIDE_STYLE ('',( #3724 ) ) ;
#6975 = CARTESIAN_POINT ( 'NONE',  ( 1.119723590466932000, 1.580047681430131000, 0.1700000000000000100 ) ) ;
#6976 =( NAMED_UNIT ( * ) SI_UNIT ( $, .STERADIAN. ) SOLID_ANGLE_UNIT ( ) );
#6977 = CARTESIAN_POINT ( 'NONE',  ( 2.796568098874352000, 0.1017694259712185500, 0.4897840648778905600 ) ) ;
#6978 = CARTESIAN_POINT ( 'NONE',  ( 0.2100000000000000200, 2.100000000000000100, 0.5400000000000001500 ) ) ;
#6979 = CARTESIAN_POINT ( 'NONE',  ( 3.126631734123225900, 2.100751673957118400, 0.3044108732692786800 ) ) ;
#6980 = CARTESIAN_POINT ( 'NONE',  ( 0.4000000000000001300, 0.09999999999999992200, 0.4800000000000000900 ) ) ;
#6981 = CARTESIAN_POINT ( 'NONE',  ( -1.626303258728256700E-016, 2.400138902867559900, 0.0000000000000000000 ) ) ;
#6982 =( GEOMETRIC_REPRESENTATION_CONTEXT ( 3 ) GLOBAL_UNCERTAINTY_ASSIGNED_CONTEXT ( ( #5684 ) ) GLOBAL_UNIT_ASSIGNED_CONTEXT ( ( #6405, #2588, #440 ) ) REPRESENTATION_CONTEXT ( 'NONE', 'WORKASPACE' ) );
#6983 = EDGE_CURVE ( 'NONE', #4319, #5445, #2165, .T. ) ;
#6984 = DIRECTION ( 'NONE',  ( -0.0000000000000000000, -0.0000000000000000000, -1.000000000000000000 ) ) ;
#6985 = CARTESIAN_POINT ( 'NONE',  ( 2.898025072705730000, 2.271020189613618600, 0.5999999999999999800 ) ) ;
#6986 = ORIENTED_EDGE ( 'NONE', *, *, #3497, .F. ) ;
#6987 = B_SPLINE_CURVE_WITH_KNOTS ( 'NONE', 3,
 ( #5426, #1632, #6529, #3282, #3, #3805 ),
 .UNSPECIFIED., .F., .F.,
 ( 4, 2, 4 ),
 ( 0.0000000000000000000, 0.5000000000000000000, 1.000000000000000000 ),
 .UNSPECIFIED. ) ;
#6988 = CARTESIAN_POINT ( 'NONE',  ( 2.872718794409388400, 0.1303094046314993400, 0.5000000000000000000 ) ) ;
#6989 =( LENGTH_UNIT ( ) NAMED_UNIT ( * ) SI_UNIT ( .MILLI., .METRE. ) );
#6990 = LINE ( 'NONE', #6829, #2823 ) ;
#6991 = ORIENTED_EDGE ( 'NONE', *, *, #5524, .F. ) ;
#6992 = EDGE_CURVE ( 'NONE', #1420, #3050, #6517, .T. ) ;
#6993 = CARTESIAN_POINT ( 'NONE',  ( 3.100009241445716300, 2.469999999999999800, 0.1700000000000000100 ) ) ;
#6994 = DIRECTION ( 'NONE',  ( -1.000000000000000000, 0.0000000000000000000, -0.0000000000000000000 ) ) ;
#6995 = SURFACE_STYLE_FILL_AREA ( #2323 ) ;
#6996 = DIRECTION ( 'NONE',  ( 0.0000000000000000000, -1.000000000000000000, 0.0000000000000000000 ) ) ;
#6997 = ADVANCED_FACE ( 'NONE', ( #1986 ), #4168, .F. ) ;
#6998 = CARTESIAN_POINT ( 'NONE',  ( 0.1201574421873913800, 2.205779064237677600, 0.4800000000000000900 ) ) ;
#6999 =( NAMED_UNIT ( * ) PLANE_ANGLE_UNIT ( ) SI_UNIT ( $, .RADIAN. ) );
#7000 = FILL_AREA_STYLE_COLOUR ( '', #6778 ) ;
#7001 = PRESENTATION_LAYER_ASSIGNMENT (  '', '', ( #6267 ) ) ;
#7002 =( NAMED_UNIT ( * ) PLANE_ANGLE_UNIT ( ) SI_UNIT ( $, .RADIAN. ) );
#7003 = CARTESIAN_POINT ( 'NONE',  ( 2.080276409533067900, 0.09986109713243990200, 0.0000000000000000000 ) ) ;
#7004 = SURFACE_STYLE_USAGE ( .BOTH. , #3220 ) ;
#7005 = DIRECTION ( 'NONE',  ( 0.0000000000000000000, 1.000000000000000000, 0.0000000000000000000 ) ) ;
#7006 = COLOUR_RGB ( '',0.8274509803921568100, 0.6666666666666666300, 0.1294117647058823400 ) ;
#7007 = DIRECTION ( 'NONE',  ( 0.0000000000000000000, -1.000000000000000000, 0.0000000000000000000 ) ) ;
#7008 = STYLED_ITEM ( 'NONE', ( #5602 ), #6289 ) ;
#7009 = CARTESIAN_POINT ( 'NONE',  ( 0.1199999999999998800, 1.986666666666667000, 0.5000000000000000000 ) ) ;
#7010 = AXIS2_PLACEMENT_3D ( 'NONE', #3337, #66, #3863 ) ;
#7011 =( LENGTH_UNIT ( ) NAMED_UNIT ( * ) SI_UNIT ( .MILLI., .METRE. ) );
#7012 = DIRECTION ( 'NONE',  ( 0.0000000000000000000, 0.0000000000000000000, 1.000000000000000000 ) ) ;
#7013 = CARTESIAN_POINT ( 'NONE',  ( 0.4015377163306956800, 0.1199407981423787400, 0.4999999824757847500 ) ) ;
#7014 =( GEOMETRIC_REPRESENTATION_CONTEXT ( 3 ) GLOBAL_UNCERTAINTY_ASSIGNED_CONTEXT ( ( #3186 ) ) GLOBAL_UNIT_ASSIGNED_CONTEXT ( ( #3457, #193, #3994 ) ) REPRESENTATION_CONTEXT ( 'NONE', 'WORKASPACE' ) );
#7015 = CIRCLE ( 'NONE', #5740, 0.05999999999999999800 ) ;
#7016 = PRESENTATION_LAYER_ASSIGNMENT (  '', '', ( #6282 ) ) ;
#7017 = CIRCLE ( 'NONE', #2267, 0.3260323503590205600 ) ;
#7018 = VECTOR ( 'NONE', #3510, 1000.000000000000000 ) ;
#7019 = LINE ( 'NONE', #2662, #4119 ) ;
#7020 = CARTESIAN_POINT ( 'NONE',  ( 2.900000000000000400, 0.0000000000000000000, 0.1700000000000000100 ) ) ;
#7021 = CARTESIAN_POINT ( 'NONE',  ( 0.4200624981287633400, 2.400138902867559900, 0.0000000000000000000 ) ) ;
#7022 = CIRCLE ( 'NONE', #1392, 0.02000000000000005200 ) ;
#7023 = CARTESIAN_POINT ( 'NONE',  ( 0.4200624981287628400, 0.09986109713243988800, 0.1700000000000000100 ) ) ;
#7024 = VERTEX_POINT ( 'NONE', #2515 ) ;
#7025 = ORIENTED_EDGE ( 'NONE', *, *, #4282, .T. ) ;
#7026 = EDGE_CURVE ( 'NONE', #7047, #3085, #3696, .T. ) ;
#7027 = VECTOR ( 'NONE', #3916, 1000.000000000000000 ) ;
#7028 = VECTOR ( 'NONE', #5756, 1000.000000000000000 ) ;
#7029 = VECTOR ( 'NONE', #5395, 1000.000000000000000 ) ;
#7030 = DIRECTION ( 'NONE',  ( 0.0000000000000000000, 0.0000000000000000000, 1.000000000000000000 ) ) ;
#7031 = PLANE ( 'NONE',  #2641 ) ;
#7032 = SURFACE_STYLE_FILL_AREA ( #5629 ) ;
#7033 = ORIENTED_EDGE ( 'NONE', *, *, #4022, .F. ) ;
#7034 = CARTESIAN_POINT ( 'NONE',  ( 2.779937501871236400, 2.400138902867559900, 0.1700000000000000100 ) ) ;
#7035 = VERTEX_POINT ( 'NONE', #1461 ) ;
#7036 = VERTEX_POINT ( 'NONE', #3660 ) ;
#7037 = STYLED_ITEM ( 'NONE', ( #6596 ), #1700 ) ;
#7038 = CARTESIAN_POINT ( 'NONE',  ( 0.1000000000000000200, 0.4099024299701202700, 0.4999999999999998900 ) ) ;
#7039 = FILL_AREA_STYLE_COLOUR ( '', #3948 ) ;
#7040 = SURFACE_STYLE_FILL_AREA ( #399 ) ;
#7041 = SURFACE_STYLE_FILL_AREA ( #4911 ) ;
#7042 = LINE ( 'NONE', #4027, #5588 ) ;
#7043 = ORIENTED_EDGE ( 'NONE', *, *, #3433, .F. ) ;
#7044 = ADVANCED_FACE ( 'NONE', ( #1490 ), #6601, .F. ) ;
#7045 = DIRECTION ( 'NONE',  ( 0.0000000000000000000, 1.000000000000000000, 0.0000000000000000000 ) ) ;
#7046 = VERTEX_POINT ( 'NONE', #6954 ) ;
#7047 = VERTEX_POINT ( 'NONE', #3682 ) ;
#7048 = ORIENTED_EDGE ( 'NONE', *, *, #3690, .T. ) ;
#7049 = EDGE_CURVE ( 'NONE', #6577, #2163, #2411, .T. ) ;
#7050 = LINE ( 'NONE', #4070, #2695 ) ;
#7051 = VERTEX_POINT ( 'NONE', #4243 ) ;
#7052 = MECHANICAL_DESIGN_GEOMETRIC_PRESENTATION_REPRESENTATION (  '', ( #5211 ), #336 ) ;
#7053 = SURFACE_STYLE_USAGE ( .BOTH. , #3261 ) ;
#7054 = COLOUR_RGB ( '',0.8274509803921568100, 0.6666666666666666300, 0.1294117647058823400 ) ;
#7055 = CARTESIAN_POINT ( 'NONE',  ( 0.2124905980351155800, 2.295076617752148900, 0.5000031419414986400 ) ) ;
#7056 = FILL_AREA_STYLE_COLOUR ( '', #5452 ) ;
#7057 = DIRECTION ( 'NONE',  ( -0.0000000000000000000, -1.000000000000000000, 0.0000000000000000000 ) ) ;
#7058 = SURFACE_STYLE_FILL_AREA ( #2044 ) ;
#7059 =( GEOMETRIC_REPRESENTATION_CONTEXT ( 3 ) GLOBAL_UNCERTAINTY_ASSIGNED_CONTEXT ( ( #2878 ) ) GLOBAL_UNIT_ASSIGNED_CONTEXT ( ( #4862, #1621, #5399 ) ) REPRESENTATION_CONTEXT ( 'NONE', 'WORKASPACE' ) );
#7060 = STYLED_ITEM ( 'NONE', ( #4404 ), #2139 ) ;
#7061 = ORIENTED_EDGE ( 'NONE', *, *, #4384, .T. ) ;
#7062 = EDGE_CURVE ( 'NONE', #4760, #5490, #3176, .T. ) ;
#7063 = CARTESIAN_POINT ( 'NONE',  ( 1.920000000000000600, 0.1199999999999998800, 0.5000000000000000000 ) ) ;
#7064 = DIRECTION ( 'NONE',  ( 0.0000000000000000000, 0.0000000000000000000, -1.000000000000000000 ) ) ;
#7065 = CARTESIAN_POINT ( 'NONE',  ( 2.935354209350498500, 0.1548243417504994400, 0.5000000000000000000 ) ) ;
#7066 = CARTESIAN_POINT ( 'NONE',  ( 0.0000000000000000000, -1.626303258728256700E-016, 0.2899999999999999800 ) ) ;
#7067 = DIRECTION ( 'NONE',  ( -1.000000000000000000, 0.0000000000000000000, 0.0000000000000000000 ) ) ;
#7068 = UNCERTAINTY_MEASURE_WITH_UNIT (LENGTH_MEASURE( 1.000000000000000100E-005 ), #4676, 'distance_accuracy_value', 'NONE');
#7069 = STYLED_ITEM ( 'NONE', ( #3884 ), #4966 ) ;
#7070 = MECHANICAL_DESIGN_GEOMETRIC_PRESENTATION_REPRESENTATION (  '', ( #5977 ), #350 ) ;
#7071 = STYLED_ITEM ( 'NONE', ( #3004 ), #3312 ) ;
#7072 = CARTESIAN_POINT ( 'NONE',  ( 0.03954902097269674700, 0.1879277721598143200, 0.2899999999999999800 ) ) ;
ENDSEC;
END-ISO-10303-21;
