ISO-10303-21;
HEADER;
FILE_DESCRIPTION (( 'STEP AP214' ),
    '1' );
FILE_NAME ('User Library-TSSOP-20-2.STEP',
    '2016-05-19T08:16:04',
    ( 'Windows User' ),
    ( '' ),
    'SwSTEP 2.0',
    'SolidWorks 2016',
    '' );
FILE_SCHEMA (( 'AUTOMOTIVE_DESIGN' ));
ENDSEC;

DATA;
#1 = MECHANICAL_DESIGN_GEOMETRIC_PRESENTATION_REPRESENTATION (  '', ( #2029 ), #125 ) ;
#2 = DIRECTION ( 'NONE',  ( -1.000000000000000000, 0.0000000000000000000, 0.0000000000000000000 ) ) ;
#3 = ORIENTED_EDGE ( 'NONE', *, *, #582, .T. ) ;
#4 = EDGE_LOOP ( 'NONE', ( #1011, #1693, #1937, #1436 ) ) ;
#5 = AXIS2_PLACEMENT_3D ( 'NONE', #2079, #2007, #1607 ) ;
#6 = CYLINDRICAL_SURFACE ( 'NONE', #2245, 0.1499999999999999700 ) ;
#7 = LINE ( 'NONE', #2220, #1233 ) ;
#8 = CARTESIAN_POINT ( 'NONE',  ( 3.250000000000000400, 2.199999999999999700, 0.6250000000000001100 ) ) ;
#9 = VECTOR ( 'NONE', #42, 1000.000000000000000 ) ;
#10 = FILL_AREA_STYLE_COLOUR ( '', #1687 ) ;
#11 = MECHANICAL_DESIGN_GEOMETRIC_PRESENTATION_REPRESENTATION (  '', ( #2161 ), #143 ) ;
#12 = SURFACE_STYLE_FILL_AREA ( #1199 ) ;
#13 = EDGE_CURVE ( 'NONE', #513, #1898, #1404, .T. ) ;
#14 = DIRECTION ( 'NONE',  ( 0.0000000000000000000, 1.000000000000000000, -0.0000000000000000000 ) ) ;
#15 = LINE ( 'NONE', #1732, #1430 ) ;
#16 = VECTOR ( 'NONE', #1444, 1000.000000000000000 ) ;
#17 = SURFACE_SIDE_STYLE ('',( #610 ) ) ;
#18 = DIRECTION ( 'NONE',  ( 0.0000000000000000000, 0.0000000000000000000, -1.000000000000000000 ) ) ;
#19 = ORIENTED_EDGE ( 'NONE', *, *, #2343, .T. ) ;
#20 = VECTOR ( 'NONE', #2099, 1000.000000000000000 ) ;
#21 = AXIS2_PLACEMENT_3D ( 'NONE', #924, #1113, #746 ) ;
#22 = EDGE_CURVE ( 'NONE', #2207, #1193, #2380, .T. ) ;
#23 = CARTESIAN_POINT ( 'NONE',  ( 0.7500000000000000000, -2.618681122833390200, -3.049999999999999800 ) ) ;
#24 = VERTEX_POINT ( 'NONE', #2170 ) ;
#25 = CARTESIAN_POINT ( 'NONE',  ( -3.250000000000000400, -2.200000000000000200, 0.7249999999999999800 ) ) ;
#26 = CARTESIAN_POINT ( 'NONE',  ( 0.1499999999999999900, -3.200000000000000200, -3.049999999999999400 ) ) ;
#27 = ORIENTED_EDGE ( 'NONE', *, *, #1022, .F. ) ;
#28 =( LENGTH_UNIT ( ) NAMED_UNIT ( * ) SI_UNIT ( .MILLI., .METRE. ) );
#29 = ORIENTED_EDGE ( 'NONE', *, *, #227, .T. ) ;
#30 = EDGE_LOOP ( 'NONE', ( #2337, #1566, #918, #1812 ) ) ;
#31 = AXIS2_PLACEMENT_3D ( 'NONE', #1794, #703, #1981 ) ;
#32 = DIRECTION ( 'NONE',  ( 1.000000000000000000, 0.0000000000000000000, 0.0000000000000000000 ) ) ;
#33 = LINE ( 'NONE', #753, #1507 ) ;
#34 = AXIS2_PLACEMENT_3D ( 'NONE', #602, #1881, #1889 ) ;
#35 = COLOUR_RGB ( '',0.7490196078431372600, 0.7490196078431372600, 0.7490196078431372600 ) ;
#36 = DIRECTION ( 'NONE',  ( 1.381282807458380100E-016, 1.000000000000000000, -0.0000000000000000000 ) ) ;
#37 = UNCERTAINTY_MEASURE_WITH_UNIT (LENGTH_MEASURE( 1.000000000000000100E-005 ), #1878, 'distance_accuracy_value', 'NONE');
#38 = COLOUR_RGB ( '',0.7490196078431372600, 0.7490196078431372600, 0.7490196078431372600 ) ;
#39 = CARTESIAN_POINT ( 'NONE',  ( 1.300000000000000300, 0.0000000000000000000, 0.0000000000000000000 ) ) ;
#40 = SURFACE_SIDE_STYLE ('',( #343 ) ) ;
#41 = DIRECTION ( 'NONE',  ( 1.000000000000000000, 0.0000000000000000000, -0.0000000000000000000 ) ) ;
#42 = DIRECTION ( 'NONE',  ( -0.0000000000000000000, -1.000000000000000000, 0.0000000000000000000 ) ) ;
#43 = VECTOR ( 'NONE', #1600, 1000.000000000000000 ) ;
#44 = LINE ( 'NONE', #150, #1893 ) ;
#45 = DIRECTION ( 'NONE',  ( 1.000000000000000000, 0.0000000000000000000, 0.0000000000000000000 ) ) ;
#46 = PRESENTATION_LAYER_ASSIGNMENT (  '', '', ( #2193 ) ) ;
#47 = SURFACE_SIDE_STYLE ('',( #601 ) ) ;
#48 =( NAMED_UNIT ( * ) PLANE_ANGLE_UNIT ( ) SI_UNIT ( $, .RADIAN. ) );
#49 = ORIENTED_EDGE ( 'NONE', *, *, #878, .T. ) ;
#50 = ORIENTED_EDGE ( 'NONE', *, *, #272, .T. ) ;
#51 = VERTEX_POINT ( 'NONE', #1845 ) ;
#52 = AXIS2_PLACEMENT_3D ( 'NONE', #793, #2084, #975 ) ;
#53 = MECHANICAL_DESIGN_GEOMETRIC_PRESENTATION_REPRESENTATION (  '', ( #2197 ), #185 ) ;
#54 = ORIENTED_EDGE ( 'NONE', *, *, #1668, .F. ) ;
#55 =( NAMED_UNIT ( * ) SI_UNIT ( $, .STERADIAN. ) SOLID_ANGLE_UNIT ( ) );
#56 = ORIENTED_EDGE ( 'NONE', *, *, #2171, .T. ) ;
#57 = SURFACE_SIDE_STYLE ('',( #348 ) ) ;
#58 = VECTOR ( 'NONE', #213, 1000.000000000000000 ) ;
#59 =( NAMED_UNIT ( * ) PLANE_ANGLE_UNIT ( ) SI_UNIT ( $, .RADIAN. ) );
#60 =( NAMED_UNIT ( * ) PLANE_ANGLE_UNIT ( ) SI_UNIT ( $, .RADIAN. ) );
#61 = AXIS2_PLACEMENT_3D ( 'NONE', #1308, #392, #1319 ) ;
#62 = APPLICATION_PROTOCOL_DEFINITION ( 'draft international standard', 'automotive_design', 1998, #424 ) ;
#63 = CARTESIAN_POINT ( 'NONE',  ( 2.589999999999999900, 1.064999999999999900, 1.200000000000000000 ) ) ;
#64 = DIRECTION ( 'NONE',  ( 0.0000000000000000000, -0.0000000000000000000, -1.000000000000000000 ) ) ;
#65 = LINE ( 'NONE', #1949, #1972 ) ;
#66 = DIRECTION ( 'NONE',  ( 1.000000000000000000, 0.0000000000000000000, 0.0000000000000000000 ) ) ;
#67 = STYLED_ITEM ( 'NONE', ( #1419 ), #1987 ) ;
#68 = PRESENTATION_STYLE_ASSIGNMENT (( #2131 ) ) ;
#69 = EDGE_CURVE ( 'NONE', #1782, #1756, #1903, .T. ) ;
#70 = CARTESIAN_POINT ( 'NONE',  ( 0.1111771432346219900, -2.495210174253479800, -2.799999999999999800 ) ) ;
#71 = SURFACE_STYLE_FILL_AREA ( #2087 ) ;
#72 = CARTESIAN_POINT ( 'NONE',  ( 0.1111771432346208400, 2.495210174253479800, -3.049999999999999800 ) ) ;
#73 = VECTOR ( 'NONE', #1560, 1000.000000000000000 ) ;
#74 = DIRECTION ( 'NONE',  ( -1.000000000000000000, 0.0000000000000000000, -0.0000000000000000000 ) ) ;
#75 = SURFACE_STYLE_FILL_AREA ( #628 ) ;
#76 = DIRECTION ( 'NONE',  ( -1.000000000000000000, -1.281026566875180000E-016, 0.0000000000000000000 ) ) ;
#77 = LINE ( 'NONE', #904, #1145 ) ;
#78 =( LENGTH_UNIT ( ) NAMED_UNIT ( * ) SI_UNIT ( .MILLI., .METRE. ) );
#79 = STYLED_ITEM ( 'NONE', ( #1748 ), #902 ) ;
#80 = DIRECTION ( 'NONE',  ( -1.000000000000000000, 0.0000000000000000000, 0.0000000000000000000 ) ) ;
#81 = EDGE_LOOP ( 'NONE', ( #2268, #1816, #1077, #122 ) ) ;
#82 =( GEOMETRIC_REPRESENTATION_CONTEXT ( 3 ) GLOBAL_UNCERTAINTY_ASSIGNED_CONTEXT ( ( #1422 ) ) GLOBAL_UNIT_ASSIGNED_CONTEXT ( ( #2016, #366, #2023 ) ) REPRESENTATION_CONTEXT ( 'NONE', 'WORKASPACE' ) );
#83 = DIRECTION ( 'NONE',  ( -0.0000000000000000000, -0.0000000000000000000, -1.000000000000000000 ) ) ;
#84 = LINE ( 'NONE', #802, #1926 ) ;
#85 = ORIENTED_EDGE ( 'NONE', *, *, #516, .T. ) ;
#86 = CARTESIAN_POINT ( 'NONE',  ( 0.3190721488971339800, 2.618681122833390200, -3.049999999999999800 ) ) ;
#87 = VERTEX_POINT ( 'NONE', #297 ) ;
#88 = PLANE ( 'NONE',  #2108 ) ;
#89 = EDGE_LOOP ( 'NONE', ( #257, #1532, #352, #2361 ) ) ;
#90 = SURFACE_SIDE_STYLE ('',( #12 ) ) ;
#91 =( LENGTH_UNIT ( ) NAMED_UNIT ( * ) SI_UNIT ( .MILLI., .METRE. ) );
#92 = FILL_AREA_STYLE ('',( #1371 ) ) ;
#93 = EDGE_CURVE ( 'NONE', #2190, #1290, #1963, .T. ) ;
#94 = VERTEX_POINT ( 'NONE', #1390 ) ;
#95 = DIRECTION ( 'NONE',  ( -1.000000000000000000, 0.0000000000000000000, 0.0000000000000000000 ) ) ;
#96 =( LENGTH_UNIT ( ) NAMED_UNIT ( * ) SI_UNIT ( .MILLI., .METRE. ) );
#97 = LINE ( 'NONE', #1169, #705 ) ;
#98 = MECHANICAL_DESIGN_GEOMETRIC_PRESENTATION_REPRESENTATION (  '', ( #2239 ), #222 ) ;
#99 = DIRECTION ( 'NONE',  ( -1.000000000000000000, 0.0000000000000000000, 0.0000000000000000000 ) ) ;
#100 = VECTOR ( 'NONE', #374, 1000.000000000000000 ) ;
#101 =( LENGTH_UNIT ( ) NAMED_UNIT ( * ) SI_UNIT ( .MILLI., .METRE. ) );
#102 = UNCERTAINTY_MEASURE_WITH_UNIT (LENGTH_MEASURE( 1.000000000000000100E-005 ), #1161, 'distance_accuracy_value', 'NONE');
#103 =( GEOMETRIC_REPRESENTATION_CONTEXT ( 3 ) GLOBAL_UNCERTAINTY_ASSIGNED_CONTEXT ( ( #2277 ) ) GLOBAL_UNIT_ASSIGNED_CONTEXT ( ( #1170, #60, #1346 ) ) REPRESENTATION_CONTEXT ( 'NONE', 'WORKASPACE' ) );
#104 = EDGE_CURVE ( 'NONE', #2187, #1244, #1472, .T. ) ;
#105 = VECTOR ( 'NONE', #1287, 1000.000000000000000 ) ;
#106 = VECTOR ( 'NONE', #852, 1000.000000000000000 ) ;
#107 = PRODUCT_DEFINITION_SHAPE ( 'NONE', 'NONE',  #2384 ) ;
#108 = PRESENTATION_STYLE_ASSIGNMENT (( #2058 ) ) ;
#109 = SURFACE_STYLE_USAGE ( .BOTH. , #1220 ) ;
#110 = CARTESIAN_POINT ( 'NONE',  ( 0.5444114283826879700, -2.379125397414586700, -2.799999999999999800 ) ) ;
#111 = ORIENTED_EDGE ( 'NONE', *, *, #1001, .T. ) ;
#112 = CIRCLE ( 'NONE', #1914, 0.07500000000000001100 ) ;
#113 = AXIS2_PLACEMENT_3D ( 'NONE', #2205, #1112, #2 ) ;
#114 = ORIENTED_EDGE ( 'NONE', *, *, #2246, .F. ) ;
#115 =( LENGTH_UNIT ( ) NAMED_UNIT ( * ) SI_UNIT ( .MILLI., .METRE. ) );
#116 =( REPRESENTATION_RELATIONSHIP ('NONE','NONE', #363, #1952 ) REPRESENTATION_RELATIONSHIP_WITH_TRANSFORMATION ( #280 )SHAPE_REPRESENTATION_RELATIONSHIP( ) );
#117 = SURFACE_SIDE_STYLE ('',( #1713 ) ) ;
#118 = CARTESIAN_POINT ( 'NONE',  ( 0.0000000000000000000, -2.618681122833390200, -3.049999999999999800 ) ) ;
#119 = UNCERTAINTY_MEASURE_WITH_UNIT (LENGTH_MEASURE( 1.000000000000000100E-005 ), #101, 'distance_accuracy_value', 'NONE');
#120 = STYLED_ITEM ( 'NONE', ( #1420 ), #1815 ) ;
#121 = VECTOR ( 'NONE', #1441, 1000.000000000000000 ) ;
#122 = ORIENTED_EDGE ( 'NONE', *, *, #1264, .F. ) ;
#123 =( LENGTH_UNIT ( ) NAMED_UNIT ( * ) SI_UNIT ( .MILLI., .METRE. ) );
#124 = SURFACE_SIDE_STYLE ('',( #1830 ) ) ;
#125 =( GEOMETRIC_REPRESENTATION_CONTEXT ( 3 ) GLOBAL_UNCERTAINTY_ASSIGNED_CONTEXT ( ( #119 ) ) GLOBAL_UNIT_ASSIGNED_CONTEXT ( ( #101, #1385, #286 ) ) REPRESENTATION_CONTEXT ( 'NONE', 'WORKASPACE' ) );
#126 = LINE ( 'NONE', #1695, #1175 ) ;
#127 = ADVANCED_FACE ( 'NONE', ( #1841 ), #187, .T. ) ;
#128 = MECHANICAL_DESIGN_GEOMETRIC_PRESENTATION_REPRESENTATION (  '', ( #2271 ), #252 ) ;
#129 = DIRECTION ( 'NONE',  ( 1.000000000000000000, 1.281026566875180000E-016, -0.0000000000000000000 ) ) ;
#130 = VECTOR ( 'NONE', #189, 1000.000000000000000 ) ;
#131 = SURFACE_STYLE_FILL_AREA ( #1944 ) ;
#132 =( NAMED_UNIT ( * ) PLANE_ANGLE_UNIT ( ) SI_UNIT ( $, .RADIAN. ) );
#133 = SURFACE_STYLE_USAGE ( .BOTH. , #1240 ) ;
#134 = SURFACE_STYLE_USAGE ( .BOTH. , #1241 ) ;
#135 = DIRECTION ( 'NONE',  ( 1.000000000000000000, 0.0000000000000000000, 0.0000000000000000000 ) ) ;
#136 = CONTEXT_DEPENDENT_SHAPE_REPRESENTATION ( #856, #377 ) ;
#137 = PRESENTATION_STYLE_ASSIGNMENT (( #2142 ) ) ;
#138 = ADVANCED_FACE ( 'NONE', ( #1221 ), #2255, .T. ) ;
#139 = PLANE ( 'NONE',  #207 ) ;
#140 = SURFACE_STYLE_USAGE ( .BOTH. , #1249 ) ;
#141 = ORIENTED_EDGE ( 'NONE', *, *, #959, .F. ) ;
#142 = CIRCLE ( 'NONE', #1369, 0.1499999999999999900 ) ;
#143 =( GEOMETRIC_REPRESENTATION_CONTEXT ( 3 ) GLOBAL_UNCERTAINTY_ASSIGNED_CONTEXT ( ( #897 ) ) GLOBAL_UNIT_ASSIGNED_CONTEXT ( ( #241, #1533, #418 ) ) REPRESENTATION_CONTEXT ( 'NONE', 'WORKASPACE' ) );
#144 = ORIENTED_EDGE ( 'NONE', *, *, #2376, .T. ) ;
#145 = EDGE_CURVE ( 'NONE', #694, #1248, #894, .T. ) ;
#146 = ORIENTED_EDGE ( 'NONE', *, *, #1131, .T. ) ;
#147 = UNCERTAINTY_MEASURE_WITH_UNIT (LENGTH_MEASURE( 1.000000000000000100E-005 ), #1304, 'distance_accuracy_value', 'NONE');
#148 = DIRECTION ( 'NONE',  ( 0.0000000000000000000, 0.2060104810498420100, 0.9785497849867490500 ) ) ;
#149 = FILL_AREA_STYLE ('',( #873 ) ) ;
#150 = CARTESIAN_POINT ( 'NONE',  ( 0.5999999999999999800, -2.100000000000000100, -2.799999999999999800 ) ) ;
#151 = CARTESIAN_POINT ( 'NONE',  ( 2.589999999999999900, 1.064999999999999900, 1.200000000000000000 ) ) ;
#152 = MECHANICAL_DESIGN_GEOMETRIC_PRESENTATION_REPRESENTATION (  '', ( #2294 ), #271 ) ;
#153 = EDGE_CURVE ( 'NONE', #1568, #2312, #1814, .T. ) ;
#154 = LINE ( 'NONE', #1942, #1386 ) ;
#155 = ADVANCED_FACE ( 'NONE', ( #1868 ), #2017, .F. ) ;
#156 = DIRECTION ( 'NONE',  ( -1.253548271578020500E-016, 0.9785497849867490500, -0.2060104810498420100 ) ) ;
#157 = SURFACE_SIDE_STYLE ('',( #2091 ) ) ;
#158 = DIRECTION ( 'NONE',  ( 1.000000000000000000, 0.0000000000000000000, 0.0000000000000000000 ) ) ;
#159 = FILL_AREA_STYLE_COLOUR ( '', #741 ) ;
#160 = STYLED_ITEM ( 'NONE', ( #1096 ), #1066 ) ;
#161 = VECTOR ( 'NONE', #1459, 1000.000000000000000 ) ;
#162 = FILL_AREA_STYLE ('',( #1806 ) ) ;
#163 = AXIS2_PLACEMENT_3D ( 'NONE', #2067, #2046, #64 ) ;
#164 = SURFACE_STYLE_USAGE ( .BOTH. , #1269 ) ;
#165 = AXIS2_PLACEMENT_3D ( 'NONE', #2287, #1194, #80 ) ;
#166 = ADVANCED_FACE ( 'NONE', ( #1934 ), #561, .T. ) ;
#167 = LINE ( 'NONE', #2135, #1521 ) ;
#168 = CARTESIAN_POINT ( 'NONE',  ( 0.1499999999999999900, -2.697648572295269900, -2.799999999999999800 ) ) ;
#169 = SURFACE_STYLE_USAGE ( .BOTH. , #210 ) ;
#170 = VECTOR ( 'NONE', #723, 1000.000000000000000 ) ;
#171 = ORIENTED_EDGE ( 'NONE', *, *, #697, .F. ) ;
#172 = PLANE ( 'NONE',  #1563 ) ;
#173 = EDGE_LOOP ( 'NONE', ( #862, #290, #1929, #699 ) ) ;
#174 = COLOUR_RGB ( '',0.7490196078431372600, 0.7490196078431372600, 0.7490196078431372600 ) ;
#175 = ORIENTED_EDGE ( 'NONE', *, *, #596, .T. ) ;
#176 =( LENGTH_UNIT ( ) NAMED_UNIT ( * ) SI_UNIT ( .MILLI., .METRE. ) );
#177 =( NAMED_UNIT ( * ) SI_UNIT ( $, .STERADIAN. ) SOLID_ANGLE_UNIT ( ) );
#178 = EDGE_LOOP ( 'NONE', ( #3, #1613, #2077, #2074 ) ) ;
#179 = UNCERTAINTY_MEASURE_WITH_UNIT (LENGTH_MEASURE( 1.000000000000000100E-005 ), #123, 'distance_accuracy_value', 'NONE');
#180 = MECHANICAL_DESIGN_GEOMETRIC_PRESENTATION_REPRESENTATION (  '', ( #2193 ), #300 ) ;
#181 = ORIENTED_EDGE ( 'NONE', *, *, #1181, .F. ) ;
#182 = DIRECTION ( 'NONE',  ( 0.0000000000000000000, -0.0000000000000000000, 1.000000000000000000 ) ) ;
#183 = CARTESIAN_POINT ( 'NONE',  ( -3.149999999999999900, -2.100000000000000100, 0.1499999999999999100 ) ) ;
#184 =( GEOMETRIC_REPRESENTATION_CONTEXT ( 3 ) GLOBAL_UNCERTAINTY_ASSIGNED_CONTEXT ( ( #1719 ) ) GLOBAL_UNIT_ASSIGNED_CONTEXT ( ( #2260, #1165, #55 ) ) REPRESENTATION_CONTEXT ( 'NONE', 'WORKASPACE' ) );
#185 =( GEOMETRIC_REPRESENTATION_CONTEXT ( 3 ) GLOBAL_UNCERTAINTY_ASSIGNED_CONTEXT ( ( #1658 ) ) GLOBAL_UNIT_ASSIGNED_CONTEXT ( ( #384, #1675, #567 ) ) REPRESENTATION_CONTEXT ( 'NONE', 'WORKASPACE' ) );
#186 = CIRCLE ( 'NONE', #537, 0.3300000000000000200 ) ;
#187 = PLANE ( 'NONE',  #589 ) ;
#188 = VECTOR ( 'NONE', #2348, 1000.000000000000000 ) ;
#189 = DIRECTION ( 'NONE',  ( 0.0000000000000000000, -0.0000000000000000000, -1.000000000000000000 ) ) ;
#190 = CARTESIAN_POINT ( 'NONE',  ( 0.1499999999999999900, 3.200000000000000200, -2.799999999999999800 ) ) ;
#191 = FACE_OUTER_BOUND ( 'NONE', #2270, .T. ) ;
#192 = DIRECTION ( 'NONE',  ( -0.0000000000000000000, 0.0000000000000000000, -1.000000000000000000 ) ) ;
#193 = MECHANICAL_DESIGN_GEOMETRIC_PRESENTATION_REPRESENTATION (  '', ( #2335 ), #314 ) ;
#194 = EDGE_CURVE ( 'NONE', #2311, #1835, #186, .T. ) ;
#195 = CYLINDRICAL_SURFACE ( 'NONE', #1971, 0.1499999999999999700 ) ;
#196 = FACE_OUTER_BOUND ( 'NONE', #1647, .T. ) ;
#197 = SURFACE_SIDE_STYLE ('',( #304 ) ) ;
#198 = AXIS2_PLACEMENT_3D ( 'NONE', #881, #1083, #713 ) ;
#199 = EDGE_CURVE ( 'NONE', #2048, #1590, #236, .T. ) ;
#200 = FILL_AREA_STYLE ('',( #1297 ) ) ;
#201 = COLOUR_RGB ( '',0.7490196078431372600, 0.7490196078431372600, 0.7490196078431372600 ) ;
#202 = ORIENTED_EDGE ( 'NONE', *, *, #1192, .F. ) ;
#203 = PRESENTATION_STYLE_ASSIGNMENT (( #637 ) ) ;
#204 = DIRECTION ( 'NONE',  ( 0.0000000000000000000, 0.0000000000000000000, 1.000000000000000000 ) ) ;
#205 = ORIENTED_EDGE ( 'NONE', *, *, #1945, .T. ) ;
#206 = ORIENTED_EDGE ( 'NONE', *, *, #2213, .F. ) ;
#207 = AXIS2_PLACEMENT_3D ( 'NONE', #1078, #2355, #1255 ) ;
#208 = PLANE ( 'NONE',  #1710 ) ;
#209 = ORIENTED_EDGE ( 'NONE', *, *, #1380, .F. ) ;
#210 = SURFACE_SIDE_STYLE ('',( #1818 ) ) ;
#211 = STYLED_ITEM ( 'NONE', ( #438 ), #498 ) ;
#212 = CARTESIAN_POINT ( 'NONE',  ( 0.5999999999999999800, 2.306680960442910200, -3.049999999999999800 ) ) ;
#213 = DIRECTION ( 'NONE',  ( 0.0000000000000000000, 0.0000000000000000000, 1.000000000000000000 ) ) ;
#214 = SURFACE_SIDE_STYLE ('',( #558 ) ) ;
#215 = CARTESIAN_POINT ( 'NONE',  ( 2.589999999999999900, 1.064999999999999900, 1.200000000000000000 ) ) ;
#216 = EDGE_CURVE ( 'NONE', #309, #1044, #490, .T. ) ;
#217 =( NAMED_UNIT ( * ) SI_UNIT ( $, .STERADIAN. ) SOLID_ANGLE_UNIT ( ) );
#218 = COLOUR_RGB ( '',0.7490196078431372600, 0.7490196078431372600, 0.7490196078431372600 ) ;
#219 = UNCERTAINTY_MEASURE_WITH_UNIT (LENGTH_MEASURE( 1.000000000000000100E-005 ), #838, 'distance_accuracy_value', 'NONE');
#220 = DIRECTION ( 'NONE',  ( 0.0000000000000000000, 1.000000000000000000, 0.0000000000000000000 ) ) ;
#221 = LINE ( 'NONE', #960, #246 ) ;
#222 =( GEOMETRIC_REPRESENTATION_CONTEXT ( 3 ) GLOBAL_UNCERTAINTY_ASSIGNED_CONTEXT ( ( #1823 ) ) GLOBAL_UNIT_ASSIGNED_CONTEXT ( ( #2218, #739, #2031 ) ) REPRESENTATION_CONTEXT ( 'NONE', 'WORKASPACE' ) );
#223 = PRODUCT_DEFINITION_CONTEXT ( 'detailed design', #2269, 'design' ) ;
#224 = FACE_OUTER_BOUND ( 'NONE', #1213, .T. ) ;
#225 = VERTEX_POINT ( 'NONE', #864 ) ;
#226 = ORIENTED_EDGE ( 'NONE', *, *, #432, .F. ) ;
#227 = EDGE_CURVE ( 'NONE', #1753, #661, #1822, .T. ) ;
#228 = DIRECTION ( 'NONE',  ( 0.0000000000000000000, 1.000000000000000000, 0.0000000000000000000 ) ) ;
#229 =( LENGTH_UNIT ( ) NAMED_UNIT ( * ) SI_UNIT ( .MILLI., .METRE. ) );
#230 = ORIENTED_EDGE ( 'NONE', *, *, #1192, .T. ) ;
#231 = CARTESIAN_POINT ( 'NONE',  ( 0.0000000000000000000, -2.640099048196850300, -2.925000000000000300 ) ) ;
#232 = FACE_OUTER_BOUND ( 'NONE', #4, .T. ) ;
#233 = VERTEX_POINT ( 'NONE', #716 ) ;
#234 = UNCERTAINTY_MEASURE_WITH_UNIT (LENGTH_MEASURE( 1.000000000000000100E-005 ), #702, 'distance_accuracy_value', 'NONE');
#235 = EDGE_LOOP ( 'NONE', ( #569, #1620, #1344, #2136 ) ) ;
#236 = LINE ( 'NONE', #1888, #669 ) ;
#237 = ORIENTED_EDGE ( 'NONE', *, *, #1370, .T. ) ;
#238 = UNCERTAINTY_MEASURE_WITH_UNIT (LENGTH_MEASURE( 1.000000000000000100E-005 ), #2110, 'distance_accuracy_value', 'NONE');
#239 = STYLED_ITEM ( 'NONE', ( #879 ), #1232 ) ;
#240 = CARTESIAN_POINT ( 'NONE',  ( 4.549999999999999800, 0.0000000000000000000, 0.0000000000000000000 ) ) ;
#241 =( LENGTH_UNIT ( ) NAMED_UNIT ( * ) SI_UNIT ( .MILLI., .METRE. ) );
#242 = LINE ( 'NONE', #2114, #1880 ) ;
#243 = DIRECTION ( 'NONE',  ( -0.0000000000000000000, -0.0000000000000000000, -1.000000000000000000 ) ) ;
#244 = AXIS2_PLACEMENT_3D ( 'NONE', #478, #1768, #671 ) ;
#245 = LINE ( 'NONE', #1068, #188 ) ;
#246 = VECTOR ( 'NONE', #36, 1000.000000000000000 ) ;
#247 = DIRECTION ( 'NONE',  ( 0.0000000000000000000, 0.0000000000000000000, 1.000000000000000000 ) ) ;
#248 =( LENGTH_UNIT ( ) NAMED_UNIT ( * ) SI_UNIT ( .MILLI., .METRE. ) );
#249 = PLANE ( 'NONE',  #1359 ) ;
#250 = APPLICATION_CONTEXT ( 'automotive_design' ) ;
#251 = FACE_OUTER_BOUND ( 'NONE', #235, .T. ) ;
#252 =( GEOMETRIC_REPRESENTATION_CONTEXT ( 3 ) GLOBAL_UNCERTAINTY_ASSIGNED_CONTEXT ( ( #2194 ) ) GLOBAL_UNIT_ASSIGNED_CONTEXT ( ( #633, #748, #1561 ) ) REPRESENTATION_CONTEXT ( 'NONE', 'WORKASPACE' ) );
#253 = DIRECTION ( 'NONE',  ( 1.000000000000000000, 0.0000000000000000000, 0.0000000000000000000 ) ) ;
#254 = SURFACE_STYLE_USAGE ( .BOTH. , #2323 ) ;
#255 = CARTESIAN_POINT ( 'NONE',  ( 0.2055885716173109200, 2.625204135323589800, -2.799999999999999800 ) ) ;
#256 = SURFACE_SIDE_STYLE ('',( #595 ) ) ;
#257 = ORIENTED_EDGE ( 'NONE', *, *, #1013, .T. ) ;
#258 = FACE_OUTER_BOUND ( 'NONE', #81, .T. ) ;
#259 = EDGE_LOOP ( 'NONE', ( #29, #1538, #1292, #780, #488, #1982, #808, #1785, #480, #350, #85, #2049 ) ) ;
#260 = PLANE ( 'NONE',  #1399 ) ;
#261 = EDGE_LOOP ( 'NONE', ( #2249, #2164, #50, #2364 ) ) ;
#262 = FILL_AREA_STYLE_COLOUR ( '', #1774 ) ;
#263 = ORIENTED_EDGE ( 'NONE', *, *, #1089, .T. ) ;
#264 = EDGE_CURVE ( 'NONE', #1149, #321, #785, .T. ) ;
#265 = DIRECTION ( 'NONE',  ( -0.9659258262890680900, 0.2588190451025210200, 0.0000000000000000000 ) ) ;
#266 = FILL_AREA_STYLE ('',( #1567 ) ) ;
#267 = VECTOR ( 'NONE', #1638, 1000.000000000000000 ) ;
#268 = DIRECTION ( 'NONE',  ( 1.000000000000000000, 0.0000000000000000000, -0.0000000000000000000 ) ) ;
#269 =( NAMED_UNIT ( * ) SI_UNIT ( $, .STERADIAN. ) SOLID_ANGLE_UNIT ( ) );
#270 =( LENGTH_UNIT ( ) NAMED_UNIT ( * ) SI_UNIT ( .MILLI., .METRE. ) );
#271 =( GEOMETRIC_REPRESENTATION_CONTEXT ( 3 ) GLOBAL_UNCERTAINTY_ASSIGNED_CONTEXT ( ( #1195 ) ) GLOBAL_UNIT_ASSIGNED_CONTEXT ( ( #754, #2047, #939 ) ) REPRESENTATION_CONTEXT ( 'NONE', 'WORKASPACE' ) );
#272 = EDGE_CURVE ( 'NONE', #1102, #664, #1051, .T. ) ;
#273 = FILL_AREA_STYLE_COLOUR ( '', #1829 ) ;
#274 = VECTOR ( 'NONE', #2209, 1000.000000000000000 ) ;
#275 = FILL_AREA_STYLE ('',( #1576 ) ) ;
#276 = FACE_OUTER_BOUND ( 'NONE', #579, .T. ) ;
#277 =( NAMED_UNIT ( * ) SI_UNIT ( $, .STERADIAN. ) SOLID_ANGLE_UNIT ( ) );
#278 =( NAMED_UNIT ( * ) SI_UNIT ( $, .STERADIAN. ) SOLID_ANGLE_UNIT ( ) );
#279 = PRESENTATION_LAYER_ASSIGNMENT (  '', '', ( #160 ) ) ;
#280 = ITEM_DEFINED_TRANSFORMATION ( 'NONE', 'NONE', #1957,  #1465 ) ;
#281 = CARTESIAN_POINT ( 'NONE',  ( -3.250000000000000400, 2.199999999999999700, 0.7249999999999999800 ) ) ;
#282 = ORIENTED_EDGE ( 'NONE', *, *, #2232, .T. ) ;
#283 = STYLED_ITEM ( 'NONE', ( #137 ), #642 ) ;
#284 = CARTESIAN_POINT ( 'NONE',  ( 0.1111771432346219800, 2.495210174253479800, -2.799999999999999800 ) ) ;
#285 = DIRECTION ( 'NONE',  ( 1.000000000000000000, 0.0000000000000000000, 0.0000000000000000000 ) ) ;
#286 =( NAMED_UNIT ( * ) SI_UNIT ( $, .STERADIAN. ) SOLID_ANGLE_UNIT ( ) );
#287 = ORIENTED_EDGE ( 'NONE', *, *, #2343, .F. ) ;
#288 = PRESENTATION_STYLE_ASSIGNMENT (( #1599 ) ) ;
#289 = AXIS2_PLACEMENT_3D ( 'NONE', #2097, #991, #2279 ) ;
#290 = ORIENTED_EDGE ( 'NONE', *, *, #2162, .F. ) ;
#291 = SURFACE_STYLE_FILL_AREA ( #1168 ) ;
#292 = ORIENTED_EDGE ( 'NONE', *, *, #2360, .T. ) ;
#293 = DIRECTION ( 'NONE',  ( 2.989061989375420200E-016, -1.000000000000000000, 0.0000000000000000000 ) ) ;
#294 = ADVANCED_BREP_SHAPE_REPRESENTATION ( '', ( #676, #1317, #1465 ), #306 ) ;
#295 =( NAMED_UNIT ( * ) PLANE_ANGLE_UNIT ( ) SI_UNIT ( $, .RADIAN. ) );
#296 = ORIENTED_EDGE ( 'NONE', *, *, #22, .F. ) ;
#297 = CARTESIAN_POINT ( 'NONE',  ( 0.2055885716173109200, -2.625204135323589800, -3.049999999999999800 ) ) ;
#298 = CARTESIAN_POINT ( 'NONE',  ( 0.7500000000000001100, -2.100000000000000100, -3.049999999999999400 ) ) ;
#299 = PRESENTATION_STYLE_ASSIGNMENT (( #1861 ) ) ;
#300 =( GEOMETRIC_REPRESENTATION_CONTEXT ( 3 ) GLOBAL_UNCERTAINTY_ASSIGNED_CONTEXT ( ( #102 ) ) GLOBAL_UNIT_ASSIGNED_CONTEXT ( ( #1161, #59, #277 ) ) REPRESENTATION_CONTEXT ( 'NONE', 'WORKASPACE' ) );
#301 =( NAMED_UNIT ( * ) SI_UNIT ( $, .STERADIAN. ) SOLID_ANGLE_UNIT ( ) );
#302 =( REPRESENTATION_RELATIONSHIP ('NONE','NONE', #363, #1952 ) REPRESENTATION_RELATIONSHIP_WITH_TRANSFORMATION ( #2146 )SHAPE_REPRESENTATION_RELATIONSHIP( ) );
#303 = SURFACE_SIDE_STYLE ('',( #1697 ) ) ;
#304 = SURFACE_STYLE_FILL_AREA ( #1294 ) ;
#305 = ADVANCED_FACE ( 'NONE', ( #1164 ), #553, .T. ) ;
#306 =( GEOMETRIC_REPRESENTATION_CONTEXT ( 3 ) GLOBAL_UNCERTAINTY_ASSIGNED_CONTEXT ( ( #2096 ) ) GLOBAL_UNIT_ASSIGNED_CONTEXT ( ( #78, #2230, #1128 ) ) REPRESENTATION_CONTEXT ( 'NONE', 'WORKASPACE' ) );
#307 =( NAMED_UNIT ( * ) SI_UNIT ( $, .STERADIAN. ) SOLID_ANGLE_UNIT ( ) );
#308 = PRESENTATION_STYLE_ASSIGNMENT (( #133 ) ) ;
#309 = VERTEX_POINT ( 'NONE', #989 ) ;
#310 = ADVANCED_FACE ( 'NONE', ( #1326 ), #788, .F. ) ;
#311 =( LENGTH_UNIT ( ) NAMED_UNIT ( * ) SI_UNIT ( .MILLI., .METRE. ) );
#312 = ORIENTED_EDGE ( 'NONE', *, *, #1252, .F. ) ;
#313 = LINE ( 'NONE', #2043, #1239 ) ;
#314 =( GEOMETRIC_REPRESENTATION_CONTEXT ( 3 ) GLOBAL_UNCERTAINTY_ASSIGNED_CONTEXT ( ( #1148 ) ) GLOBAL_UNIT_ASSIGNED_CONTEXT ( ( #229, #1519, #409 ) ) REPRESENTATION_CONTEXT ( 'NONE', 'WORKASPACE' ) );
#315 = EDGE_CURVE ( 'NONE', #972, #948, #242, .T. ) ;
#316 = FILL_AREA_STYLE_COLOUR ( '', #2025 ) ;
#317 = UNCERTAINTY_MEASURE_WITH_UNIT (LENGTH_MEASURE( 1.000000000000000100E-005 ), #436, 'distance_accuracy_value', 'NONE');
#318 = VERTEX_POINT ( 'NONE', #190 ) ;
#319 = COLOUR_RGB ( '',0.7490196078431372600, 0.7490196078431372600, 0.7490196078431372600 ) ;
#320 = DIRECTION ( 'NONE',  ( 0.0000000000000000000, 1.000000000000000000, 0.0000000000000000000 ) ) ;
#321 = VERTEX_POINT ( 'NONE', #2000 ) ;
#322 =( NAMED_UNIT ( * ) PLANE_ANGLE_UNIT ( ) SI_UNIT ( $, .RADIAN. ) );
#323 = VERTEX_POINT ( 'NONE', #891 ) ;
#324 =( NAMED_UNIT ( * ) PLANE_ANGLE_UNIT ( ) SI_UNIT ( $, .RADIAN. ) );
#325 = MECHANICAL_DESIGN_GEOMETRIC_PRESENTATION_REPRESENTATION (  '', ( #67 ), #437 ) ;
#326 = EDGE_CURVE ( 'NONE', #512, #309, #674, .T. ) ;
#327 = ORIENTED_EDGE ( 'NONE', *, *, #1797, .F. ) ;
#328 = ADVANCED_FACE ( 'NONE', ( #1602 ), #1191, .T. ) ;
#329 = DIRECTION ( 'NONE',  ( 0.0000000000000000000, 0.0000000000000000000, 1.000000000000000000 ) ) ;
#330 = ORIENTED_EDGE ( 'NONE', *, *, #1866, .T. ) ;
#331 = LINE ( 'NONE', #814, #1301 ) ;
#332 = DIRECTION ( 'NONE',  ( -1.000000000000000000, -0.0000000000000000000, -0.0000000000000000000 ) ) ;
#333 =( NAMED_UNIT ( * ) PLANE_ANGLE_UNIT ( ) SI_UNIT ( $, .RADIAN. ) );
#334 = PRESENTATION_LAYER_ASSIGNMENT (  '', '', ( #79 ) ) ;
#335 =( NAMED_UNIT ( * ) PLANE_ANGLE_UNIT ( ) SI_UNIT ( $, .RADIAN. ) );
#336 = PRESENTATION_LAYER_ASSIGNMENT (  '', '', ( #211 ) ) ;
#337 = SURFACE_STYLE_USAGE ( .BOTH. , #1432 ) ;
#338 = ADVANCED_FACE ( 'NONE', ( #1968 ), #249, .T. ) ;
#339 = DIRECTION ( 'NONE',  ( 1.000000000000000000, 0.0000000000000000000, 0.0000000000000000000 ) ) ;
#340 = EDGE_CURVE ( 'NONE', #1107, #1351, #331, .T. ) ;
#341 = FILL_AREA_STYLE ('',( #1101 ) ) ;
#342 =( LENGTH_UNIT ( ) NAMED_UNIT ( * ) SI_UNIT ( .MILLI., .METRE. ) );
#343 = SURFACE_STYLE_FILL_AREA ( #1143 ) ;
#344 = CARTESIAN_POINT ( 'NONE',  ( -3.250000000000000400, -2.200000000000000200, 0.7249999999999999800 ) ) ;
#345 = FILL_AREA_STYLE_COLOUR ( '', #2148 ) ;
#346 = ORIENTED_EDGE ( 'NONE', *, *, #199, .T. ) ;
#347 = ORIENTED_EDGE ( 'NONE', *, *, #2006, .T. ) ;
#348 = SURFACE_STYLE_FILL_AREA ( #2254 ) ;
#349 = ORIENTED_EDGE ( 'NONE', *, *, #1668, .T. ) ;
#350 = ORIENTED_EDGE ( 'NONE', *, *, #817, .T. ) ;
#351 = ADVANCED_FACE ( 'NONE', ( #2223 ), #88, .T. ) ;
#352 = ORIENTED_EDGE ( 'NONE', *, *, #387, .F. ) ;
#353 =( LENGTH_UNIT ( ) NAMED_UNIT ( * ) SI_UNIT ( .MILLI., .METRE. ) );
#354 =( NAMED_UNIT ( * ) PLANE_ANGLE_UNIT ( ) SI_UNIT ( $, .RADIAN. ) );
#355 = ORIENTED_EDGE ( 'NONE', *, *, #582, .F. ) ;
#356 = CLOSED_SHELL ( 'NONE', ( #1056, #351, #310, #1091, #871, #1608, #2001, #138, #1254, #1630, #1966, #711, #1800, #689 ) ) ;
#357 = DIRECTION ( 'NONE',  ( 0.0000000000000000000, 0.0000000000000000000, -1.000000000000000000 ) ) ;
#358 = DIRECTION ( 'NONE',  ( 2.924945967015381700E-016, -0.9785497849867490500, 0.2060104810498420100 ) ) ;
#359 = AXIS2_PLACEMENT_3D ( 'NONE', #2278, #1178, #66 ) ;
#360 = EDGE_CURVE ( 'NONE', #512, #233, #97, .T. ) ;
#361 = FILL_AREA_STYLE_COLOUR ( '', #2124 ) ;
#362 = SURFACE_STYLE_USAGE ( .BOTH. , #1463 ) ;
#363 = SHAPE_REPRESENTATION ( 'User Library-TSSOP-20-2', ( #421, #1055, #1173, #1291, #1408, #1546, #1655, #1781, #1957, #2081, #2196, #2326, #52 ), #184 ) ;
#364 =( NAMED_UNIT ( * ) SI_UNIT ( $, .STERADIAN. ) SOLID_ANGLE_UNIT ( ) );
#365 = PRESENTATION_LAYER_ASSIGNMENT (  '', '', ( #239 ) ) ;
#366 =( NAMED_UNIT ( * ) PLANE_ANGLE_UNIT ( ) SI_UNIT ( $, .RADIAN. ) );
#367 = PRESENTATION_STYLE_ASSIGNMENT (( #898 ) ) ;
#368 = CARTESIAN_POINT ( 'NONE',  ( -3.250000000000000400, 2.199999999999999300, 0.6750000000000000400 ) ) ;
#369 = COLOUR_RGB ( '',0.7490196078431372600, 0.7490196078431372600, 0.7490196078431372600 ) ;
#370 = PRESENTATION_LAYER_ASSIGNMENT (  '', '', ( #120 ) ) ;
#371 = PRESENTATION_STYLE_ASSIGNMENT (( #337 ) ) ;
#372 = CARTESIAN_POINT ( 'NONE',  ( -1.625000000000000200, -2.100000000000000100, 1.200000000000000000 ) ) ;
#373 = ORIENTED_EDGE ( 'NONE', *, *, #360, .T. ) ;
#374 = DIRECTION ( 'NONE',  ( -0.2017733089221295200, 0.2017733089221277800, 0.9584232173801042800 ) ) ;
#375 = ORIENTED_EDGE ( 'NONE', *, *, #1817, .T. ) ;
#376 = AXIS2_PLACEMENT_3D ( 'NONE', #857, #2144, #1053 ) ;
#377 = PRODUCT_DEFINITION_SHAPE ( 'NONE', 'NONE',  #2392 ) ;
#378 = EDGE_LOOP ( 'NONE', ( #1150, #540, #1316, #629 ) ) ;
#379 = ORIENTED_EDGE ( 'NONE', *, *, #1062, .T. ) ;
#380 =( LENGTH_UNIT ( ) NAMED_UNIT ( * ) SI_UNIT ( .MILLI., .METRE. ) );
#381 = SURFACE_STYLE_USAGE ( .BOTH. , #1483 ) ;
#382 = PLANE ( 'NONE',  #641 ) ;
#383 = COLOUR_RGB ( '',0.7490196078431372600, 0.7490196078431372600, 0.7490196078431372600 ) ;
#384 =( LENGTH_UNIT ( ) NAMED_UNIT ( * ) SI_UNIT ( .MILLI., .METRE. ) );
#385 = SURFACE_STYLE_USAGE ( .BOTH. , #1489 ) ;
#386 = STYLED_ITEM ( 'NONE', ( #2242 ), #1443 ) ;
#387 = EDGE_CURVE ( 'NONE', #2160, #24, #1084, .T. ) ;
#388 = FILL_AREA_STYLE_COLOUR ( '', #201 ) ;
#389 = UNCERTAINTY_MEASURE_WITH_UNIT (LENGTH_MEASURE( 1.000000000000000100E-005 ), #718, 'distance_accuracy_value', 'NONE');
#390 = EDGE_CURVE ( 'NONE', #323, #636, #1573, .T. ) ;
#391 =( LENGTH_UNIT ( ) NAMED_UNIT ( * ) SI_UNIT ( .MILLI., .METRE. ) );
#392 = DIRECTION ( 'NONE',  ( 0.0000000000000000000, 0.0000000000000000000, 1.000000000000000000 ) ) ;
#393 = LINE ( 'NONE', #588, #1804 ) ;
#394 = DIRECTION ( 'NONE',  ( -1.000000000000000000, 0.0000000000000000000, 0.0000000000000000000 ) ) ;
#395 = SURFACE_SIDE_STYLE ('',( #1877 ) ) ;
#396 = ORIENTED_EDGE ( 'NONE', *, *, #809, .T. ) ;
#397 = DIRECTION ( 'NONE',  ( -1.000000000000000000, 0.0000000000000000000, 0.0000000000000000000 ) ) ;
#398 = ORIENTED_EDGE ( 'NONE', *, *, #194, .F. ) ;
#399 = MECHANICAL_DESIGN_GEOMETRIC_PRESENTATION_REPRESENTATION (  '', ( #160 ), #522 ) ;
#400 = PRESENTATION_STYLE_ASSIGNMENT (( #362 ) ) ;
#401 = CARTESIAN_POINT ( 'NONE',  ( 0.0000000000000000000, 0.0000000000000000000, 0.0000000000000000000 ) ) ;
#402 = FILL_AREA_STYLE ('',( #1512 ) ) ;
#403 = PRODUCT ( 'User Library-TSSOP-20-2__X2_041A043E0440043F04430441_X0_', 'User Library-TSSOP-20-2__X2_041A043E0440043F04430441_X0_', '', ( #2098 ) ) ;
#404 = DIRECTION ( 'NONE',  ( -1.000000000000000000, 0.0000000000000000000, 0.0000000000000000000 ) ) ;
#405 = PRESENTATION_LAYER_ASSIGNMENT (  '', '', ( #283 ) ) ;
#406 = CARTESIAN_POINT ( 'NONE',  ( 0.0000000000000000000, 3.200000000000000200, -3.049999999999999800 ) ) ;
#407 = STYLED_ITEM ( 'NONE', ( #2038 ), #1776 ) ;
#408 = DIRECTION ( 'NONE',  ( 1.000000000000000000, 0.0000000000000000000, 0.0000000000000000000 ) ) ;
#409 =( NAMED_UNIT ( * ) SI_UNIT ( $, .STERADIAN. ) SOLID_ANGLE_UNIT ( ) );
#410 = PRODUCT_DEFINITION_SHAPE ( 'NONE', 'NONE',  #2386 ) ;
#411 = CARTESIAN_POINT ( 'NONE',  ( 0.3190721488971339800, 2.100000000000000100, -2.799999999999999800 ) ) ;
#412 = LINE ( 'NONE', #2338, #1334 ) ;
#413 = CARTESIAN_POINT ( 'NONE',  ( 2.259999999999999800, 1.064999999999999900, 1.000000000000000000 ) ) ;
#414 = SURFACE_STYLE_USAGE ( .BOTH. , #1516 ) ;
#415 = PRESENTATION_STYLE_ASSIGNMENT (( #134 ) ) ;
#416 = DIRECTION ( 'NONE',  ( 0.0000000000000000000, 1.000000000000000000, 0.0000000000000000000 ) ) ;
#417 = VECTOR ( 'NONE', #1729, 1000.000000000000100 ) ;
#418 =( NAMED_UNIT ( * ) SI_UNIT ( $, .STERADIAN. ) SOLID_ANGLE_UNIT ( ) );
#419 = LINE ( 'NONE', #1514, #1288 ) ;
#420 = SURFACE_STYLE_FILL_AREA ( #1445 ) ;
#421 = AXIS2_PLACEMENT_3D ( 'NONE', #756, #247, #1539 ) ;
#422 = VERTEX_POINT ( 'NONE', #26 ) ;
#423 = STYLED_ITEM ( 'NONE', ( #911 ), #294 ) ;
#424 = APPLICATION_CONTEXT ( 'automotive_design' ) ;
#425 = ORIENTED_EDGE ( 'NONE', *, *, #1510, .T. ) ;
#426 =( NAMED_UNIT ( * ) SI_UNIT ( $, .STERADIAN. ) SOLID_ANGLE_UNIT ( ) );
#427 = LINE ( 'NONE', #284, #1293 ) ;
#428 = COLOUR_RGB ( '',0.1176470588235294100, 0.1176470588235294100, 0.1176470588235294100 ) ;
#429 = EDGE_LOOP ( 'NONE', ( #209, #1662, #54, #1839 ) ) ;
#430 = DIRECTION ( 'NONE',  ( -0.2588190451025210700, 0.9659258262890682000, 0.0000000000000000000 ) ) ;
#431 = ORIENTED_EDGE ( 'NONE', *, *, #1323, .T. ) ;
#432 = EDGE_CURVE ( 'NONE', #1044, #1216, #581, .T. ) ;
#433 = APPLICATION_PROTOCOL_DEFINITION ( 'draft international standard', 'automotive_design', 1998, #1711 ) ;
#434 = CARTESIAN_POINT ( 'NONE',  ( 2.259999999999999800, 1.064999999999999900, 1.200000000000000000 ) ) ;
#435 =( LENGTH_UNIT ( ) NAMED_UNIT ( * ) SI_UNIT ( .MILLI., .METRE. ) );
#436 =( LENGTH_UNIT ( ) NAMED_UNIT ( * ) SI_UNIT ( .MILLI., .METRE. ) );
#437 =( GEOMETRIC_REPRESENTATION_CONTEXT ( 3 ) GLOBAL_UNCERTAINTY_ASSIGNED_CONTEXT ( ( #825 ) ) GLOBAL_UNIT_ASSIGNED_CONTEXT ( ( #1451, #354, #1639 ) ) REPRESENTATION_CONTEXT ( 'NONE', 'WORKASPACE' ) );
#438 = PRESENTATION_STYLE_ASSIGNMENT (( #169 ) ) ;
#439 = EDGE_CURVE ( 'NONE', #1048, #1186, #33, .T. ) ;
#440 = CARTESIAN_POINT ( 'NONE',  ( 0.6388228567653779800, -2.509119358484690000, -3.049999999999999800 ) ) ;
#441 = CARTESIAN_POINT ( 'NONE',  ( 0.5250000000000000200, 2.306680960442910200, -3.049999999999999800 ) ) ;
#442 = LINE ( 'NONE', #2034, #274 ) ;
#443 = DIRECTION ( 'NONE',  ( 1.000000000000000000, 1.381282807458380100E-016, 0.0000000000000000000 ) ) ;
#444 = FILL_AREA_STYLE_COLOUR ( '', #686 ) ;
#445 = CARTESIAN_POINT ( 'NONE',  ( 3.250000000000000400, -1.100000000000000100, 0.6250000000000001100 ) ) ;
#446 =( LENGTH_UNIT ( ) NAMED_UNIT ( * ) SI_UNIT ( .MILLI., .METRE. ) );
#447 = CONTEXT_DEPENDENT_SHAPE_REPRESENTATION ( #1953, #1458 ) ;
#448 = MECHANICAL_DESIGN_GEOMETRIC_PRESENTATION_REPRESENTATION (  '', ( #79 ), #566 ) ;
#449 = LINE ( 'NONE', #1725, #73 ) ;
#450 = SURFACE_STYLE_FILL_AREA ( #200 ) ;
#451 = LINE ( 'NONE', #1653, #1366 ) ;
#452 = MECHANICAL_DESIGN_GEOMETRIC_PRESENTATION_REPRESENTATION (  '', ( #211 ), #573 ) ;
#453 = FILL_AREA_STYLE_COLOUR ( '', #767 ) ;
#454 = VECTOR ( 'NONE', #2065, 1000.000000000000000 ) ;
#455 = CARTESIAN_POINT ( 'NONE',  ( 3.250000000000000400, 2.200000000000000200, 0.6750000000000000400 ) ) ;
#456 =( NAMED_UNIT ( * ) SI_UNIT ( $, .STERADIAN. ) SOLID_ANGLE_UNIT ( ) );
#457 = EDGE_LOOP ( 'NONE', ( #1696, #1759, #1595, #2069 ) ) ;
#458 = COLOUR_RGB ( '',0.7490196078431372600, 0.7490196078431372600, 0.7490196078431372600 ) ;
#459 = EDGE_LOOP ( 'NONE', ( #1779, #1007 ) ) ;
#460 = SURFACE_STYLE_USAGE ( .BOTH. , #1574 ) ;
#461 = ORIENTED_EDGE ( 'NONE', *, *, #1915, .F. ) ;
#462 = EDGE_CURVE ( 'NONE', #1048, #24, #154, .T. ) ;
#463 = EDGE_LOOP ( 'NONE', ( #1904, #954, #2107, #2020 ) ) ;
#464 = CARTESIAN_POINT ( 'NONE',  ( -3.200000000000000200, 1.100000000000000100, 0.3875000000000000700 ) ) ;
#465 = ORIENTED_EDGE ( 'NONE', *, *, #1945, .F. ) ;
#466 = MANIFOLD_SOLID_BREP ( 'Imported1', #535 ) ;
#467 = STYLED_ITEM ( 'NONE', ( #2189 ), #138 ) ;
#468 = DIRECTION ( 'NONE',  ( 0.2017733089221278900, 0.2017733089221261700, 0.9584232173801048300 ) ) ;
#469 = CARTESIAN_POINT ( 'NONE',  ( 0.7500000000000000000, 2.100000000000000100, -2.925000000000000300 ) ) ;
#470 = AXIS2_PLACEMENT_3D ( 'NONE', #1542, #430, #1717 ) ;
#471 = CIRCLE ( 'NONE', #1425, 0.1499999999999999700 ) ;
#472 = EDGE_CURVE ( 'NONE', #318, #1960, #928, .T. ) ;
#473 = FILL_AREA_STYLE_COLOUR ( '', #38 ) ;
#474 = COLOUR_RGB ( '',0.7490196078431372600, 0.7490196078431372600, 0.7490196078431372600 ) ;
#475 = LINE ( 'NONE', #118, #43 ) ;
#476 = MECHANICAL_DESIGN_GEOMETRIC_PRESENTATION_REPRESENTATION (  '', ( #239 ), #607 ) ;
#477 = FACE_BOUND ( 'NONE', #1250, .T. ) ;
#478 = CARTESIAN_POINT ( 'NONE',  ( 0.5999999999999999800, 2.100000000000000100, -2.925000000000000300 ) ) ;
#479 =( REPRESENTATION_RELATIONSHIP ('NONE','NONE', #363, #1952 ) REPRESENTATION_RELATIONSHIP_WITH_TRANSFORMATION ( #1119 )SHAPE_REPRESENTATION_RELATIONSHIP( ) );
#480 = ORIENTED_EDGE ( 'NONE', *, *, #1995, .T. ) ;
#481 = UNCERTAINTY_MEASURE_WITH_UNIT (LENGTH_MEASURE( 1.000000000000000100E-005 ), #91, 'distance_accuracy_value', 'NONE');
#482 =( LENGTH_UNIT ( ) NAMED_UNIT ( * ) SI_UNIT ( .MILLI., .METRE. ) );
#483 = FACE_OUTER_BOUND ( 'NONE', #744, .T. ) ;
#484 = FILL_AREA_STYLE ('',( #1969 ) ) ;
#485 = EDGE_LOOP ( 'NONE', ( #1296, #2330, #1376, #1698 ) ) ;
#486 = MECHANICAL_DESIGN_GEOMETRIC_PRESENTATION_REPRESENTATION (  '', ( #120 ), #613 ) ;
#487 = ORIENTED_EDGE ( 'NONE', *, *, #1510, .F. ) ;
#488 = ORIENTED_EDGE ( 'NONE', *, *, #959, .T. ) ;
#489 = CARTESIAN_POINT ( 'NONE',  ( 0.7500000000000000000, -2.100000000000000100, -2.925000000000000300 ) ) ;
#490 = LINE ( 'NONE', #411, #2080 ) ;
#491 = EDGE_LOOP ( 'NONE', ( #282, #698, #1047, #860, #1154, #347, #292, #425, #1197, #1020, #1120, #1907 ) ) ;
#492 =( NAMED_UNIT ( * ) SI_UNIT ( $, .STERADIAN. ) SOLID_ANGLE_UNIT ( ) );
#493 = CARTESIAN_POINT ( 'NONE',  ( 0.7500000000000001100, 2.100000000000000100, -2.799999999999999800 ) ) ;
#494 = AXIS2_PLACEMENT_3D ( 'NONE', #469, #1758, #656 ) ;
#495 = COLOUR_RGB ( '',0.1176470588235294100, 0.1176470588235294100, 0.1176470588235294100 ) ;
#496 = STYLED_ITEM ( 'NONE', ( #1479 ), #338 ) ;
#497 = COLOUR_RGB ( '',0.7490196078431372600, 0.7490196078431372600, 0.7490196078431372600 ) ;
#498 = ADVANCED_FACE ( 'NONE', ( #1537 ), #906, .T. ) ;
#499 = FACE_OUTER_BOUND ( 'NONE', #2024, .T. ) ;
#500 = SURFACE_STYLE_FILL_AREA ( #2137 ) ;
#501 = CIRCLE ( 'NONE', #113, 0.3300000000000000200 ) ;
#502 = SURFACE_STYLE_FILL_AREA ( #1017 ) ;
#503 = CARTESIAN_POINT ( 'NONE',  ( 2.589999999999999900, 1.064999999999999900, 1.200000000000000000 ) ) ;
#504 = SURFACE_SIDE_STYLE ('',( #1058 ) ) ;
#505 = LINE ( 'NONE', #1633, #2265 ) ;
#506 = AXIS2_PLACEMENT_3D ( 'NONE', #609, #1897, #795 ) ;
#507 = EDGE_CURVE ( 'NONE', #1670, #422, #1253, .T. ) ;
#508 = ADVANCED_FACE ( 'NONE', ( #1132 ), #1267, .T. ) ;
#509 = ORIENTED_EDGE ( 'NONE', *, *, #2042, .F. ) ;
#510 = LINE ( 'NONE', #622, #20 ) ;
#511 =( NAMED_UNIT ( * ) PLANE_ANGLE_UNIT ( ) SI_UNIT ( $, .RADIAN. ) );
#512 = VERTEX_POINT ( 'NONE', #572 ) ;
#513 = VERTEX_POINT ( 'NONE', #517 ) ;
#514 = SURFACE_SIDE_STYLE ('',( #1586 ) ) ;
#515 = AXIS2_PLACEMENT_3D ( 'NONE', #1860, #761, #2055 ) ;
#516 = EDGE_CURVE ( 'NONE', #1373, #1616, #523, .T. ) ;
#517 = CARTESIAN_POINT ( 'NONE',  ( -3.149999999999999900, 2.100000000000000100, 0.1500000000000000200 ) ) ;
#518 =( NAMED_UNIT ( * ) SI_UNIT ( $, .STERADIAN. ) SOLID_ANGLE_UNIT ( ) );
#519 = VECTOR ( 'NONE', #1278, 1000.000000000000000 ) ;
#520 = ADVANCED_FACE ( 'NONE', ( #1509 ), #1090, .F. ) ;
#521 = DIRECTION ( 'NONE',  ( 0.9659258262890680900, 0.2588190451025210200, -0.0000000000000000000 ) ) ;
#522 =( GEOMETRIC_REPRESENTATION_CONTEXT ( 3 ) GLOBAL_UNCERTAINTY_ASSIGNED_CONTEXT ( ( #1723 ) ) GLOBAL_UNIT_ASSIGNED_CONTEXT ( ( #709, #1992, #885 ) ) REPRESENTATION_CONTEXT ( 'NONE', 'WORKASPACE' ) );
#523 = CIRCLE ( 'NONE', #1575, 0.1499999999999999900 ) ;
#524 = CARTESIAN_POINT ( 'NONE',  ( 3.149999999999999900, 2.100000000000000100, 1.200000000000000000 ) ) ;
#525 = PRODUCT_DEFINITION_SHAPE ( 'NONE', 'NONE',  #544 ) ;
#526 = MECHANICAL_DESIGN_GEOMETRIC_PRESENTATION_REPRESENTATION (  '', ( #283 ), #653 ) ;
#527 = PRESENTATION_LAYER_ASSIGNMENT (  '', '', ( #407 ) ) ;
#528 = CARTESIAN_POINT ( 'NONE',  ( 0.5999999999999999800, -2.306680960442910200, -2.925000000000000300 ) ) ;
#529 = CARTESIAN_POINT ( 'NONE',  ( 0.2055885716173108700, 2.625204135323589300, -3.049999999999999800 ) ) ;
#530 = LINE ( 'NONE', #1737, #796 ) ;
#531 = LINE ( 'NONE', #1033, #652 ) ;
#532 = COLOUR_RGB ( '',0.7490196078431372600, 0.7490196078431372600, 0.7490196078431372600 ) ;
#533 = FILL_AREA_STYLE ('',( #361 ) ) ;
#534 = CARTESIAN_POINT ( 'NONE',  ( 0.1111771432346219900, 2.495210174253479800, -2.925000000000000300 ) ) ;
#535 = CLOSED_SHELL ( 'NONE', ( #2153, #902, #1266, #1245 ) ) ;
#536 = VERTEX_POINT ( 'NONE', #1997 ) ;
#537 = AXIS2_PLACEMENT_3D ( 'NONE', #1016, #964, #1592 ) ;
#538 = UNCERTAINTY_MEASURE_WITH_UNIT (LENGTH_MEASURE( 1.000000000000000100E-005 ), #311, 'distance_accuracy_value', 'NONE');
#539 = PRESENTATION_STYLE_ASSIGNMENT (( #109 ) ) ;
#540 = ORIENTED_EDGE ( 'NONE', *, *, #340, .F. ) ;
#541 = CARTESIAN_POINT ( 'NONE',  ( 0.6388228567653779800, 2.509119358484690000, -2.799999999999999800 ) ) ;
#542 = FILL_AREA_STYLE ('',( #1144 ) ) ;
#543 = CARTESIAN_POINT ( 'NONE',  ( 0.2250000000000000300, 2.697648572295269900, -3.049999999999999800 ) ) ;
#544 = PRODUCT_DEFINITION ( 'UNKNOWN', '', #1407, #645 ) ;
#545 = PRESENTATION_LAYER_ASSIGNMENT (  '', '', ( #423 ) ) ;
#546 = FILL_AREA_STYLE_COLOUR ( '', #1993 ) ;
#547 = FACE_OUTER_BOUND ( 'NONE', #429, .T. ) ;
#548 = DIRECTION ( 'NONE',  ( -1.000000000000000000, -2.862205247120760200E-016, 6.025695257096339900E-017 ) ) ;
#549 = STYLED_ITEM ( 'NONE', ( #1659 ), #1317 ) ;
#550 = DIRECTION ( 'NONE',  ( 1.000000000000000000, -0.0000000000000000000, 0.0000000000000000000 ) ) ;
#551 = EDGE_CURVE ( 'NONE', #1012, #87, #1396, .T. ) ;
#552 =( NAMED_UNIT ( * ) SI_UNIT ( $, .STERADIAN. ) SOLID_ANGLE_UNIT ( ) );
#553 = PLANE ( 'NONE',  #1652 ) ;
#554 = UNCERTAINTY_MEASURE_WITH_UNIT (LENGTH_MEASURE( 1.000000000000000100E-005 ), #446, 'distance_accuracy_value', 'NONE');
#555 = PRESENTATION_STYLE_ASSIGNMENT (( #820 ) ) ;
#556 = EDGE_CURVE ( 'NONE', #985, #1012, #912, .T. ) ;
#557 =( NAMED_UNIT ( * ) PLANE_ANGLE_UNIT ( ) SI_UNIT ( $, .RADIAN. ) );
#558 = SURFACE_STYLE_FILL_AREA ( #1307 ) ;
#559 = DIRECTION ( 'NONE',  ( 0.0000000000000000000, 0.0000000000000000000, 1.000000000000000000 ) ) ;
#560 = CYLINDRICAL_SURFACE ( 'NONE', #942, 0.3300000000000000200 ) ;
#561 = PLANE ( 'NONE',  #670 ) ;
#562 = CONTEXT_DEPENDENT_SHAPE_REPRESENTATION ( #1182, #2306 ) ;
#563 = SURFACE_SIDE_STYLE ('',( #1392 ) ) ;
#564 = ORIENTED_EDGE ( 'NONE', *, *, #439, .F. ) ;
#565 = LINE ( 'NONE', #2272, #1009 ) ;
#566 =( GEOMETRIC_REPRESENTATION_CONTEXT ( 3 ) GLOBAL_UNCERTAINTY_ASSIGNED_CONTEXT ( ( #1906 ) ) GLOBAL_UNIT_ASSIGNED_CONTEXT ( ( #2175, #1086, #2366 ) ) REPRESENTATION_CONTEXT ( 'NONE', 'WORKASPACE' ) );
#567 =( NAMED_UNIT ( * ) SI_UNIT ( $, .STERADIAN. ) SOLID_ANGLE_UNIT ( ) );
#568 =( NAMED_UNIT ( * ) PLANE_ANGLE_UNIT ( ) SI_UNIT ( $, .RADIAN. ) );
#569 = ORIENTED_EDGE ( 'NONE', *, *, #1873, .T. ) ;
#570 = ORIENTED_EDGE ( 'NONE', *, *, #1501, .T. ) ;
#571 = SURFACE_SIDE_STYLE ('',( #1612 ) ) ;
#572 = CARTESIAN_POINT ( 'NONE',  ( 0.6000000000000000900, 2.100000000000000100, -3.049999999999999400 ) ) ;
#573 =( GEOMETRIC_REPRESENTATION_CONTEXT ( 3 ) GLOBAL_UNCERTAINTY_ASSIGNED_CONTEXT ( ( #147 ) ) GLOBAL_UNIT_ASSIGNED_CONTEXT ( ( #1304, #1849, #177 ) ) REPRESENTATION_CONTEXT ( 'NONE', 'WORKASPACE' ) );
#574 = CARTESIAN_POINT ( 'NONE',  ( 0.2250000000000000300, -2.697648572295269900, -2.925000000000000300 ) ) ;
#575 = AXIS2_PLACEMENT_3D ( 'NONE', #1203, #95, #1374 ) ;
#576 = CARTESIAN_POINT ( 'NONE',  ( 0.6000000000000000900, 2.100000000000000100, -2.925000000000000300 ) ) ;
#577 = ORIENTED_EDGE ( 'NONE', *, *, #2116, .T. ) ;
#578 =( NAMED_UNIT ( * ) SI_UNIT ( $, .STERADIAN. ) SOLID_ANGLE_UNIT ( ) );
#579 = EDGE_LOOP ( 'NONE', ( #1562, #1437, #1320, #27 ) ) ;
#580 = CARTESIAN_POINT ( 'NONE',  ( 0.0000000000000000000, 2.618681122833390200, -2.799999999999999800 ) ) ;
#581 = LINE ( 'NONE', #1310, #519 ) ;
#582 = EDGE_CURVE ( 'NONE', #1222, #2210, #1895, .T. ) ;
#583 = FILL_AREA_STYLE_COLOUR ( '', #778 ) ;
#584 = DIRECTION ( 'NONE',  ( 0.0000000000000000000, 0.0000000000000000000, -1.000000000000000000 ) ) ;
#585 = FILL_AREA_STYLE_COLOUR ( '', #818 ) ;
#586 = CARTESIAN_POINT ( 'NONE',  ( 0.5444114283826883000, 2.379125397414590300, -2.799999999999999800 ) ) ;
#587 = DIRECTION ( 'NONE',  ( -1.000000000000000000, 0.0000000000000000000, 0.0000000000000000000 ) ) ;
#588 = CARTESIAN_POINT ( 'NONE',  ( 3.250000000000000400, -2.199999999999998400, 0.6750000000000000400 ) ) ;
#589 = AXIS2_PLACEMENT_3D ( 'NONE', #1433, #2199, #1118 ) ;
#590 = SURFACE_STYLE_USAGE ( .BOTH. , #1690 ) ;
#591 = CARTESIAN_POINT ( 'NONE',  ( 0.5250000000000000200, 2.306680960442910200, -2.799999999999999800 ) ) ;
#592 = VECTOR ( 'NONE', #1766, 1000.000000000000000 ) ;
#593 = FACE_OUTER_BOUND ( 'NONE', #721, .T. ) ;
#594 = STYLED_ITEM ( 'NONE', ( #943 ), #2365 ) ;
#595 = SURFACE_STYLE_FILL_AREA ( #1355 ) ;
#596 = EDGE_CURVE ( 'NONE', #1193, #747, #1833, .T. ) ;
#597 = CARTESIAN_POINT ( 'NONE',  ( 2.600000000000000500, 0.0000000000000000000, 0.0000000000000000000 ) ) ;
#598 = CARTESIAN_POINT ( 'NONE',  ( 2.589999999999999900, 1.064999999999999900, 1.000000000000000000 ) ) ;
#599 = CARTESIAN_POINT ( 'NONE',  ( 0.2250000000000000300, -2.697648572295269900, -3.049999999999999800 ) ) ;
#600 = ORIENTED_EDGE ( 'NONE', *, *, #758, .F. ) ;
#601 = SURFACE_STYLE_FILL_AREA ( #1159 ) ;
#602 = CARTESIAN_POINT ( 'NONE',  ( 0.2250000000000000300, -2.697648572295269900, -2.799999999999999800 ) ) ;
#603 = DIRECTION ( 'NONE',  ( 1.000000000000000000, 0.0000000000000000000, 0.0000000000000000000 ) ) ;
#604 = DIRECTION ( 'NONE',  ( 0.0000000000000000000, 0.0000000000000000000, -1.000000000000000000 ) ) ;
#605 = ORIENTED_EDGE ( 'NONE', *, *, #1125, .F. ) ;
#606 = ORIENTED_EDGE ( 'NONE', *, *, #145, .T. ) ;
#607 =( GEOMETRIC_REPRESENTATION_CONTEXT ( 3 ) GLOBAL_UNCERTAINTY_ASSIGNED_CONTEXT ( ( #2004 ) ) GLOBAL_UNIT_ASSIGNED_CONTEXT ( ( #1665, #557, #1847 ) ) REPRESENTATION_CONTEXT ( 'NONE', 'WORKASPACE' ) );
#608 = DIRECTION ( 'NONE',  ( 1.000000000000000000, 0.0000000000000000000, 0.0000000000000000000 ) ) ;
#609 = CARTESIAN_POINT ( 'NONE',  ( 0.1499999999999999900, -3.200000000000000200, -2.925000000000000300 ) ) ;
#610 = SURFACE_STYLE_FILL_AREA ( #2149 ) ;
#611 = VERTEX_POINT ( 'NONE', #1685 ) ;
#612 = CARTESIAN_POINT ( 'NONE',  ( 1.625000000000000200, 2.100000000000000100, 1.200000000000000000 ) ) ;
#613 =( GEOMETRIC_REPRESENTATION_CONTEXT ( 3 ) GLOBAL_UNCERTAINTY_ASSIGNED_CONTEXT ( ( #179 ) ) GLOBAL_UNIT_ASSIGNED_CONTEXT ( ( #123, #1402, #307 ) ) REPRESENTATION_CONTEXT ( 'NONE', 'WORKASPACE' ) );
#614 = UNCERTAINTY_MEASURE_WITH_UNIT (LENGTH_MEASURE( 1.000000000000000100E-005 ), #1337, 'distance_accuracy_value', 'NONE');
#615 = APPLICATION_CONTEXT ( 'automotive_design' ) ;
#616 = DIRECTION ( 'NONE',  ( -1.000000000000000000, 0.0000000000000000000, 0.0000000000000000000 ) ) ;
#617 = UNCERTAINTY_MEASURE_WITH_UNIT (LENGTH_MEASURE( 1.000000000000000100E-005 ), #176, 'distance_accuracy_value', 'NONE');
#618 = STYLED_ITEM ( 'NONE', ( #2324 ), #863 ) ;
#619 = APPLICATION_CONTEXT ( 'automotive_design' ) ;
#620 = CIRCLE ( 'NONE', #1378, 0.07499999999999998300 ) ;
#621 = AXIS2_PLACEMENT_3D ( 'NONE', #455, #970, #76 ) ;
#622 = CARTESIAN_POINT ( 'NONE',  ( 0.1499999999999999900, 2.618681122833390200, -2.799999999999999800 ) ) ;
#623 = FILL_AREA_STYLE_COLOUR ( '', #801 ) ;
#624 = LINE ( 'NONE', #779, #1854 ) ;
#625 =( NAMED_UNIT ( * ) SI_UNIT ( $, .STERADIAN. ) SOLID_ANGLE_UNIT ( ) );
#626 = ORIENTED_EDGE ( 'NONE', *, *, #22, .T. ) ;
#627 = DIRECTION ( 'NONE',  ( 1.000000000000000000, 0.0000000000000000000, 0.0000000000000000000 ) ) ;
#628 = FILL_AREA_STYLE ('',( #444 ) ) ;
#629 = ORIENTED_EDGE ( 'NONE', *, *, #551, .T. ) ;
#630 = ORIENTED_EDGE ( 'NONE', *, *, #888, .T. ) ;
#631 = DIRECTION ( 'NONE',  ( 3.357297106147360200E-016, -1.000000000000000000, 0.0000000000000000000 ) ) ;
#632 =( NAMED_UNIT ( * ) SI_UNIT ( $, .STERADIAN. ) SOLID_ANGLE_UNIT ( ) );
#633 =( LENGTH_UNIT ( ) NAMED_UNIT ( * ) SI_UNIT ( .MILLI., .METRE. ) );
#634 = PRESENTATION_LAYER_ASSIGNMENT (  '', '', ( #386 ) ) ;
#635 = EDGE_CURVE ( 'NONE', #1186, #513, #419, .T. ) ;
#636 = VERTEX_POINT ( 'NONE', #1876 ) ;
#637 = SURFACE_STYLE_USAGE ( .BOTH. , #1739 ) ;
#638 = CARTESIAN_POINT ( 'NONE',  ( 5.551115123125779700E-016, -8.326672684688670100E-016, 0.1499999999999999900 ) ) ;
#639 = FILL_AREA_STYLE_COLOUR ( '', #1919 ) ;
#640 =( LENGTH_UNIT ( ) NAMED_UNIT ( * ) SI_UNIT ( .MILLI., .METRE. ) );
#641 = AXIS2_PLACEMENT_3D ( 'NONE', #1127, #18, #1305 ) ;
#642 = MANIFOLD_SOLID_BREP ( 'Imported1', #2241 ) ;
#643 = EDGE_CURVE ( 'NONE', #1960, #1775, #624, .T. ) ;
#644 =( NAMED_UNIT ( * ) PLANE_ANGLE_UNIT ( ) SI_UNIT ( $, .RADIAN. ) );
#645 = PRODUCT_DEFINITION_CONTEXT ( 'detailed design', #250, 'design' ) ;
#646 = UNCERTAINTY_MEASURE_WITH_UNIT (LENGTH_MEASURE( 1.000000000000000100E-005 ), #1389, 'distance_accuracy_value', 'NONE');
#647 = SURFACE_SIDE_STYLE ('',( #806 ) ) ;
#648 = DIRECTION ( 'NONE',  ( -0.2060104810498420100, 0.0000000000000000000, 0.9785497849867490500 ) ) ;
#649 = COLOUR_RGB ( '',0.7921568627450980000, 0.8196078431372548800, 0.9333333333333333500 ) ;
#650 = SURFACE_STYLE_FILL_AREA ( #1891 ) ;
#651 = PLANE ( 'NONE',  #1892 ) ;
#652 = VECTOR ( 'NONE', #2315, 1000.000000000000000 ) ;
#653 =( GEOMETRIC_REPRESENTATION_CONTEXT ( 3 ) GLOBAL_UNCERTAINTY_ASSIGNED_CONTEXT ( ( #2377 ) ) GLOBAL_UNIT_ASSIGNED_CONTEXT ( ( #353, #987, #2275 ) ) REPRESENTATION_CONTEXT ( 'NONE', 'WORKASPACE' ) );
#654 = DIRECTION ( 'NONE',  ( 1.000000000000000000, 0.0000000000000000000, -0.0000000000000000000 ) ) ;
#655 = SURFACE_STYLE_USAGE ( .BOTH. , #17 ) ;
#656 = DIRECTION ( 'NONE',  ( 5.252152427417539700E-016, 1.000000000000000000, 0.0000000000000000000 ) ) ;
#657 = VECTOR ( 'NONE', #1970, 1000.000000000000000 ) ;
#658 = MECHANICAL_DESIGN_GEOMETRIC_PRESENTATION_REPRESENTATION (  '', ( #407 ), #782 ) ;
#659 = EDGE_LOOP ( 'NONE', ( #1438, #2302, #1123, #175 ) ) ;
#660 = SURFACE_SIDE_STYLE ('',( #1277 ) ) ;
#661 = VERTEX_POINT ( 'NONE', #1353 ) ;
#662 = VECTOR ( 'NONE', #654, 1000.000000000000000 ) ;
#663 = PLANE ( 'NONE',  #244 ) ;
#664 = VERTEX_POINT ( 'NONE', #255 ) ;
#665 = DIRECTION ( 'NONE',  ( 0.2588190451025210700, 0.9659258262890682000, 0.0000000000000000000 ) ) ;
#666 = CARTESIAN_POINT ( 'NONE',  ( 0.0000000000000000000, 3.200000000000000200, -2.925000000000000300 ) ) ;
#667 = ORIENTED_EDGE ( 'NONE', *, *, #2095, .F. ) ;
#668 = EDGE_LOOP ( 'NONE', ( #375, #1700, #667, #837 ) ) ;
#669 = VECTOR ( 'NONE', #1198, 1000.000000000000000 ) ;
#670 = AXIS2_PLACEMENT_3D ( 'NONE', #638, #2086, #1363 ) ;
#671 = DIRECTION ( 'NONE',  ( 0.0000000000000000000, -0.0000000000000000000, -1.000000000000000000 ) ) ;
#672 =( REPRESENTATION_RELATIONSHIP ('NONE','NONE', #363, #1952 ) REPRESENTATION_RELATIONSHIP_WITH_TRANSFORMATION ( #1955 )SHAPE_REPRESENTATION_RELATIONSHIP( ) );
#673 =( NAMED_UNIT ( * ) SI_UNIT ( $, .STERADIAN. ) SOLID_ANGLE_UNIT ( ) );
#674 = LINE ( 'NONE', #576, #121 ) ;
#675 = CARTESIAN_POINT ( 'NONE',  ( 0.6000000000000000900, -2.100000000000000100, -2.799999999999999800 ) ) ;
#676 = MANIFOLD_SOLID_BREP ( 'Imported1', #356 ) ;
#677 = PRODUCT_DEFINITION ( 'UNKNOWN', '', #1654, #1996 ) ;
#678 = MECHANICAL_DESIGN_GEOMETRIC_PRESENTATION_REPRESENTATION (  '', ( #423 ), #798 ) ;
#679 = PRESENTATION_STYLE_ASSIGNMENT (( #1225 ) ) ;
#680 = DIRECTION ( 'NONE',  ( 5.252152427417539700E-016, -1.000000000000000000, 0.0000000000000000000 ) ) ;
#681 = FACE_OUTER_BOUND ( 'NONE', #173, .T. ) ;
#682 = LINE ( 'NONE', #368, #105 ) ;
#683 = DIRECTION ( 'NONE',  ( -1.000000000000000000, 0.0000000000000000000, 0.0000000000000000000 ) ) ;
#684 = CARTESIAN_POINT ( 'NONE',  ( 3.149999999999999900, -2.100000000000000100, 0.1499999999999999900 ) ) ;
#685 = CONTEXT_DEPENDENT_SHAPE_REPRESENTATION ( #1763, #107 ) ;
#686 = COLOUR_RGB ( '',0.7490196078431372600, 0.7490196078431372600, 0.7490196078431372600 ) ;
#687 = AXIS2_PLACEMENT_3D ( 'NONE', #598, #559, #1848 ) ;
#688 = EDGE_CURVE ( 'NONE', #2210, #512, #449, .T. ) ;
#689 = ADVANCED_FACE ( 'NONE', ( #196 ), #260, .F. ) ;
#690 = DIRECTION ( 'NONE',  ( -0.0000000000000000000, -0.0000000000000000000, -1.000000000000000000 ) ) ;
#691 = LINE ( 'NONE', #752, #2102 ) ;
#692 = CARTESIAN_POINT ( 'NONE',  ( 0.1499999999999999900, 2.697648572295269900, -3.049999999999999800 ) ) ;
#693 = DIRECTION ( 'NONE',  ( 0.0000000000000000000, 0.0000000000000000000, 1.000000000000000000 ) ) ;
#694 = VERTEX_POINT ( 'NONE', #1360 ) ;
#695 = SURFACE_STYLE_FILL_AREA ( #266 ) ;
#696 = STYLED_ITEM ( 'NONE', ( #1579 ), #2001 ) ;
#697 = EDGE_CURVE ( 'NONE', #1149, #1838, #15, .T. ) ;
#698 = ORIENTED_EDGE ( 'NONE', *, *, #1207, .T. ) ;
#699 = ORIENTED_EDGE ( 'NONE', *, *, #1258, .T. ) ;
#700 = DIRECTION ( 'NONE',  ( 0.0000000000000000000, 0.0000000000000000000, 1.000000000000000000 ) ) ;
#701 = ADVANCED_FACE ( 'NONE', ( #940 ), #831, .T. ) ;
#702 =( LENGTH_UNIT ( ) NAMED_UNIT ( * ) SI_UNIT ( .MILLI., .METRE. ) );
#703 = DIRECTION ( 'NONE',  ( 0.0000000000000000000, 0.0000000000000000000, 1.000000000000000000 ) ) ;
#704 = STYLED_ITEM ( 'NONE', ( #415 ), #1052 ) ;
#705 = VECTOR ( 'NONE', #603, 1000.000000000000000 ) ;
#706 =( NAMED_UNIT ( * ) PLANE_ANGLE_UNIT ( ) SI_UNIT ( $, .RADIAN. ) );
#707 = PRESENTATION_LAYER_ASSIGNMENT (  '', '', ( #2122 ) ) ;
#708 = FILL_AREA_STYLE ('',( #1626 ) ) ;
#709 =( LENGTH_UNIT ( ) NAMED_UNIT ( * ) SI_UNIT ( .MILLI., .METRE. ) );
#710 = VECTOR ( 'NONE', #690, 1000.000000000000000 ) ;
#711 = ADVANCED_FACE ( 'NONE', ( #2236 ), #2120, .T. ) ;
#712 = EDGE_CURVE ( 'NONE', #2312, #1835, #531, .T. ) ;
#713 = DIRECTION ( 'NONE',  ( -1.000000000000000000, 0.0000000000000000000, 0.0000000000000000000 ) ) ;
#714 = DIRECTION ( 'NONE',  ( 0.9659258262890687600, -0.2588190451025189600, 0.0000000000000000000 ) ) ;
#715 = SHAPE_DEFINITION_REPRESENTATION ( #525, #1952 ) ;
#716 = CARTESIAN_POINT ( 'NONE',  ( 0.7500000000000001100, 2.100000000000000100, -3.049999999999999400 ) ) ;
#717 = PRESENTATION_LAYER_ASSIGNMENT (  '', '', ( #467 ) ) ;
#718 =( LENGTH_UNIT ( ) NAMED_UNIT ( * ) SI_UNIT ( .MILLI., .METRE. ) );
#719 = ORIENTED_EDGE ( 'NONE', *, *, #2162, .T. ) ;
#720 = DIRECTION ( 'NONE',  ( 1.000000000000000000, -3.357297106147360200E-016, 0.0000000000000000000 ) ) ;
#721 = EDGE_LOOP ( 'NONE', ( #1400, #1188, #2053, #1572 ) ) ;
#722 = COLOUR_RGB ( '',0.1176470588235294100, 0.1176470588235294100, 0.1176470588235294100 ) ;
#723 = DIRECTION ( 'NONE',  ( 0.0000000000000000000, -0.0000000000000000000, -1.000000000000000000 ) ) ;
#724 = PLANE ( 'NONE',  #2293 ) ;
#725 = PRESENTATION_LAYER_ASSIGNMENT (  '', '', ( #594 ) ) ;
#726 = ORIENTED_EDGE ( 'NONE', *, *, #836, .T. ) ;
#727 = EDGE_CURVE ( 'NONE', #51, #2160, #167, .T. ) ;
#728 = VERTEX_POINT ( 'NONE', #110 ) ;
#729 = PRODUCT_DEFINITION_SHAPE ( 'NONE', 'NONE',  #2388 ) ;
#730 = PRESENTATION_STYLE_ASSIGNMENT (( #414 ) ) ;
#731 = SURFACE_STYLE_USAGE ( .BOTH. , #1825 ) ;
#732 = SURFACE_STYLE_USAGE ( .BOTH. , #2228 ) ;
#733 = DIRECTION ( 'NONE',  ( 0.9659258262890687600, -0.2588190451025189600, 0.0000000000000000000 ) ) ;
#734 = LINE ( 'NONE', #2143, #2060 ) ;
#735 = DIRECTION ( 'NONE',  ( 1.000000000000000000, 0.0000000000000000000, 0.0000000000000000000 ) ) ;
#736 = UNCERTAINTY_MEASURE_WITH_UNIT (LENGTH_MEASURE( 1.000000000000000100E-005 ), #342, 'distance_accuracy_value', 'NONE');
#737 = VECTOR ( 'NONE', #265, 1000.000000000000100 ) ;
#738 = FILL_AREA_STYLE ('',( #546 ) ) ;
#739 =( NAMED_UNIT ( * ) PLANE_ANGLE_UNIT ( ) SI_UNIT ( $, .RADIAN. ) );
#740 = UNCERTAINTY_MEASURE_WITH_UNIT (LENGTH_MEASURE( 1.000000000000000100E-005 ), #955, 'distance_accuracy_value', 'NONE');
#741 = COLOUR_RGB ( '',0.7490196078431372600, 0.7490196078431372600, 0.7490196078431372600 ) ;
#742 = PRESENTATION_LAYER_ASSIGNMENT (  '', '', ( #618 ) ) ;
#743 = DIRECTION ( 'NONE',  ( -0.0000000000000000000, -1.000000000000000000, -0.0000000000000000000 ) ) ;
#744 = EDGE_LOOP ( 'NONE', ( #1183, #1962 ) ) ;
#745 = PRESENTATION_LAYER_ASSIGNMENT (  '', '', ( #496 ) ) ;
#746 = DIRECTION ( 'NONE',  ( 1.000000000000000000, 0.0000000000000000000, 0.0000000000000000000 ) ) ;
#747 = VERTEX_POINT ( 'NONE', #298 ) ;
#748 =( NAMED_UNIT ( * ) PLANE_ANGLE_UNIT ( ) SI_UNIT ( $, .RADIAN. ) );
#749 = EDGE_LOOP ( 'NONE', ( #2216, #461 ) ) ;
#750 = ORIENTED_EDGE ( 'NONE', *, *, #1556, .T. ) ;
#751 = DIRECTION ( 'NONE',  ( -5.252152427417539700E-016, 1.000000000000000000, -0.0000000000000000000 ) ) ;
#752 = CARTESIAN_POINT ( 'NONE',  ( -3.250000000000000400, 2.200000000000000200, 0.7249999999999999800 ) ) ;
#753 = CARTESIAN_POINT ( 'NONE',  ( 5.551115123125779700E-016, -2.100000000000000100, 0.1499999999999999900 ) ) ;
#754 =( LENGTH_UNIT ( ) NAMED_UNIT ( * ) SI_UNIT ( .MILLI., .METRE. ) );
#755 = SURFACE_STYLE_FILL_AREA ( #341 ) ;
#756 = CARTESIAN_POINT ( 'NONE',  ( 0.0000000000000000000, 0.0000000000000000000, 0.0000000000000000000 ) ) ;
#757 = MECHANICAL_DESIGN_GEOMETRIC_PRESENTATION_REPRESENTATION (  '', ( #386 ), #877 ) ;
#758 = EDGE_CURVE ( 'NONE', #694, #2048, #1035, .T. ) ;
#759 =( LENGTH_UNIT ( ) NAMED_UNIT ( * ) SI_UNIT ( .MILLI., .METRE. ) );
#760 = COLOUR_RGB ( '',0.7490196078431372600, 0.7490196078431372600, 0.7490196078431372600 ) ;
#761 = DIRECTION ( 'NONE',  ( 0.0000000000000000000, 0.0000000000000000000, 1.000000000000000000 ) ) ;
#762 = STYLED_ITEM ( 'NONE', ( #1683 ), #2177 ) ;
#763 = EDGE_CURVE ( 'NONE', #1495, #1775, #1140, .T. ) ;
#764 = VECTOR ( 'NONE', #1900, 1000.000000000000000 ) ;
#765 = SURFACE_SIDE_STYLE ('',( #2012 ) ) ;
#766 = DIRECTION ( 'NONE',  ( -0.0000000000000000000, 0.0000000000000000000, -1.000000000000000000 ) ) ;
#767 = COLOUR_RGB ( '',0.7490196078431372600, 0.7490196078431372600, 0.7490196078431372600 ) ;
#768 = DIRECTION ( 'NONE',  ( -1.000000000000000000, 0.0000000000000000000, 0.0000000000000000000 ) ) ;
#769 = CARTESIAN_POINT ( 'NONE',  ( 0.0000000000000000000, 2.640099048196850300, -2.799999999999999800 ) ) ;
#770 = VERTEX_POINT ( 'NONE', #1956 ) ;
#771 = STYLED_ITEM ( 'NONE', ( #367 ), #1081 ) ;
#772 = DIRECTION ( 'NONE',  ( 1.000000000000000000, 0.0000000000000000000, 0.0000000000000000000 ) ) ;
#773 = PLANE ( 'NONE',  #687 ) ;
#774 = ORIENTED_EDGE ( 'NONE', *, *, #758, .T. ) ;
#775 =( NAMED_UNIT ( * ) PLANE_ANGLE_UNIT ( ) SI_UNIT ( $, .RADIAN. ) );
#776 = PRODUCT ( 'User Library-TSSOP-20-2__X2_041C04350442043A0430_X0_', 'User Library-TSSOP-20-2__X2_041C04350442043A0430_X0_', '', ( #1721 ) ) ;
#777 = STYLED_ITEM ( 'NONE', ( #937 ), #676 ) ;
#778 = COLOUR_RGB ( '',0.7490196078431372600, 0.7490196078431372600, 0.7490196078431372600 ) ;
#779 = CARTESIAN_POINT ( 'NONE',  ( 0.1499999999999999900, 3.200000000000000200, -3.049999999999999800 ) ) ;
#780 = ORIENTED_EDGE ( 'NONE', *, *, #1252, .T. ) ;
#781 = DIRECTION ( 'NONE',  ( 1.000000000000000000, 0.0000000000000000000, 0.0000000000000000000 ) ) ;
#782 =( GEOMETRIC_REPRESENTATION_CONTEXT ( 3 ) GLOBAL_UNCERTAINTY_ASSIGNED_CONTEXT ( ( #1850 ) ) GLOBAL_UNIT_ASSIGNED_CONTEXT ( ( #1746, #644, #1936 ) ) REPRESENTATION_CONTEXT ( 'NONE', 'WORKASPACE' ) );
#783 = PRESENTATION_STYLE_ASSIGNMENT (( #655 ) ) ;
#784 =( LENGTH_UNIT ( ) NAMED_UNIT ( * ) SI_UNIT ( .MILLI., .METRE. ) );
#785 = LINE ( 'NONE', #524, #1160 ) ;
#786 = DIRECTION ( 'NONE',  ( 0.0000000000000000000, 1.000000000000000000, 0.0000000000000000000 ) ) ;
#787 = DIRECTION ( 'NONE',  ( -1.000000000000000000, -1.156482317317871300E-014, 0.0000000000000000000 ) ) ;
#788 = CYLINDRICAL_SURFACE ( 'NONE', #5, 0.07499999999999998300 ) ;
#789 = DIRECTION ( 'NONE',  ( -0.0000000000000000000, -0.0000000000000000000, -1.000000000000000000 ) ) ;
#790 = DIRECTION ( 'NONE',  ( 0.2017733089221294700, -0.2017733089221276600, 0.9584232173801043900 ) ) ;
#791 = SURFACE_SIDE_STYLE ('',( #650 ) ) ;
#792 = SURFACE_STYLE_FILL_AREA ( #1038 ) ;
#793 = CARTESIAN_POINT ( 'NONE',  ( 5.850000000000000500, 0.0000000000000000000, 0.0000000000000000000 ) ) ;
#794 = AXIS2_PLACEMENT_3D ( 'NONE', #1088, #2370, #2028 ) ;
#795 = DIRECTION ( 'NONE',  ( 0.0000000000000000000, -0.0000000000000000000, 1.000000000000000000 ) ) ;
#796 = VECTOR ( 'NONE', #1923, 999.9999999999998900 ) ;
#797 = PRODUCT_DEFINITION ( 'UNKNOWN', '', #1910, #958 ) ;
#798 =( GEOMETRIC_REPRESENTATION_CONTEXT ( 3 ) GLOBAL_UNCERTAINTY_ASSIGNED_CONTEXT ( ( #867 ) ) GLOBAL_UNIT_ASSIGNED_CONTEXT ( ( #391, #1681, #578 ) ) REPRESENTATION_CONTEXT ( 'NONE', 'WORKASPACE' ) );
#799 = VECTOR ( 'NONE', #1189, 1000.000000000000100 ) ;
#800 = APPLICATION_CONTEXT ( 'automotive_design' ) ;
#801 = COLOUR_RGB ( '',0.7490196078431372600, 0.7490196078431372600, 0.7490196078431372600 ) ;
#802 = CARTESIAN_POINT ( 'NONE',  ( -1.625000000000000200, -2.200000000000000200, 0.6250000000000001100 ) ) ;
#803 = ORIENTED_EDGE ( 'NONE', *, *, #145, .F. ) ;
#804 = FILL_AREA_STYLE_COLOUR ( '', #1424 ) ;
#805 = ORIENTED_EDGE ( 'NONE', *, *, #1449, .T. ) ;
#806 = SURFACE_STYLE_FILL_AREA ( #275 ) ;
#807 = PRESENTATION_LAYER_ASSIGNMENT (  '', '', ( #549 ) ) ;
#808 = ORIENTED_EDGE ( 'NONE', *, *, #1415, .T. ) ;
#809 = EDGE_CURVE ( 'NONE', #839, #1492, #2132, .T. ) ;
#810 = APPLICATION_PROTOCOL_DEFINITION ( 'draft international standard', 'automotive_design', 1998, #615 ) ;
#811 = DIRECTION ( 'NONE',  ( -1.000000000000000000, -2.862205247120760200E-016, -6.025695257096339900E-017 ) ) ;
#812 = SURFACE_SIDE_STYLE ('',( #2354 ) ) ;
#813 = VERTEX_POINT ( 'NONE', #1043 ) ;
#814 = CARTESIAN_POINT ( 'NONE',  ( 0.6388228567653779800, -2.509119358484690000, -2.925000000000000300 ) ) ;
#815 = CARTESIAN_POINT ( 'NONE',  ( -3.250000000000000400, 2.200000000000000200, 0.6750000000000000400 ) ) ;
#816 = AXIS2_PLACEMENT_3D ( 'NONE', #1820, #720, #2008 ) ;
#817 = EDGE_CURVE ( 'NONE', #1590, #1373, #475, .T. ) ;
#818 = COLOUR_RGB ( '',0.7490196078431372600, 0.7490196078431372600, 0.7490196078431372600 ) ;
#819 = PLANE ( 'NONE',  #575 ) ;
#820 = SURFACE_STYLE_USAGE ( .BOTH. , #1918 ) ;
#821 =( NAMED_UNIT ( * ) PLANE_ANGLE_UNIT ( ) SI_UNIT ( $, .RADIAN. ) );
#822 = CARTESIAN_POINT ( 'NONE',  ( 0.0000000000000000000, 0.0000000000000000000, 0.0000000000000000000 ) ) ;
#823 = AXIS2_PLACEMENT_3D ( 'NONE', #1453, #357, #1642 ) ;
#824 = CARTESIAN_POINT ( 'NONE',  ( 1.625000000000000200, 2.149999999999999900, 0.9625000000000000200 ) ) ;
#825 = UNCERTAINTY_MEASURE_WITH_UNIT (LENGTH_MEASURE( 1.000000000000000100E-005 ), #1451, 'distance_accuracy_value', 'NONE');
#826 = CARTESIAN_POINT ( 'NONE',  ( 2.259999999999999800, 1.064999999999999900, 1.200000000000000000 ) ) ;
#827 = ITEM_DEFINED_TRANSFORMATION ( 'NONE', 'NONE', #1655,  #1465 ) ;
#828 = STYLED_ITEM ( 'NONE', ( #2169 ), #508 ) ;
#829 =( NAMED_UNIT ( * ) PLANE_ANGLE_UNIT ( ) SI_UNIT ( $, .RADIAN. ) );
#830 = LINE ( 'NONE', #23, #1522 ) ;
#831 = PLANE ( 'NONE',  #2145 ) ;
#832 = MECHANICAL_DESIGN_GEOMETRIC_PRESENTATION_REPRESENTATION (  '', ( #2122 ), #952 ) ;
#833 =( NAMED_UNIT ( * ) SI_UNIT ( $, .STERADIAN. ) SOLID_ANGLE_UNIT ( ) );
#834 = CYLINDRICAL_SURFACE ( 'NONE', #61, 0.07500000000000001100 ) ;
#835 = CONTEXT_DEPENDENT_SHAPE_REPRESENTATION ( #302, #2075 ) ;
#836 = EDGE_CURVE ( 'NONE', #972, #2190, #1462, .T. ) ;
#837 = ORIENTED_EDGE ( 'NONE', *, *, #635, .F. ) ;
#838 =( LENGTH_UNIT ( ) NAMED_UNIT ( * ) SI_UNIT ( .MILLI., .METRE. ) );
#839 = VERTEX_POINT ( 'NONE', #675 ) ;
#840 = COLOUR_RGB ( '',0.7490196078431372600, 0.7490196078431372600, 0.7490196078431372600 ) ;
#841 = ORIENTED_EDGE ( 'NONE', *, *, #439, .T. ) ;
#842 = MECHANICAL_DESIGN_GEOMETRIC_PRESENTATION_REPRESENTATION (  '', ( #467 ), #963 ) ;
#843 = SURFACE_SIDE_STYLE ('',( #131 ) ) ;
#844 = EDGE_LOOP ( 'NONE', ( #1354, #564, #1379, #570 ) ) ;
#845 = PRODUCT_DEFINITION_SHAPE ( 'NONE', 'NONE',  #797 ) ;
#846 = PLANE ( 'NONE',  #1941 ) ;
#847 = DIRECTION ( 'NONE',  ( 1.000000000000000000, 1.226659391623182600E-016, -2.582440824469859600E-017 ) ) ;
#848 = MECHANICAL_DESIGN_GEOMETRIC_PRESENTATION_REPRESENTATION (  '', ( #594 ), #966 ) ;
#849 = DIRECTION ( 'NONE',  ( 0.0000000000000000000, 1.000000000000000000, -0.0000000000000000000 ) ) ;
#850 = CARTESIAN_POINT ( 'NONE',  ( 0.1499999999999999700, -3.200000000000000200, -2.799999999999999800 ) ) ;
#851 = VECTOR ( 'NONE', #1832, 1000.000000000000100 ) ;
#852 = DIRECTION ( 'NONE',  ( -0.0000000000000000000, -0.0000000000000000000, -1.000000000000000000 ) ) ;
#853 = SURFACE_STYLE_FILL_AREA ( #1122 ) ;
#854 = STYLED_ITEM ( 'NONE', ( #1208 ), #1245 ) ;
#855 = DIRECTION ( 'NONE',  ( -0.2017733089221277800, -0.2017733089221260300, 0.9584232173801049400 ) ) ;
#856 =( REPRESENTATION_RELATIONSHIP ('NONE','NONE', #363, #1952 ) REPRESENTATION_RELATIONSHIP_WITH_TRANSFORMATION ( #1065 )SHAPE_REPRESENTATION_RELATIONSHIP( ) );
#857 = CARTESIAN_POINT ( 'NONE',  ( 2.589999999999999900, 1.064999999999999900, 1.000000000000000000 ) ) ;
#858 = COLOUR_RGB ( '',0.1176470588235294100, 0.1176470588235294100, 0.1176470588235294100 ) ;
#859 = AXIS2_PLACEMENT_3D ( 'NONE', #1418, #329, #1615 ) ;
#860 = ORIENTED_EDGE ( 'NONE', *, *, #432, .T. ) ;
#861 = ORIENTED_EDGE ( 'NONE', *, *, #2286, .F. ) ;
#862 = ORIENTED_EDGE ( 'NONE', *, *, #927, .T. ) ;
#863 = ADVANCED_FACE ( 'NONE', ( #1950 ), #1177, .F. ) ;
#864 = CARTESIAN_POINT ( 'NONE',  ( 3.250000000000000400, -2.199999999999999700, 0.7249999999999999800 ) ) ;
#865 = CARTESIAN_POINT ( 'NONE',  ( 0.1499999999999999900, 2.640099048196850300, -2.925000000000000300 ) ) ;
#866 = MECHANICAL_DESIGN_GEOMETRIC_PRESENTATION_REPRESENTATION (  '', ( #618 ), #990 ) ;
#867 = UNCERTAINTY_MEASURE_WITH_UNIT (LENGTH_MEASURE( 1.000000000000000100E-005 ), #391, 'distance_accuracy_value', 'NONE');
#868 = ORIENTED_EDGE ( 'NONE', *, *, #2213, .T. ) ;
#869 = MECHANICAL_DESIGN_GEOMETRIC_PRESENTATION_REPRESENTATION (  '', ( #496 ), #993 ) ;
#870 = FILL_AREA_STYLE ('',( #1859 ) ) ;
#871 = ADVANCED_FACE ( 'NONE', ( #2203 ), #2033, .T. ) ;
#872 = EDGE_CURVE ( 'NONE', #1079, #2184, #245, .T. ) ;
#873 = FILL_AREA_STYLE_COLOUR ( '', #2325 ) ;
#874 = COLOUR_RGB ( '',0.1176470588235294100, 0.1176470588235294100, 0.1176470588235294100 ) ;
#875 =( NAMED_UNIT ( * ) SI_UNIT ( $, .STERADIAN. ) SOLID_ANGLE_UNIT ( ) );
#876 = PLANE ( 'NONE',  #1645 ) ;
#877 =( GEOMETRIC_REPRESENTATION_CONTEXT ( 3 ) GLOBAL_UNCERTAINTY_ASSIGNED_CONTEXT ( ( #1322 ) ) GLOBAL_UNIT_ASSIGNED_CONTEXT ( ( #248, #1541, #426 ) ) REPRESENTATION_CONTEXT ( 'NONE', 'WORKASPACE' ) );
#878 = EDGE_CURVE ( 'NONE', #636, #1960, #1603, .T. ) ;
#879 = PRESENTATION_STYLE_ASSIGNMENT (( #381 ) ) ;
#880 = SURFACE_SIDE_STYLE ('',( #1026 ) ) ;
#881 = CARTESIAN_POINT ( 'NONE',  ( 2.589999999999999900, 1.064999999999999900, 1.200000000000000000 ) ) ;
#882 = FACE_OUTER_BOUND ( 'NONE', #978, .T. ) ;
#883 = ADVANCED_FACE ( 'NONE', ( #547 ), #139, .F. ) ;
#884 = SURFACE_STYLE_USAGE ( .BOTH. , #1991 ) ;
#885 =( NAMED_UNIT ( * ) SI_UNIT ( $, .STERADIAN. ) SOLID_ANGLE_UNIT ( ) );
#886 = ORIENTED_EDGE ( 'NONE', *, *, #216, .F. ) ;
#887 = PRESENTATION_LAYER_ASSIGNMENT (  '', '', ( #762 ) ) ;
#888 = EDGE_CURVE ( 'NONE', #1193, #839, #44, .T. ) ;
#889 = ORIENTED_EDGE ( 'NONE', *, *, #643, .F. ) ;
#890 = ORIENTED_EDGE ( 'NONE', *, *, #932, .F. ) ;
#891 = CARTESIAN_POINT ( 'NONE',  ( 0.1499999999999999900, 2.697648572295269900, -2.799999999999999800 ) ) ;
#892 = DIRECTION ( 'NONE',  ( 0.0000000000000000000, 0.0000000000000000000, -1.000000000000000000 ) ) ;
#893 = CARTESIAN_POINT ( 'NONE',  ( 0.3190721488971339800, -3.200000000000000200, -3.049999999999999800 ) ) ;
#894 = CIRCLE ( 'NONE', #1217, 0.1499999999999999900 ) ;
#895 = ORIENTED_EDGE ( 'NONE', *, *, #1797, .T. ) ;
#896 = PLANE ( 'NONE',  #1679 ) ;
#897 = UNCERTAINTY_MEASURE_WITH_UNIT (LENGTH_MEASURE( 1.000000000000000100E-005 ), #241, 'distance_accuracy_value', 'NONE');
#898 = SURFACE_STYLE_USAGE ( .BOTH. , #2002 ) ;
#899 = SURFACE_STYLE_FILL_AREA ( #1543 ) ;
#900 = AXIS2_PLACEMENT_3D ( 'NONE', #1087, #2368, #1262 ) ;
#901 = SURFACE_SIDE_STYLE ('',( #1117 ) ) ;
#902 = ADVANCED_FACE ( 'NONE', ( #2319 ), #560, .T. ) ;
#903 = PRESENTATION_LAYER_ASSIGNMENT (  '', '', ( #777 ) ) ;
#904 = CARTESIAN_POINT ( 'NONE',  ( 3.250000000000000400, -2.200000000000000200, 0.7249999999999999800 ) ) ;
#905 = DIRECTION ( 'NONE',  ( -0.0000000000000000000, -1.000000000000000000, -0.0000000000000000000 ) ) ;
#906 = PLANE ( 'NONE',  #949 ) ;
#907 = CIRCLE ( 'NONE', #515, 0.1499999999999999700 ) ;
#908 =( NAMED_UNIT ( * ) PLANE_ANGLE_UNIT ( ) SI_UNIT ( $, .RADIAN. ) );
#909 = LINE ( 'NONE', #440, #931 ) ;
#910 = MECHANICAL_DESIGN_GEOMETRIC_PRESENTATION_REPRESENTATION (  '', ( #1273 ), #1046 ) ;
#911 = PRESENTATION_STYLE_ASSIGNMENT (( #1498 ) ) ;
#912 = CIRCLE ( 'NONE', #34, 0.07500000000000001100 ) ;
#913 = DIRECTION ( 'NONE',  ( 2.924945967015381700E-016, -0.9785497849867490500, -0.2060104810498420100 ) ) ;
#914 = FACE_OUTER_BOUND ( 'NONE', #1496, .T. ) ;
#915 = STYLED_ITEM ( 'NONE', ( #730 ), #305 ) ;
#916 = ORIENTED_EDGE ( 'NONE', *, *, #1790, .F. ) ;
#917 = ADVANCED_BREP_SHAPE_REPRESENTATION ( '', ( #642, #1465 ), #1223 ) ;
#918 = ORIENTED_EDGE ( 'NONE', *, *, #1755, .T. ) ;
#919 = LINE ( 'NONE', #1583, #662 ) ;
#920 = AXIS2_PLACEMENT_3D ( 'NONE', #2237, #1136, #32 ) ;
#921 = VECTOR ( 'NONE', #550, 1000.000000000000000 ) ;
#922 = EDGE_LOOP ( 'NONE', ( #1553, #2244, #1985, #379 ) ) ;
#923 = FILL_AREA_STYLE_COLOUR ( '', #1497 ) ;
#924 = CARTESIAN_POINT ( 'NONE',  ( 2.589999999999999900, 1.064999999999999900, 1.000000000000000000 ) ) ;
#925 = DIRECTION ( 'NONE',  ( 0.0000000000000000000, -1.000000000000000000, -0.0000000000000000000 ) ) ;
#926 = MECHANICAL_DESIGN_GEOMETRIC_PRESENTATION_REPRESENTATION (  '', ( #549 ), #1061 ) ;
#927 = EDGE_CURVE ( 'NONE', #225, #1324, #1977, .T. ) ;
#928 = LINE ( 'NONE', #2198, #982 ) ;
#929 = CARTESIAN_POINT ( 'NONE',  ( 0.0000000000000000000, 2.640099048196850300, -3.049999999999999800 ) ) ;
#930 = PRESENTATION_LAYER_ASSIGNMENT (  '', '', ( #696 ) ) ;
#931 = VECTOR ( 'NONE', #1916, 1000.000000000000100 ) ;
#932 = EDGE_CURVE ( 'NONE', #1535, #1079, #505, .T. ) ;
#933 = DIRECTION ( 'NONE',  ( -0.9785497849867490500, 0.0000000000000000000, 0.2060104810498420100 ) ) ;
#934 = CARTESIAN_POINT ( 'NONE',  ( 2.259999999999999800, 1.064999999999999900, 1.000000000000000000 ) ) ;
#935 = CARTESIAN_POINT ( 'NONE',  ( 2.259999999999999800, 1.064999999999999900, 1.200000000000000000 ) ) ;
#936 = SURFACE_STYLE_USAGE ( .BOTH. , #395 ) ;
#937 = PRESENTATION_STYLE_ASSIGNMENT (( #2101 ) ) ;
#938 = COLOUR_RGB ( '',0.1176470588235294100, 0.1176470588235294100, 0.1176470588235294100 ) ;
#939 =( NAMED_UNIT ( * ) SI_UNIT ( $, .STERADIAN. ) SOLID_ANGLE_UNIT ( ) );
#940 = FACE_OUTER_BOUND ( 'NONE', #668, .T. ) ;
#941 = LINE ( 'NONE', #2030, #2356 ) ;
#942 = AXIS2_PLACEMENT_3D ( 'NONE', #1801, #1434, #158 ) ;
#943 = PRESENTATION_STYLE_ASSIGNMENT (( #1552 ) ) ;
#944 = CARTESIAN_POINT ( 'NONE',  ( 2.589999999999999900, 1.064999999999999900, 1.200000000000000000 ) ) ;
#945 = COLOUR_RGB ( '',0.7490196078431372600, 0.7490196078431372600, 0.7490196078431372600 ) ;
#946 =( NAMED_UNIT ( * ) SI_UNIT ( $, .STERADIAN. ) SOLID_ANGLE_UNIT ( ) );
#947 = ITEM_DEFINED_TRANSFORMATION ( 'NONE', 'NONE', #1781,  #1465 ) ;
#948 = VERTEX_POINT ( 'NONE', #1811 ) ;
#949 = AXIS2_PLACEMENT_3D ( 'NONE', #2226, #913, #1650 ) ;
#950 = FILL_AREA_STYLE ('',( #1494 ) ) ;
#951 = EDGE_LOOP ( 'NONE', ( #1242, #49, #1383, #487 ) ) ;
#952 =( GEOMETRIC_REPRESENTATION_CONTEXT ( 3 ) GLOBAL_UNCERTAINTY_ASSIGNED_CONTEXT ( ( #219 ) ) GLOBAL_UNIT_ASSIGNED_CONTEXT ( ( #838, #2125, #1025 ) ) REPRESENTATION_CONTEXT ( 'NONE', 'WORKASPACE' ) );
#953 = EDGE_LOOP ( 'NONE', ( #396, #205, #349, #803, #774, #1983, #868, #2332, #1468, #1015, #626, #630 ) ) ;
#954 = ORIENTED_EDGE ( 'NONE', *, *, #1564, .T. ) ;
#955 =( LENGTH_UNIT ( ) NAMED_UNIT ( * ) SI_UNIT ( .MILLI., .METRE. ) );
#956 = ORIENTED_EDGE ( 'NONE', *, *, #326, .F. ) ;
#957 = CARTESIAN_POINT ( 'NONE',  ( 0.0000000000000000000, -2.640099048196850300, -3.049999999999999800 ) ) ;
#958 = PRODUCT_DEFINITION_CONTEXT ( 'detailed design', #992, 'design' ) ;
#959 = EDGE_CURVE ( 'NONE', #611, #1351, #1069, .T. ) ;
#960 = CARTESIAN_POINT ( 'NONE',  ( 0.1499999999999999900, -2.697648572295269900, -2.799999999999999800 ) ) ;
#961 = CARTESIAN_POINT ( 'NONE',  ( 0.6500000000000001300, 0.0000000000000000000, 0.0000000000000000000 ) ) ;
#962 = FILL_AREA_STYLE_COLOUR ( '', #945 ) ;
#963 =( GEOMETRIC_REPRESENTATION_CONTEXT ( 3 ) GLOBAL_UNCERTAINTY_ASSIGNED_CONTEXT ( ( #614 ) ) GLOBAL_UNIT_ASSIGNED_CONTEXT ( ( #1337, #132, #1300 ) ) REPRESENTATION_CONTEXT ( 'NONE', 'WORKASPACE' ) );
#964 = DIRECTION ( 'NONE',  ( -0.0000000000000000000, -0.0000000000000000000, 1.000000000000000000 ) ) ;
#965 = CARTESIAN_POINT ( 'NONE',  ( 0.1499999999999999900, -2.697648572295269900, -2.925000000000000300 ) ) ;
#966 =( GEOMETRIC_REPRESENTATION_CONTEXT ( 3 ) GLOBAL_UNCERTAINTY_ASSIGNED_CONTEXT ( ( #317 ) ) GLOBAL_UNIT_ASSIGNED_CONTEXT ( ( #436, #1727, #625 ) ) REPRESENTATION_CONTEXT ( 'NONE', 'WORKASPACE' ) );
#967 = DIRECTION ( 'NONE',  ( 1.000000000000000000, 0.0000000000000000000, 0.0000000000000000000 ) ) ;
#968 = FILL_AREA_STYLE_COLOUR ( '', #1041 ) ;
#969 = VECTOR ( 'NONE', #2140, 1000.000000000000000 ) ;
#970 = DIRECTION ( 'NONE',  ( -1.281026566875180000E-016, 1.000000000000000000, 0.0000000000000000000 ) ) ;
#971 =( LENGTH_UNIT ( ) NAMED_UNIT ( * ) SI_UNIT ( .MILLI., .METRE. ) );
#972 = VERTEX_POINT ( 'NONE', #1271 ) ;
#973 = VECTOR ( 'NONE', #1321, 999.9999999999997700 ) ;
#974 = AXIS2_PLACEMENT_3D ( 'NONE', #2040, #933, #2222 ) ;
#975 = DIRECTION ( 'NONE',  ( 0.0000000000000000000, 1.000000000000000000, 0.0000000000000000000 ) ) ;
#976 = ORIENTED_EDGE ( 'NONE', *, *, #13, .T. ) ;
#977 = ORIENTED_EDGE ( 'NONE', *, *, #1738, .F. ) ;
#978 = EDGE_LOOP ( 'NONE', ( #1381, #2111, #2185, #719 ) ) ;
#979 = FILL_AREA_STYLE_COLOUR ( '', #495 ) ;
#980 = SURFACE_SIDE_STYLE ('',( #71 ) ) ;
#981 = AXIS2_PLACEMENT_3D ( 'NONE', #489, #1773, #680 ) ;
#982 = VECTOR ( 'NONE', #1109, 1000.000000000000000 ) ;
#983 = ORIENTED_EDGE ( 'NONE', *, *, #809, .F. ) ;
#984 = PRODUCT_CONTEXT ( 'NONE', #800, 'mechanical' ) ;
#985 = VERTEX_POINT ( 'NONE', #168 ) ;
#986 = DIRECTION ( 'NONE',  ( -0.0000000000000000000, -0.0000000000000000000, -1.000000000000000000 ) ) ;
#987 =( NAMED_UNIT ( * ) PLANE_ANGLE_UNIT ( ) SI_UNIT ( $, .RADIAN. ) );
#988 = SURFACE_STYLE_FILL_AREA ( #1908 ) ;
#989 = CARTESIAN_POINT ( 'NONE',  ( 0.5999999999999999800, 2.100000000000000100, -2.799999999999999800 ) ) ;
#990 =( GEOMETRIC_REPRESENTATION_CONTEXT ( 3 ) GLOBAL_UNCERTAINTY_ASSIGNED_CONTEXT ( ( #538 ) ) GLOBAL_UNIT_ASSIGNED_CONTEXT ( ( #311, #1605, #492 ) ) REPRESENTATION_CONTEXT ( 'NONE', 'WORKASPACE' ) );
#991 = DIRECTION ( 'NONE',  ( 0.9785497849867490500, 1.234555115948050000E-016, -0.2060104810498420100 ) ) ;
#992 = APPLICATION_CONTEXT ( 'automotive_design' ) ;
#993 =( GEOMETRIC_REPRESENTATION_CONTEXT ( 3 ) GLOBAL_UNCERTAINTY_ASSIGNED_CONTEXT ( ( #1503 ) ) GLOBAL_UNIT_ASSIGNED_CONTEXT ( ( #2300, #821, #2103 ) ) REPRESENTATION_CONTEXT ( 'NONE', 'WORKASPACE' ) );
#994 =( LENGTH_UNIT ( ) NAMED_UNIT ( * ) SI_UNIT ( .MILLI., .METRE. ) );
#995 = SURFACE_STYLE_FILL_AREA ( #533 ) ;
#996 = DIRECTION ( 'NONE',  ( -0.0000000000000000000, 0.0000000000000000000, -1.000000000000000000 ) ) ;
#997 = DIRECTION ( 'NONE',  ( 0.0000000000000000000, 0.0000000000000000000, 1.000000000000000000 ) ) ;
#998 = LINE ( 'NONE', #2022, #1559 ) ;
#999 = CARTESIAN_POINT ( 'NONE',  ( 0.6388228567653779800, 2.509119358484690000, -3.049999999999999800 ) ) ;
#1000 = PRESENTATION_STYLE_ASSIGNMENT (( #1204 ) ) ;
#1001 = EDGE_CURVE ( 'NONE', #1492, #661, #1236, .T. ) ;
#1002 = DIRECTION ( 'NONE',  ( 0.0000000000000000000, 0.0000000000000000000, 1.000000000000000000 ) ) ;
#1003 =( NAMED_UNIT ( * ) PLANE_ANGLE_UNIT ( ) SI_UNIT ( $, .RADIAN. ) );
#1004 = FACE_OUTER_BOUND ( 'NONE', #378, .T. ) ;
#1005 = CARTESIAN_POINT ( 'NONE',  ( 0.5999999999999999800, 2.306680960442910200, -2.925000000000000300 ) ) ;
#1006 = DIRECTION ( 'NONE',  ( 1.000000000000000000, 0.0000000000000000000, 0.0000000000000000000 ) ) ;
#1007 = ORIENTED_EDGE ( 'NONE', *, *, #1449, .F. ) ;
#1008 = ORIENTED_EDGE ( 'NONE', *, *, #1755, .F. ) ;
#1009 = VECTOR ( 'NONE', #986, 1000.000000000000000 ) ;
#1010 = AXIS2_PLACEMENT_3D ( 'NONE', #441, #1731, #627 ) ;
#1011 = ORIENTED_EDGE ( 'NONE', *, *, #2376, .F. ) ;
#1012 = VERTEX_POINT ( 'NONE', #2011 ) ;
#1013 = EDGE_CURVE ( 'NONE', #321, #225, #77, .T. ) ;
#1014 = CARTESIAN_POINT ( 'NONE',  ( -3.149999999999999900, 2.100000000000000100, 1.199999999999999700 ) ) ;
#1015 = ORIENTED_EDGE ( 'NONE', *, *, #1674, .F. ) ;
#1016 = CARTESIAN_POINT ( 'NONE',  ( 2.589999999999999900, 1.064999999999999900, 1.000000000000000000 ) ) ;
#1017 = FILL_AREA_STYLE ('',( #639 ) ) ;
#1018 = ORIENTED_EDGE ( 'NONE', *, *, #727, .F. ) ;
#1019 = FILL_AREA_STYLE_COLOUR ( '', #2202 ) ;
#1020 = ORIENTED_EDGE ( 'NONE', *, *, #1264, .T. ) ;
#1021 = MECHANICAL_DESIGN_GEOMETRIC_PRESENTATION_REPRESENTATION (  '', ( #762 ), #1134 ) ;
#1022 = EDGE_CURVE ( 'NONE', #318, #1495, #2068, .T. ) ;
#1023 = PRESENTATION_STYLE_ASSIGNMENT (( #936 ) ) ;
#1024 = CARTESIAN_POINT ( 'NONE',  ( 0.1499999999999999900, -2.697648572295269900, -2.925000000000000300 ) ) ;
#1025 =( NAMED_UNIT ( * ) SI_UNIT ( $, .STERADIAN. ) SOLID_ANGLE_UNIT ( ) );
#1026 = SURFACE_STYLE_FILL_AREA ( #162 ) ;
#1027 = FILL_AREA_STYLE ('',( #453 ) ) ;
#1028 = PRESENTATION_LAYER_ASSIGNMENT (  '', '', ( #771 ) ) ;
#1029 =( LENGTH_UNIT ( ) NAMED_UNIT ( * ) SI_UNIT ( .MILLI., .METRE. ) );
#1030 = LINE ( 'NONE', #893, #161 ) ;
#1031 = MECHANICAL_DESIGN_GEOMETRIC_PRESENTATION_REPRESENTATION (  '', ( #777 ), #1151 ) ;
#1032 = FILL_AREA_STYLE_COLOUR ( '', #722 ) ;
#1033 = CARTESIAN_POINT ( 'NONE',  ( 2.919999999999999900, 1.064999999999999900, 1.200000000000000000 ) ) ;
#1034 = STYLED_ITEM ( 'NONE', ( #68 ), #1791 ) ;
#1035 = LINE ( 'NONE', #2126, #592 ) ;
#1036 = COLOUR_RGB ( '',0.7490196078431372600, 0.7490196078431372600, 0.7490196078431372600 ) ;
#1037 = SURFACE_STYLE_FILL_AREA ( #484 ) ;
#1038 = FILL_AREA_STYLE ('',( #1757 ) ) ;
#1039 = PRODUCT_DEFINITION_SHAPE ( 'NONE', 'NONE',  #2390 ) ;
#1040 = PLANE ( 'NONE',  #289 ) ;
#1041 = COLOUR_RGB ( '',0.7490196078431372600, 0.7490196078431372600, 0.7490196078431372600 ) ;
#1042 = CARTESIAN_POINT ( 'NONE',  ( 0.3190721488971339800, -2.618681122833390200, -2.799999999999999800 ) ) ;
#1043 = CARTESIAN_POINT ( 'NONE',  ( 0.6388228567653780900, 2.509119358484690000, -3.049999999999999800 ) ) ;
#1044 = VERTEX_POINT ( 'NONE', #493 ) ;
#1045 = CYLINDRICAL_SURFACE ( 'NONE', #1314, 0.1499999999999999900 ) ;
#1046 =( GEOMETRIC_REPRESENTATION_CONTEXT ( 3 ) GLOBAL_UNCERTAINTY_ASSIGNED_CONTEXT ( ( #238 ) ) GLOBAL_UNIT_ASSIGNED_CONTEXT ( ( #2110, #1003, #2290 ) ) REPRESENTATION_CONTEXT ( 'NONE', 'WORKASPACE' ) );
#1047 = ORIENTED_EDGE ( 'NONE', *, *, #216, .T. ) ;
#1048 = VERTEX_POINT ( 'NONE', #684 ) ;
#1049 = FILL_AREA_STYLE ('',( #316 ) ) ;
#1050 = PRESENTATION_LAYER_ASSIGNMENT (  '', '', ( #915 ) ) ;
#1051 = LINE ( 'NONE', #1661, #58 ) ;
#1052 = ADVANCED_FACE ( 'NONE', ( #477, #2130 ), #896, .T. ) ;
#1053 = DIRECTION ( 'NONE',  ( 1.000000000000000000, 0.0000000000000000000, 0.0000000000000000000 ) ) ;
#1054 = PRODUCT_DEFINITION ( 'UNKNOWN', '', #1172, #223 ) ;
#1055 = AXIS2_PLACEMENT_3D ( 'NONE', #1318, #220, #1511 ) ;
#1056 = ADVANCED_FACE ( 'NONE', ( #1260 ), #1060, .T. ) ;
#1057 = CARTESIAN_POINT ( 'NONE',  ( 2.919999999999999900, 1.064999999999999900, 1.000000000000000000 ) ) ;
#1058 = SURFACE_STYLE_FILL_AREA ( #1618 ) ;
#1059 = DIRECTION ( 'NONE',  ( 0.0000000000000000000, 0.0000000000000000000, 1.000000000000000000 ) ) ;
#1060 = PLANE ( 'NONE',  #31 ) ;
#1061 =( GEOMETRIC_REPRESENTATION_CONTEXT ( 3 ) GLOBAL_UNCERTAINTY_ASSIGNED_CONTEXT ( ( #1585 ) ) GLOBAL_UNIT_ASSIGNED_CONTEXT ( ( #759, #2054, #946 ) ) REPRESENTATION_CONTEXT ( 'NONE', 'WORKASPACE' ) );
#1062 = EDGE_CURVE ( 'NONE', #948, #1290, #2204, .T. ) ;
#1063 = LINE ( 'NONE', #2379, #1946 ) ;
#1064 = PRESENTATION_STYLE_ASSIGNMENT (( #1488 ) ) ;
#1065 = ITEM_DEFINED_TRANSFORMATION ( 'NONE', 'NONE', #52,  #1465 ) ;
#1066 = ADVANCED_FACE ( 'NONE', ( #224 ), #2357, .F. ) ;
#1067 = FILL_AREA_STYLE_COLOUR ( '', #428 ) ;
#1068 = CARTESIAN_POINT ( 'NONE',  ( 0.5444114283826891900, 2.379125397414590700, -2.925000000000000300 ) ) ;
#1069 = CIRCLE ( 'NONE', #823, 0.1499999999999999700 ) ;
#1070 = MECHANICAL_DESIGN_GEOMETRIC_PRESENTATION_REPRESENTATION (  '', ( #696 ), #1190 ) ;
#1071 = EDGE_CURVE ( 'NONE', #1012, #1107, #1398, .T. ) ;
#1072 = FACE_OUTER_BOUND ( 'NONE', #749, .T. ) ;
#1073 =( LENGTH_UNIT ( ) NAMED_UNIT ( * ) SI_UNIT ( .MILLI., .METRE. ) );
#1074 = ORIENTED_EDGE ( 'NONE', *, *, #635, .T. ) ;
#1075 = CIRCLE ( 'NONE', #1010, 0.07499999999999998300 ) ;
#1076 = DIRECTION ( 'NONE',  ( 0.0000000000000000000, 0.0000000000000000000, -1.000000000000000000 ) ) ;
#1077 = ORIENTED_EDGE ( 'NONE', *, *, #1491, .F. ) ;
#1078 = CARTESIAN_POINT ( 'NONE',  ( 0.1111771432346219900, -2.495210174253479800, -2.925000000000000300 ) ) ;
#1079 = VERTEX_POINT ( 'NONE', #1813 ) ;
#1080 = PRESENTATION_LAYER_ASSIGNMENT (  '', '', ( #704 ) ) ;
#1081 = ADVANCED_FACE ( 'NONE', ( #914 ), #876, .T. ) ;
#1082 = PRESENTATION_LAYER_ASSIGNMENT (  '', '', ( #828 ) ) ;
#1083 = DIRECTION ( 'NONE',  ( 0.0000000000000000000, 0.0000000000000000000, -1.000000000000000000 ) ) ;
#1084 = LINE ( 'NONE', #445, #2056 ) ;
#1085 = PRESENTATION_LAYER_ASSIGNMENT (  '', '', ( #1205 ) ) ;
#1086 =( NAMED_UNIT ( * ) PLANE_ANGLE_UNIT ( ) SI_UNIT ( $, .RADIAN. ) );
#1087 = CARTESIAN_POINT ( 'NONE',  ( 0.0000000000000000000, -3.200000000000000200, -2.925000000000000300 ) ) ;
#1088 = CARTESIAN_POINT ( 'NONE',  ( 0.5250000000000000200, -2.306680960442910200, -3.049999999999999800 ) ) ;
#1089 = EDGE_CURVE ( 'NONE', #1898, #1048, #1237, .T. ) ;
#1090 = PLANE ( 'NONE',  #163 ) ;
#1091 = ADVANCED_FACE ( 'NONE', ( #251 ), #724, .T. ) ;
#1092 = VECTOR ( 'NONE', #2251, 1000.000000000000000 ) ;
#1093 =( NAMED_UNIT ( * ) PLANE_ANGLE_UNIT ( ) SI_UNIT ( $, .RADIAN. ) );
#1094 = CONTEXT_DEPENDENT_SHAPE_REPRESENTATION ( #116, #729 ) ;
#1095 = UNCERTAINTY_MEASURE_WITH_UNIT (LENGTH_MEASURE( 1.000000000000000100E-005 ), #1412, 'distance_accuracy_value', 'NONE');
#1096 = PRESENTATION_STYLE_ASSIGNMENT (( #1802 ) ) ;
#1097 = DIRECTION ( 'NONE',  ( 1.261617073437680000E-016, -1.000000000000000000, -0.0000000000000000000 ) ) ;
#1098 = FILL_AREA_STYLE ('',( #159 ) ) ;
#1099 = ORIENTED_EDGE ( 'NONE', *, *, #1564, .F. ) ;
#1100 = PRESENTATION_STYLE_ASSIGNMENT (( #1336 ) ) ;
#1101 = FILL_AREA_STYLE_COLOUR ( '', #1736 ) ;
#1102 = VERTEX_POINT ( 'NONE', #529 ) ;
#1103 = ORIENTED_EDGE ( 'NONE', *, *, #507, .F. ) ;
#1104 = PRESENTATION_STYLE_ASSIGNMENT (( #1805 ) ) ;
#1105 = CARTESIAN_POINT ( 'NONE',  ( 0.6388228567653780900, -2.509119358484690000, -2.799999999999999800 ) ) ;
#1106 = SURFACE_STYLE_FILL_AREA ( #1448 ) ;
#1107 = VERTEX_POINT ( 'NONE', #1105 ) ;
#1108 = PRESENTATION_LAYER_ASSIGNMENT (  '', '', ( #854 ) ) ;
#1109 = DIRECTION ( 'NONE',  ( -0.0000000000000000000, 0.0000000000000000000, -1.000000000000000000 ) ) ;
#1110 = DIRECTION ( 'NONE',  ( 0.0000000000000000000, 0.0000000000000000000, 1.000000000000000000 ) ) ;
#1111 = AXIS2_PLACEMENT_3D ( 'NONE', #2165, #1076, #2353 ) ;
#1112 = DIRECTION ( 'NONE',  ( -0.0000000000000000000, -0.0000000000000000000, 1.000000000000000000 ) ) ;
#1113 = DIRECTION ( 'NONE',  ( 0.0000000000000000000, 0.0000000000000000000, 1.000000000000000000 ) ) ;
#1114 = PRESENTATION_LAYER_ASSIGNMENT (  '', '', ( #1243 ) ) ;
#1115 = PRESENTATION_STYLE_ASSIGNMENT (( #1276 ) ) ;
#1116 = CARTESIAN_POINT ( 'NONE',  ( 0.1111771432346221100, 2.495210174253479800, -2.799999999999999800 ) ) ;
#1117 = SURFACE_STYLE_FILL_AREA ( #542 ) ;
#1118 = DIRECTION ( 'NONE',  ( 0.2060104810498420100, 0.0000000000000000000, -0.9785497849867490500 ) ) ;
#1119 = ITEM_DEFINED_TRANSFORMATION ( 'NONE', 'NONE', #2196,  #1465 ) ;
#1120 = ORIENTED_EDGE ( 'NONE', *, *, #104, .T. ) ;
#1121 = ORIENTED_EDGE ( 'NONE', *, *, #878, .F. ) ;
#1122 = FILL_AREA_STYLE ('',( #10 ) ) ;
#1123 = ORIENTED_EDGE ( 'NONE', *, *, #888, .F. ) ;
#1124 = DIRECTION ( 'NONE',  ( 0.2017733089221295500, -0.2017733089221278000, 0.9584232173801042800 ) ) ;
#1125 = EDGE_CURVE ( 'NONE', #233, #1598, #998, .T. ) ;
#1126 = EDGE_LOOP ( 'NONE', ( #1103, #861, #206, #237 ) ) ;
#1127 = CARTESIAN_POINT ( 'NONE',  ( 0.3190721488971339800, -2.618681122833390200, -3.049999999999999800 ) ) ;
#1128 =( NAMED_UNIT ( * ) SI_UNIT ( $, .STERADIAN. ) SOLID_ANGLE_UNIT ( ) );
#1129 = DIRECTION ( 'NONE',  ( 1.000000000000000000, 0.0000000000000000000, -0.0000000000000000000 ) ) ;
#1130 = AXIS2_PLACEMENT_3D ( 'NONE', #63, #1352, #253 ) ;
#1131 = EDGE_CURVE ( 'NONE', #636, #1102, #2039, .T. ) ;
#1132 = FACE_OUTER_BOUND ( 'NONE', #1473, .T. ) ;
#1133 = SURFACE_STYLE_USAGE ( .BOTH. , #2235 ) ;
#1134 =( GEOMETRIC_REPRESENTATION_CONTEXT ( 3 ) GLOBAL_UNCERTAINTY_ASSIGNED_CONTEXT ( ( #1787 ) ) GLOBAL_UNIT_ASSIGNED_CONTEXT ( ( #28, #1313, #217 ) ) REPRESENTATION_CONTEXT ( 'NONE', 'WORKASPACE' ) );
#1135 = EDGE_CURVE ( 'NONE', #1835, #2311, #501, .T. ) ;
#1136 = DIRECTION ( 'NONE',  ( 0.0000000000000000000, 0.0000000000000000000, 1.000000000000000000 ) ) ;
#1137 =( NAMED_UNIT ( * ) SI_UNIT ( $, .STERADIAN. ) SOLID_ANGLE_UNIT ( ) );
#1138 = CARTESIAN_POINT ( 'NONE',  ( 0.1111771432346219800, -2.495210174253479800, -3.049999999999999800 ) ) ;
#1139 = EDGE_LOOP ( 'NONE', ( #2158, #56, #181, #509 ) ) ;
#1140 = LINE ( 'NONE', #666, #106 ) ;
#1141 = MECHANICAL_DESIGN_GEOMETRIC_PRESENTATION_REPRESENTATION (  '', ( #771 ), #1272 ) ;
#1142 = DIRECTION ( 'NONE',  ( 0.0000000000000000000, 1.000000000000000000, 0.0000000000000000000 ) ) ;
#1143 = FILL_AREA_STYLE ('',( #962 ) ) ;
#1144 = FILL_AREA_STYLE_COLOUR ( '', #1558 ) ;
#1145 = VECTOR ( 'NONE', #1097, 1000.000000000000000 ) ;
#1146 = DIRECTION ( 'NONE',  ( 0.0000000000000000000, 0.0000000000000000000, 1.000000000000000000 ) ) ;
#1147 = PRODUCT_DEFINITION_SHAPE ( 'NONE', 'NONE',  #2383 ) ;
#1148 = UNCERTAINTY_MEASURE_WITH_UNIT (LENGTH_MEASURE( 1.000000000000000100E-005 ), #229, 'distance_accuracy_value', 'NONE');
#1149 = VERTEX_POINT ( 'NONE', #1282 ) ;
#1150 = ORIENTED_EDGE ( 'NONE', *, *, #1692, .F. ) ;
#1151 =( GEOMETRIC_REPRESENTATION_CONTEXT ( 3 ) GLOBAL_UNCERTAINTY_ASSIGNED_CONTEXT ( ( #1523 ) ) GLOBAL_UNIT_ASSIGNED_CONTEXT ( ( #994, #2283, #1185 ) ) REPRESENTATION_CONTEXT ( 'NONE', 'WORKASPACE' ) );
#1152 = FACE_OUTER_BOUND ( 'NONE', #1403, .T. ) ;
#1153 = CARTESIAN_POINT ( 'NONE',  ( 0.5999999999999999800, -2.364230484541329800, -2.925000000000000300 ) ) ;
#1154 = ORIENTED_EDGE ( 'NONE', *, *, #2042, .T. ) ;
#1155 = SURFACE_STYLE_FILL_AREA ( #2314 ) ;
#1156 = AXIS2_PLACEMENT_3D ( 'NONE', #1024, #2305, #1206 ) ;
#1157 = SHAPE_REPRESENTATION ( 'User Library-TSSOP-20-2__X2_041C04350442043A0430_X0_', ( #1465 ), #2083 ) ;
#1158 = CARTESIAN_POINT ( 'NONE',  ( 3.899999999999999900, 0.0000000000000000000, 0.0000000000000000000 ) ) ;
#1159 = FILL_AREA_STYLE ('',( #968 ) ) ;
#1160 = VECTOR ( 'NONE', #1302, 1000.000000000000100 ) ;
#1161 =( LENGTH_UNIT ( ) NAMED_UNIT ( * ) SI_UNIT ( .MILLI., .METRE. ) );
#1162 =( NAMED_UNIT ( * ) SI_UNIT ( $, .STERADIAN. ) SOLID_ANGLE_UNIT ( ) );
#1163 = DIRECTION ( 'NONE',  ( 0.0000000000000000000, -0.2060104810498420100, 0.9785497849867490500 ) ) ;
#1164 = FACE_OUTER_BOUND ( 'NONE', #1870, .T. ) ;
#1165 =( NAMED_UNIT ( * ) PLANE_ANGLE_UNIT ( ) SI_UNIT ( $, .RADIAN. ) );
#1166 = MECHANICAL_DESIGN_GEOMETRIC_PRESENTATION_REPRESENTATION (  '', ( #915 ), #1286 ) ;
#1167 = PRESENTATION_STYLE_ASSIGNMENT (( #1793 ) ) ;
#1168 = FILL_AREA_STYLE ('',( #583 ) ) ;
#1169 = CARTESIAN_POINT ( 'NONE',  ( 0.5999999999999999800, 2.100000000000000100, -3.049999999999999800 ) ) ;
#1170 =( LENGTH_UNIT ( ) NAMED_UNIT ( * ) SI_UNIT ( .MILLI., .METRE. ) );
#1171 = LINE ( 'NONE', #1578, #1769 ) ;
#1172 = PRODUCT_DEFINITION_FORMATION_WITH_SPECIFIED_SOURCE ( 'ANY', '', #1704, .NOT_KNOWN. ) ;
#1173 = AXIS2_PLACEMENT_3D ( 'NONE', #401, #1689, #587 ) ;
#1174 = APPLICATION_PROTOCOL_DEFINITION ( 'draft international standard', 'automotive_design', 1998, #2269 ) ;
#1175 = VECTOR ( 'NONE', #1325, 1000.000000000000000 ) ;
#1176 = CONTEXT_DEPENDENT_SHAPE_REPRESENTATION ( #479, #1039 ) ;
#1177 = CYLINDRICAL_SURFACE ( 'NONE', #1356, 0.3300000000000000200 ) ;
#1178 = DIRECTION ( 'NONE',  ( -0.0000000000000000000, -0.0000000000000000000, -1.000000000000000000 ) ) ;
#1179 = LINE ( 'NONE', #2248, #2152 ) ;
#1180 = AXIS2_PLACEMENT_3D ( 'NONE', #215, #1502, #394 ) ;
#1181 = EDGE_CURVE ( 'NONE', #770, #813, #941, .T. ) ;
#1182 =( REPRESENTATION_RELATIONSHIP ('NONE','NONE', #363, #2118 ) REPRESENTATION_RELATIONSHIP_WITH_TRANSFORMATION ( #1750 )SHAPE_REPRESENTATION_RELATIONSHIP( ) );
#1183 = ORIENTED_EDGE ( 'NONE', *, *, #194, .T. ) ;
#1184 = FACE_OUTER_BOUND ( 'NONE', #2082, .T. ) ;
#1185 =( NAMED_UNIT ( * ) SI_UNIT ( $, .STERADIAN. ) SOLID_ANGLE_UNIT ( ) );
#1186 = VERTEX_POINT ( 'NONE', #183 ) ;
#1187 = SURFACE_SIDE_STYLE ('',( #1789 ) ) ;
#1188 = ORIENTED_EDGE ( 'NONE', *, *, #272, .F. ) ;
#1189 = DIRECTION ( 'NONE',  ( -0.2017733089221278000, -0.2017733089221278000, -0.9584232173801046100 ) ) ;
#1190 =( GEOMETRIC_REPRESENTATION_CONTEXT ( 3 ) GLOBAL_UNCERTAINTY_ASSIGNED_CONTEXT ( ( #1513 ) ) GLOBAL_UNIT_ASSIGNED_CONTEXT ( ( #2019, #908, #2195 ) ) REPRESENTATION_CONTEXT ( 'NONE', 'WORKASPACE' ) );
#1191 = PLANE ( 'NONE',  #621 ) ;
#1192 = EDGE_CURVE ( 'NONE', #1838, #536, #1427, .T. ) ;
#1193 = VERTEX_POINT ( 'NONE', #1478 ) ;
#1194 = DIRECTION ( 'NONE',  ( 0.0000000000000000000, 0.0000000000000000000, -1.000000000000000000 ) ) ;
#1195 = UNCERTAINTY_MEASURE_WITH_UNIT (LENGTH_MEASURE( 1.000000000000000100E-005 ), #754, 'distance_accuracy_value', 'NONE');
#1196 = CARTESIAN_POINT ( 'NONE',  ( 0.7499999999999998900, 2.364230484541329800, -2.925000000000000300 ) ) ;
#1197 = ORIENTED_EDGE ( 'NONE', *, *, #1022, .T. ) ;
#1198 = DIRECTION ( 'NONE',  ( 0.0000000000000000000, 0.0000000000000000000, -1.000000000000000000 ) ) ;
#1199 = FILL_AREA_STYLE ('',( #2292 ) ) ;
#1200 = MECHANICAL_DESIGN_GEOMETRIC_PRESENTATION_REPRESENTATION (  '', ( #704 ), #1306 ) ;
#1201 = CARTESIAN_POINT ( 'NONE',  ( 0.0000000000000000000, 3.200000000000000200, -3.049999999999999400 ) ) ;
#1202 = MECHANICAL_DESIGN_GEOMETRIC_PRESENTATION_REPRESENTATION (  '', ( #828 ), #1311 ) ;
#1203 = CARTESIAN_POINT ( 'NONE',  ( 0.0000000000000000000, 3.200000000000000200, -2.925000000000000300 ) ) ;
#1204 = SURFACE_STYLE_USAGE ( .BOTH. , #2298 ) ;
#1205 = STYLED_ITEM ( 'NONE', ( #539 ), #1630 ) ;
#1206 = DIRECTION ( 'NONE',  ( -1.381282807458380100E-016, -1.000000000000000000, 0.0000000000000000000 ) ) ;
#1207 = EDGE_CURVE ( 'NONE', #1222, #309, #451, .T. ) ;
#1208 = PRESENTATION_STYLE_ASSIGNMENT (( #385 ) ) ;
#1209 = CARTESIAN_POINT ( 'NONE',  ( 0.1499999999999999900, -2.640099048196850300, -2.925000000000000300 ) ) ;
#1210 = SHAPE_DEFINITION_REPRESENTATION ( #1879, #1157 ) ;
#1211 = DIRECTION ( 'NONE',  ( 0.0000000000000000000, 0.0000000000000000000, -1.000000000000000000 ) ) ;
#1212 = SURFACE_STYLE_USAGE ( .BOTH. , #2308 ) ;
#1213 = EDGE_LOOP ( 'NONE', ( #1667, #1327, #600, #2304 ) ) ;
#1214 = UNCERTAINTY_MEASURE_WITH_UNIT (LENGTH_MEASURE( 1.000000000000000100E-005 ), #784, 'distance_accuracy_value', 'NONE');
#1215 = UNCERTAINTY_MEASURE_WITH_UNIT (LENGTH_MEASURE( 1.000000000000000100E-005 ), #971, 'distance_accuracy_value', 'NONE');
#1216 = VERTEX_POINT ( 'NONE', #2035 ) ;
#1217 = AXIS2_PLACEMENT_3D ( 'NONE', #2159, #1211, #768 ) ;
#1218 = LINE ( 'NONE', #2321, #2186 ) ;
#1219 =( NAMED_UNIT ( * ) SI_UNIT ( $, .STERADIAN. ) SOLID_ANGLE_UNIT ( ) );
#1220 = SURFACE_SIDE_STYLE ('',( #1155 ) ) ;
#1221 = FACE_OUTER_BOUND ( 'NONE', #951, .T. ) ;
#1222 = VERTEX_POINT ( 'NONE', #1844 ) ;
#1223 =( GEOMETRIC_REPRESENTATION_CONTEXT ( 3 ) GLOBAL_UNCERTAINTY_ASSIGNED_CONTEXT ( ( #554 ) ) GLOBAL_UNIT_ASSIGNED_CONTEXT ( ( #446, #1735, #632 ) ) REPRESENTATION_CONTEXT ( 'NONE', 'WORKASPACE' ) );
#1224 = ORIENTED_EDGE ( 'NONE', *, *, #315, .F. ) ;
#1225 = SURFACE_STYLE_USAGE ( .BOTH. , #2318 ) ;
#1226 = DIRECTION ( 'NONE',  ( 1.000000000000000000, -0.0000000000000000000, 0.0000000000000000000 ) ) ;
#1227 = DIRECTION ( 'NONE',  ( -1.381282807458380100E-016, 1.000000000000000000, 0.0000000000000000000 ) ) ;
#1228 = UNCERTAINTY_MEASURE_WITH_UNIT (LENGTH_MEASURE( 1.000000000000000100E-005 ), #1029, 'distance_accuracy_value', 'NONE');
#1229 = MECHANICAL_DESIGN_GEOMETRIC_PRESENTATION_REPRESENTATION (  '', ( #854 ), #1341 ) ;
#1230 = UNCERTAINTY_MEASURE_WITH_UNIT (LENGTH_MEASURE( 1.000000000000000100E-005 ), #1423, 'distance_accuracy_value', 'NONE');
#1231 = SURFACE_STYLE_USAGE ( .BOTH. , #2329 ) ;
#1232 = ADVANCED_FACE ( 'NONE', ( #1486 ), #2215, .T. ) ;
#1233 = VECTOR ( 'NONE', #204, 1000.000000000000000 ) ;
#1234 = FILL_AREA_STYLE ('',( #1397 ) ) ;
#1235 = STYLED_ITEM ( 'NONE', ( #371 ), #1966 ) ;
#1236 = LINE ( 'NONE', #528, #170 ) ;
#1237 = LINE ( 'NONE', #2013, #1896 ) ;
#1238 = CARTESIAN_POINT ( 'NONE',  ( 3.149999999999999900, -2.100000000000000100, 1.200000000000000000 ) ) ;
#1239 = VECTOR ( 'NONE', #766, 1000.000000000000000 ) ;
#1240 = SURFACE_SIDE_STYLE ('',( #1037 ) ) ;
#1241 = SURFACE_SIDE_STYLE ('',( #1640 ) ) ;
#1242 = ORIENTED_EDGE ( 'NONE', *, *, #390, .T. ) ;
#1243 = STYLED_ITEM ( 'NONE', ( #308 ), #871 ) ;
#1244 = VERTEX_POINT ( 'NONE', #1116 ) ;
#1245 = ADVANCED_FACE ( 'NONE', ( #2178 ), #208, .T. ) ;
#1246 = STYLED_ITEM ( 'NONE', ( #1733 ), #351 ) ;
#1247 = CARTESIAN_POINT ( 'NONE',  ( 0.1499999999999999700, 3.200000000000000200, -3.049999999999999400 ) ) ;
#1248 = VERTEX_POINT ( 'NONE', #2052 ) ;
#1249 = SURFACE_SIDE_STYLE ('',( #1742 ) ) ;
#1250 = EDGE_LOOP ( 'NONE', ( #1471, #431 ) ) ;
#1251 = ORIENTED_EDGE ( 'NONE', *, *, #516, .F. ) ;
#1252 = EDGE_CURVE ( 'NONE', #747, #611, #830, .T. ) ;
#1253 = LINE ( 'NONE', #2163, #267 ) ;
#1254 = ADVANCED_FACE ( 'NONE', ( #593 ), #834, .F. ) ;
#1255 = DIRECTION ( 'NONE',  ( 0.9659258262890687600, 0.2588190451025189600, 0.0000000000000000000 ) ) ;
#1256 = LINE ( 'NONE', #2156, #1740 ) ;
#1257 = AXIS2_PLACEMENT_3D ( 'NONE', #2261, #2085, #616 ) ;
#1258 = EDGE_CURVE ( 'NONE', #24, #225, #393, .T. ) ;
#1259 = FILL_AREA_STYLE ('',( #1792 ) ) ;
#1260 = FACE_OUTER_BOUND ( 'NONE', #491, .T. ) ;
#1261 = SURFACE_STYLE_FILL_AREA ( #1027 ) ;
#1262 = DIRECTION ( 'NONE',  ( 0.0000000000000000000, 0.0000000000000000000, -1.000000000000000000 ) ) ;
#1263 = STYLED_ITEM ( 'NONE', ( #1913 ), #2339 ) ;
#1264 = EDGE_CURVE ( 'NONE', #1495, #2187, #1312, .T. ) ;
#1265 = DIRECTION ( 'NONE',  ( 1.000000000000000000, 0.0000000000000000000, -0.0000000000000000000 ) ) ;
#1266 = ADVANCED_FACE ( 'NONE', ( #1072 ), #773, .F. ) ;
#1267 = PLANE ( 'NONE',  #1684 ) ;
#1268 = ORIENTED_EDGE ( 'NONE', *, *, #227, .F. ) ;
#1269 = SURFACE_SIDE_STYLE ('',( #1340 ) ) ;
#1270 = ORIENTED_EDGE ( 'NONE', *, *, #596, .F. ) ;
#1271 = CARTESIAN_POINT ( 'NONE',  ( 2.919999999999999900, 1.064999999999999900, 1.000000000000000000 ) ) ;
#1272 =( GEOMETRIC_REPRESENTATION_CONTEXT ( 3 ) GLOBAL_UNCERTAINTY_ASSIGNED_CONTEXT ( ( #2151 ) ) GLOBAL_UNIT_ASSIGNED_CONTEXT ( ( #2183, #1093, #2374 ) ) REPRESENTATION_CONTEXT ( 'NONE', 'WORKASPACE' ) );
#1273 = STYLED_ITEM ( 'NONE', ( #555 ), #689 ) ;
#1274 = DIRECTION ( 'NONE',  ( -0.0000000000000000000, -0.0000000000000000000, 1.000000000000000000 ) ) ;
#1275 = PRESENTATION_LAYER_ASSIGNMENT (  '', '', ( #1034 ) ) ;
#1276 = SURFACE_STYLE_USAGE ( .BOTH. , #2358 ) ;
#1277 = SURFACE_STYLE_FILL_AREA ( #1049 ) ;
#1278 = DIRECTION ( 'NONE',  ( -0.0000000000000000000, 1.000000000000000000, 0.0000000000000000000 ) ) ;
#1279 = DIRECTION ( 'NONE',  ( 0.0000000000000000000, 1.000000000000000000, 0.0000000000000000000 ) ) ;
#1280 = STYLED_ITEM ( 'NONE', ( #1000 ), #701 ) ;
#1281 = LINE ( 'NONE', #406, #9 ) ;
#1282 = CARTESIAN_POINT ( 'NONE',  ( 3.149999999999999900, 2.100000000000000100, 1.200000000000000200 ) ) ;
#1283 = CIRCLE ( 'NONE', #165, 0.1499999999999999700 ) ;
#1284 = FILL_AREA_STYLE_COLOUR ( '', #2345 ) ;
#1285 = ITEM_DEFINED_TRANSFORMATION ( 'NONE', 'NONE', #1546,  #1465 ) ;
#1286 =( GEOMETRIC_REPRESENTATION_CONTEXT ( 3 ) GLOBAL_UNCERTAINTY_ASSIGNED_CONTEXT ( ( #1214 ) ) GLOBAL_UNIT_ASSIGNED_CONTEXT ( ( #784, #1637, #1416 ) ) REPRESENTATION_CONTEXT ( 'NONE', 'WORKASPACE' ) );
#1287 = DIRECTION ( 'NONE',  ( 0.0000000000000000000, 0.0000000000000000000, 1.000000000000000000 ) ) ;
#1288 = VECTOR ( 'NONE', #1701, 1000.000000000000000 ) ;
#1289 = PRODUCT_RELATED_PRODUCT_CATEGORY ( 'part', '', ( #1704 ) ) ;
#1290 = VERTEX_POINT ( 'NONE', #935 ) ;
#1291 = AXIS2_PLACEMENT_3D ( 'NONE', #1874, #772, #2064 ) ;
#1292 = ORIENTED_EDGE ( 'NONE', *, *, #1636, .T. ) ;
#1293 = VECTOR ( 'NONE', #1384, 999.9999999999997700 ) ;
#1294 = FILL_AREA_STYLE ('',( #1840 ) ) ;
#1295 = ORIENTED_EDGE ( 'NONE', *, *, #2129, .F. ) ;
#1296 = ORIENTED_EDGE ( 'NONE', *, *, #1415, .F. ) ;
#1297 = FILL_AREA_STYLE_COLOUR ( '', #938 ) ;
#1298 = STYLED_ITEM ( 'NONE', ( #1487 ), #1411 ) ;
#1299 = EDGE_CURVE ( 'NONE', #321, #2160, #1179, .T. ) ;
#1300 =( NAMED_UNIT ( * ) SI_UNIT ( $, .STERADIAN. ) SOLID_ANGLE_UNIT ( ) );
#1301 = VECTOR ( 'NONE', #243, 1000.000000000000000 ) ;
#1302 = DIRECTION ( 'NONE',  ( 0.2017733089221278300, 0.2017733089221278300, -0.9584232173801046100 ) ) ;
#1303 = EDGE_CURVE ( 'NONE', #1324, #1782, #691, .T. ) ;
#1304 =( LENGTH_UNIT ( ) NAMED_UNIT ( * ) SI_UNIT ( .MILLI., .METRE. ) );
#1305 = DIRECTION ( 'NONE',  ( -1.000000000000000000, 0.0000000000000000000, -0.0000000000000000000 ) ) ;
#1306 =( GEOMETRIC_REPRESENTATION_CONTEXT ( 3 ) GLOBAL_UNCERTAINTY_ASSIGNED_CONTEXT ( ( #2333 ) ) GLOBAL_UNIT_ASSIGNED_CONTEXT ( ( #1413, #324, #1610 ) ) REPRESENTATION_CONTEXT ( 'NONE', 'WORKASPACE' ) );
#1307 = FILL_AREA_STYLE ('',( #262 ) ) ;
#1308 = CARTESIAN_POINT ( 'NONE',  ( 0.2250000000000000300, 2.697648572295269900, -2.925000000000000300 ) ) ;
#1309 = CARTESIAN_POINT ( 'NONE',  ( 0.6388228567653780900, -2.509119358484690000, -3.049999999999999800 ) ) ;
#1310 = CARTESIAN_POINT ( 'NONE',  ( 0.7500000000000000000, 2.618681122833390200, -2.799999999999999800 ) ) ;
#1311 =( GEOMETRIC_REPRESENTATION_CONTEXT ( 3 ) GLOBAL_UNCERTAINTY_ASSIGNED_CONTEXT ( ( #2359 ) ) GLOBAL_UNIT_ASSIGNED_CONTEXT ( ( #1073, #706, #1819 ) ) REPRESENTATION_CONTEXT ( 'NONE', 'WORKASPACE' ) );
#1312 = LINE ( 'NONE', #580, #454 ) ;
#1313 =( NAMED_UNIT ( * ) PLANE_ANGLE_UNIT ( ) SI_UNIT ( $, .RADIAN. ) );
#1314 = AXIS2_PLACEMENT_3D ( 'NONE', #1209, #1749, #99 ) ;
#1315 = CONTEXT_DEPENDENT_SHAPE_REPRESENTATION ( #2138, #410 ) ;
#1316 = ORIENTED_EDGE ( 'NONE', *, *, #1071, .F. ) ;
#1317 = MANIFOLD_SOLID_BREP ( 'Imported2', #1531 ) ;
#1318 = CARTESIAN_POINT ( 'NONE',  ( 0.0000000000000000000, 0.0000000000000000000, 0.0000000000000000000 ) ) ;
#1319 = DIRECTION ( 'NONE',  ( 1.000000000000000000, 0.0000000000000000000, 0.0000000000000000000 ) ) ;
#1320 = ORIENTED_EDGE ( 'NONE', *, *, #763, .F. ) ;
#1321 = DIRECTION ( 'NONE',  ( 0.9659258262890733100, 0.2588190451025021400, 0.0000000000000000000 ) ) ;
#1322 = UNCERTAINTY_MEASURE_WITH_UNIT (LENGTH_MEASURE( 1.000000000000000100E-005 ), #248, 'distance_accuracy_value', 'NONE');
#1323 = EDGE_CURVE ( 'NONE', #2312, #1568, #1720, .T. ) ;
#1324 = VERTEX_POINT ( 'NONE', #25 ) ;
#1325 = DIRECTION ( 'NONE',  ( -0.0000000000000000000, 0.0000000000000000000, 1.000000000000000000 ) ) ;
#1326 = FACE_OUTER_BOUND ( 'NONE', #1477, .T. ) ;
#1327 = ORIENTED_EDGE ( 'NONE', *, *, #199, .F. ) ;
#1328 = DIRECTION ( 'NONE',  ( 1.000000000000000000, 0.0000000000000000000, 0.0000000000000000000 ) ) ;
#1329 = SURFACE_STYLE_USAGE ( .BOTH. , #40 ) ;
#1330 = AXIS2_PLACEMENT_3D ( 'NONE', #2274, #443, #1227 ) ;
#1331 = DIRECTION ( 'NONE',  ( -0.0000000000000000000, -0.0000000000000000000, 1.000000000000000000 ) ) ;
#1332 = PRODUCT ( 'User Library-TSSOP-20-2__X2_041D043E0436043A0430_X0_', 'User Library-TSSOP-20-2__X2_041D043E0436043A0430_X0_', '', ( #1350 ) ) ;
#1333 = AXIS2_PLACEMENT_3D ( 'NONE', #815, #2104, #997 ) ;
#1334 = VECTOR ( 'NONE', #129, 1000.000000000000000 ) ;
#1335 = DIRECTION ( 'NONE',  ( 0.0000000000000000000, 1.000000000000000000, 0.0000000000000000000 ) ) ;
#1336 = SURFACE_STYLE_USAGE ( .BOTH. , #47 ) ;
#1337 =( LENGTH_UNIT ( ) NAMED_UNIT ( * ) SI_UNIT ( .MILLI., .METRE. ) );
#1338 = SURFACE_STYLE_FILL_AREA ( #92 ) ;
#1339 = DIRECTION ( 'NONE',  ( -1.000000000000000000, 0.0000000000000000000, 0.0000000000000000000 ) ) ;
#1340 = SURFACE_STYLE_FILL_AREA ( #2363 ) ;
#1341 =( GEOMETRIC_REPRESENTATION_CONTEXT ( 3 ) GLOBAL_UNCERTAINTY_ASSIGNED_CONTEXT ( ( #1927 ) ) GLOBAL_UNIT_ASSIGNED_CONTEXT ( ( #1676, #568, #1855 ) ) REPRESENTATION_CONTEXT ( 'NONE', 'WORKASPACE' ) );
#1342 = VECTOR ( 'NONE', #1869, 1000.000000000000000 ) ;
#1343 = SURFACE_STYLE_USAGE ( .BOTH. , #57 ) ;
#1344 = ORIENTED_EDGE ( 'NONE', *, *, #872, .T. ) ;
#1345 = LINE ( 'NONE', #1490, #1836 ) ;
#1346 =( NAMED_UNIT ( * ) SI_UNIT ( $, .STERADIAN. ) SOLID_ANGLE_UNIT ( ) );
#1347 = ORIENTED_EDGE ( 'NONE', *, *, #1988, .T. ) ;
#1348 = PRESENTATION_LAYER_ASSIGNMENT (  '', '', ( #1235 ) ) ;
#1349 = VECTOR ( 'NONE', #1124, 1000.000000000000000 ) ;
#1350 = PRODUCT_CONTEXT ( 'NONE', #424, 'mechanical' ) ;
#1351 = VERTEX_POINT ( 'NONE', #1309 ) ;
#1352 = DIRECTION ( 'NONE',  ( -0.0000000000000000000, -0.0000000000000000000, -1.000000000000000000 ) ) ;
#1353 = CARTESIAN_POINT ( 'NONE',  ( 0.5999999999999999800, -2.306680960442910200, -3.049999999999999800 ) ) ;
#1354 = ORIENTED_EDGE ( 'NONE', *, *, #1817, .F. ) ;
#1355 = FILL_AREA_STYLE ('',( #804 ) ) ;
#1356 = AXIS2_PLACEMENT_3D ( 'NONE', #1964, #2331, #683 ) ;
#1357 = CARTESIAN_POINT ( 'NONE',  ( 0.5999999999999999800, -2.100000000000000100, -3.049999999999999400 ) ) ;
#1358 =( REPRESENTATION_RELATIONSHIP ('NONE','NONE', #363, #1157 ) REPRESENTATION_RELATIONSHIP_WITH_TRANSFORMATION ( #1368 )SHAPE_REPRESENTATION_RELATIONSHIP( ) );
#1359 = AXIS2_PLACEMENT_3D ( 'NONE', #1890, #2264, #1525 ) ;
#1360 = CARTESIAN_POINT ( 'NONE',  ( 0.0000000000000000000, -2.640099048196850300, -2.799999999999999800 ) ) ;
#1361 = CARTESIAN_POINT ( 'NONE',  ( 0.5444114283826883000, -2.379125397414590300, -3.049999999999999800 ) ) ;
#1362 = EDGE_CURVE ( 'NONE', #94, #51, #1345, .T. ) ;
#1363 = DIRECTION ( 'NONE',  ( -1.000000000000000000, 0.0000000000000000000, -0.0000000000000000000 ) ) ;
#1364 = DIRECTION ( 'NONE',  ( 0.0000000000000000000, 0.0000000000000000000, 1.000000000000000000 ) ) ;
#1365 =( NAMED_UNIT ( * ) PLANE_ANGLE_UNIT ( ) SI_UNIT ( $, .RADIAN. ) );
#1366 = VECTOR ( 'NONE', #925, 1000.000000000000000 ) ;
#1367 = SURFACE_STYLE_USAGE ( .BOTH. , #90 ) ;
#1368 = ITEM_DEFINED_TRANSFORMATION ( 'NONE', 'NONE', #1173,  #1465 ) ;
#1369 = AXIS2_PLACEMENT_3D ( 'NONE', #2109, #1002, #2288 ) ;
#1370 = EDGE_CURVE ( 'NONE', #1646, #422, #313, .T. ) ;
#1371 = FILL_AREA_STYLE_COLOUR ( '', #474 ) ;
#1372 = SHAPE_DEFINITION_REPRESENTATION ( #1580, #363 ) ;
#1373 = VERTEX_POINT ( 'NONE', #957 ) ;
#1374 = DIRECTION ( 'NONE',  ( 0.0000000000000000000, 0.0000000000000000000, 1.000000000000000000 ) ) ;
#1375 =( NAMED_UNIT ( * ) PLANE_ANGLE_UNIT ( ) SI_UNIT ( $, .RADIAN. ) );
#1376 = ORIENTED_EDGE ( 'NONE', *, *, #556, .F. ) ;
#1377 = EDGE_LOOP ( 'NONE', ( #330, #2071, #1018, #577 ) ) ;
#1378 = AXIS2_PLACEMENT_3D ( 'NONE', #591, #1882, #781 ) ;
#1379 = ORIENTED_EDGE ( 'NONE', *, *, #462, .T. ) ;
#1380 = EDGE_CURVE ( 'NONE', #1616, #1753, #1958, .T. ) ;
#1381 = ORIENTED_EDGE ( 'NONE', *, *, #1303, .T. ) ;
#1382 = COLOUR_RGB ( '',0.7490196078431372600, 0.7490196078431372600, 0.7490196078431372600 ) ;
#1383 = ORIENTED_EDGE ( 'NONE', *, *, #472, .F. ) ;
#1384 = DIRECTION ( 'NONE',  ( 0.9659258262890733100, -0.2588190451025021400, 0.0000000000000000000 ) ) ;
#1385 =( NAMED_UNIT ( * ) PLANE_ANGLE_UNIT ( ) SI_UNIT ( $, .RADIAN. ) );
#1386 = VECTOR ( 'NONE', #790, 999.9999999999998900 ) ;
#1387 = CARTESIAN_POINT ( 'NONE',  ( -3.250000000000000400, -2.200000000000000200, 0.6750000000000000400 ) ) ;
#1388 = PRESENTATION_LAYER_ASSIGNMENT (  '', '', ( #1273 ) ) ;
#1389 =( LENGTH_UNIT ( ) NAMED_UNIT ( * ) SI_UNIT ( .MILLI., .METRE. ) );
#1390 = CARTESIAN_POINT ( 'NONE',  ( -3.250000000000000400, -2.200000000000000200, 0.6250000000000001100 ) ) ;
#1391 = MECHANICAL_DESIGN_GEOMETRIC_PRESENTATION_REPRESENTATION (  '', ( #1034 ), #1527 ) ;
#1392 = SURFACE_STYLE_FILL_AREA ( #1672 ) ;
#1393 = VECTOR ( 'NONE', #2296, 1000.000000000000000 ) ;
#1394 =( NAMED_UNIT ( * ) PLANE_ANGLE_UNIT ( ) SI_UNIT ( $, .RADIAN. ) );
#1395 = FILL_AREA_STYLE ('',( #1032 ) ) ;
#1396 = LINE ( 'NONE', #2262, #2328 ) ;
#1397 = FILL_AREA_STYLE_COLOUR ( '', #2010 ) ;
#1398 = LINE ( 'NONE', #1634, #1921 ) ;
#1399 = AXIS2_PLACEMENT_3D ( 'NONE', #86, #1364, #268 ) ;
#1400 = ORIENTED_EDGE ( 'NONE', *, *, #2360, .F. ) ;
#1401 = ORIENTED_EDGE ( 'NONE', *, *, #1556, .F. ) ;
#1402 =( NAMED_UNIT ( * ) PLANE_ANGLE_UNIT ( ) SI_UNIT ( $, .RADIAN. ) );
#1403 = EDGE_LOOP ( 'NONE', ( #2044, #1761, #2217, #346 ) ) ;
#1404 = LINE ( 'NONE', #1656, #921 ) ;
#1405 = SURFACE_STYLE_USAGE ( .BOTH. , #124 ) ;
#1406 = PRODUCT_DEFINITION_SHAPE ( 'NONE', 'NONE',  #2391 ) ;
#1407 = PRODUCT_DEFINITION_FORMATION_WITH_SPECIFIED_SOURCE ( 'ANY', '', #1332, .NOT_KNOWN. ) ;
#1408 = AXIS2_PLACEMENT_3D ( 'NONE', #961, #2247, #1142 ) ;
#1409 =( NAMED_UNIT ( * ) PLANE_ANGLE_UNIT ( ) SI_UNIT ( $, .RADIAN. ) );
#1410 = CARTESIAN_POINT ( 'NONE',  ( 0.1111771432346219900, 2.495210174253479800, -2.925000000000000300 ) ) ;
#1411 = ADVANCED_FACE ( 'NONE', ( #483 ), #2240, .T. ) ;
#1412 =( LENGTH_UNIT ( ) NAMED_UNIT ( * ) SI_UNIT ( .MILLI., .METRE. ) );
#1413 =( LENGTH_UNIT ( ) NAMED_UNIT ( * ) SI_UNIT ( .MILLI., .METRE. ) );
#1414 = PRESENTATION_LAYER_ASSIGNMENT (  '', '', ( #1298 ) ) ;
#1415 = EDGE_CURVE ( 'NONE', #87, #1670, #112, .T. ) ;
#1416 =( NAMED_UNIT ( * ) SI_UNIT ( $, .STERADIAN. ) SOLID_ANGLE_UNIT ( ) );
#1417 = FACE_OUTER_BOUND ( 'NONE', #485, .T. ) ;
#1418 = CARTESIAN_POINT ( 'NONE',  ( 2.589999999999999900, 1.064999999999999900, 1.000000000000000000 ) ) ;
#1419 = PRESENTATION_STYLE_ASSIGNMENT (( #164 ) ) ;
#1420 = PRESENTATION_STYLE_ASSIGNMENT (( #1231 ) ) ;
#1421 = FILL_AREA_STYLE_COLOUR ( '', #2088 ) ;
#1422 = UNCERTAINTY_MEASURE_WITH_UNIT (LENGTH_MEASURE( 1.000000000000000100E-005 ), #2016, 'distance_accuracy_value', 'NONE');
#1423 =( LENGTH_UNIT ( ) NAMED_UNIT ( * ) SI_UNIT ( .MILLI., .METRE. ) );
#1424 = COLOUR_RGB ( '',0.1176470588235294100, 0.1176470588235294100, 0.1176470588235294100 ) ;
#1425 = AXIS2_PLACEMENT_3D ( 'NONE', #2200, #1110, #135 ) ;
#1426 = EDGE_CURVE ( 'NONE', #1373, #694, #2018, .T. ) ;
#1427 = LINE ( 'NONE', #372, #1858 ) ;
#1428 = CONTEXT_DEPENDENT_SHAPE_REPRESENTATION ( #672, #1406 ) ;
#1429 = ADVANCED_FACE ( 'NONE', ( #1152 ), #2072, .F. ) ;
#1430 = VECTOR ( 'NONE', #1928, 1000.000000000000000 ) ;
#1431 = SURFACE_SIDE_STYLE ('',( #755 ) ) ;
#1432 = SURFACE_SIDE_STYLE ('',( #1796 ) ) ;
#1433 = CARTESIAN_POINT ( 'NONE',  ( 3.200000000000000200, -1.100000000000000100, 0.9625000000000000200 ) ) ;
#1434 = DIRECTION ( 'NONE',  ( 0.0000000000000000000, 0.0000000000000000000, 1.000000000000000000 ) ) ;
#1435 = DIRECTION ( 'NONE',  ( -0.0000000000000000000, -0.0000000000000000000, -1.000000000000000000 ) ) ;
#1436 = ORIENTED_EDGE ( 'NONE', *, *, #1089, .F. ) ;
#1437 = ORIENTED_EDGE ( 'NONE', *, *, #643, .T. ) ;
#1438 = ORIENTED_EDGE ( 'NONE', *, *, #1636, .F. ) ;
#1439 = SURFACE_STYLE_USAGE ( .BOTH. , #1431 ) ;
#1440 = SURFACE_STYLE_USAGE ( .BOTH. , #157 ) ;
#1441 = DIRECTION ( 'NONE',  ( 0.0000000000000000000, 0.0000000000000000000, 1.000000000000000000 ) ) ;
#1442 = MECHANICAL_DESIGN_GEOMETRIC_PRESENTATION_REPRESENTATION (  '', ( #1205 ), #1577 ) ;
#1443 = ADVANCED_FACE ( 'NONE', ( #2362 ), #1493, .F. ) ;
#1444 = DIRECTION ( 'NONE',  ( -1.000000000000000000, -2.989061989375420200E-016, -0.0000000000000000000 ) ) ;
#1445 = FILL_AREA_STYLE ('',( #345 ) ) ;
#1446 = UNCERTAINTY_MEASURE_WITH_UNIT (LENGTH_MEASURE( 1.000000000000000100E-005 ), #640, 'distance_accuracy_value', 'NONE');
#1447 = FILL_AREA_STYLE_COLOUR ( '', #1474 ) ;
#1448 = FILL_AREA_STYLE ('',( #1447 ) ) ;
#1449 = EDGE_CURVE ( 'NONE', #1290, #948, #1984, .T. ) ;
#1450 =( NAMED_UNIT ( * ) SI_UNIT ( $, .STERADIAN. ) SOLID_ANGLE_UNIT ( ) );
#1451 =( LENGTH_UNIT ( ) NAMED_UNIT ( * ) SI_UNIT ( .MILLI., .METRE. ) );
#1452 = FILL_AREA_STYLE_COLOUR ( '', #1382 ) ;
#1453 = CARTESIAN_POINT ( 'NONE',  ( 0.5999999999999999800, -2.364230484541329800, -3.049999999999999800 ) ) ;
#1454 = CARTESIAN_POINT ( 'NONE',  ( -1.625000000000000200, -2.149999999999999900, 0.9625000000000000200 ) ) ;
#1455 = VECTOR ( 'NONE', #855, 1000.000000000000100 ) ;
#1456 = AXIS2_PLACEMENT_3D ( 'NONE', #503, #1604, #404 ) ;
#1457 = LINE ( 'NONE', #70, #417 ) ;
#1458 = PRODUCT_DEFINITION_SHAPE ( 'NONE', 'NONE',  #2385 ) ;
#1459 = DIRECTION ( 'NONE',  ( -1.000000000000000000, 0.0000000000000000000, -0.0000000000000000000 ) ) ;
#1460 = LINE ( 'NONE', #826, #1393 ) ;
#1461 = LINE ( 'NONE', #2092, #799 ) ;
#1462 = CIRCLE ( 'NONE', #376, 0.3300000000000000200 ) ;
#1463 = SURFACE_SIDE_STYLE ('',( #2307 ) ) ;
#1464 =( NAMED_UNIT ( * ) PLANE_ANGLE_UNIT ( ) SI_UNIT ( $, .RADIAN. ) );
#1465 = AXIS2_PLACEMENT_3D ( 'NONE', #822, #2113, #1006 ) ;
#1466 = DIRECTION ( 'NONE',  ( -1.000000000000000000, 0.0000000000000000000, -0.0000000000000000000 ) ) ;
#1467 = PRESENTATION_STYLE_ASSIGNMENT (( #140 ) ) ;
#1468 = ORIENTED_EDGE ( 'NONE', *, *, #1071, .T. ) ;
#1469 = SURFACE_STYLE_FILL_AREA ( #402 ) ;
#1470 = ORIENTED_EDGE ( 'NONE', *, *, #1125, .T. ) ;
#1471 = ORIENTED_EDGE ( 'NONE', *, *, #153, .T. ) ;
#1472 = CIRCLE ( 'NONE', #2123, 0.1499999999999999900 ) ;
#1473 = EDGE_LOOP ( 'NONE', ( #1935, #1570, #144, #2367 ) ) ;
#1474 = COLOUR_RGB ( '',0.1176470588235294100, 0.1176470588235294100, 0.1176470588235294100 ) ;
#1475 = CARTESIAN_POINT ( 'NONE',  ( -3.149999999999999500, 2.099999999999999600, 0.1500000000000001900 ) ) ;
#1476 = MECHANICAL_DESIGN_GEOMETRIC_PRESENTATION_REPRESENTATION (  '', ( #1235 ), #1606 ) ;
#1477 = EDGE_LOOP ( 'NONE', ( #2281, #2219, #1401, #355 ) ) ;
#1478 = CARTESIAN_POINT ( 'NONE',  ( 0.7500000000000001100, -2.100000000000000100, -2.799999999999999800 ) ) ;
#1479 = PRESENTATION_STYLE_ASSIGNMENT (( #1506 ) ) ;
#1480 = SURFACE_STYLE_USAGE ( .BOTH. , #197 ) ;
#1481 = MECHANICAL_DESIGN_GEOMETRIC_PRESENTATION_REPRESENTATION (  '', ( #1243 ), #1611 ) ;
#1482 = FACE_OUTER_BOUND ( 'NONE', #2334, .T. ) ;
#1483 = SURFACE_SIDE_STYLE ('',( #450 ) ) ;
#1484 = PRESENTATION_LAYER_ASSIGNMENT (  '', '', ( #1246 ) ) ;
#1485 = FILL_AREA_STYLE_COLOUR ( '', #2174 ) ;
#1486 = FACE_OUTER_BOUND ( 'NONE', #1924, .T. ) ;
#1487 = PRESENTATION_STYLE_ASSIGNMENT (( #590 ) ) ;
#1488 = SURFACE_STYLE_USAGE ( .BOTH. , #117 ) ;
#1489 = SURFACE_SIDE_STYLE ('',( #853 ) ) ;
#1490 = CARTESIAN_POINT ( 'NONE',  ( -3.250000000000000400, 1.100000000000000100, 0.6250000000000001100 ) ) ;
#1491 = EDGE_CURVE ( 'NONE', #2187, #2154, #565, .T. ) ;
#1492 = VERTEX_POINT ( 'NONE', #1548 ) ;
#1493 = CYLINDRICAL_SURFACE ( 'NONE', #1257, 0.07499999999999998300 ) ;
#1494 = FILL_AREA_STYLE_COLOUR ( '', #369 ) ;
#1495 = VERTEX_POINT ( 'NONE', #1724 ) ;
#1496 = EDGE_LOOP ( 'NONE', ( #916, #1726, #1865, #230 ) ) ;
#1497 = COLOUR_RGB ( '',0.1176470588235294100, 0.1176470588235294100, 0.1176470588235294100 ) ;
#1498 = SURFACE_STYLE_USAGE ( .BOTH. , #214 ) ;
#1499 = ORIENTED_EDGE ( 'NONE', *, *, #1866, .F. ) ;
#1500 = STYLED_ITEM ( 'NONE', ( #203 ), #1608 ) ;
#1501 = EDGE_CURVE ( 'NONE', #24, #94, #84, .T. ) ;
#1502 = DIRECTION ( 'NONE',  ( 0.0000000000000000000, 0.0000000000000000000, -1.000000000000000000 ) ) ;
#1503 = UNCERTAINTY_MEASURE_WITH_UNIT (LENGTH_MEASURE( 1.000000000000000100E-005 ), #2300, 'distance_accuracy_value', 'NONE');
#1504 = ORIENTED_EDGE ( 'NONE', *, *, #93, .T. ) ;
#1505 = CARTESIAN_POINT ( 'NONE',  ( 0.5999999999999999800, 2.306680960442910200, -2.925000000000000300 ) ) ;
#1506 = SURFACE_STYLE_USAGE ( .BOTH. , #1734 ) ;
#1507 = VECTOR ( 'NONE', #1466, 1000.000000000000000 ) ;
#1508 = AXIS2_PLACEMENT_3D ( 'NONE', #574, #1678, #397 ) ;
#1509 = FACE_OUTER_BOUND ( 'NONE', #659, .T. ) ;
#1510 = EDGE_CURVE ( 'NONE', #323, #318, #510, .T. ) ;
#1511 = DIRECTION ( 'NONE',  ( -1.000000000000000000, 0.0000000000000000000, 0.0000000000000000000 ) ) ;
#1512 = FILL_AREA_STYLE_COLOUR ( '', #2208 ) ;
#1513 = UNCERTAINTY_MEASURE_WITH_UNIT (LENGTH_MEASURE( 1.000000000000000100E-005 ), #2019, 'distance_accuracy_value', 'NONE');
#1514 = CARTESIAN_POINT ( 'NONE',  ( -3.149999999999999900, -8.326672684688670100E-016, 0.1499999999999999900 ) ) ;
#1515 = CIRCLE ( 'NONE', #859, 0.3300000000000000200 ) ;
#1516 = SURFACE_SIDE_STYLE ('',( #1106 ) ) ;
#1517 = STYLED_ITEM ( 'NONE', ( #1115 ), #1091 ) ;
#1518 = CARTESIAN_POINT ( 'NONE',  ( 1.950000000000000000, 0.0000000000000000000, 0.0000000000000000000 ) ) ;
#1519 =( NAMED_UNIT ( * ) PLANE_ANGLE_UNIT ( ) SI_UNIT ( $, .RADIAN. ) );
#1520 = SHAPE_REPRESENTATION_RELATIONSHIP ( 'NONE' , 'NONE' ,  #1157, #2346 ) ;
#1521 = VECTOR ( 'NONE', #847, 1000.000000000000000 ) ;
#1522 = VECTOR ( 'NONE', #743, 1000.000000000000000 ) ;
#1523 = UNCERTAINTY_MEASURE_WITH_UNIT (LENGTH_MEASURE( 1.000000000000000100E-005 ), #994, 'distance_accuracy_value', 'NONE');
#1524 = CONTEXT_DEPENDENT_SHAPE_REPRESENTATION ( #2320, #1762 ) ;
#1525 = DIRECTION ( 'NONE',  ( -1.261617073437680000E-016, 1.000000000000000000, 0.0000000000000000000 ) ) ;
#1526 = CARTESIAN_POINT ( 'NONE',  ( 2.919999999999999900, 1.064999999999999900, 1.200000000000000000 ) ) ;
#1527 =( GEOMETRIC_REPRESENTATION_CONTEXT ( 3 ) GLOBAL_UNCERTAINTY_ASSIGNED_CONTEXT ( ( #1228 ) ) GLOBAL_UNIT_ASSIGNED_CONTEXT ( ( #1029, #2313, #1219 ) ) REPRESENTATION_CONTEXT ( 'NONE', 'WORKASPACE' ) );
#1528 = CONTEXT_DEPENDENT_SHAPE_REPRESENTATION ( #1358, #2188 ) ;
#1529 = VECTOR ( 'NONE', #1331, 1000.000000000000000 ) ;
#1530 = DIRECTION ( 'NONE',  ( 1.000000000000000000, 0.0000000000000000000, 0.0000000000000000000 ) ) ;
#1531 = CLOSED_SHELL ( 'NONE', ( #2166, #1987, #1443, #883, #1617, #1066, #1429, #1776, #2177, #2351, #2339, #1815, #520, #155 ) ) ;
#1532 = ORIENTED_EDGE ( 'NONE', *, *, #1258, .F. ) ;
#1533 =( NAMED_UNIT ( * ) PLANE_ANGLE_UNIT ( ) SI_UNIT ( $, .RADIAN. ) );
#1534 = ORIENTED_EDGE ( 'NONE', *, *, #264, .T. ) ;
#1535 = VERTEX_POINT ( 'NONE', #72 ) ;
#1536 = PRESENTATION_LAYER_ASSIGNMENT (  '', '', ( #1280 ) ) ;
#1537 = FACE_OUTER_BOUND ( 'NONE', #844, .T. ) ;
#1538 = ORIENTED_EDGE ( 'NONE', *, *, #1857, .T. ) ;
#1539 = DIRECTION ( 'NONE',  ( 1.000000000000000000, 0.0000000000000000000, 0.0000000000000000000 ) ) ;
#1540 = STYLED_ITEM ( 'NONE', ( #2310 ), #310 ) ;
#1541 =( NAMED_UNIT ( * ) PLANE_ANGLE_UNIT ( ) SI_UNIT ( $, .RADIAN. ) );
#1542 = CARTESIAN_POINT ( 'NONE',  ( 0.6388228567653779800, -2.509119358484690000, -2.925000000000000300 ) ) ;
#1543 = FILL_AREA_STYLE ('',( #1452 ) ) ;
#1544 = VECTOR ( 'NONE', #2340, 1000.000000000000000 ) ;
#1545 = PRODUCT_RELATED_PRODUCT_CATEGORY ( 'part', '', ( #1332 ) ) ;
#1546 = AXIS2_PLACEMENT_3D ( 'NONE', #39, #1328, #228 ) ;
#1547 = APPLICATION_PROTOCOL_DEFINITION ( 'draft international standard', 'automotive_design', 1998, #250 ) ;
#1548 = CARTESIAN_POINT ( 'NONE',  ( 0.5999999999999999800, -2.306680960442910200, -2.799999999999999800 ) ) ;
#1549 = LINE ( 'NONE', #2027, #130 ) ;
#1550 = DIRECTION ( 'NONE',  ( -1.000000000000000000, -0.0000000000000000000, 0.0000000000000000000 ) ) ;
#1551 = PRESENTATION_STYLE_ASSIGNMENT (( #1440 ) ) ;
#1552 = SURFACE_STYLE_USAGE ( .BOTH. , #256 ) ;
#1553 = ORIENTED_EDGE ( 'NONE', *, *, #93, .F. ) ;
#1554 =( NAMED_UNIT ( * ) SI_UNIT ( $, .STERADIAN. ) SOLID_ANGLE_UNIT ( ) );
#1555 = MECHANICAL_DESIGN_GEOMETRIC_PRESENTATION_REPRESENTATION (  '', ( #1298 ), #1666 ) ;
#1556 = EDGE_CURVE ( 'NONE', #2210, #1079, #1075, .T. ) ;
#1557 = CARTESIAN_POINT ( 'NONE',  ( 0.1499999999999999900, -2.697648572295269900, -3.049999999999999800 ) ) ;
#1558 = COLOUR_RGB ( '',0.1176470588235294100, 0.1176470588235294100, 0.1176470588235294100 ) ;
#1559 = VECTOR ( 'NONE', #1691, 1000.000000000000000 ) ;
#1560 = DIRECTION ( 'NONE',  ( 3.357297106147360200E-016, -1.000000000000000000, 0.0000000000000000000 ) ) ;
#1561 =( NAMED_UNIT ( * ) SI_UNIT ( $, .STERADIAN. ) SOLID_ANGLE_UNIT ( ) );
#1562 = ORIENTED_EDGE ( 'NONE', *, *, #472, .T. ) ;
#1563 = AXIS2_PLACEMENT_3D ( 'NONE', #2093, #1279, #182 ) ;
#1564 = EDGE_CURVE ( 'NONE', #2154, #1535, #142, .T. ) ;
#1565 = ORIENTED_EDGE ( 'NONE', *, *, #1426, .T. ) ;
#1566 = ORIENTED_EDGE ( 'NONE', *, *, #153, .F. ) ;
#1567 = FILL_AREA_STYLE_COLOUR ( '', #2155 ) ;
#1568 = VERTEX_POINT ( 'NONE', #434 ) ;
#1569 =( NAMED_UNIT ( * ) PLANE_ANGLE_UNIT ( ) SI_UNIT ( $, .RADIAN. ) );
#1570 = ORIENTED_EDGE ( 'NONE', *, *, #727, .T. ) ;
#1571 = STYLED_ITEM ( 'NONE', ( #1467 ), #1056 ) ;
#1572 = ORIENTED_EDGE ( 'NONE', *, *, #390, .F. ) ;
#1573 = LINE ( 'NONE', #2284, #1940 ) ;
#1574 = SURFACE_SIDE_STYLE ('',( #1338 ) ) ;
#1575 = AXIS2_PLACEMENT_3D ( 'NONE', #2172, #892, #1623 ) ;
#1576 = FILL_AREA_STYLE_COLOUR ( '', #319 ) ;
#1577 =( GEOMETRIC_REPRESENTATION_CONTEXT ( 3 ) GLOBAL_UNCERTAINTY_ASSIGNED_CONTEXT ( ( #646 ) ) GLOBAL_UNIT_ASSIGNED_CONTEXT ( ( #1389, #295, #1591 ) ) REPRESENTATION_CONTEXT ( 'NONE', 'WORKASPACE' ) );
#1578 = CARTESIAN_POINT ( 'NONE',  ( -3.250000000000000400, -2.199999999999999700, 0.7249999999999999800 ) ) ;
#1579 = PRESENTATION_STYLE_ASSIGNMENT (( #731 ) ) ;
#1580 = PRODUCT_DEFINITION_SHAPE ( 'NONE', 'NONE',  #1054 ) ;
#1581 = EDGE_CURVE ( 'NONE', #1216, #1598, #2045, .T. ) ;
#1582 = PRESENTATION_STYLE_ASSIGNMENT (( #2266 ) ) ;
#1583 = CARTESIAN_POINT ( 'NONE',  ( 0.1499999999999999900, -3.200000000000000200, -2.799999999999999800 ) ) ;
#1584 = DIRECTION ( 'NONE',  ( 0.0000000000000000000, 0.0000000000000000000, 1.000000000000000000 ) ) ;
#1585 = UNCERTAINTY_MEASURE_WITH_UNIT (LENGTH_MEASURE( 1.000000000000000100E-005 ), #759, 'distance_accuracy_value', 'NONE');
#1586 = SURFACE_STYLE_FILL_AREA ( #1627 ) ;
#1587 = STYLED_ITEM ( 'NONE', ( #400 ), #155 ) ;
#1588 = DIRECTION ( 'NONE',  ( 1.000000000000000000, 2.989061989375420200E-016, 0.0000000000000000000 ) ) ;
#1589 =( REPRESENTATION_RELATIONSHIP ('NONE','NONE', #363, #1952 ) REPRESENTATION_RELATIONSHIP_WITH_TRANSFORMATION ( #1657 )SHAPE_REPRESENTATION_RELATIONSHIP( ) );
#1590 = VERTEX_POINT ( 'NONE', #1917 ) ;
#1591 =( NAMED_UNIT ( * ) SI_UNIT ( $, .STERADIAN. ) SOLID_ANGLE_UNIT ( ) );
#1592 = DIRECTION ( 'NONE',  ( -1.000000000000000000, 0.0000000000000000000, 0.0000000000000000000 ) ) ;
#1593 = CARTESIAN_POINT ( 'NONE',  ( 0.5999999999999999800, -2.306680960442910200, -2.799999999999999800 ) ) ;
#1594 = ORIENTED_EDGE ( 'NONE', *, *, #2051, .T. ) ;
#1595 = ORIENTED_EDGE ( 'NONE', *, *, #264, .F. ) ;
#1596 = STYLED_ITEM ( 'NONE', ( #2015 ), #917 ) ;
#1597 = SURFACE_STYLE_FILL_AREA ( #1994 ) ;
#1598 = VERTEX_POINT ( 'NONE', #2282 ) ;
#1599 = SURFACE_STYLE_USAGE ( .BOTH. , #303 ) ;
#1600 = DIRECTION ( 'NONE',  ( 0.0000000000000000000, 1.000000000000000000, 0.0000000000000000000 ) ) ;
#1601 = STYLED_ITEM ( 'NONE', ( #108 ), #1254 ) ;
#1602 = FACE_OUTER_BOUND ( 'NONE', #1377, .T. ) ;
#1603 = LINE ( 'NONE', #692, #1544 ) ;
#1604 = DIRECTION ( 'NONE',  ( 0.0000000000000000000, 0.0000000000000000000, -1.000000000000000000 ) ) ;
#1605 =( NAMED_UNIT ( * ) PLANE_ANGLE_UNIT ( ) SI_UNIT ( $, .RADIAN. ) );
#1606 =( GEOMETRIC_REPRESENTATION_CONTEXT ( 3 ) GLOBAL_UNCERTAINTY_ASSIGNED_CONTEXT ( ( #2026 ) ) GLOBAL_UNIT_ASSIGNED_CONTEXT ( ( #1625, #511, #1799 ) ) REPRESENTATION_CONTEXT ( 'NONE', 'WORKASPACE' ) );
#1607 = DIRECTION ( 'NONE',  ( 1.000000000000000000, 0.0000000000000000000, 0.0000000000000000000 ) ) ;
#1608 = ADVANCED_FACE ( 'NONE', ( #258 ), #819, .T. ) ;
#1609 =( NAMED_UNIT ( * ) SI_UNIT ( $, .STERADIAN. ) SOLID_ANGLE_UNIT ( ) );
#1610 =( NAMED_UNIT ( * ) SI_UNIT ( $, .STERADIAN. ) SOLID_ANGLE_UNIT ( ) );
#1611 =( GEOMETRIC_REPRESENTATION_CONTEXT ( 3 ) GLOBAL_UNCERTAINTY_ASSIGNED_CONTEXT ( ( #1095 ) ) GLOBAL_UNIT_ASSIGNED_CONTEXT ( ( #1412, #322, #1609 ) ) REPRESENTATION_CONTEXT ( 'NONE', 'WORKASPACE' ) );
#1612 = SURFACE_STYLE_FILL_AREA ( #1677 ) ;
#1613 = ORIENTED_EDGE ( 'NONE', *, *, #688, .T. ) ;
#1614 = MECHANICAL_DESIGN_GEOMETRIC_PRESENTATION_REPRESENTATION (  '', ( #1246 ), #1730 ) ;
#1615 = DIRECTION ( 'NONE',  ( 1.000000000000000000, 0.0000000000000000000, 0.0000000000000000000 ) ) ;
#1616 = VERTEX_POINT ( 'NONE', #2297 ) ;
#1617 = ADVANCED_FACE ( 'NONE', ( #1184 ), #1045, .T. ) ;
#1618 = FILL_AREA_STYLE ('',( #1421 ) ) ;
#1619 =( NAMED_UNIT ( * ) SI_UNIT ( $, .STERADIAN. ) SOLID_ANGLE_UNIT ( ) );
#1620 = ORIENTED_EDGE ( 'NONE', *, *, #932, .T. ) ;
#1621 = ORIENTED_EDGE ( 'NONE', *, *, #69, .F. ) ;
#1622 = EDGE_CURVE ( 'NONE', #1244, #2184, #427, .T. ) ;
#1623 = DIRECTION ( 'NONE',  ( -1.000000000000000000, 0.0000000000000000000, 0.0000000000000000000 ) ) ;
#1624 = ORIENTED_EDGE ( 'NONE', *, *, #340, .T. ) ;
#1625 =( LENGTH_UNIT ( ) NAMED_UNIT ( * ) SI_UNIT ( .MILLI., .METRE. ) );
#1626 = FILL_AREA_STYLE_COLOUR ( '', #532 ) ;
#1627 = FILL_AREA_STYLE ('',( #2167 ) ) ;
#1628 = PRESENTATION_LAYER_ASSIGNMENT (  '', '', ( #1500 ) ) ;
#1629 = EDGE_CURVE ( 'NONE', #2048, #1646, #919, .T. ) ;
#1630 = ADVANCED_FACE ( 'NONE', ( #2073 ), #846, .T. ) ;
#1631 =( NAMED_UNIT ( * ) PLANE_ANGLE_UNIT ( ) SI_UNIT ( $, .RADIAN. ) );
#1632 = LINE ( 'NONE', #541, #851 ) ;
#1633 = CARTESIAN_POINT ( 'NONE',  ( 0.1111771432346219900, 2.495210174253479800, -3.049999999999999800 ) ) ;
#1634 = CARTESIAN_POINT ( 'NONE',  ( 0.6388228567653779800, -2.509119358484690000, -2.799999999999999800 ) ) ;
#1635 = PRESENTATION_LAYER_ASSIGNMENT (  '', '', ( #1263 ) ) ;
#1636 = EDGE_CURVE ( 'NONE', #1663, #747, #1218, .T. ) ;
#1637 =( NAMED_UNIT ( * ) PLANE_ANGLE_UNIT ( ) SI_UNIT ( $, .RADIAN. ) );
#1638 = DIRECTION ( 'NONE',  ( -0.0000000000000000000, -1.000000000000000000, -0.0000000000000000000 ) ) ;
#1639 =( NAMED_UNIT ( * ) SI_UNIT ( $, .STERADIAN. ) SOLID_ANGLE_UNIT ( ) );
#1640 = SURFACE_STYLE_FILL_AREA ( #2341 ) ;
#1641 = ADVANCED_FACE ( 'NONE', ( #232 ), #1040, .T. ) ;
#1642 = DIRECTION ( 'NONE',  ( -1.000000000000000000, 0.0000000000000000000, 0.0000000000000000000 ) ) ;
#1643 = DIRECTION ( 'NONE',  ( 0.0000000000000000000, -0.2060104810498420100, -0.9785497849867490500 ) ) ;
#1644 = EDGE_LOOP ( 'NONE', ( #1807, #1470, #1671, #226 ) ) ;
#1645 = AXIS2_PLACEMENT_3D ( 'NONE', #1454, #358, #1643 ) ;
#1646 = VERTEX_POINT ( 'NONE', #850 ) ;
#1647 = EDGE_LOOP ( 'NONE', ( #2157, #750, #890, #1099, #1783, #889, #1121, #146, #977, #2372, #605, #1778 ) ) ;
#1648 = CARTESIAN_POINT ( 'NONE',  ( 0.0000000000000000000, -3.200000000000000200, -2.799999999999999800 ) ) ;
#1649 = DIRECTION ( 'NONE',  ( -1.253548271578020500E-016, 0.9785497849867490500, 0.2060104810498420100 ) ) ;
#1650 = DIRECTION ( 'NONE',  ( 0.0000000000000000000, 0.2060104810498420100, -0.9785497849867490500 ) ) ;
#1651 = MECHANICAL_DESIGN_GEOMETRIC_PRESENTATION_REPRESENTATION (  '', ( #1280 ), #1771 ) ;
#1652 = AXIS2_PLACEMENT_3D ( 'NONE', #824, #1649, #1163 ) ;
#1653 = CARTESIAN_POINT ( 'NONE',  ( 0.5999999999999999800, 2.618681122833390200, -2.799999999999999800 ) ) ;
#1654 = PRODUCT_DEFINITION_FORMATION_WITH_SPECIFIED_SOURCE ( 'ANY', '', #776, .NOT_KNOWN. ) ;
#1655 = AXIS2_PLACEMENT_3D ( 'NONE', #1518, #408, #1699 ) ;
#1656 = CARTESIAN_POINT ( 'NONE',  ( 5.551115123125779700E-016, 2.100000000000000100, 0.1499999999999999900 ) ) ;
#1657 = ITEM_DEFINED_TRANSFORMATION ( 'NONE', 'NONE', #1291,  #1465 ) ;
#1658 = UNCERTAINTY_MEASURE_WITH_UNIT (LENGTH_MEASURE( 1.000000000000000100E-005 ), #384, 'distance_accuracy_value', 'NONE');
#1659 = PRESENTATION_STYLE_ASSIGNMENT (( #1856 ) ) ;
#1660 =( NAMED_UNIT ( * ) PLANE_ANGLE_UNIT ( ) SI_UNIT ( $, .RADIAN. ) );
#1661 = CARTESIAN_POINT ( 'NONE',  ( 0.2055885716173108400, 2.625204135323589300, -2.925000000000000300 ) ) ;
#1662 = ORIENTED_EDGE ( 'NONE', *, *, #2051, .F. ) ;
#1663 = VERTEX_POINT ( 'NONE', #1357 ) ;
#1664 = VECTOR ( 'NONE', #83, 1000.000000000000000 ) ;
#1665 =( LENGTH_UNIT ( ) NAMED_UNIT ( * ) SI_UNIT ( .MILLI., .METRE. ) );
#1666 =( GEOMETRIC_REPRESENTATION_CONTEXT ( 3 ) GLOBAL_UNCERTAINTY_ASSIGNED_CONTEXT ( ( #37 ) ) GLOBAL_UNIT_ASSIGNED_CONTEXT ( ( #1878, #775, #2066 ) ) REPRESENTATION_CONTEXT ( 'NONE', 'WORKASPACE' ) );
#1667 = ORIENTED_EDGE ( 'NONE', *, *, #817, .F. ) ;
#1668 = EDGE_CURVE ( 'NONE', #728, #1248, #1457, .T. ) ;
#1669 = UNCERTAINTY_MEASURE_WITH_UNIT (LENGTH_MEASURE( 1.000000000000000100E-005 ), #270, 'distance_accuracy_value', 'NONE');
#1670 = VERTEX_POINT ( 'NONE', #1557 ) ;
#1671 = ORIENTED_EDGE ( 'NONE', *, *, #1581, .F. ) ;
#1672 = FILL_AREA_STYLE ('',( #1485 ) ) ;
#1673 = STYLED_ITEM ( 'NONE', ( #1798 ), #2153 ) ;
#1674 = EDGE_CURVE ( 'NONE', #2207, #1107, #1283, .T. ) ;
#1675 =( NAMED_UNIT ( * ) PLANE_ANGLE_UNIT ( ) SI_UNIT ( $, .RADIAN. ) );
#1676 =( LENGTH_UNIT ( ) NAMED_UNIT ( * ) SI_UNIT ( .MILLI., .METRE. ) );
#1677 = FILL_AREA_STYLE ('',( #388 ) ) ;
#1678 = DIRECTION ( 'NONE',  ( 0.0000000000000000000, 0.0000000000000000000, -1.000000000000000000 ) ) ;
#1679 = AXIS2_PLACEMENT_3D ( 'NONE', #1788, #693, #1975 ) ;
#1680 = CYLINDRICAL_SURFACE ( 'NONE', #1508, 0.07500000000000001100 ) ;
#1681 =( NAMED_UNIT ( * ) PLANE_ANGLE_UNIT ( ) SI_UNIT ( $, .RADIAN. ) );
#1682 = FILL_AREA_STYLE_COLOUR ( '', #1036 ) ;
#1683 = PRESENTATION_STYLE_ASSIGNMENT (( #1133 ) ) ;
#1684 = AXIS2_PLACEMENT_3D ( 'NONE', #2179, #156, #148 ) ;
#1685 = CARTESIAN_POINT ( 'NONE',  ( 0.7500000000000000000, -2.364230484541329800, -3.049999999999999800 ) ) ;
#1686 = CARTESIAN_POINT ( 'NONE',  ( 0.7500000000000000000, -2.364230484541329800, -2.799999999999999800 ) ) ;
#1687 = COLOUR_RGB ( '',0.7490196078431372600, 0.7490196078431372600, 0.7490196078431372600 ) ;
#1688 = SHAPE_DEFINITION_REPRESENTATION ( #845, #2118 ) ;
#1689 = DIRECTION ( 'NONE',  ( 0.0000000000000000000, 1.000000000000000000, 0.0000000000000000000 ) ) ;
#1690 = SURFACE_SIDE_STYLE ('',( #1469 ) ) ;
#1691 = DIRECTION ( 'NONE',  ( 5.252152427417539700E-016, 1.000000000000000000, 0.0000000000000000000 ) ) ;
#1692 = EDGE_CURVE ( 'NONE', #1351, #87, #909, .T. ) ;
#1693 = ORIENTED_EDGE ( 'NONE', *, *, #387, .T. ) ;
#1694 = CARTESIAN_POINT ( 'NONE',  ( 0.7500000000000000000, -2.100000000000000100, -2.925000000000000300 ) ) ;
#1695 = CARTESIAN_POINT ( 'NONE',  ( 0.6000000000000000900, -2.100000000000000100, -2.925000000000000300 ) ) ;
#1696 = ORIENTED_EDGE ( 'NONE', *, *, #1745, .F. ) ;
#1697 = SURFACE_STYLE_FILL_AREA ( #1395 ) ;
#1698 = ORIENTED_EDGE ( 'NONE', *, *, #2286, .T. ) ;
#1699 = DIRECTION ( 'NONE',  ( 0.0000000000000000000, 1.000000000000000000, 0.0000000000000000000 ) ) ;
#1700 = ORIENTED_EDGE ( 'NONE', *, *, #1362, .T. ) ;
#1701 = DIRECTION ( 'NONE',  ( 0.0000000000000000000, 1.000000000000000000, 0.0000000000000000000 ) ) ;
#1702 = PRESENTATION_LAYER_ASSIGNMENT (  '', '', ( #1587 ) ) ;
#1703 = FILL_AREA_STYLE_COLOUR ( '', #458 ) ;
#1704 = PRODUCT ( 'User Library-TSSOP-20-2', 'User Library-TSSOP-20-2', '', ( #984 ) ) ;
#1705 = FILL_AREA_STYLE_COLOUR ( '', #1947 ) ;
#1706 = PRESENTATION_LAYER_ASSIGNMENT (  '', '', ( #1596 ) ) ;
#1707 = CARTESIAN_POINT ( 'NONE',  ( 5.200000000000001100, 0.0000000000000000000, 0.0000000000000000000 ) ) ;
#1708 = PLANE ( 'NONE',  #470 ) ;
#1709 = LINE ( 'NONE', #965, #1092 ) ;
#1710 = AXIS2_PLACEMENT_3D ( 'NONE', #944, #2231, #1129 ) ;
#1711 = APPLICATION_CONTEXT ( 'automotive_design' ) ;
#1712 = PRESENTATION_STYLE_ASSIGNMENT (( #1852 ) ) ;
#1713 = SURFACE_STYLE_FILL_AREA ( #2301 ) ;
#1714 = COLOUR_RGB ( '',0.7490196078431372600, 0.7490196078431372600, 0.7490196078431372600 ) ;
#1715 = COLOUR_RGB ( '',0.7490196078431372600, 0.7490196078431372600, 0.7490196078431372600 ) ;
#1716 = SURFACE_STYLE_FILL_AREA ( #1098 ) ;
#1717 = DIRECTION ( 'NONE',  ( -0.9659258262890680900, -0.2588190451025210200, 0.0000000000000000000 ) ) ;
#1718 = PRESENTATION_LAYER_ASSIGNMENT (  '', '', ( #1843 ) ) ;
#1719 = UNCERTAINTY_MEASURE_WITH_UNIT (LENGTH_MEASURE( 1.000000000000000100E-005 ), #2260, 'distance_accuracy_value', 'NONE');
#1720 = CIRCLE ( 'NONE', #1180, 0.3300000000000000200 ) ;
#1721 = PRODUCT_CONTEXT ( 'NONE', #1711, 'mechanical' ) ;
#1722 = ORIENTED_EDGE ( 'NONE', *, *, #69, .T. ) ;
#1723 = UNCERTAINTY_MEASURE_WITH_UNIT (LENGTH_MEASURE( 1.000000000000000100E-005 ), #709, 'distance_accuracy_value', 'NONE');
#1724 = CARTESIAN_POINT ( 'NONE',  ( 0.0000000000000000000, 3.200000000000000200, -2.799999999999999800 ) ) ;
#1725 = CARTESIAN_POINT ( 'NONE',  ( 0.5999999999999999800, 2.306680960442910200, -3.049999999999999800 ) ) ;
#1726 = ORIENTED_EDGE ( 'NONE', *, *, #927, .F. ) ;
#1727 =( NAMED_UNIT ( * ) PLANE_ANGLE_UNIT ( ) SI_UNIT ( $, .RADIAN. ) );
#1728 = PRESENTATION_LAYER_ASSIGNMENT (  '', '', ( #1846 ) ) ;
#1729 = DIRECTION ( 'NONE',  ( -0.9659258262890687600, -0.2588190451025189600, -0.0000000000000000000 ) ) ;
#1730 =( GEOMETRIC_REPRESENTATION_CONTEXT ( 3 ) GLOBAL_UNCERTAINTY_ASSIGNED_CONTEXT ( ( #1931 ) ) GLOBAL_UNIT_ASSIGNED_CONTEXT ( ( #435, #1365, #269 ) ) REPRESENTATION_CONTEXT ( 'NONE', 'WORKASPACE' ) );
#1731 = DIRECTION ( 'NONE',  ( 0.0000000000000000000, 0.0000000000000000000, 1.000000000000000000 ) ) ;
#1732 = CARTESIAN_POINT ( 'NONE',  ( 3.149999999999999900, -1.100000000000000100, 1.200000000000000200 ) ) ;
#1733 = PRESENTATION_STYLE_ASSIGNMENT (( #2291 ) ) ;
#1734 = SURFACE_SIDE_STYLE ('',( #988 ) ) ;
#1735 =( NAMED_UNIT ( * ) PLANE_ANGLE_UNIT ( ) SI_UNIT ( $, .RADIAN. ) );
#1736 = COLOUR_RGB ( '',0.1176470588235294100, 0.1176470588235294100, 0.1176470588235294100 ) ;
#1737 = CARTESIAN_POINT ( 'NONE',  ( 3.250000000000000900, -2.199999999999998800, 0.7249999999999995300 ) ) ;
#1738 = EDGE_CURVE ( 'NONE', #813, #1102, #1851, .T. ) ;
#1739 = SURFACE_SIDE_STYLE ('',( #695 ) ) ;
#1740 = VECTOR ( 'NONE', #2344, 1000.000000000000000 ) ;
#1741 = CIRCLE ( 'NONE', #359, 0.07500000000000001100 ) ;
#1742 = SURFACE_STYLE_FILL_AREA ( #2349 ) ;
#1743 = MECHANICAL_DESIGN_GEOMETRIC_PRESENTATION_REPRESENTATION (  '', ( #1500 ), #1864 ) ;
#1744 = SHAPE_REPRESENTATION_RELATIONSHIP ( 'NONE' , 'NONE' ,  #2118, #917 ) ;
#1745 = EDGE_CURVE ( 'NONE', #225, #1838, #530, .T. ) ;
#1746 =( LENGTH_UNIT ( ) NAMED_UNIT ( * ) SI_UNIT ( .MILLI., .METRE. ) );
#1747 = PRESENTATION_STYLE_ASSIGNMENT (( #1212 ) ) ;
#1748 = PRESENTATION_STYLE_ASSIGNMENT (( #884 ) ) ;
#1749 = DIRECTION ( 'NONE',  ( 0.0000000000000000000, 0.0000000000000000000, -1.000000000000000000 ) ) ;
#1750 = ITEM_DEFINED_TRANSFORMATION ( 'NONE', 'NONE', #1055,  #1465 ) ;
#1751 = DIRECTION ( 'NONE',  ( -0.9785497849867490500, 0.0000000000000000000, -0.2060104810498420100 ) ) ;
#1752 = UNCERTAINTY_MEASURE_WITH_UNIT (LENGTH_MEASURE( 1.000000000000000100E-005 ), #1925, 'distance_accuracy_value', 'NONE');
#1753 = VERTEX_POINT ( 'NONE', #1361 ) ;
#1754 = MECHANICAL_DESIGN_GEOMETRIC_PRESENTATION_REPRESENTATION (  '', ( #1263 ), #1872 ) ;
#1755 = EDGE_CURVE ( 'NONE', #1568, #2311, #1460, .T. ) ;
#1756 = VERTEX_POINT ( 'NONE', #1014 ) ;
#1757 = FILL_AREA_STYLE_COLOUR ( '', #383 ) ;
#1758 = DIRECTION ( 'NONE',  ( 1.000000000000000000, -5.252152427417539700E-016, 0.0000000000000000000 ) ) ;
#1759 = ORIENTED_EDGE ( 'NONE', *, *, #1013, .F. ) ;
#1760 = PRESENTATION_LAYER_ASSIGNMENT (  '', '', ( #1517 ) ) ;
#1761 = ORIENTED_EDGE ( 'NONE', *, *, #1370, .F. ) ;
#1762 = PRODUCT_DEFINITION_SHAPE ( 'NONE', 'NONE',  #2387 ) ;
#1763 =( REPRESENTATION_RELATIONSHIP ('NONE','NONE', #363, #1952 ) REPRESENTATION_RELATIONSHIP_WITH_TRANSFORMATION ( #1853 )SHAPE_REPRESENTATION_RELATIONSHIP( ) );
#1764 = CARTESIAN_POINT ( 'NONE',  ( 0.6388228567653779800, 2.509119358484690000, -2.925000000000000300 ) ) ;
#1765 = CARTESIAN_POINT ( 'NONE',  ( 0.1499999999999999900, 2.640099048196850300, -2.799999999999999800 ) ) ;
#1766 = DIRECTION ( 'NONE',  ( 0.0000000000000000000, -1.000000000000000000, -0.0000000000000000000 ) ) ;
#1767 = STYLED_ITEM ( 'NONE', ( #679 ), #1800 ) ;
#1768 = DIRECTION ( 'NONE',  ( 0.0000000000000000000, -1.000000000000000000, 0.0000000000000000000 ) ) ;
#1769 = VECTOR ( 'NONE', #468, 1000.000000000000200 ) ;
#1770 =( NAMED_UNIT ( * ) PLANE_ANGLE_UNIT ( ) SI_UNIT ( $, .RADIAN. ) );
#1771 =( GEOMETRIC_REPRESENTATION_CONTEXT ( 3 ) GLOBAL_UNCERTAINTY_ASSIGNED_CONTEXT ( ( #2378 ) ) GLOBAL_UNIT_ASSIGNED_CONTEXT ( ( #96, #1375, #278 ) ) REPRESENTATION_CONTEXT ( 'NONE', 'WORKASPACE' ) );
#1772 = PRESENTATION_LAYER_ASSIGNMENT (  '', '', ( #1540 ) ) ;
#1773 = DIRECTION ( 'NONE',  ( -1.000000000000000000, -5.252152427417539700E-016, 0.0000000000000000000 ) ) ;
#1774 = COLOUR_RGB ( '',0.7921568627450980000, 0.8196078431372548800, 0.9333333333333333500 ) ;
#1775 = VERTEX_POINT ( 'NONE', #1201 ) ;
#1776 = ADVANCED_FACE ( 'NONE', ( #2322 ), #2115, .F. ) ;
#1777 = CARTESIAN_POINT ( 'NONE',  ( 0.3190721488971339800, 3.200000000000000200, -2.799999999999999800 ) ) ;
#1778 = ORIENTED_EDGE ( 'NONE', *, *, #360, .F. ) ;
#1779 = ORIENTED_EDGE ( 'NONE', *, *, #1062, .F. ) ;
#1780 = PRODUCT_RELATED_PRODUCT_CATEGORY ( 'part', '', ( #776 ) ) ;
#1781 = AXIS2_PLACEMENT_3D ( 'NONE', #597, #1884, #786 ) ;
#1782 = VERTEX_POINT ( 'NONE', #281 ) ;
#1783 = ORIENTED_EDGE ( 'NONE', *, *, #2295, .F. ) ;
#1784 = CARTESIAN_POINT ( 'NONE',  ( 3.149999999999999900, 2.100000000000000100, 0.1499999999999999900 ) ) ;
#1785 = ORIENTED_EDGE ( 'NONE', *, *, #507, .T. ) ;
#1786 = DIRECTION ( 'NONE',  ( 1.000000000000000000, 0.0000000000000000000, 0.0000000000000000000 ) ) ;
#1787 = UNCERTAINTY_MEASURE_WITH_UNIT (LENGTH_MEASURE( 1.000000000000000100E-005 ), #28, 'distance_accuracy_value', 'NONE');
#1788 = CARTESIAN_POINT ( 'NONE',  ( 5.551115123125779700E-016, -8.326672684688670100E-016, 1.200000000000000000 ) ) ;
#1789 = SURFACE_STYLE_FILL_AREA ( #1899 ) ;
#1790 = EDGE_CURVE ( 'NONE', #1324, #536, #1171, .T. ) ;
#1791 = ADVANCED_FACE ( 'NONE', ( #681 ), #651, .T. ) ;
#1792 = FILL_AREA_STYLE_COLOUR ( '', #874 ) ;
#1793 = SURFACE_STYLE_USAGE ( .BOTH. , #504 ) ;
#1794 = CARTESIAN_POINT ( 'NONE',  ( 0.3190721488971339800, 2.618681122833390200, -2.799999999999999800 ) ) ;
#1795 = PRESENTATION_LAYER_ASSIGNMENT (  '', '', ( #1673 ) ) ;
#1796 = SURFACE_STYLE_FILL_AREA ( #149 ) ;
#1797 = EDGE_CURVE ( 'NONE', #536, #1756, #65, .T. ) ;
#1798 = PRESENTATION_STYLE_ASSIGNMENT (( #1480 ) ) ;
#1799 =( NAMED_UNIT ( * ) SI_UNIT ( $, .STERADIAN. ) SOLID_ANGLE_UNIT ( ) );
#1800 = ADVANCED_FACE ( 'NONE', ( #499 ), #663, .T. ) ;
#1801 = CARTESIAN_POINT ( 'NONE',  ( 2.589999999999999900, 1.064999999999999900, 1.000000000000000000 ) ) ;
#1802 = SURFACE_STYLE_USAGE ( .BOTH. , #514 ) ;
#1803 = PRESENTATION_LAYER_ASSIGNMENT (  '', '', ( #1571 ) ) ;
#1804 = VECTOR ( 'NONE', #1875, 1000.000000000000000 ) ;
#1805 = SURFACE_STYLE_USAGE ( .BOTH. , #2176 ) ;
#1806 = FILL_AREA_STYLE_COLOUR ( '', #35 ) ;
#1807 = ORIENTED_EDGE ( 'NONE', *, *, #1922, .T. ) ;
#1808 = STYLED_ITEM ( 'NONE', ( #1999 ), #520 ) ;
#1809 = ORIENTED_EDGE ( 'NONE', *, *, #1857, .F. ) ;
#1810 = STYLED_ITEM ( 'NONE', ( #288 ), #1641 ) ;
#1811 = CARTESIAN_POINT ( 'NONE',  ( 2.919999999999999900, 1.064999999999999900, 1.200000000000000000 ) ) ;
#1812 = ORIENTED_EDGE ( 'NONE', *, *, #1135, .F. ) ;
#1813 = CARTESIAN_POINT ( 'NONE',  ( 0.5444114283826879700, 2.379125397414586700, -3.049999999999999800 ) ) ;
#1814 = CIRCLE ( 'NONE', #1456, 0.3300000000000000200 ) ;
#1815 = ADVANCED_FACE ( 'NONE', ( #2063 ), #1961, .F. ) ;
#1816 = ORIENTED_EDGE ( 'NONE', *, *, #2295, .T. ) ;
#1817 = EDGE_CURVE ( 'NONE', #1186, #94, #2289, .T. ) ;
#1818 = SURFACE_STYLE_FILL_AREA ( #2192 ) ;
#1819 =( NAMED_UNIT ( * ) SI_UNIT ( $, .STERADIAN. ) SOLID_ANGLE_UNIT ( ) );
#1820 = CARTESIAN_POINT ( 'NONE',  ( 0.5999999999999999800, -2.306680960442910200, -2.925000000000000300 ) ) ;
#1821 = ORIENTED_EDGE ( 'NONE', *, *, #1674, .T. ) ;
#1822 = CIRCLE ( 'NONE', #794, 0.07499999999999998300 ) ;
#1823 = UNCERTAINTY_MEASURE_WITH_UNIT (LENGTH_MEASURE( 1.000000000000000100E-005 ), #2218, 'distance_accuracy_value', 'NONE');
#1824 = MECHANICAL_DESIGN_GEOMETRIC_PRESENTATION_REPRESENTATION (  '', ( #1587 ), #1948 ) ;
#1825 = SURFACE_SIDE_STYLE ('',( #995 ) ) ;
#1826 = SURFACE_STYLE_FILL_AREA ( #950 ) ;
#1827 = DIRECTION ( 'NONE',  ( -0.2588190451025190200, -0.9659258262890688700, 0.0000000000000000000 ) ) ;
#1828 = MECHANICAL_DESIGN_GEOMETRIC_PRESENTATION_REPRESENTATION (  '', ( #1596 ), #1959 ) ;
#1829 = COLOUR_RGB ( '',0.1176470588235294100, 0.1176470588235294100, 0.1176470588235294100 ) ;
#1830 = SURFACE_STYLE_FILL_AREA ( #1234 ) ;
#1831 = LINE ( 'NONE', #1475, #100 ) ;
#1832 = DIRECTION ( 'NONE',  ( -0.9659258262890676500, 0.2588190451025229000, 0.0000000000000000000 ) ) ;
#1833 = LINE ( 'NONE', #1694, #2263 ) ;
#1834 = DIRECTION ( 'NONE',  ( 0.0000000000000000000, 0.0000000000000000000, 1.000000000000000000 ) ) ;
#1835 = VERTEX_POINT ( 'NONE', #1057 ) ;
#1836 = VECTOR ( 'NONE', #1867, 1000.000000000000000 ) ;
#1837 = PRESENTATION_LAYER_ASSIGNMENT (  '', '', ( #1601 ) ) ;
#1838 = VERTEX_POINT ( 'NONE', #1238 ) ;
#1839 = ORIENTED_EDGE ( 'NONE', *, *, #2129, .T. ) ;
#1840 = FILL_AREA_STYLE_COLOUR ( '', #218 ) ;
#1841 = FACE_OUTER_BOUND ( 'NONE', #457, .T. ) ;
#1842 = EDGE_LOOP ( 'NONE', ( #312, #1270, #296, #2191 ) ) ;
#1843 = STYLED_ITEM ( 'NONE', ( #1551 ), #1973 ) ;
#1844 = CARTESIAN_POINT ( 'NONE',  ( 0.5999999999999999800, 2.306680960442910200, -2.799999999999999800 ) ) ;
#1845 = CARTESIAN_POINT ( 'NONE',  ( -3.250000000000000400, 2.199999999999999700, 0.6250000000000001100 ) ) ;
#1846 = STYLED_ITEM ( 'NONE', ( #1167 ), #883 ) ;
#1847 =( NAMED_UNIT ( * ) SI_UNIT ( $, .STERADIAN. ) SOLID_ANGLE_UNIT ( ) );
#1848 = DIRECTION ( 'NONE',  ( 1.000000000000000000, 0.0000000000000000000, -0.0000000000000000000 ) ) ;
#1849 =( NAMED_UNIT ( * ) PLANE_ANGLE_UNIT ( ) SI_UNIT ( $, .RADIAN. ) );
#1850 = UNCERTAINTY_MEASURE_WITH_UNIT (LENGTH_MEASURE( 1.000000000000000100E-005 ), #1746, 'distance_accuracy_value', 'NONE');
#1851 = LINE ( 'NONE', #999, #737 ) ;
#1852 = SURFACE_STYLE_USAGE ( .BOTH. , #563 ) ;
#1853 = ITEM_DEFINED_TRANSFORMATION ( 'NONE', 'NONE', #1408,  #1465 ) ;
#1854 = VECTOR ( 'NONE', #1550, 1000.000000000000000 ) ;
#1855 =( NAMED_UNIT ( * ) SI_UNIT ( $, .STERADIAN. ) SOLID_ANGLE_UNIT ( ) );
#1856 = SURFACE_STYLE_USAGE ( .BOTH. , #571 ) ;
#1857 = EDGE_CURVE ( 'NONE', #661, #1663, #734, .T. ) ;
#1858 = VECTOR ( 'NONE', #548, 1000.000000000000000 ) ;
#1859 = FILL_AREA_STYLE_COLOUR ( '', #840 ) ;
#1860 = CARTESIAN_POINT ( 'NONE',  ( 0.5999999999999999800, 2.364230484541329800, -3.049999999999999800 ) ) ;
#1861 = SURFACE_STYLE_USAGE ( .BOTH. , #660 ) ;
#1862 = ORIENTED_EDGE ( 'NONE', *, *, #1323, .F. ) ;
#1863 = FILL_AREA_STYLE ('',( #1682 ) ) ;
#1864 =( GEOMETRIC_REPRESENTATION_CONTEXT ( 3 ) GLOBAL_UNCERTAINTY_ASSIGNED_CONTEXT ( ( #1752 ) ) GLOBAL_UNIT_ASSIGNED_CONTEXT ( ( #1925, #829, #2117 ) ) REPRESENTATION_CONTEXT ( 'NONE', 'WORKASPACE' ) );
#1865 = ORIENTED_EDGE ( 'NONE', *, *, #1745, .T. ) ;
#1866 = EDGE_CURVE ( 'NONE', #1782, #321, #412, .T. ) ;
#1867 = DIRECTION ( 'NONE',  ( 0.0000000000000000000, 1.000000000000000000, 0.0000000000000000000 ) ) ;
#1868 = FACE_OUTER_BOUND ( 'NONE', #953, .T. ) ;
#1869 = DIRECTION ( 'NONE',  ( -0.0000000000000000000, -0.0000000000000000000, -1.000000000000000000 ) ) ;
#1870 = EDGE_LOOP ( 'NONE', ( #1722, #19, #1534, #1499 ) ) ;
#1871 = ORIENTED_EDGE ( 'NONE', *, *, #1790, .T. ) ;
#1872 =( GEOMETRIC_REPRESENTATION_CONTEXT ( 3 ) GLOBAL_UNCERTAINTY_ASSIGNED_CONTEXT ( ( #1215 ) ) GLOBAL_UNIT_ASSIGNED_CONTEXT ( ( #971, #2258, #1162 ) ) REPRESENTATION_CONTEXT ( 'NONE', 'WORKASPACE' ) );
#1873 = EDGE_CURVE ( 'NONE', #1244, #1535, #2005, .T. ) ;
#1874 = CARTESIAN_POINT ( 'NONE',  ( 0.0000000000000000000, 0.0000000000000000000, 0.0000000000000000000 ) ) ;
#1875 = DIRECTION ( 'NONE',  ( -0.0000000000000000000, 0.0000000000000000000, 1.000000000000000000 ) ) ;
#1876 = CARTESIAN_POINT ( 'NONE',  ( 0.1499999999999999900, 2.697648572295269900, -3.049999999999999800 ) ) ;
#1877 = SURFACE_STYLE_FILL_AREA ( #738 ) ;
#1878 =( LENGTH_UNIT ( ) NAMED_UNIT ( * ) SI_UNIT ( .MILLI., .METRE. ) );
#1879 = PRODUCT_DEFINITION_SHAPE ( 'NONE', 'NONE',  #677 ) ;
#1880 = VECTOR ( 'NONE', #1943, 1000.000000000000000 ) ;
#1881 = DIRECTION ( 'NONE',  ( 0.0000000000000000000, 0.0000000000000000000, -1.000000000000000000 ) ) ;
#1882 = DIRECTION ( 'NONE',  ( -0.0000000000000000000, -0.0000000000000000000, -1.000000000000000000 ) ) ;
#1883 = MECHANICAL_DESIGN_GEOMETRIC_PRESENTATION_REPRESENTATION (  '', ( #1517 ), #2014 ) ;
#1884 = DIRECTION ( 'NONE',  ( 1.000000000000000000, 0.0000000000000000000, 0.0000000000000000000 ) ) ;
#1885 = UNCERTAINTY_MEASURE_WITH_UNIT (LENGTH_MEASURE( 1.000000000000000100E-005 ), #115, 'distance_accuracy_value', 'NONE');
#1886 = DIRECTION ( 'NONE',  ( -0.0000000000000000000, -0.0000000000000000000, 1.000000000000000000 ) ) ;
#1887 = FACE_OUTER_BOUND ( 'NONE', #1902, .T. ) ;
#1888 = CARTESIAN_POINT ( 'NONE',  ( 0.0000000000000000000, -3.200000000000000200, -2.925000000000000300 ) ) ;
#1889 = DIRECTION ( 'NONE',  ( -1.000000000000000000, 0.0000000000000000000, 0.0000000000000000000 ) ) ;
#1890 = CARTESIAN_POINT ( 'NONE',  ( 3.250000000000000400, -2.200000000000000200, 0.6750000000000000400 ) ) ;
#1891 = FILL_AREA_STYLE ('',( #2243 ) ) ;
#1892 = AXIS2_PLACEMENT_3D ( 'NONE', #1387, #293, #1588 ) ;
#1893 = VECTOR ( 'NONE', #332, 1000.000000000000000 ) ;
#1894 = DIRECTION ( 'NONE',  ( 0.0000000000000000000, 1.000000000000000000, 0.0000000000000000000 ) ) ;
#1895 = LINE ( 'NONE', #1505, #1342 ) ;
#1896 = VECTOR ( 'NONE', #905, 1000.000000000000000 ) ;
#1897 = DIRECTION ( 'NONE',  ( 0.0000000000000000000, 1.000000000000000000, 0.0000000000000000000 ) ) ;
#1898 = VERTEX_POINT ( 'NONE', #1784 ) ;
#1899 = FILL_AREA_STYLE ('',( #585 ) ) ;
#1900 = DIRECTION ( 'NONE',  ( 1.000000000000000000, 1.226659391623182600E-016, 2.582440824469859600E-017 ) ) ;
#1901 = ORIENTED_EDGE ( 'NONE', *, *, #712, .T. ) ;
#1902 = EDGE_LOOP ( 'NONE', ( #726, #1504, #805, #1224 ) ) ;
#1903 = LINE ( 'NONE', #2224, #1349 ) ;
#1904 = ORIENTED_EDGE ( 'NONE', *, *, #1491, .T. ) ;
#1905 = MECHANICAL_DESIGN_GEOMETRIC_PRESENTATION_REPRESENTATION (  '', ( #1540 ), #2032 ) ;
#1906 = UNCERTAINTY_MEASURE_WITH_UNIT (LENGTH_MEASURE( 1.000000000000000100E-005 ), #2175, 'distance_accuracy_value', 'NONE');
#1907 = ORIENTED_EDGE ( 'NONE', *, *, #1622, .T. ) ;
#1908 = FILL_AREA_STYLE ('',( #979 ) ) ;
#1909 = PLANE ( 'NONE',  #1333 ) ;
#1910 = PRODUCT_DEFINITION_FORMATION_WITH_SPECIFIED_SOURCE ( 'ANY', '', #403, .NOT_KNOWN. ) ;
#1911 = APPLICATION_PROTOCOL_DEFINITION ( 'draft international standard', 'automotive_design', 1998, #619 ) ;
#1912 = FILL_AREA_STYLE ('',( #623 ) ) ;
#1913 = PRESENTATION_STYLE_ASSIGNMENT (( #2078 ) ) ;
#1914 = AXIS2_PLACEMENT_3D ( 'NONE', #599, #1886, #787 ) ;
#1915 = EDGE_CURVE ( 'NONE', #2190, #972, #1515, .T. ) ;
#1916 = DIRECTION ( 'NONE',  ( -0.9659258262890676500, -0.2588190451025229000, 0.0000000000000000000 ) ) ;
#1917 = CARTESIAN_POINT ( 'NONE',  ( 0.0000000000000000000, -3.200000000000000200, -3.049999999999999400 ) ) ;
#1918 = SURFACE_SIDE_STYLE ('',( #75 ) ) ;
#1919 = COLOUR_RGB ( '',0.1176470588235294100, 0.1176470588235294100, 0.1176470588235294100 ) ;
#1920 = MECHANICAL_DESIGN_GEOMETRIC_PRESENTATION_REPRESENTATION (  '', ( #1673 ), #2050 ) ;
#1921 = VECTOR ( 'NONE', #521, 1000.000000000000100 ) ;
#1922 = EDGE_CURVE ( 'NONE', #1044, #233, #1256, .T. ) ;
#1923 = DIRECTION ( 'NONE',  ( -0.2017733089221294700, 0.2017733089221276600, 0.9584232173801043900 ) ) ;
#1924 = EDGE_LOOP ( 'NONE', ( #1621, #2273, #1871, #895 ) ) ;
#1925 =( LENGTH_UNIT ( ) NAMED_UNIT ( * ) SI_UNIT ( .MILLI., .METRE. ) );
#1926 = VECTOR ( 'NONE', #811, 1000.000000000000000 ) ;
#1927 = UNCERTAINTY_MEASURE_WITH_UNIT (LENGTH_MEASURE( 1.000000000000000100E-005 ), #1676, 'distance_accuracy_value', 'NONE');
#1928 = DIRECTION ( 'NONE',  ( 1.208073643265255200E-016, -1.000000000000000000, 2.543312933190012700E-017 ) ) ;
#1929 = ORIENTED_EDGE ( 'NONE', *, *, #1501, .F. ) ;
#1930 = DIRECTION ( 'NONE',  ( 1.208073643265255200E-016, -1.000000000000000000, -2.543312933190012700E-017 ) ) ;
#1931 = UNCERTAINTY_MEASURE_WITH_UNIT (LENGTH_MEASURE( 1.000000000000000100E-005 ), #435, 'distance_accuracy_value', 'NONE');
#1932 =( NAMED_UNIT ( * ) PLANE_ANGLE_UNIT ( ) SI_UNIT ( $, .RADIAN. ) );
#1933 = MECHANICAL_DESIGN_GEOMETRIC_PRESENTATION_REPRESENTATION (  '', ( #1571 ), #2057 ) ;
#1934 = FACE_OUTER_BOUND ( 'NONE', #2105, .T. ) ;
#1935 = ORIENTED_EDGE ( 'NONE', *, *, #2095, .T. ) ;
#1936 =( NAMED_UNIT ( * ) SI_UNIT ( $, .STERADIAN. ) SOLID_ANGLE_UNIT ( ) );
#1937 = ORIENTED_EDGE ( 'NONE', *, *, #462, .F. ) ;
#1938 = PRESENTATION_LAYER_ASSIGNMENT (  '', '', ( #1808 ) ) ;
#1939 = SURFACE_STYLE_USAGE ( .BOTH. , #647 ) ;
#1940 = VECTOR ( 'NONE', #996, 1000.000000000000000 ) ;
#1941 = AXIS2_PLACEMENT_3D ( 'NONE', #1764, #665, #1954 ) ;
#1942 = CARTESIAN_POINT ( 'NONE',  ( 3.149999999999999500, -2.099999999999998800, 0.1500000000000003000 ) ) ;
#1943 = DIRECTION ( 'NONE',  ( 0.0000000000000000000, 0.0000000000000000000, 1.000000000000000000 ) ) ;
#1944 = FILL_AREA_STYLE ('',( #273 ) ) ;
#1945 = EDGE_CURVE ( 'NONE', #1492, #728, #2229, .T. ) ;
#1946 = VECTOR ( 'NONE', #1274, 1000.000000000000000 ) ;
#1947 = COLOUR_RGB ( '',0.7490196078431372600, 0.7490196078431372600, 0.7490196078431372600 ) ;
#1948 =( GEOMETRIC_REPRESENTATION_CONTEXT ( 3 ) GLOBAL_UNCERTAINTY_ASSIGNED_CONTEXT ( ( #2316 ) ) GLOBAL_UNIT_ASSIGNED_CONTEXT ( ( #2119, #48, #2100 ) ) REPRESENTATION_CONTEXT ( 'NONE', 'WORKASPACE' ) );
#1949 = CARTESIAN_POINT ( 'NONE',  ( -3.149999999999999900, 1.100000000000000100, 1.200000000000000000 ) ) ;
#1950 = FACE_OUTER_BOUND ( 'NONE', #30, .T. ) ;
#1951 = SURFACE_STYLE_FILL_AREA ( #708 ) ;
#1952 = SHAPE_REPRESENTATION ( 'User Library-TSSOP-20-2__X2_041D043E0436043A0430_X0_', ( #1465 ), #306 ) ;
#1953 =( REPRESENTATION_RELATIONSHIP ('NONE','NONE', #363, #1952 ) REPRESENTATION_RELATIONSHIP_WITH_TRANSFORMATION ( #1285 )SHAPE_REPRESENTATION_RELATIONSHIP( ) );
#1954 = DIRECTION ( 'NONE',  ( -0.9659258262890680900, 0.2588190451025210200, 0.0000000000000000000 ) ) ;
#1955 = ITEM_DEFINED_TRANSFORMATION ( 'NONE', 'NONE', #2326,  #1465 ) ;
#1956 = CARTESIAN_POINT ( 'NONE',  ( 0.6388228567653780900, 2.509119358484690000, -2.799999999999999800 ) ) ;
#1957 = AXIS2_PLACEMENT_3D ( 'NONE', #2070, #967, #2253 ) ;
#1958 = LINE ( 'NONE', #1138, #973 ) ;
#1959 =( GEOMETRIC_REPRESENTATION_CONTEXT ( 3 ) GLOBAL_UNCERTAINTY_ASSIGNED_CONTEXT ( ( #1669 ) ) GLOBAL_UNIT_ASSIGNED_CONTEXT ( ( #270, #1569, #456 ) ) REPRESENTATION_CONTEXT ( 'NONE', 'WORKASPACE' ) );
#1960 = VERTEX_POINT ( 'NONE', #1247 ) ;
#1961 = PLANE ( 'NONE',  #981 ) ;
#1962 = ORIENTED_EDGE ( 'NONE', *, *, #1135, .T. ) ;
#1963 = LINE ( 'NONE', #934, #2076 ) ;
#1964 = CARTESIAN_POINT ( 'NONE',  ( 2.589999999999999900, 1.064999999999999900, 1.200000000000000000 ) ) ;
#1965 = MECHANICAL_DESIGN_GEOMETRIC_PRESENTATION_REPRESENTATION (  '', ( #1601 ), #2089 ) ;
#1966 = ADVANCED_FACE ( 'NONE', ( #2256 ), #195, .T. ) ;
#1967 = CARTESIAN_POINT ( 'NONE',  ( -3.149999999999999900, -2.100000000000000100, 0.1499999999999999100 ) ) ;
#1968 = FACE_OUTER_BOUND ( 'NONE', #89, .T. ) ;
#1969 = FILL_AREA_STYLE_COLOUR ( '', #1714 ) ;
#1970 = DIRECTION ( 'NONE',  ( -1.000000000000000000, -0.0000000000000000000, 0.0000000000000000000 ) ) ;
#1971 = AXIS2_PLACEMENT_3D ( 'NONE', #1979, #700, #1990 ) ;
#1972 = VECTOR ( 'NONE', #849, 1000.000000000000000 ) ;
#1973 = ADVANCED_FACE ( 'NONE', ( #1974 ), #2173, .F. ) ;
#1974 = FACE_OUTER_BOUND ( 'NONE', #2214, .T. ) ;
#1975 = DIRECTION ( 'NONE',  ( 1.000000000000000000, 0.0000000000000000000, -0.0000000000000000000 ) ) ;
#1976 = AXIS2_PLACEMENT_3D ( 'NONE', #865, #1059, #1786 ) ;
#1977 = LINE ( 'NONE', #344, #16 ) ;
#1978 = STYLED_ITEM ( 'NONE', ( #1023 ), #466 ) ;
#1979 = CARTESIAN_POINT ( 'NONE',  ( 0.5999999999999999800, 2.364230484541329800, -2.925000000000000300 ) ) ;
#1980 =( NAMED_UNIT ( * ) PLANE_ANGLE_UNIT ( ) SI_UNIT ( $, .RADIAN. ) );
#1981 = DIRECTION ( 'NONE',  ( 1.000000000000000000, 0.0000000000000000000, -0.0000000000000000000 ) ) ;
#1982 = ORIENTED_EDGE ( 'NONE', *, *, #1692, .T. ) ;
#1983 = ORIENTED_EDGE ( 'NONE', *, *, #1629, .T. ) ;
#1984 = CIRCLE ( 'NONE', #1130, 0.3300000000000000200 ) ;
#1985 = ORIENTED_EDGE ( 'NONE', *, *, #315, .T. ) ;
#1986 = EDGE_LOOP ( 'NONE', ( #327, #202, #171, #287 ) ) ;
#1987 = ADVANCED_FACE ( 'NONE', ( #1482 ), #1998, .F. ) ;
#1988 = EDGE_CURVE ( 'NONE', #611, #2207, #1063, .T. ) ;
#1989 = SURFACE_STYLE_USAGE ( .BOTH. , #880 ) ;
#1990 = DIRECTION ( 'NONE',  ( 1.000000000000000000, 0.0000000000000000000, 0.0000000000000000000 ) ) ;
#1991 = SURFACE_SIDE_STYLE ('',( #1951 ) ) ;
#1992 =( NAMED_UNIT ( * ) PLANE_ANGLE_UNIT ( ) SI_UNIT ( $, .RADIAN. ) );
#1993 = COLOUR_RGB ( '',0.7490196078431372600, 0.7490196078431372600, 0.7490196078431372600 ) ;
#1994 = FILL_AREA_STYLE ('',( #1067 ) ) ;
#1995 = EDGE_CURVE ( 'NONE', #422, #1590, #1030, .T. ) ;
#1996 = PRODUCT_DEFINITION_CONTEXT ( 'detailed design', #619, 'design' ) ;
#1997 = CARTESIAN_POINT ( 'NONE',  ( -3.149999999999999900, -2.100000000000000100, 1.200000000000000000 ) ) ;
#1998 = PLANE ( 'NONE',  #816 ) ;
#1999 = PRESENTATION_STYLE_ASSIGNMENT (( #1989 ) ) ;
#2000 = CARTESIAN_POINT ( 'NONE',  ( 3.250000000000000400, 2.199999999999999700, 0.7249999999999999800 ) ) ;
#2001 = ADVANCED_FACE ( 'NONE', ( #276 ), #172, .T. ) ;
#2002 = SURFACE_SIDE_STYLE ('',( #420 ) ) ;
#2003 = PRESENTATION_LAYER_ASSIGNMENT (  '', '', ( #2128 ) ) ;
#2004 = UNCERTAINTY_MEASURE_WITH_UNIT (LENGTH_MEASURE( 1.000000000000000100E-005 ), #1665, 'distance_accuracy_value', 'NONE');
#2005 = LINE ( 'NONE', #1410, #710 ) ;
#2006 = EDGE_CURVE ( 'NONE', #770, #664, #1632, .T. ) ;
#2007 = DIRECTION ( 'NONE',  ( 0.0000000000000000000, 0.0000000000000000000, 1.000000000000000000 ) ) ;
#2008 = DIRECTION ( 'NONE',  ( 3.357297106147360200E-016, 1.000000000000000000, 0.0000000000000000000 ) ) ;
#2009 = LINE ( 'NONE', #612, #764 ) ;
#2010 = COLOUR_RGB ( '',0.1176470588235294100, 0.1176470588235294100, 0.1176470588235294100 ) ;
#2011 = CARTESIAN_POINT ( 'NONE',  ( 0.2055885716173108700, -2.625204135323589300, -2.799999999999999800 ) ) ;
#2012 = SURFACE_STYLE_FILL_AREA ( #1863 ) ;
#2013 = CARTESIAN_POINT ( 'NONE',  ( 3.149999999999999900, -8.326672684688670100E-016, 0.1499999999999999900 ) ) ;
#2014 =( GEOMETRIC_REPRESENTATION_CONTEXT ( 3 ) GLOBAL_UNCERTAINTY_ASSIGNED_CONTEXT ( ( #617 ) ) GLOBAL_UNIT_ASSIGNED_CONTEXT ( ( #176, #1464, #364 ) ) REPRESENTATION_CONTEXT ( 'NONE', 'WORKASPACE' ) );
#2015 = PRESENTATION_STYLE_ASSIGNMENT (( #1367 ) ) ;
#2016 =( LENGTH_UNIT ( ) NAMED_UNIT ( * ) SI_UNIT ( .MILLI., .METRE. ) );
#2017 = PLANE ( 'NONE',  #2317 ) ;
#2018 = LINE ( 'NONE', #231, #1529 ) ;
#2019 =( LENGTH_UNIT ( ) NAMED_UNIT ( * ) SI_UNIT ( .MILLI., .METRE. ) );
#2020 = ORIENTED_EDGE ( 'NONE', *, *, #104, .F. ) ;
#2021 = PRESENTATION_LAYER_ASSIGNMENT (  '', '', ( #1767 ) ) ;
#2022 = CARTESIAN_POINT ( 'NONE',  ( 0.7500000000000000000, 2.100000000000000100, -3.049999999999999800 ) ) ;
#2023 =( NAMED_UNIT ( * ) SI_UNIT ( $, .STERADIAN. ) SOLID_ANGLE_UNIT ( ) );
#2024 = EDGE_LOOP ( 'NONE', ( #956, #373, #2276, #886 ) ) ;
#2025 = COLOUR_RGB ( '',0.1176470588235294100, 0.1176470588235294100, 0.1176470588235294100 ) ;
#2026 = UNCERTAINTY_MEASURE_WITH_UNIT (LENGTH_MEASURE( 1.000000000000000100E-005 ), #1625, 'distance_accuracy_value', 'NONE');
#2027 = CARTESIAN_POINT ( 'NONE',  ( 0.1111771432346219900, -2.495210174253479800, -2.925000000000000300 ) ) ;
#2028 = DIRECTION ( 'NONE',  ( -1.000000000000000000, 0.0000000000000000000, 0.0000000000000000000 ) ) ;
#2029 = STYLED_ITEM ( 'NONE', ( #1747 ), #711 ) ;
#2030 = CARTESIAN_POINT ( 'NONE',  ( 0.6388228567653779800, 2.509119358484690000, -2.925000000000000300 ) ) ;
#2031 =( NAMED_UNIT ( * ) SI_UNIT ( $, .STERADIAN. ) SOLID_ANGLE_UNIT ( ) );
#2032 =( GEOMETRIC_REPRESENTATION_CONTEXT ( 3 ) GLOBAL_UNCERTAINTY_ASSIGNED_CONTEXT ( ( #481 ) ) GLOBAL_UNIT_ASSIGNED_CONTEXT ( ( #91, #1409, #1554 ) ) REPRESENTATION_CONTEXT ( 'NONE', 'WORKASPACE' ) );
#2033 = CYLINDRICAL_SURFACE ( 'NONE', #1976, 0.1499999999999999900 ) ;
#2034 = CARTESIAN_POINT ( 'NONE',  ( 0.5444114283826891900, -2.379125397414590700, -2.925000000000000300 ) ) ;
#2035 = CARTESIAN_POINT ( 'NONE',  ( 0.7500000000000000000, 2.364230484541329800, -2.799999999999999800 ) ) ;
#2036 = PRODUCT_RELATED_PRODUCT_CATEGORY ( 'part', '', ( #403 ) ) ;
#2037 = CARTESIAN_POINT ( 'NONE',  ( 0.7500000000000000000, -2.100000000000000100, -2.799999999999999800 ) ) ;
#2038 = PRESENTATION_STYLE_ASSIGNMENT (( #460 ) ) ;
#2039 = CIRCLE ( 'NONE', #2252, 0.07500000000000001100 ) ;
#2040 = CARTESIAN_POINT ( 'NONE',  ( -3.200000000000000200, 1.100000000000000100, 0.9625000000000000200 ) ) ;
#2041 = AXIS2_PLACEMENT_3D ( 'NONE', #2250, #1146, #41 ) ;
#2042 = EDGE_CURVE ( 'NONE', #1216, #770, #471, .T. ) ;
#2043 = CARTESIAN_POINT ( 'NONE',  ( 0.1499999999999999900, -3.200000000000000200, -2.925000000000000300 ) ) ;
#2044 = ORIENTED_EDGE ( 'NONE', *, *, #1995, .F. ) ;
#2045 = LINE ( 'NONE', #1196, #1664 ) ;
#2046 = DIRECTION ( 'NONE',  ( 0.0000000000000000000, -1.000000000000000000, 0.0000000000000000000 ) ) ;
#2047 =( NAMED_UNIT ( * ) PLANE_ANGLE_UNIT ( ) SI_UNIT ( $, .RADIAN. ) );
#2048 = VERTEX_POINT ( 'NONE', #1648 ) ;
#2049 = ORIENTED_EDGE ( 'NONE', *, *, #1380, .T. ) ;
#2050 =( GEOMETRIC_REPRESENTATION_CONTEXT ( 3 ) GLOBAL_UNCERTAINTY_ASSIGNED_CONTEXT ( ( #2121 ) ) GLOBAL_UNIT_ASSIGNED_CONTEXT ( ( #380, #1660, #552 ) ) REPRESENTATION_CONTEXT ( 'NONE', 'WORKASPACE' ) );
#2051 = EDGE_CURVE ( 'NONE', #1248, #1616, #1549, .T. ) ;
#2052 = CARTESIAN_POINT ( 'NONE',  ( 0.1111771432346208400, -2.495210174253479800, -2.799999999999999800 ) ) ;
#2053 = ORIENTED_EDGE ( 'NONE', *, *, #1131, .F. ) ;
#2054 =( NAMED_UNIT ( * ) PLANE_ANGLE_UNIT ( ) SI_UNIT ( $, .RADIAN. ) );
#2055 = DIRECTION ( 'NONE',  ( 1.000000000000000000, 0.0000000000000000000, 0.0000000000000000000 ) ) ;
#2056 = VECTOR ( 'NONE', #1930, 1000.000000000000000 ) ;
#2057 =( GEOMETRIC_REPRESENTATION_CONTEXT ( 3 ) GLOBAL_UNCERTAINTY_ASSIGNED_CONTEXT ( ( #1230 ) ) GLOBAL_UNIT_ASSIGNED_CONTEXT ( ( #1423, #333, #1619 ) ) REPRESENTATION_CONTEXT ( 'NONE', 'WORKASPACE' ) );
#2058 = SURFACE_STYLE_USAGE ( .BOTH. , #765 ) ;
#2059 = MECHANICAL_DESIGN_GEOMETRIC_PRESENTATION_REPRESENTATION (  '', ( #1808 ), #2180 ) ;
#2060 = VECTOR ( 'NONE', #320, 1000.000000000000000 ) ;
#2061 = CARTESIAN_POINT ( 'NONE',  ( 2.259999999999999800, 1.064999999999999900, 1.000000000000000000 ) ) ;
#2062 = PRESENTATION_LAYER_ASSIGNMENT (  '', '', ( #1810 ) ) ;
#2063 = FACE_OUTER_BOUND ( 'NONE', #1842, .T. ) ;
#2064 = DIRECTION ( 'NONE',  ( 0.0000000000000000000, 1.000000000000000000, 0.0000000000000000000 ) ) ;
#2065 = DIRECTION ( 'NONE',  ( 0.0000000000000000000, -1.000000000000000000, -0.0000000000000000000 ) ) ;
#2066 =( NAMED_UNIT ( * ) SI_UNIT ( $, .STERADIAN. ) SOLID_ANGLE_UNIT ( ) );
#2067 = CARTESIAN_POINT ( 'NONE',  ( 0.5999999999999999800, -2.100000000000000100, -2.925000000000000300 ) ) ;
#2068 = LINE ( 'NONE', #1777, #657 ) ;
#2069 = ORIENTED_EDGE ( 'NONE', *, *, #697, .T. ) ;
#2070 = CARTESIAN_POINT ( 'NONE',  ( 3.250000000000000400, 0.0000000000000000000, 0.0000000000000000000 ) ) ;
#2071 = ORIENTED_EDGE ( 'NONE', *, *, #1299, .T. ) ;
#2072 = PLANE ( 'NONE',  #506 ) ;
#2073 = FACE_OUTER_BOUND ( 'NONE', #261, .T. ) ;
#2074 = ORIENTED_EDGE ( 'NONE', *, *, #1207, .F. ) ;
#2075 = PRODUCT_DEFINITION_SHAPE ( 'NONE', 'NONE',  #2389 ) ;
#2076 = VECTOR ( 'NONE', #2347, 1000.000000000000000 ) ;
#2077 = ORIENTED_EDGE ( 'NONE', *, *, #326, .T. ) ;
#2078 = SURFACE_STYLE_USAGE ( .BOTH. , #791 ) ;
#2079 = CARTESIAN_POINT ( 'NONE',  ( 0.5250000000000000200, 2.306680960442910200, -2.925000000000000300 ) ) ;
#2080 = VECTOR ( 'NONE', #1265, 1000.000000000000000 ) ;
#2081 = AXIS2_PLACEMENT_3D ( 'NONE', #1158, #45, #1335 ) ;
#2082 = EDGE_LOOP ( 'NONE', ( #1565, #606, #1594, #1251 ) ) ;
#2083 =( GEOMETRIC_REPRESENTATION_CONTEXT ( 3 ) GLOBAL_UNCERTAINTY_ASSIGNED_CONTEXT ( ( #1446 ) ) GLOBAL_UNIT_ASSIGNED_CONTEXT ( ( #640, #1932, #833 ) ) REPRESENTATION_CONTEXT ( 'NONE', 'WORKASPACE' ) );
#2084 = DIRECTION ( 'NONE',  ( 1.000000000000000000, 0.0000000000000000000, 0.0000000000000000000 ) ) ;
#2085 = DIRECTION ( 'NONE',  ( 0.0000000000000000000, 0.0000000000000000000, -1.000000000000000000 ) ) ;
#2086 = DIRECTION ( 'NONE',  ( 0.0000000000000000000, 0.0000000000000000000, -1.000000000000000000 ) ) ;
#2087 = FILL_AREA_STYLE ('',( #1705 ) ) ;
#2088 = COLOUR_RGB ( '',0.7490196078431372600, 0.7490196078431372600, 0.7490196078431372600 ) ;
#2089 =( GEOMETRIC_REPRESENTATION_CONTEXT ( 3 ) GLOBAL_UNCERTAINTY_ASSIGNED_CONTEXT ( ( #740 ) ) GLOBAL_UNIT_ASSIGNED_CONTEXT ( ( #955, #2238, #1137 ) ) REPRESENTATION_CONTEXT ( 'NONE', 'WORKASPACE' ) );
#2090 = APPLICATION_PROTOCOL_DEFINITION ( 'draft international standard', 'automotive_design', 1998, #800 ) ;
#2091 = SURFACE_STYLE_FILL_AREA ( #1259 ) ;
#2092 = CARTESIAN_POINT ( 'NONE',  ( 3.250000000000000400, 2.200000000000000200, 0.6250000000000001100 ) ) ;
#2093 = CARTESIAN_POINT ( 'NONE',  ( 0.1499999999999999900, 3.200000000000000200, -2.925000000000000300 ) ) ;
#2094 = MECHANICAL_DESIGN_GEOMETRIC_PRESENTATION_REPRESENTATION (  '', ( #1843 ), #2212 ) ;
#2095 = EDGE_CURVE ( 'NONE', #513, #51, #1831, .T. ) ;
#2096 = UNCERTAINTY_MEASURE_WITH_UNIT (LENGTH_MEASURE( 1.000000000000000100E-005 ), #78, 'distance_accuracy_value', 'NONE');
#2097 = CARTESIAN_POINT ( 'NONE',  ( 3.200000000000000200, -1.100000000000000100, 0.3875000000000000700 ) ) ;
#2098 = PRODUCT_CONTEXT ( 'NONE', #615, 'mechanical' ) ;
#2099 = DIRECTION ( 'NONE',  ( -0.0000000000000000000, 1.000000000000000000, 0.0000000000000000000 ) ) ;
#2100 =( NAMED_UNIT ( * ) SI_UNIT ( $, .STERADIAN. ) SOLID_ANGLE_UNIT ( ) );
#2101 = SURFACE_STYLE_USAGE ( .BOTH. , #812 ) ;
#2102 = VECTOR ( 'NONE', #14, 1000.000000000000000 ) ;
#2103 =( NAMED_UNIT ( * ) SI_UNIT ( $, .STERADIAN. ) SOLID_ANGLE_UNIT ( ) );
#2104 = DIRECTION ( 'NONE',  ( -1.000000000000000000, 0.0000000000000000000, 0.0000000000000000000 ) ) ;
#2105 = EDGE_LOOP ( 'NONE', ( #1074, #976, #263, #841 ) ) ;
#2106 = MECHANICAL_DESIGN_GEOMETRIC_PRESENTATION_REPRESENTATION (  '', ( #1846 ), #2221 ) ;
#2107 = ORIENTED_EDGE ( 'NONE', *, *, #1873, .F. ) ;
#2108 = AXIS2_PLACEMENT_3D ( 'NONE', #1005, #2257, #631 ) ;
#2109 = CARTESIAN_POINT ( 'NONE',  ( 0.1499999999999999900, 2.640099048196850300, -3.049999999999999800 ) ) ;
#2110 =( LENGTH_UNIT ( ) NAMED_UNIT ( * ) SI_UNIT ( .MILLI., .METRE. ) );
#2111 = ORIENTED_EDGE ( 'NONE', *, *, #2116, .F. ) ;
#2112 = UNCERTAINTY_MEASURE_WITH_UNIT (LENGTH_MEASURE( 1.000000000000000100E-005 ), #482, 'distance_accuracy_value', 'NONE');
#2113 = DIRECTION ( 'NONE',  ( 0.0000000000000000000, 0.0000000000000000000, 1.000000000000000000 ) ) ;
#2114 = CARTESIAN_POINT ( 'NONE',  ( 2.919999999999999900, 1.064999999999999900, 1.000000000000000000 ) ) ;
#2115 = PLANE ( 'NONE',  #1156 ) ;
#2116 = EDGE_CURVE ( 'NONE', #51, #1782, #682, .T. ) ;
#2117 =( NAMED_UNIT ( * ) SI_UNIT ( $, .STERADIAN. ) SOLID_ANGLE_UNIT ( ) );
#2118 = SHAPE_REPRESENTATION ( 'User Library-TSSOP-20-2__X2_041A043E0440043F04430441_X0_', ( #1465 ), #1223 ) ;
#2119 =( LENGTH_UNIT ( ) NAMED_UNIT ( * ) SI_UNIT ( .MILLI., .METRE. ) );
#2120 = PLANE ( 'NONE',  #494 ) ;
#2121 = UNCERTAINTY_MEASURE_WITH_UNIT (LENGTH_MEASURE( 1.000000000000000100E-005 ), #380, 'distance_accuracy_value', 'NONE');
#2122 = STYLED_ITEM ( 'NONE', ( #2211 ), #1617 ) ;
#2123 = AXIS2_PLACEMENT_3D ( 'NONE', #1765, #1584, #285 ) ;
#2124 = COLOUR_RGB ( '',0.7490196078431372600, 0.7490196078431372600, 0.7490196078431372600 ) ;
#2125 =( NAMED_UNIT ( * ) PLANE_ANGLE_UNIT ( ) SI_UNIT ( $, .RADIAN. ) );
#2126 = CARTESIAN_POINT ( 'NONE',  ( 0.0000000000000000000, -3.200000000000000200, -2.799999999999999800 ) ) ;
#2127 = SHAPE_REPRESENTATION_RELATIONSHIP ( 'NONE' , 'NONE' ,  #1952, #294 ) ;
#2128 = STYLED_ITEM ( 'NONE', ( #1582 ), #2351 ) ;
#2129 = EDGE_CURVE ( 'NONE', #728, #1753, #442, .T. ) ;
#2130 = FACE_OUTER_BOUND ( 'NONE', #1986, .T. ) ;
#2131 = SURFACE_STYLE_USAGE ( .BOTH. , #843 ) ;
#2132 = LINE ( 'NONE', #1593, #969 ) ;
#2133 = EDGE_LOOP ( 'NONE', ( #1268, #1295, #465, #111 ) ) ;
#2134 = FILL_AREA_STYLE_COLOUR ( '', #174 ) ;
#2135 = CARTESIAN_POINT ( 'NONE',  ( 1.625000000000000200, 2.200000000000000200, 0.6250000000000000000 ) ) ;
#2136 = ORIENTED_EDGE ( 'NONE', *, *, #1622, .F. ) ;
#2137 = FILL_AREA_STYLE ('',( #473 ) ) ;
#2138 =( REPRESENTATION_RELATIONSHIP ('NONE','NONE', #363, #1952 ) REPRESENTATION_RELATIONSHIP_WITH_TRANSFORMATION ( #827 )SHAPE_REPRESENTATION_RELATIONSHIP( ) );
#2139 = DIRECTION ( 'NONE',  ( 0.0000000000000000000, 0.0000000000000000000, -1.000000000000000000 ) ) ;
#2140 = DIRECTION ( 'NONE',  ( -3.357297106147360200E-016, -1.000000000000000000, -0.0000000000000000000 ) ) ;
#2141 = MECHANICAL_DESIGN_GEOMETRIC_PRESENTATION_REPRESENTATION (  '', ( #1767 ), #2259 ) ;
#2142 = SURFACE_STYLE_USAGE ( .BOTH. , #901 ) ;
#2143 = CARTESIAN_POINT ( 'NONE',  ( 0.5999999999999999800, -2.618681122833390200, -3.049999999999999800 ) ) ;
#2144 = DIRECTION ( 'NONE',  ( 0.0000000000000000000, 0.0000000000000000000, 1.000000000000000000 ) ) ;
#2145 = AXIS2_PLACEMENT_3D ( 'NONE', #464, #1751, #648 ) ;
#2146 = ITEM_DEFINED_TRANSFORMATION ( 'NONE', 'NONE', #2081,  #1465 ) ;
#2147 = PRESENTATION_LAYER_ASSIGNMENT (  '', '', ( #2271 ) ) ;
#2148 = COLOUR_RGB ( '',0.1176470588235294100, 0.1176470588235294100, 0.1176470588235294100 ) ;
#2149 = FILL_AREA_STYLE ('',( #923 ) ) ;
#2150 = FILL_AREA_STYLE_COLOUR ( '', #858 ) ;
#2151 = UNCERTAINTY_MEASURE_WITH_UNIT (LENGTH_MEASURE( 1.000000000000000100E-005 ), #2183, 'distance_accuracy_value', 'NONE');
#2152 = VECTOR ( 'NONE', #2225, 1000.000000000000000 ) ;
#2153 = ADVANCED_FACE ( 'NONE', ( #1887 ), #2201, .T. ) ;
#2154 = VERTEX_POINT ( 'NONE', #929 ) ;
#2155 = COLOUR_RGB ( '',0.7490196078431372600, 0.7490196078431372600, 0.7490196078431372600 ) ;
#2156 = CARTESIAN_POINT ( 'NONE',  ( 0.7500000000000000000, 2.100000000000000100, -2.925000000000000300 ) ) ;
#2157 = ORIENTED_EDGE ( 'NONE', *, *, #688, .F. ) ;
#2158 = ORIENTED_EDGE ( 'NONE', *, *, #1581, .T. ) ;
#2159 = CARTESIAN_POINT ( 'NONE',  ( 0.1499999999999999900, -2.640099048196850300, -2.799999999999999800 ) ) ;
#2160 = VERTEX_POINT ( 'NONE', #8 ) ;
#2161 = STYLED_ITEM ( 'NONE', ( #1100 ), #1429 ) ;
#2162 = EDGE_CURVE ( 'NONE', #94, #1324, #7, .T. ) ;
#2163 = CARTESIAN_POINT ( 'NONE',  ( 0.1499999999999999900, -2.618681122833390200, -3.049999999999999800 ) ) ;
#2164 = ORIENTED_EDGE ( 'NONE', *, *, #1738, .T. ) ;
#2165 = CARTESIAN_POINT ( 'NONE',  ( 0.5250000000000000200, -2.306680960442910200, -2.799999999999999800 ) ) ;
#2166 = ADVANCED_FACE ( 'NONE', ( #2350 ), #382, .T. ) ;
#2167 = FILL_AREA_STYLE_COLOUR ( '', #1715 ) ;
#2168 = PRESENTATION_LAYER_ASSIGNMENT (  '', '', ( #2294 ) ) ;
#2169 = PRESENTATION_STYLE_ASSIGNMENT (( #1439 ) ) ;
#2170 = CARTESIAN_POINT ( 'NONE',  ( 3.250000000000000400, -2.199999999999999700, 0.6250000000000001100 ) ) ;
#2171 = EDGE_CURVE ( 'NONE', #1598, #813, #907, .T. ) ;
#2172 = CARTESIAN_POINT ( 'NONE',  ( 0.1499999999999999900, -2.640099048196850300, -3.049999999999999800 ) ) ;
#2173 = CYLINDRICAL_SURFACE ( 'NONE', #198, 0.3300000000000000200 ) ;
#2174 = COLOUR_RGB ( '',0.7490196078431372600, 0.7490196078431372600, 0.7490196078431372600 ) ;
#2175 =( LENGTH_UNIT ( ) NAMED_UNIT ( * ) SI_UNIT ( .MILLI., .METRE. ) );
#2176 = SURFACE_SIDE_STYLE ('',( #1597 ) ) ;
#2177 = ADVANCED_FACE ( 'NONE', ( #1417 ), #1680, .F. ) ;
#2178 = FACE_OUTER_BOUND ( 'NONE', #459, .T. ) ;
#2179 = CARTESIAN_POINT ( 'NONE',  ( 1.625000000000000200, 2.149999999999999900, 0.3875000000000000700 ) ) ;
#2180 =( GEOMETRIC_REPRESENTATION_CONTEXT ( 3 ) GLOBAL_UNCERTAINTY_ASSIGNED_CONTEXT ( ( #389 ) ) GLOBAL_UNIT_ASSIGNED_CONTEXT ( ( #718, #335, #1450 ) ) REPRESENTATION_CONTEXT ( 'NONE', 'WORKASPACE' ) );
#2181 = FILL_AREA_STYLE_COLOUR ( '', #760 ) ;
#2182 = MECHANICAL_DESIGN_GEOMETRIC_PRESENTATION_REPRESENTATION (  '', ( #1810 ), #2309 ) ;
#2183 =( LENGTH_UNIT ( ) NAMED_UNIT ( * ) SI_UNIT ( .MILLI., .METRE. ) );
#2184 = VERTEX_POINT ( 'NONE', #586 ) ;
#2185 = ORIENTED_EDGE ( 'NONE', *, *, #1362, .F. ) ;
#2186 = VECTOR ( 'NONE', #1226, 1000.000000000000000 ) ;
#2187 = VERTEX_POINT ( 'NONE', #769 ) ;
#2188 = PRODUCT_DEFINITION_SHAPE ( 'NONE', 'NONE',  #2382 ) ;
#2189 = PRESENTATION_STYLE_ASSIGNMENT (( #254 ) ) ;
#2190 = VERTEX_POINT ( 'NONE', #2061 ) ;
#2191 = ORIENTED_EDGE ( 'NONE', *, *, #1988, .F. ) ;
#2192 = FILL_AREA_STYLE ('',( #1284 ) ) ;
#2193 = STYLED_ITEM ( 'NONE', ( #783 ), #166 ) ;
#2194 = UNCERTAINTY_MEASURE_WITH_UNIT (LENGTH_MEASURE( 1.000000000000000100E-005 ), #633, 'distance_accuracy_value', 'NONE');
#2195 =( NAMED_UNIT ( * ) SI_UNIT ( $, .STERADIAN. ) SOLID_ANGLE_UNIT ( ) );
#2196 = AXIS2_PLACEMENT_3D ( 'NONE', #240, #1530, #416 ) ;
#2197 = STYLED_ITEM ( 'NONE', ( #1064 ), #2346 ) ;
#2198 = CARTESIAN_POINT ( 'NONE',  ( 0.1499999999999999900, 3.200000000000000200, -2.925000000000000300 ) ) ;
#2199 = DIRECTION ( 'NONE',  ( 0.9785497849867490500, 1.234555115948050000E-016, 0.2060104810498420100 ) ) ;
#2200 = CARTESIAN_POINT ( 'NONE',  ( 0.5999999999999999800, 2.364230484541329800, -2.799999999999999800 ) ) ;
#2201 = CYLINDRICAL_SURFACE ( 'NONE', #21, 0.3300000000000000200 ) ;
#2202 = COLOUR_RGB ( '',0.7921568627450980000, 0.8196078431372548800, 0.9333333333333333500 ) ;
#2203 = FACE_OUTER_BOUND ( 'NONE', #463, .T. ) ;
#2204 = CIRCLE ( 'NONE', #2303, 0.3300000000000000200 ) ;
#2205 = CARTESIAN_POINT ( 'NONE',  ( 2.589999999999999900, 1.064999999999999900, 1.000000000000000000 ) ) ;
#2206 = PRESENTATION_LAYER_ASSIGNMENT (  '', '', ( #2335 ) ) ;
#2207 = VERTEX_POINT ( 'NONE', #1686 ) ;
#2208 = COLOUR_RGB ( '',0.1176470588235294100, 0.1176470588235294100, 0.1176470588235294100 ) ;
#2209 = DIRECTION ( 'NONE',  ( 0.0000000000000000000, 0.0000000000000000000, -1.000000000000000000 ) ) ;
#2210 = VERTEX_POINT ( 'NONE', #212 ) ;
#2211 = PRESENTATION_STYLE_ASSIGNMENT (( #1939 ) ) ;
#2212 =( GEOMETRIC_REPRESENTATION_CONTEXT ( 3 ) GLOBAL_UNCERTAINTY_ASSIGNED_CONTEXT ( ( #736 ) ) GLOBAL_UNIT_ASSIGNED_CONTEXT ( ( #342, #1631, #518 ) ) REPRESENTATION_CONTEXT ( 'NONE', 'WORKASPACE' ) );
#2213 = EDGE_CURVE ( 'NONE', #1646, #985, #221, .T. ) ;
#2214 = EDGE_LOOP ( 'NONE', ( #1862, #1901, #398, #1008 ) ) ;
#2215 = PLANE ( 'NONE',  #974 ) ;
#2216 = ORIENTED_EDGE ( 'NONE', *, *, #836, .F. ) ;
#2217 = ORIENTED_EDGE ( 'NONE', *, *, #1629, .F. ) ;
#2218 =( LENGTH_UNIT ( ) NAMED_UNIT ( * ) SI_UNIT ( .MILLI., .METRE. ) );
#2219 = ORIENTED_EDGE ( 'NONE', *, *, #872, .F. ) ;
#2220 = CARTESIAN_POINT ( 'NONE',  ( -3.250000000000000400, -2.200000000000000200, 0.6750000000000000400 ) ) ;
#2221 =( GEOMETRIC_REPRESENTATION_CONTEXT ( 3 ) GLOBAL_UNCERTAINTY_ASSIGNED_CONTEXT ( ( #234 ) ) GLOBAL_UNIT_ASSIGNED_CONTEXT ( ( #702, #1980, #875 ) ) REPRESENTATION_CONTEXT ( 'NONE', 'WORKASPACE' ) );
#2222 = DIRECTION ( 'NONE',  ( 0.2060104810498420100, 0.0000000000000000000, 0.9785497849867490500 ) ) ;
#2223 = FACE_OUTER_BOUND ( 'NONE', #178, .T. ) ;
#2224 = CARTESIAN_POINT ( 'NONE',  ( -3.250000000000000900, 2.199999999999999700, 0.7249999999999998700 ) ) ;
#2225 = DIRECTION ( 'NONE',  ( -0.0000000000000000000, -0.0000000000000000000, -1.000000000000000000 ) ) ;
#2226 = CARTESIAN_POINT ( 'NONE',  ( -1.625000000000000200, -2.149999999999999900, 0.3875000000000000700 ) ) ;
#2227 = PRESENTATION_LAYER_ASSIGNMENT (  '', '', ( #1978 ) ) ;
#2228 = SURFACE_SIDE_STYLE ('',( #899 ) ) ;
#2229 = CIRCLE ( 'NONE', #1111, 0.07499999999999998300 ) ;
#2230 =( NAMED_UNIT ( * ) PLANE_ANGLE_UNIT ( ) SI_UNIT ( $, .RADIAN. ) );
#2231 = DIRECTION ( 'NONE',  ( 0.0000000000000000000, 0.0000000000000000000, 1.000000000000000000 ) ) ;
#2232 = EDGE_CURVE ( 'NONE', #2184, #1222, #620, .T. ) ;
#2233 = CONTEXT_DEPENDENT_SHAPE_REPRESENTATION ( #1589, #1147 ) ;
#2234 = COLOUR_RGB ( '',0.7490196078431372600, 0.7490196078431372600, 0.7490196078431372600 ) ;
#2235 = SURFACE_SIDE_STYLE ('',( #1826 ) ) ;
#2236 = FACE_OUTER_BOUND ( 'NONE', #1644, .T. ) ;
#2237 = CARTESIAN_POINT ( 'NONE',  ( 0.0000000000000000000, 0.0000000000000000000, 0.0000000000000000000 ) ) ;
#2238 =( NAMED_UNIT ( * ) PLANE_ANGLE_UNIT ( ) SI_UNIT ( $, .RADIAN. ) );
#2239 = STYLED_ITEM ( 'NONE', ( #1104 ), #127 ) ;
#2240 = PLANE ( 'NONE',  #2041 ) ;
#2241 = CLOSED_SHELL ( 'NONE', ( #1973, #166, #508, #701, #498, #1641, #328, #2365, #1791, #338, #305, #1232, #1081, #127, #1052, #863, #1411 ) ) ;
#2242 = PRESENTATION_STYLE_ASSIGNMENT (( #1343 ) ) ;
#2243 = FILL_AREA_STYLE_COLOUR ( '', #497 ) ;
#2244 = ORIENTED_EDGE ( 'NONE', *, *, #1915, .T. ) ;
#2245 = AXIS2_PLACEMENT_3D ( 'NONE', #1153, #604, #1339 ) ;
#2246 = EDGE_CURVE ( 'NONE', #1663, #839, #126, .T. ) ;
#2247 = DIRECTION ( 'NONE',  ( 1.000000000000000000, 0.0000000000000000000, 0.0000000000000000000 ) ) ;
#2248 = CARTESIAN_POINT ( 'NONE',  ( 3.250000000000000400, 2.200000000000000200, 0.6750000000000000400 ) ) ;
#2249 = ORIENTED_EDGE ( 'NONE', *, *, #1181, .T. ) ;
#2250 = CARTESIAN_POINT ( 'NONE',  ( 2.589999999999999900, 1.064999999999999900, 1.000000000000000000 ) ) ;
#2251 = DIRECTION ( 'NONE',  ( -0.0000000000000000000, -0.0000000000000000000, -1.000000000000000000 ) ) ;
#2252 = AXIS2_PLACEMENT_3D ( 'NONE', #543, #1834, #735 ) ;
#2253 = DIRECTION ( 'NONE',  ( 0.0000000000000000000, 1.000000000000000000, 0.0000000000000000000 ) ) ;
#2254 = FILL_AREA_STYLE ('',( #1703 ) ) ;
#2255 = PLANE ( 'NONE',  #1330 ) ;
#2256 = FACE_OUTER_BOUND ( 'NONE', #1139, .T. ) ;
#2257 = DIRECTION ( 'NONE',  ( -1.000000000000000000, -3.357297106147360200E-016, 0.0000000000000000000 ) ) ;
#2258 =( NAMED_UNIT ( * ) PLANE_ANGLE_UNIT ( ) SI_UNIT ( $, .RADIAN. ) );
#2259 =( GEOMETRIC_REPRESENTATION_CONTEXT ( 3 ) GLOBAL_UNCERTAINTY_ASSIGNED_CONTEXT ( ( #1885 ) ) GLOBAL_UNIT_ASSIGNED_CONTEXT ( ( #115, #1394, #301 ) ) REPRESENTATION_CONTEXT ( 'NONE', 'WORKASPACE' ) );
#2260 =( LENGTH_UNIT ( ) NAMED_UNIT ( * ) SI_UNIT ( .MILLI., .METRE. ) );
#2261 = CARTESIAN_POINT ( 'NONE',  ( 0.5250000000000000200, -2.306680960442910200, -2.925000000000000300 ) ) ;
#2262 = CARTESIAN_POINT ( 'NONE',  ( 0.2055885716173108700, -2.625204135323589300, -2.925000000000000300 ) ) ;
#2263 = VECTOR ( 'NONE', #789, 1000.000000000000000 ) ;
#2264 = DIRECTION ( 'NONE',  ( 1.000000000000000000, 1.261617073437680000E-016, 0.0000000000000000000 ) ) ;
#2265 = VECTOR ( 'NONE', #714, 1000.000000000000100 ) ;
#2266 = SURFACE_STYLE_USAGE ( .BOTH. , #980 ) ;
#2267 = PRESENTATION_LAYER_ASSIGNMENT (  '', '', ( #2029 ) ) ;
#2268 = ORIENTED_EDGE ( 'NONE', *, *, #763, .T. ) ;
#2269 = APPLICATION_CONTEXT ( 'automotive_design' ) ;
#2270 = EDGE_LOOP ( 'NONE', ( #1347, #1821, #1624, #141 ) ) ;
#2271 = STYLED_ITEM ( 'NONE', ( #299 ), #328 ) ;
#2272 = CARTESIAN_POINT ( 'NONE',  ( 0.0000000000000000000, 2.640099048196850300, -2.925000000000000300 ) ) ;
#2273 = ORIENTED_EDGE ( 'NONE', *, *, #1303, .F. ) ;
#2274 = CARTESIAN_POINT ( 'NONE',  ( 0.1499999999999999900, 2.697648572295269900, -2.925000000000000300 ) ) ;
#2275 =( NAMED_UNIT ( * ) SI_UNIT ( $, .STERADIAN. ) SOLID_ANGLE_UNIT ( ) );
#2276 = ORIENTED_EDGE ( 'NONE', *, *, #1922, .F. ) ;
#2277 = UNCERTAINTY_MEASURE_WITH_UNIT (LENGTH_MEASURE( 1.000000000000000100E-005 ), #1170, 'distance_accuracy_value', 'NONE');
#2278 = CARTESIAN_POINT ( 'NONE',  ( 0.2250000000000000300, 2.697648572295269900, -2.799999999999999800 ) ) ;
#2279 = DIRECTION ( 'NONE',  ( -0.2060104810498420100, 0.0000000000000000000, -0.9785497849867490500 ) ) ;
#2280 = APPLICATION_PROTOCOL_DEFINITION ( 'draft international standard', 'automotive_design', 1998, #992 ) ;
#2281 = ORIENTED_EDGE ( 'NONE', *, *, #2232, .F. ) ;
#2282 = CARTESIAN_POINT ( 'NONE',  ( 0.7500000000000000000, 2.364230484541329800, -3.049999999999999800 ) ) ;
#2283 =( NAMED_UNIT ( * ) PLANE_ANGLE_UNIT ( ) SI_UNIT ( $, .RADIAN. ) );
#2284 = CARTESIAN_POINT ( 'NONE',  ( 0.1499999999999999900, 2.697648572295269900, -2.925000000000000300 ) ) ;
#2285 = PRESENTATION_LAYER_ASSIGNMENT (  '', '', ( #2161 ) ) ;
#2286 = EDGE_CURVE ( 'NONE', #985, #1670, #1709, .T. ) ;
#2287 = CARTESIAN_POINT ( 'NONE',  ( 0.5999999999999999800, -2.364230484541329800, -2.799999999999999800 ) ) ;
#2288 = DIRECTION ( 'NONE',  ( 1.000000000000000000, 0.0000000000000000000, 0.0000000000000000000 ) ) ;
#2289 = LINE ( 'NONE', #1967, #1455 ) ;
#2290 =( NAMED_UNIT ( * ) SI_UNIT ( $, .STERADIAN. ) SOLID_ANGLE_UNIT ( ) );
#2291 = SURFACE_STYLE_USAGE ( .BOTH. , #1187 ) ;
#2292 = FILL_AREA_STYLE_COLOUR ( '', #649 ) ;
#2293 = AXIS2_PLACEMENT_3D ( 'NONE', #534, #1827, #733 ) ;
#2294 = STYLED_ITEM ( 'NONE', ( #1712 ), #2166 ) ;
#2295 = EDGE_CURVE ( 'NONE', #1775, #2154, #1281, .T. ) ;
#2296 = DIRECTION ( 'NONE',  ( 0.0000000000000000000, 0.0000000000000000000, -1.000000000000000000 ) ) ;
#2297 = CARTESIAN_POINT ( 'NONE',  ( 0.1111771432346221100, -2.495210174253479800, -3.049999999999999800 ) ) ;
#2298 = SURFACE_SIDE_STYLE ('',( #502 ) ) ;
#2299 = PRESENTATION_STYLE_ASSIGNMENT (( #1329 ) ) ;
#2300 =( LENGTH_UNIT ( ) NAMED_UNIT ( * ) SI_UNIT ( .MILLI., .METRE. ) );
#2301 = FILL_AREA_STYLE ('',( #1019 ) ) ;
#2302 = ORIENTED_EDGE ( 'NONE', *, *, #2246, .T. ) ;
#2303 = AXIS2_PLACEMENT_3D ( 'NONE', #151, #1435, #339 ) ;
#2304 = ORIENTED_EDGE ( 'NONE', *, *, #1426, .F. ) ;
#2305 = DIRECTION ( 'NONE',  ( -1.000000000000000000, 1.381282807458380100E-016, 0.0000000000000000000 ) ) ;
#2306 = PRODUCT_DEFINITION_SHAPE ( 'NONE', 'NONE',  #2381 ) ;
#2307 = SURFACE_STYLE_FILL_AREA ( #870 ) ;
#2308 = SURFACE_SIDE_STYLE ('',( #1261 ) ) ;
#2309 =( GEOMETRIC_REPRESENTATION_CONTEXT ( 3 ) GLOBAL_UNCERTAINTY_ASSIGNED_CONTEXT ( ( #2112 ) ) GLOBAL_UNIT_ASSIGNED_CONTEXT ( ( #482, #1770, #673 ) ) REPRESENTATION_CONTEXT ( 'NONE', 'WORKASPACE' ) );
#2310 = PRESENTATION_STYLE_ASSIGNMENT (( #732 ) ) ;
#2311 = VERTEX_POINT ( 'NONE', #413 ) ;
#2312 = VERTEX_POINT ( 'NONE', #1526 ) ;
#2313 =( NAMED_UNIT ( * ) PLANE_ANGLE_UNIT ( ) SI_UNIT ( $, .RADIAN. ) );
#2314 = FILL_AREA_STYLE ('',( #2134 ) ) ;
#2315 = DIRECTION ( 'NONE',  ( 0.0000000000000000000, 0.0000000000000000000, -1.000000000000000000 ) ) ;
#2316 = UNCERTAINTY_MEASURE_WITH_UNIT (LENGTH_MEASURE( 1.000000000000000100E-005 ), #2119, 'distance_accuracy_value', 'NONE');
#2317 = AXIS2_PLACEMENT_3D ( 'NONE', #1042, #2139, #74 ) ;
#2318 = SURFACE_SIDE_STYLE ('',( #792 ) ) ;
#2319 = FACE_OUTER_BOUND ( 'NONE', #922, .T. ) ;
#2320 =( REPRESENTATION_RELATIONSHIP ('NONE','NONE', #363, #1952 ) REPRESENTATION_RELATIONSHIP_WITH_TRANSFORMATION ( #947 )SHAPE_REPRESENTATION_RELATIONSHIP( ) );
#2321 = CARTESIAN_POINT ( 'NONE',  ( 0.3190721488971339800, -2.100000000000000100, -3.049999999999999800 ) ) ;
#2322 = FACE_OUTER_BOUND ( 'NONE', #1126, .T. ) ;
#2323 = SURFACE_SIDE_STYLE ('',( #291 ) ) ;
#2324 = PRESENTATION_STYLE_ASSIGNMENT (( #1405 ) ) ;
#2325 = COLOUR_RGB ( '',0.7490196078431372600, 0.7490196078431372600, 0.7490196078431372600 ) ;
#2326 = AXIS2_PLACEMENT_3D ( 'NONE', #1707, #608, #1894 ) ;
#2327 = PRESENTATION_LAYER_ASSIGNMENT (  '', '', ( #2197 ) ) ;
#2328 = VECTOR ( 'NONE', #584, 1000.000000000000000 ) ;
#2329 = SURFACE_SIDE_STYLE ('',( #500 ) ) ;
#2330 = ORIENTED_EDGE ( 'NONE', *, *, #551, .F. ) ;
#2331 = DIRECTION ( 'NONE',  ( 0.0000000000000000000, 0.0000000000000000000, -1.000000000000000000 ) ) ;
#2332 = ORIENTED_EDGE ( 'NONE', *, *, #556, .T. ) ;
#2333 = UNCERTAINTY_MEASURE_WITH_UNIT (LENGTH_MEASURE( 1.000000000000000100E-005 ), #1413, 'distance_accuracy_value', 'NONE');
#2334 = EDGE_LOOP ( 'NONE', ( #1809, #2369, #983, #114 ) ) ;
#2335 = STYLED_ITEM ( 'NONE', ( #2299 ), #1266 ) ;
#2336 = VECTOR ( 'NONE', #751, 1000.000000000000000 ) ;
#2337 = ORIENTED_EDGE ( 'NONE', *, *, #712, .F. ) ;
#2338 = CARTESIAN_POINT ( 'NONE',  ( 3.250000000000000400, 2.200000000000000200, 0.7249999999999999800 ) ) ;
#2339 = ADVANCED_FACE ( 'NONE', ( #191 ), #6, .T. ) ;
#2340 = DIRECTION ( 'NONE',  ( -1.381282807458380100E-016, 1.000000000000000000, 0.0000000000000000000 ) ) ;
#2341 = FILL_AREA_STYLE ('',( #2150 ) ) ;
#2342 = PRESENTATION_LAYER_ASSIGNMENT (  '', '', ( #67 ) ) ;
#2343 = EDGE_CURVE ( 'NONE', #1756, #1149, #2009, .T. ) ;
#2344 = DIRECTION ( 'NONE',  ( 0.0000000000000000000, -0.0000000000000000000, -1.000000000000000000 ) ) ;
#2345 = COLOUR_RGB ( '',0.1176470588235294100, 0.1176470588235294100, 0.1176470588235294100 ) ;
#2346 = ADVANCED_BREP_SHAPE_REPRESENTATION ( '', ( #466, #1465 ), #2083 ) ;
#2347 = DIRECTION ( 'NONE',  ( 0.0000000000000000000, 0.0000000000000000000, 1.000000000000000000 ) ) ;
#2348 = DIRECTION ( 'NONE',  ( 0.0000000000000000000, 0.0000000000000000000, 1.000000000000000000 ) ) ;
#2349 = FILL_AREA_STYLE ('',( #2373 ) ) ;
#2350 = FACE_OUTER_BOUND ( 'NONE', #259, .T. ) ;
#2351 = ADVANCED_FACE ( 'NONE', ( #1004 ), #1708, .F. ) ;
#2352 = MECHANICAL_DESIGN_GEOMETRIC_PRESENTATION_REPRESENTATION (  '', ( #1978 ), #82 ) ;
#2353 = DIRECTION ( 'NONE',  ( -1.000000000000000000, 0.0000000000000000000, 0.0000000000000000000 ) ) ;
#2354 = SURFACE_STYLE_FILL_AREA ( #1912 ) ;
#2355 = DIRECTION ( 'NONE',  ( 0.2588190451025190200, -0.9659258262890688700, 0.0000000000000000000 ) ) ;
#2356 = VECTOR ( 'NONE', #192, 1000.000000000000000 ) ;
#2357 = PLANE ( 'NONE',  #900 ) ;
#2358 = SURFACE_SIDE_STYLE ('',( #1716 ) ) ;
#2359 = UNCERTAINTY_MEASURE_WITH_UNIT (LENGTH_MEASURE( 1.000000000000000100E-005 ), #1073, 'distance_accuracy_value', 'NONE');
#2360 = EDGE_CURVE ( 'NONE', #664, #323, #1741, .T. ) ;
#2361 = ORIENTED_EDGE ( 'NONE', *, *, #1299, .F. ) ;
#2362 = FACE_OUTER_BOUND ( 'NONE', #2133, .T. ) ;
#2363 = FILL_AREA_STYLE ('',( #2181 ) ) ;
#2364 = ORIENTED_EDGE ( 'NONE', *, *, #2006, .F. ) ;
#2365 = ADVANCED_FACE ( 'NONE', ( #882 ), #1909, .T. ) ;
#2366 =( NAMED_UNIT ( * ) SI_UNIT ( $, .STERADIAN. ) SOLID_ANGLE_UNIT ( ) );
#2367 = ORIENTED_EDGE ( 'NONE', *, *, #13, .F. ) ;
#2368 = DIRECTION ( 'NONE',  ( 1.000000000000000000, 0.0000000000000000000, 0.0000000000000000000 ) ) ;
#2369 = ORIENTED_EDGE ( 'NONE', *, *, #1001, .F. ) ;
#2370 = DIRECTION ( 'NONE',  ( -0.0000000000000000000, -0.0000000000000000000, 1.000000000000000000 ) ) ;
#2371 = PRESENTATION_LAYER_ASSIGNMENT (  '', '', ( #2239 ) ) ;
#2372 = ORIENTED_EDGE ( 'NONE', *, *, #2171, .F. ) ;
#2373 = FILL_AREA_STYLE_COLOUR ( '', #2234 ) ;
#2374 =( NAMED_UNIT ( * ) SI_UNIT ( $, .STERADIAN. ) SOLID_ANGLE_UNIT ( ) );
#2375 = MECHANICAL_DESIGN_GEOMETRIC_PRESENTATION_REPRESENTATION (  '', ( #2128 ), #103 ) ;
#2376 = EDGE_CURVE ( 'NONE', #2160, #1898, #1461, .T. ) ;
#2377 = UNCERTAINTY_MEASURE_WITH_UNIT (LENGTH_MEASURE( 1.000000000000000100E-005 ), #353, 'distance_accuracy_value', 'NONE');
#2378 = UNCERTAINTY_MEASURE_WITH_UNIT (LENGTH_MEASURE( 1.000000000000000100E-005 ), #96, 'distance_accuracy_value', 'NONE');
#2379 = CARTESIAN_POINT ( 'NONE',  ( 0.7499999999999998900, -2.364230484541329800, -2.925000000000000300 ) ) ;
#2380 = LINE ( 'NONE', #2037, #2336 ) ;
#2381 = NEXT_ASSEMBLY_USAGE_OCCURRENCE ( 'NAUO1', ' ', ' ', #1054, #797, $ ) ;
#2382 = NEXT_ASSEMBLY_USAGE_OCCURRENCE ( 'NAUO2', ' ', ' ', #1054, #677, $ ) ;
#2383 = NEXT_ASSEMBLY_USAGE_OCCURRENCE ( 'NAUO3', ' ', ' ', #1054, #544, $ ) ;
#2384 = NEXT_ASSEMBLY_USAGE_OCCURRENCE ( 'NAUO4', ' ', ' ', #1054, #544, $ ) ;
#2385 = NEXT_ASSEMBLY_USAGE_OCCURRENCE ( 'NAUO5', ' ', ' ', #1054, #544, $ ) ;
#2386 = NEXT_ASSEMBLY_USAGE_OCCURRENCE ( 'NAUO6', ' ', ' ', #1054, #544, $ ) ;
#2387 = NEXT_ASSEMBLY_USAGE_OCCURRENCE ( 'NAUO7', ' ', ' ', #1054, #544, $ ) ;
#2388 = NEXT_ASSEMBLY_USAGE_OCCURRENCE ( 'NAUO8', ' ', ' ', #1054, #544, $ ) ;
#2389 = NEXT_ASSEMBLY_USAGE_OCCURRENCE ( 'NAUO9', ' ', ' ', #1054, #544, $ ) ;
#2390 = NEXT_ASSEMBLY_USAGE_OCCURRENCE ( 'NAUO10', ' ', ' ', #1054, #544, $ ) ;
#2391 = NEXT_ASSEMBLY_USAGE_OCCURRENCE ( 'NAUO11', ' ', ' ', #1054, #544, $ ) ;
#2392 = NEXT_ASSEMBLY_USAGE_OCCURRENCE ( 'NAUO12', ' ', ' ', #1054, #544, $ ) ;
ENDSEC;
END-ISO-10303-21;
