ISO-10303-21;
HEADER;
FILE_DESCRIPTION (( 'STEP AP214' ),
    '1' );
FILE_NAME ('User Library-AVX_BCASE.STEP',
    '2016-10-28T01:59:31',
    ( 'Windows User' ),
    ( '' ),
    'SwSTEP 2.0',
    'SolidWorks 2016',
    '' );
FILE_SCHEMA (( 'AUTOMOTIVE_DESIGN' ));
ENDSEC;

DATA;
#1 = UNCERTAINTY_MEASURE_WITH_UNIT (LENGTH_MEASURE( 1.000000000000000100E-005 ), #132, 'distance_accuracy_value', 'NONE');
#2 = EDGE_LOOP ( 'NONE', ( #6298, #3328, #10523, #3530 ) ) ;
#3 = COLOUR_RGB ( '',0.6862745098039215700, 0.6078431372549019100, 0.5294117647058823600 ) ;
#4 = EDGE_CURVE ( 'NONE', #4243, #9446, #5360, .T. ) ;
#5 = CARTESIAN_POINT ( 'NONE',  ( 0.7542460866033849900, -0.1482249784365759800, 2.029999999999999800 ) ) ;
#6 = CARTESIAN_POINT ( 'NONE',  ( 0.2608974358974429600, -0.1616594414007626000, 2.030000000000000200 ) ) ;
#7 = SURFACE_SIDE_STYLE ('',( #6980 ) ) ;
#8 = DIRECTION ( 'NONE',  ( -0.0000000000000000000, -1.000000000000000000, -0.0000000000000000000 ) ) ;
#9 = CARTESIAN_POINT ( 'NONE',  ( 0.6034616411506654700, -0.3088899169654016900, 2.030000000000000700 ) ) ;
#10 = AXIS2_PLACEMENT_3D ( 'NONE', #5186, #208, #6003 ) ;
#11 = CARTESIAN_POINT ( 'NONE',  ( -0.1876158025297964800, -0.1706186053817996300, 2.030000000000000700 ) ) ;
#12 =( NAMED_UNIT ( * ) SI_UNIT ( $, .STERADIAN. ) SOLID_ANGLE_UNIT ( ) );
#13 = FILL_AREA_STYLE_COLOUR ( '', #236 ) ;
#14 =( NAMED_UNIT ( * ) SI_UNIT ( $, .STERADIAN. ) SOLID_ANGLE_UNIT ( ) );
#15 = COLOUR_RGB ( '',0.7294117647058823200, 0.3568627450980392200, 0.02352941176470588200 ) ;
#16 = ORIENTED_EDGE ( 'NONE', *, *, #6915, .F. ) ;
#17 = CARTESIAN_POINT ( 'NONE',  ( -1.036783343549889000, -0.2898984176969817700, 2.025000000000000800 ) ) ;
#18 = ORIENTED_EDGE ( 'NONE', *, *, #5028, .T. ) ;
#19 = LINE ( 'NONE', #1077, #2222 ) ;
#20 = STYLED_ITEM ( 'NONE', ( #8244 ), #7699 ) ;
#21 = SURFACE_STYLE_USAGE ( .BOTH. , #4982 ) ;
#22 = FILL_AREA_STYLE ('',( #3323 ) ) ;
#23 = EDGE_CURVE ( 'NONE', #3450, #5456, #9469, .T. ) ;
#24 = CARTESIAN_POINT ( 'NONE',  ( 0.6989578049471821800, -0.1513431491900542300, 2.025000000000001200 ) ) ;
#25 = FILL_AREA_STYLE_COLOUR ( '', #4187 ) ;
#26 = CARTESIAN_POINT ( 'NONE',  ( -1.624872122057813500, 1.290252652248629300, 0.2112844257252344500 ) ) ;
#27 = EDGE_LOOP ( 'NONE', ( #6170, #408, #10700, #4593 ) ) ;
#28 = STYLED_ITEM ( 'NONE', ( #6619 ), #10380 ) ;
#29 = FACE_OUTER_BOUND ( 'NONE', #2724, .T. ) ;
#30 = CARTESIAN_POINT ( 'NONE',  ( 0.7685459342035158000, -0.2114158831479109900, 2.024999999999999900 ) ) ;
#31 = CARTESIAN_POINT ( 'NONE',  ( -0.9448717948717880700, -0.5555396497340959700, 2.025000000000000400 ) ) ;
#32 = ORIENTED_EDGE ( 'NONE', *, *, #7882, .F. ) ;
#34 = CARTESIAN_POINT ( 'NONE',  ( 1.311538461538469500, -0.6552491849905062200, 2.025000000000000400 ) ) ;
#33 = MECHANICAL_DESIGN_GEOMETRIC_PRESENTATION_REPRESENTATION (  '', ( #9637 ), #573 ) ;
#35 = CARTESIAN_POINT ( 'NONE',  ( -1.059527226539648000, -0.1784422640064065300, 2.025000000000000800 ) ) ;
#36 = DIRECTION ( 'NONE',  ( 0.0000000000000000000, 0.0000000000000000000, -1.000000000000000000 ) ) ;
#37 =( GEOMETRIC_REPRESENTATION_CONTEXT ( 3 ) GLOBAL_UNCERTAINTY_ASSIGNED_CONTEXT ( ( #3150 ) ) GLOBAL_UNIT_ASSIGNED_CONTEXT ( ( #73, #5864, #911 ) ) REPRESENTATION_CONTEXT ( 'NONE', 'WORKASPACE' ) );
#38 = EDGE_LOOP ( 'NONE', ( #9105, #9995, #1142, #1427, #3744 ) ) ;
#39 = DIRECTION ( 'NONE',  ( -0.3896399908366979800, -0.9209672510685589200, 0.0000000000000000000 ) ) ;
#40 = CARTESIAN_POINT ( 'NONE',  ( 0.8443508889192842300, -0.1958192214849558700, 2.025000000000000800 ) ) ;
#41 = ORIENTED_EDGE ( 'NONE', *, *, #5741, .T. ) ;
#42 = CARTESIAN_POINT ( 'NONE',  ( -1.700000000000005100, 1.100000000000000100, 1.070000000000000100 ) ) ;
#43 = DIRECTION ( 'NONE',  ( -1.000000000000000000, -3.552334763092437500E-015, -0.0000000000000000000 ) ) ;
#44 = VECTOR ( 'NONE', #2868, 1000.000000000000000 ) ;
#45 = VECTOR ( 'NONE', #4012, 1000.000000000000000 ) ;
#46 =( NAMED_UNIT ( * ) SI_UNIT ( $, .STERADIAN. ) SOLID_ANGLE_UNIT ( ) );
#47 = CARTESIAN_POINT ( 'NONE',  ( 1.525252652248629400, 1.290252652248629100, 0.1200000000000000000 ) ) ;
#48 = CARTESIAN_POINT ( 'NONE',  ( -1.710000000000005100, 1.100000000000000100, 1.169999999999999900 ) ) ;
#49 = VECTOR ( 'NONE', #2348, 1000.000000000000100 ) ;
#50 = ORIENTED_EDGE ( 'NONE', *, *, #2608, .T. ) ;
#51 = FILL_AREA_STYLE_COLOUR ( '', #5804 ) ;
#52 = CARTESIAN_POINT ( 'NONE',  ( -0.07051282051281364300, -0.6104074381956344800, 2.025000000000000800 ) ) ;
#53 = CARTESIAN_POINT ( 'NONE',  ( -1.057858245528118700, -0.2451418720476440900, 2.029999999999999800 ) ) ;
#54 = VECTOR ( 'NONE', #10285, 1000.000000000000000 ) ;
#55 = CARTESIAN_POINT ( 'NONE',  ( -1.117810729785262900, -0.1637028013137657400, 2.030000000000000200 ) ) ;
#56 = EDGE_CURVE ( 'NONE', #6871, #1938, #2945, .T. ) ;
#57 = CARTESIAN_POINT ( 'NONE',  ( -1.701000000000005200, 1.100000000000000100, 1.020999999999999900 ) ) ;
#58 = CARTESIAN_POINT ( 'NONE',  ( -1.354929309816589300, 1.419929309816579100, 2.025000000000000400 ) ) ;
#59 = LINE ( 'NONE', #296, #8328 ) ;
#60 = ORIENTED_EDGE ( 'NONE', *, *, #5566, .F. ) ;
#61 = CARTESIAN_POINT ( 'NONE',  ( -0.9999868772060303000, -0.5222251824754804400, 2.024999999999999900 ) ) ;
#62 = CARTESIAN_POINT ( 'NONE',  ( -1.120492788461531700, -0.7116594414007626500, 2.025000000000000400 ) ) ;
#63 = VECTOR ( 'NONE', #4453, 1000.000000000000000 ) ;
#64 = EDGE_CURVE ( 'NONE', #10565, #9471, #951, .T. ) ;
#65 = CARTESIAN_POINT ( 'NONE',  ( -0.9475556046877503500, -0.5869912087707538400, 2.024999999999999900 ) ) ;
#66 = SURFACE_STYLE_FILL_AREA ( #5428 ) ;
#67 = SURFACE_SIDE_STYLE ('',( #6515 ) ) ;
#68 = ORIENTED_EDGE ( 'NONE', *, *, #7475, .F. ) ;
#69 = EDGE_CURVE ( 'NONE', #3775, #604, #5251, .T. ) ;
#70 =( NAMED_UNIT ( * ) SI_UNIT ( $, .STERADIAN. ) SOLID_ANGLE_UNIT ( ) );
#71 = EDGE_CURVE ( 'NONE', #8306, #8045, #6429, .T. ) ;
#72 = AXIS2_PLACEMENT_3D ( 'NONE', #6545, #1601, #7371 ) ;
#73 =( LENGTH_UNIT ( ) NAMED_UNIT ( * ) SI_UNIT ( .MILLI., .METRE. ) );
#74 = DIRECTION ( 'NONE',  ( -0.0000000000000000000, -0.0000000000000000000, 1.000000000000000000 ) ) ;
#75 = FACE_OUTER_BOUND ( 'NONE', #10671, .T. ) ;
#76 = CARTESIAN_POINT ( 'NONE',  ( -0.3101462339743520900, -0.6693517490930703800, 2.030000000000000200 ) ) ;
#77 = ORIENTED_EDGE ( 'NONE', *, *, #10308, .T. ) ;
#78 = B_SPLINE_CURVE_WITH_KNOTS ( 'NONE', 3,
 ( #635, #6461, #2344, #8124, #3197, #8948, #4020, #9773, #4849, #10608, #5675, #709, #6497, #1554, #7327, #2382, #8160, #3238, #8981 ),
 .UNSPECIFIED., .F., .F.,
 ( 4, 1, 1, 1, 1, 1, 1, 1, 1, 1, 1, 1, 1, 1, 1, 1, 4 ),
 ( 0.0000000000000000000, 0.05700313251292429100, 0.1118178691207242600, 0.1644023722182112500, 0.2158698048987956500, 0.2668411100818676700, 0.3174789632053577900, 0.3699021362727597500, 0.4234004494436362000, 0.4797183982994510100, 0.5392414966442967700, 0.6024306889434224400, 0.6710295461473350100, 0.7444847975608474000, 0.8234539713786840400, 0.9087403127306658000, 1.000000000000000000 ),
 .UNSPECIFIED. ) ;
#79 = CARTESIAN_POINT ( 'NONE',  ( 1.700000000000000800, -0.2597482130597328400, 1.084000000000000300 ) ) ;
#80 = AXIS2_PLACEMENT_3D ( 'NONE', #3809, #9557, #4637 ) ;
#81 = CARTESIAN_POINT ( 'NONE',  ( 0.8531100590258957600, -0.4828286031128817800, 2.030000000000000200 ) ) ;
#82 = CARTESIAN_POINT ( 'NONE',  ( -0.1779547675610907700, -0.6338699794620299400, 2.024999999999999900 ) ) ;
#83 =( NAMED_UNIT ( * ) SI_UNIT ( $, .STERADIAN. ) SOLID_ANGLE_UNIT ( ) );
#84 = DIRECTION ( 'NONE',  ( -0.0000000000000000000, -1.000000000000000000, -0.0000000000000000000 ) ) ;
#85 = DIRECTION ( 'NONE',  ( 0.0000000000000000000, -0.0000000000000000000, 1.000000000000000000 ) ) ;
#86 = PRESENTATION_STYLE_ASSIGNMENT (( #7413 ) ) ;
#87 = CIRCLE ( 'NONE', #1842, 0.04900000000000000200 ) ;
#88 = CARTESIAN_POINT ( 'NONE',  ( -1.124886494144974300, -0.2191891949174015500, 2.025000000000000400 ) ) ;
#89 = CARTESIAN_POINT ( 'NONE',  ( -0.9873882307750868600, -0.2914636076646174900, 2.029999999999999800 ) ) ;
#90 = EDGE_LOOP ( 'NONE', ( #4634, #7099, #9138, #7401 ) ) ;
#91 = STYLED_ITEM ( 'NONE', ( #9854 ), #10111 ) ;
#92 = CARTESIAN_POINT ( 'NONE',  ( -1.699999999999999500, -1.465000000000000300, 1.070000000000037600 ) ) ;
#93 = ORIENTED_EDGE ( 'NONE', *, *, #9338, .F. ) ;
#94 = ADVANCED_FACE ( 'NONE', ( #2058, #8630 ), #5669, .F. ) ;
#95 = DIRECTION ( 'NONE',  ( -0.4283511191562788800, -0.9036123719369735200, 0.0000000000000000000 ) ) ;
#96 = ORIENTED_EDGE ( 'NONE', *, *, #5780, .T. ) ;
#97 = AXIS2_PLACEMENT_3D ( 'NONE', #6467, #1524, #7296 ) ;
#98 = DIRECTION ( 'NONE',  ( -0.0000000000000000000, -1.000000000000000000, -0.0000000000000000000 ) ) ;
#99 = FACE_BOUND ( 'NONE', #4414, .T. ) ;
#100 =( NAMED_UNIT ( * ) SI_UNIT ( $, .STERADIAN. ) SOLID_ANGLE_UNIT ( ) );
#101 = FACE_OUTER_BOUND ( 'NONE', #4402, .T. ) ;
#102 = VECTOR ( 'NONE', #8940, 999.9999999999998900 ) ;
#103 =( LENGTH_UNIT ( ) NAMED_UNIT ( * ) SI_UNIT ( .MILLI., .METRE. ) );
#104 = COLOUR_RGB ( '',1.000000000000000000, 0.7176470588235294200, 0.2470588235294117800 ) ;
#105 = AXIS2_PLACEMENT_3D ( 'NONE', #4440, #10195, #5272 ) ;
#106 = LINE ( 'NONE', #7997, #891 ) ;
#107 = ORIENTED_EDGE ( 'NONE', *, *, #2144, .T. ) ;
#108 = VERTEX_POINT ( 'NONE', #2410 ) ;
#109 = CARTESIAN_POINT ( 'NONE',  ( -0.9924143848800521800, -0.6666487272906593800, 2.029999999999999800 ) ) ;
#110 = CARTESIAN_POINT ( 'NONE',  ( -1.095971910341399600, -0.3830218149577721000, 2.025000000000000800 ) ) ;
#111 = CARTESIAN_POINT ( 'NONE',  ( -0.3005443828467885300, -0.6690863694179279800, 2.025000000000000400 ) ) ;
#112 = ORIENTED_EDGE ( 'NONE', *, *, #6933, .F. ) ;
#113 = FACE_OUTER_BOUND ( 'NONE', #5519, .T. ) ;
#114 =( NAMED_UNIT ( * ) PLANE_ANGLE_UNIT ( ) SI_UNIT ( $, .RADIAN. ) );
#115 = CARTESIAN_POINT ( 'NONE',  ( -0.9453418190161099200, -0.5398649256043722700, 2.025000000000000400 ) ) ;
#116 = STYLED_ITEM ( 'NONE', ( #3798 ), #5048 ) ;
#117 = DIRECTION ( 'NONE',  ( -0.0000000000000000000, -1.000000000000000000, -0.0000000000000000000 ) ) ;
#118 = ORIENTED_EDGE ( 'NONE', *, *, #3056, .F. ) ;
#119 =( NAMED_UNIT ( * ) PLANE_ANGLE_UNIT ( ) SI_UNIT ( $, .RADIAN. ) );
#120 = CARTESIAN_POINT ( 'NONE',  ( 0.6718756953191530300, -0.7150972638146121400, 2.030000000000000700 ) ) ;
#121 = EDGE_CURVE ( 'NONE', #6106, #4574, #7597, .T. ) ;
#122 = DIRECTION ( 'NONE',  ( 1.000000000000000000, 0.0000000000000000000, 0.0000000000000000000 ) ) ;
#123 = UNCERTAINTY_MEASURE_WITH_UNIT (LENGTH_MEASURE( 1.000000000000000100E-005 ), #1449, 'distance_accuracy_value', 'NONE');
#124 = CARTESIAN_POINT ( 'NONE',  ( 1.830841064707941400, -0.3302751524606817300, 1.101295976466682500 ) ) ;
#125 = LINE ( 'NONE', #10294, #4536 ) ;
#126 = DIRECTION ( 'NONE',  ( 1.000000000000000000, 0.0000000000000000000, -0.0000000000000000000 ) ) ;
#127 = CARTESIAN_POINT ( 'NONE',  ( -0.07398852349413223600, -0.6148920520692979800, 2.025000000000000400 ) ) ;
#128 = SURFACE_STYLE_USAGE ( .BOTH. , #5095 ) ;
#129 = DIRECTION ( 'NONE',  ( -1.000000000000000000, 0.0000000000000000000, 0.0000000000000000000 ) ) ;
#130 = ORIENTED_EDGE ( 'NONE', *, *, #9945, .T. ) ;
#131 = FILL_AREA_STYLE_COLOUR ( '', #5474 ) ;
#132 =( LENGTH_UNIT ( ) NAMED_UNIT ( * ) SI_UNIT ( .MILLI., .METRE. ) );
#133 =( NAMED_UNIT ( * ) SI_UNIT ( $, .STERADIAN. ) SOLID_ANGLE_UNIT ( ) );
#134 = CARTESIAN_POINT ( 'NONE',  ( -0.5795926120141872100, -0.5640727829289214900, 2.024999999999999900 ) ) ;
#135 = EDGE_CURVE ( 'NONE', #6285, #7392, #5417, .T. ) ;
#136 = EDGE_CURVE ( 'NONE', #3701, #5857, #3217, .T. ) ;
#137 = CARTESIAN_POINT ( 'NONE',  ( -1.101186696821965700, -0.7113700738196003800, 2.025000000000000400 ) ) ;
#138 = UNCERTAINTY_MEASURE_WITH_UNIT (LENGTH_MEASURE( 1.000000000000000100E-005 ), #6756, 'distance_accuracy_value', 'NONE');
#139 = DIRECTION ( 'NONE',  ( -0.0000000000000000000, -1.000000000000000000, -0.0000000000000000000 ) ) ;
#140 = ORIENTED_EDGE ( 'NONE', *, *, #8581, .T. ) ;
#141 = CARTESIAN_POINT ( 'NONE',  ( 0.5535256410256486100, 0.5550272573171861600, 2.025000000000000400 ) ) ;
#142 = ORIENTED_EDGE ( 'NONE', *, *, #8151, .F. ) ;
#143 = VECTOR ( 'NONE', #6123, 1000.000000000000000 ) ;
#144 =( NAMED_UNIT ( * ) SI_UNIT ( $, .STERADIAN. ) SOLID_ANGLE_UNIT ( ) );
#145 = DIRECTION ( 'NONE',  ( -0.5390871699424968400, 0.8422499766716468100, 0.0000000000000000000 ) ) ;
#146 = PRESENTATION_LAYER_ASSIGNMENT (  '', '', ( #9743 ) ) ;
#147 = ADVANCED_FACE ( 'NONE', ( #5162 ), #4088, .T. ) ;
#148 = FILL_AREA_STYLE ('',( #8384 ) ) ;
#149 = EDGE_CURVE ( 'NONE', #5498, #8568, #1007, .T. ) ;
#150 = CARTESIAN_POINT ( 'NONE',  ( 0.7127285490649528700, -0.2045247314341650800, 2.025000000000000400 ) ) ;
#151 = VECTOR ( 'NONE', #4303, 1000.000000000000000 ) ;
#152 = ORIENTED_EDGE ( 'NONE', *, *, #7277, .T. ) ;
#153 = VECTOR ( 'NONE', #9667, 1000.000000000000000 ) ;
#154 = CARTESIAN_POINT ( 'NONE',  ( 1.727711642729157200, -0.3929754577541194100, 1.168875115524117700 ) ) ;
#155 = STYLED_ITEM ( 'NONE', ( #5083 ), #1789 ) ;
#156 = CARTESIAN_POINT ( 'NONE',  ( -1.044532026750014700, -0.6377834818519502200, 2.029999999999999400 ) ) ;
#157 = CARTESIAN_POINT ( 'NONE',  ( -0.1434003154866483900, -0.6792106030072829800, 2.030000000000000700 ) ) ;
#158 = MECHANICAL_DESIGN_GEOMETRIC_PRESENTATION_REPRESENTATION (  '', ( #8114 ), #696 ) ;
#159 = MECHANICAL_DESIGN_GEOMETRIC_PRESENTATION_REPRESENTATION (  '', ( #9761 ), #700 ) ;
#160 = FACE_OUTER_BOUND ( 'NONE', #8908, .T. ) ;
#161 = FILL_AREA_STYLE ('',( #5136 ) ) ;
#162 = DIRECTION ( 'NONE',  ( -0.0000000000000000000, -1.000000000000000000, -0.0000000000000000000 ) ) ;
#163 = SURFACE_SIDE_STYLE ('',( #810 ) ) ;
#164 = ADVANCED_FACE ( 'NONE', ( #2176 ), #7554, .T. ) ;
#165 = EDGE_CURVE ( 'NONE', #4389, #7843, #9899, .T. ) ;
#166 = DIRECTION ( 'NONE',  ( -0.0000000000000000000, -1.000000000000000000, -0.0000000000000000000 ) ) ;
#167 = ORIENTED_EDGE ( 'NONE', *, *, #2054, .F. ) ;
#168 = CARTESIAN_POINT ( 'NONE',  ( 0.6817169318219151700, -0.6567385719070338900, 2.024999999999999900 ) ) ;
#169 = SURFACE_STYLE_USAGE ( .BOTH. , #5142 ) ;
#170 = LINE ( 'NONE', #6709, #8436 ) ;
#171 = CARTESIAN_POINT ( 'NONE',  ( -0.9513284643577489800, -0.6018215575241942000, 2.025000000000000800 ) ) ;
#172 = PRESENTATION_STYLE_ASSIGNMENT (( #7494 ) ) ;
#173 = EDGE_LOOP ( 'NONE', ( #8936, #2193, #6771, #8708 ) ) ;
#174 = DIRECTION ( 'NONE',  ( -5.931049953597034600E-030, 1.669620221387535400E-015, -1.000000000000000000 ) ) ;
#175 = STYLED_ITEM ( 'NONE', ( #5223 ), #4417 ) ;
#177 =( NAMED_UNIT ( * ) SI_UNIT ( $, .STERADIAN. ) SOLID_ANGLE_UNIT ( ) );
#176 = MECHANICAL_DESIGN_GEOMETRIC_PRESENTATION_REPRESENTATION (  '', ( #9226 ), #713 ) ;
#178 = CARTESIAN_POINT ( 'NONE',  ( -1.658827693562538100, 1.464999999999997400, 1.070000000000000100 ) ) ;
#179 = ORIENTED_EDGE ( 'NONE', *, *, #6070, .F. ) ;
#180 = CARTESIAN_POINT ( 'NONE',  ( -1.003541364891767700, -0.5146487947636792000, 2.025000000000000400 ) ) ;
#181 = CARTESIAN_POINT ( 'NONE',  ( 1.575499432001160800, -1.340499432001159800, 0.7943233206167811300 ) ) ;
#182 = LINE ( 'NONE', #6008, #2376 ) ;
#183 = CARTESIAN_POINT ( 'NONE',  ( 0.6849659455128279700, -0.3446622458879420900, 2.025000000000000400 ) ) ;
#184 = VERTEX_POINT ( 'NONE', #26 ) ;
#185 = CARTESIAN_POINT ( 'NONE',  ( 0.6495210834584237400, -0.2595717287860952500, 2.030000000000000700 ) ) ;
#186 = COLOUR_RGB ( '',0.7294117647058823200, 0.3568627450980392200, 0.02352941176470588200 ) ;
#187 = CARTESIAN_POINT ( 'NONE',  ( 1.829568812026143700, 0.3330892264579449200, 1.103052452206120000 ) ) ;
#188 = LINE ( 'NONE', #4161, #6350 ) ;
#189 = CARTESIAN_POINT ( 'NONE',  ( -1.032084606460847100, -0.6295626748433740300, 2.030000000000000700 ) ) ;
#190 = CARTESIAN_POINT ( 'NONE',  ( -0.6698717948717882700, -0.5283261080674293000, 2.030000000000000200 ) ) ;
#191 = CARTESIAN_POINT ( 'NONE',  ( -0.2551562926130838700, -0.7217863754522700900, 2.025000000000000800 ) ) ;
#192 = ORIENTED_EDGE ( 'NONE', *, *, #4173, .F. ) ;
#193 = CARTESIAN_POINT ( 'NONE',  ( 0.8388708867069678600, -0.5715633380950841900, 2.025000000000000400 ) ) ;
#194 = CARTESIAN_POINT ( 'NONE',  ( -1.700000000000005100, 1.464999999999994300, 1.169999999999999900 ) ) ;
#195 = EDGE_CURVE ( 'NONE', #5336, #1511, #201, .T. ) ;
#196 = ADVANCED_FACE ( 'NONE', ( #7977 ), #7035, .F. ) ;
#197 = SURFACE_SIDE_STYLE ('',( #2001 ) ) ;
#198 = EDGE_CURVE ( 'NONE', #5599, #816, #5529, .T. ) ;
#199 = B_SPLINE_CURVE_WITH_KNOTS ( 'NONE', 3,
 ( #9559, #10398, #5464, #498, #6280, #1338, #7111, #2178, #7945, #3023, #8776, #3846, #9585, #4678, #10436, #5492, #527, #6312, #1370 ),
 .UNSPECIFIED., .F., .F.,
 ( 4, 1, 1, 1, 1, 1, 1, 1, 1, 1, 1, 1, 1, 1, 1, 1, 4 ),
 ( 0.0000000000000000000, 0.06854753670890302600, 0.1356829456230482500, 0.2012149895263285500, 0.2656822347546963800, 0.3292668348172592100, 0.3923954278443287400, 0.4550697616521439100, 0.5171268500645063200, 0.5787900352866525200, 0.6397398633435416000, 0.7001915036663085600, 0.7598062425966705100, 0.8196283192750081200, 0.8793547910462767800, 0.9395116077646616900, 1.000000000000000000 ),
 .UNSPECIFIED. ) ;
#200 = LINE ( 'NONE', #1226, #1905 ) ;
#201 = B_SPLINE_CURVE_WITH_KNOTS ( 'NONE', 3,
 ( #6998, #1232, #7836, #2907, #8666, #3750, #9493, #4564, #10326, #5403, #419 ),
 .UNSPECIFIED., .F., .F.,
 ( 4, 1, 1, 1, 1, 1, 1, 1, 4 ),
 ( 0.0000000000000000000, 0.05259428152913663700, 0.1249519739750393800, 0.2180938989285943500, 0.3335024107325187900, 0.4687891785044469600, 0.6249375859645975900, 0.8016830479282270900, 1.000000000000000000 ),
 .UNSPECIFIED. ) ;
#202 = DIRECTION ( 'NONE',  ( 0.0000000000000000000, -0.0000000000000000000, -1.000000000000000000 ) ) ;
#203 = VERTEX_POINT ( 'NONE', #3779 ) ;
#204 = FILL_AREA_STYLE_COLOUR ( '', #1573 ) ;
#206 = PLANE ( 'NONE',  #913 ) ;
#205 = CARTESIAN_POINT ( 'NONE',  ( 0.8883582738992096300, -0.5818447343956375500, 2.030000000000000700 ) ) ;
#207 = CARTESIAN_POINT ( 'NONE',  ( -1.113948229139489100, -0.7115613488745201600, 2.025000000000000800 ) ) ;
#208 = DIRECTION ( 'NONE',  ( 4.770489558936225800E-015, 0.0000000000000000000, -1.000000000000000000 ) ) ;
#209 = VECTOR ( 'NONE', #8314, 1000.000000000000000 ) ;
#210 = CARTESIAN_POINT ( 'NONE',  ( 0.8332906674367287500, -0.4607266562109320600, 2.025000000000000400 ) ) ;
#211 = CARTESIAN_POINT ( 'NONE',  ( -1.700000000000007500, 1.423827693562527600, 1.070000000000000100 ) ) ;
#212 = EDGE_CURVE ( 'NONE', #9296, #4774, #1139, .T. ) ;
#213 = ORIENTED_EDGE ( 'NONE', *, *, #1460, .T. ) ;
#215 = CARTESIAN_POINT ( 'NONE',  ( -1.064648434535723400, -0.4625291267445129600, 2.029999999999999400 ) ) ;
#214 = LINE ( 'NONE', #2529, #4373 ) ;
#216 = DIRECTION ( 'NONE',  ( -1.000000000000000000, -3.552334763092437500E-015, -0.0000000000000000000 ) ) ;
#217 = ORIENTED_EDGE ( 'NONE', *, *, #1329, .T. ) ;
#218 = CARTESIAN_POINT ( 'NONE',  ( 1.699999999999996000, 1.423827693562527800, 1.070000000000000100 ) ) ;
#219 = ORIENTED_EDGE ( 'NONE', *, *, #10162, .T. ) ;
#220 = DIRECTION ( 'NONE',  ( 0.0000000000000000000, -1.000000000000000000, 0.0000000000000000000 ) ) ;
#221 = ADVANCED_FACE ( 'NONE', ( #7452 ), #10360, .F. ) ;
#222 = STYLED_ITEM ( 'NONE', ( #6676 ), #322 ) ;
#223 = ADVANCED_FACE ( 'NONE', ( #2559 ), #420, .T. ) ;
#224 = CARTESIAN_POINT ( 'NONE',  ( -0.3937092936324152500, -0.7166152814442525700, 2.030000000000001600 ) ) ;
#225 = DIRECTION ( 'NONE',  ( 1.000000000000000000, 0.0000000000000000000, 0.0000000000000000000 ) ) ;
#226 = ORIENTED_EDGE ( 'NONE', *, *, #7882, .T. ) ;
#227 = CARTESIAN_POINT ( 'NONE',  ( -0.9942307692307624800, -0.5555396497340959700, 2.025000000000000400 ) ) ;
#228 = ORIENTED_EDGE ( 'NONE', *, *, #8420, .T. ) ;
#229 = CARTESIAN_POINT ( 'NONE',  ( 0.5535256410256486100, 0.4660048214197502500, 2.025000000000000400 ) ) ;
#230 = ORIENTED_EDGE ( 'NONE', *, *, #8520, .F. ) ;
#231 = EDGE_CURVE ( 'NONE', #3697, #9655, #8088, .T. ) ;
#232 = FACE_OUTER_BOUND ( 'NONE', #2, .T. ) ;
#233 = CARTESIAN_POINT ( 'NONE',  ( 0.6849659455128279700, -0.3446622458879420900, 2.030000000000000200 ) ) ;
#234 = DIRECTION ( 'NONE',  ( -0.0000000000000000000, -0.0000000000000000000, 1.000000000000000000 ) ) ;
#235 =( GEOMETRIC_REPRESENTATION_CONTEXT ( 3 ) GLOBAL_UNCERTAINTY_ASSIGNED_CONTEXT ( ( #5574 ) ) GLOBAL_UNIT_ASSIGNED_CONTEXT ( ( #8470, #3551, #9298 ) ) REPRESENTATION_CONTEXT ( 'NONE', 'WORKASPACE' ) );
#236 = COLOUR_RGB ( '',1.000000000000000000, 0.7176470588235294200, 0.2470588235294117800 ) ;
#237 = PLANE ( 'NONE',  #8672 ) ;
#238 = PRESENTATION_LAYER_ASSIGNMENT (  '', '', ( #9839 ) ) ;
#239 =( NAMED_UNIT ( * ) SI_UNIT ( $, .STERADIAN. ) SOLID_ANGLE_UNIT ( ) );
#241 = DIRECTION ( 'NONE',  ( 4.336808689942018500E-015, 0.0000000000000000000, -1.000000000000000000 ) ) ;
#240 = CARTESIAN_POINT ( 'NONE',  ( 0.8534699795124366400, -0.6704581422040727400, 2.024999999999999900 ) ) ;
#242 = STYLED_ITEM ( 'NONE', ( #1175 ), #2012 ) ;
#243 = VERTEX_POINT ( 'NONE', #494 ) ;
#244 = CARTESIAN_POINT ( 'NONE',  ( -0.9999868772060303000, -0.5222251824754804400, 2.029999999999999800 ) ) ;
#245 = MECHANICAL_DESIGN_GEOMETRIC_PRESENTATION_REPRESENTATION (  '', ( #9847 ), #792 ) ;
#246 = SURFACE_STYLE_USAGE ( .BOTH. , #5217 ) ;
#247 = CARTESIAN_POINT ( 'NONE',  ( 0.8873887136183882300, -0.5558101803855302100, 2.030000000000000200 ) ) ;
#248 = CARTESIAN_POINT ( 'NONE',  ( -1.149579326923070100, -0.6552491849905062200, 2.025000000000000400 ) ) ;
#249 = ORIENTED_EDGE ( 'NONE', *, *, #1189, .T. ) ;
#250 = EDGE_LOOP ( 'NONE', ( #4325, #287, #5945, #2805 ) ) ;
#251 = CARTESIAN_POINT ( 'NONE',  ( 0.8531100590258957600, -0.4828286031128817800, 2.025000000000000400 ) ) ;
#252 = DIRECTION ( 'NONE',  ( -0.0000000000000000000, -0.0000000000000000000, 1.000000000000000000 ) ) ;
#253 = ADVANCED_FACE ( 'NONE', ( #10293 ), #3911, .T. ) ;
#254 = CARTESIAN_POINT ( 'NONE',  ( 1.700000000000005100, -1.464999999999994100, 2.030000000000000200 ) ) ;
#255 = UNCERTAINTY_MEASURE_WITH_UNIT (LENGTH_MEASURE( 1.000000000000000100E-005 ), #10015, 'distance_accuracy_value', 'NONE');
#256 = CARTESIAN_POINT ( 'NONE',  ( 0.6563545857545187700, -0.3084796134510096000, 2.030000000000000700 ) ) ;
#257 = CARTESIAN_POINT ( 'NONE',  ( -0.4914901007696421100, -0.6718028487101857000, 2.025000000000000800 ) ) ;
#258 = CARTESIAN_POINT ( 'NONE',  ( 0.7202223557692382100, -0.4344559157597369700, 2.025000000000000400 ) ) ;
#259 = EDGE_CURVE ( 'NONE', #5734, #8685, #5148, .T. ) ;
#260 =( NAMED_UNIT ( * ) SI_UNIT ( $, .STERADIAN. ) SOLID_ANGLE_UNIT ( ) );
#261 = CARTESIAN_POINT ( 'NONE',  ( -0.4270381210917795800, -0.1676559691886223800, 2.030000000000000200 ) ) ;
#262 = EDGE_LOOP ( 'NONE', ( #3043, #596, #5337 ) ) ;
#263 = CARTESIAN_POINT ( 'NONE',  ( 0.7189401012079849100, -0.7255220315482727700, 2.030000000000000200 ) ) ;
#264 = SURFACE_SIDE_STYLE ('',( #7651 ) ) ;
#265 = ADVANCED_FACE ( 'NONE', ( #9514 ), #4038, .T. ) ;
#266 = ADVANCED_FACE ( 'NONE', ( #6540 ), #8170, .F. ) ;
#267 = SURFACE_SIDE_STYLE ('',( #3308 ) ) ;
#268 = CARTESIAN_POINT ( 'NONE',  ( -1.144547781422453800, -0.6551888818281598200, 2.029999999999999800 ) ) ;
#269 = B_SPLINE_CURVE_WITH_KNOTS ( 'NONE', 3,
 ( #3602, #7692, #4427, #10178, #5258, #280, #6080, #1128, #6903, #1977, #7731 ),
 .UNSPECIFIED., .F., .F.,
 ( 4, 1, 1, 1, 1, 1, 1, 1, 4 ),
 ( 0.0000000000000000000, 0.07930648552299875100, 0.1719528189279314300, 0.2770565073915885500, 0.3947305758644744600, 0.5261773212767577600, 0.6713447665976127700, 0.8292852571892520600, 1.000000000000000000 ),
 .UNSPECIFIED. ) ;
#270 = CARTESIAN_POINT ( 'NONE',  ( 0.7777141913654478400, -0.7197399386273563000, 2.030000000000001600 ) ) ;
#271 = LINE ( 'NONE', #1101, #2218 ) ;
#272 = PRESENTATION_STYLE_ASSIGNMENT (( #5405 ) ) ;
#273 = CARTESIAN_POINT ( 'NONE',  ( -1.699999999999994800, -1.419929309816590600, 2.030000000000000200 ) ) ;
#274 = ORIENTED_EDGE ( 'NONE', *, *, #2863, .F. ) ;
#275 = EDGE_CURVE ( 'NONE', #9969, #5237, #1375, .T. ) ;
#276 = ORIENTED_EDGE ( 'NONE', *, *, #9672, .T. ) ;
#277 = EDGE_CURVE ( 'NONE', #2816, #6424, #3601, .T. ) ;
#278 = CARTESIAN_POINT ( 'NONE',  ( -0.2551294851838626900, -0.1516828563808906000, 2.030000000000000700 ) ) ;
#279 = FILL_AREA_STYLE_COLOUR ( '', #5942 ) ;
#280 = CARTESIAN_POINT ( 'NONE',  ( -1.125151908271550000, -0.4523736384951329600, 2.024999999999999900 ) ) ;
#281 = COLOUR_RGB ( '',0.7294117647058823200, 0.3568627450980392200, 0.02352941176470588200 ) ;
#282 = PRESENTATION_STYLE_ASSIGNMENT (( #3071 ) ) ;
#283 =( NAMED_UNIT ( * ) PLANE_ANGLE_UNIT ( ) SI_UNIT ( $, .RADIAN. ) );
#284 = DIRECTION ( 'NONE',  ( 1.000000000000000000, 2.168404344971007700E-015, 0.0000000000000000000 ) ) ;
#285 = AXIS2_PLACEMENT_3D ( 'NONE', #6125, #1173, #6950 ) ;
#286 = CARTESIAN_POINT ( 'NONE',  ( -0.1164990134398226900, -0.6593388992117691400, 2.025000000000000400 ) ) ;
#287 = ORIENTED_EDGE ( 'NONE', *, *, #3013, .F. ) ;
#288 = CARTESIAN_POINT ( 'NONE',  ( 1.311538461538469500, -0.1616594414007626000, 2.030000000000000200 ) ) ;
#289 = COLOUR_RGB ( '',0.7294117647058823200, 0.3568627450980392200, 0.02352941176470588200 ) ;
#290 =( NAMED_UNIT ( * ) PLANE_ANGLE_UNIT ( ) SI_UNIT ( $, .RADIAN. ) );
#291 = STYLED_ITEM ( 'NONE', ( #8842 ), #9993 ) ;
#292 = CARTESIAN_POINT ( 'NONE',  ( 1.150000000000005200, -1.100000000000000100, 0.1000000000000054900 ) ) ;
#293 = DIRECTION ( 'NONE',  ( 1.000000000000000000, 0.0000000000000000000, 0.0000000000000000000 ) ) ;
#294 = PRESENTATION_LAYER_ASSIGNMENT (  '', '', ( #9908 ) ) ;
#295 = ORIENTED_EDGE ( 'NONE', *, *, #7637, .T. ) ;
#296 = CARTESIAN_POINT ( 'NONE',  ( -1.750000000000005300, 1.100000000000000100, 1.020999999999999500 ) ) ;
#297 = AXIS2_PLACEMENT_3D ( 'NONE', #1986, #7741, #2809 ) ;
#298 = PRESENTATION_LAYER_ASSIGNMENT (  '', '', ( #1414 ) ) ;
#299 = ORIENTED_EDGE ( 'NONE', *, *, #8011, .T. ) ;
#300 = CARTESIAN_POINT ( 'NONE',  ( 0.6396212012655524400, -0.6981964617372354900, 2.024999999999999500 ) ) ;
#301 = CARTESIAN_POINT ( 'NONE',  ( 0.6489033808634598900, -0.2824433450756632700, 2.024999999999999900 ) ) ;
#302 = LINE ( 'NONE', #4533, #44 ) ;
#303 = ADVANCED_FACE ( 'NONE', ( #3326 ), #9855, .T. ) ;
#304 = LINE ( 'NONE', #8111, #45 ) ;
#305 = LINE ( 'NONE', #9736, #4471 ) ;
#306 = EDGE_CURVE ( 'NONE', #1000, #6107, #331, .T. ) ;
#307 = EDGE_LOOP ( 'NONE', ( #9624, #6148, #9811, #6098 ) ) ;
#309 = SURFACE_STYLE_USAGE ( .BOTH. , #5287 ) ;
#308 = DIRECTION ( 'NONE',  ( -1.000000000000000000, 0.0000000000000000000, 0.0000000000000000000 ) ) ;
#310 = CARTESIAN_POINT ( 'NONE',  ( -0.3937092936324152500, -0.7166152814442525700, 2.030000000000000200 ) ) ;
#311 = LINE ( 'NONE', #1193, #6654 ) ;
#312 = UNCERTAINTY_MEASURE_WITH_UNIT (LENGTH_MEASURE( 1.000000000000000100E-005 ), #4480, 'distance_accuracy_value', 'NONE');
#313 = CARTESIAN_POINT ( 'NONE',  ( -0.1424026947425363300, -0.1943221645218208800, 2.025000000000000400 ) ) ;
#314 = CARTESIAN_POINT ( 'NONE',  ( -1.150000000000005200, -1.100000000000000100, 0.1000000000000000500 ) ) ;
#315 = DIRECTION ( 'NONE',  ( 1.000000000000000000, 0.0000000000000000000, 0.0000000000000000000 ) ) ;
#316 = EDGE_LOOP ( 'NONE', ( #5537, #333, #9731, #7191 ) ) ;
#317 = LINE ( 'NONE', #9370, #4484 ) ;
#318 = DIRECTION ( 'NONE',  ( -0.0000000000000000000, -1.000000000000000000, -0.0000000000000000000 ) ) ;
#319 =( GEOMETRIC_REPRESENTATION_CONTEXT ( 3 ) GLOBAL_UNCERTAINTY_ASSIGNED_CONTEXT ( ( #3812 ) ) GLOBAL_UNIT_ASSIGNED_CONTEXT ( ( #7198, #2263, #8027 ) ) REPRESENTATION_CONTEXT ( 'NONE', 'WORKASPACE' ) );
#320 =( NAMED_UNIT ( * ) SI_UNIT ( $, .STERADIAN. ) SOLID_ANGLE_UNIT ( ) );
#321 = CARTESIAN_POINT ( 'NONE',  ( -0.3098157051281981700, -0.7257620055033268100, 2.025000000000000400 ) ) ;
#322 = ADVANCED_FACE ( 'NONE', ( #6937 ), #1770, .T. ) ;
#323 = PRESENTATION_STYLE_ASSIGNMENT (( #8084 ) ) ;
#324 = ORIENTED_EDGE ( 'NONE', *, *, #2913, .T. ) ;
#325 = DIRECTION ( 'NONE',  ( -0.5391904756110241800, 0.8421838463247544000, 0.0000000000000000000 ) ) ;
#326 = PLANE ( 'NONE',  #4751 ) ;
#327 = SURFACE_STYLE_USAGE ( .BOTH. , #5312 ) ;
#328 = CARTESIAN_POINT ( 'NONE',  ( -1.850000000000005200, 1.100000000000000100, 1.287490079826536500E-016 ) ) ;
#329 = B_SPLINE_CURVE_WITH_KNOTS ( 'NONE', 3,
 ( #5836, #9091, #8311, #3391, #9129, #4231, #9965, #5053, #81, #5872, #919, #6698, #1757, #7520, #2593 ),
 .UNSPECIFIED., .F., .F.,
 ( 4, 1, 1, 1, 1, 1, 1, 1, 1, 1, 1, 1, 4 ),
 ( 0.0000000000000000000, 0.09697231038151599100, 0.1877734389628681300, 0.2723961390136933100, 0.3513209973752888200, 0.4243347744514670600, 0.4919087840005268400, 0.5542332197968002900, 0.6112676582441548500, 0.7163478449915535700, 0.8145400858216157400, 0.9084954561491858100, 1.000000000000000000 ),
 .UNSPECIFIED. ) ;
#330 = FACE_OUTER_BOUND ( 'NONE', #9869, .T. ) ;
#331 = LINE ( 'NONE', #838, #4750 ) ;
#332 = CARTESIAN_POINT ( 'NONE',  ( 0.5815943504067846400, -0.6354784569985241200, 2.030000000000000200 ) ) ;
#333 = ORIENTED_EDGE ( 'NONE', *, *, #6460, .F. ) ;
#334 = CIRCLE ( 'NONE', #7194, 0.1399999999999999300 ) ;
#335 = EDGE_CURVE ( 'NONE', #5565, #8185, #10284, .T. ) ;
#336 = CARTESIAN_POINT ( 'NONE',  ( -0.3190747886142922300, -0.2040306135314298200, 2.025000000000000800 ) ) ;
#337 = EDGE_CURVE ( 'NONE', #10460, #7315, #5901, .T. ) ;
#338 =( LENGTH_UNIT ( ) NAMED_UNIT ( * ) SI_UNIT ( .MILLI., .METRE. ) );
#339 = CARTESIAN_POINT ( 'NONE',  ( -1.219871794871788100, -0.6552491849905062200, 2.025000000000000400 ) ) ;
#340 = PRESENTATION_STYLE_ASSIGNMENT (( #7943 ) ) ;
#342 = SURFACE_STYLE_USAGE ( .BOTH. , #5323 ) ;
#341 = PLANE ( 'NONE',  #3367 ) ;
#343 = COLOUR_RGB ( '',0.7294117647058823200, 0.3568627450980392200, 0.02352941176470588200 ) ;
#344 = ORIENTED_EDGE ( 'NONE', *, *, #4022, .F. ) ;
#345 = STYLED_ITEM ( 'NONE', ( #10017 ), #6815 ) ;
#346 = ORIENTED_EDGE ( 'NONE', *, *, #10308, .F. ) ;
#347 = EDGE_LOOP ( 'NONE', ( #8121, #7212, #3288, #9342 ) ) ;
#348 = CARTESIAN_POINT ( 'NONE',  ( -0.07388123232791990500, -0.2581369193324452000, 2.030000000000000700 ) ) ;
#349 = COLOUR_RGB ( '',0.7294117647058823200, 0.3568627450980392200, 0.02352941176470588200 ) ;
#350 = EDGE_CURVE ( 'NONE', #243, #9318, #8079, .T. ) ;
#351 = LINE ( 'NONE', #3605, #2055 ) ;
#352 = PLANE ( 'NONE',  #5039 ) ;
#353 = ADVANCED_FACE ( 'NONE', ( #7833 ), #4060, .T. ) ;
#354 = CARTESIAN_POINT ( 'NONE',  ( -0.9453273234054053700, -0.5714725447699610100, 2.029999999999999800 ) ) ;
#355 = ORIENTED_EDGE ( 'NONE', *, *, #7970, .T. ) ;
#356 = ORIENTED_EDGE ( 'NONE', *, *, #9607, .F. ) ;
#357 = VERTEX_POINT ( 'NONE', #3492 ) ;
#358 = CARTESIAN_POINT ( 'NONE',  ( 1.311538461538469500, -0.4437107234520447100, 2.025000000000000400 ) ) ;
#359 = MECHANICAL_DESIGN_GEOMETRIC_PRESENTATION_REPRESENTATION (  '', ( #9432 ), #929 ) ;
#360 =( NAMED_UNIT ( * ) SI_UNIT ( $, .STERADIAN. ) SOLID_ANGLE_UNIT ( ) );
#361 = CARTESIAN_POINT ( 'NONE',  ( 1.849999999999998500, 0.3929754577545924700, 1.168875115524117500 ) ) ;
#362 =( NAMED_UNIT ( * ) SI_UNIT ( $, .STERADIAN. ) SOLID_ANGLE_UNIT ( ) );
#363 = FILL_AREA_STYLE_COLOUR ( '', #970 ) ;
#364 = SURFACE_STYLE_FILL_AREA ( #3494 ) ;
#365 = EDGE_CURVE ( 'NONE', #7664, #2635, #4863, .T. ) ;
#366 = FILL_AREA_STYLE_COLOUR ( '', #3324 ) ;
#367 = ORIENTED_EDGE ( 'NONE', *, *, #6521, .T. ) ;
#368 = PRODUCT_DEFINITION_FORMATION_WITH_SPECIFIED_SOURCE ( 'ANY', '', #9184, .NOT_KNOWN. ) ;
#369 = CARTESIAN_POINT ( 'NONE',  ( -0.4084245426755623900, -0.2212924212563963700, 2.029999999999999800 ) ) ;
#370 = ADVANCED_FACE ( 'NONE', ( #455 ), #8406, .F. ) ;
#371 = CARTESIAN_POINT ( 'NONE',  ( -1.654929309816589400, -1.419929309816589500, 2.025000000000000400 ) ) ;
#372 = LINE ( 'NONE', #2807, #8905 ) ;
#373 = CARTESIAN_POINT ( 'NONE',  ( -1.084244791666660000, -0.4572624061443523700, 2.030000000000000200 ) ) ;
#374 = DIRECTION ( 'NONE',  ( -0.0000000000000000000, 0.0000000000000000000, 1.000000000000000000 ) ) ;
#375 =( GEOMETRIC_REPRESENTATION_CONTEXT ( 3 ) GLOBAL_UNCERTAINTY_ASSIGNED_CONTEXT ( ( #3002 ) ) GLOBAL_UNIT_ASSIGNED_CONTEXT ( ( #9660, #4744, #10500 ) ) REPRESENTATION_CONTEXT ( 'NONE', 'WORKASPACE' ) );
#376 = DIRECTION ( 'NONE',  ( -1.000000000000000000, 0.0000000000000000000, 1.258448950206388900E-016 ) ) ;
#377 = AXIS2_PLACEMENT_3D ( 'NONE', #8290, #3369, #9103 ) ;
#378 = DIRECTION ( 'NONE',  ( -0.0000000000000000000, -1.000000000000000000, -0.0000000000000000000 ) ) ;
#379 = CARTESIAN_POINT ( 'NONE',  ( -0.5301127085101742200, -0.5487626411551401700, 2.030000000000000700 ) ) ;
#380 = ORIENTED_EDGE ( 'NONE', *, *, #8564, .T. ) ;
#381 = STYLED_ITEM ( 'NONE', ( #3293 ), #8707 ) ;
#382 = CARTESIAN_POINT ( 'NONE',  ( -0.6999999999999997300, -1.149999999999999900, 0.1200000000000000100 ) ) ;
#383 = LINE ( 'NONE', #800, #4800 ) ;
#384 = CARTESIAN_POINT ( 'NONE',  ( -1.700000000000005100, 1.100000000000000100, 1.070000000000000100 ) ) ;
#385 =( LENGTH_UNIT ( ) NAMED_UNIT ( * ) SI_UNIT ( .MILLI., .METRE. ) );
#386 = DIRECTION ( 'NONE',  ( 0.0000000000000000000, 1.000000000000000000, 0.0000000000000000000 ) ) ;
#387 = CARTESIAN_POINT ( 'NONE',  ( 0.6506279919284633200, -0.2911571399541416100, 2.025000000000000800 ) ) ;
#388 = ORIENTED_EDGE ( 'NONE', *, *, #3056, .T. ) ;
#389 = COLOUR_RGB ( '',0.7294117647058823200, 0.3568627450980392200, 0.02352941176470588200 ) ;
#390 = ORIENTED_EDGE ( 'NONE', *, *, #149, .F. ) ;
#391 = CARTESIAN_POINT ( 'NONE',  ( -0.5529989500335048500, -0.4846783895031238100, 2.030000000000001100 ) ) ;
#392 = ORIENTED_EDGE ( 'NONE', *, *, #6932, .T. ) ;
#393 = VECTOR ( 'NONE', #10196, 1000.000000000000000 ) ;
#394 = CARTESIAN_POINT ( 'NONE',  ( 0.6010796806093015000, -0.2980704354983190200, 2.025000000000000800 ) ) ;
#395 = CARTESIAN_POINT ( 'NONE',  ( -0.2274184849215836200, -0.2165226931305119800, 2.030000000000000700 ) ) ;
#396 = CARTESIAN_POINT ( 'NONE',  ( 0.8117487211414535800, -0.5123925385027337000, 2.025000000000000400 ) ) ;
#397 = LINE ( 'NONE', #2555, #4563 ) ;
#398 = CARTESIAN_POINT ( 'NONE',  ( -1.090101587648187200, -0.2263482831100041600, 2.029999999999999800 ) ) ;
#399 = B_SPLINE_CURVE_WITH_KNOTS ( 'NONE', 3,
 ( #8704, #9528, #5436, #459, #6249, #1308, #7074, #2141, #7911, #2991, #8736, #3813, #9558, #4640, #10397 ),
 .UNSPECIFIED., .F., .F.,
 ( 4, 1, 1, 1, 1, 1, 1, 1, 1, 1, 1, 1, 4 ),
 ( 0.0000000000000000000, 0.06316325936347062800, 0.1254749410306408600, 0.1871212198160330500, 0.2482943461142991500, 0.3092948562551209900, 0.3698500660670930300, 0.4309733755473819100, 0.4924559896728167900, 0.6161479662918549800, 0.7408436984673627500, 0.8681826486700429100, 0.9999999999999998900 ),
 .UNSPECIFIED. ) ;
#400 = CYLINDRICAL_SURFACE ( 'NONE', #3285, 0.1000000000000000100 ) ;
#401 = ORIENTED_EDGE ( 'NONE', *, *, #6305, .T. ) ;
#402 = FACE_OUTER_BOUND ( 'NONE', #5199, .T. ) ;
#403 = CARTESIAN_POINT ( 'NONE',  ( -0.4987699980600194300, -0.2823685163575787600, 2.025000000000000800 ) ) ;
#404 = ADVANCED_FACE ( 'NONE', ( #4621 ), #4997, .F. ) ;
#405 = LINE ( 'NONE', #3924, #153 ) ;
#406 = SURFACE_SIDE_STYLE ('',( #7659 ) ) ;
#407 = CARTESIAN_POINT ( 'NONE',  ( -1.153655227668584700, -0.4511979954755135900, 2.025000000000000800 ) ) ;
#408 = ORIENTED_EDGE ( 'NONE', *, *, #477, .F. ) ;
#409 =( LENGTH_UNIT ( ) NAMED_UNIT ( * ) SI_UNIT ( .MILLI., .METRE. ) );
#411 =( NAMED_UNIT ( * ) SI_UNIT ( $, .STERADIAN. ) SOLID_ANGLE_UNIT ( ) );
#410 = DIRECTION ( 'NONE',  ( -3.614007241618343600E-015, -1.000000000000000000, 0.0000000000000000000 ) ) ;
#412 = PRESENTATION_STYLE_ASSIGNMENT (( #2979 ) ) ;
#413 = DIRECTION ( 'NONE',  ( 1.000000000000000000, -0.0000000000000000000, -0.0000000000000000000 ) ) ;
#414 = CARTESIAN_POINT ( 'NONE',  ( -0.4077854463283254700, -0.6531453342414788000, 2.024999999999999900 ) ) ;
#415 = EDGE_CURVE ( 'NONE', #2321, #8373, #6029, .T. ) ;
#416 = VECTOR ( 'NONE', #3157, 1000.000000000000000 ) ;
#417 = CARTESIAN_POINT ( 'NONE',  ( 0.6000000000000002000, 1.149999999999999900, 0.02000000000000000000 ) ) ;
#418 = ORIENTED_EDGE ( 'NONE', *, *, #8921, .T. ) ;
#419 = CARTESIAN_POINT ( 'NONE',  ( 0.7588942307692383400, -0.3994198580674293000, 2.030000000000000700 ) ) ;
#420 = B_SPLINE_SURFACE_WITH_KNOTS ( 'NONE', 3, 1, ( 
 ( #8702, #4675 ),
 ( #10434, #5490 ),
 ( #523, #6309 ),
 ( #1368, #7137 ),
 ( #2205, #7976 ),
 ( #3052, #8802 ),
 ( #3881, #9614 ),
 ( #4706, #10466 ),
 ( #5528, #554 ),
 ( #6341, #1408 ),
 ( #7173, #2240 ) ),
 .UNSPECIFIED., .F., .F., .F.,
 ( 4, 1, 1, 1, 1, 1, 1, 1, 4 ),
 ( 2, 2 ),
 ( 0.0000000000000000000, 0.1335067689985175700, 0.2625589787303695400, 0.3882644471488779800, 0.5126673546814275500, 0.6337222699657599800, 0.7553938601370942000, 0.8775529450912777900, 1.000000000000000000 ),
 ( 0.0000000000000000000, 1.000000000000000000 ),
 .UNSPECIFIED. ) ;
#421 = CARTESIAN_POINT ( 'NONE',  ( -1.654929309816589400, 1.419929309816579100, 2.030000000000000200 ) ) ;
#422 = CARTESIAN_POINT ( 'NONE',  ( -1.149579326923070100, -0.6552491849905062200, 2.025000000000000400 ) ) ;
#423 = VECTOR ( 'NONE', #8291, 1000.000000000000000 ) ;
#424 = DIRECTION ( 'NONE',  ( 0.0000000000000000000, 1.000000000000000000, 0.0000000000000000000 ) ) ;
#425 = VECTOR ( 'NONE', #5847, 1000.000000000000000 ) ;
#426 =( LENGTH_UNIT ( ) NAMED_UNIT ( * ) SI_UNIT ( .MILLI., .METRE. ) );
#427 = LINE ( 'NONE', #6276, #9206 ) ;
#428 = ORIENTED_EDGE ( 'NONE', *, *, #9108, .T. ) ;
#429 = EDGE_CURVE ( 'NONE', #8146, #6124, #8213, .T. ) ;
#430 = ORIENTED_EDGE ( 'NONE', *, *, #9735, .F. ) ;
#431 = PRESENTATION_LAYER_ASSIGNMENT (  '', '', ( #10601 ) ) ;
#432 = CARTESIAN_POINT ( 'NONE',  ( 0.8263995951797342700, -0.1795966800344535300, 2.030000000000001100 ) ) ;
#433 = CARTESIAN_POINT ( 'NONE',  ( 0.7372077485097441300, -0.4466941957376555600, 2.029999999999999800 ) ) ;
#434 =( GEOMETRIC_REPRESENTATION_CONTEXT ( 3 ) GLOBAL_UNCERTAINTY_ASSIGNED_CONTEXT ( ( #3746 ) ) GLOBAL_UNIT_ASSIGNED_CONTEXT ( ( #8090, #3176, #8920 ) ) REPRESENTATION_CONTEXT ( 'NONE', 'WORKASPACE' ) );
#435 = ORIENTED_EDGE ( 'NONE', *, *, #1045, .T. ) ;
#436 = PRESENTATION_LAYER_ASSIGNMENT (  '', '', ( #10059 ) ) ;
#437 = DIRECTION ( 'NONE',  ( -1.000000000000000000, 0.0000000000000000000, 0.0000000000000000000 ) ) ;
#438 = CARTESIAN_POINT ( 'NONE',  ( -1.699999999999994600, -1.465000000000006300, 1.070000000000000100 ) ) ;
#439 = CARTESIAN_POINT ( 'NONE',  ( -0.5450387450877023400, -0.3601930272927297300, 2.030000000000000700 ) ) ;
#440 = PRESENTATION_LAYER_ASSIGNMENT (  '', '', ( #10067 ) ) ;
#441 = UNCERTAINTY_MEASURE_WITH_UNIT (LENGTH_MEASURE( 1.000000000000000100E-005 ), #5768, 'distance_accuracy_value', 'NONE');
#442 = LINE ( 'NONE', #1703, #4854 ) ;
#443 = CARTESIAN_POINT ( 'NONE',  ( -0.9959708323087680400, -0.3500330995683358900, 2.024999999999999500 ) ) ;
#444 = SURFACE_STYLE_USAGE ( .BOTH. , #5426 ) ;
#445 = DIRECTION ( 'NONE',  ( -1.000000000000000000, 0.0000000000000000000, 0.0000000000000000000 ) ) ;
#447 = SURFACE_SIDE_STYLE ('',( #66 ) ) ;
#446 = SURFACE_STYLE_USAGE ( .BOTH. , #5427 ) ;
#448 = VECTOR ( 'NONE', #807, 1000.000000000000000 ) ;
#449 = ORIENTED_EDGE ( 'NONE', *, *, #6817, .F. ) ;
#450 = CARTESIAN_POINT ( 'NONE',  ( 0.7348758012820586500, -0.1475568772981984700, 2.030000000000000200 ) ) ;
#451 = FACE_OUTER_BOUND ( 'NONE', #5711, .T. ) ;
#452 = DIRECTION ( 'NONE',  ( -1.000000000000000000, 0.0000000000000000000, -0.0000000000000000000 ) ) ;
#453 = VECTOR ( 'NONE', #1119, 1000.000000000000000 ) ;
#454 =( GEOMETRIC_REPRESENTATION_CONTEXT ( 3 ) GLOBAL_UNCERTAINTY_ASSIGNED_CONTEXT ( ( #5559 ) ) GLOBAL_UNIT_ASSIGNED_CONTEXT ( ( #9953, #5044, #70 ) ) REPRESENTATION_CONTEXT ( 'NONE', 'WORKASPACE' ) );
#455 = FACE_OUTER_BOUND ( 'NONE', #480, .T. ) ;
#456 = CARTESIAN_POINT ( 'NONE',  ( 0.7367191121812757300, -0.7256479351501948800, 2.030000000000000200 ) ) ;
#457 = ORIENTED_EDGE ( 'NONE', *, *, #8104, .F. ) ;
#458 = DIRECTION ( 'NONE',  ( -1.000000000000000000, 0.0000000000000000000, 0.0000000000000000000 ) ) ;
#459 = CARTESIAN_POINT ( 'NONE',  ( -0.1327496075734215200, -0.2744254185133680500, 2.025000000000000400 ) ) ;
#460 = CARTESIAN_POINT ( 'NONE',  ( -1.032084606460847100, -0.6295626748433740300, 2.025000000000000800 ) ) ;
#461 = CARTESIAN_POINT ( 'NONE',  ( 0.6657932330859900300, -0.1641199486049558500, 2.030000000000000700 ) ) ;
#462 = ADVANCED_FACE ( 'NONE', ( #7956 ), #495, .T. ) ;
#463 = EDGE_CURVE ( 'NONE', #3089, #3263, #2804, .T. ) ;
#464 =( NAMED_UNIT ( * ) PLANE_ANGLE_UNIT ( ) SI_UNIT ( $, .RADIAN. ) );
#465 = B_SPLINE_CURVE_WITH_KNOTS ( 'NONE', 3,
 ( #4445, #9362, #301, #387, #6184, #1241, #7003, #2083, #7839, #2914, #8669 ),
 .UNSPECIFIED., .F., .F.,
 ( 4, 1, 1, 1, 1, 1, 1, 1, 4 ),
 ( 0.0000000000000000000, 0.1072852142689558900, 0.2147458609696396800, 0.3229385595552862200, 0.4341161625174656000, 0.5534123109627942000, 0.6860729848107299800, 0.8342559920595835600, 1.000000000000000000 ),
 .UNSPECIFIED. ) ;
#466 = PRESENTATION_STYLE_ASSIGNMENT (( #8427 ) ) ;
#467 = ORIENTED_EDGE ( 'NONE', *, *, #9959, .F. ) ;
#468 = LINE ( 'NONE', #1659, #4632 ) ;
#469 = ORIENTED_EDGE ( 'NONE', *, *, #6216, .T. ) ;
#470 =( LENGTH_UNIT ( ) NAMED_UNIT ( * ) SI_UNIT ( .MILLI., .METRE. ) );
#471 = ORIENTED_EDGE ( 'NONE', *, *, #10340, .T. ) ;
#472 = CARTESIAN_POINT ( 'NONE',  ( -0.3711838942307619800, 0.4062892765479552700, 2.025000000000000400 ) ) ;
#473 = COLOUR_RGB ( '',0.7294117647058823200, 0.3568627450980392200, 0.02352941176470588200 ) ;
#474 = SURFACE_STYLE_FILL_AREA ( #8862 ) ;
#475 = DIRECTION ( 'NONE',  ( -0.0000000000000000000, -0.0000000000000000000, 1.000000000000000000 ) ) ;
#476 =( NAMED_UNIT ( * ) PLANE_ANGLE_UNIT ( ) SI_UNIT ( $, .RADIAN. ) );
#477 = EDGE_CURVE ( 'NONE', #10313, #8885, #9368, .T. ) ;
#478 = CARTESIAN_POINT ( 'NONE',  ( -0.9873512786490248300, -0.3040214753333058700, 2.025000000000000400 ) ) ;
#479 = STYLED_ITEM ( 'NONE', ( #4381 ), #164 ) ;
#480 = EDGE_LOOP ( 'NONE', ( #9606, #6732, #7367, #5295 ) ) ;
#481 = VERTEX_POINT ( 'NONE', #9454 ) ;
#482 = CARTESIAN_POINT ( 'NONE',  ( -1.050751201923070300, -0.4149547138366600500, 2.030000000000000200 ) ) ;
#483 = VERTEX_POINT ( 'NONE', #10281 ) ;
#484 = CARTESIAN_POINT ( 'NONE',  ( -1.186708733974352100, -0.3943517490930703000, 2.025000000000000400 ) ) ;
#485 = SURFACE_STYLE_FILL_AREA ( #4358 ) ;
#486 = DIRECTION ( 'NONE',  ( -0.0000000000000000000, 0.0000000000000000000, 1.000000000000000000 ) ) ;
#487 = CARTESIAN_POINT ( 'NONE',  ( 0.6088191534987770200, -0.2257027323800372100, 2.029999999999998900 ) ) ;
#488 = DIRECTION ( 'NONE',  ( -0.0000000000000000000, -0.0000000000000000000, 1.000000000000000000 ) ) ;
#489 = LINE ( 'NONE', #10628, #4903 ) ;
#490 = AXIS2_PLACEMENT_3D ( 'NONE', #5808, #3276, #9096 ) ;
#491 = STYLED_ITEM ( 'NONE', ( #5756 ), #6942 ) ;
#492 = PRESENTATION_STYLE_ASSIGNMENT (( #8587 ) ) ;
#493 = DIRECTION ( 'NONE',  ( 1.000000000000000000, 0.0000000000000000000, 0.0000000000000000000 ) ) ;
#494 = CARTESIAN_POINT ( 'NONE',  ( 0.5535256410256486100, 0.4660048214197502500, 2.025000000000000400 ) ) ;
#495 = B_SPLINE_SURFACE_WITH_KNOTS ( 'NONE', 3, 1, ( 
 ( #3565, #7689 ),
 ( #2763, #8519 ),
 ( #3599, #9343 ),
 ( #4423, #10175 ),
 ( #5256, #278 ),
 ( #6077, #1123 ),
 ( #6900, #1974 ),
 ( #7726, #2795 ),
 ( #8550, #3638 ),
 ( #9376, #4459 ),
 ( #10213, #5296 ),
 ( #313, #6110 ),
 ( #1165, #6935 ),
 ( #2003, #7757 ),
 ( #2832, #8586 ),
 ( #3668, #9420 ),
 ( #4495, #10247 ),
 ( #5326, #348 ),
 ( #6145, #1192 ) ),
 .UNSPECIFIED., .F., .F., .F.,
 ( 4, 1, 1, 1, 1, 1, 1, 1, 1, 1, 1, 1, 1, 1, 1, 1, 4 ),
 ( 2, 2 ),
 ( 0.0000000000000000000, 0.06854753670890302600, 0.1356829456230482500, 0.2012149895263285500, 0.2656822347546963800, 0.3292668348172592100, 0.3923954278443287400, 0.4550697616521439100, 0.5171268500645063200, 0.5787900352866525200, 0.6397398633435416000, 0.7001915036663085600, 0.7598062425966705100, 0.8196283192750081200, 0.8793547910462767800, 0.9395116077646616900, 1.000000000000000000 ),
 ( 0.0000000000000000000, 1.000000000000000000 ),
 .UNSPECIFIED. ) ;
#496 = EDGE_LOOP ( 'NONE', ( #3706, #5533, #8014 ) ) ;
#497 = CARTESIAN_POINT ( 'NONE',  ( -0.3190747886142922300, -0.2040306135314298200, 2.025000000000000800 ) ) ;
#498 = CARTESIAN_POINT ( 'NONE',  ( -0.2731447079892265800, -0.1492450039737711900, 2.025000000000001200 ) ) ;
#499 = SURFACE_STYLE_USAGE ( .BOTH. , #5465 ) ;
#500 = PLANE ( 'NONE',  #8811 ) ;
#501 = MECHANICAL_DESIGN_GEOMETRIC_PRESENTATION_REPRESENTATION (  '', ( #9561 ), #1066 ) ;
#502 = PRESENTATION_LAYER_ASSIGNMENT (  '', '', ( #10122 ) ) ;
#503 = ORIENTED_EDGE ( 'NONE', *, *, #5887, .T. ) ;
#504 = VERTEX_POINT ( 'NONE', #4530 ) ;
#505 = FILL_AREA_STYLE ('',( #4650 ) ) ;
#506 = CARTESIAN_POINT ( 'NONE',  ( 0.8316566285937809800, -0.6112633266379220400, 2.024999999999999900 ) ) ;
#507 = CARTESIAN_POINT ( 'NONE',  ( 1.710000000000000000, 1.100000000000000100, 1.170000000000008100 ) ) ;
#508 = EDGE_CURVE ( 'NONE', #715, #1186, #6925, .T. ) ;
#509 = CYLINDRICAL_SURFACE ( 'NONE', #10210, 0.04900000000000000200 ) ;
#510 = CARTESIAN_POINT ( 'NONE',  ( -0.1167828483900338700, -0.2919620051159438300, 2.024999999999999900 ) ) ;
#511 = DIRECTION ( 'NONE',  ( 2.950209993157849100E-015, -1.000000000000000000, 0.0000000000000000000 ) ) ;
#512 = DIRECTION ( 'NONE',  ( -0.0000000000000000000, -1.000000000000000000, -0.0000000000000000000 ) ) ;
#513 = ADVANCED_FACE ( 'NONE', ( #4996 ), #10273, .T. ) ;
#514 = CARTESIAN_POINT ( 'NONE',  ( 0.6194922002989121700, -0.6818486952940978600, 2.024999999999999900 ) ) ;
#515 = DIRECTION ( 'NONE',  ( -0.0000000000000000000, -1.000000000000000000, -0.0000000000000000000 ) ) ;
#516 = PRESENTATION_LAYER_ASSIGNMENT (  '', '', ( #10140 ) ) ;
#517 = CARTESIAN_POINT ( 'NONE',  ( 0.6989578049471821800, -0.1513431491900542300, 2.025000000000001200 ) ) ;
#518 = ORIENTED_EDGE ( 'NONE', *, *, #8438, .F. ) ;
#519 = SURFACE_STYLE_USAGE ( .BOTH. , #5482 ) ;
#520 = PRESENTATION_LAYER_ASSIGNMENT (  '', '', ( #10146 ) ) ;
#521 = CARTESIAN_POINT ( 'NONE',  ( 0.7531834977758502500, -0.4587315864164187000, 2.024999999999999900 ) ) ;
#522 = CARTESIAN_POINT ( 'NONE',  ( -1.156666023940447400, -0.1616870593210397400, 2.025000000000000800 ) ) ;
#523 = CARTESIAN_POINT ( 'NONE',  ( 0.6228850827454107700, -0.3500423181488739300, 2.024999999999999900 ) ) ;
#524 = ORIENTED_EDGE ( 'NONE', *, *, #8653, .T. ) ;
#525 = CARTESIAN_POINT ( 'NONE',  ( -0.4765759957006579000, -0.2614224629949115600, 2.025000000000000800 ) ) ;
#526 = ORIENTED_EDGE ( 'NONE', *, *, #3635, .T. ) ;
#527 = CARTESIAN_POINT ( 'NONE',  ( -0.08059959154128101800, -0.2492732868610404400, 2.025000000000000800 ) ) ;
#528 = CARTESIAN_POINT ( 'NONE',  ( 0.7615384615384690500, 0.2300072252659040600, 2.030000000000000200 ) ) ;
#529 = CARTESIAN_POINT ( 'NONE',  ( 0.4681390224359046100, -0.7116594414007626500, 2.025000000000000400 ) ) ;
#530 = VECTOR ( 'NONE', #3832, 1000.000000000000000 ) ;
#531 = EDGE_CURVE ( 'NONE', #5364, #817, #3957, .T. ) ;
#532 = CARTESIAN_POINT ( 'NONE',  ( -1.016098375330682300, -0.4300571147032088400, 2.030000000000000200 ) ) ;
#533 = CARTESIAN_POINT ( 'NONE',  ( -1.700000000000005300, 0.4749999999999998100, 1.169999999999999900 ) ) ;
#534 = EDGE_CURVE ( 'NONE', #628, #8276, #8335, .T. ) ;
#535 = CARTESIAN_POINT ( 'NONE',  ( 0.8367888621794946600, -0.2744799542212754100, 2.030000000000000200 ) ) ;
#536 = ORIENTED_EDGE ( 'NONE', *, *, #3149, .F. ) ;
#537 = CARTESIAN_POINT ( 'NONE',  ( -0.1765674290722090400, -0.2401690598416193800, 2.029999999999999400 ) ) ;
#538 = PRESENTATION_STYLE_ASSIGNMENT (( #2716 ) ) ;
#539 = FILL_AREA_STYLE_COLOUR ( '', #3354 ) ;
#540 = PRESENTATION_STYLE_ASSIGNMENT (( #5957 ) ) ;
#541 = AXIS2_PLACEMENT_3D ( 'NONE', #2572, #8332, #3409 ) ;
#542 = VERTEX_POINT ( 'NONE', #9522 ) ;
#543 = FILL_AREA_STYLE ('',( #1325 ) ) ;
#544 = DIRECTION ( 'NONE',  ( -0.4285960263555436700, -0.9034962347415942400, 0.0000000000000000000 ) ) ;
#545 = CARTESIAN_POINT ( 'NONE',  ( -1.149579326923070100, -0.6552491849905062200, 2.025000000000000400 ) ) ;
#546 = EDGE_CURVE ( 'NONE', #7242, #5647, #1478, .T. ) ;
#547 = ORIENTED_EDGE ( 'NONE', *, *, #1256, .T. ) ;
#548 = DIRECTION ( 'NONE',  ( -0.0000000000000000000, -1.000000000000000000, -0.0000000000000000000 ) ) ;
#549 = PRESENTATION_LAYER_ASSIGNMENT (  '', '', ( #10186 ) ) ;
#550 = VECTOR ( 'NONE', #8849, 1000.000000000000000 ) ;
#551 = SURFACE_SIDE_STYLE ('',( #5117 ) ) ;
#552 = CARTESIAN_POINT ( 'NONE',  ( -1.081794826474207000, -0.1702908090948891100, 2.029999999999999800 ) ) ;
#553 = ORIENTED_EDGE ( 'NONE', *, *, #10198, .T. ) ;
#554 = CARTESIAN_POINT ( 'NONE',  ( 0.5995881753796787900, -0.2870455097396136800, 2.030000000000000200 ) ) ;
#555 = CARTESIAN_POINT ( 'NONE',  ( -0.5569878990777718000, -0.4318073812237226400, 2.025000000000000800 ) ) ;
#556 = DIRECTION ( 'NONE',  ( -0.6038968352533772300, -0.7970624896273538200, 0.0000000000000000000 ) ) ;
#557 = AXIS2_PLACEMENT_3D ( 'NONE', #4455, #1160, #4489 ) ;
#558 =( NAMED_UNIT ( * ) PLANE_ANGLE_UNIT ( ) SI_UNIT ( $, .RADIAN. ) );
#559 = VECTOR ( 'NONE', #2765, 1000.000000000000000 ) ;
#560 = CARTESIAN_POINT ( 'NONE',  ( 0.7413570170431746900, -0.1477804211209270100, 2.025000000000000400 ) ) ;
#561 = EDGE_CURVE ( 'NONE', #6107, #7315, #3712, .T. ) ;
#562 = ORIENTED_EDGE ( 'NONE', *, *, #4107, .F. ) ;
#563 = AXIS2_PLACEMENT_3D ( 'NONE', #3045, #6332, #1398 ) ;
#564 = CARTESIAN_POINT ( 'NONE',  ( -0.9513672031384089500, -0.5098553021156713200, 2.025000000000000400 ) ) ;
#565 = CARTESIAN_POINT ( 'NONE',  ( 0.8383999204163515900, -0.5622543383715671300, 2.025000000000000400 ) ) ;
#566 = PRESENTATION_STYLE_ASSIGNMENT (( #4190 ) ) ;
#567 = CARTESIAN_POINT ( 'NONE',  ( 0.7865285187558237500, -0.2216930359858126600, 2.029999999999999800 ) ) ;
#568 = UNCERTAINTY_MEASURE_WITH_UNIT (LENGTH_MEASURE( 1.000000000000000100E-005 ), #10642, 'distance_accuracy_value', 'NONE');
#569 = VECTOR ( 'NONE', #7798, 1000.000000000000000 ) ;
#570 = CARTESIAN_POINT ( 'NONE',  ( -0.3135616987179418200, -0.2039671337084549000, 2.025000000000000400 ) ) ;
#571 = ORIENTED_EDGE ( 'NONE', *, *, #1446, .T. ) ;
#572 = AXIS2_PLACEMENT_3D ( 'NONE', #8633, #3708, #9459 ) ;
#573 =( GEOMETRIC_REPRESENTATION_CONTEXT ( 3 ) GLOBAL_UNCERTAINTY_ASSIGNED_CONTEXT ( ( #795 ) ) GLOBAL_UNIT_ASSIGNED_CONTEXT ( ( #5085, #119, #5906 ) ) REPRESENTATION_CONTEXT ( 'NONE', 'WORKASPACE' ) );
#574 = EDGE_LOOP ( 'NONE', ( #96, #8033, #7195, #10298, #10612, #4144 ) ) ;
#575 =( NAMED_UNIT ( * ) SI_UNIT ( $, .STERADIAN. ) SOLID_ANGLE_UNIT ( ) );
#576 = PLANE ( 'NONE',  #6196 ) ;
#577 = DIRECTION ( 'NONE',  ( -0.0000000000000000000, 0.0000000000000000000, 1.000000000000000000 ) ) ;
#578 = PLANE ( 'NONE',  #2009 ) ;
#579 = DIRECTION ( 'NONE',  ( -1.000000000000000000, -3.552334763092437500E-015, -0.0000000000000000000 ) ) ;
#580 = VECTOR ( 'NONE', #6095, 1000.000000000000000 ) ;
#581 = CARTESIAN_POINT ( 'NONE',  ( -1.050751201923070300, -0.4149547138366600500, 2.030000000000000200 ) ) ;
#582 = ORIENTED_EDGE ( 'NONE', *, *, #135, .F. ) ;
#583 =( NAMED_UNIT ( * ) PLANE_ANGLE_UNIT ( ) SI_UNIT ( $, .RADIAN. ) );
#584 = CARTESIAN_POINT ( 'NONE',  ( 0.7734750812084875100, -0.6624622929342161000, 2.025000000000000800 ) ) ;
#585 = CARTESIAN_POINT ( 'NONE',  ( -0.9981612547149835100, -0.2421483906026763400, 2.025000000000000800 ) ) ;
#586 = SURFACE_STYLE_FILL_AREA ( #3126 ) ;
#587 = B_SPLINE_CURVE_WITH_KNOTS ( 'NONE', 3,
 ( #1630, #6572, #9842, #7394, #2457, #8231, #3298, #9039, #4142, #9877, #4959 ),
 .UNSPECIFIED., .F., .F.,
 ( 4, 1, 1, 1, 1, 1, 1, 1, 4 ),
 ( 0.0000000000000000000, 0.1430730837303627000, 0.2759029640930094100, 0.4023708562739964900, 0.5284136450935950100, 0.6503563791869507700, 0.7658950861246935900, 0.8807741308440212300, 1.000000000000000000 ),
 .UNSPECIFIED. ) ;
#588 = UNCERTAINTY_MEASURE_WITH_UNIT (LENGTH_MEASURE( 1.000000000000000100E-005 ), #9142, 'distance_accuracy_value', 'NONE');
#589 = CARTESIAN_POINT ( 'NONE',  ( -0.4512629503766068000, -0.2430866496872780600, 2.030000000000001100 ) ) ;
#590 = CARTESIAN_POINT ( 'NONE',  ( -1.700000000000005100, 1.464999999999994300, 1.169999999999999900 ) ) ;
#591 = DIRECTION ( 'NONE',  ( 1.000000000000000000, 0.0000000000000000000, 0.0000000000000000000 ) ) ;
#592 = LINE ( 'NONE', #10437, #5020 ) ;
#593 = ORIENTED_EDGE ( 'NONE', *, *, #365, .F. ) ;
#594 = PLANE ( 'NONE',  #785 ) ;
#595 = ORIENTED_EDGE ( 'NONE', *, *, #4957, .T. ) ;
#596 = ORIENTED_EDGE ( 'NONE', *, *, #2246, .T. ) ;
#597 = VERTEX_POINT ( 'NONE', #6244 ) ;
#598 = LINE ( 'NONE', #8640, #2570 ) ;
#599 = EDGE_CURVE ( 'NONE', #10355, #3775, #5621, .T. ) ;
#600 = PLANE ( 'NONE',  #9307 ) ;
#601 = SURFACE_STYLE_FILL_AREA ( #1762 ) ;
#602 = CARTESIAN_POINT ( 'NONE',  ( 0.8210283016015744700, -0.2549631791957914200, 2.025000000000001200 ) ) ;
#603 = ORIENTED_EDGE ( 'NONE', *, *, #9198, .T. ) ;
#604 = VERTEX_POINT ( 'NONE', #8699 ) ;
#605 = SURFACE_SIDE_STYLE ('',( #1489 ) ) ;
#606 = SURFACE_STYLE_FILL_AREA ( #9885 ) ;
#607 = EDGE_LOOP ( 'NONE', ( #3514, #9776, #665 ) ) ;
#608 = SURFACE_STYLE_USAGE ( .BOTH. , #5576 ) ;
#609 = EDGE_CURVE ( 'NONE', #1415, #8660, #1240, .T. ) ;
#610 = FILL_AREA_STYLE_COLOUR ( '', #349 ) ;
#611 = EDGE_CURVE ( 'NONE', #2962, #928, #3445, .T. ) ;
#612 = PRESENTATION_LAYER_ASSIGNMENT (  '', '', ( #10244 ) ) ;
#613 = CIRCLE ( 'NONE', #8095, 0.1399999999999999300 ) ;
#614 = SURFACE_SIDE_STYLE ('',( #8032 ) ) ;
#615 = FILL_AREA_STYLE ('',( #4729 ) ) ;
#616 = CARTESIAN_POINT ( 'NONE',  ( 0.2926282051282122500, 0.7800072252659040500, 2.030000000000000200 ) ) ;
#617 = VECTOR ( 'NONE', #6688, 1000.000000000000000 ) ;
#618 =( LENGTH_UNIT ( ) NAMED_UNIT ( * ) SI_UNIT ( .MILLI., .METRE. ) );
#619 = PRESENTATION_STYLE_ASSIGNMENT (( #642 ) ) ;
#620 = ORIENTED_EDGE ( 'NONE', *, *, #2814, .T. ) ;
#621 =( NAMED_UNIT ( * ) PLANE_ANGLE_UNIT ( ) SI_UNIT ( $, .RADIAN. ) );
#622 = PRESENTATION_LAYER_ASSIGNMENT (  '', '', ( #10253 ) ) ;
#623 = CARTESIAN_POINT ( 'NONE',  ( 0.8316566285937809800, -0.6112633266379220400, 2.029999999999999800 ) ) ;
#624 = VECTOR ( 'NONE', #2018, 1000.000000000000100 ) ;
#625 = CARTESIAN_POINT ( 'NONE',  ( -0.5552139686628370100, -0.4052749110190317400, 2.030000000000000200 ) ) ;
#626 = CARTESIAN_POINT ( 'NONE',  ( -1.269230769230762500, -0.7116594414007626500, 2.025000000000000400 ) ) ;
#627 = CARTESIAN_POINT ( 'NONE',  ( 0.6740645143510850500, -0.4000661752223617600, 2.024999999999999900 ) ) ;
#628 = VERTEX_POINT ( 'NONE', #5707 ) ;
#629 = AXIS2_PLACEMENT_3D ( 'NONE', #4803, #5622, #3189 ) ;
#630 =( BOUNDED_CURVE ( )  B_SPLINE_CURVE ( 3, ( #3484, #9220, #4309, #10063 ),
 .UNSPECIFIED., .F., .F. ) 
 B_SPLINE_CURVE_WITH_KNOTS ( ( 4, 4 ),
 ( 1.570796326794896600, 3.141592653589793100 ),
 .UNSPECIFIED. ) 
 CURVE ( )  GEOMETRIC_REPRESENTATION_ITEM ( )  RATIONAL_B_SPLINE_CURVE ( ( 1.000000000000000000, 0.8047378541243649400, 0.8047378541243649400, 1.000000000000000000 ) ) 
 REPRESENTATION_ITEM ( '' )  );
#631 = CARTESIAN_POINT ( 'NONE',  ( 0.8534558496882950200, -0.2055379966561803600, 2.025000000000000400 ) ) ;
#632 = ORIENTED_EDGE ( 'NONE', *, *, #10370, .T. ) ;
#633 = PRESENTATION_LAYER_ASSIGNMENT (  '', '', ( #10266 ) ) ;
#634 = AXIS2_PLACEMENT_3D ( 'NONE', #8089, #3174, #8917 ) ;
#635 = CARTESIAN_POINT ( 'NONE',  ( -1.036538461538454500, -0.2989390888366600400, 2.025000000000000400 ) ) ;
#636 = CARTESIAN_POINT ( 'NONE',  ( -0.5301127085101742200, -0.5487626411551401700, 2.025000000000000400 ) ) ;
#638 = DIRECTION ( 'NONE',  ( 1.000000000000000000, 0.0000000000000000000, 2.168404344971003200E-014 ) ) ;
#637 = STYLED_ITEM ( 'NONE', ( #6675 ), #8326 ) ;
#639 = ORIENTED_EDGE ( 'NONE', *, *, #7065, .F. ) ;
#640 = FACE_OUTER_BOUND ( 'NONE', #27, .T. ) ;
#641 = VERTEX_POINT ( 'NONE', #5672 ) ;
#642 = SURFACE_STYLE_USAGE ( .BOTH. , #5606 ) ;
#643 = ORIENTED_EDGE ( 'NONE', *, *, #7746, .T. ) ;
#644 = DIRECTION ( 'NONE',  ( 0.0000000000000000000, 1.000000000000000000, 0.0000000000000000000 ) ) ;
#645 = CARTESIAN_POINT ( 'NONE',  ( -1.158929828789287100, -0.3938196362219244500, 2.030000000000001100 ) ) ;
#646 = UNCERTAINTY_MEASURE_WITH_UNIT (LENGTH_MEASURE( 1.000000000000000100E-005 ), #2195, 'distance_accuracy_value', 'NONE');
#647 = CARTESIAN_POINT ( 'NONE',  ( 0.7361723811939381300, -0.6692174434125792700, 2.030000000000000700 ) ) ;
#648 = PRESENTATION_LAYER_ASSIGNMENT (  '', '', ( #116 ) ) ;
#649 =( NAMED_UNIT ( * ) SI_UNIT ( $, .STERADIAN. ) SOLID_ANGLE_UNIT ( ) );
#650 = CIRCLE ( 'NONE', #4485, 0.1469999999999986300 ) ;
#651 = FILL_AREA_STYLE ('',( #3966 ) ) ;
#652 = ORIENTED_EDGE ( 'NONE', *, *, #10242, .F. ) ;
#653 = PRESENTATION_LAYER_ASSIGNMENT (  '', '', ( #10289 ) ) ;
#654 = CARTESIAN_POINT ( 'NONE',  ( -0.5856946761168655400, -0.3220586117474141300, 2.030000000000000700 ) ) ;
#655 = CARTESIAN_POINT ( 'NONE',  ( -1.082589735105040900, -0.7090435680055355800, 2.030000000000000700 ) ) ;
#656 = EDGE_CURVE ( 'NONE', #5022, #7474, #1761, .T. ) ;
#657 = LINE ( 'NONE', #2963, #9189 ) ;
#658 = SURFACE_SIDE_STYLE ('',( #10634 ) ) ;
#659 =( LENGTH_UNIT ( ) NAMED_UNIT ( * ) SI_UNIT ( .MILLI., .METRE. ) );
#660 = CARTESIAN_POINT ( 'NONE',  ( -0.3101462339743520900, -0.6693517490930703800, 2.030000000000000200 ) ) ;
#661 = ORIENTED_EDGE ( 'NONE', *, *, #4481, .F. ) ;
#662 = LINE ( 'NONE', #8692, #5094 ) ;
#663 = CARTESIAN_POINT ( 'NONE',  ( 0.8881537501025627000, -0.5916107518095535800, 2.025000000000000800 ) ) ;
#664 = CARTESIAN_POINT ( 'NONE',  ( -0.2377581022545687500, -0.7184437765578692800, 2.030000000000000200 ) ) ;
#665 = ORIENTED_EDGE ( 'NONE', *, *, #2331, .F. ) ;
#666 = EDGE_CURVE ( 'NONE', #2153, #6824, #7560, .T. ) ;
#667 = SURFACE_STYLE_FILL_AREA ( #936 ) ;
#668 = EDGE_CURVE ( 'NONE', #1393, #1242, #977, .T. ) ;
#669 = CARTESIAN_POINT ( 'NONE',  ( -0.7041366185897363100, 0.2300072252659039800, 2.030000000000000200 ) ) ;
#670 = FACE_OUTER_BOUND ( 'NONE', #823, .T. ) ;
#671 = VERTEX_POINT ( 'NONE', #4096 ) ;
#672 = CARTESIAN_POINT ( 'NONE',  ( -1.219871794871788100, -0.2180696978110190400, 2.025000000000000400 ) ) ;
#673 = EDGE_LOOP ( 'NONE', ( #6400, #1571, #7067, #1922 ) ) ;
#674 = PRESENTATION_STYLE_ASSIGNMENT (( #6339 ) ) ;
#675 = CARTESIAN_POINT ( 'NONE',  ( 0.7033721357642152000, -0.4224540279239438800, 2.029999999999999800 ) ) ;
#676 = STYLED_ITEM ( 'NONE', ( #10574 ), #6025 ) ;
#677 = MECHANICAL_DESIGN_GEOMETRIC_PRESENTATION_REPRESENTATION (  '', ( #9743 ), #1270 ) ;
#678 = CARTESIAN_POINT ( 'NONE',  ( -0.5592425101655242900, -0.2733488069493145700, 2.025000000000001200 ) ) ;
#679 = CARTESIAN_POINT ( 'NONE',  ( -1.084646161297982300, -0.3780124660003024200, 2.024999999999999900 ) ) ;
#680 = CARTESIAN_POINT ( 'NONE',  ( 0.8389156693193398100, -0.5801561151076967100, 2.030000000000000200 ) ) ;
#681 = DIRECTION ( 'NONE',  ( 0.0000000000000000000, 0.0000000000000000000, 1.000000000000000000 ) ) ;
#682 = PRESENTATION_STYLE_ASSIGNMENT (( #7812 ) ) ;
#683 = ORIENTED_EDGE ( 'NONE', *, *, #5271, .T. ) ;
#684 = DIRECTION ( 'NONE',  ( 3.774355685785715000E-015, -1.000000000000000000, -0.0000000000000000000 ) ) ;
#685 = EDGE_CURVE ( 'NONE', #4774, #2706, #690, .T. ) ;
#686 = FACE_OUTER_BOUND ( 'NONE', #607, .T. ) ;
#687 = CARTESIAN_POINT ( 'NONE',  ( -0.4528909263550853200, -0.1794410804270121000, 2.025000000000001200 ) ) ;
#688 = CARTESIAN_POINT ( 'NONE',  ( -0.3098157051281981700, -0.7257620055033268100, 2.025000000000000400 ) ) ;
#689 = VECTOR ( 'NONE', #4101, 1000.000000000000000 ) ;
#690 = LINE ( 'NONE', #8196, #9223 ) ;
#691 = CARTESIAN_POINT ( 'NONE',  ( -1.158929828789287100, -0.3938196362219244500, 2.030000000000001100 ) ) ;
#692 = FILL_AREA_STYLE_COLOUR ( '', #4276 ) ;
#694 = PRESENTATION_LAYER_ASSIGNMENT (  '', '', ( #155 ) ) ;
#693 = CARTESIAN_POINT ( 'NONE',  ( 1.654929309816589600, -1.464999999999994300, 2.030000000000000200 ) ) ;
#695 = VECTOR ( 'NONE', #10698, 1000.000000000000200 ) ;
#696 =( GEOMETRIC_REPRESENTATION_CONTEXT ( 3 ) GLOBAL_UNCERTAINTY_ASSIGNED_CONTEXT ( ( #3072 ) ) GLOBAL_UNIT_ASSIGNED_CONTEXT ( ( #338, #6135, #1180 ) ) REPRESENTATION_CONTEXT ( 'NONE', 'WORKASPACE' ) );
#697 = ORIENTED_EDGE ( 'NONE', *, *, #609, .F. ) ;
#698 = CARTESIAN_POINT ( 'NONE',  ( -1.525252652248638900, 1.290252652248629700, 0.2199999999999999700 ) ) ;
#699 = CARTESIAN_POINT ( 'NONE',  ( 0.6487179487179560700, -0.2735985439648651600, 2.025000000000000400 ) ) ;
#700 =( GEOMETRIC_REPRESENTATION_CONTEXT ( 3 ) GLOBAL_UNCERTAINTY_ASSIGNED_CONTEXT ( ( #10475 ) ) GLOBAL_UNIT_ASSIGNED_CONTEXT ( ( #2358, #8135, #3214 ) ) REPRESENTATION_CONTEXT ( 'NONE', 'WORKASPACE' ) );
#701 = CARTESIAN_POINT ( 'NONE',  ( 0.8056649797553513400, -0.7086638249796701800, 2.025000000000001200 ) ) ;
#702 = DIRECTION ( 'NONE',  ( 1.000000000000000000, 0.0000000000000000000, 0.0000000000000000000 ) ) ;
#703 = LINE ( 'NONE', #5102, #9232 ) ;
#704 = CARTESIAN_POINT ( 'NONE',  ( -1.525252652248628900, -1.290252652248629900, 0.2199999999999999700 ) ) ;
#705 = FACE_OUTER_BOUND ( 'NONE', #1837, .T. ) ;
#706 = EDGE_CURVE ( 'NONE', #4067, #6955, #587, .T. ) ;
#707 = ORIENTED_EDGE ( 'NONE', *, *, #8474, .F. ) ;
#708 = SURFACE_STYLE_FILL_AREA ( #10209 ) ;
#709 = CARTESIAN_POINT ( 'NONE',  ( -1.080486381251979800, -0.2299218337311242400, 2.024999999999999900 ) ) ;
#710 = CARTESIAN_POINT ( 'NONE',  ( 0.5251001602564178100, 0.5105160393684681200, 2.025000000000000400 ) ) ;
#711 = LINE ( 'NONE', #4274, #4875 ) ;
#712 = PRESENTATION_STYLE_ASSIGNMENT (( #2320 ) ) ;
#713 =( GEOMETRIC_REPRESENTATION_CONTEXT ( 3 ) GLOBAL_UNCERTAINTY_ASSIGNED_CONTEXT ( ( #6901 ) ) GLOBAL_UNIT_ASSIGNED_CONTEXT ( ( #1038, #6816, #1882 ) ) REPRESENTATION_CONTEXT ( 'NONE', 'WORKASPACE' ) );
#714 =( LENGTH_UNIT ( ) NAMED_UNIT ( * ) SI_UNIT ( .MILLI., .METRE. ) );
#715 = VERTEX_POINT ( 'NONE', #5791 ) ;
#716 = FILL_AREA_STYLE ('',( #8129 ) ) ;
#717 = LINE ( 'NONE', #10708, #9252 ) ;
#718 = CARTESIAN_POINT ( 'NONE',  ( 0.6318376888723187300, -0.3617234031585178600, 2.025000000000000800 ) ) ;
#719 = STYLED_ITEM ( 'NONE', ( #10407 ), #9259 ) ;
#720 = VERTEX_POINT ( 'NONE', #825 ) ;
#721 = ORIENTED_EDGE ( 'NONE', *, *, #3370, .T. ) ;
#722 = CARTESIAN_POINT ( 'NONE',  ( -1.750000000000005300, -0.4750000000000003700, 0.5590000000000010500 ) ) ;
#723 = CARTESIAN_POINT ( 'NONE',  ( -1.037010310660727600, -0.3126378396656193700, 2.030000000000000700 ) ) ;
#724 = CARTESIAN_POINT ( 'NONE',  ( 1.850000000000003600, -1.024999999999526500, 0.2300000000000005900 ) ) ;
#725 = PRESENTATION_STYLE_ASSIGNMENT (( #1600 ) ) ;
#726 = CARTESIAN_POINT ( 'NONE',  ( -0.1137019230769161400, -0.5776850824264037100, 2.030000000000000200 ) ) ;
#727 = DIRECTION ( 'NONE',  ( 0.0000000000000000000, 1.000000000000000000, 0.0000000000000000000 ) ) ;
#728 = CARTESIAN_POINT ( 'NONE',  ( -0.5970572576321977500, -0.5148167761259681000, 2.024999999999999900 ) ) ;
#729 = VECTOR ( 'NONE', #2234, 1000.000000000000000 ) ;
#730 = UNCERTAINTY_MEASURE_WITH_UNIT (LENGTH_MEASURE( 1.000000000000000100E-005 ), #9441, 'distance_accuracy_value', 'NONE');
#731 = CARTESIAN_POINT ( 'NONE',  ( -0.3104767628205059000, -0.1475568772981984700, 2.030000000000000200 ) ) ;
#732 = CARTESIAN_POINT ( 'NONE',  ( -0.4914901007696421100, -0.6718028487101857000, 2.025000000000000800 ) ) ;
#733 = CARTESIAN_POINT ( 'NONE',  ( -1.037010310660727600, -0.3126378396656193700, 2.030000000000000700 ) ) ;
#734 = ORIENTED_EDGE ( 'NONE', *, *, #5028, .F. ) ;
#735 = ORIENTED_EDGE ( 'NONE', *, *, #165, .F. ) ;
#736 = CARTESIAN_POINT ( 'NONE',  ( 0.8884615384615458500, -0.5769138484520447400, 2.025000000000000400 ) ) ;
#737 = CARTESIAN_POINT ( 'NONE',  ( -1.525252652248629200, -1.290252652248629700, 0.2199999999999999700 ) ) ;
#738 = ORIENTED_EDGE ( 'NONE', *, *, #4090, .T. ) ;
#739 = FACE_OUTER_BOUND ( 'NONE', #1995, .T. ) ;
#740 = CARTESIAN_POINT ( 'NONE',  ( -0.9706868258709783200, -0.4702004967219094400, 2.030000000000000200 ) ) ;
#741 = CARTESIAN_POINT ( 'NONE',  ( 0.6506279919284633200, -0.2911571399541416100, 2.025000000000000800 ) ) ;
#742 = CARTESIAN_POINT ( 'NONE',  ( 1.700000000000005100, -1.464999999999994100, 1.169999999999999900 ) ) ;
#743 = DIRECTION ( 'NONE',  ( 0.0000000000000000000, -0.0000000000000000000, 1.000000000000000000 ) ) ;
#744 = EDGE_CURVE ( 'NONE', #1595, #10200, #5386, .T. ) ;
#745 = CARTESIAN_POINT ( 'NONE',  ( 0.8367888621794946600, -0.2744799542212754100, 2.025000000000000400 ) ) ;
#746 = EDGE_CURVE ( 'NONE', #8066, #10088, #2931, .T. ) ;
#747 = VECTOR ( 'NONE', #5298, 1000.000000000000000 ) ;
#748 = PRESENTATION_STYLE_ASSIGNMENT (( #1598 ) ) ;
#749 = CARTESIAN_POINT ( 'NONE',  ( 0.4095252403846230100, 0.7800072252659041600, 2.030000000000000200 ) ) ;
#750 = CARTESIAN_POINT ( 'NONE',  ( -1.036538461538454500, -0.2989390888366600400, 2.030000000000000200 ) ) ;
#751 = ORIENTED_EDGE ( 'NONE', *, *, #8169, .T. ) ;
#752 =( NAMED_UNIT ( * ) SI_UNIT ( $, .STERADIAN. ) SOLID_ANGLE_UNIT ( ) );
#753 = FILL_AREA_STYLE ('',( #4895 ) ) ;
#754 = PRESENTATION_LAYER_ASSIGNMENT (  '', '', ( #10381 ) ) ;
#755 = STYLED_ITEM ( 'NONE', ( #8759 ), #6159 ) ;
#756 = CARTESIAN_POINT ( 'NONE',  ( 0.6513482447020582100, -0.6334617085190062900, 2.025000000000000400 ) ) ;
#757 = EDGE_CURVE ( 'NONE', #8685, #1215, #7294, .T. ) ;
#758 = FILL_AREA_STYLE ('',( #4901 ) ) ;
#759 = CARTESIAN_POINT ( 'NONE',  ( 1.311538461538469500, -0.1616594414007626000, 2.030000000000000200 ) ) ;
#760 = VERTEX_POINT ( 'NONE', #9919 ) ;
#761 = ORIENTED_EDGE ( 'NONE', *, *, #9321, .T. ) ;
#762 = CARTESIAN_POINT ( 'NONE',  ( 0.7313501602564177500, -0.6693517490930703800, 2.025000000000000400 ) ) ;
#763 = PLANE ( 'NONE',  #8068 ) ;
#764 = AXIS2_PLACEMENT_3D ( 'NONE', #9052, #4153, #9891 ) ;
#765 = CARTESIAN_POINT ( 'NONE',  ( -0.3104767628205059000, -0.1475568772981984700, 2.030000000000000700 ) ) ;
#766 = CARTESIAN_POINT ( 'NONE',  ( 1.525252652248629400, 1.389872122057804100, 0.2112844257252344300 ) ) ;
#767 =( NAMED_UNIT ( * ) PLANE_ANGLE_UNIT ( ) SI_UNIT ( $, .RADIAN. ) );
#768 = FILL_AREA_STYLE ('',( #10349 ) ) ;
#769 = VECTOR ( 'NONE', #7472, 1000.000000000000000 ) ;
#770 =( NAMED_UNIT ( * ) SI_UNIT ( $, .STERADIAN. ) SOLID_ANGLE_UNIT ( ) );
#771 = STYLED_ITEM ( 'NONE', ( #8643 ), #7643 ) ;
#772 = CARTESIAN_POINT ( 'NONE',  ( 1.849999999999996300, 0.9499999999999998400, 1.170000000000000400 ) ) ;
#773 = B_SPLINE_CURVE_WITH_KNOTS ( 'NONE', 3,
 ( #3127, #2275, #10536, #5595, #627, #6419, #1470, #7248, #2309, #8075, #3159 ),
 .UNSPECIFIED., .F., .F.,
 ( 4, 1, 1, 1, 1, 1, 1, 1, 4 ),
 ( 0.0000000000000000000, 0.1815353013762850400, 0.3470816724816293600, 0.4955678164315540600, 0.6283573018772139500, 0.7455196699921560200, 0.8458307507576513500, 0.9307818073847582400, 1.000000000000000000 ),
 .UNSPECIFIED. ) ;
#774 =( NAMED_UNIT ( * ) PLANE_ANGLE_UNIT ( ) SI_UNIT ( $, .RADIAN. ) );
#775 = CARTESIAN_POINT ( 'NONE',  ( 0.6942592114860706200, -0.3524679267833281100, 2.024999999999999900 ) ) ;
#776 = CARTESIAN_POINT ( 'NONE',  ( -1.050751201923070300, -0.4149547138366600500, 2.030000000000000200 ) ) ;
#777 = EDGE_LOOP ( 'NONE', ( #6010, #10026, #10482, #8074, #7380, #8747, #3604, #2603, #603, #2007, #7797, #367 ) ) ;
#778 = EDGE_CURVE ( 'NONE', #9500, #5523, #4608, .T. ) ;
#779 = DIRECTION ( 'NONE',  ( -0.0000000000000000000, -1.000000000000000000, -0.0000000000000000000 ) ) ;
#780 = CARTESIAN_POINT ( 'NONE',  ( 0.6817238549425032000, -0.3414757130172417800, 2.030000000000000700 ) ) ;
#781 = CARTESIAN_POINT ( 'NONE',  ( -0.1137019230769161400, -0.5776850824264037100, 2.025000000000000400 ) ) ;
#782 = SURFACE_STYLE_USAGE ( .BOTH. , #5743 ) ;
#783 = STYLED_ITEM ( 'NONE', ( #9631 ), #3753 ) ;
#784 = MECHANICAL_DESIGN_GEOMETRIC_PRESENTATION_REPRESENTATION (  '', ( #9839 ), #1353 ) ;
#785 = AXIS2_PLACEMENT_3D ( 'NONE', #5670, #7359, #2414 ) ;
#786 =( LENGTH_UNIT ( ) NAMED_UNIT ( * ) SI_UNIT ( .MILLI., .METRE. ) );
#787 = VERTEX_POINT ( 'NONE', #4999 ) ;
#788 = FACE_OUTER_BOUND ( 'NONE', #1723, .T. ) ;
#789 = SURFACE_SIDE_STYLE ('',( #3026 ) ) ;
#790 = VECTOR ( 'NONE', #4100, 1000.000000000000000 ) ;
#791 =( LENGTH_UNIT ( ) NAMED_UNIT ( * ) SI_UNIT ( .MILLI., .METRE. ) );
#793 = CARTESIAN_POINT ( 'NONE',  ( 0.5217948717948789300, -0.7116594414007626500, 2.025000000000000400 ) ) ;
#792 =( GEOMETRIC_REPRESENTATION_CONTEXT ( 3 ) GLOBAL_UNCERTAINTY_ASSIGNED_CONTEXT ( ( #8882 ) ) GLOBAL_UNIT_ASSIGNED_CONTEXT ( ( #4099, #9844, #4927 ) ) REPRESENTATION_CONTEXT ( 'NONE', 'WORKASPACE' ) );
#794 =( LENGTH_UNIT ( ) NAMED_UNIT ( * ) SI_UNIT ( .MILLI., .METRE. ) );
#795 = UNCERTAINTY_MEASURE_WITH_UNIT (LENGTH_MEASURE( 1.000000000000000100E-005 ), #5085, 'distance_accuracy_value', 'NONE');
#796 = FILL_AREA_STYLE ('',( #10646 ) ) ;
#797 = CARTESIAN_POINT ( 'NONE',  ( 1.311538461538469500, -0.4437107234520447100, 2.030000000000000200 ) ) ;
#798 = ORIENTED_EDGE ( 'NONE', *, *, #149, .T. ) ;
#799 = FILL_AREA_STYLE ('',( #5761 ) ) ;
#800 = CARTESIAN_POINT ( 'NONE',  ( 0.2638721955128276500, -0.2688609638366600800, 2.030000000000000200 ) ) ;
#801 = COLOUR_RGB ( '',0.6862745098039215700, 0.6078431372549019100, 0.5294117647058823600 ) ;
#802 = CARTESIAN_POINT ( 'NONE',  ( 0.6105969551282125500, -0.5776850824264037100, 2.025000000000000400 ) ) ;
#803 = CARTESIAN_POINT ( 'NONE',  ( 1.311538461538469500, -0.3873004670417882800, 2.025000000000000400 ) ) ;
#804 = CARTESIAN_POINT ( 'NONE',  ( 1.700000000000005100, -1.464999999999994100, 1.070000000000000100 ) ) ;
#805 =( NAMED_UNIT ( * ) PLANE_ANGLE_UNIT ( ) SI_UNIT ( $, .RADIAN. ) );
#806 = ORIENTED_EDGE ( 'NONE', *, *, #3827, .T. ) ;
#807 = DIRECTION ( 'NONE',  ( -4.336808689942018500E-015, -0.0000000000000000000, 1.000000000000000000 ) ) ;
#808 = EDGE_LOOP ( 'NONE', ( #8978, #7942, #3471, #892 ) ) ;
#809 = CARTESIAN_POINT ( 'NONE',  ( 1.849999999999996100, 1.024999999999999700, 0.2300000000000005900 ) ) ;
#810 = SURFACE_STYLE_FILL_AREA ( #5138 ) ;
#811 = DIRECTION ( 'NONE',  ( -0.0000000000000000000, -0.0000000000000000000, 1.000000000000000000 ) ) ;
#812 = EDGE_CURVE ( 'NONE', #1036, #6424, #442, .T. ) ;
#813 =( NAMED_UNIT ( * ) PLANE_ANGLE_UNIT ( ) SI_UNIT ( $, .RADIAN. ) );
#814 = CARTESIAN_POINT ( 'NONE',  ( 0.7539319118595373400, -0.3959003523454341400, 2.029999999999999800 ) ) ;
#815 = CARTESIAN_POINT ( 'NONE',  ( -0.3711838942307619800, 0.4062892765479552700, 2.025000000000000400 ) ) ;
#816 = VERTEX_POINT ( 'NONE', #34 ) ;
#817 = VERTEX_POINT ( 'NONE', #3379 ) ;
#818 = CARTESIAN_POINT ( 'NONE',  ( -1.850000000000005200, 1.100000000000000100, 1.287490079826536500E-016 ) ) ;
#819 = DIRECTION ( 'NONE',  ( -0.0000000000000000000, -1.000000000000000000, -0.0000000000000000000 ) ) ;
#820 = CARTESIAN_POINT ( 'NONE',  ( -0.5422371281360420800, -0.6227359244427236300, 2.030000000000000200 ) ) ;
#821 = CARTESIAN_POINT ( 'NONE',  ( 0.8136035140712444300, -0.2464120181264868600, 2.030000000000000200 ) ) ;
#822 = LINE ( 'NONE', #3062, #550 ) ;
#823 = EDGE_LOOP ( 'NONE', ( #4271, #1265, #4085, #5575, #8407, #8503, #2996, #734 ) ) ;
#824 = DIRECTION ( 'NONE',  ( 1.000000000000000000, 0.0000000000000000000, 0.0000000000000000000 ) ) ;
#825 = CARTESIAN_POINT ( 'NONE',  ( -1.650000000000004600, 1.100000000000000100, 0.1000000000000000300 ) ) ;
#826 = CARTESIAN_POINT ( 'NONE',  ( -1.156666023940447400, -0.1616870593210397400, 2.025000000000000800 ) ) ;
#827 = EDGE_CURVE ( 'NONE', #5599, #874, #4351, .T. ) ;
#828 = SURFACE_SIDE_STYLE ('',( #8548 ) ) ;
#829 = EDGE_CURVE ( 'NONE', #7826, #5498, #8721, .T. ) ;
#830 = LINE ( 'NONE', #248, #4981 ) ;
#831 = STYLED_ITEM ( 'NONE', ( #1780 ), #253 ) ;
#832 = CARTESIAN_POINT ( 'NONE',  ( -1.710000000000005100, 1.100000000000000100, 1.030000000000000000 ) ) ;
#833 = CYLINDRICAL_SURFACE ( 'NONE', #9085, 0.1399999999999999300 ) ;
#834 = SURFACE_STYLE_FILL_AREA ( #7525 ) ;
#835 = VERTEX_POINT ( 'NONE', #5861 ) ;
#836 = CARTESIAN_POINT ( 'NONE',  ( 0.7732052490500286300, -0.1520903047868202900, 2.030000000000001100 ) ) ;
#837 = DIRECTION ( 'NONE',  ( -0.9036123719369735200, 0.4283511191562789400, 0.0000000000000000000 ) ) ;
#838 = CARTESIAN_POINT ( 'NONE',  ( -0.6698717948717882700, -0.4719158516571728700, 2.030000000000000200 ) ) ;
#839 =( LENGTH_UNIT ( ) NAMED_UNIT ( * ) SI_UNIT ( .MILLI., .METRE. ) );
#840 = PRESENTATION_LAYER_ASSIGNMENT (  '', '', ( #10462 ) ) ;
#841 = COLOUR_RGB ( '',0.7294117647058823200, 0.3568627450980392200, 0.02352941176470588200 ) ;
#842 = CARTESIAN_POINT ( 'NONE',  ( -0.7041366185897363100, 0.2300072252659039800, 2.025000000000000400 ) ) ;
#843 = CARTESIAN_POINT ( 'NONE',  ( 0.5995881753796787900, -0.2870455097396136800, 2.030000000000000200 ) ) ;
#844 = CARTESIAN_POINT ( 'NONE',  ( -0.1568686876514485100, -0.1856139951074019000, 2.030000000000000700 ) ) ;
#845 = SURFACE_STYLE_FILL_AREA ( #7830 ) ;
#846 = CARTESIAN_POINT ( 'NONE',  ( 1.001282051282059000, -0.1616594414007626000, 2.025000000000000400 ) ) ;
#847 = FILL_AREA_STYLE ('',( #13 ) ) ;
#848 = CARTESIAN_POINT ( 'NONE',  ( -0.1798076923076852000, 0.7800072252659040500, 2.025000000000000400 ) ) ;
#849 = EDGE_LOOP ( 'NONE', ( #9696, #6693, #1268, #6172 ) ) ;
#850 = FACE_OUTER_BOUND ( 'NONE', #9097, .T. ) ;
#851 = ORIENTED_EDGE ( 'NONE', *, *, #3568, .T. ) ;
#852 = CARTESIAN_POINT ( 'NONE',  ( -1.038111719673524600, -0.2811692334724014700, 2.025000000000000800 ) ) ;
#853 = CARTESIAN_POINT ( 'NONE',  ( 1.650000000000004600, 1.100000000000000100, 0.1000000000000078700 ) ) ;
#854 =( NAMED_UNIT ( * ) PLANE_ANGLE_UNIT ( ) SI_UNIT ( $, .RADIAN. ) );
#856 = MECHANICAL_DESIGN_GEOMETRIC_PRESENTATION_REPRESENTATION (  '', ( #9908 ), #1413 ) ;
#855 = SURFACE_STYLE_USAGE ( .BOTH. , #5815 ) ;
#857 = SURFACE_STYLE_FILL_AREA ( #7926 ) ;
#858 = VECTOR ( 'NONE', #8499, 999.9999999999998900 ) ;
#859 = AXIS2_PLACEMENT_3D ( 'NONE', #3861, #9599, #4692 ) ;
#860 = CARTESIAN_POINT ( 'NONE',  ( 0.7287678374205347500, -0.1477835456380595900, 2.025000000000000400 ) ) ;
#861 = ORIENTED_EDGE ( 'NONE', *, *, #9623, .T. ) ;
#862 = FILL_AREA_STYLE ('',( #25 ) ) ;
#863 = DIRECTION ( 'NONE',  ( -0.0000000000000000000, -0.0000000000000000000, 1.000000000000000000 ) ) ;
#864 = CARTESIAN_POINT ( 'NONE',  ( -0.5570512820512751900, -0.4372103228110190100, 2.025000000000000400 ) ) ;
#865 = VERTEX_POINT ( 'NONE', #9111 ) ;
#866 = CARTESIAN_POINT ( 'NONE',  ( 0.7559769356516227200, -0.2070867423071262600, 2.025000000000000400 ) ) ;
#867 = VECTOR ( 'NONE', #6660, 1000.000000000000000 ) ;
#868 = EDGE_CURVE ( 'NONE', #3666, #10565, #9413, .T. ) ;
#869 = SURFACE_SIDE_STYLE ('',( #1492 ) ) ;
#870 = SURFACE_STYLE_FILL_AREA ( #6474 ) ;
#871 = DIRECTION ( 'NONE',  ( 0.4285842068721730200, 0.9035018415143105700, 0.0000000000000000000 ) ) ;
#872 = CARTESIAN_POINT ( 'NONE',  ( -1.030751375262505500, -0.1968675364133498100, 2.025000000000000400 ) ) ;
#873 = DIRECTION ( 'NONE',  ( -0.0000000000000000000, -0.0000000000000000000, 1.000000000000000000 ) ) ;
#874 = VERTEX_POINT ( 'NONE', #1745 ) ;
#875 = DIRECTION ( 'NONE',  ( 0.0000000000000000000, 0.0000000000000000000, 1.000000000000000000 ) ) ;
#876 = VERTEX_POINT ( 'NONE', #10021 ) ;
#877 = ORIENTED_EDGE ( 'NONE', *, *, #3774, .F. ) ;
#878 = CARTESIAN_POINT ( 'NONE',  ( -0.5570512820512753000, -0.4372103228110190700, 2.025000000000000800 ) ) ;
#879 = ORIENTED_EDGE ( 'NONE', *, *, #4246, .T. ) ;
#880 = VECTOR ( 'NONE', #9029, 1000.000000000000000 ) ;
#881 = STYLED_ITEM ( 'NONE', ( #3400 ), #4606 ) ;
#882 = LINE ( 'NONE', #1169, #5030 ) ;
#883 = CARTESIAN_POINT ( 'NONE',  ( 0.8534558496882950200, -0.2055379966561803600, 2.025000000000000400 ) ) ;
#884 = FACE_OUTER_BOUND ( 'NONE', #1466, .T. ) ;
#885 = UNCERTAINTY_MEASURE_WITH_UNIT (LENGTH_MEASURE( 1.000000000000000100E-005 ), #4540, 'distance_accuracy_value', 'NONE');
#886 = FILL_AREA_STYLE_COLOUR ( '', #7446 ) ;
#887 = FACE_OUTER_BOUND ( 'NONE', #6075, .T. ) ;
#888 = CARTESIAN_POINT ( 'NONE',  ( -1.710000000000005100, -1.100000000000000100, 1.030000000000000000 ) ) ;
#889 = CARTESIAN_POINT ( 'NONE',  ( -0.3101462339743520900, -0.6693517490930703800, 2.030000000000000200 ) ) ;
#890 = CARTESIAN_POINT ( 'NONE',  ( 0.0000000000000000000, 0.0000000000000000000, 0.0000000000000000000 ) ) ;
#891 = VECTOR ( 'NONE', #3067, 1000.000000000000000 ) ;
#892 = ORIENTED_EDGE ( 'NONE', *, *, #4247, .T. ) ;
#893 = ORIENTED_EDGE ( 'NONE', *, *, #6782, .F. ) ;
#894 = DIRECTION ( 'NONE',  ( -3.552334763092437900E-015, 1.000000000000000000, 0.0000000000000000000 ) ) ;
#895 = FILL_AREA_STYLE ('',( #2517 ) ) ;
#896 = ORIENTED_EDGE ( 'NONE', *, *, #2215, .F. ) ;
#897 = CARTESIAN_POINT ( 'NONE',  ( -1.064420108945486600, -0.2394266651695242100, 2.030000000000000200 ) ) ;
#898 = LINE ( 'NONE', #3971, #7216 ) ;
#899 = CARTESIAN_POINT ( 'NONE',  ( -1.092884026611580700, -0.1676662379949804500, 2.030000000000000200 ) ) ;
#900 = DIRECTION ( 'NONE',  ( 0.0000000000000000000, 0.0000000000000000000, -1.000000000000000000 ) ) ;
#901 = CARTESIAN_POINT ( 'NONE',  ( -1.007690964823025900, -0.5073098211221921400, 2.025000000000000800 ) ) ;
#902 = CARTESIAN_POINT ( 'NONE',  ( 1.311538461538469500, -0.6552491849905062200, 2.025000000000000400 ) ) ;
#903 = ORIENTED_EDGE ( 'NONE', *, *, #4384, .T. ) ;
#904 = EDGE_CURVE ( 'NONE', #3713, #6814, #7264, .T. ) ;
#905 = EDGE_CURVE ( 'NONE', #9098, #3204, #6965, .T. ) ;
#906 = CARTESIAN_POINT ( 'NONE',  ( -0.9513284643577489800, -0.6018215575241942000, 2.025000000000000800 ) ) ;
#907 = CARTESIAN_POINT ( 'NONE',  ( -1.181861066131053100, -0.3942889040491925300, 2.025000000000000400 ) ) ;
#908 =( LENGTH_UNIT ( ) NAMED_UNIT ( * ) SI_UNIT ( .MILLI., .METRE. ) );
#909 = CARTESIAN_POINT ( 'NONE',  ( -1.654929309816589400, 1.419929309816579100, 2.025000000000000400 ) ) ;
#910 = ORIENTED_EDGE ( 'NONE', *, *, #121, .F. ) ;
#911 =( NAMED_UNIT ( * ) SI_UNIT ( $, .STERADIAN. ) SOLID_ANGLE_UNIT ( ) );
#912 = AXIS2_PLACEMENT_3D ( 'NONE', #8863, #3936, #9678 ) ;
#913 = AXIS2_PLACEMENT_3D ( 'NONE', #10136, #5210, #241 ) ;
#914 = ADVANCED_FACE ( 'NONE', ( #9144 ), #4123, .T. ) ;
#915 = ORIENTED_EDGE ( 'NONE', *, *, #9423, .T. ) ;
#916 = EDGE_CURVE ( 'NONE', #628, #2816, #8119, .T. ) ;
#917 = DIRECTION ( 'NONE',  ( 0.0000000000000000000, -1.000000000000000000, 0.0000000000000000000 ) ) ;
#918 = FILL_AREA_STYLE_COLOUR ( '', #9027 ) ;
#919 = CARTESIAN_POINT ( 'NONE',  ( 0.8731830221371373900, -0.5138413211074638300, 2.030000000000000200 ) ) ;
#920 = CARTESIAN_POINT ( 'NONE',  ( -0.1550752923696746000, -0.6180460272980083900, 2.025000000000000800 ) ) ;
#921 = APPLICATION_PROTOCOL_DEFINITION ( 'draft international standard', 'automotive_design', 1998, #1759 ) ;
#922 = UNCERTAINTY_MEASURE_WITH_UNIT (LENGTH_MEASURE( 1.000000000000000100E-005 ), #5915, 'distance_accuracy_value', 'NONE');
#923 = CARTESIAN_POINT ( 'NONE',  ( 0.3868289262820583900, -0.5353773901187113300, 2.030000000000000200 ) ) ;
#924 = CARTESIAN_POINT ( 'NONE',  ( 0.6487179487179560700, -0.2735985439648651600, 2.030000000000000200 ) ) ;
#925 = ORIENTED_EDGE ( 'NONE', *, *, #7829, .T. ) ;
#926 = ORIENTED_EDGE ( 'NONE', *, *, #6362, .F. ) ;
#927 = CARTESIAN_POINT ( 'NONE',  ( -1.138547664277783000, -0.2182569068881080300, 2.025000000000000400 ) ) ;
#928 = VERTEX_POINT ( 'NONE', #4425 ) ;
#929 =( GEOMETRIC_REPRESENTATION_CONTEXT ( 3 ) GLOBAL_UNCERTAINTY_ASSIGNED_CONTEXT ( ( #5520 ) ) GLOBAL_UNIT_ASSIGNED_CONTEXT ( ( #2229, #8003, #3076 ) ) REPRESENTATION_CONTEXT ( 'NONE', 'WORKASPACE' ) );
#930 = PLANE ( 'NONE',  #10333 ) ;
#931 = PRESENTATION_STYLE_ASSIGNMENT (( #4217 ) ) ;
#932 = DIRECTION ( 'NONE',  ( 0.08715574274765525200, 0.0000000000000000000, -0.9961946980917457700 ) ) ;
#933 = CARTESIAN_POINT ( 'NONE',  ( -0.1137019230769161400, -0.2956338003751216000, 2.025000000000000400 ) ) ;
#934 = EDGE_CURVE ( 'NONE', #2806, #8108, #3764, .T. ) ;
#935 = LINE ( 'NONE', #7339, #5081 ) ;
#936 = FILL_AREA_STYLE ('',( #3372 ) ) ;
#937 = CARTESIAN_POINT ( 'NONE',  ( 0.5820612980769306300, 0.5105160393684681200, 2.025000000000000400 ) ) ;
#938 =( NAMED_UNIT ( * ) SI_UNIT ( $, .STERADIAN. ) SOLID_ANGLE_UNIT ( ) );
#939 = LINE ( 'NONE', #965, #9457 ) ;
#940 = ORIENTED_EDGE ( 'NONE', *, *, #685, .F. ) ;
#941 = PRODUCT_RELATED_PRODUCT_CATEGORY ( 'part', '', ( #9184 ) ) ;
#942 = VECTOR ( 'NONE', #8678, 1000.000000000000000 ) ;
#943 = CARTESIAN_POINT ( 'NONE',  ( -1.004869864885418000, -0.6771502367297633800, 2.030000000000000200 ) ) ;
#944 = ORIENTED_EDGE ( 'NONE', *, *, #6607, .T. ) ;
#945 = UNCERTAINTY_MEASURE_WITH_UNIT (LENGTH_MEASURE( 1.000000000000000100E-005 ), #7369, 'distance_accuracy_value', 'NONE');
#946 = ADVANCED_BREP_SHAPE_REPRESENTATION ( 'User Library-AVX_BCASE', ( #4653, #9982 ), #5568 ) ;
#948 = CARTESIAN_POINT ( 'NONE',  ( -1.072572387788002200, -0.3702383203243039800, 2.025000000000000800 ) ) ;
#947 = PRESENTATION_LAYER_ASSIGNMENT (  '', '', ( #10546 ) ) ;
#949 = CARTESIAN_POINT ( 'NONE',  ( 0.8193810096153920600, -0.5221562362725574700, 2.030000000000000200 ) ) ;
#950 = AXIS2_PLACEMENT_3D ( 'NONE', #6906, #1978, #7733 ) ;
#951 = LINE ( 'NONE', #10377, #7531 ) ;
#952 = CARTESIAN_POINT ( 'NONE',  ( -0.9448717948717880700, -0.5555396497340959700, 2.025000000000000400 ) ) ;
#953 = ORIENTED_EDGE ( 'NONE', *, *, #4162, .F. ) ;
#954 = SURFACE_STYLE_FILL_AREA ( #2564 ) ;
#955 = VECTOR ( 'NONE', #779, 1000.000000000000000 ) ;
#956 = CARTESIAN_POINT ( 'NONE',  ( 0.6501211071448652600, -0.7046856798931662200, 2.030000000000000700 ) ) ;
#957 = CARTESIAN_POINT ( 'NONE',  ( -1.102184105308526600, -0.4542996155396214500, 2.030000000000001100 ) ) ;
#958 = APPLICATION_CONTEXT ( 'automotive_design' ) ;
#959 = CARTESIAN_POINT ( 'NONE',  ( 1.820709274867410500, -0.3523868044320140900, 1.116135710877979700 ) ) ;
#960 = EDGE_LOOP ( 'NONE', ( #3593, #2515, #8886, #4811 ) ) ;
#961 = CARTESIAN_POINT ( 'NONE',  ( -1.144547781422453800, -0.6551888818281598200, 2.029999999999999800 ) ) ;
#962 = CARTESIAN_POINT ( 'NONE',  ( -0.08092328103584260600, -0.6238397987695204500, 2.024999999999999900 ) ) ;
#963 = EDGE_LOOP ( 'NONE', ( #7120, #2170, #7714, #4538 ) ) ;
#964 =( NAMED_UNIT ( * ) PLANE_ANGLE_UNIT ( ) SI_UNIT ( $, .RADIAN. ) );
#965 = CARTESIAN_POINT ( 'NONE',  ( 1.311538461538469500, -0.7116594414007626500, 2.030000000000000200 ) ) ;
#966 = SURFACE_STYLE_FILL_AREA ( #6753 ) ;
#967 = SURFACE_SIDE_STYLE ('',( #6496 ) ) ;
#968 = ADVANCED_FACE ( 'NONE', ( #10057, #10323, #4004 ), #6079, .T. ) ;
#969 =( NAMED_UNIT ( * ) SI_UNIT ( $, .STERADIAN. ) SOLID_ANGLE_UNIT ( ) );
#970 = COLOUR_RGB ( '',0.7294117647058823200, 0.3568627450980392200, 0.02352941176470588200 ) ;
#971 = ORIENTED_EDGE ( 'NONE', *, *, #9591, .T. ) ;
#972 = CARTESIAN_POINT ( 'NONE',  ( 1.849999999999995900, 1.100000000000000100, 0.2300000000000005900 ) ) ;
#973 = CARTESIAN_POINT ( 'NONE',  ( 0.6105969551282125500, -0.5776850824264037100, 2.030000000000000700 ) ) ;
#974 = CARTESIAN_POINT ( 'NONE',  ( -0.5970572576321977500, -0.5148167761259681000, 2.024999999999999900 ) ) ;
#975 = COLOUR_RGB ( '',1.000000000000000000, 0.7176470588235294200, 0.2470588235294117800 ) ;
#976 = STYLED_ITEM ( 'NONE', ( #1930 ), #5226 ) ;
#977 = LINE ( 'NONE', #749, #5129 ) ;
#978 = CARTESIAN_POINT ( 'NONE',  ( -1.113948229139489100, -0.7115613488745201600, 2.025000000000000800 ) ) ;
#979 = FILL_AREA_STYLE_COLOUR ( '', #2588 ) ;
#980 = CARTESIAN_POINT ( 'NONE',  ( -1.699999999999994600, -1.465000000000006300, 1.070000000000000100 ) ) ;
#981 = ORIENTED_EDGE ( 'NONE', *, *, #8787, .F. ) ;
#982 = CARTESIAN_POINT ( 'NONE',  ( -0.9942307692307627000, -0.5555396497340959700, 2.030000000000000200 ) ) ;
#983 = EDGE_CURVE ( 'NONE', #9446, #2895, #9284, .T. ) ;
#984 = FACE_OUTER_BOUND ( 'NONE', #8701, .T. ) ;
#985 = SURFACE_STYLE_USAGE ( .BOTH. , #5941 ) ;
#986 = ADVANCED_FACE ( 'NONE', ( #4908 ), #2005, .T. ) ;
#987 = ORIENTED_EDGE ( 'NONE', *, *, #5179, .T. ) ;
#988 = CARTESIAN_POINT ( 'NONE',  ( 0.6971729405337634400, -0.2085350148371378800, 2.025000000000000400 ) ) ;
#989 = CARTESIAN_POINT ( 'NONE',  ( -1.850000000000005200, 0.3749999999999990600, 0.4590000000000000700 ) ) ;
#990 = CARTESIAN_POINT ( 'NONE',  ( 1.727711642729159200, 0.3929754577545920300, 1.168875115524117500 ) ) ;
#991 = CARTESIAN_POINT ( 'NONE',  ( 0.3608273237179558400, -0.4789671337084549500, 2.025000000000000400 ) ) ;
#992 = CARTESIAN_POINT ( 'NONE',  ( -1.085038538715978900, -0.6509977637175760100, 2.025000000000000400 ) ) ;
#993 = CARTESIAN_POINT ( 'NONE',  ( -1.021017629323930800, -0.6197690121933570100, 2.029999999999999800 ) ) ;
#994 = CARTESIAN_POINT ( 'NONE',  ( -0.1578368777374751000, -0.6878991705373690400, 2.029999999999998900 ) ) ;
#995 = EDGE_CURVE ( 'NONE', #6863, #5930, #1948, .T. ) ;
#996 = FILL_AREA_STYLE ('',( #9212 ) ) ;
#997 = VERTEX_POINT ( 'NONE', #7053 ) ;
#998 = LINE ( 'NONE', #5701, #2959 ) ;
#999 = SURFACE_STYLE_USAGE ( .BOTH. , #5952 ) ;
#1000 = VERTEX_POINT ( 'NONE', #2971 ) ;
#1001 = ORIENTED_EDGE ( 'NONE', *, *, #9866, .T. ) ;
#1002 = MECHANICAL_DESIGN_GEOMETRIC_PRESENTATION_REPRESENTATION (  '', ( #10601 ), #1547 ) ;
#1003 = SURFACE_SIDE_STYLE ('',( #7666 ) ) ;
#1004 = ORIENTED_EDGE ( 'NONE', *, *, #3554, .T. ) ;
#1005 =( LENGTH_UNIT ( ) NAMED_UNIT ( * ) SI_UNIT ( .MILLI., .METRE. ) );
#1006 =( BOUNDED_CURVE ( )  B_SPLINE_CURVE ( 3, ( #3680, #8561, #6943, #9430 ),
 .UNSPECIFIED., .F., .F. ) 
 B_SPLINE_CURVE_WITH_KNOTS ( ( 4, 4 ),
 ( 1.355252715606878800E-016, 1.570796326794896600 ),
 .UNSPECIFIED. ) 
 CURVE ( )  GEOMETRIC_REPRESENTATION_ITEM ( )  RATIONAL_B_SPLINE_CURVE ( ( 1.000000000000000000, 0.8047378541243650500, 0.8047378541243650500, 1.000000000000000000 ) ) 
 REPRESENTATION_ITEM ( '' )  );
#1007 = B_SPLINE_CURVE_WITH_KNOTS ( 'NONE', 3,
 ( #6605, #820, #5783, #7424, #2486, #8265, #3331, #9070, #4168, #9914, #4990 ),
 .UNSPECIFIED., .F., .F.,
 ( 4, 1, 1, 1, 1, 1, 1, 1, 4 ),
 ( 0.0000000000000000000, 0.1243285095938497900, 0.2471560163611867500, 0.3687797492913394400, 0.4907338624016478500, 0.6136137718478438300, 0.7389575757222154300, 0.8673105751912624200, 0.9999999999999998900 ),
 .UNSPECIFIED. ) ;
#1008 = MECHANICAL_DESIGN_GEOMETRIC_PRESENTATION_REPRESENTATION (  '', ( #10059 ), #1551 ) ;
#1009 = CIRCLE ( 'NONE', #572, 0.07499999999999953900 ) ;
#1010 = CARTESIAN_POINT ( 'NONE',  ( 0.6977744259805397400, -0.6639989226056627300, 2.025000000000000400 ) ) ;
#1011 = VECTOR ( 'NONE', #1545, 1000.000000000000000 ) ;
#1013 =( NAMED_UNIT ( * ) PLANE_ANGLE_UNIT ( ) SI_UNIT ( $, .RADIAN. ) );
#1012 = CARTESIAN_POINT ( 'NONE',  ( 0.5641025641025715400, -0.6055596817853780000, 2.025000000000000400 ) ) ;
#1014 = CARTESIAN_POINT ( 'NONE',  ( -0.9633080082233649300, -0.6296775359373950600, 2.025000000000000800 ) ) ;
#1015 = LINE ( 'NONE', #1804, #7328 ) ;
#1016 = MECHANICAL_DESIGN_GEOMETRIC_PRESENTATION_REPRESENTATION (  '', ( #10067 ), #1556 ) ;
#1017 = VERTEX_POINT ( 'NONE', #6229 ) ;
#1018 = VERTEX_POINT ( 'NONE', #6112 ) ;
#1019 = DIRECTION ( 'NONE',  ( -0.0000000000000000000, -0.0000000000000000000, 1.000000000000000000 ) ) ;
#1020 = CARTESIAN_POINT ( 'NONE',  ( 0.7588942307692383400, -0.3994198580674293000, 2.030000000000000700 ) ) ;
#1021 = DIRECTION ( 'NONE',  ( -0.0000000000000000000, -0.0000000000000000000, 1.000000000000000000 ) ) ;
#1022 = CARTESIAN_POINT ( 'NONE',  ( -1.007690964823025900, -0.5073098211221921400, 2.025000000000000800 ) ) ;
#1023 = COLOUR_RGB ( '',0.6862745098039215700, 0.6078431372549019100, 0.5294117647058823600 ) ;
#1024 = ADVANCED_FACE ( 'NONE', ( #3878 ), #3794, .T. ) ;
#1025 = CARTESIAN_POINT ( 'NONE',  ( 0.7011645083507759300, -0.3576226481440137300, 2.025000000000000800 ) ) ;
#1026 = VECTOR ( 'NONE', #8954, 1000.000000000000000 ) ;
#1027 = CARTESIAN_POINT ( 'NONE',  ( 0.6489889537989743700, -0.2688654176382211900, 2.030000000000000700 ) ) ;
#1028 = ORIENTED_EDGE ( 'NONE', *, *, #8681, .T. ) ;
#1029 = CARTESIAN_POINT ( 'NONE',  ( -0.3157311385229801300, -0.7257208352445599900, 2.025000000000000400 ) ) ;
#1030 = CARTESIAN_POINT ( 'NONE',  ( 1.835381423665839900, 0.3108729138756573500, 1.092592503192872900 ) ) ;
#1031 = EDGE_CURVE ( 'NONE', #720, #4243, #8251, .T. ) ;
#1032 = CARTESIAN_POINT ( 'NONE',  ( -0.1269230769230698400, 0.7800072252659040500, 2.025000000000000400 ) ) ;
#1033 = CARTESIAN_POINT ( 'NONE',  ( -1.021017629323930800, -0.6197690121933570100, 2.029999999999999800 ) ) ;
#1034 = CARTESIAN_POINT ( 'NONE',  ( -0.2729716528277297800, -0.7240208957850168300, 2.025000000000000400 ) ) ;
#1035 = CARTESIAN_POINT ( 'NONE',  ( 0.8383999204163515900, -0.5622543383715671300, 2.025000000000000400 ) ) ;
#1036 = VERTEX_POINT ( 'NONE', #7096 ) ;
#1037 = PLANE ( 'NONE',  #8535 ) ;
#1038 =( LENGTH_UNIT ( ) NAMED_UNIT ( * ) SI_UNIT ( .MILLI., .METRE. ) );
#1039 = ADVANCED_FACE ( 'NONE', ( #10446 ), #4658, .T. ) ;
#1040 = ADVANCED_FACE ( 'NONE', ( #4521 ), #6434, .F. ) ;
#1041 = CARTESIAN_POINT ( 'NONE',  ( -0.2898737980769158200, 0.2300072252659039800, 2.030000000000000200 ) ) ;
#1042 = CARTESIAN_POINT ( 'NONE',  ( 1.850000000000003900, -1.099999999999526900, 0.2300000000000005900 ) ) ;
#1044 = DIRECTION ( 'NONE',  ( 0.0000000000000000000, 1.000000000000000000, -1.774471640729142400E-016 ) ) ;
#1043 = CARTESIAN_POINT ( 'NONE',  ( 0.8881537501025627000, -0.5916107518095535800, 2.030000000000000700 ) ) ;
#1045 = EDGE_CURVE ( 'NONE', #4966, #4856, #106, .T. ) ;
#1046 = AXIS2_PLACEMENT_3D ( 'NONE', #9873, #4955, #10709 ) ;
#1047 = CARTESIAN_POINT ( 'NONE',  ( -1.354929309816589300, 1.419929309816579100, 2.025000000000000400 ) ) ;
#1048 = CARTESIAN_POINT ( 'NONE',  ( 0.8438880235427667100, -0.4719722988342466800, 2.025000000000000400 ) ) ;
#1049 = ORIENTED_EDGE ( 'NONE', *, *, #463, .F. ) ;
#1050 = SURFACE_STYLE_FILL_AREA ( #1440 ) ;
#1051 = CARTESIAN_POINT ( 'NONE',  ( -1.077569897705100700, -0.4590563518913265400, 2.029999999999999800 ) ) ;
#1052 = CARTESIAN_POINT ( 'NONE',  ( 0.7588942307692383400, -0.3994198580674293000, 2.025000000000000800 ) ) ;
#1053 = MECHANICAL_DESIGN_GEOMETRIC_PRESENTATION_REPRESENTATION (  '', ( #10649 ), #1602 ) ;
#1054 = CARTESIAN_POINT ( 'NONE',  ( 1.658827693562527000, 1.464999999999997200, 1.070000000000000100 ) ) ;
#1055 = AXIS2_PLACEMENT_3D ( 'NONE', #848, #6633, #1687 ) ;
#1056 = CARTESIAN_POINT ( 'NONE',  ( -1.750000000000005300, -1.100000000000000100, 0.2000000000000007300 ) ) ;
#1057 = UNCERTAINTY_MEASURE_WITH_UNIT (LENGTH_MEASURE( 1.000000000000000100E-005 ), #9688, 'distance_accuracy_value', 'NONE');
#1058 = DIRECTION ( 'NONE',  ( -1.000000000000000000, 0.0000000000000000000, 0.0000000000000000000 ) ) ;
#1059 = FACE_OUTER_BOUND ( 'NONE', #2659, .T. ) ;
#1060 = VECTOR ( 'NONE', #1072, 1000.000000000000000 ) ;
#1061 = ORIENTED_EDGE ( 'NONE', *, *, #2754, .F. ) ;
#1062 = CARTESIAN_POINT ( 'NONE',  ( -0.4090402426238310400, -0.7123297982602889700, 2.030000000000001600 ) ) ;
#1063 = PLANE ( 'NONE',  #7709 ) ;
#1064 = CARTESIAN_POINT ( 'NONE',  ( 0.8884615384615458500, -0.5769138484520447400, 2.030000000000000200 ) ) ;
#1065 = DIRECTION ( 'NONE',  ( 1.000000000000000000, 0.0000000000000000000, 0.0000000000000000000 ) ) ;
#1066 =( GEOMETRIC_REPRESENTATION_CONTEXT ( 3 ) GLOBAL_UNCERTAINTY_ASSIGNED_CONTEXT ( ( #9274 ) ) GLOBAL_UNIT_ASSIGNED_CONTEXT ( ( #426, #6218, #1282 ) ) REPRESENTATION_CONTEXT ( 'NONE', 'WORKASPACE' ) );
#1067 = DIRECTION ( 'NONE',  ( -0.5390871699424963900, -0.8422499766716470300, 0.0000000000000000000 ) ) ;
#1068 = CARTESIAN_POINT ( 'NONE',  ( -0.6056850515860152700, -0.4041074698050250400, 2.030000000000000700 ) ) ;
#1069 = MECHANICAL_DESIGN_GEOMETRIC_PRESENTATION_REPRESENTATION (  '', ( #10122 ), #1617 ) ;
#1070 = STYLED_ITEM ( 'NONE', ( #492 ), #986 ) ;
#1071 = CARTESIAN_POINT ( 'NONE',  ( 0.7313501602564177500, -0.7257620055033268100, 2.025000000000000400 ) ) ;
#1072 = DIRECTION ( 'NONE',  ( -1.000000000000000000, 0.0000000000000000000, 0.0000000000000000000 ) ) ;
#1073 = ADVANCED_FACE ( 'NONE', ( #4269 ), #6327, .T. ) ;
#1074 = EDGE_CURVE ( 'NONE', #3755, #5364, #1283, .T. ) ;
#1075 = ORIENTED_EDGE ( 'NONE', *, *, #10626, .T. ) ;
#1076 = EDGE_LOOP ( 'NONE', ( #5636, #4345, #8357, #276 ) ) ;
#1077 = CARTESIAN_POINT ( 'NONE',  ( 0.2397435897435968600, 0.7800072252659040500, 2.030000000000000200 ) ) ;
#1078 = UNCERTAINTY_MEASURE_WITH_UNIT (LENGTH_MEASURE( 1.000000000000000100E-005 ), #786, 'distance_accuracy_value', 'NONE');
#1080 = CARTESIAN_POINT ( 'NONE',  ( -1.219871794871788100, -0.3943517490930702500, 2.024999999999303100 ) ) ;
#1079 = CARTESIAN_POINT ( 'NONE',  ( 0.8427789593131762600, -0.6816441194170241900, 2.025000000000000400 ) ) ;
#1081 = CARTESIAN_POINT ( 'NONE',  ( -1.007690964823025900, -0.5073098211221921400, 2.030000000000000700 ) ) ;
#1082 = ORIENTED_EDGE ( 'NONE', *, *, #8742, .T. ) ;
#1083 =( NAMED_UNIT ( * ) PLANE_ANGLE_UNIT ( ) SI_UNIT ( $, .RADIAN. ) );
#1084 = MECHANICAL_DESIGN_GEOMETRIC_PRESENTATION_REPRESENTATION (  '', ( #10140 ), #1636 ) ;
#1085 = CARTESIAN_POINT ( 'NONE',  ( 0.8881070946148390500, -0.5699415404030392400, 2.030000000000000200 ) ) ;
#1086 = DIRECTION ( 'NONE',  ( -0.0000000000000000000, -0.0000000000000000000, 1.000000000000000000 ) ) ;
#1087 = ORIENTED_EDGE ( 'NONE', *, *, #3334, .T. ) ;
#1088 = SURFACE_SIDE_STYLE ('',( #10034 ) ) ;
#1089 = CARTESIAN_POINT ( 'NONE',  ( 0.8731830221371373900, -0.5138413211074638300, 2.025000000000000400 ) ) ;
#1090 = MECHANICAL_DESIGN_GEOMETRIC_PRESENTATION_REPRESENTATION (  '', ( #10146 ), #1642 ) ;
#1091 = CARTESIAN_POINT ( 'NONE',  ( 1.600380530190821200, 1.465000000000000300, 1.070000000000000100 ) ) ;
#1092 = COLOUR_RGB ( '',0.7294117647058823200, 0.3568627450980392200, 0.02352941176470588200 ) ;
#1093 = DIRECTION ( 'NONE',  ( 1.000000000000000000, 0.0000000000000000000, -0.0000000000000000000 ) ) ;
#1094 = ADVANCED_FACE ( 'NONE', ( #9775 ), #3111, .F. ) ;
#1095 = ADVANCED_FACE ( 'NONE', ( #2851 ), #1385, .F. ) ;
#1096 = LINE ( 'NONE', #472, #3295 ) ;
#1097 = VERTEX_POINT ( 'NONE', #3960 ) ;
#1098 = CARTESIAN_POINT ( 'NONE',  ( 0.6675668039651411200, -0.3261607143469944000, 2.030000000000000700 ) ) ;
#1099 = CARTESIAN_POINT ( 'NONE',  ( -0.5035268639185736000, -0.6623778441305442400, 2.025000000000000400 ) ) ;
#1100 = VECTOR ( 'NONE', #9278, 1000.000000000000000 ) ;
#1101 = CARTESIAN_POINT ( 'NONE',  ( 0.1375000000000071200, -0.5353773901187113300, 2.025000000000000400 ) ) ;
#1102 = CARTESIAN_POINT ( 'NONE',  ( -0.3971854967948645900, 0.4626995329582116500, 2.025000000000000400 ) ) ;
#1103 = CARTESIAN_POINT ( 'NONE',  ( -0.3711629845544558400, -0.1522563385020266100, 2.030000000000000200 ) ) ;
#1104 = ORIENTED_EDGE ( 'NONE', *, *, #829, .T. ) ;
#1105 = CARTESIAN_POINT ( 'NONE',  ( 0.7067286111993439400, -0.7241106874819310800, 2.030000000000000700 ) ) ;
#1106 =( LENGTH_UNIT ( ) NAMED_UNIT ( * ) SI_UNIT ( .MILLI., .METRE. ) );
#1107 = LINE ( 'NONE', #9331, #10648 ) ;
#1108 = EDGE_CURVE ( 'NONE', #1599, #4671, #6199, .T. ) ;
#1109 = CARTESIAN_POINT ( 'NONE',  ( 1.850000000000003600, -1.024999999999526500, 0.2300000000000005900 ) ) ;
#1110 = EDGE_CURVE ( 'NONE', #3713, #5407, #8385, .T. ) ;
#1111 = LINE ( 'NONE', #7903, #5264 ) ;
#1112 = LINE ( 'NONE', #4755, #5505 ) ;
#1113 =( LENGTH_UNIT ( ) NAMED_UNIT ( * ) SI_UNIT ( .MILLI., .METRE. ) );
#1114 = ORIENTED_EDGE ( 'NONE', *, *, #7624, .T. ) ;
#1115 = CARTESIAN_POINT ( 'NONE',  ( -1.134850140788889100, -0.6550726554326256100, 2.029999999999999800 ) ) ;
#1117 = DIRECTION ( 'NONE',  ( -0.9961946980917457700, 0.0000000000000000000, -0.08715574274765498800 ) ) ;
#1116 = CARTESIAN_POINT ( 'NONE',  ( 0.7628158253343096900, -0.7232619609193498000, 2.029999999999998900 ) ) ;
#1118 = LINE ( 'NONE', #1225, #5268 ) ;
#1119 = DIRECTION ( 'NONE',  ( 1.000000000000000000, 3.571489509364015700E-015, -0.0000000000000000000 ) ) ;
#1120 = STYLED_ITEM ( 'NONE', ( #6406 ), #5421 ) ;
#1121 = UNCERTAINTY_MEASURE_WITH_UNIT (LENGTH_MEASURE( 1.000000000000000100E-005 ), #1301, 'distance_accuracy_value', 'NONE');
#1122 = STYLED_ITEM ( 'NONE', ( #10430 ), #6710 ) ;
#1123 = CARTESIAN_POINT ( 'NONE',  ( -0.2375906165784646400, -0.1550010959229504400, 2.030000000000000700 ) ) ;
#1124 = SURFACE_STYLE_FILL_AREA ( #10341 ) ;
#1125 = LINE ( 'NONE', #9323, #5275 ) ;
#1126 = PRESENTATION_STYLE_ASSIGNMENT (( #1641 ) ) ;
#1127 = FILL_AREA_STYLE ('',( #279 ) ) ;
#1128 = CARTESIAN_POINT ( 'NONE',  ( -1.153655227668584700, -0.4511979954755135900, 2.025000000000000800 ) ) ;
#1129 = EDGE_CURVE ( 'NONE', #2476, #2806, #2078, .T. ) ;
#1130 = ORIENTED_EDGE ( 'NONE', *, *, #9407, .T. ) ;
#1131 = FACE_OUTER_BOUND ( 'NONE', #7458, .T. ) ;
#1132 = ORIENTED_EDGE ( 'NONE', *, *, #10083, .F. ) ;
#1133 = ADVANCED_FACE ( 'NONE', ( #10576 ), #4027, .T. ) ;
#1134 = CARTESIAN_POINT ( 'NONE',  ( -0.1434003154866483900, -0.6792106030072829800, 2.025000000000001200 ) ) ;
#1135 = MECHANICAL_DESIGN_GEOMETRIC_PRESENTATION_REPRESENTATION (  '', ( #10186 ), #1682 ) ;
#1136 = LINE ( 'NONE', #8278, #5525 ) ;
#1137 = VECTOR ( 'NONE', #3121, 1000.000000000000000 ) ;
#1138 = CARTESIAN_POINT ( 'NONE',  ( 1.700000000000000800, -0.2597482130597320600, 1.230999999999999000 ) ) ;
#1139 = LINE ( 'NONE', #2947, #9636 ) ;
#1140 = CARTESIAN_POINT ( 'NONE',  ( -0.2362179487179414900, 0.2300072252659039800, 2.030000000000000200 ) ) ;
#1141 = MECHANICAL_DESIGN_GEOMETRIC_PRESENTATION_REPRESENTATION (  '', ( #20 ), #1689 ) ;
#1142 = ORIENTED_EDGE ( 'NONE', *, *, #5542, .F. ) ;
#1143 = CARTESIAN_POINT ( 'NONE',  ( -1.699999999999994600, -1.465000000000006300, 1.169999999999999900 ) ) ;
#1144 = ORIENTED_EDGE ( 'NONE', *, *, #3250, .T. ) ;
#1145 = ORIENTED_EDGE ( 'NONE', *, *, #3264, .F. ) ;
#1146 = ORIENTED_EDGE ( 'NONE', *, *, #983, .T. ) ;
#1147 = DIRECTION ( 'NONE',  ( -0.0000000000000000000, -1.000000000000000000, -0.0000000000000000000 ) ) ;
#1149 = VECTOR ( 'NONE', #9827, 1000.000000000000000 ) ;
#1148 = UNCERTAINTY_MEASURE_WITH_UNIT (LENGTH_MEASURE( 1.000000000000000100E-005 ), #1258, 'distance_accuracy_value', 'NONE');
#1150 = FACE_OUTER_BOUND ( 'NONE', #4670, .T. ) ;
#1151 = EDGE_CURVE ( 'NONE', #9257, #481, #9540, .T. ) ;
#1152 = LINE ( 'NONE', #288, #7204 ) ;
#1153 = CARTESIAN_POINT ( 'NONE',  ( 0.6293795452591612900, -0.6906445304486708000, 2.025000000000000800 ) ) ;
#1154 = PRESENTATION_LAYER_ASSIGNMENT (  '', '', ( #28 ) ) ;
#1155 = DIRECTION ( 'NONE',  ( -0.0000000000000000000, 1.774471640729141700E-016, 1.000000000000000000 ) ) ;
#1156 = ADVANCED_FACE ( 'NONE', ( #5181 ), #5718, .F. ) ;
#1157 = ADVANCED_FACE ( 'NONE', ( #6571 ), #4139, .T. ) ;
#1158 = CARTESIAN_POINT ( 'NONE',  ( 0.05387620192308401800, -0.7116594414007626500, 2.025000000000000400 ) ) ;
#1159 = AXIS2_PLACEMENT_3D ( 'NONE', #1167, #6940, #2010 ) ;
#1161 =( NAMED_UNIT ( * ) PLANE_ANGLE_UNIT ( ) SI_UNIT ( $, .RADIAN. ) );
#1160 = DIRECTION ( 'NONE',  ( -0.0000000000000000000, -1.000000000000000000, -0.0000000000000000000 ) ) ;
#1162 = VERTEX_POINT ( 'NONE', #4933 ) ;
#1163 = CARTESIAN_POINT ( 'NONE',  ( -0.4239617756801612500, -0.7075292149380383300, 2.030000000000000200 ) ) ;
#1164 = STYLED_ITEM ( 'NONE', ( #2261 ), #8593 ) ;
#1165 = CARTESIAN_POINT ( 'NONE',  ( -0.1286582169456181900, -0.2037972196725176000, 2.024999999999999900 ) ) ;
#1166 = VERTEX_POINT ( 'NONE', #76 ) ;
#1167 = CARTESIAN_POINT ( 'NONE',  ( 1.150000000000005700, 1.100000000000000100, 5.502326025363935000E-015 ) ) ;
#1168 = CARTESIAN_POINT ( 'NONE',  ( 1.150000000000005200, 1.100000000000000100, 0.1000000000000054900 ) ) ;
#1169 = CARTESIAN_POINT ( 'NONE',  ( -1.152884615384608600, -0.2180696978110190400, 2.025000000000000400 ) ) ;
#1170 = CARTESIAN_POINT ( 'NONE',  ( 0.3608273237179558400, -0.4789671337084549500, 2.030000000000000200 ) ) ;
#1171 = ORIENTED_EDGE ( 'NONE', *, *, #9012, .F. ) ;
#1172 =( NAMED_UNIT ( * ) PLANE_ANGLE_UNIT ( ) SI_UNIT ( $, .RADIAN. ) );
#1173 = DIRECTION ( 'NONE',  ( 0.0000000000000000000, -0.0000000000000000000, 1.000000000000000000 ) ) ;
#1174 = VERTEX_POINT ( 'NONE', #4065 ) ;
#1175 = PRESENTATION_STYLE_ASSIGNMENT (( #782 ) ) ;
#1176 = CARTESIAN_POINT ( 'NONE',  ( 0.5726243662000800600, -0.6209934442649710500, 2.030000000000001100 ) ) ;
#1177 = EDGE_CURVE ( 'NONE', #3208, #3089, #7821, .T. ) ;
#1178 = CARTESIAN_POINT ( 'NONE',  ( -0.3300498017325743700, -0.2041569840247455000, 2.025000000000000800 ) ) ;
#1179 = ADVANCED_FACE ( 'NONE', ( #9918 ), #4104, .T. ) ;
#1180 =( NAMED_UNIT ( * ) SI_UNIT ( $, .STERADIAN. ) SOLID_ANGLE_UNIT ( ) );
#1181 = DIRECTION ( 'NONE',  ( 0.0000000000000000000, -0.0000000000000000000, -1.000000000000000000 ) ) ;
#1183 =( NAMED_UNIT ( * ) PLANE_ANGLE_UNIT ( ) SI_UNIT ( $, .RADIAN. ) );
#1182 = FILL_AREA_STYLE ('',( #9372 ) ) ;
#1184 = ORIENTED_EDGE ( 'NONE', *, *, #7046, .T. ) ;
#1185 = CARTESIAN_POINT ( 'NONE',  ( -0.5568529962046615500, -0.4453395302274458200, 2.025000000000000400 ) ) ;
#1186 = VERTEX_POINT ( 'NONE', #4898 ) ;
#1187 = ORIENTED_EDGE ( 'NONE', *, *, #10162, .F. ) ;
#1188 = VECTOR ( 'NONE', #9355, 1000.000000000000000 ) ;
#1189 = EDGE_CURVE ( 'NONE', #7196, #715, #2841, .T. ) ;
#1190 = MECHANICAL_DESIGN_GEOMETRIC_PRESENTATION_REPRESENTATION (  '', ( #10244 ), #9818 ) ;
#1191 = LINE ( 'NONE', #9881, #7508 ) ;
#1192 = CARTESIAN_POINT ( 'NONE',  ( -0.07051282051281362900, -0.2625809157597369700, 2.030000000000000700 ) ) ;
#1193 = CARTESIAN_POINT ( 'NONE',  ( 1.001282051282059000, -0.1616594414007626000, 2.030000000000000200 ) ) ;
#1194 = CIRCLE ( 'NONE', #3375, 0.07500000000000041400 ) ;
#1195 = FACE_OUTER_BOUND ( 'NONE', #5414, .T. ) ;
#1196 = VERTEX_POINT ( 'NONE', #9850 ) ;
#1197 = DIRECTION ( 'NONE',  ( -0.9034962347415943500, 0.4285960263555435600, 0.0000000000000000000 ) ) ;
#1198 = SURFACE_STYLE_FILL_AREA ( #3408 ) ;
#1199 = PLANE ( 'NONE',  #6138 ) ;
#1200 = MECHANICAL_DESIGN_GEOMETRIC_PRESENTATION_REPRESENTATION (  '', ( #10253 ), #1756 ) ;
#1201 = CARTESIAN_POINT ( 'NONE',  ( -0.9513284643577489800, -0.6018215575241942000, 2.030000000000000700 ) ) ;
#1202 = ADVANCED_FACE ( 'NONE', ( #5038 ), #6617, .T. ) ;
#1203 = EDGE_LOOP ( 'NONE', ( #8763, #3603, #4482, #1559 ) ) ;
#1204 = CARTESIAN_POINT ( 'NONE',  ( -1.095977324129372900, -0.6524715200160559100, 2.025000000000000400 ) ) ;
#1205 = CARTESIAN_POINT ( 'NONE',  ( -1.354929309816589300, 1.419929309816579100, 2.025000000000000400 ) ) ;
#1206 = CARTESIAN_POINT ( 'NONE',  ( 0.6302861404699614500, -0.6911213480219276000, 2.025000000000000400 ) ) ;
#1207 = LINE ( 'NONE', #9330, #8941 ) ;
#1208 = MECHANICAL_DESIGN_GEOMETRIC_PRESENTATION_REPRESENTATION (  '', ( #91 ), #1766 ) ;
#1209 = CARTESIAN_POINT ( 'NONE',  ( -1.354929309816589300, 1.419929309816579100, 2.030000000000000200 ) ) ;
#1210 = CARTESIAN_POINT ( 'NONE',  ( -0.1167828483900338700, -0.2919620051159438300, 2.029999999999999800 ) ) ;
#1211 = ORIENTED_EDGE ( 'NONE', *, *, #7829, .F. ) ;
#1212 = CARTESIAN_POINT ( 'NONE',  ( 1.654929309816579400, 1.419929309816590600, 2.030000000000000200 ) ) ;
#1213 = MECHANICAL_DESIGN_GEOMETRIC_PRESENTATION_REPRESENTATION (  '', ( #10266 ), #1771 ) ;
#1214 = STYLED_ITEM ( 'NONE', ( #5943 ), #1133 ) ;
#1215 = VERTEX_POINT ( 'NONE', #4182 ) ;
#1216 = CARTESIAN_POINT ( 'NONE',  ( -1.036538461538454500, -0.2989390888366600400, 2.030000000000000200 ) ) ;
#1217 =( BOUNDED_CURVE ( )  B_SPLINE_CURVE ( 3, ( #2542, #3420, #9991, #5079 ),
 .UNSPECIFIED., .F., .F. ) 
 B_SPLINE_CURVE_WITH_KNOTS ( ( 4, 4 ),
 ( 3.141592653589785600, 3.268444316054041300 ),
 .UNSPECIFIED. ) 
 CURVE ( )  GEOMETRIC_REPRESENTATION_ITEM ( )  RATIONAL_B_SPLINE_CURVE ( ( 1.000000000000000000, 0.9986595041175073700, 0.9986595041175073700, 1.000000000000000000 ) ) 
 REPRESENTATION_ITEM ( '' )  );
#1218 = CARTESIAN_POINT ( 'NONE',  ( -0.4230719226436790400, -0.2277910389486727800, 2.030000000000000700 ) ) ;
#1219 = LINE ( 'NONE', #4086, #7272 ) ;
#1220 = SURFACE_STYLE_FILL_AREA ( #22 ) ;
#1221 = PRESENTATION_LAYER_ASSIGNMENT (  '', '', ( #637 ) ) ;
#1222 = ORIENTED_EDGE ( 'NONE', *, *, #4384, .F. ) ;
#1223 = CARTESIAN_POINT ( 'NONE',  ( -1.086920792443447400, -0.4567194643799291100, 2.030000000000000700 ) ) ;
#1224 = CARTESIAN_POINT ( 'NONE',  ( 1.616885769650372000, 1.290252652248629100, 0.1200000000000000000 ) ) ;
#1225 = CARTESIAN_POINT ( 'NONE',  ( -0.3098157051281981700, -0.7257620055033268100, 2.025000000000000400 ) ) ;
#1226 = CARTESIAN_POINT ( 'NONE',  ( -1.750000000000005300, 1.100000000000000100, 0.2000000000000007300 ) ) ;
#1227 = CARTESIAN_POINT ( 'NONE',  ( -0.5178177552736246100, -0.5679716038332931500, 2.030000000000001100 ) ) ;
#1228 = EDGE_LOOP ( 'NONE', ( #2182, #7358, #5166, #4580 ) ) ;
#1229 = DIRECTION ( 'NONE',  ( 0.0000000000000000000, -1.000000000000000000, 0.0000000000000000000 ) ) ;
#1230 = MECHANICAL_DESIGN_GEOMETRIC_PRESENTATION_REPRESENTATION (  '', ( #116 ), #1791 ) ;
#1231 = ORIENTED_EDGE ( 'NONE', *, *, #1953, .F. ) ;
#1232 = CARTESIAN_POINT ( 'NONE',  ( 0.6861698754626077700, -0.3457366356589999200, 2.030000000000000200 ) ) ;
#1233 = DIRECTION ( 'NONE',  ( -1.000000000000000000, 0.0000000000000000000, 0.0000000000000000000 ) ) ;
#1234 = MECHANICAL_DESIGN_GEOMETRIC_PRESENTATION_REPRESENTATION (  '', ( #10289 ), #1795 ) ;
#1235 =( NAMED_UNIT ( * ) SI_UNIT ( $, .STERADIAN. ) SOLID_ANGLE_UNIT ( ) );
#1236 = CARTESIAN_POINT ( 'NONE',  ( -1.525252652248629200, -1.290252652248629900, 0.2199999999999999700 ) ) ;
#1237 = ADVANCED_FACE ( 'NONE', ( #3995 ), #10315, .T. ) ;
#1238 = VECTOR ( 'NONE', #5708, 1000.000000000000000 ) ;
#1239 = EDGE_CURVE ( 'NONE', #1242, #6547, #8375, .T. ) ;
#1240 = LINE ( 'NONE', #10604, #9737 ) ;
#1241 = CARTESIAN_POINT ( 'NONE',  ( 0.6563545857545187700, -0.3084796134510096000, 2.025000000000000800 ) ) ;
#1242 = VERTEX_POINT ( 'NONE', #2543 ) ;
#1243 = CARTESIAN_POINT ( 'NONE',  ( -0.5398428450268220000, -0.5283484706031685900, 2.030000000000000200 ) ) ;
#1244 = CARTESIAN_POINT ( 'NONE',  ( 0.5994354346387618100, -0.2796262453560766100, 2.024999999999999900 ) ) ;
#1245 = LINE ( 'NONE', #972, #9502 ) ;
#1246 = DIRECTION ( 'NONE',  ( -3.571489509364014900E-015, 1.000000000000000000, 0.0000000000000000000 ) ) ;
#1247 = CARTESIAN_POINT ( 'NONE',  ( -0.2838808465378138100, -0.2047174291758034300, 2.030000000000000200 ) ) ;
#1248 = PRESENTATION_STYLE_ASSIGNMENT (( #1424 ) ) ;
#1249 = CARTESIAN_POINT ( 'NONE',  ( 0.8028611120196937900, -0.5025482872137356800, 2.025000000000000400 ) ) ;
#1250 = FACE_OUTER_BOUND ( 'NONE', #6310, .T. ) ;
#1251 = PRESENTATION_STYLE_ASSIGNMENT (( #6651 ) ) ;
#1252 = CARTESIAN_POINT ( 'NONE',  ( -1.112287635752194200, -0.2210204415492285400, 2.030000000000000700 ) ) ;
#1253 = EDGE_LOOP ( 'NONE', ( #6904, #4458, #10710, #3196 ) ) ;
#1254 = EDGE_CURVE ( 'NONE', #8877, #203, #1806, .T. ) ;
#1255 = CARTESIAN_POINT ( 'NONE',  ( -0.5086365754722665900, -0.2938971986072914700, 2.025000000000000400 ) ) ;
#1256 = EDGE_CURVE ( 'NONE', #2314, #7576, #2085, .T. ) ;
#1257 = UNCERTAINTY_MEASURE_WITH_UNIT (LENGTH_MEASURE( 1.000000000000000100E-005 ), #6304, 'distance_accuracy_value', 'NONE');
#1258 =( LENGTH_UNIT ( ) NAMED_UNIT ( * ) SI_UNIT ( .MILLI., .METRE. ) );
#1259 = CARTESIAN_POINT ( 'NONE',  ( -1.169959948543600300, -0.4508052546036893600, 2.024999999999999900 ) ) ;
#1260 =( NAMED_UNIT ( * ) SI_UNIT ( $, .STERADIAN. ) SOLID_ANGLE_UNIT ( ) );
#1261 = COLOUR_RGB ( '',0.7294117647058823200, 0.3568627450980392200, 0.02352941176470588200 ) ;
#1262 = CARTESIAN_POINT ( 'NONE',  ( 0.5535256410256486100, 0.5550272573171861600, 2.025000000000000400 ) ) ;
#1263 = CARTESIAN_POINT ( 'NONE',  ( 0.4024739583333409300, 0.2300072252659040600, 2.025000000000000400 ) ) ;
#1264 = CARTESIAN_POINT ( 'NONE',  ( -0.3849956284268296600, -0.6604142485873512000, 2.025000000000000800 ) ) ;
#1265 = ORIENTED_EDGE ( 'NONE', *, *, #10478, .F. ) ;
#1266 = LINE ( 'NONE', #8972, #10023 ) ;
#1267 = VERTEX_POINT ( 'NONE', #7549 ) ;
#1268 = ORIENTED_EDGE ( 'NONE', *, *, #9369, .T. ) ;
#1269 = AXIS2_PLACEMENT_3D ( 'NONE', #5689, #727, #6512 ) ;
#1270 =( GEOMETRIC_REPRESENTATION_CONTEXT ( 3 ) GLOBAL_UNCERTAINTY_ASSIGNED_CONTEXT ( ( #3057 ) ) GLOBAL_UNIT_ASSIGNED_CONTEXT ( ( #10318, #5391, #411 ) ) REPRESENTATION_CONTEXT ( 'NONE', 'WORKASPACE' ) );
#1271 = ORIENTED_EDGE ( 'NONE', *, *, #259, .T. ) ;
#1272 = ORIENTED_EDGE ( 'NONE', *, *, #812, .F. ) ;
#1273 = CARTESIAN_POINT ( 'NONE',  ( -0.1269230769230698400, 0.7800072252659040500, 2.025000000000000400 ) ) ;
#1274 = CARTESIAN_POINT ( 'NONE',  ( 0.6585786437626907100, 1.208578643762690400, 0.02000000000000002100 ) ) ;
#1275 = CARTESIAN_POINT ( 'NONE',  ( 0.8708301689215914900, -0.6462244666472645200, 2.029999999999998500 ) ) ;
#1276 = EDGE_CURVE ( 'NONE', #8685, #9199, #6187, .T. ) ;
#1277 = LINE ( 'NONE', #6150, #9525 ) ;
#1278 = FACE_OUTER_BOUND ( 'NONE', #8397, .T. ) ;
#1279 = VECTOR ( 'NONE', #3257, 1000.000000000000000 ) ;
#1280 = PRESENTATION_STYLE_ASSIGNMENT (( #1494 ) ) ;
#1281 = CARTESIAN_POINT ( 'NONE',  ( 0.5995640786293683400, -0.2700932813134887500, 2.030000000000000700 ) ) ;
#1283 = LINE ( 'NONE', #3930, #5659 ) ;
#1282 =( NAMED_UNIT ( * ) SI_UNIT ( $, .STERADIAN. ) SOLID_ANGLE_UNIT ( ) );
#1284 = EDGE_LOOP ( 'NONE', ( #8522, #6056, #9841, #5353, #9286, #3175 ) ) ;
#1285 = ORIENTED_EDGE ( 'NONE', *, *, #6230, .F. ) ;
#1286 = MECHANICAL_DESIGN_GEOMETRIC_PRESENTATION_REPRESENTATION (  '', ( #155 ), #1834 ) ;
#1287 = B_SPLINE_CURVE_WITH_KNOTS ( 'NONE', 3,
 ( #688, #10593, #1537, #7308, #2364, #8139, #3220, #8966, #4042, #9791, #4871, #10625, #5692, #732, #6516, #1574, #7346, #2401, #8179 ),
 .UNSPECIFIED., .F., .F.,
 ( 4, 1, 1, 1, 1, 1, 1, 1, 1, 1, 1, 1, 1, 1, 1, 1, 4 ),
 ( 0.0000000000000000000, 0.06966280089907728200, 0.1377495622582728100, 0.2039167435177826300, 0.2687798623293366500, 0.3324137064772238500, 0.3947535404471391700, 0.4561800316591684800, 0.5169956491967197000, 0.5773959379659516800, 0.6371983435092749600, 0.6969991842614545700, 0.7567561942255592900, 0.8165539052726076300, 0.8769479965978702600, 0.9381317879205949300, 1.000000000000000000 ),
 .UNSPECIFIED. ) ;
#1288 = CARTESIAN_POINT ( 'NONE',  ( 0.8443508889192842300, -0.1958192214849558700, 2.030000000000000700 ) ) ;
#1289 = CARTESIAN_POINT ( 'NONE',  ( 0.1375000000000071200, -0.5353773901187113300, 2.025000000000000400 ) ) ;
#1290 = CARTESIAN_POINT ( 'NONE',  ( 0.7260035418983460400, -0.4386213640089113300, 2.030000000000000200 ) ) ;
#1291 = EDGE_CURVE ( 'NONE', #2706, #1595, #5933, .T. ) ;
#1292 = SURFACE_STYLE_USAGE ( .BOTH. , #6226 ) ;
#1293 = ORIENTED_EDGE ( 'NONE', *, *, #4090, .F. ) ;
#1294 = CARTESIAN_POINT ( 'NONE',  ( -0.5493914832177935200, -0.3748310668515259000, 2.030000000000000200 ) ) ;
#1295 = ADVANCED_FACE ( 'NONE', ( #10047 ), #10031, .T. ) ;
#1296 = CARTESIAN_POINT ( 'NONE',  ( -1.002995942891673700, -0.3657509029909917800, 2.025000000000000800 ) ) ;
#1297 =( NAMED_UNIT ( * ) PLANE_ANGLE_UNIT ( ) SI_UNIT ( $, .RADIAN. ) );
#1298 = FILL_AREA_STYLE_COLOUR ( '', #2899 ) ;
#1299 = PRESENTATION_LAYER_ASSIGNMENT (  '', '', ( #175 ) ) ;
#1301 =( LENGTH_UNIT ( ) NAMED_UNIT ( * ) SI_UNIT ( .MILLI., .METRE. ) );
#1300 =( NAMED_UNIT ( * ) PLANE_ANGLE_UNIT ( ) SI_UNIT ( $, .RADIAN. ) );
#1302 = CARTESIAN_POINT ( 'NONE',  ( -0.5999999999999998700, -1.250000000000000000, 0.02000000000000000000 ) ) ;
#1303 = CARTESIAN_POINT ( 'NONE',  ( -1.850000000000005200, 1.100000000000000100, 1.030000000000000000 ) ) ;
#1304 = ORIENTED_EDGE ( 'NONE', *, *, #10640, .F. ) ;
#1305 = AXIS2_PLACEMENT_3D ( 'NONE', #10091, #5180, #202 ) ;
#1306 = CARTESIAN_POINT ( 'NONE',  ( -0.6698717948717882700, -0.4719158516571728700, 2.025000000000000400 ) ) ;
#1307 = FILL_AREA_STYLE_COLOUR ( '', #5790 ) ;
#1308 = CARTESIAN_POINT ( 'NONE',  ( -0.1536842990767587100, -0.2558342963481118900, 2.025000000000000800 ) ) ;
#1309 = CARTESIAN_POINT ( 'NONE',  ( -1.011619660020032500, -0.6084341542517853800, 2.025000000000000400 ) ) ;
#1310 = CARTESIAN_POINT ( 'NONE',  ( 0.6989578049471821800, -0.1513431491900542300, 2.030000000000001100 ) ) ;
#1311 = EDGE_LOOP ( 'NONE', ( #9712, #7663, #9151, #6030 ) ) ;
#1312 = ORIENTED_EDGE ( 'NONE', *, *, #7762, .F. ) ;
#1313 = EDGE_CURVE ( 'NONE', #9424, #8609, #8937, .T. ) ;
#1314 =( NAMED_UNIT ( * ) SI_UNIT ( $, .STERADIAN. ) SOLID_ANGLE_UNIT ( ) );
#1315 = CARTESIAN_POINT ( 'NONE',  ( 0.6300981570512894600, -0.3596462202469164500, 2.030000000000000200 ) ) ;
#1316 = EDGE_CURVE ( 'NONE', #9207, #4775, #7083, .T. ) ;
#1317 = CARTESIAN_POINT ( 'NONE',  ( -1.219871794871788100, -0.2180696978110190400, 2.029999999999887900 ) ) ;
#1318 = VECTOR ( 'NONE', #2509, 1000.000000000000000 ) ;
#1319 = LINE ( 'NONE', #6849, #1060 ) ;
#1320 = EDGE_LOOP ( 'NONE', ( #1608, #7846, #8288, #5895 ) ) ;
#1321 = FILL_AREA_STYLE_COLOUR ( '', #2980 ) ;
#1322 = MECHANICAL_DESIGN_GEOMETRIC_PRESENTATION_REPRESENTATION (  '', ( #10381 ), #1893 ) ;
#1323 = AXIS2_PLACEMENT_3D ( 'NONE', #5369, #386, #6182 ) ;
#1324 = DIRECTION ( 'NONE',  ( -0.0000000000000000000, -1.000000000000000000, -0.0000000000000000000 ) ) ;
#1325 = FILL_AREA_STYLE_COLOUR ( '', #8198 ) ;
#1326 = CARTESIAN_POINT ( 'NONE',  ( 0.05993589743590453700, 0.2300072252659039800, 2.025000000000000400 ) ) ;
#1327 = CARTESIAN_POINT ( 'NONE',  ( 0.6164083501627388700, -0.2105651085090105000, 2.029999999999998000 ) ) ;
#1328 = CARTESIAN_POINT ( 'NONE',  ( -1.850000000000005200, 0.4749999999999998100, 1.030000000000000000 ) ) ;
#1329 = EDGE_CURVE ( 'NONE', #7985, #9840, #2712, .T. ) ;
#1330 = PRESENTATION_STYLE_ASSIGNMENT (( #6202 ) ) ;
#1331 = PRESENTATION_LAYER_ASSIGNMENT (  '', '', ( #222 ) ) ;
#1332 = DIRECTION ( 'NONE',  ( -1.000000000000000000, 0.0000000000000000000, -0.0000000000000000000 ) ) ;
#1333 = DIRECTION ( 'NONE',  ( -0.0000000000000000000, -0.0000000000000000000, 1.000000000000000000 ) ) ;
#1334 = VERTEX_POINT ( 'NONE', #1056 ) ;
#1335 = FILL_AREA_STYLE_COLOUR ( '', #5914 ) ;
#1336 = FACE_OUTER_BOUND ( 'NONE', #8827, .T. ) ;
#1337 = CARTESIAN_POINT ( 'NONE',  ( -0.3135616987179418200, -0.2039671337084549000, 2.030000000000000200 ) ) ;
#1338 = CARTESIAN_POINT ( 'NONE',  ( -0.2375906165784646400, -0.1550010959229504400, 2.025000000000000400 ) ) ;
#1339 = AXIS2_PLACEMENT_3D ( 'NONE', #4045, #9793, #4873 ) ;
#1340 =( NAMED_UNIT ( * ) PLANE_ANGLE_UNIT ( ) SI_UNIT ( $, .RADIAN. ) );
#1341 = ADVANCED_FACE ( 'NONE', ( #4648 ), #7662, .T. ) ;
#1342 = ORIENTED_EDGE ( 'NONE', *, *, #744, .F. ) ;
#1343 = EDGE_CURVE ( 'NONE', #6511, #3932, #6061, .T. ) ;
#1344 = ORIENTED_EDGE ( 'NONE', *, *, #4092, .T. ) ;
#1345 = VECTOR ( 'NONE', #3251, 1000.000000000000000 ) ;
#1346 = STYLED_ITEM ( 'NONE', ( #8041 ), #10235 ) ;
#1347 = LINE ( 'NONE', #9383, #5742 ) ;
#1348 = SURFACE_STYLE_USAGE ( .BOTH. , #6289 ) ;
#1349 = CARTESIAN_POINT ( 'NONE',  ( 0.8385453223475750600, -0.5881091878409210300, 2.025000000000000400 ) ) ;
#1350 = DIRECTION ( 'NONE',  ( -1.000000000000000000, 0.0000000000000000000, 2.168404344971003200E-014 ) ) ;
#1351 = AXIS2_PLACEMENT_3D ( 'NONE', #5802, #837, #6621 ) ;
#1352 = ORIENTED_EDGE ( 'NONE', *, *, #5987, .T. ) ;
#1353 =( GEOMETRIC_REPRESENTATION_CONTEXT ( 3 ) GLOBAL_UNCERTAINTY_ASSIGNED_CONTEXT ( ( #7023 ) ) GLOBAL_UNIT_ASSIGNED_CONTEXT ( ( #3575, #9314, #4399 ) ) REPRESENTATION_CONTEXT ( 'NONE', 'WORKASPACE' ) );
#1354 = CARTESIAN_POINT ( 'NONE',  ( -0.1229031614625228500, -0.2846679183594209000, 2.024999999999999900 ) ) ;
#1355 = PRESENTATION_LAYER_ASSIGNMENT (  '', '', ( #242 ) ) ;
#1356 = SURFACE_STYLE_USAGE ( .BOTH. , #6295 ) ;
#1357 = SURFACE_SIDE_STYLE ('',( #9276 ) ) ;
#1358 = VECTOR ( 'NONE', #5938, 1000.000000000000000 ) ;
#1359 = CARTESIAN_POINT ( 'NONE',  ( -0.2816456428736584500, -0.6685640387331420700, 2.030000000000000700 ) ) ;
#1360 = CARTESIAN_POINT ( 'NONE',  ( 0.6000981660105745300, -0.6609870274100556600, 2.025000000000000400 ) ) ;
#1361 = CARTESIAN_POINT ( 'NONE',  ( 0.7167302019797120400, -0.1482302658386181700, 2.024999999999999500 ) ) ;
#1362 = EDGE_LOOP ( 'NONE', ( #2876, #5171, #1825, #3993 ) ) ;
#1363 =( NAMED_UNIT ( * ) PLANE_ANGLE_UNIT ( ) SI_UNIT ( $, .RADIAN. ) );
#1364 = VECTOR ( 'NONE', #10353, 1000.000000000000000 ) ;
#1365 = CARTESIAN_POINT ( 'NONE',  ( 0.7260035418983460400, -0.4386213640089113300, 2.025000000000000400 ) ) ;
#1366 = CARTESIAN_POINT ( 'NONE',  ( -1.146484312316148800, -0.1617405897240260000, 2.025000000000000400 ) ) ;
#1367 = ORIENTED_EDGE ( 'NONE', *, *, #6853, .F. ) ;
#1368 = CARTESIAN_POINT ( 'NONE',  ( 0.6165732818866109800, -0.3400912690710914400, 2.025000000000000800 ) ) ;
#1369 = CARTESIAN_POINT ( 'NONE',  ( -0.4987699980600194300, -0.2823685163575787600, 2.025000000000000800 ) ) ;
#1370 = CARTESIAN_POINT ( 'NONE',  ( -0.07051282051281362900, -0.2625809157597369700, 2.025000000000000400 ) ) ;
#1371 = DIRECTION ( 'NONE',  ( -1.000000000000000000, -3.552334763092437500E-015, -0.0000000000000000000 ) ) ;
#1372 = EDGE_CURVE ( 'NONE', #10173, #997, #5133, .T. ) ;
#1373 = DIRECTION ( 'NONE',  ( -0.4188422247446083600, 0.9080590238365493500, 0.0000000000000000000 ) ) ;
#1374 = VECTOR ( 'NONE', #6799, 1000.000000000000000 ) ;
#1375 = LINE ( 'NONE', #2432, #5779 ) ;
#1376 = ORIENTED_EDGE ( 'NONE', *, *, #3961, .F. ) ;
#1377 = ORIENTED_EDGE ( 'NONE', *, *, #6362, .T. ) ;
#1378 = CARTESIAN_POINT ( 'NONE',  ( -1.001924899688432700, -0.4388825891932825500, 2.030000000000000200 ) ) ;
#1379 = DIRECTION ( 'NONE',  ( 0.0000000000000000000, -1.774471640729142400E-016, -1.000000000000000000 ) ) ;
#1380 = CARTESIAN_POINT ( 'NONE',  ( 0.8340945013624164700, -0.2710088742977205800, 2.030000000000000200 ) ) ;
#1381 = UNCERTAINTY_MEASURE_WITH_UNIT (LENGTH_MEASURE( 1.000000000000000100E-005 ), #10264, 'distance_accuracy_value', 'NONE');
#1382 = SURFACE_STYLE_FILL_AREA ( #7139 ) ;
#1383 = CARTESIAN_POINT ( 'NONE',  ( -0.1886985504618153000, -0.2333698438792229700, 2.030000000000001100 ) ) ;
#1384 = VECTOR ( 'NONE', #4601, 1000.000000000000000 ) ;
#1385 = PLANE ( 'NONE',  #634 ) ;
#1386 = EDGE_CURVE ( 'NONE', #874, #8066, #3869, .T. ) ;
#1387 = CARTESIAN_POINT ( 'NONE',  ( 0.7236852479443491900, -0.2041575437008944500, 2.025000000000000400 ) ) ;
#1388 = PRESENTATION_STYLE_ASSIGNMENT (( #499 ) ) ;
#1389 = EDGE_CURVE ( 'NONE', #3136, #3946, #9275, .T. ) ;
#1391 = VERTEX_POINT ( 'NONE', #7766 ) ;
#1390 = PRESENTATION_LAYER_ASSIGNMENT (  '', '', ( #831 ) ) ;
#1392 = EDGE_LOOP ( 'NONE', ( #4454, #1819, #7172, #8316, #3994, #5150, #10143 ) ) ;
#1393 = VERTEX_POINT ( 'NONE', #3676 ) ;
#1394 = CARTESIAN_POINT ( 'NONE',  ( -1.699999999999994600, -1.465000000000006300, 1.169999999999999900 ) ) ;
#1395 = VERTEX_POINT ( 'NONE', #9427 ) ;
#1396 = SURFACE_STYLE_USAGE ( .BOTH. , #6331 ) ;
#1397 = LINE ( 'NONE', #9754, #9910 ) ;
#1398 = DIRECTION ( 'NONE',  ( 1.000000000000000000, 0.0000000000000000000, 0.0000000000000000000 ) ) ;
#1399 = SURFACE_SIDE_STYLE ('',( #5655 ) ) ;
#1400 = CARTESIAN_POINT ( 'NONE',  ( -0.9871794871794802300, -0.2979475022981985000, 2.030000000000000200 ) ) ;
#1401 = VECTOR ( 'NONE', #9285, 999.9999999999998900 ) ;
#1402 = CARTESIAN_POINT ( 'NONE',  ( -0.6064102564102494800, -0.4334643292212754800, 2.025000000000000400 ) ) ;
#1403 = MECHANICAL_DESIGN_GEOMETRIC_PRESENTATION_REPRESENTATION (  '', ( #10462 ), #1979 ) ;
#1404 = FACE_OUTER_BOUND ( 'NONE', #9583, .T. ) ;
#1405 =( LENGTH_UNIT ( ) NAMED_UNIT ( * ) SI_UNIT ( .MILLI., .METRE. ) );
#1406 = CARTESIAN_POINT ( 'NONE',  ( -1.071644942260616200, -0.1734378483841636800, 2.029999999999999400 ) ) ;
#1407 = UNCERTAINTY_MEASURE_WITH_UNIT (LENGTH_MEASURE( 1.000000000000000100E-005 ), #7403, 'distance_accuracy_value', 'NONE');
#1408 = CARTESIAN_POINT ( 'NONE',  ( 0.5994354346387618100, -0.2796262453560766100, 2.029999999999999800 ) ) ;
#1409 = UNCERTAINTY_MEASURE_WITH_UNIT (LENGTH_MEASURE( 1.000000000000000100E-005 ), #1405, 'distance_accuracy_value', 'NONE');
#1410 = ORIENTED_EDGE ( 'NONE', *, *, #1313, .F. ) ;
#1411 = CARTESIAN_POINT ( 'NONE',  ( -0.3135616987179418200, -0.2039671337084549000, 2.030000000000000200 ) ) ;
#1412 = FILL_AREA_STYLE_COLOUR ( '', #9897 ) ;
#1413 =( GEOMETRIC_REPRESENTATION_CONTEXT ( 3 ) GLOBAL_UNCERTAINTY_ASSIGNED_CONTEXT ( ( #3545 ) ) GLOBAL_UNIT_ASSIGNED_CONTEXT ( ( #3091, #8843, #3918 ) ) REPRESENTATION_CONTEXT ( 'NONE', 'WORKASPACE' ) );
#1414 = STYLED_ITEM ( 'NONE', ( #2063 ), #1073 ) ;
#1415 = VERTEX_POINT ( 'NONE', #1168 ) ;
#1416 = CARTESIAN_POINT ( 'NONE',  ( -0.9475367038803076400, -0.5245592812166879300, 2.025000000000000400 ) ) ;
#1417 = CARTESIAN_POINT ( 'NONE',  ( 0.8281572347581371800, -0.5349284176178476000, 2.025000000000000800 ) ) ;
#1418 = CARTESIAN_POINT ( 'NONE',  ( 0.7685459342035158000, -0.2114158831479109900, 2.029999999999999800 ) ) ;
#1419 = EDGE_CURVE ( 'NONE', #6542, #3441, #3201, .T. ) ;
#1420 = CARTESIAN_POINT ( 'NONE',  ( -1.269230769230762500, -0.7116594414007626500, 2.030000000000000200 ) ) ;
#1421 = CARTESIAN_POINT ( 'NONE',  ( 1.700000000000005100, -1.464999999999994100, 1.169999999999999900 ) ) ;
#1422 = FILL_AREA_STYLE ('',( #5510 ) ) ;
#1423 = CARTESIAN_POINT ( 'NONE',  ( -1.700000000000005300, 0.4749999999999998100, 1.070000000000000100 ) ) ;
#1424 = SURFACE_STYLE_USAGE ( .BOTH. , #6367 ) ;
#1425 = AXIS2_PLACEMENT_3D ( 'NONE', #1102, #6878, #1955 ) ;
#1426 = CARTESIAN_POINT ( 'NONE',  ( -1.750000000000005300, 1.100000000000000100, 0.2000000000000007300 ) ) ;
#1427 = ORIENTED_EDGE ( 'NONE', *, *, #905, .F. ) ;
#1428 = COLOUR_RGB ( '',0.7294117647058823200, 0.3568627450980392200, 0.02352941176470588200 ) ;
#1429 = STYLED_ITEM ( 'NONE', ( #8975 ), #9367 ) ;
#1430 = CARTESIAN_POINT ( 'NONE',  ( 0.7864564385661434500, -0.6568332894114539100, 2.024999999999999900 ) ) ;
#1431 = CARTESIAN_POINT ( 'NONE',  ( -0.9918175079939460800, -0.2599462631248585200, 2.024999999999999900 ) ) ;
#1432 = SURFACE_SIDE_STYLE ('',( #3732 ) ) ;
#1433 = LINE ( 'NONE', #8563, #3663 ) ;
#1434 = EDGE_LOOP ( 'NONE', ( #9450, #1558, #10174, #6850 ) ) ;
#1435 = CARTESIAN_POINT ( 'NONE',  ( -0.4765759957006579000, -0.2614224629949115600, 2.030000000000000700 ) ) ;
#1436 = VERTEX_POINT ( 'NONE', #3186 ) ;
#1437 = DIRECTION ( 'NONE',  ( 1.000000000000000000, 3.571489509364014900E-015, 0.0000000000000000000 ) ) ;
#1438 = DIRECTION ( 'NONE',  ( -1.000000000000000000, -3.552334763092437900E-015, -0.0000000000000000000 ) ) ;
#1439 = UNCERTAINTY_MEASURE_WITH_UNIT (LENGTH_MEASURE( 1.000000000000000100E-005 ), #8201, 'distance_accuracy_value', 'NONE');
#1440 = FILL_AREA_STYLE ('',( #8077 ) ) ;
#1441 = LINE ( 'NONE', #1530, #3406 ) ;
#1442 = LINE ( 'NONE', #2262, #5856 ) ;
#1443 = EDGE_LOOP ( 'NONE', ( #3667, #5393, #524, #9683 ) ) ;
#1444 = EDGE_CURVE ( 'NONE', #6171, #5996, #3622, .T. ) ;
#1445 = CARTESIAN_POINT ( 'NONE',  ( 0.6975260416666743100, 0.7800072252659041600, 2.030000000000000200 ) ) ;
#1446 = EDGE_CURVE ( 'NONE', #835, #6701, #1397, .T. ) ;
#1447 = CARTESIAN_POINT ( 'NONE',  ( 0.8062884512480103000, -0.2389846408646230700, 2.025000000000000400 ) ) ;
#1448 = EDGE_LOOP ( 'NONE', ( #7244, #7902, #5798, #4647 ) ) ;
#1449 =( LENGTH_UNIT ( ) NAMED_UNIT ( * ) SI_UNIT ( .MILLI., .METRE. ) );
#1450 = COLOUR_RGB ( '',0.7294117647058823200, 0.3568627450980392200, 0.02352941176470588200 ) ;
#1451 =( NAMED_UNIT ( * ) PLANE_ANGLE_UNIT ( ) SI_UNIT ( $, .RADIAN. ) );
#1452 = AXIS2_PLACEMENT_3D ( 'NONE', #7969, #3047, #8797 ) ;
#1453 = PRESENTATION_LAYER_ASSIGNMENT (  '', '', ( #345 ) ) ;
#1454 =( LENGTH_UNIT ( ) NAMED_UNIT ( * ) SI_UNIT ( .MILLI., .METRE. ) );
#1455 = ORIENTED_EDGE ( 'NONE', *, *, #2213, .F. ) ;
#1456 = SURFACE_STYLE_USAGE ( .BOTH. , #6405 ) ;
#1457 =( BOUNDED_CURVE ( )  B_SPLINE_CURVE ( 3, ( #5309, #6914, #3648, #6121 ),
 .UNSPECIFIED., .F., .F. ) 
 B_SPLINE_CURVE_WITH_KNOTS ( ( 4, 4 ),
 ( 3.141592653589793100, 4.712388980384689700 ),
 .UNSPECIFIED. ) 
 CURVE ( )  GEOMETRIC_REPRESENTATION_ITEM ( )  RATIONAL_B_SPLINE_CURVE ( ( 1.000000000000000000, 0.8047378541243649400, 0.8047378541243649400, 1.000000000000000000 ) ) 
 REPRESENTATION_ITEM ( '' )  );
#1458 = DIRECTION ( 'NONE',  ( 0.0000000000000000000, 0.0000000000000000000, 1.000000000000000000 ) ) ;
#1459 =( NAMED_UNIT ( * ) SI_UNIT ( $, .STERADIAN. ) SOLID_ANGLE_UNIT ( ) );
#1460 = EDGE_CURVE ( 'NONE', #997, #7826, #1287, .T. ) ;
#1461 = VERTEX_POINT ( 'NONE', #2330 ) ;
#1462 = VECTOR ( 'NONE', #7278, 1000.000000000000000 ) ;
#1463 = FACE_OUTER_BOUND ( 'NONE', #1919, .T. ) ;
#1464 = SURFACE_STYLE_FILL_AREA ( #753 ) ;
#1465 = CARTESIAN_POINT ( 'NONE',  ( 0.8360868107730006200, -0.5999213914276196900, 2.030000000000000700 ) ) ;
#1466 = EDGE_LOOP ( 'NONE', ( #4977, #9134, #5076, #6786 ) ) ;
#1467 = CARTESIAN_POINT ( 'NONE',  ( -0.5569878990777718000, -0.4318073812237226400, 2.030000000000000700 ) ) ;
#1468 = EDGE_LOOP ( 'NONE', ( #5810, #1877, #10119, #9906 ) ) ;
#1469 = DIRECTION ( 'NONE',  ( 0.0000000000000000000, 0.0000000000000000000, -1.000000000000000000 ) ) ;
#1470 = CARTESIAN_POINT ( 'NONE',  ( 0.6514927322501842300, -0.3813855640058399500, 2.025000000000000800 ) ) ;
#1471 = CARTESIAN_POINT ( 'NONE',  ( -0.08092328103584260600, -0.6238397987695204500, 2.029999999999999800 ) ) ;
#1472 = CARTESIAN_POINT ( 'NONE',  ( 0.8721979201397713800, -0.2280042779777469700, 2.025000000000000400 ) ) ;
#1473 = EDGE_CURVE ( 'NONE', #2895, #9492, #7986, .T. ) ;
#1474 = ORIENTED_EDGE ( 'NONE', *, *, #3264, .T. ) ;
#1475 = DIRECTION ( 'NONE',  ( -1.000000000000000000, -3.552334763092437500E-015, -0.0000000000000000000 ) ) ;
#1476 = CARTESIAN_POINT ( 'NONE',  ( -0.5035780136878207400, -0.5862656353993924700, 2.024999999999999500 ) ) ;
#1477 = CYLINDRICAL_SURFACE ( 'NONE', #10421, 0.07499999999999953900 ) ;
#1478 = LINE ( 'NONE', #5361, #10003 ) ;
#1479 = STYLED_ITEM ( 'NONE', ( #2821 ), #4361 ) ;
#1480 = MECHANICAL_DESIGN_GEOMETRIC_PRESENTATION_REPRESENTATION (  '', ( #10546 ), #2071 ) ;
#1481 = FACE_OUTER_BOUND ( 'NONE', #7051, .T. ) ;
#1482 = VERTEX_POINT ( 'NONE', #10661 ) ;
#1483 =( NAMED_UNIT ( * ) PLANE_ANGLE_UNIT ( ) SI_UNIT ( $, .RADIAN. ) );
#1484 = FILL_AREA_STYLE ('',( #610 ) ) ;
#1485 = FILL_AREA_STYLE ('',( #10549 ) ) ;
#1486 = PRESENTATION_LAYER_ASSIGNMENT (  '', '', ( #381 ) ) ;
#1487 = DIRECTION ( 'NONE',  ( -0.0000000000000000000, -0.0000000000000000000, 1.000000000000000000 ) ) ;
#1488 = CARTESIAN_POINT ( 'NONE',  ( -1.146338754501321300, -0.3928456579706814400, 2.030000000000000200 ) ) ;
#1489 = SURFACE_STYLE_FILL_AREA ( #4758 ) ;
#1490 = CARTESIAN_POINT ( 'NONE',  ( 0.7457324455299327900, -0.6689511820855226200, 2.030000000000000200 ) ) ;
#1491 = LINE ( 'NONE', #361, #10011 ) ;
#1492 = SURFACE_STYLE_FILL_AREA ( #5823 ) ;
#1493 = CARTESIAN_POINT ( 'NONE',  ( 0.5217948717948789300, -0.7116594414007626500, 2.025000000000000400 ) ) ;
#1494 = SURFACE_STYLE_USAGE ( .BOTH. , #6446 ) ;
#1495 = ORIENTED_EDGE ( 'NONE', *, *, #7277, .F. ) ;
#1496 = SURFACE_STYLE_FILL_AREA ( #2758 ) ;
#1497 = CARTESIAN_POINT ( 'NONE',  ( -0.5738609780545905800, -0.2970524248538044000, 2.029999999999999800 ) ) ;
#1498 = CARTESIAN_POINT ( 'NONE',  ( -1.113948229139489100, -0.7115613488745201600, 2.030000000000000700 ) ) ;
#1499 =( LENGTH_UNIT ( ) NAMED_UNIT ( * ) SI_UNIT ( .MILLI., .METRE. ) );
#1500 =( NAMED_UNIT ( * ) SI_UNIT ( $, .STERADIAN. ) SOLID_ANGLE_UNIT ( ) );
#1501 = PRESENTATION_STYLE_ASSIGNMENT (( #128 ) ) ;
#1502 = CARTESIAN_POINT ( 'NONE',  ( -0.6999999999999997300, 1.250000000000000000, 0.1200000000000000100 ) ) ;
#1503 = SURFACE_SIDE_STYLE ('',( #2639 ) ) ;
#1504 = CARTESIAN_POINT ( 'NONE',  ( 0.8883582738992096300, -0.5818447343956375500, 2.025000000000000800 ) ) ;
#1505 = CARTESIAN_POINT ( 'NONE',  ( -0.2729716528277297800, -0.7240208957850168300, 2.030000000000000200 ) ) ;
#1506 = VECTOR ( 'NONE', #591, 1000.000000000000000 ) ;
#1507 = ORIENTED_EDGE ( 'NONE', *, *, #7389, .F. ) ;
#1508 = ORIENTED_EDGE ( 'NONE', *, *, #195, .F. ) ;
#1509 = CARTESIAN_POINT ( 'NONE',  ( 0.5251001602564178100, 0.5105160393684680100, 2.025000000000000400 ) ) ;
#1510 = EDGE_LOOP ( 'NONE', ( #7480, #4362, #9597, #5305 ) ) ;
#1511 = VERTEX_POINT ( 'NONE', #3249 ) ;
#1512 = VERTEX_POINT ( 'NONE', #4080 ) ;
#1513 = VECTOR ( 'NONE', #5608, 1000.000000000000000 ) ;
#1514 = COLOUR_RGB ( '',1.000000000000000000, 0.7176470588235294200, 0.2470588235294117800 ) ;
#1515 = COLOUR_RGB ( '',0.6862745098039215700, 0.6078431372549019100, 0.5294117647058823600 ) ;
#1516 = VECTOR ( 'NONE', #7202, 1000.000000000000000 ) ;
#1517 = CARTESIAN_POINT ( 'NONE',  ( 0.6849659455128279700, -0.3446622458879420900, 2.025000000000000400 ) ) ;
#1518 = CARTESIAN_POINT ( 'NONE',  ( 1.700000000000005100, -1.464999999999994100, 1.169999999999999900 ) ) ;
#1519 = AXIS2_PLACEMENT_3D ( 'NONE', #7206, #2268, #8034 ) ;
#1520 = ORIENTED_EDGE ( 'NONE', *, *, #1664, .T. ) ;
#1521 = ORIENTED_EDGE ( 'NONE', *, *, #9280, .F. ) ;
#1522 = VECTOR ( 'NONE', #2624, 1000.000000000000000 ) ;
#1523 = COLOUR_RGB ( '',0.7294117647058823200, 0.3568627450980392200, 0.02352941176470588200 ) ;
#1524 = DIRECTION ( 'NONE',  ( -3.552334763092437500E-015, 1.000000000000000000, -0.0000000000000000000 ) ) ;
#1525 = CARTESIAN_POINT ( 'NONE',  ( -0.9871794871794802300, -0.2979475022981985000, 2.025000000000000400 ) ) ;
#1526 = EDGE_CURVE ( 'NONE', #3297, #8254, #7727, .T. ) ;
#1527 = CARTESIAN_POINT ( 'NONE',  ( 0.6879000728240714000, -0.4107587832932323400, 2.030000000000000700 ) ) ;
#1528 = CARTESIAN_POINT ( 'NONE',  ( -0.5222959128947335400, -0.2297367060851041300, 2.024999999999999900 ) ) ;
#1529 = CARTESIAN_POINT ( 'NONE',  ( -1.072572387788002200, -0.3702383203243039800, 2.025000000000000800 ) ) ;
#1530 = CARTESIAN_POINT ( 'NONE',  ( 0.5535256410256486100, 0.4660048214197502500, 2.025000000000000400 ) ) ;
#1531 = SURFACE_SIDE_STYLE ('',( #870 ) ) ;
#1532 = VECTOR ( 'NONE', #5257, 1000.000000000000000 ) ;
#1533 = DIRECTION ( 'NONE',  ( -3.552334763092437500E-015, 1.000000000000000000, 0.0000000000000000000 ) ) ;
#1534 = B_SPLINE_CURVE_WITH_KNOTS ( 'NONE', 3,
 ( #4132, #6602, #4206, #9941, #5029, #61, #5852, #901, #6678, #1732, #7498, #2569, #8331, #3407, #9147 ),
 .UNSPECIFIED., .F., .F.,
 ( 4, 1, 1, 1, 1, 1, 1, 1, 1, 1, 1, 1, 4 ),
 ( 0.0000000000000000000, 0.06028739792797113000, 0.1196023547075214900, 0.1775033710185406600, 0.2351426637323305300, 0.2921325932269339700, 0.3508712086415660100, 0.4100978625665938600, 0.4707315215304496700, 0.5948287040804153300, 0.7225788240942902000, 0.8566913895440163600, 1.000000000000000000 ),
 .UNSPECIFIED. ) ;
#1535 = EDGE_LOOP ( 'NONE', ( #4412, #5402, #10637, #1784 ) ) ;
#1536 = CARTESIAN_POINT ( 'NONE',  ( -0.4270381210917795800, -0.1676559691886223800, 2.025000000000000400 ) ) ;
#1537 = CARTESIAN_POINT ( 'NONE',  ( -0.3274281755381823200, -0.7256394261560649200, 2.025000000000000400 ) ) ;
#1538 = CARTESIAN_POINT ( 'NONE',  ( -1.134742895018266300, -0.3918719596478119600, 2.030000000000000700 ) ) ;
#1539 = SURFACE_SIDE_STYLE ('',( #9417 ) ) ;
#1540 = DIRECTION ( 'NONE',  ( -0.7969199129874921000, -0.6040849710794068400, 0.0000000000000000000 ) ) ;
#1541 = EDGE_CURVE ( 'NONE', #3475, #1678, #5539, .T. ) ;
#1542 = DIRECTION ( 'NONE',  ( 0.0000000000000000000, 0.9961946980917457700, -0.08715574274765579300 ) ) ;
#1543 = SURFACE_SIDE_STYLE ('',( #5992 ) ) ;
#1544 = CARTESIAN_POINT ( 'NONE',  ( 0.7777141913654478400, -0.7197399386273563000, 2.025000000000001700 ) ) ;
#1545 = DIRECTION ( 'NONE',  ( -0.0000000000000000000, -0.0000000000000000000, 1.000000000000000000 ) ) ;
#1546 = VERTEX_POINT ( 'NONE', #8218 ) ;
#1547 =( GEOMETRIC_REPRESENTATION_CONTEXT ( 3 ) GLOBAL_UNCERTAINTY_ASSIGNED_CONTEXT ( ( #588 ) ) GLOBAL_UNIT_ASSIGNED_CONTEXT ( ( #9142, #4239, #9974 ) ) REPRESENTATION_CONTEXT ( 'NONE', 'WORKASPACE' ) );
#1548 = DIRECTION ( 'NONE',  ( -0.9961946980917458800, 0.0000000000000000000, -0.08715574274765472400 ) ) ;
#1549 = STYLED_ITEM ( 'NONE', ( #7853 ), #3644 ) ;
#1550 = LINE ( 'NONE', #9930, #5958 ) ;
#1551 =( GEOMETRIC_REPRESENTATION_CONTEXT ( 3 ) GLOBAL_UNCERTAINTY_ASSIGNED_CONTEXT ( ( #5912 ) ) GLOBAL_UNIT_ASSIGNED_CONTEXT ( ( #794, #6580, #1635 ) ) REPRESENTATION_CONTEXT ( 'NONE', 'WORKASPACE' ) );
#1552 = CARTESIAN_POINT ( 'NONE',  ( 1.525252652248630000, -1.290252652248628800, 0.2199999999999999700 ) ) ;
#1553 = SURFACE_SIDE_STYLE ('',( #6395 ) ) ;
#1554 = CARTESIAN_POINT ( 'NONE',  ( -1.100647893430981100, -0.2232186020063794700, 2.025000000000001200 ) ) ;
#1555 = CARTESIAN_POINT ( 'NONE',  ( 1.849999999999996300, 0.9499999999999998400, 1.030000000000008700 ) ) ;
#1557 = CARTESIAN_POINT ( 'NONE',  ( -1.700000000000005100, -1.100000000000000100, 1.169999999999999900 ) ) ;
#1556 =( GEOMETRIC_REPRESENTATION_CONTEXT ( 3 ) GLOBAL_UNCERTAINTY_ASSIGNED_CONTEXT ( ( #5854 ) ) GLOBAL_UNIT_ASSIGNED_CONTEXT ( ( #7116, #2186, #7952 ) ) REPRESENTATION_CONTEXT ( 'NONE', 'WORKASPACE' ) );
#1558 = ORIENTED_EDGE ( 'NONE', *, *, #8880, .T. ) ;
#1559 = ORIENTED_EDGE ( 'NONE', *, *, #3889, .T. ) ;
#1560 =( NAMED_UNIT ( * ) SI_UNIT ( $, .STERADIAN. ) SOLID_ANGLE_UNIT ( ) );
#1561 = SURFACE_STYLE_USAGE ( .BOTH. , #6503 ) ;
#1562 = CARTESIAN_POINT ( 'NONE',  ( 0.6300981570512894600, -0.3596462202469164500, 2.025000000000000400 ) ) ;
#1563 = CARTESIAN_POINT ( 'NONE',  ( 1.750000000000002900, -1.099999999999527400, 0.2300000000000005900 ) ) ;
#1564 = CARTESIAN_POINT ( 'NONE',  ( -1.036697355733169100, -0.3035521142272234500, 2.030000000000000700 ) ) ;
#1565 = DIRECTION ( 'NONE',  ( -2.891205793294662500E-015, 1.000000000000000000, 0.0000000000000000000 ) ) ;
#1566 = STYLED_ITEM ( 'NONE', ( #1657 ), #5177 ) ;
#1567 = DIRECTION ( 'NONE',  ( 0.3895636164541940700, 0.9209995595737977500, 0.0000000000000000000 ) ) ;
#1568 = CARTESIAN_POINT ( 'NONE',  ( -1.699999999999999500, -1.465000000000000300, 1.070000000000000100 ) ) ;
#1569 = CARTESIAN_POINT ( 'NONE',  ( -0.6023657311447295800, -0.4886186238614310700, 2.025000000000000800 ) ) ;
#1570 = LINE ( 'NONE', #5805, #7909 ) ;
#1571 = ORIENTED_EDGE ( 'NONE', *, *, #1883, .T. ) ;
#1572 = CARTESIAN_POINT ( 'NONE',  ( -1.219871794871788100, -0.4507620055033266800, 2.025000000000000400 ) ) ;
#1573 = COLOUR_RGB ( '',0.6862745098039215700, 0.6078431372549019100, 0.5294117647058823600 ) ;
#1574 = CARTESIAN_POINT ( 'NONE',  ( -0.5151009893303095700, -0.6522159444228297100, 2.025000000000000400 ) ) ;
#1575 = EDGE_CURVE ( 'NONE', #5456, #3756, #7462, .T. ) ;
#1576 = LINE ( 'NONE', #7329, #10101 ) ;
#1577 = UNCERTAINTY_MEASURE_WITH_UNIT (LENGTH_MEASURE( 1.000000000000000100E-005 ), #9291, 'distance_accuracy_value', 'NONE');
#1578 = CARTESIAN_POINT ( 'NONE',  ( -1.036538461538454500, -0.2989390888366600400, 2.030000000000000200 ) ) ;
#1579 = SURFACE_SIDE_STYLE ('',( #6440 ) ) ;
#1580 = DIRECTION ( 'NONE',  ( 1.000000000000000000, 4.336808689942015400E-015, 0.0000000000000000000 ) ) ;
#1581 = VECTOR ( 'NONE', #7101, 1000.000000000000000 ) ;
#1582 = CARTESIAN_POINT ( 'NONE',  ( -0.9564820076568162400, -0.4958057142310199300, 2.030000000000000200 ) ) ;
#1583 = CARTESIAN_POINT ( 'NONE',  ( 0.6528436007646951600, -0.2998489218627832800, 2.025000000000000400 ) ) ;
#1584 = DIRECTION ( 'NONE',  ( -3.552334763092437900E-015, 1.000000000000000000, 0.0000000000000000000 ) ) ;
#1585 = CARTESIAN_POINT ( 'NONE',  ( -0.7041366185897363100, 0.2300072252659039800, 2.025000000000000400 ) ) ;
#1586 = VERTEX_POINT ( 'NONE', #9865 ) ;
#1587 = DIRECTION ( 'NONE',  ( -0.0000000000000000000, -1.000000000000000000, -0.0000000000000000000 ) ) ;
#1588 = CARTESIAN_POINT ( 'NONE',  ( -1.850000000000005200, -1.100000000000000100, 1.287490079826536500E-016 ) ) ;
#1589 = EDGE_CURVE ( 'NONE', #7421, #8182, #7199, .T. ) ;
#1590 = PLANE ( 'NONE',  #2462 ) ;
#1591 = CARTESIAN_POINT ( 'NONE',  ( -1.699999999999994600, -1.465000000000006300, 1.169999999999999900 ) ) ;
#1592 = PRESENTATION_STYLE_ASSIGNMENT (( #5100 ) ) ;
#1593 = PRESENTATION_LAYER_ASSIGNMENT (  '', '', ( #479 ) ) ;
#1594 = DIRECTION ( 'NONE',  ( 0.0000000000000000000, -1.000000000000000000, 0.0000000000000000000 ) ) ;
#1595 = VERTEX_POINT ( 'NONE', #5773 ) ;
#1596 = CARTESIAN_POINT ( 'NONE',  ( 0.6817169318219151700, -0.6567385719070338900, 2.024999999999999900 ) ) ;
#1597 = B_SPLINE_CURVE_WITH_KNOTS ( 'NONE', 3,
 ( #7218, #560, #8044, #3129, #8876, #3951, #9692, #4781, #10537, #5597, #631, #6421, #1472, #7250, #2311 ),
 .UNSPECIFIED., .F., .F.,
 ( 4, 1, 1, 1, 1, 1, 1, 1, 1, 1, 1, 1, 4 ),
 ( 0.0000000000000000000, 0.1072327993600888400, 0.2132518127818491500, 0.3188304473075874700, 0.4267935306342750000, 0.4836459507827186600, 0.5436038220211418800, 0.6083076495640830100, 0.6771267602600407100, 0.7506856360204959800, 0.8287134184432871600, 0.9121903482234525700, 1.000000000000000000 ),
 .UNSPECIFIED. ) ;
#1598 = SURFACE_STYLE_USAGE ( .BOTH. , #6541 ) ;
#1599 = VERTEX_POINT ( 'NONE', #1650 ) ;
#1600 = SURFACE_STYLE_USAGE ( .BOTH. , #6543 ) ;
#1601 = DIRECTION ( 'NONE',  ( -0.0000000000000000000, 1.000000000000000000, 0.0000000000000000000 ) ) ;
#1602 =( GEOMETRIC_REPRESENTATION_CONTEXT ( 3 ) GLOBAL_UNCERTAINTY_ASSIGNED_CONTEXT ( ( #7330 ) ) GLOBAL_UNIT_ASSIGNED_CONTEXT ( ( #8317, #3395, #9135 ) ) REPRESENTATION_CONTEXT ( 'NONE', 'WORKASPACE' ) );
#1603 = PRESENTATION_LAYER_ASSIGNMENT (  '', '', ( #491 ) ) ;
#1604 = DIRECTION ( 'NONE',  ( -0.0000000000000000000, -0.0000000000000000000, 1.000000000000000000 ) ) ;
#1605 = CARTESIAN_POINT ( 'NONE',  ( 0.6300981570512894600, -0.3596462202469164500, 2.030000000000000200 ) ) ;
#1606 = CARTESIAN_POINT ( 'NONE',  ( -0.2362179487179414900, 0.2300072252659039800, 2.025000000000000400 ) ) ;
#1607 = SURFACE_SIDE_STYLE ('',( #2286 ) ) ;
#1608 = ORIENTED_EDGE ( 'NONE', *, *, #2416, .F. ) ;
#1609 = SURFACE_STYLE_USAGE ( .BOTH. , #6554 ) ;
#1610 = CARTESIAN_POINT ( 'NONE',  ( -0.7041366185897363100, 0.2300072252659039800, 2.025000000000000400 ) ) ;
#1611 = VECTOR ( 'NONE', #9948, 1000.000000000000000 ) ;
#1612 = DIRECTION ( 'NONE',  ( -1.000000000000000000, -3.552334763092437500E-015, -0.0000000000000000000 ) ) ;
#1613 = CARTESIAN_POINT ( 'NONE',  ( 0.7011645083507759300, -0.3576226481440137300, 2.025000000000000800 ) ) ;
#1615 = PRESENTATION_LAYER_ASSIGNMENT (  '', '', ( #2181 ) ) ;
#1614 = CARTESIAN_POINT ( 'NONE',  ( -1.658827693562527500, -1.464999999999997200, 1.070000000000000100 ) ) ;
#1616 = VECTOR ( 'NONE', #8253, 1000.000000000000000 ) ;
#1617 =( GEOMETRIC_REPRESENTATION_CONTEXT ( 3 ) GLOBAL_UNCERTAINTY_ASSIGNED_CONTEXT ( ( #6111 ) ) GLOBAL_UNIT_ASSIGNED_CONTEXT ( ( #1454, #7235, #2292 ) ) REPRESENTATION_CONTEXT ( 'NONE', 'WORKASPACE' ) );
#1618 = ORIENTED_EDGE ( 'NONE', *, *, #9595, .T. ) ;
#1619 = AXIS2_PLACEMENT_3D ( 'NONE', #9380, #4460, #10214 ) ;
#1620 = CARTESIAN_POINT ( 'NONE',  ( 0.7544871794871871300, 0.7800072252659041600, 2.030000000000000200 ) ) ;
#1621 = CARTESIAN_POINT ( 'NONE',  ( 0.6849659455128279700, -0.3446622458879420900, 2.030000000000000200 ) ) ;
#1622 = CARTESIAN_POINT ( 'NONE',  ( 0.8383999204163515900, -0.5622543383715671300, 2.030000000000000200 ) ) ;
#1623 = FILL_AREA_STYLE ('',( #5739 ) ) ;
#1624 =( NAMED_UNIT ( * ) PLANE_ANGLE_UNIT ( ) SI_UNIT ( $, .RADIAN. ) );
#1625 = LINE ( 'NONE', #4072, #6023 ) ;
#1626 = VECTOR ( 'NONE', #4556, 1000.000000000000000 ) ;
#1627 = SURFACE_STYLE_FILL_AREA ( #10139 ) ;
#1628 = EDGE_CURVE ( 'NONE', #4671, #1436, #9399, .T. ) ;
#1629 = ORIENTED_EDGE ( 'NONE', *, *, #4787, .T. ) ;
#1630 = CARTESIAN_POINT ( 'NONE',  ( 0.7293669871794945500, -0.2039671337084549000, 2.030000000000000200 ) ) ;
#1631 =( NAMED_UNIT ( * ) SI_UNIT ( $, .STERADIAN. ) SOLID_ANGLE_UNIT ( ) );
#1632 =( LENGTH_UNIT ( ) NAMED_UNIT ( * ) SI_UNIT ( .MILLI., .METRE. ) );
#1633 =( NAMED_UNIT ( * ) SI_UNIT ( $, .STERADIAN. ) SOLID_ANGLE_UNIT ( ) );
#1634 = CARTESIAN_POINT ( 'NONE',  ( 0.8883582738992096300, -0.5818447343956375500, 2.030000000000000700 ) ) ;
#1635 =( NAMED_UNIT ( * ) SI_UNIT ( $, .STERADIAN. ) SOLID_ANGLE_UNIT ( ) );
#1636 =( GEOMETRIC_REPRESENTATION_CONTEXT ( 3 ) GLOBAL_UNCERTAINTY_ASSIGNED_CONTEXT ( ( #255 ) ) GLOBAL_UNIT_ASSIGNED_CONTEXT ( ( #10015, #5104, #133 ) ) REPRESENTATION_CONTEXT ( 'NONE', 'WORKASPACE' ) );
#1637 = VECTOR ( 'NONE', #9245, 1000.000000000000000 ) ;
#1638 = SURFACE_STYLE_USAGE ( .BOTH. , #6581 ) ;
#1639 = ORIENTED_EDGE ( 'NONE', *, *, #10391, .F. ) ;
#1640 = DIRECTION ( 'NONE',  ( -1.000000000000000000, 0.0000000000000000000, 0.0000000000000000000 ) ) ;
#1641 = SURFACE_STYLE_USAGE ( .BOTH. , #6583 ) ;
#1642 =( GEOMETRIC_REPRESENTATION_CONTEXT ( 3 ) GLOBAL_UNCERTAINTY_ASSIGNED_CONTEXT ( ( #730 ) ) GLOBAL_UNIT_ASSIGNED_CONTEXT ( ( #9441, #4525, #10275 ) ) REPRESENTATION_CONTEXT ( 'NONE', 'WORKASPACE' ) );
#1643 = VERTEX_POINT ( 'NONE', #9063 ) ;
#1644 = CARTESIAN_POINT ( 'NONE',  ( -1.354929309816589100, -1.419929309816590400, 2.030000000000000200 ) ) ;
#1645 = CARTESIAN_POINT ( 'NONE',  ( -0.3101462339743520900, -0.6693517490930703800, 2.025000000000000400 ) ) ;
#1646 = DIRECTION ( 'NONE',  ( 1.897107981253121300E-016, -1.000000000000000000, 2.168404344971009300E-015 ) ) ;
#1647 = DIRECTION ( 'NONE',  ( 1.000000000000000000, 0.0000000000000000000, 0.0000000000000000000 ) ) ;
#1648 = SURFACE_STYLE_FILL_AREA ( #3965 ) ;
#1649 = SURFACE_SIDE_STYLE ('',( #2285 ) ) ;
#1650 = CARTESIAN_POINT ( 'NONE',  ( 1.701000000000000500, 0.9499999999999994000, 1.070000000000008300 ) ) ;
#1651 = EDGE_LOOP ( 'NONE', ( #7144, #7104, #10286, #4846, #6691, #9160, #324, #8417, #5412, #6546, #798 ) ) ;
#1652 = ORIENTED_EDGE ( 'NONE', *, *, #685, .T. ) ;
#1653 = CARTESIAN_POINT ( 'NONE',  ( 0.7588942307692383400, -0.3994198580674293000, 2.030000000000000200 ) ) ;
#1654 = ORIENTED_EDGE ( 'NONE', *, *, #3784, .T. ) ;
#1655 = VECTOR ( 'NONE', #4009, 1000.000000000000000 ) ;
#1656 = CARTESIAN_POINT ( 'NONE',  ( 0.5999699032105777500, -0.2585797284408419800, 2.025000000000001200 ) ) ;
#1657 = PRESENTATION_STYLE_ASSIGNMENT (( #9990 ) ) ;
#1658 = DIRECTION ( 'NONE',  ( 0.0000000000000000000, 0.0000000000000000000, -1.000000000000000000 ) ) ;
#1659 = CARTESIAN_POINT ( 'NONE',  ( -0.1137019230769161400, -0.5776850824264037100, 2.030000000000000200 ) ) ;
#1660 = FILL_AREA_STYLE_COLOUR ( '', #6555 ) ;
#1661 = EDGE_CURVE ( 'NONE', #3633, #6927, #188, .T. ) ;
#1662 = CARTESIAN_POINT ( 'NONE',  ( 0.8062884512480103000, -0.2389846408646230700, 2.030000000000000200 ) ) ;
#1663 = LINE ( 'NONE', #5838, #7991 ) ;
#1664 = EDGE_CURVE ( 'NONE', #3775, #2266, #1994, .T. ) ;
#1665 = PRESENTATION_STYLE_ASSIGNMENT (( #10378 ) ) ;
#1666 = CARTESIAN_POINT ( 'NONE',  ( -1.710000000000005100, 1.100000000000000100, 1.169999999999999900 ) ) ;
#1667 = CARTESIAN_POINT ( 'NONE',  ( -0.3101462339743520900, -0.6693517490930703800, 2.025000000000000400 ) ) ;
#1668 = ORIENTED_EDGE ( 'NONE', *, *, #6113, .T. ) ;
#1669 = COLOUR_RGB ( '',0.7294117647058823200, 0.3568627450980392200, 0.02352941176470588200 ) ;
#1670 =( LENGTH_UNIT ( ) NAMED_UNIT ( * ) SI_UNIT ( .MILLI., .METRE. ) );
#1671 = DIRECTION ( 'NONE',  ( -1.000000000000000000, -0.0000000000000000000, -0.0000000000000000000 ) ) ;
#1672 = AXIS2_PLACEMENT_3D ( 'NONE', #3791, #9539, #4623 ) ;
#1673 = PRESENTATION_LAYER_ASSIGNMENT (  '', '', ( #1122 ) ) ;
#1674 = SURFACE_SIDE_STYLE ('',( #606 ) ) ;
#1675 = EDGE_CURVE ( 'NONE', #1415, #787, #8295, .T. ) ;
#1676 = CARTESIAN_POINT ( 'NONE',  ( 0.7914590759129808100, -0.1584861246392177700, 2.030000000000000200 ) ) ;
#1677 = UNCERTAINTY_MEASURE_WITH_UNIT (LENGTH_MEASURE( 1.000000000000000100E-005 ), #10557, 'distance_accuracy_value', 'NONE');
#1678 = VERTEX_POINT ( 'NONE', #2520 ) ;
#1679 = CARTESIAN_POINT ( 'NONE',  ( -1.525252652248638900, 1.290252652248629300, 0.2200000000000000000 ) ) ;
#1680 =( NAMED_UNIT ( * ) SI_UNIT ( $, .STERADIAN. ) SOLID_ANGLE_UNIT ( ) );
#1681 = CARTESIAN_POINT ( 'NONE',  ( 0.5993589743589817800, -0.2759122458879420500, 2.030000000000000200 ) ) ;
#1682 =( GEOMETRIC_REPRESENTATION_CONTEXT ( 3 ) GLOBAL_UNCERTAINTY_ASSIGNED_CONTEXT ( ( #4473 ) ) GLOBAL_UNIT_ASSIGNED_CONTEXT ( ( #6037, #1083, #6861 ) ) REPRESENTATION_CONTEXT ( 'NONE', 'WORKASPACE' ) );
#1683 = CARTESIAN_POINT ( 'NONE',  ( -0.1286582169456181900, -0.2037972196725176000, 2.029999999999999800 ) ) ;
#1684 = DIRECTION ( 'NONE',  ( -1.000000000000000000, 0.0000000000000000000, -0.0000000000000000000 ) ) ;
#1685 = VECTOR ( 'NONE', #10038, 1000.000000000000000 ) ;
#1686 = SURFACE_STYLE_USAGE ( .BOTH. , #6630 ) ;
#1687 = DIRECTION ( 'NONE',  ( 0.0000000000000000000, -0.0000000000000000000, -1.000000000000000000 ) ) ;
#1688 = CARTESIAN_POINT ( 'NONE',  ( -1.040369481370543500, -0.2729595009347713400, 2.024999999999999900 ) ) ;
#1689 =( GEOMETRIC_REPRESENTATION_CONTEXT ( 3 ) GLOBAL_UNCERTAINTY_ASSIGNED_CONTEXT ( ( #5611 ) ) GLOBAL_UNIT_ASSIGNED_CONTEXT ( ( #7791, #2859, #8617 ) ) REPRESENTATION_CONTEXT ( 'NONE', 'WORKASPACE' ) );
#1690 = DIRECTION ( 'NONE',  ( 1.000000000000000000, 0.0000000000000000000, 0.0000000000000000000 ) ) ;
#1691 =( NAMED_UNIT ( * ) PLANE_ANGLE_UNIT ( ) SI_UNIT ( $, .RADIAN. ) );
#1692 = ORIENTED_EDGE ( 'NONE', *, *, #3164, .T. ) ;
#1693 = EDGE_CURVE ( 'NONE', #1461, #1018, #10069, .T. ) ;
#1694 = CARTESIAN_POINT ( 'NONE',  ( 1.850000000000005600, -1.100000000000000100, 8.910786605115239600E-015 ) ) ;
#1695 = SURFACE_STYLE_USAGE ( .BOTH. , #6641 ) ;
#1696 = CARTESIAN_POINT ( 'NONE',  ( 0.5993589743589817800, -0.2759122458879420500, 2.025000000000000400 ) ) ;
#1697 = SURFACE_SIDE_STYLE ('',( #8755 ) ) ;
#1698 = MECHANICAL_DESIGN_GEOMETRIC_PRESENTATION_REPRESENTATION (  '', ( #28 ), #2248 ) ;
#1699 = STYLED_ITEM ( 'NONE', ( #8365 ), #4240 ) ;
#1700 =( LENGTH_UNIT ( ) NAMED_UNIT ( * ) SI_UNIT ( .MILLI., .METRE. ) );
#1701 = STYLED_ITEM ( 'NONE', ( #2967 ), #4292 ) ;
#1703 = CARTESIAN_POINT ( 'NONE',  ( -1.701000000000004700, 1.100000000000000100, 1.070000000000000100 ) ) ;
#1702 = STYLED_ITEM ( 'NONE', ( #10465 ), #2157 ) ;
#1704 = CARTESIAN_POINT ( 'NONE',  ( -1.006930002082462700, -0.2254699121846594500, 2.025000000000000400 ) ) ;
#1705 = COLOUR_RGB ( '',0.7294117647058823200, 0.3568627450980392200, 0.02352941176470588200 ) ;
#1706 = ORIENTED_EDGE ( 'NONE', *, *, #335, .T. ) ;
#1707 = VERTEX_POINT ( 'NONE', #4197 ) ;
#1708 = CARTESIAN_POINT ( 'NONE',  ( -1.700000000000005300, 0.3749999999999997200, 0.5590000000000001600 ) ) ;
#1709 = AXIS2_PLACEMENT_3D ( 'NONE', #1751, #7509, #2583 ) ;
#1710 = CARTESIAN_POINT ( 'NONE',  ( 1.849999999999996100, 1.024999999999999700, 0.2300000000000005900 ) ) ;
#1711 = VECTOR ( 'NONE', #6407, 1000.000000000000000 ) ;
#1712 = CARTESIAN_POINT ( 'NONE',  ( 0.8627309636123770000, -0.2162882477704866600, 2.024999999999999900 ) ) ;
#1713 = PLANE ( 'NONE',  #4687 ) ;
#1714 = PRESENTATION_STYLE_ASSIGNMENT (( #8356 ) ) ;
#1715 = ORIENTED_EDGE ( 'NONE', *, *, #9770, .F. ) ;
#1716 = DIRECTION ( 'NONE',  ( -0.0000000000000000000, -1.000000000000000000, -0.0000000000000000000 ) ) ;
#1717 = DIRECTION ( 'NONE',  ( 0.0000000000000000000, 0.0000000000000000000, 1.000000000000000000 ) ) ;
#1718 = CARTESIAN_POINT ( 'NONE',  ( -0.3005443828467885300, -0.6690863694179279800, 2.030000000000000200 ) ) ;
#1719 = CARTESIAN_POINT ( 'NONE',  ( 1.311538461538469500, -0.3873004670417882800, 2.030000000000000200 ) ) ;
#1720 = UNCERTAINTY_MEASURE_WITH_UNIT (LENGTH_MEASURE( 1.000000000000000100E-005 ), #10024, 'distance_accuracy_value', 'NONE');
#1721 = CARTESIAN_POINT ( 'NONE',  ( -1.525252652248638900, 1.290252652248628800, 0.2199999999999999700 ) ) ;
#1722 = FILL_AREA_STYLE ('',( #51 ) ) ;
#1723 = EDGE_LOOP ( 'NONE', ( #6342, #4806, #4899, #10073 ) ) ;
#1724 = SURFACE_STYLE_USAGE ( .BOTH. , #6668 ) ;
#1725 = LINE ( 'NONE', #1224, #3929 ) ;
#1726 = CARTESIAN_POINT ( 'NONE',  ( -1.071964321108942500, -0.2343596679441158100, 2.030000000000000700 ) ) ;
#1727 = CARTESIAN_POINT ( 'NONE',  ( -1.071644942260616200, -0.1734378483841636800, 2.030000000000000200 ) ) ;
#1728 = FILL_AREA_STYLE_COLOUR ( '', #7270 ) ;
#1729 = ADVANCED_FACE ( 'NONE', ( #10491 ), #930, .F. ) ;
#1730 = SURFACE_SIDE_STYLE ('',( #8950 ) ) ;
#1731 = ORIENTED_EDGE ( 'NONE', *, *, #2799, .F. ) ;
#1732 = CARTESIAN_POINT ( 'NONE',  ( -1.020137554003527100, -0.4912080630992691200, 2.025000000000000400 ) ) ;
#1733 = ORIENTED_EDGE ( 'NONE', *, *, #8967, .T. ) ;
#1734 = FILL_AREA_STYLE_COLOUR ( '', #7519 ) ;
#1735 = CARTESIAN_POINT ( 'NONE',  ( -0.5366686698717879600, -0.6295781112725574700, 2.025000000000000400 ) ) ;
#1736 = COLOUR_RGB ( '',0.7294117647058823200, 0.3568627450980392200, 0.02352941176470588200 ) ;
#1737 = EDGE_CURVE ( 'NONE', #1334, #4243, #5346, .T. ) ;
#1738 = VECTOR ( 'NONE', #10328, 1000.000000000000000 ) ;
#1739 = VECTOR ( 'NONE', #2481, 1000.000000000000200 ) ;
#1740 = COLOUR_RGB ( '',1.000000000000000000, 0.7176470588235294200, 0.2470588235294117800 ) ;
#1741 = ORIENTED_EDGE ( 'NONE', *, *, #561, .F. ) ;
#1742 = CARTESIAN_POINT ( 'NONE',  ( -0.9565253587864862600, -0.6160595148062891800, 2.025000000000000400 ) ) ;
#1743 = UNCERTAINTY_MEASURE_WITH_UNIT (LENGTH_MEASURE( 1.000000000000000100E-005 ), #5448, 'distance_accuracy_value', 'NONE');
#1744 = UNCERTAINTY_MEASURE_WITH_UNIT (LENGTH_MEASURE( 1.000000000000000100E-005 ), #8725, 'distance_accuracy_value', 'NONE');
#1745 = CARTESIAN_POINT ( 'NONE',  ( 1.050641025641033500, -0.6552491849905062200, 2.030000000000000200 ) ) ;
#1746 =( NAMED_UNIT ( * ) SI_UNIT ( $, .STERADIAN. ) SOLID_ANGLE_UNIT ( ) );
#1747 = ORIENTED_EDGE ( 'NONE', *, *, #6864, .T. ) ;
#1748 = DIRECTION ( 'NONE',  ( -0.0000000000000000000, 0.0000000000000000000, 1.000000000000000000 ) ) ;
#1749 = EDGE_CURVE ( 'NONE', #10088, #5931, #939, .T. ) ;
#1750 = VECTOR ( 'NONE', #4562, 1000.000000000000000 ) ;
#1751 = CARTESIAN_POINT ( 'NONE',  ( -0.8814102564102497300, -0.4719158516571728700, 2.025000000000000400 ) ) ;
#1752 = FACE_OUTER_BOUND ( 'NONE', #963, .T. ) ;
#1753 = CARTESIAN_POINT ( 'NONE',  ( -1.016098375330682300, -0.4300571147032088400, 2.025000000000000400 ) ) ;
#1754 = EDGE_LOOP ( 'NONE', ( #5903, #8962, #2290, #526 ) ) ;
#1755 = CARTESIAN_POINT ( 'NONE',  ( 0.5535256410256486100, 0.4660048214197502500, 2.030000000000000200 ) ) ;
#1756 =( GEOMETRIC_REPRESENTATION_CONTEXT ( 3 ) GLOBAL_UNCERTAINTY_ASSIGNED_CONTEXT ( ( #8323 ) ) GLOBAL_UNIT_ASSIGNED_CONTEXT ( ( #3842, #9581, #4674 ) ) REPRESENTATION_CONTEXT ( 'NONE', 'WORKASPACE' ) );
#1757 = CARTESIAN_POINT ( 'NONE',  ( 0.8873887136183882300, -0.5558101803855302100, 2.030000000000000200 ) ) ;
#1758 = CARTESIAN_POINT ( 'NONE',  ( -0.1333924741476251200, -0.5993007178641974700, 2.025000000000000800 ) ) ;
#1759 = APPLICATION_CONTEXT ( 'automotive_design' ) ;
#1760 = LINE ( 'NONE', #5712, #5890 ) ;
#1761 = LINE ( 'NONE', #8155, #3188 ) ;
#1762 = FILL_AREA_STYLE ('',( #9934 ) ) ;
#1763 = FILL_AREA_STYLE_COLOUR ( '', #9357 ) ;
#1764 = ORIENTED_EDGE ( 'NONE', *, *, #4019, .F. ) ;
#1765 = CARTESIAN_POINT ( 'NONE',  ( -1.147999037531823400, -0.2181334927220884000, 2.025000000000000400 ) ) ;
#1766 =( GEOMETRIC_REPRESENTATION_CONTEXT ( 3 ) GLOBAL_UNCERTAINTY_ASSIGNED_CONTEXT ( ( #6360 ) ) GLOBAL_UNIT_ASSIGNED_CONTEXT ( ( #5732, #774, #6559 ) ) REPRESENTATION_CONTEXT ( 'NONE', 'WORKASPACE' ) );
#1767 = CARTESIAN_POINT ( 'NONE',  ( -1.701000000000004700, 1.100000000000000100, 1.070000000000000100 ) ) ;
#1768 = CARTESIAN_POINT ( 'NONE',  ( 0.2608974358974429600, -0.1616594414007626000, 2.025000000000000400 ) ) ;
#1769 = PRESENTATION_STYLE_ASSIGNMENT (( #9467 ) ) ;
#1770 = SPHERICAL_SURFACE ( 'NONE', #3576, 0.1000000000000000100 ) ;
#1771 =( GEOMETRIC_REPRESENTATION_CONTEXT ( 3 ) GLOBAL_UNCERTAINTY_ASSIGNED_CONTEXT ( ( #646 ) ) GLOBAL_UNIT_ASSIGNED_CONTEXT ( ( #2195, #7961, #3039 ) ) REPRESENTATION_CONTEXT ( 'NONE', 'WORKASPACE' ) );
#1772 = PRESENTATION_LAYER_ASSIGNMENT (  '', '', ( #1214 ) ) ;
#1773 = SURFACE_STYLE_USAGE ( .BOTH. , #6711 ) ;
#1774 = ORIENTED_EDGE ( 'NONE', *, *, #6677, .T. ) ;
#1775 = DIRECTION ( 'NONE',  ( 0.5389504199129374600, -0.8423374887037073900, 0.0000000000000000000 ) ) ;
#1776 = CARTESIAN_POINT ( 'NONE',  ( 0.2608974358974429600, -0.1616594414007626000, 2.025000000000000400 ) ) ;
#1777 = VECTOR ( 'NONE', #10094, 1000.000000000000000 ) ;
#1778 = MECHANICAL_DESIGN_GEOMETRIC_PRESENTATION_REPRESENTATION (  '', ( #637 ), #2317 ) ;
#1779 = CARTESIAN_POINT ( 'NONE',  ( -1.018308054944674400, -0.6865027049225433900, 2.029999999999999800 ) ) ;
#1780 = PRESENTATION_STYLE_ASSIGNMENT (( #7211 ) ) ;
#1781 = CARTESIAN_POINT ( 'NONE',  ( -1.052940270211010400, -0.3502944851172276100, 2.025000000000000800 ) ) ;
#1782 = CARTESIAN_POINT ( 'NONE',  ( 0.8117487211414535800, -0.5123925385027337000, 2.030000000000000200 ) ) ;
#1783 = CIRCLE ( 'NONE', #10171, 0.07499999999999953900 ) ;
#1784 = ORIENTED_EDGE ( 'NONE', *, *, #9662, .T. ) ;
#1785 = CARTESIAN_POINT ( 'NONE',  ( -1.601131547168186000, -1.366131547168186500, 1.087299737606299400 ) ) ;
#1786 = EDGE_LOOP ( 'NONE', ( #93, #9766, #8361, #1410, #6006, #3564, #7724, #2548, #1231, #9393, #9677, #5650, #7000, #3982, #9254, #4256, #896 ) ) ;
#1787 = UNCERTAINTY_MEASURE_WITH_UNIT (LENGTH_MEASURE( 1.000000000000000100E-005 ), #6239, 'distance_accuracy_value', 'NONE');
#1788 = ORIENTED_EDGE ( 'NONE', *, *, #6460, .T. ) ;
#1789 = ADVANCED_FACE ( 'NONE', ( #7252 ), #1807, .F. ) ;
#1790 = ORIENTED_EDGE ( 'NONE', *, *, #1291, .F. ) ;
#1791 =( GEOMETRIC_REPRESENTATION_CONTEXT ( 3 ) GLOBAL_UNCERTAINTY_ASSIGNED_CONTEXT ( ( #568 ) ) GLOBAL_UNIT_ASSIGNED_CONTEXT ( ( #10642, #5713, #752 ) ) REPRESENTATION_CONTEXT ( 'NONE', 'WORKASPACE' ) );
#1792 = LINE ( 'NONE', #5642, #6175 ) ;
#1793 = FACE_BOUND ( 'NONE', #7864, .T. ) ;
#1794 = SURFACE_SIDE_STYLE ('',( #4393 ) ) ;
#1795 =( GEOMETRIC_REPRESENTATION_CONTEXT ( 3 ) GLOBAL_UNCERTAINTY_ASSIGNED_CONTEXT ( ( #3019 ) ) GLOBAL_UNIT_ASSIGNED_CONTEXT ( ( #2381, #8156, #3236 ) ) REPRESENTATION_CONTEXT ( 'NONE', 'WORKASPACE' ) );
#1796 = DIRECTION ( 'NONE',  ( 0.9035018415143105700, -0.4285842068721730200, 0.0000000000000000000 ) ) ;
#1797 = VECTOR ( 'NONE', #6802, 1000.000000000000000 ) ;
#1798 = CARTESIAN_POINT ( 'NONE',  ( 0.6293795452591612900, -0.6906445304486708000, 2.030000000000000700 ) ) ;
#1799 = EDGE_CURVE ( 'NONE', #7576, #6542, #6477, .T. ) ;
#1800 = CARTESIAN_POINT ( 'NONE',  ( -1.125151908271550000, -0.4523736384951329600, 2.029999999999999800 ) ) ;
#1801 = CARTESIAN_POINT ( 'NONE',  ( 1.805267415282788300, -0.3689448583748698400, 1.132587131675171900 ) ) ;
#1802 = ORIENTED_EDGE ( 'NONE', *, *, #4571, .F. ) ;
#1803 = ORIENTED_EDGE ( 'NONE', *, *, #10597, .T. ) ;
#1804 = CARTESIAN_POINT ( 'NONE',  ( 0.3455128205128281100, 0.2300072252659040600, 2.025000000000000400 ) ) ;
#1805 = CARTESIAN_POINT ( 'NONE',  ( -0.09215239799084450100, -0.6364539245833009700, 2.025000000000000800 ) ) ;
#1806 = LINE ( 'NONE', #878, #3757 ) ;
#1807 = PLANE ( 'NONE',  #3507 ) ;
#1808 =( LENGTH_UNIT ( ) NAMED_UNIT ( * ) SI_UNIT ( .MILLI., .METRE. ) );
#1809 = FACE_OUTER_BOUND ( 'NONE', #4878, .T. ) ;
#1810 = DIRECTION ( 'NONE',  ( 0.0000000000000000000, 1.000000000000000000, 0.0000000000000000000 ) ) ;
#1811 = UNCERTAINTY_MEASURE_WITH_UNIT (LENGTH_MEASURE( 1.000000000000000100E-005 ), #7333, 'distance_accuracy_value', 'NONE');
#1812 = ADVANCED_FACE ( 'NONE', ( #4312 ), #5990, .T. ) ;
#1813 = VECTOR ( 'NONE', #139, 1000.000000000000000 ) ;
#1814 = ORIENTED_EDGE ( 'NONE', *, *, #9568, .F. ) ;
#1815 = DIRECTION ( 'NONE',  ( -1.000000000000000000, -3.552334763092437500E-015, -0.0000000000000000000 ) ) ;
#1816 = SURFACE_STYLE_FILL_AREA ( #4857 ) ;
#1817 = CARTESIAN_POINT ( 'NONE',  ( 0.6149212495532963000, -0.5849237714895206800, 2.030000000000000200 ) ) ;
#1818 = CARTESIAN_POINT ( 'NONE',  ( -0.6058152689912417200, -0.4613939472296582100, 2.025000000000000800 ) ) ;
#1819 = ORIENTED_EDGE ( 'NONE', *, *, #9188, .F. ) ;
#1820 = EDGE_CURVE ( 'NONE', #4681, #2682, #3537, .T. ) ;
#1821 = EDGE_CURVE ( 'NONE', #876, #9332, #9823, .T. ) ;
#1822 = CARTESIAN_POINT ( 'NONE',  ( -1.120492788461531700, -0.7116594414007626500, 2.025000000000000400 ) ) ;
#1823 = CARTESIAN_POINT ( 'NONE',  ( -0.2539306673057399300, -0.6641390138709774000, 2.025000000000000400 ) ) ;
#1824 = CARTESIAN_POINT ( 'NONE',  ( -0.9942741570552146000, -0.5526335533674419100, 2.030000000000000200 ) ) ;
#1825 = ORIENTED_EDGE ( 'NONE', *, *, #5381, .T. ) ;
#1826 = FILL_AREA_STYLE ('',( #5939 ) ) ;
#1827 = PRESENTATION_LAYER_ASSIGNMENT (  '', '', ( #676 ) ) ;
#1828 =( NAMED_UNIT ( * ) PLANE_ANGLE_UNIT ( ) SI_UNIT ( $, .RADIAN. ) );
#1829 = EDGE_CURVE ( 'NONE', #9840, #7196, #1319, .T. ) ;
#1830 = CARTESIAN_POINT ( 'NONE',  ( 0.6831724665952534400, -0.2148493071709146600, 2.024999999999999900 ) ) ;
#1831 = DIRECTION ( 'NONE',  ( 1.000000000000000000, 0.0000000000000000000, 0.0000000000000000000 ) ) ;
#1832 = CARTESIAN_POINT ( 'NONE',  ( 1.754170739667671800, 0.3904699256474514800, 1.163492109717764600 ) ) ;
#1833 = CARTESIAN_POINT ( 'NONE',  ( -1.075186042525725400, -0.6490159910013145700, 2.025000000000000800 ) ) ;
#1834 =( GEOMETRIC_REPRESENTATION_CONTEXT ( 3 ) GLOBAL_UNCERTAINTY_ASSIGNED_CONTEXT ( ( #6237 ) ) GLOBAL_UNIT_ASSIGNED_CONTEXT ( ( #6773, #1843, #7608 ) ) REPRESENTATION_CONTEXT ( 'NONE', 'WORKASPACE' ) );
#1835 = CARTESIAN_POINT ( 'NONE',  ( -1.003917618962809800, -0.5961092314487727000, 2.030000000000001100 ) ) ;
#1836 = CARTESIAN_POINT ( 'NONE',  ( -0.1728211529940735500, -0.6958548301035553100, 2.030000000000000700 ) ) ;
#1837 = EDGE_LOOP ( 'NONE', ( #661, #6574, #430, #2368, #2180, #7712, #4224 ) ) ;
#1838 = AXIS2_PLACEMENT_3D ( 'NONE', #2066, #7819, #2893 ) ;
#1839 = CIRCLE ( 'NONE', #8261, 0.04900000000000000200 ) ;
#1840 = EDGE_LOOP ( 'NONE', ( #8762, #1868, #8039, #1293, #8058, #1222, #3350 ) ) ;
#1841 = CARTESIAN_POINT ( 'NONE',  ( 0.8391025641025715600, -0.5761426144776857800, 2.025000000000000400 ) ) ;
#1842 = AXIS2_PLACEMENT_3D ( 'NONE', #7340, #2397, #8173 ) ;
#1843 =( NAMED_UNIT ( * ) PLANE_ANGLE_UNIT ( ) SI_UNIT ( $, .RADIAN. ) );
#1844 =( LENGTH_UNIT ( ) NAMED_UNIT ( * ) SI_UNIT ( .MILLI., .METRE. ) );
#1845 = ADVANCED_FACE ( 'NONE', ( #7379 ), #9329, .T. ) ;
#1846 =( NAMED_UNIT ( * ) SI_UNIT ( $, .STERADIAN. ) SOLID_ANGLE_UNIT ( ) );
#1847 = EDGE_CURVE ( 'NONE', #5593, #9424, #465, .T. ) ;
#1848 = COLOUR_RGB ( '',0.7921568627450980000, 0.8196078431372548800, 0.9333333333333333500 ) ;
#1849 = SURFACE_SIDE_STYLE ('',( #7299 ) ) ;
#1850 = CARTESIAN_POINT ( 'NONE',  ( 0.7143935105209086000, -0.6685271473068735700, 2.025000000000000800 ) ) ;
#1851 = FILL_AREA_STYLE ('',( #2645 ) ) ;
#1852 = VECTOR ( 'NONE', #2434, 1000.000000000000000 ) ;
#1853 = CARTESIAN_POINT ( 'NONE',  ( -0.9814045054733224700, -0.6549693008030437200, 2.025000000000000400 ) ) ;
#1854 = ORIENTED_EDGE ( 'NONE', *, *, #3635, .F. ) ;
#1855 = COLOUR_RGB ( '',1.000000000000000000, 0.7176470588235294200, 0.2470588235294117800 ) ;
#1856 = DIRECTION ( 'NONE',  ( -0.0000000000000000000, -0.0000000000000000000, 1.000000000000000000 ) ) ;
#1857 = MECHANICAL_DESIGN_GEOMETRIC_PRESENTATION_REPRESENTATION (  '', ( #175 ), #2388 ) ;
#1859 = CARTESIAN_POINT ( 'NONE',  ( 0.7648634457175463900, -0.4037635002823849500, 2.030000000000000700 ) ) ;
#1858 = STYLED_ITEM ( 'NONE', ( #3161 ), #2768 ) ;
#1860 = CARTESIAN_POINT ( 'NONE',  ( -1.600380530190832300, 1.465000000000000100, 1.070000000000000100 ) ) ;
#1861 = FACE_OUTER_BOUND ( 'NONE', #9004, .T. ) ;
#1862 = CARTESIAN_POINT ( 'NONE',  ( -1.012556327938611200, -0.5001985600698821700, 2.025000000000000400 ) ) ;
#1863 = PRESENTATION_LAYER_ASSIGNMENT (  '', '', ( #719 ) ) ;
#1864 = CARTESIAN_POINT ( 'NONE',  ( 0.7293669871794945500, -0.2039671337084549000, 2.030000000000000200 ) ) ;
#1865 = CARTESIAN_POINT ( 'NONE',  ( 0.7196177253785313000, -0.3713991704941948000, 2.025000000000001200 ) ) ;
#1866 = ADVANCED_FACE ( 'NONE', ( #8804 ), #3664, .T. ) ;
#1867 = ADVANCED_FACE ( 'NONE', ( #10222 ), #3782, .T. ) ;
#1868 = ORIENTED_EDGE ( 'NONE', *, *, #5179, .F. ) ;
#1869 = CARTESIAN_POINT ( 'NONE',  ( 0.6487179487179560700, -0.2735985439648651600, 2.030000000000000200 ) ) ;
#1870 = CARTESIAN_POINT ( 'NONE',  ( -0.3274281755381823200, -0.7256394261560649200, 2.025000000000000400 ) ) ;
#1871 = CARTESIAN_POINT ( 'NONE',  ( 1.838195663381669400, 0.2854599368427248000, 1.086266081169162900 ) ) ;
#1872 = CARTESIAN_POINT ( 'NONE',  ( -1.187149439102557200, -0.4507620055033266800, 2.025000000000000400 ) ) ;
#1873 = CARTESIAN_POINT ( 'NONE',  ( -1.011619660020032500, -0.6084341542517853800, 2.030000000000000200 ) ) ;
#1874 = ORIENTED_EDGE ( 'NONE', *, *, #3334, .F. ) ;
#1875 = FILL_AREA_STYLE_COLOUR ( '', #10310 ) ;
#1876 = CARTESIAN_POINT ( 'NONE',  ( -0.2912426332192922200, -0.7255517680533495300, 2.024999999999999900 ) ) ;
#1877 = ORIENTED_EDGE ( 'NONE', *, *, #5202, .F. ) ;
#1878 = CARTESIAN_POINT ( 'NONE',  ( 0.8344192592621063600, -0.5485201071930883000, 2.024999999999999900 ) ) ;
#1879 = SURFACE_SIDE_STYLE ('',( #8684 ) ) ;
#1880 = EDGE_CURVE ( 'NONE', #3912, #3888, #7243, .T. ) ;
#1881 = FILL_AREA_STYLE ('',( #4342 ) ) ;
#1882 =( NAMED_UNIT ( * ) SI_UNIT ( $, .STERADIAN. ) SOLID_ANGLE_UNIT ( ) );
#1883 = EDGE_CURVE ( 'NONE', #8900, #10674, #2877, .T. ) ;
#1884 = VECTOR ( 'NONE', #2964, 1000.000000000000000 ) ;
#1885 = ORIENTED_EDGE ( 'NONE', *, *, #7477, .T. ) ;
#1886 = CARTESIAN_POINT ( 'NONE',  ( -1.219871794871788100, -0.4507620055033266800, 2.025000000000000400 ) ) ;
#1887 = SURFACE_SIDE_STYLE ('',( #5980 ) ) ;
#1888 = UNCERTAINTY_MEASURE_WITH_UNIT (LENGTH_MEASURE( 1.000000000000000100E-005 ), #7236, 'distance_accuracy_value', 'NONE');
#1890 = FILL_AREA_STYLE ('',( #5183 ) ) ;
#1889 = CARTESIAN_POINT ( 'NONE',  ( 0.8858027493659228500, -0.6059508353195993700, 2.029999999999999800 ) ) ;
#1891 = CARTESIAN_POINT ( 'NONE',  ( -0.5366686698717879600, -0.6295781112725574700, 2.030000000000000200 ) ) ;
#1892 = VECTOR ( 'NONE', #5452, 1000.000000000000000 ) ;
#1893 =( GEOMETRIC_REPRESENTATION_CONTEXT ( 3 ) GLOBAL_UNCERTAINTY_ASSIGNED_CONTEXT ( ( #922 ) ) GLOBAL_UNIT_ASSIGNED_CONTEXT ( ( #5915, #964, #6733 ) ) REPRESENTATION_CONTEXT ( 'NONE', 'WORKASPACE' ) );
#1894 = LINE ( 'NONE', #5794, #6265 ) ;
#1895 = PRESENTATION_LAYER_ASSIGNMENT (  '', '', ( #755 ) ) ;
#1896 = CARTESIAN_POINT ( 'NONE',  ( 0.8531100590258957600, -0.4828286031128817800, 2.025000000000000400 ) ) ;
#1897 = VERTEX_POINT ( 'NONE', #6282 ) ;
#1898 = EDGE_CURVE ( 'NONE', #8022, #5925, #4808, .T. ) ;
#1899 = CARTESIAN_POINT ( 'NONE',  ( -1.084244791666660000, -0.4572624061443523700, 2.029999999999999800 ) ) ;
#1900 = COLOUR_RGB ( '',0.7294117647058823200, 0.3568627450980392200, 0.02352941176470588200 ) ;
#1901 = CARTESIAN_POINT ( 'NONE',  ( 0.7648634457175463900, -0.4037635002823849500, 2.025000000000000800 ) ) ;
#1902 = CARTESIAN_POINT ( 'NONE',  ( 0.6879000728240714000, -0.4107587832932323400, 2.030000000000000700 ) ) ;
#1903 = ADVANCED_FACE ( 'NONE', ( #640 ), #500, .T. ) ;
#1904 = MECHANICAL_DESIGN_GEOMETRIC_PRESENTATION_REPRESENTATION (  '', ( #222 ), #2436 ) ;
#1905 = VECTOR ( 'NONE', #8619, 1000.000000000000000 ) ;
#1906 = PRESENTATION_STYLE_ASSIGNMENT (( #1348 ) ) ;
#1907 = EDGE_LOOP ( 'NONE', ( #903, #4095, #3051, #9410 ) ) ;
#1908 = CARTESIAN_POINT ( 'NONE',  ( -1.700000000000005300, -0.3750000000000003300, 0.5590000000000002700 ) ) ;
#1909 = CARTESIAN_POINT ( 'NONE',  ( -0.4239617756801612500, -0.7075292149380383300, 2.030000000000001600 ) ) ;
#1910 = PRESENTATION_LAYER_ASSIGNMENT (  '', '', ( #771 ) ) ;
#1911 = SURFACE_SIDE_STYLE ('',( #5977 ) ) ;
#1912 = FILL_AREA_STYLE_COLOUR ( '', #4438 ) ;
#1913 = FILL_AREA_STYLE_COLOUR ( '', #5164 ) ;
#1914 = CARTESIAN_POINT ( 'NONE',  ( -0.5950284728960789600, -0.3481763430397952200, 2.030000000000000200 ) ) ;
#1915 = FACE_OUTER_BOUND ( 'NONE', #2651, .T. ) ;
#1916 = VECTOR ( 'NONE', #2666, 1000.000000000000000 ) ;
#1917 = EDGE_CURVE ( 'NONE', #6424, #4212, #1839, .T. ) ;
#1918 = SURFACE_STYLE_USAGE ( .BOTH. , #6847 ) ;
#1919 = EDGE_LOOP ( 'NONE', ( #1272, #401, #8097, #2696 ) ) ;
#1920 = COLOUR_RGB ( '',0.7294117647058823200, 0.3568627450980392200, 0.02352941176470588200 ) ;
#1921 = DIRECTION ( 'NONE',  ( -0.0000000000000000000, -0.0000000000000000000, -1.000000000000000000 ) ) ;
#1922 = ORIENTED_EDGE ( 'NONE', *, *, #10311, .T. ) ;
#1923 = AXIS2_PLACEMENT_3D ( 'NONE', #10127, #5203, #374 ) ;
#1924 = SURFACE_STYLE_USAGE ( .BOTH. , #6852 ) ;
#1925 = ADVANCED_FACE ( 'NONE', ( #6220 ), #7142, .F. ) ;
#1926 = ADVANCED_FACE ( 'NONE', ( #4025 ), #7982, .T. ) ;
#1927 = COLOUR_RGB ( '',0.7294117647058823200, 0.3568627450980392200, 0.02352941176470588200 ) ;
#1928 = PRESENTATION_LAYER_ASSIGNMENT (  '', '', ( #783 ) ) ;
#1929 = DIRECTION ( 'NONE',  ( -0.8423401905372559500, 0.5389461971344257100, 0.0000000000000000000 ) ) ;
#1930 = PRESENTATION_STYLE_ASSIGNMENT (( #10526 ) ) ;
#1931 = FILL_AREA_STYLE ('',( #6031 ) ) ;
#1933 = PLANE ( 'NONE',  #6994 ) ;
#1932 = CARTESIAN_POINT ( 'NONE',  ( 0.8310803175205825300, -0.6919128073575887500, 2.025000000000000800 ) ) ;
#1934 = MECHANICAL_DESIGN_GEOMETRIC_PRESENTATION_REPRESENTATION (  '', ( #242 ), #2456 ) ;
#1935 = CARTESIAN_POINT ( 'NONE',  ( -1.020137554003527100, -0.4912080630992691200, 2.030000000000000200 ) ) ;
#1936 = STYLED_ITEM ( 'NONE', ( #2930 ), #8511 ) ;
#1937 = UNCERTAINTY_MEASURE_WITH_UNIT (LENGTH_MEASURE( 1.000000000000000100E-005 ), #5961, 'distance_accuracy_value', 'NONE');
#1938 = VERTEX_POINT ( 'NONE', #6387 ) ;
#1939 = ORIENTED_EDGE ( 'NONE', *, *, #6881, .T. ) ;
#1940 = EDGE_LOOP ( 'NONE', ( #10555, #5589, #4763, #7847 ) ) ;
#1941 = PRESENTATION_STYLE_ASSIGNMENT (( #2259 ) ) ;
#1942 = CARTESIAN_POINT ( 'NONE',  ( 0.8884615384615458500, -0.5769138484520447400, 2.030000000000000200 ) ) ;
#1943 = CARTESIAN_POINT ( 'NONE',  ( 0.2926282051282122500, 0.7800072252659040500, 2.025000000000000400 ) ) ;
#1944 = COLOUR_RGB ( '',0.7294117647058823200, 0.3568627450980392200, 0.02352941176470588200 ) ;
#1945 =( LENGTH_UNIT ( ) NAMED_UNIT ( * ) SI_UNIT ( .MILLI., .METRE. ) );
#1946 = CARTESIAN_POINT ( 'NONE',  ( 0.8873887136183882300, -0.5558101803855302100, 2.025000000000000400 ) ) ;
#1947 = CARTESIAN_POINT ( 'NONE',  ( -0.07051282051281362900, -0.6104074381956343700, 2.025000000000000400 ) ) ;
#1948 = LINE ( 'NONE', #438, #6306 ) ;
#1949 = CARTESIAN_POINT ( 'NONE',  ( 0.6817238549425032000, -0.3414757130172417800, 2.030000000000000700 ) ) ;
#1950 = ORIENTED_EDGE ( 'NONE', *, *, #2104, .T. ) ;
#1951 = CARTESIAN_POINT ( 'NONE',  ( -0.5151009893303095700, -0.6522159444228297100, 2.025000000000000400 ) ) ;
#1952 = LINE ( 'NONE', #4776, #6314 ) ;
#1953 = EDGE_CURVE ( 'NONE', #7552, #641, #1597, .T. ) ;
#1954 = CARTESIAN_POINT ( 'NONE',  ( 0.5993589743589817800, -0.2759122458879420500, 2.030000000000000200 ) ) ;
#1955 = DIRECTION ( 'NONE',  ( -0.4189977888269750300, 0.9079872537420916600, 0.0000000000000000000 ) ) ;
#1956 = CARTESIAN_POINT ( 'NONE',  ( -0.3208456310582206700, -0.1478104018431708200, 2.030000000000000200 ) ) ;
#1957 = UNCERTAINTY_MEASURE_WITH_UNIT (LENGTH_MEASURE( 1.000000000000000100E-005 ), #2566, 'distance_accuracy_value', 'NONE');
#1958 = CARTESIAN_POINT ( 'NONE',  ( 0.6947638186110762800, -0.7221138569176034400, 2.030000000000000700 ) ) ;
#1959 = ORIENTED_EDGE ( 'NONE', *, *, #9770, .T. ) ;
#1960 =( NAMED_UNIT ( * ) SI_UNIT ( $, .STERADIAN. ) SOLID_ANGLE_UNIT ( ) );
#1961 = VERTEX_POINT ( 'NONE', #3162 ) ;
#1962 =( LENGTH_UNIT ( ) NAMED_UNIT ( * ) SI_UNIT ( .MILLI., .METRE. ) );
#1963 = ADVANCED_FACE ( 'NONE', ( #5200 ), #2276, .F. ) ;
#1964 = DIRECTION ( 'NONE',  ( 2.891205793294662500E-015, -1.000000000000000000, 0.0000000000000000000 ) ) ;
#1965 = VECTOR ( 'NONE', #7518, 1000.000000000000000 ) ;
#1966 =( NAMED_UNIT ( * ) SI_UNIT ( $, .STERADIAN. ) SOLID_ANGLE_UNIT ( ) );
#1967 = CARTESIAN_POINT ( 'NONE',  ( -1.120848518912745500, -0.6546932254302110200, 2.030000000000000700 ) ) ;
#1969 = CARTESIAN_POINT ( 'NONE',  ( -1.850000000000005200, -0.3749999999999996700, 0.4590000000000001900 ) ) ;
#1968 = CARTESIAN_POINT ( 'NONE',  ( 0.7472791878569512400, -0.7254235726343291100, 2.030000000000001100 ) ) ;
#1970 = CARTESIAN_POINT ( 'NONE',  ( -0.3098157051281981700, -0.7257620055033268100, 2.030000000000000200 ) ) ;
#1971 = EDGE_CURVE ( 'NONE', #9207, #7505, #4428, .T. ) ;
#1972 = EDGE_CURVE ( 'NONE', #9076, #7082, #8796, .T. ) ;
#1973 = MECHANICAL_DESIGN_GEOMETRIC_PRESENTATION_REPRESENTATION (  '', ( #831 ), #2497 ) ;
#1974 = CARTESIAN_POINT ( 'NONE',  ( -0.2204427768894367000, -0.1591193892967413500, 2.030000000000000200 ) ) ;
#1975 = SURFACE_STYLE_USAGE ( .BOTH. , #6902 ) ;
#1976 = ORIENTED_EDGE ( 'NONE', *, *, #3858, .F. ) ;
#1977 = CARTESIAN_POINT ( 'NONE',  ( -1.181273035634985600, -0.4507767906514070800, 2.025000000000000400 ) ) ;
#1978 = DIRECTION ( 'NONE',  ( 0.0000000000000000000, 1.000000000000000000, 0.0000000000000000000 ) ) ;
#1979 =( GEOMETRIC_REPRESENTATION_CONTEXT ( 3 ) GLOBAL_UNCERTAINTY_ASSIGNED_CONTEXT ( ( #9102 ) ) GLOBAL_UNIT_ASSIGNED_CONTEXT ( ( #2885, #8647, #3720 ) ) REPRESENTATION_CONTEXT ( 'NONE', 'WORKASPACE' ) );
#1980 = CARTESIAN_POINT ( 'NONE',  ( -0.1728211529940735500, -0.6958548301035553100, 2.025000000000001200 ) ) ;
#1981 = ADVANCED_FACE ( 'NONE', ( #2212 ), #8943, .F. ) ;
#1982 = ADVANCED_FACE ( 'NONE', ( #3654 ), #594, .F. ) ;
#1983 = DIRECTION ( 'NONE',  ( -2.950209993157849100E-015, 1.000000000000000000, 0.0000000000000000000 ) ) ;
#1984 = ORIENTED_EDGE ( 'NONE', *, *, #5954, .F. ) ;
#1985 = ORIENTED_EDGE ( 'NONE', *, *, #7043, .T. ) ;
#1986 = CARTESIAN_POINT ( 'NONE',  ( -0.6698717948717882700, -0.4719158516571728700, 2.025000000000000400 ) ) ;
#1987 = COLOUR_RGB ( '',1.000000000000000000, 0.7176470588235294200, 0.2470588235294117800 ) ;
#1988 = PRESENTATION_LAYER_ASSIGNMENT (  '', '', ( #291 ) ) ;
#1989 = DIRECTION ( 'NONE',  ( 3.552334763092437900E-015, -1.000000000000000000, -0.0000000000000000000 ) ) ;
#1990 = SURFACE_SIDE_STYLE ('',( #9687 ) ) ;
#1991 = PRESENTATION_LAYER_ASSIGNMENT (  '', '', ( #10474 ) ) ;
#1992 = AXIS2_PLACEMENT_3D ( 'NONE', #10449, #8786, #511 ) ;
#1993 = CARTESIAN_POINT ( 'NONE',  ( 0.6194922002989121700, -0.6818486952940978600, 2.024999999999999900 ) ) ;
#1994 = CIRCLE ( 'NONE', #2455, 0.1000000000000000100 ) ;
#1995 = EDGE_LOOP ( 'NONE', ( #9295, #1774, #7034, #8875 ) ) ;
#1996 = CARTESIAN_POINT ( 'NONE',  ( -0.3135616987179418200, -0.2039671337084549000, 2.025000000000000400 ) ) ;
#1997 = EDGE_CURVE ( 'NONE', #7739, #9939, #9940, .T. ) ;
#1998 = EDGE_LOOP ( 'NONE', ( #3743, #5307, #3569, #3284 ) ) ;
#1999 = SURFACE_SIDE_STYLE ('',( #9010 ) ) ;
#2000 = CARTESIAN_POINT ( 'NONE',  ( -0.4524090391861591600, -0.6955201740508494300, 2.030000000000000700 ) ) ;
#2001 = SURFACE_STYLE_FILL_AREA ( #5176 ) ;
#2002 = ORIENTED_EDGE ( 'NONE', *, *, #1151, .F. ) ;
#2003 = CARTESIAN_POINT ( 'NONE',  ( -0.1155385407627307100, -0.2139585758083187800, 2.025000000000000400 ) ) ;
#2004 = PRESENTATION_LAYER_ASSIGNMENT (  '', '', ( #881 ) ) ;
#2005 = PLANE ( 'NONE',  #4952 ) ;
#2006 = CARTESIAN_POINT ( 'NONE',  ( 0.6370273586616996800, -0.6175333695997353700, 2.029999999999999800 ) ) ;
#2007 = ORIENTED_EDGE ( 'NONE', *, *, #8582, .T. ) ;
#2008 = DIRECTION ( 'NONE',  ( -0.0000000000000000000, -1.000000000000000000, -0.0000000000000000000 ) ) ;
#2009 = AXIS2_PLACEMENT_3D ( 'NONE', #8858, #3933, #9675 ) ;
#2010 = DIRECTION ( 'NONE',  ( 1.000000000000000000, 0.0000000000000000000, 4.869229399644720500E-015 ) ) ;
#2011 = LINE ( 'NONE', #9494, #4466 ) ;
#2012 = ADVANCED_FACE ( 'NONE', ( #3387 ), #4214, .T. ) ;
#2013 = VECTOR ( 'NONE', #1540, 1000.000000000000100 ) ;
#2014 = CARTESIAN_POINT ( 'NONE',  ( 0.8367888621794946600, -0.2744799542212754100, 2.025000000000000400 ) ) ;
#2015 = LINE ( 'NONE', #710, #8315 ) ;
#2016 = ORIENTED_EDGE ( 'NONE', *, *, #5506, .T. ) ;
#2017 = DIRECTION ( 'NONE',  ( -1.000000000000000000, 0.0000000000000000000, 0.0000000000000000000 ) ) ;
#2018 = DIRECTION ( 'NONE',  ( -0.4189977888269747500, 0.9079872537420917700, 0.0000000000000000000 ) ) ;
#2019 = VECTOR ( 'NONE', #9491, 1000.000000000000000 ) ;
#2020 = VECTOR ( 'NONE', #8381, 1000.000000000000100 ) ;
#2021 = LINE ( 'NONE', #2776, #8588 ) ;
#2022 = EDGE_LOOP ( 'NONE', ( #7835, #8715, #10550, #2478 ) ) ;
#2023 = CARTESIAN_POINT ( 'NONE',  ( 0.5669962212557883000, -0.6108003593661423000, 2.029999999999999800 ) ) ;
#2024 = UNCERTAINTY_MEASURE_WITH_UNIT (LENGTH_MEASURE( 1.000000000000000100E-005 ), #3168, 'distance_accuracy_value', 'NONE');
#2025 = EDGE_CURVE ( 'NONE', #3020, #7739, #383, .T. ) ;
#2026 = CARTESIAN_POINT ( 'NONE',  ( -0.3463374189969372100, -0.2058241322712344200, 2.025000000000000400 ) ) ;
#2027 = FACE_OUTER_BOUND ( 'NONE', #7584, .T. ) ;
#2028 = EDGE_CURVE ( 'NONE', #9458, #5734, #8909, .T. ) ;
#2029 = ADVANCED_FACE ( 'NONE', ( #2326 ), #3310, .F. ) ;
#2030 = PLANE ( 'NONE',  #2369 ) ;
#2031 = SURFACE_STYLE_USAGE ( .BOTH. , #6958 ) ;
#2032 = EDGE_LOOP ( 'NONE', ( #179, #8440, #10441, #5277, #3953 ) ) ;
#2033 = CARTESIAN_POINT ( 'NONE',  ( 1.050641025641033500, -0.6552491849905062200, 2.025000000000000400 ) ) ;
#2034 = CARTESIAN_POINT ( 'NONE',  ( -0.5564636882461471100, -0.4613001507037856100, 2.024999999999999500 ) ) ;
#2035 = STYLED_ITEM ( 'NONE', ( #6430 ), #5956 ) ;
#2036 = MECHANICAL_DESIGN_GEOMETRIC_PRESENTATION_REPRESENTATION (  '', ( #345 ), #2586 ) ;
#2037 = DIRECTION ( 'NONE',  ( -1.000000000000000000, 0.0000000000000000000, -4.754114276428528800E-015 ) ) ;
#2038 = EDGE_CURVE ( 'NONE', #641, #3136, #1550, .T. ) ;
#2039 = ORIENTED_EDGE ( 'NONE', *, *, #9880, .T. ) ;
#2040 = CARTESIAN_POINT ( 'NONE',  ( 1.701000000000000500, 1.100000000000000100, 1.070000000000008300 ) ) ;
#2041 = CARTESIAN_POINT ( 'NONE',  ( -0.9633080082233649300, -0.6296775359373950600, 2.030000000000000700 ) ) ;
#2042 = CARTESIAN_POINT ( 'NONE',  ( 1.001282051282059000, -0.1616594414007626000, 2.025000000000000400 ) ) ;
#2043 = VECTOR ( 'NONE', #1567, 1000.000000000000000 ) ;
#2044 = DIRECTION ( 'NONE',  ( 3.552334763092437900E-015, -1.000000000000000000, -0.0000000000000000000 ) ) ;
#2045 = STYLED_ITEM ( 'NONE', ( #2417 ), #7786 ) ;
#2046 = DIRECTION ( 'NONE',  ( 0.0000000000000000000, -1.000000000000000000, -3.690241947746627400E-013 ) ) ;
#2047 = VERTEX_POINT ( 'NONE', #9011 ) ;
#2048 = DIRECTION ( 'NONE',  ( -1.000000000000000000, -3.552334763092437500E-015, -0.0000000000000000000 ) ) ;
#2049 = ORIENTED_EDGE ( 'NONE', *, *, #5658, .F. ) ;
#2050 = CARTESIAN_POINT ( 'NONE',  ( -1.525252652248638900, 1.389872122057803900, 0.2112844257252344300 ) ) ;
#2051 = ORIENTED_EDGE ( 'NONE', *, *, #3784, .F. ) ;
#2052 = ORIENTED_EDGE ( 'NONE', *, *, #3461, .T. ) ;
#2053 = SURFACE_SIDE_STYLE ('',( #7286 ) ) ;
#2054 = EDGE_CURVE ( 'NONE', #4511, #3065, #3778, .T. ) ;
#2055 = VECTOR ( 'NONE', #252, 1000.000000000000000 ) ;
#2056 = CARTESIAN_POINT ( 'NONE',  ( -1.038111719673524600, -0.2811692334724014700, 2.030000000000000700 ) ) ;
#2057 = LINE ( 'NONE', #3570, #6427 ) ;
#2058 = FACE_OUTER_BOUND ( 'NONE', #1076, .T. ) ;
#2059 = CARTESIAN_POINT ( 'NONE',  ( -0.4374690743630576500, -0.2349737655133293000, 2.029999999999999400 ) ) ;
#2060 = FACE_OUTER_BOUND ( 'NONE', #7164, .T. ) ;
#2061 = ADVANCED_FACE ( 'NONE', ( #10078 ), #509, .F. ) ;
#2062 = UNCERTAINTY_MEASURE_WITH_UNIT (LENGTH_MEASURE( 1.000000000000000100E-005 ), #3825, 'distance_accuracy_value', 'NONE');
#2063 = PRESENTATION_STYLE_ASSIGNMENT (( #4723 ) ) ;
#2064 = VERTEX_POINT ( 'NONE', #5870 ) ;
#2065 = ORIENTED_EDGE ( 'NONE', *, *, #4816, .F. ) ;
#2066 = CARTESIAN_POINT ( 'NONE',  ( -1.701000000000005200, 0.4749999999999998100, 1.020999999999999900 ) ) ;
#2067 = CARTESIAN_POINT ( 'NONE',  ( -1.092722914098282800, -0.4555422546436686000, 2.030000000000000700 ) ) ;
#2068 = AXIS2_PLACEMENT_3D ( 'NONE', #590, #6382, #1437 ) ;
#2070 = PLANE ( 'NONE',  #2940 ) ;
#2069 = CARTESIAN_POINT ( 'NONE',  ( 0.1642728365384689400, -0.4789671337084549500, 2.030000000000000200 ) ) ;
#2071 =( GEOMETRIC_REPRESENTATION_CONTEXT ( 3 ) GLOBAL_UNCERTAINTY_ASSIGNED_CONTEXT ( ( #1957 ) ) GLOBAL_UNIT_ASSIGNED_CONTEXT ( ( #2566, #8327, #3404 ) ) REPRESENTATION_CONTEXT ( 'NONE', 'WORKASPACE' ) );
#2072 = ORIENTED_EDGE ( 'NONE', *, *, #3817, .T. ) ;
#2073 = CARTESIAN_POINT ( 'NONE',  ( -0.5035780136878207400, -0.5862656353993924700, 2.029999999999999800 ) ) ;
#2074 = MECHANICAL_DESIGN_GEOMETRIC_PRESENTATION_REPRESENTATION (  '', ( #381 ), #2623 ) ;
#2075 = VECTOR ( 'NONE', #684, 1000.000000000000000 ) ;
#2076 = DIRECTION ( 'NONE',  ( 1.000000000000000000, 0.0000000000000000000, 0.0000000000000000000 ) ) ;
#2077 = CARTESIAN_POINT ( 'NONE',  ( 1.699999999999994600, 1.465000000000006500, 1.070000000000000100 ) ) ;
#2078 = LINE ( 'NONE', #3997, #10325 ) ;
#2079 = ORIENTED_EDGE ( 'NONE', *, *, #1749, .T. ) ;
#2080 = DIRECTION ( 'NONE',  ( 2.891205793294696400E-015, -1.000000000000000000, 0.0000000000000000000 ) ) ;
#2081 = CARTESIAN_POINT ( 'NONE',  ( -1.219871794871788100, -0.3943517490930703000, 2.025000000000000400 ) ) ;
#2082 = CARTESIAN_POINT ( 'NONE',  ( 0.5993589743589817800, -0.2759122458879420500, 2.030000000000000200 ) ) ;
#2083 = CARTESIAN_POINT ( 'NONE',  ( 0.6675668039651411200, -0.3261607143469944000, 2.025000000000000800 ) ) ;
#2084 = VECTOR ( 'NONE', #2044, 1000.000000000000000 ) ;
#2085 = B_SPLINE_CURVE_WITH_KNOTS ( 'NONE', 3,
 ( #6694, #5049, #9957, #1753, #7511, #2587, #8344, #3423, #9159, #4257, #9994, #5080, #115, #5899, #952 ),
 .UNSPECIFIED., .F., .F.,
 ( 4, 1, 1, 1, 1, 1, 1, 1, 1, 1, 1, 1, 4 ),
 ( 0.0000000000000000000, 0.1060574933033968100, 0.2029142570846100800, 0.2903001653958378100, 0.3702225656250400800, 0.4463837207709704900, 0.5213968999648274100, 0.5982910828464567100, 0.6761424688569279700, 0.7555286995560225300, 0.8348871724576576400, 0.9166460487466413500, 1.000000000000000000 ),
 .UNSPECIFIED. ) ;
#2086 = CARTESIAN_POINT ( 'NONE',  ( -0.5178177552736246100, -0.5679716038332931500, 2.030000000000000700 ) ) ;
#2087 = PLANE ( 'NONE',  #8046 ) ;
#2088 = VERTEX_POINT ( 'NONE', #79 ) ;
#2089 = PLANE ( 'NONE',  #10610 ) ;
#2090 = CARTESIAN_POINT ( 'NONE',  ( -0.3135616987179418200, -0.2039671337084549000, 2.030000000000000200 ) ) ;
#2091 = CARTESIAN_POINT ( 'NONE',  ( 0.7924321512002752100, -0.4923939642355557000, 2.025000000000000400 ) ) ;
#2092 = CARTESIAN_POINT ( 'NONE',  ( -1.138547664277783000, -0.2182569068881080300, 2.030000000000000200 ) ) ;
#2093 = CARTESIAN_POINT ( 'NONE',  ( -0.5176228542282541600, -0.3061311115885744800, 2.024999999999999900 ) ) ;
#2094 = PRESENTATION_LAYER_ASSIGNMENT (  '', '', ( #976 ) ) ;
#2095 =( NAMED_UNIT ( * ) SI_UNIT ( $, .STERADIAN. ) SOLID_ANGLE_UNIT ( ) );
#2096 = CARTESIAN_POINT ( 'NONE',  ( -1.181273035634985600, -0.4507767906514070800, 2.025000000000000400 ) ) ;
#2097 = CARTESIAN_POINT ( 'NONE',  ( -0.4971153846153774100, 0.7800072252659040500, 2.025000000000000400 ) ) ;
#2099 = DIRECTION ( 'NONE',  ( 0.5390888091285609400, 0.8422489274984860100, 0.0000000000000000000 ) ) ;
#2098 = FILL_AREA_STYLE_COLOUR ( '', #1515 ) ;
#2100 = ORIENTED_EDGE ( 'NONE', *, *, #4649, .T. ) ;
#2101 = CARTESIAN_POINT ( 'NONE',  ( -1.699999999999994600, -1.465000000000006300, 1.070000000000000100 ) ) ;
#2102 = CARTESIAN_POINT ( 'NONE',  ( -0.3610447309046502200, -0.6655314679950060700, 2.024999999999999900 ) ) ;
#2103 = ORIENTED_EDGE ( 'NONE', *, *, #1541, .F. ) ;
#2104 = EDGE_CURVE ( 'NONE', #9451, #1393, #2738, .T. ) ;
#2105 = CARTESIAN_POINT ( 'NONE',  ( 0.8534699795124366400, -0.6704581422040727400, 2.029999999999999800 ) ) ;
#2106 = DIRECTION ( 'NONE',  ( 0.0000000000000000000, -1.445602896647341900E-016, -1.000000000000000000 ) ) ;
#2107 = LINE ( 'NONE', #6444, #10605 ) ;
#2108 = COLOUR_RGB ( '',0.7294117647058823200, 0.3568627450980392200, 0.02352941176470588200 ) ;
#2109 = ORIENTED_EDGE ( 'NONE', *, *, #3919, .F. ) ;
#2110 = CARTESIAN_POINT ( 'NONE',  ( 1.525252652248629400, 1.290252652248629500, 0.2199999999999999500 ) ) ;
#2111 = CARTESIAN_POINT ( 'NONE',  ( -1.134850140788889100, -0.6550726554326256100, 2.024999999999999900 ) ) ;
#2112 = ADVANCED_FACE ( 'NONE', ( #9302 ), #8348, .T. ) ;
#2113 = VECTOR ( 'NONE', #3133, 1000.000000000000000 ) ;
#2114 = DIRECTION ( 'NONE',  ( -3.774355685785714200E-015, 1.000000000000000000, 0.0000000000000000000 ) ) ;
#2115 = ORIENTED_EDGE ( 'NONE', *, *, #6933, .T. ) ;
#2116 = EDGE_CURVE ( 'NONE', #10539, #7664, #8271, .T. ) ;
#2117 = CARTESIAN_POINT ( 'NONE',  ( 0.8627309636123770000, -0.2162882477704866600, 2.029999999999999800 ) ) ;
#2118 = DIRECTION ( 'NONE',  ( -0.4285960263555436700, -0.9034962347415942400, 0.0000000000000000000 ) ) ;
#2119 = CARTESIAN_POINT ( 'NONE',  ( 0.7202223557692382100, -0.4344559157597369700, 2.030000000000000200 ) ) ;
#2120 = AXIS2_PLACEMENT_3D ( 'NONE', #9739, #4829, #10582 ) ;
#2121 = VERTEX_POINT ( 'NONE', #9201 ) ;
#2122 =( NAMED_UNIT ( * ) PLANE_ANGLE_UNIT ( ) SI_UNIT ( $, .RADIAN. ) );
#2123 = PRESENTATION_STYLE_ASSIGNMENT (( #6737 ) ) ;
#2124 = DIRECTION ( 'NONE',  ( 3.552334763092437900E-015, -1.000000000000000000, -0.0000000000000000000 ) ) ;
#2125 = CARTESIAN_POINT ( 'NONE',  ( -0.5528367644341493100, -0.3898449300554637800, 2.030000000000000200 ) ) ;
#2126 = STYLED_ITEM ( 'NONE', ( #7428 ), #8450 ) ;
#2127 = CARTESIAN_POINT ( 'NONE',  ( -1.012126256579944900, -0.3802133279138788000, 2.025000000000000400 ) ) ;
#2128 = ORIENTED_EDGE ( 'NONE', *, *, #2116, .T. ) ;
#2129 = FILL_AREA_STYLE ('',( #1298 ) ) ;
#2130 =( NAMED_UNIT ( * ) SI_UNIT ( $, .STERADIAN. ) SOLID_ANGLE_UNIT ( ) );
#2131 = DIRECTION ( 'NONE',  ( -0.0000000000000000000, 1.000000000000000000, -0.0000000000000000000 ) ) ;
#2132 = ORIENTED_EDGE ( 'NONE', *, *, #4991, .T. ) ;
#2133 = FACE_OUTER_BOUND ( 'NONE', #6228, .T. ) ;
#2134 = PRESENTATION_STYLE_ASSIGNMENT (( #10181 ) ) ;
#2135 = B_SPLINE_CURVE_WITH_KNOTS ( 'NONE', 3,
 ( #422, #9495, #2111, #7880, #2950, #8705, #3780, #9529, #4604, #10365, #5437, #460, #6250, #1309, #7075, #2142, #7912, #2992, #8737 ),
 .UNSPECIFIED., .F., .F.,
 ( 4, 1, 1, 1, 1, 1, 1, 1, 1, 1, 1, 1, 1, 1, 1, 1, 4 ),
 ( 0.0000000000000000000, 0.07250248893303432000, 0.1397389892678948500, 0.2017951348259224300, 0.2598219344148626200, 0.3122059893845978700, 0.3607734341243376600, 0.4045403426007488900, 0.4436980985527631000, 0.5168407942439696700, 0.5878743359442815100, 0.6579654175616305200, 0.7289693886473113100, 0.7993077199548834800, 0.8666357778344708800, 0.9331163290572740400, 1.000000000000000000 ),
 .UNSPECIFIED. ) ;
#2136 = AXIS2_PLACEMENT_3D ( 'NONE', #909, #6690, #1748 ) ;
#2137 = VECTOR ( 'NONE', #9538, 1000.000000000000000 ) ;
#2138 = ORIENTED_EDGE ( 'NONE', *, *, #9012, .T. ) ;
#2139 = UNCERTAINTY_MEASURE_WITH_UNIT (LENGTH_MEASURE( 1.000000000000000100E-005 ), #2989, 'distance_accuracy_value', 'NONE');
#2140 = SURFACE_SIDE_STYLE ('',( #3342 ) ) ;
#2141 = CARTESIAN_POINT ( 'NONE',  ( -0.1765674290722090400, -0.2401690598416193800, 2.024999999999999500 ) ) ;
#2142 = CARTESIAN_POINT ( 'NONE',  ( -0.9983146188782480200, -0.5830435335990660200, 2.024999999999999900 ) ) ;
#2143 = CARTESIAN_POINT ( 'NONE',  ( 0.7287678374205347500, -0.1477835456380595900, 2.030000000000000200 ) ) ;
#2144 = EDGE_CURVE ( 'NONE', #5168, #10300, #6090, .T. ) ;
#2145 = DIRECTION ( 'NONE',  ( 0.0000000000000000000, -1.000000000000000000, 0.0000000000000000000 ) ) ;
#2146 = ORIENTED_EDGE ( 'NONE', *, *, #5351, .T. ) ;
#2147 = CARTESIAN_POINT ( 'NONE',  ( -0.1798076923076852000, 0.7800072252659040500, 2.025000000000000400 ) ) ;
#2148 = CARTESIAN_POINT ( 'NONE',  ( 0.2926282051282122500, 0.7800072252659040500, 2.025000000000000400 ) ) ;
#2149 = FILL_AREA_STYLE_COLOUR ( '', #10392 ) ;
#2150 = VECTOR ( 'NONE', #6961, 1000.000000000000000 ) ;
#2151 = VECTOR ( 'NONE', #3821, 1000.000000000000000 ) ;
#2152 = DIRECTION ( 'NONE',  ( 0.0000000000000000000, 1.000000000000000000, 0.0000000000000000000 ) ) ;
#2153 = VERTEX_POINT ( 'NONE', #989 ) ;
#2154 = CARTESIAN_POINT ( 'NONE',  ( -0.5937399839743517900, 0.4626995329582116500, 2.025000000000000400 ) ) ;
#2155 = EDGE_CURVE ( 'NONE', #5483, #1897, #8007, .T. ) ;
#2156 = CARTESIAN_POINT ( 'NONE',  ( -0.9909170129825540800, -0.3334150508954680200, 2.025000000000000800 ) ) ;
#2157 = ADVANCED_FACE ( 'NONE', ( #10204 ), #7884, .T. ) ;
#2158 = MECHANICAL_DESIGN_GEOMETRIC_PRESENTATION_REPRESENTATION (  '', ( #479 ), #2727 ) ;
#2159 = CARTESIAN_POINT ( 'NONE',  ( -0.3005443828467885300, -0.6690863694179279800, 2.030000000000000200 ) ) ;
#2160 = CARTESIAN_POINT ( 'NONE',  ( 0.7189401012079849100, -0.7255220315482727700, 2.025000000000000400 ) ) ;
#2161 = CARTESIAN_POINT ( 'NONE',  ( -1.700000000000005100, 1.464999999999994300, 1.169999999999999900 ) ) ;
#2162 = LINE ( 'NONE', #48, #4106 ) ;
#2163 = PRESENTATION_STYLE_ASSIGNMENT (( #9815 ) ) ;
#2164 = CARTESIAN_POINT ( 'NONE',  ( 0.6261916484784616500, -0.1967418829408627600, 2.029999999999998900 ) ) ;
#2165 = CARTESIAN_POINT ( 'NONE',  ( 1.699999999999998000, -1.423827693562526900, 1.070000000000000100 ) ) ;
#2166 = VERTEX_POINT ( 'NONE', #6761 ) ;
#2167 = FACE_OUTER_BOUND ( 'NONE', #2916, .T. ) ;
#2168 = ORIENTED_EDGE ( 'NONE', *, *, #3164, .F. ) ;
#2169 = MECHANICAL_DESIGN_GEOMETRIC_PRESENTATION_REPRESENTATION (  '', ( #491 ), #2734 ) ;
#2170 = ORIENTED_EDGE ( 'NONE', *, *, #2656, .F. ) ;
#2171 = LINE ( 'NONE', #797, #4119 ) ;
#2172 = FILL_AREA_STYLE ('',( #8800 ) ) ;
#2173 = FILL_AREA_STYLE_COLOUR ( '', #2650 ) ;
#2174 = PRESENTATION_STYLE_ASSIGNMENT (( #8808 ) ) ;
#2175 = SURFACE_SIDE_STYLE ('',( #8870 ) ) ;
#2176 = FACE_OUTER_BOUND ( 'NONE', #8673, .T. ) ;
#2177 = CARTESIAN_POINT ( 'NONE',  ( -0.3463374189969372100, -0.2058241322712344200, 2.025000000000000400 ) ) ;
#2178 = CARTESIAN_POINT ( 'NONE',  ( -0.2038170247513755000, -0.1644842933179192800, 2.024999999999999900 ) ) ;
#2179 = EDGE_LOOP ( 'NONE', ( #1715, #9395, #3979, #8425 ) ) ;
#2180 = ORIENTED_EDGE ( 'NONE', *, *, #7894, .F. ) ;
#2181 = STYLED_ITEM ( 'NONE', ( #8019 ), #1867 ) ;
#2182 = ORIENTED_EDGE ( 'NONE', *, *, #8848, .F. ) ;
#2183 = VECTOR ( 'NONE', #9600, 1000.000000000000100 ) ;
#2184 = PRESENTATION_LAYER_ASSIGNMENT (  '', '', ( #1070 ) ) ;
#2185 = VECTOR ( 'NONE', #117, 1000.000000000000000 ) ;
#2186 =( NAMED_UNIT ( * ) PLANE_ANGLE_UNIT ( ) SI_UNIT ( $, .RADIAN. ) );
#2187 = CARTESIAN_POINT ( 'NONE',  ( 0.8391025641025715600, -0.5761426144776857800, 2.025000000000000400 ) ) ;
#2188 = DIRECTION ( 'NONE',  ( -1.000000000000000000, 0.0000000000000000000, 0.0000000000000000000 ) ) ;
#2189 = UNCERTAINTY_MEASURE_WITH_UNIT (LENGTH_MEASURE( 1.000000000000000100E-005 ), #9980, 'distance_accuracy_value', 'NONE');
#2190 = EDGE_CURVE ( 'NONE', #9640, #6720, #2857, .T. ) ;
#2191 = CARTESIAN_POINT ( 'NONE',  ( -0.1327496075734215200, -0.2744254185133680500, 2.025000000000000400 ) ) ;
#2192 = SURFACE_STYLE_FILL_AREA ( #796 ) ;
#2193 = ORIENTED_EDGE ( 'NONE', *, *, #1389, .F. ) ;
#2194 =( NAMED_UNIT ( * ) PLANE_ANGLE_UNIT ( ) SI_UNIT ( $, .RADIAN. ) );
#2195 =( LENGTH_UNIT ( ) NAMED_UNIT ( * ) SI_UNIT ( .MILLI., .METRE. ) );
#2196 = CARTESIAN_POINT ( 'NONE',  ( -0.2273993327069313800, -0.6569641982111882300, 2.029999999999999800 ) ) ;
#2197 = CARTESIAN_POINT ( 'NONE',  ( 0.5815943504067846400, -0.6354784569985241200, 2.025000000000000400 ) ) ;
#2198 = DIRECTION ( 'NONE',  ( -1.000000000000000000, -2.551063935260011000E-016, -0.0000000000000000000 ) ) ;
#2199 = STYLED_ITEM ( 'NONE', ( #10099 ), #4501 ) ;
#2200 = CARTESIAN_POINT ( 'NONE',  ( 0.7287678374205347500, -0.1477835456380595900, 2.025000000000000400 ) ) ;
#2201 = EDGE_LOOP ( 'NONE', ( #8080, #435, #4508, #4945 ) ) ;
#2202 = ORIENTED_EDGE ( 'NONE', *, *, #10179, .T. ) ;
#2203 = STYLED_ITEM ( 'NONE', ( #7036 ), #9316 ) ;
#2204 = CARTESIAN_POINT ( 'NONE',  ( -1.131678400028775800, -0.1625707960471232900, 2.025000000000000400 ) ) ;
#2205 = CARTESIAN_POINT ( 'NONE',  ( 0.6112085563040071700, -0.3299047559353554000, 2.025000000000000400 ) ) ;
#2206 =( BOUNDED_CURVE ( )  B_SPLINE_CURVE ( 3, ( #1860, #178, #211, #6005 ),
 .UNSPECIFIED., .F., .F. ) 
 B_SPLINE_CURVE_WITH_KNOTS ( ( 4, 4 ),
 ( 2.359992588465624300, 3.923192718713971200 ),
 .UNSPECIFIED. ) 
 CURVE ( )  GEOMETRIC_REPRESENTATION_ITEM ( )  RATIONAL_B_SPLINE_CURVE ( ( 1.000000000000000000, 0.8065248903853450300, 0.8065248903853450300, 1.000000000000000000 ) ) 
 REPRESENTATION_ITEM ( '' )  );
#2207 = CARTESIAN_POINT ( 'NONE',  ( -0.5176228542282541600, -0.3061311115885744800, 2.024999999999999900 ) ) ;
#2208 = PLANE ( 'NONE',  #9442 ) ;
#2209 = DIRECTION ( 'NONE',  ( -0.0000000000000000000, -0.0000000000000000000, 1.000000000000000000 ) ) ;
#2210 = FILL_AREA_STYLE_COLOUR ( '', #5967 ) ;
#2211 = ORIENTED_EDGE ( 'NONE', *, *, #546, .T. ) ;
#2212 = FACE_OUTER_BOUND ( 'NONE', #9642, .T. ) ;
#2213 = EDGE_CURVE ( 'NONE', #6287, #2233, #9429, .T. ) ;
#2214 = CARTESIAN_POINT ( 'NONE',  ( -0.9899196338907594300, -0.4485204513587199800, 2.030000000000000700 ) ) ;
#2215 = EDGE_CURVE ( 'NONE', #7680, #3208, #7227, .T. ) ;
#2216 = CARTESIAN_POINT ( 'NONE',  ( -1.750000000000005300, 0.4749999999999997600, 0.5590000000000007200 ) ) ;
#2217 = CARTESIAN_POINT ( 'NONE',  ( -0.2054738230489545100, -0.2251256603467171300, 2.029999999999999800 ) ) ;
#2218 = VECTOR ( 'NONE', #7705, 1000.000000000000200 ) ;
#2219 = VERTEX_POINT ( 'NONE', #9392 ) ;
#2220 = FILL_AREA_STYLE_COLOUR ( '', #8637 ) ;
#2221 = ORIENTED_EDGE ( 'NONE', *, *, #2213, .T. ) ;
#2222 = VECTOR ( 'NONE', #1065, 1000.000000000000000 ) ;
#2223 = CARTESIAN_POINT ( 'NONE',  ( 0.7127285490649528700, -0.2045247314341650800, 2.025000000000000400 ) ) ;
#2224 = PRESENTATION_LAYER_ASSIGNMENT (  '', '', ( #1120 ) ) ;
#2225 = MECHANICAL_DESIGN_GEOMETRIC_PRESENTATION_REPRESENTATION (  '', ( #1122 ), #2794 ) ;
#2226 = FILL_AREA_STYLE ('',( #10454 ) ) ;
#2227 =( NAMED_UNIT ( * ) PLANE_ANGLE_UNIT ( ) SI_UNIT ( $, .RADIAN. ) );
#2228 = CARTESIAN_POINT ( 'NONE',  ( 1.700000000000000400, -1.464999999999999400, 1.070000000000000100 ) ) ;
#2229 =( LENGTH_UNIT ( ) NAMED_UNIT ( * ) SI_UNIT ( .MILLI., .METRE. ) );
#2230 = CARTESIAN_POINT ( 'NONE',  ( -0.9873512786490248300, -0.3040214753333058700, 2.030000000000000200 ) ) ;
#2231 = EDGE_CURVE ( 'NONE', #1546, #357, #372, .T. ) ;
#2232 = COLOUR_RGB ( '',0.7294117647058823200, 0.3568627450980392200, 0.02352941176470588200 ) ;
#2233 = VERTEX_POINT ( 'NONE', #4476 ) ;
#2234 = DIRECTION ( 'NONE',  ( -0.0000000000000000000, -0.0000000000000000000, 1.000000000000000000 ) ) ;
#2235 = LINE ( 'NONE', #3329, #6626 ) ;
#2236 = STYLED_ITEM ( 'NONE', ( #9094 ), #513 ) ;
#2237 =( NAMED_UNIT ( * ) SI_UNIT ( $, .STERADIAN. ) SOLID_ANGLE_UNIT ( ) );
#2238 = CARTESIAN_POINT ( 'NONE',  ( -1.059527226539648000, -0.1784422640064065300, 2.029999999999999800 ) ) ;
#2239 = ORIENTED_EDGE ( 'NONE', *, *, #2346, .F. ) ;
#2240 = CARTESIAN_POINT ( 'NONE',  ( 0.5993589743589817800, -0.2759122458879420500, 2.030000000000000200 ) ) ;
#2241 = DIRECTION ( 'NONE',  ( -0.0000000000000000000, -0.4226182617407771600, -0.9063077870366137400 ) ) ;
#2242 = DIRECTION ( 'NONE',  ( 0.0000000000000000000, 1.000000000000000000, 0.0000000000000000000 ) ) ;
#2243 = B_SPLINE_CURVE_WITH_KNOTS ( 'NONE', 3,
 ( #5198, #5059, #1068, #6846, #1914, #7673, #2747, #8504, #3585, #9325, #4408, #10156, #5235, #261, #6060, #1103, #6880, #1956, #7706 ),
 .UNSPECIFIED., .F., .F.,
 ( 4, 1, 1, 1, 1, 1, 1, 1, 1, 1, 1, 1, 1, 1, 1, 1, 4 ),
 ( 0.0000000000000000000, 0.06455784592971899900, 0.1270135315497587500, 0.1879548102020905400, 0.2480139127896341100, 0.3077476818488373300, 0.3682345146974851400, 0.4294698439426692400, 0.4927434367465850500, 0.5562577687060832300, 0.6182167855431435200, 0.6796554755875549000, 0.7412455456206295000, 0.8034152647056968000, 0.8668154615439922500, 0.9323283119492651300, 1.000000000000000000 ),
 .UNSPECIFIED. ) ;
#2244 = SURFACE_SIDE_STYLE ('',( #8145 ) ) ;
#2245 = ORIENTED_EDGE ( 'NONE', *, *, #4994, .F. ) ;
#2246 = EDGE_CURVE ( 'NONE', #9939, #3020, #6973, .T. ) ;
#2247 = ORIENTED_EDGE ( 'NONE', *, *, #9665, .F. ) ;
#2248 =( GEOMETRIC_REPRESENTATION_CONTEXT ( 3 ) GLOBAL_UNCERTAINTY_ASSIGNED_CONTEXT ( ( #8615 ) ) GLOBAL_UNIT_ASSIGNED_CONTEXT ( ( #3115, #8859, #3934 ) ) REPRESENTATION_CONTEXT ( 'NONE', 'WORKASPACE' ) );
#2249 = LINE ( 'NONE', #384, #6373 ) ;
#2250 = CARTESIAN_POINT ( 'NONE',  ( -0.9453418190161099200, -0.5398649256043722700, 2.025000000000000400 ) ) ;
#2251 = CARTESIAN_POINT ( 'NONE',  ( 0.8193810096153920600, -0.5221562362725574700, 2.025000000000000400 ) ) ;
#2252 = LINE ( 'NONE', #693, #6375 ) ;
#2253 = CARTESIAN_POINT ( 'NONE',  ( 0.7428419495746981800, -0.2044852325770312700, 2.029999999999999800 ) ) ;
#2254 = LINE ( 'NONE', #2385, #6134 ) ;
#2255 = EDGE_LOOP ( 'NONE', ( #6560, #10375, #10237, #9789 ) ) ;
#2256 = PRESENTATION_LAYER_ASSIGNMENT (  '', '', ( #1701 ) ) ;
#2257 = AXIS2_PLACEMENT_3D ( 'NONE', #6725, #1796, #7556 ) ;
#2258 = DIRECTION ( 'NONE',  ( 0.05233595624294396000, 0.0000000000000000000, -0.9986295347545739400 ) ) ;
#2259 = SURFACE_STYLE_USAGE ( .BOTH. , #7189 ) ;
#2260 = LINE ( 'NONE', #5362, #4478 ) ;
#2261 = PRESENTATION_STYLE_ASSIGNMENT (( #2657 ) ) ;
#2262 = CARTESIAN_POINT ( 'NONE',  ( 0.1375000000000071200, -0.5353773901187113300, 2.025000000000000400 ) ) ;
#2263 =( NAMED_UNIT ( * ) PLANE_ANGLE_UNIT ( ) SI_UNIT ( $, .RADIAN. ) );
#2264 =( BOUNDED_CURVE ( )  B_SPLINE_CURVE ( 3, ( #7404, #2469, #8248, #3311 ),
 .UNSPECIFIED., .F., .F. ) 
 B_SPLINE_CURVE_WITH_KNOTS ( ( 4, 4 ),
 ( 6.156333644715336300, 6.283185307179578200 ),
 .UNSPECIFIED. ) 
 CURVE ( )  GEOMETRIC_REPRESENTATION_ITEM ( )  RATIONAL_B_SPLINE_CURVE ( ( 1.000000000000000000, 0.9986595041175073700, 0.9986595041175073700, 1.000000000000000000 ) ) 
 REPRESENTATION_ITEM ( '' )  );
#2265 = SURFACE_SIDE_STYLE ('',( #8813 ) ) ;
#2266 = VERTEX_POINT ( 'NONE', #10224 ) ;
#2267 = PRESENTATION_STYLE_ASSIGNMENT (( #3698 ) ) ;
#2268 = DIRECTION ( 'NONE',  ( 0.8421872852981130400, -0.5391851040989492600, 0.0000000000000000000 ) ) ;
#2269 = CARTESIAN_POINT ( 'NONE',  ( 0.7985714637068126500, -0.6500229559403849500, 2.024999999999999900 ) ) ;
#2270 = CARTESIAN_POINT ( 'NONE',  ( -0.9878012704375857000, -0.2786339654265001000, 2.025000000000000400 ) ) ;
#2271 =( LENGTH_UNIT ( ) NAMED_UNIT ( * ) SI_UNIT ( .MILLI., .METRE. ) );
#2272 = LINE ( 'NONE', #7868, #6669 ) ;
#2273 = ORIENTED_EDGE ( 'NONE', *, *, #5475, .F. ) ;
#2274 = CARTESIAN_POINT ( 'NONE',  ( -0.4987699980600194300, -0.2823685163575787600, 2.030000000000000700 ) ) ;
#2275 = CARTESIAN_POINT ( 'NONE',  ( 0.7144357277982439400, -0.4303342805624141300, 2.024999999999999900 ) ) ;
#2276 = PLANE ( 'NONE',  #6531 ) ;
#2277 = LINE ( 'NONE', #10376, #4496 ) ;
#2278 = ORIENTED_EDGE ( 'NONE', *, *, #6490, .T. ) ;
#2279 = EDGE_CURVE ( 'NONE', #6759, #6948, #2597, .T. ) ;
#2280 = SURFACE_SIDE_STYLE ('',( #3316 ) ) ;
#2281 = CARTESIAN_POINT ( 'NONE',  ( 0.7928510596645589300, -0.2265292009819694900, 2.025000000000000800 ) ) ;
#2282 = PRESENTATION_LAYER_ASSIGNMENT (  '', '', ( #2854 ) ) ;
#2283 = VECTOR ( 'NONE', #9161, 1000.000000000000000 ) ;
#2284 =( NAMED_UNIT ( * ) SI_UNIT ( $, .STERADIAN. ) SOLID_ANGLE_UNIT ( ) );
#2285 = SURFACE_STYLE_FILL_AREA ( #6594 ) ;
#2286 = SURFACE_STYLE_FILL_AREA ( #6551 ) ;
#2287 = SURFACE_STYLE_USAGE ( .BOTH. , #7232 ) ;
#2288 = EDGE_CURVE ( 'NONE', #6319, #10460, #6715, .T. ) ;
#2290 = ORIENTED_EDGE ( 'NONE', *, *, #9544, .T. ) ;
#2289 = DIRECTION ( 'NONE',  ( 0.0000000000000000000, 1.000000000000000000, 0.0000000000000000000 ) ) ;
#2291 = VERTEX_POINT ( 'NONE', #4506 ) ;
#2292 =( NAMED_UNIT ( * ) SI_UNIT ( $, .STERADIAN. ) SOLID_ANGLE_UNIT ( ) );
#2293 = ORIENTED_EDGE ( 'NONE', *, *, #5902, .T. ) ;
#2294 =( NAMED_UNIT ( * ) PLANE_ANGLE_UNIT ( ) SI_UNIT ( $, .RADIAN. ) );
#2295 = CARTESIAN_POINT ( 'NONE',  ( 0.8391025641025715600, -0.5761426144776857800, 2.030000000000000200 ) ) ;
#2296 = CARTESIAN_POINT ( 'NONE',  ( -1.699999999999999500, -1.465000000000000300, 1.070000000000037600 ) ) ;
#2297 = CIRCLE ( 'NONE', #9632, 0.1000000000000000500 ) ;
#2298 = COLOUR_RGB ( '',0.7294117647058823200, 0.3568627450980392200, 0.02352941176470588200 ) ;
#2299 = CIRCLE ( 'NONE', #912, 0.1000000000000000500 ) ;
#2300 = CARTESIAN_POINT ( 'NONE',  ( -0.6061658688512812100, -0.4235713293790742700, 2.024999999999999900 ) ) ;
#2301 = SURFACE_STYLE_FILL_AREA ( #3896 ) ;
#2302 = CARTESIAN_POINT ( 'NONE',  ( 0.8385453223475750600, -0.5881091878409210300, 2.030000000000000200 ) ) ;
#2303 = ORIENTED_EDGE ( 'NONE', *, *, #868, .T. ) ;
#2304 = ORIENTED_EDGE ( 'NONE', *, *, #9035, .F. ) ;
#2305 = CARTESIAN_POINT ( 'NONE',  ( 1.001282051282059000, -0.7116594414007626500, 2.030000000000000200 ) ) ;
#2306 = ORIENTED_EDGE ( 'NONE', *, *, #7749, .F. ) ;
#2307 = DIRECTION ( 'NONE',  ( -0.05226442768871422700, 0.05226442768871384500, -0.9972646886342373400 ) ) ;
#2308 = FILL_AREA_STYLE_COLOUR ( '', #8942 ) ;
#2309 = CARTESIAN_POINT ( 'NONE',  ( 0.6357121372615154300, -0.3663498997184713200, 2.025000000000000400 ) ) ;
#2310 = CARTESIAN_POINT ( 'NONE',  ( -0.1039816875815977900, -0.6483188444474501400, 2.029999999999999800 ) ) ;
#2311 = CARTESIAN_POINT ( 'NONE',  ( 0.8814102564102639400, -0.2406558356315318400, 2.025000000000000400 ) ) ;
#2312 = PRESENTATION_LAYER_ASSIGNMENT (  '', '', ( #2887 ) ) ;
#2313 = MECHANICAL_DESIGN_GEOMETRIC_PRESENTATION_REPRESENTATION (  '', ( #1214 ), #2888 ) ;
#2314 = VERTEX_POINT ( 'NONE', #7771 ) ;
#2315 = SURFACE_SIDE_STYLE ('',( #8850 ) ) ;
#2316 = CARTESIAN_POINT ( 'NONE',  ( -0.4692139766884796400, -0.6186931125924197700, 2.025000000000000800 ) ) ;
#2317 =( GEOMETRIC_REPRESENTATION_CONTEXT ( 3 ) GLOBAL_UNCERTAINTY_ASSIGNED_CONTEXT ( ( #2817 ) ) GLOBAL_UNIT_ASSIGNED_CONTEXT ( ( #6122, #1172, #6947 ) ) REPRESENTATION_CONTEXT ( 'NONE', 'WORKASPACE' ) );
#2318 = VECTOR ( 'NONE', #3682, 1000.000000000000000 ) ;
#2319 = SURFACE_STYLE_USAGE ( .BOTH. , #7261 ) ;
#2320 = SURFACE_STYLE_USAGE ( .BOTH. , #7263 ) ;
#2321 = VERTEX_POINT ( 'NONE', #1205 ) ;
#2322 = CARTESIAN_POINT ( 'NONE',  ( 0.2638721955128276500, -0.2688609638366601400, 2.030000000000000200 ) ) ;
#2323 = CARTESIAN_POINT ( 'NONE',  ( -1.134742895018266300, -0.3918719596478119600, 2.030000000000000700 ) ) ;
#2324 = CARTESIAN_POINT ( 'NONE',  ( 0.7734750812084875100, -0.6624622929342161000, 2.030000000000000700 ) ) ;
#2325 = DIRECTION ( 'NONE',  ( 0.0000000000000000000, -0.0000000000000000000, 1.000000000000000000 ) ) ;
#2326 = FACE_OUTER_BOUND ( 'NONE', #4676, .T. ) ;
#2327 =( NAMED_UNIT ( * ) PLANE_ANGLE_UNIT ( ) SI_UNIT ( $, .RADIAN. ) );
#2328 = UNCERTAINTY_MEASURE_WITH_UNIT (LENGTH_MEASURE( 1.000000000000000100E-005 ), #4500, 'distance_accuracy_value', 'NONE');
#2329 = CARTESIAN_POINT ( 'NONE',  ( -0.5592425101655242900, -0.2733488069493145700, 2.030000000000001100 ) ) ;
#2330 = CARTESIAN_POINT ( 'NONE',  ( -1.161919070512813700, -0.1616594414007626000, 2.030000000000000200 ) ) ;
#2331 = EDGE_CURVE ( 'NONE', #9332, #10551, #4285, .T. ) ;
#2332 =( NAMED_UNIT ( * ) SI_UNIT ( $, .STERADIAN. ) SOLID_ANGLE_UNIT ( ) );
#2333 = CARTESIAN_POINT ( 'NONE',  ( 1.001282051282059000, -0.1616594414007626000, 2.025000000000000400 ) ) ;
#2334 = ORIENTED_EDGE ( 'NONE', *, *, #3487, .T. ) ;
#2335 = EDGE_LOOP ( 'NONE', ( #7800, #2349, #2852, #10417 ) ) ;
#2336 = COLOUR_RGB ( '',0.7921568627450980000, 0.8196078431372548800, 0.9333333333333333500 ) ;
#2337 =( LENGTH_UNIT ( ) NAMED_UNIT ( * ) SI_UNIT ( .MILLI., .METRE. ) );
#2338 = CARTESIAN_POINT ( 'NONE',  ( 0.8858027493659228500, -0.6059508353195993700, 2.024999999999999900 ) ) ;
#2339 = CARTESIAN_POINT ( 'NONE',  ( -0.3035691422533359200, -0.7256912976820046900, 2.030000000000000200 ) ) ;
#2340 = DIRECTION ( 'NONE',  ( -1.000000000000000000, 0.0000000000000000000, -0.0000000000000000000 ) ) ;
#2341 = VECTOR ( 'NONE', #1487, 1000.000000000000000 ) ;
#2342 = VERTEX_POINT ( 'NONE', #358 ) ;
#2343 = EDGE_CURVE ( 'NONE', #9241, #8546, #6454, .T. ) ;
#2344 = CARTESIAN_POINT ( 'NONE',  ( -1.036783343549889000, -0.2898984176969817700, 2.025000000000000800 ) ) ;
#2345 = CARTESIAN_POINT ( 'NONE',  ( 1.525252652248630000, -1.381885769650371700, 0.1200000000000000000 ) ) ;
#2346 = EDGE_CURVE ( 'NONE', #203, #1166, #7690, .T. ) ;
#2347 = LINE ( 'NONE', #3103, #6481 ) ;
#2348 = DIRECTION ( 'NONE',  ( 0.05226442768871422700, -0.05226442768871384500, -0.9972646886342373400 ) ) ;
#2349 = ORIENTED_EDGE ( 'NONE', *, *, #10324, .F. ) ;
#2350 = CARTESIAN_POINT ( 'NONE',  ( 1.750000000000004900, 1.100000000000000100, 0.2000000000000090300 ) ) ;
#2351 = SURFACE_STYLE_FILL_AREA ( #4487 ) ;
#2352 = CARTESIAN_POINT ( 'NONE',  ( 0.6740645143510850500, -0.4000661752223617600, 2.029999999999999800 ) ) ;
#2353 = MECHANICAL_DESIGN_GEOMETRIC_PRESENTATION_REPRESENTATION (  '', ( #676 ), #2939 ) ;
#2354 = STYLED_ITEM ( 'NONE', ( #4491 ), #6887 ) ;
#2355 = CARTESIAN_POINT ( 'NONE',  ( -0.4775280894507845100, -0.1935395472268684500, 2.024999999999999900 ) ) ;
#2356 = CARTESIAN_POINT ( 'NONE',  ( -1.061928399709753300, -0.3609787791073025300, 2.025000000000000400 ) ) ;
#2357 = DIRECTION ( 'NONE',  ( -0.5390871699424965000, -0.8422499766716470300, 0.0000000000000000000 ) ) ;
#2358 =( LENGTH_UNIT ( ) NAMED_UNIT ( * ) SI_UNIT ( .MILLI., .METRE. ) );
#2359 = CARTESIAN_POINT ( 'NONE',  ( -0.3101462339743520900, -0.6693517490930703800, 2.025000000000000400 ) ) ;
#2360 = EDGE_CURVE ( 'NONE', #504, #1482, #125, .T. ) ;
#2361 = ORIENTED_EDGE ( 'NONE', *, *, #746, .T. ) ;
#2362 = CARTESIAN_POINT ( 'NONE',  ( -0.3997760854170241400, -0.1585975535529898000, 2.025000000000000800 ) ) ;
#2363 = VECTOR ( 'NONE', #2606, 1000.000000000000000 ) ;
#2364 = CARTESIAN_POINT ( 'NONE',  ( -0.3615106277746326600, -0.7225214126199160900, 2.025000000000000800 ) ) ;
#2365 = UNCERTAINTY_MEASURE_WITH_UNIT (LENGTH_MEASURE( 1.000000000000000100E-005 ), #5727, 'distance_accuracy_value', 'NONE');
#2366 = CARTESIAN_POINT ( 'NONE',  ( -1.114615047016032800, -0.3884043337001298900, 2.029999999999999400 ) ) ;
#2367 =( LENGTH_UNIT ( ) NAMED_UNIT ( * ) SI_UNIT ( .MILLI., .METRE. ) );
#2368 = ORIENTED_EDGE ( 'NONE', *, *, #1316, .F. ) ;
#2369 = AXIS2_PLACEMENT_3D ( 'NONE', #7787, #2856, #8612 ) ;
#2370 = CARTESIAN_POINT ( 'NONE',  ( -1.050751201923070300, -0.4149547138366600500, 2.030000000000000200 ) ) ;
#2371 = ORIENTED_EDGE ( 'NONE', *, *, #10583, .F. ) ;
#2372 =( LENGTH_UNIT ( ) NAMED_UNIT ( * ) SI_UNIT ( .MILLI., .METRE. ) );
#2373 = AXIS2_PLACEMENT_3D ( 'NONE', #4035, #9785, #4864 ) ;
#2374 = CARTESIAN_POINT ( 'NONE',  ( 0.7472791878569512400, -0.7254235726343291100, 2.025000000000001200 ) ) ;
#2375 = FILL_AREA_STYLE_COLOUR ( '', #10560 ) ;
#2376 = VECTOR ( 'NONE', #216, 1000.000000000000000 ) ;
#2377 = SURFACE_SIDE_STYLE ('',( #6600 ) ) ;
#2378 = EDGE_CURVE ( 'NONE', #6949, #9535, #4718, .T. ) ;
#2379 = EDGE_LOOP ( 'NONE', ( #3677, #7344, #9725, #3171 ) ) ;
#2380 = DIRECTION ( 'NONE',  ( 0.0000000000000000000, 0.9961946980917458800, 0.08715574274765444700 ) ) ;
#2381 =( LENGTH_UNIT ( ) NAMED_UNIT ( * ) SI_UNIT ( .MILLI., .METRE. ) );
#2382 = CARTESIAN_POINT ( 'NONE',  ( -1.124886494144974300, -0.2191891949174015500, 2.025000000000000400 ) ) ;
#2383 = FILL_AREA_STYLE_COLOUR ( '', #1855 ) ;
#2384 = FACE_OUTER_BOUND ( 'NONE', #2619, .T. ) ;
#2385 = CARTESIAN_POINT ( 'NONE',  ( -1.624872122057803300, -1.381885769650372600, 0.2112844257252344500 ) ) ;
#2386 = VECTOR ( 'NONE', #871, 999.9999999999998900 ) ;
#2387 = UNCERTAINTY_MEASURE_WITH_UNIT (LENGTH_MEASURE( 1.000000000000000100E-005 ), #1106, 'distance_accuracy_value', 'NONE');
#2388 =( GEOMETRIC_REPRESENTATION_CONTEXT ( 3 ) GLOBAL_UNCERTAINTY_ASSIGNED_CONTEXT ( ( #6028 ) ) GLOBAL_UNIT_ASSIGNED_CONTEXT ( ( #9871, #4954, #10707 ) ) REPRESENTATION_CONTEXT ( 'NONE', 'WORKASPACE' ) );
#2389 = AXIS2_PLACEMENT_3D ( 'NONE', #2718, #8471, #3552 ) ;
#2390 = ORIENTED_EDGE ( 'NONE', *, *, #9532, .F. ) ;
#2391 = CARTESIAN_POINT ( 'NONE',  ( -0.07051282051281362900, -0.2625809157597369700, 2.025000000000000400 ) ) ;
#2392 =( NAMED_UNIT ( * ) PLANE_ANGLE_UNIT ( ) SI_UNIT ( $, .RADIAN. ) );
#2393 = CARTESIAN_POINT ( 'NONE',  ( -1.700000000000005100, -1.100000000000000100, 1.070000000000000100 ) ) ;
#2394 = MECHANICAL_DESIGN_GEOMETRIC_PRESENTATION_REPRESENTATION (  '', ( #719 ), #2985 ) ;
#2395 = CARTESIAN_POINT ( 'NONE',  ( -1.036538461538454500, -0.2989390888366600400, 2.030000000000000200 ) ) ;
#2396 = LINE ( 'NONE', #5355, #6527 ) ;
#2397 = DIRECTION ( 'NONE',  ( -0.0000000000000000000, 1.000000000000000000, -1.774471640729141400E-016 ) ) ;
#2398 = CARTESIAN_POINT ( 'NONE',  ( -0.6058152689912417200, -0.4613939472296582100, 2.025000000000000800 ) ) ;
#2399 = ORIENTED_EDGE ( 'NONE', *, *, #2416, .T. ) ;
#2400 = FILL_AREA_STYLE_COLOUR ( '', #7450 ) ;
#2401 = CARTESIAN_POINT ( 'NONE',  ( -0.5331920860941376000, -0.6335170657795308200, 2.025000000000000400 ) ) ;
#2402 = FILL_AREA_STYLE_COLOUR ( '', #4715 ) ;
#2403 =( LENGTH_UNIT ( ) NAMED_UNIT ( * ) SI_UNIT ( .MILLI., .METRE. ) );
#2404 = DIRECTION ( 'NONE',  ( -1.000000000000000000, -3.552334763092437500E-015, 0.0000000000000000000 ) ) ;
#2405 = LINE ( 'NONE', #9095, #8741 ) ;
#2406 = CARTESIAN_POINT ( 'NONE',  ( -0.9475367038803076400, -0.5245592812166879300, 2.030000000000000200 ) ) ;
#2407 = EDGE_LOOP ( 'NONE', ( #5410, #6423, #5548 ) ) ;
#2408 = CARTESIAN_POINT ( 'NONE',  ( 0.6563545857545187700, -0.3084796134510096000, 2.025000000000000800 ) ) ;
#2409 = CARTESIAN_POINT ( 'NONE',  ( 0.8391025641025715600, -0.5761426144776857800, 2.030000000000000200 ) ) ;
#2410 = CARTESIAN_POINT ( 'NONE',  ( -1.699999999999996000, -1.100000000000000300, 1.169999999999999900 ) ) ;
#2411 = LINE ( 'NONE', #1696, #8744 ) ;
#2412 = ORIENTED_EDGE ( 'NONE', *, *, #7309, .F. ) ;
#2413 = EDGE_CURVE ( 'NONE', #9241, #8254, #6647, .T. ) ;
#2414 = DIRECTION ( 'NONE',  ( 0.0000000000000000000, 1.774471640729142400E-016, 1.000000000000000000 ) ) ;
#2415 = ORIENTED_EDGE ( 'NONE', *, *, #4462, .F. ) ;
#2416 = EDGE_CURVE ( 'NONE', #1512, #3701, #304, .T. ) ;
#2417 = PRESENTATION_STYLE_ASSIGNMENT (( #9676 ) ) ;
#2418 = CARTESIAN_POINT ( 'NONE',  ( 0.7293669871794945500, -0.2039671337084549000, 2.025000000000000400 ) ) ;
#2419 = FILL_AREA_STYLE_COLOUR ( '', #4853 ) ;
#2420 = DIRECTION ( 'NONE',  ( -3.552334763092437900E-015, 1.000000000000000000, 0.0000000000000000000 ) ) ;
#2421 = CARTESIAN_POINT ( 'NONE',  ( -1.525252652248638900, 1.290252652248628800, 0.1200000000000000000 ) ) ;
#2422 = SURFACE_STYLE_USAGE ( .BOTH. , #7364 ) ;
#2423 = MECHANICAL_DESIGN_GEOMETRIC_PRESENTATION_REPRESENTATION (  '', ( #755 ), #3007 ) ;
#2424 = ORIENTED_EDGE ( 'NONE', *, *, #8713, .T. ) ;
#2425 = EDGE_LOOP ( 'NONE', ( #6679, #5382, #2828, #5330 ) ) ;
#2426 = CARTESIAN_POINT ( 'NONE',  ( 0.7143935105209086000, -0.6685271473068735700, 2.025000000000000800 ) ) ;
#2427 = ORIENTED_EDGE ( 'NONE', *, *, #7122, .T. ) ;
#2428 = PRESENTATION_STYLE_ASSIGNMENT (( #8494 ) ) ;
#2429 = EDGE_CURVE ( 'NONE', #1196, #7080, #2252, .T. ) ;
#2430 =( NAMED_UNIT ( * ) PLANE_ANGLE_UNIT ( ) SI_UNIT ( $, .RADIAN. ) );
#2431 =( NAMED_UNIT ( * ) PLANE_ANGLE_UNIT ( ) SI_UNIT ( $, .RADIAN. ) );
#2432 = CARTESIAN_POINT ( 'NONE',  ( 1.700000000000001300, -0.3934999999997640400, 1.170000000000000400 ) ) ;
#2433 = LINE ( 'NONE', #3318, #6834 ) ;
#2434 = DIRECTION ( 'NONE',  ( -0.0000000000000000000, -0.0000000000000000000, 1.000000000000000000 ) ) ;
#2435 = SURFACE_SIDE_STYLE ('',( #10411 ) ) ;
#2436 =( GEOMETRIC_REPRESENTATION_CONTEXT ( 3 ) GLOBAL_UNCERTAINTY_ASSIGNED_CONTEXT ( ( #10206 ) ) GLOBAL_UNIT_ASSIGNED_CONTEXT ( ( #3359, #9089, #4185 ) ) REPRESENTATION_CONTEXT ( 'NONE', 'WORKASPACE' ) );
#2437 =( LENGTH_UNIT ( ) NAMED_UNIT ( * ) SI_UNIT ( .MILLI., .METRE. ) );
#2438 = DIRECTION ( 'NONE',  ( 0.9209995595737978700, -0.3895636164541940700, 0.0000000000000000000 ) ) ;
#2439 =( NAMED_UNIT ( * ) PLANE_ANGLE_UNIT ( ) SI_UNIT ( $, .RADIAN. ) );
#2440 = ORIENTED_EDGE ( 'NONE', *, *, #1628, .F. ) ;
#2441 = DIRECTION ( 'NONE',  ( 0.0000000000000000000, -0.0000000000000000000, 1.000000000000000000 ) ) ;
#2442 = MECHANICAL_DESIGN_GEOMETRIC_PRESENTATION_REPRESENTATION (  '', ( #771 ), #3024 ) ;
#2443 = DIRECTION ( 'NONE',  ( 1.000000000000000000, 3.552334763092437900E-015, -0.0000000000000000000 ) ) ;
#2444 = CARTESIAN_POINT ( 'NONE',  ( 0.7095657113928508500, -0.3640006550186232200, 2.024999999999999500 ) ) ;
#2445 = CARTESIAN_POINT ( 'NONE',  ( -1.600380530190821400, -1.465000000000005900, 1.070000000000000100 ) ) ;
#2446 = EDGE_CURVE ( 'NONE', #1267, #3946, #8573, .T. ) ;
#2447 = DIRECTION ( 'NONE',  ( -0.0000000000000000000, -0.0000000000000000000, 1.000000000000000000 ) ) ;
#2448 = PLANE ( 'NONE',  #4066 ) ;
#2449 = CARTESIAN_POINT ( 'NONE',  ( 0.8281572347581371800, -0.5349284176178476000, 2.030000000000000700 ) ) ;
#2450 = SURFACE_STYLE_USAGE ( .BOTH. , #7388 ) ;
#2451 = VERTEX_POINT ( 'NONE', #8142 ) ;
#2452 = ORIENTED_EDGE ( 'NONE', *, *, #9280, .T. ) ;
#2453 = PRESENTATION_LAYER_ASSIGNMENT (  '', '', ( #1346 ) ) ;
#2454 = MECHANICAL_DESIGN_GEOMETRIC_PRESENTATION_REPRESENTATION (  '', ( #783 ), #3033 ) ;
#2455 = AXIS2_PLACEMENT_3D ( 'NONE', #6635, #1690, #7454 ) ;
#2457 = CARTESIAN_POINT ( 'NONE',  ( 0.6831724665952534400, -0.2148493071709146600, 2.029999999999999800 ) ) ;
#2456 =( GEOMETRIC_REPRESENTATION_CONTEXT ( 3 ) GLOBAL_UNCERTAINTY_ASSIGNED_CONTEXT ( ( #6565 ) ) GLOBAL_UNIT_ASSIGNED_CONTEXT ( ( #6569, #1624, #7390 ) ) REPRESENTATION_CONTEXT ( 'NONE', 'WORKASPACE' ) );
#2458 = CARTESIAN_POINT ( 'NONE',  ( -0.07051282051281362900, -0.2625809157597369700, 2.030000000000000200 ) ) ;
#2459 = ORIENTED_EDGE ( 'NONE', *, *, #9048, .F. ) ;
#2460 =( NAMED_UNIT ( * ) SI_UNIT ( $, .STERADIAN. ) SOLID_ANGLE_UNIT ( ) );
#2461 = CARTESIAN_POINT ( 'NONE',  ( 1.050641025641033500, -0.3873004670417882800, 2.025000000000000400 ) ) ;
#2462 = AXIS2_PLACEMENT_3D ( 'NONE', #6534, #1594, #7363 ) ;
#2463 = CARTESIAN_POINT ( 'NONE',  ( 0.4095252403846230100, 0.7800072252659041600, 2.025000000000000400 ) ) ;
#2464 = ORIENTED_EDGE ( 'NONE', *, *, #10292, .T. ) ;
#2465 =( NAMED_UNIT ( * ) PLANE_ANGLE_UNIT ( ) SI_UNIT ( $, .RADIAN. ) );
#2466 = CARTESIAN_POINT ( 'NONE',  ( -1.219871794871788100, -0.2180696978110190400, 2.025000000000000400 ) ) ;
#2467 =( NAMED_UNIT ( * ) PLANE_ANGLE_UNIT ( ) SI_UNIT ( $, .RADIAN. ) );
#2468 = DIRECTION ( 'NONE',  ( -0.4283511191562788800, -0.9036123719369735200, 0.0000000000000000000 ) ) ;
#2469 = CARTESIAN_POINT ( 'NONE',  ( 1.721835522398575100, -0.3933249178877015200, 1.169624535199025300 ) ) ;
#2470 = DIRECTION ( 'NONE',  ( -1.000000000000000000, 0.0000000000000000000, 0.0000000000000000000 ) ) ;
#2471 = DIRECTION ( 'NONE',  ( 0.0000000000000000000, -1.000000000000000000, 0.0000000000000000000 ) ) ;
#2472 = FILL_AREA_STYLE_COLOUR ( '', #1261 ) ;
#2473 = DIRECTION ( 'NONE',  ( 0.0000000000000000000, 1.000000000000000000, 0.0000000000000000000 ) ) ;
#2474 = FILL_AREA_STYLE_COLOUR ( '', #6785 ) ;
#2475 = COLOUR_RGB ( '',1.000000000000000000, 0.7176470588235294200, 0.2470588235294117800 ) ;
#2476 = VERTEX_POINT ( 'NONE', #7312 ) ;
#2477 =( LENGTH_UNIT ( ) NAMED_UNIT ( * ) SI_UNIT ( .MILLI., .METRE. ) );
#2478 = ORIENTED_EDGE ( 'NONE', *, *, #9293, .T. ) ;
#2479 = EDGE_CURVE ( 'NONE', #7082, #9752, #8834, .T. ) ;
#2480 = DIRECTION ( 'NONE',  ( -1.000000000000000000, -3.552334763092437900E-015, 0.0000000000000000000 ) ) ;
#2481 = DIRECTION ( 'NONE',  ( -0.7941277684358846200, -0.6077508431907289200, 0.0000000000000000000 ) ) ;
#2482 = FACE_OUTER_BOUND ( 'NONE', #3853, .T. ) ;
#2483 = CARTESIAN_POINT ( 'NONE',  ( 0.6088191534987770200, -0.2257027323800372100, 2.025000000000000800 ) ) ;
#2484 = CARTESIAN_POINT ( 'NONE',  ( -1.654929309816579200, -1.465000000000006100, 2.030000000000000200 ) ) ;
#2485 = DIRECTION ( 'NONE',  ( -1.000000000000000000, 0.0000000000000000000, 0.0000000000000000000 ) ) ;
#2486 = CARTESIAN_POINT ( 'NONE',  ( -0.5795926120141872100, -0.5640727829289214900, 2.029999999999999800 ) ) ;
#2487 = FACE_OUTER_BOUND ( 'NONE', #10676, .T. ) ;
#2488 = CARTESIAN_POINT ( 'NONE',  ( 0.7994694520176522900, -0.2322743056258126700, 2.029999999999999800 ) ) ;
#2489 = DIRECTION ( 'NONE',  ( -0.0000000000000000000, -0.0000000000000000000, 1.000000000000000000 ) ) ;
#2490 = VERTEX_POINT ( 'NONE', #9794 ) ;
#2491 = DIRECTION ( 'NONE',  ( 0.0000000000000000000, -1.000000000000000000, 0.0000000000000000000 ) ) ;
#2492 = CARTESIAN_POINT ( 'NONE',  ( -1.146484312316148800, -0.1617405897240260000, 2.025000000000000400 ) ) ;
#2493 = CYLINDRICAL_SURFACE ( 'NONE', #9836, 0.1000000000000000300 ) ;
#2494 = EDGE_CURVE ( 'NONE', #1395, #8546, #6132, .T. ) ;
#2495 =( NAMED_UNIT ( * ) SI_UNIT ( $, .STERADIAN. ) SOLID_ANGLE_UNIT ( ) );
#2496 = EDGE_CURVE ( 'NONE', #5122, #9655, #10510, .T. ) ;
#2497 =( GEOMETRIC_REPRESENTATION_CONTEXT ( 3 ) GLOBAL_UNCERTAINTY_ASSIGNED_CONTEXT ( ( #5975 ) ) GLOBAL_UNIT_ASSIGNED_CONTEXT ( ( #2271, #8040, #3124 ) ) REPRESENTATION_CONTEXT ( 'NONE', 'WORKASPACE' ) );
#2498 = FILL_AREA_STYLE ('',( #4963 ) ) ;
#2499 = ORIENTED_EDGE ( 'NONE', *, *, #2331, .T. ) ;
#2500 =( LENGTH_UNIT ( ) NAMED_UNIT ( * ) SI_UNIT ( .MILLI., .METRE. ) );
#2501 = CARTESIAN_POINT ( 'NONE',  ( 0.8061430175274726400, -0.1657443423214070000, 2.030000000000001100 ) ) ;
#2502 = ORIENTED_EDGE ( 'NONE', *, *, #10678, .T. ) ;
#2503 = CARTESIAN_POINT ( 'NONE',  ( 1.750000000000004400, -1.024999999999527000, 0.3050000000000010500 ) ) ;
#2504 = FACE_OUTER_BOUND ( 'NONE', #8774, .T. ) ;
#2505 = SURFACE_SIDE_STYLE ('',( #2546 ) ) ;
#2506 = CARTESIAN_POINT ( 'NONE',  ( -1.700000000000005300, -0.3750000000000003300, 0.5590000000000002700 ) ) ;
#2507 = LINE ( 'NONE', #2040, #6646 ) ;
#2508 = STYLED_ITEM ( 'NONE', ( #4074 ), #7124 ) ;
#2509 = DIRECTION ( 'NONE',  ( -1.000000000000000000, 0.0000000000000000000, 0.0000000000000000000 ) ) ;
#2510 = VECTOR ( 'NONE', #8935, 1000.000000000000000 ) ;
#2511 = CARTESIAN_POINT ( 'NONE',  ( -0.1032631361650642200, -0.2250212065547396400, 2.030000000000000200 ) ) ;
#2512 = B_SPLINE_CURVE_WITH_KNOTS ( 'NONE', 3,
 ( #9698, #7225, #8051, #4786, #10542, #5602, #636, #6432, #1476, #7255, #2316, #8085, #3169, #8911, #3990, #9733, #4821, #10579, #5638 ),
 .UNSPECIFIED., .F., .F.,
 ( 4, 1, 1, 1, 1, 1, 1, 1, 1, 1, 1, 1, 1, 1, 1, 1, 4 ),
 ( 0.0000000000000000000, 0.06432321657984216300, 0.1262901037035559800, 0.1867264692161329800, 0.2461464323353445300, 0.3055756426461384600, 0.3654293856180519400, 0.4263263089482598500, 0.4888399064006412900, 0.5517249718140474500, 0.6139185964661590900, 0.6754837657683963000, 0.7373338970992858700, 0.8002290443945265800, 0.8645022981233229100, 0.9310407391556971800, 1.000000000000000000 ),
 .UNSPECIFIED. ) ;
#2513 = CARTESIAN_POINT ( 'NONE',  ( 0.05288461538462252400, 0.2300072252659039800, 2.025000000000000400 ) ) ;
#2514 = LINE ( 'NONE', #1518, #49 ) ;
#2515 = ORIENTED_EDGE ( 'NONE', *, *, #4816, .T. ) ;
#2516 =( NAMED_UNIT ( * ) PLANE_ANGLE_UNIT ( ) SI_UNIT ( $, .RADIAN. ) );
#2517 = FILL_AREA_STYLE_COLOUR ( '', #7949 ) ;
#2518 = CARTESIAN_POINT ( 'NONE',  ( -1.043269441736850200, -0.2651567121695329600, 2.025000000000000800 ) ) ;
#2519 = VECTOR ( 'NONE', #1086, 1000.000000000000000 ) ;
#2520 = CARTESIAN_POINT ( 'NONE',  ( 0.7202223557692382100, -0.4344559157597369700, 2.030000000000000200 ) ) ;
#2521 = MECHANICAL_DESIGN_GEOMETRIC_PRESENTATION_REPRESENTATION (  '', ( #291 ), #3090 ) ;
#2522 = DIRECTION ( 'NONE',  ( 0.0000000000000000000, 0.0000000000000000000, 1.000000000000000000 ) ) ;
#2523 = STYLED_ITEM ( 'NONE', ( #3012 ), #1963 ) ;
#2524 = MECHANICAL_DESIGN_GEOMETRIC_PRESENTATION_REPRESENTATION (  '', ( #10474 ), #3097 ) ;
#2525 = ORIENTED_EDGE ( 'NONE', *, *, #5545, .F. ) ;
#2526 = MECHANICAL_DESIGN_GEOMETRIC_PRESENTATION_REPRESENTATION (  '', ( #1414 ), #3098 ) ;
#2527 = DIRECTION ( 'NONE',  ( 4.631543261103126300E-015, -0.0000000000000000000, -1.000000000000000000 ) ) ;
#2528 =( NAMED_UNIT ( * ) PLANE_ANGLE_UNIT ( ) SI_UNIT ( $, .RADIAN. ) );
#2529 = CARTESIAN_POINT ( 'NONE',  ( 1.699999999999994600, 1.465000000000006500, 1.169999999999999900 ) ) ;
#2530 =( LENGTH_UNIT ( ) NAMED_UNIT ( * ) SI_UNIT ( .MILLI., .METRE. ) );
#2531 = SPHERICAL_SURFACE ( 'NONE', #7372, 0.1000000000000000100 ) ;
#2532 = FACE_OUTER_BOUND ( 'NONE', #1203, .T. ) ;
#2533 = COLOUR_RGB ( '',1.000000000000000000, 0.7176470588235294200, 0.2470588235294117800 ) ;
#2534 =( NAMED_UNIT ( * ) SI_UNIT ( $, .STERADIAN. ) SOLID_ANGLE_UNIT ( ) );
#2535 = UNCERTAINTY_MEASURE_WITH_UNIT (LENGTH_MEASURE( 1.000000000000000100E-005 ), #3745, 'distance_accuracy_value', 'NONE');
#2536 = ORIENTED_EDGE ( 'NONE', *, *, #6433, .T. ) ;
#2537 = UNCERTAINTY_MEASURE_WITH_UNIT (LENGTH_MEASURE( 1.000000000000000100E-005 ), #5814, 'distance_accuracy_value', 'NONE');
#2538 = DIRECTION ( 'NONE',  ( -0.0000000000000000000, -1.000000000000000000, -0.0000000000000000000 ) ) ;
#2539 = CARTESIAN_POINT ( 'NONE',  ( -0.9918175079939460800, -0.2599462631248585200, 2.024999999999999900 ) ) ;
#2540 = ORIENTED_EDGE ( 'NONE', *, *, #2780, .F. ) ;
#2541 = CARTESIAN_POINT ( 'NONE',  ( 1.311538461538469500, -0.7116594414007626500, 2.025000000000000400 ) ) ;
#2542 = CARTESIAN_POINT ( 'NONE',  ( 1.710000000000000900, 0.3935000000002360500, 1.170000000000000400 ) ) ;
#2543 = CARTESIAN_POINT ( 'NONE',  ( 0.5535256410256486100, 0.5550272573171861600, 2.030000000000000200 ) ) ;
#2544 = MECHANICAL_DESIGN_GEOMETRIC_PRESENTATION_REPRESENTATION (  '', ( #881 ), #3116 ) ;
#2545 = VECTOR ( 'NONE', #4405, 1000.000000000000000 ) ;
#2546 = SURFACE_STYLE_FILL_AREA ( #7442 ) ;
#2547 = CARTESIAN_POINT ( 'NONE',  ( 0.8721979201397713800, -0.2280042779777469700, 2.025000000000000400 ) ) ;
#2548 = ORIENTED_EDGE ( 'NONE', *, *, #2038, .F. ) ;
#2549 = CARTESIAN_POINT ( 'NONE',  ( -0.1798076923076852000, 0.7800072252659040500, 2.025000000000000400 ) ) ;
#2550 = FACE_OUTER_BOUND ( 'NONE', #6435, .T. ) ;
#2551 = PRESENTATION_LAYER_ASSIGNMENT (  '', '', ( #1429 ) ) ;
#2552 = SURFACE_SIDE_STYLE ('',( #8136 ) ) ;
#2553 = DIRECTION ( 'NONE',  ( -0.0000000000000000000, -0.0000000000000000000, 1.000000000000000000 ) ) ;
#2554 = CARTESIAN_POINT ( 'NONE',  ( -0.2816456428736584500, -0.6685640387331420700, 2.030000000000000700 ) ) ;
#2555 = CARTESIAN_POINT ( 'NONE',  ( -1.699999999999999500, -1.465000000000000300, 1.070000000000000100 ) ) ;
#2556 = DIRECTION ( 'NONE',  ( -1.000000000000000000, 4.336808689942015400E-015, 0.0000000000000000000 ) ) ;
#2557 = SURFACE_STYLE_USAGE ( .BOTH. , #7486 ) ;
#2558 =( NAMED_UNIT ( * ) PLANE_ANGLE_UNIT ( ) SI_UNIT ( $, .RADIAN. ) );
#2559 = FACE_OUTER_BOUND ( 'NONE', #8879, .T. ) ;
#2560 = CARTESIAN_POINT ( 'NONE',  ( -1.080486381251979800, -0.2299218337311242400, 2.029999999999999800 ) ) ;
#2561 = FACE_OUTER_BOUND ( 'NONE', #10043, .T. ) ;
#2562 = CARTESIAN_POINT ( 'NONE',  ( -1.045711122687259300, -0.1858787618899325800, 2.030000000000000200 ) ) ;
#2563 = ORIENTED_EDGE ( 'NONE', *, *, #5827, .T. ) ;
#2564 = FILL_AREA_STYLE ('',( #1728 ) ) ;
#2565 = EDGE_LOOP ( 'NONE', ( #9876, #6650, #4523, #8918 ) ) ;
#2566 =( LENGTH_UNIT ( ) NAMED_UNIT ( * ) SI_UNIT ( .MILLI., .METRE. ) );
#2567 = ORIENTED_EDGE ( 'NONE', *, *, #7951, .F. ) ;
#2568 = SURFACE_STYLE_FILL_AREA ( #1484 ) ;
#2569 = CARTESIAN_POINT ( 'NONE',  ( -1.046832787711979400, -0.4707080678582594700, 2.025000000000000800 ) ) ;
#2570 = VECTOR ( 'NONE', #6789, 1000.000000000000000 ) ;
#2571 = PLANE ( 'NONE',  #10689 ) ;
#2572 = CARTESIAN_POINT ( 'NONE',  ( -1.710000000000005100, -0.4750000000000003700, 1.030000000000000000 ) ) ;
#2573 = EDGE_CURVE ( 'NONE', #4212, #1334, #4210, .T. ) ;
#2574 = EDGE_CURVE ( 'NONE', #8276, #8709, #10254, .T. ) ;
#2575 = EDGE_LOOP ( 'NONE', ( #9064, #9022, #1495, #6777, #8621, #9042, #2273, #10362, #7321, #2168, #7492, #112 ) ) ;
#2576 = ORIENTED_EDGE ( 'NONE', *, *, #10233, .T. ) ;
#2577 = CARTESIAN_POINT ( 'NONE',  ( -0.9633080082233649300, -0.6296775359373950600, 2.025000000000000800 ) ) ;
#2578 = PRESENTATION_STYLE_ASSIGNMENT (( #7436 ) ) ;
#2579 = CARTESIAN_POINT ( 'NONE',  ( -1.172494383962810100, -0.3941674746173749500, 2.025000000000000400 ) ) ;
#2580 = CARTESIAN_POINT ( 'NONE',  ( 0.05288461538462252400, 0.2300072252659039800, 2.025000000000000400 ) ) ;
#2581 = ORIENTED_EDGE ( 'NONE', *, *, #8120, .F. ) ;
#2582 = FILL_AREA_STYLE_COLOUR ( '', #7988 ) ;
#2583 = DIRECTION ( 'NONE',  ( 0.0000000000000000000, -0.0000000000000000000, -1.000000000000000000 ) ) ;
#2584 = PRESENTATION_LAYER_ASSIGNMENT (  '', '', ( #2035 ) ) ;
#2585 = UNCERTAINTY_MEASURE_WITH_UNIT (LENGTH_MEASURE( 1.000000000000000100E-005 ), #2403, 'distance_accuracy_value', 'NONE');
#2586 =( GEOMETRIC_REPRESENTATION_CONTEXT ( 3 ) GLOBAL_UNCERTAINTY_ASSIGNED_CONTEXT ( ( #8790 ) ) GLOBAL_UNIT_ASSIGNED_CONTEXT ( ( #4421, #10168, #5249 ) ) REPRESENTATION_CONTEXT ( 'NONE', 'WORKASPACE' ) );
#2587 = CARTESIAN_POINT ( 'NONE',  ( -0.9899196338907594300, -0.4485204513587199800, 2.025000000000000800 ) ) ;
#2588 = COLOUR_RGB ( '',0.7294117647058823200, 0.3568627450980392200, 0.02352941176470588200 ) ;
#2589 = EDGE_CURVE ( 'NONE', #6863, #6979, #5777, .T. ) ;
#2590 = CARTESIAN_POINT ( 'NONE',  ( 1.700000000000000000, 1.100000000000000100, 1.170000000000008400 ) ) ;
#2591 = ORIENTED_EDGE ( 'NONE', *, *, #9917, .F. ) ;
#2592 = DIRECTION ( 'NONE',  ( -0.0000000000000000000, -0.0000000000000000000, 1.000000000000000000 ) ) ;
#2593 = CARTESIAN_POINT ( 'NONE',  ( 0.8884615384615458500, -0.5769138484520447400, 2.030000000000000200 ) ) ;
#2594 = CARTESIAN_POINT ( 'NONE',  ( -0.1203541297961922800, -0.5849876548523533800, 2.024999999999999900 ) ) ;
#2595 = SURFACE_SIDE_STYLE ('',( #10358 ) ) ;
#2596 = CARTESIAN_POINT ( 'NONE',  ( 1.311538461538469500, -0.6552491849905062200, 2.030000000000000200 ) ) ;
#2597 = LINE ( 'NONE', #2844, #2318 ) ;
#2598 = SURFACE_STYLE_USAGE ( .BOTH. , #7523 ) ;
#2599 = SURFACE_SIDE_STYLE ('',( #834 ) ) ;
#2600 = CARTESIAN_POINT ( 'NONE',  ( -1.152884615384608600, -0.2180696978110190400, 2.025000000000000400 ) ) ;
#2601 = AXIS2_PLACEMENT_3D ( 'NONE', #3903, #9649, #4731 ) ;
#2602 = SURFACE_SIDE_STYLE ('',( #3920 ) ) ;
#2603 = ORIENTED_EDGE ( 'NONE', *, *, #3906, .T. ) ;
#2604 = CARTESIAN_POINT ( 'NONE',  ( 0.7615384615384690500, 0.2300072252659040600, 2.025000000000000400 ) ) ;
#2605 = ADVANCED_FACE ( 'NONE', ( #7804 ), #4917, .F. ) ;
#2606 = DIRECTION ( 'NONE',  ( -1.000000000000000000, -0.0000000000000000000, -4.869229399644720500E-015 ) ) ;
#2607 = B_SPLINE_CURVE_WITH_KNOTS ( 'NONE', 3,
 ( #2920, #478, #7097, #2156, #7928, #3005, #8758, #3828, #9573, #4659, #10420 ),
 .UNSPECIFIED., .F., .F.,
 ( 4, 1, 1, 1, 1, 1, 1, 1, 4 ),
 ( 0.0000000000000000000, 0.1305691070873102300, 0.2565806086940826700, 0.3805516168036838800, 0.5036229172007084000, 0.6257393231697876400, 0.7475485819596263700, 0.8717661185648722900, 1.000000000000000000 ),
 .UNSPECIFIED. ) ;
#2608 = EDGE_CURVE ( 'NONE', #2490, #2692, #5603, .T. ) ;
#2609 = PRESENTATION_STYLE_ASSIGNMENT (( #5803 ) ) ;
#2610 =( NAMED_UNIT ( * ) PLANE_ANGLE_UNIT ( ) SI_UNIT ( $, .RADIAN. ) );
#2611 = DIRECTION ( 'NONE',  ( 0.0000000000000000000, -0.0000000000000000000, -1.000000000000000000 ) ) ;
#2612 = CARTESIAN_POINT ( 'NONE',  ( -1.032898190927962400, -0.6941942289692602000, 2.030000000000000200 ) ) ;
#2613 = PRESENTATION_LAYER_ASSIGNMENT (  '', '', ( #1479 ) ) ;
#2614 = CARTESIAN_POINT ( 'NONE',  ( -1.040474883889416900, -0.3258724318426363100, 2.025000000000000400 ) ) ;
#2615 = ORIENTED_EDGE ( 'NONE', *, *, #415, .F. ) ;
#2616 = CARTESIAN_POINT ( 'NONE',  ( 0.7924321512002752100, -0.4923939642355557000, 2.030000000000000200 ) ) ;
#2617 = COLOUR_RGB ( '',0.6862745098039215700, 0.6078431372549019100, 0.5294117647058823600 ) ;
#2618 = VECTOR ( 'NONE', #7114, 1000.000000000000000 ) ;
#2619 = EDGE_LOOP ( 'NONE', ( #8500, #8176, #8299, #1028 ) ) ;
#2620 = ORIENTED_EDGE ( 'NONE', *, *, #4787, .F. ) ;
#2621 = CARTESIAN_POINT ( 'NONE',  ( -0.9942307692307627000, -0.5555396497340959700, 2.025000000000000800 ) ) ;
#2622 = CARTESIAN_POINT ( 'NONE',  ( -1.120492788461531700, -0.7116594414007626500, 2.025000000000000400 ) ) ;
#2623 =( GEOMETRIC_REPRESENTATION_CONTEXT ( 3 ) GLOBAL_UNCERTAINTY_ASSIGNED_CONTEXT ( ( #2328 ) ) GLOBAL_UNIT_ASSIGNED_CONTEXT ( ( #4500, #10250, #5332 ) ) REPRESENTATION_CONTEXT ( 'NONE', 'WORKASPACE' ) );
#2624 = DIRECTION ( 'NONE',  ( 1.000000000000000000, 0.0000000000000000000, 2.168404344971003200E-014 ) ) ;
#2625 = VECTOR ( 'NONE', #2471, 1000.000000000000000 ) ;
#2626 =( LENGTH_UNIT ( ) NAMED_UNIT ( * ) SI_UNIT ( .MILLI., .METRE. ) );
#2627 = LINE ( 'NONE', #4797, #2341 ) ;
#2628 = VERTEX_POINT ( 'NONE', #776 ) ;
#2629 = CARTESIAN_POINT ( 'NONE',  ( -0.2362179487179414900, 0.2300072252659039800, 2.025000000000000400 ) ) ;
#2630 = CARTESIAN_POINT ( 'NONE',  ( 0.6096347568611092400, -0.6720515445097514600, 2.030000000000000200 ) ) ;
#2631 = CARTESIAN_POINT ( 'NONE',  ( -1.153655227668584700, -0.4511979954755135900, 2.030000000000000700 ) ) ;
#2632 = CIRCLE ( 'NONE', #9710, 0.04900000000000000200 ) ;
#2633 = CARTESIAN_POINT ( 'NONE',  ( 1.788151115393912200, -0.3804056239199653000, 1.146757914890359700 ) ) ;
#2634 = CARTESIAN_POINT ( 'NONE',  ( -1.120848518912745500, -0.6546932254302110200, 2.030000000000000700 ) ) ;
#2635 = VERTEX_POINT ( 'NONE', #815 ) ;
#2636 = CARTESIAN_POINT ( 'NONE',  ( -0.1039816875815977900, -0.6483188444474501400, 2.024999999999999900 ) ) ;
#2637 = SURFACE_STYLE_FILL_AREA ( #2129 ) ;
#2638 = DIRECTION ( 'NONE',  ( 0.0000000000000000000, 1.000000000000000000, 0.0000000000000000000 ) ) ;
#2639 = SURFACE_STYLE_FILL_AREA ( #5628 ) ;
#2640 =( NAMED_UNIT ( * ) SI_UNIT ( $, .STERADIAN. ) SOLID_ANGLE_UNIT ( ) );
#2641 = FILL_AREA_STYLE_COLOUR ( '', #10502 ) ;
#2642 = CARTESIAN_POINT ( 'NONE',  ( -1.700000000000005100, 1.100000000000000100, 1.169999999999999900 ) ) ;
#2643 = ORIENTED_EDGE ( 'NONE', *, *, #611, .F. ) ;
#2644 = CARTESIAN_POINT ( 'NONE',  ( 0.6232064307948798100, -0.5987928203894994400, 2.030000000000001100 ) ) ;
#2646 = CARTESIAN_POINT ( 'NONE',  ( -0.6064102564102494800, -0.4334643292212754800, 2.025000000000000400 ) ) ;
#2645 = FILL_AREA_STYLE_COLOUR ( '', #7871 ) ;
#2647 = FACE_OUTER_BOUND ( 'NONE', #347, .T. ) ;
#2648 = FACE_OUTER_BOUND ( 'NONE', #3349, .T. ) ;
#2649 = MECHANICAL_DESIGN_GEOMETRIC_PRESENTATION_REPRESENTATION (  '', ( #976 ), #3200 ) ;
#2650 = COLOUR_RGB ( '',0.7294117647058823200, 0.3568627450980392200, 0.02352941176470588200 ) ;
#2651 = EDGE_LOOP ( 'NONE', ( #8144, #6059, #4921, #2424 ) ) ;
#2652 = CARTESIAN_POINT ( 'NONE',  ( 0.7588942307692383400, -0.3994198580674293000, 2.025000000000000800 ) ) ;
#2653 = CARTESIAN_POINT ( 'NONE',  ( -0.2020502119647081300, -0.6469230961324595700, 2.025000000000000400 ) ) ;
#2654 = EDGE_LOOP ( 'NONE', ( #4809, #1049, #9645, #2202 ) ) ;
#2655 = CARTESIAN_POINT ( 'NONE',  ( -0.9943602328546096200, -0.5468682362297862000, 2.030000000000000700 ) ) ;
#2656 = EDGE_CURVE ( 'NONE', #7082, #6863, #3428, .T. ) ;
#2657 = SURFACE_STYLE_USAGE ( .BOTH. , #7588 ) ;
#2658 = ADVANCED_FACE ( 'NONE', ( #1463 ), #4983, .F. ) ;
#2659 = EDGE_LOOP ( 'NONE', ( #8286, #4555, #6826 ) ) ;
#2660 = CARTESIAN_POINT ( 'NONE',  ( 0.6711427778007076400, -0.2236988037288054900, 2.025000000000000800 ) ) ;
#2661 = COLOUR_RGB ( '',1.000000000000000000, 0.7176470588235294200, 0.2470588235294117800 ) ;
#2662 = CARTESIAN_POINT ( 'NONE',  ( -0.3098157051281981700, -0.7257620055033268100, 2.025000000000000400 ) ) ;
#2663 = CARTESIAN_POINT ( 'NONE',  ( 1.778170112338729500, 0.3844840038447946400, 1.152983101415739700 ) ) ;
#2664 = FACE_OUTER_BOUND ( 'NONE', #2829, .T. ) ;
#2665 = VECTOR ( 'NONE', #2491, 1000.000000000000000 ) ;
#2666 = DIRECTION ( 'NONE',  ( -4.336808689942017700E-017, -1.000000000000000000, -0.0000000000000000000 ) ) ;
#2667 = CARTESIAN_POINT ( 'NONE',  ( -1.066339969267494900, -0.6467454400615997300, 2.024999999999999500 ) ) ;
#2668 = CARTESIAN_POINT ( 'NONE',  ( -0.9948589128223853700, -0.5694529507190273500, 2.030000000000000200 ) ) ;
#2669 = CARTESIAN_POINT ( 'NONE',  ( -0.1883372207197296400, -0.7029132546359737600, 2.029999999999999800 ) ) ;
#2670 = CYLINDRICAL_SURFACE ( 'NONE', #8993, 0.1000000000000000500 ) ;
#2671 = EDGE_CURVE ( 'NONE', #8108, #2321, #6764, .T. ) ;
#2672 = VERTEX_POINT ( 'NONE', #9938 ) ;
#2673 = SURFACE_SIDE_STYLE ('',( #5147 ) ) ;
#2674 = STYLED_ITEM ( 'NONE', ( #2123 ), #10185 ) ;
#2675 =( NAMED_UNIT ( * ) SI_UNIT ( $, .STERADIAN. ) SOLID_ANGLE_UNIT ( ) );
#2676 = CARTESIAN_POINT ( 'NONE',  ( 1.700000000000005100, -1.464999999999994100, 1.070000000000000100 ) ) ;
#2677 = ADVANCED_FACE ( 'NONE', ( #2648 ), #5025, .T. ) ;
#2678 = COLOUR_RGB ( '',0.6862745098039215700, 0.6078431372549019100, 0.5294117647058823600 ) ;
#2679 = PRESENTATION_LAYER_ASSIGNMENT (  '', '', ( #1549 ) ) ;
#2680 = STYLED_ITEM ( 'NONE', ( #2578 ), #1202 ) ;
#2681 =( LENGTH_UNIT ( ) NAMED_UNIT ( * ) SI_UNIT ( .MILLI., .METRE. ) );
#2682 = VERTEX_POINT ( 'NONE', #4241 ) ;
#2683 = CARTESIAN_POINT ( 'NONE',  ( 0.7257036824676754700, -0.6690771609083202600, 2.025000000000000400 ) ) ;
#2684 = UNCERTAINTY_MEASURE_WITH_UNIT (LENGTH_MEASURE( 1.000000000000000100E-005 ), #3660, 'distance_accuracy_value', 'NONE');
#2686 = DIRECTION ( 'NONE',  ( -0.6040849710794069500, 0.7969199129874923200, 0.0000000000000000000 ) ) ;
#2685 = SURFACE_STYLE_USAGE ( .BOTH. , #7615 ) ;
#2687 = CARTESIAN_POINT ( 'NONE',  ( -1.004869864885418000, -0.6771502367297633800, 2.025000000000000400 ) ) ;
#2688 = SURFACE_SIDE_STYLE ('',( #8977 ) ) ;
#2689 = FACE_OUTER_BOUND ( 'NONE', #5968, .T. ) ;
#2690 = CARTESIAN_POINT ( 'NONE',  ( 0.7764220031484521100, -0.4121743614149869800, 2.030000000000000700 ) ) ;
#2691 = CARTESIAN_POINT ( 'NONE',  ( -0.2362179487179414900, 0.2300072252659039800, 2.030000000000000200 ) ) ;
#2692 = VERTEX_POINT ( 'NONE', #933 ) ;
#2694 = CARTESIAN_POINT ( 'NONE',  ( -1.020137554003527100, -0.4912080630992691200, 2.025000000000000400 ) ) ;
#2693 = VECTOR ( 'NONE', #4134, 1000.000000000000000 ) ;
#2695 = SURFACE_STYLE_USAGE ( .BOTH. , #7626 ) ;
#2696 = ORIENTED_EDGE ( 'NONE', *, *, #277, .T. ) ;
#2697 = CARTESIAN_POINT ( 'NONE',  ( 1.650000000000004600, -1.100000000000000100, 0.1000000000000078700 ) ) ;
#2698 = EDGE_LOOP ( 'NONE', ( #3614, #3904, #8363, #3411, #346, #5646 ) ) ;
#2699 = CARTESIAN_POINT ( 'NONE',  ( 0.7445470393610312800, -0.3892441673924446100, 2.025000000000000800 ) ) ;
#2700 = PRESENTATION_LAYER_ASSIGNMENT (  '', '', ( #1566 ) ) ;
#2701 = VECTOR ( 'NONE', #548, 1000.000000000000000 ) ;
#2702 = LINE ( 'NONE', #10489, #7073 ) ;
#2703 = CARTESIAN_POINT ( 'NONE',  ( -0.3446979793629450500, -0.7243206569914856200, 2.025000000000000400 ) ) ;
#2704 = CARTESIAN_POINT ( 'NONE',  ( 1.839166559139744100, 0.2683580943492749300, 1.084000000000000300 ) ) ;
#2705 = EDGE_CURVE ( 'NONE', #2291, #3835, #6000, .T. ) ;
#2706 = VERTEX_POINT ( 'NONE', #1768 ) ;
#2707 = CARTESIAN_POINT ( 'NONE',  ( -1.003917618962809800, -0.5961092314487727000, 2.030000000000001100 ) ) ;
#2708 = ORIENTED_EDGE ( 'NONE', *, *, #4280, .F. ) ;
#2709 = FILL_AREA_STYLE ('',( #1875 ) ) ;
#2710 = ORIENTED_EDGE ( 'NONE', *, *, #2671, .F. ) ;
#2711 = CARTESIAN_POINT ( 'NONE',  ( -0.3035691422533359200, -0.7256912976820046900, 2.025000000000000400 ) ) ;
#2712 = LINE ( 'NONE', #10075, #9006 ) ;
#2713 = CARTESIAN_POINT ( 'NONE',  ( 0.8281572347581371800, -0.5349284176178476000, 2.025000000000000800 ) ) ;
#2714 = FACE_OUTER_BOUND ( 'NONE', #7398, .T. ) ;
#2715 =( LENGTH_UNIT ( ) NAMED_UNIT ( * ) SI_UNIT ( .MILLI., .METRE. ) );
#2716 = SURFACE_STYLE_USAGE ( .BOTH. , #7641 ) ;
#2717 = ADVANCED_FACE ( 'NONE', ( #7929 ), #4962, .T. ) ;
#2718 = CARTESIAN_POINT ( 'NONE',  ( -1.699999999999994600, -1.465000000000006300, 1.169999999999999900 ) ) ;
#2719 = COLOUR_RGB ( '',0.7294117647058823200, 0.3568627450980392200, 0.02352941176470588200 ) ;
#2720 = FILL_AREA_STYLE ('',( #6818 ) ) ;
#2721 =( LENGTH_UNIT ( ) NAMED_UNIT ( * ) SI_UNIT ( .MILLI., .METRE. ) );
#2723 = SURFACE_STYLE_USAGE ( .BOTH. , #7648 ) ;
#2722 = CARTESIAN_POINT ( 'NONE',  ( 0.8823582305546614500, -0.6198785434127925800, 2.029999999999999800 ) ) ;
#2724 = EDGE_LOOP ( 'NONE', ( #3854, #9158, #9409, #41, #10246, #3640 ) ) ;
#2725 = CARTESIAN_POINT ( 'NONE',  ( -0.9942741570552146000, -0.5526335533674419100, 2.030000000000000700 ) ) ;
#2726 = EDGE_CURVE ( 'NONE', #108, #6420, #3040, .T. ) ;
#2727 =( GEOMETRIC_REPRESENTATION_CONTEXT ( 3 ) GLOBAL_UNCERTAINTY_ASSIGNED_CONTEXT ( ( #9786 ) ) GLOBAL_UNIT_ASSIGNED_CONTEXT ( ( #2530, #8294, #3373 ) ) REPRESENTATION_CONTEXT ( 'NONE', 'WORKASPACE' ) );
#2728 = UNCERTAINTY_MEASURE_WITH_UNIT (LENGTH_MEASURE( 1.000000000000000100E-005 ), #5532, 'distance_accuracy_value', 'NONE');
#2729 = CARTESIAN_POINT ( 'NONE',  ( 0.8630382219267762600, -0.4967471507214961100, 2.025000000000000400 ) ) ;
#2730 = ORIENTED_EDGE ( 'NONE', *, *, #8864, .T. ) ;
#2731 = ORIENTED_EDGE ( 'NONE', *, *, #8570, .T. ) ;
#2732 = STYLED_ITEM ( 'NONE', ( #2836 ), #6089 ) ;
#2733 = CARTESIAN_POINT ( 'NONE',  ( 0.6619269546117080300, -0.3902755447491065300, 2.030000000000000200 ) ) ;
#2734 =( GEOMETRIC_REPRESENTATION_CONTEXT ( 3 ) GLOBAL_UNCERTAINTY_ASSIGNED_CONTEXT ( ( #6094 ) ) GLOBAL_UNIT_ASSIGNED_CONTEXT ( ( #7487, #2558, #8318 ) ) REPRESENTATION_CONTEXT ( 'NONE', 'WORKASPACE' ) );
#2735 = SURFACE_SIDE_STYLE ('',( #485 ) ) ;
#2736 = ADVANCED_FACE ( 'NONE', ( #2772 ), #7572, .F. ) ;
#2737 = ADVANCED_FACE ( 'NONE', ( #6363 ), #10056, .T. ) ;
#2738 = LINE ( 'NONE', #6662, #4922 ) ;
#2739 = CARTESIAN_POINT ( 'NONE',  ( 0.6487797257605847400, -0.2765452048783661500, 2.030000000000000200 ) ) ;
#2740 = ORIENTED_EDGE ( 'NONE', *, *, #2926, .F. ) ;
#2741 = CARTESIAN_POINT ( 'NONE',  ( -0.4384139435038375000, -0.7018870027352948100, 2.030000000000001600 ) ) ;
#2742 =( LENGTH_UNIT ( ) NAMED_UNIT ( * ) SI_UNIT ( .MILLI., .METRE. ) );
#2743 = CARTESIAN_POINT ( 'NONE',  ( 0.2679487179487250500, -0.1616594414007626000, 2.030000000000000200 ) ) ;
#2744 = PLANE ( 'NONE',  #1425 ) ;
#2745 = AXIS2_PLACEMENT_3D ( 'NONE', #3754, #2114, #7883 ) ;
#2746 = CARTESIAN_POINT ( 'NONE',  ( 1.750000000000004900, -1.100000000000000100, 0.2000000000000090300 ) ) ;
#2747 = CARTESIAN_POINT ( 'NONE',  ( -0.5738609780545905800, -0.2970524248538044000, 2.029999999999999800 ) ) ;
#2748 = UNCERTAINTY_MEASURE_WITH_UNIT (LENGTH_MEASURE( 1.000000000000000100E-005 ), #3390, 'distance_accuracy_value', 'NONE');
#2749 = ORIENTED_EDGE ( 'NONE', *, *, #9595, .F. ) ;
#2750 = AXIS2_PLACEMENT_3D ( 'NONE', #888, #6663, #1717 ) ;
#2751 = MECHANICAL_DESIGN_GEOMETRIC_PRESENTATION_REPRESENTATION (  '', ( #1070 ), #3286 ) ;
#2752 =( NAMED_UNIT ( * ) PLANE_ANGLE_UNIT ( ) SI_UNIT ( $, .RADIAN. ) );
#2753 =( NAMED_UNIT ( * ) PLANE_ANGLE_UNIT ( ) SI_UNIT ( $, .RADIAN. ) );
#2754 = EDGE_CURVE ( 'NONE', #6731, #6287, #3419, .T. ) ;
#2755 = CARTESIAN_POINT ( 'NONE',  ( -1.152884615384608600, -0.2180696978110190400, 2.025000000000000400 ) ) ;
#2756 = SURFACE_STYLE_USAGE ( .BOTH. , #7682 ) ;
#2758 = FILL_AREA_STYLE ('',( #7684 ) ) ;
#2757 = CARTESIAN_POINT ( 'NONE',  ( 0.8187157369307179700, -0.7010473741604054100, 2.024999999999999500 ) ) ;
#2759 = CARTESIAN_POINT ( 'NONE',  ( -1.046832787711979400, -0.4707080678582594700, 2.030000000000000700 ) ) ;
#2760 = ORIENTED_EDGE ( 'NONE', *, *, #8474, .T. ) ;
#2761 = VERTEX_POINT ( 'NONE', #6024 ) ;
#2762 = PRESENTATION_STYLE_ASSIGNMENT (( #6576 ) ) ;
#2763 = CARTESIAN_POINT ( 'NONE',  ( -0.3041573458003561900, -0.1476326418710490800, 2.025000000000000400 ) ) ;
#2764 = CARTESIAN_POINT ( 'NONE',  ( -1.654929309816589400, -1.419929309816589500, 2.025000000000000400 ) ) ;
#2765 = DIRECTION ( 'NONE',  ( -0.3896399908366979800, -0.9209672510685589200, 0.0000000000000000000 ) ) ;
#2766 = LINE ( 'NONE', #10487, #7129 ) ;
#2767 = CARTESIAN_POINT ( 'NONE',  ( 0.8884615384615458500, -0.5769138484520447400, 2.025000000000000400 ) ) ;
#2768 = ADVANCED_FACE ( 'NONE', ( #7527 ), #237, .F. ) ;
#2769 = ORIENTED_EDGE ( 'NONE', *, *, #2360, .T. ) ;
#2770 = CARTESIAN_POINT ( 'NONE',  ( -0.5262773784525762700, -0.6413513998761882800, 2.025000000000000800 ) ) ;
#2771 = CARTESIAN_POINT ( 'NONE',  ( 0.7544871794871871300, 0.7800072252659041600, 2.030000000000000200 ) ) ;
#2772 = FACE_OUTER_BOUND ( 'NONE', #3093, .T. ) ;
#2773 = CARTESIAN_POINT ( 'NONE',  ( 1.699999999999996400, 0.9499999999999994000, 1.170000000000000400 ) ) ;
#2774 = CARTESIAN_POINT ( 'NONE',  ( 1.001282051282059000, -0.1616594414007626000, 2.025000000000000400 ) ) ;
#2775 = ORIENTED_EDGE ( 'NONE', *, *, #4447, .F. ) ;
#2776 = CARTESIAN_POINT ( 'NONE',  ( -1.750000000000005300, 1.100000000000000100, 0.4589999999999999600 ) ) ;
#2777 = ORIENTED_EDGE ( 'NONE', *, *, #5430, .T. ) ;
#2778 = CARTESIAN_POINT ( 'NONE',  ( 0.6831958600057126400, -0.7189436459212267300, 2.029999999999999800 ) ) ;
#2779 = CARTESIAN_POINT ( 'NONE',  ( -0.8814102564102497300, -0.5283261080674293000, 2.025000000000000400 ) ) ;
#2780 = EDGE_CURVE ( 'NONE', #5857, #8546, #1207, .T. ) ;
#2781 =( NAMED_UNIT ( * ) SI_UNIT ( $, .STERADIAN. ) SOLID_ANGLE_UNIT ( ) );
#2782 = ADVANCED_FACE ( 'NONE', ( #160 ), #6489, .T. ) ;
#2783 = EDGE_CURVE ( 'NONE', #7222, #8916, #8697, .T. ) ;
#2784 = ADVANCED_FACE ( 'NONE', ( #6752 ), #2030, .F. ) ;
#2785 = VECTOR ( 'NONE', #7149, 1000.000000000000000 ) ;
#2786 = ORIENTED_EDGE ( 'NONE', *, *, #8788, .T. ) ;
#2787 = DIRECTION ( 'NONE',  ( 0.0000000000000000000, 1.000000000000000000, 0.0000000000000000000 ) ) ;
#2788 = CARTESIAN_POINT ( 'NONE',  ( -1.107871174029712500, -0.6538301535346435800, 2.030000000000000200 ) ) ;
#2790 = PLANE ( 'NONE',  #10322 ) ;
#2789 = CARTESIAN_POINT ( 'NONE',  ( 0.7367191121812757300, -0.7256479351501948800, 2.030000000000000200 ) ) ;
#2791 = CARTESIAN_POINT ( 'NONE',  ( 0.6487179487179560700, -0.2735985439648651600, 2.025000000000000400 ) ) ;
#2792 = LINE ( 'NONE', #2797, #6913 ) ;
#2793 = MECHANICAL_DESIGN_GEOMETRIC_PRESENTATION_REPRESENTATION (  '', ( #1120 ), #3348 ) ;
#2794 =( GEOMETRIC_REPRESENTATION_CONTEXT ( 3 ) GLOBAL_UNCERTAINTY_ASSIGNED_CONTEXT ( ( #5753 ) ) GLOBAL_UNIT_ASSIGNED_CONTEXT ( ( #103, #5886, #938 ) ) REPRESENTATION_CONTEXT ( 'NONE', 'WORKASPACE' ) );
#2795 = CARTESIAN_POINT ( 'NONE',  ( -0.2038170247513755000, -0.1644842933179192800, 2.030000000000000200 ) ) ;
#2796 =( NAMED_UNIT ( * ) PLANE_ANGLE_UNIT ( ) SI_UNIT ( $, .RADIAN. ) );
#2797 = CARTESIAN_POINT ( 'NONE',  ( -0.4900641025640953800, 0.7800072252659040500, 2.030000000000000200 ) ) ;
#2798 = ORIENTED_EDGE ( 'NONE', *, *, #7746, .F. ) ;
#2799 = EDGE_CURVE ( 'NONE', #4657, #4574, #7921, .T. ) ;
#2800 = CARTESIAN_POINT ( 'NONE',  ( 1.839166559139743300, 1.100000000000000100, 1.084000000000002500 ) ) ;
#2801 = PLANE ( 'NONE',  #1159 ) ;
#2802 = FACE_OUTER_BOUND ( 'NONE', #5472, .T. ) ;
#2803 = CARTESIAN_POINT ( 'NONE',  ( -0.2043664890677570600, -0.7089559895747183900, 2.025000000000000800 ) ) ;
#2804 = LINE ( 'NONE', #2865, #7169 ) ;
#2805 = ORIENTED_EDGE ( 'NONE', *, *, #8234, .T. ) ;
#2806 = VERTEX_POINT ( 'NONE', #371 ) ;
#2807 = CARTESIAN_POINT ( 'NONE',  ( 0.5251001602564178100, 0.5105160393684681200, 2.025000000000000400 ) ) ;
#2808 = STYLED_ITEM ( 'NONE', ( #9403 ), #7736 ) ;
#2809 = DIRECTION ( 'NONE',  ( -0.0000000000000000000, 0.0000000000000000000, 1.000000000000000000 ) ) ;
#2810 = CARTESIAN_POINT ( 'NONE',  ( 0.1642728365384686900, -0.4789671337084549000, 2.025000000000000400 ) ) ;
#2811 =( LENGTH_UNIT ( ) NAMED_UNIT ( * ) SI_UNIT ( .MILLI., .METRE. ) );
#2812 = PLANE ( 'NONE',  #285 ) ;
#2813 = LINE ( 'NONE', #5232, #2545 ) ;
#2814 = EDGE_CURVE ( 'NONE', #928, #10029, #5720, .T. ) ;
#2815 = CARTESIAN_POINT ( 'NONE',  ( 0.6096347568611092400, -0.6720515445097514600, 2.025000000000000400 ) ) ;
#2816 = VERTEX_POINT ( 'NONE', #4524 ) ;
#2817 = UNCERTAINTY_MEASURE_WITH_UNIT (LENGTH_MEASURE( 1.000000000000000100E-005 ), #6122, 'distance_accuracy_value', 'NONE');
#2818 = SURFACE_SIDE_STYLE ('',( #3758 ) ) ;
#2819 = ADVANCED_FACE ( 'NONE', ( #3548 ), #3270, .F. ) ;
#2820 = SURFACE_SIDE_STYLE ('',( #8845 ) ) ;
#2821 = PRESENTATION_STYLE_ASSIGNMENT (( #3948 ) ) ;
#2822 = MECHANICAL_DESIGN_GEOMETRIC_PRESENTATION_REPRESENTATION (  '', ( #1701 ), #3377 ) ;
#2824 = DIRECTION ( 'NONE',  ( 0.0000000000000000000, -1.000000000000000000, 0.0000000000000000000 ) ) ;
#2823 =( LENGTH_UNIT ( ) NAMED_UNIT ( * ) SI_UNIT ( .MILLI., .METRE. ) );
#2825 = PRESENTATION_LAYER_ASSIGNMENT (  '', '', ( #1702 ) ) ;
#2826 = CARTESIAN_POINT ( 'NONE',  ( -0.4788863917781011600, -0.6803600646339010800, 2.030000000000000200 ) ) ;
#2827 = LINE ( 'NONE', #6315, #9114 ) ;
#2828 = ORIENTED_EDGE ( 'NONE', *, *, #8015, .T. ) ;
#2829 = EDGE_LOOP ( 'NONE', ( #8599, #3793, #721, #4113 ) ) ;
#2830 = ORIENTED_EDGE ( 'NONE', *, *, #10511, .T. ) ;
#2831 = ORIENTED_EDGE ( 'NONE', *, *, #4926, .F. ) ;
#2832 = CARTESIAN_POINT ( 'NONE',  ( -0.1032631361650642200, -0.2250212065547396400, 2.025000000000000400 ) ) ;
#2833 = SURFACE_SIDE_STYLE ('',( #7090 ) ) ;
#2834 = CARTESIAN_POINT ( 'NONE',  ( 0.6662751399741135800, -0.6464851754181225600, 2.030000000000001100 ) ) ;
#2835 = PLANE ( 'NONE',  #4291 ) ;
#2836 = PRESENTATION_STYLE_ASSIGNMENT (( #2598 ) ) ;
#2837 = DIRECTION ( 'NONE',  ( -0.0000000000000000000, -0.0000000000000000000, 1.000000000000000000 ) ) ;
#2838 = ADVANCED_FACE ( 'NONE', ( #9835 ), #6222, .T. ) ;
#2839 = ORIENTED_EDGE ( 'NONE', *, *, #3131, .F. ) ;
#2840 = ORIENTED_EDGE ( 'NONE', *, *, #5954, .T. ) ;
#2841 = LINE ( 'NONE', #4149, #6957 ) ;
#2842 = DIRECTION ( 'NONE',  ( -1.000000000000000000, 0.0000000000000000000, -4.754114276428528800E-015 ) ) ;
#2843 = ORIENTED_EDGE ( 'NONE', *, *, #2726, .T. ) ;
#2844 = CARTESIAN_POINT ( 'NONE',  ( 0.5641025641025715400, -0.6055596817853780000, 2.030000000000000200 ) ) ;
#2845 = FILL_AREA_STYLE_COLOUR ( '', #8803 ) ;
#2846 = DIRECTION ( 'NONE',  ( 0.0000000000000000000, -0.0000000000000000000, 1.000000000000000000 ) ) ;
#2848 = FILL_AREA_STYLE_COLOUR ( '', #2336 ) ;
#2847 = FACE_OUTER_BOUND ( 'NONE', #5538, .T. ) ;
#2849 = CARTESIAN_POINT ( 'NONE',  ( -1.152884615384608600, -0.2180696978110190400, 2.025000000000000400 ) ) ;
#2850 = CARTESIAN_POINT ( 'NONE',  ( 0.5641025641025715400, -0.6055596817853780000, 2.030000000000000200 ) ) ;
#2851 = FACE_OUTER_BOUND ( 'NONE', #1448, .T. ) ;
#2852 = ORIENTED_EDGE ( 'NONE', *, *, #1664, .F. ) ;
#2853 = CARTESIAN_POINT ( 'NONE',  ( -0.3623208984604377500, -0.2081673224210943400, 2.025000000000000400 ) ) ;
#2854 = STYLED_ITEM ( 'NONE', ( #9402 ), #5178 ) ;
#2855 = UNCERTAINTY_MEASURE_WITH_UNIT (LENGTH_MEASURE( 1.000000000000000100E-005 ), #2477, 'distance_accuracy_value', 'NONE');
#2856 = DIRECTION ( 'NONE',  ( -1.000000000000000000, -3.552334763092437900E-015, 0.0000000000000000000 ) ) ;
#2857 = LINE ( 'NONE', #1140, #5057 ) ;
#2858 = FILL_AREA_STYLE ('',( #6926 ) ) ;
#2860 = DIRECTION ( 'NONE',  ( 0.9079872537420918800, 0.4189977888269748000, 0.0000000000000000000 ) ) ;
#2859 =( NAMED_UNIT ( * ) PLANE_ANGLE_UNIT ( ) SI_UNIT ( $, .RADIAN. ) );
#2861 = CARTESIAN_POINT ( 'NONE',  ( 1.001282051282059000, -0.1616594414007626000, 2.030000000000000200 ) ) ;
#2862 = CARTESIAN_POINT ( 'NONE',  ( -0.5529989500335048500, -0.4846783895031238100, 2.025000000000001200 ) ) ;
#2863 = EDGE_CURVE ( 'NONE', #9199, #4446, #4701, .T. ) ;
#2864 = ORIENTED_EDGE ( 'NONE', *, *, #9217, .T. ) ;
#2865 = CARTESIAN_POINT ( 'NONE',  ( 0.7313501602564177500, -0.6693517490930703800, 2.025000000000000400 ) ) ;
#2866 = ORIENTED_EDGE ( 'NONE', *, *, #4571, .T. ) ;
#2867 = CARTESIAN_POINT ( 'NONE',  ( 1.699999999999998600, 0.3935000000002359900, 1.170000000000000400 ) ) ;
#2868 = DIRECTION ( 'NONE',  ( -0.0000000000000000000, 1.000000000000000000, -2.282530889443167000E-016 ) ) ;
#2869 = CARTESIAN_POINT ( 'NONE',  ( 1.849999999999996300, 0.9499999999999998400, 0.3800000000000005600 ) ) ;
#2870 = SURFACE_STYLE_USAGE ( .BOTH. , #4790 ) ;
#2871 = ADVANCED_FACE ( 'NONE', ( #2487 ), #7930, .F. ) ;
#2872 = CARTESIAN_POINT ( 'NONE',  ( -0.9814045054733224700, -0.6549693008030437200, 2.030000000000000200 ) ) ;
#2873 = UNCERTAINTY_MEASURE_WITH_UNIT (LENGTH_MEASURE( 1.000000000000000100E-005 ), #714, 'distance_accuracy_value', 'NONE');
#2874 = UNCERTAINTY_MEASURE_WITH_UNIT (LENGTH_MEASURE( 1.000000000000000100E-005 ), #9967, 'distance_accuracy_value', 'NONE');
#2875 = DIRECTION ( 'NONE',  ( -0.0000000000000000000, -0.0000000000000000000, 1.000000000000000000 ) ) ;
#2876 = ORIENTED_EDGE ( 'NONE', *, *, #8921, .F. ) ;
#2877 = LINE ( 'NONE', #3818, #9173 ) ;
#2878 = VERTEX_POINT ( 'NONE', #9477 ) ;
#2879 = CARTESIAN_POINT ( 'NONE',  ( -0.5568529962046615500, -0.4453395302274458200, 2.030000000000000200 ) ) ;
#2880 = ORIENTED_EDGE ( 'NONE', *, *, #5290, .F. ) ;
#2881 = FILL_AREA_STYLE_COLOUR ( '', #2617 ) ;
#2882 = STYLED_ITEM ( 'NONE', ( #9071 ), #10129 ) ;
#2883 = PLANE ( 'NONE',  #7292 ) ;
#2884 = CARTESIAN_POINT ( 'NONE',  ( -0.1327496075734215200, -0.2744254185133680500, 2.030000000000000200 ) ) ;
#2885 =( LENGTH_UNIT ( ) NAMED_UNIT ( * ) SI_UNIT ( .MILLI., .METRE. ) );
#2886 = VECTOR ( 'NONE', #5837, 1000.000000000000000 ) ;
#2887 = STYLED_ITEM ( 'NONE', ( #1941 ), #3589 ) ;
#2888 =( GEOMETRIC_REPRESENTATION_CONTEXT ( 3 ) GLOBAL_UNCERTAINTY_ASSIGNED_CONTEXT ( ( #2873 ) ) GLOBAL_UNIT_ASSIGNED_CONTEXT ( ( #714, #6501, #1560 ) ) REPRESENTATION_CONTEXT ( 'NONE', 'WORKASPACE' ) );
#2889 = CARTESIAN_POINT ( 'NONE',  ( -1.043269441736850200, -0.2651567121695329600, 2.030000000000000700 ) ) ;
#2890 = ORIENTED_EDGE ( 'NONE', *, *, #6431, .T. ) ;
#2891 = CARTESIAN_POINT ( 'NONE',  ( -0.4512629503766068000, -0.2430866496872780600, 2.030000000000001100 ) ) ;
#2892 = LINE ( 'NONE', #1517, #10609 ) ;
#2893 = DIRECTION ( 'NONE',  ( 0.0000000000000000000, 0.0000000000000000000, 1.000000000000000000 ) ) ;
#2894 = CARTESIAN_POINT ( 'NONE',  ( -1.102184105308526600, -0.4542996155396214500, 2.030000000000001100 ) ) ;
#2895 = VERTEX_POINT ( 'NONE', #9575 ) ;
#2896 = PLANE ( 'NONE',  #5240 ) ;
#2898 = FILL_AREA_STYLE_COLOUR ( '', #3066 ) ;
#2897 = SURFACE_SIDE_STYLE ('',( #3101 ) ) ;
#2899 = COLOUR_RGB ( '',0.7294117647058823200, 0.3568627450980392200, 0.02352941176470588200 ) ;
#2900 = CARTESIAN_POINT ( 'NONE',  ( -1.850000000000005200, 1.100000000000000100, 1.030000000000000000 ) ) ;
#2901 = CARTESIAN_POINT ( 'NONE',  ( -0.4871920334867886900, -0.6032123843312905400, 2.030000000000001600 ) ) ;
#2902 = SURFACE_SIDE_STYLE ('',( #845 ) ) ;
#2903 = STYLED_ITEM ( 'NONE', ( #2762 ), #5099 ) ;
#2904 = CARTESIAN_POINT ( 'NONE',  ( 1.750000000000004000, 1.024999999999998800, 0.3800000000000005600 ) ) ;
#2905 = B_SPLINE_SURFACE_WITH_KNOTS ( 'NONE', 3, 1, ( 
 ( #7499, #973 ),
 ( #6740, #1817 ),
 ( #7577, #2644 ),
 ( #8401, #3481 ),
 ( #9219, #4308 ),
 ( #10062, #5141 ),
 ( #168, #5960 ),
 ( #1010, #6779 ),
 ( #1850, #7614 ),
 ( #2683, #8433 ),
 ( #3520, #9264 ) ),
 .UNSPECIFIED., .F., .F., .F.,
 ( 4, 1, 1, 1, 1, 1, 1, 1, 4 ),
 ( 2, 2 ),
 ( 0.0000000000000000000, 0.1590042985173776600, 0.3046460998968138500, 0.4385469045795917200, 0.5623222987759274300, 0.6774325425257306000, 0.7868973929387541600, 0.8936108891042670000, 1.000000000000000000 ),
 ( 0.0000000000000000000, 1.000000000000000000 ),
 .UNSPECIFIED. ) ;
#2906 = ORIENTED_EDGE ( 'NONE', *, *, #8520, .T. ) ;
#2907 = CARTESIAN_POINT ( 'NONE',  ( 0.6942592114860706200, -0.3524679267833281100, 2.029999999999999800 ) ) ;
#2908 = CARTESIAN_POINT ( 'NONE',  ( 1.850000000000003600, -1.024999999999526100, 0.3800000000000005600 ) ) ;
#2909 = STYLED_ITEM ( 'NONE', ( #9497 ), #9511 ) ;
#2910 = DIRECTION ( 'NONE',  ( 0.0000000000000000000, -0.0000000000000000000, -1.000000000000000000 ) ) ;
#2911 = VECTOR ( 'NONE', #2447, 1000.000000000000000 ) ;
#2912 = FILL_AREA_STYLE ('',( #10291 ) ) ;
#2913 = EDGE_CURVE ( 'NONE', #1166, #7878, #9925, .T. ) ;
#2914 = CARTESIAN_POINT ( 'NONE',  ( 0.6817238549425032000, -0.3414757130172417800, 2.025000000000000800 ) ) ;
#2915 = LINE ( 'NONE', #793, #5110 ) ;
#2916 = EDGE_LOOP ( 'NONE', ( #5092, #6840, #7029, #8953 ) ) ;
#2917 = CARTESIAN_POINT ( 'NONE',  ( -0.4871920334867886900, -0.6032123843312905400, 2.030000000000001100 ) ) ;
#2918 = VERTEX_POINT ( 'NONE', #6299 ) ;
#2919 = CIRCLE ( 'NONE', #4198, 0.1000000000000000500 ) ;
#2920 = CARTESIAN_POINT ( 'NONE',  ( -0.9871794871794802300, -0.2979475022981985000, 2.025000000000000400 ) ) ;
#2921 = PLANE ( 'NONE',  #10282 ) ;
#2922 = CARTESIAN_POINT ( 'NONE',  ( 0.7808187354284418200, -0.4815418267149457800, 2.025000000000000800 ) ) ;
#2923 = FACE_OUTER_BOUND ( 'NONE', #7136, .T. ) ;
#2924 = ORIENTED_EDGE ( 'NONE', *, *, #10452, .T. ) ;
#2925 = CARTESIAN_POINT ( 'NONE',  ( -1.152884615384608600, -0.2180696978110190400, 2.030000000000000200 ) ) ;
#2926 = EDGE_CURVE ( 'NONE', #2291, #3824, #6622, .T. ) ;
#2927 = CARTESIAN_POINT ( 'NONE',  ( -0.5259069581667897800, -0.3189089327763148200, 2.025000000000000400 ) ) ;
#2928 = ADVANCED_FACE ( 'NONE', ( #9051 ), #7158, .T. ) ;
#2929 = EDGE_CURVE ( 'NONE', #10303, #5925, #1442, .T. ) ;
#2930 = PRESENTATION_STYLE_ASSIGNMENT (( #5750 ) ) ;
#2931 = LINE ( 'NONE', #10680, #2665 ) ;
#2932 = CARTESIAN_POINT ( 'NONE',  ( -0.9871794871794802300, -0.2979475022981985000, 2.030000000000000200 ) ) ;
#2933 = CARTESIAN_POINT ( 'NONE',  ( -1.187149439102557200, -0.4507620055033266800, 2.025000000000000400 ) ) ;
#2934 = DIRECTION ( 'NONE',  ( 0.0000000000000000000, -0.0000000000000000000, -1.000000000000000000 ) ) ;
#2935 = CARTESIAN_POINT ( 'NONE',  ( -0.07051282051281362900, -0.6104074381956343700, 2.030000000000000200 ) ) ;
#2936 = ORIENTED_EDGE ( 'NONE', *, *, #10678, .F. ) ;
#2937 = CARTESIAN_POINT ( 'NONE',  ( -0.3359848459367795200, -0.6688695249372604800, 2.025000000000000400 ) ) ;
#2938 = LINE ( 'NONE', #1041, #4089 ) ;
#2939 =( GEOMETRIC_REPRESENTATION_CONTEXT ( 3 ) GLOBAL_UNCERTAINTY_ASSIGNED_CONTEXT ( ( #2365 ) ) GLOBAL_UNIT_ASSIGNED_CONTEXT ( ( #5727, #767, #6552 ) ) REPRESENTATION_CONTEXT ( 'NONE', 'WORKASPACE' ) );
#2940 = AXIS2_PLACEMENT_3D ( 'NONE', #1262, #7026, #2099 ) ;
#2941 = B_SPLINE_CURVE_WITH_KNOTS ( 'NONE', 3,
 ( #8496, #2739, #4401, #10152, #5229, #256, #6050, #1098, #6870, #1949, #7702 ),
 .UNSPECIFIED., .F., .F.,
 ( 4, 1, 1, 1, 1, 1, 1, 1, 4 ),
 ( 0.0000000000000000000, 0.1072852142689558900, 0.2147458609696396800, 0.3229385595552862200, 0.4341161625174656000, 0.5534123109627942000, 0.6860729848107299800, 0.8342559920595835600, 1.000000000000000000 ),
 .UNSPECIFIED. ) ;
#2942 = PRESENTATION_STYLE_ASSIGNMENT (( #5443 ) ) ;
#2943 = CARTESIAN_POINT ( 'NONE',  ( 0.7000000000000002900, 1.250000000000000000, 0.1200000000000000000 ) ) ;
#2944 = CARTESIAN_POINT ( 'NONE',  ( 0.8310803175205825300, -0.6919128073575887500, 2.030000000000000700 ) ) ;
#2945 = B_SPLINE_CURVE_WITH_KNOTS ( 'NONE', 3,
 ( #8056, #7713, #1471, #7249, #2310, #8076, #3160, #8907, #3976, #9728, #4814, #10572, #5629, #664, #6458, #1505, #7282, #2339, #8118 ),
 .UNSPECIFIED., .F., .F.,
 ( 4, 1, 1, 1, 1, 1, 1, 1, 1, 1, 1, 1, 1, 1, 1, 1, 4 ),
 ( 0.0000000000000000000, 0.06167423887742595100, 0.1230530616348056700, 0.1834750007317019800, 0.2437265005106115700, 0.3042789165122538100, 0.3648629209606827400, 0.4259462039686193700, 0.4873912299654077900, 0.5492203840754763500, 0.6111435886926029900, 0.6735285303101519200, 0.7369614566573039500, 0.8007852828728403400, 0.8660125956416149200, 0.9321007477905786100, 1.000000000000000000 ),
 .UNSPECIFIED. ) ;
#2946 = ORIENTED_EDGE ( 'NONE', *, *, #2190, .T. ) ;
#2947 = CARTESIAN_POINT ( 'NONE',  ( 0.05387620192308401800, -0.7116594414007626500, 2.025000000000000400 ) ) ;
#2948 = VECTOR ( 'NONE', #3632, 1000.000000000000000 ) ;
#2949 = DIRECTION ( 'NONE',  ( 0.0000000000000000000, 0.9961946980917457700, -0.08715574274765525200 ) ) ;
#2950 = CARTESIAN_POINT ( 'NONE',  ( -1.107871174029712500, -0.6538301535346435800, 2.025000000000000400 ) ) ;
#2951 = CARTESIAN_POINT ( 'NONE',  ( 0.5999699032105777500, -0.2585797284408419800, 2.030000000000001100 ) ) ;
#2952 = CARTESIAN_POINT ( 'NONE',  ( -0.9942307692307624800, -0.5555396497340959700, 2.025000000000000400 ) ) ;
#2953 = STYLED_ITEM ( 'NONE', ( #10606 ), #1812 ) ;
#2954 = VECTOR ( 'NONE', #5135, 1000.000000000000000 ) ;
#2955 = SURFACE_STYLE_FILL_AREA ( #1485 ) ;
#2956 = PRESENTATION_LAYER_ASSIGNMENT (  '', '', ( #3510 ) ) ;
#2957 = ORIENTED_EDGE ( 'NONE', *, *, #4682, .F. ) ;
#2958 = STYLED_ITEM ( 'NONE', ( #4249 ), #7896 ) ;
#2959 = VECTOR ( 'NONE', #9834, 1000.000000000000000 ) ;
#2960 = VERTEX_POINT ( 'NONE', #6365 ) ;
#2961 = CARTESIAN_POINT ( 'NONE',  ( 0.8782881267306712500, -0.2363681280963132500, 2.030000000000000200 ) ) ;
#2962 = VERTEX_POINT ( 'NONE', #1423 ) ;
#2963 = CARTESIAN_POINT ( 'NONE',  ( 1.849999999999999000, 0.2597482130602052400, 1.084000000000001200 ) ) ;
#2964 = DIRECTION ( 'NONE',  ( -1.000000000000000000, 0.0000000000000000000, 0.0000000000000000000 ) ) ;
#2965 = FACE_OUTER_BOUND ( 'NONE', #7604, .T. ) ;
#2966 = EDGE_CURVE ( 'NONE', #6420, #5930, #5588, .T. ) ;
#2967 = PRESENTATION_STYLE_ASSIGNMENT (( #5367 ) ) ;
#2968 = LINE ( 'NONE', #6337, #2701 ) ;
#2969 = PRESENTATION_STYLE_ASSIGNMENT (( #2450 ) ) ;
#2970 = DIRECTION ( 'NONE',  ( 1.000000000000000000, 0.0000000000000000000, 0.0000000000000000000 ) ) ;
#2971 = CARTESIAN_POINT ( 'NONE',  ( -0.6698717948717882700, -0.4719158516571728700, 2.030000000000000200 ) ) ;
#2972 = CARTESIAN_POINT ( 'NONE',  ( -0.5552139686628370100, -0.4052749110190317400, 2.030000000000000200 ) ) ;
#2973 = PRESENTATION_STYLE_ASSIGNMENT (( #2870 ) ) ;
#2974 = ORIENTED_EDGE ( 'NONE', *, *, #1386, .T. ) ;
#2975 = EDGE_LOOP ( 'NONE', ( #5965, #3866, #2731, #226 ) ) ;
#2976 = CARTESIAN_POINT ( 'NONE',  ( -1.022946849513033800, -0.3935370411495291400, 2.025000000000000800 ) ) ;
#2977 = ORIENTED_EDGE ( 'NONE', *, *, #1829, .F. ) ;
#2978 = DIRECTION ( 'NONE',  ( 0.0000000000000000000, -0.0000000000000000000, 1.000000000000000000 ) ) ;
#2979 = SURFACE_STYLE_USAGE ( .BOTH. , #7900 ) ;
#2980 = COLOUR_RGB ( '',0.6862745098039215700, 0.6078431372549019100, 0.5294117647058823600 ) ;
#2982 = CARTESIAN_POINT ( 'NONE',  ( -0.5366686698717879600, -0.6295781112725574700, 2.030000000000000200 ) ) ;
#2981 = CARTESIAN_POINT ( 'NONE',  ( 0.5995640786293683400, -0.2700932813134887500, 2.025000000000000800 ) ) ;
#2983 = PRESENTATION_LAYER_ASSIGNMENT (  '', '', ( #1858 ) ) ;
#2984 = CARTESIAN_POINT ( 'NONE',  ( 1.658827693562528300, -1.464999999999996300, 1.070000000000000100 ) ) ;
#2985 =( GEOMETRIC_REPRESENTATION_CONTEXT ( 3 ) GLOBAL_UNCERTAINTY_ASSIGNED_CONTEXT ( ( #6494 ) ) GLOBAL_UNIT_ASSIGNED_CONTEXT ( ( #10133, #5207, #239 ) ) REPRESENTATION_CONTEXT ( 'NONE', 'WORKASPACE' ) );
#2986 = PLANE ( 'NONE',  #4746 ) ;
#2987 = FILL_AREA_STYLE_COLOUR ( '', #1669 ) ;
#2988 = COLOUR_RGB ( '',0.6862745098039215700, 0.6078431372549019100, 0.5294117647058823600 ) ;
#2989 =( LENGTH_UNIT ( ) NAMED_UNIT ( * ) SI_UNIT ( .MILLI., .METRE. ) );
#2990 = ORIENTED_EDGE ( 'NONE', *, *, #4177, .T. ) ;
#2991 = CARTESIAN_POINT ( 'NONE',  ( -0.2054738230489545100, -0.2251256603467171300, 2.024999999999999900 ) ) ;
#2992 = CARTESIAN_POINT ( 'NONE',  ( -0.9944405719339757300, -0.5601867530337055800, 2.024999999999999900 ) ) ;
#2993 = CARTESIAN_POINT ( 'NONE',  ( -1.710000000000005100, -1.100000000000000100, 1.169999999999999900 ) ) ;
#2994 = ADVANCED_FACE ( 'NONE', ( #1195 ), #400, .T. ) ;
#2995 = ORIENTED_EDGE ( 'NONE', *, *, #9037, .T. ) ;
#2996 = ORIENTED_EDGE ( 'NONE', *, *, #4784, .F. ) ;
#2997 = EDGE_CURVE ( 'NONE', #760, #6927, #4818, .T. ) ;
#2998 = DIRECTION ( 'NONE',  ( -1.000000000000000000, 0.0000000000000000000, -0.0000000000000000000 ) ) ;
#2999 = CARTESIAN_POINT ( 'NONE',  ( 0.7598065122809641900, -0.6663927703349032900, 2.025000000000000800 ) ) ;
#3000 = EDGE_CURVE ( 'NONE', #1162, #10622, #9185, .T. ) ;
#3001 = FILL_AREA_STYLE ('',( #2149 ) ) ;
#3002 = UNCERTAINTY_MEASURE_WITH_UNIT (LENGTH_MEASURE( 1.000000000000000100E-005 ), #9660, 'distance_accuracy_value', 'NONE');
#3003 = SURFACE_SIDE_STYLE ('',( #857 ) ) ;
#3004 = DIRECTION ( 'NONE',  ( 0.0000000000000000000, -0.0000000000000000000, -1.000000000000000000 ) ) ;
#3005 = CARTESIAN_POINT ( 'NONE',  ( -1.002995942891673700, -0.3657509029909917800, 2.025000000000000800 ) ) ;
#3006 = STYLED_ITEM ( 'NONE', ( #466 ), #5320 ) ;
#3007 =( GEOMETRIC_REPRESENTATION_CONTEXT ( 3 ) GLOBAL_UNCERTAINTY_ASSIGNED_CONTEXT ( ( #8457 ) ) GLOBAL_UNIT_ASSIGNED_CONTEXT ( ( #9496, #4570, #10330 ) ) REPRESENTATION_CONTEXT ( 'NONE', 'WORKASPACE' ) );
#3008 = CARTESIAN_POINT ( 'NONE',  ( 0.6947638186110762800, -0.7221138569176034400, 2.025000000000000800 ) ) ;
#3009 = CARTESIAN_POINT ( 'NONE',  ( 1.001282051282059000, -0.7116594414007626500, 2.025000000000000400 ) ) ;
#3010 = CARTESIAN_POINT ( 'NONE',  ( 0.6375131587358534600, -0.1840740492722578400, 2.029999999999998000 ) ) ;
#3011 = ORIENTED_EDGE ( 'NONE', *, *, #531, .T. ) ;
#3012 = PRESENTATION_STYLE_ASSIGNMENT (( #9729 ) ) ;
#3013 = EDGE_CURVE ( 'NONE', #9979, #1000, #2627, .T. ) ;
#3014 = STYLED_ITEM ( 'NONE', ( #1251 ), #353 ) ;
#3015 = CARTESIAN_POINT ( 'NONE',  ( 0.8193810096153920600, -0.5221562362725574700, 2.025000000000000400 ) ) ;
#3016 = SURFACE_SIDE_STYLE ('',( #4839 ) ) ;
#3017 = B_SPLINE_SURFACE_WITH_KNOTS ( 'NONE', 3, 1, ( 
 ( #1402, #7239 ),
 ( #2300, #8069 ),
 ( #3153, #8901 ),
 ( #3968, #9714 ),
 ( #4802, #10561 ),
 ( #5619, #654 ),
 ( #6449, #1497 ),
 ( #7271, #2329 ),
 ( #8106, #3184 ),
 ( #8930, #4008 ),
 ( #9753, #4837 ),
 ( #10592, #5657 ),
 ( #687, #6479 ),
 ( #1536, #7307 ),
 ( #2362, #8138 ),
 ( #3218, #8965 ),
 ( #4041, #9790 ),
 ( #4869, #10624 ),
 ( #5691, #731 ) ),
 .UNSPECIFIED., .F., .F., .F.,
 ( 4, 1, 1, 1, 1, 1, 1, 1, 1, 1, 1, 1, 1, 1, 1, 1, 4 ),
 ( 2, 2 ),
 ( 0.0000000000000000000, 0.06455784592971899900, 0.1270135315497587500, 0.1879548102020905400, 0.2480139127896341100, 0.3077476818488373300, 0.3682345146974851400, 0.4294698439426692400, 0.4927434367465850500, 0.5562577687060832300, 0.6182167855431435200, 0.6796554755875549000, 0.7412455456206295000, 0.8034152647056968000, 0.8668154615439922500, 0.9323283119492651300, 1.000000000000000000 ),
 ( 0.0000000000000000000, 1.000000000000000000 ),
 .UNSPECIFIED. ) ;
#3018 =( LENGTH_UNIT ( ) NAMED_UNIT ( * ) SI_UNIT ( .MILLI., .METRE. ) );
#3019 = UNCERTAINTY_MEASURE_WITH_UNIT (LENGTH_MEASURE( 1.000000000000000100E-005 ), #2381, 'distance_accuracy_value', 'NONE');
#3020 = VERTEX_POINT ( 'NONE', #2322 ) ;
#3021 = CARTESIAN_POINT ( 'NONE',  ( -0.3779898431519368400, -0.2116441589276365200, 2.025000000000000400 ) ) ;
#3022 = PRESENTATION_STYLE_ASSIGNMENT (( #2756 ) ) ;
#3023 = CARTESIAN_POINT ( 'NONE',  ( -0.1719412883877860800, -0.1776835071720401500, 2.025000000000000400 ) ) ;
#3024 =( GEOMETRIC_REPRESENTATION_CONTEXT ( 3 ) GLOBAL_UNCERTAINTY_ASSIGNED_CONTEXT ( ( #2585 ) ) GLOBAL_UNIT_ASSIGNED_CONTEXT ( ( #2403, #8180, #3252 ) ) REPRESENTATION_CONTEXT ( 'NONE', 'WORKASPACE' ) );
#3025 = DIRECTION ( 'NONE',  ( 0.0000000000000000000, 0.0000000000000000000, -1.000000000000000000 ) ) ;
#3026 = SURFACE_STYLE_FILL_AREA ( #5748 ) ;
#3027 = FILL_AREA_STYLE ('',( #5468 ) ) ;
#3028 = EDGE_CURVE ( 'NONE', #7516, #8372, #4203, .T. ) ;
#3029 = MECHANICAL_DESIGN_GEOMETRIC_PRESENTATION_REPRESENTATION (  '', ( #1346 ), #3588 ) ;
#3030 = SURFACE_STYLE_FILL_AREA ( #3289 ) ;
#3031 = CARTESIAN_POINT ( 'NONE',  ( -0.07051282051281362900, -0.2625809157597369700, 2.030000000000000200 ) ) ;
#3032 = CARTESIAN_POINT ( 'NONE',  ( 1.311538461538469500, -0.2180696978110190400, 2.025000000000000400 ) ) ;
#3033 =( GEOMETRIC_REPRESENTATION_CONTEXT ( 3 ) GLOBAL_UNCERTAINTY_ASSIGNED_CONTEXT ( ( #6757 ) ) GLOBAL_UNIT_ASSIGNED_CONTEXT ( ( #4226, #9962, #5050 ) ) REPRESENTATION_CONTEXT ( 'NONE', 'WORKASPACE' ) );
#3034 = AXIS2_PLACEMENT_3D ( 'NONE', #254, #6048, #1093 ) ;
#3035 = ORIENTED_EDGE ( 'NONE', *, *, #934, .F. ) ;
#3036 = ORIENTED_EDGE ( 'NONE', *, *, #7360, .F. ) ;
#3037 = CARTESIAN_POINT ( 'NONE',  ( -0.1430112943142451400, -0.2648294488612268900, 2.025000000000001200 ) ) ;
#3038 = STYLED_ITEM ( 'NONE', ( #2609 ), #2029 ) ;
#3039 =( NAMED_UNIT ( * ) SI_UNIT ( $, .STERADIAN. ) SOLID_ANGLE_UNIT ( ) );
#3040 = LINE ( 'NONE', #9216, #9340 ) ;
#3041 = PRESENTATION_LAYER_ASSIGNMENT (  '', '', ( #1936 ) ) ;
#3042 = CARTESIAN_POINT ( 'NONE',  ( -0.1779547675610907700, -0.6338699794620299400, 2.029999999999999800 ) ) ;
#3043 = ORIENTED_EDGE ( 'NONE', *, *, #1997, .T. ) ;
#3044 = CARTESIAN_POINT ( 'NONE',  ( 0.5669962212557883000, -0.6108003593661423000, 2.024999999999999900 ) ) ;
#3045 = CARTESIAN_POINT ( 'NONE',  ( 1.525252652248629400, 1.290252652248629500, 0.2199999999999999700 ) ) ;
#3046 = CARTESIAN_POINT ( 'NONE',  ( 0.7348758012820586500, -0.1475568772981984700, 2.025000000000000400 ) ) ;
#3047 = DIRECTION ( 'NONE',  ( 0.0000000000000000000, -1.000000000000000000, 0.0000000000000000000 ) ) ;
#3048 = ORIENTED_EDGE ( 'NONE', *, *, #1473, .F. ) ;
#3049 = VECTOR ( 'NONE', #3857, 1000.000000000000000 ) ;
#3050 = CARTESIAN_POINT ( 'NONE',  ( -1.117810729785262900, -0.1637028013137657400, 2.025000000000000400 ) ) ;
#3051 = ORIENTED_EDGE ( 'NONE', *, *, #2705, .F. ) ;
#3052 = CARTESIAN_POINT ( 'NONE',  ( 0.6070030469683126400, -0.3194554057894917800, 2.024999999999999900 ) ) ;
#3053 = CARTESIAN_POINT ( 'NONE',  ( -0.5333261019796772300, -0.3321934428903686700, 2.024999999999999900 ) ) ;
#3054 = SURFACE_SIDE_STYLE ('',( #6553 ) ) ;
#3055 = VECTOR ( 'NONE', #4392, 1000.000000000000000 ) ;
#3056 = EDGE_CURVE ( 'NONE', #8916, #2153, #4565, .T. ) ;
#3057 = UNCERTAINTY_MEASURE_WITH_UNIT (LENGTH_MEASURE( 1.000000000000000100E-005 ), #10318, 'distance_accuracy_value', 'NONE');
#3058 = FACE_OUTER_BOUND ( 'NONE', #7208, .T. ) ;
#3059 = VERTEX_POINT ( 'NONE', #722 ) ;
#3060 = CARTESIAN_POINT ( 'NONE',  ( -0.9796522881181445300, -0.4589089787685965400, 2.029999999999999800 ) ) ;
#3061 = CARTESIAN_POINT ( 'NONE',  ( 1.701000000000001000, -0.9499999999995270000, 1.021000000000008100 ) ) ;
#3062 = CARTESIAN_POINT ( 'NONE',  ( 0.4024739583333409300, 0.2300072252659040600, 2.025000000000000400 ) ) ;
#3063 = SURFACE_STYLE_FILL_AREA ( #10428 ) ;
#3064 = CARTESIAN_POINT ( 'NONE',  ( -0.2274184849215836200, -0.2165226931305119800, 2.030000000000000700 ) ) ;
#3065 = VERTEX_POINT ( 'NONE', #1563 ) ;
#3066 = COLOUR_RGB ( '',0.7294117647058823200, 0.3568627450980392200, 0.02352941176470588200 ) ;
#3067 = DIRECTION ( 'NONE',  ( -1.000000000000000000, -0.0000000000000000000, -0.0000000000000000000 ) ) ;
#3068 = EDGE_CURVE ( 'NONE', #3932, #1162, #2107, .T. ) ;
#3069 = CARTESIAN_POINT ( 'NONE',  ( 0.6831724665952534400, -0.2148493071709146600, 2.024999999999999900 ) ) ;
#3070 = EDGE_CURVE ( 'NONE', #5407, #2451, #6476, .T. ) ;
#3071 = SURFACE_STYLE_USAGE ( .BOTH. , #8001 ) ;
#3072 = UNCERTAINTY_MEASURE_WITH_UNIT (LENGTH_MEASURE( 1.000000000000000100E-005 ), #338, 'distance_accuracy_value', 'NONE');
#3073 = VECTOR ( 'NONE', #8682, 1000.000000000000000 ) ;
#3074 = CARTESIAN_POINT ( 'NONE',  ( 1.624872122057804600, -1.290252652248628800, 0.2112844257252345400 ) ) ;
#3075 = CIRCLE ( 'NONE', #105, 0.1000000000000000200 ) ;
#3076 =( NAMED_UNIT ( * ) SI_UNIT ( $, .STERADIAN. ) SOLID_ANGLE_UNIT ( ) );
#3077 = CARTESIAN_POINT ( 'NONE',  ( -0.9909170129825540800, -0.3334150508954680200, 2.030000000000000700 ) ) ;
#3078 = VERTEX_POINT ( 'NONE', #9816 ) ;
#3079 = VERTEX_POINT ( 'NONE', #5723 ) ;
#3080 = PLANE ( 'NONE',  #1519 ) ;
#3081 = SURFACE_STYLE_FILL_AREA ( #8307 ) ;
#3082 = CARTESIAN_POINT ( 'NONE',  ( 0.7313501602564177500, -0.6693517490930703800, 2.030000000000000200 ) ) ;
#3083 = CARTESIAN_POINT ( 'NONE',  ( -1.045711122687259300, -0.1858787618899325800, 2.029999999999999400 ) ) ;
#3084 = B_SPLINE_SURFACE_WITH_KNOTS ( 'NONE', 3, 1, ( 
 ( #7093, #5473 ),
 ( #510, #6294 ),
 ( #1354, #7119 ),
 ( #2191, #7957 ),
 ( #3037, #8784 ),
 ( #3859, #9598 ),
 ( #4689, #10447 ),
 ( #5507, #537 ),
 ( #6325, #1383 ),
 ( #7153, #2217 ),
 ( #7994, #3064 ),
 ( #8823, #3895 ),
 ( #9633, #4722 ),
 ( #10479, #5547 ),
 ( #570, #6358 ) ),
 .UNSPECIFIED., .F., .F., .F.,
 ( 4, 1, 1, 1, 1, 1, 1, 1, 1, 1, 1, 1, 4 ),
 ( 2, 2 ),
 ( 0.0000000000000000000, 0.06316325936347062800, 0.1254749410306408600, 0.1871212198160330500, 0.2482943461142991500, 0.3092948562551209900, 0.3698500660670930300, 0.4309733755473819100, 0.4924559896728167900, 0.6161479662918549800, 0.7408436984673627500, 0.8681826486700429100, 0.9999999999999998900 ),
 ( 0.0000000000000000000, 1.000000000000000000 ),
 .UNSPECIFIED. ) ;
#3085 = PRESENTATION_STYLE_ASSIGNMENT (( #4912 ) ) ;
#3086 = FACE_OUTER_BOUND ( 'NONE', #8296, .T. ) ;
#3087 = CARTESIAN_POINT ( 'NONE',  ( -0.3463374189969372100, -0.2058241322712344200, 2.030000000000000200 ) ) ;
#3088 = FILL_AREA_STYLE_COLOUR ( '', #9110 ) ;
#3089 = VERTEX_POINT ( 'NONE', #762 ) ;
#3090 =( GEOMETRIC_REPRESENTATION_CONTEXT ( 3 ) GLOBAL_UNCERTAINTY_ASSIGNED_CONTEXT ( ( #5266 ) ) GLOBAL_UNIT_ASSIGNED_CONTEXT ( ( #4636, #10393, #5458 ) ) REPRESENTATION_CONTEXT ( 'NONE', 'WORKASPACE' ) );
#3091 =( LENGTH_UNIT ( ) NAMED_UNIT ( * ) SI_UNIT ( .MILLI., .METRE. ) );
#3092 = ORIENTED_EDGE ( 'NONE', *, *, #477, .T. ) ;
#3093 = EDGE_LOOP ( 'NONE', ( #356, #9176, #192 ) ) ;
#3094 = AXIS2_PLACEMENT_3D ( 'NONE', #4747, #10503, #5564 ) ;
#3095 = EDGE_LOOP ( 'NONE', ( #2459, #5318, #10657, #7410 ) ) ;
#3096 = VECTOR ( 'NONE', #3714, 1000.000000000000000 ) ;
#3097 =( GEOMETRIC_REPRESENTATION_CONTEXT ( 3 ) GLOBAL_UNCERTAINTY_ASSIGNED_CONTEXT ( ( #10265 ) ) GLOBAL_UNIT_ASSIGNED_CONTEXT ( ( #10261, #5341, #360 ) ) REPRESENTATION_CONTEXT ( 'NONE', 'WORKASPACE' ) );
#3098 =( GEOMETRIC_REPRESENTATION_CONTEXT ( 3 ) GLOBAL_UNCERTAINTY_ASSIGNED_CONTEXT ( ( #8614 ) ) GLOBAL_UNIT_ASSIGNED_CONTEXT ( ( #10481, #5549, #575 ) ) REPRESENTATION_CONTEXT ( 'NONE', 'WORKASPACE' ) );
#3099 = VECTOR ( 'NONE', #6091, 1000.000000000000100 ) ;
#3100 = COLOUR_RGB ( '',0.7294117647058823200, 0.3568627450980392200, 0.02352941176470588200 ) ;
#3101 = SURFACE_STYLE_FILL_AREA ( #7823 ) ;
#3102 = CARTESIAN_POINT ( 'NONE',  ( -0.9450294753866787000, -0.5502811995004204300, 2.025000000000000400 ) ) ;
#3103 = CARTESIAN_POINT ( 'NONE',  ( 0.4095252403846230100, 0.7800072252659041600, 2.025000000000000400 ) ) ;
#3104 = CARTESIAN_POINT ( 'NONE',  ( 0.7293669871794945500, -0.2039671337084549000, 2.030000000000000200 ) ) ;
#3105 = COLOUR_RGB ( '',1.000000000000000000, 0.7176470588235294200, 0.2470588235294117800 ) ;
#3106 = ORIENTED_EDGE ( 'NONE', *, *, #4784, .T. ) ;
#3107 = ORIENTED_EDGE ( 'NONE', *, *, #3070, .F. ) ;
#3108 = B_SPLINE_SURFACE_WITH_KNOTS ( 'NONE', 3, 1, ( 
 ( #9516, #2982 ),
 ( #8727, #3803 ),
 ( #9551, #6845 ),
 ( #8964, #4037 ),
 ( #9788, #4866 ),
 ( #10621, #5690 ),
 ( #728, #6513 ),
 ( #1569, #7342 ),
 ( #2398, #8175 ),
 ( #3247, #8999 ),
 ( #4077, #9821 ) ),
 .UNSPECIFIED., .F., .F., .F.,
 ( 4, 1, 1, 1, 1, 1, 1, 1, 4 ),
 ( 2, 2 ),
 ( 0.0000000000000000000, 0.1243285095938497900, 0.2471560163611867500, 0.3687797492913394400, 0.4907338624016478500, 0.6136137718478438300, 0.7389575757222154300, 0.8673105751912624200, 0.9999999999999998900 ),
 ( 0.0000000000000000000, 1.000000000000000000 ),
 .UNSPECIFIED. ) ;
#3109 = CARTESIAN_POINT ( 'NONE',  ( -1.699999999999999500, -1.465000000000000300, 1.070000000000000100 ) ) ;
#3110 = ORIENTED_EDGE ( 'NONE', *, *, #1276, .T. ) ;
#3111 = PLANE ( 'NONE',  #8047 ) ;
#3112 =( NAMED_UNIT ( * ) PLANE_ANGLE_UNIT ( ) SI_UNIT ( $, .RADIAN. ) );
#3113 = PRESENTATION_STYLE_ASSIGNMENT (( #7311 ) ) ;
#3114 = DIRECTION ( 'NONE',  ( -0.0000000000000000000, -0.0000000000000000000, -1.000000000000000000 ) ) ;
#3115 =( LENGTH_UNIT ( ) NAMED_UNIT ( * ) SI_UNIT ( .MILLI., .METRE. ) );
#3116 =( GEOMETRIC_REPRESENTATION_CONTEXT ( 3 ) GLOBAL_UNCERTAINTY_ASSIGNED_CONTEXT ( ( #3315 ) ) GLOBAL_UNIT_ASSIGNED_CONTEXT ( ( #2811, #8565, #3650 ) ) REPRESENTATION_CONTEXT ( 'NONE', 'WORKASPACE' ) );
#3117 = PLANE ( 'NONE',  #5916 ) ;
#3118 = CARTESIAN_POINT ( 'NONE',  ( -0.6999999999999997300, 1.149999999999999900, 0.1200000000000000100 ) ) ;
#3119 = ORIENTED_EDGE ( 'NONE', *, *, #2144, .F. ) ;
#3120 = MECHANICAL_DESIGN_GEOMETRIC_PRESENTATION_REPRESENTATION (  '', ( #1429 ), #3675 ) ;
#3121 = DIRECTION ( 'NONE',  ( -0.0000000000000000000, -0.0000000000000000000, 1.000000000000000000 ) ) ;
#3122 = CARTESIAN_POINT ( 'NONE',  ( 0.8091953729739983500, -0.6417971280463795600, 2.025000000000000400 ) ) ;
#3123 = CARTESIAN_POINT ( 'NONE',  ( -0.9873882307750868600, -0.2914636076646174900, 2.024999999999999900 ) ) ;
#3124 =( NAMED_UNIT ( * ) SI_UNIT ( $, .STERADIAN. ) SOLID_ANGLE_UNIT ( ) );
#3125 = CARTESIAN_POINT ( 'NONE',  ( -0.5176228542282541600, -0.3061311115885744800, 2.029999999999999800 ) ) ;
#3126 = FILL_AREA_STYLE ('',( #3088 ) ) ;
#3127 = CARTESIAN_POINT ( 'NONE',  ( 0.7202223557692382100, -0.4344559157597369700, 2.025000000000000400 ) ) ;
#3128 = ORIENTED_EDGE ( 'NONE', *, *, #10712, .F. ) ;
#3129 = CARTESIAN_POINT ( 'NONE',  ( 0.7732052490500286300, -0.1520903047868202900, 2.025000000000001200 ) ) ;
#3130 = ORIENTED_EDGE ( 'NONE', *, *, #2116, .F. ) ;
#3131 = EDGE_CURVE ( 'NONE', #3863, #5347, #4311, .T. ) ;
#3132 =( LENGTH_UNIT ( ) NAMED_UNIT ( * ) SI_UNIT ( .MILLI., .METRE. ) );
#3133 = DIRECTION ( 'NONE',  ( 1.000000000000000000, 0.0000000000000000000, 0.0000000000000000000 ) ) ;
#3134 = EDGE_CURVE ( 'NONE', #6493, #7878, #6227, .T. ) ;
#3135 = CARTESIAN_POINT ( 'NONE',  ( 0.7785587185114462000, -0.2165319051350873300, 2.025000000000001200 ) ) ;
#3136 = VERTEX_POINT ( 'NONE', #3273 ) ;
#3137 = ORIENTED_EDGE ( 'NONE', *, *, #3134, .T. ) ;
#3138 = ORIENTED_EDGE ( 'NONE', *, *, #4092, .F. ) ;
#3139 = DIRECTION ( 'NONE',  ( 1.258448950206388900E-016, -0.0000000000000000000, 1.000000000000000000 ) ) ;
#3140 = ORIENTED_EDGE ( 'NONE', *, *, #599, .F. ) ;
#3141 =( NAMED_UNIT ( * ) PLANE_ANGLE_UNIT ( ) SI_UNIT ( $, .RADIAN. ) );
#3142 = CARTESIAN_POINT ( 'NONE',  ( 0.7202223557692382100, -0.4344559157597369700, 2.025000000000000400 ) ) ;
#3143 = FACE_OUTER_BOUND ( 'NONE', #4154, .T. ) ;
#3144 = MECHANICAL_DESIGN_GEOMETRIC_PRESENTATION_REPRESENTATION (  '', ( #2035 ), #3703 ) ;
#3145 = PRESENTATION_LAYER_ASSIGNMENT (  '', '', ( #3704 ) ) ;
#3146 = DIRECTION ( 'NONE',  ( 0.0000000000000000000, 0.0000000000000000000, -1.000000000000000000 ) ) ;
#3147 = VECTOR ( 'NONE', #3213, 1000.000000000000000 ) ;
#3148 = DIRECTION ( 'NONE',  ( 0.0000000000000000000, -0.08715574274765479400, 0.9961946980917457700 ) ) ;
#3149 = EDGE_CURVE ( 'NONE', #4883, #3697, #4039, .T. ) ;
#3150 = UNCERTAINTY_MEASURE_WITH_UNIT (LENGTH_MEASURE( 1.000000000000000100E-005 ), #73, 'distance_accuracy_value', 'NONE');
#3151 = COLOUR_RGB ( '',0.7294117647058823200, 0.3568627450980392200, 0.02352941176470588200 ) ;
#3152 = ORIENTED_EDGE ( 'NONE', *, *, #5145, .T. ) ;
#3153 = CARTESIAN_POINT ( 'NONE',  ( -0.6056850515860152700, -0.4041074698050250400, 2.025000000000000800 ) ) ;
#3154 = CARTESIAN_POINT ( 'NONE',  ( 0.8389156693193398100, -0.5801561151076967100, 2.030000000000000200 ) ) ;
#3155 = ORIENTED_EDGE ( 'NONE', *, *, #3028, .T. ) ;
#3156 = CARTESIAN_POINT ( 'NONE',  ( -0.5570512820512753000, -0.4372103228110190700, 2.025000000000000800 ) ) ;
#3157 = DIRECTION ( 'NONE',  ( -1.000000000000000000, -0.0000000000000000000, -4.869229399644720500E-015 ) ) ;
#3158 = PRESENTATION_LAYER_ASSIGNMENT (  '', '', ( #2045 ) ) ;
#3159 = CARTESIAN_POINT ( 'NONE',  ( 0.6300981570512894600, -0.3596462202469164500, 2.025000000000000400 ) ) ;
#3160 = CARTESIAN_POINT ( 'NONE',  ( -0.1295603806896308300, -0.6697346009496726300, 2.029999999999999400 ) ) ;
#3161 = PRESENTATION_STYLE_ASSIGNMENT (( #1924 ) ) ;
#3162 = CARTESIAN_POINT ( 'NONE',  ( 0.05641025641026350300, 0.3465737316761604000, 2.030000000000000200 ) ) ;
#3163 = VECTOR ( 'NONE', #2970, 1000.000000000000000 ) ;
#3164 = EDGE_CURVE ( 'NONE', #2918, #6910, #10361, .T. ) ;
#3165 = ORIENTED_EDGE ( 'NONE', *, *, #609, .T. ) ;
#3166 = CIRCLE ( 'NONE', #9503, 0.04900000000000000200 ) ;
#3167 = VECTOR ( 'NONE', #2527, 1000.000000000000000 ) ;
#3168 =( LENGTH_UNIT ( ) NAMED_UNIT ( * ) SI_UNIT ( .MILLI., .METRE. ) );
#3169 = CARTESIAN_POINT ( 'NONE',  ( -0.4293732025005057600, -0.6436891140746294800, 2.025000000000000800 ) ) ;
#3170 = CARTESIAN_POINT ( 'NONE',  ( 1.050641025641033500, -0.4437107234520447100, 2.030000000000000200 ) ) ;
#3171 = ORIENTED_EDGE ( 'NONE', *, *, #3225, .T. ) ;
#3172 = MECHANICAL_DESIGN_GEOMETRIC_PRESENTATION_REPRESENTATION (  '', ( #1479 ), #3731 ) ;
#3173 = STYLED_ITEM ( 'NONE', ( #1592 ), #2717 ) ;
#3174 = DIRECTION ( 'NONE',  ( 0.0000000000000000000, 0.0000000000000000000, -1.000000000000000000 ) ) ;
#3175 = ORIENTED_EDGE ( 'NONE', *, *, #8086, .F. ) ;
#3176 =( NAMED_UNIT ( * ) PLANE_ANGLE_UNIT ( ) SI_UNIT ( $, .RADIAN. ) );
#3177 =( NAMED_UNIT ( * ) PLANE_ANGLE_UNIT ( ) SI_UNIT ( $, .RADIAN. ) );
#3178 = PRESENTATION_STYLE_ASSIGNMENT (( #2695 ) ) ;
#3179 = CARTESIAN_POINT ( 'NONE',  ( -0.6061658688512812100, -0.4235713293790742700, 2.024999999999999900 ) ) ;
#3180 = CARTESIAN_POINT ( 'NONE',  ( -1.124160510966369000, -0.3902888101577856000, 2.029999999999999800 ) ) ;
#3181 = CARTESIAN_POINT ( 'NONE',  ( 0.7985714637068126500, -0.6500229559403849500, 2.029999999999999800 ) ) ;
#3182 = LINE ( 'NONE', #2849, #9490 ) ;
#3183 = ORIENTED_EDGE ( 'NONE', *, *, #7151, .F. ) ;
#3184 = CARTESIAN_POINT ( 'NONE',  ( -0.5420091021021590200, -0.2507961670032882200, 2.029999999999999800 ) ) ;
#3185 = VECTOR ( 'NONE', #9013, 1000.000000000000000 ) ;
#3186 = CARTESIAN_POINT ( 'NONE',  ( 1.750000000000002400, 0.9499999999999995100, 0.3800000000000005600 ) ) ;
#3187 =( BOUNDED_CURVE ( )  B_SPLINE_CURVE ( 3, ( #5457, #2984, #2165, #7936 ),
 .UNSPECIFIED., .F., .F. ) 
 B_SPLINE_CURVE_WITH_KNOTS ( ( 4, 4 ),
 ( 5.501585242055422300, 7.064785372303756400 ),
 .UNSPECIFIED. ) 
 CURVE ( )  GEOMETRIC_REPRESENTATION_ITEM ( )  RATIONAL_B_SPLINE_CURVE ( ( 1.000000000000000000, 0.8065248903853481400, 0.8065248903853481400, 1.000000000000000000 ) ) 
 REPRESENTATION_ITEM ( '' )  );
#3188 = VECTOR ( 'NONE', #1587, 1000.000000000000000 ) ;
#3189 = DIRECTION ( 'NONE',  ( 0.0000000000000000000, 0.0000000000000000000, -1.000000000000000000 ) ) ;
#3190 = DIRECTION ( 'NONE',  ( 0.0000000000000000000, -0.0000000000000000000, -1.000000000000000000 ) ) ;
#3191 = DIRECTION ( 'NONE',  ( 0.0000000000000000000, 0.0000000000000000000, 1.000000000000000000 ) ) ;
#3192 = ORIENTED_EDGE ( 'NONE', *, *, #4280, .T. ) ;
#3193 =( NAMED_UNIT ( * ) SI_UNIT ( $, .STERADIAN. ) SOLID_ANGLE_UNIT ( ) );
#3194 = CARTESIAN_POINT ( 'NONE',  ( 0.8771666652195762000, -0.6332217182255807100, 2.025000000000001700 ) ) ;
#3195 = CYLINDRICAL_SURFACE ( 'NONE', #9234, 0.04900000000000000200 ) ;
#3196 = ORIENTED_EDGE ( 'NONE', *, *, #9800, .T. ) ;
#3197 = CARTESIAN_POINT ( 'NONE',  ( -1.040369481370543500, -0.2729595009347713400, 2.024999999999999900 ) ) ;
#3198 = DIRECTION ( 'NONE',  ( 2.220209226932774200E-016, -1.000000000000000000, -0.0000000000000000000 ) ) ;
#3199 = DIRECTION ( 'NONE',  ( -0.0000000000000000000, -0.0000000000000000000, 1.000000000000000000 ) ) ;
#3200 =( GEOMETRIC_REPRESENTATION_CONTEXT ( 3 ) GLOBAL_UNCERTAINTY_ASSIGNED_CONTEXT ( ( #6683 ) ) GLOBAL_UNIT_ASSIGNED_CONTEXT ( ( #5590, #621, #6413 ) ) REPRESENTATION_CONTEXT ( 'NONE', 'WORKASPACE' ) );
#3201 = B_SPLINE_CURVE_WITH_KNOTS ( 'NONE', 3,
 ( #10255, #8594, #354, #6152, #1201, #6972, #2041, #7805, #2872, #8635, #3710, #9462, #4535, #10563, #5620, #655, #6450, #1498, #7273 ),
 .UNSPECIFIED., .F., .F.,
 ( 4, 1, 1, 1, 1, 1, 1, 1, 1, 1, 1, 1, 1, 1, 1, 1, 4 ),
 ( 0.0000000000000000000, 0.06116027663651735200, 0.1203345577262021200, 0.1781802550631251300, 0.2352351259863639000, 0.2926829614441806000, 0.3511862482150794900, 0.4104566095096939300, 0.4717198544629959100, 0.5337612027725885400, 0.5957390238870945400, 0.6578875151248850800, 0.7212951802914615600, 0.7868225145418894500, 0.8546861538286844000, 0.9254779862699964400, 1.000000000000000000 ),
 .UNSPECIFIED. ) ;
#3202 = FACE_OUTER_BOUND ( 'NONE', #3741, .T. ) ;
#3203 = FILL_AREA_STYLE_COLOUR ( '', #8122 ) ;
#3204 = VERTEX_POINT ( 'NONE', #1644 ) ;
#3205 = VECTOR ( 'NONE', #1584, 1000.000000000000000 ) ;
#3206 = EDGE_CURVE ( 'NONE', #6277, #1512, #2264, .T. ) ;
#3208 = VERTEX_POINT ( 'NONE', #802 ) ;
#3207 = CARTESIAN_POINT ( 'NONE',  ( 0.6619269546117080300, -0.3902755447491065300, 2.030000000000000200 ) ) ;
#3209 = ORIENTED_EDGE ( 'NONE', *, *, #8778, .T. ) ;
#3210 = ORIENTED_EDGE ( 'NONE', *, *, #3488, .F. ) ;
#3211 = CARTESIAN_POINT ( 'NONE',  ( -0.4270381210917795800, -0.1676559691886223800, 2.025000000000000400 ) ) ;
#3212 = CARTESIAN_POINT ( 'NONE',  ( -1.052940270211010400, -0.3502944851172276100, 2.025000000000000800 ) ) ;
#3213 = DIRECTION ( 'NONE',  ( 0.0000000000000000000, 1.000000000000000000, 0.0000000000000000000 ) ) ;
#3214 =( NAMED_UNIT ( * ) SI_UNIT ( $, .STERADIAN. ) SOLID_ANGLE_UNIT ( ) );
#3215 = SURFACE_SIDE_STYLE ('',( #7219 ) ) ;
#3216 = FACE_OUTER_BOUND ( 'NONE', #3095, .T. ) ;
#3217 = LINE ( 'NONE', #7357, #7323 ) ;
#3218 = CARTESIAN_POINT ( 'NONE',  ( -0.3711629845544558400, -0.1522563385020266100, 2.025000000000000400 ) ) ;
#3219 = SURFACE_STYLE_FILL_AREA ( #2912 ) ;
#3220 = CARTESIAN_POINT ( 'NONE',  ( -0.3937092936324152500, -0.7166152814442525700, 2.025000000000000400 ) ) ;
#3221 = CARTESIAN_POINT ( 'NONE',  ( -1.095971910341399600, -0.3830218149577721000, 2.030000000000000700 ) ) ;
#3222 = ORIENTED_EDGE ( 'NONE', *, *, #2814, .F. ) ;
#3223 = ORIENTED_EDGE ( 'NONE', *, *, #1074, .T. ) ;
#3224 =( NAMED_UNIT ( * ) SI_UNIT ( $, .STERADIAN. ) SOLID_ANGLE_UNIT ( ) );
#3225 = EDGE_CURVE ( 'NONE', #3079, #2895, #1570, .T. ) ;
#3226 = CARTESIAN_POINT ( 'NONE',  ( -1.044503134729602800, -0.4173534993844726900, 2.030000000000001100 ) ) ;
#3227 =( NAMED_UNIT ( * ) SI_UNIT ( $, .STERADIAN. ) SOLID_ANGLE_UNIT ( ) );
#3228 = CARTESIAN_POINT ( 'NONE',  ( 0.7313501602564177500, -0.7257620055033268100, 2.025000000000000400 ) ) ;
#3229 = SURFACE_SIDE_STYLE ('',( #8368 ) ) ;
#3230 = AXIS2_PLACEMENT_3D ( 'NONE', #92, #5883, #932 ) ;
#3231 =( LENGTH_UNIT ( ) NAMED_UNIT ( * ) SI_UNIT ( .MILLI., .METRE. ) );
#3232 = SURFACE_STYLE_FILL_AREA ( #9862 ) ;
#3233 = MECHANICAL_DESIGN_GEOMETRIC_PRESENTATION_REPRESENTATION (  '', ( #1549 ), #3789 ) ;
#3234 = AXIS2_PLACEMENT_3D ( 'NONE', #2463, #8239, #3304 ) ;
#3235 = DIRECTION ( 'NONE',  ( -0.0000000000000000000, -1.000000000000000000, -0.0000000000000000000 ) ) ;
#3236 =( NAMED_UNIT ( * ) SI_UNIT ( $, .STERADIAN. ) SOLID_ANGLE_UNIT ( ) );
#3237 = VERTEX_POINT ( 'NONE', #10695 ) ;
#3238 = CARTESIAN_POINT ( 'NONE',  ( -1.147999037531823400, -0.2181334927220884000, 2.025000000000000400 ) ) ;
#3239 = PRESENTATION_LAYER_ASSIGNMENT (  '', '', ( #2126 ) ) ;
#3240 = B_SPLINE_SURFACE_WITH_KNOTS ( 'NONE', 3, 1, ( 
 ( #52, #5093 ),
 ( #127, #5911 ),
 ( #962, #6730 ),
 ( #1805, #7563 ),
 ( #2636, #8393 ),
 ( #3465, #9209 ),
 ( #4299, #10046 ),
 ( #5132, #157 ),
 ( #5950, #994 ),
 ( #6770, #1836 ),
 ( #7606, #2669 ),
 ( #8426, #3509 ),
 ( #9248, #4333 ),
 ( #10087, #5172 ),
 ( #191, #5986 ),
 ( #1034, #6803 ),
 ( #1876, #7635 ),
 ( #2711, #8463 ),
 ( #3544, #9292 ) ),
 .UNSPECIFIED., .F., .F., .F.,
 ( 4, 1, 1, 1, 1, 1, 1, 1, 1, 1, 1, 1, 1, 1, 1, 1, 4 ),
 ( 2, 2 ),
 ( 0.0000000000000000000, 0.06167423887742595100, 0.1230530616348056700, 0.1834750007317019800, 0.2437265005106115700, 0.3042789165122538100, 0.3648629209606827400, 0.4259462039686193700, 0.4873912299654077900, 0.5492203840754763500, 0.6111435886926029900, 0.6735285303101519200, 0.7369614566573039500, 0.8007852828728403400, 0.8660125956416149200, 0.9321007477905786100, 1.000000000000000000 ),
 ( 0.0000000000000000000, 1.000000000000000000 ),
 .UNSPECIFIED. ) ;
#3241 = DIRECTION ( 'NONE',  ( -0.7941277684358846200, -0.6077508431907289200, 0.0000000000000000000 ) ) ;
#3242 = DIRECTION ( 'NONE',  ( -0.0000000000000000000, -0.4226182617407412400, 0.9063077870366304000 ) ) ;
#3243 = ORIENTED_EDGE ( 'NONE', *, *, #6305, .F. ) ;
#3244 = CARTESIAN_POINT ( 'NONE',  ( -0.2362179487179414900, 0.2300072252659039800, 2.025000000000000400 ) ) ;
#3245 = MECHANICAL_DESIGN_GEOMETRIC_PRESENTATION_REPRESENTATION (  '', ( #1566 ), #3807 ) ;
#3246 = FILL_AREA_STYLE_COLOUR ( '', #3998 ) ;
#3247 = CARTESIAN_POINT ( 'NONE',  ( -0.6062097429425689100, -0.4428767375831035900, 2.024999999999999900 ) ) ;
#3248 = FILL_AREA_STYLE_COLOUR ( '', #7840 ) ;
#3249 = CARTESIAN_POINT ( 'NONE',  ( 0.7588942307692383400, -0.3994198580674293000, 2.030000000000000700 ) ) ;
#3250 = EDGE_CURVE ( 'NONE', #2761, #7983, #10095, .T. ) ;
#3251 = DIRECTION ( 'NONE',  ( -0.0000000000000000000, -0.0000000000000000000, -1.000000000000000000 ) ) ;
#3252 =( NAMED_UNIT ( * ) SI_UNIT ( $, .STERADIAN. ) SOLID_ANGLE_UNIT ( ) );
#3253 = ORIENTED_EDGE ( 'NONE', *, *, #1031, .T. ) ;
#3254 = CARTESIAN_POINT ( 'NONE',  ( -0.9450294753866787000, -0.5502811995004204300, 2.030000000000000200 ) ) ;
#3255 = CARTESIAN_POINT ( 'NONE',  ( 0.6612017048941403200, -0.3172001555877935200, 2.024999999999999500 ) ) ;
#3256 = DIRECTION ( 'NONE',  ( -0.0000000000000000000, -0.0000000000000000000, 1.000000000000000000 ) ) ;
#3257 = DIRECTION ( 'NONE',  ( -1.000000000000000000, -6.377659838150007700E-017, -0.0000000000000000000 ) ) ;
#3258 = CARTESIAN_POINT ( 'NONE',  ( 0.1642728365384686600, -0.4789671337084549500, 2.030000000000000200 ) ) ;
#3259 = DIRECTION ( 'NONE',  ( 0.5390888091285607200, -0.8422489274984861200, 0.0000000000000000000 ) ) ;
#3260 = PLANE ( 'NONE',  #5495 ) ;
#3261 = LINE ( 'NONE', #9164, #5461 ) ;
#3262 = PRESENTATION_STYLE_ASSIGNMENT (( #6066 ) ) ;
#3263 = VERTEX_POINT ( 'NONE', #3361 ) ;
#3264 = EDGE_CURVE ( 'NONE', #6285, #2672, #3536, .T. ) ;
#3265 = SURFACE_SIDE_STYLE ('',( #3711 ) ) ;
#3266 = DIRECTION ( 'NONE',  ( 0.08682659386424401700, 0.08682659386424471100, 0.9924325091389677400 ) ) ;
#3267 = PLANE ( 'NONE',  #5795 ) ;
#3268 =( NAMED_UNIT ( * ) PLANE_ANGLE_UNIT ( ) SI_UNIT ( $, .RADIAN. ) );
#3269 = CARTESIAN_POINT ( 'NONE',  ( 0.7313501602564177500, -0.6693517490930703800, 2.025000000000000400 ) ) ;
#3270 = CYLINDRICAL_SURFACE ( 'NONE', #4050, 0.1469999999999986600 ) ;
#3271 = CARTESIAN_POINT ( 'NONE',  ( 0.7559769356516227200, -0.2070867423071262600, 2.030000000000000200 ) ) ;
#3272 = AXIS2_PLACEMENT_3D ( 'NONE', #9968, #5058, #85 ) ;
#3273 = CARTESIAN_POINT ( 'NONE',  ( 0.8367888621794946600, -0.2744799542212754100, 2.025000000000000400 ) ) ;
#3274 =( LENGTH_UNIT ( ) NAMED_UNIT ( * ) SI_UNIT ( .MILLI., .METRE. ) );
#3275 =( NAMED_UNIT ( * ) SI_UNIT ( $, .STERADIAN. ) SOLID_ANGLE_UNIT ( ) );
#3276 = DIRECTION ( 'NONE',  ( 2.220209226932774200E-016, -1.000000000000000000, 0.0000000000000000000 ) ) ;
#3277 = ORIENTED_EDGE ( 'NONE', *, *, #534, .T. ) ;
#3278 = ORIENTED_EDGE ( 'NONE', *, *, #7894, .T. ) ;
#3279 = CARTESIAN_POINT ( 'NONE',  ( -1.036538461538454700, -0.2989390888366600900, 2.025000000000000800 ) ) ;
#3280 = CARTESIAN_POINT ( 'NONE',  ( 0.8884615384615458500, -0.5769138484520447400, 2.025000000000000400 ) ) ;
#3281 = PLANE ( 'NONE',  #6736 ) ;
#3282 = CARTESIAN_POINT ( 'NONE',  ( 0.7196177253785313000, -0.3713991704941948000, 2.025000000000001200 ) ) ;
#3283 = MECHANICAL_DESIGN_GEOMETRIC_PRESENTATION_REPRESENTATION (  '', ( #2181 ), #3851 ) ;
#3284 = ORIENTED_EDGE ( 'NONE', *, *, #350, .T. ) ;
#3285 = AXIS2_PLACEMENT_3D ( 'NONE', #9674, #8857, #3146 ) ;
#3286 =( GEOMETRIC_REPRESENTATION_CONTEXT ( 3 ) GLOBAL_UNCERTAINTY_ASSIGNED_CONTEXT ( ( #3678 ) ) GLOBAL_UNIT_ASSIGNED_CONTEXT ( ( #3669, #9421, #4497 ) ) REPRESENTATION_CONTEXT ( 'NONE', 'WORKASPACE' ) );
#3287 = CARTESIAN_POINT ( 'NONE',  ( -1.654929309816589400, -1.419929309816589500, 2.030000000000000200 ) ) ;
#3288 = ORIENTED_EDGE ( 'NONE', *, *, #812, .T. ) ;
#3289 = FILL_AREA_STYLE ('',( #6487 ) ) ;
#3290 = CARTESIAN_POINT ( 'NONE',  ( 0.8193810096153920600, -0.5221562362725574700, 2.030000000000000200 ) ) ;
#3291 =( NAMED_UNIT ( * ) PLANE_ANGLE_UNIT ( ) SI_UNIT ( $, .RADIAN. ) );
#3292 = FACE_OUTER_BOUND ( 'NONE', #8795, .T. ) ;
#3293 = PRESENTATION_STYLE_ASSIGNMENT (( #9425 ) ) ;
#3294 = CARTESIAN_POINT ( 'NONE',  ( 0.8340945013624164700, -0.2710088742977205800, 2.025000000000000400 ) ) ;
#3295 = VECTOR ( 'NONE', #2188, 1000.000000000000000 ) ;
#3296 = EDGE_CURVE ( 'NONE', #7843, #6188, #9822, .T. ) ;
#3297 = VERTEX_POINT ( 'NONE', #5012 ) ;
#3298 = CARTESIAN_POINT ( 'NONE',  ( 0.6611269671225150600, -0.2341835311507522200, 2.030000000000000200 ) ) ;
#3299 = DIRECTION ( 'NONE',  ( 3.566594907117028300E-015, -0.9986295347545739400, 0.05233595624294395300 ) ) ;
#3300 = CARTESIAN_POINT ( 'NONE',  ( -0.2898737980769158200, 0.2300072252659039800, 2.025000000000000400 ) ) ;
#3301 = LINE ( 'NONE', #7622, #1100 ) ;
#3302 = DIRECTION ( 'NONE',  ( 0.0000000000000000000, -0.0000000000000000000, -1.000000000000000000 ) ) ;
#3303 = DIRECTION ( 'NONE',  ( -0.0000000000000000000, -0.0000000000000000000, 1.000000000000000000 ) ) ;
#3304 = DIRECTION ( 'NONE',  ( 0.5390888091285608300, -0.8422489274984862300, 0.0000000000000000000 ) ) ;
#3305 = PRESENTATION_LAYER_ASSIGNMENT (  '', '', ( #2199 ) ) ;
#3306 = ORIENTED_EDGE ( 'NONE', *, *, #463, .T. ) ;
#3307 = SURFACE_SIDE_STYLE ('',( #10677 ) ) ;
#3308 = SURFACE_STYLE_FILL_AREA ( #5246 ) ;
#3309 = PRESENTATION_LAYER_ASSIGNMENT (  '', '', ( #2203 ) ) ;
#3310 = PLANE ( 'NONE',  #6895 ) ;
#3311 = CARTESIAN_POINT ( 'NONE',  ( 1.710000000000000900, -0.3934999999997677000, 1.170000000000008400 ) ) ;
#3312 = CARTESIAN_POINT ( 'NONE',  ( -1.150000000000005200, -1.100000000000000100, 0.1000000000000000500 ) ) ;
#3313 = VECTOR ( 'NONE', #3772, 1000.000000000000000 ) ;
#3314 = CARTESIAN_POINT ( 'NONE',  ( -0.2731447079892265800, -0.1492450039737711900, 2.030000000000001100 ) ) ;
#3315 = UNCERTAINTY_MEASURE_WITH_UNIT (LENGTH_MEASURE( 1.000000000000000100E-005 ), #2811, 'distance_accuracy_value', 'NONE');
#3316 = SURFACE_STYLE_FILL_AREA ( #7224 ) ;
#3317 = FILL_AREA_STYLE ('',( #2472 ) ) ;
#3318 = CARTESIAN_POINT ( 'NONE',  ( 1.616885769650372700, -1.389872122057803600, 0.2112844257252345100 ) ) ;
#3319 = FILL_AREA_STYLE ('',( #2474 ) ) ;
#3320 = ORIENTED_EDGE ( 'NONE', *, *, #9065, .F. ) ;
#3321 = PRESENTATION_STYLE_ASSIGNMENT (( #4554 ) ) ;
#3322 =( NAMED_UNIT ( * ) SI_UNIT ( $, .STERADIAN. ) SOLID_ANGLE_UNIT ( ) );
#3323 = FILL_AREA_STYLE_COLOUR ( '', #7539 ) ;
#3324 = COLOUR_RGB ( '',0.7294117647058823200, 0.3568627450980392200, 0.02352941176470588200 ) ;
#3325 = VECTOR ( 'NONE', #10116, 1000.000000000000000 ) ;
#3326 = FACE_OUTER_BOUND ( 'NONE', #1940, .T. ) ;
#3327 = CARTESIAN_POINT ( 'NONE',  ( 0.6261916484784616500, -0.1967418829408627600, 2.025000000000000800 ) ) ;
#3328 = ORIENTED_EDGE ( 'NONE', *, *, #9499, .F. ) ;
#3329 = CARTESIAN_POINT ( 'NONE',  ( 0.2679487179487250500, -0.1616594414007626000, 2.025000000000000400 ) ) ;
#3330 = CARTESIAN_POINT ( 'NONE',  ( -0.9448717948717880700, -0.5555396497340959700, 2.030000000000000200 ) ) ;
#3331 = CARTESIAN_POINT ( 'NONE',  ( -0.5970572576321977500, -0.5148167761259681000, 2.029999999999999800 ) ) ;
#3332 = SURFACE_STYLE_FILL_AREA ( #10064 ) ;
#3333 = ORIENTED_EDGE ( 'NONE', *, *, #10311, .F. ) ;
#3334 = EDGE_CURVE ( 'NONE', #1511, #8182, #329, .T. ) ;
#3335 = CARTESIAN_POINT ( 'NONE',  ( 0.7928510596645589300, -0.2265292009819694900, 2.030000000000000700 ) ) ;
#3336 = EDGE_CURVE ( 'NONE', #6057, #6759, #9123, .T. ) ;
#3337 = LINE ( 'NONE', #42, #867 ) ;
#3338 = CARTESIAN_POINT ( 'NONE',  ( 0.5535256410256486100, 0.4660048214197502500, 2.025000000000000400 ) ) ;
#3339 = UNCERTAINTY_MEASURE_WITH_UNIT (LENGTH_MEASURE( 1.000000000000000100E-005 ), #4904, 'distance_accuracy_value', 'NONE');
#3340 = FACE_OUTER_BOUND ( 'NONE', #6448, .T. ) ;
#3341 = B_SPLINE_CURVE_WITH_KNOTS ( 'NONE', 3,
 ( #3015, #7907, #3841, #9580, #4673, #10432, #5487, #521, #6307, #1365, #7133 ),
 .UNSPECIFIED., .F., .F.,
 ( 4, 1, 1, 1, 1, 1, 1, 1, 4 ),
 ( 0.0000000000000000000, 0.09027921465001573200, 0.1895299184469586800, 0.2991978724002879500, 0.4189258867738195900, 0.5483762854012482800, 0.6881363695386812900, 0.8390835016589204300, 1.000000000000000000 ),
 .UNSPECIFIED. ) ;
#3342 = SURFACE_STYLE_FILL_AREA ( #7072 ) ;
#3343 = CARTESIAN_POINT ( 'NONE',  ( -0.7580128205128133800, 0.2300072252659039800, 2.030000000000000200 ) ) ;
#3344 = CARTESIAN_POINT ( 'NONE',  ( -1.117810729785262900, -0.1637028013137657400, 2.025000000000000400 ) ) ;
#3345 = CARTESIAN_POINT ( 'NONE',  ( 1.579042694980131300, 1.344042694980131600, 0.8348230017888597100 ) ) ;
#3346 = ORIENTED_EDGE ( 'NONE', *, *, #8021, .T. ) ;
#3347 = SURFACE_STYLE_USAGE ( .BOTH. , #8273 ) ;
#3348 =( GEOMETRIC_REPRESENTATION_CONTEXT ( 3 ) GLOBAL_UNCERTAINTY_ASSIGNED_CONTEXT ( ( #2062 ) ) GLOBAL_UNIT_ASSIGNED_CONTEXT ( ( #3825, #9569, #4656 ) ) REPRESENTATION_CONTEXT ( 'NONE', 'WORKASPACE' ) );
#3349 = EDGE_LOOP ( 'NONE', ( #7066, #1814, #9415, #7674 ) ) ;
#3350 = ORIENTED_EDGE ( 'NONE', *, *, #9113, .F. ) ;
#3351 =( NAMED_UNIT ( * ) SI_UNIT ( $, .STERADIAN. ) SOLID_ANGLE_UNIT ( ) );
#3352 = EDGE_LOOP ( 'NONE', ( #4426, #4513, #3921, #3092 ) ) ;
#3353 = VECTOR ( 'NONE', #1612, 1000.000000000000000 ) ;
#3354 = COLOUR_RGB ( '',0.6862745098039215700, 0.6078431372549019100, 0.5294117647058823600 ) ;
#3355 = EDGE_CURVE ( 'NONE', #1097, #10302, #7220, .T. ) ;
#3356 = LINE ( 'NONE', #5267, #3099 ) ;
#3357 = CARTESIAN_POINT ( 'NONE',  ( 0.8176353086143305400, -0.1729935647906351800, 2.029999999999999400 ) ) ;
#3358 = DIRECTION ( 'NONE',  ( -0.0000000000000000000, -0.0000000000000000000, 1.000000000000000000 ) ) ;
#3359 =( LENGTH_UNIT ( ) NAMED_UNIT ( * ) SI_UNIT ( .MILLI., .METRE. ) );
#3360 = DIRECTION ( 'NONE',  ( 0.0000000000000000000, 0.0000000000000000000, -1.000000000000000000 ) ) ;
#3361 = CARTESIAN_POINT ( 'NONE',  ( 0.7313501602564177500, -0.6693517490930703800, 2.030000000000000200 ) ) ;
#3362 = FILL_AREA_STYLE ('',( #7444 ) ) ;
#3363 = PRESENTATION_LAYER_ASSIGNMENT (  '', '', ( #2236 ) ) ;
#3364 = CARTESIAN_POINT ( 'NONE',  ( -0.08059959154128101800, -0.2492732868610404400, 2.030000000000000700 ) ) ;
#3365 = ORIENTED_EDGE ( 'NONE', *, *, #3336, .T. ) ;
#3366 = CARTESIAN_POINT ( 'NONE',  ( -1.047321949963705600, -0.2580048499920562500, 2.025000000000000400 ) ) ;
#3367 = AXIS2_PLACEMENT_3D ( 'NONE', #9443, #4526, #10276 ) ;
#3368 = CARTESIAN_POINT ( 'NONE',  ( -1.156666023940447400, -0.1616870593210397400, 2.030000000000000700 ) ) ;
#3369 = DIRECTION ( 'NONE',  ( 0.0000000000000000000, -0.0000000000000000000, 1.000000000000000000 ) ) ;
#3370 = EDGE_CURVE ( 'NONE', #2166, #9230, #3261, .T. ) ;
#3371 = ORIENTED_EDGE ( 'NONE', *, *, #3858, .T. ) ;
#3372 = FILL_AREA_STYLE_COLOUR ( '', #8947 ) ;
#3373 =( NAMED_UNIT ( * ) SI_UNIT ( $, .STERADIAN. ) SOLID_ANGLE_UNIT ( ) );
#3374 = ORIENTED_EDGE ( 'NONE', *, *, #1972, .T. ) ;
#3375 = AXIS2_PLACEMENT_3D ( 'NONE', #724, #6508, #1565 ) ;
#3376 = CARTESIAN_POINT ( 'NONE',  ( -0.9448717948717880700, -0.5555396497340959700, 2.030000000000000200 ) ) ;
#3377 =( GEOMETRIC_REPRESENTATION_CONTEXT ( 3 ) GLOBAL_UNCERTAINTY_ASSIGNED_CONTEXT ( ( #4056 ) ) GLOBAL_UNIT_ASSIGNED_CONTEXT ( ( #385, #6181, #1235 ) ) REPRESENTATION_CONTEXT ( 'NONE', 'WORKASPACE' ) );
#3379 = CARTESIAN_POINT ( 'NONE',  ( 0.05641025641026350300, 0.3465737316761604000, 2.025000000000000400 ) ) ;
#3378 = MECHANICAL_DESIGN_GEOMETRIC_PRESENTATION_REPRESENTATION (  '', ( #1702 ), #3928 ) ;
#3380 = CARTESIAN_POINT ( 'NONE',  ( -0.9873882307750868600, -0.2914636076646174900, 2.024999999999999900 ) ) ;
#3381 = FILL_AREA_STYLE ('',( #8301 ) ) ;
#3382 = PLANE ( 'NONE',  #1709 ) ;
#3383 = PRESENTATION_LAYER_ASSIGNMENT (  '', '', ( #1164 ) ) ;
#3384 = B_SPLINE_CURVE_WITH_KNOTS ( 'NONE', 3,
 ( #10445, #4757, #5570, #602, #6396, #1447, #7226, #2281, #8053, #3135, #8884, #3955, #9700, #4788, #10543 ),
 .UNSPECIFIED., .F., .F.,
 ( 4, 1, 1, 1, 1, 1, 1, 1, 1, 1, 1, 1, 4 ),
 ( 0.0000000000000000000, 0.09846943102555794100, 0.1896291011376326200, 0.2741840894379705100, 0.3521831609671547400, 0.4231988731834703300, 0.4885509460005332300, 0.5484733460279378500, 0.6014401636178723400, 0.7011980824257657600, 0.7995918021381839300, 0.8985450984822275200, 1.000000000000000000 ),
 .UNSPECIFIED. ) ;
#3385 = B_SPLINE_SURFACE_WITH_KNOTS ( 'NONE', 3, 1, ( 
 ( #10409, #8782 ),
 ( #3855, #9593 ),
 ( #4684, #10444 ),
 ( #5501, #532 ),
 ( #6321, #1378 ),
 ( #7147, #2214 ),
 ( #7990, #3060 ),
 ( #8818, #3890 ),
 ( #9628, #4717 ),
 ( #10476, #5543 ),
 ( #564, #6354 ),
 ( #1416, #7183 ),
 ( #2250, #8016 ),
 ( #3102, #8847 ),
 ( #3923, #9666 ) ),
 .UNSPECIFIED., .F., .F., .F.,
 ( 4, 1, 1, 1, 1, 1, 1, 1, 1, 1, 1, 1, 4 ),
 ( 2, 2 ),
 ( 0.0000000000000000000, 0.1060574933033968100, 0.2029142570846100800, 0.2903001653958378100, 0.3702225656250400800, 0.4463837207709704900, 0.5213968999648274100, 0.5982910828464567100, 0.6761424688569279700, 0.7555286995560225300, 0.8348871724576576400, 0.9166460487466413500, 1.000000000000000000 ),
 ( 0.0000000000000000000, 1.000000000000000000 ),
 .UNSPECIFIED. ) ;
#3386 = ORIENTED_EDGE ( 'NONE', *, *, #4622, .T. ) ;
#3387 = FACE_OUTER_BOUND ( 'NONE', #173, .T. ) ;
#3388 = CARTESIAN_POINT ( 'NONE',  ( 0.8782881267306712500, -0.2363681280963132500, 2.025000000000000400 ) ) ;
#3389 = SURFACE_SIDE_STYLE ('',( #3081 ) ) ;
#3390 =( LENGTH_UNIT ( ) NAMED_UNIT ( * ) SI_UNIT ( .MILLI., .METRE. ) );
#3391 = CARTESIAN_POINT ( 'NONE',  ( 0.7928681942774042900, -0.4248111111335856600, 2.030000000000000200 ) ) ;
#3392 = CARTESIAN_POINT ( 'NONE',  ( -0.2539306673057399300, -0.6641390138709774000, 2.030000000000000200 ) ) ;
#3393 = DIRECTION ( 'NONE',  ( 1.000000000000000000, 2.551063935260010500E-016, 0.0000000000000000000 ) ) ;
#3394 = CARTESIAN_POINT ( 'NONE',  ( -0.7580128205128133800, 0.2300072252659039800, 2.025000000000000400 ) ) ;
#3395 =( NAMED_UNIT ( * ) PLANE_ANGLE_UNIT ( ) SI_UNIT ( $, .RADIAN. ) );
#3396 = FACE_OUTER_BOUND ( 'NONE', #1786, .T. ) ;
#3397 = ORIENTED_EDGE ( 'NONE', *, *, #5127, .T. ) ;
#3398 = CARTESIAN_POINT ( 'NONE',  ( -1.090101587648187200, -0.2263482831100041600, 2.029999999999999800 ) ) ;
#3399 = ORIENTED_EDGE ( 'NONE', *, *, #1110, .F. ) ;
#3400 = PRESENTATION_STYLE_ASSIGNMENT (( #7742 ) ) ;
#3401 = CARTESIAN_POINT ( 'NONE',  ( -1.017959280506040500, -0.2103083520465521500, 2.030000000000000200 ) ) ;
#3402 = LINE ( 'NONE', #5826, #6349 ) ;
#3403 = SURFACE_STYLE_USAGE ( .BOTH. , #8325 ) ;
#3404 =( NAMED_UNIT ( * ) SI_UNIT ( $, .STERADIAN. ) SOLID_ANGLE_UNIT ( ) );
#3405 = UNCERTAINTY_MEASURE_WITH_UNIT (LENGTH_MEASURE( 1.000000000000000100E-005 ), #5270, 'distance_accuracy_value', 'NONE');
#3406 = VECTOR ( 'NONE', #2357, 1000.000000000000000 ) ;
#3407 = CARTESIAN_POINT ( 'NONE',  ( -1.077569897705100700, -0.4590563518913265400, 2.025000000000000400 ) ) ;
#3408 = FILL_AREA_STYLE ('',( #1734 ) ) ;
#3409 = DIRECTION ( 'NONE',  ( 0.0000000000000000000, 0.0000000000000000000, -1.000000000000000000 ) ) ;
#3410 = VECTOR ( 'NONE', #3114, 1000.000000000000000 ) ;
#3411 = ORIENTED_EDGE ( 'NONE', *, *, #1821, .F. ) ;
#3412 = LINE ( 'NONE', #902, #7784 ) ;
#3413 = AXIS2_PLACEMENT_3D ( 'NONE', #8341, #7476, #6718 ) ;
#3414 = CARTESIAN_POINT ( 'NONE',  ( -0.9715624026183047300, -0.6426910488495620700, 2.025000000000000400 ) ) ;
#3415 = EDGE_LOOP ( 'NONE', ( #355, #1733, #1211 ) ) ;
#3416 = CARTESIAN_POINT ( 'NONE',  ( -1.146338754501321300, -0.3928456579706814400, 2.025000000000000400 ) ) ;
#3417 = DIRECTION ( 'NONE',  ( -0.3896399908366979800, 0.9209672510685589200, 0.0000000000000000000 ) ) ;
#3418 = EDGE_CURVE ( 'NONE', #835, #4742, #5709, .T. ) ;
#3419 = LINE ( 'NONE', #4377, #5596 ) ;
#3420 = CARTESIAN_POINT ( 'NONE',  ( 1.715923716737710800, 0.3935000000002397700, 1.170000000000008600 ) ) ;
#3421 = ADVANCED_FACE ( 'NONE', ( #1059 ), #1063, .F. ) ;
#3422 = ORIENTED_EDGE ( 'NONE', *, *, #8024, .T. ) ;
#3423 = CARTESIAN_POINT ( 'NONE',  ( -0.9706868258709783200, -0.4702004967219094400, 2.025000000000000400 ) ) ;
#3424 = ORIENTED_EDGE ( 'NONE', *, *, #8742, .F. ) ;
#3425 = FILL_AREA_STYLE_COLOUR ( '', #10691 ) ;
#3426 = LINE ( 'NONE', #10599, #9715 ) ;
#3427 = CARTESIAN_POINT ( 'NONE',  ( 0.7313501602564177500, -0.7257620055033268100, 2.030000000000000200 ) ) ;
#3428 = LINE ( 'NONE', #8260, #9716 ) ;
#3429 = CARTESIAN_POINT ( 'NONE',  ( -0.1137019230769161400, -0.5776850824264037100, 2.025000000000000400 ) ) ;
#3430 =( LENGTH_UNIT ( ) NAMED_UNIT ( * ) SI_UNIT ( .MILLI., .METRE. ) );
#3431 = CARTESIAN_POINT ( 'NONE',  ( 0.6000000000000000900, -1.250000000000000000, 0.02000000000000000000 ) ) ;
#3432 = ORIENTED_EDGE ( 'NONE', *, *, #5556, .F. ) ;
#3433 =( NAMED_UNIT ( * ) PLANE_ANGLE_UNIT ( ) SI_UNIT ( $, .RADIAN. ) );
#3434 =( LENGTH_UNIT ( ) NAMED_UNIT ( * ) SI_UNIT ( .MILLI., .METRE. ) );
#3435 = EDGE_LOOP ( 'NONE', ( #8807, #4236, #10097, #4886, #10431, #9434, #10568 ) ) ;
#3436 =( LENGTH_UNIT ( ) NAMED_UNIT ( * ) SI_UNIT ( .MILLI., .METRE. ) );
#3437 = AXIS2_PLACEMENT_3D ( 'NONE', #7383, #2443, #8220 ) ;
#3438 = CARTESIAN_POINT ( 'NONE',  ( -0.07051282051281362900, -0.6104074381956343700, 2.025000000000000400 ) ) ;
#3439 = FILL_AREA_STYLE_COLOUR ( '', #10115 ) ;
#3440 = AXIS2_PLACEMENT_3D ( 'NONE', #6923, #512, #3862 ) ;
#3441 = VERTEX_POINT ( 'NONE', #6875 ) ;
#3442 = FILL_AREA_STYLE ('',( #5853 ) ) ;
#3443 = CARTESIAN_POINT ( 'NONE',  ( -0.5422371281360420800, -0.6227359244427236300, 2.025000000000000400 ) ) ;
#3444 = STYLED_ITEM ( 'NONE', ( #1769 ), #8383 ) ;
#3445 = LINE ( 'NONE', #8979, #7818 ) ;
#3446 = CARTESIAN_POINT ( 'NONE',  ( -1.048400647130547100, -0.7006553180625649800, 2.030000000000000200 ) ) ;
#3447 = CARTESIAN_POINT ( 'NONE',  ( -1.036697355733169100, -0.3035521142272234500, 2.025000000000000800 ) ) ;
#3448 = COLOUR_RGB ( '',1.000000000000000000, 0.7176470588235294200, 0.2470588235294117800 ) ;
#3449 = CARTESIAN_POINT ( 'NONE',  ( 0.7675978214677741100, -0.4704966015211112800, 2.029999999999999800 ) ) ;
#3450 = VERTEX_POINT ( 'NONE', #6014 ) ;
#3451 = FILL_AREA_STYLE ('',( #7507 ) ) ;
#3452 = CARTESIAN_POINT ( 'NONE',  ( -1.850000000000005200, 0.4749999999999998100, 1.169999999999999900 ) ) ;
#3453 = DIRECTION ( 'NONE',  ( 1.000000000000000000, 0.0000000000000000000, 0.0000000000000000000 ) ) ;
#3454 = LINE ( 'NONE', #3109, #9747 ) ;
#3455 = AXIS2_PLACEMENT_3D ( 'NONE', #1591, #7362, #2420 ) ;
#3456 = COLOUR_RGB ( '',0.7294117647058823200, 0.3568627450980392200, 0.02352941176470588200 ) ;
#3457 = ORIENTED_EDGE ( 'NONE', *, *, #5927, .T. ) ;
#3458 =( NAMED_UNIT ( * ) SI_UNIT ( $, .STERADIAN. ) SOLID_ANGLE_UNIT ( ) );
#3459 = AXIS2_PLACEMENT_3D ( 'NONE', #9803, #4892, #10638 ) ;
#3460 = CARTESIAN_POINT ( 'NONE',  ( 0.5906895290482346800, -0.6488339001038343500, 2.029999999999999800 ) ) ;
#3461 = EDGE_CURVE ( 'NONE', #10303, #9296, #271, .T. ) ;
#3462 = CARTESIAN_POINT ( 'NONE',  ( -1.181273035634985600, -0.4507767906514070800, 2.030000000000000200 ) ) ;
#3463 = CARTESIAN_POINT ( 'NONE',  ( 1.767435613077530200, -0.3876494179582691300, 1.158224205296702000 ) ) ;
#3464 = CARTESIAN_POINT ( 'NONE',  ( -1.095977324129372900, -0.6524715200160559100, 2.030000000000000200 ) ) ;
#3465 = CARTESIAN_POINT ( 'NONE',  ( -0.1164990134398226900, -0.6593388992117691400, 2.025000000000000400 ) ) ;
#3466 = LINE ( 'NONE', #5767, #5406 ) ;
#3467 = FILL_AREA_STYLE_COLOUR ( '', #7059 ) ;
#3468 = ORIENTED_EDGE ( 'NONE', *, *, #8120, .T. ) ;
#3469 = VECTOR ( 'NONE', #10571, 1000.000000000000100 ) ;
#3470 = DIRECTION ( 'NONE',  ( 0.0000000000000000000, -1.000000000000000000, 0.0000000000000000000 ) ) ;
#3471 = ORIENTED_EDGE ( 'NONE', *, *, #10714, .F. ) ;
#3472 = VERTEX_POINT ( 'NONE', #2771 ) ;
#3473 = CARTESIAN_POINT ( 'NONE',  ( 1.050641025641033500, -0.2180696978110190400, 2.025000000000000400 ) ) ;
#3474 = ORIENTED_EDGE ( 'NONE', *, *, #1343, .T. ) ;
#3475 = VERTEX_POINT ( 'NONE', #258 ) ;
#3476 = ADVANCED_FACE ( 'NONE', ( #6611 ), #6053, .T. ) ;
#3477 = FILL_AREA_STYLE_COLOUR ( '', #7140 ) ;
#3478 = ORIENTED_EDGE ( 'NONE', *, *, #8507, .F. ) ;
#3479 = CARTESIAN_POINT ( 'NONE',  ( 0.2397435897435968600, 0.7800072252659040500, 2.025000000000000400 ) ) ;
#3480 = VECTOR ( 'NONE', #5334, 999.9999999999998900 ) ;
#3481 = CARTESIAN_POINT ( 'NONE',  ( 0.6370273586616996800, -0.6175333695997353700, 2.030000000000000200 ) ) ;
#3482 = B_SPLINE_CURVE_WITH_KNOTS ( 'NONE', 3,
 ( #4953, #9870, #1656, #7422, #2483, #8264, #3327, #9066, #4165, #9912, #4987, #24, #5816, #860, #6639 ),
 .UNSPECIFIED., .F., .F.,
 ( 4, 1, 1, 1, 1, 1, 1, 1, 1, 1, 1, 1, 4 ),
 ( 0.0000000000000000000, 0.08378537065370982000, 0.1657798879221416600, 0.2462800078932624000, 0.3274609277363897400, 0.4087969540320678400, 0.4897152412309883100, 0.5713760321300525000, 0.6555233211112765400, 0.7410194827999727600, 0.8265467605037607500, 0.9119888516548333400, 0.9999999999999998900 ),
 .UNSPECIFIED. ) ;
#3483 = LINE ( 'NONE', #10457, #7858 ) ;
#3485 = CARTESIAN_POINT ( 'NONE',  ( -1.269230769230762500, -0.7116594414007626500, 2.025000000000000400 ) ) ;
#3484 = CARTESIAN_POINT ( 'NONE',  ( 0.6000000000000000900, -1.149999999999999900, 0.02000000000000000000 ) ) ;
#3486 = COLOUR_RGB ( '',1.000000000000000000, 0.7176470588235294200, 0.2470588235294117800 ) ;
#3487 = EDGE_CURVE ( 'NONE', #8185, #5876, #1433, .T. ) ;
#3488 = EDGE_CURVE ( 'NONE', #8915, #8486, #1457, .T. ) ;
#3489 = COLOUR_RGB ( '',0.6862745098039215700, 0.6078431372549019100, 0.5294117647058823600 ) ;
#3490 = ORIENTED_EDGE ( 'NONE', *, *, #6984, .F. ) ;
#3491 = ORIENTED_EDGE ( 'NONE', *, *, #6864, .F. ) ;
#3492 = CARTESIAN_POINT ( 'NONE',  ( 0.3525641025641101900, 0.7800072252659041600, 2.025000000000000400 ) ) ;
#3493 = PRESENTATION_STYLE_ASSIGNMENT (( #985 ) ) ;
#3494 = FILL_AREA_STYLE ('',( #979 ) ) ;
#3495 = CARTESIAN_POINT ( 'NONE',  ( -0.1550752923696746000, -0.6180460272980083900, 2.025000000000000800 ) ) ;
#3496 = FACE_OUTER_BOUND ( 'NONE', #8955, .T. ) ;
#3497 = CARTESIAN_POINT ( 'NONE',  ( -0.9956583294854690600, -0.5383957503573976200, 2.030000000000000200 ) ) ;
#3498 =( NAMED_UNIT ( * ) PLANE_ANGLE_UNIT ( ) SI_UNIT ( $, .RADIAN. ) );
#3499 = PRESENTATION_LAYER_ASSIGNMENT (  '', '', ( #2354 ) ) ;
#3500 = DIRECTION ( 'NONE',  ( -0.9209995595737978700, -0.3895636164541940700, 0.0000000000000000000 ) ) ;
#3501 = ADVANCED_FACE ( 'NONE', ( #3396 ), #326, .T. ) ;
#3502 = CARTESIAN_POINT ( 'NONE',  ( 0.6611269671225150600, -0.2341835311507522200, 2.025000000000000400 ) ) ;
#3503 = ORIENTED_EDGE ( 'NONE', *, *, #1372, .T. ) ;
#3504 = SURFACE_SIDE_STYLE ('',( #3894 ) ) ;
#3505 = CARTESIAN_POINT ( 'NONE',  ( 1.798585745256998400, 0.3739233120503621100, 1.138409251160886300 ) ) ;
#3506 = CARTESIAN_POINT ( 'NONE',  ( -1.056082578051308100, -0.6432357844246664500, 2.025000000000001700 ) ) ;
#3507 = AXIS2_PLACEMENT_3D ( 'NONE', #8428, #3513, #9253 ) ;
#3508 = CARTESIAN_POINT ( 'NONE',  ( -0.9942307692307624800, -0.5555396497340959700, 2.030000000000000200 ) ) ;
#3509 = CARTESIAN_POINT ( 'NONE',  ( -0.2043664890677570600, -0.7089559895747183900, 2.030000000000000200 ) ) ;
#3510 = STYLED_ITEM ( 'NONE', ( #1330 ), #2838 ) ;
#3511 =( LENGTH_UNIT ( ) NAMED_UNIT ( * ) SI_UNIT ( .MILLI., .METRE. ) );
#3512 = PRESENTATION_LAYER_ASSIGNMENT (  '', '', ( #2958 ) ) ;
#3513 = DIRECTION ( 'NONE',  ( 1.000000000000000000, 1.527121336238285300E-016, 0.0000000000000000000 ) ) ;
#3514 = ORIENTED_EDGE ( 'NONE', *, *, #9486, .F. ) ;
#3515 = DIRECTION ( 'NONE',  ( 0.0000000000000000000, 0.0000000000000000000, -1.000000000000000000 ) ) ;
#3516 = DIRECTION ( 'NONE',  ( 1.000000000000000000, 0.0000000000000000000, -0.0000000000000000000 ) ) ;
#3517 = EDGE_CURVE ( 'NONE', #7617, #6530, #8345, .T. ) ;
#3518 = PRESENTATION_STYLE_ASSIGNMENT (( #8309 ) ) ;
#3519 =( NAMED_UNIT ( * ) SI_UNIT ( $, .STERADIAN. ) SOLID_ANGLE_UNIT ( ) );
#3520 = CARTESIAN_POINT ( 'NONE',  ( 0.7313501602564177500, -0.6693517490930703800, 2.025000000000000400 ) ) ;
#3522 = DIRECTION ( 'NONE',  ( 0.08682659386424503000, -0.08682659386424469700, -0.9924325091389675200 ) ) ;
#3521 =( NAMED_UNIT ( * ) PLANE_ANGLE_UNIT ( ) SI_UNIT ( $, .RADIAN. ) );
#3523 = CARTESIAN_POINT ( 'NONE',  ( -1.032898190927962400, -0.6941942289692602000, 2.025000000000000400 ) ) ;
#3524 = B_SPLINE_CURVE_WITH_KNOTS ( 'NONE', 3,
 ( #5877, #961, #7562, #2634, #8392, #3464, #9208, #4298, #10045, #5131, #156, #5949, #993, #6769, #1835, #7605, #2668, #8424, #3508 ),
 .UNSPECIFIED., .F., .F.,
 ( 4, 1, 1, 1, 1, 1, 1, 1, 1, 1, 1, 1, 1, 1, 1, 1, 4 ),
 ( 0.0000000000000000000, 0.07250248893303432000, 0.1397389892678948500, 0.2017951348259224300, 0.2598219344148626200, 0.3122059893845978700, 0.3607734341243376600, 0.4045403426007488900, 0.4436980985527631000, 0.5168407942439696700, 0.5878743359442815100, 0.6579654175616305200, 0.7289693886473113100, 0.7993077199548834800, 0.8666357778344708800, 0.9331163290572740400, 1.000000000000000000 ),
 .UNSPECIFIED. ) ;
#3525 =( LENGTH_UNIT ( ) NAMED_UNIT ( * ) SI_UNIT ( .MILLI., .METRE. ) );
#3526 = STYLED_ITEM ( 'NONE', ( #4448 ), #4450 ) ;
#3528 = CARTESIAN_POINT ( 'NONE',  ( 0.7928681942774042900, -0.4248111111335856600, 2.030000000000000200 ) ) ;
#3527 = MECHANICAL_DESIGN_GEOMETRIC_PRESENTATION_REPRESENTATION (  '', ( #1858 ), #7005 ) ;
#3529 = VERTEX_POINT ( 'NONE', #7845 ) ;
#3530 = ORIENTED_EDGE ( 'NONE', *, *, #8329, .T. ) ;
#3531 = CARTESIAN_POINT ( 'NONE',  ( -1.031164580142382800, -0.4808496753573042200, 2.025000000000000400 ) ) ;
#3532 =( NAMED_UNIT ( * ) PLANE_ANGLE_UNIT ( ) SI_UNIT ( $, .RADIAN. ) );
#3533 = ADVANCED_FACE ( 'NONE', ( #9172 ), #2087, .F. ) ;
#3534 = CARTESIAN_POINT ( 'NONE',  ( 0.7588942307692383400, -0.3994198580674293000, 2.025000000000000800 ) ) ;
#3535 = CARTESIAN_POINT ( 'NONE',  ( 1.575499432001160400, 1.440118901810335100, 0.7856077463420148000 ) ) ;
#3536 = LINE ( 'NONE', #842, #7650 ) ;
#3537 = LINE ( 'NONE', #6022, #5710 ) ;
#3538 = ORIENTED_EDGE ( 'NONE', *, *, #4462, .T. ) ;
#3539 = CARTESIAN_POINT ( 'NONE',  ( -0.3615106277746326600, -0.7225214126199160900, 2.025000000000000800 ) ) ;
#3540 = CARTESIAN_POINT ( 'NONE',  ( -0.5937399839743517900, 0.4626995329582116500, 2.025000000000000400 ) ) ;
#3541 = CARTESIAN_POINT ( 'NONE',  ( -0.1269230769230698400, 0.7800072252659040500, 2.030000000000000200 ) ) ;
#3542 = CARTESIAN_POINT ( 'NONE',  ( -0.9983146188782480200, -0.5830435335990660200, 2.029999999999999800 ) ) ;
#3543 = SURFACE_STYLE_USAGE ( .BOTH. , #8462 ) ;
#3544 = CARTESIAN_POINT ( 'NONE',  ( -0.3098157051281981700, -0.7257620055033268100, 2.025000000000000400 ) ) ;
#3545 = UNCERTAINTY_MEASURE_WITH_UNIT (LENGTH_MEASURE( 1.000000000000000100E-005 ), #3091, 'distance_accuracy_value', 'NONE');
#3546 = COLOUR_RGB ( '',1.000000000000000000, 0.7176470588235294200, 0.2470588235294117800 ) ;
#3547 = CARTESIAN_POINT ( 'NONE',  ( 0.8223802478902125800, -0.5265210758841993900, 2.025000000000000800 ) ) ;
#3548 = FACE_OUTER_BOUND ( 'NONE', #5865, .T. ) ;
#3549 =( NAMED_UNIT ( * ) SI_UNIT ( $, .STERADIAN. ) SOLID_ANGLE_UNIT ( ) );
#3550 = EDGE_CURVE ( 'NONE', #7636, #4389, #5935, .T. ) ;
#3551 =( NAMED_UNIT ( * ) PLANE_ANGLE_UNIT ( ) SI_UNIT ( $, .RADIAN. ) );
#3552 = DIRECTION ( 'NONE',  ( 0.05233595624294396000, 0.0000000000000000000, 0.9986295347545739400 ) ) ;
#3553 = ADVANCED_FACE ( 'NONE', ( #8113 ), #6284, .T. ) ;
#3554 = EDGE_CURVE ( 'NONE', #9191, #2314, #2607, .T. ) ;
#3555 = ADVANCED_FACE ( 'NONE', ( #739 ), #6302, .T. ) ;
#3556 = FILL_AREA_STYLE_COLOUR ( '', #9608 ) ;
#3557 = ORIENTED_EDGE ( 'NONE', *, *, #8938, .F. ) ;
#3558 =( NAMED_UNIT ( * ) SI_UNIT ( $, .STERADIAN. ) SOLID_ANGLE_UNIT ( ) );
#3560 =( NAMED_UNIT ( * ) PLANE_ANGLE_UNIT ( ) SI_UNIT ( $, .RADIAN. ) );
#3559 = CARTESIAN_POINT ( 'NONE',  ( 0.8771666652195762000, -0.6332217182255807100, 2.030000000000001600 ) ) ;
#3561 = CARTESIAN_POINT ( 'NONE',  ( 0.2608974358974431900, -0.1616594414007626000, 2.030000000000000200 ) ) ;
#3562 = AXIS2_PLACEMENT_3D ( 'NONE', #7565, #2638, #8395 ) ;
#3563 = STYLED_ITEM ( 'NONE', ( #1388 ), #6215 ) ;
#3564 = ORIENTED_EDGE ( 'NONE', *, *, #3586, .F. ) ;
#3565 = CARTESIAN_POINT ( 'NONE',  ( -0.3104767628205059000, -0.1475568772981984700, 2.025000000000000400 ) ) ;
#3566 = CARTESIAN_POINT ( 'NONE',  ( 0.8731830221371373900, -0.5138413211074638300, 2.025000000000000400 ) ) ;
#3567 = CARTESIAN_POINT ( 'NONE',  ( -1.525252652248639400, 1.381885769650372600, 0.1200000000000000000 ) ) ;
#3568 = EDGE_CURVE ( 'NONE', #7080, #671, #10690, .T. ) ;
#3569 = ORIENTED_EDGE ( 'NONE', *, *, #5758, .T. ) ;
#3570 = CARTESIAN_POINT ( 'NONE',  ( 1.750000000000000900, -1.100000000000000100, 1.021000000000007900 ) ) ;
#3571 = SURFACE_STYLE_FILL_AREA ( #9828 ) ;
#3572 = CARTESIAN_POINT ( 'NONE',  ( 0.7928681942774042900, -0.4248111111335856600, 2.025000000000000400 ) ) ;
#3573 = CARTESIAN_POINT ( 'NONE',  ( 0.6426796248051039900, -0.3734816021406419100, 2.030000000000000200 ) ) ;
#3574 = FACE_OUTER_BOUND ( 'NONE', #8946, .T. ) ;
#3575 =( LENGTH_UNIT ( ) NAMED_UNIT ( * ) SI_UNIT ( .MILLI., .METRE. ) );
#3576 = AXIS2_PLACEMENT_3D ( 'NONE', #1679, #9657, #5788 ) ;
#3577 = ORIENTED_EDGE ( 'NONE', *, *, #198, .T. ) ;
#3578 = CARTESIAN_POINT ( 'NONE',  ( -0.4524090391861591600, -0.6955201740508494300, 2.030000000000002000 ) ) ;
#3579 = STYLED_ITEM ( 'NONE', ( #10051 ), #7678 ) ;
#3580 = LINE ( 'NONE', #980, #1358 ) ;
#3581 =( NAMED_UNIT ( * ) SI_UNIT ( $, .STERADIAN. ) SOLID_ANGLE_UNIT ( ) );
#3582 = DIRECTION ( 'NONE',  ( -0.0000000000000000000, -0.0000000000000000000, 1.000000000000000000 ) ) ;
#3583 = FILL_AREA_STYLE ('',( #1912 ) ) ;
#3584 = FILL_AREA_STYLE ('',( #1913 ) ) ;
#3585 = CARTESIAN_POINT ( 'NONE',  ( -0.5420091021021590200, -0.2507961670032882200, 2.029999999999999800 ) ) ;
#3586 = EDGE_CURVE ( 'NONE', #2960, #5593, #9470, .T. ) ;
#3587 = ORIENTED_EDGE ( 'NONE', *, *, #6922, .T. ) ;
#3588 =( GEOMETRIC_REPRESENTATION_CONTEXT ( 3 ) GLOBAL_UNCERTAINTY_ASSIGNED_CONTEXT ( ( #3679 ) ) GLOBAL_UNIT_ASSIGNED_CONTEXT ( ( #409, #6204, #1260 ) ) REPRESENTATION_CONTEXT ( 'NONE', 'WORKASPACE' ) );
#3589 = ADVANCED_FACE ( 'NONE', ( #8505 ), #576, .F. ) ;
#3590 = LINE ( 'NONE', #7869, #3313 ) ;
#3591 = STYLED_ITEM ( 'NONE', ( #1714 ), #1729 ) ;
#3592 = CARTESIAN_POINT ( 'NONE',  ( 1.525252652248629800, -1.290252652248629100, 0.2199999999999999700 ) ) ;
#3593 = ORIENTED_EDGE ( 'NONE', *, *, #561, .T. ) ;
#3594 =( NAMED_UNIT ( * ) PLANE_ANGLE_UNIT ( ) SI_UNIT ( $, .RADIAN. ) );
#3596 = SURFACE_SIDE_STYLE ('',( #1496 ) ) ;
#3595 = CARTESIAN_POINT ( 'NONE',  ( 0.8056649797553513400, -0.7086638249796701800, 2.025000000000001200 ) ) ;
#3597 = CARTESIAN_POINT ( 'NONE',  ( -1.077569897705100700, -0.4590563518913265400, 2.030000000000000200 ) ) ;
#3598 = MECHANICAL_DESIGN_GEOMETRIC_PRESENTATION_REPRESENTATION (  '', ( #1936 ), #4147 ) ;
#3599 = CARTESIAN_POINT ( 'NONE',  ( -0.2916486962254549200, -0.1477826102129005700, 2.024999999999999900 ) ) ;
#3600 = LINE ( 'NONE', #1032, #7707 ) ;
#3601 = LINE ( 'NONE', #2393, #5516 ) ;
#3602 = CARTESIAN_POINT ( 'NONE',  ( -1.084244791666660000, -0.4572624061443523700, 2.025000000000000400 ) ) ;
#3603 = ORIENTED_EDGE ( 'NONE', *, *, #4418, .F. ) ;
#3604 = ORIENTED_EDGE ( 'NONE', *, *, #9101, .T. ) ;
#3605 = CARTESIAN_POINT ( 'NONE',  ( 0.8193810096153920600, -0.5221562362725574700, 2.025000000000000400 ) ) ;
#3606 = DIRECTION ( 'NONE',  ( 1.000000000000000000, 0.0000000000000000000, 0.0000000000000000000 ) ) ;
#3607 = ADVANCED_FACE ( 'NONE', ( #1150 ), #5579, .F. ) ;
#3608 = ADVANCED_FACE ( 'NONE', ( #6951 ), #6402, .T. ) ;
#3609 = PRESENTATION_STYLE_ASSIGNMENT (( #3915 ) ) ;
#3610 = VECTOR ( 'NONE', #7062, 1000.000000000000000 ) ;
#3611 = CARTESIAN_POINT ( 'NONE',  ( -0.5331920860941376000, -0.6335170657795308200, 2.025000000000000400 ) ) ;
#3612 = FACE_OUTER_BOUND ( 'NONE', #4914, .T. ) ;
#3613 = FILL_AREA_STYLE_COLOUR ( '', #15 ) ;
#3614 = ORIENTED_EDGE ( 'NONE', *, *, #3636, .T. ) ;
#3615 = EDGE_CURVE ( 'NONE', #3666, #6992, #1792, .T. ) ;
#3616 = CARTESIAN_POINT ( 'NONE',  ( -1.700000000000005300, -0.4750000000000002600, 1.170000000000000200 ) ) ;
#3617 = EDGE_LOOP ( 'NONE', ( #8237, #3557, #3155, #751 ) ) ;
#3618 = CARTESIAN_POINT ( 'NONE',  ( -0.1798076923076852000, 0.7800072252659040500, 2.030000000000000200 ) ) ;
#3619 = ORIENTED_EDGE ( 'NONE', *, *, #2966, .F. ) ;
#3620 = VERTEX_POINT ( 'NONE', #2350 ) ;
#3621 = DIRECTION ( 'NONE',  ( 0.0000000000000000000, -1.000000000000000000, 1.445602896647341900E-016 ) ) ;
#3622 = LINE ( 'NONE', #4502, #1655 ) ;
#3623 = CIRCLE ( 'NONE', #8538, 0.1469999999999993000 ) ;
#3624 = CARTESIAN_POINT ( 'NONE',  ( 0.6718756953191530300, -0.7150972638146121400, 2.030000000000000700 ) ) ;
#3625 = UNCERTAINTY_MEASURE_WITH_UNIT (LENGTH_MEASURE( 1.000000000000000100E-005 ), #4768, 'distance_accuracy_value', 'NONE');
#3626 = DIRECTION ( 'NONE',  ( 0.0000000000000000000, 0.0000000000000000000, -1.000000000000000000 ) ) ;
#3627 = CARTESIAN_POINT ( 'NONE',  ( -1.710000000000005100, 1.100000000000000100, 1.169999999999999700 ) ) ;
#3628 = CYLINDRICAL_SURFACE ( 'NONE', #490, 0.1000000000000000500 ) ;
#3629 = DIRECTION ( 'NONE',  ( -0.4283511191562788800, -0.9036123719369734100, 0.0000000000000000000 ) ) ;
#3630 = PRESENTATION_STYLE_ASSIGNMENT (( #5755 ) ) ;
#3632 = DIRECTION ( 'NONE',  ( -0.08682659386424404500, 0.08682659386424421100, -0.9924325091389677400 ) ) ;
#3631 = CARTESIAN_POINT ( 'NONE',  ( 0.7313501602564177500, -0.7257620055033268100, 2.030000000000000200 ) ) ;
#3633 = VERTEX_POINT ( 'NONE', #7297 ) ;
#3634 = CARTESIAN_POINT ( 'NONE',  ( -0.4971153846153774100, 0.7800072252659040500, 2.030000000000000200 ) ) ;
#3635 = EDGE_CURVE ( 'NONE', #9191, #1018, #3747, .T. ) ;
#3636 = EDGE_CURVE ( 'NONE', #9889, #6106, #3984, .T. ) ;
#3637 = AXIS2_PLACEMENT_3D ( 'NONE', #5610, #644, #6441 ) ;
#3638 = CARTESIAN_POINT ( 'NONE',  ( -0.1876158025297964800, -0.1706186053817996300, 2.030000000000001100 ) ) ;
#3639 = DIRECTION ( 'NONE',  ( 0.4190581774617469500, -0.9079593845004517700, 0.0000000000000000000 ) ) ;
#3640 = ORIENTED_EDGE ( 'NONE', *, *, #2343, .T. ) ;
#3641 = CARTESIAN_POINT ( 'NONE',  ( 1.150000000000005200, -1.100000000000000100, 0.1000000000000054900 ) ) ;
#3642 = FILL_AREA_STYLE ('',( #8556 ) ) ;
#3643 = PRESENTATION_LAYER_ASSIGNMENT (  '', '', ( #2508 ) ) ;
#3644 = ADVANCED_FACE ( 'NONE', ( #5926 ), #5680, .F. ) ;
#3645 = CARTESIAN_POINT ( 'NONE',  ( -0.2377581022545687500, -0.7184437765578692800, 2.025000000000000400 ) ) ;
#3646 = COLOUR_RGB ( '',0.7294117647058823200, 0.3568627450980392200, 0.02352941176470588200 ) ;
#3647 = CARTESIAN_POINT ( 'NONE',  ( -0.1137019230769161400, -0.2956338003751216000, 2.030000000000000200 ) ) ;
#3648 = CARTESIAN_POINT ( 'NONE',  ( -0.6585786437626902600, 1.208578643762690400, 0.02000000000000003500 ) ) ;
#3649 = PLANE ( 'NONE',  #3991 ) ;
#3650 =( NAMED_UNIT ( * ) SI_UNIT ( $, .STERADIAN. ) SOLID_ANGLE_UNIT ( ) );
#3651 = PRESENTATION_LAYER_ASSIGNMENT (  '', '', ( #2523 ) ) ;
#3652 = SURFACE_SIDE_STYLE ('',( #10522 ) ) ;
#3653 = ORIENTED_EDGE ( 'NONE', *, *, #778, .F. ) ;
#3654 = FACE_OUTER_BOUND ( 'NONE', #8005, .T. ) ;
#3655 = CARTESIAN_POINT ( 'NONE',  ( 0.6000981660105745300, -0.6609870274100556600, 2.025000000000000400 ) ) ;
#3656 =( LENGTH_UNIT ( ) NAMED_UNIT ( * ) SI_UNIT ( .MILLI., .METRE. ) );
#3657 = ADVANCED_FACE ( 'NONE', ( #2965 ), #5719, .T. ) ;
#3658 = UNCERTAINTY_MEASURE_WITH_UNIT (LENGTH_MEASURE( 1.000000000000000100E-005 ), #5077, 'distance_accuracy_value', 'NONE');
#3659 = DIRECTION ( 'NONE',  ( -1.000000000000000000, 0.0000000000000000000, 0.0000000000000000000 ) ) ;
#3660 =( LENGTH_UNIT ( ) NAMED_UNIT ( * ) SI_UNIT ( .MILLI., .METRE. ) );
#3662 = CARTESIAN_POINT ( 'NONE',  ( 7.094747966202019600E-015, -0.7116594414007626500, 2.030000000000000200 ) ) ;
#3661 =( NAMED_UNIT ( * ) SI_UNIT ( $, .STERADIAN. ) SOLID_ANGLE_UNIT ( ) );
#3663 = VECTOR ( 'NONE', #8529, 999.9999999999998900 ) ;
#3664 = CYLINDRICAL_SURFACE ( 'NONE', #2745, 0.1000000000000000500 ) ;
#3665 = CARTESIAN_POINT ( 'NONE',  ( -0.5035268639185736000, -0.6623778441305442400, 2.030000000000000200 ) ) ;
#3666 = VERTEX_POINT ( 'NONE', #10692 ) ;
#3667 = ORIENTED_EDGE ( 'NONE', *, *, #746, .F. ) ;
#3668 = CARTESIAN_POINT ( 'NONE',  ( -0.09148347525239004800, -0.2366808287791736500, 2.024999999999999900 ) ) ;
#3669 =( LENGTH_UNIT ( ) NAMED_UNIT ( * ) SI_UNIT ( .MILLI., .METRE. ) );
#3670 = CARTESIAN_POINT ( 'NONE',  ( 0.6977744259805397400, -0.6639989226056627300, 2.030000000000000200 ) ) ;
#3671 = VECTOR ( 'NONE', #3902, 1000.000000000000000 ) ;
#3672 = PRESENTATION_STYLE_ASSIGNMENT (( #6404 ) ) ;
#3673 = ORIENTED_EDGE ( 'NONE', *, *, #7553, .T. ) ;
#3674 = SURFACE_SIDE_STYLE ('',( #9592 ) ) ;
#3675 =( GEOMETRIC_REPRESENTATION_CONTEXT ( 3 ) GLOBAL_UNCERTAINTY_ASSIGNED_CONTEXT ( ( #1888 ) ) GLOBAL_UNIT_ASSIGNED_CONTEXT ( ( #7236, #2294, #8062 ) ) REPRESENTATION_CONTEXT ( 'NONE', 'WORKASPACE' ) );
#3676 = CARTESIAN_POINT ( 'NONE',  ( 0.4095252403846230100, 0.7800072252659041600, 2.030000000000000200 ) ) ;
#3677 = ORIENTED_EDGE ( 'NONE', *, *, #1473, .T. ) ;
#3678 = UNCERTAINTY_MEASURE_WITH_UNIT (LENGTH_MEASURE( 1.000000000000000100E-005 ), #3669, 'distance_accuracy_value', 'NONE');
#3679 = UNCERTAINTY_MEASURE_WITH_UNIT (LENGTH_MEASURE( 1.000000000000000100E-005 ), #409, 'distance_accuracy_value', 'NONE');
#3680 = CARTESIAN_POINT ( 'NONE',  ( -0.6999999999999998400, -1.250000000000000000, 0.1200000000000000000 ) ) ;
#3681 = VECTOR ( 'NONE', #8656, 1000.000000000000000 ) ;
#3682 = DIRECTION ( 'NONE',  ( 0.8576722029112570100, 0.5141968420297343700, 0.0000000000000000000 ) ) ;
#3683 = FILL_AREA_STYLE ('',( #2845 ) ) ;
#3684 = FILL_AREA_STYLE ('',( #2848 ) ) ;
#3685 = VERTEX_POINT ( 'NONE', #759 ) ;
#3686 = DIRECTION ( 'NONE',  ( -0.0000000000000000000, -0.0000000000000000000, 1.000000000000000000 ) ) ;
#3687 = ORIENTED_EDGE ( 'NONE', *, *, #9113, .T. ) ;
#3688 = CARTESIAN_POINT ( 'NONE',  ( -0.6205128205128133100, 0.4062892765479552700, 2.030000000000000200 ) ) ;
#3689 = EDGE_CURVE ( 'NONE', #4332, #5347, #2171, .T. ) ;
#3690 = CARTESIAN_POINT ( 'NONE',  ( -0.3779898431519368400, -0.2116441589276365200, 2.025000000000000400 ) ) ;
#3691 = VECTOR ( 'NONE', #2241, 1000.000000000000100 ) ;
#3692 = ADVANCED_FACE ( 'NONE', ( #6293 ), #5760, .T. ) ;
#3693 = VECTOR ( 'NONE', #10664, 1000.000000000000000 ) ;
#3694 = EDGE_CURVE ( 'NONE', #5535, #2121, #1136, .T. ) ;
#3695 = LINE ( 'NONE', #9045, #7019 ) ;
#3696 = DIRECTION ( 'NONE',  ( -0.08682659386424504400, 0.08682659386424471100, 0.9924325091389676300 ) ) ;
#3697 = VERTEX_POINT ( 'NONE', #2503 ) ;
#3698 = SURFACE_STYLE_USAGE ( .BOTH. , #8613 ) ;
#3699 = CARTESIAN_POINT ( 'NONE',  ( -0.4900641025640953800, 0.7800072252659040500, 2.025000000000000400 ) ) ;
#3700 = CARTESIAN_POINT ( 'NONE',  ( -0.5477338642595748200, -0.5070744953828809600, 2.025000000000000400 ) ) ;
#3701 = VERTEX_POINT ( 'NONE', #9088 ) ;
#3702 = COLOUR_RGB ( '',0.7294117647058823200, 0.3568627450980392200, 0.02352941176470588200 ) ;
#3703 =( GEOMETRIC_REPRESENTATION_CONTEXT ( 3 ) GLOBAL_UNCERTAINTY_ASSIGNED_CONTEXT ( ( #8126 ) ) GLOBAL_UNIT_ASSIGNED_CONTEXT ( ( #618, #6410, #1459 ) ) REPRESENTATION_CONTEXT ( 'NONE', 'WORKASPACE' ) );
#3704 = STYLED_ITEM ( 'NONE', ( #3726 ), #6836 ) ;
#3705 = CARTESIAN_POINT ( 'NONE',  ( 0.4681390224359046100, -0.7116594414007626500, 2.025000000000000400 ) ) ;
#3706 = ORIENTED_EDGE ( 'NONE', *, *, #71, .F. ) ;
#3707 = EDGE_CURVE ( 'NONE', #6814, #2451, #7716, .T. ) ;
#3708 = DIRECTION ( 'NONE',  ( -1.000000000000000000, -3.552334763092437900E-015, 0.0000000000000000000 ) ) ;
#3709 =( NAMED_UNIT ( * ) PLANE_ANGLE_UNIT ( ) SI_UNIT ( $, .RADIAN. ) );
#3710 = CARTESIAN_POINT ( 'NONE',  ( -1.004869864885418000, -0.6771502367297633800, 2.030000000000000200 ) ) ;
#3711 = SURFACE_STYLE_FILL_AREA ( #8199 ) ;
#3712 = LINE ( 'NONE', #3776, #8071 ) ;
#3713 = VERTEX_POINT ( 'NONE', #2466 ) ;
#3714 = DIRECTION ( 'NONE',  ( -0.0000000000000000000, -1.000000000000000000, -0.0000000000000000000 ) ) ;
#3715 = MECHANICAL_DESIGN_GEOMETRIC_PRESENTATION_REPRESENTATION (  '', ( #2045 ), #4275 ) ;
#3716 = CARTESIAN_POINT ( 'NONE',  ( 0.6300981570512894600, -0.3596462202469164500, 2.025000000000000400 ) ) ;
#3717 = UNCERTAINTY_MEASURE_WITH_UNIT (LENGTH_MEASURE( 1.000000000000000100E-005 ), #3733, 'distance_accuracy_value', 'NONE');
#3718 = SURFACE_SIDE_STYLE ('',( #8078 ) ) ;
#3719 = CARTESIAN_POINT ( 'NONE',  ( -0.1536842990767587100, -0.2558342963481118900, 2.030000000000000700 ) ) ;
#3720 =( NAMED_UNIT ( * ) SI_UNIT ( $, .STERADIAN. ) SOLID_ANGLE_UNIT ( ) );
#3721 = FACE_OUTER_BOUND ( 'NONE', #574, .T. ) ;
#3722 = VECTOR ( 'NONE', #824, 1000.000000000000000 ) ;
#3723 = EDGE_CURVE ( 'NONE', #8340, #2962, #3337, .T. ) ;
#3724 = CARTESIAN_POINT ( 'NONE',  ( -1.052093351339734400, -0.2512566335257295800, 2.030000000000000700 ) ) ;
#3725 = EDGE_LOOP ( 'NONE', ( #3110, #1344, #1082, #9396, #2039, #683, #2563, #5064, #5001, #6478, #1271 ) ) ;
#3726 = PRESENTATION_STYLE_ASSIGNMENT (( #309 ) ) ;
#3727 = CARTESIAN_POINT ( 'NONE',  ( -0.4643144578844724500, -0.2519358906972322100, 2.029999999999999800 ) ) ;
#3728 = CARTESIAN_POINT ( 'NONE',  ( -0.9871794871794802300, -0.2979475022981985000, 2.025000000000000400 ) ) ;
#3729 = CARTESIAN_POINT ( 'NONE',  ( -1.112985456136026200, -0.4531925346994316000, 2.029999999999999800 ) ) ;
#3730 = FILL_AREA_STYLE_COLOUR ( '', #1450 ) ;
#3731 =( GEOMETRIC_REPRESENTATION_CONTEXT ( 3 ) GLOBAL_UNCERTAINTY_ASSIGNED_CONTEXT ( ( #1057 ) ) GLOBAL_UNIT_ASSIGNED_CONTEXT ( ( #9688, #4780, #10534 ) ) REPRESENTATION_CONTEXT ( 'NONE', 'WORKASPACE' ) );
#3732 = SURFACE_STYLE_FILL_AREA ( #6380 ) ;
#3734 = FILL_AREA_STYLE ('',( #2898 ) ) ;
#3733 =( LENGTH_UNIT ( ) NAMED_UNIT ( * ) SI_UNIT ( .MILLI., .METRE. ) );
#3735 = AXIS2_PLACEMENT_3D ( 'NONE', #9975, #5063, #95 ) ;
#3736 = DIRECTION ( 'NONE',  ( -0.5390871699424968400, 0.8422499766716468100, 0.0000000000000000000 ) ) ;
#3737 = CARTESIAN_POINT ( 'NONE',  ( -0.4692139766884796400, -0.6186931125924197700, 2.030000000000001100 ) ) ;
#3738 = LINE ( 'NONE', #8906, #7844 ) ;
#3739 = VERTEX_POINT ( 'NONE', #5833 ) ;
#3740 = AXIS2_PLACEMENT_3D ( 'NONE', #698, #6486, #1542 ) ;
#3741 = EDGE_LOOP ( 'NONE', ( #10716, #3119, #8475, #5245, #893, #1187, #2936, #4435, #639, #2977, #10336, #1802 ) ) ;
#3742 = ORIENTED_EDGE ( 'NONE', *, *, #2446, .T. ) ;
#3743 = ORIENTED_EDGE ( 'NONE', *, *, #8582, .F. ) ;
#3744 = ORIENTED_EDGE ( 'NONE', *, *, #6353, .T. ) ;
#3745 =( LENGTH_UNIT ( ) NAMED_UNIT ( * ) SI_UNIT ( .MILLI., .METRE. ) );
#3746 = UNCERTAINTY_MEASURE_WITH_UNIT (LENGTH_MEASURE( 1.000000000000000100E-005 ), #8090, 'distance_accuracy_value', 'NONE');
#3747 = LINE ( 'NONE', #1525, #1513 ) ;
#3748 = DIRECTION ( 'NONE',  ( 5.782411586589395900E-015, 0.0000000000000000000, -1.000000000000000000 ) ) ;
#3749 = FACE_BOUND ( 'NONE', #8844, .T. ) ;
#3750 = CARTESIAN_POINT ( 'NONE',  ( 0.7095657113928508500, -0.3640006550186232200, 2.029999999999999400 ) ) ;
#3751 = DIRECTION ( 'NONE',  ( -1.000000000000000000, -3.571489509364015700E-015, -0.0000000000000000000 ) ) ;
#3752 = SURFACE_STYLE_USAGE ( .BOTH. , #8668 ) ;
#3753 = ADVANCED_FACE ( 'NONE', ( #9389 ), #1713, .T. ) ;
#3754 = CARTESIAN_POINT ( 'NONE',  ( -1.525252652248628500, -1.465000000000011600, 0.2199999999999999700 ) ) ;
#3755 = VERTEX_POINT ( 'NONE', #2549 ) ;
#3756 = VERTEX_POINT ( 'NONE', #7514 ) ;
#3757 = VECTOR ( 'NONE', #74, 1000.000000000000000 ) ;
#3758 = SURFACE_STYLE_FILL_AREA ( #7747 ) ;
#3759 = CARTESIAN_POINT ( 'NONE',  ( -0.4499250191522926600, -0.6323253468299127000, 2.030000000000000200 ) ) ;
#3760 = FILL_AREA_STYLE ('',( #2881 ) ) ;
#3761 = CARTESIAN_POINT ( 'NONE',  ( 0.7542460866033849900, -0.1482249784365759800, 2.029999999999999800 ) ) ;
#3762 = SURFACE_SIDE_STYLE ('',( #10234 ) ) ;
#3763 = CARTESIAN_POINT ( 'NONE',  ( 0.7675978214677741100, -0.4704966015211112800, 2.024999999999999900 ) ) ;
#3764 = LINE ( 'NONE', #2764, #1532 ) ;
#3765 = CARTESIAN_POINT ( 'NONE',  ( -0.1269230769230698400, 0.7800072252659040500, 2.025000000000000400 ) ) ;
#3766 = ORIENTED_EDGE ( 'NONE', *, *, #3418, .F. ) ;
#3767 = CARTESIAN_POINT ( 'NONE',  ( -0.5333261019796772300, -0.3321934428903686700, 2.024999999999999900 ) ) ;
#3768 = STYLED_ITEM ( 'NONE', ( #3085 ), #5262 ) ;
#3769 = CARTESIAN_POINT ( 'NONE',  ( -0.9873512786490248300, -0.3040214753333058700, 2.030000000000000200 ) ) ;
#3770 = CARTESIAN_POINT ( 'NONE',  ( 0.5535256410256486100, 0.4660048214197502500, 2.030000000000000200 ) ) ;
#3771 = CARTESIAN_POINT ( 'NONE',  ( -1.850000000000005200, -0.3750000000000003300, 0.5590000000000002700 ) ) ;
#3772 = DIRECTION ( 'NONE',  ( 0.0000000000000000000, 1.000000000000000000, 0.0000000000000000000 ) ) ;
#3773 = CARTESIAN_POINT ( 'NONE',  ( -0.3188610830969196300, -0.6691891044909820100, 2.024999999999999900 ) ) ;
#3774 = EDGE_CURVE ( 'NONE', #9318, #5797, #4503, .T. ) ;
#3775 = VERTEX_POINT ( 'NONE', #8347 ) ;
#3776 = CARTESIAN_POINT ( 'NONE',  ( -0.6698717948717882700, -0.5283261080674293000, 2.030000000000000200 ) ) ;
#3777 = CARTESIAN_POINT ( 'NONE',  ( 0.8056649797553513400, -0.7086638249796701800, 2.030000000000001100 ) ) ;
#3778 = LINE ( 'NONE', #5834, #7890 ) ;
#3779 = CARTESIAN_POINT ( 'NONE',  ( -0.5570512820512753000, -0.4372103228110190700, 2.030000000000000700 ) ) ;
#3780 = CARTESIAN_POINT ( 'NONE',  ( -1.085038538715978900, -0.6509977637175760100, 2.025000000000000400 ) ) ;
#3781 = CARTESIAN_POINT ( 'NONE',  ( 0.6088191534987770200, -0.2257027323800372100, 2.030000000000000700 ) ) ;
#3782 = PLANE ( 'NONE',  #5496 ) ;
#3783 = ORIENTED_EDGE ( 'NONE', *, *, #1526, .T. ) ;
#3784 = EDGE_CURVE ( 'NONE', #8254, #8822, #8769, .T. ) ;
#3785 = ORIENTED_EDGE ( 'NONE', *, *, #1953, .T. ) ;
#3786 = PRESENTATION_LAYER_ASSIGNMENT (  '', '', ( #2674 ) ) ;
#3787 = FILL_AREA_STYLE_COLOUR ( '', #9237 ) ;
#3788 = CARTESIAN_POINT ( 'NONE',  ( 0.5820612980769306300, 0.5105160393684681200, 2.025000000000000400 ) ) ;
#3789 =( GEOMETRIC_REPRESENTATION_CONTEXT ( 3 ) GLOBAL_UNCERTAINTY_ASSIGNED_CONTEXT ( ( #1811 ) ) GLOBAL_UNIT_ASSIGNED_CONTEXT ( ( #7333, #2392, #8168 ) ) REPRESENTATION_CONTEXT ( 'NONE', 'WORKASPACE' ) );
#3790 = PRESENTATION_LAYER_ASSIGNMENT (  '', '', ( #2680 ) ) ;
#3791 = CARTESIAN_POINT ( 'NONE',  ( -1.219871794871788100, -0.4507620055033266800, 2.025000000000000400 ) ) ;
#3792 = VECTOR ( 'NONE', #4071, 1000.000000000000000 ) ;
#3793 = ORIENTED_EDGE ( 'NONE', *, *, #9293, .F. ) ;
#3794 = PLANE ( 'NONE',  #8263 ) ;
#3795 = LINE ( 'NONE', #4348, #8159 ) ;
#3796 = CARTESIAN_POINT ( 'NONE',  ( -0.5568621569933714900, -0.4210887749557419300, 2.030000000000000200 ) ) ;
#3797 = ADVANCED_FACE ( 'NONE', ( #232 ), #6336, .T. ) ;
#3798 = PRESENTATION_STYLE_ASSIGNMENT (( #4894 ) ) ;
#3799 = MECHANICAL_DESIGN_GEOMETRIC_PRESENTATION_REPRESENTATION (  '', ( #2126 ), #4350 ) ;
#3800 = CARTESIAN_POINT ( 'NONE',  ( -1.036001775618758300, -0.4051579215344501800, 2.025000000000000400 ) ) ;
#3801 =( NAMED_UNIT ( * ) PLANE_ANGLE_UNIT ( ) SI_UNIT ( $, .RADIAN. ) );
#3803 = CARTESIAN_POINT ( 'NONE',  ( -0.5422371281360420800, -0.6227359244427236300, 2.030000000000000200 ) ) ;
#3802 = CARTESIAN_POINT ( 'NONE',  ( 0.5999699032105777500, -0.2585797284408419800, 2.025000000000001200 ) ) ;
#3804 = LINE ( 'NONE', #2161, #1581 ) ;
#3805 = CARTESIAN_POINT ( 'NONE',  ( 1.700000000000003300, -0.9499999999995271100, 1.170000000000000400 ) ) ;
#3806 = CYLINDRICAL_SURFACE ( 'NONE', #9225, 0.1000000000000000200 ) ;
#3807 =( GEOMETRIC_REPRESENTATION_CONTEXT ( 3 ) GLOBAL_UNCERTAINTY_ASSIGNED_CONTEXT ( ( #3658 ) ) GLOBAL_UNIT_ASSIGNED_CONTEXT ( ( #5077, #114, #5896 ) ) REPRESENTATION_CONTEXT ( 'NONE', 'WORKASPACE' ) );
#3808 = SURFACE_SIDE_STYLE ('',( #4218 ) ) ;
#3809 = CARTESIAN_POINT ( 'NONE',  ( 1.850000000000003400, -0.9499999999995265600, 0.3800000000000005600 ) ) ;
#3810 = EDGE_LOOP ( 'NONE', ( #5695, #9909, #2452 ) ) ;
#3811 =( NAMED_UNIT ( * ) SI_UNIT ( $, .STERADIAN. ) SOLID_ANGLE_UNIT ( ) );
#3812 = UNCERTAINTY_MEASURE_WITH_UNIT (LENGTH_MEASURE( 1.000000000000000100E-005 ), #7198, 'distance_accuracy_value', 'NONE');
#3813 = CARTESIAN_POINT ( 'NONE',  ( -0.2550433882045030100, -0.2093093282119085400, 2.025000000000000400 ) ) ;
#3814 = CARTESIAN_POINT ( 'NONE',  ( 1.311538461538469500, -0.4437107234520447100, 2.030000000000000200 ) ) ;
#3815 = CARTESIAN_POINT ( 'NONE',  ( 1.311538461538469500, -0.3873004670417882800, 2.030000000000000200 ) ) ;
#3816 = SURFACE_STYLE_FILL_AREA ( #4279 ) ;
#3817 = EDGE_CURVE ( 'NONE', #6106, #7958, #7732, .T. ) ;
#3818 = CARTESIAN_POINT ( 'NONE',  ( 0.7000000000000000700, -1.250000000000000000, 0.1200000000000000100 ) ) ;
#3819 = ORIENTED_EDGE ( 'NONE', *, *, #995, .T. ) ;
#3820 = ORIENTED_EDGE ( 'NONE', *, *, #7537, .F. ) ;
#3821 = DIRECTION ( 'NONE',  ( -0.0000000000000000000, -0.0000000000000000000, 1.000000000000000000 ) ) ;
#3822 = CARTESIAN_POINT ( 'NONE',  ( 0.7864564385661434500, -0.6568332894114539100, 2.024999999999999900 ) ) ;
#3823 = SURFACE_STYLE_USAGE ( .BOTH. , #8749 ) ;
#3824 = VERTEX_POINT ( 'NONE', #4363 ) ;
#3825 =( LENGTH_UNIT ( ) NAMED_UNIT ( * ) SI_UNIT ( .MILLI., .METRE. ) );
#3826 = FILL_AREA_STYLE_COLOUR ( '', #3105 ) ;
#3827 = EDGE_CURVE ( 'NONE', #3937, #2153, #9913, .T. ) ;
#3828 = CARTESIAN_POINT ( 'NONE',  ( -1.022946849513033800, -0.3935370411495291400, 2.025000000000000800 ) ) ;
#3829 = PRESENTATION_STYLE_ASSIGNMENT (( #3347 ) ) ;
#3830 = DIRECTION ( 'NONE',  ( 0.0000000000000000000, -1.774471640729141400E-016, -1.000000000000000000 ) ) ;
#3831 = CARTESIAN_POINT ( 'NONE',  ( 0.6718756953191530300, -0.7150972638146121400, 2.025000000000000800 ) ) ;
#3832 = DIRECTION ( 'NONE',  ( -0.0000000000000000000, -0.0000000000000000000, 1.000000000000000000 ) ) ;
#3833 = CARTESIAN_POINT ( 'NONE',  ( 0.6509978208588830300, -0.1734247006375475900, 2.029999999999998500 ) ) ;
#3834 = LINE ( 'NONE', #4194, #10404 ) ;
#3835 = VERTEX_POINT ( 'NONE', #5082 ) ;
#3836 = PRESENTATION_LAYER_ASSIGNMENT (  '', '', ( #2732 ) ) ;
#3837 = STYLED_ITEM ( 'NONE', ( #7163 ), #6971 ) ;
#3838 = LINE ( 'NONE', #5583, #10148 ) ;
#3839 = LINE ( 'NONE', #7827, #1626 ) ;
#3840 = COLOUR_RGB ( '',0.7294117647058823200, 0.3568627450980392200, 0.02352941176470588200 ) ;
#3841 = CARTESIAN_POINT ( 'NONE',  ( 0.8117487211414535800, -0.5123925385027337000, 2.025000000000000400 ) ) ;
#3842 =( LENGTH_UNIT ( ) NAMED_UNIT ( * ) SI_UNIT ( .MILLI., .METRE. ) );
#3843 = ORIENTED_EDGE ( 'NONE', *, *, #6447, .T. ) ;
#3844 =( NAMED_UNIT ( * ) SI_UNIT ( $, .STERADIAN. ) SOLID_ANGLE_UNIT ( ) );
#3845 = CARTESIAN_POINT ( 'NONE',  ( -0.4084245426755623900, -0.2212924212563963700, 2.024999999999999900 ) ) ;
#3846 = CARTESIAN_POINT ( 'NONE',  ( -0.1424026947425363300, -0.1943221645218208800, 2.025000000000000400 ) ) ;
#3847 = CARTESIAN_POINT ( 'NONE',  ( 1.850000000000001200, -0.3929754577541189600, 1.168875115524117700 ) ) ;
#3848 = ADVANCED_FACE ( 'NONE', ( #5541 ), #9651, .F. ) ;
#3849 = B_SPLINE_CURVE_WITH_KNOTS ( 'NONE', 3,
 ( #1735, #3443, #10016, #5105, #134, #5929, #974, #6741, #1818, #7578, #2646 ),
 .UNSPECIFIED., .F., .F.,
 ( 4, 1, 1, 1, 1, 1, 1, 1, 4 ),
 ( 0.0000000000000000000, 0.1243285095938497900, 0.2471560163611867500, 0.3687797492913394400, 0.4907338624016478500, 0.6136137718478438300, 0.7389575757222154300, 0.8673105751912624200, 0.9999999999999998900 ),
 .UNSPECIFIED. ) ;
#3850 = SURFACE_STYLE_USAGE ( .BOTH. , #8779 ) ;
#3851 =( GEOMETRIC_REPRESENTATION_CONTEXT ( 3 ) GLOBAL_UNCERTAINTY_ASSIGNED_CONTEXT ( ( #7350 ) ) GLOBAL_UNIT_ASSIGNED_CONTEXT ( ( #5440, #464, #6252 ) ) REPRESENTATION_CONTEXT ( 'NONE', 'WORKASPACE' ) );
#3852 = LINE ( 'NONE', #9289, #3325 ) ;
#3853 = EDGE_LOOP ( 'NONE', ( #1790, #940, #8622, #7590, #10030, #9921, #3820, #1342 ) ) ;
#3854 = ORIENTED_EDGE ( 'NONE', *, *, #10370, .F. ) ;
#3855 = CARTESIAN_POINT ( 'NONE',  ( -1.044503134729602800, -0.4173534993844726900, 2.025000000000001200 ) ) ;
#3856 = CARTESIAN_POINT ( 'NONE',  ( -0.4900641025640953800, 0.7800072252659040500, 2.025000000000000400 ) ) ;
#3857 = DIRECTION ( 'NONE',  ( -0.4285960263555436100, -0.9034962347415943500, 0.0000000000000000000 ) ) ;
#3858 = EDGE_CURVE ( 'NONE', #6955, #5336, #2941, .T. ) ;
#3859 = CARTESIAN_POINT ( 'NONE',  ( -0.1536842990767587100, -0.2558342963481118900, 2.025000000000000800 ) ) ;
#3860 = FACE_OUTER_BOUND ( 'NONE', #3352, .T. ) ;
#3861 = CARTESIAN_POINT ( 'NONE',  ( 1.699999999999999100, 0.2597482130602043500, 1.230999999999999000 ) ) ;
#3862 = DIRECTION ( 'NONE',  ( 0.0000000000000000000, 0.0000000000000000000, -1.000000000000000000 ) ) ;
#3863 = VERTEX_POINT ( 'NONE', #7665 ) ;
#3864 = ORIENTED_EDGE ( 'NONE', *, *, #4991, .F. ) ;
#3865 = CARTESIAN_POINT ( 'NONE',  ( -0.1333924741476251200, -0.5993007178641974700, 2.030000000000000700 ) ) ;
#3866 = ORIENTED_EDGE ( 'NONE', *, *, #3134, .F. ) ;
#3867 = CARTESIAN_POINT ( 'NONE',  ( -0.5937399839743517900, 0.4626995329582116500, 2.030000000000000200 ) ) ;
#3869 = LINE ( 'NONE', #6118, #10176 ) ;
#3868 = UNCERTAINTY_MEASURE_WITH_UNIT (LENGTH_MEASURE( 1.000000000000000100E-005 ), #6637, 'distance_accuracy_value', 'NONE');
#3870 = SURFACE_SIDE_STYLE ('',( #10104 ) ) ;
#3871 = MECHANICAL_DESIGN_GEOMETRIC_PRESENTATION_REPRESENTATION (  '', ( #2199 ), #4424 ) ;
#3872 = DIRECTION ( 'NONE',  ( -0.0000000000000000000, -0.0000000000000000000, 1.000000000000000000 ) ) ;
#3873 = CARTESIAN_POINT ( 'NONE',  ( 0.1375000000000071200, -0.5353773901187113300, 2.030000000000000200 ) ) ;
#3874 = SURFACE_STYLE_FILL_AREA ( #9157 ) ;
#3875 = CYLINDRICAL_SURFACE ( 'NONE', #557, 0.04900000000000000200 ) ;
#3876 = MECHANICAL_DESIGN_GEOMETRIC_PRESENTATION_REPRESENTATION (  '', ( #2203 ), #4430 ) ;
#3877 =( NAMED_UNIT ( * ) SI_UNIT ( $, .STERADIAN. ) SOLID_ANGLE_UNIT ( ) );
#3878 = FACE_OUTER_BOUND ( 'NONE', #9810, .T. ) ;
#3879 = FILL_AREA_STYLE_COLOUR ( '', #9487 ) ;
#3880 = CARTESIAN_POINT ( 'NONE',  ( -1.104877279844464800, -0.1654989587292840800, 2.025000000000000800 ) ) ;
#3881 = CARTESIAN_POINT ( 'NONE',  ( 0.6034616411506654700, -0.3088899169654016900, 2.025000000000000800 ) ) ;
#3882 = ORIENTED_EDGE ( 'NONE', *, *, #1313, .T. ) ;
#3883 = CARTESIAN_POINT ( 'NONE',  ( -0.5450387450877023400, -0.3601930272927297300, 2.025000000000000800 ) ) ;
#3884 =( LENGTH_UNIT ( ) NAMED_UNIT ( * ) SI_UNIT ( .MILLI., .METRE. ) );
#3885 = VECTOR ( 'NONE', #8903, 1000.000000000000000 ) ;
#3886 = PLANE ( 'NONE',  #10719 ) ;
#3887 = CARTESIAN_POINT ( 'NONE',  ( -1.701000000000005200, -1.100000000000000100, 1.020999999999999900 ) ) ;
#3888 = VERTEX_POINT ( 'NONE', #9317 ) ;
#3889 = EDGE_CURVE ( 'NONE', #10200, #5876, #5800, .T. ) ;
#3890 = CARTESIAN_POINT ( 'NONE',  ( -0.9706868258709783200, -0.4702004967219094400, 2.030000000000000200 ) ) ;
#3891 = DIRECTION ( 'NONE',  ( -1.000000000000000000, -4.425314989736752400E-015, 0.0000000000000000000 ) ) ;
#3892 = EDGE_CURVE ( 'NONE', #2088, #9969, #3623, .T. ) ;
#3893 = CARTESIAN_POINT ( 'NONE',  ( 0.8210283016015744700, -0.2549631791957914200, 2.030000000000001100 ) ) ;
#3894 = SURFACE_STYLE_FILL_AREA ( #8418 ) ;
#3895 = CARTESIAN_POINT ( 'NONE',  ( -0.2550433882045030100, -0.2093093282119085400, 2.030000000000000200 ) ) ;
#3896 = FILL_AREA_STYLE ('',( #2220 ) ) ;
#3897 = CARTESIAN_POINT ( 'NONE',  ( 0.6611269671225150600, -0.2341835311507522200, 2.025000000000000400 ) ) ;
#3898 = STYLED_ITEM ( 'NONE', ( #5400 ), #5466 ) ;
#3899 = STYLED_ITEM ( 'NONE', ( #9625 ), #6755 ) ;
#3900 =( NAMED_UNIT ( * ) PLANE_ANGLE_UNIT ( ) SI_UNIT ( $, .RADIAN. ) );
#3901 = DIRECTION ( 'NONE',  ( 0.0000000000000000000, 1.000000000000000000, 0.0000000000000000000 ) ) ;
#3902 = DIRECTION ( 'NONE',  ( -0.3896399908366979800, -0.9209672510685589200, 0.0000000000000000000 ) ) ;
#3903 = CARTESIAN_POINT ( 'NONE',  ( 1.850000000000005600, 1.100000000000000100, 8.910786605115239600E-015 ) ) ;
#3904 = ORIENTED_EDGE ( 'NONE', *, *, #121, .T. ) ;
#3905 = CARTESIAN_POINT ( 'NONE',  ( -1.002995942891673700, -0.3657509029909917800, 2.030000000000000700 ) ) ;
#3906 = EDGE_CURVE ( 'NONE', #2682, #6236, #3356, .T. ) ;
#3907 = FILL_AREA_STYLE_COLOUR ( '', #8229 ) ;
#3908 = MECHANICAL_DESIGN_GEOMETRIC_PRESENTATION_REPRESENTATION (  '', ( #2236 ), #4614 ) ;
#3909 = CARTESIAN_POINT ( 'NONE',  ( 0.7361723811939381300, -0.6692174434125792700, 2.030000000000000700 ) ) ;
#3910 = CARTESIAN_POINT ( 'NONE',  ( -1.030751375262505500, -0.1968675364133498100, 2.029999999999999400 ) ) ;
#3911 = PLANE ( 'NONE',  #4178 ) ;
#3912 = VERTEX_POINT ( 'NONE', #10189 ) ;
#3913 = CARTESIAN_POINT ( 'NONE',  ( -0.3779898431519368400, -0.2116441589276365200, 2.030000000000000200 ) ) ;
#3914 = ORIENTED_EDGE ( 'NONE', *, *, #7970, .F. ) ;
#3915 = SURFACE_STYLE_USAGE ( .BOTH. , #8840 ) ;
#3916 = PRESENTATION_LAYER_ASSIGNMENT (  '', '', ( #2808 ) ) ;
#3917 = CARTESIAN_POINT ( 'NONE',  ( -0.7041366185897363100, 0.2300072252659039800, 2.025000000000000400 ) ) ;
#3918 =( NAMED_UNIT ( * ) SI_UNIT ( $, .STERADIAN. ) SOLID_ANGLE_UNIT ( ) );
#3919 = EDGE_CURVE ( 'NONE', #3685, #1643, #1152, .T. ) ;
#3920 = SURFACE_STYLE_FILL_AREA ( #7528 ) ;
#3921 = ORIENTED_EDGE ( 'NONE', *, *, #7537, .T. ) ;
#3922 = AXIS2_PLACEMENT_3D ( 'NONE', #4765, #10520, #5584 ) ;
#3923 = CARTESIAN_POINT ( 'NONE',  ( -0.9448717948717880700, -0.5555396497340959700, 2.025000000000000400 ) ) ;
#3924 = CARTESIAN_POINT ( 'NONE',  ( -0.6999999999999997300, -1.250000000000000000, 0.1200000000000000100 ) ) ;
#3925 = CARTESIAN_POINT ( 'NONE',  ( -0.4971153846153774100, 0.7800072252659040500, 2.025000000000000400 ) ) ;
#3926 = VERTEX_POINT ( 'NONE', #3647 ) ;
#3927 = CARTESIAN_POINT ( 'NONE',  ( 1.849999999999996100, 1.024999999999999700, 0.3050000000000009900 ) ) ;
#3928 =( GEOMETRIC_REPRESENTATION_CONTEXT ( 3 ) GLOBAL_UNCERTAINTY_ASSIGNED_CONTEXT ( ( #9589 ) ) GLOBAL_UNIT_ASSIGNED_CONTEXT ( ( #4328, #10081, #5163 ) ) REPRESENTATION_CONTEXT ( 'NONE', 'WORKASPACE' ) );
#3929 = VECTOR ( 'NONE', #6163, 1000.000000000000000 ) ;
#3930 = CARTESIAN_POINT ( 'NONE',  ( -0.1798076923076852000, 0.7800072252659040500, 2.025000000000000400 ) ) ;
#3931 = MECHANICAL_DESIGN_GEOMETRIC_PRESENTATION_REPRESENTATION (  '', ( #1164 ), #4494 ) ;
#3932 = VERTEX_POINT ( 'NONE', #10221 ) ;
#3933 = DIRECTION ( 'NONE',  ( -0.9079593845004517700, -0.4190581774617469500, 0.0000000000000000000 ) ) ;
#3934 =( NAMED_UNIT ( * ) SI_UNIT ( $, .STERADIAN. ) SOLID_ANGLE_UNIT ( ) );
#3935 = SURFACE_SIDE_STYLE ('',( #474 ) ) ;
#3936 = DIRECTION ( 'NONE',  ( -1.000000000000000000, 0.0000000000000000000, 0.0000000000000000000 ) ) ;
#3937 = VERTEX_POINT ( 'NONE', #5306 ) ;
#3938 = UNCERTAINTY_MEASURE_WITH_UNIT (LENGTH_MEASURE( 1.000000000000000100E-005 ), #3132, 'distance_accuracy_value', 'NONE');
#3939 = SURFACE_STYLE_FILL_AREA ( #9904 ) ;
#3940 = CARTESIAN_POINT ( 'NONE',  ( 1.700000000000001300, -0.3934999999997640400, 1.170000000000000400 ) ) ;
#3941 = LINE ( 'NONE', #3973, #3691 ) ;
#3942 = VECTOR ( 'NONE', #2404, 1000.000000000000000 ) ;
#3943 = VECTOR ( 'NONE', #6499, 1000.000000000000000 ) ;
#3944 = CARTESIAN_POINT ( 'NONE',  ( 0.8183797621879158600, -0.6325875814342278900, 2.025000000000000800 ) ) ;
#3945 = CARTESIAN_POINT ( 'NONE',  ( -0.9871794871794802300, -0.2979475022981985000, 2.025000000000000400 ) ) ;
#3946 = VERTEX_POINT ( 'NONE', #4475 ) ;
#3947 = CARTESIAN_POINT ( 'NONE',  ( -0.5333261019796772300, -0.3321934428903686700, 2.029999999999999800 ) ) ;
#3948 = SURFACE_STYLE_USAGE ( .BOTH. , #8872 ) ;
#3949 = LINE ( 'NONE', #4598, #1750 ) ;
#3950 = COLOUR_RGB ( '',1.000000000000000000, 0.7176470588235294200, 0.2470588235294117800 ) ;
#3951 = CARTESIAN_POINT ( 'NONE',  ( 0.8061430175274726400, -0.1657443423214070000, 2.025000000000001200 ) ) ;
#3952 = PRESENTATION_STYLE_ASSIGNMENT (( #9398 ) ) ;
#3953 = ORIENTED_EDGE ( 'NONE', *, *, #6645, .F. ) ;
#3954 =( NAMED_UNIT ( * ) SI_UNIT ( $, .STERADIAN. ) SOLID_ANGLE_UNIT ( ) );
#3955 = CARTESIAN_POINT ( 'NONE',  ( 0.7559769356516227200, -0.2070867423071262600, 2.025000000000000400 ) ) ;
#3956 = MECHANICAL_DESIGN_GEOMETRIC_PRESENTATION_REPRESENTATION (  '', ( #2854 ), #4519 ) ;
#3957 = LINE ( 'NONE', #1273, #6153 ) ;
#3958 = DIRECTION ( 'NONE',  ( 0.0000000000000000000, 1.000000000000000000, 0.0000000000000000000 ) ) ;
#3959 = ORIENTED_EDGE ( 'NONE', *, *, #916, .F. ) ;
#3960 = CARTESIAN_POINT ( 'NONE',  ( 1.727711642729159200, 0.3929754577545920300, 1.168875115524117500 ) ) ;
#3961 = EDGE_CURVE ( 'NONE', #3756, #10259, #5299, .T. ) ;
#3962 = CARTESIAN_POINT ( 'NONE',  ( -0.6205128205128133100, 0.4062892765479552700, 2.025000000000000400 ) ) ;
#3963 = CARTESIAN_POINT ( 'NONE',  ( -1.181861066131053100, -0.3942889040491925300, 2.025000000000000400 ) ) ;
#3964 = CARTESIAN_POINT ( 'NONE',  ( 1.850000000000003400, -0.9499999999995265600, 0.3800000000000005600 ) ) ;
#3965 = FILL_AREA_STYLE ('',( #8065 ) ) ;
#3966 = FILL_AREA_STYLE_COLOUR ( '', #3486 ) ;
#3967 = ORIENTED_EDGE ( 'NONE', *, *, #4022, .T. ) ;
#3968 = CARTESIAN_POINT ( 'NONE',  ( -0.6015999980118838000, -0.3755429914310213800, 2.025000000000000800 ) ) ;
#3969 = UNCERTAINTY_MEASURE_WITH_UNIT (LENGTH_MEASURE( 1.000000000000000100E-005 ), #7050, 'distance_accuracy_value', 'NONE');
#3970 = CARTESIAN_POINT ( 'NONE',  ( 0.8391025641025715600, -0.5761426144776857800, 2.030000000000000200 ) ) ;
#3971 = CARTESIAN_POINT ( 'NONE',  ( -1.269230769230762500, -0.1616594414007626000, 2.030000000000000200 ) ) ;
#3972 = CARTESIAN_POINT ( 'NONE',  ( -0.4077854463283254700, -0.6531453342414788000, 2.029999999999999800 ) ) ;
#3973 = CARTESIAN_POINT ( 'NONE',  ( 1.699999999999998600, 0.3929754577545919200, 1.168875115524117500 ) ) ;
#3974 = CARTESIAN_POINT ( 'NONE',  ( 1.710000000000000900, 0.9499999999999995100, 1.030000000000008200 ) ) ;
#3975 = CARTESIAN_POINT ( 'NONE',  ( -0.6698717948717882700, -0.5283261080674293000, 2.025000000000000400 ) ) ;
#3976 = CARTESIAN_POINT ( 'NONE',  ( -0.1578368777374751000, -0.6878991705373690400, 2.029999999999999400 ) ) ;
#3977 = LINE ( 'NONE', #9689, #3469 ) ;
#3978 = EDGE_LOOP ( 'NONE', ( #9928, #6795, #5745, #9765 ) ) ;
#3979 = ORIENTED_EDGE ( 'NONE', *, *, #4726, .T. ) ;
#3980 = PRESENTATION_LAYER_ASSIGNMENT (  '', '', ( #2882 ) ) ;
#3981 = SURFACE_SIDE_STYLE ('',( #1050 ) ) ;
#3982 = ORIENTED_EDGE ( 'NONE', *, *, #4801, .F. ) ;
#3983 = ORIENTED_EDGE ( 'NONE', *, *, #6361, .T. ) ;
#3984 = LINE ( 'NONE', #4028, #8102 ) ;
#3985 = MECHANICAL_DESIGN_GEOMETRIC_PRESENTATION_REPRESENTATION (  '', ( #2887 ), #4543 ) ;
#3986 = STYLED_ITEM ( 'NONE', ( #748 ), #1156 ) ;
#3987 = FACE_BOUND ( 'NONE', #3435, .T. ) ;
#3988 =( NAMED_UNIT ( * ) SI_UNIT ( $, .STERADIAN. ) SOLID_ANGLE_UNIT ( ) );
#3990 = CARTESIAN_POINT ( 'NONE',  ( -0.3849956284268296600, -0.6604142485873512000, 2.025000000000000800 ) ) ;
#3989 = PRESENTATION_STYLE_ASSIGNMENT (( #3543 ) ) ;
#3992 = DIRECTION ( 'NONE',  ( 0.0000000000000000000, -1.000000000000000000, 0.0000000000000000000 ) ) ;
#3991 = AXIS2_PLACEMENT_3D ( 'NONE', #7775, #2846, #8602 ) ;
#3993 = ORIENTED_EDGE ( 'NONE', *, *, #5236, .T. ) ;
#3994 = ORIENTED_EDGE ( 'NONE', *, *, #6915, .T. ) ;
#3996 = UNCERTAINTY_MEASURE_WITH_UNIT (LENGTH_MEASURE( 1.000000000000000100E-005 ), #2500, 'distance_accuracy_value', 'NONE');
#3995 = FACE_OUTER_BOUND ( 'NONE', #9553, .T. ) ;
#3997 = CARTESIAN_POINT ( 'NONE',  ( -1.654929309816589400, 1.419929309816579100, 2.025000000000000400 ) ) ;
#3998 = COLOUR_RGB ( '',0.7294117647058823200, 0.3568627450980392200, 0.02352941176470588200 ) ;
#3999 = CARTESIAN_POINT ( 'NONE',  ( -0.6056850515860152700, -0.4041074698050250400, 2.025000000000000800 ) ) ;
#4000 = CARTESIAN_POINT ( 'NONE',  ( -1.114615047016032800, -0.3884043337001298900, 2.029999999999999400 ) ) ;
#4001 = CARTESIAN_POINT ( 'NONE',  ( 0.8183797621879158600, -0.6325875814342278900, 2.030000000000000700 ) ) ;
#4002 = PRESENTATION_LAYER_ASSIGNMENT (  '', '', ( #2903 ) ) ;
#4003 = PLANE ( 'NONE',  #2373 ) ;
#4004 = FACE_OUTER_BOUND ( 'NONE', #9509, .T. ) ;
#4005 = VECTOR ( 'NONE', #4828, 1000.000000000000000 ) ;
#4006 = ORIENTED_EDGE ( 'NONE', *, *, #1254, .F. ) ;
#4007 = PRESENTATION_LAYER_ASSIGNMENT (  '', '', ( #2909 ) ) ;
#4008 = CARTESIAN_POINT ( 'NONE',  ( -0.5222959128947335400, -0.2297367060851041300, 2.029999999999999800 ) ) ;
#4009 = DIRECTION ( 'NONE',  ( -0.3896399908366980400, 0.9209672510685589200, 0.0000000000000000000 ) ) ;
#4010 = EDGE_CURVE ( 'NONE', #4355, #4856, #1006, .T. ) ;
#4011 = CARTESIAN_POINT ( 'NONE',  ( -1.186708733974352100, -0.3943517490930703000, 2.030000000000000200 ) ) ;
#4012 = DIRECTION ( 'NONE',  ( -0.0000000000000000000, -1.000000000000000000, -0.0000000000000000000 ) ) ;
#4013 = DIRECTION ( 'NONE',  ( 0.0000000000000000000, 1.774471640729141400E-016, 1.000000000000000000 ) ) ;
#4014 = CARTESIAN_POINT ( 'NONE',  ( 1.650000000000004800, 1.100000000000000100, 0.2000000000000078700 ) ) ;
#4015 = CARTESIAN_POINT ( 'NONE',  ( 0.8627897585426451700, -0.6585457081404098000, 2.025000000000001200 ) ) ;
#4016 = CARTESIAN_POINT ( 'NONE',  ( 1.575499432001160400, -1.440118901810334400, 0.7856077463420158000 ) ) ;
#4017 = ORIENTED_EDGE ( 'NONE', *, *, #611, .T. ) ;
#4018 = CARTESIAN_POINT ( 'NONE',  ( 0.2397435897435968600, 0.7800072252659040500, 2.025000000000000400 ) ) ;
#4019 = EDGE_CURVE ( 'NONE', #9270, #3713, #882, .T. ) ;
#4020 = CARTESIAN_POINT ( 'NONE',  ( -1.047321949963705600, -0.2580048499920562500, 2.025000000000000400 ) ) ;
#4021 = CARTESIAN_POINT ( 'NONE',  ( 1.750000000000000900, 1.100000000000000100, 1.021000000000007900 ) ) ;
#4022 = EDGE_CURVE ( 'NONE', #1586, #5598, #9400, .T. ) ;
#4023 = DIRECTION ( 'NONE',  ( -0.0000000000000000000, -0.0000000000000000000, 1.000000000000000000 ) ) ;
#4024 = ORIENTED_EDGE ( 'NONE', *, *, #7924, .F. ) ;
#4025 = FACE_OUTER_BOUND ( 'NONE', #1362, .T. ) ;
#4026 = ORIENTED_EDGE ( 'NONE', *, *, #9735, .T. ) ;
#4027 = PLANE ( 'NONE',  #4545 ) ;
#4028 = CARTESIAN_POINT ( 'NONE',  ( -1.700000000000005100, 1.464999999999994300, 1.070000000000000100 ) ) ;
#4029 = CARTESIAN_POINT ( 'NONE',  ( 0.6514927322501842300, -0.3813855640058399500, 2.030000000000000700 ) ) ;
#4030 = STYLED_ITEM ( 'NONE', ( #5431 ), #6027 ) ;
#4031 = MECHANICAL_DESIGN_GEOMETRIC_PRESENTATION_REPRESENTATION (  '', ( #2354 ), #4596 ) ;
#4032 = CARTESIAN_POINT ( 'NONE',  ( -0.3711629845544558400, -0.1522563385020266100, 2.025000000000000400 ) ) ;
#4033 = CARTESIAN_POINT ( 'NONE',  ( -1.045584181985086200, -0.3385297987680969100, 2.024999999999999900 ) ) ;
#4034 = DIRECTION ( 'NONE',  ( -0.0000000000000000000, -0.0000000000000000000, -1.000000000000000000 ) ) ;
#4035 = CARTESIAN_POINT ( 'NONE',  ( 1.001282051282059000, -0.7116594414007626500, 2.025000000000000400 ) ) ;
#4036 =( LENGTH_UNIT ( ) NAMED_UNIT ( * ) SI_UNIT ( .MILLI., .METRE. ) );
#4037 = CARTESIAN_POINT ( 'NONE',  ( -0.5674694247670147900, -0.5870892157522645800, 2.030000000000000200 ) ) ;
#4038 = B_SPLINE_SURFACE_WITH_KNOTS ( 'NONE', 3, 1, ( 
 ( #3142, #9740 ),
 ( #4830, #10584 ),
 ( #5644, #675 ),
 ( #6469, #1527 ),
 ( #7298, #2352 ),
 ( #8130, #3207 ),
 ( #8957, #4029 ),
 ( #9780, #4859 ),
 ( #10615, #5681 ),
 ( #718, #6505 ),
 ( #1562, #7334 ) ),
 .UNSPECIFIED., .F., .F., .F.,
 ( 4, 1, 1, 1, 1, 1, 1, 1, 4 ),
 ( 2, 2 ),
 ( 0.0000000000000000000, 0.1815353013762850400, 0.3470816724816293600, 0.4955678164315540600, 0.6283573018772139500, 0.7455196699921560200, 0.8458307507576513500, 0.9307818073847582400, 1.000000000000000000 ),
 ( 0.0000000000000000000, 1.000000000000000000 ),
 .UNSPECIFIED. ) ;
#4039 = LINE ( 'NONE', #9858, #8157 ) ;
#4040 = ORIENTED_EDGE ( 'NONE', *, *, #5744, .F. ) ;
#4041 = CARTESIAN_POINT ( 'NONE',  ( -0.3412525836602582400, -0.1483093630850435000, 2.025000000000000400 ) ) ;
#4042 = CARTESIAN_POINT ( 'NONE',  ( -0.4239617756801612500, -0.7075292149380383300, 2.025000000000000400 ) ) ;
#4043 = VECTOR ( 'NONE', #8949, 1000.000000000000000 ) ;
#4044 = CARTESIAN_POINT ( 'NONE',  ( -1.072572387788002200, -0.3702383203243039800, 2.030000000000000700 ) ) ;
#4045 = CARTESIAN_POINT ( 'NONE',  ( -1.269230769230762500, -0.1616594414007626000, 2.025000000000000400 ) ) ;
#4047 = PRESENTATION_LAYER_ASSIGNMENT (  '', '', ( #2953 ) ) ;
#4046 = CARTESIAN_POINT ( 'NONE',  ( -1.700000000000005300, -0.4750000000000002600, 1.170000000000000200 ) ) ;
#4048 = ORIENTED_EDGE ( 'NONE', *, *, #5348, .F. ) ;
#4049 = LINE ( 'NONE', #1326, #6241 ) ;
#4050 = AXIS2_PLACEMENT_3D ( 'NONE', #5352, #10274, #6985 ) ;
#4051 = CARTESIAN_POINT ( 'NONE',  ( -1.032549034427133100, -0.4219429703608162400, 2.030000000000000700 ) ) ;
#4052 = CARTESIAN_POINT ( 'NONE',  ( 0.6487179487179560700, -0.2735985439648651600, 2.030000000000000200 ) ) ;
#4053 = MECHANICAL_DESIGN_GEOMETRIC_PRESENTATION_REPRESENTATION (  '', ( #2958 ), #4615 ) ;
#4054 =( LENGTH_UNIT ( ) NAMED_UNIT ( * ) SI_UNIT ( .MILLI., .METRE. ) );
#4055 =( NAMED_UNIT ( * ) SI_UNIT ( $, .STERADIAN. ) SOLID_ANGLE_UNIT ( ) );
#4056 = UNCERTAINTY_MEASURE_WITH_UNIT (LENGTH_MEASURE( 1.000000000000000100E-005 ), #385, 'distance_accuracy_value', 'NONE');
#4057 = EDGE_CURVE ( 'NONE', #2635, #3633, #598, .T. ) ;
#4058 = UNCERTAINTY_MEASURE_WITH_UNIT (LENGTH_MEASURE( 1.000000000000000100E-005 ), #3018, 'distance_accuracy_value', 'NONE');
#4059 = ORIENTED_EDGE ( 'NONE', *, *, #56, .F. ) ;
#4060 = B_SPLINE_SURFACE_WITH_KNOTS ( 'NONE', 3, 1, ( 
 ( #31, #3376 ),
 ( #9109, #4213 ),
 ( #9946, #5037 ),
 ( #65, #5859 ),
 ( #906, #6684 ),
 ( #1742, #7501 ),
 ( #2577, #8336 ),
 ( #3414, #9154 ),
 ( #4248, #9986 ),
 ( #5070, #109 ),
 ( #5892, #943 ),
 ( #6716, #1779 ),
 ( #7542, #2612 ),
 ( #8374, #3446 ),
 ( #9190, #4286 ),
 ( #10019, #5112 ),
 ( #137, #5932 ),
 ( #978, #6747 ),
 ( #1822, #7579 ) ),
 .UNSPECIFIED., .F., .F., .F.,
 ( 4, 1, 1, 1, 1, 1, 1, 1, 1, 1, 1, 1, 1, 1, 1, 1, 4 ),
 ( 2, 2 ),
 ( 0.0000000000000000000, 0.06116027663651735200, 0.1203345577262021200, 0.1781802550631251300, 0.2352351259863639000, 0.2926829614441806000, 0.3511862482150794900, 0.4104566095096939300, 0.4717198544629959100, 0.5337612027725885400, 0.5957390238870945400, 0.6578875151248850800, 0.7212951802914615600, 0.7868225145418894500, 0.8546861538286844000, 0.9254779862699964400, 1.000000000000000000 ),
 ( 0.0000000000000000000, 1.000000000000000000 ),
 .UNSPECIFIED. ) ;
#4061 = FILL_AREA_STYLE ('',( #4098 ) ) ;
#4062 = CARTESIAN_POINT ( 'NONE',  ( -0.5999999999999997600, 1.149999999999999900, 0.02000000000000000000 ) ) ;
#4063 = FILL_AREA_STYLE ('',( #2383 ) ) ;
#4064 = EDGE_LOOP ( 'NONE', ( #3107, #3399, #5134, #6613 ) ) ;
#4065 = CARTESIAN_POINT ( 'NONE',  ( 1.750000000000000900, -0.9499999999995267800, 1.021000000000007900 ) ) ;
#4066 = AXIS2_PLACEMENT_3D ( 'NONE', #818, #6603, #1658 ) ;
#4067 = VERTEX_POINT ( 'NONE', #1864 ) ;
#4068 = DIRECTION ( 'NONE',  ( 0.0000000000000000000, -0.0000000000000000000, 1.000000000000000000 ) ) ;
#4069 = SURFACE_SIDE_STYLE ('',( #10667 ) ) ;
#4070 = STYLED_ITEM ( 'NONE', ( #5500 ), #9261 ) ;
#4071 = DIRECTION ( 'NONE',  ( 0.5390888091285610500, 0.8422489274984859000, 0.0000000000000000000 ) ) ;
#4072 = CARTESIAN_POINT ( 'NONE',  ( 0.6975260416666743100, 0.7800072252659041600, 2.025000000000000400 ) ) ;
#4073 = PLANE ( 'NONE',  #9699 ) ;
#4074 = PRESENTATION_STYLE_ASSIGNMENT (( #3823 ) ) ;
#4075 = ORIENTED_EDGE ( 'NONE', *, *, #9814, .T. ) ;
#4076 = FILL_AREA_STYLE_COLOUR ( '', #1023 ) ;
#4077 = CARTESIAN_POINT ( 'NONE',  ( -0.6064102564102494800, -0.4334643292212754800, 2.025000000000000400 ) ) ;
#4078 = SURFACE_STYLE_FILL_AREA ( #543 ) ;
#4079 = FILL_AREA_STYLE ('',( #2400 ) ) ;
#4080 = CARTESIAN_POINT ( 'NONE',  ( 1.710000000000000900, -0.3934999999997677000, 1.170000000000008400 ) ) ;
#4081 = LINE ( 'NONE', #9044, #8458 ) ;
#4082 = FILL_AREA_STYLE ('',( #2402 ) ) ;
#4083 = CARTESIAN_POINT ( 'NONE',  ( 0.6849659455128280800, -0.3446622458879421400, 2.030000000000000200 ) ) ;
#4084 = CARTESIAN_POINT ( 'NONE',  ( -1.750000000000005300, -1.100000000000000100, 1.020999999999999500 ) ) ;
#4085 = ORIENTED_EDGE ( 'NONE', *, *, #5987, .F. ) ;
#4086 = CARTESIAN_POINT ( 'NONE',  ( -1.219871794871788100, -0.3943517490930703000, 2.030000000000000200 ) ) ;
#4087 = CARTESIAN_POINT ( 'NONE',  ( 0.6675668039651411200, -0.3261607143469944000, 2.025000000000000800 ) ) ;
#4088 = PLANE ( 'NONE',  #1046 ) ;
#4089 = VECTOR ( 'NONE', #7645, 1000.000000000000100 ) ;
#4090 = EDGE_CURVE ( 'NONE', #8660, #1391, #4770, .T. ) ;
#4091 = FILL_AREA_STYLE_COLOUR ( '', #1428 ) ;
#4092 = EDGE_CURVE ( 'NONE', #9199, #8340, #9124, .T. ) ;
#4093 = LINE ( 'NONE', #10279, #8211 ) ;
#4094 = COLOUR_RGB ( '',0.7294117647058823200, 0.3568627450980392200, 0.02352941176470588200 ) ;
#4095 = ORIENTED_EDGE ( 'NONE', *, *, #6575, .F. ) ;
#4096 = CARTESIAN_POINT ( 'NONE',  ( 1.699999999999994600, 1.465000000000006500, 1.169999999999999900 ) ) ;
#4097 = COLOUR_RGB ( '',0.7294117647058823200, 0.3568627450980392200, 0.02352941176470588200 ) ;
#4098 = FILL_AREA_STYLE_COLOUR ( '', #975 ) ;
#4099 =( LENGTH_UNIT ( ) NAMED_UNIT ( * ) SI_UNIT ( .MILLI., .METRE. ) );
#4100 = DIRECTION ( 'NONE',  ( -0.0000000000000000000, -0.0000000000000000000, 1.000000000000000000 ) ) ;
#4101 = DIRECTION ( 'NONE',  ( -0.0000000000000000000, -1.000000000000000000, -0.0000000000000000000 ) ) ;
#4102 = PRESENTATION_LAYER_ASSIGNMENT (  '', '', ( #3006 ) ) ;
#4103 = AXIS2_PLACEMENT_3D ( 'NONE', #1236, #424, #6214 ) ;
#4104 = PLANE ( 'NONE',  #3234 ) ;
#4105 = PRESENTATION_STYLE_ASSIGNMENT (( #1918 ) ) ;
#4106 = VECTOR ( 'NONE', #84, 1000.000000000000000 ) ;
#4107 = EDGE_CURVE ( 'NONE', #1678, #4705, #9784, .T. ) ;
#4108 = DIRECTION ( 'NONE',  ( 0.0000000000000000000, -0.0000000000000000000, 1.000000000000000000 ) ) ;
#4109 = ORIENTED_EDGE ( 'NONE', *, *, #3550, .F. ) ;
#4110 = DIRECTION ( 'NONE',  ( 0.0000000000000000000, -0.0000000000000000000, 1.000000000000000000 ) ) ;
#4111 = SURFACE_STYLE_FILL_AREA ( #4245 ) ;
#4112 = CARTESIAN_POINT ( 'NONE',  ( 0.7428419495746981800, -0.2044852325770312700, 2.029999999999999800 ) ) ;
#4113 = ORIENTED_EDGE ( 'NONE', *, *, #7574, .T. ) ;
#4114 = DIRECTION ( 'NONE',  ( -1.000000000000000000, -3.552334763092437500E-015, -0.0000000000000000000 ) ) ;
#4115 =( NAMED_UNIT ( * ) SI_UNIT ( $, .STERADIAN. ) SOLID_ANGLE_UNIT ( ) );
#4116 = PRESENTATION_LAYER_ASSIGNMENT (  '', '', ( #3014 ) ) ;
#4117 = CARTESIAN_POINT ( 'NONE',  ( 1.699999999999999100, 0.2597482130602043500, 1.230999999999999000 ) ) ;
#4118 = UNCERTAINTY_MEASURE_WITH_UNIT (LENGTH_MEASURE( 1.000000000000000100E-005 ), #7464, 'distance_accuracy_value', 'NONE');
#4119 = VECTOR ( 'NONE', #1640, 1000.000000000000000 ) ;
#4120 = CARTESIAN_POINT ( 'NONE',  ( 0.4024739583333409300, 0.2300072252659040600, 2.025000000000000400 ) ) ;
#4121 = DIRECTION ( 'NONE',  ( 1.000000000000000000, 2.551063935260011000E-016, -3.046443628556476200E-033 ) ) ;
#4122 = FACE_OUTER_BOUND ( 'NONE', #3617, .T. ) ;
#4123 = B_SPLINE_SURFACE_WITH_KNOTS ( 'NONE', 3, 1, ( 
 ( #2652, #1020 ),
 ( #6784, #1859 ),
 ( #7621, #2690 ),
 ( #8442, #3528 ),
 ( #9277, #4353 ),
 ( #10102, #5188 ),
 ( #210, #6004 ),
 ( #1048, #6829 ),
 ( #1896, #7656 ),
 ( #2729, #8485 ),
 ( #3566, #9309 ),
 ( #4391, #10141 ),
 ( #5218, #247 ),
 ( #6039, #1085 ),
 ( #6862, #1942 ) ),
 .UNSPECIFIED., .F., .F., .F.,
 ( 4, 1, 1, 1, 1, 1, 1, 1, 1, 1, 1, 1, 4 ),
 ( 2, 2 ),
 ( 0.0000000000000000000, 0.09697231038151599100, 0.1877734389628681300, 0.2723961390136933100, 0.3513209973752888200, 0.4243347744514670600, 0.4919087840005268400, 0.5542332197968002900, 0.6112676582441548500, 0.7163478449915535700, 0.8145400858216157400, 0.9084954561491858100, 1.000000000000000000 ),
 ( 0.0000000000000000000, 1.000000000000000000 ),
 .UNSPECIFIED. ) ;
#4124 = CARTESIAN_POINT ( 'NONE',  ( 1.849999999999996100, 1.024999999999999700, 0.3050000000000009900 ) ) ;
#4125 = PLANE ( 'NONE',  #10053 ) ;
#4126 = ORIENTED_EDGE ( 'NONE', *, *, #7987, .F. ) ;
#4127 = ORIENTED_EDGE ( 'NONE', *, *, #5206, .F. ) ;
#4128 = CARTESIAN_POINT ( 'NONE',  ( 0.7313216556298266500, -0.3797235952627914200, 2.025000000000000400 ) ) ;
#4129 = EDGE_LOOP ( 'NONE', ( #1171, #2306, #547, #6638 ) ) ;
#4130 = SURFACE_STYLE_FILL_AREA ( #1422 ) ;
#4131 = EDGE_CURVE ( 'NONE', #4778, #6106, #7889, .T. ) ;
#4132 = CARTESIAN_POINT ( 'NONE',  ( -0.9942307692307624800, -0.5555396497340959700, 2.025000000000000400 ) ) ;
#4133 = SURFACE_STYLE_USAGE ( .BOTH. , #9033 ) ;
#4134 = DIRECTION ( 'NONE',  ( -0.0000000000000000000, -1.000000000000000000, -0.0000000000000000000 ) ) ;
#4135 = CARTESIAN_POINT ( 'NONE',  ( 0.8289057923939405800, -0.2643243859339181000, 2.024999999999999900 ) ) ;
#4136 = SURFACE_STYLE_FILL_AREA ( #9543 ) ;
#4137 = STYLED_ITEM ( 'NONE', ( #6566 ), #3797 ) ;
#4138 = PRESENTATION_LAYER_ASSIGNMENT (  '', '', ( #3591 ) ) ;
#4139 = B_SPLINE_SURFACE_WITH_KNOTS ( 'NONE', 3, 1, ( 
 ( #8986, #9049 ),
 ( #4150, #9888 ),
 ( #4968, #5 ),
 ( #5801, #836 ),
 ( #6620, #1676 ),
 ( #7439, #2501 ),
 ( #8277, #3357 ),
 ( #9087, #4183 ),
 ( #9927, #5008 ),
 ( #40, #5832 ),
 ( #883, #6659 ),
 ( #1712, #7479 ),
 ( #2547, #8305 ),
 ( #3388, #9125 ),
 ( #4225, #9961 ) ),
 .UNSPECIFIED., .F., .F., .F.,
 ( 4, 1, 1, 1, 1, 1, 1, 1, 1, 1, 1, 1, 4 ),
 ( 2, 2 ),
 ( 0.0000000000000000000, 0.1072327993600888400, 0.2132518127818491500, 0.3188304473075874700, 0.4267935306342750000, 0.4836459507827186600, 0.5436038220211418800, 0.6083076495640830100, 0.6771267602600407100, 0.7506856360204959800, 0.8287134184432871600, 0.9121903482234525700, 1.000000000000000000 ),
 ( 0.0000000000000000000, 1.000000000000000000 ),
 .UNSPECIFIED. ) ;
#4140 = B_SPLINE_CURVE_WITH_KNOTS ( 'NONE', 3,
 ( #1667, #111, #6750, #1823, #7583, #2653, #8408, #3495, #9229, #4320, #10071 ),
 .UNSPECIFIED., .F., .F.,
 ( 4, 1, 1, 1, 1, 1, 1, 1, 4 ),
 ( 0.0000000000000000000, 0.1285151895116613800, 0.2529486363526579100, 0.3747547340060047300, 0.4959397538670500300, 0.6171806414298927100, 0.7409094692781373900, 0.8678111481862027500, 1.000000000000000000 ),
 .UNSPECIFIED. ) ;
#4142 = CARTESIAN_POINT ( 'NONE',  ( 0.6495210834584237400, -0.2595717287860952500, 2.030000000000000700 ) ) ;
#4141 = PRESENTATION_LAYER_ASSIGNMENT (  '', '', ( #3038 ) ) ;
#4143 = CARTESIAN_POINT ( 'NONE',  ( -1.700000000000005300, -0.4750000000000003700, 0.5590000000000010500 ) ) ;
#4144 = ORIENTED_EDGE ( 'NONE', *, *, #2966, .T. ) ;
#4145 = FACE_OUTER_BOUND ( 'NONE', #5696, .T. ) ;
#4146 = DIRECTION ( 'NONE',  ( -0.4188422247446084700, 0.9080590238365492400, 0.0000000000000000000 ) ) ;
#4148 = CARTESIAN_POINT ( 'NONE',  ( 0.8881537501025627000, -0.5916107518095535800, 2.030000000000000700 ) ) ;
#4147 =( GEOMETRIC_REPRESENTATION_CONTEXT ( 3 ) GLOBAL_UNCERTAINTY_ASSIGNED_CONTEXT ( ( #6968 ) ) GLOBAL_UNIT_ASSIGNED_CONTEXT ( ( #791, #6578, #1633 ) ) REPRESENTATION_CONTEXT ( 'NONE', 'WORKASPACE' ) );
#4149 = CARTESIAN_POINT ( 'NONE',  ( 1.050641025641033500, -0.2180696978110190400, 2.025000000000000400 ) ) ;
#4150 = CARTESIAN_POINT ( 'NONE',  ( 0.7413570170431746900, -0.1477804211209270100, 2.025000000000000400 ) ) ;
#4151 =( LENGTH_UNIT ( ) NAMED_UNIT ( * ) SI_UNIT ( .MILLI., .METRE. ) );
#4152 = ORIENTED_EDGE ( 'NONE', *, *, #6015, .F. ) ;
#4153 = DIRECTION ( 'NONE',  ( 0.0000000000000000000, 1.000000000000000000, 0.0000000000000000000 ) ) ;
#4154 = EDGE_LOOP ( 'NONE', ( #7533, #5471, #6969, #3843 ) ) ;
#4155 = FILL_AREA_STYLE_COLOUR ( '', #4544 ) ;
#4156 = CARTESIAN_POINT ( 'NONE',  ( 0.6165732818866109800, -0.3400912690710914400, 2.030000000000000700 ) ) ;
#4157 = CARTESIAN_POINT ( 'NONE',  ( -0.2375906165784646400, -0.1550010959229504400, 2.030000000000000200 ) ) ;
#4158 = SURFACE_STYLE_USAGE ( .BOTH. , #9057 ) ;
#4159 = SURFACE_STYLE_USAGE ( .BOTH. , #9059 ) ;
#4160 = CARTESIAN_POINT ( 'NONE',  ( -1.036538461538454700, -0.2989390888366600900, 2.030000000000000700 ) ) ;
#4161 = CARTESIAN_POINT ( 'NONE',  ( -0.3711838942307619800, 0.4062892765479552700, 2.030000000000000200 ) ) ;
#4162 = EDGE_CURVE ( 'NONE', #10355, #2266, #2297, .T. ) ;
#4163 = DIRECTION ( 'NONE',  ( -0.08682659386424437800, -0.08682659386424428100, 0.9924325091389677400 ) ) ;
#4164 = EDGE_LOOP ( 'NONE', ( #10278, #9572, #219, #5784 ) ) ;
#4165 = CARTESIAN_POINT ( 'NONE',  ( 0.6509978208588830300, -0.1734247006375475900, 2.025000000000000400 ) ) ;
#4166 = CARTESIAN_POINT ( 'NONE',  ( -1.700000000000005300, 0.4749999999999998100, 1.169999999999999900 ) ) ;
#4167 = CARTESIAN_POINT ( 'NONE',  ( 0.6975260416666743100, 0.7800072252659041600, 2.030000000000000200 ) ) ;
#4168 = CARTESIAN_POINT ( 'NONE',  ( -0.6058152689912417200, -0.4613939472296582100, 2.030000000000000700 ) ) ;
#4169 = CARTESIAN_POINT ( 'NONE',  ( 0.7865285187558237500, -0.2216930359858126600, 2.029999999999999800 ) ) ;
#4170 = FILL_AREA_STYLE_COLOUR ( '', #3456 ) ;
#4171 = CARTESIAN_POINT ( 'NONE',  ( -1.092884026611580700, -0.1676662379949804500, 2.025000000000000400 ) ) ;
#4172 = ORIENTED_EDGE ( 'NONE', *, *, #9187, .T. ) ;
#4173 = EDGE_CURVE ( 'NONE', #7910, #1017, #8627, .T. ) ;
#4174 = ORIENTED_EDGE ( 'NONE', *, *, #904, .F. ) ;
#4175 = PRESENTATION_STYLE_ASSIGNMENT (( #4406 ) ) ;
#4176 = PLANE ( 'NONE',  #2136 ) ;
#4177 = EDGE_CURVE ( 'NONE', #5279, #3078, #351, .T. ) ;
#4178 = AXIS2_PLACEMENT_3D ( 'NONE', #5429, #2289, #8061 ) ;
#4179 = FACE_OUTER_BOUND ( 'NONE', #10159, .T. ) ;
#4180 =( NAMED_UNIT ( * ) PLANE_ANGLE_UNIT ( ) SI_UNIT ( $, .RADIAN. ) );
#4181 = UNCERTAINTY_MEASURE_WITH_UNIT (LENGTH_MEASURE( 1.000000000000000100E-005 ), #3434, 'distance_accuracy_value', 'NONE');
#4182 = CARTESIAN_POINT ( 'NONE',  ( -1.710000000000005100, 0.4749999999999998100, 1.169999999999999900 ) ) ;
#4183 = CARTESIAN_POINT ( 'NONE',  ( 0.8263995951797342700, -0.1795966800344535300, 2.030000000000001100 ) ) ;
#4184 = COLOUR_RGB ( '',0.6862745098039215700, 0.6078431372549019100, 0.5294117647058823600 ) ;
#4185 =( NAMED_UNIT ( * ) SI_UNIT ( $, .STERADIAN. ) SOLID_ANGLE_UNIT ( ) );
#4186 = ORIENTED_EDGE ( 'NONE', *, *, #1526, .F. ) ;
#4187 = COLOUR_RGB ( '',1.000000000000000000, 0.7176470588235294200, 0.2470588235294117800 ) ;
#4188 = MECHANICAL_DESIGN_GEOMETRIC_PRESENTATION_REPRESENTATION (  '', ( #2508 ), #4736 ) ;
#4189 = DIRECTION ( 'NONE',  ( -1.000000000000000000, 0.0000000000000000000, 0.0000000000000000000 ) ) ;
#4190 = SURFACE_STYLE_USAGE ( .BOTH. , #9092 ) ;
#4191 = CARTESIAN_POINT ( 'NONE',  ( -0.07051282051281362900, -0.2625809157597369700, 2.030000000000000200 ) ) ;
#4192 = PLANE ( 'NONE',  #3272 ) ;
#4193 = EDGE_LOOP ( 'NONE', ( #4911, #9485, #7021, #6825 ) ) ;
#4194 = CARTESIAN_POINT ( 'NONE',  ( 0.3525641025641101900, 0.7800072252659041600, 2.025000000000000400 ) ) ;
#4195 = CARTESIAN_POINT ( 'NONE',  ( -1.052093351339734400, -0.2512566335257295800, 2.025000000000000800 ) ) ;
#4196 = PRESENTATION_STYLE_ASSIGNMENT (( #5993 ) ) ;
#4197 = CARTESIAN_POINT ( 'NONE',  ( 0.3868289262820583900, -0.5353773901187113300, 2.025000000000000400 ) ) ;
#4198 = AXIS2_PLACEMENT_3D ( 'NONE', #9611, #4703, #10463 ) ;
#4199 = DIRECTION ( 'NONE',  ( -1.000000000000000000, 0.0000000000000000000, 0.0000000000000000000 ) ) ;
#4201 = MECHANICAL_DESIGN_GEOMETRIC_PRESENTATION_REPRESENTATION (  '', ( #2523 ), #4748 ) ;
#4200 = FILL_AREA_STYLE_COLOUR ( '', #4584 ) ;
#4202 = ORIENTED_EDGE ( 'NONE', *, *, #5566, .T. ) ;
#4203 = B_SPLINE_CURVE_WITH_KNOTS ( 'NONE', 3,
 ( #8923, #3179, #3999, #9745, #4833, #10586, #5649, #678, #6471, #1528, #7300, #2355, #8133, #3211, #8958, #4032, #9782, #4861, #10616 ),
 .UNSPECIFIED., .F., .F.,
 ( 4, 1, 1, 1, 1, 1, 1, 1, 1, 1, 1, 1, 1, 1, 1, 1, 4 ),
 ( 0.0000000000000000000, 0.06455784592971899900, 0.1270135315497587500, 0.1879548102020905400, 0.2480139127896341100, 0.3077476818488373300, 0.3682345146974851400, 0.4294698439426692400, 0.4927434367465850500, 0.5562577687060832300, 0.6182167855431435200, 0.6796554755875549000, 0.7412455456206295000, 0.8034152647056968000, 0.8668154615439922500, 0.9323283119492651300, 1.000000000000000000 ),
 .UNSPECIFIED. ) ;
#4204 = STYLED_ITEM ( 'NONE', ( #6988 ), #3533 ) ;
#4205 = STYLED_ITEM ( 'NONE', ( #7601 ), #1094 ) ;
#4206 = CARTESIAN_POINT ( 'NONE',  ( -0.9943602328546096200, -0.5468682362297862000, 2.025000000000001200 ) ) ;
#4207 = ORIENTED_EDGE ( 'NONE', *, *, #6782, .T. ) ;
#4208 = DIRECTION ( 'NONE',  ( -0.9961946980917458800, -2.211760660524803700E-016, 0.08715574274765458500 ) ) ;
#4209 = FACE_OUTER_BOUND ( 'NONE', #9893, .T. ) ;
#4210 = LINE ( 'NONE', #4084, #8052 ) ;
#4211 = VECTOR ( 'NONE', #4023, 1000.000000000000000 ) ;
#4212 = VERTEX_POINT ( 'NONE', #6086 ) ;
#4213 = CARTESIAN_POINT ( 'NONE',  ( -0.9450252992468833900, -0.5609087296389632100, 2.030000000000000700 ) ) ;
#4214 = B_SPLINE_SURFACE_WITH_KNOTS ( 'NONE', 3, 1, ( 
 ( #745, #8228 ),
 ( #3294, #9036 ),
 ( #4135, #9874 ),
 ( #4956, #10713 ),
 ( #5786, #821 ),
 ( #6606, #1662 ),
 ( #7426, #2488 ),
 ( #8268, #3335 ),
 ( #9073, #4169 ),
 ( #9915, #4992 ),
 ( #30, #5821 ),
 ( #866, #3271 ),
 ( #9025, #4112 ),
 ( #9856, #4934 ),
 ( #10694, #5762 ) ),
 .UNSPECIFIED., .F., .F., .F.,
 ( 4, 1, 1, 1, 1, 1, 1, 1, 1, 1, 1, 1, 4 ),
 ( 2, 2 ),
 ( 0.0000000000000000000, 0.09846943102555794100, 0.1896291011376326200, 0.2741840894379705100, 0.3521831609671547400, 0.4231988731834703300, 0.4885509460005332300, 0.5484733460279378500, 0.6014401636178723400, 0.7011980824257657600, 0.7995918021381839300, 0.8985450984822275200, 1.000000000000000000 ),
 ( 0.0000000000000000000, 1.000000000000000000 ),
 .UNSPECIFIED. ) ;
#4215 = FILL_AREA_STYLE_COLOUR ( '', #186 ) ;
#4216 = PRODUCT_DEFINITION_SHAPE ( 'NONE', 'NONE',  #10540 ) ;
#4217 = SURFACE_STYLE_USAGE ( .BOTH. , #9115 ) ;
#4218 = SURFACE_STYLE_FILL_AREA ( #8732 ) ;
#4219 = FILL_AREA_STYLE ('',( #5829 ) ) ;
#4220 = VECTOR ( 'NONE', #9119, 1000.000000000000000 ) ;
#4221 = DIRECTION ( 'NONE',  ( 0.5390888091285610500, 0.8422489274984859000, 0.0000000000000000000 ) ) ;
#4222 = STYLED_ITEM ( 'NONE', ( #4302 ), #4653 ) ;
#4223 = CIRCLE ( 'NONE', #6586, 0.1000000000000000200 ) ;
#4224 = ORIENTED_EDGE ( 'NONE', *, *, #1074, .F. ) ;
#4225 = CARTESIAN_POINT ( 'NONE',  ( 0.8814102564102639400, -0.2406558356315318400, 2.025000000000000400 ) ) ;
#4226 =( LENGTH_UNIT ( ) NAMED_UNIT ( * ) SI_UNIT ( .MILLI., .METRE. ) );
#4227 = PRESENTATION_STYLE_ASSIGNMENT (( #8577 ) ) ;
#4228 = STYLED_ITEM ( 'NONE', ( #8209 ), #9406 ) ;
#4229 =( NAMED_UNIT ( * ) SI_UNIT ( $, .STERADIAN. ) SOLID_ANGLE_UNIT ( ) );
#4230 = LINE ( 'NONE', #2418, #3185 ) ;
#4231 = CARTESIAN_POINT ( 'NONE',  ( 0.8212100103961931200, -0.4491722415960735000, 2.030000000000000200 ) ) ;
#4232 = CARTESIAN_POINT ( 'NONE',  ( -0.2273993327069313800, -0.6569641982111882300, 2.029999999999999800 ) ) ;
#4233 = LINE ( 'NONE', #10458, #8595 ) ;
#4234 = CARTESIAN_POINT ( 'NONE',  ( -1.616885769650381800, 1.389872122057803900, 0.2112844257252344300 ) ) ;
#4235 = DIRECTION ( 'NONE',  ( 0.0000000000000000000, 1.000000000000000000, 0.0000000000000000000 ) ) ;
#4236 = ORIENTED_EDGE ( 'NONE', *, *, #1444, .T. ) ;
#4237 = CARTESIAN_POINT ( 'NONE',  ( -1.100647893430981100, -0.2232186020063794700, 2.030000000000001100 ) ) ;
#4238 = CARTESIAN_POINT ( 'NONE',  ( -0.9981612547149835100, -0.2421483906026763400, 2.030000000000000700 ) ) ;
#4239 =( NAMED_UNIT ( * ) PLANE_ANGLE_UNIT ( ) SI_UNIT ( $, .RADIAN. ) );
#4240 = ADVANCED_FACE ( 'NONE', ( #6696 ), #2801, .F. ) ;
#4241 = CARTESIAN_POINT ( 'NONE',  ( 0.5820612980769306300, 0.5105160393684681200, 2.030000000000000200 ) ) ;
#4242 = DIRECTION ( 'NONE',  ( -1.527121336238285300E-016, 1.000000000000000000, -0.0000000000000000000 ) ) ;
#4243 = VERTEX_POINT ( 'NONE', #6907 ) ;
#4244 = SURFACE_STYLE_USAGE ( .BOTH. , #9149 ) ;
#4245 = FILL_AREA_STYLE ('',( #9150 ) ) ;
#4246 = EDGE_CURVE ( 'NONE', #817, #1961, #9771, .T. ) ;
#4247 = EDGE_CURVE ( 'NONE', #6979, #9076, #7595, .T. ) ;
#4248 = CARTESIAN_POINT ( 'NONE',  ( -0.9814045054733224700, -0.6549693008030437200, 2.025000000000000400 ) ) ;
#4249 = PRESENTATION_STYLE_ASSIGNMENT (( #7375 ) ) ;
#4250 = CARTESIAN_POINT ( 'NONE',  ( -1.124160510966369000, -0.3902888101577856000, 2.024999999999999900 ) ) ;
#4251 = SURFACE_SIDE_STYLE ('',( #3874 ) ) ;
#4252 = ORIENTED_EDGE ( 'NONE', *, *, #1917, .F. ) ;
#4253 = CARTESIAN_POINT ( 'NONE',  ( -0.1137019230769161400, -0.5776850824264037100, 2.025000000000000400 ) ) ;
#4254 = AXIS2_PLACEMENT_3D ( 'NONE', #6074, #3522, #1117 ) ;
#4255 = ORIENTED_EDGE ( 'NONE', *, *, #2429, .T. ) ;
#4256 = ORIENTED_EDGE ( 'NONE', *, *, #1177, .F. ) ;
#4257 = CARTESIAN_POINT ( 'NONE',  ( -0.9564820076568162400, -0.4958057142310199300, 2.025000000000000400 ) ) ;
#4258 = ORIENTED_EDGE ( 'NONE', *, *, #8329, .F. ) ;
#4259 = EDGE_CURVE ( 'NONE', #4778, #9889, #1277, .T. ) ;
#4260 = SURFACE_STYLE_FILL_AREA ( #3642 ) ;
#4261 = FACE_OUTER_BOUND ( 'NONE', #7725, .T. ) ;
#4262 = VECTOR ( 'NONE', #702, 1000.000000000000000 ) ;
#4263 = SURFACE_SIDE_STYLE ('',( #7108 ) ) ;
#4264 = VECTOR ( 'NONE', #10086, 1000.000000000000000 ) ;
#4265 = CARTESIAN_POINT ( 'NONE',  ( 0.7067286111993439400, -0.7241106874819310800, 2.030000000000000700 ) ) ;
#4266 = FILL_AREA_STYLE_COLOUR ( '', #8334 ) ;
#4267 =( NAMED_UNIT ( * ) SI_UNIT ( $, .STERADIAN. ) SOLID_ANGLE_UNIT ( ) );
#4268 = CARTESIAN_POINT ( 'NONE',  ( 1.838285729996759200, -0.2892410368079620900, 1.086260688592611600 ) ) ;
#4269 = FACE_OUTER_BOUND ( 'NONE', #9673, .T. ) ;
#4270 = ORIENTED_EDGE ( 'NONE', *, *, #10226, .F. ) ;
#4271 = ORIENTED_EDGE ( 'NONE', *, *, #2496, .F. ) ;
#4272 =( NAMED_UNIT ( * ) SI_UNIT ( $, .STERADIAN. ) SOLID_ANGLE_UNIT ( ) );
#4273 = ORIENTED_EDGE ( 'NONE', *, *, #7574, .F. ) ;
#4274 = CARTESIAN_POINT ( 'NONE',  ( -1.654929309816589400, 1.419929309816579100, 2.025000000000000400 ) ) ;
#4275 =( GEOMETRIC_REPRESENTATION_CONTEXT ( 3 ) GLOBAL_UNCERTAINTY_ASSIGNED_CONTEXT ( ( #3625 ) ) GLOBAL_UNIT_ASSIGNED_CONTEXT ( ( #4768, #10521, #5585 ) ) REPRESENTATION_CONTEXT ( 'NONE', 'WORKASPACE' ) );
#4276 = COLOUR_RGB ( '',0.7294117647058823200, 0.3568627450980392200, 0.02352941176470588200 ) ;
#4277 =( NAMED_UNIT ( * ) SI_UNIT ( $, .STERADIAN. ) SOLID_ANGLE_UNIT ( ) );
#4278 = PLANE ( 'NONE',  #6526 ) ;
#4279 = FILL_AREA_STYLE ('',( #3439 ) ) ;
#4280 = EDGE_CURVE ( 'NONE', #5456, #4558, #1009, .T. ) ;
#4281 = CARTESIAN_POINT ( 'NONE',  ( -1.354929309816589300, 1.419929309816579100, 2.030000000000000200 ) ) ;
#4282 = SURFACE_STYLE_USAGE ( .BOTH. , #9183 ) ;
#4283 = UNCERTAINTY_MEASURE_WITH_UNIT (LENGTH_MEASURE( 1.000000000000000100E-005 ), #5260, 'distance_accuracy_value', 'NONE');
#4284 = ORIENTED_EDGE ( 'NONE', *, *, #4724, .F. ) ;
#4285 = LINE ( 'NONE', #5338, #2084 ) ;
#4286 = CARTESIAN_POINT ( 'NONE',  ( -1.064989325377070100, -0.7055907349642145400, 2.030000000000000700 ) ) ;
#4287 = PRESENTATION_LAYER_ASSIGNMENT (  '', '', ( #3173 ) ) ;
#4288 = CARTESIAN_POINT ( 'NONE',  ( 0.7372077485097441300, -0.4466941957376555600, 2.029999999999999800 ) ) ;
#4289 = SURFACE_STYLE_USAGE ( .BOTH. , #9195 ) ;
#4290 = ORIENTED_EDGE ( 'NONE', *, *, #9165, .F. ) ;
#4291 = AXIS2_PLACEMENT_3D ( 'NONE', #6149, #1197, #6970 ) ;
#4292 = ADVANCED_FACE ( 'NONE', ( #3216 ), #352, .T. ) ;
#4293 = CARTESIAN_POINT ( 'NONE',  ( 0.6890301374412661800, -0.3482891398250258500, 2.025000000000000800 ) ) ;
#4294 = CARTESIAN_POINT ( 'NONE',  ( 0.7293669871794945500, -0.2039671337084549000, 2.030000000000000200 ) ) ;
#4295 = CARTESIAN_POINT ( 'NONE',  ( 0.5726243662000800600, -0.6209934442649710500, 2.030000000000001100 ) ) ;
#4296 = PLANE ( 'NONE',  #3459 ) ;
#4297 = CARTESIAN_POINT ( 'NONE',  ( 1.743932197850666800, -0.3915105123065528700, 1.165825645402573100 ) ) ;
#4298 = CARTESIAN_POINT ( 'NONE',  ( -1.075186042525725400, -0.6490159910013145700, 2.030000000000000700 ) ) ;
#4299 = CARTESIAN_POINT ( 'NONE',  ( -0.1295603806896308300, -0.6697346009496726300, 2.024999999999999500 ) ) ;
#4300 = EDGE_LOOP ( 'NONE', ( #5111, #2708, #6041, #6920 ) ) ;
#4301 = EDGE_LOOP ( 'NONE', ( #4152, #5140, #1885, #5919, #6344, #3959, #7653, #4635 ) ) ;
#4302 = PRESENTATION_STYLE_ASSIGNMENT (( #4512 ) ) ;
#4303 = DIRECTION ( 'NONE',  ( -0.0000000000000000000, -0.0000000000000000000, 1.000000000000000000 ) ) ;
#4304 = DIRECTION ( 'NONE',  ( -0.0000000000000000000, 0.0000000000000000000, 1.000000000000000000 ) ) ;
#4305 = DIRECTION ( 'NONE',  ( 3.552334763092437900E-015, -1.000000000000000000, -0.0000000000000000000 ) ) ;
#4306 = ADVANCED_FACE ( 'NONE', ( #8752 ), #1199, .F. ) ;
#4307 = FILL_AREA_STYLE ('',( #10060 ) ) ;
#4308 = CARTESIAN_POINT ( 'NONE',  ( 0.6513482447020582100, -0.6334617085190062900, 2.030000000000000700 ) ) ;
#4310 = PLANE ( 'NONE',  #7756 ) ;
#4309 = CARTESIAN_POINT ( 'NONE',  ( 0.6999999999999999600, -1.250000000000000000, 0.06142135623730951600 ) ) ;
#4311 = LINE ( 'NONE', #6548, #8416 ) ;
#4312 = FACE_OUTER_BOUND ( 'NONE', #9464, .T. ) ;
#4313 = CARTESIAN_POINT ( 'NONE',  ( -0.9450252992468833900, -0.5609087296389632100, 2.025000000000000800 ) ) ;
#4314 = VERTEX_POINT ( 'NONE', #8667 ) ;
#4315 = LINE ( 'NONE', #8125, #4043 ) ;
#4316 = UNCERTAINTY_MEASURE_WITH_UNIT (LENGTH_MEASURE( 1.000000000000000100E-005 ), #4036, 'distance_accuracy_value', 'NONE');
#4317 = DIRECTION ( 'NONE',  ( -0.4188422247446084700, 0.9080590238365492400, 0.0000000000000000000 ) ) ;
#4318 = EDGE_LOOP ( 'NONE', ( #4794, #2839, #4207, #9976 ) ) ;
#4319 = SURFACE_STYLE_USAGE ( .BOTH. , #9227 ) ;
#4320 = CARTESIAN_POINT ( 'NONE',  ( -0.1203541297961922800, -0.5849876548523533800, 2.024999999999999900 ) ) ;
#4321 = CARTESIAN_POINT ( 'NONE',  ( -0.9975462233102006000, -0.5301888274088013600, 2.029999999999999800 ) ) ;
#4322 = EDGE_CURVE ( 'NONE', #5920, #3912, #2135, .T. ) ;
#4323 = PRESENTATION_STYLE_ASSIGNMENT (( #5321 ) ) ;
#4324 = CARTESIAN_POINT ( 'NONE',  ( 0.2397435897435968600, 0.7800072252659040500, 2.025000000000000400 ) ) ;
#4325 = ORIENTED_EDGE ( 'NONE', *, *, #306, .F. ) ;
#4326 = CARTESIAN_POINT ( 'NONE',  ( 0.6538818236023171700, -0.2462487798053824600, 2.025000000000000800 ) ) ;
#4327 = LINE ( 'NONE', #2604, #8703 ) ;
#4328 =( LENGTH_UNIT ( ) NAMED_UNIT ( * ) SI_UNIT ( .MILLI., .METRE. ) );
#4329 = CARTESIAN_POINT ( 'NONE',  ( 1.814686796858341800, 0.3605524657864251900, 1.123397266671862800 ) ) ;
#4330 = CARTESIAN_POINT ( 'NONE',  ( -1.678662164789315800, 1.344042694980131600, 0.8261074275140932700 ) ) ;
#4331 = CARTESIAN_POINT ( 'NONE',  ( -1.044532026750014700, -0.6377834818519502200, 2.024999999999999500 ) ) ;
#4332 = VERTEX_POINT ( 'NONE', #3814 ) ;
#4333 = CARTESIAN_POINT ( 'NONE',  ( -0.2208398652183853900, -0.7141613293584021500, 2.029999999999999800 ) ) ;
#4334 = UNCERTAINTY_MEASURE_WITH_UNIT (LENGTH_MEASURE( 1.000000000000000100E-005 ), #2715, 'distance_accuracy_value', 'NONE');
#4335 = EDGE_CURVE ( 'NONE', #8372, #2490, #199, .T. ) ;
#4336 = EDGE_LOOP ( 'NONE', ( #9626, #4290, #107, #5867 ) ) ;
#4337 =( NAMED_UNIT ( * ) SI_UNIT ( $, .STERADIAN. ) SOLID_ANGLE_UNIT ( ) );
#4338 = PRESENTATION_STYLE_ASSIGNMENT (( #6451 ) ) ;
#4339 = CARTESIAN_POINT ( 'NONE',  ( -0.9448717948717880700, -0.5555396497340959700, 2.025000000000000400 ) ) ;
#4340 = MECHANICAL_DESIGN_GEOMETRIC_PRESENTATION_REPRESENTATION (  '', ( #2674 ), #4884 ) ;
#4341 = FACE_OUTER_BOUND ( 'NONE', #7279, .T. ) ;
#4342 = FILL_AREA_STYLE_COLOUR ( '', #289 ) ;
#4343 = ADVANCED_FACE ( 'NONE', ( #4379 ), #2208, .T. ) ;
#4344 = VECTOR ( 'NONE', #4619, 1000.000000000000000 ) ;
#4345 = ORIENTED_EDGE ( 'NONE', *, *, #5007, .T. ) ;
#4346 = MECHANICAL_DESIGN_GEOMETRIC_PRESENTATION_REPRESENTATION (  '', ( #2680 ), #4888 ) ;
#4347 = CARTESIAN_POINT ( 'NONE',  ( 1.699999999999996400, 0.9499999999999994000, 1.070000000000008300 ) ) ;
#4348 = CARTESIAN_POINT ( 'NONE',  ( 0.05288461538462252400, 0.2300072252659039800, 2.025000000000000400 ) ) ;
#4349 = CARTESIAN_POINT ( 'NONE',  ( -1.064989325377070100, -0.7055907349642145400, 2.025000000000000800 ) ) ;
#4350 =( GEOMETRIC_REPRESENTATION_CONTEXT ( 3 ) GLOBAL_UNCERTAINTY_ASSIGNED_CONTEXT ( ( #3938 ) ) GLOBAL_UNIT_ASSIGNED_CONTEXT ( ( #3132, #8883, #3954 ) ) REPRESENTATION_CONTEXT ( 'NONE', 'WORKASPACE' ) );
#4351 = LINE ( 'NONE', #6652, #769 ) ;
#4352 =( NAMED_UNIT ( * ) SI_UNIT ( $, .STERADIAN. ) SOLID_ANGLE_UNIT ( ) );
#4353 = CARTESIAN_POINT ( 'NONE',  ( 0.8077800784065956000, -0.4371700461952591800, 2.030000000000000700 ) ) ;
#4354 = DIRECTION ( 'NONE',  ( 4.631543261103126300E-015, -0.0000000000000000000, -1.000000000000000000 ) ) ;
#4355 = VERTEX_POINT ( 'NONE', #7037 ) ;
#4356 = CARTESIAN_POINT ( 'NONE',  ( -1.046832787711979400, -0.4707080678582594700, 2.025000000000000800 ) ) ;
#4357 = CARTESIAN_POINT ( 'NONE',  ( -1.700000000000005100, 1.100000000000000100, 1.169999999999999900 ) ) ;
#4358 = FILL_AREA_STYLE ('',( #5194 ) ) ;
#4359 = ADVANCED_FACE ( 'NONE', ( #5789 ), #8009, .F. ) ;
#4360 = LINE ( 'NONE', #3634, #2150 ) ;
#4361 = ADVANCED_FACE ( 'NONE', ( #5016 ), #7176, .T. ) ;
#4362 = ORIENTED_EDGE ( 'NONE', *, *, #1045, .F. ) ;
#4363 = CARTESIAN_POINT ( 'NONE',  ( 1.850000000000005600, -1.100000000000000100, 8.910786605115239600E-015 ) ) ;
#4364 = CARTESIAN_POINT ( 'NONE',  ( -0.3778180689822570600, -0.7198122491670059200, 2.024999999999999900 ) ) ;
#4365 = FILL_AREA_STYLE_COLOUR ( '', #7378 ) ;
#4366 = EDGE_CURVE ( 'NONE', #5022, #3297, #4832, .T. ) ;
#4367 = CARTESIAN_POINT ( 'NONE',  ( 0.3608273237179558400, -0.4789671337084549500, 2.025000000000000400 ) ) ;
#4368 = CARTESIAN_POINT ( 'NONE',  ( -0.9948589128223853700, -0.5694529507190273500, 2.030000000000000200 ) ) ;
#4369 =( NAMED_UNIT ( * ) PLANE_ANGLE_UNIT ( ) SI_UNIT ( $, .RADIAN. ) );
#4370 = CIRCLE ( 'NONE', #9152, 0.1000000000000000500 ) ;
#4371 = CARTESIAN_POINT ( 'NONE',  ( 0.8193810096153920600, -0.5221562362725574700, 2.025000000000000400 ) ) ;
#4372 = ORIENTED_EDGE ( 'NONE', *, *, #8151, .T. ) ;
#4373 = VECTOR ( 'NONE', #8293, 1000.000000000000000 ) ;
#4374 = CARTESIAN_POINT ( 'NONE',  ( 0.5641025641025715400, -0.6055596817853780000, 2.025000000000000400 ) ) ;
#4375 = ORIENTED_EDGE ( 'NONE', *, *, #7749, .T. ) ;
#4376 = ORIENTED_EDGE ( 'NONE', *, *, #4366, .T. ) ;
#4377 = CARTESIAN_POINT ( 'NONE',  ( -1.269230769230762500, -0.7116594414007626500, 2.025000000000000400 ) ) ;
#4378 = SURFACE_STYLE_USAGE ( .BOTH. , #9303 ) ;
#4379 = FACE_OUTER_BOUND ( 'NONE', #2975, .T. ) ;
#4380 = CARTESIAN_POINT ( 'NONE',  ( 1.700000000000000800, 1.100000000000000100, 1.070000000000008300 ) ) ;
#4381 = PRESENTATION_STYLE_ASSIGNMENT (( #7466 ) ) ;
#4382 = CARTESIAN_POINT ( 'NONE',  ( 0.8708301689215914900, -0.6462244666472645200, 2.029999999999998500 ) ) ;
#4383 = CARTESIAN_POINT ( 'NONE',  ( -0.9943602328546096200, -0.5468682362297862000, 2.030000000000001100 ) ) ;
#4384 = EDGE_CURVE ( 'NONE', #3824, #6219, #7009, .T. ) ;
#4385 = FACE_OUTER_BOUND ( 'NONE', #4841, .T. ) ;
#4386 = STYLED_ITEM ( 'NONE', ( #7719 ), #221 ) ;
#4387 = EDGE_LOOP ( 'NONE', ( #1367, #8838, #6702, #392 ) ) ;
#4388 = EDGE_LOOP ( 'NONE', ( #562, #2103, #4932, #5026 ) ) ;
#4389 = VERTEX_POINT ( 'NONE', #7214 ) ;
#4390 = COLOUR_RGB ( '',0.6862745098039215700, 0.6078431372549019100, 0.5294117647058823600 ) ;
#4391 = CARTESIAN_POINT ( 'NONE',  ( 0.8818952590183869500, -0.5347850443074355600, 2.025000000000000400 ) ) ;
#4392 = DIRECTION ( 'NONE',  ( -3.774355685785714200E-015, 1.000000000000000000, -0.0000000000000000000 ) ) ;
#4393 = SURFACE_STYLE_FILL_AREA ( #6724 ) ;
#4394 = CARTESIAN_POINT ( 'NONE',  ( 0.8212100103961931200, -0.4491722415960735000, 2.025000000000000400 ) ) ;
#4395 = MECHANICAL_DESIGN_GEOMETRIC_PRESENTATION_REPRESENTATION (  '', ( #2732 ), #4935 ) ;
#4396 = CARTESIAN_POINT ( 'NONE',  ( 0.6318376888723187300, -0.3617234031585178600, 2.030000000000000700 ) ) ;
#4397 = AXIS2_PLACEMENT_3D ( 'NONE', #9136, #4235, #9970 ) ;
#4398 = ADVANCED_FACE ( 'NONE', ( #9197 ), #3806, .F. ) ;
#4399 =( NAMED_UNIT ( * ) SI_UNIT ( $, .STERADIAN. ) SOLID_ANGLE_UNIT ( ) );
#4400 = PRESENTATION_STYLE_ASSIGNMENT (( #1638 ) ) ;
#4401 = CARTESIAN_POINT ( 'NONE',  ( 0.6489033808634598900, -0.2824433450756632700, 2.029999999999999800 ) ) ;
#4402 = EDGE_LOOP ( 'NONE', ( #9014, #9211, #428, #228 ) ) ;
#4403 = CARTESIAN_POINT ( 'NONE',  ( -0.4659019238296894800, -0.6883243576521034200, 2.030000000000001600 ) ) ;
#4404 = CARTESIAN_POINT ( 'NONE',  ( 1.700000000000005100, -1.464999999999994100, 1.070000000000000100 ) ) ;
#4405 = DIRECTION ( 'NONE',  ( 0.0000000000000000000, -1.000000000000000000, 0.0000000000000000000 ) ) ;
#4406 = SURFACE_STYLE_USAGE ( .BOTH. , #9324 ) ;
#4407 = PLANE ( 'NONE',  #1323 ) ;
#4408 = CARTESIAN_POINT ( 'NONE',  ( -0.5006781887762009600, -0.2104805221016055600, 2.030000000000000700 ) ) ;
#4409 = STYLED_ITEM ( 'NONE', ( #5211 ), #3421 ) ;
#4410 = STYLED_ITEM ( 'NONE', ( #1665 ), #1024 ) ;
#4411 = CARTESIAN_POINT ( 'NONE',  ( 0.7271960349308357300, -0.7256816769665905800, 2.025000000000000400 ) ) ;
#4412 = ORIENTED_EDGE ( 'NONE', *, *, #1419, .F. ) ;
#4413 = FILL_AREA_STYLE_COLOUR ( '', #9571 ) ;
#4414 = EDGE_LOOP ( 'NONE', ( #10553, #3365, #7937, #7672, #9643, #2278, #971, #9118, #915, #7593, #6743, #3742, #8991, #8346, #3371, #5042, #1087 ) ) ;
#4415 = CARTESIAN_POINT ( 'NONE',  ( -1.700000000000010600, 1.465000000000000100, 1.070000000000037600 ) ) ;
#4416 = ADVANCED_FACE ( 'NONE', ( #6754 ), #9960, .T. ) ;
#4417 = ADVANCED_FACE ( 'NONE', ( #9579 ), #2448, .F. ) ;
#4418 = EDGE_CURVE ( 'NONE', #1595, #8185, #2235, .T. ) ;
#4419 = DIRECTION ( 'NONE',  ( 0.0000000000000000000, -1.774471640729142400E-016, -1.000000000000000000 ) ) ;
#4421 =( LENGTH_UNIT ( ) NAMED_UNIT ( * ) SI_UNIT ( .MILLI., .METRE. ) );
#4420 = CARTESIAN_POINT ( 'NONE',  ( 0.7919988442765570900, -0.7148789573018021800, 2.024999999999999900 ) ) ;
#4422 = CARTESIAN_POINT ( 'NONE',  ( -0.4971153846153773000, 0.7800072252659041600, 2.030000000000000200 ) ) ;
#4423 = CARTESIAN_POINT ( 'NONE',  ( -0.2731447079892265800, -0.1492450039737711900, 2.025000000000001200 ) ) ;
#4424 =( GEOMETRIC_REPRESENTATION_CONTEXT ( 3 ) GLOBAL_UNCERTAINTY_ASSIGNED_CONTEXT ( ( #9038 ) ) GLOBAL_UNIT_ASSIGNED_CONTEXT ( ( #2721, #8476, #3558 ) ) REPRESENTATION_CONTEXT ( 'NONE', 'WORKASPACE' ) );
#4425 = CARTESIAN_POINT ( 'NONE',  ( -1.701000000000005200, 0.4749999999999998100, 1.070000000000000100 ) ) ;
#4426 = ORIENTED_EDGE ( 'NONE', *, *, #7122, .F. ) ;
#4427 = CARTESIAN_POINT ( 'NONE',  ( -1.092722914098282800, -0.4555422546436686000, 2.025000000000000800 ) ) ;
#4428 = LINE ( 'NONE', #4018, #9563 ) ;
#4429 = SURFACE_SIDE_STYLE ('',( #8711 ) ) ;
#4430 =( GEOMETRIC_REPRESENTATION_CONTEXT ( 3 ) GLOBAL_UNCERTAINTY_ASSIGNED_CONTEXT ( ( #9541 ) ) GLOBAL_UNIT_ASSIGNED_CONTEXT ( ( #6235, #1297, #7058 ) ) REPRESENTATION_CONTEXT ( 'NONE', 'WORKASPACE' ) );
#4431 = DIRECTION ( 'NONE',  ( -3.552334763092437900E-015, 1.000000000000000000, 0.0000000000000000000 ) ) ;
#4432 = CARTESIAN_POINT ( 'NONE',  ( -0.08092328103584260600, -0.6238397987695204500, 2.024999999999999900 ) ) ;
#4433 = DIRECTION ( 'NONE',  ( -0.0000000000000000000, -0.0000000000000000000, 1.000000000000000000 ) ) ;
#4434 = SURFACE_STYLE_FILL_AREA ( #9353 ) ;
#4435 = ORIENTED_EDGE ( 'NONE', *, *, #3370, .F. ) ;
#4436 = CARTESIAN_POINT ( 'NONE',  ( -0.5366686698717879600, -0.6295781112725574700, 2.025000000000000400 ) ) ;
#4437 = EDGE_LOOP ( 'NONE', ( #7181, #4017, #6185, #3424 ) ) ;
#4438 = COLOUR_RGB ( '',0.7294117647058823200, 0.3568627450980392200, 0.02352941176470588200 ) ;
#4439 = SURFACE_SIDE_STYLE ('',( #4434 ) ) ;
#4440 = CARTESIAN_POINT ( 'NONE',  ( 1.650000000000004800, -1.100000000000000100, 0.2000000000000078700 ) ) ;
#4441 = CARTESIAN_POINT ( 'NONE',  ( -0.3135616987179418200, -0.2039671337084549000, 2.025000000000000400 ) ) ;
#4442 = CARTESIAN_POINT ( 'NONE',  ( -1.186708733974352100, -0.3943517490930703000, 2.030000000000000200 ) ) ;
#4443 = CARTESIAN_POINT ( 'NONE',  ( 0.6608525584650740700, -0.7103612401206105300, 2.030000000000000200 ) ) ;
#4444 = VECTOR ( 'NONE', #6330, 1000.000000000000000 ) ;
#4445 = CARTESIAN_POINT ( 'NONE',  ( 0.6487179487179560700, -0.2735985439648651600, 2.025000000000000400 ) ) ;
#4446 = VERTEX_POINT ( 'NONE', #4166 ) ;
#4447 = EDGE_CURVE ( 'NONE', #597, #9098, #8555, .T. ) ;
#4448 = PRESENTATION_STYLE_ASSIGNMENT (( #1695 ) ) ;
#4449 = DIRECTION ( 'NONE',  ( -1.000000000000000000, 0.0000000000000000000, -2.168404344971003200E-014 ) ) ;
#4450 = ADVANCED_FACE ( 'NONE', ( #29 ), #5817, .F. ) ;
#4451 = EDGE_CURVE ( 'NONE', #816, #8066, #3412, .T. ) ;
#4452 = B_SPLINE_CURVE_WITH_KNOTS ( 'NONE', 3,
 ( #9629, #7148, #565, #6355, #1417, #7184, #2251 ),
 .UNSPECIFIED., .F., .F.,
 ( 4, 1, 1, 1, 4 ),
 ( 0.0000000000000000000, 0.2347233736739013900, 0.4771583189289868000, 0.7285562842030539600, 1.000000000000000000 ),
 .UNSPECIFIED. ) ;
#4453 = DIRECTION ( 'NONE',  ( -0.0000000000000000000, -0.0000000000000000000, 1.000000000000000000 ) ) ;
#4454 = ORIENTED_EDGE ( 'NONE', *, *, #4994, .T. ) ;
#4455 = CARTESIAN_POINT ( 'NONE',  ( -1.701000000000005200, 1.100000000000000100, 1.020999999999999900 ) ) ;
#4456 = CARTESIAN_POINT ( 'NONE',  ( -0.3446979793629450500, -0.7243206569914856200, 2.030000000000000200 ) ) ;
#4457 = AXIS2_PLACEMENT_3D ( 'NONE', #1776, #7535, #2611 ) ;
#4458 = ORIENTED_EDGE ( 'NONE', *, *, #10340, .F. ) ;
#4459 = CARTESIAN_POINT ( 'NONE',  ( -0.1719412883877860800, -0.1776835071720401500, 2.030000000000000700 ) ) ;
#4460 = DIRECTION ( 'NONE',  ( -1.000042198033632200E-013, -3.318351061426256700E-012, 1.000000000000000000 ) ) ;
#4461 = CARTESIAN_POINT ( 'NONE',  ( 0.6105969551282125500, -0.5776850824264037100, 2.030000000000000200 ) ) ;
#4462 = EDGE_CURVE ( 'NONE', #8590, #6731, #9964, .T. ) ;
#4463 = ORIENTED_EDGE ( 'NONE', *, *, #2343, .F. ) ;
#4464 = DIRECTION ( 'NONE',  ( 0.0000000000000000000, -1.000000000000000000, 0.0000000000000000000 ) ) ;
#4465 = SURFACE_STYLE_USAGE ( .BOTH. , #9386 ) ;
#4466 = VECTOR ( 'NONE', #3751, 1000.000000000000000 ) ;
#4467 = VECTOR ( 'NONE', #3191, 1000.000000000000000 ) ;
#4468 = CARTESIAN_POINT ( 'NONE',  ( -0.2729716528277297800, -0.7240208957850168300, 2.025000000000000400 ) ) ;
#4469 = ADVANCED_FACE ( 'NONE', ( #5591 ), #2571, .T. ) ;
#4470 = ADVANCED_FACE ( 'NONE', ( #402 ), #2905, .T. ) ;
#4471 = VECTOR ( 'NONE', #4823, 1000.000000000000000 ) ;
#4472 = ORIENTED_EDGE ( 'NONE', *, *, #7841, .F. ) ;
#4473 = UNCERTAINTY_MEASURE_WITH_UNIT (LENGTH_MEASURE( 1.000000000000000100E-005 ), #6037, 'distance_accuracy_value', 'NONE');
#4474 = UNCERTAINTY_MEASURE_WITH_UNIT (LENGTH_MEASURE( 1.000000000000000100E-005 ), #5774, 'distance_accuracy_value', 'NONE');
#4475 = CARTESIAN_POINT ( 'NONE',  ( 0.8367888621794946600, -0.2744799542212754100, 2.030000000000000200 ) ) ;
#4476 = CARTESIAN_POINT ( 'NONE',  ( -1.161919070512813700, -0.1616594414007626000, 2.025000000000000400 ) ) ;
#4477 = MECHANICAL_DESIGN_GEOMETRIC_PRESENTATION_REPRESENTATION (  '', ( #2808 ), #5019 ) ;
#4478 = VECTOR ( 'NONE', #9455, 1000.000000000000000 ) ;
#4479 = CARTESIAN_POINT ( 'NONE',  ( -0.1762595395832871300, -0.1758139251779661200, 2.025000000000000400 ) ) ;
#4480 =( LENGTH_UNIT ( ) NAMED_UNIT ( * ) SI_UNIT ( .MILLI., .METRE. ) );
#4481 = EDGE_CURVE ( 'NONE', #7983, #3755, #3795, .T. ) ;
#4482 = ORIENTED_EDGE ( 'NONE', *, *, #744, .T. ) ;
#4483 = CARTESIAN_POINT ( 'NONE',  ( 0.5906895290482346800, -0.6488339001038343500, 2.024999999999999900 ) ) ;
#4484 = VECTOR ( 'NONE', #3629, 1000.000000000000200 ) ;
#4485 = AXIS2_PLACEMENT_3D ( 'NONE', #4117, #9859, #4939 ) ;
#4486 =( NAMED_UNIT ( * ) SI_UNIT ( $, .STERADIAN. ) SOLID_ANGLE_UNIT ( ) );
#4487 = FILL_AREA_STYLE ('',( #8537 ) ) ;
#4488 =( NAMED_UNIT ( * ) SI_UNIT ( $, .STERADIAN. ) SOLID_ANGLE_UNIT ( ) );
#4489 = DIRECTION ( 'NONE',  ( 0.0000000000000000000, 0.0000000000000000000, -1.000000000000000000 ) ) ;
#4490 = AXIS2_PLACEMENT_3D ( 'NONE', #737, #6520, #1580 ) ;
#4491 = PRESENTATION_STYLE_ASSIGNMENT (( #6240 ) ) ;
#4492 = EDGE_LOOP ( 'NONE', ( #8852, #4040, #3210, #10225 ) ) ;
#4493 = CARTESIAN_POINT ( 'NONE',  ( -0.5262773784525762700, -0.6413513998761882800, 2.030000000000000700 ) ) ;
#4494 =( GEOMETRIC_REPRESENTATION_CONTEXT ( 3 ) GLOBAL_UNCERTAINTY_ASSIGNED_CONTEXT ( ( #9996 ) ) GLOBAL_UNIT_ASSIGNED_CONTEXT ( ( #8411, #3498, #9233 ) ) REPRESENTATION_CONTEXT ( 'NONE', 'WORKASPACE' ) );
#4495 = CARTESIAN_POINT ( 'NONE',  ( -0.08059959154128101800, -0.2492732868610404400, 2.025000000000000800 ) ) ;
#4496 = VECTOR ( 'NONE', #437, 1000.000000000000000 ) ;
#4497 =( NAMED_UNIT ( * ) SI_UNIT ( $, .STERADIAN. ) SOLID_ANGLE_UNIT ( ) );
#4498 = CARTESIAN_POINT ( 'NONE',  ( 0.7257036824676754700, -0.6690771609083202600, 2.030000000000000200 ) ) ;
#4499 = ORIENTED_EDGE ( 'NONE', *, *, #7182, .F. ) ;
#4500 =( LENGTH_UNIT ( ) NAMED_UNIT ( * ) SI_UNIT ( .MILLI., .METRE. ) );
#4501 = ADVANCED_FACE ( 'NONE', ( #10364 ), #7534, .F. ) ;
#4502 = CARTESIAN_POINT ( 'NONE',  ( 0.05288461538462252400, 0.2300072252659039800, 2.030000000000000200 ) ) ;
#4503 = LINE ( 'NONE', #1755, #2283 ) ;
#4504 = CIRCLE ( 'NONE', #7055, 0.1000000000000000300 ) ;
#4505 = LINE ( 'NONE', #8998, #2043 ) ;
#4506 = CARTESIAN_POINT ( 'NONE',  ( 1.850000000000005600, 1.100000000000000100, 8.910786605115239600E-015 ) ) ;
#4507 = SURFACE_STYLE_USAGE ( .BOTH. , #9433 ) ;
#4508 = ORIENTED_EDGE ( 'NONE', *, *, #5825, .T. ) ;
#4509 = UNCERTAINTY_MEASURE_WITH_UNIT (LENGTH_MEASURE( 1.000000000000000100E-005 ), #2367, 'distance_accuracy_value', 'NONE');
#4510 = CARTESIAN_POINT ( 'NONE',  ( -1.700000000000005100, 1.100000000000000100, 1.070000000000000100 ) ) ;
#4511 = VERTEX_POINT ( 'NONE', #1042 ) ;
#4512 = SURFACE_STYLE_USAGE ( .BOTH. , #9435 ) ;
#4513 = ORIENTED_EDGE ( 'NONE', *, *, #3889, .F. ) ;
#4514 = CARTESIAN_POINT ( 'NONE',  ( 0.8193810096153920600, -0.5221562362725574700, 2.025000000000000400 ) ) ;
#4515 = VECTOR ( 'NONE', #5193, 1000.000000000000000 ) ;
#4516 = CARTESIAN_POINT ( 'NONE',  ( 1.050641025641033500, -0.4437107234520447100, 2.030000000000000200 ) ) ;
#4517 = SURFACE_STYLE_FILL_AREA ( #10348 ) ;
#4518 = CARTESIAN_POINT ( 'NONE',  ( -0.3933243080652493200, -0.2160398562112440500, 2.025000000000000800 ) ) ;
#4519 =( GEOMETRIC_REPRESENTATION_CONTEXT ( 3 ) GLOBAL_UNCERTAINTY_ASSIGNED_CONTEXT ( ( #1720 ) ) GLOBAL_UNIT_ASSIGNED_CONTEXT ( ( #10024, #5116, #144 ) ) REPRESENTATION_CONTEXT ( 'NONE', 'WORKASPACE' ) );
#4520 = ADVANCED_FACE ( 'NONE', ( #788 ), #10061, .T. ) ;
#4521 = FACE_OUTER_BOUND ( 'NONE', #9058, .T. ) ;
#4522 = ORIENTED_EDGE ( 'NONE', *, *, #1883, .F. ) ;
#4523 = ORIENTED_EDGE ( 'NONE', *, *, #2671, .T. ) ;
#4524 = CARTESIAN_POINT ( 'NONE',  ( -1.700000000000005100, -1.100000000000000100, 1.070000000000000100 ) ) ;
#4525 =( NAMED_UNIT ( * ) PLANE_ANGLE_UNIT ( ) SI_UNIT ( $, .RADIAN. ) );
#4526 = DIRECTION ( 'NONE',  ( 0.9035018415143106800, -0.4285842068721729700, 0.0000000000000000000 ) ) ;
#4527 = EDGE_LOOP ( 'NONE', ( #2840, #7247, #8971, #7504, #10351, #10442, #7105, #4645, #8432, #6357 ) ) ;
#4528 = CARTESIAN_POINT ( 'NONE',  ( -0.5398428450268220000, -0.5283484706031685900, 2.025000000000000400 ) ) ;
#4529 = EDGE_CURVE ( 'NONE', #7505, #8785, #19, .T. ) ;
#4530 = CARTESIAN_POINT ( 'NONE',  ( 0.05387620192308401800, -0.7116594414007626500, 2.030000000000000200 ) ) ;
#4531 = UNCERTAINTY_MEASURE_WITH_UNIT (LENGTH_MEASURE( 1.000000000000000100E-005 ), #3656, 'distance_accuracy_value', 'NONE');
#4532 = ORIENTED_EDGE ( 'NONE', *, *, #6348, .T. ) ;
#4533 = CARTESIAN_POINT ( 'NONE',  ( -1.700000000000005300, 0.4749999999999998100, 1.169999999999999900 ) ) ;
#4534 = FILL_AREA_STYLE ('',( #7802 ) ) ;
#4535 = CARTESIAN_POINT ( 'NONE',  ( -1.032898190927962400, -0.6941942289692602000, 2.030000000000000200 ) ) ;
#4536 = VECTOR ( 'NONE', #6453, 1000.000000000000000 ) ;
#4537 = CARTESIAN_POINT ( 'NONE',  ( 0.6112085563040071700, -0.3299047559353554000, 2.025000000000000400 ) ) ;
#4538 = ORIENTED_EDGE ( 'NONE', *, *, #4247, .F. ) ;
#4539 = MECHANICAL_DESIGN_GEOMETRIC_PRESENTATION_REPRESENTATION (  '', ( #2882 ), #5097 ) ;
#4540 =( LENGTH_UNIT ( ) NAMED_UNIT ( * ) SI_UNIT ( .MILLI., .METRE. ) );
#4541 = CARTESIAN_POINT ( 'NONE',  ( -0.1765674290722090400, -0.2401690598416193800, 2.029999999999999400 ) ) ;
#4542 = CARTESIAN_POINT ( 'NONE',  ( 0.8193810096153920600, -0.5221562362725574700, 2.030000000000000200 ) ) ;
#4543 =( GEOMETRIC_REPRESENTATION_CONTEXT ( 3 ) GLOBAL_UNCERTAINTY_ASSIGNED_CONTEXT ( ( #7550 ) ) GLOBAL_UNIT_ASSIGNED_CONTEXT ( ( #8023, #3112, #8855 ) ) REPRESENTATION_CONTEXT ( 'NONE', 'WORKASPACE' ) );
#4544 = COLOUR_RGB ( '',1.000000000000000000, 0.7176470588235294200, 0.2470588235294117800 ) ;
#4545 = AXIS2_PLACEMENT_3D ( 'NONE', #2391, #8167, #3241 ) ;
#4546 = CARTESIAN_POINT ( 'NONE',  ( -1.064420108945486600, -0.2394266651695242100, 2.030000000000000200 ) ) ;
#4547 = CARTESIAN_POINT ( 'NONE',  ( -0.4765759957006579000, -0.2614224629949115600, 2.030000000000000700 ) ) ;
#4548 = ADVANCED_FACE ( 'NONE', ( #8547 ), #2744, .T. ) ;
#4549 = PRESENTATION_LAYER_ASSIGNMENT (  '', '', ( #3444 ) ) ;
#4550 = FILL_AREA_STYLE_COLOUR ( '', #5469 ) ;
#4551 = CARTESIAN_POINT ( 'NONE',  ( -1.125151908271550000, -0.4523736384951329600, 2.029999999999999800 ) ) ;
#4552 = FILL_AREA_STYLE ('',( #3730 ) ) ;
#4554 = SURFACE_STYLE_USAGE ( .BOTH. , #9482 ) ;
#4553 =( NAMED_UNIT ( * ) SI_UNIT ( $, .STERADIAN. ) SOLID_ANGLE_UNIT ( ) );
#4555 = ORIENTED_EDGE ( 'NONE', *, *, #4131, .T. ) ;
#4556 = DIRECTION ( 'NONE',  ( 0.08682659386424401700, 0.08682659386424471100, 0.9924325091389677400 ) ) ;
#4557 = CARTESIAN_POINT ( 'NONE',  ( -0.4499250191522926600, -0.6323253468299127000, 2.030000000000000700 ) ) ;
#4558 = VERTEX_POINT ( 'NONE', #7671 ) ;
#4559 = PRESENTATION_STYLE_ASSIGNMENT (( #9505 ) ) ;
#4560 =( NAMED_UNIT ( * ) SI_UNIT ( $, .STERADIAN. ) SOLID_ANGLE_UNIT ( ) );
#4561 = MECHANICAL_DESIGN_GEOMETRIC_PRESENTATION_REPRESENTATION (  '', ( #2903 ), #5120 ) ;
#4562 = DIRECTION ( 'NONE',  ( -0.0000000000000000000, -0.0000000000000000000, 1.000000000000000000 ) ) ;
#4563 = VECTOR ( 'NONE', #3393, 1000.000000000000000 ) ;
#4564 = CARTESIAN_POINT ( 'NONE',  ( 0.7313216556298266500, -0.3797235952627914200, 2.030000000000000200 ) ) ;
#4565 = LINE ( 'NONE', #10554, #8928 ) ;
#4566 = ORIENTED_EDGE ( 'NONE', *, *, #8298, .T. ) ;
#4567 = MECHANICAL_DESIGN_GEOMETRIC_PRESENTATION_REPRESENTATION (  '', ( #2909 ), #5124 ) ;
#4568 = COLOUR_RGB ( '',0.7294117647058823200, 0.3568627450980392200, 0.02352941176470588200 ) ;
#4569 = DIRECTION ( 'NONE',  ( 3.552334763092437500E-015, -1.000000000000000000, 0.0000000000000000000 ) ) ;
#4570 =( NAMED_UNIT ( * ) PLANE_ANGLE_UNIT ( ) SI_UNIT ( $, .RADIAN. ) );
#4571 = EDGE_CURVE ( 'NONE', #1586, #7985, #7773, .T. ) ;
#4572 = VECTOR ( 'NONE', #7992, 1000.000000000000000 ) ;
#4573 = FILL_AREA_STYLE ('',( #10160 ) ) ;
#4574 = VERTEX_POINT ( 'NONE', #6844 ) ;
#4575 = COLOUR_RGB ( '',1.000000000000000000, 0.7176470588235294200, 0.2470588235294117800 ) ;
#4576 = PRESENTATION_STYLE_ASSIGNMENT (( #7280 ) ) ;
#4577 = CARTESIAN_POINT ( 'NONE',  ( 0.7914590759129808100, -0.1584861246392177700, 2.030000000000000200 ) ) ;
#4578 =( LENGTH_UNIT ( ) NAMED_UNIT ( * ) SI_UNIT ( .MILLI., .METRE. ) );
#4579 = CARTESIAN_POINT ( 'NONE',  ( 0.7531834977758502500, -0.4587315864164187000, 2.024999999999999900 ) ) ;
#4580 = ORIENTED_EDGE ( 'NONE', *, *, #1254, .T. ) ;
#4581 = PLANE ( 'NONE',  #1672 ) ;
#4582 = EDGE_CURVE ( 'NONE', #5996, #5294, #9952, .T. ) ;
#4583 = CARTESIAN_POINT ( 'NONE',  ( -0.5395379401696757100, -0.3460338111021330500, 2.025000000000000400 ) ) ;
#4584 = COLOUR_RGB ( '',0.7294117647058823200, 0.3568627450980392200, 0.02352941176470588200 ) ;
#4585 = AXIS2_PLACEMENT_3D ( 'NONE', #809, #9178, #8539 ) ;
#4586 = CARTESIAN_POINT ( 'NONE',  ( -0.9876888650874067200, -0.3159574051508940400, 2.029999999999999800 ) ) ;
#4587 = EDGE_LOOP ( 'NONE', ( #8728, #1706, #2334, #2427, #9799, #5423, #4836, #2769 ) ) ;
#4588 = CARTESIAN_POINT ( 'NONE',  ( -0.8814102564102497300, -0.4719158516571728700, 2.025000000000000400 ) ) ;
#4590 = FILL_AREA_STYLE_COLOUR ( '', #8598 ) ;
#4589 = DIRECTION ( 'NONE',  ( 0.0000000000000000000, 0.0000000000000000000, -1.000000000000000000 ) ) ;
#4591 = CARTESIAN_POINT ( 'NONE',  ( -0.4971153846153774100, 0.7800072252659040500, 2.025000000000000400 ) ) ;
#4592 = CARTESIAN_POINT ( 'NONE',  ( -0.3101462339743520900, -0.6693517490930703800, 2.025000000000000400 ) ) ;
#4593 = ORIENTED_EDGE ( 'NONE', *, *, #5206, .T. ) ;
#4594 = AXIS2_PLACEMENT_3D ( 'NONE', #7376, #2438, #8215 ) ;
#4595 = COLOUR_RGB ( '',0.7294117647058823200, 0.3568627450980392200, 0.02352941176470588200 ) ;
#4596 =( GEOMETRIC_REPRESENTATION_CONTEXT ( 3 ) GLOBAL_UNCERTAINTY_ASSIGNED_CONTEXT ( ( #1121 ) ) GLOBAL_UNIT_ASSIGNED_CONTEXT ( ( #1301, #7061, #2130 ) ) REPRESENTATION_CONTEXT ( 'NONE', 'WORKASPACE' ) );
#4597 = DIRECTION ( 'NONE',  ( -1.000000000000000000, 0.0000000000000000000, 0.0000000000000000000 ) ) ;
#4598 = CARTESIAN_POINT ( 'NONE',  ( -0.4941406249999928400, 0.6728057028300065100, 2.025000000000000400 ) ) ;
#4599 = CARTESIAN_POINT ( 'NONE',  ( 0.7777141913654478400, -0.7197399386273563000, 2.030000000000001600 ) ) ;
#4600 = ORIENTED_EDGE ( 'NONE', *, *, #2573, .F. ) ;
#4601 = DIRECTION ( 'NONE',  ( 1.000000000000000000, 0.0000000000000000000, 0.0000000000000000000 ) ) ;
#4602 = UNCERTAINTY_MEASURE_WITH_UNIT (LENGTH_MEASURE( 1.000000000000000100E-005 ), #1113, 'distance_accuracy_value', 'NONE');
#4603 = CARTESIAN_POINT ( 'NONE',  ( -0.3190747886142922300, -0.2040306135314298200, 2.030000000000000700 ) ) ;
#4604 = CARTESIAN_POINT ( 'NONE',  ( -1.066339969267494900, -0.6467454400615997300, 2.024999999999999500 ) ) ;
#4605 = CARTESIAN_POINT ( 'NONE',  ( 0.6261916484784616500, -0.1967418829408627600, 2.030000000000000700 ) ) ;
#4606 = ADVANCED_FACE ( 'NONE', ( #5578 ), #6096, .T. ) ;
#4607 = PRESENTATION_STYLE_ASSIGNMENT (( #5862 ) ) ;
#4608 = LINE ( 'NONE', #3343, #2386 ) ;
#4609 = SURFACE_SIDE_STYLE ('',( #5840 ) ) ;
#4610 = MECHANICAL_DESIGN_GEOMETRIC_PRESENTATION_REPRESENTATION (  '', ( #2953 ), #5169 ) ;
#4611 = FACE_OUTER_BOUND ( 'NONE', #5424, .T. ) ;
#4612 = MECHANICAL_DESIGN_GEOMETRIC_PRESENTATION_REPRESENTATION (  '', ( #3510 ), #5173 ) ;
#4613 = ORIENTED_EDGE ( 'NONE', *, *, #415, .T. ) ;
#4614 =( GEOMETRIC_REPRESENTATION_CONTEXT ( 3 ) GLOBAL_UNCERTAINTY_ASSIGNED_CONTEXT ( ( #2535 ) ) GLOBAL_UNIT_ASSIGNED_CONTEXT ( ( #3745, #9489, #4560 ) ) REPRESENTATION_CONTEXT ( 'NONE', 'WORKASPACE' ) );
#4615 =( GEOMETRIC_REPRESENTATION_CONTEXT ( 3 ) GLOBAL_UNCERTAINTY_ASSIGNED_CONTEXT ( ( #8552 ) ) GLOBAL_UNIT_ASSIGNED_CONTEXT ( ( #2437, #8214, #3275 ) ) REPRESENTATION_CONTEXT ( 'NONE', 'WORKASPACE' ) );
#4616 = FILL_AREA_STYLE ('',( #3787 ) ) ;
#4617 = DIRECTION ( 'NONE',  ( -0.7941277684358846200, -0.6077508431907289200, 0.0000000000000000000 ) ) ;
#4618 = COLOUR_RGB ( '',0.7294117647058823200, 0.3568627450980392200, 0.02352941176470588200 ) ;
#4619 = DIRECTION ( 'NONE',  ( 1.000000000000000000, 0.0000000000000000000, 0.0000000000000000000 ) ) ;
#4620 = LINE ( 'NONE', #273, #453 ) ;
#4621 = FACE_OUTER_BOUND ( 'NONE', #9664, .T. ) ;
#4622 = EDGE_CURVE ( 'NONE', #9458, #9492, #6735, .T. ) ;
#4623 = DIRECTION ( 'NONE',  ( -0.0000000000000000000, 0.0000000000000000000, 1.000000000000000000 ) ) ;
#4624 = ORIENTED_EDGE ( 'NONE', *, *, #827, .F. ) ;
#4625 = SURFACE_SIDE_STYLE ('',( #4136 ) ) ;
#4626 = CARTESIAN_POINT ( 'NONE',  ( -0.5569878990777718000, -0.4318073812237226400, 2.030000000000000700 ) ) ;
#4627 = CARTESIAN_POINT ( 'NONE',  ( -1.045782856188288000, -0.4116546633638494800, 2.024999999999999900 ) ) ;
#4628 = PRESENTATION_LAYER_ASSIGNMENT (  '', '', ( #3526 ) ) ;
#4629 = LINE ( 'NONE', #7447, #8985 ) ;
#4630 = CARTESIAN_POINT ( 'NONE',  ( 0.6034019844959290800, -0.2417605979427972800, 2.025000000000000400 ) ) ;
#4631 = ORIENTED_EDGE ( 'NONE', *, *, #1177, .T. ) ;
#4632 = VECTOR ( 'NONE', #4989, 1000.000000000000100 ) ;
#4633 = AXIS2_PLACEMENT_3D ( 'NONE', #6855, #1929, #7681 ) ;
#4634 = ORIENTED_EDGE ( 'NONE', *, *, #3068, .F. ) ;
#4635 = ORIENTED_EDGE ( 'NONE', *, *, #3723, .F. ) ;
#4636 =( LENGTH_UNIT ( ) NAMED_UNIT ( * ) SI_UNIT ( .MILLI., .METRE. ) );
#4637 = DIRECTION ( 'NONE',  ( -1.000000000000000000, -3.552334763092437500E-015, 0.0000000000000000000 ) ) ;
#4638 = CARTESIAN_POINT ( 'NONE',  ( 1.750000000000000900, 1.100000000000000100, 1.021000000000007900 ) ) ;
#4639 = COLOUR_RGB ( '',1.000000000000000000, 0.7176470588235294200, 0.2470588235294117800 ) ;
#4640 = CARTESIAN_POINT ( 'NONE',  ( -0.3035547550506265700, -0.2042200969465059200, 2.024999999999999900 ) ) ;
#4641 = FILL_AREA_STYLE_COLOUR ( '', #10679 ) ;
#4642 = FILL_AREA_STYLE_COLOUR ( '', #7981 ) ;
#4643 = UNCERTAINTY_MEASURE_WITH_UNIT (LENGTH_MEASURE( 1.000000000000000100E-005 ), #6281, 'distance_accuracy_value', 'NONE');
#4644 = DIRECTION ( 'NONE',  ( 4.336808689942017700E-017, 1.000000000000000000, 0.0000000000000000000 ) ) ;
#4645 = ORIENTED_EDGE ( 'NONE', *, *, #9260, .T. ) ;
#4646 = EDGE_LOOP ( 'NONE', ( #10631, #10385, #1652, #5009 ) ) ;
#4647 = ORIENTED_EDGE ( 'NONE', *, *, #9321, .F. ) ;
#4648 = FACE_OUTER_BOUND ( 'NONE', #9542, .T. ) ;
#4649 = EDGE_CURVE ( 'NONE', #9382, #8865, #8919, .T. ) ;
#4650 = FILL_AREA_STYLE_COLOUR ( '', #4094 ) ;
#4652 = CARTESIAN_POINT ( 'NONE',  ( 0.8091953729739983500, -0.6417971280463795600, 2.025000000000000400 ) ) ;
#4651 = SURFACE_STYLE_FILL_AREA ( #847 ) ;
#4653 = MANIFOLD_SOLID_BREP ( 'Cut-Extrude8', #6858 ) ;
#4654 = EDGE_CURVE ( 'NONE', #3926, #8865, #10188, .T. ) ;
#4655 =( NAMED_UNIT ( * ) PLANE_ANGLE_UNIT ( ) SI_UNIT ( $, .RADIAN. ) );
#4656 =( NAMED_UNIT ( * ) SI_UNIT ( $, .STERADIAN. ) SOLID_ANGLE_UNIT ( ) );
#4657 = VERTEX_POINT ( 'NONE', #2050 ) ;
#4658 = PLANE ( 'NONE',  #859 ) ;
#4659 = CARTESIAN_POINT ( 'NONE',  ( -1.045782856188288000, -0.4116546633638494800, 2.024999999999999900 ) ) ;
#4660 = ADVANCED_FACE ( 'NONE', ( #5858 ), #2921, .T. ) ;
#4661 = ORIENTED_EDGE ( 'NONE', *, *, #3296, .F. ) ;
#4662 = MECHANICAL_DESIGN_GEOMETRIC_PRESENTATION_REPRESENTATION (  '', ( #3006 ), #5215 ) ;
#4663 = PRESENTATION_LAYER_ASSIGNMENT (  '', '', ( #3563 ) ) ;
#4664 = CARTESIAN_POINT ( 'NONE',  ( -0.3101462339743520900, -0.6693517490930703800, 2.030000000000000200 ) ) ;
#4665 = CARTESIAN_POINT ( 'NONE',  ( 0.6501211071448652600, -0.7046856798931662200, 2.025000000000000800 ) ) ;
#4666 = UNCERTAINTY_MEASURE_WITH_UNIT (LENGTH_MEASURE( 1.000000000000000100E-005 ), #839, 'distance_accuracy_value', 'NONE');
#4667 = CARTESIAN_POINT ( 'NONE',  ( -0.6999999999999997300, -1.250000000000000000, 0.1200000000000000100 ) ) ;
#4668 = CARTESIAN_POINT ( 'NONE',  ( 0.6657932330859900300, -0.1641199486049558500, 2.029999999999998900 ) ) ;
#4669 = EDGE_CURVE ( 'NONE', #6701, #542, #9463, .T. ) ;
#4670 = EDGE_LOOP ( 'NONE', ( #5577, #7295, #274, #5072 ) ) ;
#4671 = VERTEX_POINT ( 'NONE', #6224 ) ;
#4672 = MECHANICAL_DESIGN_GEOMETRIC_PRESENTATION_REPRESENTATION (  '', ( #3014 ), #5225 ) ;
#4673 = CARTESIAN_POINT ( 'NONE',  ( 0.7924321512002752100, -0.4923939642355557000, 2.025000000000000400 ) ) ;
#4674 =( NAMED_UNIT ( * ) SI_UNIT ( $, .STERADIAN. ) SOLID_ANGLE_UNIT ( ) );
#4675 = CARTESIAN_POINT ( 'NONE',  ( 0.6300981570512894600, -0.3596462202469164500, 2.030000000000000200 ) ) ;
#4676 = EDGE_LOOP ( 'NONE', ( #3277, #4783, #1629, #553 ) ) ;
#4677 = CARTESIAN_POINT ( 'NONE',  ( -0.4374690743630576500, -0.2349737655133293000, 2.024999999999999500 ) ) ;
#4678 = CARTESIAN_POINT ( 'NONE',  ( -0.1155385407627307100, -0.2139585758083187800, 2.025000000000000400 ) ) ;
#4679 = CARTESIAN_POINT ( 'NONE',  ( 1.150000000000005700, -1.100000000000000100, 5.502326025363935000E-015 ) ) ;
#4680 =( NAMED_UNIT ( * ) PLANE_ANGLE_UNIT ( ) SI_UNIT ( $, .RADIAN. ) );
#4681 = VERTEX_POINT ( 'NONE', #3788 ) ;
#4682 = EDGE_CURVE ( 'NONE', #10302, #5051, #657, .T. ) ;
#4683 = STYLED_ITEM ( 'NONE', ( #412 ), #10270 ) ;
#4684 = CARTESIAN_POINT ( 'NONE',  ( -1.032549034427133100, -0.4219429703608162400, 2.025000000000000800 ) ) ;
#4685 = DIRECTION ( 'NONE',  ( 0.4190581774617469500, -0.9079593845004517700, 0.0000000000000000000 ) ) ;
#4686 = CARTESIAN_POINT ( 'NONE',  ( 0.3525641025641101900, 0.7800072252659041600, 2.030000000000000200 ) ) ;
#4687 = AXIS2_PLACEMENT_3D ( 'NONE', #5868, #917, #6697 ) ;
#4688 = MECHANICAL_DESIGN_GEOMETRIC_PRESENTATION_REPRESENTATION (  '', ( #3591 ), #8670 ) ;
#4689 = CARTESIAN_POINT ( 'NONE',  ( -0.1649607321389935900, -0.2477545188755080300, 2.025000000000000400 ) ) ;
#4690 = MECHANICAL_DESIGN_GEOMETRIC_PRESENTATION_REPRESENTATION (  '', ( #3038 ), #5250 ) ;
#4691 = ORIENTED_EDGE ( 'NONE', *, *, #3817, .F. ) ;
#4692 = DIRECTION ( 'NONE',  ( -3.552334763092437900E-015, 1.000000000000000000, 0.0000000000000000000 ) ) ;
#4693 = EDGE_LOOP ( 'NONE', ( #7135, #8649, #8530 ) ) ;
#4694 = CARTESIAN_POINT ( 'NONE',  ( 1.690712660634456700, 1.455712660634468400, 1.347212991899148900 ) ) ;
#4695 = CARTESIAN_POINT ( 'NONE',  ( -0.1137019230769161400, -0.5776850824264037100, 2.030000000000000200 ) ) ;
#4696 = DIRECTION ( 'NONE',  ( 1.000000000000000000, 0.0000000000000000000, 0.0000000000000000000 ) ) ;
#4697 =( LENGTH_UNIT ( ) NAMED_UNIT ( * ) SI_UNIT ( .MILLI., .METRE. ) );
#4698 = PLANE ( 'NONE',  #2601 ) ;
#4699 = VECTOR ( 'NONE', #4730, 1000.000000000000000 ) ;
#4700 = CARTESIAN_POINT ( 'NONE',  ( 1.001282051282059300, -0.7116594414007626500, 2.030000000000000200 ) ) ;
#4701 = LINE ( 'NONE', #7100, #6884 ) ;
#4702 = CARTESIAN_POINT ( 'NONE',  ( 1.700000000000005100, -1.464999999999994100, 2.030000000000000200 ) ) ;
#4703 = DIRECTION ( 'NONE',  ( 1.000000000000000000, 2.176687297297084800E-015, 0.0000000000000000000 ) ) ;
#4704 = CARTESIAN_POINT ( 'NONE',  ( -1.092884026611580700, -0.1676662379949804500, 2.025000000000000400 ) ) ;
#4705 = VERTEX_POINT ( 'NONE', #1315 ) ;
#4706 = CARTESIAN_POINT ( 'NONE',  ( 0.6010796806093015000, -0.2980704354983190200, 2.025000000000000800 ) ) ;
#4707 = LINE ( 'NONE', #9256, #9061 ) ;
#4708 = CARTESIAN_POINT ( 'NONE',  ( -0.5528367644341493100, -0.3898449300554637800, 2.025000000000000400 ) ) ;
#4709 =( NAMED_UNIT ( * ) SI_UNIT ( $, .STERADIAN. ) SOLID_ANGLE_UNIT ( ) );
#4710 = SURFACE_SIDE_STYLE ('',( #7190 ) ) ;
#4711 = EDGE_CURVE ( 'NONE', #3089, #3529, #6338, .T. ) ;
#4712 = DIRECTION ( 'NONE',  ( 0.0000000000000000000, 0.0000000000000000000, -1.000000000000000000 ) ) ;
#4713 = ORIENTED_EDGE ( 'NONE', *, *, #1829, .T. ) ;
#4714 = ORIENTED_EDGE ( 'NONE', *, *, #3961, .T. ) ;
#4715 = COLOUR_RGB ( '',1.000000000000000000, 0.7176470588235294200, 0.2470588235294117800 ) ;
#4716 = VECTOR ( 'NONE', #10288, 1000.000000000000000 ) ;
#4717 = CARTESIAN_POINT ( 'NONE',  ( -0.9630368956456935000, -0.4825423015312145200, 2.030000000000000200 ) ) ;
#4718 = LINE ( 'NONE', #7275, #2510 ) ;
#4719 = CARTESIAN_POINT ( 'NONE',  ( 0.8062884512480103000, -0.2389846408646230700, 2.030000000000000200 ) ) ;
#4720 = LINE ( 'NONE', #8087, #8835 ) ;
#4721 = ORIENTED_EDGE ( 'NONE', *, *, #5007, .F. ) ;
#4722 = CARTESIAN_POINT ( 'NONE',  ( -0.2838808465378138100, -0.2047174291758034300, 2.030000000000000200 ) ) ;
#4723 = SURFACE_STYLE_USAGE ( .BOTH. , #9638 ) ;
#4724 = EDGE_CURVE ( 'NONE', #9520, #3926, #7001, .T. ) ;
#4725 = CARTESIAN_POINT ( 'NONE',  ( 0.6495210834584237400, -0.2595717287860952500, 2.025000000000000800 ) ) ;
#4726 = EDGE_CURVE ( 'NONE', #5647, #10539, #5088, .T. ) ;
#4727 = CIRCLE ( 'NONE', #8258, 0.07500000000000041400 ) ;
#4728 = STYLED_ITEM ( 'NONE', ( #712 ), #265 ) ;
#4729 = FILL_AREA_STYLE_COLOUR ( '', #4618 ) ;
#4730 = DIRECTION ( 'NONE',  ( -2.220209226932773700E-016, 1.000000000000000000, 0.0000000000000000000 ) ) ;
#4731 = DIRECTION ( 'NONE',  ( -4.631543261103126300E-015, 0.0000000000000000000, 1.000000000000000000 ) ) ;
#4732 = EDGE_LOOP ( 'NONE', ( #910, #2072, #299, #6366 ) ) ;
#4733 = CARTESIAN_POINT ( 'NONE',  ( -1.022946849513033800, -0.3935370411495291400, 2.030000000000000700 ) ) ;
#4734 = B_SPLINE_CURVE_WITH_KNOTS ( 'NONE', 3,
 ( #8351, #9168, #4268, #10004, #5090, #124, #5910, #959, #6729, #1801, #7561, #2633, #8391, #3463, #9205, #4297, #10042, #5130, #154 ),
 .UNSPECIFIED., .F., .F.,
 ( 4, 3, 3, 3, 3, 3, 4 ),
 ( 9.995850129923639100E-019, 4.393752699264367300E-005, 8.804722493152817500E-005, 0.0001295867197628669900, 0.0001666531582205240400, 0.0002037040516877889500, 0.0002200670856156228900 ),
 .UNSPECIFIED. ) ;
#4735 = SURFACE_SIDE_STYLE ('',( #9263 ) ) ;
#4736 =( GEOMETRIC_REPRESENTATION_CONTEXT ( 3 ) GLOBAL_UNCERTAINTY_ASSIGNED_CONTEXT ( ( #7193 ) ) GLOBAL_UNIT_ASSIGNED_CONTEXT ( ( #9567, #4655, #10412 ) ) REPRESENTATION_CONTEXT ( 'NONE', 'WORKASPACE' ) );
#4737 = VECTOR ( 'NONE', #1229, 1000.000000000000000 ) ;
#4738 = CARTESIAN_POINT ( 'NONE',  ( 0.7457324455299327900, -0.6689511820855226200, 2.030000000000000200 ) ) ;
#4739 = CARTESIAN_POINT ( 'NONE',  ( -1.017959280506040500, -0.2103083520465521500, 2.029999999999999400 ) ) ;
#4740 = ORIENTED_EDGE ( 'NONE', *, *, #1031, .F. ) ;
#4741 = CARTESIAN_POINT ( 'NONE',  ( 1.750000000000004000, -1.024999999999526500, 0.3800000000000005600 ) ) ;
#4742 = VERTEX_POINT ( 'NONE', #5502 ) ;
#4743 = CARTESIAN_POINT ( 'NONE',  ( -0.4084245426755623900, -0.2212924212563963700, 2.029999999999999800 ) ) ;
#4744 =( NAMED_UNIT ( * ) PLANE_ANGLE_UNIT ( ) SI_UNIT ( $, .RADIAN. ) );
#4745 = CARTESIAN_POINT ( 'NONE',  ( 1.001282051282059000, -0.7116594414007626500, 2.025000000000000400 ) ) ;
#4746 = AXIS2_PLACEMENT_3D ( 'NONE', #6275, #1332, #7106 ) ;
#4747 = CARTESIAN_POINT ( 'NONE',  ( -1.187149439102557200, -0.4507620055033266800, 2.025000000000000400 ) ) ;
#4748 =( GEOMETRIC_REPRESENTATION_CONTEXT ( 3 ) GLOBAL_UNCERTAINTY_ASSIGNED_CONTEXT ( ( #10403 ) ) GLOBAL_UNIT_ASSIGNED_CONTEXT ( ( #4815, #10573, #5630 ) ) REPRESENTATION_CONTEXT ( 'NONE', 'WORKASPACE' ) );
#4749 = FACE_BOUND ( 'NONE', #2407, .T. ) ;
#4750 = VECTOR ( 'NONE', #6623, 1000.000000000000000 ) ;
#4751 = AXIS2_PLACEMENT_3D ( 'NONE', #1206, #6974, #2046 ) ;
#4752 = AXIS2_PLACEMENT_3D ( 'NONE', #1421, #7188, #2258 ) ;
#4753 = ORIENTED_EDGE ( 'NONE', *, *, #8581, .F. ) ;
#4754 = SURFACE_STYLE_FILL_AREA ( #1890 ) ;
#4755 = CARTESIAN_POINT ( 'NONE',  ( 1.700000000000001300, 0.9499999999999994000, 1.070000000000008300 ) ) ;
#4756 = CARTESIAN_POINT ( 'NONE',  ( 0.6000000000000002000, 1.149999999999999900, 0.02000000000000000000 ) ) ;
#4757 = CARTESIAN_POINT ( 'NONE',  ( 0.8340945013624164700, -0.2710088742977205800, 2.025000000000000400 ) ) ;
#4758 = FILL_AREA_STYLE ('',( #8851 ) ) ;
#4759 = FILL_AREA_STYLE_COLOUR ( '', #3489 ) ;
#4760 = DIRECTION ( 'NONE',  ( -1.000000000000000000, 0.0000000000000000000, 0.0000000000000000000 ) ) ;
#4761 = VECTOR ( 'NONE', #1371, 1000.000000000000000 ) ;
#4762 = ORIENTED_EDGE ( 'NONE', *, *, #5078, .T. ) ;
#4763 = ORIENTED_EDGE ( 'NONE', *, *, #7151, .T. ) ;
#4764 = EDGE_LOOP ( 'NONE', ( #7495, #3478, #4819, #1788 ) ) ;
#4765 = CARTESIAN_POINT ( 'NONE',  ( 0.2144515224359045400, -0.1616594414007626000, 2.025000000000000400 ) ) ;
#4766 = AXIS2_PLACEMENT_3D ( 'NONE', #4479, #10228, #5313 ) ;
#4767 = PRESENTATION_STYLE_ASSIGNMENT (( #2319 ) ) ;
#4768 =( LENGTH_UNIT ( ) NAMED_UNIT ( * ) SI_UNIT ( .MILLI., .METRE. ) );
#4769 = FILL_AREA_STYLE ('',( #6370 ) ) ;
#4770 = LINE ( 'NONE', #2697, #8881 ) ;
#4771 = SURFACE_SIDE_STYLE ('',( #10433 ) ) ;
#4772 = UNCERTAINTY_MEASURE_WITH_UNIT (LENGTH_MEASURE( 1.000000000000000100E-005 ), #10660, 'distance_accuracy_value', 'NONE');
#4773 = CARTESIAN_POINT ( 'NONE',  ( 0.8258926230484673300, -0.6223131642762123100, 2.025000000000000400 ) ) ;
#4774 = VERTEX_POINT ( 'NONE', #9594 ) ;
#4775 = VERTEX_POINT ( 'NONE', #2148 ) ;
#4776 = CARTESIAN_POINT ( 'NONE',  ( 1.050641025641033500, -0.3873004670417882800, 2.030000000000000200 ) ) ;
#4777 = COLOUR_RGB ( '',0.7294117647058823200, 0.3568627450980392200, 0.02352941176470588200 ) ;
#4778 = VERTEX_POINT ( 'NONE', #6322 ) ;
#4779 = CARTESIAN_POINT ( 'NONE',  ( -0.5450387450877023400, -0.3601930272927297300, 2.030000000000000700 ) ) ;
#4780 =( NAMED_UNIT ( * ) PLANE_ANGLE_UNIT ( ) SI_UNIT ( $, .RADIAN. ) );
#4781 = CARTESIAN_POINT ( 'NONE',  ( 0.8263995951797342700, -0.1795966800344535300, 2.025000000000001200 ) ) ;
#4782 = VECTOR ( 'NONE', #6749, 1000.000000000000000 ) ;
#4783 = ORIENTED_EDGE ( 'NONE', *, *, #8730, .T. ) ;
#4784 = EDGE_CURVE ( 'NONE', #1174, #1395, #2632, .T. ) ;
#4785 = CARTESIAN_POINT ( 'NONE',  ( 1.050641025641033500, -0.6552491849905062200, 2.025000000000000400 ) ) ;
#4786 = CARTESIAN_POINT ( 'NONE',  ( -0.5529989500335048500, -0.4846783895031238100, 2.025000000000001200 ) ) ;
#4787 = EDGE_CURVE ( 'NONE', #4446, #2962, #7256, .T. ) ;
#4788 = CARTESIAN_POINT ( 'NONE',  ( 0.7338958646261611900, -0.2041412645306585100, 2.025000000000000400 ) ) ;
#4789 = VECTOR ( 'NONE', #8562, 1000.000000000000000 ) ;
#4790 = SURFACE_SIDE_STYLE ('',( #9531 ) ) ;
#4791 = UNCERTAINTY_MEASURE_WITH_UNIT (LENGTH_MEASURE( 1.000000000000000100E-005 ), #6438, 'distance_accuracy_value', 'NONE');
#4792 = B_SPLINE_CURVE_WITH_KNOTS ( 'NONE', 3,
 ( #765, #10652, #8250, #3314, #9056, #4157, #9895, #4974, #11, #5807, #844, #6628, #1683, #7445, #2511, #8281, #3364, #9093, #4191 ),
 .UNSPECIFIED., .F., .F.,
 ( 4, 1, 1, 1, 1, 1, 1, 1, 1, 1, 1, 1, 1, 1, 1, 1, 4 ),
 ( 0.0000000000000000000, 0.06854753670890302600, 0.1356829456230482500, 0.2012149895263285500, 0.2656822347546963800, 0.3292668348172592100, 0.3923954278443287400, 0.4550697616521439100, 0.5171268500645063200, 0.5787900352866525200, 0.6397398633435416000, 0.7001915036663085600, 0.7598062425966705100, 0.8196283192750081200, 0.8793547910462767800, 0.9395116077646616900, 1.000000000000000000 ),
 .UNSPECIFIED. ) ;
#4793 = DIRECTION ( 'NONE',  ( 2.168404344971003200E-014, 0.0000000000000000000, -1.000000000000000000 ) ) ;
#4794 = ORIENTED_EDGE ( 'NONE', *, *, #7326, .F. ) ;
#4795 = STYLED_ITEM ( 'NONE', ( #1280 ), #5974 ) ;
#4796 = MECHANICAL_DESIGN_GEOMETRIC_PRESENTATION_REPRESENTATION (  '', ( #3704 ), #5359 ) ;
#4797 = CARTESIAN_POINT ( 'NONE',  ( -0.6698717948717882700, -0.4719158516571728700, 2.025000000000000400 ) ) ;
#4798 = CARTESIAN_POINT ( 'NONE',  ( -1.172494383962810100, -0.3941674746173749500, 2.025000000000000400 ) ) ;
#4799 = SURFACE_STYLE_USAGE ( .BOTH. , #9711 ) ;
#4800 = VECTOR ( 'NONE', #2468, 1000.000000000000000 ) ;
#4801 = EDGE_CURVE ( 'NONE', #3529, #5279, #4452, .T. ) ;
#4802 = CARTESIAN_POINT ( 'NONE',  ( -0.5950284728960789600, -0.3481763430397952200, 2.025000000000000400 ) ) ;
#4803 = CARTESIAN_POINT ( 'NONE',  ( 1.710000000000000900, 1.100000000000000100, 1.030000000000008200 ) ) ;
#4804 = FILL_AREA_STYLE ('',( #2987 ) ) ;
#4805 = CARTESIAN_POINT ( 'NONE',  ( -0.3610447309046502200, -0.6655314679950060700, 2.029999999999999800 ) ) ;
#4806 = ORIENTED_EDGE ( 'NONE', *, *, #9732, .F. ) ;
#4807 = SURFACE_STYLE_FILL_AREA ( #3760 ) ;
#4808 = LINE ( 'NONE', #9533, #2618 ) ;
#4809 = ORIENTED_EDGE ( 'NONE', *, *, #10450, .F. ) ;
#4810 = CARTESIAN_POINT ( 'NONE',  ( 0.4681390224359046100, -0.7116594414007626500, 2.030000000000000200 ) ) ;
#4811 = ORIENTED_EDGE ( 'NONE', *, *, #306, .T. ) ;
#4812 = DIRECTION ( 'NONE',  ( 1.000000000000000000, 3.872150616019660600E-015, 0.0000000000000000000 ) ) ;
#4813 = CARTESIAN_POINT ( 'NONE',  ( -1.699999999999994600, -1.465000000000006300, 1.169999999999999900 ) ) ;
#4814 = CARTESIAN_POINT ( 'NONE',  ( -0.1883372207197296400, -0.7029132546359737600, 2.030000000000000200 ) ) ;
#4815 =( LENGTH_UNIT ( ) NAMED_UNIT ( * ) SI_UNIT ( .MILLI., .METRE. ) );
#4816 = EDGE_CURVE ( 'NONE', #7315, #7931, #6745, .T. ) ;
#4817 = LINE ( 'NONE', #803, #2625 ) ;
#4818 = LINE ( 'NONE', #3962, #6999 ) ;
#4819 = ORIENTED_EDGE ( 'NONE', *, *, #71, .T. ) ;
#4820 = CARTESIAN_POINT ( 'NONE',  ( 0.2679487179487250500, -0.1616594414007626000, 2.025000000000000400 ) ) ;
#4821 = CARTESIAN_POINT ( 'NONE',  ( -0.3359848459367795200, -0.6688695249372604800, 2.025000000000000400 ) ) ;
#4822 = VECTOR ( 'NONE', #4685, 999.9999999999998900 ) ;
#4823 = DIRECTION ( 'NONE',  ( 1.000000000000000000, 0.0000000000000000000, 0.0000000000000000000 ) ) ;
#4824 = ORIENTED_EDGE ( 'NONE', *, *, #6504, .T. ) ;
#4825 = AXIS2_PLACEMENT_3D ( 'NONE', #3974, #9726, #4812 ) ;
#4826 = MECHANICAL_DESIGN_GEOMETRIC_PRESENTATION_REPRESENTATION (  '', ( #3173 ), #5392 ) ;
#4827 = VECTOR ( 'NONE', #445, 1000.000000000000000 ) ;
#4828 = DIRECTION ( 'NONE',  ( -0.0000000000000000000, -0.0000000000000000000, 1.000000000000000000 ) ) ;
#4829 = DIRECTION ( 'NONE',  ( 0.0000000000000000000, 1.000000000000000000, 0.0000000000000000000 ) ) ;
#4830 = CARTESIAN_POINT ( 'NONE',  ( 0.7144357277982439400, -0.4303342805624141300, 2.024999999999999900 ) ) ;
#4831 = AXIS2_PLACEMENT_3D ( 'NONE', #2110, #7879, #2949 ) ;
#4832 = CIRCLE ( 'NONE', #4825, 0.1399999999999999300 ) ;
#4833 = CARTESIAN_POINT ( 'NONE',  ( -0.5950284728960789600, -0.3481763430397952200, 2.025000000000000400 ) ) ;
#4834 = CARTESIAN_POINT ( 'NONE',  ( -1.105956696068553800, -0.3864113057564028100, 2.030000000000000700 ) ) ;
#4835 = CARTESIAN_POINT ( 'NONE',  ( 0.8316566285937809800, -0.6112633266379220400, 2.029999999999999800 ) ) ;
#4836 = ORIENTED_EDGE ( 'NONE', *, *, #7762, .T. ) ;
#4837 = CARTESIAN_POINT ( 'NONE',  ( -0.5006781887762009600, -0.2104805221016055600, 2.030000000000000700 ) ) ;
#4838 = LINE ( 'NONE', #1694, #3167 ) ;
#4839 = SURFACE_STYLE_FILL_AREA ( #7941 ) ;
#4840 = PLANE ( 'NONE',  #1339 ) ;
#4841 = EDGE_LOOP ( 'NONE', ( #3374, #8734, #5489 ) ) ;
#4842 = ORIENTED_EDGE ( 'NONE', *, *, #1575, .F. ) ;
#4843 = FILL_AREA_STYLE_COLOUR ( '', #10371 ) ;
#4844 = CARTESIAN_POINT ( 'NONE',  ( 0.8427789593131762600, -0.6816441194170241900, 2.025000000000000400 ) ) ;
#4845 = UNCERTAINTY_MEASURE_WITH_UNIT (LENGTH_MEASURE( 1.000000000000000100E-005 ), #2626, 'distance_accuracy_value', 'NONE');
#4846 = ORIENTED_EDGE ( 'NONE', *, *, #4654, .T. ) ;
#4847 = UNCERTAINTY_MEASURE_WITH_UNIT (LENGTH_MEASURE( 1.000000000000000100E-005 ), #4054, 'distance_accuracy_value', 'NONE');
#4848 = SURFACE_STYLE_FILL_AREA ( #10345 ) ;
#4849 = CARTESIAN_POINT ( 'NONE',  ( -1.057858245528118700, -0.2451418720476440900, 2.024999999999999900 ) ) ;
#4850 = DIRECTION ( 'NONE',  ( -4.754114276428528800E-015, -0.0000000000000000000, 1.000000000000000000 ) ) ;
#4851 = DIRECTION ( 'NONE',  ( -0.0000000000000000000, -0.0000000000000000000, 1.000000000000000000 ) ) ;
#4852 = PRESENTATION_LAYER_ASSIGNMENT (  '', '', ( #3768 ) ) ;
#4853 = COLOUR_RGB ( '',0.7294117647058823200, 0.3568627450980392200, 0.02352941176470588200 ) ;
#4854 = VECTOR ( 'NONE', #2538, 1000.000000000000000 ) ;
#4855 = LINE ( 'NONE', #6593, #695 ) ;
#4856 = VERTEX_POINT ( 'NONE', #5544 ) ;
#4857 = FILL_AREA_STYLE ('',( #3203 ) ) ;
#4858 = EDGE_CURVE ( 'NONE', #4355, #8900, #405, .T. ) ;
#4859 = CARTESIAN_POINT ( 'NONE',  ( 0.6426796248051039900, -0.3734816021406419100, 2.030000000000000200 ) ) ;
#4860 = PRESENTATION_STYLE_ASSIGNMENT (( #7613 ) ) ;
#4861 = CARTESIAN_POINT ( 'NONE',  ( -0.3208456310582206700, -0.1478104018431708200, 2.025000000000000400 ) ) ;
#4862 = CARTESIAN_POINT ( 'NONE',  ( -1.040474883889416900, -0.3258724318426363100, 2.025000000000000400 ) ) ;
#4863 = LINE ( 'NONE', #9077, #7049 ) ;
#4864 = DIRECTION ( 'NONE',  ( 0.0000000000000000000, 0.0000000000000000000, -1.000000000000000000 ) ) ;
#4865 =( NAMED_UNIT ( * ) SI_UNIT ( $, .STERADIAN. ) SOLID_ANGLE_UNIT ( ) );
#4866 = CARTESIAN_POINT ( 'NONE',  ( -0.5795926120141872100, -0.5640727829289214900, 2.029999999999999800 ) ) ;
#4867 = ORIENTED_EDGE ( 'NONE', *, *, #2494, .T. ) ;
#4868 = COLOUR_RGB ( '',0.7294117647058823200, 0.3568627450980392200, 0.02352941176470588200 ) ;
#4869 = CARTESIAN_POINT ( 'NONE',  ( -0.3208456310582206700, -0.1478104018431708200, 2.025000000000000400 ) ) ;
#4870 = STYLED_ITEM ( 'NONE', ( #10193 ), #7628 ) ;
#4871 = CARTESIAN_POINT ( 'NONE',  ( -0.4524090391861591600, -0.6955201740508494300, 2.025000000000000800 ) ) ;
#4872 = CARTESIAN_POINT ( 'NONE',  ( -1.052940270211010400, -0.3502944851172276100, 2.030000000000000700 ) ) ;
#4873 = DIRECTION ( 'NONE',  ( 0.0000000000000000000, -0.0000000000000000000, -1.000000000000000000 ) ) ;
#4874 = CARTESIAN_POINT ( 'NONE',  ( 1.700000000000008200, -0.9499999999995270000, 1.070000000000008300 ) ) ;
#4875 = VECTOR ( 'NONE', #5951, 1000.000000000000000 ) ;
#4876 = EDGE_CURVE ( 'NONE', #9451, #2918, #2347, .T. ) ;
#4877 = CARTESIAN_POINT ( 'NONE',  ( -1.001924899688432700, -0.4388825891932825500, 2.030000000000000200 ) ) ;
#4878 = EDGE_LOOP ( 'NONE', ( #8267, #5796, #3278, #9702 ) ) ;
#4879 = CARTESIAN_POINT ( 'NONE',  ( 0.6487797257605847400, -0.2765452048783661500, 2.030000000000000200 ) ) ;
#4880 = DIRECTION ( 'NONE',  ( -0.0000000000000000000, -1.000000000000000000, -0.0000000000000000000 ) ) ;
#4881 =( NAMED_UNIT ( * ) SI_UNIT ( $, .STERADIAN. ) SOLID_ANGLE_UNIT ( ) );
#4882 = LINE ( 'NONE', #6604, #8989 ) ;
#4883 = VERTEX_POINT ( 'NONE', #6394 ) ;
#4884 =( GEOMETRIC_REPRESENTATION_CONTEXT ( 3 ) GLOBAL_UNCERTAINTY_ASSIGNED_CONTEXT ( ( #9414 ) ) GLOBAL_UNIT_ASSIGNED_CONTEXT ( ( #1808, #7569, #2640 ) ) REPRESENTATION_CONTEXT ( 'NONE', 'WORKASPACE' ) );
#4885 = CARTESIAN_POINT ( 'NONE',  ( 1.710000000000000000, 1.100000000000000100, 1.170000000000008100 ) ) ;
#4886 = ORIENTED_EDGE ( 'NONE', *, *, #8233, .T. ) ;
#4887 = STYLED_ITEM ( 'NONE', ( #725 ), #3657 ) ;
#4888 =( GEOMETRIC_REPRESENTATION_CONTEXT ( 3 ) GLOBAL_UNCERTAINTY_ASSIGNED_CONTEXT ( ( #3996 ) ) GLOBAL_UNIT_ASSIGNED_CONTEXT ( ( #2500, #8274, #3351 ) ) REPRESENTATION_CONTEXT ( 'NONE', 'WORKASPACE' ) );
#4889 = PRESENTATION_STYLE_ASSIGNMENT (( #10494 ) ) ;
#4890 = LINE ( 'NONE', #6369, #6820 ) ;
#4891 = DIRECTION ( 'NONE',  ( -1.000000000000000000, 0.0000000000000000000, 0.0000000000000000000 ) ) ;
#4892 = DIRECTION ( 'NONE',  ( 0.8421838463247544000, 0.5391904756110241800, 0.0000000000000000000 ) ) ;
#4893 = CARTESIAN_POINT ( 'NONE',  ( 1.849999999999996100, 1.024999999999999200, 0.3800000000000005600 ) ) ;
#4894 = SURFACE_STYLE_USAGE ( .BOTH. , #9805 ) ;
#4895 = FILL_AREA_STYLE_COLOUR ( '', #1740 ) ;
#4896 = ORIENTED_EDGE ( 'NONE', *, *, #3013, .T. ) ;
#4897 = VERTEX_POINT ( 'NONE', #4756 ) ;
#4898 = CARTESIAN_POINT ( 'NONE',  ( 1.050641025641033500, -0.3873004670417882800, 2.030000000000000200 ) ) ;
#4899 = ORIENTED_EDGE ( 'NONE', *, *, #4322, .T. ) ;
#4900 = VECTOR ( 'NONE', #9283, 1000.000000000000000 ) ;
#4901 = FILL_AREA_STYLE_COLOUR ( '', #2988 ) ;
#4902 = FILL_AREA_STYLE_COLOUR ( '', #7068 ) ;
#4903 = VECTOR ( 'NONE', #308, 1000.000000000000000 ) ;
#4904 =( LENGTH_UNIT ( ) NAMED_UNIT ( * ) SI_UNIT ( .MILLI., .METRE. ) );
#4905 = DIRECTION ( 'NONE',  ( 0.0000000000000000000, -1.000000000000000000, 0.0000000000000000000 ) ) ;
#4906 = CARTESIAN_POINT ( 'NONE',  ( -0.3135616987179418200, -0.2039671337084549000, 2.025000000000000400 ) ) ;
#4907 = UNCERTAINTY_MEASURE_WITH_UNIT (LENGTH_MEASURE( 1.000000000000000100E-005 ), #3884, 'distance_accuracy_value', 'NONE');
#4908 = FACE_OUTER_BOUND ( 'NONE', #1443, .T. ) ;
#4909 = SURFACE_SIDE_STYLE ('',( #6193 ) ) ;
#4910 = CARTESIAN_POINT ( 'NONE',  ( 0.6000000000000000900, -1.250000000000000000, 0.1200000000000000100 ) ) ;
#4911 = ORIENTED_EDGE ( 'NONE', *, *, #4529, .F. ) ;
#4912 = SURFACE_STYLE_USAGE ( .BOTH. , #9825 ) ;
#4913 = EDGE_CURVE ( 'NONE', #6547, #3472, #8688, .T. ) ;
#4914 = EDGE_LOOP ( 'NONE', ( #6808, #7693, #6991, #3253 ) ) ;
#4915 = SURFACE_SIDE_STYLE ('',( #3571 ) ) ;
#4916 = CARTESIAN_POINT ( 'NONE',  ( 0.6861698754626077700, -0.3457366356589999200, 2.029999999999999800 ) ) ;
#4917 = PLANE ( 'NONE',  #7793 ) ;
#4918 = CARTESIAN_POINT ( 'NONE',  ( 0.6755831815729948000, -0.3354402685668996800, 2.025000000000000800 ) ) ;
#4919 = DIRECTION ( 'NONE',  ( -1.000000000000000000, -3.552334763092437500E-015, -0.0000000000000000000 ) ) ;
#4920 = EDGE_LOOP ( 'NONE', ( #77, #7288, #6945, #9436, #851 ) ) ;
#4921 = ORIENTED_EDGE ( 'NONE', *, *, #9338, .T. ) ;
#4922 = VECTOR ( 'NONE', #2592, 1000.000000000000000 ) ;
#4923 = B_SPLINE_CURVE_WITH_KNOTS ( 'NONE', 3,
 ( #5087, #10001, #5908, #957, #6727, #1800, #7559, #2631, #8390, #3462, #9204 ),
 .UNSPECIFIED., .F., .F.,
 ( 4, 1, 1, 1, 1, 1, 1, 1, 4 ),
 ( 0.0000000000000000000, 0.07930648552299875100, 0.1719528189279314300, 0.2770565073915885500, 0.3947305758644744600, 0.5261773212767577600, 0.6713447665976127700, 0.8292852571892520600, 1.000000000000000000 ),
 .UNSPECIFIED. ) ;
#4924 = CARTESIAN_POINT ( 'NONE',  ( 0.2679487179487250500, -0.1616594414007626000, 2.025000000000000400 ) ) ;
#4925 = DIRECTION ( 'NONE',  ( -1.000000000000000000, -0.0000000000000000000, -0.0000000000000000000 ) ) ;
#4926 = EDGE_CURVE ( 'NONE', #8877, #6021, #2512, .T. ) ;
#4927 =( NAMED_UNIT ( * ) SI_UNIT ( $, .STERADIAN. ) SOLID_ANGLE_UNIT ( ) );
#4928 = AXIS2_PLACEMENT_3D ( 'NONE', #6177, #2106, #7877 ) ;
#4929 = FILL_AREA_STYLE ('',( #2419 ) ) ;
#4930 = CARTESIAN_POINT ( 'NONE',  ( -1.700000000000005100, 1.464999999999994300, 1.169999999999999900 ) ) ;
#4931 = FILL_AREA_STYLE ('',( #9018 ) ) ;
#4932 = ORIENTED_EDGE ( 'NONE', *, *, #6317, .T. ) ;
#4933 = CARTESIAN_POINT ( 'NONE',  ( 0.5251001602564178100, 0.5105160393684681200, 2.030000000000000200 ) ) ;
#4934 = CARTESIAN_POINT ( 'NONE',  ( 0.7338958646261611900, -0.2041412645306585100, 2.030000000000000200 ) ) ;
#4935 =( GEOMETRIC_REPRESENTATION_CONTEXT ( 3 ) GLOBAL_UNCERTAINTY_ASSIGNED_CONTEXT ( ( #5439 ) ) GLOBAL_UNIT_ASSIGNED_CONTEXT ( ( #8352, #3433, #9169 ) ) REPRESENTATION_CONTEXT ( 'NONE', 'WORKASPACE' ) );
#4936 = PRESENTATION_LAYER_ASSIGNMENT (  '', '', ( #3837 ) ) ;
#4937 = CARTESIAN_POINT ( 'NONE',  ( 0.5535256410256486100, 0.5550272573171861600, 2.025000000000000400 ) ) ;
#4938 = CARTESIAN_POINT ( 'NONE',  ( -0.6698717948717882700, -0.5283261080674293000, 2.025000000000000400 ) ) ;
#4939 = DIRECTION ( 'NONE',  ( -2.950209993157862500E-015, 1.000000000000000000, 0.0000000000000000000 ) ) ;
#4940 = DIRECTION ( 'NONE',  ( 0.0000000000000000000, -0.0000000000000000000, 1.000000000000000000 ) ) ;
#4941 = SURFACE_SIDE_STYLE ('',( #3232 ) ) ;
#4942 = CARTESIAN_POINT ( 'NONE',  ( 1.150000000000005200, 1.100000000000000100, 0.1000000000000054900 ) ) ;
#4943 = ORIENTED_EDGE ( 'NONE', *, *, #5825, .F. ) ;
#4944 = CARTESIAN_POINT ( 'NONE',  ( -1.650000000000005200, 1.100000000000000100, 0.2000000000000000700 ) ) ;
#4945 = ORIENTED_EDGE ( 'NONE', *, *, #5744, .T. ) ;
#4946 = FACE_OUTER_BOUND ( 'NONE', #307, .T. ) ;
#4947 = SURFACE_SIDE_STYLE ('',( #6905 ) ) ;
#4948 = CARTESIAN_POINT ( 'NONE',  ( 0.7445470393610312800, -0.3892441673924446100, 2.025000000000000800 ) ) ;
#4949 = STYLED_ITEM ( 'NONE', ( #6989 ), #1903 ) ;
#4950 = LINE ( 'NONE', #7160, #530 ) ;
#4951 = PRESENTATION_LAYER_ASSIGNMENT (  '', '', ( #4409 ) ) ;
#4952 = AXIS2_PLACEMENT_3D ( 'NONE', #5329, #452, #5418 ) ;
#4953 = CARTESIAN_POINT ( 'NONE',  ( 0.5993589743589817800, -0.2759122458879420500, 2.025000000000000400 ) ) ;
#4954 =( NAMED_UNIT ( * ) PLANE_ANGLE_UNIT ( ) SI_UNIT ( $, .RADIAN. ) );
#4955 = DIRECTION ( 'NONE',  ( 0.8422499766716468100, 0.5390871699424968400, 0.0000000000000000000 ) ) ;
#4956 = CARTESIAN_POINT ( 'NONE',  ( 0.8210283016015744700, -0.2549631791957914200, 2.025000000000001200 ) ) ;
#4957 = EDGE_CURVE ( 'NONE', #9424, #5336, #2892, .T. ) ;
#4958 = ORIENTED_EDGE ( 'NONE', *, *, #9065, .T. ) ;
#4959 = CARTESIAN_POINT ( 'NONE',  ( 0.6487179487179560700, -0.2735985439648651600, 2.030000000000000200 ) ) ;
#4960 = CARTESIAN_POINT ( 'NONE',  ( -1.084244791666660000, -0.4572624061443523700, 2.030000000000000200 ) ) ;
#4961 = FILL_AREA_STYLE ('',( #10682 ) ) ;
#4962 = CYLINDRICAL_SURFACE ( 'NONE', #7027, 0.1000000000000000500 ) ;
#4963 = FILL_AREA_STYLE_COLOUR ( '', #6016 ) ;
#4964 = CARTESIAN_POINT ( 'NONE',  ( 0.8823582305546614500, -0.6198785434127925800, 2.029999999999999800 ) ) ;
#4965 = UNCERTAINTY_MEASURE_WITH_UNIT (LENGTH_MEASURE( 1.000000000000000100E-005 ), #6140, 'distance_accuracy_value', 'NONE');
#4966 = VERTEX_POINT ( 'NONE', #7291 ) ;
#4967 = FILL_AREA_STYLE_COLOUR ( '', #4777 ) ;
#4968 = CARTESIAN_POINT ( 'NONE',  ( 0.7542460866033849900, -0.1482249784365759800, 2.024999999999999900 ) ) ;
#4969 = ORIENTED_EDGE ( 'NONE', *, *, #1821, .T. ) ;
#4970 =( NAMED_UNIT ( * ) SI_UNIT ( $, .STERADIAN. ) SOLID_ANGLE_UNIT ( ) );
#4971 = FILL_AREA_STYLE_COLOUR ( '', #8861 ) ;
#4972 = FILL_AREA_STYLE ('',( #4155 ) ) ;
#4973 = CARTESIAN_POINT ( 'NONE',  ( 0.6070030469683126400, -0.3194554057894917800, 2.029999999999999800 ) ) ;
#4974 = CARTESIAN_POINT ( 'NONE',  ( -0.2038170247513755000, -0.1644842933179192800, 2.029999999999999800 ) ) ;
#4975 =( NAMED_UNIT ( * ) PLANE_ANGLE_UNIT ( ) SI_UNIT ( $, .RADIAN. ) );
#4976 = LINE ( 'NONE', #3032, #2785 ) ;
#4977 = ORIENTED_EDGE ( 'NONE', *, *, #5506, .F. ) ;
#4978 = CARTESIAN_POINT ( 'NONE',  ( 0.7313501602564177500, -0.7257620055033268100, 2.030000000000000200 ) ) ;
#4979 =( NAMED_UNIT ( * ) PLANE_ANGLE_UNIT ( ) SI_UNIT ( $, .RADIAN. ) );
#4980 = CARTESIAN_POINT ( 'NONE',  ( -1.036621146995907900, -0.2958864675988168200, 2.030000000000000200 ) ) ;
#4981 = VECTOR ( 'NONE', #5219, 1000.000000000000000 ) ;
#4982 = SURFACE_SIDE_STYLE ('',( #3939 ) ) ;
#4983 = PLANE ( 'NONE',  #377 ) ;
#4984 = UNCERTAINTY_MEASURE_WITH_UNIT (LENGTH_MEASURE( 1.000000000000000100E-005 ), #7679, 'distance_accuracy_value', 'NONE');
#4985 = FACE_OUTER_BOUND ( 'NONE', #9397, .T. ) ;
#4986 = EDGE_LOOP ( 'NONE', ( #390, #9562, #7461, #10711 ) ) ;
#4987 = CARTESIAN_POINT ( 'NONE',  ( 0.6819878058418400400, -0.1568370175009891100, 2.024999999999999900 ) ) ;
#4988 = DIRECTION ( 'NONE',  ( 3.552334763092437500E-015, -1.000000000000000000, -0.0000000000000000000 ) ) ;
#4989 = DIRECTION ( 'NONE',  ( 0.7970624896273537100, -0.6038968352533772300, 0.0000000000000000000 ) ) ;
#4990 = CARTESIAN_POINT ( 'NONE',  ( -0.6064102564102494800, -0.4334643292212754800, 2.030000000000000200 ) ) ;
#4991 = EDGE_CURVE ( 'NONE', #8609, #1511, #4315, .T. ) ;
#4992 = CARTESIAN_POINT ( 'NONE',  ( 0.7785587185114462000, -0.2165319051350873300, 2.030000000000001100 ) ) ;
#4993 = LINE ( 'NONE', #7405, #9364 ) ;
#4994 = EDGE_CURVE ( 'NONE', #3620, #10259, #8421, .T. ) ;
#4995 = PRESENTATION_STYLE_ASSIGNMENT (( #519 ) ) ;
#4996 = FACE_OUTER_BOUND ( 'NONE', #1510, .T. ) ;
#4997 = PLANE ( 'NONE',  #10 ) ;
#4998 = ORIENTED_EDGE ( 'NONE', *, *, #9814, .F. ) ;
#4999 = CARTESIAN_POINT ( 'NONE',  ( 1.650000000000004600, 1.100000000000000100, 0.1000000000000078700 ) ) ;
#5000 = CARTESIAN_POINT ( 'NONE',  ( -1.071644942260616200, -0.1734378483841636800, 2.025000000000000400 ) ) ;
#5001 = ORIENTED_EDGE ( 'NONE', *, *, #7717, .T. ) ;
#5002 = DIRECTION ( 'NONE',  ( -0.0000000000000000000, -0.0000000000000000000, 1.000000000000000000 ) ) ;
#5003 = PRESENTATION_LAYER_ASSIGNMENT (  '', '', ( #3898 ) ) ;
#5004 = PRESENTATION_LAYER_ASSIGNMENT (  '', '', ( #3899 ) ) ;
#5005 = DIRECTION ( 'NONE',  ( -0.9209672510685589200, 0.3896399908366979800, 0.0000000000000000000 ) ) ;
#5006 = LINE ( 'NONE', #292, #580 ) ;
#5007 = EDGE_CURVE ( 'NONE', #10686, #2266, #6233, .T. ) ;
#5008 = CARTESIAN_POINT ( 'NONE',  ( 0.8352809088747656900, -0.1871984828151129800, 2.029999999999999800 ) ) ;
#5009 = ORIENTED_EDGE ( 'NONE', *, *, #7778, .T. ) ;
#5010 = DIRECTION ( 'NONE',  ( -0.0000000000000000000, -0.0000000000000000000, 1.000000000000000000 ) ) ;
#5011 = DIRECTION ( 'NONE',  ( -0.7969199129874921000, -0.6040849710794068400, 0.0000000000000000000 ) ) ;
#5012 = CARTESIAN_POINT ( 'NONE',  ( 1.710000000000000900, 0.9499999999999995100, 1.170000000000000400 ) ) ;
#5013 =( NAMED_UNIT ( * ) PLANE_ANGLE_UNIT ( ) SI_UNIT ( $, .RADIAN. ) );
#5014 = CARTESIAN_POINT ( 'NONE',  ( 0.7000000000000002900, 1.250000000000000000, 0.1200000000000000000 ) ) ;
#5015 = CARTESIAN_POINT ( 'NONE',  ( -1.150000000000005200, 1.100000000000000100, 0.1000000000000000500 ) ) ;
#5016 = FACE_OUTER_BOUND ( 'NONE', #1253, .T. ) ;
#5017 = DIRECTION ( 'NONE',  ( 1.000000000000000000, 0.0000000000000000000, 0.0000000000000000000 ) ) ;
#5018 = CARTESIAN_POINT ( 'NONE',  ( -1.057858245528118700, -0.2451418720476440900, 2.024999999999999900 ) ) ;
#5019 =( GEOMETRIC_REPRESENTATION_CONTEXT ( 3 ) GLOBAL_UNCERTAINTY_ASSIGNED_CONTEXT ( ( #3717 ) ) GLOBAL_UNIT_ASSIGNED_CONTEXT ( ( #3733, #9481, #4553 ) ) REPRESENTATION_CONTEXT ( 'NONE', 'WORKASPACE' ) );
#5020 = VECTOR ( 'NONE', #5493, 1000.000000000000200 ) ;
#5021 = CARTESIAN_POINT ( 'NONE',  ( -1.131678400028775800, -0.1625707960471232900, 2.030000000000000200 ) ) ;
#5022 = VERTEX_POINT ( 'NONE', #1555 ) ;
#5023 = ORIENTED_EDGE ( 'NONE', *, *, #7185, .F. ) ;
#5024 = VERTEX_POINT ( 'NONE', #9774 ) ;
#5025 = PLANE ( 'NONE',  #3735 ) ;
#5026 = ORIENTED_EDGE ( 'NONE', *, *, #10538, .T. ) ;
#5027 = VECTOR ( 'NONE', #811, 1000.000000000000000 ) ;
#5028 = EDGE_CURVE ( 'NONE', #9655, #1174, #1576, .T. ) ;
#5029 = CARTESIAN_POINT ( 'NONE',  ( -0.9975462233102006000, -0.5301888274088013600, 2.025000000000000400 ) ) ;
#5030 = VECTOR ( 'NONE', #2017, 1000.000000000000000 ) ;
#5031 = CYLINDRICAL_SURFACE ( 'NONE', #3413, 0.1000000000000000500 ) ;
#5032 = DIRECTION ( 'NONE',  ( -1.000000000000000000, 0.0000000000000000000, 0.0000000000000000000 ) ) ;
#5033 = AXIS2_PLACEMENT_3D ( 'NONE', #6589, #1646, #7407 ) ;
#5034 = FACE_OUTER_BOUND ( 'NONE', #3810, .T. ) ;
#5035 = ORIENTED_EDGE ( 'NONE', *, *, #3554, .F. ) ;
#5036 = ORIENTED_EDGE ( 'NONE', *, *, #69, .F. ) ;
#5037 = CARTESIAN_POINT ( 'NONE',  ( -0.9453273234054053700, -0.5714725447699610100, 2.029999999999999800 ) ) ;
#5038 = FACE_OUTER_BOUND ( 'NONE', #5605, .T. ) ;
#5039 = AXIS2_PLACEMENT_3D ( 'NONE', #2081, #7837, #2910 ) ;
#5040 = CARTESIAN_POINT ( 'NONE',  ( -0.5366686698717879600, -0.6295781112725574700, 2.025000000000000400 ) ) ;
#5041 = FILL_AREA_STYLE ('',( #4215 ) ) ;
#5042 = ORIENTED_EDGE ( 'NONE', *, *, #195, .T. ) ;
#5043 = COLOUR_RGB ( '',0.7294117647058823200, 0.3568627450980392200, 0.02352941176470588200 ) ;
#5044 =( NAMED_UNIT ( * ) PLANE_ANGLE_UNIT ( ) SI_UNIT ( $, .RADIAN. ) );
#5045 = SURFACE_STYLE_USAGE ( .BOTH. , #9954 ) ;
#5046 = PRESENTATION_LAYER_ASSIGNMENT (  '', '', ( #5581 ) ) ;
#5047 = COLOUR_RGB ( '',0.7294117647058823200, 0.3568627450980392200, 0.02352941176470588200 ) ;
#5048 = ADVANCED_FACE ( 'NONE', ( #7914 ), #6498, .F. ) ;
#5049 = CARTESIAN_POINT ( 'NONE',  ( -1.044503134729602800, -0.4173534993844726900, 2.025000000000001200 ) ) ;
#5050 =( NAMED_UNIT ( * ) SI_UNIT ( $, .STERADIAN. ) SOLID_ANGLE_UNIT ( ) );
#5051 = VERTEX_POINT ( 'NONE', #8982 ) ;
#5052 = DIRECTION ( 'NONE',  ( 0.0000000000000000000, 0.0000000000000000000, -1.000000000000000000 ) ) ;
#5053 = CARTESIAN_POINT ( 'NONE',  ( 0.8438880235427667100, -0.4719722988342466800, 2.030000000000000200 ) ) ;
#5054 = CARTESIAN_POINT ( 'NONE',  ( -0.2020502119647081300, -0.6469230961324595700, 2.030000000000000200 ) ) ;
#5055 =( NAMED_UNIT ( * ) PLANE_ANGLE_UNIT ( ) SI_UNIT ( $, .RADIAN. ) );
#5056 = CARTESIAN_POINT ( 'NONE',  ( 1.311538461538469500, -0.2180696978110190400, 2.030000000000000200 ) ) ;
#5057 = VECTOR ( 'NONE', #6092, 1000.000000000000000 ) ;
#5058 = DIRECTION ( 'NONE',  ( 0.0000000000000000000, 1.000000000000000000, 0.0000000000000000000 ) ) ;
#5059 = CARTESIAN_POINT ( 'NONE',  ( -0.6061658688512812100, -0.4235713293790742700, 2.029999999999999800 ) ) ;
#5060 = CARTESIAN_POINT ( 'NONE',  ( -1.112287635752194200, -0.2210204415492285400, 2.030000000000000700 ) ) ;
#5061 = CARTESIAN_POINT ( 'NONE',  ( -0.9878012704375857000, -0.2786339654265001000, 2.030000000000000200 ) ) ;
#5062 = ORIENTED_EDGE ( 'NONE', *, *, #9116, .F. ) ;
#5063 = DIRECTION ( 'NONE',  ( -0.9036123719369735200, 0.4283511191562788800, 0.0000000000000000000 ) ) ;
#5064 = ORIENTED_EDGE ( 'NONE', *, *, #7987, .T. ) ;
#5065 = CARTESIAN_POINT ( 'NONE',  ( -1.701000000000005200, 1.100000000000000100, 1.020999999999999900 ) ) ;
#5066 =( NAMED_UNIT ( * ) PLANE_ANGLE_UNIT ( ) SI_UNIT ( $, .RADIAN. ) );
#5067 = UNCERTAINTY_MEASURE_WITH_UNIT (LENGTH_MEASURE( 1.000000000000000100E-005 ), #9084, 'distance_accuracy_value', 'NONE');
#5068 = SURFACE_STYLE_USAGE ( .BOTH. , #9981 ) ;
#5069 = STYLED_ITEM ( 'NONE', ( #7857 ), #5204 ) ;
#5070 = CARTESIAN_POINT ( 'NONE',  ( -0.9924143848800521800, -0.6666487272906593800, 2.024999999999999900 ) ) ;
#5071 = CARTESIAN_POINT ( 'NONE',  ( -1.105956696068553800, -0.3864113057564028100, 2.025000000000000800 ) ) ;
#5072 = ORIENTED_EDGE ( 'NONE', *, *, #1276, .F. ) ;
#5073 = CARTESIAN_POINT ( 'NONE',  ( -1.269230769230762500, -0.1616594414007626000, 2.030000000000000200 ) ) ;
#5074 = SURFACE_STYLE_FILL_AREA ( #3027 ) ;
#5075 = ORIENTED_EDGE ( 'NONE', *, *, #3418, .T. ) ;
#5076 = ORIENTED_EDGE ( 'NONE', *, *, #9116, .T. ) ;
#5077 =( LENGTH_UNIT ( ) NAMED_UNIT ( * ) SI_UNIT ( .MILLI., .METRE. ) );
#5078 = EDGE_CURVE ( 'NONE', #5770, #5797, #9322, .T. ) ;
#5079 = CARTESIAN_POINT ( 'NONE',  ( 1.727711642729159200, 0.3929754577545920300, 1.168875115524117500 ) ) ;
#5080 = CARTESIAN_POINT ( 'NONE',  ( -0.9475367038803076400, -0.5245592812166879300, 2.025000000000000400 ) ) ;
#5081 = VECTOR ( 'NONE', #8997, 1000.000000000000000 ) ;
#5082 = CARTESIAN_POINT ( 'NONE',  ( 1.150000000000005700, 1.100000000000000100, 5.502326025363935000E-015 ) ) ;
#5083 = PRESENTATION_STYLE_ASSIGNMENT (( #999 ) ) ;
#5084 = ORIENTED_EDGE ( 'NONE', *, *, #5542, .T. ) ;
#5085 =( LENGTH_UNIT ( ) NAMED_UNIT ( * ) SI_UNIT ( .MILLI., .METRE. ) );
#5086 = CARTESIAN_POINT ( 'NONE',  ( 0.6831958600057126400, -0.7189436459212267300, 2.029999999999999800 ) ) ;
#5087 = CARTESIAN_POINT ( 'NONE',  ( -1.084244791666660000, -0.4572624061443523700, 2.030000000000000200 ) ) ;
#5088 = LINE ( 'NONE', #3856, #4822 ) ;
#5089 = DIRECTION ( 'NONE',  ( 0.0000000000000000000, 0.0000000000000000000, 1.000000000000000000 ) ) ;
#5090 = CARTESIAN_POINT ( 'NONE',  ( 1.834179723891796300, -0.3169841404804404900, 1.094822731811406800 ) ) ;
#5091 = DIRECTION ( 'NONE',  ( 0.0000000000000000000, -0.0000000000000000000, 1.000000000000000000 ) ) ;
#5092 = ORIENTED_EDGE ( 'NONE', *, *, #335, .F. ) ;
#5093 = CARTESIAN_POINT ( 'NONE',  ( -0.07051282051281364300, -0.6104074381956344800, 2.030000000000000200 ) ) ;
#5094 = VECTOR ( 'NONE', #9480, 1000.000000000000000 ) ;
#5095 = SURFACE_SIDE_STYLE ('',( #10020 ) ) ;
#5096 = CARTESIAN_POINT ( 'NONE',  ( -1.150000000000005200, 1.100000000000000100, 0.1000000000000000500 ) ) ;
#5097 =( GEOMETRIC_REPRESENTATION_CONTEXT ( 3 ) GLOBAL_UNCERTAINTY_ASSIGNED_CONTEXT ( ( #4474 ) ) GLOBAL_UNIT_ASSIGNED_CONTEXT ( ( #5774, #813, #6596 ) ) REPRESENTATION_CONTEXT ( 'NONE', 'WORKASPACE' ) );
#5098 = FILL_AREA_STYLE_COLOUR ( '', #6248 ) ;
#5099 = ADVANCED_FACE ( 'NONE', ( #4946 ), #8200, .T. ) ;
#5100 = SURFACE_STYLE_USAGE ( .BOTH. , #10009 ) ;
#5101 = PRESENTATION_LAYER_ASSIGNMENT (  '', '', ( #3986 ) ) ;
#5102 = CARTESIAN_POINT ( 'NONE',  ( 1.750000000000000900, 1.100000000000000100, 1.021000000000007900 ) ) ;
#5103 = ORIENTED_EDGE ( 'NONE', *, *, #7420, .F. ) ;
#5104 =( NAMED_UNIT ( * ) PLANE_ANGLE_UNIT ( ) SI_UNIT ( $, .RADIAN. ) );
#5105 = CARTESIAN_POINT ( 'NONE',  ( -0.5674694247670147900, -0.5870892157522645800, 2.025000000000000400 ) ) ;
#5106 = FACE_OUTER_BOUND ( 'NONE', #4301, .T. ) ;
#5107 = LINE ( 'NONE', #9978, #423 ) ;
#5108 = MECHANICAL_DESIGN_GEOMETRIC_PRESENTATION_REPRESENTATION (  '', ( #3444 ), #5639 ) ;
#5109 = B_SPLINE_CURVE_WITH_KNOTS ( 'NONE', 3,
 ( #1970, #6823, #9375, #4456, #10211, #5288, #310, #6105, #1163, #6931, #2000, #7754, #2826, #8580, #3665, #9416, #4493, #10241, #5324 ),
 .UNSPECIFIED., .F., .F.,
 ( 4, 1, 1, 1, 1, 1, 1, 1, 1, 1, 1, 1, 1, 1, 1, 1, 4 ),
 ( 0.0000000000000000000, 0.06966280089907728200, 0.1377495622582728100, 0.2039167435177826300, 0.2687798623293366500, 0.3324137064772238500, 0.3947535404471391700, 0.4561800316591684800, 0.5169956491967197000, 0.5773959379659516800, 0.6371983435092749600, 0.6969991842614545700, 0.7567561942255592900, 0.8165539052726076300, 0.8769479965978702600, 0.9381317879205949300, 1.000000000000000000 ),
 .UNSPECIFIED. ) ;
#5110 = VECTOR ( 'NONE', #6536, 1000.000000000000000 ) ;
#5111 = ORIENTED_EDGE ( 'NONE', *, *, #8636, .F. ) ;
#5112 = CARTESIAN_POINT ( 'NONE',  ( -1.082589735105040900, -0.7090435680055355800, 2.030000000000000700 ) ) ;
#5113 = CARTESIAN_POINT ( 'NONE',  ( -1.699999999999994800, -1.419929309816590600, 2.030000000000000200 ) ) ;
#5114 = CARTESIAN_POINT ( 'NONE',  ( 0.7202223557692382100, -0.4344559157597369700, 2.030000000000000200 ) ) ;
#5115 = VERTEX_POINT ( 'NONE', #10717 ) ;
#5116 =( NAMED_UNIT ( * ) PLANE_ANGLE_UNIT ( ) SI_UNIT ( $, .RADIAN. ) );
#5117 = SURFACE_STYLE_FILL_AREA ( #5526 ) ;
#5118 = DIRECTION ( 'NONE',  ( 0.08682659386424437800, 0.08682659386424428100, -0.9924325091389677400 ) ) ;
#5119 = ADVANCED_FACE ( 'NONE', ( #4179 ), #9690, .T. ) ;
#5120 =( GEOMETRIC_REPRESENTATION_CONTEXT ( 3 ) GLOBAL_UNCERTAINTY_ASSIGNED_CONTEXT ( ( #9388 ) ) GLOBAL_UNIT_ASSIGNED_CONTEXT ( ( #1632, #7395, #2460 ) ) REPRESENTATION_CONTEXT ( 'NONE', 'WORKASPACE' ) );
#5121 = VECTOR ( 'NONE', #8604, 1000.000000000000000 ) ;
#5122 = VERTEX_POINT ( 'NONE', #9922 ) ;
#5123 = CARTESIAN_POINT ( 'NONE',  ( 0.7236852479443491900, -0.2041575437008944500, 2.030000000000000200 ) ) ;
#5124 =( GEOMETRIC_REPRESENTATION_CONTEXT ( 3 ) GLOBAL_UNCERTAINTY_ASSIGNED_CONTEXT ( ( #1078 ) ) GLOBAL_UNIT_ASSIGNED_CONTEXT ( ( #786, #6573, #1631 ) ) REPRESENTATION_CONTEXT ( 'NONE', 'WORKASPACE' ) );
#5125 = CARTESIAN_POINT ( 'NONE',  ( 1.311538461538469500, -0.7116594414007626500, 2.025000000000000400 ) ) ;
#5126 = CARTESIAN_POINT ( 'NONE',  ( 0.5641025641025715400, -0.6055596817853780000, 2.030000000000000200 ) ) ;
#5127 = EDGE_CURVE ( 'NONE', #5339, #7931, #1191, .T. ) ;
#5128 = CARTESIAN_POINT ( 'NONE',  ( -1.850000000000005200, 1.100000000000000100, 1.287490079826536500E-016 ) ) ;
#5129 = VECTOR ( 'NONE', #3259, 999.9999999999998900 ) ;
#5130 = CARTESIAN_POINT ( 'NONE',  ( 1.733180956462104100, -0.3926501909239733000, 1.168177578529664400 ) ) ;
#5131 = CARTESIAN_POINT ( 'NONE',  ( -1.056082578051308100, -0.6432357844246664500, 2.030000000000001600 ) ) ;
#5132 = CARTESIAN_POINT ( 'NONE',  ( -0.1434003154866483900, -0.6792106030072829800, 2.025000000000001200 ) ) ;
#5133 = B_SPLINE_CURVE_WITH_KNOTS ( 'NONE', 3,
 ( #1947, #8524, #4432, #10184, #5263, #286, #6087, #1134, #6908, #1980, #7737, #2803, #8557, #3645, #9387, #4468, #10220, #5303, #321 ),
 .UNSPECIFIED., .F., .F.,
 ( 4, 1, 1, 1, 1, 1, 1, 1, 1, 1, 1, 1, 1, 1, 1, 1, 4 ),
 ( 0.0000000000000000000, 0.06167423887742595100, 0.1230530616348056700, 0.1834750007317019800, 0.2437265005106115700, 0.3042789165122538100, 0.3648629209606827400, 0.4259462039686193700, 0.4873912299654077900, 0.5492203840754763500, 0.6111435886926029900, 0.6735285303101519200, 0.7369614566573039500, 0.8007852828728403400, 0.8660125956416149200, 0.9321007477905786100, 1.000000000000000000 ),
 .UNSPECIFIED. ) ;
#5134 = ORIENTED_EDGE ( 'NONE', *, *, #904, .T. ) ;
#5135 = DIRECTION ( 'NONE',  ( -0.4188422247446084200, 0.9080590238365493500, 0.0000000000000000000 ) ) ;
#5136 = FILL_AREA_STYLE_COLOUR ( '', #3151 ) ;
#5137 = VECTOR ( 'NONE', #7575, 1000.000000000000000 ) ;
#5138 = FILL_AREA_STYLE ('',( #3477 ) ) ;
#5139 = CARTESIAN_POINT ( 'NONE',  ( 1.311538461538469500, -0.3873004670417882800, 2.025000000000000400 ) ) ;
#5140 = ORIENTED_EDGE ( 'NONE', *, *, #8104, .T. ) ;
#5141 = CARTESIAN_POINT ( 'NONE',  ( 0.6662751399741135800, -0.6464851754181225600, 2.030000000000001600 ) ) ;
#5142 = SURFACE_SIDE_STYLE ('',( #3332 ) ) ;
#5143 = LINE ( 'NONE', #8542, #2948 ) ;
#5144 = CARTESIAN_POINT ( 'NONE',  ( -0.9475556046877503500, -0.5869912087707538400, 2.024999999999999900 ) ) ;
#5145 = EDGE_CURVE ( 'NONE', #8055, #6057, #3402, .T. ) ;
#5146 = STYLED_ITEM ( 'NONE', ( #6179 ), #94 ) ;
#5147 = SURFACE_STYLE_FILL_AREA ( #7607 ) ;
#5148 = CIRCLE ( 'NONE', #3637, 0.1399999999999999300 ) ;
#5149 =( NAMED_UNIT ( * ) PLANE_ANGLE_UNIT ( ) SI_UNIT ( $, .RADIAN. ) );
#5150 = ORIENTED_EDGE ( 'NONE', *, *, #1675, .T. ) ;
#5152 = CARTESIAN_POINT ( 'NONE',  ( -0.9999868772060303000, -0.5222251824754804400, 2.029999999999999400 ) ) ;
#5151 = VECTOR ( 'NONE', #9872, 1000.000000000000000 ) ;
#5153 = FILL_AREA_STYLE_COLOUR ( '', #7547 ) ;
#5154 = ORIENTED_EDGE ( 'NONE', *, *, #757, .F. ) ;
#5155 = PRESENTATION_LAYER_ASSIGNMENT (  '', '', ( #4030 ) ) ;
#5156 = STYLED_ITEM ( 'NONE', ( #7825 ), #6888 ) ;
#5157 = ORIENTED_EDGE ( 'NONE', *, *, #5220, .F. ) ;
#5158 = ADVANCED_FACE ( 'NONE', ( #3143 ), #4176, .F. ) ;
#5159 = CARTESIAN_POINT ( 'NONE',  ( 0.6861698754626077700, -0.3457366356589999200, 2.025000000000000400 ) ) ;
#5160 = COLOUR_RGB ( '',0.7294117647058823200, 0.3568627450980392200, 0.02352941176470588200 ) ;
#5161 = CARTESIAN_POINT ( 'NONE',  ( 0.6495210834584237400, -0.2595717287860952500, 2.025000000000000800 ) ) ;
#5162 = FACE_OUTER_BOUND ( 'NONE', #1998, .T. ) ;
#5163 =( NAMED_UNIT ( * ) SI_UNIT ( $, .STERADIAN. ) SOLID_ANGLE_UNIT ( ) );
#5164 = COLOUR_RGB ( '',0.7294117647058823200, 0.3568627450980392200, 0.02352941176470588200 ) ;
#5165 = CARTESIAN_POINT ( 'NONE',  ( 1.825627012347051700, 0.3430809886069383600, 1.109408926682576800 ) ) ;
#5166 = ORIENTED_EDGE ( 'NONE', *, *, #8846, .T. ) ;
#5167 = CARTESIAN_POINT ( 'NONE',  ( -1.032084606460847100, -0.6295626748433740300, 2.025000000000000800 ) ) ;
#5168 = VERTEX_POINT ( 'NONE', #2541 ) ;
#5169 =( GEOMETRIC_REPRESENTATION_CONTEXT ( 3 ) GLOBAL_UNCERTAINTY_ASSIGNED_CONTEXT ( ( #4334 ) ) GLOBAL_UNIT_ASSIGNED_CONTEXT ( ( #2715, #8468, #3549 ) ) REPRESENTATION_CONTEXT ( 'NONE', 'WORKASPACE' ) );
#5170 = CARTESIAN_POINT ( 'NONE',  ( 7.094747966202019600E-015, -0.7116594414007626500, 2.025000000000000400 ) ) ;
#5171 = ORIENTED_EDGE ( 'NONE', *, *, #429, .F. ) ;
#5172 = CARTESIAN_POINT ( 'NONE',  ( -0.2377581022545687500, -0.7184437765578692800, 2.029999999999999800 ) ) ;
#5173 =( GEOMETRIC_REPRESENTATION_CONTEXT ( 3 ) GLOBAL_UNCERTAINTY_ASSIGNED_CONTEXT ( ( #1148 ) ) GLOBAL_UNIT_ASSIGNED_CONTEXT ( ( #1258, #7020, #2095 ) ) REPRESENTATION_CONTEXT ( 'NONE', 'WORKASPACE' ) );
#5174 = STYLED_ITEM ( 'NONE', ( #8898 ), #914 ) ;
#5175 = CARTESIAN_POINT ( 'NONE',  ( 0.8391025641025715600, -0.5761426144776857800, 2.030000000000000200 ) ) ;
#5176 = FILL_AREA_STYLE ('',( #2641 ) ) ;
#5177 = ADVANCED_FACE ( 'NONE', ( #10180 ), #5031, .T. ) ;
#5178 = ADVANCED_FACE ( 'NONE', ( #884 ), #10079, .T. ) ;
#5179 = EDGE_CURVE ( 'NONE', #6127, #3065, #2057, .T. ) ;
#5180 = DIRECTION ( 'NONE',  ( 0.0000000000000000000, -1.000000000000000000, 0.0000000000000000000 ) ) ;
#5181 = FACE_OUTER_BOUND ( 'NONE', #4437, .T. ) ;
#5183 = FILL_AREA_STYLE_COLOUR ( '', #8866 ) ;
#5182 = CARTESIAN_POINT ( 'NONE',  ( 0.8883582738992096300, -0.5818447343956375500, 2.025000000000000800 ) ) ;
#5184 = EDGE_LOOP ( 'NONE', ( #7238, #7174, #152, #3474 ) ) ;
#5185 = CARTESIAN_POINT ( 'NONE',  ( -1.101186696821965700, -0.7113700738196003800, 2.025000000000000400 ) ) ;
#5186 = CARTESIAN_POINT ( 'NONE',  ( 1.650000000000004600, 1.100000000000000100, 0.1000000000000078700 ) ) ;
#5187 = MECHANICAL_DESIGN_GEOMETRIC_PRESENTATION_REPRESENTATION (  '', ( #3526 ), #5716 ) ;
#5188 = CARTESIAN_POINT ( 'NONE',  ( 0.8212100103961931200, -0.4491722415960735000, 2.030000000000000200 ) ) ;
#5189 = CARTESIAN_POINT ( 'NONE',  ( -0.3101462339743520900, -0.6693517490930703800, 2.025000000000000400 ) ) ;
#5190 = CARTESIAN_POINT ( 'NONE',  ( -1.064648434535723400, -0.4625291267445129600, 2.024999999999999900 ) ) ;
#5191 = ORIENTED_EDGE ( 'NONE', *, *, #7326, .T. ) ;
#5192 = PRESENTATION_LAYER_ASSIGNMENT (  '', '', ( #4070 ) ) ;
#5193 = DIRECTION ( 'NONE',  ( 0.0000000000000000000, 0.0000000000000000000, -1.000000000000000000 ) ) ;
#5194 = FILL_AREA_STYLE_COLOUR ( '', #6827 ) ;
#5195 = CARTESIAN_POINT ( 'NONE',  ( -0.3937092936324152500, -0.7166152814442525700, 2.025000000000000400 ) ) ;
#5196 = CARTESIAN_POINT ( 'NONE',  ( 1.525252652248629400, 1.290252652248629100, 0.2199999999999999700 ) ) ;
#5197 = CARTESIAN_POINT ( 'NONE',  ( -0.9944405719339757300, -0.5601867530337055800, 2.029999999999999800 ) ) ;
#5198 = CARTESIAN_POINT ( 'NONE',  ( -0.6064102564102494800, -0.4334643292212754800, 2.030000000000000200 ) ) ;
#5199 = EDGE_LOOP ( 'NONE', ( #7808, #5662, #4631, #3306 ) ) ;
#5200 = FACE_OUTER_BOUND ( 'NONE', #2575, .T. ) ;
#5201 = DIRECTION ( 'NONE',  ( 0.8576722029112570100, 0.5141968420297343700, 0.0000000000000000000 ) ) ;
#5202 = EDGE_CURVE ( 'NONE', #2047, #3472, #8628, .T. ) ;
#5203 = DIRECTION ( 'NONE',  ( -1.000000000000000000, 0.0000000000000000000, -0.0000000000000000000 ) ) ;
#5204 = ADVANCED_FACE ( 'NONE', ( #4261, #99, #8366, #6176, #3987, #1793, #10307, #8105, #5928, #3749 ), #10144, .T. ) ;
#5205 = FILL_AREA_STYLE_COLOUR ( '', #9705 ) ;
#5206 = EDGE_CURVE ( 'NONE', #1707, #8022, #7071, .T. ) ;
#5207 =( NAMED_UNIT ( * ) PLANE_ANGLE_UNIT ( ) SI_UNIT ( $, .RADIAN. ) );
#5208 = DIRECTION ( 'NONE',  ( 1.000000000000000000, 0.0000000000000000000, -0.0000000000000000000 ) ) ;
#5210 = DIRECTION ( 'NONE',  ( 1.000000000000000000, -0.0000000000000000000, 4.336808689942018500E-015 ) ) ;
#5209 = CARTESIAN_POINT ( 'NONE',  ( 0.8627897585426451700, -0.6585457081404098000, 2.030000000000001100 ) ) ;
#5211 = PRESENTATION_STYLE_ASSIGNMENT (( #7668 ) ) ;
#5212 = CARTESIAN_POINT ( 'NONE',  ( -0.9975462233102006000, -0.5301888274088013600, 2.030000000000000200 ) ) ;
#5213 = ORIENTED_EDGE ( 'NONE', *, *, #656, .F. ) ;
#5214 = SURFACE_STYLE_FILL_AREA ( #1931 ) ;
#5215 =( GEOMETRIC_REPRESENTATION_CONTEXT ( 3 ) GLOBAL_UNCERTAINTY_ASSIGNED_CONTEXT ( ( #9701 ) ) GLOBAL_UNIT_ASSIGNED_CONTEXT ( ( #3511, #9250, #4337 ) ) REPRESENTATION_CONTEXT ( 'NONE', 'WORKASPACE' ) );
#5216 = MECHANICAL_DESIGN_GEOMETRIC_PRESENTATION_REPRESENTATION (  '', ( #3563 ), #5754 ) ;
#5217 = SURFACE_SIDE_STYLE ('',( #1627 ) ) ;
#5218 = CARTESIAN_POINT ( 'NONE',  ( 0.8873887136183882300, -0.5558101803855302100, 2.025000000000000400 ) ) ;
#5219 = DIRECTION ( 'NONE',  ( -0.0000000000000000000, -0.0000000000000000000, 1.000000000000000000 ) ) ;
#5220 = EDGE_CURVE ( 'NONE', #3620, #6127, #2968, .T. ) ;
#5221 = FILL_AREA_STYLE_COLOUR ( '', #1514 ) ;
#5222 = CARTESIAN_POINT ( 'NONE',  ( 0.8438880235427667100, -0.4719722988342466800, 2.025000000000000400 ) ) ;
#5223 = PRESENTATION_STYLE_ASSIGNMENT (( #4133 ) ) ;
#5224 = ADVANCED_FACE ( 'NONE', ( #9000 ), #3080, .T. ) ;
#5225 =( GEOMETRIC_REPRESENTATION_CONTEXT ( 3 ) GLOBAL_UNCERTAINTY_ASSIGNED_CONTEXT ( ( #8284 ) ) GLOBAL_UNIT_ASSIGNED_CONTEXT ( ( #1700, #7471, #2534 ) ) REPRESENTATION_CONTEXT ( 'NONE', 'WORKASPACE' ) );
#5226 = ADVANCED_FACE ( 'NONE', ( #4122 ), #3017, .T. ) ;
#5227 = ORIENTED_EDGE ( 'NONE', *, *, #7085, .T. ) ;
#5228 = ORIENTED_EDGE ( 'NONE', *, *, #2608, .F. ) ;
#5229 = CARTESIAN_POINT ( 'NONE',  ( 0.6528436007646951600, -0.2998489218627832800, 2.030000000000000200 ) ) ;
#5230 = CARTESIAN_POINT ( 'NONE',  ( -0.4788863917781011600, -0.6803600646339010800, 2.030000000000001600 ) ) ;
#5231 = DIRECTION ( 'NONE',  ( 1.000000000000000000, 0.0000000000000000000, -0.0000000000000000000 ) ) ;
#5232 = CARTESIAN_POINT ( 'NONE',  ( -0.6698717948717882700, -0.4719158516571728700, 2.025000000000000400 ) ) ;
#5233 =( NAMED_UNIT ( * ) PLANE_ANGLE_UNIT ( ) SI_UNIT ( $, .RADIAN. ) );
#5234 = ORIENTED_EDGE ( 'NONE', *, *, #6291, .F. ) ;
#5235 = CARTESIAN_POINT ( 'NONE',  ( -0.4528909263550853200, -0.1794410804270121000, 2.030000000000001100 ) ) ;
#5236 = EDGE_CURVE ( 'NONE', #9257, #2064, #9634, .T. ) ;
#5237 = VERTEX_POINT ( 'NONE', #3940 ) ;
#5238 = CARTESIAN_POINT ( 'NONE',  ( 0.7189401012079849100, -0.7255220315482727700, 2.025000000000000400 ) ) ;
#5239 = FILL_AREA_STYLE ('',( #4413 ) ) ;
#5240 = AXIS2_PLACEMENT_3D ( 'NONE', #2097, #7867, #2934 ) ;
#5241 = DIRECTION ( 'NONE',  ( 0.0000000000000000000, -0.08715574274765525200, -0.9961946980917457700 ) ) ;
#5242 = UNCERTAINTY_MEASURE_WITH_UNIT (LENGTH_MEASURE( 1.000000000000000100E-005 ), #10155, 'distance_accuracy_value', 'NONE');
#5243 = LINE ( 'NONE', #3170, #9074 ) ;
#5244 = PRESENTATION_LAYER_ASSIGNMENT (  '', '', ( #4137 ) ) ;
#5245 = ORIENTED_EDGE ( 'NONE', *, *, #198, .F. ) ;
#5246 = FILL_AREA_STYLE ('',( #3556 ) ) ;
#5247 = CARTESIAN_POINT ( 'NONE',  ( -1.144547781422453800, -0.6551888818281598200, 2.024999999999999900 ) ) ;
#5249 =( NAMED_UNIT ( * ) SI_UNIT ( $, .STERADIAN. ) SOLID_ANGLE_UNIT ( ) );
#5248 = CARTESIAN_POINT ( 'NONE',  ( 0.7777141913654478400, -0.7197399386273563000, 2.025000000000001700 ) ) ;
#5250 =( GEOMETRIC_REPRESENTATION_CONTEXT ( 3 ) GLOBAL_UNCERTAINTY_ASSIGNED_CONTEXT ( ( #4666 ) ) GLOBAL_UNIT_ASSIGNED_CONTEXT ( ( #839, #6625, #1680 ) ) REPRESENTATION_CONTEXT ( 'NONE', 'WORKASPACE' ) );
#5251 = LINE ( 'NONE', #4016, #102 ) ;
#5252 = CARTESIAN_POINT ( 'NONE',  ( 0.7045773237179563400, 0.2300072252659040600, 2.025000000000000400 ) ) ;
#5253 = LINE ( 'NONE', #1943, #559 ) ;
#5254 = STYLED_ITEM ( 'NONE', ( #3829 ), #8536 ) ;
#5255 = PRESENTATION_STYLE_ASSIGNMENT (( #5045 ) ) ;
#5256 = CARTESIAN_POINT ( 'NONE',  ( -0.2551294851838626900, -0.1516828563808906000, 2.025000000000000400 ) ) ;
#5257 = DIRECTION ( 'NONE',  ( 1.000000000000000000, -3.614007241618343600E-015, 0.0000000000000000000 ) ) ;
#5258 = CARTESIAN_POINT ( 'NONE',  ( -1.112985456136026200, -0.4531925346994316000, 2.024999999999999900 ) ) ;
#5259 = EDGE_LOOP ( 'NONE', ( #4024, #6300, #761, #4896 ) ) ;
#5260 =( LENGTH_UNIT ( ) NAMED_UNIT ( * ) SI_UNIT ( .MILLI., .METRE. ) );
#5261 = DIRECTION ( 'NONE',  ( -2.176687297297084800E-015, 1.000000000000000000, -0.0000000000000000000 ) ) ;
#5262 = ADVANCED_FACE ( 'NONE', ( #3340 ), #8177, .T. ) ;
#5263 = CARTESIAN_POINT ( 'NONE',  ( -0.1039816875815977900, -0.6483188444474501400, 2.024999999999999900 ) ) ;
#5264 = VECTOR ( 'NONE', #8729, 1000.000000000000000 ) ;
#5265 = ORIENTED_EDGE ( 'NONE', *, *, #6100, .T. ) ;
#5266 = UNCERTAINTY_MEASURE_WITH_UNIT (LENGTH_MEASURE( 1.000000000000000100E-005 ), #4636, 'distance_accuracy_value', 'NONE');
#5267 = CARTESIAN_POINT ( 'NONE',  ( 0.5820612980769306300, 0.5105160393684681200, 2.030000000000000200 ) ) ;
#5268 = VECTOR ( 'NONE', #7824, 1000.000000000000000 ) ;
#5269 = DIRECTION ( 'NONE',  ( 1.000000000000000000, 0.0000000000000000000, 0.0000000000000000000 ) ) ;
#5270 =( LENGTH_UNIT ( ) NAMED_UNIT ( * ) SI_UNIT ( .MILLI., .METRE. ) );
#5271 = EDGE_CURVE ( 'NONE', #7789, #720, #4504, .T. ) ;
#5272 = DIRECTION ( 'NONE',  ( 0.0000000000000000000, 0.0000000000000000000, 1.000000000000000000 ) ) ;
#5273 = FILL_AREA_STYLE_COLOUR ( '', #5340 ) ;
#5274 = VECTOR ( 'NONE', #8608, 1000.000000000000000 ) ;
#5275 = VECTOR ( 'NONE', #3582, 1000.000000000000000 ) ;
#5276 = CARTESIAN_POINT ( 'NONE',  ( 0.6501211071448652600, -0.7046856798931662200, 2.030000000000000700 ) ) ;
#5277 = ORIENTED_EDGE ( 'NONE', *, *, #4259, .T. ) ;
#5278 = FILL_AREA_STYLE_COLOUR ( '', #1705 ) ;
#5279 = VERTEX_POINT ( 'NONE', #7345 ) ;
#5280 = FILL_AREA_STYLE_COLOUR ( '', #1523 ) ;
#5281 = ADVANCED_FACE ( 'NONE', ( #6685 ), #6592, .T. ) ;
#5282 = ADVANCED_FACE ( 'NONE', ( #5913 ), #9175, .T. ) ;
#5283 = VECTOR ( 'NONE', #5010, 1000.000000000000000 ) ;
#5284 = FILL_AREA_STYLE ('',( #6102 ) ) ;
#5285 = SURFACE_STYLE_FILL_AREA ( #4079 ) ;
#5286 = CIRCLE ( 'NONE', #8676, 0.1000000000000000200 ) ;
#5287 = SURFACE_SIDE_STYLE ('',( #708 ) ) ;
#5288 = CARTESIAN_POINT ( 'NONE',  ( -0.3778180689822570600, -0.7198122491670059200, 2.029999999999999800 ) ) ;
#5289 = EDGE_CURVE ( 'NONE', #10313, #1707, #9249, .T. ) ;
#5290 = EDGE_CURVE ( 'NONE', #2321, #2476, #711, .T. ) ;
#5292 = ORIENTED_EDGE ( 'NONE', *, *, #2028, .F. ) ;
#5291 = PRESENTATION_LAYER_ASSIGNMENT (  '', '', ( #4728 ) ) ;
#5293 = ORIENTED_EDGE ( 'NONE', *, *, #2038, .T. ) ;
#5294 = VERTEX_POINT ( 'NONE', #6772 ) ;
#5295 = ORIENTED_EDGE ( 'NONE', *, *, #8665, .F. ) ;
#5296 = CARTESIAN_POINT ( 'NONE',  ( -0.1568686876514485100, -0.1856139951074019000, 2.030000000000001100 ) ) ;
#5297 = VECTOR ( 'NONE', #7382, 1000.000000000000000 ) ;
#5298 = DIRECTION ( 'NONE',  ( 0.0000000000000000000, 0.0000000000000000000, -1.000000000000000000 ) ) ;
#5299 = CIRCLE ( 'NONE', #7993, 0.07500000000000041400 ) ;
#5300 = COLOUR_RGB ( '',0.7294117647058823200, 0.3568627450980392200, 0.02352941176470588200 ) ;
#5301 = CARTESIAN_POINT ( 'NONE',  ( -1.710000000000005100, 1.100000000000000100, 1.169999999999999900 ) ) ;
#5302 =( NAMED_UNIT ( * ) PLANE_ANGLE_UNIT ( ) SI_UNIT ( $, .RADIAN. ) );
#5303 = CARTESIAN_POINT ( 'NONE',  ( -0.3035691422533359200, -0.7256912976820046900, 2.025000000000000400 ) ) ;
#5304 = SURFACE_STYLE_FILL_AREA ( #10419 ) ;
#5305 = ORIENTED_EDGE ( 'NONE', *, *, #4858, .F. ) ;
#5306 = CARTESIAN_POINT ( 'NONE',  ( -1.850000000000005200, 0.4749999999999997600, 0.5590000000000008300 ) ) ;
#5307 = ORIENTED_EDGE ( 'NONE', *, *, #3694, .F. ) ;
#5308 = FACE_OUTER_BOUND ( 'NONE', #10448, .T. ) ;
#5309 = CARTESIAN_POINT ( 'NONE',  ( -0.6999999999999997300, 1.250000000000000000, 0.1200000000000000100 ) ) ;
#5310 = STYLED_ITEM ( 'NONE', ( #674 ), #10055 ) ;
#5311 = B_SPLINE_CURVE_WITH_KNOTS ( 'NONE', 3,
 ( #535, #1380, #8820, #3893, #9630, #4719, #10477, #5546, #567, #6356, #1418, #7186, #2253, #8018, #3104 ),
 .UNSPECIFIED., .F., .F.,
 ( 4, 1, 1, 1, 1, 1, 1, 1, 1, 1, 1, 1, 4 ),
 ( 0.0000000000000000000, 0.09846943102555794100, 0.1896291011376326200, 0.2741840894379705100, 0.3521831609671547400, 0.4231988731834703300, 0.4885509460005332300, 0.5484733460279378500, 0.6014401636178723400, 0.7011980824257657600, 0.7995918021381839300, 0.8985450984822275200, 1.000000000000000000 ),
 .UNSPECIFIED. ) ;
#5312 = SURFACE_SIDE_STYLE ('',( #9104 ) ) ;
#5313 = DIRECTION ( 'NONE',  ( 0.0000000000000000000, -1.000000000000000000, 6.991772527895039300E-013 ) ) ;
#5314 =( NAMED_UNIT ( * ) SI_UNIT ( $, .STERADIAN. ) SOLID_ANGLE_UNIT ( ) );
#5315 = PRESENTATION_LAYER_ASSIGNMENT (  '', '', ( #4204 ) ) ;
#5316 = PRESENTATION_LAYER_ASSIGNMENT (  '', '', ( #4205 ) ) ;
#5317 = CARTESIAN_POINT ( 'NONE',  ( 0.5815943504067846400, -0.6354784569985241200, 2.025000000000000400 ) ) ;
#5318 = ORIENTED_EDGE ( 'NONE', *, *, #3707, .F. ) ;
#5319 = CARTESIAN_POINT ( 'NONE',  ( -0.3135616987179418200, -0.2039671337084549000, 2.030000000000000200 ) ) ;
#5320 = ADVANCED_FACE ( 'NONE', ( #2689 ), #6609, .T. ) ;
#5321 = SURFACE_STYLE_USAGE ( .BOTH. , #10236 ) ;
#5322 = CARTESIAN_POINT ( 'NONE',  ( -1.084244791666660000, -0.4572624061443523700, 2.025000000000000400 ) ) ;
#5323 = SURFACE_SIDE_STYLE ('',( #6278 ) ) ;
#5324 = CARTESIAN_POINT ( 'NONE',  ( -0.5366686698717879600, -0.6295781112725574700, 2.030000000000000200 ) ) ;
#5325 = ORIENTED_EDGE ( 'NONE', *, *, #10525, .T. ) ;
#5326 = CARTESIAN_POINT ( 'NONE',  ( -0.07388123232791990500, -0.2581369193324452000, 2.025000000000000400 ) ) ;
#5327 = UNCERTAINTY_MEASURE_WITH_UNIT (LENGTH_MEASURE( 1.000000000000000100E-005 ), #2742, 'distance_accuracy_value', 'NONE');
#5328 = PRESENTATION_LAYER_ASSIGNMENT (  '', '', ( #4222 ) ) ;
#5329 = CARTESIAN_POINT ( 'NONE',  ( 1.311538461538469500, -0.6552491849905062200, 2.025000000000000400 ) ) ;
#5330 = ORIENTED_EDGE ( 'NONE', *, *, #7309, .T. ) ;
#5331 = CARTESIAN_POINT ( 'NONE',  ( 1.311538461538469500, -0.2180696978110190400, 2.025000000000000400 ) ) ;
#5332 =( NAMED_UNIT ( * ) SI_UNIT ( $, .STERADIAN. ) SOLID_ANGLE_UNIT ( ) );
#5333 = PRESENTATION_LAYER_ASSIGNMENT (  '', '', ( #4228 ) ) ;
#5334 = DIRECTION ( 'NONE',  ( 0.08682659386424437800, 0.08682659386424429500, -0.9924325091389677400 ) ) ;
#5335 = ADVANCED_FACE ( 'NONE', ( #1915 ), #6631, .T. ) ;
#5336 = VERTEX_POINT ( 'NONE', #233 ) ;
#5337 = ORIENTED_EDGE ( 'NONE', *, *, #2025, .T. ) ;
#5338 = CARTESIAN_POINT ( 'NONE',  ( -1.699999999999994600, -1.465000000000006300, 1.070000000000000100 ) ) ;
#5339 = VERTEX_POINT ( 'NONE', #9438 ) ;
#5340 = COLOUR_RGB ( '',0.7294117647058823200, 0.3568627450980392200, 0.02352941176470588200 ) ;
#5341 =( NAMED_UNIT ( * ) PLANE_ANGLE_UNIT ( ) SI_UNIT ( $, .RADIAN. ) );
#5342 = SURFACE_STYLE_FILL_AREA ( #3381 ) ;
#5343 = DIRECTION ( 'NONE',  ( -0.0000000000000000000, -0.0000000000000000000, 1.000000000000000000 ) ) ;
#5344 =( NAMED_UNIT ( * ) PLANE_ANGLE_UNIT ( ) SI_UNIT ( $, .RADIAN. ) );
#5345 = LINE ( 'NONE', #10618, #9456 ) ;
#5346 = CIRCLE ( 'NONE', #9756, 0.1000000000000000300 ) ;
#5347 = VERTEX_POINT ( 'NONE', #4516 ) ;
#5348 = EDGE_CURVE ( 'NONE', #6927, #7392, #5512, .T. ) ;
#5349 = PRESENTATION_STYLE_ASSIGNMENT (( #4244 ) ) ;
#5350 = CARTESIAN_POINT ( 'NONE',  ( -0.4084245426755623900, -0.2212924212563963700, 2.024999999999999900 ) ) ;
#5351 = EDGE_CURVE ( 'NONE', #9471, #5508, #5889, .T. ) ;
#5352 = CARTESIAN_POINT ( 'NONE',  ( 1.849999999999999000, 0.2597482130602049000, 1.230999999999999000 ) ) ;
#5353 = ORIENTED_EDGE ( 'NONE', *, *, #275, .F. ) ;
#5354 = CARTESIAN_POINT ( 'NONE',  ( -1.219871794871788100, -0.4507620055033266800, 2.030000000000000200 ) ) ;
#5355 = CARTESIAN_POINT ( 'NONE',  ( 1.700000000000000000, 1.100000000000000100, 1.170000000000008400 ) ) ;
#5356 = CARTESIAN_POINT ( 'NONE',  ( -0.5301127085101742200, -0.5487626411551401700, 2.025000000000000400 ) ) ;
#5357 = SURFACE_STYLE_FILL_AREA ( #10128 ) ;
#5358 = AXIS2_PLACEMENT_3D ( 'NONE', #2296, #8067, #3148 ) ;
#5359 =( GEOMETRIC_REPRESENTATION_CONTEXT ( 3 ) GLOBAL_UNCERTAINTY_ASSIGNED_CONTEXT ( ( #6876 ) ) GLOBAL_UNIT_ASSIGNED_CONTEXT ( ( #6104, #1161, #6929 ) ) REPRESENTATION_CONTEXT ( 'NONE', 'WORKASPACE' ) );
#5360 = LINE ( 'NONE', #8686, #3163 ) ;
#5361 = CARTESIAN_POINT ( 'NONE',  ( -0.4971153846153774100, 0.7800072252659040500, 2.025000000000000400 ) ) ;
#5362 = CARTESIAN_POINT ( 'NONE',  ( -1.750000000000005300, 1.100000000000000100, 1.020999999999999500 ) ) ;
#5363 = EDGE_CURVE ( 'NONE', #5435, #9446, #9621, .T. ) ;
#5364 = VERTEX_POINT ( 'NONE', #3765 ) ;
#5365 = PRESENTATION_STYLE_ASSIGNMENT (( #3403 ) ) ;
#5366 = DIRECTION ( 'NONE',  ( -1.000000000000000000, -3.552334763092437500E-015, -0.0000000000000000000 ) ) ;
#5367 = SURFACE_STYLE_USAGE ( .BOTH. , #10290 ) ;
#5368 = VECTOR ( 'NONE', #4013, 1000.000000000000000 ) ;
#5369 = CARTESIAN_POINT ( 'NONE',  ( -1.152884615384608600, -0.2180696978110190400, 2.025000000000000400 ) ) ;
#5370 = ADVANCED_FACE ( 'NONE', ( #7437 ), #4581, .T. ) ;
#5371 = EDGE_LOOP ( 'NONE', ( #1741, #8109, #7063, #5757 ) ) ;
#5372 = CARTESIAN_POINT ( 'NONE',  ( -0.5564636882461471100, -0.4613001507037856100, 2.029999999999999400 ) ) ;
#5373 = ORIENTED_EDGE ( 'NONE', *, *, #4335, .F. ) ;
#5374 = STYLED_ITEM ( 'NONE', ( #6051 ), #7806 ) ;
#5375 = CARTESIAN_POINT ( 'NONE',  ( 0.6034616411506654700, -0.3088899169654016900, 2.025000000000000800 ) ) ;
#5376 = FACE_OUTER_BOUND ( 'NONE', #7925, .T. ) ;
#5377 =( NAMED_UNIT ( * ) SI_UNIT ( $, .STERADIAN. ) SOLID_ANGLE_UNIT ( ) );
#5378 = CARTESIAN_POINT ( 'NONE',  ( -0.2054738230489545100, -0.2251256603467171300, 2.029999999999999800 ) ) ;
#5379 = CARTESIAN_POINT ( 'NONE',  ( 0.8169184845298698100, -0.5190060211348896900, 2.030000000000000200 ) ) ;
#5380 = LINE ( 'NONE', #7743, #5121 ) ;
#5381 = EDGE_CURVE ( 'NONE', #8146, #9257, #2277, .T. ) ;
#5382 = ORIENTED_EDGE ( 'NONE', *, *, #2574, .T. ) ;
#5383 = CARTESIAN_POINT ( 'NONE',  ( -1.080486381251979800, -0.2299218337311242400, 2.029999999999999800 ) ) ;
#5384 = CARTESIAN_POINT ( 'NONE',  ( -0.4880572633215876600, -0.2715819225685658900, 2.030000000000000200 ) ) ;
#5385 = LINE ( 'NONE', #4143, #8719 ) ;
#5386 = LINE ( 'NONE', #4924, #7039 ) ;
#5387 = CARTESIAN_POINT ( 'NONE',  ( -1.138698854732272900, -0.4515271816518685000, 2.029999999999999800 ) ) ;
#5388 = SURFACE_STYLE_USAGE ( .BOTH. , #10316 ) ;
#5389 = AXIS2_PLACEMENT_3D ( 'NONE', #626, #6418, #1469 ) ;
#5391 =( NAMED_UNIT ( * ) PLANE_ANGLE_UNIT ( ) SI_UNIT ( $, .RADIAN. ) );
#5390 = CARTESIAN_POINT ( 'NONE',  ( -1.654929309816589400, -1.419929309816589500, 2.025000000000000400 ) ) ;
#5392 =( GEOMETRIC_REPRESENTATION_CONTEXT ( 3 ) GLOBAL_UNCERTAINTY_ASSIGNED_CONTEXT ( ( #1 ) ) GLOBAL_UNIT_ASSIGNED_CONTEXT ( ( #132, #5924, #969 ) ) REPRESENTATION_CONTEXT ( 'NONE', 'WORKASPACE' ) );
#5393 = ORIENTED_EDGE ( 'NONE', *, *, #4451, .F. ) ;
#5394 = CARTESIAN_POINT ( 'NONE',  ( 0.4024739583333409300, 0.2300072252659040600, 2.030000000000000200 ) ) ;
#5395 = CARTESIAN_POINT ( 'NONE',  ( -0.4293732025005057600, -0.6436891140746294800, 2.030000000000001100 ) ) ;
#5396 = LINE ( 'NONE', #4281, #9741 ) ;
#5397 = AXIS2_PLACEMENT_3D ( 'NONE', #2908, #5366, #2080 ) ;
#5398 = COLOUR_RGB ( '',0.7294117647058823200, 0.3568627450980392200, 0.02352941176470588200 ) ;
#5399 = DIRECTION ( 'NONE',  ( 0.0000000000000000000, 0.0000000000000000000, -1.000000000000000000 ) ) ;
#5400 = PRESENTATION_STYLE_ASSIGNMENT (( #6398 ) ) ;
#5401 = CARTESIAN_POINT ( 'NONE',  ( 0.3608273237179558400, -0.4789671337084549500, 2.030000000000000200 ) ) ;
#5402 = ORIENTED_EDGE ( 'NONE', *, *, #1799, .F. ) ;
#5403 = CARTESIAN_POINT ( 'NONE',  ( 0.7539319118595373400, -0.3959003523454341400, 2.030000000000000200 ) ) ;
#5404 = B_SPLINE_CURVE_WITH_KNOTS ( 'NONE', 3,
 ( #2370, #3226, #4051, #9795, #4877, #10630, #5698, #740, #6523, #1582, #7353, #2406, #8184, #3254, #9008 ),
 .UNSPECIFIED., .F., .F.,
 ( 4, 1, 1, 1, 1, 1, 1, 1, 1, 1, 1, 1, 4 ),
 ( 0.0000000000000000000, 0.1060574933033968100, 0.2029142570846100800, 0.2903001653958378100, 0.3702225656250400800, 0.4463837207709704900, 0.5213968999648274100, 0.5982910828464567100, 0.6761424688569279700, 0.7555286995560225300, 0.8348871724576576400, 0.9166460487466413500, 1.000000000000000000 ),
 .UNSPECIFIED. ) ;
#5405 = SURFACE_STYLE_USAGE ( .BOTH. , #10332 ) ;
#5406 = VECTOR ( 'NONE', #1647, 1000.000000000000000 ) ;
#5407 = VERTEX_POINT ( 'NONE', #1317 ) ;
#5408 = LINE ( 'NONE', #742, #3205 ) ;
#5409 = ORIENTED_EDGE ( 'NONE', *, *, #9717, .F. ) ;
#5410 = ORIENTED_EDGE ( 'NONE', *, *, #1446, .F. ) ;
#5411 = CARTESIAN_POINT ( 'NONE',  ( 0.8176353086143305400, -0.1729935647906351800, 2.029999999999999400 ) ) ;
#5412 = ORIENTED_EDGE ( 'NONE', *, *, #56, .T. ) ;
#5413 =( NAMED_UNIT ( * ) SI_UNIT ( $, .STERADIAN. ) SOLID_ANGLE_UNIT ( ) );
#5414 = EDGE_LOOP ( 'NONE', ( #9738, #4943, #8492, #3333 ) ) ;
#5415 = CARTESIAN_POINT ( 'NONE',  ( 0.7372077485097441300, -0.4466941957376555600, 2.024999999999999900 ) ) ;
#5416 = VECTOR ( 'NONE', #9426, 1000.000000000000000 ) ;
#5417 = LINE ( 'NONE', #1585, #1011 ) ;
#5418 = DIRECTION ( 'NONE',  ( -0.0000000000000000000, 0.0000000000000000000, 1.000000000000000000 ) ) ;
#5419 = CARTESIAN_POINT ( 'NONE',  ( -0.5450387450877023400, -0.3601930272927297300, 2.025000000000000800 ) ) ;
#5420 = FACE_OUTER_BOUND ( 'NONE', #3978, .T. ) ;
#5421 = ADVANCED_FACE ( 'NONE', ( #75 ), #3084, .T. ) ;
#5422 = MECHANICAL_DESIGN_GEOMETRIC_PRESENTATION_REPRESENTATION (  '', ( #3768 ), #5963 ) ;
#5423 = ORIENTED_EDGE ( 'NONE', *, *, #1898, .T. ) ;
#5424 = EDGE_LOOP ( 'NONE', ( #5607, #7541, #3223, #4372 ) ) ;
#5425 = CARTESIAN_POINT ( 'NONE',  ( -0.9909170129825540800, -0.3334150508954680200, 2.030000000000000700 ) ) ;
#5426 = SURFACE_SIDE_STYLE ('',( #4848 ) ) ;
#5428 = FILL_AREA_STYLE ('',( #4590 ) ) ;
#5427 = SURFACE_SIDE_STYLE ('',( #4517 ) ) ;
#5429 = CARTESIAN_POINT ( 'NONE',  ( 1.650000000000004800, 1.100000000000000100, 0.2000000000000078700 ) ) ;
#5430 = EDGE_CURVE ( 'NONE', #10564, #9588, #5632, .T. ) ;
#5431 = PRESENTATION_STYLE_ASSIGNMENT (( #10697 ) ) ;
#5432 = CARTESIAN_POINT ( 'NONE',  ( 1.700000000000001300, -0.3929754577541195200, 1.168875115524117700 ) ) ;
#5433 = CARTESIAN_POINT ( 'NONE',  ( 0.7472791878569512400, -0.7254235726343291100, 2.030000000000001100 ) ) ;
#5434 = FILL_AREA_STYLE_COLOUR ( '', #6687 ) ;
#5435 = VERTEX_POINT ( 'NONE', #7187 ) ;
#5436 = CARTESIAN_POINT ( 'NONE',  ( -0.1229031614625228500, -0.2846679183594209000, 2.024999999999999900 ) ) ;
#5437 = CARTESIAN_POINT ( 'NONE',  ( -1.044532026750014700, -0.6377834818519502200, 2.024999999999999500 ) ) ;
#5438 = CARTESIAN_POINT ( 'NONE',  ( 0.6509978208588830300, -0.1734247006375475900, 2.030000000000000200 ) ) ;
#5439 = UNCERTAINTY_MEASURE_WITH_UNIT (LENGTH_MEASURE( 1.000000000000000100E-005 ), #8352, 'distance_accuracy_value', 'NONE');
#5440 =( LENGTH_UNIT ( ) NAMED_UNIT ( * ) SI_UNIT ( .MILLI., .METRE. ) );
#5441 = EDGE_CURVE ( 'NONE', #2816, #6863, #3454, .T. ) ;
#5442 = ORIENTED_EDGE ( 'NONE', *, *, #10083, .T. ) ;
#5443 = SURFACE_STYLE_USAGE ( .BOTH. , #10372 ) ;
#5444 = CARTESIAN_POINT ( 'NONE',  ( 0.7361723811939381300, -0.6692174434125792700, 2.025000000000000800 ) ) ;
#5445 = CARTESIAN_POINT ( 'NONE',  ( 0.05387620192308401800, -0.7116594414007626500, 2.025000000000000400 ) ) ;
#5446 = AXIS2_PLACEMENT_3D ( 'NONE', #8988, #4068, #9813 ) ;
#5447 = FILL_AREA_STYLE_COLOUR ( '', #8605 ) ;
#5448 =( LENGTH_UNIT ( ) NAMED_UNIT ( * ) SI_UNIT ( .MILLI., .METRE. ) );
#5449 = CARTESIAN_POINT ( 'NONE',  ( -0.5570512820512753000, -0.4372103228110190700, 2.030000000000000700 ) ) ;
#5450 = STYLED_ITEM ( 'NONE', ( #323 ), #8451 ) ;
#5451 = CARTESIAN_POINT ( 'NONE',  ( -1.050751201923070300, -0.4149547138366600500, 2.025000000000000400 ) ) ;
#5452 = DIRECTION ( 'NONE',  ( 1.000000000000000000, 0.0000000000000000000, 0.0000000000000000000 ) ) ;
#5453 = UNCERTAINTY_MEASURE_WITH_UNIT (LENGTH_MEASURE( 1.000000000000000100E-005 ), #9587, 'distance_accuracy_value', 'NONE');
#5454 = DIRECTION ( 'NONE',  ( -1.000000000000000000, 0.0000000000000000000, -0.0000000000000000000 ) ) ;
#5455 = CARTESIAN_POINT ( 'NONE',  ( 0.6088191534987770200, -0.2257027323800372100, 2.025000000000000800 ) ) ;
#5456 = VERTEX_POINT ( 'NONE', #3927 ) ;
#5457 = CARTESIAN_POINT ( 'NONE',  ( 1.600380530190822700, -1.464999999999999400, 1.070000000000000100 ) ) ;
#5458 =( NAMED_UNIT ( * ) SI_UNIT ( $, .STERADIAN. ) SOLID_ANGLE_UNIT ( ) );
#5459 = CARTESIAN_POINT ( 'NONE',  ( -0.9448717948717880700, -0.5555396497340959700, 2.025000000000000400 ) ) ;
#5460 = DIRECTION ( 'NONE',  ( 4.754114276428528800E-015, 0.0000000000000000000, -1.000000000000000000 ) ) ;
#5461 = VECTOR ( 'NONE', #6763, 1000.000000000000000 ) ;
#5462 = VECTOR ( 'NONE', #1921, 1000.000000000000000 ) ;
#5463 = EDGE_LOOP ( 'NONE', ( #1075, #2591, #10151, #4721 ) ) ;
#5464 = CARTESIAN_POINT ( 'NONE',  ( -0.2916486962254549200, -0.1477826102129005700, 2.024999999999999900 ) ) ;
#5465 = SURFACE_SIDE_STYLE ('',( #5792 ) ) ;
#5466 = ADVANCED_FACE ( 'NONE', ( #1250 ), #5571, .T. ) ;
#5467 = EDGE_CURVE ( 'NONE', #7576, #8590, #8914, .T. ) ;
#5468 = FILL_AREA_STYLE_COLOUR ( '', #389 ) ;
#5469 = COLOUR_RGB ( '',0.7294117647058823200, 0.3568627450980392200, 0.02352941176470588200 ) ;
#5470 = CARTESIAN_POINT ( 'NONE',  ( 0.8258926230484673300, -0.6223131642762123100, 2.025000000000000400 ) ) ;
#5471 = ORIENTED_EDGE ( 'NONE', *, *, #6348, .F. ) ;
#5472 = EDGE_LOOP ( 'NONE', ( #6186, #9518, #1618, #3137 ) ) ;
#5473 = CARTESIAN_POINT ( 'NONE',  ( -0.1137019230769161400, -0.2956338003751216000, 2.030000000000000200 ) ) ;
#5474 = COLOUR_RGB ( '',0.6862745098039215700, 0.6078431372549019100, 0.5294117647058823600 ) ;
#5475 = EDGE_CURVE ( 'NONE', #4681, #483, #6793, .T. ) ;
#5476 = PRESENTATION_LAYER_ASSIGNMENT (  '', '', ( #4386 ) ) ;
#5477 = CARTESIAN_POINT ( 'NONE',  ( 1.850000000000005600, 1.100000000000000100, 8.910786605115239600E-015 ) ) ;
#5478 = ORIENTED_EDGE ( 'NONE', *, *, #2429, .F. ) ;
#5479 = CARTESIAN_POINT ( 'NONE',  ( 0.6293795452591612900, -0.6906445304486708000, 2.025000000000000800 ) ) ;
#5480 = CARTESIAN_POINT ( 'NONE',  ( 0.4681390224359046100, -0.7116594414007626500, 2.025000000000000400 ) ) ;
#5481 = CARTESIAN_POINT ( 'NONE',  ( 0.6819878058418400400, -0.1568370175009891100, 2.029999999999998000 ) ) ;
#5482 = SURFACE_SIDE_STYLE ('',( #3063 ) ) ;
#5483 = VERTEX_POINT ( 'NONE', #7652 ) ;
#5484 = COLOUR_RGB ( '',1.000000000000000000, 0.7176470588235294200, 0.2470588235294117800 ) ;
#5485 = VECTOR ( 'NONE', #318, 1000.000000000000000 ) ;
#5486 = MECHANICAL_DESIGN_GEOMETRIC_PRESENTATION_REPRESENTATION (  '', ( #3837 ), #6047 ) ;
#5487 = CARTESIAN_POINT ( 'NONE',  ( 0.7675978214677741100, -0.4704966015211112800, 2.024999999999999900 ) ) ;
#5488 = CARTESIAN_POINT ( 'NONE',  ( -1.161919070512813700, -0.1616594414007626000, 2.029999999999999400 ) ) ;
#5489 = ORIENTED_EDGE ( 'NONE', *, *, #10049, .F. ) ;
#5490 = CARTESIAN_POINT ( 'NONE',  ( 0.6276667570863945200, -0.3564089144555420700, 2.030000000000000200 ) ) ;
#5491 = CARTESIAN_POINT ( 'NONE',  ( -0.4643144578844724500, -0.2519358906972322100, 2.024999999999999900 ) ) ;
#5492 = CARTESIAN_POINT ( 'NONE',  ( -0.09148347525239004800, -0.2366808287791736500, 2.024999999999999900 ) ) ;
#5493 = DIRECTION ( 'NONE',  ( -0.4189977888269750300, 0.9079872537420916600, 0.0000000000000000000 ) ) ;
#5494 = LINE ( 'NONE', #3567, #3055 ) ;
#5495 = AXIS2_PLACEMENT_3D ( 'NONE', #8232, #3299, #9040 ) ;
#5496 = AXIS2_PLACEMENT_3D ( 'NONE', #7079, #2145, #7915 ) ;
#5497 = MECHANICAL_DESIGN_GEOMETRIC_PRESENTATION_REPRESENTATION (  '', ( #4409 ), #6062 ) ;
#5498 = VERTEX_POINT ( 'NONE', #1891 ) ;
#5499 = PRESENTATION_LAYER_ASSIGNMENT (  '', '', ( #4410 ) ) ;
#5500 = PRESENTATION_STYLE_ASSIGNMENT (( #6071 ) ) ;
#5501 = CARTESIAN_POINT ( 'NONE',  ( -1.016098375330682300, -0.4300571147032088400, 2.025000000000000400 ) ) ;
#5502 = CARTESIAN_POINT ( 'NONE',  ( -0.5937399839743514600, 0.4626995329582116500, 2.030000000000000200 ) ) ;
#5503 = DIRECTION ( 'NONE',  ( 1.000000000000000000, 0.0000000000000000000, 0.0000000000000000000 ) ) ;
#5504 = VECTOR ( 'NONE', #488, 1000.000000000000000 ) ;
#5505 = VECTOR ( 'NONE', #9565, 1000.000000000000000 ) ;
#5506 = EDGE_CURVE ( 'NONE', #3888, #9535, #7002, .T. ) ;
#5507 = CARTESIAN_POINT ( 'NONE',  ( -0.1765674290722090400, -0.2401690598416193800, 2.024999999999999500 ) ) ;
#5508 = VERTEX_POINT ( 'NONE', #9306 ) ;
#5509 = LINE ( 'NONE', #5354, #9615 ) ;
#5510 = FILL_AREA_STYLE_COLOUR ( '', #4390 ) ;
#5511 = PLANE ( 'NONE',  #9384 ) ;
#5512 = LINE ( 'NONE', #3688, #5274 ) ;
#5513 =( NAMED_UNIT ( * ) SI_UNIT ( $, .STERADIAN. ) SOLID_ANGLE_UNIT ( ) );
#5514 = STYLED_ITEM ( 'NONE', ( #3022 ), #4520 ) ;
#5515 = LINE ( 'NONE', #6055, #7179 ) ;
#5516 = VECTOR ( 'NONE', #8208, 1000.000000000000000 ) ;
#5517 = DIRECTION ( 'NONE',  ( -0.0000000000000000000, -0.0000000000000000000, 1.000000000000000000 ) ) ;
#5518 = DIRECTION ( 'NONE',  ( -0.0000000000000000000, -0.0000000000000000000, 1.000000000000000000 ) ) ;
#5519 = EDGE_LOOP ( 'NONE', ( #1508, #6485, #3882, #2132 ) ) ;
#5520 = UNCERTAINTY_MEASURE_WITH_UNIT (LENGTH_MEASURE( 1.000000000000000100E-005 ), #2229, 'distance_accuracy_value', 'NONE');
#5521 = COLOUR_RGB ( '',0.7294117647058823200, 0.3568627450980392200, 0.02352941176470588200 ) ;
#5522 = STYLED_ITEM ( 'NONE', ( #6012 ), #9348 ) ;
#5523 = VERTEX_POINT ( 'NONE', #4422 ) ;
#5524 = DIRECTION ( 'NONE',  ( 1.000000000000000000, 0.0000000000000000000, -0.0000000000000000000 ) ) ;
#5525 = VECTOR ( 'NONE', #3358, 1000.000000000000000 ) ;
#5526 = FILL_AREA_STYLE ('',( #3879 ) ) ;
#5527 = CARTESIAN_POINT ( 'NONE',  ( -1.081794826474207000, -0.1702908090948891100, 2.025000000000000800 ) ) ;
#5528 = CARTESIAN_POINT ( 'NONE',  ( 0.5995881753796787900, -0.2870455097396136800, 2.025000000000000400 ) ) ;
#5529 = LINE ( 'NONE', #9526, #1384 ) ;
#5530 = CARTESIAN_POINT ( 'NONE',  ( -0.5568621569933714900, -0.4210887749557419300, 2.025000000000000400 ) ) ;
#5531 = CARTESIAN_POINT ( 'NONE',  ( -0.1137019230769161400, -0.5776850824264037100, 2.025000000000000400 ) ) ;
#5532 =( LENGTH_UNIT ( ) NAMED_UNIT ( * ) SI_UNIT ( .MILLI., .METRE. ) );
#5533 = ORIENTED_EDGE ( 'NONE', *, *, #5970, .F. ) ;
#5534 = DIRECTION ( 'NONE',  ( 0.0000000000000000000, 0.4226182617407412400, -0.9063077870366304000 ) ) ;
#5535 = VERTEX_POINT ( 'NONE', #5252 ) ;
#5536 = ORIENTED_EDGE ( 'NONE', *, *, #4366, .F. ) ;
#5537 = ORIENTED_EDGE ( 'NONE', *, *, #2246, .F. ) ;
#5538 = EDGE_LOOP ( 'NONE', ( #2567, #10492, #1144, #9333 ) ) ;
#5539 = LINE ( 'NONE', #6557, #5297 ) ;
#5540 = SURFACE_STYLE_FILL_AREA ( #7155 ) ;
#5541 = FACE_OUTER_BOUND ( 'NONE', #10161, .T. ) ;
#5542 = EDGE_CURVE ( 'NONE', #3204, #1196, #4620, .T. ) ;
#5543 = CARTESIAN_POINT ( 'NONE',  ( -0.9564820076568162400, -0.4958057142310199300, 2.030000000000000200 ) ) ;
#5544 = CARTESIAN_POINT ( 'NONE',  ( -0.5999999999999997600, -1.149999999999999900, 0.02000000000000000000 ) ) ;
#5545 = EDGE_CURVE ( 'NONE', #4775, #8785, #8976, .T. ) ;
#5546 = CARTESIAN_POINT ( 'NONE',  ( 0.7928510596645589300, -0.2265292009819694900, 2.030000000000000700 ) ) ;
#5547 = CARTESIAN_POINT ( 'NONE',  ( -0.3035547550506265700, -0.2042200969465059200, 2.029999999999999800 ) ) ;
#5548 = ORIENTED_EDGE ( 'NONE', *, *, #6216, .F. ) ;
#5549 =( NAMED_UNIT ( * ) PLANE_ANGLE_UNIT ( ) SI_UNIT ( $, .RADIAN. ) );
#5550 = CARTESIAN_POINT ( 'NONE',  ( 0.6487179487179560700, -0.2735985439648651600, 2.025000000000000400 ) ) ;
#5551 = MECHANICAL_DESIGN_GEOMETRIC_PRESENTATION_REPRESENTATION (  '', ( #3898 ), #6108 ) ;
#5552 = MECHANICAL_DESIGN_GEOMETRIC_PRESENTATION_REPRESENTATION (  '', ( #3899 ), #6109 ) ;
#5553 = DIRECTION ( 'NONE',  ( -1.000000000000000000, 0.0000000000000000000, -0.0000000000000000000 ) ) ;
#5554 = CARTESIAN_POINT ( 'NONE',  ( 0.2638721955128276500, -0.2688609638366600800, 2.025000000000000400 ) ) ;
#5555 = CARTESIAN_POINT ( 'NONE',  ( -1.045782856188288000, -0.4116546633638494800, 2.029999999999999800 ) ) ;
#5556 = EDGE_CURVE ( 'NONE', #1938, #5498, #5109, .T. ) ;
#5557 = ORIENTED_EDGE ( 'NONE', *, *, #3206, .T. ) ;
#5558 =( LENGTH_UNIT ( ) NAMED_UNIT ( * ) SI_UNIT ( .MILLI., .METRE. ) );
#5559 = UNCERTAINTY_MEASURE_WITH_UNIT (LENGTH_MEASURE( 1.000000000000000100E-005 ), #9953, 'distance_accuracy_value', 'NONE');
#5560 = CARTESIAN_POINT ( 'NONE',  ( 0.7598065122809641900, -0.6663927703349032900, 2.030000000000000700 ) ) ;
#5561 = CARTESIAN_POINT ( 'NONE',  ( -1.006930002082462700, -0.2254699121846594500, 2.029999999999999400 ) ) ;
#5562 = DIRECTION ( 'NONE',  ( 5.782411586589395900E-015, 0.0000000000000000000, -1.000000000000000000 ) ) ;
#5563 = CARTESIAN_POINT ( 'NONE',  ( -0.4374690743630576500, -0.2349737655133293000, 2.029999999999999400 ) ) ;
#5564 = DIRECTION ( 'NONE',  ( 0.0000000000000000000, -0.0000000000000000000, 1.000000000000000000 ) ) ;
#5565 = VERTEX_POINT ( 'NONE', #3561 ) ;
#5566 = EDGE_CURVE ( 'NONE', #5523, #9861, #4360, .T. ) ;
#5567 = SURFACE_STYLE_FILL_AREA ( #10675 ) ;
#5568 =( GEOMETRIC_REPRESENTATION_CONTEXT ( 3 ) GLOBAL_UNCERTAINTY_ASSIGNED_CONTEXT ( ( #2874 ) ) GLOBAL_UNIT_ASSIGNED_CONTEXT ( ( #9967, #5055, #83 ) ) REPRESENTATION_CONTEXT ( 'NONE', 'WORKASPACE' ) );
#5569 = DIRECTION ( 'NONE',  ( 0.5390888091285607200, -0.8422489274984861200, 0.0000000000000000000 ) ) ;
#5570 = CARTESIAN_POINT ( 'NONE',  ( 0.8289057923939405800, -0.2643243859339181000, 2.024999999999999900 ) ) ;
#5571 = PLANE ( 'NONE',  #7755 ) ;
#5572 = UNCERTAINTY_MEASURE_WITH_UNIT (LENGTH_MEASURE( 1.000000000000000100E-005 ), #7730, 'distance_accuracy_value', 'NONE');
#5573 = STYLED_ITEM ( 'NONE', ( #2174 ), #4343 ) ;
#5574 = UNCERTAINTY_MEASURE_WITH_UNIT (LENGTH_MEASURE( 1.000000000000000100E-005 ), #8470, 'distance_accuracy_value', 'NONE');
#5575 = ORIENTED_EDGE ( 'NONE', *, *, #136, .T. ) ;
#5576 = SURFACE_SIDE_STYLE ('',( #7862 ) ) ;
#5577 = ORIENTED_EDGE ( 'NONE', *, *, #757, .T. ) ;
#5578 = FACE_OUTER_BOUND ( 'NONE', #9310, .T. ) ;
#5579 = PLANE ( 'NONE',  #9507 ) ;
#5580 = COLOUR_RGB ( '',0.7294117647058823200, 0.3568627450980392200, 0.02352941176470588200 ) ;
#5581 = STYLED_ITEM ( 'NONE', ( #3178 ), #8611 ) ;
#5582 = FILL_AREA_STYLE ('',( #10519 ) ) ;
#5583 = CARTESIAN_POINT ( 'NONE',  ( 0.7544871794871871300, 0.7800072252659041600, 2.025000000000000400 ) ) ;
#5584 = DIRECTION ( 'NONE',  ( 1.000000000000000000, 0.0000000000000000000, -0.0000000000000000000 ) ) ;
#5585 =( NAMED_UNIT ( * ) SI_UNIT ( $, .STERADIAN. ) SOLID_ANGLE_UNIT ( ) );
#5586 = VECTOR ( 'NONE', #7374, 1000.000000000000000 ) ;
#5587 = SURFACE_STYLE_USAGE ( .BOTH. , #10524 ) ;
#5588 = LINE ( 'NONE', #1394, #3410 ) ;
#5589 = ORIENTED_EDGE ( 'NONE', *, *, #4057, .F. ) ;
#5590 =( LENGTH_UNIT ( ) NAMED_UNIT ( * ) SI_UNIT ( .MILLI., .METRE. ) );
#5591 = FACE_OUTER_BOUND ( 'NONE', #9684, .T. ) ;
#5592 = CARTESIAN_POINT ( 'NONE',  ( 0.8316566285937809800, -0.6112633266379220400, 2.024999999999999900 ) ) ;
#5593 = VERTEX_POINT ( 'NONE', #2791 ) ;
#5594 = CARTESIAN_POINT ( 'NONE',  ( -0.5528367644341493100, -0.3898449300554637800, 2.030000000000000200 ) ) ;
#5595 = CARTESIAN_POINT ( 'NONE',  ( 0.6879000728240714000, -0.4107587832932323400, 2.025000000000000800 ) ) ;
#5596 = VECTOR ( 'NONE', #9300, 1000.000000000000000 ) ;
#5597 = CARTESIAN_POINT ( 'NONE',  ( 0.8443508889192842300, -0.1958192214849558700, 2.025000000000000800 ) ) ;
#5598 = VERTEX_POINT ( 'NONE', #2861 ) ;
#5599 = VERTEX_POINT ( 'NONE', #2033 ) ;
#5600 = CIRCLE ( 'NONE', #3740, 0.1000000000000000700 ) ;
#5601 = DIRECTION ( 'NONE',  ( 0.0000000000000000000, -0.0000000000000000000, -1.000000000000000000 ) ) ;
#5602 = CARTESIAN_POINT ( 'NONE',  ( -0.5398428450268220000, -0.5283484706031685900, 2.025000000000000400 ) ) ;
#5603 = LINE ( 'NONE', #7419, #1739 ) ;
#5604 = CARTESIAN_POINT ( 'NONE',  ( -1.710000000000005100, -1.100000000000000100, 1.169999999999999700 ) ) ;
#5605 = EDGE_LOOP ( 'NONE', ( #1639, #2525, #4026, #2464 ) ) ;
#5606 = SURFACE_SIDE_STYLE ('',( #9148 ) ) ;
#5607 = ORIENTED_EDGE ( 'NONE', *, *, #4582, .F. ) ;
#5608 = DIRECTION ( 'NONE',  ( -0.0000000000000000000, -0.0000000000000000000, 1.000000000000000000 ) ) ;
#5609 = EDGE_CURVE ( 'NONE', #3739, #4212, #10651, .T. ) ;
#5610 = CARTESIAN_POINT ( 'NONE',  ( -1.710000000000005100, 1.100000000000000100, 1.030000000000000000 ) ) ;
#5611 = UNCERTAINTY_MEASURE_WITH_UNIT (LENGTH_MEASURE( 1.000000000000000100E-005 ), #7791, 'distance_accuracy_value', 'NONE');
#5612 = DIRECTION ( 'NONE',  ( -0.5391904756110241800, 0.8421838463247544000, 0.0000000000000000000 ) ) ;
#5613 = CARTESIAN_POINT ( 'NONE',  ( -1.158929828789287100, -0.3938196362219244500, 2.025000000000001200 ) ) ;
#5614 = CARTESIAN_POINT ( 'NONE',  ( 0.7313501602564177500, -0.6693517490930703800, 2.030000000000000200 ) ) ;
#5615 =( NAMED_UNIT ( * ) PLANE_ANGLE_UNIT ( ) SI_UNIT ( $, .RADIAN. ) );
#5616 = ORIENTED_EDGE ( 'NONE', *, *, #8510, .F. ) ;
#5617 = DIRECTION ( 'NONE',  ( -1.000000000000000000, 0.0000000000000000000, 0.0000000000000000000 ) ) ;
#5618 = COLOUR_RGB ( '',0.7294117647058823200, 0.3568627450980392200, 0.02352941176470588200 ) ;
#5619 = CARTESIAN_POINT ( 'NONE',  ( -0.5856946761168655400, -0.3220586117474141300, 2.025000000000000800 ) ) ;
#5620 = CARTESIAN_POINT ( 'NONE',  ( -1.064989325377070100, -0.7055907349642145400, 2.030000000000000700 ) ) ;
#5621 = CIRCLE ( 'NONE', #5697, 0.1000000000000000600 ) ;
#5622 = DIRECTION ( 'NONE',  ( -0.0000000000000000000, -1.000000000000000000, -0.0000000000000000000 ) ) ;
#5623 = SURFACE_STYLE_USAGE ( .BOTH. , #10566 ) ;
#5624 = CARTESIAN_POINT ( 'NONE',  ( -0.3188610830969196300, -0.6691891044909820100, 2.029999999999999800 ) ) ;
#5625 = SURFACE_STYLE_FILL_AREA ( #768 ) ;
#5626 = ORIENTED_EDGE ( 'NONE', *, *, #9672, .F. ) ;
#5627 = CARTESIAN_POINT ( 'NONE',  ( -1.750000000000005300, 0.3749999999999990600, 0.4590000000000000700 ) ) ;
#5628 = FILL_AREA_STYLE ('',( #2308 ) ) ;
#5629 = CARTESIAN_POINT ( 'NONE',  ( -0.2208398652183853900, -0.7141613293584021500, 2.030000000000000200 ) ) ;
#5630 =( NAMED_UNIT ( * ) SI_UNIT ( $, .STERADIAN. ) SOLID_ANGLE_UNIT ( ) );
#5631 = UNCERTAINTY_MEASURE_WITH_UNIT (LENGTH_MEASURE( 1.000000000000000100E-005 ), #8059, 'distance_accuracy_value', 'NONE');
#5632 = LINE ( 'NONE', #1420, #10010 ) ;
#5633 = VECTOR ( 'NONE', #7429, 1000.000000000000000 ) ;
#5634 = STYLED_ITEM ( 'NONE', ( #7729 ), #3607 ) ;
#5635 = MECHANICAL_DESIGN_GEOMETRIC_PRESENTATION_REPRESENTATION (  '', ( #3986 ), #6197 ) ;
#5636 = ORIENTED_EDGE ( 'NONE', *, *, #10226, .T. ) ;
#5637 = DIRECTION ( 'NONE',  ( 0.4190581774617469500, -0.9079593845004517700, 0.0000000000000000000 ) ) ;
#5638 = CARTESIAN_POINT ( 'NONE',  ( -0.3101462339743520900, -0.6693517490930703800, 2.025000000000000400 ) ) ;
#5639 =( GEOMETRIC_REPRESENTATION_CONTEXT ( 3 ) GLOBAL_UNCERTAINTY_ASSIGNED_CONTEXT ( ( #885 ) ) GLOBAL_UNIT_ASSIGNED_CONTEXT ( ( #4540, #10299, #5377 ) ) REPRESENTATION_CONTEXT ( 'NONE', 'WORKASPACE' ) );
#5640 = DIRECTION ( 'NONE',  ( 0.0000000000000000000, -1.000000000000000000, 0.0000000000000000000 ) ) ;
#5641 = ORIENTED_EDGE ( 'NONE', *, *, #4654, .F. ) ;
#5642 = CARTESIAN_POINT ( 'NONE',  ( -1.186708733974352100, -0.3943517490930703000, 2.025000000000000400 ) ) ;
#5643 = LINE ( 'NONE', #7356, #7318 ) ;
#5645 = ORIENTED_EDGE ( 'NONE', *, *, #7477, .F. ) ;
#5644 = CARTESIAN_POINT ( 'NONE',  ( 0.7033721357642152000, -0.4224540279239438800, 2.024999999999999900 ) ) ;
#5646 = ORIENTED_EDGE ( 'NONE', *, *, #6645, .T. ) ;
#5647 = VERTEX_POINT ( 'NONE', #3699 ) ;
#5648 = ORIENTED_EDGE ( 'NONE', *, *, #259, .F. ) ;
#5649 = CARTESIAN_POINT ( 'NONE',  ( -0.5738609780545905800, -0.2970524248538044000, 2.024999999999999900 ) ) ;
#5650 = ORIENTED_EDGE ( 'NONE', *, *, #6317, .F. ) ;
#5651 = CARTESIAN_POINT ( 'NONE',  ( -1.095971910341399600, -0.3830218149577721000, 2.030000000000000700 ) ) ;
#5652 = CARTESIAN_POINT ( 'NONE',  ( 0.8385453223475750600, -0.5881091878409210300, 2.030000000000000200 ) ) ;
#5653 = DIRECTION ( 'NONE',  ( 1.000000000000000000, -0.0000000000000000000, 0.0000000000000000000 ) ) ;
#5654 = CARTESIAN_POINT ( 'NONE',  ( -0.1798076923076852000, 0.7800072252659040500, 2.030000000000000200 ) ) ;
#5655 = SURFACE_STYLE_FILL_AREA ( #6333 ) ;
#5656 = SURFACE_STYLE_FILL_AREA ( #651 ) ;
#5657 = CARTESIAN_POINT ( 'NONE',  ( -0.4775280894507845100, -0.1935395472268684500, 2.029999999999999800 ) ) ;
#5658 = EDGE_CURVE ( 'NONE', #5237, #5857, #2396, .T. ) ;
#5659 = VECTOR ( 'NONE', #9669, 1000.000000000000000 ) ;
#5660 = CARTESIAN_POINT ( 'NONE',  ( -1.172494383962810100, -0.3941674746173749500, 2.030000000000000200 ) ) ;
#5661 = ORIENTED_EDGE ( 'NONE', *, *, #905, .T. ) ;
#5662 = ORIENTED_EDGE ( 'NONE', *, *, #6433, .F. ) ;
#5663 = CARTESIAN_POINT ( 'NONE',  ( 0.6849659455128280800, -0.3446622458879421400, 2.025000000000000800 ) ) ;
#5664 = DIRECTION ( 'NONE',  ( -3.552334763092437500E-015, 1.000000000000000000, -0.0000000000000000000 ) ) ;
#5665 = COLOUR_RGB ( '',0.7294117647058823200, 0.3568627450980392200, 0.02352941176470588200 ) ;
#5666 = DIRECTION ( 'NONE',  ( -1.000000000000000000, 0.0000000000000000000, 0.0000000000000000000 ) ) ;
#5667 = SURFACE_STYLE_FILL_AREA ( #1851 ) ;
#5668 = CARTESIAN_POINT ( 'NONE',  ( 0.8187157369307179700, -0.7010473741604054100, 2.024999999999999500 ) ) ;
#5669 = PLANE ( 'NONE',  #8439 ) ;
#5670 = CARTESIAN_POINT ( 'NONE',  ( -1.700000000000005300, 0.4749999999999998100, 1.169999999999999900 ) ) ;
#5671 = PRESENTATION_STYLE_ASSIGNMENT (( #1975 ) ) ;
#5672 = CARTESIAN_POINT ( 'NONE',  ( 0.8814102564102639400, -0.2406558356315318400, 2.025000000000000400 ) ) ;
#5673 = ORIENTED_EDGE ( 'NONE', *, *, #2215, .T. ) ;
#5674 = EDGE_CURVE ( 'NONE', #7789, #1334, #200, .T. ) ;
#5675 = CARTESIAN_POINT ( 'NONE',  ( -1.071964321108942500, -0.2343596679441158100, 2.025000000000000800 ) ) ;
#5676 = CARTESIAN_POINT ( 'NONE',  ( 0.4024739583333409300, 0.2300072252659040600, 2.025000000000000400 ) ) ;
#5677 = PRESENTATION_LAYER_ASSIGNMENT (  '', '', ( #5146 ) ) ;
#5678 = CARTESIAN_POINT ( 'NONE',  ( -1.850000000000005200, -1.100000000000000100, 1.287490079826536500E-016 ) ) ;
#5679 = SURFACE_STYLE_USAGE ( .BOTH. , #10613 ) ;
#5680 = PLANE ( 'NONE',  #5446 ) ;
#5681 = CARTESIAN_POINT ( 'NONE',  ( 0.6357121372615154300, -0.3663498997184713200, 2.030000000000000200 ) ) ;
#5682 = ORIENTED_EDGE ( 'NONE', *, *, #10233, .F. ) ;
#5683 = MECHANICAL_DESIGN_GEOMETRIC_PRESENTATION_REPRESENTATION (  '', ( #4030 ), #6242 ) ;
#5684 = DIRECTION ( 'NONE',  ( -1.000000000000000000, -0.0000000000000000000, -0.0000000000000000000 ) ) ;
#5685 = CARTESIAN_POINT ( 'NONE',  ( -1.037010310660727600, -0.3126378396656193700, 2.025000000000000800 ) ) ;
#5686 = DIRECTION ( 'NONE',  ( -0.0000000000000000000, -1.000000000000000000, -0.0000000000000000000 ) ) ;
#5687 = CARTESIAN_POINT ( 'NONE',  ( -0.07051282051281362900, -0.6104074381956343700, 2.025000000000000400 ) ) ;
#5688 = COLOUR_RGB ( '',0.6862745098039215700, 0.6078431372549019100, 0.5294117647058823600 ) ;
#5689 = CARTESIAN_POINT ( 'NONE',  ( 0.05993589743590453700, 0.2300072252659039800, 2.025000000000000400 ) ) ;
#5690 = CARTESIAN_POINT ( 'NONE',  ( -0.5893945424221849200, -0.5399639369780419000, 2.030000000000001100 ) ) ;
#5691 = CARTESIAN_POINT ( 'NONE',  ( -0.3104767628205059000, -0.1475568772981984700, 2.025000000000000400 ) ) ;
#5692 = CARTESIAN_POINT ( 'NONE',  ( -0.4788863917781011600, -0.6803600646339010800, 2.025000000000000400 ) ) ;
#5693 = CARTESIAN_POINT ( 'NONE',  ( -1.040474883889416900, -0.3258724318426363100, 2.030000000000000200 ) ) ;
#5694 = DIRECTION ( 'NONE',  ( -1.000000000000000000, -3.552334763092437500E-015, -0.0000000000000000000 ) ) ;
#5695 = ORIENTED_EDGE ( 'NONE', *, *, #9339, .T. ) ;
#5696 = EDGE_LOOP ( 'NONE', ( #9218, #344, #2866, #6930 ) ) ;
#5697 = AXIS2_PLACEMENT_3D ( 'NONE', #1552, #7324, #2380 ) ;
#5698 = CARTESIAN_POINT ( 'NONE',  ( -0.9796522881181445300, -0.4589089787685965400, 2.029999999999999800 ) ) ;
#5699 = CARTESIAN_POINT ( 'NONE',  ( 0.6489033808634598900, -0.2824433450756632700, 2.029999999999999800 ) ) ;
#5700 = STYLED_ITEM ( 'NONE', ( #7581 ), #7947 ) ;
#5701 = CARTESIAN_POINT ( 'NONE',  ( 0.3608273237179558400, -0.4789671337084549500, 2.025000000000000400 ) ) ;
#5702 = CARTESIAN_POINT ( 'NONE',  ( 1.700000000000000400, -1.464999999999999400, 0.1200000000000000000 ) ) ;
#5703 = DIRECTION ( 'NONE',  ( -1.000000000000000000, 0.0000000000000000000, 2.168404344971003200E-014 ) ) ;
#5704 = B_SPLINE_SURFACE_WITH_KNOTS ( 'NONE', 3, 1, ( 
 ( #1645, #889 ),
 ( #6664, #1718 ),
 ( #7484, #2554 ),
 ( #8313, #3392 ),
 ( #9130, #4232 ),
 ( #9966, #5054 ),
 ( #82, #5874 ),
 ( #920, #6699 ),
 ( #1758, #7521 ),
 ( #2594, #8349 ),
 ( #3429, #9166 ) ),
 .UNSPECIFIED., .F., .F., .F.,
 ( 4, 1, 1, 1, 1, 1, 1, 1, 4 ),
 ( 2, 2 ),
 ( 0.0000000000000000000, 0.1285151895116613800, 0.2529486363526579100, 0.3747547340060047300, 0.4959397538670500300, 0.6171806414298927100, 0.7409094692781373900, 0.8678111481862027500, 1.000000000000000000 ),
 ( 0.0000000000000000000, 1.000000000000000000 ),
 .UNSPECIFIED. ) ;
#5705 = EDGE_CURVE ( 'NONE', #2692, #3926, #4093, .T. ) ;
#5706 = UNCERTAINTY_MEASURE_WITH_UNIT (LENGTH_MEASURE( 1.000000000000000100E-005 ), #7159, 'distance_accuracy_value', 'NONE');
#5707 = CARTESIAN_POINT ( 'NONE',  ( -1.700000000000005300, -0.4750000000000002600, 1.070000000000000100 ) ) ;
#5708 = DIRECTION ( 'NONE',  ( -1.000000000000000000, -3.571489509364014900E-015, -0.0000000000000000000 ) ) ;
#5709 = LINE ( 'NONE', #3540, #9570 ) ;
#5710 = VECTOR ( 'NONE', #234, 1000.000000000000000 ) ;
#5711 = EDGE_LOOP ( 'NONE', ( #1132, #6459, #2303, #8048 ) ) ;
#5712 = CARTESIAN_POINT ( 'NONE',  ( 0.1642728365384686600, -0.4789671337084549500, 2.025000000000000400 ) ) ;
#5713 =( NAMED_UNIT ( * ) PLANE_ANGLE_UNIT ( ) SI_UNIT ( $, .RADIAN. ) );
#5714 = DIRECTION ( 'NONE',  ( 3.774355685785714200E-015, -1.000000000000000000, 2.001066006222134800E-032 ) ) ;
#5715 = CARTESIAN_POINT ( 'NONE',  ( 0.6370273586616996800, -0.6175333695997353700, 2.024999999999999900 ) ) ;
#5716 =( GEOMETRIC_REPRESENTATION_CONTEXT ( 3 ) GLOBAL_UNCERTAINTY_ASSIGNED_CONTEXT ( ( #4118 ) ) GLOBAL_UNIT_ASSIGNED_CONTEXT ( ( #7464, #2528, #8292 ) ) REPRESENTATION_CONTEXT ( 'NONE', 'WORKASPACE' ) );
#5717 = VECTOR ( 'NONE', #2198, 1000.000000000000000 ) ;
#5718 = PLANE ( 'NONE',  #7855 ) ;
#5719 = PLANE ( 'NONE',  #8750 ) ;
#5720 = CIRCLE ( 'NONE', #1838, 0.04900000000000000200 ) ;
#5721 =( NAMED_UNIT ( * ) SI_UNIT ( $, .STERADIAN. ) SOLID_ANGLE_UNIT ( ) );
#5722 = MECHANICAL_DESIGN_GEOMETRIC_PRESENTATION_REPRESENTATION (  '', ( #4070 ), #6272 ) ;
#5723 = CARTESIAN_POINT ( 'NONE',  ( -1.150000000000005200, 1.100000000000000100, 4.065758146820641600E-017 ) ) ;
#5724 = DIRECTION ( 'NONE',  ( -0.5389461971344257100, -0.8423401905372559500, 0.0000000000000000000 ) ) ;
#5725 = B_SPLINE_SURFACE_WITH_KNOTS ( 'NONE', 3, 1, ( 
 ( #8771, #3082 ),
 ( #8836, #3909 ),
 ( #9654, #4738 ),
 ( #10495, #5560 ),
 ( #584, #6377 ),
 ( #1430, #7207 ),
 ( #2269, #8037 ),
 ( #3122, #8867 ),
 ( #3944, #9681 ),
 ( #4773, #10528 ),
 ( #5592, #623 ),
 ( #6414, #1465 ),
 ( #7240, #2302 ),
 ( #8072, #3154 ),
 ( #8902, #3970 ) ),
 .UNSPECIFIED., .F., .F., .F.,
 ( 4, 1, 1, 1, 1, 1, 1, 1, 1, 1, 1, 1, 4 ),
 ( 2, 2 ),
 ( 0.0000000000000000000, 0.09126360489662634100, 0.1809303110850817300, 0.2700882198317228200, 0.3601561333877271200, 0.4483425324981536500, 0.5326658421383302400, 0.6138337041070477400, 0.6939815272835584400, 0.7727159770890043000, 0.8493351720622465100, 0.9239673265752319500, 1.000000000000000000 ),
 ( 0.0000000000000000000, 1.000000000000000000 ),
 .UNSPECIFIED. ) ;
#5726 = FILL_AREA_STYLE_COLOUR ( '', #10545 ) ;
#5727 =( LENGTH_UNIT ( ) NAMED_UNIT ( * ) SI_UNIT ( .MILLI., .METRE. ) );
#5728 = CARTESIAN_POINT ( 'NONE',  ( 0.6975260416666743100, 0.7800072252659041600, 2.025000000000000400 ) ) ;
#5729 = ORIENTED_EDGE ( 'NONE', *, *, #10179, .F. ) ;
#5730 =( NAMED_UNIT ( * ) PLANE_ANGLE_UNIT ( ) SI_UNIT ( $, .RADIAN. ) );
#5731 = DIRECTION ( 'NONE',  ( 1.000000000000000000, -0.0000000000000000000, 4.770489558936225800E-015 ) ) ;
#5732 =( LENGTH_UNIT ( ) NAMED_UNIT ( * ) SI_UNIT ( .MILLI., .METRE. ) );
#5733 = CARTESIAN_POINT ( 'NONE',  ( 0.6890301374412661800, -0.3482891398250258500, 2.030000000000000200 ) ) ;
#5734 = VERTEX_POINT ( 'NONE', #2900 ) ;
#5735 = CARTESIAN_POINT ( 'NONE',  ( -0.07051282051281362900, -0.2625809157597369700, 2.025000000000000400 ) ) ;
#5736 = ORIENTED_EDGE ( 'NONE', *, *, #3568, .F. ) ;
#5737 = CARTESIAN_POINT ( 'NONE',  ( 0.6817238549425032000, -0.3414757130172417800, 2.025000000000000800 ) ) ;
#5738 = CARTESIAN_POINT ( 'NONE',  ( 0.8388708867069678600, -0.5715633380950841900, 2.030000000000000200 ) ) ;
#5739 = FILL_AREA_STYLE_COLOUR ( '', #9527 ) ;
#5740 = LINE ( 'NONE', #10594, #1345 ) ;
#5741 = EDGE_CURVE ( 'NONE', #5115, #4778, #3839, .T. ) ;
#5742 = VECTOR ( 'NONE', #4464, 1000.000000000000000 ) ;
#5743 = SURFACE_SIDE_STYLE ('',( #5567 ) ) ;
#5744 = EDGE_CURVE ( 'NONE', #8486, #4897, #6273, .T. ) ;
#5745 = ORIENTED_EDGE ( 'NONE', *, *, #4019, .T. ) ;
#5746 = DIRECTION ( 'NONE',  ( 0.4285842068721729700, 0.9035018415143106800, 0.0000000000000000000 ) ) ;
#5747 = SURFACE_STYLE_USAGE ( .BOTH. , #10681 ) ;
#5748 = FILL_AREA_STYLE ('',( #9845 ) ) ;
#5749 = LINE ( 'NONE', #7657, #9352 ) ;
#5750 = SURFACE_STYLE_USAGE ( .BOTH. , #10683 ) ;
#5751 = DIRECTION ( 'NONE',  ( 0.0000000000000000000, -0.05233595624294395300, 0.9986295347545739400 ) ) ;
#5752 = STYLED_ITEM ( 'NONE', ( #4105 ), #5335 ) ;
#5753 = UNCERTAINTY_MEASURE_WITH_UNIT (LENGTH_MEASURE( 1.000000000000000100E-005 ), #103, 'distance_accuracy_value', 'NONE');
#5754 =( GEOMETRIC_REPRESENTATION_CONTEXT ( 3 ) GLOBAL_UNCERTAINTY_ASSIGNED_CONTEXT ( ( #4643 ) ) GLOBAL_UNIT_ASSIGNED_CONTEXT ( ( #6281, #1340, #7112 ) ) REPRESENTATION_CONTEXT ( 'NONE', 'WORKASPACE' ) );
#5755 = SURFACE_STYLE_USAGE ( .BOTH. , #10687 ) ;
#5756 = PRESENTATION_STYLE_ASSIGNMENT (( #1724 ) ) ;
#5757 = ORIENTED_EDGE ( 'NONE', *, *, #337, .T. ) ;
#5758 = EDGE_CURVE ( 'NONE', #5535, #243, #6026, .T. ) ;
#5759 = CARTESIAN_POINT ( 'NONE',  ( 0.6105969551282125500, -0.5776850824264037100, 2.025000000000000400 ) ) ;
#5760 = PLANE ( 'NONE',  #1351 ) ;
#5761 = FILL_AREA_STYLE_COLOUR ( '', #9887 ) ;
#5762 = CARTESIAN_POINT ( 'NONE',  ( 0.7293669871794945500, -0.2039671337084549000, 2.030000000000000200 ) ) ;
#5763 = FACE_OUTER_BOUND ( 'NONE', #5371, .T. ) ;
#5764 = DIRECTION ( 'NONE',  ( 0.0000000000000000000, -0.0000000000000000000, 1.000000000000000000 ) ) ;
#5765 = VECTOR ( 'NONE', #3736, 1000.000000000000100 ) ;
#5766 = PRESENTATION_STYLE_ASSIGNMENT (( #246 ) ) ;
#5767 = CARTESIAN_POINT ( 'NONE',  ( -0.8814102564102497300, -0.4719158516571728700, 2.030000000000000200 ) ) ;
#5768 =( LENGTH_UNIT ( ) NAMED_UNIT ( * ) SI_UNIT ( .MILLI., .METRE. ) );
#5769 = CARTESIAN_POINT ( 'NONE',  ( -0.6205128205128133100, 0.4062892765479552700, 2.030000000000000200 ) ) ;
#5770 = VERTEX_POINT ( 'NONE', #1263 ) ;
#5771 = DIRECTION ( 'NONE',  ( 0.0000000000000000000, 0.0000000000000000000, -1.000000000000000000 ) ) ;
#5772 = PRESENTATION_LAYER_ASSIGNMENT (  '', '', ( #3579 ) ) ;
#5773 = CARTESIAN_POINT ( 'NONE',  ( 0.2679487179487250500, -0.1616594414007626000, 2.025000000000000400 ) ) ;
#5774 =( LENGTH_UNIT ( ) NAMED_UNIT ( * ) SI_UNIT ( .MILLI., .METRE. ) );
#5775 = CARTESIAN_POINT ( 'NONE',  ( 0.7539319118595373400, -0.3959003523454341400, 2.025000000000000400 ) ) ;
#5776 = DIRECTION ( 'NONE',  ( 0.0000000000000000000, 0.4226182617407771600, 0.9063077870366137400 ) ) ;
#5777 =( BOUNDED_CURVE ( )  B_SPLINE_CURVE ( 3, ( #7385, #6563, #1614, #2445 ),
 .UNSPECIFIED., .F., .F. ) 
 B_SPLINE_CURVE_WITH_KNOTS ( ( 4, 4 ),
 ( 2.359992588465631000, 3.923192718713965000 ),
 .UNSPECIFIED. ) 
 CURVE ( )  GEOMETRIC_REPRESENTATION_ITEM ( )  RATIONAL_B_SPLINE_CURVE ( ( 1.000000000000000000, 0.8065248903853481400, 0.8065248903853481400, 1.000000000000000000 ) ) 
 REPRESENTATION_ITEM ( '' )  );
#5778 = CIRCLE ( 'NONE', #10271, 0.1000000000000000100 ) ;
#5779 = VECTOR ( 'NONE', #3242, 1000.000000000000200 ) ;
#5780 = EDGE_CURVE ( 'NONE', #5930, #6979, #10149, .T. ) ;
#5781 = ORIENTED_EDGE ( 'NONE', *, *, #8394, .F. ) ;
#5782 = CARTESIAN_POINT ( 'NONE',  ( 0.3455128205128281100, 0.2300072252659040600, 2.025000000000000400 ) ) ;
#5783 = CARTESIAN_POINT ( 'NONE',  ( -0.5533068173518347300, -0.6091341556643070600, 2.030000000000000700 ) ) ;
#5784 = ORIENTED_EDGE ( 'NONE', *, *, #3131, .T. ) ;
#5785 = PRESENTATION_LAYER_ASSIGNMENT (  '', '', ( #4683 ) ) ;
#5786 = CARTESIAN_POINT ( 'NONE',  ( 0.8136035140712444300, -0.2464120181264868600, 2.025000000000000400 ) ) ;
#5787 = MECHANICAL_DESIGN_GEOMETRIC_PRESENTATION_REPRESENTATION (  '', ( #4137 ), #6324 ) ;
#5788 = DIRECTION ( 'NONE',  ( 1.000000000000000000, 0.0000000000000000000, 0.0000000000000000000 ) ) ;
#5789 = FACE_OUTER_BOUND ( 'NONE', #2698, .T. ) ;
#5790 = COLOUR_RGB ( '',0.6862745098039215700, 0.6078431372549019100, 0.5294117647058823600 ) ;
#5791 = CARTESIAN_POINT ( 'NONE',  ( 1.050641025641033500, -0.2180696978110190400, 2.030000000000000200 ) ) ;
#5792 = SURFACE_STYLE_FILL_AREA ( #10400 ) ;
#5793 = EDGE_LOOP ( 'NONE', ( #2786, #6956, #2880, #4613 ) ) ;
#5794 = CARTESIAN_POINT ( 'NONE',  ( 1.849999999999998500, 0.3935000000002365500, 1.170000000000000400 ) ) ;
#5795 = AXIS2_PLACEMENT_3D ( 'NONE', #2461, #8236, #3302 ) ;
#5796 = ORIENTED_EDGE ( 'NONE', *, *, #4246, .F. ) ;
#5797 = VERTEX_POINT ( 'NONE', #5394 ) ;
#5798 = ORIENTED_EDGE ( 'NONE', *, *, #8304, .F. ) ;
#5799 = VECTOR ( 'NONE', #2837, 1000.000000000000000 ) ;
#5800 = LINE ( 'NONE', #8526, #7463 ) ;
#5801 = CARTESIAN_POINT ( 'NONE',  ( 0.7732052490500286300, -0.1520903047868202900, 2.025000000000001200 ) ) ;
#5802 = CARTESIAN_POINT ( 'NONE',  ( -0.4941406249999928400, 0.6728057028300065100, 2.025000000000000400 ) ) ;
#5803 = SURFACE_STYLE_USAGE ( .BOTH. , #7 ) ;
#5804 = COLOUR_RGB ( '',0.7294117647058823200, 0.3568627450980392200, 0.02352941176470588200 ) ;
#5805 = CARTESIAN_POINT ( 'NONE',  ( -1.150000000000005200, 1.100000000000000100, 4.065758146820641600E-017 ) ) ;
#5806 = CARTESIAN_POINT ( 'NONE',  ( 0.6010796806093015000, -0.2980704354983190200, 2.030000000000000700 ) ) ;
#5807 = CARTESIAN_POINT ( 'NONE',  ( -0.1719412883877860800, -0.1776835071720401500, 2.030000000000000200 ) ) ;
#5808 = CARTESIAN_POINT ( 'NONE',  ( 1.525252652248630000, -1.464999999999999400, 0.2199999999999999700 ) ) ;
#5809 = COLOUR_RGB ( '',0.7294117647058823200, 0.3568627450980392200, 0.02352941176470588200 ) ;
#5810 = ORIENTED_EDGE ( 'NONE', *, *, #9101, .F. ) ;
#5811 = CARTESIAN_POINT ( 'NONE',  ( -1.036783343549889000, -0.2898984176969817700, 2.030000000000000700 ) ) ;
#5812 = FILL_AREA_STYLE_COLOUR ( '', #4184 ) ;
#5813 = EDGE_CURVE ( 'NONE', #7242, #5523, #7955, .T. ) ;
#5814 =( LENGTH_UNIT ( ) NAMED_UNIT ( * ) SI_UNIT ( .MILLI., .METRE. ) );
#5815 = SURFACE_SIDE_STYLE ('',( #1220 ) ) ;
#5816 = CARTESIAN_POINT ( 'NONE',  ( 0.7167302019797120400, -0.1482302658386181700, 2.024999999999999500 ) ) ;
#5817 = PLANE ( 'NONE',  #7366 ) ;
#5818 = CARTESIAN_POINT ( 'NONE',  ( 1.150000000000005700, 1.100000000000000100, 5.502326025363935000E-015 ) ) ;
#5819 = ORIENTED_EDGE ( 'NONE', *, *, #8967, .F. ) ;
#5820 = EDGE_CURVE ( 'NONE', #10460, #5339, #3590, .T. ) ;
#5821 = CARTESIAN_POINT ( 'NONE',  ( 0.7685459342035158000, -0.2114158831479109900, 2.029999999999999800 ) ) ;
#5822 = VECTOR ( 'NONE', #1831, 1000.000000000000000 ) ;
#5823 = FILL_AREA_STYLE ('',( #4170 ) ) ;
#5824 = CARTESIAN_POINT ( 'NONE',  ( -1.045711122687259300, -0.1858787618899325800, 2.025000000000000400 ) ) ;
#5825 = EDGE_CURVE ( 'NONE', #4856, #8486, #7698, .T. ) ;
#5826 = CARTESIAN_POINT ( 'NONE',  ( 0.7313501602564177500, -0.7257620055033268100, 2.025000000000000400 ) ) ;
#5827 = EDGE_CURVE ( 'NONE', #720, #5435, #1111, .T. ) ;
#5828 = MECHANICAL_DESIGN_GEOMETRIC_PRESENTATION_REPRESENTATION (  '', ( #4728 ), #6364 ) ;
#5829 = FILL_AREA_STYLE_COLOUR ( '', #9603 ) ;
#5830 = DIRECTION ( 'NONE',  ( -1.000000000000000000, -3.552334763092437500E-015, -0.0000000000000000000 ) ) ;
#5831 = VERTEX_POINT ( 'NONE', #450 ) ;
#5832 = CARTESIAN_POINT ( 'NONE',  ( 0.8443508889192842300, -0.1958192214849558700, 2.030000000000000700 ) ) ;
#5833 = CARTESIAN_POINT ( 'NONE',  ( -1.750000000000005300, -0.4750000000000003700, 1.020999999999999500 ) ) ;
#5834 = CARTESIAN_POINT ( 'NONE',  ( 1.850000000000003900, -1.099999999999526900, 0.2300000000000005900 ) ) ;
#5835 = STYLED_ITEM ( 'NONE', ( #9984 ), #7510 ) ;
#5836 = CARTESIAN_POINT ( 'NONE',  ( 0.7588942307692383400, -0.3994198580674293000, 2.030000000000000700 ) ) ;
#5837 = DIRECTION ( 'NONE',  ( 0.0000000000000000000, -1.000000000000000000, 0.0000000000000000000 ) ) ;
#5838 = CARTESIAN_POINT ( 'NONE',  ( 1.700000000000005100, -1.464999999999994100, 1.169999999999999900 ) ) ;
#5839 = PLANE ( 'NONE',  #4397 ) ;
#5840 = SURFACE_STYLE_FILL_AREA ( #10201 ) ;
#5841 = ORIENTED_EDGE ( 'NONE', *, *, #6677, .F. ) ;
#5842 = CARTESIAN_POINT ( 'NONE',  ( -1.064420108945486600, -0.2394266651695242100, 2.025000000000000400 ) ) ;
#5843 = ORIENTED_EDGE ( 'NONE', *, *, #5351, .F. ) ;
#5844 = CARTESIAN_POINT ( 'NONE',  ( -1.104877279844464800, -0.1654989587292840800, 2.030000000000000700 ) ) ;
#5845 = PRESENTATION_LAYER_ASSIGNMENT (  '', '', ( #5310 ) ) ;
#5846 = DIRECTION ( 'NONE',  ( 0.0000000000000000000, -1.000000000000000000, 0.0000000000000000000 ) ) ;
#5848 = AXIS2_PLACEMENT_3D ( 'NONE', #704, #6491, #1548 ) ;
#5847 = DIRECTION ( 'NONE',  ( -1.527121336238285300E-016, 1.000000000000000000, -0.0000000000000000000 ) ) ;
#5849 = LINE ( 'NONE', #8897, #7779 ) ;
#5850 = MECHANICAL_DESIGN_GEOMETRIC_PRESENTATION_REPRESENTATION (  '', ( #4204 ), #6389 ) ;
#5851 = MECHANICAL_DESIGN_GEOMETRIC_PRESENTATION_REPRESENTATION (  '', ( #4205 ), #6391 ) ;
#5852 = CARTESIAN_POINT ( 'NONE',  ( -1.003541364891767700, -0.5146487947636792000, 2.025000000000000400 ) ) ;
#5853 = FILL_AREA_STYLE_COLOUR ( '', #4568 ) ;
#5854 = UNCERTAINTY_MEASURE_WITH_UNIT (LENGTH_MEASURE( 1.000000000000000100E-005 ), #7116, 'distance_accuracy_value', 'NONE');
#5855 = PLANE ( 'NONE',  #4457 ) ;
#5856 = VECTOR ( 'NONE', #8026, 1000.000000000000000 ) ;
#5857 = VERTEX_POINT ( 'NONE', #3805 ) ;
#5858 = FACE_OUTER_BOUND ( 'NONE', #6221, .T. ) ;
#5859 = CARTESIAN_POINT ( 'NONE',  ( -0.9475556046877503500, -0.5869912087707538400, 2.029999999999999800 ) ) ;
#5860 = ORIENTED_EDGE ( 'NONE', *, *, #4801, .T. ) ;
#5861 = CARTESIAN_POINT ( 'NONE',  ( -0.5937399839743517900, 0.4626995329582117000, 2.025000000000000400 ) ) ;
#5862 = SURFACE_STYLE_USAGE ( .BOTH. , #67 ) ;
#5863 = SURFACE_STYLE_FILL_AREA ( #4552 ) ;
#5864 =( NAMED_UNIT ( * ) PLANE_ANGLE_UNIT ( ) SI_UNIT ( $, .RADIAN. ) );
#5865 = EDGE_LOOP ( 'NONE', ( #6136, #1803, #2957, #7950 ) ) ;
#5866 = MECHANICAL_DESIGN_GEOMETRIC_PRESENTATION_REPRESENTATION (  '', ( #4222 ), #6408 ) ;
#5867 = ORIENTED_EDGE ( 'NONE', *, *, #6291, .T. ) ;
#5868 = CARTESIAN_POINT ( 'NONE',  ( 0.6975260416666743100, 0.7800072252659041600, 2.025000000000000400 ) ) ;
#5869 = MECHANICAL_DESIGN_GEOMETRIC_PRESENTATION_REPRESENTATION (  '', ( #4228 ), #6412 ) ;
#5870 = CARTESIAN_POINT ( 'NONE',  ( -1.219871794871788100, -0.4507620055033266800, 2.029999999999115600 ) ) ;
#5871 = LINE ( 'NONE', #10569, #7803 ) ;
#5872 = CARTESIAN_POINT ( 'NONE',  ( 0.8630382219267762600, -0.4967471507214961100, 2.030000000000000200 ) ) ;
#5873 = PRESENTATION_STYLE_ASSIGNMENT (( #855 ) ) ;
#5874 = CARTESIAN_POINT ( 'NONE',  ( -0.1779547675610907700, -0.6338699794620299400, 2.029999999999999800 ) ) ;
#5875 = FACE_OUTER_BOUND ( 'NONE', #4920, .T. ) ;
#5876 = VERTEX_POINT ( 'NONE', #9552 ) ;
#5877 = CARTESIAN_POINT ( 'NONE',  ( -1.149579326923070100, -0.6552491849905062200, 2.030000000000000200 ) ) ;
#5878 = CARTESIAN_POINT ( 'NONE',  ( -1.084244791666660000, -0.4572624061443523700, 2.025000000000000400 ) ) ;
#5879 = ORIENTED_EDGE ( 'NONE', *, *, #10373, .T. ) ;
#5880 = CARTESIAN_POINT ( 'NONE',  ( -1.124886494144974300, -0.2191891949174015500, 2.030000000000000200 ) ) ;
#5881 = VECTOR ( 'NONE', #7069, 1000.000000000000000 ) ;
#5882 = CARTESIAN_POINT ( 'NONE',  ( -0.9871794871794802300, -0.2979475022981985000, 2.030000000000000200 ) ) ;
#5883 = DIRECTION ( 'NONE',  ( 0.9961946980917457700, 3.759993122892162900E-015, 0.08715574274765525200 ) ) ;
#5884 = CARTESIAN_POINT ( 'NONE',  ( 1.150000000000005700, 1.100000000000000100, 5.502326025363935000E-015 ) ) ;
#5885 = ORIENTED_EDGE ( 'NONE', *, *, #1589, .T. ) ;
#5886 =( NAMED_UNIT ( * ) PLANE_ANGLE_UNIT ( ) SI_UNIT ( $, .RADIAN. ) );
#5887 = EDGE_CURVE ( 'NONE', #2233, #1461, #7427, .T. ) ;
#5888 = EDGE_CURVE ( 'NONE', #604, #1017, #3187, .T. ) ;
#5889 = B_SPLINE_CURVE_WITH_KNOTS ( 'NONE', 3,
 ( #1216, #10268, #6156, #2056, #7814, #2889, #8648, #3724, #9472, #4546, #10306, #5383, #398, #6198, #1252, #7015, #2092, #7856, #2925 ),
 .UNSPECIFIED., .F., .F.,
 ( 4, 1, 1, 1, 1, 1, 1, 1, 1, 1, 1, 1, 1, 1, 1, 1, 4 ),
 ( 0.0000000000000000000, 0.05700313251292429100, 0.1118178691207242600, 0.1644023722182112500, 0.2158698048987956500, 0.2668411100818676700, 0.3174789632053577900, 0.3699021362727597500, 0.4234004494436362000, 0.4797183982994510100, 0.5392414966442967700, 0.6024306889434224400, 0.6710295461473350100, 0.7444847975608474000, 0.8234539713786840400, 0.9087403127306658000, 1.000000000000000000 ),
 .UNSPECIFIED. ) ;
#5890 = VECTOR ( 'NONE', #10641, 1000.000000000000000 ) ;
#5891 = VECTOR ( 'NONE', #7872, 1000.000000000000000 ) ;
#5892 = CARTESIAN_POINT ( 'NONE',  ( -1.004869864885418000, -0.6771502367297633800, 2.025000000000000400 ) ) ;
#5893 = CARTESIAN_POINT ( 'NONE',  ( -1.084646161297982300, -0.3780124660003024200, 2.024999999999999900 ) ) ;
#5894 = CARTESIAN_POINT ( 'NONE',  ( 0.8169184845298698100, -0.5190060211348896900, 2.030000000000000200 ) ) ;
#5895 = ORIENTED_EDGE ( 'NONE', *, *, #136, .F. ) ;
#5896 =( NAMED_UNIT ( * ) SI_UNIT ( $, .STERADIAN. ) SOLID_ANGLE_UNIT ( ) );
#5897 = PRESENTATION_LAYER_ASSIGNMENT (  '', '', ( #4795 ) ) ;
#5898 = ADVANCED_FACE ( 'NONE', ( #9366 ), #9578, .T. ) ;
#5899 = CARTESIAN_POINT ( 'NONE',  ( -0.9450294753866787000, -0.5502811995004204300, 2.025000000000000400 ) ) ;
#5900 = LINE ( 'NONE', #10263, #10283 ) ;
#5901 = LINE ( 'NONE', #6608, #10012 ) ;
#5902 = EDGE_CURVE ( 'NONE', #5647, #9861, #4233, .T. ) ;
#5903 = ORIENTED_EDGE ( 'NONE', *, *, #1693, .F. ) ;
#5904 = CARTESIAN_POINT ( 'NONE',  ( 0.7293669871794945500, -0.2039671337084549000, 2.025000000000000400 ) ) ;
#5905 = FACE_OUTER_BOUND ( 'NONE', #6083, .T. ) ;
#5906 =( NAMED_UNIT ( * ) SI_UNIT ( $, .STERADIAN. ) SOLID_ANGLE_UNIT ( ) );
#5907 = CARTESIAN_POINT ( 'NONE',  ( 0.6608525584650740700, -0.7103612401206105300, 2.030000000000000200 ) ) ;
#5908 = CARTESIAN_POINT ( 'NONE',  ( -1.092722914098282800, -0.4555422546436686000, 2.030000000000000700 ) ) ;
#5909 = PRODUCT_CONTEXT ( 'NONE', #1759, 'mechanical' ) ;
#5910 = CARTESIAN_POINT ( 'NONE',  ( 1.825621799285684700, -0.3416656947418965600, 1.108940480933061900 ) ) ;
#5911 = CARTESIAN_POINT ( 'NONE',  ( -0.07398852349413223600, -0.6148920520692979800, 2.029999999999999800 ) ) ;
#5912 = UNCERTAINTY_MEASURE_WITH_UNIT (LENGTH_MEASURE( 1.000000000000000100E-005 ), #794, 'distance_accuracy_value', 'NONE');
#5913 = FACE_OUTER_BOUND ( 'NONE', #9251, .T. ) ;
#5914 = COLOUR_RGB ( '',0.6862745098039215700, 0.6078431372549019100, 0.5294117647058823600 ) ;
#5915 =( LENGTH_UNIT ( ) NAMED_UNIT ( * ) SI_UNIT ( .MILLI., .METRE. ) );
#5916 = AXIS2_PLACEMENT_3D ( 'NONE', #6409, #1458, #7237 ) ;
#5917 = VECTOR ( 'NONE', #8841, 1000.000000000000000 ) ;
#5918 = DIRECTION ( 'NONE',  ( 0.0000000000000000000, 0.0000000000000000000, 1.000000000000000000 ) ) ;
#5919 = ORIENTED_EDGE ( 'NONE', *, *, #2656, .T. ) ;
#5920 = VERTEX_POINT ( 'NONE', #545 ) ;
#5921 = FILL_AREA_STYLE ('',( #5098 ) ) ;
#5922 = ORIENTED_EDGE ( 'NONE', *, *, #4669, .F. ) ;
#5923 = VERTEX_POINT ( 'NONE', #1328 ) ;
#5924 =( NAMED_UNIT ( * ) PLANE_ANGLE_UNIT ( ) SI_UNIT ( $, .RADIAN. ) );
#5925 = VERTEX_POINT ( 'NONE', #3873 ) ;
#5926 = FACE_OUTER_BOUND ( 'NONE', #4693, .T. ) ;
#5927 = EDGE_CURVE ( 'NONE', #1018, #2628, #10041, .T. ) ;
#5928 = FACE_BOUND ( 'NONE', #4587, .T. ) ;
#5929 = CARTESIAN_POINT ( 'NONE',  ( -0.5893945424221849200, -0.5399639369780419000, 2.025000000000001200 ) ) ;
#5930 = VERTEX_POINT ( 'NONE', #6335 ) ;
#5931 = VERTEX_POINT ( 'NONE', #4700 ) ;
#5932 = CARTESIAN_POINT ( 'NONE',  ( -1.101186696821965700, -0.7113700738196003800, 2.030000000000000200 ) ) ;
#5933 = LINE ( 'NONE', #7478, #7866 ) ;
#5934 = STYLED_ITEM ( 'NONE', ( #4576 ), #4398 ) ;
#5935 = LINE ( 'NONE', #10203, #10317 ) ;
#5937 = CARTESIAN_POINT ( 'NONE',  ( -1.219871794871788100, -0.2180696978110190400, 2.025000000000000400 ) ) ;
#5936 = PRESENTATION_LAYER_ASSIGNMENT (  '', '', ( #6464 ) ) ;
#5938 = DIRECTION ( 'NONE',  ( 1.000000000000000000, 3.571489509364014900E-015, 0.0000000000000000000 ) ) ;
#5939 = FILL_AREA_STYLE_COLOUR ( '', #3950 ) ;
#5940 = STYLED_ITEM ( 'NONE', ( #6762 ), #9180 ) ;
#5941 = SURFACE_SIDE_STYLE ('',( #8112 ) ) ;
#5942 = COLOUR_RGB ( '',0.7294117647058823200, 0.3568627450980392200, 0.02352941176470588200 ) ;
#5943 = PRESENTATION_STYLE_ASSIGNMENT (( #5679 ) ) ;
#5944 = CARTESIAN_POINT ( 'NONE',  ( 0.7127285490649528700, -0.2045247314341650800, 2.030000000000000200 ) ) ;
#5945 = ORIENTED_EDGE ( 'NONE', *, *, #8304, .T. ) ;
#5946 = CARTESIAN_POINT ( 'NONE',  ( 1.741002107999557900, 0.3921850573700757500, 1.167180096429550700 ) ) ;
#5947 = CARTESIAN_POINT ( 'NONE',  ( 0.7313501602564177500, -0.7257620055033268100, 2.025000000000000400 ) ) ;
#5948 = CARTESIAN_POINT ( 'NONE',  ( -1.095977324129372900, -0.6524715200160559100, 2.030000000000000200 ) ) ;
#5949 = CARTESIAN_POINT ( 'NONE',  ( -1.032084606460847100, -0.6295626748433740300, 2.030000000000000700 ) ) ;
#5950 = CARTESIAN_POINT ( 'NONE',  ( -0.1578368777374751000, -0.6878991705373690400, 2.024999999999999500 ) ) ;
#5951 = DIRECTION ( 'NONE',  ( -1.000000000000000000, -0.0000000000000000000, -0.0000000000000000000 ) ) ;
#5952 = SURFACE_SIDE_STYLE ('',( #7515 ) ) ;
#5953 = ORIENTED_EDGE ( 'NONE', *, *, #599, .T. ) ;
#5954 = EDGE_CURVE ( 'NONE', #5024, #3059, #2299, .T. ) ;
#5955 = FILL_AREA_STYLE ('',( #131 ) ) ;
#5956 = ADVANCED_FACE ( 'NONE', ( #6397 ), #8031, .F. ) ;
#5957 = SURFACE_STYLE_USAGE ( .BOTH. , #163 ) ;
#5958 = VECTOR ( 'NONE', #5011, 1000.000000000000100 ) ;
#5959 = PLANE ( 'NONE',  #4633 ) ;
#5960 = CARTESIAN_POINT ( 'NONE',  ( 0.6817169318219151700, -0.6567385719070338900, 2.030000000000000200 ) ) ;
#5961 =( LENGTH_UNIT ( ) NAMED_UNIT ( * ) SI_UNIT ( .MILLI., .METRE. ) );
#5962 = CARTESIAN_POINT ( 'NONE',  ( -0.9565253587864862600, -0.6160595148062891800, 2.025000000000000400 ) ) ;
#5963 =( GEOMETRIC_REPRESENTATION_CONTEXT ( 3 ) GLOBAL_UNCERTAINTY_ASSIGNED_CONTEXT ( ( #4772 ) ) GLOBAL_UNIT_ASSIGNED_CONTEXT ( ( #10660, #5730, #770 ) ) REPRESENTATION_CONTEXT ( 'NONE', 'WORKASPACE' ) );
#5964 = DIRECTION ( 'NONE',  ( 0.0000000000000000000, 1.000000000000000000, 1.669620221387535400E-015 ) ) ;
#5965 = ORIENTED_EDGE ( 'NONE', *, *, #6558, .F. ) ;
#5966 = CARTESIAN_POINT ( 'NONE',  ( 1.750000000000002400, -0.9499999999995267800, 0.3800000000000005600 ) ) ;
#5967 = COLOUR_RGB ( '',0.7294117647058823200, 0.3568627450980392200, 0.02352941176470588200 ) ;
#5968 = EDGE_LOOP ( 'NONE', ( #10440, #5729, #5860, #2990 ) ) ;
#5969 = CARTESIAN_POINT ( 'NONE',  ( -1.003541364891767700, -0.5146487947636792000, 2.029999999999999800 ) ) ;
#5970 = EDGE_CURVE ( 'NONE', #10390, #8306, #7859, .T. ) ;
#5971 = CARTESIAN_POINT ( 'NONE',  ( 0.7588942307692383400, -0.3994198580674293000, 2.025000000000000800 ) ) ;
#5972 = CARTESIAN_POINT ( 'NONE',  ( 0.6942592114860706200, -0.3524679267833281100, 2.024999999999999900 ) ) ;
#5973 = UNCERTAINTY_MEASURE_WITH_UNIT (LENGTH_MEASURE( 1.000000000000000100E-005 ), #10218, 'distance_accuracy_value', 'NONE');
#5974 = ADVANCED_FACE ( 'NONE', ( #10037 ), #9143, .T. ) ;
#5975 = UNCERTAINTY_MEASURE_WITH_UNIT (LENGTH_MEASURE( 1.000000000000000100E-005 ), #2271, 'distance_accuracy_value', 'NONE');
#5976 = CARTESIAN_POINT ( 'NONE',  ( 0.6489889537989743700, -0.2688654176382211900, 2.025000000000000800 ) ) ;
#5977 = SURFACE_STYLE_FILL_AREA ( #6842 ) ;
#5978 = EDGE_LOOP ( 'NONE', ( #2412, #4661, #6960, #3048, #6899, #6848, #10014, #4600, #4252, #6873, #68 ) ) ;
#5979 = CARTESIAN_POINT ( 'NONE',  ( -0.3098157051281981700, -0.7257620055033268100, 2.030000000000001600 ) ) ;
#5980 = SURFACE_STYLE_FILL_AREA ( #6819 ) ;
#5981 = PRESENTATION_LAYER_ASSIGNMENT (  '', '', ( #4870 ) ) ;
#5982 = CARTESIAN_POINT ( 'NONE',  ( 1.832374424535064800, 0.3223659288515313100, 1.098003677986658000 ) ) ;
#5983 = VECTOR ( 'NONE', #3198, 1000.000000000000000 ) ;
#5984 = CARTESIAN_POINT ( 'NONE',  ( -1.021017629323930800, -0.6197690121933570100, 2.024999999999999900 ) ) ;
#5985 = CARTESIAN_POINT ( 'NONE',  ( -1.187149439102557200, -0.4507620055033266800, 2.030000000000000200 ) ) ;
#5986 = CARTESIAN_POINT ( 'NONE',  ( -0.2551562926130838700, -0.7217863754522700900, 2.030000000000000200 ) ) ;
#5987 = EDGE_CURVE ( 'NONE', #3701, #7474, #613, .T. ) ;
#5988 = LINE ( 'NONE', #4667, #8166 ) ;
#5989 = CARTESIAN_POINT ( 'NONE',  ( 0.8388708867069678600, -0.5715633380950841900, 2.030000000000000200 ) ) ;
#5990 = PLANE ( 'NONE',  #6801 ) ;
#5991 = STYLED_ITEM ( 'NONE', ( #9843 ), #10187 ) ;
#5992 = SURFACE_STYLE_FILL_AREA ( #6456 ) ;
#5993 = SURFACE_STYLE_USAGE ( .BOTH. , #197 ) ;
#5994 = PRESENTATION_LAYER_ASSIGNMENT (  '', '', ( #4887 ) ) ;
#5995 = PRESENTATION_LAYER_ASSIGNMENT (  '', '', ( #7092 ) ) ;
#5996 = VERTEX_POINT ( 'NONE', #5654 ) ;
#5998 = CARTESIAN_POINT ( 'NONE',  ( -1.710000000000005100, 0.4749999999999998100, 1.030000000000000000 ) ) ;
#5997 = CARTESIAN_POINT ( 'NONE',  ( 0.8881537501025627000, -0.5916107518095535800, 2.025000000000000800 ) ) ;
#5999 = CARTESIAN_POINT ( 'NONE',  ( -1.120492788461531700, -0.7116594414007626500, 2.025000000000000400 ) ) ;
#6000 = LINE ( 'NONE', #5884, #2363 ) ;
#6001 = AXIS2_PLACEMENT_3D ( 'NONE', #4785, #10541, #5601 ) ;
#6002 = ORIENTED_EDGE ( 'NONE', *, *, #135, .T. ) ;
#6003 = DIRECTION ( 'NONE',  ( -1.000000000000000000, 0.0000000000000000000, -4.770489558936225800E-015 ) ) ;
#6004 = CARTESIAN_POINT ( 'NONE',  ( 0.8332906674367287500, -0.4607266562109320600, 2.030000000000000200 ) ) ;
#6005 = CARTESIAN_POINT ( 'NONE',  ( -1.700000000000010200, 1.365380530190821300, 1.070000000000000100 ) ) ;
#6006 = ORIENTED_EDGE ( 'NONE', *, *, #1847, .F. ) ;
#6007 = CARTESIAN_POINT ( 'NONE',  ( -1.077569897705100700, -0.4590563518913265400, 2.025000000000000400 ) ) ;
#6008 = CARTESIAN_POINT ( 'NONE',  ( 1.849999999999996300, 0.9499999999999998400, 0.3800000000000005600 ) ) ;
#6009 = ADVANCED_FACE ( 'NONE', ( #2847 ), #9750, .T. ) ;
#6010 = ORIENTED_EDGE ( 'NONE', *, *, #3068, .T. ) ;
#6011 = CARTESIAN_POINT ( 'NONE',  ( -1.850000000000005200, 0.3749999999999997200, 0.5590000000000001600 ) ) ;
#6012 = PRESENTATION_STYLE_ASSIGNMENT (( #1396 ) ) ;
#6013 = CARTESIAN_POINT ( 'NONE',  ( -0.4090402426238310400, -0.7123297982602889700, 2.025000000000000400 ) ) ;
#6014 = CARTESIAN_POINT ( 'NONE',  ( 1.849999999999995900, 1.100000000000000100, 0.2300000000000005900 ) ) ;
#6015 = EDGE_CURVE ( 'NONE', #10551, #8340, #8382, .T. ) ;
#6016 = COLOUR_RGB ( '',0.6862745098039215700, 0.6078431372549019100, 0.5294117647058823600 ) ;
#6017 = DIRECTION ( 'NONE',  ( 0.0000000000000000000, 0.0000000000000000000, -1.000000000000000000 ) ) ;
#6018 = CARTESIAN_POINT ( 'NONE',  ( -0.9942307692307624800, -0.5555396497340959700, 2.030000000000000200 ) ) ;
#6019 = DIRECTION ( 'NONE',  ( -0.8422499766716471400, 0.5390871699424965000, 0.0000000000000000000 ) ) ;
#6020 = FACE_OUTER_BOUND ( 'NONE', #4336, .T. ) ;
#6021 = VERTEX_POINT ( 'NONE', #2359 ) ;
#6022 = CARTESIAN_POINT ( 'NONE',  ( 0.5820612980769306300, 0.5105160393684681200, 2.025000000000000400 ) ) ;
#6023 = VECTOR ( 'NONE', #9817, 1000.000000000000000 ) ;
#6024 = CARTESIAN_POINT ( 'NONE',  ( 0.05993589743590453700, 0.2300072252659039800, 2.025000000000000400 ) ) ;
#6025 = ADVANCED_FACE ( 'NONE', ( #1809 ), #8174, .T. ) ;
#6026 = LINE ( 'NONE', #9483, #5765 ) ;
#6027 = ADVANCED_FACE ( 'NONE', ( #7611 ), #7341, .F. ) ;
#6028 = UNCERTAINTY_MEASURE_WITH_UNIT (LENGTH_MEASURE( 1.000000000000000100E-005 ), #9871, 'distance_accuracy_value', 'NONE');
#6029 = LINE ( 'NONE', #1047, #10414 ) ;
#6030 = ORIENTED_EDGE ( 'NONE', *, *, #429, .T. ) ;
#6031 = FILL_AREA_STYLE_COLOUR ( '', #9320 ) ;
#6033 = CARTESIAN_POINT ( 'NONE',  ( 1.050641025641033500, -0.4437107234520447100, 2.025000000000000400 ) ) ;
#6032 = CARTESIAN_POINT ( 'NONE',  ( 0.8534699795124366400, -0.6704581422040727400, 2.029999999999999800 ) ) ;
#6034 = CARTESIAN_POINT ( 'NONE',  ( -1.003541364891767700, -0.5146487947636792000, 2.030000000000000200 ) ) ;
#6035 = EDGE_CURVE ( 'NONE', #9076, #3775, #2433, .T. ) ;
#6036 = MECHANICAL_DESIGN_GEOMETRIC_PRESENTATION_REPRESENTATION (  '', ( #4386 ), #6577 ) ;
#6037 =( LENGTH_UNIT ( ) NAMED_UNIT ( * ) SI_UNIT ( .MILLI., .METRE. ) );
#6038 = LINE ( 'NONE', #4330, #7967 ) ;
#6039 = CARTESIAN_POINT ( 'NONE',  ( 0.8881070946148390500, -0.5699415404030392400, 2.025000000000000400 ) ) ;
#6040 = CARTESIAN_POINT ( 'NONE',  ( -1.525252652248629200, -1.290252652248629900, 0.1200000000000000000 ) ) ;
#6041 = ORIENTED_EDGE ( 'NONE', *, *, #1575, .T. ) ;
#6042 = FILL_AREA_STYLE ('',( #5221 ) ) ;
#6043 = CARTESIAN_POINT ( 'NONE',  ( 0.8630382219267762600, -0.4967471507214961100, 2.025000000000000400 ) ) ;
#6044 = ORIENTED_EDGE ( 'NONE', *, *, #1108, .T. ) ;
#6045 = STYLED_ITEM ( 'NONE', ( #3989 ), #6117 ) ;
#6046 = CARTESIAN_POINT ( 'NONE',  ( 1.699999999999999700, 1.365380530190822200, 1.070000000000000100 ) ) ;
#6047 =( GEOMETRIC_REPRESENTATION_CONTEXT ( 3 ) GLOBAL_UNCERTAINTY_ASSIGNED_CONTEXT ( ( #4181 ) ) GLOBAL_UNIT_ASSIGNED_CONTEXT ( ( #3434, #9170, #4272 ) ) REPRESENTATION_CONTEXT ( 'NONE', 'WORKASPACE' ) );
#6048 = DIRECTION ( 'NONE',  ( 0.0000000000000000000, -0.0000000000000000000, 1.000000000000000000 ) ) ;
#6049 = B_SPLINE_CURVE_WITH_KNOTS ( 'NONE', 3,
 ( #949, #5894, #1782, #7544, #2616, #8377, #3449, #9193, #4288, #10022, #5114 ),
 .UNSPECIFIED., .F., .F.,
 ( 4, 1, 1, 1, 1, 1, 1, 1, 4 ),
 ( 0.0000000000000000000, 0.09027921465001573200, 0.1895299184469586800, 0.2991978724002879500, 0.4189258867738195900, 0.5483762854012482800, 0.6881363695386812900, 0.8390835016589204300, 1.000000000000000000 ),
 .UNSPECIFIED. ) ;
#6050 = CARTESIAN_POINT ( 'NONE',  ( 0.6612017048941403200, -0.3172001555877935200, 2.029999999999999400 ) ) ;
#6051 = PRESENTATION_STYLE_ASSIGNMENT (( #4799 ) ) ;
#6052 = CARTESIAN_POINT ( 'NONE',  ( -0.4914901007696421100, -0.6718028487101857000, 2.030000000000002000 ) ) ;
#6053 = PLANE ( 'NONE',  #297 ) ;
#6054 = PRESENTATION_LAYER_ASSIGNMENT (  '', '', ( #6213 ) ) ;
#6055 = CARTESIAN_POINT ( 'NONE',  ( -0.6698717948717882700, -0.5283261080674293000, 2.025000000000000400 ) ) ;
#6056 = ORIENTED_EDGE ( 'NONE', *, *, #8880, .F. ) ;
#6057 = VERTEX_POINT ( 'NONE', #4978 ) ;
#6058 = PRESENTATION_LAYER_ASSIGNMENT (  '', '', ( #4949 ) ) ;
#6059 = ORIENTED_EDGE ( 'NONE', *, *, #5145, .F. ) ;
#6060 = CARTESIAN_POINT ( 'NONE',  ( -0.3997760854170241400, -0.1585975535529898000, 2.030000000000000700 ) ) ;
#6061 = LINE ( 'NONE', #6868, #8241 ) ;
#6062 =( GEOMETRIC_REPRESENTATION_CONTEXT ( 3 ) GLOBAL_UNCERTAINTY_ASSIGNED_CONTEXT ( ( #5327 ) ) GLOBAL_UNIT_ASSIGNED_CONTEXT ( ( #2742, #8498, #3581 ) ) REPRESENTATION_CONTEXT ( 'NONE', 'WORKASPACE' ) );
#6063 = MECHANICAL_DESIGN_GEOMETRIC_PRESENTATION_REPRESENTATION (  '', ( #4410 ), #6601 ) ;
#6064 = CARTESIAN_POINT ( 'NONE',  ( 0.7067286111993439400, -0.7241106874819310800, 2.025000000000000800 ) ) ;
#6065 = SURFACE_STYLE_FILL_AREA ( #1182 ) ;
#6066 = SURFACE_STYLE_USAGE ( .BOTH. , #264 ) ;
#6067 = ADVANCED_FACE ( 'NONE', ( #8770 ), #3628, .T. ) ;
#6068 = DIRECTION ( 'NONE',  ( -0.0000000000000000000, -0.0000000000000000000, -1.000000000000000000 ) ) ;
#6069 = COLOUR_RGB ( '',0.7294117647058823200, 0.3568627450980392200, 0.02352941176470588200 ) ;
#6070 = EDGE_CURVE ( 'NONE', #8254, #671, #1663, .T. ) ;
#6071 = SURFACE_STYLE_USAGE ( .BOTH. , #267 ) ;
#6072 = CARTESIAN_POINT ( 'NONE',  ( -1.134850140788889100, -0.6550726554326256100, 2.024999999999999900 ) ) ;
#6074 = CARTESIAN_POINT ( 'NONE',  ( -1.579042694980141300, 1.344042694980132100, 0.8348230017888589300 ) ) ;
#6073 = CARTESIAN_POINT ( 'NONE',  ( 0.7628158253343096900, -0.7232619609193498000, 2.024999999999999000 ) ) ;
#6075 = EDGE_LOOP ( 'NONE', ( #5661, #5103, #3035, #4532 ) ) ;
#6076 = SURFACE_STYLE_FILL_AREA ( #4804 ) ;
#6077 = CARTESIAN_POINT ( 'NONE',  ( -0.2375906165784646400, -0.1550010959229504400, 2.025000000000000400 ) ) ;
#6078 = AXIS2_PLACEMENT_3D ( 'NONE', #4380, #10134, #5208 ) ;
#6079 = PLANE ( 'NONE',  #1619 ) ;
#6080 = CARTESIAN_POINT ( 'NONE',  ( -1.138698854732272900, -0.4515271816518685000, 2.024999999999999900 ) ) ;
#6081 = ORIENTED_EDGE ( 'NONE', *, *, #9959, .T. ) ;
#6082 = ORIENTED_EDGE ( 'NONE', *, *, #8710, .T. ) ;
#6083 = EDGE_LOOP ( 'NONE', ( #2247, #1731, #5819, #457 ) ) ;
#6084 =( NAMED_UNIT ( * ) SI_UNIT ( $, .STERADIAN. ) SOLID_ANGLE_UNIT ( ) );
#6085 = AXIS2_PLACEMENT_3D ( 'NONE', #7899, #2978, #8724 ) ;
#6086 = CARTESIAN_POINT ( 'NONE',  ( -1.750000000000005300, -1.100000000000000100, 1.020999999999999500 ) ) ;
#6087 = CARTESIAN_POINT ( 'NONE',  ( -0.1295603806896308300, -0.6697346009496726300, 2.024999999999999500 ) ) ;
#6088 = ADVANCED_FACE ( 'NONE', ( #1404 ), #4192, .T. ) ;
#6089 = ADVANCED_FACE ( 'NONE', ( #5034 ), #6667, .T. ) ;
#6090 = LINE ( 'NONE', #5125, #1685 ) ;
#6091 = DIRECTION ( 'NONE',  ( 0.5389504199129375700, -0.8423374887037073900, 0.0000000000000000000 ) ) ;
#6092 = DIRECTION ( 'NONE',  ( -1.000000000000000000, 0.0000000000000000000, 0.0000000000000000000 ) ) ;
#6093 =( NAMED_UNIT ( * ) SI_UNIT ( $, .STERADIAN. ) SOLID_ANGLE_UNIT ( ) );
#6094 = UNCERTAINTY_MEASURE_WITH_UNIT (LENGTH_MEASURE( 1.000000000000000100E-005 ), #7487, 'distance_accuracy_value', 'NONE');
#6095 = DIRECTION ( 'NONE',  ( -4.336808689942018500E-015, -0.0000000000000000000, 1.000000000000000000 ) ) ;
#6096 = PLANE ( 'NONE',  #4766 ) ;
#6097 = CARTESIAN_POINT ( 'NONE',  ( 1.650000000000004800, 1.100000000000000100, 0.2000000000000078700 ) ) ;
#6098 = ORIENTED_EDGE ( 'NONE', *, *, #4057, .T. ) ;
#6099 = CARTESIAN_POINT ( 'NONE',  ( 0.6396212012655524400, -0.6981964617372354900, 2.029999999999999400 ) ) ;
#6100 = EDGE_CURVE ( 'NONE', #1897, #3888, #3524, .T. ) ;
#6101 = EDGE_CURVE ( 'NONE', #10674, #8915, #8370, .T. ) ;
#6102 = FILL_AREA_STYLE_COLOUR ( '', #8591 ) ;
#6104 =( LENGTH_UNIT ( ) NAMED_UNIT ( * ) SI_UNIT ( .MILLI., .METRE. ) );
#6103 = FILL_AREA_STYLE_COLOUR ( '', #6830 ) ;
#6105 = CARTESIAN_POINT ( 'NONE',  ( -0.4090402426238310400, -0.7123297982602889700, 2.030000000000000200 ) ) ;
#6106 = VERTEX_POINT ( 'NONE', #6703 ) ;
#6107 = VERTEX_POINT ( 'NONE', #190 ) ;
#6108 =( GEOMETRIC_REPRESENTATION_CONTEXT ( 3 ) GLOBAL_UNCERTAINTY_ASSIGNED_CONTEXT ( ( #123 ) ) GLOBAL_UNIT_ASSIGNED_CONTEXT ( ( #1449, #7228, #2284 ) ) REPRESENTATION_CONTEXT ( 'NONE', 'WORKASPACE' ) );
#6109 =( GEOMETRIC_REPRESENTATION_CONTEXT ( 3 ) GLOBAL_UNCERTAINTY_ASSIGNED_CONTEXT ( ( #1937 ) ) GLOBAL_UNIT_ASSIGNED_CONTEXT ( ( #5961, #1013, #6780 ) ) REPRESENTATION_CONTEXT ( 'NONE', 'WORKASPACE' ) );
#6110 = CARTESIAN_POINT ( 'NONE',  ( -0.1424026947425363300, -0.1943221645218208800, 2.030000000000000700 ) ) ;
#6111 = UNCERTAINTY_MEASURE_WITH_UNIT (LENGTH_MEASURE( 1.000000000000000100E-005 ), #1454, 'distance_accuracy_value', 'NONE');
#6112 = CARTESIAN_POINT ( 'NONE',  ( -0.9871794871794802300, -0.2979475022981985000, 2.030000000000000200 ) ) ;
#6113 = EDGE_CURVE ( 'NONE', #4774, #1482, #10562, .T. ) ;
#6114 = VECTOR ( 'NONE', #5731, 1000.000000000000000 ) ;
#6115 = ORIENTED_EDGE ( 'NONE', *, *, #7399, .F. ) ;
#6116 = CARTESIAN_POINT ( 'NONE',  ( -0.1798076923076852000, 0.7800072252659040500, 2.025000000000000400 ) ) ;
#6117 = ADVANCED_FACE ( 'NONE', ( #2060 ), #7634, .T. ) ;
#6118 = CARTESIAN_POINT ( 'NONE',  ( 1.050641025641033500, -0.6552491849905062200, 2.030000000000000200 ) ) ;
#6119 = EDGE_LOOP ( 'NONE', ( #9359, #142, #3011, #879 ) ) ;
#6120 = AXIS2_PLACEMENT_3D ( 'NONE', #3771, #9515, #4589 ) ;
#6121 = CARTESIAN_POINT ( 'NONE',  ( -0.5999999999999997600, 1.149999999999999900, 0.02000000000000000000 ) ) ;
#6122 =( LENGTH_UNIT ( ) NAMED_UNIT ( * ) SI_UNIT ( .MILLI., .METRE. ) );
#6123 = DIRECTION ( 'NONE',  ( -0.0000000000000000000, -0.0000000000000000000, 1.000000000000000000 ) ) ;
#6124 = VERTEX_POINT ( 'NONE', #5985 ) ;
#6125 = CARTESIAN_POINT ( 'NONE',  ( 1.700000000000005100, -1.464999999999994100, 2.030000000000000200 ) ) ;
#6126 = EDGE_CURVE ( 'NONE', #6511, #1546, #1015, .T. ) ;
#6127 = VERTEX_POINT ( 'NONE', #2746 ) ;
#6128 = CARTESIAN_POINT ( 'NONE',  ( 0.5726243662000800600, -0.6209934442649710500, 2.025000000000001200 ) ) ;
#6129 = PRESENTATION_STYLE_ASSIGNMENT (( #21 ) ) ;
#6130 = CARTESIAN_POINT ( 'NONE',  ( -0.3190747886142922300, -0.2040306135314298200, 2.030000000000000700 ) ) ;
#6131 = LINE ( 'NONE', #10670, #955 ) ;
#6132 = LINE ( 'NONE', #4874, #3942 ) ;
#6133 = ADVANCED_FACE ( 'NONE', ( #5420 ), #4407, .T. ) ;
#6134 = VECTOR ( 'NONE', #5714, 1000.000000000000000 ) ;
#6135 =( NAMED_UNIT ( * ) PLANE_ANGLE_UNIT ( ) SI_UNIT ( $, .RADIAN. ) );
#6136 = ORIENTED_EDGE ( 'NONE', *, *, #8380, .T. ) ;
#6137 = DIRECTION ( 'NONE',  ( 0.0000000000000000000, -1.000000000000000000, 0.0000000000000000000 ) ) ;
#6138 = AXIS2_PLACEMENT_3D ( 'NONE', #2869, #4569, #10329 ) ;
#6140 =( LENGTH_UNIT ( ) NAMED_UNIT ( * ) SI_UNIT ( .MILLI., .METRE. ) );
#6139 = FILL_AREA_STYLE_COLOUR ( '', #5300 ) ;
#6141 = CARTESIAN_POINT ( 'NONE',  ( -0.5570512820512751900, -0.4372103228110190100, 2.030000000000000700 ) ) ;
#6142 = VECTOR ( 'NONE', #6210, 1000.000000000000000 ) ;
#6143 = AXIS2_PLACEMENT_3D ( 'NONE', #1785, #5118, #10074 ) ;
#6144 = VECTOR ( 'NONE', #145, 1000.000000000000100 ) ;
#6145 = CARTESIAN_POINT ( 'NONE',  ( -0.07051282051281362900, -0.2625809157597369700, 2.025000000000000400 ) ) ;
#6146 = COLOUR_RGB ( '',1.000000000000000000, 0.7176470588235294200, 0.2470588235294117800 ) ;
#6147 = CARTESIAN_POINT ( 'NONE',  ( -0.4900641025640953800, 0.7800072252659040500, 2.030000000000000200 ) ) ;
#6148 = ORIENTED_EDGE ( 'NONE', *, *, #6881, .F. ) ;
#6149 = CARTESIAN_POINT ( 'NONE',  ( -0.6205128205128133100, 0.4062892765479552700, 2.025000000000000400 ) ) ;
#6150 = CARTESIAN_POINT ( 'NONE',  ( 1.700000000000005100, -1.464999999999994100, 1.070000000000000100 ) ) ;
#6151 = PRESENTATION_STYLE_ASSIGNMENT (( #7325 ) ) ;
#6152 = CARTESIAN_POINT ( 'NONE',  ( -0.9475556046877503500, -0.5869912087707538400, 2.029999999999999800 ) ) ;
#6153 = VECTOR ( 'NONE', #6208, 999.9999999999998900 ) ;
#6154 = ORIENTED_EDGE ( 'NONE', *, *, #9217, .F. ) ;
#6155 = CARTESIAN_POINT ( 'NONE',  ( -0.3104767628205059000, -0.1475568772981984700, 2.025000000000000400 ) ) ;
#6156 = CARTESIAN_POINT ( 'NONE',  ( -1.036783343549889000, -0.2898984176969817700, 2.030000000000000700 ) ) ;
#6157 = EDGE_LOOP ( 'NONE', ( #1146, #6584, #4126, #10112 ) ) ;
#6158 = CARTESIAN_POINT ( 'NONE',  ( -0.4230719226436790400, -0.2277910389486727800, 2.025000000000000800 ) ) ;
#6159 = ADVANCED_FACE ( 'NONE', ( #4385 ), #10169, .T. ) ;
#6160 = PRESENTATION_LAYER_ASSIGNMENT (  '', '', ( #5069 ) ) ;
#6161 = FILL_AREA_STYLE ('',( #4550 ) ) ;
#6162 = CARTESIAN_POINT ( 'NONE',  ( -1.086920792443447400, -0.4567194643799291100, 2.025000000000000800 ) ) ;
#6163 = DIRECTION ( 'NONE',  ( 1.000000000000000000, 6.377659838150006500E-017, -0.0000000000000000000 ) ) ;
#6165 = DIRECTION ( 'NONE',  ( 0.0000000000000000000, -1.000000000000000000, 0.0000000000000000000 ) ) ;
#6164 = PLANE ( 'NONE',  #6672 ) ;
#6166 = DIRECTION ( 'NONE',  ( -0.0000000000000000000, -0.0000000000000000000, 1.000000000000000000 ) ) ;
#6167 = CARTESIAN_POINT ( 'NONE',  ( -0.5178177552736246100, -0.5679716038332931500, 2.025000000000000800 ) ) ;
#6168 = EDGE_CURVE ( 'NONE', #8240, #5831, #6537, .T. ) ;
#6169 = ORIENTED_EDGE ( 'NONE', *, *, #1419, .T. ) ;
#6170 = ORIENTED_EDGE ( 'NONE', *, *, #6492, .F. ) ;
#6171 = VERTEX_POINT ( 'NONE', #8739 ) ;
#6172 = ORIENTED_EDGE ( 'NONE', *, *, #5202, .T. ) ;
#6173 = ORIENTED_EDGE ( 'NONE', *, *, #6260, .T. ) ;
#6174 = CARTESIAN_POINT ( 'NONE',  ( 1.050641025641033500, -0.2180696978110190400, 2.030000000000000200 ) ) ;
#6175 = VECTOR ( 'NONE', #6439, 1000.000000000000000 ) ;
#6176 = FACE_BOUND ( 'NONE', #7524, .T. ) ;
#6177 = CARTESIAN_POINT ( 'NONE',  ( -1.700000000000005300, 0.3749999999999990600, 0.4590000000000000700 ) ) ;
#6178 = B_SPLINE_CURVE_WITH_KNOTS ( 'NONE', 3,
 ( #1052, #1901, #8488, #3572, #9312, #4394, #10145, #5222, #251, #6043, #1089, #6866, #1946, #7694, #2767 ),
 .UNSPECIFIED., .F., .F.,
 ( 4, 1, 1, 1, 1, 1, 1, 1, 1, 1, 1, 1, 4 ),
 ( 0.0000000000000000000, 0.09697231038151599100, 0.1877734389628681300, 0.2723961390136933100, 0.3513209973752888200, 0.4243347744514670600, 0.4919087840005268400, 0.5542332197968002900, 0.6112676582441548500, 0.7163478449915535700, 0.8145400858216157400, 0.9084954561491858100, 1.000000000000000000 ),
 .UNSPECIFIED. ) ;
#6179 = PRESENTATION_STYLE_ASSIGNMENT (( #8973 ) ) ;
#6180 = CARTESIAN_POINT ( 'NONE',  ( 0.2926282051282122500, 0.7800072252659040500, 2.030000000000000200 ) ) ;
#6181 =( NAMED_UNIT ( * ) PLANE_ANGLE_UNIT ( ) SI_UNIT ( $, .RADIAN. ) );
#6182 = DIRECTION ( 'NONE',  ( 0.0000000000000000000, -0.0000000000000000000, 1.000000000000000000 ) ) ;
#6183 = SURFACE_STYLE_FILL_AREA ( #2709 ) ;
#6184 = CARTESIAN_POINT ( 'NONE',  ( 0.6528436007646951600, -0.2998489218627832800, 2.025000000000000400 ) ) ;
#6185 = ORIENTED_EDGE ( 'NONE', *, *, #6504, .F. ) ;
#6186 = ORIENTED_EDGE ( 'NONE', *, *, #2913, .F. ) ;
#6187 = LINE ( 'NONE', #6722, #1522 ) ;
#6188 = VERTEX_POINT ( 'NONE', #2993 ) ;
#6189 = CARTESIAN_POINT ( 'NONE',  ( -0.5477338642595748200, -0.5070744953828809600, 2.030000000000000200 ) ) ;
#6190 = CARTESIAN_POINT ( 'NONE',  ( 0.5995881753796787900, -0.2870455097396136800, 2.025000000000000400 ) ) ;
#6191 = STYLED_ITEM ( 'NONE', ( #6129 ), #10130 ) ;
#6192 = CARTESIAN_POINT ( 'NONE',  ( -1.699999999999994600, -1.465000000000006300, 1.169999999999999900 ) ) ;
#6194 = CARTESIAN_POINT ( 'NONE',  ( -0.2550433882045030100, -0.2093093282119085400, 2.030000000000000200 ) ) ;
#6193 = SURFACE_STYLE_FILL_AREA ( #9820 ) ;
#6195 = CARTESIAN_POINT ( 'NONE',  ( 0.8117487211414535800, -0.5123925385027337000, 2.030000000000000200 ) ) ;
#6196 = AXIS2_PLACEMENT_3D ( 'NONE', #9671, #4760, #10516 ) ;
#6197 =( GEOMETRIC_REPRESENTATION_CONTEXT ( 3 ) GLOBAL_UNCERTAINTY_ASSIGNED_CONTEXT ( ( #945 ) ) GLOBAL_UNIT_ASSIGNED_CONTEXT ( ( #7369, #2430, #8206 ) ) REPRESENTATION_CONTEXT ( 'NONE', 'WORKASPACE' ) );
#6198 = CARTESIAN_POINT ( 'NONE',  ( -1.100647893430981100, -0.2232186020063794700, 2.030000000000001100 ) ) ;
#6199 = CIRCLE ( 'NONE', #97, 0.04900000000000000200 ) ;
#6200 = VERTEX_POINT ( 'NONE', #3815 ) ;
#6201 = CARTESIAN_POINT ( 'NONE',  ( -0.4987699980600194300, -0.2823685163575787600, 2.030000000000000700 ) ) ;
#6202 = SURFACE_STYLE_USAGE ( .BOTH. , #406 ) ;
#6203 = CARTESIAN_POINT ( 'NONE',  ( -1.153655227668584700, -0.4511979954755135900, 2.030000000000000700 ) ) ;
#6204 =( NAMED_UNIT ( * ) PLANE_ANGLE_UNIT ( ) SI_UNIT ( $, .RADIAN. ) );
#6205 = DIRECTION ( 'NONE',  ( 1.000000000000000000, -3.614007241618343600E-015, 0.0000000000000000000 ) ) ;
#6206 = CARTESIAN_POINT ( 'NONE',  ( -0.4077854463283254700, -0.6531453342414788000, 2.030000000000000200 ) ) ;
#6207 = ORIENTED_EDGE ( 'NONE', *, *, #8153, .F. ) ;
#6208 = DIRECTION ( 'NONE',  ( 0.3895636164541940700, -0.9209995595737978700, 0.0000000000000000000 ) ) ;
#6209 = STYLED_ITEM ( 'NONE', ( #10484 ), #5119 ) ;
#6210 = DIRECTION ( 'NONE',  ( -2.220209226932773700E-016, 1.000000000000000000, 0.0000000000000000000 ) ) ;
#6211 = CARTESIAN_POINT ( 'NONE',  ( 0.8771666652195762000, -0.6332217182255807100, 2.030000000000001600 ) ) ;
#6212 = CARTESIAN_POINT ( 'NONE',  ( -1.750000000000005300, 1.100000000000000100, 1.020999999999999500 ) ) ;
#6213 = STYLED_ITEM ( 'NONE', ( #4607 ), #9560 ) ;
#6214 = DIRECTION ( 'NONE',  ( 1.000000000000000000, 0.0000000000000000000, 0.0000000000000000000 ) ) ;
#6215 = ADVANCED_FACE ( 'NONE', ( #3612 ), #7881, .F. ) ;
#6216 = EDGE_CURVE ( 'NONE', #6701, #4314, #592, .T. ) ;
#6217 = UNCERTAINTY_MEASURE_WITH_UNIT (LENGTH_MEASURE( 1.000000000000000100E-005 ), #7268, 'distance_accuracy_value', 'NONE');
#6218 =( NAMED_UNIT ( * ) PLANE_ANGLE_UNIT ( ) SI_UNIT ( $, .RADIAN. ) );
#6219 = VERTEX_POINT ( 'NONE', #4679 ) ;
#6220 = FACE_OUTER_BOUND ( 'NONE', #2255, .T. ) ;
#6221 = EDGE_LOOP ( 'NONE', ( #1312, #10473, #2052, #7782 ) ) ;
#6222 = B_SPLINE_SURFACE_WITH_KNOTS ( 'NONE', 3, 1, ( 
 ( #3728, #2932 ),
 ( #8689, #3769 ),
 ( #9512, #4586 ),
 ( #10344, #5425 ),
 ( #443, #6234 ),
 ( #1296, #7057 ),
 ( #2127, #7898 ),
 ( #2976, #8723 ),
 ( #3800, #9547 ),
 ( #4627, #10384 ),
 ( #5451, #482 ) ),
 .UNSPECIFIED., .F., .F., .F.,
 ( 4, 1, 1, 1, 1, 1, 1, 1, 4 ),
 ( 2, 2 ),
 ( 0.0000000000000000000, 0.1305691070873102300, 0.2565806086940826700, 0.3805516168036838800, 0.5036229172007084000, 0.6257393231697876400, 0.7475485819596263700, 0.8717661185648722900, 1.000000000000000000 ),
 ( 0.0000000000000000000, 1.000000000000000000 ),
 .UNSPECIFIED. ) ;
#6223 = CARTESIAN_POINT ( 'NONE',  ( 0.8352809088747656900, -0.1871984828151129800, 2.029999999999999800 ) ) ;
#6224 = CARTESIAN_POINT ( 'NONE',  ( 1.750000000000000900, 0.9499999999999995100, 1.021000000000008100 ) ) ;
#6225 = CARTESIAN_POINT ( 'NONE',  ( 0.7260035418983460400, -0.4386213640089113300, 2.025000000000000400 ) ) ;
#6226 = SURFACE_SIDE_STYLE ('',( #1124 ) ) ;
#6227 = LINE ( 'NONE', #10650, #1852 ) ;
#6228 = EDGE_LOOP ( 'NONE', ( #5213, #4376, #1377, #380, #9133, #10506, #3422, #5557, #2399, #1352 ) ) ;
#6229 = CARTESIAN_POINT ( 'NONE',  ( 1.700000000000000400, -1.365380530190821300, 1.070000000000000100 ) ) ;
#6230 = EDGE_CURVE ( 'NONE', #6277, #9969, #6944, .T. ) ;
#6231 = CARTESIAN_POINT ( 'NONE',  ( -0.5493914832177935200, -0.3748310668515259000, 2.025000000000000400 ) ) ;
#6232 = MECHANICAL_DESIGN_GEOMETRIC_PRESENTATION_REPRESENTATION (  '', ( #5146 ), #6783 ) ;
#6233 = LINE ( 'NONE', #2345, #5983 ) ;
#6234 = CARTESIAN_POINT ( 'NONE',  ( -0.9959708323087680400, -0.3500330995683358900, 2.029999999999999400 ) ) ;
#6235 =( LENGTH_UNIT ( ) NAMED_UNIT ( * ) SI_UNIT ( .MILLI., .METRE. ) );
#6236 = VERTEX_POINT ( 'NONE', #528 ) ;
#6237 = UNCERTAINTY_MEASURE_WITH_UNIT (LENGTH_MEASURE( 1.000000000000000100E-005 ), #6773, 'distance_accuracy_value', 'NONE');
#6238 = CARTESIAN_POINT ( 'NONE',  ( 1.750000000000002900, 1.099999999999999600, 0.2300000000000005900 ) ) ;
#6240 = SURFACE_STYLE_USAGE ( .BOTH. , #447 ) ;
#6239 =( LENGTH_UNIT ( ) NAMED_UNIT ( * ) SI_UNIT ( .MILLI., .METRE. ) );
#6241 = VECTOR ( 'NONE', #6268, 1000.000000000000000 ) ;
#6242 =( GEOMETRIC_REPRESENTATION_CONTEXT ( 3 ) GLOBAL_UNCERTAINTY_ASSIGNED_CONTEXT ( ( #441 ) ) GLOBAL_UNIT_ASSIGNED_CONTEXT ( ( #5768, #805, #6591 ) ) REPRESENTATION_CONTEXT ( 'NONE', 'WORKASPACE' ) );
#6243 = PRESENTATION_LAYER_ASSIGNMENT (  '', '', ( #5156 ) ) ;
#6244 = CARTESIAN_POINT ( 'NONE',  ( -1.654929309816589400, 1.419929309816579100, 2.030000000000000200 ) ) ;
#6245 = FILL_AREA_STYLE_COLOUR ( '', #3702 ) ;
#6246 = CARTESIAN_POINT ( 'NONE',  ( 0.7313501602564177500, -0.7257620055033268100, 2.030000000000000200 ) ) ;
#6247 = ORIENTED_EDGE ( 'NONE', *, *, #2279, .F. ) ;
#6248 = COLOUR_RGB ( '',0.7294117647058823200, 0.3568627450980392200, 0.02352941176470588200 ) ;
#6249 = CARTESIAN_POINT ( 'NONE',  ( -0.1430112943142451400, -0.2648294488612268900, 2.025000000000001200 ) ) ;
#6250 = CARTESIAN_POINT ( 'NONE',  ( -1.021017629323930800, -0.6197690121933570100, 2.024999999999999900 ) ) ;
#6251 = CARTESIAN_POINT ( 'NONE',  ( 0.6819878058418400400, -0.1568370175009891100, 2.029999999999999800 ) ) ;
#6252 =( NAMED_UNIT ( * ) SI_UNIT ( $, .STERADIAN. ) SOLID_ANGLE_UNIT ( ) );
#6253 = STYLED_ITEM ( 'NONE', ( #3262 ), #1845 ) ;
#6254 = ORIENTED_EDGE ( 'NONE', *, *, #2104, .F. ) ;
#6255 = AXIS2_PLACEMENT_3D ( 'NONE', #382, #2076, #5399 ) ;
#6256 = ORIENTED_EDGE ( 'NONE', *, *, #5441, .T. ) ;
#6257 = AXIS2_PLACEMENT_3D ( 'NONE', #4120, #9860, #4940 ) ;
#6258 =( NAMED_UNIT ( * ) PLANE_ANGLE_UNIT ( ) SI_UNIT ( $, .RADIAN. ) );
#6259 = LINE ( 'NONE', #10374, #1884 ) ;
#6260 = EDGE_CURVE ( 'NONE', #6910, #6547, #2827, .T. ) ;
#6261 = ORIENTED_EDGE ( 'NONE', *, *, #7637, .F. ) ;
#6262 = LINE ( 'NONE', #4588, #1892 ) ;
#6263 =( NAMED_UNIT ( * ) SI_UNIT ( $, .STERADIAN. ) SOLID_ANGLE_UNIT ( ) );
#6264 = ADVANCED_FACE ( 'NONE', ( #2561 ), #3886, .T. ) ;
#6265 = VECTOR ( 'NONE', #6616, 1000.000000000000000 ) ;
#6266 = CARTESIAN_POINT ( 'NONE',  ( -1.700000000000005300, -0.4750000000000002600, 1.170000000000000200 ) ) ;
#6267 = CARTESIAN_POINT ( 'NONE',  ( 0.7271960349308357300, -0.7256816769665905800, 2.025000000000000400 ) ) ;
#6268 = DIRECTION ( 'NONE',  ( -0.0000000000000000000, -0.0000000000000000000, 1.000000000000000000 ) ) ;
#6269 = CARTESIAN_POINT ( 'NONE',  ( 0.6164083501627388700, -0.2105651085090105000, 2.024999999999999900 ) ) ;
#6270 = ORIENTED_EDGE ( 'NONE', *, *, #508, .T. ) ;
#6271 = FACE_OUTER_BOUND ( 'NONE', #1468, .T. ) ;
#6272 =( GEOMETRIC_REPRESENTATION_CONTEXT ( 3 ) GLOBAL_UNCERTAINTY_ASSIGNED_CONTEXT ( ( #4602 ) ) GLOBAL_UNIT_ASSIGNED_CONTEXT ( ( #1113, #6890, #1966 ) ) REPRESENTATION_CONTEXT ( 'NONE', 'WORKASPACE' ) );
#6273 = LINE ( 'NONE', #10319, #10413 ) ;
#6274 = SURFACE_STYLE_FILL_AREA ( #505 ) ;
#6275 = CARTESIAN_POINT ( 'NONE',  ( 1.311538461538469500, -0.3873004670417882800, 2.025000000000000400 ) ) ;
#6276 = CARTESIAN_POINT ( 'NONE',  ( 1.311538461538469500, -0.3873004670417882800, 2.025000000000000400 ) ) ;
#6277 = VERTEX_POINT ( 'NONE', #9586 ) ;
#6278 = SURFACE_STYLE_FILL_AREA ( #10239 ) ;
#6279 = CARTESIAN_POINT ( 'NONE',  ( -0.3135616987179418200, -0.2039671337084549000, 2.025000000000000400 ) ) ;
#6280 = CARTESIAN_POINT ( 'NONE',  ( -0.2551294851838626900, -0.1516828563808906000, 2.025000000000000400 ) ) ;
#6281 =( LENGTH_UNIT ( ) NAMED_UNIT ( * ) SI_UNIT ( .MILLI., .METRE. ) );
#6282 = CARTESIAN_POINT ( 'NONE',  ( -1.149579326923070100, -0.6552491849905062200, 2.030000000000000200 ) ) ;
#6283 = LINE ( 'NONE', #3431, #1916 ) ;
#6284 = B_SPLINE_SURFACE_WITH_KNOTS ( 'NONE', 3, 1, ( 
 ( #1996, #5319 ),
 ( #336, #6130 ),
 ( #1178, #6954 ),
 ( #2026, #7785 ),
 ( #2853, #8610 ),
 ( #3690, #9439 ),
 ( #4518, #10269 ),
 ( #5350, #369 ),
 ( #6158, #1218 ),
 ( #6983, #2059 ),
 ( #7816, #2891 ),
 ( #8651, #3727 ),
 ( #9474, #4547 ),
 ( #10309, #5384 ),
 ( #403, #6201 ),
 ( #1255, #7016 ),
 ( #2093, #7860 ),
 ( #2927, #8687 ),
 ( #3767, #9510 ),
 ( #4583, #10343 ),
 ( #5419, #439 ),
 ( #6231, #1294 ),
 ( #7054, #2125 ),
 ( #7895, #2972 ),
 ( #8718, #3796 ),
 ( #9545, #4626 ),
 ( #10379, #5449 ) ),
 .UNSPECIFIED., .F., .F., .F.,
 ( 4, 1, 1, 1, 1, 1, 1, 1, 1, 1, 1, 1, 1, 1, 1, 1, 1, 1, 1, 1, 1, 1, 1, 1, 4 ),
 ( 2, 2 ),
 ( 0.0000000000000000000, 0.04395490890619435700, 0.08750187479760464200, 0.1304626267314904500, 0.1727520205665173700, 0.2154030673796032400, 0.2576498297432394700, 0.3001527489572938200, 0.3431214895020866500, 0.3859251632064335000, 0.4276857274028016400, 0.4688179504865897000, 0.5094918001549957300, 0.5498830310733489000, 0.5899800229668862300, 0.6304052300068399000, 0.6708686260826385300, 0.7113839438381757100, 0.7516272580635842100, 0.7917755768651915100, 0.8324589188037423400, 0.8733190450172880800, 0.9145429556263492400, 0.9569235582098847300, 1.000000000000000000 ),
 ( 0.0000000000000000000, 1.000000000000000000 ),
 .UNSPECIFIED. ) ;
#6285 = VERTEX_POINT ( 'NONE', #3917 ) ;
#6286 = VECTOR ( 'NONE', #6643, 1000.000000000000000 ) ;
#6287 = VERTEX_POINT ( 'NONE', #9661 ) ;
#6288 = EDGE_CURVE ( 'NONE', #5122, #4883, #1783, .T. ) ;
#6289 = SURFACE_SIDE_STYLE ('',( #6274 ) ) ;
#6290 = CARTESIAN_POINT ( 'NONE',  ( 0.8360868107730006200, -0.5999213914276196900, 2.025000000000000800 ) ) ;
#6291 = EDGE_CURVE ( 'NONE', #10300, #5931, #10295, .T. ) ;
#6292 = DIRECTION ( 'NONE',  ( -2.168404344971003200E-014, 0.0000000000000000000, -1.000000000000000000 ) ) ;
#6293 = FACE_OUTER_BOUND ( 'NONE', #7810, .T. ) ;
#6294 = CARTESIAN_POINT ( 'NONE',  ( -0.1167828483900338700, -0.2919620051159438300, 2.029999999999999800 ) ) ;
#6295 = SURFACE_SIDE_STYLE ('',( #5304 ) ) ;
#6296 = FILL_AREA_STYLE ('',( #1321 ) ) ;
#6297 = EDGE_LOOP ( 'NONE', ( #1304, #7602, #7014, #4958 ) ) ;
#6298 = ORIENTED_EDGE ( 'NONE', *, *, #706, .F. ) ;
#6299 = CARTESIAN_POINT ( 'NONE',  ( 0.5535256410256486100, 0.5550272573171861600, 2.025000000000000400 ) ) ;
#6300 = ORIENTED_EDGE ( 'NONE', *, *, #5127, .F. ) ;
#6301 = CARTESIAN_POINT ( 'NONE',  ( 0.6096347568611092400, -0.6720515445097514600, 2.025000000000000400 ) ) ;
#6302 = CYLINDRICAL_SURFACE ( 'NONE', #3440, 0.1399999999999999300 ) ;
#6303 = CARTESIAN_POINT ( 'NONE',  ( 0.6989578049471821800, -0.1513431491900542300, 2.029999999999999400 ) ) ;
#6304 =( LENGTH_UNIT ( ) NAMED_UNIT ( * ) SI_UNIT ( .MILLI., .METRE. ) );
#6305 = EDGE_CURVE ( 'NONE', #1036, #628, #8091, .T. ) ;
#6306 = VECTOR ( 'NONE', #2124, 1000.000000000000000 ) ;
#6307 = CARTESIAN_POINT ( 'NONE',  ( 0.7372077485097441300, -0.4466941957376555600, 2.024999999999999900 ) ) ;
#6308 = CARTESIAN_POINT ( 'NONE',  ( -1.156666023940447400, -0.1616870593210397400, 2.029999999999999800 ) ) ;
#6309 = CARTESIAN_POINT ( 'NONE',  ( 0.6228850827454107700, -0.3500423181488739300, 2.029999999999999800 ) ) ;
#6310 = EDGE_LOOP ( 'NONE', ( #2581, #7146, #4713, #249 ) ) ;
#6311 = CARTESIAN_POINT ( 'NONE',  ( -0.4880572633215876600, -0.2715819225685658900, 2.025000000000000400 ) ) ;
#6312 = CARTESIAN_POINT ( 'NONE',  ( -0.07388123232791990500, -0.2581369193324452000, 2.025000000000000400 ) ) ;
#6313 = MECHANICAL_DESIGN_GEOMETRIC_PRESENTATION_REPRESENTATION (  '', ( #3579 ), #6874 ) ;
#6314 = VECTOR ( 'NONE', #493, 1000.000000000000000 ) ;
#6315 = CARTESIAN_POINT ( 'NONE',  ( 0.6975260416666743100, 0.7800072252659041600, 2.025000000000000400 ) ) ;
#6316 = DIRECTION ( 'NONE',  ( 0.9080590238365493500, 0.4188422247446083600, 0.0000000000000000000 ) ) ;
#6317 = EDGE_CURVE ( 'NONE', #3475, #7617, #773, .T. ) ;
#6318 = ORIENTED_EDGE ( 'NONE', *, *, #5220, .T. ) ;
#6319 = VERTEX_POINT ( 'NONE', #3975 ) ;
#6320 = MECHANICAL_DESIGN_GEOMETRIC_PRESENTATION_REPRESENTATION (  '', ( #4683 ), #6886 ) ;
#6321 = CARTESIAN_POINT ( 'NONE',  ( -1.001924899688432700, -0.4388825891932825500, 2.025000000000000400 ) ) ;
#6322 = CARTESIAN_POINT ( 'NONE',  ( 1.699999999999999700, 1.365380530190822200, 1.070000000000000100 ) ) ;
#6323 = CARTESIAN_POINT ( 'NONE',  ( 1.050641025641033500, -0.2180696978110190400, 2.025000000000000400 ) ) ;
#6324 =( GEOMETRIC_REPRESENTATION_CONTEXT ( 3 ) GLOBAL_UNCERTAINTY_ASSIGNED_CONTEXT ( ( #4845 ) ) GLOBAL_UNIT_ASSIGNED_CONTEXT ( ( #2626, #8386, #3458 ) ) REPRESENTATION_CONTEXT ( 'NONE', 'WORKASPACE' ) );
#6325 = CARTESIAN_POINT ( 'NONE',  ( -0.1886985504618153000, -0.2333698438792229700, 2.025000000000001200 ) ) ;
#6326 = STYLED_ITEM ( 'NONE', ( #3518 ), #2061 ) ;
#6327 = PLANE ( 'NONE',  #4752 ) ;
#6328 = CARTESIAN_POINT ( 'NONE',  ( 0.7293669871794945500, -0.2039671337084549000, 2.025000000000000400 ) ) ;
#6329 = PRESENTATION_LAYER_ASSIGNMENT (  '', '', ( #5254 ) ) ;
#6330 = DIRECTION ( 'NONE',  ( -0.0000000000000000000, -1.000000000000000000, -0.0000000000000000000 ) ) ;
#6331 = SURFACE_SIDE_STYLE ('',( #4078 ) ) ;
#6332 = DIRECTION ( 'NONE',  ( 0.0000000000000000000, 1.000000000000000000, 0.0000000000000000000 ) ) ;
#6333 = FILL_AREA_STYLE ('',( #2098 ) ) ;
#6334 = ORIENTED_EDGE ( 'NONE', *, *, #7456, .F. ) ;
#6335 = CARTESIAN_POINT ( 'NONE',  ( -1.699999999999994600, -1.465000000000006300, 1.070000000000000100 ) ) ;
#6336 = B_SPLINE_SURFACE_WITH_KNOTS ( 'NONE', 3, 1, ( 
 ( #5904, #4294 ),
 ( #10035, #5123 ),
 ( #150, #5944 ),
 ( #988, #6760 ),
 ( #1830, #7596 ),
 ( #2660, #8415 ),
 ( #3502, #9239 ),
 ( #4326, #10080 ),
 ( #5161, #185 ),
 ( #5976, #1027 ),
 ( #6796, #1869 ) ),
 .UNSPECIFIED., .F., .F., .F.,
 ( 4, 1, 1, 1, 1, 1, 1, 1, 4 ),
 ( 2, 2 ),
 ( 0.0000000000000000000, 0.1430730837303627000, 0.2759029640930094100, 0.4023708562739964900, 0.5284136450935950100, 0.6503563791869507700, 0.7658950861246935900, 0.8807741308440212300, 1.000000000000000000 ),
 ( 0.0000000000000000000, 1.000000000000000000 ),
 .UNSPECIFIED. ) ;
#6337 = CARTESIAN_POINT ( 'NONE',  ( 1.750000000000004900, 1.100000000000000100, 0.2000000000000090300 ) ) ;
#6338 = B_SPLINE_CURVE_WITH_KNOTS ( 'NONE', 3,
 ( #7088, #5444, #7923, #2999, #8748, #3822, #9566, #4652, #10410, #5470, #506, #6290, #1349, #7117, #2187 ),
 .UNSPECIFIED., .F., .F.,
 ( 4, 1, 1, 1, 1, 1, 1, 1, 1, 1, 1, 1, 4 ),
 ( 0.0000000000000000000, 0.09126360489662634100, 0.1809303110850817300, 0.2700882198317228200, 0.3601561333877271200, 0.4483425324981536500, 0.5326658421383302400, 0.6138337041070477400, 0.6939815272835584400, 0.7727159770890043000, 0.8493351720622465100, 0.9239673265752319500, 1.000000000000000000 ),
 .UNSPECIFIED. ) ;
#6339 = SURFACE_STYLE_USAGE ( .BOTH. , #551 ) ;
#6340 = CARTESIAN_POINT ( 'NONE',  ( -1.071644942260616200, -0.1734378483841636800, 2.025000000000000400 ) ) ;
#6341 = CARTESIAN_POINT ( 'NONE',  ( 0.5994354346387618100, -0.2796262453560766100, 2.024999999999999900 ) ) ;
#6342 = ORIENTED_EDGE ( 'NONE', *, *, #6100, .F. ) ;
#6343 = CARTESIAN_POINT ( 'NONE',  ( -0.5570512820512753000, -0.4372103228110190700, 2.025000000000000800 ) ) ;
#6344 = ORIENTED_EDGE ( 'NONE', *, *, #5441, .F. ) ;
#6345 = SURFACE_STYLE_FILL_AREA ( #3583 ) ;
#6346 = DIRECTION ( 'NONE',  ( 0.7970624896273537100, -0.6038968352533771200, 0.0000000000000000000 ) ) ;
#6347 =( NAMED_UNIT ( * ) SI_UNIT ( $, .STERADIAN. ) SOLID_ANGLE_UNIT ( ) );
#6348 = EDGE_CURVE ( 'NONE', #2806, #9098, #3738, .T. ) ;
#6349 = VECTOR ( 'NONE', #5002, 1000.000000000000000 ) ;
#6350 = VECTOR ( 'NONE', #9901, 1000.000000000000000 ) ;
#6351 = ORIENTED_EDGE ( 'NONE', *, *, #8846, .F. ) ;
#6352 = VECTOR ( 'NONE', #4988, 1000.000000000000000 ) ;
#6353 = EDGE_CURVE ( 'NONE', #9098, #6420, #3977, .T. ) ;
#6354 = CARTESIAN_POINT ( 'NONE',  ( -0.9513672031384089500, -0.5098553021156713200, 2.030000000000000200 ) ) ;
#6355 = CARTESIAN_POINT ( 'NONE',  ( 0.8344192592621063600, -0.5485201071930883000, 2.024999999999999900 ) ) ;
#6356 = CARTESIAN_POINT ( 'NONE',  ( 0.7785587185114462000, -0.2165319051350873300, 2.030000000000001100 ) ) ;
#6357 = ORIENTED_EDGE ( 'NONE', *, *, #6984, .T. ) ;
#6358 = CARTESIAN_POINT ( 'NONE',  ( -0.3135616987179418200, -0.2039671337084549000, 2.030000000000000200 ) ) ;
#6359 = UNCERTAINTY_MEASURE_WITH_UNIT (LENGTH_MEASURE( 1.000000000000000100E-005 ), #3525, 'distance_accuracy_value', 'NONE');
#6360 = UNCERTAINTY_MEASURE_WITH_UNIT (LENGTH_MEASURE( 1.000000000000000100E-005 ), #5732, 'distance_accuracy_value', 'NONE');
#6361 = EDGE_CURVE ( 'NONE', #7421, #8055, #9574, .T. ) ;
#6362 = EDGE_CURVE ( 'NONE', #3297, #9003, #1266, .T. ) ;
#6363 = FACE_OUTER_BOUND ( 'NONE', #9521, .T. ) ;
#6364 =( GEOMETRIC_REPRESENTATION_CONTEXT ( 3 ) GLOBAL_UNCERTAINTY_ASSIGNED_CONTEXT ( ( #9328 ) ) GLOBAL_UNIT_ASSIGNED_CONTEXT ( ( #8092, #3177, #8922 ) ) REPRESENTATION_CONTEXT ( 'NONE', 'WORKASPACE' ) );
#6365 = CARTESIAN_POINT ( 'NONE',  ( 0.7293669871794945500, -0.2039671337084549000, 2.025000000000000400 ) ) ;
#6366 = ORIENTED_EDGE ( 'NONE', *, *, #2799, .T. ) ;
#6367 = SURFACE_SIDE_STYLE ('',( #7571 ) ) ;
#6368 = PLANE ( 'NONE',  #3922 ) ;
#6369 = CARTESIAN_POINT ( 'NONE',  ( 0.2608974358974429600, -0.1616594414007626000, 2.025000000000000400 ) ) ;
#6370 = FILL_AREA_STYLE_COLOUR ( '', #104 ) ;
#6371 = ORIENTED_EDGE ( 'NONE', *, *, #9544, .F. ) ;
#6372 =( NAMED_UNIT ( * ) SI_UNIT ( $, .STERADIAN. ) SOLID_ANGLE_UNIT ( ) );
#6373 = VECTOR ( 'NONE', #1233, 1000.000000000000000 ) ;
#6374 = AXIS2_PLACEMENT_3D ( 'NONE', #507, #6292, #1350 ) ;
#6375 = VECTOR ( 'NONE', #5664, 1000.000000000000000 ) ;
#6376 = VECTOR ( 'NONE', #3199, 1000.000000000000000 ) ;
#6377 = CARTESIAN_POINT ( 'NONE',  ( 0.7734750812084875100, -0.6624622929342161000, 2.030000000000000700 ) ) ;
#6378 = CARTESIAN_POINT ( 'NONE',  ( -0.9981612547149835100, -0.2421483906026763400, 2.029999999999999800 ) ) ;
#6379 = ORIENTED_EDGE ( 'NONE', *, *, #231, .F. ) ;
#6380 = FILL_AREA_STYLE ('',( #1335 ) ) ;
#6381 = CARTESIAN_POINT ( 'NONE',  ( -0.4643144578844724500, -0.2519358906972322100, 2.029999999999999800 ) ) ;
#6382 = DIRECTION ( 'NONE',  ( 3.571489509364014900E-015, -1.000000000000000000, 0.0000000000000000000 ) ) ;
#6383 = CARTESIAN_POINT ( 'NONE',  ( 1.850000000000003600, -1.024999999999526100, 0.3800000000000005600 ) ) ;
#6384 = LINE ( 'NONE', #8626, #2019 ) ;
#6385 = MECHANICAL_DESIGN_GEOMETRIC_PRESENTATION_REPRESENTATION (  '', ( #5310 ), #6946 ) ;
#6386 = LINE ( 'NONE', #3452, #4220 ) ;
#6387 = CARTESIAN_POINT ( 'NONE',  ( -0.3098157051281981700, -0.7257620055033268100, 2.030000000000000200 ) ) ;
#6388 = FACE_OUTER_BOUND ( 'NONE', #262, .T. ) ;
#6389 =( GEOMETRIC_REPRESENTATION_CONTEXT ( 3 ) GLOBAL_UNCERTAINTY_ASSIGNED_CONTEXT ( ( #6425 ) ) GLOBAL_UNIT_ASSIGNED_CONTEXT ( ( #1962, #7715, #2781 ) ) REPRESENTATION_CONTEXT ( 'NONE', 'WORKASPACE' ) );
#6390 = EDGE_LOOP ( 'NONE', ( #5781, #6657, #3785, #6599 ) ) ;
#6391 =( GEOMETRIC_REPRESENTATION_CONTEXT ( 3 ) GLOBAL_UNCERTAINTY_ASSIGNED_CONTEXT ( ( #6705 ) ) GLOBAL_UNIT_ASSIGNED_CONTEXT ( ( #6401, #1451, #7231 ) ) REPRESENTATION_CONTEXT ( 'NONE', 'WORKASPACE' ) );
#6392 = FACE_OUTER_BOUND ( 'NONE', #8987, .T. ) ;
#6393 = PLANE ( 'NONE',  #6001 ) ;
#6394 = CARTESIAN_POINT ( 'NONE',  ( 1.850000000000003600, -1.024999999999526500, 0.3050000000000010500 ) ) ;
#6395 = SURFACE_STYLE_FILL_AREA ( #6495 ) ;
#6396 = CARTESIAN_POINT ( 'NONE',  ( 0.8136035140712444300, -0.2464120181264868600, 2.025000000000000400 ) ) ;
#6397 = FACE_OUTER_BOUND ( 'NONE', #808, .T. ) ;
#6398 = SURFACE_STYLE_USAGE ( .BOTH. , #605 ) ;
#6399 = FACE_OUTER_BOUND ( 'NONE', #4986, .T. ) ;
#6400 = ORIENTED_EDGE ( 'NONE', *, *, #4858, .T. ) ;
#6401 =( LENGTH_UNIT ( ) NAMED_UNIT ( * ) SI_UNIT ( .MILLI., .METRE. ) );
#6402 = PLANE ( 'NONE',  #2120 ) ;
#6403 = UNCERTAINTY_MEASURE_WITH_UNIT (LENGTH_MEASURE( 1.000000000000000100E-005 ), #659, 'distance_accuracy_value', 'NONE');
#6404 = SURFACE_STYLE_USAGE ( .BOTH. , #614 ) ;
#6405 = SURFACE_SIDE_STYLE ('',( #6791 ) ) ;
#6406 = PRESENTATION_STYLE_ASSIGNMENT (( #8753 ) ) ;
#6407 = DIRECTION ( 'NONE',  ( -0.0000000000000000000, -0.0000000000000000000, 1.000000000000000000 ) ) ;
#6408 =( GEOMETRIC_REPRESENTATION_CONTEXT ( 3 ) GLOBAL_UNCERTAINTY_ASSIGNED_CONTEXT ( ( #1381 ) ) GLOBAL_UNIT_ASSIGNED_CONTEXT ( ( #10264, #5344, #362 ) ) REPRESENTATION_CONTEXT ( 'NONE', 'WORKASPACE' ) );
#6409 = CARTESIAN_POINT ( 'NONE',  ( 0.7000000000000000700, -1.250000000000000000, 0.02000000000000000000 ) ) ;
#6410 =( NAMED_UNIT ( * ) PLANE_ANGLE_UNIT ( ) SI_UNIT ( $, .RADIAN. ) );
#6411 = ORIENTED_EDGE ( 'NONE', *, *, #350, .F. ) ;
#6412 =( GEOMETRIC_REPRESENTATION_CONTEXT ( 3 ) GLOBAL_UNCERTAINTY_ASSIGNED_CONTEXT ( ( #10658 ) ) GLOBAL_UNIT_ASSIGNED_CONTEXT ( ( #3274, #9026, #4115 ) ) REPRESENTATION_CONTEXT ( 'NONE', 'WORKASPACE' ) );
#6413 =( NAMED_UNIT ( * ) SI_UNIT ( $, .STERADIAN. ) SOLID_ANGLE_UNIT ( ) );
#6414 = CARTESIAN_POINT ( 'NONE',  ( 0.8360868107730006200, -0.5999213914276196900, 2.025000000000000800 ) ) ;
#6415 = CARTESIAN_POINT ( 'NONE',  ( 0.05641025641026350300, 0.3465737316761604000, 2.030000000000000200 ) ) ;
#6416 = VECTOR ( 'NONE', #10620, 1000.000000000000000 ) ;
#6417 = CARTESIAN_POINT ( 'NONE',  ( -0.5568621569933714900, -0.4210887749557419300, 2.030000000000000200 ) ) ;
#6418 = DIRECTION ( 'NONE',  ( 1.000000000000000000, -0.0000000000000000000, 0.0000000000000000000 ) ) ;
#6419 = CARTESIAN_POINT ( 'NONE',  ( 0.6619269546117080300, -0.3902755447491065300, 2.025000000000000400 ) ) ;
#6420 = VERTEX_POINT ( 'NONE', #4813 ) ;
#6421 = CARTESIAN_POINT ( 'NONE',  ( 0.8627309636123770000, -0.2162882477704866600, 2.024999999999999900 ) ) ;
#6422 = ORIENTED_EDGE ( 'NONE', *, *, #5813, .T. ) ;
#6423 = ORIENTED_EDGE ( 'NONE', *, *, #6922, .F. ) ;
#6424 = VERTEX_POINT ( 'NONE', #10633 ) ;
#6425 = UNCERTAINTY_MEASURE_WITH_UNIT (LENGTH_MEASURE( 1.000000000000000100E-005 ), #1962, 'distance_accuracy_value', 'NONE');
#6426 = VECTOR ( 'NONE', #4431, 1000.000000000000000 ) ;
#6427 = VECTOR ( 'NONE', #9311, 1000.000000000000000 ) ;
#6428 = PRESENTATION_STYLE_ASSIGNMENT (( #446 ) ) ;
#6429 = LINE ( 'NONE', #9763, #4262 ) ;
#6430 = PRESENTATION_STYLE_ASSIGNMENT (( #5587 ) ) ;
#6431 = EDGE_CURVE ( 'NONE', #8566, #5857, #5408, .T. ) ;
#6432 = CARTESIAN_POINT ( 'NONE',  ( -0.5178177552736246100, -0.5679716038332931500, 2.025000000000000800 ) ) ;
#6433 = EDGE_CURVE ( 'NONE', #3208, #6948, #7585, .T. ) ;
#6434 = CYLINDRICAL_SURFACE ( 'NONE', #1992, 0.1469999999999993000 ) ;
#6435 = EDGE_LOOP ( 'NONE', ( #9686, #697, #16, #9171 ) ) ;
#6436 = ORIENTED_EDGE ( 'NONE', *, *, #3919, .T. ) ;
#6437 = EDGE_LOOP ( 'NONE', ( #9186, #8360, #5154, #5648 ) ) ;
#6438 =( LENGTH_UNIT ( ) NAMED_UNIT ( * ) SI_UNIT ( .MILLI., .METRE. ) );
#6439 = DIRECTION ( 'NONE',  ( -0.0000000000000000000, -0.0000000000000000000, 1.000000000000000000 ) ) ;
#6440 = SURFACE_STYLE_FILL_AREA ( #6519 ) ;
#6441 = DIRECTION ( 'NONE',  ( 0.0000000000000000000, 0.0000000000000000000, 1.000000000000000000 ) ) ;
#6442 = MECHANICAL_DESIGN_GEOMETRIC_PRESENTATION_REPRESENTATION (  '', ( #4795 ), #6993 ) ;
#6443 = STYLED_ITEM ( 'NONE', ( #8479 ), #6837 ) ;
#6444 = CARTESIAN_POINT ( 'NONE',  ( 0.3455128205128281100, 0.2300072252659040600, 2.030000000000000200 ) ) ;
#6445 = CARTESIAN_POINT ( 'NONE',  ( -1.146338754501321300, -0.3928456579706814400, 2.025000000000000400 ) ) ;
#6446 = SURFACE_SIDE_STYLE ('',( #5656 ) ) ;
#6447 = EDGE_CURVE ( 'NONE', #2476, #597, #5643, .T. ) ;
#6448 = EDGE_LOOP ( 'NONE', ( #7984, #582, #1474, #3346 ) ) ;
#6449 = CARTESIAN_POINT ( 'NONE',  ( -0.5738609780545905800, -0.2970524248538044000, 2.024999999999999900 ) ) ;
#6450 = CARTESIAN_POINT ( 'NONE',  ( -1.101186696821965700, -0.7113700738196003800, 2.030000000000000200 ) ) ;
#6451 = SURFACE_STYLE_USAGE ( .BOTH. , #658 ) ;
#6452 =( NAMED_UNIT ( * ) PLANE_ANGLE_UNIT ( ) SI_UNIT ( $, .RADIAN. ) );
#6454 = LINE ( 'NONE', #7809, #3096 ) ;
#6453 = DIRECTION ( 'NONE',  ( -1.000000000000000000, 0.0000000000000000000, 0.0000000000000000000 ) ) ;
#6455 = CARTESIAN_POINT ( 'NONE',  ( 0.7000000000000000700, -1.250000000000000000, 0.1200000000000000000 ) ) ;
#6456 = FILL_AREA_STYLE ('',( #4843 ) ) ;
#6457 = PRESENTATION_LAYER_ASSIGNMENT (  '', '', ( #5374 ) ) ;
#6458 = CARTESIAN_POINT ( 'NONE',  ( -0.2551562926130838700, -0.7217863754522700900, 2.030000000000000700 ) ) ;
#6459 = ORIENTED_EDGE ( 'NONE', *, *, #3615, .F. ) ;
#6460 = EDGE_CURVE ( 'NONE', #8045, #9939, #998, .T. ) ;
#6461 = CARTESIAN_POINT ( 'NONE',  ( -1.036621146995907900, -0.2958864675988168200, 2.025000000000000400 ) ) ;
#6462 = DIRECTION ( 'NONE',  ( -0.0000000000000000000, -0.0000000000000000000, 1.000000000000000000 ) ) ;
#6463 = PRESENTATION_LAYER_ASSIGNMENT (  '', '', ( #5934 ) ) ;
#6464 = STYLED_ITEM ( 'NONE', ( #540 ), #2736 ) ;
#6465 = ORIENTED_EDGE ( 'NONE', *, *, #2574, .F. ) ;
#6466 = ORIENTED_EDGE ( 'NONE', *, *, #666, .F. ) ;
#6467 = CARTESIAN_POINT ( 'NONE',  ( 1.701000000000001000, 0.9499999999999994000, 1.021000000000008100 ) ) ;
#6468 = SURFACE_STYLE_FILL_AREA ( #3684 ) ;
#6469 = CARTESIAN_POINT ( 'NONE',  ( 0.6879000728240714000, -0.4107587832932323400, 2.025000000000000800 ) ) ;
#6470 = PRESENTATION_LAYER_ASSIGNMENT (  '', '', ( #5940 ) ) ;
#6471 = CARTESIAN_POINT ( 'NONE',  ( -0.5420091021021590200, -0.2507961670032882200, 2.024999999999999900 ) ) ;
#6472 = CARTESIAN_POINT ( 'NONE',  ( -1.084646161297982300, -0.3780124660003024200, 2.029999999999999800 ) ) ;
#6473 = CARTESIAN_POINT ( 'NONE',  ( 0.8391025641025715600, -0.5761426144776857800, 2.030000000000000200 ) ) ;
#6474 = FILL_AREA_STYLE ('',( #9749 ) ) ;
#6475 = CARTESIAN_POINT ( 'NONE',  ( 1.710000000000000900, -0.9499999999995270000, 1.030000000000008200 ) ) ;
#6476 = LINE ( 'NONE', #8995, #8683 ) ;
#6477 = LINE ( 'NONE', #4339, #151 ) ;
#6478 = ORIENTED_EDGE ( 'NONE', *, *, #2028, .T. ) ;
#6479 = CARTESIAN_POINT ( 'NONE',  ( -0.4528909263550853200, -0.1794410804270121000, 2.030000000000001100 ) ) ;
#6480 = CARTESIAN_POINT ( 'NONE',  ( -1.150000000000005200, -1.100000000000000100, 4.065758146820641600E-017 ) ) ;
#6481 = VECTOR ( 'NONE', #5569, 999.9999999999998900 ) ;
#6482 = CARTESIAN_POINT ( 'NONE',  ( -1.146338754501321300, -0.3928456579706814400, 2.030000000000000200 ) ) ;
#6483 = FILL_AREA_STYLE ('',( #8934 ) ) ;
#6484 = CARTESIAN_POINT ( 'NONE',  ( 0.8814102564102639400, -0.2406558356315318400, 2.030000000000000200 ) ) ;
#6485 = ORIENTED_EDGE ( 'NONE', *, *, #4957, .F. ) ;
#6486 = DIRECTION ( 'NONE',  ( 0.08682659386424510000, -0.08682659386424536300, -0.9924325091389675200 ) ) ;
#6487 = FILL_AREA_STYLE_COLOUR ( '', #801 ) ;
#6488 = CARTESIAN_POINT ( 'NONE',  ( 0.7919988442765570900, -0.7148789573018021800, 2.024999999999999900 ) ) ;
#6489 = CYLINDRICAL_SURFACE ( 'NONE', #9758, 0.07500000000000041400 ) ;
#6490 = EDGE_CURVE ( 'NONE', #10406, #3078, #7670, .T. ) ;
#6491 = DIRECTION ( 'NONE',  ( 0.08682659386424435000, 0.08682659386424418400, -0.9924325091389676300 ) ) ;
#6492 = EDGE_CURVE ( 'NONE', #8885, #8022, #9519, .T. ) ;
#6493 = VERTEX_POINT ( 'NONE', #781 ) ;
#6494 = UNCERTAINTY_MEASURE_WITH_UNIT (LENGTH_MEASURE( 1.000000000000000100E-005 ), #10133, 'distance_accuracy_value', 'NONE');
#6495 = FILL_AREA_STYLE ('',( #4266 ) ) ;
#6496 = SURFACE_STYLE_FILL_AREA ( #5921 ) ;
#6497 = CARTESIAN_POINT ( 'NONE',  ( -1.090101587648187200, -0.2263482831100041600, 2.024999999999999900 ) ) ;
#6498 = PLANE ( 'NONE',  #3455 ) ;
#6499 = DIRECTION ( 'NONE',  ( 0.0000000000000000000, 0.0000000000000000000, 1.000000000000000000 ) ) ;
#6500 = ORIENTED_EDGE ( 'NONE', *, *, #1898, .F. ) ;
#6501 =( NAMED_UNIT ( * ) PLANE_ANGLE_UNIT ( ) SI_UNIT ( $, .RADIAN. ) );
#6502 = ORIENTED_EDGE ( 'NONE', *, *, #668, .F. ) ;
#6503 = SURFACE_SIDE_STYLE ('',( #10033 ) ) ;
#6504 = EDGE_CURVE ( 'NONE', #10172, #928, #717, .T. ) ;
#6505 = CARTESIAN_POINT ( 'NONE',  ( 0.6318376888723187300, -0.3617234031585178600, 2.030000000000000700 ) ) ;
#6506 = CYLINDRICAL_SURFACE ( 'NONE', #8894, 0.1000000000000000700 ) ;
#6507 = CARTESIAN_POINT ( 'NONE',  ( -1.036697355733169100, -0.3035521142272234500, 2.025000000000000800 ) ) ;
#6508 = DIRECTION ( 'NONE',  ( 1.000000000000000000, 3.552334763092437900E-015, 0.0000000000000000000 ) ) ;
#6509 = CARTESIAN_POINT ( 'NONE',  ( -1.850000000000005200, -1.100000000000000100, 1.030000000000000000 ) ) ;
#6510 = LINE ( 'NONE', #7888, #4344 ) ;
#6511 = VERTEX_POINT ( 'NONE', #5782 ) ;
#6512 = DIRECTION ( 'NONE',  ( 0.0000000000000000000, -0.0000000000000000000, 1.000000000000000000 ) ) ;
#6513 = CARTESIAN_POINT ( 'NONE',  ( -0.5970572576321977500, -0.5148167761259681000, 2.029999999999999800 ) ) ;
#6514 = MECHANICAL_DESIGN_GEOMETRIC_PRESENTATION_REPRESENTATION (  '', ( #4870 ), #7076 ) ;
#6515 = SURFACE_STYLE_FILL_AREA ( #5041 ) ;
#6516 = CARTESIAN_POINT ( 'NONE',  ( -0.5035268639185736000, -0.6623778441305442400, 2.025000000000000400 ) ) ;
#6517 = VECTOR ( 'NONE', #9947, 1000.000000000000000 ) ;
#6518 = CARTESIAN_POINT ( 'NONE',  ( -1.036697355733169100, -0.3035521142272234500, 2.030000000000000700 ) ) ;
#6519 = FILL_AREA_STYLE ('',( #692 ) ) ;
#6520 = DIRECTION ( 'NONE',  ( 4.163663796468856200E-015, -1.000000000000000000, 2.168404344971009300E-015 ) ) ;
#6521 = EDGE_CURVE ( 'NONE', #5797, #3932, #4882, .T. ) ;
#6522 = ORIENTED_EDGE ( 'NONE', *, *, #6658, .T. ) ;
#6523 = CARTESIAN_POINT ( 'NONE',  ( -0.9630368956456935000, -0.4825423015312145200, 2.030000000000000200 ) ) ;
#6524 = CARTESIAN_POINT ( 'NONE',  ( 0.6506279919284633200, -0.2911571399541416100, 2.030000000000000700 ) ) ;
#6525 = DIRECTION ( 'NONE',  ( 1.000000000000000000, 0.0000000000000000000, -0.0000000000000000000 ) ) ;
#6526 = AXIS2_PLACEMENT_3D ( 'NONE', #3473, #9215, #4304 ) ;
#6527 = VECTOR ( 'NONE', #378, 1000.000000000000000 ) ;
#6528 = MECHANICAL_DESIGN_GEOMETRIC_PRESENTATION_REPRESENTATION (  '', ( #4887 ), #7091 ) ;
#6529 = AXIS2_PLACEMENT_3D ( 'NONE', #9924, #5005, #39 ) ;
#6530 = VERTEX_POINT ( 'NONE', #7423 ) ;
#6532 = CARTESIAN_POINT ( 'NONE',  ( -1.850000000000005200, 0.3749999999999990600, 0.4590000000000000700 ) ) ;
#6531 = AXIS2_PLACEMENT_3D ( 'NONE', #1509, #7285, #2340 ) ;
#6533 = CARTESIAN_POINT ( 'NONE',  ( -1.700000000000005100, 1.464999999999994300, 1.070000000000000100 ) ) ;
#6534 = CARTESIAN_POINT ( 'NONE',  ( -1.701000000000005200, 1.100000000000000100, 1.020999999999999900 ) ) ;
#6536 = DIRECTION ( 'NONE',  ( -1.000000000000000000, 0.0000000000000000000, 0.0000000000000000000 ) ) ;
#6535 = PRESENTATION_LAYER_ASSIGNMENT (  '', '', ( #5450 ) ) ;
#6537 = B_SPLINE_CURVE_WITH_KNOTS ( 'NONE', 3,
 ( #2082, #1281, #2951, #8706, #3781, #9530, #4605, #10366, #5438, #461, #6251, #1310, #7077, #2143, #7913 ),
 .UNSPECIFIED., .F., .F.,
 ( 4, 1, 1, 1, 1, 1, 1, 1, 1, 1, 1, 1, 4 ),
 ( 0.0000000000000000000, 0.08378537065370982000, 0.1657798879221416600, 0.2462800078932624000, 0.3274609277363897400, 0.4087969540320678400, 0.4897152412309883100, 0.5713760321300525000, 0.6555233211112765400, 0.7410194827999727600, 0.8265467605037607500, 0.9119888516548333400, 0.9999999999999998900 ),
 .UNSPECIFIED. ) ;
#6538 = CARTESIAN_POINT ( 'NONE',  ( 0.6662751399741135800, -0.6464851754181225600, 2.025000000000001200 ) ) ;
#6539 = LINE ( 'NONE', #5015, #10666 ) ;
#6540 = FACE_OUTER_BOUND ( 'NONE', #5793, .T. ) ;
#6541 = SURFACE_SIDE_STYLE ('',( #7343 ) ) ;
#6542 = VERTEX_POINT ( 'NONE', #3330 ) ;
#6543 = SURFACE_SIDE_STYLE ('',( #9262 ) ) ;
#6544 = LINE ( 'NONE', #9069, #6286 ) ;
#6545 = CARTESIAN_POINT ( 'NONE',  ( -1.654929309816589400, 1.419929309816579100, 2.025000000000000400 ) ) ;
#6546 = ORIENTED_EDGE ( 'NONE', *, *, #5556, .T. ) ;
#6547 = VERTEX_POINT ( 'NONE', #4167 ) ;
#6548 = CARTESIAN_POINT ( 'NONE',  ( 1.050641025641033500, -0.4437107234520447100, 2.025000000000000400 ) ) ;
#6549 = FILL_AREA_STYLE_COLOUR ( '', #7953 ) ;
#6550 = CARTESIAN_POINT ( 'NONE',  ( -1.036538461538454500, -0.2989390888366600400, 2.025000000000000400 ) ) ;
#6551 = FILL_AREA_STYLE ('',( #5726 ) ) ;
#6552 =( NAMED_UNIT ( * ) SI_UNIT ( $, .STERADIAN. ) SOLID_ANGLE_UNIT ( ) );
#6553 = SURFACE_STYLE_FILL_AREA ( #7979 ) ;
#6554 = SURFACE_SIDE_STYLE ('',( #5625 ) ) ;
#6555 = COLOUR_RGB ( '',0.7294117647058823200, 0.3568627450980392200, 0.02352941176470588200 ) ;
#6556 = COLOUR_RGB ( '',1.000000000000000000, 0.7176470588235294200, 0.2470588235294117800 ) ;
#6557 = CARTESIAN_POINT ( 'NONE',  ( 0.7202223557692382100, -0.4344559157597369700, 2.025000000000000400 ) ) ;
#6558 = EDGE_CURVE ( 'NONE', #7878, #6871, #468, .T. ) ;
#6559 =( NAMED_UNIT ( * ) SI_UNIT ( $, .STERADIAN. ) SOLID_ANGLE_UNIT ( ) );
#6560 = ORIENTED_EDGE ( 'NONE', *, *, #6230, .T. ) ;
#6561 = ORIENTED_EDGE ( 'NONE', *, *, #9188, .T. ) ;
#6562 = CARTESIAN_POINT ( 'NONE',  ( 0.6942592114860706200, -0.3524679267833281100, 2.029999999999999400 ) ) ;
#6563 = CARTESIAN_POINT ( 'NONE',  ( -1.699999999999996200, -1.423827693562528500, 1.070000000000000100 ) ) ;
#6564 = ORIENTED_EDGE ( 'NONE', *, *, #534, .F. ) ;
#6565 = UNCERTAINTY_MEASURE_WITH_UNIT (LENGTH_MEASURE( 1.000000000000000100E-005 ), #6569, 'distance_accuracy_value', 'NONE');
#6566 = PRESENTATION_STYLE_ASSIGNMENT (( #7555 ) ) ;
#6567 = CARTESIAN_POINT ( 'NONE',  ( 0.6849659455128279700, -0.3446622458879420900, 2.025000000000000400 ) ) ;
#6568 = CARTESIAN_POINT ( 'NONE',  ( 0.4681390224359046100, -0.7116594414007626500, 2.030000000000000200 ) ) ;
#6569 =( LENGTH_UNIT ( ) NAMED_UNIT ( * ) SI_UNIT ( .MILLI., .METRE. ) );
#6570 = PRESENTATION_STYLE_ASSIGNMENT (( #1686 ) ) ;
#6571 = FACE_OUTER_BOUND ( 'NONE', #6390, .T. ) ;
#6572 = CARTESIAN_POINT ( 'NONE',  ( 0.7236852479443491900, -0.2041575437008944500, 2.030000000000000200 ) ) ;
#6573 =( NAMED_UNIT ( * ) PLANE_ANGLE_UNIT ( ) SI_UNIT ( $, .RADIAN. ) );
#6574 = ORIENTED_EDGE ( 'NONE', *, *, #3250, .F. ) ;
#6575 = EDGE_CURVE ( 'NONE', #3835, #6219, #6810, .T. ) ;
#6576 = SURFACE_STYLE_USAGE ( .BOTH. , #789 ) ;
#6577 =( GEOMETRIC_REPRESENTATION_CONTEXT ( 3 ) GLOBAL_UNCERTAINTY_ASSIGNED_CONTEXT ( ( #2139 ) ) GLOBAL_UNIT_ASSIGNED_CONTEXT ( ( #2989, #8735, #3811 ) ) REPRESENTATION_CONTEXT ( 'NONE', 'WORKASPACE' ) );
#6578 =( NAMED_UNIT ( * ) PLANE_ANGLE_UNIT ( ) SI_UNIT ( $, .RADIAN. ) );
#6579 = CARTESIAN_POINT ( 'NONE',  ( -0.6064102564102494800, -0.4334643292212754800, 2.025000000000000400 ) ) ;
#6580 =( NAMED_UNIT ( * ) PLANE_ANGLE_UNIT ( ) SI_UNIT ( $, .RADIAN. ) );
#6581 = SURFACE_SIDE_STYLE ('',( #2192 ) ) ;
#6582 = ORIENTED_EDGE ( 'NONE', *, *, #1693, .T. ) ;
#6583 = SURFACE_SIDE_STYLE ('',( #7708 ) ) ;
#6584 = ORIENTED_EDGE ( 'NONE', *, *, #3225, .F. ) ;
#6585 = AXIS2_PLACEMENT_3D ( 'NONE', #10005, #5091, #126 ) ;
#6586 = AXIS2_PLACEMENT_3D ( 'NONE', #6097, #1147, #6919 ) ;
#6587 = CARTESIAN_POINT ( 'NONE',  ( 0.05993589743590453700, 0.2300072252659039800, 2.025000000000000400 ) ) ;
#6588 = CARTESIAN_POINT ( 'NONE',  ( 0.6849659455128279700, -0.3446622458879420900, 2.025000000000000400 ) ) ;
#6589 = CARTESIAN_POINT ( 'NONE',  ( 1.525252652248629400, 1.290252652248629300, 0.2199999999999999700 ) ) ;
#6590 = CARTESIAN_POINT ( 'NONE',  ( -0.8814102564102497300, -0.4719158516571728700, 2.030000000000000200 ) ) ;
#6591 =( NAMED_UNIT ( * ) SI_UNIT ( $, .STERADIAN. ) SOLID_ANGLE_UNIT ( ) );
#6592 = B_SPLINE_SURFACE_WITH_KNOTS ( 'NONE', 3, 1, ( 
 ( #3279, #4160 ),
 ( #9900, #4980 ),
 ( #17, #5811 ),
 ( #852, #6634 ),
 ( #1688, #7453 ),
 ( #2518, #8287 ),
 ( #3366, #9099 ),
 ( #4195, #9935 ),
 ( #5018, #53 ),
 ( #5842, #897 ),
 ( #6671, #1726 ),
 ( #7490, #2560 ),
 ( #8319, #3398 ),
 ( #9139, #4237 ),
 ( #9972, #5060 ),
 ( #88, #5880 ),
 ( #927, #6708 ),
 ( #1765, #7526 ),
 ( #2600, #8355 ) ),
 .UNSPECIFIED., .F., .F., .F.,
 ( 4, 1, 1, 1, 1, 1, 1, 1, 1, 1, 1, 1, 1, 1, 1, 1, 4 ),
 ( 2, 2 ),
 ( 0.0000000000000000000, 0.05700313251292429100, 0.1118178691207242600, 0.1644023722182112500, 0.2158698048987956500, 0.2668411100818676700, 0.3174789632053577900, 0.3699021362727597500, 0.4234004494436362000, 0.4797183982994510100, 0.5392414966442967700, 0.6024306889434224400, 0.6710295461473350100, 0.7444847975608474000, 0.8234539713786840400, 0.9087403127306658000, 1.000000000000000000 ),
 ( 0.0000000000000000000, 1.000000000000000000 ),
 .UNSPECIFIED. ) ;
#6593 = CARTESIAN_POINT ( 'NONE',  ( -0.4941406249999928400, 0.6728057028300065100, 2.025000000000000400 ) ) ;
#6594 = FILL_AREA_STYLE ('',( #9864 ) ) ;
#6595 = MECHANICAL_DESIGN_GEOMETRIC_PRESENTATION_REPRESENTATION (  '', ( #6213 ), #7141 ) ;
#6596 =( NAMED_UNIT ( * ) SI_UNIT ( $, .STERADIAN. ) SOLID_ANGLE_UNIT ( ) );
#6597 = CARTESIAN_POINT ( 'NONE',  ( 0.7588942307692383400, -0.3994198580674293000, 2.025000000000000800 ) ) ;
#6598 = MECHANICAL_DESIGN_GEOMETRIC_PRESENTATION_REPRESENTATION (  '', ( #4949 ), #7143 ) ;
#6599 = ORIENTED_EDGE ( 'NONE', *, *, #7399, .T. ) ;
#6600 = SURFACE_STYLE_FILL_AREA ( #7320 ) ;
#6601 =( GEOMETRIC_REPRESENTATION_CONTEXT ( 3 ) GLOBAL_UNCERTAINTY_ASSIGNED_CONTEXT ( ( #1743 ) ) GLOBAL_UNIT_ASSIGNED_CONTEXT ( ( #5448, #476, #6263 ) ) REPRESENTATION_CONTEXT ( 'NONE', 'WORKASPACE' ) );
#6602 = CARTESIAN_POINT ( 'NONE',  ( -0.9942741570552146000, -0.5526335533674419100, 2.025000000000000800 ) ) ;
#6603 = DIRECTION ( 'NONE',  ( 1.000000000000000000, 0.0000000000000000000, 0.0000000000000000000 ) ) ;
#6604 = CARTESIAN_POINT ( 'NONE',  ( 0.4024739583333409300, 0.2300072252659040600, 2.030000000000000200 ) ) ;
#6605 = CARTESIAN_POINT ( 'NONE',  ( -0.5366686698717879600, -0.6295781112725574700, 2.030000000000000200 ) ) ;
#6606 = CARTESIAN_POINT ( 'NONE',  ( 0.8062884512480103000, -0.2389846408646230700, 2.025000000000000400 ) ) ;
#6607 = EDGE_CURVE ( 'NONE', #6530, #8240, #2411, .T. ) ;
#6608 = CARTESIAN_POINT ( 'NONE',  ( -0.8814102564102497300, -0.5283261080674293000, 2.025000000000000400 ) ) ;
#6609 = B_SPLINE_SURFACE_WITH_KNOTS ( 'NONE', 3, 1, ( 
 ( #1841, #5175 ),
 ( #193, #5989 ),
 ( #1035, #6807 ),
 ( #1878, #7638 ),
 ( #2713, #8467 ),
 ( #3547, #9294 ),
 ( #4371, #10125 ) ),
 .UNSPECIFIED., .F., .F., .F.,
 ( 4, 1, 1, 1, 4 ),
 ( 2, 2 ),
 ( 0.0000000000000000000, 0.2347233736739013900, 0.4771583189289868000, 0.7285562842030539600, 1.000000000000000000 ),
 ( 0.0000000000000000000, 1.000000000000000000 ),
 .UNSPECIFIED. ) ;
#6610 = CARTESIAN_POINT ( 'NONE',  ( -1.161919070512813700, -0.1616594414007626000, 2.025000000000000400 ) ) ;
#6611 = FACE_OUTER_BOUND ( 'NONE', #250, .T. ) ;
#6612 = SURFACE_STYLE_FILL_AREA ( #4573 ) ;
#6613 = ORIENTED_EDGE ( 'NONE', *, *, #3707, .T. ) ;
#6614 = ORIENTED_EDGE ( 'NONE', *, *, #10243, .F. ) ;
#6615 = SURFACE_STYLE_USAGE ( .BOTH. , #828 ) ;
#6616 = DIRECTION ( 'NONE',  ( -1.000000000000000000, -3.552334763092437500E-015, -0.0000000000000000000 ) ) ;
#6617 = PLANE ( 'NONE',  #6529 ) ;
#6618 = PRESENTATION_LAYER_ASSIGNMENT (  '', '', ( #5514 ) ) ;
#6619 = PRESENTATION_STYLE_ASSIGNMENT (( #8028 ) ) ;
#6620 = CARTESIAN_POINT ( 'NONE',  ( 0.7914590759129808100, -0.1584861246392177700, 2.025000000000000400 ) ) ;
#6621 = DIRECTION ( 'NONE',  ( -0.4283511191562788800, -0.9036123719369734100, 0.0000000000000000000 ) ) ;
#6622 = LINE ( 'NONE', #5477, #4444 ) ;
#6623 = DIRECTION ( 'NONE',  ( 0.0000000000000000000, -1.000000000000000000, 0.0000000000000000000 ) ) ;
#6624 = PRESENTATION_LAYER_ASSIGNMENT (  '', '', ( #5522 ) ) ;
#6625 =( NAMED_UNIT ( * ) PLANE_ANGLE_UNIT ( ) SI_UNIT ( $, .RADIAN. ) );
#6626 = VECTOR ( 'NONE', #9068, 1000.000000000000000 ) ;
#6627 = CARTESIAN_POINT ( 'NONE',  ( 0.5994354346387618100, -0.2796262453560766100, 2.029999999999999800 ) ) ;
#6628 = CARTESIAN_POINT ( 'NONE',  ( -0.1424026947425363300, -0.1943221645218208800, 2.030000000000000200 ) ) ;
#6629 = DIRECTION ( 'NONE',  ( 0.0000000000000000000, 0.0000000000000000000, -1.000000000000000000 ) ) ;
#6630 = SURFACE_SIDE_STYLE ('',( #4651 ) ) ;
#6631 = B_SPLINE_SURFACE_WITH_KNOTS ( 'NONE', 3, 1, ( 
 ( #1071, #9327 ),
 ( #4411, #10158 ),
 ( #5238, #263 ),
 ( #6064, #1105 ),
 ( #6883, #1958 ),
 ( #7711, #2778 ),
 ( #8533, #3624 ),
 ( #9361, #4443 ),
 ( #10199, #5276 ),
 ( #300, #6099 ),
 ( #1153, #6921 ),
 ( #1993, #7744 ),
 ( #2815, #8569 ),
 ( #3655, #9401 ),
 ( #4483, #10231 ),
 ( #5317, #332 ),
 ( #6128, #1176 ),
 ( #6953, #2023 ),
 ( #7780, #2850 ) ),
 .UNSPECIFIED., .F., .F., .F.,
 ( 4, 1, 1, 1, 1, 1, 1, 1, 1, 1, 1, 1, 1, 1, 1, 1, 4 ),
 ( 2, 2 ),
 ( 0.0000000000000000000, 0.05720826943350954700, 0.1136960596574905500, 0.1691779164171953500, 0.2241592165805431400, 0.2787198783810434500, 0.3337942174469886700, 0.3892414593400029300, 0.4458220733936216200, 0.5037042811090204400, 0.5642938918193634000, 0.6279754158952242100, 0.6950382596840515300, 0.7653727258510127900, 0.8396114430907355400, 0.9175377500777889300, 0.9999999999999998900 ),
 ( 0.0000000000000000000, 1.000000000000000000 ),
 .UNSPECIFIED. ) ;
#6632 = ORIENTED_EDGE ( 'NONE', *, *, #10507, .F. ) ;
#6633 = DIRECTION ( 'NONE',  ( 0.0000000000000000000, -1.000000000000000000, 0.0000000000000000000 ) ) ;
#6634 = CARTESIAN_POINT ( 'NONE',  ( -1.038111719673524600, -0.2811692334724014700, 2.030000000000000700 ) ) ;
#6635 = CARTESIAN_POINT ( 'NONE',  ( 1.525252652248630000, -1.290252652248629100, 0.2199999999999999700 ) ) ;
#6636 =( NAMED_UNIT ( * ) SI_UNIT ( $, .STERADIAN. ) SOLID_ANGLE_UNIT ( ) );
#6637 =( LENGTH_UNIT ( ) NAMED_UNIT ( * ) SI_UNIT ( .MILLI., .METRE. ) );
#6638 = ORIENTED_EDGE ( 'NONE', *, *, #1799, .T. ) ;
#6639 = CARTESIAN_POINT ( 'NONE',  ( 0.7348758012820586500, -0.1475568772981984700, 2.025000000000000400 ) ) ;
#6640 = ORIENTED_EDGE ( 'NONE', *, *, #7085, .F. ) ;
#6641 = SURFACE_SIDE_STYLE ('',( #8817 ) ) ;
#6642 = UNCERTAINTY_MEASURE_WITH_UNIT (LENGTH_MEASURE( 1.000000000000000100E-005 ), #9896, 'distance_accuracy_value', 'NONE');
#6643 = DIRECTION ( 'NONE',  ( -1.000000000000000000, -0.0000000000000000000, -0.0000000000000000000 ) ) ;
#6644 = FILL_AREA_STYLE ('',( #1660 ) ) ;
#6645 = EDGE_CURVE ( 'NONE', #671, #9889, #214, .T. ) ;
#6646 = VECTOR ( 'NONE', #2008, 1000.000000000000000 ) ;
#6647 = LINE ( 'NONE', #9755, #4467 ) ;
#6648 = EDGE_CURVE ( 'NONE', #1512, #5237, #7064, .T. ) ;
#6649 = LINE ( 'NONE', #10580, #4211 ) ;
#6650 = ORIENTED_EDGE ( 'NONE', *, *, #934, .T. ) ;
#6651 = SURFACE_STYLE_USAGE ( .BOTH. , #869 ) ;
#6652 = CARTESIAN_POINT ( 'NONE',  ( 1.050641025641033500, -0.6552491849905062200, 2.025000000000000400 ) ) ;
#6653 = CARTESIAN_POINT ( 'NONE',  ( -1.017959280506040500, -0.2103083520465521500, 2.025000000000000400 ) ) ;
#6654 = VECTOR ( 'NONE', #315, 1000.000000000000000 ) ;
#6655 = CARTESIAN_POINT ( 'NONE',  ( 1.700000000000003300, -0.9499999999995271100, 1.070000000000008300 ) ) ;
#6656 = DIRECTION ( 'NONE',  ( 2.891205793294662500E-015, -1.000000000000000000, 0.0000000000000000000 ) ) ;
#6657 = ORIENTED_EDGE ( 'NONE', *, *, #8420, .F. ) ;
#6658 = EDGE_CURVE ( 'NONE', #4446, #1215, #6544, .T. ) ;
#6659 = CARTESIAN_POINT ( 'NONE',  ( 0.8534558496882950200, -0.2055379966561803600, 2.030000000000000200 ) ) ;
#6660 = DIRECTION ( 'NONE',  ( -0.0000000000000000000, -1.000000000000000000, -0.0000000000000000000 ) ) ;
#6661 = LINE ( 'NONE', #10205, #63 ) ;
#6662 = CARTESIAN_POINT ( 'NONE',  ( 0.4095252403846230100, 0.7800072252659041600, 2.025000000000000400 ) ) ;
#6663 = DIRECTION ( 'NONE',  ( 0.0000000000000000000, 1.000000000000000000, 0.0000000000000000000 ) ) ;
#6664 = CARTESIAN_POINT ( 'NONE',  ( -0.3005443828467885300, -0.6690863694179279800, 2.025000000000000400 ) ) ;
#6665 = COLOUR_RGB ( '',0.7294117647058823200, 0.3568627450980392200, 0.02352941176470588200 ) ;
#6666 = CARTESIAN_POINT ( 'NONE',  ( 1.311538461538469500, -0.1616594414007626000, 2.025000000000000400 ) ) ;
#6667 = PLANE ( 'NONE',  #6585 ) ;
#6668 = SURFACE_SIDE_STYLE ('',( #10142 ) ) ;
#6669 = VECTOR ( 'NONE', #8658, 1000.000000000000000 ) ;
#6670 = ORIENTED_EDGE ( 'NONE', *, *, #5927, .F. ) ;
#6671 = CARTESIAN_POINT ( 'NONE',  ( -1.071964321108942500, -0.2343596679441158100, 2.025000000000000800 ) ) ;
#6672 = AXIS2_PLACEMENT_3D ( 'NONE', #5390, #410, #6205 ) ;
#6673 = CARTESIAN_POINT ( 'NONE',  ( -1.081794826474207000, -0.1702908090948891100, 2.030000000000000700 ) ) ;
#6674 = PLANE ( 'NONE',  #3230 ) ;
#6675 = PRESENTATION_STYLE_ASSIGNMENT (( #327 ) ) ;
#6676 = PRESENTATION_STYLE_ASSIGNMENT (( #8279 ) ) ;
#6677 = EDGE_CURVE ( 'NONE', #8709, #4389, #8487, .T. ) ;
#6678 = CARTESIAN_POINT ( 'NONE',  ( -1.012556327938611200, -0.5001985600698821700, 2.025000000000000400 ) ) ;
#6679 = ORIENTED_EDGE ( 'NONE', *, *, #9037, .F. ) ;
#6680 = DIRECTION ( 'NONE',  ( -0.0000000000000000000, -0.0000000000000000000, 1.000000000000000000 ) ) ;
#6681 = PRESENTATION_STYLE_ASSIGNMENT (( #2723 ) ) ;
#6682 = STYLED_ITEM ( 'NONE', ( #8154 ), #946 ) ;
#6683 = UNCERTAINTY_MEASURE_WITH_UNIT (LENGTH_MEASURE( 1.000000000000000100E-005 ), #5590, 'distance_accuracy_value', 'NONE');
#6684 = CARTESIAN_POINT ( 'NONE',  ( -0.9513284643577489800, -0.6018215575241942000, 2.030000000000000700 ) ) ;
#6685 = FACE_OUTER_BOUND ( 'NONE', #9777, .T. ) ;
#6686 = PRESENTATION_LAYER_ASSIGNMENT (  '', '', ( #5573 ) ) ;
#6687 = COLOUR_RGB ( '',0.7294117647058823200, 0.3568627450980392200, 0.02352941176470588200 ) ;
#6688 = DIRECTION ( 'NONE',  ( 0.0000000000000000000, -1.000000000000000000, 0.0000000000000000000 ) ) ;
#6689 =( NAMED_UNIT ( * ) PLANE_ANGLE_UNIT ( ) SI_UNIT ( $, .RADIAN. ) );
#6690 = DIRECTION ( 'NONE',  ( -1.000000000000000000, 0.0000000000000000000, -0.0000000000000000000 ) ) ;
#6691 = ORIENTED_EDGE ( 'NONE', *, *, #8848, .T. ) ;
#6692 = MECHANICAL_DESIGN_GEOMETRIC_PRESENTATION_REPRESENTATION (  '', ( #5581 ), #7234 ) ;
#6693 = ORIENTED_EDGE ( 'NONE', *, *, #6260, .F. ) ;
#6694 = CARTESIAN_POINT ( 'NONE',  ( -1.050751201923070300, -0.4149547138366600500, 2.025000000000000400 ) ) ;
#6695 = ORIENTED_EDGE ( 'NONE', *, *, #2446, .F. ) ;
#6696 = FACE_OUTER_BOUND ( 'NONE', #1907, .T. ) ;
#6697 = DIRECTION ( 'NONE',  ( 0.0000000000000000000, -0.0000000000000000000, -1.000000000000000000 ) ) ;
#6698 = CARTESIAN_POINT ( 'NONE',  ( 0.8818952590183869500, -0.5347850443074355600, 2.030000000000000200 ) ) ;
#6699 = CARTESIAN_POINT ( 'NONE',  ( -0.1550752923696746000, -0.6180460272980083900, 2.030000000000000700 ) ) ;
#6700 = DIRECTION ( 'NONE',  ( -0.0000000000000000000, -0.0000000000000000000, 1.000000000000000000 ) ) ;
#6701 = VERTEX_POINT ( 'NONE', #7500 ) ;
#6702 = ORIENTED_EDGE ( 'NONE', *, *, #1151, .T. ) ;
#6703 = CARTESIAN_POINT ( 'NONE',  ( 1.600380530190821200, 1.465000000000000300, 1.070000000000000100 ) ) ;
#6704 = CARTESIAN_POINT ( 'NONE',  ( 1.311538461538469500, -0.4437107234520447100, 2.025000000000000400 ) ) ;
#6705 = UNCERTAINTY_MEASURE_WITH_UNIT (LENGTH_MEASURE( 1.000000000000000100E-005 ), #6401, 'distance_accuracy_value', 'NONE');
#6706 = B_SPLINE_CURVE_WITH_KNOTS ( 'NONE', 3,
 ( #5614, #647, #1490, #7266, #2324, #8101, #3181, #8925, #4001, #9748, #4835, #10589, #5652, #680, #6473 ),
 .UNSPECIFIED., .F., .F.,
 ( 4, 1, 1, 1, 1, 1, 1, 1, 1, 1, 1, 1, 4 ),
 ( 0.0000000000000000000, 0.09126360489662634100, 0.1809303110850817300, 0.2700882198317228200, 0.3601561333877271200, 0.4483425324981536500, 0.5326658421383302400, 0.6138337041070477400, 0.6939815272835584400, 0.7727159770890043000, 0.8493351720622465100, 0.9239673265752319500, 1.000000000000000000 ),
 .UNSPECIFIED. ) ;
#6707 = ORIENTED_EDGE ( 'NONE', *, *, #10243, .T. ) ;
#6708 = CARTESIAN_POINT ( 'NONE',  ( -1.138547664277783000, -0.2182569068881080300, 2.030000000000000200 ) ) ;
#6709 = CARTESIAN_POINT ( 'NONE',  ( 0.8391025641025715600, -0.5761426144776857800, 2.025000000000000400 ) ) ;
#6710 = ADVANCED_FACE ( 'NONE', ( #2167 ), #5855, .T. ) ;
#6711 = SURFACE_SIDE_STYLE ('',( #667 ) ) ;
#6712 = DIRECTION ( 'NONE',  ( -0.8423374887037073900, -0.5389504199129374600, 0.0000000000000000000 ) ) ;
#6713 = ORIENTED_EDGE ( 'NONE', *, *, #9732, .T. ) ;
#6714 = MECHANICAL_DESIGN_GEOMETRIC_PRESENTATION_REPRESENTATION (  '', ( #5069 ), #7258 ) ;
#6715 = LINE ( 'NONE', #9431, #8654 ) ;
#6716 = CARTESIAN_POINT ( 'NONE',  ( -1.018308054944674400, -0.6865027049225433900, 2.024999999999999900 ) ) ;
#6717 = CARTESIAN_POINT ( 'NONE',  ( -1.061928399709753300, -0.3609787791073025300, 2.025000000000000400 ) ) ;
#6718 = DIRECTION ( 'NONE',  ( 0.0000000000000000000, -1.000000000000000000, 0.0000000000000000000 ) ) ;
#6719 = EDGE_CURVE ( 'NONE', #7826, #7516, #3849, .T. ) ;
#6720 = VERTEX_POINT ( 'NONE', #8369 ) ;
#6721 = CARTESIAN_POINT ( 'NONE',  ( -0.6064102564102494800, -0.4334643292212754800, 2.030000000000000200 ) ) ;
#6722 = CARTESIAN_POINT ( 'NONE',  ( -1.710000000000005100, 1.100000000000000100, 1.169999999999999700 ) ) ;
#6723 = VECTOR ( 'NONE', #9053, 1000.000000000000000 ) ;
#6724 = FILL_AREA_STYLE ('',( #3425 ) ) ;
#6725 = CARTESIAN_POINT ( 'NONE',  ( -0.7580128205128133800, 0.2300072252659039800, 2.025000000000000400 ) ) ;
#6726 = CARTESIAN_POINT ( 'NONE',  ( 0.6396212012655524400, -0.6981964617372354900, 2.029999999999999400 ) ) ;
#6727 = CARTESIAN_POINT ( 'NONE',  ( -1.112985456136026200, -0.4531925346994316000, 2.029999999999999800 ) ) ;
#6728 = APPLICATION_PROTOCOL_DEFINITION ( 'draft international standard', 'automotive_design', 1998, #958 ) ;
#6729 = CARTESIAN_POINT ( 'NONE',  ( 1.813896800938384000, -0.3617225842671101800, 1.124573463162730200 ) ) ;
#6730 = CARTESIAN_POINT ( 'NONE',  ( -0.08092328103584260600, -0.6238397987695204500, 2.029999999999999400 ) ) ;
#6731 = VERTEX_POINT ( 'NONE', #3485 ) ;
#6732 = ORIENTED_EDGE ( 'NONE', *, *, #8086, .T. ) ;
#6733 =( NAMED_UNIT ( * ) SI_UNIT ( $, .STERADIAN. ) SOLID_ANGLE_UNIT ( ) );
#6734 = ORIENTED_EDGE ( 'NONE', *, *, #9532, .T. ) ;
#6735 = LINE ( 'NONE', #328, #393 ) ;
#6736 = AXIS2_PLACEMENT_3D ( 'NONE', #7418, #2480, #8259 ) ;
#6737 = SURFACE_STYLE_USAGE ( .BOTH. , #967 ) ;
#6738 = PRESENTATION_LAYER_ASSIGNMENT (  '', '', ( #5634 ) ) ;
#6739 = CARTESIAN_POINT ( 'NONE',  ( -0.9871794871794802300, -0.2979475022981985000, 2.025000000000000400 ) ) ;
#6740 = CARTESIAN_POINT ( 'NONE',  ( 0.6149212495532963000, -0.5849237714895206800, 2.024999999999999900 ) ) ;
#6741 = CARTESIAN_POINT ( 'NONE',  ( -0.6023657311447295800, -0.4886186238614310700, 2.025000000000000800 ) ) ;
#6742 = VECTOR ( 'NONE', #5612, 1000.000000000000100 ) ;
#6743 = ORIENTED_EDGE ( 'NONE', *, *, #8394, .T. ) ;
#6744 = SURFACE_STYLE_FILL_AREA ( #3442 ) ;
#6745 = LINE ( 'NONE', #8017, #4572 ) ;
#6746 = STYLED_ITEM ( 'NONE', ( #2942 ), #8399 ) ;
#6747 = CARTESIAN_POINT ( 'NONE',  ( -1.113948229139489100, -0.7115613488745201600, 2.030000000000000700 ) ) ;
#6748 = EDGE_LOOP ( 'NONE', ( #1976, #4258, #9963, #595 ) ) ;
#6749 = DIRECTION ( 'NONE',  ( 1.000000000000000000, 3.571489509364015700E-015, -0.0000000000000000000 ) ) ;
#6750 = CARTESIAN_POINT ( 'NONE',  ( -0.2816456428736584500, -0.6685640387331420700, 2.025000000000000800 ) ) ;
#6751 = CARTESIAN_POINT ( 'NONE',  ( -0.9942741570552146000, -0.5526335533674419100, 2.025000000000000800 ) ) ;
#6752 = FACE_OUTER_BOUND ( 'NONE', #2032, .T. ) ;
#6753 = FILL_AREA_STYLE ('',( #5153 ) ) ;
#6754 = FACE_OUTER_BOUND ( 'NONE', #6748, .T. ) ;
#6755 = ADVANCED_FACE ( 'NONE', ( #1131 ), #4310, .T. ) ;
#6756 =( LENGTH_UNIT ( ) NAMED_UNIT ( * ) SI_UNIT ( .MILLI., .METRE. ) );
#6757 = UNCERTAINTY_MEASURE_WITH_UNIT (LENGTH_MEASURE( 1.000000000000000100E-005 ), #4226, 'distance_accuracy_value', 'NONE');
#6758 = AXIS2_PLACEMENT_3D ( 'NONE', #3300, #9043, #4146 ) ;
#6759 = VERTEX_POINT ( 'NONE', #9266 ) ;
#6760 = CARTESIAN_POINT ( 'NONE',  ( 0.6971729405337634400, -0.2085350148371378800, 2.030000000000000200 ) ) ;
#6761 = CARTESIAN_POINT ( 'NONE',  ( 1.050641025641033500, -0.3873004670417882800, 2.025000000000000400 ) ) ;
#6762 = PRESENTATION_STYLE_ASSIGNMENT (( #1773 ) ) ;
#6763 = DIRECTION ( 'NONE',  ( 1.000000000000000000, 0.0000000000000000000, 0.0000000000000000000 ) ) ;
#6764 = LINE ( 'NONE', #58, #425 ) ;
#6765 = EDGE_CURVE ( 'NONE', #5923, #1215, #334, .T. ) ;
#6766 = PRESENTATION_STYLE_ASSIGNMENT (( #8772 ) ) ;
#6767 = CARTESIAN_POINT ( 'NONE',  ( -1.085038538715978900, -0.6509977637175760100, 2.030000000000000200 ) ) ;
#6768 = ORIENTED_EDGE ( 'NONE', *, *, #23, .F. ) ;
#6769 = CARTESIAN_POINT ( 'NONE',  ( -1.011619660020032500, -0.6084341542517853800, 2.030000000000000200 ) ) ;
#6770 = CARTESIAN_POINT ( 'NONE',  ( -0.1728211529940735500, -0.6958548301035553100, 2.025000000000001200 ) ) ;
#6771 = ORIENTED_EDGE ( 'NONE', *, *, #7262, .T. ) ;
#6772 = CARTESIAN_POINT ( 'NONE',  ( -0.1269230769230698400, 0.7800072252659040500, 2.030000000000000200 ) ) ;
#6773 =( LENGTH_UNIT ( ) NAMED_UNIT ( * ) SI_UNIT ( .MILLI., .METRE. ) );
#6774 = SURFACE_STYLE_USAGE ( .BOTH. , #1003 ) ;
#6775 =( NAMED_UNIT ( * ) PLANE_ANGLE_UNIT ( ) SI_UNIT ( $, .RADIAN. ) );
#6776 = ADVANCED_FACE ( 'NONE', ( #2550 ), #206, .F. ) ;
#6777 = ORIENTED_EDGE ( 'NONE', *, *, #10452, .F. ) ;
#6778 = PLANE ( 'NONE',  #1305 ) ;
#6779 = CARTESIAN_POINT ( 'NONE',  ( 0.6977744259805397400, -0.6639989226056627300, 2.030000000000000700 ) ) ;
#6780 =( NAMED_UNIT ( * ) SI_UNIT ( $, .STERADIAN. ) SOLID_ANGLE_UNIT ( ) );
#6781 = CARTESIAN_POINT ( 'NONE',  ( -0.9715624026183047300, -0.6426910488495620700, 2.025000000000000400 ) ) ;
#6782 = EDGE_CURVE ( 'NONE', #3863, #5599, #8082, .T. ) ;
#6783 =( GEOMETRIC_REPRESENTATION_CONTEXT ( 3 ) GLOBAL_UNCERTAINTY_ASSIGNED_CONTEXT ( ( #4847 ) ) GLOBAL_UNIT_ASSIGNED_CONTEXT ( ( #4054, #9798, #4881 ) ) REPRESENTATION_CONTEXT ( 'NONE', 'WORKASPACE' ) );
#6784 = CARTESIAN_POINT ( 'NONE',  ( 0.7648634457175463900, -0.4037635002823849500, 2.025000000000000800 ) ) ;
#6785 = COLOUR_RGB ( '',0.7294117647058823200, 0.3568627450980392200, 0.02352941176470588200 ) ;
#6786 = ORIENTED_EDGE ( 'NONE', *, *, #2378, .T. ) ;
#6787 = CARTESIAN_POINT ( 'NONE',  ( -1.007690964823025900, -0.5073098211221921400, 2.030000000000000200 ) ) ;
#6788 = DIRECTION ( 'NONE',  ( 0.08682659386424404500, -0.08682659386424422500, 0.9924325091389677400 ) ) ;
#6789 = DIRECTION ( 'NONE',  ( -0.0000000000000000000, -0.0000000000000000000, 1.000000000000000000 ) ) ;
#6790 = MECHANICAL_DESIGN_GEOMETRIC_PRESENTATION_REPRESENTATION (  '', ( #5156 ), #7336 ) ;
#6791 = SURFACE_STYLE_FILL_AREA ( #615 ) ;
#6792 = CARTESIAN_POINT ( 'NONE',  ( 0.7095657113928508500, -0.3640006550186232200, 2.024999999999999500 ) ) ;
#6793 = LINE ( 'NONE', #8716, #7831 ) ;
#6794 = PRESENTATION_STYLE_ASSIGNMENT (( #8441 ) ) ;
#6795 = ORIENTED_EDGE ( 'NONE', *, *, #7046, .F. ) ;
#6796 = CARTESIAN_POINT ( 'NONE',  ( 0.6487179487179560700, -0.2735985439648651600, 2.025000000000000400 ) ) ;
#6797 = CARTESIAN_POINT ( 'NONE',  ( -0.3157311385229801300, -0.7257208352445599900, 2.030000000000001600 ) ) ;
#6798 = CARTESIAN_POINT ( 'NONE',  ( 1.837196442286322300, 0.2982751958264601200, 1.088542689180975100 ) ) ;
#6799 = DIRECTION ( 'NONE',  ( -1.000000000000000000, 0.0000000000000000000, 0.0000000000000000000 ) ) ;
#6800 = CARTESIAN_POINT ( 'NONE',  ( -1.011619660020032500, -0.6084341542517853800, 2.025000000000000400 ) ) ;
#6801 = AXIS2_PLACEMENT_3D ( 'NONE', #4374, #10126, #5201 ) ;
#6802 = DIRECTION ( 'NONE',  ( -0.0000000000000000000, -0.0000000000000000000, 1.000000000000000000 ) ) ;
#6803 = CARTESIAN_POINT ( 'NONE',  ( -0.2729716528277297800, -0.7240208957850168300, 2.029999999999999800 ) ) ;
#6804 = LINE ( 'NONE', #4234, #209 ) ;
#6805 = STYLED_ITEM ( 'NONE', ( #282 ), #2928 ) ;
#6806 = PRESENTATION_LAYER_ASSIGNMENT (  '', '', ( #5174 ) ) ;
#6807 = CARTESIAN_POINT ( 'NONE',  ( 0.8383999204163515900, -0.5622543383715671300, 2.030000000000000200 ) ) ;
#6808 = ORIENTED_EDGE ( 'NONE', *, *, #4, .T. ) ;
#6809 = PRESENTATION_LAYER_ASSIGNMENT (  '', '', ( #5700 ) ) ;
#6810 = LINE ( 'NONE', #5818, #2693 ) ;
#6811 = FILL_AREA_STYLE ('',( #10052 ) ) ;
#6812 = ORIENTED_EDGE ( 'NONE', *, *, #8730, .F. ) ;
#6813 = PLANE ( 'NONE',  #1923 ) ;
#6814 = VERTEX_POINT ( 'NONE', #1080 ) ;
#6815 = ADVANCED_FACE ( 'NONE', ( #5905 ), #9240, .T. ) ;
#6816 =( NAMED_UNIT ( * ) PLANE_ANGLE_UNIT ( ) SI_UNIT ( $, .RADIAN. ) );
#6817 = EDGE_CURVE ( 'NONE', #1017, #10355, #5143, .T. ) ;
#6818 = FILL_AREA_STYLE_COLOUR ( '', #1900 ) ;
#6819 = FILL_AREA_STYLE ('',( #204 ) ) ;
#6820 = VECTOR ( 'NONE', #3872, 1000.000000000000000 ) ;
#6822 = DIRECTION ( 'NONE',  ( 0.0000000000000000000, 0.0000000000000000000, 1.000000000000000000 ) ) ;
#6821 = CARTESIAN_POINT ( 'NONE',  ( 0.8858027493659228500, -0.6059508353195993700, 2.024999999999999900 ) ) ;
#6823 = CARTESIAN_POINT ( 'NONE',  ( -0.3157311385229801300, -0.7257208352445599900, 2.030000000000000200 ) ) ;
#6824 = VERTEX_POINT ( 'NONE', #1969 ) ;
#6825 = ORIENTED_EDGE ( 'NONE', *, *, #5545, .T. ) ;
#6826 = ORIENTED_EDGE ( 'NONE', *, *, #3636, .F. ) ;
#6827 = COLOUR_RGB ( '',1.000000000000000000, 0.7176470588235294200, 0.2470588235294117800 ) ;
#6828 = STYLED_ITEM ( 'NONE', ( #5349 ), #4469 ) ;
#6829 = CARTESIAN_POINT ( 'NONE',  ( 0.8438880235427667100, -0.4719722988342466800, 2.030000000000000200 ) ) ;
#6830 = COLOUR_RGB ( '',0.6862745098039215700, 0.6078431372549019100, 0.5294117647058823600 ) ;
#6831 = CARTESIAN_POINT ( 'NONE',  ( -1.084244791666660000, -0.4572624061443523700, 2.025000000000000400 ) ) ;
#6832 = STYLED_ITEM ( 'NONE', ( #4227 ), #9299 ) ;
#6833 = CARTESIAN_POINT ( 'NONE',  ( 0.7033721357642152000, -0.4224540279239438800, 2.029999999999999800 ) ) ;
#6834 = VECTOR ( 'NONE', #4121, 1000.000000000000000 ) ;
#6835 = DIRECTION ( 'NONE',  ( -0.0000000000000000000, -0.0000000000000000000, 1.000000000000000000 ) ) ;
#6836 = ADVANCED_FACE ( 'NONE', ( #7052 ), #1933, .T. ) ;
#6837 = ADVANCED_FACE ( 'NONE', ( #10659 ), #2790, .T. ) ;
#6838 = UNCERTAINTY_MEASURE_WITH_UNIT (LENGTH_MEASURE( 1.000000000000000100E-005 ), #9932, 'distance_accuracy_value', 'NONE');
#6839 = DIRECTION ( 'NONE',  ( 0.0000000000000000000, 0.0000000000000000000, 1.000000000000000000 ) ) ;
#6840 = ORIENTED_EDGE ( 'NONE', *, *, #7778, .F. ) ;
#6841 = CARTESIAN_POINT ( 'NONE',  ( -0.4239617756801612500, -0.7075292149380383300, 2.025000000000000400 ) ) ;
#6842 = FILL_AREA_STYLE ('',( #4365 ) ) ;
#6843 = DIRECTION ( 'NONE',  ( -0.4189977888269747500, 0.9079872537420917700, 0.0000000000000000000 ) ) ;
#6844 = CARTESIAN_POINT ( 'NONE',  ( -1.600380530190832300, 1.465000000000000100, 1.070000000000000100 ) ) ;
#6845 = CARTESIAN_POINT ( 'NONE',  ( -0.5533068173518347300, -0.6091341556643070600, 2.030000000000000700 ) ) ;
#6846 = CARTESIAN_POINT ( 'NONE',  ( -0.6015999980118838000, -0.3755429914310213800, 2.030000000000000700 ) ) ;
#6847 = SURFACE_SIDE_STYLE ('',( #10424 ) ) ;
#6848 = ORIENTED_EDGE ( 'NONE', *, *, #4, .F. ) ;
#6849 = CARTESIAN_POINT ( 'NONE',  ( 1.311538461538469500, -0.2180696978110190400, 2.025000000000000400 ) ) ;
#6850 = ORIENTED_EDGE ( 'NONE', *, *, #8564, .F. ) ;
#6851 = EDGE_CURVE ( 'NONE', #1482, #5565, #7703, .T. ) ;
#6852 = SURFACE_SIDE_STYLE ('',( #5357 ) ) ;
#6853 = EDGE_CURVE ( 'NONE', #2064, #5483, #5509, .T. ) ;
#6854 = PRESENTATION_STYLE_ASSIGNMENT (( #9999 ) ) ;
#6855 = CARTESIAN_POINT ( 'NONE',  ( 0.7544871794871871300, 0.7800072252659041600, 2.025000000000000400 ) ) ;
#6856 = CARTESIAN_POINT ( 'NONE',  ( 0.8427789593131762600, -0.6816441194170241900, 2.030000000000000200 ) ) ;
#6857 = CARTESIAN_POINT ( 'NONE',  ( -1.012556327938611200, -0.5001985600698821700, 2.030000000000000200 ) ) ;
#6858 = CLOSED_SHELL ( 'NONE', ( #5204, #253, #1981, #6027, #3533, #2658, #9180, #3555, #10129, #10111, #94, #2768, #10163, #4450, #5956, #6815, #1866, #8593, #322, #6159, #5119, #2717, #5177, #8611, #10331, #9261, #6067, #2736, #3421, #9316, #3644, #8383, #2784, #4359, #5048, #9511, #1073, #7510, #2737, #7786, #5974, #2994, #6888, #513, #3607, #1156, #7697, #3589, #10187, #6215, #1729, #1094, #4417, #8536, #8509, #5898, #4398, #221, #2061, #4501, #7124, #10076, #7750, #4240, #6776, #404, #2029, #3848, #196, #8558, #2871, #1982, #8760, #7570, #2782, #2819, #2605, #1925, #1040, #370, #1039, #8493, #4306, #1237, #10235, #9365, #3608, #5099, #303, #8707, #5262, #2112, #8326, #4548, #1024, #3692, #6089, #9560, #6924, #1295, #6025, #1867, #1202, #6009, #8399, #9461, #9235, #1179, #6867, #3753, #9259, #4469, #5282, #147, #6117, #7896, #5224, #1963, #4361, #7642, #7594, #2838, #8429, #353, #6264, #968, #6133, #5281, #9367, #4292, #10219, #1926, #9315, #5178, #4520, #9299, #5370, #3657, #1341, #1845, #8559, #3476, #9406, #1095, #462, #1133, #5421, #3553, #164, #9428, #4343, #6971, #2157, #6887, #5226, #4606, #6710, #8451, #7806, #1903, #8652, #4660, #6088, #7699, #10380, #6837, #6836, #2677, #7018, #5335, #1812, #4470, #10055, #5320, #7078, #265, #223, #7748, #1157, #6755, #2012, #3797, #4416, #7643, #914, #7678, #3501, #7838, #7628, #10270, #5466, #10185, #8511, #9993, #9348, #2928, #8450, #986, #6942, #7947, #5158, #266, #1789, #7736, #10130 ) ) ;
#6859 = PRESENTATION_LAYER_ASSIGNMENT (  '', '', ( #5752 ) ) ;
#6860 = STYLED_ITEM ( 'NONE', ( #8874 ), #6264 ) ;
#6861 =( NAMED_UNIT ( * ) SI_UNIT ( $, .STERADIAN. ) SOLID_ANGLE_UNIT ( ) );
#6862 = CARTESIAN_POINT ( 'NONE',  ( 0.8884615384615458500, -0.5769138484520447400, 2.025000000000000400 ) ) ;
#6863 = VERTEX_POINT ( 'NONE', #10277 ) ;
#6864 = EDGE_CURVE ( 'NONE', #997, #1938, #1118, .T. ) ;
#6865 = SURFACE_STYLE_USAGE ( .BOTH. , #1088 ) ;
#6866 = CARTESIAN_POINT ( 'NONE',  ( 0.8818952590183869500, -0.5347850443074355600, 2.025000000000000400 ) ) ;
#6867 = ADVANCED_FACE ( 'NONE', ( #850 ), #2070, .T. ) ;
#6868 = CARTESIAN_POINT ( 'NONE',  ( 0.3455128205128281100, 0.2300072252659040600, 2.025000000000000400 ) ) ;
#6869 = STYLED_ITEM ( 'NONE', ( #6794 ), #404 ) ;
#6870 = CARTESIAN_POINT ( 'NONE',  ( 0.6755831815729948000, -0.3354402685668996800, 2.030000000000000700 ) ) ;
#6871 = VERTEX_POINT ( 'NONE', #2935 ) ;
#6872 = CARTESIAN_POINT ( 'NONE',  ( -0.5035268639185736000, -0.6623778441305442400, 2.030000000000001600 ) ) ;
#6873 = ORIENTED_EDGE ( 'NONE', *, *, #277, .F. ) ;
#6874 =( GEOMETRIC_REPRESENTATION_CONTEXT ( 3 ) GLOBAL_UNCERTAINTY_ASSIGNED_CONTEXT ( ( #9453 ) ) GLOBAL_UNIT_ASSIGNED_CONTEXT ( ( #8434, #3521, #9265 ) ) REPRESENTATION_CONTEXT ( 'NONE', 'WORKASPACE' ) );
#6875 = CARTESIAN_POINT ( 'NONE',  ( -1.120492788461531700, -0.7116594414007626500, 2.030000000000000200 ) ) ;
#6876 = UNCERTAINTY_MEASURE_WITH_UNIT (LENGTH_MEASURE( 1.000000000000000100E-005 ), #6104, 'distance_accuracy_value', 'NONE');
#6877 = DIRECTION ( 'NONE',  ( -0.0000000000000000000, -0.0000000000000000000, 1.000000000000000000 ) ) ;
#6878 = DIRECTION ( 'NONE',  ( 0.9079872537420917700, 0.4189977888269750800, 0.0000000000000000000 ) ) ;
#6879 = B_SPLINE_SURFACE_WITH_KNOTS ( 'NONE', 3, 1, ( 
 ( #5663, #4083 ),
 ( #9829, #4916 ),
 ( #10663, #5733 ),
 ( #775, #6562 ),
 ( #1613, #7384 ),
 ( #2444, #8221 ),
 ( #3282, #9031 ),
 ( #4128, #9867 ),
 ( #4948, #10704 ),
 ( #5775, #814 ),
 ( #6597, #1653 ) ),
 .UNSPECIFIED., .F., .F., .F.,
 ( 4, 1, 1, 1, 1, 1, 1, 1, 4 ),
 ( 2, 2 ),
 ( 0.0000000000000000000, 0.05259428152913663700, 0.1249519739750393800, 0.2180938989285943500, 0.3335024107325187900, 0.4687891785044469600, 0.6249375859645975900, 0.8016830479282270900, 1.000000000000000000 ),
 ( 0.0000000000000000000, 1.000000000000000000 ),
 .UNSPECIFIED. ) ;
#6880 = CARTESIAN_POINT ( 'NONE',  ( -0.3412525836602582400, -0.1483093630850435000, 2.030000000000000200 ) ) ;
#6881 = EDGE_CURVE ( 'NONE', #7664, #6720, #2272, .T. ) ;
#6882 = LINE ( 'NONE', #2228, #4699 ) ;
#6883 = CARTESIAN_POINT ( 'NONE',  ( 0.6947638186110762800, -0.7221138569176034400, 2.025000000000000800 ) ) ;
#6884 = VECTOR ( 'NONE', #1324, 1000.000000000000000 ) ;
#6885 =( NAMED_UNIT ( * ) PLANE_ANGLE_UNIT ( ) SI_UNIT ( $, .RADIAN. ) );
#6886 =( GEOMETRIC_REPRESENTATION_CONTEXT ( 3 ) GLOBAL_UNCERTAINTY_ASSIGNED_CONTEXT ( ( #1744 ) ) GLOBAL_UNIT_ASSIGNED_CONTEXT ( ( #8725, #3801, #9549 ) ) REPRESENTATION_CONTEXT ( 'NONE', 'WORKASPACE' ) );
#6887 = ADVANCED_FACE ( 'NONE', ( #6399 ), #3108, .T. ) ;
#6888 = ADVANCED_FACE ( 'NONE', ( #1481 ), #2670, .T. ) ;
#6889 = AXIS2_PLACEMENT_3D ( 'NONE', #6011, #1058, #6839 ) ;
#6890 =( NAMED_UNIT ( * ) PLANE_ANGLE_UNIT ( ) SI_UNIT ( $, .RADIAN. ) );
#6891 = ORIENTED_EDGE ( 'NONE', *, *, #6853, .T. ) ;
#6892 = CARTESIAN_POINT ( 'NONE',  ( -1.120848518912745500, -0.6546932254302110200, 2.025000000000000800 ) ) ;
#6894 = FILL_AREA_STYLE_COLOUR ( '', #4097 ) ;
#6893 = CARTESIAN_POINT ( 'NONE',  ( 0.7472791878569512400, -0.7254235726343291100, 2.025000000000001200 ) ) ;
#6895 = AXIS2_PLACEMENT_3D ( 'NONE', #2506, #8280, #3360 ) ;
#6896 = FACE_OUTER_BOUND ( 'NONE', #4064, .T. ) ;
#6897 = CARTESIAN_POINT ( 'NONE',  ( 0.2926282051282122500, 0.7800072252659040500, 2.025000000000000400 ) ) ;
#6898 = MECHANICAL_DESIGN_GEOMETRIC_PRESENTATION_REPRESENTATION (  '', ( #5254 ), #7435 ) ;
#6899 = ORIENTED_EDGE ( 'NONE', *, *, #983, .F. ) ;
#6900 = CARTESIAN_POINT ( 'NONE',  ( -0.2204427768894367000, -0.1591193892967413500, 2.024999999999999900 ) ) ;
#6901 = UNCERTAINTY_MEASURE_WITH_UNIT (LENGTH_MEASURE( 1.000000000000000100E-005 ), #1038, 'distance_accuracy_value', 'NONE');
#6902 = SURFACE_SIDE_STYLE ('',( #7874 ) ) ;
#6903 = CARTESIAN_POINT ( 'NONE',  ( -1.169959948543600300, -0.4508052546036893600, 2.024999999999999900 ) ) ;
#6904 = ORIENTED_EDGE ( 'NONE', *, *, #5430, .F. ) ;
#6905 = SURFACE_STYLE_FILL_AREA ( #4082 ) ;
#6906 = CARTESIAN_POINT ( 'NONE',  ( 0.3868289262820583900, -0.5353773901187113300, 2.025000000000000400 ) ) ;
#6907 = CARTESIAN_POINT ( 'NONE',  ( -1.650000000000004600, -1.100000000000000100, 0.1000000000000000300 ) ) ;
#6908 = CARTESIAN_POINT ( 'NONE',  ( -0.1578368777374751000, -0.6878991705373690400, 2.024999999999999500 ) ) ;
#6909 = VECTOR ( 'NONE', #638, 1000.000000000000000 ) ;
#6910 = VERTEX_POINT ( 'NONE', #5728 ) ;
#6911 = DIRECTION ( 'NONE',  ( -1.000000000000000000, -3.552334763092437900E-015, -0.0000000000000000000 ) ) ;
#6912 = CARTESIAN_POINT ( 'NONE',  ( -1.269230769230762500, -0.1616594414007626000, 2.025000000000000400 ) ) ;
#6913 = VECTOR ( 'NONE', #3639, 999.9999999999998900 ) ;
#6914 = CARTESIAN_POINT ( 'NONE',  ( -0.6999999999999994000, 1.250000000000000000, 0.06142135623730953600 ) ) ;
#6915 = EDGE_CURVE ( 'NONE', #3835, #1415, #9228, .T. ) ;
#6916 = CARTESIAN_POINT ( 'NONE',  ( 0.7348758012820586500, -0.1475568772981984700, 2.030000000000000200 ) ) ;
#6917 = FILL_AREA_STYLE ('',( #5273 ) ) ;
#6918 = B_SPLINE_SURFACE_WITH_KNOTS ( 'NONE', 3, 1, ( 
 ( #7025, #7901 ),
 ( #2981, #8726 ),
 ( #3802, #9550 ),
 ( #4630, #10388 ),
 ( #5455, #487 ),
 ( #6269, #1327 ),
 ( #7102, #2164 ),
 ( #7935, #3010 ),
 ( #8768, #3833 ),
 ( #9577, #4668 ),
 ( #10427, #5481 ),
 ( #517, #6303 ),
 ( #1361, #7128 ),
 ( #2200, #7968 ),
 ( #3046, #8794 ) ),
 .UNSPECIFIED., .F., .F., .F.,
 ( 4, 1, 1, 1, 1, 1, 1, 1, 1, 1, 1, 1, 4 ),
 ( 2, 2 ),
 ( 0.0000000000000000000, 0.08378537065370982000, 0.1657798879221416600, 0.2462800078932624000, 0.3274609277363897400, 0.4087969540320678400, 0.4897152412309883100, 0.5713760321300525000, 0.6555233211112765400, 0.7410194827999727600, 0.8265467605037607500, 0.9119888516548333400, 0.9999999999999998900 ),
 ( 0.0000000000000000000, 1.000000000000000000 ),
 .UNSPECIFIED. ) ;
#6919 = DIRECTION ( 'NONE',  ( 0.0000000000000000000, 0.0000000000000000000, 1.000000000000000000 ) ) ;
#6920 = ORIENTED_EDGE ( 'NONE', *, *, #9882, .F. ) ;
#6921 = CARTESIAN_POINT ( 'NONE',  ( 0.6293795452591612900, -0.6906445304486708000, 2.030000000000000700 ) ) ;
#6922 = EDGE_CURVE ( 'NONE', #4314, #835, #4855, .T. ) ;
#6923 = CARTESIAN_POINT ( 'NONE',  ( -1.710000000000005100, 1.100000000000000100, 1.030000000000000000 ) ) ;
#6924 = ADVANCED_FACE ( 'NONE', ( #4611 ), #7412, .T. ) ;
#6925 = LINE ( 'NONE', #6174, #4737 ) ;
#6926 = FILL_AREA_STYLE_COLOUR ( '', #5618 ) ;
#6927 = VERTEX_POINT ( 'NONE', #5769 ) ;
#6929 =( NAMED_UNIT ( * ) SI_UNIT ( $, .STERADIAN. ) SOLID_ANGLE_UNIT ( ) );
#6928 = FILL_AREA_STYLE ('',( #6103 ) ) ;
#6930 = ORIENTED_EDGE ( 'NONE', *, *, #8219, .T. ) ;
#6931 = CARTESIAN_POINT ( 'NONE',  ( -0.4384139435038375000, -0.7018870027352948100, 2.030000000000000200 ) ) ;
#6932 = EDGE_CURVE ( 'NONE', #481, #5483, #8204, .T. ) ;
#6933 = EDGE_CURVE ( 'NONE', #357, #9451, #3834, .T. ) ;
#6934 = STYLED_ITEM ( 'NONE', ( #2163 ), #266 ) ;
#6935 = CARTESIAN_POINT ( 'NONE',  ( -0.1286582169456181900, -0.2037972196725176000, 2.030000000000000200 ) ) ;
#6936 = VECTOR ( 'NONE', #1989, 1000.000000000000000 ) ;
#6937 = FACE_OUTER_BOUND ( 'NONE', #3415, .T. ) ;
#6938 = CARTESIAN_POINT ( 'NONE',  ( 0.6232064307948798100, -0.5987928203894994400, 2.030000000000000700 ) ) ;
#6939 = ORIENTED_EDGE ( 'NONE', *, *, #3906, .F. ) ;
#6940 = DIRECTION ( 'NONE',  ( -4.869229399644720500E-015, 0.0000000000000000000, 1.000000000000000000 ) ) ;
#6941 = PRESENTATION_LAYER_ASSIGNMENT (  '', '', ( #5835 ) ) ;
#6942 = ADVANCED_FACE ( 'NONE', ( #6020 ), #5839, .T. ) ;
#6943 = CARTESIAN_POINT ( 'NONE',  ( -0.6585786437626903700, -1.208578643762690200, 0.02000000000000002500 ) ) ;
#6944 = LINE ( 'NONE', #3847, #4761 ) ;
#6945 = ORIENTED_EDGE ( 'NONE', *, *, #8788, .F. ) ;
#6946 =( GEOMETRIC_REPRESENTATION_CONTEXT ( 3 ) GLOBAL_UNCERTAINTY_ASSIGNED_CONTEXT ( ( #1409 ) ) GLOBAL_UNIT_ASSIGNED_CONTEXT ( ( #1405, #7170, #2237 ) ) REPRESENTATION_CONTEXT ( 'NONE', 'WORKASPACE' ) );
#6947 =( NAMED_UNIT ( * ) SI_UNIT ( $, .STERADIAN. ) SOLID_ANGLE_UNIT ( ) );
#6948 = VERTEX_POINT ( 'NONE', #8283 ) ;
#6949 = VERTEX_POINT ( 'NONE', #5878 ) ;
#6950 = DIRECTION ( 'NONE',  ( 1.000000000000000000, 0.0000000000000000000, -0.0000000000000000000 ) ) ;
#6951 = FACE_OUTER_BOUND ( 'NONE', #9582, .T. ) ;
#6952 = VECTOR ( 'NONE', #2875, 1000.000000000000000 ) ;
#6953 = CARTESIAN_POINT ( 'NONE',  ( 0.5669962212557883000, -0.6108003593661423000, 2.024999999999999900 ) ) ;
#6954 = CARTESIAN_POINT ( 'NONE',  ( -0.3300498017325743700, -0.2041569840247455000, 2.030000000000000700 ) ) ;
#6955 = VERTEX_POINT ( 'NONE', #924 ) ;
#6956 = ORIENTED_EDGE ( 'NONE', *, *, #6447, .F. ) ;
#6957 = VECTOR ( 'NONE', #10720, 1000.000000000000000 ) ;
#6959 =( NAMED_UNIT ( * ) SI_UNIT ( $, .STERADIAN. ) SOLID_ANGLE_UNIT ( ) );
#6958 = SURFACE_SIDE_STYLE ('',( #6065 ) ) ;
#6960 = ORIENTED_EDGE ( 'NONE', *, *, #7467, .F. ) ;
#6961 = DIRECTION ( 'NONE',  ( 1.000000000000000000, 0.0000000000000000000, 0.0000000000000000000 ) ) ;
#6962 = CARTESIAN_POINT ( 'NONE',  ( -0.5568529962046615500, -0.4453395302274458200, 2.030000000000000700 ) ) ;
#6963 = PRESENTATION_STYLE_ASSIGNMENT (( #8963 ) ) ;
#6964 = STYLED_ITEM ( 'NONE', ( #4559 ), #4660 ) ;
#6965 = LINE ( 'NONE', #5113, #4782 ) ;
#6966 = CARTESIAN_POINT ( 'NONE',  ( 1.750000000000004700, -1.024999999999527000, 0.2300000000000005900 ) ) ;
#6967 = COLOUR_RGB ( '',0.7294117647058823200, 0.3568627450980392200, 0.02352941176470588200 ) ;
#6968 = UNCERTAINTY_MEASURE_WITH_UNIT (LENGTH_MEASURE( 1.000000000000000100E-005 ), #791, 'distance_accuracy_value', 'NONE');
#6969 = ORIENTED_EDGE ( 'NONE', *, *, #1129, .F. ) ;
#6970 = DIRECTION ( 'NONE',  ( -0.4285960263555435600, -0.9034962347415943500, 0.0000000000000000000 ) ) ;
#6971 = ADVANCED_FACE ( 'NONE', ( #4985 ), #3240, .T. ) ;
#6972 = CARTESIAN_POINT ( 'NONE',  ( -0.9565253587864862600, -0.6160595148062891800, 2.030000000000000200 ) ) ;
#6973 = LINE ( 'NONE', #1170, #624 ) ;
#6974 = DIRECTION ( 'NONE',  ( -7.135839981511659100E-015, -3.690241947746627400E-013, 1.000000000000000000 ) ) ;
#6975 = ORIENTED_EDGE ( 'NONE', *, *, #1256, .F. ) ;
#6976 = FILL_AREA_STYLE_COLOUR ( '', #7832 ) ;
#6977 = CARTESIAN_POINT ( 'NONE',  ( -0.1137019230769161400, -0.2956338003751216000, 2.030000000000000200 ) ) ;
#6978 = FILL_AREA_STYLE ('',( #363 ) ) ;
#6979 = VERTEX_POINT ( 'NONE', #10121 ) ;
#6980 = SURFACE_STYLE_FILL_AREA ( #4972 ) ;
#6981 = CARTESIAN_POINT ( 'NONE',  ( -1.150000000000005200, 1.100000000000000100, 0.1000000000000000500 ) ) ;
#6982 = EDGE_CURVE ( 'NONE', #8568, #2878, #2243, .T. ) ;
#6983 = CARTESIAN_POINT ( 'NONE',  ( -0.4374690743630576500, -0.2349737655133293000, 2.024999999999999500 ) ) ;
#6984 = EDGE_CURVE ( 'NONE', #8916, #5024, #2021, .T. ) ;
#6985 = DIRECTION ( 'NONE',  ( 2.950209993157862100E-015, -1.000000000000000000, 0.0000000000000000000 ) ) ;
#6986 = CARTESIAN_POINT ( 'NONE',  ( -1.092722914098282800, -0.4555422546436686000, 2.025000000000000800 ) ) ;
#6987 = ORIENTED_EDGE ( 'NONE', *, *, #8787, .T. ) ;
#6988 = PRESENTATION_STYLE_ASSIGNMENT (( #9465 ) ) ;
#6989 = PRESENTATION_STYLE_ASSIGNMENT (( #3850 ) ) ;
#6990 = CARTESIAN_POINT ( 'NONE',  ( -0.5035780136878207400, -0.5862656353993924700, 2.024999999999999500 ) ) ;
#6991 = ORIENTED_EDGE ( 'NONE', *, *, #5827, .F. ) ;
#6992 = VERTEX_POINT ( 'NONE', #4442 ) ;
#6993 =( GEOMETRIC_REPRESENTATION_CONTEXT ( 3 ) GLOBAL_UNCERTAINTY_ASSIGNED_CONTEXT ( ( #6217 ) ) GLOBAL_UNIT_ASSIGNED_CONTEXT ( ( #7268, #2327, #8103 ) ) REPRESENTATION_CONTEXT ( 'NONE', 'WORKASPACE' ) );
#6994 = AXIS2_PLACEMENT_3D ( 'NONE', #7753, #2824, #8579 ) ;
#6995 = FILL_AREA_STYLE_COLOUR ( '', #2533 ) ;
#6996 = CIRCLE ( 'NONE', #5033, 0.09999999999999999200 ) ;
#6997 = EDGE_CURVE ( 'NONE', #787, #3620, #4223, .T. ) ;
#6998 = CARTESIAN_POINT ( 'NONE',  ( 0.6849659455128279700, -0.3446622458879420900, 2.030000000000000200 ) ) ;
#6999 = VECTOR ( 'NONE', #8895, 1000.000000000000000 ) ;
#7000 = ORIENTED_EDGE ( 'NONE', *, *, #10025, .F. ) ;
#7001 = LINE ( 'NONE', #3031, #8036 ) ;
#7002 = B_SPLINE_CURVE_WITH_KNOTS ( 'NONE', 3,
 ( #8480, #2725, #4383, #10137, #5212, #244, #6034, #1081, #6857, #1935, #7685, #2759, #8515, #3597, #9337 ),
 .UNSPECIFIED., .F., .F.,
 ( 4, 1, 1, 1, 1, 1, 1, 1, 1, 1, 1, 1, 4 ),
 ( 0.0000000000000000000, 0.06028739792797113000, 0.1196023547075214900, 0.1775033710185406600, 0.2351426637323305300, 0.2921325932269339700, 0.3508712086415660100, 0.4100978625665938600, 0.4707315215304496700, 0.5948287040804153300, 0.7225788240942902000, 0.8566913895440163600, 1.000000000000000000 ),
 .UNSPECIFIED. ) ;
#7003 = CARTESIAN_POINT ( 'NONE',  ( 0.6612017048941403200, -0.3172001555877935200, 2.024999999999999500 ) ) ;
#7004 = FACE_OUTER_BOUND ( 'NONE', #7971, .T. ) ;
#7005 =( GEOMETRIC_REPRESENTATION_CONTEXT ( 3 ) GLOBAL_UNCERTAINTY_ASSIGNED_CONTEXT ( ( #4984 ) ) GLOBAL_UNIT_ASSIGNED_CONTEXT ( ( #7679, #2753, #8508 ) ) REPRESENTATION_CONTEXT ( 'NONE', 'WORKASPACE' ) );
#7006 = CARTESIAN_POINT ( 'NONE',  ( -0.5301127085101742200, -0.5487626411551401700, 2.030000000000000200 ) ) ;
#7007 = MECHANICAL_DESIGN_GEOMETRIC_PRESENTATION_REPRESENTATION (  '', ( #5374 ), #7566 ) ;
#7008 = CARTESIAN_POINT ( 'NONE',  ( 0.5993589743589817800, -0.2759122458879420500, 2.025000000000000400 ) ) ;
#7009 = LINE ( 'NONE', #8043, #416 ) ;
#7010 = DIRECTION ( 'NONE',  ( -1.000000000000000000, -3.571489509364014900E-015, 0.0000000000000000000 ) ) ;
#7011 = CARTESIAN_POINT ( 'NONE',  ( -0.3035547550506265700, -0.2042200969465059200, 2.029999999999999800 ) ) ;
#7012 = CARTESIAN_POINT ( 'NONE',  ( 0.8028611120196937900, -0.5025482872137356800, 2.030000000000000200 ) ) ;
#7013 = EDGE_CURVE ( 'NONE', #8805, #10029, #59, .T. ) ;
#7014 = ORIENTED_EDGE ( 'NONE', *, *, #4335, .T. ) ;
#7015 = CARTESIAN_POINT ( 'NONE',  ( -1.124886494144974300, -0.2191891949174015500, 2.030000000000000200 ) ) ;
#7016 = CARTESIAN_POINT ( 'NONE',  ( -0.5086365754722665900, -0.2938971986072914700, 2.030000000000000200 ) ) ;
#7017 = VECTOR ( 'NONE', #10706, 1000.000000000000100 ) ;
#7018 = ADVANCED_FACE ( 'NONE', ( #6388 ), #2812, .T. ) ;
#7019 = VECTOR ( 'NONE', #3303, 1000.000000000000000 ) ;
#7020 =( NAMED_UNIT ( * ) PLANE_ANGLE_UNIT ( ) SI_UNIT ( $, .RADIAN. ) );
#7021 = ORIENTED_EDGE ( 'NONE', *, *, #1316, .T. ) ;
#7022 = CARTESIAN_POINT ( 'NONE',  ( -1.169959948543600300, -0.4508052546036893600, 2.029999999999999800 ) ) ;
#7023 = UNCERTAINTY_MEASURE_WITH_UNIT (LENGTH_MEASURE( 1.000000000000000100E-005 ), #3575, 'distance_accuracy_value', 'NONE');
#7024 = MECHANICAL_DESIGN_GEOMETRIC_PRESENTATION_REPRESENTATION (  '', ( #5934 ), #7580 ) ;
#7026 = DIRECTION ( 'NONE',  ( 0.8422489274984860100, -0.5390888091285609400, 0.0000000000000000000 ) ) ;
#7025 = CARTESIAN_POINT ( 'NONE',  ( 0.5993589743589818900, -0.2759122458879421100, 2.025000000000000800 ) ) ;
#7027 = AXIS2_PLACEMENT_3D ( 'NONE', #7530, #8362, #1810 ) ;
#7028 = CARTESIAN_POINT ( 'NONE',  ( -0.3849956284268296600, -0.6604142485873512000, 2.030000000000001100 ) ) ;
#7029 = ORIENTED_EDGE ( 'NONE', *, *, #1291, .T. ) ;
#7030 = MECHANICAL_DESIGN_GEOMETRIC_PRESENTATION_REPRESENTATION (  '', ( #5940 ), #7589 ) ;
#7031 = CARTESIAN_POINT ( 'NONE',  ( -1.700000000000005300, -0.4750000000000002600, 1.170000000000000200 ) ) ;
#7032 = CARTESIAN_POINT ( 'NONE',  ( -1.699999999999994600, -1.465000000000006300, 1.169999999999999900 ) ) ;
#7033 = CARTESIAN_POINT ( 'NONE',  ( 0.8627897585426451700, -0.6585457081404098000, 2.030000000000001100 ) ) ;
#7034 = ORIENTED_EDGE ( 'NONE', *, *, #165, .T. ) ;
#7035 = PLANE ( 'NONE',  #4928 ) ;
#7036 = PRESENTATION_STYLE_ASSIGNMENT (( #444 ) ) ;
#7037 = CARTESIAN_POINT ( 'NONE',  ( -0.6999999999999998400, -1.250000000000000000, 0.1200000000000000000 ) ) ;
#7038 = LINE ( 'NONE', #9016, #689 ) ;
#7039 = VECTOR ( 'NONE', #10715, 999.9999999999998900 ) ;
#7040 = PRESENTATION_STYLE_ASSIGNMENT (( #4159 ) ) ;
#7041 = EDGE_LOOP ( 'NONE', ( #6670, #1854, #1004, #4375 ) ) ;
#7042 = COLOUR_RGB ( '',0.7294117647058823200, 0.3568627450980392200, 0.02352941176470588200 ) ;
#7043 = EDGE_CURVE ( 'NONE', #2342, #4332, #7551, .T. ) ;
#7044 = CARTESIAN_POINT ( 'NONE',  ( 0.8534558496882950200, -0.2055379966561803600, 2.030000000000000200 ) ) ;
#7045 = DIRECTION ( 'NONE',  ( -0.9034962347415943500, 0.4285960263555437200, 0.0000000000000000000 ) ) ;
#7046 = EDGE_CURVE ( 'NONE', #9270, #5508, #3182, .T. ) ;
#7047 = CARTESIAN_POINT ( 'NONE',  ( 0.7202223557692382100, -0.4344559157597369700, 2.025000000000000400 ) ) ;
#7048 = SURFACE_STYLE_FILL_AREA ( #4616 ) ;
#7049 = VECTOR ( 'NONE', #4317, 1000.000000000000100 ) ;
#7050 =( LENGTH_UNIT ( ) NAMED_UNIT ( * ) SI_UNIT ( .MILLI., .METRE. ) );
#7051 = EDGE_LOOP ( 'NONE', ( #130, #4522, #10249, #9707 ) ) ;
#7052 = FACE_OUTER_BOUND ( 'NONE', #4764, .T. ) ;
#7053 = CARTESIAN_POINT ( 'NONE',  ( -0.3098157051281981700, -0.7257620055033268100, 2.025000000000000400 ) ) ;
#7054 = CARTESIAN_POINT ( 'NONE',  ( -0.5528367644341493100, -0.3898449300554637800, 2.025000000000000400 ) ) ;
#7055 = AXIS2_PLACEMENT_3D ( 'NONE', #4944, #10701, #5771 ) ;
#7056 =( GEOMETRIC_REPRESENTATION_CONTEXT ( 3 ) GLOBAL_UNCERTAINTY_ASSIGNED_CONTEXT ( ( #1577 ) ) GLOBAL_UNIT_ASSIGNED_CONTEXT ( ( #9291, #4369, #10120 ) ) REPRESENTATION_CONTEXT ( 'NONE', 'WORKASPACE' ) );
#7057 = CARTESIAN_POINT ( 'NONE',  ( -1.002995942891673700, -0.3657509029909917800, 2.030000000000000700 ) ) ;
#7058 =( NAMED_UNIT ( * ) SI_UNIT ( $, .STERADIAN. ) SOLID_ANGLE_UNIT ( ) );
#7059 = COLOUR_RGB ( '',0.7294117647058823200, 0.3568627450980392200, 0.02352941176470588200 ) ;
#7061 =( NAMED_UNIT ( * ) PLANE_ANGLE_UNIT ( ) SI_UNIT ( $, .RADIAN. ) );
#7060 =( NAMED_UNIT ( * ) SI_UNIT ( $, .STERADIAN. ) SOLID_ANGLE_UNIT ( ) );
#7062 = DIRECTION ( 'NONE',  ( -0.0000000000000000000, -1.000000000000000000, -0.0000000000000000000 ) ) ;
#7063 = ORIENTED_EDGE ( 'NONE', *, *, #2288, .T. ) ;
#7064 = LINE ( 'NONE', #9107, #10673 ) ;
#7065 = EDGE_CURVE ( 'NONE', #7196, #2166, #5380, .T. ) ;
#7066 = ORIENTED_EDGE ( 'NONE', *, *, #2025, .F. ) ;
#7067 = ORIENTED_EDGE ( 'NONE', *, *, #6101, .T. ) ;
#7068 = COLOUR_RGB ( '',1.000000000000000000, 0.7176470588235294200, 0.2470588235294117800 ) ;
#7069 = DIRECTION ( 'NONE',  ( 1.000000000000000000, 3.571489509364014900E-015, 0.0000000000000000000 ) ) ;
#7070 = CARTESIAN_POINT ( 'NONE',  ( 0.7348758012820586500, -0.1475568772981984700, 2.025000000000000400 ) ) ;
#7071 = LINE ( 'NONE', #7166, #729 ) ;
#7072 = FILL_AREA_STYLE ('',( #1307 ) ) ;
#7073 = VECTOR ( 'NONE', #544, 1000.000000000000200 ) ;
#7074 = CARTESIAN_POINT ( 'NONE',  ( -0.1649607321389935900, -0.2477545188755080300, 2.025000000000000400 ) ) ;
#7075 = CARTESIAN_POINT ( 'NONE',  ( -1.003917618962809800, -0.5961092314487727000, 2.025000000000001200 ) ) ;
#7076 =( GEOMETRIC_REPRESENTATION_CONTEXT ( 3 ) GLOBAL_UNCERTAINTY_ASSIGNED_CONTEXT ( ( #6403 ) ) GLOBAL_UNIT_ASSIGNED_CONTEXT ( ( #659, #6452, #1500 ) ) REPRESENTATION_CONTEXT ( 'NONE', 'WORKASPACE' ) );
#7077 = CARTESIAN_POINT ( 'NONE',  ( 0.7167302019797120400, -0.1482302658386181700, 2.029999999999999400 ) ) ;
#7078 = ADVANCED_FACE ( 'NONE', ( #2923 ), #10402, .T. ) ;
#7079 = CARTESIAN_POINT ( 'NONE',  ( 0.2397435897435968600, 0.7800072252659040500, 2.025000000000000400 ) ) ;
#7080 = VERTEX_POINT ( 'NONE', #1212 ) ;
#7081 = ORIENTED_EDGE ( 'NONE', *, *, #6719, .F. ) ;
#7082 = VERTEX_POINT ( 'NONE', #8714 ) ;
#7083 = LINE ( 'NONE', #4324, #4900 ) ;
#7084 = PRESENTATION_STYLE_ASSIGNMENT (( #7123 ) ) ;
#7085 = EDGE_CURVE ( 'NONE', #481, #5920, #6510, .T. ) ;
#7086 = PRESENTATION_STYLE_ASSIGNMENT (( #7752 ) ) ;
#7087 = PRESENTATION_LAYER_ASSIGNMENT (  '', '', ( #5991 ) ) ;
#7088 = CARTESIAN_POINT ( 'NONE',  ( 0.7313501602564177500, -0.6693517490930703800, 2.025000000000000400 ) ) ;
#7089 = PLANE ( 'NONE',  #6374 ) ;
#7090 = SURFACE_STYLE_FILL_AREA ( #7758 ) ;
#7091 =( GEOMETRIC_REPRESENTATION_CONTEXT ( 3 ) GLOBAL_UNCERTAINTY_ASSIGNED_CONTEXT ( ( #10588 ) ) GLOBAL_UNIT_ASSIGNED_CONTEXT ( ( #7370, #2431, #8207 ) ) REPRESENTATION_CONTEXT ( 'NONE', 'WORKASPACE' ) );
#7092 = STYLED_ITEM ( 'NONE', ( #3493 ), #1295 ) ;
#7093 = CARTESIAN_POINT ( 'NONE',  ( -0.1137019230769161400, -0.2956338003751216000, 2.025000000000000400 ) ) ;
#7094 = STYLED_ITEM ( 'NONE', ( #8532 ), #1981 ) ;
#7095 = EDGE_LOOP ( 'NONE', ( #3432, #3491, #213, #1104 ) ) ;
#7096 = CARTESIAN_POINT ( 'NONE',  ( -1.701000000000004700, -0.4750000000000003700, 1.070000000000000100 ) ) ;
#7097 = CARTESIAN_POINT ( 'NONE',  ( -0.9876888650874067200, -0.3159574051508940400, 2.024999999999999900 ) ) ;
#7098 = MECHANICAL_DESIGN_GEOMETRIC_PRESENTATION_REPRESENTATION (  '', ( #5450 ), #7654 ) ;
#7099 = ORIENTED_EDGE ( 'NONE', *, *, #1343, .F. ) ;
#7100 = CARTESIAN_POINT ( 'NONE',  ( -1.700000000000005100, 1.100000000000000100, 1.169999999999999900 ) ) ;
#7101 = DIRECTION ( 'NONE',  ( -1.000000000000000000, -3.571489509364014900E-015, -0.0000000000000000000 ) ) ;
#7102 = CARTESIAN_POINT ( 'NONE',  ( 0.6261916484784616500, -0.1967418829408627600, 2.025000000000000800 ) ) ;
#7103 = FILL_AREA_STYLE_COLOUR ( '', #7168 ) ;
#7104 = ORIENTED_EDGE ( 'NONE', *, *, #10640, .T. ) ;
#7105 = ORIENTED_EDGE ( 'NONE', *, *, #7013, .T. ) ;
#7106 = DIRECTION ( 'NONE',  ( -0.0000000000000000000, 0.0000000000000000000, 1.000000000000000000 ) ) ;
#7107 = CARTESIAN_POINT ( 'NONE',  ( -1.161919070512813700, -0.1616594414007626000, 2.025000000000000400 ) ) ;
#7108 = SURFACE_STYLE_FILL_AREA ( #9163 ) ;
#7109 = FILL_AREA_STYLE ('',( #5434 ) ) ;
#7110 = CARTESIAN_POINT ( 'NONE',  ( -0.3300498017325743700, -0.2041569840247455000, 2.025000000000000800 ) ) ;
#7111 = CARTESIAN_POINT ( 'NONE',  ( -0.2204427768894367000, -0.1591193892967413500, 2.024999999999999900 ) ) ;
#7112 =( NAMED_UNIT ( * ) SI_UNIT ( $, .STERADIAN. ) SOLID_ANGLE_UNIT ( ) );
#7113 = EDGE_CURVE ( 'NONE', #9296, #504, #8452, .T. ) ;
#7114 = DIRECTION ( 'NONE',  ( -1.000000000000000000, 0.0000000000000000000, 0.0000000000000000000 ) ) ;
#7115 = ORIENTED_EDGE ( 'NONE', *, *, #3827, .F. ) ;
#7116 =( LENGTH_UNIT ( ) NAMED_UNIT ( * ) SI_UNIT ( .MILLI., .METRE. ) );
#7117 = CARTESIAN_POINT ( 'NONE',  ( 0.8389156693193398100, -0.5801561151076967100, 2.025000000000000400 ) ) ;
#7118 = B_SPLINE_SURFACE_WITH_KNOTS ( 'NONE', 3, 1, ( 
 ( #484, #8896 ),
 ( #3963, #9708 ),
 ( #4798, #10556 ),
 ( #5613, #645 ),
 ( #6445, #1488 ),
 ( #7265, #2323 ),
 ( #8100, #3180 ),
 ( #8924, #4000 ),
 ( #9746, #4834 ),
 ( #10587, #5651 ),
 ( #679, #6472 ),
 ( #1529, #7301 ),
 ( #2356, #8134 ),
 ( #3212, #8959 ),
 ( #4033, #9783 ),
 ( #4862, #10617 ),
 ( #5685, #723 ),
 ( #6507, #1564 ),
 ( #7338, #2395 ) ),
 .UNSPECIFIED., .F., .F., .F.,
 ( 4, 1, 1, 1, 1, 1, 1, 1, 1, 1, 1, 1, 1, 1, 1, 1, 4 ),
 ( 2, 2 ),
 ( 0.0000000000000000000, 0.07230103399550443000, 0.1397003317393854500, 0.2022885114847725600, 0.2605995332222002500, 0.3131903291553319600, 0.3617389329854273100, 0.4057064756322229000, 0.4455399848948709600, 0.5188319558616070200, 0.5897782395835764500, 0.6588674786561448100, 0.7284304780610635400, 0.7972827036080992700, 0.8648153774014448700, 0.9313637528792685400, 1.000000000000000000 ),
 ( 0.0000000000000000000, 1.000000000000000000 ),
 .UNSPECIFIED. ) ;
#7119 = CARTESIAN_POINT ( 'NONE',  ( -0.1229031614625228500, -0.2846679183594209000, 2.029999999999999800 ) ) ;
#7120 = ORIENTED_EDGE ( 'NONE', *, *, #2589, .F. ) ;
#7121 =( LENGTH_UNIT ( ) NAMED_UNIT ( * ) SI_UNIT ( .MILLI., .METRE. ) );
#7122 = EDGE_CURVE ( 'NONE', #5876, #8885, #6259, .T. ) ;
#7123 = SURFACE_STYLE_USAGE ( .BOTH. , #1357 ) ;
#7124 = ADVANCED_FACE ( 'NONE', ( #8191 ), #7089, .F. ) ;
#7125 = COLOUR_RGB ( '',0.7294117647058823200, 0.3568627450980392200, 0.02352941176470588200 ) ;
#7126 = CARTESIAN_POINT ( 'NONE',  ( -0.2539306673057399300, -0.6641390138709774000, 2.030000000000000200 ) ) ;
#7127 = CARTESIAN_POINT ( 'NONE',  ( 0.5906895290482346800, -0.6488339001038343500, 2.024999999999999900 ) ) ;
#7128 = CARTESIAN_POINT ( 'NONE',  ( 0.7167302019797120400, -0.1482302658386181700, 2.029999999999997600 ) ) ;
#7129 = VECTOR ( 'NONE', #579, 1000.000000000000000 ) ;
#7130 =( NAMED_UNIT ( * ) SI_UNIT ( $, .STERADIAN. ) SOLID_ANGLE_UNIT ( ) );
#7131 = PRESENTATION_LAYER_ASSIGNMENT (  '', '', ( #6045 ) ) ;
#7132 = UNCERTAINTY_MEASURE_WITH_UNIT (LENGTH_MEASURE( 1.000000000000000100E-005 ), #8512, 'distance_accuracy_value', 'NONE');
#7133 = CARTESIAN_POINT ( 'NONE',  ( 0.7202223557692382100, -0.4344559157597369700, 2.025000000000000400 ) ) ;
#7134 = CARTESIAN_POINT ( 'NONE',  ( -1.146484312316148800, -0.1617405897240260000, 2.029999999999999400 ) ) ;
#7135 = ORIENTED_EDGE ( 'NONE', *, *, #995, .F. ) ;
#7136 = EDGE_LOOP ( 'NONE', ( #7545, #9478, #9271, #10429 ) ) ;
#7137 = CARTESIAN_POINT ( 'NONE',  ( 0.6165732818866109800, -0.3400912690710914400, 2.030000000000000700 ) ) ;
#7138 = CARTESIAN_POINT ( 'NONE',  ( -0.5086365754722665900, -0.2938971986072914700, 2.025000000000000400 ) ) ;
#7139 = FILL_AREA_STYLE ('',( #1412 ) ) ;
#7140 = COLOUR_RGB ( '',1.000000000000000000, 0.7176470588235294200, 0.2470588235294117800 ) ;
#7141 =( GEOMETRIC_REPRESENTATION_CONTEXT ( 3 ) GLOBAL_UNCERTAINTY_ASSIGNED_CONTEXT ( ( #7959 ) ) GLOBAL_UNIT_ASSIGNED_CONTEXT ( ( #908, #6689, #1746 ) ) REPRESENTATION_CONTEXT ( 'NONE', 'WORKASPACE' ) );
#7142 = PLANE ( 'NONE',  #10471 ) ;
#7143 =( GEOMETRIC_REPRESENTATION_CONTEXT ( 3 ) GLOBAL_UNCERTAINTY_ASSIGNED_CONTEXT ( ( #5453 ) ) GLOBAL_UNIT_ASSIGNED_CONTEXT ( ( #9587, #4680, #10439 ) ) REPRESENTATION_CONTEXT ( 'NONE', 'WORKASPACE' ) );
#7144 = ORIENTED_EDGE ( 'NONE', *, *, #6982, .T. ) ;
#7145 = STYLED_ITEM ( 'NONE', ( #8544 ), #3476 ) ;
#7146 = ORIENTED_EDGE ( 'NONE', *, *, #7203, .F. ) ;
#7147 = CARTESIAN_POINT ( 'NONE',  ( -0.9899196338907594300, -0.4485204513587199800, 2.025000000000000800 ) ) ;
#7148 = CARTESIAN_POINT ( 'NONE',  ( 0.8388708867069678600, -0.5715633380950841900, 2.025000000000000400 ) ) ;
#7149 = DIRECTION ( 'NONE',  ( -0.0000000000000000000, -0.0000000000000000000, 1.000000000000000000 ) ) ;
#7150 = LINE ( 'NONE', #5604, #6909 ) ;
#7151 = EDGE_CURVE ( 'NONE', #2635, #760, #1096, .T. ) ;
#7152 = ORIENTED_EDGE ( 'NONE', *, *, #10131, .F. ) ;
#7153 = CARTESIAN_POINT ( 'NONE',  ( -0.2054738230489545100, -0.2251256603467171300, 2.024999999999999900 ) ) ;
#7154 =( BOUNDED_CURVE ( )  B_SPLINE_CURVE ( 3, ( #417, #1274, #7875, #2943 ),
 .UNSPECIFIED., .F., .F. ) 
 B_SPLINE_CURVE_WITH_KNOTS ( ( 4, 4 ),
 ( 1.570796326794896600, 3.141592653589793100 ),
 .UNSPECIFIED. ) 
 CURVE ( )  GEOMETRIC_REPRESENTATION_ITEM ( )  RATIONAL_B_SPLINE_CURVE ( ( 1.000000000000000000, 0.8047378541243649400, 0.8047378541243649400, 1.000000000000000000 ) ) 
 REPRESENTATION_ITEM ( '' )  );
#7155 = FILL_AREA_STYLE ('',( #539 ) ) ;
#7156 = LINE ( 'NONE', #2867, #54 ) ;
#7157 = CYLINDRICAL_SURFACE ( 'NONE', #9641, 0.1000000000000000500 ) ;
#7158 = PLANE ( 'NONE',  #10668 ) ;
#7159 =( LENGTH_UNIT ( ) NAMED_UNIT ( * ) SI_UNIT ( .MILLI., .METRE. ) );
#7160 = CARTESIAN_POINT ( 'NONE',  ( -1.269230769230762500, -0.7116594414007626500, 2.025000000000000400 ) ) ;
#7161 = MECHANICAL_DESIGN_GEOMETRIC_PRESENTATION_REPRESENTATION (  '', ( #5514 ), #7728 ) ;
#7162 = SURFACE_STYLE_USAGE ( .BOTH. , #1399 ) ;
#7163 = PRESENTATION_STYLE_ASSIGNMENT (( #8353 ) ) ;
#7164 = EDGE_LOOP ( 'NONE', ( #877, #6411, #2924, #4762 ) ) ;
#7165 = MECHANICAL_DESIGN_GEOMETRIC_PRESENTATION_REPRESENTATION (  '', ( #5522 ), #7734 ) ;
#7166 = CARTESIAN_POINT ( 'NONE',  ( 0.3868289262820583900, -0.5353773901187113300, 2.025000000000000400 ) ) ;
#7167 = SURFACE_STYLE_FILL_AREA ( #3362 ) ;
#7168 = COLOUR_RGB ( '',0.6862745098039215700, 0.6078431372549019100, 0.5294117647058823600 ) ;
#7169 = VECTOR ( 'NONE', #8624, 1000.000000000000000 ) ;
#7170 =( NAMED_UNIT ( * ) PLANE_ANGLE_UNIT ( ) SI_UNIT ( $, .RADIAN. ) );
#7171 = CARTESIAN_POINT ( 'NONE',  ( -1.059527226539648000, -0.1784422640064065300, 2.025000000000000800 ) ) ;
#7172 = ORIENTED_EDGE ( 'NONE', *, *, #9717, .T. ) ;
#7173 = CARTESIAN_POINT ( 'NONE',  ( 0.5993589743589817800, -0.2759122458879420500, 2.025000000000000400 ) ) ;
#7174 = ORIENTED_EDGE ( 'NONE', *, *, #5078, .F. ) ;
#7175 = CARTESIAN_POINT ( 'NONE',  ( -1.691996498723232800, 1.456996498723222000, 1.322715901842501900 ) ) ;
#7176 = PLANE ( 'NONE',  #5389 ) ;
#7177 = CARTESIAN_POINT ( 'NONE',  ( -1.120492788461531700, -0.7116594414007626500, 2.025000000000000400 ) ) ;
#7178 = FILL_AREA_STYLE ('',( #2210 ) ) ;
#7179 = VECTOR ( 'NONE', #6877, 1000.000000000000000 ) ;
#7180 = ORIENTED_EDGE ( 'NONE', *, *, #8650, .T. ) ;
#7181 = ORIENTED_EDGE ( 'NONE', *, *, #3723, .T. ) ;
#7182 = EDGE_CURVE ( 'NONE', #760, #6285, #7409, .T. ) ;
#7183 = CARTESIAN_POINT ( 'NONE',  ( -0.9475367038803076400, -0.5245592812166879300, 2.030000000000000200 ) ) ;
#7184 = CARTESIAN_POINT ( 'NONE',  ( 0.8223802478902125800, -0.5265210758841993900, 2.025000000000000800 ) ) ;
#7185 = EDGE_CURVE ( 'NONE', #10622, #1393, #9596, .T. ) ;
#7186 = CARTESIAN_POINT ( 'NONE',  ( 0.7559769356516227200, -0.2070867423071262600, 2.030000000000000200 ) ) ;
#7187 = CARTESIAN_POINT ( 'NONE',  ( -1.150000000000005200, 1.100000000000000100, 0.1000000000000000500 ) ) ;
#7188 = DIRECTION ( 'NONE',  ( 0.9986295347545739400, 3.547466411759500500E-015, 0.05233595624294396000 ) ) ;
#7189 = SURFACE_SIDE_STYLE ('',( #4130 ) ) ;
#7190 = SURFACE_STYLE_FILL_AREA ( #9619 ) ;
#7191 = ORIENTED_EDGE ( 'NONE', *, *, #9568, .T. ) ;
#7192 = STYLED_ITEM ( 'NONE', ( #4995 ), #5898 ) ;
#7193 = UNCERTAINTY_MEASURE_WITH_UNIT (LENGTH_MEASURE( 1.000000000000000100E-005 ), #9567, 'distance_accuracy_value', 'NONE');
#7194 = AXIS2_PLACEMENT_3D ( 'NONE', #5998, #1044, #6822 ) ;
#7195 = ORIENTED_EDGE ( 'NONE', *, *, #9607, .T. ) ;
#7196 = VERTEX_POINT ( 'NONE', #6323 ) ;
#7197 = EDGE_LOOP ( 'NONE', ( #10132, #5645, #3914, #5626 ) ) ;
#7198 =( LENGTH_UNIT ( ) NAMED_UNIT ( * ) SI_UNIT ( .MILLI., .METRE. ) );
#7199 = LINE ( 'NONE', #3280, #5027 ) ;
#7200 = FILL_AREA_STYLE ('',( #9648 ) ) ;
#7201 = FILL_AREA_STYLE_COLOUR ( '', #4639 ) ;
#7202 = DIRECTION ( 'NONE',  ( -0.4283511191562788800, -0.9036123719369735200, 0.0000000000000000000 ) ) ;
#7203 = EDGE_CURVE ( 'NONE', #9840, #1643, #4976, .T. ) ;
#7204 = VECTOR ( 'NONE', #9390, 1000.000000000000000 ) ;
#7205 = SURFACE_STYLE_FILL_AREA ( #3451 ) ;
#7206 = CARTESIAN_POINT ( 'NONE',  ( 0.3455128205128281100, 0.2300072252659040600, 2.025000000000000400 ) ) ;
#7207 = CARTESIAN_POINT ( 'NONE',  ( 0.7864564385661434500, -0.6568332894114539100, 2.029999999999999800 ) ) ;
#7208 = EDGE_LOOP ( 'NONE', ( #2906, #806, #118, #7701 ) ) ;
#7209 = EDGE_LOOP ( 'NONE', ( #388, #9005, #5682, #3490 ) ) ;
#7210 = CARTESIAN_POINT ( 'NONE',  ( -0.9918175079939460800, -0.2599462631248585200, 2.029999999999998900 ) ) ;
#7211 = SURFACE_STYLE_USAGE ( .BOTH. , #1432 ) ;
#7212 = ORIENTED_EDGE ( 'NONE', *, *, #7841, .T. ) ;
#7213 = CARTESIAN_POINT ( 'NONE',  ( -0.4880572633215876600, -0.2715819225685658900, 2.030000000000000200 ) ) ;
#7214 = CARTESIAN_POINT ( 'NONE',  ( -1.850000000000005200, -0.4750000000000002600, 1.030000000000000000 ) ) ;
#7215 = STYLED_ITEM ( 'NONE', ( #6428 ), #7748 ) ;
#7216 = VECTOR ( 'NONE', #10595, 1000.000000000000000 ) ;
#7217 = DIRECTION ( 'NONE',  ( -2.891205793294696400E-015, 1.000000000000000000, 0.0000000000000000000 ) ) ;
#7218 = CARTESIAN_POINT ( 'NONE',  ( 0.7348758012820586500, -0.1475568772981984700, 2.025000000000000400 ) ) ;
#7219 = SURFACE_STYLE_FILL_AREA ( #8137 ) ;
#7220 = B_SPLINE_CURVE_WITH_KNOTS ( 'NONE', 3,
 ( #990, #5946, #1832, #7599, #2663, #8419, #3505, #9243, #4329, #10082, #5165, #187, #5982, #1030, #6798, #1871, #7632, #2704, #8456 ),
 .UNSPECIFIED., .F., .F.,
 ( 4, 3, 3, 3, 3, 3, 4 ),
 ( 3.394089662642756200E-018, 4.026423482972178200E-005, 8.069556587238926900E-005, 0.0001189283183027542100, 0.0001554044512350505600, 0.0001944990889800678600, 0.0002201125230139287200 ),
 .UNSPECIFIED. ) ;
#7221 = EDGE_CURVE ( 'NONE', #3946, #4067, #5311, .T. ) ;
#7222 = VERTEX_POINT ( 'NONE', #2216 ) ;
#7223 = PRESENTATION_LAYER_ASSIGNMENT (  '', '', ( #6682 ) ) ;
#7224 = FILL_AREA_STYLE ('',( #10509 ) ) ;
#7225 = CARTESIAN_POINT ( 'NONE',  ( -0.5568529962046615500, -0.4453395302274458200, 2.025000000000000400 ) ) ;
#7226 = CARTESIAN_POINT ( 'NONE',  ( 0.7994694520176522900, -0.2322743056258126700, 2.024999999999999900 ) ) ;
#7227 = LINE ( 'NONE', #7740, #4789 ) ;
#7228 =( NAMED_UNIT ( * ) PLANE_ANGLE_UNIT ( ) SI_UNIT ( $, .RADIAN. ) );
#7229 = MECHANICAL_DESIGN_GEOMETRIC_PRESENTATION_REPRESENTATION (  '', ( #5573 ), #7790 ) ;
#7230 = STYLED_ITEM ( 'NONE', ( #5873 ), #2658 ) ;
#7231 =( NAMED_UNIT ( * ) SI_UNIT ( $, .STERADIAN. ) SOLID_ANGLE_UNIT ( ) );
#7232 = SURFACE_SIDE_STYLE ('',( #5540 ) ) ;
#7233 = EDGE_LOOP ( 'NONE', ( #8098, #7996, #6256, #3819, #3619 ) ) ;
#7234 =( GEOMETRIC_REPRESENTATION_CONTEXT ( 3 ) GLOBAL_UNCERTAINTY_ASSIGNED_CONTEXT ( ( #8081 ) ) GLOBAL_UNIT_ASSIGNED_CONTEXT ( ( #8446, #3532, #9281 ) ) REPRESENTATION_CONTEXT ( 'NONE', 'WORKASPACE' ) );
#7235 =( NAMED_UNIT ( * ) PLANE_ANGLE_UNIT ( ) SI_UNIT ( $, .RADIAN. ) );
#7236 =( LENGTH_UNIT ( ) NAMED_UNIT ( * ) SI_UNIT ( .MILLI., .METRE. ) );
#7237 = DIRECTION ( 'NONE',  ( 1.000000000000000000, 0.0000000000000000000, -0.0000000000000000000 ) ) ;
#7238 = ORIENTED_EDGE ( 'NONE', *, *, #6521, .F. ) ;
#7239 = CARTESIAN_POINT ( 'NONE',  ( -0.6064102564102494800, -0.4334643292212754800, 2.030000000000000200 ) ) ;
#7240 = CARTESIAN_POINT ( 'NONE',  ( 0.8385453223475750600, -0.5881091878409210300, 2.025000000000000400 ) ) ;
#7241 = DIRECTION ( 'NONE',  ( 0.3895636164541940700, 0.9209995595737977500, 0.0000000000000000000 ) ) ;
#7242 = VERTEX_POINT ( 'NONE', #3925 ) ;
#7243 = LINE ( 'NONE', #2952, #9447 ) ;
#7244 = ORIENTED_EDGE ( 'NONE', *, *, #5820, .F. ) ;
#7245 = EDGE_LOOP ( 'NONE', ( #735, #4109, #2798, #6466, #7115, #4753, #5616, #5292, #3386, #7851 ) ) ;
#7246 = CARTESIAN_POINT ( 'NONE',  ( -0.5570512820512753000, -0.4372103228110190700, 2.030000000000000700 ) ) ;
#7247 = ORIENTED_EDGE ( 'NONE', *, *, #9035, .T. ) ;
#7248 = CARTESIAN_POINT ( 'NONE',  ( 0.6426796248051039900, -0.3734816021406419100, 2.025000000000000400 ) ) ;
#7249 = CARTESIAN_POINT ( 'NONE',  ( -0.09215239799084450100, -0.6364539245833009700, 2.030000000000000700 ) ) ;
#7250 = CARTESIAN_POINT ( 'NONE',  ( 0.8782881267306712500, -0.2363681280963132500, 2.025000000000000400 ) ) ;
#7251 = LINE ( 'NONE', #1606, #5586 ) ;
#7252 = FACE_OUTER_BOUND ( 'NONE', #8501, .T. ) ;
#7253 = ORIENTED_EDGE ( 'NONE', *, *, #7954, .T. ) ;
#7254 = FILL_AREA_STYLE ('',( #9536 ) ) ;
#7255 = CARTESIAN_POINT ( 'NONE',  ( -0.4871920334867886900, -0.6032123843312905400, 2.025000000000001200 ) ) ;
#7256 = LINE ( 'NONE', #533, #8932 ) ;
#7257 = CARTESIAN_POINT ( 'NONE',  ( -0.8814102564102496200, -0.5283261080674293000, 2.030000000000000200 ) ) ;
#7258 =( GEOMETRIC_REPRESENTATION_CONTEXT ( 3 ) GLOBAL_UNCERTAINTY_ASSIGNED_CONTEXT ( ( #10512 ) ) GLOBAL_UNIT_ASSIGNED_CONTEXT ( ( #1945, #8798, #3877 ) ) REPRESENTATION_CONTEXT ( 'NONE', 'WORKASPACE' ) );
#7259 = ORIENTED_EDGE ( 'NONE', *, *, #8636, .T. ) ;
#7260 =( NAMED_UNIT ( * ) SI_UNIT ( $, .STERADIAN. ) SOLID_ANGLE_UNIT ( ) );
#7261 = SURFACE_SIDE_STYLE ('',( #2568 ) ) ;
#7262 = EDGE_CURVE ( 'NONE', #3136, #2960, #3384, .T. ) ;
#7263 = SURFACE_SIDE_STYLE ('',( #2955 ) ) ;
#7264 = LINE ( 'NONE', #5937, #617 ) ;
#7265 = CARTESIAN_POINT ( 'NONE',  ( -1.134742895018266300, -0.3918719596478119600, 2.025000000000000800 ) ) ;
#7266 = CARTESIAN_POINT ( 'NONE',  ( 0.7598065122809641900, -0.6663927703349032900, 2.030000000000000700 ) ) ;
#7267 = DIRECTION ( 'NONE',  ( 0.0000000000000000000, 1.000000000000000000, 0.0000000000000000000 ) ) ;
#7268 =( LENGTH_UNIT ( ) NAMED_UNIT ( * ) SI_UNIT ( .MILLI., .METRE. ) );
#7269 = ORIENTED_EDGE ( 'NONE', *, *, #6932, .F. ) ;
#7270 = COLOUR_RGB ( '',1.000000000000000000, 0.7176470588235294200, 0.2470588235294117800 ) ;
#7271 = CARTESIAN_POINT ( 'NONE',  ( -0.5592425101655242900, -0.2733488069493145700, 2.025000000000001200 ) ) ;
#7272 = VECTOR ( 'NONE', #9832, 1000.000000000000000 ) ;
#7273 = CARTESIAN_POINT ( 'NONE',  ( -1.120492788461531700, -0.7116594414007626500, 2.030000000000000200 ) ) ;
#7274 =( NAMED_UNIT ( * ) PLANE_ANGLE_UNIT ( ) SI_UNIT ( $, .RADIAN. ) );
#7275 = CARTESIAN_POINT ( 'NONE',  ( -1.084244791666660000, -0.4572624061443523700, 2.025000000000000400 ) ) ;
#7276 = ORIENTED_EDGE ( 'NONE', *, *, #3028, .F. ) ;
#7277 = EDGE_CURVE ( 'NONE', #5770, #6511, #822, .T. ) ;
#7278 = DIRECTION ( 'NONE',  ( -0.0000000000000000000, -0.0000000000000000000, 1.000000000000000000 ) ) ;
#7279 = EDGE_LOOP ( 'NONE', ( #6500, #4127, #1130, #8330 ) ) ;
#7280 = SURFACE_STYLE_USAGE ( .BOTH. , #1503 ) ;
#7281 = CARTESIAN_POINT ( 'NONE',  ( 0.8884615384615458500, -0.5769138484520447400, 2.025000000000000400 ) ) ;
#7282 = CARTESIAN_POINT ( 'NONE',  ( -0.2912426332192922200, -0.7255517680533495300, 2.029999999999999800 ) ) ;
#7283 = FACE_OUTER_BOUND ( 'NONE', #2654, .T. ) ;
#7284 = PRESENTATION_LAYER_ASSIGNMENT (  '', '', ( #6191 ) ) ;
#7285 = DIRECTION ( 'NONE',  ( 0.0000000000000000000, 0.0000000000000000000, -1.000000000000000000 ) ) ;
#7286 = SURFACE_STYLE_FILL_AREA ( #6978 ) ;
#7287 = MECHANICAL_DESIGN_GEOMETRIC_PRESENTATION_REPRESENTATION (  '', ( #5634 ), #7854 ) ;
#7288 = ORIENTED_EDGE ( 'NONE', *, *, #8864, .F. ) ;
#7289 = STYLED_ITEM ( 'NONE', ( #4400 ), #1157 ) ;
#7290 = B_SPLINE_CURVE_WITH_KNOTS ( 'NONE', 3,
 ( #1337, #4603, #8008, #3087, #8839, #3913, #9659, #4743, #10499, #5563, #589, #6381, #1435, #7213, #2274, #8042, #3125, #8871, #3947, #9685, #4779, #10533, #5594, #625, #6417, #1467, #7246 ),
 .UNSPECIFIED., .F., .F.,
 ( 4, 1, 1, 1, 1, 1, 1, 1, 1, 1, 1, 1, 1, 1, 1, 1, 1, 1, 1, 1, 1, 1, 1, 1, 4 ),
 ( 0.0000000000000000000, 0.04395490890619435700, 0.08750187479760464200, 0.1304626267314904500, 0.1727520205665173700, 0.2154030673796032400, 0.2576498297432394700, 0.3001527489572938200, 0.3431214895020866500, 0.3859251632064335000, 0.4276857274028016400, 0.4688179504865897000, 0.5094918001549957300, 0.5498830310733489000, 0.5899800229668862300, 0.6304052300068399000, 0.6708686260826385300, 0.7113839438381757100, 0.7516272580635842100, 0.7917755768651915100, 0.8324589188037423400, 0.8733190450172880800, 0.9145429556263492400, 0.9569235582098847300, 1.000000000000000000 ),
 .UNSPECIFIED. ) ;
#7291 = CARTESIAN_POINT ( 'NONE',  ( 0.6000000000000000900, -1.149999999999999900, 0.02000000000000000000 ) ) ;
#7293 = CARTESIAN_POINT ( 'NONE',  ( -1.354929309816589100, -1.419929309816590400, 2.025000000000000400 ) ) ;
#7292 = AXIS2_PLACEMENT_3D ( 'NONE', #6192, #1246, #7010 ) ;
#7294 = LINE ( 'NONE', #1666, #8968 ) ;
#7295 = ORIENTED_EDGE ( 'NONE', *, *, #6658, .F. ) ;
#7296 = DIRECTION ( 'NONE',  ( 1.000000000000000000, 4.425314989736752400E-015, 0.0000000000000000000 ) ) ;
#7297 = CARTESIAN_POINT ( 'NONE',  ( -0.3711838942307619800, 0.4062892765479552700, 2.030000000000000200 ) ) ;
#7298 = CARTESIAN_POINT ( 'NONE',  ( 0.6740645143510850500, -0.4000661752223617600, 2.024999999999999900 ) ) ;
#7299 = SURFACE_STYLE_FILL_AREA ( #4307 ) ;
#7300 = CARTESIAN_POINT ( 'NONE',  ( -0.5006781887762009600, -0.2104805221016055600, 2.025000000000000800 ) ) ;
#7301 = CARTESIAN_POINT ( 'NONE',  ( -1.072572387788002200, -0.3702383203243039800, 2.030000000000000700 ) ) ;
#7302 = CARTESIAN_POINT ( 'NONE',  ( -0.8814102564102497300, -0.5283261080674293000, 2.025000000000000400 ) ) ;
#7303 = PRESENTATION_LAYER_ASSIGNMENT (  '', '', ( #6209 ) ) ;
#7304 = SURFACE_STYLE_USAGE ( .BOTH. , #1531 ) ;
#7305 = DIRECTION ( 'NONE',  ( -1.000000000000000000, -3.872150616019660600E-015, 0.0000000000000000000 ) ) ;
#7306 = EDGE_LOOP ( 'NONE', ( #8158, #5157, #8490, #5325 ) ) ;
#7307 = CARTESIAN_POINT ( 'NONE',  ( -0.4270381210917795800, -0.1676559691886223800, 2.030000000000000200 ) ) ;
#7308 = CARTESIAN_POINT ( 'NONE',  ( -0.3446979793629450500, -0.7243206569914856200, 2.025000000000000400 ) ) ;
#7309 = EDGE_CURVE ( 'NONE', #6188, #108, #7150, .T. ) ;
#7310 = CARTESIAN_POINT ( 'NONE',  ( -1.124160510966369000, -0.3902888101577856000, 2.029999999999999800 ) ) ;
#7311 = SURFACE_STYLE_USAGE ( .BOTH. , #1539 ) ;
#7312 = CARTESIAN_POINT ( 'NONE',  ( -1.654929309816589400, 1.419929309816579100, 2.025000000000000400 ) ) ;
#7313 = COLOUR_RGB ( '',0.7294117647058823200, 0.3568627450980392200, 0.02352941176470588200 ) ;
#7314 = CARTESIAN_POINT ( 'NONE',  ( -1.750000000000005300, -0.4750000000000003700, 1.020999999999999700 ) ) ;
#7315 = VERTEX_POINT ( 'NONE', #7257 ) ;
#7316 = SURFACE_STYLE_USAGE ( .BOTH. , #1543 ) ;
#7317 = CARTESIAN_POINT ( 'NONE',  ( 0.7628158253343096900, -0.7232619609193498000, 2.024999999999999000 ) ) ;
#7318 = VECTOR ( 'NONE', #3256, 1000.000000000000000 ) ;
#7319 = ORIENTED_EDGE ( 'NONE', *, *, #3694, .T. ) ;
#7320 = FILL_AREA_STYLE ('',( #10602 ) ) ;
#7321 = ORIENTED_EDGE ( 'NONE', *, *, #9369, .F. ) ;
#7322 = SURFACE_STYLE_FILL_AREA ( #4534 ) ;
#7323 = VECTOR ( 'NONE', #4919, 1000.000000000000000 ) ;
#7324 = DIRECTION ( 'NONE',  ( -0.08682659386424392000, 0.08682659386424400300, -0.9924325091389677400 ) ) ;
#7325 = SURFACE_STYLE_USAGE ( .BOTH. , #1553 ) ;
#7326 = EDGE_CURVE ( 'NONE', #5347, #874, #5243, .T. ) ;
#7327 = CARTESIAN_POINT ( 'NONE',  ( -1.112287635752194200, -0.2210204415492285400, 2.025000000000000800 ) ) ;
#7329 = CARTESIAN_POINT ( 'NONE',  ( 1.750000000000000900, -0.9499999999995270000, 1.021000000000007900 ) ) ;
#7328 = VECTOR ( 'NONE', #8502, 1000.000000000000200 ) ;
#7330 = UNCERTAINTY_MEASURE_WITH_UNIT (LENGTH_MEASURE( 1.000000000000000100E-005 ), #8317, 'distance_accuracy_value', 'NONE');
#7331 = ORIENTED_EDGE ( 'NONE', *, *, #9437, .T. ) ;
#7332 = EDGE_LOOP ( 'NONE', ( #5953, #1520, #953 ) ) ;
#7333 =( LENGTH_UNIT ( ) NAMED_UNIT ( * ) SI_UNIT ( .MILLI., .METRE. ) );
#7334 = CARTESIAN_POINT ( 'NONE',  ( 0.6300981570512894600, -0.3596462202469164500, 2.030000000000000200 ) ) ;
#7335 = STYLED_ITEM ( 'NONE', ( #6570 ), #6067 ) ;
#7336 =( GEOMETRIC_REPRESENTATION_CONTEXT ( 3 ) GLOBAL_UNCERTAINTY_ASSIGNED_CONTEXT ( ( #9903 ) ) GLOBAL_UNIT_ASSIGNED_CONTEXT ( ( #7377, #2439, #8216 ) ) REPRESENTATION_CONTEXT ( 'NONE', 'WORKASPACE' ) );
#7337 = DIRECTION ( 'NONE',  ( 0.5391851040989491500, 0.8421872852981130400, 0.0000000000000000000 ) ) ;
#7338 = CARTESIAN_POINT ( 'NONE',  ( -1.036538461538454500, -0.2989390888366600400, 2.025000000000000400 ) ) ;
#7339 = CARTESIAN_POINT ( 'NONE',  ( 0.6300981570512894600, -0.3596462202469164500, 2.025000000000000400 ) ) ;
#7340 = CARTESIAN_POINT ( 'NONE',  ( -1.701000000000005200, -0.4750000000000003700, 1.020999999999999900 ) ) ;
#7341 = PLANE ( 'NONE',  #7905 ) ;
#7342 = CARTESIAN_POINT ( 'NONE',  ( -0.6023657311447295800, -0.4886186238614310700, 2.030000000000000700 ) ) ;
#7343 = SURFACE_STYLE_FILL_AREA ( #758 ) ;
#7344 = ORIENTED_EDGE ( 'NONE', *, *, #4622, .F. ) ;
#7345 = CARTESIAN_POINT ( 'NONE',  ( 0.8193810096153920600, -0.5221562362725574700, 2.025000000000000400 ) ) ;
#7346 = CARTESIAN_POINT ( 'NONE',  ( -0.5262773784525762700, -0.6413513998761882800, 2.025000000000000800 ) ) ;
#7347 = PLANE ( 'NONE',  #3437 ) ;
#7348 = SURFACE_STYLE_USAGE ( .BOTH. , #1579 ) ;
#7349 = PRESENTATION_LAYER_ASSIGNMENT (  '', '', ( #6253 ) ) ;
#7350 = UNCERTAINTY_MEASURE_WITH_UNIT (LENGTH_MEASURE( 1.000000000000000100E-005 ), #5440, 'distance_accuracy_value', 'NONE');
#7351 = AXIS2_PLACEMENT_3D ( 'NONE', #6266, #8764, #3830 ) ;
#7352 = MECHANICAL_DESIGN_GEOMETRIC_PRESENTATION_REPRESENTATION (  '', ( #5174 ), #7919 ) ;
#7353 = CARTESIAN_POINT ( 'NONE',  ( -0.9513672031384089500, -0.5098553021156713200, 2.030000000000000200 ) ) ;
#7354 = CARTESIAN_POINT ( 'NONE',  ( 0.6528436007646951600, -0.2998489218627832800, 2.030000000000000200 ) ) ;
#7355 = MECHANICAL_DESIGN_GEOMETRIC_PRESENTATION_REPRESENTATION (  '', ( #5700 ), #7920 ) ;
#7356 = CARTESIAN_POINT ( 'NONE',  ( -1.654929309816589400, 1.419929309816579100, 2.025000000000000400 ) ) ;
#7357 = CARTESIAN_POINT ( 'NONE',  ( 1.850000000000003400, -0.9499999999995265600, 1.170000000000000400 ) ) ;
#7358 = ORIENTED_EDGE ( 'NONE', *, *, #4649, .F. ) ;
#7359 = DIRECTION ( 'NONE',  ( 0.0000000000000000000, 1.000000000000000000, -1.774471640729142400E-016 ) ) ;
#7360 = EDGE_CURVE ( 'NONE', #4558, #5022, #4720, .T. ) ;
#7361 = FILL_AREA_STYLE_COLOUR ( '', #10002 ) ;
#7362 = DIRECTION ( 'NONE',  ( 1.000000000000000000, 3.552334763092437900E-015, -0.0000000000000000000 ) ) ;
#7363 = DIRECTION ( 'NONE',  ( 0.0000000000000000000, -0.0000000000000000000, -1.000000000000000000 ) ) ;
#7364 = SURFACE_SIDE_STYLE ('',( #1464 ) ) ;
#7365 = CARTESIAN_POINT ( 'NONE',  ( 0.6977744259805397400, -0.6639989226056627300, 2.025000000000000400 ) ) ;
#7366 = AXIS2_PLACEMENT_3D ( 'NONE', #9106, #4208, #9942 ) ;
#7367 = ORIENTED_EDGE ( 'NONE', *, *, #10373, .F. ) ;
#7368 = COLOUR_RGB ( '',0.7294117647058823200, 0.3568627450980392200, 0.02352941176470588200 ) ;
#7369 =( LENGTH_UNIT ( ) NAMED_UNIT ( * ) SI_UNIT ( .MILLI., .METRE. ) );
#7370 =( LENGTH_UNIT ( ) NAMED_UNIT ( * ) SI_UNIT ( .MILLI., .METRE. ) );
#7371 = DIRECTION ( 'NONE',  ( 0.0000000000000000000, -0.0000000000000000000, 1.000000000000000000 ) ) ;
#7372 = AXIS2_PLACEMENT_3D ( 'NONE', #3592, #2787, #8540 ) ;
#7373 = FILL_AREA_STYLE ('',( #6549 ) ) ;
#7374 = DIRECTION ( 'NONE',  ( -0.0000000000000000000, -0.0000000000000000000, 1.000000000000000000 ) ) ;
#7375 = SURFACE_STYLE_USAGE ( .BOTH. , #1607 ) ;
#7376 = CARTESIAN_POINT ( 'NONE',  ( 0.05641025641026350300, 0.3465737316761604000, 2.025000000000000400 ) ) ;
#7377 =( LENGTH_UNIT ( ) NAMED_UNIT ( * ) SI_UNIT ( .MILLI., .METRE. ) );
#7378 = COLOUR_RGB ( '',1.000000000000000000, 0.7176470588235294200, 0.2470588235294117800 ) ;
#7379 = FACE_OUTER_BOUND ( 'NONE', #9989, .T. ) ;
#7380 = ORIENTED_EDGE ( 'NONE', *, *, #1239, .T. ) ;
#7381 = DIRECTION ( 'NONE',  ( 0.0000000000000000000, 1.000000000000000000, 0.0000000000000000000 ) ) ;
#7382 = DIRECTION ( 'NONE',  ( -0.0000000000000000000, -0.0000000000000000000, 1.000000000000000000 ) ) ;
#7383 = CARTESIAN_POINT ( 'NONE',  ( -1.699999999999994600, -1.465000000000006300, 1.169999999999999900 ) ) ;
#7384 = CARTESIAN_POINT ( 'NONE',  ( 0.7011645083507759300, -0.3576226481440137300, 2.030000000000000200 ) ) ;
#7385 = CARTESIAN_POINT ( 'NONE',  ( -1.700000000000000000, -1.365380530190822600, 1.070000000000000100 ) ) ;
#7386 = CARTESIAN_POINT ( 'NONE',  ( -1.525252652248628900, -1.389872122057804500, 0.2112844257252345100 ) ) ;
#7387 = CARTESIAN_POINT ( 'NONE',  ( 0.8344192592621063600, -0.5485201071930883000, 2.029999999999999800 ) ) ;
#7388 = SURFACE_SIDE_STYLE ('',( #9772 ) ) ;
#7389 = EDGE_CURVE ( 'NONE', #6814, #3666, #305, .T. ) ;
#7390 =( NAMED_UNIT ( * ) SI_UNIT ( $, .STERADIAN. ) SOLID_ANGLE_UNIT ( ) );
#7391 = EDGE_CURVE ( 'NONE', #1196, #8566, #2514, .T. ) ;
#7392 = VERTEX_POINT ( 'NONE', #669 ) ;
#7393 = ORIENTED_EDGE ( 'NONE', *, *, #3517, .T. ) ;
#7394 = CARTESIAN_POINT ( 'NONE',  ( 0.6971729405337634400, -0.2085350148371378800, 2.030000000000000200 ) ) ;
#7395 =( NAMED_UNIT ( * ) PLANE_ANGLE_UNIT ( ) SI_UNIT ( $, .RADIAN. ) );
#7396 = MECHANICAL_DESIGN_GEOMETRIC_PRESENTATION_REPRESENTATION (  '', ( #5752 ), #7962 ) ;
#7397 = AXIS2_PLACEMENT_3D ( 'NONE', #7946, #3025, #8777 ) ;
#7398 = EDGE_LOOP ( 'NONE', ( #4824, #620, #8217, #7152 ) ) ;
#7399 = EDGE_CURVE ( 'NONE', #641, #1267, #6649, .T. ) ;
#7400 =( LENGTH_UNIT ( ) NAMED_UNIT ( * ) SI_UNIT ( .MILLI., .METRE. ) );
#7401 = ORIENTED_EDGE ( 'NONE', *, *, #7456, .T. ) ;
#7402 = FILL_AREA_STYLE_COLOUR ( '', #1927 ) ;
#7403 =( LENGTH_UNIT ( ) NAMED_UNIT ( * ) SI_UNIT ( .MILLI., .METRE. ) );
#7404 = CARTESIAN_POINT ( 'NONE',  ( 1.727711642729157200, -0.3929754577541194100, 1.168875115524117700 ) ) ;
#7405 = CARTESIAN_POINT ( 'NONE',  ( 0.3868289262820583900, -0.5353773901187113300, 2.025000000000000400 ) ) ;
#7406 = AXIS2_PLACEMENT_3D ( 'NONE', #9224, #174, #5964 ) ;
#7407 = DIRECTION ( 'NONE',  ( 0.0000000000000000000, 2.168404344971008900E-015, 1.000000000000000000 ) ) ;
#7408 = DIRECTION ( 'NONE',  ( -1.000000000000000000, 0.0000000000000000000, 0.0000000000000000000 ) ) ;
#7409 = LINE ( 'NONE', #8783, #3049 ) ;
#7410 = ORIENTED_EDGE ( 'NONE', *, *, #3615, .T. ) ;
#7411 = CARTESIAN_POINT ( 'NONE',  ( 1.650000000000004800, -1.100000000000000100, 0.2000000000000078700 ) ) ;
#7412 = PLANE ( 'NONE',  #1055 ) ;
#7413 = SURFACE_STYLE_USAGE ( .BOTH. , #1649 ) ;
#7414 = STYLED_ITEM ( 'NONE', ( #7086 ), #7697 ) ;
#7415 = VECTOR ( 'NONE', #10103, 1000.000000000000000 ) ;
#7416 = CARTESIAN_POINT ( 'NONE',  ( 1.750000000000000900, 0.9499999999999995100, 1.021000000000007900 ) ) ;
#7417 = FACE_OUTER_BOUND ( 'NONE', #5259, .T. ) ;
#7418 = CARTESIAN_POINT ( 'NONE',  ( 1.700000000000005100, -1.464999999999994100, 1.169999999999999900 ) ) ;
#7419 = CARTESIAN_POINT ( 'NONE',  ( -0.07051282051281362900, -0.2625809157597369700, 2.025000000000000400 ) ) ;
#7420 = EDGE_CURVE ( 'NONE', #8108, #3204, #8574, .T. ) ;
#7421 = VERTEX_POINT ( 'NONE', #10611 ) ;
#7422 = CARTESIAN_POINT ( 'NONE',  ( 0.6034019844959290800, -0.2417605979427972800, 2.025000000000000400 ) ) ;
#7423 = CARTESIAN_POINT ( 'NONE',  ( 0.5993589743589817800, -0.2759122458879420500, 2.025000000000000400 ) ) ;
#7424 = CARTESIAN_POINT ( 'NONE',  ( -0.5674694247670147900, -0.5870892157522645800, 2.030000000000000200 ) ) ;
#7425 = FACE_OUTER_BOUND ( 'NONE', #7332, .T. ) ;
#7426 = CARTESIAN_POINT ( 'NONE',  ( 0.7994694520176522900, -0.2322743056258126700, 2.024999999999999900 ) ) ;
#7427 = LINE ( 'NONE', #10389, #5504 ) ;
#7428 = PRESENTATION_STYLE_ASSIGNMENT (( #8050 ) ) ;
#7429 = DIRECTION ( 'NONE',  ( -0.0000000000000000000, -0.0000000000000000000, 1.000000000000000000 ) ) ;
#7430 = EDGE_LOOP ( 'NONE', ( #3653, #8099, #7253, #6422 ) ) ;
#7431 = PRESENTATION_LAYER_ASSIGNMENT (  '', '', ( #6326 ) ) ;
#7432 = SURFACE_STYLE_FILL_AREA ( #3734 ) ;
#7433 =( NAMED_UNIT ( * ) PLANE_ANGLE_UNIT ( ) SI_UNIT ( $, .RADIAN. ) );
#7434 = DIRECTION ( 'NONE',  ( -0.0000000000000000000, -1.000000000000000000, -0.0000000000000000000 ) ) ;
#7435 =( GEOMETRIC_REPRESENTATION_CONTEXT ( 3 ) GLOBAL_UNCERTAINTY_ASSIGNED_CONTEXT ( ( #5067 ) ) GLOBAL_UNIT_ASSIGNED_CONTEXT ( ( #9084, #4180, #9923 ) ) REPRESENTATION_CONTEXT ( 'NONE', 'WORKASPACE' ) );
#7436 = SURFACE_STYLE_USAGE ( .BOTH. , #1674 ) ;
#7437 = FACE_OUTER_BOUND ( 'NONE', #4387, .T. ) ;
#7438 = LINE ( 'NONE', #3541, #858 ) ;
#7439 = CARTESIAN_POINT ( 'NONE',  ( 0.8061430175274726400, -0.1657443423214070000, 2.025000000000001200 ) ) ;
#7440 = EDGE_LOOP ( 'NONE', ( #7745, #4624, #3577, #7587 ) ) ;
#7441 = CARTESIAN_POINT ( 'NONE',  ( -1.219871794871788100, -0.3943517490930703000, 2.025000000000000400 ) ) ;
#7442 = FILL_AREA_STYLE ('',( #4971 ) ) ;
#7443 = ORIENTED_EDGE ( 'NONE', *, *, #10478, .T. ) ;
#7444 = FILL_AREA_STYLE_COLOUR ( '', #841 ) ;
#7445 = CARTESIAN_POINT ( 'NONE',  ( -0.1155385407627307100, -0.2139585758083187800, 2.030000000000000200 ) ) ;
#7446 = COLOUR_RGB ( '',0.7294117647058823200, 0.3568627450980392200, 0.02352941176470588200 ) ;
#7447 = CARTESIAN_POINT ( 'NONE',  ( 0.05993589743590453700, 0.2300072252659039800, 2.030000000000000200 ) ) ;
#7448 =( LENGTH_UNIT ( ) NAMED_UNIT ( * ) SI_UNIT ( .MILLI., .METRE. ) );
#7449 = CARTESIAN_POINT ( 'NONE',  ( -1.219871794871788100, -0.6552491849905062200, 2.025000000000000400 ) ) ;
#7450 = COLOUR_RGB ( '',0.7294117647058823200, 0.3568627450980392200, 0.02352941176470588200 ) ;
#7451 = COLOUR_RGB ( '',0.7294117647058823200, 0.3568627450980392200, 0.02352941176470588200 ) ;
#7452 = FACE_OUTER_BOUND ( 'NONE', #9067, .T. ) ;
#7453 = CARTESIAN_POINT ( 'NONE',  ( -1.040369481370543500, -0.2729595009347713400, 2.029999999999999800 ) ) ;
#7454 = DIRECTION ( 'NONE',  ( 0.0000000000000000000, 0.0000000000000000000, -1.000000000000000000 ) ) ;
#7455 = ORIENTED_EDGE ( 'NONE', *, *, #5475, .T. ) ;
#7456 = EDGE_CURVE ( 'NONE', #1546, #1162, #2015, .T. ) ;
#7457 = CARTESIAN_POINT ( 'NONE',  ( -1.654929309816589400, -1.419929309816589500, 2.025000000000000400 ) ) ;
#7458 = EDGE_LOOP ( 'NONE', ( #6695, #6115, #5293, #8358 ) ) ;
#7459 = ORIENTED_EDGE ( 'NONE', *, *, #7391, .T. ) ;
#7460 =( NAMED_UNIT ( * ) SI_UNIT ( $, .STERADIAN. ) SOLID_ANGLE_UNIT ( ) );
#7461 = ORIENTED_EDGE ( 'NONE', *, *, #6719, .T. ) ;
#7462 = LINE ( 'NONE', #4124, #880 ) ;
#7463 = VECTOR ( 'NONE', #4433, 1000.000000000000000 ) ;
#7464 =( LENGTH_UNIT ( ) NAMED_UNIT ( * ) SI_UNIT ( .MILLI., .METRE. ) );
#7465 = LINE ( 'NONE', #10238, #9652 ) ;
#7466 = SURFACE_STYLE_USAGE ( .BOTH. , #1697 ) ;
#7467 = EDGE_CURVE ( 'NONE', #9492, #7843, #10513, .T. ) ;
#7468 = UNCERTAINTY_MEASURE_WITH_UNIT (LENGTH_MEASURE( 1.000000000000000100E-005 ), #1670, 'distance_accuracy_value', 'NONE');
#7469 = VECTOR ( 'NONE', #8717, 1000.000000000000000 ) ;
#7470 = ORIENTED_EDGE ( 'NONE', *, *, #4131, .F. ) ;
#7471 =( NAMED_UNIT ( * ) PLANE_ANGLE_UNIT ( ) SI_UNIT ( $, .RADIAN. ) );
#7472 = DIRECTION ( 'NONE',  ( -0.0000000000000000000, -0.0000000000000000000, 1.000000000000000000 ) ) ;
#7473 = CARTESIAN_POINT ( 'NONE',  ( -0.9981612547149835100, -0.2421483906026763400, 2.025000000000000800 ) ) ;
#7474 = VERTEX_POINT ( 'NONE', #8163 ) ;
#7475 = EDGE_CURVE ( 'NONE', #108, #2816, #10256, .T. ) ;
#7476 = DIRECTION ( 'NONE',  ( -1.000000000000000000, -2.551063935260011000E-016, 0.0000000000000000000 ) ) ;
#7477 = EDGE_CURVE ( 'NONE', #184, #7082, #2254, .T. ) ;
#7478 = CARTESIAN_POINT ( 'NONE',  ( 0.2608974358974429600, -0.1616594414007626000, 2.025000000000000400 ) ) ;
#7479 = CARTESIAN_POINT ( 'NONE',  ( 0.8627309636123770000, -0.2162882477704866600, 2.029999999999999800 ) ) ;
#7480 = ORIENTED_EDGE ( 'NONE', *, *, #4010, .T. ) ;
#7481 = FILL_AREA_STYLE ('',( #9892 ) ) ;
#7482 = MECHANICAL_DESIGN_GEOMETRIC_PRESENTATION_REPRESENTATION (  '', ( #5835 ), #8035 ) ;
#7483 = CARTESIAN_POINT ( 'NONE',  ( 0.7189401012079849100, -0.7255220315482727700, 2.030000000000000200 ) ) ;
#7484 = CARTESIAN_POINT ( 'NONE',  ( -0.2816456428736584500, -0.6685640387331420700, 2.025000000000000800 ) ) ;
#7485 = DIRECTION ( 'NONE',  ( 4.353374594594169700E-015, 1.000000000000000000, 0.0000000000000000000 ) ) ;
#7486 = SURFACE_SIDE_STYLE ('',( #10183 ) ) ;
#7487 =( LENGTH_UNIT ( ) NAMED_UNIT ( * ) SI_UNIT ( .MILLI., .METRE. ) );
#7488 = UNCERTAINTY_MEASURE_WITH_UNIT (LENGTH_MEASURE( 1.000000000000000100E-005 ), #10070, 'distance_accuracy_value', 'NONE');
#7489 = UNCERTAINTY_MEASURE_WITH_UNIT (LENGTH_MEASURE( 1.000000000000000100E-005 ), #1844, 'distance_accuracy_value', 'NONE');
#7490 = CARTESIAN_POINT ( 'NONE',  ( -1.080486381251979800, -0.2299218337311242400, 2.024999999999999900 ) ) ;
#7491 = CARTESIAN_POINT ( 'NONE',  ( -1.059527226539648000, -0.1784422640064065300, 2.030000000000000700 ) ) ;
#7492 = ORIENTED_EDGE ( 'NONE', *, *, #4876, .F. ) ;
#7493 = STYLED_ITEM ( 'NONE', ( #4338 ), #10076 ) ;
#7494 = SURFACE_STYLE_USAGE ( .BOTH. , #1730 ) ;
#7495 = ORIENTED_EDGE ( 'NONE', *, *, #1997, .F. ) ;
#7496 = STYLED_ITEM ( 'NONE', ( #10048 ), #3553 ) ;
#7497 = STYLED_ITEM ( 'NONE', ( #619 ), #1095 ) ;
#7498 = CARTESIAN_POINT ( 'NONE',  ( -1.031164580142382800, -0.4808496753573042200, 2.025000000000000400 ) ) ;
#7499 = CARTESIAN_POINT ( 'NONE',  ( 0.6105969551282125500, -0.5776850824264037100, 2.025000000000000400 ) ) ;
#7500 = CARTESIAN_POINT ( 'NONE',  ( -0.3971854967948645900, 0.4626995329582116500, 2.025000000000000400 ) ) ;
#7501 = CARTESIAN_POINT ( 'NONE',  ( -0.9565253587864862600, -0.6160595148062891800, 2.030000000000000200 ) ) ;
#7502 = CARTESIAN_POINT ( 'NONE',  ( -1.186708733974352100, -0.3943517490930703000, 2.025000000000000400 ) ) ;
#7503 = ORIENTED_EDGE ( 'NONE', *, *, #656, .T. ) ;
#7504 = ORIENTED_EDGE ( 'NONE', *, *, #2573, .T. ) ;
#7505 = VERTEX_POINT ( 'NONE', #8984 ) ;
#7506 = VECTOR ( 'NONE', #293, 1000.000000000000000 ) ;
#7507 = FILL_AREA_STYLE_COLOUR ( '', #3100 ) ;
#7508 = VECTOR ( 'NONE', #873, 1000.000000000000000 ) ;
#7509 = DIRECTION ( 'NONE',  ( 0.0000000000000000000, -1.000000000000000000, 0.0000000000000000000 ) ) ;
#7510 = ADVANCED_FACE ( 'NONE', ( #5875 ), #10643, .T. ) ;
#7511 = CARTESIAN_POINT ( 'NONE',  ( -1.001924899688432700, -0.4388825891932825500, 2.025000000000000400 ) ) ;
#7512 = PRESENTATION_LAYER_ASSIGNMENT (  '', '', ( #6964 ) ) ;
#7513 = VECTOR ( 'NONE', #4034, 1000.000000000000000 ) ;
#7514 = CARTESIAN_POINT ( 'NONE',  ( 1.750000000000005100, 1.024999999999999200, 0.3050000000000009900 ) ) ;
#7515 = SURFACE_STYLE_FILL_AREA ( #161 ) ;
#7516 = VERTEX_POINT ( 'NONE', #6579 ) ;
#7517 = STYLED_ITEM ( 'NONE', ( #566 ), #9428 ) ;
#7518 = DIRECTION ( 'NONE',  ( -1.000000000000000000, 0.0000000000000000000, 0.0000000000000000000 ) ) ;
#7519 = COLOUR_RGB ( '',0.7294117647058823200, 0.3568627450980392200, 0.02352941176470588200 ) ;
#7520 = CARTESIAN_POINT ( 'NONE',  ( 0.8881070946148390500, -0.5699415404030392400, 2.030000000000000200 ) ) ;
#7521 = CARTESIAN_POINT ( 'NONE',  ( -0.1333924741476251200, -0.5993007178641974700, 2.030000000000000700 ) ) ;
#7522 = FILL_AREA_STYLE ('',( #9131 ) ) ;
#7523 = SURFACE_SIDE_STYLE ('',( #601 ) ) ;
#7524 = EDGE_LOOP ( 'NONE', ( #6707, #2777, #295, #6582, #3457, #2138, #6169 ) ) ;
#7525 = FILL_AREA_STYLE ('',( #1763 ) ) ;
#7526 = CARTESIAN_POINT ( 'NONE',  ( -1.147999037531823400, -0.2181334927220884000, 2.030000000000000200 ) ) ;
#7527 = FACE_OUTER_BOUND ( 'NONE', #4732, .T. ) ;
#7528 = FILL_AREA_STYLE ('',( #5812 ) ) ;
#7529 = UNCERTAINTY_MEASURE_WITH_UNIT (LENGTH_MEASURE( 1.000000000000000100E-005 ), #2823, 'distance_accuracy_value', 'NONE');
#7530 = CARTESIAN_POINT ( 'NONE',  ( 1.700000000000000200, 1.290252652248629100, 0.2199999999999999700 ) ) ;
#7531 = VECTOR ( 'NONE', #475, 1000.000000000000000 ) ;
#7532 =( LENGTH_UNIT ( ) NAMED_UNIT ( * ) SI_UNIT ( .MILLI., .METRE. ) );
#7533 = ORIENTED_EDGE ( 'NONE', *, *, #4447, .T. ) ;
#7534 = PLANE ( 'NONE',  #6078 ) ;
#7535 = DIRECTION ( 'NONE',  ( 0.0000000000000000000, -1.000000000000000000, 0.0000000000000000000 ) ) ;
#7536 = LINE ( 'NONE', #9937, #9473 ) ;
#7537 = EDGE_CURVE ( 'NONE', #10200, #10313, #2915, .T. ) ;
#7538 = LINE ( 'NONE', #7314, #5368 ) ;
#7539 = COLOUR_RGB ( '',0.6862745098039215700, 0.6078431372549019100, 0.5294117647058823600 ) ;
#7540 = EDGE_CURVE ( 'NONE', #8182, #6057, #10245, .T. ) ;
#7541 = ORIENTED_EDGE ( 'NONE', *, *, #8681, .F. ) ;
#7542 = CARTESIAN_POINT ( 'NONE',  ( -1.032898190927962400, -0.6941942289692602000, 2.025000000000000400 ) ) ;
#7543 = CARTESIAN_POINT ( 'NONE',  ( -1.045584181985086200, -0.3385297987680969100, 2.024999999999999900 ) ) ;
#7544 = CARTESIAN_POINT ( 'NONE',  ( 0.8028611120196937900, -0.5025482872137356800, 2.030000000000000200 ) ) ;
#7545 = ORIENTED_EDGE ( 'NONE', *, *, #9591, .F. ) ;
#7546 = STYLED_ITEM ( 'NONE', ( #6963 ), #6009 ) ;
#7547 = COLOUR_RGB ( '',1.000000000000000000, 0.7176470588235294200, 0.2470588235294117800 ) ;
#7548 = PRESENTATION_LAYER_ASSIGNMENT (  '', '', ( #6443 ) ) ;
#7549 = CARTESIAN_POINT ( 'NONE',  ( 0.8814102564102639400, -0.2406558356315318400, 2.030000000000000200 ) ) ;
#7550 = UNCERTAINTY_MEASURE_WITH_UNIT (LENGTH_MEASURE( 1.000000000000000100E-005 ), #8023, 'distance_accuracy_value', 'NONE');
#7551 = LINE ( 'NONE', #6704, #9730 ) ;
#7552 = VERTEX_POINT ( 'NONE', #7070 ) ;
#7553 = EDGE_CURVE ( 'NONE', #357, #10622, #3695, .T. ) ;
#7554 = B_SPLINE_SURFACE_WITH_KNOTS ( 'NONE', 3, 1, ( 
 ( #864, #6141 ),
 ( #1185, #6962 ),
 ( #2034, #7795 ),
 ( #2862, #8620 ),
 ( #3700, #9449 ),
 ( #4528, #10280 ),
 ( #5356, #379 ),
 ( #6167, #1227 ),
 ( #6990, #2073 ),
 ( #7828, #2901 ),
 ( #8659, #3737 ),
 ( #9484, #4557 ),
 ( #10320, #5395 ),
 ( #414, #6206 ),
 ( #1264, #7028 ),
 ( #2102, #7870 ),
 ( #2937, #8696 ),
 ( #3773, #9517 ),
 ( #4592, #10354 ) ),
 .UNSPECIFIED., .F., .F., .F.,
 ( 4, 1, 1, 1, 1, 1, 1, 1, 1, 1, 1, 1, 1, 1, 1, 1, 4 ),
 ( 2, 2 ),
 ( 0.0000000000000000000, 0.06432321657984216300, 0.1262901037035559800, 0.1867264692161329800, 0.2461464323353445300, 0.3055756426461384600, 0.3654293856180519400, 0.4263263089482598500, 0.4888399064006412900, 0.5517249718140474500, 0.6139185964661590900, 0.6754837657683963000, 0.7373338970992858700, 0.8002290443945265800, 0.8645022981233229100, 0.9310407391556971800, 1.000000000000000000 ),
 ( 0.0000000000000000000, 1.000000000000000000 ),
 .UNSPECIFIED. ) ;
#7555 = SURFACE_STYLE_USAGE ( .BOTH. , #1794 ) ;
#7556 = DIRECTION ( 'NONE',  ( 0.4285842068721730200, 0.9035018415143105700, 0.0000000000000000000 ) ) ;
#7557 = SURFACE_STYLE_FILL_AREA ( #4061 ) ;
#7558 = CARTESIAN_POINT ( 'NONE',  ( 0.6194922002989121700, -0.6818486952940978600, 2.029999999999999800 ) ) ;
#7559 = CARTESIAN_POINT ( 'NONE',  ( -1.138698854732272900, -0.4515271816518685000, 2.029999999999999800 ) ) ;
#7560 = LINE ( 'NONE', #6532, #9498 ) ;
#7561 = CARTESIAN_POINT ( 'NONE',  ( 1.797538070371525800, -0.3754138527912170300, 1.139764978443095700 ) ) ;
#7562 = CARTESIAN_POINT ( 'NONE',  ( -1.134850140788889100, -0.6550726554326256100, 2.029999999999999800 ) ) ;
#7563 = CARTESIAN_POINT ( 'NONE',  ( -0.09215239799084450100, -0.6364539245833009700, 2.030000000000000200 ) ) ;
#7564 = ORIENTED_EDGE ( 'NONE', *, *, #64, .F. ) ;
#7565 = CARTESIAN_POINT ( 'NONE',  ( 0.7615384615384690500, 0.2300072252659040600, 2.025000000000000400 ) ) ;
#7566 =( GEOMETRIC_REPRESENTATION_CONTEXT ( 3 ) GLOBAL_UNCERTAINTY_ASSIGNED_CONTEXT ( ( #1677 ) ) GLOBAL_UNIT_ASSIGNED_CONTEXT ( ( #10557, #5615, #649 ) ) REPRESENTATION_CONTEXT ( 'NONE', 'WORKASPACE' ) );
#7567 = DIRECTION ( 'NONE',  ( -1.000000000000000000, 0.0000000000000000000, 0.0000000000000000000 ) ) ;
#7568 = LINE ( 'NONE', #10013, #5137 ) ;
#7569 =( NAMED_UNIT ( * ) PLANE_ANGLE_UNIT ( ) SI_UNIT ( $, .RADIAN. ) );
#7570 = ADVANCED_FACE ( 'NONE', ( #670 ), #8733, .F. ) ;
#7571 = SURFACE_STYLE_FILL_AREA ( #10455 ) ;
#7572 = PLANE ( 'NONE',  #9779 ) ;
#7573 = COLOUR_RGB ( '',0.7294117647058823200, 0.3568627450980392200, 0.02352941176470588200 ) ;
#7574 = EDGE_CURVE ( 'NONE', #9230, #6200, #427, .T. ) ;
#7575 = DIRECTION ( 'NONE',  ( -1.000000000000000000, 0.0000000000000000000, 0.0000000000000000000 ) ) ;
#7576 = VERTEX_POINT ( 'NONE', #5459 ) ;
#7577 = CARTESIAN_POINT ( 'NONE',  ( 0.6232064307948798100, -0.5987928203894994400, 2.025000000000000800 ) ) ;
#7578 = CARTESIAN_POINT ( 'NONE',  ( -0.6062097429425689100, -0.4428767375831035900, 2.024999999999999900 ) ) ;
#7579 = CARTESIAN_POINT ( 'NONE',  ( -1.120492788461531700, -0.7116594414007626500, 2.030000000000000200 ) ) ;
#7580 =( GEOMETRIC_REPRESENTATION_CONTEXT ( 3 ) GLOBAL_UNCERTAINTY_ASSIGNED_CONTEXT ( ( #9837 ) ) GLOBAL_UNIT_ASSIGNED_CONTEXT ( ( #2337, #8116, #3193 ) ) REPRESENTATION_CONTEXT ( 'NONE', 'WORKASPACE' ) );
#7581 = PRESENTATION_STYLE_ASSIGNMENT (( #4158 ) ) ;
#7582 = MECHANICAL_DESIGN_GEOMETRIC_PRESENTATION_REPRESENTATION (  '', ( #6464 ), #8128 ) ;
#7583 = CARTESIAN_POINT ( 'NONE',  ( -0.2273993327069313800, -0.6569641982111882300, 2.024999999999999900 ) ) ;
#7584 = EDGE_LOOP ( 'NONE', ( #7904, #6334, #8623, #3673 ) ) ;
#7586 = CARTESIAN_POINT ( 'NONE',  ( -0.9943602328546096200, -0.5468682362297862000, 2.025000000000001200 ) ) ;
#7585 = LINE ( 'NONE', #9797, #9764 ) ;
#7587 = ORIENTED_EDGE ( 'NONE', *, *, #4451, .T. ) ;
#7588 = SURFACE_SIDE_STYLE ('',( #8324 ) ) ;
#7589 =( GEOMETRIC_REPRESENTATION_CONTEXT ( 3 ) GLOBAL_UNCERTAINTY_ASSIGNED_CONTEXT ( ( #10342 ) ) GLOBAL_UNIT_ASSIGNED_CONTEXT ( ( #7532, #2610, #8364 ) ) REPRESENTATION_CONTEXT ( 'NONE', 'WORKASPACE' ) );
#7590 = ORIENTED_EDGE ( 'NONE', *, *, #3461, .F. ) ;
#7591 = ORIENTED_EDGE ( 'NONE', *, *, #10098, .T. ) ;
#7592 =( NAMED_UNIT ( * ) SI_UNIT ( $, .STERADIAN. ) SOLID_ANGLE_UNIT ( ) );
#7593 = ORIENTED_EDGE ( 'NONE', *, *, #6168, .T. ) ;
#7594 = ADVANCED_FACE ( 'NONE', ( #8952 ), #10423, .T. ) ;
#7595 = LINE ( 'NONE', #7765, #3480 ) ;
#7596 = CARTESIAN_POINT ( 'NONE',  ( 0.6831724665952534400, -0.2148493071709146600, 2.029999999999999800 ) ) ;
#7597 = LINE ( 'NONE', #8188, #1279 ) ;
#7598 = FILL_AREA_STYLE_COLOUR ( '', #3646 ) ;
#7599 = CARTESIAN_POINT ( 'NONE',  ( 1.766156268337753000, 0.3874804959500190400, 1.158243805021453200 ) ) ;
#7600 = CARTESIAN_POINT ( 'NONE',  ( -1.354929309816589100, -1.419929309816590400, 2.025000000000000400 ) ) ;
#7601 = PRESENTATION_STYLE_ASSIGNMENT (( #608 ) ) ;
#7602 = ORIENTED_EDGE ( 'NONE', *, *, #8169, .F. ) ;
#7603 = CARTESIAN_POINT ( 'NONE',  ( -1.075186042525725400, -0.6490159910013145700, 2.030000000000000700 ) ) ;
#7604 = EDGE_LOOP ( 'NONE', ( #2146, #8020, #8671, #8765, #5442 ) ) ;
#7605 = CARTESIAN_POINT ( 'NONE',  ( -0.9983146188782480200, -0.5830435335990660200, 2.029999999999999800 ) ) ;
#7606 = CARTESIAN_POINT ( 'NONE',  ( -0.1883372207197296400, -0.7029132546359737600, 2.025000000000000400 ) ) ;
#7607 = FILL_AREA_STYLE ('',( #3467 ) ) ;
#7608 =( NAMED_UNIT ( * ) SI_UNIT ( $, .STERADIAN. ) SOLID_ANGLE_UNIT ( ) );
#7609 = EDGE_CURVE ( 'NONE', #1186, #6200, #1952, .T. ) ;
#7610 =( NAMED_UNIT ( * ) PLANE_ANGLE_UNIT ( ) SI_UNIT ( $, .RADIAN. ) );
#7611 = FACE_OUTER_BOUND ( 'NONE', #1840, .T. ) ;
#7612 = EDGE_CURVE ( 'NONE', #1961, #7505, #10451, .T. ) ;
#7613 = SURFACE_STYLE_USAGE ( .BOTH. , #1849 ) ;
#7614 = CARTESIAN_POINT ( 'NONE',  ( 0.7143935105209086000, -0.6685271473068735700, 2.030000000000001100 ) ) ;
#7616 = CARTESIAN_POINT ( 'NONE',  ( 0.8814102564102639400, -0.2406558356315318400, 2.025000000000000400 ) ) ;
#7615 = SURFACE_SIDE_STYLE ('',( #5667 ) ) ;
#7617 = VERTEX_POINT ( 'NONE', #10529 ) ;
#7618 = CARTESIAN_POINT ( 'NONE',  ( -0.9924143848800521800, -0.6666487272906593800, 2.024999999999999900 ) ) ;
#7619 = AXIS2_PLACEMENT_3D ( 'NONE', #1610, #7381, #2441 ) ;
#7620 = FILL_AREA_STYLE_COLOUR ( '', #2678 ) ;
#7621 = CARTESIAN_POINT ( 'NONE',  ( 0.7764220031484521100, -0.4121743614149869800, 2.025000000000000800 ) ) ;
#7622 = CARTESIAN_POINT ( 'NONE',  ( -1.120492788461531700, -0.7116594414007626500, 2.025000000000000400 ) ) ;
#7623 = CARTESIAN_POINT ( 'NONE',  ( -1.012556327938611200, -0.5001985600698821700, 2.029999999999999800 ) ) ;
#7624 = EDGE_CURVE ( 'NONE', #5931, #5598, #8516, .T. ) ;
#7625 = ORIENTED_EDGE ( 'NONE', *, *, #9260, .F. ) ;
#7626 = SURFACE_SIDE_STYLE ('',( #966 ) ) ;
#7627 = CARTESIAN_POINT ( 'NONE',  ( 0.7144357277982439400, -0.4303342805624141300, 2.029999999999999800 ) ) ;
#7628 = ADVANCED_FACE ( 'NONE', ( #4145 ), #9719, .T. ) ;
#7629 = CARTESIAN_POINT ( 'NONE',  ( 0.7313216556298266500, -0.3797235952627914200, 2.025000000000000400 ) ) ;
#7630 = B_SPLINE_CURVE_WITH_KNOTS ( 'NONE', 3,
 ( #10386, #6267, #2160, #7932, #3008, #8766, #3831, #9576, #4665, #10422, #5479, #514, #6301, #1360, #7127, #2197, #7965, #3044, #8792 ),
 .UNSPECIFIED., .F., .F.,
 ( 4, 1, 1, 1, 1, 1, 1, 1, 1, 1, 1, 1, 1, 1, 1, 1, 4 ),
 ( 0.0000000000000000000, 0.05720826943350954700, 0.1136960596574905500, 0.1691779164171953500, 0.2241592165805431400, 0.2787198783810434500, 0.3337942174469886700, 0.3892414593400029300, 0.4458220733936216200, 0.5037042811090204400, 0.5642938918193634000, 0.6279754158952242100, 0.6950382596840515300, 0.7653727258510127900, 0.8396114430907355400, 0.9175377500777889300, 0.9999999999999998900 ),
 .UNSPECIFIED. ) ;
#7631 = CARTESIAN_POINT ( 'NONE',  ( -0.3274281755381823200, -0.7256394261560649200, 2.030000000000001600 ) ) ;
#7632 = CARTESIAN_POINT ( 'NONE',  ( 1.838854698189234200, 0.2770076515801686000, 1.084764547694788500 ) ) ;
#7633 = CARTESIAN_POINT ( 'NONE',  ( -1.003917618962809800, -0.5961092314487727000, 2.025000000000001200 ) ) ;
#7634 = PLANE ( 'NONE',  #8722 ) ;
#7635 = CARTESIAN_POINT ( 'NONE',  ( -0.2912426332192922200, -0.7255517680533495300, 2.029999999999999400 ) ) ;
#7636 = VERTEX_POINT ( 'NONE', #8073 ) ;
#7637 = EDGE_CURVE ( 'NONE', #9588, #1461, #898, .T. ) ;
#7638 = CARTESIAN_POINT ( 'NONE',  ( 0.8344192592621063600, -0.5485201071930883000, 2.029999999999999800 ) ) ;
#7639 = SURFACE_STYLE_USAGE ( .BOTH. , #1879 ) ;
#7640 = MECHANICAL_DESIGN_GEOMETRIC_PRESENTATION_REPRESENTATION (  '', ( #5991 ), #8189 ) ;
#7641 = SURFACE_SIDE_STYLE ('',( #8824 ) ) ;
#7642 = ADVANCED_FACE ( 'NONE', ( #5308 ), #4840, .T. ) ;
#7643 = ADVANCED_FACE ( 'NONE', ( #113 ), #6879, .T. ) ;
#7644 = AXIS2_PLACEMENT_3D ( 'NONE', #1710, #5830, #6656 ) ;
#7645 = DIRECTION ( 'NONE',  ( -0.4188422247446084700, 0.9080590238365492400, 0.0000000000000000000 ) ) ;
#7646 = SURFACE_STYLE_USAGE ( .BOTH. , #1887 ) ;
#7648 = SURFACE_SIDE_STYLE ('',( #4754 ) ) ;
#7647 = CARTESIAN_POINT ( 'NONE',  ( 0.8823582305546614500, -0.6198785434127925800, 2.024999999999999900 ) ) ;
#7649 = PRESENTATION_LAYER_ASSIGNMENT (  '', '', ( #7094 ) ) ;
#7650 = VECTOR ( 'NONE', #4189, 1000.000000000000000 ) ;
#7651 = SURFACE_STYLE_FILL_AREA ( #5239 ) ;
#7652 = CARTESIAN_POINT ( 'NONE',  ( -1.219871794871788300, -0.6552491849905062200, 2.030000000000000200 ) ) ;
#7653 = ORIENTED_EDGE ( 'NONE', *, *, #10198, .F. ) ;
#7654 =( GEOMETRIC_REPRESENTATION_CONTEXT ( 3 ) GLOBAL_UNCERTAINTY_ASSIGNED_CONTEXT ( ( #2024 ) ) GLOBAL_UNIT_ASSIGNED_CONTEXT ( ( #3168, #8910, #3988 ) ) REPRESENTATION_CONTEXT ( 'NONE', 'WORKASPACE' ) );
#7655 = CARTESIAN_POINT ( 'NONE',  ( -1.187149439102557200, -0.4507620055033266800, 2.025000000000000400 ) ) ;
#7656 = CARTESIAN_POINT ( 'NONE',  ( 0.8531100590258957600, -0.4828286031128817800, 2.030000000000000200 ) ) ;
#7657 = CARTESIAN_POINT ( 'NONE',  ( 1.850000000000005600, 1.100000000000000100, 8.910786605115239600E-015 ) ) ;
#7658 = CARTESIAN_POINT ( 'NONE',  ( 0.7544871794871871300, 0.7800072252659041600, 2.025000000000000400 ) ) ;
#7659 = SURFACE_STYLE_FILL_AREA ( #6161 ) ;
#7660 = PLANE ( 'NONE',  #950 ) ;
#7661 = CARTESIAN_POINT ( 'NONE',  ( 0.6740645143510850500, -0.4000661752223617600, 2.029999999999999800 ) ) ;
#7662 = PLANE ( 'NONE',  #3034 ) ;
#7663 = ORIENTED_EDGE ( 'NONE', *, *, #2378, .F. ) ;
#7664 = VERTEX_POINT ( 'NONE', #8402 ) ;
#7665 = CARTESIAN_POINT ( 'NONE',  ( 1.050641025641033500, -0.4437107234520447100, 2.025000000000000400 ) ) ;
#7666 = SURFACE_STYLE_FILL_AREA ( #5955 ) ;
#7667 = CARTESIAN_POINT ( 'NONE',  ( -0.4384139435038375000, -0.7018870027352948100, 2.025000000000000400 ) ) ;
#7668 = SURFACE_STYLE_USAGE ( .BOTH. , #1911 ) ;
#7669 = EDGE_CURVE ( 'NONE', #4966, #8900, #630, .T. ) ;
#7670 = B_SPLINE_CURVE_WITH_KNOTS ( 'NONE', 3,
 ( #2409, #5738, #1622, #7387, #2449, #8225, #3290 ),
 .UNSPECIFIED., .F., .F.,
 ( 4, 1, 1, 1, 4 ),
 ( 0.0000000000000000000, 0.2347233736739013900, 0.4771583189289868000, 0.7285562842030539600, 1.000000000000000000 ),
 .UNSPECIFIED. ) ;
#7671 = CARTESIAN_POINT ( 'NONE',  ( 1.849999999999996300, 0.9499999999999998400, 0.3800000000000005600 ) ) ;
#7672 = ORIENTED_EDGE ( 'NONE', *, *, #9801, .T. ) ;
#7673 = CARTESIAN_POINT ( 'NONE',  ( -0.5856946761168655400, -0.3220586117474141300, 2.030000000000000700 ) ) ;
#7674 = ORIENTED_EDGE ( 'NONE', *, *, #8507, .T. ) ;
#7675 =( LENGTH_UNIT ( ) NAMED_UNIT ( * ) SI_UNIT ( .MILLI., .METRE. ) );
#7676 = CYLINDRICAL_SURFACE ( 'NONE', #629, 0.1399999999999999300 ) ;
#7677 = LINE ( 'NONE', #2800, #5485 ) ;
#7678 = ADVANCED_FACE ( 'NONE', ( #3496 ), #10472, .T. ) ;
#7679 =( LENGTH_UNIT ( ) NAMED_UNIT ( * ) SI_UNIT ( .MILLI., .METRE. ) );
#7680 = VERTEX_POINT ( 'NONE', #1012 ) ;
#7681 = DIRECTION ( 'NONE',  ( -0.5389461971344257100, -0.8423401905372559500, 0.0000000000000000000 ) ) ;
#7682 = SURFACE_SIDE_STYLE ('',( #5214 ) ) ;
#7684 = FILL_AREA_STYLE_COLOUR ( '', #10287 ) ;
#7683 = CARTESIAN_POINT ( 'NONE',  ( 0.8310803175205825300, -0.6919128073575887500, 2.030000000000000700 ) ) ;
#7685 = CARTESIAN_POINT ( 'NONE',  ( -1.031164580142382800, -0.4808496753573042200, 2.030000000000000200 ) ) ;
#7686 = EDGE_CURVE ( 'NONE', #5508, #5407, #489, .T. ) ;
#7687 = VECTOR ( 'NONE', #1021, 1000.000000000000000 ) ;
#7688 = STYLED_ITEM ( 'NONE', ( #340 ), #223 ) ;
#7689 = CARTESIAN_POINT ( 'NONE',  ( -0.3104767628205059000, -0.1475568772981984700, 2.030000000000000700 ) ) ;
#7690 = B_SPLINE_CURVE_WITH_KNOTS ( 'NONE', 3,
 ( #8642, #2879, #5372, #391, #6189, #1243, #7006, #2086, #7842, #2917, #8674, #3759, #8904, #3972, #9720, #4805, #10567, #5624, #660 ),
 .UNSPECIFIED., .F., .F.,
 ( 4, 1, 1, 1, 1, 1, 1, 1, 1, 1, 1, 1, 1, 1, 1, 1, 4 ),
 ( 0.0000000000000000000, 0.06432321657984216300, 0.1262901037035559800, 0.1867264692161329800, 0.2461464323353445300, 0.3055756426461384600, 0.3654293856180519400, 0.4263263089482598500, 0.4888399064006412900, 0.5517249718140474500, 0.6139185964661590900, 0.6754837657683963000, 0.7373338970992858700, 0.8002290443945265800, 0.8645022981233229100, 0.9310407391556971800, 1.000000000000000000 ),
 .UNSPECIFIED. ) ;
#7691 = CARTESIAN_POINT ( 'NONE',  ( -1.700000000000005100, 1.100000000000000100, 1.070000000000000100 ) ) ;
#7692 = CARTESIAN_POINT ( 'NONE',  ( -1.086920792443447400, -0.4567194643799291100, 2.025000000000000800 ) ) ;
#7693 = ORIENTED_EDGE ( 'NONE', *, *, #5363, .F. ) ;
#7694 = CARTESIAN_POINT ( 'NONE',  ( 0.8881070946148390500, -0.5699415404030392400, 2.025000000000000400 ) ) ;
#7695 = MECHANICAL_DESIGN_GEOMETRIC_PRESENTATION_REPRESENTATION (  '', ( #6045 ), #7056 ) ;
#7696 = STYLED_ITEM ( 'NONE', ( #3952 ), #7018 ) ;
#7697 = ADVANCED_FACE ( 'NONE', ( #2714 ), #3875, .F. ) ;
#7698 = LINE ( 'NONE', #1302, #9609 ) ;
#7699 = ADVANCED_FACE ( 'NONE', ( #10443 ), #341, .T. ) ;
#7700 = COLOUR_RGB ( '',0.7294117647058823200, 0.3568627450980392200, 0.02352941176470588200 ) ;
#7701 = ORIENTED_EDGE ( 'NONE', *, *, #2783, .F. ) ;
#7702 = CARTESIAN_POINT ( 'NONE',  ( 0.6849659455128279700, -0.3446622458879420900, 2.030000000000000200 ) ) ;
#7703 = LINE ( 'NONE', #3662, #9878 ) ;
#7704 = CARTESIAN_POINT ( 'NONE',  ( -0.5151009893303095700, -0.6522159444228297100, 2.030000000000001600 ) ) ;
#7705 = DIRECTION ( 'NONE',  ( -0.4285960263555436700, -0.9034962347415942400, 0.0000000000000000000 ) ) ;
#7706 = CARTESIAN_POINT ( 'NONE',  ( -0.3104767628205059000, -0.1475568772981984700, 2.030000000000000700 ) ) ;
#7707 = VECTOR ( 'NONE', #8459, 1000.000000000000000 ) ;
#7708 = SURFACE_STYLE_FILL_AREA ( #799 ) ;
#7709 = AXIS2_PLACEMENT_3D ( 'NONE', #4404, #10154, #5231 ) ;
#7710 = STYLED_ITEM ( 'NONE', ( #9408 ), #1039 ) ;
#7711 = CARTESIAN_POINT ( 'NONE',  ( 0.6831958600057126400, -0.7189436459212267300, 2.024999999999999900 ) ) ;
#7712 = ORIENTED_EDGE ( 'NONE', *, *, #531, .F. ) ;
#7713 = CARTESIAN_POINT ( 'NONE',  ( -0.07398852349413223600, -0.6148920520692979800, 2.030000000000000200 ) ) ;
#7714 = ORIENTED_EDGE ( 'NONE', *, *, #1972, .F. ) ;
#7715 =( NAMED_UNIT ( * ) PLANE_ANGLE_UNIT ( ) SI_UNIT ( $, .RADIAN. ) );
#7716 = LINE ( 'NONE', #7441, #5283 ) ;
#7717 = EDGE_CURVE ( 'NONE', #3079, #9458, #7465, .T. ) ;
#7718 = CARTESIAN_POINT ( 'NONE',  ( -1.107871174029712500, -0.6538301535346435800, 2.025000000000000400 ) ) ;
#7719 = PRESENTATION_STYLE_ASSIGNMENT (( #7908 ) ) ;
#7720 = CARTESIAN_POINT ( 'NONE',  ( 0.7367191121812757300, -0.7256479351501948800, 2.025000000000000400 ) ) ;
#7721 = DIRECTION ( 'NONE',  ( -0.0000000000000000000, -0.0000000000000000000, 1.000000000000000000 ) ) ;
#7722 = ORIENTED_EDGE ( 'NONE', *, *, #7540, .F. ) ;
#7723 = ORIENTED_EDGE ( 'NONE', *, *, #8821, .F. ) ;
#7724 = ORIENTED_EDGE ( 'NONE', *, *, #7262, .F. ) ;
#7725 = EDGE_LOOP ( 'NONE', ( #8878, #5084, #4255, #3209 ) ) ;
#7726 = CARTESIAN_POINT ( 'NONE',  ( -0.2038170247513755000, -0.1644842933179192800, 2.024999999999999900 ) ) ;
#7727 = LINE ( 'NONE', #772, #3353 ) ;
#7728 =( GEOMETRIC_REPRESENTATION_CONTEXT ( 3 ) GLOBAL_UNCERTAINTY_ASSIGNED_CONTEXT ( ( #7132 ) ) GLOBAL_UNIT_ASSIGNED_CONTEXT ( ( #8512, #3594, #9334 ) ) REPRESENTATION_CONTEXT ( 'NONE', 'WORKASPACE' ) );
#7729 = PRESENTATION_STYLE_ASSIGNMENT (( #2287 ) ) ;
#7730 =( LENGTH_UNIT ( ) NAMED_UNIT ( * ) SI_UNIT ( .MILLI., .METRE. ) );
#7731 = CARTESIAN_POINT ( 'NONE',  ( -1.187149439102557200, -0.4507620055033266800, 2.025000000000000400 ) ) ;
#7732 = LINE ( 'NONE', #3535, #1401 ) ;
#7733 = DIRECTION ( 'NONE',  ( 0.0000000000000000000, -0.0000000000000000000, 1.000000000000000000 ) ) ;
#7734 =( GEOMETRIC_REPRESENTATION_CONTEXT ( 3 ) GLOBAL_UNCERTAINTY_ASSIGNED_CONTEXT ( ( #5706 ) ) GLOBAL_UNIT_ASSIGNED_CONTEXT ( ( #7159, #2227, #8002 ) ) REPRESENTATION_CONTEXT ( 'NONE', 'WORKASPACE' ) );
#7735 = CARTESIAN_POINT ( 'NONE',  ( 0.05641025641026350300, 0.3465737316761604000, 2.025000000000000400 ) ) ;
#7736 = ADVANCED_FACE ( 'NONE', ( #887 ), #6164, .F. ) ;
#7737 = CARTESIAN_POINT ( 'NONE',  ( -0.1883372207197296400, -0.7029132546359737600, 2.025000000000000400 ) ) ;
#7738 = SURFACE_STYLE_FILL_AREA ( #4931 ) ;
#7739 = VERTEX_POINT ( 'NONE', #2069 ) ;
#7740 = CARTESIAN_POINT ( 'NONE',  ( 0.5641025641025715400, -0.6055596817853780000, 2.025000000000000400 ) ) ;
#7741 = DIRECTION ( 'NONE',  ( -1.000000000000000000, 0.0000000000000000000, -0.0000000000000000000 ) ) ;
#7742 = SURFACE_STYLE_USAGE ( .BOTH. , #1990 ) ;
#7743 = CARTESIAN_POINT ( 'NONE',  ( 1.050641025641033500, -0.2180696978110190400, 2.025000000000000400 ) ) ;
#7744 = CARTESIAN_POINT ( 'NONE',  ( 0.6194922002989121700, -0.6818486952940978600, 2.029999999999999800 ) ) ;
#7745 = ORIENTED_EDGE ( 'NONE', *, *, #1386, .F. ) ;
#7746 = EDGE_CURVE ( 'NONE', #6824, #7636, #8629, .T. ) ;
#7747 = FILL_AREA_STYLE ('',( #5280 ) ) ;
#7748 = ADVANCED_FACE ( 'NONE', ( #101 ), #6918, .T. ) ;
#7749 = EDGE_CURVE ( 'NONE', #2314, #2628, #3483, .T. ) ;
#7750 = ADVANCED_FACE ( 'NONE', ( #1278 ), #4698, .F. ) ;
#7751 = PLANE ( 'NONE',  #10693 ) ;
#7753 = CARTESIAN_POINT ( 'NONE',  ( 0.1642728365384686600, -0.4789671337084549500, 2.025000000000000400 ) ) ;
#7752 = SURFACE_STYLE_USAGE ( .BOTH. , #1999 ) ;
#7754 = CARTESIAN_POINT ( 'NONE',  ( -0.4659019238296894800, -0.6883243576521034200, 2.030000000000000200 ) ) ;
#7755 = AXIS2_PLACEMENT_3D ( 'NONE', #8887, #3958, #9703 ) ;
#7756 = AXIS2_PLACEMENT_3D ( 'NONE', #7616, #2686, #8435 ) ;
#7757 = CARTESIAN_POINT ( 'NONE',  ( -0.1155385407627307100, -0.2139585758083187800, 2.030000000000000700 ) ) ;
#7758 = FILL_AREA_STYLE ('',( #10177 ) ) ;
#7759 = ORIENTED_EDGE ( 'NONE', *, *, #10242, .T. ) ;
#7760 = CARTESIAN_POINT ( 'NONE',  ( 0.6513482447020582100, -0.6334617085190062900, 2.030000000000000200 ) ) ;
#7761 = VECTOR ( 'NONE', #8190, 1000.000000000000000 ) ;
#7762 = EDGE_CURVE ( 'NONE', #5925, #504, #2702, .T. ) ;
#7763 = UNCERTAINTY_MEASURE_WITH_UNIT (LENGTH_MEASURE( 1.000000000000000100E-005 ), #470, 'distance_accuracy_value', 'NONE');
#7764 = CARTESIAN_POINT ( 'NONE',  ( -1.710000000000005100, -0.4750000000000003700, 1.170000000000000200 ) ) ;
#7765 = CARTESIAN_POINT ( 'NONE',  ( -1.601131547168186000, -1.465751016977361100, 1.078584163331533800 ) ) ;
#7766 = CARTESIAN_POINT ( 'NONE',  ( 1.650000000000004600, -1.100000000000000100, 0.1000000000000078700 ) ) ;
#7767 = CARTESIAN_POINT ( 'NONE',  ( 1.750000000000004700, 1.024999999999999200, 0.2300000000000005900 ) ) ;
#7768 = PRESENTATION_STYLE_ASSIGNMENT (( #4507 ) ) ;
#7769 = ORIENTED_EDGE ( 'NONE', *, *, #7609, .T. ) ;
#7770 = ORIENTED_EDGE ( 'NONE', *, *, #7203, .T. ) ;
#7771 = CARTESIAN_POINT ( 'NONE',  ( -1.050751201923070300, -0.4149547138366600500, 2.025000000000000400 ) ) ;
#7772 = ORIENTED_EDGE ( 'NONE', *, *, #5741, .F. ) ;
#7773 = LINE ( 'NONE', #2774, #1188 ) ;
#7774 = PRESENTATION_LAYER_ASSIGNMENT (  '', '', ( #7215 ) ) ;
#7775 = CARTESIAN_POINT ( 'NONE',  ( -0.5435612980769158900, 0.7800072252659040500, 2.025000000000000400 ) ) ;
#7776 = FILL_AREA_STYLE_COLOUR ( '', #8675 ) ;
#7777 = DIRECTION ( 'NONE',  ( -0.0000000000000000000, -0.0000000000000000000, 1.000000000000000000 ) ) ;
#7778 = EDGE_CURVE ( 'NONE', #2706, #5565, #4890, .T. ) ;
#7779 = VECTOR ( 'NONE', #9709, 1000.000000000000200 ) ;
#7780 = CARTESIAN_POINT ( 'NONE',  ( 0.5641025641025715400, -0.6055596817853780000, 2.025000000000000400 ) ) ;
#7781 = COLOUR_RGB ( '',1.000000000000000000, 0.7176470588235294200, 0.2470588235294117800 ) ;
#7782 = ORIENTED_EDGE ( 'NONE', *, *, #7113, .T. ) ;
#7783 = MECHANICAL_DESIGN_GEOMETRIC_PRESENTATION_REPRESENTATION (  '', ( #6682 ), #8333 ) ;
#7784 = VECTOR ( 'NONE', #6680, 1000.000000000000000 ) ;
#7785 = CARTESIAN_POINT ( 'NONE',  ( -0.3463374189969372100, -0.2058241322712344200, 2.030000000000000200 ) ) ;
#7786 = ADVANCED_FACE ( 'NONE', ( #9001 ), #3117, .F. ) ;
#7787 = CARTESIAN_POINT ( 'NONE',  ( 1.700000000000005100, -1.464999999999994100, 1.169999999999999900 ) ) ;
#7788 = FILL_AREA_STYLE_COLOUR ( '', #2661 ) ;
#7789 = VERTEX_POINT ( 'NONE', #1426 ) ;
#7790 =( GEOMETRIC_REPRESENTATION_CONTEXT ( 3 ) GLOBAL_UNCERTAINTY_ASSIGNED_CONTEXT ( ( #4907 ) ) GLOBAL_UNIT_ASSIGNED_CONTEXT ( ( #3884, #9617, #4709 ) ) REPRESENTATION_CONTEXT ( 'NONE', 'WORKASPACE' ) );
#7792 = CARTESIAN_POINT ( 'NONE',  ( 0.3608273237179558400, -0.4789671337084549500, 2.025000000000000400 ) ) ;
#7791 =( LENGTH_UNIT ( ) NAMED_UNIT ( * ) SI_UNIT ( .MILLI., .METRE. ) );
#7793 = AXIS2_PLACEMENT_3D ( 'NONE', #9868, #10705, #5776 ) ;
#7794 = CARTESIAN_POINT ( 'NONE',  ( -1.750000000000005300, 1.100000000000000100, 1.020999999999999500 ) ) ;
#7795 = CARTESIAN_POINT ( 'NONE',  ( -0.5564636882461471100, -0.4613001507037856100, 2.029999999999999800 ) ) ;
#7796 = PRESENTATION_LAYER_ASSIGNMENT (  '', '', ( #8343 ) ) ;
#7797 = ORIENTED_EDGE ( 'NONE', *, *, #3774, .T. ) ;
#7798 = DIRECTION ( 'NONE',  ( -0.0000000000000000000, -0.0000000000000000000, 1.000000000000000000 ) ) ;
#7799 = DIRECTION ( 'NONE',  ( 5.782411586589324900E-015, 0.0000000000000000000, -1.000000000000000000 ) ) ;
#7800 = ORIENTED_EDGE ( 'NONE', *, *, #10049, .T. ) ;
#7801 = CARTESIAN_POINT ( 'NONE',  ( 0.5641025641025715400, -0.6055596817853780000, 2.025000000000000400 ) ) ;
#7802 = FILL_AREA_STYLE_COLOUR ( '', #5160 ) ;
#7803 = VECTOR ( 'NONE', #8115, 1000.000000000000000 ) ;
#7804 = FACE_OUTER_BOUND ( 'NONE', #1434, .T. ) ;
#7805 = CARTESIAN_POINT ( 'NONE',  ( -0.9715624026183047300, -0.6426910488495620700, 2.030000000000000200 ) ) ;
#7806 = ADVANCED_FACE ( 'NONE', ( #3860 ), #8029, .T. ) ;
#7807 = UNCERTAINTY_MEASURE_WITH_UNIT (LENGTH_MEASURE( 1.000000000000000100E-005 ), #7675, 'distance_accuracy_value', 'NONE');
#7808 = ORIENTED_EDGE ( 'NONE', *, *, #9801, .F. ) ;
#7809 = CARTESIAN_POINT ( 'NONE',  ( 1.700000000000000800, 1.100000000000000100, 1.070000000000008300 ) ) ;
#7810 = EDGE_LOOP ( 'NONE', ( #1521, #467, #3587, #5075 ) ) ;
#7811 = CARTESIAN_POINT ( 'NONE',  ( -0.1229031614625228500, -0.2846679183594209000, 2.029999999999999800 ) ) ;
#7812 = SURFACE_STYLE_USAGE ( .BOTH. , #2053 ) ;
#7813 = ORIENTED_EDGE ( 'NONE', *, *, #1820, .F. ) ;
#7814 = CARTESIAN_POINT ( 'NONE',  ( -1.040369481370543500, -0.2729595009347713400, 2.029999999999999800 ) ) ;
#7815 = SURFACE_STYLE_FILL_AREA ( #2858 ) ;
#7816 = CARTESIAN_POINT ( 'NONE',  ( -0.4512629503766068000, -0.2430866496872780600, 2.025000000000001200 ) ) ;
#7817 = FACE_OUTER_BOUND ( 'NONE', #3725, .T. ) ;
#7818 = VECTOR ( 'NONE', #4891, 1000.000000000000000 ) ;
#7819 = DIRECTION ( 'NONE',  ( -0.0000000000000000000, -1.000000000000000000, 1.774471640729142400E-016 ) ) ;
#7820 = CARTESIAN_POINT ( 'NONE',  ( -1.102184105308526600, -0.4542996155396214500, 2.025000000000001200 ) ) ;
#7821 = B_SPLINE_CURVE_WITH_KNOTS ( 'NONE', 3,
 ( #5759, #9809, #10644, #5715, #756, #6538, #1596, #7365, #2426, #8203, #3269 ),
 .UNSPECIFIED., .F., .F.,
 ( 4, 1, 1, 1, 1, 1, 1, 1, 4 ),
 ( 0.0000000000000000000, 0.1590042985173776600, 0.3046460998968138500, 0.4385469045795917200, 0.5623222987759274300, 0.6774325425257306000, 0.7868973929387541600, 0.8936108891042670000, 1.000000000000000000 ),
 .UNSPECIFIED. ) ;
#7822 = CARTESIAN_POINT ( 'NONE',  ( -1.700000000000005300, -0.3749999999999996700, 0.4590000000000001900 ) ) ;
#7824 = DIRECTION ( 'NONE',  ( -0.0000000000000000000, -0.0000000000000000000, 1.000000000000000000 ) ) ;
#7823 = FILL_AREA_STYLE ('',( #6139 ) ) ;
#7825 = PRESENTATION_STYLE_ASSIGNMENT (( #1609 ) ) ;
#7826 = VERTEX_POINT ( 'NONE', #8926 ) ;
#7827 = CARTESIAN_POINT ( 'NONE',  ( 1.678662164789305900, 1.344042694980131600, 0.8261074275140942700 ) ) ;
#7828 = CARTESIAN_POINT ( 'NONE',  ( -0.4871920334867886900, -0.6032123843312905400, 2.025000000000001200 ) ) ;
#7829 = EDGE_CURVE ( 'NONE', #8521, #4657, #5286, .T. ) ;
#7830 = FILL_AREA_STYLE ('',( #6995 ) ) ;
#7831 = VECTOR ( 'NONE', #9221, 1000.000000000000100 ) ;
#7832 = COLOUR_RGB ( '',1.000000000000000000, 0.7176470588235294200, 0.2470588235294117800 ) ;
#7833 = FACE_OUTER_BOUND ( 'NONE', #1535, .T. ) ;
#7834 = CARTESIAN_POINT ( 'NONE',  ( 1.700000000000000400, -1.464999999999999400, 1.070000000000000100 ) ) ;
#7835 = ORIENTED_EDGE ( 'NONE', *, *, #508, .F. ) ;
#7836 = CARTESIAN_POINT ( 'NONE',  ( 0.6890301374412661800, -0.3482891398250258500, 2.030000000000000700 ) ) ;
#7837 = DIRECTION ( 'NONE',  ( 0.0000000000000000000, -1.000000000000000000, 0.0000000000000000000 ) ) ;
#7838 = ADVANCED_FACE ( 'NONE', ( #3086 ), #4003, .T. ) ;
#7839 = CARTESIAN_POINT ( 'NONE',  ( 0.6755831815729948000, -0.3354402685668996800, 2.025000000000000800 ) ) ;
#7840 = COLOUR_RGB ( '',0.7294117647058823200, 0.3568627450980392200, 0.02352941176470588200 ) ;
#7841 = EDGE_CURVE ( 'NONE', #3739, #1036, #87, .T. ) ;
#7842 = CARTESIAN_POINT ( 'NONE',  ( -0.5035780136878207400, -0.5862656353993924700, 2.029999999999999400 ) ) ;
#7843 = VERTEX_POINT ( 'NONE', #6509 ) ;
#7844 = VECTOR ( 'NONE', #9727, 1000.000000000000000 ) ;
#7845 = CARTESIAN_POINT ( 'NONE',  ( 0.8391025641025715600, -0.5761426144776857800, 2.025000000000000400 ) ) ;
#7846 = ORIENTED_EDGE ( 'NONE', *, *, #6648, .T. ) ;
#7847 = ORIENTED_EDGE ( 'NONE', *, *, #2997, .T. ) ;
#7848 = MECHANICAL_DESIGN_GEOMETRIC_PRESENTATION_REPRESENTATION (  '', ( #6191 ), #8398 ) ;
#7849 = CARTESIAN_POINT ( 'NONE',  ( 0.7413570170431746900, -0.1477804211209270100, 2.030000000000000200 ) ) ;
#7850 = ORIENTED_EDGE ( 'NONE', *, *, #2863, .T. ) ;
#7851 = ORIENTED_EDGE ( 'NONE', *, *, #7467, .T. ) ;
#7852 = CARTESIAN_POINT ( 'NONE',  ( 0.7924321512002752100, -0.4923939642355557000, 2.030000000000000200 ) ) ;
#7853 = PRESENTATION_STYLE_ASSIGNMENT (( #1561 ) ) ;
#7854 =( GEOMETRIC_REPRESENTATION_CONTEXT ( 3 ) GLOBAL_UNCERTAINTY_ASSIGNED_CONTEXT ( ( #5631 ) ) GLOBAL_UNIT_ASSIGNED_CONTEXT ( ( #8059, #3141, #8892 ) ) REPRESENTATION_CONTEXT ( 'NONE', 'WORKASPACE' ) );
#7855 = AXIS2_PLACEMENT_3D ( 'NONE', #9020, #4108, #9851 ) ;
#7856 = CARTESIAN_POINT ( 'NONE',  ( -1.147999037531823400, -0.2181334927220884000, 2.030000000000000200 ) ) ;
#7857 = PRESENTATION_STYLE_ASSIGNMENT (( #6865 ) ) ;
#7858 = VECTOR ( 'NONE', #5517, 1000.000000000000000 ) ;
#7859 = LINE ( 'NONE', #8899, #1516 ) ;
#7860 = CARTESIAN_POINT ( 'NONE',  ( -0.5176228542282541600, -0.3061311115885744800, 2.029999999999999800 ) ) ;
#7861 = PRESENTATION_LAYER_ASSIGNMENT (  '', '', ( #6746 ) ) ;
#7862 = SURFACE_STYLE_FILL_AREA ( #10515 ) ;
#7863 = ORIENTED_EDGE ( 'NONE', *, *, #2155, .F. ) ;
#7864 = EDGE_LOOP ( 'NONE', ( #8830, #4202, #1959, #2946, #10394, #10504, #8266, #9238 ) ) ;
#7865 = CARTESIAN_POINT ( 'NONE',  ( -1.181273035634985600, -0.4507767906514070800, 2.030000000000000200 ) ) ;
#7866 = VECTOR ( 'NONE', #3453, 1000.000000000000000 ) ;
#7867 = DIRECTION ( 'NONE',  ( 0.0000000000000000000, -1.000000000000000000, 0.0000000000000000000 ) ) ;
#7868 = CARTESIAN_POINT ( 'NONE',  ( -0.2898737980769158200, 0.2300072252659039800, 2.025000000000000400 ) ) ;
#7869 = CARTESIAN_POINT ( 'NONE',  ( -0.8814102564102497300, -0.5283261080674293000, 2.025000000000000400 ) ) ;
#7870 = CARTESIAN_POINT ( 'NONE',  ( -0.3610447309046502200, -0.6655314679950060700, 2.030000000000000200 ) ) ;
#7871 = COLOUR_RGB ( '',0.7294117647058823200, 0.3568627450980392200, 0.02352941176470588200 ) ;
#7872 = DIRECTION ( 'NONE',  ( -0.0000000000000000000, 1.774471640729141700E-016, 1.000000000000000000 ) ) ;
#7873 = MECHANICAL_DESIGN_GEOMETRIC_PRESENTATION_REPRESENTATION (  '', ( #6209 ), #8413 ) ;
#7874 = SURFACE_STYLE_FILL_AREA ( #1127 ) ;
#7875 = CARTESIAN_POINT ( 'NONE',  ( 0.6999999999999999600, 1.250000000000000000, 0.06142135623730951600 ) ) ;
#7876 = CARTESIAN_POINT ( 'NONE',  ( 0.8427789593131762600, -0.6816441194170241900, 2.030000000000000200 ) ) ;
#7877 = DIRECTION ( 'NONE',  ( 0.0000000000000000000, 1.000000000000000000, -1.445602896647341900E-016 ) ) ;
#7878 = VERTEX_POINT ( 'NONE', #726 ) ;
#7879 = DIRECTION ( 'NONE',  ( -0.08682659386424383700, -0.08682659386424472500, -0.9924325091389676300 ) ) ;
#7880 = CARTESIAN_POINT ( 'NONE',  ( -1.120848518912745500, -0.6546932254302110200, 2.025000000000000800 ) ) ;
#7881 = PLANE ( 'NONE',  #7397 ) ;
#7882 = EDGE_CURVE ( 'NONE', #10173, #6871, #8616, .T. ) ;
#7883 = DIRECTION ( 'NONE',  ( -1.000000000000000000, -4.336808689942015400E-015, 0.0000000000000000000 ) ) ;
#7884 = B_SPLINE_SURFACE_WITH_KNOTS ( 'NONE', 3, 1, ( 
 ( #2662, #5979 ),
 ( #1029, #6797 ),
 ( #1870, #7631 ),
 ( #2703, #8455 ),
 ( #3539, #9287 ),
 ( #4364, #10114 ),
 ( #5195, #224 ),
 ( #6013, #1062 ),
 ( #6841, #1909 ),
 ( #7667, #2741 ),
 ( #8497, #3578 ),
 ( #9319, #4403 ),
 ( #10153, #5230 ),
 ( #257, #6052 ),
 ( #1099, #6872 ),
 ( #1951, #7704 ),
 ( #2770, #8527 ),
 ( #3611, #9351 ),
 ( #4436, #10191 ) ),
 .UNSPECIFIED., .F., .F., .F.,
 ( 4, 1, 1, 1, 1, 1, 1, 1, 1, 1, 1, 1, 1, 1, 1, 1, 4 ),
 ( 2, 2 ),
 ( 0.0000000000000000000, 0.06966280089907728200, 0.1377495622582728100, 0.2039167435177826300, 0.2687798623293366500, 0.3324137064772238500, 0.3947535404471391700, 0.4561800316591684800, 0.5169956491967197000, 0.5773959379659516800, 0.6371983435092749600, 0.6969991842614545700, 0.7567561942255592900, 0.8165539052726076300, 0.8769479965978702600, 0.9381317879205949300, 1.000000000000000000 ),
 ( 0.0000000000000000000, 1.000000000000000000 ),
 .UNSPECIFIED. ) ;
#7885 = ORIENTED_EDGE ( 'NONE', *, *, #7420, .T. ) ;
#7886 = CARTESIAN_POINT ( 'NONE',  ( 0.8721979201397713800, -0.2280042779777469700, 2.030000000000000200 ) ) ;
#7887 = CARTESIAN_POINT ( 'NONE',  ( -0.3971854967948645900, 0.4626995329582116500, 2.025000000000000400 ) ) ;
#7888 = CARTESIAN_POINT ( 'NONE',  ( -1.219871794871788100, -0.6552491849905062200, 2.025000000000000400 ) ) ;
#7889 =( BOUNDED_CURVE ( )  B_SPLINE_CURVE ( 3, ( #6046, #218, #1054, #1091 ),
 .UNSPECIFIED., .F., .F. ) 
 B_SPLINE_CURVE_WITH_KNOTS ( ( 4, 4 ),
 ( 5.501585242055415200, 7.064785372303755500 ),
 .UNSPECIFIED. ) 
 CURVE ( )  GEOMETRIC_REPRESENTATION_ITEM ( )  RATIONAL_B_SPLINE_CURVE ( ( 1.000000000000000000, 0.8065248903853465800, 0.8065248903853465800, 1.000000000000000000 ) ) 
 REPRESENTATION_ITEM ( '' )  );
#7890 = VECTOR ( 'NONE', #43, 1000.000000000000000 ) ;
#7891 = UNCERTAINTY_MEASURE_WITH_UNIT (LENGTH_MEASURE( 1.000000000000000100E-005 ), #8226, 'distance_accuracy_value', 'NONE');
#7892 =( NAMED_UNIT ( * ) SI_UNIT ( $, .STERADIAN. ) SOLID_ANGLE_UNIT ( ) );
#7893 = FILL_AREA_STYLE_COLOUR ( '', #6069 ) ;
#7894 = EDGE_CURVE ( 'NONE', #817, #9207, #4505, .T. ) ;
#7895 = CARTESIAN_POINT ( 'NONE',  ( -0.5552139686628370100, -0.4052749110190317400, 2.025000000000000400 ) ) ;
#7896 = ADVANCED_FACE ( 'NONE', ( #8354 ), #10654, .T. ) ;
#7897 = STYLED_ITEM ( 'NONE', ( #2969 ), #147 ) ;
#7898 = CARTESIAN_POINT ( 'NONE',  ( -1.012126256579944900, -0.3802133279138788000, 2.030000000000000200 ) ) ;
#7899 = CARTESIAN_POINT ( 'NONE',  ( 1.700000000000005100, -1.464999999999994100, 1.070000000000000100 ) ) ;
#7900 = SURFACE_SIDE_STYLE ('',( #2637 ) ) ;
#7901 = CARTESIAN_POINT ( 'NONE',  ( 0.5993589743589818900, -0.2759122458879421100, 2.029999999999998900 ) ) ;
#7902 = ORIENTED_EDGE ( 'NONE', *, *, #2288, .F. ) ;
#7903 = CARTESIAN_POINT ( 'NONE',  ( -1.650000000000004600, 1.100000000000000100, 0.1000000000000000500 ) ) ;
#7904 = ORIENTED_EDGE ( 'NONE', *, *, #3000, .F. ) ;
#7905 = AXIS2_PLACEMENT_3D ( 'NONE', #7411, #2473, #8252 ) ;
#7906 = PRESENTATION_LAYER_ASSIGNMENT (  '', '', ( #8448 ) ) ;
#7907 = CARTESIAN_POINT ( 'NONE',  ( 0.8169184845298698100, -0.5190060211348896900, 2.025000000000000400 ) ) ;
#7908 = SURFACE_STYLE_USAGE ( .BOTH. , #2140 ) ;
#7909 = VECTOR ( 'NONE', #8, 1000.000000000000000 ) ;
#7910 = VERTEX_POINT ( 'NONE', #804 ) ;
#7911 = CARTESIAN_POINT ( 'NONE',  ( -0.1886985504618153000, -0.2333698438792229700, 2.025000000000001200 ) ) ;
#7912 = CARTESIAN_POINT ( 'NONE',  ( -0.9948589128223853700, -0.5694529507190273500, 2.025000000000000400 ) ) ;
#7913 = CARTESIAN_POINT ( 'NONE',  ( 0.7348758012820586500, -0.1475568772981984700, 2.030000000000000200 ) ) ;
#7914 = FACE_OUTER_BOUND ( 'NONE', #7233, .T. ) ;
#7915 = DIRECTION ( 'NONE',  ( 0.0000000000000000000, -0.0000000000000000000, -1.000000000000000000 ) ) ;
#7916 = MECHANICAL_DESIGN_GEOMETRIC_PRESENTATION_REPRESENTATION (  '', ( #6253 ), #8461 ) ;
#7917 = LINE ( 'NONE', #10425, #5717 ) ;
#7918 = PRESENTATION_LAYER_ASSIGNMENT (  '', '', ( #6805 ) ) ;
#7919 =( GEOMETRIC_REPRESENTATION_CONTEXT ( 3 ) GLOBAL_UNCERTAINTY_ASSIGNED_CONTEXT ( ( #7488 ) ) GLOBAL_UNIT_ASSIGNED_CONTEXT ( ( #10070, #5149, #177 ) ) REPRESENTATION_CONTEXT ( 'NONE', 'WORKASPACE' ) );
#7920 =( GEOMETRIC_REPRESENTATION_CONTEXT ( 3 ) GLOBAL_UNCERTAINTY_ASSIGNED_CONTEXT ( ( #6642 ) ) GLOBAL_UNIT_ASSIGNED_CONTEXT ( ( #9896, #4975, #12 ) ) REPRESENTATION_CONTEXT ( 'NONE', 'WORKASPACE' ) );
#7921 = LINE ( 'NONE', #9440, #10106 ) ;
#7922 = DIRECTION ( 'NONE',  ( 0.0000000000000000000, 0.0000000000000000000, -1.000000000000000000 ) ) ;
#7923 = CARTESIAN_POINT ( 'NONE',  ( 0.7457324455299327900, -0.6689511820855226200, 2.025000000000000400 ) ) ;
#7924 = EDGE_CURVE ( 'NONE', #7931, #1000, #3466, .T. ) ;
#7925 = EDGE_LOOP ( 'NONE', ( #9350, #5036, #3140, #449 ) ) ;
#7926 = FILL_AREA_STYLE ('',( #5447 ) ) ;
#7927 = DIRECTION ( 'NONE',  ( 0.0000000000000000000, -1.000000000000000000, 0.0000000000000000000 ) ) ;
#7928 = CARTESIAN_POINT ( 'NONE',  ( -0.9959708323087680400, -0.3500330995683358900, 2.024999999999999500 ) ) ;
#7929 = FACE_OUTER_BOUND ( 'NONE', #9032, .T. ) ;
#7930 = PLANE ( 'NONE',  #7351 ) ;
#7931 = VERTEX_POINT ( 'NONE', #6590 ) ;
#7932 = CARTESIAN_POINT ( 'NONE',  ( 0.7067286111993439400, -0.7241106874819310800, 2.025000000000000800 ) ) ;
#7933 = CARTESIAN_POINT ( 'NONE',  ( 0.1375000000000071200, -0.5353773901187113300, 2.025000000000000400 ) ) ;
#7934 = PRESENTATION_LAYER_ASSIGNMENT (  '', '', ( #6828 ) ) ;
#7935 = CARTESIAN_POINT ( 'NONE',  ( 0.6375131587358534600, -0.1840740492722578400, 2.024999999999999900 ) ) ;
#7936 = CARTESIAN_POINT ( 'NONE',  ( 1.700000000000000400, -1.365380530190821300, 1.070000000000000100 ) ) ;
#7937 = ORIENTED_EDGE ( 'NONE', *, *, #2279, .T. ) ;
#7938 = PRESENTATION_LAYER_ASSIGNMENT (  '', '', ( #6832 ) ) ;
#7939 = VECTOR ( 'NONE', #8554, 1000.000000000000000 ) ;
#7940 = UNCERTAINTY_MEASURE_WITH_UNIT (LENGTH_MEASURE( 1.000000000000000100E-005 ), #2372, 'distance_accuracy_value', 'NONE');
#7941 = FILL_AREA_STYLE ('',( #2173 ) ) ;
#7942 = ORIENTED_EDGE ( 'NONE', *, *, #69, .T. ) ;
#7943 = SURFACE_STYLE_USAGE ( .BOTH. , #2175 ) ;
#7944 = CARTESIAN_POINT ( 'NONE',  ( -0.3623208984604377500, -0.2081673224210943400, 2.025000000000000400 ) ) ;
#7945 = CARTESIAN_POINT ( 'NONE',  ( -0.1876158025297964800, -0.1706186053817996300, 2.025000000000000800 ) ) ;
#7946 = CARTESIAN_POINT ( 'NONE',  ( -1.650000000000004600, 1.100000000000000100, 0.1000000000000000500 ) ) ;
#7947 = ADVANCED_FACE ( 'NONE', ( #3202 ), #4073, .F. ) ;
#7948 = LINE ( 'NONE', #9156, #1611 ) ;
#7949 = COLOUR_RGB ( '',0.7294117647058823200, 0.3568627450980392200, 0.02352941176470588200 ) ;
#7950 = ORIENTED_EDGE ( 'NONE', *, *, #3355, .F. ) ;
#7951 = EDGE_CURVE ( 'NONE', #9374, #6171, #4629, .T. ) ;
#7952 =( NAMED_UNIT ( * ) SI_UNIT ( $, .STERADIAN. ) SOLID_ANGLE_UNIT ( ) );
#7953 = COLOUR_RGB ( '',0.7294117647058823200, 0.3568627450980392200, 0.02352941176470588200 ) ;
#7954 = EDGE_CURVE ( 'NONE', #2672, #7242, #2405, .T. ) ;
#7955 = LINE ( 'NONE', #4591, #1364 ) ;
#7956 = FACE_OUTER_BOUND ( 'NONE', #6297, .T. ) ;
#7957 = CARTESIAN_POINT ( 'NONE',  ( -0.1327496075734215200, -0.2744254185133680500, 2.030000000000000200 ) ) ;
#7958 = VERTEX_POINT ( 'NONE', #766 ) ;
#7959 = UNCERTAINTY_MEASURE_WITH_UNIT (LENGTH_MEASURE( 1.000000000000000100E-005 ), #908, 'distance_accuracy_value', 'NONE');
#7960 =( NAMED_UNIT ( * ) SI_UNIT ( $, .STERADIAN. ) SOLID_ANGLE_UNIT ( ) );
#7961 =( NAMED_UNIT ( * ) PLANE_ANGLE_UNIT ( ) SI_UNIT ( $, .RADIAN. ) );
#7962 =( GEOMETRIC_REPRESENTATION_CONTEXT ( 3 ) GLOBAL_UNCERTAINTY_ASSIGNED_CONTEXT ( ( #7807 ) ) GLOBAL_UNIT_ASSIGNED_CONTEXT ( ( #7675, #2752, #8506 ) ) REPRESENTATION_CONTEXT ( 'NONE', 'WORKASPACE' ) );
#7963 = PRESENTATION_LAYER_ASSIGNMENT (  '', '', ( #6860 ) ) ;
#7964 = CARTESIAN_POINT ( 'NONE',  ( -0.2020502119647081300, -0.6469230961324595700, 2.030000000000000200 ) ) ;
#7965 = CARTESIAN_POINT ( 'NONE',  ( 0.5726243662000800600, -0.6209934442649710500, 2.025000000000001200 ) ) ;
#7966 = FILL_AREA_STYLE_COLOUR ( '', #3546 ) ;
#7967 = VECTOR ( 'NONE', #10084, 1000.000000000000100 ) ;
#7968 = CARTESIAN_POINT ( 'NONE',  ( 0.7287678374205347500, -0.1477835456380595900, 2.029999999999998500 ) ) ;
#7969 = CARTESIAN_POINT ( 'NONE',  ( -1.701000000000005200, -1.100000000000000100, 1.020999999999999900 ) ) ;
#7970 = EDGE_CURVE ( 'NONE', #8521, #184, #4370, .T. ) ;
#7971 = EDGE_LOOP ( 'NONE', ( #2109, #9768, #217, #7770 ) ) ;
#7972 = ORIENTED_EDGE ( 'NONE', *, *, #5467, .F. ) ;
#7973 = PRESENTATION_LAYER_ASSIGNMENT (  '', '', ( #6869 ) ) ;
#7974 = CARTESIAN_POINT ( 'NONE',  ( -1.750000000000005300, 0.4749999999999998100, 1.020999999999999500 ) ) ;
#7975 = CARTESIAN_POINT ( 'NONE',  ( -1.131678400028775800, -0.1625707960471232900, 2.029999999999999400 ) ) ;
#7976 = CARTESIAN_POINT ( 'NONE',  ( 0.6112085563040071700, -0.3299047559353554000, 2.030000000000000200 ) ) ;
#7977 = FACE_OUTER_BOUND ( 'NONE', #7209, .T. ) ;
#7978 = CARTESIAN_POINT ( 'NONE',  ( -0.5259069581667897800, -0.3189089327763148200, 2.025000000000000400 ) ) ;
#7979 = FILL_AREA_STYLE ('',( #4641 ) ) ;
#7980 = FILL_AREA_STYLE_COLOUR ( '', #343 ) ;
#7981 = COLOUR_RGB ( '',0.6862745098039215700, 0.6078431372549019100, 0.5294117647058823600 ) ;
#7982 = PLANE ( 'NONE',  #3094 ) ;
#7983 = VERTEX_POINT ( 'NONE', #2513 ) ;
#7984 = ORIENTED_EDGE ( 'NONE', *, *, #8980, .F. ) ;
#7985 = VERTEX_POINT ( 'NONE', #6666 ) ;
#7986 = LINE ( 'NONE', #6480, #1149 ) ;
#7987 = EDGE_CURVE ( 'NONE', #5435, #3079, #6539, .T. ) ;
#7988 = COLOUR_RGB ( '',1.000000000000000000, 0.7176470588235294200, 0.2470588235294117800 ) ;
#7989 = STYLED_ITEM ( 'NONE', ( #10369 ), #10331 ) ;
#7990 = CARTESIAN_POINT ( 'NONE',  ( -0.9796522881181445300, -0.4589089787685965400, 2.024999999999999900 ) ) ;
#7992 = DIRECTION ( 'NONE',  ( 0.0000000000000000000, 1.000000000000000000, 0.0000000000000000000 ) ) ;
#7991 = VECTOR ( 'NONE', #894, 1000.000000000000000 ) ;
#7993 = AXIS2_PLACEMENT_3D ( 'NONE', #7767, #2842, #8597 ) ;
#7994 = CARTESIAN_POINT ( 'NONE',  ( -0.2274184849215836200, -0.2165226931305119800, 2.025000000000000800 ) ) ;
#7995 = MECHANICAL_DESIGN_GEOMETRIC_PRESENTATION_REPRESENTATION (  '', ( #6326 ), #8543 ) ;
#7996 = ORIENTED_EDGE ( 'NONE', *, *, #7475, .T. ) ;
#7997 = CARTESIAN_POINT ( 'NONE',  ( 0.7000000000000000700, -1.149999999999999900, 0.02000000000000000000 ) ) ;
#7998 = CARTESIAN_POINT ( 'NONE',  ( 0.6971729405337634400, -0.2085350148371378800, 2.025000000000000400 ) ) ;
#7999 = STYLED_ITEM ( 'NONE', ( #5255 ), #8559 ) ;
#8000 = UNCERTAINTY_MEASURE_WITH_UNIT (LENGTH_MEASURE( 1.000000000000000100E-005 ), #9898, 'distance_accuracy_value', 'NONE');
#8001 = SURFACE_SIDE_STYLE ('',( #8816 ) ) ;
#8002 =( NAMED_UNIT ( * ) SI_UNIT ( $, .STERADIAN. ) SOLID_ANGLE_UNIT ( ) );
#8003 =( NAMED_UNIT ( * ) PLANE_ANGLE_UNIT ( ) SI_UNIT ( $, .RADIAN. ) );
#8004 = CARTESIAN_POINT ( 'NONE',  ( -0.9876888650874067200, -0.3159574051508940400, 2.029999999999999800 ) ) ;
#8005 = EDGE_LOOP ( 'NONE', ( #2620, #6522, #10223, #140, #230, #7625, #3222, #2643 ) ) ;
#8006 = CARTESIAN_POINT ( 'NONE',  ( -1.045711122687259300, -0.1858787618899325800, 2.025000000000000400 ) ) ;
#8007 = LINE ( 'NONE', #8388, #5822 ) ;
#8008 = CARTESIAN_POINT ( 'NONE',  ( -0.3300498017325743700, -0.2041569840247455000, 2.030000000000000700 ) ) ;
#8009 = PLANE ( 'NONE',  #2068 ) ;
#8010 = DIRECTION ( 'NONE',  ( 0.0000000000000000000, -0.0000000000000000000, 1.000000000000000000 ) ) ;
#8011 = EDGE_CURVE ( 'NONE', #7958, #4657, #6804, .T. ) ;
#8012 = SURFACE_STYLE_USAGE ( .BOTH. , #2244 ) ;
#8013 = UNCERTAINTY_MEASURE_WITH_UNIT (LENGTH_MEASURE( 1.000000000000000100E-005 ), #8826, 'distance_accuracy_value', 'NONE');
#8014 = ORIENTED_EDGE ( 'NONE', *, *, #8183, .F. ) ;
#8015 = EDGE_CURVE ( 'NONE', #8709, #6188, #2162, .T. ) ;
#8016 = CARTESIAN_POINT ( 'NONE',  ( -0.9453418190161099200, -0.5398649256043722700, 2.030000000000000200 ) ) ;
#8017 = CARTESIAN_POINT ( 'NONE',  ( -0.8814102564102497300, -0.5283261080674293000, 2.030000000000000200 ) ) ;
#8018 = CARTESIAN_POINT ( 'NONE',  ( 0.7338958646261611900, -0.2041412645306585100, 2.030000000000000200 ) ) ;
#8019 = PRESENTATION_STYLE_ASSIGNMENT (( #10368 ) ) ;
#8020 = ORIENTED_EDGE ( 'NONE', *, *, #7686, .T. ) ;
#8021 = EDGE_CURVE ( 'NONE', #2672, #9500, #8483, .T. ) ;
#8022 = VERTEX_POINT ( 'NONE', #923 ) ;
#8023 =( LENGTH_UNIT ( ) NAMED_UNIT ( * ) SI_UNIT ( .MILLI., .METRE. ) );
#8024 = EDGE_CURVE ( 'NONE', #3237, #6277, #4734, .T. ) ;
#8025 = PRESENTATION_LAYER_ASSIGNMENT (  '', '', ( #6934 ) ) ;
#8026 = DIRECTION ( 'NONE',  ( -0.0000000000000000000, -0.0000000000000000000, 1.000000000000000000 ) ) ;
#8027 =( NAMED_UNIT ( * ) SI_UNIT ( $, .STERADIAN. ) SOLID_ANGLE_UNIT ( ) );
#8028 = SURFACE_STYLE_USAGE ( .BOTH. , #2265 ) ;
#8029 = PLANE ( 'NONE',  #9213 ) ;
#8030 = LINE ( 'NONE', #8063, #1711 ) ;
#8031 = PLANE ( 'NONE',  #5358 ) ;
#8032 = SURFACE_STYLE_FILL_AREA ( #5582 ) ;
#8033 = ORIENTED_EDGE ( 'NONE', *, *, #10714, .T. ) ;
#8034 = DIRECTION ( 'NONE',  ( 0.5391851040989492600, 0.8421872852981130400, 0.0000000000000000000 ) ) ;
#8035 =( GEOMETRIC_REPRESENTATION_CONTEXT ( 3 ) GLOBAL_UNCERTAINTY_ASSIGNED_CONTEXT ( ( #1439 ) ) GLOBAL_UNIT_ASSIGNED_CONTEXT ( ( #8201, #3268, #9017 ) ) REPRESENTATION_CONTEXT ( 'NONE', 'WORKASPACE' ) );
#8036 = VECTOR ( 'NONE', #4617, 1000.000000000000200 ) ;
#8037 = CARTESIAN_POINT ( 'NONE',  ( 0.7985714637068126500, -0.6500229559403849500, 2.029999999999999800 ) ) ;
#8038 = CARTESIAN_POINT ( 'NONE',  ( -0.9878012704375857000, -0.2786339654265001000, 2.029999999999999400 ) ) ;
#8039 = ORIENTED_EDGE ( 'NONE', *, *, #8270, .F. ) ;
#8040 =( NAMED_UNIT ( * ) PLANE_ANGLE_UNIT ( ) SI_UNIT ( $, .RADIAN. ) );
#8041 = PRESENTATION_STYLE_ASSIGNMENT (( #5388 ) ) ;
#8042 = CARTESIAN_POINT ( 'NONE',  ( -0.5086365754722665900, -0.2938971986072914700, 2.030000000000000200 ) ) ;
#8043 = CARTESIAN_POINT ( 'NONE',  ( 1.150000000000005700, -1.100000000000000100, 5.502326025363935000E-015 ) ) ;
#8044 = CARTESIAN_POINT ( 'NONE',  ( 0.7542460866033849900, -0.1482249784365759800, 2.024999999999999900 ) ) ;
#8045 = VERTEX_POINT ( 'NONE', #991 ) ;
#8046 = AXIS2_PLACEMENT_3D ( 'NONE', #3627, #9363, #4449 ) ;
#8047 = AXIS2_PLACEMENT_3D ( 'NONE', #8057, #3139, #8891 ) ;
#8048 = ORIENTED_EDGE ( 'NONE', *, *, #64, .T. ) ;
#8049 = VECTOR ( 'NONE', #2307, 1000.000000000000100 ) ;
#8050 = SURFACE_STYLE_USAGE ( .BOTH. , #2280 ) ;
#8051 = CARTESIAN_POINT ( 'NONE',  ( -0.5564636882461471100, -0.4613001507037856100, 2.024999999999999500 ) ) ;
#8052 = VECTOR ( 'NONE', #9830, 1000.000000000000000 ) ;
#8053 = CARTESIAN_POINT ( 'NONE',  ( 0.7865285187558237500, -0.2216930359858126600, 2.024999999999999900 ) ) ;
#8054 = VECTOR ( 'NONE', #9806, 1000.000000000000000 ) ;
#8055 = VERTEX_POINT ( 'NONE', #5947 ) ;
#8056 = CARTESIAN_POINT ( 'NONE',  ( -0.07051282051281362900, -0.6104074381956343700, 2.030000000000000200 ) ) ;
#8057 = CARTESIAN_POINT ( 'NONE',  ( -1.150000000000005200, 1.100000000000000100, 4.065758146820641600E-017 ) ) ;
#8058 = ORIENTED_EDGE ( 'NONE', *, *, #8297, .F. ) ;
#8059 =( LENGTH_UNIT ( ) NAMED_UNIT ( * ) SI_UNIT ( .MILLI., .METRE. ) );
#8060 = LINE ( 'NONE', #7032, #5881 ) ;
#8061 = DIRECTION ( 'NONE',  ( 0.0000000000000000000, -0.0000000000000000000, 1.000000000000000000 ) ) ;
#8062 =( NAMED_UNIT ( * ) SI_UNIT ( $, .STERADIAN. ) SOLID_ANGLE_UNIT ( ) );
#8063 = CARTESIAN_POINT ( 'NONE',  ( 0.05288461538462252400, 0.2300072252659039800, 2.025000000000000400 ) ) ;
#8064 = MECHANICAL_DESIGN_GEOMETRIC_PRESENTATION_REPRESENTATION (  '', ( #6964 ), #8625 ) ;
#8065 = FILL_AREA_STYLE_COLOUR ( '', #8230 ) ;
#8066 = VERTEX_POINT ( 'NONE', #2596 ) ;
#8067 = DIRECTION ( 'NONE',  ( -2.541356366799088000E-016, 0.9961946980917458800, 0.08715574274765480700 ) ) ;
#8068 = AXIS2_PLACEMENT_3D ( 'NONE', #4938, #10696, #5764 ) ;
#8069 = CARTESIAN_POINT ( 'NONE',  ( -0.6061658688512812100, -0.4235713293790742700, 2.029999999999999800 ) ) ;
#8070 = PRESENTATION_STYLE_ASSIGNMENT (( #9015 ) ) ;
#8071 = VECTOR ( 'NONE', #4597, 1000.000000000000000 ) ;
#8072 = CARTESIAN_POINT ( 'NONE',  ( 0.8389156693193398100, -0.5801561151076967100, 2.025000000000000400 ) ) ;
#8073 = CARTESIAN_POINT ( 'NONE',  ( -1.850000000000005200, -0.4750000000000003700, 0.5590000000000010500 ) ) ;
#8074 = ORIENTED_EDGE ( 'NONE', *, *, #668, .T. ) ;
#8075 = CARTESIAN_POINT ( 'NONE',  ( 0.6318376888723187300, -0.3617234031585178600, 2.025000000000000800 ) ) ;
#8076 = CARTESIAN_POINT ( 'NONE',  ( -0.1164990134398226900, -0.6593388992117691400, 2.030000000000000200 ) ) ;
#8077 = FILL_AREA_STYLE_COLOUR ( '', #7368 ) ;
#8078 = SURFACE_STYLE_FILL_AREA ( #8645 ) ;
#8079 = LINE ( 'NONE', #3338, #5633 ) ;
#8080 = ORIENTED_EDGE ( 'NONE', *, *, #8083, .T. ) ;
#8081 = UNCERTAINTY_MEASURE_WITH_UNIT (LENGTH_MEASURE( 1.000000000000000100E-005 ), #8446, 'distance_accuracy_value', 'NONE');
#8082 = LINE ( 'NONE', #6033, #1777 ) ;
#8083 = EDGE_CURVE ( 'NONE', #4897, #4966, #6283, .T. ) ;
#8084 = SURFACE_STYLE_USAGE ( .BOTH. , #2315 ) ;
#8085 = CARTESIAN_POINT ( 'NONE',  ( -0.4499250191522926600, -0.6323253468299127000, 2.025000000000000400 ) ) ;
#8086 = EDGE_CURVE ( 'NONE', #5051, #2088, #8223, .T. ) ;
#8087 = CARTESIAN_POINT ( 'NONE',  ( 1.849999999999996300, 0.9499999999999998400, 0.3800000000000005600 ) ) ;
#8088 = CIRCLE ( 'NONE', #10453, 0.07499999999999949800 ) ;
#8089 = CARTESIAN_POINT ( 'NONE',  ( -0.8814102564102497300, -0.4719158516571728700, 2.025000000000000400 ) ) ;
#8090 =( LENGTH_UNIT ( ) NAMED_UNIT ( * ) SI_UNIT ( .MILLI., .METRE. ) );
#8091 = LINE ( 'NONE', #10501, #1506 ) ;
#8093 = ORIENTED_EDGE ( 'NONE', *, *, #231, .T. ) ;
#8092 =( LENGTH_UNIT ( ) NAMED_UNIT ( * ) SI_UNIT ( .MILLI., .METRE. ) );
#8094 = ORIENTED_EDGE ( 'NONE', *, *, #7553, .F. ) ;
#8095 = AXIS2_PLACEMENT_3D ( 'NONE', #6475, #1533, #7305 ) ;
#8096 = MECHANICAL_DESIGN_GEOMETRIC_PRESENTATION_REPRESENTATION (  '', ( #6443 ), #8662 ) ;
#8097 = ORIENTED_EDGE ( 'NONE', *, *, #916, .T. ) ;
#8098 = ORIENTED_EDGE ( 'NONE', *, *, #2726, .F. ) ;
#8099 = ORIENTED_EDGE ( 'NONE', *, *, #8021, .F. ) ;
#8100 = CARTESIAN_POINT ( 'NONE',  ( -1.124160510966369000, -0.3902888101577856000, 2.024999999999999900 ) ) ;
#8101 = CARTESIAN_POINT ( 'NONE',  ( 0.7864564385661434500, -0.6568332894114539100, 2.029999999999999800 ) ) ;
#8102 = VECTOR ( 'NONE', #8956, 1000.000000000000000 ) ;
#8103 =( NAMED_UNIT ( * ) SI_UNIT ( $, .STERADIAN. ) SOLID_ANGLE_UNIT ( ) );
#8104 = EDGE_CURVE ( 'NONE', #10551, #184, #6038, .T. ) ;
#8105 = FACE_BOUND ( 'NONE', #960, .T. ) ;
#8106 = CARTESIAN_POINT ( 'NONE',  ( -0.5420091021021590200, -0.2507961670032882200, 2.024999999999999900 ) ) ;
#8107 = DIRECTION ( 'NONE',  ( 1.000000000000000000, 0.0000000000000000000, 0.0000000000000000000 ) ) ;
#8108 = VERTEX_POINT ( 'NONE', #7600 ) ;
#8109 = ORIENTED_EDGE ( 'NONE', *, *, #8234, .F. ) ;
#8110 = DIRECTION ( 'NONE',  ( 0.0000000000000000000, -1.000000000000000000, 0.0000000000000000000 ) ) ;
#8111 = CARTESIAN_POINT ( 'NONE',  ( 1.710000000000000000, 1.100000000000000100, 1.170000000000008100 ) ) ;
#8112 = SURFACE_STYLE_FILL_AREA ( #148 ) ;
#8113 = FACE_OUTER_BOUND ( 'NONE', #1228, .T. ) ;
#8114 = STYLED_ITEM ( 'NONE', ( #4323 ), #2784 ) ;
#8115 = DIRECTION ( 'NONE',  ( -1.000000000000000000, 0.0000000000000000000, 0.0000000000000000000 ) ) ;
#8116 =( NAMED_UNIT ( * ) PLANE_ANGLE_UNIT ( ) SI_UNIT ( $, .RADIAN. ) );
#8117 = CARTESIAN_POINT ( 'NONE',  ( 0.8823582305546614500, -0.6198785434127925800, 2.024999999999999900 ) ) ;
#8118 = CARTESIAN_POINT ( 'NONE',  ( -0.3098157051281981700, -0.7257620055033268100, 2.030000000000000200 ) ) ;
#8119 = LINE ( 'NONE', #7691, #1813 ) ;
#8120 = EDGE_CURVE ( 'NONE', #1643, #715, #10157, .T. ) ;
#8121 = ORIENTED_EDGE ( 'NONE', *, *, #5609, .F. ) ;
#8122 = COLOUR_RGB ( '',0.7294117647058823200, 0.3568627450980392200, 0.02352941176470588200 ) ;
#8123 = EDGE_LOOP ( 'NONE', ( #6502, #6254, #8238, #861 ) ) ;
#8124 = CARTESIAN_POINT ( 'NONE',  ( -1.038111719673524600, -0.2811692334724014700, 2.025000000000000800 ) ) ;
#8125 = CARTESIAN_POINT ( 'NONE',  ( 0.7588942307692383400, -0.3994198580674293000, 2.025000000000000800 ) ) ;
#8126 = UNCERTAINTY_MEASURE_WITH_UNIT (LENGTH_MEASURE( 1.000000000000000100E-005 ), #618, 'distance_accuracy_value', 'NONE');
#8127 = PRESENTATION_LAYER_ASSIGNMENT (  '', '', ( #8693 ) ) ;
#8128 =( GEOMETRIC_REPRESENTATION_CONTEXT ( 3 ) GLOBAL_UNCERTAINTY_ASSIGNED_CONTEXT ( ( #8812 ) ) GLOBAL_UNIT_ASSIGNED_CONTEXT ( ( #1005, #6775, #1846 ) ) REPRESENTATION_CONTEXT ( 'NONE', 'WORKASPACE' ) );
#8129 = FILL_AREA_STYLE_COLOUR ( '', #10305 ) ;
#8130 = CARTESIAN_POINT ( 'NONE',  ( 0.6619269546117080300, -0.3902755447491065300, 2.025000000000000400 ) ) ;
#8131 = ORIENTED_EDGE ( 'NONE', *, *, #10525, .F. ) ;
#8132 = PRESENTATION_LAYER_ASSIGNMENT (  '', '', ( #8698 ) ) ;
#8133 = CARTESIAN_POINT ( 'NONE',  ( -0.4528909263550853200, -0.1794410804270121000, 2.025000000000001200 ) ) ;
#8134 = CARTESIAN_POINT ( 'NONE',  ( -1.061928399709753300, -0.3609787791073025300, 2.030000000000000200 ) ) ;
#8135 =( NAMED_UNIT ( * ) PLANE_ANGLE_UNIT ( ) SI_UNIT ( $, .RADIAN. ) );
#8136 = SURFACE_STYLE_FILL_AREA ( #7481 ) ;
#8137 = FILL_AREA_STYLE ('',( #10591 ) ) ;
#8138 = CARTESIAN_POINT ( 'NONE',  ( -0.3997760854170241400, -0.1585975535529898000, 2.030000000000000700 ) ) ;
#8139 = CARTESIAN_POINT ( 'NONE',  ( -0.3778180689822570600, -0.7198122491670059200, 2.024999999999999900 ) ) ;
#8140 = CARTESIAN_POINT ( 'NONE',  ( -1.105956696068553800, -0.3864113057564028100, 2.030000000000000700 ) ) ;
#8141 =( NAMED_UNIT ( * ) PLANE_ANGLE_UNIT ( ) SI_UNIT ( $, .RADIAN. ) );
#8142 = CARTESIAN_POINT ( 'NONE',  ( -1.219871794871788300, -0.3943517490930703600, 2.030000000000000200 ) ) ;
#8143 = UNCERTAINTY_MEASURE_WITH_UNIT (LENGTH_MEASURE( 1.000000000000000100E-005 ), #3436, 'distance_accuracy_value', 'NONE');
#8144 = ORIENTED_EDGE ( 'NONE', *, *, #3336, .F. ) ;
#8145 = SURFACE_STYLE_FILL_AREA ( #7178 ) ;
#8146 = VERTEX_POINT ( 'NONE', #1872 ) ;
#8147 = CARTESIAN_POINT ( 'NONE',  ( 1.710000000000000900, 0.3935000000002360500, 1.170000000000000400 ) ) ;
#8148 =( NAMED_UNIT ( * ) PLANE_ANGLE_UNIT ( ) SI_UNIT ( $, .RADIAN. ) );
#8149 = CARTESIAN_POINT ( 'NONE',  ( 0.7367191121812757300, -0.7256479351501948800, 2.025000000000000400 ) ) ;
#8150 = FILL_AREA_STYLE ('',( #2375 ) ) ;
#8151 = EDGE_CURVE ( 'NONE', #5364, #5294, #3600, .T. ) ;
#8152 = SURFACE_STYLE_USAGE ( .BOTH. , #2377 ) ;
#8153 = EDGE_CURVE ( 'NONE', #10686, #7958, #5778, .T. ) ;
#8154 = PRESENTATION_STYLE_ASSIGNMENT (( #8350 ) ) ;
#8155 = CARTESIAN_POINT ( 'NONE',  ( 1.850000000000000800, 1.100000000000000100, 1.030000000000008700 ) ) ;
#8156 =( NAMED_UNIT ( * ) PLANE_ANGLE_UNIT ( ) SI_UNIT ( $, .RADIAN. ) );
#8157 = VECTOR ( 'NONE', #4114, 1000.000000000000000 ) ;
#8158 = ORIENTED_EDGE ( 'NONE', *, *, #8270, .T. ) ;
#8159 = VECTOR ( 'NONE', #8367, 1000.000000000000000 ) ;
#8160 = CARTESIAN_POINT ( 'NONE',  ( -1.138547664277783000, -0.2182569068881080300, 2.025000000000000400 ) ) ;
#8161 = DIRECTION ( 'NONE',  ( -4.754114276428528800E-015, -1.688820541187111400E-029, 1.000000000000000000 ) ) ;
#8162 = SURFACE_STYLE_FILL_AREA ( #4063 ) ;
#8163 = CARTESIAN_POINT ( 'NONE',  ( 1.850000000000003400, -0.9499999999995265600, 1.030000000000008700 ) ) ;
#8164 = STYLED_ITEM ( 'NONE', ( #86 ), #5281 ) ;
#8165 = STYLED_ITEM ( 'NONE', ( #2973 ), #6133 ) ;
#8166 = VECTOR ( 'NONE', #515, 1000.000000000000000 ) ;
#8167 = DIRECTION ( 'NONE',  ( -0.6077508431907290300, 0.7941277684358847300, 0.0000000000000000000 ) ) ;
#8168 =( NAMED_UNIT ( * ) SI_UNIT ( $, .STERADIAN. ) SOLID_ANGLE_UNIT ( ) );
#8169 = EDGE_CURVE ( 'NONE', #8372, #2878, #3852, .T. ) ;
#8170 = PLANE ( 'NONE',  #72 ) ;
#8171 = PRESENTATION_STYLE_ASSIGNMENT (( #7316 ) ) ;
#8172 = CARTESIAN_POINT ( 'NONE',  ( -1.269230769230762300, -0.7116594414007626500, 2.030000000000000200 ) ) ;
#8173 = DIRECTION ( 'NONE',  ( 0.0000000000000000000, 0.0000000000000000000, -1.000000000000000000 ) ) ;
#8174 = PLANE ( 'NONE',  #4594 ) ;
#8175 = CARTESIAN_POINT ( 'NONE',  ( -0.6058152689912417200, -0.4613939472296582100, 2.030000000000000700 ) ) ;
#8176 = ORIENTED_EDGE ( 'NONE', *, *, #10405, .F. ) ;
#8177 = PLANE ( 'NONE',  #7619 ) ;
#8178 = STYLED_ITEM ( 'NONE', ( #3113 ), #7642 ) ;
#8179 = CARTESIAN_POINT ( 'NONE',  ( -0.5366686698717879600, -0.6295781112725574700, 2.025000000000000400 ) ) ;
#8180 =( NAMED_UNIT ( * ) PLANE_ANGLE_UNIT ( ) SI_UNIT ( $, .RADIAN. ) );
#8181 = CARTESIAN_POINT ( 'NONE',  ( 1.850000000000003400, -0.9499999999995264500, 0.3800000000000005600 ) ) ;
#8182 = VERTEX_POINT ( 'NONE', #1064 ) ;
#8183 = EDGE_CURVE ( 'NONE', #8045, #10390, #9886, .T. ) ;
#8184 = CARTESIAN_POINT ( 'NONE',  ( -0.9453418190161099200, -0.5398649256043722700, 2.030000000000000200 ) ) ;
#8185 = VERTEX_POINT ( 'NONE', #2743 ) ;
#8186 = CARTESIAN_POINT ( 'NONE',  ( 0.6563545857545187700, -0.3084796134510096000, 2.030000000000000700 ) ) ;
#8187 = DIRECTION ( 'NONE',  ( -0.0000000000000000000, -0.0000000000000000000, 1.000000000000000000 ) ) ;
#8188 = CARTESIAN_POINT ( 'NONE',  ( -1.700000000000010600, 1.465000000000000100, 1.070000000000000100 ) ) ;
#8189 =( GEOMETRIC_REPRESENTATION_CONTEXT ( 3 ) GLOBAL_UNCERTAINTY_ASSIGNED_CONTEXT ( ( #7489 ) ) GLOBAL_UNIT_ASSIGNED_CONTEXT ( ( #1844, #7610, #2675 ) ) REPRESENTATION_CONTEXT ( 'NONE', 'WORKASPACE' ) );
#8190 = DIRECTION ( 'NONE',  ( 1.000000000000000000, 0.0000000000000000000, 0.0000000000000000000 ) ) ;
#8191 = FACE_OUTER_BOUND ( 'NONE', #1320, .T. ) ;
#8192 = STYLED_ITEM ( 'NONE', ( #8495 ), #3692 ) ;
#8193 = ORIENTED_EDGE ( 'NONE', *, *, #868, .F. ) ;
#8194 = MECHANICAL_DESIGN_GEOMETRIC_PRESENTATION_REPRESENTATION (  '', ( #7092 ), #8751 ) ;
#8196 = CARTESIAN_POINT ( 'NONE',  ( 7.094747966202019600E-015, -0.7116594414007626500, 2.025000000000000400 ) ) ;
#8195 = MECHANICAL_DESIGN_GEOMETRIC_PRESENTATION_REPRESENTATION (  '', ( #7094 ), #8756 ) ;
#8197 = CARTESIAN_POINT ( 'NONE',  ( -0.7580128205128133800, 0.2300072252659039800, 2.030000000000000200 ) ) ;
#8198 = COLOUR_RGB ( '',0.7294117647058823200, 0.3568627450980392200, 0.02352941176470588200 ) ;
#8199 = FILL_AREA_STYLE ('',( #7361 ) ) ;
#8200 = PLANE ( 'NONE',  #6758 ) ;
#8201 =( LENGTH_UNIT ( ) NAMED_UNIT ( * ) SI_UNIT ( .MILLI., .METRE. ) );
#8202 = SURFACE_STYLE_FILL_AREA ( #2498 ) ;
#8203 = CARTESIAN_POINT ( 'NONE',  ( 0.7257036824676754700, -0.6690771609083202600, 2.025000000000000400 ) ) ;
#8204 = LINE ( 'NONE', #7449, #1616 ) ;
#8205 = ORIENTED_EDGE ( 'NONE', *, *, #5820, .T. ) ;
#8206 =( NAMED_UNIT ( * ) SI_UNIT ( $, .STERADIAN. ) SOLID_ANGLE_UNIT ( ) );
#8207 =( NAMED_UNIT ( * ) SI_UNIT ( $, .STERADIAN. ) SOLID_ANGLE_UNIT ( ) );
#8208 = DIRECTION ( 'NONE',  ( -1.000000000000000000, 0.0000000000000000000, 0.0000000000000000000 ) ) ;
#8209 = PRESENTATION_STYLE_ASSIGNMENT (( #8210 ) ) ;
#8210 = SURFACE_STYLE_USAGE ( .BOTH. , #2435 ) ;
#8211 = VECTOR ( 'NONE', #6166, 1000.000000000000000 ) ;
#8212 = CARTESIAN_POINT ( 'NONE',  ( 0.3525641025641101900, 0.7800072252659041600, 2.030000000000000200 ) ) ;
#8213 = LINE ( 'NONE', #7655, #10150 ) ;
#8214 =( NAMED_UNIT ( * ) PLANE_ANGLE_UNIT ( ) SI_UNIT ( $, .RADIAN. ) );
#8215 = DIRECTION ( 'NONE',  ( 0.3895636164541940700, 0.9209995595737978700, 0.0000000000000000000 ) ) ;
#8216 =( NAMED_UNIT ( * ) SI_UNIT ( $, .STERADIAN. ) SOLID_ANGLE_UNIT ( ) );
#8217 = ORIENTED_EDGE ( 'NONE', *, *, #7013, .F. ) ;
#8218 = CARTESIAN_POINT ( 'NONE',  ( 0.5251001602564178100, 0.5105160393684681200, 2.025000000000000400 ) ) ;
#8219 = EDGE_CURVE ( 'NONE', #7985, #3685, #1125, .T. ) ;
#8220 = DIRECTION ( 'NONE',  ( -3.552334763092437900E-015, 1.000000000000000000, 0.0000000000000000000 ) ) ;
#8221 = CARTESIAN_POINT ( 'NONE',  ( 0.7095657113928508500, -0.3640006550186232200, 2.029999999999998900 ) ) ;
#8222 = COLOUR_RGB ( '',0.7294117647058823200, 0.3568627450980392200, 0.02352941176470588200 ) ;
#8223 = LINE ( 'NONE', #8422, #1637 ) ;
#8224 = ORIENTED_EDGE ( 'NONE', *, *, #1460, .F. ) ;
#8225 = CARTESIAN_POINT ( 'NONE',  ( 0.8223802478902125800, -0.5265210758841993900, 2.030000000000000700 ) ) ;
#8226 =( LENGTH_UNIT ( ) NAMED_UNIT ( * ) SI_UNIT ( .MILLI., .METRE. ) );
#8227 = ORIENTED_EDGE ( 'NONE', *, *, #9751, .F. ) ;
#8228 = CARTESIAN_POINT ( 'NONE',  ( 0.8367888621794946600, -0.2744799542212754100, 2.030000000000000200 ) ) ;
#8229 = COLOUR_RGB ( '',0.7294117647058823200, 0.3568627450980392200, 0.02352941176470588200 ) ;
#8230 = COLOUR_RGB ( '',0.7294117647058823200, 0.3568627450980392200, 0.02352941176470588200 ) ;
#8231 = CARTESIAN_POINT ( 'NONE',  ( 0.6711427778007076400, -0.2236988037288054900, 2.030000000000000700 ) ) ;
#8232 = CARTESIAN_POINT ( 'NONE',  ( -1.699999999999994600, -1.465000000000006300, 1.169999999999999900 ) ) ;
#8233 = EDGE_CURVE ( 'NONE', #5294, #1961, #7438, .T. ) ;
#8234 = EDGE_CURVE ( 'NONE', #6319, #6107, #5515, .T. ) ;
#8235 = AXIS2_PLACEMENT_3D ( 'NONE', #4638, #10395, #5460 ) ;
#8236 = DIRECTION ( 'NONE',  ( 0.0000000000000000000, -1.000000000000000000, 0.0000000000000000000 ) ) ;
#8237 = ORIENTED_EDGE ( 'NONE', *, *, #6982, .F. ) ;
#8238 = ORIENTED_EDGE ( 'NONE', *, *, #4876, .T. ) ;
#8239 = DIRECTION ( 'NONE',  ( -0.8422489274984862300, -0.5390888091285608300, 0.0000000000000000000 ) ) ;
#8240 = VERTEX_POINT ( 'NONE', #1954 ) ;
#8241 = VECTOR ( 'NONE', #6835, 1000.000000000000000 ) ;
#8242 =( NAMED_UNIT ( * ) SI_UNIT ( $, .STERADIAN. ) SOLID_ANGLE_UNIT ( ) );
#8243 = FILL_AREA_STYLE ('',( #7402 ) ) ;
#8244 = PRESENTATION_STYLE_ASSIGNMENT (( #2031 ) ) ;
#8245 =( NAMED_UNIT ( * ) SI_UNIT ( $, .STERADIAN. ) SOLID_ANGLE_UNIT ( ) );
#8246 = CARTESIAN_POINT ( 'NONE',  ( -1.850000000000005200, 1.100000000000000100, 1.287490079826536500E-016 ) ) ;
#8247 = PRESENTATION_LAYER_ASSIGNMENT (  '', '', ( #7696 ) ) ;
#8248 = CARTESIAN_POINT ( 'NONE',  ( 1.715923716737709700, -0.3934999999997677600, 1.170000000000008600 ) ) ;
#8249 = CARTESIAN_POINT ( 'NONE',  ( 0.6276667570863945200, -0.3564089144555420700, 2.030000000000000200 ) ) ;
#8250 = CARTESIAN_POINT ( 'NONE',  ( -0.2916486962254549200, -0.1477826102129005700, 2.029999999999999800 ) ) ;
#8251 = LINE ( 'NONE', #8757, #7469 ) ;
#8252 = DIRECTION ( 'NONE',  ( 0.0000000000000000000, -0.0000000000000000000, 1.000000000000000000 ) ) ;
#8253 = DIRECTION ( 'NONE',  ( -0.0000000000000000000, -0.0000000000000000000, 1.000000000000000000 ) ) ;
#8254 = VERTEX_POINT ( 'NONE', #2773 ) ;
#8255 =( NAMED_UNIT ( * ) PLANE_ANGLE_UNIT ( ) SI_UNIT ( $, .RADIAN. ) );
#8256 = VECTOR ( 'NONE', #7241, 1000.000000000000000 ) ;
#8257 = DIRECTION ( 'NONE',  ( 4.754114276428528800E-015, 1.688820541187111400E-029, -1.000000000000000000 ) ) ;
#8258 = AXIS2_PLACEMENT_3D ( 'NONE', #6966, #2037, #7799 ) ;
#8259 = DIRECTION ( 'NONE',  ( 3.552334763092437900E-015, -1.000000000000000000, 0.0000000000000000000 ) ) ;
#8261 = AXIS2_PLACEMENT_3D ( 'NONE', #3887, #9620, #4712 ) ;
#8260 = CARTESIAN_POINT ( 'NONE',  ( -1.700751016977360500, -1.366131547168187000, 1.078584163331533600 ) ) ;
#8262 = PRESENTATION_LAYER_ASSIGNMENT (  '', '', ( #7145 ) ) ;
#8263 = AXIS2_PLACEMENT_3D ( 'NONE', #2154, #7927, #3004 ) ;
#8264 = CARTESIAN_POINT ( 'NONE',  ( 0.6164083501627388700, -0.2105651085090105000, 2.024999999999999900 ) ) ;
#8265 = CARTESIAN_POINT ( 'NONE',  ( -0.5893945424221849200, -0.5399639369780419000, 2.030000000000001100 ) ) ;
#8266 = ORIENTED_EDGE ( 'NONE', *, *, #5348, .T. ) ;
#8267 = ORIENTED_EDGE ( 'NONE', *, *, #7612, .F. ) ;
#8268 = CARTESIAN_POINT ( 'NONE',  ( 0.7928510596645589300, -0.2265292009819694900, 2.025000000000000800 ) ) ;
#8269 = UNCERTAINTY_MEASURE_WITH_UNIT (LENGTH_MEASURE( 1.000000000000000100E-005 ), #4578, 'distance_accuracy_value', 'NONE');
#8270 = EDGE_CURVE ( 'NONE', #1391, #6127, #3075, .T. ) ;
#8271 = LINE ( 'NONE', #2629, #1965 ) ;
#8272 = CARTESIAN_POINT ( 'NONE',  ( -1.131678400028775800, -0.1625707960471232900, 2.025000000000000400 ) ) ;
#8273 = SURFACE_SIDE_STYLE ('',( #8202 ) ) ;
#8274 =( NAMED_UNIT ( * ) PLANE_ANGLE_UNIT ( ) SI_UNIT ( $, .RADIAN. ) );
#8275 = STYLED_ITEM ( 'NONE', ( #4175 ), #4548 ) ;
#8276 = VERTEX_POINT ( 'NONE', #3616 ) ;
#8277 = CARTESIAN_POINT ( 'NONE',  ( 0.8176353086143305400, -0.1729935647906351800, 2.024999999999999500 ) ) ;
#8278 = CARTESIAN_POINT ( 'NONE',  ( 0.7045773237179563400, 0.2300072252659040600, 2.025000000000000400 ) ) ;
#8279 = SURFACE_STYLE_USAGE ( .BOTH. , #2505 ) ;
#8280 = DIRECTION ( 'NONE',  ( 1.000000000000000000, 0.0000000000000000000, 0.0000000000000000000 ) ) ;
#8281 = CARTESIAN_POINT ( 'NONE',  ( -0.09148347525239004800, -0.2366808287791736500, 2.029999999999999800 ) ) ;
#8282 =( NAMED_UNIT ( * ) SI_UNIT ( $, .STERADIAN. ) SOLID_ANGLE_UNIT ( ) );
#8283 = CARTESIAN_POINT ( 'NONE',  ( 0.6105969551282125500, -0.5776850824264037100, 2.030000000000000200 ) ) ;
#8284 = UNCERTAINTY_MEASURE_WITH_UNIT (LENGTH_MEASURE( 1.000000000000000100E-005 ), #1700, 'distance_accuracy_value', 'NONE');
#8285 = B_SPLINE_CURVE_WITH_KNOTS ( 'NONE', 3,
 ( #4011, #8933, #5660, #691, #6482, #1538, #7310, #2366, #8140, #3221, #8969, #4044, #9792, #4872, #10627, #5693, #733, #6518, #1578 ),
 .UNSPECIFIED., .F., .F.,
 ( 4, 1, 1, 1, 1, 1, 1, 1, 1, 1, 1, 1, 1, 1, 1, 1, 4 ),
 ( 0.0000000000000000000, 0.07230103399550443000, 0.1397003317393854500, 0.2022885114847725600, 0.2605995332222002500, 0.3131903291553319600, 0.3617389329854273100, 0.4057064756322229000, 0.4455399848948709600, 0.5188319558616070200, 0.5897782395835764500, 0.6588674786561448100, 0.7284304780610635400, 0.7972827036080992700, 0.8648153774014448700, 0.9313637528792685400, 1.000000000000000000 ),
 .UNSPECIFIED. ) ;
#8286 = ORIENTED_EDGE ( 'NONE', *, *, #4259, .F. ) ;
#8287 = CARTESIAN_POINT ( 'NONE',  ( -1.043269441736850200, -0.2651567121695329600, 2.030000000000000700 ) ) ;
#8288 = ORIENTED_EDGE ( 'NONE', *, *, #5658, .T. ) ;
#8289 = DIRECTION ( 'NONE',  ( 1.000000000000000000, 0.0000000000000000000, -0.0000000000000000000 ) ) ;
#8290 = CARTESIAN_POINT ( 'NONE',  ( -1.700000000000005100, 1.100000000000000100, 1.070000000000000100 ) ) ;
#8291 = DIRECTION ( 'NONE',  ( -0.0000000000000000000, -0.0000000000000000000, 1.000000000000000000 ) ) ;
#8292 =( NAMED_UNIT ( * ) SI_UNIT ( $, .STERADIAN. ) SOLID_ANGLE_UNIT ( ) );
#8293 = DIRECTION ( 'NONE',  ( -0.0000000000000000000, -0.0000000000000000000, -1.000000000000000000 ) ) ;
#8294 =( NAMED_UNIT ( * ) PLANE_ANGLE_UNIT ( ) SI_UNIT ( $, .RADIAN. ) );
#8295 = LINE ( 'NONE', #853, #6114 ) ;
#8296 = EDGE_LOOP ( 'NONE', ( #9852, #5234, #2830, #3967 ) ) ;
#8297 = EDGE_CURVE ( 'NONE', #6219, #8660, #5006, .T. ) ;
#8298 = EDGE_CURVE ( 'NONE', #876, #9199, #9379, .T. ) ;
#8299 = ORIENTED_EDGE ( 'NONE', *, *, #4481, .T. ) ;
#8300 = CARTESIAN_POINT ( 'NONE',  ( -0.9878012704375857000, -0.2786339654265001000, 2.025000000000000400 ) ) ;
#8301 = FILL_AREA_STYLE_COLOUR ( '', #5580 ) ;
#8302 = STYLED_ITEM ( 'NONE', ( #6681 ), #6776 ) ;
#8303 = ORIENTED_EDGE ( 'NONE', *, *, #8438, .T. ) ;
#8304 = EDGE_CURVE ( 'NONE', #9979, #6319, #2813, .T. ) ;
#8305 = CARTESIAN_POINT ( 'NONE',  ( 0.8721979201397713800, -0.2280042779777469700, 2.030000000000000200 ) ) ;
#8306 = VERTEX_POINT ( 'NONE', #2810 ) ;
#8307 = FILL_AREA_STYLE ('',( #886 ) ) ;
#8308 = FACE_OUTER_BOUND ( 'NONE', #2565, .T. ) ;
#8309 = SURFACE_STYLE_USAGE ( .BOTH. , #2552 ) ;
#8310 = CYLINDRICAL_SURFACE ( 'NONE', #5397, 0.07499999999999953900 ) ;
#8311 = CARTESIAN_POINT ( 'NONE',  ( 0.7764220031484521100, -0.4121743614149869800, 2.030000000000000700 ) ) ;
#8312 = VECTOR ( 'NONE', #5694, 1000.000000000000000 ) ;
#8313 = CARTESIAN_POINT ( 'NONE',  ( -0.2539306673057399300, -0.6641390138709774000, 2.025000000000000400 ) ) ;
#8314 = DIRECTION ( 'NONE',  ( -1.000000000000000000, -6.377659838150006500E-017, -0.0000000000000000000 ) ) ;
#8315 = VECTOR ( 'NONE', #4851, 1000.000000000000000 ) ;
#8316 = ORIENTED_EDGE ( 'NONE', *, *, #2705, .T. ) ;
#8317 =( LENGTH_UNIT ( ) NAMED_UNIT ( * ) SI_UNIT ( .MILLI., .METRE. ) );
#8318 =( NAMED_UNIT ( * ) SI_UNIT ( $, .STERADIAN. ) SOLID_ANGLE_UNIT ( ) );
#8319 = CARTESIAN_POINT ( 'NONE',  ( -1.090101587648187200, -0.2263482831100041600, 2.024999999999999900 ) ) ;
#8320 = MECHANICAL_DESIGN_GEOMETRIC_PRESENTATION_REPRESENTATION (  '', ( #7215 ), #8873 ) ;
#8321 = LINE ( 'NONE', #7834, #6142 ) ;
#8322 = CARTESIAN_POINT ( 'NONE',  ( -1.030751375262505500, -0.1968675364133498100, 2.030000000000000200 ) ) ;
#8323 = UNCERTAINTY_MEASURE_WITH_UNIT (LENGTH_MEASURE( 1.000000000000000100E-005 ), #3842, 'distance_accuracy_value', 'NONE');
#8324 = SURFACE_STYLE_FILL_AREA ( #1826 ) ;
#8325 = SURFACE_SIDE_STYLE ('',( #954 ) ) ;
#8326 = ADVANCED_FACE ( 'NONE', ( #4749, #330 ), #3649, .T. ) ;
#8327 =( NAMED_UNIT ( * ) PLANE_ANGLE_UNIT ( ) SI_UNIT ( $, .RADIAN. ) );
#8328 = VECTOR ( 'NONE', #10197, 1000.000000000000000 ) ;
#8329 = EDGE_CURVE ( 'NONE', #5593, #6955, #5900, .T. ) ;
#8330 = ORIENTED_EDGE ( 'NONE', *, *, #2929, .T. ) ;
#8331 = CARTESIAN_POINT ( 'NONE',  ( -1.064648434535723400, -0.4625291267445129600, 2.024999999999999900 ) ) ;
#8332 = DIRECTION ( 'NONE',  ( 0.0000000000000000000, -1.000000000000000000, 1.774471640729141400E-016 ) ) ;
#8333 =( GEOMETRIC_REPRESENTATION_CONTEXT ( 3 ) GLOBAL_UNCERTAINTY_ASSIGNED_CONTEXT ( ( #9723 ) ) GLOBAL_UNIT_ASSIGNED_CONTEXT ( ( #3430, #9167, #4267 ) ) REPRESENTATION_CONTEXT ( 'NONE', 'WORKASPACE' ) );
#8334 = COLOUR_RGB ( '',0.7294117647058823200, 0.3568627450980392200, 0.02352941176470588200 ) ;
#8335 = LINE ( 'NONE', #7031, #5891 ) ;
#8336 = CARTESIAN_POINT ( 'NONE',  ( -0.9633080082233649300, -0.6296775359373950600, 2.030000000000000700 ) ) ;
#8338 = CARTESIAN_POINT ( 'NONE',  ( -1.158929828789287100, -0.3938196362219244500, 2.025000000000001200 ) ) ;
#8337 = PRESENTATION_LAYER_ASSIGNMENT (  '', '', ( #7230 ) ) ;
#8339 = DIRECTION ( 'NONE',  ( 0.9209672510685589200, 0.3896399908366979800, 0.0000000000000000000 ) ) ;
#8340 = VERTEX_POINT ( 'NONE', #4510 ) ;
#8341 = CARTESIAN_POINT ( 'NONE',  ( 1.700000000000000400, -1.290252652248629100, 0.2199999999999999700 ) ) ;
#8342 = CARTESIAN_POINT ( 'NONE',  ( 1.700000000000005100, -1.464999999999994100, 1.169999999999999900 ) ) ;
#8343 = STYLED_ITEM ( 'NONE', ( #2134 ), #8652 ) ;
#8344 = CARTESIAN_POINT ( 'NONE',  ( -0.9796522881181445300, -0.4589089787685965400, 2.024999999999999900 ) ) ;
#8345 = B_SPLINE_CURVE_WITH_KNOTS ( 'NONE', 3,
 ( #3716, #8644, #8600, #9466, #4537, #10296, #5375, #394, #6190, #1244, #7008 ),
 .UNSPECIFIED., .F., .F.,
 ( 4, 1, 1, 1, 1, 1, 1, 1, 4 ),
 ( 0.0000000000000000000, 0.1335067689985175700, 0.2625589787303695400, 0.3882644471488779800, 0.5126673546814275500, 0.6337222699657599800, 0.7553938601370942000, 0.8775529450912777900, 1.000000000000000000 ),
 .UNSPECIFIED. ) ;
#8346 = ORIENTED_EDGE ( 'NONE', *, *, #706, .T. ) ;
#8347 = CARTESIAN_POINT ( 'NONE',  ( 1.525252652248630000, -1.389872122057803600, 0.2112844257252345100 ) ) ;
#8348 = PLANE ( 'NONE',  #2257 ) ;
#8349 = CARTESIAN_POINT ( 'NONE',  ( -0.1203541297961922800, -0.5849876548523533800, 2.029999999999999800 ) ) ;
#8350 = SURFACE_STYLE_USAGE ( .BOTH. , #2595 ) ;
#8351 = CARTESIAN_POINT ( 'NONE',  ( 1.839166559139743300, -0.2597482130597327800, 1.084000000000002500 ) ) ;
#8352 =( LENGTH_UNIT ( ) NAMED_UNIT ( * ) SI_UNIT ( .MILLI., .METRE. ) );
#8353 = SURFACE_STYLE_USAGE ( .BOTH. , #2599 ) ;
#8354 = FACE_OUTER_BOUND ( 'NONE', #5184, .T. ) ;
#8355 = CARTESIAN_POINT ( 'NONE',  ( -1.152884615384608600, -0.2180696978110190400, 2.030000000000000200 ) ) ;
#8356 = SURFACE_STYLE_USAGE ( .BOTH. , #2602 ) ;
#8357 = ORIENTED_EDGE ( 'NONE', *, *, #10324, .T. ) ;
#8358 = ORIENTED_EDGE ( 'NONE', *, *, #1389, .T. ) ;
#8359 = DIRECTION ( 'NONE',  ( -1.000000000000000000, 0.0000000000000000000, 0.0000000000000000000 ) ) ;
#8360 = ORIENTED_EDGE ( 'NONE', *, *, #6765, .T. ) ;
#8361 = ORIENTED_EDGE ( 'NONE', *, *, #8650, .F. ) ;
#8362 = DIRECTION ( 'NONE',  ( 1.000000000000000000, 6.377659838150006500E-017, 0.0000000000000000000 ) ) ;
#8363 = ORIENTED_EDGE ( 'NONE', *, *, #9486, .T. ) ;
#8364 =( NAMED_UNIT ( * ) SI_UNIT ( $, .STERADIAN. ) SOLID_ANGLE_UNIT ( ) );
#8365 = PRESENTATION_STYLE_ASSIGNMENT (( #4465 ) ) ;
#8366 = FACE_BOUND ( 'NONE', #1651, .T. ) ;
#8367 = DIRECTION ( 'NONE',  ( -0.3896399908366980400, 0.9209672510685589200, 0.0000000000000000000 ) ) ;
#8368 = SURFACE_STYLE_FILL_AREA ( #8150 ) ;
#8369 = CARTESIAN_POINT ( 'NONE',  ( -0.2898737980769158200, 0.2300072252659039800, 2.030000000000000200 ) ) ;
#8370 = LINE ( 'NONE', #9247, #4264 ) ;
#8371 = STYLED_ITEM ( 'NONE', ( #4889 ), #5224 ) ;
#8372 = VERTEX_POINT ( 'NONE', #6155 ) ;
#8373 = VERTEX_POINT ( 'NONE', #1209 ) ;
#8374 = CARTESIAN_POINT ( 'NONE',  ( -1.048400647130547100, -0.7006553180625649800, 2.025000000000000400 ) ) ;
#8375 = LINE ( 'NONE', #9121, #9137 ) ;
#8376 = CARTESIAN_POINT ( 'NONE',  ( -1.037010310660727600, -0.3126378396656193700, 2.025000000000000800 ) ) ;
#8377 = CARTESIAN_POINT ( 'NONE',  ( 0.7808187354284418200, -0.4815418267149457800, 2.030000000000000700 ) ) ;
#8378 = ORIENTED_EDGE ( 'NONE', *, *, #4322, .F. ) ;
#8379 = DIRECTION ( 'NONE',  ( -0.0000000000000000000, -0.0000000000000000000, 1.000000000000000000 ) ) ;
#8380 = EDGE_CURVE ( 'NONE', #1097, #865, #1491, .T. ) ;
#8381 = DIRECTION ( 'NONE',  ( 0.7970624896273537100, -0.6038968352533772300, 0.0000000000000000000 ) ) ;
#8382 = LINE ( 'NONE', #1568, #2075 ) ;
#8383 = ADVANCED_FACE ( 'NONE', ( #3721 ), #2883, .F. ) ;
#8384 = FILL_AREA_STYLE_COLOUR ( '', #5665 ) ;
#8385 = LINE ( 'NONE', #672, #4005 ) ;
#8386 =( NAMED_UNIT ( * ) PLANE_ANGLE_UNIT ( ) SI_UNIT ( $, .RADIAN. ) );
#8387 = ORIENTED_EDGE ( 'NONE', *, *, #2155, .T. ) ;
#8388 = CARTESIAN_POINT ( 'NONE',  ( -1.219871794871788100, -0.6552491849905062200, 2.030000000000000200 ) ) ;
#8389 = CARTESIAN_POINT ( 'NONE',  ( 0.6000981660105745300, -0.6609870274100556600, 2.030000000000000200 ) ) ;
#8390 = CARTESIAN_POINT ( 'NONE',  ( -1.169959948543600300, -0.4508052546036893600, 2.029999999999999800 ) ) ;
#8391 = CARTESIAN_POINT ( 'NONE',  ( 1.777798702794682400, -0.3840256541525443000, 1.152488105134174000 ) ) ;
#8392 = CARTESIAN_POINT ( 'NONE',  ( -1.107871174029712500, -0.6538301535346435800, 2.030000000000000200 ) ) ;
#8393 = CARTESIAN_POINT ( 'NONE',  ( -0.1039816875815977900, -0.6483188444474501400, 2.029999999999999400 ) ) ;
#8394 = EDGE_CURVE ( 'NONE', #5831, #1267, #9663, .T. ) ;
#8395 = DIRECTION ( 'NONE',  ( 0.0000000000000000000, -0.0000000000000000000, 1.000000000000000000 ) ) ;
#8396 = CARTESIAN_POINT ( 'NONE',  ( -1.650000000000005200, -1.100000000000000100, 0.2000000000000000700 ) ) ;
#8397 = EDGE_LOOP ( 'NONE', ( #5409, #9951, #3192, #9041, #7503, #7443, #10585, #8638, #3687, #2740 ) ) ;
#8398 =( GEOMETRIC_REPRESENTATION_CONTEXT ( 3 ) GLOBAL_UNCERTAINTY_ASSIGNED_CONTEXT ( ( #2537 ) ) GLOBAL_UNIT_ASSIGNED_CONTEXT ( ( #5814, #854, #6636 ) ) REPRESENTATION_CONTEXT ( 'NONE', 'WORKASPACE' ) );
#8399 = ADVANCED_FACE ( 'NONE', ( #705 ), #2089, .F. ) ;
#8400 = PRESENTATION_LAYER_ASSIGNMENT (  '', '', ( #7289 ) ) ;
#8401 = CARTESIAN_POINT ( 'NONE',  ( 0.6370273586616996800, -0.6175333695997353700, 2.024999999999999900 ) ) ;
#8403 = FILL_AREA_STYLE_COLOUR ( '', #5521 ) ;
#8402 = CARTESIAN_POINT ( 'NONE',  ( -0.2898737980769158200, 0.2300072252659039800, 2.025000000000000400 ) ) ;
#8404 = CARTESIAN_POINT ( 'NONE',  ( -0.9448717948717880700, -0.5555396497340959700, 2.025000000000000400 ) ) ;
#8405 = MECHANICAL_DESIGN_GEOMETRIC_PRESENTATION_REPRESENTATION (  '', ( #6746 ), #8951 ) ;
#8406 = PLANE ( 'NONE',  #7406 ) ;
#8407 = ORIENTED_EDGE ( 'NONE', *, *, #2780, .T. ) ;
#8408 = CARTESIAN_POINT ( 'NONE',  ( -0.1779547675610907700, -0.6338699794620299400, 2.024999999999999900 ) ) ;
#8409 = ORIENTED_EDGE ( 'NONE', *, *, #1108, .F. ) ;
#8410 = CARTESIAN_POINT ( 'NONE',  ( -0.9956583294854690600, -0.5383957503573976200, 2.025000000000000800 ) ) ;
#8411 =( LENGTH_UNIT ( ) NAMED_UNIT ( * ) SI_UNIT ( .MILLI., .METRE. ) );
#8412 = CARTESIAN_POINT ( 'NONE',  ( -0.1269230769230698400, 0.7800072252659040500, 2.025000000000000400 ) ) ;
#8413 =( GEOMETRIC_REPRESENTATION_CONTEXT ( 3 ) GLOBAL_UNCERTAINTY_ASSIGNED_CONTEXT ( ( #7468 ) ) GLOBAL_UNIT_ASSIGNED_CONTEXT ( ( #1670, #7433, #2495 ) ) REPRESENTATION_CONTEXT ( 'NONE', 'WORKASPACE' ) );
#8414 = UNCERTAINTY_MEASURE_WITH_UNIT (LENGTH_MEASURE( 1.000000000000000100E-005 ), #2681, 'distance_accuracy_value', 'NONE');
#8415 = CARTESIAN_POINT ( 'NONE',  ( 0.6711427778007076400, -0.2236988037288054900, 2.030000000000000700 ) ) ;
#8416 = VECTOR ( 'NONE', #1604, 1000.000000000000000 ) ;
#8417 = ORIENTED_EDGE ( 'NONE', *, *, #6558, .T. ) ;
#8418 = FILL_AREA_STYLE ('',( #7598 ) ) ;
#8419 = CARTESIAN_POINT ( 'NONE',  ( 1.789317304492202200, 0.3800651786163032300, 1.145982882781137800 ) ) ;
#8420 = EDGE_CURVE ( 'NONE', #7552, #5831, #10653, .T. ) ;
#8421 = LINE ( 'NONE', #4021, #10367 ) ;
#8422 = CARTESIAN_POINT ( 'NONE',  ( 1.700000000000000800, -0.2597482130597328400, 1.084000000000000300 ) ) ;
#8423 = CARTESIAN_POINT ( 'NONE',  ( -1.066339969267494900, -0.6467454400615997300, 2.029999999999999400 ) ) ;
#8424 = CARTESIAN_POINT ( 'NONE',  ( -0.9944405719339757300, -0.5601867530337055800, 2.029999999999999800 ) ) ;
#8425 = ORIENTED_EDGE ( 'NONE', *, *, #10583, .T. ) ;
#8426 = CARTESIAN_POINT ( 'NONE',  ( -0.2043664890677570600, -0.7089559895747183900, 2.025000000000000800 ) ) ;
#8427 = SURFACE_STYLE_USAGE ( .BOTH. , #2673 ) ;
#8428 = CARTESIAN_POINT ( 'NONE',  ( -1.354929309816589300, 1.419929309816579100, 2.025000000000000400 ) ) ;
#8429 = ADVANCED_FACE ( 'NONE', ( #8473 ), #3385, .T. ) ;
#8430 = DIRECTION ( 'NONE',  ( 0.0000000000000000000, -0.0000000000000000000, 1.000000000000000000 ) ) ;
#8431 =( NAMED_UNIT ( * ) PLANE_ANGLE_UNIT ( ) SI_UNIT ( $, .RADIAN. ) );
#8432 = ORIENTED_EDGE ( 'NONE', *, *, #2783, .T. ) ;
#8433 = CARTESIAN_POINT ( 'NONE',  ( 0.7257036824676754700, -0.6690771609083202600, 2.030000000000000700 ) ) ;
#8435 = DIRECTION ( 'NONE',  ( -0.7969199129874922100, -0.6040849710794068400, 0.0000000000000000000 ) ) ;
#8434 =( LENGTH_UNIT ( ) NAMED_UNIT ( * ) SI_UNIT ( .MILLI., .METRE. ) );
#8436 = VECTOR ( 'NONE', #10008, 1000.000000000000000 ) ;
#8437 = CARTESIAN_POINT ( 'NONE',  ( -1.018308054944674400, -0.6865027049225433900, 2.024999999999999900 ) ) ;
#8438 = EDGE_CURVE ( 'NONE', #9241, #1599, #1112, .T. ) ;
#8439 = AXIS2_PLACEMENT_3D ( 'NONE', #5702, #743, #6525 ) ;
#8440 = ORIENTED_EDGE ( 'NONE', *, *, #2413, .F. ) ;
#8441 = SURFACE_STYLE_USAGE ( .BOTH. , #2688 ) ;
#8442 = CARTESIAN_POINT ( 'NONE',  ( 0.7928681942774042900, -0.4248111111335856600, 2.025000000000000400 ) ) ;
#8443 = ORIENTED_EDGE ( 'NONE', *, *, #7182, .T. ) ;
#8444 = CARTESIAN_POINT ( 'NONE',  ( -1.020137554003527100, -0.4912080630992691200, 2.029999999999999800 ) ) ;
#8445 = COLOUR_RGB ( '',0.6862745098039215700, 0.6078431372549019100, 0.5294117647058823600 ) ;
#8446 =( LENGTH_UNIT ( ) NAMED_UNIT ( * ) SI_UNIT ( .MILLI., .METRE. ) );
#8447 = PRESENTATION_LAYER_ASSIGNMENT (  '', '', ( #7335 ) ) ;
#8448 = STYLED_ITEM ( 'NONE', ( #7040 ), #6924 ) ;
#8449 = CARTESIAN_POINT ( 'NONE',  ( 0.7539319118595373400, -0.3959003523454341400, 2.025000000000000400 ) ) ;
#8450 = ADVANCED_FACE ( 'NONE', ( #9610 ), #6393, .T. ) ;
#8451 = ADVANCED_FACE ( 'NONE', ( #2532 ), #600, .T. ) ;
#8452 = LINE ( 'NONE', #5445, #2137 ) ;
#8453 = EDGE_LOOP ( 'NONE', ( #4463, #8303, #6082, #4867 ) ) ;
#8454 = VECTOR ( 'NONE', #4696, 1000.000000000000000 ) ;
#8455 = CARTESIAN_POINT ( 'NONE',  ( -0.3446979793629450500, -0.7243206569914856200, 2.030000000000001600 ) ) ;
#8456 = CARTESIAN_POINT ( 'NONE',  ( 1.839166559139743300, 0.2597482130602051800, 1.084000000000001200 ) ) ;
#8457 = UNCERTAINTY_MEASURE_WITH_UNIT (LENGTH_MEASURE( 1.000000000000000100E-005 ), #9496, 'distance_accuracy_value', 'NONE');
#8458 = VECTOR ( 'NONE', #9846, 1000.000000000000000 ) ;
#8459 = DIRECTION ( 'NONE',  ( -0.0000000000000000000, -0.0000000000000000000, 1.000000000000000000 ) ) ;
#8460 = CARTESIAN_POINT ( 'NONE',  ( -0.9983146188782480200, -0.5830435335990660200, 2.024999999999999900 ) ) ;
#8461 =( GEOMETRIC_REPRESENTATION_CONTEXT ( 3 ) GLOBAL_UNCERTAINTY_ASSIGNED_CONTEXT ( ( #2387 ) ) GLOBAL_UNIT_ASSIGNED_CONTEXT ( ( #1106, #6885, #1960 ) ) REPRESENTATION_CONTEXT ( 'NONE', 'WORKASPACE' ) );
#8462 = SURFACE_SIDE_STYLE ('',( #6183 ) ) ;
#8463 = CARTESIAN_POINT ( 'NONE',  ( -0.3035691422533359200, -0.7256912976820046900, 2.029999999999999800 ) ) ;
#8464 = MECHANICAL_DESIGN_GEOMETRIC_PRESENTATION_REPRESENTATION (  '', ( #6805 ), #9007 ) ;
#8465 = ORIENTED_EDGE ( 'NONE', *, *, #5705, .F. ) ;
#8466 = STYLED_ITEM ( 'NONE', ( #5671 ), #968 ) ;
#8467 = CARTESIAN_POINT ( 'NONE',  ( 0.8281572347581371800, -0.5349284176178476000, 2.030000000000000700 ) ) ;
#8468 =( NAMED_UNIT ( * ) PLANE_ANGLE_UNIT ( ) SI_UNIT ( $, .RADIAN. ) );
#8469 = SURFACE_STYLE_FILL_AREA ( #2720 ) ;
#8470 =( LENGTH_UNIT ( ) NAMED_UNIT ( * ) SI_UNIT ( .MILLI., .METRE. ) );
#8471 = DIRECTION ( 'NONE',  ( -0.9986295347545739400, -3.547466411759500500E-015, 0.05233595624294396000 ) ) ;
#8472 = VECTOR ( 'NONE', #9448, 1000.000000000000000 ) ;
#8473 = FACE_OUTER_BOUND ( 'NONE', #4129, .T. ) ;
#8474 = EDGE_CURVE ( 'NONE', #10565, #9270, #78, .T. ) ;
#8475 = ORIENTED_EDGE ( 'NONE', *, *, #8653, .F. ) ;
#8476 =( NAMED_UNIT ( * ) PLANE_ANGLE_UNIT ( ) SI_UNIT ( $, .RADIAN. ) );
#8478 =( LENGTH_UNIT ( ) NAMED_UNIT ( * ) SI_UNIT ( .MILLI., .METRE. ) );
#8477 = CARTESIAN_POINT ( 'NONE',  ( 0.8771666652195762000, -0.6332217182255807100, 2.025000000000001700 ) ) ;
#8479 = PRESENTATION_STYLE_ASSIGNMENT (( #342 ) ) ;
#8480 = CARTESIAN_POINT ( 'NONE',  ( -0.9942307692307624800, -0.5555396497340959700, 2.030000000000000200 ) ) ;
#8481 = UNCERTAINTY_MEASURE_WITH_UNIT (LENGTH_MEASURE( 1.000000000000000100E-005 ), #3231, 'distance_accuracy_value', 'NONE');
#8482 = MECHANICAL_DESIGN_GEOMETRIC_PRESENTATION_REPRESENTATION (  '', ( #6828 ), #9019 ) ;
#8483 = LINE ( 'NONE', #3394, #10426 ) ;
#8484 = COLOUR_RGB ( '',0.7294117647058823200, 0.3568627450980392200, 0.02352941176470588200 ) ;
#8485 = CARTESIAN_POINT ( 'NONE',  ( 0.8630382219267762600, -0.4967471507214961100, 2.030000000000000200 ) ) ;
#8486 = VERTEX_POINT ( 'NONE', #4062 ) ;
#8487 = CIRCLE ( 'NONE', #541, 0.1399999999999999300 ) ;
#8488 = CARTESIAN_POINT ( 'NONE',  ( 0.7764220031484521100, -0.4121743614149869800, 2.025000000000000800 ) ) ;
#8489 = MECHANICAL_DESIGN_GEOMETRIC_PRESENTATION_REPRESENTATION (  '', ( #6832 ), #9024 ) ;
#8490 = ORIENTED_EDGE ( 'NONE', *, *, #6997, .F. ) ;
#8491 = CARTESIAN_POINT ( 'NONE',  ( 0.6514927322501842300, -0.3813855640058399500, 2.030000000000000700 ) ) ;
#8492 = ORIENTED_EDGE ( 'NONE', *, *, #4010, .F. ) ;
#8493 = ADVANCED_FACE ( 'NONE', ( #10272 ), #1477, .F. ) ;
#8494 = SURFACE_STYLE_USAGE ( .BOTH. , #2735 ) ;
#8495 = PRESENTATION_STYLE_ASSIGNMENT (( #9050 ) ) ;
#8496 = CARTESIAN_POINT ( 'NONE',  ( 0.6487179487179560700, -0.2735985439648651600, 2.030000000000000200 ) ) ;
#8497 = CARTESIAN_POINT ( 'NONE',  ( -0.4524090391861591600, -0.6955201740508494300, 2.025000000000000800 ) ) ;
#8498 =( NAMED_UNIT ( * ) PLANE_ANGLE_UNIT ( ) SI_UNIT ( $, .RADIAN. ) );
#8499 = DIRECTION ( 'NONE',  ( 0.3895636164541940700, -0.9209995595737978700, 0.0000000000000000000 ) ) ;
#8500 = ORIENTED_EDGE ( 'NONE', *, *, #1444, .F. ) ;
#8501 = EDGE_LOOP ( 'NONE', ( #4172, #2615, #2710, #7885 ) ) ;
#8502 = DIRECTION ( 'NONE',  ( 0.5391851040989491500, 0.8421872852981130400, 0.0000000000000000000 ) ) ;
#8503 = ORIENTED_EDGE ( 'NONE', *, *, #2494, .F. ) ;
#8504 = CARTESIAN_POINT ( 'NONE',  ( -0.5592425101655242900, -0.2733488069493145700, 2.030000000000001100 ) ) ;
#8505 = FACE_OUTER_BOUND ( 'NONE', #4527, .T. ) ;
#8506 =( NAMED_UNIT ( * ) SI_UNIT ( $, .STERADIAN. ) SOLID_ANGLE_UNIT ( ) );
#8507 = EDGE_CURVE ( 'NONE', #8306, #7739, #1760, .T. ) ;
#8508 =( NAMED_UNIT ( * ) SI_UNIT ( $, .STERADIAN. ) SOLID_ANGLE_UNIT ( ) );
#8509 = ADVANCED_FACE ( 'NONE', ( #7817 ), #1590, .F. ) ;
#8510 = EDGE_CURVE ( 'NONE', #5734, #5923, #7038, .T. ) ;
#8511 = ADVANCED_FACE ( 'NONE', ( #2664 ), #3267, .T. ) ;
#8512 =( LENGTH_UNIT ( ) NAMED_UNIT ( * ) SI_UNIT ( .MILLI., .METRE. ) );
#8513 = CARTESIAN_POINT ( 'NONE',  ( 0.8187157369307179700, -0.7010473741604054100, 2.029999999999999400 ) ) ;
#8514 = ORIENTED_EDGE ( 'NONE', *, *, #2190, .F. ) ;
#8515 = CARTESIAN_POINT ( 'NONE',  ( -1.064648434535723400, -0.4625291267445129600, 2.029999999999999800 ) ) ;
#8516 = LINE ( 'NONE', #2305, #3885 ) ;
#8517 = STYLED_ITEM ( 'NONE', ( #9377 ), #5370 ) ;
#8518 = MECHANICAL_DESIGN_GEOMETRIC_PRESENTATION_REPRESENTATION (  '', ( #6860 ), #9046 ) ;
#8519 = CARTESIAN_POINT ( 'NONE',  ( -0.3041573458003561900, -0.1476326418710490800, 2.030000000000000700 ) ) ;
#8520 = EDGE_CURVE ( 'NONE', #7222, #3937, #4081, .T. ) ;
#8521 = VERTEX_POINT ( 'NONE', #2421 ) ;
#8522 = ORIENTED_EDGE ( 'NONE', *, *, #10597, .F. ) ;
#8523 = FILL_AREA_STYLE_COLOUR ( '', #4595 ) ;
#8524 = CARTESIAN_POINT ( 'NONE',  ( -0.07398852349413223600, -0.6148920520692979800, 2.025000000000000400 ) ) ;
#8525 = MECHANICAL_DESIGN_GEOMETRIC_PRESENTATION_REPRESENTATION (  '', ( #6869 ), #9055 ) ;
#8526 = CARTESIAN_POINT ( 'NONE',  ( 0.5217948717948789300, -0.7116594414007626500, 2.025000000000000400 ) ) ;
#8527 = CARTESIAN_POINT ( 'NONE',  ( -0.5262773784525762700, -0.6413513998761882800, 2.030000000000002000 ) ) ;
#8528 = PRESENTATION_LAYER_ASSIGNMENT (  '', '', ( #7414 ) ) ;
#8529 = DIRECTION ( 'NONE',  ( 0.4190581774617469500, -0.9079593845004517700, 0.0000000000000000000 ) ) ;
#8530 = ORIENTED_EDGE ( 'NONE', *, *, #5780, .F. ) ;
#8531 = EDGE_CURVE ( 'NONE', #9003, #8822, #1894, .T. ) ;
#8532 = PRESENTATION_STYLE_ASSIGNMENT (( #8152 ) ) ;
#8533 = CARTESIAN_POINT ( 'NONE',  ( 0.6718756953191530300, -0.7150972638146121400, 2.025000000000000800 ) ) ;
#8534 = DIRECTION ( 'NONE',  ( 1.000000000000000000, -0.0000000000000000000, 0.0000000000000000000 ) ) ;
#8535 = AXIS2_PLACEMENT_3D ( 'NONE', #10387, #5454, #486 ) ;
#8536 = ADVANCED_FACE ( 'NONE', ( #10401 ), #833, .T. ) ;
#8537 = FILL_AREA_STYLE_COLOUR ( '', #4575 ) ;
#8538 = AXIS2_PLACEMENT_3D ( 'NONE', #1138, #6911, #1983 ) ;
#8539 = DIRECTION ( 'NONE',  ( 2.891205793294662500E-015, -1.000000000000000000, 0.0000000000000000000 ) ) ;
#8540 = DIRECTION ( 'NONE',  ( 1.000000000000000000, 0.0000000000000000000, 0.0000000000000000000 ) ) ;
#8542 = CARTESIAN_POINT ( 'NONE',  ( 1.700751016977361000, -1.366131547168185600, 1.078584163331533800 ) ) ;
#8541 = CARTESIAN_POINT ( 'NONE',  ( 0.7313501602564177500, -0.7257620055033268100, 2.025000000000000400 ) ) ;
#8543 =( GEOMETRIC_REPRESENTATION_CONTEXT ( 3 ) GLOBAL_UNCERTAINTY_ASSIGNED_CONTEXT ( ( #2748 ) ) GLOBAL_UNIT_ASSIGNED_CONTEXT ( ( #3390, #9127, #4229 ) ) REPRESENTATION_CONTEXT ( 'NONE', 'WORKASPACE' ) );
#8544 = PRESENTATION_STYLE_ASSIGNMENT (( #10194 ) ) ;
#8545 = ORIENTED_EDGE ( 'NONE', *, *, #8153, .T. ) ;
#8546 = VERTEX_POINT ( 'NONE', #6655 ) ;
#8547 = FACE_OUTER_BOUND ( 'NONE', #8781, .T. ) ;
#8548 = SURFACE_STYLE_FILL_AREA ( #4961 ) ;
#8549 = PRESENTATION_LAYER_ASSIGNMENT (  '', '', ( #7999 ) ) ;
#8550 = CARTESIAN_POINT ( 'NONE',  ( -0.1876158025297964800, -0.1706186053817996300, 2.025000000000000800 ) ) ;
#8551 =( NAMED_UNIT ( * ) SI_UNIT ( $, .STERADIAN. ) SOLID_ANGLE_UNIT ( ) );
#8552 = UNCERTAINTY_MEASURE_WITH_UNIT (LENGTH_MEASURE( 1.000000000000000100E-005 ), #2437, 'distance_accuracy_value', 'NONE');
#8553 = ORIENTED_EDGE ( 'NONE', *, *, #9423, .F. ) ;
#8554 = DIRECTION ( 'NONE',  ( -0.0000000000000000000, -0.0000000000000000000, 1.000000000000000000 ) ) ;
#8555 = LINE ( 'NONE', #2484, #6352 ) ;
#8556 = FILL_AREA_STYLE_COLOUR ( '', #10558 ) ;
#8557 = CARTESIAN_POINT ( 'NONE',  ( -0.2208398652183853900, -0.7141613293584021500, 2.025000000000000400 ) ) ;
#8558 = ADVANCED_FACE ( 'NONE', ( #3058 ), #7157, .F. ) ;
#8559 = ADVANCED_FACE ( 'NONE', ( #7417 ), #3382, .T. ) ;
#8560 = ORIENTED_EDGE ( 'NONE', *, *, #8713, .F. ) ;
#8561 = CARTESIAN_POINT ( 'NONE',  ( -0.6999999999999995100, -1.250000000000000400, 0.06142135623730951600 ) ) ;
#8562 = DIRECTION ( 'NONE',  ( 0.8576722029112570100, 0.5141968420297343700, 0.0000000000000000000 ) ) ;
#8563 = CARTESIAN_POINT ( 'NONE',  ( 0.2679487179487250500, -0.1616594414007626000, 2.030000000000000200 ) ) ;
#8564 = EDGE_CURVE ( 'NONE', #9003, #1097, #1217, .T. ) ;
#8565 =( NAMED_UNIT ( * ) PLANE_ANGLE_UNIT ( ) SI_UNIT ( $, .RADIAN. ) );
#8566 = VERTEX_POINT ( 'NONE', #8342 ) ;
#8567 = FILL_AREA_STYLE ('',( #9356 ) ) ;
#8568 = VERTEX_POINT ( 'NONE', #6721 ) ;
#8569 = CARTESIAN_POINT ( 'NONE',  ( 0.6096347568611092400, -0.6720515445097514600, 2.030000000000000200 ) ) ;
#8570 = EDGE_CURVE ( 'NONE', #6493, #10173, #8585, .T. ) ;
#8571 = SURFACE_STYLE_USAGE ( .BOTH. , #2818 ) ;
#8572 = CIRCLE ( 'NONE', #4831, 0.1000000000000000700 ) ;
#8573 = LINE ( 'NONE', #6484, #2013 ) ;
#8574 = LINE ( 'NONE', #7293, #6376 ) ;
#8575 = CARTESIAN_POINT ( 'NONE',  ( -1.750000000000005300, 0.3749999999999997200, 0.5590000000000001600 ) ) ;
#8576 = ORIENTED_EDGE ( 'NONE', *, *, #9831, .T. ) ;
#8577 = SURFACE_STYLE_USAGE ( .BOTH. , #2820 ) ;
#8579 = DIRECTION ( 'NONE',  ( 0.0000000000000000000, -0.0000000000000000000, -1.000000000000000000 ) ) ;
#8578 =( NAMED_UNIT ( * ) PLANE_ANGLE_UNIT ( ) SI_UNIT ( $, .RADIAN. ) );
#8580 = CARTESIAN_POINT ( 'NONE',  ( -0.4914901007696421100, -0.6718028487101857000, 2.030000000000000700 ) ) ;
#8581 = EDGE_CURVE ( 'NONE', #5923, #3937, #6386, .T. ) ;
#8582 = EDGE_CURVE ( 'NONE', #2121, #9318, #10518, .T. ) ;
#8583 = CIRCLE ( 'NONE', #10469, 0.07499999999999949800 ) ;
#8584 = MECHANICAL_DESIGN_GEOMETRIC_PRESENTATION_REPRESENTATION (  '', ( #6934 ), #9117 ) ;
#8585 = LINE ( 'NONE', #4253, #2020 ) ;
#8586 = CARTESIAN_POINT ( 'NONE',  ( -0.1032631361650642200, -0.2250212065547396400, 2.030000000000000700 ) ) ;
#8587 = SURFACE_STYLE_USAGE ( .BOTH. , #2833 ) ;
#8588 = VECTOR ( 'NONE', #3621, 1000.000000000000000 ) ;
#8589 = CARTESIAN_POINT ( 'NONE',  ( 0.6817169318219151700, -0.6567385719070338900, 2.029999999999999800 ) ) ;
#8590 = VERTEX_POINT ( 'NONE', #2622 ) ;
#8591 = COLOUR_RGB ( '',0.7294117647058823200, 0.3568627450980392200, 0.02352941176470588200 ) ;
#8592 = FILL_AREA_STYLE ('',( #10217 ) ) ;
#8593 = ADVANCED_FACE ( 'NONE', ( #1752 ), #9488, .T. ) ;
#8594 = CARTESIAN_POINT ( 'NONE',  ( -0.9450252992468833900, -0.5609087296389632100, 2.030000000000000700 ) ) ;
#8595 = VECTOR ( 'NONE', #5518, 1000.000000000000000 ) ;
#8596 = UNCERTAINTY_MEASURE_WITH_UNIT (LENGTH_MEASURE( 1.000000000000000100E-005 ), #5558, 'distance_accuracy_value', 'NONE');
#8597 = DIRECTION ( 'NONE',  ( 5.782411586589324900E-015, 0.0000000000000000000, -1.000000000000000000 ) ) ;
#8598 = COLOUR_RGB ( '',0.7294117647058823200, 0.3568627450980392200, 0.02352941176470588200 ) ;
#8599 = ORIENTED_EDGE ( 'NONE', *, *, #7609, .F. ) ;
#8600 = CARTESIAN_POINT ( 'NONE',  ( 0.6228850827454107700, -0.3500423181488739300, 2.024999999999999900 ) ) ;
#8601 = PRESENTATION_LAYER_ASSIGNMENT (  '', '', ( #7493 ) ) ;
#8602 = DIRECTION ( 'NONE',  ( 1.000000000000000000, 0.0000000000000000000, -0.0000000000000000000 ) ) ;
#8603 = FILL_AREA_STYLE ('',( #7776 ) ) ;
#8604 = DIRECTION ( 'NONE',  ( 0.0000000000000000000, -1.000000000000000000, 0.0000000000000000000 ) ) ;
#8605 = COLOUR_RGB ( '',0.7294117647058823200, 0.3568627450980392200, 0.02352941176470588200 ) ;
#8606 = PRESENTATION_LAYER_ASSIGNMENT (  '', '', ( #7496 ) ) ;
#8607 = PRESENTATION_LAYER_ASSIGNMENT (  '', '', ( #7497 ) ) ;
#8608 = DIRECTION ( 'NONE',  ( -0.4285960263555436100, -0.9034962347415943500, 0.0000000000000000000 ) ) ;
#8609 = VERTEX_POINT ( 'NONE', #5971 ) ;
#8610 = CARTESIAN_POINT ( 'NONE',  ( -0.3623208984604377500, -0.2081673224210943400, 2.030000000000000200 ) ) ;
#8611 = ADVANCED_FACE ( 'NONE', ( #5376 ), #6506, .T. ) ;
#8612 = DIRECTION ( 'NONE',  ( 3.552334763092437900E-015, -1.000000000000000000, 0.0000000000000000000 ) ) ;
#8613 = SURFACE_SIDE_STYLE ('',( #7815 ) ) ;
#8614 = UNCERTAINTY_MEASURE_WITH_UNIT (LENGTH_MEASURE( 1.000000000000000100E-005 ), #10481, 'distance_accuracy_value', 'NONE');
#8615 = UNCERTAINTY_MEASURE_WITH_UNIT (LENGTH_MEASURE( 1.000000000000000100E-005 ), #3115, 'distance_accuracy_value', 'NONE');
#8616 = LINE ( 'NONE', #5687, #6416 ) ;
#8618 = DIRECTION ( 'NONE',  ( -0.4189977888269748000, 0.9079872537420918800, 0.0000000000000000000 ) ) ;
#8617 =( NAMED_UNIT ( * ) SI_UNIT ( $, .STERADIAN. ) SOLID_ANGLE_UNIT ( ) );
#8619 = DIRECTION ( 'NONE',  ( -0.0000000000000000000, -1.000000000000000000, -0.0000000000000000000 ) ) ;
#8620 = CARTESIAN_POINT ( 'NONE',  ( -0.5529989500335048500, -0.4846783895031238100, 2.030000000000001600 ) ) ;
#8621 = ORIENTED_EDGE ( 'NONE', *, *, #5758, .F. ) ;
#8622 = ORIENTED_EDGE ( 'NONE', *, *, #212, .F. ) ;
#8623 = ORIENTED_EDGE ( 'NONE', *, *, #2231, .T. ) ;
#8624 = DIRECTION ( 'NONE',  ( -0.0000000000000000000, -0.0000000000000000000, 1.000000000000000000 ) ) ;
#8625 =( GEOMETRIC_REPRESENTATION_CONTEXT ( 3 ) GLOBAL_UNCERTAINTY_ASSIGNED_CONTEXT ( ( #8269 ) ) GLOBAL_UNIT_ASSIGNED_CONTEXT ( ( #4578, #10338, #5413 ) ) REPRESENTATION_CONTEXT ( 'NONE', 'WORKASPACE' ) );
#8626 = CARTESIAN_POINT ( 'NONE',  ( 1.624872122057804000, 1.381885769650372100, 0.2112844257252345400 ) ) ;
#8627 = LINE ( 'NONE', #9346, #6426 ) ;
#8628 = LINE ( 'NONE', #7658, #10559 ) ;
#8629 = CIRCLE ( 'NONE', #6120, 0.1000000000000000500 ) ;
#8630 = FACE_BOUND ( 'NONE', #673, .T. ) ;
#8631 = SURFACE_STYLE_FILL_AREA ( #4769 ) ;
#8632 = PRESENTATION_LAYER_ASSIGNMENT (  '', '', ( #7517 ) ) ;
#8633 = CARTESIAN_POINT ( 'NONE',  ( 1.849999999999996100, 1.024999999999999200, 0.3800000000000005600 ) ) ;
#8634 =( LENGTH_UNIT ( ) NAMED_UNIT ( * ) SI_UNIT ( .MILLI., .METRE. ) );
#8635 = CARTESIAN_POINT ( 'NONE',  ( -0.9924143848800521800, -0.6666487272906593800, 2.029999999999999800 ) ) ;
#8636 = EDGE_CURVE ( 'NONE', #4558, #1436, #182, .T. ) ;
#8637 = COLOUR_RGB ( '',1.000000000000000000, 0.7176470588235294200, 0.2470588235294117800 ) ;
#8638 = ORIENTED_EDGE ( 'NONE', *, *, #10507, .T. ) ;
#8639 = ORIENTED_EDGE ( 'NONE', *, *, #5705, .T. ) ;
#8640 = CARTESIAN_POINT ( 'NONE',  ( -0.3711838942307619800, 0.4062892765479552700, 2.025000000000000400 ) ) ;
#8641 = ORIENTED_EDGE ( 'NONE', *, *, #9882, .T. ) ;
#8642 = CARTESIAN_POINT ( 'NONE',  ( -0.5570512820512753000, -0.4372103228110190700, 2.030000000000000700 ) ) ;
#8643 = PRESENTATION_STYLE_ASSIGNMENT (( #7348 ) ) ;
#8644 = CARTESIAN_POINT ( 'NONE',  ( 0.6276667570863945200, -0.3564089144555420700, 2.025000000000000400 ) ) ;
#8645 = FILL_AREA_STYLE ('',( #6976 ) ) ;
#8646 = CARTESIAN_POINT ( 'NONE',  ( -0.1430112943142451400, -0.2648294488612268900, 2.030000000000001100 ) ) ;
#8647 =( NAMED_UNIT ( * ) PLANE_ANGLE_UNIT ( ) SI_UNIT ( $, .RADIAN. ) );
#8648 = CARTESIAN_POINT ( 'NONE',  ( -1.047321949963705600, -0.2580048499920562500, 2.030000000000000200 ) ) ;
#8649 = ORIENTED_EDGE ( 'NONE', *, *, #2589, .T. ) ;
#8650 = EDGE_CURVE ( 'NONE', #8609, #7421, #6178, .T. ) ;
#8651 = CARTESIAN_POINT ( 'NONE',  ( -0.4643144578844724500, -0.2519358906972322100, 2.024999999999999900 ) ) ;
#8652 = ADVANCED_FACE ( 'NONE', ( #4341 ), #7660, .T. ) ;
#8653 = EDGE_CURVE ( 'NONE', #816, #5168, #1347, .T. ) ;
#8654 = VECTOR ( 'NONE', #10258, 1000.000000000000000 ) ;
#8655 = CARTESIAN_POINT ( 'NONE',  ( -1.112985456136026200, -0.4531925346994316000, 2.024999999999999900 ) ) ;
#8656 = DIRECTION ( 'NONE',  ( -1.000000000000000000, -0.0000000000000000000, -0.0000000000000000000 ) ) ;
#8658 = DIRECTION ( 'NONE',  ( -0.0000000000000000000, -0.0000000000000000000, 1.000000000000000000 ) ) ;
#8657 = SURFACE_STYLE_USAGE ( .BOTH. , #2897 ) ;
#8659 = CARTESIAN_POINT ( 'NONE',  ( -0.4692139766884796400, -0.6186931125924197700, 2.025000000000000800 ) ) ;
#8660 = VERTEX_POINT ( 'NONE', #3641 ) ;
#8661 = AXIS2_PLACEMENT_3D ( 'NONE', #3118, #5617, #8927 ) ;
#8662 =( GEOMETRIC_REPRESENTATION_CONTEXT ( 3 ) GLOBAL_UNCERTAINTY_ASSIGNED_CONTEXT ( ( #4965 ) ) GLOBAL_UNIT_ASSIGNED_CONTEXT ( ( #6140, #1183, #6959 ) ) REPRESENTATION_CONTEXT ( 'NONE', 'WORKASPACE' ) );
#8663 = SURFACE_STYLE_USAGE ( .BOTH. , #2902 ) ;
#8664 = DIRECTION ( 'NONE',  ( 1.000000000000000000, -0.0000000000000000000, 4.754114276428528800E-015 ) ) ;
#8665 = EDGE_CURVE ( 'NONE', #10302, #3237, #7677, .T. ) ;
#8666 = CARTESIAN_POINT ( 'NONE',  ( 0.7011645083507759300, -0.3576226481440137300, 2.030000000000000700 ) ) ;
#8667 = CARTESIAN_POINT ( 'NONE',  ( -0.4941406249999928400, 0.6728057028300065100, 2.025000000000000400 ) ) ;
#8668 = SURFACE_SIDE_STYLE ('',( #3219 ) ) ;
#8669 = CARTESIAN_POINT ( 'NONE',  ( 0.6849659455128279700, -0.3446622458879420900, 2.025000000000000400 ) ) ;
#8670 =( GEOMETRIC_REPRESENTATION_CONTEXT ( 3 ) GLOBAL_UNCERTAINTY_ASSIGNED_CONTEXT ( ( #8143 ) ) GLOBAL_UNIT_ASSIGNED_CONTEXT ( ( #3436, #9177, #4277 ) ) REPRESENTATION_CONTEXT ( 'NONE', 'WORKASPACE' ) );
#8671 = ORIENTED_EDGE ( 'NONE', *, *, #3070, .T. ) ;
#8672 = AXIS2_PLACEMENT_3D ( 'NONE', #4415, #10164, #5241 ) ;
#8673 = EDGE_LOOP ( 'NONE', ( #2239, #4006, #9371, #10514 ) ) ;
#8674 = CARTESIAN_POINT ( 'NONE',  ( -0.4692139766884796400, -0.6186931125924197700, 2.030000000000000700 ) ) ;
#8675 = COLOUR_RGB ( '',0.7294117647058823200, 0.3568627450980392200, 0.02352941176470588200 ) ;
#8676 = AXIS2_PLACEMENT_3D ( 'NONE', #10590, #5653, #681 ) ;
#8677 = CARTESIAN_POINT ( 'NONE',  ( 0.7348758012820586500, -0.1475568772981984700, 2.025000000000000400 ) ) ;
#8678 = DIRECTION ( 'NONE',  ( -0.0000000000000000000, -0.0000000000000000000, 1.000000000000000000 ) ) ;
#8679 = CARTESIAN_POINT ( 'NONE',  ( 0.7808187354284418200, -0.4815418267149457800, 2.030000000000000700 ) ) ;
#8680 = UNCERTAINTY_MEASURE_WITH_UNIT (LENGTH_MEASURE( 1.000000000000000100E-005 ), #4151, 'distance_accuracy_value', 'NONE');
#8681 = EDGE_CURVE ( 'NONE', #3755, #5996, #9857, .T. ) ;
#8682 = DIRECTION ( 'NONE',  ( -0.0000000000000000000, -1.000000000000000000, -0.0000000000000000000 ) ) ;
#8683 = VECTOR ( 'NONE', #4905, 1000.000000000000000 ) ;
#8684 = SURFACE_STYLE_FILL_AREA ( #6811 ) ;
#8685 = VERTEX_POINT ( 'NONE', #5301 ) ;
#8686 = CARTESIAN_POINT ( 'NONE',  ( -1.650000000000004600, -1.100000000000000100, 0.1000000000000000500 ) ) ;
#8687 = CARTESIAN_POINT ( 'NONE',  ( -0.5259069581667897800, -0.3189089327763148200, 2.030000000000000200 ) ) ;
#8688 = LINE ( 'NONE', #1445, #2113 ) ;
#8689 = CARTESIAN_POINT ( 'NONE',  ( -0.9873512786490248300, -0.3040214753333058700, 2.025000000000000400 ) ) ;
#8690 = CARTESIAN_POINT ( 'NONE',  ( -1.187149439102557200, -0.4507620055033266800, 2.030000000000000200 ) ) ;
#8691 = ORIENTED_EDGE ( 'NONE', *, *, #212, .T. ) ;
#8692 = CARTESIAN_POINT ( 'NONE',  ( 0.7615384615384690500, 0.2300072252659040600, 2.025000000000000400 ) ) ;
#8693 = STYLED_ITEM ( 'NONE', ( #8171 ), #4416 ) ;
#8694 = FILL_AREA_STYLE_COLOUR ( '', #2298 ) ;
#8695 = DIRECTION ( 'NONE',  ( 1.000000000000000000, 3.571489509364014900E-015, 0.0000000000000000000 ) ) ;
#8696 = CARTESIAN_POINT ( 'NONE',  ( -0.3359848459367795200, -0.6688695249372604800, 2.030000000000000700 ) ) ;
#8697 = CIRCLE ( 'NONE', #9210, 0.1000000000000000500 ) ;
#8698 = STYLED_ITEM ( 'NONE', ( #4860 ), #9235 ) ;
#8699 = CARTESIAN_POINT ( 'NONE',  ( 1.600380530190822700, -1.464999999999999400, 1.070000000000000100 ) ) ;
#8700 = CARTESIAN_POINT ( 'NONE',  ( 0.8187157369307179700, -0.7010473741604054100, 2.029999999999999400 ) ) ;
#8701 = EDGE_LOOP ( 'NONE', ( #5023, #8094, #2115, #1950 ) ) ;
#8702 = CARTESIAN_POINT ( 'NONE',  ( 0.6300981570512894600, -0.3596462202469164500, 2.025000000000000400 ) ) ;
#8703 = VECTOR ( 'NONE', #8359, 1000.000000000000000 ) ;
#8704 = CARTESIAN_POINT ( 'NONE',  ( -0.1137019230769161400, -0.2956338003751216000, 2.025000000000000400 ) ) ;
#8705 = CARTESIAN_POINT ( 'NONE',  ( -1.095977324129372900, -0.6524715200160559100, 2.025000000000000400 ) ) ;
#8706 = CARTESIAN_POINT ( 'NONE',  ( 0.6034019844959290800, -0.2417605979427972800, 2.030000000000000200 ) ) ;
#8707 = ADVANCED_FACE ( 'NONE', ( #3574 ), #2835, .T. ) ;
#8708 = ORIENTED_EDGE ( 'NONE', *, *, #9499, .T. ) ;
#8709 = VERTEX_POINT ( 'NONE', #7764 ) ;
#8710 = EDGE_CURVE ( 'NONE', #1599, #1395, #2507, .T. ) ;
#8711 = SURFACE_STYLE_FILL_AREA ( #9345 ) ;
#8712 = CARTESIAN_POINT ( 'NONE',  ( 0.8814102564102639400, -0.2406558356315318400, 2.030000000000000200 ) ) ;
#8713 = EDGE_CURVE ( 'NONE', #7680, #6759, #8833, .T. ) ;
#8714 = CARTESIAN_POINT ( 'NONE',  ( -1.624872122057803700, -1.290252652248630200, 0.2112844257252344500 ) ) ;
#8715 = ORIENTED_EDGE ( 'NONE', *, *, #1189, .F. ) ;
#8716 = CARTESIAN_POINT ( 'NONE',  ( 0.5820612980769306300, 0.5105160393684681200, 2.025000000000000400 ) ) ;
#8717 = DIRECTION ( 'NONE',  ( -0.0000000000000000000, -1.000000000000000000, -0.0000000000000000000 ) ) ;
#8718 = CARTESIAN_POINT ( 'NONE',  ( -0.5568621569933714900, -0.4210887749557419300, 2.025000000000000400 ) ) ;
#8719 = VECTOR ( 'NONE', #4925, 1000.000000000000000 ) ;
#8720 = PRESENTATION_LAYER_ASSIGNMENT (  '', '', ( #8164 ) ) ;
#8721 = LINE ( 'NONE', #5040, #6517 ) ;
#8722 = AXIS2_PLACEMENT_3D ( 'NONE', #229, #6019, #1067 ) ;
#8723 = CARTESIAN_POINT ( 'NONE',  ( -1.022946849513033800, -0.3935370411495291400, 2.030000000000000700 ) ) ;
#8724 = DIRECTION ( 'NONE',  ( 1.000000000000000000, 0.0000000000000000000, -0.0000000000000000000 ) ) ;
#8725 =( LENGTH_UNIT ( ) NAMED_UNIT ( * ) SI_UNIT ( .MILLI., .METRE. ) );
#8727 = CARTESIAN_POINT ( 'NONE',  ( -0.5422371281360420800, -0.6227359244427236300, 2.025000000000000400 ) ) ;
#8726 = CARTESIAN_POINT ( 'NONE',  ( 0.5995640786293683400, -0.2700932813134887500, 2.029999999999998900 ) ) ;
#8728 = ORIENTED_EDGE ( 'NONE', *, *, #6851, .T. ) ;
#8729 = DIRECTION ( 'NONE',  ( 1.000000000000000000, 0.0000000000000000000, 0.0000000000000000000 ) ) ;
#8730 = EDGE_CURVE ( 'NONE', #8276, #4446, #302, .T. ) ;
#8731 = VECTOR ( 'NONE', #7721, 1000.000000000000000 ) ;
#8732 = FILL_AREA_STYLE ('',( #6245 ) ) ;
#8733 = PLANE ( 'NONE',  #80 ) ;
#8734 = ORIENTED_EDGE ( 'NONE', *, *, #2479, .T. ) ;
#8735 =( NAMED_UNIT ( * ) PLANE_ANGLE_UNIT ( ) SI_UNIT ( $, .RADIAN. ) );
#8736 = CARTESIAN_POINT ( 'NONE',  ( -0.2274184849215836200, -0.2165226931305119800, 2.025000000000000800 ) ) ;
#8737 = CARTESIAN_POINT ( 'NONE',  ( -0.9942307692307624800, -0.5555396497340959700, 2.025000000000000400 ) ) ;
#8738 = AXIS2_PLACEMENT_3D ( 'NONE', #2333, #8110, #3190 ) ;
#8739 = CARTESIAN_POINT ( 'NONE',  ( 0.05288461538462238500, 0.2300072252659039800, 2.030000000000000200 ) ) ;
#8740 = DIRECTION ( 'NONE',  ( -0.0000000000000000000, -0.0000000000000000000, 1.000000000000000000 ) ) ;
#8741 = VECTOR ( 'NONE', #9933, 999.9999999999998900 ) ;
#8742 = EDGE_CURVE ( 'NONE', #8340, #10172, #2249, .T. ) ;
#8743 = ORIENTED_EDGE ( 'NONE', *, *, #8024, .F. ) ;
#8744 = VECTOR ( 'NONE', #863, 1000.000000000000000 ) ;
#8745 = ORIENTED_EDGE ( 'NONE', *, *, #4173, .T. ) ;
#8746 = PRESENTATION_LAYER_ASSIGNMENT (  '', '', ( #9297 ) ) ;
#8747 = ORIENTED_EDGE ( 'NONE', *, *, #4913, .T. ) ;
#8748 = CARTESIAN_POINT ( 'NONE',  ( 0.7734750812084875100, -0.6624622929342161000, 2.025000000000000800 ) ) ;
#8749 = SURFACE_SIDE_STYLE ('',( #10636 ) ) ;
#8750 = AXIS2_PLACEMENT_3D ( 'NONE', #9021, #4110, #9853 ) ;
#8751 =( GEOMETRIC_REPRESENTATION_CONTEXT ( 3 ) GLOBAL_UNCERTAINTY_ASSIGNED_CONTEXT ( ( #138 ) ) GLOBAL_UNIT_ASSIGNED_CONTEXT ( ( #6756, #1828, #7592 ) ) REPRESENTATION_CONTEXT ( 'NONE', 'WORKASPACE' ) );
#8752 = FACE_OUTER_BOUND ( 'NONE', #9534, .T. ) ;
#8753 = SURFACE_STYLE_USAGE ( .BOTH. , #3003 ) ;
#8754 = B_SPLINE_CURVE_WITH_KNOTS ( 'NONE', 3,
 ( #1605, #8249, #9054, #4156, #9894, #4973, #9, #5806, #843, #6627, #1681 ),
 .UNSPECIFIED., .F., .F.,
 ( 4, 1, 1, 1, 1, 1, 1, 1, 4 ),
 ( 0.0000000000000000000, 0.1335067689985175700, 0.2625589787303695400, 0.3882644471488779800, 0.5126673546814275500, 0.6337222699657599800, 0.7553938601370942000, 0.8775529450912777900, 1.000000000000000000 ),
 .UNSPECIFIED. ) ;
#8755 = SURFACE_STYLE_FILL_AREA ( #6644 ) ;
#8756 =( GEOMETRIC_REPRESENTATION_CONTEXT ( 3 ) GLOBAL_UNCERTAINTY_ASSIGNED_CONTEXT ( ( #8481 ) ) GLOBAL_UNIT_ASSIGNED_CONTEXT ( ( #3231, #8974, #4055 ) ) REPRESENTATION_CONTEXT ( 'NONE', 'WORKASPACE' ) );
#8757 = CARTESIAN_POINT ( 'NONE',  ( -1.650000000000004600, 1.100000000000000100, 0.1000000000000000300 ) ) ;
#8758 = CARTESIAN_POINT ( 'NONE',  ( -1.012126256579944900, -0.3802133279138788000, 2.025000000000000400 ) ) ;
#8759 = PRESENTATION_STYLE_ASSIGNMENT (( #3752 ) ) ;
#8760 = ADVANCED_FACE ( 'NONE', ( #4209 ), #8310, .F. ) ;
#8761 = PRESENTATION_LAYER_ASSIGNMENT (  '', '', ( #9847 ) ) ;
#8762 = ORIENTED_EDGE ( 'NONE', *, *, #2054, .T. ) ;
#8763 = ORIENTED_EDGE ( 'NONE', *, *, #3487, .F. ) ;
#8764 = DIRECTION ( 'NONE',  ( 0.0000000000000000000, -1.000000000000000000, 1.774471640729141400E-016 ) ) ;
#8765 = ORIENTED_EDGE ( 'NONE', *, *, #9048, .T. ) ;
#8766 = CARTESIAN_POINT ( 'NONE',  ( 0.6831958600057126400, -0.7189436459212267300, 2.024999999999999900 ) ) ;
#8767 = CARTESIAN_POINT ( 'NONE',  ( 1.839166559139743300, 0.2597482130602051800, 1.084000000000001200 ) ) ;
#8768 = CARTESIAN_POINT ( 'NONE',  ( 0.6509978208588830300, -0.1734247006375475900, 2.025000000000000400 ) ) ;
#8769 = LINE ( 'NONE', #2590, #2185 ) ;
#8770 = FACE_OUTER_BOUND ( 'NONE', #5463, .T. ) ;
#8771 = CARTESIAN_POINT ( 'NONE',  ( 0.7313501602564177500, -0.6693517490930703800, 2.025000000000000400 ) ) ;
#8772 = SURFACE_STYLE_USAGE ( .BOTH. , #3016 ) ;
#8773 =( NAMED_UNIT ( * ) PLANE_ANGLE_UNIT ( ) SI_UNIT ( $, .RADIAN. ) );
#8774 = EDGE_LOOP ( 'NONE', ( #632, #2540, #10607, #7591, #8745 ) ) ;
#8775 = CARTESIAN_POINT ( 'NONE',  ( -0.3933243080652493200, -0.2160398562112440500, 2.025000000000000800 ) ) ;
#8776 = CARTESIAN_POINT ( 'NONE',  ( -0.1568686876514485100, -0.1856139951074019000, 2.025000000000000800 ) ) ;
#8777 = DIRECTION ( 'NONE',  ( -1.000000000000000000, 0.0000000000000000000, -0.0000000000000000000 ) ) ;
#8778 = EDGE_CURVE ( 'NONE', #7080, #8373, #2011, .T. ) ;
#8779 = SURFACE_SIDE_STYLE ('',( #5074 ) ) ;
#8780 = ORIENTED_EDGE ( 'NONE', *, *, #6015, .T. ) ;
#8781 = EDGE_LOOP ( 'NONE', ( #8929, #5922, #469, #6081 ) ) ;
#8782 = CARTESIAN_POINT ( 'NONE',  ( -1.050751201923070500, -0.4149547138366601100, 2.030000000000000700 ) ) ;
#8783 = CARTESIAN_POINT ( 'NONE',  ( -0.6205128205128133100, 0.4062892765479552700, 2.025000000000000400 ) ) ;
#8784 = CARTESIAN_POINT ( 'NONE',  ( -0.1430112943142451400, -0.2648294488612268900, 2.030000000000001100 ) ) ;
#8785 = VERTEX_POINT ( 'NONE', #6180 ) ;
#8786 = DIRECTION ( 'NONE',  ( -1.000000000000000000, -3.552334763092437500E-015, -0.0000000000000000000 ) ) ;
#8787 = EDGE_CURVE ( 'NONE', #7958, #5115, #8572, .T. ) ;
#8788 = EDGE_CURVE ( 'NONE', #8373, #597, #10508, .T. ) ;
#8789 = PRESENTATION_LAYER_ASSIGNMENT (  '', '', ( #7688 ) ) ;
#8790 = UNCERTAINTY_MEASURE_WITH_UNIT (LENGTH_MEASURE( 1.000000000000000100E-005 ), #4421, 'distance_accuracy_value', 'NONE');
#8791 = CARTESIAN_POINT ( 'NONE',  ( -0.1550752923696746000, -0.6180460272980083900, 2.030000000000000700 ) ) ;
#8792 = CARTESIAN_POINT ( 'NONE',  ( 0.5641025641025715400, -0.6055596817853780000, 2.025000000000000400 ) ) ;
#8793 = FILL_AREA_STYLE ('',( #7966 ) ) ;
#8794 = CARTESIAN_POINT ( 'NONE',  ( 0.7348758012820586500, -0.1475568772981984700, 2.029999999999998500 ) ) ;
#8795 = EDGE_LOOP ( 'NONE', ( #3138, #8890, #4969, #2499, #8780 ) ) ;
#8796 = CIRCLE ( 'NONE', #5848, 0.1000000000000000600 ) ;
#8797 = DIRECTION ( 'NONE',  ( 0.0000000000000000000, -0.0000000000000000000, -1.000000000000000000 ) ) ;
#8798 =( NAMED_UNIT ( * ) PLANE_ANGLE_UNIT ( ) SI_UNIT ( $, .RADIAN. ) );
#8799 = MECHANICAL_DESIGN_GEOMETRIC_PRESENTATION_REPRESENTATION (  '', ( #7696 ), #9347 ) ;
#8800 = FILL_AREA_STYLE_COLOUR ( '', #8445 ) ;
#8801 = CARTESIAN_POINT ( 'NONE',  ( -1.117810729785262900, -0.1637028013137657400, 2.029999999999999400 ) ) ;
#8802 = CARTESIAN_POINT ( 'NONE',  ( 0.6070030469683126400, -0.3194554057894917800, 2.029999999999999800 ) ) ;
#8803 = COLOUR_RGB ( '',0.7294117647058823200, 0.3568627450980392200, 0.02352941176470588200 ) ;
#8804 = FACE_OUTER_BOUND ( 'NONE', #7197, .T. ) ;
#8805 = VERTEX_POINT ( 'NONE', #6212 ) ;
#8806 = CARTESIAN_POINT ( 'NONE',  ( -0.5395379401696757100, -0.3460338111021330500, 2.025000000000000400 ) ) ;
#8807 = ORIENTED_EDGE ( 'NONE', *, *, #7951, .T. ) ;
#8808 = SURFACE_STYLE_USAGE ( .BOTH. , #3054 ) ;
#8809 = AXIS2_PLACEMENT_3D ( 'NONE', #2580, #8339, #3417 ) ;
#8810 = CARTESIAN_POINT ( 'NONE',  ( 1.850000000000001200, -0.3934999999997634800, 1.170000000000000400 ) ) ;
#8811 = AXIS2_PLACEMENT_3D ( 'NONE', #529, #6316, #1373 ) ;
#8812 = UNCERTAINTY_MEASURE_WITH_UNIT (LENGTH_MEASURE( 1.000000000000000100E-005 ), #1005, 'distance_accuracy_value', 'NONE');
#8813 = SURFACE_STYLE_FILL_AREA ( #7200 ) ;
#8814 = MECHANICAL_DESIGN_GEOMETRIC_PRESENTATION_REPRESENTATION (  '', ( #7145 ), #9358 ) ;
#8815 = PRESENTATION_LAYER_ASSIGNMENT (  '', '', ( #7710 ) ) ;
#8816 = SURFACE_STYLE_FILL_AREA ( #2226 ) ;
#8817 = SURFACE_STYLE_FILL_AREA ( #862 ) ;
#8818 = CARTESIAN_POINT ( 'NONE',  ( -0.9706868258709783200, -0.4702004967219094400, 2.025000000000000400 ) ) ;
#8819 = DIRECTION ( 'NONE',  ( 3.552334763092437500E-015, -1.000000000000000000, -0.0000000000000000000 ) ) ;
#8820 = CARTESIAN_POINT ( 'NONE',  ( 0.8289057923939405800, -0.2643243859339181000, 2.029999999999999800 ) ) ;
#8821 = EDGE_CURVE ( 'NONE', #2692, #9382, #399, .T. ) ;
#8822 = VERTEX_POINT ( 'NONE', #10363 ) ;
#8823 = CARTESIAN_POINT ( 'NONE',  ( -0.2550433882045030100, -0.2093093282119085400, 2.025000000000000400 ) ) ;
#8824 = SURFACE_STYLE_FILL_AREA ( #1881 ) ;
#8825 = CARTESIAN_POINT ( 'NONE',  ( 0.6711427778007076400, -0.2236988037288054900, 2.025000000000000800 ) ) ;
#8826 =( LENGTH_UNIT ( ) NAMED_UNIT ( * ) SI_UNIT ( .MILLI., .METRE. ) );
#8827 = EDGE_LOOP ( 'NONE', ( #10065, #4740, #9985, #10044 ) ) ;
#8828 = CARTESIAN_POINT ( 'NONE',  ( 1.311538461538469500, -0.4437107234520447100, 2.025000000000000400 ) ) ;
#8829 = CARTESIAN_POINT ( 'NONE',  ( -0.9959708323087680400, -0.3500330995683358900, 2.029999999999999400 ) ) ;
#8830 = ORIENTED_EDGE ( 'NONE', *, *, #778, .T. ) ;
#8831 = STYLED_ITEM ( 'NONE', ( #1248 ), #9365 ) ;
#8832 = FILL_AREA_STYLE_COLOUR ( '', #473 ) ;
#8833 = LINE ( 'NONE', #7801, #4716 ) ;
#8834 = CIRCLE ( 'NONE', #4490, 0.1000000000000000500 ) ;
#8835 = VECTOR ( 'NONE', #8912, 1000.000000000000000 ) ;
#8836 = CARTESIAN_POINT ( 'NONE',  ( 0.7361723811939381300, -0.6692174434125792700, 2.025000000000000800 ) ) ;
#8837 = CARTESIAN_POINT ( 'NONE',  ( -1.030751375262505500, -0.1968675364133498100, 2.025000000000000400 ) ) ;
#8838 = ORIENTED_EDGE ( 'NONE', *, *, #5236, .F. ) ;
#8839 = CARTESIAN_POINT ( 'NONE',  ( -0.3623208984604377500, -0.2081673224210943400, 2.030000000000000200 ) ) ;
#8840 = SURFACE_SIDE_STYLE ('',( #1382 ) ) ;
#8841 = DIRECTION ( 'NONE',  ( -0.0000000000000000000, -0.0000000000000000000, 1.000000000000000000 ) ) ;
#8842 = PRESENTATION_STYLE_ASSIGNMENT (( #9556 ) ) ;
#8843 =( NAMED_UNIT ( * ) PLANE_ANGLE_UNIT ( ) SI_UNIT ( $, .RADIAN. ) );
#8844 = EDGE_LOOP ( 'NONE', ( #2079, #1114, #8576, #6436, #3468, #6270, #7769, #10596, #10688, #5191, #2974, #2361 ) ) ;
#8845 = SURFACE_STYLE_FILL_AREA ( #5284 ) ;
#8846 = EDGE_CURVE ( 'NONE', #9382, #8877, #9200, .T. ) ;
#8847 = CARTESIAN_POINT ( 'NONE',  ( -0.9450294753866787000, -0.5502811995004204300, 2.030000000000000200 ) ) ;
#8848 = EDGE_CURVE ( 'NONE', #8865, #203, #7290, .T. ) ;
#8849 = DIRECTION ( 'NONE',  ( -1.000000000000000000, 0.0000000000000000000, 0.0000000000000000000 ) ) ;
#8850 = SURFACE_STYLE_FILL_AREA ( #7254 ) ;
#8851 = FILL_AREA_STYLE_COLOUR ( '', #7573 ) ;
#8852 = ORIENTED_EDGE ( 'NONE', *, *, #9945, .F. ) ;
#8853 = FILL_AREA_STYLE_COLOUR ( '', #6967 ) ;
#8854 = PRODUCT_DEFINITION_CONTEXT ( 'detailed design', #958, 'design' ) ;
#8855 =( NAMED_UNIT ( * ) SI_UNIT ( $, .STERADIAN. ) SOLID_ANGLE_UNIT ( ) );
#8856 = PRESENTATION_LAYER_ASSIGNMENT (  '', '', ( #8302 ) ) ;
#8857 = DIRECTION ( 'NONE',  ( 0.0000000000000000000, -1.000000000000000000, 0.0000000000000000000 ) ) ;
#8858 = CARTESIAN_POINT ( 'NONE',  ( -0.4900641025640953800, 0.7800072252659040500, 2.025000000000000400 ) ) ;
#8859 =( NAMED_UNIT ( * ) PLANE_ANGLE_UNIT ( ) SI_UNIT ( $, .RADIAN. ) );
#8860 = COLOUR_RGB ( '',0.7294117647058823200, 0.3568627450980392200, 0.02352941176470588200 ) ;
#8861 = COLOUR_RGB ( '',1.000000000000000000, 0.7176470588235294200, 0.2470588235294117800 ) ;
#8862 = FILL_AREA_STYLE ('',( #7201 ) ) ;
#8863 = CARTESIAN_POINT ( 'NONE',  ( -1.750000000000005300, -0.3750000000000003300, 0.5590000000000002700 ) ) ;
#8864 = EDGE_CURVE ( 'NONE', #597, #876, #10252, .T. ) ;
#8865 = VERTEX_POINT ( 'NONE', #1411 ) ;
#8866 = COLOUR_RGB ( '',0.6862745098039215700, 0.6078431372549019100, 0.5294117647058823600 ) ;
#8867 = CARTESIAN_POINT ( 'NONE',  ( 0.8091953729739983500, -0.6417971280463795600, 2.030000000000000200 ) ) ;
#8868 = CARTESIAN_POINT ( 'NONE',  ( -0.9873882307750868600, -0.2914636076646174900, 2.029999999999998900 ) ) ;
#8869 = COLOUR_RGB ( '',0.7294117647058823200, 0.3568627450980392200, 0.02352941176470588200 ) ;
#8870 = SURFACE_STYLE_FILL_AREA ( #7109 ) ;
#8871 = CARTESIAN_POINT ( 'NONE',  ( -0.5259069581667897800, -0.3189089327763148200, 2.030000000000000200 ) ) ;
#8872 = SURFACE_SIDE_STYLE ('',( #586 ) ) ;
#8873 =( GEOMETRIC_REPRESENTATION_CONTEXT ( 3 ) GLOBAL_UNCERTAINTY_ASSIGNED_CONTEXT ( ( #1787 ) ) GLOBAL_UNIT_ASSIGNED_CONTEXT ( ( #6239, #1300, #7060 ) ) REPRESENTATION_CONTEXT ( 'NONE', 'WORKASPACE' ) );
#8874 = PRESENTATION_STYLE_ASSIGNMENT (( #10468 ) ) ;
#8875 = ORIENTED_EDGE ( 'NONE', *, *, #3296, .T. ) ;
#8876 = CARTESIAN_POINT ( 'NONE',  ( 0.7914590759129808100, -0.1584861246392177700, 2.025000000000000400 ) ) ;
#8877 = VERTEX_POINT ( 'NONE', #3156 ) ;
#8878 = ORIENTED_EDGE ( 'NONE', *, *, #9187, .F. ) ;
#8879 = EDGE_LOOP ( 'NONE', ( #8553, #9905, #7393, #944 ) ) ;
#8880 = EDGE_CURVE ( 'NONE', #8822, #865, #3941, .T. ) ;
#8881 = VECTOR ( 'NONE', #9282, 1000.000000000000000 ) ;
#8882 = UNCERTAINTY_MEASURE_WITH_UNIT (LENGTH_MEASURE( 1.000000000000000100E-005 ), #4099, 'distance_accuracy_value', 'NONE');
#8883 =( NAMED_UNIT ( * ) PLANE_ANGLE_UNIT ( ) SI_UNIT ( $, .RADIAN. ) );
#8884 = CARTESIAN_POINT ( 'NONE',  ( 0.7685459342035158000, -0.2114158831479109900, 2.024999999999999900 ) ) ;
#8885 = VERTEX_POINT ( 'NONE', #4810 ) ;
#8886 = ORIENTED_EDGE ( 'NONE', *, *, #7924, .T. ) ;
#8887 = CARTESIAN_POINT ( 'NONE',  ( 1.311538461538469500, -0.2180696978110190400, 2.025000000000000400 ) ) ;
#8888 = STYLED_ITEM ( 'NONE', ( #3609 ), #4359 ) ;
#8889 = MECHANICAL_DESIGN_GEOMETRIC_PRESENTATION_REPRESENTATION (  '', ( #7230 ), #9445 ) ;
#8890 = ORIENTED_EDGE ( 'NONE', *, *, #8298, .F. ) ;
#8891 = DIRECTION ( 'NONE',  ( 1.000000000000000000, 0.0000000000000000000, -1.258448950206388900E-016 ) ) ;
#8892 =( NAMED_UNIT ( * ) SI_UNIT ( $, .STERADIAN. ) SOLID_ANGLE_UNIT ( ) );
#8893 = FILL_AREA_STYLE_COLOUR ( '', #8484 ) ;
#8894 = AXIS2_PLACEMENT_3D ( 'NONE', #181, #6788, #10107 ) ;
#8895 = DIRECTION ( 'NONE',  ( -0.0000000000000000000, -0.0000000000000000000, 1.000000000000000000 ) ) ;
#8896 = CARTESIAN_POINT ( 'NONE',  ( -1.186708733974352100, -0.3943517490930703000, 2.030000000000000200 ) ) ;
#8897 = CARTESIAN_POINT ( 'NONE',  ( -0.3971854967948645900, 0.4626995329582116500, 2.030000000000000200 ) ) ;
#8898 = PRESENTATION_STYLE_ASSIGNMENT (( #4319 ) ) ;
#8899 = CARTESIAN_POINT ( 'NONE',  ( 0.2638721955128276500, -0.2688609638366600800, 2.025000000000000400 ) ) ;
#8900 = VERTEX_POINT ( 'NONE', #6455 ) ;
#8901 = CARTESIAN_POINT ( 'NONE',  ( -0.6056850515860152700, -0.4041074698050250400, 2.030000000000000700 ) ) ;
#8902 = CARTESIAN_POINT ( 'NONE',  ( 0.8391025641025715600, -0.5761426144776857800, 2.025000000000000400 ) ) ;
#8903 = DIRECTION ( 'NONE',  ( 0.0000000000000000000, 1.000000000000000000, 0.0000000000000000000 ) ) ;
#8905 = VECTOR ( 'NONE', #325, 1000.000000000000100 ) ;
#8904 = CARTESIAN_POINT ( 'NONE',  ( -0.4293732025005057600, -0.6436891140746294800, 2.030000000000000700 ) ) ;
#8906 = CARTESIAN_POINT ( 'NONE',  ( -1.654929309816589400, -1.419929309816589500, 2.025000000000000400 ) ) ;
#8907 = CARTESIAN_POINT ( 'NONE',  ( -0.1434003154866483900, -0.6792106030072829800, 2.030000000000001100 ) ) ;
#8908 = EDGE_LOOP ( 'NONE', ( #167, #6632, #10327, #4998 ) ) ;
#8909 = LINE ( 'NONE', #8246, #6723 ) ;
#8910 =( NAMED_UNIT ( * ) PLANE_ANGLE_UNIT ( ) SI_UNIT ( $, .RADIAN. ) );
#8911 = CARTESIAN_POINT ( 'NONE',  ( -0.4077854463283254700, -0.6531453342414788000, 2.024999999999999900 ) ) ;
#8912 = DIRECTION ( 'NONE',  ( 0.0000000000000000000, 0.0000000000000000000, 1.000000000000000000 ) ) ;
#8913 = AXIS2_PLACEMENT_3D ( 'NONE', #4702, #10461, #5524 ) ;
#8914 = B_SPLINE_CURVE_WITH_KNOTS ( 'NONE', 3,
 ( #8404, #4313, #10066, #5144, #171, #5962, #1014, #6781, #1853, #7618, #2687, #8437, #3523, #9267, #4349, #10096, #5185, #207, #5999 ),
 .UNSPECIFIED., .F., .F.,
 ( 4, 1, 1, 1, 1, 1, 1, 1, 1, 1, 1, 1, 1, 1, 1, 1, 4 ),
 ( 0.0000000000000000000, 0.06116027663651735200, 0.1203345577262021200, 0.1781802550631251300, 0.2352351259863639000, 0.2926829614441806000, 0.3511862482150794900, 0.4104566095096939300, 0.4717198544629959100, 0.5337612027725885400, 0.5957390238870945400, 0.6578875151248850800, 0.7212951802914615600, 0.7868225145418894500, 0.8546861538286844000, 0.9254779862699964400, 1.000000000000000000 ),
 .UNSPECIFIED. ) ;
#8915 = VERTEX_POINT ( 'NONE', #1502 ) ;
#8916 = VERTEX_POINT ( 'NONE', #5627 ) ;
#8917 = DIRECTION ( 'NONE',  ( -1.000000000000000000, 0.0000000000000000000, -0.0000000000000000000 ) ) ;
#8918 = ORIENTED_EDGE ( 'NONE', *, *, #5290, .T. ) ;
#8919 = LINE ( 'NONE', #4441, #143 ) ;
#8920 =( NAMED_UNIT ( * ) SI_UNIT ( $, .STERADIAN. ) SOLID_ANGLE_UNIT ( ) );
#8921 = EDGE_CURVE ( 'NONE', #6124, #2064, #5871, .T. ) ;
#8922 =( NAMED_UNIT ( * ) SI_UNIT ( $, .STERADIAN. ) SOLID_ANGLE_UNIT ( ) );
#8923 = CARTESIAN_POINT ( 'NONE',  ( -0.6064102564102494800, -0.4334643292212754800, 2.025000000000000400 ) ) ;
#8924 = CARTESIAN_POINT ( 'NONE',  ( -1.114615047016032800, -0.3884043337001298900, 2.024999999999999500 ) ) ;
#8925 = CARTESIAN_POINT ( 'NONE',  ( 0.8091953729739983500, -0.6417971280463795600, 2.030000000000000200 ) ) ;
#8926 = CARTESIAN_POINT ( 'NONE',  ( -0.5366686698717879600, -0.6295781112725574700, 2.025000000000000400 ) ) ;
#8927 = DIRECTION ( 'NONE',  ( 0.0000000000000000000, 0.0000000000000000000, 1.000000000000000000 ) ) ;
#8928 = VECTOR ( 'NONE', #5684, 1000.000000000000000 ) ;
#8929 = ORIENTED_EDGE ( 'NONE', *, *, #10438, .F. ) ;
#8930 = CARTESIAN_POINT ( 'NONE',  ( -0.5222959128947335400, -0.2297367060851041300, 2.024999999999999900 ) ) ;
#8931 = PRESENTATION_STYLE_ASSIGNMENT (( #4282 ) ) ;
#8932 = VECTOR ( 'NONE', #1379, 1000.000000000000000 ) ;
#8933 = CARTESIAN_POINT ( 'NONE',  ( -1.181861066131053100, -0.3942889040491925300, 2.030000000000000200 ) ) ;
#8934 = FILL_AREA_STYLE_COLOUR ( '', #5043 ) ;
#8935 = DIRECTION ( 'NONE',  ( -0.0000000000000000000, -0.0000000000000000000, 1.000000000000000000 ) ) ;
#8936 = ORIENTED_EDGE ( 'NONE', *, *, #7221, .F. ) ;
#8937 = B_SPLINE_CURVE_WITH_KNOTS ( 'NONE', 3,
 ( #183, #5159, #4293, #5972, #1025, #6792, #1865, #7629, #2699, #8449, #3534 ),
 .UNSPECIFIED., .F., .F.,
 ( 4, 1, 1, 1, 1, 1, 1, 1, 4 ),
 ( 0.0000000000000000000, 0.05259428152913663700, 0.1249519739750393800, 0.2180938989285943500, 0.3335024107325187900, 0.4687891785044469600, 0.6249375859645975900, 0.8016830479282270900, 1.000000000000000000 ),
 .UNSPECIFIED. ) ;
#8938 = EDGE_CURVE ( 'NONE', #7516, #8568, #9983, .T. ) ;
#8939 = CARTESIAN_POINT ( 'NONE',  ( 0.8708301689215914900, -0.6462244666472645200, 2.024999999999998600 ) ) ;
#8940 = DIRECTION ( 'NONE',  ( 0.08682659386424405900, -0.08682659386424423900, 0.9924325091389677400 ) ) ;
#8941 = VECTOR ( 'NONE', #6068, 1000.000000000000000 ) ;
#8942 = COLOUR_RGB ( '',0.6862745098039215700, 0.6078431372549019100, 0.5294117647058823600 ) ;
#8943 = PLANE ( 'NONE',  #10418 ) ;
#8944 = STYLED_ITEM ( 'NONE', ( #4767 ), #3608 ) ;
#8945 = MECHANICAL_DESIGN_GEOMETRIC_PRESENTATION_REPRESENTATION (  '', ( #7289 ), #9508 ) ;
#8946 = EDGE_LOOP ( 'NONE', ( #4048, #10190, #8443, #6002 ) ) ;
#8947 = COLOUR_RGB ( '',0.6862745098039215700, 0.6078431372549019100, 0.5294117647058823600 ) ;
#8948 = CARTESIAN_POINT ( 'NONE',  ( -1.043269441736850200, -0.2651567121695329600, 2.025000000000000800 ) ) ;
#8949 = DIRECTION ( 'NONE',  ( -0.0000000000000000000, -0.0000000000000000000, 1.000000000000000000 ) ) ;
#8950 = SURFACE_STYLE_FILL_AREA ( #9907 ) ;
#8951 =( GEOMETRIC_REPRESENTATION_CONTEXT ( 3 ) GLOBAL_UNCERTAINTY_ASSIGNED_CONTEXT ( ( #7763 ) ) GLOBAL_UNIT_ASSIGNED_CONTEXT ( ( #470, #6258, #1314 ) ) REPRESENTATION_CONTEXT ( 'NONE', 'WORKASPACE' ) );
#8952 = FACE_OUTER_BOUND ( 'NONE', #1754, .T. ) ;
#8953 = ORIENTED_EDGE ( 'NONE', *, *, #4418, .T. ) ;
#8954 = DIRECTION ( 'NONE',  ( 0.0000000000000000000, -1.000000000000000000, 0.0000000000000000000 ) ) ;
#8955 = EDGE_LOOP ( 'NONE', ( #7722, #10215, #3983, #3152 ) ) ;
#8956 = DIRECTION ( 'NONE',  ( -1.000000000000000000, -3.571489509364014900E-015, -0.0000000000000000000 ) ) ;
#8957 = CARTESIAN_POINT ( 'NONE',  ( 0.6514927322501842300, -0.3813855640058399500, 2.025000000000000800 ) ) ;
#8958 = CARTESIAN_POINT ( 'NONE',  ( -0.3997760854170241400, -0.1585975535529898000, 2.025000000000000800 ) ) ;
#8959 = CARTESIAN_POINT ( 'NONE',  ( -1.052940270211010400, -0.3502944851172276100, 2.030000000000000700 ) ) ;
#8960 = CARTESIAN_POINT ( 'NONE',  ( 1.001282051282059000, -0.7116594414007626500, 2.025000000000000400 ) ) ;
#8961 = PRESENTATION_LAYER_ASSIGNMENT (  '', '', ( #9523 ) ) ;
#8962 = ORIENTED_EDGE ( 'NONE', *, *, #5887, .F. ) ;
#8963 = SURFACE_STYLE_USAGE ( .BOTH. , #3215 ) ;
#8964 = CARTESIAN_POINT ( 'NONE',  ( -0.5674694247670147900, -0.5870892157522645800, 2.025000000000000400 ) ) ;
#8965 = CARTESIAN_POINT ( 'NONE',  ( -0.3711629845544558400, -0.1522563385020266100, 2.030000000000000200 ) ) ;
#8966 = CARTESIAN_POINT ( 'NONE',  ( -0.4090402426238310400, -0.7123297982602889700, 2.025000000000000400 ) ) ;
#8967 = EDGE_CURVE ( 'NONE', #184, #4657, #5600, .T. ) ;
#8968 = VECTOR ( 'NONE', #9080, 1000.000000000000000 ) ;
#8969 = CARTESIAN_POINT ( 'NONE',  ( -1.084646161297982300, -0.3780124660003024200, 2.029999999999999800 ) ) ;
#8970 = SURFACE_STYLE_FILL_AREA ( #3319 ) ;
#8971 = ORIENTED_EDGE ( 'NONE', *, *, #5609, .T. ) ;
#8972 = CARTESIAN_POINT ( 'NONE',  ( 1.710000000000000000, 1.100000000000000100, 1.170000000000008100 ) ) ;
#8973 = SURFACE_STYLE_USAGE ( .BOTH. , #3229 ) ;
#8974 =( NAMED_UNIT ( * ) PLANE_ANGLE_UNIT ( ) SI_UNIT ( $, .RADIAN. ) );
#8975 = PRESENTATION_STYLE_ASSIGNMENT (( #1456 ) ) ;
#8976 = LINE ( 'NONE', #6897, #8731 ) ;
#8977 = SURFACE_STYLE_FILL_AREA ( #10068 ) ;
#8978 = ORIENTED_EDGE ( 'NONE', *, *, #6035, .T. ) ;
#8979 = CARTESIAN_POINT ( 'NONE',  ( -1.700000000000005100, 0.4749999999999998100, 1.070000000000000100 ) ) ;
#8980 = EDGE_CURVE ( 'NONE', #7392, #9500, #3426, .T. ) ;
#8981 = CARTESIAN_POINT ( 'NONE',  ( -1.152884615384608600, -0.2180696978110190400, 2.025000000000000400 ) ) ;
#8982 = CARTESIAN_POINT ( 'NONE',  ( 1.699999999999999100, 0.2597482130602046800, 1.084000000000001200 ) ) ;
#8983 = PRESENTATION_LAYER_ASSIGNMENT (  '', '', ( #7897 ) ) ;
#8984 = CARTESIAN_POINT ( 'NONE',  ( 0.2397435897435968600, 0.7800072252659040500, 2.030000000000000200 ) ) ;
#8985 = VECTOR ( 'NONE', #7408, 1000.000000000000000 ) ;
#8986 = CARTESIAN_POINT ( 'NONE',  ( 0.7348758012820586500, -0.1475568772981984700, 2.025000000000000400 ) ) ;
#8987 = EDGE_LOOP ( 'NONE', ( #7863, #7269, #5227, #6713 ) ) ;
#8988 = CARTESIAN_POINT ( 'NONE',  ( 1.700000000000005100, -1.464999999999994100, 1.070000000000000100 ) ) ;
#8989 = VECTOR ( 'NONE', #2485, 1000.000000000000000 ) ;
#8990 = FILL_AREA_STYLE ('',( #8893 ) ) ;
#8991 = ORIENTED_EDGE ( 'NONE', *, *, #7221, .T. ) ;
#8992 = MECHANICAL_DESIGN_GEOMETRIC_PRESENTATION_REPRESENTATION (  '', ( #7335 ), #9554 ) ;
#8993 = AXIS2_PLACEMENT_3D ( 'NONE', #4910, #10656, #9028 ) ;
#8994 = ORIENTED_EDGE ( 'NONE', *, *, #8710, .F. ) ;
#8995 = CARTESIAN_POINT ( 'NONE',  ( -1.219871794871788100, -0.2180696978110190400, 2.030000000000000200 ) ) ;
#8996 = CARTESIAN_POINT ( 'NONE',  ( 0.05993589743590453700, 0.2300072252659039800, 2.030000000000000200 ) ) ;
#8997 = DIRECTION ( 'NONE',  ( -0.0000000000000000000, -0.0000000000000000000, 1.000000000000000000 ) ) ;
#8998 = CARTESIAN_POINT ( 'NONE',  ( 0.05641025641026350300, 0.3465737316761604000, 2.025000000000000400 ) ) ;
#8999 = CARTESIAN_POINT ( 'NONE',  ( -0.6062097429425689100, -0.4428767375831035900, 2.029999999999999800 ) ) ;
#9000 = FACE_OUTER_BOUND ( 'NONE', #90, .T. ) ;
#9001 = FACE_OUTER_BOUND ( 'NONE', #2201, .T. ) ;
#9002 = FILL_AREA_STYLE_COLOUR ( '', #5484 ) ;
#9003 = VERTEX_POINT ( 'NONE', #8147 ) ;
#9004 = EDGE_LOOP ( 'NONE', ( #8545, #6987, #9272 ) ) ;
#9005 = ORIENTED_EDGE ( 'NONE', *, *, #666, .T. ) ;
#9006 = VECTOR ( 'NONE', #220, 1000.000000000000000 ) ;
#9007 =( GEOMETRIC_REPRESENTATION_CONTEXT ( 3 ) GLOBAL_UNCERTAINTY_ASSIGNED_CONTEXT ( ( #8013 ) ) GLOBAL_UNIT_ASSIGNED_CONTEXT ( ( #8826, #3900, #9644 ) ) REPRESENTATION_CONTEXT ( 'NONE', 'WORKASPACE' ) );
#9008 = CARTESIAN_POINT ( 'NONE',  ( -0.9448717948717880700, -0.5555396497340959700, 2.030000000000000200 ) ) ;
#9009 = CARTESIAN_POINT ( 'NONE',  ( 0.6612017048941403200, -0.3172001555877935200, 2.029999999999999400 ) ) ;
#9010 = SURFACE_STYLE_FILL_AREA ( #6928 ) ;
#9011 = CARTESIAN_POINT ( 'NONE',  ( 0.7544871794871871300, 0.7800072252659041600, 2.025000000000000400 ) ) ;
#9012 = EDGE_CURVE ( 'NONE', #2628, #6542, #5404, .T. ) ;
#9013 = DIRECTION ( 'NONE',  ( -0.0000000000000000000, -0.0000000000000000000, 1.000000000000000000 ) ) ;
#9014 = ORIENTED_EDGE ( 'NONE', *, *, #6168, .F. ) ;
#9015 = SURFACE_STYLE_USAGE ( .BOTH. , #3265 ) ;
#9016 = CARTESIAN_POINT ( 'NONE',  ( -1.850000000000005200, 1.100000000000000100, 1.030000000000000000 ) ) ;
#9017 =( NAMED_UNIT ( * ) SI_UNIT ( $, .STERADIAN. ) SOLID_ANGLE_UNIT ( ) );
#9018 = FILL_AREA_STYLE_COLOUR ( '', #5809 ) ;
#9019 =( GEOMETRIC_REPRESENTATION_CONTEXT ( 3 ) GLOBAL_UNCERTAINTY_ASSIGNED_CONTEXT ( ( #2189 ) ) GLOBAL_UNIT_ASSIGNED_CONTEXT ( ( #9980, #5066, #100 ) ) REPRESENTATION_CONTEXT ( 'NONE', 'WORKASPACE' ) );
#9020 = CARTESIAN_POINT ( 'NONE',  ( -1.700000000000005100, 1.100000000000000100, 1.070000000000000100 ) ) ;
#9021 = CARTESIAN_POINT ( 'NONE',  ( 1.700000000000005100, -1.464999999999994100, 2.030000000000000200 ) ) ;
#9022 = ORIENTED_EDGE ( 'NONE', *, *, #6126, .F. ) ;
#9023 = ORIENTED_EDGE ( 'NONE', *, *, #8531, .F. ) ;
#9024 =( GEOMETRIC_REPRESENTATION_CONTEXT ( 3 ) GLOBAL_UNCERTAINTY_ASSIGNED_CONTEXT ( ( #2684 ) ) GLOBAL_UNIT_ASSIGNED_CONTEXT ( ( #3660, #9412, #4488 ) ) REPRESENTATION_CONTEXT ( 'NONE', 'WORKASPACE' ) );
#9025 = CARTESIAN_POINT ( 'NONE',  ( 0.7428419495746981800, -0.2044852325770312700, 2.024999999999999900 ) ) ;
#9026 =( NAMED_UNIT ( * ) PLANE_ANGLE_UNIT ( ) SI_UNIT ( $, .RADIAN. ) );
#9027 = COLOUR_RGB ( '',0.7294117647058823200, 0.3568627450980392200, 0.02352941176470588200 ) ;
#9028 = DIRECTION ( 'NONE',  ( -1.000000000000000000, 0.0000000000000000000, 0.0000000000000000000 ) ) ;
#9029 = DIRECTION ( 'NONE',  ( -1.000000000000000000, -3.552334763092437500E-015, -0.0000000000000000000 ) ) ;
#9030 = FILL_AREA_STYLE_COLOUR ( '', #1736 ) ;
#9031 = CARTESIAN_POINT ( 'NONE',  ( 0.7196177253785313000, -0.3713991704941948000, 2.030000000000000700 ) ) ;
#9032 = EDGE_LOOP ( 'NONE', ( #925, #9385, #6207, #4270 ) ) ;
#9033 = SURFACE_SIDE_STYLE ('',( #3030 ) ) ;
#9034 =( NAMED_UNIT ( * ) SI_UNIT ( $, .STERADIAN. ) SOLID_ANGLE_UNIT ( ) );
#9035 = EDGE_CURVE ( 'NONE', #3059, #3739, #7538, .T. ) ;
#9036 = CARTESIAN_POINT ( 'NONE',  ( 0.8340945013624164700, -0.2710088742977205800, 2.030000000000000200 ) ) ;
#9037 = EDGE_CURVE ( 'NONE', #8276, #108, #6131, .T. ) ;
#9038 = UNCERTAINTY_MEASURE_WITH_UNIT (LENGTH_MEASURE( 1.000000000000000100E-005 ), #2721, 'distance_accuracy_value', 'NONE');
#9039 = CARTESIAN_POINT ( 'NONE',  ( 0.6538818236023171700, -0.2462487798053824600, 2.030000000000000700 ) ) ;
#9040 = DIRECTION ( 'NONE',  ( 0.0000000000000000000, -0.05233595624294395300, -0.9986295347545739400 ) ) ;
#9041 = ORIENTED_EDGE ( 'NONE', *, *, #7360, .T. ) ;
#9042 = ORIENTED_EDGE ( 'NONE', *, *, #10165, .F. ) ;
#9043 = DIRECTION ( 'NONE',  ( 0.9080590238365493500, 0.4188422247446085300, 0.0000000000000000000 ) ) ;
#9044 = CARTESIAN_POINT ( 'NONE',  ( -1.700000000000005300, 0.4749999999999997600, 0.5590000000000008300 ) ) ;
#9045 = CARTESIAN_POINT ( 'NONE',  ( 0.3525641025641101900, 0.7800072252659041600, 2.025000000000000400 ) ) ;
#9046 =( GEOMETRIC_REPRESENTATION_CONTEXT ( 3 ) GLOBAL_UNCERTAINTY_ASSIGNED_CONTEXT ( ( #2728 ) ) GLOBAL_UNIT_ASSIGNED_CONTEXT ( ( #5532, #558, #6347 ) ) REPRESENTATION_CONTEXT ( 'NONE', 'WORKASPACE' ) );
#9047 = FACE_BOUND ( 'NONE', #496, .T. ) ;
#9048 = EDGE_CURVE ( 'NONE', #2451, #6992, #1219, .T. ) ;
#9049 = CARTESIAN_POINT ( 'NONE',  ( 0.7348758012820586500, -0.1475568772981984700, 2.030000000000000200 ) ) ;
#9050 = SURFACE_STYLE_USAGE ( .BOTH. , #3307 ) ;
#9051 = FACE_OUTER_BOUND ( 'NONE', #4318, .T. ) ;
#9052 = CARTESIAN_POINT ( 'NONE',  ( -0.3711838942307619800, 0.4062892765479552700, 2.025000000000000400 ) ) ;
#9053 = DIRECTION ( 'NONE',  ( 0.0000000000000000000, 0.0000000000000000000, 1.000000000000000000 ) ) ;
#9054 = CARTESIAN_POINT ( 'NONE',  ( 0.6228850827454107700, -0.3500423181488739300, 2.029999999999999800 ) ) ;
#9055 =( GEOMETRIC_REPRESENTATION_CONTEXT ( 3 ) GLOBAL_UNCERTAINTY_ASSIGNED_CONTEXT ( ( #6359 ) ) GLOBAL_UNIT_ASSIGNED_CONTEXT ( ( #3525, #9273, #4352 ) ) REPRESENTATION_CONTEXT ( 'NONE', 'WORKASPACE' ) );
#9056 = CARTESIAN_POINT ( 'NONE',  ( -0.2551294851838626900, -0.1516828563808906000, 2.030000000000000200 ) ) ;
#9057 = SURFACE_SIDE_STYLE ('',( #9757 ) ) ;
#9058 = EDGE_LOOP ( 'NONE', ( #5879, #9721, #1285, #8743 ) ) ;
#9059 = SURFACE_SIDE_STYLE ('',( #8970 ) ) ;
#9060 = B_SPLINE_CURVE_WITH_KNOTS ( 'NONE', 3,
 ( #4461, #10216, #6938, #2006, #7760, #2834, #8589, #3670, #9422, #4498, #10248 ),
 .UNSPECIFIED., .F., .F.,
 ( 4, 1, 1, 1, 1, 1, 1, 1, 4 ),
 ( 0.0000000000000000000, 0.1590042985173776600, 0.3046460998968138500, 0.4385469045795917200, 0.5623222987759274300, 0.6774325425257306000, 0.7868973929387541600, 0.8936108891042670000, 1.000000000000000000 ),
 .UNSPECIFIED. ) ;
#9061 = VECTOR ( 'NONE', #162, 1000.000000000000000 ) ;
#9062 = MECHANICAL_DESIGN_GEOMETRIC_PRESENTATION_REPRESENTATION (  '', ( #7414 ), #9618 ) ;
#9063 = CARTESIAN_POINT ( 'NONE',  ( 1.311538461538469500, -0.2180696978110190400, 2.030000000000000200 ) ) ;
#9064 = ORIENTED_EDGE ( 'NONE', *, *, #2231, .F. ) ;
#9065 = EDGE_CURVE ( 'NONE', #2490, #9520, #9475, .T. ) ;
#9066 = CARTESIAN_POINT ( 'NONE',  ( 0.6375131587358534600, -0.1840740492722578400, 2.024999999999999900 ) ) ;
#9067 = EDGE_LOOP ( 'NONE', ( #8641, #4714, #2245, #6318, #987, #4075, #8093, #18, #6154, #9824 ) ) ;
#9068 = DIRECTION ( 'NONE',  ( -0.0000000000000000000, -0.0000000000000000000, 1.000000000000000000 ) ) ;
#9069 = CARTESIAN_POINT ( 'NONE',  ( -1.700000000000005300, 0.4749999999999998100, 1.169999999999999900 ) ) ;
#9070 = CARTESIAN_POINT ( 'NONE',  ( -0.6023657311447295800, -0.4886186238614310700, 2.030000000000000700 ) ) ;
#9071 = PRESENTATION_STYLE_ASSIGNMENT (( #10703 ) ) ;
#9072 = PRESENTATION_LAYER_ASSIGNMENT (  '', '', ( #7989 ) ) ;
#9073 = CARTESIAN_POINT ( 'NONE',  ( 0.7865285187558237500, -0.2216930359858126600, 2.024999999999999900 ) ) ;
#9074 = VECTOR ( 'NONE', #3992, 1000.000000000000000 ) ;
#9075 = AXIS2_PLACEMENT_3D ( 'NONE', #1908, #10113, #9997 ) ;
#9076 = VERTEX_POINT ( 'NONE', #7386 ) ;
#9077 = CARTESIAN_POINT ( 'NONE',  ( -0.2898737980769158200, 0.2300072252659039800, 2.025000000000000400 ) ) ;
#9078 = PRESENTATION_LAYER_ASSIGNMENT (  '', '', ( #1699 ) ) ;
#9080 = DIRECTION ( 'NONE',  ( -0.0000000000000000000, -1.000000000000000000, -0.0000000000000000000 ) ) ;
#9079 = PRESENTATION_LAYER_ASSIGNMENT (  '', '', ( #9637 ) ) ;
#9081 = CARTESIAN_POINT ( 'NONE',  ( -1.104877279844464800, -0.1654989587292840800, 2.025000000000000800 ) ) ;
#9082 = DIRECTION ( 'NONE',  ( 0.0000000000000000000, -0.9961946980917457700, 0.08715574274765498800 ) ) ;
#9083 = LINE ( 'NONE', #9381, #2519 ) ;
#9084 =( LENGTH_UNIT ( ) NAMED_UNIT ( * ) SI_UNIT ( .MILLI., .METRE. ) );
#9085 = AXIS2_PLACEMENT_3D ( 'NONE', #832, #7434, #36 ) ;
#9086 = ORIENTED_EDGE ( 'NONE', *, *, #1372, .F. ) ;
#9087 = CARTESIAN_POINT ( 'NONE',  ( 0.8263995951797342700, -0.1795966800344535300, 2.025000000000001200 ) ) ;
#9088 = CARTESIAN_POINT ( 'NONE',  ( 1.710000000000000900, -0.9499999999995271100, 1.170000000000000400 ) ) ;
#9089 =( NAMED_UNIT ( * ) PLANE_ANGLE_UNIT ( ) SI_UNIT ( $, .RADIAN. ) );
#9090 = CARTESIAN_POINT ( 'NONE',  ( 1.701000000000001000, 1.100000000000000100, 1.021000000000008100 ) ) ;
#9091 = CARTESIAN_POINT ( 'NONE',  ( 0.7648634457175463900, -0.4037635002823849500, 2.030000000000000700 ) ) ;
#9092 = SURFACE_SIDE_STYLE ('',( #7167 ) ) ;
#9093 = CARTESIAN_POINT ( 'NONE',  ( -0.07388123232791990500, -0.2581369193324452000, 2.030000000000000200 ) ) ;
#9094 = PRESENTATION_STYLE_ASSIGNMENT (( #8663 ) ) ;
#9095 = CARTESIAN_POINT ( 'NONE',  ( -0.7580128205128133800, 0.2300072252659039800, 2.025000000000000400 ) ) ;
#9096 = DIRECTION ( 'NONE',  ( 1.000000000000000000, 0.0000000000000000000, 0.0000000000000000000 ) ) ;
#9097 = EDGE_LOOP ( 'NONE', ( #10267, #9902, #1692, #6173 ) ) ;
#9098 = VERTEX_POINT ( 'NONE', #3287 ) ;
#9099 = CARTESIAN_POINT ( 'NONE',  ( -1.047321949963705600, -0.2580048499920562500, 2.030000000000000200 ) ) ;
#9100 = CARTESIAN_POINT ( 'NONE',  ( -1.161919070512813700, -0.1616594414007626000, 2.030000000000000200 ) ) ;
#9101 = EDGE_CURVE ( 'NONE', #3472, #2682, #9202, .T. ) ;
#9102 = UNCERTAINTY_MEASURE_WITH_UNIT (LENGTH_MEASURE( 1.000000000000000100E-005 ), #2885, 'distance_accuracy_value', 'NONE');
#9103 = DIRECTION ( 'NONE',  ( 1.000000000000000000, 0.0000000000000000000, -0.0000000000000000000 ) ) ;
#9104 = SURFACE_STYLE_FILL_AREA ( #10227 ) ;
#9105 = ORIENTED_EDGE ( 'NONE', *, *, #9977, .T. ) ;
#9106 = CARTESIAN_POINT ( 'NONE',  ( 1.700000000000000400, -1.464999999999999400, 1.070000000000037600 ) ) ;
#9107 = CARTESIAN_POINT ( 'NONE',  ( 1.850000000000001200, -0.3934999999997634800, 1.170000000000000400 ) ) ;
#9108 = EDGE_CURVE ( 'NONE', #6530, #7552, #3482, .T. ) ;
#9109 = CARTESIAN_POINT ( 'NONE',  ( -0.9450252992468833900, -0.5609087296389632100, 2.025000000000000800 ) ) ;
#9110 = COLOUR_RGB ( '',0.7294117647058823200, 0.3568627450980392200, 0.02352941176470588200 ) ;
#9111 = CARTESIAN_POINT ( 'NONE',  ( 1.699999999999998600, 0.3929754577545919200, 1.168875115524117500 ) ) ;
#9112 = CARTESIAN_POINT ( 'NONE',  ( -0.9871794871794802300, -0.2979475022981985000, 2.025000000000000400 ) ) ;
#9113 = EDGE_CURVE ( 'NONE', #4511, #3824, #4838, .T. ) ;
#9115 = SURFACE_SIDE_STYLE ('',( #5342 ) ) ;
#9114 = VECTOR ( 'NONE', #2209, 1000.000000000000000 ) ;
#9116 = EDGE_CURVE ( 'NONE', #3912, #6949, #1534, .T. ) ;
#9118 = ORIENTED_EDGE ( 'NONE', *, *, #4107, .T. ) ;
#9117 =( GEOMETRIC_REPRESENTATION_CONTEXT ( 3 ) GLOBAL_UNCERTAINTY_ASSIGNED_CONTEXT ( ( #3339 ) ) GLOBAL_UNIT_ASSIGNED_CONTEXT ( ( #4904, #10647, #5721 ) ) REPRESENTATION_CONTEXT ( 'NONE', 'WORKASPACE' ) );
#9119 = DIRECTION ( 'NONE',  ( 0.0000000000000000000, -1.774471640729142400E-016, -1.000000000000000000 ) ) ;
#9120 = ORIENTED_EDGE ( 'NONE', *, *, #2360, .F. ) ;
#9121 = CARTESIAN_POINT ( 'NONE',  ( 0.5535256410256486100, 0.5550272573171861600, 2.030000000000000200 ) ) ;
#9122 = ORIENTED_EDGE ( 'NONE', *, *, #2413, .T. ) ;
#9123 = B_SPLINE_CURVE_WITH_KNOTS ( 'NONE', 3,
 ( #3427, #9931, #7483, #4265, #10000, #5086, #120, #5907, #956, #6726, #1798, #7558, #2630, #8389, #3460, #9203, #4295, #10039, #5126 ),
 .UNSPECIFIED., .F., .F.,
 ( 4, 1, 1, 1, 1, 1, 1, 1, 1, 1, 1, 1, 1, 1, 1, 1, 4 ),
 ( 0.0000000000000000000, 0.05720826943350954700, 0.1136960596574905500, 0.1691779164171953500, 0.2241592165805431400, 0.2787198783810434500, 0.3337942174469886700, 0.3892414593400029300, 0.4458220733936216200, 0.5037042811090204400, 0.5642938918193634000, 0.6279754158952242100, 0.6950382596840515300, 0.7653727258510127900, 0.8396114430907355400, 0.9175377500777889300, 0.9999999999999998900 ),
 .UNSPECIFIED. ) ;
#9124 = LINE ( 'NONE', #4357, #4515 ) ;
#9125 = CARTESIAN_POINT ( 'NONE',  ( 0.8782881267306712500, -0.2363681280963132500, 2.030000000000000200 ) ) ;
#9126 = SURFACE_STYLE_USAGE ( .BOTH. , #3389 ) ;
#9127 =( NAMED_UNIT ( * ) PLANE_ANGLE_UNIT ( ) SI_UNIT ( $, .RADIAN. ) );
#9128 = COLOUR_RGB ( '',1.000000000000000000, 0.7176470588235294200, 0.2470588235294117800 ) ;
#9129 = CARTESIAN_POINT ( 'NONE',  ( 0.8077800784065956000, -0.4371700461952591800, 2.030000000000000700 ) ) ;
#9130 = CARTESIAN_POINT ( 'NONE',  ( -0.2273993327069313800, -0.6569641982111882300, 2.024999999999999900 ) ) ;
#9131 = FILL_AREA_STYLE_COLOUR ( '', #1848 ) ;
#9132 = DIRECTION ( 'NONE',  ( 0.0000000000000000000, 0.0000000000000000000, -1.000000000000000000 ) ) ;
#9133 = ORIENTED_EDGE ( 'NONE', *, *, #3355, .T. ) ;
#9134 = ORIENTED_EDGE ( 'NONE', *, *, #1880, .F. ) ;
#9135 =( NAMED_UNIT ( * ) SI_UNIT ( $, .STERADIAN. ) SOLID_ANGLE_UNIT ( ) );
#9136 = CARTESIAN_POINT ( 'NONE',  ( 1.311538461538469500, -0.7116594414007626500, 2.025000000000000400 ) ) ;
#9137 = VECTOR ( 'NONE', #4221, 1000.000000000000000 ) ;
#9138 = ORIENTED_EDGE ( 'NONE', *, *, #6126, .T. ) ;
#9139 = CARTESIAN_POINT ( 'NONE',  ( -1.100647893430981100, -0.2232186020063794700, 2.025000000000001200 ) ) ;
#9140 = CARTESIAN_POINT ( 'NONE',  ( -1.006930002082462700, -0.2254699121846594500, 2.030000000000000200 ) ) ;
#9141 = MECHANICAL_DESIGN_GEOMETRIC_PRESENTATION_REPRESENTATION (  '', ( #7493 ), #9691 ) ;
#9142 =( LENGTH_UNIT ( ) NAMED_UNIT ( * ) SI_UNIT ( .MILLI., .METRE. ) );
#9143 = CYLINDRICAL_SURFACE ( 'NONE', #8661, 0.1000000000000000100 ) ;
#9144 = FACE_OUTER_BOUND ( 'NONE', #10232, .T. ) ;
#9145 = MECHANICAL_DESIGN_GEOMETRIC_PRESENTATION_REPRESENTATION (  '', ( #7496 ), #9694 ) ;
#9146 = MECHANICAL_DESIGN_GEOMETRIC_PRESENTATION_REPRESENTATION (  '', ( #7497 ), #9695 ) ;
#9147 = CARTESIAN_POINT ( 'NONE',  ( -1.084244791666660000, -0.4572624061443523700, 2.025000000000000400 ) ) ;
#9148 = SURFACE_STYLE_FILL_AREA ( #10547 ) ;
#9149 = SURFACE_SIDE_STYLE ('',( #1198 ) ) ;
#9150 = FILL_AREA_STYLE_COLOUR ( '', #1920 ) ;
#9151 = ORIENTED_EDGE ( 'NONE', *, *, #9751, .T. ) ;
#9152 = AXIS2_PLACEMENT_3D ( 'NONE', #1721, #7485, #2556 ) ;
#9153 = VECTOR ( 'NONE', #5269, 1000.000000000000000 ) ;
#9154 = CARTESIAN_POINT ( 'NONE',  ( -0.9715624026183047300, -0.6426910488495620700, 2.030000000000000200 ) ) ;
#9155 = CARTESIAN_POINT ( 'NONE',  ( -1.134742895018266300, -0.3918719596478119600, 2.025000000000000800 ) ) ;
#9156 = CARTESIAN_POINT ( 'NONE',  ( 0.2638721955128276500, -0.2688609638366600800, 2.025000000000000400 ) ) ;
#9157 = FILL_AREA_STYLE ('',( #2582 ) ) ;
#9158 = ORIENTED_EDGE ( 'NONE', *, *, #6817, .T. ) ;
#9159 = CARTESIAN_POINT ( 'NONE',  ( -0.9630368956456935000, -0.4825423015312145200, 2.025000000000000400 ) ) ;
#9160 = ORIENTED_EDGE ( 'NONE', *, *, #2346, .T. ) ;
#9161 = DIRECTION ( 'NONE',  ( -0.5390871699424965000, -0.8422499766716470300, 0.0000000000000000000 ) ) ;
#9162 = MECHANICAL_DESIGN_GEOMETRIC_PRESENTATION_REPRESENTATION (  '', ( #7517 ), #9713 ) ;
#9163 = FILL_AREA_STYLE ('',( #918 ) ) ;
#9164 = CARTESIAN_POINT ( 'NONE',  ( 1.050641025641033500, -0.3873004670417882800, 2.025000000000000400 ) ) ;
#9165 = EDGE_CURVE ( 'NONE', #5168, #10088, #5107, .T. ) ;
#9166 = CARTESIAN_POINT ( 'NONE',  ( -0.1137019230769161400, -0.5776850824264037100, 2.030000000000000200 ) ) ;
#9167 =( NAMED_UNIT ( * ) PLANE_ANGLE_UNIT ( ) SI_UNIT ( $, .RADIAN. ) );
#9168 = CARTESIAN_POINT ( 'NONE',  ( 1.839166559139744600, -0.2743940553905838100, 1.083999999999999600 ) ) ;
#9169 =( NAMED_UNIT ( * ) SI_UNIT ( $, .STERADIAN. ) SOLID_ANGLE_UNIT ( ) );
#9170 =( NAMED_UNIT ( * ) PLANE_ANGLE_UNIT ( ) SI_UNIT ( $, .RADIAN. ) );
#9171 = ORIENTED_EDGE ( 'NONE', *, *, #6575, .T. ) ;
#9172 = FACE_OUTER_BOUND ( 'NONE', #2425, .T. ) ;
#9173 = VECTOR ( 'NONE', #4644, 1000.000000000000000 ) ;
#9174 = EDGE_LOOP ( 'NONE', ( #4284, #3320, #50, #8639 ) ) ;
#9175 = PLANE ( 'NONE',  #3562 ) ;
#9176 = ORIENTED_EDGE ( 'NONE', *, *, #5888, .T. ) ;
#9177 =( NAMED_UNIT ( * ) PLANE_ANGLE_UNIT ( ) SI_UNIT ( $, .RADIAN. ) );
#9178 = DIRECTION ( 'NONE',  ( 1.000000000000000000, 3.552334763092437900E-015, -0.0000000000000000000 ) ) ;
#9179 = DIRECTION ( 'NONE',  ( -0.0000000000000000000, -1.000000000000000000, -0.0000000000000000000 ) ) ;
#9180 = ADVANCED_FACE ( 'NONE', ( #2647 ), #3195, .F. ) ;
#9181 = LINE ( 'NONE', #1719, #2886 ) ;
#9182 = DIRECTION ( 'NONE',  ( 0.0000000000000000000, 0.0000000000000000000, -1.000000000000000000 ) ) ;
#9183 = SURFACE_SIDE_STYLE ('',( #6744 ) ) ;
#9184 = PRODUCT ( 'User Library-AVX_BCASE', 'User Library-AVX_BCASE', '', ( #5909 ) ) ;
#9185 = LINE ( 'NONE', #9706, #6742 ) ;
#9186 = ORIENTED_EDGE ( 'NONE', *, *, #8510, .T. ) ;
#9187 = EDGE_CURVE ( 'NONE', #3204, #8373, #5396, .T. ) ;
#9188 = EDGE_CURVE ( 'NONE', #3450, #10259, #1245, .T. ) ;
#9189 = VECTOR ( 'NONE', #9537, 1000.000000000000000 ) ;
#9190 = CARTESIAN_POINT ( 'NONE',  ( -1.064989325377070100, -0.7055907349642145400, 2.025000000000000800 ) ) ;
#9191 = VERTEX_POINT ( 'NONE', #6739 ) ;
#9192 = CARTESIAN_POINT ( 'NONE',  ( -1.036538461538454500, -0.2989390888366600400, 2.025000000000000400 ) ) ;
#9193 = CARTESIAN_POINT ( 'NONE',  ( 0.7531834977758502500, -0.4587315864164187000, 2.029999999999999800 ) ) ;
#9194 = LINE ( 'NONE', #10346, #4827 ) ;
#9195 = SURFACE_SIDE_STYLE ('',( #7205 ) ) ;
#9196 = PRESENTATION_LAYER_ASSIGNMENT (  '', '', ( #7546 ) ) ;
#9197 = FACE_OUTER_BOUND ( 'NONE', #7306, .T. ) ;
#9198 = EDGE_CURVE ( 'NONE', #6236, #2121, #7568, .T. ) ;
#9199 = VERTEX_POINT ( 'NONE', #2642 ) ;
#9200 = B_SPLINE_CURVE_WITH_KNOTS ( 'NONE', 3,
 ( #6279, #497, #7110, #2177, #7944, #3021, #8775, #3845, #9584, #4677, #10435, #5491, #525, #6311, #1369, #7138, #2207, #7978, #3053, #8806, #3883, #9616, #4708, #10467, #5530, #555, #6343 ),
 .UNSPECIFIED., .F., .F.,
 ( 4, 1, 1, 1, 1, 1, 1, 1, 1, 1, 1, 1, 1, 1, 1, 1, 1, 1, 1, 1, 1, 1, 1, 1, 4 ),
 ( 0.0000000000000000000, 0.04395490890619435700, 0.08750187479760464200, 0.1304626267314904500, 0.1727520205665173700, 0.2154030673796032400, 0.2576498297432394700, 0.3001527489572938200, 0.3431214895020866500, 0.3859251632064335000, 0.4276857274028016400, 0.4688179504865897000, 0.5094918001549957300, 0.5498830310733489000, 0.5899800229668862300, 0.6304052300068399000, 0.6708686260826385300, 0.7113839438381757100, 0.7516272580635842100, 0.7917755768651915100, 0.8324589188037423400, 0.8733190450172880800, 0.9145429556263492400, 0.9569235582098847300, 1.000000000000000000 ),
 .UNSPECIFIED. ) ;
#9201 = CARTESIAN_POINT ( 'NONE',  ( 0.7045773237179563400, 0.2300072252659040600, 2.030000000000000200 ) ) ;
#9202 = LINE ( 'NONE', #1620, #7017 ) ;
#9203 = CARTESIAN_POINT ( 'NONE',  ( 0.5815943504067846400, -0.6354784569985241200, 2.030000000000000200 ) ) ;
#9204 = CARTESIAN_POINT ( 'NONE',  ( -1.187149439102557200, -0.4507620055033266800, 2.030000000000000200 ) ) ;
#9205 = CARTESIAN_POINT ( 'NONE',  ( 1.755864039120830400, -0.3900360853747977800, 1.162844812162267400 ) ) ;
#9206 = VECTOR ( 'NONE', #1333, 1000.000000000000000 ) ;
#9207 = VERTEX_POINT ( 'NONE', #3479 ) ;
#9208 = CARTESIAN_POINT ( 'NONE',  ( -1.085038538715978900, -0.6509977637175760100, 2.030000000000000200 ) ) ;
#9209 = CARTESIAN_POINT ( 'NONE',  ( -0.1164990134398226900, -0.6593388992117691400, 2.029999999999999800 ) ) ;
#9210 = AXIS2_PLACEMENT_3D ( 'NONE', #8575, #3659, #9411 ) ;
#9211 = ORIENTED_EDGE ( 'NONE', *, *, #6607, .F. ) ;
#9212 = FILL_AREA_STYLE_COLOUR ( '', #8222 ) ;
#9213 = AXIS2_PLACEMENT_3D ( 'NONE', #1493, #7267, #2325 ) ;
#9214 = DIRECTION ( 'NONE',  ( 0.0000000000000000000, 0.0000000000000000000, -1.000000000000000000 ) ) ;
#9215 = DIRECTION ( 'NONE',  ( -1.000000000000000000, 0.0000000000000000000, -0.0000000000000000000 ) ) ;
#9216 = CARTESIAN_POINT ( 'NONE',  ( -1.699999999999994600, -1.465000000000006300, 1.169999999999999900 ) ) ;
#9217 = EDGE_CURVE ( 'NONE', #4671, #1174, #703, .T. ) ;
#9218 = ORIENTED_EDGE ( 'NONE', *, *, #9831, .F. ) ;
#9219 = CARTESIAN_POINT ( 'NONE',  ( 0.6513482447020582100, -0.6334617085190062900, 2.025000000000000400 ) ) ;
#9220 = CARTESIAN_POINT ( 'NONE',  ( 0.6585786437626906000, -1.208578643762690400, 0.02000000000000002100 ) ) ;
#9221 = DIRECTION ( 'NONE',  ( 0.5389504199129375700, -0.8423374887037073900, 0.0000000000000000000 ) ) ;
#9222 = SURFACE_STYLE_FILL_AREA ( #4929 ) ;
#9223 = VECTOR ( 'NONE', #5746, 1000.000000000000100 ) ;
#9224 = CARTESIAN_POINT ( 'NONE',  ( 1.850000000000000800, -0.2597482130597323400, 1.084000000000000300 ) ) ;
#9225 = AXIS2_PLACEMENT_3D ( 'NONE', #4014, #10570, #9760 ) ;
#9227 = SURFACE_SIDE_STYLE ('',( #364 ) ) ;
#9226 = STYLED_ITEM ( 'NONE', ( #4196 ), #2737 ) ;
#9228 = LINE ( 'NONE', #4942, #448 ) ;
#9229 = CARTESIAN_POINT ( 'NONE',  ( -0.1333924741476251200, -0.5993007178641974700, 2.025000000000000800 ) ) ;
#9230 = VERTEX_POINT ( 'NONE', #5139 ) ;
#9231 = CARTESIAN_POINT ( 'NONE',  ( -0.9975462233102006000, -0.5301888274088013600, 2.025000000000000400 ) ) ;
#9232 = VECTOR ( 'NONE', #166, 1000.000000000000000 ) ;
#9233 =( NAMED_UNIT ( * ) SI_UNIT ( $, .STERADIAN. ) SOLID_ANGLE_UNIT ( ) );
#9234 = AXIS2_PLACEMENT_3D ( 'NONE', #5065, #98, #9182 ) ;
#9235 = ADVANCED_FACE ( 'NONE', ( #984 ), #6778, .T. ) ;
#9236 = DIRECTION ( 'NONE',  ( 0.3895636164541940700, -0.9209995595737978700, 0.0000000000000000000 ) ) ;
#9237 = COLOUR_RGB ( '',0.7294117647058823200, 0.3568627450980392200, 0.02352941176470588200 ) ;
#9238 = ORIENTED_EDGE ( 'NONE', *, *, #8980, .T. ) ;
#9239 = CARTESIAN_POINT ( 'NONE',  ( 0.6611269671225150600, -0.2341835311507522200, 2.030000000000000200 ) ) ;
#9240 = CYLINDRICAL_SURFACE ( 'NONE', #4254, 0.1000000000000000700 ) ;
#9241 = VERTEX_POINT ( 'NONE', #4347 ) ;
#9242 = SURFACE_STYLE_USAGE ( .BOTH. , #3504 ) ;
#9243 = CARTESIAN_POINT ( 'NONE',  ( 1.807357517030971700, 0.3681105703875721100, 1.131241468600811400 ) ) ;
#9244 = UNCERTAINTY_MEASURE_WITH_UNIT (LENGTH_MEASURE( 1.000000000000000100E-005 ), #7448, 'distance_accuracy_value', 'NONE');
#9245 = DIRECTION ( 'NONE',  ( 3.339240442775070800E-015, -1.000000000000000000, -1.669620221387535400E-015 ) ) ;
#9246 = CARTESIAN_POINT ( 'NONE',  ( -1.056082578051308100, -0.6432357844246664500, 2.030000000000001600 ) ) ;
#9247 = CARTESIAN_POINT ( 'NONE',  ( -0.6999999999999997300, 1.250000000000000000, 0.1200000000000000100 ) ) ;
#9248 = CARTESIAN_POINT ( 'NONE',  ( -0.2208398652183853900, -0.7141613293584021500, 2.025000000000000400 ) ) ;
#9249 = LINE ( 'NONE', #10050, #2954 ) ;
#9250 =( NAMED_UNIT ( * ) PLANE_ANGLE_UNIT ( ) SI_UNIT ( $, .RADIAN. ) );
#9251 = EDGE_LOOP ( 'NONE', ( #10032, #652, #10552, #7319 ) ) ;
#9252 = VECTOR ( 'NONE', #819, 1000.000000000000000 ) ;
#9253 = DIRECTION ( 'NONE',  ( -1.527121336238285300E-016, 1.000000000000000000, 0.0000000000000000000 ) ) ;
#9254 = ORIENTED_EDGE ( 'NONE', *, *, #4711, .F. ) ;
#9255 = EDGE_CURVE ( 'NONE', #6720, #3633, #2938, .T. ) ;
#9256 = CARTESIAN_POINT ( 'NONE',  ( -1.700000000000005100, 1.100000000000000100, 1.070000000000000100 ) ) ;
#9257 = VERTEX_POINT ( 'NONE', #1886 ) ;
#9258 = DIRECTION ( 'NONE',  ( -1.000000000000000000, -3.552334763092437500E-015, -0.0000000000000000000 ) ) ;
#9259 = ADVANCED_FACE ( 'NONE', ( #6271 ), #5959, .T. ) ;
#9260 = EDGE_CURVE ( 'NONE', #10029, #7222, #1107, .T. ) ;
#9261 = ADVANCED_FACE ( 'NONE', ( #7425 ), #2531, .T. ) ;
#9262 = SURFACE_STYLE_FILL_AREA ( #10614 ) ;
#9263 = SURFACE_STYLE_FILL_AREA ( #9653 ) ;
#9264 = CARTESIAN_POINT ( 'NONE',  ( 0.7313501602564177500, -0.6693517490930703800, 2.030000000000000700 ) ) ;
#9266 = CARTESIAN_POINT ( 'NONE',  ( 0.5641025641025715400, -0.6055596817853780000, 2.030000000000000200 ) ) ;
#9265 =( NAMED_UNIT ( * ) SI_UNIT ( $, .STERADIAN. ) SOLID_ANGLE_UNIT ( ) );
#9267 = CARTESIAN_POINT ( 'NONE',  ( -1.048400647130547100, -0.7006553180625649800, 2.025000000000000400 ) ) ;
#9268 = MECHANICAL_DESIGN_GEOMETRIC_PRESENTATION_REPRESENTATION (  '', ( #8164 ), #9807 ) ;
#9269 = PRESENTATION_LAYER_ASSIGNMENT (  '', '', ( #8165 ) ) ;
#9270 = VERTEX_POINT ( 'NONE', #2755 ) ;
#9271 = ORIENTED_EDGE ( 'NONE', *, *, #10025, .T. ) ;
#9272 = ORIENTED_EDGE ( 'NONE', *, *, #10626, .F. ) ;
#9273 =( NAMED_UNIT ( * ) PLANE_ANGLE_UNIT ( ) SI_UNIT ( $, .RADIAN. ) );
#9275 = LINE ( 'NONE', #2014, #5799 ) ;
#9274 = UNCERTAINTY_MEASURE_WITH_UNIT (LENGTH_MEASURE( 1.000000000000000100E-005 ), #426, 'distance_accuracy_value', 'NONE');
#9276 = SURFACE_STYLE_FILL_AREA ( #6296 ) ;
#9277 = CARTESIAN_POINT ( 'NONE',  ( 0.8077800784065956000, -0.4371700461952591800, 2.025000000000000800 ) ) ;
#9278 = DIRECTION ( 'NONE',  ( -0.0000000000000000000, -0.0000000000000000000, 1.000000000000000000 ) ) ;
#9279 = CARTESIAN_POINT ( 'NONE',  ( -1.031164580142382800, -0.4808496753573042200, 2.029999999999999800 ) ) ;
#9280 = EDGE_CURVE ( 'NONE', #2219, #4742, #317, .T. ) ;
#9281 =( NAMED_UNIT ( * ) SI_UNIT ( $, .STERADIAN. ) SOLID_ANGLE_UNIT ( ) );
#9282 = DIRECTION ( 'NONE',  ( 1.000000000000000000, -0.0000000000000000000, 4.770489558936225800E-015 ) ) ;
#9283 = DIRECTION ( 'NONE',  ( 1.000000000000000000, 0.0000000000000000000, 0.0000000000000000000 ) ) ;
#9284 = LINE ( 'NONE', #314, #747 ) ;
#9285 = DIRECTION ( 'NONE',  ( -0.08682659386424403100, -0.08682659386424472500, -0.9924325091389677400 ) ) ;
#9286 = ORIENTED_EDGE ( 'NONE', *, *, #3892, .F. ) ;
#9287 = CARTESIAN_POINT ( 'NONE',  ( -0.3615106277746326600, -0.7225214126199160900, 2.030000000000002000 ) ) ;
#9288 = PRESENTATION_LAYER_ASSIGNMENT (  '', '', ( #8178 ) ) ;
#9289 = CARTESIAN_POINT ( 'NONE',  ( -0.3104767628205059000, -0.1475568772981984700, 2.025000000000000400 ) ) ;
#9290 = CARTESIAN_POINT ( 'NONE',  ( -0.9948589128223853700, -0.5694529507190273500, 2.025000000000000400 ) ) ;
#9291 =( LENGTH_UNIT ( ) NAMED_UNIT ( * ) SI_UNIT ( .MILLI., .METRE. ) );
#9292 = CARTESIAN_POINT ( 'NONE',  ( -0.3098157051281981700, -0.7257620055033268100, 2.029999999999999800 ) ) ;
#9293 = EDGE_CURVE ( 'NONE', #2166, #1186, #6661, .T. ) ;
#9294 = CARTESIAN_POINT ( 'NONE',  ( 0.8223802478902125800, -0.5265210758841993900, 2.030000000000000700 ) ) ;
#9295 = ORIENTED_EDGE ( 'NONE', *, *, #8015, .F. ) ;
#9296 = VERTEX_POINT ( 'NONE', #1158 ) ;
#9297 = STYLED_ITEM ( 'NONE', ( #538 ), #10219 ) ;
#9298 =( NAMED_UNIT ( * ) SI_UNIT ( $, .STERADIAN. ) SOLID_ANGLE_UNIT ( ) );
#9299 = ADVANCED_FACE ( 'NONE', ( #6392 ), #7751, .T. ) ;
#9300 = DIRECTION ( 'NONE',  ( 0.0000000000000000000, 1.000000000000000000, 0.0000000000000000000 ) ) ;
#9301 = PRESENTATION_LAYER_ASSIGNMENT (  '', '', ( #8192 ) ) ;
#9302 = FACE_OUTER_BOUND ( 'NONE', #7430, .T. ) ;
#9303 = SURFACE_SIDE_STYLE ('',( #8469 ) ) ;
#9305 =( NAMED_UNIT ( * ) SI_UNIT ( $, .STERADIAN. ) SOLID_ANGLE_UNIT ( ) );
#9304 = CARTESIAN_POINT ( 'NONE',  ( 0.8708301689215914900, -0.6462244666472645200, 2.024999999999998600 ) ) ;
#9306 = CARTESIAN_POINT ( 'NONE',  ( -1.152884615384608600, -0.2180696978110190400, 2.030000000000000200 ) ) ;
#9307 = AXIS2_PLACEMENT_3D ( 'NONE', #4820, #10578, #5637 ) ;
#9308 = FILL_AREA_STYLE_COLOUR ( '', #3840 ) ;
#9309 = CARTESIAN_POINT ( 'NONE',  ( 0.8731830221371373900, -0.5138413211074638300, 2.030000000000000200 ) ) ;
#9310 = EDGE_LOOP ( 'NONE', ( #5373, #7276, #7081, #8224, #9086, #10598, #2749, #2831, #6351, #7723, #5228 ) ) ;
#9311 = DIRECTION ( 'NONE',  ( -4.754114276428528800E-015, -0.0000000000000000000, 1.000000000000000000 ) ) ;
#9312 = CARTESIAN_POINT ( 'NONE',  ( 0.8077800784065956000, -0.4371700461952591800, 2.025000000000000800 ) ) ;
#9313 = CARTESIAN_POINT ( 'NONE',  ( 0.6357121372615154300, -0.3663498997184713200, 2.030000000000000200 ) ) ;
#9314 =( NAMED_UNIT ( * ) PLANE_ANGLE_UNIT ( ) SI_UNIT ( $, .RADIAN. ) );
#9315 = ADVANCED_FACE ( 'NONE', ( #9998 ), #10575, .T. ) ;
#9316 = ADVANCED_FACE ( 'NONE', ( #686 ), #9513, .F. ) ;
#9317 = CARTESIAN_POINT ( 'NONE',  ( -0.9942307692307624800, -0.5555396497340959700, 2.030000000000000200 ) ) ;
#9318 = VERTEX_POINT ( 'NONE', #3770 ) ;
#9319 = CARTESIAN_POINT ( 'NONE',  ( -0.4659019238296894800, -0.6883243576521034200, 2.025000000000000400 ) ) ;
#9320 = COLOUR_RGB ( '',0.7294117647058823200, 0.3568627450980392200, 0.02352941176470588200 ) ;
#9321 = EDGE_CURVE ( 'NONE', #5339, #9979, #6262, .T. ) ;
#9322 = LINE ( 'NONE', #5676, #790 ) ;
#9323 = CARTESIAN_POINT ( 'NONE',  ( 1.311538461538469500, -0.1616594414007626000, 2.025000000000000400 ) ) ;
#9324 = SURFACE_SIDE_STYLE ('',( #6345 ) ) ;
#9325 = CARTESIAN_POINT ( 'NONE',  ( -0.5222959128947335400, -0.2297367060851041300, 2.029999999999999800 ) ) ;
#9326 = SPHERICAL_SURFACE ( 'NONE', #563, 0.1000000000000000100 ) ;
#9327 = CARTESIAN_POINT ( 'NONE',  ( 0.7313501602564177500, -0.7257620055033268100, 2.030000000000000200 ) ) ;
#9328 = UNCERTAINTY_MEASURE_WITH_UNIT (LENGTH_MEASURE( 1.000000000000000100E-005 ), #8092, 'distance_accuracy_value', 'NONE');
#9329 = PLANE ( 'NONE',  #10118 ) ;
#9330 = CARTESIAN_POINT ( 'NONE',  ( 1.700000000000003300, -0.9499999999995271100, 0.3800000000000005600 ) ) ;
#9331 = CARTESIAN_POINT ( 'NONE',  ( -1.750000000000005300, 0.4749999999999998100, 1.020999999999999700 ) ) ;
#9332 = VERTEX_POINT ( 'NONE', #9548 ) ;
#9333 = ORIENTED_EDGE ( 'NONE', *, *, #10405, .T. ) ;
#9334 =( NAMED_UNIT ( * ) SI_UNIT ( $, .STERADIAN. ) SOLID_ANGLE_UNIT ( ) );
#9336 = SURFACE_STYLE_USAGE ( .BOTH. , #3596 ) ;
#9335 = CARTESIAN_POINT ( 'NONE',  ( 0.8056649797553513400, -0.7086638249796701800, 2.030000000000001100 ) ) ;
#9337 = CARTESIAN_POINT ( 'NONE',  ( -1.084244791666660000, -0.4572624061443523700, 2.030000000000000200 ) ) ;
#9338 = EDGE_CURVE ( 'NONE', #8055, #7680, #7630, .T. ) ;
#9339 = EDGE_CURVE ( 'NONE', #4742, #542, #10639, .T. ) ;
#9340 = VECTOR ( 'NONE', #4305, 1000.000000000000000 ) ;
#9341 = MECHANICAL_DESIGN_GEOMETRIC_PRESENTATION_REPRESENTATION (  '', ( #7688 ), #9883 ) ;
#9342 = ORIENTED_EDGE ( 'NONE', *, *, #1917, .T. ) ;
#9343 = CARTESIAN_POINT ( 'NONE',  ( -0.2916486962254549200, -0.1477826102129005700, 2.030000000000000200 ) ) ;
#9344 = EDGE_LOOP ( 'NONE', ( #8994, #6044, #2864, #3106 ) ) ;
#9345 = FILL_AREA_STYLE ('',( #8523 ) ) ;
#9346 = CARTESIAN_POINT ( 'NONE',  ( 1.700000000000005100, -1.464999999999994100, 1.070000000000000100 ) ) ;
#9347 =( GEOMETRIC_REPRESENTATION_CONTEXT ( 3 ) GLOBAL_UNCERTAINTY_ASSIGNED_CONTEXT ( ( #312 ) ) GLOBAL_UNIT_ASSIGNED_CONTEXT ( ( #4480, #10229, #5314 ) ) REPRESENTATION_CONTEXT ( 'NONE', 'WORKASPACE' ) );
#9348 = ADVANCED_FACE ( 'NONE', ( #10396 ), #5511, .T. ) ;
#9349 = VECTOR ( 'NONE', #5503, 1000.000000000000000 ) ;
#9350 = ORIENTED_EDGE ( 'NONE', *, *, #5888, .F. ) ;
#9351 = CARTESIAN_POINT ( 'NONE',  ( -0.5331920860941376000, -0.6335170657795308200, 2.030000000000001600 ) ) ;
#9352 = VECTOR ( 'NONE', #4354, 1000.000000000000000 ) ;
#9353 = FILL_AREA_STYLE ('',( #3613 ) ) ;
#9354 = SURFACE_STYLE_FILL_AREA ( #4219 ) ;
#9355 = DIRECTION ( 'NONE',  ( 1.000000000000000000, 0.0000000000000000000, 0.0000000000000000000 ) ) ;
#9356 = FILL_AREA_STYLE_COLOUR ( '', #6146 ) ;
#9357 = COLOUR_RGB ( '',0.7294117647058823200, 0.3568627450980392200, 0.02352941176470588200 ) ;
#9358 =( GEOMETRIC_REPRESENTATION_CONTEXT ( 3 ) GLOBAL_UNCERTAINTY_ASSIGNED_CONTEXT ( ( #3405 ) ) GLOBAL_UNIT_ASSIGNED_CONTEXT ( ( #5270, #290, #6093 ) ) REPRESENTATION_CONTEXT ( 'NONE', 'WORKASPACE' ) );
#9359 = ORIENTED_EDGE ( 'NONE', *, *, #8233, .F. ) ;
#9360 = MECHANICAL_DESIGN_GEOMETRIC_PRESENTATION_REPRESENTATION (  '', ( #7710 ), #9911 ) ;
#9361 = CARTESIAN_POINT ( 'NONE',  ( 0.6608525584650740700, -0.7103612401206105300, 2.025000000000000400 ) ) ;
#9362 = CARTESIAN_POINT ( 'NONE',  ( 0.6487797257605847400, -0.2765452048783661500, 2.025000000000000400 ) ) ;
#9363 = DIRECTION ( 'NONE',  ( 2.168404344971003200E-014, 0.0000000000000000000, -1.000000000000000000 ) ) ;
#9364 = VECTOR ( 'NONE', #2470, 1000.000000000000000 ) ;
#9365 = ADVANCED_FACE ( 'NONE', ( #9744 ), #578, .T. ) ;
#9366 = FACE_OUTER_BOUND ( 'NONE', #5978, .T. ) ;
#9367 = ADVANCED_FACE ( 'NONE', ( #451 ), #7118, .T. ) ;
#9368 = LINE ( 'NONE', #3705, #569 ) ;
#9369 = EDGE_CURVE ( 'NONE', #6910, #2047, #1625, .T. ) ;
#9370 = CARTESIAN_POINT ( 'NONE',  ( -0.4941406249999928400, 0.6728057028300065100, 2.030000000000000200 ) ) ;
#9371 = ORIENTED_EDGE ( 'NONE', *, *, #4926, .T. ) ;
#9373 = FILL_AREA_STYLE_COLOUR ( '', #4868 ) ;
#9372 = FILL_AREA_STYLE_COLOUR ( '', #1944 ) ;
#9374 = VERTEX_POINT ( 'NONE', #8996 ) ;
#9375 = CARTESIAN_POINT ( 'NONE',  ( -0.3274281755381823200, -0.7256394261560649200, 2.030000000000000200 ) ) ;
#9376 = CARTESIAN_POINT ( 'NONE',  ( -0.1719412883877860800, -0.1776835071720401500, 2.025000000000000400 ) ) ;
#9377 = PRESENTATION_STYLE_ASSIGNMENT (( #1292 ) ) ;
#9378 = PRESENTATION_LAYER_ASSIGNMENT (  '', '', ( #8275 ) ) ;
#9379 = LINE ( 'NONE', #1143, #6936 ) ;
#9380 = CARTESIAN_POINT ( 'NONE',  ( -1.041167040055272800, -0.1894110214569933200, 2.025000000000000800 ) ) ;
#9381 = CARTESIAN_POINT ( 'NONE',  ( -1.269230769230762500, -0.1616594414007626000, 2.025000000000000400 ) ) ;
#9382 = VERTEX_POINT ( 'NONE', #4906 ) ;
#9383 = CARTESIAN_POINT ( 'NONE',  ( 1.311538461538469500, -0.6552491849905062200, 2.025000000000000400 ) ) ;
#9384 = AXIS2_PLACEMENT_3D ( 'NONE', #8828, #3901, #9646 ) ;
#9385 = ORIENTED_EDGE ( 'NONE', *, *, #8011, .F. ) ;
#9386 = SURFACE_SIDE_STYLE ('',( #4260 ) ) ;
#9387 = CARTESIAN_POINT ( 'NONE',  ( -0.2551562926130838700, -0.7217863754522700900, 2.025000000000000800 ) ) ;
#9388 = UNCERTAINTY_MEASURE_WITH_UNIT (LENGTH_MEASURE( 1.000000000000000100E-005 ), #1632, 'distance_accuracy_value', 'NONE');
#9389 = FACE_OUTER_BOUND ( 'NONE', #849, .T. ) ;
#9390 = DIRECTION ( 'NONE',  ( 0.0000000000000000000, -1.000000000000000000, 0.0000000000000000000 ) ) ;
#9391 = PRESENTATION_STYLE_ASSIGNMENT (( #7304 ) ) ;
#9392 = CARTESIAN_POINT ( 'NONE',  ( -0.4941406249999928400, 0.6728057028300065100, 2.030000000000000200 ) ) ;
#9393 = ORIENTED_EDGE ( 'NONE', *, *, #9108, .F. ) ;
#9394 = FILL_AREA_STYLE_COLOUR ( '', #8860 ) ;
#9395 = ORIENTED_EDGE ( 'NONE', *, *, #5902, .F. ) ;
#9396 = ORIENTED_EDGE ( 'NONE', *, *, #10131, .T. ) ;
#9397 = EDGE_LOOP ( 'NONE', ( #4059, #32, #3503, #1747 ) ) ;
#9398 = SURFACE_STYLE_USAGE ( .BOTH. , #3652 ) ;
#9399 = LINE ( 'NONE', #7416, #9647 ) ;
#9400 = LINE ( 'NONE', #2042, #6952 ) ;
#9401 = CARTESIAN_POINT ( 'NONE',  ( 0.6000981660105745300, -0.6609870274100556600, 2.030000000000000200 ) ) ;
#9402 = PRESENTATION_STYLE_ASSIGNMENT (( #4289 ) ) ;
#9403 = PRESENTATION_STYLE_ASSIGNMENT (( #8657 ) ) ;
#9404 = EDGE_CURVE ( 'NONE', #2047, #4681, #3838, .T. ) ;
#9405 =( NAMED_UNIT ( * ) PLANE_ANGLE_UNIT ( ) SI_UNIT ( $, .RADIAN. ) );
#9406 = ADVANCED_FACE ( 'NONE', ( #5763 ), #763, .T. ) ;
#9407 = EDGE_CURVE ( 'NONE', #1707, #10303, #4993, .T. ) ;
#9408 = PRESENTATION_STYLE_ASSIGNMENT (( #1356 ) ) ;
#9409 = ORIENTED_EDGE ( 'NONE', *, *, #9917, .T. ) ;
#9410 = ORIENTED_EDGE ( 'NONE', *, *, #2926, .T. ) ;
#9411 = DIRECTION ( 'NONE',  ( 0.0000000000000000000, 0.0000000000000000000, 1.000000000000000000 ) ) ;
#9412 =( NAMED_UNIT ( * ) PLANE_ANGLE_UNIT ( ) SI_UNIT ( $, .RADIAN. ) );
#9413 = B_SPLINE_CURVE_WITH_KNOTS ( 'NONE', 3,
 ( #7502, #907, #2579, #8338, #3416, #9155, #4250, #9988, #5071, #110, #5893, #948, #6717, #1781, #7543, #2614, #8376, #3447, #9192 ),
 .UNSPECIFIED., .F., .F.,
 ( 4, 1, 1, 1, 1, 1, 1, 1, 1, 1, 1, 1, 1, 1, 1, 1, 4 ),
 ( 0.0000000000000000000, 0.07230103399550443000, 0.1397003317393854500, 0.2022885114847725600, 0.2605995332222002500, 0.3131903291553319600, 0.3617389329854273100, 0.4057064756322229000, 0.4455399848948709600, 0.5188319558616070200, 0.5897782395835764500, 0.6588674786561448100, 0.7284304780610635400, 0.7972827036080992700, 0.8648153774014448700, 0.9313637528792685400, 1.000000000000000000 ),
 .UNSPECIFIED. ) ;
#9414 = UNCERTAINTY_MEASURE_WITH_UNIT (LENGTH_MEASURE( 1.000000000000000100E-005 ), #1808, 'distance_accuracy_value', 'NONE');
#9415 = ORIENTED_EDGE ( 'NONE', *, *, #5970, .T. ) ;
#9416 = CARTESIAN_POINT ( 'NONE',  ( -0.5151009893303095700, -0.6522159444228297100, 2.030000000000000200 ) ) ;
#9417 = SURFACE_STYLE_FILL_AREA ( #6483 ) ;
#9418 = PRESENTATION_LAYER_ASSIGNMENT (  '', '', ( #7192 ) ) ;
#9419 = MECHANICAL_DESIGN_GEOMETRIC_PRESENTATION_REPRESENTATION (  '', ( #8302 ), #9956 ) ;
#9420 = CARTESIAN_POINT ( 'NONE',  ( -0.09148347525239004800, -0.2366808287791736500, 2.030000000000000200 ) ) ;
#9421 =( NAMED_UNIT ( * ) PLANE_ANGLE_UNIT ( ) SI_UNIT ( $, .RADIAN. ) );
#9422 = CARTESIAN_POINT ( 'NONE',  ( 0.7143935105209086000, -0.6685271473068735700, 2.030000000000000700 ) ) ;
#9423 = EDGE_CURVE ( 'NONE', #4705, #8240, #8754, .T. ) ;
#9424 = VERTEX_POINT ( 'NONE', #6588 ) ;
#9425 = SURFACE_STYLE_USAGE ( .BOTH. , #3674 ) ;
#9426 = DIRECTION ( 'NONE',  ( -0.0000000000000000000, -0.0000000000000000000, 1.000000000000000000 ) ) ;
#9427 = CARTESIAN_POINT ( 'NONE',  ( 1.701000000000000500, -0.9499999999995270000, 1.070000000000008300 ) ) ;
#9428 = ADVANCED_FACE ( 'NONE', ( #2802 ), #5704, .T. ) ;
#9429 = LINE ( 'NONE', #6912, #9153 ) ;
#9430 = CARTESIAN_POINT ( 'NONE',  ( -0.5999999999999997600, -1.149999999999999900, 0.02000000000000000000 ) ) ;
#9431 = CARTESIAN_POINT ( 'NONE',  ( -0.6698717948717882700, -0.5283261080674293000, 2.025000000000000400 ) ) ;
#9432 = STYLED_ITEM ( 'NONE', ( #10036 ), #7750 ) ;
#9433 = SURFACE_SIDE_STYLE ('',( #9949 ) ) ;
#9434 = ORIENTED_EDGE ( 'NONE', *, *, #4529, .T. ) ;
#9435 = SURFACE_SIDE_STYLE ('',( #6468 ) ) ;
#9436 = ORIENTED_EDGE ( 'NONE', *, *, #8778, .F. ) ;
#9437 = EDGE_CURVE ( 'NONE', #9535, #6124, #4923, .T. ) ;
#9438 = CARTESIAN_POINT ( 'NONE',  ( -0.8814102564102497300, -0.4719158516571728700, 2.025000000000000400 ) ) ;
#9439 = CARTESIAN_POINT ( 'NONE',  ( -0.3779898431519368400, -0.2116441589276365200, 2.030000000000000200 ) ) ;
#9440 = CARTESIAN_POINT ( 'NONE',  ( -1.601131547168196400, 1.465751016977361100, 1.078584163331533800 ) ) ;
#9441 =( LENGTH_UNIT ( ) NAMED_UNIT ( * ) SI_UNIT ( .MILLI., .METRE. ) );
#9442 = AXIS2_PLACEMENT_3D ( 'NONE', #5531, #556, #6346 ) ;
#9444 = DIRECTION ( 'NONE',  ( 0.4285842068721729700, 0.9035018415143106800, 0.0000000000000000000 ) ) ;
#9443 = CARTESIAN_POINT ( 'NONE',  ( 7.094747966202019600E-015, -0.7116594414007626500, 2.025000000000000400 ) ) ;
#9445 =( GEOMETRIC_REPRESENTATION_CONTEXT ( 3 ) GLOBAL_UNCERTAINTY_ASSIGNED_CONTEXT ( ( #3868 ) ) GLOBAL_UNIT_ASSIGNED_CONTEXT ( ( #6637, #1691, #7460 ) ) REPRESENTATION_CONTEXT ( 'NONE', 'WORKASPACE' ) );
#9446 = VERTEX_POINT ( 'NONE', #3312 ) ;
#9447 = VECTOR ( 'NONE', #8740, 1000.000000000000000 ) ;
#9448 = DIRECTION ( 'NONE',  ( -0.0000000000000000000, -1.000000000000000000, -0.0000000000000000000 ) ) ;
#9449 = CARTESIAN_POINT ( 'NONE',  ( -0.5477338642595748200, -0.5070744953828809600, 2.030000000000000700 ) ) ;
#9450 = ORIENTED_EDGE ( 'NONE', *, *, #8531, .T. ) ;
#9451 = VERTEX_POINT ( 'NONE', #10040 ) ;
#9452 = MECHANICAL_DESIGN_GEOMETRIC_PRESENTATION_REPRESENTATION (  '', ( #8343 ), #9992 ) ;
#9453 = UNCERTAINTY_MEASURE_WITH_UNIT (LENGTH_MEASURE( 1.000000000000000100E-005 ), #8434, 'distance_accuracy_value', 'NONE');
#9454 = CARTESIAN_POINT ( 'NONE',  ( -1.219871794871788100, -0.6552491849905063300, 2.024999999998437200 ) ) ;
#9455 = DIRECTION ( 'NONE',  ( 0.0000000000000000000, 0.0000000000000000000, -1.000000000000000000 ) ) ;
#9456 = VECTOR ( 'NONE', #5686, 1000.000000000000000 ) ;
#9457 = VECTOR ( 'NONE', #7567, 1000.000000000000000 ) ;
#9458 = VERTEX_POINT ( 'NONE', #5128 ) ;
#9459 = DIRECTION ( 'NONE',  ( 2.891205793294696400E-015, -1.000000000000000000, 0.0000000000000000000 ) ) ;
#9460 =( NAMED_UNIT ( * ) SI_UNIT ( $, .STERADIAN. ) SOLID_ANGLE_UNIT ( ) );
#9461 = ADVANCED_FACE ( 'NONE', ( #2027 ), #4296, .T. ) ;
#9462 = CARTESIAN_POINT ( 'NONE',  ( -1.018308054944674400, -0.6865027049225433900, 2.029999999999999800 ) ) ;
#9463 = LINE ( 'NONE', #7887, #942 ) ;
#9464 = EDGE_LOOP ( 'NONE', ( #6247, #8560, #5673, #2536 ) ) ;
#9465 = SURFACE_STYLE_USAGE ( .BOTH. , #9501 ) ;
#9466 = CARTESIAN_POINT ( 'NONE',  ( 0.6165732818866109800, -0.3400912690710914400, 2.025000000000000800 ) ) ;
#9467 = SURFACE_STYLE_USAGE ( .BOTH. , #3718 ) ;
#9468 = CARTESIAN_POINT ( 'NONE',  ( -0.1649607321389935900, -0.2477545188755080300, 2.030000000000000200 ) ) ;
#9469 = CIRCLE ( 'NONE', #4585, 0.07500000000000041400 ) ;
#9470 = B_SPLINE_CURVE_WITH_KNOTS ( 'NONE', 3,
 ( #6328, #1387, #2223, #7998, #3069, #8825, #3897, #9639, #4725, #10483, #5550 ),
 .UNSPECIFIED., .F., .F.,
 ( 4, 1, 1, 1, 1, 1, 1, 1, 4 ),
 ( 0.0000000000000000000, 0.1430730837303627000, 0.2759029640930094100, 0.4023708562739964900, 0.5284136450935950100, 0.6503563791869507700, 0.7658950861246935900, 0.8807741308440212300, 1.000000000000000000 ),
 .UNSPECIFIED. ) ;
#9471 = VERTEX_POINT ( 'NONE', #750 ) ;
#9472 = CARTESIAN_POINT ( 'NONE',  ( -1.057858245528118700, -0.2451418720476440900, 2.029999999999999800 ) ) ;
#9473 = VECTOR ( 'NONE', #4199, 1000.000000000000000 ) ;
#9474 = CARTESIAN_POINT ( 'NONE',  ( -0.4765759957006579000, -0.2614224629949115600, 2.025000000000000800 ) ) ;
#9475 = LINE ( 'NONE', #5735, #2911 ) ;
#9476 = PRESENTATION_LAYER_ASSIGNMENT (  '', '', ( #8371 ) ) ;
#9477 = CARTESIAN_POINT ( 'NONE',  ( -0.3104767628205059000, -0.1475568772981984700, 2.030000000000000700 ) ) ;
#9478 = ORIENTED_EDGE ( 'NONE', *, *, #4177, .F. ) ;
#9479 = CARTESIAN_POINT ( 'NONE',  ( -1.125151908271550000, -0.4523736384951329600, 2.024999999999999900 ) ) ;
#9480 = DIRECTION ( 'NONE',  ( -0.0000000000000000000, -0.0000000000000000000, 1.000000000000000000 ) ) ;
#9482 = SURFACE_SIDE_STYLE ('',( #7432 ) ) ;
#9481 =( NAMED_UNIT ( * ) PLANE_ANGLE_UNIT ( ) SI_UNIT ( $, .RADIAN. ) );
#9483 = CARTESIAN_POINT ( 'NONE',  ( 0.7045773237179563400, 0.2300072252659040600, 2.025000000000000400 ) ) ;
#9484 = CARTESIAN_POINT ( 'NONE',  ( -0.4499250191522926600, -0.6323253468299127000, 2.025000000000000400 ) ) ;
#9485 = ORIENTED_EDGE ( 'NONE', *, *, #1971, .F. ) ;
#9486 = EDGE_CURVE ( 'NONE', #4574, #9332, #10527, .T. ) ;
#9487 = COLOUR_RGB ( '',0.7294117647058823200, 0.3568627450980392200, 0.02352941176470588200 ) ;
#9488 = CYLINDRICAL_SURFACE ( 'NONE', #6143, 0.1000000000000000600 ) ;
#9489 =( NAMED_UNIT ( * ) PLANE_ANGLE_UNIT ( ) SI_UNIT ( $, .RADIAN. ) );
#9490 = VECTOR ( 'NONE', #3686, 1000.000000000000000 ) ;
#9491 = DIRECTION ( 'NONE',  ( -2.220209226932774200E-016, 1.000000000000000000, 8.978886873338387600E-034 ) ) ;
#9492 = VERTEX_POINT ( 'NONE', #1588 ) ;
#9493 = CARTESIAN_POINT ( 'NONE',  ( 0.7196177253785313000, -0.3713991704941948000, 2.030000000000001100 ) ) ;
#9494 = CARTESIAN_POINT ( 'NONE',  ( -1.700000000000004800, 1.419929309816578800, 2.030000000000000200 ) ) ;
#9495 = CARTESIAN_POINT ( 'NONE',  ( -1.144547781422453800, -0.6551888818281598200, 2.024999999999999900 ) ) ;
#9496 =( LENGTH_UNIT ( ) NAMED_UNIT ( * ) SI_UNIT ( .MILLI., .METRE. ) );
#9497 = PRESENTATION_STYLE_ASSIGNMENT (( #5747 ) ) ;
#9498 = VECTOR ( 'NONE', #9802, 1000.000000000000000 ) ;
#9499 = EDGE_CURVE ( 'NONE', #2960, #4067, #4230, .T. ) ;
#9500 = VERTEX_POINT ( 'NONE', #8197 ) ;
#9501 = SURFACE_SIDE_STYLE ('',( #4807 ) ) ;
#9502 = VECTOR ( 'NONE', #1815, 1000.000000000000000 ) ;
#9503 = AXIS2_PLACEMENT_3D ( 'NONE', #57, #5846, #900 ) ;
#9504 = CARTESIAN_POINT ( 'NONE',  ( 0.7732052490500286300, -0.1520903047868202900, 2.030000000000001100 ) ) ;
#9505 = SURFACE_STYLE_USAGE ( .BOTH. , #3762 ) ;
#9506 = CARTESIAN_POINT ( 'NONE',  ( 0.7675978214677741100, -0.4704966015211112800, 2.029999999999999800 ) ) ;
#9507 = AXIS2_PLACEMENT_3D ( 'NONE', #9704, #4793, #10548 ) ;
#9508 =( GEOMETRIC_REPRESENTATION_CONTEXT ( 3 ) GLOBAL_UNCERTAINTY_ASSIGNED_CONTEXT ( ( #9722 ) ) GLOBAL_UNIT_ASSIGNED_CONTEXT ( ( #7400, #2465, #8242 ) ) REPRESENTATION_CONTEXT ( 'NONE', 'WORKASPACE' ) );
#9509 = EDGE_LOOP ( 'NONE', ( #1061, #2415, #7972, #6975, #5035, #6371, #1455 ) ) ;
#9510 = CARTESIAN_POINT ( 'NONE',  ( -0.5333261019796772300, -0.3321934428903686700, 2.029999999999999800 ) ) ;
#9511 = ADVANCED_FACE ( 'NONE', ( #9734 ), #3260, .T. ) ;
#9512 = CARTESIAN_POINT ( 'NONE',  ( -0.9876888650874067200, -0.3159574051508940400, 2.024999999999999900 ) ) ;
#9513 = PLANE ( 'NONE',  #6085 ) ;
#9514 = FACE_OUTER_BOUND ( 'NONE', #4388, .T. ) ;
#9516 = CARTESIAN_POINT ( 'NONE',  ( -0.5366686698717879600, -0.6295781112725574700, 2.025000000000000400 ) ) ;
#9515 = DIRECTION ( 'NONE',  ( -1.000000000000000000, -0.0000000000000000000, -0.0000000000000000000 ) ) ;
#9517 = CARTESIAN_POINT ( 'NONE',  ( -0.3188610830969196300, -0.6691891044909820100, 2.030000000000000200 ) ) ;
#9518 = ORIENTED_EDGE ( 'NONE', *, *, #9670, .F. ) ;
#9519 = LINE ( 'NONE', #6568, #5151 ) ;
#9520 = VERTEX_POINT ( 'NONE', #2458 ) ;
#9521 = EDGE_LOOP ( 'NONE', ( #4566, #7850, #6812, #2995, #2843, #9590, #2775, #2730 ) ) ;
#9522 = CARTESIAN_POINT ( 'NONE',  ( -0.3971854967948645900, 0.4626995329582116500, 2.030000000000000200 ) ) ;
#9523 = STYLED_ITEM ( 'NONE', ( #931 ), #5158 ) ;
#9524 = CARTESIAN_POINT ( 'NONE',  ( 0.7919988442765570900, -0.7148789573018021800, 2.029999999999999800 ) ) ;
#9525 = VECTOR ( 'NONE', #10251, 1000.000000000000000 ) ;
#9526 = CARTESIAN_POINT ( 'NONE',  ( 1.050641025641033500, -0.6552491849905062200, 2.025000000000000400 ) ) ;
#9527 = COLOUR_RGB ( '',0.7294117647058823200, 0.3568627450980392200, 0.02352941176470588200 ) ;
#9528 = CARTESIAN_POINT ( 'NONE',  ( -0.1167828483900338700, -0.2919620051159438300, 2.024999999999999900 ) ) ;
#9529 = CARTESIAN_POINT ( 'NONE',  ( -1.075186042525725400, -0.6490159910013145700, 2.025000000000000800 ) ) ;
#9530 = CARTESIAN_POINT ( 'NONE',  ( 0.6164083501627388700, -0.2105651085090105000, 2.029999999999999800 ) ) ;
#9531 = SURFACE_STYLE_FILL_AREA ( #3584 ) ;
#9532 = EDGE_CURVE ( 'NONE', #3059, #7636, #5385, .T. ) ;
#9533 = CARTESIAN_POINT ( 'NONE',  ( 0.3868289262820583900, -0.5353773901187113300, 2.030000000000000200 ) ) ;
#9534 = EDGE_LOOP ( 'NONE', ( #8409, #518, #9122, #4186, #5536, #3036, #7259, #2440 ) ) ;
#9535 = VERTEX_POINT ( 'NONE', #4960 ) ;
#9536 = FILL_AREA_STYLE_COLOUR ( '', #6665 ) ;
#9537 = DIRECTION ( 'NONE',  ( -1.000000000000000000, -3.552334763092437500E-015, -0.0000000000000000000 ) ) ;
#9538 = DIRECTION ( 'NONE',  ( -0.0000000000000000000, -0.0000000000000000000, 1.000000000000000000 ) ) ;
#9539 = DIRECTION ( 'NONE',  ( -1.000000000000000000, 0.0000000000000000000, -0.0000000000000000000 ) ) ;
#9540 = LINE ( 'NONE', #9812, #1026 ) ;
#9541 = UNCERTAINTY_MEASURE_WITH_UNIT (LENGTH_MEASURE( 1.000000000000000100E-005 ), #6235, 'distance_accuracy_value', 'NONE');
#9542 = EDGE_LOOP ( 'NONE', ( #7331, #418, #6891, #8387, #5265, #2016 ) ) ;
#9543 = FILL_AREA_STYLE ('',( #7893 ) ) ;
#9544 = EDGE_CURVE ( 'NONE', #2233, #9191, #9863, .T. ) ;
#9545 = CARTESIAN_POINT ( 'NONE',  ( -0.5569878990777718000, -0.4318073812237226400, 2.025000000000000800 ) ) ;
#9546 = MECHANICAL_DESIGN_GEOMETRIC_PRESENTATION_REPRESENTATION (  '', ( #7897 ), #10100 ) ;
#9547 = CARTESIAN_POINT ( 'NONE',  ( -1.036001775618758300, -0.4051579215344501800, 2.030000000000000200 ) ) ;
#9548 = CARTESIAN_POINT ( 'NONE',  ( -1.700000000000005100, 1.464999999999994300, 1.070000000000000100 ) ) ;
#9549 =( NAMED_UNIT ( * ) SI_UNIT ( $, .STERADIAN. ) SOLID_ANGLE_UNIT ( ) );
#9551 = CARTESIAN_POINT ( 'NONE',  ( -0.5533068173518347300, -0.6091341556643070600, 2.025000000000000800 ) ) ;
#9550 = CARTESIAN_POINT ( 'NONE',  ( 0.5999699032105777500, -0.2585797284408419800, 2.029999999999999400 ) ) ;
#9552 = CARTESIAN_POINT ( 'NONE',  ( 0.5217948717948789300, -0.7116594414007626500, 2.030000000000000200 ) ) ;
#9553 = EDGE_LOOP ( 'NONE', ( #4842, #6768, #6561, #1376 ) ) ;
#9554 =( GEOMETRIC_REPRESENTATION_CONTEXT ( 3 ) GLOBAL_UNCERTAINTY_ASSIGNED_CONTEXT ( ( #9244 ) ) GLOBAL_UNIT_ASSIGNED_CONTEXT ( ( #7448, #2516, #8282 ) ) REPRESENTATION_CONTEXT ( 'NONE', 'WORKASPACE' ) );
#9555 = MECHANICAL_DESIGN_GEOMETRIC_PRESENTATION_REPRESENTATION (  '', ( #8448 ), #10110 ) ;
#9556 = SURFACE_STYLE_USAGE ( .BOTH. , #3808 ) ;
#9557 = DIRECTION ( 'NONE',  ( -3.552334763092437500E-015, 1.000000000000000000, 0.0000000000000000000 ) ) ;
#9558 = CARTESIAN_POINT ( 'NONE',  ( -0.2838808465378138100, -0.2047174291758034300, 2.025000000000000400 ) ) ;
#9559 = CARTESIAN_POINT ( 'NONE',  ( -0.3104767628205059000, -0.1475568772981984700, 2.025000000000000400 ) ) ;
#9560 = ADVANCED_FACE ( 'NONE', ( #2384 ), #9879, .T. ) ;
#9561 = STYLED_ITEM ( 'NONE', ( #272 ), #1866 ) ;
#9562 = ORIENTED_EDGE ( 'NONE', *, *, #829, .F. ) ;
#9563 = VECTOR ( 'NONE', #9767, 1000.000000000000000 ) ;
#9564 = PRESENTATION_LAYER_ASSIGNMENT (  '', '', ( #8466 ) ) ;
#9565 = DIRECTION ( 'NONE',  ( 1.000000000000000000, 3.552334763092437500E-015, 0.0000000000000000000 ) ) ;
#9566 = CARTESIAN_POINT ( 'NONE',  ( 0.7985714637068126500, -0.6500229559403849500, 2.024999999999999900 ) ) ;
#9567 =( LENGTH_UNIT ( ) NAMED_UNIT ( * ) SI_UNIT ( .MILLI., .METRE. ) );
#9568 = EDGE_CURVE ( 'NONE', #10390, #3020, #7948, .T. ) ;
#9569 =( NAMED_UNIT ( * ) PLANE_ANGLE_UNIT ( ) SI_UNIT ( $, .RADIAN. ) );
#9570 = VECTOR ( 'NONE', #2553, 1000.000000000000000 ) ;
#9571 = COLOUR_RGB ( '',0.7294117647058823200, 0.3568627450980392200, 0.02352941176470588200 ) ;
#9572 = ORIENTED_EDGE ( 'NONE', *, *, #7043, .F. ) ;
#9573 = CARTESIAN_POINT ( 'NONE',  ( -1.036001775618758300, -0.4051579215344501800, 2.025000000000000400 ) ) ;
#9574 = B_SPLINE_CURVE_WITH_KNOTS ( 'NONE', 3,
 ( #7281, #1504, #663, #2338, #8117, #3194, #8939, #4015, #9762, #4844, #10600, #5668, #701, #6488, #1544, #7317, #2374, #8149, #3228 ),
 .UNSPECIFIED., .F., .F.,
 ( 4, 1, 1, 1, 1, 1, 1, 1, 1, 1, 1, 1, 1, 1, 1, 1, 4 ),
 ( 0.0000000000000000000, 0.06148425519689042200, 0.1217745277022104800, 0.1809195598139318700, 0.2402561150782714100, 0.3001144444023516900, 0.3611459476126116500, 0.4235005824125857600, 0.4886693612807191900, 0.5539541046535621000, 0.6175812610152620100, 0.6802384268167397400, 0.7421873887724539400, 0.8046632117692935600, 0.8682589893126627700, 0.9330202571803759600, 1.000000000000000000 ),
 .UNSPECIFIED. ) ;
#9575 = CARTESIAN_POINT ( 'NONE',  ( -1.150000000000005200, -1.100000000000000100, 4.065758146820641600E-017 ) ) ;
#9576 = CARTESIAN_POINT ( 'NONE',  ( 0.6608525584650740700, -0.7103612401206105300, 2.025000000000000400 ) ) ;
#9577 = CARTESIAN_POINT ( 'NONE',  ( 0.6657932330859900300, -0.1641199486049558500, 2.025000000000000800 ) ) ;
#9578 = PLANE ( 'NONE',  #1452 ) ;
#9579 = FACE_OUTER_BOUND ( 'NONE', #7245, .T. ) ;
#9580 = CARTESIAN_POINT ( 'NONE',  ( 0.8028611120196937900, -0.5025482872137356800, 2.025000000000000400 ) ) ;
#9581 =( NAMED_UNIT ( * ) PLANE_ANGLE_UNIT ( ) SI_UNIT ( $, .RADIAN. ) );
#9582 = EDGE_LOOP ( 'NONE', ( #8514, #2371, #2128, #1939 ) ) ;
#9583 = EDGE_LOOP ( 'NONE', ( #9120, #10028, #8691, #1668 ) ) ;
#9584 = CARTESIAN_POINT ( 'NONE',  ( -0.4230719226436790400, -0.2277910389486727800, 2.025000000000000800 ) ) ;
#9585 = CARTESIAN_POINT ( 'NONE',  ( -0.1286582169456181900, -0.2037972196725176000, 2.024999999999999900 ) ) ;
#9586 = CARTESIAN_POINT ( 'NONE',  ( 1.727711642729157200, -0.3929754577541194100, 1.168875115524117700 ) ) ;
#9587 =( LENGTH_UNIT ( ) NAMED_UNIT ( * ) SI_UNIT ( .MILLI., .METRE. ) );
#9588 = VERTEX_POINT ( 'NONE', #5073 ) ;
#9589 = UNCERTAINTY_MEASURE_WITH_UNIT (LENGTH_MEASURE( 1.000000000000000100E-005 ), #4328, 'distance_accuracy_value', 'NONE');
#9590 = ORIENTED_EDGE ( 'NONE', *, *, #6353, .F. ) ;
#9591 = EDGE_CURVE ( 'NONE', #3078, #1678, #6049, .T. ) ;
#9592 = SURFACE_STYLE_FILL_AREA ( #8592 ) ;
#9593 = CARTESIAN_POINT ( 'NONE',  ( -1.044503134729602800, -0.4173534993844726900, 2.030000000000001100 ) ) ;
#9594 = CARTESIAN_POINT ( 'NONE',  ( 7.094747966202019600E-015, -0.7116594414007626500, 2.025000000000000400 ) ) ;
#9595 = EDGE_CURVE ( 'NONE', #6021, #6493, #4140, .T. ) ;
#9596 = LINE ( 'NONE', #4686, #9349 ) ;
#9597 = ORIENTED_EDGE ( 'NONE', *, *, #7669, .T. ) ;
#9598 = CARTESIAN_POINT ( 'NONE',  ( -0.1536842990767587100, -0.2558342963481118900, 2.030000000000000700 ) ) ;
#9599 = DIRECTION ( 'NONE',  ( 1.000000000000000000, 3.552334763092437900E-015, 0.0000000000000000000 ) ) ;
#9600 = DIRECTION ( 'NONE',  ( 0.05226442768871385200, 0.05226442768871422000, -0.9972646886342373400 ) ) ;
#9601 = LINE ( 'NONE', #5189, #7415 ) ;
#9602 = PRESENTATION_LAYER_ASSIGNMENT (  '', '', ( #8517 ) ) ;
#9603 = COLOUR_RGB ( '',0.7294117647058823200, 0.3568627450980392200, 0.02352941176470588200 ) ;
#9604 = CARTESIAN_POINT ( 'NONE',  ( -0.1203541297961922800, -0.5849876548523533800, 2.029999999999999800 ) ) ;
#9605 = SURFACE_STYLE_USAGE ( .BOTH. , #3870 ) ;
#9606 = ORIENTED_EDGE ( 'NONE', *, *, #4682, .T. ) ;
#9607 = EDGE_CURVE ( 'NONE', #604, #7910, #3580, .T. ) ;
#9608 = COLOUR_RGB ( '',1.000000000000000000, 0.7176470588235294200, 0.2470588235294117800 ) ;
#9609 = VECTOR ( 'NONE', #2131, 1000.000000000000000 ) ;
#9610 = FACE_OUTER_BOUND ( 'NONE', #7440, .T. ) ;
#9611 = CARTESIAN_POINT ( 'NONE',  ( -1.525252652248629200, -1.290252652248629900, 0.2199999999999999700 ) ) ;
#9612 = CARTESIAN_POINT ( 'NONE',  ( -1.104877279844464800, -0.1654989587292840800, 2.029999999999999800 ) ) ;
#9613 = ORIENTED_EDGE ( 'NONE', *, *, #2496, .T. ) ;
#9614 = CARTESIAN_POINT ( 'NONE',  ( 0.6034616411506654700, -0.3088899169654016900, 2.030000000000000700 ) ) ;
#9615 = VECTOR ( 'NONE', #6165, 1000.000000000000000 ) ;
#9616 = CARTESIAN_POINT ( 'NONE',  ( -0.5493914832177935200, -0.3748310668515259000, 2.025000000000000400 ) ) ;
#9617 =( NAMED_UNIT ( * ) PLANE_ANGLE_UNIT ( ) SI_UNIT ( $, .RADIAN. ) );
#9618 =( GEOMETRIC_REPRESENTATION_CONTEXT ( 3 ) GLOBAL_UNCERTAINTY_ASSIGNED_CONTEXT ( ( #7529 ) ) GLOBAL_UNIT_ASSIGNED_CONTEXT ( ( #2823, #8578, #3661 ) ) REPRESENTATION_CONTEXT ( 'NONE', 'WORKASPACE' ) );
#9619 = FILL_AREA_STYLE ('',( #7980 ) ) ;
#9620 = DIRECTION ( 'NONE',  ( 0.0000000000000000000, -1.000000000000000000, 0.0000000000000000000 ) ) ;
#9621 = LINE ( 'NONE', #6981, #3073 ) ;
#9622 = VECTOR ( 'NONE', #6843, 1000.000000000000100 ) ;
#9623 = EDGE_CURVE ( 'NONE', #2918, #1242, #10138, .T. ) ;
#9624 = ORIENTED_EDGE ( 'NONE', *, *, #9255, .F. ) ;
#9625 = PRESENTATION_STYLE_ASSIGNMENT (( #169 ) ) ;
#9626 = ORIENTED_EDGE ( 'NONE', *, *, #1749, .F. ) ;
#9627 = MECHANICAL_DESIGN_GEOMETRIC_PRESENTATION_REPRESENTATION (  '', ( #7989 ), #10202 ) ;
#9628 = CARTESIAN_POINT ( 'NONE',  ( -0.9630368956456935000, -0.4825423015312145200, 2.025000000000000400 ) ) ;
#9629 = CARTESIAN_POINT ( 'NONE',  ( 0.8391025641025715600, -0.5761426144776857800, 2.025000000000000400 ) ) ;
#9630 = CARTESIAN_POINT ( 'NONE',  ( 0.8136035140712444300, -0.2464120181264868600, 2.030000000000000200 ) ) ;
#9631 = PRESENTATION_STYLE_ASSIGNMENT (( #9126 ) ) ;
#9632 = AXIS2_PLACEMENT_3D ( 'NONE', #10182, #5261, #284 ) ;
#9633 = CARTESIAN_POINT ( 'NONE',  ( -0.2838808465378138100, -0.2047174291758034300, 2.025000000000000400 ) ) ;
#9634 = LINE ( 'NONE', #1572, #1137 ) ;
#9635 = MECHANICAL_DESIGN_GEOMETRIC_PRESENTATION_REPRESENTATION (  '', ( #1699 ), #10207 ) ;
#9636 = VECTOR ( 'NONE', #458, 1000.000000000000000 ) ;
#9637 = STYLED_ITEM ( 'NONE', ( #6854 ), #2112 ) ;
#9638 = SURFACE_SIDE_STYLE ('',( #2301 ) ) ;
#9639 = CARTESIAN_POINT ( 'NONE',  ( 0.6538818236023171700, -0.2462487798053824600, 2.025000000000000800 ) ) ;
#9640 = VERTEX_POINT ( 'NONE', #2691 ) ;
#9641 = AXIS2_PLACEMENT_3D ( 'NONE', #1708, #1671, #875 ) ;
#9642 = EDGE_LOOP ( 'NONE', ( #926, #3783, #1654, #9023 ) ) ;
#9643 = ORIENTED_EDGE ( 'NONE', *, *, #10450, .T. ) ;
#9644 =( NAMED_UNIT ( * ) SI_UNIT ( $, .STERADIAN. ) SOLID_ANGLE_UNIT ( ) );
#9645 = ORIENTED_EDGE ( 'NONE', *, *, #4711, .T. ) ;
#9646 = DIRECTION ( 'NONE',  ( 0.0000000000000000000, -0.0000000000000000000, 1.000000000000000000 ) ) ;
#9647 = VECTOR ( 'NONE', #8257, 1000.000000000000000 ) ;
#9648 = FILL_AREA_STYLE_COLOUR ( '', #281 ) ;
#9649 = DIRECTION ( 'NONE',  ( -1.000000000000000000, 0.0000000000000000000, -4.631543261103126300E-015 ) ) ;
#9650 = CARTESIAN_POINT ( 'NONE',  ( -1.012126256579944900, -0.3802133279138788000, 2.030000000000000200 ) ) ;
#9651 = CYLINDRICAL_SURFACE ( 'NONE', #9075, 0.1000000000000000500 ) ;
#9652 = VECTOR ( 'NONE', #376, 1000.000000000000000 ) ;
#9653 = FILL_AREA_STYLE ('',( #8832 ) ) ;
#9654 = CARTESIAN_POINT ( 'NONE',  ( 0.7457324455299327900, -0.6689511820855226200, 2.025000000000000400 ) ) ;
#9655 = VERTEX_POINT ( 'NONE', #5966 ) ;
#9656 = CARTESIAN_POINT ( 'NONE',  ( -1.017959280506040500, -0.2103083520465521500, 2.025000000000000400 ) ) ;
#9657 = DIRECTION ( 'NONE',  ( 0.0000000000000000000, 1.000000000000000000, 0.0000000000000000000 ) ) ;
#9658 = ORIENTED_EDGE ( 'NONE', *, *, #6070, .T. ) ;
#9659 = CARTESIAN_POINT ( 'NONE',  ( -0.3933243080652493200, -0.2160398562112440500, 2.030000000000000700 ) ) ;
#9660 =( LENGTH_UNIT ( ) NAMED_UNIT ( * ) SI_UNIT ( .MILLI., .METRE. ) );
#9661 = CARTESIAN_POINT ( 'NONE',  ( -1.269230769230762500, -0.1616594414007626000, 2.025000000000000400 ) ) ;
#9662 = EDGE_CURVE ( 'NONE', #8590, #3441, #3301, .T. ) ;
#9663 = B_SPLINE_CURVE_WITH_KNOTS ( 'NONE', 3,
 ( #6916, #7849, #3761, #9504, #4577, #10337, #5411, #432, #6223, #1288, #7044, #2117, #7886, #2961, #8712 ),
 .UNSPECIFIED., .F., .F.,
 ( 4, 1, 1, 1, 1, 1, 1, 1, 1, 1, 1, 1, 4 ),
 ( 0.0000000000000000000, 0.1072327993600888400, 0.2132518127818491500, 0.3188304473075874700, 0.4267935306342750000, 0.4836459507827186600, 0.5436038220211418800, 0.6083076495640830100, 0.6771267602600407100, 0.7506856360204959800, 0.8287134184432871600, 0.9121903482234525700, 1.000000000000000000 ),
 .UNSPECIFIED. ) ;
#9664 = EDGE_LOOP ( 'NONE', ( #738, #8131, #10312, #3165 ) ) ;
#9665 = EDGE_CURVE ( 'NONE', #4574, #10551, #2206, .T. ) ;
#9666 = CARTESIAN_POINT ( 'NONE',  ( -0.9448717948717880700, -0.5555396497340959700, 2.030000000000000200 ) ) ;
#9667 = DIRECTION ( 'NONE',  ( 1.000000000000000000, 0.0000000000000000000, 0.0000000000000000000 ) ) ;
#9668 = DIRECTION ( 'NONE',  ( 3.774355685785715000E-015, -1.000000000000000000, -0.0000000000000000000 ) ) ;
#9669 = DIRECTION ( 'NONE',  ( 1.000000000000000000, 0.0000000000000000000, 0.0000000000000000000 ) ) ;
#9670 = EDGE_CURVE ( 'NONE', #6021, #1166, #9601, .T. ) ;
#9671 = CARTESIAN_POINT ( 'NONE',  ( -1.750000000000005300, 1.100000000000000100, 1.020999999999999500 ) ) ;
#9672 = EDGE_CURVE ( 'NONE', #9752, #8521, #5494, .T. ) ;
#9673 = EDGE_LOOP ( 'NONE', ( #2890, #2049, #1001, #2051, #9658, #5736, #5478, #7459 ) ) ;
#9674 = CARTESIAN_POINT ( 'NONE',  ( -0.5999999999999997600, -1.250000000000000000, 0.1200000000000000100 ) ) ;
#9675 = DIRECTION ( 'NONE',  ( 0.4190581774617469500, -0.9079593845004517700, 0.0000000000000000000 ) ) ;
#9676 = SURFACE_STYLE_USAGE ( .BOTH. , #3935 ) ;
#9677 = ORIENTED_EDGE ( 'NONE', *, *, #3517, .F. ) ;
#9678 = DIRECTION ( 'NONE',  ( 0.0000000000000000000, 0.0000000000000000000, 1.000000000000000000 ) ) ;
#9679 = FILL_AREA_STYLE ('',( #3907 ) ) ;
#9680 = AXIS2_PLACEMENT_3D ( 'NONE', #4930, #10684, #5751 ) ;
#9681 = CARTESIAN_POINT ( 'NONE',  ( 0.8183797621879158600, -0.6325875814342278900, 2.030000000000000700 ) ) ;
#9682 = CARTESIAN_POINT ( 'NONE',  ( -0.9871794871794802300, -0.2979475022981985000, 2.029999999999999400 ) ) ;
#9683 = ORIENTED_EDGE ( 'NONE', *, *, #9165, .T. ) ;
#9684 = EDGE_LOOP ( 'NONE', ( #6939, #7813, #7455, #7759 ) ) ;
#9685 = CARTESIAN_POINT ( 'NONE',  ( -0.5395379401696757100, -0.3460338111021330500, 2.030000000000000200 ) ) ;
#9686 = ORIENTED_EDGE ( 'NONE', *, *, #8297, .T. ) ;
#9687 = SURFACE_STYLE_FILL_AREA ( #6917 ) ;
#9688 =( LENGTH_UNIT ( ) NAMED_UNIT ( * ) SI_UNIT ( .MILLI., .METRE. ) );
#9689 = CARTESIAN_POINT ( 'NONE',  ( -1.699999999999994600, -1.465000000000006300, 1.169999999999999900 ) ) ;
#9690 = CYLINDRICAL_SURFACE ( 'NONE', #10077, 0.1000000000000000700 ) ;
#9691 =( GEOMETRIC_REPRESENTATION_CONTEXT ( 3 ) GLOBAL_UNCERTAINTY_ASSIGNED_CONTEXT ( ( #10208 ) ) GLOBAL_UNIT_ASSIGNED_CONTEXT ( ( #1499, #7274, #2332 ) ) REPRESENTATION_CONTEXT ( 'NONE', 'WORKASPACE' ) );
#9692 = CARTESIAN_POINT ( 'NONE',  ( 0.8176353086143305400, -0.1729935647906351800, 2.024999999999999500 ) ) ;
#9693 = LINE ( 'NONE', #3964, #7513 ) ;
#9694 =( GEOMETRIC_REPRESENTATION_CONTEXT ( 3 ) GLOBAL_UNCERTAINTY_ASSIGNED_CONTEXT ( ( #4531 ) ) GLOBAL_UNIT_ASSIGNED_CONTEXT ( ( #3656, #9405, #4486 ) ) REPRESENTATION_CONTEXT ( 'NONE', 'WORKASPACE' ) );
#9695 =( GEOMETRIC_REPRESENTATION_CONTEXT ( 3 ) GLOBAL_UNCERTAINTY_ASSIGNED_CONTEXT ( ( #4791 ) ) GLOBAL_UNIT_ASSIGNED_CONTEXT ( ( #6438, #1483, #7260 ) ) REPRESENTATION_CONTEXT ( 'NONE', 'WORKASPACE' ) );
#9696 = ORIENTED_EDGE ( 'NONE', *, *, #4913, .F. ) ;
#9697 = VECTOR ( 'NONE', #5032, 1000.000000000000000 ) ;
#9698 = CARTESIAN_POINT ( 'NONE',  ( -0.5570512820512753000, -0.4372103228110190700, 2.025000000000000800 ) ) ;
#9700 = CARTESIAN_POINT ( 'NONE',  ( 0.7428419495746981800, -0.2044852325770312700, 2.024999999999999900 ) ) ;
#9699 = AXIS2_PLACEMENT_3D ( 'NONE', #846, #6629, #1684 ) ;
#9701 = UNCERTAINTY_MEASURE_WITH_UNIT (LENGTH_MEASURE( 1.000000000000000100E-005 ), #3511, 'distance_accuracy_value', 'NONE');
#9702 = ORIENTED_EDGE ( 'NONE', *, *, #1971, .T. ) ;
#9703 = DIRECTION ( 'NONE',  ( 0.0000000000000000000, -0.0000000000000000000, 1.000000000000000000 ) ) ;
#9704 = CARTESIAN_POINT ( 'NONE',  ( -1.710000000000005100, 1.100000000000000100, 1.169999999999999700 ) ) ;
#9705 = COLOUR_RGB ( '',1.000000000000000000, 0.7176470588235294200, 0.2470588235294117800 ) ;
#9706 = CARTESIAN_POINT ( 'NONE',  ( 0.5251001602564178100, 0.5105160393684681200, 2.030000000000000200 ) ) ;
#9707 = ORIENTED_EDGE ( 'NONE', *, *, #8083, .F. ) ;
#9708 = CARTESIAN_POINT ( 'NONE',  ( -1.181861066131053100, -0.3942889040491925300, 2.030000000000000200 ) ) ;
#9709 = DIRECTION ( 'NONE',  ( -0.4189977888269750300, 0.9079872537420916600, 0.0000000000000000000 ) ) ;
#9710 = AXIS2_PLACEMENT_3D ( 'NONE', #3061, #8819, #3891 ) ;
#9711 = SURFACE_SIDE_STYLE ('',( #1648 ) ) ;
#9712 = ORIENTED_EDGE ( 'NONE', *, *, #9437, .F. ) ;
#9713 =( GEOMETRIC_REPRESENTATION_CONTEXT ( 3 ) GLOBAL_UNCERTAINTY_ASSIGNED_CONTEXT ( ( #6838 ) ) GLOBAL_UNIT_ASSIGNED_CONTEXT ( ( #9932, #5013, #46 ) ) REPRESENTATION_CONTEXT ( 'NONE', 'WORKASPACE' ) );
#9714 = CARTESIAN_POINT ( 'NONE',  ( -0.6015999980118838000, -0.3755429914310213800, 2.030000000000000700 ) ) ;
#9715 = VECTOR ( 'NONE', #5666, 1000.000000000000000 ) ;
#9716 = VECTOR ( 'NONE', #4163, 999.9999999999998900 ) ;
#9717 = EDGE_CURVE ( 'NONE', #3450, #2291, #5749, .T. ) ;
#9718 = CARTESIAN_POINT ( 'NONE',  ( 1.311538461538469500, -0.7116594414007626500, 2.030000000000000200 ) ) ;
#9719 = PLANE ( 'NONE',  #8738 ) ;
#9720 = CARTESIAN_POINT ( 'NONE',  ( -0.3849956284268296600, -0.6604142485873512000, 2.030000000000000700 ) ) ;
#9721 = ORIENTED_EDGE ( 'NONE', *, *, #3892, .T. ) ;
#9722 = UNCERTAINTY_MEASURE_WITH_UNIT (LENGTH_MEASURE( 1.000000000000000100E-005 ), #7400, 'distance_accuracy_value', 'NONE');
#9723 = UNCERTAINTY_MEASURE_WITH_UNIT (LENGTH_MEASURE( 1.000000000000000100E-005 ), #3430, 'distance_accuracy_value', 'NONE');
#9724 = CARTESIAN_POINT ( 'NONE',  ( -0.6064102564102494800, -0.4334643292212754800, 2.025000000000000400 ) ) ;
#9725 = ORIENTED_EDGE ( 'NONE', *, *, #7717, .F. ) ;
#9726 = DIRECTION ( 'NONE',  ( 3.552334763092437500E-015, -1.000000000000000000, 0.0000000000000000000 ) ) ;
#9727 = DIRECTION ( 'NONE',  ( -0.0000000000000000000, -0.0000000000000000000, 1.000000000000000000 ) ) ;
#9728 = CARTESIAN_POINT ( 'NONE',  ( -0.1728211529940735500, -0.6958548301035553100, 2.030000000000001100 ) ) ;
#9729 = SURFACE_STYLE_USAGE ( .BOTH. , #3981 ) ;
#9730 = VECTOR ( 'NONE', #7777, 1000.000000000000000 ) ;
#9731 = ORIENTED_EDGE ( 'NONE', *, *, #8183, .T. ) ;
#9732 = EDGE_CURVE ( 'NONE', #5920, #1897, #830, .T. ) ;
#9733 = CARTESIAN_POINT ( 'NONE',  ( -0.3610447309046502200, -0.6655314679950060700, 2.024999999999999900 ) ) ;
#9734 = FACE_OUTER_BOUND ( 'NONE', #38, .T. ) ;
#9735 = EDGE_CURVE ( 'NONE', #4775, #2761, #5253, .T. ) ;
#9736 = CARTESIAN_POINT ( 'NONE',  ( -1.219871794871788100, -0.3943517490930703000, 2.025000000000000400 ) ) ;
#9737 = VECTOR ( 'NONE', #3235, 1000.000000000000000 ) ;
#9738 = ORIENTED_EDGE ( 'NONE', *, *, #3488, .T. ) ;
#9739 = CARTESIAN_POINT ( 'NONE',  ( -0.2362179487179414900, 0.2300072252659039800, 2.025000000000000400 ) ) ;
#9740 = CARTESIAN_POINT ( 'NONE',  ( 0.7202223557692382100, -0.4344559157597369700, 2.030000000000000200 ) ) ;
#9741 = VECTOR ( 'NONE', #4242, 1000.000000000000000 ) ;
#9742 = MECHANICAL_DESIGN_GEOMETRIC_PRESENTATION_REPRESENTATION (  '', ( #7546 ), #10321 ) ;
#9743 = STYLED_ITEM ( 'NONE', ( #3321 ), #6867 ) ;
#9744 = FACE_OUTER_BOUND ( 'NONE', #2179, .T. ) ;
#9745 = CARTESIAN_POINT ( 'NONE',  ( -0.6015999980118838000, -0.3755429914310213800, 2.025000000000000800 ) ) ;
#9746 = CARTESIAN_POINT ( 'NONE',  ( -1.105956696068553800, -0.3864113057564028100, 2.025000000000000800 ) ) ;
#9747 = VECTOR ( 'NONE', #9668, 1000.000000000000000 ) ;
#9748 = CARTESIAN_POINT ( 'NONE',  ( 0.8258926230484673300, -0.6223131642762123100, 2.030000000000000200 ) ) ;
#9749 = FILL_AREA_STYLE_COLOUR ( '', #7451 ) ;
#9750 = PLANE ( 'NONE',  #1269 ) ;
#9751 = EDGE_CURVE ( 'NONE', #6949, #8146, #269, .T. ) ;
#9752 = VERTEX_POINT ( 'NONE', #6040 ) ;
#9753 = CARTESIAN_POINT ( 'NONE',  ( -0.5006781887762009600, -0.2104805221016055600, 2.025000000000000800 ) ) ;
#9754 = CARTESIAN_POINT ( 'NONE',  ( -0.5937399839743517900, 0.4626995329582116500, 2.025000000000000400 ) ) ;
#9756 = AXIS2_PLACEMENT_3D ( 'NONE', #8396, #3470, #9214 ) ;
#9755 = CARTESIAN_POINT ( 'NONE',  ( 1.699999999999996400, 0.9499999999999994000, 0.3800000000000005600 ) ) ;
#9757 = SURFACE_STYLE_FILL_AREA ( #3317 ) ;
#9758 = AXIS2_PLACEMENT_3D ( 'NONE', #1109, #9258, #1964 ) ;
#9759 = ORIENTED_EDGE ( 'NONE', *, *, #337, .F. ) ;
#9760 = DIRECTION ( 'NONE',  ( 0.0000000000000000000, 0.0000000000000000000, -1.000000000000000000 ) ) ;
#9761 = STYLED_ITEM ( 'NONE', ( #9391 ), #7838 ) ;
#9762 = CARTESIAN_POINT ( 'NONE',  ( 0.8534699795124366400, -0.6704581422040727400, 2.024999999999999900 ) ) ;
#9763 = CARTESIAN_POINT ( 'NONE',  ( 0.1642728365384686600, -0.4789671337084549500, 2.025000000000000400 ) ) ;
#9764 = VECTOR ( 'NONE', #8187, 1000.000000000000000 ) ;
#9765 = ORIENTED_EDGE ( 'NONE', *, *, #1110, .T. ) ;
#9766 = ORIENTED_EDGE ( 'NONE', *, *, #6361, .F. ) ;
#9767 = DIRECTION ( 'NONE',  ( -0.0000000000000000000, -0.0000000000000000000, 1.000000000000000000 ) ) ;
#9768 = ORIENTED_EDGE ( 'NONE', *, *, #8219, .F. ) ;
#9769 = ORIENTED_EDGE ( 'NONE', *, *, #4726, .F. ) ;
#9770 = EDGE_CURVE ( 'NONE', #9861, #9640, #2792, .T. ) ;
#9771 = LINE ( 'NONE', #7735, #5416 ) ;
#9772 = SURFACE_STYLE_FILL_AREA ( #1623 ) ;
#9773 = CARTESIAN_POINT ( 'NONE',  ( -1.052093351339734400, -0.2512566335257295800, 2.025000000000000800 ) ) ;
#9774 = CARTESIAN_POINT ( 'NONE',  ( -1.750000000000005300, -0.3749999999999996700, 0.4590000000000001900 ) ) ;
#9775 = FACE_OUTER_BOUND ( 'NONE', #2379, .T. ) ;
#9776 = ORIENTED_EDGE ( 'NONE', *, *, #9665, .T. ) ;
#9777 = EDGE_LOOP ( 'NONE', ( #5843, #7564, #2760, #1184 ) ) ;
#9778 = MECHANICAL_DESIGN_GEOMETRIC_PRESENTATION_REPRESENTATION (  '', ( #8693 ), #10347 ) ;
#9779 = AXIS2_PLACEMENT_3D ( 'NONE', #2676, #8430, #3516 ) ;
#9780 = CARTESIAN_POINT ( 'NONE',  ( 0.6426796248051039900, -0.3734816021406419100, 2.025000000000000400 ) ) ;
#9781 = MECHANICAL_DESIGN_GEOMETRIC_PRESENTATION_REPRESENTATION (  '', ( #8698 ), #10356 ) ;
#9782 = CARTESIAN_POINT ( 'NONE',  ( -0.3412525836602582400, -0.1483093630850435000, 2.025000000000000400 ) ) ;
#9783 = CARTESIAN_POINT ( 'NONE',  ( -1.045584181985086200, -0.3385297987680969100, 2.029999999999999800 ) ) ;
#9784 = B_SPLINE_CURVE_WITH_KNOTS ( 'NONE', 3,
 ( #10109, #7627, #6833, #1902, #7661, #2733, #8491, #3573, #9313, #4396, #10147 ),
 .UNSPECIFIED., .F., .F.,
 ( 4, 1, 1, 1, 1, 1, 1, 1, 4 ),
 ( 0.0000000000000000000, 0.1815353013762850400, 0.3470816724816293600, 0.4955678164315540600, 0.6283573018772139500, 0.7455196699921560200, 0.8458307507576513500, 0.9307818073847582400, 1.000000000000000000 ),
 .UNSPECIFIED. ) ;
#9785 = DIRECTION ( 'NONE',  ( 1.000000000000000000, -0.0000000000000000000, 0.0000000000000000000 ) ) ;
#9786 = UNCERTAINTY_MEASURE_WITH_UNIT (LENGTH_MEASURE( 1.000000000000000100E-005 ), #2530, 'distance_accuracy_value', 'NONE');
#9787 =( NAMED_UNIT ( * ) PLANE_ANGLE_UNIT ( ) SI_UNIT ( $, .RADIAN. ) );
#9788 = CARTESIAN_POINT ( 'NONE',  ( -0.5795926120141872100, -0.5640727829289214900, 2.024999999999999900 ) ) ;
#9789 = ORIENTED_EDGE ( 'NONE', *, *, #3206, .F. ) ;
#9790 = CARTESIAN_POINT ( 'NONE',  ( -0.3412525836602582400, -0.1483093630850435000, 2.030000000000000200 ) ) ;
#9791 = CARTESIAN_POINT ( 'NONE',  ( -0.4384139435038375000, -0.7018870027352948100, 2.025000000000000400 ) ) ;
#9792 = CARTESIAN_POINT ( 'NONE',  ( -1.061928399709753300, -0.3609787791073025300, 2.030000000000000200 ) ) ;
#9793 = DIRECTION ( 'NONE',  ( 0.0000000000000000000, -1.000000000000000000, 0.0000000000000000000 ) ) ;
#9794 = CARTESIAN_POINT ( 'NONE',  ( -0.07051282051281362900, -0.2625809157597369700, 2.025000000000000400 ) ) ;
#9795 = CARTESIAN_POINT ( 'NONE',  ( -1.016098375330682300, -0.4300571147032088400, 2.030000000000000200 ) ) ;
#9796 = CARTESIAN_POINT ( 'NONE',  ( 0.6487797257605847400, -0.2765452048783661500, 2.025000000000000400 ) ) ;
#9797 = CARTESIAN_POINT ( 'NONE',  ( 0.6105969551282125500, -0.5776850824264037100, 2.025000000000000400 ) ) ;
#9798 =( NAMED_UNIT ( * ) PLANE_ANGLE_UNIT ( ) SI_UNIT ( $, .RADIAN. ) );
#9799 = ORIENTED_EDGE ( 'NONE', *, *, #6492, .T. ) ;
#9800 = EDGE_CURVE ( 'NONE', #6287, #9588, #9083, .T. ) ;
#9801 = EDGE_CURVE ( 'NONE', #6948, #3263, #9060, .T. ) ;
#9802 = DIRECTION ( 'NONE',  ( 0.0000000000000000000, -1.000000000000000000, 1.445602896647341900E-016 ) ) ;
#9803 = CARTESIAN_POINT ( 'NONE',  ( 0.5251001602564178100, 0.5105160393684681200, 2.025000000000000400 ) ) ;
#9804 = DIRECTION ( 'NONE',  ( 2.891205793294696400E-015, -1.000000000000000000, 0.0000000000000000000 ) ) ;
#9805 = SURFACE_SIDE_STYLE ('',( #8162 ) ) ;
#9806 = DIRECTION ( 'NONE',  ( 0.0000000000000000000, 0.0000000000000000000, -1.000000000000000000 ) ) ;
#9807 =( GEOMETRIC_REPRESENTATION_CONTEXT ( 3 ) GLOBAL_UNCERTAINTY_ASSIGNED_CONTEXT ( ( #2855 ) ) GLOBAL_UNIT_ASSIGNED_CONTEXT ( ( #2477, #8255, #3322 ) ) REPRESENTATION_CONTEXT ( 'NONE', 'WORKASPACE' ) );
#9808 = MECHANICAL_DESIGN_GEOMETRIC_PRESENTATION_REPRESENTATION (  '', ( #8165 ), #10383 ) ;
#9809 = CARTESIAN_POINT ( 'NONE',  ( 0.6149212495532963000, -0.5849237714895206800, 2.024999999999999900 ) ) ;
#9810 = EDGE_LOOP ( 'NONE', ( #10497, #3766, #571, #10257 ) ) ;
#9811 = ORIENTED_EDGE ( 'NONE', *, *, #365, .T. ) ;
#9812 = CARTESIAN_POINT ( 'NONE',  ( -1.219871794871788100, -0.4507620055033266800, 2.025000000000000400 ) ) ;
#9813 = DIRECTION ( 'NONE',  ( 1.000000000000000000, 0.0000000000000000000, -0.0000000000000000000 ) ) ;
#9814 = EDGE_CURVE ( 'NONE', #3065, #3697, #4727, .T. ) ;
#9815 = SURFACE_STYLE_USAGE ( .BOTH. , #4069 ) ;
#9816 = CARTESIAN_POINT ( 'NONE',  ( 0.8193810096153920600, -0.5221562362725574700, 2.030000000000000200 ) ) ;
#9817 = DIRECTION ( 'NONE',  ( 1.000000000000000000, 0.0000000000000000000, 0.0000000000000000000 ) ) ;
#9818 =( GEOMETRIC_REPRESENTATION_CONTEXT ( 3 ) GLOBAL_UNCERTAINTY_ASSIGNED_CONTEXT ( ( #1407 ) ) GLOBAL_UNIT_ASSIGNED_CONTEXT ( ( #7403, #2467, #8245 ) ) REPRESENTATION_CONTEXT ( 'NONE', 'WORKASPACE' ) );
#9819 = CARTESIAN_POINT ( 'NONE',  ( -1.700000000000010200, 1.365380530190821300, 1.070000000000000100 ) ) ;
#9820 = FILL_AREA_STYLE ('',( #3246 ) ) ;
#9821 = CARTESIAN_POINT ( 'NONE',  ( -0.6064102564102494800, -0.4334643292212754800, 2.030000000000000200 ) ) ;
#9822 = CIRCLE ( 'NONE', #2750, 0.1399999999999999300 ) ;
#9823 = LINE ( 'NONE', #194, #5462 ) ;
#9824 = ORIENTED_EDGE ( 'NONE', *, *, #1628, .T. ) ;
#9825 = SURFACE_SIDE_STYLE ('',( #5285 ) ) ;
#9826 = MECHANICAL_DESIGN_GEOMETRIC_PRESENTATION_REPRESENTATION (  '', ( #8178 ), #10399 ) ;
#9827 = DIRECTION ( 'NONE',  ( -1.000000000000000000, 0.0000000000000000000, 1.258448950206388900E-016 ) ) ;
#9828 = FILL_AREA_STYLE ('',( #9002 ) ) ;
#9829 = CARTESIAN_POINT ( 'NONE',  ( 0.6861698754626077700, -0.3457366356589999200, 2.025000000000000400 ) ) ;
#9830 = DIRECTION ( 'NONE',  ( 0.0000000000000000000, 0.0000000000000000000, -1.000000000000000000 ) ) ;
#9831 = EDGE_CURVE ( 'NONE', #5598, #3685, #311, .T. ) ;
#9832 = DIRECTION ( 'NONE',  ( 1.000000000000000000, 0.0000000000000000000, 0.0000000000000000000 ) ) ;
#9833 = CARTESIAN_POINT ( 'NONE',  ( 0.6675668039651411200, -0.3261607143469944000, 2.030000000000000700 ) ) ;
#9834 = DIRECTION ( 'NONE',  ( -0.0000000000000000000, -0.0000000000000000000, 1.000000000000000000 ) ) ;
#9835 = FACE_OUTER_BOUND ( 'NONE', #7041, .T. ) ;
#9836 = AXIS2_PLACEMENT_3D ( 'NONE', #10054, #9179, #3515 ) ;
#9837 = UNCERTAINTY_MEASURE_WITH_UNIT (LENGTH_MEASURE( 1.000000000000000100E-005 ), #2337, 'distance_accuracy_value', 'NONE');
#9838 = MECHANICAL_DESIGN_GEOMETRIC_PRESENTATION_REPRESENTATION (  '', ( #8192 ), #10415 ) ;
#9839 = STYLED_ITEM ( 'NONE', ( #2428 ), #1341 ) ;
#9840 = VERTEX_POINT ( 'NONE', #5331 ) ;
#9841 = ORIENTED_EDGE ( 'NONE', *, *, #9866, .F. ) ;
#9842 = CARTESIAN_POINT ( 'NONE',  ( 0.7127285490649528700, -0.2045247314341650800, 2.030000000000000200 ) ) ;
#9843 = PRESENTATION_STYLE_ASSIGNMENT (( #6774 ) ) ;
#9844 =( NAMED_UNIT ( * ) PLANE_ANGLE_UNIT ( ) SI_UNIT ( $, .RADIAN. ) );
#9845 = FILL_AREA_STYLE_COLOUR ( '', #7125 ) ;
#9846 = DIRECTION ( 'NONE',  ( -1.000000000000000000, -0.0000000000000000000, -0.0000000000000000000 ) ) ;
#9848 = CARTESIAN_POINT ( 'NONE',  ( 0.8884615384615458500, -0.5769138484520447400, 2.030000000000000200 ) ) ;
#9847 = STYLED_ITEM ( 'NONE', ( #8070 ), #8509 ) ;
#9849 = ORIENTED_EDGE ( 'NONE', *, *, #7954, .F. ) ;
#9850 = CARTESIAN_POINT ( 'NONE',  ( 1.654929309816589400, -1.419929309816578800, 2.030000000000000200 ) ) ;
#9851 = DIRECTION ( 'NONE',  ( 1.000000000000000000, 0.0000000000000000000, -0.0000000000000000000 ) ) ;
#9852 = ORIENTED_EDGE ( 'NONE', *, *, #7624, .F. ) ;
#9853 = DIRECTION ( 'NONE',  ( 1.000000000000000000, 0.0000000000000000000, -0.0000000000000000000 ) ) ;
#9854 = PRESENTATION_STYLE_ASSIGNMENT (( #10662 ) ) ;
#9855 = PLANE ( 'NONE',  #764 ) ;
#9856 = CARTESIAN_POINT ( 'NONE',  ( 0.7338958646261611900, -0.2041412645306585100, 2.025000000000000400 ) ) ;
#9857 = LINE ( 'NONE', #6116, #7939 ) ;
#9858 = CARTESIAN_POINT ( 'NONE',  ( 1.850000000000003600, -1.024999999999526500, 0.3050000000000010500 ) ) ;
#9859 = DIRECTION ( 'NONE',  ( -1.000000000000000000, -3.552334763092437900E-015, -0.0000000000000000000 ) ) ;
#9860 = DIRECTION ( 'NONE',  ( 0.0000000000000000000, 1.000000000000000000, 0.0000000000000000000 ) ) ;
#9861 = VERTEX_POINT ( 'NONE', #6147 ) ;
#9862 = FILL_AREA_STYLE ('',( #4076 ) ) ;
#9863 = B_SPLINE_CURVE_WITH_KNOTS ( 'NONE', 3,
 ( #6610, #826, #2492, #8272, #3344, #9081, #4171, #9920, #5000, #35, #5824, #872, #6653, #1704, #7473, #2539, #8300, #3380, #9112 ),
 .UNSPECIFIED., .F., .F.,
 ( 4, 1, 1, 1, 1, 1, 1, 1, 1, 1, 1, 1, 1, 1, 1, 1, 4 ),
 ( 0.0000000000000000000, 0.06259409718733180400, 0.1213229386347494100, 0.1766801421977652900, 0.2283650957096753600, 0.2768684458368074200, 0.3218791276660460900, 0.3640986251098920500, 0.4033556962427014600, 0.4779679481633711800, 0.5505354613647762700, 0.6235844567403235900, 0.6981748822642041000, 0.7733536703408755400, 0.8472811254977337100, 0.9228183395566694800, 1.000000000000000000 ),
 .UNSPECIFIED. ) ;
#9864 = FILL_AREA_STYLE_COLOUR ( '', #8869 ) ;
#9865 = CARTESIAN_POINT ( 'NONE',  ( 1.001282051282059000, -0.1616594414007626000, 2.025000000000000400 ) ) ;
#9866 = EDGE_CURVE ( 'NONE', #5237, #8822, #7156, .T. ) ;
#9867 = CARTESIAN_POINT ( 'NONE',  ( 0.7313216556298266500, -0.3797235952627914200, 2.029999999999999800 ) ) ;
#9868 = CARTESIAN_POINT ( 'NONE',  ( 1.849999999999998500, 0.3929754577545924700, 1.168875115524117500 ) ) ;
#9869 = EDGE_LOOP ( 'NONE', ( #10124, #9849, #1145, #4499, #3183, #593, #3130, #9769 ) ) ;
#9870 = CARTESIAN_POINT ( 'NONE',  ( 0.5995640786293683400, -0.2700932813134887500, 2.025000000000000800 ) ) ;
#9871 =( LENGTH_UNIT ( ) NAMED_UNIT ( * ) SI_UNIT ( .MILLI., .METRE. ) );
#9872 = DIRECTION ( 'NONE',  ( -0.4188422247446084200, 0.9080590238365493500, 0.0000000000000000000 ) ) ;
#9873 = CARTESIAN_POINT ( 'NONE',  ( 0.7045773237179563400, 0.2300072252659040600, 2.025000000000000400 ) ) ;
#9874 = CARTESIAN_POINT ( 'NONE',  ( 0.8289057923939405800, -0.2643243859339181000, 2.029999999999999800 ) ) ;
#9875 = VECTOR ( 'NONE', #8695, 1000.000000000000000 ) ;
#9876 = ORIENTED_EDGE ( 'NONE', *, *, #1129, .T. ) ;
#9877 = CARTESIAN_POINT ( 'NONE',  ( 0.6489889537989743700, -0.2688654176382211900, 2.030000000000000700 ) ) ;
#9878 = VECTOR ( 'NONE', #9444, 1000.000000000000100 ) ;
#9879 = PLANE ( 'NONE',  #8809 ) ;
#9880 = EDGE_CURVE ( 'NONE', #8805, #7789, #2260, .T. ) ;
#9881 = CARTESIAN_POINT ( 'NONE',  ( -0.8814102564102497300, -0.4719158516571728700, 2.025000000000000400 ) ) ;
#9882 = EDGE_CURVE ( 'NONE', #1436, #3756, #8583, .T. ) ;
#9883 =( GEOMETRIC_REPRESENTATION_CONTEXT ( 3 ) GLOBAL_UNCERTAINTY_ASSIGNED_CONTEXT ( ( #4058 ) ) GLOBAL_UNIT_ASSIGNED_CONTEXT ( ( #3018, #8773, #3844 ) ) REPRESENTATION_CONTEXT ( 'NONE', 'WORKASPACE' ) );
#9884 = CARTESIAN_POINT ( 'NONE',  ( 0.8858027493659228500, -0.6059508353195993700, 2.029999999999999800 ) ) ;
#9885 = FILL_AREA_STYLE ('',( #4967 ) ) ;
#9886 = LINE ( 'NONE', #4367, #9622 ) ;
#9887 = COLOUR_RGB ( '',0.7294117647058823200, 0.3568627450980392200, 0.02352941176470588200 ) ;
#9888 = CARTESIAN_POINT ( 'NONE',  ( 0.7413570170431746900, -0.1477804211209270100, 2.030000000000000200 ) ) ;
#9889 = VERTEX_POINT ( 'NONE', #2077 ) ;
#9890 =( NAMED_UNIT ( * ) PLANE_ANGLE_UNIT ( ) SI_UNIT ( $, .RADIAN. ) );
#9891 = DIRECTION ( 'NONE',  ( 0.0000000000000000000, -0.0000000000000000000, 1.000000000000000000 ) ) ;
#9892 = FILL_AREA_STYLE_COLOUR ( '', #5688 ) ;
#9893 = EDGE_LOOP ( 'NONE', ( #536, #10577, #9613, #6379 ) ) ;
#9894 = CARTESIAN_POINT ( 'NONE',  ( 0.6112085563040071700, -0.3299047559353554000, 2.030000000000000200 ) ) ;
#9895 = CARTESIAN_POINT ( 'NONE',  ( -0.2204427768894367000, -0.1591193892967413500, 2.029999999999999800 ) ) ;
#9896 =( LENGTH_UNIT ( ) NAMED_UNIT ( * ) SI_UNIT ( .MILLI., .METRE. ) );
#9897 = COLOUR_RGB ( '',1.000000000000000000, 0.7176470588235294200, 0.2470588235294117800 ) ;
#9898 =( LENGTH_UNIT ( ) NAMED_UNIT ( * ) SI_UNIT ( .MILLI., .METRE. ) );
#9899 = LINE ( 'NONE', #1303, #3610 ) ;
#9900 = CARTESIAN_POINT ( 'NONE',  ( -1.036621146995907900, -0.2958864675988168200, 2.025000000000000400 ) ) ;
#9901 = DIRECTION ( 'NONE',  ( -1.000000000000000000, 0.0000000000000000000, 0.0000000000000000000 ) ) ;
#9902 = ORIENTED_EDGE ( 'NONE', *, *, #9623, .F. ) ;
#9903 = UNCERTAINTY_MEASURE_WITH_UNIT (LENGTH_MEASURE( 1.000000000000000100E-005 ), #7377, 'distance_accuracy_value', 'NONE');
#9904 = FILL_AREA_STYLE ('',( #9030 ) ) ;
#9905 = ORIENTED_EDGE ( 'NONE', *, *, #10538, .F. ) ;
#9906 = ORIENTED_EDGE ( 'NONE', *, *, #1820, .T. ) ;
#9908 = STYLED_ITEM ( 'NONE', ( #10352 ), #1926 ) ;
#9907 = FILL_AREA_STYLE ('',( #4200 ) ) ;
#9909 = ORIENTED_EDGE ( 'NONE', *, *, #10438, .T. ) ;
#9910 = VECTOR ( 'NONE', #8107, 1000.000000000000000 ) ;
#9911 =( GEOMETRIC_REPRESENTATION_CONTEXT ( 3 ) GLOBAL_UNCERTAINTY_ASSIGNED_CONTEXT ( ( #10530 ) ) GLOBAL_UNIT_ASSIGNED_CONTEXT ( ( #7121, #2194, #7960 ) ) REPRESENTATION_CONTEXT ( 'NONE', 'WORKASPACE' ) );
#9912 = CARTESIAN_POINT ( 'NONE',  ( 0.6657932330859900300, -0.1641199486049558500, 2.025000000000000800 ) ) ;
#9913 = CIRCLE ( 'NONE', #6889, 0.1000000000000000500 ) ;
#9914 = CARTESIAN_POINT ( 'NONE',  ( -0.6062097429425689100, -0.4428767375831035900, 2.029999999999999800 ) ) ;
#9915 = CARTESIAN_POINT ( 'NONE',  ( 0.7785587185114462000, -0.2165319051350873300, 2.025000000000001200 ) ) ;
#9916 = PRESENTATION_STYLE_ASSIGNMENT (( #2557 ) ) ;
#9917 = EDGE_CURVE ( 'NONE', #10355, #5115, #6384, .T. ) ;
#9918 = FACE_OUTER_BOUND ( 'NONE', #8123, .T. ) ;
#9919 = CARTESIAN_POINT ( 'NONE',  ( -0.6205128205128133100, 0.4062892765479552700, 2.025000000000000400 ) ) ;
#9920 = CARTESIAN_POINT ( 'NONE',  ( -1.081794826474207000, -0.1702908090948891100, 2.025000000000000800 ) ) ;
#9921 = ORIENTED_EDGE ( 'NONE', *, *, #5289, .F. ) ;
#9922 = CARTESIAN_POINT ( 'NONE',  ( 1.850000000000003400, -0.9499999999995264500, 0.3800000000000005600 ) ) ;
#9923 =( NAMED_UNIT ( * ) SI_UNIT ( $, .STERADIAN. ) SOLID_ANGLE_UNIT ( ) );
#9924 = CARTESIAN_POINT ( 'NONE',  ( 0.2926282051282122500, 0.7800072252659040500, 2.025000000000000400 ) ) ;
#9925 = B_SPLINE_CURVE_WITH_KNOTS ( 'NONE', 3,
 ( #4664, #2159, #1359, #7126, #2196, #7964, #3042, #8791, #3865, #9604, #4695 ),
 .UNSPECIFIED., .F., .F.,
 ( 4, 1, 1, 1, 1, 1, 1, 1, 4 ),
 ( 0.0000000000000000000, 0.1285151895116613800, 0.2529486363526579100, 0.3747547340060047300, 0.4959397538670500300, 0.6171806414298927100, 0.7409094692781373900, 0.8678111481862027500, 1.000000000000000000 ),
 .UNSPECIFIED. ) ;
#9926 = MECHANICAL_DESIGN_GEOMETRIC_PRESENTATION_REPRESENTATION (  '', ( #8275 ), #10488 ) ;
#9927 = CARTESIAN_POINT ( 'NONE',  ( 0.8352809088747656900, -0.1871984828151129800, 2.024999999999999900 ) ) ;
#9928 = ORIENTED_EDGE ( 'NONE', *, *, #7686, .F. ) ;
#9929 = PRESENTATION_LAYER_ASSIGNMENT (  '', '', ( #8831 ) ) ;
#9930 = CARTESIAN_POINT ( 'NONE',  ( 0.8814102564102639400, -0.2406558356315318400, 2.025000000000000400 ) ) ;
#9931 = CARTESIAN_POINT ( 'NONE',  ( 0.7271960349308357300, -0.7256816769665905800, 2.030000000000000200 ) ) ;
#9932 =( LENGTH_UNIT ( ) NAMED_UNIT ( * ) SI_UNIT ( .MILLI., .METRE. ) );
#9933 = DIRECTION ( 'NONE',  ( 0.4285842068721730200, 0.9035018415143105700, 0.0000000000000000000 ) ) ;
#9934 = FILL_AREA_STYLE_COLOUR ( '', #9128 ) ;
#9935 = CARTESIAN_POINT ( 'NONE',  ( -1.052093351339734400, -0.2512566335257295800, 2.030000000000000700 ) ) ;
#9936 = CARTESIAN_POINT ( 'NONE',  ( -1.146484312316148800, -0.1617405897240260000, 2.030000000000000200 ) ) ;
#9937 = CARTESIAN_POINT ( 'NONE',  ( 1.311538461538469500, -0.4437107234520447100, 2.025000000000000400 ) ) ;
#9938 = CARTESIAN_POINT ( 'NONE',  ( -0.7580128205128133800, 0.2300072252659039800, 2.025000000000000400 ) ) ;
#9939 = VERTEX_POINT ( 'NONE', #5401 ) ;
#9940 = LINE ( 'NONE', #3258, #7761 ) ;
#9941 = CARTESIAN_POINT ( 'NONE',  ( -0.9956583294854690600, -0.5383957503573976200, 2.025000000000000800 ) ) ;
#9942 = DIRECTION ( 'NONE',  ( 0.08715574274765457200, 0.0000000000000000000, 0.9961946980917457700 ) ) ;
#9943 = DIRECTION ( 'NONE',  ( -1.000000000000000000, -3.552334763092437500E-015, -0.0000000000000000000 ) ) ;
#9944 = EDGE_CURVE ( 'NONE', #9241, #4778, #8321, .T. ) ;
#9945 = EDGE_CURVE ( 'NONE', #4897, #10674, #7154, .T. ) ;
#9946 = CARTESIAN_POINT ( 'NONE',  ( -0.9453273234054053700, -0.5714725447699610100, 2.024999999999999900 ) ) ;
#9947 = DIRECTION ( 'NONE',  ( -0.0000000000000000000, -0.0000000000000000000, 1.000000000000000000 ) ) ;
#9948 = DIRECTION ( 'NONE',  ( -0.0000000000000000000, -0.0000000000000000000, 1.000000000000000000 ) ) ;
#9949 = SURFACE_STYLE_FILL_AREA ( #3683 ) ;
#9950 = ORIENTED_EDGE ( 'NONE', *, *, #8821, .T. ) ;
#9951 = ORIENTED_EDGE ( 'NONE', *, *, #23, .T. ) ;
#9952 = LINE ( 'NONE', #3618, #7506 ) ;
#9953 =( LENGTH_UNIT ( ) NAMED_UNIT ( * ) SI_UNIT ( .MILLI., .METRE. ) );
#9954 = SURFACE_SIDE_STYLE ('',( #9354 ) ) ;
#9955 = MECHANICAL_DESIGN_GEOMETRIC_PRESENTATION_REPRESENTATION (  '', ( #7192 ), #10517 ) ;
#9956 =( GEOMETRIC_REPRESENTATION_CONTEXT ( 3 ) GLOBAL_UNCERTAINTY_ASSIGNED_CONTEXT ( ( #10702 ) ) GLOBAL_UNIT_ASSIGNED_CONTEXT ( ( #8478, #3560, #9305 ) ) REPRESENTATION_CONTEXT ( 'NONE', 'WORKASPACE' ) );
#9957 = CARTESIAN_POINT ( 'NONE',  ( -1.032549034427133100, -0.4219429703608162400, 2.025000000000000800 ) ) ;
#9958 = LINE ( 'NONE', #8960, #3147 ) ;
#9959 = EDGE_CURVE ( 'NONE', #4314, #2219, #3949, .T. ) ;
#9960 = B_SPLINE_SURFACE_WITH_KNOTS ( 'NONE', 3, 1, ( 
 ( #699, #4052 ),
 ( #9796, #4879 ),
 ( #10632, #5699 ),
 ( #741, #6524 ),
 ( #1583, #7354 ),
 ( #2408, #8186 ),
 ( #3255, #9009 ),
 ( #4087, #9833 ),
 ( #4918, #10672 ),
 ( #5737, #780 ),
 ( #6567, #1621 ) ),
 .UNSPECIFIED., .F., .F., .F.,
 ( 4, 1, 1, 1, 1, 1, 1, 1, 4 ),
 ( 2, 2 ),
 ( 0.0000000000000000000, 0.1072852142689558900, 0.2147458609696396800, 0.3229385595552862200, 0.4341161625174656000, 0.5534123109627942000, 0.6860729848107299800, 0.8342559920595835600, 1.000000000000000000 ),
 ( 0.0000000000000000000, 1.000000000000000000 ),
 .UNSPECIFIED. ) ;
#9961 = CARTESIAN_POINT ( 'NONE',  ( 0.8814102564102639400, -0.2406558356315318400, 2.030000000000000200 ) ) ;
#9962 =( NAMED_UNIT ( * ) PLANE_ANGLE_UNIT ( ) SI_UNIT ( $, .RADIAN. ) );
#9963 = ORIENTED_EDGE ( 'NONE', *, *, #1847, .T. ) ;
#9964 = LINE ( 'NONE', #62, #9697 ) ;
#9965 = CARTESIAN_POINT ( 'NONE',  ( 0.8332906674367287500, -0.4607266562109320600, 2.030000000000000200 ) ) ;
#9966 = CARTESIAN_POINT ( 'NONE',  ( -0.2020502119647081300, -0.6469230961324595700, 2.025000000000000400 ) ) ;
#9967 =( LENGTH_UNIT ( ) NAMED_UNIT ( * ) SI_UNIT ( .MILLI., .METRE. ) );
#9968 = CARTESIAN_POINT ( 'NONE',  ( 0.05387620192308401800, -0.7116594414007626500, 2.025000000000000400 ) ) ;
#9969 = VERTEX_POINT ( 'NONE', #5432 ) ;
#9970 = DIRECTION ( 'NONE',  ( 0.0000000000000000000, -0.0000000000000000000, 1.000000000000000000 ) ) ;
#9971 = FACE_OUTER_BOUND ( 'NONE', #10480, .T. ) ;
#9972 = CARTESIAN_POINT ( 'NONE',  ( -1.112287635752194200, -0.2210204415492285400, 2.025000000000000800 ) ) ;
#9973 = CARTESIAN_POINT ( 'NONE',  ( -0.9918175079939460800, -0.2599462631248585200, 2.029999999999999800 ) ) ;
#9974 =( NAMED_UNIT ( * ) SI_UNIT ( $, .STERADIAN. ) SOLID_ANGLE_UNIT ( ) );
#9975 = CARTESIAN_POINT ( 'NONE',  ( 0.2638721955128276500, -0.2688609638366600800, 2.025000000000000400 ) ) ;
#9976 = ORIENTED_EDGE ( 'NONE', *, *, #827, .T. ) ;
#9977 = EDGE_CURVE ( 'NONE', #6420, #8566, #8060, .T. ) ;
#9978 = CARTESIAN_POINT ( 'NONE',  ( 1.311538461538469500, -0.7116594414007626500, 2.025000000000000400 ) ) ;
#9979 = VERTEX_POINT ( 'NONE', #1306 ) ;
#9980 =( LENGTH_UNIT ( ) NAMED_UNIT ( * ) SI_UNIT ( .MILLI., .METRE. ) );
#9981 = SURFACE_SIDE_STYLE ('',( #4111 ) ) ;
#9982 = AXIS2_PLACEMENT_3D ( 'NONE', #890, #5089, #122 ) ;
#9983 = LINE ( 'NONE', #9724, #1462 ) ;
#9984 = PRESENTATION_STYLE_ASSIGNMENT (( #2422 ) ) ;
#9985 = ORIENTED_EDGE ( 'NONE', *, *, #5271, .F. ) ;
#9986 = CARTESIAN_POINT ( 'NONE',  ( -0.9814045054733224700, -0.6549693008030437200, 2.030000000000000200 ) ) ;
#9987 = PRESENTATION_LAYER_ASSIGNMENT (  '', '', ( #8888 ) ) ;
#9988 = CARTESIAN_POINT ( 'NONE',  ( -1.114615047016032800, -0.3884043337001298900, 2.024999999999999500 ) ) ;
#9989 = EDGE_LOOP ( 'NONE', ( #2065, #9759, #8205, #3397 ) ) ;
#9990 = SURFACE_STYLE_USAGE ( .BOTH. , #4251 ) ;
#9991 = CARTESIAN_POINT ( 'NONE',  ( 1.721835522398576800, 0.3933249178881736400, 1.169624535199025100 ) ) ;
#9992 =( GEOMETRIC_REPRESENTATION_CONTEXT ( 3 ) GLOBAL_UNCERTAINTY_ASSIGNED_CONTEXT ( ( #4283 ) ) GLOBAL_UNIT_ASSIGNED_CONTEXT ( ( #5260, #283, #6084 ) ) REPRESENTATION_CONTEXT ( 'NONE', 'WORKASPACE' ) );
#9993 = ADVANCED_FACE ( 'NONE', ( #10260 ), #2986, .T. ) ;
#9994 = CARTESIAN_POINT ( 'NONE',  ( -0.9513672031384089500, -0.5098553021156713200, 2.025000000000000400 ) ) ;
#9995 = ORIENTED_EDGE ( 'NONE', *, *, #7391, .F. ) ;
#9996 = UNCERTAINTY_MEASURE_WITH_UNIT (LENGTH_MEASURE( 1.000000000000000100E-005 ), #8411, 'distance_accuracy_value', 'NONE');
#9997 = DIRECTION ( 'NONE',  ( 0.0000000000000000000, 0.0000000000000000000, 1.000000000000000000 ) ) ;
#9998 = FACE_OUTER_BOUND ( 'NONE', #1311, .T. ) ;
#9999 = SURFACE_STYLE_USAGE ( .BOTH. , #4263 ) ;
#10000 = CARTESIAN_POINT ( 'NONE',  ( 0.6947638186110762800, -0.7221138569176034400, 2.030000000000000700 ) ) ;
#10001 = CARTESIAN_POINT ( 'NONE',  ( -1.086920792443447400, -0.4567194643799291100, 2.030000000000000700 ) ) ;
#10002 = COLOUR_RGB ( '',0.6862745098039215700, 0.6078431372549019100, 0.5294117647058823600 ) ;
#10003 = VECTOR ( 'NONE', #10357, 1000.000000000000000 ) ;
#10004 = CARTESIAN_POINT ( 'NONE',  ( 1.836234930579194500, -0.3030976993161316200, 1.090537115075525200 ) ) ;
#10005 = CARTESIAN_POINT ( 'NONE',  ( 1.700000000000005100, -1.464999999999994100, 2.030000000000000200 ) ) ;
#10006 = EDGE_LOOP ( 'NONE', ( #8227, #5062, #8378, #6640, #2002, #10459 ) ) ;
#10007 = FILL_AREA_STYLE ('',( #3248 ) ) ;
#10008 = DIRECTION ( 'NONE',  ( -0.0000000000000000000, -0.0000000000000000000, 1.000000000000000000 ) ) ;
#10009 = SURFACE_SIDE_STYLE ('',( #3816 ) ) ;
#10010 = VECTOR ( 'NONE', #2152, 1000.000000000000000 ) ;
#10011 = VECTOR ( 'NONE', #2048, 1000.000000000000000 ) ;
#10012 = VECTOR ( 'NONE', #2489, 1000.000000000000000 ) ;
#10013 = CARTESIAN_POINT ( 'NONE',  ( 0.7615384615384690500, 0.2300072252659040600, 2.030000000000000200 ) ) ;
#10014 = ORIENTED_EDGE ( 'NONE', *, *, #1737, .F. ) ;
#10015 =( LENGTH_UNIT ( ) NAMED_UNIT ( * ) SI_UNIT ( .MILLI., .METRE. ) );
#10016 = CARTESIAN_POINT ( 'NONE',  ( -0.5533068173518347300, -0.6091341556643070600, 2.025000000000000800 ) ) ;
#10017 = PRESENTATION_STYLE_ASSIGNMENT (( #9336 ) ) ;
#10018 = MECHANICAL_DESIGN_GEOMETRIC_PRESENTATION_REPRESENTATION (  '', ( #8371 ), #10581 ) ;
#10019 = CARTESIAN_POINT ( 'NONE',  ( -1.082589735105040900, -0.7090435680055355800, 2.025000000000000800 ) ) ;
#10020 = SURFACE_STYLE_FILL_AREA ( #10007 ) ;
#10021 = CARTESIAN_POINT ( 'NONE',  ( -1.700000000000005100, 1.464999999999994300, 1.169999999999999900 ) ) ;
#10022 = CARTESIAN_POINT ( 'NONE',  ( 0.7260035418983460400, -0.4386213640089113300, 2.030000000000000200 ) ) ;
#10024 =( LENGTH_UNIT ( ) NAMED_UNIT ( * ) SI_UNIT ( .MILLI., .METRE. ) );
#10023 = VECTOR ( 'NONE', #4880, 1000.000000000000000 ) ;
#10025 = EDGE_CURVE ( 'NONE', #5279, #3475, #3341, .T. ) ;
#10026 = ORIENTED_EDGE ( 'NONE', *, *, #3000, .T. ) ;
#10027 = CARTESIAN_POINT ( 'NONE',  ( 0.7045773237179563400, 0.2300072252659040600, 2.030000000000000200 ) ) ;
#10028 = ORIENTED_EDGE ( 'NONE', *, *, #7113, .F. ) ;
#10029 = VERTEX_POINT ( 'NONE', #7974 ) ;
#10030 = ORIENTED_EDGE ( 'NONE', *, *, #9407, .F. ) ;
#10031 = PLANE ( 'NONE',  #10416 ) ;
#10032 = ORIENTED_EDGE ( 'NONE', *, *, #9198, .F. ) ;
#10033 = SURFACE_STYLE_FILL_AREA ( #716 ) ;
#10034 = SURFACE_STYLE_FILL_AREA ( #6042 ) ;
#10035 = CARTESIAN_POINT ( 'NONE',  ( 0.7236852479443491900, -0.2041575437008944500, 2.025000000000000400 ) ) ;
#10036 = PRESENTATION_STYLE_ASSIGNMENT (( #7162 ) ) ;
#10037 = FACE_OUTER_BOUND ( 'NONE', #4492, .T. ) ;
#10038 = DIRECTION ( 'NONE',  ( -1.000000000000000000, 0.0000000000000000000, 0.0000000000000000000 ) ) ;
#10039 = CARTESIAN_POINT ( 'NONE',  ( 0.5669962212557883000, -0.6108003593661423000, 2.029999999999999800 ) ) ;
#10040 = CARTESIAN_POINT ( 'NONE',  ( 0.4095252403846230100, 0.7800072252659041600, 2.025000000000000400 ) ) ;
#10041 = B_SPLINE_CURVE_WITH_KNOTS ( 'NONE', 3,
 ( #1400, #2230, #8004, #3077, #8829, #3905, #9650, #4733, #10490, #5555, #581 ),
 .UNSPECIFIED., .F., .F.,
 ( 4, 1, 1, 1, 1, 1, 1, 1, 4 ),
 ( 0.0000000000000000000, 0.1305691070873102300, 0.2565806086940826700, 0.3805516168036838800, 0.5036229172007084000, 0.6257393231697876400, 0.7475485819596263700, 0.8717661185648722900, 1.000000000000000000 ),
 .UNSPECIFIED. ) ;
#10042 = CARTESIAN_POINT ( 'NONE',  ( 1.738611779199059200, -0.3921679605888861400, 1.167154801599841000 ) ) ;
#10043 = EDGE_LOOP ( 'NONE', ( #6614, #10532, #3538, #471 ) ) ;
#10044 = ORIENTED_EDGE ( 'NONE', *, *, #5674, .T. ) ;
#10045 = CARTESIAN_POINT ( 'NONE',  ( -1.066339969267494900, -0.6467454400615997300, 2.029999999999999400 ) ) ;
#10046 = CARTESIAN_POINT ( 'NONE',  ( -0.1295603806896308300, -0.6697346009496726300, 2.029999999999998900 ) ) ;
#10047 = FACE_OUTER_BOUND ( 'NONE', #6119, .T. ) ;
#10048 = PRESENTATION_STYLE_ASSIGNMENT (( #8571 ) ) ;
#10049 = EDGE_CURVE ( 'NONE', #9076, #9752, #2919, .T. ) ;
#10050 = CARTESIAN_POINT ( 'NONE',  ( 0.4681390224359046100, -0.7116594414007626500, 2.025000000000000400 ) ) ;
#10051 = PRESENTATION_STYLE_ASSIGNMENT (( #2685 ) ) ;
#10052 = FILL_AREA_STYLE_COLOUR ( '', #2108 ) ;
#10053 = AXIS2_PLACEMENT_3D ( 'NONE', #7457, #2522, #8289 ) ;
#10054 = CARTESIAN_POINT ( 'NONE',  ( -1.650000000000005200, 1.100000000000000100, 0.2000000000000000700 ) ) ;
#10055 = ADVANCED_FACE ( 'NONE', ( #7283 ), #5725, .T. ) ;
#10056 = PLANE ( 'NONE',  #2389 ) ;
#10057 = FACE_BOUND ( 'NONE', #10006, .T. ) ;
#10058 = PRESENTATION_LAYER_ASSIGNMENT (  '', '', ( #8944 ) ) ;
#10059 = STYLED_ITEM ( 'NONE', ( #3630 ), #1179 ) ;
#10060 = FILL_AREA_STYLE_COLOUR ( '', #7042 ) ;
#10061 = B_SPLINE_SURFACE_WITH_KNOTS ( 'NONE', 3, 1, ( 
 ( #10092, #10166 ),
 ( #5247, #268 ),
 ( #6072, #1115 ),
 ( #6892, #1967 ),
 ( #7718, #2788 ),
 ( #1204, #5948 ),
 ( #992, #6767 ),
 ( #1833, #7603 ),
 ( #2667, #8423 ),
 ( #3506, #9246 ),
 ( #4331, #10085 ),
 ( #5167, #189 ),
 ( #5984, #1033 ),
 ( #6800, #1873 ),
 ( #7633, #2707 ),
 ( #8460, #3542 ),
 ( #9290, #4368 ),
 ( #10117, #5197 ),
 ( #227, #6018 ) ),
 .UNSPECIFIED., .F., .F., .F.,
 ( 4, 1, 1, 1, 1, 1, 1, 1, 1, 1, 1, 1, 1, 1, 1, 1, 4 ),
 ( 2, 2 ),
 ( 0.0000000000000000000, 0.07250248893303432000, 0.1397389892678948500, 0.2017951348259224300, 0.2598219344148626200, 0.3122059893845978700, 0.3607734341243376600, 0.4045403426007488900, 0.4436980985527631000, 0.5168407942439696700, 0.5878743359442815100, 0.6579654175616305200, 0.7289693886473113100, 0.7993077199548834800, 0.8666357778344708800, 0.9331163290572740400, 1.000000000000000000 ),
 ( 0.0000000000000000000, 1.000000000000000000 ),
 .UNSPECIFIED. ) ;
#10062 = CARTESIAN_POINT ( 'NONE',  ( 0.6662751399741135800, -0.6464851754181225600, 2.025000000000001200 ) ) ;
#10064 = FILL_AREA_STYLE ('',( #8403 ) ) ;
#10063 = CARTESIAN_POINT ( 'NONE',  ( 0.7000000000000000700, -1.250000000000000000, 0.1200000000000000000 ) ) ;
#10065 = ORIENTED_EDGE ( 'NONE', *, *, #1737, .T. ) ;
#10066 = CARTESIAN_POINT ( 'NONE',  ( -0.9453273234054053700, -0.5714725447699610100, 2.024999999999999900 ) ) ;
#10067 = STYLED_ITEM ( 'NONE', ( #1906 ), #8429 ) ;
#10068 = FILL_AREA_STYLE ('',( #7620 ) ) ;
#10069 = B_SPLINE_CURVE_WITH_KNOTS ( 'NONE', 3,
 ( #9100, #3368, #9936, #5021, #55, #5844, #899, #6673, #1727, #7491, #2562, #8322, #3401, #9140, #4238, #9973, #5061, #89, #5882 ),
 .UNSPECIFIED., .F., .F.,
 ( 4, 1, 1, 1, 1, 1, 1, 1, 1, 1, 1, 1, 1, 1, 1, 1, 4 ),
 ( 0.0000000000000000000, 0.06259409718733180400, 0.1213229386347494100, 0.1766801421977652900, 0.2283650957096753600, 0.2768684458368074200, 0.3218791276660460900, 0.3640986251098920500, 0.4033556962427014600, 0.4779679481633711800, 0.5505354613647762700, 0.6235844567403235900, 0.6981748822642041000, 0.7733536703408755400, 0.8472811254977337100, 0.9228183395566694800, 1.000000000000000000 ),
 .UNSPECIFIED. ) ;
#10070 =( LENGTH_UNIT ( ) NAMED_UNIT ( * ) SI_UNIT ( .MILLI., .METRE. ) );
#10071 = CARTESIAN_POINT ( 'NONE',  ( -0.1137019230769161400, -0.5776850824264037100, 2.025000000000000400 ) ) ;
#10072 = CARTESIAN_POINT ( 'NONE',  ( -0.9999868772060303000, -0.5222251824754804400, 2.024999999999999900 ) ) ;
#10073 = ORIENTED_EDGE ( 'NONE', *, *, #1880, .T. ) ;
#10074 = DIRECTION ( 'NONE',  ( -0.9961946980917458800, 0.0000000000000000000, -0.08715574274765390500 ) ) ;
#10075 = CARTESIAN_POINT ( 'NONE',  ( 1.311538461538469500, -0.1616594414007626000, 2.025000000000000400 ) ) ;
#10076 = ADVANCED_FACE ( 'NONE', ( #2133 ), #7676, .T. ) ;
#10077 = AXIS2_PLACEMENT_3D ( 'NONE', #3345, #3266, #9082 ) ;
#10078 = FACE_OUTER_BOUND ( 'NONE', #9344, .T. ) ;
#10079 = B_SPLINE_SURFACE_WITH_KNOTS ( 'NONE', 3, 1, ( 
 ( #2621, #982 ),
 ( #6751, #1824 ),
 ( #7586, #2655 ),
 ( #8410, #3497 ),
 ( #9231, #4321 ),
 ( #10072, #5152 ),
 ( #180, #5969 ),
 ( #1022, #6787 ),
 ( #1862, #7623 ),
 ( #2694, #8444 ),
 ( #3531, #9279 ),
 ( #4356, #10105 ),
 ( #5190, #215 ),
 ( #6007, #1051 ),
 ( #6831, #1899 ) ),
 .UNSPECIFIED., .F., .F., .F.,
 ( 4, 1, 1, 1, 1, 1, 1, 1, 1, 1, 1, 1, 4 ),
 ( 2, 2 ),
 ( 0.0000000000000000000, 0.06028739792797113000, 0.1196023547075214900, 0.1775033710185406600, 0.2351426637323305300, 0.2921325932269339700, 0.3508712086415660100, 0.4100978625665938600, 0.4707315215304496700, 0.5948287040804153300, 0.7225788240942902000, 0.8566913895440163600, 1.000000000000000000 ),
 ( 0.0000000000000000000, 1.000000000000000000 ),
 .UNSPECIFIED. ) ;
#10080 = CARTESIAN_POINT ( 'NONE',  ( 0.6538818236023171700, -0.2462487798053824600, 2.030000000000000700 ) ) ;
#10081 =( NAMED_UNIT ( * ) PLANE_ANGLE_UNIT ( ) SI_UNIT ( $, .RADIAN. ) );
#10082 = CARTESIAN_POINT ( 'NONE',  ( 1.820278171031428600, 0.3516230652304788200, 1.116248043421080600 ) ) ;
#10083 = EDGE_CURVE ( 'NONE', #6992, #9471, #8285, .T. ) ;
#10084 = DIRECTION ( 'NONE',  ( 0.08682659386424504400, -0.08682659386424469700, -0.9924325091389676300 ) ) ;
#10085 = CARTESIAN_POINT ( 'NONE',  ( -1.044532026750014700, -0.6377834818519502200, 2.029999999999999400 ) ) ;
#10086 = DIRECTION ( 'NONE',  ( -1.000000000000000000, -0.0000000000000000000, -0.0000000000000000000 ) ) ;
#10087 = CARTESIAN_POINT ( 'NONE',  ( -0.2377581022545687500, -0.7184437765578692800, 2.025000000000000400 ) ) ;
#10088 = VERTEX_POINT ( 'NONE', #9718 ) ;
#10089 = ORIENTED_EDGE ( 'NONE', *, *, #5813, .F. ) ;
#10090 = CARTESIAN_POINT ( 'NONE',  ( 0.5217948717948789300, -0.7116594414007626500, 2.025000000000000400 ) ) ;
#10091 = CARTESIAN_POINT ( 'NONE',  ( 0.3525641025641101900, 0.7800072252659041600, 2.025000000000000400 ) ) ;
#10092 = CARTESIAN_POINT ( 'NONE',  ( -1.149579326923070100, -0.6552491849905062200, 2.025000000000000400 ) ) ;
#10094 = DIRECTION ( 'NONE',  ( 0.0000000000000000000, -1.000000000000000000, 0.0000000000000000000 ) ) ;
#10093 = CARTESIAN_POINT ( 'NONE',  ( 0.8884615384615458500, -0.5769138484520447400, 2.030000000000000200 ) ) ;
#10095 = LINE ( 'NONE', #6587, #1318 ) ;
#10096 = CARTESIAN_POINT ( 'NONE',  ( -1.082589735105040900, -0.7090435680055355800, 2.025000000000000800 ) ) ;
#10097 = ORIENTED_EDGE ( 'NONE', *, *, #4582, .T. ) ;
#10098 = EDGE_CURVE ( 'NONE', #8566, #7910, #5740, .T. ) ;
#10099 = PRESENTATION_STYLE_ASSIGNMENT (( #7646 ) ) ;
#10100 =( GEOMETRIC_REPRESENTATION_CONTEXT ( 3 ) GLOBAL_UNCERTAINTY_ASSIGNED_CONTEXT ( ( #7891 ) ) GLOBAL_UNIT_ASSIGNED_CONTEXT ( ( #8226, #3291, #9034 ) ) REPRESENTATION_CONTEXT ( 'NONE', 'WORKASPACE' ) );
#10101 = VECTOR ( 'NONE', #8161, 1000.000000000000000 ) ;
#10102 = CARTESIAN_POINT ( 'NONE',  ( 0.8212100103961931200, -0.4491722415960735000, 2.025000000000000400 ) ) ;
#10103 = DIRECTION ( 'NONE',  ( -0.0000000000000000000, -0.0000000000000000000, 1.000000000000000000 ) ) ;
#10104 = SURFACE_STYLE_FILL_AREA ( #8793 ) ;
#10105 = CARTESIAN_POINT ( 'NONE',  ( -1.046832787711979400, -0.4707080678582594700, 2.030000000000000200 ) ) ;
#10106 = VECTOR ( 'NONE', #3696, 1000.000000000000000 ) ;
#10107 = DIRECTION ( 'NONE',  ( 0.0000000000000000000, -0.9961946980917457700, -0.08715574274765498800 ) ) ;
#10108 = PRESENTATION_LAYER_ASSIGNMENT (  '', '', ( #10649 ) ) ;
#10109 = CARTESIAN_POINT ( 'NONE',  ( 0.7202223557692382100, -0.4344559157597369700, 2.030000000000000200 ) ) ;
#10110 =( GEOMETRIC_REPRESENTATION_CONTEXT ( 3 ) GLOBAL_UNCERTAINTY_ASSIGNED_CONTEXT ( ( #8000 ) ) GLOBAL_UNIT_ASSIGNED_CONTEXT ( ( #9898, #4979, #14 ) ) REPRESENTATION_CONTEXT ( 'NONE', 'WORKASPACE' ) );
#10111 = ADVANCED_FACE ( 'NONE', ( #3292 ), #7347, .F. ) ;
#10112 = ORIENTED_EDGE ( 'NONE', *, *, #5363, .T. ) ;
#10113 = DIRECTION ( 'NONE',  ( -1.000000000000000000, -0.0000000000000000000, -0.0000000000000000000 ) ) ;
#10114 = CARTESIAN_POINT ( 'NONE',  ( -0.3778180689822570600, -0.7198122491670059200, 2.030000000000001100 ) ) ;
#10115 = COLOUR_RGB ( '',1.000000000000000000, 0.7176470588235294200, 0.2470588235294117800 ) ;
#10116 = DIRECTION ( 'NONE',  ( -0.0000000000000000000, -0.0000000000000000000, 1.000000000000000000 ) ) ;
#10117 = CARTESIAN_POINT ( 'NONE',  ( -0.9944405719339757300, -0.5601867530337055800, 2.024999999999999900 ) ) ;
#10118 = AXIS2_PLACEMENT_3D ( 'NONE', #2779, #8534, #3626 ) ;
#10119 = ORIENTED_EDGE ( 'NONE', *, *, #9404, .T. ) ;
#10120 =( NAMED_UNIT ( * ) SI_UNIT ( $, .STERADIAN. ) SOLID_ANGLE_UNIT ( ) );
#10121 = CARTESIAN_POINT ( 'NONE',  ( -1.600380530190821400, -1.465000000000005900, 1.070000000000000100 ) ) ;
#10122 = STYLED_ITEM ( 'NONE', ( #3672 ), #2994 ) ;
#10123 = MECHANICAL_DESIGN_GEOMETRIC_PRESENTATION_REPRESENTATION (  '', ( #8466 ), #10669 ) ;
#10124 = ORIENTED_EDGE ( 'NONE', *, *, #546, .F. ) ;
#10125 = CARTESIAN_POINT ( 'NONE',  ( 0.8193810096153920600, -0.5221562362725574700, 2.030000000000000200 ) ) ;
#10126 = DIRECTION ( 'NONE',  ( 0.5141968420297343700, -0.8576722029112570100, 0.0000000000000000000 ) ) ;
#10127 = CARTESIAN_POINT ( 'NONE',  ( -1.219871794871788100, -0.2180696978110190400, 2.025000000000000400 ) ) ;
#10128 = FILL_AREA_STYLE ('',( #5205 ) ) ;
#10129 = ADVANCED_FACE ( 'NONE', ( #2504 ), #3281, .F. ) ;
#10130 = ADVANCED_FACE ( 'NONE', ( #8308 ), #4125, .T. ) ;
#10131 = EDGE_CURVE ( 'NONE', #10172, #8805, #3166, .T. ) ;
#10132 = ORIENTED_EDGE ( 'NONE', *, *, #2479, .F. ) ;
#10133 =( LENGTH_UNIT ( ) NAMED_UNIT ( * ) SI_UNIT ( .MILLI., .METRE. ) );
#10134 = DIRECTION ( 'NONE',  ( 0.0000000000000000000, 0.0000000000000000000, 1.000000000000000000 ) ) ;
#10136 = CARTESIAN_POINT ( 'NONE',  ( 1.150000000000005200, 1.100000000000000100, 0.1000000000000054900 ) ) ;
#10135 = CARTESIAN_POINT ( 'NONE',  ( 0.8627897585426451700, -0.6585457081404098000, 2.025000000000001200 ) ) ;
#10137 = CARTESIAN_POINT ( 'NONE',  ( -0.9956583294854690600, -0.5383957503573976200, 2.030000000000000700 ) ) ;
#10138 = LINE ( 'NONE', #141, #7687 ) ;
#10139 = FILL_AREA_STYLE ('',( #9308 ) ) ;
#10140 = STYLED_ITEM ( 'NONE', ( #8931 ), #4470 ) ;
#10141 = CARTESIAN_POINT ( 'NONE',  ( 0.8818952590183869500, -0.5347850443074355600, 2.030000000000000200 ) ) ;
#10142 = SURFACE_STYLE_FILL_AREA ( #895 ) ;
#10143 = ORIENTED_EDGE ( 'NONE', *, *, #6997, .T. ) ;
#10144 = PLANE ( 'NONE',  #8913 ) ;
#10145 = CARTESIAN_POINT ( 'NONE',  ( 0.8332906674367287500, -0.4607266562109320600, 2.025000000000000400 ) ) ;
#10146 = STYLED_ITEM ( 'NONE', ( #2267 ), #9315 ) ;
#10147 = CARTESIAN_POINT ( 'NONE',  ( 0.6300981570512894600, -0.3596462202469164500, 2.030000000000000200 ) ) ;
#10148 = VECTOR ( 'NONE', #5724, 1000.000000000000100 ) ;
#10149 = LINE ( 'NONE', #2101, #9875 ) ;
#10150 = VECTOR ( 'NONE', #1019, 1000.000000000000000 ) ;
#10151 = ORIENTED_EDGE ( 'NONE', *, *, #4162, .T. ) ;
#10152 = CARTESIAN_POINT ( 'NONE',  ( 0.6506279919284633200, -0.2911571399541416100, 2.030000000000000700 ) ) ;
#10153 = CARTESIAN_POINT ( 'NONE',  ( -0.4788863917781011600, -0.6803600646339010800, 2.025000000000000400 ) ) ;
#10154 = DIRECTION ( 'NONE',  ( 0.0000000000000000000, -0.0000000000000000000, 1.000000000000000000 ) ) ;
#10155 =( LENGTH_UNIT ( ) NAMED_UNIT ( * ) SI_UNIT ( .MILLI., .METRE. ) );
#10156 = CARTESIAN_POINT ( 'NONE',  ( -0.4775280894507845100, -0.1935395472268684500, 2.029999999999999800 ) ) ;
#10157 = LINE ( 'NONE', #5056, #1374 ) ;
#10158 = CARTESIAN_POINT ( 'NONE',  ( 0.7271960349308357300, -0.7256816769665905800, 2.030000000000000200 ) ) ;
#10159 = EDGE_LOOP ( 'NONE', ( #7470, #7772, #981, #4691 ) ) ;
#10160 = FILL_AREA_STYLE_COLOUR ( '', #2475 ) ;
#10161 = EDGE_LOOP ( 'NONE', ( #2576, #643, #2390, #1984 ) ) ;
#10162 = EDGE_CURVE ( 'NONE', #2342, #3863, #7536, .T. ) ;
#10163 = ADVANCED_FACE ( 'NONE', ( #5106 ), #6674, .F. ) ;
#10164 = DIRECTION ( 'NONE',  ( 6.353390916997697900E-017, -0.9961946980917457700, 0.08715574274765525200 ) ) ;
#10165 = EDGE_CURVE ( 'NONE', #483, #5535, #4327, .T. ) ;
#10166 = CARTESIAN_POINT ( 'NONE',  ( -1.149579326923070100, -0.6552491849905062200, 2.030000000000000200 ) ) ;
#10168 =( NAMED_UNIT ( * ) PLANE_ANGLE_UNIT ( ) SI_UNIT ( $, .RADIAN. ) );
#10167 = CARTESIAN_POINT ( 'NONE',  ( 0.7919988442765570900, -0.7148789573018021800, 2.029999999999999800 ) ) ;
#10169 = SPHERICAL_SURFACE ( 'NONE', #4103, 0.1000000000000000100 ) ;
#10170 = MECHANICAL_DESIGN_GEOMETRIC_PRESENTATION_REPRESENTATION (  '', ( #8517 ), #10718 ) ;
#10171 = AXIS2_PLACEMENT_3D ( 'NONE', #6383, #1438, #7217 ) ;
#10172 = VERTEX_POINT ( 'NONE', #1767 ) ;
#10173 = VERTEX_POINT ( 'NONE', #3438 ) ;
#10174 = ORIENTED_EDGE ( 'NONE', *, *, #8380, .F. ) ;
#10175 = CARTESIAN_POINT ( 'NONE',  ( -0.2731447079892265800, -0.1492450039737711900, 2.030000000000001600 ) ) ;
#10176 = VECTOR ( 'NONE', #3606, 1000.000000000000000 ) ;
#10177 = FILL_AREA_STYLE_COLOUR ( '', #2719 ) ;
#10178 = CARTESIAN_POINT ( 'NONE',  ( -1.102184105308526600, -0.4542996155396214500, 2.025000000000001200 ) ) ;
#10179 = EDGE_CURVE ( 'NONE', #3529, #10406, #170, .T. ) ;
#10180 = FACE_OUTER_BOUND ( 'NONE', #2335, .T. ) ;
#10181 = SURFACE_STYLE_USAGE ( .BOTH. , #4429 ) ;
#10182 = CARTESIAN_POINT ( 'NONE',  ( 1.525252652248630000, -1.290252652248629100, 0.2199999999999999700 ) ) ;
#10183 = SURFACE_STYLE_FILL_AREA ( #1722 ) ;
#10184 = CARTESIAN_POINT ( 'NONE',  ( -0.09215239799084450100, -0.6364539245833009700, 2.025000000000000800 ) ) ;
#10185 = ADVANCED_FACE ( 'NONE', ( #10623 ), #4278, .T. ) ;
#10186 = STYLED_ITEM ( 'NONE', ( #5766 ), #462 ) ;
#10187 = ADVANCED_FACE ( 'NONE', ( #1336 ), #2493, .F. ) ;
#10188 = B_SPLINE_CURVE_WITH_KNOTS ( 'NONE', 3,
 ( #6977, #1210, #7811, #2884, #8646, #3719, #9468, #4541, #10301, #5378, #395, #6194, #1247, #7011, #2090 ),
 .UNSPECIFIED., .F., .F.,
 ( 4, 1, 1, 1, 1, 1, 1, 1, 1, 1, 1, 1, 4 ),
 ( 0.0000000000000000000, 0.06316325936347062800, 0.1254749410306408600, 0.1871212198160330500, 0.2482943461142991500, 0.3092948562551209900, 0.3698500660670930300, 0.4309733755473819100, 0.4924559896728167900, 0.6161479662918549800, 0.7408436984673627500, 0.8681826486700429100, 0.9999999999999998900 ),
 .UNSPECIFIED. ) ;
#10189 = CARTESIAN_POINT ( 'NONE',  ( -0.9942307692307624800, -0.5555396497340959700, 2.025000000000000400 ) ) ;
#10190 = ORIENTED_EDGE ( 'NONE', *, *, #2997, .F. ) ;
#10191 = CARTESIAN_POINT ( 'NONE',  ( -0.5366686698717879600, -0.6295781112725574700, 2.030000000000001600 ) ) ;
#10192 = PRESENTATION_LAYER_ASSIGNMENT (  '', '', ( #20 ) ) ;
#10193 = PRESENTATION_STYLE_ASSIGNMENT (( #5623 ) ) ;
#10194 = SURFACE_STYLE_USAGE ( .BOTH. , #4439 ) ;
#10195 = DIRECTION ( 'NONE',  ( -0.0000000000000000000, -1.000000000000000000, -0.0000000000000000000 ) ) ;
#10196 = DIRECTION ( 'NONE',  ( -0.0000000000000000000, -1.000000000000000000, -0.0000000000000000000 ) ) ;
#10197 = DIRECTION ( 'NONE',  ( -0.0000000000000000000, -1.000000000000000000, -0.0000000000000000000 ) ) ;
#10198 = EDGE_CURVE ( 'NONE', #2962, #628, #4707, .T. ) ;
#10199 = CARTESIAN_POINT ( 'NONE',  ( 0.6501211071448652600, -0.7046856798931662200, 2.025000000000000800 ) ) ;
#10200 = VERTEX_POINT ( 'NONE', #10090 ) ;
#10201 = FILL_AREA_STYLE ('',( #5278 ) ) ;
#10202 =( GEOMETRIC_REPRESENTATION_CONTEXT ( 3 ) GLOBAL_UNCERTAINTY_ASSIGNED_CONTEXT ( ( #10531 ) ) GLOBAL_UNIT_ASSIGNED_CONTEXT ( ( #4697, #10456, #5513 ) ) REPRESENTATION_CONTEXT ( 'NONE', 'WORKASPACE' ) );
#10203 = CARTESIAN_POINT ( 'NONE',  ( -1.850000000000005200, -0.4750000000000002600, 1.170000000000000200 ) ) ;
#10204 = FACE_OUTER_BOUND ( 'NONE', #7095, .T. ) ;
#10205 = CARTESIAN_POINT ( 'NONE',  ( 1.050641025641033500, -0.3873004670417882800, 2.025000000000000400 ) ) ;
#10206 = UNCERTAINTY_MEASURE_WITH_UNIT (LENGTH_MEASURE( 1.000000000000000100E-005 ), #3359, 'distance_accuracy_value', 'NONE');
#10207 =( GEOMETRIC_REPRESENTATION_CONTEXT ( 3 ) GLOBAL_UNCERTAINTY_ASSIGNED_CONTEXT ( ( #5973 ) ) GLOBAL_UNIT_ASSIGNED_CONTEXT ( ( #10218, #5302, #320 ) ) REPRESENTATION_CONTEXT ( 'NONE', 'WORKASPACE' ) );
#10208 = UNCERTAINTY_MEASURE_WITH_UNIT (LENGTH_MEASURE( 1.000000000000000100E-005 ), #1499, 'distance_accuracy_value', 'NONE');
#10209 = FILL_AREA_STYLE ('',( #9373 ) ) ;
#10210 = AXIS2_PLACEMENT_3D ( 'NONE', #9090, #1716, #5052 ) ;
#10211 = CARTESIAN_POINT ( 'NONE',  ( -0.3615106277746326600, -0.7225214126199160900, 2.030000000000000700 ) ) ;
#10212 = MECHANICAL_DESIGN_GEOMETRIC_PRESENTATION_REPRESENTATION (  '', ( #7999 ), #37 ) ;
#10213 = CARTESIAN_POINT ( 'NONE',  ( -0.1568686876514485100, -0.1856139951074019000, 2.025000000000000800 ) ) ;
#10214 = DIRECTION ( 'NONE',  ( 0.0000000000000000000, -1.000000000000000000, -3.318351061426256700E-012 ) ) ;
#10215 = ORIENTED_EDGE ( 'NONE', *, *, #1589, .F. ) ;
#10216 = CARTESIAN_POINT ( 'NONE',  ( 0.6149212495532963000, -0.5849237714895206800, 2.029999999999999800 ) ) ;
#10217 = FILL_AREA_STYLE_COLOUR ( '', #1092 ) ;
#10218 =( LENGTH_UNIT ( ) NAMED_UNIT ( * ) SI_UNIT ( .MILLI., .METRE. ) );
#10219 = ADVANCED_FACE ( 'NONE', ( #6896 ), #6813, .T. ) ;
#10220 = CARTESIAN_POINT ( 'NONE',  ( -0.2912426332192922200, -0.7255517680533495300, 2.024999999999999900 ) ) ;
#10221 = CARTESIAN_POINT ( 'NONE',  ( 0.3455128205128281100, 0.2300072252659040600, 2.030000000000000200 ) ) ;
#10222 = FACE_OUTER_BOUND ( 'NONE', #4193, .T. ) ;
#10223 = ORIENTED_EDGE ( 'NONE', *, *, #6765, .F. ) ;
#10224 = CARTESIAN_POINT ( 'NONE',  ( 1.525252652248630000, -1.290252652248629100, 0.1200000000000000000 ) ) ;
#10225 = ORIENTED_EDGE ( 'NONE', *, *, #6101, .F. ) ;
#10226 = EDGE_CURVE ( 'NONE', #8521, #10686, #1725, .T. ) ;
#10227 = FILL_AREA_STYLE ('',( #9394 ) ) ;
#10228 = DIRECTION ( 'NONE',  ( 8.382555817340250000E-015, 6.991772527895039300E-013, 1.000000000000000000 ) ) ;
#10229 =( NAMED_UNIT ( * ) PLANE_ANGLE_UNIT ( ) SI_UNIT ( $, .RADIAN. ) );
#10230 = LINE ( 'NONE', #616, #3671 ) ;
#10231 = CARTESIAN_POINT ( 'NONE',  ( 0.5906895290482346800, -0.6488339001038343500, 2.029999999999999800 ) ) ;
#10232 = EDGE_LOOP ( 'NONE', ( #1874, #3864, #7180, #5885 ) ) ;
#10233 = EDGE_CURVE ( 'NONE', #5024, #6824, #10240, .T. ) ;
#10234 = SURFACE_STYLE_FILL_AREA ( #8603 ) ;
#10235 = ADVANCED_FACE ( 'NONE', ( #9971 ), #2896, .T. ) ;
#10236 = SURFACE_SIDE_STYLE ('',( #2351 ) ) ;
#10237 = ORIENTED_EDGE ( 'NONE', *, *, #6648, .F. ) ;
#10239 = FILL_AREA_STYLE ('',( #6894 ) ) ;
#10238 = CARTESIAN_POINT ( 'NONE',  ( -1.150000000000005200, 1.100000000000000100, 4.065758146820641600E-017 ) ) ;
#10240 = LINE ( 'NONE', #7822, #3681 ) ;
#10241 = CARTESIAN_POINT ( 'NONE',  ( -0.5331920860941376000, -0.6335170657795308200, 2.030000000000000200 ) ) ;
#10242 = EDGE_CURVE ( 'NONE', #483, #6236, #662, .T. ) ;
#10243 = EDGE_CURVE ( 'NONE', #3441, #10564, #9194, .T. ) ;
#10244 = STYLED_ITEM ( 'NONE', ( #1126 ), #303 ) ;
#10245 = B_SPLINE_CURVE_WITH_KNOTS ( 'NONE', 3,
 ( #9848, #1634, #4148, #9884, #4964, #6211, #1275, #7033, #2105, #7876, #2944, #8700, #3777, #9524, #4599, #10359, #5433, #456, #6246 ),
 .UNSPECIFIED., .F., .F.,
 ( 4, 1, 1, 1, 1, 1, 1, 1, 1, 1, 1, 1, 1, 1, 1, 1, 4 ),
 ( 0.0000000000000000000, 0.06148425519689042200, 0.1217745277022104800, 0.1809195598139318700, 0.2402561150782714100, 0.3001144444023516900, 0.3611459476126116500, 0.4235005824125857600, 0.4886693612807191900, 0.5539541046535621000, 0.6175812610152620100, 0.6802384268167397400, 0.7421873887724539400, 0.8046632117692935600, 0.8682589893126627700, 0.9330202571803759600, 1.000000000000000000 ),
 .UNSPECIFIED. ) ;
#10246 = ORIENTED_EDGE ( 'NONE', *, *, #9944, .F. ) ;
#10247 = CARTESIAN_POINT ( 'NONE',  ( -0.08059959154128101800, -0.2492732868610404400, 2.030000000000001100 ) ) ;
#10248 = CARTESIAN_POINT ( 'NONE',  ( 0.7313501602564177500, -0.6693517490930703800, 2.030000000000000200 ) ) ;
#10249 = ORIENTED_EDGE ( 'NONE', *, *, #7669, .F. ) ;
#10250 =( NAMED_UNIT ( * ) PLANE_ANGLE_UNIT ( ) SI_UNIT ( $, .RADIAN. ) );
#10251 = DIRECTION ( 'NONE',  ( -3.552334763092437900E-015, 1.000000000000000000, 0.0000000000000000000 ) ) ;
#10252 = LINE ( 'NONE', #7175, #8049 ) ;
#10253 = STYLED_ITEM ( 'NONE', ( #6766 ), #7594 ) ;
#10254 = LINE ( 'NONE', #4046, #3693 ) ;
#10255 = CARTESIAN_POINT ( 'NONE',  ( -0.9448717948717880700, -0.5555396497340959700, 2.030000000000000200 ) ) ;
#10256 = LINE ( 'NONE', #1557, #8054 ) ;
#10257 = ORIENTED_EDGE ( 'NONE', *, *, #4669, .T. ) ;
#10258 = DIRECTION ( 'NONE',  ( -1.000000000000000000, 0.0000000000000000000, 0.0000000000000000000 ) ) ;
#10259 = VERTEX_POINT ( 'NONE', #6238 ) ;
#10260 = FACE_OUTER_BOUND ( 'NONE', #10629, .T. ) ;
#10261 =( LENGTH_UNIT ( ) NAMED_UNIT ( * ) SI_UNIT ( .MILLI., .METRE. ) );
#10262 = PRESENTATION_LAYER_ASSIGNMENT (  '', '', ( #91 ) ) ;
#10263 = CARTESIAN_POINT ( 'NONE',  ( 0.6487179487179560700, -0.2735985439648651600, 2.025000000000000400 ) ) ;
#10264 =( LENGTH_UNIT ( ) NAMED_UNIT ( * ) SI_UNIT ( .MILLI., .METRE. ) );
#10265 = UNCERTAINTY_MEASURE_WITH_UNIT (LENGTH_MEASURE( 1.000000000000000100E-005 ), #10261, 'distance_accuracy_value', 'NONE');
#10266 = STYLED_ITEM ( 'NONE', ( #7084 ), #3555 ) ;
#10267 = ORIENTED_EDGE ( 'NONE', *, *, #1239, .F. ) ;
#10268 = CARTESIAN_POINT ( 'NONE',  ( -1.036621146995907900, -0.2958864675988168200, 2.030000000000000200 ) ) ;
#10269 = CARTESIAN_POINT ( 'NONE',  ( -0.3933243080652493200, -0.2160398562112440500, 2.030000000000000700 ) ) ;
#10270 = ADVANCED_FACE ( 'NONE', ( #7004 ), #1037, .T. ) ;
#10271 = AXIS2_PLACEMENT_3D ( 'NONE', #5196, #225, #6017 ) ;
#10272 = FACE_OUTER_BOUND ( 'NONE', #4300, .T. ) ;
#10273 = CYLINDRICAL_SURFACE ( 'NONE', #6255, 0.1000000000000000100 ) ;
#10274 = DIRECTION ( 'NONE',  ( -1.000000000000000000, -3.552334763092437500E-015, -0.0000000000000000000 ) ) ;
#10275 =( NAMED_UNIT ( * ) SI_UNIT ( $, .STERADIAN. ) SOLID_ANGLE_UNIT ( ) );
#10277 = CARTESIAN_POINT ( 'NONE',  ( -1.700000000000000000, -1.365380530190822600, 1.070000000000000100 ) ) ;
#10276 = DIRECTION ( 'NONE',  ( 0.4285842068721729700, 0.9035018415143106800, 0.0000000000000000000 ) ) ;
#10278 = ORIENTED_EDGE ( 'NONE', *, *, #3689, .F. ) ;
#10279 = CARTESIAN_POINT ( 'NONE',  ( -0.1137019230769161400, -0.2956338003751216000, 2.025000000000000400 ) ) ;
#10280 = CARTESIAN_POINT ( 'NONE',  ( -0.5398428450268220000, -0.5283484706031685900, 2.030000000000000700 ) ) ;
#10281 = CARTESIAN_POINT ( 'NONE',  ( 0.7615384615384690500, 0.2300072252659040600, 2.025000000000000400 ) ) ;
#10282 = AXIS2_PLACEMENT_3D ( 'NONE', #1289, #7045, #2118 ) ;
#10283 = VECTOR ( 'NONE', #5343, 1000.000000000000000 ) ;
#10284 = LINE ( 'NONE', #6, #3722 ) ;
#10285 = DIRECTION ( 'NONE',  ( -3.306334452306494200E-015, 1.000000000000000000, -0.0000000000000000000 ) ) ;
#10286 = ORIENTED_EDGE ( 'NONE', *, *, #4724, .T. ) ;
#10287 = COLOUR_RGB ( '',1.000000000000000000, 0.7176470588235294200, 0.2470588235294117800 ) ;
#10288 = DIRECTION ( 'NONE',  ( -0.0000000000000000000, -0.0000000000000000000, 1.000000000000000000 ) ) ;
#10289 = STYLED_ITEM ( 'NONE', ( #6151 ), #9461 ) ;
#10290 = SURFACE_SIDE_STYLE ('',( #7322 ) ) ;
#10291 = FILL_AREA_STYLE_COLOUR ( '', #6556 ) ;
#10292 = EDGE_CURVE ( 'NONE', #2761, #9374, #4049, .T. ) ;
#10293 = FACE_OUTER_BOUND ( 'NONE', #1392, .T. ) ;
#10294 = CARTESIAN_POINT ( 'NONE',  ( 0.05387620192308401800, -0.7116594414007626500, 2.030000000000000200 ) ) ;
#10295 = LINE ( 'NONE', #4745, #5917 ) ;
#10296 = CARTESIAN_POINT ( 'NONE',  ( 0.6070030469683126400, -0.3194554057894917800, 2.024999999999999900 ) ) ;
#10297 = ORIENTED_EDGE ( 'NONE', *, *, #9800, .F. ) ;
#10298 = ORIENTED_EDGE ( 'NONE', *, *, #10098, .F. ) ;
#10299 =( NAMED_UNIT ( * ) PLANE_ANGLE_UNIT ( ) SI_UNIT ( $, .RADIAN. ) );
#10300 = VERTEX_POINT ( 'NONE', #3009 ) ;
#10301 = CARTESIAN_POINT ( 'NONE',  ( -0.1886985504618153000, -0.2333698438792229700, 2.030000000000001100 ) ) ;
#10302 = VERTEX_POINT ( 'NONE', #8767 ) ;
#10303 = VERTEX_POINT ( 'NONE', #7933 ) ;
#10304 = CARTESIAN_POINT ( 'NONE',  ( 0.8169184845298698100, -0.5190060211348896900, 2.025000000000000400 ) ) ;
#10305 = COLOUR_RGB ( '',1.000000000000000000, 0.7176470588235294200, 0.2470588235294117800 ) ;
#10306 = CARTESIAN_POINT ( 'NONE',  ( -1.071964321108942500, -0.2343596679441158100, 2.030000000000000700 ) ) ;
#10307 = FACE_BOUND ( 'NONE', #777, .T. ) ;
#10308 = EDGE_CURVE ( 'NONE', #671, #876, #3804, .T. ) ;
#10309 = CARTESIAN_POINT ( 'NONE',  ( -0.4880572633215876600, -0.2715819225685658900, 2.025000000000000400 ) ) ;
#10310 = COLOUR_RGB ( '',0.7294117647058823200, 0.3568627450980392200, 0.02352941176470588200 ) ;
#10311 = EDGE_CURVE ( 'NONE', #8915, #4355, #5988, .T. ) ;
#10312 = ORIENTED_EDGE ( 'NONE', *, *, #1675, .F. ) ;
#10313 = VERTEX_POINT ( 'NONE', #5480 ) ;
#10314 = CARTESIAN_POINT ( 'NONE',  ( -1.138698854732272900, -0.4515271816518685000, 2.024999999999999900 ) ) ;
#10315 = CYLINDRICAL_SURFACE ( 'NONE', #7644, 0.07500000000000041400 ) ;
#10316 = SURFACE_SIDE_STYLE ('',( #5863 ) ) ;
#10317 = VECTOR ( 'NONE', #1155, 1000.000000000000000 ) ;
#10318 =( LENGTH_UNIT ( ) NAMED_UNIT ( * ) SI_UNIT ( .MILLI., .METRE. ) );
#10319 = CARTESIAN_POINT ( 'NONE',  ( 0.7000000000000000700, 1.150000000000000100, 0.02000000000000000000 ) ) ;
#10320 = CARTESIAN_POINT ( 'NONE',  ( -0.4293732025005057600, -0.6436891140746294800, 2.025000000000000800 ) ) ;
#10321 =( GEOMETRIC_REPRESENTATION_CONTEXT ( 3 ) GLOBAL_UNCERTAINTY_ASSIGNED_CONTEXT ( ( #4316 ) ) GLOBAL_UNIT_ASSIGNED_CONTEXT ( ( #4036, #9787, #4865 ) ) REPRESENTATION_CONTEXT ( 'NONE', 'WORKASPACE' ) );
#10322 = AXIS2_PLACEMENT_3D ( 'NONE', #7792, #2860, #8618 ) ;
#10323 = FACE_BOUND ( 'NONE', #10685, .T. ) ;
#10324 = EDGE_CURVE ( 'NONE', #2266, #9752, #7917, .T. ) ;
#10325 = VECTOR ( 'NONE', #5640, 1000.000000000000000 ) ;
#10326 = CARTESIAN_POINT ( 'NONE',  ( 0.7445470393610312800, -0.3892441673924446100, 2.030000000000000700 ) ) ;
#10327 = ORIENTED_EDGE ( 'NONE', *, *, #3149, .T. ) ;
#10328 = DIRECTION ( 'NONE',  ( -1.000000000000000000, -0.0000000000000000000, -0.0000000000000000000 ) ) ;
#10329 = DIRECTION ( 'NONE',  ( 1.000000000000000000, 3.552334763092437500E-015, 0.0000000000000000000 ) ) ;
#10330 =( NAMED_UNIT ( * ) SI_UNIT ( $, .STERADIAN. ) SOLID_ANGLE_UNIT ( ) );
#10331 = ADVANCED_FACE ( 'NONE', ( #1861 ), #9326, .T. ) ;
#10332 = SURFACE_SIDE_STYLE ('',( #6612 ) ) ;
#10333 = AXIS2_PLACEMENT_3D ( 'NONE', #5096, #129, #5918 ) ;
#10334 = PRESENTATION_LAYER_ASSIGNMENT (  '', '', ( #8114 ) ) ;
#10335 = PRESENTATION_LAYER_ASSIGNMENT (  '', '', ( #9761 ) ) ;
#10336 = ORIENTED_EDGE ( 'NONE', *, *, #1329, .F. ) ;
#10337 = CARTESIAN_POINT ( 'NONE',  ( 0.8061430175274726400, -0.1657443423214070000, 2.030000000000001100 ) ) ;
#10338 =( NAMED_UNIT ( * ) PLANE_ANGLE_UNIT ( ) SI_UNIT ( $, .RADIAN. ) );
#10339 = CARTESIAN_POINT ( 'NONE',  ( 0.7531834977758502500, -0.4587315864164187000, 2.029999999999999800 ) ) ;
#10340 = EDGE_CURVE ( 'NONE', #6731, #10564, #4950, .T. ) ;
#10341 = FILL_AREA_STYLE ('',( #366 ) ) ;
#10342 = UNCERTAINTY_MEASURE_WITH_UNIT (LENGTH_MEASURE( 1.000000000000000100E-005 ), #7532, 'distance_accuracy_value', 'NONE');
#10343 = CARTESIAN_POINT ( 'NONE',  ( -0.5395379401696757100, -0.3460338111021330500, 2.030000000000000200 ) ) ;
#10344 = CARTESIAN_POINT ( 'NONE',  ( -0.9909170129825540800, -0.3334150508954680200, 2.025000000000000800 ) ) ;
#10345 = FILL_AREA_STYLE ('',( #7788 ) ) ;
#10346 = CARTESIAN_POINT ( 'NONE',  ( -1.120492788461531700, -0.7116594414007626500, 2.030000000000000200 ) ) ;
#10347 =( GEOMETRIC_REPRESENTATION_CONTEXT ( 3 ) GLOBAL_UNCERTAINTY_ASSIGNED_CONTEXT ( ( #7940 ) ) GLOBAL_UNIT_ASSIGNED_CONTEXT ( ( #2372, #8148, #3227 ) ) REPRESENTATION_CONTEXT ( 'NONE', 'WORKASPACE' ) );
#10349 = FILL_AREA_STYLE_COLOUR ( '', #3448 ) ;
#10348 = FILL_AREA_STYLE ('',( #8694 ) ) ;
#10350 = PRESENTATION_LAYER_ASSIGNMENT (  '', '', ( #9226 ) ) ;
#10351 = ORIENTED_EDGE ( 'NONE', *, *, #5674, .F. ) ;
#10352 = PRESENTATION_STYLE_ASSIGNMENT (( #8012 ) ) ;
#10353 = DIRECTION ( 'NONE',  ( -0.0000000000000000000, -0.0000000000000000000, 1.000000000000000000 ) ) ;
#10354 = CARTESIAN_POINT ( 'NONE',  ( -0.3101462339743520900, -0.6693517490930703800, 2.030000000000000700 ) ) ;
#10355 = VERTEX_POINT ( 'NONE', #3074 ) ;
#10356 =( GEOMETRIC_REPRESENTATION_CONTEXT ( 3 ) GLOBAL_UNCERTAINTY_ASSIGNED_CONTEXT ( ( #8414 ) ) GLOBAL_UNIT_ASSIGNED_CONTEXT ( ( #2681, #8431, #3519 ) ) REPRESENTATION_CONTEXT ( 'NONE', 'WORKASPACE' ) );
#10357 = DIRECTION ( 'NONE',  ( 1.000000000000000000, 0.0000000000000000000, 0.0000000000000000000 ) ) ;
#10358 = SURFACE_STYLE_FILL_AREA ( #7522 ) ;
#10359 = CARTESIAN_POINT ( 'NONE',  ( 0.7628158253343096900, -0.7232619609193498000, 2.029999999999998900 ) ) ;
#10360 = PLANE ( 'NONE',  #8235 ) ;
#10361 = LINE ( 'NONE', #4937, #3792 ) ;
#10362 = ORIENTED_EDGE ( 'NONE', *, *, #9404, .F. ) ;
#10363 = CARTESIAN_POINT ( 'NONE',  ( 1.699999999999998600, 0.3935000000002359900, 1.170000000000000400 ) ) ;
#10364 = FACE_OUTER_BOUND ( 'NONE', #8453, .T. ) ;
#10365 = CARTESIAN_POINT ( 'NONE',  ( -1.056082578051308100, -0.6432357844246664500, 2.025000000000001700 ) ) ;
#10366 = CARTESIAN_POINT ( 'NONE',  ( 0.6375131587358534600, -0.1840740492722578400, 2.029999999999999800 ) ) ;
#10367 = VECTOR ( 'NONE', #4850, 1000.000000000000000 ) ;
#10368 = SURFACE_STYLE_USAGE ( .BOTH. , #4609 ) ;
#10369 = PRESENTATION_STYLE_ASSIGNMENT (( #9605 ) ) ;
#10370 = EDGE_CURVE ( 'NONE', #1017, #8546, #6882, .T. ) ;
#10371 = COLOUR_RGB ( '',0.7294117647058823200, 0.3568627450980392200, 0.02352941176470588200 ) ;
#10372 = SURFACE_SIDE_STYLE ('',( #7048 ) ) ;
#10373 = EDGE_CURVE ( 'NONE', #3237, #2088, #2766, .T. ) ;
#10374 = CARTESIAN_POINT ( 'NONE',  ( 0.5217948717948789300, -0.7116594414007626500, 2.030000000000000200 ) ) ;
#10375 = ORIENTED_EDGE ( 'NONE', *, *, #275, .T. ) ;
#10376 = CARTESIAN_POINT ( 'NONE',  ( -1.187149439102557200, -0.4507620055033266800, 2.025000000000000400 ) ) ;
#10377 = CARTESIAN_POINT ( 'NONE',  ( -1.036538461538454500, -0.2989390888366600400, 2.025000000000000400 ) ) ;
#10378 = SURFACE_STYLE_USAGE ( .BOTH. , #4625 ) ;
#10379 = CARTESIAN_POINT ( 'NONE',  ( -0.5570512820512753000, -0.4372103228110190700, 2.025000000000000800 ) ) ;
#10380 = ADVANCED_FACE ( 'NONE', ( #9047, #2482 ), #6368, .T. ) ;
#10381 = STYLED_ITEM ( 'NONE', ( #1501 ), #5282 ) ;
#10382 = UNCERTAINTY_MEASURE_WITH_UNIT (LENGTH_MEASURE( 1.000000000000000100E-005 ), #8634, 'distance_accuracy_value', 'NONE');
#10383 =( GEOMETRIC_REPRESENTATION_CONTEXT ( 3 ) GLOBAL_UNCERTAINTY_ASSIGNED_CONTEXT ( ( #10382 ) ) GLOBAL_UNIT_ASSIGNED_CONTEXT ( ( #8634, #3709, #9460 ) ) REPRESENTATION_CONTEXT ( 'NONE', 'WORKASPACE' ) );
#10384 = CARTESIAN_POINT ( 'NONE',  ( -1.045782856188288000, -0.4116546633638494800, 2.029999999999999800 ) ) ;
#10385 = ORIENTED_EDGE ( 'NONE', *, *, #6113, .F. ) ;
#10386 = CARTESIAN_POINT ( 'NONE',  ( 0.7313501602564177500, -0.7257620055033268100, 2.025000000000000400 ) ) ;
#10387 = CARTESIAN_POINT ( 'NONE',  ( 1.311538461538469500, -0.1616594414007626000, 2.025000000000000400 ) ) ;
#10388 = CARTESIAN_POINT ( 'NONE',  ( 0.6034019844959290800, -0.2417605979427972800, 2.029999999999998500 ) ) ;
#10389 = CARTESIAN_POINT ( 'NONE',  ( -1.161919070512813700, -0.1616594414007626000, 2.025000000000000400 ) ) ;
#10390 = VERTEX_POINT ( 'NONE', #5554 ) ;
#10391 = EDGE_CURVE ( 'NONE', #8785, #9374, #10230, .T. ) ;
#10392 = COLOUR_RGB ( '',0.6862745098039215700, 0.6078431372549019100, 0.5294117647058823600 ) ;
#10393 =( NAMED_UNIT ( * ) PLANE_ANGLE_UNIT ( ) SI_UNIT ( $, .RADIAN. ) );
#10394 = ORIENTED_EDGE ( 'NONE', *, *, #9255, .T. ) ;
#10395 = DIRECTION ( 'NONE',  ( 1.000000000000000000, -0.0000000000000000000, 4.754114276428528800E-015 ) ) ;
#10396 = FACE_OUTER_BOUND ( 'NONE', #4164, .T. ) ;
#10397 = CARTESIAN_POINT ( 'NONE',  ( -0.3135616987179418200, -0.2039671337084549000, 2.025000000000000400 ) ) ;
#10398 = CARTESIAN_POINT ( 'NONE',  ( -0.3041573458003561900, -0.1476326418710490800, 2.025000000000000400 ) ) ;
#10399 =( GEOMETRIC_REPRESENTATION_CONTEXT ( 3 ) GLOBAL_UNCERTAINTY_ASSIGNED_CONTEXT ( ( #4509 ) ) GLOBAL_UNIT_ASSIGNED_CONTEXT ( ( #2367, #8141, #3224 ) ) REPRESENTATION_CONTEXT ( 'NONE', 'WORKASPACE' ) );
#10400 = FILL_AREA_STYLE ('',( #4642 ) ) ;
#10401 = FACE_OUTER_BOUND ( 'NONE', #6437, .T. ) ;
#10402 = B_SPLINE_SURFACE_WITH_KNOTS ( 'NONE', 3, 1, ( 
 ( #4514, #4542 ),
 ( #10304, #5379 ),
 ( #396, #6195 ),
 ( #1249, #7012 ),
 ( #2091, #7852 ),
 ( #2922, #8679 ),
 ( #3763, #9506 ),
 ( #4579, #10339 ),
 ( #5415, #433 ),
 ( #6225, #1290 ),
 ( #7047, #2119 ) ),
 .UNSPECIFIED., .F., .F., .F.,
 ( 4, 1, 1, 1, 1, 1, 1, 1, 4 ),
 ( 2, 2 ),
 ( 0.0000000000000000000, 0.09027921465001573200, 0.1895299184469586800, 0.2991978724002879500, 0.4189258867738195900, 0.5483762854012482800, 0.6881363695386812900, 0.8390835016589204300, 1.000000000000000000 ),
 ( 0.0000000000000000000, 1.000000000000000000 ),
 .UNSPECIFIED. ) ;
#10403 = UNCERTAINTY_MEASURE_WITH_UNIT (LENGTH_MEASURE( 1.000000000000000100E-005 ), #4815, 'distance_accuracy_value', 'NONE');
#10404 = VECTOR ( 'NONE', #5017, 1000.000000000000000 ) ;
#10405 = EDGE_CURVE ( 'NONE', #7983, #6171, #8030, .T. ) ;
#10406 = VERTEX_POINT ( 'NONE', #2295 ) ;
#10407 = PRESENTATION_STYLE_ASSIGNMENT (( #4378 ) ) ;
#10408 = MECHANICAL_DESIGN_GEOMETRIC_PRESENTATION_REPRESENTATION (  '', ( #9297 ), #235 ) ;
#10409 = CARTESIAN_POINT ( 'NONE',  ( -1.050751201923070500, -0.4149547138366601100, 2.025000000000000800 ) ) ;
#10410 = CARTESIAN_POINT ( 'NONE',  ( 0.8183797621879158600, -0.6325875814342278900, 2.025000000000000800 ) ) ;
#10411 = SURFACE_STYLE_FILL_AREA ( #7373 ) ;
#10412 =( NAMED_UNIT ( * ) SI_UNIT ( $, .STERADIAN. ) SOLID_ANGLE_UNIT ( ) );
#10413 = VECTOR ( 'NONE', #413, 1000.000000000000000 ) ;
#10414 = VECTOR ( 'NONE', #1856, 1000.000000000000000 ) ;
#10415 =( GEOMETRIC_REPRESENTATION_CONTEXT ( 3 ) GLOBAL_UNCERTAINTY_ASSIGNED_CONTEXT ( ( #8680 ) ) GLOBAL_UNIT_ASSIGNED_CONTEXT ( ( #4151, #9890, #4970 ) ) REPRESENTATION_CONTEXT ( 'NONE', 'WORKASPACE' ) );
#10416 = AXIS2_PLACEMENT_3D ( 'NONE', #8412, #3500, #9236 ) ;
#10417 = ORIENTED_EDGE ( 'NONE', *, *, #6035, .F. ) ;
#10418 = AXIS2_PLACEMENT_3D ( 'NONE', #4885, #10635, #5703 ) ;
#10419 = FILL_AREA_STYLE ('',( #3826 ) ) ;
#10420 = CARTESIAN_POINT ( 'NONE',  ( -1.050751201923070300, -0.4149547138366600500, 2.025000000000000400 ) ) ;
#10421 = AXIS2_PLACEMENT_3D ( 'NONE', #4893, #1475, #9804 ) ;
#10422 = CARTESIAN_POINT ( 'NONE',  ( 0.6396212012655524400, -0.6981964617372354900, 2.024999999999999500 ) ) ;
#10423 = B_SPLINE_SURFACE_WITH_KNOTS ( 'NONE', 3, 1, ( 
 ( #7107, #5488 ),
 ( #522, #6308 ),
 ( #1366, #7134 ),
 ( #2204, #7975 ),
 ( #3050, #8801 ),
 ( #3880, #9612 ),
 ( #4704, #10464 ),
 ( #5527, #552 ),
 ( #6340, #1406 ),
 ( #7171, #2238 ),
 ( #8006, #3083 ),
 ( #8837, #3910 ),
 ( #9656, #4739 ),
 ( #10496, #5561 ),
 ( #585, #6378 ),
 ( #1431, #7210 ),
 ( #2270, #8038 ),
 ( #3123, #8868 ),
 ( #3945, #9682 ) ),
 .UNSPECIFIED., .F., .F., .F.,
 ( 4, 1, 1, 1, 1, 1, 1, 1, 1, 1, 1, 1, 1, 1, 1, 1, 4 ),
 ( 2, 2 ),
 ( 0.0000000000000000000, 0.06259409718733180400, 0.1213229386347494100, 0.1766801421977652900, 0.2283650957096753600, 0.2768684458368074200, 0.3218791276660460900, 0.3640986251098920500, 0.4033556962427014600, 0.4779679481633711800, 0.5505354613647762700, 0.6235844567403235900, 0.6981748822642041000, 0.7733536703408755400, 0.8472811254977337100, 0.9228183395566694800, 1.000000000000000000 ),
 ( 0.0000000000000000000, 1.000000000000000000 ),
 .UNSPECIFIED. ) ;
#10424 = SURFACE_STYLE_FILL_AREA ( #996 ) ;
#10425 = CARTESIAN_POINT ( 'NONE',  ( -1.616885769650371100, -1.290252652248629900, 0.1200000000000000000 ) ) ;
#10426 = VECTOR ( 'NONE', #6700, 1000.000000000000000 ) ;
#10427 = CARTESIAN_POINT ( 'NONE',  ( 0.6819878058418400400, -0.1568370175009891100, 2.024999999999999900 ) ) ;
#10428 = FILL_AREA_STYLE ('',( #7103 ) ) ;
#10429 = ORIENTED_EDGE ( 'NONE', *, *, #1541, .T. ) ;
#10430 = PRESENTATION_STYLE_ASSIGNMENT (( #5068 ) ) ;
#10431 = ORIENTED_EDGE ( 'NONE', *, *, #7612, .T. ) ;
#10432 = CARTESIAN_POINT ( 'NONE',  ( 0.7808187354284418200, -0.4815418267149457800, 2.025000000000000800 ) ) ;
#10433 = SURFACE_STYLE_FILL_AREA ( #9679 ) ;
#10434 = CARTESIAN_POINT ( 'NONE',  ( 0.6276667570863945200, -0.3564089144555420700, 2.025000000000000400 ) ) ;
#10435 = CARTESIAN_POINT ( 'NONE',  ( -0.4512629503766068000, -0.2430866496872780600, 2.025000000000001200 ) ) ;
#10436 = CARTESIAN_POINT ( 'NONE',  ( -0.1032631361650642200, -0.2250212065547396400, 2.025000000000000400 ) ) ;
#10437 = CARTESIAN_POINT ( 'NONE',  ( -0.3971854967948645900, 0.4626995329582116500, 2.025000000000000400 ) ) ;
#10438 = EDGE_CURVE ( 'NONE', #542, #2219, #5849, .T. ) ;
#10439 =( NAMED_UNIT ( * ) SI_UNIT ( $, .STERADIAN. ) SOLID_ANGLE_UNIT ( ) );
#10440 = ORIENTED_EDGE ( 'NONE', *, *, #6490, .F. ) ;
#10441 = ORIENTED_EDGE ( 'NONE', *, *, #9944, .T. ) ;
#10442 = ORIENTED_EDGE ( 'NONE', *, *, #9880, .F. ) ;
#10443 = FACE_OUTER_BOUND ( 'NONE', #4646, .T. ) ;
#10444 = CARTESIAN_POINT ( 'NONE',  ( -1.032549034427133100, -0.4219429703608162400, 2.030000000000000700 ) ) ;
#10445 = CARTESIAN_POINT ( 'NONE',  ( 0.8367888621794946600, -0.2744799542212754100, 2.025000000000000400 ) ) ;
#10446 = FACE_OUTER_BOUND ( 'NONE', #1284, .T. ) ;
#10447 = CARTESIAN_POINT ( 'NONE',  ( -0.1649607321389935900, -0.2477545188755080300, 2.030000000000000200 ) ) ;
#10448 = EDGE_LOOP ( 'NONE', ( #6261, #10297, #2221, #503 ) ) ;
#10449 = CARTESIAN_POINT ( 'NONE',  ( 1.850000000000000800, -0.2597482130597315000, 1.230999999999999000 ) ) ;
#10450 = EDGE_CURVE ( 'NONE', #3263, #10406, #6706, .T. ) ;
#10451 = LINE ( 'NONE', #6415, #8256 ) ;
#10452 = EDGE_CURVE ( 'NONE', #243, #5770, #1441, .T. ) ;
#10453 = AXIS2_PLACEMENT_3D ( 'NONE', #4741, #10498, #5562 ) ;
#10454 = FILL_AREA_STYLE_COLOUR ( '', #2232 ) ;
#10455 = FILL_AREA_STYLE ('',( #10486 ) ) ;
#10456 =( NAMED_UNIT ( * ) PLANE_ANGLE_UNIT ( ) SI_UNIT ( $, .RADIAN. ) );
#10457 = CARTESIAN_POINT ( 'NONE',  ( -1.050751201923070300, -0.4149547138366600500, 2.025000000000000400 ) ) ;
#10458 = CARTESIAN_POINT ( 'NONE',  ( -0.4900641025640953800, 0.7800072252659040500, 2.025000000000000400 ) ) ;
#10459 = ORIENTED_EDGE ( 'NONE', *, *, #5381, .F. ) ;
#10460 = VERTEX_POINT ( 'NONE', #7302 ) ;
#10461 = DIRECTION ( 'NONE',  ( 0.0000000000000000000, -0.0000000000000000000, 1.000000000000000000 ) ) ;
#10462 = STYLED_ITEM ( 'NONE', ( #682 ), #7078 ) ;
#10463 = DIRECTION ( 'NONE',  ( 2.168404344971007700E-015, -1.000000000000000000, 0.0000000000000000000 ) ) ;
#10464 = CARTESIAN_POINT ( 'NONE',  ( -1.092884026611580700, -0.1676662379949804500, 2.029999999999999400 ) ) ;
#10465 = PRESENTATION_STYLE_ASSIGNMENT (( #9242 ) ) ;
#10466 = CARTESIAN_POINT ( 'NONE',  ( 0.6010796806093015000, -0.2980704354983190200, 2.030000000000000700 ) ) ;
#10467 = CARTESIAN_POINT ( 'NONE',  ( -0.5552139686628370100, -0.4052749110190317400, 2.025000000000000400 ) ) ;
#10468 = SURFACE_STYLE_USAGE ( .BOTH. , #4710 ) ;
#10469 = AXIS2_PLACEMENT_3D ( 'NONE', #2904, #8664, #3748 ) ;
#10470 = DIRECTION ( 'NONE',  ( 3.219508657951600400E-015, -0.9063077870366305100, -0.4226182617407413000 ) ) ;
#10471 = AXIS2_PLACEMENT_3D ( 'NONE', #8810, #10470, #5534 ) ;
#10472 = B_SPLINE_SURFACE_WITH_KNOTS ( 'NONE', 3, 1, ( 
 ( #736, #10093 ),
 ( #5182, #205 ),
 ( #5997, #1043 ),
 ( #6821, #1889 ),
 ( #7647, #2722 ),
 ( #8477, #3559 ),
 ( #9304, #4382 ),
 ( #10135, #5209 ),
 ( #240, #6032 ),
 ( #1079, #6856 ),
 ( #1932, #7683 ),
 ( #2757, #8513 ),
 ( #3595, #9335 ),
 ( #4420, #10167 ),
 ( #5248, #270 ),
 ( #6073, #1116 ),
 ( #6893, #1968 ),
 ( #7720, #2789 ),
 ( #8541, #3631 ) ),
 .UNSPECIFIED., .F., .F., .F.,
 ( 4, 1, 1, 1, 1, 1, 1, 1, 1, 1, 1, 1, 1, 1, 1, 1, 4 ),
 ( 2, 2 ),
 ( 0.0000000000000000000, 0.06148425519689042200, 0.1217745277022104800, 0.1809195598139318700, 0.2402561150782714100, 0.3001144444023516900, 0.3611459476126116500, 0.4235005824125857600, 0.4886693612807191900, 0.5539541046535621000, 0.6175812610152620100, 0.6802384268167397400, 0.7421873887724539400, 0.8046632117692935600, 0.8682589893126627700, 0.9330202571803759600, 1.000000000000000000 ),
 ( 0.0000000000000000000, 1.000000000000000000 ),
 .UNSPECIFIED. ) ;
#10473 = ORIENTED_EDGE ( 'NONE', *, *, #2929, .F. ) ;
#10474 = STYLED_ITEM ( 'NONE', ( #7768 ), #3501 ) ;
#10475 = UNCERTAINTY_MEASURE_WITH_UNIT (LENGTH_MEASURE( 1.000000000000000100E-005 ), #2358, 'distance_accuracy_value', 'NONE');
#10476 = CARTESIAN_POINT ( 'NONE',  ( -0.9564820076568162400, -0.4958057142310199300, 2.025000000000000400 ) ) ;
#10477 = CARTESIAN_POINT ( 'NONE',  ( 0.7994694520176522900, -0.2322743056258126700, 2.029999999999999800 ) ) ;
#10478 = EDGE_CURVE ( 'NONE', #7474, #5122, #9693, .T. ) ;
#10479 = CARTESIAN_POINT ( 'NONE',  ( -0.3035547550506265700, -0.2042200969465059200, 2.024999999999999900 ) ) ;
#10480 = EDGE_LOOP ( 'NONE', ( #60, #10089, #2211, #2293 ) ) ;
#10481 =( LENGTH_UNIT ( ) NAMED_UNIT ( * ) SI_UNIT ( .MILLI., .METRE. ) );
#10482 = ORIENTED_EDGE ( 'NONE', *, *, #7185, .T. ) ;
#10483 = CARTESIAN_POINT ( 'NONE',  ( 0.6489889537989743700, -0.2688654176382211900, 2.025000000000000800 ) ) ;
#10484 = PRESENTATION_STYLE_ASSIGNMENT (( #6615 ) ) ;
#10485 = CARTESIAN_POINT ( 'NONE',  ( 1.050641025641033500, -0.4437107234520447100, 2.025000000000000400 ) ) ;
#10486 = FILL_AREA_STYLE_COLOUR ( '', #5398 ) ;
#10487 = CARTESIAN_POINT ( 'NONE',  ( 1.850000000000000800, -0.2597482130597323400, 1.084000000000000300 ) ) ;
#10488 =( GEOMETRIC_REPRESENTATION_CONTEXT ( 3 ) GLOBAL_UNCERTAINTY_ASSIGNED_CONTEXT ( ( #5242 ) ) GLOBAL_UNIT_ASSIGNED_CONTEXT ( ( #10155, #5233, #260 ) ) REPRESENTATION_CONTEXT ( 'NONE', 'WORKASPACE' ) );
#10489 = CARTESIAN_POINT ( 'NONE',  ( 0.1375000000000071200, -0.5353773901187113300, 2.030000000000000200 ) ) ;
#10490 = CARTESIAN_POINT ( 'NONE',  ( -1.036001775618758300, -0.4051579215344501800, 2.030000000000000200 ) ) ;
#10491 = FACE_OUTER_BOUND ( 'NONE', #6157, .T. ) ;
#10492 = ORIENTED_EDGE ( 'NONE', *, *, #10292, .F. ) ;
#10493 = MECHANICAL_DESIGN_GEOMETRIC_PRESENTATION_REPRESENTATION (  '', ( #8831 ), #319 ) ;
#10494 = SURFACE_STYLE_USAGE ( .BOTH. , #4735 ) ;
#10495 = CARTESIAN_POINT ( 'NONE',  ( 0.7598065122809641900, -0.6663927703349032900, 2.025000000000000800 ) ) ;
#10496 = CARTESIAN_POINT ( 'NONE',  ( -1.006930002082462700, -0.2254699121846594500, 2.025000000000000400 ) ) ;
#10497 = ORIENTED_EDGE ( 'NONE', *, *, #9339, .F. ) ;
#10498 = DIRECTION ( 'NONE',  ( 1.000000000000000000, -0.0000000000000000000, 4.754114276428528800E-015 ) ) ;
#10499 = CARTESIAN_POINT ( 'NONE',  ( -0.4230719226436790400, -0.2277910389486727800, 2.030000000000000700 ) ) ;
#10500 =( NAMED_UNIT ( * ) SI_UNIT ( $, .STERADIAN. ) SOLID_ANGLE_UNIT ( ) );
#10501 = CARTESIAN_POINT ( 'NONE',  ( -1.700000000000005100, -0.4750000000000003700, 1.070000000000000100 ) ) ;
#10502 = COLOUR_RGB ( '',1.000000000000000000, 0.7176470588235294200, 0.2470588235294117800 ) ;
#10503 = DIRECTION ( 'NONE',  ( 0.0000000000000000000, 1.000000000000000000, 0.0000000000000000000 ) ) ;
#10504 = ORIENTED_EDGE ( 'NONE', *, *, #1661, .T. ) ;
#10505 = SHAPE_DEFINITION_REPRESENTATION ( #4216, #946 ) ;
#10506 = ORIENTED_EDGE ( 'NONE', *, *, #8665, .T. ) ;
#10507 = EDGE_CURVE ( 'NONE', #4883, #4511, #1194, .T. ) ;
#10508 = LINE ( 'NONE', #421, #1738 ) ;
#10509 = FILL_AREA_STYLE_COLOUR ( '', #7700 ) ;
#10510 = LINE ( 'NONE', #8181, #8312 ) ;
#10511 = EDGE_CURVE ( 'NONE', #10300, #1586, #9958, .T. ) ;
#10512 = UNCERTAINTY_MEASURE_WITH_UNIT (LENGTH_MEASURE( 1.000000000000000100E-005 ), #1945, 'distance_accuracy_value', 'NONE');
#10513 = LINE ( 'NONE', #5678, #3943 ) ;
#10514 = ORIENTED_EDGE ( 'NONE', *, *, #9670, .T. ) ;
#10515 = FILL_AREA_STYLE ('',( #4759 ) ) ;
#10516 = DIRECTION ( 'NONE',  ( 0.0000000000000000000, 0.0000000000000000000, 1.000000000000000000 ) ) ;
#10517 =( GEOMETRIC_REPRESENTATION_CONTEXT ( 3 ) GLOBAL_UNCERTAINTY_ASSIGNED_CONTEXT ( ( #1257 ) ) GLOBAL_UNIT_ASSIGNED_CONTEXT ( ( #6304, #1363, #7130 ) ) REPRESENTATION_CONTEXT ( 'NONE', 'WORKASPACE' ) );
#10518 = LINE ( 'NONE', #10027, #6144 ) ;
#10519 = FILL_AREA_STYLE_COLOUR ( '', #7781 ) ;
#10520 = DIRECTION ( 'NONE',  ( 0.0000000000000000000, -0.0000000000000000000, 1.000000000000000000 ) ) ;
#10521 =( NAMED_UNIT ( * ) PLANE_ANGLE_UNIT ( ) SI_UNIT ( $, .RADIAN. ) );
#10522 = SURFACE_STYLE_FILL_AREA ( #8567 ) ;
#10523 = ORIENTED_EDGE ( 'NONE', *, *, #3586, .T. ) ;
#10524 = SURFACE_SIDE_STYLE ('',( #8631 ) ) ;
#10525 = EDGE_CURVE ( 'NONE', #787, #1391, #5345, .T. ) ;
#10526 = SURFACE_STYLE_USAGE ( .BOTH. , #4771 ) ;
#10527 = LINE ( 'NONE', #6533, #1238 ) ;
#10528 = CARTESIAN_POINT ( 'NONE',  ( 0.8258926230484673300, -0.6223131642762123100, 2.030000000000000200 ) ) ;
#10529 = CARTESIAN_POINT ( 'NONE',  ( 0.6300981570512894600, -0.3596462202469164500, 2.025000000000000400 ) ) ;
#10530 = UNCERTAINTY_MEASURE_WITH_UNIT (LENGTH_MEASURE( 1.000000000000000100E-005 ), #7121, 'distance_accuracy_value', 'NONE');
#10531 = UNCERTAINTY_MEASURE_WITH_UNIT (LENGTH_MEASURE( 1.000000000000000100E-005 ), #4697, 'distance_accuracy_value', 'NONE');
#10532 = ORIENTED_EDGE ( 'NONE', *, *, #9662, .F. ) ;
#10533 = CARTESIAN_POINT ( 'NONE',  ( -0.5493914832177935200, -0.3748310668515259000, 2.030000000000000200 ) ) ;
#10534 =( NAMED_UNIT ( * ) SI_UNIT ( $, .STERADIAN. ) SOLID_ANGLE_UNIT ( ) );
#10535 = PRESENTATION_LAYER_ASSIGNMENT (  '', '', ( #9432 ) ) ;
#10536 = CARTESIAN_POINT ( 'NONE',  ( 0.7033721357642152000, -0.4224540279239438800, 2.024999999999999900 ) ) ;
#10537 = CARTESIAN_POINT ( 'NONE',  ( 0.8352809088747656900, -0.1871984828151129800, 2.024999999999999900 ) ) ;
#10538 = EDGE_CURVE ( 'NONE', #7617, #4705, #935, .T. ) ;
#10539 = VERTEX_POINT ( 'NONE', #3244 ) ;
#10540 = PRODUCT_DEFINITION ( 'UNKNOWN', '', #368, #8854 ) ;
#10541 = DIRECTION ( 'NONE',  ( 0.0000000000000000000, -1.000000000000000000, 0.0000000000000000000 ) ) ;
#10542 = CARTESIAN_POINT ( 'NONE',  ( -0.5477338642595748200, -0.5070744953828809600, 2.025000000000000400 ) ) ;
#10543 = CARTESIAN_POINT ( 'NONE',  ( 0.7293669871794945500, -0.2039671337084549000, 2.025000000000000400 ) ) ;
#10544 = MECHANICAL_DESIGN_GEOMETRIC_PRESENTATION_REPRESENTATION (  '', ( #8888 ), #375 ) ;
#10545 = COLOUR_RGB ( '',0.7294117647058823200, 0.3568627450980392200, 0.02352941176470588200 ) ;
#10546 = STYLED_ITEM ( 'NONE', ( #172 ), #2677 ) ;
#10547 = FILL_AREA_STYLE ('',( #8853 ) ) ;
#10548 = DIRECTION ( 'NONE',  ( -1.000000000000000000, 0.0000000000000000000, -2.168404344971003200E-014 ) ) ;
#10550 = ORIENTED_EDGE ( 'NONE', *, *, #7065, .T. ) ;
#10549 = FILL_AREA_STYLE_COLOUR ( '', #7313 ) ;
#10551 = VERTEX_POINT ( 'NONE', #9819 ) ;
#10552 = ORIENTED_EDGE ( 'NONE', *, *, #10165, .T. ) ;
#10553 = ORIENTED_EDGE ( 'NONE', *, *, #7540, .T. ) ;
#10554 = CARTESIAN_POINT ( 'NONE',  ( -1.700000000000005300, 0.3749999999999990600, 0.4590000000000000700 ) ) ;
#10555 = ORIENTED_EDGE ( 'NONE', *, *, #1661, .F. ) ;
#10556 = CARTESIAN_POINT ( 'NONE',  ( -1.172494383962810100, -0.3941674746173749500, 2.030000000000000200 ) ) ;
#10557 =( LENGTH_UNIT ( ) NAMED_UNIT ( * ) SI_UNIT ( .MILLI., .METRE. ) );
#10558 = COLOUR_RGB ( '',0.6862745098039215700, 0.6078431372549019100, 0.5294117647058823600 ) ;
#10559 = VECTOR ( 'NONE', #8379, 1000.000000000000000 ) ;
#10560 = COLOUR_RGB ( '',0.9921568627450980700, 0.7176470588235294200, 0.2470588235294117800 ) ;
#10561 = CARTESIAN_POINT ( 'NONE',  ( -0.5950284728960789600, -0.3481763430397952200, 2.030000000000000200 ) ) ;
#10562 = LINE ( 'NONE', #5170, #1797 ) ;
#10563 = CARTESIAN_POINT ( 'NONE',  ( -1.048400647130547100, -0.7006553180625649800, 2.030000000000000200 ) ) ;
#10564 = VERTEX_POINT ( 'NONE', #8172 ) ;
#10565 = VERTEX_POINT ( 'NONE', #6550 ) ;
#10566 = SURFACE_SIDE_STYLE ('',( #6076 ) ) ;
#10567 = CARTESIAN_POINT ( 'NONE',  ( -0.3359848459367795200, -0.6688695249372604800, 2.030000000000000200 ) ) ;
#10568 = ORIENTED_EDGE ( 'NONE', *, *, #10391, .T. ) ;
#10569 = CARTESIAN_POINT ( 'NONE',  ( -1.187149439102557200, -0.4507620055033266800, 2.030000000000000200 ) ) ;
#10570 = DIRECTION ( 'NONE',  ( -0.0000000000000000000, -1.000000000000000000, -0.0000000000000000000 ) ) ;
#10571 = DIRECTION ( 'NONE',  ( -0.05226442768871385200, -0.05226442768871422000, -0.9972646886342373400 ) ) ;
#10572 = CARTESIAN_POINT ( 'NONE',  ( -0.2043664890677570600, -0.7089559895747183900, 2.030000000000000700 ) ) ;
#10573 =( NAMED_UNIT ( * ) PLANE_ANGLE_UNIT ( ) SI_UNIT ( $, .RADIAN. ) );
#10574 = PRESENTATION_STYLE_ASSIGNMENT (( #10655 ) ) ;
#10575 = B_SPLINE_SURFACE_WITH_KNOTS ( 'NONE', 3, 1, ( 
 ( #5322, #373 ),
 ( #6162, #1223 ),
 ( #6986, #2067 ),
 ( #7820, #2894 ),
 ( #8655, #3729 ),
 ( #9479, #4551 ),
 ( #10314, #5387 ),
 ( #407, #6203 ),
 ( #1259, #7022 ),
 ( #2096, #7865 ),
 ( #2933, #8690 ) ),
 .UNSPECIFIED., .F., .F., .F.,
 ( 4, 1, 1, 1, 1, 1, 1, 1, 4 ),
 ( 2, 2 ),
 ( 0.0000000000000000000, 0.07930648552299875100, 0.1719528189279314300, 0.2770565073915885500, 0.3947305758644744600, 0.5261773212767577600, 0.6713447665976127700, 0.8292852571892520600, 1.000000000000000000 ),
 ( 0.0000000000000000000, 1.000000000000000000 ),
 .UNSPECIFIED. ) ;
#10576 = FACE_OUTER_BOUND ( 'NONE', #9174, .T. ) ;
#10577 = ORIENTED_EDGE ( 'NONE', *, *, #6288, .F. ) ;
#10578 = DIRECTION ( 'NONE',  ( -0.9079593845004517700, -0.4190581774617469500, 0.0000000000000000000 ) ) ;
#10579 = CARTESIAN_POINT ( 'NONE',  ( -0.3188610830969196300, -0.6691891044909820100, 2.024999999999999900 ) ) ;
#10580 = CARTESIAN_POINT ( 'NONE',  ( 0.8814102564102639400, -0.2406558356315318400, 2.025000000000000400 ) ) ;
#10581 =( GEOMETRIC_REPRESENTATION_CONTEXT ( 3 ) GLOBAL_UNCERTAINTY_ASSIGNED_CONTEXT ( ( #8596 ) ) GLOBAL_UNIT_ASSIGNED_CONTEXT ( ( #5558, #583, #6372 ) ) REPRESENTATION_CONTEXT ( 'NONE', 'WORKASPACE' ) );
#10582 = DIRECTION ( 'NONE',  ( 0.0000000000000000000, -0.0000000000000000000, 1.000000000000000000 ) ) ;
#10583 = EDGE_CURVE ( 'NONE', #10539, #9640, #7251, .T. ) ;
#10584 = CARTESIAN_POINT ( 'NONE',  ( 0.7144357277982439400, -0.4303342805624141300, 2.029999999999999800 ) ) ;
#10585 = ORIENTED_EDGE ( 'NONE', *, *, #6288, .T. ) ;
#10586 = CARTESIAN_POINT ( 'NONE',  ( -0.5856946761168655400, -0.3220586117474141300, 2.025000000000000800 ) ) ;
#10587 = CARTESIAN_POINT ( 'NONE',  ( -1.095971910341399600, -0.3830218149577721000, 2.025000000000000800 ) ) ;
#10588 = UNCERTAINTY_MEASURE_WITH_UNIT (LENGTH_MEASURE( 1.000000000000000100E-005 ), #7370, 'distance_accuracy_value', 'NONE');
#10589 = CARTESIAN_POINT ( 'NONE',  ( 0.8360868107730006200, -0.5999213914276196900, 2.030000000000000700 ) ) ;
#10590 = CARTESIAN_POINT ( 'NONE',  ( -1.525252652248638900, 1.290252652248629300, 0.2199999999999999500 ) ) ;
#10591 = FILL_AREA_STYLE_COLOUR ( '', #5047 ) ;
#10592 = CARTESIAN_POINT ( 'NONE',  ( -0.4775280894507845100, -0.1935395472268684500, 2.024999999999999900 ) ) ;
#10593 = CARTESIAN_POINT ( 'NONE',  ( -0.3157311385229801300, -0.7257208352445599900, 2.025000000000000400 ) ) ;
#10594 = CARTESIAN_POINT ( 'NONE',  ( 1.700000000000005100, -1.464999999999994100, 1.169999999999999900 ) ) ;
#10595 = DIRECTION ( 'NONE',  ( 1.000000000000000000, 0.0000000000000000000, 0.0000000000000000000 ) ) ;
#10596 = ORIENTED_EDGE ( 'NONE', *, *, #10712, .T. ) ;
#10597 = EDGE_CURVE ( 'NONE', #865, #5051, #650, .T. ) ;
#10598 = ORIENTED_EDGE ( 'NONE', *, *, #8570, .F. ) ;
#10599 = CARTESIAN_POINT ( 'NONE',  ( -0.7041366185897363100, 0.2300072252659039800, 2.030000000000000200 ) ) ;
#10600 = CARTESIAN_POINT ( 'NONE',  ( 0.8310803175205825300, -0.6919128073575887500, 2.025000000000000800 ) ) ;
#10601 = STYLED_ITEM ( 'NONE', ( #5365 ), #10163 ) ;
#10602 = FILL_AREA_STYLE_COLOUR ( '', #3 ) ;
#10603 = MECHANICAL_DESIGN_GEOMETRIC_PRESENTATION_REPRESENTATION (  '', ( #8944 ), #434 ) ;
#10604 = CARTESIAN_POINT ( 'NONE',  ( 1.150000000000005200, 1.100000000000000100, 0.1000000000000054900 ) ) ;
#10605 = VECTOR ( 'NONE', #7337, 1000.000000000000200 ) ;
#10606 = PRESENTATION_STYLE_ASSIGNMENT (( #7639 ) ) ;
#10607 = ORIENTED_EDGE ( 'NONE', *, *, #6431, .F. ) ;
#10608 = CARTESIAN_POINT ( 'NONE',  ( -1.064420108945486600, -0.2394266651695242100, 2.025000000000000400 ) ) ;
#10609 = VECTOR ( 'NONE', #6462, 1000.000000000000000 ) ;
#10611 = CARTESIAN_POINT ( 'NONE',  ( 0.8884615384615458500, -0.5769138484520447400, 2.025000000000000400 ) ) ;
#10610 = AXIS2_PLACEMENT_3D ( 'NONE', #2147, #7922, #2998 ) ;
#10612 = ORIENTED_EDGE ( 'NONE', *, *, #9977, .F. ) ;
#10613 = SURFACE_SIDE_STYLE ('',( #1816 ) ) ;
#10614 = FILL_AREA_STYLE ('',( #4902 ) ) ;
#10615 = CARTESIAN_POINT ( 'NONE',  ( 0.6357121372615154300, -0.3663498997184713200, 2.025000000000000400 ) ) ;
#10616 = CARTESIAN_POINT ( 'NONE',  ( -0.3104767628205059000, -0.1475568772981984700, 2.025000000000000400 ) ) ;
#10617 = CARTESIAN_POINT ( 'NONE',  ( -1.040474883889416900, -0.3258724318426363100, 2.030000000000000200 ) ) ;
#10618 = CARTESIAN_POINT ( 'NONE',  ( 1.650000000000004600, 1.100000000000000100, 0.1000000000000078700 ) ) ;
#10619 = MECHANICAL_DESIGN_GEOMETRIC_PRESENTATION_REPRESENTATION (  '', ( #9523 ), #454 ) ;
#10620 = DIRECTION ( 'NONE',  ( -0.0000000000000000000, -0.0000000000000000000, 1.000000000000000000 ) ) ;
#10621 = CARTESIAN_POINT ( 'NONE',  ( -0.5893945424221849200, -0.5399639369780419000, 2.025000000000001200 ) ) ;
#10622 = VERTEX_POINT ( 'NONE', #8212 ) ;
#10623 = FACE_OUTER_BOUND ( 'NONE', #2022, .T. ) ;
#10624 = CARTESIAN_POINT ( 'NONE',  ( -0.3208456310582206700, -0.1478104018431708200, 2.030000000000000200 ) ) ;
#10625 = CARTESIAN_POINT ( 'NONE',  ( -0.4659019238296894800, -0.6883243576521034200, 2.025000000000000400 ) ) ;
#10626 = EDGE_CURVE ( 'NONE', #10686, #5115, #6996, .T. ) ;
#10627 = CARTESIAN_POINT ( 'NONE',  ( -1.045584181985086200, -0.3385297987680969100, 2.029999999999999800 ) ) ;
#10628 = CARTESIAN_POINT ( 'NONE',  ( -1.152884615384608600, -0.2180696978110190400, 2.030000000000000200 ) ) ;
#10629 = EDGE_LOOP ( 'NONE', ( #3128, #4273, #2502, #1985 ) ) ;
#10630 = CARTESIAN_POINT ( 'NONE',  ( -0.9899196338907594300, -0.4485204513587199800, 2.030000000000000700 ) ) ;
#10631 = ORIENTED_EDGE ( 'NONE', *, *, #6851, .F. ) ;
#10632 = CARTESIAN_POINT ( 'NONE',  ( 0.6489033808634598900, -0.2824433450756632700, 2.024999999999999900 ) ) ;
#10633 = CARTESIAN_POINT ( 'NONE',  ( -1.701000000000004700, -1.100000000000000100, 1.070000000000000100 ) ) ;
#10634 = SURFACE_STYLE_FILL_AREA ( #2172 ) ;
#10635 = DIRECTION ( 'NONE',  ( -2.168404344971003200E-014, 0.0000000000000000000, -1.000000000000000000 ) ) ;
#10636 = SURFACE_STYLE_FILL_AREA ( #3001 ) ;
#10637 = ORIENTED_EDGE ( 'NONE', *, *, #5467, .T. ) ;
#10638 = DIRECTION ( 'NONE',  ( -0.5391904756110241800, 0.8421838463247544000, 0.0000000000000000000 ) ) ;
#10639 = LINE ( 'NONE', #3867, #8454 ) ;
#10640 = EDGE_CURVE ( 'NONE', #2878, #9520, #4792, .T. ) ;
#10641 = DIRECTION ( 'NONE',  ( -0.0000000000000000000, -0.0000000000000000000, 1.000000000000000000 ) ) ;
#10642 =( LENGTH_UNIT ( ) NAMED_UNIT ( * ) SI_UNIT ( .MILLI., .METRE. ) );
#10643 = PLANE ( 'NONE',  #9680 ) ;
#10644 = CARTESIAN_POINT ( 'NONE',  ( 0.6232064307948798100, -0.5987928203894994400, 2.025000000000000800 ) ) ;
#10645 = ORIENTED_EDGE ( 'NONE', *, *, #3550, .T. ) ;
#10646 = FILL_AREA_STYLE_COLOUR ( '', #10699 ) ;
#10647 =( NAMED_UNIT ( * ) PLANE_ANGLE_UNIT ( ) SI_UNIT ( $, .RADIAN. ) );
#10648 = VECTOR ( 'NONE', #4419, 1000.000000000000000 ) ;
#10649 = STYLED_ITEM ( 'NONE', ( #9916 ), #6088 ) ;
#10650 = CARTESIAN_POINT ( 'NONE',  ( -0.1137019230769161400, -0.5776850824264037100, 2.025000000000000400 ) ) ;
#10651 = LINE ( 'NONE', #7794, #8472 ) ;
#10652 = CARTESIAN_POINT ( 'NONE',  ( -0.3041573458003561900, -0.1476326418710490800, 2.030000000000000200 ) ) ;
#10653 = LINE ( 'NONE', #8677, #2151 ) ;
#10654 = PLANE ( 'NONE',  #6257 ) ;
#10655 = SURFACE_STYLE_USAGE ( .BOTH. , #4909 ) ;
#10656 = DIRECTION ( 'NONE',  ( 4.336808689942017700E-017, 1.000000000000000000, 0.0000000000000000000 ) ) ;
#10657 = ORIENTED_EDGE ( 'NONE', *, *, #7389, .T. ) ;
#10658 = UNCERTAINTY_MEASURE_WITH_UNIT (LENGTH_MEASURE( 1.000000000000000100E-005 ), #3274, 'distance_accuracy_value', 'NONE');
#10659 = FACE_OUTER_BOUND ( 'NONE', #316, .T. ) ;
#10660 =( LENGTH_UNIT ( ) NAMED_UNIT ( * ) SI_UNIT ( .MILLI., .METRE. ) );
#10661 = CARTESIAN_POINT ( 'NONE',  ( 7.094747966202019600E-015, -0.7116594414007626500, 2.030000000000000200 ) ) ;
#10662 = SURFACE_STYLE_USAGE ( .BOTH. , #4915 ) ;
#10663 = CARTESIAN_POINT ( 'NONE',  ( 0.6890301374412661800, -0.3482891398250258500, 2.025000000000000800 ) ) ;
#10665 = PRESENTATION_LAYER_ASSIGNMENT (  '', '', ( #9561 ) ) ;
#10664 = DIRECTION ( 'NONE',  ( -1.000000000000000000, -0.0000000000000000000, -0.0000000000000000000 ) ) ;
#10666 = VECTOR ( 'NONE', #9132, 1000.000000000000000 ) ;
#10667 = SURFACE_STYLE_FILL_AREA ( #8990 ) ;
#10668 = AXIS2_PLACEMENT_3D ( 'NONE', #10485, #5553, #577 ) ;
#10669 =( GEOMETRIC_REPRESENTATION_CONTEXT ( 3 ) GLOBAL_UNCERTAINTY_ASSIGNED_CONTEXT ( ( #5572 ) ) GLOBAL_UNIT_ASSIGNED_CONTEXT ( ( #7730, #2796, #8551 ) ) REPRESENTATION_CONTEXT ( 'NONE', 'WORKASPACE' ) );
#10670 = CARTESIAN_POINT ( 'NONE',  ( -1.700000000000005100, 1.100000000000000100, 1.169999999999999900 ) ) ;
#10671 = EDGE_LOOP ( 'NONE', ( #5641, #8465, #9950, #2100 ) ) ;
#10672 = CARTESIAN_POINT ( 'NONE',  ( 0.6755831815729948000, -0.3354402685668996800, 2.030000000000000700 ) ) ;
#10673 = VECTOR ( 'NONE', #9943, 1000.000000000000000 ) ;
#10674 = VERTEX_POINT ( 'NONE', #5014 ) ;
#10675 = FILL_AREA_STYLE ('',( #4091 ) ) ;
#10676 = EDGE_LOOP ( 'NONE', ( #4472, #2304, #6734, #10645, #5841, #6465, #6564, #3243 ) ) ;
#10677 = SURFACE_STYLE_FILL_AREA ( #8243 ) ;
#10678 = EDGE_CURVE ( 'NONE', #9230, #2342, #4817, .T. ) ;
#10679 = COLOUR_RGB ( '',0.7294117647058823200, 0.3568627450980392200, 0.02352941176470588200 ) ;
#10680 = CARTESIAN_POINT ( 'NONE',  ( 1.311538461538469500, -0.6552491849905062200, 2.030000000000000200 ) ) ;
#10681 = SURFACE_SIDE_STYLE ('',( #7557 ) ) ;
#10682 = FILL_AREA_STYLE_COLOUR ( '', #1987 ) ;
#10683 = SURFACE_SIDE_STYLE ('',( #9222 ) ) ;
#10684 = DIRECTION ( 'NONE',  ( -3.566594907117028300E-015, 0.9986295347545739400, 0.05233595624294395300 ) ) ;
#10685 = EDGE_LOOP ( 'NONE', ( #707, #8193, #1507, #4174, #1764 ) ) ;
#10686 = VERTEX_POINT ( 'NONE', #47 ) ;
#10687 = SURFACE_SIDE_STYLE ('',( #7738 ) ) ;
#10688 = ORIENTED_EDGE ( 'NONE', *, *, #3689, .T. ) ;
#10689 = AXIS2_PLACEMENT_3D ( 'NONE', #937, #6712, #1775 ) ;
#10690 = LINE ( 'NONE', #4694, #2183 ) ;
#10691 = COLOUR_RGB ( '',0.7294117647058823200, 0.3568627450980392200, 0.02352941176470588200 ) ;
#10692 = CARTESIAN_POINT ( 'NONE',  ( -1.186708733974352100, -0.3943517490930703000, 2.025000000000000400 ) ) ;
#10693 = AXIS2_PLACEMENT_3D ( 'NONE', #339, #6137, #1181 ) ;
#10694 = CARTESIAN_POINT ( 'NONE',  ( 0.7293669871794945500, -0.2039671337084549000, 2.025000000000000400 ) ) ;
#10695 = CARTESIAN_POINT ( 'NONE',  ( 1.839166559139743300, -0.2597482130597327800, 1.084000000000002500 ) ) ;
#10696 = DIRECTION ( 'NONE',  ( 0.0000000000000000000, 1.000000000000000000, 0.0000000000000000000 ) ) ;
#10697 = SURFACE_STYLE_USAGE ( .BOTH. , #4941 ) ;
#10698 = DIRECTION ( 'NONE',  ( -0.4283511191562788800, -0.9036123719369734100, 0.0000000000000000000 ) ) ;
#10699 = COLOUR_RGB ( '',0.7294117647058823200, 0.3568627450980392200, 0.02352941176470588200 ) ;
#10700 = ORIENTED_EDGE ( 'NONE', *, *, #5289, .T. ) ;
#10701 = DIRECTION ( 'NONE',  ( 0.0000000000000000000, -1.000000000000000000, 0.0000000000000000000 ) ) ;
#10702 = UNCERTAINTY_MEASURE_WITH_UNIT (LENGTH_MEASURE( 1.000000000000000100E-005 ), #8478, 'distance_accuracy_value', 'NONE');
#10703 = SURFACE_STYLE_USAGE ( .BOTH. , #4947 ) ;
#10704 = CARTESIAN_POINT ( 'NONE',  ( 0.7445470393610312800, -0.3892441673924446100, 2.030000000000000200 ) ) ;
#10705 = DIRECTION ( 'NONE',  ( -3.219508657951540800E-015, 0.9063077870366137400, -0.4226182617407771600 ) ) ;
#10706 = DIRECTION ( 'NONE',  ( -0.5389461971344257100, -0.8423401905372559500, 0.0000000000000000000 ) ) ;
#10707 =( NAMED_UNIT ( * ) SI_UNIT ( $, .STERADIAN. ) SOLID_ANGLE_UNIT ( ) );
#10708 = CARTESIAN_POINT ( 'NONE',  ( -1.701000000000004700, 1.100000000000000100, 1.070000000000000100 ) ) ;
#10709 = DIRECTION ( 'NONE',  ( -0.5390871699424968400, 0.8422499766716468100, 0.0000000000000000000 ) ) ;
#10710 = ORIENTED_EDGE ( 'NONE', *, *, #2754, .T. ) ;
#10711 = ORIENTED_EDGE ( 'NONE', *, *, #8938, .T. ) ;
#10712 = EDGE_CURVE ( 'NONE', #6200, #4332, #9181, .T. ) ;
#10713 = CARTESIAN_POINT ( 'NONE',  ( 0.8210283016015744700, -0.2549631791957914200, 2.030000000000001100 ) ) ;
#10714 = EDGE_CURVE ( 'NONE', #6979, #604, #397, .T. ) ;
#10715 = DIRECTION ( 'NONE',  ( 0.4190581774617469500, -0.9079593845004517700, 0.0000000000000000000 ) ) ;
#10716 = ORIENTED_EDGE ( 'NONE', *, *, #10511, .F. ) ;
#10717 = CARTESIAN_POINT ( 'NONE',  ( 1.624872122057804000, 1.290252652248629300, 0.2112844257252345400 ) ) ;
#10718 =( GEOMETRIC_REPRESENTATION_CONTEXT ( 3 ) GLOBAL_UNCERTAINTY_ASSIGNED_CONTEXT ( ( #3969 ) ) GLOBAL_UNIT_ASSIGNED_CONTEXT ( ( #7050, #2122, #7892 ) ) REPRESENTATION_CONTEXT ( 'NONE', 'WORKASPACE' ) );
#10719 = AXIS2_PLACEMENT_3D ( 'NONE', #7177, #2242, #8010 ) ;
#10720 = DIRECTION ( 'NONE',  ( -0.0000000000000000000, -0.0000000000000000000, 1.000000000000000000 ) ) ;
ENDSEC;
END-ISO-10303-21;
