RECORD=-42|LINENO=   0|OWNERPARTID= -42|OWNERINDEX= -42|HEADER=Protel for Windows - Schematic Capture Binary File Version 5.0|MINORVERSION=2|UNIQUEID=FAQDVHXC|WEIGHT=1459|
RECORD=31|LINENO=   1|OWNERPARTID= -42|OWNERINDEX= -42|AREACOLOR=16317695|BOLD4=T|BORDERON=T|CUSTOMMARGINWIDTH=20|CUSTOMX=1500|CUSTOMXZONES=6|CUSTOMY=950|CUSTOMYZONES=4|DISPLAY_UNIT=0|FONTIDCOUNT=7|FONTNAME1=Times New Roman|FONTNAME2=Times New Roman|FONTNAME3=Arial Narrow|FONTNAME4=Times New Roman|FONTNAME5=Arial Narrow|FONTNAME6=Arial|FONTNAME7=Arial|HOTSPOTGRIDON=T|HOTSPOTGRIDSIZE=5|ISBOC=T|REFERENCEZONESON=T|ROTATION2=90|ROTATION5=90|SHEETNUMBERSPACESIZE=12|SHOWTEMPLATEGRAPHICS=T|SIZE1=10|SIZE2=10|SIZE3=10|SIZE4=10|SIZE5=10|SIZE6=9|SIZE7=12|SNAPGRIDON=T|SNAPGRIDSIZE=5|SYSTEMFONT=1|TEMPLATEFILENAME=D:\Data\Lib Altium\Sch_Templates\Schematic_A4_Landscape.SchDot|USEMBCS=T|VISIBLEGRIDON=T|VISIBLEGRIDSIZE=10|
RECORD=39|LINENO=   2|OWNERPARTID=   0|OWNERINDEX= -42|FILENAME=D:\Data\Lib Altium\Sch_Templates\Schematic_A4_Landscape.SchDot|
RECORD= 4|LINENO=   3|OWNERPARTID=   0|OWNERINDEX=   2|FONTID=1|LOCATION.X=1022|TEXT==sheetnumber|
RECORD= 4|LINENO=   4|OWNERPARTID=   0|OWNERINDEX=   2|FONTID=1|LOCATION.X=1048|TEXT==sheettotal|
RECORD= 4|LINENO=   5|OWNERPARTID=   0|OWNERINDEX=   2|FONTID=4|LOCATION.X=876|LOCATION.Y=41|TEXT==Title|
RECORD= 6|LINENO=   6|OWNERPARTID=   0|OWNERINDEX=   2|LOCATIONCOUNT=2|X1=1090|X2=850|Y1=40|Y2=40|
RECORD= 6|LINENO=   7|OWNERPARTID=   0|OWNERINDEX=   2|LOCATIONCOUNT=2|X1=850|X2=1090|Y1=30|Y2=30|
RECORD= 6|LINENO=   8|OWNERPARTID=   0|OWNERINDEX=   2|LOCATIONCOUNT=2|X1=900|X2=900|Y1=10|
RECORD= 6|LINENO=   9|OWNERPARTID=   0|OWNERINDEX=   2|LOCATIONCOUNT=2|X1=990|X2=990|Y1=20|
RECORD= 6|LINENO=  10|OWNERPARTID=   0|OWNERINDEX=   2|LOCATIONCOUNT=2|X1=1090|X2=1090|Y1=50|
RECORD= 4|LINENO=  11|OWNERPARTID=   0|OWNERINDEX=   2|FONTID=1|LOCATION.X=853|LOCATION.Y=41|TEXT=Title:|
RECORD= 4|LINENO=  12|OWNERPARTID=   0|OWNERINDEX=   2|FONTID=1|LOCATION.X=853|TEXT=Size:|
RECORD= 4|LINENO=  13|OWNERPARTID=   0|OWNERINDEX=   2|FONTID=1|LOCATION.X=995|LOCATION.Y=11|TEXT=Reference:|
RECORD= 4|LINENO=  14|OWNERPARTID=   0|OWNERINDEX=   2|FONTID=1|LOCATION.X=995|TEXT=Sheet:|
RECORD= 4|LINENO=  15|OWNERPARTID=   0|OWNERINDEX=   2|FONTID=1|LOCATION.X=1035|TEXT=of|
RECORD= 4|LINENO=  16|OWNERPARTID=   0|OWNERINDEX=   2|FONTID=1|LOCATION.X=873|TEXT=A4|
RECORD= 6|LINENO=  17|OWNERPARTID=   0|OWNERINDEX=   2|LOCATIONCOUNT=2|X1=850|X2=1090|Y1=10|Y2=10|
RECORD= 4|LINENO=  18|OWNERPARTID=   0|OWNERINDEX=   2|FONTID=1|LOCATION.X=853|LOCATION.Y=11|TEXT=Revision:|
RECORD=30|LINENO=  19|OWNERPARTID=   0|OWNERINDEX=   2|CORNER.X=1148|CORNER.X_FRAC=76743|CORNER.Y=45|CORNER.Y_FRAC=6451|EMBEDIMAGE=T|KEEPASPECT=T|LOCATION.X=1091|LOCATION.Y=5|
RECORD= 4|LINENO=  20|OWNERPARTID=   0|OWNERINDEX=   2|FONTID=1|LOCATION.X=853|LOCATION.Y=31|TEXT=Project:|
RECORD= 6|LINENO=  21|OWNERPARTID=   0|OWNERINDEX=   2|LOCATIONCOUNT=2|X1=850|X2=850|Y1=50|
RECORD= 6|LINENO=  22|OWNERPARTID=   0|OWNERINDEX=   2|LOCATIONCOUNT=2|X1=1150|X2=850|Y1=50|Y2=50|
RECORD= 4|LINENO=  23|OWNERPARTID=   0|OWNERINDEX=   2|FONTID=4|LOCATION.X=884|LOCATION.Y=31|TEXT==Board_Name|
RECORD= 4|LINENO=  24|OWNERPARTID=   0|OWNERINDEX=   2|FONTID=1|LOCATION.X=1038|LOCATION.Y=11|TEXT==Board_Reference|
RECORD= 4|LINENO=  25|OWNERPARTID=   0|OWNERINDEX=   2|FONTID=1|LOCATION.X=893|LOCATION.Y=11|TEXT==Board_PCB_Revision|
RECORD= 4|LINENO=  26|OWNERPARTID=   0|OWNERINDEX=   2|FONTID=1|LOCATION.X=903|LOCATION.Y=11|TEXT==Board_Assembly_Revision|
RECORD= 4|LINENO=  27|OWNERPARTID=   0|OWNERINDEX=   2|FONTID=1|LOCATION.X=927|TEXT==Board_Document_Date|
RECORD= 6|LINENO=  28|OWNERPARTID=   0|OWNERINDEX=   2|LOCATIONCOUNT=2|X1=850|X2=1090|Y1=20|Y2=20|
RECORD= 4|LINENO=  29|OWNERPARTID=   0|OWNERINDEX=   2|FONTID=1|LOCATION.X=885|LOCATION.Y=21|TEXT==VariantName|
RECORD= 4|LINENO=  30|OWNERPARTID=   0|OWNERINDEX=   2|FONTID=1|LOCATION.X=904|TEXT=Date:|
RECORD= 4|LINENO=  31|OWNERPARTID=   0|OWNERINDEX=   2|FONTID=1|LOCATION.X=900|LOCATION.Y=11|TEXT=-|
RECORD= 4|LINENO=  32|OWNERPARTID=   0|OWNERINDEX=   2|FONTID=1|LOCATION.X=853|LOCATION.Y=21|TEXT=Variant:|
RECORD=41|LINENO=  33|OWNERPARTID=   0|OWNERINDEX= -42|FONTID=1|ISHIDDEN=T|NAME=CurrentTime|UNIQUEID=FSFJTHLY|
RECORD=41|LINENO=  34|OWNERPARTID=   0|OWNERINDEX= -42|FONTID=1|ISHIDDEN=T|NAME=CurrentDate|UNIQUEID=JXMUWGAF|
RECORD=41|LINENO=  35|OWNERPARTID=   0|OWNERINDEX= -42|FONTID=1|ISHIDDEN=T|NAME=Time|UNIQUEID=BBALXRDC|
RECORD=41|LINENO=  36|OWNERPARTID=   0|OWNERINDEX= -42|FONTID=1|ISHIDDEN=T|NAME=Date|UNIQUEID=BLRTMFKE|
RECORD=41|LINENO=  37|OWNERPARTID=   0|OWNERINDEX= -42|FONTID=1|ISHIDDEN=T|NAME=DocumentFullPathAndName|UNIQUEID=VIHQUHHL|
RECORD=41|LINENO=  38|OWNERPARTID=   0|OWNERINDEX= -42|FONTID=1|ISHIDDEN=T|NAME=DocumentName|UNIQUEID=IBCHCBLJ|
RECORD=41|LINENO=  39|OWNERPARTID=   0|OWNERINDEX= -42|FONTID=1|ISHIDDEN=T|NAME=ModifiedDate|UNIQUEID=THYSOXHA|
RECORD=41|LINENO=  40|OWNERPARTID=   0|OWNERINDEX= -42|FONTID=1|ISHIDDEN=T|NAME=ApprovedBy|UNIQUEID=AHQYQPGX|
RECORD=41|LINENO=  41|OWNERPARTID=   0|OWNERINDEX= -42|FONTID=1|ISHIDDEN=T|NAME=CheckedBy|UNIQUEID=IDJPLSSQ|
RECORD=41|LINENO=  42|OWNERPARTID=   0|OWNERINDEX= -42|FONTID=1|ISHIDDEN=T|NAME=Author|TEXT=Ph.A|UNIQUEID=DFWDSWAR|
RECORD=41|LINENO=  43|OWNERPARTID=   0|OWNERINDEX= -42|FONTID=1|ISHIDDEN=T|NAME=CompanyName|UNIQUEID=HONNUMVA|
RECORD=41|LINENO=  44|OWNERPARTID=   0|OWNERINDEX= -42|FONTID=1|ISHIDDEN=T|NAME=DrawnBy|UNIQUEID=SSATHDBI|
RECORD=41|LINENO=  45|OWNERPARTID=   0|OWNERINDEX= -42|FONTID=1|ISHIDDEN=T|NAME=Engineer|UNIQUEID=FREROFQO|
RECORD=41|LINENO=  46|OWNERPARTID=   0|OWNERINDEX= -42|FONTID=1|ISHIDDEN=T|NAME=Organization|UNIQUEID=PFFKDPBG|
RECORD=41|LINENO=  47|OWNERPARTID=   0|OWNERINDEX= -42|FONTID=1|ISHIDDEN=T|NAME=Address1|UNIQUEID=FBCMWLAI|
RECORD=41|LINENO=  48|OWNERPARTID=   0|OWNERINDEX= -42|FONTID=1|ISHIDDEN=T|NAME=Address2|UNIQUEID=UXRGTUFL|
RECORD=41|LINENO=  49|OWNERPARTID=   0|OWNERINDEX= -42|FONTID=1|ISHIDDEN=T|NAME=Address3|UNIQUEID=NGJGATXY|
RECORD=41|LINENO=  50|OWNERPARTID=   0|OWNERINDEX= -42|FONTID=1|ISHIDDEN=T|NAME=Address4|UNIQUEID=MFBUDAKM|
RECORD=41|LINENO=  51|OWNERPARTID=   0|OWNERINDEX= -42|FONTID=1|ISHIDDEN=T|NAME=Title|TEXT=Arduino/Morphos extension connectors|UNIQUEID=KKKHWFUT|
RECORD=41|LINENO=  52|OWNERPARTID=   0|OWNERINDEX= -42|FONTID=1|ISHIDDEN=T|NAME=DocumentNumber|UNIQUEID=PGIBCRMN|
RECORD=41|LINENO=  53|OWNERPARTID=   0|OWNERINDEX= -42|FONTID=1|ISHIDDEN=T|NAME=Revision|UNIQUEID=OOCTVTLK|
RECORD=41|LINENO=  54|OWNERPARTID=   0|OWNERINDEX= -42|FONTID=1|ISHIDDEN=T|NAME=SheetNumber|TEXT=4|UNIQUEID=KHFIGUHC|
RECORD=41|LINENO=  55|OWNERPARTID=   0|OWNERINDEX= -42|FONTID=1|ISHIDDEN=T|NAME=SheetTotal|TEXT=6|UNIQUEID=BDGQFQJC|
RECORD=41|LINENO=  56|OWNERPARTID=   0|OWNERINDEX= -42|FONTID=1|ISHIDDEN=T|NAME=Rule|TEXT=*|UNIQUEID=JFHHQOCD|
RECORD=41|LINENO=  57|OWNERPARTID=   0|OWNERINDEX= -42|FONTID=1|ISHIDDEN=T|NAME=ImagePath|UNIQUEID=WFMQCYYF|
RECORD=41|LINENO=  58|OWNERPARTID=   0|OWNERINDEX= -42|FONTID=1|ISHIDDEN=T|NAME=Project|UNIQUEID=VOLUDFVC|
RECORD=17|LINENO=  59|OWNERPARTID=   0|OWNERINDEX= -42|FONTID=1|LOCATION.X=360|LOCATION.Y=640|ORIENTATION=2|SHOWNETNAME=T|STYLE=2|TEXT=VDD|UNIQUEID=QSRNUNTT|
RECORD=17|LINENO=  60|OWNERPARTID=   0|OWNERINDEX= -42|FONTID=1|LOCATION.X=410|LOCATION.Y=640|SHOWNETNAME=T|STYLE=2|TEXT=5V_EXT|UNIQUEID=PVFLNXUW|
RECORD=41|LINENO=  61|OWNERPARTID=   0|OWNERINDEX= -42|FONTID=1|ISHIDDEN=T|NAME=ProjectName|UNIQUEID=RAWBLOHJ|
RECORD= 4|LINENO=  62|OWNERPARTID=   0|OWNERINDEX= -42|FONTID=7|LOCATION.X=544|LOCATION.Y=707|TEXT=Morpho connectors|
RECORD=41|LINENO=  63|OWNERPARTID=   0|OWNERINDEX= -42|FONTID=1|ISHIDDEN=T|NAME=Application_BuildNumber|UNIQUEID=RGWHLFED|
RECORD=17|LINENO=  64|OWNERPARTID=   0|OWNERINDEX= -42|FONTID=1|LOCATION.X=410|LOCATION.Y=630|SHOWNETNAME=T|STYLE=1|TEXT=GND|UNIQUEID=KFYDMWXD|
RECORD=17|LINENO=  65|OWNERPARTID=   0|OWNERINDEX= -42|FONTID=1|LOCATION.X=810|LOCATION.Y=510|SHOWNETNAME=T|STYLE=1|TEXT=GND|UNIQUEID=GGWHXOCV|
RECORD=17|LINENO=  66|OWNERPARTID=   0|OWNERINDEX= -42|FONTID=1|LOCATION.X=780|LOCATION.Y=570|SHOWNETNAME=T|STYLE=1|TEXT=GND|UNIQUEID=IEYTNDRW|
RECORD=17|LINENO=  67|OWNERPARTID=   0|OWNERINDEX= -42|FONTID=1|LOCATION.X=350|LOCATION.Y=570|ORIENTATION=2|SHOWNETNAME=T|STYLE=1|TEXT=GND|UNIQUEID=SDKSDSOX|
RECORD= 1|LINENO=  68|OWNERPARTID=   0|OWNERINDEX= -42|ALLPINCOUNT=38|AREACOLOR=11599871|CURRENTPARTID=1|DESIGNITEMID=HEADER_2X19|DISPLAYMODECOUNT=1|LIBREFERENCE=HEADER_2X19|LOCATION.X=370|LOCATION.Y=660|PARTCOUNT=2|PARTIDLOCKED=F|SOURCELIBRARYNAME=ST_Lib3D.SchLib|TARGETFILENAME=*|UNIQUEID=CBGUEWBL|
RECORD= 2|LINENO=  69|OWNERPARTID=   2|OWNERINDEX=  68|DESIGNATOR=2|ELECTRICAL=4|FORMALTYPE=1|LOCATION.X=390|LOCATION.Y=660|NAME=2|PINCONGLOMERATE=48|PINLENGTH=10|SWAPIDPIN=2|
RECORD=41|LINENO=  70|OWNERPARTID=   0|OWNERINDEX=  69|FONTID=1|ISHIDDEN=T|LOCATION.X=390|LOCATION.Y=660|NAME=PinUniqueId|TEXT=UVYACVNS|UNIQUEID=WFRTXMSL|
RECORD= 2|LINENO=  71|OWNERPARTID=   2|OWNERINDEX=  68|DESIGNATOR=4|ELECTRICAL=4|FORMALTYPE=1|LOCATION.X=390|LOCATION.Y=650|NAME=4|PINCONGLOMERATE=48|PINLENGTH=10|SWAPIDPIN=4|
RECORD=41|LINENO=  72|OWNERPARTID=   0|OWNERINDEX=  71|FONTID=1|ISHIDDEN=T|LOCATION.X=390|LOCATION.Y=650|NAME=PinUniqueId|TEXT=NRDRUQEN|UNIQUEID=YUBIETLK|
RECORD= 2|LINENO=  73|OWNERPARTID=   2|OWNERINDEX=  68|DESIGNATOR=6|ELECTRICAL=4|FORMALTYPE=1|LOCATION.X=390|LOCATION.Y=640|NAME=6|PINCONGLOMERATE=48|PINLENGTH=10|SWAPIDPIN=6|
RECORD=41|LINENO=  74|OWNERPARTID=   0|OWNERINDEX=  73|FONTID=1|ISHIDDEN=T|LOCATION.X=390|LOCATION.Y=640|NAME=PinUniqueId|TEXT=KOASSMHJ|UNIQUEID=PVERCRAH|
RECORD=12|LINENO=  75|OWNERPARTID=   2|OWNERINDEX=  68|ENDANGLE=360.000|LINEWIDTH=1|LOCATION.X=385|LOCATION.Y=650|RADIUS=3|
RECORD=12|LINENO=  76|OWNERPARTID=   2|OWNERINDEX=  68|ENDANGLE=360.000|LINEWIDTH=1|LOCATION.X=385|LOCATION.Y=640|RADIUS=3|
RECORD= 6|LINENO=  77|OWNERPARTID=   2|OWNERINDEX=  68|LINEWIDTH=1|LOCATIONCOUNT=4|X1=380|X2=390|X3=390|X4=380|Y1=665|Y2=665|Y3=475|Y4=475|
RECORD= 6|LINENO=  78|OWNERPARTID=   2|OWNERINDEX=  68|LINEWIDTH=1|LOCATIONCOUNT=2|X1=388|X2=390|Y1=650|Y2=650|
RECORD= 6|LINENO=  79|OWNERPARTID=   2|OWNERINDEX=  68|LINEWIDTH=1|LOCATIONCOUNT=2|X1=388|X2=391|Y1=640|Y2=640|
RECORD= 2|LINENO=  80|OWNERPARTID=   2|OWNERINDEX=  68|DESIGNATOR=8|ELECTRICAL=4|FORMALTYPE=1|LOCATION.X=390|LOCATION.Y=630|NAME=8|PINCONGLOMERATE=48|PINLENGTH=10|SWAPIDPIN=8|
RECORD=41|LINENO=  81|OWNERPARTID=   0|OWNERINDEX=  80|FONTID=1|ISHIDDEN=T|LOCATION.X=390|LOCATION.Y=630|NAME=PinUniqueId|TEXT=XXGNYXHC|UNIQUEID=OTBJJCOU|
RECORD=12|LINENO=  82|OWNERPARTID=   2|OWNERINDEX=  68|ENDANGLE=360.000|LINEWIDTH=1|LOCATION.X=385|LOCATION.Y=630|RADIUS=3|
RECORD= 6|LINENO=  83|OWNERPARTID=   2|OWNERINDEX=  68|LINEWIDTH=1|LOCATIONCOUNT=2|X1=388|X2=391|Y1=630|Y2=630|
RECORD= 2|LINENO=  84|OWNERPARTID=   2|OWNERINDEX=  68|DESIGNATOR=10|ELECTRICAL=4|FORMALTYPE=1|LOCATION.X=390|LOCATION.Y=620|NAME=10|PINCONGLOMERATE=48|PINLENGTH=10|SWAPIDPIN=10|
RECORD=41|LINENO=  85|OWNERPARTID=   0|OWNERINDEX=  84|FONTID=1|ISHIDDEN=T|LOCATION.X=390|LOCATION.Y=620|NAME=PinUniqueId|TEXT=XAFURJWX|UNIQUEID=WYSDPEAO|
RECORD=12|LINENO=  86|OWNERPARTID=   2|OWNERINDEX=  68|ENDANGLE=360.000|LINEWIDTH=1|LOCATION.X=385|LOCATION.Y=620|RADIUS=3|
RECORD= 6|LINENO=  87|OWNERPARTID=   2|OWNERINDEX=  68|LINEWIDTH=1|LOCATIONCOUNT=2|X1=388|X2=391|Y1=620|Y2=620|
RECORD= 2|LINENO=  88|OWNERPARTID=   2|OWNERINDEX=  68|DESIGNATOR=12|ELECTRICAL=4|FORMALTYPE=1|LOCATION.X=390|LOCATION.Y=610|NAME=12|PINCONGLOMERATE=48|PINLENGTH=10|SWAPIDPIN=12|
RECORD=41|LINENO=  89|OWNERPARTID=   0|OWNERINDEX=  88|FONTID=1|ISHIDDEN=T|LOCATION.X=390|LOCATION.Y=610|NAME=PinUniqueId|TEXT=VVOPVTKF|UNIQUEID=XRFXJCKS|
RECORD=12|LINENO=  90|OWNERPARTID=   2|OWNERINDEX=  68|ENDANGLE=360.000|LINEWIDTH=1|LOCATION.X=385|LOCATION.Y=610|RADIUS=3|
RECORD= 6|LINENO=  91|OWNERPARTID=   2|OWNERINDEX=  68|LINEWIDTH=1|LOCATIONCOUNT=2|X1=388|X2=391|Y1=610|Y2=610|
RECORD= 2|LINENO=  92|OWNERPARTID=   2|OWNERINDEX=  68|DESIGNATOR=1|ELECTRICAL=4|FORMALTYPE=1|LOCATION.X=370|LOCATION.Y=660|NAME=1|PINCONGLOMERATE=50|PINLENGTH=10|SWAPIDPIN=1|
RECORD=41|LINENO=  93|OWNERPARTID=   0|OWNERINDEX=  92|FONTID=1|ISHIDDEN=T|LOCATION.X=370|LOCATION.Y=660|NAME=PinUniqueId|TEXT=WQQMMAIF|UNIQUEID=SMWUKYGI|
RECORD= 2|LINENO=  94|OWNERPARTID=   2|OWNERINDEX=  68|DESIGNATOR=3|ELECTRICAL=4|FORMALTYPE=1|LOCATION.X=370|LOCATION.Y=650|NAME=3|PINCONGLOMERATE=50|PINLENGTH=10|SWAPIDPIN=3|
RECORD=41|LINENO=  95|OWNERPARTID=   0|OWNERINDEX=  94|FONTID=1|ISHIDDEN=T|LOCATION.X=370|LOCATION.Y=650|NAME=PinUniqueId|TEXT=JDCFPBTO|UNIQUEID=LLARBMML|
RECORD= 2|LINENO=  96|OWNERPARTID=   2|OWNERINDEX=  68|DESIGNATOR=5|ELECTRICAL=4|FORMALTYPE=1|LOCATION.X=370|LOCATION.Y=640|NAME=5|PINCONGLOMERATE=50|PINLENGTH=10|SWAPIDPIN=5|
RECORD=41|LINENO=  97|OWNERPARTID=   0|OWNERINDEX=  96|FONTID=1|ISHIDDEN=T|LOCATION.X=370|LOCATION.Y=640|NAME=PinUniqueId|TEXT=AMDJKAFL|UNIQUEID=LSUIDBIK|
RECORD=12|LINENO=  98|OWNERPARTID=   2|OWNERINDEX=  68|ENDANGLE=360.000|LINEWIDTH=1|LOCATION.X=375|LOCATION.Y=650|RADIUS=3|
RECORD=12|LINENO=  99|OWNERPARTID=   2|OWNERINDEX=  68|ENDANGLE=360.000|LINEWIDTH=1|LOCATION.X=375|LOCATION.Y=640|RADIUS=3|
RECORD= 6|LINENO= 100|OWNERPARTID=   2|OWNERINDEX=  68|LINEWIDTH=1|LOCATIONCOUNT=4|X1=380|X2=370|X3=370|X4=380|Y1=665|Y2=665|Y3=475|Y4=475|
RECORD= 6|LINENO= 101|OWNERPARTID=   2|OWNERINDEX=  68|LINEWIDTH=1|LOCATIONCOUNT=2|X1=372|X2=370|Y1=650|Y2=650|
RECORD= 6|LINENO= 102|OWNERPARTID=   2|OWNERINDEX=  68|LINEWIDTH=1|LOCATIONCOUNT=2|X1=372|X2=369|Y1=640|Y2=640|
RECORD= 2|LINENO= 103|OWNERPARTID=   2|OWNERINDEX=  68|DESIGNATOR=7|ELECTRICAL=4|FORMALTYPE=1|LOCATION.X=370|LOCATION.Y=630|NAME=7|PINCONGLOMERATE=50|PINLENGTH=10|SWAPIDPIN=7|
RECORD=41|LINENO= 104|OWNERPARTID=   0|OWNERINDEX= 103|FONTID=1|ISHIDDEN=T|LOCATION.X=370|LOCATION.Y=630|NAME=PinUniqueId|TEXT=POPYMBYT|UNIQUEID=OTOLEPYC|
RECORD=12|LINENO= 105|OWNERPARTID=   2|OWNERINDEX=  68|ENDANGLE=360.000|LINEWIDTH=1|LOCATION.X=375|LOCATION.Y=630|RADIUS=3|
RECORD= 6|LINENO= 106|OWNERPARTID=   2|OWNERINDEX=  68|LINEWIDTH=1|LOCATIONCOUNT=2|X1=372|X2=369|Y1=630|Y2=630|
RECORD= 2|LINENO= 107|OWNERPARTID=   2|OWNERINDEX=  68|DESIGNATOR=9|ELECTRICAL=4|FORMALTYPE=1|LOCATION.X=370|LOCATION.Y=620|NAME=9|PINCONGLOMERATE=50|PINLENGTH=10|SWAPIDPIN=9|
RECORD=41|LINENO= 108|OWNERPARTID=   0|OWNERINDEX= 107|FONTID=1|ISHIDDEN=T|LOCATION.X=370|LOCATION.Y=620|NAME=PinUniqueId|TEXT=GKKOFVED|UNIQUEID=LAKUSVYK|
RECORD=12|LINENO= 109|OWNERPARTID=   2|OWNERINDEX=  68|ENDANGLE=360.000|LINEWIDTH=1|LOCATION.X=375|LOCATION.Y=620|RADIUS=3|
RECORD= 6|LINENO= 110|OWNERPARTID=   2|OWNERINDEX=  68|LINEWIDTH=1|LOCATIONCOUNT=2|X1=372|X2=369|Y1=620|Y2=620|
RECORD= 2|LINENO= 111|OWNERPARTID=   2|OWNERINDEX=  68|DESIGNATOR=11|ELECTRICAL=4|FORMALTYPE=1|LOCATION.X=370|LOCATION.Y=610|NAME=11|PINCONGLOMERATE=50|PINLENGTH=10|SWAPIDPIN=11|
RECORD=41|LINENO= 112|OWNERPARTID=   0|OWNERINDEX= 111|FONTID=1|ISHIDDEN=T|LOCATION.X=370|LOCATION.Y=610|NAME=PinUniqueId|TEXT=AXKHWHJK|UNIQUEID=QJVHFBQO|
RECORD=12|LINENO= 113|OWNERPARTID=   2|OWNERINDEX=  68|ENDANGLE=360.000|LINEWIDTH=1|LOCATION.X=375|LOCATION.Y=610|RADIUS=3|
RECORD= 6|LINENO= 114|OWNERPARTID=   2|OWNERINDEX=  68|LINEWIDTH=1|LOCATIONCOUNT=2|X1=372|X2=369|Y1=610|Y2=610|
RECORD= 6|LINENO= 115|OWNERPARTID=   2|OWNERINDEX=  68|LINEWIDTH=1|LOCATIONCOUNT=2|X1=372|X2=370|Y1=660|Y2=660|
RECORD=12|LINENO= 116|OWNERPARTID=   2|OWNERINDEX=  68|ENDANGLE=360.000|LINEWIDTH=1|LOCATION.X=375|LOCATION.Y=660|RADIUS=3|
RECORD= 6|LINENO= 117|OWNERPARTID=   2|OWNERINDEX=  68|LINEWIDTH=1|LOCATIONCOUNT=6|X1=375|X2=378|X3=378|X4=372|X5=372|X6=375|Y1=663|Y2=663|Y3=657|Y4=657|Y5=663|Y6=663|
RECORD=12|LINENO= 118|OWNERPARTID=   2|OWNERINDEX=  68|ENDANGLE=360.000|LINEWIDTH=1|LOCATION.X=385|LOCATION.Y=660|RADIUS=3|
RECORD= 6|LINENO= 119|OWNERPARTID=   2|OWNERINDEX=  68|LINEWIDTH=1|LOCATIONCOUNT=2|X1=388|X2=390|Y1=660|Y2=660|
RECORD= 2|LINENO= 120|OWNERPARTID=   2|OWNERINDEX=  68|DESIGNATOR=14|ELECTRICAL=4|FORMALTYPE=1|LOCATION.X=390|LOCATION.Y=600|NAME=14|PINCONGLOMERATE=48|PINLENGTH=10|SWAPIDPIN=14|
RECORD=41|LINENO= 121|OWNERPARTID=   0|OWNERINDEX= 120|FONTID=1|ISHIDDEN=T|LOCATION.X=390|LOCATION.Y=600|NAME=PinUniqueId|TEXT=PCYVGMMM|UNIQUEID=QALCAPER|
RECORD=12|LINENO= 122|OWNERPARTID=   2|OWNERINDEX=  68|ENDANGLE=360.000|LINEWIDTH=1|LOCATION.X=385|LOCATION.Y=600|RADIUS=3|
RECORD= 6|LINENO= 123|OWNERPARTID=   2|OWNERINDEX=  68|LINEWIDTH=1|LOCATIONCOUNT=2|X1=388|X2=391|Y1=600|Y2=600|
RECORD= 2|LINENO= 124|OWNERPARTID=   2|OWNERINDEX=  68|DESIGNATOR=13|ELECTRICAL=4|FORMALTYPE=1|LOCATION.X=370|LOCATION.Y=600|NAME=13|PINCONGLOMERATE=50|PINLENGTH=10|SWAPIDPIN=13|
RECORD=41|LINENO= 125|OWNERPARTID=   0|OWNERINDEX= 124|FONTID=1|ISHIDDEN=T|LOCATION.X=370|LOCATION.Y=600|NAME=PinUniqueId|TEXT=BJJEYCQJ|UNIQUEID=NTUFVYKI|
RECORD=12|LINENO= 126|OWNERPARTID=   2|OWNERINDEX=  68|ENDANGLE=360.000|LINEWIDTH=1|LOCATION.X=375|LOCATION.Y=600|RADIUS=3|
RECORD= 6|LINENO= 127|OWNERPARTID=   2|OWNERINDEX=  68|LINEWIDTH=1|LOCATIONCOUNT=2|X1=372|X2=369|Y1=600|Y2=600|
RECORD= 2|LINENO= 128|OWNERPARTID=   2|OWNERINDEX=  68|DESIGNATOR=16|ELECTRICAL=4|FORMALTYPE=1|LOCATION.X=390|LOCATION.Y=590|NAME=16|PINCONGLOMERATE=48|PINLENGTH=10|SWAPIDPIN=16|
RECORD=41|LINENO= 129|OWNERPARTID=   0|OWNERINDEX= 128|FONTID=1|ISHIDDEN=T|LOCATION.X=390|LOCATION.Y=590|NAME=PinUniqueId|TEXT=JNDWEBHM|UNIQUEID=MGVLNAPE|
RECORD=12|LINENO= 130|OWNERPARTID=   2|OWNERINDEX=  68|ENDANGLE=360.000|LINEWIDTH=1|LOCATION.X=385|LOCATION.Y=590|RADIUS=3|
RECORD= 6|LINENO= 131|OWNERPARTID=   2|OWNERINDEX=  68|LINEWIDTH=1|LOCATIONCOUNT=2|X1=388|X2=391|Y1=590|Y2=590|
RECORD= 2|LINENO= 132|OWNERPARTID=   2|OWNERINDEX=  68|DESIGNATOR=15|ELECTRICAL=4|FORMALTYPE=1|LOCATION.X=370|LOCATION.Y=590|NAME=15|PINCONGLOMERATE=50|PINLENGTH=10|SWAPIDPIN=15|
RECORD=41|LINENO= 133|OWNERPARTID=   0|OWNERINDEX= 132|FONTID=1|ISHIDDEN=T|LOCATION.X=370|LOCATION.Y=590|NAME=PinUniqueId|TEXT=IMQSYKCT|UNIQUEID=GIOGWMCO|
RECORD=12|LINENO= 134|OWNERPARTID=   2|OWNERINDEX=  68|ENDANGLE=360.000|LINEWIDTH=1|LOCATION.X=375|LOCATION.Y=590|RADIUS=3|
RECORD= 6|LINENO= 135|OWNERPARTID=   2|OWNERINDEX=  68|LINEWIDTH=1|LOCATIONCOUNT=2|X1=372|X2=369|Y1=590|Y2=590|
RECORD= 2|LINENO= 136|OWNERPARTID=   2|OWNERINDEX=  68|DESIGNATOR=18|ELECTRICAL=4|FORMALTYPE=1|LOCATION.X=390|LOCATION.Y=580|NAME=18|PINCONGLOMERATE=48|PINLENGTH=10|SWAPIDPIN=16|
RECORD=41|LINENO= 137|OWNERPARTID=   0|OWNERINDEX= 136|FONTID=1|ISHIDDEN=T|LOCATION.X=390|LOCATION.Y=580|NAME=PinUniqueId|TEXT=PWRMEPFF|UNIQUEID=ILTREIML|
RECORD=12|LINENO= 138|OWNERPARTID=   2|OWNERINDEX=  68|ENDANGLE=360.000|LINEWIDTH=1|LOCATION.X=385|LOCATION.Y=580|RADIUS=3|
RECORD= 6|LINENO= 139|OWNERPARTID=   2|OWNERINDEX=  68|LINEWIDTH=1|LOCATIONCOUNT=2|X1=388|X2=391|Y1=580|Y2=580|
RECORD= 2|LINENO= 140|OWNERPARTID=   2|OWNERINDEX=  68|DESIGNATOR=17|ELECTRICAL=4|FORMALTYPE=1|LOCATION.X=370|LOCATION.Y=580|NAME=17|PINCONGLOMERATE=50|PINLENGTH=10|SWAPIDPIN=15|
RECORD=41|LINENO= 141|OWNERPARTID=   0|OWNERINDEX= 140|FONTID=1|ISHIDDEN=T|LOCATION.X=370|LOCATION.Y=580|NAME=PinUniqueId|TEXT=JQAFWGFN|UNIQUEID=UBQKSFYY|
RECORD=12|LINENO= 142|OWNERPARTID=   2|OWNERINDEX=  68|ENDANGLE=360.000|LINEWIDTH=1|LOCATION.X=375|LOCATION.Y=580|RADIUS=3|
RECORD= 6|LINENO= 143|OWNERPARTID=   2|OWNERINDEX=  68|LINEWIDTH=1|LOCATIONCOUNT=2|X1=372|X2=369|Y1=580|Y2=580|
RECORD= 2|LINENO= 144|OWNERPARTID=   2|OWNERINDEX=  68|DESIGNATOR=20|ELECTRICAL=4|FORMALTYPE=1|LOCATION.X=390|LOCATION.Y=570|NAME=20|PINCONGLOMERATE=48|PINLENGTH=10|SWAPIDPIN=16|
RECORD=41|LINENO= 145|OWNERPARTID=   0|OWNERINDEX= 144|FONTID=1|ISHIDDEN=T|LOCATION.X=390|LOCATION.Y=570|NAME=PinUniqueId|TEXT=MAGRPTPS|UNIQUEID=JDYYVDCN|
RECORD=12|LINENO= 146|OWNERPARTID=   2|OWNERINDEX=  68|ENDANGLE=360.000|LINEWIDTH=1|LOCATION.X=385|LOCATION.Y=570|RADIUS=3|
RECORD= 6|LINENO= 147|OWNERPARTID=   2|OWNERINDEX=  68|LINEWIDTH=1|LOCATIONCOUNT=2|X1=388|X2=391|Y1=570|Y2=570|
RECORD= 2|LINENO= 148|OWNERPARTID=   2|OWNERINDEX=  68|DESIGNATOR=19|ELECTRICAL=4|FORMALTYPE=1|LOCATION.X=370|LOCATION.Y=570|NAME=19|PINCONGLOMERATE=50|PINLENGTH=10|SWAPIDPIN=15|
RECORD=41|LINENO= 149|OWNERPARTID=   0|OWNERINDEX= 148|FONTID=1|ISHIDDEN=T|LOCATION.X=370|LOCATION.Y=570|NAME=PinUniqueId|TEXT=OWJFORXE|UNIQUEID=RUFOFSSR|
RECORD=12|LINENO= 150|OWNERPARTID=   2|OWNERINDEX=  68|ENDANGLE=360.000|LINEWIDTH=1|LOCATION.X=375|LOCATION.Y=570|RADIUS=3|
RECORD= 6|LINENO= 151|OWNERPARTID=   2|OWNERINDEX=  68|LINEWIDTH=1|LOCATIONCOUNT=2|X1=372|X2=369|Y1=570|Y2=570|
RECORD= 2|LINENO= 152|OWNERPARTID=   2|OWNERINDEX=  68|DESIGNATOR=22|ELECTRICAL=4|FORMALTYPE=1|LOCATION.X=390|LOCATION.Y=560|NAME=22|PINCONGLOMERATE=48|PINLENGTH=10|SWAPIDPIN=16|
RECORD=41|LINENO= 153|OWNERPARTID=   0|OWNERINDEX= 152|FONTID=1|ISHIDDEN=T|LOCATION.X=390|LOCATION.Y=560|NAME=PinUniqueId|TEXT=BITWEIFR|UNIQUEID=EVRUGMQA|
RECORD=12|LINENO= 154|OWNERPARTID=   2|OWNERINDEX=  68|ENDANGLE=360.000|LINEWIDTH=1|LOCATION.X=385|LOCATION.Y=560|RADIUS=3|
RECORD= 6|LINENO= 155|OWNERPARTID=   2|OWNERINDEX=  68|LINEWIDTH=1|LOCATIONCOUNT=2|X1=388|X2=391|Y1=560|Y2=560|
RECORD= 2|LINENO= 156|OWNERPARTID=   2|OWNERINDEX=  68|DESIGNATOR=21|ELECTRICAL=4|FORMALTYPE=1|LOCATION.X=370|LOCATION.Y=560|NAME=21|PINCONGLOMERATE=50|PINLENGTH=10|SWAPIDPIN=15|
RECORD=41|LINENO= 157|OWNERPARTID=   0|OWNERINDEX= 156|FONTID=1|ISHIDDEN=T|LOCATION.X=370|LOCATION.Y=560|NAME=PinUniqueId|TEXT=IOAWNJGI|UNIQUEID=TSDKFVVH|
RECORD=12|LINENO= 158|OWNERPARTID=   2|OWNERINDEX=  68|ENDANGLE=360.000|LINEWIDTH=1|LOCATION.X=375|LOCATION.Y=560|RADIUS=3|
RECORD= 6|LINENO= 159|OWNERPARTID=   2|OWNERINDEX=  68|LINEWIDTH=1|LOCATIONCOUNT=2|X1=372|X2=369|Y1=560|Y2=560|
RECORD= 2|LINENO= 160|OWNERPARTID=   2|OWNERINDEX=  68|DESIGNATOR=24|ELECTRICAL=4|FORMALTYPE=1|LOCATION.X=390|LOCATION.Y=550|NAME=24|PINCONGLOMERATE=48|PINLENGTH=10|SWAPIDPIN=16|
RECORD=41|LINENO= 161|OWNERPARTID=   0|OWNERINDEX= 160|FONTID=1|ISHIDDEN=T|LOCATION.X=390|LOCATION.Y=550|NAME=PinUniqueId|TEXT=DGWHSDJD|UNIQUEID=LUGBJPTR|
RECORD=12|LINENO= 162|OWNERPARTID=   2|OWNERINDEX=  68|ENDANGLE=360.000|LINEWIDTH=1|LOCATION.X=385|LOCATION.Y=550|RADIUS=3|
RECORD= 6|LINENO= 163|OWNERPARTID=   2|OWNERINDEX=  68|LINEWIDTH=1|LOCATIONCOUNT=2|X1=388|X2=391|Y1=550|Y2=550|
RECORD= 2|LINENO= 164|OWNERPARTID=   2|OWNERINDEX=  68|DESIGNATOR=23|ELECTRICAL=4|FORMALTYPE=1|LOCATION.X=370|LOCATION.Y=550|NAME=23|PINCONGLOMERATE=50|PINLENGTH=10|SWAPIDPIN=15|
RECORD=41|LINENO= 165|OWNERPARTID=   0|OWNERINDEX= 164|FONTID=1|ISHIDDEN=T|LOCATION.X=370|LOCATION.Y=550|NAME=PinUniqueId|TEXT=SYGCWCQQ|UNIQUEID=SUFIKGNT|
RECORD=12|LINENO= 166|OWNERPARTID=   2|OWNERINDEX=  68|ENDANGLE=360.000|LINEWIDTH=1|LOCATION.X=375|LOCATION.Y=550|RADIUS=3|
RECORD= 6|LINENO= 167|OWNERPARTID=   2|OWNERINDEX=  68|LINEWIDTH=1|LOCATIONCOUNT=2|X1=372|X2=369|Y1=550|Y2=550|
RECORD=12|LINENO= 168|OWNERPARTID=   2|OWNERINDEX=  68|ENDANGLE=360.000|LINEWIDTH=1|LOCATION.X=385|LOCATION.Y=540|RADIUS=3|
RECORD= 6|LINENO= 169|OWNERPARTID=   2|OWNERINDEX=  68|LINEWIDTH=1|LOCATIONCOUNT=2|X1=388|X2=391|Y1=540|Y2=540|
RECORD=12|LINENO= 170|OWNERPARTID=   2|OWNERINDEX=  68|ENDANGLE=360.000|LINEWIDTH=1|LOCATION.X=375|LOCATION.Y=540|RADIUS=3|
RECORD= 6|LINENO= 171|OWNERPARTID=   2|OWNERINDEX=  68|LINEWIDTH=1|LOCATIONCOUNT=2|X1=372|X2=369|Y1=540|Y2=540|
RECORD=12|LINENO= 172|OWNERPARTID=   2|OWNERINDEX=  68|ENDANGLE=360.000|LINEWIDTH=1|LOCATION.X=385|LOCATION.Y=530|RADIUS=3|
RECORD= 6|LINENO= 173|OWNERPARTID=   2|OWNERINDEX=  68|LINEWIDTH=1|LOCATIONCOUNT=2|X1=388|X2=391|Y1=530|Y2=530|
RECORD=12|LINENO= 174|OWNERPARTID=   2|OWNERINDEX=  68|ENDANGLE=360.000|LINEWIDTH=1|LOCATION.X=375|LOCATION.Y=530|RADIUS=3|
RECORD= 6|LINENO= 175|OWNERPARTID=   2|OWNERINDEX=  68|LINEWIDTH=1|LOCATIONCOUNT=2|X1=372|X2=369|Y1=530|Y2=530|
RECORD=12|LINENO= 176|OWNERPARTID=   2|OWNERINDEX=  68|ENDANGLE=360.000|LINEWIDTH=1|LOCATION.X=385|LOCATION.Y=520|RADIUS=3|
RECORD= 6|LINENO= 177|OWNERPARTID=   2|OWNERINDEX=  68|LINEWIDTH=1|LOCATIONCOUNT=2|X1=388|X2=391|Y1=520|Y2=520|
RECORD=12|LINENO= 178|OWNERPARTID=   2|OWNERINDEX=  68|ENDANGLE=360.000|LINEWIDTH=1|LOCATION.X=375|LOCATION.Y=520|RADIUS=3|
RECORD= 6|LINENO= 179|OWNERPARTID=   2|OWNERINDEX=  68|LINEWIDTH=1|LOCATIONCOUNT=2|X1=372|X2=369|Y1=520|Y2=520|
RECORD=12|LINENO= 180|OWNERPARTID=   2|OWNERINDEX=  68|ENDANGLE=360.000|LINEWIDTH=1|LOCATION.X=385|LOCATION.Y=510|RADIUS=3|
RECORD= 6|LINENO= 181|OWNERPARTID=   2|OWNERINDEX=  68|LINEWIDTH=1|LOCATIONCOUNT=2|X1=388|X2=391|Y1=510|Y2=510|
RECORD=12|LINENO= 182|OWNERPARTID=   2|OWNERINDEX=  68|ENDANGLE=360.000|LINEWIDTH=1|LOCATION.X=375|LOCATION.Y=510|RADIUS=3|
RECORD= 6|LINENO= 183|OWNERPARTID=   2|OWNERINDEX=  68|LINEWIDTH=1|LOCATIONCOUNT=2|X1=372|X2=369|Y1=510|Y2=510|
RECORD=12|LINENO= 184|OWNERPARTID=   2|OWNERINDEX=  68|ENDANGLE=360.000|LINEWIDTH=1|LOCATION.X=385|LOCATION.Y=500|RADIUS=3|
RECORD= 6|LINENO= 185|OWNERPARTID=   2|OWNERINDEX=  68|LINEWIDTH=1|LOCATIONCOUNT=2|X1=388|X2=391|Y1=500|Y2=500|
RECORD=12|LINENO= 186|OWNERPARTID=   2|OWNERINDEX=  68|ENDANGLE=360.000|LINEWIDTH=1|LOCATION.X=375|LOCATION.Y=500|RADIUS=3|
RECORD= 6|LINENO= 187|OWNERPARTID=   2|OWNERINDEX=  68|LINEWIDTH=1|LOCATIONCOUNT=2|X1=372|X2=369|Y1=500|Y2=500|
RECORD=12|LINENO= 188|OWNERPARTID=   2|OWNERINDEX=  68|ENDANGLE=360.000|LINEWIDTH=1|LOCATION.X=385|LOCATION.Y=490|RADIUS=3|
RECORD= 6|LINENO= 189|OWNERPARTID=   2|OWNERINDEX=  68|LINEWIDTH=1|LOCATIONCOUNT=2|X1=388|X2=391|Y1=490|Y2=490|
RECORD=12|LINENO= 190|OWNERPARTID=   2|OWNERINDEX=  68|ENDANGLE=360.000|LINEWIDTH=1|LOCATION.X=375|LOCATION.Y=490|RADIUS=3|
RECORD= 6|LINENO= 191|OWNERPARTID=   2|OWNERINDEX=  68|LINEWIDTH=1|LOCATIONCOUNT=2|X1=372|X2=369|Y1=490|Y2=490|
RECORD=12|LINENO= 192|OWNERPARTID=   2|OWNERINDEX=  68|ENDANGLE=360.000|LINEWIDTH=1|LOCATION.X=385|LOCATION.Y=480|RADIUS=3|
RECORD= 6|LINENO= 193|OWNERPARTID=   2|OWNERINDEX=  68|LINEWIDTH=1|LOCATIONCOUNT=2|X1=388|X2=391|Y1=480|Y2=480|
RECORD=12|LINENO= 194|OWNERPARTID=   2|OWNERINDEX=  68|ENDANGLE=360.000|LINEWIDTH=1|LOCATION.X=375|LOCATION.Y=480|RADIUS=3|
RECORD= 6|LINENO= 195|OWNERPARTID=   2|OWNERINDEX=  68|LINEWIDTH=1|LOCATIONCOUNT=2|X1=372|X2=369|Y1=480|Y2=480|
RECORD= 2|LINENO= 196|OWNERPARTID=   2|OWNERINDEX=  68|%UTF8%SWAPIDPART=Â¦&Â¦1|DESIGNATOR=25|ELECTRICAL=4|FORMALTYPE=1|LOCATION.X=370|LOCATION.Y=540|NAME=25|PINCONGLOMERATE=50|PINLENGTH=10|SWAPIDPART=Ž&Ž1|SWAPIDPIN=1|
RECORD=41|LINENO= 197|OWNERPARTID=   0|OWNERINDEX= 196|FONTID=1|ISHIDDEN=T|LOCATION.X=370|LOCATION.Y=540|NAME=PinUniqueId|TEXT=JEJTHORA|UNIQUEID=RETSJFMV|
RECORD= 2|LINENO= 198|OWNERPARTID=   2|OWNERINDEX=  68|%UTF8%SWAPIDPART=Â¦&Â¦1|DESIGNATOR=26|ELECTRICAL=4|FORMALTYPE=1|LOCATION.X=390|LOCATION.Y=540|NAME=26|PINCONGLOMERATE=48|PINLENGTH=10|SWAPIDPART=Ž&Ž1|SWAPIDPIN=1|
RECORD=41|LINENO= 199|OWNERPARTID=   0|OWNERINDEX= 198|FONTID=1|ISHIDDEN=T|LOCATION.X=390|LOCATION.Y=540|NAME=PinUniqueId|TEXT=QEUQNUIF|UNIQUEID=BJKNUSEJ|
RECORD= 2|LINENO= 200|OWNERPARTID=   2|OWNERINDEX=  68|%UTF8%SWAPIDPART=Â¦&Â¦1|DESIGNATOR=27|ELECTRICAL=4|FORMALTYPE=1|LOCATION.X=370|LOCATION.Y=530|NAME=27|PINCONGLOMERATE=50|PINLENGTH=10|SWAPIDPART=Ž&Ž1|SWAPIDPIN=1|
RECORD=41|LINENO= 201|OWNERPARTID=   0|OWNERINDEX= 200|FONTID=1|ISHIDDEN=T|LOCATION.X=370|LOCATION.Y=530|NAME=PinUniqueId|TEXT=BWSHWKIA|UNIQUEID=WOVAFXMB|
RECORD= 2|LINENO= 202|OWNERPARTID=   2|OWNERINDEX=  68|%UTF8%SWAPIDPART=Â¦&Â¦1|DESIGNATOR=28|ELECTRICAL=4|FORMALTYPE=1|LOCATION.X=390|LOCATION.Y=530|NAME=28|PINCONGLOMERATE=48|PINLENGTH=10|SWAPIDPART=Ž&Ž1|SWAPIDPIN=1|
RECORD=41|LINENO= 203|OWNERPARTID=   0|OWNERINDEX= 202|FONTID=1|ISHIDDEN=T|LOCATION.X=390|LOCATION.Y=530|NAME=PinUniqueId|TEXT=OLELQBYP|UNIQUEID=LEAQSUIN|
RECORD= 2|LINENO= 204|OWNERPARTID=   2|OWNERINDEX=  68|%UTF8%SWAPIDPART=Â¦&Â¦1|DESIGNATOR=29|ELECTRICAL=4|FORMALTYPE=1|LOCATION.X=370|LOCATION.Y=520|NAME=29|PINCONGLOMERATE=50|PINLENGTH=10|SWAPIDPART=Ž&Ž1|SWAPIDPIN=1|
RECORD=41|LINENO= 205|OWNERPARTID=   0|OWNERINDEX= 204|FONTID=1|ISHIDDEN=T|LOCATION.X=370|LOCATION.Y=520|NAME=PinUniqueId|TEXT=EMJBOKJD|UNIQUEID=FMHFHRHW|
RECORD= 2|LINENO= 206|OWNERPARTID=   2|OWNERINDEX=  68|%UTF8%SWAPIDPART=Â¦&Â¦1|DESIGNATOR=30|ELECTRICAL=4|FORMALTYPE=1|LOCATION.X=390|LOCATION.Y=520|NAME=30|PINCONGLOMERATE=48|PINLENGTH=10|SWAPIDPART=Ž&Ž1|SWAPIDPIN=1|
RECORD=41|LINENO= 207|OWNERPARTID=   0|OWNERINDEX= 206|FONTID=1|ISHIDDEN=T|LOCATION.X=390|LOCATION.Y=520|NAME=PinUniqueId|TEXT=QHCRDQVD|UNIQUEID=QHVCCBAA|
RECORD= 2|LINENO= 208|OWNERPARTID=   2|OWNERINDEX=  68|%UTF8%SWAPIDPART=Â¦&Â¦1|DESIGNATOR=31|ELECTRICAL=4|FORMALTYPE=1|LOCATION.X=370|LOCATION.Y=510|NAME=31|PINCONGLOMERATE=50|PINLENGTH=10|SWAPIDPART=Ž&Ž1|SWAPIDPIN=1|
RECORD=41|LINENO= 209|OWNERPARTID=   0|OWNERINDEX= 208|FONTID=1|ISHIDDEN=T|LOCATION.X=370|LOCATION.Y=510|NAME=PinUniqueId|TEXT=HWFMIYMO|UNIQUEID=STQQFHMH|
RECORD= 2|LINENO= 210|OWNERPARTID=   2|OWNERINDEX=  68|%UTF8%SWAPIDPART=Â¦&Â¦1|DESIGNATOR=32|ELECTRICAL=4|FORMALTYPE=1|LOCATION.X=390|LOCATION.Y=510|NAME=32|PINCONGLOMERATE=48|PINLENGTH=10|SWAPIDPART=Ž&Ž1|SWAPIDPIN=1|
RECORD=41|LINENO= 211|OWNERPARTID=   0|OWNERINDEX= 210|FONTID=1|ISHIDDEN=T|LOCATION.X=390|LOCATION.Y=510|NAME=PinUniqueId|TEXT=PVBBCONY|UNIQUEID=EFKPNPWL|
RECORD= 2|LINENO= 212|OWNERPARTID=   2|OWNERINDEX=  68|%UTF8%SWAPIDPART=Â¦&Â¦1|DESIGNATOR=33|ELECTRICAL=4|FORMALTYPE=1|LOCATION.X=370|LOCATION.Y=500|NAME=33|PINCONGLOMERATE=50|PINLENGTH=10|SWAPIDPART=Ž&Ž1|SWAPIDPIN=1|
RECORD=41|LINENO= 213|OWNERPARTID=   0|OWNERINDEX= 212|FONTID=1|ISHIDDEN=T|LOCATION.X=370|LOCATION.Y=500|NAME=PinUniqueId|TEXT=KRDUBXEB|UNIQUEID=YAGOIUUE|
RECORD= 2|LINENO= 214|OWNERPARTID=   2|OWNERINDEX=  68|%UTF8%SWAPIDPART=Â¦&Â¦1|DESIGNATOR=34|ELECTRICAL=4|FORMALTYPE=1|LOCATION.X=390|LOCATION.Y=500|NAME=34|PINCONGLOMERATE=48|PINLENGTH=10|SWAPIDPART=Ž&Ž1|SWAPIDPIN=1|
RECORD=41|LINENO= 215|OWNERPARTID=   0|OWNERINDEX= 214|FONTID=1|ISHIDDEN=T|LOCATION.X=390|LOCATION.Y=500|NAME=PinUniqueId|TEXT=ORQWCLDK|UNIQUEID=WMDMSMLU|
RECORD= 2|LINENO= 216|OWNERPARTID=   2|OWNERINDEX=  68|%UTF8%SWAPIDPART=Â¦&Â¦1|DESIGNATOR=35|ELECTRICAL=4|FORMALTYPE=1|LOCATION.X=370|LOCATION.Y=490|NAME=35|PINCONGLOMERATE=50|PINLENGTH=10|SWAPIDPART=Ž&Ž1|SWAPIDPIN=1|
RECORD=41|LINENO= 217|OWNERPARTID=   0|OWNERINDEX= 216|FONTID=1|ISHIDDEN=T|LOCATION.X=370|LOCATION.Y=490|NAME=PinUniqueId|TEXT=CQIWJFIY|UNIQUEID=TAHFRXML|
RECORD= 2|LINENO= 218|OWNERPARTID=   2|OWNERINDEX=  68|%UTF8%SWAPIDPART=Â¦&Â¦1|DESIGNATOR=36|ELECTRICAL=4|FORMALTYPE=1|LOCATION.X=390|LOCATION.Y=490|NAME=36|PINCONGLOMERATE=48|PINLENGTH=10|SWAPIDPART=Ž&Ž1|SWAPIDPIN=1|
RECORD=41|LINENO= 219|OWNERPARTID=   0|OWNERINDEX= 218|FONTID=1|ISHIDDEN=T|LOCATION.X=390|LOCATION.Y=490|NAME=PinUniqueId|TEXT=DMBKXIVC|UNIQUEID=RYJHHFCT|
RECORD= 2|LINENO= 220|OWNERPARTID=   2|OWNERINDEX=  68|%UTF8%SWAPIDPART=Â¦&Â¦1|DESIGNATOR=37|ELECTRICAL=4|FORMALTYPE=1|LOCATION.X=370|LOCATION.Y=480|NAME=37|PINCONGLOMERATE=50|PINLENGTH=10|SWAPIDPART=Ž&Ž1|SWAPIDPIN=1|
RECORD=41|LINENO= 221|OWNERPARTID=   0|OWNERINDEX= 220|FONTID=1|ISHIDDEN=T|LOCATION.X=370|LOCATION.Y=480|NAME=PinUniqueId|TEXT=FOUMTJOQ|UNIQUEID=VDHPKMGA|
RECORD= 2|LINENO= 222|OWNERPARTID=   2|OWNERINDEX=  68|%UTF8%SWAPIDPART=Â¦&Â¦1|DESIGNATOR=38|ELECTRICAL=4|FORMALTYPE=1|LOCATION.X=390|LOCATION.Y=480|NAME=38|PINCONGLOMERATE=48|PINLENGTH=10|SWAPIDPART=Ž&Ž1|SWAPIDPIN=1|
RECORD=41|LINENO= 223|OWNERPARTID=   0|OWNERINDEX= 222|FONTID=1|ISHIDDEN=T|LOCATION.X=390|LOCATION.Y=480|NAME=PinUniqueId|TEXT=HULURJIY|UNIQUEID=JMYBLCLD|
RECORD=41|LINENO= 224|OWNERPARTID=   0|OWNERINDEX=  68|FONTID=1|ISHIDDEN=T|LOCATION.X=345|LOCATION.Y=452|NAME=Specific Function|TEXT=Morpho CN7|UNIQUEID=WGWVOTEG|
RECORD=34|LINENO= 225|OWNERPARTID=   0|OWNERINDEX=  68|FONTID=1|LOCATION.X=368|LOCATION.Y=666|NAME=Designator|TEXT=CN7|UNIQUEID=LCTUPDHT|
RECORD=41|LINENO= 226|OWNERPARTID=   0|OWNERINDEX=  68|FONTID=1|LOCATION.X=340|LOCATION.Y=680|NAME=Comment|TEXT=HEADER_2X19_M|UNIQUEID=ACKTNRQN|
RECORD=44|LINENO= 227|OWNERPARTID= -42|OWNERINDEX=  68|
RECORD=45|LINENO= 228|OWNERPARTID= -42|OWNERINDEX= 227|DATAFILECOUNT=1|DESCRIPTION=2x19x2.54 Header TH V Female|MODELDATAFILEENTITY0=Header F 2x19x2.54 TH V|MODELDATAFILEKIND0=PCBLib|MODELNAME=Header F 2x19x2.54 TH V|MODELTYPE=PCBLIB|UNIQUEID=BUTPJPSK|
RECORD=46|LINENO= 229|OWNERPARTID= -42|OWNERINDEX= 228|
RECORD=48|LINENO= 230|OWNERPARTID= -42|OWNERINDEX= 228|
RECORD=45|LINENO= 231|OWNERPARTID= -42|OWNERINDEX= 227|DATAFILECOUNT=1|DESCRIPTION=2x19x2.54 Header TH V MaleTop + MaleBottom (Morphos_Nucleo64)|ISCURRENT=T|MODELDATAFILEENTITY0=Header M 2x19x2.54 TH M_top + M_bottom|MODELDATAFILEKIND0=PCBLib|MODELNAME=Header M 2x19x2.54 TH M_top + M_bottom|MODELTYPE=PCBLIB|UNIQUEID=FOKPMMGU|
RECORD=46|LINENO= 232|OWNERPARTID= -42|OWNERINDEX= 231|
RECORD=48|LINENO= 233|OWNERPARTID= -42|OWNERINDEX= 231|
RECORD= 1|LINENO= 234|OWNERPARTID=   0|OWNERINDEX= -42|ALLPINCOUNT=38|AREACOLOR=11599871|CURRENTPARTID=1|DESIGNITEMID=HEADER_2X19|DISPLAYMODECOUNT=1|LIBREFERENCE=HEADER_2X19|LOCATION.X=730|LOCATION.Y=660|PARTCOUNT=2|PARTIDLOCKED=F|SOURCELIBRARYNAME=ST_Lib3D.SchLib|TARGETFILENAME=*|UNIQUEID=UMCDXUHL|
RECORD= 2|LINENO= 235|OWNERPARTID=   2|OWNERINDEX= 234|DESIGNATOR=2|ELECTRICAL=4|FORMALTYPE=1|LOCATION.X=750|LOCATION.Y=660|NAME=2|PINCONGLOMERATE=48|PINLENGTH=10|SWAPIDPIN=2|
RECORD=41|LINENO= 236|OWNERPARTID=   0|OWNERINDEX= 235|FONTID=1|ISHIDDEN=T|LOCATION.X=750|LOCATION.Y=660|NAME=PinUniqueId|TEXT=BDCOVBHU|UNIQUEID=QWANPVQR|
RECORD= 2|LINENO= 237|OWNERPARTID=   2|OWNERINDEX= 234|DESIGNATOR=4|ELECTRICAL=4|FORMALTYPE=1|LOCATION.X=750|LOCATION.Y=650|NAME=4|PINCONGLOMERATE=48|PINLENGTH=10|SWAPIDPIN=4|
RECORD=41|LINENO= 238|OWNERPARTID=   0|OWNERINDEX= 237|FONTID=1|ISHIDDEN=T|LOCATION.X=750|LOCATION.Y=650|NAME=PinUniqueId|TEXT=MYNSQDNB|UNIQUEID=BCAVNQOK|
RECORD= 2|LINENO= 239|OWNERPARTID=   2|OWNERINDEX= 234|DESIGNATOR=6|ELECTRICAL=4|FORMALTYPE=1|LOCATION.X=750|LOCATION.Y=640|NAME=6|PINCONGLOMERATE=48|PINLENGTH=10|SWAPIDPIN=6|
RECORD=41|LINENO= 240|OWNERPARTID=   0|OWNERINDEX= 239|FONTID=1|ISHIDDEN=T|LOCATION.X=750|LOCATION.Y=640|NAME=PinUniqueId|TEXT=XIUDPTWX|UNIQUEID=UHUPYLGC|
RECORD=12|LINENO= 241|OWNERPARTID=   2|OWNERINDEX= 234|ENDANGLE=360.000|LINEWIDTH=1|LOCATION.X=745|LOCATION.Y=650|RADIUS=3|
RECORD=12|LINENO= 242|OWNERPARTID=   2|OWNERINDEX= 234|ENDANGLE=360.000|LINEWIDTH=1|LOCATION.X=745|LOCATION.Y=640|RADIUS=3|
RECORD= 6|LINENO= 243|OWNERPARTID=   2|OWNERINDEX= 234|LINEWIDTH=1|LOCATIONCOUNT=4|X1=740|X2=750|X3=750|X4=740|Y1=665|Y2=665|Y3=475|Y4=475|
RECORD= 6|LINENO= 244|OWNERPARTID=   2|OWNERINDEX= 234|LINEWIDTH=1|LOCATIONCOUNT=2|X1=748|X2=750|Y1=650|Y2=650|
RECORD= 6|LINENO= 245|OWNERPARTID=   2|OWNERINDEX= 234|LINEWIDTH=1|LOCATIONCOUNT=2|X1=748|X2=751|Y1=640|Y2=640|
RECORD= 2|LINENO= 246|OWNERPARTID=   2|OWNERINDEX= 234|DESIGNATOR=8|ELECTRICAL=4|FORMALTYPE=1|LOCATION.X=750|LOCATION.Y=630|NAME=8|PINCONGLOMERATE=48|PINLENGTH=10|SWAPIDPIN=8|
RECORD=41|LINENO= 247|OWNERPARTID=   0|OWNERINDEX= 246|FONTID=1|ISHIDDEN=T|LOCATION.X=750|LOCATION.Y=630|NAME=PinUniqueId|TEXT=RCOPMVAI|UNIQUEID=COKEAFYC|
RECORD=12|LINENO= 248|OWNERPARTID=   2|OWNERINDEX= 234|ENDANGLE=360.000|LINEWIDTH=1|LOCATION.X=745|LOCATION.Y=630|RADIUS=3|
RECORD= 6|LINENO= 249|OWNERPARTID=   2|OWNERINDEX= 234|LINEWIDTH=1|LOCATIONCOUNT=2|X1=748|X2=751|Y1=630|Y2=630|
RECORD= 2|LINENO= 250|OWNERPARTID=   2|OWNERINDEX= 234|DESIGNATOR=10|ELECTRICAL=4|FORMALTYPE=1|LOCATION.X=750|LOCATION.Y=620|NAME=10|PINCONGLOMERATE=48|PINLENGTH=10|SWAPIDPIN=10|
RECORD=41|LINENO= 251|OWNERPARTID=   0|OWNERINDEX= 250|FONTID=1|ISHIDDEN=T|LOCATION.X=750|LOCATION.Y=620|NAME=PinUniqueId|TEXT=PVKTJHOJ|UNIQUEID=XHUYMBQP|
RECORD=12|LINENO= 252|OWNERPARTID=   2|OWNERINDEX= 234|ENDANGLE=360.000|LINEWIDTH=1|LOCATION.X=745|LOCATION.Y=620|RADIUS=3|
RECORD= 6|LINENO= 253|OWNERPARTID=   2|OWNERINDEX= 234|LINEWIDTH=1|LOCATIONCOUNT=2|X1=748|X2=751|Y1=620|Y2=620|
RECORD= 2|LINENO= 254|OWNERPARTID=   2|OWNERINDEX= 234|DESIGNATOR=12|ELECTRICAL=4|FORMALTYPE=1|LOCATION.X=750|LOCATION.Y=610|NAME=12|PINCONGLOMERATE=48|PINLENGTH=10|SWAPIDPIN=12|
RECORD=41|LINENO= 255|OWNERPARTID=   0|OWNERINDEX= 254|FONTID=1|ISHIDDEN=T|LOCATION.X=750|LOCATION.Y=610|NAME=PinUniqueId|TEXT=QKDPHCSK|UNIQUEID=QVSLVEAF|
RECORD=12|LINENO= 256|OWNERPARTID=   2|OWNERINDEX= 234|ENDANGLE=360.000|LINEWIDTH=1|LOCATION.X=745|LOCATION.Y=610|RADIUS=3|
RECORD= 6|LINENO= 257|OWNERPARTID=   2|OWNERINDEX= 234|LINEWIDTH=1|LOCATIONCOUNT=2|X1=748|X2=751|Y1=610|Y2=610|
RECORD= 2|LINENO= 258|OWNERPARTID=   2|OWNERINDEX= 234|DESIGNATOR=1|ELECTRICAL=4|FORMALTYPE=1|LOCATION.X=730|LOCATION.Y=660|NAME=1|PINCONGLOMERATE=50|PINLENGTH=10|SWAPIDPIN=1|
RECORD=41|LINENO= 259|OWNERPARTID=   0|OWNERINDEX= 258|FONTID=1|ISHIDDEN=T|LOCATION.X=730|LOCATION.Y=660|NAME=PinUniqueId|TEXT=WNKYLILO|UNIQUEID=JFXKCIWH|
RECORD= 2|LINENO= 260|OWNERPARTID=   2|OWNERINDEX= 234|DESIGNATOR=3|ELECTRICAL=4|FORMALTYPE=1|LOCATION.X=730|LOCATION.Y=650|NAME=3|PINCONGLOMERATE=50|PINLENGTH=10|SWAPIDPIN=3|
RECORD=41|LINENO= 261|OWNERPARTID=   0|OWNERINDEX= 260|FONTID=1|ISHIDDEN=T|LOCATION.X=730|LOCATION.Y=650|NAME=PinUniqueId|TEXT=EVBYGUJL|UNIQUEID=JNPHIQXO|
RECORD= 2|LINENO= 262|OWNERPARTID=   2|OWNERINDEX= 234|DESIGNATOR=5|ELECTRICAL=4|FORMALTYPE=1|LOCATION.X=730|LOCATION.Y=640|NAME=5|PINCONGLOMERATE=50|PINLENGTH=10|SWAPIDPIN=5|
RECORD=41|LINENO= 263|OWNERPARTID=   0|OWNERINDEX= 262|FONTID=1|ISHIDDEN=T|LOCATION.X=730|LOCATION.Y=640|NAME=PinUniqueId|TEXT=VJSDLMAB|UNIQUEID=VEJIKIMV|
RECORD=12|LINENO= 264|OWNERPARTID=   2|OWNERINDEX= 234|ENDANGLE=360.000|LINEWIDTH=1|LOCATION.X=735|LOCATION.Y=650|RADIUS=3|
RECORD=12|LINENO= 265|OWNERPARTID=   2|OWNERINDEX= 234|ENDANGLE=360.000|LINEWIDTH=1|LOCATION.X=735|LOCATION.Y=640|RADIUS=3|
RECORD= 6|LINENO= 266|OWNERPARTID=   2|OWNERINDEX= 234|LINEWIDTH=1|LOCATIONCOUNT=4|X1=740|X2=730|X3=730|X4=740|Y1=665|Y2=665|Y3=475|Y4=475|
RECORD= 6|LINENO= 267|OWNERPARTID=   2|OWNERINDEX= 234|LINEWIDTH=1|LOCATIONCOUNT=2|X1=732|X2=730|Y1=650|Y2=650|
RECORD= 6|LINENO= 268|OWNERPARTID=   2|OWNERINDEX= 234|LINEWIDTH=1|LOCATIONCOUNT=2|X1=732|X2=729|Y1=640|Y2=640|
RECORD= 2|LINENO= 269|OWNERPARTID=   2|OWNERINDEX= 234|DESIGNATOR=7|ELECTRICAL=4|FORMALTYPE=1|LOCATION.X=730|LOCATION.Y=630|NAME=7|PINCONGLOMERATE=50|PINLENGTH=10|SWAPIDPIN=7|
RECORD=41|LINENO= 270|OWNERPARTID=   0|OWNERINDEX= 269|FONTID=1|ISHIDDEN=T|LOCATION.X=730|LOCATION.Y=630|NAME=PinUniqueId|TEXT=ADQEJDTG|UNIQUEID=EFAFVQCP|
RECORD=12|LINENO= 271|OWNERPARTID=   2|OWNERINDEX= 234|ENDANGLE=360.000|LINEWIDTH=1|LOCATION.X=735|LOCATION.Y=630|RADIUS=3|
RECORD= 6|LINENO= 272|OWNERPARTID=   2|OWNERINDEX= 234|LINEWIDTH=1|LOCATIONCOUNT=2|X1=732|X2=729|Y1=630|Y2=630|
RECORD= 2|LINENO= 273|OWNERPARTID=   2|OWNERINDEX= 234|DESIGNATOR=9|ELECTRICAL=4|FORMALTYPE=1|LOCATION.X=730|LOCATION.Y=620|NAME=9|PINCONGLOMERATE=50|PINLENGTH=10|SWAPIDPIN=9|
RECORD=41|LINENO= 274|OWNERPARTID=   0|OWNERINDEX= 273|FONTID=1|ISHIDDEN=T|LOCATION.X=730|LOCATION.Y=620|NAME=PinUniqueId|TEXT=HCEYIAMJ|UNIQUEID=DPLLJSSR|
RECORD=12|LINENO= 275|OWNERPARTID=   2|OWNERINDEX= 234|ENDANGLE=360.000|LINEWIDTH=1|LOCATION.X=735|LOCATION.Y=620|RADIUS=3|
RECORD= 6|LINENO= 276|OWNERPARTID=   2|OWNERINDEX= 234|LINEWIDTH=1|LOCATIONCOUNT=2|X1=732|X2=729|Y1=620|Y2=620|
RECORD= 2|LINENO= 277|OWNERPARTID=   2|OWNERINDEX= 234|DESIGNATOR=11|ELECTRICAL=4|FORMALTYPE=1|LOCATION.X=730|LOCATION.Y=610|NAME=11|PINCONGLOMERATE=50|PINLENGTH=10|SWAPIDPIN=11|
RECORD=41|LINENO= 278|OWNERPARTID=   0|OWNERINDEX= 277|FONTID=1|ISHIDDEN=T|LOCATION.X=730|LOCATION.Y=610|NAME=PinUniqueId|TEXT=XOMYOFII|UNIQUEID=UYBTKQEG|
RECORD=12|LINENO= 279|OWNERPARTID=   2|OWNERINDEX= 234|ENDANGLE=360.000|LINEWIDTH=1|LOCATION.X=735|LOCATION.Y=610|RADIUS=3|
RECORD= 6|LINENO= 280|OWNERPARTID=   2|OWNERINDEX= 234|LINEWIDTH=1|LOCATIONCOUNT=2|X1=732|X2=729|Y1=610|Y2=610|
RECORD= 6|LINENO= 281|OWNERPARTID=   2|OWNERINDEX= 234|LINEWIDTH=1|LOCATIONCOUNT=2|X1=732|X2=730|Y1=660|Y2=660|
RECORD=12|LINENO= 282|OWNERPARTID=   2|OWNERINDEX= 234|ENDANGLE=360.000|LINEWIDTH=1|LOCATION.X=735|LOCATION.Y=660|RADIUS=3|
RECORD= 6|LINENO= 283|OWNERPARTID=   2|OWNERINDEX= 234|LINEWIDTH=1|LOCATIONCOUNT=6|X1=735|X2=738|X3=738|X4=732|X5=732|X6=735|Y1=663|Y2=663|Y3=657|Y4=657|Y5=663|Y6=663|
RECORD=12|LINENO= 284|OWNERPARTID=   2|OWNERINDEX= 234|ENDANGLE=360.000|LINEWIDTH=1|LOCATION.X=745|LOCATION.Y=660|RADIUS=3|
RECORD= 6|LINENO= 285|OWNERPARTID=   2|OWNERINDEX= 234|LINEWIDTH=1|LOCATIONCOUNT=2|X1=748|X2=750|Y1=660|Y2=660|
RECORD= 2|LINENO= 286|OWNERPARTID=   2|OWNERINDEX= 234|DESIGNATOR=14|ELECTRICAL=4|FORMALTYPE=1|LOCATION.X=750|LOCATION.Y=600|NAME=14|PINCONGLOMERATE=48|PINLENGTH=10|SWAPIDPIN=14|
RECORD=41|LINENO= 287|OWNERPARTID=   0|OWNERINDEX= 286|FONTID=1|ISHIDDEN=T|LOCATION.X=750|LOCATION.Y=600|NAME=PinUniqueId|TEXT=AUSRGGNP|UNIQUEID=QQCYBLSO|
RECORD=12|LINENO= 288|OWNERPARTID=   2|OWNERINDEX= 234|ENDANGLE=360.000|LINEWIDTH=1|LOCATION.X=745|LOCATION.Y=600|RADIUS=3|
RECORD= 6|LINENO= 289|OWNERPARTID=   2|OWNERINDEX= 234|LINEWIDTH=1|LOCATIONCOUNT=2|X1=748|X2=751|Y1=600|Y2=600|
RECORD= 2|LINENO= 290|OWNERPARTID=   2|OWNERINDEX= 234|DESIGNATOR=13|ELECTRICAL=4|FORMALTYPE=1|LOCATION.X=730|LOCATION.Y=600|NAME=13|PINCONGLOMERATE=50|PINLENGTH=10|SWAPIDPIN=13|
RECORD=41|LINENO= 291|OWNERPARTID=   0|OWNERINDEX= 290|FONTID=1|ISHIDDEN=T|LOCATION.X=730|LOCATION.Y=600|NAME=PinUniqueId|TEXT=NWNTHSLF|UNIQUEID=QTQIJDIX|
RECORD=12|LINENO= 292|OWNERPARTID=   2|OWNERINDEX= 234|ENDANGLE=360.000|LINEWIDTH=1|LOCATION.X=735|LOCATION.Y=600|RADIUS=3|
RECORD= 6|LINENO= 293|OWNERPARTID=   2|OWNERINDEX= 234|LINEWIDTH=1|LOCATIONCOUNT=2|X1=732|X2=729|Y1=600|Y2=600|
RECORD= 2|LINENO= 294|OWNERPARTID=   2|OWNERINDEX= 234|DESIGNATOR=16|ELECTRICAL=4|FORMALTYPE=1|LOCATION.X=750|LOCATION.Y=590|NAME=16|PINCONGLOMERATE=48|PINLENGTH=10|SWAPIDPIN=16|
RECORD=41|LINENO= 295|OWNERPARTID=   0|OWNERINDEX= 294|FONTID=1|ISHIDDEN=T|LOCATION.X=750|LOCATION.Y=590|NAME=PinUniqueId|TEXT=RXHDOQJG|UNIQUEID=ILUMCAUT|
RECORD=12|LINENO= 296|OWNERPARTID=   2|OWNERINDEX= 234|ENDANGLE=360.000|LINEWIDTH=1|LOCATION.X=745|LOCATION.Y=590|RADIUS=3|
RECORD= 6|LINENO= 297|OWNERPARTID=   2|OWNERINDEX= 234|LINEWIDTH=1|LOCATIONCOUNT=2|X1=748|X2=751|Y1=590|Y2=590|
RECORD= 2|LINENO= 298|OWNERPARTID=   2|OWNERINDEX= 234|DESIGNATOR=15|ELECTRICAL=4|FORMALTYPE=1|LOCATION.X=730|LOCATION.Y=590|NAME=15|PINCONGLOMERATE=50|PINLENGTH=10|SWAPIDPIN=15|
RECORD=41|LINENO= 299|OWNERPARTID=   0|OWNERINDEX= 298|FONTID=1|ISHIDDEN=T|LOCATION.X=730|LOCATION.Y=590|NAME=PinUniqueId|TEXT=ESTQUQWN|UNIQUEID=JXICGUMN|
RECORD=12|LINENO= 300|OWNERPARTID=   2|OWNERINDEX= 234|ENDANGLE=360.000|LINEWIDTH=1|LOCATION.X=735|LOCATION.Y=590|RADIUS=3|
RECORD= 6|LINENO= 301|OWNERPARTID=   2|OWNERINDEX= 234|LINEWIDTH=1|LOCATIONCOUNT=2|X1=732|X2=729|Y1=590|Y2=590|
RECORD= 2|LINENO= 302|OWNERPARTID=   2|OWNERINDEX= 234|DESIGNATOR=18|ELECTRICAL=4|FORMALTYPE=1|LOCATION.X=750|LOCATION.Y=580|NAME=18|PINCONGLOMERATE=48|PINLENGTH=10|SWAPIDPIN=16|
RECORD=41|LINENO= 303|OWNERPARTID=   0|OWNERINDEX= 302|FONTID=1|ISHIDDEN=T|LOCATION.X=750|LOCATION.Y=580|NAME=PinUniqueId|TEXT=QNSWVDMR|UNIQUEID=FWCTPYKY|
RECORD=12|LINENO= 304|OWNERPARTID=   2|OWNERINDEX= 234|ENDANGLE=360.000|LINEWIDTH=1|LOCATION.X=745|LOCATION.Y=580|RADIUS=3|
RECORD= 6|LINENO= 305|OWNERPARTID=   2|OWNERINDEX= 234|LINEWIDTH=1|LOCATIONCOUNT=2|X1=748|X2=751|Y1=580|Y2=580|
RECORD= 2|LINENO= 306|OWNERPARTID=   2|OWNERINDEX= 234|DESIGNATOR=17|ELECTRICAL=4|FORMALTYPE=1|LOCATION.X=730|LOCATION.Y=580|NAME=17|PINCONGLOMERATE=50|PINLENGTH=10|SWAPIDPIN=15|
RECORD=41|LINENO= 307|OWNERPARTID=   0|OWNERINDEX= 306|FONTID=1|ISHIDDEN=T|LOCATION.X=730|LOCATION.Y=580|NAME=PinUniqueId|TEXT=YJMOVYIJ|UNIQUEID=MRPAFFIG|
RECORD=12|LINENO= 308|OWNERPARTID=   2|OWNERINDEX= 234|ENDANGLE=360.000|LINEWIDTH=1|LOCATION.X=735|LOCATION.Y=580|RADIUS=3|
RECORD= 6|LINENO= 309|OWNERPARTID=   2|OWNERINDEX= 234|LINEWIDTH=1|LOCATIONCOUNT=2|X1=732|X2=729|Y1=580|Y2=580|
RECORD= 2|LINENO= 310|OWNERPARTID=   2|OWNERINDEX= 234|DESIGNATOR=20|ELECTRICAL=4|FORMALTYPE=1|LOCATION.X=750|LOCATION.Y=570|NAME=20|PINCONGLOMERATE=48|PINLENGTH=10|SWAPIDPIN=16|
RECORD=41|LINENO= 311|OWNERPARTID=   0|OWNERINDEX= 310|FONTID=1|ISHIDDEN=T|LOCATION.X=750|LOCATION.Y=570|NAME=PinUniqueId|TEXT=YJPQPCXD|UNIQUEID=CUHXXMOF|
RECORD=12|LINENO= 312|OWNERPARTID=   2|OWNERINDEX= 234|ENDANGLE=360.000|LINEWIDTH=1|LOCATION.X=745|LOCATION.Y=570|RADIUS=3|
RECORD= 6|LINENO= 313|OWNERPARTID=   2|OWNERINDEX= 234|LINEWIDTH=1|LOCATIONCOUNT=2|X1=748|X2=751|Y1=570|Y2=570|
RECORD= 2|LINENO= 314|OWNERPARTID=   2|OWNERINDEX= 234|DESIGNATOR=19|ELECTRICAL=4|FORMALTYPE=1|LOCATION.X=730|LOCATION.Y=570|NAME=19|PINCONGLOMERATE=50|PINLENGTH=10|SWAPIDPIN=15|
RECORD=41|LINENO= 315|OWNERPARTID=   0|OWNERINDEX= 314|FONTID=1|ISHIDDEN=T|LOCATION.X=730|LOCATION.Y=570|NAME=PinUniqueId|TEXT=TPVPTFUF|UNIQUEID=HHFRYBQP|
RECORD=12|LINENO= 316|OWNERPARTID=   2|OWNERINDEX= 234|ENDANGLE=360.000|LINEWIDTH=1|LOCATION.X=735|LOCATION.Y=570|RADIUS=3|
RECORD= 6|LINENO= 317|OWNERPARTID=   2|OWNERINDEX= 234|LINEWIDTH=1|LOCATIONCOUNT=2|X1=732|X2=729|Y1=570|Y2=570|
RECORD= 2|LINENO= 318|OWNERPARTID=   2|OWNERINDEX= 234|DESIGNATOR=22|ELECTRICAL=4|FORMALTYPE=1|LOCATION.X=750|LOCATION.Y=560|NAME=22|PINCONGLOMERATE=48|PINLENGTH=10|SWAPIDPIN=16|
RECORD=41|LINENO= 319|OWNERPARTID=   0|OWNERINDEX= 318|FONTID=1|ISHIDDEN=T|LOCATION.X=750|LOCATION.Y=560|NAME=PinUniqueId|TEXT=LGOGLURY|UNIQUEID=JJEEAMWR|
RECORD=12|LINENO= 320|OWNERPARTID=   2|OWNERINDEX= 234|ENDANGLE=360.000|LINEWIDTH=1|LOCATION.X=745|LOCATION.Y=560|RADIUS=3|
RECORD= 6|LINENO= 321|OWNERPARTID=   2|OWNERINDEX= 234|LINEWIDTH=1|LOCATIONCOUNT=2|X1=748|X2=751|Y1=560|Y2=560|
RECORD= 2|LINENO= 322|OWNERPARTID=   2|OWNERINDEX= 234|DESIGNATOR=21|ELECTRICAL=4|FORMALTYPE=1|LOCATION.X=730|LOCATION.Y=560|NAME=21|PINCONGLOMERATE=50|PINLENGTH=10|SWAPIDPIN=15|
RECORD=41|LINENO= 323|OWNERPARTID=   0|OWNERINDEX= 322|FONTID=1|ISHIDDEN=T|LOCATION.X=730|LOCATION.Y=560|NAME=PinUniqueId|TEXT=WCGGJKBH|UNIQUEID=JVCKHTNJ|
RECORD=12|LINENO= 324|OWNERPARTID=   2|OWNERINDEX= 234|ENDANGLE=360.000|LINEWIDTH=1|LOCATION.X=735|LOCATION.Y=560|RADIUS=3|
RECORD= 6|LINENO= 325|OWNERPARTID=   2|OWNERINDEX= 234|LINEWIDTH=1|LOCATIONCOUNT=2|X1=732|X2=729|Y1=560|Y2=560|
RECORD= 2|LINENO= 326|OWNERPARTID=   2|OWNERINDEX= 234|DESIGNATOR=24|ELECTRICAL=4|FORMALTYPE=1|LOCATION.X=750|LOCATION.Y=550|NAME=24|PINCONGLOMERATE=48|PINLENGTH=10|SWAPIDPIN=16|
RECORD=41|LINENO= 327|OWNERPARTID=   0|OWNERINDEX= 326|FONTID=1|ISHIDDEN=T|LOCATION.X=750|LOCATION.Y=550|NAME=PinUniqueId|TEXT=JBRXVIIV|UNIQUEID=LVTSJKWX|
RECORD=12|LINENO= 328|OWNERPARTID=   2|OWNERINDEX= 234|ENDANGLE=360.000|LINEWIDTH=1|LOCATION.X=745|LOCATION.Y=550|RADIUS=3|
RECORD= 6|LINENO= 329|OWNERPARTID=   2|OWNERINDEX= 234|LINEWIDTH=1|LOCATIONCOUNT=2|X1=748|X2=751|Y1=550|Y2=550|
RECORD= 2|LINENO= 330|OWNERPARTID=   2|OWNERINDEX= 234|DESIGNATOR=23|ELECTRICAL=4|FORMALTYPE=1|LOCATION.X=730|LOCATION.Y=550|NAME=23|PINCONGLOMERATE=50|PINLENGTH=10|SWAPIDPIN=15|
RECORD=41|LINENO= 331|OWNERPARTID=   0|OWNERINDEX= 330|FONTID=1|ISHIDDEN=T|LOCATION.X=730|LOCATION.Y=550|NAME=PinUniqueId|TEXT=IJTIWNWU|UNIQUEID=GLTATTKL|
RECORD=12|LINENO= 332|OWNERPARTID=   2|OWNERINDEX= 234|ENDANGLE=360.000|LINEWIDTH=1|LOCATION.X=735|LOCATION.Y=550|RADIUS=3|
RECORD= 6|LINENO= 333|OWNERPARTID=   2|OWNERINDEX= 234|LINEWIDTH=1|LOCATIONCOUNT=2|X1=732|X2=729|Y1=550|Y2=550|
RECORD=12|LINENO= 334|OWNERPARTID=   2|OWNERINDEX= 234|ENDANGLE=360.000|LINEWIDTH=1|LOCATION.X=745|LOCATION.Y=540|RADIUS=3|
RECORD= 6|LINENO= 335|OWNERPARTID=   2|OWNERINDEX= 234|LINEWIDTH=1|LOCATIONCOUNT=2|X1=748|X2=751|Y1=540|Y2=540|
RECORD=12|LINENO= 336|OWNERPARTID=   2|OWNERINDEX= 234|ENDANGLE=360.000|LINEWIDTH=1|LOCATION.X=735|LOCATION.Y=540|RADIUS=3|
RECORD= 6|LINENO= 337|OWNERPARTID=   2|OWNERINDEX= 234|LINEWIDTH=1|LOCATIONCOUNT=2|X1=732|X2=729|Y1=540|Y2=540|
RECORD=12|LINENO= 338|OWNERPARTID=   2|OWNERINDEX= 234|ENDANGLE=360.000|LINEWIDTH=1|LOCATION.X=745|LOCATION.Y=530|RADIUS=3|
RECORD= 6|LINENO= 339|OWNERPARTID=   2|OWNERINDEX= 234|LINEWIDTH=1|LOCATIONCOUNT=2|X1=748|X2=751|Y1=530|Y2=530|
RECORD=12|LINENO= 340|OWNERPARTID=   2|OWNERINDEX= 234|ENDANGLE=360.000|LINEWIDTH=1|LOCATION.X=735|LOCATION.Y=530|RADIUS=3|
RECORD= 6|LINENO= 341|OWNERPARTID=   2|OWNERINDEX= 234|LINEWIDTH=1|LOCATIONCOUNT=2|X1=732|X2=729|Y1=530|Y2=530|
RECORD=12|LINENO= 342|OWNERPARTID=   2|OWNERINDEX= 234|ENDANGLE=360.000|LINEWIDTH=1|LOCATION.X=745|LOCATION.Y=520|RADIUS=3|
RECORD= 6|LINENO= 343|OWNERPARTID=   2|OWNERINDEX= 234|LINEWIDTH=1|LOCATIONCOUNT=2|X1=748|X2=751|Y1=520|Y2=520|
RECORD=12|LINENO= 344|OWNERPARTID=   2|OWNERINDEX= 234|ENDANGLE=360.000|LINEWIDTH=1|LOCATION.X=735|LOCATION.Y=520|RADIUS=3|
RECORD= 6|LINENO= 345|OWNERPARTID=   2|OWNERINDEX= 234|LINEWIDTH=1|LOCATIONCOUNT=2|X1=732|X2=729|Y1=520|Y2=520|
RECORD=12|LINENO= 346|OWNERPARTID=   2|OWNERINDEX= 234|ENDANGLE=360.000|LINEWIDTH=1|LOCATION.X=745|LOCATION.Y=510|RADIUS=3|
RECORD= 6|LINENO= 347|OWNERPARTID=   2|OWNERINDEX= 234|LINEWIDTH=1|LOCATIONCOUNT=2|X1=748|X2=751|Y1=510|Y2=510|
RECORD=12|LINENO= 348|OWNERPARTID=   2|OWNERINDEX= 234|ENDANGLE=360.000|LINEWIDTH=1|LOCATION.X=735|LOCATION.Y=510|RADIUS=3|
RECORD= 6|LINENO= 349|OWNERPARTID=   2|OWNERINDEX= 234|LINEWIDTH=1|LOCATIONCOUNT=2|X1=732|X2=729|Y1=510|Y2=510|
RECORD=12|LINENO= 350|OWNERPARTID=   2|OWNERINDEX= 234|ENDANGLE=360.000|LINEWIDTH=1|LOCATION.X=745|LOCATION.Y=500|RADIUS=3|
RECORD= 6|LINENO= 351|OWNERPARTID=   2|OWNERINDEX= 234|LINEWIDTH=1|LOCATIONCOUNT=2|X1=748|X2=751|Y1=500|Y2=500|
RECORD=12|LINENO= 352|OWNERPARTID=   2|OWNERINDEX= 234|ENDANGLE=360.000|LINEWIDTH=1|LOCATION.X=735|LOCATION.Y=500|RADIUS=3|
RECORD= 6|LINENO= 353|OWNERPARTID=   2|OWNERINDEX= 234|LINEWIDTH=1|LOCATIONCOUNT=2|X1=732|X2=729|Y1=500|Y2=500|
RECORD=12|LINENO= 354|OWNERPARTID=   2|OWNERINDEX= 234|ENDANGLE=360.000|LINEWIDTH=1|LOCATION.X=745|LOCATION.Y=490|RADIUS=3|
RECORD= 6|LINENO= 355|OWNERPARTID=   2|OWNERINDEX= 234|LINEWIDTH=1|LOCATIONCOUNT=2|X1=748|X2=751|Y1=490|Y2=490|
RECORD=12|LINENO= 356|OWNERPARTID=   2|OWNERINDEX= 234|ENDANGLE=360.000|LINEWIDTH=1|LOCATION.X=735|LOCATION.Y=490|RADIUS=3|
RECORD= 6|LINENO= 357|OWNERPARTID=   2|OWNERINDEX= 234|LINEWIDTH=1|LOCATIONCOUNT=2|X1=732|X2=729|Y1=490|Y2=490|
RECORD=12|LINENO= 358|OWNERPARTID=   2|OWNERINDEX= 234|ENDANGLE=360.000|LINEWIDTH=1|LOCATION.X=745|LOCATION.Y=480|RADIUS=3|
RECORD= 6|LINENO= 359|OWNERPARTID=   2|OWNERINDEX= 234|LINEWIDTH=1|LOCATIONCOUNT=2|X1=748|X2=751|Y1=480|Y2=480|
RECORD=12|LINENO= 360|OWNERPARTID=   2|OWNERINDEX= 234|ENDANGLE=360.000|LINEWIDTH=1|LOCATION.X=735|LOCATION.Y=480|RADIUS=3|
RECORD= 6|LINENO= 361|OWNERPARTID=   2|OWNERINDEX= 234|LINEWIDTH=1|LOCATIONCOUNT=2|X1=732|X2=729|Y1=480|Y2=480|
RECORD= 2|LINENO= 362|OWNERPARTID=   2|OWNERINDEX= 234|%UTF8%SWAPIDPART=Â¦&Â¦1|DESIGNATOR=25|ELECTRICAL=4|FORMALTYPE=1|LOCATION.X=730|LOCATION.Y=540|NAME=25|PINCONGLOMERATE=50|PINLENGTH=10|SWAPIDPART=Ž&Ž1|SWAPIDPIN=1|
RECORD=41|LINENO= 363|OWNERPARTID=   0|OWNERINDEX= 362|FONTID=1|ISHIDDEN=T|LOCATION.X=730|LOCATION.Y=540|NAME=PinUniqueId|TEXT=MAXNEBGY|UNIQUEID=TPUAPKCN|
RECORD= 2|LINENO= 364|OWNERPARTID=   2|OWNERINDEX= 234|%UTF8%SWAPIDPART=Â¦&Â¦1|DESIGNATOR=26|ELECTRICAL=4|FORMALTYPE=1|LOCATION.X=750|LOCATION.Y=540|NAME=26|PINCONGLOMERATE=48|PINLENGTH=10|SWAPIDPART=Ž&Ž1|SWAPIDPIN=1|
RECORD=41|LINENO= 365|OWNERPARTID=   0|OWNERINDEX= 364|FONTID=1|ISHIDDEN=T|LOCATION.X=750|LOCATION.Y=540|NAME=PinUniqueId|TEXT=NISKTIXA|UNIQUEID=HTKUODJW|
RECORD= 2|LINENO= 366|OWNERPARTID=   2|OWNERINDEX= 234|%UTF8%SWAPIDPART=Â¦&Â¦1|DESIGNATOR=27|ELECTRICAL=4|FORMALTYPE=1|LOCATION.X=730|LOCATION.Y=530|NAME=27|PINCONGLOMERATE=50|PINLENGTH=10|SWAPIDPART=Ž&Ž1|SWAPIDPIN=1|
RECORD=41|LINENO= 367|OWNERPARTID=   0|OWNERINDEX= 366|FONTID=1|ISHIDDEN=T|LOCATION.X=730|LOCATION.Y=530|NAME=PinUniqueId|TEXT=FWRPRKEF|UNIQUEID=EXUGGVFE|
RECORD= 2|LINENO= 368|OWNERPARTID=   2|OWNERINDEX= 234|%UTF8%SWAPIDPART=Â¦&Â¦1|DESIGNATOR=28|ELECTRICAL=4|FORMALTYPE=1|LOCATION.X=750|LOCATION.Y=530|NAME=28|PINCONGLOMERATE=48|PINLENGTH=10|SWAPIDPART=Ž&Ž1|SWAPIDPIN=1|
RECORD=41|LINENO= 369|OWNERPARTID=   0|OWNERINDEX= 368|FONTID=1|ISHIDDEN=T|LOCATION.X=750|LOCATION.Y=530|NAME=PinUniqueId|TEXT=IYVWXWSK|UNIQUEID=ELENXSJS|
RECORD= 2|LINENO= 370|OWNERPARTID=   2|OWNERINDEX= 234|%UTF8%SWAPIDPART=Â¦&Â¦1|DESIGNATOR=29|ELECTRICAL=4|FORMALTYPE=1|LOCATION.X=730|LOCATION.Y=520|NAME=29|PINCONGLOMERATE=50|PINLENGTH=10|SWAPIDPART=Ž&Ž1|SWAPIDPIN=1|
RECORD=41|LINENO= 371|OWNERPARTID=   0|OWNERINDEX= 370|FONTID=1|ISHIDDEN=T|LOCATION.X=730|LOCATION.Y=520|NAME=PinUniqueId|TEXT=CEARHQRH|UNIQUEID=VFGSJXJO|
RECORD= 2|LINENO= 372|OWNERPARTID=   2|OWNERINDEX= 234|%UTF8%SWAPIDPART=Â¦&Â¦1|DESIGNATOR=30|ELECTRICAL=4|FORMALTYPE=1|LOCATION.X=750|LOCATION.Y=520|NAME=30|PINCONGLOMERATE=48|PINLENGTH=10|SWAPIDPART=Ž&Ž1|SWAPIDPIN=1|
RECORD=41|LINENO= 373|OWNERPARTID=   0|OWNERINDEX= 372|FONTID=1|ISHIDDEN=T|LOCATION.X=750|LOCATION.Y=520|NAME=PinUniqueId|TEXT=YFAFKMJA|UNIQUEID=QOFKDAHC|
RECORD= 2|LINENO= 374|OWNERPARTID=   2|OWNERINDEX= 234|%UTF8%SWAPIDPART=Â¦&Â¦1|DESIGNATOR=31|ELECTRICAL=4|FORMALTYPE=1|LOCATION.X=730|LOCATION.Y=510|NAME=31|PINCONGLOMERATE=50|PINLENGTH=10|SWAPIDPART=Ž&Ž1|SWAPIDPIN=1|
RECORD=41|LINENO= 375|OWNERPARTID=   0|OWNERINDEX= 374|FONTID=1|ISHIDDEN=T|LOCATION.X=730|LOCATION.Y=510|NAME=PinUniqueId|TEXT=FEIMQKLY|UNIQUEID=VNTLEUIJ|
RECORD= 2|LINENO= 376|OWNERPARTID=   2|OWNERINDEX= 234|%UTF8%SWAPIDPART=Â¦&Â¦1|DESIGNATOR=32|ELECTRICAL=4|FORMALTYPE=1|LOCATION.X=750|LOCATION.Y=510|NAME=32|PINCONGLOMERATE=48|PINLENGTH=10|SWAPIDPART=Ž&Ž1|SWAPIDPIN=1|
RECORD=41|LINENO= 377|OWNERPARTID=   0|OWNERINDEX= 376|FONTID=1|ISHIDDEN=T|LOCATION.X=750|LOCATION.Y=510|NAME=PinUniqueId|TEXT=XHMCJCVK|UNIQUEID=HAWUVCFY|
RECORD= 2|LINENO= 378|OWNERPARTID=   2|OWNERINDEX= 234|%UTF8%SWAPIDPART=Â¦&Â¦1|DESIGNATOR=33|ELECTRICAL=4|FORMALTYPE=1|LOCATION.X=730|LOCATION.Y=500|NAME=33|PINCONGLOMERATE=50|PINLENGTH=10|SWAPIDPART=Ž&Ž1|SWAPIDPIN=1|
RECORD=41|LINENO= 379|OWNERPARTID=   0|OWNERINDEX= 378|FONTID=1|ISHIDDEN=T|LOCATION.X=730|LOCATION.Y=500|NAME=PinUniqueId|TEXT=TLPXYNWJ|UNIQUEID=WBJGWINE|
RECORD= 2|LINENO= 380|OWNERPARTID=   2|OWNERINDEX= 234|%UTF8%SWAPIDPART=Â¦&Â¦1|DESIGNATOR=34|ELECTRICAL=4|FORMALTYPE=1|LOCATION.X=750|LOCATION.Y=500|NAME=34|PINCONGLOMERATE=48|PINLENGTH=10|SWAPIDPART=Ž&Ž1|SWAPIDPIN=1|
RECORD=41|LINENO= 381|OWNERPARTID=   0|OWNERINDEX= 380|FONTID=1|ISHIDDEN=T|LOCATION.X=750|LOCATION.Y=500|NAME=PinUniqueId|TEXT=ARIOEGOD|UNIQUEID=CAELCMPE|
RECORD= 2|LINENO= 382|OWNERPARTID=   2|OWNERINDEX= 234|%UTF8%SWAPIDPART=Â¦&Â¦1|DESIGNATOR=35|ELECTRICAL=4|FORMALTYPE=1|LOCATION.X=730|LOCATION.Y=490|NAME=35|PINCONGLOMERATE=50|PINLENGTH=10|SWAPIDPART=Ž&Ž1|SWAPIDPIN=1|
RECORD=41|LINENO= 383|OWNERPARTID=   0|OWNERINDEX= 382|FONTID=1|ISHIDDEN=T|LOCATION.X=730|LOCATION.Y=490|NAME=PinUniqueId|TEXT=HOBNDPNW|UNIQUEID=YIQSFEMH|
RECORD= 2|LINENO= 384|OWNERPARTID=   2|OWNERINDEX= 234|%UTF8%SWAPIDPART=Â¦&Â¦1|DESIGNATOR=36|ELECTRICAL=4|FORMALTYPE=1|LOCATION.X=750|LOCATION.Y=490|NAME=36|PINCONGLOMERATE=48|PINLENGTH=10|SWAPIDPART=Ž&Ž1|SWAPIDPIN=1|
RECORD=41|LINENO= 385|OWNERPARTID=   0|OWNERINDEX= 384|FONTID=1|ISHIDDEN=T|LOCATION.X=750|LOCATION.Y=490|NAME=PinUniqueId|TEXT=CVDKCOQR|UNIQUEID=FMNHWJMJ|
RECORD= 2|LINENO= 386|OWNERPARTID=   2|OWNERINDEX= 234|%UTF8%SWAPIDPART=Â¦&Â¦1|DESIGNATOR=37|ELECTRICAL=4|FORMALTYPE=1|LOCATION.X=730|LOCATION.Y=480|NAME=37|PINCONGLOMERATE=50|PINLENGTH=10|SWAPIDPART=Ž&Ž1|SWAPIDPIN=1|
RECORD=41|LINENO= 387|OWNERPARTID=   0|OWNERINDEX= 386|FONTID=1|ISHIDDEN=T|LOCATION.X=730|LOCATION.Y=480|NAME=PinUniqueId|TEXT=JVHOLSGR|UNIQUEID=BAUCGPUY|
RECORD= 2|LINENO= 388|OWNERPARTID=   2|OWNERINDEX= 234|%UTF8%SWAPIDPART=Â¦&Â¦1|DESIGNATOR=38|ELECTRICAL=4|FORMALTYPE=1|LOCATION.X=750|LOCATION.Y=480|NAME=38|PINCONGLOMERATE=48|PINLENGTH=10|SWAPIDPART=Ž&Ž1|SWAPIDPIN=1|
RECORD=41|LINENO= 389|OWNERPARTID=   0|OWNERINDEX= 388|FONTID=1|ISHIDDEN=T|LOCATION.X=750|LOCATION.Y=480|NAME=PinUniqueId|TEXT=GPACLOOT|UNIQUEID=QOIGSBPY|
RECORD=41|LINENO= 390|OWNERPARTID=   0|OWNERINDEX= 234|FONTID=1|ISHIDDEN=T|LOCATION.X=707|LOCATION.Y=451|NAME=Specific Function|TEXT=Morpho CN10|UNIQUEID=HTDHFLRG|
RECORD=34|LINENO= 391|OWNERPARTID=   0|OWNERINDEX= 234|FONTID=1|LOCATION.X=728|LOCATION.Y=666|NAME=Designator|TEXT=CN10|UNIQUEID=WKAXNXKU|
RECORD=41|LINENO= 392|OWNERPARTID=   0|OWNERINDEX= 234|FONTID=1|LOCATION.X=710|LOCATION.Y=680|NAME=Comment|TEXT=HEADER_2X19_M|UNIQUEID=JJDOPWTU|
RECORD=44|LINENO= 393|OWNERPARTID= -42|OWNERINDEX= 234|
RECORD=45|LINENO= 394|OWNERPARTID= -42|OWNERINDEX= 393|DATAFILECOUNT=1|DESCRIPTION=2x19x2.54 Header TH V Female|MODELDATAFILEENTITY0=Header F 2x19x2.54 TH V|MODELDATAFILEKIND0=PCBLib|MODELNAME=Header F 2x19x2.54 TH V|MODELTYPE=PCBLIB|UNIQUEID=SYYBRFDP|
RECORD=46|LINENO= 395|OWNERPARTID= -42|OWNERINDEX= 394|
RECORD=48|LINENO= 396|OWNERPARTID= -42|OWNERINDEX= 394|
RECORD=45|LINENO= 397|OWNERPARTID= -42|OWNERINDEX= 393|DATAFILECOUNT=1|DESCRIPTION=2x19x2.54 Header TH V MaleTop + MaleBottom (Morphos_Nucleo64)|ISCURRENT=T|MODELDATAFILEENTITY0=Header M 2x19x2.54 TH M_top + M_bottom|MODELDATAFILEKIND0=PCBLib|MODELNAME=Header M 2x19x2.54 TH M_top + M_bottom|MODELTYPE=PCBLIB|UNIQUEID=NEMCMHLO|
RECORD=46|LINENO= 398|OWNERPARTID= -42|OWNERINDEX= 397|
RECORD=48|LINENO= 399|OWNERPARTID= -42|OWNERINDEX= 397|
RECORD=43|LINENO= 400|OWNERPARTID=   0|OWNERINDEX= -42|LOCATION.X=430|LOCATION.Y=270|NAME=USB|
RECORD=41|LINENO= 401|OWNERPARTID=   0|OWNERINDEX= 400|FONTID=1|ISHIDDEN=T|LOCATION.X=430|LOCATION.Y=270|NAME=DifferentialPair|TEXT=True|UNIQUEID=PKQONWPS|
RECORD=41|LINENO= 402|OWNERPARTID=   0|OWNERINDEX= 400|FONTID=1|ISHIDDEN=T|LOCATION.X=430|LOCATION.Y=260|NAME=ClassName|TEXT=DIFF90|UNIQUEID=USECMPIQ|
RECORD=25|LINENO= 403|OWNERPARTID=   0|OWNERINDEX= -42|FONTID=6|LOCATION.X=390|LOCATION.Y=270|TEXT=USB_N|UNIQUEID=ASMAVVFQ|
RECORD=25|LINENO= 404|OWNERPARTID=   0|OWNERINDEX= -42|FONTID=6|LOCATION.X=390|LOCATION.Y=260|TEXT=USB_P|UNIQUEID=KFKTYYNO|
RECORD=43|LINENO= 405|OWNERPARTID=   0|OWNERINDEX= -42|LOCATION.X=430|LOCATION.Y=260|NAME=USB|
RECORD=41|LINENO= 406|OWNERPARTID=   0|OWNERINDEX= 405|FONTID=1|ISHIDDEN=T|LOCATION.X=430|LOCATION.Y=260|NAME=DifferentialPair|TEXT=True|UNIQUEID=ELMBMPKY|
RECORD=41|LINENO= 407|OWNERPARTID=   0|OWNERINDEX= 405|FONTID=1|ISHIDDEN=T|LOCATION.X=430|LOCATION.Y=250|NAME=ClassName|TEXT=DIFF90|UNIQUEID=HTHEHDOK|
RECORD= 1|LINENO= 408|OWNERPARTID=   0|OWNERINDEX= -42|ALLPINCOUNT=2|AREACOLOR=11599871|COMPONENTDESCRIPTION=Resistor|CURRENTPARTID=1|DESIGNITEMID=RES|DISPLAYMODECOUNT=1|LIBREFERENCE=RES|LOCATION.X=270|LOCATION.Y=220|ORIENTATION=1|PARTCOUNT=2|PARTIDLOCKED=F|SOURCELIBRARYNAME=Lib3D_Altium10_Schlib.SchLib|TARGETFILENAME=*|UNIQUEID=FVNTWXCN|
RECORD= 2|LINENO= 409|OWNERPARTID=   2|OWNERINDEX= 408|%UTF8%SWAPIDPART=Â¦&Â¦|DESIGNATOR=1|ELECTRICAL=4|FORMALTYPE=1|LOCATION.X=280|LOCATION.Y=220|NAME=1|PINCONGLOMERATE=35|PINLENGTH=10|SWAPIDPART=Ž&Ž|SWAPIDPIN=1|
RECORD=41|LINENO= 410|OWNERPARTID=   0|OWNERINDEX= 409|FONTID=1|ISHIDDEN=T|LOCATION.X=280|LOCATION.Y=220|NAME=PinUniqueId|TEXT=IFKXYHWR|UNIQUEID=TBDDBRKY|
RECORD= 2|LINENO= 411|OWNERPARTID=   2|OWNERINDEX= 408|%UTF8%SWAPIDPART=Â¦&Â¦|DESIGNATOR=2|ELECTRICAL=4|FORMALTYPE=1|LOCATION.X=280|LOCATION.Y=240|NAME=2|PINCONGLOMERATE=33|PINLENGTH=10|SWAPIDPART=Ž&Ž|SWAPIDPIN=2|
RECORD=41|LINENO= 412|OWNERPARTID=   0|OWNERINDEX= 411|FONTID=1|ISHIDDEN=T|LOCATION.X=280|LOCATION.Y=240|NAME=PinUniqueId|TEXT=EONXSDDG|UNIQUEID=WWXMPMSY|
RECORD=13|LINENO= 413|OWNERPARTID=   2|OWNERINDEX= 408|CORNER.X=285|CORNER.Y=240|LINEWIDTH=1|LOCATION.X=275|LOCATION.Y=240|
RECORD=13|LINENO= 414|OWNERPARTID=   2|OWNERINDEX= 408|CORNER.X=285|CORNER.Y=220|LINEWIDTH=1|LOCATION.X=275|LOCATION.Y=220|
RECORD=13|LINENO= 415|OWNERPARTID=   2|OWNERINDEX= 408|CORNER.X=285|CORNER.Y=240|LINEWIDTH=1|LOCATION.X=285|LOCATION.Y=220|
RECORD=13|LINENO= 416|OWNERPARTID=   2|OWNERINDEX= 408|CORNER.X=275|CORNER.Y=240|LINEWIDTH=1|LOCATION.X=275|LOCATION.Y=220|
RECORD=34|LINENO= 417|OWNERPARTID=   0|OWNERINDEX= 408|FONTID=1|LOCATION.X=286|LOCATION.Y=231|NAME=Designator|TEXT=R1|UNIQUEID=VPYLASEF|
RECORD=41|LINENO= 418|OWNERPARTID=   0|OWNERINDEX= 408|FONTID=1|LOCATION.X=286|LOCATION.Y=221|NAME=Comment|TEXT=100K|UNIQUEID=REJOFREK|
RECORD=44|LINENO= 419|OWNERPARTID= -42|OWNERINDEX= 408|
RECORD=45|LINENO= 420|OWNERPARTID= -42|OWNERINDEX= 419|DATAFILECOUNT=1|DESCRIPTION=Resistor Footprint 0603|MODELDATAFILEENTITY0=0603_RES|MODELDATAFILEKIND0=PCBLib|MODELNAME=0603_RES|MODELTYPE=PCBLIB|UNIQUEID=AWIUOQED|
RECORD=46|LINENO= 421|OWNERPARTID= -42|OWNERINDEX= 420|
RECORD=48|LINENO= 422|OWNERPARTID= -42|OWNERINDEX= 420|
RECORD=45|LINENO= 423|OWNERPARTID= -42|OWNERINDEX= 419|DATAFILECOUNT=1|DESCRIPTION=Resistor FootPrint 0402|ISCURRENT=T|MODELDATAFILEENTITY0=0402_RES|MODELDATAFILEKIND0=PCBLib|MODELNAME=0402_RES|MODELTYPE=PCBLIB|UNIQUEID=RIVKGQJO|
RECORD=46|LINENO= 424|OWNERPARTID= -42|OWNERINDEX= 423|
RECORD=48|LINENO= 425|OWNERPARTID= -42|OWNERINDEX= 423|
RECORD=17|LINENO= 426|OWNERPARTID=   0|OWNERINDEX= -42|FONTID=2|LOCATION.X=260|LOCATION.Y=210|ORIENTATION=3|SHOWNETNAME=T|STYLE=1|TEXT=GND|UNIQUEID=TIFJJHVX|
RECORD=17|LINENO= 427|OWNERPARTID=   0|OWNERINDEX= -42|FONTID=1|LOCATION.X=410|LOCATION.Y=570|SHOWNETNAME=T|STYLE=1|TEXT=GND|UNIQUEID=TPRKUGVC|
RECORD=17|LINENO= 428|OWNERPARTID=   0|OWNERINDEX= -42|FONTID=1|LOCATION.X=400|LOCATION.Y=550|SHOWNETNAME=T|STYLE=2|TEXT=VIN|UNIQUEID=ULNWMBEC|
RECORD=17|LINENO= 429|OWNERPARTID=   0|OWNERINDEX= -42|FONTID=1|LOCATION.X=410|LOCATION.Y=610|SHOWNETNAME=T|STYLE=2|TEXT=3V3|UNIQUEID=RTTHWUGJ|
RECORD=17|LINENO= 430|OWNERPARTID=   0|OWNERINDEX= -42|FONTID=1|LOCATION.X=410|LOCATION.Y=590|SHOWNETNAME=T|STYLE=2|TEXT=3V3|UNIQUEID=DEXOUQBD|
RECORD=17|LINENO= 431|OWNERPARTID=   0|OWNERINDEX= -42|FONTID=1|LOCATION.X=420|LOCATION.Y=580|SHOWNETNAME=T|STYLE=2|TEXT=5V|UNIQUEID=LIFIKEMT|
RECORD=17|LINENO= 432|OWNERPARTID=   0|OWNERINDEX= -42|FONTID=1|LOCATION.X=720|LOCATION.Y=630|ORIENTATION=2|SHOWNETNAME=T|STYLE=2|TEXT=AVDD|UNIQUEID=KVHJWWXI|
RECORD=17|LINENO= 433|OWNERPARTID=   0|OWNERINDEX= -42|FONTID=1|LOCATION.X=710|LOCATION.Y=620|ORIENTATION=2|SHOWNETNAME=T|STYLE=1|TEXT=GND|UNIQUEID=INLJQGTP|
RECORD=18|LINENO= 434|OWNERPARTID=   0|OWNERINDEX= -42|ALIGNMENT=1|AREACOLOR=8454143|FONTID=1|HEIGHT=10|LOCATION.X=470|LOCATION.Y=270|NAME=USB_N|TEXTCOLOR=128|UNIQUEID=WHHLQIJE|WIDTH=50|
RECORD=18|LINENO= 435|OWNERPARTID=   0|OWNERINDEX= -42|ALIGNMENT=1|AREACOLOR=8454143|FONTID=1|HEIGHT=10|LOCATION.X=470|LOCATION.Y=260|NAME=USB_P|TEXTCOLOR=128|UNIQUEID=UHWTTNVU|WIDTH=50|
RECORD= 4|LINENO= 436|OWNERPARTID=   0|OWNERINDEX= -42|FONTID=7|LOCATION.X=278|LOCATION.Y=385|TEXT=STM32WB55 USB Connector|
RECORD=18|LINENO= 437|OWNERPARTID=   0|OWNERINDEX= -42|ALIGNMENT=1|AREACOLOR=8454143|FONTID=1|HEIGHT=10|LOCATION.X=430|LOCATION.Y=600|NAME=NRST|TEXTCOLOR=128|UNIQUEID=NLCSQYRQ|WIDTH=50|
RECORD= 1|LINENO= 438|OWNERPARTID=   0|OWNERINDEX= -42|ALLPINCOUNT=6|AREACOLOR=11599871|COMPONENTDESCRIPTION=USB-MICRO-B, 1050170001, SMT, MOLEX|CURRENTPARTID=1|DESIGNITEMID=1050170001|DISPLAYMODECOUNT=1|LIBRARYPATH=*|LIBREFERENCE=1050170001|LOCATION.X=230|LOCATION.Y=290|PARTCOUNT=2|PARTIDLOCKED=F|SOURCELIBRARYNAME=Connector.SchLib|TARGETFILENAME=*|UNIQUEID=BYSVIUYW|
RECORD=41|LINENO= 439|OWNERPARTID=   0|OWNERINDEX= 438|FONTID=1|ISHIDDEN=T|LOCATION.X=150|LOCATION.Y=140|NAME=ECCN_US/EU|TEXT=n/a|UNIQUEID=JPXGGQIC|
RECORD=41|LINENO= 440|OWNERPARTID=   0|OWNERINDEX= 438|FONTID=1|ISHIDDEN=T|LOCATION.X=150|LOCATION.Y=140|NAME=Manuf_1|TEXT=MOLEX|UNIQUEID=LPYFHSFR|
RECORD=41|LINENO= 441|OWNERPARTID=   0|OWNERINDEX= 438|FONTID=1|ISHIDDEN=T|LOCATION.X=150|LOCATION.Y=140|NAME=Manuf_Part_1|TEXT=1050170001|UNIQUEID=JJGCVFOL|
RECORD=41|LINENO= 442|OWNERPARTID=   0|OWNERINDEX= 438|FONTID=1|ISHIDDEN=T|LOCATION.X=150|LOCATION.Y=140|NAME=Distrib|TEXT=DIGIKEY|UNIQUEID=UFSBMDSX|
RECORD=41|LINENO= 443|OWNERPARTID=   0|OWNERINDEX= 438|FONTID=1|ISHIDDEN=T|LOCATION.X=150|LOCATION.Y=140|NAME=Fitted|TEXT=YES|UNIQUEID=ITMUTURL|
RECORD=41|LINENO= 444|OWNERPARTID=   0|OWNERINDEX= 438|FONTID=1|ISHIDDEN=T|LOCATION.X=150|LOCATION.Y=140|NAME=Value|TEXT=1050170001|UNIQUEID=UWEEHOHG|
RECORD=41|LINENO= 445|OWNERPARTID=   0|OWNERINDEX= 438|FONTID=1|ISHIDDEN=T|LOCATION.X=150|LOCATION.Y=140|NAME=Ordered_By|TEXT=Subcon|UNIQUEID=GJMHIEDV|
RECORD=41|LINENO= 446|OWNERPARTID=   0|OWNERINDEX= 438|FONTID=1|ISHIDDEN=T|LOCATION.X=150|LOCATION.Y=140|NAME=Order_Code|TEXT=*|UNIQUEID=YVQYPSDN|
RECORD=14|LINENO= 447|OWNERPARTID=   2|OWNERINDEX= 438|AREACOLOR=11599871|CORNER.X=230|CORNER.Y=290|ISSOLID=T|LOCATION.X=170|LOCATION.Y=210|
RECORD= 2|LINENO= 448|OWNERPARTID=   2|OWNERINDEX= 438|DESIGNATOR=1|ELECTRICAL=4|FORMALTYPE=1|LOCATION.X=230|LOCATION.Y=280|NAME=VBUS|PINCONGLOMERATE=56|PINLENGTH=30|
RECORD=41|LINENO= 449|OWNERPARTID=   0|OWNERINDEX= 448|FONTID=1|ISHIDDEN=T|LOCATION.X=230|LOCATION.Y=280|NAME=PinUniqueId|TEXT=WVUOWNJQ|UNIQUEID=FFWEGUWV|
RECORD= 2|LINENO= 450|OWNERPARTID=   2|OWNERINDEX= 438|%UTF8%SWAPIDPART=Â¦&Â¦1|DESIGNATOR=2|ELECTRICAL=4|FORMALTYPE=1|LOCATION.X=230|LOCATION.Y=270|NAME=DM|PINCONGLOMERATE=56|PINLENGTH=30|SWAPIDPART=Ž&Ž1|
RECORD=41|LINENO= 451|OWNERPARTID=   0|OWNERINDEX= 450|FONTID=1|ISHIDDEN=T|LOCATION.X=230|LOCATION.Y=270|NAME=PinUniqueId|TEXT=AYXLRVOU|UNIQUEID=QGVCIPPD|
RECORD= 2|LINENO= 452|OWNERPARTID=   2|OWNERINDEX= 438|%UTF8%SWAPIDPART=Â¦&Â¦1|DESIGNATOR=3|ELECTRICAL=4|FORMALTYPE=1|LOCATION.X=230|LOCATION.Y=260|NAME=DP|PINCONGLOMERATE=56|PINLENGTH=30|SWAPIDPART=Ž&Ž1|
RECORD=41|LINENO= 453|OWNERPARTID=   0|OWNERINDEX= 452|FONTID=1|ISHIDDEN=T|LOCATION.X=230|LOCATION.Y=260|NAME=PinUniqueId|TEXT=LKMXAJDM|UNIQUEID=KPRBXBIR|
RECORD= 2|LINENO= 454|OWNERPARTID=   2|OWNERINDEX= 438|%UTF8%SWAPIDPART=Â¦&Â¦1|DESIGNATOR=4|ELECTRICAL=4|FORMALTYPE=1|LOCATION.X=230|LOCATION.Y=250|NAME=ID|PINCONGLOMERATE=56|PINLENGTH=30|SWAPIDPART=Ž&Ž1|
RECORD=41|LINENO= 455|OWNERPARTID=   0|OWNERINDEX= 454|FONTID=1|ISHIDDEN=T|LOCATION.X=230|LOCATION.Y=250|NAME=PinUniqueId|TEXT=VTGMJCJX|UNIQUEID=OVCAOUKO|
RECORD= 2|LINENO= 456|OWNERPARTID=   2|OWNERINDEX= 438|%UTF8%SWAPIDPART=Â¦&Â¦1|DESIGNATOR=5|ELECTRICAL=4|FORMALTYPE=1|LOCATION.X=230|LOCATION.Y=240|NAME=GND|PINCONGLOMERATE=56|PINLENGTH=30|SWAPIDPART=Ž&Ž1|
RECORD=41|LINENO= 457|OWNERPARTID=   0|OWNERINDEX= 456|FONTID=1|ISHIDDEN=T|LOCATION.X=230|LOCATION.Y=240|NAME=PinUniqueId|TEXT=BHEXJOHB|UNIQUEID=FXQYDSXA|
RECORD= 2|LINENO= 458|OWNERPARTID=   2|OWNERINDEX= 438|DESIGNATOR=6|ELECTRICAL=4|FORMALTYPE=1|LOCATION.X=230|LOCATION.Y=220|NAME=Shield|PINCONGLOMERATE=56|PINLENGTH=30|
RECORD=41|LINENO= 459|OWNERPARTID=   0|OWNERINDEX= 458|FONTID=1|ISHIDDEN=T|LOCATION.X=230|LOCATION.Y=220|NAME=PinUniqueId|TEXT=URKOTJMI|UNIQUEID=TUDFGJSC|
RECORD= 6|LINENO= 460|OWNERPARTID=   2|OWNERINDEX= 438|LINEWIDTH=1|LOCATIONCOUNT=6|X1=195|X2=195|X3=192|X4=191|X5=185|X6=185|Y1=258|Y2=248|Y3=246|Y4=246|Y5=252|Y6=258|
RECORD= 6|LINENO= 461|OWNERPARTID=   2|OWNERINDEX= 438|LINEWIDTH=1|LOCATIONCOUNT=6|X1=195|X2=195|X3=192|X4=191|X5=185|X6=185|Y1=258|Y2=268|Y3=270|Y4=270|Y5=264|Y6=258|
RECORD= 6|LINENO= 462|OWNERPARTID=   2|OWNERINDEX= 438|LINEWIDTH=1|LOCATIONCOUNT=2|X1=193|X2=191|Y1=265|Y2=265|
RECORD= 6|LINENO= 463|OWNERPARTID=   2|OWNERINDEX= 438|LINEWIDTH=1|LOCATIONCOUNT=4|X1=193|X2=193|X3=191|X4=191|Y1=265|Y2=251|Y3=251|Y4=265|
RECORD= 6|LINENO= 464|OWNERPARTID=   2|OWNERINDEX= 438|LOCATIONCOUNT=4|X1=191|X2=190|X3=190|X4=191|Y1=259|Y2=259|Y3=257|Y4=257|
RECORD= 6|LINENO= 465|OWNERPARTID=   2|OWNERINDEX= 438|LOCATIONCOUNT=7|X1=191|X2=190|X3=190|X4=191|X5=191|X6=190|X7=190|Y1=256|Y2=256|Y3=254|Y4=254|Y5=253|Y6=253|Y7=251|
RECORD= 6|LINENO= 466|OWNERPARTID=   2|OWNERINDEX= 438|LOCATIONCOUNT=2|X1=190|X2=191|Y1=251|Y2=251|
RECORD= 6|LINENO= 467|OWNERPARTID=   2|OWNERINDEX= 438|LOCATIONCOUNT=8|X1=191|X2=190|X3=190|X4=191|X5=191|X6=190|X7=190|X8=191|Y1=260|Y2=260|Y3=262|Y4=262|Y5=263|Y6=263|Y7=265|Y8=265|
RECORD= 4|LINENO= 468|OWNERPARTID=   2|OWNERINDEX= 438|FONTID=5|LOCATION.X=175|LOCATION.Y=270|ORIENTATION=3|TEXT=MicroB|
RECORD=34|LINENO= 469|OWNERPARTID=   0|OWNERINDEX= 438|FONTID=1|ISMIRRORED=T|LOCATION.X=170|LOCATION.Y=290|NAME=Designator|TEXT=CN1|UNIQUEID=TVFTHMMH|
RECORD=41|LINENO= 470|OWNERPARTID=   0|OWNERINDEX= 438|FONTID=1|ISMIRRORED=T|LOCATION.X=170|LOCATION.Y=200|NAME=Comment|TEXT==Value|UNIQUEID=CSGYKAHP|
RECORD=44|LINENO= 471|OWNERPARTID= -42|OWNERINDEX= 438|
RECORD=45|LINENO= 472|OWNERPARTID= -42|OWNERINDEX= 471|DATAFILECOUNT=1|ISCURRENT=T|MODELDATAFILEENTITY0=USBMICROB_MOLEX_105017-0001_H2P90|MODELDATAFILEKIND0=PCBLib|MODELNAME=USBMICROB_MOLEX_105017-0001_H2P90|MODELTYPE=PCBLIB|UNIQUEID=BATCSXNB|
RECORD=46|LINENO= 473|OWNERPARTID= -42|OWNERINDEX= 472|
RECORD=48|LINENO= 474|OWNERPARTID= -42|OWNERINDEX= 472|
RECORD=17|LINENO= 475|OWNERPARTID=   0|OWNERINDEX= -42|FONTID=2|LOCATION.X=280|LOCATION.Y=210|ORIENTATION=3|SHOWNETNAME=T|STYLE=1|TEXT=GND|UNIQUEID=GYVJPJEX|
RECORD=18|LINENO= 476|OWNERPARTID=   0|OWNERINDEX= -42|ALIGNMENT=1|AREACOLOR=8454143|FONTID=1|HEIGHT=10|LOCATION.X=260|LOCATION.Y=630|NAME=BOOT0|TEXTCOLOR=128|UNIQUEID=TGYJWXUS|WIDTH=60|
RECORD=17|LINENO= 477|OWNERPARTID=   0|OWNERINDEX= -42|FONTID=1|LOCATION.X=360|LOCATION.Y=500|ORIENTATION=2|SHOWNETNAME=T|STYLE=2|TEXT=VBAT|UNIQUEID=BWSKGNTH|
RECORD=17|LINENO= 478|OWNERPARTID=   0|OWNERINDEX= -42|FONTID=2|LOCATION.X=260|LOCATION.Y=290|ORIENTATION=1|SHOWNETNAME=T|STYLE=2|TEXT=5V_USB_MCU|UNIQUEID=QLGCDCQY|
RECORD=17|LINENO= 479|OWNERPARTID=   0|OWNERINDEX= -42|FONTID=1|LOCATION.X=770|LOCATION.Y=630|SHOWNETNAME=T|STYLE=2|TEXT=5V_USB_MCU|UNIQUEID=QRKGYDWV|
RECORD=17|LINENO= 480|OWNERPARTID=   0|OWNERINDEX= -42|FONTID=1|LOCATION.X=670|LOCATION.Y=310|ORIENTATION=2|SHOWNETNAME=T|STYLE=2|TEXT=3V3|UNIQUEID=GEFBLRLK|
RECORD=17|LINENO= 481|OWNERPARTID=   0|OWNERINDEX= -42|FONTID=1|LOCATION.X=660|LOCATION.Y=280|ORIENTATION=2|SHOWNETNAME=T|STYLE=2|TEXT=5V|UNIQUEID=DWLPNOXY|
RECORD=17|LINENO= 482|OWNERPARTID=   0|OWNERINDEX= -42|FONTID=1|LOCATION.X=670|LOCATION.Y=250|ORIENTATION=2|SHOWNETNAME=T|STYLE=2|TEXT=VIN|UNIQUEID=EBYNSGUC|
RECORD=17|LINENO= 483|OWNERPARTID=   0|OWNERINDEX= -42|FONTID=1|LOCATION.X=890|LOCATION.Y=330|SHOWNETNAME=T|STYLE=2|TEXT=AVDD|UNIQUEID=OCBQLSCD|
RECORD= 4|LINENO= 484|OWNERPARTID=   0|OWNERINDEX= -42|FONTID=7|LOCATION.X=720|LOCATION.Y=386|TEXT=Arduino Shield Connectors|
RECORD=17|LINENO= 485|OWNERPARTID=   0|OWNERINDEX= -42|FONTID=1|LOCATION.X=660|LOCATION.Y=270|ORIENTATION=2|SHOWNETNAME=T|STYLE=1|TEXT=GND|UNIQUEID=MNVLTIVC|
RECORD=17|LINENO= 486|OWNERPARTID=   0|OWNERINDEX= -42|FONTID=1|LOCATION.X=880|LOCATION.Y=320|SHOWNETNAME=T|STYLE=1|TEXT=GND|UNIQUEID=VEEIKJON|
RECORD= 1|LINENO= 487|OWNERPARTID=   0|OWNERINDEX= -42|ALLPINCOUNT=8|AREACOLOR=11599871|CURRENTPARTID=1|DESIGNITEMID=HEADER_1X8|DISPLAYMODECOUNT=1|ISMIRRORED=T|LIBREFERENCE=HEADER_1X8|LOCATION.X=660|LOCATION.Y=290|PARTCOUNT=2|PARTIDLOCKED=F|SOURCELIBRARYNAME=ST_Lib3D.SchLib|TARGETFILENAME=*|UNIQUEID=PVDYYNAY|
RECORD= 2|LINENO= 488|OWNERPARTID=   2|OWNERINDEX= 487|DESIGNATOR=1|ELECTRICAL=4|FORMALTYPE=1|LOCATION.X=690|LOCATION.Y=320|NAME=1|PINCONGLOMERATE=50|PINLENGTH=10|SWAPIDPIN=1|
RECORD=41|LINENO= 489|OWNERPARTID=   0|OWNERINDEX= 488|FONTID=1|ISHIDDEN=T|LOCATION.X=690|LOCATION.Y=320|NAME=PinUniqueId|TEXT=TNABOEWE|UNIQUEID=UBLMRTVX|
RECORD= 2|LINENO= 490|OWNERPARTID=   2|OWNERINDEX= 487|DESIGNATOR=2|ELECTRICAL=4|FORMALTYPE=1|LOCATION.X=690|LOCATION.Y=310|NAME=2|PINCONGLOMERATE=50|PINLENGTH=10|SWAPIDPIN=2|
RECORD=41|LINENO= 491|OWNERPARTID=   0|OWNERINDEX= 490|FONTID=1|ISHIDDEN=T|LOCATION.X=690|LOCATION.Y=310|NAME=PinUniqueId|TEXT=RGNJSCUY|UNIQUEID=TPHKLAXS|
RECORD= 2|LINENO= 492|OWNERPARTID=   2|OWNERINDEX= 487|DESIGNATOR=3|ELECTRICAL=4|FORMALTYPE=1|LOCATION.X=690|LOCATION.Y=300|NAME=3|PINCONGLOMERATE=50|PINLENGTH=10|SWAPIDPIN=3|
RECORD=41|LINENO= 493|OWNERPARTID=   0|OWNERINDEX= 492|FONTID=1|ISHIDDEN=T|LOCATION.X=690|LOCATION.Y=300|NAME=PinUniqueId|TEXT=QEUKQOHL|UNIQUEID=OLTMUEOU|
RECORD=12|LINENO= 494|OWNERPARTID=   2|OWNERINDEX= 487|ENDANGLE=360.000|LINEWIDTH=1|LOCATION.X=695|LOCATION.Y=310|RADIUS=3|
RECORD=12|LINENO= 495|OWNERPARTID=   2|OWNERINDEX= 487|ENDANGLE=360.000|LINEWIDTH=1|LOCATION.X=695|LOCATION.Y=300|RADIUS=3|
RECORD= 6|LINENO= 496|OWNERPARTID=   2|OWNERINDEX= 487|LINEWIDTH=1|LOCATIONCOUNT=4|X1=700|X2=690|X3=690|X4=700|Y1=325|Y2=325|Y3=245|Y4=245|
RECORD= 6|LINENO= 497|OWNERPARTID=   2|OWNERINDEX= 487|LINEWIDTH=1|LOCATIONCOUNT=2|X1=692|X2=690|Y1=320|Y2=320|
RECORD= 6|LINENO= 498|OWNERPARTID=   2|OWNERINDEX= 487|LINEWIDTH=1|LOCATIONCOUNT=2|X1=692|X2=690|Y1=310|Y2=310|
RECORD= 6|LINENO= 499|OWNERPARTID=   2|OWNERINDEX= 487|LINEWIDTH=1|LOCATIONCOUNT=2|X1=692|X2=689|Y1=300|Y2=300|
RECORD= 6|LINENO= 500|OWNERPARTID=   2|OWNERINDEX= 487|LINEWIDTH=1|LOCATIONCOUNT=2|X1=700|X2=700|Y1=325|Y2=245|
RECORD= 2|LINENO= 501|OWNERPARTID=   2|OWNERINDEX= 487|DESIGNATOR=4|ELECTRICAL=4|FORMALTYPE=1|LOCATION.X=690|LOCATION.Y=290|NAME=4|PINCONGLOMERATE=50|PINLENGTH=10|SWAPIDPIN=4|
RECORD=41|LINENO= 502|OWNERPARTID=   0|OWNERINDEX= 501|FONTID=1|ISHIDDEN=T|LOCATION.X=690|LOCATION.Y=290|NAME=PinUniqueId|TEXT=FMOGOYNM|UNIQUEID=YNTAXBFY|
RECORD=12|LINENO= 503|OWNERPARTID=   2|OWNERINDEX= 487|ENDANGLE=360.000|LINEWIDTH=1|LOCATION.X=695|LOCATION.Y=290|RADIUS=3|
RECORD= 6|LINENO= 504|OWNERPARTID=   2|OWNERINDEX= 487|LINEWIDTH=1|LOCATIONCOUNT=2|X1=692|X2=689|Y1=290|Y2=290|
RECORD= 2|LINENO= 505|OWNERPARTID=   2|OWNERINDEX= 487|DESIGNATOR=5|ELECTRICAL=4|FORMALTYPE=1|LOCATION.X=690|LOCATION.Y=280|NAME=5|PINCONGLOMERATE=50|PINLENGTH=10|SWAPIDPIN=5|
RECORD=41|LINENO= 506|OWNERPARTID=   0|OWNERINDEX= 505|FONTID=1|ISHIDDEN=T|LOCATION.X=690|LOCATION.Y=280|NAME=PinUniqueId|TEXT=AMOCHCIP|UNIQUEID=ROFATIBN|
RECORD=12|LINENO= 507|OWNERPARTID=   2|OWNERINDEX= 487|ENDANGLE=360.000|LINEWIDTH=1|LOCATION.X=695|LOCATION.Y=280|RADIUS=3|
RECORD= 6|LINENO= 508|OWNERPARTID=   2|OWNERINDEX= 487|LINEWIDTH=1|LOCATIONCOUNT=2|X1=692|X2=689|Y1=280|Y2=280|
RECORD= 2|LINENO= 509|OWNERPARTID=   2|OWNERINDEX= 487|DESIGNATOR=6|ELECTRICAL=4|FORMALTYPE=1|LOCATION.X=690|LOCATION.Y=270|NAME=6|PINCONGLOMERATE=50|PINLENGTH=10|SWAPIDPIN=6|
RECORD=41|LINENO= 510|OWNERPARTID=   0|OWNERINDEX= 509|FONTID=1|ISHIDDEN=T|LOCATION.X=690|LOCATION.Y=270|NAME=PinUniqueId|TEXT=JYXSNEPJ|UNIQUEID=LCYFAESR|
RECORD=12|LINENO= 511|OWNERPARTID=   2|OWNERINDEX= 487|ENDANGLE=360.000|LINEWIDTH=1|LOCATION.X=695|LOCATION.Y=270|RADIUS=3|
RECORD= 6|LINENO= 512|OWNERPARTID=   2|OWNERINDEX= 487|LINEWIDTH=1|LOCATIONCOUNT=2|X1=692|X2=689|Y1=270|Y2=270|
RECORD= 2|LINENO= 513|OWNERPARTID=   2|OWNERINDEX= 487|DESIGNATOR=7|ELECTRICAL=4|FORMALTYPE=1|LOCATION.X=690|LOCATION.Y=260|NAME=7|PINCONGLOMERATE=50|PINLENGTH=10|SWAPIDPIN=7|
RECORD=41|LINENO= 514|OWNERPARTID=   0|OWNERINDEX= 513|FONTID=1|ISHIDDEN=T|LOCATION.X=690|LOCATION.Y=260|NAME=PinUniqueId|TEXT=VPFAVYFX|UNIQUEID=TIRGRRVA|
RECORD=12|LINENO= 515|OWNERPARTID=   2|OWNERINDEX= 487|ENDANGLE=360.000|LINEWIDTH=1|LOCATION.X=695|LOCATION.Y=260|RADIUS=3|
RECORD= 6|LINENO= 516|OWNERPARTID=   2|OWNERINDEX= 487|LINEWIDTH=1|LOCATIONCOUNT=2|X1=692|X2=689|Y1=260|Y2=260|
RECORD=12|LINENO= 517|OWNERPARTID=   2|OWNERINDEX= 487|ENDANGLE=360.000|LINEWIDTH=1|LOCATION.X=695|LOCATION.Y=320|RADIUS=3|
RECORD= 6|LINENO= 518|OWNERPARTID=   2|OWNERINDEX= 487|LINEWIDTH=1|LOCATIONCOUNT=6|X1=695|X2=698|X3=698|X4=692|X5=692|X6=695|Y1=323|Y2=323|Y3=317|Y4=317|Y5=323|Y6=323|
RECORD= 2|LINENO= 519|OWNERPARTID=   2|OWNERINDEX= 487|DESIGNATOR=8|ELECTRICAL=4|FORMALTYPE=1|LOCATION.X=690|LOCATION.Y=250|NAME=8|PINCONGLOMERATE=50|PINLENGTH=10|SWAPIDPIN=8|
RECORD=41|LINENO= 520|OWNERPARTID=   0|OWNERINDEX= 519|FONTID=1|ISHIDDEN=T|LOCATION.X=690|LOCATION.Y=250|NAME=PinUniqueId|TEXT=NIMUBYWV|UNIQUEID=PLNTYQCU|
RECORD=12|LINENO= 521|OWNERPARTID=   2|OWNERINDEX= 487|ENDANGLE=360.000|LINEWIDTH=1|LOCATION.X=695|LOCATION.Y=250|RADIUS=3|
RECORD= 6|LINENO= 522|OWNERPARTID=   2|OWNERINDEX= 487|LINEWIDTH=1|LOCATIONCOUNT=2|X1=692|X2=689|Y1=250|Y2=250|
RECORD=41|LINENO= 523|OWNERPARTID=   0|OWNERINDEX= 487|FONTID=1|ISHIDDEN=T|LOCATION.X=630|LOCATION.X_FRAC=77866|LOCATION.Y=221|NAME=Specific Function|TEXT=Arduino Power|UNIQUEID=RFUXYEGM|
RECORD=34|LINENO= 524|OWNERPARTID=   0|OWNERINDEX= 487|FONTID=1|ISMIRRORED=T|LOCATION.X=688|LOCATION.Y=327|NAME=Designator|TEXT=CN6|UNIQUEID=HWPNRRVI|
RECORD=41|LINENO= 525|OWNERPARTID=   0|OWNERINDEX= 487|FONTID=1|ISMIRRORED=T|LOCATION.X=684|LOCATION.Y=233|NAME=Comment|TEXT=HEADER_1X8_F|UNIQUEID=ABDLBKFI|
RECORD=44|LINENO= 526|OWNERPARTID= -42|OWNERINDEX= 487|
RECORD=45|LINENO= 527|OWNERPARTID= -42|OWNERINDEX= 526|DATAFILECOUNT=1|DESCRIPTION=1x8x2.54 Header TH V Female|ISCURRENT=T|MODELDATAFILEENTITY0=Header F 1x8x2.54 TH V|MODELDATAFILEKIND0=PCBLib|MODELNAME=Header F 1x8x2.54 TH V|MODELTYPE=PCBLIB|UNIQUEID=BWTFGUWT|
RECORD=46|LINENO= 528|OWNERPARTID= -42|OWNERINDEX= 527|
RECORD=48|LINENO= 529|OWNERPARTID= -42|OWNERINDEX= 527|
RECORD=45|LINENO= 530|OWNERPARTID= -42|OWNERINDEX= 526|DATAFILECOUNT=1|DESCRIPTION=1x8x2.54 Header TH V Male|MODELDATAFILEENTITY0=Header M 1x8x2.54 TH V|MODELDATAFILEKIND0=PCBLib|MODELNAME=Header M 1x8x2.54 TH V|MODELTYPE=PCBLIB|UNIQUEID=OIYVFMKB|
RECORD=46|LINENO= 531|OWNERPARTID= -42|OWNERINDEX= 530|
RECORD=48|LINENO= 532|OWNERPARTID= -42|OWNERINDEX= 530|
RECORD=45|LINENO= 533|OWNERPARTID= -42|OWNERINDEX= 526|DATAFILECOUNT=1|DESCRIPTION=1x8x1.27 Male or Female Not Fitted only Footprint|MODELDATAFILEENTITY0=Header M/F 1x8x1.27 NF|MODELDATAFILEKIND0=PCBLib|MODELNAME=Header M/F 1x8x1.27 NF|MODELTYPE=PCBLIB|UNIQUEID=MUWFBUWX|
RECORD=46|LINENO= 534|OWNERPARTID= -42|OWNERINDEX= 533|
RECORD=48|LINENO= 535|OWNERPARTID= -42|OWNERINDEX= 533|
RECORD=45|LINENO= 536|OWNERPARTID= -42|OWNERINDEX= 526|DATAFILECOUNT=1|DESCRIPTION=1x8x1.27 Male TH Vertical  (Samtec TMS-107-01-L-S)|MODELDATAFILEENTITY0=Header M 1x8x1.27 TH V|MODELDATAFILEKIND0=PCBLib|MODELNAME=Header M 1x8x1.27 TH V|MODELTYPE=PCBLIB|UNIQUEID=YXRYXXBF|
RECORD=46|LINENO= 537|OWNERPARTID= -42|OWNERINDEX= 536|
RECORD=48|LINENO= 538|OWNERPARTID= -42|OWNERINDEX= 536|
RECORD= 1|LINENO= 539|OWNERPARTID=   0|OWNERINDEX= -42|ALLPINCOUNT=8|AREACOLOR=11599871|CURRENTPARTID=1|DESIGNITEMID=HEADER_1X8|DISPLAYMODECOUNT=1|ISMIRRORED=T|LIBREFERENCE=HEADER_1X8|LOCATION.X=880|LOCATION.Y=180|ORIENTATION=2|PARTCOUNT=2|PARTIDLOCKED=F|SOURCELIBRARYNAME=ST_Lib3D.SchLib|TARGETFILENAME=*|UNIQUEID=XUDDTKJD|
RECORD= 2|LINENO= 540|OWNERPARTID=   2|OWNERINDEX= 539|DESIGNATOR=1|ELECTRICAL=4|FORMALTYPE=1|LOCATION.X=850|LOCATION.Y=150|NAME=1|PINCONGLOMERATE=48|PINLENGTH=10|SWAPIDPIN=1|
RECORD=41|LINENO= 541|OWNERPARTID=   0|OWNERINDEX= 540|FONTID=1|ISHIDDEN=T|LOCATION.X=850|LOCATION.Y=150|NAME=PinUniqueId|TEXT=XQTGPVMM|UNIQUEID=RNMODALO|
RECORD= 2|LINENO= 542|OWNERPARTID=   2|OWNERINDEX= 539|DESIGNATOR=2|ELECTRICAL=4|FORMALTYPE=1|LOCATION.X=850|LOCATION.Y=160|NAME=2|PINCONGLOMERATE=48|PINLENGTH=10|SWAPIDPIN=2|
RECORD=41|LINENO= 543|OWNERPARTID=   0|OWNERINDEX= 542|FONTID=1|ISHIDDEN=T|LOCATION.X=850|LOCATION.Y=160|NAME=PinUniqueId|TEXT=NBITBIOL|UNIQUEID=VWSABVEO|
RECORD= 2|LINENO= 544|OWNERPARTID=   2|OWNERINDEX= 539|DESIGNATOR=3|ELECTRICAL=4|FORMALTYPE=1|LOCATION.X=850|LOCATION.Y=170|NAME=3|PINCONGLOMERATE=48|PINLENGTH=10|SWAPIDPIN=3|
RECORD=41|LINENO= 545|OWNERPARTID=   0|OWNERINDEX= 544|FONTID=1|ISHIDDEN=T|LOCATION.X=850|LOCATION.Y=170|NAME=PinUniqueId|TEXT=GOQIYXMK|UNIQUEID=CGOHUWIN|
RECORD=12|LINENO= 546|OWNERPARTID=   2|OWNERINDEX= 539|ENDANGLE=360.000|LINEWIDTH=1|LOCATION.X=845|LOCATION.Y=160|RADIUS=3|
RECORD=12|LINENO= 547|OWNERPARTID=   2|OWNERINDEX= 539|ENDANGLE=360.000|LINEWIDTH=1|LOCATION.X=845|LOCATION.Y=170|RADIUS=3|
RECORD= 6|LINENO= 548|OWNERPARTID=   2|OWNERINDEX= 539|LINEWIDTH=1|LOCATIONCOUNT=4|X1=840|X2=850|X3=850|X4=840|Y1=145|Y2=145|Y3=225|Y4=225|
RECORD= 6|LINENO= 549|OWNERPARTID=   2|OWNERINDEX= 539|LINEWIDTH=1|LOCATIONCOUNT=2|X1=848|X2=850|Y1=150|Y2=150|
RECORD= 6|LINENO= 550|OWNERPARTID=   2|OWNERINDEX= 539|LINEWIDTH=1|LOCATIONCOUNT=2|X1=848|X2=850|Y1=160|Y2=160|
RECORD= 6|LINENO= 551|OWNERPARTID=   2|OWNERINDEX= 539|LINEWIDTH=1|LOCATIONCOUNT=2|X1=848|X2=851|Y1=170|Y2=170|
RECORD= 6|LINENO= 552|OWNERPARTID=   2|OWNERINDEX= 539|LINEWIDTH=1|LOCATIONCOUNT=2|X1=840|X2=840|Y1=145|Y2=225|
RECORD= 2|LINENO= 553|OWNERPARTID=   2|OWNERINDEX= 539|DESIGNATOR=4|ELECTRICAL=4|FORMALTYPE=1|LOCATION.X=850|LOCATION.Y=180|NAME=4|PINCONGLOMERATE=48|PINLENGTH=10|SWAPIDPIN=4|
RECORD=41|LINENO= 554|OWNERPARTID=   0|OWNERINDEX= 553|FONTID=1|ISHIDDEN=T|LOCATION.X=850|LOCATION.Y=180|NAME=PinUniqueId|TEXT=YBPNUAUQ|UNIQUEID=IELUWQMG|
RECORD=12|LINENO= 555|OWNERPARTID=   2|OWNERINDEX= 539|ENDANGLE=360.000|LINEWIDTH=1|LOCATION.X=845|LOCATION.Y=180|RADIUS=3|
RECORD= 6|LINENO= 556|OWNERPARTID=   2|OWNERINDEX= 539|LINEWIDTH=1|LOCATIONCOUNT=2|X1=848|X2=851|Y1=180|Y2=180|
RECORD= 2|LINENO= 557|OWNERPARTID=   2|OWNERINDEX= 539|DESIGNATOR=5|ELECTRICAL=4|FORMALTYPE=1|LOCATION.X=850|LOCATION.Y=190|NAME=5|PINCONGLOMERATE=48|PINLENGTH=10|SWAPIDPIN=5|
RECORD=41|LINENO= 558|OWNERPARTID=   0|OWNERINDEX= 557|FONTID=1|ISHIDDEN=T|LOCATION.X=850|LOCATION.Y=190|NAME=PinUniqueId|TEXT=UPEGBDJQ|UNIQUEID=FIOTICCJ|
RECORD=12|LINENO= 559|OWNERPARTID=   2|OWNERINDEX= 539|ENDANGLE=360.000|LINEWIDTH=1|LOCATION.X=845|LOCATION.Y=190|RADIUS=3|
RECORD= 6|LINENO= 560|OWNERPARTID=   2|OWNERINDEX= 539|LINEWIDTH=1|LOCATIONCOUNT=2|X1=848|X2=851|Y1=190|Y2=190|
RECORD= 2|LINENO= 561|OWNERPARTID=   2|OWNERINDEX= 539|DESIGNATOR=6|ELECTRICAL=4|FORMALTYPE=1|LOCATION.X=850|LOCATION.Y=200|NAME=6|PINCONGLOMERATE=48|PINLENGTH=10|SWAPIDPIN=6|
RECORD=41|LINENO= 562|OWNERPARTID=   0|OWNERINDEX= 561|FONTID=1|ISHIDDEN=T|LOCATION.X=850|LOCATION.Y=200|NAME=PinUniqueId|TEXT=BBNFXFLS|UNIQUEID=NDLLLWLE|
RECORD=12|LINENO= 563|OWNERPARTID=   2|OWNERINDEX= 539|ENDANGLE=360.000|LINEWIDTH=1|LOCATION.X=845|LOCATION.Y=200|RADIUS=3|
RECORD= 6|LINENO= 564|OWNERPARTID=   2|OWNERINDEX= 539|LINEWIDTH=1|LOCATIONCOUNT=2|X1=848|X2=851|Y1=200|Y2=200|
RECORD= 2|LINENO= 565|OWNERPARTID=   2|OWNERINDEX= 539|DESIGNATOR=7|ELECTRICAL=4|FORMALTYPE=1|LOCATION.X=850|LOCATION.Y=210|NAME=7|PINCONGLOMERATE=48|PINLENGTH=10|SWAPIDPIN=7|
RECORD=41|LINENO= 566|OWNERPARTID=   0|OWNERINDEX= 565|FONTID=1|ISHIDDEN=T|LOCATION.X=850|LOCATION.Y=210|NAME=PinUniqueId|TEXT=XFRLNMMI|UNIQUEID=NXFEUEWO|
RECORD=12|LINENO= 567|OWNERPARTID=   2|OWNERINDEX= 539|ENDANGLE=360.000|LINEWIDTH=1|LOCATION.X=845|LOCATION.Y=210|RADIUS=3|
RECORD= 6|LINENO= 568|OWNERPARTID=   2|OWNERINDEX= 539|LINEWIDTH=1|LOCATIONCOUNT=2|X1=848|X2=851|Y1=210|Y2=210|
RECORD=12|LINENO= 569|OWNERPARTID=   2|OWNERINDEX= 539|ENDANGLE=360.000|LINEWIDTH=1|LOCATION.X=845|LOCATION.Y=150|RADIUS=3|
RECORD= 6|LINENO= 570|OWNERPARTID=   2|OWNERINDEX= 539|LINEWIDTH=1|LOCATIONCOUNT=6|X1=845|X2=842|X3=842|X4=848|X5=848|X6=845|Y1=147|Y2=147|Y3=153|Y4=153|Y5=147|Y6=147|
RECORD= 2|LINENO= 571|OWNERPARTID=   2|OWNERINDEX= 539|DESIGNATOR=8|ELECTRICAL=4|FORMALTYPE=1|LOCATION.X=850|LOCATION.Y=220|NAME=8|PINCONGLOMERATE=48|PINLENGTH=10|SWAPIDPIN=8|
RECORD=41|LINENO= 572|OWNERPARTID=   0|OWNERINDEX= 571|FONTID=1|ISHIDDEN=T|LOCATION.X=850|LOCATION.Y=220|NAME=PinUniqueId|TEXT=VCJUDULX|UNIQUEID=CXQOMVKS|
RECORD=12|LINENO= 573|OWNERPARTID=   2|OWNERINDEX= 539|ENDANGLE=360.000|LINEWIDTH=1|LOCATION.X=845|LOCATION.Y=220|RADIUS=3|
RECORD= 6|LINENO= 574|OWNERPARTID=   2|OWNERINDEX= 539|LINEWIDTH=1|LOCATIONCOUNT=2|X1=848|X2=851|Y1=220|Y2=220|
RECORD=41|LINENO= 575|OWNERPARTID=   0|OWNERINDEX= 539|FONTID=1|ISHIDDEN=T|LOCATION.X=835|LOCATION.Y=117|NAME=Specific Function|TEXT=Arduino Digital 1|UNIQUEID=LTNTBVNX|
RECORD=34|LINENO= 576|OWNERPARTID=   0|OWNERINDEX= 539|FONTID=1|ISMIRRORED=T|LOCATION.X=835|LOCATION.Y=225|NAME=Designator|TEXT=CN9|UNIQUEID=HLYRTDOL|
RECORD=41|LINENO= 577|OWNERPARTID=   0|OWNERINDEX= 539|FONTID=1|ISMIRRORED=T|LOCATION.X=835|LOCATION.Y=135|NAME=Comment|TEXT=HEADER_1X8_F|UNIQUEID=JXILTSYS|
RECORD=44|LINENO= 578|OWNERPARTID= -42|OWNERINDEX= 539|
RECORD=45|LINENO= 579|OWNERPARTID= -42|OWNERINDEX= 578|DATAFILECOUNT=1|DESCRIPTION=1x8x2.54 Header TH V Female|ISCURRENT=T|MODELDATAFILEENTITY0=Header F 1x8x2.54 TH V|MODELDATAFILEKIND0=PCBLib|MODELNAME=Header F 1x8x2.54 TH V|MODELTYPE=PCBLIB|UNIQUEID=UQFTYSHK|
RECORD=46|LINENO= 580|OWNERPARTID= -42|OWNERINDEX= 579|
RECORD=48|LINENO= 581|OWNERPARTID= -42|OWNERINDEX= 579|
RECORD=45|LINENO= 582|OWNERPARTID= -42|OWNERINDEX= 578|DATAFILECOUNT=1|DESCRIPTION=1x8x2.54 Header TH V Male|MODELDATAFILEENTITY0=Header M 1x8x2.54 TH V|MODELDATAFILEKIND0=PCBLib|MODELNAME=Header M 1x8x2.54 TH V|MODELTYPE=PCBLIB|UNIQUEID=PXCWEUCB|
RECORD=46|LINENO= 583|OWNERPARTID= -42|OWNERINDEX= 582|
RECORD=48|LINENO= 584|OWNERPARTID= -42|OWNERINDEX= 582|
RECORD=45|LINENO= 585|OWNERPARTID= -42|OWNERINDEX= 578|DATAFILECOUNT=1|DESCRIPTION=1x8x1.27 Male or Female Not Fitted only Footprint|MODELDATAFILEENTITY0=Header M/F 1x8x1.27 NF|MODELDATAFILEKIND0=PCBLib|MODELNAME=Header M/F 1x8x1.27 NF|MODELTYPE=PCBLIB|UNIQUEID=NWEWBBVC|
RECORD=46|LINENO= 586|OWNERPARTID= -42|OWNERINDEX= 585|
RECORD=48|LINENO= 587|OWNERPARTID= -42|OWNERINDEX= 585|
RECORD=45|LINENO= 588|OWNERPARTID= -42|OWNERINDEX= 578|DATAFILECOUNT=1|DESCRIPTION=1x8x1.27 Male TH Vertical  (Samtec TMS-107-01-L-S)|MODELDATAFILEENTITY0=Header M 1x8x1.27 TH V|MODELDATAFILEKIND0=PCBLib|MODELNAME=Header M 1x8x1.27 TH V|MODELTYPE=PCBLIB|UNIQUEID=GWTCXEPW|
RECORD=46|LINENO= 589|OWNERPARTID= -42|OWNERINDEX= 588|
RECORD=48|LINENO= 590|OWNERPARTID= -42|OWNERINDEX= 588|
RECORD= 1|LINENO= 591|OWNERPARTID=   0|OWNERINDEX= -42|ALLPINCOUNT=6|AREACOLOR=11599871|CURRENTPARTID=1|DESIGNITEMID=HEADER_1X6|DISPLAYMODECOUNT=1|ISMIRRORED=T|LIBREFERENCE=HEADER_1X6|LOCATION.X=670|LOCATION.Y=180|PARTCOUNT=2|PARTIDLOCKED=F|SOURCELIBRARYNAME=Connector.SchLib|TARGETFILENAME=*|UNIQUEID=OLVVPCWO|
RECORD= 2|LINENO= 592|OWNERPARTID=   2|OWNERINDEX= 591|DESIGNATOR=1|ELECTRICAL=4|FORMALTYPE=1|LOCATION.X=690|LOCATION.Y=210|NAME=1|PINCONGLOMERATE=50|PINLENGTH=10|SWAPIDPIN=1|
RECORD=41|LINENO= 593|OWNERPARTID=   0|OWNERINDEX= 592|FONTID=1|ISHIDDEN=T|LOCATION.X=690|LOCATION.Y=210|NAME=PinUniqueId|TEXT=VEPNDFPS|UNIQUEID=MQIPOQKN|
RECORD= 2|LINENO= 594|OWNERPARTID=   2|OWNERINDEX= 591|DESIGNATOR=2|ELECTRICAL=4|FORMALTYPE=1|LOCATION.X=690|LOCATION.Y=200|NAME=2|PINCONGLOMERATE=50|PINLENGTH=10|SWAPIDPIN=2|
RECORD=41|LINENO= 595|OWNERPARTID=   0|OWNERINDEX= 594|FONTID=1|ISHIDDEN=T|LOCATION.X=690|LOCATION.Y=200|NAME=PinUniqueId|TEXT=YDHSJQOX|UNIQUEID=JREDGOXE|
RECORD= 2|LINENO= 596|OWNERPARTID=   2|OWNERINDEX= 591|DESIGNATOR=3|ELECTRICAL=4|FORMALTYPE=1|LOCATION.X=690|LOCATION.Y=190|NAME=3|PINCONGLOMERATE=50|PINLENGTH=10|SWAPIDPIN=3|
RECORD=41|LINENO= 597|OWNERPARTID=   0|OWNERINDEX= 596|FONTID=1|ISHIDDEN=T|LOCATION.X=690|LOCATION.Y=190|NAME=PinUniqueId|TEXT=IIIQIUTQ|UNIQUEID=CIEXWUBP|
RECORD=12|LINENO= 598|OWNERPARTID=   2|OWNERINDEX= 591|ENDANGLE=360.000|LINEWIDTH=1|LOCATION.X=695|LOCATION.Y=200|RADIUS=3|
RECORD=12|LINENO= 599|OWNERPARTID=   2|OWNERINDEX= 591|ENDANGLE=360.000|LINEWIDTH=1|LOCATION.X=695|LOCATION.Y=190|RADIUS=3|
RECORD= 6|LINENO= 600|OWNERPARTID=   2|OWNERINDEX= 591|LINEWIDTH=1|LOCATIONCOUNT=4|X1=700|X2=690|X3=690|X4=700|Y1=215|Y2=215|Y3=155|Y4=155|
RECORD= 6|LINENO= 601|OWNERPARTID=   2|OWNERINDEX= 591|LINEWIDTH=1|LOCATIONCOUNT=2|X1=692|X2=690|Y1=200|Y2=200|
RECORD= 6|LINENO= 602|OWNERPARTID=   2|OWNERINDEX= 591|LINEWIDTH=1|LOCATIONCOUNT=2|X1=692|X2=689|Y1=190|Y2=190|
RECORD= 6|LINENO= 603|OWNERPARTID=   2|OWNERINDEX= 591|LINEWIDTH=1|LOCATIONCOUNT=2|X1=700|X2=700|Y1=215|Y2=155|
RECORD= 2|LINENO= 604|OWNERPARTID=   2|OWNERINDEX= 591|DESIGNATOR=4|ELECTRICAL=4|FORMALTYPE=1|LOCATION.X=690|LOCATION.Y=180|NAME=4|PINCONGLOMERATE=50|PINLENGTH=10|SWAPIDPIN=4|
RECORD=41|LINENO= 605|OWNERPARTID=   0|OWNERINDEX= 604|FONTID=1|ISHIDDEN=T|LOCATION.X=690|LOCATION.Y=180|NAME=PinUniqueId|TEXT=YTKELMSQ|UNIQUEID=FRPJLLVP|
RECORD=12|LINENO= 606|OWNERPARTID=   2|OWNERINDEX= 591|ENDANGLE=360.000|LINEWIDTH=1|LOCATION.X=695|LOCATION.Y=180|RADIUS=3|
RECORD= 6|LINENO= 607|OWNERPARTID=   2|OWNERINDEX= 591|LINEWIDTH=1|LOCATIONCOUNT=2|X1=692|X2=689|Y1=180|Y2=180|
RECORD= 2|LINENO= 608|OWNERPARTID=   2|OWNERINDEX= 591|DESIGNATOR=5|ELECTRICAL=4|FORMALTYPE=1|LOCATION.X=690|LOCATION.Y=170|NAME=5|PINCONGLOMERATE=50|PINLENGTH=10|SWAPIDPIN=5|
RECORD=41|LINENO= 609|OWNERPARTID=   0|OWNERINDEX= 608|FONTID=1|ISHIDDEN=T|LOCATION.X=690|LOCATION.Y=170|NAME=PinUniqueId|TEXT=EUBCQTMN|UNIQUEID=QGLRNSGY|
RECORD=12|LINENO= 610|OWNERPARTID=   2|OWNERINDEX= 591|ENDANGLE=360.000|LINEWIDTH=1|LOCATION.X=695|LOCATION.Y=170|RADIUS=3|
RECORD= 6|LINENO= 611|OWNERPARTID=   2|OWNERINDEX= 591|LINEWIDTH=1|LOCATIONCOUNT=2|X1=692|X2=689|Y1=170|Y2=170|
RECORD= 2|LINENO= 612|OWNERPARTID=   2|OWNERINDEX= 591|DESIGNATOR=6|ELECTRICAL=4|FORMALTYPE=1|LOCATION.X=690|LOCATION.Y=160|NAME=6|PINCONGLOMERATE=50|PINLENGTH=10|SWAPIDPIN=6|
RECORD=41|LINENO= 613|OWNERPARTID=   0|OWNERINDEX= 612|FONTID=1|ISHIDDEN=T|LOCATION.X=690|LOCATION.Y=160|NAME=PinUniqueId|TEXT=RTJMBRNB|UNIQUEID=PBERMORX|
RECORD=12|LINENO= 614|OWNERPARTID=   2|OWNERINDEX= 591|ENDANGLE=360.000|LINEWIDTH=1|LOCATION.X=695|LOCATION.Y=160|RADIUS=3|
RECORD= 6|LINENO= 615|OWNERPARTID=   2|OWNERINDEX= 591|LINEWIDTH=1|LOCATIONCOUNT=2|X1=692|X2=689|Y1=160|Y2=160|
RECORD= 6|LINENO= 616|OWNERPARTID=   2|OWNERINDEX= 591|LINEWIDTH=1|LOCATIONCOUNT=2|X1=692|X2=690|Y1=210|Y2=210|
RECORD=12|LINENO= 617|OWNERPARTID=   2|OWNERINDEX= 591|ENDANGLE=360.000|LINEWIDTH=1|LOCATION.X=695|LOCATION.Y=210|RADIUS=3|
RECORD= 6|LINENO= 618|OWNERPARTID=   2|OWNERINDEX= 591|LINEWIDTH=1|LOCATIONCOUNT=6|X1=695|X2=698|X3=698|X4=692|X5=692|X6=695|Y1=213|Y2=213|Y3=207|Y4=207|Y5=213|Y6=213|
RECORD=34|LINENO= 619|OWNERPARTID=   0|OWNERINDEX= 591|FONTID=1|ISMIRRORED=T|LOCATION.X=688|LOCATION.Y=216|NAME=Designator|TEXT=CN8|UNIQUEID=CIDDMRRD|
RECORD=41|LINENO= 620|OWNERPARTID=   0|OWNERINDEX= 591|FONTID=1|ISMIRRORED=T|LOCATION.X=688|LOCATION.Y=144|NAME=Comment|TEXT=HEADER_1X6|UNIQUEID=IPJFJYND|
RECORD=44|LINENO= 621|OWNERPARTID= -42|OWNERINDEX= 591|
RECORD=45|LINENO= 622|OWNERPARTID= -42|OWNERINDEX= 621|DATAFILECOUNT=1|DESCRIPTION=1x6x2.54 Header TH V Female|ISCURRENT=T|MODELDATAFILEENTITY0=Header F 1x6x2.54 TH V|MODELDATAFILEKIND0=PCBLib|MODELNAME=Header F 1x6x2.54 TH V|MODELTYPE=PCBLIB|UNIQUEID=LKGWRKWP|
RECORD=46|LINENO= 623|OWNERPARTID= -42|OWNERINDEX= 622|
RECORD=48|LINENO= 624|OWNERPARTID= -42|OWNERINDEX= 622|
RECORD=45|LINENO= 625|OWNERPARTID= -42|OWNERINDEX= 621|DATAFILECOUNT=1|DESCRIPTION=1x6x2.54 Header TH V Male|MODELDATAFILEENTITY0=Header M 1x6x2.54 TH V|MODELDATAFILEKIND0=PCBLib|MODELNAME=Header M 1x6x2.54 TH V|MODELTYPE=PCBLIB|UNIQUEID=YXEFOLAG|
RECORD=46|LINENO= 626|OWNERPARTID= -42|OWNERINDEX= 625|
RECORD=48|LINENO= 627|OWNERPARTID= -42|OWNERINDEX= 625|
RECORD=45|LINENO= 628|OWNERPARTID= -42|OWNERINDEX= 621|DATAFILECOUNT=1|DESCRIPTION=1x6x2.54 Header TH Not Fitted|MODELDATAFILEENTITY0=Header NF 1x6x2.54 TH|MODELDATAFILEKIND0=PCBLib|MODELNAME=Header NF 1x6x2.54 TH|MODELTYPE=PCBLIB|UNIQUEID=DILNLMGR|
RECORD=46|LINENO= 629|OWNERPARTID= -42|OWNERINDEX= 628|
RECORD=48|LINENO= 630|OWNERPARTID= -42|OWNERINDEX= 628|
RECORD=45|LINENO= 631|OWNERPARTID= -42|OWNERINDEX= 621|DATAFILECOUNT=1|DESCRIPTION=1x6x2.54 Header TH Male Coude|MODELDATAFILEENTITY0=Header M 1x6x2.54 TH C|MODELDATAFILEKIND0=PCBLib|MODELNAME=Header M 1x6x2.54 TH C|MODELTYPE=PCBLIB|UNIQUEID=VUJUWFQD|
RECORD=46|LINENO= 632|OWNERPARTID= -42|OWNERINDEX= 631|
RECORD=48|LINENO= 633|OWNERPARTID= -42|OWNERINDEX= 631|
RECORD= 1|LINENO= 634|OWNERPARTID=   0|OWNERINDEX= -42|ALLPINCOUNT=10|AREACOLOR=11599871|CURRENTPARTID=1|DESIGNITEMID=HEADER_1X10|DISPLAYMODECOUNT=1|ISMIRRORED=T|LIBREFERENCE=HEADER_1X10|LOCATION.X=880|LOCATION.Y=290|ORIENTATION=2|PARTCOUNT=2|PARTIDLOCKED=F|SOURCELIBRARYNAME=Connector.SchLib|TARGETFILENAME=*|UNIQUEID=GOJKBSUY|
RECORD= 2|LINENO= 635|OWNERPARTID=   2|OWNERINDEX= 634|DESIGNATOR=1|ELECTRICAL=4|FORMALTYPE=1|LOCATION.X=850|LOCATION.Y=260|NAME=1|PINCONGLOMERATE=48|PINLENGTH=10|SWAPIDPIN=1|
RECORD=41|LINENO= 636|OWNERPARTID=   0|OWNERINDEX= 635|FONTID=1|ISHIDDEN=T|LOCATION.X=850|LOCATION.Y=260|NAME=PinUniqueId|TEXT=AIHYSBBB|UNIQUEID=LOQDSBPL|
RECORD= 2|LINENO= 637|OWNERPARTID=   2|OWNERINDEX= 634|DESIGNATOR=2|ELECTRICAL=4|FORMALTYPE=1|LOCATION.X=850|LOCATION.Y=270|NAME=2|PINCONGLOMERATE=48|PINLENGTH=10|SWAPIDPIN=2|
RECORD=41|LINENO= 638|OWNERPARTID=   0|OWNERINDEX= 637|FONTID=1|ISHIDDEN=T|LOCATION.X=850|LOCATION.Y=270|NAME=PinUniqueId|TEXT=HWBYSANQ|UNIQUEID=IYWQPDRT|
RECORD= 2|LINENO= 639|OWNERPARTID=   2|OWNERINDEX= 634|DESIGNATOR=3|ELECTRICAL=4|FORMALTYPE=1|LOCATION.X=850|LOCATION.Y=280|NAME=3|PINCONGLOMERATE=48|PINLENGTH=10|SWAPIDPIN=3|
RECORD=41|LINENO= 640|OWNERPARTID=   0|OWNERINDEX= 639|FONTID=1|ISHIDDEN=T|LOCATION.X=850|LOCATION.Y=280|NAME=PinUniqueId|TEXT=UTDFADFT|UNIQUEID=NXGCOEAS|
RECORD=12|LINENO= 641|OWNERPARTID=   2|OWNERINDEX= 634|ENDANGLE=360.000|LINEWIDTH=1|LOCATION.X=845|LOCATION.Y=270|RADIUS=3|
RECORD=12|LINENO= 642|OWNERPARTID=   2|OWNERINDEX= 634|ENDANGLE=360.000|LINEWIDTH=1|LOCATION.X=845|LOCATION.Y=280|RADIUS=3|
RECORD= 6|LINENO= 643|OWNERPARTID=   2|OWNERINDEX= 634|LINEWIDTH=1|LOCATIONCOUNT=4|X1=840|X2=850|X3=850|X4=840|Y1=255|Y2=255|Y3=356|Y4=356|
RECORD= 6|LINENO= 644|OWNERPARTID=   2|OWNERINDEX= 634|LINEWIDTH=1|LOCATIONCOUNT=2|X1=848|X2=850|Y1=260|Y2=260|
RECORD= 6|LINENO= 645|OWNERPARTID=   2|OWNERINDEX= 634|LINEWIDTH=1|LOCATIONCOUNT=2|X1=848|X2=850|Y1=270|Y2=270|
RECORD= 6|LINENO= 646|OWNERPARTID=   2|OWNERINDEX= 634|LINEWIDTH=1|LOCATIONCOUNT=2|X1=848|X2=851|Y1=280|Y2=280|
RECORD= 6|LINENO= 647|OWNERPARTID=   2|OWNERINDEX= 634|LINEWIDTH=1|LOCATIONCOUNT=2|X1=840|X2=840|Y1=255|Y2=356|
RECORD= 2|LINENO= 648|OWNERPARTID=   2|OWNERINDEX= 634|DESIGNATOR=4|ELECTRICAL=4|FORMALTYPE=1|LOCATION.X=850|LOCATION.Y=290|NAME=4|PINCONGLOMERATE=48|PINLENGTH=10|SWAPIDPIN=4|
RECORD=41|LINENO= 649|OWNERPARTID=   0|OWNERINDEX= 648|FONTID=1|ISHIDDEN=T|LOCATION.X=850|LOCATION.Y=290|NAME=PinUniqueId|TEXT=PDKHHLCL|UNIQUEID=THVUHXYN|
RECORD=12|LINENO= 650|OWNERPARTID=   2|OWNERINDEX= 634|ENDANGLE=360.000|LINEWIDTH=1|LOCATION.X=845|LOCATION.Y=290|RADIUS=3|
RECORD= 6|LINENO= 651|OWNERPARTID=   2|OWNERINDEX= 634|LINEWIDTH=1|LOCATIONCOUNT=2|X1=848|X2=851|Y1=290|Y2=290|
RECORD= 2|LINENO= 652|OWNERPARTID=   2|OWNERINDEX= 634|DESIGNATOR=5|ELECTRICAL=4|FORMALTYPE=1|LOCATION.X=850|LOCATION.Y=300|NAME=5|PINCONGLOMERATE=48|PINLENGTH=10|SWAPIDPIN=5|
RECORD=41|LINENO= 653|OWNERPARTID=   0|OWNERINDEX= 652|FONTID=1|ISHIDDEN=T|LOCATION.X=850|LOCATION.Y=300|NAME=PinUniqueId|TEXT=HTTEIBJQ|UNIQUEID=FURXTXXC|
RECORD=12|LINENO= 654|OWNERPARTID=   2|OWNERINDEX= 634|ENDANGLE=360.000|LINEWIDTH=1|LOCATION.X=845|LOCATION.Y=300|RADIUS=3|
RECORD= 6|LINENO= 655|OWNERPARTID=   2|OWNERINDEX= 634|LINEWIDTH=1|LOCATIONCOUNT=2|X1=848|X2=851|Y1=300|Y2=300|
RECORD= 2|LINENO= 656|OWNERPARTID=   2|OWNERINDEX= 634|DESIGNATOR=6|ELECTRICAL=4|FORMALTYPE=1|LOCATION.X=850|LOCATION.Y=310|NAME=6|PINCONGLOMERATE=48|PINLENGTH=10|SWAPIDPIN=6|
RECORD=41|LINENO= 657|OWNERPARTID=   0|OWNERINDEX= 656|FONTID=1|ISHIDDEN=T|LOCATION.X=850|LOCATION.Y=310|NAME=PinUniqueId|TEXT=VQYJYQTQ|UNIQUEID=KXITYUVB|
RECORD=12|LINENO= 658|OWNERPARTID=   2|OWNERINDEX= 634|ENDANGLE=360.000|LINEWIDTH=1|LOCATION.X=845|LOCATION.Y=310|RADIUS=3|
RECORD= 6|LINENO= 659|OWNERPARTID=   2|OWNERINDEX= 634|LINEWIDTH=1|LOCATIONCOUNT=2|X1=848|X2=851|Y1=310|Y2=310|
RECORD= 2|LINENO= 660|OWNERPARTID=   2|OWNERINDEX= 634|DESIGNATOR=7|ELECTRICAL=4|FORMALTYPE=1|LOCATION.X=850|LOCATION.Y=320|NAME=7|PINCONGLOMERATE=48|PINLENGTH=10|SWAPIDPIN=7|
RECORD=41|LINENO= 661|OWNERPARTID=   0|OWNERINDEX= 660|FONTID=1|ISHIDDEN=T|LOCATION.X=850|LOCATION.Y=320|NAME=PinUniqueId|TEXT=QOWGVIPK|UNIQUEID=WUTKMUNI|
RECORD=12|LINENO= 662|OWNERPARTID=   2|OWNERINDEX= 634|ENDANGLE=360.000|LINEWIDTH=1|LOCATION.X=845|LOCATION.Y=320|RADIUS=3|
RECORD= 6|LINENO= 663|OWNERPARTID=   2|OWNERINDEX= 634|LINEWIDTH=1|LOCATIONCOUNT=2|X1=848|X2=851|Y1=320|Y2=320|
RECORD=12|LINENO= 664|OWNERPARTID=   2|OWNERINDEX= 634|ENDANGLE=360.000|LINEWIDTH=1|LOCATION.X=845|LOCATION.Y=260|RADIUS=3|
RECORD= 6|LINENO= 665|OWNERPARTID=   2|OWNERINDEX= 634|LINEWIDTH=1|LOCATIONCOUNT=6|X1=845|X2=842|X3=842|X4=848|X5=848|X6=845|Y1=257|Y2=257|Y3=263|Y4=263|Y5=257|Y6=257|
RECORD= 2|LINENO= 666|OWNERPARTID=   2|OWNERINDEX= 634|DESIGNATOR=8|ELECTRICAL=4|FORMALTYPE=1|LOCATION.X=850|LOCATION.Y=330|NAME=8|PINCONGLOMERATE=48|PINLENGTH=10|SWAPIDPIN=8|
RECORD=41|LINENO= 667|OWNERPARTID=   0|OWNERINDEX= 666|FONTID=1|ISHIDDEN=T|LOCATION.X=850|LOCATION.Y=330|NAME=PinUniqueId|TEXT=FSWFBGRH|UNIQUEID=SFXCWCVW|
RECORD=12|LINENO= 668|OWNERPARTID=   2|OWNERINDEX= 634|ENDANGLE=360.000|LINEWIDTH=1|LOCATION.X=845|LOCATION.Y=330|RADIUS=3|
RECORD= 6|LINENO= 669|OWNERPARTID=   2|OWNERINDEX= 634|LINEWIDTH=1|LOCATIONCOUNT=2|X1=848|X2=851|Y1=330|Y2=330|
RECORD= 2|LINENO= 670|OWNERPARTID=   2|OWNERINDEX= 634|DESIGNATOR=9|ELECTRICAL=4|FORMALTYPE=1|LOCATION.X=850|LOCATION.Y=340|NAME=9|PINCONGLOMERATE=48|PINLENGTH=10|SWAPIDPIN=9|
RECORD=41|LINENO= 671|OWNERPARTID=   0|OWNERINDEX= 670|FONTID=1|ISHIDDEN=T|LOCATION.X=850|LOCATION.Y=340|NAME=PinUniqueId|TEXT=UTVYSHBQ|UNIQUEID=SKUVVMUU|
RECORD=12|LINENO= 672|OWNERPARTID=   2|OWNERINDEX= 634|ENDANGLE=360.000|LINEWIDTH=1|LOCATION.X=845|LOCATION.Y=340|RADIUS=3|
RECORD= 6|LINENO= 673|OWNERPARTID=   2|OWNERINDEX= 634|LINEWIDTH=1|LOCATIONCOUNT=2|X1=848|X2=851|Y1=340|Y2=340|
RECORD= 2|LINENO= 674|OWNERPARTID=   2|OWNERINDEX= 634|DESIGNATOR=10|ELECTRICAL=4|FORMALTYPE=1|LOCATION.X=850|LOCATION.Y=350|NAME=10|PINCONGLOMERATE=48|PINLENGTH=10|SWAPIDPIN=9|
RECORD=41|LINENO= 675|OWNERPARTID=   0|OWNERINDEX= 674|FONTID=1|ISHIDDEN=T|LOCATION.X=850|LOCATION.Y=350|NAME=PinUniqueId|TEXT=QFAEGHNN|UNIQUEID=SKWENXDA|
RECORD=12|LINENO= 676|OWNERPARTID=   2|OWNERINDEX= 634|ENDANGLE=360.000|LINEWIDTH=1|LOCATION.X=845|LOCATION.Y=350|RADIUS=3|
RECORD= 6|LINENO= 677|OWNERPARTID=   2|OWNERINDEX= 634|LINEWIDTH=1|LOCATIONCOUNT=2|X1=848|X2=851|Y1=350|Y2=350|
RECORD=34|LINENO= 678|OWNERPARTID=   0|OWNERINDEX= 634|FONTID=1|ISMIRRORED=T|LOCATION.X=839|LOCATION.Y=357|NAME=Designator|TEXT=CN5|UNIQUEID=SKQRRPUS|
RECORD=41|LINENO= 679|OWNERPARTID=   0|OWNERINDEX= 634|FONTID=1|ISMIRRORED=T|LOCATION.X=839|LOCATION.Y=244|NAME=Comment|TEXT=HEADER_1X10|UNIQUEID=EHQNYVCT|
RECORD=44|LINENO= 680|OWNERPARTID= -42|OWNERINDEX= 634|
RECORD=45|LINENO= 681|OWNERPARTID= -42|OWNERINDEX= 680|DATAFILECOUNT=1|DESCRIPTION=1x10x2.54 Header TH V Female|ISCURRENT=T|MODELDATAFILEENTITY0=Header F 1x10x2.54 TH V|MODELDATAFILEKIND0=PCBLib|MODELNAME=Header F 1x10x2.54 TH V|MODELTYPE=PCBLIB|UNIQUEID=HRTRFMCH|
RECORD=46|LINENO= 682|OWNERPARTID= -42|OWNERINDEX= 681|
RECORD=48|LINENO= 683|OWNERPARTID= -42|OWNERINDEX= 681|
RECORD=45|LINENO= 684|OWNERPARTID= -42|OWNERINDEX= 680|DATAFILECOUNT=1|DESCRIPTION=1x10x2.54 Header TH V Male|MODELDATAFILEENTITY0=Header M 1x10x2.54 TH V|MODELDATAFILEKIND0=PCBLib|MODELNAME=Header M 1x10x2.54 TH V|MODELTYPE=PCBLIB|UNIQUEID=LTBEMXWO|
RECORD=46|LINENO= 685|OWNERPARTID= -42|OWNERINDEX= 684|
RECORD=48|LINENO= 686|OWNERPARTID= -42|OWNERINDEX= 684|
RECORD=45|LINENO= 687|OWNERPARTID= -42|OWNERINDEX= 680|DATAFILECOUNT=1|DESCRIPTION=1x10x2.54 Header Not Fitted|MODELDATAFILEENTITY0=Header M/F 1x10x2.54 NF|MODELDATAFILEKIND0=PCBLib|MODELNAME=Header M/F 1x10x2.54 NF|MODELTYPE=PCBLIB|UNIQUEID=XXSSXELC|
RECORD=46|LINENO= 688|OWNERPARTID= -42|OWNERINDEX= 687|
RECORD=48|LINENO= 689|OWNERPARTID= -42|OWNERINDEX= 687|
RECORD=17|LINENO= 690|OWNERPARTID=   0|OWNERINDEX= -42|FONTID=1|LOCATION.X=660|LOCATION.Y=260|ORIENTATION=2|SHOWNETNAME=T|STYLE=1|TEXT=GND|UNIQUEID=HKNKPWKG|
RECORD=17|LINENO= 691|OWNERPARTID=   0|OWNERINDEX= -42|FONTID=1|LOCATION.X=670|LOCATION.Y=290|ORIENTATION=2|SHOWNETNAME=T|STYLE=2|TEXT=3V3|UNIQUEID=ODYDJUBA|
RECORD=18|LINENO= 692|OWNERPARTID=   0|OWNERINDEX= -42|ALIGNMENT=1|AREACOLOR=8454143|FONTID=1|HEIGHT=10|LOCATION.X=570|LOCATION.Y=300|NAME=NRST|TEXTCOLOR=128|UNIQUEID=SYWRILQU|WIDTH=50|
RECORD= 4|LINENO= 693|OWNERPARTID=   0|OWNERINDEX= -42|FONTID=3|LOCATION.X=702|LOCATION.Y=156|TEXT=A5|
RECORD= 4|LINENO= 694|OWNERPARTID=   0|OWNERINDEX= -42|FONTID=3|LOCATION.X=702|LOCATION.Y=206|TEXT=A0|
RECORD= 4|LINENO= 695|OWNERPARTID=   0|OWNERINDEX= -42|FONTID=3|LOCATION.X=702|LOCATION.Y=196|TEXT=A1|
RECORD= 4|LINENO= 696|OWNERPARTID=   0|OWNERINDEX= -42|FONTID=3|LOCATION.X=702|LOCATION.Y=186|TEXT=A2|
RECORD= 4|LINENO= 697|OWNERPARTID=   0|OWNERINDEX= -42|FONTID=3|LOCATION.X=702|LOCATION.Y=176|TEXT=A3|
RECORD= 4|LINENO= 698|OWNERPARTID=   0|OWNERINDEX= -42|FONTID=3|LOCATION.X=702|LOCATION.Y=166|TEXT=A4|
RECORD= 4|LINENO= 699|OWNERPARTID=   0|OWNERINDEX= -42|FONTID=3|LOCATION.X=826|LOCATION.Y=146|TEXT=D0|
RECORD= 4|LINENO= 700|OWNERPARTID=   0|OWNERINDEX= -42|FONTID=3|LOCATION.X=826|LOCATION.Y=155|TEXT=D1|
RECORD= 4|LINENO= 701|OWNERPARTID=   0|OWNERINDEX= -42|FONTID=3|LOCATION.X=826|LOCATION.Y=165|TEXT=D2|
RECORD= 4|LINENO= 702|OWNERPARTID=   0|OWNERINDEX= -42|FONTID=3|LOCATION.X=826|LOCATION.Y=175|TEXT=D3|
RECORD= 4|LINENO= 703|OWNERPARTID=   0|OWNERINDEX= -42|FONTID=3|LOCATION.X=826|LOCATION.Y=185|TEXT=D4|
RECORD= 4|LINENO= 704|OWNERPARTID=   0|OWNERINDEX= -42|FONTID=3|LOCATION.X=826|LOCATION.Y=195|TEXT=D5|
RECORD= 4|LINENO= 705|OWNERPARTID=   0|OWNERINDEX= -42|FONTID=3|LOCATION.X=826|LOCATION.Y=205|TEXT=D6|
RECORD= 4|LINENO= 706|OWNERPARTID=   0|OWNERINDEX= -42|FONTID=3|LOCATION.X=826|LOCATION.Y=215|TEXT=D7|
RECORD= 4|LINENO= 707|OWNERPARTID=   0|OWNERINDEX= -42|FONTID=3|LOCATION.X=830|LOCATION.Y=255|TEXT=D8|
RECORD= 4|LINENO= 708|OWNERPARTID=   0|OWNERINDEX= -42|FONTID=3|LOCATION.X=829|LOCATION.X_FRAC=83484|LOCATION.Y=265|TEXT=D9|
RECORD= 4|LINENO= 709|OWNERPARTID=   0|OWNERINDEX= -42|FONTID=3|LOCATION.X=825|LOCATION.X_FRAC=80724|LOCATION.Y=275|TEXT=D10|
RECORD= 4|LINENO= 710|OWNERPARTID=   0|OWNERINDEX= -42|FONTID=3|LOCATION.X=825|LOCATION.X_FRAC=80724|LOCATION.Y=285|TEXT=D11|
RECORD= 4|LINENO= 711|OWNERPARTID=   0|OWNERINDEX= -42|FONTID=3|LOCATION.X=825|LOCATION.X_FRAC=80724|LOCATION.Y=295|TEXT=D12|
RECORD= 4|LINENO= 712|OWNERPARTID=   0|OWNERINDEX= -42|FONTID=3|LOCATION.X=825|LOCATION.X_FRAC=80724|LOCATION.Y=305|TEXT=D13|
RECORD= 4|LINENO= 713|OWNERPARTID=   0|OWNERINDEX= -42|FONTID=3|LOCATION.X=825|LOCATION.X_FRAC=80724|LOCATION.Y=334|TEXT=D14|
RECORD= 4|LINENO= 714|OWNERPARTID=   0|OWNERINDEX= -42|FONTID=3|LOCATION.X=825|LOCATION.X_FRAC=80724|LOCATION.Y=345|TEXT=D15|
RECORD= 4|LINENO= 715|OWNERPARTID=   0|OWNERINDEX= -42|FONTID=3|LOCATION.X=818|LOCATION.X_FRAC=97671|LOCATION.Y=325|TEXT=AVDD|
RECORD= 4|LINENO= 716|OWNERPARTID=   0|OWNERINDEX= -42|FONTID=3|LOCATION.X=823|LOCATION.Y=315|TEXT=GND|
RECORD= 4|LINENO= 717|OWNERPARTID=   0|OWNERINDEX= -42|FONTID=3|LOCATION.X=701|LOCATION.Y=264|LOCATION.Y_FRAC=33332|TEXT=GND|
RECORD= 4|LINENO= 718|OWNERPARTID=   0|OWNERINDEX= -42|FONTID=3|LOCATION.X=701|LOCATION.Y=254|LOCATION.Y_FRAC=16666|TEXT=GND|
RECORD= 4|LINENO= 719|OWNERPARTID=   0|OWNERINDEX= -42|FONTID=3|LOCATION.X=701|LOCATION.Y=244|TEXT=VIN|
RECORD= 4|LINENO= 720|OWNERPARTID=   0|OWNERINDEX= -42|FONTID=3|LOCATION.X=701|LOCATION.Y=274|LOCATION.Y_FRAC=49998|TEXT=5V|
RECORD= 4|LINENO= 721|OWNERPARTID=   0|OWNERINDEX= -42|FONTID=3|LOCATION.X=701|LOCATION.Y=284|LOCATION.Y_FRAC=66664|TEXT=3V3|
RECORD= 4|LINENO= 722|OWNERPARTID=   0|OWNERINDEX= -42|FONTID=3|LOCATION.X=701|LOCATION.Y=294|LOCATION.Y_FRAC=83330|TEXT=NRST|
RECORD= 4|LINENO= 723|OWNERPARTID=   0|OWNERINDEX= -42|FONTID=3|LOCATION.X=701|LOCATION.Y=305|TEXT=IOREF|
RECORD= 6|LINENO= 724|OWNERPARTID=   0|OWNERINDEX= -42|LINEWIDTH=1|LOCATIONCOUNT=5|X1=160|X2=540|X3=540|X4=160|X5=160|Y1=400|Y2=400|Y3=100|Y4=100|Y5=400|
RECORD= 6|LINENO= 725|OWNERPARTID=   0|OWNERINDEX= -42|LINEWIDTH=1|LOCATIONCOUNT=5|X1=160|X2=1060|X3=1060|X4=160|X5=160|Y1=720|Y2=720|Y3=420|Y4=420|Y5=720|
RECORD= 6|LINENO= 726|OWNERPARTID=   0|OWNERINDEX= -42|LINEWIDTH=1|LOCATIONCOUNT=5|X1=560|X2=1060|X3=1060|X4=560|X5=560|Y1=400|Y2=400|Y3=100|Y4=100|Y5=400|
RECORD=18|LINENO= 727|OWNERPARTID=   0|OWNERINDEX= -42|ALIGNMENT=1|AREACOLOR=8454143|FONTID=1|HEIGHT=10|LOCATION.X=260|LOCATION.Y=520|NAME=OSC_IN|TEXTCOLOR=128|UNIQUEID=YVIOGHQB|WIDTH=60|
RECORD=18|LINENO= 728|OWNERPARTID=   0|OWNERINDEX= -42|ALIGNMENT=1|AREACOLOR=8454143|FONTID=1|HEIGHT=10|LOCATION.X=260|LOCATION.Y=510|NAME=OSC_OUT|TEXTCOLOR=128|UNIQUEID=WEGTEQKI|WIDTH=60|
RECORD=18|LINENO= 729|OWNERPARTID=   0|OWNERINDEX= -42|ALIGNMENT=1|AREACOLOR=8454143|FONTID=1|HEIGHT=10|LOCATION.X=260|LOCATION.Y=540|NAME=PC14|TEXTCOLOR=128|UNIQUEID=HMNGXEIC|WIDTH=40|
RECORD=18|LINENO= 730|OWNERPARTID=   0|OWNERINDEX= -42|ALIGNMENT=1|AREACOLOR=8454143|FONTID=1|HEIGHT=10|LOCATION.X=260|LOCATION.Y=530|NAME=PC15|TEXTCOLOR=128|UNIQUEID=MIDBLTIN|WIDTH=40|
RECORD=18|LINENO= 731|OWNERPARTID=   0|OWNERINDEX= -42|ALIGNMENT=1|AREACOLOR=8454143|FONTID=1|HEIGHT=10|LOCATION.X=920|LOCATION.Y=220|NAME=PC13|TEXTCOLOR=128|UNIQUEID=ETBDXFSK|WIDTH=40|
RECORD=18|LINENO= 732|OWNERPARTID=   0|OWNERINDEX= -42|ALIGNMENT=1|AREACOLOR=8454143|FONTID=1|HEIGHT=10|LOCATION.X=660|LOCATION.Y=550|NAME=PC13|TEXTCOLOR=128|UNIQUEID=UJVPAGAN|WIDTH=40|
RECORD=18|LINENO= 733|OWNERPARTID=   0|OWNERINDEX= -42|ALIGNMENT=1|AREACOLOR=8454143|FONTID=1|HEIGHT=10|LOCATION.X=920|LOCATION.Y=350|NAME=PB8|TEXTCOLOR=128|UNIQUEID=GDMDYQWE|WIDTH=40|
RECORD=18|LINENO= 734|OWNERPARTID=   0|OWNERINDEX= -42|ALIGNMENT=1|AREACOLOR=8454143|FONTID=1|HEIGHT=10|LOCATION.X=660|LOCATION.Y=650|NAME=PB8|TEXTCOLOR=128|UNIQUEID=KNVLBNWK|WIDTH=40|
RECORD=18|LINENO= 735|OWNERPARTID=   0|OWNERINDEX= -42|ALIGNMENT=1|AREACOLOR=8454143|FONTID=1|HEIGHT=10|LOCATION.X=920|LOCATION.Y=340|NAME=PB9|TEXTCOLOR=128|UNIQUEID=CLWHUOFW|WIDTH=40|
RECORD=18|LINENO= 736|OWNERPARTID=   0|OWNERINDEX= -42|ALIGNMENT=1|AREACOLOR=8454143|FONTID=1|HEIGHT=10|LOCATION.X=660|LOCATION.Y=640|NAME=PB9|TEXTCOLOR=128|UNIQUEID=MHRHRINT|WIDTH=40|
RECORD=18|LINENO= 737|OWNERPARTID=   0|OWNERINDEX= -42|ALIGNMENT=1|AREACOLOR=8454143|FONTID=1|HEIGHT=10|LOCATION.X=580|LOCATION.Y=210|NAME=PC0|TEXTCOLOR=128|UNIQUEID=HMUBAQYN|WIDTH=40|
RECORD=18|LINENO= 738|OWNERPARTID=   0|OWNERINDEX= -42|ALIGNMENT=1|AREACOLOR=8454143|FONTID=1|HEIGHT=10|LOCATION.X=440|LOCATION.Y=530|NAME=PC0|TEXTCOLOR=128|UNIQUEID=HHGPUWBL|WIDTH=40|
RECORD=18|LINENO= 739|OWNERPARTID=   0|OWNERINDEX= -42|ALIGNMENT=1|AREACOLOR=8454143|FONTID=1|HEIGHT=10|LOCATION.X=580|LOCATION.Y=200|NAME=PC1|TEXTCOLOR=128|UNIQUEID=NWTBVBQB|WIDTH=40|
RECORD=18|LINENO= 740|OWNERPARTID=   0|OWNERINDEX= -42|ALIGNMENT=1|AREACOLOR=8454143|FONTID=1|HEIGHT=10|LOCATION.X=440|LOCATION.Y=520|NAME=PC1|TEXTCOLOR=128|UNIQUEID=XTGVKHGK|WIDTH=40|
RECORD=18|LINENO= 741|OWNERPARTID=   0|OWNERINDEX= -42|ALIGNMENT=1|AREACOLOR=8454143|FONTID=1|HEIGHT=10|LOCATION.X=580|LOCATION.Y=160|NAME=PC2|TEXTCOLOR=128|UNIQUEID=TMBUSVWA|WIDTH=40|
RECORD=18|LINENO= 742|OWNERPARTID=   0|OWNERINDEX= -42|ALIGNMENT=1|AREACOLOR=8454143|FONTID=1|HEIGHT=10|LOCATION.X=440|LOCATION.Y=480|NAME=PC2|TEXTCOLOR=128|UNIQUEID=MSGDTJNR|WIDTH=40|
RECORD=18|LINENO= 743|OWNERPARTID=   0|OWNERINDEX= -42|ALIGNMENT=1|AREACOLOR=8454143|FONTID=1|HEIGHT=10|LOCATION.X=580|LOCATION.Y=170|NAME=PC3|TEXTCOLOR=128|UNIQUEID=YNNFSDIF|WIDTH=40|
RECORD=18|LINENO= 744|OWNERPARTID=   0|OWNERINDEX= -42|ALIGNMENT=1|AREACOLOR=8454143|FONTID=1|HEIGHT=10|LOCATION.X=440|LOCATION.Y=490|NAME=PC3|TEXTCOLOR=128|UNIQUEID=TCJYBFVW|WIDTH=40|
RECORD=18|LINENO= 745|OWNERPARTID=   0|OWNERINDEX= -42|ALIGNMENT=1|AREACOLOR=8454143|FONTID=1|HEIGHT=10|LOCATION.X=580|LOCATION.Y=180|NAME=PA0|TEXTCOLOR=128|UNIQUEID=JQVLYFQP|WIDTH=40|
RECORD=18|LINENO= 746|OWNERPARTID=   0|OWNERINDEX= -42|ALIGNMENT=1|AREACOLOR=8454143|FONTID=1|HEIGHT=10|LOCATION.X=440|LOCATION.Y=500|NAME=PA0|TEXTCOLOR=128|UNIQUEID=OWIWQCPC|WIDTH=40|
RECORD=18|LINENO= 747|OWNERPARTID=   0|OWNERINDEX= -42|ALIGNMENT=1|AREACOLOR=8454143|FONTID=1|HEIGHT=10|LOCATION.X=580|LOCATION.Y=190|NAME=PA1|TEXTCOLOR=128|UNIQUEID=XHEQXRMR|WIDTH=40|
RECORD=18|LINENO= 748|OWNERPARTID=   0|OWNERINDEX= -42|ALIGNMENT=1|AREACOLOR=8454143|FONTID=1|HEIGHT=10|LOCATION.X=340|LOCATION.Y=460|NAME=PA1|TEXTCOLOR=128|UNIQUEID=DLMEPVPH|WIDTH=40|
RECORD=18|LINENO= 749|OWNERPARTID=   0|OWNERINDEX= -42|ALIGNMENT=1|AREACOLOR=8454143|FONTID=1|HEIGHT=10|LOCATION.X=920|LOCATION.Y=160|NAME=PA2|TEXTCOLOR=128|UNIQUEID=TUELDUIL|WIDTH=40|
RECORD=18|LINENO= 750|OWNERPARTID=   0|OWNERINDEX= -42|ALIGNMENT=1|AREACOLOR=8454143|FONTID=1|HEIGHT=10|LOCATION.X=520|LOCATION.Y=470|NAME=PA2|TEXTCOLOR=128|UNIQUEID=PQQNEYYG|WIDTH=40|
RECORD=18|LINENO= 751|OWNERPARTID=   0|OWNERINDEX= -42|ALIGNMENT=1|AREACOLOR=8454143|FONTID=1|HEIGHT=10|LOCATION.X=920|LOCATION.Y=150|NAME=PA3|TEXTCOLOR=128|UNIQUEID=PPYTKPMW|WIDTH=40|
RECORD=18|LINENO= 752|OWNERPARTID=   0|OWNERINDEX= -42|ALIGNMENT=1|AREACOLOR=8454143|FONTID=1|HEIGHT=10|LOCATION.X=650|LOCATION.Y=480|NAME=PA3|TEXTCOLOR=128|UNIQUEID=LBYUESFE|WIDTH=40|
RECORD=18|LINENO= 753|OWNERPARTID=   0|OWNERINDEX= -42|ALIGNMENT=1|AREACOLOR=8454143|FONTID=1|HEIGHT=10|LOCATION.X=1010|LOCATION.Y=280|NAME=PA4|TEXTCOLOR=128|UNIQUEID=JJDMJBYU|WIDTH=40|
RECORD=18|LINENO= 754|OWNERPARTID=   0|OWNERINDEX= -42|ALIGNMENT=1|AREACOLOR=8454143|FONTID=1|HEIGHT=10|LOCATION.X=520|LOCATION.Y=620|NAME=PA4|TEXTCOLOR=128|UNIQUEID=YACPINXI|WIDTH=40|
RECORD=18|LINENO= 755|OWNERPARTID=   0|OWNERINDEX= -42|ALIGNMENT=1|AREACOLOR=8454143|FONTID=1|HEIGHT=10|LOCATION.X=920|LOCATION.Y=310|NAME=PA5|TEXTCOLOR=128|UNIQUEID=OAUBYYYU|WIDTH=40|
RECORD=18|LINENO= 756|OWNERPARTID=   0|OWNERINDEX= -42|ALIGNMENT=1|AREACOLOR=8454143|FONTID=1|HEIGHT=10|LOCATION.X=660|LOCATION.Y=610|NAME=PA5|TEXTCOLOR=128|UNIQUEID=PCGSJLRW|WIDTH=40|
RECORD=18|LINENO= 757|OWNERPARTID=   0|OWNERINDEX= -42|ALIGNMENT=1|AREACOLOR=8454143|FONTID=1|HEIGHT=10|LOCATION.X=920|LOCATION.Y=300|NAME=PA6|TEXTCOLOR=128|UNIQUEID=LTILFCFC|WIDTH=40|
RECORD=18|LINENO= 758|OWNERPARTID=   0|OWNERINDEX= -42|ALIGNMENT=1|AREACOLOR=8454143|FONTID=1|HEIGHT=10|LOCATION.X=660|LOCATION.Y=600|NAME=PA6|TEXTCOLOR=128|UNIQUEID=YOPXNSFP|WIDTH=40|
RECORD=18|LINENO= 759|OWNERPARTID=   0|OWNERINDEX= -42|ALIGNMENT=1|AREACOLOR=8454143|FONTID=1|HEIGHT=10|LOCATION.X=920|LOCATION.Y=290|NAME=PA7|TEXTCOLOR=128|UNIQUEID=TLXXLMQX|WIDTH=40|
RECORD=18|LINENO= 760|OWNERPARTID=   0|OWNERINDEX= -42|ALIGNMENT=1|AREACOLOR=8454143|FONTID=1|HEIGHT=10|LOCATION.X=520|LOCATION.Y=680|NAME=PA7|TEXTCOLOR=128|UNIQUEID=TIDLNSOD|WIDTH=40|
RECORD=18|LINENO= 761|OWNERPARTID=   0|OWNERINDEX= -42|ALIGNMENT=1|AREACOLOR=8454143|FONTID=1|HEIGHT=10|LOCATION.X=920|LOCATION.Y=210|NAME=PA8|TEXTCOLOR=128|UNIQUEID=HTXFYQEV|WIDTH=40|
RECORD=18|LINENO= 762|OWNERPARTID=   0|OWNERINDEX= -42|ALIGNMENT=1|AREACOLOR=8454143|FONTID=1|HEIGHT=10|LOCATION.X=660|LOCATION.Y=540|NAME=PA8|TEXTCOLOR=128|UNIQUEID=RGIHLWQH|WIDTH=40|
RECORD=18|LINENO= 763|OWNERPARTID=   0|OWNERINDEX= -42|ALIGNMENT=1|AREACOLOR=8454143|FONTID=1|HEIGHT=10|LOCATION.X=920|LOCATION.Y=270|NAME=PA9|TEXTCOLOR=128|UNIQUEID=QJUGEWOX|WIDTH=40|
RECORD=18|LINENO= 764|OWNERPARTID=   0|OWNERINDEX= -42|ALIGNMENT=1|AREACOLOR=8454143|FONTID=1|HEIGHT=10|LOCATION.X=520|LOCATION.Y=570|NAME=PA9|TEXTCOLOR=128|UNIQUEID=ASUMVVRW|WIDTH=40|
RECORD=18|LINENO= 765|OWNERPARTID=   0|OWNERINDEX= -42|ALIGNMENT=1|AREACOLOR=8454143|FONTID=1|HEIGHT=10|LOCATION.X=1010|LOCATION.Y=260|NAME=PB10|TEXTCOLOR=128|UNIQUEID=AUAXBVNM|WIDTH=40|
RECORD=18|LINENO= 766|OWNERPARTID=   0|OWNERINDEX= -42|ALIGNMENT=1|AREACOLOR=8454143|FONTID=1|HEIGHT=10|LOCATION.X=920|LOCATION.Y=170|NAME=PC6|TEXTCOLOR=128|UNIQUEID=GUVRTKNS|WIDTH=40|
RECORD=18|LINENO= 767|OWNERPARTID=   0|OWNERINDEX= -42|ALIGNMENT=1|AREACOLOR=8454143|FONTID=1|HEIGHT=10|LOCATION.X=660|LOCATION.Y=500|NAME=PC6|TEXTCOLOR=128|UNIQUEID=KLNVAYFS|WIDTH=40|
RECORD=18|LINENO= 768|OWNERPARTID=   0|OWNERINDEX= -42|ALIGNMENT=1|AREACOLOR=8454143|FONTID=1|HEIGHT=10|LOCATION.X=920|LOCATION.Y=180|NAME=PA10|TEXTCOLOR=128|UNIQUEID=PNPJXCQM|WIDTH=40|
RECORD=18|LINENO= 769|OWNERPARTID=   0|OWNERINDEX= -42|ALIGNMENT=1|AREACOLOR=8454143|FONTID=1|HEIGHT=10|LOCATION.X=520|LOCATION.Y=510|NAME=PA10|TEXTCOLOR=128|UNIQUEID=LCKTVJMC|WIDTH=40|
RECORD=18|LINENO= 770|OWNERPARTID=   0|OWNERINDEX= -42|ALIGNMENT=1|AREACOLOR=8454143|FONTID=1|HEIGHT=10|LOCATION.X=920|LOCATION.Y=200|NAME=PA15|TEXTCOLOR=128|UNIQUEID=YRFSCBUV|WIDTH=40|
RECORD=18|LINENO= 771|OWNERPARTID=   0|OWNERINDEX= -42|ALIGNMENT=1|AREACOLOR=8454143|FONTID=1|HEIGHT=10|LOCATION.X=660|LOCATION.Y=530|NAME=PA15|TEXTCOLOR=128|UNIQUEID=WESXGLHH|WIDTH=40|
RECORD=18|LINENO= 772|OWNERPARTID=   0|OWNERINDEX= -42|ALIGNMENT=1|AREACOLOR=8454143|FONTID=1|HEIGHT=10|LOCATION.X=920|LOCATION.Y=190|NAME=PC10|TEXTCOLOR=128|UNIQUEID=LRMFFMKW|WIDTH=40|
RECORD=18|LINENO= 773|OWNERPARTID=   0|OWNERINDEX= -42|ALIGNMENT=1|AREACOLOR=8454143|FONTID=1|HEIGHT=10|LOCATION.X=660|LOCATION.Y=520|NAME=PC10|TEXTCOLOR=128|UNIQUEID=XXGDKXSV|WIDTH=40|
RECORD=18|LINENO= 774|OWNERPARTID=   0|OWNERINDEX= -42|ALIGNMENT=1|AREACOLOR=8454143|FONTID=1|HEIGHT=10|LOCATION.X=920|LOCATION.Y=260|NAME=PC12|TEXTCOLOR=128|UNIQUEID=QXTRCNIJ|WIDTH=40|
RECORD=18|LINENO= 775|OWNERPARTID=   0|OWNERINDEX= -42|ALIGNMENT=1|AREACOLOR=8454143|FONTID=1|HEIGHT=10|LOCATION.X=660|LOCATION.Y=560|NAME=PC12|TEXTCOLOR=128|UNIQUEID=HYGKOUBE|WIDTH=40|
RECORD=18|LINENO= 776|OWNERPARTID=   0|OWNERINDEX= -42|ALIGNMENT=1|AREACOLOR=8454143|FONTID=1|HEIGHT=10|LOCATION.X=910|LOCATION.Y=640|NAME=USB_N|TEXTCOLOR=128|UNIQUEID=PDYWCCIS|WIDTH=50|
RECORD=18|LINENO= 777|OWNERPARTID=   0|OWNERINDEX= -42|ALIGNMENT=1|AREACOLOR=8454143|FONTID=1|HEIGHT=10|LOCATION.X=910|LOCATION.Y=670|NAME=USB_P|TEXTCOLOR=128|UNIQUEID=RMLACASL|WIDTH=50|
RECORD= 1|LINENO= 778|OWNERPARTID=   0|OWNERINDEX= -42|ALLPINCOUNT=2|AREACOLOR=11599871|COMPONENTDESCRIPTION=Solder Jumper|CURRENTPARTID=1|DESIGNITEMID=Strap2|DISPLAYMODECOUNT=1|LIBREFERENCE=Strap2|LOCATION.X=880|LOCATION.Y=680|NOTUSEDBTABLENAME=T|PARTCOUNT=2|PARTIDLOCKED=F|SOURCELIBRARYNAME=Passive.SchLib|TARGETFILENAME=*|UNIQUEID=BVQBKXJW|
RECORD=41|LINENO= 779|OWNERPARTID=   0|OWNERINDEX= 778|FONTID=1|ISHIDDEN=T|LOCATION.X=868|LOCATION.Y=676|NAME=Published|TEXT=24-Mar-1999|UNIQUEID=OVANFJOA|
RECORD=41|LINENO= 780|OWNERPARTID=   0|OWNERINDEX= 778|FONTID=1|ISHIDDEN=T|LOCATION.X=868|LOCATION.Y=676|NAME=Revision|TEXT=July-2002: Re-released for DXP Platform.|UNIQUEID=PBSQWUML|
RECORD=41|LINENO= 781|OWNERPARTID=   0|OWNERINDEX= 778|FONTID=1|ISHIDDEN=T|LOCATION.X=868|LOCATION.Y=676|NAME=Publisher|TEXT=Altium Limited|UNIQUEID=JUEQIWDQ|
RECORD=41|LINENO= 782|OWNERPARTID=   0|OWNERINDEX= 778|FONTID=1|ISHIDDEN=T|LOCATION.X=868|LOCATION.Y=676|NAME=Solder|TEXT=YES|UNIQUEID=YHKMWQWQ|
RECORD= 2|LINENO= 783|OWNERPARTID=   2|OWNERINDEX= 778|DESIGNATOR=2|ELECTRICAL=4|FORMALTYPE=1|LOCATION.X=880|LOCATION.Y=670|NAME=2|PINCONGLOMERATE=34|PINLENGTH=10|
RECORD=41|LINENO= 784|OWNERPARTID=   0|OWNERINDEX= 783|FONTID=1|ISHIDDEN=T|LOCATION.X=880|LOCATION.Y=670|NAME=PinUniqueId|TEXT=TFAGEFVE|UNIQUEID=HBTTUHYI|
RECORD= 2|LINENO= 785|OWNERPARTID=   2|OWNERINDEX= 778|DESIGNATOR=1|ELECTRICAL=4|FORMALTYPE=1|LOCATION.X=900|LOCATION.Y=670|NAME=1|PINCONGLOMERATE=32|PINLENGTH=10|
RECORD=41|LINENO= 786|OWNERPARTID=   0|OWNERINDEX= 785|FONTID=1|ISHIDDEN=T|LOCATION.X=900|LOCATION.Y=670|NAME=PinUniqueId|TEXT=UGMIXPHW|UNIQUEID=REFHNWKS|
RECORD= 7|LINENO= 787|OWNERPARTID=   2|OWNERINDEX= 778|AREACOLOR=65535|ISSOLID=T|LINEWIDTH=1|LOCATIONCOUNT=6|X1=900|X2=900|X3=895|X4=890|X5=895|X6=900|Y1=670|Y2=665|Y3=665|Y4=670|Y5=675|Y6=675|
RECORD= 7|LINENO= 788|OWNERPARTID=   2|OWNERINDEX= 778|AREACOLOR=65535|ISSOLID=T|LINEWIDTH=1|LOCATIONCOUNT=5|X1=880|X2=880|X3=891|X4=886|X5=891|Y1=675|Y2=665|Y3=665|Y4=670|Y5=675|
RECORD=34|LINENO= 789|OWNERPARTID=   0|OWNERINDEX= 778|FONTID=1|LOCATION.X=862|LOCATION.Y=660|NAME=Designator|TEXT=SB2|UNIQUEID=QOTLKGXM|
RECORD=41|LINENO= 790|OWNERPARTID=   0|OWNERINDEX= 778|FONTID=1|LOCATION.X=859|LOCATION.Y=670|NAME=Comment|TEXT=Open|UNIQUEID=TBLYOARF|
RECORD=44|LINENO= 791|OWNERPARTID= -42|OWNERINDEX= 778|
RECORD=45|LINENO= 792|OWNERPARTID= -42|OWNERINDEX= 791|DATAFILECOUNT=1|MODELDATAFILEENTITY0=SB|MODELDATAFILEKIND0=PCBLib|MODELNAME=SB|MODELTYPE=PCBLIB|UNIQUEID=EOGFAHFD|
RECORD=46|LINENO= 793|OWNERPARTID= -42|OWNERINDEX= 792|
RECORD=48|LINENO= 794|OWNERPARTID= -42|OWNERINDEX= 792|
RECORD=45|LINENO= 795|OWNERPARTID= -42|OWNERINDEX= 791|DATAFILECOUNT=1|ISCURRENT=T|MODELDATAFILEENTITY0=SB-tiny|MODELDATAFILEKIND0=PCBLib|MODELNAME=SB-tiny|MODELTYPE=PCBLIB|UNIQUEID=JVIQIJVT|
RECORD=46|LINENO= 796|OWNERPARTID= -42|OWNERINDEX= 795|
RECORD=48|LINENO= 797|OWNERPARTID= -42|OWNERINDEX= 795|
RECORD=45|LINENO= 798|OWNERPARTID= -42|OWNERINDEX= 791|DATAFILECOUNT=1|MODELDATAFILEENTITY0=SB-LARGE|MODELDATAFILEKIND0=PCBLib|MODELNAME=SB-LARGE|MODELTYPE=PCBLIB|UNIQUEID=CIEWYTLM|
RECORD=46|LINENO= 799|OWNERPARTID= -42|OWNERINDEX= 798|
RECORD=48|LINENO= 800|OWNERPARTID= -42|OWNERINDEX= 798|
RECORD= 1|LINENO= 801|OWNERPARTID=   0|OWNERINDEX= -42|ALLPINCOUNT=2|AREACOLOR=11599871|COMPONENTDESCRIPTION=Solder Jumper|CURRENTPARTID=1|DESIGNITEMID=Strap2|DISPLAYMODECOUNT=1|LIBREFERENCE=Strap2|LOCATION.X=880|LOCATION.Y=650|NOTUSEDBTABLENAME=T|PARTCOUNT=2|PARTIDLOCKED=F|SOURCELIBRARYNAME=Passive.SchLib|TARGETFILENAME=*|UNIQUEID=CNCSFKIS|
RECORD=41|LINENO= 802|OWNERPARTID=   0|OWNERINDEX= 801|FONTID=1|ISHIDDEN=T|LOCATION.X=868|LOCATION.Y=646|NAME=Published|TEXT=24-Mar-1999|UNIQUEID=JMDBCHTC|
RECORD=41|LINENO= 803|OWNERPARTID=   0|OWNERINDEX= 801|FONTID=1|ISHIDDEN=T|LOCATION.X=868|LOCATION.Y=646|NAME=Revision|TEXT=July-2002: Re-released for DXP Platform.|UNIQUEID=WUWKPDAH|
RECORD=41|LINENO= 804|OWNERPARTID=   0|OWNERINDEX= 801|FONTID=1|ISHIDDEN=T|LOCATION.X=868|LOCATION.Y=646|NAME=Publisher|TEXT=Altium Limited|UNIQUEID=SXQLBDGH|
RECORD=41|LINENO= 805|OWNERPARTID=   0|OWNERINDEX= 801|FONTID=1|ISHIDDEN=T|LOCATION.X=868|LOCATION.Y=646|NAME=Solder|TEXT=YES|UNIQUEID=KJCTDWBR|
RECORD= 2|LINENO= 806|OWNERPARTID=   2|OWNERINDEX= 801|DESIGNATOR=2|ELECTRICAL=4|FORMALTYPE=1|LOCATION.X=880|LOCATION.Y=640|NAME=2|PINCONGLOMERATE=34|PINLENGTH=10|
RECORD=41|LINENO= 807|OWNERPARTID=   0|OWNERINDEX= 806|FONTID=1|ISHIDDEN=T|LOCATION.X=880|LOCATION.Y=640|NAME=PinUniqueId|TEXT=KHQSPFHE|UNIQUEID=GWLCOOLD|
RECORD= 2|LINENO= 808|OWNERPARTID=   2|OWNERINDEX= 801|DESIGNATOR=1|ELECTRICAL=4|FORMALTYPE=1|LOCATION.X=900|LOCATION.Y=640|NAME=1|PINCONGLOMERATE=32|PINLENGTH=10|
RECORD=41|LINENO= 809|OWNERPARTID=   0|OWNERINDEX= 808|FONTID=1|ISHIDDEN=T|LOCATION.X=900|LOCATION.Y=640|NAME=PinUniqueId|TEXT=SQWKAMQX|UNIQUEID=WWUIHGIV|
RECORD= 7|LINENO= 810|OWNERPARTID=   2|OWNERINDEX= 801|AREACOLOR=65535|ISSOLID=T|LINEWIDTH=1|LOCATIONCOUNT=6|X1=900|X2=900|X3=895|X4=890|X5=895|X6=900|Y1=640|Y2=635|Y3=635|Y4=640|Y5=645|Y6=645|
RECORD= 7|LINENO= 811|OWNERPARTID=   2|OWNERINDEX= 801|AREACOLOR=65535|ISSOLID=T|LINEWIDTH=1|LOCATIONCOUNT=5|X1=880|X2=880|X3=891|X4=886|X5=891|Y1=645|Y2=635|Y3=635|Y4=640|Y5=645|
RECORD=34|LINENO= 812|OWNERPARTID=   0|OWNERINDEX= 801|FONTID=1|LOCATION.X=884|LOCATION.Y=625|NAME=Designator|TEXT=SB4|UNIQUEID=RUPNFDNO|
RECORD=41|LINENO= 813|OWNERPARTID=   0|OWNERINDEX= 801|FONTID=1|LOCATION.X=860|LOCATION.Y=640|NAME=Comment|TEXT=Open|UNIQUEID=LBDHCUNH|
RECORD=44|LINENO= 814|OWNERPARTID= -42|OWNERINDEX= 801|
RECORD=45|LINENO= 815|OWNERPARTID= -42|OWNERINDEX= 814|DATAFILECOUNT=1|MODELDATAFILEENTITY0=SB|MODELDATAFILEKIND0=PCBLib|MODELNAME=SB|MODELTYPE=PCBLIB|UNIQUEID=MJBMDWQU|
RECORD=46|LINENO= 816|OWNERPARTID= -42|OWNERINDEX= 815|
RECORD=48|LINENO= 817|OWNERPARTID= -42|OWNERINDEX= 815|
RECORD=45|LINENO= 818|OWNERPARTID= -42|OWNERINDEX= 814|DATAFILECOUNT=1|ISCURRENT=T|MODELDATAFILEENTITY0=SB-tiny|MODELDATAFILEKIND0=PCBLib|MODELNAME=SB-tiny|MODELTYPE=PCBLIB|UNIQUEID=XIORXMCF|
RECORD=46|LINENO= 819|OWNERPARTID= -42|OWNERINDEX= 818|
RECORD=48|LINENO= 820|OWNERPARTID= -42|OWNERINDEX= 818|
RECORD=45|LINENO= 821|OWNERPARTID= -42|OWNERINDEX= 814|DATAFILECOUNT=1|MODELDATAFILEENTITY0=SB-LARGE|MODELDATAFILEKIND0=PCBLib|MODELNAME=SB-LARGE|MODELTYPE=PCBLIB|UNIQUEID=UYUCIDMX|
RECORD=46|LINENO= 822|OWNERPARTID= -42|OWNERINDEX= 821|
RECORD=48|LINENO= 823|OWNERPARTID= -42|OWNERINDEX= 821|
RECORD=18|LINENO= 824|OWNERPARTID=   0|OWNERINDEX= -42|ALIGNMENT=1|AREACOLOR=8454143|FONTID=1|HEIGHT=10|LOCATION.X=260|LOCATION.Y=600|NAME=PA13|TEXTCOLOR=128|UNIQUEID=EBAVPVVQ|WIDTH=40|
RECORD=18|LINENO= 825|OWNERPARTID=   0|OWNERINDEX= -42|ALIGNMENT=1|AREACOLOR=8454143|FONTID=1|HEIGHT=10|LOCATION.X=260|LOCATION.Y=590|NAME=PA14|TEXTCOLOR=128|UNIQUEID=SYRQXQVA|WIDTH=40|
RECORD= 1|LINENO= 826|OWNERPARTID=   0|OWNERINDEX= -42|ALLPINCOUNT=2|AREACOLOR=11599871|COMPONENTDESCRIPTION=Solder Jumper|CURRENTPARTID=1|DESIGNITEMID=Strap2|DISPLAYMODECOUNT=1|LIBREFERENCE=Strap2|LOCATION.X=440|LOCATION.Y=470|NOTUSEDBTABLENAME=T|PARTCOUNT=2|PARTIDLOCKED=F|SOURCELIBRARYNAME=Passive.SchLib|TARGETFILENAME=*|UNIQUEID=JBLACPOT|
RECORD=41|LINENO= 827|OWNERPARTID=   0|OWNERINDEX= 826|FONTID=1|ISHIDDEN=T|LOCATION.X=418|LOCATION.Y=465|NAME=Published|TEXT=24-Mar-1999|UNIQUEID=UBQMMABX|
RECORD=41|LINENO= 828|OWNERPARTID=   0|OWNERINDEX= 826|FONTID=1|ISHIDDEN=T|LOCATION.X=418|LOCATION.Y=465|NAME=Revision|TEXT=July-2002: Re-released for DXP Platform.|UNIQUEID=KLYTAYKR|
RECORD=41|LINENO= 829|OWNERPARTID=   0|OWNERINDEX= 826|FONTID=1|ISHIDDEN=T|LOCATION.X=418|LOCATION.Y=465|NAME=Publisher|TEXT=Altium Limited|UNIQUEID=XUQPYYKW|
RECORD=41|LINENO= 830|OWNERPARTID=   0|OWNERINDEX= 826|FONTID=1|ISHIDDEN=T|LOCATION.X=418|LOCATION.Y=447|NAME=Solder|TEXT=YES|UNIQUEID=SDBDCFCW|
RECORD= 2|LINENO= 831|OWNERPARTID=   2|OWNERINDEX= 826|DESIGNATOR=2|ELECTRICAL=4|FORMALTYPE=1|LOCATION.X=440|LOCATION.Y=460|NAME=2|PINCONGLOMERATE=34|PINLENGTH=10|
RECORD=41|LINENO= 832|OWNERPARTID=   0|OWNERINDEX= 831|FONTID=1|ISHIDDEN=T|LOCATION.X=440|LOCATION.Y=460|NAME=PinUniqueId|TEXT=HLUQORBS|UNIQUEID=DYSUNEDS|
RECORD= 2|LINENO= 833|OWNERPARTID=   2|OWNERINDEX= 826|DESIGNATOR=1|ELECTRICAL=4|FORMALTYPE=1|LOCATION.X=460|LOCATION.Y=460|NAME=1|PINCONGLOMERATE=32|PINLENGTH=10|
RECORD=41|LINENO= 834|OWNERPARTID=   0|OWNERINDEX= 833|FONTID=1|ISHIDDEN=T|LOCATION.X=460|LOCATION.Y=460|NAME=PinUniqueId|TEXT=HKYYQBGI|UNIQUEID=FFUBPOPL|
RECORD= 7|LINENO= 835|OWNERPARTID=   2|OWNERINDEX= 826|AREACOLOR=65535|ISSOLID=T|LINEWIDTH=1|LOCATIONCOUNT=6|X1=460|X2=460|X3=455|X4=450|X5=455|X6=460|Y1=460|Y2=455|Y3=455|Y4=460|Y5=465|Y6=465|
RECORD= 7|LINENO= 836|OWNERPARTID=   2|OWNERINDEX= 826|AREACOLOR=65535|ISSOLID=T|LINEWIDTH=1|LOCATIONCOUNT=5|X1=440|X2=440|X3=451|X4=446|X5=451|Y1=465|Y2=455|Y3=455|Y4=460|Y5=465|
RECORD=34|LINENO= 837|OWNERPARTID=   0|OWNERINDEX= 826|FONTID=1|LOCATION.X=419|LOCATION.Y=459|NAME=Designator|TEXT=SB14|UNIQUEID=STBVEJLY|
RECORD=41|LINENO= 838|OWNERPARTID=   0|OWNERINDEX= 826|FONTID=1|LOCATION.X=462|LOCATION.Y=450|NAME=Comment|TEXT=Close|UNIQUEID=XBLKCTNR|
RECORD=44|LINENO= 839|OWNERPARTID= -42|OWNERINDEX= 826|
RECORD=45|LINENO= 840|OWNERPARTID= -42|OWNERINDEX= 839|DATAFILECOUNT=1|MODELDATAFILEENTITY0=SB|MODELDATAFILEKIND0=PCBLib|MODELNAME=SB|MODELTYPE=PCBLIB|UNIQUEID=KFOHKPAL|
RECORD=46|LINENO= 841|OWNERPARTID= -42|OWNERINDEX= 840|
RECORD=48|LINENO= 842|OWNERPARTID= -42|OWNERINDEX= 840|
RECORD=45|LINENO= 843|OWNERPARTID= -42|OWNERINDEX= 839|DATAFILECOUNT=1|ISCURRENT=T|MODELDATAFILEENTITY0=SB-tiny|MODELDATAFILEKIND0=PCBLib|MODELNAME=SB-tiny|MODELTYPE=PCBLIB|UNIQUEID=JAPVCGEE|
RECORD=46|LINENO= 844|OWNERPARTID= -42|OWNERINDEX= 843|
RECORD=48|LINENO= 845|OWNERPARTID= -42|OWNERINDEX= 843|
RECORD=45|LINENO= 846|OWNERPARTID= -42|OWNERINDEX= 839|DATAFILECOUNT=1|MODELDATAFILEENTITY0=SB-LARGE|MODELDATAFILEKIND0=PCBLib|MODELNAME=SB-LARGE|MODELTYPE=PCBLIB|UNIQUEID=EDEUHXWD|
RECORD=46|LINENO= 847|OWNERPARTID= -42|OWNERINDEX= 846|
RECORD=48|LINENO= 848|OWNERPARTID= -42|OWNERINDEX= 846|
RECORD= 1|LINENO= 849|OWNERPARTID=   0|OWNERINDEX= -42|ALLPINCOUNT=2|AREACOLOR=11599871|COMPONENTDESCRIPTION=Solder Jumper|CURRENTPARTID=1|DESIGNITEMID=Strap2|DISPLAYMODECOUNT=1|LIBREFERENCE=Strap2|LOCATION.X=400|LOCATION.Y=460|NOTUSEDBTABLENAME=T|PARTCOUNT=2|PARTIDLOCKED=F|SOURCELIBRARYNAME=Passive.SchLib|TARGETFILENAME=*|UNIQUEID=RWIMITRH|
RECORD=41|LINENO= 850|OWNERPARTID=   0|OWNERINDEX= 849|FONTID=1|ISHIDDEN=T|LOCATION.X=378|LOCATION.Y=455|NAME=Published|TEXT=24-Mar-1999|UNIQUEID=UIPTRBKE|
RECORD=41|LINENO= 851|OWNERPARTID=   0|OWNERINDEX= 849|FONTID=1|ISHIDDEN=T|LOCATION.X=378|LOCATION.Y=455|NAME=Revision|TEXT=July-2002: Re-released for DXP Platform.|UNIQUEID=MODQQOCB|
RECORD=41|LINENO= 852|OWNERPARTID=   0|OWNERINDEX= 849|FONTID=1|ISHIDDEN=T|LOCATION.X=378|LOCATION.Y=455|NAME=Publisher|TEXT=Altium Limited|UNIQUEID=WBRMLHRI|
RECORD=41|LINENO= 853|OWNERPARTID=   0|OWNERINDEX= 849|FONTID=1|ISHIDDEN=T|LOCATION.X=378|LOCATION.Y=437|NAME=Solder|TEXT=YES|UNIQUEID=HCLRENIC|
RECORD= 2|LINENO= 854|OWNERPARTID=   2|OWNERINDEX= 849|DESIGNATOR=2|ELECTRICAL=4|FORMALTYPE=1|LOCATION.X=400|LOCATION.Y=450|NAME=2|PINCONGLOMERATE=34|PINLENGTH=10|
RECORD=41|LINENO= 855|OWNERPARTID=   0|OWNERINDEX= 854|FONTID=1|ISHIDDEN=T|LOCATION.X=400|LOCATION.Y=450|NAME=PinUniqueId|TEXT=HTNIFSPT|UNIQUEID=VVQGWXOX|
RECORD= 2|LINENO= 856|OWNERPARTID=   2|OWNERINDEX= 849|DESIGNATOR=1|ELECTRICAL=4|FORMALTYPE=1|LOCATION.X=420|LOCATION.Y=450|NAME=1|PINCONGLOMERATE=32|PINLENGTH=10|
RECORD=41|LINENO= 857|OWNERPARTID=   0|OWNERINDEX= 856|FONTID=1|ISHIDDEN=T|LOCATION.X=420|LOCATION.Y=450|NAME=PinUniqueId|TEXT=NTGBBAAI|UNIQUEID=WMNQLYFS|
RECORD= 7|LINENO= 858|OWNERPARTID=   2|OWNERINDEX= 849|AREACOLOR=65535|ISSOLID=T|LINEWIDTH=1|LOCATIONCOUNT=6|X1=420|X2=420|X3=415|X4=410|X5=415|X6=420|Y1=450|Y2=445|Y3=445|Y4=450|Y5=455|Y6=455|
RECORD= 7|LINENO= 859|OWNERPARTID=   2|OWNERINDEX= 849|AREACOLOR=65535|ISSOLID=T|LINEWIDTH=1|LOCATIONCOUNT=5|X1=400|X2=400|X3=411|X4=406|X5=411|Y1=455|Y2=445|Y3=445|Y4=450|Y5=455|
RECORD=34|LINENO= 860|OWNERPARTID=   0|OWNERINDEX= 849|FONTID=1|LOCATION.X=401|LOCATION.Y=436|NAME=Designator|TEXT=SB16|UNIQUEID=XMPAIWWO|
RECORD=41|LINENO= 861|OWNERPARTID=   0|OWNERINDEX= 849|FONTID=1|LOCATION.X=422|LOCATION.Y=441|NAME=Comment|TEXT=Open|UNIQUEID=OCUYMPGA|
RECORD=44|LINENO= 862|OWNERPARTID= -42|OWNERINDEX= 849|
RECORD=45|LINENO= 863|OWNERPARTID= -42|OWNERINDEX= 862|DATAFILECOUNT=1|MODELDATAFILEENTITY0=SB|MODELDATAFILEKIND0=PCBLib|MODELNAME=SB|MODELTYPE=PCBLIB|UNIQUEID=LMHWLDLT|
RECORD=46|LINENO= 864|OWNERPARTID= -42|OWNERINDEX= 863|
RECORD=48|LINENO= 865|OWNERPARTID= -42|OWNERINDEX= 863|
RECORD=45|LINENO= 866|OWNERPARTID= -42|OWNERINDEX= 862|DATAFILECOUNT=1|ISCURRENT=T|MODELDATAFILEENTITY0=SB-tiny|MODELDATAFILEKIND0=PCBLib|MODELNAME=SB-tiny|MODELTYPE=PCBLIB|UNIQUEID=XVHNTAPN|
RECORD=46|LINENO= 867|OWNERPARTID= -42|OWNERINDEX= 866|
RECORD=48|LINENO= 868|OWNERPARTID= -42|OWNERINDEX= 866|
RECORD=45|LINENO= 869|OWNERPARTID= -42|OWNERINDEX= 862|DATAFILECOUNT=1|MODELDATAFILEENTITY0=SB-LARGE|MODELDATAFILEKIND0=PCBLib|MODELNAME=SB-LARGE|MODELTYPE=PCBLIB|UNIQUEID=JRCYSVYJ|
RECORD=46|LINENO= 870|OWNERPARTID= -42|OWNERINDEX= 869|
RECORD=48|LINENO= 871|OWNERPARTID= -42|OWNERINDEX= 869|
RECORD=18|LINENO= 872|OWNERPARTID=   0|OWNERINDEX= -42|ALIGNMENT=1|AREACOLOR=8454143|FONTID=1|HEIGHT=10|LOCATION.X=340|LOCATION.Y=450|NAME=PB6|TEXTCOLOR=128|UNIQUEID=NUUHPOFA|WIDTH=40|
RECORD= 1|LINENO= 873|OWNERPARTID=   0|OWNERINDEX= -42|ALLPINCOUNT=2|AREACOLOR=11599871|COMPONENTDESCRIPTION=Solder Jumper|CURRENTPARTID=1|DESIGNITEMID=Strap2|DISPLAYMODECOUNT=1|LIBREFERENCE=Strap2|LOCATION.X=580|LOCATION.Y=480|NOTUSEDBTABLENAME=T|PARTCOUNT=2|PARTIDLOCKED=F|SOURCELIBRARYNAME=Passive.SchLib|TARGETFILENAME=*|UNIQUEID=NMUNPLRE|
RECORD=41|LINENO= 874|OWNERPARTID=   0|OWNERINDEX= 873|FONTID=1|ISHIDDEN=T|LOCATION.X=558|LOCATION.Y=475|NAME=Published|TEXT=24-Mar-1999|UNIQUEID=DJNEMQNG|
RECORD=41|LINENO= 875|OWNERPARTID=   0|OWNERINDEX= 873|FONTID=1|ISHIDDEN=T|LOCATION.X=558|LOCATION.Y=475|NAME=Revision|TEXT=July-2002: Re-released for DXP Platform.|UNIQUEID=BDNTDMSE|
RECORD=41|LINENO= 876|OWNERPARTID=   0|OWNERINDEX= 873|FONTID=1|ISHIDDEN=T|LOCATION.X=558|LOCATION.Y=475|NAME=Publisher|TEXT=Altium Limited|UNIQUEID=JSKKUMCV|
RECORD=41|LINENO= 877|OWNERPARTID=   0|OWNERINDEX= 873|FONTID=1|ISHIDDEN=T|LOCATION.X=558|LOCATION.Y=457|NAME=Solder|TEXT=YES|UNIQUEID=CKHVILUJ|
RECORD= 2|LINENO= 878|OWNERPARTID=   2|OWNERINDEX= 873|DESIGNATOR=2|ELECTRICAL=4|FORMALTYPE=1|LOCATION.X=580|LOCATION.Y=470|NAME=2|PINCONGLOMERATE=34|PINLENGTH=10|
RECORD=41|LINENO= 879|OWNERPARTID=   0|OWNERINDEX= 878|FONTID=1|ISHIDDEN=T|LOCATION.X=580|LOCATION.Y=470|NAME=PinUniqueId|TEXT=TUUHGUOU|UNIQUEID=PASRHYER|
RECORD= 2|LINENO= 880|OWNERPARTID=   2|OWNERINDEX= 873|DESIGNATOR=1|ELECTRICAL=4|FORMALTYPE=1|LOCATION.X=600|LOCATION.Y=470|NAME=1|PINCONGLOMERATE=32|PINLENGTH=10|
RECORD=41|LINENO= 881|OWNERPARTID=   0|OWNERINDEX= 880|FONTID=1|ISHIDDEN=T|LOCATION.X=600|LOCATION.Y=470|NAME=PinUniqueId|TEXT=XKBRAIEX|UNIQUEID=EBXCPSLG|
RECORD= 7|LINENO= 882|OWNERPARTID=   2|OWNERINDEX= 873|AREACOLOR=65535|ISSOLID=T|LINEWIDTH=1|LOCATIONCOUNT=6|X1=600|X2=600|X3=595|X4=590|X5=595|X6=600|Y1=470|Y2=465|Y3=465|Y4=470|Y5=475|Y6=475|
RECORD= 7|LINENO= 883|OWNERPARTID=   2|OWNERINDEX= 873|AREACOLOR=65535|ISSOLID=T|LINEWIDTH=1|LOCATIONCOUNT=5|X1=580|X2=580|X3=591|X4=586|X5=591|Y1=475|Y2=465|Y3=465|Y4=470|Y5=475|
RECORD=34|LINENO= 884|OWNERPARTID=   0|OWNERINDEX= 873|FONTID=1|LOCATION.X=602|LOCATION.Y=460|NAME=Designator|TEXT=SB15|UNIQUEID=VFMVUWIT|
RECORD=41|LINENO= 885|OWNERPARTID=   0|OWNERINDEX= 873|FONTID=1|LOCATION.X=601|LOCATION.Y=470|NAME=Comment|TEXT=Close|UNIQUEID=RXGDLRTN|
RECORD=44|LINENO= 886|OWNERPARTID= -42|OWNERINDEX= 873|
RECORD=45|LINENO= 887|OWNERPARTID= -42|OWNERINDEX= 886|DATAFILECOUNT=1|MODELDATAFILEENTITY0=SB|MODELDATAFILEKIND0=PCBLib|MODELNAME=SB|MODELTYPE=PCBLIB|UNIQUEID=IOBYVIFX|
RECORD=46|LINENO= 888|OWNERPARTID= -42|OWNERINDEX= 887|
RECORD=48|LINENO= 889|OWNERPARTID= -42|OWNERINDEX= 887|
RECORD=45|LINENO= 890|OWNERPARTID= -42|OWNERINDEX= 886|DATAFILECOUNT=1|ISCURRENT=T|MODELDATAFILEENTITY0=SB-tiny|MODELDATAFILEKIND0=PCBLib|MODELNAME=SB-tiny|MODELTYPE=PCBLIB|UNIQUEID=YYLJMSGE|
RECORD=46|LINENO= 891|OWNERPARTID= -42|OWNERINDEX= 890|
RECORD=48|LINENO= 892|OWNERPARTID= -42|OWNERINDEX= 890|
RECORD=45|LINENO= 893|OWNERPARTID= -42|OWNERINDEX= 886|DATAFILECOUNT=1|MODELDATAFILEENTITY0=SB-LARGE|MODELDATAFILEKIND0=PCBLib|MODELNAME=SB-LARGE|MODELTYPE=PCBLIB|UNIQUEID=DYNRTIHG|
RECORD=46|LINENO= 894|OWNERPARTID= -42|OWNERINDEX= 893|
RECORD=48|LINENO= 895|OWNERPARTID= -42|OWNERINDEX= 893|
RECORD= 1|LINENO= 896|OWNERPARTID=   0|OWNERINDEX= -42|ALLPINCOUNT=2|AREACOLOR=11599871|COMPONENTDESCRIPTION=Solder Jumper|CURRENTPARTID=1|DESIGNITEMID=Strap2|DISPLAYMODECOUNT=1|LIBREFERENCE=Strap2|LOCATION.X=580|LOCATION.Y=460|NOTUSEDBTABLENAME=T|PARTCOUNT=2|PARTIDLOCKED=F|SOURCELIBRARYNAME=Passive.SchLib|TARGETFILENAME=*|UNIQUEID=UTFDWNIK|
RECORD=41|LINENO= 897|OWNERPARTID=   0|OWNERINDEX= 896|FONTID=1|ISHIDDEN=T|LOCATION.X=558|LOCATION.Y=455|NAME=Published|TEXT=24-Mar-1999|UNIQUEID=EHRVVSDR|
RECORD=41|LINENO= 898|OWNERPARTID=   0|OWNERINDEX= 896|FONTID=1|ISHIDDEN=T|LOCATION.X=558|LOCATION.Y=455|NAME=Revision|TEXT=July-2002: Re-released for DXP Platform.|UNIQUEID=PQIWUWKC|
RECORD=41|LINENO= 899|OWNERPARTID=   0|OWNERINDEX= 896|FONTID=1|ISHIDDEN=T|LOCATION.X=558|LOCATION.Y=455|NAME=Publisher|TEXT=Altium Limited|UNIQUEID=KOHSQFXE|
RECORD=41|LINENO= 900|OWNERPARTID=   0|OWNERINDEX= 896|FONTID=1|ISHIDDEN=T|LOCATION.X=558|LOCATION.Y=437|NAME=Solder|TEXT=YES|UNIQUEID=YABWTMQO|
RECORD= 2|LINENO= 901|OWNERPARTID=   2|OWNERINDEX= 896|DESIGNATOR=2|ELECTRICAL=4|FORMALTYPE=1|LOCATION.X=580|LOCATION.Y=450|NAME=2|PINCONGLOMERATE=34|PINLENGTH=10|
RECORD=41|LINENO= 902|OWNERPARTID=   0|OWNERINDEX= 901|FONTID=1|ISHIDDEN=T|LOCATION.X=580|LOCATION.Y=450|NAME=PinUniqueId|TEXT=EEIMHHOM|UNIQUEID=KDDMNGHF|
RECORD= 2|LINENO= 903|OWNERPARTID=   2|OWNERINDEX= 896|DESIGNATOR=1|ELECTRICAL=4|FORMALTYPE=1|LOCATION.X=600|LOCATION.Y=450|NAME=1|PINCONGLOMERATE=32|PINLENGTH=10|
RECORD=41|LINENO= 904|OWNERPARTID=   0|OWNERINDEX= 903|FONTID=1|ISHIDDEN=T|LOCATION.X=600|LOCATION.Y=450|NAME=PinUniqueId|TEXT=OIPJQGWW|UNIQUEID=YXQQHPKM|
RECORD= 7|LINENO= 905|OWNERPARTID=   2|OWNERINDEX= 896|AREACOLOR=65535|ISSOLID=T|LINEWIDTH=1|LOCATIONCOUNT=6|X1=600|X2=600|X3=595|X4=590|X5=595|X6=600|Y1=450|Y2=445|Y3=445|Y4=450|Y5=455|Y6=455|
RECORD= 7|LINENO= 906|OWNERPARTID=   2|OWNERINDEX= 896|AREACOLOR=65535|ISSOLID=T|LINEWIDTH=1|LOCATIONCOUNT=5|X1=580|X2=580|X3=591|X4=586|X5=591|Y1=455|Y2=445|Y3=445|Y4=450|Y5=455|
RECORD=34|LINENO= 907|OWNERPARTID=   0|OWNERINDEX= 896|FONTID=1|LOCATION.X=601|LOCATION.Y=440|NAME=Designator|TEXT=SB18|UNIQUEID=YMXUODRW|
RECORD=41|LINENO= 908|OWNERPARTID=   0|OWNERINDEX= 896|FONTID=1|LOCATION.X=601|LOCATION.Y=450|NAME=Comment|TEXT=Open|UNIQUEID=DHJNVHGG|
RECORD=44|LINENO= 909|OWNERPARTID= -42|OWNERINDEX= 896|
RECORD=45|LINENO= 910|OWNERPARTID= -42|OWNERINDEX= 909|DATAFILECOUNT=1|MODELDATAFILEENTITY0=SB|MODELDATAFILEKIND0=PCBLib|MODELNAME=SB|MODELTYPE=PCBLIB|UNIQUEID=LCMALIUM|
RECORD=46|LINENO= 911|OWNERPARTID= -42|OWNERINDEX= 910|
RECORD=48|LINENO= 912|OWNERPARTID= -42|OWNERINDEX= 910|
RECORD=45|LINENO= 913|OWNERPARTID= -42|OWNERINDEX= 909|DATAFILECOUNT=1|ISCURRENT=T|MODELDATAFILEENTITY0=SB-tiny|MODELDATAFILEKIND0=PCBLib|MODELNAME=SB-tiny|MODELTYPE=PCBLIB|UNIQUEID=MGBNUIET|
RECORD=46|LINENO= 914|OWNERPARTID= -42|OWNERINDEX= 913|
RECORD=48|LINENO= 915|OWNERPARTID= -42|OWNERINDEX= 913|
RECORD=45|LINENO= 916|OWNERPARTID= -42|OWNERINDEX= 909|DATAFILECOUNT=1|MODELDATAFILEENTITY0=SB-LARGE|MODELDATAFILEKIND0=PCBLib|MODELNAME=SB-LARGE|MODELTYPE=PCBLIB|UNIQUEID=MCQUVBTB|
RECORD=46|LINENO= 917|OWNERPARTID= -42|OWNERINDEX= 916|
RECORD=48|LINENO= 918|OWNERPARTID= -42|OWNERINDEX= 916|
RECORD=18|LINENO= 919|OWNERPARTID=   0|OWNERINDEX= -42|ALIGNMENT=1|AREACOLOR=8454143|FONTID=1|HEIGHT=10|LOCATION.X=520|LOCATION.Y=450|NAME=PC11|TEXTCOLOR=128|UNIQUEID=IATSKIGU|WIDTH=40|
RECORD=18|LINENO= 920|OWNERPARTID=   0|OWNERINDEX= -42|ALIGNMENT=1|AREACOLOR=8454143|FONTID=1|HEIGHT=10|LOCATION.X=520|LOCATION.Y=650|NAME=PA10|TEXTCOLOR=128|UNIQUEID=DEARLREK|WIDTH=40|
RECORD= 1|LINENO= 921|OWNERPARTID=   0|OWNERINDEX= -42|ALLPINCOUNT=2|AREACOLOR=11599871|COMPONENTDESCRIPTION=Solder Jumper|CURRENTPARTID=1|DESIGNITEMID=Strap2|DISPLAYMODECOUNT=1|LIBREFERENCE=Strap2|LOCATION.X=580|LOCATION.Y=690|NOTUSEDBTABLENAME=T|PARTCOUNT=2|PARTIDLOCKED=F|SOURCELIBRARYNAME=Passive.SchLib|TARGETFILENAME=*|UNIQUEID=HJMHOMHC|
RECORD=41|LINENO= 922|OWNERPARTID=   0|OWNERINDEX= 921|FONTID=1|ISHIDDEN=T|LOCATION.X=558|LOCATION.Y=685|NAME=Published|TEXT=24-Mar-1999|UNIQUEID=VWIJVBPC|
RECORD=41|LINENO= 923|OWNERPARTID=   0|OWNERINDEX= 921|FONTID=1|ISHIDDEN=T|LOCATION.X=558|LOCATION.Y=685|NAME=Revision|TEXT=July-2002: Re-released for DXP Platform.|UNIQUEID=RPYMABHL|
RECORD=41|LINENO= 924|OWNERPARTID=   0|OWNERINDEX= 921|FONTID=1|ISHIDDEN=T|LOCATION.X=558|LOCATION.Y=685|NAME=Publisher|TEXT=Altium Limited|UNIQUEID=SENWLMGA|
RECORD=41|LINENO= 925|OWNERPARTID=   0|OWNERINDEX= 921|FONTID=1|ISHIDDEN=T|LOCATION.X=558|LOCATION.Y=667|NAME=Solder|TEXT=YES|UNIQUEID=WMMQELPF|
RECORD= 2|LINENO= 926|OWNERPARTID=   2|OWNERINDEX= 921|DESIGNATOR=2|ELECTRICAL=4|FORMALTYPE=1|LOCATION.X=580|LOCATION.Y=680|NAME=2|PINCONGLOMERATE=34|PINLENGTH=10|
RECORD=41|LINENO= 927|OWNERPARTID=   0|OWNERINDEX= 926|FONTID=1|ISHIDDEN=T|LOCATION.X=580|LOCATION.Y=680|NAME=PinUniqueId|TEXT=UVLWHUQE|UNIQUEID=TSSAHYQR|
RECORD= 2|LINENO= 928|OWNERPARTID=   2|OWNERINDEX= 921|DESIGNATOR=1|ELECTRICAL=4|FORMALTYPE=1|LOCATION.X=600|LOCATION.Y=680|NAME=1|PINCONGLOMERATE=32|PINLENGTH=10|
RECORD=41|LINENO= 929|OWNERPARTID=   0|OWNERINDEX= 928|FONTID=1|ISHIDDEN=T|LOCATION.X=600|LOCATION.Y=680|NAME=PinUniqueId|TEXT=IFEYULJU|UNIQUEID=RYDEAKWC|
RECORD= 7|LINENO= 930|OWNERPARTID=   2|OWNERINDEX= 921|AREACOLOR=65535|ISSOLID=T|LINEWIDTH=1|LOCATIONCOUNT=6|X1=600|X2=600|X3=595|X4=590|X5=595|X6=600|Y1=680|Y2=675|Y3=675|Y4=680|Y5=685|Y6=685|
RECORD= 7|LINENO= 931|OWNERPARTID=   2|OWNERINDEX= 921|AREACOLOR=65535|ISSOLID=T|LINEWIDTH=1|LOCATIONCOUNT=5|X1=580|X2=580|X3=591|X4=586|X5=591|Y1=685|Y2=675|Y3=675|Y4=680|Y5=685|
RECORD=34|LINENO= 932|OWNERPARTID=   0|OWNERINDEX= 921|FONTID=1|LOCATION.X=601|LOCATION.Y=670|NAME=Designator|TEXT=SB1|UNIQUEID=RSFAHIAI|
RECORD=41|LINENO= 933|OWNERPARTID=   0|OWNERINDEX= 921|FONTID=1|LOCATION.X=601|LOCATION.Y=680|NAME=Comment|TEXT=Close|UNIQUEID=RDPKAUVP|
RECORD=44|LINENO= 934|OWNERPARTID= -42|OWNERINDEX= 921|
RECORD=45|LINENO= 935|OWNERPARTID= -42|OWNERINDEX= 934|DATAFILECOUNT=1|MODELDATAFILEENTITY0=SB|MODELDATAFILEKIND0=PCBLib|MODELNAME=SB|MODELTYPE=PCBLIB|UNIQUEID=RKBNWYJC|
RECORD=46|LINENO= 936|OWNERPARTID= -42|OWNERINDEX= 935|
RECORD=48|LINENO= 937|OWNERPARTID= -42|OWNERINDEX= 935|
RECORD=45|LINENO= 938|OWNERPARTID= -42|OWNERINDEX= 934|DATAFILECOUNT=1|ISCURRENT=T|MODELDATAFILEENTITY0=SB-tiny|MODELDATAFILEKIND0=PCBLib|MODELNAME=SB-tiny|MODELTYPE=PCBLIB|UNIQUEID=QNSAFKUN|
RECORD=46|LINENO= 939|OWNERPARTID= -42|OWNERINDEX= 938|
RECORD=48|LINENO= 940|OWNERPARTID= -42|OWNERINDEX= 938|
RECORD=45|LINENO= 941|OWNERPARTID= -42|OWNERINDEX= 934|DATAFILECOUNT=1|MODELDATAFILEENTITY0=SB-LARGE|MODELDATAFILEKIND0=PCBLib|MODELNAME=SB-LARGE|MODELTYPE=PCBLIB|UNIQUEID=GJFVUPYK|
RECORD=46|LINENO= 942|OWNERPARTID= -42|OWNERINDEX= 941|
RECORD=48|LINENO= 943|OWNERPARTID= -42|OWNERINDEX= 941|
RECORD= 1|LINENO= 944|OWNERPARTID=   0|OWNERINDEX= -42|ALLPINCOUNT=2|AREACOLOR=11599871|COMPONENTDESCRIPTION=Solder Jumper|CURRENTPARTID=1|DESIGNITEMID=Strap2|DISPLAYMODECOUNT=1|LIBREFERENCE=Strap2|LOCATION.X=580|LOCATION.Y=660|NOTUSEDBTABLENAME=T|PARTCOUNT=2|PARTIDLOCKED=F|SOURCELIBRARYNAME=Passive.SchLib|TARGETFILENAME=*|UNIQUEID=VIRMASSY|
RECORD=41|LINENO= 945|OWNERPARTID=   0|OWNERINDEX= 944|FONTID=1|ISHIDDEN=T|LOCATION.X=558|LOCATION.Y=655|NAME=Published|TEXT=24-Mar-1999|UNIQUEID=UYGRWETD|
RECORD=41|LINENO= 946|OWNERPARTID=   0|OWNERINDEX= 944|FONTID=1|ISHIDDEN=T|LOCATION.X=558|LOCATION.Y=655|NAME=Revision|TEXT=July-2002: Re-released for DXP Platform.|UNIQUEID=DJCLINYP|
RECORD=41|LINENO= 947|OWNERPARTID=   0|OWNERINDEX= 944|FONTID=1|ISHIDDEN=T|LOCATION.X=558|LOCATION.Y=655|NAME=Publisher|TEXT=Altium Limited|UNIQUEID=ECEMNROE|
RECORD=41|LINENO= 948|OWNERPARTID=   0|OWNERINDEX= 944|FONTID=1|ISHIDDEN=T|LOCATION.X=558|LOCATION.Y=637|NAME=Solder|TEXT=YES|UNIQUEID=MBPBMCQD|
RECORD= 2|LINENO= 949|OWNERPARTID=   2|OWNERINDEX= 944|DESIGNATOR=2|ELECTRICAL=4|FORMALTYPE=1|LOCATION.X=580|LOCATION.Y=650|NAME=2|PINCONGLOMERATE=34|PINLENGTH=10|
RECORD=41|LINENO= 950|OWNERPARTID=   0|OWNERINDEX= 949|FONTID=1|ISHIDDEN=T|LOCATION.X=580|LOCATION.Y=650|NAME=PinUniqueId|TEXT=HHGJXVAT|UNIQUEID=OOJMSAFJ|
RECORD= 2|LINENO= 951|OWNERPARTID=   2|OWNERINDEX= 944|DESIGNATOR=1|ELECTRICAL=4|FORMALTYPE=1|LOCATION.X=600|LOCATION.Y=650|NAME=1|PINCONGLOMERATE=32|PINLENGTH=10|
RECORD=41|LINENO= 952|OWNERPARTID=   0|OWNERINDEX= 951|FONTID=1|ISHIDDEN=T|LOCATION.X=600|LOCATION.Y=650|NAME=PinUniqueId|TEXT=TWNXFCLS|UNIQUEID=SPYUCEQQ|
RECORD= 7|LINENO= 953|OWNERPARTID=   2|OWNERINDEX= 944|AREACOLOR=65535|ISSOLID=T|LINEWIDTH=1|LOCATIONCOUNT=6|X1=600|X2=600|X3=595|X4=590|X5=595|X6=600|Y1=650|Y2=645|Y3=645|Y4=650|Y5=655|Y6=655|
RECORD= 7|LINENO= 954|OWNERPARTID=   2|OWNERINDEX= 944|AREACOLOR=65535|ISSOLID=T|LINEWIDTH=1|LOCATIONCOUNT=5|X1=580|X2=580|X3=591|X4=586|X5=591|Y1=655|Y2=645|Y3=645|Y4=650|Y5=655|
RECORD=34|LINENO= 955|OWNERPARTID=   0|OWNERINDEX= 944|FONTID=1|LOCATION.X=601|LOCATION.Y=640|NAME=Designator|TEXT=SB3|UNIQUEID=JPTBUIWN|
RECORD=41|LINENO= 956|OWNERPARTID=   0|OWNERINDEX= 944|FONTID=1|LOCATION.X=602|LOCATION.Y=650|NAME=Comment|TEXT=Open|UNIQUEID=QDHAGUIQ|
RECORD=44|LINENO= 957|OWNERPARTID= -42|OWNERINDEX= 944|
RECORD=45|LINENO= 958|OWNERPARTID= -42|OWNERINDEX= 957|DATAFILECOUNT=1|MODELDATAFILEENTITY0=SB|MODELDATAFILEKIND0=PCBLib|MODELNAME=SB|MODELTYPE=PCBLIB|UNIQUEID=VDRCCGGO|
RECORD=46|LINENO= 959|OWNERPARTID= -42|OWNERINDEX= 958|
RECORD=48|LINENO= 960|OWNERPARTID= -42|OWNERINDEX= 958|
RECORD=45|LINENO= 961|OWNERPARTID= -42|OWNERINDEX= 957|DATAFILECOUNT=1|ISCURRENT=T|MODELDATAFILEENTITY0=SB-tiny|MODELDATAFILEKIND0=PCBLib|MODELNAME=SB-tiny|MODELTYPE=PCBLIB|UNIQUEID=FMCPXLFF|
RECORD=46|LINENO= 962|OWNERPARTID= -42|OWNERINDEX= 961|
RECORD=48|LINENO= 963|OWNERPARTID= -42|OWNERINDEX= 961|
RECORD=45|LINENO= 964|OWNERPARTID= -42|OWNERINDEX= 957|DATAFILECOUNT=1|MODELDATAFILEENTITY0=SB-LARGE|MODELDATAFILEKIND0=PCBLib|MODELNAME=SB-LARGE|MODELTYPE=PCBLIB|UNIQUEID=UVYEHWPX|
RECORD=46|LINENO= 965|OWNERPARTID= -42|OWNERINDEX= 964|
RECORD=48|LINENO= 966|OWNERPARTID= -42|OWNERINDEX= 964|
RECORD= 1|LINENO= 967|OWNERPARTID=   0|OWNERINDEX= -42|ALLPINCOUNT=2|AREACOLOR=11599871|COMPONENTDESCRIPTION=Solder Jumper|CURRENTPARTID=1|DESIGNITEMID=Strap2|DISPLAYMODECOUNT=1|LIBREFERENCE=Strap2|LOCATION.X=580|LOCATION.Y=580|NOTUSEDBTABLENAME=T|PARTCOUNT=2|PARTIDLOCKED=F|SOURCELIBRARYNAME=Passive.SchLib|TARGETFILENAME=*|UNIQUEID=LYLXDBFD|
RECORD=41|LINENO= 968|OWNERPARTID=   0|OWNERINDEX= 967|FONTID=1|ISHIDDEN=T|LOCATION.X=558|LOCATION.Y=575|NAME=Published|TEXT=24-Mar-1999|UNIQUEID=NGISHGEH|
RECORD=41|LINENO= 969|OWNERPARTID=   0|OWNERINDEX= 967|FONTID=1|ISHIDDEN=T|LOCATION.X=558|LOCATION.Y=575|NAME=Revision|TEXT=July-2002: Re-released for DXP Platform.|UNIQUEID=KHQGIWDL|
RECORD=41|LINENO= 970|OWNERPARTID=   0|OWNERINDEX= 967|FONTID=1|ISHIDDEN=T|LOCATION.X=558|LOCATION.Y=575|NAME=Publisher|TEXT=Altium Limited|UNIQUEID=PWCIOKEM|
RECORD=41|LINENO= 971|OWNERPARTID=   0|OWNERINDEX= 967|FONTID=1|ISHIDDEN=T|LOCATION.X=558|LOCATION.Y=557|NAME=Solder|TEXT=YES|UNIQUEID=FFNRGGWJ|
RECORD= 2|LINENO= 972|OWNERPARTID=   2|OWNERINDEX= 967|DESIGNATOR=2|ELECTRICAL=4|FORMALTYPE=1|LOCATION.X=580|LOCATION.Y=570|NAME=2|PINCONGLOMERATE=34|PINLENGTH=10|
RECORD=41|LINENO= 973|OWNERPARTID=   0|OWNERINDEX= 972|FONTID=1|ISHIDDEN=T|LOCATION.X=580|LOCATION.Y=570|NAME=PinUniqueId|TEXT=YDGFFPGR|UNIQUEID=NXFAHLQL|
RECORD= 2|LINENO= 974|OWNERPARTID=   2|OWNERINDEX= 967|DESIGNATOR=1|ELECTRICAL=4|FORMALTYPE=1|LOCATION.X=600|LOCATION.Y=570|NAME=1|PINCONGLOMERATE=32|PINLENGTH=10|
RECORD=41|LINENO= 975|OWNERPARTID=   0|OWNERINDEX= 974|FONTID=1|ISHIDDEN=T|LOCATION.X=600|LOCATION.Y=570|NAME=PinUniqueId|TEXT=BFMYLNIP|UNIQUEID=IYAAKYRS|
RECORD= 7|LINENO= 976|OWNERPARTID=   2|OWNERINDEX= 967|AREACOLOR=65535|ISSOLID=T|LINEWIDTH=1|LOCATIONCOUNT=6|X1=600|X2=600|X3=595|X4=590|X5=595|X6=600|Y1=570|Y2=565|Y3=565|Y4=570|Y5=575|Y6=575|
RECORD= 7|LINENO= 977|OWNERPARTID=   2|OWNERINDEX= 967|AREACOLOR=65535|ISSOLID=T|LINEWIDTH=1|LOCATIONCOUNT=5|X1=580|X2=580|X3=591|X4=586|X5=591|Y1=575|Y2=565|Y3=565|Y4=570|Y5=575|
RECORD=34|LINENO= 978|OWNERPARTID=   0|OWNERINDEX= 967|FONTID=1|LOCATION.X=601|LOCATION.Y=560|NAME=Designator|TEXT=SB8|UNIQUEID=FGIKILYR|
RECORD=41|LINENO= 979|OWNERPARTID=   0|OWNERINDEX= 967|FONTID=1|LOCATION.X=601|LOCATION.Y=570|NAME=Comment|TEXT=Close|UNIQUEID=MHGSQCPI|
RECORD=44|LINENO= 980|OWNERPARTID= -42|OWNERINDEX= 967|
RECORD=45|LINENO= 981|OWNERPARTID= -42|OWNERINDEX= 980|DATAFILECOUNT=1|MODELDATAFILEENTITY0=SB|MODELDATAFILEKIND0=PCBLib|MODELNAME=SB|MODELTYPE=PCBLIB|UNIQUEID=BIHPNYXH|
RECORD=46|LINENO= 982|OWNERPARTID= -42|OWNERINDEX= 981|
RECORD=48|LINENO= 983|OWNERPARTID= -42|OWNERINDEX= 981|
RECORD=45|LINENO= 984|OWNERPARTID= -42|OWNERINDEX= 980|DATAFILECOUNT=1|ISCURRENT=T|MODELDATAFILEENTITY0=SB-tiny|MODELDATAFILEKIND0=PCBLib|MODELNAME=SB-tiny|MODELTYPE=PCBLIB|UNIQUEID=JOULBXVD|
RECORD=46|LINENO= 985|OWNERPARTID= -42|OWNERINDEX= 984|
RECORD=48|LINENO= 986|OWNERPARTID= -42|OWNERINDEX= 984|
RECORD=45|LINENO= 987|OWNERPARTID= -42|OWNERINDEX= 980|DATAFILECOUNT=1|MODELDATAFILEENTITY0=SB-LARGE|MODELDATAFILEKIND0=PCBLib|MODELNAME=SB-LARGE|MODELTYPE=PCBLIB|UNIQUEID=SDTBHNDF|
RECORD=46|LINENO= 988|OWNERPARTID= -42|OWNERINDEX= 987|
RECORD=48|LINENO= 989|OWNERPARTID= -42|OWNERINDEX= 987|
RECORD=18|LINENO= 990|OWNERPARTID=   0|OWNERINDEX= -42|ALIGNMENT=1|AREACOLOR=8454143|FONTID=1|HEIGHT=10|LOCATION.X=920|LOCATION.Y=540|NAME=PA9|TEXTCOLOR=128|UNIQUEID=JVGQOYYE|WIDTH=40|
RECORD= 1|LINENO= 991|OWNERPARTID=   0|OWNERINDEX= -42|ALLPINCOUNT=2|AREACOLOR=11599871|COMPONENTDESCRIPTION=Solder Jumper|CURRENTPARTID=1|DESIGNITEMID=Strap2|DISPLAYMODECOUNT=1|LIBREFERENCE=Strap2|LOCATION.X=890|LOCATION.Y=550|NOTUSEDBTABLENAME=T|PARTCOUNT=2|PARTIDLOCKED=F|SOURCELIBRARYNAME=Passive.SchLib|TARGETFILENAME=*|UNIQUEID=QUXCQFXY|
RECORD=41|LINENO= 992|OWNERPARTID=   0|OWNERINDEX= 991|FONTID=1|ISHIDDEN=T|LOCATION.X=868|LOCATION.Y=545|NAME=Published|TEXT=24-Mar-1999|UNIQUEID=MRSTOYUB|
RECORD=41|LINENO= 993|OWNERPARTID=   0|OWNERINDEX= 991|FONTID=1|ISHIDDEN=T|LOCATION.X=868|LOCATION.Y=545|NAME=Revision|TEXT=July-2002: Re-released for DXP Platform.|UNIQUEID=PRIBFDAD|
RECORD=41|LINENO= 994|OWNERPARTID=   0|OWNERINDEX= 991|FONTID=1|ISHIDDEN=T|LOCATION.X=868|LOCATION.Y=545|NAME=Publisher|TEXT=Altium Limited|UNIQUEID=KLMQLRLW|
RECORD=41|LINENO= 995|OWNERPARTID=   0|OWNERINDEX= 991|FONTID=1|ISHIDDEN=T|LOCATION.X=868|LOCATION.Y=527|NAME=Solder|TEXT=YES|UNIQUEID=VXYPLRSF|
RECORD= 2|LINENO= 996|OWNERPARTID=   2|OWNERINDEX= 991|DESIGNATOR=2|ELECTRICAL=4|FORMALTYPE=1|LOCATION.X=890|LOCATION.Y=540|NAME=2|PINCONGLOMERATE=34|PINLENGTH=10|
RECORD=41|LINENO= 997|OWNERPARTID=   0|OWNERINDEX= 996|FONTID=1|ISHIDDEN=T|LOCATION.X=890|LOCATION.Y=540|NAME=PinUniqueId|TEXT=EJTAFUYS|UNIQUEID=XGOLHSJA|
RECORD= 2|LINENO= 998|OWNERPARTID=   2|OWNERINDEX= 991|DESIGNATOR=1|ELECTRICAL=4|FORMALTYPE=1|LOCATION.X=910|LOCATION.Y=540|NAME=1|PINCONGLOMERATE=32|PINLENGTH=10|
RECORD=41|LINENO= 999|OWNERPARTID=   0|OWNERINDEX= 998|FONTID=1|ISHIDDEN=T|LOCATION.X=910|LOCATION.Y=540|NAME=PinUniqueId|TEXT=IMAFRGUG|UNIQUEID=DONPFALQ|
RECORD= 7|LINENO=1000|OWNERPARTID=   2|OWNERINDEX= 991|AREACOLOR=65535|ISSOLID=T|LINEWIDTH=1|LOCATIONCOUNT=6|X1=910|X2=910|X3=905|X4=900|X5=905|X6=910|Y1=540|Y2=535|Y3=535|Y4=540|Y5=545|Y6=545|
RECORD= 7|LINENO=1001|OWNERPARTID=   2|OWNERINDEX= 991|AREACOLOR=65535|ISSOLID=T|LINEWIDTH=1|LOCATIONCOUNT=5|X1=890|X2=890|X3=901|X4=896|X5=901|Y1=545|Y2=535|Y3=535|Y4=540|Y5=545|
RECORD=34|LINENO=1002|OWNERPARTID=   0|OWNERINDEX= 991|FONTID=1|LOCATION.X=868|LOCATION.Y=530|NAME=Designator|TEXT=SB10|UNIQUEID=TNUIIKKK|
RECORD=41|LINENO=1003|OWNERPARTID=   0|OWNERINDEX= 991|FONTID=1|LOCATION.X=868|LOCATION.Y=540|NAME=Comment|TEXT=Open|UNIQUEID=WJPUTOYN|
RECORD=44|LINENO=1004|OWNERPARTID= -42|OWNERINDEX= 991|
RECORD=45|LINENO=1005|OWNERPARTID= -42|OWNERINDEX=1004|DATAFILECOUNT=1|MODELDATAFILEENTITY0=SB|MODELDATAFILEKIND0=PCBLib|MODELNAME=SB|MODELTYPE=PCBLIB|UNIQUEID=JERQRPVL|
RECORD=46|LINENO=1006|OWNERPARTID= -42|OWNERINDEX=1005|
RECORD=48|LINENO=1007|OWNERPARTID= -42|OWNERINDEX=1005|
RECORD=45|LINENO=1008|OWNERPARTID= -42|OWNERINDEX=1004|DATAFILECOUNT=1|ISCURRENT=T|MODELDATAFILEENTITY0=SB-tiny|MODELDATAFILEKIND0=PCBLib|MODELNAME=SB-tiny|MODELTYPE=PCBLIB|UNIQUEID=ODCFTSHK|
RECORD=46|LINENO=1009|OWNERPARTID= -42|OWNERINDEX=1008|
RECORD=48|LINENO=1010|OWNERPARTID= -42|OWNERINDEX=1008|
RECORD=45|LINENO=1011|OWNERPARTID= -42|OWNERINDEX=1004|DATAFILECOUNT=1|MODELDATAFILEENTITY0=SB-LARGE|MODELDATAFILEKIND0=PCBLib|MODELNAME=SB-LARGE|MODELTYPE=PCBLIB|UNIQUEID=GSFCUVXJ|
RECORD=46|LINENO=1012|OWNERPARTID= -42|OWNERINDEX=1011|
RECORD=48|LINENO=1013|OWNERPARTID= -42|OWNERINDEX=1011|
RECORD= 1|LINENO=1014|OWNERPARTID=   0|OWNERINDEX= -42|ALLPINCOUNT=2|AREACOLOR=11599871|COMPONENTDESCRIPTION=Solder Jumper|CURRENTPARTID=1|DESIGNITEMID=Strap2|DISPLAYMODECOUNT=1|LIBREFERENCE=Strap2|LOCATION.X=580|LOCATION.Y=630|NOTUSEDBTABLENAME=T|PARTCOUNT=2|PARTIDLOCKED=F|SOURCELIBRARYNAME=Passive.SchLib|TARGETFILENAME=*|UNIQUEID=NNAHDPAY|
RECORD=41|LINENO=1015|OWNERPARTID=   0|OWNERINDEX=1014|FONTID=1|ISHIDDEN=T|LOCATION.X=558|LOCATION.Y=625|NAME=Published|TEXT=24-Mar-1999|UNIQUEID=DJXYCLQH|
RECORD=41|LINENO=1016|OWNERPARTID=   0|OWNERINDEX=1014|FONTID=1|ISHIDDEN=T|LOCATION.X=558|LOCATION.Y=625|NAME=Revision|TEXT=July-2002: Re-released for DXP Platform.|UNIQUEID=GJJRCHGR|
RECORD=41|LINENO=1017|OWNERPARTID=   0|OWNERINDEX=1014|FONTID=1|ISHIDDEN=T|LOCATION.X=558|LOCATION.Y=625|NAME=Publisher|TEXT=Altium Limited|UNIQUEID=LMJMSYRH|
RECORD=41|LINENO=1018|OWNERPARTID=   0|OWNERINDEX=1014|FONTID=1|ISHIDDEN=T|LOCATION.X=558|LOCATION.Y=607|NAME=Solder|TEXT=YES|UNIQUEID=IETYBUYW|
RECORD= 2|LINENO=1019|OWNERPARTID=   2|OWNERINDEX=1014|DESIGNATOR=2|ELECTRICAL=4|FORMALTYPE=1|LOCATION.X=580|LOCATION.Y=620|NAME=2|PINCONGLOMERATE=34|PINLENGTH=10|
RECORD=41|LINENO=1020|OWNERPARTID=   0|OWNERINDEX=1019|FONTID=1|ISHIDDEN=T|LOCATION.X=580|LOCATION.Y=620|NAME=PinUniqueId|TEXT=KANBBGAB|UNIQUEID=NLLJQMSY|
RECORD= 2|LINENO=1021|OWNERPARTID=   2|OWNERINDEX=1014|DESIGNATOR=1|ELECTRICAL=4|FORMALTYPE=1|LOCATION.X=600|LOCATION.Y=620|NAME=1|PINCONGLOMERATE=32|PINLENGTH=10|
RECORD=41|LINENO=1022|OWNERPARTID=   0|OWNERINDEX=1021|FONTID=1|ISHIDDEN=T|LOCATION.X=600|LOCATION.Y=620|NAME=PinUniqueId|TEXT=NCPBPRNY|UNIQUEID=XPMKNFTQ|
RECORD= 7|LINENO=1023|OWNERPARTID=   2|OWNERINDEX=1014|AREACOLOR=65535|ISSOLID=T|LINEWIDTH=1|LOCATIONCOUNT=6|X1=600|X2=600|X3=595|X4=590|X5=595|X6=600|Y1=620|Y2=615|Y3=615|Y4=620|Y5=625|Y6=625|
RECORD= 7|LINENO=1024|OWNERPARTID=   2|OWNERINDEX=1014|AREACOLOR=65535|ISSOLID=T|LINEWIDTH=1|LOCATIONCOUNT=5|X1=580|X2=580|X3=591|X4=586|X5=591|Y1=625|Y2=615|Y3=615|Y4=620|Y5=625|
RECORD=34|LINENO=1025|OWNERPARTID=   0|OWNERINDEX=1014|FONTID=1|LOCATION.X=601|LOCATION.Y=611|NAME=Designator|TEXT=SB5|UNIQUEID=AYXQCKVS|
RECORD=41|LINENO=1026|OWNERPARTID=   0|OWNERINDEX=1014|FONTID=1|LOCATION.X=602|LOCATION.Y=620|NAME=Comment|TEXT=Close|UNIQUEID=XAKKFQCS|
RECORD=44|LINENO=1027|OWNERPARTID= -42|OWNERINDEX=1014|
RECORD=45|LINENO=1028|OWNERPARTID= -42|OWNERINDEX=1027|DATAFILECOUNT=1|MODELDATAFILEENTITY0=SB|MODELDATAFILEKIND0=PCBLib|MODELNAME=SB|MODELTYPE=PCBLIB|UNIQUEID=FQQRUJPP|
RECORD=46|LINENO=1029|OWNERPARTID= -42|OWNERINDEX=1028|
RECORD=48|LINENO=1030|OWNERPARTID= -42|OWNERINDEX=1028|
RECORD=45|LINENO=1031|OWNERPARTID= -42|OWNERINDEX=1027|DATAFILECOUNT=1|ISCURRENT=T|MODELDATAFILEENTITY0=SB-tiny|MODELDATAFILEKIND0=PCBLib|MODELNAME=SB-tiny|MODELTYPE=PCBLIB|UNIQUEID=SSJGJKFW|
RECORD=46|LINENO=1032|OWNERPARTID= -42|OWNERINDEX=1031|
RECORD=48|LINENO=1033|OWNERPARTID= -42|OWNERINDEX=1031|
RECORD=45|LINENO=1034|OWNERPARTID= -42|OWNERINDEX=1027|DATAFILECOUNT=1|MODELDATAFILEENTITY0=SB-LARGE|MODELDATAFILEKIND0=PCBLib|MODELNAME=SB-LARGE|MODELTYPE=PCBLIB|UNIQUEID=DWEOMNGT|
RECORD=46|LINENO=1035|OWNERPARTID= -42|OWNERINDEX=1034|
RECORD=48|LINENO=1036|OWNERPARTID= -42|OWNERINDEX=1034|
RECORD= 1|LINENO=1037|OWNERPARTID=   0|OWNERINDEX= -42|ALLPINCOUNT=2|AREACOLOR=11599871|COMPONENTDESCRIPTION=Solder Jumper|CURRENTPARTID=1|DESIGNITEMID=Strap2|DISPLAYMODECOUNT=1|LIBREFERENCE=Strap2|LOCATION.X=580|LOCATION.Y=610|NOTUSEDBTABLENAME=T|PARTCOUNT=2|PARTIDLOCKED=F|SOURCELIBRARYNAME=Passive.SchLib|TARGETFILENAME=*|UNIQUEID=YANQXARB|
RECORD=41|LINENO=1038|OWNERPARTID=   0|OWNERINDEX=1037|FONTID=1|ISHIDDEN=T|LOCATION.X=558|LOCATION.Y=605|NAME=Published|TEXT=24-Mar-1999|UNIQUEID=UYJXFOMI|
RECORD=41|LINENO=1039|OWNERPARTID=   0|OWNERINDEX=1037|FONTID=1|ISHIDDEN=T|LOCATION.X=558|LOCATION.Y=605|NAME=Revision|TEXT=July-2002: Re-released for DXP Platform.|UNIQUEID=UCHLOGVJ|
RECORD=41|LINENO=1040|OWNERPARTID=   0|OWNERINDEX=1037|FONTID=1|ISHIDDEN=T|LOCATION.X=558|LOCATION.Y=605|NAME=Publisher|TEXT=Altium Limited|UNIQUEID=SMHHRWOO|
RECORD=41|LINENO=1041|OWNERPARTID=   0|OWNERINDEX=1037|FONTID=1|ISHIDDEN=T|LOCATION.X=558|LOCATION.Y=587|NAME=Solder|TEXT=YES|UNIQUEID=NRYGMYEP|
RECORD= 2|LINENO=1042|OWNERPARTID=   2|OWNERINDEX=1037|DESIGNATOR=2|ELECTRICAL=4|FORMALTYPE=1|LOCATION.X=580|LOCATION.Y=600|NAME=2|PINCONGLOMERATE=34|PINLENGTH=10|
RECORD=41|LINENO=1043|OWNERPARTID=   0|OWNERINDEX=1042|FONTID=1|ISHIDDEN=T|LOCATION.X=580|LOCATION.Y=600|NAME=PinUniqueId|TEXT=QSJLKWCD|UNIQUEID=VKNBPRHA|
RECORD= 2|LINENO=1044|OWNERPARTID=   2|OWNERINDEX=1037|DESIGNATOR=1|ELECTRICAL=4|FORMALTYPE=1|LOCATION.X=600|LOCATION.Y=600|NAME=1|PINCONGLOMERATE=32|PINLENGTH=10|
RECORD=41|LINENO=1045|OWNERPARTID=   0|OWNERINDEX=1044|FONTID=1|ISHIDDEN=T|LOCATION.X=600|LOCATION.Y=600|NAME=PinUniqueId|TEXT=GKQYCRWN|UNIQUEID=JLPOETKO|
RECORD= 7|LINENO=1046|OWNERPARTID=   2|OWNERINDEX=1037|AREACOLOR=65535|ISSOLID=T|LINEWIDTH=1|LOCATIONCOUNT=6|X1=600|X2=600|X3=595|X4=590|X5=595|X6=600|Y1=600|Y2=595|Y3=595|Y4=600|Y5=605|Y6=605|
RECORD= 7|LINENO=1047|OWNERPARTID=   2|OWNERINDEX=1037|AREACOLOR=65535|ISSOLID=T|LINEWIDTH=1|LOCATIONCOUNT=5|X1=580|X2=580|X3=591|X4=586|X5=591|Y1=605|Y2=595|Y3=595|Y4=600|Y5=605|
RECORD=34|LINENO=1048|OWNERPARTID=   0|OWNERINDEX=1037|FONTID=1|LOCATION.X=601|LOCATION.Y=590|NAME=Designator|TEXT=SB6|UNIQUEID=VYDXQAHW|
RECORD=41|LINENO=1049|OWNERPARTID=   0|OWNERINDEX=1037|FONTID=1|LOCATION.X=602|LOCATION.Y=600|NAME=Comment|TEXT=Open|UNIQUEID=PFWCDEIH|
RECORD=44|LINENO=1050|OWNERPARTID= -42|OWNERINDEX=1037|
RECORD=45|LINENO=1051|OWNERPARTID= -42|OWNERINDEX=1050|DATAFILECOUNT=1|MODELDATAFILEENTITY0=SB|MODELDATAFILEKIND0=PCBLib|MODELNAME=SB|MODELTYPE=PCBLIB|UNIQUEID=LONSLNXR|
RECORD=46|LINENO=1052|OWNERPARTID= -42|OWNERINDEX=1051|
RECORD=48|LINENO=1053|OWNERPARTID= -42|OWNERINDEX=1051|
RECORD=45|LINENO=1054|OWNERPARTID= -42|OWNERINDEX=1050|DATAFILECOUNT=1|ISCURRENT=T|MODELDATAFILEENTITY0=SB-tiny|MODELDATAFILEKIND0=PCBLib|MODELNAME=SB-tiny|MODELTYPE=PCBLIB|UNIQUEID=DQLKWMGB|
RECORD=46|LINENO=1055|OWNERPARTID= -42|OWNERINDEX=1054|
RECORD=48|LINENO=1056|OWNERPARTID= -42|OWNERINDEX=1054|
RECORD=45|LINENO=1057|OWNERPARTID= -42|OWNERINDEX=1050|DATAFILECOUNT=1|MODELDATAFILEENTITY0=SB-LARGE|MODELDATAFILEKIND0=PCBLib|MODELNAME=SB-LARGE|MODELTYPE=PCBLIB|UNIQUEID=NEXETHWJ|
RECORD=46|LINENO=1058|OWNERPARTID= -42|OWNERINDEX=1057|
RECORD=48|LINENO=1059|OWNERPARTID= -42|OWNERINDEX=1057|
RECORD=18|LINENO=1060|OWNERPARTID=   0|OWNERINDEX= -42|ALIGNMENT=1|AREACOLOR=8454143|FONTID=1|HEIGHT=10|LOCATION.X=520|LOCATION.Y=600|NAME=PB10|TEXTCOLOR=128|UNIQUEID=KWWQEHDJ|WIDTH=40|
RECORD=18|LINENO=1061|OWNERPARTID=   0|OWNERINDEX= -42|ALIGNMENT=1|AREACOLOR=8454143|FONTID=1|HEIGHT=10|LOCATION.X=780|LOCATION.Y=590|NAME=PB12|TEXTCOLOR=128|UNIQUEID=KXSPWUHE|WIDTH=40|
RECORD=18|LINENO=1062|OWNERPARTID=   0|OWNERINDEX= -42|ALIGNMENT=1|AREACOLOR=8454143|FONTID=1|HEIGHT=10|LOCATION.X=920|LOCATION.Y=510|NAME=PB13|TEXTCOLOR=128|UNIQUEID=CNFSTNVT|WIDTH=40|
RECORD=18|LINENO=1063|OWNERPARTID=   0|OWNERINDEX= -42|ALIGNMENT=1|AREACOLOR=8454143|FONTID=1|HEIGHT=10|LOCATION.X=920|LOCATION.Y=490|NAME=PB3|TEXTCOLOR=128|UNIQUEID=TJOOBPPV|WIDTH=40|
RECORD= 1|LINENO=1064|OWNERPARTID=   0|OWNERINDEX= -42|ALLPINCOUNT=2|AREACOLOR=11599871|COMPONENTDESCRIPTION=Solder Jumper|CURRENTPARTID=1|DESIGNITEMID=Strap2|DISPLAYMODECOUNT=1|LIBREFERENCE=Strap2|LOCATION.X=890|LOCATION.Y=520|NOTUSEDBTABLENAME=T|PARTCOUNT=2|PARTIDLOCKED=F|SOURCELIBRARYNAME=Passive.SchLib|TARGETFILENAME=*|UNIQUEID=UFFQNIJY|
RECORD=41|LINENO=1065|OWNERPARTID=   0|OWNERINDEX=1064|FONTID=1|ISHIDDEN=T|LOCATION.X=868|LOCATION.Y=515|NAME=Published|TEXT=24-Mar-1999|UNIQUEID=TSBLFOOW|
RECORD=41|LINENO=1066|OWNERPARTID=   0|OWNERINDEX=1064|FONTID=1|ISHIDDEN=T|LOCATION.X=868|LOCATION.Y=515|NAME=Revision|TEXT=July-2002: Re-released for DXP Platform.|UNIQUEID=VCLPOERP|
RECORD=41|LINENO=1067|OWNERPARTID=   0|OWNERINDEX=1064|FONTID=1|ISHIDDEN=T|LOCATION.X=868|LOCATION.Y=515|NAME=Publisher|TEXT=Altium Limited|UNIQUEID=KSBANKRO|
RECORD=41|LINENO=1068|OWNERPARTID=   0|OWNERINDEX=1064|FONTID=1|ISHIDDEN=T|LOCATION.X=868|LOCATION.Y=497|NAME=Solder|TEXT=YES|UNIQUEID=FAIXORSU|
RECORD= 2|LINENO=1069|OWNERPARTID=   2|OWNERINDEX=1064|DESIGNATOR=2|ELECTRICAL=4|FORMALTYPE=1|LOCATION.X=890|LOCATION.Y=510|NAME=2|PINCONGLOMERATE=34|PINLENGTH=10|
RECORD=41|LINENO=1070|OWNERPARTID=   0|OWNERINDEX=1069|FONTID=1|ISHIDDEN=T|LOCATION.X=890|LOCATION.Y=510|NAME=PinUniqueId|TEXT=IEJQEXIO|UNIQUEID=HIKIHEVM|
RECORD= 2|LINENO=1071|OWNERPARTID=   2|OWNERINDEX=1064|DESIGNATOR=1|ELECTRICAL=4|FORMALTYPE=1|LOCATION.X=910|LOCATION.Y=510|NAME=1|PINCONGLOMERATE=32|PINLENGTH=10|
RECORD=41|LINENO=1072|OWNERPARTID=   0|OWNERINDEX=1071|FONTID=1|ISHIDDEN=T|LOCATION.X=910|LOCATION.Y=510|NAME=PinUniqueId|TEXT=KESLROWI|UNIQUEID=QDQDDJWC|
RECORD= 7|LINENO=1073|OWNERPARTID=   2|OWNERINDEX=1064|AREACOLOR=65535|ISSOLID=T|LINEWIDTH=1|LOCATIONCOUNT=6|X1=910|X2=910|X3=905|X4=900|X5=905|X6=910|Y1=510|Y2=505|Y3=505|Y4=510|Y5=515|Y6=515|
RECORD= 7|LINENO=1074|OWNERPARTID=   2|OWNERINDEX=1064|AREACOLOR=65535|ISSOLID=T|LINEWIDTH=1|LOCATIONCOUNT=5|X1=890|X2=890|X3=901|X4=896|X5=901|Y1=515|Y2=505|Y3=505|Y4=510|Y5=515|
RECORD=34|LINENO=1075|OWNERPARTID=   0|OWNERINDEX=1064|FONTID=1|LOCATION.X=868|LOCATION.Y=500|NAME=Designator|TEXT=SB12|UNIQUEID=KRHORTDB|
RECORD=41|LINENO=1076|OWNERPARTID=   0|OWNERINDEX=1064|FONTID=1|LOCATION.X=868|LOCATION.Y=510|NAME=Comment|TEXT=Close|UNIQUEID=PDSWTOOJ|
RECORD=44|LINENO=1077|OWNERPARTID= -42|OWNERINDEX=1064|
RECORD=45|LINENO=1078|OWNERPARTID= -42|OWNERINDEX=1077|DATAFILECOUNT=1|MODELDATAFILEENTITY0=SB|MODELDATAFILEKIND0=PCBLib|MODELNAME=SB|MODELTYPE=PCBLIB|UNIQUEID=WUWGMBFP|
RECORD=46|LINENO=1079|OWNERPARTID= -42|OWNERINDEX=1078|
RECORD=48|LINENO=1080|OWNERPARTID= -42|OWNERINDEX=1078|
RECORD=45|LINENO=1081|OWNERPARTID= -42|OWNERINDEX=1077|DATAFILECOUNT=1|ISCURRENT=T|MODELDATAFILEENTITY0=SB-tiny|MODELDATAFILEKIND0=PCBLib|MODELNAME=SB-tiny|MODELTYPE=PCBLIB|UNIQUEID=XJSXBRUF|
RECORD=46|LINENO=1082|OWNERPARTID= -42|OWNERINDEX=1081|
RECORD=48|LINENO=1083|OWNERPARTID= -42|OWNERINDEX=1081|
RECORD=45|LINENO=1084|OWNERPARTID= -42|OWNERINDEX=1077|DATAFILECOUNT=1|MODELDATAFILEENTITY0=SB-LARGE|MODELDATAFILEKIND0=PCBLib|MODELNAME=SB-LARGE|MODELTYPE=PCBLIB|UNIQUEID=LHUDFQCW|
RECORD=46|LINENO=1085|OWNERPARTID= -42|OWNERINDEX=1084|
RECORD=48|LINENO=1086|OWNERPARTID= -42|OWNERINDEX=1084|
RECORD= 1|LINENO=1087|OWNERPARTID=   0|OWNERINDEX= -42|ALLPINCOUNT=2|AREACOLOR=11599871|COMPONENTDESCRIPTION=Solder Jumper|CURRENTPARTID=1|DESIGNITEMID=Strap2|DISPLAYMODECOUNT=1|LIBREFERENCE=Strap2|LOCATION.X=890|LOCATION.Y=500|NOTUSEDBTABLENAME=T|PARTCOUNT=2|PARTIDLOCKED=F|SOURCELIBRARYNAME=Passive.SchLib|TARGETFILENAME=*|UNIQUEID=OMWJUMAO|
RECORD=41|LINENO=1088|OWNERPARTID=   0|OWNERINDEX=1087|FONTID=1|ISHIDDEN=T|LOCATION.X=868|LOCATION.Y=495|NAME=Published|TEXT=24-Mar-1999|UNIQUEID=EQAQHQQI|
RECORD=41|LINENO=1089|OWNERPARTID=   0|OWNERINDEX=1087|FONTID=1|ISHIDDEN=T|LOCATION.X=868|LOCATION.Y=495|NAME=Revision|TEXT=July-2002: Re-released for DXP Platform.|UNIQUEID=TLIQAKAA|
RECORD=41|LINENO=1090|OWNERPARTID=   0|OWNERINDEX=1087|FONTID=1|ISHIDDEN=T|LOCATION.X=868|LOCATION.Y=495|NAME=Publisher|TEXT=Altium Limited|UNIQUEID=QUTNVKMT|
RECORD=41|LINENO=1091|OWNERPARTID=   0|OWNERINDEX=1087|FONTID=1|ISHIDDEN=T|LOCATION.X=868|LOCATION.Y=477|NAME=Solder|TEXT=YES|UNIQUEID=WLHLLWPM|
RECORD= 2|LINENO=1092|OWNERPARTID=   2|OWNERINDEX=1087|DESIGNATOR=2|ELECTRICAL=4|FORMALTYPE=1|LOCATION.X=890|LOCATION.Y=490|NAME=2|PINCONGLOMERATE=34|PINLENGTH=10|
RECORD=41|LINENO=1093|OWNERPARTID=   0|OWNERINDEX=1092|FONTID=1|ISHIDDEN=T|LOCATION.X=890|LOCATION.Y=490|NAME=PinUniqueId|TEXT=FHHYSFCW|UNIQUEID=NIVNPCWM|
RECORD= 2|LINENO=1094|OWNERPARTID=   2|OWNERINDEX=1087|DESIGNATOR=1|ELECTRICAL=4|FORMALTYPE=1|LOCATION.X=910|LOCATION.Y=490|NAME=1|PINCONGLOMERATE=32|PINLENGTH=10|
RECORD=41|LINENO=1095|OWNERPARTID=   0|OWNERINDEX=1094|FONTID=1|ISHIDDEN=T|LOCATION.X=910|LOCATION.Y=490|NAME=PinUniqueId|TEXT=PKFVCBYP|UNIQUEID=CPOFNRAJ|
RECORD= 7|LINENO=1096|OWNERPARTID=   2|OWNERINDEX=1087|AREACOLOR=65535|ISSOLID=T|LINEWIDTH=1|LOCATIONCOUNT=6|X1=910|X2=910|X3=905|X4=900|X5=905|X6=910|Y1=490|Y2=485|Y3=485|Y4=490|Y5=495|Y6=495|
RECORD= 7|LINENO=1097|OWNERPARTID=   2|OWNERINDEX=1087|AREACOLOR=65535|ISSOLID=T|LINEWIDTH=1|LOCATIONCOUNT=5|X1=890|X2=890|X3=901|X4=896|X5=901|Y1=495|Y2=485|Y3=485|Y4=490|Y5=495|
RECORD=34|LINENO=1098|OWNERPARTID=   0|OWNERINDEX=1087|FONTID=1|LOCATION.X=869|LOCATION.Y=480|NAME=Designator|TEXT=SB13|UNIQUEID=GLJRHYFK|
RECORD=41|LINENO=1099|OWNERPARTID=   0|OWNERINDEX=1087|FONTID=1|LOCATION.X=869|LOCATION.Y=490|NAME=Comment|TEXT=Open|UNIQUEID=XYJAERNS|
RECORD=44|LINENO=1100|OWNERPARTID= -42|OWNERINDEX=1087|
RECORD=45|LINENO=1101|OWNERPARTID= -42|OWNERINDEX=1100|DATAFILECOUNT=1|MODELDATAFILEENTITY0=SB|MODELDATAFILEKIND0=PCBLib|MODELNAME=SB|MODELTYPE=PCBLIB|UNIQUEID=XJVLNDAM|
RECORD=46|LINENO=1102|OWNERPARTID= -42|OWNERINDEX=1101|
RECORD=48|LINENO=1103|OWNERPARTID= -42|OWNERINDEX=1101|
RECORD=45|LINENO=1104|OWNERPARTID= -42|OWNERINDEX=1100|DATAFILECOUNT=1|ISCURRENT=T|MODELDATAFILEENTITY0=SB-tiny|MODELDATAFILEKIND0=PCBLib|MODELNAME=SB-tiny|MODELTYPE=PCBLIB|UNIQUEID=TKQRRPQR|
RECORD=46|LINENO=1105|OWNERPARTID= -42|OWNERINDEX=1104|
RECORD=48|LINENO=1106|OWNERPARTID= -42|OWNERINDEX=1104|
RECORD=45|LINENO=1107|OWNERPARTID= -42|OWNERINDEX=1100|DATAFILECOUNT=1|MODELDATAFILEENTITY0=SB-LARGE|MODELDATAFILEKIND0=PCBLib|MODELNAME=SB-LARGE|MODELTYPE=PCBLIB|UNIQUEID=YVLQKVXI|
RECORD=46|LINENO=1108|OWNERPARTID= -42|OWNERINDEX=1107|
RECORD=48|LINENO=1109|OWNERPARTID= -42|OWNERINDEX=1107|
RECORD=18|LINENO=1110|OWNERPARTID=   0|OWNERINDEX= -42|ALIGNMENT=1|AREACOLOR=8454143|FONTID=1|HEIGHT=10|LOCATION.X=920|LOCATION.Y=530|NAME=PB14|TEXTCOLOR=128|UNIQUEID=FNIYYFTB|WIDTH=40|
RECORD=18|LINENO=1111|OWNERPARTID=   0|OWNERINDEX= -42|ALIGNMENT=1|AREACOLOR=8454143|FONTID=1|HEIGHT=10|LOCATION.X=920|LOCATION.Y=560|NAME=PB15|TEXTCOLOR=128|UNIQUEID=XFFJLESJ|WIDTH=40|
RECORD= 1|LINENO=1112|OWNERPARTID=   0|OWNERINDEX= -42|ALLPINCOUNT=2|AREACOLOR=11599871|COMPONENTDESCRIPTION=Solder Jumper|CURRENTPARTID=1|DESIGNITEMID=Strap2|DISPLAYMODECOUNT=1|LIBREFERENCE=Strap2|LOCATION.X=890|LOCATION.Y=570|NOTUSEDBTABLENAME=T|PARTCOUNT=2|PARTIDLOCKED=F|SOURCELIBRARYNAME=Passive.SchLib|TARGETFILENAME=*|UNIQUEID=FBCWHHKM|
RECORD=41|LINENO=1113|OWNERPARTID=   0|OWNERINDEX=1112|FONTID=1|ISHIDDEN=T|LOCATION.X=868|LOCATION.Y=565|NAME=Published|TEXT=24-Mar-1999|UNIQUEID=EPSWYTGO|
RECORD=41|LINENO=1114|OWNERPARTID=   0|OWNERINDEX=1112|FONTID=1|ISHIDDEN=T|LOCATION.X=868|LOCATION.Y=565|NAME=Revision|TEXT=July-2002: Re-released for DXP Platform.|UNIQUEID=DNPBJNOJ|
RECORD=41|LINENO=1115|OWNERPARTID=   0|OWNERINDEX=1112|FONTID=1|ISHIDDEN=T|LOCATION.X=868|LOCATION.Y=565|NAME=Publisher|TEXT=Altium Limited|UNIQUEID=WFAOQDQB|
RECORD=41|LINENO=1116|OWNERPARTID=   0|OWNERINDEX=1112|FONTID=1|ISHIDDEN=T|LOCATION.X=868|LOCATION.Y=547|NAME=Solder|TEXT=YES|UNIQUEID=RCVXRIKE|
RECORD= 2|LINENO=1117|OWNERPARTID=   2|OWNERINDEX=1112|DESIGNATOR=2|ELECTRICAL=4|FORMALTYPE=1|LOCATION.X=890|LOCATION.Y=560|NAME=2|PINCONGLOMERATE=34|PINLENGTH=10|
RECORD=41|LINENO=1118|OWNERPARTID=   0|OWNERINDEX=1117|FONTID=1|ISHIDDEN=T|LOCATION.X=890|LOCATION.Y=560|NAME=PinUniqueId|TEXT=XPKDTKHA|UNIQUEID=GSUNSJLO|
RECORD= 2|LINENO=1119|OWNERPARTID=   2|OWNERINDEX=1112|DESIGNATOR=1|ELECTRICAL=4|FORMALTYPE=1|LOCATION.X=910|LOCATION.Y=560|NAME=1|PINCONGLOMERATE=32|PINLENGTH=10|
RECORD=41|LINENO=1120|OWNERPARTID=   0|OWNERINDEX=1119|FONTID=1|ISHIDDEN=T|LOCATION.X=910|LOCATION.Y=560|NAME=PinUniqueId|TEXT=ALXOUMIH|UNIQUEID=AKSXBXTD|
RECORD= 7|LINENO=1121|OWNERPARTID=   2|OWNERINDEX=1112|AREACOLOR=65535|ISSOLID=T|LINEWIDTH=1|LOCATIONCOUNT=6|X1=910|X2=910|X3=905|X4=900|X5=905|X6=910|Y1=560|Y2=555|Y3=555|Y4=560|Y5=565|Y6=565|
RECORD= 7|LINENO=1122|OWNERPARTID=   2|OWNERINDEX=1112|AREACOLOR=65535|ISSOLID=T|LINEWIDTH=1|LOCATIONCOUNT=5|X1=890|X2=890|X3=901|X4=896|X5=901|Y1=565|Y2=555|Y3=555|Y4=560|Y5=565|
RECORD=34|LINENO=1123|OWNERPARTID=   0|OWNERINDEX=1112|FONTID=1|LOCATION.X=867|LOCATION.Y=551|NAME=Designator|TEXT=SB9|UNIQUEID=WGAQKNOY|
RECORD=41|LINENO=1124|OWNERPARTID=   0|OWNERINDEX=1112|FONTID=1|LOCATION.X=869|LOCATION.Y=559|NAME=Comment|TEXT=Close|UNIQUEID=APIIVGKP|
RECORD=44|LINENO=1125|OWNERPARTID= -42|OWNERINDEX=1112|
RECORD=45|LINENO=1126|OWNERPARTID= -42|OWNERINDEX=1125|DATAFILECOUNT=1|MODELDATAFILEENTITY0=SB|MODELDATAFILEKIND0=PCBLib|MODELNAME=SB|MODELTYPE=PCBLIB|UNIQUEID=MPUPKEQU|
RECORD=46|LINENO=1127|OWNERPARTID= -42|OWNERINDEX=1126|
RECORD=48|LINENO=1128|OWNERPARTID= -42|OWNERINDEX=1126|
RECORD=45|LINENO=1129|OWNERPARTID= -42|OWNERINDEX=1125|DATAFILECOUNT=1|ISCURRENT=T|MODELDATAFILEENTITY0=SB-tiny|MODELDATAFILEKIND0=PCBLib|MODELNAME=SB-tiny|MODELTYPE=PCBLIB|UNIQUEID=PWVGUWLK|
RECORD=46|LINENO=1130|OWNERPARTID= -42|OWNERINDEX=1129|
RECORD=48|LINENO=1131|OWNERPARTID= -42|OWNERINDEX=1129|
RECORD=45|LINENO=1132|OWNERPARTID= -42|OWNERINDEX=1125|DATAFILECOUNT=1|MODELDATAFILEENTITY0=SB-LARGE|MODELDATAFILEKIND0=PCBLib|MODELNAME=SB-LARGE|MODELTYPE=PCBLIB|UNIQUEID=HBEYQWVK|
RECORD=46|LINENO=1133|OWNERPARTID= -42|OWNERINDEX=1132|
RECORD=48|LINENO=1134|OWNERPARTID= -42|OWNERINDEX=1132|
RECORD= 1|LINENO=1135|OWNERPARTID=   0|OWNERINDEX= -42|ALLPINCOUNT=2|AREACOLOR=11599871|COMPONENTDESCRIPTION=Solder Jumper|CURRENTPARTID=1|DESIGNITEMID=Strap2|DISPLAYMODECOUNT=1|LIBREFERENCE=Strap2|LOCATION.X=570|LOCATION.Y=520|NOTUSEDBTABLENAME=T|PARTCOUNT=2|PARTIDLOCKED=F|SOURCELIBRARYNAME=Passive.SchLib|TARGETFILENAME=*|UNIQUEID=EBRMRYAR|
RECORD=41|LINENO=1136|OWNERPARTID=   0|OWNERINDEX=1135|FONTID=1|ISHIDDEN=T|LOCATION.X=548|LOCATION.Y=515|NAME=Published|TEXT=24-Mar-1999|UNIQUEID=EXRQIPQO|
RECORD=41|LINENO=1137|OWNERPARTID=   0|OWNERINDEX=1135|FONTID=1|ISHIDDEN=T|LOCATION.X=548|LOCATION.Y=515|NAME=Revision|TEXT=July-2002: Re-released for DXP Platform.|UNIQUEID=OWVKNQAU|
RECORD=41|LINENO=1138|OWNERPARTID=   0|OWNERINDEX=1135|FONTID=1|ISHIDDEN=T|LOCATION.X=548|LOCATION.Y=515|NAME=Publisher|TEXT=Altium Limited|UNIQUEID=XTTGVDCH|
RECORD=41|LINENO=1139|OWNERPARTID=   0|OWNERINDEX=1135|FONTID=1|ISHIDDEN=T|LOCATION.X=548|LOCATION.Y=497|NAME=Solder|TEXT=YES|UNIQUEID=GJHPKVFJ|
RECORD= 2|LINENO=1140|OWNERPARTID=   2|OWNERINDEX=1135|DESIGNATOR=2|ELECTRICAL=4|FORMALTYPE=1|LOCATION.X=570|LOCATION.Y=510|NAME=2|PINCONGLOMERATE=34|PINLENGTH=10|
RECORD=41|LINENO=1141|OWNERPARTID=   0|OWNERINDEX=1140|FONTID=1|ISHIDDEN=T|LOCATION.X=570|LOCATION.Y=510|NAME=PinUniqueId|TEXT=ILULRRUN|UNIQUEID=XOUPWCPW|
RECORD= 2|LINENO=1142|OWNERPARTID=   2|OWNERINDEX=1135|DESIGNATOR=1|ELECTRICAL=4|FORMALTYPE=1|LOCATION.X=590|LOCATION.Y=510|NAME=1|PINCONGLOMERATE=32|PINLENGTH=10|
RECORD=41|LINENO=1143|OWNERPARTID=   0|OWNERINDEX=1142|FONTID=1|ISHIDDEN=T|LOCATION.X=590|LOCATION.Y=510|NAME=PinUniqueId|TEXT=XPFOLVRN|UNIQUEID=FYBEVERQ|
RECORD= 7|LINENO=1144|OWNERPARTID=   2|OWNERINDEX=1135|AREACOLOR=65535|ISSOLID=T|LINEWIDTH=1|LOCATIONCOUNT=6|X1=590|X2=590|X3=585|X4=580|X5=585|X6=590|Y1=510|Y2=505|Y3=505|Y4=510|Y5=515|Y6=515|
RECORD= 7|LINENO=1145|OWNERPARTID=   2|OWNERINDEX=1135|AREACOLOR=65535|ISSOLID=T|LINEWIDTH=1|LOCATIONCOUNT=5|X1=570|X2=570|X3=581|X4=576|X5=581|Y1=515|Y2=505|Y3=505|Y4=510|Y5=515|
RECORD=34|LINENO=1146|OWNERPARTID=   0|OWNERINDEX=1135|FONTID=1|LOCATION.X=591|LOCATION.Y=500|NAME=Designator|TEXT=SB11|UNIQUEID=NMUGEPFN|
RECORD=41|LINENO=1147|OWNERPARTID=   0|OWNERINDEX=1135|FONTID=1|LOCATION.X=591|LOCATION.Y=509|NAME=Comment|TEXT=Close|UNIQUEID=KRCREVYC|
RECORD=44|LINENO=1148|OWNERPARTID= -42|OWNERINDEX=1135|
RECORD=45|LINENO=1149|OWNERPARTID= -42|OWNERINDEX=1148|DATAFILECOUNT=1|MODELDATAFILEENTITY0=SB|MODELDATAFILEKIND0=PCBLib|MODELNAME=SB|MODELTYPE=PCBLIB|UNIQUEID=WIADLAQE|
RECORD=46|LINENO=1150|OWNERPARTID= -42|OWNERINDEX=1149|
RECORD=48|LINENO=1151|OWNERPARTID= -42|OWNERINDEX=1149|
RECORD=45|LINENO=1152|OWNERPARTID= -42|OWNERINDEX=1148|DATAFILECOUNT=1|ISCURRENT=T|MODELDATAFILEENTITY0=SB-tiny|MODELDATAFILEKIND0=PCBLib|MODELNAME=SB-tiny|MODELTYPE=PCBLIB|UNIQUEID=WFWEVVGP|
RECORD=46|LINENO=1153|OWNERPARTID= -42|OWNERINDEX=1152|
RECORD=48|LINENO=1154|OWNERPARTID= -42|OWNERINDEX=1152|
RECORD=45|LINENO=1155|OWNERPARTID= -42|OWNERINDEX=1148|DATAFILECOUNT=1|MODELDATAFILEENTITY0=SB-LARGE|MODELDATAFILEKIND0=PCBLib|MODELNAME=SB-LARGE|MODELTYPE=PCBLIB|UNIQUEID=CWJINJBI|
RECORD=46|LINENO=1156|OWNERPARTID= -42|OWNERINDEX=1155|
RECORD=48|LINENO=1157|OWNERPARTID= -42|OWNERINDEX=1155|
RECORD=18|LINENO=1158|OWNERPARTID=   0|OWNERINDEX= -42|ALIGNMENT=1|AREACOLOR=8454143|FONTID=1|HEIGHT=10|LOCATION.X=780|LOCATION.Y=650|NAME=PB4|TEXTCOLOR=128|UNIQUEID=EGYWLPDG|WIDTH=40|
RECORD=18|LINENO=1159|OWNERPARTID=   0|OWNERINDEX= -42|ALIGNMENT=1|AREACOLOR=8454143|FONTID=1|HEIGHT=10|LOCATION.X=920|LOCATION.Y=580|NAME=PB5|TEXTCOLOR=128|UNIQUEID=LGKWVBHR|WIDTH=40|
RECORD= 1|LINENO=1160|OWNERPARTID=   0|OWNERINDEX= -42|ALLPINCOUNT=2|AREACOLOR=11599871|COMPONENTDESCRIPTION=Solder Jumper|CURRENTPARTID=1|DESIGNITEMID=Strap2|DISPLAYMODECOUNT=1|LIBREFERENCE=Strap2|LOCATION.X=890|LOCATION.Y=590|NOTUSEDBTABLENAME=T|PARTCOUNT=2|PARTIDLOCKED=F|SOURCELIBRARYNAME=Passive.SchLib|TARGETFILENAME=*|UNIQUEID=OTSXNXNF|
RECORD=41|LINENO=1161|OWNERPARTID=   0|OWNERINDEX=1160|FONTID=1|ISHIDDEN=T|LOCATION.X=868|LOCATION.Y=585|NAME=Published|TEXT=24-Mar-1999|UNIQUEID=GDHAGFPB|
RECORD=41|LINENO=1162|OWNERPARTID=   0|OWNERINDEX=1160|FONTID=1|ISHIDDEN=T|LOCATION.X=868|LOCATION.Y=585|NAME=Revision|TEXT=July-2002: Re-released for DXP Platform.|UNIQUEID=VSNJDCIS|
RECORD=41|LINENO=1163|OWNERPARTID=   0|OWNERINDEX=1160|FONTID=1|ISHIDDEN=T|LOCATION.X=868|LOCATION.Y=585|NAME=Publisher|TEXT=Altium Limited|UNIQUEID=LPCCPXCI|
RECORD=41|LINENO=1164|OWNERPARTID=   0|OWNERINDEX=1160|FONTID=1|ISHIDDEN=T|LOCATION.X=868|LOCATION.Y=567|NAME=Solder|TEXT=YES|UNIQUEID=WENWYDYN|
RECORD= 2|LINENO=1165|OWNERPARTID=   2|OWNERINDEX=1160|DESIGNATOR=2|ELECTRICAL=4|FORMALTYPE=1|LOCATION.X=890|LOCATION.Y=580|NAME=2|PINCONGLOMERATE=34|PINLENGTH=10|
RECORD=41|LINENO=1166|OWNERPARTID=   0|OWNERINDEX=1165|FONTID=1|ISHIDDEN=T|LOCATION.X=890|LOCATION.Y=580|NAME=PinUniqueId|TEXT=KXDNVIXD|UNIQUEID=MXYHBXKA|
RECORD= 2|LINENO=1167|OWNERPARTID=   2|OWNERINDEX=1160|DESIGNATOR=1|ELECTRICAL=4|FORMALTYPE=1|LOCATION.X=910|LOCATION.Y=580|NAME=1|PINCONGLOMERATE=32|PINLENGTH=10|
RECORD=41|LINENO=1168|OWNERPARTID=   0|OWNERINDEX=1167|FONTID=1|ISHIDDEN=T|LOCATION.X=910|LOCATION.Y=580|NAME=PinUniqueId|TEXT=JKFDFKPD|UNIQUEID=VAGQEWBN|
RECORD= 7|LINENO=1169|OWNERPARTID=   2|OWNERINDEX=1160|AREACOLOR=65535|ISSOLID=T|LINEWIDTH=1|LOCATIONCOUNT=6|X1=910|X2=910|X3=905|X4=900|X5=905|X6=910|Y1=580|Y2=575|Y3=575|Y4=580|Y5=585|Y6=585|
RECORD= 7|LINENO=1170|OWNERPARTID=   2|OWNERINDEX=1160|AREACOLOR=65535|ISSOLID=T|LINEWIDTH=1|LOCATIONCOUNT=5|X1=890|X2=890|X3=901|X4=896|X5=901|Y1=585|Y2=575|Y3=575|Y4=580|Y5=585|
RECORD=34|LINENO=1171|OWNERPARTID=   0|OWNERINDEX=1160|FONTID=1|LOCATION.X=867|LOCATION.Y=571|NAME=Designator|TEXT=SB7|UNIQUEID=YOGMNBAE|
RECORD=41|LINENO=1172|OWNERPARTID=   0|OWNERINDEX=1160|FONTID=1|LOCATION.X=869|LOCATION.Y=579|NAME=Comment|TEXT=Open|UNIQUEID=CNEQAOOL|
RECORD=44|LINENO=1173|OWNERPARTID= -42|OWNERINDEX=1160|
RECORD=45|LINENO=1174|OWNERPARTID= -42|OWNERINDEX=1173|DATAFILECOUNT=1|MODELDATAFILEENTITY0=SB|MODELDATAFILEKIND0=PCBLib|MODELNAME=SB|MODELTYPE=PCBLIB|UNIQUEID=MAOLRVCF|
RECORD=46|LINENO=1175|OWNERPARTID= -42|OWNERINDEX=1174|
RECORD=48|LINENO=1176|OWNERPARTID= -42|OWNERINDEX=1174|
RECORD=45|LINENO=1177|OWNERPARTID= -42|OWNERINDEX=1173|DATAFILECOUNT=1|ISCURRENT=T|MODELDATAFILEENTITY0=SB-tiny|MODELDATAFILEKIND0=PCBLib|MODELNAME=SB-tiny|MODELTYPE=PCBLIB|UNIQUEID=CYIHISFF|
RECORD=46|LINENO=1178|OWNERPARTID= -42|OWNERINDEX=1177|
RECORD=48|LINENO=1179|OWNERPARTID= -42|OWNERINDEX=1177|
RECORD=45|LINENO=1180|OWNERPARTID= -42|OWNERINDEX=1173|DATAFILECOUNT=1|MODELDATAFILEENTITY0=SB-LARGE|MODELDATAFILEKIND0=PCBLib|MODELNAME=SB-LARGE|MODELTYPE=PCBLIB|UNIQUEID=DLADCGCQ|
RECORD=46|LINENO=1181|OWNERPARTID= -42|OWNERINDEX=1180|
RECORD=48|LINENO=1182|OWNERPARTID= -42|OWNERINDEX=1180|
RECORD=18|LINENO=1183|OWNERPARTID=   0|OWNERINDEX= -42|ALIGNMENT=1|AREACOLOR=8454143|FONTID=1|HEIGHT=10|LOCATION.X=920|LOCATION.Y=460|NAME=PB6|TEXTCOLOR=128|UNIQUEID=SBOBCWCX|WIDTH=40|
RECORD= 1|LINENO=1184|OWNERPARTID=   0|OWNERINDEX= -42|ALLPINCOUNT=2|AREACOLOR=11599871|COMPONENTDESCRIPTION=Solder Jumper|CURRENTPARTID=1|DESIGNITEMID=Strap2|DISPLAYMODECOUNT=1|LIBREFERENCE=Strap2|LOCATION.X=890|LOCATION.Y=470|NOTUSEDBTABLENAME=T|PARTCOUNT=2|PARTIDLOCKED=F|SOURCELIBRARYNAME=Passive.SchLib|TARGETFILENAME=*|UNIQUEID=NYJTIRWH|
RECORD=41|LINENO=1185|OWNERPARTID=   0|OWNERINDEX=1184|FONTID=1|ISHIDDEN=T|LOCATION.X=868|LOCATION.Y=465|NAME=Published|TEXT=24-Mar-1999|UNIQUEID=AHGYJNRG|
RECORD=41|LINENO=1186|OWNERPARTID=   0|OWNERINDEX=1184|FONTID=1|ISHIDDEN=T|LOCATION.X=868|LOCATION.Y=465|NAME=Revision|TEXT=July-2002: Re-released for DXP Platform.|UNIQUEID=YJORHUJL|
RECORD=41|LINENO=1187|OWNERPARTID=   0|OWNERINDEX=1184|FONTID=1|ISHIDDEN=T|LOCATION.X=868|LOCATION.Y=465|NAME=Publisher|TEXT=Altium Limited|UNIQUEID=VALXWTSP|
RECORD=41|LINENO=1188|OWNERPARTID=   0|OWNERINDEX=1184|FONTID=1|ISHIDDEN=T|LOCATION.X=868|LOCATION.Y=447|NAME=Solder|TEXT=YES|UNIQUEID=OWYEJIBK|
RECORD= 2|LINENO=1189|OWNERPARTID=   2|OWNERINDEX=1184|DESIGNATOR=2|ELECTRICAL=4|FORMALTYPE=1|LOCATION.X=890|LOCATION.Y=460|NAME=2|PINCONGLOMERATE=34|PINLENGTH=10|
RECORD=41|LINENO=1190|OWNERPARTID=   0|OWNERINDEX=1189|FONTID=1|ISHIDDEN=T|LOCATION.X=890|LOCATION.Y=460|NAME=PinUniqueId|TEXT=FJGXNXMX|UNIQUEID=YQJNOQHV|
RECORD= 2|LINENO=1191|OWNERPARTID=   2|OWNERINDEX=1184|DESIGNATOR=1|ELECTRICAL=4|FORMALTYPE=1|LOCATION.X=910|LOCATION.Y=460|NAME=1|PINCONGLOMERATE=32|PINLENGTH=10|
RECORD=41|LINENO=1192|OWNERPARTID=   0|OWNERINDEX=1191|FONTID=1|ISHIDDEN=T|LOCATION.X=910|LOCATION.Y=460|NAME=PinUniqueId|TEXT=HCFNWRFN|UNIQUEID=XDXWXGXV|
RECORD= 7|LINENO=1193|OWNERPARTID=   2|OWNERINDEX=1184|AREACOLOR=65535|ISSOLID=T|LINEWIDTH=1|LOCATIONCOUNT=6|X1=910|X2=910|X3=905|X4=900|X5=905|X6=910|Y1=460|Y2=455|Y3=455|Y4=460|Y5=465|Y6=465|
RECORD= 7|LINENO=1194|OWNERPARTID=   2|OWNERINDEX=1184|AREACOLOR=65535|ISSOLID=T|LINEWIDTH=1|LOCATIONCOUNT=5|X1=890|X2=890|X3=901|X4=896|X5=901|Y1=465|Y2=455|Y3=455|Y4=460|Y5=465|
RECORD=34|LINENO=1195|OWNERPARTID=   0|OWNERINDEX=1184|FONTID=1|LOCATION.X=867|LOCATION.Y=450|NAME=Designator|TEXT=SB17|UNIQUEID=UIINGVTA|
RECORD=41|LINENO=1196|OWNERPARTID=   0|OWNERINDEX=1184|FONTID=1|LOCATION.X=869|LOCATION.Y=459|NAME=Comment|TEXT=Close|UNIQUEID=BRCYTMPU|
RECORD=44|LINENO=1197|OWNERPARTID= -42|OWNERINDEX=1184|
RECORD=45|LINENO=1198|OWNERPARTID= -42|OWNERINDEX=1197|DATAFILECOUNT=1|MODELDATAFILEENTITY0=SB|MODELDATAFILEKIND0=PCBLib|MODELNAME=SB|MODELTYPE=PCBLIB|UNIQUEID=HTITLGTH|
RECORD=46|LINENO=1199|OWNERPARTID= -42|OWNERINDEX=1198|
RECORD=48|LINENO=1200|OWNERPARTID= -42|OWNERINDEX=1198|
RECORD=45|LINENO=1201|OWNERPARTID= -42|OWNERINDEX=1197|DATAFILECOUNT=1|ISCURRENT=T|MODELDATAFILEENTITY0=SB-tiny|MODELDATAFILEKIND0=PCBLib|MODELNAME=SB-tiny|MODELTYPE=PCBLIB|UNIQUEID=KFXRUENH|
RECORD=46|LINENO=1202|OWNERPARTID= -42|OWNERINDEX=1201|
RECORD=48|LINENO=1203|OWNERPARTID= -42|OWNERINDEX=1201|
RECORD=45|LINENO=1204|OWNERPARTID= -42|OWNERINDEX=1197|DATAFILECOUNT=1|MODELDATAFILEENTITY0=SB-LARGE|MODELDATAFILEKIND0=PCBLib|MODELNAME=SB-LARGE|MODELTYPE=PCBLIB|UNIQUEID=UXQNFUSC|
RECORD=46|LINENO=1205|OWNERPARTID= -42|OWNERINDEX=1204|
RECORD=48|LINENO=1206|OWNERPARTID= -42|OWNERINDEX=1204|
RECORD=18|LINENO=1207|OWNERPARTID=   0|OWNERINDEX= -42|ALIGNMENT=1|AREACOLOR=8454143|FONTID=1|HEIGHT=10|LOCATION.X=780|LOCATION.Y=640|NAME=PB7|TEXTCOLOR=128|UNIQUEID=ECDCBWDH|WIDTH=40|
RECORD=18|LINENO=1208|OWNERPARTID=   0|OWNERINDEX= -42|ALIGNMENT=1|AREACOLOR=8454143|FONTID=1|HEIGHT=10|LOCATION.X=780|LOCATION.Y=490|NAME=PD0|TEXTCOLOR=128|UNIQUEID=QAYHLGIS|WIDTH=40|
RECORD=18|LINENO=1209|OWNERPARTID=   0|OWNERINDEX= -42|ALIGNMENT=1|AREACOLOR=8454143|FONTID=1|HEIGHT=10|LOCATION.X=780|LOCATION.Y=480|NAME=PD1|TEXTCOLOR=128|UNIQUEID=HEOKTIOD|WIDTH=40|
RECORD=18|LINENO=1210|OWNERPARTID=   0|OWNERINDEX= -42|ALIGNMENT=1|AREACOLOR=8454143|FONTID=1|HEIGHT=10|LOCATION.X=780|LOCATION.Y=560|NAME=PB0|TEXTCOLOR=128|UNIQUEID=GCKDAHFF|WIDTH=40|
RECORD=18|LINENO=1211|OWNERPARTID=   0|OWNERINDEX= -42|ALIGNMENT=1|AREACOLOR=8454143|FONTID=1|HEIGHT=10|LOCATION.X=780|LOCATION.Y=550|NAME=PB1|TEXTCOLOR=128|UNIQUEID=OXWQVOCD|WIDTH=40|
RECORD=18|LINENO=1212|OWNERPARTID=   0|OWNERINDEX= -42|ALIGNMENT=1|AREACOLOR=8454143|FONTID=1|HEIGHT=10|LOCATION.X=660|LOCATION.Y=660|NAME=PC4|TEXTCOLOR=128|UNIQUEID=DOWFGLIR|WIDTH=40|
RECORD=18|LINENO=1213|OWNERPARTID=   0|OWNERINDEX= -42|ALIGNMENT=1|AREACOLOR=8454143|FONTID=1|HEIGHT=10|LOCATION.X=260|LOCATION.Y=650|NAME=PC5|TEXTCOLOR=128|UNIQUEID=FNQYAHKV|WIDTH=40|
RECORD=18|LINENO=1214|OWNERPARTID=   0|OWNERINDEX= -42|ALIGNMENT=1|AREACOLOR=8454143|FONTID=1|HEIGHT=10|LOCATION.X=420|LOCATION.Y=660|NAME=PB2|TEXTCOLOR=128|UNIQUEID=GGXRUQAG|WIDTH=40|
RECORD=18|LINENO=1215|OWNERPARTID=   0|OWNERINDEX= -42|ALIGNMENT=1|AREACOLOR=8454143|FONTID=1|HEIGHT=10|LOCATION.X=260|LOCATION.Y=660|NAME=PB11|TEXTCOLOR=128|UNIQUEID=JXTHXLCU|WIDTH=40|
RECORD=22|LINENO=1216|OWNERPARTID=   0|OWNERINDEX= -42|ISACTIVE=T|LOCATION.X=360|LOCATION.Y=620|ORIENTATION=1|SUPPRESSALL=T|SYMBOL=Thin Cross|UNIQUEID=HHKSWAAU|
RECORD=22|LINENO=1217|OWNERPARTID=   0|OWNERINDEX= -42|ISACTIVE=T|LOCATION.X=400|LOCATION.Y=560|ORIENTATION=1|SUPPRESSALL=T|SYMBOL=Thin Cross|UNIQUEID=KHVGKGDN|
RECORD=22|LINENO=1218|OWNERPARTID=   0|OWNERINDEX= -42|ISACTIVE=T|LOCATION.X=400|LOCATION.Y=540|ORIENTATION=1|SUPPRESSALL=T|SYMBOL=Thin Cross|UNIQUEID=NRAHBRDC|
RECORD=22|LINENO=1219|OWNERPARTID=   0|OWNERINDEX= -42|ISACTIVE=T|LOCATION.X=360|LOCATION.Y=550|ORIENTATION=1|SUPPRESSALL=T|SYMBOL=Thin Cross|UNIQUEID=SJGTNOIV|
RECORD=22|LINENO=1220|OWNERPARTID=   0|OWNERINDEX= -42|ISACTIVE=T|LOCATION.X=360|LOCATION.Y=560|ORIENTATION=1|SUPPRESSALL=T|SYMBOL=Thin Cross|UNIQUEID=EWROLJEP|
RECORD=22|LINENO=1221|OWNERPARTID=   0|OWNERINDEX= -42|ISACTIVE=T|LOCATION.X=360|LOCATION.Y=580|ORIENTATION=1|SUPPRESSALL=T|SYMBOL=Thin Cross|UNIQUEID=YGDVTNAP|
RECORD=22|LINENO=1222|OWNERPARTID=   0|OWNERINDEX= -42|ISACTIVE=T|LOCATION.X=360|LOCATION.Y=610|ORIENTATION=1|SUPPRESSALL=T|SYMBOL=Thin Cross|UNIQUEID=WAHUBPRO|
RECORD=22|LINENO=1223|OWNERPARTID=   0|OWNERINDEX= -42|ISACTIVE=T|LOCATION.X=360|LOCATION.Y=490|ORIENTATION=1|SUPPRESSALL=T|SYMBOL=Thin Cross|UNIQUEID=TGKXPRUQ|
RECORD=22|LINENO=1224|OWNERPARTID=   0|OWNERINDEX= -42|ISACTIVE=T|LOCATION.X=360|LOCATION.Y=480|ORIENTATION=1|SUPPRESSALL=T|SYMBOL=Thin Cross|UNIQUEID=TTIPNPWN|
RECORD=22|LINENO=1225|OWNERPARTID=   0|OWNERINDEX= -42|ISACTIVE=T|LOCATION.X=760|LOCATION.Y=620|ORIENTATION=1|SUPPRESSALL=T|SYMBOL=Thin Cross|UNIQUEID=BKEWLWGU|
RECORD=22|LINENO=1226|OWNERPARTID=   0|OWNERINDEX= -42|ISACTIVE=T|LOCATION.X=760|LOCATION.Y=580|ORIENTATION=1|SUPPRESSALL=T|SYMBOL=Thin Cross|UNIQUEID=TIJAXBKY|
RECORD= 1|LINENO=1227|OWNERPARTID=   0|OWNERINDEX= -42|ALLPINCOUNT=6|AREACOLOR=11599871|CURRENTPARTID=1|DESIGNITEMID=USBLC6-2|DISPLAYMODECOUNT=1|ISMIRRORED=T|LIBRARYPATH=*|LIBREFERENCE=USBLC6-2|LOCATION.X=370|LOCATION.Y=280|PARTCOUNT=2|PARTIDLOCKED=T|SOURCELIBRARYNAME=Active.SchLib|TARGETFILENAME=*|UNIQUEID=ALDEOSSS|
RECORD= 2|LINENO=1228|OWNERPARTID=   2|OWNERINDEX=1227|DESIGNATOR=1|ELECTRICAL=4|FORMALTYPE=1|LOCATION.X=370|LOCATION.Y=270|NAME=1|PINCONGLOMERATE=48|PINLENGTH=10|
RECORD=41|LINENO=1229|OWNERPARTID=   0|OWNERINDEX=1228|FONTID=1|ISHIDDEN=T|LOCATION.X=370|LOCATION.Y=270|NAME=PinUniqueId|TEXT=TSLJNHJA|UNIQUEID=DKAJXMBU|
RECORD= 2|LINENO=1230|OWNERPARTID=   2|OWNERINDEX=1227|DESIGNATOR=3|ELECTRICAL=4|FORMALTYPE=1|LOCATION.X=370|LOCATION.Y=260|NAME=3|PINCONGLOMERATE=48|PINLENGTH=10|
RECORD=41|LINENO=1231|OWNERPARTID=   0|OWNERINDEX=1230|FONTID=1|ISHIDDEN=T|LOCATION.X=370|LOCATION.Y=260|NAME=PinUniqueId|TEXT=VQXFOYKA|UNIQUEID=HCXCNPLV|
RECORD= 2|LINENO=1232|OWNERPARTID=   2|OWNERINDEX=1227|DESIGNATOR=4|ELECTRICAL=4|FORMALTYPE=1|LOCATION.X=310|LOCATION.Y=260|NAME=4|PINCONGLOMERATE=50|PINLENGTH=10|
RECORD=41|LINENO=1233|OWNERPARTID=   0|OWNERINDEX=1232|FONTID=1|ISHIDDEN=T|LOCATION.X=310|LOCATION.Y=260|NAME=PinUniqueId|TEXT=AEVRLNSN|UNIQUEID=HJFCIQGJ|
RECORD= 2|LINENO=1234|OWNERPARTID=   2|OWNERINDEX=1227|DESIGNATOR=5|ELECTRICAL=4|FORMALTYPE=1|LOCATION.X=340|LOCATION.Y=300|NAME=5|PINCONGLOMERATE=49|PINLENGTH=10|
RECORD=41|LINENO=1235|OWNERPARTID=   0|OWNERINDEX=1234|FONTID=1|ISHIDDEN=T|LOCATION.X=340|LOCATION.Y=300|NAME=PinUniqueId|TEXT=FKOTQVIY|UNIQUEID=WIGBMCBE|
RECORD= 2|LINENO=1236|OWNERPARTID=   2|OWNERINDEX=1227|DESIGNATOR=6|ELECTRICAL=4|FORMALTYPE=1|LOCATION.X=310|LOCATION.Y=270|NAME=6|PINCONGLOMERATE=50|PINLENGTH=10|
RECORD=41|LINENO=1237|OWNERPARTID=   0|OWNERINDEX=1236|FONTID=1|ISHIDDEN=T|LOCATION.X=310|LOCATION.Y=270|NAME=PinUniqueId|TEXT=MWWANXAH|UNIQUEID=XRRAOQEH|
RECORD= 6|LINENO=1238|OWNERPARTID=   2|OWNERINDEX=1227|LINEWIDTH=1|LOCATIONCOUNT=4|X1=360|X2=360|X3=320|X4=320|Y1=240|Y2=290|Y3=290|Y4=240|
RECORD= 6|LINENO=1239|OWNERPARTID=   2|OWNERINDEX=1227|LINEWIDTH=1|LOCATIONCOUNT=2|X1=340|X2=340|Y1=230|Y2=300|
RECORD= 6|LINENO=1240|OWNERPARTID=   2|OWNERINDEX=1227|LINEWIDTH=1|LOCATIONCOUNT=2|X1=370|X2=310|Y1=270|Y2=270|
RECORD= 6|LINENO=1241|OWNERPARTID=   2|OWNERINDEX=1227|LINEWIDTH=1|LOCATIONCOUNT=2|X1=370|X2=310|Y1=260|Y2=260|
RECORD=11|LINENO=1242|OWNERPARTID=   2|OWNERINDEX=1227|ENDANGLE=162.705|LINEWIDTH=2|LOCATION.X=340|LOCATION.Y=290|RADIUS=1|RADIUS_FRAC=27630|SECONDARYRADIUS=1|SECONDARYRADIUS_FRAC=27038|STARTANGLE=173.206|
RECORD= 6|LINENO=1243|OWNERPARTID=   2|OWNERINDEX=1227|LINEWIDTH=1|LOCATIONCOUNT=5|X1=370|X2=310|X3=310|X4=370|X5=370|Y1=300|Y2=300|Y3=230|Y4=230|Y5=300|
RECORD=11|LINENO=1244|OWNERPARTID=   2|OWNERINDEX=1227|ENDANGLE=162.705|LINEWIDTH=2|LOCATION.X=340|LOCATION.Y=260|RADIUS=1|RADIUS_FRAC=27630|SECONDARYRADIUS=1|SECONDARYRADIUS_FRAC=27038|STARTANGLE=173.206|
RECORD= 2|LINENO=1245|OWNERPARTID=   2|OWNERINDEX=1227|DESIGNATOR=2|ELECTRICAL=4|FORMALTYPE=1|LOCATION.X=340|LOCATION.Y=230|NAME=2|PINCONGLOMERATE=51|PINLENGTH=10|
RECORD=41|LINENO=1246|OWNERPARTID=   0|OWNERINDEX=1245|FONTID=1|ISHIDDEN=T|LOCATION.X=340|LOCATION.Y=230|NAME=PinUniqueId|TEXT=DDTGGCKJ|UNIQUEID=UKODDVNL|
RECORD= 7|LINENO=1247|OWNERPARTID=   2|OWNERINDEX=1227|AREACOLOR=16711680|ISSOLID=T|LINEWIDTH=1|LOCATIONCOUNT=3|X1=366|X2=360|X3=354|Y1=280|Y2=285|Y3=280|
RECORD=11|LINENO=1248|OWNERPARTID=   2|OWNERINDEX=1227|ENDANGLE=162.705|LINEWIDTH=2|LOCATION.X=360|LOCATION.Y=270|RADIUS=1|RADIUS_FRAC=27630|SECONDARYRADIUS=1|SECONDARYRADIUS_FRAC=27038|STARTANGLE=173.206|
RECORD= 7|LINENO=1249|OWNERPARTID=   2|OWNERINDEX=1227|AREACOLOR=16711680|ISSOLID=T|LINEWIDTH=1|LOCATIONCOUNT=4|X1=365|X2=365|X3=355|X4=355|Y1=285|Y2=286|Y3=286|Y4=285|
RECORD= 7|LINENO=1250|OWNERPARTID=   2|OWNERINDEX=1227|AREACOLOR=16711680|ISSOLID=T|LINEWIDTH=1|LOCATIONCOUNT=3|X1=366|X2=360|X3=354|Y1=250|Y2=255|Y3=250|
RECORD= 7|LINENO=1251|OWNERPARTID=   2|OWNERINDEX=1227|AREACOLOR=16711680|ISSOLID=T|LINEWIDTH=1|LOCATIONCOUNT=4|X1=365|X2=365|X3=355|X4=355|Y1=255|Y2=256|Y3=256|Y4=255|
RECORD= 7|LINENO=1252|OWNERPARTID=   2|OWNERINDEX=1227|AREACOLOR=16711680|ISSOLID=T|LINEWIDTH=1|LOCATIONCOUNT=3|X1=346|X2=340|X3=334|Y1=250|Y2=255|Y3=250|
RECORD= 7|LINENO=1253|OWNERPARTID=   2|OWNERINDEX=1227|AREACOLOR=16711680|ISSOLID=T|LINEWIDTH=1|LOCATIONCOUNT=4|X1=345|X2=345|X3=335|X4=335|Y1=255|Y2=256|Y3=256|Y4=255|
RECORD= 7|LINENO=1254|OWNERPARTID=   2|OWNERINDEX=1227|AREACOLOR=16711680|ISSOLID=T|LINEWIDTH=1|LOCATIONCOUNT=3|X1=346|X2=340|X3=334|Y1=280|Y2=285|Y3=280|
RECORD= 7|LINENO=1255|OWNERPARTID=   2|OWNERINDEX=1227|AREACOLOR=16711680|ISSOLID=T|LINEWIDTH=1|LOCATIONCOUNT=4|X1=345|X2=345|X3=335|X4=335|Y1=285|Y2=286|Y3=286|Y4=285|
RECORD= 7|LINENO=1256|OWNERPARTID=   2|OWNERINDEX=1227|AREACOLOR=16711680|ISSOLID=T|LINEWIDTH=1|LOCATIONCOUNT=3|X1=326|X2=320|X3=314|Y1=250|Y2=255|Y3=250|
RECORD= 7|LINENO=1257|OWNERPARTID=   2|OWNERINDEX=1227|AREACOLOR=16711680|ISSOLID=T|LINEWIDTH=1|LOCATIONCOUNT=4|X1=325|X2=325|X3=315|X4=315|Y1=255|Y2=256|Y3=256|Y4=255|
RECORD= 6|LINENO=1258|OWNERPARTID=   2|OWNERINDEX=1227|LINEWIDTH=1|LOCATIONCOUNT=2|X1=360|X2=320|Y1=240|Y2=240|
RECORD=11|LINENO=1259|OWNERPARTID=   2|OWNERINDEX=1227|ENDANGLE=162.705|LINEWIDTH=2|LOCATION.X=340|LOCATION.Y=260|RADIUS=1|RADIUS_FRAC=27630|SECONDARYRADIUS=1|SECONDARYRADIUS_FRAC=27038|STARTANGLE=173.206|
RECORD=11|LINENO=1260|OWNERPARTID=   2|OWNERINDEX=1227|ENDANGLE=162.705|LINEWIDTH=2|LOCATION.X=340|LOCATION.Y=240|RADIUS=1|RADIUS_FRAC=27630|SECONDARYRADIUS=1|SECONDARYRADIUS_FRAC=27038|STARTANGLE=173.206|
RECORD=34|LINENO=1261|OWNERPARTID=   0|OWNERINDEX=1227|FONTID=1|ISMIRRORED=T|LOCATION.X=382|LOCATION.Y=301|NAME=Designator|TEXT=U6|UNIQUEID=EIADWCOU|
RECORD=41|LINENO=1262|OWNERPARTID=   0|OWNERINDEX=1227|FONTID=1|ISMIRRORED=T|LOCATION.X=382|LOCATION.Y=291|NAME=Comment|TEXT=USBLC6-2SC6|UNIQUEID=RRUCTNEK|
RECORD=44|LINENO=1263|OWNERPARTID= -42|OWNERINDEX=1227|
RECORD=45|LINENO=1264|OWNERPARTID= -42|OWNERINDEX=1263|DATAFILECOUNT=1|ISCURRENT=T|MODELDATAFILEENTITY0=SOT23-6|MODELDATAFILEKIND0=PCBLib|MODELNAME=SOT23-6|MODELTYPE=PCBLIB|UNIQUEID=KLTHYNXV|
RECORD=46|LINENO=1265|OWNERPARTID= -42|OWNERINDEX=1264|
RECORD=48|LINENO=1266|OWNERPARTID= -42|OWNERINDEX=1264|
RECORD=17|LINENO=1267|OWNERPARTID=   0|OWNERINDEX= -42|FONTID=2|LOCATION.X=340|LOCATION.Y=220|ORIENTATION=3|SHOWNETNAME=T|STYLE=1|TEXT=GND|UNIQUEID=TNOPIEMA|
RECORD=17|LINENO=1268|OWNERPARTID=   0|OWNERINDEX= -42|FONTID=2|LOCATION.X=340|LOCATION.Y=310|ORIENTATION=1|SHOWNETNAME=T|STYLE=2|TEXT=5V_USB_MCU|UNIQUEID=MIROWYSM|
RECORD= 1|LINENO=1269|OWNERPARTID=   0|OWNERINDEX= -42|ALLPINCOUNT=2|AREACOLOR=11599871|COMPONENTDESCRIPTION=Solder Jumper|CURRENTPARTID=1|DESIGNITEMID=Strap2|DISPLAYMODECOUNT=1|LIBREFERENCE=Strap2|LOCATION.X=980|LOCATION.Y=290|NOTUSEDBTABLENAME=T|PARTCOUNT=2|PARTIDLOCKED=F|SOURCELIBRARYNAME=Passive.SchLib|TARGETFILENAME=*|UNIQUEID=TGGCIJUM|
RECORD=41|LINENO=1270|OWNERPARTID=   0|OWNERINDEX=1269|FONTID=1|ISHIDDEN=T|LOCATION.X=958|LOCATION.Y=285|NAME=Published|TEXT=24-Mar-1999|UNIQUEID=DAVVMLOR|
RECORD=41|LINENO=1271|OWNERPARTID=   0|OWNERINDEX=1269|FONTID=1|ISHIDDEN=T|LOCATION.X=958|LOCATION.Y=285|NAME=Revision|TEXT=July-2002: Re-released for DXP Platform.|UNIQUEID=NGGCAIIM|
RECORD=41|LINENO=1272|OWNERPARTID=   0|OWNERINDEX=1269|FONTID=1|ISHIDDEN=T|LOCATION.X=958|LOCATION.Y=285|NAME=Publisher|TEXT=Altium Limited|UNIQUEID=UUYVFHNS|
RECORD=41|LINENO=1273|OWNERPARTID=   0|OWNERINDEX=1269|FONTID=1|ISHIDDEN=T|LOCATION.X=958|LOCATION.Y=267|NAME=Solder|TEXT=YES|UNIQUEID=BEWKQQSL|
RECORD= 2|LINENO=1274|OWNERPARTID=   2|OWNERINDEX=1269|DESIGNATOR=2|ELECTRICAL=4|FORMALTYPE=1|LOCATION.X=980|LOCATION.Y=280|NAME=2|PINCONGLOMERATE=34|PINLENGTH=10|
RECORD=41|LINENO=1275|OWNERPARTID=   0|OWNERINDEX=1274|FONTID=1|ISHIDDEN=T|LOCATION.X=980|LOCATION.Y=280|NAME=PinUniqueId|TEXT=OQMPQKGF|UNIQUEID=JRSNLVGO|
RECORD= 2|LINENO=1276|OWNERPARTID=   2|OWNERINDEX=1269|DESIGNATOR=1|ELECTRICAL=4|FORMALTYPE=1|LOCATION.X=1000|LOCATION.Y=280|NAME=1|PINCONGLOMERATE=32|PINLENGTH=10|
RECORD=41|LINENO=1277|OWNERPARTID=   0|OWNERINDEX=1276|FONTID=1|ISHIDDEN=T|LOCATION.X=1000|LOCATION.Y=280|NAME=PinUniqueId|TEXT=TXSFNGQX|UNIQUEID=WKFFJMIO|
RECORD= 7|LINENO=1278|OWNERPARTID=   2|OWNERINDEX=1269|AREACOLOR=65535|ISSOLID=T|LINEWIDTH=1|LOCATIONCOUNT=6|X1=1000|X2=1000|X3=995|X4=990|X5=995|X6=1000|Y1=280|Y2=275|Y3=275|Y4=280|Y5=285|Y6=285|
RECORD= 7|LINENO=1279|OWNERPARTID=   2|OWNERINDEX=1269|AREACOLOR=65535|ISSOLID=T|LINEWIDTH=1|LOCATIONCOUNT=5|X1=980|X2=980|X3=991|X4=986|X5=991|Y1=285|Y2=275|Y3=275|Y4=280|Y5=285|
RECORD=34|LINENO=1280|OWNERPARTID=   0|OWNERINDEX=1269|FONTID=1|LOCATION.X=984|LOCATION.Y=285|NAME=Designator|TEXT=SB41|UNIQUEID=DONLKPDW|
RECORD=41|LINENO=1281|OWNERPARTID=   0|OWNERINDEX=1269|FONTID=1|LOCATION.X=980|LOCATION.Y=292|NAME=Comment|TEXT=Close|UNIQUEID=DNNBMJMT|
RECORD=44|LINENO=1282|OWNERPARTID= -42|OWNERINDEX=1269|
RECORD=45|LINENO=1283|OWNERPARTID= -42|OWNERINDEX=1282|DATAFILECOUNT=1|MODELDATAFILEENTITY0=SB|MODELDATAFILEKIND0=PCBLib|MODELNAME=SB|MODELTYPE=PCBLIB|UNIQUEID=RFPLSIFN|
RECORD=46|LINENO=1284|OWNERPARTID= -42|OWNERINDEX=1283|
RECORD=48|LINENO=1285|OWNERPARTID= -42|OWNERINDEX=1283|
RECORD=45|LINENO=1286|OWNERPARTID= -42|OWNERINDEX=1282|DATAFILECOUNT=1|ISCURRENT=T|MODELDATAFILEENTITY0=SB-tiny|MODELDATAFILEKIND0=PCBLib|MODELNAME=SB-tiny|MODELTYPE=PCBLIB|UNIQUEID=UYTNQMAW|
RECORD=46|LINENO=1287|OWNERPARTID= -42|OWNERINDEX=1286|
RECORD=48|LINENO=1288|OWNERPARTID= -42|OWNERINDEX=1286|
RECORD=45|LINENO=1289|OWNERPARTID= -42|OWNERINDEX=1282|DATAFILECOUNT=1|MODELDATAFILEENTITY0=SB-LARGE|MODELDATAFILEKIND0=PCBLib|MODELNAME=SB-LARGE|MODELTYPE=PCBLIB|UNIQUEID=CAVFLWUO|
RECORD=46|LINENO=1290|OWNERPARTID= -42|OWNERINDEX=1289|
RECORD=48|LINENO=1291|OWNERPARTID= -42|OWNERINDEX=1289|
RECORD= 1|LINENO=1292|OWNERPARTID=   0|OWNERINDEX= -42|ALLPINCOUNT=2|AREACOLOR=11599871|COMPONENTDESCRIPTION=Solder Jumper|CURRENTPARTID=1|DESIGNITEMID=Strap2|DISPLAYMODECOUNT=1|LIBREFERENCE=Strap2|LOCATION.X=980|LOCATION.Y=270|NOTUSEDBTABLENAME=T|PARTCOUNT=2|PARTIDLOCKED=F|SOURCELIBRARYNAME=Passive.SchLib|TARGETFILENAME=*|UNIQUEID=SLIQFFDW|
RECORD=41|LINENO=1293|OWNERPARTID=   0|OWNERINDEX=1292|FONTID=1|ISHIDDEN=T|LOCATION.X=958|LOCATION.Y=265|NAME=Published|TEXT=24-Mar-1999|UNIQUEID=IASJXGAV|
RECORD=41|LINENO=1294|OWNERPARTID=   0|OWNERINDEX=1292|FONTID=1|ISHIDDEN=T|LOCATION.X=958|LOCATION.Y=265|NAME=Revision|TEXT=July-2002: Re-released for DXP Platform.|UNIQUEID=SDJSGQAF|
RECORD=41|LINENO=1295|OWNERPARTID=   0|OWNERINDEX=1292|FONTID=1|ISHIDDEN=T|LOCATION.X=958|LOCATION.Y=265|NAME=Publisher|TEXT=Altium Limited|UNIQUEID=AORTYLOX|
RECORD=41|LINENO=1296|OWNERPARTID=   0|OWNERINDEX=1292|FONTID=1|ISHIDDEN=T|LOCATION.X=958|LOCATION.Y=247|NAME=Solder|TEXT=YES|UNIQUEID=UGCXENRL|
RECORD= 2|LINENO=1297|OWNERPARTID=   2|OWNERINDEX=1292|DESIGNATOR=2|ELECTRICAL=4|FORMALTYPE=1|LOCATION.X=980|LOCATION.Y=260|NAME=2|PINCONGLOMERATE=34|PINLENGTH=10|
RECORD=41|LINENO=1298|OWNERPARTID=   0|OWNERINDEX=1297|FONTID=1|ISHIDDEN=T|LOCATION.X=980|LOCATION.Y=260|NAME=PinUniqueId|TEXT=XVSDPUBI|UNIQUEID=ONLYUWAD|
RECORD= 2|LINENO=1299|OWNERPARTID=   2|OWNERINDEX=1292|DESIGNATOR=1|ELECTRICAL=4|FORMALTYPE=1|LOCATION.X=1000|LOCATION.Y=260|NAME=1|PINCONGLOMERATE=32|PINLENGTH=10|
RECORD=41|LINENO=1300|OWNERPARTID=   0|OWNERINDEX=1299|FONTID=1|ISHIDDEN=T|LOCATION.X=1000|LOCATION.Y=260|NAME=PinUniqueId|TEXT=BFDBRCML|UNIQUEID=HLJPFRUJ|
RECORD= 7|LINENO=1301|OWNERPARTID=   2|OWNERINDEX=1292|AREACOLOR=65535|ISSOLID=T|LINEWIDTH=1|LOCATIONCOUNT=6|X1=1000|X2=1000|X3=995|X4=990|X5=995|X6=1000|Y1=260|Y2=255|Y3=255|Y4=260|Y5=265|Y6=265|
RECORD= 7|LINENO=1302|OWNERPARTID=   2|OWNERINDEX=1292|AREACOLOR=65535|ISSOLID=T|LINEWIDTH=1|LOCATIONCOUNT=5|X1=980|X2=980|X3=991|X4=986|X5=991|Y1=265|Y2=255|Y3=255|Y4=260|Y5=265|
RECORD=34|LINENO=1303|OWNERPARTID=   0|OWNERINDEX=1292|FONTID=1|LOCATION.X=981|LOCATION.Y=244|NAME=Designator|TEXT=SB42|UNIQUEID=UCAKMYVY|
RECORD=41|LINENO=1304|OWNERPARTID=   0|OWNERINDEX=1292|FONTID=1|LOCATION.X=982|LOCATION.Y=236|NAME=Comment|TEXT=Open|UNIQUEID=TUYTFLFY|
RECORD=44|LINENO=1305|OWNERPARTID= -42|OWNERINDEX=1292|
RECORD=45|LINENO=1306|OWNERPARTID= -42|OWNERINDEX=1305|DATAFILECOUNT=1|MODELDATAFILEENTITY0=SB|MODELDATAFILEKIND0=PCBLib|MODELNAME=SB|MODELTYPE=PCBLIB|UNIQUEID=BHRHINDQ|
RECORD=46|LINENO=1307|OWNERPARTID= -42|OWNERINDEX=1306|
RECORD=48|LINENO=1308|OWNERPARTID= -42|OWNERINDEX=1306|
RECORD=45|LINENO=1309|OWNERPARTID= -42|OWNERINDEX=1305|DATAFILECOUNT=1|ISCURRENT=T|MODELDATAFILEENTITY0=SB-tiny|MODELDATAFILEKIND0=PCBLib|MODELNAME=SB-tiny|MODELTYPE=PCBLIB|UNIQUEID=LMUOLPCG|
RECORD=46|LINENO=1310|OWNERPARTID= -42|OWNERINDEX=1309|
RECORD=48|LINENO=1311|OWNERPARTID= -42|OWNERINDEX=1309|
RECORD=45|LINENO=1312|OWNERPARTID= -42|OWNERINDEX=1305|DATAFILECOUNT=1|MODELDATAFILEENTITY0=SB-LARGE|MODELDATAFILEKIND0=PCBLib|MODELNAME=SB-LARGE|MODELTYPE=PCBLIB|UNIQUEID=FTBFRQNP|
RECORD=46|LINENO=1313|OWNERPARTID= -42|OWNERINDEX=1312|
RECORD=48|LINENO=1314|OWNERPARTID= -42|OWNERINDEX=1312|
RECORD=17|LINENO=1315|OWNERPARTID=   0|OWNERINDEX= -42|FONTID=2|LOCATION.X=480|LOCATION.Y=670|ORIENTATION=1|SHOWNETNAME=T|STYLE=2|TEXT=5V_INT|UNIQUEID=PASVNODE|
RECORD= 1|LINENO=1316|OWNERPARTID=   0|OWNERINDEX= -42|ALLPINCOUNT=2|AREACOLOR=11599871|COMPONENTDESCRIPTION=Resistor|CURRENTPARTID=1|DESIGNITEMID=RES|DISPLAYMODECOUNT=1|LIBREFERENCE=RES|LOCATION.X=470|LOCATION.Y=640|ORIENTATION=1|PARTCOUNT=2|PARTIDLOCKED=F|SOURCELIBRARYNAME=Lib3D_Altium10_Schlib.SchLib|TARGETFILENAME=*|UNIQUEID=DMXXPDLX|
RECORD= 2|LINENO=1317|OWNERPARTID=   2|OWNERINDEX=1316|%UTF8%SWAPIDPART=Â¦&Â¦|DESIGNATOR=1|ELECTRICAL=4|FORMALTYPE=1|LOCATION.X=480|LOCATION.Y=640|NAME=1|PINCONGLOMERATE=35|PINLENGTH=10|SWAPIDPART=Ž&Ž|SWAPIDPIN=1|
RECORD=41|LINENO=1318|OWNERPARTID=   0|OWNERINDEX=1317|FONTID=1|ISHIDDEN=T|LOCATION.X=480|LOCATION.Y=640|NAME=PinUniqueId|TEXT=YYAUHFLP|UNIQUEID=POYQUYNY|
RECORD= 2|LINENO=1319|OWNERPARTID=   2|OWNERINDEX=1316|%UTF8%SWAPIDPART=Â¦&Â¦|DESIGNATOR=2|ELECTRICAL=4|FORMALTYPE=1|LOCATION.X=480|LOCATION.Y=660|NAME=2|PINCONGLOMERATE=33|PINLENGTH=10|SWAPIDPART=Ž&Ž|SWAPIDPIN=2|
RECORD=41|LINENO=1320|OWNERPARTID=   0|OWNERINDEX=1319|FONTID=1|ISHIDDEN=T|LOCATION.X=480|LOCATION.Y=660|NAME=PinUniqueId|TEXT=VQXRLKAD|UNIQUEID=GYIAPMDT|
RECORD=13|LINENO=1321|OWNERPARTID=   2|OWNERINDEX=1316|CORNER.X=485|CORNER.Y=660|LINEWIDTH=1|LOCATION.X=475|LOCATION.Y=660|
RECORD=13|LINENO=1322|OWNERPARTID=   2|OWNERINDEX=1316|CORNER.X=485|CORNER.Y=640|LINEWIDTH=1|LOCATION.X=475|LOCATION.Y=640|
RECORD=13|LINENO=1323|OWNERPARTID=   2|OWNERINDEX=1316|CORNER.X=485|CORNER.Y=660|LINEWIDTH=1|LOCATION.X=485|LOCATION.Y=640|
RECORD=13|LINENO=1324|OWNERPARTID=   2|OWNERINDEX=1316|CORNER.X=475|CORNER.Y=660|LINEWIDTH=1|LOCATION.X=475|LOCATION.Y=640|
RECORD=34|LINENO=1325|OWNERPARTID=   0|OWNERINDEX=1316|FONTID=1|LOCATION.X=486|LOCATION.Y=651|NAME=Designator|TEXT=R33|UNIQUEID=XSNDXFLR|
RECORD=41|LINENO=1326|OWNERPARTID=   0|OWNERINDEX=1316|FONTID=1|LOCATION.X=486|LOCATION.Y=641|NAME=Comment|TEXT=1K|UNIQUEID=HYLBTJUX|
RECORD=44|LINENO=1327|OWNERPARTID= -42|OWNERINDEX=1316|
RECORD=45|LINENO=1328|OWNERPARTID= -42|OWNERINDEX=1327|DATAFILECOUNT=1|DESCRIPTION=Resistor Footprint 0603|MODELDATAFILEENTITY0=0603_RES|MODELDATAFILEKIND0=PCBLib|MODELNAME=0603_RES|MODELTYPE=PCBLIB|UNIQUEID=RQVUSRKF|
RECORD=46|LINENO=1329|OWNERPARTID= -42|OWNERINDEX=1328|
RECORD=48|LINENO=1330|OWNERPARTID= -42|OWNERINDEX=1328|
RECORD=45|LINENO=1331|OWNERPARTID= -42|OWNERINDEX=1327|DATAFILECOUNT=1|DESCRIPTION=Resistor FootPrint 0402|ISCURRENT=T|MODELDATAFILEENTITY0=0402_RES|MODELDATAFILEKIND0=PCBLib|MODELNAME=0402_RES|MODELTYPE=PCBLIB|UNIQUEID=KMCMKQKF|
RECORD=46|LINENO=1332|OWNERPARTID= -42|OWNERINDEX=1331|
RECORD=48|LINENO=1333|OWNERPARTID= -42|OWNERINDEX=1331|
RECORD=18|LINENO=1334|OWNERPARTID=   0|OWNERINDEX= -42|ALIGNMENT=1|AREACOLOR=8454143|FONTID=1|HEIGHT=10|LOCATION.X=420|LOCATION.Y=650|NAME=PE4|TEXTCOLOR=128|UNIQUEID=WCPHTDRH|WIDTH=40|
RECORD=22|LINENO=1335|OWNERPARTID=   0|OWNERINDEX= -42|ISACTIVE=T|LOCATION.X=680|LOCATION.Y=320|ORIENTATION=1|SUPPRESSALL=T|SYMBOL=Thin Cross|UNIQUEID=BURJTGIM|
RECORD=22|LINENO=1336|OWNERPARTID=   0|OWNERINDEX= -42|ISACTIVE=T|LOCATION.X=760|LOCATION.Y=660|ORIENTATION=1|SUPPRESSALL=T|SYMBOL=Thin Cross|UNIQUEID=NQRUNWBO|
RECORD=27|LINENO=1337|OWNERPARTID=   0|OWNERINDEX= -42|LINEWIDTH=1|LOCATIONCOUNT=2|UNIQUEID=GEJPRYRH|X1=760|X2=810|Y1=510|Y2=510|
RECORD=27|LINENO=1338|OWNERPARTID=   0|OWNERINDEX= -42|LINEWIDTH=1|LOCATIONCOUNT=2|UNIQUEID=ABXHUPTX|X1=760|X2=780|Y1=490|Y2=490|
RECORD=27|LINENO=1339|OWNERPARTID=   0|OWNERINDEX= -42|LINEWIDTH=1|LOCATIONCOUNT=2|UNIQUEID=BIPKQJQK|X1=760|X2=770|Y1=630|Y2=630|
RECORD=27|LINENO=1340|OWNERPARTID=   0|OWNERINDEX= -42|LINEWIDTH=1|LOCATIONCOUNT=2|UNIQUEID=CQAAVDDC|X1=760|X2=780|Y1=650|Y2=650|
RECORD=27|LINENO=1341|OWNERPARTID=   0|OWNERINDEX= -42|LINEWIDTH=1|LOCATIONCOUNT=2|UNIQUEID=USOKYTYQ|X1=760|X2=780|Y1=480|Y2=480|
RECORD=27|LINENO=1342|OWNERPARTID=   0|OWNERINDEX= -42|LINEWIDTH=1|LOCATIONCOUNT=2|UNIQUEID=AIFVEJPA|X1=760|X2=780|Y1=640|Y2=640|
RECORD=27|LINENO=1343|OWNERPARTID=   0|OWNERINDEX= -42|LINEWIDTH=1|LOCATIONCOUNT=2|UNIQUEID=ETNQXRXS|X1=410|X2=400|Y1=630|Y2=630|
RECORD=27|LINENO=1344|OWNERPARTID=   0|OWNERINDEX= -42|LINEWIDTH=1|LOCATIONCOUNT=2|UNIQUEID=YEGHJTXQ|X1=760|X2=780|Y1=570|Y2=570|
RECORD=27|LINENO=1345|OWNERPARTID=   0|OWNERINDEX= -42|LINEWIDTH=1|LOCATIONCOUNT=2|UNIQUEID=IWWNMYLP|X1=760|X2=780|Y1=590|Y2=590|
RECORD=27|LINENO=1346|OWNERPARTID=   0|OWNERINDEX= -42|LINEWIDTH=1|LOCATIONCOUNT=2|UNIQUEID=QAVYXMKM|X1=760|X2=920|Y1=530|Y2=530|
RECORD=27|LINENO=1347|OWNERPARTID=   0|OWNERINDEX= -42|LINEWIDTH=1|LOCATIONCOUNT=2|UNIQUEID=QSVKTOGY|X1=400|X2=410|Y1=640|Y2=640|
RECORD=27|LINENO=1348|OWNERPARTID=   0|OWNERINDEX= -42|LINEWIDTH=1|LOCATIONCOUNT=3|UNIQUEID=LMTYUCLR|X1=760|X2=860|X3=880|Y1=540|Y2=540|Y3=540|
RECORD=27|LINENO=1349|OWNERPARTID=   0|OWNERINDEX= -42|LINEWIDTH=1|LOCATIONCOUNT=2|UNIQUEID=MXHISUBV|X1=350|X2=360|Y1=570|Y2=570|
RECORD=27|LINENO=1350|OWNERPARTID=   0|OWNERINDEX= -42|LINEWIDTH=1|LOCATIONCOUNT=2|UNIQUEID=QOHXKYCL|X1=260|X2=260|Y1=280|Y2=290|
RECORD=27|LINENO=1351|OWNERPARTID=   0|OWNERINDEX= -42|LINEWIDTH=1|LOCATIONCOUNT=2|UNIQUEID=UGFRRQDX|X1=410|X2=400|Y1=570|Y2=570|
RECORD=27|LINENO=1352|OWNERPARTID=   0|OWNERINDEX= -42|LINEWIDTH=1|LOCATIONCOUNT=2|UNIQUEID=FHTYUKFA|X1=410|X2=400|Y1=590|Y2=590|
RECORD=27|LINENO=1353|OWNERPARTID=   0|OWNERINDEX= -42|LINEWIDTH=1|LOCATIONCOUNT=2|UNIQUEID=NNSHVHOT|X1=400|X2=410|Y1=610|Y2=610|
RECORD=27|LINENO=1354|OWNERPARTID=   0|OWNERINDEX= -42|LINEWIDTH=1|LOCATIONCOUNT=2|UNIQUEID=UYALXHVG|X1=420|X2=400|Y1=580|Y2=580|
RECORD=27|LINENO=1355|OWNERPARTID=   0|OWNERINDEX= -42|LINEWIDTH=1|LOCATIONCOUNT=2|UNIQUEID=DYEUVDSN|X1=710|X2=720|Y1=620|Y2=620|
RECORD=27|LINENO=1356|OWNERPARTID=   0|OWNERINDEX= -42|LINEWIDTH=1|LOCATIONCOUNT=2|UNIQUEID=KRVEPTKH|X1=260|X2=280|Y1=250|Y2=250|
RECORD=27|LINENO=1357|OWNERPARTID=   0|OWNERINDEX= -42|LINEWIDTH=1|LOCATIONCOUNT=2|UNIQUEID=GPXGLYJT|X1=670|X2=680|Y1=310|Y2=310|
RECORD=27|LINENO=1358|OWNERPARTID=   0|OWNERINDEX= -42|LINEWIDTH=1|LOCATIONCOUNT=2|UNIQUEID=HSVUIMKJ|X1=670|X2=680|Y1=290|Y2=290|
RECORD=27|LINENO=1359|OWNERPARTID=   0|OWNERINDEX= -42|LINEWIDTH=1|LOCATIONCOUNT=2|UNIQUEID=SFEPDAAH|X1=670|X2=680|Y1=250|Y2=250|
RECORD=27|LINENO=1360|OWNERPARTID=   0|OWNERINDEX= -42|LINEWIDTH=1|LOCATIONCOUNT=2|UNIQUEID=RHSVXHIK|X1=660|X2=680|Y1=260|Y2=260|
RECORD=27|LINENO=1361|OWNERPARTID=   0|OWNERINDEX= -42|LINEWIDTH=1|LOCATIONCOUNT=2|UNIQUEID=HFKUHCHS|X1=660|X2=680|Y1=270|Y2=270|
RECORD=27|LINENO=1362|OWNERPARTID=   0|OWNERINDEX= -42|LINEWIDTH=1|LOCATIONCOUNT=2|UNIQUEID=HFNFJIDS|X1=660|X2=680|Y1=280|Y2=280|
RECORD=27|LINENO=1363|OWNERPARTID=   0|OWNERINDEX= -42|LINEWIDTH=1|LOCATIONCOUNT=2|UNIQUEID=CBGRLHKT|X1=880|X2=860|Y1=320|Y2=320|
RECORD=27|LINENO=1364|OWNERPARTID=   0|OWNERINDEX= -42|LINEWIDTH=1|LOCATIONCOUNT=2|UNIQUEID=YERJAFWT|X1=680|X2=620|Y1=210|Y2=210|
RECORD=27|LINENO=1365|OWNERPARTID=   0|OWNERINDEX= -42|LINEWIDTH=1|LOCATIONCOUNT=2|UNIQUEID=IKGQFNRJ|X1=680|X2=620|Y1=200|Y2=200|
RECORD=27|LINENO=1366|OWNERPARTID=   0|OWNERINDEX= -42|LINEWIDTH=1|LOCATIONCOUNT=2|UNIQUEID=SSBOBVRU|X1=680|X2=620|Y1=190|Y2=190|
RECORD=27|LINENO=1367|OWNERPARTID=   0|OWNERINDEX= -42|LINEWIDTH=1|LOCATIONCOUNT=2|UNIQUEID=WQRWTXAG|X1=680|X2=620|Y1=180|Y2=180|
RECORD=27|LINENO=1368|OWNERPARTID=   0|OWNERINDEX= -42|LINEWIDTH=1|LOCATIONCOUNT=2|UNIQUEID=SVIDLDRM|X1=680|X2=620|Y1=170|Y2=170|
RECORD=27|LINENO=1369|OWNERPARTID=   0|OWNERINDEX= -42|LINEWIDTH=1|LOCATIONCOUNT=2|UNIQUEID=BAKSIUIN|X1=680|X2=620|Y1=160|Y2=160|
RECORD=27|LINENO=1370|OWNERPARTID=   0|OWNERINDEX= -42|LINEWIDTH=1|LOCATIONCOUNT=2|UNIQUEID=LDVRLLCU|X1=680|X2=620|Y1=300|Y2=300|
RECORD=27|LINENO=1371|OWNERPARTID=   0|OWNERINDEX= -42|LINEWIDTH=1|LOCATIONCOUNT=2|UNIQUEID=VNIMKMDQ|X1=920|X2=860|Y1=310|Y2=310|
RECORD=27|LINENO=1372|OWNERPARTID=   0|OWNERINDEX= -42|LINEWIDTH=1|LOCATIONCOUNT=2|UNIQUEID=QHFXBNDR|X1=920|X2=860|Y1=300|Y2=300|
RECORD=27|LINENO=1373|OWNERPARTID=   0|OWNERINDEX= -42|LINEWIDTH=1|LOCATIONCOUNT=2|UNIQUEID=FHNMMEKQ|X1=920|X2=860|Y1=290|Y2=290|
RECORD=27|LINENO=1374|OWNERPARTID=   0|OWNERINDEX= -42|LINEWIDTH=1|LOCATIONCOUNT=2|UNIQUEID=CJEWGYLT|X1=920|X2=860|Y1=270|Y2=270|
RECORD=27|LINENO=1375|OWNERPARTID=   0|OWNERINDEX= -42|LINEWIDTH=1|LOCATIONCOUNT=2|UNIQUEID=QXOPEWNN|X1=920|X2=860|Y1=260|Y2=260|
RECORD=27|LINENO=1376|OWNERPARTID=   0|OWNERINDEX= -42|LINEWIDTH=1|LOCATIONCOUNT=2|UNIQUEID=MTWSPQMU|X1=920|X2=860|Y1=200|Y2=200|
RECORD=27|LINENO=1377|OWNERPARTID=   0|OWNERINDEX= -42|LINEWIDTH=1|LOCATIONCOUNT=2|UNIQUEID=QQCDAIQD|X1=920|X2=860|Y1=190|Y2=190|
RECORD=27|LINENO=1378|OWNERPARTID=   0|OWNERINDEX= -42|LINEWIDTH=1|LOCATIONCOUNT=2|UNIQUEID=YIRRFUEO|X1=920|X2=860|Y1=180|Y2=180|
RECORD=27|LINENO=1379|OWNERPARTID=   0|OWNERINDEX= -42|LINEWIDTH=1|LOCATIONCOUNT=2|UNIQUEID=YOYKMSIN|X1=920|X2=860|Y1=170|Y2=170|
RECORD=27|LINENO=1380|OWNERPARTID=   0|OWNERINDEX= -42|LINEWIDTH=1|LOCATIONCOUNT=2|UNIQUEID=MRNIHPRE|X1=920|X2=860|Y1=160|Y2=160|
RECORD=27|LINENO=1381|OWNERPARTID=   0|OWNERINDEX= -42|LINEWIDTH=1|LOCATIONCOUNT=2|UNIQUEID=ETFPYCDC|X1=920|X2=860|Y1=150|Y2=150|
RECORD=27|LINENO=1382|OWNERPARTID=   0|OWNERINDEX= -42|LINEWIDTH=1|LOCATIONCOUNT=2|UNIQUEID=UGDQCYYT|X1=920|X2=860|Y1=220|Y2=220|
RECORD=27|LINENO=1383|OWNERPARTID=   0|OWNERINDEX= -42|LINEWIDTH=1|LOCATIONCOUNT=2|UNIQUEID=HEIKUNAQ|X1=920|X2=860|Y1=210|Y2=210|
RECORD=27|LINENO=1384|OWNERPARTID=   0|OWNERINDEX= -42|LINEWIDTH=1|LOCATIONCOUNT=2|UNIQUEID=QBMLVCSR|X1=920|X2=860|Y1=350|Y2=350|
RECORD=27|LINENO=1385|OWNERPARTID=   0|OWNERINDEX= -42|LINEWIDTH=1|LOCATIONCOUNT=2|UNIQUEID=TGBNNDVG|X1=920|X2=860|Y1=340|Y2=340|
RECORD=27|LINENO=1386|OWNERPARTID=   0|OWNERINDEX= -42|LINEWIDTH=1|LOCATIONCOUNT=2|UNIQUEID=IJXYLHJS|X1=430|X2=400|Y1=600|Y2=600|
RECORD=27|LINENO=1387|OWNERPARTID=   0|OWNERINDEX= -42|LINEWIDTH=1|LOCATIONCOUNT=2|UNIQUEID=GQXLUBXB|X1=690|X2=720|Y1=480|Y2=480|
RECORD=27|LINENO=1388|OWNERPARTID=   0|OWNERINDEX= -42|LINEWIDTH=1|LOCATIONCOUNT=2|UNIQUEID=VTCQMYXQ|X1=700|X2=720|Y1=500|Y2=500|
RECORD=27|LINENO=1389|OWNERPARTID=   0|OWNERINDEX= -42|LINEWIDTH=1|LOCATIONCOUNT=2|UNIQUEID=CUQRWHAB|X1=700|X2=720|Y1=520|Y2=520|
RECORD=27|LINENO=1390|OWNERPARTID=   0|OWNERINDEX= -42|LINEWIDTH=1|LOCATIONCOUNT=2|UNIQUEID=MCDSBGXQ|X1=700|X2=720|Y1=530|Y2=530|
RECORD=27|LINENO=1391|OWNERPARTID=   0|OWNERINDEX= -42|LINEWIDTH=1|LOCATIONCOUNT=2|UNIQUEID=AMXLCQSA|X1=700|X2=720|Y1=540|Y2=540|
RECORD=27|LINENO=1392|OWNERPARTID=   0|OWNERINDEX= -42|LINEWIDTH=1|LOCATIONCOUNT=2|UNIQUEID=NPSFMESF|X1=700|X2=720|Y1=550|Y2=550|
RECORD=27|LINENO=1393|OWNERPARTID=   0|OWNERINDEX= -42|LINEWIDTH=1|LOCATIONCOUNT=2|UNIQUEID=YANVJQMJ|X1=700|X2=720|Y1=560|Y2=560|
RECORD=27|LINENO=1394|OWNERPARTID=   0|OWNERINDEX= -42|LINEWIDTH=1|LOCATIONCOUNT=2|UNIQUEID=OOYUFNKI|X1=700|X2=720|Y1=600|Y2=600|
RECORD=27|LINENO=1395|OWNERPARTID=   0|OWNERINDEX= -42|LINEWIDTH=1|LOCATIONCOUNT=2|UNIQUEID=IIYEBGUV|X1=700|X2=720|Y1=610|Y2=610|
RECORD=27|LINENO=1396|OWNERPARTID=   0|OWNERINDEX= -42|LINEWIDTH=1|LOCATIONCOUNT=2|UNIQUEID=MSCGBBRR|X1=700|X2=720|Y1=640|Y2=640|
RECORD=27|LINENO=1397|OWNERPARTID=   0|OWNERINDEX= -42|LINEWIDTH=1|LOCATIONCOUNT=2|UNIQUEID=PCCUAWJF|X1=700|X2=720|Y1=650|Y2=650|
RECORD=27|LINENO=1398|OWNERPARTID=   0|OWNERINDEX= -42|LINEWIDTH=1|LOCATIONCOUNT=2|UNIQUEID=GYMARKTU|X1=700|X2=720|Y1=660|Y2=660|
RECORD=27|LINENO=1399|OWNERPARTID=   0|OWNERINDEX= -42|LINEWIDTH=1|LOCATIONCOUNT=2|UNIQUEID=JJQSTOOV|X1=400|X2=420|Y1=660|Y2=660|
RECORD=27|LINENO=1400|OWNERPARTID=   0|OWNERINDEX= -42|LINEWIDTH=1|LOCATIONCOUNT=2|UNIQUEID=VSSINIWR|X1=400|X2=440|Y1=480|Y2=480|
RECORD=27|LINENO=1401|OWNERPARTID=   0|OWNERINDEX= -42|LINEWIDTH=1|LOCATIONCOUNT=2|UNIQUEID=SRNXCOTE|X1=400|X2=440|Y1=490|Y2=490|
RECORD=27|LINENO=1402|OWNERPARTID=   0|OWNERINDEX= -42|LINEWIDTH=1|LOCATIONCOUNT=2|UNIQUEID=YQRJHSGQ|X1=400|X2=440|Y1=500|Y2=500|
RECORD=27|LINENO=1403|OWNERPARTID=   0|OWNERINDEX= -42|LINEWIDTH=1|LOCATIONCOUNT=2|UNIQUEID=PLUGAXFL|X1=400|X2=440|Y1=520|Y2=520|
RECORD=27|LINENO=1404|OWNERPARTID=   0|OWNERINDEX= -42|LINEWIDTH=1|LOCATIONCOUNT=2|UNIQUEID=HRUXGCVQ|X1=400|X2=440|Y1=530|Y2=530|
RECORD=27|LINENO=1405|OWNERPARTID=   0|OWNERINDEX= -42|LINEWIDTH=1|LOCATIONCOUNT=2|UNIQUEID=IEUXRHXS|X1=300|X2=360|Y1=660|Y2=660|
RECORD=27|LINENO=1406|OWNERPARTID=   0|OWNERINDEX= -42|LINEWIDTH=1|LOCATIONCOUNT=2|UNIQUEID=NBQBQJYE|X1=300|X2=360|Y1=650|Y2=650|
RECORD=27|LINENO=1407|OWNERPARTID=   0|OWNERINDEX= -42|LINEWIDTH=1|LOCATIONCOUNT=2|UNIQUEID=GOIQBWTL|X1=320|X2=360|Y1=630|Y2=630|
RECORD=27|LINENO=1408|OWNERPARTID=   0|OWNERINDEX= -42|LINEWIDTH=1|LOCATIONCOUNT=2|UNIQUEID=VEDRIETJ|X1=300|X2=360|Y1=600|Y2=600|
RECORD=27|LINENO=1409|OWNERPARTID=   0|OWNERINDEX= -42|LINEWIDTH=1|LOCATIONCOUNT=2|UNIQUEID=SYBXPDEL|X1=300|X2=360|Y1=590|Y2=590|
RECORD=27|LINENO=1410|OWNERPARTID=   0|OWNERINDEX= -42|LINEWIDTH=1|LOCATIONCOUNT=2|UNIQUEID=ARVNIWTJ|X1=300|X2=360|Y1=540|Y2=540|
RECORD=27|LINENO=1411|OWNERPARTID=   0|OWNERINDEX= -42|LINEWIDTH=1|LOCATIONCOUNT=2|UNIQUEID=YPFAQEXD|X1=300|X2=360|Y1=530|Y2=530|
RECORD=27|LINENO=1412|OWNERPARTID=   0|OWNERINDEX= -42|LINEWIDTH=1|LOCATIONCOUNT=2|UNIQUEID=UMDNQNVU|X1=320|X2=360|Y1=520|Y2=520|
RECORD=27|LINENO=1413|OWNERPARTID=   0|OWNERINDEX= -42|LINEWIDTH=1|LOCATIONCOUNT=2|UNIQUEID=EIBCKYXA|X1=320|X2=360|Y1=510|Y2=510|
RECORD=27|LINENO=1414|OWNERPARTID=   0|OWNERINDEX= -42|LINEWIDTH=1|LOCATIONCOUNT=2|UNIQUEID=DNMPTVCE|X1=890|X2=860|Y1=330|Y2=330|
RECORD=27|LINENO=1415|OWNERPARTID=   0|OWNERINDEX= -42|LINEWIDTH=1|LOCATIONCOUNT=4|UNIQUEID=QWDLDHTR|X1=400|X2=490|X3=490|X4=470|Y1=510|Y2=510|Y3=460|Y4=460|
RECORD=27|LINENO=1416|OWNERPARTID=   0|OWNERINDEX= -42|LINEWIDTH=1|LOCATIONCOUNT=2|UNIQUEID=QSSSSKMW|X1=380|X2=430|Y1=460|Y2=460|
RECORD=27|LINENO=1417|OWNERPARTID=   0|OWNERINDEX= -42|LINEWIDTH=1|LOCATIONCOUNT=3|UNIQUEID=PNIMJNVT|X1=430|X2=490|X3=490|Y1=450|Y2=450|Y3=460|
RECORD=27|LINENO=1418|OWNERPARTID=   0|OWNERINDEX= -42|LINEWIDTH=1|LOCATIONCOUNT=2|UNIQUEID=CSJXKDGQ|X1=390|X2=380|Y1=450|Y2=450|
RECORD=27|LINENO=1419|OWNERPARTID=   0|OWNERINDEX= -42|LINEWIDTH=1|LOCATIONCOUNT=2|UNIQUEID=XWKJSAAI|X1=570|X2=560|Y1=470|Y2=470|
RECORD=27|LINENO=1420|OWNERPARTID=   0|OWNERINDEX= -42|LINEWIDTH=1|LOCATIONCOUNT=2|UNIQUEID=XXHCAMMB|X1=560|X2=570|Y1=450|Y2=450|
RECORD=27|LINENO=1421|OWNERPARTID=   0|OWNERINDEX= -42|LINEWIDTH=1|LOCATIONCOUNT=2|UNIQUEID=GANDQOCL|X1=610|X2=720|Y1=570|Y2=570|
RECORD=27|LINENO=1422|OWNERPARTID=   0|OWNERINDEX= -42|LINEWIDTH=1|LOCATIONCOUNT=5|UNIQUEID=LNQBDAYA|X1=760|X2=860|X3=860|X4=860|X5=880|Y1=520|Y2=520|Y3=510|Y4=490|Y5=490|
RECORD=27|LINENO=1423|OWNERPARTID=   0|OWNERINDEX= -42|LINEWIDTH=1|LOCATIONCOUNT=2|UNIQUEID=RKXEOJYW|X1=880|X2=860|Y1=510|Y2=510|
RECORD=27|LINENO=1424|OWNERPARTID=   0|OWNERINDEX= -42|LINEWIDTH=1|LOCATIONCOUNT=3|UNIQUEID=YSDKCKQO|X1=880|X2=860|X3=860|Y1=560|Y2=560|Y3=540|
RECORD=27|LINENO=1425|OWNERPARTID=   0|OWNERINDEX= -42|LINEWIDTH=1|LOCATIONCOUNT=2|UNIQUEID=HGFBAYQA|X1=600|X2=720|Y1=510|Y2=510|
RECORD=27|LINENO=1426|OWNERPARTID=   0|OWNERINDEX= -42|LINEWIDTH=1|LOCATIONCOUNT=3|UNIQUEID=LYWFVPGN|X1=880|X2=860|X3=860|Y1=580|Y2=580|Y3=560|
RECORD=27|LINENO=1427|OWNERPARTID=   0|OWNERINDEX= -42|LINEWIDTH=1|LOCATIONCOUNT=2|UNIQUEID=FRTWVSFX|X1=760|X2=780|Y1=550|Y2=550|
RECORD=27|LINENO=1428|OWNERPARTID=   0|OWNERINDEX= -42|LINEWIDTH=1|LOCATIONCOUNT=2|UNIQUEID=YBNCSLYG|X1=760|X2=780|Y1=560|Y2=560|
RECORD=27|LINENO=1429|OWNERPARTID=   0|OWNERINDEX= -42|LINEWIDTH=1|LOCATIONCOUNT=2|UNIQUEID=KTPGRRMC|X1=650|X2=610|Y1=650|Y2=650|
RECORD=27|LINENO=1430|OWNERPARTID=   0|OWNERINDEX= -42|LINEWIDTH=1|LOCATIONCOUNT=2|UNIQUEID=MLFKPHEV|X1=630|X2=610|Y1=600|Y2=600|
RECORD=27|LINENO=1431|OWNERPARTID=   0|OWNERINDEX= -42|LINEWIDTH=1|LOCATIONCOUNT=5|UNIQUEID=NXWVIJLP|X1=720|X2=630|X3=630|X4=630|X5=610|Y1=580|Y2=580|Y3=600|Y4=620|Y5=620|
RECORD=27|LINENO=1432|OWNERPARTID=   0|OWNERINDEX= -42|LINEWIDTH=1|LOCATIONCOUNT=2|UNIQUEID=YXEPVNWV|X1=630|X2=610|Y1=470|Y2=470|
RECORD=27|LINENO=1433|OWNERPARTID=   0|OWNERINDEX= -42|LINEWIDTH=1|LOCATIONCOUNT=5|UNIQUEID=MXYYQAEN|X1=720|X2=630|X3=630|X4=630|X5=610|Y1=490|Y2=490|Y3=470|Y4=450|Y5=450|
RECORD=27|LINENO=1434|OWNERPARTID=   0|OWNERINDEX= -42|LINEWIDTH=1|LOCATIONCOUNT=2|UNIQUEID=QUUGPADH|X1=560|X2=570|Y1=680|Y2=680|
RECORD=27|LINENO=1435|OWNERPARTID=   0|OWNERINDEX= -42|LINEWIDTH=1|LOCATIONCOUNT=2|UNIQUEID=HDOCREVT|X1=560|X2=570|Y1=650|Y2=650|
RECORD=27|LINENO=1436|OWNERPARTID=   0|OWNERINDEX= -42|LINEWIDTH=1|LOCATIONCOUNT=2|UNIQUEID=QQPTFVNT|X1=560|X2=570|Y1=570|Y2=570|
RECORD=27|LINENO=1437|OWNERPARTID=   0|OWNERINDEX= -42|LINEWIDTH=1|LOCATIONCOUNT=2|UNIQUEID=GBDUCTIH|X1=560|X2=570|Y1=620|Y2=620|
RECORD=27|LINENO=1438|OWNERPARTID=   0|OWNERINDEX= -42|LINEWIDTH=1|LOCATIONCOUNT=2|UNIQUEID=IBQCHUJN|X1=560|X2=570|Y1=600|Y2=600|
RECORD=27|LINENO=1439|OWNERPARTID=   0|OWNERINDEX= -42|LINEWIDTH=1|LOCATIONCOUNT=4|UNIQUEID=XHCVKENG|X1=760|X2=850|X3=850|X4=870|Y1=610|Y2=610|Y3=670|Y4=670|
RECORD=27|LINENO=1440|OWNERPARTID=   0|OWNERINDEX= -42|LINEWIDTH=1|LOCATIONCOUNT=4|UNIQUEID=TSJRAFMY|X1=870|X2=860|X3=860|X4=760|Y1=640|Y2=640|Y3=600|Y4=600|
RECORD=27|LINENO=1441|OWNERPARTID=   0|OWNERINDEX= -42|LINEWIDTH=1|LOCATIONCOUNT=4|UNIQUEID=YFWAFHHO|X1=880|X2=850|X3=850|X4=760|Y1=460|Y2=460|Y3=500|Y4=500|
RECORD=27|LINENO=1442|OWNERPARTID=   0|OWNERINDEX= -42|LINEWIDTH=1|LOCATIONCOUNT=5|UNIQUEID=UAQJRNFM|X1=720|X2=650|X3=650|X4=650|X5=610|Y1=590|Y2=590|Y3=650|Y4=680|Y5=680|
RECORD=27|LINENO=1443|OWNERPARTID=   0|OWNERINDEX= -42|LINEWIDTH=1|LOCATIONCOUNT=3|UNIQUEID=CXOVSYMH|X1=260|X2=260|X3=260|Y1=240|Y2=220|Y3=210|
RECORD=27|LINENO=1444|OWNERPARTID=   0|OWNERINDEX= -42|LINEWIDTH=1|LOCATIONCOUNT=2|UNIQUEID=QWREFPIN|X1=260|X2=300|Y1=270|Y2=270|
RECORD=27|LINENO=1445|OWNERPARTID=   0|OWNERINDEX= -42|LINEWIDTH=1|LOCATIONCOUNT=2|UNIQUEID=DIMLVVUY|X1=300|X2=260|Y1=260|Y2=260|
RECORD=27|LINENO=1446|OWNERPARTID=   0|OWNERINDEX= -42|LINEWIDTH=1|LOCATIONCOUNT=3|UNIQUEID=IAMVCXUS|X1=970|X2=970|X3=860|Y1=260|Y2=280|Y3=280|
RECORD=27|LINENO=1447|OWNERPARTID=   0|OWNERINDEX= -42|LINEWIDTH=1|LOCATIONCOUNT=2|UNIQUEID=XKUAYOOO|X1=380|X2=470|Y1=270|Y2=270|
RECORD=27|LINENO=1448|OWNERPARTID=   0|OWNERINDEX= -42|LINEWIDTH=1|LOCATIONCOUNT=2|UNIQUEID=XAUAVMLU|X1=380|X2=470|Y1=260|Y2=260|
RECORD=27|LINENO=1449|OWNERPARTID=   0|OWNERINDEX= -42|LINEWIDTH=1|LOCATIONCOUNT=3|UNIQUEID=LATDLWDB|X1=480|X2=480|X3=400|Y1=630|Y2=620|Y3=620|
RECORD=27|LINENO=1450|OWNERPARTID=   0|OWNERINDEX= -42|LINEWIDTH=1|LOCATIONCOUNT=2|UNIQUEID=LVCHMSCX|X1=400|X2=420|Y1=650|Y2=650|
RECORD=29|LINENO=1451|OWNERPARTID=   0|OWNERINDEX= -42|LOCATION.X=260|LOCATION.Y=220|
RECORD=29|LINENO=1452|OWNERPARTID=   0|OWNERINDEX= -42|LOCATION.X=490|LOCATION.Y=460|
RECORD=29|LINENO=1453|OWNERPARTID=   0|OWNERINDEX= -42|LOCATION.X=630|LOCATION.Y=470|
RECORD=29|LINENO=1454|OWNERPARTID=   0|OWNERINDEX= -42|LOCATION.X=630|LOCATION.Y=600|
RECORD=29|LINENO=1455|OWNERPARTID=   0|OWNERINDEX= -42|LOCATION.X=650|LOCATION.Y=650|
RECORD=29|LINENO=1456|OWNERPARTID=   0|OWNERINDEX= -42|LOCATION.X=860|LOCATION.Y=510|
RECORD=29|LINENO=1457|OWNERPARTID=   0|OWNERINDEX= -42|LOCATION.X=860|LOCATION.Y=540|
RECORD=29|LINENO=1458|OWNERPARTID=   0|OWNERINDEX= -42|LOCATION.X=860|LOCATION.Y=560|
RECORD=29|LINENO=1459|OWNERPARTID=   0|OWNERINDEX= -42|LOCATION.X=970|LOCATION.Y=280|
