RECORD=-42|LINENO=   0|OWNERPARTID= -42|OWNERINDEX= -42|HEADER=Protel for Windows - Schematic Capture Binary File Version 5.0|MINORVERSION=2|UNIQUEID=TQDCSHOB|WEIGHT=1335|
RECORD=31|LINENO=   1|OWNERPARTID= -42|OWNERINDEX= -42|AREACOLOR=16317695|BOLD4=T|BORDERON=T|CUSTOMMARGINWIDTH=20|CUSTOMX=1500|CUSTOMXZONES=6|CUSTOMY=950|CUSTOMYZONES=4|DISPLAY_UNIT=0|FONTIDCOUNT=5|FONTNAME1=Times New Roman|FONTNAME2=Times New Roman|FONTNAME3=Arial Narrow|FONTNAME4=Times New Roman|FONTNAME5=Arial|HOTSPOTGRIDON=T|HOTSPOTGRIDSIZE=4|ISBOC=T|ITALIC5=T|REFERENCEZONESON=T|ROTATION2=90|SHEETNUMBERSPACESIZE=12|SHOWTEMPLATEGRAPHICS=T|SIZE1=10|SIZE2=10|SIZE3=10|SIZE4=10|SIZE5=10|SNAPGRIDON=T|SNAPGRIDSIZE=10|SYSTEMFONT=1|TEMPLATEFILENAME=D:\Data\A sauver\Dizic\MB1355\MB1355A-Draft3 (12June2017)\Schematic_A4_Landscape.SchDot|USEMBCS=T|VISIBLEGRIDON=T|VISIBLEGRIDSIZE=10|
RECORD=39|LINENO=   2|OWNERPARTID=   0|OWNERINDEX= -42|FILENAME=D:\Data\A sauver\Dizic\MB1355\MB1355A-Draft3 (12June2017)\Schematic_A4_Landscape.SchDot|
RECORD= 4|LINENO=   3|OWNERPARTID=   0|OWNERINDEX=   2|FONTID=1|LOCATION.X=1022|TEXT==sheetnumber|
RECORD= 4|LINENO=   4|OWNERPARTID=   0|OWNERINDEX=   2|FONTID=1|LOCATION.X=1048|TEXT==sheettotal|
RECORD= 4|LINENO=   5|OWNERPARTID=   0|OWNERINDEX=   2|FONTID=4|LOCATION.X=876|LOCATION.Y=41|TEXT==Title|
RECORD= 6|LINENO=   6|OWNERPARTID=   0|OWNERINDEX=   2|LOCATIONCOUNT=2|X1=1090|X2=850|Y1=40|Y2=40|
RECORD= 6|LINENO=   7|OWNERPARTID=   0|OWNERINDEX=   2|LOCATIONCOUNT=2|X1=850|X2=1090|Y1=30|Y2=30|
RECORD= 6|LINENO=   8|OWNERPARTID=   0|OWNERINDEX=   2|LOCATIONCOUNT=2|X1=900|X2=900|Y1=10|
RECORD= 6|LINENO=   9|OWNERPARTID=   0|OWNERINDEX=   2|LOCATIONCOUNT=2|X1=990|X2=990|Y1=20|
RECORD= 6|LINENO=  10|OWNERPARTID=   0|OWNERINDEX=   2|LOCATIONCOUNT=2|X1=1090|X2=1090|Y1=50|
RECORD= 4|LINENO=  11|OWNERPARTID=   0|OWNERINDEX=   2|FONTID=1|LOCATION.X=853|LOCATION.Y=41|TEXT=Title:|
RECORD= 4|LINENO=  12|OWNERPARTID=   0|OWNERINDEX=   2|FONTID=1|LOCATION.X=853|TEXT=Size:|
RECORD= 4|LINENO=  13|OWNERPARTID=   0|OWNERINDEX=   2|FONTID=1|LOCATION.X=995|LOCATION.Y=11|TEXT=Reference:|
RECORD= 4|LINENO=  14|OWNERPARTID=   0|OWNERINDEX=   2|FONTID=1|LOCATION.X=995|TEXT=Sheet:|
RECORD= 4|LINENO=  15|OWNERPARTID=   0|OWNERINDEX=   2|FONTID=1|LOCATION.X=1035|TEXT=of|
RECORD= 4|LINENO=  16|OWNERPARTID=   0|OWNERINDEX=   2|FONTID=1|LOCATION.X=873|TEXT=A4|
RECORD= 6|LINENO=  17|OWNERPARTID=   0|OWNERINDEX=   2|LOCATIONCOUNT=2|X1=850|X2=1090|Y1=10|Y2=10|
RECORD= 4|LINENO=  18|OWNERPARTID=   0|OWNERINDEX=   2|FONTID=1|LOCATION.X=853|LOCATION.Y=11|TEXT=Revision:|
RECORD=30|LINENO=  19|OWNERPARTID=   0|OWNERINDEX=   2|CORNER.X=1148|CORNER.X_FRAC=76743|CORNER.Y=45|CORNER.Y_FRAC=6451|EMBEDIMAGE=T|KEEPASPECT=T|LOCATION.X=1091|LOCATION.Y=5|
RECORD= 4|LINENO=  20|OWNERPARTID=   0|OWNERINDEX=   2|FONTID=1|LOCATION.X=853|LOCATION.Y=31|TEXT=Project:|
RECORD= 6|LINENO=  21|OWNERPARTID=   0|OWNERINDEX=   2|LOCATIONCOUNT=2|X1=850|X2=850|Y1=50|
RECORD= 6|LINENO=  22|OWNERPARTID=   0|OWNERINDEX=   2|LOCATIONCOUNT=2|X1=1150|X2=850|Y1=50|Y2=50|
RECORD= 4|LINENO=  23|OWNERPARTID=   0|OWNERINDEX=   2|FONTID=4|LOCATION.X=884|LOCATION.Y=31|TEXT==Board_Name|
RECORD= 4|LINENO=  24|OWNERPARTID=   0|OWNERINDEX=   2|FONTID=1|LOCATION.X=1038|LOCATION.Y=11|TEXT==Board_Reference|
RECORD= 4|LINENO=  25|OWNERPARTID=   0|OWNERINDEX=   2|FONTID=1|LOCATION.X=893|LOCATION.Y=11|TEXT==Board_PCB_Revision|
RECORD= 4|LINENO=  26|OWNERPARTID=   0|OWNERINDEX=   2|FONTID=1|LOCATION.X=903|LOCATION.Y=11|TEXT==Board_Assembly_Revision|
RECORD= 4|LINENO=  27|OWNERPARTID=   0|OWNERINDEX=   2|FONTID=1|LOCATION.X=927|TEXT==Board_Document_Date|
RECORD= 6|LINENO=  28|OWNERPARTID=   0|OWNERINDEX=   2|LOCATIONCOUNT=2|X1=850|X2=1090|Y1=20|Y2=20|
RECORD= 4|LINENO=  29|OWNERPARTID=   0|OWNERINDEX=   2|FONTID=1|LOCATION.X=885|LOCATION.Y=21|TEXT==VariantName|
RECORD= 4|LINENO=  30|OWNERPARTID=   0|OWNERINDEX=   2|FONTID=1|LOCATION.X=904|TEXT=Date:|
RECORD= 4|LINENO=  31|OWNERPARTID=   0|OWNERINDEX=   2|FONTID=1|LOCATION.X=900|LOCATION.Y=11|TEXT=-|
RECORD= 4|LINENO=  32|OWNERPARTID=   0|OWNERINDEX=   2|FONTID=1|LOCATION.X=853|LOCATION.Y=21|TEXT=Variant:|
RECORD=41|LINENO=  33|OWNERPARTID=   0|OWNERINDEX= -42|FONTID=1|ISHIDDEN=T|NAME=CurrentTime|TEXT=*|UNIQUEID=VROPCIQR|
RECORD=41|LINENO=  34|OWNERPARTID=   0|OWNERINDEX= -42|FONTID=1|ISHIDDEN=T|NAME=CurrentDate|TEXT=*|UNIQUEID=HSDOSIGY|
RECORD=41|LINENO=  35|OWNERPARTID=   0|OWNERINDEX= -42|FONTID=1|ISHIDDEN=T|NAME=Time|TEXT=*|UNIQUEID=EQNPSQOQ|
RECORD=41|LINENO=  36|OWNERPARTID=   0|OWNERINDEX= -42|FONTID=1|ISHIDDEN=T|NAME=Date|TEXT=*|UNIQUEID=QUJJAASN|
RECORD=41|LINENO=  37|OWNERPARTID=   0|OWNERINDEX= -42|FONTID=1|ISHIDDEN=T|NAME=DocumentFullPathAndName|TEXT=*|UNIQUEID=UTOQLYQB|
RECORD=41|LINENO=  38|OWNERPARTID=   0|OWNERINDEX= -42|FONTID=1|ISHIDDEN=T|NAME=DocumentName|TEXT=*|UNIQUEID=VGETKXOS|
RECORD=41|LINENO=  39|OWNERPARTID=   0|OWNERINDEX= -42|FONTID=1|ISHIDDEN=T|NAME=ModifiedDate|TEXT=*|UNIQUEID=BOCPNHAI|
RECORD=41|LINENO=  40|OWNERPARTID=   0|OWNERINDEX= -42|FONTID=1|ISHIDDEN=T|NAME=ApprovedBy|UNIQUEID=VABNXAOW|
RECORD=41|LINENO=  41|OWNERPARTID=   0|OWNERINDEX= -42|FONTID=1|ISHIDDEN=T|NAME=CheckedBy|TEXT=*|UNIQUEID=DXEXWHWT|
RECORD=41|LINENO=  42|OWNERPARTID=   0|OWNERINDEX= -42|FONTID=1|ISHIDDEN=T|NAME=Author|TEXT=Ph.A|UNIQUEID=KBIBXAJX|
RECORD=41|LINENO=  43|OWNERPARTID=   0|OWNERINDEX= -42|FONTID=1|ISHIDDEN=T|NAME=CompanyName|UNIQUEID=DTTUCWTV|
RECORD=41|LINENO=  44|OWNERPARTID=   0|OWNERINDEX= -42|FONTID=1|ISHIDDEN=T|NAME=DrawnBy|TEXT=*|UNIQUEID=BGNNTLQM|
RECORD=41|LINENO=  45|OWNERPARTID=   0|OWNERINDEX= -42|FONTID=1|ISHIDDEN=T|NAME=Engineer|TEXT=*|UNIQUEID=TNGHHYDM|
RECORD=41|LINENO=  46|OWNERPARTID=   0|OWNERINDEX= -42|FONTID=1|ISHIDDEN=T|NAME=Organization|UNIQUEID=AAQFWBQD|
RECORD=41|LINENO=  47|OWNERPARTID=   0|OWNERINDEX= -42|FONTID=1|ISHIDDEN=T|NAME=Address1|UNIQUEID=LFRNGDSA|
RECORD=41|LINENO=  48|OWNERPARTID=   0|OWNERINDEX= -42|FONTID=1|ISHIDDEN=T|NAME=Address2|UNIQUEID=EWWMTQTO|
RECORD=41|LINENO=  49|OWNERPARTID=   0|OWNERINDEX= -42|FONTID=1|ISHIDDEN=T|NAME=Address3|UNIQUEID=HQPBEHBL|
RECORD=41|LINENO=  50|OWNERPARTID=   0|OWNERINDEX= -42|FONTID=1|ISHIDDEN=T|NAME=Address4|UNIQUEID=XKTGURST|
RECORD=41|LINENO=  51|OWNERPARTID=   0|OWNERINDEX= -42|FONTID=1|ISHIDDEN=T|NAME=Title|TEXT=STM32WB55RG microcontroller I/Os|UNIQUEID=UPBTOJTV|
RECORD=41|LINENO=  52|OWNERPARTID=   0|OWNERINDEX= -42|FONTID=1|ISHIDDEN=T|NAME=DocumentNumber|UNIQUEID=HPUWHAFH|
RECORD=41|LINENO=  53|OWNERPARTID=   0|OWNERINDEX= -42|FONTID=1|ISHIDDEN=T|NAME=Revision|UNIQUEID=DFIJMBEH|
RECORD=41|LINENO=  54|OWNERPARTID=   0|OWNERINDEX= -42|FONTID=1|ISHIDDEN=T|NAME=SheetNumber|TEXT=2|UNIQUEID=QUWMGOHH|
RECORD=41|LINENO=  55|OWNERPARTID=   0|OWNERINDEX= -42|FONTID=1|ISHIDDEN=T|NAME=SheetTotal|TEXT=6|UNIQUEID=SQFHBLQC|
RECORD=41|LINENO=  56|OWNERPARTID=   0|OWNERINDEX= -42|FONTID=1|ISHIDDEN=T|NAME=Rule|TEXT=*|UNIQUEID=VIQFOYRV|
RECORD=41|LINENO=  57|OWNERPARTID=   0|OWNERINDEX= -42|FONTID=1|ISHIDDEN=T|NAME=ImagePath|TEXT=*|UNIQUEID=MYPCTRAB|
RECORD=41|LINENO=  58|OWNERPARTID=   0|OWNERINDEX= -42|FONTID=1|ISHIDDEN=T|NAME=ProjectName|TEXT=*|UNIQUEID=BDYITKKB|
RECORD=41|LINENO=  59|OWNERPARTID=   0|OWNERINDEX= -42|FONTID=1|ISHIDDEN=T|NAME=Application_BuildNumber|UNIQUEID=NRSNEUAR|
RECORD= 1|LINENO=  60|OWNERPARTID=   0|OWNERINDEX= -42|ALLPINCOUNT=2|AREACOLOR=11599871|COMPONENTDESCRIPTION=Resistor|CURRENTPARTID=1|DESIGNITEMID=RES|DISPLAYMODECOUNT=1|LIBREFERENCE=RES|LOCATION.X=190|LOCATION.Y=190|PARTCOUNT=2|PARTIDLOCKED=F|SOURCELIBRARYNAME=Lib3D_Altium10_Schlib.SchLib|TARGETFILENAME=*|UNIQUEID=NNBPEPYA|
RECORD= 2|LINENO=  61|OWNERPARTID=   2|OWNERINDEX=  60|%UTF8%SWAPIDPART=Â¦&Â¦|DESIGNATOR=1|ELECTRICAL=4|FORMALTYPE=1|LOCATION.X=190|LOCATION.Y=180|NAME=1|PINCONGLOMERATE=34|PINLENGTH=10|SWAPIDPART=Ž&Ž|SWAPIDPIN=1|
RECORD=41|LINENO=  62|OWNERPARTID=   0|OWNERINDEX=  61|FONTID=1|ISHIDDEN=T|LOCATION.X=190|LOCATION.Y=180|NAME=PinUniqueId|TEXT=RVVOFHLV|UNIQUEID=JNEPETMV|
RECORD= 2|LINENO=  63|OWNERPARTID=   2|OWNERINDEX=  60|%UTF8%SWAPIDPART=Â¦&Â¦|DESIGNATOR=2|ELECTRICAL=4|FORMALTYPE=1|LOCATION.X=210|LOCATION.Y=180|NAME=2|PINCONGLOMERATE=32|PINLENGTH=10|SWAPIDPART=Ž&Ž|SWAPIDPIN=2|
RECORD=41|LINENO=  64|OWNERPARTID=   0|OWNERINDEX=  63|FONTID=1|ISHIDDEN=T|LOCATION.X=210|LOCATION.Y=180|NAME=PinUniqueId|TEXT=KYBVHXRL|UNIQUEID=JSJRBGJY|
RECORD=13|LINENO=  65|OWNERPARTID=   2|OWNERINDEX=  60|CORNER.X=210|CORNER.Y=175|LINEWIDTH=1|LOCATION.X=210|LOCATION.Y=185|
RECORD=13|LINENO=  66|OWNERPARTID=   2|OWNERINDEX=  60|CORNER.X=190|CORNER.Y=175|LINEWIDTH=1|LOCATION.X=190|LOCATION.Y=185|
RECORD=13|LINENO=  67|OWNERPARTID=   2|OWNERINDEX=  60|CORNER.X=210|CORNER.Y=175|LINEWIDTH=1|LOCATION.X=190|LOCATION.Y=175|
RECORD=13|LINENO=  68|OWNERPARTID=   2|OWNERINDEX=  60|CORNER.X=210|CORNER.Y=185|LINEWIDTH=1|LOCATION.X=190|LOCATION.Y=185|
RECORD=34|LINENO=  69|OWNERPARTID=   0|OWNERINDEX=  60|FONTID=1|LOCATION.X=189|LOCATION.Y=186|NAME=Designator|TEXT=R7|UNIQUEID=PANNATOE|
RECORD=41|LINENO=  70|OWNERPARTID=   0|OWNERINDEX=  60|FONTID=1|LOCATION.X=189|LOCATION.Y=164|NAME=Comment|TEXT=1K|UNIQUEID=XHDPWJIG|
RECORD=44|LINENO=  71|OWNERPARTID= -42|OWNERINDEX=  60|
RECORD=45|LINENO=  72|OWNERPARTID= -42|OWNERINDEX=  71|DATAFILECOUNT=1|DESCRIPTION=Resistor Footprint 0603|MODELDATAFILEENTITY0=0603_RES|MODELDATAFILEKIND0=PCBLib|MODELNAME=0603_RES|MODELTYPE=PCBLIB|UNIQUEID=OJBEWQNN|
RECORD=46|LINENO=  73|OWNERPARTID= -42|OWNERINDEX=  72|
RECORD=48|LINENO=  74|OWNERPARTID= -42|OWNERINDEX=  72|
RECORD=45|LINENO=  75|OWNERPARTID= -42|OWNERINDEX=  71|DATAFILECOUNT=1|DESCRIPTION=Resistor FootPrint 0402|ISCURRENT=T|MODELDATAFILEENTITY0=0402_RES|MODELDATAFILEKIND0=PCBLib|MODELNAME=0402_RES|MODELTYPE=PCBLIB|UNIQUEID=UIOQWKYA|
RECORD=46|LINENO=  76|OWNERPARTID= -42|OWNERINDEX=  75|
RECORD=48|LINENO=  77|OWNERPARTID= -42|OWNERINDEX=  75|
RECORD= 1|LINENO=  78|OWNERPARTID=   0|OWNERINDEX= -42|ALLPINCOUNT=2|AREACOLOR=11599871|COMPONENTDESCRIPTION=Push-button SMD|CURRENTPARTID=1|DESIGNITEMID=SW-PB_1|DISPLAYMODECOUNT=1|LIBRARYPATH=*|LIBREFERENCE=SW-PB_1|LOCATION.X=110|LOCATION.Y=180|PARTCOUNT=2|PARTIDLOCKED=F|SOURCELIBRARYNAME=ST_Lib3D.SchLib|TARGETFILENAME=*|UNIQUEID=EDEFFKMU|
RECORD=41|LINENO=  79|OWNERPARTID=   0|OWNERINDEX=  78|FONTID=1|ISHIDDEN=T|LOCATION.X=118|LOCATION.Y=191|NAME=Order code RS|TEXT=102-412|UNIQUEID=EJSLONCD|
RECORD= 2|LINENO=  80|OWNERPARTID=   2|OWNERINDEX=  78|DESIGNATOR=1|ELECTRICAL=4|FORMALTYPE=1|LOCATION.X=130|LOCATION.Y=180|NAME=1|PINCONGLOMERATE=34|PINLENGTH=10|
RECORD=41|LINENO=  81|OWNERPARTID=   0|OWNERINDEX=  80|FONTID=1|ISHIDDEN=T|LOCATION.X=130|LOCATION.Y=180|NAME=PinUniqueId|TEXT=UGILALPU|UNIQUEID=VRMLGJRL|
RECORD= 2|LINENO=  82|OWNERPARTID=   2|OWNERINDEX=  78|DESIGNATOR=2|ELECTRICAL=4|FORMALTYPE=1|LOCATION.X=160|LOCATION.Y=180|NAME=2|PINCONGLOMERATE=32|PINLENGTH=10|
RECORD=41|LINENO=  83|OWNERPARTID=   0|OWNERINDEX=  82|FONTID=1|ISHIDDEN=T|LOCATION.X=160|LOCATION.Y=180|NAME=PinUniqueId|TEXT=SKYUNNSO|UNIQUEID=WAUCWLQY|
RECORD= 7|LINENO=  84|OWNERPARTID=   2|OWNERINDEX=  78|AREACOLOR=16711680|ISSOLID=T|LINEWIDTH=1|LOCATIONCOUNT=8|X1=130|X2=130|X3=160|X4=160|X5=149|X6=149|X7=141|X8=141|Y1=187|Y2=186|Y3=186|Y4=187|Y5=187|Y6=190|Y7=190|Y8=187|
RECORD=12|LINENO=  85|OWNERPARTID=   2|OWNERINDEX=  78|ENDANGLE=360.000|LINEWIDTH=1|LOCATION.X=132|LOCATION.Y=180|RADIUS=2|
RECORD=12|LINENO=  86|OWNERPARTID=   2|OWNERINDEX=  78|ENDANGLE=360.000|LINEWIDTH=1|LOCATION.X=158|LOCATION.Y=180|RADIUS=2|
RECORD=34|LINENO=  87|OWNERPARTID=   0|OWNERINDEX=  78|FONTID=1|LOCATION.X=129|LOCATION.Y=191|NAME=Designator|TEXT=SW1|UNIQUEID=KAELDDTP|
RECORD=41|LINENO=  88|OWNERPARTID=   0|OWNERINDEX=  78|FONTID=1|LOCATION.X=129|LOCATION.Y=167|NAME=Comment|TEXT=User PB|UNIQUEID=FQKUMYFO|
RECORD=44|LINENO=  89|OWNERPARTID= -42|OWNERINDEX=  78|
RECORD=45|LINENO=  90|OWNERPARTID= -42|OWNERINDEX=  89|DATAFILECOUNT=1|DESCRIPTION=Footprint not found|ISCURRENT=T|MODELDATAFILEENTITY0=SW-PB SMD KMR2|MODELDATAFILEKIND0=PCBLib|MODELNAME=SW-PB SMD KMR2|MODELTYPE=PCBLIB|UNIQUEID=PKCXJEXO|
RECORD=46|LINENO=  91|OWNERPARTID= -42|OWNERINDEX=  90|
RECORD=48|LINENO=  92|OWNERPARTID= -42|OWNERINDEX=  90|
RECORD= 1|LINENO=  93|OWNERPARTID=   0|OWNERINDEX= -42|ALLPINCOUNT=2|AREACOLOR=11599871|COMPONENTDESCRIPTION=Resistor|CURRENTPARTID=1|DESIGNITEMID=RES|DISPLAYMODECOUNT=1|LIBREFERENCE=RES|LOCATION.X=150|LOCATION.Y=250|PARTCOUNT=2|PARTIDLOCKED=F|SOURCELIBRARYNAME=Lib3D_Altium10_Schlib.SchLib|TARGETFILENAME=*|UNIQUEID=FKJPLOFE|
RECORD= 2|LINENO=  94|OWNERPARTID=   2|OWNERINDEX=  93|%UTF8%SWAPIDPART=Â¦&Â¦|DESIGNATOR=1|ELECTRICAL=4|FORMALTYPE=1|LOCATION.X=150|LOCATION.Y=240|NAME=1|PINCONGLOMERATE=34|PINLENGTH=10|SWAPIDPART=Ž&Ž|SWAPIDPIN=1|
RECORD=41|LINENO=  95|OWNERPARTID=   0|OWNERINDEX=  94|FONTID=1|ISHIDDEN=T|LOCATION.X=150|LOCATION.Y=240|NAME=PinUniqueId|TEXT=DSGPBDUX|UNIQUEID=YUCRSGHO|
RECORD= 2|LINENO=  96|OWNERPARTID=   2|OWNERINDEX=  93|%UTF8%SWAPIDPART=Â¦&Â¦|DESIGNATOR=2|ELECTRICAL=4|FORMALTYPE=1|LOCATION.X=170|LOCATION.Y=240|NAME=2|PINCONGLOMERATE=32|PINLENGTH=10|SWAPIDPART=Ž&Ž|SWAPIDPIN=2|
RECORD=41|LINENO=  97|OWNERPARTID=   0|OWNERINDEX=  96|FONTID=1|ISHIDDEN=T|LOCATION.X=170|LOCATION.Y=240|NAME=PinUniqueId|TEXT=BXGDVOYU|UNIQUEID=IKYJXPIQ|
RECORD=13|LINENO=  98|OWNERPARTID=   2|OWNERINDEX=  93|CORNER.X=170|CORNER.Y=235|LINEWIDTH=1|LOCATION.X=170|LOCATION.Y=245|
RECORD=13|LINENO=  99|OWNERPARTID=   2|OWNERINDEX=  93|CORNER.X=150|CORNER.Y=235|LINEWIDTH=1|LOCATION.X=150|LOCATION.Y=245|
RECORD=13|LINENO= 100|OWNERPARTID=   2|OWNERINDEX=  93|CORNER.X=170|CORNER.Y=235|LINEWIDTH=1|LOCATION.X=150|LOCATION.Y=235|
RECORD=13|LINENO= 101|OWNERPARTID=   2|OWNERINDEX=  93|CORNER.X=170|CORNER.Y=245|LINEWIDTH=1|LOCATION.X=150|LOCATION.Y=245|
RECORD=34|LINENO= 102|OWNERPARTID=   0|OWNERINDEX=  93|FONTID=1|LOCATION.X=149|LOCATION.Y=246|NAME=Designator|TEXT=R4|UNIQUEID=TDXIMLMV|
RECORD=41|LINENO= 103|OWNERPARTID=   0|OWNERINDEX=  93|FONTID=1|LOCATION.X=149|LOCATION.Y=224|NAME=Comment|TEXT=680|UNIQUEID=AJLWMTLW|
RECORD=44|LINENO= 104|OWNERPARTID= -42|OWNERINDEX=  93|
RECORD=45|LINENO= 105|OWNERPARTID= -42|OWNERINDEX= 104|DATAFILECOUNT=1|DESCRIPTION=Resistor Footprint 0603|MODELDATAFILEENTITY0=0603_RES|MODELDATAFILEKIND0=PCBLib|MODELNAME=0603_RES|MODELTYPE=PCBLIB|UNIQUEID=RTMTPITE|
RECORD=46|LINENO= 106|OWNERPARTID= -42|OWNERINDEX= 105|
RECORD=48|LINENO= 107|OWNERPARTID= -42|OWNERINDEX= 105|
RECORD=45|LINENO= 108|OWNERPARTID= -42|OWNERINDEX= 104|DATAFILECOUNT=1|DESCRIPTION=Resistor FootPrint 0402|ISCURRENT=T|MODELDATAFILEENTITY0=0402_RES|MODELDATAFILEKIND0=PCBLib|MODELNAME=0402_RES|MODELTYPE=PCBLIB|UNIQUEID=QUULPTSS|
RECORD=46|LINENO= 109|OWNERPARTID= -42|OWNERINDEX= 108|
RECORD=48|LINENO= 110|OWNERPARTID= -42|OWNERINDEX= 108|
RECORD= 1|LINENO= 111|OWNERPARTID=   0|OWNERINDEX= -42|ALLPINCOUNT=2|AREACOLOR=11599871|COMPONENTDESCRIPTION=Light-Emitting Diode|CURRENTPARTID=1|DESIGNITEMID=LED|DISPLAYMODECOUNT=1|LIBREFERENCE=LED|LOCATION.X=200|LOCATION.Y=260|PARTCOUNT=2|PARTIDLOCKED=F|SOURCELIBRARYNAME=Active.SchLib|TARGETFILENAME=*|UNIQUEID=GTRWSELM|
RECORD= 2|LINENO= 112|OWNERPARTID=   2|OWNERINDEX= 111|DESIGNATOR=A|ELECTRICAL=4|FORMALTYPE=1|LOCATION.X=207|LOCATION.Y=240|NAME=A|PINCONGLOMERATE=34|PINLENGTH=7|SWAPIDPIN=A|
RECORD=41|LINENO= 113|OWNERPARTID=   0|OWNERINDEX= 112|FONTID=1|ISHIDDEN=T|LOCATION.X=207|LOCATION.Y=240|NAME=PinUniqueId|TEXT=UVDNMFAI|UNIQUEID=USBYPJIR|
RECORD= 2|LINENO= 114|OWNERPARTID=   2|OWNERINDEX= 111|DESIGNATOR=K|ELECTRICAL=4|FORMALTYPE=1|LOCATION.X=218|LOCATION.Y=240|NAME=K|PINCONGLOMERATE=32|PINLENGTH=12|SWAPIDPIN=K|
RECORD=41|LINENO= 115|OWNERPARTID=   0|OWNERINDEX= 114|FONTID=1|ISHIDDEN=T|LOCATION.X=218|LOCATION.Y=240|NAME=PinUniqueId|TEXT=EESOTXBE|UNIQUEID=HPBTUHLT|
RECORD=13|LINENO= 116|OWNERPARTID=   2|OWNERINDEX= 111|CORNER.X=218|CORNER.Y=252|LINEWIDTH=1|LOCATION.X=222|LOCATION.Y=256|
RECORD=13|LINENO= 117|OWNERPARTID=   2|OWNERINDEX= 111|CORNER.X=210|CORNER.Y=252|LINEWIDTH=1|LOCATION.X=214|LOCATION.Y=256|
RECORD= 7|LINENO= 118|OWNERPARTID=   2|OWNERINDEX= 111|AREACOLOR=16711680|ISSOLID=T|LINEWIDTH=1|LOCATIONCOUNT=3|X1=207|X2=217|X3=207|Y1=249|Y2=240|Y3=231|
RECORD= 7|LINENO= 119|OWNERPARTID=   2|OWNERINDEX= 111|AREACOLOR=16711680|ISSOLID=T|LINEWIDTH=1|LOCATIONCOUNT=4|X1=217|X2=218|X3=218|X4=217|Y1=249|Y2=249|Y3=231|Y4=231|
RECORD= 7|LINENO= 120|OWNERPARTID=   2|OWNERINDEX= 111|AREACOLOR=16711680|ISSOLID=T|LINEWIDTH=1|LOCATIONCOUNT=3|X1=221|X2=224|X3=224|Y1=258|Y2=258|Y3=255|
RECORD= 7|LINENO= 121|OWNERPARTID=   2|OWNERINDEX= 111|AREACOLOR=16711680|ISSOLID=T|LINEWIDTH=1|LOCATIONCOUNT=3|X1=213|X2=216|X3=216|Y1=258|Y2=258|Y3=255|
RECORD=41|LINENO= 122|OWNERPARTID=   0|OWNERINDEX= 111|FONTID=1|ISHIDDEN=T|LOCATION.X=198|LOCATION.Y=200|NAME=Part Number A|TEXT=*|UNIQUEID=SPMMNDFE|
RECORD=34|LINENO= 123|OWNERPARTID=   0|OWNERINDEX= 111|FONTID=1|LOCATION.X=206|LOCATION.Y=259|NAME=Designator|TEXT=LED3|UNIQUEID=BMDCSUWA|
RECORD=41|LINENO= 124|OWNERPARTID=   0|OWNERINDEX= 111|FONTID=1|LOCATION.X=206|LOCATION.Y=220|NAME=Comment|TEXT=LED RED|UNIQUEID=DBTLJUJL|
RECORD=44|LINENO= 125|OWNERPARTID= -42|OWNERINDEX= 111|
RECORD=45|LINENO= 126|OWNERPARTID= -42|OWNERINDEX= 125|DATAFILECOUNT=1|DESCRIPTION=Resistor Footprint 0603|ISCURRENT=T|MODELDATAFILEENTITY0=0603_LED_RED|MODELDATAFILEKIND0=PCBLib|MODELNAME=0603_LED_RED|MODELTYPE=PCBLIB|UNIQUEID=QBISKPCG|
RECORD=46|LINENO= 127|OWNERPARTID= -42|OWNERINDEX= 126|
RECORD=48|LINENO= 128|OWNERPARTID= -42|OWNERINDEX= 126|
RECORD=45|LINENO= 129|OWNERPARTID= -42|OWNERINDEX= 125|DATAFILECOUNT=1|DESCRIPTION=Resistor Footprint 0603|MODELDATAFILEENTITY0=0603_LED_GREEN|MODELDATAFILEKIND0=PCBLib|MODELNAME=0603_LED_GREEN|MODELTYPE=PCBLIB|UNIQUEID=FEQQWIQJ|
RECORD=46|LINENO= 130|OWNERPARTID= -42|OWNERINDEX= 129|
RECORD=48|LINENO= 131|OWNERPARTID= -42|OWNERINDEX= 129|
RECORD=45|LINENO= 132|OWNERPARTID= -42|OWNERINDEX= 125|DATAFILECOUNT=1|DESCRIPTION=Resistor Footprint 0603|MODELDATAFILEENTITY0=0603_LED_Yellow|MODELDATAFILEKIND0=PCBLib|MODELNAME=0603_LED_Yellow|MODELTYPE=PCBLIB|UNIQUEID=HVVLYJUR|
RECORD=46|LINENO= 133|OWNERPARTID= -42|OWNERINDEX= 132|
RECORD=48|LINENO= 134|OWNERPARTID= -42|OWNERINDEX= 132|
RECORD=45|LINENO= 135|OWNERPARTID= -42|OWNERINDEX= 125|DATAFILECOUNT=1|DESCRIPTION=LED Blue 3mm TH V|MODELDATAFILEENTITY0=LED Blue 3mm TH V|MODELDATAFILEKIND0=PCBLib|MODELNAME=LED Blue 3mm TH V|MODELTYPE=PCBLIB|UNIQUEID=JCWUJEQA|
RECORD=46|LINENO= 136|OWNERPARTID= -42|OWNERINDEX= 135|
RECORD=48|LINENO= 137|OWNERPARTID= -42|OWNERINDEX= 135|
RECORD=45|LINENO= 138|OWNERPARTID= -42|OWNERINDEX= 125|DATAFILECOUNT=1|DESCRIPTION=LED Green 3mm TH V|MODELDATAFILEENTITY0=LED Green 3mm TH V|MODELDATAFILEKIND0=PCBLib|MODELNAME=LED Green 3mm TH V|MODELTYPE=PCBLIB|UNIQUEID=YUQNKUQD|
RECORD=46|LINENO= 139|OWNERPARTID= -42|OWNERINDEX= 138|
RECORD=48|LINENO= 140|OWNERPARTID= -42|OWNERINDEX= 138|
RECORD=45|LINENO= 141|OWNERPARTID= -42|OWNERINDEX= 125|DATAFILECOUNT=1|DESCRIPTION=LED Red 3mm TH V|MODELDATAFILEENTITY0=LED Red 3mm TH V|MODELDATAFILEKIND0=PCBLib|MODELNAME=LED Red 3mm TH V|MODELTYPE=PCBLIB|UNIQUEID=OIELCHYD|
RECORD=46|LINENO= 142|OWNERPARTID= -42|OWNERINDEX= 141|
RECORD=48|LINENO= 143|OWNERPARTID= -42|OWNERINDEX= 141|
RECORD=45|LINENO= 144|OWNERPARTID= -42|OWNERINDEX= 125|DATAFILECOUNT=1|DESCRIPTION=LED White 3mm TH V|MODELDATAFILEENTITY0=LED White 3mm TH V|MODELDATAFILEKIND0=PCBLib|MODELNAME=LED White 3mm TH V|MODELTYPE=PCBLIB|UNIQUEID=XYFXMURL|
RECORD=46|LINENO= 145|OWNERPARTID= -42|OWNERINDEX= 144|
RECORD=48|LINENO= 146|OWNERPARTID= -42|OWNERINDEX= 144|
RECORD=45|LINENO= 147|OWNERPARTID= -42|OWNERINDEX= 125|DATAFILECOUNT=1|DESCRIPTION=LED Yellow 3mm TH V|MODELDATAFILEENTITY0=LED Yellow 3mm TH V|MODELDATAFILEKIND0=PCBLib|MODELNAME=LED Yellow 3mm TH V|MODELTYPE=PCBLIB|UNIQUEID=YLVVXCRH|
RECORD=46|LINENO= 148|OWNERPARTID= -42|OWNERINDEX= 147|
RECORD=48|LINENO= 149|OWNERPARTID= -42|OWNERINDEX= 147|
RECORD=45|LINENO= 150|OWNERPARTID= -42|OWNERINDEX= 125|DATAFILECOUNT=1|DESCRIPTION=Resistor Footprint 0603|MODELDATAFILEENTITY0=0603_LED_Blue|MODELDATAFILEKIND0=PCBLib|MODELNAME=0603_LED_Blue|MODELTYPE=PCBLIB|UNIQUEID=KPUDQUMX|
RECORD=46|LINENO= 151|OWNERPARTID= -42|OWNERINDEX= 150|
RECORD=48|LINENO= 152|OWNERPARTID= -42|OWNERINDEX= 150|
RECORD= 1|LINENO= 153|OWNERPARTID=   0|OWNERINDEX= -42|ALLPINCOUNT=2|AREACOLOR=11599871|COMPONENTDESCRIPTION=Resistor|CURRENTPARTID=1|DESIGNITEMID=RES|DISPLAYMODECOUNT=1|LIBREFERENCE=RES|LOCATION.X=150|LOCATION.Y=300|PARTCOUNT=2|PARTIDLOCKED=F|SOURCELIBRARYNAME=Lib3D_Altium10_Schlib.SchLib|TARGETFILENAME=*|UNIQUEID=VTPFIVWT|
RECORD= 2|LINENO= 154|OWNERPARTID=   2|OWNERINDEX= 153|%UTF8%SWAPIDPART=Â¦&Â¦|DESIGNATOR=1|ELECTRICAL=4|FORMALTYPE=1|LOCATION.X=150|LOCATION.Y=290|NAME=1|PINCONGLOMERATE=34|PINLENGTH=10|SWAPIDPART=Ž&Ž|SWAPIDPIN=1|
RECORD=41|LINENO= 155|OWNERPARTID=   0|OWNERINDEX= 154|FONTID=1|ISHIDDEN=T|LOCATION.X=150|LOCATION.Y=290|NAME=PinUniqueId|TEXT=SNQBVOWC|UNIQUEID=TWMAWTYX|
RECORD= 2|LINENO= 156|OWNERPARTID=   2|OWNERINDEX= 153|%UTF8%SWAPIDPART=Â¦&Â¦|DESIGNATOR=2|ELECTRICAL=4|FORMALTYPE=1|LOCATION.X=170|LOCATION.Y=290|NAME=2|PINCONGLOMERATE=32|PINLENGTH=10|SWAPIDPART=Ž&Ž|SWAPIDPIN=2|
RECORD=41|LINENO= 157|OWNERPARTID=   0|OWNERINDEX= 156|FONTID=1|ISHIDDEN=T|LOCATION.X=170|LOCATION.Y=290|NAME=PinUniqueId|TEXT=OWSPRXOF|UNIQUEID=WESBTNBO|
RECORD=13|LINENO= 158|OWNERPARTID=   2|OWNERINDEX= 153|CORNER.X=170|CORNER.Y=285|LINEWIDTH=1|LOCATION.X=170|LOCATION.Y=295|
RECORD=13|LINENO= 159|OWNERPARTID=   2|OWNERINDEX= 153|CORNER.X=150|CORNER.Y=285|LINEWIDTH=1|LOCATION.X=150|LOCATION.Y=295|
RECORD=13|LINENO= 160|OWNERPARTID=   2|OWNERINDEX= 153|CORNER.X=170|CORNER.Y=285|LINEWIDTH=1|LOCATION.X=150|LOCATION.Y=285|
RECORD=13|LINENO= 161|OWNERPARTID=   2|OWNERINDEX= 153|CORNER.X=170|CORNER.Y=295|LINEWIDTH=1|LOCATION.X=150|LOCATION.Y=295|
RECORD=34|LINENO= 162|OWNERPARTID=   0|OWNERINDEX= 153|FONTID=1|LOCATION.X=149|LOCATION.Y=296|NAME=Designator|TEXT=R3|UNIQUEID=MQGHDJCW|
RECORD=41|LINENO= 163|OWNERPARTID=   0|OWNERINDEX= 153|FONTID=1|LOCATION.X=149|LOCATION.Y=274|NAME=Comment|TEXT=680|UNIQUEID=UHTVPPCS|
RECORD=44|LINENO= 164|OWNERPARTID= -42|OWNERINDEX= 153|
RECORD=45|LINENO= 165|OWNERPARTID= -42|OWNERINDEX= 164|DATAFILECOUNT=1|DESCRIPTION=Resistor Footprint 0603|MODELDATAFILEENTITY0=0603_RES|MODELDATAFILEKIND0=PCBLib|MODELNAME=0603_RES|MODELTYPE=PCBLIB|UNIQUEID=UNGNEVNR|
RECORD=46|LINENO= 166|OWNERPARTID= -42|OWNERINDEX= 165|
RECORD=48|LINENO= 167|OWNERPARTID= -42|OWNERINDEX= 165|
RECORD=45|LINENO= 168|OWNERPARTID= -42|OWNERINDEX= 164|DATAFILECOUNT=1|DESCRIPTION=Resistor FootPrint 0402|ISCURRENT=T|MODELDATAFILEENTITY0=0402_RES|MODELDATAFILEKIND0=PCBLib|MODELNAME=0402_RES|MODELTYPE=PCBLIB|UNIQUEID=OYELPTDI|
RECORD=46|LINENO= 169|OWNERPARTID= -42|OWNERINDEX= 168|
RECORD=48|LINENO= 170|OWNERPARTID= -42|OWNERINDEX= 168|
RECORD= 1|LINENO= 171|OWNERPARTID=   0|OWNERINDEX= -42|ALLPINCOUNT=2|AREACOLOR=11599871|COMPONENTDESCRIPTION=Light-Emitting Diode|CURRENTPARTID=1|DESIGNITEMID=LED|DISPLAYMODECOUNT=1|LIBREFERENCE=LED|LOCATION.X=200|LOCATION.Y=310|PARTCOUNT=2|PARTIDLOCKED=F|SOURCELIBRARYNAME=Active.SchLib|TARGETFILENAME=*|UNIQUEID=WFGBCJCO|
RECORD= 2|LINENO= 172|OWNERPARTID=   2|OWNERINDEX= 171|DESIGNATOR=A|ELECTRICAL=4|FORMALTYPE=1|LOCATION.X=207|LOCATION.Y=290|NAME=A|PINCONGLOMERATE=34|PINLENGTH=7|SWAPIDPIN=A|
RECORD=41|LINENO= 173|OWNERPARTID=   0|OWNERINDEX= 172|FONTID=1|ISHIDDEN=T|LOCATION.X=207|LOCATION.Y=290|NAME=PinUniqueId|TEXT=KBTBQYTG|UNIQUEID=CPPOPSMY|
RECORD= 2|LINENO= 174|OWNERPARTID=   2|OWNERINDEX= 171|DESIGNATOR=K|ELECTRICAL=4|FORMALTYPE=1|LOCATION.X=218|LOCATION.Y=290|NAME=K|PINCONGLOMERATE=32|PINLENGTH=12|SWAPIDPIN=K|
RECORD=41|LINENO= 175|OWNERPARTID=   0|OWNERINDEX= 174|FONTID=1|ISHIDDEN=T|LOCATION.X=218|LOCATION.Y=290|NAME=PinUniqueId|TEXT=VYERDQVY|UNIQUEID=GKAFYHJQ|
RECORD=13|LINENO= 176|OWNERPARTID=   2|OWNERINDEX= 171|CORNER.X=218|CORNER.Y=302|LINEWIDTH=1|LOCATION.X=222|LOCATION.Y=306|
RECORD=13|LINENO= 177|OWNERPARTID=   2|OWNERINDEX= 171|CORNER.X=210|CORNER.Y=302|LINEWIDTH=1|LOCATION.X=214|LOCATION.Y=306|
RECORD= 7|LINENO= 178|OWNERPARTID=   2|OWNERINDEX= 171|AREACOLOR=16711680|ISSOLID=T|LINEWIDTH=1|LOCATIONCOUNT=3|X1=207|X2=217|X3=207|Y1=299|Y2=290|Y3=281|
RECORD= 7|LINENO= 179|OWNERPARTID=   2|OWNERINDEX= 171|AREACOLOR=16711680|ISSOLID=T|LINEWIDTH=1|LOCATIONCOUNT=4|X1=217|X2=218|X3=218|X4=217|Y1=299|Y2=299|Y3=281|Y4=281|
RECORD= 7|LINENO= 180|OWNERPARTID=   2|OWNERINDEX= 171|AREACOLOR=16711680|ISSOLID=T|LINEWIDTH=1|LOCATIONCOUNT=3|X1=221|X2=224|X3=224|Y1=308|Y2=308|Y3=305|
RECORD= 7|LINENO= 181|OWNERPARTID=   2|OWNERINDEX= 171|AREACOLOR=16711680|ISSOLID=T|LINEWIDTH=1|LOCATIONCOUNT=3|X1=213|X2=216|X3=216|Y1=308|Y2=308|Y3=305|
RECORD=41|LINENO= 182|OWNERPARTID=   0|OWNERINDEX= 171|FONTID=1|ISHIDDEN=T|LOCATION.X=198|LOCATION.Y=250|NAME=Part Number A|TEXT=*|UNIQUEID=MUDJXGSM|
RECORD=34|LINENO= 183|OWNERPARTID=   0|OWNERINDEX= 171|FONTID=1|LOCATION.X=224|LOCATION.Y=293|NAME=Designator|TEXT=LED2|UNIQUEID=APBDSGGH|
RECORD=41|LINENO= 184|OWNERPARTID=   0|OWNERINDEX= 171|FONTID=1|LOCATION.X=199|LOCATION.Y=308|NAME=Comment|TEXT=LED GREEN|UNIQUEID=FYXDGJNW|
RECORD=44|LINENO= 185|OWNERPARTID= -42|OWNERINDEX= 171|
RECORD=45|LINENO= 186|OWNERPARTID= -42|OWNERINDEX= 185|DATAFILECOUNT=1|DESCRIPTION=Resistor Footprint 0603|MODELDATAFILEENTITY0=0603_LED_RED|MODELDATAFILEKIND0=PCBLib|MODELNAME=0603_LED_RED|MODELTYPE=PCBLIB|UNIQUEID=VKWRQCHM|
RECORD=46|LINENO= 187|OWNERPARTID= -42|OWNERINDEX= 186|
RECORD=48|LINENO= 188|OWNERPARTID= -42|OWNERINDEX= 186|
RECORD=45|LINENO= 189|OWNERPARTID= -42|OWNERINDEX= 185|DATAFILECOUNT=1|DESCRIPTION=Resistor Footprint 0603|ISCURRENT=T|MODELDATAFILEENTITY0=0603_LED_GREEN|MODELDATAFILEKIND0=PCBLib|MODELNAME=0603_LED_GREEN|MODELTYPE=PCBLIB|UNIQUEID=NATFCCJE|
RECORD=46|LINENO= 190|OWNERPARTID= -42|OWNERINDEX= 189|
RECORD=48|LINENO= 191|OWNERPARTID= -42|OWNERINDEX= 189|
RECORD=45|LINENO= 192|OWNERPARTID= -42|OWNERINDEX= 185|DATAFILECOUNT=1|DESCRIPTION=Resistor Footprint 0603|MODELDATAFILEENTITY0=0603_LED_Yellow|MODELDATAFILEKIND0=PCBLib|MODELNAME=0603_LED_Yellow|MODELTYPE=PCBLIB|UNIQUEID=IKSABJCM|
RECORD=46|LINENO= 193|OWNERPARTID= -42|OWNERINDEX= 192|
RECORD=48|LINENO= 194|OWNERPARTID= -42|OWNERINDEX= 192|
RECORD=45|LINENO= 195|OWNERPARTID= -42|OWNERINDEX= 185|DATAFILECOUNT=1|DESCRIPTION=LED Blue 3mm TH V|MODELDATAFILEENTITY0=LED Blue 3mm TH V|MODELDATAFILEKIND0=PCBLib|MODELNAME=LED Blue 3mm TH V|MODELTYPE=PCBLIB|UNIQUEID=LDNAGCFS|
RECORD=46|LINENO= 196|OWNERPARTID= -42|OWNERINDEX= 195|
RECORD=48|LINENO= 197|OWNERPARTID= -42|OWNERINDEX= 195|
RECORD=45|LINENO= 198|OWNERPARTID= -42|OWNERINDEX= 185|DATAFILECOUNT=1|DESCRIPTION=LED Green 3mm TH V|MODELDATAFILEENTITY0=LED Green 3mm TH V|MODELDATAFILEKIND0=PCBLib|MODELNAME=LED Green 3mm TH V|MODELTYPE=PCBLIB|UNIQUEID=BGQTWTKM|
RECORD=46|LINENO= 199|OWNERPARTID= -42|OWNERINDEX= 198|
RECORD=48|LINENO= 200|OWNERPARTID= -42|OWNERINDEX= 198|
RECORD=45|LINENO= 201|OWNERPARTID= -42|OWNERINDEX= 185|DATAFILECOUNT=1|DESCRIPTION=LED Red 3mm TH V|MODELDATAFILEENTITY0=LED Red 3mm TH V|MODELDATAFILEKIND0=PCBLib|MODELNAME=LED Red 3mm TH V|MODELTYPE=PCBLIB|UNIQUEID=BQKPRMLJ|
RECORD=46|LINENO= 202|OWNERPARTID= -42|OWNERINDEX= 201|
RECORD=48|LINENO= 203|OWNERPARTID= -42|OWNERINDEX= 201|
RECORD=45|LINENO= 204|OWNERPARTID= -42|OWNERINDEX= 185|DATAFILECOUNT=1|DESCRIPTION=LED White 3mm TH V|MODELDATAFILEENTITY0=LED White 3mm TH V|MODELDATAFILEKIND0=PCBLib|MODELNAME=LED White 3mm TH V|MODELTYPE=PCBLIB|UNIQUEID=UFOKQQSD|
RECORD=46|LINENO= 205|OWNERPARTID= -42|OWNERINDEX= 204|
RECORD=48|LINENO= 206|OWNERPARTID= -42|OWNERINDEX= 204|
RECORD=45|LINENO= 207|OWNERPARTID= -42|OWNERINDEX= 185|DATAFILECOUNT=1|DESCRIPTION=LED Yellow 3mm TH V|MODELDATAFILEENTITY0=LED Yellow 3mm TH V|MODELDATAFILEKIND0=PCBLib|MODELNAME=LED Yellow 3mm TH V|MODELTYPE=PCBLIB|UNIQUEID=PHHYWKAT|
RECORD=46|LINENO= 208|OWNERPARTID= -42|OWNERINDEX= 207|
RECORD=48|LINENO= 209|OWNERPARTID= -42|OWNERINDEX= 207|
RECORD=45|LINENO= 210|OWNERPARTID= -42|OWNERINDEX= 185|DATAFILECOUNT=1|DESCRIPTION=Resistor Footprint 0603|MODELDATAFILEENTITY0=0603_LED_Blue|MODELDATAFILEKIND0=PCBLib|MODELNAME=0603_LED_Blue|MODELTYPE=PCBLIB|UNIQUEID=BFDTUUNT|
RECORD=46|LINENO= 211|OWNERPARTID= -42|OWNERINDEX= 210|
RECORD=48|LINENO= 212|OWNERPARTID= -42|OWNERINDEX= 210|
RECORD= 1|LINENO= 213|OWNERPARTID=   0|OWNERINDEX= -42|ALLPINCOUNT=2|AREACOLOR=11599871|COMPONENTDESCRIPTION=Resistor|CURRENTPARTID=1|DESIGNITEMID=RES|DISPLAYMODECOUNT=1|LIBREFERENCE=RES|LOCATION.X=150|LOCATION.Y=350|PARTCOUNT=2|PARTIDLOCKED=F|SOURCELIBRARYNAME=Lib3D_Altium10_Schlib.SchLib|TARGETFILENAME=*|UNIQUEID=RRQRUEEW|
RECORD= 2|LINENO= 214|OWNERPARTID=   2|OWNERINDEX= 213|%UTF8%SWAPIDPART=Â¦&Â¦|DESIGNATOR=1|ELECTRICAL=4|FORMALTYPE=1|LOCATION.X=150|LOCATION.Y=340|NAME=1|PINCONGLOMERATE=34|PINLENGTH=10|SWAPIDPART=Ž&Ž|SWAPIDPIN=1|
RECORD=41|LINENO= 215|OWNERPARTID=   0|OWNERINDEX= 214|FONTID=1|ISHIDDEN=T|LOCATION.X=150|LOCATION.Y=340|NAME=PinUniqueId|TEXT=AMIRWAXI|UNIQUEID=BCKSPVEL|
RECORD= 2|LINENO= 216|OWNERPARTID=   2|OWNERINDEX= 213|%UTF8%SWAPIDPART=Â¦&Â¦|DESIGNATOR=2|ELECTRICAL=4|FORMALTYPE=1|LOCATION.X=170|LOCATION.Y=340|NAME=2|PINCONGLOMERATE=32|PINLENGTH=10|SWAPIDPART=Ž&Ž|SWAPIDPIN=2|
RECORD=41|LINENO= 217|OWNERPARTID=   0|OWNERINDEX= 216|FONTID=1|ISHIDDEN=T|LOCATION.X=170|LOCATION.Y=340|NAME=PinUniqueId|TEXT=TSAYSCWY|UNIQUEID=USLAXMMK|
RECORD=13|LINENO= 218|OWNERPARTID=   2|OWNERINDEX= 213|CORNER.X=170|CORNER.Y=335|LINEWIDTH=1|LOCATION.X=170|LOCATION.Y=345|
RECORD=13|LINENO= 219|OWNERPARTID=   2|OWNERINDEX= 213|CORNER.X=150|CORNER.Y=335|LINEWIDTH=1|LOCATION.X=150|LOCATION.Y=345|
RECORD=13|LINENO= 220|OWNERPARTID=   2|OWNERINDEX= 213|CORNER.X=170|CORNER.Y=335|LINEWIDTH=1|LOCATION.X=150|LOCATION.Y=335|
RECORD=13|LINENO= 221|OWNERPARTID=   2|OWNERINDEX= 213|CORNER.X=170|CORNER.Y=345|LINEWIDTH=1|LOCATION.X=150|LOCATION.Y=345|
RECORD=34|LINENO= 222|OWNERPARTID=   0|OWNERINDEX= 213|FONTID=1|LOCATION.X=149|LOCATION.Y=346|NAME=Designator|TEXT=R2|UNIQUEID=NHTSUMER|
RECORD=41|LINENO= 223|OWNERPARTID=   0|OWNERINDEX= 213|FONTID=1|LOCATION.X=149|LOCATION.Y=324|NAME=Comment|TEXT=680|UNIQUEID=OVTXLDEB|
RECORD=44|LINENO= 224|OWNERPARTID= -42|OWNERINDEX= 213|
RECORD=45|LINENO= 225|OWNERPARTID= -42|OWNERINDEX= 224|DATAFILECOUNT=1|DESCRIPTION=Resistor Footprint 0603|MODELDATAFILEENTITY0=0603_RES|MODELDATAFILEKIND0=PCBLib|MODELNAME=0603_RES|MODELTYPE=PCBLIB|UNIQUEID=NMFLCGMU|
RECORD=46|LINENO= 226|OWNERPARTID= -42|OWNERINDEX= 225|
RECORD=48|LINENO= 227|OWNERPARTID= -42|OWNERINDEX= 225|
RECORD=45|LINENO= 228|OWNERPARTID= -42|OWNERINDEX= 224|DATAFILECOUNT=1|DESCRIPTION=Resistor FootPrint 0402|ISCURRENT=T|MODELDATAFILEENTITY0=0402_RES|MODELDATAFILEKIND0=PCBLib|MODELNAME=0402_RES|MODELTYPE=PCBLIB|UNIQUEID=IUCWLTQK|
RECORD=46|LINENO= 229|OWNERPARTID= -42|OWNERINDEX= 228|
RECORD=48|LINENO= 230|OWNERPARTID= -42|OWNERINDEX= 228|
RECORD= 1|LINENO= 231|OWNERPARTID=   0|OWNERINDEX= -42|ALLPINCOUNT=2|AREACOLOR=11599871|COMPONENTDESCRIPTION=Light-Emitting Diode|CURRENTPARTID=1|DESIGNITEMID=LED|DISPLAYMODECOUNT=1|LIBREFERENCE=LED|LOCATION.X=200|LOCATION.Y=360|PARTCOUNT=2|PARTIDLOCKED=F|SOURCELIBRARYNAME=Active.SchLib|TARGETFILENAME=*|UNIQUEID=OKTSFLIN|
RECORD= 2|LINENO= 232|OWNERPARTID=   2|OWNERINDEX= 231|DESIGNATOR=A|ELECTRICAL=4|FORMALTYPE=1|LOCATION.X=207|LOCATION.Y=340|NAME=A|PINCONGLOMERATE=34|PINLENGTH=7|SWAPIDPIN=A|
RECORD=41|LINENO= 233|OWNERPARTID=   0|OWNERINDEX= 232|FONTID=1|ISHIDDEN=T|LOCATION.X=207|LOCATION.Y=340|NAME=PinUniqueId|TEXT=WORPMBIF|UNIQUEID=STUXUJGT|
RECORD= 2|LINENO= 234|OWNERPARTID=   2|OWNERINDEX= 231|DESIGNATOR=K|ELECTRICAL=4|FORMALTYPE=1|LOCATION.X=218|LOCATION.Y=340|NAME=K|PINCONGLOMERATE=32|PINLENGTH=12|SWAPIDPIN=K|
RECORD=41|LINENO= 235|OWNERPARTID=   0|OWNERINDEX= 234|FONTID=1|ISHIDDEN=T|LOCATION.X=218|LOCATION.Y=340|NAME=PinUniqueId|TEXT=FYIMVTAD|UNIQUEID=AWUWDFNA|
RECORD=13|LINENO= 236|OWNERPARTID=   2|OWNERINDEX= 231|CORNER.X=218|CORNER.Y=352|LINEWIDTH=1|LOCATION.X=222|LOCATION.Y=356|
RECORD=13|LINENO= 237|OWNERPARTID=   2|OWNERINDEX= 231|CORNER.X=210|CORNER.Y=352|LINEWIDTH=1|LOCATION.X=214|LOCATION.Y=356|
RECORD= 7|LINENO= 238|OWNERPARTID=   2|OWNERINDEX= 231|AREACOLOR=16711680|ISSOLID=T|LINEWIDTH=1|LOCATIONCOUNT=3|X1=207|X2=217|X3=207|Y1=349|Y2=340|Y3=331|
RECORD= 7|LINENO= 239|OWNERPARTID=   2|OWNERINDEX= 231|AREACOLOR=16711680|ISSOLID=T|LINEWIDTH=1|LOCATIONCOUNT=4|X1=217|X2=218|X3=218|X4=217|Y1=349|Y2=349|Y3=331|Y4=331|
RECORD= 7|LINENO= 240|OWNERPARTID=   2|OWNERINDEX= 231|AREACOLOR=16711680|ISSOLID=T|LINEWIDTH=1|LOCATIONCOUNT=3|X1=221|X2=224|X3=224|Y1=358|Y2=358|Y3=355|
RECORD= 7|LINENO= 241|OWNERPARTID=   2|OWNERINDEX= 231|AREACOLOR=16711680|ISSOLID=T|LINEWIDTH=1|LOCATIONCOUNT=3|X1=213|X2=216|X3=216|Y1=358|Y2=358|Y3=355|
RECORD=41|LINENO= 242|OWNERPARTID=   0|OWNERINDEX= 231|FONTID=1|ISHIDDEN=T|LOCATION.X=198|LOCATION.Y=300|NAME=Part Number A|TEXT=*|UNIQUEID=ANHEHOTX|
RECORD=41|LINENO= 243|OWNERPARTID=   0|OWNERINDEX= 231|FONTID=1|ISHIDDEN=T|LOCATION.X=210|LOCATION.Y=310|NAME=Color|TEXT=BLUE|UNIQUEID=UREKOJRS|
RECORD=34|LINENO= 244|OWNERPARTID=   0|OWNERINDEX= 231|FONTID=1|LOCATION.X=227|LOCATION.Y=349|NAME=Designator|TEXT=LED1|UNIQUEID=KQPEARBA|
RECORD=41|LINENO= 245|OWNERPARTID=   0|OWNERINDEX= 231|FONTID=1|LOCATION.X=198|LOCATION.Y=360|NAME=Comment|TEXT=LED BLUE|UNIQUEID=HLDWUSHL|
RECORD=44|LINENO= 246|OWNERPARTID= -42|OWNERINDEX= 231|
RECORD=45|LINENO= 247|OWNERPARTID= -42|OWNERINDEX= 246|DATAFILECOUNT=1|DESCRIPTION=Resistor Footprint 0603|MODELDATAFILEENTITY0=0603_LED_RED|MODELDATAFILEKIND0=PCBLib|MODELNAME=0603_LED_RED|MODELTYPE=PCBLIB|UNIQUEID=XVQPJCKS|
RECORD=46|LINENO= 248|OWNERPARTID= -42|OWNERINDEX= 247|
RECORD=48|LINENO= 249|OWNERPARTID= -42|OWNERINDEX= 247|
RECORD=45|LINENO= 250|OWNERPARTID= -42|OWNERINDEX= 246|DATAFILECOUNT=1|DESCRIPTION=Resistor Footprint 0603|MODELDATAFILEENTITY0=0603_LED_GREEN|MODELDATAFILEKIND0=PCBLib|MODELNAME=0603_LED_GREEN|MODELTYPE=PCBLIB|UNIQUEID=SGMDIYCD|
RECORD=46|LINENO= 251|OWNERPARTID= -42|OWNERINDEX= 250|
RECORD=48|LINENO= 252|OWNERPARTID= -42|OWNERINDEX= 250|
RECORD=45|LINENO= 253|OWNERPARTID= -42|OWNERINDEX= 246|DATAFILECOUNT=1|DESCRIPTION=Resistor Footprint 0603|MODELDATAFILEENTITY0=0603_LED_Yellow|MODELDATAFILEKIND0=PCBLib|MODELNAME=0603_LED_Yellow|MODELTYPE=PCBLIB|UNIQUEID=MSYANOQG|
RECORD=46|LINENO= 254|OWNERPARTID= -42|OWNERINDEX= 253|
RECORD=48|LINENO= 255|OWNERPARTID= -42|OWNERINDEX= 253|
RECORD=45|LINENO= 256|OWNERPARTID= -42|OWNERINDEX= 246|DATAFILECOUNT=1|DESCRIPTION=LED Blue 3mm TH V|MODELDATAFILEENTITY0=LED Blue 3mm TH V|MODELDATAFILEKIND0=PCBLib|MODELNAME=LED Blue 3mm TH V|MODELTYPE=PCBLIB|UNIQUEID=IWMKCFLQ|
RECORD=46|LINENO= 257|OWNERPARTID= -42|OWNERINDEX= 256|
RECORD=48|LINENO= 258|OWNERPARTID= -42|OWNERINDEX= 256|
RECORD=45|LINENO= 259|OWNERPARTID= -42|OWNERINDEX= 246|DATAFILECOUNT=1|DESCRIPTION=LED Green 3mm TH V|MODELDATAFILEENTITY0=LED Green 3mm TH V|MODELDATAFILEKIND0=PCBLib|MODELNAME=LED Green 3mm TH V|MODELTYPE=PCBLIB|UNIQUEID=PUQQFWBL|
RECORD=46|LINENO= 260|OWNERPARTID= -42|OWNERINDEX= 259|
RECORD=48|LINENO= 261|OWNERPARTID= -42|OWNERINDEX= 259|
RECORD=45|LINENO= 262|OWNERPARTID= -42|OWNERINDEX= 246|DATAFILECOUNT=1|DESCRIPTION=LED Red 3mm TH V|MODELDATAFILEENTITY0=LED Red 3mm TH V|MODELDATAFILEKIND0=PCBLib|MODELNAME=LED Red 3mm TH V|MODELTYPE=PCBLIB|UNIQUEID=PILNQBMO|
RECORD=46|LINENO= 263|OWNERPARTID= -42|OWNERINDEX= 262|
RECORD=48|LINENO= 264|OWNERPARTID= -42|OWNERINDEX= 262|
RECORD=45|LINENO= 265|OWNERPARTID= -42|OWNERINDEX= 246|DATAFILECOUNT=1|DESCRIPTION=LED White 3mm TH V|MODELDATAFILEENTITY0=LED White 3mm TH V|MODELDATAFILEKIND0=PCBLib|MODELNAME=LED White 3mm TH V|MODELTYPE=PCBLIB|UNIQUEID=MCBPYOVD|
RECORD=46|LINENO= 266|OWNERPARTID= -42|OWNERINDEX= 265|
RECORD=48|LINENO= 267|OWNERPARTID= -42|OWNERINDEX= 265|
RECORD=45|LINENO= 268|OWNERPARTID= -42|OWNERINDEX= 246|DATAFILECOUNT=1|DESCRIPTION=LED Yellow 3mm TH V|MODELDATAFILEENTITY0=LED Yellow 3mm TH V|MODELDATAFILEKIND0=PCBLib|MODELNAME=LED Yellow 3mm TH V|MODELTYPE=PCBLIB|UNIQUEID=MQNTWPYS|
RECORD=46|LINENO= 269|OWNERPARTID= -42|OWNERINDEX= 268|
RECORD=48|LINENO= 270|OWNERPARTID= -42|OWNERINDEX= 268|
RECORD=45|LINENO= 271|OWNERPARTID= -42|OWNERINDEX= 246|DATAFILECOUNT=1|DESCRIPTION=Resistor Footprint 0603|ISCURRENT=T|MODELDATAFILEENTITY0=0603_LED_Blue|MODELDATAFILEKIND0=PCBLib|MODELNAME=0603_LED_Blue|MODELTYPE=PCBLIB|UNIQUEID=SXGIHUTF|
RECORD=46|LINENO= 272|OWNERPARTID= -42|OWNERINDEX= 271|
RECORD=48|LINENO= 273|OWNERPARTID= -42|OWNERINDEX= 271|
RECORD= 1|LINENO= 274|OWNERPARTID=   0|OWNERINDEX= -42|ALLPINCOUNT=2|AREACOLOR=11599871|COMPONENTDESCRIPTION=Resistor|CURRENTPARTID=1|DESIGNITEMID=RES|DISPLAYMODECOUNT=1|LIBREFERENCE=RES|LOCATION.X=190|LOCATION.Y=130|PARTCOUNT=2|PARTIDLOCKED=F|SOURCELIBRARYNAME=Lib3D_Altium10_Schlib.SchLib|TARGETFILENAME=*|UNIQUEID=WKCISMEH|
RECORD= 2|LINENO= 275|OWNERPARTID=   2|OWNERINDEX= 274|%UTF8%SWAPIDPART=Â¦&Â¦|DESIGNATOR=1|ELECTRICAL=4|FORMALTYPE=1|LOCATION.X=190|LOCATION.Y=120|NAME=1|PINCONGLOMERATE=34|PINLENGTH=10|SWAPIDPART=Ž&Ž|SWAPIDPIN=1|
RECORD=41|LINENO= 276|OWNERPARTID=   0|OWNERINDEX= 275|FONTID=1|ISHIDDEN=T|LOCATION.X=190|LOCATION.Y=120|NAME=PinUniqueId|TEXT=TSJPQHDO|UNIQUEID=FLKLRJWV|
RECORD= 2|LINENO= 277|OWNERPARTID=   2|OWNERINDEX= 274|%UTF8%SWAPIDPART=Â¦&Â¦|DESIGNATOR=2|ELECTRICAL=4|FORMALTYPE=1|LOCATION.X=210|LOCATION.Y=120|NAME=2|PINCONGLOMERATE=32|PINLENGTH=10|SWAPIDPART=Ž&Ž|SWAPIDPIN=2|
RECORD=41|LINENO= 278|OWNERPARTID=   0|OWNERINDEX= 277|FONTID=1|ISHIDDEN=T|LOCATION.X=210|LOCATION.Y=120|NAME=PinUniqueId|TEXT=XGWFCDNQ|UNIQUEID=MACMDYKU|
RECORD=13|LINENO= 279|OWNERPARTID=   2|OWNERINDEX= 274|CORNER.X=210|CORNER.Y=115|LINEWIDTH=1|LOCATION.X=210|LOCATION.Y=125|
RECORD=13|LINENO= 280|OWNERPARTID=   2|OWNERINDEX= 274|CORNER.X=190|CORNER.Y=115|LINEWIDTH=1|LOCATION.X=190|LOCATION.Y=125|
RECORD=13|LINENO= 281|OWNERPARTID=   2|OWNERINDEX= 274|CORNER.X=210|CORNER.Y=115|LINEWIDTH=1|LOCATION.X=190|LOCATION.Y=115|
RECORD=13|LINENO= 282|OWNERPARTID=   2|OWNERINDEX= 274|CORNER.X=210|CORNER.Y=125|LINEWIDTH=1|LOCATION.X=190|LOCATION.Y=125|
RECORD=34|LINENO= 283|OWNERPARTID=   0|OWNERINDEX= 274|FONTID=1|LOCATION.X=189|LOCATION.Y=126|NAME=Designator|TEXT=R8|UNIQUEID=YJTYKHJO|
RECORD=41|LINENO= 284|OWNERPARTID=   0|OWNERINDEX= 274|FONTID=1|LOCATION.X=189|LOCATION.Y=104|NAME=Comment|TEXT=1K|UNIQUEID=IOITYRDS|
RECORD=44|LINENO= 285|OWNERPARTID= -42|OWNERINDEX= 274|
RECORD=45|LINENO= 286|OWNERPARTID= -42|OWNERINDEX= 285|DATAFILECOUNT=1|DESCRIPTION=Resistor Footprint 0603|MODELDATAFILEENTITY0=0603_RES|MODELDATAFILEKIND0=PCBLib|MODELNAME=0603_RES|MODELTYPE=PCBLIB|UNIQUEID=XFSJBRSS|
RECORD=46|LINENO= 287|OWNERPARTID= -42|OWNERINDEX= 286|
RECORD=48|LINENO= 288|OWNERPARTID= -42|OWNERINDEX= 286|
RECORD=45|LINENO= 289|OWNERPARTID= -42|OWNERINDEX= 285|DATAFILECOUNT=1|DESCRIPTION=Resistor FootPrint 0402|ISCURRENT=T|MODELDATAFILEENTITY0=0402_RES|MODELDATAFILEKIND0=PCBLib|MODELNAME=0402_RES|MODELTYPE=PCBLIB|UNIQUEID=AVJEFUYP|
RECORD=46|LINENO= 290|OWNERPARTID= -42|OWNERINDEX= 289|
RECORD=48|LINENO= 291|OWNERPARTID= -42|OWNERINDEX= 289|
RECORD= 1|LINENO= 292|OWNERPARTID=   0|OWNERINDEX= -42|ALLPINCOUNT=2|AREACOLOR=11599871|COMPONENTDESCRIPTION=Push-button SMD|CURRENTPARTID=1|DESIGNITEMID=SW-PB_1|DISPLAYMODECOUNT=1|LIBRARYPATH=*|LIBREFERENCE=SW-PB_1|LOCATION.X=110|LOCATION.Y=120|PARTCOUNT=2|PARTIDLOCKED=F|SOURCELIBRARYNAME=ST_Lib3D.SchLib|TARGETFILENAME=*|UNIQUEID=NXKPUICC|
RECORD=41|LINENO= 293|OWNERPARTID=   0|OWNERINDEX= 292|FONTID=1|ISHIDDEN=T|LOCATION.X=118|LOCATION.Y=131|NAME=Order code RS|TEXT=102-412|UNIQUEID=AIBICGVD|
RECORD= 2|LINENO= 294|OWNERPARTID=   2|OWNERINDEX= 292|DESIGNATOR=1|ELECTRICAL=4|FORMALTYPE=1|LOCATION.X=130|LOCATION.Y=120|NAME=1|PINCONGLOMERATE=34|PINLENGTH=10|
RECORD=41|LINENO= 295|OWNERPARTID=   0|OWNERINDEX= 294|FONTID=1|ISHIDDEN=T|LOCATION.X=130|LOCATION.Y=120|NAME=PinUniqueId|TEXT=YHAXHGTU|UNIQUEID=CKRGTTBS|
RECORD= 2|LINENO= 296|OWNERPARTID=   2|OWNERINDEX= 292|DESIGNATOR=2|ELECTRICAL=4|FORMALTYPE=1|LOCATION.X=160|LOCATION.Y=120|NAME=2|PINCONGLOMERATE=32|PINLENGTH=10|
RECORD=41|LINENO= 297|OWNERPARTID=   0|OWNERINDEX= 296|FONTID=1|ISHIDDEN=T|LOCATION.X=160|LOCATION.Y=120|NAME=PinUniqueId|TEXT=UWGHMAPK|UNIQUEID=PVNKKTVE|
RECORD= 7|LINENO= 298|OWNERPARTID=   2|OWNERINDEX= 292|AREACOLOR=16711680|ISSOLID=T|LINEWIDTH=1|LOCATIONCOUNT=8|X1=130|X2=130|X3=160|X4=160|X5=149|X6=149|X7=141|X8=141|Y1=127|Y2=126|Y3=126|Y4=127|Y5=127|Y6=130|Y7=130|Y8=127|
RECORD=12|LINENO= 299|OWNERPARTID=   2|OWNERINDEX= 292|ENDANGLE=360.000|LINEWIDTH=1|LOCATION.X=132|LOCATION.Y=120|RADIUS=2|
RECORD=12|LINENO= 300|OWNERPARTID=   2|OWNERINDEX= 292|ENDANGLE=360.000|LINEWIDTH=1|LOCATION.X=158|LOCATION.Y=120|RADIUS=2|
RECORD=34|LINENO= 301|OWNERPARTID=   0|OWNERINDEX= 292|FONTID=1|LOCATION.X=129|LOCATION.Y=131|NAME=Designator|TEXT=SW2|UNIQUEID=SJPQITMP|
RECORD=41|LINENO= 302|OWNERPARTID=   0|OWNERINDEX= 292|FONTID=1|LOCATION.X=129|LOCATION.Y=107|NAME=Comment|TEXT=User PB|UNIQUEID=ODBSMFEY|
RECORD=44|LINENO= 303|OWNERPARTID= -42|OWNERINDEX= 292|
RECORD=45|LINENO= 304|OWNERPARTID= -42|OWNERINDEX= 303|DATAFILECOUNT=1|DESCRIPTION=Footprint not found|ISCURRENT=T|MODELDATAFILEENTITY0=SW-PB SMD KMR2|MODELDATAFILEKIND0=PCBLib|MODELNAME=SW-PB SMD KMR2|MODELTYPE=PCBLIB|UNIQUEID=AYPWTEJQ|
RECORD=46|LINENO= 305|OWNERPARTID= -42|OWNERINDEX= 304|
RECORD=48|LINENO= 306|OWNERPARTID= -42|OWNERINDEX= 304|
RECORD= 1|LINENO= 307|OWNERPARTID=   0|OWNERINDEX= -42|ALLPINCOUNT=2|AREACOLOR=11599871|COMPONENTDESCRIPTION=Resistor|CURRENTPARTID=1|DESIGNITEMID=RES|DISPLAYMODECOUNT=1|LIBREFERENCE=RES|LOCATION.X=190|LOCATION.Y=90|PARTCOUNT=2|PARTIDLOCKED=F|SOURCELIBRARYNAME=Lib3D_Altium10_Schlib.SchLib|TARGETFILENAME=*|UNIQUEID=IFSXXRNP|
RECORD= 2|LINENO= 308|OWNERPARTID=   2|OWNERINDEX= 307|%UTF8%SWAPIDPART=Â¦&Â¦|DESIGNATOR=1|ELECTRICAL=4|FORMALTYPE=1|LOCATION.X=190|LOCATION.Y=80|NAME=1|PINCONGLOMERATE=34|PINLENGTH=10|SWAPIDPART=Ž&Ž|SWAPIDPIN=1|
RECORD=41|LINENO= 309|OWNERPARTID=   0|OWNERINDEX= 308|FONTID=1|ISHIDDEN=T|LOCATION.X=190|LOCATION.Y=80|NAME=PinUniqueId|TEXT=LRPCPBYA|UNIQUEID=VRPMVSKH|
RECORD= 2|LINENO= 310|OWNERPARTID=   2|OWNERINDEX= 307|%UTF8%SWAPIDPART=Â¦&Â¦|DESIGNATOR=2|ELECTRICAL=4|FORMALTYPE=1|LOCATION.X=210|LOCATION.Y=80|NAME=2|PINCONGLOMERATE=32|PINLENGTH=10|SWAPIDPART=Ž&Ž|SWAPIDPIN=2|
RECORD=41|LINENO= 311|OWNERPARTID=   0|OWNERINDEX= 310|FONTID=1|ISHIDDEN=T|LOCATION.X=210|LOCATION.Y=80|NAME=PinUniqueId|TEXT=OMEOJCAB|UNIQUEID=YBMUMKHD|
RECORD=13|LINENO= 312|OWNERPARTID=   2|OWNERINDEX= 307|CORNER.X=210|CORNER.Y=75|LINEWIDTH=1|LOCATION.X=210|LOCATION.Y=85|
RECORD=13|LINENO= 313|OWNERPARTID=   2|OWNERINDEX= 307|CORNER.X=190|CORNER.Y=75|LINEWIDTH=1|LOCATION.X=190|LOCATION.Y=85|
RECORD=13|LINENO= 314|OWNERPARTID=   2|OWNERINDEX= 307|CORNER.X=210|CORNER.Y=75|LINEWIDTH=1|LOCATION.X=190|LOCATION.Y=75|
RECORD=13|LINENO= 315|OWNERPARTID=   2|OWNERINDEX= 307|CORNER.X=210|CORNER.Y=85|LINEWIDTH=1|LOCATION.X=190|LOCATION.Y=85|
RECORD=34|LINENO= 316|OWNERPARTID=   0|OWNERINDEX= 307|FONTID=1|LOCATION.X=189|LOCATION.Y=86|NAME=Designator|TEXT=R9|UNIQUEID=DUYJAMVC|
RECORD=41|LINENO= 317|OWNERPARTID=   0|OWNERINDEX= 307|FONTID=1|LOCATION.X=189|LOCATION.Y=64|NAME=Comment|TEXT=1K|UNIQUEID=GWKMITOE|
RECORD=44|LINENO= 318|OWNERPARTID= -42|OWNERINDEX= 307|
RECORD=45|LINENO= 319|OWNERPARTID= -42|OWNERINDEX= 318|DATAFILECOUNT=1|DESCRIPTION=Resistor Footprint 0603|MODELDATAFILEENTITY0=0603_RES|MODELDATAFILEKIND0=PCBLib|MODELNAME=0603_RES|MODELTYPE=PCBLIB|UNIQUEID=HCKATHNU|
RECORD=46|LINENO= 320|OWNERPARTID= -42|OWNERINDEX= 319|
RECORD=48|LINENO= 321|OWNERPARTID= -42|OWNERINDEX= 319|
RECORD=45|LINENO= 322|OWNERPARTID= -42|OWNERINDEX= 318|DATAFILECOUNT=1|DESCRIPTION=Resistor FootPrint 0402|ISCURRENT=T|MODELDATAFILEENTITY0=0402_RES|MODELDATAFILEKIND0=PCBLib|MODELNAME=0402_RES|MODELTYPE=PCBLIB|UNIQUEID=IOIAXTOM|
RECORD=46|LINENO= 323|OWNERPARTID= -42|OWNERINDEX= 322|
RECORD=48|LINENO= 324|OWNERPARTID= -42|OWNERINDEX= 322|
RECORD= 1|LINENO= 325|OWNERPARTID=   0|OWNERINDEX= -42|ALLPINCOUNT=2|AREACOLOR=11599871|COMPONENTDESCRIPTION=Push-button SMD|CURRENTPARTID=1|DESIGNITEMID=SW-PB_1|DISPLAYMODECOUNT=1|LIBRARYPATH=*|LIBREFERENCE=SW-PB_1|LOCATION.X=110|LOCATION.Y=80|PARTCOUNT=2|PARTIDLOCKED=F|SOURCELIBRARYNAME=ST_Lib3D.SchLib|TARGETFILENAME=*|UNIQUEID=RKHXVPLH|
RECORD=41|LINENO= 326|OWNERPARTID=   0|OWNERINDEX= 325|FONTID=1|ISHIDDEN=T|LOCATION.X=118|LOCATION.Y=91|NAME=Order code RS|TEXT=102-412|UNIQUEID=LXMSNDDH|
RECORD= 2|LINENO= 327|OWNERPARTID=   2|OWNERINDEX= 325|DESIGNATOR=1|ELECTRICAL=4|FORMALTYPE=1|LOCATION.X=130|LOCATION.Y=80|NAME=1|PINCONGLOMERATE=34|PINLENGTH=10|
RECORD=41|LINENO= 328|OWNERPARTID=   0|OWNERINDEX= 327|FONTID=1|ISHIDDEN=T|LOCATION.X=130|LOCATION.Y=80|NAME=PinUniqueId|TEXT=YOHHMHCT|UNIQUEID=MHUJURMX|
RECORD= 2|LINENO= 329|OWNERPARTID=   2|OWNERINDEX= 325|DESIGNATOR=2|ELECTRICAL=4|FORMALTYPE=1|LOCATION.X=160|LOCATION.Y=80|NAME=2|PINCONGLOMERATE=32|PINLENGTH=10|
RECORD=41|LINENO= 330|OWNERPARTID=   0|OWNERINDEX= 329|FONTID=1|ISHIDDEN=T|LOCATION.X=160|LOCATION.Y=80|NAME=PinUniqueId|TEXT=BNRTGGKE|UNIQUEID=RGJILOXD|
RECORD= 7|LINENO= 331|OWNERPARTID=   2|OWNERINDEX= 325|AREACOLOR=16711680|ISSOLID=T|LINEWIDTH=1|LOCATIONCOUNT=8|X1=130|X2=130|X3=160|X4=160|X5=149|X6=149|X7=141|X8=141|Y1=87|Y2=86|Y3=86|Y4=87|Y5=87|Y6=90|Y7=90|Y8=87|
RECORD=12|LINENO= 332|OWNERPARTID=   2|OWNERINDEX= 325|ENDANGLE=360.000|LINEWIDTH=1|LOCATION.X=132|LOCATION.Y=80|RADIUS=2|
RECORD=12|LINENO= 333|OWNERPARTID=   2|OWNERINDEX= 325|ENDANGLE=360.000|LINEWIDTH=1|LOCATION.X=158|LOCATION.Y=80|RADIUS=2|
RECORD=34|LINENO= 334|OWNERPARTID=   0|OWNERINDEX= 325|FONTID=1|LOCATION.X=129|LOCATION.Y=91|NAME=Designator|TEXT=SW3|UNIQUEID=XKMAXISX|
RECORD=41|LINENO= 335|OWNERPARTID=   0|OWNERINDEX= 325|FONTID=1|LOCATION.X=129|LOCATION.Y=67|NAME=Comment|TEXT=User PB|UNIQUEID=CDJFNXIR|
RECORD=44|LINENO= 336|OWNERPARTID= -42|OWNERINDEX= 325|
RECORD=45|LINENO= 337|OWNERPARTID= -42|OWNERINDEX= 336|DATAFILECOUNT=1|DESCRIPTION=Footprint not found|ISCURRENT=T|MODELDATAFILEENTITY0=SW-PB SMD KMR2|MODELDATAFILEKIND0=PCBLib|MODELNAME=SW-PB SMD KMR2|MODELTYPE=PCBLIB|UNIQUEID=WREYHHIU|
RECORD=46|LINENO= 338|OWNERPARTID= -42|OWNERINDEX= 337|
RECORD=48|LINENO= 339|OWNERPARTID= -42|OWNERINDEX= 337|
RECORD=18|LINENO= 340|OWNERPARTID=   0|OWNERINDEX= -42|ALIGNMENT=1|AREACOLOR=8454143|FONTID=1|HEIGHT=10|LOCATION.X=180|LOCATION.Y=520|NAME=AT2|TEXTCOLOR=128|UNIQUEID=QCWVUSRB|WIDTH=60|
RECORD=18|LINENO= 341|OWNERPARTID=   0|OWNERINDEX= -42|ALIGNMENT=1|AREACOLOR=8454143|FONTID=1|HEIGHT=10|LOCATION.X=180|LOCATION.Y=510|NAME=AT3|TEXTCOLOR=128|UNIQUEID=CGMCYSLO|WIDTH=60|
RECORD= 1|LINENO= 342|OWNERPARTID=   0|OWNERINDEX= -42|ALLPINCOUNT=2|AREACOLOR=11599871|COMPONENTDESCRIPTION=Solder Jumper|CURRENTPARTID=1|DESIGNITEMID=Strap2|DISPLAYMODECOUNT=1|LIBREFERENCE=Strap2|LOCATION.X=290|LOCATION.Y=530|NOTUSEDBTABLENAME=T|PARTCOUNT=2|PARTIDLOCKED=F|SOURCELIBRARYNAME=Passive.SchLib|TARGETFILENAME=*|UNIQUEID=RSACMPSK|
RECORD=41|LINENO= 343|OWNERPARTID=   0|OWNERINDEX= 342|FONTID=1|ISHIDDEN=T|LOCATION.X=268|LOCATION.Y=525|NAME=Published|TEXT=24-Mar-1999|UNIQUEID=VFBVADRU|
RECORD=41|LINENO= 344|OWNERPARTID=   0|OWNERINDEX= 342|FONTID=1|ISHIDDEN=T|LOCATION.X=268|LOCATION.Y=525|NAME=Revision|TEXT=July-2002: Re-released for DXP Platform.|UNIQUEID=RBGPOMWW|
RECORD=41|LINENO= 345|OWNERPARTID=   0|OWNERINDEX= 342|FONTID=1|ISHIDDEN=T|LOCATION.X=268|LOCATION.Y=525|NAME=Publisher|TEXT=Altium Limited|UNIQUEID=PTIUQTJF|
RECORD=41|LINENO= 346|OWNERPARTID=   0|OWNERINDEX= 342|FONTID=1|ISHIDDEN=T|LOCATION.X=268|LOCATION.Y=507|NAME=Solder|TEXT=YES|UNIQUEID=QEWPDJVI|
RECORD= 2|LINENO= 347|OWNERPARTID=   2|OWNERINDEX= 342|DESIGNATOR=2|ELECTRICAL=4|FORMALTYPE=1|LOCATION.X=290|LOCATION.Y=520|NAME=2|PINCONGLOMERATE=34|PINLENGTH=10|
RECORD=41|LINENO= 348|OWNERPARTID=   0|OWNERINDEX= 347|FONTID=1|ISHIDDEN=T|LOCATION.X=290|LOCATION.Y=520|NAME=PinUniqueId|TEXT=VSJLXBRJ|UNIQUEID=RHNRQSGG|
RECORD= 2|LINENO= 349|OWNERPARTID=   2|OWNERINDEX= 342|DESIGNATOR=1|ELECTRICAL=4|FORMALTYPE=1|LOCATION.X=310|LOCATION.Y=520|NAME=1|PINCONGLOMERATE=32|PINLENGTH=10|
RECORD=41|LINENO= 350|OWNERPARTID=   0|OWNERINDEX= 349|FONTID=1|ISHIDDEN=T|LOCATION.X=310|LOCATION.Y=520|NAME=PinUniqueId|TEXT=TKTSOJAV|UNIQUEID=YFPKLELP|
RECORD= 7|LINENO= 351|OWNERPARTID=   2|OWNERINDEX= 342|AREACOLOR=65535|ISSOLID=T|LINEWIDTH=1|LOCATIONCOUNT=6|X1=310|X2=310|X3=305|X4=300|X5=305|X6=310|Y1=520|Y2=515|Y3=515|Y4=520|Y5=525|Y6=525|
RECORD= 7|LINENO= 352|OWNERPARTID=   2|OWNERINDEX= 342|AREACOLOR=65535|ISSOLID=T|LINEWIDTH=1|LOCATIONCOUNT=5|X1=290|X2=290|X3=301|X4=296|X5=301|Y1=525|Y2=515|Y3=515|Y4=520|Y5=525|
RECORD=34|LINENO= 353|OWNERPARTID=   0|OWNERINDEX= 342|FONTID=1|LOCATION.X=292|LOCATION.Y=525|NAME=Designator|TEXT=SB22|UNIQUEID=TATAAKIB|
RECORD=41|LINENO= 354|OWNERPARTID=   0|OWNERINDEX= 342|FONTID=1|LOCATION.X=314|LOCATION.Y=523|NAME=Comment|TEXT=Open|UNIQUEID=QUOIDFVQ|
RECORD=44|LINENO= 355|OWNERPARTID= -42|OWNERINDEX= 342|
RECORD=45|LINENO= 356|OWNERPARTID= -42|OWNERINDEX= 355|DATAFILECOUNT=1|MODELDATAFILEENTITY0=SB|MODELDATAFILEKIND0=PCBLib|MODELNAME=SB|MODELTYPE=PCBLIB|UNIQUEID=PFBXGMWV|
RECORD=46|LINENO= 357|OWNERPARTID= -42|OWNERINDEX= 356|
RECORD=48|LINENO= 358|OWNERPARTID= -42|OWNERINDEX= 356|
RECORD=45|LINENO= 359|OWNERPARTID= -42|OWNERINDEX= 355|DATAFILECOUNT=1|ISCURRENT=T|MODELDATAFILEENTITY0=SB-tiny|MODELDATAFILEKIND0=PCBLib|MODELNAME=SB-tiny|MODELTYPE=PCBLIB|UNIQUEID=JNRUCXQV|
RECORD=46|LINENO= 360|OWNERPARTID= -42|OWNERINDEX= 359|
RECORD=48|LINENO= 361|OWNERPARTID= -42|OWNERINDEX= 359|
RECORD=45|LINENO= 362|OWNERPARTID= -42|OWNERINDEX= 355|DATAFILECOUNT=1|MODELDATAFILEENTITY0=SB-LARGE|MODELDATAFILEKIND0=PCBLib|MODELNAME=SB-LARGE|MODELTYPE=PCBLIB|UNIQUEID=PGYDKIAV|
RECORD=46|LINENO= 363|OWNERPARTID= -42|OWNERINDEX= 362|
RECORD=48|LINENO= 364|OWNERPARTID= -42|OWNERINDEX= 362|
RECORD= 1|LINENO= 365|OWNERPARTID=   0|OWNERINDEX= -42|ALLPINCOUNT=2|AREACOLOR=11599871|COMPONENTDESCRIPTION=Solder Jumper|CURRENTPARTID=1|DESIGNITEMID=Strap2|DISPLAYMODECOUNT=1|LIBREFERENCE=Strap2|LOCATION.X=260|LOCATION.Y=520|NOTUSEDBTABLENAME=T|PARTCOUNT=2|PARTIDLOCKED=F|SOURCELIBRARYNAME=Passive.SchLib|TARGETFILENAME=*|UNIQUEID=TAMQYUCJ|
RECORD=41|LINENO= 366|OWNERPARTID=   0|OWNERINDEX= 365|FONTID=1|ISHIDDEN=T|LOCATION.X=238|LOCATION.Y=515|NAME=Published|TEXT=24-Mar-1999|UNIQUEID=BXMVHBGV|
RECORD=41|LINENO= 367|OWNERPARTID=   0|OWNERINDEX= 365|FONTID=1|ISHIDDEN=T|LOCATION.X=238|LOCATION.Y=515|NAME=Revision|TEXT=July-2002: Re-released for DXP Platform.|UNIQUEID=UPQPEAOY|
RECORD=41|LINENO= 368|OWNERPARTID=   0|OWNERINDEX= 365|FONTID=1|ISHIDDEN=T|LOCATION.X=238|LOCATION.Y=515|NAME=Publisher|TEXT=Altium Limited|UNIQUEID=XRMVHQLI|
RECORD=41|LINENO= 369|OWNERPARTID=   0|OWNERINDEX= 365|FONTID=1|ISHIDDEN=T|LOCATION.X=238|LOCATION.Y=497|NAME=Solder|TEXT=YES|UNIQUEID=BADVOFNX|
RECORD= 2|LINENO= 370|OWNERPARTID=   2|OWNERINDEX= 365|DESIGNATOR=2|ELECTRICAL=4|FORMALTYPE=1|LOCATION.X=260|LOCATION.Y=510|NAME=2|PINCONGLOMERATE=34|PINLENGTH=10|
RECORD=41|LINENO= 371|OWNERPARTID=   0|OWNERINDEX= 370|FONTID=1|ISHIDDEN=T|LOCATION.X=260|LOCATION.Y=510|NAME=PinUniqueId|TEXT=EATXRSMY|UNIQUEID=MAIQGNLT|
RECORD= 2|LINENO= 372|OWNERPARTID=   2|OWNERINDEX= 365|DESIGNATOR=1|ELECTRICAL=4|FORMALTYPE=1|LOCATION.X=280|LOCATION.Y=510|NAME=1|PINCONGLOMERATE=32|PINLENGTH=10|
RECORD=41|LINENO= 373|OWNERPARTID=   0|OWNERINDEX= 372|FONTID=1|ISHIDDEN=T|LOCATION.X=280|LOCATION.Y=510|NAME=PinUniqueId|TEXT=LSTNWEDG|UNIQUEID=LFMKDHDU|
RECORD= 7|LINENO= 374|OWNERPARTID=   2|OWNERINDEX= 365|AREACOLOR=65535|ISSOLID=T|LINEWIDTH=1|LOCATIONCOUNT=6|X1=280|X2=280|X3=275|X4=270|X5=275|X6=280|Y1=510|Y2=505|Y3=505|Y4=510|Y5=515|Y6=515|
RECORD= 7|LINENO= 375|OWNERPARTID=   2|OWNERINDEX= 365|AREACOLOR=65535|ISSOLID=T|LINEWIDTH=1|LOCATIONCOUNT=5|X1=260|X2=260|X3=271|X4=266|X5=271|Y1=515|Y2=505|Y3=505|Y4=510|Y5=515|
RECORD=34|LINENO= 376|OWNERPARTID=   0|OWNERINDEX= 365|FONTID=1|LOCATION.X=260|LOCATION.Y=493|NAME=Designator|TEXT=SB23|UNIQUEID=DRXJMJWB|
RECORD=41|LINENO= 377|OWNERPARTID=   0|OWNERINDEX= 365|FONTID=1|LOCATION.X=283|LOCATION.Y=501|NAME=Comment|TEXT=Open|UNIQUEID=APOAFDOI|
RECORD=44|LINENO= 378|OWNERPARTID= -42|OWNERINDEX= 365|
RECORD=45|LINENO= 379|OWNERPARTID= -42|OWNERINDEX= 378|DATAFILECOUNT=1|MODELDATAFILEENTITY0=SB|MODELDATAFILEKIND0=PCBLib|MODELNAME=SB|MODELTYPE=PCBLIB|UNIQUEID=WIAYICAN|
RECORD=46|LINENO= 380|OWNERPARTID= -42|OWNERINDEX= 379|
RECORD=48|LINENO= 381|OWNERPARTID= -42|OWNERINDEX= 379|
RECORD=45|LINENO= 382|OWNERPARTID= -42|OWNERINDEX= 378|DATAFILECOUNT=1|ISCURRENT=T|MODELDATAFILEENTITY0=SB-tiny|MODELDATAFILEKIND0=PCBLib|MODELNAME=SB-tiny|MODELTYPE=PCBLIB|UNIQUEID=ABYUOKIB|
RECORD=46|LINENO= 383|OWNERPARTID= -42|OWNERINDEX= 382|
RECORD=48|LINENO= 384|OWNERPARTID= -42|OWNERINDEX= 382|
RECORD=45|LINENO= 385|OWNERPARTID= -42|OWNERINDEX= 378|DATAFILECOUNT=1|MODELDATAFILEENTITY0=SB-LARGE|MODELDATAFILEKIND0=PCBLib|MODELNAME=SB-LARGE|MODELTYPE=PCBLIB|UNIQUEID=QJOWNWSB|
RECORD=46|LINENO= 386|OWNERPARTID= -42|OWNERINDEX= 385|
RECORD=48|LINENO= 387|OWNERPARTID= -42|OWNERINDEX= 385|
RECORD=18|LINENO= 388|OWNERPARTID=   0|OWNERINDEX= -42|ALIGNMENT=1|AREACOLOR=8454143|FONTID=1|HEIGHT=10|LOCATION.X=180|LOCATION.Y=560|NAME=PA13|TEXTCOLOR=128|UNIQUEID=HAPPEFUA|WIDTH=60|
RECORD=18|LINENO= 389|OWNERPARTID=   0|OWNERINDEX= -42|ALIGNMENT=1|AREACOLOR=8454143|FONTID=1|HEIGHT=10|LOCATION.X=180|LOCATION.Y=550|NAME=PA14|TEXTCOLOR=128|UNIQUEID=GRHEVWBP|WIDTH=60|
RECORD=18|LINENO= 390|OWNERPARTID=   0|OWNERINDEX= -42|ALIGNMENT=1|AREACOLOR=8454143|FONTID=1|HEIGHT=10|LOCATION.X=420|LOCATION.Y=540|NAME=PA15|TEXTCOLOR=128|UNIQUEID=COFXDPNL|WIDTH=40|
RECORD=18|LINENO= 391|OWNERPARTID=   0|OWNERINDEX= -42|ALIGNMENT=1|AREACOLOR=8454143|FONTID=1|HEIGHT=10|LOCATION.X=420|LOCATION.Y=490|NAME=PB3|TEXTCOLOR=128|UNIQUEID=HMHBJURO|WIDTH=40|
RECORD=18|LINENO= 392|OWNERPARTID=   0|OWNERINDEX= -42|ALIGNMENT=1|AREACOLOR=8454143|FONTID=1|HEIGHT=10|LOCATION.X=420|LOCATION.Y=480|NAME=PB4|TEXTCOLOR=128|UNIQUEID=DYENGLRE|WIDTH=40|
RECORD=18|LINENO= 393|OWNERPARTID=   0|OWNERINDEX= -42|ALIGNMENT=1|AREACOLOR=8454143|FONTID=1|HEIGHT=10|LOCATION.X=310|LOCATION.Y=580|NAME=USB_N|TEXTCOLOR=128|UNIQUEID=PDOAUEIW|WIDTH=50|
RECORD=18|LINENO= 394|OWNERPARTID=   0|OWNERINDEX= -42|ALIGNMENT=1|AREACOLOR=8454143|FONTID=1|HEIGHT=10|LOCATION.X=310|LOCATION.Y=570|NAME=USB_P|TEXTCOLOR=128|UNIQUEID=DBUOJTJB|WIDTH=50|
RECORD=17|LINENO= 395|OWNERPARTID=   0|OWNERINDEX= -42|FONTID=1|LOCATION.X=230|LOCATION.Y=240|SHOWNETNAME=T|STYLE=1|TEXT=GND|UNIQUEID=SNNBFBTC|
RECORD=17|LINENO= 396|OWNERPARTID=   0|OWNERINDEX= -42|FONTID=1|LOCATION.X=230|LOCATION.Y=290|SHOWNETNAME=T|STYLE=1|TEXT=GND|UNIQUEID=VKXCAOWN|
RECORD=17|LINENO= 397|OWNERPARTID=   0|OWNERINDEX= -42|FONTID=1|LOCATION.X=230|LOCATION.Y=340|SHOWNETNAME=T|STYLE=1|TEXT=GND|UNIQUEID=VQKOJTPY|
RECORD=17|LINENO= 398|OWNERPARTID=   0|OWNERINDEX= -42|FONTID=1|LOCATION.X=120|LOCATION.Y=180|ORIENTATION=2|SHOWNETNAME=T|STYLE=1|TEXT=GND|UNIQUEID=WENXQQKL|
RECORD=17|LINENO= 399|OWNERPARTID=   0|OWNERINDEX= -42|FONTID=1|LOCATION.X=120|LOCATION.Y=120|ORIENTATION=2|SHOWNETNAME=T|STYLE=1|TEXT=GND|UNIQUEID=ALDSQLSF|
RECORD=17|LINENO= 400|OWNERPARTID=   0|OWNERINDEX= -42|FONTID=1|LOCATION.X=120|LOCATION.Y=80|ORIENTATION=2|SHOWNETNAME=T|STYLE=1|TEXT=GND|UNIQUEID=WDMMGHUU|
RECORD= 6|LINENO= 401|OWNERPARTID=   0|OWNERINDEX= -42|LINEWIDTH=1|LOCATIONCOUNT=4|X1=180|X2=170|X3=170|X4=180|Y1=570|Y2=560|Y3=550|Y4=540|
RECORD= 4|LINENO= 402|OWNERPARTID=   0|OWNERINDEX= -42|FONTID=3|LOCATION.X=118|LOCATION.Y=550|TEXT=SWD reserved|
RECORD=18|LINENO= 403|OWNERPARTID=   0|OWNERINDEX= -42|ALIGNMENT=1|AREACOLOR=8454143|FONTID=1|HEIGHT=10|LOCATION.X=880|LOCATION.Y=690|NAME=PC0|TEXTCOLOR=128|UNIQUEID=UDBSCNGW|WIDTH=40|
RECORD=18|LINENO= 404|OWNERPARTID=   0|OWNERINDEX= -42|ALIGNMENT=1|AREACOLOR=8454143|FONTID=1|HEIGHT=10|LOCATION.X=880|LOCATION.Y=680|NAME=PC1|TEXTCOLOR=128|UNIQUEID=VLSYUQXF|WIDTH=40|
RECORD=18|LINENO= 405|OWNERPARTID=   0|OWNERINDEX= -42|ALIGNMENT=1|AREACOLOR=8454143|FONTID=1|HEIGHT=10|LOCATION.X=880|LOCATION.Y=670|NAME=PC2|TEXTCOLOR=128|UNIQUEID=YKSCXMXY|WIDTH=40|
RECORD=18|LINENO= 406|OWNERPARTID=   0|OWNERINDEX= -42|ALIGNMENT=1|AREACOLOR=8454143|FONTID=1|HEIGHT=10|LOCATION.X=880|LOCATION.Y=660|NAME=PC3|TEXTCOLOR=128|UNIQUEID=MELOJTUR|WIDTH=40|
RECORD=18|LINENO= 407|OWNERPARTID=   0|OWNERINDEX= -42|ALIGNMENT=1|AREACOLOR=8454143|FONTID=1|HEIGHT=10|LOCATION.X=880|LOCATION.Y=650|NAME=PC4|TEXTCOLOR=128|UNIQUEID=EBSSAOHC|WIDTH=40|
RECORD=18|LINENO= 408|OWNERPARTID=   0|OWNERINDEX= -42|ALIGNMENT=1|AREACOLOR=8454143|FONTID=1|HEIGHT=10|LOCATION.X=880|LOCATION.Y=640|NAME=PC5|TEXTCOLOR=128|UNIQUEID=EVEMYVEH|WIDTH=40|
RECORD=18|LINENO= 409|OWNERPARTID=   0|OWNERINDEX= -42|ALIGNMENT=1|AREACOLOR=8454143|FONTID=1|HEIGHT=10|LOCATION.X=880|LOCATION.Y=630|NAME=PC6|TEXTCOLOR=128|UNIQUEID=MSXUESMW|WIDTH=40|
RECORD=18|LINENO= 410|OWNERPARTID=   0|OWNERINDEX= -42|ALIGNMENT=1|AREACOLOR=8454143|FONTID=1|HEIGHT=10|LOCATION.X=880|LOCATION.Y=590|NAME=PC10|TEXTCOLOR=128|UNIQUEID=OKJPRNHI|WIDTH=40|
RECORD=18|LINENO= 411|OWNERPARTID=   0|OWNERINDEX= -42|ALIGNMENT=1|AREACOLOR=8454143|FONTID=1|HEIGHT=10|LOCATION.X=880|LOCATION.Y=580|NAME=PC11|TEXTCOLOR=128|UNIQUEID=RODBAUTO|WIDTH=40|
RECORD=18|LINENO= 412|OWNERPARTID=   0|OWNERINDEX= -42|ALIGNMENT=1|AREACOLOR=8454143|FONTID=1|HEIGHT=10|LOCATION.X=880|LOCATION.Y=570|NAME=PC12|TEXTCOLOR=128|UNIQUEID=UHBWSOJQ|WIDTH=40|
RECORD=18|LINENO= 413|OWNERPARTID=   0|OWNERINDEX= -42|ALIGNMENT=1|AREACOLOR=8454143|FONTID=1|HEIGHT=10|LOCATION.X=880|LOCATION.Y=560|NAME=PC13|TEXTCOLOR=128|UNIQUEID=LYGXVBTT|WIDTH=40|
RECORD=18|LINENO= 414|OWNERPARTID=   0|OWNERINDEX= -42|ALIGNMENT=1|AREACOLOR=8454143|FONTID=1|HEIGHT=10|LOCATION.X=880|LOCATION.Y=540|NAME=PD0|TEXTCOLOR=128|UNIQUEID=KVVKOJPW|WIDTH=40|
RECORD=18|LINENO= 415|OWNERPARTID=   0|OWNERINDEX= -42|ALIGNMENT=1|AREACOLOR=8454143|FONTID=1|HEIGHT=10|LOCATION.X=880|LOCATION.Y=530|NAME=PD1|TEXTCOLOR=128|UNIQUEID=PYNTWPGP|WIDTH=40|
RECORD=18|LINENO= 416|OWNERPARTID=   0|OWNERINDEX= -42|ALIGNMENT=1|AREACOLOR=8454143|FONTID=1|HEIGHT=10|LOCATION.X=420|LOCATION.Y=690|NAME=PA0|TEXTCOLOR=128|UNIQUEID=LNBAWACR|WIDTH=40|
RECORD=18|LINENO= 417|OWNERPARTID=   0|OWNERINDEX= -42|ALIGNMENT=1|AREACOLOR=8454143|FONTID=1|HEIGHT=10|LOCATION.X=420|LOCATION.Y=680|NAME=PA1|TEXTCOLOR=128|UNIQUEID=DJNWBBJL|WIDTH=40|
RECORD=18|LINENO= 418|OWNERPARTID=   0|OWNERINDEX= -42|ALIGNMENT=1|AREACOLOR=8454143|FONTID=1|HEIGHT=10|LOCATION.X=420|LOCATION.Y=670|NAME=PA2|TEXTCOLOR=128|UNIQUEID=ONMBLCBA|WIDTH=40|
RECORD=18|LINENO= 419|OWNERPARTID=   0|OWNERINDEX= -42|ALIGNMENT=1|AREACOLOR=8454143|FONTID=1|HEIGHT=10|LOCATION.X=420|LOCATION.Y=660|NAME=PA3|TEXTCOLOR=128|UNIQUEID=NONMNGAB|WIDTH=40|
RECORD=18|LINENO= 420|OWNERPARTID=   0|OWNERINDEX= -42|ALIGNMENT=1|AREACOLOR=8454143|FONTID=1|HEIGHT=10|LOCATION.X=420|LOCATION.Y=650|NAME=PA4|TEXTCOLOR=128|UNIQUEID=MVUIKWML|WIDTH=40|
RECORD=18|LINENO= 421|OWNERPARTID=   0|OWNERINDEX= -42|ALIGNMENT=1|AREACOLOR=8454143|FONTID=1|HEIGHT=10|LOCATION.X=420|LOCATION.Y=640|NAME=PA5|TEXTCOLOR=128|UNIQUEID=YDDGYDVA|WIDTH=40|
RECORD=18|LINENO= 422|OWNERPARTID=   0|OWNERINDEX= -42|ALIGNMENT=1|AREACOLOR=8454143|FONTID=1|HEIGHT=10|LOCATION.X=420|LOCATION.Y=630|NAME=PA6|TEXTCOLOR=128|UNIQUEID=ESQPDTIK|WIDTH=40|
RECORD=18|LINENO= 423|OWNERPARTID=   0|OWNERINDEX= -42|ALIGNMENT=1|AREACOLOR=8454143|FONTID=1|HEIGHT=10|LOCATION.X=420|LOCATION.Y=620|NAME=PA7|TEXTCOLOR=128|UNIQUEID=UFKFJTOD|WIDTH=40|
RECORD=18|LINENO= 424|OWNERPARTID=   0|OWNERINDEX= -42|ALIGNMENT=1|AREACOLOR=8454143|FONTID=1|HEIGHT=10|LOCATION.X=420|LOCATION.Y=610|NAME=PA8|TEXTCOLOR=128|UNIQUEID=NTVKUGSM|WIDTH=40|
RECORD=18|LINENO= 425|OWNERPARTID=   0|OWNERINDEX= -42|ALIGNMENT=1|AREACOLOR=8454143|FONTID=1|HEIGHT=10|LOCATION.X=420|LOCATION.Y=600|NAME=PA9|TEXTCOLOR=128|UNIQUEID=GXXCDHYR|WIDTH=40|
RECORD=18|LINENO= 426|OWNERPARTID=   0|OWNERINDEX= -42|ALIGNMENT=1|AREACOLOR=8454143|FONTID=1|HEIGHT=10|LOCATION.X=420|LOCATION.Y=590|NAME=PA10|TEXTCOLOR=128|UNIQUEID=LCDUOUWX|WIDTH=40|
RECORD=18|LINENO= 427|OWNERPARTID=   0|OWNERINDEX= -42|ALIGNMENT=1|AREACOLOR=8454143|FONTID=1|HEIGHT=10|LOCATION.X=420|LOCATION.Y=500|NAME=PB2|TEXTCOLOR=128|UNIQUEID=TIKVHSQR|WIDTH=40|
RECORD=18|LINENO= 428|OWNERPARTID=   0|OWNERINDEX= -42|ALIGNMENT=1|AREACOLOR=8454143|FONTID=1|HEIGHT=10|LOCATION.X=420|LOCATION.Y=470|NAME=PB5|TEXTCOLOR=128|UNIQUEID=DBTQWVKY|WIDTH=40|
RECORD=18|LINENO= 429|OWNERPARTID=   0|OWNERINDEX= -42|ALIGNMENT=1|AREACOLOR=8454143|FONTID=1|HEIGHT=10|LOCATION.X=420|LOCATION.Y=460|NAME=PB6|TEXTCOLOR=128|UNIQUEID=DBQWPCRM|WIDTH=40|
RECORD=18|LINENO= 430|OWNERPARTID=   0|OWNERINDEX= -42|ALIGNMENT=1|AREACOLOR=8454143|FONTID=1|HEIGHT=10|LOCATION.X=420|LOCATION.Y=450|NAME=PB7|TEXTCOLOR=128|UNIQUEID=IFIBKQKK|WIDTH=40|
RECORD=18|LINENO= 431|OWNERPARTID=   0|OWNERINDEX= -42|ALIGNMENT=1|AREACOLOR=8454143|FONTID=1|HEIGHT=10|LOCATION.X=420|LOCATION.Y=440|NAME=PB8|TEXTCOLOR=128|UNIQUEID=QPWPUEFG|WIDTH=40|
RECORD=18|LINENO= 432|OWNERPARTID=   0|OWNERINDEX= -42|ALIGNMENT=1|AREACOLOR=8454143|FONTID=1|HEIGHT=10|LOCATION.X=420|LOCATION.Y=430|NAME=PB9|TEXTCOLOR=128|UNIQUEID=HKGVMFWA|WIDTH=40|
RECORD=18|LINENO= 433|OWNERPARTID=   0|OWNERINDEX= -42|ALIGNMENT=1|AREACOLOR=8454143|FONTID=1|HEIGHT=10|LOCATION.X=420|LOCATION.Y=420|NAME=PB10|TEXTCOLOR=128|UNIQUEID=LDSXVMGE|WIDTH=40|
RECORD=18|LINENO= 434|OWNERPARTID=   0|OWNERINDEX= -42|ALIGNMENT=1|AREACOLOR=8454143|FONTID=1|HEIGHT=10|LOCATION.X=420|LOCATION.Y=410|NAME=PB11|TEXTCOLOR=128|UNIQUEID=DORAEIMV|WIDTH=40|
RECORD=18|LINENO= 435|OWNERPARTID=   0|OWNERINDEX= -42|ALIGNMENT=1|AREACOLOR=8454143|FONTID=1|HEIGHT=10|LOCATION.X=420|LOCATION.Y=400|NAME=PB12|TEXTCOLOR=128|UNIQUEID=LHSNXHJC|WIDTH=40|
RECORD=18|LINENO= 436|OWNERPARTID=   0|OWNERINDEX= -42|ALIGNMENT=1|AREACOLOR=8454143|FONTID=1|HEIGHT=10|LOCATION.X=420|LOCATION.Y=390|NAME=PB13|TEXTCOLOR=128|UNIQUEID=ARBDLNHX|WIDTH=40|
RECORD=18|LINENO= 437|OWNERPARTID=   0|OWNERINDEX= -42|ALIGNMENT=1|AREACOLOR=8454143|FONTID=1|HEIGHT=10|LOCATION.X=420|LOCATION.Y=380|NAME=PB14|TEXTCOLOR=128|UNIQUEID=UJDKVNHY|WIDTH=40|
RECORD=18|LINENO= 438|OWNERPARTID=   0|OWNERINDEX= -42|ALIGNMENT=1|AREACOLOR=8454143|FONTID=1|HEIGHT=10|LOCATION.X=420|LOCATION.Y=370|NAME=PB15|TEXTCOLOR=128|UNIQUEID=GRTVKUKL|WIDTH=40|
RECORD=18|LINENO= 439|OWNERPARTID=   0|OWNERINDEX= -42|ALIGNMENT=1|AREACOLOR=8454143|FONTID=1|HEIGHT=10|LOCATION.X=790|LOCATION.Y=150|NAME=AT2|TEXTCOLOR=128|UNIQUEID=JNCKVXRL|WIDTH=60|
RECORD=18|LINENO= 440|OWNERPARTID=   0|OWNERINDEX= -42|ALIGNMENT=1|AREACOLOR=8454143|FONTID=1|HEIGHT=10|LOCATION.X=790|LOCATION.Y=140|NAME=AT3|TEXTCOLOR=128|UNIQUEID=LYBASHUV|WIDTH=60|
RECORD= 1|LINENO= 441|OWNERPARTID=   0|OWNERINDEX= -42|ALLPINCOUNT=2|AREACOLOR=11599871|COMPONENTDESCRIPTION=Push-button SMD|CURRENTPARTID=1|DESIGNITEMID=SW-PB_1|DISPLAYMODECOUNT=1|LIBRARYPATH=*|LIBREFERENCE=SW-PB_1|LOCATION.X=890|LOCATION.Y=260|PARTCOUNT=2|PARTIDLOCKED=F|SOURCELIBRARYNAME=ST_Lib3D.SchLib|TARGETFILENAME=*|UNIQUEID=APJRUFSF|
RECORD=41|LINENO= 442|OWNERPARTID=   0|OWNERINDEX= 441|FONTID=1|ISHIDDEN=T|LOCATION.X=898|LOCATION.Y=271|NAME=Order code RS|TEXT=102-412|UNIQUEID=LSGSGQSP|
RECORD= 2|LINENO= 443|OWNERPARTID=   2|OWNERINDEX= 441|DESIGNATOR=1|ELECTRICAL=4|FORMALTYPE=1|LOCATION.X=910|LOCATION.Y=260|NAME=1|PINCONGLOMERATE=34|PINLENGTH=10|
RECORD=41|LINENO= 444|OWNERPARTID=   0|OWNERINDEX= 443|FONTID=1|ISHIDDEN=T|LOCATION.X=910|LOCATION.Y=260|NAME=PinUniqueId|TEXT=NKWIPXVO|UNIQUEID=NIIMPREN|
RECORD= 2|LINENO= 445|OWNERPARTID=   2|OWNERINDEX= 441|DESIGNATOR=2|ELECTRICAL=4|FORMALTYPE=1|LOCATION.X=940|LOCATION.Y=260|NAME=2|PINCONGLOMERATE=32|PINLENGTH=10|
RECORD=41|LINENO= 446|OWNERPARTID=   0|OWNERINDEX= 445|FONTID=1|ISHIDDEN=T|LOCATION.X=940|LOCATION.Y=260|NAME=PinUniqueId|TEXT=DHQWYIIX|UNIQUEID=TYHUYOVI|
RECORD= 7|LINENO= 447|OWNERPARTID=   2|OWNERINDEX= 441|AREACOLOR=16711680|ISSOLID=T|LINEWIDTH=1|LOCATIONCOUNT=8|X1=910|X2=910|X3=940|X4=940|X5=929|X6=929|X7=921|X8=921|Y1=267|Y2=266|Y3=266|Y4=267|Y5=267|Y6=270|Y7=270|Y8=267|
RECORD=12|LINENO= 448|OWNERPARTID=   2|OWNERINDEX= 441|ENDANGLE=360.000|LINEWIDTH=1|LOCATION.X=912|LOCATION.Y=260|RADIUS=2|
RECORD=12|LINENO= 449|OWNERPARTID=   2|OWNERINDEX= 441|ENDANGLE=360.000|LINEWIDTH=1|LOCATION.X=938|LOCATION.Y=260|RADIUS=2|
RECORD=34|LINENO= 450|OWNERPARTID=   0|OWNERINDEX= 441|FONTID=1|LOCATION.X=909|LOCATION.Y=271|NAME=Designator|TEXT=SW4|UNIQUEID=DLEFEFKE|
RECORD=41|LINENO= 451|OWNERPARTID=   0|OWNERINDEX= 441|FONTID=1|LOCATION.X=909|LOCATION.Y=247|NAME=Comment|TEXT=Reset PB|UNIQUEID=NFEYBGOW|
RECORD=44|LINENO= 452|OWNERPARTID= -42|OWNERINDEX= 441|
RECORD=45|LINENO= 453|OWNERPARTID= -42|OWNERINDEX= 452|DATAFILECOUNT=1|DESCRIPTION=Footprint not found|ISCURRENT=T|MODELDATAFILEENTITY0=SW-PB SMD KMR2|MODELDATAFILEKIND0=PCBLib|MODELNAME=SW-PB SMD KMR2|MODELTYPE=PCBLIB|UNIQUEID=VXSQGCAX|
RECORD=46|LINENO= 454|OWNERPARTID= -42|OWNERINDEX= 453|
RECORD=48|LINENO= 455|OWNERPARTID= -42|OWNERINDEX= 453|
RECORD= 1|LINENO= 456|OWNERPARTID=   0|OWNERINDEX= -42|ALLPINCOUNT=2|AREACOLOR=11599871|COMPONENTDESCRIPTION=Resistor|CURRENTPARTID=1|DESIGNITEMID=RES|DISPLAYMODECOUNT=1|LIBREFERENCE=RES|LOCATION.X=870|LOCATION.Y=200|ORIENTATION=2|PARTCOUNT=2|PARTIDLOCKED=F|SOURCELIBRARYNAME=Lib3D_Altium10_Schlib.SchLib|TARGETFILENAME=*|UNIQUEID=QKNBJQBB|
RECORD= 2|LINENO= 457|OWNERPARTID=   2|OWNERINDEX= 456|%UTF8%SWAPIDPART=Â¦&Â¦|DESIGNATOR=1|ELECTRICAL=4|FORMALTYPE=1|LOCATION.X=870|LOCATION.Y=210|NAME=1|PINCONGLOMERATE=32|PINLENGTH=10|SWAPIDPART=Ž&Ž|SWAPIDPIN=1|
RECORD=41|LINENO= 458|OWNERPARTID=   0|OWNERINDEX= 457|FONTID=1|ISHIDDEN=T|LOCATION.X=870|LOCATION.Y=210|NAME=PinUniqueId|TEXT=WAQUDJCP|UNIQUEID=STVCHYCX|
RECORD= 2|LINENO= 459|OWNERPARTID=   2|OWNERINDEX= 456|%UTF8%SWAPIDPART=Â¦&Â¦|DESIGNATOR=2|ELECTRICAL=4|FORMALTYPE=1|LOCATION.X=850|LOCATION.Y=210|NAME=2|PINCONGLOMERATE=34|PINLENGTH=10|SWAPIDPART=Ž&Ž|SWAPIDPIN=2|
RECORD=41|LINENO= 460|OWNERPARTID=   0|OWNERINDEX= 459|FONTID=1|ISHIDDEN=T|LOCATION.X=850|LOCATION.Y=210|NAME=PinUniqueId|TEXT=WNTVHKJY|UNIQUEID=UDBKVKSW|
RECORD=13|LINENO= 461|OWNERPARTID=   2|OWNERINDEX= 456|CORNER.X=850|CORNER.Y=215|LINEWIDTH=1|LOCATION.X=850|LOCATION.Y=205|
RECORD=13|LINENO= 462|OWNERPARTID=   2|OWNERINDEX= 456|CORNER.X=870|CORNER.Y=215|LINEWIDTH=1|LOCATION.X=870|LOCATION.Y=205|
RECORD=13|LINENO= 463|OWNERPARTID=   2|OWNERINDEX= 456|CORNER.X=850|CORNER.Y=215|LINEWIDTH=1|LOCATION.X=870|LOCATION.Y=215|
RECORD=13|LINENO= 464|OWNERPARTID=   2|OWNERINDEX= 456|CORNER.X=850|CORNER.Y=205|LINEWIDTH=1|LOCATION.X=870|LOCATION.Y=205|
RECORD=41|LINENO= 465|OWNERPARTID=   0|OWNERINDEX= 456|FONTID=1|LOCATION.X=841|LOCATION.Y=196|NAME=Fitted|TEXT=Not Fitted|UNIQUEID=SDWGSYAT|
RECORD=34|LINENO= 466|OWNERPARTID=   0|OWNERINDEX= 456|FONTID=1|LOCATION.X=872|LOCATION.Y=210|NAME=Designator|TEXT=R5|UNIQUEID=RBBXAAOL|
RECORD=41|LINENO= 467|OWNERPARTID=   0|OWNERINDEX= 456|FONTID=1|ISHIDDEN=T|LOCATION.X=838|LOCATION.Y=195|NAME=Comment|TEXT=100K (not fitted)|UNIQUEID=IBRATRCQ|
RECORD=44|LINENO= 468|OWNERPARTID= -42|OWNERINDEX= 456|
RECORD=45|LINENO= 469|OWNERPARTID= -42|OWNERINDEX= 468|DATAFILECOUNT=1|DESCRIPTION=Resistor Footprint 0603|MODELDATAFILEENTITY0=0603_RES|MODELDATAFILEKIND0=PCBLib|MODELNAME=0603_RES|MODELTYPE=PCBLIB|UNIQUEID=DWKPLTVH|
RECORD=46|LINENO= 470|OWNERPARTID= -42|OWNERINDEX= 469|
RECORD=48|LINENO= 471|OWNERPARTID= -42|OWNERINDEX= 469|
RECORD=45|LINENO= 472|OWNERPARTID= -42|OWNERINDEX= 468|DATAFILECOUNT=1|DESCRIPTION=Resistor FootPrint 0402|ISCURRENT=T|MODELDATAFILEENTITY0=0402_RES|MODELDATAFILEKIND0=PCBLib|MODELNAME=0402_RES|MODELTYPE=PCBLIB|UNIQUEID=YLEODQAS|
RECORD=46|LINENO= 473|OWNERPARTID= -42|OWNERINDEX= 472|
RECORD=48|LINENO= 474|OWNERPARTID= -42|OWNERINDEX= 472|
RECORD= 1|LINENO= 475|OWNERPARTID=   0|OWNERINDEX= -42|ALLPINCOUNT=2|AREACOLOR=11599871|COMPONENTDESCRIPTION=Schottky Diode|CURRENTPARTID=1|DESIGNITEMID=BAT54K|DISPLAYMODECOUNT=1|LIBREFERENCE=BAT54K|LOCATION.X=840|LOCATION.Y=260|NOTUSEDBTABLENAME=T|PARTCOUNT=2|PARTIDLOCKED=F|SOURCELIBRARYNAME=Lib3D_Altium10_Schlib.SchLib|TARGETFILENAME=*|UNIQUEID=GKIYBYHQ|
RECORD= 2|LINENO= 476|OWNERPARTID=   2|OWNERINDEX= 475|DESIGNATOR=A|ELECTRICAL=4|FORMALTYPE=1|LOCATION.X=850|LOCATION.Y=240|NAME=A|PINCONGLOMERATE=34|PINLENGTH=10|SWAPIDPIN=A|
RECORD=41|LINENO= 477|OWNERPARTID=   0|OWNERINDEX= 476|FONTID=1|ISHIDDEN=T|LOCATION.X=850|LOCATION.Y=240|NAME=PinUniqueId|TEXT=SDTJWCPF|UNIQUEID=LSPUBIGF|
RECORD= 2|LINENO= 478|OWNERPARTID=   2|OWNERINDEX= 475|DESIGNATOR=K|ELECTRICAL=4|FORMALTYPE=1|LOCATION.X=860|LOCATION.Y=240|NAME=K|PINCONGLOMERATE=32|PINLENGTH=10|SWAPIDPIN=K|
RECORD=41|LINENO= 479|OWNERPARTID=   0|OWNERINDEX= 478|FONTID=1|ISHIDDEN=T|LOCATION.X=860|LOCATION.Y=240|NAME=PinUniqueId|TEXT=BIVCHRUQ|UNIQUEID=ICOPIYID|
RECORD= 7|LINENO= 480|OWNERPARTID=   2|OWNERINDEX= 475|AREACOLOR=16711680|ISSOLID=T|LINEWIDTH=1|LOCATIONCOUNT=3|X1=850|X2=860|X3=850|Y1=249|Y2=240|Y3=231|
RECORD= 7|LINENO= 481|OWNERPARTID=   2|OWNERINDEX= 475|AREACOLOR=16711680|ISSOLID=T|LINEWIDTH=1|LOCATIONCOUNT=4|X1=860|X2=861|X3=861|X4=860|Y1=249|Y2=249|Y3=231|Y4=231|
RECORD=34|LINENO= 482|OWNERPARTID=   0|OWNERINDEX= 475|FONTID=1|LOCATION.X=849|LOCATION.Y=250|NAME=Designator|TEXT=D1|UNIQUEID=ASRCBHNC|
RECORD=41|LINENO= 483|OWNERPARTID=   0|OWNERINDEX= 475|FONTID=1|LOCATION.X=830|LOCATION.Y=260|NAME=Comment|TEXT=BAT54KFILM|UNIQUEID=HOAJUWMG|
RECORD=44|LINENO= 484|OWNERPARTID= -42|OWNERINDEX= 475|
RECORD=45|LINENO= 485|OWNERPARTID= -42|OWNERINDEX= 484|DATAFILECOUNT=1|ISCURRENT=T|MODELDATAFILEENTITY0=SOD523|MODELDATAFILEKIND0=PCBLib|MODELNAME=SOD523|MODELTYPE=PCBLIB|UNIQUEID=QQBTGOIK|
RECORD=46|LINENO= 486|OWNERPARTID= -42|OWNERINDEX= 485|
RECORD=48|LINENO= 487|OWNERPARTID= -42|OWNERINDEX= 485|
RECORD=17|LINENO= 488|OWNERPARTID=   0|OWNERINDEX= -42|FONTID=1|LOCATION.X=790|LOCATION.Y=240|ORIENTATION=2|SHOWNETNAME=T|STYLE=1|TEXT=GND|UNIQUEID=XACTLWBR|
RECORD=17|LINENO= 489|OWNERPARTID=   0|OWNERINDEX= -42|FONTID=1|LOCATION.X=950|LOCATION.Y=260|SHOWNETNAME=T|STYLE=1|TEXT=GND|UNIQUEID=VPPEWWGE|
RECORD= 1|LINENO= 490|OWNERPARTID=   0|OWNERINDEX= -42|ALLPINCOUNT=5|AREACOLOR=11599871|CURRENTPARTID=1|DESIGNITEMID=HEADER_1X5|DISPLAYMODECOUNT=1|ISMIRRORED=T|LIBREFERENCE=HEADER_1X5|LOCATION.X=900|LOCATION.Y=140|PARTCOUNT=2|PARTIDLOCKED=F|SOURCELIBRARYNAME=Connector.SchLib|TARGETFILENAME=*|UNIQUEID=RWFKPSWW|
RECORD= 2|LINENO= 491|OWNERPARTID=   2|OWNERINDEX= 490|DESIGNATOR=1|ELECTRICAL=4|FORMALTYPE=1|LOCATION.X=880|LOCATION.Y=170|NAME=1|PINCONGLOMERATE=50|PINLENGTH=10|SWAPIDPIN=1|
RECORD=41|LINENO= 492|OWNERPARTID=   0|OWNERINDEX= 491|FONTID=1|ISHIDDEN=T|LOCATION.X=880|LOCATION.Y=170|NAME=PinUniqueId|TEXT=UIQDEIPN|UNIQUEID=COMEAGXK|
RECORD= 2|LINENO= 493|OWNERPARTID=   2|OWNERINDEX= 490|DESIGNATOR=2|ELECTRICAL=4|FORMALTYPE=1|LOCATION.X=880|LOCATION.Y=160|NAME=2|PINCONGLOMERATE=50|PINLENGTH=10|SWAPIDPIN=2|
RECORD=41|LINENO= 494|OWNERPARTID=   0|OWNERINDEX= 493|FONTID=1|ISHIDDEN=T|LOCATION.X=880|LOCATION.Y=160|NAME=PinUniqueId|TEXT=KBWVBYOX|UNIQUEID=HNHGGMNA|
RECORD= 2|LINENO= 495|OWNERPARTID=   2|OWNERINDEX= 490|DESIGNATOR=3|ELECTRICAL=4|FORMALTYPE=1|LOCATION.X=880|LOCATION.Y=150|NAME=3|PINCONGLOMERATE=50|PINLENGTH=10|SWAPIDPIN=3|
RECORD=41|LINENO= 496|OWNERPARTID=   0|OWNERINDEX= 495|FONTID=1|ISHIDDEN=T|LOCATION.X=880|LOCATION.Y=150|NAME=PinUniqueId|TEXT=JOEOAXHK|UNIQUEID=MANIGUTT|
RECORD= 2|LINENO= 497|OWNERPARTID=   2|OWNERINDEX= 490|DESIGNATOR=4|ELECTRICAL=4|FORMALTYPE=1|LOCATION.X=880|LOCATION.Y=140|NAME=4|PINCONGLOMERATE=50|PINLENGTH=10|SWAPIDPIN=4|
RECORD=41|LINENO= 498|OWNERPARTID=   0|OWNERINDEX= 497|FONTID=1|ISHIDDEN=T|LOCATION.X=880|LOCATION.Y=140|NAME=PinUniqueId|TEXT=SJMRTEQV|UNIQUEID=ILIJDNLT|
RECORD= 2|LINENO= 499|OWNERPARTID=   2|OWNERINDEX= 490|DESIGNATOR=5|ELECTRICAL=4|FORMALTYPE=1|LOCATION.X=880|LOCATION.Y=130|NAME=5|PINCONGLOMERATE=50|PINLENGTH=10|SWAPIDPIN=5|
RECORD=41|LINENO= 500|OWNERPARTID=   0|OWNERINDEX= 499|FONTID=1|ISHIDDEN=T|LOCATION.X=880|LOCATION.Y=130|NAME=PinUniqueId|TEXT=IHYYGIUD|UNIQUEID=LBVAHAOQ|
RECORD=12|LINENO= 501|OWNERPARTID=   2|OWNERINDEX= 490|ENDANGLE=360.000|LINEWIDTH=1|LOCATION.X=885|LOCATION.Y=160|RADIUS=3|
RECORD=12|LINENO= 502|OWNERPARTID=   2|OWNERINDEX= 490|ENDANGLE=360.000|LINEWIDTH=1|LOCATION.X=885|LOCATION.Y=150|RADIUS=3|
RECORD=12|LINENO= 503|OWNERPARTID=   2|OWNERINDEX= 490|ENDANGLE=360.000|LINEWIDTH=1|LOCATION.X=885|LOCATION.Y=140|RADIUS=3|
RECORD=12|LINENO= 504|OWNERPARTID=   2|OWNERINDEX= 490|ENDANGLE=360.000|LINEWIDTH=1|LOCATION.X=885|LOCATION.Y=130|RADIUS=3|
RECORD=14|LINENO= 505|OWNERPARTID=   2|OWNERINDEX= 490|AREACOLOR=11599871|CORNER.X=890|CORNER.Y=175|LINEWIDTH=1|LOCATION.X=880|LOCATION.Y=125|
RECORD= 6|LINENO= 506|OWNERPARTID=   2|OWNERINDEX= 490|LINEWIDTH=1|LOCATIONCOUNT=2|X1=882|X2=880|Y1=170|Y2=170|
RECORD=12|LINENO= 507|OWNERPARTID=   2|OWNERINDEX= 490|ENDANGLE=360.000|LINEWIDTH=1|LOCATION.X=885|LOCATION.Y=170|RADIUS=3|
RECORD= 6|LINENO= 508|OWNERPARTID=   2|OWNERINDEX= 490|LINEWIDTH=1|LOCATIONCOUNT=6|X1=885|X2=888|X3=888|X4=882|X5=882|X6=885|Y1=173|Y2=173|Y3=167|Y4=167|Y5=173|Y6=173|
RECORD= 6|LINENO= 509|OWNERPARTID=   2|OWNERINDEX= 490|LINEWIDTH=1|LOCATIONCOUNT=2|X1=882|X2=880|Y1=160|Y2=160|
RECORD= 6|LINENO= 510|OWNERPARTID=   2|OWNERINDEX= 490|LINEWIDTH=1|LOCATIONCOUNT=2|X1=882|X2=880|Y1=150|Y2=150|
RECORD= 6|LINENO= 511|OWNERPARTID=   2|OWNERINDEX= 490|LINEWIDTH=1|LOCATIONCOUNT=2|X1=882|X2=880|Y1=140|Y2=140|
RECORD= 6|LINENO= 512|OWNERPARTID=   2|OWNERINDEX= 490|LINEWIDTH=1|LOCATIONCOUNT=2|X1=882|X2=880|Y1=130|Y2=130|
RECORD=34|LINENO= 513|OWNERPARTID=   0|OWNERINDEX= 490|FONTID=1|ISMIRRORED=T|LOCATION.X=879|LOCATION.Y=175|NAME=Designator|TEXT=CN3|UNIQUEID=KFTFLTBY|
RECORD=41|LINENO= 514|OWNERPARTID=   0|OWNERINDEX= 490|FONTID=1|ISMIRRORED=T|LOCATION.X=830|LOCATION.Y=110|NAME=Comment|TEXT=HEADER_1X5|UNIQUEID=UNIGECRV|
RECORD=44|LINENO= 515|OWNERPARTID= -42|OWNERINDEX= 490|
RECORD=45|LINENO= 516|OWNERPARTID= -42|OWNERINDEX= 515|DATAFILECOUNT=1|DESCRIPTION=1x5x2.54 Header TH V Female|MODELDATAFILEENTITY0=Header F 1x5x2.54 TH V|MODELDATAFILEKIND0=PCBLib|MODELNAME=Header F 1x5x2.54 TH V|MODELTYPE=PCBLIB|UNIQUEID=SKSATSBQ|
RECORD=46|LINENO= 517|OWNERPARTID= -42|OWNERINDEX= 516|
RECORD=48|LINENO= 518|OWNERPARTID= -42|OWNERINDEX= 516|
RECORD=45|LINENO= 519|OWNERPARTID= -42|OWNERINDEX= 515|DATAFILECOUNT=1|DESCRIPTION=1x5x2.54 Header TH V Male|MODELDATAFILEENTITY0=Header M 1x5x2.54 TH V|MODELDATAFILEKIND0=PCBLib|MODELNAME=Header M 1x5x2.54 TH V|MODELTYPE=PCBLIB|UNIQUEID=OVLFWYIM|
RECORD=46|LINENO= 520|OWNERPARTID= -42|OWNERINDEX= 519|
RECORD=48|LINENO= 521|OWNERPARTID= -42|OWNERINDEX= 519|
RECORD=45|LINENO= 522|OWNERPARTID= -42|OWNERINDEX= 515|DATAFILECOUNT=1|DESCRIPTION=1x5x2.54 Header TH V Female Tulipe|MODELDATAFILEENTITY0=Header F_Tulipe 1x5x2.54 TH V|MODELDATAFILEKIND0=PCBLib|MODELNAME=Header F_Tulipe 1x5x2.54 TH V|MODELTYPE=PCBLIB|UNIQUEID=TOEROTGK|
RECORD=46|LINENO= 523|OWNERPARTID= -42|OWNERINDEX= 522|
RECORD=48|LINENO= 524|OWNERPARTID= -42|OWNERINDEX= 522|
RECORD=45|LINENO= 525|OWNERPARTID= -42|OWNERINDEX= 515|DATAFILECOUNT=1|DESCRIPTION=1x5x1.27 Male or Female Not Fitted only Footprint|MODELDATAFILEENTITY0=Header M/F 1x5x1.27 NF|MODELDATAFILEKIND0=PCBLib|MODELNAME=Header M/F 1x5x1.27 NF|MODELTYPE=PCBLIB|UNIQUEID=YSWCDYPY|
RECORD=46|LINENO= 526|OWNERPARTID= -42|OWNERINDEX= 525|
RECORD=48|LINENO= 527|OWNERPARTID= -42|OWNERINDEX= 525|
RECORD=45|LINENO= 528|OWNERPARTID= -42|OWNERINDEX= 515|DATAFILECOUNT=1|DESCRIPTION=1x5x2.54 Header TH Not Fitted|ISCURRENT=T|MODELDATAFILEENTITY0=Header NF 1x5x2.54 TH|MODELDATAFILEKIND0=PCBLib|MODELNAME=Header NF 1x5x2.54 TH|MODELTYPE=PCBLIB|UNIQUEID=TVUBSBOX|
RECORD=46|LINENO= 529|OWNERPARTID= -42|OWNERINDEX= 528|
RECORD=48|LINENO= 530|OWNERPARTID= -42|OWNERINDEX= 528|
RECORD=17|LINENO= 531|OWNERPARTID=   0|OWNERINDEX= -42|FONTID=1|LOCATION.X=850|LOCATION.Y=130|ORIENTATION=2|SHOWNETNAME=T|STYLE=1|TEXT=GND|UNIQUEID=TFOAENYQ|
RECORD=18|LINENO= 532|OWNERPARTID=   0|OWNERINDEX= -42|ALIGNMENT=1|AREACOLOR=8454143|FONTID=1|HEIGHT=10|LOCATION.X=1000|LOCATION.Y=240|NAME=NRST|TEXTCOLOR=128|UNIQUEID=HFEBALEF|WIDTH=60|
RECORD=17|LINENO= 533|OWNERPARTID=   0|OWNERINDEX= -42|FONTID=2|LOCATION.X=580|LOCATION.Y=100|ORIENTATION=3|SHOWNETNAME=T|STYLE=1|TEXT=GND|UNIQUEID=CGOBFATG|
RECORD= 1|LINENO= 534|OWNERPARTID=   0|OWNERINDEX= -42|ALLPINCOUNT=2|AREACOLOR=11599871|COMPONENTDESCRIPTION=Capacitor_not polarized|CURRENTPARTID=1|DESIGNITEMID=CAP_NPOL|DISPLAYMODECOUNT=1|LIBREFERENCE=CAP_NPOL|LOCATION.X=570|LOCATION.Y=120|PARTCOUNT=2|PARTIDLOCKED=F|SOURCELIBRARYNAME=ST_Lib3D.SchLib|TARGETFILENAME=*|UNIQUEID=DPNPGASG|
RECORD= 2|LINENO= 535|OWNERPARTID=   2|OWNERINDEX= 534|%UTF8%SWAPIDPART=Â¦&Â¦|DESIGNATOR=2|ELECTRICAL=4|FORMALTYPE=1|LOCATION.X=580|LOCATION.Y=107|NAME=2|PINCONGLOMERATE=35|PINLENGTH=7|SWAPIDPART=Ž&Ž|SWAPIDPIN=2|
RECORD=41|LINENO= 536|OWNERPARTID=   0|OWNERINDEX= 535|FONTID=1|ISHIDDEN=T|LOCATION.X=580|LOCATION.Y=107|NAME=PinUniqueId|TEXT=OTSNJXEX|UNIQUEID=DGJVNYJM|
RECORD= 2|LINENO= 537|OWNERPARTID=   2|OWNERINDEX= 534|%UTF8%SWAPIDPART=Â¦&Â¦|DESIGNATOR=1|ELECTRICAL=4|FORMALTYPE=1|LOCATION.X=580|LOCATION.Y=114|NAME=1|PINCONGLOMERATE=33|PINLENGTH=6|SWAPIDPART=Ž&Ž|SWAPIDPIN=1|
RECORD=41|LINENO= 538|OWNERPARTID=   0|OWNERINDEX= 537|FONTID=1|ISHIDDEN=T|LOCATION.X=580|LOCATION.Y=114|NAME=PinUniqueId|TEXT=UXDSGWIW|UNIQUEID=ALSDKVHA|
RECORD= 6|LINENO= 539|OWNERPARTID=   2|OWNERINDEX= 534|LINEWIDTH=1|LOCATIONCOUNT=6|X1=580|X2=587|X3=587|X4=573|X5=573|X6=580|Y1=114|Y2=114|Y3=112|Y4=112|Y5=114|Y6=114|
RECORD= 6|LINENO= 540|OWNERPARTID=   2|OWNERINDEX= 534|LINEWIDTH=1|LOCATIONCOUNT=6|X1=580|X2=587|X3=587|X4=573|X5=573|X6=580|Y1=109|Y2=109|Y3=107|Y4=107|Y5=109|Y6=109|
RECORD= 6|LINENO= 541|OWNERPARTID=   2|OWNERINDEX= 534|LINEWIDTH=2|LOCATIONCOUNT=2|X1=586|X2=574|Y1=113|Y2=113|
RECORD= 6|LINENO= 542|OWNERPARTID=   2|OWNERINDEX= 534|LINEWIDTH=2|LOCATIONCOUNT=2|X1=574|X2=586|Y1=108|Y2=108|
RECORD=34|LINENO= 543|OWNERPARTID=   0|OWNERINDEX= 534|FONTID=1|LOCATION.X=589|LOCATION.Y=106|NAME=Designator|TEXT=C7|UNIQUEID=NVSIIVEK|
RECORD=41|LINENO= 544|OWNERPARTID=   0|OWNERINDEX= 534|FONTID=1|LOCATION.X=589|LOCATION.Y=96|NAME=Comment|TEXT=10pF|UNIQUEID=HWPBBSPM|
RECORD=44|LINENO= 545|OWNERPARTID= -42|OWNERINDEX= 534|
RECORD=45|LINENO= 546|OWNERPARTID= -42|OWNERINDEX= 545|DATAFILECOUNT=1|DESCRIPTION=Radial Capacitor 2steps(5.08mm) 2.5mm x 7mm|MODELDATAFILEENTITY0=CAP_RAD_5.08_2.5x7|MODELDATAFILEKIND0=PCBLib|MODELNAME=CAP_RAD_5.08_2.5x7|MODELTYPE=PCBLIB|UNIQUEID=FCBVGOYN|
RECORD=46|LINENO= 547|OWNERPARTID= -42|OWNERINDEX= 546|
RECORD=48|LINENO= 548|OWNERPARTID= -42|OWNERINDEX= 546|
RECORD=45|LINENO= 549|OWNERPARTID= -42|OWNERINDEX= 545|DATAFILECOUNT=1|DESCRIPTION=Radial Capacitor 1steps(2.54mm) 1.5mm x 4.5mm|MODELDATAFILEENTITY0=CAP_RAD_2.54_1.5x4.5|MODELDATAFILEKIND0=PCBLib|MODELNAME=CAP_RAD_2.54_1.5x4.5|MODELTYPE=PCBLIB|UNIQUEID=RPFFSPVS|
RECORD=46|LINENO= 550|OWNERPARTID= -42|OWNERINDEX= 549|
RECORD=48|LINENO= 551|OWNERPARTID= -42|OWNERINDEX= 549|
RECORD=45|LINENO= 552|OWNERPARTID= -42|OWNERINDEX= 545|DATAFILECOUNT=1|DESCRIPTION=Capacitor FootPrint 0402|ISCURRENT=T|MODELDATAFILEENTITY0=0402_CAP_NPOL|MODELDATAFILEKIND0=PCBLib|MODELNAME=0402_CAP_NPOL|MODELTYPE=PCBLIB|UNIQUEID=YGJJEMUU|
RECORD=46|LINENO= 553|OWNERPARTID= -42|OWNERINDEX= 552|
RECORD=48|LINENO= 554|OWNERPARTID= -42|OWNERINDEX= 552|
RECORD=45|LINENO= 555|OWNERPARTID= -42|OWNERINDEX= 545|DATAFILECOUNT=1|DESCRIPTION=Capacitor FootPrint 0603|MODELDATAFILEENTITY0=0603_CAP_NPOL|MODELDATAFILEKIND0=PCBLib|MODELNAME=0603_CAP_NPOL|MODELTYPE=PCBLIB|UNIQUEID=BGBJVAUO|
RECORD=46|LINENO= 556|OWNERPARTID= -42|OWNERINDEX= 555|
RECORD=48|LINENO= 557|OWNERPARTID= -42|OWNERINDEX= 555|
RECORD=45|LINENO= 558|OWNERPARTID= -42|OWNERINDEX= 545|DATAFILECOUNT=1|DESCRIPTION=Capacitor FootPrint 0805|MODELDATAFILEENTITY0=0805_CAP_NPOL|MODELDATAFILEKIND0=PCBLib|MODELNAME=0805_CAP_NPOL|MODELTYPE=PCBLIB|UNIQUEID=YBUMPNTB|
RECORD=46|LINENO= 559|OWNERPARTID= -42|OWNERINDEX= 558|
RECORD=48|LINENO= 560|OWNERPARTID= -42|OWNERINDEX= 558|
RECORD=45|LINENO= 561|OWNERPARTID= -42|OWNERINDEX= 545|DATAFILECOUNT=1|DESCRIPTION=Capacitor FootPrint 1206|MODELDATAFILEENTITY0=1206_CAP_NPOL|MODELDATAFILEKIND0=PCBLib|MODELNAME=1206_CAP_NPOL|MODELTYPE=PCBLIB|UNIQUEID=PSQLKHCY|
RECORD=46|LINENO= 562|OWNERPARTID= -42|OWNERINDEX= 561|
RECORD=48|LINENO= 563|OWNERPARTID= -42|OWNERINDEX= 561|
RECORD= 1|LINENO= 564|OWNERPARTID=   0|OWNERINDEX= -42|ALLPINCOUNT=2|AREACOLOR=11599871|COMPONENTDESCRIPTION=Capacitor_not polarized|CURRENTPARTID=1|DESIGNITEMID=CAP_NPOL|DISPLAYMODECOUNT=1|LIBREFERENCE=CAP_NPOL|LOCATION.X=790|LOCATION.Y=230|ORIENTATION=1|PARTCOUNT=2|PARTIDLOCKED=F|SOURCELIBRARYNAME=ST_Lib3D.SchLib|TARGETFILENAME=*|UNIQUEID=RNIEMSEH|
RECORD= 2|LINENO= 565|OWNERPARTID=   2|OWNERINDEX= 564|%UTF8%SWAPIDPART=Â¦&Â¦|DESIGNATOR=2|ELECTRICAL=4|FORMALTYPE=1|LOCATION.X=803|LOCATION.Y=240|NAME=2|PINCONGLOMERATE=32|PINLENGTH=7|SWAPIDPART=Ž&Ž|SWAPIDPIN=2|
RECORD=41|LINENO= 566|OWNERPARTID=   0|OWNERINDEX= 565|FONTID=1|ISHIDDEN=T|LOCATION.X=803|LOCATION.Y=240|NAME=PinUniqueId|TEXT=UTOPNUXJ|UNIQUEID=YDPXMLOU|
RECORD= 2|LINENO= 567|OWNERPARTID=   2|OWNERINDEX= 564|%UTF8%SWAPIDPART=Â¦&Â¦|DESIGNATOR=1|ELECTRICAL=4|FORMALTYPE=1|LOCATION.X=796|LOCATION.Y=240|NAME=1|PINCONGLOMERATE=34|PINLENGTH=6|SWAPIDPART=Ž&Ž|SWAPIDPIN=1|
RECORD=41|LINENO= 568|OWNERPARTID=   0|OWNERINDEX= 567|FONTID=1|ISHIDDEN=T|LOCATION.X=796|LOCATION.Y=240|NAME=PinUniqueId|TEXT=AOGQTNMX|UNIQUEID=YOFJBLAG|
RECORD= 6|LINENO= 569|OWNERPARTID=   2|OWNERINDEX= 564|LINEWIDTH=1|LOCATIONCOUNT=6|X1=796|X2=796|X3=798|X4=798|X5=796|X6=796|Y1=240|Y2=247|Y3=247|Y4=233|Y5=233|Y6=240|
RECORD= 6|LINENO= 570|OWNERPARTID=   2|OWNERINDEX= 564|LINEWIDTH=1|LOCATIONCOUNT=6|X1=801|X2=801|X3=803|X4=803|X5=801|X6=801|Y1=240|Y2=247|Y3=247|Y4=233|Y5=233|Y6=240|
RECORD= 6|LINENO= 571|OWNERPARTID=   2|OWNERINDEX= 564|LINEWIDTH=2|LOCATIONCOUNT=2|X1=797|X2=797|Y1=246|Y2=234|
RECORD= 6|LINENO= 572|OWNERPARTID=   2|OWNERINDEX= 564|LINEWIDTH=2|LOCATIONCOUNT=2|X1=802|X2=802|Y1=234|Y2=246|
RECORD=34|LINENO= 573|OWNERPARTID=   0|OWNERINDEX= 564|FONTID=1|LOCATION.X=794|LOCATION.Y=249|NAME=Designator|TEXT=C3|UNIQUEID=BIYENKJH|
RECORD=41|LINENO= 574|OWNERPARTID=   0|OWNERINDEX= 564|FONTID=1|LOCATION.X=794|LOCATION.Y=221|NAME=Comment|TEXT=100nF|UNIQUEID=PXMXJLSI|
RECORD=44|LINENO= 575|OWNERPARTID= -42|OWNERINDEX= 564|
RECORD=45|LINENO= 576|OWNERPARTID= -42|OWNERINDEX= 575|DATAFILECOUNT=1|DESCRIPTION=Radial Capacitor 2steps(5.08mm) 2.5mm x 7mm|MODELDATAFILEENTITY0=CAP_RAD_5.08_2.5x7|MODELDATAFILEKIND0=PCBLib|MODELNAME=CAP_RAD_5.08_2.5x7|MODELTYPE=PCBLIB|UNIQUEID=NFDSRBAQ|
RECORD=46|LINENO= 577|OWNERPARTID= -42|OWNERINDEX= 576|
RECORD=48|LINENO= 578|OWNERPARTID= -42|OWNERINDEX= 576|
RECORD=45|LINENO= 579|OWNERPARTID= -42|OWNERINDEX= 575|DATAFILECOUNT=1|DESCRIPTION=Radial Capacitor 1steps(2.54mm) 1.5mm x 4.5mm|MODELDATAFILEENTITY0=CAP_RAD_2.54_1.5x4.5|MODELDATAFILEKIND0=PCBLib|MODELNAME=CAP_RAD_2.54_1.5x4.5|MODELTYPE=PCBLIB|UNIQUEID=AUINUSBS|
RECORD=46|LINENO= 580|OWNERPARTID= -42|OWNERINDEX= 579|
RECORD=48|LINENO= 581|OWNERPARTID= -42|OWNERINDEX= 579|
RECORD=45|LINENO= 582|OWNERPARTID= -42|OWNERINDEX= 575|DATAFILECOUNT=1|DESCRIPTION=Capacitor FootPrint 0402|ISCURRENT=T|MODELDATAFILEENTITY0=0402_CAP_NPOL|MODELDATAFILEKIND0=PCBLib|MODELNAME=0402_CAP_NPOL|MODELTYPE=PCBLIB|UNIQUEID=VAJUVCYX|
RECORD=46|LINENO= 583|OWNERPARTID= -42|OWNERINDEX= 582|
RECORD=48|LINENO= 584|OWNERPARTID= -42|OWNERINDEX= 582|
RECORD=45|LINENO= 585|OWNERPARTID= -42|OWNERINDEX= 575|DATAFILECOUNT=1|DESCRIPTION=Capacitor FootPrint 0603|MODELDATAFILEENTITY0=0603_CAP_NPOL|MODELDATAFILEKIND0=PCBLib|MODELNAME=0603_CAP_NPOL|MODELTYPE=PCBLIB|UNIQUEID=HNIVFSSS|
RECORD=46|LINENO= 586|OWNERPARTID= -42|OWNERINDEX= 585|
RECORD=48|LINENO= 587|OWNERPARTID= -42|OWNERINDEX= 585|
RECORD=45|LINENO= 588|OWNERPARTID= -42|OWNERINDEX= 575|DATAFILECOUNT=1|DESCRIPTION=Capacitor FootPrint 0805|MODELDATAFILEENTITY0=0805_CAP_NPOL|MODELDATAFILEKIND0=PCBLib|MODELNAME=0805_CAP_NPOL|MODELTYPE=PCBLIB|UNIQUEID=JXOHWKRO|
RECORD=46|LINENO= 589|OWNERPARTID= -42|OWNERINDEX= 588|
RECORD=48|LINENO= 590|OWNERPARTID= -42|OWNERINDEX= 588|
RECORD=45|LINENO= 591|OWNERPARTID= -42|OWNERINDEX= 575|DATAFILECOUNT=1|DESCRIPTION=Capacitor FootPrint 1206|MODELDATAFILEENTITY0=1206_CAP_NPOL|MODELDATAFILEKIND0=PCBLib|MODELNAME=1206_CAP_NPOL|MODELTYPE=PCBLIB|UNIQUEID=SINPRXAB|
RECORD=46|LINENO= 592|OWNERPARTID= -42|OWNERINDEX= 591|
RECORD=48|LINENO= 593|OWNERPARTID= -42|OWNERINDEX= 591|
RECORD=17|LINENO= 594|OWNERPARTID=   0|OWNERINDEX= -42|FONTID=2|LOCATION.X=500|LOCATION.Y=100|ORIENTATION=3|SHOWNETNAME=T|STYLE=1|TEXT=GND|UNIQUEID=HKJMIIOM|
RECORD= 1|LINENO= 595|OWNERPARTID=   0|OWNERINDEX= -42|ALLPINCOUNT=2|AREACOLOR=11599871|COMPONENTDESCRIPTION=Capacitor_not polarized|CURRENTPARTID=1|DESIGNITEMID=CAP_NPOL|DISPLAYMODECOUNT=1|LIBREFERENCE=CAP_NPOL|LOCATION.X=490|LOCATION.Y=120|PARTCOUNT=2|PARTIDLOCKED=F|SOURCELIBRARYNAME=ST_Lib3D.SchLib|TARGETFILENAME=*|UNIQUEID=VKSUAJPD|
RECORD= 2|LINENO= 596|OWNERPARTID=   2|OWNERINDEX= 595|%UTF8%SWAPIDPART=Â¦&Â¦|DESIGNATOR=2|ELECTRICAL=4|FORMALTYPE=1|LOCATION.X=500|LOCATION.Y=107|NAME=2|PINCONGLOMERATE=35|PINLENGTH=7|SWAPIDPART=Ž&Ž|SWAPIDPIN=2|
RECORD=41|LINENO= 597|OWNERPARTID=   0|OWNERINDEX= 596|FONTID=1|ISHIDDEN=T|LOCATION.X=500|LOCATION.Y=107|NAME=PinUniqueId|TEXT=JAWQEGMT|UNIQUEID=BFOFDHPO|
RECORD= 2|LINENO= 598|OWNERPARTID=   2|OWNERINDEX= 595|%UTF8%SWAPIDPART=Â¦&Â¦|DESIGNATOR=1|ELECTRICAL=4|FORMALTYPE=1|LOCATION.X=500|LOCATION.Y=114|NAME=1|PINCONGLOMERATE=33|PINLENGTH=6|SWAPIDPART=Ž&Ž|SWAPIDPIN=1|
RECORD=41|LINENO= 599|OWNERPARTID=   0|OWNERINDEX= 598|FONTID=1|ISHIDDEN=T|LOCATION.X=500|LOCATION.Y=114|NAME=PinUniqueId|TEXT=GVIGYKDJ|UNIQUEID=JYJAMLSY|
RECORD= 6|LINENO= 600|OWNERPARTID=   2|OWNERINDEX= 595|LINEWIDTH=1|LOCATIONCOUNT=6|X1=500|X2=507|X3=507|X4=493|X5=493|X6=500|Y1=114|Y2=114|Y3=112|Y4=112|Y5=114|Y6=114|
RECORD= 6|LINENO= 601|OWNERPARTID=   2|OWNERINDEX= 595|LINEWIDTH=1|LOCATIONCOUNT=6|X1=500|X2=507|X3=507|X4=493|X5=493|X6=500|Y1=109|Y2=109|Y3=107|Y4=107|Y5=109|Y6=109|
RECORD= 6|LINENO= 602|OWNERPARTID=   2|OWNERINDEX= 595|LINEWIDTH=2|LOCATIONCOUNT=2|X1=506|X2=494|Y1=113|Y2=113|
RECORD= 6|LINENO= 603|OWNERPARTID=   2|OWNERINDEX= 595|LINEWIDTH=2|LOCATIONCOUNT=2|X1=494|X2=506|Y1=108|Y2=108|
RECORD=34|LINENO= 604|OWNERPARTID=   0|OWNERINDEX= 595|FONTID=1|LOCATION.X=509|LOCATION.Y=106|NAME=Designator|TEXT=C6|UNIQUEID=WIPCEUBN|
RECORD=41|LINENO= 605|OWNERPARTID=   0|OWNERINDEX= 595|FONTID=1|LOCATION.X=509|LOCATION.Y=96|NAME=Comment|TEXT=10pF|UNIQUEID=AAUAVAWA|
RECORD=44|LINENO= 606|OWNERPARTID= -42|OWNERINDEX= 595|
RECORD=45|LINENO= 607|OWNERPARTID= -42|OWNERINDEX= 606|DATAFILECOUNT=1|DESCRIPTION=Radial Capacitor 2steps(5.08mm) 2.5mm x 7mm|MODELDATAFILEENTITY0=CAP_RAD_5.08_2.5x7|MODELDATAFILEKIND0=PCBLib|MODELNAME=CAP_RAD_5.08_2.5x7|MODELTYPE=PCBLIB|UNIQUEID=JMOYDTAI|
RECORD=46|LINENO= 608|OWNERPARTID= -42|OWNERINDEX= 607|
RECORD=48|LINENO= 609|OWNERPARTID= -42|OWNERINDEX= 607|
RECORD=45|LINENO= 610|OWNERPARTID= -42|OWNERINDEX= 606|DATAFILECOUNT=1|DESCRIPTION=Radial Capacitor 1steps(2.54mm) 1.5mm x 4.5mm|MODELDATAFILEENTITY0=CAP_RAD_2.54_1.5x4.5|MODELDATAFILEKIND0=PCBLib|MODELNAME=CAP_RAD_2.54_1.5x4.5|MODELTYPE=PCBLIB|UNIQUEID=OMTYRACV|
RECORD=46|LINENO= 611|OWNERPARTID= -42|OWNERINDEX= 610|
RECORD=48|LINENO= 612|OWNERPARTID= -42|OWNERINDEX= 610|
RECORD=45|LINENO= 613|OWNERPARTID= -42|OWNERINDEX= 606|DATAFILECOUNT=1|DESCRIPTION=Capacitor FootPrint 0402|ISCURRENT=T|MODELDATAFILEENTITY0=0402_CAP_NPOL|MODELDATAFILEKIND0=PCBLib|MODELNAME=0402_CAP_NPOL|MODELTYPE=PCBLIB|UNIQUEID=NWFBVJBI|
RECORD=46|LINENO= 614|OWNERPARTID= -42|OWNERINDEX= 613|
RECORD=48|LINENO= 615|OWNERPARTID= -42|OWNERINDEX= 613|
RECORD=45|LINENO= 616|OWNERPARTID= -42|OWNERINDEX= 606|DATAFILECOUNT=1|DESCRIPTION=Capacitor FootPrint 0603|MODELDATAFILEENTITY0=0603_CAP_NPOL|MODELDATAFILEKIND0=PCBLib|MODELNAME=0603_CAP_NPOL|MODELTYPE=PCBLIB|UNIQUEID=TMMOPEKP|
RECORD=46|LINENO= 617|OWNERPARTID= -42|OWNERINDEX= 616|
RECORD=48|LINENO= 618|OWNERPARTID= -42|OWNERINDEX= 616|
RECORD=45|LINENO= 619|OWNERPARTID= -42|OWNERINDEX= 606|DATAFILECOUNT=1|DESCRIPTION=Capacitor FootPrint 0805|MODELDATAFILEENTITY0=0805_CAP_NPOL|MODELDATAFILEKIND0=PCBLib|MODELNAME=0805_CAP_NPOL|MODELTYPE=PCBLIB|UNIQUEID=JNVGTWON|
RECORD=46|LINENO= 620|OWNERPARTID= -42|OWNERINDEX= 619|
RECORD=48|LINENO= 621|OWNERPARTID= -42|OWNERINDEX= 619|
RECORD=45|LINENO= 622|OWNERPARTID= -42|OWNERINDEX= 606|DATAFILECOUNT=1|DESCRIPTION=Capacitor FootPrint 1206|MODELDATAFILEENTITY0=1206_CAP_NPOL|MODELDATAFILEKIND0=PCBLib|MODELNAME=1206_CAP_NPOL|MODELTYPE=PCBLIB|UNIQUEID=HARGOMRJ|
RECORD=46|LINENO= 623|OWNERPARTID= -42|OWNERINDEX= 622|
RECORD=48|LINENO= 624|OWNERPARTID= -42|OWNERINDEX= 622|
RECORD= 1|LINENO= 625|OWNERPARTID=   0|OWNERINDEX= -42|ALLPINCOUNT=2|AREACOLOR=11599871|COMPONENTDESCRIPTION=Crystal NDK 2.0x1.2mm  32.768 KHz|CURRENTPARTID=1|DESIGNITEMID=NX2012_32K768|DISPLAYMODECOUNT=1|LIBREFERENCE=NX2012_32K768|LOCATION.X=520|LOCATION.Y=130|PARTCOUNT=2|PARTIDLOCKED=F|SOURCELIBRARYNAME=Xtal.SchLib|TARGETFILENAME=*|UNIQUEID=UJJSJAGH|
RECORD=41|LINENO= 626|OWNERPARTID=   0|OWNERINDEX= 625|FONTID=1|ISHIDDEN=T|LOCATION.X=518|LOCATION.Y=138|NAME=Manufacturer|TEXT=NDK|UNIQUEID=QILFLGHX|
RECORD=41|LINENO= 627|OWNERPARTID=   0|OWNERINDEX= 625|FONTID=1|ISHIDDEN=T|LOCATION.X=518|LOCATION.Y=138|NAME=Manufacturer P/N|TEXT=NX2012SA 32.768KHz  EXS00A-MU00389|UNIQUEID=PFJKBVWO|
RECORD= 2|LINENO= 628|OWNERPARTID=   2|OWNERINDEX= 625|DESIGNATOR=1|ELECTRICAL=4|FORMALTYPE=1|LOCATION.X=540|LOCATION.Y=130|NAME=OSC1|PINCONGLOMERATE=34|PINLENGTH=10|SWAPIDPART=0|SWAPIDPIN=1|
RECORD=41|LINENO= 629|OWNERPARTID=   0|OWNERINDEX= 628|FONTID=1|ISHIDDEN=T|LOCATION.X=540|LOCATION.Y=130|NAME=PinUniqueId|TEXT=VOACGYSO|UNIQUEID=DNICWXUO|
RECORD= 2|LINENO= 630|OWNERPARTID=   2|OWNERINDEX= 625|DESIGNATOR=2|ELECTRICAL=4|FORMALTYPE=1|LOCATION.X=550|LOCATION.Y=130|NAME=OSC2|PINCONGLOMERATE=32|PINLENGTH=10|SWAPIDPART=0|SWAPIDPIN=2|
RECORD=41|LINENO= 631|OWNERPARTID=   0|OWNERINDEX= 630|FONTID=1|ISHIDDEN=T|LOCATION.X=550|LOCATION.Y=130|NAME=PinUniqueId|TEXT=WKXUHXII|UNIQUEID=WEDMABLI|
RECORD= 6|LINENO= 632|OWNERPARTID=   2|OWNERINDEX= 625|LINEWIDTH=1|LOCATIONCOUNT=2|X1=550|X2=550|Y1=134|Y2=126|
RECORD= 6|LINENO= 633|OWNERPARTID=   2|OWNERINDEX= 625|LINEWIDTH=1|LOCATIONCOUNT=2|X1=542|X2=548|Y1=137|Y2=137|
RECORD= 6|LINENO= 634|OWNERPARTID=   2|OWNERINDEX= 625|LINEWIDTH=1|LOCATIONCOUNT=2|X1=540|X2=540|Y1=134|Y2=126|
RECORD= 6|LINENO= 635|OWNERPARTID=   2|OWNERINDEX= 625|LINEWIDTH=1|LOCATIONCOUNT=4|X1=548|X2=548|X3=542|X4=542|Y1=137|Y2=123|Y3=123|Y4=137|
RECORD=41|LINENO= 636|OWNERPARTID=   0|OWNERINDEX= 625|%UTF8%TEXT=NX2012SA 32.768KHz Â EXS00A-MU00389  RÃ©fÃ©rence interne NDKÂ : X3037088|FONTID=1|ISHIDDEN=T|LOCATION.X=510|LOCATION.Y=100|NAME=Ref|TEXT=NX2012SA 32.768KHz  EXS00A-MU00389  Référence interne NDK : X3037088|UNIQUEID=JESAQYQP|
RECORD=34|LINENO= 637|OWNERPARTID=   0|OWNERINDEX= 625|FONTID=1|ISMIRRORED=T|LOCATION.X=540|LOCATION.Y=110|NAME=Designator|TEXT=X2|UNIQUEID=KXGOXCHH|
RECORD=41|LINENO= 638|OWNERPARTID=   0|OWNERINDEX= 625|FONTID=1|ISMIRRORED=T|LOCATION.X=510|LOCATION.Y=140|NAME=Comment|TEXT=NX2012_32K768|UNIQUEID=MLCSHWVP|
RECORD=44|LINENO= 639|OWNERPARTID= -42|OWNERINDEX= 625|
RECORD=45|LINENO= 640|OWNERPARTID= -42|OWNERINDEX= 639|DATAFILECOUNT=1|ISCURRENT=T|MODELDATAFILEENTITY0=NX2012_2P|MODELDATAFILEKIND0=PCBLib|MODELNAME=NX2012_2P|MODELTYPE=PCBLIB|UNIQUEID=LYGXDKSW|
RECORD=46|LINENO= 641|OWNERPARTID= -42|OWNERINDEX= 640|
RECORD=48|LINENO= 642|OWNERPARTID= -42|OWNERINDEX= 640|
RECORD=17|LINENO= 643|OWNERPARTID=   0|OWNERINDEX= -42|FONTID=2|LOCATION.X=500|LOCATION.Y=260|ORIENTATION=1|SHOWNETNAME=T|STYLE=1|TEXT=GND|UNIQUEID=MOXQMMKE|
RECORD= 1|LINENO= 644|OWNERPARTID=   0|OWNERINDEX= -42|ALLPINCOUNT=2|AREACOLOR=11599871|COMPONENTDESCRIPTION=Capacitor_not polarized|CURRENTPARTID=1|DESIGNITEMID=CAP_NPOL|DISPLAYMODECOUNT=1|LIBREFERENCE=CAP_NPOL|LOCATION.X=510|LOCATION.Y=240|ORIENTATION=2|PARTCOUNT=2|PARTIDLOCKED=F|SOURCELIBRARYNAME=ST_Lib3D.SchLib|TARGETFILENAME=*|UNIQUEID=RJGQIYQU|
RECORD= 2|LINENO= 645|OWNERPARTID=   2|OWNERINDEX= 644|%UTF8%SWAPIDPART=Â¦&Â¦|DESIGNATOR=2|ELECTRICAL=4|FORMALTYPE=1|LOCATION.X=500|LOCATION.Y=253|NAME=2|PINCONGLOMERATE=33|PINLENGTH=7|SWAPIDPART=Ž&Ž|SWAPIDPIN=2|
RECORD=41|LINENO= 646|OWNERPARTID=   0|OWNERINDEX= 645|FONTID=1|ISHIDDEN=T|LOCATION.X=500|LOCATION.Y=253|NAME=PinUniqueId|TEXT=WJSWRJFG|UNIQUEID=PODMAVNG|
RECORD= 2|LINENO= 647|OWNERPARTID=   2|OWNERINDEX= 644|%UTF8%SWAPIDPART=Â¦&Â¦|DESIGNATOR=1|ELECTRICAL=4|FORMALTYPE=1|LOCATION.X=500|LOCATION.Y=246|NAME=1|PINCONGLOMERATE=35|PINLENGTH=6|SWAPIDPART=Ž&Ž|SWAPIDPIN=1|
RECORD=41|LINENO= 648|OWNERPARTID=   0|OWNERINDEX= 647|FONTID=1|ISHIDDEN=T|LOCATION.X=500|LOCATION.Y=246|NAME=PinUniqueId|TEXT=HTAHLICJ|UNIQUEID=EGEFMFDC|
RECORD= 6|LINENO= 649|OWNERPARTID=   2|OWNERINDEX= 644|LINEWIDTH=1|LOCATIONCOUNT=6|X1=500|X2=493|X3=493|X4=507|X5=507|X6=500|Y1=246|Y2=246|Y3=248|Y4=248|Y5=246|Y6=246|
RECORD= 6|LINENO= 650|OWNERPARTID=   2|OWNERINDEX= 644|LINEWIDTH=1|LOCATIONCOUNT=6|X1=500|X2=493|X3=493|X4=507|X5=507|X6=500|Y1=251|Y2=251|Y3=253|Y4=253|Y5=251|Y6=251|
RECORD= 6|LINENO= 651|OWNERPARTID=   2|OWNERINDEX= 644|LINEWIDTH=2|LOCATIONCOUNT=2|X1=494|X2=506|Y1=247|Y2=247|
RECORD= 6|LINENO= 652|OWNERPARTID=   2|OWNERINDEX= 644|LINEWIDTH=2|LOCATIONCOUNT=2|X1=506|X2=494|Y1=252|Y2=252|
RECORD=41|LINENO= 653|OWNERPARTID=   0|OWNERINDEX= 644|FONTID=1|LOCATION.X=460|LOCATION.Y=254|NAME=Fitted|TEXT=Not Fitted|UNIQUEID=NYIGBQQE|
RECORD=34|LINENO= 654|OWNERPARTID=   0|OWNERINDEX= 644|FONTID=1|LOCATION.X=463|LOCATION.Y=245|NAME=Designator|TEXT=C4|UNIQUEID=GRVGUOLY|
RECORD=41|LINENO= 655|OWNERPARTID=   0|OWNERINDEX= 644|FONTID=1|ISHIDDEN=T|LOCATION.X=502|LOCATION.Y=254|NAME=Comment|TEXT=TBD|UNIQUEID=XXQHMYEG|
RECORD=44|LINENO= 656|OWNERPARTID= -42|OWNERINDEX= 644|
RECORD=45|LINENO= 657|OWNERPARTID= -42|OWNERINDEX= 656|DATAFILECOUNT=1|DESCRIPTION=Radial Capacitor 2steps(5.08mm) 2.5mm x 7mm|MODELDATAFILEENTITY0=CAP_RAD_5.08_2.5x7|MODELDATAFILEKIND0=PCBLib|MODELNAME=CAP_RAD_5.08_2.5x7|MODELTYPE=PCBLIB|UNIQUEID=GFGIJYLU|
RECORD=46|LINENO= 658|OWNERPARTID= -42|OWNERINDEX= 657|
RECORD=48|LINENO= 659|OWNERPARTID= -42|OWNERINDEX= 657|
RECORD=45|LINENO= 660|OWNERPARTID= -42|OWNERINDEX= 656|DATAFILECOUNT=1|DESCRIPTION=Radial Capacitor 1steps(2.54mm) 1.5mm x 4.5mm|MODELDATAFILEENTITY0=CAP_RAD_2.54_1.5x4.5|MODELDATAFILEKIND0=PCBLib|MODELNAME=CAP_RAD_2.54_1.5x4.5|MODELTYPE=PCBLIB|UNIQUEID=PASGQQMI|
RECORD=46|LINENO= 661|OWNERPARTID= -42|OWNERINDEX= 660|
RECORD=48|LINENO= 662|OWNERPARTID= -42|OWNERINDEX= 660|
RECORD=45|LINENO= 663|OWNERPARTID= -42|OWNERINDEX= 656|DATAFILECOUNT=1|DESCRIPTION=Capacitor FootPrint 0402|ISCURRENT=T|MODELDATAFILEENTITY0=0402_CAP_NPOL|MODELDATAFILEKIND0=PCBLib|MODELNAME=0402_CAP_NPOL|MODELTYPE=PCBLIB|UNIQUEID=EYSSSSBN|
RECORD=46|LINENO= 664|OWNERPARTID= -42|OWNERINDEX= 663|
RECORD=48|LINENO= 665|OWNERPARTID= -42|OWNERINDEX= 663|
RECORD=45|LINENO= 666|OWNERPARTID= -42|OWNERINDEX= 656|DATAFILECOUNT=1|DESCRIPTION=Capacitor FootPrint 0603|MODELDATAFILEENTITY0=0603_CAP_NPOL|MODELDATAFILEKIND0=PCBLib|MODELNAME=0603_CAP_NPOL|MODELTYPE=PCBLIB|UNIQUEID=VWULBQBJ|
RECORD=46|LINENO= 667|OWNERPARTID= -42|OWNERINDEX= 666|
RECORD=48|LINENO= 668|OWNERPARTID= -42|OWNERINDEX= 666|
RECORD=45|LINENO= 669|OWNERPARTID= -42|OWNERINDEX= 656|DATAFILECOUNT=1|DESCRIPTION=Capacitor FootPrint 0805|MODELDATAFILEENTITY0=0805_CAP_NPOL|MODELDATAFILEKIND0=PCBLib|MODELNAME=0805_CAP_NPOL|MODELTYPE=PCBLIB|UNIQUEID=LHMWRVRY|
RECORD=46|LINENO= 670|OWNERPARTID= -42|OWNERINDEX= 669|
RECORD=48|LINENO= 671|OWNERPARTID= -42|OWNERINDEX= 669|
RECORD=45|LINENO= 672|OWNERPARTID= -42|OWNERINDEX= 656|DATAFILECOUNT=1|DESCRIPTION=Capacitor FootPrint 1206|MODELDATAFILEENTITY0=1206_CAP_NPOL|MODELDATAFILEKIND0=PCBLib|MODELNAME=1206_CAP_NPOL|MODELTYPE=PCBLIB|UNIQUEID=PKBTUXOG|
RECORD=46|LINENO= 673|OWNERPARTID= -42|OWNERINDEX= 672|
RECORD=48|LINENO= 674|OWNERPARTID= -42|OWNERINDEX= 672|
RECORD=17|LINENO= 675|OWNERPARTID=   0|OWNERINDEX= -42|FONTID=2|LOCATION.X=580|LOCATION.Y=260|ORIENTATION=1|SHOWNETNAME=T|STYLE=1|TEXT=GND|UNIQUEID=EHRESVRB|
RECORD= 1|LINENO= 676|OWNERPARTID=   0|OWNERINDEX= -42|ALLPINCOUNT=2|AREACOLOR=11599871|COMPONENTDESCRIPTION=Capacitor_not polarized|CURRENTPARTID=1|DESIGNITEMID=CAP_NPOL|DISPLAYMODECOUNT=1|LIBREFERENCE=CAP_NPOL|LOCATION.X=590|LOCATION.Y=240|ORIENTATION=2|PARTCOUNT=2|PARTIDLOCKED=F|SOURCELIBRARYNAME=ST_Lib3D.SchLib|TARGETFILENAME=*|UNIQUEID=JAQVHAYO|
RECORD= 2|LINENO= 677|OWNERPARTID=   2|OWNERINDEX= 676|%UTF8%SWAPIDPART=Â¦&Â¦|DESIGNATOR=2|ELECTRICAL=4|FORMALTYPE=1|LOCATION.X=580|LOCATION.Y=253|NAME=2|PINCONGLOMERATE=33|PINLENGTH=7|SWAPIDPART=Ž&Ž|SWAPIDPIN=2|
RECORD=41|LINENO= 678|OWNERPARTID=   0|OWNERINDEX= 677|FONTID=1|ISHIDDEN=T|LOCATION.X=580|LOCATION.Y=253|NAME=PinUniqueId|TEXT=QXFMFMMX|UNIQUEID=IDNRDAXH|
RECORD= 2|LINENO= 679|OWNERPARTID=   2|OWNERINDEX= 676|%UTF8%SWAPIDPART=Â¦&Â¦|DESIGNATOR=1|ELECTRICAL=4|FORMALTYPE=1|LOCATION.X=580|LOCATION.Y=246|NAME=1|PINCONGLOMERATE=35|PINLENGTH=6|SWAPIDPART=Ž&Ž|SWAPIDPIN=1|
RECORD=41|LINENO= 680|OWNERPARTID=   0|OWNERINDEX= 679|FONTID=1|ISHIDDEN=T|LOCATION.X=580|LOCATION.Y=246|NAME=PinUniqueId|TEXT=MHTICDST|UNIQUEID=NQWEUVLD|
RECORD= 6|LINENO= 681|OWNERPARTID=   2|OWNERINDEX= 676|LINEWIDTH=1|LOCATIONCOUNT=6|X1=580|X2=573|X3=573|X4=587|X5=587|X6=580|Y1=246|Y2=246|Y3=248|Y4=248|Y5=246|Y6=246|
RECORD= 6|LINENO= 682|OWNERPARTID=   2|OWNERINDEX= 676|LINEWIDTH=1|LOCATIONCOUNT=6|X1=580|X2=573|X3=573|X4=587|X5=587|X6=580|Y1=251|Y2=251|Y3=253|Y4=253|Y5=251|Y6=251|
RECORD= 6|LINENO= 683|OWNERPARTID=   2|OWNERINDEX= 676|LINEWIDTH=2|LOCATIONCOUNT=2|X1=574|X2=586|Y1=247|Y2=247|
RECORD= 6|LINENO= 684|OWNERPARTID=   2|OWNERINDEX= 676|LINEWIDTH=2|LOCATIONCOUNT=2|X1=586|X2=574|Y1=252|Y2=252|
RECORD=41|LINENO= 685|OWNERPARTID=   0|OWNERINDEX= 676|FONTID=1|LOCATION.X=588|LOCATION.Y=254|NAME=Fitted|TEXT=Not Fitted|UNIQUEID=UDCCPEBF|
RECORD=34|LINENO= 686|OWNERPARTID=   0|OWNERINDEX= 676|FONTID=1|LOCATION.X=589|LOCATION.Y=245|NAME=Designator|TEXT=C5|UNIQUEID=PMEBCMAJ|
RECORD=41|LINENO= 687|OWNERPARTID=   0|OWNERINDEX= 676|FONTID=1|ISHIDDEN=T|LOCATION.X=582|LOCATION.Y=254|NAME=Comment|TEXT=TBD|UNIQUEID=AWCUPLMO|
RECORD=44|LINENO= 688|OWNERPARTID= -42|OWNERINDEX= 676|
RECORD=45|LINENO= 689|OWNERPARTID= -42|OWNERINDEX= 688|DATAFILECOUNT=1|DESCRIPTION=Radial Capacitor 2steps(5.08mm) 2.5mm x 7mm|MODELDATAFILEENTITY0=CAP_RAD_5.08_2.5x7|MODELDATAFILEKIND0=PCBLib|MODELNAME=CAP_RAD_5.08_2.5x7|MODELTYPE=PCBLIB|UNIQUEID=BCOXGYLY|
RECORD=46|LINENO= 690|OWNERPARTID= -42|OWNERINDEX= 689|
RECORD=48|LINENO= 691|OWNERPARTID= -42|OWNERINDEX= 689|
RECORD=45|LINENO= 692|OWNERPARTID= -42|OWNERINDEX= 688|DATAFILECOUNT=1|DESCRIPTION=Radial Capacitor 1steps(2.54mm) 1.5mm x 4.5mm|MODELDATAFILEENTITY0=CAP_RAD_2.54_1.5x4.5|MODELDATAFILEKIND0=PCBLib|MODELNAME=CAP_RAD_2.54_1.5x4.5|MODELTYPE=PCBLIB|UNIQUEID=RKBIRYQI|
RECORD=46|LINENO= 693|OWNERPARTID= -42|OWNERINDEX= 692|
RECORD=48|LINENO= 694|OWNERPARTID= -42|OWNERINDEX= 692|
RECORD=45|LINENO= 695|OWNERPARTID= -42|OWNERINDEX= 688|DATAFILECOUNT=1|DESCRIPTION=Capacitor FootPrint 0402|ISCURRENT=T|MODELDATAFILEENTITY0=0402_CAP_NPOL|MODELDATAFILEKIND0=PCBLib|MODELNAME=0402_CAP_NPOL|MODELTYPE=PCBLIB|UNIQUEID=TSOMOLLM|
RECORD=46|LINENO= 696|OWNERPARTID= -42|OWNERINDEX= 695|
RECORD=48|LINENO= 697|OWNERPARTID= -42|OWNERINDEX= 695|
RECORD=45|LINENO= 698|OWNERPARTID= -42|OWNERINDEX= 688|DATAFILECOUNT=1|DESCRIPTION=Capacitor FootPrint 0603|MODELDATAFILEENTITY0=0603_CAP_NPOL|MODELDATAFILEKIND0=PCBLib|MODELNAME=0603_CAP_NPOL|MODELTYPE=PCBLIB|UNIQUEID=RELKBVVW|
RECORD=46|LINENO= 699|OWNERPARTID= -42|OWNERINDEX= 698|
RECORD=48|LINENO= 700|OWNERPARTID= -42|OWNERINDEX= 698|
RECORD=45|LINENO= 701|OWNERPARTID= -42|OWNERINDEX= 688|DATAFILECOUNT=1|DESCRIPTION=Capacitor FootPrint 0805|MODELDATAFILEENTITY0=0805_CAP_NPOL|MODELDATAFILEKIND0=PCBLib|MODELNAME=0805_CAP_NPOL|MODELTYPE=PCBLIB|UNIQUEID=OFJWLNFJ|
RECORD=46|LINENO= 702|OWNERPARTID= -42|OWNERINDEX= 701|
RECORD=48|LINENO= 703|OWNERPARTID= -42|OWNERINDEX= 701|
RECORD=45|LINENO= 704|OWNERPARTID= -42|OWNERINDEX= 688|DATAFILECOUNT=1|DESCRIPTION=Capacitor FootPrint 1206|MODELDATAFILEENTITY0=1206_CAP_NPOL|MODELDATAFILEKIND0=PCBLib|MODELNAME=1206_CAP_NPOL|MODELTYPE=PCBLIB|UNIQUEID=ODTPLOJT|
RECORD=46|LINENO= 705|OWNERPARTID= -42|OWNERINDEX= 704|
RECORD=48|LINENO= 706|OWNERPARTID= -42|OWNERINDEX= 704|
RECORD= 1|LINENO= 707|OWNERPARTID=   0|OWNERINDEX= -42|ALLPINCOUNT=4|AREACOLOR=11599871|COMPONENTDESCRIPTION=Crystal NDK 2.0x1.6mm  32 MHz|CURRENTPARTID=1|DESIGNITEMID=NX2016_32M|DISPLAYMODECOUNT=1|LIBREFERENCE=NX2016_32M|LOCATION.X=570|LOCATION.Y=230|ORIENTATION=2|PARTCOUNT=2|PARTIDLOCKED=F|SOURCELIBRARYNAME=Xtal.SchLib|TARGETFILENAME=*|UNIQUEID=TRWNWAMP|
RECORD=41|LINENO= 708|OWNERPARTID=   0|OWNERINDEX= 707|FONTID=1|ISHIDDEN=T|LOCATION.X=528|LOCATION.Y=252|NAME=Manufacturer|TEXT=NDK|UNIQUEID=ISOIAISH|
RECORD=41|LINENO= 709|OWNERPARTID=   0|OWNERINDEX= 707|FONTID=1|ISHIDDEN=T|LOCATION.X=528|LOCATION.Y=252|NAME=Manufacturer P/N|TEXT=NX2016SA 32 MHz EXS00A-CS06654|UNIQUEID=VGWXKEEX|
RECORD= 2|LINENO= 710|OWNERPARTID=   2|OWNERINDEX= 707|DESIGNATOR=1|ELECTRICAL=4|FORMALTYPE=1|LOCATION.X=550|LOCATION.Y=230|NAME=OSC1|PINCONGLOMERATE=32|PINLENGTH=10|SWAPIDPIN=1|
RECORD=41|LINENO= 711|OWNERPARTID=   0|OWNERINDEX= 710|FONTID=1|ISHIDDEN=T|LOCATION.X=550|LOCATION.Y=230|NAME=PinUniqueId|TEXT=CJYCJYQN|UNIQUEID=VSHVLWCK|
RECORD= 2|LINENO= 712|OWNERPARTID=   2|OWNERINDEX= 707|DESIGNATOR=3|ELECTRICAL=4|FORMALTYPE=1|LOCATION.X=540|LOCATION.Y=230|NAME=OSC2|PINCONGLOMERATE=34|PINLENGTH=10|SWAPIDPIN=2|
RECORD=41|LINENO= 713|OWNERPARTID=   0|OWNERINDEX= 712|FONTID=1|ISHIDDEN=T|LOCATION.X=540|LOCATION.Y=230|NAME=PinUniqueId|TEXT=GIWHJPUO|UNIQUEID=CQIQFDWE|
RECORD= 6|LINENO= 714|OWNERPARTID=   2|OWNERINDEX= 707|LINEWIDTH=1|LOCATIONCOUNT=2|X1=540|X2=540|Y1=226|Y2=234|
RECORD= 6|LINENO= 715|OWNERPARTID=   2|OWNERINDEX= 707|LINEWIDTH=1|LOCATIONCOUNT=2|X1=548|X2=542|Y1=223|Y2=223|
RECORD= 6|LINENO= 716|OWNERPARTID=   2|OWNERINDEX= 707|LINEWIDTH=1|LOCATIONCOUNT=2|X1=550|X2=550|Y1=226|Y2=234|
RECORD= 6|LINENO= 717|OWNERPARTID=   2|OWNERINDEX= 707|LINEWIDTH=1|LOCATIONCOUNT=4|X1=542|X2=542|X3=548|X4=548|Y1=223|Y2=237|Y3=237|Y4=223|
RECORD= 2|LINENO= 718|OWNERPARTID=   2|OWNERINDEX= 707|DESIGNATOR=4|ELECTRICAL=4|FORMALTYPE=1|LOCATION.X=540|LOCATION.Y=240|NAME=4|PINCONGLOMERATE=33|PINLENGTH=10|
RECORD=41|LINENO= 719|OWNERPARTID=   0|OWNERINDEX= 718|FONTID=1|ISHIDDEN=T|LOCATION.X=540|LOCATION.Y=240|NAME=PinUniqueId|TEXT=HQFTUXIG|UNIQUEID=URGTLTRY|
RECORD= 2|LINENO= 720|OWNERPARTID=   2|OWNERINDEX= 707|DESIGNATOR=2|ELECTRICAL=4|FORMALTYPE=1|LOCATION.X=540|LOCATION.Y=240|NAME=2|PINCONGLOMERATE=33|PINLENGTH=10|
RECORD=41|LINENO= 721|OWNERPARTID=   0|OWNERINDEX= 720|FONTID=1|ISHIDDEN=T|LOCATION.X=540|LOCATION.Y=240|NAME=PinUniqueId|TEXT=JEFONUDQ|UNIQUEID=KLEWXJRJ|
RECORD= 6|LINENO= 722|OWNERPARTID=   2|OWNERINDEX= 707|LINEWIDTH=1|LOCATIONCOUNT=3|X1=540|X2=550|X3=550|Y1=240|Y2=240|Y3=239|
RECORD= 6|LINENO= 723|OWNERPARTID=   2|OWNERINDEX= 707|LINEWIDTH=1|LOCATIONCOUNT=2|X1=540|X2=540|Y1=240|Y2=239|
RECORD=41|LINENO= 724|OWNERPARTID=   0|OWNERINDEX= 707|%UTF8%TEXT=NX2016SA 32MHz  EXS00A-CS06654  RÃ©fÃ©rence interne NDK : X5087283|FONTID=1|ISHIDDEN=T|LOCATION.X=519|LOCATION.Y=202|NAME=Ref|TEXT=NX2016SA 32MHz  EXS00A-CS06654  Référence interne NDK : X5087283|UNIQUEID=YCBWYXHG|
RECORD=34|LINENO= 725|OWNERPARTID=   0|OWNERINDEX= 707|FONTID=1|ISMIRRORED=T|LOCATION.X=527|LOCATION.Y=220|NAME=Designator|TEXT=X1|UNIQUEID=YOFTNBGC|
RECORD=41|LINENO= 726|OWNERPARTID=   0|OWNERINDEX= 707|FONTID=1|ISMIRRORED=T|LOCATION.X=519|LOCATION.Y=212|NAME=Comment|TEXT=NX2016_32M|UNIQUEID=IDCPCABP|
RECORD=44|LINENO= 727|OWNERPARTID= -42|OWNERINDEX= 707|
RECORD=45|LINENO= 728|OWNERPARTID= -42|OWNERINDEX= 727|DATAFILECOUNT=1|ISCURRENT=T|MODELDATAFILEENTITY0=NX2016_4P|MODELDATAFILEKIND0=PCBLib|MODELNAME=NX2016_4P|MODELTYPE=PCBLIB|UNIQUEID=GYADAAQU|
RECORD=46|LINENO= 729|OWNERPARTID= -42|OWNERINDEX= 728|
RECORD=48|LINENO= 730|OWNERPARTID= -42|OWNERINDEX= 728|
RECORD=18|LINENO= 731|OWNERPARTID=   0|OWNERINDEX= -42|ALIGNMENT=1|AREACOLOR=8454143|FONTID=1|HEIGHT=10|LOCATION.X=1000|LOCATION.Y=190|NAME=BOOT0|TEXTCOLOR=128|UNIQUEID=LBLQKJSP|WIDTH=60|
RECORD=17|LINENO= 732|OWNERPARTID=   0|OWNERINDEX= -42|FONTID=2|LOCATION.X=980|LOCATION.Y=150|ORIENTATION=3|SHOWNETNAME=T|STYLE=1|TEXT=GND|UNIQUEID=GVHBBJXP|
RECORD= 1|LINENO= 733|OWNERPARTID=   0|OWNERINDEX= -42|ALLPINCOUNT=2|AREACOLOR=11599871|COMPONENTDESCRIPTION=Resistor|CURRENTPARTID=1|DESIGNITEMID=RES|DISPLAYMODECOUNT=1|LIBREFERENCE=RES|LOCATION.X=990|LOCATION.Y=180|ORIENTATION=3|PARTCOUNT=2|PARTIDLOCKED=F|SOURCELIBRARYNAME=Lib3D_Altium10_Schlib.SchLib|TARGETFILENAME=*|UNIQUEID=CKEDYEWN|
RECORD= 2|LINENO= 734|OWNERPARTID=   2|OWNERINDEX= 733|%UTF8%SWAPIDPART=Â¦&Â¦|DESIGNATOR=1|ELECTRICAL=4|FORMALTYPE=1|LOCATION.X=980|LOCATION.Y=180|NAME=1|PINCONGLOMERATE=33|PINLENGTH=10|SWAPIDPART=Ž&Ž|SWAPIDPIN=1|
RECORD=41|LINENO= 735|OWNERPARTID=   0|OWNERINDEX= 734|FONTID=1|ISHIDDEN=T|LOCATION.X=980|LOCATION.Y=180|NAME=PinUniqueId|TEXT=DJOLFOBU|UNIQUEID=NHIOCTCS|
RECORD= 2|LINENO= 736|OWNERPARTID=   2|OWNERINDEX= 733|%UTF8%SWAPIDPART=Â¦&Â¦|DESIGNATOR=2|ELECTRICAL=4|FORMALTYPE=1|LOCATION.X=980|LOCATION.Y=160|NAME=2|PINCONGLOMERATE=35|PINLENGTH=10|SWAPIDPART=Ž&Ž|SWAPIDPIN=2|
RECORD=41|LINENO= 737|OWNERPARTID=   0|OWNERINDEX= 736|FONTID=1|ISHIDDEN=T|LOCATION.X=980|LOCATION.Y=160|NAME=PinUniqueId|TEXT=ROBQAPLF|UNIQUEID=XHNUJPRG|
RECORD=13|LINENO= 738|OWNERPARTID=   2|OWNERINDEX= 733|CORNER.X=975|CORNER.Y=160|LINEWIDTH=1|LOCATION.X=985|LOCATION.Y=160|
RECORD=13|LINENO= 739|OWNERPARTID=   2|OWNERINDEX= 733|CORNER.X=975|CORNER.Y=180|LINEWIDTH=1|LOCATION.X=985|LOCATION.Y=180|
RECORD=13|LINENO= 740|OWNERPARTID=   2|OWNERINDEX= 733|CORNER.X=975|CORNER.Y=160|LINEWIDTH=1|LOCATION.X=975|LOCATION.Y=180|
RECORD=13|LINENO= 741|OWNERPARTID=   2|OWNERINDEX= 733|CORNER.X=985|CORNER.Y=160|LINEWIDTH=1|LOCATION.X=985|LOCATION.Y=180|
RECORD=34|LINENO= 742|OWNERPARTID=   0|OWNERINDEX= 733|FONTID=1|LOCATION.X=986|LOCATION.Y=171|NAME=Designator|TEXT=R6|UNIQUEID=OUIPHJNF|
RECORD=41|LINENO= 743|OWNERPARTID=   0|OWNERINDEX= 733|FONTID=1|LOCATION.X=986|LOCATION.Y=161|NAME=Comment|TEXT=10K|UNIQUEID=EMNMYQIB|
RECORD=44|LINENO= 744|OWNERPARTID= -42|OWNERINDEX= 733|
RECORD=45|LINENO= 745|OWNERPARTID= -42|OWNERINDEX= 744|DATAFILECOUNT=1|DESCRIPTION=Resistor Footprint 0603|MODELDATAFILEENTITY0=0603_RES|MODELDATAFILEKIND0=PCBLib|MODELNAME=0603_RES|MODELTYPE=PCBLIB|UNIQUEID=WOYJDOCW|
RECORD=46|LINENO= 746|OWNERPARTID= -42|OWNERINDEX= 745|
RECORD=48|LINENO= 747|OWNERPARTID= -42|OWNERINDEX= 745|
RECORD=45|LINENO= 748|OWNERPARTID= -42|OWNERINDEX= 744|DATAFILECOUNT=1|DESCRIPTION=Resistor FootPrint 0402|ISCURRENT=T|MODELDATAFILEENTITY0=0402_RES|MODELDATAFILEKIND0=PCBLib|MODELNAME=0402_RES|MODELTYPE=PCBLIB|UNIQUEID=BJJJTSCM|
RECORD=46|LINENO= 749|OWNERPARTID= -42|OWNERINDEX= 748|
RECORD=48|LINENO= 750|OWNERPARTID= -42|OWNERINDEX= 748|
RECORD=17|LINENO= 751|OWNERPARTID=   0|OWNERINDEX= -42|FONTID=1|LOCATION.X=890|LOCATION.Y=210|SHOWNETNAME=T|STYLE=2|TEXT=VDD_MCU|UNIQUEID=JODXIUOD|
RECORD= 4|LINENO= 752|OWNERPARTID=   0|OWNERINDEX= -42|FONTID=3|LOCATION.X=980|LOCATION.Y=100|ORIENTATION=2|TEXT=Production Test Pins|
RECORD= 4|LINENO= 753|OWNERPARTID=   0|OWNERINDEX= -42|FONTID=3|LOCATION.X=944|LOCATION.Y=107|ORIENTATION=2|TEXT=Reserved|
RECORD= 6|LINENO= 754|OWNERPARTID=   0|OWNERINDEX= -42|ENDLINESHAPE=2|LINEWIDTH=1|LOCATIONCOUNT=2|X1=910|X2=890|Y1=100|Y2=120|
RECORD= 4|LINENO= 755|OWNERPARTID=   0|OWNERINDEX= -42|FONTID=5|LOCATION.X=510|LOCATION.Y=680|TEXT=A2|
RECORD= 4|LINENO= 756|OWNERPARTID=   0|OWNERINDEX= -42|FONTID=5|LOCATION.X=510|LOCATION.Y=630|TEXT=D12|
RECORD= 4|LINENO= 757|OWNERPARTID=   0|OWNERINDEX= -42|FONTID=5|LOCATION.X=510|LOCATION.Y=620|TEXT=D11|
RECORD= 4|LINENO= 758|OWNERPARTID=   0|OWNERINDEX= -42|FONTID=5|LOCATION.X=510|LOCATION.Y=640|TEXT=D13|
RECORD= 4|LINENO= 759|OWNERPARTID=   0|OWNERINDEX= -42|FONTID=5|ISMIRRORED=T|JUSTIFICATION=2|LOCATION.X=830|LOCATION.Y=630|TEXT=D2|
RECORD= 4|LINENO= 760|OWNERPARTID=   0|OWNERINDEX= -42|FONTID=5|ISMIRRORED=T|JUSTIFICATION=2|LOCATION.X=830|LOCATION.Y=560|TEXT=D7|
RECORD= 4|LINENO= 761|OWNERPARTID=   0|OWNERINDEX= -42|FONTID=5|ISMIRRORED=T|JUSTIFICATION=2|LOCATION.X=830|LOCATION.Y=570|TEXT=D8|
RECORD= 4|LINENO= 762|OWNERPARTID=   0|OWNERINDEX= -42|FONTID=5|LOCATION.X=820|LOCATION.Y=660|TEXT=A4|
RECORD= 4|LINENO= 763|OWNERPARTID=   0|OWNERINDEX= -42|FONTID=5|LOCATION.X=820|LOCATION.Y=670|TEXT=A5|
RECORD= 4|LINENO= 764|OWNERPARTID=   0|OWNERINDEX= -42|FONTID=5|ISMIRRORED=T|JUSTIFICATION=2|LOCATION.X=520|LOCATION.Y=600|TEXT=D9|
RECORD= 4|LINENO= 765|OWNERPARTID=   0|OWNERINDEX= -42|FONTID=5|LOCATION.X=510|LOCATION.Y=660|TEXT=D0|
RECORD= 4|LINENO= 766|OWNERPARTID=   0|OWNERINDEX= -42|FONTID=5|LOCATION.X=510|LOCATION.Y=670|TEXT=D1|
RECORD= 4|LINENO= 767|OWNERPARTID=   0|OWNERINDEX= -42|FONTID=5|LOCATION.X=820|LOCATION.Y=690|TEXT=A0|
RECORD= 4|LINENO= 768|OWNERPARTID=   0|OWNERINDEX= -42|FONTID=5|LOCATION.X=820|LOCATION.Y=680|TEXT=A1|
RECORD= 4|LINENO= 769|OWNERPARTID=   0|OWNERINDEX= -42|FONTID=5|LOCATION.X=510|LOCATION.Y=430|TEXT=D14|
RECORD= 4|LINENO= 770|OWNERPARTID=   0|OWNERINDEX= -42|FONTID=5|LOCATION.X=510|LOCATION.Y=440|TEXT=D15|
RECORD= 4|LINENO= 771|OWNERPARTID=   0|OWNERINDEX= -42|FONTID=5|ISMIRRORED=T|JUSTIFICATION=2|LOCATION.X=830|LOCATION.Y=590|TEXT=D4|
RECORD= 4|LINENO= 772|OWNERPARTID=   0|OWNERINDEX= -42|FONTID=5|ISMIRRORED=T|JUSTIFICATION=2|LOCATION.X=520|LOCATION.Y=590|TEXT=D3|
RECORD= 4|LINENO= 773|OWNERPARTID=   0|OWNERINDEX= -42|FONTID=5|ISMIRRORED=T|JUSTIFICATION=2|LOCATION.X=520|LOCATION.Y=540|TEXT=D5|
RECORD= 4|LINENO= 774|OWNERPARTID=   0|OWNERINDEX= -42|FONTID=5|ISMIRRORED=T|JUSTIFICATION=2|LOCATION.X=520|LOCATION.Y=610|TEXT=D6|
RECORD= 4|LINENO= 775|OWNERPARTID=   0|OWNERINDEX= -42|FONTID=5|ISMIRRORED=T|JUSTIFICATION=2|LOCATION.X=530|LOCATION.Y=490|TEXT=SWO|
RECORD=18|LINENO= 776|OWNERPARTID=   0|OWNERINDEX= -42|ALIGNMENT=1|AREACOLOR=8454143|FONTID=1|HEIGHT=10|LOCATION.X=340|LOCATION.Y=210|NAME=OSC_IN|TEXTCOLOR=128|UNIQUEID=KFEECOKC|WIDTH=60|
RECORD=18|LINENO= 777|OWNERPARTID=   0|OWNERINDEX= -42|ALIGNMENT=1|AREACOLOR=8454143|FONTID=1|HEIGHT=10|LOCATION.X=340|LOCATION.Y=200|NAME=OSC_OUT|TEXTCOLOR=128|UNIQUEID=IOSDPFJD|WIDTH=60|
RECORD=18|LINENO= 778|OWNERPARTID=   0|OWNERINDEX= -42|ALIGNMENT=1|AREACOLOR=8454143|FONTID=1|HEIGHT=10|LOCATION.X=340|LOCATION.Y=170|NAME=PC14|TEXTCOLOR=128|UNIQUEID=BFDXGLLL|WIDTH=60|
RECORD=18|LINENO= 779|OWNERPARTID=   0|OWNERINDEX= -42|ALIGNMENT=1|AREACOLOR=8454143|FONTID=1|HEIGHT=10|LOCATION.X=340|LOCATION.Y=160|NAME=PC15|TEXTCOLOR=128|UNIQUEID=NPBLIHSQ|WIDTH=60|
RECORD= 4|LINENO= 780|OWNERPARTID=   0|OWNERINDEX= -42|FONTID=5|LOCATION.X=510|LOCATION.Y=690|TEXT=A3|
RECORD= 4|LINENO= 781|OWNERPARTID=   0|OWNERINDEX= -42|FONTID=5|LOCATION.X=510|LOCATION.Y=650|TEXT=D10A|
RECORD= 4|LINENO= 782|OWNERPARTID=   0|OWNERINDEX= -42|FONTID=5|LOCATION.X=510|LOCATION.Y=420|TEXT=D10B|
RECORD=18|LINENO= 783|OWNERPARTID=   0|OWNERINDEX= -42|ALIGNMENT=1|AREACOLOR=8454143|FONTID=1|HEIGHT=10|LOCATION.X=100|LOCATION.Y=340|NAME=PB5|TEXTCOLOR=128|UNIQUEID=DWRESWQD|WIDTH=40|
RECORD=18|LINENO= 784|OWNERPARTID=   0|OWNERINDEX= -42|ALIGNMENT=1|AREACOLOR=8454143|FONTID=1|HEIGHT=10|LOCATION.X=320|LOCATION.Y=480|NAME=PB1|TEXTCOLOR=128|UNIQUEID=GLFPNSNX|WIDTH=40|
RECORD=18|LINENO= 785|OWNERPARTID=   0|OWNERINDEX= -42|ALIGNMENT=1|AREACOLOR=8454143|FONTID=1|HEIGHT=10|LOCATION.X=300|LOCATION.Y=490|NAME=PB0|TEXTCOLOR=128|UNIQUEID=CFKCHGXV|WIDTH=40|
RECORD=18|LINENO= 786|OWNERPARTID=   0|OWNERINDEX= -42|ALIGNMENT=1|AREACOLOR=8454143|FONTID=1|HEIGHT=10|LOCATION.X=100|LOCATION.Y=240|NAME=PB1|TEXTCOLOR=128|UNIQUEID=DWDOOKSA|WIDTH=40|
RECORD=18|LINENO= 787|OWNERPARTID=   0|OWNERINDEX= -42|ALIGNMENT=1|AREACOLOR=8454143|FONTID=1|HEIGHT=10|LOCATION.X=100|LOCATION.Y=290|NAME=PB0|TEXTCOLOR=128|UNIQUEID=DHFRFYPK|WIDTH=40|
RECORD=18|LINENO= 788|OWNERPARTID=   0|OWNERINDEX= -42|ALIGNMENT=1|AREACOLOR=8454143|FONTID=1|HEIGHT=10|LOCATION.X=260|LOCATION.Y=180|NAME=PC4|TEXTCOLOR=128|UNIQUEID=EOHQQESC|WIDTH=40|
RECORD=18|LINENO= 789|OWNERPARTID=   0|OWNERINDEX= -42|ALIGNMENT=1|AREACOLOR=8454143|FONTID=1|HEIGHT=10|LOCATION.X=220|LOCATION.Y=120|NAME=PD0|TEXTCOLOR=128|UNIQUEID=LYUJKXCL|WIDTH=40|
RECORD=18|LINENO= 790|OWNERPARTID=   0|OWNERINDEX= -42|ALIGNMENT=1|AREACOLOR=8454143|FONTID=1|HEIGHT=10|LOCATION.X=220|LOCATION.Y=80|NAME=PD1|TEXTCOLOR=128|UNIQUEID=YHCRFBDE|WIDTH=40|
RECORD= 1|LINENO= 791|OWNERPARTID=   0|OWNERINDEX= -42|ALLPINCOUNT=2|AREACOLOR=11599871|COMPONENTDESCRIPTION=Solder Jumper|CURRENTPARTID=1|DESIGNITEMID=Strap2|DISPLAYMODECOUNT=1|LIBREFERENCE=Strap2|LOCATION.X=410|LOCATION.Y=220|NOTUSEDBTABLENAME=T|PARTCOUNT=2|PARTIDLOCKED=F|SOURCELIBRARYNAME=Passive.SchLib|TARGETFILENAME=*|UNIQUEID=ODGHMKUD|
RECORD=41|LINENO= 792|OWNERPARTID=   0|OWNERINDEX= 791|FONTID=1|ISHIDDEN=T|LOCATION.X=388|LOCATION.Y=215|NAME=Published|TEXT=24-Mar-1999|UNIQUEID=NVWIDRIN|
RECORD=41|LINENO= 793|OWNERPARTID=   0|OWNERINDEX= 791|FONTID=1|ISHIDDEN=T|LOCATION.X=388|LOCATION.Y=215|NAME=Revision|TEXT=July-2002: Re-released for DXP Platform.|UNIQUEID=SIBYAYCJ|
RECORD=41|LINENO= 794|OWNERPARTID=   0|OWNERINDEX= 791|FONTID=1|ISHIDDEN=T|LOCATION.X=388|LOCATION.Y=215|NAME=Publisher|TEXT=Altium Limited|UNIQUEID=HNVUVPKB|
RECORD=41|LINENO= 795|OWNERPARTID=   0|OWNERINDEX= 791|FONTID=1|ISHIDDEN=T|LOCATION.X=388|LOCATION.Y=197|NAME=Solder|TEXT=YES|UNIQUEID=BWAAAXXP|
RECORD= 2|LINENO= 796|OWNERPARTID=   2|OWNERINDEX= 791|DESIGNATOR=2|ELECTRICAL=4|FORMALTYPE=1|LOCATION.X=410|LOCATION.Y=210|NAME=2|PINCONGLOMERATE=34|PINLENGTH=10|
RECORD=41|LINENO= 797|OWNERPARTID=   0|OWNERINDEX= 796|FONTID=1|ISHIDDEN=T|LOCATION.X=410|LOCATION.Y=210|NAME=PinUniqueId|TEXT=DPHHJYGA|UNIQUEID=ICMILEKM|
RECORD= 2|LINENO= 798|OWNERPARTID=   2|OWNERINDEX= 791|DESIGNATOR=1|ELECTRICAL=4|FORMALTYPE=1|LOCATION.X=430|LOCATION.Y=210|NAME=1|PINCONGLOMERATE=32|PINLENGTH=10|
RECORD=41|LINENO= 799|OWNERPARTID=   0|OWNERINDEX= 798|FONTID=1|ISHIDDEN=T|LOCATION.X=430|LOCATION.Y=210|NAME=PinUniqueId|TEXT=PNCREXMW|UNIQUEID=HSEQUNGC|
RECORD= 7|LINENO= 800|OWNERPARTID=   2|OWNERINDEX= 791|AREACOLOR=65535|ISSOLID=T|LINEWIDTH=1|LOCATIONCOUNT=6|X1=430|X2=430|X3=425|X4=420|X5=425|X6=430|Y1=210|Y2=205|Y3=205|Y4=210|Y5=215|Y6=215|
RECORD= 7|LINENO= 801|OWNERPARTID=   2|OWNERINDEX= 791|AREACOLOR=65535|ISSOLID=T|LINEWIDTH=1|LOCATIONCOUNT=5|X1=410|X2=410|X3=421|X4=416|X5=421|Y1=215|Y2=205|Y3=205|Y4=210|Y5=215|
RECORD=34|LINENO= 802|OWNERPARTID=   0|OWNERINDEX= 791|FONTID=1|LOCATION.X=410|LOCATION.Y=215|NAME=Designator|TEXT=SB43|UNIQUEID=OQSHGBNL|
RECORD=41|LINENO= 803|OWNERPARTID=   0|OWNERINDEX= 791|FONTID=1|LOCATION.X=432|LOCATION.Y=200|NAME=Comment|TEXT=Open|UNIQUEID=LYMIYKCQ|
RECORD=44|LINENO= 804|OWNERPARTID= -42|OWNERINDEX= 791|
RECORD=45|LINENO= 805|OWNERPARTID= -42|OWNERINDEX= 804|DATAFILECOUNT=1|MODELDATAFILEENTITY0=SB|MODELDATAFILEKIND0=PCBLib|MODELNAME=SB|MODELTYPE=PCBLIB|UNIQUEID=GCECDFBN|
RECORD=46|LINENO= 806|OWNERPARTID= -42|OWNERINDEX= 805|
RECORD=48|LINENO= 807|OWNERPARTID= -42|OWNERINDEX= 805|
RECORD=45|LINENO= 808|OWNERPARTID= -42|OWNERINDEX= 804|DATAFILECOUNT=1|ISCURRENT=T|MODELDATAFILEENTITY0=SB-tiny|MODELDATAFILEKIND0=PCBLib|MODELNAME=SB-tiny|MODELTYPE=PCBLIB|UNIQUEID=GXIVLTLE|
RECORD=46|LINENO= 809|OWNERPARTID= -42|OWNERINDEX= 808|
RECORD=48|LINENO= 810|OWNERPARTID= -42|OWNERINDEX= 808|
RECORD=45|LINENO= 811|OWNERPARTID= -42|OWNERINDEX= 804|DATAFILECOUNT=1|MODELDATAFILEENTITY0=SB-LARGE|MODELDATAFILEKIND0=PCBLib|MODELNAME=SB-LARGE|MODELTYPE=PCBLIB|UNIQUEID=DJKTXQXR|
RECORD=46|LINENO= 812|OWNERPARTID= -42|OWNERINDEX= 811|
RECORD=48|LINENO= 813|OWNERPARTID= -42|OWNERINDEX= 811|
RECORD= 1|LINENO= 814|OWNERPARTID=   0|OWNERINDEX= -42|ALLPINCOUNT=2|AREACOLOR=11599871|COMPONENTDESCRIPTION=Solder Jumper|CURRENTPARTID=1|DESIGNITEMID=Strap2|DISPLAYMODECOUNT=1|LIBREFERENCE=Strap2|LOCATION.X=460|LOCATION.Y=210|NOTUSEDBTABLENAME=T|PARTCOUNT=2|PARTIDLOCKED=F|SOURCELIBRARYNAME=Passive.SchLib|TARGETFILENAME=*|UNIQUEID=DGXLRSMA|
RECORD=41|LINENO= 815|OWNERPARTID=   0|OWNERINDEX= 814|FONTID=1|ISHIDDEN=T|LOCATION.X=438|LOCATION.Y=205|NAME=Published|TEXT=24-Mar-1999|UNIQUEID=BVEPHRSF|
RECORD=41|LINENO= 816|OWNERPARTID=   0|OWNERINDEX= 814|FONTID=1|ISHIDDEN=T|LOCATION.X=438|LOCATION.Y=205|NAME=Revision|TEXT=July-2002: Re-released for DXP Platform.|UNIQUEID=CVJRQBDS|
RECORD=41|LINENO= 817|OWNERPARTID=   0|OWNERINDEX= 814|FONTID=1|ISHIDDEN=T|LOCATION.X=438|LOCATION.Y=205|NAME=Publisher|TEXT=Altium Limited|UNIQUEID=PIWANJHO|
RECORD=41|LINENO= 818|OWNERPARTID=   0|OWNERINDEX= 814|FONTID=1|ISHIDDEN=T|LOCATION.X=438|LOCATION.Y=187|NAME=Solder|TEXT=YES|UNIQUEID=HVNMQLQP|
RECORD= 2|LINENO= 819|OWNERPARTID=   2|OWNERINDEX= 814|DESIGNATOR=2|ELECTRICAL=4|FORMALTYPE=1|LOCATION.X=460|LOCATION.Y=200|NAME=2|PINCONGLOMERATE=34|PINLENGTH=10|
RECORD=41|LINENO= 820|OWNERPARTID=   0|OWNERINDEX= 819|FONTID=1|ISHIDDEN=T|LOCATION.X=460|LOCATION.Y=200|NAME=PinUniqueId|TEXT=NKXFDTRB|UNIQUEID=AANXBQCT|
RECORD= 2|LINENO= 821|OWNERPARTID=   2|OWNERINDEX= 814|DESIGNATOR=1|ELECTRICAL=4|FORMALTYPE=1|LOCATION.X=480|LOCATION.Y=200|NAME=1|PINCONGLOMERATE=32|PINLENGTH=10|
RECORD=41|LINENO= 822|OWNERPARTID=   0|OWNERINDEX= 821|FONTID=1|ISHIDDEN=T|LOCATION.X=480|LOCATION.Y=200|NAME=PinUniqueId|TEXT=TWDSNJOF|UNIQUEID=SVBSPQJT|
RECORD= 7|LINENO= 823|OWNERPARTID=   2|OWNERINDEX= 814|AREACOLOR=65535|ISSOLID=T|LINEWIDTH=1|LOCATIONCOUNT=6|X1=480|X2=480|X3=475|X4=470|X5=475|X6=480|Y1=200|Y2=195|Y3=195|Y4=200|Y5=205|Y6=205|
RECORD= 7|LINENO= 824|OWNERPARTID=   2|OWNERINDEX= 814|AREACOLOR=65535|ISSOLID=T|LINEWIDTH=1|LOCATIONCOUNT=5|X1=460|X2=460|X3=471|X4=466|X5=471|Y1=205|Y2=195|Y3=195|Y4=200|Y5=205|
RECORD=34|LINENO= 825|OWNERPARTID=   0|OWNERINDEX= 814|FONTID=1|LOCATION.X=459|LOCATION.Y=184|NAME=Designator|TEXT=SB44|UNIQUEID=RWANKVHT|
RECORD=41|LINENO= 826|OWNERPARTID=   0|OWNERINDEX= 814|FONTID=1|LOCATION.X=482|LOCATION.Y=190|NAME=Comment|TEXT=Open|UNIQUEID=KEKHLQDF|
RECORD=44|LINENO= 827|OWNERPARTID= -42|OWNERINDEX= 814|
RECORD=45|LINENO= 828|OWNERPARTID= -42|OWNERINDEX= 827|DATAFILECOUNT=1|MODELDATAFILEENTITY0=SB|MODELDATAFILEKIND0=PCBLib|MODELNAME=SB|MODELTYPE=PCBLIB|UNIQUEID=FQSFJTIP|
RECORD=46|LINENO= 829|OWNERPARTID= -42|OWNERINDEX= 828|
RECORD=48|LINENO= 830|OWNERPARTID= -42|OWNERINDEX= 828|
RECORD=45|LINENO= 831|OWNERPARTID= -42|OWNERINDEX= 827|DATAFILECOUNT=1|ISCURRENT=T|MODELDATAFILEENTITY0=SB-tiny|MODELDATAFILEKIND0=PCBLib|MODELNAME=SB-tiny|MODELTYPE=PCBLIB|UNIQUEID=IKTMEKVH|
RECORD=46|LINENO= 832|OWNERPARTID= -42|OWNERINDEX= 831|
RECORD=48|LINENO= 833|OWNERPARTID= -42|OWNERINDEX= 831|
RECORD=45|LINENO= 834|OWNERPARTID= -42|OWNERINDEX= 827|DATAFILECOUNT=1|MODELDATAFILEENTITY0=SB-LARGE|MODELDATAFILEKIND0=PCBLib|MODELNAME=SB-LARGE|MODELTYPE=PCBLIB|UNIQUEID=MOAVKGDM|
RECORD=46|LINENO= 835|OWNERPARTID= -42|OWNERINDEX= 834|
RECORD=48|LINENO= 836|OWNERPARTID= -42|OWNERINDEX= 834|
RECORD= 1|LINENO= 837|OWNERPARTID=   0|OWNERINDEX= -42|ALLPINCOUNT=2|AREACOLOR=11599871|COMPONENTDESCRIPTION=Solder Jumper|CURRENTPARTID=1|DESIGNITEMID=Strap2|DISPLAYMODECOUNT=1|LIBREFERENCE=Strap2|LOCATION.X=410|LOCATION.Y=180|NOTUSEDBTABLENAME=T|PARTCOUNT=2|PARTIDLOCKED=F|SOURCELIBRARYNAME=Passive.SchLib|TARGETFILENAME=*|UNIQUEID=KTSBLTXV|
RECORD=41|LINENO= 838|OWNERPARTID=   0|OWNERINDEX= 837|FONTID=1|ISHIDDEN=T|LOCATION.X=388|LOCATION.Y=175|NAME=Published|TEXT=24-Mar-1999|UNIQUEID=ODDRFIYG|
RECORD=41|LINENO= 839|OWNERPARTID=   0|OWNERINDEX= 837|FONTID=1|ISHIDDEN=T|LOCATION.X=388|LOCATION.Y=175|NAME=Revision|TEXT=July-2002: Re-released for DXP Platform.|UNIQUEID=APQDGJXF|
RECORD=41|LINENO= 840|OWNERPARTID=   0|OWNERINDEX= 837|FONTID=1|ISHIDDEN=T|LOCATION.X=388|LOCATION.Y=175|NAME=Publisher|TEXT=Altium Limited|UNIQUEID=EITWRCBF|
RECORD=41|LINENO= 841|OWNERPARTID=   0|OWNERINDEX= 837|FONTID=1|ISHIDDEN=T|LOCATION.X=388|LOCATION.Y=157|NAME=Solder|TEXT=YES|UNIQUEID=VMVJJWCA|
RECORD= 2|LINENO= 842|OWNERPARTID=   2|OWNERINDEX= 837|DESIGNATOR=2|ELECTRICAL=4|FORMALTYPE=1|LOCATION.X=410|LOCATION.Y=170|NAME=2|PINCONGLOMERATE=34|PINLENGTH=10|
RECORD=41|LINENO= 843|OWNERPARTID=   0|OWNERINDEX= 842|FONTID=1|ISHIDDEN=T|LOCATION.X=410|LOCATION.Y=170|NAME=PinUniqueId|TEXT=PPMCHAUU|UNIQUEID=INHNFGGN|
RECORD= 2|LINENO= 844|OWNERPARTID=   2|OWNERINDEX= 837|DESIGNATOR=1|ELECTRICAL=4|FORMALTYPE=1|LOCATION.X=430|LOCATION.Y=170|NAME=1|PINCONGLOMERATE=32|PINLENGTH=10|
RECORD=41|LINENO= 845|OWNERPARTID=   0|OWNERINDEX= 844|FONTID=1|ISHIDDEN=T|LOCATION.X=430|LOCATION.Y=170|NAME=PinUniqueId|TEXT=SQQNBEBE|UNIQUEID=VKQBTQKN|
RECORD= 7|LINENO= 846|OWNERPARTID=   2|OWNERINDEX= 837|AREACOLOR=65535|ISSOLID=T|LINEWIDTH=1|LOCATIONCOUNT=6|X1=430|X2=430|X3=425|X4=420|X5=425|X6=430|Y1=170|Y2=165|Y3=165|Y4=170|Y5=175|Y6=175|
RECORD= 7|LINENO= 847|OWNERPARTID=   2|OWNERINDEX= 837|AREACOLOR=65535|ISSOLID=T|LINEWIDTH=1|LOCATIONCOUNT=5|X1=410|X2=410|X3=421|X4=416|X5=421|Y1=175|Y2=165|Y3=165|Y4=170|Y5=175|
RECORD=34|LINENO= 848|OWNERPARTID=   0|OWNERINDEX= 837|FONTID=1|LOCATION.X=410|LOCATION.Y=175|NAME=Designator|TEXT=SB45|UNIQUEID=KFADXAXJ|
RECORD=41|LINENO= 849|OWNERPARTID=   0|OWNERINDEX= 837|FONTID=1|LOCATION.X=432|LOCATION.Y=160|NAME=Comment|TEXT=Open|UNIQUEID=IJDNHEYL|
RECORD=44|LINENO= 850|OWNERPARTID= -42|OWNERINDEX= 837|
RECORD=45|LINENO= 851|OWNERPARTID= -42|OWNERINDEX= 850|DATAFILECOUNT=1|MODELDATAFILEENTITY0=SB|MODELDATAFILEKIND0=PCBLib|MODELNAME=SB|MODELTYPE=PCBLIB|UNIQUEID=WACURQAD|
RECORD=46|LINENO= 852|OWNERPARTID= -42|OWNERINDEX= 851|
RECORD=48|LINENO= 853|OWNERPARTID= -42|OWNERINDEX= 851|
RECORD=45|LINENO= 854|OWNERPARTID= -42|OWNERINDEX= 850|DATAFILECOUNT=1|ISCURRENT=T|MODELDATAFILEENTITY0=SB-tiny|MODELDATAFILEKIND0=PCBLib|MODELNAME=SB-tiny|MODELTYPE=PCBLIB|UNIQUEID=JHLJDATS|
RECORD=46|LINENO= 855|OWNERPARTID= -42|OWNERINDEX= 854|
RECORD=48|LINENO= 856|OWNERPARTID= -42|OWNERINDEX= 854|
RECORD=45|LINENO= 857|OWNERPARTID= -42|OWNERINDEX= 850|DATAFILECOUNT=1|MODELDATAFILEENTITY0=SB-LARGE|MODELDATAFILEKIND0=PCBLib|MODELNAME=SB-LARGE|MODELTYPE=PCBLIB|UNIQUEID=NUBGCKSQ|
RECORD=46|LINENO= 858|OWNERPARTID= -42|OWNERINDEX= 857|
RECORD=48|LINENO= 859|OWNERPARTID= -42|OWNERINDEX= 857|
RECORD= 1|LINENO= 860|OWNERPARTID=   0|OWNERINDEX= -42|ALLPINCOUNT=2|AREACOLOR=11599871|COMPONENTDESCRIPTION=Solder Jumper|CURRENTPARTID=1|DESIGNITEMID=Strap2|DISPLAYMODECOUNT=1|LIBREFERENCE=Strap2|LOCATION.X=460|LOCATION.Y=170|NOTUSEDBTABLENAME=T|PARTCOUNT=2|PARTIDLOCKED=F|SOURCELIBRARYNAME=Passive.SchLib|TARGETFILENAME=*|UNIQUEID=LSCLIFHJ|
RECORD=41|LINENO= 861|OWNERPARTID=   0|OWNERINDEX= 860|FONTID=1|ISHIDDEN=T|LOCATION.X=438|LOCATION.Y=165|NAME=Published|TEXT=24-Mar-1999|UNIQUEID=OUOYLHEI|
RECORD=41|LINENO= 862|OWNERPARTID=   0|OWNERINDEX= 860|FONTID=1|ISHIDDEN=T|LOCATION.X=438|LOCATION.Y=165|NAME=Revision|TEXT=July-2002: Re-released for DXP Platform.|UNIQUEID=VERRPTGU|
RECORD=41|LINENO= 863|OWNERPARTID=   0|OWNERINDEX= 860|FONTID=1|ISHIDDEN=T|LOCATION.X=438|LOCATION.Y=165|NAME=Publisher|TEXT=Altium Limited|UNIQUEID=ROVAFWNA|
RECORD=41|LINENO= 864|OWNERPARTID=   0|OWNERINDEX= 860|FONTID=1|ISHIDDEN=T|LOCATION.X=438|LOCATION.Y=147|NAME=Solder|TEXT=YES|UNIQUEID=ROQBKOCX|
RECORD= 2|LINENO= 865|OWNERPARTID=   2|OWNERINDEX= 860|DESIGNATOR=2|ELECTRICAL=4|FORMALTYPE=1|LOCATION.X=460|LOCATION.Y=160|NAME=2|PINCONGLOMERATE=34|PINLENGTH=10|
RECORD=41|LINENO= 866|OWNERPARTID=   0|OWNERINDEX= 865|FONTID=1|ISHIDDEN=T|LOCATION.X=460|LOCATION.Y=160|NAME=PinUniqueId|TEXT=MHTPKVJL|UNIQUEID=JWGJSTIV|
RECORD= 2|LINENO= 867|OWNERPARTID=   2|OWNERINDEX= 860|DESIGNATOR=1|ELECTRICAL=4|FORMALTYPE=1|LOCATION.X=480|LOCATION.Y=160|NAME=1|PINCONGLOMERATE=32|PINLENGTH=10|
RECORD=41|LINENO= 868|OWNERPARTID=   0|OWNERINDEX= 867|FONTID=1|ISHIDDEN=T|LOCATION.X=480|LOCATION.Y=160|NAME=PinUniqueId|TEXT=VMYURDSE|UNIQUEID=PWQBJNEM|
RECORD= 7|LINENO= 869|OWNERPARTID=   2|OWNERINDEX= 860|AREACOLOR=65535|ISSOLID=T|LINEWIDTH=1|LOCATIONCOUNT=6|X1=480|X2=480|X3=475|X4=470|X5=475|X6=480|Y1=160|Y2=155|Y3=155|Y4=160|Y5=165|Y6=165|
RECORD= 7|LINENO= 870|OWNERPARTID=   2|OWNERINDEX= 860|AREACOLOR=65535|ISSOLID=T|LINEWIDTH=1|LOCATIONCOUNT=5|X1=460|X2=460|X3=471|X4=466|X5=471|Y1=165|Y2=155|Y3=155|Y4=160|Y5=165|
RECORD=34|LINENO= 871|OWNERPARTID=   0|OWNERINDEX= 860|FONTID=1|LOCATION.X=455|LOCATION.Y=145|NAME=Designator|TEXT=SB46|UNIQUEID=GIRCMOGT|
RECORD=41|LINENO= 872|OWNERPARTID=   0|OWNERINDEX= 860|FONTID=1|LOCATION.X=477|LOCATION.Y=145|NAME=Comment|TEXT=Open|UNIQUEID=UUWSWKWH|
RECORD=44|LINENO= 873|OWNERPARTID= -42|OWNERINDEX= 860|
RECORD=45|LINENO= 874|OWNERPARTID= -42|OWNERINDEX= 873|DATAFILECOUNT=1|MODELDATAFILEENTITY0=SB|MODELDATAFILEKIND0=PCBLib|MODELNAME=SB|MODELTYPE=PCBLIB|UNIQUEID=THEMIIVW|
RECORD=46|LINENO= 875|OWNERPARTID= -42|OWNERINDEX= 874|
RECORD=48|LINENO= 876|OWNERPARTID= -42|OWNERINDEX= 874|
RECORD=45|LINENO= 877|OWNERPARTID= -42|OWNERINDEX= 873|DATAFILECOUNT=1|ISCURRENT=T|MODELDATAFILEENTITY0=SB-tiny|MODELDATAFILEKIND0=PCBLib|MODELNAME=SB-tiny|MODELTYPE=PCBLIB|UNIQUEID=RPKNPXTH|
RECORD=46|LINENO= 878|OWNERPARTID= -42|OWNERINDEX= 877|
RECORD=48|LINENO= 879|OWNERPARTID= -42|OWNERINDEX= 877|
RECORD=45|LINENO= 880|OWNERPARTID= -42|OWNERINDEX= 873|DATAFILECOUNT=1|MODELDATAFILEENTITY0=SB-LARGE|MODELDATAFILEKIND0=PCBLib|MODELNAME=SB-LARGE|MODELTYPE=PCBLIB|UNIQUEID=OLGAHNDA|
RECORD=46|LINENO= 881|OWNERPARTID= -42|OWNERINDEX= 880|
RECORD=48|LINENO= 882|OWNERPARTID= -42|OWNERINDEX= 880|
RECORD=17|LINENO= 883|OWNERPARTID=   0|OWNERINDEX= -42|FONTID=2|LOCATION.X=540|LOCATION.Y=260|ORIENTATION=1|SHOWNETNAME=T|STYLE=1|TEXT=GND|UNIQUEID=EYYXNGCE|
RECORD=27|LINENO= 884|OWNERPARTID=   0|OWNERINDEX= -42|LINEWIDTH=1|LOCATIONCOUNT=2|UNIQUEID=EEWBWRSC|X1=200|X2=180|Y1=240|Y2=240|
RECORD=27|LINENO= 885|OWNERPARTID=   0|OWNERINDEX= -42|LINEWIDTH=1|LOCATIONCOUNT=2|UNIQUEID=IXMBNDRL|X1=200|X2=180|Y1=290|Y2=290|
RECORD=27|LINENO= 886|OWNERPARTID=   0|OWNERINDEX= -42|LINEWIDTH=1|LOCATIONCOUNT=2|UNIQUEID=UYHCFVLN|X1=200|X2=180|Y1=340|Y2=340|
RECORD=27|LINENO= 887|OWNERPARTID=   0|OWNERINDEX= -42|LINEWIDTH=1|LOCATIONCOUNT=2|UNIQUEID=YNDWMMJS|X1=180|X2=170|Y1=180|Y2=180|
RECORD=27|LINENO= 888|OWNERPARTID=   0|OWNERINDEX= -42|LINEWIDTH=1|LOCATIONCOUNT=2|UNIQUEID=HVIXRYXL|X1=180|X2=170|Y1=120|Y2=120|
RECORD=27|LINENO= 889|OWNERPARTID=   0|OWNERINDEX= -42|LINEWIDTH=1|LOCATIONCOUNT=2|UNIQUEID=IXXYDOIL|X1=180|X2=170|Y1=80|Y2=80|
RECORD=27|LINENO= 890|OWNERPARTID=   0|OWNERINDEX= -42|LINEWIDTH=1|LOCATIONCOUNT=2|UNIQUEID=VJUIQCTS|X1=250|X2=240|Y1=510|Y2=510|
RECORD=27|LINENO= 891|OWNERPARTID=   0|OWNERINDEX= -42|LINEWIDTH=1|LOCATIONCOUNT=2|UNIQUEID=KTDHKNXV|X1=240|X2=280|Y1=520|Y2=520|
RECORD=27|LINENO= 892|OWNERPARTID=   0|OWNERINDEX= -42|LINEWIDTH=1|LOCATIONCOUNT=2|UNIQUEID=CBXQVTTK|X1=590|X2=240|Y1=550|Y2=550|
RECORD=27|LINENO= 893|OWNERPARTID=   0|OWNERINDEX= -42|LINEWIDTH=1|LOCATIONCOUNT=2|UNIQUEID=JXFNBKBP|X1=240|X2=590|Y1=560|Y2=560|
RECORD=27|LINENO= 894|OWNERPARTID=   0|OWNERINDEX= -42|LINEWIDTH=1|LOCATIONCOUNT=2|UNIQUEID=QVXVHTLN|X1=590|X2=360|Y1=570|Y2=570|
RECORD=27|LINENO= 895|OWNERPARTID=   0|OWNERINDEX= -42|LINEWIDTH=1|LOCATIONCOUNT=2|UNIQUEID=CMXBETGQ|X1=590|X2=360|Y1=580|Y2=580|
RECORD=27|LINENO= 896|OWNERPARTID=   0|OWNERINDEX= -42|LINEWIDTH=1|LOCATIONCOUNT=2|UNIQUEID=UCMLBQQD|X1=460|X2=590|Y1=690|Y2=690|
RECORD=27|LINENO= 897|OWNERPARTID=   0|OWNERINDEX= -42|LINEWIDTH=1|LOCATIONCOUNT=2|UNIQUEID=OPADLWRH|X1=590|X2=460|Y1=680|Y2=680|
RECORD=27|LINENO= 898|OWNERPARTID=   0|OWNERINDEX= -42|LINEWIDTH=1|LOCATIONCOUNT=2|UNIQUEID=LOKMYRQV|X1=460|X2=590|Y1=670|Y2=670|
RECORD=27|LINENO= 899|OWNERPARTID=   0|OWNERINDEX= -42|LINEWIDTH=1|LOCATIONCOUNT=2|UNIQUEID=IEGBMTKM|X1=590|X2=460|Y1=660|Y2=660|
RECORD=27|LINENO= 900|OWNERPARTID=   0|OWNERINDEX= -42|LINEWIDTH=1|LOCATIONCOUNT=2|UNIQUEID=DGFFBBVU|X1=460|X2=590|Y1=650|Y2=650|
RECORD=27|LINENO= 901|OWNERPARTID=   0|OWNERINDEX= -42|LINEWIDTH=1|LOCATIONCOUNT=2|UNIQUEID=NABUEBYR|X1=590|X2=460|Y1=640|Y2=640|
RECORD=27|LINENO= 902|OWNERPARTID=   0|OWNERINDEX= -42|LINEWIDTH=1|LOCATIONCOUNT=2|UNIQUEID=IXQECPQK|X1=460|X2=590|Y1=630|Y2=630|
RECORD=27|LINENO= 903|OWNERPARTID=   0|OWNERINDEX= -42|LINEWIDTH=1|LOCATIONCOUNT=2|UNIQUEID=ENSNXOML|X1=590|X2=460|Y1=620|Y2=620|
RECORD=27|LINENO= 904|OWNERPARTID=   0|OWNERINDEX= -42|LINEWIDTH=1|LOCATIONCOUNT=2|UNIQUEID=LNOMHNDI|X1=460|X2=590|Y1=610|Y2=610|
RECORD=27|LINENO= 905|OWNERPARTID=   0|OWNERINDEX= -42|LINEWIDTH=1|LOCATIONCOUNT=2|UNIQUEID=MSDMGOSV|X1=590|X2=460|Y1=600|Y2=600|
RECORD=27|LINENO= 906|OWNERPARTID=   0|OWNERINDEX= -42|LINEWIDTH=1|LOCATIONCOUNT=2|UNIQUEID=FFPGOHTX|X1=460|X2=590|Y1=590|Y2=590|
RECORD=27|LINENO= 907|OWNERPARTID=   0|OWNERINDEX= -42|LINEWIDTH=1|LOCATIONCOUNT=2|UNIQUEID=WJCPALMU|X1=460|X2=590|Y1=500|Y2=500|
RECORD=27|LINENO= 908|OWNERPARTID=   0|OWNERINDEX= -42|LINEWIDTH=1|LOCATIONCOUNT=2|UNIQUEID=PEUWOLAN|X1=590|X2=460|Y1=470|Y2=470|
RECORD=27|LINENO= 909|OWNERPARTID=   0|OWNERINDEX= -42|LINEWIDTH=1|LOCATIONCOUNT=2|UNIQUEID=JPJXIUMR|X1=460|X2=590|Y1=460|Y2=460|
RECORD=27|LINENO= 910|OWNERPARTID=   0|OWNERINDEX= -42|LINEWIDTH=1|LOCATIONCOUNT=2|UNIQUEID=JSMPCVAE|X1=590|X2=460|Y1=450|Y2=450|
RECORD=27|LINENO= 911|OWNERPARTID=   0|OWNERINDEX= -42|LINEWIDTH=1|LOCATIONCOUNT=2|UNIQUEID=RGEYBIBK|X1=460|X2=590|Y1=440|Y2=440|
RECORD=27|LINENO= 912|OWNERPARTID=   0|OWNERINDEX= -42|LINEWIDTH=1|LOCATIONCOUNT=2|UNIQUEID=ABTWCIHU|X1=590|X2=460|Y1=430|Y2=430|
RECORD=27|LINENO= 913|OWNERPARTID=   0|OWNERINDEX= -42|LINEWIDTH=1|LOCATIONCOUNT=2|UNIQUEID=IMWGVUQG|X1=460|X2=590|Y1=420|Y2=420|
RECORD=27|LINENO= 914|OWNERPARTID=   0|OWNERINDEX= -42|LINEWIDTH=1|LOCATIONCOUNT=2|UNIQUEID=YGGVXTNT|X1=590|X2=460|Y1=410|Y2=410|
RECORD=27|LINENO= 915|OWNERPARTID=   0|OWNERINDEX= -42|LINEWIDTH=1|LOCATIONCOUNT=2|UNIQUEID=YVWRJYRB|X1=460|X2=590|Y1=400|Y2=400|
RECORD=27|LINENO= 916|OWNERPARTID=   0|OWNERINDEX= -42|LINEWIDTH=1|LOCATIONCOUNT=2|UNIQUEID=WJUUOBDG|X1=590|X2=460|Y1=390|Y2=390|
RECORD=27|LINENO= 917|OWNERPARTID=   0|OWNERINDEX= -42|LINEWIDTH=1|LOCATIONCOUNT=2|UNIQUEID=OFYYKMHS|X1=460|X2=590|Y1=380|Y2=380|
RECORD=27|LINENO= 918|OWNERPARTID=   0|OWNERINDEX= -42|LINEWIDTH=1|LOCATIONCOUNT=2|UNIQUEID=TCGOSVWU|X1=590|X2=460|Y1=370|Y2=370|
RECORD=27|LINENO= 919|OWNERPARTID=   0|OWNERINDEX= -42|LINEWIDTH=1|LOCATIONCOUNT=2|UNIQUEID=PCJYXRMU|X1=770|X2=880|Y1=530|Y2=530|
RECORD=27|LINENO= 920|OWNERPARTID=   0|OWNERINDEX= -42|LINEWIDTH=1|LOCATIONCOUNT=2|UNIQUEID=BLKYPNOD|X1=880|X2=770|Y1=540|Y2=540|
RECORD=27|LINENO= 921|OWNERPARTID=   0|OWNERINDEX= -42|LINEWIDTH=1|LOCATIONCOUNT=2|UNIQUEID=KTCRQRJN|X1=880|X2=770|Y1=650|Y2=650|
RECORD=27|LINENO= 922|OWNERPARTID=   0|OWNERINDEX= -42|LINEWIDTH=1|LOCATIONCOUNT=2|UNIQUEID=LPGEVPQC|X1=880|X2=770|Y1=640|Y2=640|
RECORD=27|LINENO= 923|OWNERPARTID=   0|OWNERINDEX= -42|LINEWIDTH=1|LOCATIONCOUNT=2|UNIQUEID=FYOEREES|X1=880|X2=770|Y1=690|Y2=690|
RECORD=27|LINENO= 924|OWNERPARTID=   0|OWNERINDEX= -42|LINEWIDTH=1|LOCATIONCOUNT=2|UNIQUEID=MAVOIJRA|X1=880|X2=770|Y1=680|Y2=680|
RECORD=27|LINENO= 925|OWNERPARTID=   0|OWNERINDEX= -42|LINEWIDTH=1|LOCATIONCOUNT=2|UNIQUEID=KIUUEFSH|X1=880|X2=770|Y1=670|Y2=670|
RECORD=27|LINENO= 926|OWNERPARTID=   0|OWNERINDEX= -42|LINEWIDTH=1|LOCATIONCOUNT=2|UNIQUEID=TUXPJMEM|X1=880|X2=770|Y1=660|Y2=660|
RECORD=27|LINENO= 927|OWNERPARTID=   0|OWNERINDEX= -42|LINEWIDTH=1|LOCATIONCOUNT=2|UNIQUEID=GASKDTTQ|X1=880|X2=770|Y1=560|Y2=560|
RECORD=27|LINENO= 928|OWNERPARTID=   0|OWNERINDEX= -42|LINEWIDTH=1|LOCATIONCOUNT=2|UNIQUEID=EAKBWMHU|X1=880|X2=770|Y1=630|Y2=630|
RECORD=27|LINENO= 929|OWNERPARTID=   0|OWNERINDEX= -42|LINEWIDTH=1|LOCATIONCOUNT=2|UNIQUEID=RLRWCCLJ|X1=880|X2=770|Y1=590|Y2=590|
RECORD=27|LINENO= 930|OWNERPARTID=   0|OWNERINDEX= -42|LINEWIDTH=1|LOCATIONCOUNT=2|UNIQUEID=PRTCCGWM|X1=880|X2=770|Y1=580|Y2=580|
RECORD=27|LINENO= 931|OWNERPARTID=   0|OWNERINDEX= -42|LINEWIDTH=1|LOCATIONCOUNT=2|UNIQUEID=YJQDFCAM|X1=880|X2=770|Y1=570|Y2=570|
RECORD=27|LINENO= 932|OWNERPARTID=   0|OWNERINDEX= -42|LINEWIDTH=1|LOCATIONCOUNT=2|UNIQUEID=JLYUGGDW|X1=770|X2=870|Y1=160|Y2=160|
RECORD=27|LINENO= 933|OWNERPARTID=   0|OWNERINDEX= -42|LINEWIDTH=1|LOCATIONCOUNT=2|UNIQUEID=BUCHHQPO|X1=770|X2=870|Y1=170|Y2=170|
RECORD=27|LINENO= 934|OWNERPARTID=   0|OWNERINDEX= -42|LINEWIDTH=1|LOCATIONCOUNT=2|UNIQUEID=NLPDEHPQ|X1=870|X2=850|Y1=150|Y2=150|
RECORD=27|LINENO= 935|OWNERPARTID=   0|OWNERINDEX= -42|LINEWIDTH=1|LOCATIONCOUNT=2|UNIQUEID=XMVKTKDJ|X1=850|X2=870|Y1=140|Y2=140|
RECORD=27|LINENO= 936|OWNERPARTID=   0|OWNERINDEX= -42|LINEWIDTH=1|LOCATIONCOUNT=2|UNIQUEID=HHSRKKQG|X1=810|X2=830|Y1=240|Y2=240|
RECORD=27|LINENO= 937|OWNERPARTID=   0|OWNERINDEX= -42|LINEWIDTH=1|LOCATIONCOUNT=2|UNIQUEID=DMPNYSTC|X1=580|X2=560|Y1=130|Y2=130|
RECORD=27|LINENO= 938|OWNERPARTID=   0|OWNERINDEX= -42|LINEWIDTH=1|LOCATIONCOUNT=4|UNIQUEID=YXGUQNIV|X1=530|X2=500|X3=500|X4=600|Y1=130|Y2=130|Y3=170|Y4=170|
RECORD=27|LINENO= 939|OWNERPARTID=   0|OWNERINDEX= -42|LINEWIDTH=1|LOCATIONCOUNT=2|UNIQUEID=SYBBLGQT|X1=500|X2=500|Y1=120|Y2=130|
RECORD=27|LINENO= 940|OWNERPARTID=   0|OWNERINDEX= -42|LINEWIDTH=1|LOCATIONCOUNT=2|UNIQUEID=SDCASKAW|X1=530|X2=500|Y1=230|Y2=230|
RECORD=27|LINENO= 941|OWNERPARTID=   0|OWNERINDEX= -42|LINEWIDTH=1|LOCATIONCOUNT=2|UNIQUEID=BFJLEJTE|X1=560|X2=580|Y1=230|Y2=230|
RECORD=27|LINENO= 942|OWNERPARTID=   0|OWNERINDEX= -42|LINEWIDTH=1|LOCATIONCOUNT=2|UNIQUEID=SIGKVFOB|X1=880|X2=890|Y1=210|Y2=210|
RECORD=27|LINENO= 943|OWNERPARTID=   0|OWNERINDEX= -42|LINEWIDTH=1|LOCATIONCOUNT=2|UNIQUEID=YTKNAUTH|X1=850|X2=870|Y1=130|Y2=130|
RECORD=27|LINENO= 944|OWNERPARTID=   0|OWNERINDEX= -42|LINEWIDTH=1|LOCATIONCOUNT=2|UNIQUEID=LEAQBSYA|X1=900|X2=900|Y1=260|Y2=240|
RECORD=27|LINENO= 945|OWNERPARTID=   0|OWNERINDEX= -42|LINEWIDTH=1|LOCATIONCOUNT=3|UNIQUEID=KTHEJCIO|X1=840|X2=830|X3=830|Y1=240|Y2=240|Y3=210|
RECORD=27|LINENO= 946|OWNERPARTID=   0|OWNERINDEX= -42|LINEWIDTH=1|LOCATIONCOUNT=3|UNIQUEID=ETRCDKFT|X1=870|X2=900|X3=1000|Y1=240|Y2=240|Y3=240|
RECORD=27|LINENO= 947|OWNERPARTID=   0|OWNERINDEX= -42|LINEWIDTH=1|LOCATIONCOUNT=2|UNIQUEID=FIQCFRND|X1=460|X2=590|Y1=480|Y2=480|
RECORD=27|LINENO= 948|OWNERPARTID=   0|OWNERINDEX= -42|LINEWIDTH=1|LOCATIONCOUNT=2|UNIQUEID=JICTVKIT|X1=590|X2=460|Y1=490|Y2=490|
RECORD=27|LINENO= 949|OWNERPARTID=   0|OWNERINDEX= -42|LINEWIDTH=1|LOCATIONCOUNT=2|UNIQUEID=DDEXOQOB|X1=590|X2=460|Y1=540|Y2=540|
RECORD=27|LINENO= 950|OWNERPARTID=   0|OWNERINDEX= -42|LINEWIDTH=1|LOCATIONCOUNT=3|UNIQUEID=LXMLSFPR|X1=360|X2=370|X3=370|Y1=480|Y2=480|Y3=510|
RECORD=27|LINENO= 951|OWNERPARTID=   0|OWNERINDEX= -42|LINEWIDTH=1|LOCATIONCOUNT=3|UNIQUEID=KMBBXDHK|X1=360|X2=360|X3=340|Y1=520|Y2=490|Y3=490|
RECORD=27|LINENO= 952|OWNERPARTID=   0|OWNERINDEX= -42|LINEWIDTH=1|LOCATIONCOUNT=2|UNIQUEID=HAQDGADN|X1=440|X2=580|Y1=210|Y2=210|
RECORD=27|LINENO= 953|OWNERPARTID=   0|OWNERINDEX= -42|LINEWIDTH=1|LOCATIONCOUNT=2|UNIQUEID=VGEQERTU|X1=400|X2=450|Y1=200|Y2=200|
RECORD=27|LINENO= 954|OWNERPARTID=   0|OWNERINDEX= -42|LINEWIDTH=1|LOCATIONCOUNT=2|UNIQUEID=VPKVFXYX|X1=490|X2=500|Y1=200|Y2=200|
RECORD=27|LINENO= 955|OWNERPARTID=   0|OWNERINDEX= -42|LINEWIDTH=1|LOCATIONCOUNT=2|UNIQUEID=EGFBVXMV|X1=400|X2=450|Y1=160|Y2=160|
RECORD=27|LINENO= 956|OWNERPARTID=   0|OWNERINDEX= -42|LINEWIDTH=1|LOCATIONCOUNT=2|UNIQUEID=QNDXDMWH|X1=440|X2=500|Y1=170|Y2=170|
RECORD=27|LINENO= 957|OWNERPARTID=   0|OWNERINDEX= -42|LINEWIDTH=1|LOCATIONCOUNT=2|UNIQUEID=JTCLWNCC|X1=490|X2=580|Y1=160|Y2=160|
RECORD=27|LINENO= 958|OWNERPARTID=   0|OWNERINDEX= -42|LINEWIDTH=1|LOCATIONCOUNT=2|UNIQUEID=DUUBETRF|X1=540|X2=540|Y1=260|Y2=250|
RECORD= 1|LINENO= 959|OWNERPARTID=   0|OWNERINDEX= -42|ALLPINCOUNT=2|AREACOLOR=11599871|COMPONENTDESCRIPTION=Solder Jumper|CURRENTPARTID=1|DESIGNITEMID=Strap2|DISPLAYMODECOUNT=1|LIBREFERENCE=Strap2|LOCATION.X=250|LOCATION.Y=170|NOTUSEDBTABLENAME=T|ORIENTATION=2|PARTCOUNT=2|PARTIDLOCKED=F|SOURCELIBRARYNAME=Passive.SchLib|TARGETFILENAME=*|UNIQUEID=BIVGLPPA|
RECORD=41|LINENO= 960|OWNERPARTID=   0|OWNERINDEX= 959|FONTID=1|ISHIDDEN=T|LOCATION.X=218|LOCATION.Y=186|NAME=Published|TEXT=24-Mar-1999|UNIQUEID=KLKKHIEV|
RECORD=41|LINENO= 961|OWNERPARTID=   0|OWNERINDEX= 959|FONTID=1|ISHIDDEN=T|LOCATION.X=218|LOCATION.Y=186|NAME=Revision|TEXT=July-2002: Re-released for DXP Platform.|UNIQUEID=UWKFCDNU|
RECORD=41|LINENO= 962|OWNERPARTID=   0|OWNERINDEX= 959|FONTID=1|ISHIDDEN=T|LOCATION.X=218|LOCATION.Y=186|NAME=Publisher|TEXT=Altium Limited|UNIQUEID=KILCPSPQ|
RECORD=41|LINENO= 963|OWNERPARTID=   0|OWNERINDEX= 959|FONTID=1|ISHIDDEN=T|LOCATION.X=218|LOCATION.Y=186|NAME=Solder|TEXT=YES|UNIQUEID=AXUCAGFM|
RECORD= 2|LINENO= 964|OWNERPARTID=   2|OWNERINDEX= 959|DESIGNATOR=2|ELECTRICAL=4|FORMALTYPE=1|LOCATION.X=250|LOCATION.Y=180|NAME=2|PINCONGLOMERATE=32|PINLENGTH=10|
RECORD=41|LINENO= 965|OWNERPARTID=   0|OWNERINDEX= 964|FONTID=1|ISHIDDEN=T|LOCATION.X=250|LOCATION.Y=180|NAME=PinUniqueId|TEXT=TWAKNPBD|UNIQUEID=XHTNCVDO|
RECORD= 2|LINENO= 966|OWNERPARTID=   2|OWNERINDEX= 959|DESIGNATOR=1|ELECTRICAL=4|FORMALTYPE=1|LOCATION.X=230|LOCATION.Y=180|NAME=1|PINCONGLOMERATE=34|PINLENGTH=10|
RECORD=41|LINENO= 967|OWNERPARTID=   0|OWNERINDEX= 966|FONTID=1|ISHIDDEN=T|LOCATION.X=230|LOCATION.Y=180|NAME=PinUniqueId|TEXT=WFLHQWWY|UNIQUEID=CAWGXQSK|
RECORD= 7|LINENO= 968|OWNERPARTID=   2|OWNERINDEX= 959|AREACOLOR=65535|ISSOLID=T|LINEWIDTH=1|LOCATIONCOUNT=6|X1=230|X2=230|X3=235|X4=240|X5=235|X6=230|Y1=180|Y2=185|Y3=185|Y4=180|Y5=175|Y6=175|
RECORD= 7|LINENO= 969|OWNERPARTID=   2|OWNERINDEX= 959|AREACOLOR=65535|ISSOLID=T|LINEWIDTH=1|LOCATIONCOUNT=5|X1=250|X2=250|X3=239|X4=244|X5=239|Y1=175|Y2=185|Y3=185|Y4=180|Y5=175|
RECORD=34|LINENO= 970|OWNERPARTID=   0|OWNERINDEX= 959|FONTID=1|LOCATION.X=220|LOCATION.Y=186|NAME=Designator|TEXT=SB47|UNIQUEID=FXKBVNRF|
RECORD=41|LINENO= 971|OWNERPARTID=   0|OWNERINDEX= 959|FONTID=1|LOCATION.X=243|LOCATION.Y=186|NAME=Comment|TEXT=Close|UNIQUEID=CCUPKBTF|
RECORD=44|LINENO= 972|OWNERPARTID= -42|OWNERINDEX= 959|
RECORD=45|LINENO= 973|OWNERPARTID= -42|OWNERINDEX= 972|DATAFILECOUNT=1|MODELDATAFILEENTITY0=SB|MODELDATAFILEKIND0=PCBLib|MODELNAME=SB|MODELTYPE=PCBLIB|UNIQUEID=CFNEFVBJ|
RECORD=46|LINENO= 974|OWNERPARTID= -42|OWNERINDEX= 973|
RECORD=48|LINENO= 975|OWNERPARTID= -42|OWNERINDEX= 973|
RECORD=45|LINENO= 976|OWNERPARTID= -42|OWNERINDEX= 972|DATAFILECOUNT=1|ISCURRENT=T|MODELDATAFILEENTITY0=SB-tiny|MODELDATAFILEKIND0=PCBLib|MODELNAME=SB-tiny|MODELTYPE=PCBLIB|UNIQUEID=TPCXKOEW|
RECORD=46|LINENO= 977|OWNERPARTID= -42|OWNERINDEX= 976|
RECORD=48|LINENO= 978|OWNERPARTID= -42|OWNERINDEX= 976|
RECORD=45|LINENO= 979|OWNERPARTID= -42|OWNERINDEX= 972|DATAFILECOUNT=1|MODELDATAFILEENTITY0=SB-LARGE|MODELDATAFILEKIND0=PCBLib|MODELNAME=SB-LARGE|MODELTYPE=PCBLIB|UNIQUEID=EXAHJYJN|
RECORD=46|LINENO= 980|OWNERPARTID= -42|OWNERINDEX= 979|
RECORD=48|LINENO= 981|OWNERPARTID= -42|OWNERINDEX= 979|
RECORD= 1|LINENO= 982|OWNERPARTID=   0|OWNERINDEX= -42|ALLPINCOUNT=2|AREACOLOR=11599871|COMPONENTDESCRIPTION=Solder Jumper|CURRENTPARTID=1|DESIGNITEMID=Strap2|DISPLAYMODECOUNT=1|LIBREFERENCE=Strap2|LOCATION.X=250|LOCATION.Y=140|NOTUSEDBTABLENAME=T|ORIENTATION=2|PARTCOUNT=2|PARTIDLOCKED=F|SOURCELIBRARYNAME=Passive.SchLib|TARGETFILENAME=*|UNIQUEID=BAWGTMWO|
RECORD=41|LINENO= 983|OWNERPARTID=   0|OWNERINDEX= 982|FONTID=1|ISHIDDEN=T|LOCATION.X=218|LOCATION.Y=156|NAME=Published|TEXT=24-Mar-1999|UNIQUEID=JEIAQSLW|
RECORD=41|LINENO= 984|OWNERPARTID=   0|OWNERINDEX= 982|FONTID=1|ISHIDDEN=T|LOCATION.X=218|LOCATION.Y=156|NAME=Revision|TEXT=July-2002: Re-released for DXP Platform.|UNIQUEID=TMGXNPNS|
RECORD=41|LINENO= 985|OWNERPARTID=   0|OWNERINDEX= 982|FONTID=1|ISHIDDEN=T|LOCATION.X=218|LOCATION.Y=156|NAME=Publisher|TEXT=Altium Limited|UNIQUEID=FBRCLAYN|
RECORD=41|LINENO= 986|OWNERPARTID=   0|OWNERINDEX= 982|FONTID=1|ISHIDDEN=T|LOCATION.X=218|LOCATION.Y=156|NAME=Solder|TEXT=YES|UNIQUEID=QVLWDPPB|
RECORD= 2|LINENO= 987|OWNERPARTID=   2|OWNERINDEX= 982|DESIGNATOR=2|ELECTRICAL=4|FORMALTYPE=1|LOCATION.X=250|LOCATION.Y=150|NAME=2|PINCONGLOMERATE=32|PINLENGTH=10|
RECORD=41|LINENO= 988|OWNERPARTID=   0|OWNERINDEX= 987|FONTID=1|ISHIDDEN=T|LOCATION.X=250|LOCATION.Y=150|NAME=PinUniqueId|TEXT=QTLKNJVR|UNIQUEID=FCTLBGVD|
RECORD= 2|LINENO= 989|OWNERPARTID=   2|OWNERINDEX= 982|DESIGNATOR=1|ELECTRICAL=4|FORMALTYPE=1|LOCATION.X=230|LOCATION.Y=150|NAME=1|PINCONGLOMERATE=34|PINLENGTH=10|
RECORD=41|LINENO= 990|OWNERPARTID=   0|OWNERINDEX= 989|FONTID=1|ISHIDDEN=T|LOCATION.X=230|LOCATION.Y=150|NAME=PinUniqueId|TEXT=UICRMLUV|UNIQUEID=TONXBCML|
RECORD= 7|LINENO= 991|OWNERPARTID=   2|OWNERINDEX= 982|AREACOLOR=65535|ISSOLID=T|LINEWIDTH=1|LOCATIONCOUNT=6|X1=230|X2=230|X3=235|X4=240|X5=235|X6=230|Y1=150|Y2=155|Y3=155|Y4=150|Y5=145|Y6=145|
RECORD= 7|LINENO= 992|OWNERPARTID=   2|OWNERINDEX= 982|AREACOLOR=65535|ISSOLID=T|LINEWIDTH=1|LOCATIONCOUNT=5|X1=250|X2=250|X3=239|X4=244|X5=239|Y1=145|Y2=155|Y3=155|Y4=150|Y5=145|
RECORD=34|LINENO= 993|OWNERPARTID=   0|OWNERINDEX= 982|FONTID=1|LOCATION.X=223|LOCATION.Y=155|NAME=Designator|TEXT=SB48|UNIQUEID=TWCNMCRA|
RECORD=41|LINENO= 994|OWNERPARTID=   0|OWNERINDEX= 982|FONTID=1|LOCATION.X=246|LOCATION.Y=155|NAME=Comment|TEXT=Open|UNIQUEID=EGBGHCJI|
RECORD=44|LINENO= 995|OWNERPARTID= -42|OWNERINDEX= 982|
RECORD=45|LINENO= 996|OWNERPARTID= -42|OWNERINDEX= 995|DATAFILECOUNT=1|MODELDATAFILEENTITY0=SB|MODELDATAFILEKIND0=PCBLib|MODELNAME=SB|MODELTYPE=PCBLIB|UNIQUEID=VRGDAPGI|
RECORD=46|LINENO= 997|OWNERPARTID= -42|OWNERINDEX= 996|
RECORD=48|LINENO= 998|OWNERPARTID= -42|OWNERINDEX= 996|
RECORD=45|LINENO= 999|OWNERPARTID= -42|OWNERINDEX= 995|DATAFILECOUNT=1|ISCURRENT=T|MODELDATAFILEENTITY0=SB-tiny|MODELDATAFILEKIND0=PCBLib|MODELNAME=SB-tiny|MODELTYPE=PCBLIB|UNIQUEID=QUGCOLJY|
RECORD=46|LINENO=1000|OWNERPARTID= -42|OWNERINDEX= 999|
RECORD=48|LINENO=1001|OWNERPARTID= -42|OWNERINDEX= 999|
RECORD=45|LINENO=1002|OWNERPARTID= -42|OWNERINDEX= 995|DATAFILECOUNT=1|MODELDATAFILEENTITY0=SB-LARGE|MODELDATAFILEKIND0=PCBLib|MODELNAME=SB-LARGE|MODELTYPE=PCBLIB|UNIQUEID=CILHSTOA|
RECORD=46|LINENO=1003|OWNERPARTID= -42|OWNERINDEX=1002|
RECORD=48|LINENO=1004|OWNERPARTID= -42|OWNERINDEX=1002|
RECORD=18|LINENO=1005|OWNERPARTID=   0|OWNERINDEX= -42|ALIGNMENT=1|AREACOLOR=8454143|FONTID=1|HEIGHT=10|LOCATION.X=260|LOCATION.Y=150|NAME=PC13|TEXTCOLOR=128|UNIQUEID=IQPLYDBB|WIDTH=40|
RECORD=27|LINENO=1006|OWNERPARTID=   0|OWNERINDEX= -42|LINEWIDTH=1|LOCATIONCOUNT=2|UNIQUEID=LBAGKYVO|X1=220|X2=220|Y1=180|Y2=150|
RECORD=27|LINENO=1007|OWNERPARTID=   0|OWNERINDEX= -42|LINEWIDTH=1|LOCATIONCOUNT=3|UNIQUEID=IEKBSRNK|X1=590|X2=370|X3=290|Y1=510|Y2=510|Y3=510|
RECORD=27|LINENO=1008|OWNERPARTID=   0|OWNERINDEX= -42|LINEWIDTH=1|LOCATIONCOUNT=3|UNIQUEID=MVCIVGPW|X1=590|X2=360|X3=320|Y1=520|Y2=520|Y3=520|
RECORD= 1|LINENO=1009|OWNERPARTID=   0|OWNERINDEX= -42|ALLPINCOUNT=69|AREACOLOR=11599871|CURRENTPARTID=5|DESIGNITEMID=STM32WBxx_QFN68|DISPLAYMODECOUNT=1|LIBRARYPATH=*|LIBREFERENCE=STM32WBxx_QFN68|LOCATION.X=680|LOCATION.Y=710|PARTCOUNT=6|PARTIDLOCKED=T|SOURCELIBRARYNAME=Active.SchLib|TARGETFILENAME=*|UNIQUEID=EMAQDNKE|
RECORD=14|LINENO=1010|OWNERPARTID=   2|OWNERINDEX=1009|AREACOLOR=11599871|CORNER.X=730|CORNER.Y=710|ISSOLID=T|LOCATION.X=640|LOCATION.Y=630|
RECORD= 2|LINENO=1011|OWNERPARTID=   2|OWNERINDEX=1009|%UTF8%SWAPIDPART=Â¦&Â¦A1|DESIGNATOR=31|ELECTRICAL=4|FORMALTYPE=1|LOCATION.X=640|LOCATION.Y=690|NAME=RF1|PINCONGLOMERATE=58|PINLENGTH=10|SWAPIDPART=Ž&ŽA1|
RECORD=41|LINENO=1012|OWNERPARTID=   0|OWNERINDEX=1011|FONTID=1|ISHIDDEN=T|LOCATION.X=640|LOCATION.Y=690|NAME=PinUniqueId|TEXT=YVRUXCOV|UNIQUEID=WXXRXWUA|
RECORD= 2|LINENO=1013|OWNERPARTID=   2|OWNERINDEX=1009|%UTF8%SWAPIDPART=Â¦&Â¦A1|DESIGNATOR=33|ELECTRICAL=4|FORMALTYPE=1|LOCATION.X=730|LOCATION.Y=690|NAME=VDDRF|PINCONGLOMERATE=56|PINLENGTH=10|SWAPIDPART=Ž&ŽA1|
RECORD=41|LINENO=1014|OWNERPARTID=   0|OWNERINDEX=1013|FONTID=1|ISHIDDEN=T|LOCATION.X=730|LOCATION.Y=690|NAME=PinUniqueId|TEXT=CVRCMHHW|UNIQUEID=CVQXMTAS|
RECORD= 2|LINENO=1015|OWNERPARTID=   2|OWNERINDEX=1009|%UTF8%SWAPIDPART=Â¦&Â¦A1|DESIGNATOR=32|ELECTRICAL=4|FORMALTYPE=1|LOCATION.X=730|LOCATION.Y=640|NAME=VSSRF|PINCONGLOMERATE=56|PINLENGTH=10|SWAPIDPART=Ž&ŽA1|
RECORD=41|LINENO=1016|OWNERPARTID=   0|OWNERINDEX=1015|FONTID=1|ISHIDDEN=T|LOCATION.X=730|LOCATION.Y=640|NAME=PinUniqueId|TEXT=QNCJIAYQ|UNIQUEID=VBLQFENQ|
RECORD= 2|LINENO=1017|OWNERPARTID=   3|OWNERINDEX=1009|%UTF8%SWAPIDPART=Â¦&Â¦A1|DESIGNATOR=44|ELECTRICAL=4|FORMALTYPE=1|LOCATION.X=630|LOCATION.Y=690|NAME=VDDSMPS|PINCONGLOMERATE=58|PINLENGTH=10|SWAPIDPART=Ž&ŽA1|
RECORD=41|LINENO=1018|OWNERPARTID=   0|OWNERINDEX=1017|FONTID=1|ISHIDDEN=T|LOCATION.X=630|LOCATION.Y=690|NAME=PinUniqueId|TEXT=XCGGYLPP|UNIQUEID=RSNFXPAC|
RECORD= 2|LINENO=1019|OWNERPARTID=   3|OWNERINDEX=1009|%UTF8%SWAPIDPART=Â¦&Â¦A1|DESIGNATOR=42|ELECTRICAL=4|FORMALTYPE=1|LOCATION.X=630|LOCATION.Y=620|NAME=VSSSMPS|PINCONGLOMERATE=58|PINLENGTH=10|SWAPIDPART=Ž&ŽA1|
RECORD=41|LINENO=1020|OWNERPARTID=   0|OWNERINDEX=1019|FONTID=1|ISHIDDEN=T|LOCATION.X=630|LOCATION.Y=620|NAME=PinUniqueId|TEXT=LWLKKHTG|UNIQUEID=NGYHWDRA|
RECORD= 2|LINENO=1021|OWNERPARTID=   3|OWNERINDEX=1009|%UTF8%SWAPIDPART=Â¦&Â¦A1|DESIGNATOR=43|ELECTRICAL=4|FORMALTYPE=1|LOCATION.X=630|LOCATION.Y=670|NAME=VLXSMPS|PINCONGLOMERATE=58|PINLENGTH=10|SWAPIDPART=Ž&ŽA1|
RECORD=41|LINENO=1022|OWNERPARTID=   0|OWNERINDEX=1021|FONTID=1|ISHIDDEN=T|LOCATION.X=630|LOCATION.Y=670|NAME=PinUniqueId|TEXT=YXUTCOYY|UNIQUEID=BWGMITIT|
RECORD= 2|LINENO=1023|OWNERPARTID=   3|OWNERINDEX=1009|%UTF8%SWAPIDPART=Â¦&Â¦A1|DESIGNATOR=41|ELECTRICAL=4|FORMALTYPE=1|LOCATION.X=630|LOCATION.Y=650|NAME=VFBSMPS|PINCONGLOMERATE=58|PINLENGTH=10|SWAPIDPART=Ž&ŽA1|
RECORD=41|LINENO=1024|OWNERPARTID=   0|OWNERINDEX=1023|FONTID=1|ISHIDDEN=T|LOCATION.X=630|LOCATION.Y=650|NAME=PinUniqueId|TEXT=UWFTVECW|UNIQUEID=GIPRVPYG|
RECORD=14|LINENO=1025|OWNERPARTID=   3|OWNERINDEX=1009|AREACOLOR=11599871|CORNER.X=720|CORNER.Y=710|ISSOLID=T|LOCATION.X=630|LOCATION.Y=600|TRANSPARENT=T|
RECORD=14|LINENO=1026|OWNERPARTID=   4|OWNERINDEX=1009|AREACOLOR=11599871|CORNER.X=750|CORNER.Y=710|ISSOLID=T|LOCATION.X=600|LOCATION.Y=640|
RECORD= 2|LINENO=1027|OWNERPARTID=   4|OWNERINDEX=1009|%UTF8%SWAPIDPART=Â¦&Â¦31|DESIGNATOR=35|ELECTRICAL=4|FORMALTYPE=1|LOCATION.X=600|LOCATION.Y=700|NAME=OSC_IN|PINCONGLOMERATE=58|PINLENGTH=10|SWAPIDPART=Ž&Ž31|
RECORD=41|LINENO=1028|OWNERPARTID=   0|OWNERINDEX=1027|FONTID=1|ISHIDDEN=T|LOCATION.X=600|LOCATION.Y=700|NAME=PinUniqueId|TEXT=CKEJVDWQ|UNIQUEID=UYWEFUTC|
RECORD= 2|LINENO=1029|OWNERPARTID=   4|OWNERINDEX=1009|%UTF8%SWAPIDPART=Â¦&Â¦31|DESIGNATOR=34|ELECTRICAL=4|FORMALTYPE=1|LOCATION.X=600|LOCATION.Y=690|NAME=OSC_OUT|PINCONGLOMERATE=58|PINLENGTH=10|SWAPIDPART=Ž&Ž31|
RECORD=41|LINENO=1030|OWNERPARTID=   0|OWNERINDEX=1029|FONTID=1|ISHIDDEN=T|LOCATION.X=600|LOCATION.Y=690|NAME=PinUniqueId|TEXT=ANUWWDMU|UNIQUEID=VCXVNJBM|
RECORD= 2|LINENO=1031|OWNERPARTID=   4|OWNERINDEX=1009|%UTF8%SWAPIDPART=Â¦&Â¦31|DESIGNATOR=3|ELECTRICAL=4|FORMALTYPE=1|LOCATION.X=600|LOCATION.Y=660|NAME=PC14-OSC32_IN|PINCONGLOMERATE=58|PINLENGTH=10|SWAPIDPART=Ž&Ž31|
RECORD=41|LINENO=1032|OWNERPARTID=   0|OWNERINDEX=1031|FONTID=1|ISHIDDEN=T|LOCATION.X=600|LOCATION.Y=660|NAME=PinUniqueId|TEXT=DOFPJEBE|UNIQUEID=IUKTIVCE|
RECORD= 2|LINENO=1033|OWNERPARTID=   4|OWNERINDEX=1009|%UTF8%SWAPIDPART=Â¦&Â¦31|DESIGNATOR=4|ELECTRICAL=4|FORMALTYPE=1|LOCATION.X=600|LOCATION.Y=650|NAME=PC15-OSC32_OUT|PINCONGLOMERATE=58|PINLENGTH=10|SWAPIDPART=Ž&Ž31|
RECORD=41|LINENO=1034|OWNERPARTID=   0|OWNERINDEX=1033|FONTID=1|ISHIDDEN=T|LOCATION.X=600|LOCATION.Y=650|NAME=PinUniqueId|TEXT=YJDFNRJT|UNIQUEID=YSRGAMMN|
RECORD= 2|LINENO=1035|OWNERPARTID=   4|OWNERINDEX=1009|%UTF8%SWAPIDPART=Â¦&Â¦31|DESIGNATOR=5|ELECTRICAL=4|FORMALTYPE=1|LOCATION.X=750|LOCATION.Y=680|NAME=PH3-BOOT0|PINCONGLOMERATE=56|PINLENGTH=10|SWAPIDPART=Ž&Ž31|
RECORD=41|LINENO=1036|OWNERPARTID=   0|OWNERINDEX=1035|FONTID=1|ISHIDDEN=T|LOCATION.X=750|LOCATION.Y=680|NAME=PinUniqueId|TEXT=LUNBUBSY|UNIQUEID=XPMUXUYN|
RECORD= 2|LINENO=1037|OWNERPARTID=   4|OWNERINDEX=1009|%UTF8%SWAPIDPART=Â¦&Â¦31|DESIGNATOR=36|ELECTRICAL=4|FORMALTYPE=1|LOCATION.X=750|LOCATION.Y=660|NAME=AT0|PINCONGLOMERATE=56|PINLENGTH=10|SWAPIDPART=Ž&Ž31|
RECORD=41|LINENO=1038|OWNERPARTID=   0|OWNERINDEX=1037|FONTID=1|ISHIDDEN=T|LOCATION.X=750|LOCATION.Y=660|NAME=PinUniqueId|TEXT=KLSHDBLY|UNIQUEID=ORXUVIUJ|
RECORD= 2|LINENO=1039|OWNERPARTID=   4|OWNERINDEX=1009|%UTF8%SWAPIDPART=Â¦&Â¦31|DESIGNATOR=37|ELECTRICAL=4|FORMALTYPE=1|LOCATION.X=750|LOCATION.Y=650|NAME=AT1|PINCONGLOMERATE=56|PINLENGTH=10|SWAPIDPART=Ž&Ž31|
RECORD=41|LINENO=1040|OWNERPARTID=   0|OWNERINDEX=1039|FONTID=1|ISHIDDEN=T|LOCATION.X=750|LOCATION.Y=650|NAME=PinUniqueId|TEXT=FUSNJDEO|UNIQUEID=LBNIGPWW|
RECORD= 2|LINENO=1041|OWNERPARTID=   4|OWNERINDEX=1009|%UTF8%SWAPIDPART=Â¦&Â¦31|DESIGNATOR=8|ELECTRICAL=4|FORMALTYPE=1|LOCATION.X=750|LOCATION.Y=700|NAME=NRST|PINCONGLOMERATE=56|PINLENGTH=10|SWAPIDPART=Ž&Ž31|
RECORD=41|LINENO=1042|OWNERPARTID=   0|OWNERINDEX=1041|FONTID=1|ISHIDDEN=T|LOCATION.X=750|LOCATION.Y=700|NAME=PinUniqueId|TEXT=NTNWQQFH|UNIQUEID=HGAFDVFB|
RECORD=14|LINENO=1043|OWNERPARTID=   6|OWNERINDEX=1009|AREACOLOR=11599871|CORNER.X=760|CORNER.Y=710|ISSOLID=T|LOCATION.X=600|LOCATION.Y=360|
RECORD= 2|LINENO=1044|OWNERPARTID=   6|OWNERINDEX=1009|%UTF8%SWAPIDPART=Â¦&Â¦1|DESIGNATOR=15|ELECTRICAL=4|FORMALTYPE=1|LOCATION.X=600|LOCATION.Y=690|NAME=PA0|PINCONGLOMERATE=58|PINLENGTH=10|SWAPIDPART=Ž&Ž1|
RECORD=41|LINENO=1045|OWNERPARTID=   0|OWNERINDEX=1044|FONTID=1|ISHIDDEN=T|LOCATION.X=600|LOCATION.Y=690|NAME=PinUniqueId|TEXT=BFTEDMDU|UNIQUEID=TOPQAHCU|
RECORD= 2|LINENO=1046|OWNERPARTID=   6|OWNERINDEX=1009|%UTF8%SWAPIDPART=Â¦&Â¦1|DESIGNATOR=16|ELECTRICAL=4|FORMALTYPE=1|LOCATION.X=600|LOCATION.Y=680|NAME=PA1|PINCONGLOMERATE=58|PINLENGTH=10|SWAPIDPART=Ž&Ž1|
RECORD=41|LINENO=1047|OWNERPARTID=   0|OWNERINDEX=1046|FONTID=1|ISHIDDEN=T|LOCATION.X=600|LOCATION.Y=680|NAME=PinUniqueId|TEXT=FECJJBHP|UNIQUEID=YJEUERSH|
RECORD= 2|LINENO=1048|OWNERPARTID=   6|OWNERINDEX=1009|%UTF8%SWAPIDPART=Â¦&Â¦1|DESIGNATOR=17|ELECTRICAL=4|FORMALTYPE=1|LOCATION.X=600|LOCATION.Y=670|NAME=PA2|PINCONGLOMERATE=58|PINLENGTH=10|SWAPIDPART=Ž&Ž1|
RECORD=41|LINENO=1049|OWNERPARTID=   0|OWNERINDEX=1048|FONTID=1|ISHIDDEN=T|LOCATION.X=600|LOCATION.Y=670|NAME=PinUniqueId|TEXT=DDTSCOHB|UNIQUEID=BPKCTFPH|
RECORD= 2|LINENO=1050|OWNERPARTID=   6|OWNERINDEX=1009|%UTF8%SWAPIDPART=Â¦&Â¦1|DESIGNATOR=18|ELECTRICAL=4|FORMALTYPE=1|LOCATION.X=600|LOCATION.Y=660|NAME=PA3|PINCONGLOMERATE=58|PINLENGTH=10|SWAPIDPART=Ž&Ž1|
RECORD=41|LINENO=1051|OWNERPARTID=   0|OWNERINDEX=1050|FONTID=1|ISHIDDEN=T|LOCATION.X=600|LOCATION.Y=660|NAME=PinUniqueId|TEXT=QUERXNWU|UNIQUEID=ADYJXNBC|
RECORD= 2|LINENO=1052|OWNERPARTID=   6|OWNERINDEX=1009|%UTF8%SWAPIDPART=Â¦&Â¦1|DESIGNATOR=19|ELECTRICAL=4|FORMALTYPE=1|LOCATION.X=600|LOCATION.Y=650|NAME=PA4|PINCONGLOMERATE=58|PINLENGTH=10|SWAPIDPART=Ž&Ž1|
RECORD=41|LINENO=1053|OWNERPARTID=   0|OWNERINDEX=1052|FONTID=1|ISHIDDEN=T|LOCATION.X=600|LOCATION.Y=650|NAME=PinUniqueId|TEXT=DAXRCVOI|UNIQUEID=JQCSJIYP|
RECORD= 2|LINENO=1054|OWNERPARTID=   6|OWNERINDEX=1009|%UTF8%SWAPIDPART=Â¦&Â¦1|DESIGNATOR=20|ELECTRICAL=4|FORMALTYPE=1|LOCATION.X=600|LOCATION.Y=640|NAME=PA5|PINCONGLOMERATE=58|PINLENGTH=10|SWAPIDPART=Ž&Ž1|
RECORD=41|LINENO=1055|OWNERPARTID=   0|OWNERINDEX=1054|FONTID=1|ISHIDDEN=T|LOCATION.X=600|LOCATION.Y=640|NAME=PinUniqueId|TEXT=QBCQHUKC|UNIQUEID=XRUNHCKR|
RECORD= 2|LINENO=1056|OWNERPARTID=   6|OWNERINDEX=1009|%UTF8%SWAPIDPART=Â¦&Â¦1|DESIGNATOR=21|ELECTRICAL=4|FORMALTYPE=1|LOCATION.X=600|LOCATION.Y=630|NAME=PA6|PINCONGLOMERATE=58|PINLENGTH=10|SWAPIDPART=Ž&Ž1|
RECORD=41|LINENO=1057|OWNERPARTID=   0|OWNERINDEX=1056|FONTID=1|ISHIDDEN=T|LOCATION.X=600|LOCATION.Y=630|NAME=PinUniqueId|TEXT=CGLMQRUO|UNIQUEID=XKKUJFJX|
RECORD= 2|LINENO=1058|OWNERPARTID=   6|OWNERINDEX=1009|%UTF8%SWAPIDPART=Â¦&Â¦1|DESIGNATOR=22|ELECTRICAL=4|FORMALTYPE=1|LOCATION.X=600|LOCATION.Y=620|NAME=PA7|PINCONGLOMERATE=58|PINLENGTH=10|SWAPIDPART=Ž&Ž1|
RECORD=41|LINENO=1059|OWNERPARTID=   0|OWNERINDEX=1058|FONTID=1|ISHIDDEN=T|LOCATION.X=600|LOCATION.Y=620|NAME=PinUniqueId|TEXT=GYCEPPQD|UNIQUEID=RSBSRKPU|
RECORD= 2|LINENO=1060|OWNERPARTID=   6|OWNERINDEX=1009|%UTF8%SWAPIDPART=Â¦&Â¦1|DESIGNATOR=23|ELECTRICAL=4|FORMALTYPE=1|LOCATION.X=600|LOCATION.Y=610|NAME=PA8|PINCONGLOMERATE=58|PINLENGTH=10|SWAPIDPART=Ž&Ž1|
RECORD=41|LINENO=1061|OWNERPARTID=   0|OWNERINDEX=1060|FONTID=1|ISHIDDEN=T|LOCATION.X=600|LOCATION.Y=610|NAME=PinUniqueId|TEXT=IVPTBRYS|UNIQUEID=TDITQKNY|
RECORD= 2|LINENO=1062|OWNERPARTID=   6|OWNERINDEX=1009|%UTF8%SWAPIDPART=Â¦&Â¦1|DESIGNATOR=24|ELECTRICAL=4|FORMALTYPE=1|LOCATION.X=600|LOCATION.Y=600|NAME=PA9|PINCONGLOMERATE=58|PINLENGTH=10|SWAPIDPART=Ž&Ž1|
RECORD=41|LINENO=1063|OWNERPARTID=   0|OWNERINDEX=1062|FONTID=1|ISHIDDEN=T|LOCATION.X=600|LOCATION.Y=600|NAME=PinUniqueId|TEXT=VGXHFNHG|UNIQUEID=CLYSJBBW|
RECORD= 2|LINENO=1064|OWNERPARTID=   6|OWNERINDEX=1009|%UTF8%SWAPIDPART=Â¦&Â¦1|DESIGNATOR=25|ELECTRICAL=4|FORMALTYPE=1|LOCATION.X=760|LOCATION.Y=650|NAME=PC4|PINCONGLOMERATE=56|PINLENGTH=10|SWAPIDPART=Ž&Ž1|
RECORD=41|LINENO=1065|OWNERPARTID=   0|OWNERINDEX=1064|FONTID=1|ISHIDDEN=T|LOCATION.X=760|LOCATION.Y=650|NAME=PinUniqueId|TEXT=LFMJDTPA|UNIQUEID=AUJQNOQU|
RECORD= 2|LINENO=1066|OWNERPARTID=   6|OWNERINDEX=1009|%UTF8%SWAPIDPART=Â¦&Â¦1|DESIGNATOR=26|ELECTRICAL=4|FORMALTYPE=1|LOCATION.X=760|LOCATION.Y=640|NAME=PC5|PINCONGLOMERATE=56|PINLENGTH=10|SWAPIDPART=Ž&Ž1|
RECORD=41|LINENO=1067|OWNERPARTID=   0|OWNERINDEX=1066|FONTID=1|ISHIDDEN=T|LOCATION.X=760|LOCATION.Y=640|NAME=PinUniqueId|TEXT=BPGOMONP|UNIQUEID=KSQJXHKF|
RECORD= 2|LINENO=1068|OWNERPARTID=   6|OWNERINDEX=1009|%UTF8%SWAPIDPART=Â¦&Â¦1|DESIGNATOR=27|ELECTRICAL=4|FORMALTYPE=1|LOCATION.X=600|LOCATION.Y=500|NAME=PB2|PINCONGLOMERATE=58|PINLENGTH=10|SWAPIDPART=Ž&Ž1|
RECORD=41|LINENO=1069|OWNERPARTID=   0|OWNERINDEX=1068|FONTID=1|ISHIDDEN=T|LOCATION.X=600|LOCATION.Y=500|NAME=PinUniqueId|TEXT=JREUIOMB|UNIQUEID=HFFYNOEI|
RECORD= 2|LINENO=1070|OWNERPARTID=   6|OWNERINDEX=1009|%UTF8%SWAPIDPART=Â¦&Â¦1|DESIGNATOR=28|ELECTRICAL=4|FORMALTYPE=1|LOCATION.X=600|LOCATION.Y=420|NAME=PB10|PINCONGLOMERATE=58|PINLENGTH=10|SWAPIDPART=Ž&Ž1|
RECORD=41|LINENO=1071|OWNERPARTID=   0|OWNERINDEX=1070|FONTID=1|ISHIDDEN=T|LOCATION.X=600|LOCATION.Y=420|NAME=PinUniqueId|TEXT=PTBEXXFJ|UNIQUEID=QNVFVETA|
RECORD= 2|LINENO=1072|OWNERPARTID=   6|OWNERINDEX=1009|%UTF8%SWAPIDPART=Â¦&Â¦1|DESIGNATOR=9|ELECTRICAL=4|FORMALTYPE=1|LOCATION.X=760|LOCATION.Y=690|NAME=PC0|PINCONGLOMERATE=56|PINLENGTH=10|SWAPIDPART=Ž&Ž1|
RECORD=41|LINENO=1073|OWNERPARTID=   0|OWNERINDEX=1072|FONTID=1|ISHIDDEN=T|LOCATION.X=760|LOCATION.Y=690|NAME=PinUniqueId|TEXT=ALHDOFUD|UNIQUEID=IDSJNUBE|
RECORD= 2|LINENO=1074|OWNERPARTID=   6|OWNERINDEX=1009|%UTF8%SWAPIDPART=Â¦&Â¦1|DESIGNATOR=10|ELECTRICAL=4|FORMALTYPE=1|LOCATION.X=760|LOCATION.Y=680|NAME=PC1|PINCONGLOMERATE=56|PINLENGTH=10|SWAPIDPART=Ž&Ž1|
RECORD=41|LINENO=1075|OWNERPARTID=   0|OWNERINDEX=1074|FONTID=1|ISHIDDEN=T|LOCATION.X=760|LOCATION.Y=680|NAME=PinUniqueId|TEXT=MXYYWSMX|UNIQUEID=BVEIRXNA|
RECORD= 2|LINENO=1076|OWNERPARTID=   6|OWNERINDEX=1009|%UTF8%SWAPIDPART=Â¦&Â¦1|DESIGNATOR=11|ELECTRICAL=4|FORMALTYPE=1|LOCATION.X=760|LOCATION.Y=670|NAME=PC2|PINCONGLOMERATE=56|PINLENGTH=10|SWAPIDPART=Ž&Ž1|
RECORD=41|LINENO=1077|OWNERPARTID=   0|OWNERINDEX=1076|FONTID=1|ISHIDDEN=T|LOCATION.X=760|LOCATION.Y=670|NAME=PinUniqueId|TEXT=KWMKGCTI|UNIQUEID=GQBFMGKH|
RECORD= 2|LINENO=1078|OWNERPARTID=   6|OWNERINDEX=1009|%UTF8%SWAPIDPART=Â¦&Â¦1|DESIGNATOR=12|ELECTRICAL=4|FORMALTYPE=1|LOCATION.X=760|LOCATION.Y=660|NAME=PC3|PINCONGLOMERATE=56|PINLENGTH=10|SWAPIDPART=Ž&Ž1|
RECORD=41|LINENO=1079|OWNERPARTID=   0|OWNERINDEX=1078|FONTID=1|ISHIDDEN=T|LOCATION.X=760|LOCATION.Y=660|NAME=PinUniqueId|TEXT=NMYWRLGC|UNIQUEID=LDSXSXIC|
RECORD= 2|LINENO=1080|OWNERPARTID=   6|OWNERINDEX=1009|%UTF8%SWAPIDPART=Â¦&Â¦1|DESIGNATOR=6|ELECTRICAL=4|FORMALTYPE=1|LOCATION.X=600|LOCATION.Y=440|NAME=PB8|PINCONGLOMERATE=58|PINLENGTH=10|SWAPIDPART=Ž&Ž1|
RECORD=41|LINENO=1081|OWNERPARTID=   0|OWNERINDEX=1080|FONTID=1|ISHIDDEN=T|LOCATION.X=600|LOCATION.Y=440|NAME=PinUniqueId|TEXT=RQVRDLAS|UNIQUEID=CFIJPTPQ|
RECORD= 2|LINENO=1082|OWNERPARTID=   6|OWNERINDEX=1009|%UTF8%SWAPIDPART=Â¦&Â¦1|DESIGNATOR=7|ELECTRICAL=4|FORMALTYPE=1|LOCATION.X=600|LOCATION.Y=430|NAME=PB9|PINCONGLOMERATE=58|PINLENGTH=10|SWAPIDPART=Ž&Ž1|
RECORD=41|LINENO=1083|OWNERPARTID=   0|OWNERINDEX=1082|FONTID=1|ISHIDDEN=T|LOCATION.X=600|LOCATION.Y=430|NAME=PinUniqueId|TEXT=TVNYNYLH|UNIQUEID=XFEWIBYX|
RECORD= 2|LINENO=1084|OWNERPARTID=   6|OWNERINDEX=1009|%UTF8%SWAPIDPART=Â¦&Â¦1|DESIGNATOR=2|ELECTRICAL=4|FORMALTYPE=1|LOCATION.X=760|LOCATION.Y=560|NAME=PC13|PINCONGLOMERATE=56|PINLENGTH=10|SWAPIDPART=Ž&Ž1|
RECORD=41|LINENO=1085|OWNERPARTID=   0|OWNERINDEX=1084|FONTID=1|ISHIDDEN=T|LOCATION.X=760|LOCATION.Y=560|NAME=PinUniqueId|TEXT=UCFJHBWP|UNIQUEID=FXUWXHCW|
RECORD= 2|LINENO=1086|OWNERPARTID=   6|OWNERINDEX=1009|%UTF8%SWAPIDPART=Â¦&Â¦1|DESIGNATOR=29|ELECTRICAL=4|FORMALTYPE=1|LOCATION.X=600|LOCATION.Y=410|NAME=PB11|PINCONGLOMERATE=58|PINLENGTH=10|SWAPIDPART=Ž&Ž1|
RECORD=41|LINENO=1087|OWNERPARTID=   0|OWNERINDEX=1086|FONTID=1|ISHIDDEN=T|LOCATION.X=600|LOCATION.Y=410|NAME=PinUniqueId|TEXT=YBJRIAOQ|UNIQUEID=AQSUITIV|
RECORD= 2|LINENO=1088|OWNERPARTID=   6|OWNERINDEX=1009|%UTF8%SWAPIDPART=Â¦&Â¦1|DESIGNATOR=46|ELECTRICAL=4|FORMALTYPE=1|LOCATION.X=600|LOCATION.Y=400|NAME=PB12|PINCONGLOMERATE=58|PINLENGTH=10|SWAPIDPART=Ž&Ž1|
RECORD=41|LINENO=1089|OWNERPARTID=   0|OWNERINDEX=1088|FONTID=1|ISHIDDEN=T|LOCATION.X=600|LOCATION.Y=400|NAME=PinUniqueId|TEXT=SXUFYYEN|UNIQUEID=RRQPUWLE|
RECORD= 2|LINENO=1090|OWNERPARTID=   6|OWNERINDEX=1009|%UTF8%SWAPIDPART=Â¦&Â¦1|DESIGNATOR=47|ELECTRICAL=4|FORMALTYPE=1|LOCATION.X=600|LOCATION.Y=390|NAME=PB13|PINCONGLOMERATE=58|PINLENGTH=10|SWAPIDPART=Ž&Ž1|
RECORD=41|LINENO=1091|OWNERPARTID=   0|OWNERINDEX=1090|FONTID=1|ISHIDDEN=T|LOCATION.X=600|LOCATION.Y=390|NAME=PinUniqueId|TEXT=XHNYTUCJ|UNIQUEID=FYBHOIKJ|
RECORD= 2|LINENO=1092|OWNERPARTID=   6|OWNERINDEX=1009|%UTF8%SWAPIDPART=Â¦&Â¦1|DESIGNATOR=48|ELECTRICAL=4|FORMALTYPE=1|LOCATION.X=600|LOCATION.Y=380|NAME=PB14|PINCONGLOMERATE=58|PINLENGTH=10|SWAPIDPART=Ž&Ž1|
RECORD=41|LINENO=1093|OWNERPARTID=   0|OWNERINDEX=1092|FONTID=1|ISHIDDEN=T|LOCATION.X=600|LOCATION.Y=380|NAME=PinUniqueId|TEXT=EFORRFFT|UNIQUEID=UIXXFBHN|
RECORD= 2|LINENO=1094|OWNERPARTID=   6|OWNERINDEX=1009|%UTF8%SWAPIDPART=Â¦&Â¦1|DESIGNATOR=49|ELECTRICAL=4|FORMALTYPE=1|LOCATION.X=600|LOCATION.Y=370|NAME=PB15|PINCONGLOMERATE=58|PINLENGTH=10|SWAPIDPART=Ž&Ž1|
RECORD=41|LINENO=1095|OWNERPARTID=   0|OWNERINDEX=1094|FONTID=1|ISHIDDEN=T|LOCATION.X=600|LOCATION.Y=370|NAME=PinUniqueId|TEXT=BWCPEBBQ|UNIQUEID=MQEXHBEX|
RECORD= 2|LINENO=1096|OWNERPARTID=   6|OWNERINDEX=1009|%UTF8%SWAPIDPART=Â¦&Â¦1|DESIGNATOR=50|ELECTRICAL=4|FORMALTYPE=1|LOCATION.X=760|LOCATION.Y=630|NAME=PC6|PINCONGLOMERATE=56|PINLENGTH=10|SWAPIDPART=Ž&Ž1|
RECORD=41|LINENO=1097|OWNERPARTID=   0|OWNERINDEX=1096|FONTID=1|ISHIDDEN=T|LOCATION.X=760|LOCATION.Y=630|NAME=PinUniqueId|TEXT=PQNBEJQG|UNIQUEID=OVOOEXDA|
RECORD= 2|LINENO=1098|OWNERPARTID=   6|OWNERINDEX=1009|%UTF8%SWAPIDPART=Â¦&Â¦1|DESIGNATOR=51|ELECTRICAL=4|FORMALTYPE=1|LOCATION.X=600|LOCATION.Y=590|NAME=PA10|PINCONGLOMERATE=58|PINLENGTH=10|SWAPIDPART=Ž&Ž1|
RECORD=41|LINENO=1099|OWNERPARTID=   0|OWNERINDEX=1098|FONTID=1|ISHIDDEN=T|LOCATION.X=600|LOCATION.Y=590|NAME=PinUniqueId|TEXT=QVMDLHDG|UNIQUEID=ONJWOJKQ|
RECORD= 2|LINENO=1100|OWNERPARTID=   6|OWNERINDEX=1009|%UTF8%SWAPIDPART=Â¦&Â¦1|DESIGNATOR=52|ELECTRICAL=4|FORMALTYPE=1|LOCATION.X=600|LOCATION.Y=580|NAME=PA11|PINCONGLOMERATE=58|PINLENGTH=10|SWAPIDPART=Ž&Ž1|
RECORD=41|LINENO=1101|OWNERPARTID=   0|OWNERINDEX=1100|FONTID=1|ISHIDDEN=T|LOCATION.X=600|LOCATION.Y=580|NAME=PinUniqueId|TEXT=IOJPYLOU|UNIQUEID=WRHYKJJW|
RECORD= 2|LINENO=1102|OWNERPARTID=   6|OWNERINDEX=1009|%UTF8%SWAPIDPART=Â¦&Â¦1|DESIGNATOR=53|ELECTRICAL=4|FORMALTYPE=1|LOCATION.X=600|LOCATION.Y=570|NAME=PA12|PINCONGLOMERATE=58|PINLENGTH=10|SWAPIDPART=Ž&Ž1|
RECORD=41|LINENO=1103|OWNERPARTID=   0|OWNERINDEX=1102|FONTID=1|ISHIDDEN=T|LOCATION.X=600|LOCATION.Y=570|NAME=PinUniqueId|TEXT=QKCHCTNF|UNIQUEID=PWGMSEWU|
RECORD= 2|LINENO=1104|OWNERPARTID=   6|OWNERINDEX=1009|%UTF8%SWAPIDPART=Â¦&Â¦1|DESIGNATOR=54|ELECTRICAL=4|FORMALTYPE=1|LOCATION.X=600|LOCATION.Y=560|NAME=PA13-JTMS_SWDIO|PINCONGLOMERATE=58|PINLENGTH=10|SWAPIDPART=Ž&Ž1|
RECORD=41|LINENO=1105|OWNERPARTID=   0|OWNERINDEX=1104|FONTID=1|ISHIDDEN=T|LOCATION.X=600|LOCATION.Y=560|NAME=PinUniqueId|TEXT=EMVUWJFL|UNIQUEID=JSNJOFIT|
RECORD= 2|LINENO=1106|OWNERPARTID=   6|OWNERINDEX=1009|%UTF8%SWAPIDPART=Â¦&Â¦1|DESIGNATOR=56|ELECTRICAL=4|FORMALTYPE=1|LOCATION.X=600|LOCATION.Y=550|NAME=PA14-JTCK_SWCLK|PINCONGLOMERATE=58|PINLENGTH=10|SWAPIDPART=Ž&Ž1|
RECORD=41|LINENO=1107|OWNERPARTID=   0|OWNERINDEX=1106|FONTID=1|ISHIDDEN=T|LOCATION.X=600|LOCATION.Y=550|NAME=PinUniqueId|TEXT=NYHEXBCM|UNIQUEID=JOPCWTDV|
RECORD= 2|LINENO=1108|OWNERPARTID=   6|OWNERINDEX=1009|%UTF8%SWAPIDPART=Â¦&Â¦1|DESIGNATOR=57|ELECTRICAL=4|FORMALTYPE=1|LOCATION.X=600|LOCATION.Y=540|NAME=PA15-JTDI|PINCONGLOMERATE=58|PINLENGTH=10|SWAPIDPART=Ž&Ž1|
RECORD=41|LINENO=1109|OWNERPARTID=   0|OWNERINDEX=1108|FONTID=1|ISHIDDEN=T|LOCATION.X=600|LOCATION.Y=540|NAME=PinUniqueId|TEXT=MUEMNTEM|UNIQUEID=JQJDRLAX|
RECORD= 2|LINENO=1110|OWNERPARTID=   6|OWNERINDEX=1009|%UTF8%SWAPIDPART=Â¦&Â¦1|DESIGNATOR=58|ELECTRICAL=4|FORMALTYPE=1|LOCATION.X=760|LOCATION.Y=590|NAME=PC10|PINCONGLOMERATE=56|PINLENGTH=10|SWAPIDPART=Ž&Ž1|
RECORD=41|LINENO=1111|OWNERPARTID=   0|OWNERINDEX=1110|FONTID=1|ISHIDDEN=T|LOCATION.X=760|LOCATION.Y=590|NAME=PinUniqueId|TEXT=KRLFJTUU|UNIQUEID=VJHQEKKT|
RECORD= 2|LINENO=1112|OWNERPARTID=   6|OWNERINDEX=1009|%UTF8%SWAPIDPART=Â¦&Â¦1|DESIGNATOR=59|ELECTRICAL=4|FORMALTYPE=1|LOCATION.X=760|LOCATION.Y=580|NAME=PC11|PINCONGLOMERATE=56|PINLENGTH=10|SWAPIDPART=Ž&Ž1|
RECORD=41|LINENO=1113|OWNERPARTID=   0|OWNERINDEX=1112|FONTID=1|ISHIDDEN=T|LOCATION.X=760|LOCATION.Y=580|NAME=PinUniqueId|TEXT=INKEJRAS|UNIQUEID=VAMRTLDI|
RECORD= 2|LINENO=1114|OWNERPARTID=   6|OWNERINDEX=1009|%UTF8%SWAPIDPART=Â¦&Â¦1|DESIGNATOR=60|ELECTRICAL=4|FORMALTYPE=1|LOCATION.X=760|LOCATION.Y=570|NAME=PC12|PINCONGLOMERATE=56|PINLENGTH=10|SWAPIDPART=Ž&Ž1|
RECORD=41|LINENO=1115|OWNERPARTID=   0|OWNERINDEX=1114|FONTID=1|ISHIDDEN=T|LOCATION.X=760|LOCATION.Y=570|NAME=PinUniqueId|TEXT=VBVPCGJC|UNIQUEID=OXGLKBQX|
RECORD= 2|LINENO=1116|OWNERPARTID=   6|OWNERINDEX=1009|%UTF8%SWAPIDPART=Â¦&Â¦1|DESIGNATOR=61|ELECTRICAL=4|FORMALTYPE=1|LOCATION.X=760|LOCATION.Y=540|NAME=PD0|PINCONGLOMERATE=56|PINLENGTH=10|SWAPIDPART=Ž&Ž1|
RECORD=41|LINENO=1117|OWNERPARTID=   0|OWNERINDEX=1116|FONTID=1|ISHIDDEN=T|LOCATION.X=760|LOCATION.Y=540|NAME=PinUniqueId|TEXT=CWCYSFOQ|UNIQUEID=JNDCAABB|
RECORD= 2|LINENO=1118|OWNERPARTID=   6|OWNERINDEX=1009|%UTF8%SWAPIDPART=Â¦&Â¦1|DESIGNATOR=62|ELECTRICAL=4|FORMALTYPE=1|LOCATION.X=760|LOCATION.Y=530|NAME=PD1|PINCONGLOMERATE=56|PINLENGTH=10|SWAPIDPART=Ž&Ž1|
RECORD=41|LINENO=1119|OWNERPARTID=   0|OWNERINDEX=1118|FONTID=1|ISHIDDEN=T|LOCATION.X=760|LOCATION.Y=530|NAME=PinUniqueId|TEXT=USLKYILL|UNIQUEID=FGNTLYKV|
RECORD= 2|LINENO=1120|OWNERPARTID=   6|OWNERINDEX=1009|%UTF8%SWAPIDPART=Â¦&Â¦1|DESIGNATOR=63|ELECTRICAL=4|FORMALTYPE=1|LOCATION.X=600|LOCATION.Y=490|NAME=PB3-JTDO|PINCONGLOMERATE=58|PINLENGTH=10|SWAPIDPART=Ž&Ž1|
RECORD=41|LINENO=1121|OWNERPARTID=   0|OWNERINDEX=1120|FONTID=1|ISHIDDEN=T|LOCATION.X=600|LOCATION.Y=490|NAME=PinUniqueId|TEXT=MDKCSDNQ|UNIQUEID=XEYUKUSA|
RECORD= 2|LINENO=1122|OWNERPARTID=   6|OWNERINDEX=1009|%UTF8%SWAPIDPART=Â¦&Â¦1|DESIGNATOR=64|ELECTRICAL=4|FORMALTYPE=1|LOCATION.X=600|LOCATION.Y=480|NAME=PB4-NJTRST|PINCONGLOMERATE=58|PINLENGTH=10|SWAPIDPART=Ž&Ž1|
RECORD=41|LINENO=1123|OWNERPARTID=   0|OWNERINDEX=1122|FONTID=1|ISHIDDEN=T|LOCATION.X=600|LOCATION.Y=480|NAME=PinUniqueId|TEXT=PEEQGTHN|UNIQUEID=VPXNNRSR|
RECORD= 2|LINENO=1124|OWNERPARTID=   6|OWNERINDEX=1009|%UTF8%SWAPIDPART=Â¦&Â¦1|DESIGNATOR=65|ELECTRICAL=4|FORMALTYPE=1|LOCATION.X=600|LOCATION.Y=470|NAME=PB5|PINCONGLOMERATE=58|PINLENGTH=10|SWAPIDPART=Ž&Ž1|
RECORD=41|LINENO=1125|OWNERPARTID=   0|OWNERINDEX=1124|FONTID=1|ISHIDDEN=T|LOCATION.X=600|LOCATION.Y=470|NAME=PinUniqueId|TEXT=SBXVCVTC|UNIQUEID=CJCFEGQV|
RECORD= 2|LINENO=1126|OWNERPARTID=   6|OWNERINDEX=1009|%UTF8%SWAPIDPART=Â¦&Â¦1|DESIGNATOR=66|ELECTRICAL=4|FORMALTYPE=1|LOCATION.X=600|LOCATION.Y=460|NAME=PB6|PINCONGLOMERATE=58|PINLENGTH=10|SWAPIDPART=Ž&Ž1|
RECORD=41|LINENO=1127|OWNERPARTID=   0|OWNERINDEX=1126|FONTID=1|ISHIDDEN=T|LOCATION.X=600|LOCATION.Y=460|NAME=PinUniqueId|TEXT=YILRGGYO|UNIQUEID=LWHEVEFB|
RECORD= 2|LINENO=1128|OWNERPARTID=   6|OWNERINDEX=1009|%UTF8%SWAPIDPART=Â¦&Â¦1|DESIGNATOR=67|ELECTRICAL=4|FORMALTYPE=1|LOCATION.X=600|LOCATION.Y=450|NAME=PB7|PINCONGLOMERATE=58|PINLENGTH=10|SWAPIDPART=Ž&Ž1|
RECORD=41|LINENO=1129|OWNERPARTID=   0|OWNERINDEX=1128|FONTID=1|ISHIDDEN=T|LOCATION.X=600|LOCATION.Y=450|NAME=PinUniqueId|TEXT=FXSVFRSR|UNIQUEID=QGXMCXRJ|
RECORD= 2|LINENO=1130|OWNERPARTID=   6|OWNERINDEX=1009|%UTF8%SWAPIDPART=Â¦&Â¦1|DESIGNATOR=39|ELECTRICAL=4|FORMALTYPE=1|LOCATION.X=600|LOCATION.Y=510|NAME=PB1|PINCONGLOMERATE=58|PINLENGTH=10|SWAPIDPART=Ž&Ž1|
RECORD=41|LINENO=1131|OWNERPARTID=   0|OWNERINDEX=1130|FONTID=1|ISHIDDEN=T|LOCATION.X=600|LOCATION.Y=510|NAME=PinUniqueId|TEXT=RINFJWBR|UNIQUEID=KUDAXCWR|
RECORD= 2|LINENO=1132|OWNERPARTID=   6|OWNERINDEX=1009|%UTF8%SWAPIDPART=Â¦&Â¦1|DESIGNATOR=38|ELECTRICAL=4|FORMALTYPE=1|LOCATION.X=600|LOCATION.Y=520|NAME=PB0|PINCONGLOMERATE=58|PINLENGTH=10|SWAPIDPART=Ž&Ž1|
RECORD=41|LINENO=1133|OWNERPARTID=   0|OWNERINDEX=1132|FONTID=1|ISHIDDEN=T|LOCATION.X=600|LOCATION.Y=520|NAME=PinUniqueId|TEXT=LYCEBWCM|UNIQUEID=XVFHYRFJ|
RECORD= 2|LINENO=1134|OWNERPARTID=   6|OWNERINDEX=1009|%UTF8%SWAPIDPART=Â¦&Â¦1|DESIGNATOR=40|ELECTRICAL=4|FORMALTYPE=1|LOCATION.X=760|LOCATION.Y=510|NAME=PE4|PINCONGLOMERATE=56|PINLENGTH=10|SWAPIDPART=Ž&Ž1|
RECORD=41|LINENO=1135|OWNERPARTID=   0|OWNERINDEX=1134|FONTID=1|ISHIDDEN=T|LOCATION.X=760|LOCATION.Y=510|NAME=PinUniqueId|TEXT=VDAOCXUB|UNIQUEID=WYVIACCD|
RECORD=14|LINENO=1136|OWNERPARTID=   5|OWNERINDEX=1009|AREACOLOR=11599871|CORNER.X=750|CORNER.Y=710|ISSOLID=T|LOCATION.X=610|LOCATION.Y=560|
RECORD= 2|LINENO=1137|OWNERPARTID=   5|OWNERINDEX=1009|%UTF8%SWAPIDPART=Â¦&Â¦3|DESIGNATOR=13|ELECTRICAL=4|FORMALTYPE=1|LOCATION.X=610|LOCATION.Y=580|NAME=VREF+|PINCONGLOMERATE=58|PINLENGTH=10|SWAPIDPART=Ž&Ž3|
RECORD=41|LINENO=1138|OWNERPARTID=   0|OWNERINDEX=1137|FONTID=1|ISHIDDEN=T|LOCATION.X=610|LOCATION.Y=580|NAME=PinUniqueId|TEXT=GBURBGXG|UNIQUEID=FEWGFWVH|
RECORD= 2|LINENO=1139|OWNERPARTID=   5|OWNERINDEX=1009|%UTF8%SWAPIDPART=Â¦&Â¦3|DESIGNATOR=14|ELECTRICAL=4|FORMALTYPE=1|LOCATION.X=610|LOCATION.Y=600|NAME=VDDA|PINCONGLOMERATE=58|PINLENGTH=10|SWAPIDPART=Ž&Ž3|
RECORD=41|LINENO=1140|OWNERPARTID=   0|OWNERINDEX=1139|FONTID=1|ISHIDDEN=T|LOCATION.X=610|LOCATION.Y=600|NAME=PinUniqueId|TEXT=PHGWVOTA|UNIQUEID=GBLQRRLJ|
RECORD= 2|LINENO=1141|OWNERPARTID=   5|OWNERINDEX=1009|%UTF8%SWAPIDPART=Â¦&Â¦3|DESIGNATOR=30|ELECTRICAL=4|FORMALTYPE=1|LOCATION.X=610|LOCATION.Y=660|NAME=VDD|PINCONGLOMERATE=58|PINLENGTH=10|SWAPIDPART=Ž&Ž3|
RECORD=41|LINENO=1142|OWNERPARTID=   0|OWNERINDEX=1141|FONTID=1|ISHIDDEN=T|LOCATION.X=610|LOCATION.Y=660|NAME=PinUniqueId|TEXT=KNRDDRJN|UNIQUEID=JLBVALMX|
RECORD= 2|LINENO=1143|OWNERPARTID=   5|OWNERINDEX=1009|%UTF8%SWAPIDPART=Â¦&Â¦3|DESIGNATOR=45|ELECTRICAL=4|FORMALTYPE=1|LOCATION.X=610|LOCATION.Y=680|NAME=VDD|PINCONGLOMERATE=58|PINLENGTH=10|SWAPIDPART=Ž&Ž3|
RECORD=41|LINENO=1144|OWNERPARTID=   0|OWNERINDEX=1143|FONTID=1|ISHIDDEN=T|LOCATION.X=610|LOCATION.Y=680|NAME=PinUniqueId|TEXT=FOTGXKFH|UNIQUEID=MEPTAVWQ|
RECORD= 2|LINENO=1145|OWNERPARTID=   5|OWNERINDEX=1009|%UTF8%SWAPIDPART=Â¦&Â¦3|DESIGNATOR=55|ELECTRICAL=4|FORMALTYPE=1|LOCATION.X=610|LOCATION.Y=620|NAME=VDDUSB|PINCONGLOMERATE=58|PINLENGTH=10|SWAPIDPART=Ž&Ž3|
RECORD=41|LINENO=1146|OWNERPARTID=   0|OWNERINDEX=1145|FONTID=1|ISHIDDEN=T|LOCATION.X=610|LOCATION.Y=620|NAME=PinUniqueId|TEXT=SUWGMYVU|UNIQUEID=YKVACGHA|
RECORD= 2|LINENO=1147|OWNERPARTID=   5|OWNERINDEX=1009|%UTF8%SWAPIDPART=Â¦&Â¦3|DESIGNATOR=1|ELECTRICAL=4|FORMALTYPE=1|LOCATION.X=610|LOCATION.Y=640|NAME=VBAT|PINCONGLOMERATE=58|PINLENGTH=10|SWAPIDPART=Ž&Ž3|
RECORD=41|LINENO=1148|OWNERPARTID=   0|OWNERINDEX=1147|FONTID=1|ISHIDDEN=T|LOCATION.X=610|LOCATION.Y=640|NAME=PinUniqueId|TEXT=TRTYPJLG|UNIQUEID=VXMGHUMA|
RECORD= 2|LINENO=1149|OWNERPARTID=   5|OWNERINDEX=1009|%UTF8%SWAPIDPART=Â¦&Â¦3|DESIGNATOR=68|ELECTRICAL=4|FORMALTYPE=1|LOCATION.X=610|LOCATION.Y=690|NAME=VDD|PINCONGLOMERATE=58|PINLENGTH=10|SWAPIDPART=Ž&Ž3|
RECORD=41|LINENO=1150|OWNERPARTID=   0|OWNERINDEX=1149|FONTID=1|ISHIDDEN=T|LOCATION.X=610|LOCATION.Y=690|NAME=PinUniqueId|TEXT=BAKDSMRU|UNIQUEID=BHOWVBKD|
RECORD= 2|LINENO=1151|OWNERPARTID=   5|OWNERINDEX=1009|%UTF8%SWAPIDPART=Â¦&Â¦10|DESIGNATOR=69|ELECTRICAL=4|FORMALTYPE=1|LOCATION.X=760|LOCATION.Y=550|NAME=VSS (ExPAD)|PINCONGLOMERATE=59|PINLENGTH=10|SWAPIDPART=Ž&Ž10|
RECORD=41|LINENO=1152|OWNERPARTID=   0|OWNERINDEX=1151|FONTID=1|ISHIDDEN=T|LOCATION.X=760|LOCATION.Y=550|NAME=PinUniqueId|TEXT=LYNRSFKA|UNIQUEID=XOWDHNKB|
RECORD= 6|LINENO=1153|OWNERPARTID=   5|OWNERINDEX=1009|LINEWIDTH=1|LOCATIONCOUNT=3|X1=752|X2=752|X3=740|Y1=570|Y2=558|Y3=558|
RECORD= 6|LINENO=1154|OWNERPARTID=   5|OWNERINDEX=1009|LINEWIDTH=1|LOCATIONCOUNT=2|X1=752|X2=760|Y1=558|Y2=550|
RECORD=34|LINENO=1155|OWNERPARTID=   0|OWNERINDEX=1009|FONTID=1|LOCATION.X=600|LOCATION.Y=710|NAME=Designator|TEXT=U1|UNIQUEID=WFJMPKLU|
RECORD=41|LINENO=1156|OWNERPARTID=   0|OWNERINDEX=1009|FONTID=1|LOCATION.X=600|LOCATION.Y=350|NAME=Comment|TEXT=STM32WBxx_QFN68|UNIQUEID=JGRGXADS|
RECORD=44|LINENO=1157|OWNERPARTID= -42|OWNERINDEX=1009|
RECORD=45|LINENO=1158|OWNERPARTID= -42|OWNERINDEX=1157|DATAFILECOUNT=1|ISCURRENT=T|MODELDATAFILEENTITY0=VFQFPN68_8x8x0.1_p0.4|MODELDATAFILEKIND0=PCBLib|MODELNAME=VFQFPN68_8x8x0.1_p0.4|MODELTYPE=PCBLIB|UNIQUEID=BVQHSXNP|
RECORD=46|LINENO=1159|OWNERPARTID= -42|OWNERINDEX=1158|
RECORD=48|LINENO=1160|OWNERPARTID= -42|OWNERINDEX=1158|
RECORD= 1|LINENO=1161|OWNERPARTID=   0|OWNERINDEX= -42|ALLPINCOUNT=69|AREACOLOR=11599871|CURRENTPARTID=3|DESIGNITEMID=STM32WBxx_QFN68|DISPLAYMODECOUNT=1|LIBRARYPATH=*|LIBREFERENCE=STM32WBxx_QFN68|LOCATION.X=690|LOCATION.Y=220|PARTCOUNT=6|PARTIDLOCKED=T|SOURCELIBRARYNAME=Active.SchLib|TARGETFILENAME=*|UNIQUEID=KNEACFWS|
RECORD=14|LINENO=1162|OWNERPARTID=   2|OWNERINDEX=1161|AREACOLOR=11599871|CORNER.X=740|CORNER.Y=220|ISSOLID=T|LOCATION.X=650|LOCATION.Y=140|
RECORD= 2|LINENO=1163|OWNERPARTID=   2|OWNERINDEX=1161|%UTF8%SWAPIDPART=Â¦&Â¦A1|DESIGNATOR=31|ELECTRICAL=4|FORMALTYPE=1|LOCATION.X=650|LOCATION.Y=200|NAME=RF1|PINCONGLOMERATE=58|PINLENGTH=10|SWAPIDPART=Ž&ŽA1|
RECORD=41|LINENO=1164|OWNERPARTID=   0|OWNERINDEX=1163|FONTID=1|ISHIDDEN=T|LOCATION.X=650|LOCATION.Y=200|NAME=PinUniqueId|TEXT=GATNCJYQ|UNIQUEID=JFJJAYHD|
RECORD= 2|LINENO=1165|OWNERPARTID=   2|OWNERINDEX=1161|%UTF8%SWAPIDPART=Â¦&Â¦A1|DESIGNATOR=33|ELECTRICAL=4|FORMALTYPE=1|LOCATION.X=740|LOCATION.Y=200|NAME=VDDRF|PINCONGLOMERATE=56|PINLENGTH=10|SWAPIDPART=Ž&ŽA1|
RECORD=41|LINENO=1166|OWNERPARTID=   0|OWNERINDEX=1165|FONTID=1|ISHIDDEN=T|LOCATION.X=740|LOCATION.Y=200|NAME=PinUniqueId|TEXT=FBPVLUPX|UNIQUEID=LHVRRSWQ|
RECORD= 2|LINENO=1167|OWNERPARTID=   2|OWNERINDEX=1161|%UTF8%SWAPIDPART=Â¦&Â¦A1|DESIGNATOR=32|ELECTRICAL=4|FORMALTYPE=1|LOCATION.X=740|LOCATION.Y=150|NAME=VSSRF|PINCONGLOMERATE=56|PINLENGTH=10|SWAPIDPART=Ž&ŽA1|
RECORD=41|LINENO=1168|OWNERPARTID=   0|OWNERINDEX=1167|FONTID=1|ISHIDDEN=T|LOCATION.X=740|LOCATION.Y=150|NAME=PinUniqueId|TEXT=XKGLXMLM|UNIQUEID=UEJAWLFA|
RECORD= 2|LINENO=1169|OWNERPARTID=   3|OWNERINDEX=1161|%UTF8%SWAPIDPART=Â¦&Â¦A1|DESIGNATOR=44|ELECTRICAL=4|FORMALTYPE=1|LOCATION.X=640|LOCATION.Y=200|NAME=VDDSMPS|PINCONGLOMERATE=58|PINLENGTH=10|SWAPIDPART=Ž&ŽA1|
RECORD=41|LINENO=1170|OWNERPARTID=   0|OWNERINDEX=1169|FONTID=1|ISHIDDEN=T|LOCATION.X=640|LOCATION.Y=200|NAME=PinUniqueId|TEXT=UFNUCJLB|UNIQUEID=KIACPDCO|
RECORD= 2|LINENO=1171|OWNERPARTID=   3|OWNERINDEX=1161|%UTF8%SWAPIDPART=Â¦&Â¦A1|DESIGNATOR=42|ELECTRICAL=4|FORMALTYPE=1|LOCATION.X=640|LOCATION.Y=130|NAME=VSSSMPS|PINCONGLOMERATE=58|PINLENGTH=10|SWAPIDPART=Ž&ŽA1|
RECORD=41|LINENO=1172|OWNERPARTID=   0|OWNERINDEX=1171|FONTID=1|ISHIDDEN=T|LOCATION.X=640|LOCATION.Y=130|NAME=PinUniqueId|TEXT=YLAGGGBB|UNIQUEID=YMNLANMM|
RECORD= 2|LINENO=1173|OWNERPARTID=   3|OWNERINDEX=1161|%UTF8%SWAPIDPART=Â¦&Â¦A1|DESIGNATOR=43|ELECTRICAL=4|FORMALTYPE=1|LOCATION.X=640|LOCATION.Y=180|NAME=VLXSMPS|PINCONGLOMERATE=58|PINLENGTH=10|SWAPIDPART=Ž&ŽA1|
RECORD=41|LINENO=1174|OWNERPARTID=   0|OWNERINDEX=1173|FONTID=1|ISHIDDEN=T|LOCATION.X=640|LOCATION.Y=180|NAME=PinUniqueId|TEXT=UMHDUDCK|UNIQUEID=VFEABRFF|
RECORD= 2|LINENO=1175|OWNERPARTID=   3|OWNERINDEX=1161|%UTF8%SWAPIDPART=Â¦&Â¦A1|DESIGNATOR=41|ELECTRICAL=4|FORMALTYPE=1|LOCATION.X=640|LOCATION.Y=160|NAME=VFBSMPS|PINCONGLOMERATE=58|PINLENGTH=10|SWAPIDPART=Ž&ŽA1|
RECORD=41|LINENO=1176|OWNERPARTID=   0|OWNERINDEX=1175|FONTID=1|ISHIDDEN=T|LOCATION.X=640|LOCATION.Y=160|NAME=PinUniqueId|TEXT=OUAVMYHL|UNIQUEID=NRNJLCIV|
RECORD=14|LINENO=1177|OWNERPARTID=   3|OWNERINDEX=1161|AREACOLOR=11599871|CORNER.X=730|CORNER.Y=220|ISSOLID=T|LOCATION.X=640|LOCATION.Y=110|TRANSPARENT=T|
RECORD=14|LINENO=1178|OWNERPARTID=   4|OWNERINDEX=1161|AREACOLOR=11599871|CORNER.X=760|CORNER.Y=220|ISSOLID=T|LOCATION.X=610|LOCATION.Y=150|
RECORD= 2|LINENO=1179|OWNERPARTID=   4|OWNERINDEX=1161|%UTF8%SWAPIDPART=Â¦&Â¦31|DESIGNATOR=35|ELECTRICAL=4|FORMALTYPE=1|LOCATION.X=610|LOCATION.Y=210|NAME=OSC_IN|PINCONGLOMERATE=58|PINLENGTH=10|SWAPIDPART=Ž&Ž31|
RECORD=41|LINENO=1180|OWNERPARTID=   0|OWNERINDEX=1179|FONTID=1|ISHIDDEN=T|LOCATION.X=610|LOCATION.Y=210|NAME=PinUniqueId|TEXT=WGQYUPOJ|UNIQUEID=WWKKGREH|
RECORD= 2|LINENO=1181|OWNERPARTID=   4|OWNERINDEX=1161|%UTF8%SWAPIDPART=Â¦&Â¦31|DESIGNATOR=34|ELECTRICAL=4|FORMALTYPE=1|LOCATION.X=610|LOCATION.Y=200|NAME=OSC_OUT|PINCONGLOMERATE=58|PINLENGTH=10|SWAPIDPART=Ž&Ž31|
RECORD=41|LINENO=1182|OWNERPARTID=   0|OWNERINDEX=1181|FONTID=1|ISHIDDEN=T|LOCATION.X=610|LOCATION.Y=200|NAME=PinUniqueId|TEXT=NFKNOHKN|UNIQUEID=QWVAEVSJ|
RECORD= 2|LINENO=1183|OWNERPARTID=   4|OWNERINDEX=1161|%UTF8%SWAPIDPART=Â¦&Â¦31|DESIGNATOR=3|ELECTRICAL=4|FORMALTYPE=1|LOCATION.X=610|LOCATION.Y=170|NAME=PC14-OSC32_IN|PINCONGLOMERATE=58|PINLENGTH=10|SWAPIDPART=Ž&Ž31|
RECORD=41|LINENO=1184|OWNERPARTID=   0|OWNERINDEX=1183|FONTID=1|ISHIDDEN=T|LOCATION.X=610|LOCATION.Y=170|NAME=PinUniqueId|TEXT=FQBXHBKS|UNIQUEID=NXBFEXUL|
RECORD= 2|LINENO=1185|OWNERPARTID=   4|OWNERINDEX=1161|%UTF8%SWAPIDPART=Â¦&Â¦31|DESIGNATOR=4|ELECTRICAL=4|FORMALTYPE=1|LOCATION.X=610|LOCATION.Y=160|NAME=PC15-OSC32_OUT|PINCONGLOMERATE=58|PINLENGTH=10|SWAPIDPART=Ž&Ž31|
RECORD=41|LINENO=1186|OWNERPARTID=   0|OWNERINDEX=1185|FONTID=1|ISHIDDEN=T|LOCATION.X=610|LOCATION.Y=160|NAME=PinUniqueId|TEXT=FABYWWUA|UNIQUEID=IAOUSTNG|
RECORD= 2|LINENO=1187|OWNERPARTID=   4|OWNERINDEX=1161|%UTF8%SWAPIDPART=Â¦&Â¦31|DESIGNATOR=5|ELECTRICAL=4|FORMALTYPE=1|LOCATION.X=760|LOCATION.Y=190|NAME=PH3-BOOT0|PINCONGLOMERATE=56|PINLENGTH=10|SWAPIDPART=Ž&Ž31|
RECORD=41|LINENO=1188|OWNERPARTID=   0|OWNERINDEX=1187|FONTID=1|ISHIDDEN=T|LOCATION.X=760|LOCATION.Y=190|NAME=PinUniqueId|TEXT=MOQDGABS|UNIQUEID=WTLYVBQC|
RECORD= 2|LINENO=1189|OWNERPARTID=   4|OWNERINDEX=1161|%UTF8%SWAPIDPART=Â¦&Â¦31|DESIGNATOR=36|ELECTRICAL=4|FORMALTYPE=1|LOCATION.X=760|LOCATION.Y=170|NAME=AT0|PINCONGLOMERATE=56|PINLENGTH=10|SWAPIDPART=Ž&Ž31|
RECORD=41|LINENO=1190|OWNERPARTID=   0|OWNERINDEX=1189|FONTID=1|ISHIDDEN=T|LOCATION.X=760|LOCATION.Y=170|NAME=PinUniqueId|TEXT=KDANBHOT|UNIQUEID=EUKIJFFG|
RECORD= 2|LINENO=1191|OWNERPARTID=   4|OWNERINDEX=1161|%UTF8%SWAPIDPART=Â¦&Â¦31|DESIGNATOR=37|ELECTRICAL=4|FORMALTYPE=1|LOCATION.X=760|LOCATION.Y=160|NAME=AT1|PINCONGLOMERATE=56|PINLENGTH=10|SWAPIDPART=Ž&Ž31|
RECORD=41|LINENO=1192|OWNERPARTID=   0|OWNERINDEX=1191|FONTID=1|ISHIDDEN=T|LOCATION.X=760|LOCATION.Y=160|NAME=PinUniqueId|TEXT=WCENNFHH|UNIQUEID=QWDMAOWX|
RECORD= 2|LINENO=1193|OWNERPARTID=   4|OWNERINDEX=1161|%UTF8%SWAPIDPART=Â¦&Â¦31|DESIGNATOR=8|ELECTRICAL=4|FORMALTYPE=1|LOCATION.X=760|LOCATION.Y=210|NAME=NRST|PINCONGLOMERATE=56|PINLENGTH=10|SWAPIDPART=Ž&Ž31|
RECORD=41|LINENO=1194|OWNERPARTID=   0|OWNERINDEX=1193|FONTID=1|ISHIDDEN=T|LOCATION.X=760|LOCATION.Y=210|NAME=PinUniqueId|TEXT=JOTLDFTV|UNIQUEID=KDPQTXVG|
RECORD=14|LINENO=1195|OWNERPARTID=   6|OWNERINDEX=1161|AREACOLOR=11599871|CORNER.X=770|CORNER.Y=220|ISSOLID=T|LOCATION.X=610|LOCATION.Y=-130|
RECORD= 2|LINENO=1196|OWNERPARTID=   6|OWNERINDEX=1161|%UTF8%SWAPIDPART=Â¦&Â¦1|DESIGNATOR=15|ELECTRICAL=4|FORMALTYPE=1|LOCATION.X=610|LOCATION.Y=200|NAME=PA0|PINCONGLOMERATE=58|PINLENGTH=10|SWAPIDPART=Ž&Ž1|
RECORD=41|LINENO=1197|OWNERPARTID=   0|OWNERINDEX=1196|FONTID=1|ISHIDDEN=T|LOCATION.X=610|LOCATION.Y=200|NAME=PinUniqueId|TEXT=YGXXRBQH|UNIQUEID=PVOQIDHS|
RECORD= 2|LINENO=1198|OWNERPARTID=   6|OWNERINDEX=1161|%UTF8%SWAPIDPART=Â¦&Â¦1|DESIGNATOR=16|ELECTRICAL=4|FORMALTYPE=1|LOCATION.X=610|LOCATION.Y=190|NAME=PA1|PINCONGLOMERATE=58|PINLENGTH=10|SWAPIDPART=Ž&Ž1|
RECORD=41|LINENO=1199|OWNERPARTID=   0|OWNERINDEX=1198|FONTID=1|ISHIDDEN=T|LOCATION.X=610|LOCATION.Y=190|NAME=PinUniqueId|TEXT=RBYBFQYU|UNIQUEID=QFVHJLGB|
RECORD= 2|LINENO=1200|OWNERPARTID=   6|OWNERINDEX=1161|%UTF8%SWAPIDPART=Â¦&Â¦1|DESIGNATOR=17|ELECTRICAL=4|FORMALTYPE=1|LOCATION.X=610|LOCATION.Y=180|NAME=PA2|PINCONGLOMERATE=58|PINLENGTH=10|SWAPIDPART=Ž&Ž1|
RECORD=41|LINENO=1201|OWNERPARTID=   0|OWNERINDEX=1200|FONTID=1|ISHIDDEN=T|LOCATION.X=610|LOCATION.Y=180|NAME=PinUniqueId|TEXT=QROJAJVN|UNIQUEID=XSDAASHB|
RECORD= 2|LINENO=1202|OWNERPARTID=   6|OWNERINDEX=1161|%UTF8%SWAPIDPART=Â¦&Â¦1|DESIGNATOR=18|ELECTRICAL=4|FORMALTYPE=1|LOCATION.X=610|LOCATION.Y=170|NAME=PA3|PINCONGLOMERATE=58|PINLENGTH=10|SWAPIDPART=Ž&Ž1|
RECORD=41|LINENO=1203|OWNERPARTID=   0|OWNERINDEX=1202|FONTID=1|ISHIDDEN=T|LOCATION.X=610|LOCATION.Y=170|NAME=PinUniqueId|TEXT=IXPUSITX|UNIQUEID=DRGTQGOC|
RECORD= 2|LINENO=1204|OWNERPARTID=   6|OWNERINDEX=1161|%UTF8%SWAPIDPART=Â¦&Â¦1|DESIGNATOR=19|ELECTRICAL=4|FORMALTYPE=1|LOCATION.X=610|LOCATION.Y=160|NAME=PA4|PINCONGLOMERATE=58|PINLENGTH=10|SWAPIDPART=Ž&Ž1|
RECORD=41|LINENO=1205|OWNERPARTID=   0|OWNERINDEX=1204|FONTID=1|ISHIDDEN=T|LOCATION.X=610|LOCATION.Y=160|NAME=PinUniqueId|TEXT=CNKDLFIF|UNIQUEID=VDDMDTRT|
RECORD= 2|LINENO=1206|OWNERPARTID=   6|OWNERINDEX=1161|%UTF8%SWAPIDPART=Â¦&Â¦1|DESIGNATOR=20|ELECTRICAL=4|FORMALTYPE=1|LOCATION.X=610|LOCATION.Y=150|NAME=PA5|PINCONGLOMERATE=58|PINLENGTH=10|SWAPIDPART=Ž&Ž1|
RECORD=41|LINENO=1207|OWNERPARTID=   0|OWNERINDEX=1206|FONTID=1|ISHIDDEN=T|LOCATION.X=610|LOCATION.Y=150|NAME=PinUniqueId|TEXT=KOQQBKYG|UNIQUEID=GWHJVVOY|
RECORD= 2|LINENO=1208|OWNERPARTID=   6|OWNERINDEX=1161|%UTF8%SWAPIDPART=Â¦&Â¦1|DESIGNATOR=21|ELECTRICAL=4|FORMALTYPE=1|LOCATION.X=610|LOCATION.Y=140|NAME=PA6|PINCONGLOMERATE=58|PINLENGTH=10|SWAPIDPART=Ž&Ž1|
RECORD=41|LINENO=1209|OWNERPARTID=   0|OWNERINDEX=1208|FONTID=1|ISHIDDEN=T|LOCATION.X=610|LOCATION.Y=140|NAME=PinUniqueId|TEXT=PSVCKJOU|UNIQUEID=UJRBCLSA|
RECORD= 2|LINENO=1210|OWNERPARTID=   6|OWNERINDEX=1161|%UTF8%SWAPIDPART=Â¦&Â¦1|DESIGNATOR=22|ELECTRICAL=4|FORMALTYPE=1|LOCATION.X=610|LOCATION.Y=130|NAME=PA7|PINCONGLOMERATE=58|PINLENGTH=10|SWAPIDPART=Ž&Ž1|
RECORD=41|LINENO=1211|OWNERPARTID=   0|OWNERINDEX=1210|FONTID=1|ISHIDDEN=T|LOCATION.X=610|LOCATION.Y=130|NAME=PinUniqueId|TEXT=FHHCSHIV|UNIQUEID=XAQREBGJ|
RECORD= 2|LINENO=1212|OWNERPARTID=   6|OWNERINDEX=1161|%UTF8%SWAPIDPART=Â¦&Â¦1|DESIGNATOR=23|ELECTRICAL=4|FORMALTYPE=1|LOCATION.X=610|LOCATION.Y=120|NAME=PA8|PINCONGLOMERATE=58|PINLENGTH=10|SWAPIDPART=Ž&Ž1|
RECORD=41|LINENO=1213|OWNERPARTID=   0|OWNERINDEX=1212|FONTID=1|ISHIDDEN=T|LOCATION.X=610|LOCATION.Y=120|NAME=PinUniqueId|TEXT=SCTTWDPN|UNIQUEID=CUQNASBP|
RECORD= 2|LINENO=1214|OWNERPARTID=   6|OWNERINDEX=1161|%UTF8%SWAPIDPART=Â¦&Â¦1|DESIGNATOR=24|ELECTRICAL=4|FORMALTYPE=1|LOCATION.X=610|LOCATION.Y=110|NAME=PA9|PINCONGLOMERATE=58|PINLENGTH=10|SWAPIDPART=Ž&Ž1|
RECORD=41|LINENO=1215|OWNERPARTID=   0|OWNERINDEX=1214|FONTID=1|ISHIDDEN=T|LOCATION.X=610|LOCATION.Y=110|NAME=PinUniqueId|TEXT=FANMDDTB|UNIQUEID=GHIOJCCN|
RECORD= 2|LINENO=1216|OWNERPARTID=   6|OWNERINDEX=1161|%UTF8%SWAPIDPART=Â¦&Â¦1|DESIGNATOR=25|ELECTRICAL=4|FORMALTYPE=1|LOCATION.X=770|LOCATION.Y=160|NAME=PC4|PINCONGLOMERATE=56|PINLENGTH=10|SWAPIDPART=Ž&Ž1|
RECORD=41|LINENO=1217|OWNERPARTID=   0|OWNERINDEX=1216|FONTID=1|ISHIDDEN=T|LOCATION.X=770|LOCATION.Y=160|NAME=PinUniqueId|TEXT=BTDNHCJI|UNIQUEID=GVOBJSPW|
RECORD= 2|LINENO=1218|OWNERPARTID=   6|OWNERINDEX=1161|%UTF8%SWAPIDPART=Â¦&Â¦1|DESIGNATOR=26|ELECTRICAL=4|FORMALTYPE=1|LOCATION.X=770|LOCATION.Y=150|NAME=PC5|PINCONGLOMERATE=56|PINLENGTH=10|SWAPIDPART=Ž&Ž1|
RECORD=41|LINENO=1219|OWNERPARTID=   0|OWNERINDEX=1218|FONTID=1|ISHIDDEN=T|LOCATION.X=770|LOCATION.Y=150|NAME=PinUniqueId|TEXT=VUOEQRWO|UNIQUEID=NFLNCXRC|
RECORD= 2|LINENO=1220|OWNERPARTID=   6|OWNERINDEX=1161|%UTF8%SWAPIDPART=Â¦&Â¦1|DESIGNATOR=27|ELECTRICAL=4|FORMALTYPE=1|LOCATION.X=610|LOCATION.Y=10|NAME=PB2|PINCONGLOMERATE=58|PINLENGTH=10|SWAPIDPART=Ž&Ž1|
RECORD=41|LINENO=1221|OWNERPARTID=   0|OWNERINDEX=1220|FONTID=1|ISHIDDEN=T|LOCATION.X=610|LOCATION.Y=10|NAME=PinUniqueId|TEXT=EXFYKNGG|UNIQUEID=LHOXETNK|
RECORD= 2|LINENO=1222|OWNERPARTID=   6|OWNERINDEX=1161|%UTF8%SWAPIDPART=Â¦&Â¦1|DESIGNATOR=28|ELECTRICAL=4|FORMALTYPE=1|LOCATION.X=610|LOCATION.Y=-70|NAME=PB10|PINCONGLOMERATE=58|PINLENGTH=10|SWAPIDPART=Ž&Ž1|
RECORD=41|LINENO=1223|OWNERPARTID=   0|OWNERINDEX=1222|FONTID=1|ISHIDDEN=T|LOCATION.X=610|LOCATION.Y=-70|NAME=PinUniqueId|TEXT=PSFPMXMR|UNIQUEID=DODOKIYP|
RECORD= 2|LINENO=1224|OWNERPARTID=   6|OWNERINDEX=1161|%UTF8%SWAPIDPART=Â¦&Â¦1|DESIGNATOR=9|ELECTRICAL=4|FORMALTYPE=1|LOCATION.X=770|LOCATION.Y=200|NAME=PC0|PINCONGLOMERATE=56|PINLENGTH=10|SWAPIDPART=Ž&Ž1|
RECORD=41|LINENO=1225|OWNERPARTID=   0|OWNERINDEX=1224|FONTID=1|ISHIDDEN=T|LOCATION.X=770|LOCATION.Y=200|NAME=PinUniqueId|TEXT=QQGTHMLK|UNIQUEID=YKKJOPDO|
RECORD= 2|LINENO=1226|OWNERPARTID=   6|OWNERINDEX=1161|%UTF8%SWAPIDPART=Â¦&Â¦1|DESIGNATOR=10|ELECTRICAL=4|FORMALTYPE=1|LOCATION.X=770|LOCATION.Y=190|NAME=PC1|PINCONGLOMERATE=56|PINLENGTH=10|SWAPIDPART=Ž&Ž1|
RECORD=41|LINENO=1227|OWNERPARTID=   0|OWNERINDEX=1226|FONTID=1|ISHIDDEN=T|LOCATION.X=770|LOCATION.Y=190|NAME=PinUniqueId|TEXT=VJJPPRTM|UNIQUEID=QYSWDDYL|
RECORD= 2|LINENO=1228|OWNERPARTID=   6|OWNERINDEX=1161|%UTF8%SWAPIDPART=Â¦&Â¦1|DESIGNATOR=11|ELECTRICAL=4|FORMALTYPE=1|LOCATION.X=770|LOCATION.Y=180|NAME=PC2|PINCONGLOMERATE=56|PINLENGTH=10|SWAPIDPART=Ž&Ž1|
RECORD=41|LINENO=1229|OWNERPARTID=   0|OWNERINDEX=1228|FONTID=1|ISHIDDEN=T|LOCATION.X=770|LOCATION.Y=180|NAME=PinUniqueId|TEXT=WIREIEMJ|UNIQUEID=QFHAEPWH|
RECORD= 2|LINENO=1230|OWNERPARTID=   6|OWNERINDEX=1161|%UTF8%SWAPIDPART=Â¦&Â¦1|DESIGNATOR=12|ELECTRICAL=4|FORMALTYPE=1|LOCATION.X=770|LOCATION.Y=170|NAME=PC3|PINCONGLOMERATE=56|PINLENGTH=10|SWAPIDPART=Ž&Ž1|
RECORD=41|LINENO=1231|OWNERPARTID=   0|OWNERINDEX=1230|FONTID=1|ISHIDDEN=T|LOCATION.X=770|LOCATION.Y=170|NAME=PinUniqueId|TEXT=USKORNDA|UNIQUEID=MPKMHGSJ|
RECORD= 2|LINENO=1232|OWNERPARTID=   6|OWNERINDEX=1161|%UTF8%SWAPIDPART=Â¦&Â¦1|DESIGNATOR=6|ELECTRICAL=4|FORMALTYPE=1|LOCATION.X=610|LOCATION.Y=-50|NAME=PB8|PINCONGLOMERATE=58|PINLENGTH=10|SWAPIDPART=Ž&Ž1|
RECORD=41|LINENO=1233|OWNERPARTID=   0|OWNERINDEX=1232|FONTID=1|ISHIDDEN=T|LOCATION.X=610|LOCATION.Y=-50|NAME=PinUniqueId|TEXT=FQTBBRNG|UNIQUEID=HOYPQXHS|
RECORD= 2|LINENO=1234|OWNERPARTID=   6|OWNERINDEX=1161|%UTF8%SWAPIDPART=Â¦&Â¦1|DESIGNATOR=7|ELECTRICAL=4|FORMALTYPE=1|LOCATION.X=610|LOCATION.Y=-60|NAME=PB9|PINCONGLOMERATE=58|PINLENGTH=10|SWAPIDPART=Ž&Ž1|
RECORD=41|LINENO=1235|OWNERPARTID=   0|OWNERINDEX=1234|FONTID=1|ISHIDDEN=T|LOCATION.X=610|LOCATION.Y=-60|NAME=PinUniqueId|TEXT=NSTPDDEL|UNIQUEID=FTGASDKE|
RECORD= 2|LINENO=1236|OWNERPARTID=   6|OWNERINDEX=1161|%UTF8%SWAPIDPART=Â¦&Â¦1|DESIGNATOR=2|ELECTRICAL=4|FORMALTYPE=1|LOCATION.X=770|LOCATION.Y=70|NAME=PC13|PINCONGLOMERATE=56|PINLENGTH=10|SWAPIDPART=Ž&Ž1|
RECORD=41|LINENO=1237|OWNERPARTID=   0|OWNERINDEX=1236|FONTID=1|ISHIDDEN=T|LOCATION.X=770|LOCATION.Y=70|NAME=PinUniqueId|TEXT=PYTACVYV|UNIQUEID=DKKAYUUB|
RECORD= 2|LINENO=1238|OWNERPARTID=   6|OWNERINDEX=1161|%UTF8%SWAPIDPART=Â¦&Â¦1|DESIGNATOR=29|ELECTRICAL=4|FORMALTYPE=1|LOCATION.X=610|LOCATION.Y=-80|NAME=PB11|PINCONGLOMERATE=58|PINLENGTH=10|SWAPIDPART=Ž&Ž1|
RECORD=41|LINENO=1239|OWNERPARTID=   0|OWNERINDEX=1238|FONTID=1|ISHIDDEN=T|LOCATION.X=610|LOCATION.Y=-80|NAME=PinUniqueId|TEXT=VXCTUHOK|UNIQUEID=BXGEHVCJ|
RECORD= 2|LINENO=1240|OWNERPARTID=   6|OWNERINDEX=1161|%UTF8%SWAPIDPART=Â¦&Â¦1|DESIGNATOR=46|ELECTRICAL=4|FORMALTYPE=1|LOCATION.X=610|LOCATION.Y=-90|NAME=PB12|PINCONGLOMERATE=58|PINLENGTH=10|SWAPIDPART=Ž&Ž1|
RECORD=41|LINENO=1241|OWNERPARTID=   0|OWNERINDEX=1240|FONTID=1|ISHIDDEN=T|LOCATION.X=610|LOCATION.Y=-90|NAME=PinUniqueId|TEXT=WGRTETQY|UNIQUEID=FXYJYPUX|
RECORD= 2|LINENO=1242|OWNERPARTID=   6|OWNERINDEX=1161|%UTF8%SWAPIDPART=Â¦&Â¦1|DESIGNATOR=47|ELECTRICAL=4|FORMALTYPE=1|LOCATION.X=610|LOCATION.Y=-100|NAME=PB13|PINCONGLOMERATE=58|PINLENGTH=10|SWAPIDPART=Ž&Ž1|
RECORD=41|LINENO=1243|OWNERPARTID=   0|OWNERINDEX=1242|FONTID=1|ISHIDDEN=T|LOCATION.X=610|LOCATION.Y=-100|NAME=PinUniqueId|TEXT=DKADHIEV|UNIQUEID=HUDSKCRB|
RECORD= 2|LINENO=1244|OWNERPARTID=   6|OWNERINDEX=1161|%UTF8%SWAPIDPART=Â¦&Â¦1|DESIGNATOR=48|ELECTRICAL=4|FORMALTYPE=1|LOCATION.X=610|LOCATION.Y=-110|NAME=PB14|PINCONGLOMERATE=58|PINLENGTH=10|SWAPIDPART=Ž&Ž1|
RECORD=41|LINENO=1245|OWNERPARTID=   0|OWNERINDEX=1244|FONTID=1|ISHIDDEN=T|LOCATION.X=610|LOCATION.Y=-110|NAME=PinUniqueId|TEXT=JSOFBOQM|UNIQUEID=WVIIVBPK|
RECORD= 2|LINENO=1246|OWNERPARTID=   6|OWNERINDEX=1161|%UTF8%SWAPIDPART=Â¦&Â¦1|DESIGNATOR=49|ELECTRICAL=4|FORMALTYPE=1|LOCATION.X=610|LOCATION.Y=-120|NAME=PB15|PINCONGLOMERATE=58|PINLENGTH=10|SWAPIDPART=Ž&Ž1|
RECORD=41|LINENO=1247|OWNERPARTID=   0|OWNERINDEX=1246|FONTID=1|ISHIDDEN=T|LOCATION.X=610|LOCATION.Y=-120|NAME=PinUniqueId|TEXT=MCGFMBQQ|UNIQUEID=STKXNQAK|
RECORD= 2|LINENO=1248|OWNERPARTID=   6|OWNERINDEX=1161|%UTF8%SWAPIDPART=Â¦&Â¦1|DESIGNATOR=50|ELECTRICAL=4|FORMALTYPE=1|LOCATION.X=770|LOCATION.Y=140|NAME=PC6|PINCONGLOMERATE=56|PINLENGTH=10|SWAPIDPART=Ž&Ž1|
RECORD=41|LINENO=1249|OWNERPARTID=   0|OWNERINDEX=1248|FONTID=1|ISHIDDEN=T|LOCATION.X=770|LOCATION.Y=140|NAME=PinUniqueId|TEXT=CKVQKYHR|UNIQUEID=GLGHKLEN|
RECORD= 2|LINENO=1250|OWNERPARTID=   6|OWNERINDEX=1161|%UTF8%SWAPIDPART=Â¦&Â¦1|DESIGNATOR=51|ELECTRICAL=4|FORMALTYPE=1|LOCATION.X=610|LOCATION.Y=100|NAME=PA10|PINCONGLOMERATE=58|PINLENGTH=10|SWAPIDPART=Ž&Ž1|
RECORD=41|LINENO=1251|OWNERPARTID=   0|OWNERINDEX=1250|FONTID=1|ISHIDDEN=T|LOCATION.X=610|LOCATION.Y=100|NAME=PinUniqueId|TEXT=MUKVTETL|UNIQUEID=CWDKMLPL|
RECORD= 2|LINENO=1252|OWNERPARTID=   6|OWNERINDEX=1161|%UTF8%SWAPIDPART=Â¦&Â¦1|DESIGNATOR=52|ELECTRICAL=4|FORMALTYPE=1|LOCATION.X=610|LOCATION.Y=90|NAME=PA11|PINCONGLOMERATE=58|PINLENGTH=10|SWAPIDPART=Ž&Ž1|
RECORD=41|LINENO=1253|OWNERPARTID=   0|OWNERINDEX=1252|FONTID=1|ISHIDDEN=T|LOCATION.X=610|LOCATION.Y=90|NAME=PinUniqueId|TEXT=LYYWRGXE|UNIQUEID=OVQLPUJY|
RECORD= 2|LINENO=1254|OWNERPARTID=   6|OWNERINDEX=1161|%UTF8%SWAPIDPART=Â¦&Â¦1|DESIGNATOR=53|ELECTRICAL=4|FORMALTYPE=1|LOCATION.X=610|LOCATION.Y=80|NAME=PA12|PINCONGLOMERATE=58|PINLENGTH=10|SWAPIDPART=Ž&Ž1|
RECORD=41|LINENO=1255|OWNERPARTID=   0|OWNERINDEX=1254|FONTID=1|ISHIDDEN=T|LOCATION.X=610|LOCATION.Y=80|NAME=PinUniqueId|TEXT=GTBQVGAB|UNIQUEID=NEBRARTR|
RECORD= 2|LINENO=1256|OWNERPARTID=   6|OWNERINDEX=1161|%UTF8%SWAPIDPART=Â¦&Â¦1|DESIGNATOR=54|ELECTRICAL=4|FORMALTYPE=1|LOCATION.X=610|LOCATION.Y=70|NAME=PA13-JTMS_SWDIO|PINCONGLOMERATE=58|PINLENGTH=10|SWAPIDPART=Ž&Ž1|
RECORD=41|LINENO=1257|OWNERPARTID=   0|OWNERINDEX=1256|FONTID=1|ISHIDDEN=T|LOCATION.X=610|LOCATION.Y=70|NAME=PinUniqueId|TEXT=LHQNJPFL|UNIQUEID=RENECFQS|
RECORD= 2|LINENO=1258|OWNERPARTID=   6|OWNERINDEX=1161|%UTF8%SWAPIDPART=Â¦&Â¦1|DESIGNATOR=56|ELECTRICAL=4|FORMALTYPE=1|LOCATION.X=610|LOCATION.Y=60|NAME=PA14-JTCK_SWCLK|PINCONGLOMERATE=58|PINLENGTH=10|SWAPIDPART=Ž&Ž1|
RECORD=41|LINENO=1259|OWNERPARTID=   0|OWNERINDEX=1258|FONTID=1|ISHIDDEN=T|LOCATION.X=610|LOCATION.Y=60|NAME=PinUniqueId|TEXT=GFMBQFUL|UNIQUEID=XQLBDEJW|
RECORD= 2|LINENO=1260|OWNERPARTID=   6|OWNERINDEX=1161|%UTF8%SWAPIDPART=Â¦&Â¦1|DESIGNATOR=57|ELECTRICAL=4|FORMALTYPE=1|LOCATION.X=610|LOCATION.Y=50|NAME=PA15-JTDI|PINCONGLOMERATE=58|PINLENGTH=10|SWAPIDPART=Ž&Ž1|
RECORD=41|LINENO=1261|OWNERPARTID=   0|OWNERINDEX=1260|FONTID=1|ISHIDDEN=T|LOCATION.X=610|LOCATION.Y=50|NAME=PinUniqueId|TEXT=KHKELAPR|UNIQUEID=NTVXJRCY|
RECORD= 2|LINENO=1262|OWNERPARTID=   6|OWNERINDEX=1161|%UTF8%SWAPIDPART=Â¦&Â¦1|DESIGNATOR=58|ELECTRICAL=4|FORMALTYPE=1|LOCATION.X=770|LOCATION.Y=100|NAME=PC10|PINCONGLOMERATE=56|PINLENGTH=10|SWAPIDPART=Ž&Ž1|
RECORD=41|LINENO=1263|OWNERPARTID=   0|OWNERINDEX=1262|FONTID=1|ISHIDDEN=T|LOCATION.X=770|LOCATION.Y=100|NAME=PinUniqueId|TEXT=LHVNLYFG|UNIQUEID=OTYAQJWR|
RECORD= 2|LINENO=1264|OWNERPARTID=   6|OWNERINDEX=1161|%UTF8%SWAPIDPART=Â¦&Â¦1|DESIGNATOR=59|ELECTRICAL=4|FORMALTYPE=1|LOCATION.X=770|LOCATION.Y=90|NAME=PC11|PINCONGLOMERATE=56|PINLENGTH=10|SWAPIDPART=Ž&Ž1|
RECORD=41|LINENO=1265|OWNERPARTID=   0|OWNERINDEX=1264|FONTID=1|ISHIDDEN=T|LOCATION.X=770|LOCATION.Y=90|NAME=PinUniqueId|TEXT=YLBMTYRH|UNIQUEID=LJPUOQHN|
RECORD= 2|LINENO=1266|OWNERPARTID=   6|OWNERINDEX=1161|%UTF8%SWAPIDPART=Â¦&Â¦1|DESIGNATOR=60|ELECTRICAL=4|FORMALTYPE=1|LOCATION.X=770|LOCATION.Y=80|NAME=PC12|PINCONGLOMERATE=56|PINLENGTH=10|SWAPIDPART=Ž&Ž1|
RECORD=41|LINENO=1267|OWNERPARTID=   0|OWNERINDEX=1266|FONTID=1|ISHIDDEN=T|LOCATION.X=770|LOCATION.Y=80|NAME=PinUniqueId|TEXT=XQVUPLBO|UNIQUEID=HITEMQII|
RECORD= 2|LINENO=1268|OWNERPARTID=   6|OWNERINDEX=1161|%UTF8%SWAPIDPART=Â¦&Â¦1|DESIGNATOR=61|ELECTRICAL=4|FORMALTYPE=1|LOCATION.X=770|LOCATION.Y=50|NAME=PD0|PINCONGLOMERATE=56|PINLENGTH=10|SWAPIDPART=Ž&Ž1|
RECORD=41|LINENO=1269|OWNERPARTID=   0|OWNERINDEX=1268|FONTID=1|ISHIDDEN=T|LOCATION.X=770|LOCATION.Y=50|NAME=PinUniqueId|TEXT=BPANSBVT|UNIQUEID=SHNJQBJR|
RECORD= 2|LINENO=1270|OWNERPARTID=   6|OWNERINDEX=1161|%UTF8%SWAPIDPART=Â¦&Â¦1|DESIGNATOR=62|ELECTRICAL=4|FORMALTYPE=1|LOCATION.X=770|LOCATION.Y=40|NAME=PD1|PINCONGLOMERATE=56|PINLENGTH=10|SWAPIDPART=Ž&Ž1|
RECORD=41|LINENO=1271|OWNERPARTID=   0|OWNERINDEX=1270|FONTID=1|ISHIDDEN=T|LOCATION.X=770|LOCATION.Y=40|NAME=PinUniqueId|TEXT=DYBBNVRL|UNIQUEID=EXJWGOEG|
RECORD= 2|LINENO=1272|OWNERPARTID=   6|OWNERINDEX=1161|%UTF8%SWAPIDPART=Â¦&Â¦1|DESIGNATOR=63|ELECTRICAL=4|FORMALTYPE=1|LOCATION.X=610|NAME=PB3-JTDO|PINCONGLOMERATE=58|PINLENGTH=10|SWAPIDPART=Ž&Ž1|
RECORD=41|LINENO=1273|OWNERPARTID=   0|OWNERINDEX=1272|FONTID=1|ISHIDDEN=T|LOCATION.X=610|NAME=PinUniqueId|TEXT=TRUTIPJE|UNIQUEID=YOGEVLVU|
RECORD= 2|LINENO=1274|OWNERPARTID=   6|OWNERINDEX=1161|%UTF8%SWAPIDPART=Â¦&Â¦1|DESIGNATOR=64|ELECTRICAL=4|FORMALTYPE=1|LOCATION.X=610|LOCATION.Y=-10|NAME=PB4-NJTRST|PINCONGLOMERATE=58|PINLENGTH=10|SWAPIDPART=Ž&Ž1|
RECORD=41|LINENO=1275|OWNERPARTID=   0|OWNERINDEX=1274|FONTID=1|ISHIDDEN=T|LOCATION.X=610|LOCATION.Y=-10|NAME=PinUniqueId|TEXT=RXIXSPEY|UNIQUEID=UWLWNUFY|
RECORD= 2|LINENO=1276|OWNERPARTID=   6|OWNERINDEX=1161|%UTF8%SWAPIDPART=Â¦&Â¦1|DESIGNATOR=65|ELECTRICAL=4|FORMALTYPE=1|LOCATION.X=610|LOCATION.Y=-20|NAME=PB5|PINCONGLOMERATE=58|PINLENGTH=10|SWAPIDPART=Ž&Ž1|
RECORD=41|LINENO=1277|OWNERPARTID=   0|OWNERINDEX=1276|FONTID=1|ISHIDDEN=T|LOCATION.X=610|LOCATION.Y=-20|NAME=PinUniqueId|TEXT=LGNNBOFC|UNIQUEID=RFFNHJQC|
RECORD= 2|LINENO=1278|OWNERPARTID=   6|OWNERINDEX=1161|%UTF8%SWAPIDPART=Â¦&Â¦1|DESIGNATOR=66|ELECTRICAL=4|FORMALTYPE=1|LOCATION.X=610|LOCATION.Y=-30|NAME=PB6|PINCONGLOMERATE=58|PINLENGTH=10|SWAPIDPART=Ž&Ž1|
RECORD=41|LINENO=1279|OWNERPARTID=   0|OWNERINDEX=1278|FONTID=1|ISHIDDEN=T|LOCATION.X=610|LOCATION.Y=-30|NAME=PinUniqueId|TEXT=FTHARAVH|UNIQUEID=USABMPQO|
RECORD= 2|LINENO=1280|OWNERPARTID=   6|OWNERINDEX=1161|%UTF8%SWAPIDPART=Â¦&Â¦1|DESIGNATOR=67|ELECTRICAL=4|FORMALTYPE=1|LOCATION.X=610|LOCATION.Y=-40|NAME=PB7|PINCONGLOMERATE=58|PINLENGTH=10|SWAPIDPART=Ž&Ž1|
RECORD=41|LINENO=1281|OWNERPARTID=   0|OWNERINDEX=1280|FONTID=1|ISHIDDEN=T|LOCATION.X=610|LOCATION.Y=-40|NAME=PinUniqueId|TEXT=JGFWUYFY|UNIQUEID=MKJFHGXG|
RECORD= 2|LINENO=1282|OWNERPARTID=   6|OWNERINDEX=1161|%UTF8%SWAPIDPART=Â¦&Â¦1|DESIGNATOR=39|ELECTRICAL=4|FORMALTYPE=1|LOCATION.X=610|LOCATION.Y=20|NAME=PB1|PINCONGLOMERATE=58|PINLENGTH=10|SWAPIDPART=Ž&Ž1|
RECORD=41|LINENO=1283|OWNERPARTID=   0|OWNERINDEX=1282|FONTID=1|ISHIDDEN=T|LOCATION.X=610|LOCATION.Y=20|NAME=PinUniqueId|TEXT=LWTUSWSE|UNIQUEID=FBEXEVWL|
RECORD= 2|LINENO=1284|OWNERPARTID=   6|OWNERINDEX=1161|%UTF8%SWAPIDPART=Â¦&Â¦1|DESIGNATOR=38|ELECTRICAL=4|FORMALTYPE=1|LOCATION.X=610|LOCATION.Y=30|NAME=PB0|PINCONGLOMERATE=58|PINLENGTH=10|SWAPIDPART=Ž&Ž1|
RECORD=41|LINENO=1285|OWNERPARTID=   0|OWNERINDEX=1284|FONTID=1|ISHIDDEN=T|LOCATION.X=610|LOCATION.Y=30|NAME=PinUniqueId|TEXT=XTIAWVQH|UNIQUEID=SPMDRYCB|
RECORD= 2|LINENO=1286|OWNERPARTID=   6|OWNERINDEX=1161|%UTF8%SWAPIDPART=Â¦&Â¦1|DESIGNATOR=40|ELECTRICAL=4|FORMALTYPE=1|LOCATION.X=770|LOCATION.Y=20|NAME=PE4|PINCONGLOMERATE=56|PINLENGTH=10|SWAPIDPART=Ž&Ž1|
RECORD=41|LINENO=1287|OWNERPARTID=   0|OWNERINDEX=1286|FONTID=1|ISHIDDEN=T|LOCATION.X=770|LOCATION.Y=20|NAME=PinUniqueId|TEXT=EPHADHXU|UNIQUEID=AXDRYHQB|
RECORD=14|LINENO=1288|OWNERPARTID=   5|OWNERINDEX=1161|AREACOLOR=11599871|CORNER.X=760|CORNER.Y=220|ISSOLID=T|LOCATION.X=620|LOCATION.Y=70|
RECORD= 2|LINENO=1289|OWNERPARTID=   5|OWNERINDEX=1161|%UTF8%SWAPIDPART=Â¦&Â¦3|DESIGNATOR=13|ELECTRICAL=4|FORMALTYPE=1|LOCATION.X=620|LOCATION.Y=90|NAME=VREF+|PINCONGLOMERATE=58|PINLENGTH=10|SWAPIDPART=Ž&Ž3|
RECORD=41|LINENO=1290|OWNERPARTID=   0|OWNERINDEX=1289|FONTID=1|ISHIDDEN=T|LOCATION.X=620|LOCATION.Y=90|NAME=PinUniqueId|TEXT=LPFLWRQQ|UNIQUEID=TUTAOQUH|
RECORD= 2|LINENO=1291|OWNERPARTID=   5|OWNERINDEX=1161|%UTF8%SWAPIDPART=Â¦&Â¦3|DESIGNATOR=14|ELECTRICAL=4|FORMALTYPE=1|LOCATION.X=620|LOCATION.Y=110|NAME=VDDA|PINCONGLOMERATE=58|PINLENGTH=10|SWAPIDPART=Ž&Ž3|
RECORD=41|LINENO=1292|OWNERPARTID=   0|OWNERINDEX=1291|FONTID=1|ISHIDDEN=T|LOCATION.X=620|LOCATION.Y=110|NAME=PinUniqueId|TEXT=AXHQUDDH|UNIQUEID=LDFODQQP|
RECORD= 2|LINENO=1293|OWNERPARTID=   5|OWNERINDEX=1161|%UTF8%SWAPIDPART=Â¦&Â¦3|DESIGNATOR=30|ELECTRICAL=4|FORMALTYPE=1|LOCATION.X=620|LOCATION.Y=170|NAME=VDD|PINCONGLOMERATE=58|PINLENGTH=10|SWAPIDPART=Ž&Ž3|
RECORD=41|LINENO=1294|OWNERPARTID=   0|OWNERINDEX=1293|FONTID=1|ISHIDDEN=T|LOCATION.X=620|LOCATION.Y=170|NAME=PinUniqueId|TEXT=EDLBSINA|UNIQUEID=QSYCMESF|
RECORD= 2|LINENO=1295|OWNERPARTID=   5|OWNERINDEX=1161|%UTF8%SWAPIDPART=Â¦&Â¦3|DESIGNATOR=45|ELECTRICAL=4|FORMALTYPE=1|LOCATION.X=620|LOCATION.Y=190|NAME=VDD|PINCONGLOMERATE=58|PINLENGTH=10|SWAPIDPART=Ž&Ž3|
RECORD=41|LINENO=1296|OWNERPARTID=   0|OWNERINDEX=1295|FONTID=1|ISHIDDEN=T|LOCATION.X=620|LOCATION.Y=190|NAME=PinUniqueId|TEXT=MEWINYAO|UNIQUEID=NCOREVTO|
RECORD= 2|LINENO=1297|OWNERPARTID=   5|OWNERINDEX=1161|%UTF8%SWAPIDPART=Â¦&Â¦3|DESIGNATOR=55|ELECTRICAL=4|FORMALTYPE=1|LOCATION.X=620|LOCATION.Y=130|NAME=VDDUSB|PINCONGLOMERATE=58|PINLENGTH=10|SWAPIDPART=Ž&Ž3|
RECORD=41|LINENO=1298|OWNERPARTID=   0|OWNERINDEX=1297|FONTID=1|ISHIDDEN=T|LOCATION.X=620|LOCATION.Y=130|NAME=PinUniqueId|TEXT=BRKKKMKX|UNIQUEID=HWHTWEPI|
RECORD= 2|LINENO=1299|OWNERPARTID=   5|OWNERINDEX=1161|%UTF8%SWAPIDPART=Â¦&Â¦3|DESIGNATOR=1|ELECTRICAL=4|FORMALTYPE=1|LOCATION.X=620|LOCATION.Y=150|NAME=VBAT|PINCONGLOMERATE=58|PINLENGTH=10|SWAPIDPART=Ž&Ž3|
RECORD=41|LINENO=1300|OWNERPARTID=   0|OWNERINDEX=1299|FONTID=1|ISHIDDEN=T|LOCATION.X=620|LOCATION.Y=150|NAME=PinUniqueId|TEXT=VNCIQRRU|UNIQUEID=MGKREIXR|
RECORD= 2|LINENO=1301|OWNERPARTID=   5|OWNERINDEX=1161|%UTF8%SWAPIDPART=Â¦&Â¦3|DESIGNATOR=68|ELECTRICAL=4|FORMALTYPE=1|LOCATION.X=620|LOCATION.Y=200|NAME=VDD|PINCONGLOMERATE=58|PINLENGTH=10|SWAPIDPART=Ž&Ž3|
RECORD=41|LINENO=1302|OWNERPARTID=   0|OWNERINDEX=1301|FONTID=1|ISHIDDEN=T|LOCATION.X=620|LOCATION.Y=200|NAME=PinUniqueId|TEXT=YOOVDMOT|UNIQUEID=AYGISGFC|
RECORD= 2|LINENO=1303|OWNERPARTID=   5|OWNERINDEX=1161|%UTF8%SWAPIDPART=Â¦&Â¦10|DESIGNATOR=69|ELECTRICAL=4|FORMALTYPE=1|LOCATION.X=770|LOCATION.Y=60|NAME=VSS (ExPAD)|PINCONGLOMERATE=59|PINLENGTH=10|SWAPIDPART=Ž&Ž10|
RECORD=41|LINENO=1304|OWNERPARTID=   0|OWNERINDEX=1303|FONTID=1|ISHIDDEN=T|LOCATION.X=770|LOCATION.Y=60|NAME=PinUniqueId|TEXT=FYEWEBDM|UNIQUEID=FIQKLAWG|
RECORD= 6|LINENO=1305|OWNERPARTID=   5|OWNERINDEX=1161|LINEWIDTH=1|LOCATIONCOUNT=3|X1=762|X2=762|X3=750|Y1=80|Y2=68|Y3=68|
RECORD= 6|LINENO=1306|OWNERPARTID=   5|OWNERINDEX=1161|LINEWIDTH=1|LOCATIONCOUNT=2|X1=762|X2=770|Y1=68|Y2=60|
RECORD=34|LINENO=1307|OWNERPARTID=   0|OWNERINDEX=1161|FONTID=1|LOCATION.X=610|LOCATION.Y=220|NAME=Designator|TEXT=U1|UNIQUEID=JJFNBTLX|
RECORD=41|LINENO=1308|OWNERPARTID=   0|OWNERINDEX=1161|FONTID=1|LOCATION.X=610|LOCATION.Y=140|NAME=Comment|TEXT=STM32WBxx_QFN68|UNIQUEID=BJMBVKLI|
RECORD=44|LINENO=1309|OWNERPARTID= -42|OWNERINDEX=1161|
RECORD=45|LINENO=1310|OWNERPARTID= -42|OWNERINDEX=1309|DATAFILECOUNT=1|ISCURRENT=T|MODELDATAFILEENTITY0=VFQFPN68_8x8x0.1_p0.4|MODELDATAFILEKIND0=PCBLib|MODELNAME=VFQFPN68_8x8x0.1_p0.4|MODELTYPE=PCBLIB|UNIQUEID=KOCTCBTQ|
RECORD=46|LINENO=1311|OWNERPARTID= -42|OWNERINDEX=1310|
RECORD=48|LINENO=1312|OWNERPARTID= -42|OWNERINDEX=1310|
RECORD=27|LINENO=1313|OWNERPARTID=   0|OWNERINDEX= -42|LINEWIDTH=1|LOCATIONCOUNT=4|UNIQUEID=FPNPBCNW|X1=500|X2=500|X3=500|X4=600|Y1=240|Y2=230|Y3=200|Y4=200|
RECORD=27|LINENO=1314|OWNERPARTID=   0|OWNERINDEX= -42|LINEWIDTH=1|LOCATIONCOUNT=4|UNIQUEID=UJBDQXSV|X1=600|X2=580|X3=580|X4=580|Y1=160|Y2=160|Y3=130|Y4=120|
RECORD=27|LINENO=1315|OWNERPARTID=   0|OWNERINDEX= -42|LINEWIDTH=1|LOCATIONCOUNT=4|UNIQUEID=JSRJFBHL|X1=600|X2=580|X3=580|X4=580|Y1=210|Y2=210|Y3=230|Y4=240|
RECORD=27|LINENO=1316|OWNERPARTID=   0|OWNERINDEX= -42|LINEWIDTH=1|LOCATIONCOUNT=3|UNIQUEID=KCUXGCIH|X1=770|X2=980|X3=1000|Y1=190|Y2=190|Y3=190|
RECORD=27|LINENO=1317|OWNERPARTID=   0|OWNERINDEX= -42|LINEWIDTH=1|LOCATIONCOUNT=3|UNIQUEID=PSNEYKKG|X1=840|X2=830|X3=770|Y1=210|Y2=210|Y3=210|
RECORD=18|LINENO=1318|OWNERPARTID=   0|OWNERINDEX= -42|ALIGNMENT=1|AREACOLOR=8454143|FONTID=1|HEIGHT=10|LOCATION.X=880|LOCATION.Y=510|NAME=PE4|TEXTCOLOR=128|UNIQUEID=SMJCWDRD|WIDTH=40|
RECORD=27|LINENO=1319|OWNERPARTID=   0|OWNERINDEX= -42|LINEWIDTH=1|LOCATIONCOUNT=2|UNIQUEID=MBXSCIXL|X1=770|X2=880|Y1=510|Y2=510|
RECORD=29|LINENO=1320|OWNERPARTID=   0|OWNERINDEX= -42|LOCATION.X=220|LOCATION.Y=180|
RECORD=29|LINENO=1321|OWNERPARTID=   0|OWNERINDEX= -42|LOCATION.X=360|LOCATION.Y=520|
RECORD=29|LINENO=1322|OWNERPARTID=   0|OWNERINDEX= -42|LOCATION.X=370|LOCATION.Y=510|
RECORD=29|LINENO=1323|OWNERPARTID=   0|OWNERINDEX= -42|LOCATION.X=500|LOCATION.Y=130|
RECORD=29|LINENO=1324|OWNERPARTID=   0|OWNERINDEX= -42|LOCATION.X=500|LOCATION.Y=170|
RECORD=29|LINENO=1325|OWNERPARTID=   0|OWNERINDEX= -42|LOCATION.X=500|LOCATION.Y=200|
RECORD=29|LINENO=1326|OWNERPARTID=   0|OWNERINDEX= -42|LOCATION.X=500|LOCATION.Y=230|
RECORD=29|LINENO=1327|OWNERPARTID=   0|OWNERINDEX= -42|LOCATION.X=540|LOCATION.Y=250|
RECORD=29|LINENO=1328|OWNERPARTID=   0|OWNERINDEX= -42|LOCATION.X=580|LOCATION.Y=130|
RECORD=29|LINENO=1329|OWNERPARTID=   0|OWNERINDEX= -42|LOCATION.X=580|LOCATION.Y=160|
RECORD=29|LINENO=1330|OWNERPARTID=   0|OWNERINDEX= -42|LOCATION.X=580|LOCATION.Y=210|
RECORD=29|LINENO=1331|OWNERPARTID=   0|OWNERINDEX= -42|LOCATION.X=580|LOCATION.Y=230|
RECORD=29|LINENO=1332|OWNERPARTID=   0|OWNERINDEX= -42|LOCATION.X=830|LOCATION.Y=210|
RECORD=29|LINENO=1333|OWNERPARTID=   0|OWNERINDEX= -42|LOCATION.X=830|LOCATION.Y=240|
RECORD=29|LINENO=1334|OWNERPARTID=   0|OWNERINDEX= -42|LOCATION.X=900|LOCATION.Y=240|
RECORD=29|LINENO=1335|OWNERPARTID=   0|OWNERINDEX= -42|LOCATION.X=980|LOCATION.Y=190|
