RECORD=-42|LINENO=   0|OWNERPARTID= -42|OWNERINDEX= -42|HEADER=Protel for Windows - Schematic Capture Binary File Version 5.0|MINORVERSION=2|UNIQUEID=JIMAEDKM|WEIGHT=2194|
RECORD=31|LINENO=   1|OWNERPARTID= -42|OWNERINDEX= -42|AREACOLOR=16317695|BOLD3=T|BORDERON=T|CUSTOMMARGINWIDTH=20|CUSTOMX=1500|CUSTOMXZONES=6|CUSTOMY=950|CUSTOMYZONES=4|DISPLAY_UNIT=0|FONTIDCOUNT=6|FONTNAME1=Times New Roman|FONTNAME2=Times New Roman|FONTNAME3=Times New Roman|FONTNAME4=Times New Roman|FONTNAME5=Arial Narrow|FONTNAME6=Arial Narrow|HOTSPOTGRIDON=T|HOTSPOTGRIDSIZE=4|ISBOC=T|REFERENCEZONESON=T|ROTATION2=90|ROTATION6=90|SHEETNUMBERSPACESIZE=12|SHOWTEMPLATEGRAPHICS=T|SIZE1=10|SIZE2=10|SIZE3=10|SIZE4=8|SIZE5=10|SIZE6=10|SNAPGRIDON=T|SNAPGRIDSIZE=10|SYSTEMFONT=1|TEMPLATEFILENAME=D:\Data\Lib Altium\Sch_Templates\Schematic_A4_Landscape.SchDot|USEMBCS=T|VISIBLEGRIDON=T|VISIBLEGRIDSIZE=10|
RECORD=39|LINENO=   2|OWNERPARTID=   0|OWNERINDEX= -42|FILENAME=D:\Data\Lib Altium\Sch_Templates\Schematic_A4_Landscape.SchDot|
RECORD= 4|LINENO=   3|OWNERPARTID=   0|OWNERINDEX=   2|FONTID=1|LOCATION.X=1022|TEXT==sheetnumber|
RECORD= 4|LINENO=   4|OWNERPARTID=   0|OWNERINDEX=   2|FONTID=1|LOCATION.X=1048|TEXT==sheettotal|
RECORD= 4|LINENO=   5|OWNERPARTID=   0|OWNERINDEX=   2|FONTID=3|LOCATION.X=876|LOCATION.Y=41|TEXT==Title|
RECORD= 6|LINENO=   6|OWNERPARTID=   0|OWNERINDEX=   2|LOCATIONCOUNT=2|X1=1090|X2=850|Y1=40|Y2=40|
RECORD= 6|LINENO=   7|OWNERPARTID=   0|OWNERINDEX=   2|LOCATIONCOUNT=2|X1=850|X2=1090|Y1=30|Y2=30|
RECORD= 6|LINENO=   8|OWNERPARTID=   0|OWNERINDEX=   2|LOCATIONCOUNT=2|X1=900|X2=900|Y1=10|
RECORD= 6|LINENO=   9|OWNERPARTID=   0|OWNERINDEX=   2|LOCATIONCOUNT=2|X1=990|X2=990|Y1=20|
RECORD= 6|LINENO=  10|OWNERPARTID=   0|OWNERINDEX=   2|LOCATIONCOUNT=2|X1=1090|X2=1090|Y1=50|
RECORD= 4|LINENO=  11|OWNERPARTID=   0|OWNERINDEX=   2|FONTID=1|LOCATION.X=853|LOCATION.Y=41|TEXT=Title:|
RECORD= 4|LINENO=  12|OWNERPARTID=   0|OWNERINDEX=   2|FONTID=1|LOCATION.X=853|TEXT=Size:|
RECORD= 4|LINENO=  13|OWNERPARTID=   0|OWNERINDEX=   2|FONTID=1|LOCATION.X=995|LOCATION.Y=11|TEXT=Reference:|
RECORD= 4|LINENO=  14|OWNERPARTID=   0|OWNERINDEX=   2|FONTID=1|LOCATION.X=995|TEXT=Sheet:|
RECORD= 4|LINENO=  15|OWNERPARTID=   0|OWNERINDEX=   2|FONTID=1|LOCATION.X=1035|TEXT=of|
RECORD= 4|LINENO=  16|OWNERPARTID=   0|OWNERINDEX=   2|FONTID=1|LOCATION.X=873|TEXT=A4|
RECORD= 6|LINENO=  17|OWNERPARTID=   0|OWNERINDEX=   2|LOCATIONCOUNT=2|X1=850|X2=1090|Y1=10|Y2=10|
RECORD= 4|LINENO=  18|OWNERPARTID=   0|OWNERINDEX=   2|FONTID=1|LOCATION.X=853|LOCATION.Y=11|TEXT=Revision:|
RECORD=30|LINENO=  19|OWNERPARTID=   0|OWNERINDEX=   2|CORNER.X=1148|CORNER.X_FRAC=76743|CORNER.Y=45|CORNER.Y_FRAC=6451|EMBEDIMAGE=T|KEEPASPECT=T|LOCATION.X=1091|LOCATION.Y=5|
RECORD= 4|LINENO=  20|OWNERPARTID=   0|OWNERINDEX=   2|FONTID=1|LOCATION.X=853|LOCATION.Y=31|TEXT=Project:|
RECORD= 6|LINENO=  21|OWNERPARTID=   0|OWNERINDEX=   2|LOCATIONCOUNT=2|X1=850|X2=850|Y1=50|
RECORD= 6|LINENO=  22|OWNERPARTID=   0|OWNERINDEX=   2|LOCATIONCOUNT=2|X1=1150|X2=850|Y1=50|Y2=50|
RECORD= 4|LINENO=  23|OWNERPARTID=   0|OWNERINDEX=   2|FONTID=3|LOCATION.X=884|LOCATION.Y=31|TEXT==Board_Name|
RECORD= 4|LINENO=  24|OWNERPARTID=   0|OWNERINDEX=   2|FONTID=1|LOCATION.X=1038|LOCATION.Y=11|TEXT==Board_Reference|
RECORD= 4|LINENO=  25|OWNERPARTID=   0|OWNERINDEX=   2|FONTID=1|LOCATION.X=893|LOCATION.Y=11|TEXT==Board_PCB_Revision|
RECORD= 4|LINENO=  26|OWNERPARTID=   0|OWNERINDEX=   2|FONTID=1|LOCATION.X=903|LOCATION.Y=11|TEXT==Board_Assembly_Revision|
RECORD= 4|LINENO=  27|OWNERPARTID=   0|OWNERINDEX=   2|FONTID=1|LOCATION.X=927|TEXT==Board_Document_Date|
RECORD= 6|LINENO=  28|OWNERPARTID=   0|OWNERINDEX=   2|LOCATIONCOUNT=2|X1=850|X2=1090|Y1=20|Y2=20|
RECORD= 4|LINENO=  29|OWNERPARTID=   0|OWNERINDEX=   2|FONTID=1|LOCATION.X=885|LOCATION.Y=21|TEXT==VariantName|
RECORD= 4|LINENO=  30|OWNERPARTID=   0|OWNERINDEX=   2|FONTID=1|LOCATION.X=904|TEXT=Date:|
RECORD= 4|LINENO=  31|OWNERPARTID=   0|OWNERINDEX=   2|FONTID=1|LOCATION.X=900|LOCATION.Y=11|TEXT=-|
RECORD= 4|LINENO=  32|OWNERPARTID=   0|OWNERINDEX=   2|FONTID=1|LOCATION.X=853|LOCATION.Y=21|TEXT=Variant:|
RECORD=41|LINENO=  33|OWNERPARTID=   0|OWNERINDEX= -42|FONTID=1|ISHIDDEN=T|NAME=CurrentTime|UNIQUEID=AMTVUFNB|
RECORD=41|LINENO=  34|OWNERPARTID=   0|OWNERINDEX= -42|FONTID=1|ISHIDDEN=T|NAME=CurrentDate|UNIQUEID=POVBENCP|
RECORD=41|LINENO=  35|OWNERPARTID=   0|OWNERINDEX= -42|FONTID=1|ISHIDDEN=T|NAME=Time|UNIQUEID=MJYXJIAP|
RECORD=41|LINENO=  36|OWNERPARTID=   0|OWNERINDEX= -42|FONTID=1|ISHIDDEN=T|NAME=Date|UNIQUEID=IWQDVSQO|
RECORD=41|LINENO=  37|OWNERPARTID=   0|OWNERINDEX= -42|FONTID=1|ISHIDDEN=T|NAME=DocumentFullPathAndName|UNIQUEID=ERLEKNFX|
RECORD=41|LINENO=  38|OWNERPARTID=   0|OWNERINDEX= -42|FONTID=1|ISHIDDEN=T|NAME=DocumentName|UNIQUEID=UTFEEGCY|
RECORD=41|LINENO=  39|OWNERPARTID=   0|OWNERINDEX= -42|FONTID=1|ISHIDDEN=T|NAME=ModifiedDate|UNIQUEID=AHSUTVOV|
RECORD=41|LINENO=  40|OWNERPARTID=   0|OWNERINDEX= -42|FONTID=1|ISHIDDEN=T|NAME=ApprovedBy|UNIQUEID=AKEWIGKH|
RECORD=41|LINENO=  41|OWNERPARTID=   0|OWNERINDEX= -42|FONTID=1|ISHIDDEN=T|NAME=CheckedBy|UNIQUEID=UOUWVMKK|
RECORD=41|LINENO=  42|OWNERPARTID=   0|OWNERINDEX= -42|FONTID=1|ISHIDDEN=T|NAME=Author|TEXT=Ph.A|UNIQUEID=SSRDKDHW|
RECORD=41|LINENO=  43|OWNERPARTID=   0|OWNERINDEX= -42|FONTID=1|ISHIDDEN=T|NAME=CompanyName|UNIQUEID=YJKSPBIJ|
RECORD=41|LINENO=  44|OWNERPARTID=   0|OWNERINDEX= -42|FONTID=1|ISHIDDEN=T|NAME=DrawnBy|UNIQUEID=HPYUSJJH|
RECORD=41|LINENO=  45|OWNERPARTID=   0|OWNERINDEX= -42|FONTID=1|ISHIDDEN=T|NAME=Engineer|UNIQUEID=NOQUMSRB|
RECORD=41|LINENO=  46|OWNERPARTID=   0|OWNERINDEX= -42|FONTID=1|ISHIDDEN=T|NAME=Organization|UNIQUEID=OBTIICVH|
RECORD=41|LINENO=  47|OWNERPARTID=   0|OWNERINDEX= -42|FONTID=1|ISHIDDEN=T|NAME=Address1|UNIQUEID=BTEEGPYS|
RECORD=41|LINENO=  48|OWNERPARTID=   0|OWNERINDEX= -42|FONTID=1|ISHIDDEN=T|NAME=Address2|UNIQUEID=CNRQHVSE|
RECORD=41|LINENO=  49|OWNERPARTID=   0|OWNERINDEX= -42|FONTID=1|ISHIDDEN=T|NAME=Address3|UNIQUEID=OAVLEMKU|
RECORD=41|LINENO=  50|OWNERPARTID=   0|OWNERINDEX= -42|FONTID=1|ISHIDDEN=T|NAME=Address4|UNIQUEID=STQKIFKX|
RECORD=41|LINENO=  51|OWNERPARTID=   0|OWNERINDEX= -42|FONTID=1|ISHIDDEN=T|NAME=Title|TEXT=Power Management|UNIQUEID=OMEEPRFX|
RECORD=41|LINENO=  52|OWNERPARTID=   0|OWNERINDEX= -42|FONTID=1|ISHIDDEN=T|NAME=DocumentNumber|UNIQUEID=UNMIDMAL|
RECORD=41|LINENO=  53|OWNERPARTID=   0|OWNERINDEX= -42|FONTID=1|ISHIDDEN=T|NAME=Revision|UNIQUEID=YCNXIOYF|
RECORD=41|LINENO=  54|OWNERPARTID=   0|OWNERINDEX= -42|FONTID=1|ISHIDDEN=T|NAME=SheetNumber|TEXT=5|UNIQUEID=WDDEWOWQ|
RECORD=41|LINENO=  55|OWNERPARTID=   0|OWNERINDEX= -42|FONTID=1|ISHIDDEN=T|NAME=SheetTotal|TEXT=6|UNIQUEID=UGVNBGLK|
RECORD=41|LINENO=  56|OWNERPARTID=   0|OWNERINDEX= -42|FONTID=1|ISHIDDEN=T|NAME=Rule|TEXT=*|UNIQUEID=XIGCNGCQ|
RECORD=41|LINENO=  57|OWNERPARTID=   0|OWNERINDEX= -42|FONTID=1|ISHIDDEN=T|NAME=ImagePath|UNIQUEID=ORWFUHOD|
RECORD=41|LINENO=  58|OWNERPARTID=   0|OWNERINDEX= -42|FONTID=1|ISHIDDEN=T|NAME=ProjectName|UNIQUEID=YTPQLJRC|
RECORD=41|LINENO=  59|OWNERPARTID=   0|OWNERINDEX= -42|FONTID=1|ISHIDDEN=T|NAME=Application_BuildNumber|UNIQUEID=STSTMODA|
RECORD=17|LINENO=  60|OWNERPARTID=   0|OWNERINDEX= -42|FONTID=1|LOCATION.X=130|LOCATION.Y=680|ORIENTATION=2|SHOWNETNAME=T|STYLE=2|TEXT=VIN|UNIQUEID=FQFTMGPW|
RECORD=17|LINENO=  61|OWNERPARTID=   0|OWNERINDEX= -42|FONTID=2|LOCATION.X=990|LOCATION.Y=610|ORIENTATION=1|SHOWNETNAME=T|STYLE=2|TEXT=3V3|UNIQUEID=VGRYVJNX|
RECORD=17|LINENO=  62|OWNERPARTID=   0|OWNERINDEX= -42|FONTID=2|LOCATION.X=580|LOCATION.Y=610|ORIENTATION=1|SHOWNETNAME=T|STYLE=2|TEXT=5V|UNIQUEID=YNRGGYPP|
RECORD=17|LINENO=  63|OWNERPARTID=   0|OWNERINDEX= -42|FONTID=2|LOCATION.X=1100|LOCATION.Y=610|ORIENTATION=1|SHOWNETNAME=T|STYLE=2|TEXT=VDD|UNIQUEID=PEPNXNDG|
RECORD= 1|LINENO=  64|OWNERPARTID=   0|OWNERINDEX= -42|ALLPINCOUNT=2|AREACOLOR=11599871|COMPONENTDESCRIPTION=Capacitor_not polarized|CURRENTPARTID=1|DESIGNITEMID=CAP_NPOL|DISPLAYMODECOUNT=1|LIBREFERENCE=CAP_NPOL|LOCATION.X=70|LOCATION.Y=230|PARTCOUNT=2|PARTIDLOCKED=F|SOURCELIBRARYNAME=ST_Lib3D.SchLib|TARGETFILENAME=*|UNIQUEID=IGFRNTSX|
RECORD= 2|LINENO=  65|OWNERPARTID=   2|OWNERINDEX=  64|%UTF8%SWAPIDPART=Â¦&Â¦|DESIGNATOR=2|ELECTRICAL=4|FORMALTYPE=1|LOCATION.X=80|LOCATION.Y=217|NAME=2|PINCONGLOMERATE=35|PINLENGTH=7|SWAPIDPART=Ž&Ž|SWAPIDPIN=2|
RECORD=41|LINENO=  66|OWNERPARTID=   0|OWNERINDEX=  65|FONTID=1|ISHIDDEN=T|LOCATION.X=80|LOCATION.Y=217|NAME=PinUniqueId|TEXT=ABYNVPOY|UNIQUEID=HMRFELHT|
RECORD= 2|LINENO=  67|OWNERPARTID=   2|OWNERINDEX=  64|%UTF8%SWAPIDPART=Â¦&Â¦|DESIGNATOR=1|ELECTRICAL=4|FORMALTYPE=1|LOCATION.X=80|LOCATION.Y=224|NAME=1|PINCONGLOMERATE=33|PINLENGTH=6|SWAPIDPART=Ž&Ž|SWAPIDPIN=1|
RECORD=41|LINENO=  68|OWNERPARTID=   0|OWNERINDEX=  67|FONTID=1|ISHIDDEN=T|LOCATION.X=80|LOCATION.Y=224|NAME=PinUniqueId|TEXT=FFXEEXEK|UNIQUEID=MPESXPYU|
RECORD= 6|LINENO=  69|OWNERPARTID=   2|OWNERINDEX=  64|LINEWIDTH=1|LOCATIONCOUNT=6|X1=80|X2=87|X3=87|X4=73|X5=73|X6=80|Y1=224|Y2=224|Y3=222|Y4=222|Y5=224|Y6=224|
RECORD= 6|LINENO=  70|OWNERPARTID=   2|OWNERINDEX=  64|LINEWIDTH=1|LOCATIONCOUNT=6|X1=80|X2=87|X3=87|X4=73|X5=73|X6=80|Y1=219|Y2=219|Y3=217|Y4=217|Y5=219|Y6=219|
RECORD= 6|LINENO=  71|OWNERPARTID=   2|OWNERINDEX=  64|LINEWIDTH=2|LOCATIONCOUNT=2|X1=86|X2=74|Y1=223|Y2=223|
RECORD= 6|LINENO=  72|OWNERPARTID=   2|OWNERINDEX=  64|LINEWIDTH=2|LOCATIONCOUNT=2|X1=74|X2=86|Y1=218|Y2=218|
RECORD=34|LINENO=  73|OWNERPARTID=   0|OWNERINDEX=  64|FONTID=1|LOCATION.X=58|LOCATION.Y=223|NAME=Designator|TEXT=C23|UNIQUEID=MAOUTOBN|
RECORD=41|LINENO=  74|OWNERPARTID=   0|OWNERINDEX=  64|FONTID=1|LOCATION.X=50|LOCATION.Y=210|NAME=Comment|TEXT=4.7uF|UNIQUEID=SAVXMATJ|
RECORD=44|LINENO=  75|OWNERPARTID= -42|OWNERINDEX=  64|
RECORD=45|LINENO=  76|OWNERPARTID= -42|OWNERINDEX=  75|DATAFILECOUNT=1|DESCRIPTION=Radial Capacitor 2steps(5.08mm) 2.5mm x 7mm|MODELDATAFILEENTITY0=CAP_RAD_5.08_2.5x7|MODELDATAFILEKIND0=PCBLib|MODELNAME=CAP_RAD_5.08_2.5x7|MODELTYPE=PCBLIB|UNIQUEID=JVCNASHW|
RECORD=46|LINENO=  77|OWNERPARTID= -42|OWNERINDEX=  76|
RECORD=48|LINENO=  78|OWNERPARTID= -42|OWNERINDEX=  76|
RECORD=45|LINENO=  79|OWNERPARTID= -42|OWNERINDEX=  75|DATAFILECOUNT=1|DESCRIPTION=Radial Capacitor 1steps(2.54mm) 1.5mm x 4.5mm|MODELDATAFILEENTITY0=CAP_RAD_2.54_1.5x4.5|MODELDATAFILEKIND0=PCBLib|MODELNAME=CAP_RAD_2.54_1.5x4.5|MODELTYPE=PCBLIB|UNIQUEID=OOHXCCAW|
RECORD=46|LINENO=  80|OWNERPARTID= -42|OWNERINDEX=  79|
RECORD=48|LINENO=  81|OWNERPARTID= -42|OWNERINDEX=  79|
RECORD=45|LINENO=  82|OWNERPARTID= -42|OWNERINDEX=  75|DATAFILECOUNT=1|DESCRIPTION=Capacitor FootPrint 0402|ISCURRENT=T|MODELDATAFILEENTITY0=0402_CAP_NPOL|MODELDATAFILEKIND0=PCBLib|MODELNAME=0402_CAP_NPOL|MODELTYPE=PCBLIB|UNIQUEID=EJGXHEPO|
RECORD=46|LINENO=  83|OWNERPARTID= -42|OWNERINDEX=  82|
RECORD=48|LINENO=  84|OWNERPARTID= -42|OWNERINDEX=  82|
RECORD=45|LINENO=  85|OWNERPARTID= -42|OWNERINDEX=  75|DATAFILECOUNT=1|DESCRIPTION=Capacitor FootPrint 0603|MODELDATAFILEENTITY0=0603_CAP_NPOL|MODELDATAFILEKIND0=PCBLib|MODELNAME=0603_CAP_NPOL|MODELTYPE=PCBLIB|UNIQUEID=JPKCWQJR|
RECORD=46|LINENO=  86|OWNERPARTID= -42|OWNERINDEX=  85|
RECORD=48|LINENO=  87|OWNERPARTID= -42|OWNERINDEX=  85|
RECORD=45|LINENO=  88|OWNERPARTID= -42|OWNERINDEX=  75|DATAFILECOUNT=1|DESCRIPTION=Capacitor FootPrint 0805|MODELDATAFILEENTITY0=0805_CAP_NPOL|MODELDATAFILEKIND0=PCBLib|MODELNAME=0805_CAP_NPOL|MODELTYPE=PCBLIB|UNIQUEID=CUJBHVVN|
RECORD=46|LINENO=  89|OWNERPARTID= -42|OWNERINDEX=  88|
RECORD=48|LINENO=  90|OWNERPARTID= -42|OWNERINDEX=  88|
RECORD=45|LINENO=  91|OWNERPARTID= -42|OWNERINDEX=  75|DATAFILECOUNT=1|DESCRIPTION=Capacitor FootPrint 1206|MODELDATAFILEENTITY0=1206_CAP_NPOL|MODELDATAFILEKIND0=PCBLib|MODELNAME=1206_CAP_NPOL|MODELTYPE=PCBLIB|UNIQUEID=GWJKSYJY|
RECORD=46|LINENO=  92|OWNERPARTID= -42|OWNERINDEX=  91|
RECORD=48|LINENO=  93|OWNERPARTID= -42|OWNERINDEX=  91|
RECORD= 1|LINENO=  94|OWNERPARTID=   0|OWNERINDEX= -42|ALLPINCOUNT=2|AREACOLOR=11599871|COMPONENTDESCRIPTION=Capacitor_not polarized|CURRENTPARTID=1|DESIGNITEMID=CAP_NPOL|DISPLAYMODECOUNT=1|LIBREFERENCE=CAP_NPOL|LOCATION.X=190|LOCATION.Y=150|PARTCOUNT=2|PARTIDLOCKED=F|SOURCELIBRARYNAME=ST_Lib3D.SchLib|TARGETFILENAME=*|UNIQUEID=DFTRXCJO|
RECORD= 2|LINENO=  95|OWNERPARTID=   2|OWNERINDEX=  94|%UTF8%SWAPIDPART=Â¦&Â¦|DESIGNATOR=2|ELECTRICAL=4|FORMALTYPE=1|LOCATION.X=200|LOCATION.Y=137|NAME=2|PINCONGLOMERATE=35|PINLENGTH=7|SWAPIDPART=Ž&Ž|SWAPIDPIN=2|
RECORD=41|LINENO=  96|OWNERPARTID=   0|OWNERINDEX=  95|FONTID=1|ISHIDDEN=T|LOCATION.X=200|LOCATION.Y=137|NAME=PinUniqueId|TEXT=ABYSPEYV|UNIQUEID=JLDTBMTR|
RECORD= 2|LINENO=  97|OWNERPARTID=   2|OWNERINDEX=  94|%UTF8%SWAPIDPART=Â¦&Â¦|DESIGNATOR=1|ELECTRICAL=4|FORMALTYPE=1|LOCATION.X=200|LOCATION.Y=144|NAME=1|PINCONGLOMERATE=33|PINLENGTH=6|SWAPIDPART=Ž&Ž|SWAPIDPIN=1|
RECORD=41|LINENO=  98|OWNERPARTID=   0|OWNERINDEX=  97|FONTID=1|ISHIDDEN=T|LOCATION.X=200|LOCATION.Y=144|NAME=PinUniqueId|TEXT=LXGLIEWI|UNIQUEID=NYJXHMKK|
RECORD= 6|LINENO=  99|OWNERPARTID=   2|OWNERINDEX=  94|LINEWIDTH=1|LOCATIONCOUNT=6|X1=200|X2=207|X3=207|X4=193|X5=193|X6=200|Y1=144|Y2=144|Y3=142|Y4=142|Y5=144|Y6=144|
RECORD= 6|LINENO= 100|OWNERPARTID=   2|OWNERINDEX=  94|LINEWIDTH=1|LOCATIONCOUNT=6|X1=200|X2=207|X3=207|X4=193|X5=193|X6=200|Y1=139|Y2=139|Y3=137|Y4=137|Y5=139|Y6=139|
RECORD= 6|LINENO= 101|OWNERPARTID=   2|OWNERINDEX=  94|LINEWIDTH=2|LOCATIONCOUNT=2|X1=206|X2=194|Y1=143|Y2=143|
RECORD= 6|LINENO= 102|OWNERPARTID=   2|OWNERINDEX=  94|LINEWIDTH=2|LOCATIONCOUNT=2|X1=194|X2=206|Y1=138|Y2=138|
RECORD=34|LINENO= 103|OWNERPARTID=   0|OWNERINDEX=  94|FONTID=1|LOCATION.X=209|LOCATION.Y=136|NAME=Designator|TEXT=C29|UNIQUEID=JXTTQYLA|
RECORD=41|LINENO= 104|OWNERPARTID=   0|OWNERINDEX=  94|FONTID=1|LOCATION.X=209|LOCATION.Y=126|NAME=Comment|TEXT=4.7uF|UNIQUEID=EJIHHAYS|
RECORD=44|LINENO= 105|OWNERPARTID= -42|OWNERINDEX=  94|
RECORD=45|LINENO= 106|OWNERPARTID= -42|OWNERINDEX= 105|DATAFILECOUNT=1|DESCRIPTION=Radial Capacitor 2steps(5.08mm) 2.5mm x 7mm|MODELDATAFILEENTITY0=CAP_RAD_5.08_2.5x7|MODELDATAFILEKIND0=PCBLib|MODELNAME=CAP_RAD_5.08_2.5x7|MODELTYPE=PCBLIB|UNIQUEID=URTBYOWB|
RECORD=46|LINENO= 107|OWNERPARTID= -42|OWNERINDEX= 106|
RECORD=48|LINENO= 108|OWNERPARTID= -42|OWNERINDEX= 106|
RECORD=45|LINENO= 109|OWNERPARTID= -42|OWNERINDEX= 105|DATAFILECOUNT=1|DESCRIPTION=Radial Capacitor 1steps(2.54mm) 1.5mm x 4.5mm|MODELDATAFILEENTITY0=CAP_RAD_2.54_1.5x4.5|MODELDATAFILEKIND0=PCBLib|MODELNAME=CAP_RAD_2.54_1.5x4.5|MODELTYPE=PCBLIB|UNIQUEID=IRDWEBXH|
RECORD=46|LINENO= 110|OWNERPARTID= -42|OWNERINDEX= 109|
RECORD=48|LINENO= 111|OWNERPARTID= -42|OWNERINDEX= 109|
RECORD=45|LINENO= 112|OWNERPARTID= -42|OWNERINDEX= 105|DATAFILECOUNT=1|DESCRIPTION=Capacitor FootPrint 0402|ISCURRENT=T|MODELDATAFILEENTITY0=0402_CAP_NPOL|MODELDATAFILEKIND0=PCBLib|MODELNAME=0402_CAP_NPOL|MODELTYPE=PCBLIB|UNIQUEID=QXPAIDRI|
RECORD=46|LINENO= 113|OWNERPARTID= -42|OWNERINDEX= 112|
RECORD=48|LINENO= 114|OWNERPARTID= -42|OWNERINDEX= 112|
RECORD=45|LINENO= 115|OWNERPARTID= -42|OWNERINDEX= 105|DATAFILECOUNT=1|DESCRIPTION=Capacitor FootPrint 0603|MODELDATAFILEENTITY0=0603_CAP_NPOL|MODELDATAFILEKIND0=PCBLib|MODELNAME=0603_CAP_NPOL|MODELTYPE=PCBLIB|UNIQUEID=BLQANNIE|
RECORD=46|LINENO= 116|OWNERPARTID= -42|OWNERINDEX= 115|
RECORD=48|LINENO= 117|OWNERPARTID= -42|OWNERINDEX= 115|
RECORD=45|LINENO= 118|OWNERPARTID= -42|OWNERINDEX= 105|DATAFILECOUNT=1|DESCRIPTION=Capacitor FootPrint 0805|MODELDATAFILEENTITY0=0805_CAP_NPOL|MODELDATAFILEKIND0=PCBLib|MODELNAME=0805_CAP_NPOL|MODELTYPE=PCBLIB|UNIQUEID=NRJTHWQE|
RECORD=46|LINENO= 119|OWNERPARTID= -42|OWNERINDEX= 118|
RECORD=48|LINENO= 120|OWNERPARTID= -42|OWNERINDEX= 118|
RECORD=45|LINENO= 121|OWNERPARTID= -42|OWNERINDEX= 105|DATAFILECOUNT=1|DESCRIPTION=Capacitor FootPrint 1206|MODELDATAFILEENTITY0=1206_CAP_NPOL|MODELDATAFILEKIND0=PCBLib|MODELNAME=1206_CAP_NPOL|MODELTYPE=PCBLIB|UNIQUEID=RSSIBNMK|
RECORD=46|LINENO= 122|OWNERPARTID= -42|OWNERINDEX= 121|
RECORD=48|LINENO= 123|OWNERPARTID= -42|OWNERINDEX= 121|
RECORD=17|LINENO= 124|OWNERPARTID=   0|OWNERINDEX= -42|FONTID=2|LOCATION.X=80|LOCATION.Y=290|ORIENTATION=1|SHOWNETNAME=T|STYLE=2|TEXT=VDD|UNIQUEID=DUWCQHAH|
RECORD=17|LINENO= 125|OWNERPARTID=   0|OWNERINDEX= -42|FONTID=1|LOCATION.X=490|LOCATION.Y=340|ORIENTATION=2|SHOWNETNAME=T|STYLE=2|TEXT=VDD_MCU|UNIQUEID=WUXSVGAX|
RECORD=17|LINENO= 126|OWNERPARTID=   0|OWNERINDEX= -42|FONTID=1|LOCATION.X=490|LOCATION.Y=180|ORIENTATION=2|SHOWNETNAME=T|STYLE=2|TEXT=VDD_MCU|UNIQUEID=QGYAVUHN|
RECORD=17|LINENO= 127|OWNERPARTID=   0|OWNERINDEX= -42|FONTID=1|LOCATION.X=490|LOCATION.Y=140|ORIENTATION=2|SHOWNETNAME=T|STYLE=2|TEXT=VDD_MCU|UNIQUEID=MOGQWHIS|
RECORD=17|LINENO= 128|OWNERPARTID=   0|OWNERINDEX= -42|FONTID=1|LOCATION.X=490|LOCATION.Y=270|ORIENTATION=2|SHOWNETNAME=T|STYLE=2|TEXT=VDD_MCU|UNIQUEID=BNNJVHOO|
RECORD= 1|LINENO= 129|OWNERPARTID=   0|OWNERINDEX= -42|ALLPINCOUNT=2|AREACOLOR=11599871|COMPONENTDESCRIPTION=Capacitor_not polarized|CURRENTPARTID=1|DESIGNITEMID=CAP_NPOL|DISPLAYMODECOUNT=1|LIBREFERENCE=CAP_NPOL|LOCATION.X=580|LOCATION.Y=330|PARTCOUNT=2|PARTIDLOCKED=F|SOURCELIBRARYNAME=ST_Lib3D.SchLib|TARGETFILENAME=*|UNIQUEID=AAAOGSFD|
RECORD= 2|LINENO= 130|OWNERPARTID=   2|OWNERINDEX= 129|%UTF8%SWAPIDPART=Â¦&Â¦|DESIGNATOR=2|ELECTRICAL=4|FORMALTYPE=1|LOCATION.X=590|LOCATION.Y=317|NAME=2|PINCONGLOMERATE=35|PINLENGTH=7|SWAPIDPART=Ž&Ž|SWAPIDPIN=2|
RECORD=41|LINENO= 131|OWNERPARTID=   0|OWNERINDEX= 130|FONTID=1|ISHIDDEN=T|LOCATION.X=590|LOCATION.Y=317|NAME=PinUniqueId|TEXT=NXHOSTES|UNIQUEID=RQGVLXWN|
RECORD= 2|LINENO= 132|OWNERPARTID=   2|OWNERINDEX= 129|%UTF8%SWAPIDPART=Â¦&Â¦|DESIGNATOR=1|ELECTRICAL=4|FORMALTYPE=1|LOCATION.X=590|LOCATION.Y=324|NAME=1|PINCONGLOMERATE=33|PINLENGTH=6|SWAPIDPART=Ž&Ž|SWAPIDPIN=1|
RECORD=41|LINENO= 133|OWNERPARTID=   0|OWNERINDEX= 132|FONTID=1|ISHIDDEN=T|LOCATION.X=590|LOCATION.Y=324|NAME=PinUniqueId|TEXT=BSHDCNER|UNIQUEID=ITVRJRLQ|
RECORD= 6|LINENO= 134|OWNERPARTID=   2|OWNERINDEX= 129|LINEWIDTH=1|LOCATIONCOUNT=6|X1=590|X2=597|X3=597|X4=583|X5=583|X6=590|Y1=324|Y2=324|Y3=322|Y4=322|Y5=324|Y6=324|
RECORD= 6|LINENO= 135|OWNERPARTID=   2|OWNERINDEX= 129|LINEWIDTH=1|LOCATIONCOUNT=6|X1=590|X2=597|X3=597|X4=583|X5=583|X6=590|Y1=319|Y2=319|Y3=317|Y4=317|Y5=319|Y6=319|
RECORD= 6|LINENO= 136|OWNERPARTID=   2|OWNERINDEX= 129|LINEWIDTH=2|LOCATIONCOUNT=2|X1=596|X2=584|Y1=323|Y2=323|
RECORD= 6|LINENO= 137|OWNERPARTID=   2|OWNERINDEX= 129|LINEWIDTH=2|LOCATIONCOUNT=2|X1=584|X2=596|Y1=318|Y2=318|
RECORD=34|LINENO= 138|OWNERPARTID=   0|OWNERINDEX= 129|FONTID=1|LOCATION.X=593|LOCATION.Y=325|NAME=Designator|TEXT=C20|UNIQUEID=NPIPBVPA|
RECORD=41|LINENO= 139|OWNERPARTID=   0|OWNERINDEX= 129|FONTID=1|LOCATION.X=591|LOCATION.Y=307|NAME=Comment|TEXT=100nF|UNIQUEID=NJXRYLPD|
RECORD=44|LINENO= 140|OWNERPARTID= -42|OWNERINDEX= 129|
RECORD=45|LINENO= 141|OWNERPARTID= -42|OWNERINDEX= 140|DATAFILECOUNT=1|DESCRIPTION=Radial Capacitor 2steps(5.08mm) 2.5mm x 7mm|MODELDATAFILEENTITY0=CAP_RAD_5.08_2.5x7|MODELDATAFILEKIND0=PCBLib|MODELNAME=CAP_RAD_5.08_2.5x7|MODELTYPE=PCBLIB|UNIQUEID=MLPXOFAC|
RECORD=46|LINENO= 142|OWNERPARTID= -42|OWNERINDEX= 141|
RECORD=48|LINENO= 143|OWNERPARTID= -42|OWNERINDEX= 141|
RECORD=45|LINENO= 144|OWNERPARTID= -42|OWNERINDEX= 140|DATAFILECOUNT=1|DESCRIPTION=Radial Capacitor 1steps(2.54mm) 1.5mm x 4.5mm|MODELDATAFILEENTITY0=CAP_RAD_2.54_1.5x4.5|MODELDATAFILEKIND0=PCBLib|MODELNAME=CAP_RAD_2.54_1.5x4.5|MODELTYPE=PCBLIB|UNIQUEID=KFBWMAYG|
RECORD=46|LINENO= 145|OWNERPARTID= -42|OWNERINDEX= 144|
RECORD=48|LINENO= 146|OWNERPARTID= -42|OWNERINDEX= 144|
RECORD=45|LINENO= 147|OWNERPARTID= -42|OWNERINDEX= 140|DATAFILECOUNT=1|DESCRIPTION=Capacitor FootPrint 0402|ISCURRENT=T|MODELDATAFILEENTITY0=0402_CAP_NPOL|MODELDATAFILEKIND0=PCBLib|MODELNAME=0402_CAP_NPOL|MODELTYPE=PCBLIB|UNIQUEID=SSGPJRRR|
RECORD=46|LINENO= 148|OWNERPARTID= -42|OWNERINDEX= 147|
RECORD=48|LINENO= 149|OWNERPARTID= -42|OWNERINDEX= 147|
RECORD=45|LINENO= 150|OWNERPARTID= -42|OWNERINDEX= 140|DATAFILECOUNT=1|DESCRIPTION=Capacitor FootPrint 0603|MODELDATAFILEENTITY0=0603_CAP_NPOL|MODELDATAFILEKIND0=PCBLib|MODELNAME=0603_CAP_NPOL|MODELTYPE=PCBLIB|UNIQUEID=GQDRKOHC|
RECORD=46|LINENO= 151|OWNERPARTID= -42|OWNERINDEX= 150|
RECORD=48|LINENO= 152|OWNERPARTID= -42|OWNERINDEX= 150|
RECORD=45|LINENO= 153|OWNERPARTID= -42|OWNERINDEX= 140|DATAFILECOUNT=1|DESCRIPTION=Capacitor FootPrint 0805|MODELDATAFILEENTITY0=0805_CAP_NPOL|MODELDATAFILEKIND0=PCBLib|MODELNAME=0805_CAP_NPOL|MODELTYPE=PCBLIB|UNIQUEID=VIWMGGNK|
RECORD=46|LINENO= 154|OWNERPARTID= -42|OWNERINDEX= 153|
RECORD=48|LINENO= 155|OWNERPARTID= -42|OWNERINDEX= 153|
RECORD=45|LINENO= 156|OWNERPARTID= -42|OWNERINDEX= 140|DATAFILECOUNT=1|DESCRIPTION=Capacitor FootPrint 1206|MODELDATAFILEENTITY0=1206_CAP_NPOL|MODELDATAFILEKIND0=PCBLib|MODELNAME=1206_CAP_NPOL|MODELTYPE=PCBLIB|UNIQUEID=ULIPVPSC|
RECORD=46|LINENO= 157|OWNERPARTID= -42|OWNERINDEX= 156|
RECORD=48|LINENO= 158|OWNERPARTID= -42|OWNERINDEX= 156|
RECORD= 1|LINENO= 159|OWNERPARTID=   0|OWNERINDEX= -42|ALLPINCOUNT=2|AREACOLOR=11599871|COMPONENTDESCRIPTION=Capacitor_not polarized|CURRENTPARTID=1|DESIGNITEMID=CAP_NPOL|DISPLAYMODECOUNT=1|LIBREFERENCE=CAP_NPOL|LOCATION.X=490|LOCATION.Y=330|PARTCOUNT=2|PARTIDLOCKED=F|SOURCELIBRARYNAME=ST_Lib3D.SchLib|TARGETFILENAME=*|UNIQUEID=UQXMKFHR|
RECORD= 2|LINENO= 160|OWNERPARTID=   2|OWNERINDEX= 159|%UTF8%SWAPIDPART=Â¦&Â¦|DESIGNATOR=2|ELECTRICAL=4|FORMALTYPE=1|LOCATION.X=500|LOCATION.Y=317|NAME=2|PINCONGLOMERATE=35|PINLENGTH=7|SWAPIDPART=Ž&Ž|SWAPIDPIN=2|
RECORD=41|LINENO= 161|OWNERPARTID=   0|OWNERINDEX= 160|FONTID=1|ISHIDDEN=T|LOCATION.X=500|LOCATION.Y=317|NAME=PinUniqueId|TEXT=KQIFJKTE|UNIQUEID=HOSGIMAI|
RECORD= 2|LINENO= 162|OWNERPARTID=   2|OWNERINDEX= 159|%UTF8%SWAPIDPART=Â¦&Â¦|DESIGNATOR=1|ELECTRICAL=4|FORMALTYPE=1|LOCATION.X=500|LOCATION.Y=324|NAME=1|PINCONGLOMERATE=33|PINLENGTH=6|SWAPIDPART=Ž&Ž|SWAPIDPIN=1|
RECORD=41|LINENO= 163|OWNERPARTID=   0|OWNERINDEX= 162|FONTID=1|ISHIDDEN=T|LOCATION.X=500|LOCATION.Y=324|NAME=PinUniqueId|TEXT=JEEYHGFE|UNIQUEID=NCHBATKD|
RECORD= 6|LINENO= 164|OWNERPARTID=   2|OWNERINDEX= 159|LINEWIDTH=1|LOCATIONCOUNT=6|X1=500|X2=507|X3=507|X4=493|X5=493|X6=500|Y1=324|Y2=324|Y3=322|Y4=322|Y5=324|Y6=324|
RECORD= 6|LINENO= 165|OWNERPARTID=   2|OWNERINDEX= 159|LINEWIDTH=1|LOCATIONCOUNT=6|X1=500|X2=507|X3=507|X4=493|X5=493|X6=500|Y1=319|Y2=319|Y3=317|Y4=317|Y5=319|Y6=319|
RECORD= 6|LINENO= 166|OWNERPARTID=   2|OWNERINDEX= 159|LINEWIDTH=2|LOCATIONCOUNT=2|X1=506|X2=494|Y1=323|Y2=323|
RECORD= 6|LINENO= 167|OWNERPARTID=   2|OWNERINDEX= 159|LINEWIDTH=2|LOCATIONCOUNT=2|X1=494|X2=506|Y1=318|Y2=318|
RECORD=34|LINENO= 168|OWNERPARTID=   0|OWNERINDEX= 159|FONTID=1|LOCATION.X=502|LOCATION.Y=325|NAME=Designator|TEXT=C17|UNIQUEID=QSBLUKDH|
RECORD=41|LINENO= 169|OWNERPARTID=   0|OWNERINDEX= 159|FONTID=1|LOCATION.X=501|LOCATION.Y=307|NAME=Comment|TEXT=100nF|UNIQUEID=VDWYASIO|
RECORD=44|LINENO= 170|OWNERPARTID= -42|OWNERINDEX= 159|
RECORD=45|LINENO= 171|OWNERPARTID= -42|OWNERINDEX= 170|DATAFILECOUNT=1|DESCRIPTION=Radial Capacitor 2steps(5.08mm) 2.5mm x 7mm|MODELDATAFILEENTITY0=CAP_RAD_5.08_2.5x7|MODELDATAFILEKIND0=PCBLib|MODELNAME=CAP_RAD_5.08_2.5x7|MODELTYPE=PCBLIB|UNIQUEID=BADEVSQH|
RECORD=46|LINENO= 172|OWNERPARTID= -42|OWNERINDEX= 171|
RECORD=48|LINENO= 173|OWNERPARTID= -42|OWNERINDEX= 171|
RECORD=45|LINENO= 174|OWNERPARTID= -42|OWNERINDEX= 170|DATAFILECOUNT=1|DESCRIPTION=Radial Capacitor 1steps(2.54mm) 1.5mm x 4.5mm|MODELDATAFILEENTITY0=CAP_RAD_2.54_1.5x4.5|MODELDATAFILEKIND0=PCBLib|MODELNAME=CAP_RAD_2.54_1.5x4.5|MODELTYPE=PCBLIB|UNIQUEID=IMQOKAWO|
RECORD=46|LINENO= 175|OWNERPARTID= -42|OWNERINDEX= 174|
RECORD=48|LINENO= 176|OWNERPARTID= -42|OWNERINDEX= 174|
RECORD=45|LINENO= 177|OWNERPARTID= -42|OWNERINDEX= 170|DATAFILECOUNT=1|DESCRIPTION=Capacitor FootPrint 0402|ISCURRENT=T|MODELDATAFILEENTITY0=0402_CAP_NPOL|MODELDATAFILEKIND0=PCBLib|MODELNAME=0402_CAP_NPOL|MODELTYPE=PCBLIB|UNIQUEID=XLNNVONR|
RECORD=46|LINENO= 178|OWNERPARTID= -42|OWNERINDEX= 177|
RECORD=48|LINENO= 179|OWNERPARTID= -42|OWNERINDEX= 177|
RECORD=45|LINENO= 180|OWNERPARTID= -42|OWNERINDEX= 170|DATAFILECOUNT=1|DESCRIPTION=Capacitor FootPrint 0603|MODELDATAFILEENTITY0=0603_CAP_NPOL|MODELDATAFILEKIND0=PCBLib|MODELNAME=0603_CAP_NPOL|MODELTYPE=PCBLIB|UNIQUEID=DDEREPOR|
RECORD=46|LINENO= 181|OWNERPARTID= -42|OWNERINDEX= 180|
RECORD=48|LINENO= 182|OWNERPARTID= -42|OWNERINDEX= 180|
RECORD=45|LINENO= 183|OWNERPARTID= -42|OWNERINDEX= 170|DATAFILECOUNT=1|DESCRIPTION=Capacitor FootPrint 0805|MODELDATAFILEENTITY0=0805_CAP_NPOL|MODELDATAFILEKIND0=PCBLib|MODELNAME=0805_CAP_NPOL|MODELTYPE=PCBLIB|UNIQUEID=ALDKAHJI|
RECORD=46|LINENO= 184|OWNERPARTID= -42|OWNERINDEX= 183|
RECORD=48|LINENO= 185|OWNERPARTID= -42|OWNERINDEX= 183|
RECORD=45|LINENO= 186|OWNERPARTID= -42|OWNERINDEX= 170|DATAFILECOUNT=1|DESCRIPTION=Capacitor FootPrint 1206|MODELDATAFILEENTITY0=1206_CAP_NPOL|MODELDATAFILEKIND0=PCBLib|MODELNAME=1206_CAP_NPOL|MODELTYPE=PCBLIB|UNIQUEID=ODQLAJQB|
RECORD=46|LINENO= 187|OWNERPARTID= -42|OWNERINDEX= 186|
RECORD=48|LINENO= 188|OWNERPARTID= -42|OWNERINDEX= 186|
RECORD= 1|LINENO= 189|OWNERPARTID=   0|OWNERINDEX= -42|ALLPINCOUNT=2|AREACOLOR=11599871|COMPONENTDESCRIPTION=Capacitor_not polarized|CURRENTPARTID=1|DESIGNITEMID=CAP_NPOL|DISPLAYMODECOUNT=1|LIBREFERENCE=CAP_NPOL|LOCATION.X=550|LOCATION.Y=330|PARTCOUNT=2|PARTIDLOCKED=F|SOURCELIBRARYNAME=ST_Lib3D.SchLib|TARGETFILENAME=*|UNIQUEID=JKYEPLSV|
RECORD= 2|LINENO= 190|OWNERPARTID=   2|OWNERINDEX= 189|%UTF8%SWAPIDPART=Â¦&Â¦|DESIGNATOR=2|ELECTRICAL=4|FORMALTYPE=1|LOCATION.X=560|LOCATION.Y=317|NAME=2|PINCONGLOMERATE=35|PINLENGTH=7|SWAPIDPART=Ž&Ž|SWAPIDPIN=2|
RECORD=41|LINENO= 191|OWNERPARTID=   0|OWNERINDEX= 190|FONTID=1|ISHIDDEN=T|LOCATION.X=560|LOCATION.Y=317|NAME=PinUniqueId|TEXT=YGEACEJN|UNIQUEID=WULIESWO|
RECORD= 2|LINENO= 192|OWNERPARTID=   2|OWNERINDEX= 189|%UTF8%SWAPIDPART=Â¦&Â¦|DESIGNATOR=1|ELECTRICAL=4|FORMALTYPE=1|LOCATION.X=560|LOCATION.Y=324|NAME=1|PINCONGLOMERATE=33|PINLENGTH=6|SWAPIDPART=Ž&Ž|SWAPIDPIN=1|
RECORD=41|LINENO= 193|OWNERPARTID=   0|OWNERINDEX= 192|FONTID=1|ISHIDDEN=T|LOCATION.X=560|LOCATION.Y=324|NAME=PinUniqueId|TEXT=UEYFIHAB|UNIQUEID=EMKOTYNI|
RECORD= 6|LINENO= 194|OWNERPARTID=   2|OWNERINDEX= 189|LINEWIDTH=1|LOCATIONCOUNT=6|X1=560|X2=567|X3=567|X4=553|X5=553|X6=560|Y1=324|Y2=324|Y3=322|Y4=322|Y5=324|Y6=324|
RECORD= 6|LINENO= 195|OWNERPARTID=   2|OWNERINDEX= 189|LINEWIDTH=1|LOCATIONCOUNT=6|X1=560|X2=567|X3=567|X4=553|X5=553|X6=560|Y1=319|Y2=319|Y3=317|Y4=317|Y5=319|Y6=319|
RECORD= 6|LINENO= 196|OWNERPARTID=   2|OWNERINDEX= 189|LINEWIDTH=2|LOCATIONCOUNT=2|X1=566|X2=554|Y1=323|Y2=323|
RECORD= 6|LINENO= 197|OWNERPARTID=   2|OWNERINDEX= 189|LINEWIDTH=2|LOCATIONCOUNT=2|X1=554|X2=566|Y1=318|Y2=318|
RECORD=34|LINENO= 198|OWNERPARTID=   0|OWNERINDEX= 189|FONTID=1|LOCATION.X=562|LOCATION.Y=325|NAME=Designator|TEXT=C19|UNIQUEID=WYTNVXKJ|
RECORD=41|LINENO= 199|OWNERPARTID=   0|OWNERINDEX= 189|FONTID=1|LOCATION.X=561|LOCATION.Y=307|NAME=Comment|TEXT=100nF|UNIQUEID=XNWFSLAK|
RECORD=44|LINENO= 200|OWNERPARTID= -42|OWNERINDEX= 189|
RECORD=45|LINENO= 201|OWNERPARTID= -42|OWNERINDEX= 200|DATAFILECOUNT=1|DESCRIPTION=Radial Capacitor 2steps(5.08mm) 2.5mm x 7mm|MODELDATAFILEENTITY0=CAP_RAD_5.08_2.5x7|MODELDATAFILEKIND0=PCBLib|MODELNAME=CAP_RAD_5.08_2.5x7|MODELTYPE=PCBLIB|UNIQUEID=DORPWMNN|
RECORD=46|LINENO= 202|OWNERPARTID= -42|OWNERINDEX= 201|
RECORD=48|LINENO= 203|OWNERPARTID= -42|OWNERINDEX= 201|
RECORD=45|LINENO= 204|OWNERPARTID= -42|OWNERINDEX= 200|DATAFILECOUNT=1|DESCRIPTION=Radial Capacitor 1steps(2.54mm) 1.5mm x 4.5mm|MODELDATAFILEENTITY0=CAP_RAD_2.54_1.5x4.5|MODELDATAFILEKIND0=PCBLib|MODELNAME=CAP_RAD_2.54_1.5x4.5|MODELTYPE=PCBLIB|UNIQUEID=OVQSOTMK|
RECORD=46|LINENO= 205|OWNERPARTID= -42|OWNERINDEX= 204|
RECORD=48|LINENO= 206|OWNERPARTID= -42|OWNERINDEX= 204|
RECORD=45|LINENO= 207|OWNERPARTID= -42|OWNERINDEX= 200|DATAFILECOUNT=1|DESCRIPTION=Capacitor FootPrint 0402|ISCURRENT=T|MODELDATAFILEENTITY0=0402_CAP_NPOL|MODELDATAFILEKIND0=PCBLib|MODELNAME=0402_CAP_NPOL|MODELTYPE=PCBLIB|UNIQUEID=VWFPVFUN|
RECORD=46|LINENO= 208|OWNERPARTID= -42|OWNERINDEX= 207|
RECORD=48|LINENO= 209|OWNERPARTID= -42|OWNERINDEX= 207|
RECORD=45|LINENO= 210|OWNERPARTID= -42|OWNERINDEX= 200|DATAFILECOUNT=1|DESCRIPTION=Capacitor FootPrint 0603|MODELDATAFILEENTITY0=0603_CAP_NPOL|MODELDATAFILEKIND0=PCBLib|MODELNAME=0603_CAP_NPOL|MODELTYPE=PCBLIB|UNIQUEID=IJTVASVD|
RECORD=46|LINENO= 211|OWNERPARTID= -42|OWNERINDEX= 210|
RECORD=48|LINENO= 212|OWNERPARTID= -42|OWNERINDEX= 210|
RECORD=45|LINENO= 213|OWNERPARTID= -42|OWNERINDEX= 200|DATAFILECOUNT=1|DESCRIPTION=Capacitor FootPrint 0805|MODELDATAFILEENTITY0=0805_CAP_NPOL|MODELDATAFILEKIND0=PCBLib|MODELNAME=0805_CAP_NPOL|MODELTYPE=PCBLIB|UNIQUEID=KRLNDYUR|
RECORD=46|LINENO= 214|OWNERPARTID= -42|OWNERINDEX= 213|
RECORD=48|LINENO= 215|OWNERPARTID= -42|OWNERINDEX= 213|
RECORD=45|LINENO= 216|OWNERPARTID= -42|OWNERINDEX= 200|DATAFILECOUNT=1|DESCRIPTION=Capacitor FootPrint 1206|MODELDATAFILEENTITY0=1206_CAP_NPOL|MODELDATAFILEKIND0=PCBLib|MODELNAME=1206_CAP_NPOL|MODELTYPE=PCBLIB|UNIQUEID=LKLOTJHM|
RECORD=46|LINENO= 217|OWNERPARTID= -42|OWNERINDEX= 216|
RECORD=48|LINENO= 218|OWNERPARTID= -42|OWNERINDEX= 216|
RECORD= 1|LINENO= 219|OWNERPARTID=   0|OWNERINDEX= -42|ALLPINCOUNT=2|AREACOLOR=11599871|COMPONENTDESCRIPTION=Capacitor_not polarized|CURRENTPARTID=1|DESIGNITEMID=CAP_NPOL|DISPLAYMODECOUNT=1|LIBREFERENCE=CAP_NPOL|LOCATION.X=520|LOCATION.Y=330|PARTCOUNT=2|PARTIDLOCKED=F|SOURCELIBRARYNAME=ST_Lib3D.SchLib|TARGETFILENAME=*|UNIQUEID=DUCRPOJV|
RECORD= 2|LINENO= 220|OWNERPARTID=   2|OWNERINDEX= 219|%UTF8%SWAPIDPART=Â¦&Â¦|DESIGNATOR=2|ELECTRICAL=4|FORMALTYPE=1|LOCATION.X=530|LOCATION.Y=317|NAME=2|PINCONGLOMERATE=35|PINLENGTH=7|SWAPIDPART=Ž&Ž|SWAPIDPIN=2|
RECORD=41|LINENO= 221|OWNERPARTID=   0|OWNERINDEX= 220|FONTID=1|ISHIDDEN=T|LOCATION.X=530|LOCATION.Y=317|NAME=PinUniqueId|TEXT=TYYXNABV|UNIQUEID=PEICOBUB|
RECORD= 2|LINENO= 222|OWNERPARTID=   2|OWNERINDEX= 219|%UTF8%SWAPIDPART=Â¦&Â¦|DESIGNATOR=1|ELECTRICAL=4|FORMALTYPE=1|LOCATION.X=530|LOCATION.Y=324|NAME=1|PINCONGLOMERATE=33|PINLENGTH=6|SWAPIDPART=Ž&Ž|SWAPIDPIN=1|
RECORD=41|LINENO= 223|OWNERPARTID=   0|OWNERINDEX= 222|FONTID=1|ISHIDDEN=T|LOCATION.X=530|LOCATION.Y=324|NAME=PinUniqueId|TEXT=BPIUHSFO|UNIQUEID=JMCDLPBE|
RECORD= 6|LINENO= 224|OWNERPARTID=   2|OWNERINDEX= 219|LINEWIDTH=1|LOCATIONCOUNT=6|X1=530|X2=537|X3=537|X4=523|X5=523|X6=530|Y1=324|Y2=324|Y3=322|Y4=322|Y5=324|Y6=324|
RECORD= 6|LINENO= 225|OWNERPARTID=   2|OWNERINDEX= 219|LINEWIDTH=1|LOCATIONCOUNT=6|X1=530|X2=537|X3=537|X4=523|X5=523|X6=530|Y1=319|Y2=319|Y3=317|Y4=317|Y5=319|Y6=319|
RECORD= 6|LINENO= 226|OWNERPARTID=   2|OWNERINDEX= 219|LINEWIDTH=2|LOCATIONCOUNT=2|X1=536|X2=524|Y1=323|Y2=323|
RECORD= 6|LINENO= 227|OWNERPARTID=   2|OWNERINDEX= 219|LINEWIDTH=2|LOCATIONCOUNT=2|X1=524|X2=536|Y1=318|Y2=318|
RECORD=34|LINENO= 228|OWNERPARTID=   0|OWNERINDEX= 219|FONTID=1|LOCATION.X=532|LOCATION.Y=325|NAME=Designator|TEXT=C18|UNIQUEID=MAVIOLEL|
RECORD=41|LINENO= 229|OWNERPARTID=   0|OWNERINDEX= 219|FONTID=1|LOCATION.X=531|LOCATION.Y=307|NAME=Comment|TEXT=100nF|UNIQUEID=BVMEOSEK|
RECORD=44|LINENO= 230|OWNERPARTID= -42|OWNERINDEX= 219|
RECORD=45|LINENO= 231|OWNERPARTID= -42|OWNERINDEX= 230|DATAFILECOUNT=1|DESCRIPTION=Radial Capacitor 2steps(5.08mm) 2.5mm x 7mm|MODELDATAFILEENTITY0=CAP_RAD_5.08_2.5x7|MODELDATAFILEKIND0=PCBLib|MODELNAME=CAP_RAD_5.08_2.5x7|MODELTYPE=PCBLIB|UNIQUEID=CTDAYKYD|
RECORD=46|LINENO= 232|OWNERPARTID= -42|OWNERINDEX= 231|
RECORD=48|LINENO= 233|OWNERPARTID= -42|OWNERINDEX= 231|
RECORD=45|LINENO= 234|OWNERPARTID= -42|OWNERINDEX= 230|DATAFILECOUNT=1|DESCRIPTION=Radial Capacitor 1steps(2.54mm) 1.5mm x 4.5mm|MODELDATAFILEENTITY0=CAP_RAD_2.54_1.5x4.5|MODELDATAFILEKIND0=PCBLib|MODELNAME=CAP_RAD_2.54_1.5x4.5|MODELTYPE=PCBLIB|UNIQUEID=UYFJOOQQ|
RECORD=46|LINENO= 235|OWNERPARTID= -42|OWNERINDEX= 234|
RECORD=48|LINENO= 236|OWNERPARTID= -42|OWNERINDEX= 234|
RECORD=45|LINENO= 237|OWNERPARTID= -42|OWNERINDEX= 230|DATAFILECOUNT=1|DESCRIPTION=Capacitor FootPrint 0402|ISCURRENT=T|MODELDATAFILEENTITY0=0402_CAP_NPOL|MODELDATAFILEKIND0=PCBLib|MODELNAME=0402_CAP_NPOL|MODELTYPE=PCBLIB|UNIQUEID=KNVMCGMM|
RECORD=46|LINENO= 238|OWNERPARTID= -42|OWNERINDEX= 237|
RECORD=48|LINENO= 239|OWNERPARTID= -42|OWNERINDEX= 237|
RECORD=45|LINENO= 240|OWNERPARTID= -42|OWNERINDEX= 230|DATAFILECOUNT=1|DESCRIPTION=Capacitor FootPrint 0603|MODELDATAFILEENTITY0=0603_CAP_NPOL|MODELDATAFILEKIND0=PCBLib|MODELNAME=0603_CAP_NPOL|MODELTYPE=PCBLIB|UNIQUEID=YNAKUJNI|
RECORD=46|LINENO= 241|OWNERPARTID= -42|OWNERINDEX= 240|
RECORD=48|LINENO= 242|OWNERPARTID= -42|OWNERINDEX= 240|
RECORD=45|LINENO= 243|OWNERPARTID= -42|OWNERINDEX= 230|DATAFILECOUNT=1|DESCRIPTION=Capacitor FootPrint 0805|MODELDATAFILEENTITY0=0805_CAP_NPOL|MODELDATAFILEKIND0=PCBLib|MODELNAME=0805_CAP_NPOL|MODELTYPE=PCBLIB|UNIQUEID=QJMKGHEM|
RECORD=46|LINENO= 244|OWNERPARTID= -42|OWNERINDEX= 243|
RECORD=48|LINENO= 245|OWNERPARTID= -42|OWNERINDEX= 243|
RECORD=45|LINENO= 246|OWNERPARTID= -42|OWNERINDEX= 230|DATAFILECOUNT=1|DESCRIPTION=Capacitor FootPrint 1206|MODELDATAFILEENTITY0=1206_CAP_NPOL|MODELDATAFILEKIND0=PCBLib|MODELNAME=1206_CAP_NPOL|MODELTYPE=PCBLIB|UNIQUEID=SXAQPOKI|
RECORD=46|LINENO= 247|OWNERPARTID= -42|OWNERINDEX= 246|
RECORD=48|LINENO= 248|OWNERPARTID= -42|OWNERINDEX= 246|
RECORD= 1|LINENO= 249|OWNERPARTID=   0|OWNERINDEX= -42|ALLPINCOUNT=2|AREACOLOR=11599871|COMPONENTDESCRIPTION=Capacitor_not polarized|CURRENTPARTID=1|DESIGNITEMID=CAP_NPOL|DISPLAYMODECOUNT=1|LIBREFERENCE=CAP_NPOL|LOCATION.X=530|LOCATION.Y=240|ORIENTATION=3|PARTCOUNT=2|PARTIDLOCKED=F|SOURCELIBRARYNAME=ST_Lib3D.SchLib|TARGETFILENAME=*|UNIQUEID=NNAVXPUX|
RECORD= 2|LINENO= 250|OWNERPARTID=   2|OWNERINDEX= 249|%UTF8%SWAPIDPART=Â¦&Â¦|DESIGNATOR=2|ELECTRICAL=4|FORMALTYPE=1|LOCATION.X=517|LOCATION.Y=230|NAME=2|PINCONGLOMERATE=34|PINLENGTH=7|SWAPIDPART=Ž&Ž|SWAPIDPIN=2|
RECORD=41|LINENO= 251|OWNERPARTID=   0|OWNERINDEX= 250|FONTID=1|ISHIDDEN=T|LOCATION.X=517|LOCATION.Y=230|NAME=PinUniqueId|TEXT=VUEQVKTS|UNIQUEID=DTHJJVJH|
RECORD= 2|LINENO= 252|OWNERPARTID=   2|OWNERINDEX= 249|%UTF8%SWAPIDPART=Â¦&Â¦|DESIGNATOR=1|ELECTRICAL=4|FORMALTYPE=1|LOCATION.X=524|LOCATION.Y=230|NAME=1|PINCONGLOMERATE=32|PINLENGTH=6|SWAPIDPART=Ž&Ž|SWAPIDPIN=1|
RECORD=41|LINENO= 253|OWNERPARTID=   0|OWNERINDEX= 252|FONTID=1|ISHIDDEN=T|LOCATION.X=524|LOCATION.Y=230|NAME=PinUniqueId|TEXT=KLUWFRKA|UNIQUEID=ONCKMDBU|
RECORD= 6|LINENO= 254|OWNERPARTID=   2|OWNERINDEX= 249|LINEWIDTH=1|LOCATIONCOUNT=6|X1=524|X2=524|X3=522|X4=522|X5=524|X6=524|Y1=230|Y2=223|Y3=223|Y4=237|Y5=237|Y6=230|
RECORD= 6|LINENO= 255|OWNERPARTID=   2|OWNERINDEX= 249|LINEWIDTH=1|LOCATIONCOUNT=6|X1=519|X2=519|X3=517|X4=517|X5=519|X6=519|Y1=230|Y2=223|Y3=223|Y4=237|Y5=237|Y6=230|
RECORD= 6|LINENO= 256|OWNERPARTID=   2|OWNERINDEX= 249|LINEWIDTH=2|LOCATIONCOUNT=2|X1=523|X2=523|Y1=224|Y2=236|
RECORD= 6|LINENO= 257|OWNERPARTID=   2|OWNERINDEX= 249|LINEWIDTH=2|LOCATIONCOUNT=2|X1=518|X2=518|Y1=236|Y2=224|
RECORD=34|LINENO= 258|OWNERPARTID=   0|OWNERINDEX= 249|FONTID=1|LOCATION.X=526|LOCATION.Y=233|NAME=Designator|TEXT=C28|UNIQUEID=APNGOJHO|
RECORD=41|LINENO= 259|OWNERPARTID=   0|OWNERINDEX= 249|FONTID=1|LOCATION.X=494|LOCATION.Y=235|NAME=Comment|TEXT=100nF|UNIQUEID=UECXDOIP|
RECORD=44|LINENO= 260|OWNERPARTID= -42|OWNERINDEX= 249|
RECORD=45|LINENO= 261|OWNERPARTID= -42|OWNERINDEX= 260|DATAFILECOUNT=1|DESCRIPTION=Radial Capacitor 2steps(5.08mm) 2.5mm x 7mm|MODELDATAFILEENTITY0=CAP_RAD_5.08_2.5x7|MODELDATAFILEKIND0=PCBLib|MODELNAME=CAP_RAD_5.08_2.5x7|MODELTYPE=PCBLIB|UNIQUEID=HFCVDCAI|
RECORD=46|LINENO= 262|OWNERPARTID= -42|OWNERINDEX= 261|
RECORD=48|LINENO= 263|OWNERPARTID= -42|OWNERINDEX= 261|
RECORD=45|LINENO= 264|OWNERPARTID= -42|OWNERINDEX= 260|DATAFILECOUNT=1|DESCRIPTION=Radial Capacitor 1steps(2.54mm) 1.5mm x 4.5mm|MODELDATAFILEENTITY0=CAP_RAD_2.54_1.5x4.5|MODELDATAFILEKIND0=PCBLib|MODELNAME=CAP_RAD_2.54_1.5x4.5|MODELTYPE=PCBLIB|UNIQUEID=YNSGKNWA|
RECORD=46|LINENO= 265|OWNERPARTID= -42|OWNERINDEX= 264|
RECORD=48|LINENO= 266|OWNERPARTID= -42|OWNERINDEX= 264|
RECORD=45|LINENO= 267|OWNERPARTID= -42|OWNERINDEX= 260|DATAFILECOUNT=1|DESCRIPTION=Capacitor FootPrint 0402|ISCURRENT=T|MODELDATAFILEENTITY0=0402_CAP_NPOL|MODELDATAFILEKIND0=PCBLib|MODELNAME=0402_CAP_NPOL|MODELTYPE=PCBLIB|UNIQUEID=UHBFVFDL|
RECORD=46|LINENO= 268|OWNERPARTID= -42|OWNERINDEX= 267|
RECORD=48|LINENO= 269|OWNERPARTID= -42|OWNERINDEX= 267|
RECORD=45|LINENO= 270|OWNERPARTID= -42|OWNERINDEX= 260|DATAFILECOUNT=1|DESCRIPTION=Capacitor FootPrint 0603|MODELDATAFILEENTITY0=0603_CAP_NPOL|MODELDATAFILEKIND0=PCBLib|MODELNAME=0603_CAP_NPOL|MODELTYPE=PCBLIB|UNIQUEID=OVNABVLO|
RECORD=46|LINENO= 271|OWNERPARTID= -42|OWNERINDEX= 270|
RECORD=48|LINENO= 272|OWNERPARTID= -42|OWNERINDEX= 270|
RECORD=45|LINENO= 273|OWNERPARTID= -42|OWNERINDEX= 260|DATAFILECOUNT=1|DESCRIPTION=Capacitor FootPrint 0805|MODELDATAFILEENTITY0=0805_CAP_NPOL|MODELDATAFILEKIND0=PCBLib|MODELNAME=0805_CAP_NPOL|MODELTYPE=PCBLIB|UNIQUEID=MWPCLYMD|
RECORD=46|LINENO= 274|OWNERPARTID= -42|OWNERINDEX= 273|
RECORD=48|LINENO= 275|OWNERPARTID= -42|OWNERINDEX= 273|
RECORD=45|LINENO= 276|OWNERPARTID= -42|OWNERINDEX= 260|DATAFILECOUNT=1|DESCRIPTION=Capacitor FootPrint 1206|MODELDATAFILEENTITY0=1206_CAP_NPOL|MODELDATAFILEKIND0=PCBLib|MODELNAME=1206_CAP_NPOL|MODELTYPE=PCBLIB|UNIQUEID=GPWXADIK|
RECORD=46|LINENO= 277|OWNERPARTID= -42|OWNERINDEX= 276|
RECORD=48|LINENO= 278|OWNERPARTID= -42|OWNERINDEX= 276|
RECORD= 1|LINENO= 279|OWNERPARTID=   0|OWNERINDEX= -42|ALLPINCOUNT=2|AREACOLOR=11599871|COMPONENTDESCRIPTION=Capacitor_not polarized|CURRENTPARTID=1|DESIGNITEMID=CAP_NPOL|DISPLAYMODECOUNT=1|LIBREFERENCE=CAP_NPOL|LOCATION.X=530|LOCATION.Y=170|ORIENTATION=3|PARTCOUNT=2|PARTIDLOCKED=F|SOURCELIBRARYNAME=ST_Lib3D.SchLib|TARGETFILENAME=*|UNIQUEID=BASOBDSA|
RECORD= 2|LINENO= 280|OWNERPARTID=   2|OWNERINDEX= 279|%UTF8%SWAPIDPART=Â¦&Â¦|DESIGNATOR=2|ELECTRICAL=4|FORMALTYPE=1|LOCATION.X=517|LOCATION.Y=160|NAME=2|PINCONGLOMERATE=34|PINLENGTH=7|SWAPIDPART=Ž&Ž|SWAPIDPIN=2|
RECORD=41|LINENO= 281|OWNERPARTID=   0|OWNERINDEX= 280|FONTID=1|ISHIDDEN=T|LOCATION.X=517|LOCATION.Y=160|NAME=PinUniqueId|TEXT=MLBLMMIA|UNIQUEID=GKGXJWNO|
RECORD= 2|LINENO= 282|OWNERPARTID=   2|OWNERINDEX= 279|%UTF8%SWAPIDPART=Â¦&Â¦|DESIGNATOR=1|ELECTRICAL=4|FORMALTYPE=1|LOCATION.X=524|LOCATION.Y=160|NAME=1|PINCONGLOMERATE=32|PINLENGTH=6|SWAPIDPART=Ž&Ž|SWAPIDPIN=1|
RECORD=41|LINENO= 283|OWNERPARTID=   0|OWNERINDEX= 282|FONTID=1|ISHIDDEN=T|LOCATION.X=524|LOCATION.Y=160|NAME=PinUniqueId|TEXT=ANLINGVT|UNIQUEID=CGEUIHGI|
RECORD= 6|LINENO= 284|OWNERPARTID=   2|OWNERINDEX= 279|LINEWIDTH=1|LOCATIONCOUNT=6|X1=524|X2=524|X3=522|X4=522|X5=524|X6=524|Y1=160|Y2=153|Y3=153|Y4=167|Y5=167|Y6=160|
RECORD= 6|LINENO= 285|OWNERPARTID=   2|OWNERINDEX= 279|LINEWIDTH=1|LOCATIONCOUNT=6|X1=519|X2=519|X3=517|X4=517|X5=519|X6=519|Y1=160|Y2=153|Y3=153|Y4=167|Y5=167|Y6=160|
RECORD= 6|LINENO= 286|OWNERPARTID=   2|OWNERINDEX= 279|LINEWIDTH=2|LOCATIONCOUNT=2|X1=523|X2=523|Y1=154|Y2=166|
RECORD= 6|LINENO= 287|OWNERPARTID=   2|OWNERINDEX= 279|LINEWIDTH=2|LOCATIONCOUNT=2|X1=518|X2=518|Y1=166|Y2=154|
RECORD=34|LINENO= 288|OWNERPARTID=   0|OWNERINDEX= 279|FONTID=1|LOCATION.X=526|LOCATION.Y=160|NAME=Designator|TEXT=C31|UNIQUEID=EEAQANYC|
RECORD=41|LINENO= 289|OWNERPARTID=   0|OWNERINDEX= 279|FONTID=1|LOCATION.X=493|LOCATION.Y=162|NAME=Comment|TEXT=100nF|UNIQUEID=ALIUVUNW|
RECORD=44|LINENO= 290|OWNERPARTID= -42|OWNERINDEX= 279|
RECORD=45|LINENO= 291|OWNERPARTID= -42|OWNERINDEX= 290|DATAFILECOUNT=1|DESCRIPTION=Radial Capacitor 2steps(5.08mm) 2.5mm x 7mm|MODELDATAFILEENTITY0=CAP_RAD_5.08_2.5x7|MODELDATAFILEKIND0=PCBLib|MODELNAME=CAP_RAD_5.08_2.5x7|MODELTYPE=PCBLIB|UNIQUEID=IKVEXLHD|
RECORD=46|LINENO= 292|OWNERPARTID= -42|OWNERINDEX= 291|
RECORD=48|LINENO= 293|OWNERPARTID= -42|OWNERINDEX= 291|
RECORD=45|LINENO= 294|OWNERPARTID= -42|OWNERINDEX= 290|DATAFILECOUNT=1|DESCRIPTION=Radial Capacitor 1steps(2.54mm) 1.5mm x 4.5mm|MODELDATAFILEENTITY0=CAP_RAD_2.54_1.5x4.5|MODELDATAFILEKIND0=PCBLib|MODELNAME=CAP_RAD_2.54_1.5x4.5|MODELTYPE=PCBLIB|UNIQUEID=CCPFRARS|
RECORD=46|LINENO= 295|OWNERPARTID= -42|OWNERINDEX= 294|
RECORD=48|LINENO= 296|OWNERPARTID= -42|OWNERINDEX= 294|
RECORD=45|LINENO= 297|OWNERPARTID= -42|OWNERINDEX= 290|DATAFILECOUNT=1|DESCRIPTION=Capacitor FootPrint 0402|ISCURRENT=T|MODELDATAFILEENTITY0=0402_CAP_NPOL|MODELDATAFILEKIND0=PCBLib|MODELNAME=0402_CAP_NPOL|MODELTYPE=PCBLIB|UNIQUEID=BBRKNMPD|
RECORD=46|LINENO= 298|OWNERPARTID= -42|OWNERINDEX= 297|
RECORD=48|LINENO= 299|OWNERPARTID= -42|OWNERINDEX= 297|
RECORD=45|LINENO= 300|OWNERPARTID= -42|OWNERINDEX= 290|DATAFILECOUNT=1|DESCRIPTION=Capacitor FootPrint 0603|MODELDATAFILEENTITY0=0603_CAP_NPOL|MODELDATAFILEKIND0=PCBLib|MODELNAME=0603_CAP_NPOL|MODELTYPE=PCBLIB|UNIQUEID=HXUDDATW|
RECORD=46|LINENO= 301|OWNERPARTID= -42|OWNERINDEX= 300|
RECORD=48|LINENO= 302|OWNERPARTID= -42|OWNERINDEX= 300|
RECORD=45|LINENO= 303|OWNERPARTID= -42|OWNERINDEX= 290|DATAFILECOUNT=1|DESCRIPTION=Capacitor FootPrint 0805|MODELDATAFILEENTITY0=0805_CAP_NPOL|MODELDATAFILEKIND0=PCBLib|MODELNAME=0805_CAP_NPOL|MODELTYPE=PCBLIB|UNIQUEID=YGCSKKYR|
RECORD=46|LINENO= 304|OWNERPARTID= -42|OWNERINDEX= 303|
RECORD=48|LINENO= 305|OWNERPARTID= -42|OWNERINDEX= 303|
RECORD=45|LINENO= 306|OWNERPARTID= -42|OWNERINDEX= 290|DATAFILECOUNT=1|DESCRIPTION=Capacitor FootPrint 1206|MODELDATAFILEENTITY0=1206_CAP_NPOL|MODELDATAFILEKIND0=PCBLib|MODELNAME=1206_CAP_NPOL|MODELTYPE=PCBLIB|UNIQUEID=JDWIDEOT|
RECORD=46|LINENO= 307|OWNERPARTID= -42|OWNERINDEX= 306|
RECORD=48|LINENO= 308|OWNERPARTID= -42|OWNERINDEX= 306|
RECORD= 1|LINENO= 309|OWNERPARTID=   0|OWNERINDEX= -42|ALLPINCOUNT=2|AREACOLOR=11599871|COMPONENTDESCRIPTION=Capacitor_not polarized|CURRENTPARTID=1|DESIGNITEMID=CAP_NPOL|DISPLAYMODECOUNT=1|LIBREFERENCE=CAP_NPOL|LOCATION.X=600|LOCATION.Y=140|PARTCOUNT=2|PARTIDLOCKED=F|SOURCELIBRARYNAME=ST_Lib3D.SchLib|TARGETFILENAME=*|UNIQUEID=CKDTNOMI|
RECORD= 2|LINENO= 310|OWNERPARTID=   2|OWNERINDEX= 309|%UTF8%SWAPIDPART=Â¦&Â¦|DESIGNATOR=2|ELECTRICAL=4|FORMALTYPE=1|LOCATION.X=610|LOCATION.Y=127|NAME=2|PINCONGLOMERATE=35|PINLENGTH=7|SWAPIDPART=Ž&Ž|SWAPIDPIN=2|
RECORD=41|LINENO= 311|OWNERPARTID=   0|OWNERINDEX= 310|FONTID=1|ISHIDDEN=T|LOCATION.X=610|LOCATION.Y=127|NAME=PinUniqueId|TEXT=YCHNTCKO|UNIQUEID=JPAYQKMG|
RECORD= 2|LINENO= 312|OWNERPARTID=   2|OWNERINDEX= 309|%UTF8%SWAPIDPART=Â¦&Â¦|DESIGNATOR=1|ELECTRICAL=4|FORMALTYPE=1|LOCATION.X=610|LOCATION.Y=134|NAME=1|PINCONGLOMERATE=33|PINLENGTH=6|SWAPIDPART=Ž&Ž|SWAPIDPIN=1|
RECORD=41|LINENO= 313|OWNERPARTID=   0|OWNERINDEX= 312|FONTID=1|ISHIDDEN=T|LOCATION.X=610|LOCATION.Y=134|NAME=PinUniqueId|TEXT=SEIDPIMW|UNIQUEID=MQWABMGM|
RECORD= 6|LINENO= 314|OWNERPARTID=   2|OWNERINDEX= 309|LINEWIDTH=1|LOCATIONCOUNT=6|X1=610|X2=617|X3=617|X4=603|X5=603|X6=610|Y1=134|Y2=134|Y3=132|Y4=132|Y5=134|Y6=134|
RECORD= 6|LINENO= 315|OWNERPARTID=   2|OWNERINDEX= 309|LINEWIDTH=1|LOCATIONCOUNT=6|X1=610|X2=617|X3=617|X4=603|X5=603|X6=610|Y1=129|Y2=129|Y3=127|Y4=127|Y5=129|Y6=129|
RECORD= 6|LINENO= 316|OWNERPARTID=   2|OWNERINDEX= 309|LINEWIDTH=2|LOCATIONCOUNT=2|X1=616|X2=604|Y1=133|Y2=133|
RECORD= 6|LINENO= 317|OWNERPARTID=   2|OWNERINDEX= 309|LINEWIDTH=2|LOCATIONCOUNT=2|X1=604|X2=616|Y1=128|Y2=128|
RECORD=34|LINENO= 318|OWNERPARTID=   0|OWNERINDEX= 309|FONTID=1|LOCATION.X=619|LOCATION.Y=126|NAME=Designator|TEXT=C32|UNIQUEID=YXIGQUMI|
RECORD=41|LINENO= 319|OWNERPARTID=   0|OWNERINDEX= 309|FONTID=1|LOCATION.X=619|LOCATION.Y=116|NAME=Comment|TEXT=100nF|UNIQUEID=HOFVIEPT|
RECORD=44|LINENO= 320|OWNERPARTID= -42|OWNERINDEX= 309|
RECORD=45|LINENO= 321|OWNERPARTID= -42|OWNERINDEX= 320|DATAFILECOUNT=1|DESCRIPTION=Radial Capacitor 2steps(5.08mm) 2.5mm x 7mm|MODELDATAFILEENTITY0=CAP_RAD_5.08_2.5x7|MODELDATAFILEKIND0=PCBLib|MODELNAME=CAP_RAD_5.08_2.5x7|MODELTYPE=PCBLIB|UNIQUEID=SHTVWMCH|
RECORD=46|LINENO= 322|OWNERPARTID= -42|OWNERINDEX= 321|
RECORD=48|LINENO= 323|OWNERPARTID= -42|OWNERINDEX= 321|
RECORD=45|LINENO= 324|OWNERPARTID= -42|OWNERINDEX= 320|DATAFILECOUNT=1|DESCRIPTION=Radial Capacitor 1steps(2.54mm) 1.5mm x 4.5mm|MODELDATAFILEENTITY0=CAP_RAD_2.54_1.5x4.5|MODELDATAFILEKIND0=PCBLib|MODELNAME=CAP_RAD_2.54_1.5x4.5|MODELTYPE=PCBLIB|UNIQUEID=PIVTYDMU|
RECORD=46|LINENO= 325|OWNERPARTID= -42|OWNERINDEX= 324|
RECORD=48|LINENO= 326|OWNERPARTID= -42|OWNERINDEX= 324|
RECORD=45|LINENO= 327|OWNERPARTID= -42|OWNERINDEX= 320|DATAFILECOUNT=1|DESCRIPTION=Capacitor FootPrint 0402|ISCURRENT=T|MODELDATAFILEENTITY0=0402_CAP_NPOL|MODELDATAFILEKIND0=PCBLib|MODELNAME=0402_CAP_NPOL|MODELTYPE=PCBLIB|UNIQUEID=JOHICVIA|
RECORD=46|LINENO= 328|OWNERPARTID= -42|OWNERINDEX= 327|
RECORD=48|LINENO= 329|OWNERPARTID= -42|OWNERINDEX= 327|
RECORD=45|LINENO= 330|OWNERPARTID= -42|OWNERINDEX= 320|DATAFILECOUNT=1|DESCRIPTION=Capacitor FootPrint 0603|MODELDATAFILEENTITY0=0603_CAP_NPOL|MODELDATAFILEKIND0=PCBLib|MODELNAME=0603_CAP_NPOL|MODELTYPE=PCBLIB|UNIQUEID=EEDGEBWB|
RECORD=46|LINENO= 331|OWNERPARTID= -42|OWNERINDEX= 330|
RECORD=48|LINENO= 332|OWNERPARTID= -42|OWNERINDEX= 330|
RECORD=45|LINENO= 333|OWNERPARTID= -42|OWNERINDEX= 320|DATAFILECOUNT=1|DESCRIPTION=Capacitor FootPrint 0805|MODELDATAFILEENTITY0=0805_CAP_NPOL|MODELDATAFILEKIND0=PCBLib|MODELNAME=0805_CAP_NPOL|MODELTYPE=PCBLIB|UNIQUEID=CPFLANVO|
RECORD=46|LINENO= 334|OWNERPARTID= -42|OWNERINDEX= 333|
RECORD=48|LINENO= 335|OWNERPARTID= -42|OWNERINDEX= 333|
RECORD=45|LINENO= 336|OWNERPARTID= -42|OWNERINDEX= 320|DATAFILECOUNT=1|DESCRIPTION=Capacitor FootPrint 1206|MODELDATAFILEENTITY0=1206_CAP_NPOL|MODELDATAFILEKIND0=PCBLib|MODELNAME=1206_CAP_NPOL|MODELTYPE=PCBLIB|UNIQUEID=PGTAMJJT|
RECORD=46|LINENO= 337|OWNERPARTID= -42|OWNERINDEX= 336|
RECORD=48|LINENO= 338|OWNERPARTID= -42|OWNERINDEX= 336|
RECORD=17|LINENO= 339|OWNERPARTID=   0|OWNERINDEX= -42|FONTID=1|LOCATION.X=70|LOCATION.Y=430|ORIENTATION=2|SHOWNETNAME=T|STYLE=1|TEXT=GND|UNIQUEID=JRGKHQGQ|
RECORD=17|LINENO= 340|OWNERPARTID=   0|OWNERINDEX= -42|FONTID=2|LOCATION.X=200|LOCATION.Y=130|ORIENTATION=3|SHOWNETNAME=T|STYLE=1|TEXT=GND|UNIQUEID=VFXKXQBB|
RECORD=17|LINENO= 341|OWNERPARTID=   0|OWNERINDEX= -42|FONTID=2|LOCATION.X=80|LOCATION.Y=210|ORIENTATION=3|SHOWNETNAME=T|STYLE=1|TEXT=GND|UNIQUEID=BYNLLDHD|
RECORD=17|LINENO= 342|OWNERPARTID=   0|OWNERINDEX= -42|FONTID=2|LOCATION.X=610|LOCATION.Y=120|ORIENTATION=3|SHOWNETNAME=T|STYLE=1|TEXT=GND|UNIQUEID=VWKYXHFR|
RECORD=17|LINENO= 343|OWNERPARTID=   0|OWNERINDEX= -42|FONTID=1|LOCATION.X=510|LOCATION.Y=230|ORIENTATION=2|SHOWNETNAME=T|STYLE=1|TEXT=GND|UNIQUEID=AKENQKHC|
RECORD=17|LINENO= 344|OWNERPARTID=   0|OWNERINDEX= -42|FONTID=1|LOCATION.X=510|LOCATION.Y=160|ORIENTATION=2|SHOWNETNAME=T|STYLE=1|TEXT=GND|UNIQUEID=GVSJAEGO|
RECORD=17|LINENO= 345|OWNERPARTID=   0|OWNERINDEX= -42|FONTID=2|LOCATION.X=500|LOCATION.Y=310|ORIENTATION=3|SHOWNETNAME=T|STYLE=1|TEXT=GND|UNIQUEID=YGNVCRCR|
RECORD=17|LINENO= 346|OWNERPARTID=   0|OWNERINDEX= -42|FONTID=2|LOCATION.X=530|LOCATION.Y=310|ORIENTATION=3|SHOWNETNAME=T|STYLE=1|TEXT=GND|UNIQUEID=FLAXMNEQ|
RECORD=17|LINENO= 347|OWNERPARTID=   0|OWNERINDEX= -42|FONTID=2|LOCATION.X=590|LOCATION.Y=310|ORIENTATION=3|SHOWNETNAME=T|STYLE=1|TEXT=GND|UNIQUEID=EBUCTYYU|
RECORD=17|LINENO= 348|OWNERPARTID=   0|OWNERINDEX= -42|FONTID=2|LOCATION.X=560|LOCATION.Y=310|ORIENTATION=3|SHOWNETNAME=T|STYLE=1|TEXT=GND|UNIQUEID=TQOSVVPY|
RECORD=17|LINENO= 349|OWNERPARTID=   0|OWNERINDEX= -42|FONTID=1|LOCATION.X=260|LOCATION.Y=160|ORIENTATION=2|SHOWNETNAME=T|STYLE=1|TEXT=GND|UNIQUEID=PLQJFXMF|
RECORD= 1|LINENO= 350|OWNERPARTID=   0|OWNERINDEX= -42|ALLPINCOUNT=2|AREACOLOR=11599871|COMPONENTDESCRIPTION=Solder Jumper|CURRENTPARTID=1|DESIGNITEMID=Strap2|DISPLAYMODECOUNT=1|LIBREFERENCE=Strap2|LOCATION.X=150|LOCATION.Y=160|NOTUSEDBTABLENAME=T|PARTCOUNT=2|PARTIDLOCKED=F|SOURCELIBRARYNAME=Passive.SchLib|TARGETFILENAME=*|UNIQUEID=OMALORDE|
RECORD=41|LINENO= 351|OWNERPARTID=   0|OWNERINDEX= 350|FONTID=1|ISHIDDEN=T|LOCATION.X=128|LOCATION.Y=155|NAME=Published|TEXT=24-Mar-1999|UNIQUEID=URWKIQBD|
RECORD=41|LINENO= 352|OWNERPARTID=   0|OWNERINDEX= 350|FONTID=1|ISHIDDEN=T|LOCATION.X=128|LOCATION.Y=155|NAME=Revision|TEXT=July-2002: Re-released for DXP Platform.|UNIQUEID=ESMBEILM|
RECORD=41|LINENO= 353|OWNERPARTID=   0|OWNERINDEX= 350|FONTID=1|ISHIDDEN=T|LOCATION.X=128|LOCATION.Y=155|NAME=Publisher|TEXT=Altium Limited|UNIQUEID=BBDUSKAL|
RECORD=41|LINENO= 354|OWNERPARTID=   0|OWNERINDEX= 350|FONTID=1|ISHIDDEN=T|LOCATION.X=128|LOCATION.Y=137|NAME=Solder|TEXT=YES|UNIQUEID=WONIBTBO|
RECORD= 2|LINENO= 355|OWNERPARTID=   2|OWNERINDEX= 350|DESIGNATOR=2|ELECTRICAL=4|FORMALTYPE=1|LOCATION.X=150|LOCATION.Y=150|NAME=2|PINCONGLOMERATE=34|PINLENGTH=10|
RECORD=41|LINENO= 356|OWNERPARTID=   0|OWNERINDEX= 355|FONTID=1|ISHIDDEN=T|LOCATION.X=150|LOCATION.Y=150|NAME=PinUniqueId|TEXT=WOCNFBBK|UNIQUEID=XXDTADOS|
RECORD= 2|LINENO= 357|OWNERPARTID=   2|OWNERINDEX= 350|DESIGNATOR=1|ELECTRICAL=4|FORMALTYPE=1|LOCATION.X=170|LOCATION.Y=150|NAME=1|PINCONGLOMERATE=32|PINLENGTH=10|
RECORD=41|LINENO= 358|OWNERPARTID=   0|OWNERINDEX= 357|FONTID=1|ISHIDDEN=T|LOCATION.X=170|LOCATION.Y=150|NAME=PinUniqueId|TEXT=FHMGKPFD|UNIQUEID=CHQQMUHG|
RECORD= 7|LINENO= 359|OWNERPARTID=   2|OWNERINDEX= 350|AREACOLOR=65535|ISSOLID=T|LINEWIDTH=1|LOCATIONCOUNT=6|X1=170|X2=170|X3=165|X4=160|X5=165|X6=170|Y1=150|Y2=145|Y3=145|Y4=150|Y5=155|Y6=155|
RECORD= 7|LINENO= 360|OWNERPARTID=   2|OWNERINDEX= 350|AREACOLOR=65535|ISSOLID=T|LINEWIDTH=1|LOCATIONCOUNT=5|X1=150|X2=150|X3=161|X4=156|X5=161|Y1=155|Y2=145|Y3=145|Y4=150|Y5=155|
RECORD=34|LINENO= 361|OWNERPARTID=   0|OWNERINDEX= 350|FONTID=1|LOCATION.X=149|LOCATION.Y=135|NAME=Designator|TEXT=SB31|UNIQUEID=XYYYIGFK|
RECORD=41|LINENO= 362|OWNERPARTID=   0|OWNERINDEX= 350|FONTID=1|LOCATION.X=149|LOCATION.Y=127|NAME=Comment|TEXT=Open|UNIQUEID=DFBKPGDI|
RECORD=44|LINENO= 363|OWNERPARTID= -42|OWNERINDEX= 350|
RECORD=45|LINENO= 364|OWNERPARTID= -42|OWNERINDEX= 363|DATAFILECOUNT=1|MODELDATAFILEENTITY0=SB|MODELDATAFILEKIND0=PCBLib|MODELNAME=SB|MODELTYPE=PCBLIB|UNIQUEID=JDMNJNYI|
RECORD=46|LINENO= 365|OWNERPARTID= -42|OWNERINDEX= 364|
RECORD=48|LINENO= 366|OWNERPARTID= -42|OWNERINDEX= 364|
RECORD=45|LINENO= 367|OWNERPARTID= -42|OWNERINDEX= 363|DATAFILECOUNT=1|ISCURRENT=T|MODELDATAFILEENTITY0=SB-tiny|MODELDATAFILEKIND0=PCBLib|MODELNAME=SB-tiny|MODELTYPE=PCBLIB|UNIQUEID=XFNFSLXV|
RECORD=46|LINENO= 368|OWNERPARTID= -42|OWNERINDEX= 367|
RECORD=48|LINENO= 369|OWNERPARTID= -42|OWNERINDEX= 367|
RECORD=45|LINENO= 370|OWNERPARTID= -42|OWNERINDEX= 363|DATAFILECOUNT=1|MODELDATAFILEENTITY0=SB-LARGE|MODELDATAFILEKIND0=PCBLib|MODELNAME=SB-LARGE|MODELTYPE=PCBLIB|UNIQUEID=RTWOJQBN|
RECORD=46|LINENO= 371|OWNERPARTID= -42|OWNERINDEX= 370|
RECORD=48|LINENO= 372|OWNERPARTID= -42|OWNERINDEX= 370|
RECORD= 4|LINENO= 373|OWNERPARTID=   0|OWNERINDEX= -42|FONTID=5|LOCATION.X=177|LOCATION.Y=175|TEXT=0805|
RECORD=17|LINENO= 374|OWNERPARTID=   0|OWNERINDEX= -42|FONTID=2|LOCATION.X=680|LOCATION.Y=550|ORIENTATION=3|SHOWNETNAME=T|STYLE=1|TEXT=GND|UNIQUEID=RQXYVLJR|
RECORD=17|LINENO= 375|OWNERPARTID=   0|OWNERINDEX= -42|FONTID=2|LOCATION.X=630|LOCATION.Y=540|ORIENTATION=3|SHOWNETNAME=T|STYLE=1|TEXT=GND|UNIQUEID=LTNULUHV|
RECORD=17|LINENO= 376|OWNERPARTID=   0|OWNERINDEX= -42|FONTID=2|LOCATION.X=390|LOCATION.Y=640|ORIENTATION=3|SHOWNETNAME=T|STYLE=1|TEXT=GND|UNIQUEID=KPYURLOC|
RECORD=17|LINENO= 377|OWNERPARTID=   0|OWNERINDEX= -42|FONTID=2|LOCATION.X=340|LOCATION.Y=640|ORIENTATION=3|SHOWNETNAME=T|STYLE=1|TEXT=GND|UNIQUEID=BJUAMHAV|
RECORD=17|LINENO= 378|OWNERPARTID=   0|OWNERINDEX= -42|FONTID=2|LOCATION.X=230|LOCATION.Y=640|ORIENTATION=3|SHOWNETNAME=T|STYLE=1|TEXT=GND|UNIQUEID=KHBCSXEG|
RECORD=17|LINENO= 379|OWNERPARTID=   0|OWNERINDEX= -42|FONTID=2|LOCATION.X=820|LOCATION.Y=570|ORIENTATION=3|SHOWNETNAME=T|STYLE=1|TEXT=GND|UNIQUEID=FCWRIWQK|
RECORD=17|LINENO= 380|OWNERPARTID=   0|OWNERINDEX= -42|FONTID=2|LOCATION.X=940|LOCATION.Y=560|ORIENTATION=3|SHOWNETNAME=T|STYLE=1|TEXT=GND|UNIQUEID=XWJJDPVS|
RECORD=17|LINENO= 381|OWNERPARTID=   0|OWNERINDEX= -42|FONTID=2|LOCATION.X=970|LOCATION.Y=560|ORIENTATION=3|SHOWNETNAME=T|STYLE=1|TEXT=GND|UNIQUEID=IWUQLLCE|
RECORD= 1|LINENO= 382|OWNERPARTID=   0|OWNERINDEX= -42|ALLPINCOUNT=2|AREACOLOR=11599871|COMPONENTDESCRIPTION=Solder Jumper|CURRENTPARTID=1|DESIGNITEMID=Strap2|DISPLAYMODECOUNT=1|LIBREFERENCE=Strap2|LOCATION.X=510|LOCATION.Y=280|NOTUSEDBTABLENAME=T|PARTCOUNT=2|PARTIDLOCKED=F|SOURCELIBRARYNAME=Passive.SchLib|TARGETFILENAME=*|UNIQUEID=RBGDEECH|
RECORD=41|LINENO= 383|OWNERPARTID=   0|OWNERINDEX= 382|FONTID=1|ISHIDDEN=T|LOCATION.X=488|LOCATION.Y=275|NAME=Published|TEXT=24-Mar-1999|UNIQUEID=RCUQRDXW|
RECORD=41|LINENO= 384|OWNERPARTID=   0|OWNERINDEX= 382|FONTID=1|ISHIDDEN=T|LOCATION.X=488|LOCATION.Y=275|NAME=Revision|TEXT=July-2002: Re-released for DXP Platform.|UNIQUEID=VOOQJDMB|
RECORD=41|LINENO= 385|OWNERPARTID=   0|OWNERINDEX= 382|FONTID=1|ISHIDDEN=T|LOCATION.X=488|LOCATION.Y=275|NAME=Publisher|TEXT=Altium Limited|UNIQUEID=PQFBLKTE|
RECORD=41|LINENO= 386|OWNERPARTID=   0|OWNERINDEX= 382|FONTID=1|ISHIDDEN=T|LOCATION.X=488|LOCATION.Y=257|NAME=Solder|TEXT=YES|UNIQUEID=YRNFBDDC|
RECORD= 2|LINENO= 387|OWNERPARTID=   2|OWNERINDEX= 382|DESIGNATOR=2|ELECTRICAL=4|FORMALTYPE=1|LOCATION.X=510|LOCATION.Y=270|NAME=2|PINCONGLOMERATE=34|PINLENGTH=10|
RECORD=41|LINENO= 388|OWNERPARTID=   0|OWNERINDEX= 387|FONTID=1|ISHIDDEN=T|LOCATION.X=510|LOCATION.Y=270|NAME=PinUniqueId|TEXT=KIWYYEHB|UNIQUEID=QBCNJSIY|
RECORD= 2|LINENO= 389|OWNERPARTID=   2|OWNERINDEX= 382|DESIGNATOR=1|ELECTRICAL=4|FORMALTYPE=1|LOCATION.X=530|LOCATION.Y=270|NAME=1|PINCONGLOMERATE=32|PINLENGTH=10|
RECORD=41|LINENO= 390|OWNERPARTID=   0|OWNERINDEX= 389|FONTID=1|ISHIDDEN=T|LOCATION.X=530|LOCATION.Y=270|NAME=PinUniqueId|TEXT=NXEACMSY|UNIQUEID=IMNBBFCM|
RECORD= 7|LINENO= 391|OWNERPARTID=   2|OWNERINDEX= 382|AREACOLOR=65535|ISSOLID=T|LINEWIDTH=1|LOCATIONCOUNT=6|X1=530|X2=530|X3=525|X4=520|X5=525|X6=530|Y1=270|Y2=265|Y3=265|Y4=270|Y5=275|Y6=275|
RECORD= 7|LINENO= 392|OWNERPARTID=   2|OWNERINDEX= 382|AREACOLOR=65535|ISSOLID=T|LINEWIDTH=1|LOCATIONCOUNT=5|X1=510|X2=510|X3=521|X4=516|X5=521|Y1=275|Y2=265|Y3=265|Y4=270|Y5=275|
RECORD=34|LINENO= 393|OWNERPARTID=   0|OWNERINDEX= 382|FONTID=1|LOCATION.X=509|LOCATION.Y=255|NAME=Designator|TEXT=SB32|UNIQUEID=PIRJXWPN|
RECORD=41|LINENO= 394|OWNERPARTID=   0|OWNERINDEX= 382|FONTID=1|LOCATION.X=532|LOCATION.Y=260|NAME=Comment|TEXT=Close|UNIQUEID=CGACHUTA|
RECORD=44|LINENO= 395|OWNERPARTID= -42|OWNERINDEX= 382|
RECORD=45|LINENO= 396|OWNERPARTID= -42|OWNERINDEX= 395|DATAFILECOUNT=1|MODELDATAFILEENTITY0=SB|MODELDATAFILEKIND0=PCBLib|MODELNAME=SB|MODELTYPE=PCBLIB|UNIQUEID=USYYMCGV|
RECORD=46|LINENO= 397|OWNERPARTID= -42|OWNERINDEX= 396|
RECORD=48|LINENO= 398|OWNERPARTID= -42|OWNERINDEX= 396|
RECORD=45|LINENO= 399|OWNERPARTID= -42|OWNERINDEX= 395|DATAFILECOUNT=1|ISCURRENT=T|MODELDATAFILEENTITY0=SB-tiny|MODELDATAFILEKIND0=PCBLib|MODELNAME=SB-tiny|MODELTYPE=PCBLIB|UNIQUEID=WMEALBVD|
RECORD=46|LINENO= 400|OWNERPARTID= -42|OWNERINDEX= 399|
RECORD=48|LINENO= 401|OWNERPARTID= -42|OWNERINDEX= 399|
RECORD=45|LINENO= 402|OWNERPARTID= -42|OWNERINDEX= 395|DATAFILECOUNT=1|MODELDATAFILEENTITY0=SB-LARGE|MODELDATAFILEKIND0=PCBLib|MODELNAME=SB-LARGE|MODELTYPE=PCBLIB|UNIQUEID=RRRBMEDD|
RECORD=46|LINENO= 403|OWNERPARTID= -42|OWNERINDEX= 402|
RECORD=48|LINENO= 404|OWNERPARTID= -42|OWNERINDEX= 402|
RECORD=17|LINENO= 405|OWNERPARTID=   0|OWNERINDEX= -42|FONTID=1|LOCATION.X=490|LOCATION.Y=250|ORIENTATION=2|SHOWNETNAME=T|STYLE=2|TEXT=VBAT|UNIQUEID=YQCKLORO|
RECORD=17|LINENO= 406|OWNERPARTID=   0|OWNERINDEX= -42|FONTID=1|LOCATION.X=760|LOCATION.Y=340|SHOWNETNAME=T|STYLE=2|TEXT=VDD_MCU|UNIQUEID=TQYGPKUE|
RECORD= 1|LINENO= 407|OWNERPARTID=   0|OWNERINDEX= -42|ALLPINCOUNT=2|AREACOLOR=11599871|COMPONENTDESCRIPTION=Solder Jumper|CURRENTPARTID=1|DESIGNITEMID=Strap2|DISPLAYMODECOUNT=1|LIBREFERENCE=Strap2|LOCATION.X=1010|LOCATION.Y=620|NOTUSEDBTABLENAME=T|PARTCOUNT=2|PARTIDLOCKED=F|SOURCELIBRARYNAME=Passive.SchLib|TARGETFILENAME=*|UNIQUEID=VSAYAVKR|
RECORD=41|LINENO= 408|OWNERPARTID=   0|OWNERINDEX= 407|FONTID=1|ISHIDDEN=T|LOCATION.X=988|LOCATION.Y=615|NAME=Published|TEXT=24-Mar-1999|UNIQUEID=DTNSTYYC|
RECORD=41|LINENO= 409|OWNERPARTID=   0|OWNERINDEX= 407|FONTID=1|ISHIDDEN=T|LOCATION.X=988|LOCATION.Y=615|NAME=Revision|TEXT=July-2002: Re-released for DXP Platform.|UNIQUEID=JMRWUTDF|
RECORD=41|LINENO= 410|OWNERPARTID=   0|OWNERINDEX= 407|FONTID=1|ISHIDDEN=T|LOCATION.X=988|LOCATION.Y=615|NAME=Publisher|TEXT=Altium Limited|UNIQUEID=AYYTHENI|
RECORD=41|LINENO= 411|OWNERPARTID=   0|OWNERINDEX= 407|FONTID=1|ISHIDDEN=T|LOCATION.X=988|LOCATION.Y=597|NAME=Solder|TEXT=YES|UNIQUEID=UEKDYPAK|
RECORD= 2|LINENO= 412|OWNERPARTID=   2|OWNERINDEX= 407|DESIGNATOR=2|ELECTRICAL=4|FORMALTYPE=1|LOCATION.X=1010|LOCATION.Y=610|NAME=2|PINCONGLOMERATE=34|PINLENGTH=10|
RECORD=41|LINENO= 413|OWNERPARTID=   0|OWNERINDEX= 412|FONTID=1|ISHIDDEN=T|LOCATION.X=1010|LOCATION.Y=610|NAME=PinUniqueId|TEXT=WAJNUIQO|UNIQUEID=HWWWHWJJ|
RECORD= 2|LINENO= 414|OWNERPARTID=   2|OWNERINDEX= 407|DESIGNATOR=1|ELECTRICAL=4|FORMALTYPE=1|LOCATION.X=1030|LOCATION.Y=610|NAME=1|PINCONGLOMERATE=32|PINLENGTH=10|
RECORD=41|LINENO= 415|OWNERPARTID=   0|OWNERINDEX= 414|FONTID=1|ISHIDDEN=T|LOCATION.X=1030|LOCATION.Y=610|NAME=PinUniqueId|TEXT=YWUKLXYM|UNIQUEID=FMKWVVYX|
RECORD= 7|LINENO= 416|OWNERPARTID=   2|OWNERINDEX= 407|AREACOLOR=65535|ISSOLID=T|LINEWIDTH=1|LOCATIONCOUNT=6|X1=1030|X2=1030|X3=1025|X4=1020|X5=1025|X6=1030|Y1=610|Y2=605|Y3=605|Y4=610|Y5=615|Y6=615|
RECORD= 7|LINENO= 417|OWNERPARTID=   2|OWNERINDEX= 407|AREACOLOR=65535|ISSOLID=T|LINEWIDTH=1|LOCATIONCOUNT=5|X1=1010|X2=1010|X3=1021|X4=1016|X5=1021|Y1=615|Y2=605|Y3=605|Y4=610|Y5=615|
RECORD=34|LINENO= 418|OWNERPARTID=   0|OWNERINDEX= 407|FONTID=1|LOCATION.X=1009|LOCATION.Y=595|NAME=Designator|TEXT=SB26|UNIQUEID=RQOQKNDD|
RECORD=41|LINENO= 419|OWNERPARTID=   0|OWNERINDEX= 407|FONTID=1|LOCATION.X=1007|LOCATION.Y=587|NAME=Comment|TEXT=Close|UNIQUEID=ABXSKLDN|
RECORD=44|LINENO= 420|OWNERPARTID= -42|OWNERINDEX= 407|
RECORD=45|LINENO= 421|OWNERPARTID= -42|OWNERINDEX= 420|DATAFILECOUNT=1|MODELDATAFILEENTITY0=SB|MODELDATAFILEKIND0=PCBLib|MODELNAME=SB|MODELTYPE=PCBLIB|UNIQUEID=EELTMQLD|
RECORD=46|LINENO= 422|OWNERPARTID= -42|OWNERINDEX= 421|
RECORD=48|LINENO= 423|OWNERPARTID= -42|OWNERINDEX= 421|
RECORD=45|LINENO= 424|OWNERPARTID= -42|OWNERINDEX= 420|DATAFILECOUNT=1|ISCURRENT=T|MODELDATAFILEENTITY0=SB-tiny|MODELDATAFILEKIND0=PCBLib|MODELNAME=SB-tiny|MODELTYPE=PCBLIB|UNIQUEID=TTQARGOK|
RECORD=46|LINENO= 425|OWNERPARTID= -42|OWNERINDEX= 424|
RECORD=48|LINENO= 426|OWNERPARTID= -42|OWNERINDEX= 424|
RECORD=45|LINENO= 427|OWNERPARTID= -42|OWNERINDEX= 420|DATAFILECOUNT=1|MODELDATAFILEENTITY0=SB-LARGE|MODELDATAFILEKIND0=PCBLib|MODELNAME=SB-LARGE|MODELTYPE=PCBLIB|UNIQUEID=PQIXUKST|
RECORD=46|LINENO= 428|OWNERPARTID= -42|OWNERINDEX= 427|
RECORD=48|LINENO= 429|OWNERPARTID= -42|OWNERINDEX= 427|
RECORD= 1|LINENO= 430|OWNERPARTID=   0|OWNERINDEX= -42|ALLPINCOUNT=2|AREACOLOR=11599871|COMPONENTDESCRIPTION=Solder Jumper|CURRENTPARTID=1|DESIGNITEMID=Strap2|DISPLAYMODECOUNT=1|LIBREFERENCE=Strap2|LOCATION.X=1020|LOCATION.Y=420|NOTUSEDBTABLENAME=T|ORIENTATION=2|PARTCOUNT=2|PARTIDLOCKED=F|SOURCELIBRARYNAME=Passive.SchLib|TARGETFILENAME=*|UNIQUEID=ULQJJKWF|
RECORD=41|LINENO= 431|OWNERPARTID=   0|OWNERINDEX= 430|FONTID=1|ISHIDDEN=T|LOCATION.X=988|LOCATION.Y=436|NAME=Published|TEXT=24-Mar-1999|UNIQUEID=YQVJSQIO|
RECORD=41|LINENO= 432|OWNERPARTID=   0|OWNERINDEX= 430|FONTID=1|ISHIDDEN=T|LOCATION.X=988|LOCATION.Y=436|NAME=Revision|TEXT=July-2002: Re-released for DXP Platform.|UNIQUEID=DNHPVTHA|
RECORD=41|LINENO= 433|OWNERPARTID=   0|OWNERINDEX= 430|FONTID=1|ISHIDDEN=T|LOCATION.X=988|LOCATION.Y=436|NAME=Publisher|TEXT=Altium Limited|UNIQUEID=NYYGRIGG|
RECORD=41|LINENO= 434|OWNERPARTID=   0|OWNERINDEX= 430|FONTID=1|ISHIDDEN=T|LOCATION.X=988|LOCATION.Y=436|NAME=Solder|TEXT=YES|UNIQUEID=PERCOGBK|
RECORD= 2|LINENO= 435|OWNERPARTID=   2|OWNERINDEX= 430|DESIGNATOR=2|ELECTRICAL=4|FORMALTYPE=1|LOCATION.X=1020|LOCATION.Y=430|NAME=2|PINCONGLOMERATE=32|PINLENGTH=10|
RECORD=41|LINENO= 436|OWNERPARTID=   0|OWNERINDEX= 435|FONTID=1|ISHIDDEN=T|LOCATION.X=1020|LOCATION.Y=430|NAME=PinUniqueId|TEXT=UGHBKRFD|UNIQUEID=TCHTKLEF|
RECORD= 2|LINENO= 437|OWNERPARTID=   2|OWNERINDEX= 430|DESIGNATOR=1|ELECTRICAL=4|FORMALTYPE=1|LOCATION.X=1000|LOCATION.Y=430|NAME=1|PINCONGLOMERATE=34|PINLENGTH=10|
RECORD=41|LINENO= 438|OWNERPARTID=   0|OWNERINDEX= 437|FONTID=1|ISHIDDEN=T|LOCATION.X=1000|LOCATION.Y=430|NAME=PinUniqueId|TEXT=PBTRFMJY|UNIQUEID=UROXICUL|
RECORD= 7|LINENO= 439|OWNERPARTID=   2|OWNERINDEX= 430|AREACOLOR=65535|ISSOLID=T|LINEWIDTH=1|LOCATIONCOUNT=6|X1=1000|X2=1000|X3=1005|X4=1010|X5=1005|X6=1000|Y1=430|Y2=435|Y3=435|Y4=430|Y5=425|Y6=425|
RECORD= 7|LINENO= 440|OWNERPARTID=   2|OWNERINDEX= 430|AREACOLOR=65535|ISSOLID=T|LINEWIDTH=1|LOCATIONCOUNT=5|X1=1020|X2=1020|X3=1009|X4=1014|X5=1009|Y1=425|Y2=435|Y3=435|Y4=430|Y5=425|
RECORD=34|LINENO= 441|OWNERPARTID=   0|OWNERINDEX= 430|FONTID=1|LOCATION.X=1023|LOCATION.Y=430|NAME=Designator|TEXT=SB29|UNIQUEID=VRGKIBMV|
RECORD=41|LINENO= 442|OWNERPARTID=   0|OWNERINDEX= 430|FONTID=1|LOCATION.X=1000|LOCATION.Y=440|NAME=Comment|TEXT=Open|UNIQUEID=AKFYFCAM|
RECORD=44|LINENO= 443|OWNERPARTID= -42|OWNERINDEX= 430|
RECORD=45|LINENO= 444|OWNERPARTID= -42|OWNERINDEX= 443|DATAFILECOUNT=1|MODELDATAFILEENTITY0=SB|MODELDATAFILEKIND0=PCBLib|MODELNAME=SB|MODELTYPE=PCBLIB|UNIQUEID=USGQVFFQ|
RECORD=46|LINENO= 445|OWNERPARTID= -42|OWNERINDEX= 444|
RECORD=48|LINENO= 446|OWNERPARTID= -42|OWNERINDEX= 444|
RECORD=45|LINENO= 447|OWNERPARTID= -42|OWNERINDEX= 443|DATAFILECOUNT=1|ISCURRENT=T|MODELDATAFILEENTITY0=SB-tiny|MODELDATAFILEKIND0=PCBLib|MODELNAME=SB-tiny|MODELTYPE=PCBLIB|UNIQUEID=NQNKERGP|
RECORD=46|LINENO= 448|OWNERPARTID= -42|OWNERINDEX= 447|
RECORD=48|LINENO= 449|OWNERPARTID= -42|OWNERINDEX= 447|
RECORD=45|LINENO= 450|OWNERPARTID= -42|OWNERINDEX= 443|DATAFILECOUNT=1|MODELDATAFILEENTITY0=SB-LARGE|MODELDATAFILEKIND0=PCBLib|MODELNAME=SB-LARGE|MODELTYPE=PCBLIB|UNIQUEID=YFXXNEWH|
RECORD=46|LINENO= 451|OWNERPARTID= -42|OWNERINDEX= 450|
RECORD=48|LINENO= 452|OWNERPARTID= -42|OWNERINDEX= 450|
RECORD= 4|LINENO= 453|OWNERPARTID=   0|OWNERINDEX= -42|FONTID=5|LOCATION.X=81|LOCATION.Y=92|TEXT=Open when SMPS=ON|
RECORD= 4|LINENO= 454|OWNERPARTID=   0|OWNERINDEX= -42|FONTID=5|LOCATION.X=80|LOCATION.Y=83|TEXT=Close when SMPS=OFF|
RECORD= 6|LINENO= 455|OWNERPARTID=   0|OWNERINDEX= -42|ENDLINESHAPE=2|LINEWIDTH=1|LOCATIONCOUNT=2|X1=110|X2=146|Y1=100|Y2=136|
RECORD= 4|LINENO= 456|OWNERPARTID=   0|OWNERINDEX= -42|FONTID=5|LOCATION.X=540|LOCATION.Y=280|TEXT=Close when VBAT|
RECORD= 6|LINENO= 457|OWNERPARTID=   0|OWNERINDEX= -42|ENDLINESHAPE=2|LINEWIDTH=1|LOCATIONCOUNT=2|X1=540|X2=532|Y1=282|Y2=275|
RECORD= 4|LINENO= 458|OWNERPARTID=   0|OWNERINDEX= -42|FONTID=5|LOCATION.X=540|LOCATION.Y=270|TEXT=connected to VDD_MCU|
RECORD= 4|LINENO= 459|OWNERPARTID=   0|OWNERINDEX= -42|FONTID=5|LOCATION.X=860|LOCATION.Y=450|TEXT=Close when Board supplied by Li Battery|
RECORD= 6|LINENO= 460|OWNERPARTID=   0|OWNERINDEX= -42|ENDLINESHAPE=2|LINEWIDTH=1|LOCATIONCOUNT=2|X1=982|X2=995|Y1=449|Y2=437|
RECORD= 4|LINENO= 461|OWNERPARTID=   0|OWNERINDEX= -42|FONTID=5|LOCATION.X=950|LOCATION.Y=660|TEXT=Open when Board supplied by Li Battery|
RECORD= 6|LINENO= 462|OWNERPARTID=   0|OWNERINDEX= -42|ENDLINESHAPE=2|LINEWIDTH=1|LOCATIONCOUNT=2|X1=1010|X2=1016|Y1=660|Y2=621|
RECORD=17|LINENO= 463|OWNERPARTID=   0|OWNERINDEX= -42|FONTID=1|LOCATION.X=130|LOCATION.Y=590|ORIENTATION=2|SHOWNETNAME=T|STYLE=2|TEXT=5V_USB_STLINK|UNIQUEID=LKYMLQUL|
RECORD=17|LINENO= 464|OWNERPARTID=   0|OWNERINDEX= -42|FONTID=1|LOCATION.X=130|LOCATION.Y=610|ORIENTATION=2|SHOWNETNAME=T|STYLE=2|TEXT=5V_USB_MCU|UNIQUEID=BHNXIXQO|
RECORD=17|LINENO= 465|OWNERPARTID=   0|OWNERINDEX= -42|FONTID=1|LOCATION.X=140|LOCATION.Y=710|ORIENTATION=2|SHOWNETNAME=T|STYLE=2|TEXT=5V_EXT|UNIQUEID=GMVAXBLU|
RECORD=17|LINENO= 466|OWNERPARTID=   0|OWNERINDEX= -42|FONTID=2|LOCATION.X=1090|LOCATION.Y=300|ORIENTATION=1|SHOWNETNAME=T|STYLE=2|TEXT=3V3_STLINK|UNIQUEID=MRQRUVVT|
RECORD=18|LINENO= 467|OWNERPARTID=   0|OWNERINDEX= -42|ALIGNMENT=2|AREACOLOR=8454143|FONTID=1|HEIGHT=10|LOCATION.X=200|LOCATION.Y=450|NAME=PWR_ENn|TEXTCOLOR=128|UNIQUEID=TNQJBWYH|WIDTH=70|
RECORD= 1|LINENO= 468|OWNERPARTID=   0|OWNERINDEX= -42|ALLPINCOUNT=8|AREACOLOR=11599871|CURRENTPARTID=1|DESIGNITEMID=HEADER_2X4|DISPLAYMODECOUNT=1|LIBREFERENCE=HEADER_2X4|LOCATION.X=490|LOCATION.Y=640|PARTCOUNT=2|PARTIDLOCKED=F|SOURCELIBRARYNAME=Connector.SchLib|TARGETFILENAME=*|UNIQUEID=ONDKVRDT|
RECORD= 2|LINENO= 469|OWNERPARTID=   2|OWNERINDEX= 468|%UTF8%SWAPIDPART=Â¦&Â¦|DESIGNATOR=2|ELECTRICAL=4|FORMALTYPE=1|LOCATION.X=540|LOCATION.Y=640|PINCONGLOMERATE=56|PINLENGTH=10|SWAPIDPART=Ž&Ž|SWAPIDPIN=2|
RECORD=41|LINENO= 470|OWNERPARTID=   0|OWNERINDEX= 469|FONTID=1|ISHIDDEN=T|LOCATION.X=540|LOCATION.Y=640|NAME=PinUniqueId|TEXT=CABXMRHX|UNIQUEID=WUQXTPGN|
RECORD= 2|LINENO= 471|OWNERPARTID=   2|OWNERINDEX= 468|%UTF8%SWAPIDPART=Â¦&Â¦|DESIGNATOR=4|ELECTRICAL=4|FORMALTYPE=1|LOCATION.X=540|LOCATION.Y=630|PINCONGLOMERATE=56|PINLENGTH=10|SWAPIDPART=Ž&Ž|SWAPIDPIN=4|
RECORD=41|LINENO= 472|OWNERPARTID=   0|OWNERINDEX= 471|FONTID=1|ISHIDDEN=T|LOCATION.X=540|LOCATION.Y=630|NAME=PinUniqueId|TEXT=VXJFJCBI|UNIQUEID=PSCROUSC|
RECORD= 2|LINENO= 473|OWNERPARTID=   2|OWNERINDEX= 468|%UTF8%SWAPIDPART=Â¦&Â¦|DESIGNATOR=6|ELECTRICAL=4|FORMALTYPE=1|LOCATION.X=540|LOCATION.Y=620|PINCONGLOMERATE=56|PINLENGTH=10|SWAPIDPART=Ž&Ž|SWAPIDPIN=6|
RECORD=41|LINENO= 474|OWNERPARTID=   0|OWNERINDEX= 473|FONTID=1|ISHIDDEN=T|LOCATION.X=540|LOCATION.Y=620|NAME=PinUniqueId|TEXT=TLAIEPLH|UNIQUEID=MHRTJGBR|
RECORD= 2|LINENO= 475|OWNERPARTID=   2|OWNERINDEX= 468|%UTF8%SWAPIDPART=Â¦&Â¦|DESIGNATOR=8|ELECTRICAL=4|FORMALTYPE=1|LOCATION.X=540|LOCATION.Y=610|PINCONGLOMERATE=56|PINLENGTH=10|SWAPIDPART=Ž&Ž|SWAPIDPIN=8|
RECORD=41|LINENO= 476|OWNERPARTID=   0|OWNERINDEX= 475|FONTID=1|ISHIDDEN=T|LOCATION.X=540|LOCATION.Y=610|NAME=PinUniqueId|TEXT=PUOMOTTD|UNIQUEID=CUIBUOIN|
RECORD= 2|LINENO= 477|OWNERPARTID=   2|OWNERINDEX= 468|%UTF8%SWAPIDPART=Â¦&Â¦|DESIGNATOR=1|ELECTRICAL=4|FORMALTYPE=1|LOCATION.X=520|LOCATION.Y=640|PINCONGLOMERATE=58|PINLENGTH=10|SWAPIDPART=Ž&Ž|SWAPIDPIN=1|
RECORD=41|LINENO= 478|OWNERPARTID=   0|OWNERINDEX= 477|FONTID=1|ISHIDDEN=T|LOCATION.X=520|LOCATION.Y=640|NAME=PinUniqueId|TEXT=RRULYBGY|UNIQUEID=DRUVOXSE|
RECORD= 2|LINENO= 479|OWNERPARTID=   2|OWNERINDEX= 468|%UTF8%SWAPIDPART=Â¦&Â¦|DESIGNATOR=3|ELECTRICAL=4|FORMALTYPE=1|LOCATION.X=520|LOCATION.Y=630|PINCONGLOMERATE=58|PINLENGTH=10|SWAPIDPART=Ž&Ž|SWAPIDPIN=3|
RECORD=41|LINENO= 480|OWNERPARTID=   0|OWNERINDEX= 479|FONTID=1|ISHIDDEN=T|LOCATION.X=520|LOCATION.Y=630|NAME=PinUniqueId|TEXT=AGXJVOII|UNIQUEID=WUDBVTKX|
RECORD= 2|LINENO= 481|OWNERPARTID=   2|OWNERINDEX= 468|%UTF8%SWAPIDPART=Â¦&Â¦|DESIGNATOR=5|ELECTRICAL=4|FORMALTYPE=1|LOCATION.X=520|LOCATION.Y=620|PINCONGLOMERATE=58|PINLENGTH=10|SWAPIDPART=Ž&Ž|SWAPIDPIN=5|
RECORD=41|LINENO= 482|OWNERPARTID=   0|OWNERINDEX= 481|FONTID=1|ISHIDDEN=T|LOCATION.X=520|LOCATION.Y=620|NAME=PinUniqueId|TEXT=HGFSMOLR|UNIQUEID=JPOULDGF|
RECORD= 2|LINENO= 483|OWNERPARTID=   2|OWNERINDEX= 468|%UTF8%SWAPIDPART=Â¦&Â¦|DESIGNATOR=7|ELECTRICAL=4|FORMALTYPE=1|LOCATION.X=520|LOCATION.Y=610|PINCONGLOMERATE=58|PINLENGTH=10|SWAPIDPART=Ž&Ž|SWAPIDPIN=7|
RECORD=41|LINENO= 484|OWNERPARTID=   0|OWNERINDEX= 483|FONTID=1|ISHIDDEN=T|LOCATION.X=520|LOCATION.Y=610|NAME=PinUniqueId|TEXT=YEOITIVL|UNIQUEID=QKTNMVAN|
RECORD=12|LINENO= 485|OWNERPARTID=   2|OWNERINDEX= 468|ENDANGLE=360.000|LINEWIDTH=1|LOCATION.X=525|LOCATION.Y=640|RADIUS=3|
RECORD=12|LINENO= 486|OWNERPARTID=   2|OWNERINDEX= 468|ENDANGLE=360.000|LINEWIDTH=1|LOCATION.X=525|LOCATION.Y=630|RADIUS=3|
RECORD=12|LINENO= 487|OWNERPARTID=   2|OWNERINDEX= 468|ENDANGLE=360.000|LINEWIDTH=1|LOCATION.X=525|LOCATION.Y=620|RADIUS=3|
RECORD=12|LINENO= 488|OWNERPARTID=   2|OWNERINDEX= 468|ENDANGLE=360.000|LINEWIDTH=1|LOCATION.X=525|LOCATION.Y=610|RADIUS=3|
RECORD=12|LINENO= 489|OWNERPARTID=   2|OWNERINDEX= 468|ENDANGLE=360.000|LINEWIDTH=1|LOCATION.X=535|LOCATION.Y=640|RADIUS=3|
RECORD=12|LINENO= 490|OWNERPARTID=   2|OWNERINDEX= 468|ENDANGLE=360.000|LINEWIDTH=1|LOCATION.X=535|LOCATION.Y=630|RADIUS=3|
RECORD=12|LINENO= 491|OWNERPARTID=   2|OWNERINDEX= 468|ENDANGLE=360.000|LINEWIDTH=1|LOCATION.X=535|LOCATION.Y=620|RADIUS=3|
RECORD=12|LINENO= 492|OWNERPARTID=   2|OWNERINDEX= 468|ENDANGLE=360.000|LINEWIDTH=1|LOCATION.X=535|LOCATION.Y=610|RADIUS=3|
RECORD= 6|LINENO= 493|OWNERPARTID=   2|OWNERINDEX= 468|LINEWIDTH=1|LOCATIONCOUNT=5|X1=520|X2=540|X3=540|X4=520|X5=520|Y1=645|Y2=645|Y3=605|Y4=605|Y5=625|
RECORD= 6|LINENO= 494|OWNERPARTID=   2|OWNERINDEX= 468|LINEWIDTH=1|LOCATIONCOUNT=2|X1=520|X2=520|Y1=625|Y2=645|
RECORD= 6|LINENO= 495|OWNERPARTID=   2|OWNERINDEX= 468|LINEWIDTH=1|LOCATIONCOUNT=2|X1=522|X2=520|Y1=640|Y2=640|
RECORD= 6|LINENO= 496|OWNERPARTID=   2|OWNERINDEX= 468|LINEWIDTH=1|LOCATIONCOUNT=2|X1=522|X2=519|Y1=630|Y2=630|
RECORD= 6|LINENO= 497|OWNERPARTID=   2|OWNERINDEX= 468|LINEWIDTH=1|LOCATIONCOUNT=2|X1=522|X2=519|Y1=620|Y2=620|
RECORD= 6|LINENO= 498|OWNERPARTID=   2|OWNERINDEX= 468|LINEWIDTH=1|LOCATIONCOUNT=2|X1=522|X2=520|Y1=610|Y2=610|
RECORD= 6|LINENO= 499|OWNERPARTID=   2|OWNERINDEX= 468|LINEWIDTH=1|LOCATIONCOUNT=2|X1=538|X2=540|Y1=640|Y2=640|
RECORD= 6|LINENO= 500|OWNERPARTID=   2|OWNERINDEX= 468|LINEWIDTH=1|LOCATIONCOUNT=2|X1=538|X2=540|Y1=630|Y2=630|
RECORD= 6|LINENO= 501|OWNERPARTID=   2|OWNERINDEX= 468|LINEWIDTH=1|LOCATIONCOUNT=2|X1=538|X2=541|Y1=620|Y2=620|
RECORD= 6|LINENO= 502|OWNERPARTID=   2|OWNERINDEX= 468|LINEWIDTH=1|LOCATIONCOUNT=2|X1=538|X2=540|Y1=610|Y2=610|
RECORD= 6|LINENO= 503|OWNERPARTID=   2|OWNERINDEX= 468|LINEWIDTH=1|LOCATIONCOUNT=5|X1=522|X2=528|X3=528|X4=522|X5=522|Y1=643|Y2=643|Y3=637|Y4=637|Y5=643|
RECORD=34|LINENO= 504|OWNERPARTID=   0|OWNERINDEX= 468|FONTID=1|LOCATION.X=518|LOCATION.Y=646|NAME=Designator|TEXT=JP1|UNIQUEID=KAHSIDSH|
RECORD=41|LINENO= 505|OWNERPARTID=   0|OWNERINDEX= 468|FONTID=1|LOCATION.X=500|LOCATION.Y=590|NAME=Comment|TEXT=HEADER_2X4|UNIQUEID=NLWLHLGR|
RECORD=44|LINENO= 506|OWNERPARTID= -42|OWNERINDEX= 468|
RECORD=45|LINENO= 507|OWNERPARTID= -42|OWNERINDEX= 506|DATAFILECOUNT=1|DESCRIPTION=2x4x2.54 Header TH V Female|MODELDATAFILEENTITY0=Header F 2x4x2.54 TH V|MODELDATAFILEKIND0=PCBLib|MODELNAME=Header F 2x4x2.54 TH V|MODELTYPE=PCBLIB|UNIQUEID=DFEXHMDG|
RECORD=46|LINENO= 508|OWNERPARTID= -42|OWNERINDEX= 507|
RECORD=48|LINENO= 509|OWNERPARTID= -42|OWNERINDEX= 507|
RECORD=45|LINENO= 510|OWNERPARTID= -42|OWNERINDEX= 506|DATAFILECOUNT=1|DESCRIPTION=2x4x2.54 Header TH V Male|ISCURRENT=T|MODELDATAFILEENTITY0=Header M 2x4x2.54 TH V|MODELDATAFILEKIND0=PCBLib|MODELNAME=Header M 2x4x2.54 TH V|MODELTYPE=PCBLIB|UNIQUEID=WVVAMMLU|
RECORD=46|LINENO= 511|OWNERPARTID= -42|OWNERINDEX= 510|
RECORD=48|LINENO= 512|OWNERPARTID= -42|OWNERINDEX= 510|
RECORD= 1|LINENO= 513|OWNERPARTID=   0|OWNERINDEX= -42|ALLPINCOUNT=2|AREACOLOR=11599871|COMPONENTDESCRIPTION=Solder Jumper|CURRENTPARTID=1|DESIGNITEMID=Strap2|DISPLAYMODECOUNT=1|LIBREFERENCE=Strap2|LOCATION.X=350|LOCATION.Y=600|NOTUSEDBTABLENAME=T|PARTCOUNT=2|PARTIDLOCKED=F|SOURCELIBRARYNAME=Passive.SchLib|TARGETFILENAME=*|UNIQUEID=GVPWTYLH|
RECORD=41|LINENO= 514|OWNERPARTID=   0|OWNERINDEX= 513|FONTID=1|ISHIDDEN=T|LOCATION.X=328|LOCATION.Y=595|NAME=Published|TEXT=24-Mar-1999|UNIQUEID=FUOXBGCL|
RECORD=41|LINENO= 515|OWNERPARTID=   0|OWNERINDEX= 513|FONTID=1|ISHIDDEN=T|LOCATION.X=328|LOCATION.Y=595|NAME=Revision|TEXT=July-2002: Re-released for DXP Platform.|UNIQUEID=WKSXDNFH|
RECORD=41|LINENO= 516|OWNERPARTID=   0|OWNERINDEX= 513|FONTID=1|ISHIDDEN=T|LOCATION.X=328|LOCATION.Y=595|NAME=Publisher|TEXT=Altium Limited|UNIQUEID=KGXUNHTA|
RECORD=41|LINENO= 517|OWNERPARTID=   0|OWNERINDEX= 513|FONTID=1|ISHIDDEN=T|LOCATION.X=328|LOCATION.Y=577|NAME=Solder|TEXT=YES|UNIQUEID=BFDKIETK|
RECORD= 2|LINENO= 518|OWNERPARTID=   2|OWNERINDEX= 513|DESIGNATOR=2|ELECTRICAL=4|FORMALTYPE=1|LOCATION.X=350|LOCATION.Y=590|NAME=2|PINCONGLOMERATE=34|PINLENGTH=10|
RECORD=41|LINENO= 519|OWNERPARTID=   0|OWNERINDEX= 518|FONTID=1|ISHIDDEN=T|LOCATION.X=350|LOCATION.Y=590|NAME=PinUniqueId|TEXT=PRUNOIMV|UNIQUEID=IABXLOGM|
RECORD= 2|LINENO= 520|OWNERPARTID=   2|OWNERINDEX= 513|DESIGNATOR=1|ELECTRICAL=4|FORMALTYPE=1|LOCATION.X=370|LOCATION.Y=590|NAME=1|PINCONGLOMERATE=32|PINLENGTH=10|
RECORD=41|LINENO= 521|OWNERPARTID=   0|OWNERINDEX= 520|FONTID=1|ISHIDDEN=T|LOCATION.X=370|LOCATION.Y=590|NAME=PinUniqueId|TEXT=SWVDDUVG|UNIQUEID=BMSTBOJI|
RECORD= 7|LINENO= 522|OWNERPARTID=   2|OWNERINDEX= 513|AREACOLOR=65535|ISSOLID=T|LINEWIDTH=1|LOCATIONCOUNT=6|X1=370|X2=370|X3=365|X4=360|X5=365|X6=370|Y1=590|Y2=585|Y3=585|Y4=590|Y5=595|Y6=595|
RECORD= 7|LINENO= 523|OWNERPARTID=   2|OWNERINDEX= 513|AREACOLOR=65535|ISSOLID=T|LINEWIDTH=1|LOCATIONCOUNT=5|X1=350|X2=350|X3=361|X4=356|X5=361|Y1=595|Y2=585|Y3=585|Y4=590|Y5=595|
RECORD=34|LINENO= 524|OWNERPARTID=   0|OWNERINDEX= 513|FONTID=1|LOCATION.X=349|LOCATION.Y=575|NAME=Designator|TEXT=SB25|UNIQUEID=SPXTXBAF|
RECORD=41|LINENO= 525|OWNERPARTID=   0|OWNERINDEX= 513|FONTID=1|LOCATION.X=372|LOCATION.Y=580|NAME=Comment|TEXT=Open|UNIQUEID=MQCMQPNS|
RECORD=44|LINENO= 526|OWNERPARTID= -42|OWNERINDEX= 513|
RECORD=45|LINENO= 527|OWNERPARTID= -42|OWNERINDEX= 526|DATAFILECOUNT=1|MODELDATAFILEENTITY0=SB|MODELDATAFILEKIND0=PCBLib|MODELNAME=SB|MODELTYPE=PCBLIB|UNIQUEID=WHNQEVGC|
RECORD=46|LINENO= 528|OWNERPARTID= -42|OWNERINDEX= 527|
RECORD=48|LINENO= 529|OWNERPARTID= -42|OWNERINDEX= 527|
RECORD=45|LINENO= 530|OWNERPARTID= -42|OWNERINDEX= 526|DATAFILECOUNT=1|ISCURRENT=T|MODELDATAFILEENTITY0=SB-tiny|MODELDATAFILEKIND0=PCBLib|MODELNAME=SB-tiny|MODELTYPE=PCBLIB|UNIQUEID=LFAENRLO|
RECORD=46|LINENO= 531|OWNERPARTID= -42|OWNERINDEX= 530|
RECORD=48|LINENO= 532|OWNERPARTID= -42|OWNERINDEX= 530|
RECORD=45|LINENO= 533|OWNERPARTID= -42|OWNERINDEX= 526|DATAFILECOUNT=1|MODELDATAFILEENTITY0=SB-LARGE|MODELDATAFILEKIND0=PCBLib|MODELNAME=SB-LARGE|MODELTYPE=PCBLIB|UNIQUEID=CDAXSVHP|
RECORD=46|LINENO= 534|OWNERPARTID= -42|OWNERINDEX= 533|
RECORD=48|LINENO= 535|OWNERPARTID= -42|OWNERINDEX= 533|
RECORD= 6|LINENO= 536|OWNERPARTID=   0|OWNERINDEX= -42|LINEWIDTH=1|LOCATIONCOUNT=6|X1=50|X2=150|X3=150|X4=30|X5=30|X6=50|Y1=730|Y2=730|Y3=330|Y4=330|Y5=730|Y6=730|
RECORD= 4|LINENO= 537|OWNERPARTID=   0|OWNERINDEX= -42|FONTID=6|LOCATION.X=40|LOCATION.Y=670|ORIENTATION=1|TEXT=Supply Sources|
RECORD= 4|LINENO= 538|OWNERPARTID=   0|OWNERINDEX= -42|FONTID=5|LOCATION.X=100|LOCATION.Y=74|TEXT=(Warning:|
RECORD= 1|LINENO= 539|OWNERPARTID=   0|OWNERINDEX= -42|ALLPINCOUNT=2|AREACOLOR=11599871|CURRENTPARTID=1|DESIGNITEMID=HEADER_1X2_L|DISPLAYMODECOUNT=1|LIBREFERENCE=HEADER_1X2_L|LOCATION.X=1080|LOCATION.Y=640|ORIENTATION=1|PARTCOUNT=2|PARTIDLOCKED=F|SOURCELIBRARYNAME=Connector.SchLib|TARGETFILENAME=*|UNIQUEID=BMLOSOKP|
RECORD= 2|LINENO= 540|OWNERPARTID=   2|OWNERINDEX= 539|DESIGNATOR=1|ELECTRICAL=4|FORMALTYPE=1|LOCATION.X=1065|LOCATION.Y=610|NAME=1|PINCONGLOMERATE=50|PINLENGTH=5|SWAPIDPIN=1|
RECORD=41|LINENO= 541|OWNERPARTID=   0|OWNERINDEX= 540|FONTID=1|ISHIDDEN=T|LOCATION.X=1065|LOCATION.Y=610|NAME=PinUniqueId|TEXT=QDOWADPL|UNIQUEID=YOMROGYS|
RECORD= 2|LINENO= 542|OWNERPARTID=   2|OWNERINDEX= 539|DESIGNATOR=2|ELECTRICAL=4|FORMALTYPE=1|LOCATION.X=1085|LOCATION.Y=610|NAME=2|PINCONGLOMERATE=48|PINLENGTH=5|SWAPIDPIN=2|
RECORD=41|LINENO= 543|OWNERPARTID=   0|OWNERINDEX= 542|FONTID=1|ISHIDDEN=T|LOCATION.X=1085|LOCATION.Y=610|NAME=PinUniqueId|TEXT=EIMLXMVX|UNIQUEID=MATHQXUV|
RECORD=12|LINENO= 544|OWNERPARTID=   2|OWNERINDEX= 539|ENDANGLE=360.000|LINEWIDTH=1|LOCATION.X=1080|LOCATION.Y=610|RADIUS=3|
RECORD= 6|LINENO= 545|OWNERPARTID=   2|OWNERINDEX= 539|LINEWIDTH=1|LOCATIONCOUNT=4|X1=1065|X2=1065|X3=1085|X4=1085|Y1=605|Y2=615|Y3=615|Y4=605|
RECORD= 6|LINENO= 546|OWNERPARTID=   2|OWNERINDEX= 539|LINEWIDTH=1|LOCATIONCOUNT=2|X1=1085|X2=1083|Y1=610|Y2=610|
RECORD= 6|LINENO= 547|OWNERPARTID=   2|OWNERINDEX= 539|LINEWIDTH=1|LOCATIONCOUNT=2|X1=1065|X2=1085|Y1=605|Y2=605|
RECORD= 6|LINENO= 548|OWNERPARTID=   2|OWNERINDEX= 539|LINEWIDTH=1|LOCATIONCOUNT=2|X1=1067|X2=1065|Y1=610|Y2=610|
RECORD=12|LINENO= 549|OWNERPARTID=   2|OWNERINDEX= 539|ENDANGLE=360.000|LINEWIDTH=1|LOCATION.X=1070|LOCATION.Y=610|RADIUS=3|
RECORD= 6|LINENO= 550|OWNERPARTID=   2|OWNERINDEX= 539|LINEWIDTH=1|LOCATIONCOUNT=6|X1=1070|X2=1073|X3=1073|X4=1067|X5=1067|X6=1070|Y1=607|Y2=607|Y3=613|Y4=613|Y5=607|Y6=607|
RECORD=34|LINENO= 551|OWNERPARTID=   0|OWNERINDEX= 539|FONTID=1|LOCATION.X=1064|LOCATION.Y=616|NAME=Designator|TEXT=JP2|UNIQUEID=TIGICLHH|
RECORD=41|LINENO= 552|OWNERPARTID=   0|OWNERINDEX= 539|FONTID=1|LOCATION.X=1060|LOCATION.Y=590|NAME=Comment|TEXT=HEADER_1X2|UNIQUEID=BBGXDGKG|
RECORD=44|LINENO= 553|OWNERPARTID= -42|OWNERINDEX= 539|
RECORD=45|LINENO= 554|OWNERPARTID= -42|OWNERINDEX= 553|DATAFILECOUNT=1|DESCRIPTION=1x2x2.54 Header TH V Female|MODELDATAFILEENTITY0=Header F 1x2x2.54 TH V|MODELDATAFILEKIND0=PCBLib|MODELNAME=Header F 1x2x2.54 TH V|MODELTYPE=PCBLIB|UNIQUEID=LMYXBKAB|
RECORD=46|LINENO= 555|OWNERPARTID= -42|OWNERINDEX= 554|
RECORD=48|LINENO= 556|OWNERPARTID= -42|OWNERINDEX= 554|
RECORD=45|LINENO= 557|OWNERPARTID= -42|OWNERINDEX= 553|DATAFILECOUNT=1|DESCRIPTION=1x2x2.54 Header TH V Male|ISCURRENT=T|MODELDATAFILEENTITY0=Header M 1x2x2.54 TH V|MODELDATAFILEKIND0=PCBLib|MODELNAME=Header M 1x2x2.54 TH V|MODELTYPE=PCBLIB|UNIQUEID=AFNXBWBV|
RECORD=46|LINENO= 558|OWNERPARTID= -42|OWNERINDEX= 557|
RECORD=48|LINENO= 559|OWNERPARTID= -42|OWNERINDEX= 557|
RECORD=45|LINENO= 560|OWNERPARTID= -42|OWNERINDEX= 553|DATAFILECOUNT=1|DESCRIPTION=1x2x2.00 Header TH V Male height=5.5mm|MODELDATAFILEENTITY0=Header F 1x2x2.00 TH V|MODELDATAFILEKIND0=PCBLib|MODELNAME=Header F 1x2x2.00 TH V|MODELTYPE=PCBLIB|UNIQUEID=GBDTUYCD|
RECORD=46|LINENO= 561|OWNERPARTID= -42|OWNERINDEX= 560|
RECORD=48|LINENO= 562|OWNERPARTID= -42|OWNERINDEX= 560|
RECORD=45|LINENO= 563|OWNERPARTID= -42|OWNERINDEX= 553|DATAFILECOUNT=1|DESCRIPTION=1x2x2.00 Header TH V Male height=5.5mm|MODELDATAFILEENTITY0=Header F 1x2x2.00 TH V with Jumper|MODELDATAFILEKIND0=PCBLib|MODELNAME=Header F 1x2x2.00 TH V with Jumper|MODELTYPE=PCBLIB|UNIQUEID=FMWMJTGG|
RECORD=46|LINENO= 564|OWNERPARTID= -42|OWNERINDEX= 563|
RECORD=48|LINENO= 565|OWNERPARTID= -42|OWNERINDEX= 563|
RECORD=45|LINENO= 566|OWNERPARTID= -42|OWNERINDEX= 553|DATAFILECOUNT=1|DESCRIPTION=1x2x2.54 Header TH Not Fitted|MODELDATAFILEENTITY0=Header NF 1x2x2.54 TH|MODELDATAFILEKIND0=PCBLib|MODELNAME=Header NF 1x2x2.54 TH|MODELTYPE=PCBLIB|UNIQUEID=TCNLXKNS|
RECORD=46|LINENO= 567|OWNERPARTID= -42|OWNERINDEX= 566|
RECORD=48|LINENO= 568|OWNERPARTID= -42|OWNERINDEX= 566|
RECORD= 1|LINENO= 569|OWNERPARTID=   0|OWNERINDEX= -42|ALLPINCOUNT=2|AREACOLOR=11599871|CURRENTPARTID=1|DESIGNITEMID=HEADER_1X2_L|DISPLAYMODECOUNT=1|LIBREFERENCE=HEADER_1X2_L|LOCATION.X=740|LOCATION.Y=370|ORIENTATION=1|PARTCOUNT=2|PARTIDLOCKED=F|SOURCELIBRARYNAME=Connector.SchLib|TARGETFILENAME=*|UNIQUEID=SVLUYOAT|
RECORD= 2|LINENO= 570|OWNERPARTID=   2|OWNERINDEX= 569|DESIGNATOR=1|ELECTRICAL=4|FORMALTYPE=1|LOCATION.X=725|LOCATION.Y=340|NAME=1|PINCONGLOMERATE=50|PINLENGTH=5|SWAPIDPIN=1|
RECORD=41|LINENO= 571|OWNERPARTID=   0|OWNERINDEX= 570|FONTID=1|ISHIDDEN=T|LOCATION.X=725|LOCATION.Y=340|NAME=PinUniqueId|TEXT=SJPIPHMI|UNIQUEID=SRISWQGP|
RECORD= 2|LINENO= 572|OWNERPARTID=   2|OWNERINDEX= 569|DESIGNATOR=2|ELECTRICAL=4|FORMALTYPE=1|LOCATION.X=745|LOCATION.Y=340|NAME=2|PINCONGLOMERATE=48|PINLENGTH=5|SWAPIDPIN=2|
RECORD=41|LINENO= 573|OWNERPARTID=   0|OWNERINDEX= 572|FONTID=1|ISHIDDEN=T|LOCATION.X=745|LOCATION.Y=340|NAME=PinUniqueId|TEXT=LOYDJSDL|UNIQUEID=LMULTROR|
RECORD=12|LINENO= 574|OWNERPARTID=   2|OWNERINDEX= 569|ENDANGLE=360.000|LINEWIDTH=1|LOCATION.X=740|LOCATION.Y=340|RADIUS=3|
RECORD= 6|LINENO= 575|OWNERPARTID=   2|OWNERINDEX= 569|LINEWIDTH=1|LOCATIONCOUNT=4|X1=725|X2=725|X3=745|X4=745|Y1=335|Y2=345|Y3=345|Y4=335|
RECORD= 6|LINENO= 576|OWNERPARTID=   2|OWNERINDEX= 569|LINEWIDTH=1|LOCATIONCOUNT=2|X1=745|X2=743|Y1=340|Y2=340|
RECORD= 6|LINENO= 577|OWNERPARTID=   2|OWNERINDEX= 569|LINEWIDTH=1|LOCATIONCOUNT=2|X1=725|X2=745|Y1=335|Y2=335|
RECORD= 6|LINENO= 578|OWNERPARTID=   2|OWNERINDEX= 569|LINEWIDTH=1|LOCATIONCOUNT=2|X1=727|X2=725|Y1=340|Y2=340|
RECORD=12|LINENO= 579|OWNERPARTID=   2|OWNERINDEX= 569|ENDANGLE=360.000|LINEWIDTH=1|LOCATION.X=730|LOCATION.Y=340|RADIUS=3|
RECORD= 6|LINENO= 580|OWNERPARTID=   2|OWNERINDEX= 569|LINEWIDTH=1|LOCATIONCOUNT=6|X1=730|X2=733|X3=733|X4=727|X5=727|X6=730|Y1=337|Y2=337|Y3=343|Y4=343|Y5=337|Y6=337|
RECORD=34|LINENO= 581|OWNERPARTID=   0|OWNERINDEX= 569|FONTID=1|LOCATION.X=724|LOCATION.Y=346|NAME=Designator|TEXT=JP3|UNIQUEID=XBKGPLBX|
RECORD=41|LINENO= 582|OWNERPARTID=   0|OWNERINDEX= 569|FONTID=1|LOCATION.X=720|LOCATION.Y=320|NAME=Comment|TEXT=HEADER_1X2|UNIQUEID=SCWQEVMH|
RECORD=44|LINENO= 583|OWNERPARTID= -42|OWNERINDEX= 569|
RECORD=45|LINENO= 584|OWNERPARTID= -42|OWNERINDEX= 583|DATAFILECOUNT=1|DESCRIPTION=1x2x2.54 Header TH V Female|MODELDATAFILEENTITY0=Header F 1x2x2.54 TH V|MODELDATAFILEKIND0=PCBLib|MODELNAME=Header F 1x2x2.54 TH V|MODELTYPE=PCBLIB|UNIQUEID=GRYSCFOO|
RECORD=46|LINENO= 585|OWNERPARTID= -42|OWNERINDEX= 584|
RECORD=48|LINENO= 586|OWNERPARTID= -42|OWNERINDEX= 584|
RECORD=45|LINENO= 587|OWNERPARTID= -42|OWNERINDEX= 583|DATAFILECOUNT=1|DESCRIPTION=1x2x2.54 Header TH V Male|ISCURRENT=T|MODELDATAFILEENTITY0=Header M 1x2x2.54 TH V|MODELDATAFILEKIND0=PCBLib|MODELNAME=Header M 1x2x2.54 TH V|MODELTYPE=PCBLIB|UNIQUEID=TKWNHNFT|
RECORD=46|LINENO= 588|OWNERPARTID= -42|OWNERINDEX= 587|
RECORD=48|LINENO= 589|OWNERPARTID= -42|OWNERINDEX= 587|
RECORD=45|LINENO= 590|OWNERPARTID= -42|OWNERINDEX= 583|DATAFILECOUNT=1|DESCRIPTION=1x2x2.00 Header TH V Male height=5.5mm|MODELDATAFILEENTITY0=Header F 1x2x2.00 TH V|MODELDATAFILEKIND0=PCBLib|MODELNAME=Header F 1x2x2.00 TH V|MODELTYPE=PCBLIB|UNIQUEID=WOBKTDCF|
RECORD=46|LINENO= 591|OWNERPARTID= -42|OWNERINDEX= 590|
RECORD=48|LINENO= 592|OWNERPARTID= -42|OWNERINDEX= 590|
RECORD=45|LINENO= 593|OWNERPARTID= -42|OWNERINDEX= 583|DATAFILECOUNT=1|DESCRIPTION=1x2x2.00 Header TH V Male height=5.5mm|MODELDATAFILEENTITY0=Header F 1x2x2.00 TH V with Jumper|MODELDATAFILEKIND0=PCBLib|MODELNAME=Header F 1x2x2.00 TH V with Jumper|MODELTYPE=PCBLIB|UNIQUEID=VNFFNVKY|
RECORD=46|LINENO= 594|OWNERPARTID= -42|OWNERINDEX= 593|
RECORD=48|LINENO= 595|OWNERPARTID= -42|OWNERINDEX= 593|
RECORD=45|LINENO= 596|OWNERPARTID= -42|OWNERINDEX= 583|DATAFILECOUNT=1|DESCRIPTION=1x2x2.54 Header TH Not Fitted|MODELDATAFILEENTITY0=Header NF 1x2x2.54 TH|MODELDATAFILEKIND0=PCBLib|MODELNAME=Header NF 1x2x2.54 TH|MODELTYPE=PCBLIB|UNIQUEID=OCLKBJXB|
RECORD=46|LINENO= 597|OWNERPARTID= -42|OWNERINDEX= 596|
RECORD=48|LINENO= 598|OWNERPARTID= -42|OWNERINDEX= 596|
RECORD= 4|LINENO= 599|OWNERPARTID=   0|OWNERINDEX= -42|FONTID=5|LOCATION.X=940|LOCATION.Y=370|TEXT=3V3 LDO dedicated to ST_Link|
RECORD= 6|LINENO= 600|OWNERPARTID=   0|OWNERINDEX= -42|LINEWIDTH=1|LOCATIONCOUNT=6|X1=880|X2=1120|X3=1120|X4=870|X5=870|X6=880|Y1=380|Y2=380|Y3=170|Y4=170|Y5=380|Y6=380|
RECORD= 4|LINENO= 601|OWNERPARTID=   0|OWNERINDEX= -42|FONTID=5|LOCATION.X=78|LOCATION.Y=64|TEXT=FW configuration needed)|
RECORD= 6|LINENO= 602|OWNERPARTID=   0|OWNERINDEX= -42|LINEWIDTH=1|LOCATIONCOUNT=6|X1=360|X2=400|X3=400|X4=30|X5=30|X6=360|Y1=320|Y2=320|Y3=40|Y4=40|Y5=320|Y6=320|
RECORD= 4|LINENO= 603|OWNERPARTID=   0|OWNERINDEX= -42|FONTID=5|LOCATION.X=600|LOCATION.Y=369|TEXT=MCU Supply domain|
RECORD= 4|LINENO= 604|OWNERPARTID=   0|OWNERINDEX= -42|FONTID=5|LOCATION.X=181|LOCATION.Y=310|TEXT=SMPS domain|
RECORD= 6|LINENO= 605|OWNERPARTID=   0|OWNERINDEX= -42|LINEWIDTH=1|LOCATIONCOUNT=6|X1=170|X2=1120|X3=1120|X4=160|X5=160|X6=170|Y1=730|Y2=730|Y3=390|Y4=390|Y5=730|Y6=730|
RECORD= 4|LINENO= 606|OWNERPARTID=   0|OWNERINDEX= -42|FONTID=5|LOCATION.X=620|LOCATION.Y=720|TEXT=Commun Supply Parts|
RECORD=17|LINENO= 607|OWNERPARTID=   0|OWNERINDEX= -42|FONTID=1|LOCATION.X=700|LOCATION.Y=340|ORIENTATION=2|SHOWNETNAME=T|STYLE=2|TEXT=VDD|UNIQUEID=YXCFIWLE|
RECORD= 1|LINENO= 608|OWNERPARTID=   0|OWNERINDEX= -42|ALLPINCOUNT=2|AREACOLOR=11599871|COMPONENTDESCRIPTION=Solder Jumper|CURRENTPARTID=1|DESIGNITEMID=Strap2|DISPLAYMODECOUNT=1|LIBREFERENCE=Strap2|LOCATION.X=500|LOCATION.Y=190|NOTUSEDBTABLENAME=T|PARTCOUNT=2|PARTIDLOCKED=F|SOURCELIBRARYNAME=Passive.SchLib|TARGETFILENAME=*|UNIQUEID=EAJHQNBB|
RECORD=41|LINENO= 609|OWNERPARTID=   0|OWNERINDEX= 608|FONTID=1|ISHIDDEN=T|LOCATION.X=478|LOCATION.Y=185|NAME=Published|TEXT=24-Mar-1999|UNIQUEID=LXRIMADR|
RECORD=41|LINENO= 610|OWNERPARTID=   0|OWNERINDEX= 608|FONTID=1|ISHIDDEN=T|LOCATION.X=478|LOCATION.Y=185|NAME=Revision|TEXT=July-2002: Re-released for DXP Platform.|UNIQUEID=XXYGVSIL|
RECORD=41|LINENO= 611|OWNERPARTID=   0|OWNERINDEX= 608|FONTID=1|ISHIDDEN=T|LOCATION.X=478|LOCATION.Y=185|NAME=Publisher|TEXT=Altium Limited|UNIQUEID=BPYJPEEB|
RECORD=41|LINENO= 612|OWNERPARTID=   0|OWNERINDEX= 608|FONTID=1|ISHIDDEN=T|LOCATION.X=478|LOCATION.Y=167|NAME=Solder|TEXT=YES|UNIQUEID=AUTBVWAW|
RECORD= 2|LINENO= 613|OWNERPARTID=   2|OWNERINDEX= 608|DESIGNATOR=2|ELECTRICAL=4|FORMALTYPE=1|LOCATION.X=500|LOCATION.Y=180|NAME=2|PINCONGLOMERATE=34|PINLENGTH=10|
RECORD=41|LINENO= 614|OWNERPARTID=   0|OWNERINDEX= 613|FONTID=1|ISHIDDEN=T|LOCATION.X=500|LOCATION.Y=180|NAME=PinUniqueId|TEXT=LFEGUSDW|UNIQUEID=RYGJEAKG|
RECORD= 2|LINENO= 615|OWNERPARTID=   2|OWNERINDEX= 608|DESIGNATOR=1|ELECTRICAL=4|FORMALTYPE=1|LOCATION.X=520|LOCATION.Y=180|NAME=1|PINCONGLOMERATE=32|PINLENGTH=10|
RECORD=41|LINENO= 616|OWNERPARTID=   0|OWNERINDEX= 615|FONTID=1|ISHIDDEN=T|LOCATION.X=520|LOCATION.Y=180|NAME=PinUniqueId|TEXT=SMCCNORI|UNIQUEID=WAWEPIBJ|
RECORD= 7|LINENO= 617|OWNERPARTID=   2|OWNERINDEX= 608|AREACOLOR=65535|ISSOLID=T|LINEWIDTH=1|LOCATIONCOUNT=6|X1=520|X2=520|X3=515|X4=510|X5=515|X6=520|Y1=180|Y2=175|Y3=175|Y4=180|Y5=185|Y6=185|
RECORD= 7|LINENO= 618|OWNERPARTID=   2|OWNERINDEX= 608|AREACOLOR=65535|ISSOLID=T|LINEWIDTH=1|LOCATIONCOUNT=5|X1=500|X2=500|X3=511|X4=506|X5=511|Y1=185|Y2=175|Y3=175|Y4=180|Y5=185|
RECORD=34|LINENO= 619|OWNERPARTID=   0|OWNERINDEX= 608|FONTID=1|LOCATION.X=522|LOCATION.Y=180|NAME=Designator|TEXT=SB34|UNIQUEID=VJCCDPYP|
RECORD=41|LINENO= 620|OWNERPARTID=   0|OWNERINDEX= 608|FONTID=1|LOCATION.X=521|LOCATION.Y=170|NAME=Comment|TEXT=Open|UNIQUEID=QKAPLDDQ|
RECORD=44|LINENO= 621|OWNERPARTID= -42|OWNERINDEX= 608|
RECORD=45|LINENO= 622|OWNERPARTID= -42|OWNERINDEX= 621|DATAFILECOUNT=1|MODELDATAFILEENTITY0=SB|MODELDATAFILEKIND0=PCBLib|MODELNAME=SB|MODELTYPE=PCBLIB|UNIQUEID=AJONLUPU|
RECORD=46|LINENO= 623|OWNERPARTID= -42|OWNERINDEX= 622|
RECORD=48|LINENO= 624|OWNERPARTID= -42|OWNERINDEX= 622|
RECORD=45|LINENO= 625|OWNERPARTID= -42|OWNERINDEX= 621|DATAFILECOUNT=1|ISCURRENT=T|MODELDATAFILEENTITY0=SB-tiny|MODELDATAFILEKIND0=PCBLib|MODELNAME=SB-tiny|MODELTYPE=PCBLIB|UNIQUEID=BVWCPCAH|
RECORD=46|LINENO= 626|OWNERPARTID= -42|OWNERINDEX= 625|
RECORD=48|LINENO= 627|OWNERPARTID= -42|OWNERINDEX= 625|
RECORD=45|LINENO= 628|OWNERPARTID= -42|OWNERINDEX= 621|DATAFILECOUNT=1|MODELDATAFILEENTITY0=SB-LARGE|MODELDATAFILEKIND0=PCBLib|MODELNAME=SB-LARGE|MODELTYPE=PCBLIB|UNIQUEID=FEFPXWVY|
RECORD=46|LINENO= 629|OWNERPARTID= -42|OWNERINDEX= 628|
RECORD=48|LINENO= 630|OWNERPARTID= -42|OWNERINDEX= 628|
RECORD= 1|LINENO= 631|OWNERPARTID=   0|OWNERINDEX= -42|ALLPINCOUNT=2|AREACOLOR=11599871|COMPONENTDESCRIPTION=Solder Jumper|CURRENTPARTID=1|DESIGNITEMID=Strap2|DISPLAYMODECOUNT=1|LIBREFERENCE=Strap2|LOCATION.X=500|LOCATION.Y=210|NOTUSEDBTABLENAME=T|PARTCOUNT=2|PARTIDLOCKED=F|SOURCELIBRARYNAME=Passive.SchLib|TARGETFILENAME=*|UNIQUEID=XPMHHXYL|
RECORD=41|LINENO= 632|OWNERPARTID=   0|OWNERINDEX= 631|FONTID=1|ISHIDDEN=T|LOCATION.X=478|LOCATION.Y=205|NAME=Published|TEXT=24-Mar-1999|UNIQUEID=MDCJNYPP|
RECORD=41|LINENO= 633|OWNERPARTID=   0|OWNERINDEX= 631|FONTID=1|ISHIDDEN=T|LOCATION.X=478|LOCATION.Y=205|NAME=Revision|TEXT=July-2002: Re-released for DXP Platform.|UNIQUEID=NNGDYTDI|
RECORD=41|LINENO= 634|OWNERPARTID=   0|OWNERINDEX= 631|FONTID=1|ISHIDDEN=T|LOCATION.X=478|LOCATION.Y=205|NAME=Publisher|TEXT=Altium Limited|UNIQUEID=GCWHYMUU|
RECORD=41|LINENO= 635|OWNERPARTID=   0|OWNERINDEX= 631|FONTID=1|ISHIDDEN=T|LOCATION.X=478|LOCATION.Y=187|NAME=Solder|TEXT=YES|UNIQUEID=DWWBQFIV|
RECORD= 2|LINENO= 636|OWNERPARTID=   2|OWNERINDEX= 631|DESIGNATOR=2|ELECTRICAL=4|FORMALTYPE=1|LOCATION.X=500|LOCATION.Y=200|NAME=2|PINCONGLOMERATE=34|PINLENGTH=10|
RECORD=41|LINENO= 637|OWNERPARTID=   0|OWNERINDEX= 636|FONTID=1|ISHIDDEN=T|LOCATION.X=500|LOCATION.Y=200|NAME=PinUniqueId|TEXT=KBILHWPI|UNIQUEID=JCWGYJFW|
RECORD= 2|LINENO= 638|OWNERPARTID=   2|OWNERINDEX= 631|DESIGNATOR=1|ELECTRICAL=4|FORMALTYPE=1|LOCATION.X=520|LOCATION.Y=200|NAME=1|PINCONGLOMERATE=32|PINLENGTH=10|
RECORD=41|LINENO= 639|OWNERPARTID=   0|OWNERINDEX= 638|FONTID=1|ISHIDDEN=T|LOCATION.X=520|LOCATION.Y=200|NAME=PinUniqueId|TEXT=YWOQXBNV|UNIQUEID=ULCPPIKY|
RECORD= 7|LINENO= 640|OWNERPARTID=   2|OWNERINDEX= 631|AREACOLOR=65535|ISSOLID=T|LINEWIDTH=1|LOCATIONCOUNT=6|X1=520|X2=520|X3=515|X4=510|X5=515|X6=520|Y1=200|Y2=195|Y3=195|Y4=200|Y5=205|Y6=205|
RECORD= 7|LINENO= 641|OWNERPARTID=   2|OWNERINDEX= 631|AREACOLOR=65535|ISSOLID=T|LINEWIDTH=1|LOCATIONCOUNT=5|X1=500|X2=500|X3=511|X4=506|X5=511|Y1=205|Y2=195|Y3=195|Y4=200|Y5=205|
RECORD=34|LINENO= 642|OWNERPARTID=   0|OWNERINDEX= 631|FONTID=1|LOCATION.X=522|LOCATION.Y=201|NAME=Designator|TEXT=SB33|UNIQUEID=CRUMNEBT|
RECORD=41|LINENO= 643|OWNERPARTID=   0|OWNERINDEX= 631|FONTID=1|LOCATION.X=522|LOCATION.Y=190|NAME=Comment|TEXT=Close|UNIQUEID=OASLRDGH|
RECORD=44|LINENO= 644|OWNERPARTID= -42|OWNERINDEX= 631|
RECORD=45|LINENO= 645|OWNERPARTID= -42|OWNERINDEX= 644|DATAFILECOUNT=1|MODELDATAFILEENTITY0=SB|MODELDATAFILEKIND0=PCBLib|MODELNAME=SB|MODELTYPE=PCBLIB|UNIQUEID=GKCINTNK|
RECORD=46|LINENO= 646|OWNERPARTID= -42|OWNERINDEX= 645|
RECORD=48|LINENO= 647|OWNERPARTID= -42|OWNERINDEX= 645|
RECORD=45|LINENO= 648|OWNERPARTID= -42|OWNERINDEX= 644|DATAFILECOUNT=1|ISCURRENT=T|MODELDATAFILEENTITY0=SB-tiny|MODELDATAFILEKIND0=PCBLib|MODELNAME=SB-tiny|MODELTYPE=PCBLIB|UNIQUEID=XLGHFKXE|
RECORD=46|LINENO= 649|OWNERPARTID= -42|OWNERINDEX= 648|
RECORD=48|LINENO= 650|OWNERPARTID= -42|OWNERINDEX= 648|
RECORD=45|LINENO= 651|OWNERPARTID= -42|OWNERINDEX= 644|DATAFILECOUNT=1|MODELDATAFILEENTITY0=SB-LARGE|MODELDATAFILEKIND0=PCBLib|MODELNAME=SB-LARGE|MODELTYPE=PCBLIB|UNIQUEID=KMRWYVYH|
RECORD=46|LINENO= 652|OWNERPARTID= -42|OWNERINDEX= 651|
RECORD=48|LINENO= 653|OWNERPARTID= -42|OWNERINDEX= 651|
RECORD=17|LINENO= 654|OWNERPARTID=   0|OWNERINDEX= -42|FONTID=1|LOCATION.X=490|LOCATION.Y=200|ORIENTATION=2|SHOWNETNAME=T|STYLE=2|TEXT=3V3|UNIQUEID=GPBPLNVN|
RECORD=17|LINENO= 655|OWNERPARTID=   0|OWNERINDEX= -42|FONTID=1|LOCATION.X=1040|LOCATION.Y=410|SHOWNETNAME=T|STYLE=2|TEXT=VBAT|UNIQUEID=RFIETUYX|
RECORD= 1|LINENO= 656|OWNERPARTID=   0|OWNERINDEX= -42|ALLPINCOUNT=2|AREACOLOR=11599871|COMPONENTDESCRIPTION=Solder Jumper|CURRENTPARTID=1|DESIGNITEMID=Strap2|DISPLAYMODECOUNT=1|LIBREFERENCE=Strap2|LOCATION.X=1020|LOCATION.Y=400|NOTUSEDBTABLENAME=T|ORIENTATION=2|PARTCOUNT=2|PARTIDLOCKED=F|SOURCELIBRARYNAME=Passive.SchLib|TARGETFILENAME=*|UNIQUEID=JEAJDFSB|
RECORD=41|LINENO= 657|OWNERPARTID=   0|OWNERINDEX= 656|FONTID=1|ISHIDDEN=T|LOCATION.X=988|LOCATION.Y=416|NAME=Published|TEXT=24-Mar-1999|UNIQUEID=RQRLOROU|
RECORD=41|LINENO= 658|OWNERPARTID=   0|OWNERINDEX= 656|FONTID=1|ISHIDDEN=T|LOCATION.X=988|LOCATION.Y=416|NAME=Revision|TEXT=July-2002: Re-released for DXP Platform.|UNIQUEID=BHOSPYIS|
RECORD=41|LINENO= 659|OWNERPARTID=   0|OWNERINDEX= 656|FONTID=1|ISHIDDEN=T|LOCATION.X=988|LOCATION.Y=416|NAME=Publisher|TEXT=Altium Limited|UNIQUEID=KXGPJPAL|
RECORD=41|LINENO= 660|OWNERPARTID=   0|OWNERINDEX= 656|FONTID=1|ISHIDDEN=T|LOCATION.X=988|LOCATION.Y=416|NAME=Solder|TEXT=YES|UNIQUEID=EUMWMXWC|
RECORD= 2|LINENO= 661|OWNERPARTID=   2|OWNERINDEX= 656|DESIGNATOR=2|ELECTRICAL=4|FORMALTYPE=1|LOCATION.X=1020|LOCATION.Y=410|NAME=2|PINCONGLOMERATE=32|PINLENGTH=10|
RECORD=41|LINENO= 662|OWNERPARTID=   0|OWNERINDEX= 661|FONTID=1|ISHIDDEN=T|LOCATION.X=1020|LOCATION.Y=410|NAME=PinUniqueId|TEXT=JROSEJQV|UNIQUEID=VEYFJXTT|
RECORD= 2|LINENO= 663|OWNERPARTID=   2|OWNERINDEX= 656|DESIGNATOR=1|ELECTRICAL=4|FORMALTYPE=1|LOCATION.X=1000|LOCATION.Y=410|NAME=1|PINCONGLOMERATE=34|PINLENGTH=10|
RECORD=41|LINENO= 664|OWNERPARTID=   0|OWNERINDEX= 663|FONTID=1|ISHIDDEN=T|LOCATION.X=1000|LOCATION.Y=410|NAME=PinUniqueId|TEXT=EBOENPLL|UNIQUEID=NTMTVJSR|
RECORD= 7|LINENO= 665|OWNERPARTID=   2|OWNERINDEX= 656|AREACOLOR=65535|ISSOLID=T|LINEWIDTH=1|LOCATIONCOUNT=6|X1=1000|X2=1000|X3=1005|X4=1010|X5=1005|X6=1000|Y1=410|Y2=415|Y3=415|Y4=410|Y5=405|Y6=405|
RECORD= 7|LINENO= 666|OWNERPARTID=   2|OWNERINDEX= 656|AREACOLOR=65535|ISSOLID=T|LINEWIDTH=1|LOCATIONCOUNT=5|X1=1020|X2=1020|X3=1009|X4=1014|X5=1009|Y1=405|Y2=415|Y3=415|Y4=410|Y5=405|
RECORD=34|LINENO= 667|OWNERPARTID=   0|OWNERINDEX= 656|FONTID=1|LOCATION.X=1022|LOCATION.Y=411|NAME=Designator|TEXT=SB30|UNIQUEID=LAOAHGEX|
RECORD=41|LINENO= 668|OWNERPARTID=   0|OWNERINDEX= 656|FONTID=1|LOCATION.X=977|LOCATION.Y=412|NAME=Comment|TEXT=Open|UNIQUEID=QIIFAIVL|
RECORD=44|LINENO= 669|OWNERPARTID= -42|OWNERINDEX= 656|
RECORD=45|LINENO= 670|OWNERPARTID= -42|OWNERINDEX= 669|DATAFILECOUNT=1|MODELDATAFILEENTITY0=SB|MODELDATAFILEKIND0=PCBLib|MODELNAME=SB|MODELTYPE=PCBLIB|UNIQUEID=PJKHNALS|
RECORD=46|LINENO= 671|OWNERPARTID= -42|OWNERINDEX= 670|
RECORD=48|LINENO= 672|OWNERPARTID= -42|OWNERINDEX= 670|
RECORD=45|LINENO= 673|OWNERPARTID= -42|OWNERINDEX= 669|DATAFILECOUNT=1|ISCURRENT=T|MODELDATAFILEENTITY0=SB-tiny|MODELDATAFILEKIND0=PCBLib|MODELNAME=SB-tiny|MODELTYPE=PCBLIB|UNIQUEID=TMTUPRJO|
RECORD=46|LINENO= 674|OWNERPARTID= -42|OWNERINDEX= 673|
RECORD=48|LINENO= 675|OWNERPARTID= -42|OWNERINDEX= 673|
RECORD=45|LINENO= 676|OWNERPARTID= -42|OWNERINDEX= 669|DATAFILECOUNT=1|MODELDATAFILEENTITY0=SB-LARGE|MODELDATAFILEKIND0=PCBLib|MODELNAME=SB-LARGE|MODELTYPE=PCBLIB|UNIQUEID=DUUILIYJ|
RECORD=46|LINENO= 677|OWNERPARTID= -42|OWNERINDEX= 676|
RECORD=48|LINENO= 678|OWNERPARTID= -42|OWNERINDEX= 676|
RECORD= 1|LINENO= 679|OWNERPARTID=   0|OWNERINDEX= -42|ALLPINCOUNT=2|AREACOLOR=11599871|COMPONENTDESCRIPTION=Solder Jumper|CURRENTPARTID=1|DESIGNITEMID=Strap2|DISPLAYMODECOUNT=1|LIBREFERENCE=Strap2|LOCATION.X=500|LOCATION.Y=150|NOTUSEDBTABLENAME=T|PARTCOUNT=2|PARTIDLOCKED=F|SOURCELIBRARYNAME=Passive.SchLib|TARGETFILENAME=*|UNIQUEID=DSGFIBJK|
RECORD=41|LINENO= 680|OWNERPARTID=   0|OWNERINDEX= 679|FONTID=1|ISHIDDEN=T|LOCATION.X=478|LOCATION.Y=145|NAME=Published|TEXT=24-Mar-1999|UNIQUEID=LNRFWBVR|
RECORD=41|LINENO= 681|OWNERPARTID=   0|OWNERINDEX= 679|FONTID=1|ISHIDDEN=T|LOCATION.X=478|LOCATION.Y=145|NAME=Revision|TEXT=July-2002: Re-released for DXP Platform.|UNIQUEID=YLIIYMWF|
RECORD=41|LINENO= 682|OWNERPARTID=   0|OWNERINDEX= 679|FONTID=1|ISHIDDEN=T|LOCATION.X=478|LOCATION.Y=145|NAME=Publisher|TEXT=Altium Limited|UNIQUEID=WWRPBPSP|
RECORD=41|LINENO= 683|OWNERPARTID=   0|OWNERINDEX= 679|FONTID=1|ISHIDDEN=T|LOCATION.X=478|LOCATION.Y=127|NAME=Solder|TEXT=YES|UNIQUEID=KYXAQXTY|
RECORD= 2|LINENO= 684|OWNERPARTID=   2|OWNERINDEX= 679|DESIGNATOR=2|ELECTRICAL=4|FORMALTYPE=1|LOCATION.X=500|LOCATION.Y=140|NAME=2|PINCONGLOMERATE=34|PINLENGTH=10|
RECORD=41|LINENO= 685|OWNERPARTID=   0|OWNERINDEX= 684|FONTID=1|ISHIDDEN=T|LOCATION.X=500|LOCATION.Y=140|NAME=PinUniqueId|TEXT=ABTMLXFG|UNIQUEID=HYESICPP|
RECORD= 2|LINENO= 686|OWNERPARTID=   2|OWNERINDEX= 679|DESIGNATOR=1|ELECTRICAL=4|FORMALTYPE=1|LOCATION.X=520|LOCATION.Y=140|NAME=1|PINCONGLOMERATE=32|PINLENGTH=10|
RECORD=41|LINENO= 687|OWNERPARTID=   0|OWNERINDEX= 686|FONTID=1|ISHIDDEN=T|LOCATION.X=520|LOCATION.Y=140|NAME=PinUniqueId|TEXT=SOOKNTUU|UNIQUEID=HBCLLLUS|
RECORD= 7|LINENO= 688|OWNERPARTID=   2|OWNERINDEX= 679|AREACOLOR=65535|ISSOLID=T|LINEWIDTH=1|LOCATIONCOUNT=6|X1=520|X2=520|X3=515|X4=510|X5=515|X6=520|Y1=140|Y2=135|Y3=135|Y4=140|Y5=145|Y6=145|
RECORD= 7|LINENO= 689|OWNERPARTID=   2|OWNERINDEX= 679|AREACOLOR=65535|ISSOLID=T|LINEWIDTH=1|LOCATIONCOUNT=5|X1=500|X2=500|X3=511|X4=506|X5=511|Y1=145|Y2=135|Y3=135|Y4=140|Y5=145|
RECORD=34|LINENO= 690|OWNERPARTID=   0|OWNERINDEX= 679|FONTID=1|LOCATION.X=482|LOCATION.Y=118|NAME=Designator|TEXT=SB35|UNIQUEID=PTQVMLNG|
RECORD=41|LINENO= 691|OWNERPARTID=   0|OWNERINDEX= 679|FONTID=1|LOCATION.X=481|LOCATION.Y=126|NAME=Comment|TEXT=Close|UNIQUEID=OIIETYBL|
RECORD=44|LINENO= 692|OWNERPARTID= -42|OWNERINDEX= 679|
RECORD=45|LINENO= 693|OWNERPARTID= -42|OWNERINDEX= 692|DATAFILECOUNT=1|MODELDATAFILEENTITY0=SB|MODELDATAFILEKIND0=PCBLib|MODELNAME=SB|MODELTYPE=PCBLIB|UNIQUEID=PGMDJGEH|
RECORD=46|LINENO= 694|OWNERPARTID= -42|OWNERINDEX= 693|
RECORD=48|LINENO= 695|OWNERPARTID= -42|OWNERINDEX= 693|
RECORD=45|LINENO= 696|OWNERPARTID= -42|OWNERINDEX= 692|DATAFILECOUNT=1|ISCURRENT=T|MODELDATAFILEENTITY0=SB-tiny|MODELDATAFILEKIND0=PCBLib|MODELNAME=SB-tiny|MODELTYPE=PCBLIB|UNIQUEID=GNTFKIXM|
RECORD=46|LINENO= 697|OWNERPARTID= -42|OWNERINDEX= 696|
RECORD=48|LINENO= 698|OWNERPARTID= -42|OWNERINDEX= 696|
RECORD=45|LINENO= 699|OWNERPARTID= -42|OWNERINDEX= 692|DATAFILECOUNT=1|MODELDATAFILEENTITY0=SB-LARGE|MODELDATAFILEKIND0=PCBLib|MODELNAME=SB-LARGE|MODELTYPE=PCBLIB|UNIQUEID=LLUMCVDJ|
RECORD=46|LINENO= 700|OWNERPARTID= -42|OWNERINDEX= 699|
RECORD=48|LINENO= 701|OWNERPARTID= -42|OWNERINDEX= 699|
RECORD= 1|LINENO= 702|OWNERPARTID=   0|OWNERINDEX= -42|ALLPINCOUNT=2|AREACOLOR=11599871|CURRENTPARTID=1|DESIGNITEMID=HEADER_1X2|DISPLAYMODECOUNT=1|LIBREFERENCE=HEADER_1X2|LOCATION.X=150|LOCATION.Y=530|PARTCOUNT=2|PARTIDLOCKED=F|SOURCELIBRARYNAME=Connector.SchLib|TARGETFILENAME=*|UNIQUEID=POQXUETV|
RECORD= 2|LINENO= 703|OWNERPARTID=   2|OWNERINDEX= 702|DESIGNATOR=1|ELECTRICAL=4|FORMALTYPE=1|LOCATION.X=120|LOCATION.Y=540|NAME=1|PINCONGLOMERATE=48|PINLENGTH=10|SWAPIDPIN=1|
RECORD=41|LINENO= 704|OWNERPARTID=   0|OWNERINDEX= 703|FONTID=1|ISHIDDEN=T|LOCATION.X=120|LOCATION.Y=540|NAME=PinUniqueId|TEXT=SXWDSHOP|UNIQUEID=OAAWBUKL|
RECORD= 2|LINENO= 705|OWNERPARTID=   2|OWNERINDEX= 702|DESIGNATOR=2|ELECTRICAL=4|FORMALTYPE=1|LOCATION.X=120|LOCATION.Y=530|NAME=2|PINCONGLOMERATE=48|PINLENGTH=10|SWAPIDPIN=2|
RECORD=41|LINENO= 706|OWNERPARTID=   0|OWNERINDEX= 705|FONTID=1|ISHIDDEN=T|LOCATION.X=120|LOCATION.Y=530|NAME=PinUniqueId|TEXT=PYJNDFLV|UNIQUEID=NSROACGW|
RECORD=12|LINENO= 707|OWNERPARTID=   2|OWNERINDEX= 702|ENDANGLE=360.000|LINEWIDTH=1|LOCATION.X=115|LOCATION.Y=530|RADIUS=3|
RECORD= 6|LINENO= 708|OWNERPARTID=   2|OWNERINDEX= 702|LINEWIDTH=1|LOCATIONCOUNT=4|X1=110|X2=120|X3=120|X4=110|Y1=545|Y2=545|Y3=525|Y4=525|
RECORD= 6|LINENO= 709|OWNERPARTID=   2|OWNERINDEX= 702|LINEWIDTH=1|LOCATIONCOUNT=2|X1=118|X2=120|Y1=530|Y2=530|
RECORD= 6|LINENO= 710|OWNERPARTID=   2|OWNERINDEX= 702|LINEWIDTH=1|LOCATIONCOUNT=2|X1=110|X2=110|Y1=545|Y2=525|
RECORD= 6|LINENO= 711|OWNERPARTID=   2|OWNERINDEX= 702|LINEWIDTH=1|LOCATIONCOUNT=2|X1=118|X2=120|Y1=540|Y2=540|
RECORD=12|LINENO= 712|OWNERPARTID=   2|OWNERINDEX= 702|ENDANGLE=360.000|LINEWIDTH=1|LOCATION.X=115|LOCATION.Y=540|RADIUS=3|
RECORD= 6|LINENO= 713|OWNERPARTID=   2|OWNERINDEX= 702|LINEWIDTH=1|LOCATIONCOUNT=6|X1=115|X2=112|X3=112|X4=118|X5=118|X6=115|Y1=543|Y2=543|Y3=537|Y4=537|Y5=543|Y6=543|
RECORD=41|LINENO= 714|OWNERPARTID=   0|OWNERINDEX= 702|FONTID=1|LOCATION.X=70|LOCATION.Y=529|NAME=Fitted|TEXT=Not Fitted|UNIQUEID=BTCXXLSS|
RECORD=34|LINENO= 715|OWNERPARTID=   0|OWNERINDEX= 702|FONTID=1|LOCATION.X=109|LOCATION.Y=546|NAME=Designator|TEXT=CN4|UNIQUEID=RCYKWFSK|
RECORD=41|LINENO= 716|OWNERPARTID=   0|OWNERINDEX= 702|FONTID=1|LOCATION.X=50|LOCATION.Y=540|NAME=Comment|TEXT=HEADER_1X2|UNIQUEID=KKVIHMST|
RECORD=44|LINENO= 717|OWNERPARTID= -42|OWNERINDEX= 702|
RECORD=45|LINENO= 718|OWNERPARTID= -42|OWNERINDEX= 717|DATAFILECOUNT=1|DESCRIPTION=1x2x2.54 Header TH V Male|MODELDATAFILEENTITY0=Header M 1x2x2.54 TH V|MODELDATAFILEKIND0=PCBLib|MODELNAME=Header M 1x2x2.54 TH V|MODELTYPE=PCBLIB|UNIQUEID=PRWGMFDS|
RECORD=46|LINENO= 719|OWNERPARTID= -42|OWNERINDEX= 718|
RECORD=48|LINENO= 720|OWNERPARTID= -42|OWNERINDEX= 718|
RECORD=45|LINENO= 721|OWNERPARTID= -42|OWNERINDEX= 717|DATAFILECOUNT=1|DESCRIPTION=1x2x2.54 Header TH V Female|MODELDATAFILEENTITY0=Header F 1x2x2.54 TH V|MODELDATAFILEKIND0=PCBLib|MODELNAME=Header F 1x2x2.54 TH V|MODELTYPE=PCBLIB|UNIQUEID=SIPKBTPW|
RECORD=46|LINENO= 722|OWNERPARTID= -42|OWNERINDEX= 721|
RECORD=48|LINENO= 723|OWNERPARTID= -42|OWNERINDEX= 721|
RECORD=45|LINENO= 724|OWNERPARTID= -42|OWNERINDEX= 717|DATAFILECOUNT=1|DESCRIPTION=1x2x1.27 Male or Female Not Fitted only Footprint|MODELDATAFILEENTITY0=Header M/F 1x2x1.27 NF|MODELDATAFILEKIND0=PCBLib|MODELNAME=Header M/F 1x2x1.27 NF|MODELTYPE=PCBLIB|UNIQUEID=SIENAKOM|
RECORD=46|LINENO= 725|OWNERPARTID= -42|OWNERINDEX= 724|
RECORD=48|LINENO= 726|OWNERPARTID= -42|OWNERINDEX= 724|
RECORD=45|LINENO= 727|OWNERPARTID= -42|OWNERINDEX= 717|DATAFILECOUNT=1|DESCRIPTION=1x2x2.00 Header TH V Male height=5.5mm|MODELDATAFILEENTITY0=Header F 1x2x2.00 TH V|MODELDATAFILEKIND0=PCBLib|MODELNAME=Header F 1x2x2.00 TH V|MODELTYPE=PCBLIB|UNIQUEID=GGHXTIIW|
RECORD=46|LINENO= 728|OWNERPARTID= -42|OWNERINDEX= 727|
RECORD=48|LINENO= 729|OWNERPARTID= -42|OWNERINDEX= 727|
RECORD=45|LINENO= 730|OWNERPARTID= -42|OWNERINDEX= 717|DATAFILECOUNT=1|DESCRIPTION=1x2x2.00 Header TH V Male height=5.5mm|MODELDATAFILEENTITY0=Header F 1x2x2.00 TH V with Jumper|MODELDATAFILEKIND0=PCBLib|MODELNAME=Header F 1x2x2.00 TH V with Jumper|MODELTYPE=PCBLIB|UNIQUEID=YBOJVCUO|
RECORD=46|LINENO= 731|OWNERPARTID= -42|OWNERINDEX= 730|
RECORD=48|LINENO= 732|OWNERPARTID= -42|OWNERINDEX= 730|
RECORD=45|LINENO= 733|OWNERPARTID= -42|OWNERINDEX= 717|DATAFILECOUNT=1|DESCRIPTION=1x2x2.54 Header TH Not Fitted|ISCURRENT=T|MODELDATAFILEENTITY0=Header NF 1x2x2.54 TH|MODELDATAFILEKIND0=PCBLib|MODELNAME=Header NF 1x2x2.54 TH|MODELTYPE=PCBLIB|UNIQUEID=TMJVLCPM|
RECORD=46|LINENO= 734|OWNERPARTID= -42|OWNERINDEX= 733|
RECORD=48|LINENO= 735|OWNERPARTID= -42|OWNERINDEX= 733|
RECORD=17|LINENO= 736|OWNERPARTID=   0|OWNERINDEX= -42|FONTID=2|LOCATION.X=130|LOCATION.Y=530|ORIENTATION=3|SHOWNETNAME=T|STYLE=1|TEXT=GND|UNIQUEID=KLTALINE|
RECORD= 1|LINENO= 737|OWNERPARTID=   0|OWNERINDEX= -42|ALLPINCOUNT=2|AREACOLOR=11599871|COMPONENTDESCRIPTION=Solder Jumper|CURRENTPARTID=1|DESIGNITEMID=Strap2|DISPLAYMODECOUNT=1|LIBREFERENCE=Strap2|LOCATION.X=1020|LOCATION.Y=470|NOTUSEDBTABLENAME=T|ORIENTATION=2|PARTCOUNT=2|PARTIDLOCKED=F|SOURCELIBRARYNAME=Passive.SchLib|TARGETFILENAME=*|UNIQUEID=SHDMGHWY|
RECORD=41|LINENO= 738|OWNERPARTID=   0|OWNERINDEX= 737|FONTID=1|ISHIDDEN=T|LOCATION.X=988|LOCATION.Y=486|NAME=Published|TEXT=24-Mar-1999|UNIQUEID=UXYRBBQA|
RECORD=41|LINENO= 739|OWNERPARTID=   0|OWNERINDEX= 737|FONTID=1|ISHIDDEN=T|LOCATION.X=988|LOCATION.Y=486|NAME=Revision|TEXT=July-2002: Re-released for DXP Platform.|UNIQUEID=ILKSUPNQ|
RECORD=41|LINENO= 740|OWNERPARTID=   0|OWNERINDEX= 737|FONTID=1|ISHIDDEN=T|LOCATION.X=988|LOCATION.Y=486|NAME=Publisher|TEXT=Altium Limited|UNIQUEID=OAOAXOYQ|
RECORD=41|LINENO= 741|OWNERPARTID=   0|OWNERINDEX= 737|FONTID=1|ISHIDDEN=T|LOCATION.X=988|LOCATION.Y=486|NAME=Solder|TEXT=YES|UNIQUEID=CDMBCCNP|
RECORD= 2|LINENO= 742|OWNERPARTID=   2|OWNERINDEX= 737|DESIGNATOR=2|ELECTRICAL=4|FORMALTYPE=1|LOCATION.X=1020|LOCATION.Y=480|NAME=2|PINCONGLOMERATE=32|PINLENGTH=10|
RECORD=41|LINENO= 743|OWNERPARTID=   0|OWNERINDEX= 742|FONTID=1|ISHIDDEN=T|LOCATION.X=1020|LOCATION.Y=480|NAME=PinUniqueId|TEXT=QYHYCTFH|UNIQUEID=JSXTKNAG|
RECORD= 2|LINENO= 744|OWNERPARTID=   2|OWNERINDEX= 737|DESIGNATOR=1|ELECTRICAL=4|FORMALTYPE=1|LOCATION.X=1000|LOCATION.Y=480|NAME=1|PINCONGLOMERATE=34|PINLENGTH=10|
RECORD=41|LINENO= 745|OWNERPARTID=   0|OWNERINDEX= 744|FONTID=1|ISHIDDEN=T|LOCATION.X=1000|LOCATION.Y=480|NAME=PinUniqueId|TEXT=OUKBRLXN|UNIQUEID=MUADEPGE|
RECORD= 7|LINENO= 746|OWNERPARTID=   2|OWNERINDEX= 737|AREACOLOR=65535|ISSOLID=T|LINEWIDTH=1|LOCATIONCOUNT=6|X1=1000|X2=1000|X3=1005|X4=1010|X5=1005|X6=1000|Y1=480|Y2=485|Y3=485|Y4=480|Y5=475|Y6=475|
RECORD= 7|LINENO= 747|OWNERPARTID=   2|OWNERINDEX= 737|AREACOLOR=65535|ISSOLID=T|LINEWIDTH=1|LOCATIONCOUNT=5|X1=1020|X2=1020|X3=1009|X4=1014|X5=1009|Y1=475|Y2=485|Y3=485|Y4=480|Y5=475|
RECORD=34|LINENO= 748|OWNERPARTID=   0|OWNERINDEX= 737|FONTID=1|LOCATION.X=1023|LOCATION.Y=480|NAME=Designator|TEXT=SB27|UNIQUEID=WHBTASWB|
RECORD=41|LINENO= 749|OWNERPARTID=   0|OWNERINDEX= 737|FONTID=1|LOCATION.X=975|LOCATION.Y=480|NAME=Comment|TEXT=Open|UNIQUEID=VSDBLLLD|
RECORD=44|LINENO= 750|OWNERPARTID= -42|OWNERINDEX= 737|
RECORD=45|LINENO= 751|OWNERPARTID= -42|OWNERINDEX= 750|DATAFILECOUNT=1|MODELDATAFILEENTITY0=SB|MODELDATAFILEKIND0=PCBLib|MODELNAME=SB|MODELTYPE=PCBLIB|UNIQUEID=RAFRTWPG|
RECORD=46|LINENO= 752|OWNERPARTID= -42|OWNERINDEX= 751|
RECORD=48|LINENO= 753|OWNERPARTID= -42|OWNERINDEX= 751|
RECORD=45|LINENO= 754|OWNERPARTID= -42|OWNERINDEX= 750|DATAFILECOUNT=1|ISCURRENT=T|MODELDATAFILEENTITY0=SB-tiny|MODELDATAFILEKIND0=PCBLib|MODELNAME=SB-tiny|MODELTYPE=PCBLIB|UNIQUEID=TKHOAWBA|
RECORD=46|LINENO= 755|OWNERPARTID= -42|OWNERINDEX= 754|
RECORD=48|LINENO= 756|OWNERPARTID= -42|OWNERINDEX= 754|
RECORD=45|LINENO= 757|OWNERPARTID= -42|OWNERINDEX= 750|DATAFILECOUNT=1|MODELDATAFILEENTITY0=SB-LARGE|MODELDATAFILEKIND0=PCBLib|MODELNAME=SB-LARGE|MODELTYPE=PCBLIB|UNIQUEID=RRALJXFO|
RECORD=46|LINENO= 758|OWNERPARTID= -42|OWNERINDEX= 757|
RECORD=48|LINENO= 759|OWNERPARTID= -42|OWNERINDEX= 757|
RECORD= 1|LINENO= 760|OWNERPARTID=   0|OWNERINDEX= -42|ALLPINCOUNT=2|AREACOLOR=11599871|COMPONENTDESCRIPTION=Solder Jumper|CURRENTPARTID=1|DESIGNITEMID=Strap2|DISPLAYMODECOUNT=1|LIBREFERENCE=Strap2|LOCATION.X=610|LOCATION.Y=480|NOTUSEDBTABLENAME=T|ORIENTATION=3|PARTCOUNT=2|PARTIDLOCKED=F|SOURCELIBRARYNAME=Passive.SchLib|TARGETFILENAME=*|UNIQUEID=KUOGECMY|
RECORD=41|LINENO= 761|OWNERPARTID=   0|OWNERINDEX= 760|FONTID=1|ISHIDDEN=T|LOCATION.X=594|LOCATION.Y=492|NAME=Published|TEXT=24-Mar-1999|UNIQUEID=NTIUNDOV|
RECORD=41|LINENO= 762|OWNERPARTID=   0|OWNERINDEX= 760|FONTID=1|ISHIDDEN=T|LOCATION.X=594|LOCATION.Y=492|NAME=Revision|TEXT=July-2002: Re-released for DXP Platform.|UNIQUEID=UBKKNPJT|
RECORD=41|LINENO= 763|OWNERPARTID=   0|OWNERINDEX= 760|FONTID=1|ISHIDDEN=T|LOCATION.X=594|LOCATION.Y=492|NAME=Publisher|TEXT=Altium Limited|UNIQUEID=FAFVCKEV|
RECORD=41|LINENO= 764|OWNERPARTID=   0|OWNERINDEX= 760|FONTID=1|ISHIDDEN=T|LOCATION.X=594|LOCATION.Y=492|NAME=Solder|TEXT=YES|UNIQUEID=TLBLOBDH|
RECORD= 2|LINENO= 765|OWNERPARTID=   2|OWNERINDEX= 760|DESIGNATOR=2|ELECTRICAL=4|FORMALTYPE=1|LOCATION.X=600|LOCATION.Y=480|NAME=2|PINCONGLOMERATE=33|PINLENGTH=10|
RECORD=41|LINENO= 766|OWNERPARTID=   0|OWNERINDEX= 765|FONTID=1|ISHIDDEN=T|LOCATION.X=600|LOCATION.Y=480|NAME=PinUniqueId|TEXT=LVNINKIP|UNIQUEID=XRBKNPMN|
RECORD= 2|LINENO= 767|OWNERPARTID=   2|OWNERINDEX= 760|DESIGNATOR=1|ELECTRICAL=4|FORMALTYPE=1|LOCATION.X=600|LOCATION.Y=460|NAME=1|PINCONGLOMERATE=35|PINLENGTH=10|
RECORD=41|LINENO= 768|OWNERPARTID=   0|OWNERINDEX= 767|FONTID=1|ISHIDDEN=T|LOCATION.X=600|LOCATION.Y=460|NAME=PinUniqueId|TEXT=YNIREFSH|UNIQUEID=KDJUVFOP|
RECORD= 7|LINENO= 769|OWNERPARTID=   2|OWNERINDEX= 760|AREACOLOR=65535|ISSOLID=T|LINEWIDTH=1|LOCATIONCOUNT=6|X1=600|X2=595|X3=595|X4=600|X5=605|X6=605|Y1=460|Y2=460|Y3=465|Y4=470|Y5=465|Y6=460|
RECORD= 7|LINENO= 770|OWNERPARTID=   2|OWNERINDEX= 760|AREACOLOR=65535|ISSOLID=T|LINEWIDTH=1|LOCATIONCOUNT=5|X1=605|X2=595|X3=595|X4=600|X5=605|Y1=480|Y2=480|Y3=469|Y4=474|Y5=469|
RECORD=34|LINENO= 771|OWNERPARTID=   0|OWNERINDEX= 760|FONTID=1|LOCATION.X=606|LOCATION.Y=471|NAME=Designator|TEXT=SB28|UNIQUEID=KPELTUPY|
RECORD=41|LINENO= 772|OWNERPARTID=   0|OWNERINDEX= 760|FONTID=1|LOCATION.X=606|LOCATION.Y=461|NAME=Comment|TEXT=Open|UNIQUEID=HDQFTPPX|
RECORD=44|LINENO= 773|OWNERPARTID= -42|OWNERINDEX= 760|
RECORD=45|LINENO= 774|OWNERPARTID= -42|OWNERINDEX= 773|DATAFILECOUNT=1|MODELDATAFILEENTITY0=SB|MODELDATAFILEKIND0=PCBLib|MODELNAME=SB|MODELTYPE=PCBLIB|UNIQUEID=TPQNEKJH|
RECORD=46|LINENO= 775|OWNERPARTID= -42|OWNERINDEX= 774|
RECORD=48|LINENO= 776|OWNERPARTID= -42|OWNERINDEX= 774|
RECORD=45|LINENO= 777|OWNERPARTID= -42|OWNERINDEX= 773|DATAFILECOUNT=1|ISCURRENT=T|MODELDATAFILEENTITY0=SB-tiny|MODELDATAFILEKIND0=PCBLib|MODELNAME=SB-tiny|MODELTYPE=PCBLIB|UNIQUEID=ARBQKHVS|
RECORD=46|LINENO= 778|OWNERPARTID= -42|OWNERINDEX= 777|
RECORD=48|LINENO= 779|OWNERPARTID= -42|OWNERINDEX= 777|
RECORD=45|LINENO= 780|OWNERPARTID= -42|OWNERINDEX= 773|DATAFILECOUNT=1|MODELDATAFILEENTITY0=SB-LARGE|MODELDATAFILEKIND0=PCBLib|MODELNAME=SB-LARGE|MODELTYPE=PCBLIB|UNIQUEID=PHBCYNFT|
RECORD=46|LINENO= 781|OWNERPARTID= -42|OWNERINDEX= 780|
RECORD=48|LINENO= 782|OWNERPARTID= -42|OWNERINDEX= 780|
RECORD= 1|LINENO= 783|OWNERPARTID=   0|OWNERINDEX= -42|ALLPINCOUNT=2|AREACOLOR=11599871|COMPONENTDESCRIPTION=Solder Jumper|CURRENTPARTID=1|DESIGNITEMID=Strap2|DISPLAYMODECOUNT=1|LIBREFERENCE=Strap2|LOCATION.X=190|LOCATION.Y=660|NOTUSEDBTABLENAME=T|ORIENTATION=3|PARTCOUNT=2|PARTIDLOCKED=F|SOURCELIBRARYNAME=Passive.SchLib|TARGETFILENAME=*|UNIQUEID=VKLUXRXS|
RECORD=41|LINENO= 784|OWNERPARTID=   0|OWNERINDEX= 783|FONTID=1|ISHIDDEN=T|LOCATION.X=174|LOCATION.Y=672|NAME=Published|TEXT=24-Mar-1999|UNIQUEID=IIAVHUFI|
RECORD=41|LINENO= 785|OWNERPARTID=   0|OWNERINDEX= 783|FONTID=1|ISHIDDEN=T|LOCATION.X=174|LOCATION.Y=672|NAME=Revision|TEXT=July-2002: Re-released for DXP Platform.|UNIQUEID=FAQSMVHO|
RECORD=41|LINENO= 786|OWNERPARTID=   0|OWNERINDEX= 783|FONTID=1|ISHIDDEN=T|LOCATION.X=174|LOCATION.Y=672|NAME=Publisher|TEXT=Altium Limited|UNIQUEID=UEDKXTLR|
RECORD=41|LINENO= 787|OWNERPARTID=   0|OWNERINDEX= 783|FONTID=1|ISHIDDEN=T|LOCATION.X=174|LOCATION.Y=672|NAME=Solder|TEXT=YES|UNIQUEID=VFKXAUDH|
RECORD= 2|LINENO= 788|OWNERPARTID=   2|OWNERINDEX= 783|DESIGNATOR=2|ELECTRICAL=4|FORMALTYPE=1|LOCATION.X=180|LOCATION.Y=660|NAME=2|PINCONGLOMERATE=33|PINLENGTH=10|
RECORD=41|LINENO= 789|OWNERPARTID=   0|OWNERINDEX= 788|FONTID=1|ISHIDDEN=T|LOCATION.X=180|LOCATION.Y=660|NAME=PinUniqueId|TEXT=IFLDOPYS|UNIQUEID=JYEICLWH|
RECORD= 2|LINENO= 790|OWNERPARTID=   2|OWNERINDEX= 783|DESIGNATOR=1|ELECTRICAL=4|FORMALTYPE=1|LOCATION.X=180|LOCATION.Y=640|NAME=1|PINCONGLOMERATE=35|PINLENGTH=10|
RECORD=41|LINENO= 791|OWNERPARTID=   0|OWNERINDEX= 790|FONTID=1|ISHIDDEN=T|LOCATION.X=180|LOCATION.Y=640|NAME=PinUniqueId|TEXT=WJDQLNPN|UNIQUEID=GHWPVEQX|
RECORD= 7|LINENO= 792|OWNERPARTID=   2|OWNERINDEX= 783|AREACOLOR=65535|ISSOLID=T|LINEWIDTH=1|LOCATIONCOUNT=6|X1=180|X2=175|X3=175|X4=180|X5=185|X6=185|Y1=640|Y2=640|Y3=645|Y4=650|Y5=645|Y6=640|
RECORD= 7|LINENO= 793|OWNERPARTID=   2|OWNERINDEX= 783|AREACOLOR=65535|ISSOLID=T|LINEWIDTH=1|LOCATIONCOUNT=5|X1=185|X2=175|X3=175|X4=180|X5=185|Y1=660|Y2=660|Y3=649|Y4=654|Y5=649|
RECORD=34|LINENO= 794|OWNERPARTID=   0|OWNERINDEX= 783|FONTID=1|LOCATION.X=186|LOCATION.Y=651|NAME=Designator|TEXT=SB24|UNIQUEID=IJUEGPVN|
RECORD=41|LINENO= 795|OWNERPARTID=   0|OWNERINDEX= 783|FONTID=1|LOCATION.X=186|LOCATION.Y=641|NAME=Comment|TEXT=Open|UNIQUEID=XYHAYYFW|
RECORD=44|LINENO= 796|OWNERPARTID= -42|OWNERINDEX= 783|
RECORD=45|LINENO= 797|OWNERPARTID= -42|OWNERINDEX= 796|DATAFILECOUNT=1|MODELDATAFILEENTITY0=SB|MODELDATAFILEKIND0=PCBLib|MODELNAME=SB|MODELTYPE=PCBLIB|UNIQUEID=WVCCXKUM|
RECORD=46|LINENO= 798|OWNERPARTID= -42|OWNERINDEX= 797|
RECORD=48|LINENO= 799|OWNERPARTID= -42|OWNERINDEX= 797|
RECORD=45|LINENO= 800|OWNERPARTID= -42|OWNERINDEX= 796|DATAFILECOUNT=1|ISCURRENT=T|MODELDATAFILEENTITY0=SB-tiny|MODELDATAFILEKIND0=PCBLib|MODELNAME=SB-tiny|MODELTYPE=PCBLIB|UNIQUEID=APWPHFFS|
RECORD=46|LINENO= 801|OWNERPARTID= -42|OWNERINDEX= 800|
RECORD=48|LINENO= 802|OWNERPARTID= -42|OWNERINDEX= 800|
RECORD=45|LINENO= 803|OWNERPARTID= -42|OWNERINDEX= 796|DATAFILECOUNT=1|MODELDATAFILEENTITY0=SB-LARGE|MODELDATAFILEKIND0=PCBLib|MODELNAME=SB-LARGE|MODELTYPE=PCBLIB|UNIQUEID=DAXWOQUM|
RECORD=46|LINENO= 804|OWNERPARTID= -42|OWNERINDEX= 803|
RECORD=48|LINENO= 805|OWNERPARTID= -42|OWNERINDEX= 803|
RECORD= 1|LINENO= 806|OWNERPARTID=   0|OWNERINDEX= -42|ALLPINCOUNT=2|AREACOLOR=11599871|CURRENTPARTID=1|DESIGNITEMID=HEADER_1X2|DISPLAYMODECOUNT=1|LIBREFERENCE=HEADER_1X2|LOCATION.X=940|LOCATION.Y=110|PARTCOUNT=2|PARTIDLOCKED=F|SOURCELIBRARYNAME=Connector.SchLib|TARGETFILENAME=*|UNIQUEID=VARBNIMI|
RECORD= 2|LINENO= 807|OWNERPARTID=   2|OWNERINDEX= 806|DESIGNATOR=1|ELECTRICAL=4|FORMALTYPE=1|LOCATION.X=910|LOCATION.Y=120|NAME=1|PINCONGLOMERATE=48|PINLENGTH=10|SWAPIDPIN=1|
RECORD=41|LINENO= 808|OWNERPARTID=   0|OWNERINDEX= 807|FONTID=1|ISHIDDEN=T|LOCATION.X=910|LOCATION.Y=120|NAME=PinUniqueId|TEXT=XXJUMRCP|UNIQUEID=YYWEWOII|
RECORD= 2|LINENO= 809|OWNERPARTID=   2|OWNERINDEX= 806|DESIGNATOR=2|ELECTRICAL=4|FORMALTYPE=1|LOCATION.X=910|LOCATION.Y=110|NAME=2|PINCONGLOMERATE=48|PINLENGTH=10|SWAPIDPIN=2|
RECORD=41|LINENO= 810|OWNERPARTID=   0|OWNERINDEX= 809|FONTID=1|ISHIDDEN=T|LOCATION.X=910|LOCATION.Y=110|NAME=PinUniqueId|TEXT=PRSREHSA|UNIQUEID=YFEPHCGD|
RECORD=12|LINENO= 811|OWNERPARTID=   2|OWNERINDEX= 806|ENDANGLE=360.000|LINEWIDTH=1|LOCATION.X=905|LOCATION.Y=110|RADIUS=3|
RECORD= 6|LINENO= 812|OWNERPARTID=   2|OWNERINDEX= 806|LINEWIDTH=1|LOCATIONCOUNT=4|X1=900|X2=910|X3=910|X4=900|Y1=125|Y2=125|Y3=105|Y4=105|
RECORD= 6|LINENO= 813|OWNERPARTID=   2|OWNERINDEX= 806|LINEWIDTH=1|LOCATIONCOUNT=2|X1=908|X2=910|Y1=110|Y2=110|
RECORD= 6|LINENO= 814|OWNERPARTID=   2|OWNERINDEX= 806|LINEWIDTH=1|LOCATIONCOUNT=2|X1=900|X2=900|Y1=125|Y2=105|
RECORD= 6|LINENO= 815|OWNERPARTID=   2|OWNERINDEX= 806|LINEWIDTH=1|LOCATIONCOUNT=2|X1=908|X2=910|Y1=120|Y2=120|
RECORD=12|LINENO= 816|OWNERPARTID=   2|OWNERINDEX= 806|ENDANGLE=360.000|LINEWIDTH=1|LOCATION.X=905|LOCATION.Y=120|RADIUS=3|
RECORD= 6|LINENO= 817|OWNERPARTID=   2|OWNERINDEX= 806|LINEWIDTH=1|LOCATIONCOUNT=6|X1=905|X2=902|X3=902|X4=908|X5=908|X6=905|Y1=123|Y2=123|Y3=117|Y4=117|Y5=123|Y6=123|
RECORD=34|LINENO= 818|OWNERPARTID=   0|OWNERINDEX= 806|FONTID=1|LOCATION.X=899|LOCATION.Y=94|NAME=Designator|TEXT=CN11|UNIQUEID=BYUDUBSO|
RECORD=41|LINENO= 819|OWNERPARTID=   0|OWNERINDEX= 806|FONTID=1|ISHIDDEN=T|LOCATION.X=899|LOCATION.Y=94|NAME=Comment|TEXT=HEADER_1X2|UNIQUEID=XPXKDEQW|
RECORD=44|LINENO= 820|OWNERPARTID= -42|OWNERINDEX= 806|
RECORD=45|LINENO= 821|OWNERPARTID= -42|OWNERINDEX= 820|DATAFILECOUNT=1|DESCRIPTION=1x2x2.54 Header TH V Male|ISCURRENT=T|MODELDATAFILEENTITY0=Header M 1x2x2.54 TH V|MODELDATAFILEKIND0=PCBLib|MODELNAME=Header M 1x2x2.54 TH V|MODELTYPE=PCBLIB|UNIQUEID=EDXUCDBW|
RECORD=46|LINENO= 822|OWNERPARTID= -42|OWNERINDEX= 821|
RECORD=48|LINENO= 823|OWNERPARTID= -42|OWNERINDEX= 821|
RECORD=45|LINENO= 824|OWNERPARTID= -42|OWNERINDEX= 820|DATAFILECOUNT=1|DESCRIPTION=1x2x2.54 Header TH V Female|MODELDATAFILEENTITY0=Header F 1x2x2.54 TH V|MODELDATAFILEKIND0=PCBLib|MODELNAME=Header F 1x2x2.54 TH V|MODELTYPE=PCBLIB|UNIQUEID=LSVLDBII|
RECORD=46|LINENO= 825|OWNERPARTID= -42|OWNERINDEX= 824|
RECORD=48|LINENO= 826|OWNERPARTID= -42|OWNERINDEX= 824|
RECORD=45|LINENO= 827|OWNERPARTID= -42|OWNERINDEX= 820|DATAFILECOUNT=1|DESCRIPTION=1x2x1.27 Male or Female Not Fitted only Footprint|MODELDATAFILEENTITY0=Header M/F 1x2x1.27 NF|MODELDATAFILEKIND0=PCBLib|MODELNAME=Header M/F 1x2x1.27 NF|MODELTYPE=PCBLIB|UNIQUEID=QXUGOXOB|
RECORD=46|LINENO= 828|OWNERPARTID= -42|OWNERINDEX= 827|
RECORD=48|LINENO= 829|OWNERPARTID= -42|OWNERINDEX= 827|
RECORD=45|LINENO= 830|OWNERPARTID= -42|OWNERINDEX= 820|DATAFILECOUNT=1|DESCRIPTION=1x2x2.00 Header TH V Male height=5.5mm|MODELDATAFILEENTITY0=Header F 1x2x2.00 TH V|MODELDATAFILEKIND0=PCBLib|MODELNAME=Header F 1x2x2.00 TH V|MODELTYPE=PCBLIB|UNIQUEID=MTVDEXGN|
RECORD=46|LINENO= 831|OWNERPARTID= -42|OWNERINDEX= 830|
RECORD=48|LINENO= 832|OWNERPARTID= -42|OWNERINDEX= 830|
RECORD=45|LINENO= 833|OWNERPARTID= -42|OWNERINDEX= 820|DATAFILECOUNT=1|DESCRIPTION=1x2x2.00 Header TH V Male height=5.5mm|MODELDATAFILEENTITY0=Header F 1x2x2.00 TH V with Jumper|MODELDATAFILEKIND0=PCBLib|MODELNAME=Header F 1x2x2.00 TH V with Jumper|MODELTYPE=PCBLIB|UNIQUEID=GFRIIORQ|
RECORD=46|LINENO= 834|OWNERPARTID= -42|OWNERINDEX= 833|
RECORD=48|LINENO= 835|OWNERPARTID= -42|OWNERINDEX= 833|
RECORD=45|LINENO= 836|OWNERPARTID= -42|OWNERINDEX= 820|DATAFILECOUNT=1|DESCRIPTION=1x2x2.54 Header TH Not Fitted|MODELDATAFILEENTITY0=Header NF 1x2x2.54 TH|MODELDATAFILEKIND0=PCBLib|MODELNAME=Header NF 1x2x2.54 TH|MODELTYPE=PCBLIB|UNIQUEID=DMJRHTOL|
RECORD=46|LINENO= 837|OWNERPARTID= -42|OWNERINDEX= 836|
RECORD=48|LINENO= 838|OWNERPARTID= -42|OWNERINDEX= 836|
RECORD= 1|LINENO= 839|OWNERPARTID=   0|OWNERINDEX= -42|ALLPINCOUNT=2|AREACOLOR=11599871|CURRENTPARTID=1|DESIGNITEMID=HEADER_1X2|DISPLAYMODECOUNT=1|LIBREFERENCE=HEADER_1X2|LOCATION.X=1070|LOCATION.Y=110|PARTCOUNT=2|PARTIDLOCKED=F|SOURCELIBRARYNAME=Connector.SchLib|TARGETFILENAME=*|UNIQUEID=TOJCTPRQ|
RECORD= 2|LINENO= 840|OWNERPARTID=   2|OWNERINDEX= 839|DESIGNATOR=1|ELECTRICAL=4|FORMALTYPE=1|LOCATION.X=1040|LOCATION.Y=120|NAME=1|PINCONGLOMERATE=48|PINLENGTH=10|SWAPIDPIN=1|
RECORD=41|LINENO= 841|OWNERPARTID=   0|OWNERINDEX= 840|FONTID=1|ISHIDDEN=T|LOCATION.X=1040|LOCATION.Y=120|NAME=PinUniqueId|TEXT=FGHNNKQD|UNIQUEID=XXFOCWVI|
RECORD= 2|LINENO= 842|OWNERPARTID=   2|OWNERINDEX= 839|DESIGNATOR=2|ELECTRICAL=4|FORMALTYPE=1|LOCATION.X=1040|LOCATION.Y=110|NAME=2|PINCONGLOMERATE=48|PINLENGTH=10|SWAPIDPIN=2|
RECORD=41|LINENO= 843|OWNERPARTID=   0|OWNERINDEX= 842|FONTID=1|ISHIDDEN=T|LOCATION.X=1040|LOCATION.Y=110|NAME=PinUniqueId|TEXT=FGQOXCKP|UNIQUEID=YYMQUDOI|
RECORD=12|LINENO= 844|OWNERPARTID=   2|OWNERINDEX= 839|ENDANGLE=360.000|LINEWIDTH=1|LOCATION.X=1035|LOCATION.Y=110|RADIUS=3|
RECORD= 6|LINENO= 845|OWNERPARTID=   2|OWNERINDEX= 839|LINEWIDTH=1|LOCATIONCOUNT=4|X1=1030|X2=1040|X3=1040|X4=1030|Y1=125|Y2=125|Y3=105|Y4=105|
RECORD= 6|LINENO= 846|OWNERPARTID=   2|OWNERINDEX= 839|LINEWIDTH=1|LOCATIONCOUNT=2|X1=1038|X2=1040|Y1=110|Y2=110|
RECORD= 6|LINENO= 847|OWNERPARTID=   2|OWNERINDEX= 839|LINEWIDTH=1|LOCATIONCOUNT=2|X1=1030|X2=1030|Y1=125|Y2=105|
RECORD= 6|LINENO= 848|OWNERPARTID=   2|OWNERINDEX= 839|LINEWIDTH=1|LOCATIONCOUNT=2|X1=1038|X2=1040|Y1=120|Y2=120|
RECORD=12|LINENO= 849|OWNERPARTID=   2|OWNERINDEX= 839|ENDANGLE=360.000|LINEWIDTH=1|LOCATION.X=1035|LOCATION.Y=120|RADIUS=3|
RECORD= 6|LINENO= 850|OWNERPARTID=   2|OWNERINDEX= 839|LINEWIDTH=1|LOCATIONCOUNT=6|X1=1035|X2=1032|X3=1032|X4=1038|X5=1038|X6=1035|Y1=123|Y2=123|Y3=117|Y4=117|Y5=123|Y6=123|
RECORD=34|LINENO= 851|OWNERPARTID=   0|OWNERINDEX= 839|FONTID=1|LOCATION.X=1029|LOCATION.Y=94|NAME=Designator|TEXT=CN12|UNIQUEID=RGBUDVFI|
RECORD=41|LINENO= 852|OWNERPARTID=   0|OWNERINDEX= 839|FONTID=1|ISHIDDEN=T|LOCATION.X=1029|LOCATION.Y=94|NAME=Comment|TEXT=HEADER_1X2|UNIQUEID=ILQDPYHF|
RECORD=44|LINENO= 853|OWNERPARTID= -42|OWNERINDEX= 839|
RECORD=45|LINENO= 854|OWNERPARTID= -42|OWNERINDEX= 853|DATAFILECOUNT=1|DESCRIPTION=1x2x2.54 Header TH V Male|ISCURRENT=T|MODELDATAFILEENTITY0=Header M 1x2x2.54 TH V|MODELDATAFILEKIND0=PCBLib|MODELNAME=Header M 1x2x2.54 TH V|MODELTYPE=PCBLIB|UNIQUEID=MGEFNETE|
RECORD=46|LINENO= 855|OWNERPARTID= -42|OWNERINDEX= 854|
RECORD=48|LINENO= 856|OWNERPARTID= -42|OWNERINDEX= 854|
RECORD=45|LINENO= 857|OWNERPARTID= -42|OWNERINDEX= 853|DATAFILECOUNT=1|DESCRIPTION=1x2x2.54 Header TH V Female|MODELDATAFILEENTITY0=Header F 1x2x2.54 TH V|MODELDATAFILEKIND0=PCBLib|MODELNAME=Header F 1x2x2.54 TH V|MODELTYPE=PCBLIB|UNIQUEID=RJIIPFYQ|
RECORD=46|LINENO= 858|OWNERPARTID= -42|OWNERINDEX= 857|
RECORD=48|LINENO= 859|OWNERPARTID= -42|OWNERINDEX= 857|
RECORD=45|LINENO= 860|OWNERPARTID= -42|OWNERINDEX= 853|DATAFILECOUNT=1|DESCRIPTION=1x2x1.27 Male or Female Not Fitted only Footprint|MODELDATAFILEENTITY0=Header M/F 1x2x1.27 NF|MODELDATAFILEKIND0=PCBLib|MODELNAME=Header M/F 1x2x1.27 NF|MODELTYPE=PCBLIB|UNIQUEID=FKADMVJQ|
RECORD=46|LINENO= 861|OWNERPARTID= -42|OWNERINDEX= 860|
RECORD=48|LINENO= 862|OWNERPARTID= -42|OWNERINDEX= 860|
RECORD=45|LINENO= 863|OWNERPARTID= -42|OWNERINDEX= 853|DATAFILECOUNT=1|DESCRIPTION=1x2x2.00 Header TH V Male height=5.5mm|MODELDATAFILEENTITY0=Header F 1x2x2.00 TH V|MODELDATAFILEKIND0=PCBLib|MODELNAME=Header F 1x2x2.00 TH V|MODELTYPE=PCBLIB|UNIQUEID=UDILCMKG|
RECORD=46|LINENO= 864|OWNERPARTID= -42|OWNERINDEX= 863|
RECORD=48|LINENO= 865|OWNERPARTID= -42|OWNERINDEX= 863|
RECORD=45|LINENO= 866|OWNERPARTID= -42|OWNERINDEX= 853|DATAFILECOUNT=1|DESCRIPTION=1x2x2.00 Header TH V Male height=5.5mm|MODELDATAFILEENTITY0=Header F 1x2x2.00 TH V with Jumper|MODELDATAFILEKIND0=PCBLib|MODELNAME=Header F 1x2x2.00 TH V with Jumper|MODELTYPE=PCBLIB|UNIQUEID=EAEJOCRC|
RECORD=46|LINENO= 867|OWNERPARTID= -42|OWNERINDEX= 866|
RECORD=48|LINENO= 868|OWNERPARTID= -42|OWNERINDEX= 866|
RECORD=45|LINENO= 869|OWNERPARTID= -42|OWNERINDEX= 853|DATAFILECOUNT=1|DESCRIPTION=1x2x2.54 Header TH Not Fitted|MODELDATAFILEENTITY0=Header NF 1x2x2.54 TH|MODELDATAFILEKIND0=PCBLib|MODELNAME=Header NF 1x2x2.54 TH|MODELTYPE=PCBLIB|UNIQUEID=SEBABLVP|
RECORD=46|LINENO= 870|OWNERPARTID= -42|OWNERINDEX= 869|
RECORD=48|LINENO= 871|OWNERPARTID= -42|OWNERINDEX= 869|
RECORD=17|LINENO= 872|OWNERPARTID=   0|OWNERINDEX= -42|FONTID=1|LOCATION.X=940|LOCATION.Y=110|SHOWNETNAME=T|STYLE=1|TEXT=GND|UNIQUEID=QYBORACC|
RECORD=17|LINENO= 873|OWNERPARTID=   0|OWNERINDEX= -42|FONTID=1|LOCATION.X=1070|LOCATION.Y=110|SHOWNETNAME=T|STYLE=1|TEXT=GND|UNIQUEID=FWVNWMXF|
RECORD=17|LINENO= 874|OWNERPARTID=   0|OWNERINDEX= -42|FONTID=2|LOCATION.X=430|LOCATION.Y=470|ORIENTATION=3|SHOWNETNAME=T|STYLE=1|TEXT=GND|UNIQUEID=EAWFHBPQ|
RECORD=17|LINENO= 875|OWNERPARTID=   0|OWNERINDEX= -42|FONTID=2|LOCATION.X=250|LOCATION.Y=560|ORIENTATION=3|SHOWNETNAME=T|STYLE=1|TEXT=GND|UNIQUEID=RRYLHIOL|
RECORD= 1|LINENO= 876|OWNERPARTID=   0|OWNERINDEX= -42|ALLPINCOUNT=2|AREACOLOR=11599871|COMPONENTDESCRIPTION=Capacitor_not polarized|CURRENTPARTID=1|DESIGNITEMID=CAP_NPOL|DISPLAYMODECOUNT=1|LIBREFERENCE=CAP_NPOL|LOCATION.X=100|LOCATION.Y=230|PARTCOUNT=2|PARTIDLOCKED=F|SOURCELIBRARYNAME=ST_Lib3D.SchLib|TARGETFILENAME=*|UNIQUEID=BBABDSML|
RECORD= 2|LINENO= 877|OWNERPARTID=   2|OWNERINDEX= 876|%UTF8%SWAPIDPART=Â¦&Â¦|DESIGNATOR=2|ELECTRICAL=4|FORMALTYPE=1|LOCATION.X=110|LOCATION.Y=217|NAME=2|PINCONGLOMERATE=35|PINLENGTH=7|SWAPIDPART=Ž&Ž|SWAPIDPIN=2|
RECORD=41|LINENO= 878|OWNERPARTID=   0|OWNERINDEX= 877|FONTID=1|ISHIDDEN=T|LOCATION.X=110|LOCATION.Y=217|NAME=PinUniqueId|TEXT=QFJURPRF|UNIQUEID=MYSTWAHF|
RECORD= 2|LINENO= 879|OWNERPARTID=   2|OWNERINDEX= 876|%UTF8%SWAPIDPART=Â¦&Â¦|DESIGNATOR=1|ELECTRICAL=4|FORMALTYPE=1|LOCATION.X=110|LOCATION.Y=224|NAME=1|PINCONGLOMERATE=33|PINLENGTH=6|SWAPIDPART=Ž&Ž|SWAPIDPIN=1|
RECORD=41|LINENO= 880|OWNERPARTID=   0|OWNERINDEX= 879|FONTID=1|ISHIDDEN=T|LOCATION.X=110|LOCATION.Y=224|NAME=PinUniqueId|TEXT=MEAGNWPL|UNIQUEID=NFNXIXEH|
RECORD= 6|LINENO= 881|OWNERPARTID=   2|OWNERINDEX= 876|LINEWIDTH=1|LOCATIONCOUNT=6|X1=110|X2=117|X3=117|X4=103|X5=103|X6=110|Y1=224|Y2=224|Y3=222|Y4=222|Y5=224|Y6=224|
RECORD= 6|LINENO= 882|OWNERPARTID=   2|OWNERINDEX= 876|LINEWIDTH=1|LOCATIONCOUNT=6|X1=110|X2=117|X3=117|X4=103|X5=103|X6=110|Y1=219|Y2=219|Y3=217|Y4=217|Y5=219|Y6=219|
RECORD= 6|LINENO= 883|OWNERPARTID=   2|OWNERINDEX= 876|LINEWIDTH=2|LOCATIONCOUNT=2|X1=116|X2=104|Y1=223|Y2=223|
RECORD= 6|LINENO= 884|OWNERPARTID=   2|OWNERINDEX= 876|LINEWIDTH=2|LOCATIONCOUNT=2|X1=104|X2=116|Y1=218|Y2=218|
RECORD=34|LINENO= 885|OWNERPARTID=   0|OWNERINDEX= 876|FONTID=1|LOCATION.X=119|LOCATION.Y=216|NAME=Designator|TEXT=C24|UNIQUEID=WCRQOVNG|
RECORD=41|LINENO= 886|OWNERPARTID=   0|OWNERINDEX= 876|FONTID=1|LOCATION.X=113|LOCATION.Y=206|NAME=Comment|TEXT=100nF|UNIQUEID=EAATQLPR|
RECORD=44|LINENO= 887|OWNERPARTID= -42|OWNERINDEX= 876|
RECORD=45|LINENO= 888|OWNERPARTID= -42|OWNERINDEX= 887|DATAFILECOUNT=1|DESCRIPTION=Radial Capacitor 2steps(5.08mm) 2.5mm x 7mm|MODELDATAFILEENTITY0=CAP_RAD_5.08_2.5x7|MODELDATAFILEKIND0=PCBLib|MODELNAME=CAP_RAD_5.08_2.5x7|MODELTYPE=PCBLIB|UNIQUEID=DHRFKNPD|
RECORD=46|LINENO= 889|OWNERPARTID= -42|OWNERINDEX= 888|
RECORD=48|LINENO= 890|OWNERPARTID= -42|OWNERINDEX= 888|
RECORD=45|LINENO= 891|OWNERPARTID= -42|OWNERINDEX= 887|DATAFILECOUNT=1|DESCRIPTION=Radial Capacitor 1steps(2.54mm) 1.5mm x 4.5mm|MODELDATAFILEENTITY0=CAP_RAD_2.54_1.5x4.5|MODELDATAFILEKIND0=PCBLib|MODELNAME=CAP_RAD_2.54_1.5x4.5|MODELTYPE=PCBLIB|UNIQUEID=SXWFKORS|
RECORD=46|LINENO= 892|OWNERPARTID= -42|OWNERINDEX= 891|
RECORD=48|LINENO= 893|OWNERPARTID= -42|OWNERINDEX= 891|
RECORD=45|LINENO= 894|OWNERPARTID= -42|OWNERINDEX= 887|DATAFILECOUNT=1|DESCRIPTION=Capacitor FootPrint 0402|ISCURRENT=T|MODELDATAFILEENTITY0=0402_CAP_NPOL|MODELDATAFILEKIND0=PCBLib|MODELNAME=0402_CAP_NPOL|MODELTYPE=PCBLIB|UNIQUEID=QWSKSANR|
RECORD=46|LINENO= 895|OWNERPARTID= -42|OWNERINDEX= 894|
RECORD=48|LINENO= 896|OWNERPARTID= -42|OWNERINDEX= 894|
RECORD=45|LINENO= 897|OWNERPARTID= -42|OWNERINDEX= 887|DATAFILECOUNT=1|DESCRIPTION=Capacitor FootPrint 0603|MODELDATAFILEENTITY0=0603_CAP_NPOL|MODELDATAFILEKIND0=PCBLib|MODELNAME=0603_CAP_NPOL|MODELTYPE=PCBLIB|UNIQUEID=PQCLXJKE|
RECORD=46|LINENO= 898|OWNERPARTID= -42|OWNERINDEX= 897|
RECORD=48|LINENO= 899|OWNERPARTID= -42|OWNERINDEX= 897|
RECORD=45|LINENO= 900|OWNERPARTID= -42|OWNERINDEX= 887|DATAFILECOUNT=1|DESCRIPTION=Capacitor FootPrint 0805|MODELDATAFILEENTITY0=0805_CAP_NPOL|MODELDATAFILEKIND0=PCBLib|MODELNAME=0805_CAP_NPOL|MODELTYPE=PCBLIB|UNIQUEID=YPQDWKLD|
RECORD=46|LINENO= 901|OWNERPARTID= -42|OWNERINDEX= 900|
RECORD=48|LINENO= 902|OWNERPARTID= -42|OWNERINDEX= 900|
RECORD=45|LINENO= 903|OWNERPARTID= -42|OWNERINDEX= 887|DATAFILECOUNT=1|DESCRIPTION=Capacitor FootPrint 1206|MODELDATAFILEENTITY0=1206_CAP_NPOL|MODELDATAFILEKIND0=PCBLib|MODELNAME=1206_CAP_NPOL|MODELTYPE=PCBLIB|UNIQUEID=IWXUGGTN|
RECORD=46|LINENO= 904|OWNERPARTID= -42|OWNERINDEX= 903|
RECORD=48|LINENO= 905|OWNERPARTID= -42|OWNERINDEX= 903|
RECORD=17|LINENO= 906|OWNERPARTID=   0|OWNERINDEX= -42|FONTID=2|LOCATION.X=110|LOCATION.Y=210|ORIENTATION=3|SHOWNETNAME=T|STYLE=1|TEXT=GND|UNIQUEID=MRTABYLK|
RECORD= 1|LINENO= 907|OWNERPARTID=   0|OWNERINDEX= -42|ALLPINCOUNT=2|AREACOLOR=11599871|COMPONENTDESCRIPTION=Capacitor_not polarized|CURRENTPARTID=1|DESIGNITEMID=CAP_NPOL|DISPLAYMODECOUNT=1|LIBREFERENCE=CAP_NPOL|LOCATION.X=260|LOCATION.Y=670|PARTCOUNT=2|PARTIDLOCKED=F|SOURCELIBRARYNAME=ST_Lib3D.SchLib|TARGETFILENAME=*|UNIQUEID=QXTRIYYO|
RECORD= 2|LINENO= 908|OWNERPARTID=   2|OWNERINDEX= 907|%UTF8%SWAPIDPART=Â¦&Â¦|DESIGNATOR=2|ELECTRICAL=4|FORMALTYPE=1|LOCATION.X=270|LOCATION.Y=657|NAME=2|PINCONGLOMERATE=35|PINLENGTH=7|SWAPIDPART=Ž&Ž|SWAPIDPIN=2|
RECORD=41|LINENO= 909|OWNERPARTID=   0|OWNERINDEX= 908|FONTID=1|ISHIDDEN=T|LOCATION.X=270|LOCATION.Y=657|NAME=PinUniqueId|TEXT=UCPBXPTV|UNIQUEID=PGMERDJB|
RECORD= 2|LINENO= 910|OWNERPARTID=   2|OWNERINDEX= 907|%UTF8%SWAPIDPART=Â¦&Â¦|DESIGNATOR=1|ELECTRICAL=4|FORMALTYPE=1|LOCATION.X=270|LOCATION.Y=664|NAME=1|PINCONGLOMERATE=33|PINLENGTH=6|SWAPIDPART=Ž&Ž|SWAPIDPIN=1|
RECORD=41|LINENO= 911|OWNERPARTID=   0|OWNERINDEX= 910|FONTID=1|ISHIDDEN=T|LOCATION.X=270|LOCATION.Y=664|NAME=PinUniqueId|TEXT=EWSTKJRP|UNIQUEID=HHJUIFXG|
RECORD= 6|LINENO= 912|OWNERPARTID=   2|OWNERINDEX= 907|LINEWIDTH=1|LOCATIONCOUNT=6|X1=270|X2=277|X3=277|X4=263|X5=263|X6=270|Y1=664|Y2=664|Y3=662|Y4=662|Y5=664|Y6=664|
RECORD= 6|LINENO= 913|OWNERPARTID=   2|OWNERINDEX= 907|LINEWIDTH=1|LOCATIONCOUNT=6|X1=270|X2=277|X3=277|X4=263|X5=263|X6=270|Y1=659|Y2=659|Y3=657|Y4=657|Y5=659|Y6=659|
RECORD= 6|LINENO= 914|OWNERPARTID=   2|OWNERINDEX= 907|LINEWIDTH=2|LOCATIONCOUNT=2|X1=276|X2=264|Y1=663|Y2=663|
RECORD= 6|LINENO= 915|OWNERPARTID=   2|OWNERINDEX= 907|LINEWIDTH=2|LOCATIONCOUNT=2|X1=264|X2=276|Y1=658|Y2=658|
RECORD=34|LINENO= 916|OWNERPARTID=   0|OWNERINDEX= 907|FONTID=1|LOCATION.X=279|LOCATION.Y=656|NAME=Designator|TEXT=C8|UNIQUEID=TROEHNTO|
RECORD=41|LINENO= 917|OWNERPARTID=   0|OWNERINDEX= 907|FONTID=1|LOCATION.X=273|LOCATION.Y=646|NAME=Comment|TEXT=100nF/25V|UNIQUEID=FIUWHOIL|
RECORD=44|LINENO= 918|OWNERPARTID= -42|OWNERINDEX= 907|
RECORD=45|LINENO= 919|OWNERPARTID= -42|OWNERINDEX= 918|DATAFILECOUNT=1|DESCRIPTION=Radial Capacitor 2steps(5.08mm) 2.5mm x 7mm|MODELDATAFILEENTITY0=CAP_RAD_5.08_2.5x7|MODELDATAFILEKIND0=PCBLib|MODELNAME=CAP_RAD_5.08_2.5x7|MODELTYPE=PCBLIB|UNIQUEID=YCLSIMNR|
RECORD=46|LINENO= 920|OWNERPARTID= -42|OWNERINDEX= 919|
RECORD=48|LINENO= 921|OWNERPARTID= -42|OWNERINDEX= 919|
RECORD=45|LINENO= 922|OWNERPARTID= -42|OWNERINDEX= 918|DATAFILECOUNT=1|DESCRIPTION=Radial Capacitor 1steps(2.54mm) 1.5mm x 4.5mm|MODELDATAFILEENTITY0=CAP_RAD_2.54_1.5x4.5|MODELDATAFILEKIND0=PCBLib|MODELNAME=CAP_RAD_2.54_1.5x4.5|MODELTYPE=PCBLIB|UNIQUEID=HYDKVMPV|
RECORD=46|LINENO= 923|OWNERPARTID= -42|OWNERINDEX= 922|
RECORD=48|LINENO= 924|OWNERPARTID= -42|OWNERINDEX= 922|
RECORD=45|LINENO= 925|OWNERPARTID= -42|OWNERINDEX= 918|DATAFILECOUNT=1|DESCRIPTION=Capacitor FootPrint 0402|ISCURRENT=T|MODELDATAFILEENTITY0=0402_CAP_NPOL|MODELDATAFILEKIND0=PCBLib|MODELNAME=0402_CAP_NPOL|MODELTYPE=PCBLIB|UNIQUEID=CIIHPXOI|
RECORD=46|LINENO= 926|OWNERPARTID= -42|OWNERINDEX= 925|
RECORD=48|LINENO= 927|OWNERPARTID= -42|OWNERINDEX= 925|
RECORD=45|LINENO= 928|OWNERPARTID= -42|OWNERINDEX= 918|DATAFILECOUNT=1|DESCRIPTION=Capacitor FootPrint 0603|MODELDATAFILEENTITY0=0603_CAP_NPOL|MODELDATAFILEKIND0=PCBLib|MODELNAME=0603_CAP_NPOL|MODELTYPE=PCBLIB|UNIQUEID=JWGMKYEB|
RECORD=46|LINENO= 929|OWNERPARTID= -42|OWNERINDEX= 928|
RECORD=48|LINENO= 930|OWNERPARTID= -42|OWNERINDEX= 928|
RECORD=45|LINENO= 931|OWNERPARTID= -42|OWNERINDEX= 918|DATAFILECOUNT=1|DESCRIPTION=Capacitor FootPrint 0805|MODELDATAFILEENTITY0=0805_CAP_NPOL|MODELDATAFILEKIND0=PCBLib|MODELNAME=0805_CAP_NPOL|MODELTYPE=PCBLIB|UNIQUEID=CURIHLBN|
RECORD=46|LINENO= 932|OWNERPARTID= -42|OWNERINDEX= 931|
RECORD=48|LINENO= 933|OWNERPARTID= -42|OWNERINDEX= 931|
RECORD=45|LINENO= 934|OWNERPARTID= -42|OWNERINDEX= 918|DATAFILECOUNT=1|DESCRIPTION=Capacitor FootPrint 1206|MODELDATAFILEENTITY0=1206_CAP_NPOL|MODELDATAFILEKIND0=PCBLib|MODELNAME=1206_CAP_NPOL|MODELTYPE=PCBLIB|UNIQUEID=QRWHMDUX|
RECORD=46|LINENO= 935|OWNERPARTID= -42|OWNERINDEX= 934|
RECORD=48|LINENO= 936|OWNERPARTID= -42|OWNERINDEX= 934|
RECORD=17|LINENO= 937|OWNERPARTID=   0|OWNERINDEX= -42|FONTID=2|LOCATION.X=270|LOCATION.Y=650|ORIENTATION=3|SHOWNETNAME=T|STYLE=1|TEXT=GND|UNIQUEID=RBGYLGTM|
RECORD= 1|LINENO= 938|OWNERPARTID=   0|OWNERINDEX= -42|ALLPINCOUNT=2|AREACOLOR=11599871|COMPONENTDESCRIPTION=Capacitor_not polarized|CURRENTPARTID=1|DESIGNITEMID=CAP_NPOL|DISPLAYMODECOUNT=1|LIBREFERENCE=CAP_NPOL|LOCATION.X=450|LOCATION.Y=590|PARTCOUNT=2|PARTIDLOCKED=F|SOURCELIBRARYNAME=ST_Lib3D.SchLib|TARGETFILENAME=*|UNIQUEID=PVQHGRWP|
RECORD= 2|LINENO= 939|OWNERPARTID=   2|OWNERINDEX= 938|%UTF8%SWAPIDPART=Â¦&Â¦|DESIGNATOR=2|ELECTRICAL=4|FORMALTYPE=1|LOCATION.X=460|LOCATION.Y=577|NAME=2|PINCONGLOMERATE=35|PINLENGTH=7|SWAPIDPART=Ž&Ž|SWAPIDPIN=2|
RECORD=41|LINENO= 940|OWNERPARTID=   0|OWNERINDEX= 939|FONTID=1|ISHIDDEN=T|LOCATION.X=460|LOCATION.Y=577|NAME=PinUniqueId|TEXT=XBBSYKOP|UNIQUEID=GHYFUNPP|
RECORD= 2|LINENO= 941|OWNERPARTID=   2|OWNERINDEX= 938|%UTF8%SWAPIDPART=Â¦&Â¦|DESIGNATOR=1|ELECTRICAL=4|FORMALTYPE=1|LOCATION.X=460|LOCATION.Y=584|NAME=1|PINCONGLOMERATE=33|PINLENGTH=6|SWAPIDPART=Ž&Ž|SWAPIDPIN=1|
RECORD=41|LINENO= 942|OWNERPARTID=   0|OWNERINDEX= 941|FONTID=1|ISHIDDEN=T|LOCATION.X=460|LOCATION.Y=584|NAME=PinUniqueId|TEXT=UDVBTIRX|UNIQUEID=SIOMGNWM|
RECORD= 6|LINENO= 943|OWNERPARTID=   2|OWNERINDEX= 938|LINEWIDTH=1|LOCATIONCOUNT=6|X1=460|X2=467|X3=467|X4=453|X5=453|X6=460|Y1=584|Y2=584|Y3=582|Y4=582|Y5=584|Y6=584|
RECORD= 6|LINENO= 944|OWNERPARTID=   2|OWNERINDEX= 938|LINEWIDTH=1|LOCATIONCOUNT=6|X1=460|X2=467|X3=467|X4=453|X5=453|X6=460|Y1=579|Y2=579|Y3=577|Y4=577|Y5=579|Y6=579|
RECORD= 6|LINENO= 945|OWNERPARTID=   2|OWNERINDEX= 938|LINEWIDTH=2|LOCATIONCOUNT=2|X1=466|X2=454|Y1=583|Y2=583|
RECORD= 6|LINENO= 946|OWNERPARTID=   2|OWNERINDEX= 938|LINEWIDTH=2|LOCATIONCOUNT=2|X1=454|X2=466|Y1=578|Y2=578|
RECORD=34|LINENO= 947|OWNERPARTID=   0|OWNERINDEX= 938|FONTID=1|LOCATION.X=469|LOCATION.Y=576|NAME=Designator|TEXT=C12|UNIQUEID=MOHRXRGI|
RECORD=41|LINENO= 948|OWNERPARTID=   0|OWNERINDEX= 938|FONTID=1|LOCATION.X=463|LOCATION.Y=566|NAME=Comment|TEXT=100nF|UNIQUEID=DUGXDOBT|
RECORD=44|LINENO= 949|OWNERPARTID= -42|OWNERINDEX= 938|
RECORD=45|LINENO= 950|OWNERPARTID= -42|OWNERINDEX= 949|DATAFILECOUNT=1|DESCRIPTION=Radial Capacitor 2steps(5.08mm) 2.5mm x 7mm|MODELDATAFILEENTITY0=CAP_RAD_5.08_2.5x7|MODELDATAFILEKIND0=PCBLib|MODELNAME=CAP_RAD_5.08_2.5x7|MODELTYPE=PCBLIB|UNIQUEID=EVJWUGRG|
RECORD=46|LINENO= 951|OWNERPARTID= -42|OWNERINDEX= 950|
RECORD=48|LINENO= 952|OWNERPARTID= -42|OWNERINDEX= 950|
RECORD=45|LINENO= 953|OWNERPARTID= -42|OWNERINDEX= 949|DATAFILECOUNT=1|DESCRIPTION=Radial Capacitor 1steps(2.54mm) 1.5mm x 4.5mm|MODELDATAFILEENTITY0=CAP_RAD_2.54_1.5x4.5|MODELDATAFILEKIND0=PCBLib|MODELNAME=CAP_RAD_2.54_1.5x4.5|MODELTYPE=PCBLIB|UNIQUEID=LYRXDLNE|
RECORD=46|LINENO= 954|OWNERPARTID= -42|OWNERINDEX= 953|
RECORD=48|LINENO= 955|OWNERPARTID= -42|OWNERINDEX= 953|
RECORD=45|LINENO= 956|OWNERPARTID= -42|OWNERINDEX= 949|DATAFILECOUNT=1|DESCRIPTION=Capacitor FootPrint 0402|ISCURRENT=T|MODELDATAFILEENTITY0=0402_CAP_NPOL|MODELDATAFILEKIND0=PCBLib|MODELNAME=0402_CAP_NPOL|MODELTYPE=PCBLIB|UNIQUEID=JHPXYHGF|
RECORD=46|LINENO= 957|OWNERPARTID= -42|OWNERINDEX= 956|
RECORD=48|LINENO= 958|OWNERPARTID= -42|OWNERINDEX= 956|
RECORD=45|LINENO= 959|OWNERPARTID= -42|OWNERINDEX= 949|DATAFILECOUNT=1|DESCRIPTION=Capacitor FootPrint 0603|MODELDATAFILEENTITY0=0603_CAP_NPOL|MODELDATAFILEKIND0=PCBLib|MODELNAME=0603_CAP_NPOL|MODELTYPE=PCBLIB|UNIQUEID=HMEPDHYD|
RECORD=46|LINENO= 960|OWNERPARTID= -42|OWNERINDEX= 959|
RECORD=48|LINENO= 961|OWNERPARTID= -42|OWNERINDEX= 959|
RECORD=45|LINENO= 962|OWNERPARTID= -42|OWNERINDEX= 949|DATAFILECOUNT=1|DESCRIPTION=Capacitor FootPrint 0805|MODELDATAFILEENTITY0=0805_CAP_NPOL|MODELDATAFILEKIND0=PCBLib|MODELNAME=0805_CAP_NPOL|MODELTYPE=PCBLIB|UNIQUEID=FRVJPNRL|
RECORD=46|LINENO= 963|OWNERPARTID= -42|OWNERINDEX= 962|
RECORD=48|LINENO= 964|OWNERPARTID= -42|OWNERINDEX= 962|
RECORD=45|LINENO= 965|OWNERPARTID= -42|OWNERINDEX= 949|DATAFILECOUNT=1|DESCRIPTION=Capacitor FootPrint 1206|MODELDATAFILEENTITY0=1206_CAP_NPOL|MODELDATAFILEKIND0=PCBLib|MODELNAME=1206_CAP_NPOL|MODELTYPE=PCBLIB|UNIQUEID=GFGSYFML|
RECORD=46|LINENO= 966|OWNERPARTID= -42|OWNERINDEX= 965|
RECORD=48|LINENO= 967|OWNERPARTID= -42|OWNERINDEX= 965|
RECORD=17|LINENO= 968|OWNERPARTID=   0|OWNERINDEX= -42|FONTID=2|LOCATION.X=460|LOCATION.Y=570|ORIENTATION=3|SHOWNETNAME=T|STYLE=1|TEXT=GND|UNIQUEID=YIVNVODU|
RECORD= 1|LINENO= 969|OWNERPARTID=   0|OWNERINDEX= -42|ALLPINCOUNT=2|AREACOLOR=11599871|COMPONENTDESCRIPTION=Capacitor_not polarized|CURRENTPARTID=1|DESIGNITEMID=CAP_NPOL|DISPLAYMODECOUNT=1|LIBREFERENCE=CAP_NPOL|LOCATION.X=750|LOCATION.Y=570|PARTCOUNT=2|PARTIDLOCKED=F|SOURCELIBRARYNAME=ST_Lib3D.SchLib|TARGETFILENAME=*|UNIQUEID=ALDNVCOE|
RECORD= 2|LINENO= 970|OWNERPARTID=   2|OWNERINDEX= 969|%UTF8%SWAPIDPART=Â¦&Â¦|DESIGNATOR=2|ELECTRICAL=4|FORMALTYPE=1|LOCATION.X=760|LOCATION.Y=557|NAME=2|PINCONGLOMERATE=35|PINLENGTH=7|SWAPIDPART=Ž&Ž|SWAPIDPIN=2|
RECORD=41|LINENO= 971|OWNERPARTID=   0|OWNERINDEX= 970|FONTID=1|ISHIDDEN=T|LOCATION.X=760|LOCATION.Y=557|NAME=PinUniqueId|TEXT=SIXBFFJP|UNIQUEID=VAXYSPCE|
RECORD= 2|LINENO= 972|OWNERPARTID=   2|OWNERINDEX= 969|%UTF8%SWAPIDPART=Â¦&Â¦|DESIGNATOR=1|ELECTRICAL=4|FORMALTYPE=1|LOCATION.X=760|LOCATION.Y=564|NAME=1|PINCONGLOMERATE=33|PINLENGTH=6|SWAPIDPART=Ž&Ž|SWAPIDPIN=1|
RECORD=41|LINENO= 973|OWNERPARTID=   0|OWNERINDEX= 972|FONTID=1|ISHIDDEN=T|LOCATION.X=760|LOCATION.Y=564|NAME=PinUniqueId|TEXT=FWRPGBQJ|UNIQUEID=KOVOYVID|
RECORD= 6|LINENO= 974|OWNERPARTID=   2|OWNERINDEX= 969|LINEWIDTH=1|LOCATIONCOUNT=6|X1=760|X2=767|X3=767|X4=753|X5=753|X6=760|Y1=564|Y2=564|Y3=562|Y4=562|Y5=564|Y6=564|
RECORD= 6|LINENO= 975|OWNERPARTID=   2|OWNERINDEX= 969|LINEWIDTH=1|LOCATIONCOUNT=6|X1=760|X2=767|X3=767|X4=753|X5=753|X6=760|Y1=559|Y2=559|Y3=557|Y4=557|Y5=559|Y6=559|
RECORD= 6|LINENO= 976|OWNERPARTID=   2|OWNERINDEX= 969|LINEWIDTH=2|LOCATIONCOUNT=2|X1=766|X2=754|Y1=563|Y2=563|
RECORD= 6|LINENO= 977|OWNERPARTID=   2|OWNERINDEX= 969|LINEWIDTH=2|LOCATIONCOUNT=2|X1=754|X2=766|Y1=558|Y2=558|
RECORD=34|LINENO= 978|OWNERPARTID=   0|OWNERINDEX= 969|FONTID=1|LOCATION.X=769|LOCATION.Y=556|NAME=Designator|TEXT=C14|UNIQUEID=ADOUAXEQ|
RECORD=41|LINENO= 979|OWNERPARTID=   0|OWNERINDEX= 969|FONTID=1|LOCATION.X=763|LOCATION.Y=546|NAME=Comment|TEXT=100nF|UNIQUEID=DEPACMIV|
RECORD=44|LINENO= 980|OWNERPARTID= -42|OWNERINDEX= 969|
RECORD=45|LINENO= 981|OWNERPARTID= -42|OWNERINDEX= 980|DATAFILECOUNT=1|DESCRIPTION=Radial Capacitor 2steps(5.08mm) 2.5mm x 7mm|MODELDATAFILEENTITY0=CAP_RAD_5.08_2.5x7|MODELDATAFILEKIND0=PCBLib|MODELNAME=CAP_RAD_5.08_2.5x7|MODELTYPE=PCBLIB|UNIQUEID=BEKJUCQL|
RECORD=46|LINENO= 982|OWNERPARTID= -42|OWNERINDEX= 981|
RECORD=48|LINENO= 983|OWNERPARTID= -42|OWNERINDEX= 981|
RECORD=45|LINENO= 984|OWNERPARTID= -42|OWNERINDEX= 980|DATAFILECOUNT=1|DESCRIPTION=Radial Capacitor 1steps(2.54mm) 1.5mm x 4.5mm|MODELDATAFILEENTITY0=CAP_RAD_2.54_1.5x4.5|MODELDATAFILEKIND0=PCBLib|MODELNAME=CAP_RAD_2.54_1.5x4.5|MODELTYPE=PCBLIB|UNIQUEID=RSBFHWYS|
RECORD=46|LINENO= 985|OWNERPARTID= -42|OWNERINDEX= 984|
RECORD=48|LINENO= 986|OWNERPARTID= -42|OWNERINDEX= 984|
RECORD=45|LINENO= 987|OWNERPARTID= -42|OWNERINDEX= 980|DATAFILECOUNT=1|DESCRIPTION=Capacitor FootPrint 0402|ISCURRENT=T|MODELDATAFILEENTITY0=0402_CAP_NPOL|MODELDATAFILEKIND0=PCBLib|MODELNAME=0402_CAP_NPOL|MODELTYPE=PCBLIB|UNIQUEID=BQMDGVGX|
RECORD=46|LINENO= 988|OWNERPARTID= -42|OWNERINDEX= 987|
RECORD=48|LINENO= 989|OWNERPARTID= -42|OWNERINDEX= 987|
RECORD=45|LINENO= 990|OWNERPARTID= -42|OWNERINDEX= 980|DATAFILECOUNT=1|DESCRIPTION=Capacitor FootPrint 0603|MODELDATAFILEENTITY0=0603_CAP_NPOL|MODELDATAFILEKIND0=PCBLib|MODELNAME=0603_CAP_NPOL|MODELTYPE=PCBLIB|UNIQUEID=IARIFQLO|
RECORD=46|LINENO= 991|OWNERPARTID= -42|OWNERINDEX= 990|
RECORD=48|LINENO= 992|OWNERPARTID= -42|OWNERINDEX= 990|
RECORD=45|LINENO= 993|OWNERPARTID= -42|OWNERINDEX= 980|DATAFILECOUNT=1|DESCRIPTION=Capacitor FootPrint 0805|MODELDATAFILEENTITY0=0805_CAP_NPOL|MODELDATAFILEKIND0=PCBLib|MODELNAME=0805_CAP_NPOL|MODELTYPE=PCBLIB|UNIQUEID=CKUCCVBK|
RECORD=46|LINENO= 994|OWNERPARTID= -42|OWNERINDEX= 993|
RECORD=48|LINENO= 995|OWNERPARTID= -42|OWNERINDEX= 993|
RECORD=45|LINENO= 996|OWNERPARTID= -42|OWNERINDEX= 980|DATAFILECOUNT=1|DESCRIPTION=Capacitor FootPrint 1206|MODELDATAFILEENTITY0=1206_CAP_NPOL|MODELDATAFILEKIND0=PCBLib|MODELNAME=1206_CAP_NPOL|MODELTYPE=PCBLIB|UNIQUEID=GBIREOGY|
RECORD=46|LINENO= 997|OWNERPARTID= -42|OWNERINDEX= 996|
RECORD=48|LINENO= 998|OWNERPARTID= -42|OWNERINDEX= 996|
RECORD=17|LINENO= 999|OWNERPARTID=   0|OWNERINDEX= -42|FONTID=2|LOCATION.X=760|LOCATION.Y=550|ORIENTATION=3|SHOWNETNAME=T|STYLE=1|TEXT=GND|UNIQUEID=XIBXABBT|
RECORD= 1|LINENO=1000|OWNERPARTID=   0|OWNERINDEX= -42|ALLPINCOUNT=2|AREACOLOR=11599871|COMPONENTDESCRIPTION=Capacitor_not polarized|CURRENTPARTID=1|DESIGNITEMID=CAP_NPOL|DISPLAYMODECOUNT=1|LIBREFERENCE=CAP_NPOL|LOCATION.X=960|LOCATION.Y=580|PARTCOUNT=2|PARTIDLOCKED=F|SOURCELIBRARYNAME=ST_Lib3D.SchLib|TARGETFILENAME=*|UNIQUEID=IAYIHVER|
RECORD= 2|LINENO=1001|OWNERPARTID=   2|OWNERINDEX=1000|%UTF8%SWAPIDPART=Â¦&Â¦|DESIGNATOR=2|ELECTRICAL=4|FORMALTYPE=1|LOCATION.X=970|LOCATION.Y=567|NAME=2|PINCONGLOMERATE=35|PINLENGTH=7|SWAPIDPART=Ž&Ž|SWAPIDPIN=2|
RECORD=41|LINENO=1002|OWNERPARTID=   0|OWNERINDEX=1001|FONTID=1|ISHIDDEN=T|LOCATION.X=970|LOCATION.Y=567|NAME=PinUniqueId|TEXT=QOUJOXRF|UNIQUEID=WBJVQYQC|
RECORD= 2|LINENO=1003|OWNERPARTID=   2|OWNERINDEX=1000|%UTF8%SWAPIDPART=Â¦&Â¦|DESIGNATOR=1|ELECTRICAL=4|FORMALTYPE=1|LOCATION.X=970|LOCATION.Y=574|NAME=1|PINCONGLOMERATE=33|PINLENGTH=6|SWAPIDPART=Ž&Ž|SWAPIDPIN=1|
RECORD=41|LINENO=1004|OWNERPARTID=   0|OWNERINDEX=1003|FONTID=1|ISHIDDEN=T|LOCATION.X=970|LOCATION.Y=574|NAME=PinUniqueId|TEXT=WJXIAOHY|UNIQUEID=POGXHLLT|
RECORD= 6|LINENO=1005|OWNERPARTID=   2|OWNERINDEX=1000|LINEWIDTH=1|LOCATIONCOUNT=6|X1=970|X2=977|X3=977|X4=963|X5=963|X6=970|Y1=574|Y2=574|Y3=572|Y4=572|Y5=574|Y6=574|
RECORD= 6|LINENO=1006|OWNERPARTID=   2|OWNERINDEX=1000|LINEWIDTH=1|LOCATIONCOUNT=6|X1=970|X2=977|X3=977|X4=963|X5=963|X6=970|Y1=569|Y2=569|Y3=567|Y4=567|Y5=569|Y6=569|
RECORD= 6|LINENO=1007|OWNERPARTID=   2|OWNERINDEX=1000|LINEWIDTH=2|LOCATIONCOUNT=2|X1=976|X2=964|Y1=573|Y2=573|
RECORD= 6|LINENO=1008|OWNERPARTID=   2|OWNERINDEX=1000|LINEWIDTH=2|LOCATIONCOUNT=2|X1=964|X2=976|Y1=568|Y2=568|
RECORD=34|LINENO=1009|OWNERPARTID=   0|OWNERINDEX=1000|FONTID=1|LOCATION.X=979|LOCATION.Y=566|NAME=Designator|TEXT=C16|UNIQUEID=LORUJTKV|
RECORD=41|LINENO=1010|OWNERPARTID=   0|OWNERINDEX=1000|FONTID=1|LOCATION.X=973|LOCATION.Y=556|NAME=Comment|TEXT=100nF|UNIQUEID=GWBULWWU|
RECORD=44|LINENO=1011|OWNERPARTID= -42|OWNERINDEX=1000|
RECORD=45|LINENO=1012|OWNERPARTID= -42|OWNERINDEX=1011|DATAFILECOUNT=1|DESCRIPTION=Radial Capacitor 2steps(5.08mm) 2.5mm x 7mm|MODELDATAFILEENTITY0=CAP_RAD_5.08_2.5x7|MODELDATAFILEKIND0=PCBLib|MODELNAME=CAP_RAD_5.08_2.5x7|MODELTYPE=PCBLIB|UNIQUEID=WKTHDGRO|
RECORD=46|LINENO=1013|OWNERPARTID= -42|OWNERINDEX=1012|
RECORD=48|LINENO=1014|OWNERPARTID= -42|OWNERINDEX=1012|
RECORD=45|LINENO=1015|OWNERPARTID= -42|OWNERINDEX=1011|DATAFILECOUNT=1|DESCRIPTION=Radial Capacitor 1steps(2.54mm) 1.5mm x 4.5mm|MODELDATAFILEENTITY0=CAP_RAD_2.54_1.5x4.5|MODELDATAFILEKIND0=PCBLib|MODELNAME=CAP_RAD_2.54_1.5x4.5|MODELTYPE=PCBLIB|UNIQUEID=MLUSNMCK|
RECORD=46|LINENO=1016|OWNERPARTID= -42|OWNERINDEX=1015|
RECORD=48|LINENO=1017|OWNERPARTID= -42|OWNERINDEX=1015|
RECORD=45|LINENO=1018|OWNERPARTID= -42|OWNERINDEX=1011|DATAFILECOUNT=1|DESCRIPTION=Capacitor FootPrint 0402|ISCURRENT=T|MODELDATAFILEENTITY0=0402_CAP_NPOL|MODELDATAFILEKIND0=PCBLib|MODELNAME=0402_CAP_NPOL|MODELTYPE=PCBLIB|UNIQUEID=FTHHKNIO|
RECORD=46|LINENO=1019|OWNERPARTID= -42|OWNERINDEX=1018|
RECORD=48|LINENO=1020|OWNERPARTID= -42|OWNERINDEX=1018|
RECORD=45|LINENO=1021|OWNERPARTID= -42|OWNERINDEX=1011|DATAFILECOUNT=1|DESCRIPTION=Capacitor FootPrint 0603|MODELDATAFILEENTITY0=0603_CAP_NPOL|MODELDATAFILEKIND0=PCBLib|MODELNAME=0603_CAP_NPOL|MODELTYPE=PCBLIB|UNIQUEID=BVHIAUKW|
RECORD=46|LINENO=1022|OWNERPARTID= -42|OWNERINDEX=1021|
RECORD=48|LINENO=1023|OWNERPARTID= -42|OWNERINDEX=1021|
RECORD=45|LINENO=1024|OWNERPARTID= -42|OWNERINDEX=1011|DATAFILECOUNT=1|DESCRIPTION=Capacitor FootPrint 0805|MODELDATAFILEENTITY0=0805_CAP_NPOL|MODELDATAFILEKIND0=PCBLib|MODELNAME=0805_CAP_NPOL|MODELTYPE=PCBLIB|UNIQUEID=EAKRDSYH|
RECORD=46|LINENO=1025|OWNERPARTID= -42|OWNERINDEX=1024|
RECORD=48|LINENO=1026|OWNERPARTID= -42|OWNERINDEX=1024|
RECORD=45|LINENO=1027|OWNERPARTID= -42|OWNERINDEX=1011|DATAFILECOUNT=1|DESCRIPTION=Capacitor FootPrint 1206|MODELDATAFILEENTITY0=1206_CAP_NPOL|MODELDATAFILEKIND0=PCBLib|MODELNAME=1206_CAP_NPOL|MODELTYPE=PCBLIB|UNIQUEID=QKFSRHUS|
RECORD=46|LINENO=1028|OWNERPARTID= -42|OWNERINDEX=1027|
RECORD=48|LINENO=1029|OWNERPARTID= -42|OWNERINDEX=1027|
RECORD= 1|LINENO=1030|OWNERPARTID=   0|OWNERINDEX= -42|ALLPINCOUNT=2|AREACOLOR=11599871|COMPONENTDESCRIPTION=Capacitor_not polarized|CURRENTPARTID=1|DESIGNITEMID=CAP_NPOL|DISPLAYMODECOUNT=1|LIBREFERENCE=CAP_NPOL|LOCATION.X=670|LOCATION.Y=570|PARTCOUNT=2|PARTIDLOCKED=F|SOURCELIBRARYNAME=ST_Lib3D.SchLib|TARGETFILENAME=*|UNIQUEID=RGVIQSLK|
RECORD= 2|LINENO=1031|OWNERPARTID=   2|OWNERINDEX=1030|%UTF8%SWAPIDPART=Â¦&Â¦|DESIGNATOR=2|ELECTRICAL=4|FORMALTYPE=1|LOCATION.X=680|LOCATION.Y=557|NAME=2|PINCONGLOMERATE=35|PINLENGTH=7|SWAPIDPART=Ž&Ž|SWAPIDPIN=2|
RECORD=41|LINENO=1032|OWNERPARTID=   0|OWNERINDEX=1031|FONTID=1|ISHIDDEN=T|LOCATION.X=680|LOCATION.Y=557|NAME=PinUniqueId|TEXT=OCSFCTMX|UNIQUEID=ATNGUWON|
RECORD= 2|LINENO=1033|OWNERPARTID=   2|OWNERINDEX=1030|%UTF8%SWAPIDPART=Â¦&Â¦|DESIGNATOR=1|ELECTRICAL=4|FORMALTYPE=1|LOCATION.X=680|LOCATION.Y=564|NAME=1|PINCONGLOMERATE=33|PINLENGTH=6|SWAPIDPART=Ž&Ž|SWAPIDPIN=1|
RECORD=41|LINENO=1034|OWNERPARTID=   0|OWNERINDEX=1033|FONTID=1|ISHIDDEN=T|LOCATION.X=680|LOCATION.Y=564|NAME=PinUniqueId|TEXT=DYWQNTWR|UNIQUEID=SGYEIFSB|
RECORD= 6|LINENO=1035|OWNERPARTID=   2|OWNERINDEX=1030|LINEWIDTH=1|LOCATIONCOUNT=6|X1=680|X2=687|X3=687|X4=673|X5=673|X6=680|Y1=564|Y2=564|Y3=562|Y4=562|Y5=564|Y6=564|
RECORD= 6|LINENO=1036|OWNERPARTID=   2|OWNERINDEX=1030|LINEWIDTH=1|LOCATIONCOUNT=6|X1=680|X2=687|X3=687|X4=673|X5=673|X6=680|Y1=559|Y2=559|Y3=557|Y4=557|Y5=559|Y6=559|
RECORD= 6|LINENO=1037|OWNERPARTID=   2|OWNERINDEX=1030|LINEWIDTH=2|LOCATIONCOUNT=2|X1=686|X2=674|Y1=563|Y2=563|
RECORD= 6|LINENO=1038|OWNERPARTID=   2|OWNERINDEX=1030|LINEWIDTH=2|LOCATIONCOUNT=2|X1=674|X2=686|Y1=558|Y2=558|
RECORD=34|LINENO=1039|OWNERPARTID=   0|OWNERINDEX=1030|FONTID=1|LOCATION.X=689|LOCATION.Y=556|NAME=Designator|TEXT=C15|UNIQUEID=PIEIJWIP|
RECORD=41|LINENO=1040|OWNERPARTID=   0|OWNERINDEX=1030|FONTID=1|LOCATION.X=683|LOCATION.Y=546|NAME=Comment|TEXT=1uF/X5R|UNIQUEID=ULOIDDXB|
RECORD=44|LINENO=1041|OWNERPARTID= -42|OWNERINDEX=1030|
RECORD=45|LINENO=1042|OWNERPARTID= -42|OWNERINDEX=1041|DATAFILECOUNT=1|DESCRIPTION=Radial Capacitor 2steps(5.08mm) 2.5mm x 7mm|MODELDATAFILEENTITY0=CAP_RAD_5.08_2.5x7|MODELDATAFILEKIND0=PCBLib|MODELNAME=CAP_RAD_5.08_2.5x7|MODELTYPE=PCBLIB|UNIQUEID=CHLIQTAU|
RECORD=46|LINENO=1043|OWNERPARTID= -42|OWNERINDEX=1042|
RECORD=48|LINENO=1044|OWNERPARTID= -42|OWNERINDEX=1042|
RECORD=45|LINENO=1045|OWNERPARTID= -42|OWNERINDEX=1041|DATAFILECOUNT=1|DESCRIPTION=Radial Capacitor 1steps(2.54mm) 1.5mm x 4.5mm|MODELDATAFILEENTITY0=CAP_RAD_2.54_1.5x4.5|MODELDATAFILEKIND0=PCBLib|MODELNAME=CAP_RAD_2.54_1.5x4.5|MODELTYPE=PCBLIB|UNIQUEID=IOAKKFKX|
RECORD=46|LINENO=1046|OWNERPARTID= -42|OWNERINDEX=1045|
RECORD=48|LINENO=1047|OWNERPARTID= -42|OWNERINDEX=1045|
RECORD=45|LINENO=1048|OWNERPARTID= -42|OWNERINDEX=1041|DATAFILECOUNT=1|DESCRIPTION=Capacitor FootPrint 0402|MODELDATAFILEENTITY0=0402_CAP_NPOL|MODELDATAFILEKIND0=PCBLib|MODELNAME=0402_CAP_NPOL|MODELTYPE=PCBLIB|UNIQUEID=MNQGGNOI|
RECORD=46|LINENO=1049|OWNERPARTID= -42|OWNERINDEX=1048|
RECORD=48|LINENO=1050|OWNERPARTID= -42|OWNERINDEX=1048|
RECORD=45|LINENO=1051|OWNERPARTID= -42|OWNERINDEX=1041|DATAFILECOUNT=1|DESCRIPTION=Capacitor FootPrint 0603|ISCURRENT=T|MODELDATAFILEENTITY0=0603_CAP_NPOL|MODELDATAFILEKIND0=PCBLib|MODELNAME=0603_CAP_NPOL|MODELTYPE=PCBLIB|UNIQUEID=YSWTQPSQ|
RECORD=46|LINENO=1052|OWNERPARTID= -42|OWNERINDEX=1051|
RECORD=48|LINENO=1053|OWNERPARTID= -42|OWNERINDEX=1051|
RECORD=45|LINENO=1054|OWNERPARTID= -42|OWNERINDEX=1041|DATAFILECOUNT=1|DESCRIPTION=Capacitor FootPrint 0805|MODELDATAFILEENTITY0=0805_CAP_NPOL|MODELDATAFILEKIND0=PCBLib|MODELNAME=0805_CAP_NPOL|MODELTYPE=PCBLIB|UNIQUEID=YMYDDRHL|
RECORD=46|LINENO=1055|OWNERPARTID= -42|OWNERINDEX=1054|
RECORD=48|LINENO=1056|OWNERPARTID= -42|OWNERINDEX=1054|
RECORD=45|LINENO=1057|OWNERPARTID= -42|OWNERINDEX=1041|DATAFILECOUNT=1|DESCRIPTION=Capacitor FootPrint 1206|MODELDATAFILEENTITY0=1206_CAP_NPOL|MODELDATAFILEKIND0=PCBLib|MODELNAME=1206_CAP_NPOL|MODELTYPE=PCBLIB|UNIQUEID=EUQDGVHY|
RECORD=46|LINENO=1058|OWNERPARTID= -42|OWNERINDEX=1057|
RECORD=48|LINENO=1059|OWNERPARTID= -42|OWNERINDEX=1057|
RECORD= 1|LINENO=1060|OWNERPARTID=   0|OWNERINDEX= -42|ALLPINCOUNT=2|AREACOLOR=11599871|COMPONENTDESCRIPTION=Resistor|CURRENTPARTID=1|DESIGNITEMID=RES|DISPLAYMODECOUNT=1|LIBREFERENCE=RES|LOCATION.X=640|LOCATION.Y=600|ORIENTATION=3|PARTCOUNT=2|PARTIDLOCKED=F|SOURCELIBRARYNAME=Lib3D_Altium10_Schlib.SchLib|TARGETFILENAME=*|UNIQUEID=BMECYIRV|
RECORD= 2|LINENO=1061|OWNERPARTID=   2|OWNERINDEX=1060|%UTF8%SWAPIDPART=Â¦&Â¦|DESIGNATOR=1|ELECTRICAL=4|FORMALTYPE=1|LOCATION.X=630|LOCATION.Y=600|NAME=1|PINCONGLOMERATE=33|PINLENGTH=10|SWAPIDPART=Ž&Ž|SWAPIDPIN=1|
RECORD=41|LINENO=1062|OWNERPARTID=   0|OWNERINDEX=1061|FONTID=1|ISHIDDEN=T|LOCATION.X=630|LOCATION.Y=600|NAME=PinUniqueId|TEXT=NTRIETOO|UNIQUEID=WRUHBHTF|
RECORD= 2|LINENO=1063|OWNERPARTID=   2|OWNERINDEX=1060|%UTF8%SWAPIDPART=Â¦&Â¦|DESIGNATOR=2|ELECTRICAL=4|FORMALTYPE=1|LOCATION.X=630|LOCATION.Y=580|NAME=2|PINCONGLOMERATE=35|PINLENGTH=10|SWAPIDPART=Ž&Ž|SWAPIDPIN=2|
RECORD=41|LINENO=1064|OWNERPARTID=   0|OWNERINDEX=1063|FONTID=1|ISHIDDEN=T|LOCATION.X=630|LOCATION.Y=580|NAME=PinUniqueId|TEXT=DWJWBCSN|UNIQUEID=PDIPYVJP|
RECORD=13|LINENO=1065|OWNERPARTID=   2|OWNERINDEX=1060|CORNER.X=625|CORNER.Y=580|LINEWIDTH=1|LOCATION.X=635|LOCATION.Y=580|
RECORD=13|LINENO=1066|OWNERPARTID=   2|OWNERINDEX=1060|CORNER.X=625|CORNER.Y=600|LINEWIDTH=1|LOCATION.X=635|LOCATION.Y=600|
RECORD=13|LINENO=1067|OWNERPARTID=   2|OWNERINDEX=1060|CORNER.X=625|CORNER.Y=580|LINEWIDTH=1|LOCATION.X=625|LOCATION.Y=600|
RECORD=13|LINENO=1068|OWNERPARTID=   2|OWNERINDEX=1060|CORNER.X=635|CORNER.Y=580|LINEWIDTH=1|LOCATION.X=635|LOCATION.Y=600|
RECORD=34|LINENO=1069|OWNERPARTID=   0|OWNERINDEX=1060|FONTID=1|LOCATION.X=636|LOCATION.Y=591|NAME=Designator|TEXT=R10|UNIQUEID=OCVAUPLQ|
RECORD=41|LINENO=1070|OWNERPARTID=   0|OWNERINDEX=1060|FONTID=1|LOCATION.X=636|LOCATION.Y=581|NAME=Comment|TEXT=1K|UNIQUEID=QYNFAHQE|
RECORD=44|LINENO=1071|OWNERPARTID= -42|OWNERINDEX=1060|
RECORD=45|LINENO=1072|OWNERPARTID= -42|OWNERINDEX=1071|DATAFILECOUNT=1|DESCRIPTION=Resistor Footprint 0603|MODELDATAFILEENTITY0=0603_RES|MODELDATAFILEKIND0=PCBLib|MODELNAME=0603_RES|MODELTYPE=PCBLIB|UNIQUEID=CDNMNKBC|
RECORD=46|LINENO=1073|OWNERPARTID= -42|OWNERINDEX=1072|
RECORD=48|LINENO=1074|OWNERPARTID= -42|OWNERINDEX=1072|
RECORD=45|LINENO=1075|OWNERPARTID= -42|OWNERINDEX=1071|DATAFILECOUNT=1|DESCRIPTION=Resistor FootPrint 0402|ISCURRENT=T|MODELDATAFILEENTITY0=0402_RES|MODELDATAFILEKIND0=PCBLib|MODELNAME=0402_RES|MODELTYPE=PCBLIB|UNIQUEID=MQNWBQXP|
RECORD=46|LINENO=1076|OWNERPARTID= -42|OWNERINDEX=1075|
RECORD=48|LINENO=1077|OWNERPARTID= -42|OWNERINDEX=1075|
RECORD= 1|LINENO=1078|OWNERPARTID=   0|OWNERINDEX= -42|ALLPINCOUNT=2|AREACOLOR=11599871|COMPONENTDESCRIPTION=Capacitor_not polarized|CURRENTPARTID=1|DESIGNITEMID=CAP_NPOL|DISPLAYMODECOUNT=1|LIBREFERENCE=CAP_NPOL|LOCATION.X=930|LOCATION.Y=600|PARTCOUNT=2|PARTIDLOCKED=F|SOURCELIBRARYNAME=ST_Lib3D.SchLib|TARGETFILENAME=*|UNIQUEID=IKELDDGY|
RECORD= 2|LINENO=1079|OWNERPARTID=   2|OWNERINDEX=1078|%UTF8%SWAPIDPART=Â¦&Â¦|DESIGNATOR=2|ELECTRICAL=4|FORMALTYPE=1|LOCATION.X=940|LOCATION.Y=587|NAME=2|PINCONGLOMERATE=35|PINLENGTH=7|SWAPIDPART=Ž&Ž|SWAPIDPIN=2|
RECORD=41|LINENO=1080|OWNERPARTID=   0|OWNERINDEX=1079|FONTID=1|ISHIDDEN=T|LOCATION.X=940|LOCATION.Y=587|NAME=PinUniqueId|TEXT=ALVSOPSV|UNIQUEID=ILQNCWLB|
RECORD= 2|LINENO=1081|OWNERPARTID=   2|OWNERINDEX=1078|%UTF8%SWAPIDPART=Â¦&Â¦|DESIGNATOR=1|ELECTRICAL=4|FORMALTYPE=1|LOCATION.X=940|LOCATION.Y=594|NAME=1|PINCONGLOMERATE=33|PINLENGTH=6|SWAPIDPART=Ž&Ž|SWAPIDPIN=1|
RECORD=41|LINENO=1082|OWNERPARTID=   0|OWNERINDEX=1081|FONTID=1|ISHIDDEN=T|LOCATION.X=940|LOCATION.Y=594|NAME=PinUniqueId|TEXT=MAQFMOPD|UNIQUEID=EOQRHBRO|
RECORD= 6|LINENO=1083|OWNERPARTID=   2|OWNERINDEX=1078|LINEWIDTH=1|LOCATIONCOUNT=6|X1=940|X2=947|X3=947|X4=933|X5=933|X6=940|Y1=594|Y2=594|Y3=592|Y4=592|Y5=594|Y6=594|
RECORD= 6|LINENO=1084|OWNERPARTID=   2|OWNERINDEX=1078|LINEWIDTH=1|LOCATIONCOUNT=6|X1=940|X2=947|X3=947|X4=933|X5=933|X6=940|Y1=589|Y2=589|Y3=587|Y4=587|Y5=589|Y6=589|
RECORD= 6|LINENO=1085|OWNERPARTID=   2|OWNERINDEX=1078|LINEWIDTH=2|LOCATIONCOUNT=2|X1=946|X2=934|Y1=593|Y2=593|
RECORD= 6|LINENO=1086|OWNERPARTID=   2|OWNERINDEX=1078|LINEWIDTH=2|LOCATIONCOUNT=2|X1=934|X2=946|Y1=588|Y2=588|
RECORD=34|LINENO=1087|OWNERPARTID=   0|OWNERINDEX=1078|FONTID=1|LOCATION.X=949|LOCATION.Y=586|NAME=Designator|TEXT=C13|UNIQUEID=YTYSFKGV|
RECORD=41|LINENO=1088|OWNERPARTID=   0|OWNERINDEX=1078|FONTID=2|LOCATION.X=930|LOCATION.Y=570|NAME=Comment|ORIENTATION=1|TEXT=1uF/X5R|UNIQUEID=QXNIYXIY|
RECORD=44|LINENO=1089|OWNERPARTID= -42|OWNERINDEX=1078|
RECORD=45|LINENO=1090|OWNERPARTID= -42|OWNERINDEX=1089|DATAFILECOUNT=1|DESCRIPTION=Radial Capacitor 2steps(5.08mm) 2.5mm x 7mm|MODELDATAFILEENTITY0=CAP_RAD_5.08_2.5x7|MODELDATAFILEKIND0=PCBLib|MODELNAME=CAP_RAD_5.08_2.5x7|MODELTYPE=PCBLIB|UNIQUEID=INKCGTDC|
RECORD=46|LINENO=1091|OWNERPARTID= -42|OWNERINDEX=1090|
RECORD=48|LINENO=1092|OWNERPARTID= -42|OWNERINDEX=1090|
RECORD=45|LINENO=1093|OWNERPARTID= -42|OWNERINDEX=1089|DATAFILECOUNT=1|DESCRIPTION=Radial Capacitor 1steps(2.54mm) 1.5mm x 4.5mm|MODELDATAFILEENTITY0=CAP_RAD_2.54_1.5x4.5|MODELDATAFILEKIND0=PCBLib|MODELNAME=CAP_RAD_2.54_1.5x4.5|MODELTYPE=PCBLIB|UNIQUEID=XTQSUMHS|
RECORD=46|LINENO=1094|OWNERPARTID= -42|OWNERINDEX=1093|
RECORD=48|LINENO=1095|OWNERPARTID= -42|OWNERINDEX=1093|
RECORD=45|LINENO=1096|OWNERPARTID= -42|OWNERINDEX=1089|DATAFILECOUNT=1|DESCRIPTION=Capacitor FootPrint 0402|MODELDATAFILEENTITY0=0402_CAP_NPOL|MODELDATAFILEKIND0=PCBLib|MODELNAME=0402_CAP_NPOL|MODELTYPE=PCBLIB|UNIQUEID=QTEMTFVY|
RECORD=46|LINENO=1097|OWNERPARTID= -42|OWNERINDEX=1096|
RECORD=48|LINENO=1098|OWNERPARTID= -42|OWNERINDEX=1096|
RECORD=45|LINENO=1099|OWNERPARTID= -42|OWNERINDEX=1089|DATAFILECOUNT=1|DESCRIPTION=Capacitor FootPrint 0603|ISCURRENT=T|MODELDATAFILEENTITY0=0603_CAP_NPOL|MODELDATAFILEKIND0=PCBLib|MODELNAME=0603_CAP_NPOL|MODELTYPE=PCBLIB|UNIQUEID=MRMEHGGR|
RECORD=46|LINENO=1100|OWNERPARTID= -42|OWNERINDEX=1099|
RECORD=48|LINENO=1101|OWNERPARTID= -42|OWNERINDEX=1099|
RECORD=45|LINENO=1102|OWNERPARTID= -42|OWNERINDEX=1089|DATAFILECOUNT=1|DESCRIPTION=Capacitor FootPrint 0805|MODELDATAFILEENTITY0=0805_CAP_NPOL|MODELDATAFILEKIND0=PCBLib|MODELNAME=0805_CAP_NPOL|MODELTYPE=PCBLIB|UNIQUEID=SSYXYSIF|
RECORD=46|LINENO=1103|OWNERPARTID= -42|OWNERINDEX=1102|
RECORD=48|LINENO=1104|OWNERPARTID= -42|OWNERINDEX=1102|
RECORD=45|LINENO=1105|OWNERPARTID= -42|OWNERINDEX=1089|DATAFILECOUNT=1|DESCRIPTION=Capacitor FootPrint 1206|MODELDATAFILEENTITY0=1206_CAP_NPOL|MODELDATAFILEKIND0=PCBLib|MODELNAME=1206_CAP_NPOL|MODELTYPE=PCBLIB|UNIQUEID=HMBUIDLH|
RECORD=46|LINENO=1106|OWNERPARTID= -42|OWNERINDEX=1105|
RECORD=48|LINENO=1107|OWNERPARTID= -42|OWNERINDEX=1105|
RECORD= 1|LINENO=1108|OWNERPARTID=   0|OWNERINDEX= -42|ALLPINCOUNT=2|AREACOLOR=11599871|COMPONENTDESCRIPTION=Capacitor_not polarized|CURRENTPARTID=1|DESIGNITEMID=CAP_NPOL|DISPLAYMODECOUNT=1|LIBREFERENCE=CAP_NPOL|LOCATION.X=890|LOCATION.Y=260|PARTCOUNT=2|PARTIDLOCKED=F|SOURCELIBRARYNAME=ST_Lib3D.SchLib|TARGETFILENAME=*|UNIQUEID=WDOXNLIS|
RECORD= 2|LINENO=1109|OWNERPARTID=   2|OWNERINDEX=1108|%UTF8%SWAPIDPART=Â¦&Â¦|DESIGNATOR=2|ELECTRICAL=4|FORMALTYPE=1|LOCATION.X=900|LOCATION.Y=247|NAME=2|PINCONGLOMERATE=35|PINLENGTH=7|SWAPIDPART=Ž&Ž|SWAPIDPIN=2|
RECORD=41|LINENO=1110|OWNERPARTID=   0|OWNERINDEX=1109|FONTID=1|ISHIDDEN=T|LOCATION.X=900|LOCATION.Y=247|NAME=PinUniqueId|TEXT=RNFKAHQM|UNIQUEID=TFONGQHT|
RECORD= 2|LINENO=1111|OWNERPARTID=   2|OWNERINDEX=1108|%UTF8%SWAPIDPART=Â¦&Â¦|DESIGNATOR=1|ELECTRICAL=4|FORMALTYPE=1|LOCATION.X=900|LOCATION.Y=254|NAME=1|PINCONGLOMERATE=33|PINLENGTH=6|SWAPIDPART=Ž&Ž|SWAPIDPIN=1|
RECORD=41|LINENO=1112|OWNERPARTID=   0|OWNERINDEX=1111|FONTID=1|ISHIDDEN=T|LOCATION.X=900|LOCATION.Y=254|NAME=PinUniqueId|TEXT=ATYQQHWS|UNIQUEID=OXGUXRRG|
RECORD= 6|LINENO=1113|OWNERPARTID=   2|OWNERINDEX=1108|LINEWIDTH=1|LOCATIONCOUNT=6|X1=900|X2=907|X3=907|X4=893|X5=893|X6=900|Y1=254|Y2=254|Y3=252|Y4=252|Y5=254|Y6=254|
RECORD= 6|LINENO=1114|OWNERPARTID=   2|OWNERINDEX=1108|LINEWIDTH=1|LOCATIONCOUNT=6|X1=900|X2=907|X3=907|X4=893|X5=893|X6=900|Y1=249|Y2=249|Y3=247|Y4=247|Y5=249|Y6=249|
RECORD= 6|LINENO=1115|OWNERPARTID=   2|OWNERINDEX=1108|LINEWIDTH=2|LOCATIONCOUNT=2|X1=906|X2=894|Y1=253|Y2=253|
RECORD= 6|LINENO=1116|OWNERPARTID=   2|OWNERINDEX=1108|LINEWIDTH=2|LOCATIONCOUNT=2|X1=894|X2=906|Y1=248|Y2=248|
RECORD=34|LINENO=1117|OWNERPARTID=   0|OWNERINDEX=1108|FONTID=1|LOCATION.X=909|LOCATION.Y=246|NAME=Designator|TEXT=C21|UNIQUEID=RJJRUMON|
RECORD=41|LINENO=1118|OWNERPARTID=   0|OWNERINDEX=1108|FONTID=2|LOCATION.X=890|LOCATION.Y=230|NAME=Comment|ORIENTATION=1|TEXT=1uF/X5R|UNIQUEID=IRHGIDCK|
RECORD=44|LINENO=1119|OWNERPARTID= -42|OWNERINDEX=1108|
RECORD=45|LINENO=1120|OWNERPARTID= -42|OWNERINDEX=1119|DATAFILECOUNT=1|DESCRIPTION=Radial Capacitor 2steps(5.08mm) 2.5mm x 7mm|MODELDATAFILEENTITY0=CAP_RAD_5.08_2.5x7|MODELDATAFILEKIND0=PCBLib|MODELNAME=CAP_RAD_5.08_2.5x7|MODELTYPE=PCBLIB|UNIQUEID=ALVDBHEN|
RECORD=46|LINENO=1121|OWNERPARTID= -42|OWNERINDEX=1120|
RECORD=48|LINENO=1122|OWNERPARTID= -42|OWNERINDEX=1120|
RECORD=45|LINENO=1123|OWNERPARTID= -42|OWNERINDEX=1119|DATAFILECOUNT=1|DESCRIPTION=Radial Capacitor 1steps(2.54mm) 1.5mm x 4.5mm|MODELDATAFILEENTITY0=CAP_RAD_2.54_1.5x4.5|MODELDATAFILEKIND0=PCBLib|MODELNAME=CAP_RAD_2.54_1.5x4.5|MODELTYPE=PCBLIB|UNIQUEID=GLWSLGMK|
RECORD=46|LINENO=1124|OWNERPARTID= -42|OWNERINDEX=1123|
RECORD=48|LINENO=1125|OWNERPARTID= -42|OWNERINDEX=1123|
RECORD=45|LINENO=1126|OWNERPARTID= -42|OWNERINDEX=1119|DATAFILECOUNT=1|DESCRIPTION=Capacitor FootPrint 0402|MODELDATAFILEENTITY0=0402_CAP_NPOL|MODELDATAFILEKIND0=PCBLib|MODELNAME=0402_CAP_NPOL|MODELTYPE=PCBLIB|UNIQUEID=KQUJWQIB|
RECORD=46|LINENO=1127|OWNERPARTID= -42|OWNERINDEX=1126|
RECORD=48|LINENO=1128|OWNERPARTID= -42|OWNERINDEX=1126|
RECORD=45|LINENO=1129|OWNERPARTID= -42|OWNERINDEX=1119|DATAFILECOUNT=1|DESCRIPTION=Capacitor FootPrint 0603|ISCURRENT=T|MODELDATAFILEENTITY0=0603_CAP_NPOL|MODELDATAFILEKIND0=PCBLib|MODELNAME=0603_CAP_NPOL|MODELTYPE=PCBLIB|UNIQUEID=DLHYYUUG|
RECORD=46|LINENO=1130|OWNERPARTID= -42|OWNERINDEX=1129|
RECORD=48|LINENO=1131|OWNERPARTID= -42|OWNERINDEX=1129|
RECORD=45|LINENO=1132|OWNERPARTID= -42|OWNERINDEX=1119|DATAFILECOUNT=1|DESCRIPTION=Capacitor FootPrint 0805|MODELDATAFILEENTITY0=0805_CAP_NPOL|MODELDATAFILEKIND0=PCBLib|MODELNAME=0805_CAP_NPOL|MODELTYPE=PCBLIB|UNIQUEID=PPHHQNVS|
RECORD=46|LINENO=1133|OWNERPARTID= -42|OWNERINDEX=1132|
RECORD=48|LINENO=1134|OWNERPARTID= -42|OWNERINDEX=1132|
RECORD=45|LINENO=1135|OWNERPARTID= -42|OWNERINDEX=1119|DATAFILECOUNT=1|DESCRIPTION=Capacitor FootPrint 1206|MODELDATAFILEENTITY0=1206_CAP_NPOL|MODELDATAFILEKIND0=PCBLib|MODELNAME=1206_CAP_NPOL|MODELTYPE=PCBLIB|UNIQUEID=USXTPJCH|
RECORD=46|LINENO=1136|OWNERPARTID= -42|OWNERINDEX=1135|
RECORD=48|LINENO=1137|OWNERPARTID= -42|OWNERINDEX=1135|
RECORD= 1|LINENO=1138|OWNERPARTID=   0|OWNERINDEX= -42|ALLPINCOUNT=2|AREACOLOR=11599871|COMPONENTDESCRIPTION=Capacitor_not polarized|CURRENTPARTID=1|DESIGNITEMID=CAP_NPOL|DISPLAYMODECOUNT=1|LIBREFERENCE=CAP_NPOL|LOCATION.X=1050|LOCATION.Y=260|PARTCOUNT=2|PARTIDLOCKED=F|SOURCELIBRARYNAME=ST_Lib3D.SchLib|TARGETFILENAME=*|UNIQUEID=INNOPKYX|
RECORD= 2|LINENO=1139|OWNERPARTID=   2|OWNERINDEX=1138|%UTF8%SWAPIDPART=Â¦&Â¦|DESIGNATOR=2|ELECTRICAL=4|FORMALTYPE=1|LOCATION.X=1060|LOCATION.Y=247|NAME=2|PINCONGLOMERATE=35|PINLENGTH=7|SWAPIDPART=Ž&Ž|SWAPIDPIN=2|
RECORD=41|LINENO=1140|OWNERPARTID=   0|OWNERINDEX=1139|FONTID=1|ISHIDDEN=T|LOCATION.X=1060|LOCATION.Y=247|NAME=PinUniqueId|TEXT=VGBBXDOU|UNIQUEID=VOXSMQHR|
RECORD= 2|LINENO=1141|OWNERPARTID=   2|OWNERINDEX=1138|%UTF8%SWAPIDPART=Â¦&Â¦|DESIGNATOR=1|ELECTRICAL=4|FORMALTYPE=1|LOCATION.X=1060|LOCATION.Y=254|NAME=1|PINCONGLOMERATE=33|PINLENGTH=6|SWAPIDPART=Ž&Ž|SWAPIDPIN=1|
RECORD=41|LINENO=1142|OWNERPARTID=   0|OWNERINDEX=1141|FONTID=1|ISHIDDEN=T|LOCATION.X=1060|LOCATION.Y=254|NAME=PinUniqueId|TEXT=TAHMENYM|UNIQUEID=YTJBRYHW|
RECORD= 6|LINENO=1143|OWNERPARTID=   2|OWNERINDEX=1138|LINEWIDTH=1|LOCATIONCOUNT=6|X1=1060|X2=1067|X3=1067|X4=1053|X5=1053|X6=1060|Y1=254|Y2=254|Y3=252|Y4=252|Y5=254|Y6=254|
RECORD= 6|LINENO=1144|OWNERPARTID=   2|OWNERINDEX=1138|LINEWIDTH=1|LOCATIONCOUNT=6|X1=1060|X2=1067|X3=1067|X4=1053|X5=1053|X6=1060|Y1=249|Y2=249|Y3=247|Y4=247|Y5=249|Y6=249|
RECORD= 6|LINENO=1145|OWNERPARTID=   2|OWNERINDEX=1138|LINEWIDTH=2|LOCATIONCOUNT=2|X1=1066|X2=1054|Y1=253|Y2=253|
RECORD= 6|LINENO=1146|OWNERPARTID=   2|OWNERINDEX=1138|LINEWIDTH=2|LOCATIONCOUNT=2|X1=1054|X2=1066|Y1=248|Y2=248|
RECORD=34|LINENO=1147|OWNERPARTID=   0|OWNERINDEX=1138|FONTID=1|LOCATION.X=1069|LOCATION.Y=246|NAME=Designator|TEXT=C22|UNIQUEID=KOJPDWGR|
RECORD=41|LINENO=1148|OWNERPARTID=   0|OWNERINDEX=1138|FONTID=2|LOCATION.X=1050|LOCATION.Y=230|NAME=Comment|ORIENTATION=1|TEXT=1uF/X5R|UNIQUEID=PBPPTUPE|
RECORD=44|LINENO=1149|OWNERPARTID= -42|OWNERINDEX=1138|
RECORD=45|LINENO=1150|OWNERPARTID= -42|OWNERINDEX=1149|DATAFILECOUNT=1|DESCRIPTION=Radial Capacitor 2steps(5.08mm) 2.5mm x 7mm|MODELDATAFILEENTITY0=CAP_RAD_5.08_2.5x7|MODELDATAFILEKIND0=PCBLib|MODELNAME=CAP_RAD_5.08_2.5x7|MODELTYPE=PCBLIB|UNIQUEID=WRUMCFBO|
RECORD=46|LINENO=1151|OWNERPARTID= -42|OWNERINDEX=1150|
RECORD=48|LINENO=1152|OWNERPARTID= -42|OWNERINDEX=1150|
RECORD=45|LINENO=1153|OWNERPARTID= -42|OWNERINDEX=1149|DATAFILECOUNT=1|DESCRIPTION=Radial Capacitor 1steps(2.54mm) 1.5mm x 4.5mm|MODELDATAFILEENTITY0=CAP_RAD_2.54_1.5x4.5|MODELDATAFILEKIND0=PCBLib|MODELNAME=CAP_RAD_2.54_1.5x4.5|MODELTYPE=PCBLIB|UNIQUEID=DEBXOFPG|
RECORD=46|LINENO=1154|OWNERPARTID= -42|OWNERINDEX=1153|
RECORD=48|LINENO=1155|OWNERPARTID= -42|OWNERINDEX=1153|
RECORD=45|LINENO=1156|OWNERPARTID= -42|OWNERINDEX=1149|DATAFILECOUNT=1|DESCRIPTION=Capacitor FootPrint 0402|MODELDATAFILEENTITY0=0402_CAP_NPOL|MODELDATAFILEKIND0=PCBLib|MODELNAME=0402_CAP_NPOL|MODELTYPE=PCBLIB|UNIQUEID=HPVFQVLW|
RECORD=46|LINENO=1157|OWNERPARTID= -42|OWNERINDEX=1156|
RECORD=48|LINENO=1158|OWNERPARTID= -42|OWNERINDEX=1156|
RECORD=45|LINENO=1159|OWNERPARTID= -42|OWNERINDEX=1149|DATAFILECOUNT=1|DESCRIPTION=Capacitor FootPrint 0603|ISCURRENT=T|MODELDATAFILEENTITY0=0603_CAP_NPOL|MODELDATAFILEKIND0=PCBLib|MODELNAME=0603_CAP_NPOL|MODELTYPE=PCBLIB|UNIQUEID=RQRYFASG|
RECORD=46|LINENO=1160|OWNERPARTID= -42|OWNERINDEX=1159|
RECORD=48|LINENO=1161|OWNERPARTID= -42|OWNERINDEX=1159|
RECORD=45|LINENO=1162|OWNERPARTID= -42|OWNERINDEX=1149|DATAFILECOUNT=1|DESCRIPTION=Capacitor FootPrint 0805|MODELDATAFILEENTITY0=0805_CAP_NPOL|MODELDATAFILEKIND0=PCBLib|MODELNAME=0805_CAP_NPOL|MODELTYPE=PCBLIB|UNIQUEID=RWUMTFVP|
RECORD=46|LINENO=1163|OWNERPARTID= -42|OWNERINDEX=1162|
RECORD=48|LINENO=1164|OWNERPARTID= -42|OWNERINDEX=1162|
RECORD=45|LINENO=1165|OWNERPARTID= -42|OWNERINDEX=1149|DATAFILECOUNT=1|DESCRIPTION=Capacitor FootPrint 1206|MODELDATAFILEENTITY0=1206_CAP_NPOL|MODELDATAFILEKIND0=PCBLib|MODELNAME=1206_CAP_NPOL|MODELTYPE=PCBLIB|UNIQUEID=WGGLUQOV|
RECORD=46|LINENO=1166|OWNERPARTID= -42|OWNERINDEX=1165|
RECORD=48|LINENO=1167|OWNERPARTID= -42|OWNERINDEX=1165|
RECORD= 1|LINENO=1168|OWNERPARTID=   0|OWNERINDEX= -42|ALLPINCOUNT=2|AREACOLOR=11599871|COMPONENTDESCRIPTION=Capacitor_not polarized|CURRENTPARTID=1|DESIGNITEMID=CAP_NPOL|DISPLAYMODECOUNT=1|LIBREFERENCE=CAP_NPOL|LOCATION.X=930|LOCATION.Y=230|PARTCOUNT=2|PARTIDLOCKED=F|SOURCELIBRARYNAME=ST_Lib3D.SchLib|TARGETFILENAME=*|UNIQUEID=XXUOCEYQ|
RECORD= 2|LINENO=1169|OWNERPARTID=   2|OWNERINDEX=1168|%UTF8%SWAPIDPART=Â¦&Â¦|DESIGNATOR=2|ELECTRICAL=4|FORMALTYPE=1|LOCATION.X=940|LOCATION.Y=217|NAME=2|PINCONGLOMERATE=35|PINLENGTH=7|SWAPIDPART=Ž&Ž|SWAPIDPIN=2|
RECORD=41|LINENO=1170|OWNERPARTID=   0|OWNERINDEX=1169|FONTID=1|ISHIDDEN=T|LOCATION.X=940|LOCATION.Y=217|NAME=PinUniqueId|TEXT=KFGJHCEP|UNIQUEID=SBBWENQK|
RECORD= 2|LINENO=1171|OWNERPARTID=   2|OWNERINDEX=1168|%UTF8%SWAPIDPART=Â¦&Â¦|DESIGNATOR=1|ELECTRICAL=4|FORMALTYPE=1|LOCATION.X=940|LOCATION.Y=224|NAME=1|PINCONGLOMERATE=33|PINLENGTH=6|SWAPIDPART=Ž&Ž|SWAPIDPIN=1|
RECORD=41|LINENO=1172|OWNERPARTID=   0|OWNERINDEX=1171|FONTID=1|ISHIDDEN=T|LOCATION.X=940|LOCATION.Y=224|NAME=PinUniqueId|TEXT=XGWEXPPW|UNIQUEID=SYFQVQAJ|
RECORD= 6|LINENO=1173|OWNERPARTID=   2|OWNERINDEX=1168|LINEWIDTH=1|LOCATIONCOUNT=6|X1=940|X2=947|X3=947|X4=933|X5=933|X6=940|Y1=224|Y2=224|Y3=222|Y4=222|Y5=224|Y6=224|
RECORD= 6|LINENO=1174|OWNERPARTID=   2|OWNERINDEX=1168|LINEWIDTH=1|LOCATIONCOUNT=6|X1=940|X2=947|X3=947|X4=933|X5=933|X6=940|Y1=219|Y2=219|Y3=217|Y4=217|Y5=219|Y6=219|
RECORD= 6|LINENO=1175|OWNERPARTID=   2|OWNERINDEX=1168|LINEWIDTH=2|LOCATIONCOUNT=2|X1=946|X2=934|Y1=223|Y2=223|
RECORD= 6|LINENO=1176|OWNERPARTID=   2|OWNERINDEX=1168|LINEWIDTH=2|LOCATIONCOUNT=2|X1=934|X2=946|Y1=218|Y2=218|
RECORD=34|LINENO=1177|OWNERPARTID=   0|OWNERINDEX=1168|FONTID=1|LOCATION.X=949|LOCATION.Y=216|NAME=Designator|TEXT=C25|UNIQUEID=SJOVJOKF|
RECORD=41|LINENO=1178|OWNERPARTID=   0|OWNERINDEX=1168|FONTID=1|LOCATION.X=943|LOCATION.Y=206|NAME=Comment|TEXT=100nF|UNIQUEID=KMUTCMFY|
RECORD=44|LINENO=1179|OWNERPARTID= -42|OWNERINDEX=1168|
RECORD=45|LINENO=1180|OWNERPARTID= -42|OWNERINDEX=1179|DATAFILECOUNT=1|DESCRIPTION=Radial Capacitor 2steps(5.08mm) 2.5mm x 7mm|MODELDATAFILEENTITY0=CAP_RAD_5.08_2.5x7|MODELDATAFILEKIND0=PCBLib|MODELNAME=CAP_RAD_5.08_2.5x7|MODELTYPE=PCBLIB|UNIQUEID=OVWWLDBI|
RECORD=46|LINENO=1181|OWNERPARTID= -42|OWNERINDEX=1180|
RECORD=48|LINENO=1182|OWNERPARTID= -42|OWNERINDEX=1180|
RECORD=45|LINENO=1183|OWNERPARTID= -42|OWNERINDEX=1179|DATAFILECOUNT=1|DESCRIPTION=Radial Capacitor 1steps(2.54mm) 1.5mm x 4.5mm|MODELDATAFILEENTITY0=CAP_RAD_2.54_1.5x4.5|MODELDATAFILEKIND0=PCBLib|MODELNAME=CAP_RAD_2.54_1.5x4.5|MODELTYPE=PCBLIB|UNIQUEID=KWKTAFSH|
RECORD=46|LINENO=1184|OWNERPARTID= -42|OWNERINDEX=1183|
RECORD=48|LINENO=1185|OWNERPARTID= -42|OWNERINDEX=1183|
RECORD=45|LINENO=1186|OWNERPARTID= -42|OWNERINDEX=1179|DATAFILECOUNT=1|DESCRIPTION=Capacitor FootPrint 0402|ISCURRENT=T|MODELDATAFILEENTITY0=0402_CAP_NPOL|MODELDATAFILEKIND0=PCBLib|MODELNAME=0402_CAP_NPOL|MODELTYPE=PCBLIB|UNIQUEID=LGCAQHHM|
RECORD=46|LINENO=1187|OWNERPARTID= -42|OWNERINDEX=1186|
RECORD=48|LINENO=1188|OWNERPARTID= -42|OWNERINDEX=1186|
RECORD=45|LINENO=1189|OWNERPARTID= -42|OWNERINDEX=1179|DATAFILECOUNT=1|DESCRIPTION=Capacitor FootPrint 0603|MODELDATAFILEENTITY0=0603_CAP_NPOL|MODELDATAFILEKIND0=PCBLib|MODELNAME=0603_CAP_NPOL|MODELTYPE=PCBLIB|UNIQUEID=BABMXIIN|
RECORD=46|LINENO=1190|OWNERPARTID= -42|OWNERINDEX=1189|
RECORD=48|LINENO=1191|OWNERPARTID= -42|OWNERINDEX=1189|
RECORD=45|LINENO=1192|OWNERPARTID= -42|OWNERINDEX=1179|DATAFILECOUNT=1|DESCRIPTION=Capacitor FootPrint 0805|MODELDATAFILEENTITY0=0805_CAP_NPOL|MODELDATAFILEKIND0=PCBLib|MODELNAME=0805_CAP_NPOL|MODELTYPE=PCBLIB|UNIQUEID=NKENOUWV|
RECORD=46|LINENO=1193|OWNERPARTID= -42|OWNERINDEX=1192|
RECORD=48|LINENO=1194|OWNERPARTID= -42|OWNERINDEX=1192|
RECORD=45|LINENO=1195|OWNERPARTID= -42|OWNERINDEX=1179|DATAFILECOUNT=1|DESCRIPTION=Capacitor FootPrint 1206|MODELDATAFILEENTITY0=1206_CAP_NPOL|MODELDATAFILEKIND0=PCBLib|MODELNAME=1206_CAP_NPOL|MODELTYPE=PCBLIB|UNIQUEID=GWTTSMSN|
RECORD=46|LINENO=1196|OWNERPARTID= -42|OWNERINDEX=1195|
RECORD=48|LINENO=1197|OWNERPARTID= -42|OWNERINDEX=1195|
RECORD= 1|LINENO=1198|OWNERPARTID=   0|OWNERINDEX= -42|ALLPINCOUNT=2|AREACOLOR=11599871|COMPONENTDESCRIPTION=Capacitor_not polarized|CURRENTPARTID=1|DESIGNITEMID=CAP_NPOL|DISPLAYMODECOUNT=1|LIBREFERENCE=CAP_NPOL|LOCATION.X=1000|LOCATION.Y=230|PARTCOUNT=2|PARTIDLOCKED=F|SOURCELIBRARYNAME=ST_Lib3D.SchLib|TARGETFILENAME=*|UNIQUEID=LVWIBERR|
RECORD= 2|LINENO=1199|OWNERPARTID=   2|OWNERINDEX=1198|%UTF8%SWAPIDPART=Â¦&Â¦|DESIGNATOR=2|ELECTRICAL=4|FORMALTYPE=1|LOCATION.X=1010|LOCATION.Y=217|NAME=2|PINCONGLOMERATE=35|PINLENGTH=7|SWAPIDPART=Ž&Ž|SWAPIDPIN=2|
RECORD=41|LINENO=1200|OWNERPARTID=   0|OWNERINDEX=1199|FONTID=1|ISHIDDEN=T|LOCATION.X=1010|LOCATION.Y=217|NAME=PinUniqueId|TEXT=CNFUNDOR|UNIQUEID=PAEBJKTM|
RECORD= 2|LINENO=1201|OWNERPARTID=   2|OWNERINDEX=1198|%UTF8%SWAPIDPART=Â¦&Â¦|DESIGNATOR=1|ELECTRICAL=4|FORMALTYPE=1|LOCATION.X=1010|LOCATION.Y=224|NAME=1|PINCONGLOMERATE=33|PINLENGTH=6|SWAPIDPART=Ž&Ž|SWAPIDPIN=1|
RECORD=41|LINENO=1202|OWNERPARTID=   0|OWNERINDEX=1201|FONTID=1|ISHIDDEN=T|LOCATION.X=1010|LOCATION.Y=224|NAME=PinUniqueId|TEXT=XIJQMTPJ|UNIQUEID=WBPXQFDT|
RECORD= 6|LINENO=1203|OWNERPARTID=   2|OWNERINDEX=1198|LINEWIDTH=1|LOCATIONCOUNT=6|X1=1010|X2=1017|X3=1017|X4=1003|X5=1003|X6=1010|Y1=224|Y2=224|Y3=222|Y4=222|Y5=224|Y6=224|
RECORD= 6|LINENO=1204|OWNERPARTID=   2|OWNERINDEX=1198|LINEWIDTH=1|LOCATIONCOUNT=6|X1=1010|X2=1017|X3=1017|X4=1003|X5=1003|X6=1010|Y1=219|Y2=219|Y3=217|Y4=217|Y5=219|Y6=219|
RECORD= 6|LINENO=1205|OWNERPARTID=   2|OWNERINDEX=1198|LINEWIDTH=2|LOCATIONCOUNT=2|X1=1016|X2=1004|Y1=223|Y2=223|
RECORD= 6|LINENO=1206|OWNERPARTID=   2|OWNERINDEX=1198|LINEWIDTH=2|LOCATIONCOUNT=2|X1=1004|X2=1016|Y1=218|Y2=218|
RECORD=34|LINENO=1207|OWNERPARTID=   0|OWNERINDEX=1198|FONTID=1|LOCATION.X=1019|LOCATION.Y=216|NAME=Designator|TEXT=C26|UNIQUEID=MWPNXFLG|
RECORD=41|LINENO=1208|OWNERPARTID=   0|OWNERINDEX=1198|FONTID=1|LOCATION.X=1013|LOCATION.Y=206|NAME=Comment|TEXT=100nF|UNIQUEID=PRNCUWGF|
RECORD=44|LINENO=1209|OWNERPARTID= -42|OWNERINDEX=1198|
RECORD=45|LINENO=1210|OWNERPARTID= -42|OWNERINDEX=1209|DATAFILECOUNT=1|DESCRIPTION=Radial Capacitor 2steps(5.08mm) 2.5mm x 7mm|MODELDATAFILEENTITY0=CAP_RAD_5.08_2.5x7|MODELDATAFILEKIND0=PCBLib|MODELNAME=CAP_RAD_5.08_2.5x7|MODELTYPE=PCBLIB|UNIQUEID=DMNVPLCC|
RECORD=46|LINENO=1211|OWNERPARTID= -42|OWNERINDEX=1210|
RECORD=48|LINENO=1212|OWNERPARTID= -42|OWNERINDEX=1210|
RECORD=45|LINENO=1213|OWNERPARTID= -42|OWNERINDEX=1209|DATAFILECOUNT=1|DESCRIPTION=Radial Capacitor 1steps(2.54mm) 1.5mm x 4.5mm|MODELDATAFILEENTITY0=CAP_RAD_2.54_1.5x4.5|MODELDATAFILEKIND0=PCBLib|MODELNAME=CAP_RAD_2.54_1.5x4.5|MODELTYPE=PCBLIB|UNIQUEID=GBMHQCOQ|
RECORD=46|LINENO=1214|OWNERPARTID= -42|OWNERINDEX=1213|
RECORD=48|LINENO=1215|OWNERPARTID= -42|OWNERINDEX=1213|
RECORD=45|LINENO=1216|OWNERPARTID= -42|OWNERINDEX=1209|DATAFILECOUNT=1|DESCRIPTION=Capacitor FootPrint 0402|ISCURRENT=T|MODELDATAFILEENTITY0=0402_CAP_NPOL|MODELDATAFILEKIND0=PCBLib|MODELNAME=0402_CAP_NPOL|MODELTYPE=PCBLIB|UNIQUEID=ANMWAIWN|
RECORD=46|LINENO=1217|OWNERPARTID= -42|OWNERINDEX=1216|
RECORD=48|LINENO=1218|OWNERPARTID= -42|OWNERINDEX=1216|
RECORD=45|LINENO=1219|OWNERPARTID= -42|OWNERINDEX=1209|DATAFILECOUNT=1|DESCRIPTION=Capacitor FootPrint 0603|MODELDATAFILEENTITY0=0603_CAP_NPOL|MODELDATAFILEKIND0=PCBLib|MODELNAME=0603_CAP_NPOL|MODELTYPE=PCBLIB|UNIQUEID=RRWBTGLO|
RECORD=46|LINENO=1220|OWNERPARTID= -42|OWNERINDEX=1219|
RECORD=48|LINENO=1221|OWNERPARTID= -42|OWNERINDEX=1219|
RECORD=45|LINENO=1222|OWNERPARTID= -42|OWNERINDEX=1209|DATAFILECOUNT=1|DESCRIPTION=Capacitor FootPrint 0805|MODELDATAFILEENTITY0=0805_CAP_NPOL|MODELDATAFILEKIND0=PCBLib|MODELNAME=0805_CAP_NPOL|MODELTYPE=PCBLIB|UNIQUEID=TGTIWQXA|
RECORD=46|LINENO=1223|OWNERPARTID= -42|OWNERINDEX=1222|
RECORD=48|LINENO=1224|OWNERPARTID= -42|OWNERINDEX=1222|
RECORD=45|LINENO=1225|OWNERPARTID= -42|OWNERINDEX=1209|DATAFILECOUNT=1|DESCRIPTION=Capacitor FootPrint 1206|MODELDATAFILEENTITY0=1206_CAP_NPOL|MODELDATAFILEKIND0=PCBLib|MODELNAME=1206_CAP_NPOL|MODELTYPE=PCBLIB|UNIQUEID=UPALRWEL|
RECORD=46|LINENO=1226|OWNERPARTID= -42|OWNERINDEX=1225|
RECORD=48|LINENO=1227|OWNERPARTID= -42|OWNERINDEX=1225|
RECORD= 1|LINENO=1228|OWNERPARTID=   0|OWNERINDEX= -42|ALLPINCOUNT=2|AREACOLOR=11599871|COMPONENTDESCRIPTION=Capacitor_not polarized|CURRENTPARTID=1|DESIGNITEMID=CAP_NPOL|DISPLAYMODECOUNT=1|LIBREFERENCE=CAP_NPOL|LOCATION.X=1080|LOCATION.Y=250|PARTCOUNT=2|PARTIDLOCKED=F|SOURCELIBRARYNAME=ST_Lib3D.SchLib|TARGETFILENAME=*|UNIQUEID=IDNGPOUJ|
RECORD= 2|LINENO=1229|OWNERPARTID=   2|OWNERINDEX=1228|%UTF8%SWAPIDPART=Â¦&Â¦|DESIGNATOR=2|ELECTRICAL=4|FORMALTYPE=1|LOCATION.X=1090|LOCATION.Y=237|NAME=2|PINCONGLOMERATE=35|PINLENGTH=7|SWAPIDPART=Ž&Ž|SWAPIDPIN=2|
RECORD=41|LINENO=1230|OWNERPARTID=   0|OWNERINDEX=1229|FONTID=1|ISHIDDEN=T|LOCATION.X=1090|LOCATION.Y=237|NAME=PinUniqueId|TEXT=VBLDJLST|UNIQUEID=BBCAJLFB|
RECORD= 2|LINENO=1231|OWNERPARTID=   2|OWNERINDEX=1228|%UTF8%SWAPIDPART=Â¦&Â¦|DESIGNATOR=1|ELECTRICAL=4|FORMALTYPE=1|LOCATION.X=1090|LOCATION.Y=244|NAME=1|PINCONGLOMERATE=33|PINLENGTH=6|SWAPIDPART=Ž&Ž|SWAPIDPIN=1|
RECORD=41|LINENO=1232|OWNERPARTID=   0|OWNERINDEX=1231|FONTID=1|ISHIDDEN=T|LOCATION.X=1090|LOCATION.Y=244|NAME=PinUniqueId|TEXT=PYYYGACH|UNIQUEID=QFHXRBKG|
RECORD= 6|LINENO=1233|OWNERPARTID=   2|OWNERINDEX=1228|LINEWIDTH=1|LOCATIONCOUNT=6|X1=1090|X2=1097|X3=1097|X4=1083|X5=1083|X6=1090|Y1=244|Y2=244|Y3=242|Y4=242|Y5=244|Y6=244|
RECORD= 6|LINENO=1234|OWNERPARTID=   2|OWNERINDEX=1228|LINEWIDTH=1|LOCATIONCOUNT=6|X1=1090|X2=1097|X3=1097|X4=1083|X5=1083|X6=1090|Y1=239|Y2=239|Y3=237|Y4=237|Y5=239|Y6=239|
RECORD= 6|LINENO=1235|OWNERPARTID=   2|OWNERINDEX=1228|LINEWIDTH=2|LOCATIONCOUNT=2|X1=1096|X2=1084|Y1=243|Y2=243|
RECORD= 6|LINENO=1236|OWNERPARTID=   2|OWNERINDEX=1228|LINEWIDTH=2|LOCATIONCOUNT=2|X1=1084|X2=1096|Y1=238|Y2=238|
RECORD=34|LINENO=1237|OWNERPARTID=   0|OWNERINDEX=1228|FONTID=1|LOCATION.X=1099|LOCATION.Y=236|NAME=Designator|TEXT=C27|UNIQUEID=PXFPJYQU|
RECORD=41|LINENO=1238|OWNERPARTID=   0|OWNERINDEX=1228|FONTID=1|LOCATION.X=1093|LOCATION.Y=226|NAME=Comment|TEXT=100nF|UNIQUEID=TTLJXDIN|
RECORD=44|LINENO=1239|OWNERPARTID= -42|OWNERINDEX=1228|
RECORD=45|LINENO=1240|OWNERPARTID= -42|OWNERINDEX=1239|DATAFILECOUNT=1|DESCRIPTION=Radial Capacitor 2steps(5.08mm) 2.5mm x 7mm|MODELDATAFILEENTITY0=CAP_RAD_5.08_2.5x7|MODELDATAFILEKIND0=PCBLib|MODELNAME=CAP_RAD_5.08_2.5x7|MODELTYPE=PCBLIB|UNIQUEID=EJKTSARP|
RECORD=46|LINENO=1241|OWNERPARTID= -42|OWNERINDEX=1240|
RECORD=48|LINENO=1242|OWNERPARTID= -42|OWNERINDEX=1240|
RECORD=45|LINENO=1243|OWNERPARTID= -42|OWNERINDEX=1239|DATAFILECOUNT=1|DESCRIPTION=Radial Capacitor 1steps(2.54mm) 1.5mm x 4.5mm|MODELDATAFILEENTITY0=CAP_RAD_2.54_1.5x4.5|MODELDATAFILEKIND0=PCBLib|MODELNAME=CAP_RAD_2.54_1.5x4.5|MODELTYPE=PCBLIB|UNIQUEID=GVBLMOVC|
RECORD=46|LINENO=1244|OWNERPARTID= -42|OWNERINDEX=1243|
RECORD=48|LINENO=1245|OWNERPARTID= -42|OWNERINDEX=1243|
RECORD=45|LINENO=1246|OWNERPARTID= -42|OWNERINDEX=1239|DATAFILECOUNT=1|DESCRIPTION=Capacitor FootPrint 0402|ISCURRENT=T|MODELDATAFILEENTITY0=0402_CAP_NPOL|MODELDATAFILEKIND0=PCBLib|MODELNAME=0402_CAP_NPOL|MODELTYPE=PCBLIB|UNIQUEID=FMQRKECC|
RECORD=46|LINENO=1247|OWNERPARTID= -42|OWNERINDEX=1246|
RECORD=48|LINENO=1248|OWNERPARTID= -42|OWNERINDEX=1246|
RECORD=45|LINENO=1249|OWNERPARTID= -42|OWNERINDEX=1239|DATAFILECOUNT=1|DESCRIPTION=Capacitor FootPrint 0603|MODELDATAFILEENTITY0=0603_CAP_NPOL|MODELDATAFILEKIND0=PCBLib|MODELNAME=0603_CAP_NPOL|MODELTYPE=PCBLIB|UNIQUEID=SIGCDWSP|
RECORD=46|LINENO=1250|OWNERPARTID= -42|OWNERINDEX=1249|
RECORD=48|LINENO=1251|OWNERPARTID= -42|OWNERINDEX=1249|
RECORD=45|LINENO=1252|OWNERPARTID= -42|OWNERINDEX=1239|DATAFILECOUNT=1|DESCRIPTION=Capacitor FootPrint 0805|MODELDATAFILEENTITY0=0805_CAP_NPOL|MODELDATAFILEKIND0=PCBLib|MODELNAME=0805_CAP_NPOL|MODELTYPE=PCBLIB|UNIQUEID=WPMILOFY|
RECORD=46|LINENO=1253|OWNERPARTID= -42|OWNERINDEX=1252|
RECORD=48|LINENO=1254|OWNERPARTID= -42|OWNERINDEX=1252|
RECORD=45|LINENO=1255|OWNERPARTID= -42|OWNERINDEX=1239|DATAFILECOUNT=1|DESCRIPTION=Capacitor FootPrint 1206|MODELDATAFILEENTITY0=1206_CAP_NPOL|MODELDATAFILEKIND0=PCBLib|MODELNAME=1206_CAP_NPOL|MODELTYPE=PCBLIB|UNIQUEID=LIYJPEGP|
RECORD=46|LINENO=1256|OWNERPARTID= -42|OWNERINDEX=1255|
RECORD=48|LINENO=1257|OWNERPARTID= -42|OWNERINDEX=1255|
RECORD=17|LINENO=1258|OWNERPARTID=   0|OWNERINDEX= -42|FONTID=2|LOCATION.X=900|LOCATION.Y=240|ORIENTATION=3|SHOWNETNAME=T|STYLE=1|TEXT=GND|UNIQUEID=GXNCOASJ|
RECORD=17|LINENO=1259|OWNERPARTID=   0|OWNERINDEX= -42|FONTID=2|LOCATION.X=940|LOCATION.Y=210|ORIENTATION=3|SHOWNETNAME=T|STYLE=1|TEXT=GND|UNIQUEID=ITGCDVGQ|
RECORD=17|LINENO=1260|OWNERPARTID=   0|OWNERINDEX= -42|FONTID=2|LOCATION.X=980|LOCATION.Y=210|ORIENTATION=3|SHOWNETNAME=T|STYLE=1|TEXT=GND|UNIQUEID=QAOPKGJF|
RECORD=17|LINENO=1261|OWNERPARTID=   0|OWNERINDEX= -42|FONTID=2|LOCATION.X=1010|LOCATION.Y=210|ORIENTATION=3|SHOWNETNAME=T|STYLE=1|TEXT=GND|UNIQUEID=CKYXGWYT|
RECORD=17|LINENO=1262|OWNERPARTID=   0|OWNERINDEX= -42|FONTID=2|LOCATION.X=1060|LOCATION.Y=240|ORIENTATION=3|SHOWNETNAME=T|STYLE=1|TEXT=GND|UNIQUEID=ORFOLETV|
RECORD=17|LINENO=1263|OWNERPARTID=   0|OWNERINDEX= -42|FONTID=2|LOCATION.X=1090|LOCATION.Y=230|ORIENTATION=3|SHOWNETNAME=T|STYLE=1|TEXT=GND|UNIQUEID=RRCGOCFJ|
RECORD= 1|LINENO=1264|OWNERPARTID=   0|OWNERINDEX= -42|ALLPINCOUNT=2|AREACOLOR=11599871|CURRENTPARTID=1|DESIGNITEMID=IND_FCM1608KF-601T03|DISPLAYMODECOUNT=1|LIBREFERENCE=IND_FCM1608KF-601T03|LOCATION.X=550|LOCATION.Y=130|ORIENTATION=1|PARTCOUNT=2|PARTIDLOCKED=F|SOURCELIBRARYNAME=Passive.SchLib|TARGETFILENAME=*|UNIQUEID=KPBYJFHB|
RECORD= 2|LINENO=1265|OWNERPARTID=   2|OWNERINDEX=1264|%UTF8%SWAPIDPART=Â¦&Â¦|DESIGNATOR=1|ELECTRICAL=4|FORMALTYPE=1|LOCATION.X=545|LOCATION.Y=140|NAME=1|PINCONGLOMERATE=34|PINLENGTH=5|SWAPIDPART=Ž&Ž|SWAPIDPIN=1|
RECORD=41|LINENO=1266|OWNERPARTID=   0|OWNERINDEX=1265|FONTID=1|ISHIDDEN=T|LOCATION.X=545|LOCATION.Y=140|NAME=PinUniqueId|TEXT=NPEOXPQM|UNIQUEID=NCNCXQNP|
RECORD= 2|LINENO=1267|OWNERPARTID=   2|OWNERINDEX=1264|%UTF8%SWAPIDPART=Â¦&Â¦|DESIGNATOR=2|ELECTRICAL=4|FORMALTYPE=1|LOCATION.X=575|LOCATION.Y=140|NAME=2|PINCONGLOMERATE=32|PINLENGTH=5|SWAPIDPART=Ž&Ž|SWAPIDPIN=2|
RECORD=41|LINENO=1268|OWNERPARTID=   0|OWNERINDEX=1267|FONTID=1|ISHIDDEN=T|LOCATION.X=575|LOCATION.Y=140|NAME=PinUniqueId|TEXT=XCKHXJMN|UNIQUEID=WOMAKRGO|
RECORD=12|LINENO=1269|OWNERPARTID=   2|OWNERINDEX=1264|ENDANGLE=180.000|LINEWIDTH=1|LOCATION.X=550|LOCATION.Y=140|RADIUS=5|STARTANGLE=90.000|
RECORD=12|LINENO=1270|OWNERPARTID=   2|OWNERINDEX=1264|ENDANGLE=90.000|LINEWIDTH=1|LOCATION.X=550|LOCATION.Y=140|RADIUS=5|STARTANGLE=360.000|
RECORD=12|LINENO=1271|OWNERPARTID=   2|OWNERINDEX=1264|ENDANGLE=180.000|LINEWIDTH=1|LOCATION.X=560|LOCATION.Y=140|RADIUS=5|STARTANGLE=90.000|
RECORD=12|LINENO=1272|OWNERPARTID=   2|OWNERINDEX=1264|ENDANGLE=90.000|LINEWIDTH=1|LOCATION.X=560|LOCATION.Y=140|RADIUS=5|STARTANGLE=360.000|
RECORD=12|LINENO=1273|OWNERPARTID=   2|OWNERINDEX=1264|ENDANGLE=180.000|LINEWIDTH=1|LOCATION.X=570|LOCATION.Y=140|RADIUS=5|STARTANGLE=90.000|
RECORD=12|LINENO=1274|OWNERPARTID=   2|OWNERINDEX=1264|ENDANGLE=90.000|LINEWIDTH=1|LOCATION.X=570|LOCATION.Y=140|RADIUS=5|STARTANGLE=360.000|
RECORD=34|LINENO=1275|OWNERPARTID=   0|OWNERINDEX=1264|FONTID=1|LOCATION.X=541|LOCATION.Y=131|NAME=Designator|TEXT=L2|UNIQUEID=SWHTLRQN|
RECORD=41|LINENO=1276|OWNERPARTID=   0|OWNERINDEX=1264|FONTID=1|LOCATION.X=527|LOCATION.Y=144|NAME=Comment|TEXT=FCM1608KF-601T03|UNIQUEID=LOKMKKOV|
RECORD=44|LINENO=1277|OWNERPARTID= -42|OWNERINDEX=1264|
RECORD=45|LINENO=1278|OWNERPARTID= -42|OWNERINDEX=1277|DATAFILECOUNT=1|DESCRIPTION=Coil Footprint 0603|ISCURRENT=T|MODELDATAFILEENTITY0=0603_COIL|MODELDATAFILEKIND0=PCBLib|MODELNAME=0603_COIL|MODELTYPE=PCBLIB|UNIQUEID=GJRBGLNV|
RECORD=46|LINENO=1279|OWNERPARTID= -42|OWNERINDEX=1278|
RECORD=48|LINENO=1280|OWNERPARTID= -42|OWNERINDEX=1278|
RECORD= 1|LINENO=1281|OWNERPARTID=   0|OWNERINDEX= -42|ALLPINCOUNT=2|AREACOLOR=11599871|COMPONENTDESCRIPTION=Resistor|CURRENTPARTID=1|DESIGNITEMID=RES|DISPLAYMODECOUNT=1|LIBREFERENCE=RES|LOCATION.X=200|LOCATION.Y=560|ORIENTATION=3|PARTCOUNT=2|PARTIDLOCKED=F|SOURCELIBRARYNAME=Lib3D_Altium10_Schlib.SchLib|TARGETFILENAME=*|UNIQUEID=TUULRGGW|
RECORD= 2|LINENO=1282|OWNERPARTID=   2|OWNERINDEX=1281|%UTF8%SWAPIDPART=Â¦&Â¦|DESIGNATOR=1|ELECTRICAL=4|FORMALTYPE=1|LOCATION.X=190|LOCATION.Y=560|NAME=1|PINCONGLOMERATE=33|PINLENGTH=10|SWAPIDPART=Ž&Ž|SWAPIDPIN=1|
RECORD=41|LINENO=1283|OWNERPARTID=   0|OWNERINDEX=1282|FONTID=1|ISHIDDEN=T|LOCATION.X=190|LOCATION.Y=560|NAME=PinUniqueId|TEXT=GJUWPMQE|UNIQUEID=UORUAHJP|
RECORD= 2|LINENO=1284|OWNERPARTID=   2|OWNERINDEX=1281|%UTF8%SWAPIDPART=Â¦&Â¦|DESIGNATOR=2|ELECTRICAL=4|FORMALTYPE=1|LOCATION.X=190|LOCATION.Y=540|NAME=2|PINCONGLOMERATE=35|PINLENGTH=10|SWAPIDPART=Ž&Ž|SWAPIDPIN=2|
RECORD=41|LINENO=1285|OWNERPARTID=   0|OWNERINDEX=1284|FONTID=1|ISHIDDEN=T|LOCATION.X=190|LOCATION.Y=540|NAME=PinUniqueId|TEXT=UJEMXPEI|UNIQUEID=JMFMLXLU|
RECORD=13|LINENO=1286|OWNERPARTID=   2|OWNERINDEX=1281|CORNER.X=185|CORNER.Y=540|LINEWIDTH=1|LOCATION.X=195|LOCATION.Y=540|
RECORD=13|LINENO=1287|OWNERPARTID=   2|OWNERINDEX=1281|CORNER.X=185|CORNER.Y=560|LINEWIDTH=1|LOCATION.X=195|LOCATION.Y=560|
RECORD=13|LINENO=1288|OWNERPARTID=   2|OWNERINDEX=1281|CORNER.X=185|CORNER.Y=540|LINEWIDTH=1|LOCATION.X=185|LOCATION.Y=560|
RECORD=13|LINENO=1289|OWNERPARTID=   2|OWNERINDEX=1281|CORNER.X=195|CORNER.Y=540|LINEWIDTH=1|LOCATION.X=195|LOCATION.Y=560|
RECORD=34|LINENO=1290|OWNERPARTID=   0|OWNERINDEX=1281|FONTID=1|LOCATION.X=196|LOCATION.Y=551|NAME=Designator|TEXT=R11|UNIQUEID=KVRHNGSE|
RECORD=41|LINENO=1291|OWNERPARTID=   0|OWNERINDEX=1281|FONTID=1|LOCATION.X=196|LOCATION.Y=541|NAME=Comment|TEXT=10K|UNIQUEID=SQGQWLQJ|
RECORD=44|LINENO=1292|OWNERPARTID= -42|OWNERINDEX=1281|
RECORD=45|LINENO=1293|OWNERPARTID= -42|OWNERINDEX=1292|DATAFILECOUNT=1|DESCRIPTION=Resistor Footprint 0603|MODELDATAFILEENTITY0=0603_RES|MODELDATAFILEKIND0=PCBLib|MODELNAME=0603_RES|MODELTYPE=PCBLIB|UNIQUEID=HTCTUDKL|
RECORD=46|LINENO=1294|OWNERPARTID= -42|OWNERINDEX=1293|
RECORD=48|LINENO=1295|OWNERPARTID= -42|OWNERINDEX=1293|
RECORD=45|LINENO=1296|OWNERPARTID= -42|OWNERINDEX=1292|DATAFILECOUNT=1|DESCRIPTION=Resistor FootPrint 0402|ISCURRENT=T|MODELDATAFILEENTITY0=0402_RES|MODELDATAFILEKIND0=PCBLib|MODELNAME=0402_RES|MODELTYPE=PCBLIB|UNIQUEID=DHLDVEJA|
RECORD=46|LINENO=1297|OWNERPARTID= -42|OWNERINDEX=1296|
RECORD=48|LINENO=1298|OWNERPARTID= -42|OWNERINDEX=1296|
RECORD= 1|LINENO=1299|OWNERPARTID=   0|OWNERINDEX= -42|ALLPINCOUNT=2|AREACOLOR=11599871|COMPONENTDESCRIPTION=Resistor|CURRENTPARTID=1|DESIGNITEMID=RES|DISPLAYMODECOUNT=1|LIBREFERENCE=RES|LOCATION.X=230|LOCATION.Y=560|ORIENTATION=3|PARTCOUNT=2|PARTIDLOCKED=F|SOURCELIBRARYNAME=Lib3D_Altium10_Schlib.SchLib|TARGETFILENAME=*|UNIQUEID=WPVCSKJQ|
RECORD= 2|LINENO=1300|OWNERPARTID=   2|OWNERINDEX=1299|%UTF8%SWAPIDPART=Â¦&Â¦|DESIGNATOR=1|ELECTRICAL=4|FORMALTYPE=1|LOCATION.X=220|LOCATION.Y=560|NAME=1|PINCONGLOMERATE=33|PINLENGTH=10|SWAPIDPART=Ž&Ž|SWAPIDPIN=1|
RECORD=41|LINENO=1301|OWNERPARTID=   0|OWNERINDEX=1300|FONTID=1|ISHIDDEN=T|LOCATION.X=220|LOCATION.Y=560|NAME=PinUniqueId|TEXT=GSNCUMXN|UNIQUEID=JQKQWAGH|
RECORD= 2|LINENO=1302|OWNERPARTID=   2|OWNERINDEX=1299|%UTF8%SWAPIDPART=Â¦&Â¦|DESIGNATOR=2|ELECTRICAL=4|FORMALTYPE=1|LOCATION.X=220|LOCATION.Y=540|NAME=2|PINCONGLOMERATE=35|PINLENGTH=10|SWAPIDPART=Ž&Ž|SWAPIDPIN=2|
RECORD=41|LINENO=1303|OWNERPARTID=   0|OWNERINDEX=1302|FONTID=1|ISHIDDEN=T|LOCATION.X=220|LOCATION.Y=540|NAME=PinUniqueId|TEXT=GLVUTEJK|UNIQUEID=LLWOGBHE|
RECORD=13|LINENO=1304|OWNERPARTID=   2|OWNERINDEX=1299|CORNER.X=215|CORNER.Y=540|LINEWIDTH=1|LOCATION.X=225|LOCATION.Y=540|
RECORD=13|LINENO=1305|OWNERPARTID=   2|OWNERINDEX=1299|CORNER.X=215|CORNER.Y=560|LINEWIDTH=1|LOCATION.X=225|LOCATION.Y=560|
RECORD=13|LINENO=1306|OWNERPARTID=   2|OWNERINDEX=1299|CORNER.X=215|CORNER.Y=540|LINEWIDTH=1|LOCATION.X=215|LOCATION.Y=560|
RECORD=13|LINENO=1307|OWNERPARTID=   2|OWNERINDEX=1299|CORNER.X=225|CORNER.Y=540|LINEWIDTH=1|LOCATION.X=225|LOCATION.Y=560|
RECORD=34|LINENO=1308|OWNERPARTID=   0|OWNERINDEX=1299|FONTID=1|LOCATION.X=226|LOCATION.Y=551|NAME=Designator|TEXT=R12|UNIQUEID=EPGMDBAJ|
RECORD=41|LINENO=1309|OWNERPARTID=   0|OWNERINDEX=1299|FONTID=1|LOCATION.X=226|LOCATION.Y=541|NAME=Comment|TEXT=1K|UNIQUEID=JKFNCFOP|
RECORD=44|LINENO=1310|OWNERPARTID= -42|OWNERINDEX=1299|
RECORD=45|LINENO=1311|OWNERPARTID= -42|OWNERINDEX=1310|DATAFILECOUNT=1|DESCRIPTION=Resistor Footprint 0603|MODELDATAFILEENTITY0=0603_RES|MODELDATAFILEKIND0=PCBLib|MODELNAME=0603_RES|MODELTYPE=PCBLIB|UNIQUEID=GEHMXAYQ|
RECORD=46|LINENO=1312|OWNERPARTID= -42|OWNERINDEX=1311|
RECORD=48|LINENO=1313|OWNERPARTID= -42|OWNERINDEX=1311|
RECORD=45|LINENO=1314|OWNERPARTID= -42|OWNERINDEX=1310|DATAFILECOUNT=1|DESCRIPTION=Resistor FootPrint 0402|ISCURRENT=T|MODELDATAFILEENTITY0=0402_RES|MODELDATAFILEKIND0=PCBLib|MODELNAME=0402_RES|MODELTYPE=PCBLIB|UNIQUEID=NVBKQFBV|
RECORD=46|LINENO=1315|OWNERPARTID= -42|OWNERINDEX=1314|
RECORD=48|LINENO=1316|OWNERPARTID= -42|OWNERINDEX=1314|
RECORD= 1|LINENO=1317|OWNERPARTID=   0|OWNERINDEX= -42|ALLPINCOUNT=2|AREACOLOR=11599871|COMPONENTDESCRIPTION=Light-Emitting Diode|CURRENTPARTID=1|DESIGNITEMID=LED|DISPLAYMODECOUNT=1|LIBREFERENCE=LED|LOCATION.X=240|LOCATION.Y=530|PARTCOUNT=2|PARTIDLOCKED=F|SOURCELIBRARYNAME=Active.SchLib|TARGETFILENAME=*|UNIQUEID=WDCCKASG|
RECORD= 2|LINENO=1318|OWNERPARTID=   2|OWNERINDEX=1317|DESIGNATOR=A|ELECTRICAL=4|FORMALTYPE=1|LOCATION.X=247|LOCATION.Y=510|NAME=A|PINCONGLOMERATE=34|PINLENGTH=7|SWAPIDPIN=A|
RECORD=41|LINENO=1319|OWNERPARTID=   0|OWNERINDEX=1318|FONTID=1|ISHIDDEN=T|LOCATION.X=247|LOCATION.Y=510|NAME=PinUniqueId|TEXT=WMIGANWK|UNIQUEID=XJCPXAOC|
RECORD= 2|LINENO=1320|OWNERPARTID=   2|OWNERINDEX=1317|DESIGNATOR=K|ELECTRICAL=4|FORMALTYPE=1|LOCATION.X=258|LOCATION.Y=510|NAME=K|PINCONGLOMERATE=32|PINLENGTH=12|SWAPIDPIN=K|
RECORD=41|LINENO=1321|OWNERPARTID=   0|OWNERINDEX=1320|FONTID=1|ISHIDDEN=T|LOCATION.X=258|LOCATION.Y=510|NAME=PinUniqueId|TEXT=OWDXUKPW|UNIQUEID=GQNUHBHN|
RECORD=13|LINENO=1322|OWNERPARTID=   2|OWNERINDEX=1317|CORNER.X=258|CORNER.Y=522|LINEWIDTH=1|LOCATION.X=262|LOCATION.Y=526|
RECORD=13|LINENO=1323|OWNERPARTID=   2|OWNERINDEX=1317|CORNER.X=250|CORNER.Y=522|LINEWIDTH=1|LOCATION.X=254|LOCATION.Y=526|
RECORD= 7|LINENO=1324|OWNERPARTID=   2|OWNERINDEX=1317|AREACOLOR=16711680|ISSOLID=T|LINEWIDTH=1|LOCATIONCOUNT=3|X1=247|X2=257|X3=247|Y1=519|Y2=510|Y3=501|
RECORD= 7|LINENO=1325|OWNERPARTID=   2|OWNERINDEX=1317|AREACOLOR=16711680|ISSOLID=T|LINEWIDTH=1|LOCATIONCOUNT=4|X1=257|X2=258|X3=258|X4=257|Y1=519|Y2=519|Y3=501|Y4=501|
RECORD= 7|LINENO=1326|OWNERPARTID=   2|OWNERINDEX=1317|AREACOLOR=16711680|ISSOLID=T|LINEWIDTH=1|LOCATIONCOUNT=3|X1=261|X2=264|X3=264|Y1=528|Y2=528|Y3=525|
RECORD= 7|LINENO=1327|OWNERPARTID=   2|OWNERINDEX=1317|AREACOLOR=16711680|ISSOLID=T|LINEWIDTH=1|LOCATIONCOUNT=3|X1=253|X2=256|X3=256|Y1=528|Y2=528|Y3=525|
RECORD=41|LINENO=1328|OWNERPARTID=   0|OWNERINDEX=1317|FONTID=1|ISHIDDEN=T|LOCATION.X=238|LOCATION.Y=470|NAME=Part Number A|TEXT=*|UNIQUEID=EJSPMECY|
RECORD=34|LINENO=1329|OWNERPARTID=   0|OWNERINDEX=1317|FONTID=1|LOCATION.X=219|LOCATION.Y=499|NAME=Designator|TEXT=LED4|UNIQUEID=CAGHFBLC|
RECORD=41|LINENO=1330|OWNERPARTID=   0|OWNERINDEX=1317|FONTID=1|LOCATION.X=246|LOCATION.Y=490|NAME=Comment|TEXT=LED RED|UNIQUEID=FNMBBMFM|
RECORD=44|LINENO=1331|OWNERPARTID= -42|OWNERINDEX=1317|
RECORD=45|LINENO=1332|OWNERPARTID= -42|OWNERINDEX=1331|DATAFILECOUNT=1|DESCRIPTION=Resistor Footprint 0603|ISCURRENT=T|MODELDATAFILEENTITY0=0603_LED_RED|MODELDATAFILEKIND0=PCBLib|MODELNAME=0603_LED_RED|MODELTYPE=PCBLIB|UNIQUEID=TMMJWMMM|
RECORD=46|LINENO=1333|OWNERPARTID= -42|OWNERINDEX=1332|
RECORD=48|LINENO=1334|OWNERPARTID= -42|OWNERINDEX=1332|
RECORD=45|LINENO=1335|OWNERPARTID= -42|OWNERINDEX=1331|DATAFILECOUNT=1|DESCRIPTION=Resistor Footprint 0603|MODELDATAFILEENTITY0=0603_LED_GREEN|MODELDATAFILEKIND0=PCBLib|MODELNAME=0603_LED_GREEN|MODELTYPE=PCBLIB|UNIQUEID=RHDOSUOV|
RECORD=46|LINENO=1336|OWNERPARTID= -42|OWNERINDEX=1335|
RECORD=48|LINENO=1337|OWNERPARTID= -42|OWNERINDEX=1335|
RECORD=45|LINENO=1338|OWNERPARTID= -42|OWNERINDEX=1331|DATAFILECOUNT=1|DESCRIPTION=Resistor Footprint 0603|MODELDATAFILEENTITY0=0603_LED_Yellow|MODELDATAFILEKIND0=PCBLib|MODELNAME=0603_LED_Yellow|MODELTYPE=PCBLIB|UNIQUEID=WOGUSIQM|
RECORD=46|LINENO=1339|OWNERPARTID= -42|OWNERINDEX=1338|
RECORD=48|LINENO=1340|OWNERPARTID= -42|OWNERINDEX=1338|
RECORD=45|LINENO=1341|OWNERPARTID= -42|OWNERINDEX=1331|DATAFILECOUNT=1|DESCRIPTION=LED Blue 3mm TH V|MODELDATAFILEENTITY0=LED Blue 3mm TH V|MODELDATAFILEKIND0=PCBLib|MODELNAME=LED Blue 3mm TH V|MODELTYPE=PCBLIB|UNIQUEID=WOBVCDEC|
RECORD=46|LINENO=1342|OWNERPARTID= -42|OWNERINDEX=1341|
RECORD=48|LINENO=1343|OWNERPARTID= -42|OWNERINDEX=1341|
RECORD=45|LINENO=1344|OWNERPARTID= -42|OWNERINDEX=1331|DATAFILECOUNT=1|DESCRIPTION=LED Green 3mm TH V|MODELDATAFILEENTITY0=LED Green 3mm TH V|MODELDATAFILEKIND0=PCBLib|MODELNAME=LED Green 3mm TH V|MODELTYPE=PCBLIB|UNIQUEID=NCUBCREH|
RECORD=46|LINENO=1345|OWNERPARTID= -42|OWNERINDEX=1344|
RECORD=48|LINENO=1346|OWNERPARTID= -42|OWNERINDEX=1344|
RECORD=45|LINENO=1347|OWNERPARTID= -42|OWNERINDEX=1331|DATAFILECOUNT=1|DESCRIPTION=LED Red 3mm TH V|MODELDATAFILEENTITY0=LED Red 3mm TH V|MODELDATAFILEKIND0=PCBLib|MODELNAME=LED Red 3mm TH V|MODELTYPE=PCBLIB|UNIQUEID=GYTIQTQU|
RECORD=46|LINENO=1348|OWNERPARTID= -42|OWNERINDEX=1347|
RECORD=48|LINENO=1349|OWNERPARTID= -42|OWNERINDEX=1347|
RECORD=45|LINENO=1350|OWNERPARTID= -42|OWNERINDEX=1331|DATAFILECOUNT=1|DESCRIPTION=LED White 3mm TH V|MODELDATAFILEENTITY0=LED White 3mm TH V|MODELDATAFILEKIND0=PCBLib|MODELNAME=LED White 3mm TH V|MODELTYPE=PCBLIB|UNIQUEID=YISHASHJ|
RECORD=46|LINENO=1351|OWNERPARTID= -42|OWNERINDEX=1350|
RECORD=48|LINENO=1352|OWNERPARTID= -42|OWNERINDEX=1350|
RECORD=45|LINENO=1353|OWNERPARTID= -42|OWNERINDEX=1331|DATAFILECOUNT=1|DESCRIPTION=LED Yellow 3mm TH V|MODELDATAFILEENTITY0=LED Yellow 3mm TH V|MODELDATAFILEKIND0=PCBLib|MODELNAME=LED Yellow 3mm TH V|MODELTYPE=PCBLIB|UNIQUEID=CCNEGQQE|
RECORD=46|LINENO=1354|OWNERPARTID= -42|OWNERINDEX=1353|
RECORD=48|LINENO=1355|OWNERPARTID= -42|OWNERINDEX=1353|
RECORD=45|LINENO=1356|OWNERPARTID= -42|OWNERINDEX=1331|DATAFILECOUNT=1|DESCRIPTION=Resistor Footprint 0603|MODELDATAFILEENTITY0=0603_LED_Blue|MODELDATAFILEKIND0=PCBLib|MODELNAME=0603_LED_Blue|MODELTYPE=PCBLIB|UNIQUEID=UHFIMPMT|
RECORD=46|LINENO=1357|OWNERPARTID= -42|OWNERINDEX=1356|
RECORD=48|LINENO=1358|OWNERPARTID= -42|OWNERINDEX=1356|
RECORD= 1|LINENO=1359|OWNERPARTID=   0|OWNERINDEX= -42|ALLPINCOUNT=2|AREACOLOR=11599871|COMPONENTDESCRIPTION=Light-Emitting Diode|CURRENTPARTID=1|DESIGNITEMID=LED|DISPLAYMODECOUNT=1|LIBREFERENCE=LED|LOCATION.X=650|LOCATION.Y=570|ORIENTATION=3|PARTCOUNT=2|PARTIDLOCKED=F|SOURCELIBRARYNAME=Active.SchLib|TARGETFILENAME=*|UNIQUEID=OWRXEGON|
RECORD= 2|LINENO=1360|OWNERPARTID=   2|OWNERINDEX=1359|DESIGNATOR=A|ELECTRICAL=4|FORMALTYPE=1|LOCATION.X=630|LOCATION.Y=563|NAME=A|PINCONGLOMERATE=33|PINLENGTH=7|SWAPIDPIN=A|
RECORD=41|LINENO=1361|OWNERPARTID=   0|OWNERINDEX=1360|FONTID=1|ISHIDDEN=T|LOCATION.X=630|LOCATION.Y=563|NAME=PinUniqueId|TEXT=UAAGVFMS|UNIQUEID=UXNYRIOT|
RECORD= 2|LINENO=1362|OWNERPARTID=   2|OWNERINDEX=1359|DESIGNATOR=K|ELECTRICAL=4|FORMALTYPE=1|LOCATION.X=630|LOCATION.Y=552|NAME=K|PINCONGLOMERATE=35|PINLENGTH=12|SWAPIDPIN=K|
RECORD=41|LINENO=1363|OWNERPARTID=   0|OWNERINDEX=1362|FONTID=1|ISHIDDEN=T|LOCATION.X=630|LOCATION.Y=552|NAME=PinUniqueId|TEXT=DOMCPPIO|UNIQUEID=KTMWSRJD|
RECORD=13|LINENO=1364|OWNERPARTID=   2|OWNERINDEX=1359|CORNER.X=642|CORNER.Y=552|LINEWIDTH=1|LOCATION.X=646|LOCATION.Y=548|
RECORD=13|LINENO=1365|OWNERPARTID=   2|OWNERINDEX=1359|CORNER.X=642|CORNER.Y=560|LINEWIDTH=1|LOCATION.X=646|LOCATION.Y=556|
RECORD= 7|LINENO=1366|OWNERPARTID=   2|OWNERINDEX=1359|AREACOLOR=16711680|ISSOLID=T|LINEWIDTH=1|LOCATIONCOUNT=3|X1=639|X2=630|X3=621|Y1=563|Y2=553|Y3=563|
RECORD= 7|LINENO=1367|OWNERPARTID=   2|OWNERINDEX=1359|AREACOLOR=16711680|ISSOLID=T|LINEWIDTH=1|LOCATIONCOUNT=4|X1=639|X2=639|X3=621|X4=621|Y1=553|Y2=552|Y3=552|Y4=553|
RECORD= 7|LINENO=1368|OWNERPARTID=   2|OWNERINDEX=1359|AREACOLOR=16711680|ISSOLID=T|LINEWIDTH=1|LOCATIONCOUNT=3|X1=648|X2=648|X3=645|Y1=549|Y2=546|Y3=546|
RECORD= 7|LINENO=1369|OWNERPARTID=   2|OWNERINDEX=1359|AREACOLOR=16711680|ISSOLID=T|LINEWIDTH=1|LOCATIONCOUNT=3|X1=648|X2=648|X3=645|Y1=557|Y2=554|Y3=554|
RECORD=41|LINENO=1370|OWNERPARTID=   0|OWNERINDEX=1359|FONTID=1|ISHIDDEN=T|LOCATION.X=648|LOCATION.Y=510|NAME=Part Number A|TEXT=*|UNIQUEID=TOWTQKWQ|
RECORD=34|LINENO=1371|OWNERPARTID=   0|OWNERINDEX=1359|FONTID=1|LOCATION.X=634|LOCATION.Y=563|NAME=Designator|TEXT=LED5|UNIQUEID=UTIWVVCJ|
RECORD=41|LINENO=1372|OWNERPARTID=   0|OWNERINDEX=1359|FONTID=2|LOCATION.X=620|LOCATION.Y=539|NAME=Comment|ORIENTATION=1|TEXT=LED RED|UNIQUEID=GFNYIHOE|
RECORD=44|LINENO=1373|OWNERPARTID= -42|OWNERINDEX=1359|
RECORD=45|LINENO=1374|OWNERPARTID= -42|OWNERINDEX=1373|DATAFILECOUNT=1|DESCRIPTION=Resistor Footprint 0603|ISCURRENT=T|MODELDATAFILEENTITY0=0603_LED_RED|MODELDATAFILEKIND0=PCBLib|MODELNAME=0603_LED_RED|MODELTYPE=PCBLIB|UNIQUEID=UDQPIPMK|
RECORD=46|LINENO=1375|OWNERPARTID= -42|OWNERINDEX=1374|
RECORD=48|LINENO=1376|OWNERPARTID= -42|OWNERINDEX=1374|
RECORD=45|LINENO=1377|OWNERPARTID= -42|OWNERINDEX=1373|DATAFILECOUNT=1|DESCRIPTION=Resistor Footprint 0603|MODELDATAFILEENTITY0=0603_LED_GREEN|MODELDATAFILEKIND0=PCBLib|MODELNAME=0603_LED_GREEN|MODELTYPE=PCBLIB|UNIQUEID=OLFWVIEH|
RECORD=46|LINENO=1378|OWNERPARTID= -42|OWNERINDEX=1377|
RECORD=48|LINENO=1379|OWNERPARTID= -42|OWNERINDEX=1377|
RECORD=45|LINENO=1380|OWNERPARTID= -42|OWNERINDEX=1373|DATAFILECOUNT=1|DESCRIPTION=Resistor Footprint 0603|MODELDATAFILEENTITY0=0603_LED_Yellow|MODELDATAFILEKIND0=PCBLib|MODELNAME=0603_LED_Yellow|MODELTYPE=PCBLIB|UNIQUEID=DMDRILSB|
RECORD=46|LINENO=1381|OWNERPARTID= -42|OWNERINDEX=1380|
RECORD=48|LINENO=1382|OWNERPARTID= -42|OWNERINDEX=1380|
RECORD=45|LINENO=1383|OWNERPARTID= -42|OWNERINDEX=1373|DATAFILECOUNT=1|DESCRIPTION=LED Blue 3mm TH V|MODELDATAFILEENTITY0=LED Blue 3mm TH V|MODELDATAFILEKIND0=PCBLib|MODELNAME=LED Blue 3mm TH V|MODELTYPE=PCBLIB|UNIQUEID=FWMVAXLK|
RECORD=46|LINENO=1384|OWNERPARTID= -42|OWNERINDEX=1383|
RECORD=48|LINENO=1385|OWNERPARTID= -42|OWNERINDEX=1383|
RECORD=45|LINENO=1386|OWNERPARTID= -42|OWNERINDEX=1373|DATAFILECOUNT=1|DESCRIPTION=LED Green 3mm TH V|MODELDATAFILEENTITY0=LED Green 3mm TH V|MODELDATAFILEKIND0=PCBLib|MODELNAME=LED Green 3mm TH V|MODELTYPE=PCBLIB|UNIQUEID=SWHRWYLQ|
RECORD=46|LINENO=1387|OWNERPARTID= -42|OWNERINDEX=1386|
RECORD=48|LINENO=1388|OWNERPARTID= -42|OWNERINDEX=1386|
RECORD=45|LINENO=1389|OWNERPARTID= -42|OWNERINDEX=1373|DATAFILECOUNT=1|DESCRIPTION=LED Red 3mm TH V|MODELDATAFILEENTITY0=LED Red 3mm TH V|MODELDATAFILEKIND0=PCBLib|MODELNAME=LED Red 3mm TH V|MODELTYPE=PCBLIB|UNIQUEID=WIVCIEGE|
RECORD=46|LINENO=1390|OWNERPARTID= -42|OWNERINDEX=1389|
RECORD=48|LINENO=1391|OWNERPARTID= -42|OWNERINDEX=1389|
RECORD=45|LINENO=1392|OWNERPARTID= -42|OWNERINDEX=1373|DATAFILECOUNT=1|DESCRIPTION=LED White 3mm TH V|MODELDATAFILEENTITY0=LED White 3mm TH V|MODELDATAFILEKIND0=PCBLib|MODELNAME=LED White 3mm TH V|MODELTYPE=PCBLIB|UNIQUEID=JYXDFIOU|
RECORD=46|LINENO=1393|OWNERPARTID= -42|OWNERINDEX=1392|
RECORD=48|LINENO=1394|OWNERPARTID= -42|OWNERINDEX=1392|
RECORD=45|LINENO=1395|OWNERPARTID= -42|OWNERINDEX=1373|DATAFILECOUNT=1|DESCRIPTION=LED Yellow 3mm TH V|MODELDATAFILEENTITY0=LED Yellow 3mm TH V|MODELDATAFILEKIND0=PCBLib|MODELNAME=LED Yellow 3mm TH V|MODELTYPE=PCBLIB|UNIQUEID=CPXHVKMJ|
RECORD=46|LINENO=1396|OWNERPARTID= -42|OWNERINDEX=1395|
RECORD=48|LINENO=1397|OWNERPARTID= -42|OWNERINDEX=1395|
RECORD=45|LINENO=1398|OWNERPARTID= -42|OWNERINDEX=1373|DATAFILECOUNT=1|DESCRIPTION=Resistor Footprint 0603|MODELDATAFILEENTITY0=0603_LED_Blue|MODELDATAFILEKIND0=PCBLib|MODELNAME=0603_LED_Blue|MODELTYPE=PCBLIB|UNIQUEID=XPICVVVB|
RECORD=46|LINENO=1399|OWNERPARTID= -42|OWNERINDEX=1398|
RECORD=48|LINENO=1400|OWNERPARTID= -42|OWNERINDEX=1398|
RECORD= 1|LINENO=1401|OWNERPARTID=   0|OWNERINDEX= -42|ALLPINCOUNT=3|AREACOLOR=11599871|COMPONENTDESCRIPTION=IC REG LDO 5V 0.8A SOT223|CURRENTPARTID=1|DESIGNITEMID=LD1117S50TR|DISPLAYMODECOUNT=1|LIBREFERENCE=LD1117S50TR|LOCATION.X=340|LOCATION.Y=680|PARTCOUNT=2|PARTIDLOCKED=F|SOURCELIBRARYNAME=Active.SchLib|TARGETFILENAME=*|UNIQUEID=KLCVLJEM|
RECORD=41|LINENO=1402|OWNERPARTID=   0|OWNERINDEX=1401|FONTID=1|ISHIDDEN=T|LOCATION.X=288|LOCATION.Y=710|NAME=ECCN_US/EU|TEXT=EAR99/NEC|UNIQUEID=FESTQAYF|
RECORD=41|LINENO=1403|OWNERPARTID=   0|OWNERINDEX=1401|FONTID=1|ISHIDDEN=T|LOCATION.X=288|LOCATION.Y=710|NAME=Manuf_1|TEXT=STM|UNIQUEID=CYVJUNDJ|
RECORD=41|LINENO=1404|OWNERPARTID=   0|OWNERINDEX=1401|FONTID=1|ISHIDDEN=T|LOCATION.X=288|LOCATION.Y=710|NAME=Manuf_Part_1|TEXT=LD1117S50TR|UNIQUEID=HCOBBXNG|
RECORD=41|LINENO=1405|OWNERPARTID=   0|OWNERINDEX=1401|FONTID=1|ISHIDDEN=T|LOCATION.X=288|LOCATION.Y=710|NAME=Ref St|TEXT=9176133|UNIQUEID=AXWBJCQH|
RECORD=41|LINENO=1406|OWNERPARTID=   0|OWNERINDEX=1401|FONTID=1|ISHIDDEN=T|LOCATION.X=288|LOCATION.Y=628|NAME=Distrib|TEXT=STM|UNIQUEID=MAPHGQGC|
RECORD=41|LINENO=1407|OWNERPARTID=   0|OWNERINDEX=1401|FONTID=1|ISHIDDEN=T|LOCATION.X=288|LOCATION.Y=628|NAME=Fitted|TEXT=YES|UNIQUEID=VLBYCAYH|
RECORD=41|LINENO=1408|OWNERPARTID=   0|OWNERINDEX=1401|FONTID=1|ISHIDDEN=T|LOCATION.X=288|LOCATION.Y=710|NAME=Ordered_By|TEXT=STM|UNIQUEID=CRRODXUD|
RECORD=41|LINENO=1409|OWNERPARTID=   0|OWNERINDEX=1401|FONTID=1|ISHIDDEN=T|LOCATION.X=288|LOCATION.Y=628|NAME=Order_code|TEXT=LD1117S50TR|UNIQUEID=WYGLLXHO|
RECORD=41|LINENO=1410|OWNERPARTID=   0|OWNERINDEX=1401|FONTID=1|ISHIDDEN=T|LOCATION.X=288|LOCATION.Y=628|NAME=Value|TEXT=LD1117S50TR|UNIQUEID=YCGVNNSX|
RECORD=14|LINENO=1411|OWNERPARTID=   2|OWNERINDEX=1401|AREACOLOR=11599871|CORNER.X=370|CORNER.Y=690|ISSOLID=T|LOCATION.X=310|LOCATION.Y=660|
RECORD= 2|LINENO=1412|OWNERPARTID=   2|OWNERINDEX=1401|DESIGNATOR=3|ELECTRICAL=4|FORMALTYPE=1|LOCATION.X=310|LOCATION.Y=680|NAME=Vin|PINCONGLOMERATE=58|PINLENGTH=20|SWAPIDPART=0|SWAPIDPIN=3|
RECORD=41|LINENO=1413|OWNERPARTID=   0|OWNERINDEX=1412|FONTID=1|ISHIDDEN=T|LOCATION.X=310|LOCATION.Y=680|NAME=PinUniqueId|TEXT=IAXLKYNY|UNIQUEID=JSWAOVGO|
RECORD= 2|LINENO=1414|OWNERPARTID=   2|OWNERINDEX=1401|DESIGNATOR=2|ELECTRICAL=4|FORMALTYPE=1|LOCATION.X=370|LOCATION.Y=680|NAME=Vout|PINCONGLOMERATE=56|PINLENGTH=20|SWAPIDPART=0|SWAPIDPIN=2|
RECORD=41|LINENO=1415|OWNERPARTID=   0|OWNERINDEX=1414|FONTID=1|ISHIDDEN=T|LOCATION.X=370|LOCATION.Y=680|NAME=PinUniqueId|TEXT=XKDAQJXR|UNIQUEID=DMNIOUOK|
RECORD= 2|LINENO=1416|OWNERPARTID=   2|OWNERINDEX=1401|DESIGNATOR=1|ELECTRICAL=4|FORMALTYPE=1|LOCATION.X=340|LOCATION.Y=660|NAME=Gnd|PINCONGLOMERATE=59|PINLENGTH=20|SWAPIDPART=0|SWAPIDPIN=1|
RECORD=41|LINENO=1417|OWNERPARTID=   0|OWNERINDEX=1416|FONTID=1|ISHIDDEN=T|LOCATION.X=340|LOCATION.Y=660|NAME=PinUniqueId|TEXT=YJTCSUCJ|UNIQUEID=KQSPHRGK|
RECORD=34|LINENO=1418|OWNERPARTID=   0|OWNERINDEX=1401|FONTID=1|LOCATION.X=310|LOCATION.Y=690|NAME=Designator|TEXT=U2|UNIQUEID=RFYUIQMC|
RECORD=41|LINENO=1419|OWNERPARTID=   0|OWNERINDEX=1401|FONTID=1|LOCATION.X=340|LOCATION.Y=690|NAME=Comment|TEXT==Value|UNIQUEID=WCWCRYUX|
RECORD=44|LINENO=1420|OWNERPARTID= -42|OWNERINDEX=1401|
RECORD=45|LINENO=1421|OWNERPARTID= -42|OWNERINDEX=1420|DATAFILECOUNT=1|ISCURRENT=T|MODELDATAFILEENTITY0=SOT223_SC73_A|MODELDATAFILEKIND0=PCBLib|MODELNAME=SOT223_SC73_A|MODELTYPE=PCBLIB|UNIQUEID=IYNFRSBV|
RECORD=46|LINENO=1422|OWNERPARTID= -42|OWNERINDEX=1421|
RECORD=48|LINENO=1423|OWNERPARTID= -42|OWNERINDEX=1421|
RECORD=45|LINENO=1424|OWNERPARTID= -42|OWNERINDEX=1420|DATAFILECOUNT=1|MODELDATAFILEENTITY0=SOT223_SC73_B|MODELDATAFILEKIND0=PCBLib|MODELNAME=SOT223_SC73_B|MODELTYPE=PCBLIB|UNIQUEID=AYVJVEJT|
RECORD=46|LINENO=1425|OWNERPARTID= -42|OWNERINDEX=1424|
RECORD=48|LINENO=1426|OWNERPARTID= -42|OWNERINDEX=1424|
RECORD= 1|LINENO=1427|OWNERPARTID=   0|OWNERINDEX= -42|ALLPINCOUNT=6|AREACOLOR=11599871|COMPONENTDESCRIPTION=3.3V voltage regulator 500mA|CURRENTPARTID=1|DESIGNITEMID=LD39050PU33R|DISPLAYMODECOUNT=1|LIBRARYPATH=*|LIBREFERENCE=LD39050PU33R|LOCATION.X=780|LOCATION.Y=610|PARTCOUNT=2|PARTIDLOCKED=F|SOURCELIBRARYNAME=Active.SchLib|TARGETFILENAME=*|UNIQUEID=EMBQXHCA|
RECORD=14|LINENO=1428|OWNERPARTID=   2|OWNERINDEX=1427|AREACOLOR=16777215|CORNER.X=870|CORNER.Y=620|ISSOLID=T|LINEWIDTH=1|LOCATION.X=800|LOCATION.Y=580|
RECORD= 2|LINENO=1429|OWNERPARTID=   2|OWNERINDEX=1427|DESIGNATOR=4|ELECTRICAL=4|FORMALTYPE=1|LOCATION.X=870|LOCATION.Y=610|NAME=VOUT|PINCONGLOMERATE=48|PINLENGTH=10|
RECORD=41|LINENO=1430|OWNERPARTID=   0|OWNERINDEX=1429|FONTID=1|ISHIDDEN=T|LOCATION.X=870|LOCATION.Y=610|NAME=PinUniqueId|TEXT=HETMXXHA|UNIQUEID=YMRBLODM|
RECORD= 2|LINENO=1431|OWNERPARTID=   2|OWNERINDEX=1427|DESIGNATOR=6|ELECTRICAL=4|FORMALTYPE=1|LOCATION.X=800|LOCATION.Y=610|NAME=VIN|PINCONGLOMERATE=50|PINLENGTH=10|
RECORD=41|LINENO=1432|OWNERPARTID=   0|OWNERINDEX=1431|FONTID=1|ISHIDDEN=T|LOCATION.X=800|LOCATION.Y=610|NAME=PinUniqueId|TEXT=SJDLPUQA|UNIQUEID=UGVACFWF|
RECORD= 2|LINENO=1433|OWNERPARTID=   2|OWNERINDEX=1427|DESIGNATOR=2|ELECTRICAL=4|FORMALTYPE=1|LOCATION.X=820|LOCATION.Y=580|NAME=VSS|PINCONGLOMERATE=51|PINLENGTH=10|
RECORD=41|LINENO=1434|OWNERPARTID=   0|OWNERINDEX=1433|FONTID=1|ISHIDDEN=T|LOCATION.X=820|LOCATION.Y=580|NAME=PinUniqueId|TEXT=MUAPYUOO|UNIQUEID=DSHGSLKB|
RECORD= 4|LINENO=1435|OWNERPARTID=   2|OWNERINDEX=1427|FONTID=4|LOCATION.X=812|LOCATION.Y=580|TEXT=GND|
RECORD= 2|LINENO=1436|OWNERPARTID=   2|OWNERINDEX=1427|DESIGNATOR=1|ELECTRICAL=4|FORMALTYPE=1|LOCATION.X=800|LOCATION.Y=600|NAME=EN|PINCONGLOMERATE=50|PINLENGTH=10|
RECORD=41|LINENO=1437|OWNERPARTID=   0|OWNERINDEX=1436|FONTID=1|ISHIDDEN=T|LOCATION.X=800|LOCATION.Y=600|NAME=PinUniqueId|TEXT=BRARRTPT|UNIQUEID=QYGKLJYS|
RECORD= 2|LINENO=1438|OWNERPARTID=   2|OWNERINDEX=1427|DESIGNATOR=3|ELECTRICAL=4|FORMALTYPE=1|LOCATION.X=850|LOCATION.Y=580|NAME=PG|PINCONGLOMERATE=51|PINLENGTH=10|
RECORD=41|LINENO=1439|OWNERPARTID=   0|OWNERINDEX=1438|FONTID=1|ISHIDDEN=T|LOCATION.X=850|LOCATION.Y=580|NAME=PinUniqueId|TEXT=MDGUSTUA|UNIQUEID=UOTWENSX|
RECORD= 4|LINENO=1440|OWNERPARTID=   2|OWNERINDEX=1427|FONTID=4|LOCATION.X=845|LOCATION.Y=580|TEXT=PG|
RECORD= 4|LINENO=1441|OWNERPARTID=   2|OWNERINDEX=1427|FONTID=4|LOCATION.X=802|LOCATION.Y=596|TEXT=EN|
RECORD= 4|LINENO=1442|OWNERPARTID=   2|OWNERINDEX=1427|FONTID=4|LOCATION.X=801|LOCATION.Y=607|TEXT=VIN|
RECORD= 4|LINENO=1443|OWNERPARTID=   2|OWNERINDEX=1427|FONTID=4|LOCATION.X=849|LOCATION.Y=607|TEXT=VOUT|
RECORD= 2|LINENO=1444|OWNERPARTID=   2|OWNERINDEX=1427|DESIGNATOR=7|ELECTRICAL=4|FORMALTYPE=1|LOCATION.X=880|LOCATION.Y=580|NAME=7|PINCONGLOMERATE=51|PINLENGTH=10|
RECORD=41|LINENO=1445|OWNERPARTID=   0|OWNERINDEX=1444|FONTID=1|ISHIDDEN=T|LOCATION.X=880|LOCATION.Y=580|NAME=PinUniqueId|TEXT=RYQNFVSR|UNIQUEID=YECUGSXG|
RECORD= 6|LINENO=1446|OWNERPARTID=   2|OWNERINDEX=1427|LINEWIDTH=1|LOCATIONCOUNT=3|X1=872|X2=872|X3=864|Y1=590|Y2=578|Y3=578|
RECORD= 6|LINENO=1447|OWNERPARTID=   2|OWNERINDEX=1427|LINEWIDTH=1|LOCATIONCOUNT=2|X1=872|X2=880|Y1=580|Y2=580|
RECORD=34|LINENO=1448|OWNERPARTID=   0|OWNERINDEX=1427|FONTID=1|LOCATION.X=800|LOCATION.Y=620|NAME=Designator|TEXT=U3|UNIQUEID=PUJGFUMR|
RECORD=41|LINENO=1449|OWNERPARTID=   0|OWNERINDEX=1427|FONTID=1|LOCATION.X=799|LOCATION.Y=629|NAME=Comment|TEXT=LD39050PU33R|UNIQUEID=AVEIBTFY|
RECORD=44|LINENO=1450|OWNERPARTID= -42|OWNERINDEX=1427|
RECORD=45|LINENO=1451|OWNERPARTID= -42|OWNERINDEX=1450|DATAFILECOUNT=1|DESCRIPTION=DFN6 3x3mm heigh=0.8mm|ISCURRENT=T|MODELDATAFILEENTITY0=DFN6 3x3mm|MODELDATAFILEKIND0=PCBLib|MODELNAME=DFN6 3x3mm|MODELTYPE=PCBLIB|UNIQUEID=GPAWCPWN|
RECORD=46|LINENO=1452|OWNERPARTID= -42|OWNERINDEX=1451|
RECORD=48|LINENO=1453|OWNERPARTID= -42|OWNERINDEX=1451|
RECORD=22|LINENO=1454|OWNERPARTID=   0|OWNERINDEX= -42|ISACTIVE=T|LOCATION.X=850|LOCATION.Y=570|ORIENTATION=1|SUPPRESSALL=T|SYMBOL=Thin Cross|UNIQUEID=YQXXBVTH|
RECORD=17|LINENO=1455|OWNERPARTID=   0|OWNERINDEX= -42|FONTID=2|LOCATION.X=880|LOCATION.Y=570|ORIENTATION=3|SHOWNETNAME=T|STYLE=1|TEXT=GND|UNIQUEID=HYWSOWBR|
RECORD= 4|LINENO=1456|OWNERPARTID=   0|OWNERINDEX= -42|FONTID=5|LOCATION.X=60|LOCATION.Y=700|TEXT=Arduino|
RECORD= 4|LINENO=1457|OWNERPARTID=   0|OWNERINDEX= -42|FONTID=5|LOCATION.X=60|LOCATION.Y=690|TEXT=Morpho|
RECORD= 6|LINENO=1458|OWNERPARTID=   0|OWNERINDEX= -42|LINEWIDTH=1|LOCATIONCOUNT=4|X1=100|X2=90|X3=90|X4=100|Y1=720|Y2=710|Y3=680|Y4=670|
RECORD= 6|LINENO=1459|OWNERPARTID=   0|OWNERINDEX= -42|LINEWIDTH=1|LOCATIONCOUNT=6|X1=880|X2=1120|X3=1120|X4=870|X5=870|X6=880|Y1=160|Y2=160|Y3=90|Y4=90|Y5=160|Y6=160|
RECORD= 4|LINENO=1460|OWNERPARTID=   0|OWNERINDEX= -42|FONTID=5|LOCATION.X=960|LOCATION.Y=150|TEXT=Ground for Probing|
RECORD=17|LINENO=1461|OWNERPARTID=   0|OWNERINDEX= -42|FONTID=2|LOCATION.X=920|LOCATION.Y=300|ORIENTATION=1|SHOWNETNAME=T|STYLE=2|TEXT=5V_USB_STLINK|UNIQUEID=FEMHKOOU|
RECORD= 1|LINENO=1462|OWNERPARTID=   0|OWNERINDEX= -42|ALLPINCOUNT=2|AREACOLOR=11599871|CURRENTPARTID=1|DESIGNITEMID=CR2032-SCK1B|DISPLAYMODECOUNT=1|LIBREFERENCE=CR2032-SCK1B|LOCATION.X=90|LOCATION.Y=430|ORIENTATION=3|PARTCOUNT=2|PARTIDLOCKED=F|SOURCELIBRARYNAME=Battery_Acc_Generator.SchLib|TARGETFILENAME=*|UNIQUEID=KPGLCGEB|
RECORD= 8|LINENO=1463|OWNERPARTID=   2|OWNERINDEX=1462|AREACOLOR=50331647|ISSOLID=T|LINEWIDTH=1|LOCATION.X=100|LOCATION.Y=430|RADIUS=20|SECONDARYRADIUS=20|
RECORD= 2|LINENO=1464|OWNERPARTID=   2|OWNERINDEX=1462|%UTF8%SWAPIDPART=0Â¦&Â¦0|DESIGNATOR=1|ELECTRICAL=4|FORMALTYPE=1|LOCATION.X=120|LOCATION.Y=430|NAME=+|PINCONGLOMERATE=56|PINLENGTH=10|SWAPIDPART=0Ž&Ž0|SWAPIDPIN=1|
RECORD=41|LINENO=1465|OWNERPARTID=   0|OWNERINDEX=1464|FONTID=1|ISHIDDEN=T|LOCATION.X=120|LOCATION.Y=430|NAME=PinUniqueId|TEXT=TAXALMUX|UNIQUEID=UBQOITLR|
RECORD= 2|LINENO=1466|OWNERPARTID=   2|OWNERINDEX=1462|%UTF8%SWAPIDPART=0Â¦&Â¦0|DESIGNATOR=2|ELECTRICAL=4|FORMALTYPE=1|LOCATION.X=80|LOCATION.Y=430|NAME=-|PINCONGLOMERATE=58|PINLENGTH=10|SWAPIDPART=0Ž&Ž0|SWAPIDPIN=2|
RECORD=41|LINENO=1467|OWNERPARTID=   0|OWNERINDEX=1466|FONTID=1|ISHIDDEN=T|LOCATION.X=80|LOCATION.Y=430|NAME=PinUniqueId|TEXT=SCYYBQNT|UNIQUEID=WNOOKVMF|
RECORD= 4|LINENO=1468|OWNERPARTID=   2|OWNERINDEX=1462|FONTID=6|LOCATION.X=99|LOCATION.Y=441|ORIENTATION=3|TEXT=Socket|
RECORD= 4|LINENO=1469|OWNERPARTID=   2|OWNERINDEX=1462|FONTID=6|LOCATION.X=91|LOCATION.Y=443|ORIENTATION=3|TEXT=CR2032|
RECORD= 6|LINENO=1470|OWNERPARTID=   2|OWNERINDEX=1462|LINEWIDTH=1|LOCATIONCOUNT=10|X1=120|X10=120|X2=120|X3=114|X4=114|X5=118|X6=118|X7=114|X8=114|X9=120|Y1=430|Y10=430|Y2=433|Y3=433|Y4=432|Y5=432|Y6=428|Y7=428|Y8=427|Y9=427|
RECORD= 6|LINENO=1471|OWNERPARTID=   2|OWNERINDEX=1462|LINEWIDTH=1|LOCATIONCOUNT=6|X1=80|X2=80|X3=86|X4=86|X5=80|X6=80|Y1=430|Y2=426|Y3=426|Y4=434|Y5=434|Y6=430|
RECORD=34|LINENO=1472|OWNERPARTID=   0|OWNERINDEX=1462|FONTID=1|LOCATION.X=53|LOCATION.Y=407|NAME=Designator|TEXT=SK_BT1|UNIQUEID=PICSDUBT|
RECORD=41|LINENO=1473|OWNERPARTID=   0|OWNERINDEX=1462|FONTID=1|LOCATION.X=41|LOCATION.Y=397|NAME=Comment|TEXT=CR2032-SCK1B|UNIQUEID=VFUJNXKY|
RECORD=44|LINENO=1474|OWNERPARTID= -42|OWNERINDEX=1462|
RECORD=45|LINENO=1475|OWNERPARTID= -42|OWNERINDEX=1474|DATAFILECOUNT=1|ISCURRENT=T|MODELDATAFILEENTITY0=CR2032-SCK1|MODELDATAFILEKIND0=PCBLib|MODELNAME=CR2032-SCK1|MODELTYPE=PCBLIB|UNIQUEID=CETFTQFV|
RECORD=46|LINENO=1476|OWNERPARTID= -42|OWNERINDEX=1475|
RECORD=48|LINENO=1477|OWNERPARTID= -42|OWNERINDEX=1475|
RECORD= 1|LINENO=1478|OWNERPARTID=   0|OWNERINDEX= -42|AREACOLOR=11599871|COMPONENTDESCRIPTION=Jumper 2.54mm|CURRENTPARTID=1|DESIGNITEMID=Jumper 2.54mm|DISPLAYMODECOUNT=1|LIBRARYPATH=*|LIBREFERENCE=Jumper 2.54mm|LOCATION.X=530|LOCATION.Y=570|ORIENTATION=1|PARTCOUNT=2|PARTIDLOCKED=T|SOURCELIBRARYNAME=Connector.SchLib|TARGETFILENAME=*|UNIQUEID=SMQHEKVK|
RECORD= 6|LINENO=1479|OWNERPARTID=   2|OWNERINDEX=1478|LINEWIDTH=1|LOCATIONCOUNT=5|X1=524|X2=524|X3=536|X4=536|X5=524|Y1=566|Y2=574|Y3=574|Y4=566|Y5=566|
RECORD= 6|LINENO=1480|OWNERPARTID=   2|OWNERINDEX=1478|LINEWIDTH=1|LOCATIONCOUNT=6|X1=526|X2=526|X3=534|X4=534|X5=532|X6=532|Y1=568|Y2=572|Y3=572|Y4=568|Y5=568|Y6=570|
RECORD= 6|LINENO=1481|OWNERPARTID=   2|OWNERINDEX=1478|LINEWIDTH=1|LOCATIONCOUNT=3|X1=526|X2=528|X3=528|Y1=568|Y2=568|Y3=570|
RECORD=41|LINENO=1482|OWNERPARTID=   0|OWNERINDEX=1478|FONTID=1|LOCATION.X=523|LOCATION.Y=545|NAME=Default|TEXT=JP1(7-8)|UNIQUEID=AARAPNOE|
RECORD=34|LINENO=1483|OWNERPARTID=   0|OWNERINDEX=1478|FONTID=1|LOCATION.X=523|LOCATION.Y=575|NAME=Designator|TEXT=JMP1|UNIQUEID=CHDCTMDE|
RECORD=41|LINENO=1484|OWNERPARTID=   0|OWNERINDEX=1478|FONTID=1|LOCATION.X=523|LOCATION.Y=555|NAME=Comment|TEXT=Jumper 2.54mm|UNIQUEID=LFBFJGQH|
RECORD=44|LINENO=1485|OWNERPARTID= -42|OWNERINDEX=1478|
RECORD=45|LINENO=1486|OWNERPARTID= -42|OWNERINDEX=1485|DATAFILECOUNT=1|DESCRIPTION=Jumper 2.54mm Black|ISCURRENT=T|MODELDATAFILEENTITY0=Jumper 2.54mm BLACK|MODELDATAFILEKIND0=PCBLib|MODELNAME=Jumper 2.54mm BLACK|MODELTYPE=PCBLIB|UNIQUEID=RHVIDTIS|
RECORD=46|LINENO=1487|OWNERPARTID= -42|OWNERINDEX=1486|
RECORD=48|LINENO=1488|OWNERPARTID= -42|OWNERINDEX=1486|
RECORD= 1|LINENO=1489|OWNERPARTID=   0|OWNERINDEX= -42|AREACOLOR=11599871|COMPONENTDESCRIPTION=Jumper 2.54mm|CURRENTPARTID=1|DESIGNITEMID=Jumper 2.54mm|DISPLAYMODECOUNT=1|LIBRARYPATH=*|LIBREFERENCE=Jumper 2.54mm|LOCATION.X=1070|LOCATION.Y=570|ORIENTATION=1|PARTCOUNT=2|PARTIDLOCKED=T|SOURCELIBRARYNAME=Connector.SchLib|TARGETFILENAME=*|UNIQUEID=HFDFLTUR|
RECORD= 6|LINENO=1490|OWNERPARTID=   2|OWNERINDEX=1489|LINEWIDTH=1|LOCATIONCOUNT=5|X1=1064|X2=1064|X3=1076|X4=1076|X5=1064|Y1=566|Y2=574|Y3=574|Y4=566|Y5=566|
RECORD= 6|LINENO=1491|OWNERPARTID=   2|OWNERINDEX=1489|LINEWIDTH=1|LOCATIONCOUNT=6|X1=1066|X2=1066|X3=1074|X4=1074|X5=1072|X6=1072|Y1=568|Y2=572|Y3=572|Y4=568|Y5=568|Y6=570|
RECORD= 6|LINENO=1492|OWNERPARTID=   2|OWNERINDEX=1489|LINEWIDTH=1|LOCATIONCOUNT=3|X1=1066|X2=1068|X3=1068|Y1=568|Y2=568|Y3=570|
RECORD=41|LINENO=1493|OWNERPARTID=   0|OWNERINDEX=1489|FONTID=1|LOCATION.X=1063|LOCATION.Y=545|NAME=Default|TEXT=JP2(1-2)|UNIQUEID=AFLGOTFK|
RECORD=34|LINENO=1494|OWNERPARTID=   0|OWNERINDEX=1489|FONTID=1|LOCATION.X=1063|LOCATION.Y=575|NAME=Designator|TEXT=JMP2|UNIQUEID=ATFIJUIT|
RECORD=41|LINENO=1495|OWNERPARTID=   0|OWNERINDEX=1489|FONTID=1|LOCATION.X=1063|LOCATION.Y=555|NAME=Comment|TEXT=Jumper 2.54mm|UNIQUEID=KJNOHCWH|
RECORD=44|LINENO=1496|OWNERPARTID= -42|OWNERINDEX=1489|
RECORD=45|LINENO=1497|OWNERPARTID= -42|OWNERINDEX=1496|DATAFILECOUNT=1|DESCRIPTION=Jumper 2.54mm Black|ISCURRENT=T|MODELDATAFILEENTITY0=Jumper 2.54mm BLACK|MODELDATAFILEKIND0=PCBLib|MODELNAME=Jumper 2.54mm BLACK|MODELTYPE=PCBLIB|UNIQUEID=NIHNWTLE|
RECORD=46|LINENO=1498|OWNERPARTID= -42|OWNERINDEX=1497|
RECORD=48|LINENO=1499|OWNERPARTID= -42|OWNERINDEX=1497|
RECORD= 1|LINENO=1500|OWNERPARTID=   0|OWNERINDEX= -42|AREACOLOR=11599871|COMPONENTDESCRIPTION=Jumper 2.54mm|CURRENTPARTID=1|DESIGNITEMID=Jumper 2.54mm|DISPLAYMODECOUNT=1|LIBRARYPATH=*|LIBREFERENCE=Jumper 2.54mm|LOCATION.X=740|LOCATION.Y=300|ORIENTATION=3|PARTCOUNT=2|PARTIDLOCKED=T|SOURCELIBRARYNAME=Connector.SchLib|TARGETFILENAME=*|UNIQUEID=OUYWWNDJ|
RECORD= 6|LINENO=1501|OWNERPARTID=   2|OWNERINDEX=1500|LINEWIDTH=1|LOCATIONCOUNT=5|X1=746|X2=746|X3=734|X4=734|X5=746|Y1=304|Y2=296|Y3=296|Y4=304|Y5=304|
RECORD= 6|LINENO=1502|OWNERPARTID=   2|OWNERINDEX=1500|LINEWIDTH=1|LOCATIONCOUNT=6|X1=744|X2=744|X3=736|X4=736|X5=738|X6=738|Y1=302|Y2=298|Y3=298|Y4=302|Y5=302|Y6=300|
RECORD= 6|LINENO=1503|OWNERPARTID=   2|OWNERINDEX=1500|LINEWIDTH=1|LOCATIONCOUNT=3|X1=744|X2=742|X3=742|Y1=302|Y2=302|Y3=300|
RECORD=41|LINENO=1504|OWNERPARTID=   0|OWNERINDEX=1500|FONTID=1|LOCATION.X=733|LOCATION.Y=275|NAME=default|TEXT=JP3(1-2)|UNIQUEID=BAYDIUIG|
RECORD=34|LINENO=1505|OWNERPARTID=   0|OWNERINDEX=1500|FONTID=1|LOCATION.X=733|LOCATION.Y=305|NAME=Designator|TEXT=JMP3|UNIQUEID=PQHVTLBU|
RECORD=41|LINENO=1506|OWNERPARTID=   0|OWNERINDEX=1500|FONTID=1|LOCATION.X=733|LOCATION.Y=285|NAME=Comment|TEXT=Jumper 2.54mm|UNIQUEID=GPXTLAYT|
RECORD=44|LINENO=1507|OWNERPARTID= -42|OWNERINDEX=1500|
RECORD=45|LINENO=1508|OWNERPARTID= -42|OWNERINDEX=1507|DATAFILECOUNT=1|DESCRIPTION=Jumper 2.54mm Black|ISCURRENT=T|MODELDATAFILEENTITY0=Jumper 2.54mm BLACK|MODELDATAFILEKIND0=PCBLib|MODELNAME=Jumper 2.54mm BLACK|MODELTYPE=PCBLIB|UNIQUEID=YLWUVUVA|
RECORD=46|LINENO=1509|OWNERPARTID= -42|OWNERINDEX=1508|
RECORD=48|LINENO=1510|OWNERPARTID= -42|OWNERINDEX=1508|
RECORD= 1|LINENO=1511|OWNERPARTID=   0|OWNERINDEX= -42|ALLPINCOUNT=5|AREACOLOR=11599871|COMPONENTDESCRIPTION=3.3V low drop voltage regulator|CURRENTPARTID=1|DESIGNITEMID=LD3985M33R|DISPLAYMODECOUNT=1|LIBRARYPATH=*|LIBREFERENCE=LD3985M33R|LOCATION.X=940|LOCATION.Y=270|PARTCOUNT=2|PARTIDLOCKED=F|SOURCELIBRARYNAME=Active.SchLib|TARGETFILENAME=*|UNIQUEID=AMJULRIH|
RECORD=41|LINENO=1512|OWNERPARTID=   0|OWNERINDEX=1511|FONTID=1|ISHIDDEN=T|LOCATION.X=928|LOCATION.Y=208|NAME=Manufacturer|TEXT=STMicroelectronics|UNIQUEID=BGNLAMAA|
RECORD=41|LINENO=1513|OWNERPARTID=   0|OWNERINDEX=1511|FONTID=1|ISHIDDEN=T|LOCATION.X=928|LOCATION.Y=208|NAME=Manufacturer P/N|TEXT=LD3985M33R|UNIQUEID=MOAYYCWN|
RECORD=41|LINENO=1514|OWNERPARTID=   0|OWNERINDEX=1511|FONTID=1|ISHIDDEN=T|LOCATION.X=928|LOCATION.Y=208|NAME=Order code Farnell|TEXT=*|UNIQUEID=GWMMFCTC|
RECORD=41|LINENO=1515|OWNERPARTID=   0|OWNERINDEX=1511|FONTID=1|ISHIDDEN=T|LOCATION.X=928|LOCATION.Y=208|NAME=Order code RS|UNIQUEID=WDWBORJU|
RECORD=41|LINENO=1516|OWNERPARTID=   0|OWNERINDEX=1511|FONTID=1|ISHIDDEN=T|LOCATION.X=928|LOCATION.Y=208|NAME=V sortie Typ. V|TEXT=3.3V|UNIQUEID=DQFYTECJ|
RECORD=41|LINENO=1517|OWNERPARTID=   0|OWNERINDEX=1511|FONTID=1|ISHIDDEN=T|LOCATION.X=928|LOCATION.Y=208|NAME=Isortie max|TEXT=550mA|UNIQUEID=NDJDAJFI|
RECORD=41|LINENO=1518|OWNERPARTID=   0|OWNERINDEX=1511|%UTF8%NAME=V entrÃ©e max|FONTID=1|ISHIDDEN=T|LOCATION.X=928|LOCATION.Y=208|NAME=V entrée max|TEXT=6V|UNIQUEID=HUVASMKQ|
RECORD=41|LINENO=1519|OWNERPARTID=   0|OWNERINDEX=1511|%UTF8%TEXT=+125Â°C|FONTID=1|ISHIDDEN=T|LOCATION.X=928|LOCATION.Y=208|NAME=Temperature Max|TEXT=+125°C|UNIQUEID=LLFXOMTD|
RECORD=41|LINENO=1520|OWNERPARTID=   0|OWNERINDEX=1511|FONTID=1|ISHIDDEN=T|LOCATION.X=928|LOCATION.Y=208|NAME=Type|TEXT=Fixed|UNIQUEID=JSDHACQA|
RECORD=41|LINENO=1521|OWNERPARTID=   0|OWNERINDEX=1511|%UTF8%TEXT=-40Â°C|FONTID=1|ISHIDDEN=T|LOCATION.X=938|LOCATION.Y=208|NAME=Temperature Min|TEXT=-40°C|UNIQUEID=NHTCSGMM|
RECORD=14|LINENO=1522|OWNERPARTID=   2|OWNERINDEX=1511|AREACOLOR=16777215|CORNER.X=1030|CORNER.Y=280|ISSOLID=T|LINEWIDTH=1|LOCATION.X=960|LOCATION.Y=240|
RECORD= 2|LINENO=1523|OWNERPARTID=   2|OWNERINDEX=1511|DESIGNATOR=5|ELECTRICAL=4|FORMALTYPE=1|LOCATION.X=1030|LOCATION.Y=270|NAME=VOUT|PINCONGLOMERATE=48|PINLENGTH=10|
RECORD=41|LINENO=1524|OWNERPARTID=   0|OWNERINDEX=1523|FONTID=1|ISHIDDEN=T|LOCATION.X=1030|LOCATION.Y=270|NAME=PinUniqueId|TEXT=AVANDXMC|UNIQUEID=VYPDWAVQ|
RECORD= 2|LINENO=1525|OWNERPARTID=   2|OWNERINDEX=1511|DESIGNATOR=1|ELECTRICAL=4|FORMALTYPE=1|LOCATION.X=960|LOCATION.Y=270|NAME=VIN|PINCONGLOMERATE=50|PINLENGTH=10|
RECORD=41|LINENO=1526|OWNERPARTID=   0|OWNERINDEX=1525|FONTID=1|ISHIDDEN=T|LOCATION.X=960|LOCATION.Y=270|NAME=PinUniqueId|TEXT=HQWGTIHB|UNIQUEID=IAYBIGVY|
RECORD= 2|LINENO=1527|OWNERPARTID=   2|OWNERINDEX=1511|DESIGNATOR=2|ELECTRICAL=4|FORMALTYPE=1|LOCATION.X=980|LOCATION.Y=240|NAME=VSS|PINCONGLOMERATE=51|PINLENGTH=10|
RECORD=41|LINENO=1528|OWNERPARTID=   0|OWNERINDEX=1527|FONTID=1|ISHIDDEN=T|LOCATION.X=980|LOCATION.Y=240|NAME=PinUniqueId|TEXT=MXFLRVPY|UNIQUEID=DDFGDIXC|
RECORD= 4|LINENO=1529|OWNERPARTID=   2|OWNERINDEX=1511|FONTID=4|LOCATION.X=972|LOCATION.Y=240|TEXT=GND|
RECORD= 2|LINENO=1530|OWNERPARTID=   2|OWNERINDEX=1511|DESIGNATOR=3|ELECTRICAL=4|FORMALTYPE=1|LOCATION.X=960|LOCATION.Y=260|NAME=CE|PINCONGLOMERATE=50|PINLENGTH=10|
RECORD=41|LINENO=1531|OWNERPARTID=   0|OWNERINDEX=1530|FONTID=1|ISHIDDEN=T|LOCATION.X=960|LOCATION.Y=260|NAME=PinUniqueId|TEXT=KWTIISYM|UNIQUEID=IIKOFTMM|
RECORD= 2|LINENO=1532|OWNERPARTID=   2|OWNERINDEX=1511|DESIGNATOR=4|ELECTRICAL=4|FORMALTYPE=1|LOCATION.X=1010|LOCATION.Y=240|NAME=BYPASS|PINCONGLOMERATE=51|PINLENGTH=10|
RECORD=41|LINENO=1533|OWNERPARTID=   0|OWNERINDEX=1532|FONTID=1|ISHIDDEN=T|LOCATION.X=1010|LOCATION.Y=240|NAME=PinUniqueId|TEXT=AXKMFVII|UNIQUEID=OOAHOEQL|
RECORD= 4|LINENO=1534|OWNERPARTID=   2|OWNERINDEX=1511|FONTID=4|LOCATION.X=996|LOCATION.Y=240|TEXT=BYPASS|
RECORD= 4|LINENO=1535|OWNERPARTID=   2|OWNERINDEX=1511|FONTID=4|LOCATION.X=962|LOCATION.Y=256|TEXT=INH|
RECORD= 4|LINENO=1536|OWNERPARTID=   2|OWNERINDEX=1511|FONTID=4|LOCATION.X=961|LOCATION.Y=267|TEXT=VIN|
RECORD= 4|LINENO=1537|OWNERPARTID=   2|OWNERINDEX=1511|FONTID=4|LOCATION.X=1009|LOCATION.Y=267|TEXT=VOUT|
RECORD=34|LINENO=1538|OWNERPARTID=   0|OWNERINDEX=1511|FONTID=1|LOCATION.X=960|LOCATION.Y=280|NAME=Designator|TEXT=U5|UNIQUEID=UVRWCMID|
RECORD=41|LINENO=1539|OWNERPARTID=   0|OWNERINDEX=1511|FONTID=1|LOCATION.X=980|LOCATION.Y=280|NAME=Comment|TEXT=LD3985M33R|UNIQUEID=MLIJJOEP|
RECORD=44|LINENO=1540|OWNERPARTID= -42|OWNERINDEX=1511|
RECORD=45|LINENO=1541|OWNERPARTID= -42|OWNERINDEX=1540|DATAFILECOUNT=1|ISCURRENT=T|MODELDATAFILEENTITY0=SOT23-5|MODELDATAFILEKIND0=PCBLib|MODELNAME=SOT23-5|MODELTYPE=PCBLIB|UNIQUEID=UEXOCXNI|
RECORD=46|LINENO=1542|OWNERPARTID= -42|OWNERINDEX=1541|
RECORD=48|LINENO=1543|OWNERPARTID= -42|OWNERINDEX=1541|
RECORD= 1|LINENO=1544|OWNERPARTID=   0|OWNERINDEX= -42|ALLPINCOUNT=2|AREACOLOR=11599871|COMPONENTDESCRIPTION=Condensateur_polarise|CURRENTPARTID=1|DESIGNITEMID=CAP_POL|DISPLAYMODECOUNT=1|LIBREFERENCE=CAP_POL|LOCATION.X=230|LOCATION.Y=650|PARTCOUNT=2|PARTIDLOCKED=F|SOURCELIBRARYNAME=Passive.SchLib|TARGETFILENAME=*|UNIQUEID=LMRNGXEA|
RECORD= 2|LINENO=1545|OWNERPARTID=   2|OWNERINDEX=1544|%UTF8%SWAPIDPART=Â¦&Â¦|DESIGNATOR=2|ELECTRICAL=4|FORMALTYPE=1|LOCATION.X=230|LOCATION.Y=657|PINCONGLOMERATE=35|PINLENGTH=7|SWAPIDPART=Ž&Ž|SWAPIDPIN=2|
RECORD=41|LINENO=1546|OWNERPARTID=   0|OWNERINDEX=1545|FONTID=1|ISHIDDEN=T|LOCATION.X=230|LOCATION.Y=657|NAME=PinUniqueId|TEXT=YDBHNQMY|UNIQUEID=JWBRMSEV|
RECORD= 2|LINENO=1547|OWNERPARTID=   2|OWNERINDEX=1544|%UTF8%SWAPIDPART=Â¦&Â¦|DESIGNATOR=1|ELECTRICAL=4|FORMALTYPE=1|LOCATION.X=230|LOCATION.Y=664|PINCONGLOMERATE=33|PINLENGTH=6|SWAPIDPART=Ž&Ž|SWAPIDPIN=1|
RECORD=41|LINENO=1548|OWNERPARTID=   0|OWNERINDEX=1547|FONTID=1|ISHIDDEN=T|LOCATION.X=230|LOCATION.Y=664|NAME=PinUniqueId|TEXT=DPXGPKHR|UNIQUEID=LOJWBKNP|
RECORD= 6|LINENO=1549|OWNERPARTID=   2|OWNERINDEX=1544|LINEWIDTH=1|LOCATIONCOUNT=2|X1=234|X2=234|Y1=666|Y2=670|
RECORD= 6|LINENO=1550|OWNERPARTID=   2|OWNERINDEX=1544|LINEWIDTH=1|LOCATIONCOUNT=2|X1=232|X2=236|Y1=668|Y2=668|
RECORD= 6|LINENO=1551|OWNERPARTID=   2|OWNERINDEX=1544|LINEWIDTH=1|LOCATIONCOUNT=6|X1=230|X2=237|X3=237|X4=223|X5=223|X6=230|Y1=664|Y2=664|Y3=662|Y4=662|Y5=664|Y6=664|
RECORD= 6|LINENO=1552|OWNERPARTID=   2|OWNERINDEX=1544|LINEWIDTH=1|LOCATIONCOUNT=6|X1=230|X2=237|X3=237|X4=223|X5=223|X6=230|Y1=659|Y2=659|Y3=657|Y4=657|Y5=659|Y6=659|
RECORD= 6|LINENO=1553|OWNERPARTID=   2|OWNERINDEX=1544|LINEWIDTH=2|LOCATIONCOUNT=2|X1=224|X2=236|Y1=658|Y2=658|
RECORD=34|LINENO=1554|OWNERPARTID=   0|OWNERINDEX=1544|FONTID=1|LOCATION.X=239|LOCATION.Y=661|NAME=Designator|TEXT=C10|UNIQUEID=UUIBPYFO|
RECORD=41|LINENO=1555|OWNERPARTID=   0|OWNERINDEX=1544|FONTID=2|LOCATION.X=223|LOCATION.Y=635|NAME=Comment|ORIENTATION=1|TEXT=10uF/25V|UNIQUEID=LGFUEFHC|
RECORD=44|LINENO=1556|OWNERPARTID= -42|OWNERINDEX=1544|
RECORD=45|LINENO=1557|OWNERPARTID= -42|OWNERINDEX=1556|DATAFILECOUNT=1|DESCRIPTION=Capacitor Polarized 1210|ISCURRENT=T|MODELDATAFILEENTITY0=1210_CAP_POL|MODELDATAFILEKIND0=PCBLib|MODELNAME=1210_CAP_POL|MODELTYPE=PCBLIB|UNIQUEID=OFJGIHDF|
RECORD=46|LINENO=1558|OWNERPARTID= -42|OWNERINDEX=1557|
RECORD=48|LINENO=1559|OWNERPARTID= -42|OWNERINDEX=1557|
RECORD= 1|LINENO=1560|OWNERPARTID=   0|OWNERINDEX= -42|ALLPINCOUNT=2|AREACOLOR=11599871|COMPONENTDESCRIPTION=Condensateur_polarise|CURRENTPARTID=1|DESIGNITEMID=CAP_POL|DISPLAYMODECOUNT=1|LIBREFERENCE=CAP_POL|LOCATION.X=250|LOCATION.Y=560|PARTCOUNT=2|PARTIDLOCKED=F|SOURCELIBRARYNAME=Passive.SchLib|TARGETFILENAME=*|UNIQUEID=RSIVJXOR|
RECORD= 2|LINENO=1561|OWNERPARTID=   2|OWNERINDEX=1560|%UTF8%SWAPIDPART=Â¦&Â¦|DESIGNATOR=2|ELECTRICAL=4|FORMALTYPE=1|LOCATION.X=250|LOCATION.Y=567|PINCONGLOMERATE=35|PINLENGTH=7|SWAPIDPART=Ž&Ž|SWAPIDPIN=2|
RECORD=41|LINENO=1562|OWNERPARTID=   0|OWNERINDEX=1561|FONTID=1|ISHIDDEN=T|LOCATION.X=250|LOCATION.Y=567|NAME=PinUniqueId|TEXT=FPXMKLJE|UNIQUEID=CATGKAUE|
RECORD= 2|LINENO=1563|OWNERPARTID=   2|OWNERINDEX=1560|%UTF8%SWAPIDPART=Â¦&Â¦|DESIGNATOR=1|ELECTRICAL=4|FORMALTYPE=1|LOCATION.X=250|LOCATION.Y=574|PINCONGLOMERATE=33|PINLENGTH=6|SWAPIDPART=Ž&Ž|SWAPIDPIN=1|
RECORD=41|LINENO=1564|OWNERPARTID=   0|OWNERINDEX=1563|FONTID=1|ISHIDDEN=T|LOCATION.X=250|LOCATION.Y=574|NAME=PinUniqueId|TEXT=RLDOIDIY|UNIQUEID=SDLSLVVT|
RECORD= 6|LINENO=1565|OWNERPARTID=   2|OWNERINDEX=1560|LINEWIDTH=1|LOCATIONCOUNT=2|X1=254|X2=254|Y1=576|Y2=580|
RECORD= 6|LINENO=1566|OWNERPARTID=   2|OWNERINDEX=1560|LINEWIDTH=1|LOCATIONCOUNT=2|X1=252|X2=256|Y1=578|Y2=578|
RECORD= 6|LINENO=1567|OWNERPARTID=   2|OWNERINDEX=1560|LINEWIDTH=1|LOCATIONCOUNT=6|X1=250|X2=257|X3=257|X4=243|X5=243|X6=250|Y1=574|Y2=574|Y3=572|Y4=572|Y5=574|Y6=574|
RECORD= 6|LINENO=1568|OWNERPARTID=   2|OWNERINDEX=1560|LINEWIDTH=1|LOCATIONCOUNT=6|X1=250|X2=257|X3=257|X4=243|X5=243|X6=250|Y1=569|Y2=569|Y3=567|Y4=567|Y5=569|Y6=569|
RECORD= 6|LINENO=1569|OWNERPARTID=   2|OWNERINDEX=1560|LINEWIDTH=2|LOCATIONCOUNT=2|X1=244|X2=256|Y1=568|Y2=568|
RECORD=34|LINENO=1570|OWNERPARTID=   0|OWNERINDEX=1560|FONTID=1|LOCATION.X=259|LOCATION.Y=571|NAME=Designator|TEXT=C11|UNIQUEID=QPHOAHSP|
RECORD=41|LINENO=1571|OWNERPARTID=   0|OWNERINDEX=1560|FONTID=1|LOCATION.X=235|LOCATION.Y=592|NAME=Comment|TEXT=4.7uF/10V|UNIQUEID=WWFATOGH|
RECORD=44|LINENO=1572|OWNERPARTID= -42|OWNERINDEX=1560|
RECORD=45|LINENO=1573|OWNERPARTID= -42|OWNERINDEX=1572|DATAFILECOUNT=1|DESCRIPTION=Capacitor Polarized 1210|ISCURRENT=T|MODELDATAFILEENTITY0=1210_CAP_POL|MODELDATAFILEKIND0=PCBLib|MODELNAME=1210_CAP_POL|MODELTYPE=PCBLIB|UNIQUEID=SRPTGBVU|
RECORD=46|LINENO=1574|OWNERPARTID= -42|OWNERINDEX=1573|
RECORD=48|LINENO=1575|OWNERPARTID= -42|OWNERINDEX=1573|
RECORD= 1|LINENO=1576|OWNERPARTID=   0|OWNERINDEX= -42|ALLPINCOUNT=2|AREACOLOR=11599871|COMPONENTDESCRIPTION=Condensateur_polarise|CURRENTPARTID=1|DESIGNITEMID=CAP_POL|DISPLAYMODECOUNT=1|LIBREFERENCE=CAP_POL|LOCATION.X=390|LOCATION.Y=650|PARTCOUNT=2|PARTIDLOCKED=F|SOURCELIBRARYNAME=Passive.SchLib|TARGETFILENAME=*|UNIQUEID=BDPYFEGV|
RECORD= 2|LINENO=1577|OWNERPARTID=   2|OWNERINDEX=1576|%UTF8%SWAPIDPART=Â¦&Â¦|DESIGNATOR=2|ELECTRICAL=4|FORMALTYPE=1|LOCATION.X=390|LOCATION.Y=657|PINCONGLOMERATE=35|PINLENGTH=7|SWAPIDPART=Ž&Ž|SWAPIDPIN=2|
RECORD=41|LINENO=1578|OWNERPARTID=   0|OWNERINDEX=1577|FONTID=1|ISHIDDEN=T|LOCATION.X=390|LOCATION.Y=657|NAME=PinUniqueId|TEXT=XYWPSUHI|UNIQUEID=KFGXILLG|
RECORD= 2|LINENO=1579|OWNERPARTID=   2|OWNERINDEX=1576|%UTF8%SWAPIDPART=Â¦&Â¦|DESIGNATOR=1|ELECTRICAL=4|FORMALTYPE=1|LOCATION.X=390|LOCATION.Y=664|PINCONGLOMERATE=33|PINLENGTH=6|SWAPIDPART=Ž&Ž|SWAPIDPIN=1|
RECORD=41|LINENO=1580|OWNERPARTID=   0|OWNERINDEX=1579|FONTID=1|ISHIDDEN=T|LOCATION.X=390|LOCATION.Y=664|NAME=PinUniqueId|TEXT=AVYBXDTV|UNIQUEID=NXEDBALD|
RECORD= 6|LINENO=1581|OWNERPARTID=   2|OWNERINDEX=1576|LINEWIDTH=1|LOCATIONCOUNT=2|X1=394|X2=394|Y1=666|Y2=670|
RECORD= 6|LINENO=1582|OWNERPARTID=   2|OWNERINDEX=1576|LINEWIDTH=1|LOCATIONCOUNT=2|X1=392|X2=396|Y1=668|Y2=668|
RECORD= 6|LINENO=1583|OWNERPARTID=   2|OWNERINDEX=1576|LINEWIDTH=1|LOCATIONCOUNT=6|X1=390|X2=397|X3=397|X4=383|X5=383|X6=390|Y1=664|Y2=664|Y3=662|Y4=662|Y5=664|Y6=664|
RECORD= 6|LINENO=1584|OWNERPARTID=   2|OWNERINDEX=1576|LINEWIDTH=1|LOCATIONCOUNT=6|X1=390|X2=397|X3=397|X4=383|X5=383|X6=390|Y1=659|Y2=659|Y3=657|Y4=657|Y5=659|Y6=659|
RECORD= 6|LINENO=1585|OWNERPARTID=   2|OWNERINDEX=1576|LINEWIDTH=2|LOCATIONCOUNT=2|X1=384|X2=396|Y1=658|Y2=658|
RECORD=34|LINENO=1586|OWNERPARTID=   0|OWNERINDEX=1576|FONTID=1|LOCATION.X=399|LOCATION.Y=661|NAME=Designator|TEXT=C9|UNIQUEID=PYTFASGT|
RECORD=41|LINENO=1587|OWNERPARTID=   0|OWNERINDEX=1576|FONTID=1|LOCATION.X=399|LOCATION.Y=651|NAME=Comment|TEXT=10uF/25V|UNIQUEID=MKBOOBNM|
RECORD=44|LINENO=1588|OWNERPARTID= -42|OWNERINDEX=1576|
RECORD=45|LINENO=1589|OWNERPARTID= -42|OWNERINDEX=1588|DATAFILECOUNT=1|DESCRIPTION=Capacitor Polarized 1210|ISCURRENT=T|MODELDATAFILEENTITY0=1210_CAP_POL|MODELDATAFILEKIND0=PCBLib|MODELNAME=1210_CAP_POL|MODELTYPE=PCBLIB|UNIQUEID=YKRLEIFF|
RECORD=46|LINENO=1590|OWNERPARTID= -42|OWNERINDEX=1589|
RECORD=48|LINENO=1591|OWNERPARTID= -42|OWNERINDEX=1589|
RECORD=17|LINENO=1592|OWNERPARTID=   0|OWNERINDEX= -42|FONTID=1|LOCATION.X=490|LOCATION.Y=110|ORIENTATION=2|SHOWNETNAME=T|STYLE=2|TEXT=AVDD|UNIQUEID=ENSUITDE|
RECORD= 1|LINENO=1593|OWNERPARTID=   0|OWNERINDEX= -42|ALLPINCOUNT=2|AREACOLOR=11599871|COMPONENTDESCRIPTION=Solder Jumper|CURRENTPARTID=1|DESIGNITEMID=Strap2|DISPLAYMODECOUNT=1|LIBREFERENCE=Strap2|LOCATION.X=540|LOCATION.Y=120|NOTUSEDBTABLENAME=T|PARTCOUNT=2|PARTIDLOCKED=F|SOURCELIBRARYNAME=Passive.SchLib|TARGETFILENAME=*|UNIQUEID=WNMEQESM|
RECORD=41|LINENO=1594|OWNERPARTID=   0|OWNERINDEX=1593|FONTID=1|ISHIDDEN=T|LOCATION.X=518|LOCATION.Y=115|NAME=Published|TEXT=24-Mar-1999|UNIQUEID=KHVLJLQD|
RECORD=41|LINENO=1595|OWNERPARTID=   0|OWNERINDEX=1593|FONTID=1|ISHIDDEN=T|LOCATION.X=518|LOCATION.Y=115|NAME=Revision|TEXT=July-2002: Re-released for DXP Platform.|UNIQUEID=KEMOQVLF|
RECORD=41|LINENO=1596|OWNERPARTID=   0|OWNERINDEX=1593|FONTID=1|ISHIDDEN=T|LOCATION.X=518|LOCATION.Y=115|NAME=Publisher|TEXT=Altium Limited|UNIQUEID=TSVRTCRR|
RECORD=41|LINENO=1597|OWNERPARTID=   0|OWNERINDEX=1593|FONTID=1|ISHIDDEN=T|LOCATION.X=518|LOCATION.Y=97|NAME=Solder|TEXT=YES|UNIQUEID=AGVXTGSR|
RECORD= 2|LINENO=1598|OWNERPARTID=   2|OWNERINDEX=1593|DESIGNATOR=2|ELECTRICAL=4|FORMALTYPE=1|LOCATION.X=540|LOCATION.Y=110|NAME=2|PINCONGLOMERATE=34|PINLENGTH=10|
RECORD=41|LINENO=1599|OWNERPARTID=   0|OWNERINDEX=1598|FONTID=1|ISHIDDEN=T|LOCATION.X=540|LOCATION.Y=110|NAME=PinUniqueId|TEXT=AFBHKRVA|UNIQUEID=GLVVFREC|
RECORD= 2|LINENO=1600|OWNERPARTID=   2|OWNERINDEX=1593|DESIGNATOR=1|ELECTRICAL=4|FORMALTYPE=1|LOCATION.X=560|LOCATION.Y=110|NAME=1|PINCONGLOMERATE=32|PINLENGTH=10|
RECORD=41|LINENO=1601|OWNERPARTID=   0|OWNERINDEX=1600|FONTID=1|ISHIDDEN=T|LOCATION.X=560|LOCATION.Y=110|NAME=PinUniqueId|TEXT=JJOVXMGG|UNIQUEID=NMERWQRO|
RECORD= 7|LINENO=1602|OWNERPARTID=   2|OWNERINDEX=1593|AREACOLOR=65535|ISSOLID=T|LINEWIDTH=1|LOCATIONCOUNT=6|X1=560|X2=560|X3=555|X4=550|X5=555|X6=560|Y1=110|Y2=105|Y3=105|Y4=110|Y5=115|Y6=115|
RECORD= 7|LINENO=1603|OWNERPARTID=   2|OWNERINDEX=1593|AREACOLOR=65535|ISSOLID=T|LINEWIDTH=1|LOCATIONCOUNT=5|X1=540|X2=540|X3=551|X4=546|X5=551|Y1=115|Y2=105|Y3=105|Y4=110|Y5=115|
RECORD=34|LINENO=1604|OWNERPARTID=   0|OWNERINDEX=1593|FONTID=1|LOCATION.X=519|LOCATION.Y=110|NAME=Designator|TEXT=SB49|UNIQUEID=MBAUAJNQ|
RECORD=41|LINENO=1605|OWNERPARTID=   0|OWNERINDEX=1593|FONTID=1|LOCATION.X=518|LOCATION.Y=101|NAME=Comment|TEXT=Open|UNIQUEID=EBBKMVQK|
RECORD=44|LINENO=1606|OWNERPARTID= -42|OWNERINDEX=1593|
RECORD=45|LINENO=1607|OWNERPARTID= -42|OWNERINDEX=1606|DATAFILECOUNT=1|MODELDATAFILEENTITY0=SB|MODELDATAFILEKIND0=PCBLib|MODELNAME=SB|MODELTYPE=PCBLIB|UNIQUEID=HAFFCCHN|
RECORD=46|LINENO=1608|OWNERPARTID= -42|OWNERINDEX=1607|
RECORD=48|LINENO=1609|OWNERPARTID= -42|OWNERINDEX=1607|
RECORD=45|LINENO=1610|OWNERPARTID= -42|OWNERINDEX=1606|DATAFILECOUNT=1|ISCURRENT=T|MODELDATAFILEENTITY0=SB-tiny|MODELDATAFILEKIND0=PCBLib|MODELNAME=SB-tiny|MODELTYPE=PCBLIB|UNIQUEID=CKSMBKON|
RECORD=46|LINENO=1611|OWNERPARTID= -42|OWNERINDEX=1610|
RECORD=48|LINENO=1612|OWNERPARTID= -42|OWNERINDEX=1610|
RECORD=45|LINENO=1613|OWNERPARTID= -42|OWNERINDEX=1606|DATAFILECOUNT=1|MODELDATAFILEENTITY0=SB-LARGE|MODELDATAFILEKIND0=PCBLib|MODELNAME=SB-LARGE|MODELTYPE=PCBLIB|UNIQUEID=CWXLOWHW|
RECORD=46|LINENO=1614|OWNERPARTID= -42|OWNERINDEX=1613|
RECORD=48|LINENO=1615|OWNERPARTID= -42|OWNERINDEX=1613|
RECORD= 1|LINENO=1616|OWNERPARTID=   0|OWNERINDEX= -42|ALLPINCOUNT=2|AREACOLOR=11599871|COMPONENTDESCRIPTION=Solder Jumper|CURRENTPARTID=1|DESIGNITEMID=Strap2|DISPLAYMODECOUNT=1|LIBREFERENCE=Strap2|LOCATION.X=540|LOCATION.Y=100|NOTUSEDBTABLENAME=T|PARTCOUNT=2|PARTIDLOCKED=F|SOURCELIBRARYNAME=Passive.SchLib|TARGETFILENAME=*|UNIQUEID=RRDTJUSI|
RECORD=41|LINENO=1617|OWNERPARTID=   0|OWNERINDEX=1616|FONTID=1|ISHIDDEN=T|LOCATION.X=518|LOCATION.Y=95|NAME=Published|TEXT=24-Mar-1999|UNIQUEID=JLDBHUCA|
RECORD=41|LINENO=1618|OWNERPARTID=   0|OWNERINDEX=1616|FONTID=1|ISHIDDEN=T|LOCATION.X=518|LOCATION.Y=95|NAME=Revision|TEXT=July-2002: Re-released for DXP Platform.|UNIQUEID=JXCKPDVB|
RECORD=41|LINENO=1619|OWNERPARTID=   0|OWNERINDEX=1616|FONTID=1|ISHIDDEN=T|LOCATION.X=518|LOCATION.Y=95|NAME=Publisher|TEXT=Altium Limited|UNIQUEID=TSXEBGRP|
RECORD=41|LINENO=1620|OWNERPARTID=   0|OWNERINDEX=1616|FONTID=1|ISHIDDEN=T|LOCATION.X=518|LOCATION.Y=77|NAME=Solder|TEXT=YES|UNIQUEID=WKXDVCHL|
RECORD= 2|LINENO=1621|OWNERPARTID=   2|OWNERINDEX=1616|DESIGNATOR=2|ELECTRICAL=4|FORMALTYPE=1|LOCATION.X=540|LOCATION.Y=90|NAME=2|PINCONGLOMERATE=34|PINLENGTH=10|
RECORD=41|LINENO=1622|OWNERPARTID=   0|OWNERINDEX=1621|FONTID=1|ISHIDDEN=T|LOCATION.X=540|LOCATION.Y=90|NAME=PinUniqueId|TEXT=LXSJPAKG|UNIQUEID=RARKEUEU|
RECORD= 2|LINENO=1623|OWNERPARTID=   2|OWNERINDEX=1616|DESIGNATOR=1|ELECTRICAL=4|FORMALTYPE=1|LOCATION.X=560|LOCATION.Y=90|NAME=1|PINCONGLOMERATE=32|PINLENGTH=10|
RECORD=41|LINENO=1624|OWNERPARTID=   0|OWNERINDEX=1623|FONTID=1|ISHIDDEN=T|LOCATION.X=560|LOCATION.Y=90|NAME=PinUniqueId|TEXT=CJWWUTKG|UNIQUEID=LQOFISKF|
RECORD= 7|LINENO=1625|OWNERPARTID=   2|OWNERINDEX=1616|AREACOLOR=65535|ISSOLID=T|LINEWIDTH=1|LOCATIONCOUNT=6|X1=560|X2=560|X3=555|X4=550|X5=555|X6=560|Y1=90|Y2=85|Y3=85|Y4=90|Y5=95|Y6=95|
RECORD= 7|LINENO=1626|OWNERPARTID=   2|OWNERINDEX=1616|AREACOLOR=65535|ISSOLID=T|LINEWIDTH=1|LOCATIONCOUNT=5|X1=540|X2=540|X3=551|X4=546|X5=551|Y1=95|Y2=85|Y3=85|Y4=90|Y5=95|
RECORD=34|LINENO=1627|OWNERPARTID=   0|OWNERINDEX=1616|FONTID=1|LOCATION.X=516|LOCATION.Y=91|NAME=Designator|TEXT=SB50|UNIQUEID=GIICWOBG|
RECORD=41|LINENO=1628|OWNERPARTID=   0|OWNERINDEX=1616|FONTID=1|LOCATION.X=516|LOCATION.Y=81|NAME=Comment|TEXT=Close|UNIQUEID=VVHXHTCX|
RECORD=44|LINENO=1629|OWNERPARTID= -42|OWNERINDEX=1616|
RECORD=45|LINENO=1630|OWNERPARTID= -42|OWNERINDEX=1629|DATAFILECOUNT=1|MODELDATAFILEENTITY0=SB|MODELDATAFILEKIND0=PCBLib|MODELNAME=SB|MODELTYPE=PCBLIB|UNIQUEID=NAWKLBLF|
RECORD=46|LINENO=1631|OWNERPARTID= -42|OWNERINDEX=1630|
RECORD=48|LINENO=1632|OWNERPARTID= -42|OWNERINDEX=1630|
RECORD=45|LINENO=1633|OWNERPARTID= -42|OWNERINDEX=1629|DATAFILECOUNT=1|ISCURRENT=T|MODELDATAFILEENTITY0=SB-tiny|MODELDATAFILEKIND0=PCBLib|MODELNAME=SB-tiny|MODELTYPE=PCBLIB|UNIQUEID=HMYJWCCP|
RECORD=46|LINENO=1634|OWNERPARTID= -42|OWNERINDEX=1633|
RECORD=48|LINENO=1635|OWNERPARTID= -42|OWNERINDEX=1633|
RECORD=45|LINENO=1636|OWNERPARTID= -42|OWNERINDEX=1629|DATAFILECOUNT=1|MODELDATAFILEENTITY0=SB-LARGE|MODELDATAFILEKIND0=PCBLib|MODELNAME=SB-LARGE|MODELTYPE=PCBLIB|UNIQUEID=BPEJNXQH|
RECORD=46|LINENO=1637|OWNERPARTID= -42|OWNERINDEX=1636|
RECORD=48|LINENO=1638|OWNERPARTID= -42|OWNERINDEX=1636|
RECORD= 1|LINENO=1639|OWNERPARTID=   0|OWNERINDEX= -42|ALLPINCOUNT=2|AREACOLOR=11599871|COMPONENTDESCRIPTION=Solder Jumper|CURRENTPARTID=1|DESIGNITEMID=Strap2|DISPLAYMODECOUNT=1|LIBREFERENCE=Strap2|LOCATION.X=540|LOCATION.Y=80|NOTUSEDBTABLENAME=T|PARTCOUNT=2|PARTIDLOCKED=F|SOURCELIBRARYNAME=Passive.SchLib|TARGETFILENAME=*|UNIQUEID=FIYNWVWG|
RECORD=41|LINENO=1640|OWNERPARTID=   0|OWNERINDEX=1639|FONTID=1|ISHIDDEN=T|LOCATION.X=518|LOCATION.Y=75|NAME=Published|TEXT=24-Mar-1999|UNIQUEID=RAFXNJLR|
RECORD=41|LINENO=1641|OWNERPARTID=   0|OWNERINDEX=1639|FONTID=1|ISHIDDEN=T|LOCATION.X=518|LOCATION.Y=75|NAME=Revision|TEXT=July-2002: Re-released for DXP Platform.|UNIQUEID=JTIXLNYV|
RECORD=41|LINENO=1642|OWNERPARTID=   0|OWNERINDEX=1639|FONTID=1|ISHIDDEN=T|LOCATION.X=518|LOCATION.Y=75|NAME=Publisher|TEXT=Altium Limited|UNIQUEID=WGSYAKYS|
RECORD=41|LINENO=1643|OWNERPARTID=   0|OWNERINDEX=1639|FONTID=1|ISHIDDEN=T|LOCATION.X=518|LOCATION.Y=57|NAME=Solder|TEXT=YES|UNIQUEID=APBXGLJI|
RECORD= 2|LINENO=1644|OWNERPARTID=   2|OWNERINDEX=1639|DESIGNATOR=2|ELECTRICAL=4|FORMALTYPE=1|LOCATION.X=540|LOCATION.Y=70|NAME=2|PINCONGLOMERATE=34|PINLENGTH=10|
RECORD=41|LINENO=1645|OWNERPARTID=   0|OWNERINDEX=1644|FONTID=1|ISHIDDEN=T|LOCATION.X=540|LOCATION.Y=70|NAME=PinUniqueId|TEXT=LDMEHBSW|UNIQUEID=QCGUOCKC|
RECORD= 2|LINENO=1646|OWNERPARTID=   2|OWNERINDEX=1639|DESIGNATOR=1|ELECTRICAL=4|FORMALTYPE=1|LOCATION.X=560|LOCATION.Y=70|NAME=1|PINCONGLOMERATE=32|PINLENGTH=10|
RECORD=41|LINENO=1647|OWNERPARTID=   0|OWNERINDEX=1646|FONTID=1|ISHIDDEN=T|LOCATION.X=560|LOCATION.Y=70|NAME=PinUniqueId|TEXT=NCVKDELF|UNIQUEID=MJFEIUVJ|
RECORD= 7|LINENO=1648|OWNERPARTID=   2|OWNERINDEX=1639|AREACOLOR=65535|ISSOLID=T|LINEWIDTH=1|LOCATIONCOUNT=6|X1=560|X2=560|X3=555|X4=550|X5=555|X6=560|Y1=70|Y2=65|Y3=65|Y4=70|Y5=75|Y6=75|
RECORD= 7|LINENO=1649|OWNERPARTID=   2|OWNERINDEX=1639|AREACOLOR=65535|ISSOLID=T|LINEWIDTH=1|LOCATIONCOUNT=5|X1=540|X2=540|X3=551|X4=546|X5=551|Y1=75|Y2=65|Y3=65|Y4=70|Y5=75|
RECORD=34|LINENO=1650|OWNERPARTID=   0|OWNERINDEX=1639|FONTID=1|LOCATION.X=516|LOCATION.Y=70|NAME=Designator|TEXT=SB51|UNIQUEID=AFXOQIQY|
RECORD=41|LINENO=1651|OWNERPARTID=   0|OWNERINDEX=1639|FONTID=1|LOCATION.X=516|LOCATION.Y=60|NAME=Comment|TEXT=Open|UNIQUEID=OPVIQOCQ|
RECORD=44|LINENO=1652|OWNERPARTID= -42|OWNERINDEX=1639|
RECORD=45|LINENO=1653|OWNERPARTID= -42|OWNERINDEX=1652|DATAFILECOUNT=1|MODELDATAFILEENTITY0=SB|MODELDATAFILEKIND0=PCBLib|MODELNAME=SB|MODELTYPE=PCBLIB|UNIQUEID=FXALAREG|
RECORD=46|LINENO=1654|OWNERPARTID= -42|OWNERINDEX=1653|
RECORD=48|LINENO=1655|OWNERPARTID= -42|OWNERINDEX=1653|
RECORD=45|LINENO=1656|OWNERPARTID= -42|OWNERINDEX=1652|DATAFILECOUNT=1|ISCURRENT=T|MODELDATAFILEENTITY0=SB-tiny|MODELDATAFILEKIND0=PCBLib|MODELNAME=SB-tiny|MODELTYPE=PCBLIB|UNIQUEID=TYCVFRDY|
RECORD=46|LINENO=1657|OWNERPARTID= -42|OWNERINDEX=1656|
RECORD=48|LINENO=1658|OWNERPARTID= -42|OWNERINDEX=1656|
RECORD=45|LINENO=1659|OWNERPARTID= -42|OWNERINDEX=1652|DATAFILECOUNT=1|MODELDATAFILEENTITY0=SB-LARGE|MODELDATAFILEKIND0=PCBLib|MODELNAME=SB-LARGE|MODELTYPE=PCBLIB|UNIQUEID=AVAAWFQU|
RECORD=46|LINENO=1660|OWNERPARTID= -42|OWNERINDEX=1659|
RECORD=48|LINENO=1661|OWNERPARTID= -42|OWNERINDEX=1659|
RECORD=17|LINENO=1662|OWNERPARTID=   0|OWNERINDEX= -42|FONTID=1|LOCATION.X=570|LOCATION.Y=90|SHOWNETNAME=T|STYLE=2|TEXT=VDD|UNIQUEID=MBBNAKEC|
RECORD=17|LINENO=1663|OWNERPARTID=   0|OWNERINDEX= -42|FONTID=1|LOCATION.X=570|LOCATION.Y=70|SHOWNETNAME=T|STYLE=2|TEXT=VDD_MCU|UNIQUEID=NTXIRPPI|
RECORD= 6|LINENO=1664|OWNERPARTID=   0|OWNERINDEX= -42|LINEWIDTH=1|LOCATIONCOUNT=7|X1=860|X2=860|X3=650|X4=650|X5=410|X6=410|X7=860|Y1=380|Y2=70|Y3=70|Y4=40|Y5=40|Y6=380|Y7=380|
RECORD= 1|LINENO=1665|OWNERPARTID=   0|OWNERINDEX= -42|ALLPINCOUNT=69|AREACOLOR=11599871|CURRENTPARTID=2|DESIGNITEMID=STM32WBxx_QFN68|DISPLAYMODECOUNT=1|LIBRARYPATH=*|LIBREFERENCE=STM32WBxx_QFN68|LOCATION.X=340|LOCATION.Y=250|PARTCOUNT=6|PARTIDLOCKED=T|SOURCELIBRARYNAME=Active.SchLib|TARGETFILENAME=*|UNIQUEID=WDFFOJKG|
RECORD=14|LINENO=1666|OWNERPARTID=   2|OWNERINDEX=1665|AREACOLOR=11599871|CORNER.X=390|CORNER.Y=250|ISSOLID=T|LOCATION.X=300|LOCATION.Y=170|
RECORD= 2|LINENO=1667|OWNERPARTID=   2|OWNERINDEX=1665|%UTF8%SWAPIDPART=Â¦&Â¦A1|DESIGNATOR=31|ELECTRICAL=4|FORMALTYPE=1|LOCATION.X=300|LOCATION.Y=230|NAME=RF1|PINCONGLOMERATE=58|PINLENGTH=10|SWAPIDPART=Ž&ŽA1|
RECORD=41|LINENO=1668|OWNERPARTID=   0|OWNERINDEX=1667|FONTID=1|ISHIDDEN=T|LOCATION.X=300|LOCATION.Y=230|NAME=PinUniqueId|TEXT=JMWIUHKD|UNIQUEID=GRTYXLVC|
RECORD= 2|LINENO=1669|OWNERPARTID=   2|OWNERINDEX=1665|%UTF8%SWAPIDPART=Â¦&Â¦A1|DESIGNATOR=33|ELECTRICAL=4|FORMALTYPE=1|LOCATION.X=390|LOCATION.Y=230|NAME=VDDRF|PINCONGLOMERATE=56|PINLENGTH=10|SWAPIDPART=Ž&ŽA1|
RECORD=41|LINENO=1670|OWNERPARTID=   0|OWNERINDEX=1669|FONTID=1|ISHIDDEN=T|LOCATION.X=390|LOCATION.Y=230|NAME=PinUniqueId|TEXT=QYTLIAPP|UNIQUEID=SFGKDAQX|
RECORD= 2|LINENO=1671|OWNERPARTID=   2|OWNERINDEX=1665|%UTF8%SWAPIDPART=Â¦&Â¦A1|DESIGNATOR=32|ELECTRICAL=4|FORMALTYPE=1|LOCATION.X=390|LOCATION.Y=180|NAME=VSSRF|PINCONGLOMERATE=56|PINLENGTH=10|SWAPIDPART=Ž&ŽA1|
RECORD=41|LINENO=1672|OWNERPARTID=   0|OWNERINDEX=1671|FONTID=1|ISHIDDEN=T|LOCATION.X=390|LOCATION.Y=180|NAME=PinUniqueId|TEXT=BVOXTNPC|UNIQUEID=EVSAAQHB|
RECORD= 2|LINENO=1673|OWNERPARTID=   3|OWNERINDEX=1665|%UTF8%SWAPIDPART=Â¦&Â¦A1|DESIGNATOR=44|ELECTRICAL=4|FORMALTYPE=1|LOCATION.X=290|LOCATION.Y=230|NAME=VDDSMPS|PINCONGLOMERATE=58|PINLENGTH=10|SWAPIDPART=Ž&ŽA1|
RECORD=41|LINENO=1674|OWNERPARTID=   0|OWNERINDEX=1673|FONTID=1|ISHIDDEN=T|LOCATION.X=290|LOCATION.Y=230|NAME=PinUniqueId|TEXT=QBFTDSGF|UNIQUEID=PLJALIQH|
RECORD= 2|LINENO=1675|OWNERPARTID=   3|OWNERINDEX=1665|%UTF8%SWAPIDPART=Â¦&Â¦A1|DESIGNATOR=42|ELECTRICAL=4|FORMALTYPE=1|LOCATION.X=290|LOCATION.Y=160|NAME=VSSSMPS|PINCONGLOMERATE=58|PINLENGTH=10|SWAPIDPART=Ž&ŽA1|
RECORD=41|LINENO=1676|OWNERPARTID=   0|OWNERINDEX=1675|FONTID=1|ISHIDDEN=T|LOCATION.X=290|LOCATION.Y=160|NAME=PinUniqueId|TEXT=MQNRVXOP|UNIQUEID=DBEYHGEV|
RECORD= 2|LINENO=1677|OWNERPARTID=   3|OWNERINDEX=1665|%UTF8%SWAPIDPART=Â¦&Â¦A1|DESIGNATOR=43|ELECTRICAL=4|FORMALTYPE=1|LOCATION.X=290|LOCATION.Y=210|NAME=VLXSMPS|PINCONGLOMERATE=58|PINLENGTH=10|SWAPIDPART=Ž&ŽA1|
RECORD=41|LINENO=1678|OWNERPARTID=   0|OWNERINDEX=1677|FONTID=1|ISHIDDEN=T|LOCATION.X=290|LOCATION.Y=210|NAME=PinUniqueId|TEXT=RGLFHCBI|UNIQUEID=HCORYWXX|
RECORD= 2|LINENO=1679|OWNERPARTID=   3|OWNERINDEX=1665|%UTF8%SWAPIDPART=Â¦&Â¦A1|DESIGNATOR=41|ELECTRICAL=4|FORMALTYPE=1|LOCATION.X=290|LOCATION.Y=190|NAME=VFBSMPS|PINCONGLOMERATE=58|PINLENGTH=10|SWAPIDPART=Ž&ŽA1|
RECORD=41|LINENO=1680|OWNERPARTID=   0|OWNERINDEX=1679|FONTID=1|ISHIDDEN=T|LOCATION.X=290|LOCATION.Y=190|NAME=PinUniqueId|TEXT=LXMAWQVF|UNIQUEID=KCJOPCQY|
RECORD=14|LINENO=1681|OWNERPARTID=   3|OWNERINDEX=1665|AREACOLOR=11599871|CORNER.X=380|CORNER.Y=250|ISSOLID=T|LOCATION.X=290|LOCATION.Y=140|TRANSPARENT=T|
RECORD=14|LINENO=1682|OWNERPARTID=   4|OWNERINDEX=1665|AREACOLOR=11599871|CORNER.X=410|CORNER.Y=250|ISSOLID=T|LOCATION.X=260|LOCATION.Y=180|
RECORD= 2|LINENO=1683|OWNERPARTID=   4|OWNERINDEX=1665|%UTF8%SWAPIDPART=Â¦&Â¦31|DESIGNATOR=35|ELECTRICAL=4|FORMALTYPE=1|LOCATION.X=260|LOCATION.Y=240|NAME=OSC_IN|PINCONGLOMERATE=58|PINLENGTH=10|SWAPIDPART=Ž&Ž31|
RECORD=41|LINENO=1684|OWNERPARTID=   0|OWNERINDEX=1683|FONTID=1|ISHIDDEN=T|LOCATION.X=260|LOCATION.Y=240|NAME=PinUniqueId|TEXT=IEQITJKR|UNIQUEID=GIFVXWTC|
RECORD= 2|LINENO=1685|OWNERPARTID=   4|OWNERINDEX=1665|%UTF8%SWAPIDPART=Â¦&Â¦31|DESIGNATOR=34|ELECTRICAL=4|FORMALTYPE=1|LOCATION.X=260|LOCATION.Y=230|NAME=OSC_OUT|PINCONGLOMERATE=58|PINLENGTH=10|SWAPIDPART=Ž&Ž31|
RECORD=41|LINENO=1686|OWNERPARTID=   0|OWNERINDEX=1685|FONTID=1|ISHIDDEN=T|LOCATION.X=260|LOCATION.Y=230|NAME=PinUniqueId|TEXT=FNHHXXOW|UNIQUEID=FLVWKFPW|
RECORD= 2|LINENO=1687|OWNERPARTID=   4|OWNERINDEX=1665|%UTF8%SWAPIDPART=Â¦&Â¦31|DESIGNATOR=3|ELECTRICAL=4|FORMALTYPE=1|LOCATION.X=260|LOCATION.Y=200|NAME=PC14-OSC32_IN|PINCONGLOMERATE=58|PINLENGTH=10|SWAPIDPART=Ž&Ž31|
RECORD=41|LINENO=1688|OWNERPARTID=   0|OWNERINDEX=1687|FONTID=1|ISHIDDEN=T|LOCATION.X=260|LOCATION.Y=200|NAME=PinUniqueId|TEXT=RBDTEFEB|UNIQUEID=LOTXJDNL|
RECORD= 2|LINENO=1689|OWNERPARTID=   4|OWNERINDEX=1665|%UTF8%SWAPIDPART=Â¦&Â¦31|DESIGNATOR=4|ELECTRICAL=4|FORMALTYPE=1|LOCATION.X=260|LOCATION.Y=190|NAME=PC15-OSC32_OUT|PINCONGLOMERATE=58|PINLENGTH=10|SWAPIDPART=Ž&Ž31|
RECORD=41|LINENO=1690|OWNERPARTID=   0|OWNERINDEX=1689|FONTID=1|ISHIDDEN=T|LOCATION.X=260|LOCATION.Y=190|NAME=PinUniqueId|TEXT=HTEGESRG|UNIQUEID=BMLYGHJX|
RECORD= 2|LINENO=1691|OWNERPARTID=   4|OWNERINDEX=1665|%UTF8%SWAPIDPART=Â¦&Â¦31|DESIGNATOR=5|ELECTRICAL=4|FORMALTYPE=1|LOCATION.X=410|LOCATION.Y=220|NAME=PH3-BOOT0|PINCONGLOMERATE=56|PINLENGTH=10|SWAPIDPART=Ž&Ž31|
RECORD=41|LINENO=1692|OWNERPARTID=   0|OWNERINDEX=1691|FONTID=1|ISHIDDEN=T|LOCATION.X=410|LOCATION.Y=220|NAME=PinUniqueId|TEXT=XMYNTJRM|UNIQUEID=CQBHRWOY|
RECORD= 2|LINENO=1693|OWNERPARTID=   4|OWNERINDEX=1665|%UTF8%SWAPIDPART=Â¦&Â¦31|DESIGNATOR=36|ELECTRICAL=4|FORMALTYPE=1|LOCATION.X=410|LOCATION.Y=200|NAME=AT0|PINCONGLOMERATE=56|PINLENGTH=10|SWAPIDPART=Ž&Ž31|
RECORD=41|LINENO=1694|OWNERPARTID=   0|OWNERINDEX=1693|FONTID=1|ISHIDDEN=T|LOCATION.X=410|LOCATION.Y=200|NAME=PinUniqueId|TEXT=JCJAYOPV|UNIQUEID=HQAQFPUY|
RECORD= 2|LINENO=1695|OWNERPARTID=   4|OWNERINDEX=1665|%UTF8%SWAPIDPART=Â¦&Â¦31|DESIGNATOR=37|ELECTRICAL=4|FORMALTYPE=1|LOCATION.X=410|LOCATION.Y=190|NAME=AT1|PINCONGLOMERATE=56|PINLENGTH=10|SWAPIDPART=Ž&Ž31|
RECORD=41|LINENO=1696|OWNERPARTID=   0|OWNERINDEX=1695|FONTID=1|ISHIDDEN=T|LOCATION.X=410|LOCATION.Y=190|NAME=PinUniqueId|TEXT=PAGCKNLM|UNIQUEID=VAUTCGGI|
RECORD= 2|LINENO=1697|OWNERPARTID=   4|OWNERINDEX=1665|%UTF8%SWAPIDPART=Â¦&Â¦31|DESIGNATOR=8|ELECTRICAL=4|FORMALTYPE=1|LOCATION.X=410|LOCATION.Y=240|NAME=NRST|PINCONGLOMERATE=56|PINLENGTH=10|SWAPIDPART=Ž&Ž31|
RECORD=41|LINENO=1698|OWNERPARTID=   0|OWNERINDEX=1697|FONTID=1|ISHIDDEN=T|LOCATION.X=410|LOCATION.Y=240|NAME=PinUniqueId|TEXT=LXGFOCNE|UNIQUEID=MKOBIJGC|
RECORD=14|LINENO=1699|OWNERPARTID=   6|OWNERINDEX=1665|AREACOLOR=11599871|CORNER.X=420|CORNER.Y=250|ISSOLID=T|LOCATION.X=260|LOCATION.Y=-100|
RECORD= 2|LINENO=1700|OWNERPARTID=   6|OWNERINDEX=1665|%UTF8%SWAPIDPART=Â¦&Â¦1|DESIGNATOR=15|ELECTRICAL=4|FORMALTYPE=1|LOCATION.X=260|LOCATION.Y=230|NAME=PA0|PINCONGLOMERATE=58|PINLENGTH=10|SWAPIDPART=Ž&Ž1|
RECORD=41|LINENO=1701|OWNERPARTID=   0|OWNERINDEX=1700|FONTID=1|ISHIDDEN=T|LOCATION.X=260|LOCATION.Y=230|NAME=PinUniqueId|TEXT=GYQRJSKC|UNIQUEID=JXYOVJUV|
RECORD= 2|LINENO=1702|OWNERPARTID=   6|OWNERINDEX=1665|%UTF8%SWAPIDPART=Â¦&Â¦1|DESIGNATOR=16|ELECTRICAL=4|FORMALTYPE=1|LOCATION.X=260|LOCATION.Y=220|NAME=PA1|PINCONGLOMERATE=58|PINLENGTH=10|SWAPIDPART=Ž&Ž1|
RECORD=41|LINENO=1703|OWNERPARTID=   0|OWNERINDEX=1702|FONTID=1|ISHIDDEN=T|LOCATION.X=260|LOCATION.Y=220|NAME=PinUniqueId|TEXT=NDDKJUUX|UNIQUEID=YVDLDVJE|
RECORD= 2|LINENO=1704|OWNERPARTID=   6|OWNERINDEX=1665|%UTF8%SWAPIDPART=Â¦&Â¦1|DESIGNATOR=17|ELECTRICAL=4|FORMALTYPE=1|LOCATION.X=260|LOCATION.Y=210|NAME=PA2|PINCONGLOMERATE=58|PINLENGTH=10|SWAPIDPART=Ž&Ž1|
RECORD=41|LINENO=1705|OWNERPARTID=   0|OWNERINDEX=1704|FONTID=1|ISHIDDEN=T|LOCATION.X=260|LOCATION.Y=210|NAME=PinUniqueId|TEXT=QBUKLIOG|UNIQUEID=PQKRYLJY|
RECORD= 2|LINENO=1706|OWNERPARTID=   6|OWNERINDEX=1665|%UTF8%SWAPIDPART=Â¦&Â¦1|DESIGNATOR=18|ELECTRICAL=4|FORMALTYPE=1|LOCATION.X=260|LOCATION.Y=200|NAME=PA3|PINCONGLOMERATE=58|PINLENGTH=10|SWAPIDPART=Ž&Ž1|
RECORD=41|LINENO=1707|OWNERPARTID=   0|OWNERINDEX=1706|FONTID=1|ISHIDDEN=T|LOCATION.X=260|LOCATION.Y=200|NAME=PinUniqueId|TEXT=SWJCMTPH|UNIQUEID=DMPXYPER|
RECORD= 2|LINENO=1708|OWNERPARTID=   6|OWNERINDEX=1665|%UTF8%SWAPIDPART=Â¦&Â¦1|DESIGNATOR=19|ELECTRICAL=4|FORMALTYPE=1|LOCATION.X=260|LOCATION.Y=190|NAME=PA4|PINCONGLOMERATE=58|PINLENGTH=10|SWAPIDPART=Ž&Ž1|
RECORD=41|LINENO=1709|OWNERPARTID=   0|OWNERINDEX=1708|FONTID=1|ISHIDDEN=T|LOCATION.X=260|LOCATION.Y=190|NAME=PinUniqueId|TEXT=LAUKUMGV|UNIQUEID=NQWWMDUD|
RECORD= 2|LINENO=1710|OWNERPARTID=   6|OWNERINDEX=1665|%UTF8%SWAPIDPART=Â¦&Â¦1|DESIGNATOR=20|ELECTRICAL=4|FORMALTYPE=1|LOCATION.X=260|LOCATION.Y=180|NAME=PA5|PINCONGLOMERATE=58|PINLENGTH=10|SWAPIDPART=Ž&Ž1|
RECORD=41|LINENO=1711|OWNERPARTID=   0|OWNERINDEX=1710|FONTID=1|ISHIDDEN=T|LOCATION.X=260|LOCATION.Y=180|NAME=PinUniqueId|TEXT=BHBWBFEX|UNIQUEID=WSWXKPXJ|
RECORD= 2|LINENO=1712|OWNERPARTID=   6|OWNERINDEX=1665|%UTF8%SWAPIDPART=Â¦&Â¦1|DESIGNATOR=21|ELECTRICAL=4|FORMALTYPE=1|LOCATION.X=260|LOCATION.Y=170|NAME=PA6|PINCONGLOMERATE=58|PINLENGTH=10|SWAPIDPART=Ž&Ž1|
RECORD=41|LINENO=1713|OWNERPARTID=   0|OWNERINDEX=1712|FONTID=1|ISHIDDEN=T|LOCATION.X=260|LOCATION.Y=170|NAME=PinUniqueId|TEXT=HKPEVYRA|UNIQUEID=FSBBAOSI|
RECORD= 2|LINENO=1714|OWNERPARTID=   6|OWNERINDEX=1665|%UTF8%SWAPIDPART=Â¦&Â¦1|DESIGNATOR=22|ELECTRICAL=4|FORMALTYPE=1|LOCATION.X=260|LOCATION.Y=160|NAME=PA7|PINCONGLOMERATE=58|PINLENGTH=10|SWAPIDPART=Ž&Ž1|
RECORD=41|LINENO=1715|OWNERPARTID=   0|OWNERINDEX=1714|FONTID=1|ISHIDDEN=T|LOCATION.X=260|LOCATION.Y=160|NAME=PinUniqueId|TEXT=NYHTVHFJ|UNIQUEID=FWRCWMBY|
RECORD= 2|LINENO=1716|OWNERPARTID=   6|OWNERINDEX=1665|%UTF8%SWAPIDPART=Â¦&Â¦1|DESIGNATOR=23|ELECTRICAL=4|FORMALTYPE=1|LOCATION.X=260|LOCATION.Y=150|NAME=PA8|PINCONGLOMERATE=58|PINLENGTH=10|SWAPIDPART=Ž&Ž1|
RECORD=41|LINENO=1717|OWNERPARTID=   0|OWNERINDEX=1716|FONTID=1|ISHIDDEN=T|LOCATION.X=260|LOCATION.Y=150|NAME=PinUniqueId|TEXT=UGIMITJE|UNIQUEID=MHJGYQKV|
RECORD= 2|LINENO=1718|OWNERPARTID=   6|OWNERINDEX=1665|%UTF8%SWAPIDPART=Â¦&Â¦1|DESIGNATOR=24|ELECTRICAL=4|FORMALTYPE=1|LOCATION.X=260|LOCATION.Y=140|NAME=PA9|PINCONGLOMERATE=58|PINLENGTH=10|SWAPIDPART=Ž&Ž1|
RECORD=41|LINENO=1719|OWNERPARTID=   0|OWNERINDEX=1718|FONTID=1|ISHIDDEN=T|LOCATION.X=260|LOCATION.Y=140|NAME=PinUniqueId|TEXT=BYTJLVNC|UNIQUEID=MLJXUSDT|
RECORD= 2|LINENO=1720|OWNERPARTID=   6|OWNERINDEX=1665|%UTF8%SWAPIDPART=Â¦&Â¦1|DESIGNATOR=25|ELECTRICAL=4|FORMALTYPE=1|LOCATION.X=420|LOCATION.Y=190|NAME=PC4|PINCONGLOMERATE=56|PINLENGTH=10|SWAPIDPART=Ž&Ž1|
RECORD=41|LINENO=1721|OWNERPARTID=   0|OWNERINDEX=1720|FONTID=1|ISHIDDEN=T|LOCATION.X=420|LOCATION.Y=190|NAME=PinUniqueId|TEXT=IRXXDWJI|UNIQUEID=LLAAIFQY|
RECORD= 2|LINENO=1722|OWNERPARTID=   6|OWNERINDEX=1665|%UTF8%SWAPIDPART=Â¦&Â¦1|DESIGNATOR=26|ELECTRICAL=4|FORMALTYPE=1|LOCATION.X=420|LOCATION.Y=180|NAME=PC5|PINCONGLOMERATE=56|PINLENGTH=10|SWAPIDPART=Ž&Ž1|
RECORD=41|LINENO=1723|OWNERPARTID=   0|OWNERINDEX=1722|FONTID=1|ISHIDDEN=T|LOCATION.X=420|LOCATION.Y=180|NAME=PinUniqueId|TEXT=EGAXCVIS|UNIQUEID=WFDIKTTK|
RECORD= 2|LINENO=1724|OWNERPARTID=   6|OWNERINDEX=1665|%UTF8%SWAPIDPART=Â¦&Â¦1|DESIGNATOR=27|ELECTRICAL=4|FORMALTYPE=1|LOCATION.X=260|LOCATION.Y=40|NAME=PB2|PINCONGLOMERATE=58|PINLENGTH=10|SWAPIDPART=Ž&Ž1|
RECORD=41|LINENO=1725|OWNERPARTID=   0|OWNERINDEX=1724|FONTID=1|ISHIDDEN=T|LOCATION.X=260|LOCATION.Y=40|NAME=PinUniqueId|TEXT=ASMVFWDH|UNIQUEID=PGUKUEXP|
RECORD= 2|LINENO=1726|OWNERPARTID=   6|OWNERINDEX=1665|%UTF8%SWAPIDPART=Â¦&Â¦1|DESIGNATOR=28|ELECTRICAL=4|FORMALTYPE=1|LOCATION.X=260|LOCATION.Y=-40|NAME=PB10|PINCONGLOMERATE=58|PINLENGTH=10|SWAPIDPART=Ž&Ž1|
RECORD=41|LINENO=1727|OWNERPARTID=   0|OWNERINDEX=1726|FONTID=1|ISHIDDEN=T|LOCATION.X=260|LOCATION.Y=-40|NAME=PinUniqueId|TEXT=JMAQOKQF|UNIQUEID=BNTPTHQN|
RECORD= 2|LINENO=1728|OWNERPARTID=   6|OWNERINDEX=1665|%UTF8%SWAPIDPART=Â¦&Â¦1|DESIGNATOR=9|ELECTRICAL=4|FORMALTYPE=1|LOCATION.X=420|LOCATION.Y=230|NAME=PC0|PINCONGLOMERATE=56|PINLENGTH=10|SWAPIDPART=Ž&Ž1|
RECORD=41|LINENO=1729|OWNERPARTID=   0|OWNERINDEX=1728|FONTID=1|ISHIDDEN=T|LOCATION.X=420|LOCATION.Y=230|NAME=PinUniqueId|TEXT=RVTPSPOS|UNIQUEID=PXGNHSAA|
RECORD= 2|LINENO=1730|OWNERPARTID=   6|OWNERINDEX=1665|%UTF8%SWAPIDPART=Â¦&Â¦1|DESIGNATOR=10|ELECTRICAL=4|FORMALTYPE=1|LOCATION.X=420|LOCATION.Y=220|NAME=PC1|PINCONGLOMERATE=56|PINLENGTH=10|SWAPIDPART=Ž&Ž1|
RECORD=41|LINENO=1731|OWNERPARTID=   0|OWNERINDEX=1730|FONTID=1|ISHIDDEN=T|LOCATION.X=420|LOCATION.Y=220|NAME=PinUniqueId|TEXT=QSOUFDXA|UNIQUEID=FMQUPIGL|
RECORD= 2|LINENO=1732|OWNERPARTID=   6|OWNERINDEX=1665|%UTF8%SWAPIDPART=Â¦&Â¦1|DESIGNATOR=11|ELECTRICAL=4|FORMALTYPE=1|LOCATION.X=420|LOCATION.Y=210|NAME=PC2|PINCONGLOMERATE=56|PINLENGTH=10|SWAPIDPART=Ž&Ž1|
RECORD=41|LINENO=1733|OWNERPARTID=   0|OWNERINDEX=1732|FONTID=1|ISHIDDEN=T|LOCATION.X=420|LOCATION.Y=210|NAME=PinUniqueId|TEXT=WTLSTANM|UNIQUEID=NWJDNOFN|
RECORD= 2|LINENO=1734|OWNERPARTID=   6|OWNERINDEX=1665|%UTF8%SWAPIDPART=Â¦&Â¦1|DESIGNATOR=12|ELECTRICAL=4|FORMALTYPE=1|LOCATION.X=420|LOCATION.Y=200|NAME=PC3|PINCONGLOMERATE=56|PINLENGTH=10|SWAPIDPART=Ž&Ž1|
RECORD=41|LINENO=1735|OWNERPARTID=   0|OWNERINDEX=1734|FONTID=1|ISHIDDEN=T|LOCATION.X=420|LOCATION.Y=200|NAME=PinUniqueId|TEXT=RYTCVDGJ|UNIQUEID=VBQOJNCV|
RECORD= 2|LINENO=1736|OWNERPARTID=   6|OWNERINDEX=1665|%UTF8%SWAPIDPART=Â¦&Â¦1|DESIGNATOR=6|ELECTRICAL=4|FORMALTYPE=1|LOCATION.X=260|LOCATION.Y=-20|NAME=PB8|PINCONGLOMERATE=58|PINLENGTH=10|SWAPIDPART=Ž&Ž1|
RECORD=41|LINENO=1737|OWNERPARTID=   0|OWNERINDEX=1736|FONTID=1|ISHIDDEN=T|LOCATION.X=260|LOCATION.Y=-20|NAME=PinUniqueId|TEXT=RDUFHSNR|UNIQUEID=JFPKHBEF|
RECORD= 2|LINENO=1738|OWNERPARTID=   6|OWNERINDEX=1665|%UTF8%SWAPIDPART=Â¦&Â¦1|DESIGNATOR=7|ELECTRICAL=4|FORMALTYPE=1|LOCATION.X=260|LOCATION.Y=-30|NAME=PB9|PINCONGLOMERATE=58|PINLENGTH=10|SWAPIDPART=Ž&Ž1|
RECORD=41|LINENO=1739|OWNERPARTID=   0|OWNERINDEX=1738|FONTID=1|ISHIDDEN=T|LOCATION.X=260|LOCATION.Y=-30|NAME=PinUniqueId|TEXT=SCGMRLXJ|UNIQUEID=CHDXBHLO|
RECORD= 2|LINENO=1740|OWNERPARTID=   6|OWNERINDEX=1665|%UTF8%SWAPIDPART=Â¦&Â¦1|DESIGNATOR=2|ELECTRICAL=4|FORMALTYPE=1|LOCATION.X=420|LOCATION.Y=100|NAME=PC13|PINCONGLOMERATE=56|PINLENGTH=10|SWAPIDPART=Ž&Ž1|
RECORD=41|LINENO=1741|OWNERPARTID=   0|OWNERINDEX=1740|FONTID=1|ISHIDDEN=T|LOCATION.X=420|LOCATION.Y=100|NAME=PinUniqueId|TEXT=RCWMGQUY|UNIQUEID=JMYTXKRK|
RECORD= 2|LINENO=1742|OWNERPARTID=   6|OWNERINDEX=1665|%UTF8%SWAPIDPART=Â¦&Â¦1|DESIGNATOR=29|ELECTRICAL=4|FORMALTYPE=1|LOCATION.X=260|LOCATION.Y=-50|NAME=PB11|PINCONGLOMERATE=58|PINLENGTH=10|SWAPIDPART=Ž&Ž1|
RECORD=41|LINENO=1743|OWNERPARTID=   0|OWNERINDEX=1742|FONTID=1|ISHIDDEN=T|LOCATION.X=260|LOCATION.Y=-50|NAME=PinUniqueId|TEXT=LIAUIWWG|UNIQUEID=AMVRIXGD|
RECORD= 2|LINENO=1744|OWNERPARTID=   6|OWNERINDEX=1665|%UTF8%SWAPIDPART=Â¦&Â¦1|DESIGNATOR=46|ELECTRICAL=4|FORMALTYPE=1|LOCATION.X=260|LOCATION.Y=-60|NAME=PB12|PINCONGLOMERATE=58|PINLENGTH=10|SWAPIDPART=Ž&Ž1|
RECORD=41|LINENO=1745|OWNERPARTID=   0|OWNERINDEX=1744|FONTID=1|ISHIDDEN=T|LOCATION.X=260|LOCATION.Y=-60|NAME=PinUniqueId|TEXT=WCHXIVAQ|UNIQUEID=RIQIUWYT|
RECORD= 2|LINENO=1746|OWNERPARTID=   6|OWNERINDEX=1665|%UTF8%SWAPIDPART=Â¦&Â¦1|DESIGNATOR=47|ELECTRICAL=4|FORMALTYPE=1|LOCATION.X=260|LOCATION.Y=-70|NAME=PB13|PINCONGLOMERATE=58|PINLENGTH=10|SWAPIDPART=Ž&Ž1|
RECORD=41|LINENO=1747|OWNERPARTID=   0|OWNERINDEX=1746|FONTID=1|ISHIDDEN=T|LOCATION.X=260|LOCATION.Y=-70|NAME=PinUniqueId|TEXT=YAKRNQBM|UNIQUEID=IMTMCXGL|
RECORD= 2|LINENO=1748|OWNERPARTID=   6|OWNERINDEX=1665|%UTF8%SWAPIDPART=Â¦&Â¦1|DESIGNATOR=48|ELECTRICAL=4|FORMALTYPE=1|LOCATION.X=260|LOCATION.Y=-80|NAME=PB14|PINCONGLOMERATE=58|PINLENGTH=10|SWAPIDPART=Ž&Ž1|
RECORD=41|LINENO=1749|OWNERPARTID=   0|OWNERINDEX=1748|FONTID=1|ISHIDDEN=T|LOCATION.X=260|LOCATION.Y=-80|NAME=PinUniqueId|TEXT=TPESAEOX|UNIQUEID=PIHRVAFO|
RECORD= 2|LINENO=1750|OWNERPARTID=   6|OWNERINDEX=1665|%UTF8%SWAPIDPART=Â¦&Â¦1|DESIGNATOR=49|ELECTRICAL=4|FORMALTYPE=1|LOCATION.X=260|LOCATION.Y=-90|NAME=PB15|PINCONGLOMERATE=58|PINLENGTH=10|SWAPIDPART=Ž&Ž1|
RECORD=41|LINENO=1751|OWNERPARTID=   0|OWNERINDEX=1750|FONTID=1|ISHIDDEN=T|LOCATION.X=260|LOCATION.Y=-90|NAME=PinUniqueId|TEXT=THYRLBXY|UNIQUEID=NTIDYDTS|
RECORD= 2|LINENO=1752|OWNERPARTID=   6|OWNERINDEX=1665|%UTF8%SWAPIDPART=Â¦&Â¦1|DESIGNATOR=50|ELECTRICAL=4|FORMALTYPE=1|LOCATION.X=420|LOCATION.Y=170|NAME=PC6|PINCONGLOMERATE=56|PINLENGTH=10|SWAPIDPART=Ž&Ž1|
RECORD=41|LINENO=1753|OWNERPARTID=   0|OWNERINDEX=1752|FONTID=1|ISHIDDEN=T|LOCATION.X=420|LOCATION.Y=170|NAME=PinUniqueId|TEXT=BQCGKTCA|UNIQUEID=BIRRRRUQ|
RECORD= 2|LINENO=1754|OWNERPARTID=   6|OWNERINDEX=1665|%UTF8%SWAPIDPART=Â¦&Â¦1|DESIGNATOR=51|ELECTRICAL=4|FORMALTYPE=1|LOCATION.X=260|LOCATION.Y=130|NAME=PA10|PINCONGLOMERATE=58|PINLENGTH=10|SWAPIDPART=Ž&Ž1|
RECORD=41|LINENO=1755|OWNERPARTID=   0|OWNERINDEX=1754|FONTID=1|ISHIDDEN=T|LOCATION.X=260|LOCATION.Y=130|NAME=PinUniqueId|TEXT=QVNTGEWI|UNIQUEID=POBOQUQU|
RECORD= 2|LINENO=1756|OWNERPARTID=   6|OWNERINDEX=1665|%UTF8%SWAPIDPART=Â¦&Â¦1|DESIGNATOR=52|ELECTRICAL=4|FORMALTYPE=1|LOCATION.X=260|LOCATION.Y=120|NAME=PA11|PINCONGLOMERATE=58|PINLENGTH=10|SWAPIDPART=Ž&Ž1|
RECORD=41|LINENO=1757|OWNERPARTID=   0|OWNERINDEX=1756|FONTID=1|ISHIDDEN=T|LOCATION.X=260|LOCATION.Y=120|NAME=PinUniqueId|TEXT=VQFFIDWL|UNIQUEID=CQUAJKFX|
RECORD= 2|LINENO=1758|OWNERPARTID=   6|OWNERINDEX=1665|%UTF8%SWAPIDPART=Â¦&Â¦1|DESIGNATOR=53|ELECTRICAL=4|FORMALTYPE=1|LOCATION.X=260|LOCATION.Y=110|NAME=PA12|PINCONGLOMERATE=58|PINLENGTH=10|SWAPIDPART=Ž&Ž1|
RECORD=41|LINENO=1759|OWNERPARTID=   0|OWNERINDEX=1758|FONTID=1|ISHIDDEN=T|LOCATION.X=260|LOCATION.Y=110|NAME=PinUniqueId|TEXT=QMXGGPSB|UNIQUEID=IGNKJAJD|
RECORD= 2|LINENO=1760|OWNERPARTID=   6|OWNERINDEX=1665|%UTF8%SWAPIDPART=Â¦&Â¦1|DESIGNATOR=54|ELECTRICAL=4|FORMALTYPE=1|LOCATION.X=260|LOCATION.Y=100|NAME=PA13-JTMS_SWDIO|PINCONGLOMERATE=58|PINLENGTH=10|SWAPIDPART=Ž&Ž1|
RECORD=41|LINENO=1761|OWNERPARTID=   0|OWNERINDEX=1760|FONTID=1|ISHIDDEN=T|LOCATION.X=260|LOCATION.Y=100|NAME=PinUniqueId|TEXT=HBUUDIHC|UNIQUEID=GDTVQNRF|
RECORD= 2|LINENO=1762|OWNERPARTID=   6|OWNERINDEX=1665|%UTF8%SWAPIDPART=Â¦&Â¦1|DESIGNATOR=56|ELECTRICAL=4|FORMALTYPE=1|LOCATION.X=260|LOCATION.Y=90|NAME=PA14-JTCK_SWCLK|PINCONGLOMERATE=58|PINLENGTH=10|SWAPIDPART=Ž&Ž1|
RECORD=41|LINENO=1763|OWNERPARTID=   0|OWNERINDEX=1762|FONTID=1|ISHIDDEN=T|LOCATION.X=260|LOCATION.Y=90|NAME=PinUniqueId|TEXT=WXHYVCBM|UNIQUEID=PJPRHQRI|
RECORD= 2|LINENO=1764|OWNERPARTID=   6|OWNERINDEX=1665|%UTF8%SWAPIDPART=Â¦&Â¦1|DESIGNATOR=57|ELECTRICAL=4|FORMALTYPE=1|LOCATION.X=260|LOCATION.Y=80|NAME=PA15-JTDI|PINCONGLOMERATE=58|PINLENGTH=10|SWAPIDPART=Ž&Ž1|
RECORD=41|LINENO=1765|OWNERPARTID=   0|OWNERINDEX=1764|FONTID=1|ISHIDDEN=T|LOCATION.X=260|LOCATION.Y=80|NAME=PinUniqueId|TEXT=VXRXPDFO|UNIQUEID=CORRPHOX|
RECORD= 2|LINENO=1766|OWNERPARTID=   6|OWNERINDEX=1665|%UTF8%SWAPIDPART=Â¦&Â¦1|DESIGNATOR=58|ELECTRICAL=4|FORMALTYPE=1|LOCATION.X=420|LOCATION.Y=130|NAME=PC10|PINCONGLOMERATE=56|PINLENGTH=10|SWAPIDPART=Ž&Ž1|
RECORD=41|LINENO=1767|OWNERPARTID=   0|OWNERINDEX=1766|FONTID=1|ISHIDDEN=T|LOCATION.X=420|LOCATION.Y=130|NAME=PinUniqueId|TEXT=SJLRIFOL|UNIQUEID=EVALCRUX|
RECORD= 2|LINENO=1768|OWNERPARTID=   6|OWNERINDEX=1665|%UTF8%SWAPIDPART=Â¦&Â¦1|DESIGNATOR=59|ELECTRICAL=4|FORMALTYPE=1|LOCATION.X=420|LOCATION.Y=120|NAME=PC11|PINCONGLOMERATE=56|PINLENGTH=10|SWAPIDPART=Ž&Ž1|
RECORD=41|LINENO=1769|OWNERPARTID=   0|OWNERINDEX=1768|FONTID=1|ISHIDDEN=T|LOCATION.X=420|LOCATION.Y=120|NAME=PinUniqueId|TEXT=XVQKCKMF|UNIQUEID=MPSWTFXO|
RECORD= 2|LINENO=1770|OWNERPARTID=   6|OWNERINDEX=1665|%UTF8%SWAPIDPART=Â¦&Â¦1|DESIGNATOR=60|ELECTRICAL=4|FORMALTYPE=1|LOCATION.X=420|LOCATION.Y=110|NAME=PC12|PINCONGLOMERATE=56|PINLENGTH=10|SWAPIDPART=Ž&Ž1|
RECORD=41|LINENO=1771|OWNERPARTID=   0|OWNERINDEX=1770|FONTID=1|ISHIDDEN=T|LOCATION.X=420|LOCATION.Y=110|NAME=PinUniqueId|TEXT=MHMBWAVX|UNIQUEID=TFLNFIHY|
RECORD= 2|LINENO=1772|OWNERPARTID=   6|OWNERINDEX=1665|%UTF8%SWAPIDPART=Â¦&Â¦1|DESIGNATOR=61|ELECTRICAL=4|FORMALTYPE=1|LOCATION.X=420|LOCATION.Y=80|NAME=PD0|PINCONGLOMERATE=56|PINLENGTH=10|SWAPIDPART=Ž&Ž1|
RECORD=41|LINENO=1773|OWNERPARTID=   0|OWNERINDEX=1772|FONTID=1|ISHIDDEN=T|LOCATION.X=420|LOCATION.Y=80|NAME=PinUniqueId|TEXT=AJWDFWJJ|UNIQUEID=GFYNWCSP|
RECORD= 2|LINENO=1774|OWNERPARTID=   6|OWNERINDEX=1665|%UTF8%SWAPIDPART=Â¦&Â¦1|DESIGNATOR=62|ELECTRICAL=4|FORMALTYPE=1|LOCATION.X=420|LOCATION.Y=70|NAME=PD1|PINCONGLOMERATE=56|PINLENGTH=10|SWAPIDPART=Ž&Ž1|
RECORD=41|LINENO=1775|OWNERPARTID=   0|OWNERINDEX=1774|FONTID=1|ISHIDDEN=T|LOCATION.X=420|LOCATION.Y=70|NAME=PinUniqueId|TEXT=NDBXQWNP|UNIQUEID=TUOIKJVT|
RECORD= 2|LINENO=1776|OWNERPARTID=   6|OWNERINDEX=1665|%UTF8%SWAPIDPART=Â¦&Â¦1|DESIGNATOR=63|ELECTRICAL=4|FORMALTYPE=1|LOCATION.X=260|LOCATION.Y=30|NAME=PB3-JTDO|PINCONGLOMERATE=58|PINLENGTH=10|SWAPIDPART=Ž&Ž1|
RECORD=41|LINENO=1777|OWNERPARTID=   0|OWNERINDEX=1776|FONTID=1|ISHIDDEN=T|LOCATION.X=260|LOCATION.Y=30|NAME=PinUniqueId|TEXT=OXKEXYYO|UNIQUEID=JQGUDGOF|
RECORD= 2|LINENO=1778|OWNERPARTID=   6|OWNERINDEX=1665|%UTF8%SWAPIDPART=Â¦&Â¦1|DESIGNATOR=64|ELECTRICAL=4|FORMALTYPE=1|LOCATION.X=260|LOCATION.Y=20|NAME=PB4-NJTRST|PINCONGLOMERATE=58|PINLENGTH=10|SWAPIDPART=Ž&Ž1|
RECORD=41|LINENO=1779|OWNERPARTID=   0|OWNERINDEX=1778|FONTID=1|ISHIDDEN=T|LOCATION.X=260|LOCATION.Y=20|NAME=PinUniqueId|TEXT=CVAOLDRA|UNIQUEID=MWVGGBLP|
RECORD= 2|LINENO=1780|OWNERPARTID=   6|OWNERINDEX=1665|%UTF8%SWAPIDPART=Â¦&Â¦1|DESIGNATOR=65|ELECTRICAL=4|FORMALTYPE=1|LOCATION.X=260|LOCATION.Y=10|NAME=PB5|PINCONGLOMERATE=58|PINLENGTH=10|SWAPIDPART=Ž&Ž1|
RECORD=41|LINENO=1781|OWNERPARTID=   0|OWNERINDEX=1780|FONTID=1|ISHIDDEN=T|LOCATION.X=260|LOCATION.Y=10|NAME=PinUniqueId|TEXT=VHQEMEPT|UNIQUEID=PSJCRWRR|
RECORD= 2|LINENO=1782|OWNERPARTID=   6|OWNERINDEX=1665|%UTF8%SWAPIDPART=Â¦&Â¦1|DESIGNATOR=66|ELECTRICAL=4|FORMALTYPE=1|LOCATION.X=260|NAME=PB6|PINCONGLOMERATE=58|PINLENGTH=10|SWAPIDPART=Ž&Ž1|
RECORD=41|LINENO=1783|OWNERPARTID=   0|OWNERINDEX=1782|FONTID=1|ISHIDDEN=T|LOCATION.X=260|NAME=PinUniqueId|TEXT=HVORVMOM|UNIQUEID=RWKPIOFJ|
RECORD= 2|LINENO=1784|OWNERPARTID=   6|OWNERINDEX=1665|%UTF8%SWAPIDPART=Â¦&Â¦1|DESIGNATOR=67|ELECTRICAL=4|FORMALTYPE=1|LOCATION.X=260|LOCATION.Y=-10|NAME=PB7|PINCONGLOMERATE=58|PINLENGTH=10|SWAPIDPART=Ž&Ž1|
RECORD=41|LINENO=1785|OWNERPARTID=   0|OWNERINDEX=1784|FONTID=1|ISHIDDEN=T|LOCATION.X=260|LOCATION.Y=-10|NAME=PinUniqueId|TEXT=BMPIGCJK|UNIQUEID=VARIAXAK|
RECORD= 2|LINENO=1786|OWNERPARTID=   6|OWNERINDEX=1665|%UTF8%SWAPIDPART=Â¦&Â¦1|DESIGNATOR=39|ELECTRICAL=4|FORMALTYPE=1|LOCATION.X=260|LOCATION.Y=50|NAME=PB1|PINCONGLOMERATE=58|PINLENGTH=10|SWAPIDPART=Ž&Ž1|
RECORD=41|LINENO=1787|OWNERPARTID=   0|OWNERINDEX=1786|FONTID=1|ISHIDDEN=T|LOCATION.X=260|LOCATION.Y=50|NAME=PinUniqueId|TEXT=BJYTDDSQ|UNIQUEID=APHGXBHG|
RECORD= 2|LINENO=1788|OWNERPARTID=   6|OWNERINDEX=1665|%UTF8%SWAPIDPART=Â¦&Â¦1|DESIGNATOR=38|ELECTRICAL=4|FORMALTYPE=1|LOCATION.X=260|LOCATION.Y=60|NAME=PB0|PINCONGLOMERATE=58|PINLENGTH=10|SWAPIDPART=Ž&Ž1|
RECORD=41|LINENO=1789|OWNERPARTID=   0|OWNERINDEX=1788|FONTID=1|ISHIDDEN=T|LOCATION.X=260|LOCATION.Y=60|NAME=PinUniqueId|TEXT=CINRUUMS|UNIQUEID=PBJVNMWJ|
RECORD= 2|LINENO=1790|OWNERPARTID=   6|OWNERINDEX=1665|%UTF8%SWAPIDPART=Â¦&Â¦1|DESIGNATOR=40|ELECTRICAL=4|FORMALTYPE=1|LOCATION.X=420|LOCATION.Y=50|NAME=PE4|PINCONGLOMERATE=56|PINLENGTH=10|SWAPIDPART=Ž&Ž1|
RECORD=41|LINENO=1791|OWNERPARTID=   0|OWNERINDEX=1790|FONTID=1|ISHIDDEN=T|LOCATION.X=420|LOCATION.Y=50|NAME=PinUniqueId|TEXT=AKUFAFQK|UNIQUEID=JHXEIXTM|
RECORD=14|LINENO=1792|OWNERPARTID=   5|OWNERINDEX=1665|AREACOLOR=11599871|CORNER.X=410|CORNER.Y=250|ISSOLID=T|LOCATION.X=270|LOCATION.Y=100|
RECORD= 2|LINENO=1793|OWNERPARTID=   5|OWNERINDEX=1665|%UTF8%SWAPIDPART=Â¦&Â¦3|DESIGNATOR=13|ELECTRICAL=4|FORMALTYPE=1|LOCATION.X=270|LOCATION.Y=120|NAME=VREF+|PINCONGLOMERATE=58|PINLENGTH=10|SWAPIDPART=Ž&Ž3|
RECORD=41|LINENO=1794|OWNERPARTID=   0|OWNERINDEX=1793|FONTID=1|ISHIDDEN=T|LOCATION.X=270|LOCATION.Y=120|NAME=PinUniqueId|TEXT=NEHHTWSV|UNIQUEID=ILECVBGW|
RECORD= 2|LINENO=1795|OWNERPARTID=   5|OWNERINDEX=1665|%UTF8%SWAPIDPART=Â¦&Â¦3|DESIGNATOR=14|ELECTRICAL=4|FORMALTYPE=1|LOCATION.X=270|LOCATION.Y=140|NAME=VDDA|PINCONGLOMERATE=58|PINLENGTH=10|SWAPIDPART=Ž&Ž3|
RECORD=41|LINENO=1796|OWNERPARTID=   0|OWNERINDEX=1795|FONTID=1|ISHIDDEN=T|LOCATION.X=270|LOCATION.Y=140|NAME=PinUniqueId|TEXT=NJOOXLCF|UNIQUEID=MBNHJYSA|
RECORD= 2|LINENO=1797|OWNERPARTID=   5|OWNERINDEX=1665|%UTF8%SWAPIDPART=Â¦&Â¦3|DESIGNATOR=30|ELECTRICAL=4|FORMALTYPE=1|LOCATION.X=270|LOCATION.Y=200|NAME=VDD|PINCONGLOMERATE=58|PINLENGTH=10|SWAPIDPART=Ž&Ž3|
RECORD=41|LINENO=1798|OWNERPARTID=   0|OWNERINDEX=1797|FONTID=1|ISHIDDEN=T|LOCATION.X=270|LOCATION.Y=200|NAME=PinUniqueId|TEXT=SLTLQSAC|UNIQUEID=BFIDFMIK|
RECORD= 2|LINENO=1799|OWNERPARTID=   5|OWNERINDEX=1665|%UTF8%SWAPIDPART=Â¦&Â¦3|DESIGNATOR=45|ELECTRICAL=4|FORMALTYPE=1|LOCATION.X=270|LOCATION.Y=220|NAME=VDD|PINCONGLOMERATE=58|PINLENGTH=10|SWAPIDPART=Ž&Ž3|
RECORD=41|LINENO=1800|OWNERPARTID=   0|OWNERINDEX=1799|FONTID=1|ISHIDDEN=T|LOCATION.X=270|LOCATION.Y=220|NAME=PinUniqueId|TEXT=MQWPSANE|UNIQUEID=FSSCQKFC|
RECORD= 2|LINENO=1801|OWNERPARTID=   5|OWNERINDEX=1665|%UTF8%SWAPIDPART=Â¦&Â¦3|DESIGNATOR=55|ELECTRICAL=4|FORMALTYPE=1|LOCATION.X=270|LOCATION.Y=160|NAME=VDDUSB|PINCONGLOMERATE=58|PINLENGTH=10|SWAPIDPART=Ž&Ž3|
RECORD=41|LINENO=1802|OWNERPARTID=   0|OWNERINDEX=1801|FONTID=1|ISHIDDEN=T|LOCATION.X=270|LOCATION.Y=160|NAME=PinUniqueId|TEXT=LSHTCOOB|UNIQUEID=OSPMDITA|
RECORD= 2|LINENO=1803|OWNERPARTID=   5|OWNERINDEX=1665|%UTF8%SWAPIDPART=Â¦&Â¦3|DESIGNATOR=1|ELECTRICAL=4|FORMALTYPE=1|LOCATION.X=270|LOCATION.Y=180|NAME=VBAT|PINCONGLOMERATE=58|PINLENGTH=10|SWAPIDPART=Ž&Ž3|
RECORD=41|LINENO=1804|OWNERPARTID=   0|OWNERINDEX=1803|FONTID=1|ISHIDDEN=T|LOCATION.X=270|LOCATION.Y=180|NAME=PinUniqueId|TEXT=JIEQOYRK|UNIQUEID=AIQKILXB|
RECORD= 2|LINENO=1805|OWNERPARTID=   5|OWNERINDEX=1665|%UTF8%SWAPIDPART=Â¦&Â¦3|DESIGNATOR=68|ELECTRICAL=4|FORMALTYPE=1|LOCATION.X=270|LOCATION.Y=230|NAME=VDD|PINCONGLOMERATE=58|PINLENGTH=10|SWAPIDPART=Ž&Ž3|
RECORD=41|LINENO=1806|OWNERPARTID=   0|OWNERINDEX=1805|FONTID=1|ISHIDDEN=T|LOCATION.X=270|LOCATION.Y=230|NAME=PinUniqueId|TEXT=BYEMKYPS|UNIQUEID=EDGXPBLF|
RECORD= 2|LINENO=1807|OWNERPARTID=   5|OWNERINDEX=1665|%UTF8%SWAPIDPART=Â¦&Â¦10|DESIGNATOR=69|ELECTRICAL=4|FORMALTYPE=1|LOCATION.X=420|LOCATION.Y=90|NAME=VSS (ExPAD)|PINCONGLOMERATE=59|PINLENGTH=10|SWAPIDPART=Ž&Ž10|
RECORD=41|LINENO=1808|OWNERPARTID=   0|OWNERINDEX=1807|FONTID=1|ISHIDDEN=T|LOCATION.X=420|LOCATION.Y=90|NAME=PinUniqueId|TEXT=FAXQCHWA|UNIQUEID=LFTXEBLB|
RECORD= 6|LINENO=1809|OWNERPARTID=   5|OWNERINDEX=1665|LINEWIDTH=1|LOCATIONCOUNT=3|X1=412|X2=412|X3=400|Y1=110|Y2=98|Y3=98|
RECORD= 6|LINENO=1810|OWNERPARTID=   5|OWNERINDEX=1665|LINEWIDTH=1|LOCATIONCOUNT=2|X1=412|X2=420|Y1=98|Y2=90|
RECORD=34|LINENO=1811|OWNERPARTID=   0|OWNERINDEX=1665|FONTID=1|LOCATION.X=290|LOCATION.Y=250|NAME=Designator|TEXT=U1|UNIQUEID=OTSVLODF|
RECORD=41|LINENO=1812|OWNERPARTID=   0|OWNERINDEX=1665|FONTID=1|LOCATION.X=290|LOCATION.Y=130|NAME=Comment|TEXT=STM32WBxx_QFN68|UNIQUEID=WTRXWIFQ|
RECORD=44|LINENO=1813|OWNERPARTID= -42|OWNERINDEX=1665|
RECORD=45|LINENO=1814|OWNERPARTID= -42|OWNERINDEX=1813|DATAFILECOUNT=1|ISCURRENT=T|MODELDATAFILEENTITY0=VFQFPN68_8x8x0.1_p0.4|MODELDATAFILEKIND0=PCBLib|MODELNAME=VFQFPN68_8x8x0.1_p0.4|MODELTYPE=PCBLIB|UNIQUEID=KLYOXMQA|
RECORD=46|LINENO=1815|OWNERPARTID= -42|OWNERINDEX=1814|
RECORD=48|LINENO=1816|OWNERPARTID= -42|OWNERINDEX=1814|
RECORD= 1|LINENO=1817|OWNERPARTID=   0|OWNERINDEX= -42|ALLPINCOUNT=69|AREACOLOR=11599871|CURRENTPARTID=4|DESIGNITEMID=STM32WBxx_QFN68|DISPLAYMODECOUNT=1|LIBRARYPATH=*|LIBREFERENCE=STM32WBxx_QFN68|LOCATION.X=740|LOCATION.Y=270|PARTCOUNT=6|PARTIDLOCKED=T|SOURCELIBRARYNAME=Active.SchLib|TARGETFILENAME=*|UNIQUEID=PJHPYMYH|
RECORD=14|LINENO=1818|OWNERPARTID=   2|OWNERINDEX=1817|AREACOLOR=11599871|CORNER.X=790|CORNER.Y=270|ISSOLID=T|LOCATION.X=700|LOCATION.Y=190|
RECORD= 2|LINENO=1819|OWNERPARTID=   2|OWNERINDEX=1817|%UTF8%SWAPIDPART=Â¦&Â¦A1|DESIGNATOR=31|ELECTRICAL=4|FORMALTYPE=1|LOCATION.X=700|LOCATION.Y=250|NAME=RF1|PINCONGLOMERATE=58|PINLENGTH=10|SWAPIDPART=Ž&ŽA1|
RECORD=41|LINENO=1820|OWNERPARTID=   0|OWNERINDEX=1819|FONTID=1|ISHIDDEN=T|LOCATION.X=700|LOCATION.Y=250|NAME=PinUniqueId|TEXT=IJGJCFMM|UNIQUEID=TLSVPCOP|
RECORD= 2|LINENO=1821|OWNERPARTID=   2|OWNERINDEX=1817|%UTF8%SWAPIDPART=Â¦&Â¦A1|DESIGNATOR=33|ELECTRICAL=4|FORMALTYPE=1|LOCATION.X=790|LOCATION.Y=250|NAME=VDDRF|PINCONGLOMERATE=56|PINLENGTH=10|SWAPIDPART=Ž&ŽA1|
RECORD=41|LINENO=1822|OWNERPARTID=   0|OWNERINDEX=1821|FONTID=1|ISHIDDEN=T|LOCATION.X=790|LOCATION.Y=250|NAME=PinUniqueId|TEXT=QLEANOAL|UNIQUEID=NCXBFLXP|
RECORD= 2|LINENO=1823|OWNERPARTID=   2|OWNERINDEX=1817|%UTF8%SWAPIDPART=Â¦&Â¦A1|DESIGNATOR=32|ELECTRICAL=4|FORMALTYPE=1|LOCATION.X=790|LOCATION.Y=200|NAME=VSSRF|PINCONGLOMERATE=56|PINLENGTH=10|SWAPIDPART=Ž&ŽA1|
RECORD=41|LINENO=1824|OWNERPARTID=   0|OWNERINDEX=1823|FONTID=1|ISHIDDEN=T|LOCATION.X=790|LOCATION.Y=200|NAME=PinUniqueId|TEXT=MXGRSDHR|UNIQUEID=NRXGQDIR|
RECORD= 2|LINENO=1825|OWNERPARTID=   3|OWNERINDEX=1817|%UTF8%SWAPIDPART=Â¦&Â¦A1|DESIGNATOR=44|ELECTRICAL=4|FORMALTYPE=1|LOCATION.X=690|LOCATION.Y=250|NAME=VDDSMPS|PINCONGLOMERATE=58|PINLENGTH=10|SWAPIDPART=Ž&ŽA1|
RECORD=41|LINENO=1826|OWNERPARTID=   0|OWNERINDEX=1825|FONTID=1|ISHIDDEN=T|LOCATION.X=690|LOCATION.Y=250|NAME=PinUniqueId|TEXT=JVJUXYGT|UNIQUEID=FJFMHEHL|
RECORD= 2|LINENO=1827|OWNERPARTID=   3|OWNERINDEX=1817|%UTF8%SWAPIDPART=Â¦&Â¦A1|DESIGNATOR=42|ELECTRICAL=4|FORMALTYPE=1|LOCATION.X=690|LOCATION.Y=180|NAME=VSSSMPS|PINCONGLOMERATE=58|PINLENGTH=10|SWAPIDPART=Ž&ŽA1|
RECORD=41|LINENO=1828|OWNERPARTID=   0|OWNERINDEX=1827|FONTID=1|ISHIDDEN=T|LOCATION.X=690|LOCATION.Y=180|NAME=PinUniqueId|TEXT=TPLSFFEE|UNIQUEID=JFWFCHFH|
RECORD= 2|LINENO=1829|OWNERPARTID=   3|OWNERINDEX=1817|%UTF8%SWAPIDPART=Â¦&Â¦A1|DESIGNATOR=43|ELECTRICAL=4|FORMALTYPE=1|LOCATION.X=690|LOCATION.Y=230|NAME=VLXSMPS|PINCONGLOMERATE=58|PINLENGTH=10|SWAPIDPART=Ž&ŽA1|
RECORD=41|LINENO=1830|OWNERPARTID=   0|OWNERINDEX=1829|FONTID=1|ISHIDDEN=T|LOCATION.X=690|LOCATION.Y=230|NAME=PinUniqueId|TEXT=IVWLLRLW|UNIQUEID=UIYXDEVA|
RECORD= 2|LINENO=1831|OWNERPARTID=   3|OWNERINDEX=1817|%UTF8%SWAPIDPART=Â¦&Â¦A1|DESIGNATOR=41|ELECTRICAL=4|FORMALTYPE=1|LOCATION.X=690|LOCATION.Y=210|NAME=VFBSMPS|PINCONGLOMERATE=58|PINLENGTH=10|SWAPIDPART=Ž&ŽA1|
RECORD=41|LINENO=1832|OWNERPARTID=   0|OWNERINDEX=1831|FONTID=1|ISHIDDEN=T|LOCATION.X=690|LOCATION.Y=210|NAME=PinUniqueId|TEXT=KPIYVCFI|UNIQUEID=ETXUOIMK|
RECORD=14|LINENO=1833|OWNERPARTID=   3|OWNERINDEX=1817|AREACOLOR=11599871|CORNER.X=780|CORNER.Y=270|ISSOLID=T|LOCATION.X=690|LOCATION.Y=160|TRANSPARENT=T|
RECORD=14|LINENO=1834|OWNERPARTID=   4|OWNERINDEX=1817|AREACOLOR=11599871|CORNER.X=810|CORNER.Y=270|ISSOLID=T|LOCATION.X=660|LOCATION.Y=200|
RECORD= 2|LINENO=1835|OWNERPARTID=   4|OWNERINDEX=1817|%UTF8%SWAPIDPART=Â¦&Â¦31|DESIGNATOR=35|ELECTRICAL=4|FORMALTYPE=1|LOCATION.X=660|LOCATION.Y=260|NAME=OSC_IN|PINCONGLOMERATE=58|PINLENGTH=10|SWAPIDPART=Ž&Ž31|
RECORD=41|LINENO=1836|OWNERPARTID=   0|OWNERINDEX=1835|FONTID=1|ISHIDDEN=T|LOCATION.X=660|LOCATION.Y=260|NAME=PinUniqueId|TEXT=NTETWLXH|UNIQUEID=NFOWEFNJ|
RECORD= 2|LINENO=1837|OWNERPARTID=   4|OWNERINDEX=1817|%UTF8%SWAPIDPART=Â¦&Â¦31|DESIGNATOR=34|ELECTRICAL=4|FORMALTYPE=1|LOCATION.X=660|LOCATION.Y=250|NAME=OSC_OUT|PINCONGLOMERATE=58|PINLENGTH=10|SWAPIDPART=Ž&Ž31|
RECORD=41|LINENO=1838|OWNERPARTID=   0|OWNERINDEX=1837|FONTID=1|ISHIDDEN=T|LOCATION.X=660|LOCATION.Y=250|NAME=PinUniqueId|TEXT=XXONAQKP|UNIQUEID=KQJNNSRA|
RECORD= 2|LINENO=1839|OWNERPARTID=   4|OWNERINDEX=1817|%UTF8%SWAPIDPART=Â¦&Â¦31|DESIGNATOR=3|ELECTRICAL=4|FORMALTYPE=1|LOCATION.X=660|LOCATION.Y=220|NAME=PC14-OSC32_IN|PINCONGLOMERATE=58|PINLENGTH=10|SWAPIDPART=Ž&Ž31|
RECORD=41|LINENO=1840|OWNERPARTID=   0|OWNERINDEX=1839|FONTID=1|ISHIDDEN=T|LOCATION.X=660|LOCATION.Y=220|NAME=PinUniqueId|TEXT=DMCJQOMV|UNIQUEID=QNOESWRQ|
RECORD= 2|LINENO=1841|OWNERPARTID=   4|OWNERINDEX=1817|%UTF8%SWAPIDPART=Â¦&Â¦31|DESIGNATOR=4|ELECTRICAL=4|FORMALTYPE=1|LOCATION.X=660|LOCATION.Y=210|NAME=PC15-OSC32_OUT|PINCONGLOMERATE=58|PINLENGTH=10|SWAPIDPART=Ž&Ž31|
RECORD=41|LINENO=1842|OWNERPARTID=   0|OWNERINDEX=1841|FONTID=1|ISHIDDEN=T|LOCATION.X=660|LOCATION.Y=210|NAME=PinUniqueId|TEXT=UDSIBLYO|UNIQUEID=MCQFPAYM|
RECORD= 2|LINENO=1843|OWNERPARTID=   4|OWNERINDEX=1817|%UTF8%SWAPIDPART=Â¦&Â¦31|DESIGNATOR=5|ELECTRICAL=4|FORMALTYPE=1|LOCATION.X=810|LOCATION.Y=240|NAME=PH3-BOOT0|PINCONGLOMERATE=56|PINLENGTH=10|SWAPIDPART=Ž&Ž31|
RECORD=41|LINENO=1844|OWNERPARTID=   0|OWNERINDEX=1843|FONTID=1|ISHIDDEN=T|LOCATION.X=810|LOCATION.Y=240|NAME=PinUniqueId|TEXT=JKQVNMTM|UNIQUEID=IFMQOXCA|
RECORD= 2|LINENO=1845|OWNERPARTID=   4|OWNERINDEX=1817|%UTF8%SWAPIDPART=Â¦&Â¦31|DESIGNATOR=36|ELECTRICAL=4|FORMALTYPE=1|LOCATION.X=810|LOCATION.Y=220|NAME=AT0|PINCONGLOMERATE=56|PINLENGTH=10|SWAPIDPART=Ž&Ž31|
RECORD=41|LINENO=1846|OWNERPARTID=   0|OWNERINDEX=1845|FONTID=1|ISHIDDEN=T|LOCATION.X=810|LOCATION.Y=220|NAME=PinUniqueId|TEXT=SAMFFTTI|UNIQUEID=EGDNBVOM|
RECORD= 2|LINENO=1847|OWNERPARTID=   4|OWNERINDEX=1817|%UTF8%SWAPIDPART=Â¦&Â¦31|DESIGNATOR=37|ELECTRICAL=4|FORMALTYPE=1|LOCATION.X=810|LOCATION.Y=210|NAME=AT1|PINCONGLOMERATE=56|PINLENGTH=10|SWAPIDPART=Ž&Ž31|
RECORD=41|LINENO=1848|OWNERPARTID=   0|OWNERINDEX=1847|FONTID=1|ISHIDDEN=T|LOCATION.X=810|LOCATION.Y=210|NAME=PinUniqueId|TEXT=LXERQNAX|UNIQUEID=QRVCIFRB|
RECORD= 2|LINENO=1849|OWNERPARTID=   4|OWNERINDEX=1817|%UTF8%SWAPIDPART=Â¦&Â¦31|DESIGNATOR=8|ELECTRICAL=4|FORMALTYPE=1|LOCATION.X=810|LOCATION.Y=260|NAME=NRST|PINCONGLOMERATE=56|PINLENGTH=10|SWAPIDPART=Ž&Ž31|
RECORD=41|LINENO=1850|OWNERPARTID=   0|OWNERINDEX=1849|FONTID=1|ISHIDDEN=T|LOCATION.X=810|LOCATION.Y=260|NAME=PinUniqueId|TEXT=HIGHNXUM|UNIQUEID=ELEVFFIP|
RECORD=14|LINENO=1851|OWNERPARTID=   6|OWNERINDEX=1817|AREACOLOR=11599871|CORNER.X=820|CORNER.Y=270|ISSOLID=T|LOCATION.X=660|LOCATION.Y=-80|
RECORD= 2|LINENO=1852|OWNERPARTID=   6|OWNERINDEX=1817|%UTF8%SWAPIDPART=Â¦&Â¦1|DESIGNATOR=15|ELECTRICAL=4|FORMALTYPE=1|LOCATION.X=660|LOCATION.Y=250|NAME=PA0|PINCONGLOMERATE=58|PINLENGTH=10|SWAPIDPART=Ž&Ž1|
RECORD=41|LINENO=1853|OWNERPARTID=   0|OWNERINDEX=1852|FONTID=1|ISHIDDEN=T|LOCATION.X=660|LOCATION.Y=250|NAME=PinUniqueId|TEXT=OHVTNQDF|UNIQUEID=JGAOXEUQ|
RECORD= 2|LINENO=1854|OWNERPARTID=   6|OWNERINDEX=1817|%UTF8%SWAPIDPART=Â¦&Â¦1|DESIGNATOR=16|ELECTRICAL=4|FORMALTYPE=1|LOCATION.X=660|LOCATION.Y=240|NAME=PA1|PINCONGLOMERATE=58|PINLENGTH=10|SWAPIDPART=Ž&Ž1|
RECORD=41|LINENO=1855|OWNERPARTID=   0|OWNERINDEX=1854|FONTID=1|ISHIDDEN=T|LOCATION.X=660|LOCATION.Y=240|NAME=PinUniqueId|TEXT=YKIYYIQL|UNIQUEID=KMWUXSXY|
RECORD= 2|LINENO=1856|OWNERPARTID=   6|OWNERINDEX=1817|%UTF8%SWAPIDPART=Â¦&Â¦1|DESIGNATOR=17|ELECTRICAL=4|FORMALTYPE=1|LOCATION.X=660|LOCATION.Y=230|NAME=PA2|PINCONGLOMERATE=58|PINLENGTH=10|SWAPIDPART=Ž&Ž1|
RECORD=41|LINENO=1857|OWNERPARTID=   0|OWNERINDEX=1856|FONTID=1|ISHIDDEN=T|LOCATION.X=660|LOCATION.Y=230|NAME=PinUniqueId|TEXT=VDEJWAKS|UNIQUEID=GDFKYVXR|
RECORD= 2|LINENO=1858|OWNERPARTID=   6|OWNERINDEX=1817|%UTF8%SWAPIDPART=Â¦&Â¦1|DESIGNATOR=18|ELECTRICAL=4|FORMALTYPE=1|LOCATION.X=660|LOCATION.Y=220|NAME=PA3|PINCONGLOMERATE=58|PINLENGTH=10|SWAPIDPART=Ž&Ž1|
RECORD=41|LINENO=1859|OWNERPARTID=   0|OWNERINDEX=1858|FONTID=1|ISHIDDEN=T|LOCATION.X=660|LOCATION.Y=220|NAME=PinUniqueId|TEXT=FWREAWWP|UNIQUEID=MOIAYQQA|
RECORD= 2|LINENO=1860|OWNERPARTID=   6|OWNERINDEX=1817|%UTF8%SWAPIDPART=Â¦&Â¦1|DESIGNATOR=19|ELECTRICAL=4|FORMALTYPE=1|LOCATION.X=660|LOCATION.Y=210|NAME=PA4|PINCONGLOMERATE=58|PINLENGTH=10|SWAPIDPART=Ž&Ž1|
RECORD=41|LINENO=1861|OWNERPARTID=   0|OWNERINDEX=1860|FONTID=1|ISHIDDEN=T|LOCATION.X=660|LOCATION.Y=210|NAME=PinUniqueId|TEXT=EGHKRRUJ|UNIQUEID=LSJTGCQQ|
RECORD= 2|LINENO=1862|OWNERPARTID=   6|OWNERINDEX=1817|%UTF8%SWAPIDPART=Â¦&Â¦1|DESIGNATOR=20|ELECTRICAL=4|FORMALTYPE=1|LOCATION.X=660|LOCATION.Y=200|NAME=PA5|PINCONGLOMERATE=58|PINLENGTH=10|SWAPIDPART=Ž&Ž1|
RECORD=41|LINENO=1863|OWNERPARTID=   0|OWNERINDEX=1862|FONTID=1|ISHIDDEN=T|LOCATION.X=660|LOCATION.Y=200|NAME=PinUniqueId|TEXT=DLFPAUKL|UNIQUEID=FTFSNGJE|
RECORD= 2|LINENO=1864|OWNERPARTID=   6|OWNERINDEX=1817|%UTF8%SWAPIDPART=Â¦&Â¦1|DESIGNATOR=21|ELECTRICAL=4|FORMALTYPE=1|LOCATION.X=660|LOCATION.Y=190|NAME=PA6|PINCONGLOMERATE=58|PINLENGTH=10|SWAPIDPART=Ž&Ž1|
RECORD=41|LINENO=1865|OWNERPARTID=   0|OWNERINDEX=1864|FONTID=1|ISHIDDEN=T|LOCATION.X=660|LOCATION.Y=190|NAME=PinUniqueId|TEXT=FIRPXKKT|UNIQUEID=XTFGFTOH|
RECORD= 2|LINENO=1866|OWNERPARTID=   6|OWNERINDEX=1817|%UTF8%SWAPIDPART=Â¦&Â¦1|DESIGNATOR=22|ELECTRICAL=4|FORMALTYPE=1|LOCATION.X=660|LOCATION.Y=180|NAME=PA7|PINCONGLOMERATE=58|PINLENGTH=10|SWAPIDPART=Ž&Ž1|
RECORD=41|LINENO=1867|OWNERPARTID=   0|OWNERINDEX=1866|FONTID=1|ISHIDDEN=T|LOCATION.X=660|LOCATION.Y=180|NAME=PinUniqueId|TEXT=RKDWRHEV|UNIQUEID=XBVROUNN|
RECORD= 2|LINENO=1868|OWNERPARTID=   6|OWNERINDEX=1817|%UTF8%SWAPIDPART=Â¦&Â¦1|DESIGNATOR=23|ELECTRICAL=4|FORMALTYPE=1|LOCATION.X=660|LOCATION.Y=170|NAME=PA8|PINCONGLOMERATE=58|PINLENGTH=10|SWAPIDPART=Ž&Ž1|
RECORD=41|LINENO=1869|OWNERPARTID=   0|OWNERINDEX=1868|FONTID=1|ISHIDDEN=T|LOCATION.X=660|LOCATION.Y=170|NAME=PinUniqueId|TEXT=KMHUUHYQ|UNIQUEID=BNBSGYLK|
RECORD= 2|LINENO=1870|OWNERPARTID=   6|OWNERINDEX=1817|%UTF8%SWAPIDPART=Â¦&Â¦1|DESIGNATOR=24|ELECTRICAL=4|FORMALTYPE=1|LOCATION.X=660|LOCATION.Y=160|NAME=PA9|PINCONGLOMERATE=58|PINLENGTH=10|SWAPIDPART=Ž&Ž1|
RECORD=41|LINENO=1871|OWNERPARTID=   0|OWNERINDEX=1870|FONTID=1|ISHIDDEN=T|LOCATION.X=660|LOCATION.Y=160|NAME=PinUniqueId|TEXT=LJMSNDHG|UNIQUEID=BMGOJXAN|
RECORD= 2|LINENO=1872|OWNERPARTID=   6|OWNERINDEX=1817|%UTF8%SWAPIDPART=Â¦&Â¦1|DESIGNATOR=25|ELECTRICAL=4|FORMALTYPE=1|LOCATION.X=820|LOCATION.Y=210|NAME=PC4|PINCONGLOMERATE=56|PINLENGTH=10|SWAPIDPART=Ž&Ž1|
RECORD=41|LINENO=1873|OWNERPARTID=   0|OWNERINDEX=1872|FONTID=1|ISHIDDEN=T|LOCATION.X=820|LOCATION.Y=210|NAME=PinUniqueId|TEXT=SCDXIIEP|UNIQUEID=XWUXIDUM|
RECORD= 2|LINENO=1874|OWNERPARTID=   6|OWNERINDEX=1817|%UTF8%SWAPIDPART=Â¦&Â¦1|DESIGNATOR=26|ELECTRICAL=4|FORMALTYPE=1|LOCATION.X=820|LOCATION.Y=200|NAME=PC5|PINCONGLOMERATE=56|PINLENGTH=10|SWAPIDPART=Ž&Ž1|
RECORD=41|LINENO=1875|OWNERPARTID=   0|OWNERINDEX=1874|FONTID=1|ISHIDDEN=T|LOCATION.X=820|LOCATION.Y=200|NAME=PinUniqueId|TEXT=PEREHOQS|UNIQUEID=LMBVWTBQ|
RECORD= 2|LINENO=1876|OWNERPARTID=   6|OWNERINDEX=1817|%UTF8%SWAPIDPART=Â¦&Â¦1|DESIGNATOR=27|ELECTRICAL=4|FORMALTYPE=1|LOCATION.X=660|LOCATION.Y=60|NAME=PB2|PINCONGLOMERATE=58|PINLENGTH=10|SWAPIDPART=Ž&Ž1|
RECORD=41|LINENO=1877|OWNERPARTID=   0|OWNERINDEX=1876|FONTID=1|ISHIDDEN=T|LOCATION.X=660|LOCATION.Y=60|NAME=PinUniqueId|TEXT=ULRIPHEU|UNIQUEID=TUWFGHEL|
RECORD= 2|LINENO=1878|OWNERPARTID=   6|OWNERINDEX=1817|%UTF8%SWAPIDPART=Â¦&Â¦1|DESIGNATOR=28|ELECTRICAL=4|FORMALTYPE=1|LOCATION.X=660|LOCATION.Y=-20|NAME=PB10|PINCONGLOMERATE=58|PINLENGTH=10|SWAPIDPART=Ž&Ž1|
RECORD=41|LINENO=1879|OWNERPARTID=   0|OWNERINDEX=1878|FONTID=1|ISHIDDEN=T|LOCATION.X=660|LOCATION.Y=-20|NAME=PinUniqueId|TEXT=YFRQHUIH|UNIQUEID=VYEJFCJB|
RECORD= 2|LINENO=1880|OWNERPARTID=   6|OWNERINDEX=1817|%UTF8%SWAPIDPART=Â¦&Â¦1|DESIGNATOR=9|ELECTRICAL=4|FORMALTYPE=1|LOCATION.X=820|LOCATION.Y=250|NAME=PC0|PINCONGLOMERATE=56|PINLENGTH=10|SWAPIDPART=Ž&Ž1|
RECORD=41|LINENO=1881|OWNERPARTID=   0|OWNERINDEX=1880|FONTID=1|ISHIDDEN=T|LOCATION.X=820|LOCATION.Y=250|NAME=PinUniqueId|TEXT=SJJWPJDR|UNIQUEID=KGEDFHTD|
RECORD= 2|LINENO=1882|OWNERPARTID=   6|OWNERINDEX=1817|%UTF8%SWAPIDPART=Â¦&Â¦1|DESIGNATOR=10|ELECTRICAL=4|FORMALTYPE=1|LOCATION.X=820|LOCATION.Y=240|NAME=PC1|PINCONGLOMERATE=56|PINLENGTH=10|SWAPIDPART=Ž&Ž1|
RECORD=41|LINENO=1883|OWNERPARTID=   0|OWNERINDEX=1882|FONTID=1|ISHIDDEN=T|LOCATION.X=820|LOCATION.Y=240|NAME=PinUniqueId|TEXT=RJRIBVBB|UNIQUEID=JNDEXLWH|
RECORD= 2|LINENO=1884|OWNERPARTID=   6|OWNERINDEX=1817|%UTF8%SWAPIDPART=Â¦&Â¦1|DESIGNATOR=11|ELECTRICAL=4|FORMALTYPE=1|LOCATION.X=820|LOCATION.Y=230|NAME=PC2|PINCONGLOMERATE=56|PINLENGTH=10|SWAPIDPART=Ž&Ž1|
RECORD=41|LINENO=1885|OWNERPARTID=   0|OWNERINDEX=1884|FONTID=1|ISHIDDEN=T|LOCATION.X=820|LOCATION.Y=230|NAME=PinUniqueId|TEXT=DAYJARLN|UNIQUEID=VLXIFVSI|
RECORD= 2|LINENO=1886|OWNERPARTID=   6|OWNERINDEX=1817|%UTF8%SWAPIDPART=Â¦&Â¦1|DESIGNATOR=12|ELECTRICAL=4|FORMALTYPE=1|LOCATION.X=820|LOCATION.Y=220|NAME=PC3|PINCONGLOMERATE=56|PINLENGTH=10|SWAPIDPART=Ž&Ž1|
RECORD=41|LINENO=1887|OWNERPARTID=   0|OWNERINDEX=1886|FONTID=1|ISHIDDEN=T|LOCATION.X=820|LOCATION.Y=220|NAME=PinUniqueId|TEXT=LSKGMAOK|UNIQUEID=WNRATPRE|
RECORD= 2|LINENO=1888|OWNERPARTID=   6|OWNERINDEX=1817|%UTF8%SWAPIDPART=Â¦&Â¦1|DESIGNATOR=6|ELECTRICAL=4|FORMALTYPE=1|LOCATION.X=660|NAME=PB8|PINCONGLOMERATE=58|PINLENGTH=10|SWAPIDPART=Ž&Ž1|
RECORD=41|LINENO=1889|OWNERPARTID=   0|OWNERINDEX=1888|FONTID=1|ISHIDDEN=T|LOCATION.X=660|NAME=PinUniqueId|TEXT=YKBJIGHK|UNIQUEID=MBSYKURC|
RECORD= 2|LINENO=1890|OWNERPARTID=   6|OWNERINDEX=1817|%UTF8%SWAPIDPART=Â¦&Â¦1|DESIGNATOR=7|ELECTRICAL=4|FORMALTYPE=1|LOCATION.X=660|LOCATION.Y=-10|NAME=PB9|PINCONGLOMERATE=58|PINLENGTH=10|SWAPIDPART=Ž&Ž1|
RECORD=41|LINENO=1891|OWNERPARTID=   0|OWNERINDEX=1890|FONTID=1|ISHIDDEN=T|LOCATION.X=660|LOCATION.Y=-10|NAME=PinUniqueId|TEXT=HCOMSUDF|UNIQUEID=MOAFTJDC|
RECORD= 2|LINENO=1892|OWNERPARTID=   6|OWNERINDEX=1817|%UTF8%SWAPIDPART=Â¦&Â¦1|DESIGNATOR=2|ELECTRICAL=4|FORMALTYPE=1|LOCATION.X=820|LOCATION.Y=120|NAME=PC13|PINCONGLOMERATE=56|PINLENGTH=10|SWAPIDPART=Ž&Ž1|
RECORD=41|LINENO=1893|OWNERPARTID=   0|OWNERINDEX=1892|FONTID=1|ISHIDDEN=T|LOCATION.X=820|LOCATION.Y=120|NAME=PinUniqueId|TEXT=NIJRSKCL|UNIQUEID=QNLORMCS|
RECORD= 2|LINENO=1894|OWNERPARTID=   6|OWNERINDEX=1817|%UTF8%SWAPIDPART=Â¦&Â¦1|DESIGNATOR=29|ELECTRICAL=4|FORMALTYPE=1|LOCATION.X=660|LOCATION.Y=-30|NAME=PB11|PINCONGLOMERATE=58|PINLENGTH=10|SWAPIDPART=Ž&Ž1|
RECORD=41|LINENO=1895|OWNERPARTID=   0|OWNERINDEX=1894|FONTID=1|ISHIDDEN=T|LOCATION.X=660|LOCATION.Y=-30|NAME=PinUniqueId|TEXT=NSJHYLWY|UNIQUEID=VKKFADOB|
RECORD= 2|LINENO=1896|OWNERPARTID=   6|OWNERINDEX=1817|%UTF8%SWAPIDPART=Â¦&Â¦1|DESIGNATOR=46|ELECTRICAL=4|FORMALTYPE=1|LOCATION.X=660|LOCATION.Y=-40|NAME=PB12|PINCONGLOMERATE=58|PINLENGTH=10|SWAPIDPART=Ž&Ž1|
RECORD=41|LINENO=1897|OWNERPARTID=   0|OWNERINDEX=1896|FONTID=1|ISHIDDEN=T|LOCATION.X=660|LOCATION.Y=-40|NAME=PinUniqueId|TEXT=ITJKBSWD|UNIQUEID=CYESCMTH|
RECORD= 2|LINENO=1898|OWNERPARTID=   6|OWNERINDEX=1817|%UTF8%SWAPIDPART=Â¦&Â¦1|DESIGNATOR=47|ELECTRICAL=4|FORMALTYPE=1|LOCATION.X=660|LOCATION.Y=-50|NAME=PB13|PINCONGLOMERATE=58|PINLENGTH=10|SWAPIDPART=Ž&Ž1|
RECORD=41|LINENO=1899|OWNERPARTID=   0|OWNERINDEX=1898|FONTID=1|ISHIDDEN=T|LOCATION.X=660|LOCATION.Y=-50|NAME=PinUniqueId|TEXT=QCWKPQKY|UNIQUEID=VEKITULF|
RECORD= 2|LINENO=1900|OWNERPARTID=   6|OWNERINDEX=1817|%UTF8%SWAPIDPART=Â¦&Â¦1|DESIGNATOR=48|ELECTRICAL=4|FORMALTYPE=1|LOCATION.X=660|LOCATION.Y=-60|NAME=PB14|PINCONGLOMERATE=58|PINLENGTH=10|SWAPIDPART=Ž&Ž1|
RECORD=41|LINENO=1901|OWNERPARTID=   0|OWNERINDEX=1900|FONTID=1|ISHIDDEN=T|LOCATION.X=660|LOCATION.Y=-60|NAME=PinUniqueId|TEXT=FVQDQOVF|UNIQUEID=IRBRBIGJ|
RECORD= 2|LINENO=1902|OWNERPARTID=   6|OWNERINDEX=1817|%UTF8%SWAPIDPART=Â¦&Â¦1|DESIGNATOR=49|ELECTRICAL=4|FORMALTYPE=1|LOCATION.X=660|LOCATION.Y=-70|NAME=PB15|PINCONGLOMERATE=58|PINLENGTH=10|SWAPIDPART=Ž&Ž1|
RECORD=41|LINENO=1903|OWNERPARTID=   0|OWNERINDEX=1902|FONTID=1|ISHIDDEN=T|LOCATION.X=660|LOCATION.Y=-70|NAME=PinUniqueId|TEXT=LPNCYJBQ|UNIQUEID=TSQMCCEL|
RECORD= 2|LINENO=1904|OWNERPARTID=   6|OWNERINDEX=1817|%UTF8%SWAPIDPART=Â¦&Â¦1|DESIGNATOR=50|ELECTRICAL=4|FORMALTYPE=1|LOCATION.X=820|LOCATION.Y=190|NAME=PC6|PINCONGLOMERATE=56|PINLENGTH=10|SWAPIDPART=Ž&Ž1|
RECORD=41|LINENO=1905|OWNERPARTID=   0|OWNERINDEX=1904|FONTID=1|ISHIDDEN=T|LOCATION.X=820|LOCATION.Y=190|NAME=PinUniqueId|TEXT=CJGFLSPE|UNIQUEID=CDKDCHHS|
RECORD= 2|LINENO=1906|OWNERPARTID=   6|OWNERINDEX=1817|%UTF8%SWAPIDPART=Â¦&Â¦1|DESIGNATOR=51|ELECTRICAL=4|FORMALTYPE=1|LOCATION.X=660|LOCATION.Y=150|NAME=PA10|PINCONGLOMERATE=58|PINLENGTH=10|SWAPIDPART=Ž&Ž1|
RECORD=41|LINENO=1907|OWNERPARTID=   0|OWNERINDEX=1906|FONTID=1|ISHIDDEN=T|LOCATION.X=660|LOCATION.Y=150|NAME=PinUniqueId|TEXT=SCKNLGKP|UNIQUEID=YRUUHRBH|
RECORD= 2|LINENO=1908|OWNERPARTID=   6|OWNERINDEX=1817|%UTF8%SWAPIDPART=Â¦&Â¦1|DESIGNATOR=52|ELECTRICAL=4|FORMALTYPE=1|LOCATION.X=660|LOCATION.Y=140|NAME=PA11|PINCONGLOMERATE=58|PINLENGTH=10|SWAPIDPART=Ž&Ž1|
RECORD=41|LINENO=1909|OWNERPARTID=   0|OWNERINDEX=1908|FONTID=1|ISHIDDEN=T|LOCATION.X=660|LOCATION.Y=140|NAME=PinUniqueId|TEXT=VLGVQGVG|UNIQUEID=VDOUCSEC|
RECORD= 2|LINENO=1910|OWNERPARTID=   6|OWNERINDEX=1817|%UTF8%SWAPIDPART=Â¦&Â¦1|DESIGNATOR=53|ELECTRICAL=4|FORMALTYPE=1|LOCATION.X=660|LOCATION.Y=130|NAME=PA12|PINCONGLOMERATE=58|PINLENGTH=10|SWAPIDPART=Ž&Ž1|
RECORD=41|LINENO=1911|OWNERPARTID=   0|OWNERINDEX=1910|FONTID=1|ISHIDDEN=T|LOCATION.X=660|LOCATION.Y=130|NAME=PinUniqueId|TEXT=JSWUHQST|UNIQUEID=DROHFMFN|
RECORD= 2|LINENO=1912|OWNERPARTID=   6|OWNERINDEX=1817|%UTF8%SWAPIDPART=Â¦&Â¦1|DESIGNATOR=54|ELECTRICAL=4|FORMALTYPE=1|LOCATION.X=660|LOCATION.Y=120|NAME=PA13-JTMS_SWDIO|PINCONGLOMERATE=58|PINLENGTH=10|SWAPIDPART=Ž&Ž1|
RECORD=41|LINENO=1913|OWNERPARTID=   0|OWNERINDEX=1912|FONTID=1|ISHIDDEN=T|LOCATION.X=660|LOCATION.Y=120|NAME=PinUniqueId|TEXT=PJEHBDOT|UNIQUEID=ECTFVJKO|
RECORD= 2|LINENO=1914|OWNERPARTID=   6|OWNERINDEX=1817|%UTF8%SWAPIDPART=Â¦&Â¦1|DESIGNATOR=56|ELECTRICAL=4|FORMALTYPE=1|LOCATION.X=660|LOCATION.Y=110|NAME=PA14-JTCK_SWCLK|PINCONGLOMERATE=58|PINLENGTH=10|SWAPIDPART=Ž&Ž1|
RECORD=41|LINENO=1915|OWNERPARTID=   0|OWNERINDEX=1914|FONTID=1|ISHIDDEN=T|LOCATION.X=660|LOCATION.Y=110|NAME=PinUniqueId|TEXT=GOYDPYLT|UNIQUEID=UOLPWROT|
RECORD= 2|LINENO=1916|OWNERPARTID=   6|OWNERINDEX=1817|%UTF8%SWAPIDPART=Â¦&Â¦1|DESIGNATOR=57|ELECTRICAL=4|FORMALTYPE=1|LOCATION.X=660|LOCATION.Y=100|NAME=PA15-JTDI|PINCONGLOMERATE=58|PINLENGTH=10|SWAPIDPART=Ž&Ž1|
RECORD=41|LINENO=1917|OWNERPARTID=   0|OWNERINDEX=1916|FONTID=1|ISHIDDEN=T|LOCATION.X=660|LOCATION.Y=100|NAME=PinUniqueId|TEXT=HFHCOTQE|UNIQUEID=FHDIJFVS|
RECORD= 2|LINENO=1918|OWNERPARTID=   6|OWNERINDEX=1817|%UTF8%SWAPIDPART=Â¦&Â¦1|DESIGNATOR=58|ELECTRICAL=4|FORMALTYPE=1|LOCATION.X=820|LOCATION.Y=150|NAME=PC10|PINCONGLOMERATE=56|PINLENGTH=10|SWAPIDPART=Ž&Ž1|
RECORD=41|LINENO=1919|OWNERPARTID=   0|OWNERINDEX=1918|FONTID=1|ISHIDDEN=T|LOCATION.X=820|LOCATION.Y=150|NAME=PinUniqueId|TEXT=DHREGRMX|UNIQUEID=TKXTTCUF|
RECORD= 2|LINENO=1920|OWNERPARTID=   6|OWNERINDEX=1817|%UTF8%SWAPIDPART=Â¦&Â¦1|DESIGNATOR=59|ELECTRICAL=4|FORMALTYPE=1|LOCATION.X=820|LOCATION.Y=140|NAME=PC11|PINCONGLOMERATE=56|PINLENGTH=10|SWAPIDPART=Ž&Ž1|
RECORD=41|LINENO=1921|OWNERPARTID=   0|OWNERINDEX=1920|FONTID=1|ISHIDDEN=T|LOCATION.X=820|LOCATION.Y=140|NAME=PinUniqueId|TEXT=RKHFNYFG|UNIQUEID=BWRHLCLY|
RECORD= 2|LINENO=1922|OWNERPARTID=   6|OWNERINDEX=1817|%UTF8%SWAPIDPART=Â¦&Â¦1|DESIGNATOR=60|ELECTRICAL=4|FORMALTYPE=1|LOCATION.X=820|LOCATION.Y=130|NAME=PC12|PINCONGLOMERATE=56|PINLENGTH=10|SWAPIDPART=Ž&Ž1|
RECORD=41|LINENO=1923|OWNERPARTID=   0|OWNERINDEX=1922|FONTID=1|ISHIDDEN=T|LOCATION.X=820|LOCATION.Y=130|NAME=PinUniqueId|TEXT=QVOBVUVP|UNIQUEID=OBHQHFGL|
RECORD= 2|LINENO=1924|OWNERPARTID=   6|OWNERINDEX=1817|%UTF8%SWAPIDPART=Â¦&Â¦1|DESIGNATOR=61|ELECTRICAL=4|FORMALTYPE=1|LOCATION.X=820|LOCATION.Y=100|NAME=PD0|PINCONGLOMERATE=56|PINLENGTH=10|SWAPIDPART=Ž&Ž1|
RECORD=41|LINENO=1925|OWNERPARTID=   0|OWNERINDEX=1924|FONTID=1|ISHIDDEN=T|LOCATION.X=820|LOCATION.Y=100|NAME=PinUniqueId|TEXT=OQMIIKDJ|UNIQUEID=FFCABMIJ|
RECORD= 2|LINENO=1926|OWNERPARTID=   6|OWNERINDEX=1817|%UTF8%SWAPIDPART=Â¦&Â¦1|DESIGNATOR=62|ELECTRICAL=4|FORMALTYPE=1|LOCATION.X=820|LOCATION.Y=90|NAME=PD1|PINCONGLOMERATE=56|PINLENGTH=10|SWAPIDPART=Ž&Ž1|
RECORD=41|LINENO=1927|OWNERPARTID=   0|OWNERINDEX=1926|FONTID=1|ISHIDDEN=T|LOCATION.X=820|LOCATION.Y=90|NAME=PinUniqueId|TEXT=IFEQROUG|UNIQUEID=WWLXGKTX|
RECORD= 2|LINENO=1928|OWNERPARTID=   6|OWNERINDEX=1817|%UTF8%SWAPIDPART=Â¦&Â¦1|DESIGNATOR=63|ELECTRICAL=4|FORMALTYPE=1|LOCATION.X=660|LOCATION.Y=50|NAME=PB3-JTDO|PINCONGLOMERATE=58|PINLENGTH=10|SWAPIDPART=Ž&Ž1|
RECORD=41|LINENO=1929|OWNERPARTID=   0|OWNERINDEX=1928|FONTID=1|ISHIDDEN=T|LOCATION.X=660|LOCATION.Y=50|NAME=PinUniqueId|TEXT=JIKWNJKR|UNIQUEID=DYWARBRF|
RECORD= 2|LINENO=1930|OWNERPARTID=   6|OWNERINDEX=1817|%UTF8%SWAPIDPART=Â¦&Â¦1|DESIGNATOR=64|ELECTRICAL=4|FORMALTYPE=1|LOCATION.X=660|LOCATION.Y=40|NAME=PB4-NJTRST|PINCONGLOMERATE=58|PINLENGTH=10|SWAPIDPART=Ž&Ž1|
RECORD=41|LINENO=1931|OWNERPARTID=   0|OWNERINDEX=1930|FONTID=1|ISHIDDEN=T|LOCATION.X=660|LOCATION.Y=40|NAME=PinUniqueId|TEXT=GCJVOGRS|UNIQUEID=ALCPIGTU|
RECORD= 2|LINENO=1932|OWNERPARTID=   6|OWNERINDEX=1817|%UTF8%SWAPIDPART=Â¦&Â¦1|DESIGNATOR=65|ELECTRICAL=4|FORMALTYPE=1|LOCATION.X=660|LOCATION.Y=30|NAME=PB5|PINCONGLOMERATE=58|PINLENGTH=10|SWAPIDPART=Ž&Ž1|
RECORD=41|LINENO=1933|OWNERPARTID=   0|OWNERINDEX=1932|FONTID=1|ISHIDDEN=T|LOCATION.X=660|LOCATION.Y=30|NAME=PinUniqueId|TEXT=EMEJTMPG|UNIQUEID=OIDYYMQX|
RECORD= 2|LINENO=1934|OWNERPARTID=   6|OWNERINDEX=1817|%UTF8%SWAPIDPART=Â¦&Â¦1|DESIGNATOR=66|ELECTRICAL=4|FORMALTYPE=1|LOCATION.X=660|LOCATION.Y=20|NAME=PB6|PINCONGLOMERATE=58|PINLENGTH=10|SWAPIDPART=Ž&Ž1|
RECORD=41|LINENO=1935|OWNERPARTID=   0|OWNERINDEX=1934|FONTID=1|ISHIDDEN=T|LOCATION.X=660|LOCATION.Y=20|NAME=PinUniqueId|TEXT=IKVNWUYJ|UNIQUEID=EELRJOFQ|
RECORD= 2|LINENO=1936|OWNERPARTID=   6|OWNERINDEX=1817|%UTF8%SWAPIDPART=Â¦&Â¦1|DESIGNATOR=67|ELECTRICAL=4|FORMALTYPE=1|LOCATION.X=660|LOCATION.Y=10|NAME=PB7|PINCONGLOMERATE=58|PINLENGTH=10|SWAPIDPART=Ž&Ž1|
RECORD=41|LINENO=1937|OWNERPARTID=   0|OWNERINDEX=1936|FONTID=1|ISHIDDEN=T|LOCATION.X=660|LOCATION.Y=10|NAME=PinUniqueId|TEXT=UJXKRLKG|UNIQUEID=XHMKXBJP|
RECORD= 2|LINENO=1938|OWNERPARTID=   6|OWNERINDEX=1817|%UTF8%SWAPIDPART=Â¦&Â¦1|DESIGNATOR=39|ELECTRICAL=4|FORMALTYPE=1|LOCATION.X=660|LOCATION.Y=70|NAME=PB1|PINCONGLOMERATE=58|PINLENGTH=10|SWAPIDPART=Ž&Ž1|
RECORD=41|LINENO=1939|OWNERPARTID=   0|OWNERINDEX=1938|FONTID=1|ISHIDDEN=T|LOCATION.X=660|LOCATION.Y=70|NAME=PinUniqueId|TEXT=BGPWNNAF|UNIQUEID=DYKYYQKX|
RECORD= 2|LINENO=1940|OWNERPARTID=   6|OWNERINDEX=1817|%UTF8%SWAPIDPART=Â¦&Â¦1|DESIGNATOR=38|ELECTRICAL=4|FORMALTYPE=1|LOCATION.X=660|LOCATION.Y=80|NAME=PB0|PINCONGLOMERATE=58|PINLENGTH=10|SWAPIDPART=Ž&Ž1|
RECORD=41|LINENO=1941|OWNERPARTID=   0|OWNERINDEX=1940|FONTID=1|ISHIDDEN=T|LOCATION.X=660|LOCATION.Y=80|NAME=PinUniqueId|TEXT=RYJBVOUE|UNIQUEID=WODONJVQ|
RECORD= 2|LINENO=1942|OWNERPARTID=   6|OWNERINDEX=1817|%UTF8%SWAPIDPART=Â¦&Â¦1|DESIGNATOR=40|ELECTRICAL=4|FORMALTYPE=1|LOCATION.X=820|LOCATION.Y=70|NAME=PE4|PINCONGLOMERATE=56|PINLENGTH=10|SWAPIDPART=Ž&Ž1|
RECORD=41|LINENO=1943|OWNERPARTID=   0|OWNERINDEX=1942|FONTID=1|ISHIDDEN=T|LOCATION.X=820|LOCATION.Y=70|NAME=PinUniqueId|TEXT=JLIPTQGH|UNIQUEID=OEERVLAY|
RECORD=14|LINENO=1944|OWNERPARTID=   5|OWNERINDEX=1817|AREACOLOR=11599871|CORNER.X=810|CORNER.Y=270|ISSOLID=T|LOCATION.X=670|LOCATION.Y=120|
RECORD= 2|LINENO=1945|OWNERPARTID=   5|OWNERINDEX=1817|%UTF8%SWAPIDPART=Â¦&Â¦3|DESIGNATOR=13|ELECTRICAL=4|FORMALTYPE=1|LOCATION.X=670|LOCATION.Y=140|NAME=VREF+|PINCONGLOMERATE=58|PINLENGTH=10|SWAPIDPART=Ž&Ž3|
RECORD=41|LINENO=1946|OWNERPARTID=   0|OWNERINDEX=1945|FONTID=1|ISHIDDEN=T|LOCATION.X=670|LOCATION.Y=140|NAME=PinUniqueId|TEXT=QAAYSNVA|UNIQUEID=SFRVEBVO|
RECORD= 2|LINENO=1947|OWNERPARTID=   5|OWNERINDEX=1817|%UTF8%SWAPIDPART=Â¦&Â¦3|DESIGNATOR=14|ELECTRICAL=4|FORMALTYPE=1|LOCATION.X=670|LOCATION.Y=160|NAME=VDDA|PINCONGLOMERATE=58|PINLENGTH=10|SWAPIDPART=Ž&Ž3|
RECORD=41|LINENO=1948|OWNERPARTID=   0|OWNERINDEX=1947|FONTID=1|ISHIDDEN=T|LOCATION.X=670|LOCATION.Y=160|NAME=PinUniqueId|TEXT=VETCFHUO|UNIQUEID=MVNDIUWL|
RECORD= 2|LINENO=1949|OWNERPARTID=   5|OWNERINDEX=1817|%UTF8%SWAPIDPART=Â¦&Â¦3|DESIGNATOR=30|ELECTRICAL=4|FORMALTYPE=1|LOCATION.X=670|LOCATION.Y=220|NAME=VDD|PINCONGLOMERATE=58|PINLENGTH=10|SWAPIDPART=Ž&Ž3|
RECORD=41|LINENO=1950|OWNERPARTID=   0|OWNERINDEX=1949|FONTID=1|ISHIDDEN=T|LOCATION.X=670|LOCATION.Y=220|NAME=PinUniqueId|TEXT=BLSMNDTL|UNIQUEID=RIGPWLYQ|
RECORD= 2|LINENO=1951|OWNERPARTID=   5|OWNERINDEX=1817|%UTF8%SWAPIDPART=Â¦&Â¦3|DESIGNATOR=45|ELECTRICAL=4|FORMALTYPE=1|LOCATION.X=670|LOCATION.Y=240|NAME=VDD|PINCONGLOMERATE=58|PINLENGTH=10|SWAPIDPART=Ž&Ž3|
RECORD=41|LINENO=1952|OWNERPARTID=   0|OWNERINDEX=1951|FONTID=1|ISHIDDEN=T|LOCATION.X=670|LOCATION.Y=240|NAME=PinUniqueId|TEXT=IUIORUTL|UNIQUEID=OVMLRQHC|
RECORD= 2|LINENO=1953|OWNERPARTID=   5|OWNERINDEX=1817|%UTF8%SWAPIDPART=Â¦&Â¦3|DESIGNATOR=55|ELECTRICAL=4|FORMALTYPE=1|LOCATION.X=670|LOCATION.Y=180|NAME=VDDUSB|PINCONGLOMERATE=58|PINLENGTH=10|SWAPIDPART=Ž&Ž3|
RECORD=41|LINENO=1954|OWNERPARTID=   0|OWNERINDEX=1953|FONTID=1|ISHIDDEN=T|LOCATION.X=670|LOCATION.Y=180|NAME=PinUniqueId|TEXT=QFHAHXSA|UNIQUEID=RPDXCGLP|
RECORD= 2|LINENO=1955|OWNERPARTID=   5|OWNERINDEX=1817|%UTF8%SWAPIDPART=Â¦&Â¦3|DESIGNATOR=1|ELECTRICAL=4|FORMALTYPE=1|LOCATION.X=670|LOCATION.Y=200|NAME=VBAT|PINCONGLOMERATE=58|PINLENGTH=10|SWAPIDPART=Ž&Ž3|
RECORD=41|LINENO=1956|OWNERPARTID=   0|OWNERINDEX=1955|FONTID=1|ISHIDDEN=T|LOCATION.X=670|LOCATION.Y=200|NAME=PinUniqueId|TEXT=DMJGJUUS|UNIQUEID=VEMGRAMM|
RECORD= 2|LINENO=1957|OWNERPARTID=   5|OWNERINDEX=1817|%UTF8%SWAPIDPART=Â¦&Â¦3|DESIGNATOR=68|ELECTRICAL=4|FORMALTYPE=1|LOCATION.X=670|LOCATION.Y=250|NAME=VDD|PINCONGLOMERATE=58|PINLENGTH=10|SWAPIDPART=Ž&Ž3|
RECORD=41|LINENO=1958|OWNERPARTID=   0|OWNERINDEX=1957|FONTID=1|ISHIDDEN=T|LOCATION.X=670|LOCATION.Y=250|NAME=PinUniqueId|TEXT=LTOARUAI|UNIQUEID=JIYDSHDG|
RECORD= 2|LINENO=1959|OWNERPARTID=   5|OWNERINDEX=1817|%UTF8%SWAPIDPART=Â¦&Â¦10|DESIGNATOR=69|ELECTRICAL=4|FORMALTYPE=1|LOCATION.X=820|LOCATION.Y=110|NAME=VSS (ExPAD)|PINCONGLOMERATE=59|PINLENGTH=10|SWAPIDPART=Ž&Ž10|
RECORD=41|LINENO=1960|OWNERPARTID=   0|OWNERINDEX=1959|FONTID=1|ISHIDDEN=T|LOCATION.X=820|LOCATION.Y=110|NAME=PinUniqueId|TEXT=WVTQNPNW|UNIQUEID=WBDHXKXR|
RECORD= 6|LINENO=1961|OWNERPARTID=   5|OWNERINDEX=1817|LINEWIDTH=1|LOCATIONCOUNT=3|X1=812|X2=812|X3=800|Y1=130|Y2=118|Y3=118|
RECORD= 6|LINENO=1962|OWNERPARTID=   5|OWNERINDEX=1817|LINEWIDTH=1|LOCATIONCOUNT=2|X1=812|X2=820|Y1=118|Y2=110|
RECORD=34|LINENO=1963|OWNERPARTID=   0|OWNERINDEX=1817|FONTID=1|LOCATION.X=670|LOCATION.Y=270|NAME=Designator|TEXT=U1|UNIQUEID=PASYYKOR|
RECORD=41|LINENO=1964|OWNERPARTID=   0|OWNERINDEX=1817|FONTID=1|LOCATION.X=670|LOCATION.Y=110|NAME=Comment|TEXT=STM32WBxx_QFN68|UNIQUEID=UVESBPRR|
RECORD=44|LINENO=1965|OWNERPARTID= -42|OWNERINDEX=1817|
RECORD=45|LINENO=1966|OWNERPARTID= -42|OWNERINDEX=1965|DATAFILECOUNT=1|ISCURRENT=T|MODELDATAFILEENTITY0=VFQFPN68_8x8x0.1_p0.4|MODELDATAFILEKIND0=PCBLib|MODELNAME=VFQFPN68_8x8x0.1_p0.4|MODELTYPE=PCBLIB|UNIQUEID=VCEHCAOG|
RECORD=46|LINENO=1967|OWNERPARTID= -42|OWNERINDEX=1966|
RECORD=48|LINENO=1968|OWNERPARTID= -42|OWNERINDEX=1966|
RECORD= 1|LINENO=1969|OWNERPARTID=   0|OWNERINDEX= -42|ALLPINCOUNT=2|AREACOLOR=11599871|CURRENTPARTID=1|DESIGNITEMID=HEADER_1X2_L|DISPLAYMODECOUNT=1|LIBREFERENCE=HEADER_1X2_L|LOCATION.X=110|LOCATION.Y=260|PARTCOUNT=2|PARTIDLOCKED=F|SOURCELIBRARYNAME=Connector.SchLib|TARGETFILENAME=*|UNIQUEID=DYEDBAMY|
RECORD= 2|LINENO=1970|OWNERPARTID=   2|OWNERINDEX=1969|DESIGNATOR=1|ELECTRICAL=4|FORMALTYPE=1|LOCATION.X=80|LOCATION.Y=275|NAME=1|PINCONGLOMERATE=49|PINLENGTH=5|SWAPIDPIN=1|
RECORD=41|LINENO=1971|OWNERPARTID=   0|OWNERINDEX=1970|FONTID=1|ISHIDDEN=T|LOCATION.X=80|LOCATION.Y=275|NAME=PinUniqueId|TEXT=FGKQIDEY|UNIQUEID=WSOQYAMH|
RECORD= 2|LINENO=1972|OWNERPARTID=   2|OWNERINDEX=1969|DESIGNATOR=2|ELECTRICAL=4|FORMALTYPE=1|LOCATION.X=80|LOCATION.Y=255|NAME=2|PINCONGLOMERATE=51|PINLENGTH=5|SWAPIDPIN=2|
RECORD=41|LINENO=1973|OWNERPARTID=   0|OWNERINDEX=1972|FONTID=1|ISHIDDEN=T|LOCATION.X=80|LOCATION.Y=255|NAME=PinUniqueId|TEXT=BOOVNLDJ|UNIQUEID=LCEHKBYW|
RECORD=12|LINENO=1974|OWNERPARTID=   2|OWNERINDEX=1969|ENDANGLE=360.000|LINEWIDTH=1|LOCATION.X=80|LOCATION.Y=260|RADIUS=3|
RECORD= 6|LINENO=1975|OWNERPARTID=   2|OWNERINDEX=1969|LINEWIDTH=1|LOCATIONCOUNT=4|X1=75|X2=85|X3=85|X4=75|Y1=275|Y2=275|Y3=255|Y4=255|
RECORD= 6|LINENO=1976|OWNERPARTID=   2|OWNERINDEX=1969|LINEWIDTH=1|LOCATIONCOUNT=2|X1=80|X2=80|Y1=255|Y2=257|
RECORD= 6|LINENO=1977|OWNERPARTID=   2|OWNERINDEX=1969|LINEWIDTH=1|LOCATIONCOUNT=2|X1=75|X2=75|Y1=275|Y2=255|
RECORD= 6|LINENO=1978|OWNERPARTID=   2|OWNERINDEX=1969|LINEWIDTH=1|LOCATIONCOUNT=2|X1=80|X2=80|Y1=273|Y2=275|
RECORD=12|LINENO=1979|OWNERPARTID=   2|OWNERINDEX=1969|ENDANGLE=360.000|LINEWIDTH=1|LOCATION.X=80|LOCATION.Y=270|RADIUS=3|
RECORD= 6|LINENO=1980|OWNERPARTID=   2|OWNERINDEX=1969|LINEWIDTH=1|LOCATIONCOUNT=6|X1=77|X2=77|X3=83|X4=83|X5=77|X6=77|Y1=270|Y2=267|Y3=267|Y4=273|Y5=273|Y6=270|
RECORD=34|LINENO=1981|OWNERPARTID=   0|OWNERINDEX=1969|FONTID=1|LOCATION.X=57|LOCATION.Y=260|NAME=Designator|TEXT=JP6|UNIQUEID=OMYXUIDK|
RECORD=41|LINENO=1982|OWNERPARTID=   0|OWNERINDEX=1969|FONTID=1|ISHIDDEN=T|LOCATION.X=60|LOCATION.Y=250|NAME=Comment|TEXT=HEADER_1X2|UNIQUEID=LJCMUCEG|
RECORD=44|LINENO=1983|OWNERPARTID= -42|OWNERINDEX=1969|
RECORD=45|LINENO=1984|OWNERPARTID= -42|OWNERINDEX=1983|DATAFILECOUNT=1|DESCRIPTION=1x2x2.54 Header TH V Female|MODELDATAFILEENTITY0=Header F 1x2x2.54 TH V|MODELDATAFILEKIND0=PCBLib|MODELNAME=Header F 1x2x2.54 TH V|MODELTYPE=PCBLIB|UNIQUEID=CYVGOUVN|
RECORD=46|LINENO=1985|OWNERPARTID= -42|OWNERINDEX=1984|
RECORD=48|LINENO=1986|OWNERPARTID= -42|OWNERINDEX=1984|
RECORD=45|LINENO=1987|OWNERPARTID= -42|OWNERINDEX=1983|DATAFILECOUNT=1|DESCRIPTION=1x2x2.54 Header TH V Male|ISCURRENT=T|MODELDATAFILEENTITY0=Header M 1x2x2.54 TH V|MODELDATAFILEKIND0=PCBLib|MODELNAME=Header M 1x2x2.54 TH V|MODELTYPE=PCBLIB|UNIQUEID=GWDMPRDF|
RECORD=46|LINENO=1988|OWNERPARTID= -42|OWNERINDEX=1987|
RECORD=48|LINENO=1989|OWNERPARTID= -42|OWNERINDEX=1987|
RECORD=45|LINENO=1990|OWNERPARTID= -42|OWNERINDEX=1983|DATAFILECOUNT=1|DESCRIPTION=1x2x2.00 Header TH V Male height=5.5mm|MODELDATAFILEENTITY0=Header F 1x2x2.00 TH V|MODELDATAFILEKIND0=PCBLib|MODELNAME=Header F 1x2x2.00 TH V|MODELTYPE=PCBLIB|UNIQUEID=HEKHKBAI|
RECORD=46|LINENO=1991|OWNERPARTID= -42|OWNERINDEX=1990|
RECORD=48|LINENO=1992|OWNERPARTID= -42|OWNERINDEX=1990|
RECORD=45|LINENO=1993|OWNERPARTID= -42|OWNERINDEX=1983|DATAFILECOUNT=1|DESCRIPTION=1x2x2.00 Header TH V Male height=5.5mm|MODELDATAFILEENTITY0=Header F 1x2x2.00 TH V with Jumper|MODELDATAFILEKIND0=PCBLib|MODELNAME=Header F 1x2x2.00 TH V with Jumper|MODELTYPE=PCBLIB|UNIQUEID=SGRKFYTX|
RECORD=46|LINENO=1994|OWNERPARTID= -42|OWNERINDEX=1993|
RECORD=48|LINENO=1995|OWNERPARTID= -42|OWNERINDEX=1993|
RECORD=45|LINENO=1996|OWNERPARTID= -42|OWNERINDEX=1983|DATAFILECOUNT=1|DESCRIPTION=1x2x2.54 Header TH Not Fitted|MODELDATAFILEENTITY0=Header NF 1x2x2.54 TH|MODELDATAFILEKIND0=PCBLib|MODELNAME=Header NF 1x2x2.54 TH|MODELTYPE=PCBLIB|UNIQUEID=EPTEGYUL|
RECORD=46|LINENO=1997|OWNERPARTID= -42|OWNERINDEX=1996|
RECORD=48|LINENO=1998|OWNERPARTID= -42|OWNERINDEX=1996|
RECORD= 1|LINENO=1999|OWNERPARTID=   0|OWNERINDEX= -42|AREACOLOR=11599871|COMPONENTDESCRIPTION=Jumper 2.54mm|CURRENTPARTID=1|DESIGNITEMID=Jumper 2.54mm|DISPLAYMODECOUNT=1|LIBRARYPATH=*|LIBREFERENCE=Jumper 2.54mm|LOCATION.X=120|LOCATION.Y=280|ORIENTATION=3|PARTCOUNT=2|PARTIDLOCKED=T|SOURCELIBRARYNAME=Connector.SchLib|TARGETFILENAME=*|UNIQUEID=ROUTKKSS|
RECORD= 6|LINENO=2000|OWNERPARTID=   2|OWNERINDEX=1999|LINEWIDTH=1|LOCATIONCOUNT=5|X1=126|X2=126|X3=114|X4=114|X5=126|Y1=284|Y2=276|Y3=276|Y4=284|Y5=284|
RECORD= 6|LINENO=2001|OWNERPARTID=   2|OWNERINDEX=1999|LINEWIDTH=1|LOCATIONCOUNT=6|X1=124|X2=124|X3=116|X4=116|X5=118|X6=118|Y1=282|Y2=278|Y3=278|Y4=282|Y5=282|Y6=280|
RECORD= 6|LINENO=2002|OWNERPARTID=   2|OWNERINDEX=1999|LINEWIDTH=1|LOCATIONCOUNT=3|X1=124|X2=122|X3=122|Y1=282|Y2=282|Y3=280|
RECORD=41|LINENO=2003|OWNERPARTID=   0|OWNERINDEX=1999|FONTID=1|LOCATION.X=112|LOCATION.Y=256|NAME=default|TEXT=JP6(1-2)|UNIQUEID=SWIQQPBF|
RECORD=34|LINENO=2004|OWNERPARTID=   0|OWNERINDEX=1999|FONTID=1|LOCATION.X=112|LOCATION.Y=286|NAME=Designator|TEXT=JMP12|UNIQUEID=LWCEPOGT|
RECORD=41|LINENO=2005|OWNERPARTID=   0|OWNERINDEX=1999|FONTID=1|LOCATION.X=112|LOCATION.Y=265|NAME=Comment|TEXT=Jumper 2.54mm|UNIQUEID=HNFUYRLP|
RECORD=44|LINENO=2006|OWNERPARTID= -42|OWNERINDEX=1999|
RECORD=45|LINENO=2007|OWNERPARTID= -42|OWNERINDEX=2006|DATAFILECOUNT=1|DESCRIPTION=Jumper 2.54mm Black|ISCURRENT=T|MODELDATAFILEENTITY0=Jumper 2.54mm BLACK|MODELDATAFILEKIND0=PCBLib|MODELNAME=Jumper 2.54mm BLACK|MODELTYPE=PCBLIB|UNIQUEID=KKBLBSDU|
RECORD=46|LINENO=2008|OWNERPARTID= -42|OWNERINDEX=2007|
RECORD=48|LINENO=2009|OWNERPARTID= -42|OWNERINDEX=2007|
RECORD=17|LINENO=2010|OWNERPARTID=   0|OWNERINDEX= -42|FONTID=2|LOCATION.X=440|LOCATION.Y=680|ORIENTATION=1|SHOWNETNAME=T|STYLE=2|TEXT=5V_INT|UNIQUEID=CINCNIYK|
RECORD= 1|LINENO=2011|OWNERPARTID=   0|OWNERINDEX= -42|ALLPINCOUNT=2|AREACOLOR=11599871|COMPONENTDESCRIPTION=Coil Wurtz 10uH ref: 74479777310A|CURRENTPARTID=1|DESIGNITEMID=IND_74479777310A|DISPLAYMODECOUNT=1|LIBREFERENCE=IND_74479777310A|LOCATION.X=210|LOCATION.Y=170|ORIENTATION=2|PARTCOUNT=2|PARTIDLOCKED=F|SOURCELIBRARYNAME=Passive.SchLib|TARGETFILENAME=*|UNIQUEID=AFCGKIPK|
RECORD= 2|LINENO=2012|OWNERPARTID=   2|OWNERINDEX=2011|%UTF8%SWAPIDPART=Â¦&Â¦|DESIGNATOR=1|ELECTRICAL=4|FORMALTYPE=1|LOCATION.X=200|LOCATION.Y=165|NAME=1|PINCONGLOMERATE=35|PINLENGTH=5|SWAPIDPART=Ž&Ž|SWAPIDPIN=1|
RECORD=41|LINENO=2013|OWNERPARTID=   0|OWNERINDEX=2012|FONTID=1|ISHIDDEN=T|LOCATION.X=200|LOCATION.Y=165|NAME=PinUniqueId|TEXT=IABLKDEP|UNIQUEID=DXXOLPKV|
RECORD= 2|LINENO=2014|OWNERPARTID=   2|OWNERINDEX=2011|%UTF8%SWAPIDPART=Â¦&Â¦|DESIGNATOR=2|ELECTRICAL=4|FORMALTYPE=1|LOCATION.X=200|LOCATION.Y=195|NAME=2|PINCONGLOMERATE=33|PINLENGTH=5|SWAPIDPART=Ž&Ž|SWAPIDPIN=2|
RECORD=41|LINENO=2015|OWNERPARTID=   0|OWNERINDEX=2014|FONTID=1|ISHIDDEN=T|LOCATION.X=200|LOCATION.Y=195|NAME=PinUniqueId|TEXT=JJMTYSFM|UNIQUEID=TONLVTDD|
RECORD=12|LINENO=2016|OWNERPARTID=   2|OWNERINDEX=2011|ENDANGLE=270.000|LINEWIDTH=1|LOCATION.X=200|LOCATION.Y=170|RADIUS=5|STARTANGLE=180.000|
RECORD=12|LINENO=2017|OWNERPARTID=   2|OWNERINDEX=2011|ENDANGLE=180.000|LINEWIDTH=1|LOCATION.X=200|LOCATION.Y=170|RADIUS=5|STARTANGLE=90.000|
RECORD=12|LINENO=2018|OWNERPARTID=   2|OWNERINDEX=2011|ENDANGLE=270.000|LINEWIDTH=1|LOCATION.X=200|LOCATION.Y=180|RADIUS=5|STARTANGLE=180.000|
RECORD=12|LINENO=2019|OWNERPARTID=   2|OWNERINDEX=2011|ENDANGLE=180.000|LINEWIDTH=1|LOCATION.X=200|LOCATION.Y=180|RADIUS=5|STARTANGLE=90.000|
RECORD=12|LINENO=2020|OWNERPARTID=   2|OWNERINDEX=2011|ENDANGLE=270.000|LINEWIDTH=1|LOCATION.X=200|LOCATION.Y=190|RADIUS=5|STARTANGLE=180.000|
RECORD=12|LINENO=2021|OWNERPARTID=   2|OWNERINDEX=2011|ENDANGLE=180.000|LINEWIDTH=1|LOCATION.X=200|LOCATION.Y=190|RADIUS=5|STARTANGLE=90.000|
RECORD=34|LINENO=2022|OWNERPARTID=   0|OWNERINDEX=2011|FONTID=1|LOCATION.X=182|LOCATION.Y=191|NAME=Designator|TEXT=L1|UNIQUEID=KUWEPQGH|
RECORD=41|LINENO=2023|OWNERPARTID=   0|OWNERINDEX=2011|FONTID=1|LOCATION.X=172|LOCATION.Y=183|NAME=Comment|TEXT=10uH|UNIQUEID=MOWYNHNF|
RECORD=44|LINENO=2024|OWNERPARTID= -42|OWNERINDEX=2011|
RECORD=45|LINENO=2025|OWNERPARTID= -42|OWNERINDEX=2024|DATAFILECOUNT=1|DESCRIPTION=Coil FootPrint 0805|ISCURRENT=T|MODELDATAFILEENTITY0=0805_COIL|MODELDATAFILEKIND0=PCBLib|MODELNAME=0805_COIL|MODELTYPE=PCBLIB|UNIQUEID=ONEFQIAY|
RECORD=46|LINENO=2026|OWNERPARTID= -42|OWNERINDEX=2025|
RECORD=48|LINENO=2027|OWNERPARTID= -42|OWNERINDEX=2025|
RECORD= 1|LINENO=2028|OWNERPARTID=   0|OWNERINDEX= -42|ALLPINCOUNT=5|AREACOLOR=11599871|COMPONENTDESCRIPTION=Enhanced single channel power switches|CURRENTPARTID=1|DESIGNITEMID=STMPS2141STR|DISPLAYMODECOUNT=1|LIBRARYPATH=*|LIBREFERENCE=STMPS2141STR|LOCATION.X=320|LOCATION.Y=540|PARTCOUNT=2|PARTIDLOCKED=F|SOURCELIBRARYNAME=Active.SchLib|TARGETFILENAME=*|UNIQUEID=BBPYAWQM|
RECORD=41|LINENO=2029|OWNERPARTID=   0|OWNERINDEX=2028|FONTID=1|ISHIDDEN=T|LOCATION.X=288|LOCATION.Y=480|NAME=Provided|TEXT=ST|UNIQUEID=JOHIOTSB|
RECORD=41|LINENO=2030|OWNERPARTID=   0|OWNERINDEX=2028|FONTID=1|ISHIDDEN=T|LOCATION.X=288|LOCATION.Y=480|NAME=Order|TEXT=STMPS2141STR|UNIQUEID=LIOKIWSV|
RECORD=41|LINENO=2031|OWNERPARTID=   0|OWNERINDEX=2028|FONTID=1|ISHIDDEN=T|LOCATION.X=288|LOCATION.Y=480|NAME=Manuf_Part_1|TEXT=STMPS2141STR|UNIQUEID=KPIBOKPN|
RECORD=41|LINENO=2032|OWNERPARTID=   0|OWNERINDEX=2028|FONTID=1|ISHIDDEN=T|LOCATION.X=288|LOCATION.Y=480|NAME=Manuf_1|TEXT=STM|UNIQUEID=LPPPCUSR|
RECORD=41|LINENO=2033|OWNERPARTID=   0|OWNERINDEX=2028|FONTID=1|ISHIDDEN=T|LOCATION.X=288|LOCATION.Y=480|NAME=Distrib|TEXT=ST|UNIQUEID=SRANPXAO|
RECORD=41|LINENO=2034|OWNERPARTID=   0|OWNERINDEX=2028|FONTID=1|ISHIDDEN=T|LOCATION.X=288|LOCATION.Y=480|NAME=ECCN_US/EU|TEXT=EAR99/NEC|UNIQUEID=EBUFFMJG|
RECORD=41|LINENO=2035|OWNERPARTID=   0|OWNERINDEX=2028|FONTID=1|ISHIDDEN=T|LOCATION.X=288|LOCATION.Y=480|NAME=Ref St|TEXT=9159003|UNIQUEID=DDQLVMXX|
RECORD=41|LINENO=2036|OWNERPARTID=   0|OWNERINDEX=2028|FONTID=1|ISHIDDEN=T|LOCATION.X=288|LOCATION.Y=550|NAME=Ordered by|TEXT=ST|UNIQUEID=IWVUVHDY|
RECORD=14|LINENO=2037|OWNERPARTID=   2|OWNERINDEX=2028|AREACOLOR=11599871|CORNER.X=390|CORNER.Y=540|ISSOLID=T|LOCATION.X=320|LOCATION.Y=490|
RECORD= 2|LINENO=2038|OWNERPARTID=   2|OWNERINDEX=2028|DESIGNATOR=2|ELECTRICAL=4|FORMALTYPE=1|LOCATION.X=390|LOCATION.Y=500|NAME=GND|PINCONGLOMERATE=56|PINLENGTH=10|
RECORD=41|LINENO=2039|OWNERPARTID=   0|OWNERINDEX=2038|FONTID=1|ISHIDDEN=T|LOCATION.X=390|LOCATION.Y=500|NAME=PinUniqueId|TEXT=NGBIWTUD|UNIQUEID=IIDITAIH|
RECORD= 2|LINENO=2040|OWNERPARTID=   2|OWNERINDEX=2028|DESIGNATOR=5|ELECTRICAL=4|FORMALTYPE=1|LOCATION.X=320|LOCATION.Y=530|NAME=IN|PINCONGLOMERATE=58|PINLENGTH=10|
RECORD=41|LINENO=2041|OWNERPARTID=   0|OWNERINDEX=2040|FONTID=1|ISHIDDEN=T|LOCATION.X=320|LOCATION.Y=530|NAME=PinUniqueId|TEXT=MXAKFAMH|UNIQUEID=AODECNQA|
RECORD= 2|LINENO=2042|OWNERPARTID=   2|OWNERINDEX=2028|DESIGNATOR=4|ELECTRICAL=4|FORMALTYPE=1|LOCATION.X=320|LOCATION.Y=500|NAME=E\N\|PINCONGLOMERATE=58|PINLENGTH=10|
RECORD=41|LINENO=2043|OWNERPARTID=   0|OWNERINDEX=2042|FONTID=1|ISHIDDEN=T|LOCATION.X=320|LOCATION.Y=500|NAME=PinUniqueId|TEXT=LVSWBKQN|UNIQUEID=FTEPBJXU|
RECORD= 2|LINENO=2044|OWNERPARTID=   2|OWNERINDEX=2028|DESIGNATOR=1|ELECTRICAL=4|FORMALTYPE=1|LOCATION.X=390|LOCATION.Y=530|NAME=OUT|PINCONGLOMERATE=56|PINLENGTH=10|
RECORD=41|LINENO=2045|OWNERPARTID=   0|OWNERINDEX=2044|FONTID=1|ISHIDDEN=T|LOCATION.X=390|LOCATION.Y=530|NAME=PinUniqueId|TEXT=VAHCEKTP|UNIQUEID=TFXVSJTI|
RECORD= 2|LINENO=2046|OWNERPARTID=   2|OWNERINDEX=2028|DESIGNATOR=3|ELECTRICAL=4|FORMALTYPE=1|LOCATION.X=320|LOCATION.Y=510|NAME=F\A\U\L\T\|PINCONGLOMERATE=58|PINLENGTH=10|
RECORD=41|LINENO=2047|OWNERPARTID=   0|OWNERINDEX=2046|FONTID=1|ISHIDDEN=T|LOCATION.X=320|LOCATION.Y=510|NAME=PinUniqueId|TEXT=NTUERFWE|UNIQUEID=VPDQCYIH|
RECORD=34|LINENO=2048|OWNERPARTID=   0|OWNERINDEX=2028|FONTID=1|LOCATION.X=320|LOCATION.Y=540|NAME=Designator|TEXT=U4|UNIQUEID=AYBSXPGA|
RECORD=41|LINENO=2049|OWNERPARTID=   0|OWNERINDEX=2028|FONTID=1|LOCATION.X=320|LOCATION.Y=480|NAME=Comment|TEXT=STMPS2141STR|UNIQUEID=MHHWWXKN|
RECORD=44|LINENO=2050|OWNERPARTID= -42|OWNERINDEX=2028|
RECORD=45|LINENO=2051|OWNERPARTID= -42|OWNERINDEX=2050|DATAFILECOUNT=1|ISCURRENT=T|MODELDATAFILEENTITY0=SOT23-5|MODELDATAFILEKIND0=PCBLib|MODELNAME=SOT23-5|MODELTYPE=PCBLIB|UNIQUEID=MEDSTYSN|
RECORD=46|LINENO=2052|OWNERPARTID= -42|OWNERINDEX=2051|
RECORD=48|LINENO=2053|OWNERPARTID= -42|OWNERINDEX=2051|
RECORD=17|LINENO=2054|OWNERPARTID=   0|OWNERINDEX= -42|FONTID=2|LOCATION.X=820|LOCATION.Y=90|ORIENTATION=3|SHOWNETNAME=T|STYLE=1|TEXT=GND|UNIQUEID=FULIMNQQ|
RECORD=27|LINENO=2055|OWNERPARTID=   0|OWNERINDEX= -42|LINEWIDTH=1|LOCATIONCOUNT=2|UNIQUEID=NICTGADY|X1=940|X2=940|Y1=580|Y2=560|
RECORD=27|LINENO=2056|OWNERPARTID=   0|OWNERINDEX= -42|LINEWIDTH=1|LOCATIONCOUNT=2|UNIQUEID=DBAHPCNG|X1=1100|X2=1090|Y1=610|Y2=610|
RECORD=27|LINENO=2057|OWNERPARTID=   0|OWNERINDEX= -42|LINEWIDTH=1|LOCATIONCOUNT=2|UNIQUEID=EFOLSWJL|X1=260|X2=280|Y1=160|Y2=160|
RECORD=27|LINENO=2058|OWNERPARTID=   0|OWNERINDEX= -42|LINEWIDTH=1|LOCATIONCOUNT=2|UNIQUEID=DCKNGIME|X1=660|X2=630|Y1=240|Y2=240|
RECORD=27|LINENO=2059|OWNERPARTID=   0|OWNERINDEX= -42|LINEWIDTH=1|LOCATIONCOUNT=2|UNIQUEID=OLFXBPNM|X1=660|X2=630|Y1=250|Y2=250|
RECORD=27|LINENO=2060|OWNERPARTID=   0|OWNERINDEX= -42|LINEWIDTH=1|LOCATIONCOUNT=4|UNIQUEID=OSLKPCMT|X1=660|X2=630|X3=630|X4=660|Y1=140|Y2=140|Y3=160|Y4=160|
RECORD=27|LINENO=2061|OWNERPARTID=   0|OWNERINDEX= -42|LINEWIDTH=1|LOCATIONCOUNT=2|UNIQUEID=KCHJUIVV|X1=230|X2=230|Y1=650|Y2=640|
RECORD=27|LINENO=2062|OWNERPARTID=   0|OWNERINDEX= -42|LINEWIDTH=1|LOCATIONCOUNT=2|UNIQUEID=TGEYBTXP|X1=680|X2=680|Y1=610|Y2=570|
RECORD=27|LINENO=2063|OWNERPARTID=   0|OWNERINDEX= -42|LINEWIDTH=1|LOCATIONCOUNT=2|UNIQUEID=DQCOGSTP|X1=940|X2=940|Y1=600|Y2=610|
RECORD=27|LINENO=2064|OWNERPARTID=   0|OWNERINDEX= -42|LINEWIDTH=1|LOCATIONCOUNT=2|UNIQUEID=UBCTKOEM|X1=970|X2=970|Y1=580|Y2=610|
RECORD=27|LINENO=2065|OWNERPARTID=   0|OWNERINDEX= -42|LINEWIDTH=1|LOCATIONCOUNT=2|UNIQUEID=KLJKAMAW|X1=490|X2=500|Y1=270|Y2=270|
RECORD=27|LINENO=2066|OWNERPARTID=   0|OWNERINDEX= -42|LINEWIDTH=1|LOCATIONCOUNT=3|UNIQUEID=WBCJXHMB|X1=530|X2=550|X3=550|Y1=160|Y2=160|Y3=180|
RECORD=27|LINENO=2067|OWNERPARTID=   0|OWNERINDEX= -42|LINEWIDTH=1|LOCATIONCOUNT=4|UNIQUEID=MVCNMYPK|X1=490|X2=560|X3=560|X4=540|Y1=250|Y2=250|Y3=270|Y4=270|
RECORD=27|LINENO=2068|OWNERPARTID=   0|OWNERINDEX= -42|LINEWIDTH=1|LOCATIONCOUNT=2|UNIQUEID=IPDNEIIF|X1=530|X2=560|Y1=230|Y2=230|
RECORD=27|LINENO=2069|OWNERPARTID=   0|OWNERINDEX= -42|LINEWIDTH=1|LOCATIONCOUNT=2|UNIQUEID=UDOXRUTR|X1=500|X2=500|Y1=330|Y2=340|
RECORD=27|LINENO=2070|OWNERPARTID=   0|OWNERINDEX= -42|LINEWIDTH=1|LOCATIONCOUNT=2|UNIQUEID=SQUDNMDQ|X1=530|X2=530|Y1=330|Y2=340|
RECORD=27|LINENO=2071|OWNERPARTID=   0|OWNERINDEX= -42|LINEWIDTH=1|LOCATIONCOUNT=2|UNIQUEID=CKNHBKUF|X1=590|X2=590|Y1=330|Y2=340|
RECORD=27|LINENO=2072|OWNERPARTID=   0|OWNERINDEX= -42|LINEWIDTH=1|LOCATIONCOUNT=2|UNIQUEID=JYETNDFA|X1=980|X2=980|Y1=230|Y2=210|
RECORD=27|LINENO=2073|OWNERPARTID=   0|OWNERINDEX= -42|LINEWIDTH=1|LOCATIONCOUNT=4|UNIQUEID=PLTWOQIF|X1=1090|X2=1090|X3=1060|X4=1060|Y1=250|Y2=270|Y3=270|Y4=260|
RECORD=27|LINENO=2074|OWNERPARTID=   0|OWNERINDEX= -42|LINEWIDTH=1|LOCATIONCOUNT=2|UNIQUEID=VUIWWQBE|X1=1060|X2=1040|Y1=270|Y2=270|
RECORD=27|LINENO=2075|OWNERPARTID=   0|OWNERINDEX= -42|LINEWIDTH=1|LOCATIONCOUNT=2|UNIQUEID=EEGSVUQO|X1=220|X2=220|Y1=570|Y2=590|
RECORD=27|LINENO=2076|OWNERPARTID=   0|OWNERINDEX= -42|LINEWIDTH=1|LOCATIONCOUNT=2|UNIQUEID=KSYQCVFS|X1=130|X2=190|Y1=590|Y2=590|
RECORD=27|LINENO=2077|OWNERPARTID=   0|OWNERINDEX= -42|LINEWIDTH=1|LOCATIONCOUNT=4|UNIQUEID=CQNFQNCV|X1=510|X2=500|X3=500|X4=140|Y1=640|Y2=640|Y3=710|Y4=710|
RECORD=27|LINENO=2078|OWNERPARTID=   0|OWNERINDEX= -42|LINEWIDTH=1|LOCATIONCOUNT=2|UNIQUEID=KPDVNCEI|X1=550|X2=560|Y1=620|Y2=620|
RECORD=27|LINENO=2079|OWNERPARTID=   0|OWNERINDEX= -42|LINEWIDTH=1|LOCATIONCOUNT=2|UNIQUEID=WBJWWTLT|X1=550|X2=560|Y1=630|Y2=630|
RECORD=27|LINENO=2080|OWNERPARTID=   0|OWNERINDEX= -42|LINEWIDTH=1|LOCATIONCOUNT=4|UNIQUEID=DTVQSAPO|X1=130|X2=440|X3=440|X4=510|Y1=610|Y2=610|Y3=620|Y4=620|
RECORD=27|LINENO=2081|OWNERPARTID=   0|OWNERINDEX= -42|LINEWIDTH=1|LOCATIONCOUNT=3|UNIQUEID=CQLNLMND|X1=200|X2=190|X3=190|Y1=450|Y2=450|Y3=480|
RECORD=27|LINENO=2082|OWNERPARTID=   0|OWNERINDEX= -42|LINEWIDTH=1|LOCATIONCOUNT=2|UNIQUEID=TKVYWKSQ|X1=1060|X2=1050|Y1=610|Y2=610|
RECORD=27|LINENO=2083|OWNERPARTID=   0|OWNERINDEX= -42|LINEWIDTH=1|LOCATIONCOUNT=2|UNIQUEID=DUGXLVVF|X1=750|X2=760|Y1=340|Y2=340|
RECORD=27|LINENO=2084|OWNERPARTID=   0|OWNERINDEX= -42|LINEWIDTH=1|LOCATIONCOUNT=2|UNIQUEID=YKRKNDWS|X1=720|X2=700|Y1=340|Y2=340|
RECORD=27|LINENO=2085|OWNERPARTID=   0|OWNERINDEX= -42|LINEWIDTH=1|LOCATIONCOUNT=3|UNIQUEID=MIILADCK|X1=530|X2=550|X3=550|Y1=200|Y2=200|Y3=180|
RECORD=27|LINENO=2086|OWNERPARTID=   0|OWNERINDEX= -42|LINEWIDTH=1|LOCATIONCOUNT=2|UNIQUEID=JKUWKHXJ|X1=1040|X2=1030|Y1=410|Y2=410|
RECORD=27|LINENO=2087|OWNERPARTID=   0|OWNERINDEX= -42|LINEWIDTH=1|LOCATIONCOUNT=3|UNIQUEID=KOCRVQRI|X1=990|X2=960|X3=960|Y1=410|Y2=410|Y3=430|
RECORD=27|LINENO=2088|OWNERPARTID=   0|OWNERINDEX= -42|LINEWIDTH=1|LOCATIONCOUNT=2|UNIQUEID=BNJALCQJ|X1=1030|X2=1050|Y1=480|Y2=480|
RECORD=27|LINENO=2089|OWNERPARTID=   0|OWNERINDEX= -42|LINEWIDTH=1|LOCATIONCOUNT=2|UNIQUEID=MGNRVHTY|X1=600|X2=600|Y1=610|Y2=490|
RECORD=27|LINENO=2090|OWNERPARTID=   0|OWNERINDEX= -42|LINEWIDTH=1|LOCATIONCOUNT=2|UNIQUEID=LITQKYPU|X1=180|X2=180|Y1=670|Y2=680|
RECORD=27|LINENO=2091|OWNERPARTID=   0|OWNERINDEX= -42|LINEWIDTH=1|LOCATIONCOUNT=3|UNIQUEID=GYRUXGWL|X1=1050|X2=1060|X3=1060|Y1=120|Y2=120|Y3=110|
RECORD=27|LINENO=2092|OWNERPARTID=   0|OWNERINDEX= -42|LINEWIDTH=1|LOCATIONCOUNT=3|UNIQUEID=IMRRDJYY|X1=920|X2=930|X3=930|Y1=120|Y2=120|Y3=110|
RECORD=27|LINENO=2093|OWNERPARTID=   0|OWNERINDEX= -42|LINEWIDTH=1|LOCATIONCOUNT=2|UNIQUEID=VKERDDIU|X1=600|X2=600|Y1=450|Y2=440|
RECORD=27|LINENO=2094|OWNERPARTID=   0|OWNERINDEX= -42|LINEWIDTH=1|LOCATIONCOUNT=2|UNIQUEID=LEEMKRUX|X1=140|X2=140|Y1=150|Y2=230|
RECORD=27|LINENO=2095|OWNERPARTID=   0|OWNERINDEX= -42|LINEWIDTH=1|LOCATIONCOUNT=2|UNIQUEID=CGMVDKRM|X1=270|X2=270|Y1=670|Y2=680|
RECORD=27|LINENO=2096|OWNERPARTID=   0|OWNERINDEX= -42|LINEWIDTH=1|LOCATIONCOUNT=3|UNIQUEID=EBCQNCND|X1=280|X2=200|X3=200|Y1=210|Y2=210|Y3=200|
RECORD=27|LINENO=2097|OWNERPARTID=   0|OWNERINDEX= -42|LINEWIDTH=1|LOCATIONCOUNT=2|UNIQUEID=TUMBDVXG|X1=200|X2=200|Y1=160|Y2=150|
RECORD=27|LINENO=2098|OWNERPARTID=   0|OWNERINDEX= -42|LINEWIDTH=1|LOCATIONCOUNT=2|UNIQUEID=NRPVWGPG|X1=530|X2=540|Y1=140|Y2=140|
RECORD=27|LINENO=2099|OWNERPARTID=   0|OWNERINDEX= -42|LINEWIDTH=1|LOCATIONCOUNT=3|UNIQUEID=LJNQAIMA|X1=220|X2=220|X3=240|Y1=530|Y2=510|Y3=510|
RECORD=27|LINENO=2100|OWNERPARTID=   0|OWNERINDEX= -42|LINEWIDTH=1|LOCATIONCOUNT=3|UNIQUEID=SXLPHIYE|X1=790|X2=780|X3=780|Y1=600|Y2=600|Y3=610|
RECORD=27|LINENO=2101|OWNERPARTID=   0|OWNERINDEX= -42|LINEWIDTH=1|LOCATIONCOUNT=2|UNIQUEID=JPDSIWIE|X1=130|X2=180|Y1=540|Y2=540|
RECORD=27|LINENO=2102|OWNERPARTID=   0|OWNERINDEX= -42|LINEWIDTH=1|LOCATIONCOUNT=2|UNIQUEID=EXXXQOXE|X1=950|X2=940|Y1=260|Y2=260|
RECORD=27|LINENO=2103|OWNERPARTID=   0|OWNERINDEX= -42|LINEWIDTH=1|LOCATIONCOUNT=2|UNIQUEID=VHABOQOC|X1=950|X2=940|Y1=270|Y2=270|
RECORD=27|LINENO=2104|OWNERPARTID=   0|OWNERINDEX= -42|LINEWIDTH=1|LOCATIONCOUNT=2|UNIQUEID=YGVKALFJ|X1=230|X2=230|Y1=670|Y2=680|
RECORD=27|LINENO=2105|OWNERPARTID=   0|OWNERINDEX= -42|LINEWIDTH=1|LOCATIONCOUNT=2|UNIQUEID=JYPIGLHB|X1=390|X2=390|Y1=650|Y2=640|
RECORD=27|LINENO=2106|OWNERPARTID=   0|OWNERINDEX= -42|LINEWIDTH=1|LOCATIONCOUNT=2|UNIQUEID=JLGGMKEI|X1=250|X2=250|Y1=580|Y2=590|
RECORD=27|LINENO=2107|OWNERPARTID=   0|OWNERINDEX= -42|LINEWIDTH=1|LOCATIONCOUNT=3|UNIQUEID=AIVSDALR|X1=590|X2=590|X3=570|Y1=140|Y2=110|Y3=110|
RECORD=27|LINENO=2108|OWNERPARTID=   0|OWNERINDEX= -42|LINEWIDTH=1|LOCATIONCOUNT=3|UNIQUEID=YGJFIDFH|X1=530|X2=510|X3=510|Y1=90|Y2=90|Y3=110|
RECORD=27|LINENO=2109|OWNERPARTID=   0|OWNERINDEX= -42|LINEWIDTH=1|LOCATIONCOUNT=3|UNIQUEID=XRBXLJVU|X1=530|X2=510|X3=510|Y1=70|Y2=70|Y3=90|
RECORD=27|LINENO=2110|OWNERPARTID=   0|OWNERINDEX= -42|LINEWIDTH=1|LOCATIONCOUNT=2|UNIQUEID=XYJBJMCT|X1=1090|X2=1090|Y1=300|Y2=270|
RECORD=27|LINENO=2111|OWNERPARTID=   0|OWNERINDEX= -42|LINEWIDTH=1|LOCATIONCOUNT=2|UNIQUEID=BRWJWCJI|X1=920|X2=920|Y1=300|Y2=270|
RECORD=27|LINENO=2112|OWNERPARTID=   0|OWNERINDEX= -42|LINEWIDTH=1|LOCATIONCOUNT=2|UNIQUEID=IHXCXCJP|X1=80|X2=80|Y1=290|Y2=280|
RECORD=27|LINENO=2113|OWNERPARTID=   0|OWNERINDEX= -42|LINEWIDTH=1|LOCATIONCOUNT=5|UNIQUEID=JXIAXTFR|X1=80|X2=80|X3=110|X4=140|X5=280|Y1=250|Y2=230|Y3=230|Y4=230|Y5=230|
RECORD=27|LINENO=2114|OWNERPARTID=   0|OWNERINDEX= -42|LINEWIDTH=1|LOCATIONCOUNT=3|UNIQUEID=QNBYYAWL|X1=130|X2=960|X3=990|Y1=430|Y2=430|Y3=430|
RECORD=27|LINENO=2115|OWNERPARTID=   0|OWNERINDEX= -42|LINEWIDTH=1|LOCATIONCOUNT=5|UNIQUEID=FPONCVLQ|X1=130|X2=180|X3=230|X4=270|X5=290|Y1=680|Y2=680|Y3=680|Y4=680|Y5=680|
RECORD=27|LINENO=2116|OWNERPARTID=   0|OWNERINDEX= -42|LINEWIDTH=1|LOCATIONCOUNT=5|UNIQUEID=JBFIWYEJ|X1=280|X2=220|X3=220|X4=200|X5=180|Y1=190|Y2=190|Y3=150|Y4=150|Y5=150|
RECORD=27|LINENO=2117|OWNERPARTID=   0|OWNERINDEX= -42|LINEWIDTH=1|LOCATIONCOUNT=7|UNIQUEID=XWEXKFOD|X1=180|X2=180|X3=180|X4=600|X5=820|X6=820|X7=990|Y1=630|Y2=540|Y3=440|Y4=440|Y5=440|Y6=480|Y7=480|
RECORD=27|LINENO=2118|OWNERPARTID=   0|OWNERINDEX= -42|LINEWIDTH=1|LOCATIONCOUNT=6|UNIQUEID=DHRYBWVH|X1=340|X2=280|X3=250|X4=220|X5=190|X6=190|Y1=590|Y2=590|Y3=590|Y4=590|Y5=590|Y6=570|
RECORD=27|LINENO=2119|OWNERPARTID=   0|OWNERINDEX= -42|LINEWIDTH=1|LOCATIONCOUNT=5|UNIQUEID=SDWROLYH|X1=380|X2=430|X3=460|X4=460|X5=510|Y1=590|Y2=590|Y3=590|Y4=610|Y5=610|
RECORD=27|LINENO=2120|OWNERPARTID=   0|OWNERINDEX= -42|LINEWIDTH=1|LOCATIONCOUNT=3|UNIQUEID=TTHGQSHL|X1=530|X2=510|X3=490|Y1=110|Y2=110|Y3=110|
RECORD=27|LINENO=2121|OWNERPARTID=   0|OWNERINDEX= -42|LINEWIDTH=1|LOCATIONCOUNT=5|UNIQUEID=LIYVSPQA|X1=490|X2=500|X3=530|X4=560|X5=560|Y1=340|Y2=340|Y3=340|Y4=340|Y5=330|
RECORD=27|LINENO=2122|OWNERPARTID=   0|OWNERINDEX= -42|LINEWIDTH=1|LOCATIONCOUNT=3|UNIQUEID=GARMCSEH|X1=530|X2=550|X3=660|Y1=180|Y2=180|Y3=180|
RECORD=27|LINENO=2123|OWNERPARTID=   0|OWNERINDEX= -42|LINEWIDTH=1|LOCATIONCOUNT=6|UNIQUEID=USOVMOSA|X1=550|X2=560|X3=560|X4=560|X5=560|X6=550|Y1=640|Y2=640|Y3=630|Y4=620|Y5=610|Y6=610|
RECORD=27|LINENO=2124|OWNERPARTID=   0|OWNERINDEX= -42|LINEWIDTH=1|LOCATIONCOUNT=4|UNIQUEID=TMMCRVIO|X1=560|X2=560|X3=560|X4=660|Y1=250|Y2=230|Y3=200|Y4=200|
RECORD=27|LINENO=2125|OWNERPARTID=   0|OWNERINDEX= -42|LINEWIDTH=1|LOCATIONCOUNT=7|UNIQUEID=FIICMBYT|X1=560|X2=590|X3=630|X4=630|X5=630|X6=630|X7=660|Y1=340|Y2=340|Y3=340|Y4=250|Y5=240|Y6=220|Y7=220|
RECORD=27|LINENO=2126|OWNERPARTID=   0|OWNERINDEX= -42|LINEWIDTH=1|LOCATIONCOUNT=7|UNIQUEID=QATWLDMT|X1=760|X2=760|X3=680|X4=630|X5=600|X6=580|X7=560|Y1=570|Y2=610|Y3=610|Y4=610|Y5=610|Y6=610|Y7=610|
RECORD=27|LINENO=2127|OWNERPARTID=   0|OWNERINDEX= -42|LINEWIDTH=1|LOCATIONCOUNT=3|UNIQUEID=PJVIUQFC|X1=760|X2=780|X3=790|Y1=610|Y2=610|Y3=610|
RECORD=27|LINENO=2128|OWNERPARTID=   0|OWNERINDEX= -42|LINEWIDTH=1|LOCATIONCOUNT=5|UNIQUEID=VSSMLPAB|X1=880|X2=940|X3=970|X4=990|X5=1000|Y1=610|Y2=610|Y3=610|Y4=610|Y5=610|
RECORD=27|LINENO=2129|OWNERPARTID=   0|OWNERINDEX= -42|LINEWIDTH=1|LOCATIONCOUNT=6|UNIQUEID=MXJELUAP|X1=940|X2=940|X3=940|X4=920|X5=900|X6=900|Y1=230|Y2=260|Y3=270|Y4=270|Y5=270|Y6=260|
RECORD=27|LINENO=2130|OWNERPARTID=   0|OWNERINDEX= -42|LINEWIDTH=1|LOCATIONCOUNT=3|UNIQUEID=TIYUSFXH|X1=920|X2=930|X3=940|Y1=110|Y2=110|Y3=110|
RECORD=27|LINENO=2131|OWNERPARTID=   0|OWNERINDEX= -42|LINEWIDTH=1|LOCATIONCOUNT=5|UNIQUEID=YSKNRWEV|X1=1040|X2=1050|X3=1050|X4=1050|X5=1030|Y1=610|Y2=610|Y3=480|Y4=430|Y5=430|
RECORD=27|LINENO=2132|OWNERPARTID=   0|OWNERINDEX= -42|LINEWIDTH=1|LOCATIONCOUNT=3|UNIQUEID=CVRKAQUK|X1=1050|X2=1060|X3=1070|Y1=110|Y2=110|Y3=110|
RECORD=27|LINENO=2133|OWNERPARTID=   0|OWNERINDEX= -42|LINEWIDTH=1|LOCATIONCOUNT=6|UNIQUEID=AJKKCWJC|X1=390|X2=390|X3=440|X4=490|X5=490|X6=510|Y1=670|Y2=680|Y3=680|Y4=680|Y5=630|Y6=630|
RECORD=27|LINENO=2134|OWNERPARTID=   0|OWNERINDEX= -42|LINEWIDTH=1|LOCATIONCOUNT=3|UNIQUEID=JPUAAUNO|X1=400|X2=430|X3=430|Y1=530|Y2=530|Y3=590|
RECORD=27|LINENO=2135|OWNERPARTID=   0|OWNERINDEX= -42|LINEWIDTH=1|LOCATIONCOUNT=3|UNIQUEID=WFSVLWGL|X1=310|X2=280|X3=280|Y1=530|Y2=530|Y3=590|
RECORD=27|LINENO=2136|OWNERPARTID=   0|OWNERINDEX= -42|LINEWIDTH=1|LOCATIONCOUNT=2|UNIQUEID=SSIGQWGL|X1=270|X2=310|Y1=510|Y2=510|
RECORD=27|LINENO=2137|OWNERPARTID=   0|OWNERINDEX= -42|LINEWIDTH=1|LOCATIONCOUNT=5|UNIQUEID=VNUBKBTL|X1=310|X2=300|X3=300|X4=190|X5=190|Y1=500|Y2=500|Y3=480|Y4=480|Y5=530|
RECORD=27|LINENO=2138|OWNERPARTID=   0|OWNERINDEX= -42|LINEWIDTH=1|LOCATIONCOUNT=3|UNIQUEID=TRPYJVTY|X1=400|X2=430|X3=430|Y1=500|Y2=500|Y3=470|
RECORD=27|LINENO=2139|OWNERPARTID=   0|OWNERINDEX= -42|LINEWIDTH=1|LOCATIONCOUNT=2|UNIQUEID=NRBTOVWB|X1=820|X2=820|Y1=90|Y2=100|
RECORD=27|LINENO=2140|OWNERPARTID=   0|OWNERINDEX= -42|LINEWIDTH=1|LOCATIONCOUNT=4|UNIQUEID=MWRGHUEO|X1=580|X2=590|X3=610|X4=630|Y1=140|Y2=140|Y3=140|Y4=140|
RECORD=29|LINENO=2141|OWNERPARTID=   0|OWNERINDEX= -42|LOCATION.X=80|LOCATION.Y=230|
RECORD=29|LINENO=2142|OWNERPARTID=   0|OWNERINDEX= -42|LOCATION.X=110|LOCATION.Y=230|
RECORD=29|LINENO=2143|OWNERPARTID=   0|OWNERINDEX= -42|LOCATION.X=140|LOCATION.Y=230|
RECORD=29|LINENO=2144|OWNERPARTID=   0|OWNERINDEX= -42|LOCATION.X=180|LOCATION.Y=540|
RECORD=29|LINENO=2145|OWNERPARTID=   0|OWNERINDEX= -42|LOCATION.X=180|LOCATION.Y=680|
RECORD=29|LINENO=2146|OWNERPARTID=   0|OWNERINDEX= -42|LOCATION.X=190|LOCATION.Y=480|
RECORD=29|LINENO=2147|OWNERPARTID=   0|OWNERINDEX= -42|LOCATION.X=190|LOCATION.Y=590|
RECORD=29|LINENO=2148|OWNERPARTID=   0|OWNERINDEX= -42|LOCATION.X=200|LOCATION.Y=150|
RECORD=29|LINENO=2149|OWNERPARTID=   0|OWNERINDEX= -42|LOCATION.X=220|LOCATION.Y=590|
RECORD=29|LINENO=2150|OWNERPARTID=   0|OWNERINDEX= -42|LOCATION.X=230|LOCATION.Y=680|
RECORD=29|LINENO=2151|OWNERPARTID=   0|OWNERINDEX= -42|LOCATION.X=250|LOCATION.Y=590|
RECORD=29|LINENO=2152|OWNERPARTID=   0|OWNERINDEX= -42|LOCATION.X=270|LOCATION.Y=680|
RECORD=29|LINENO=2153|OWNERPARTID=   0|OWNERINDEX= -42|LOCATION.X=280|LOCATION.Y=590|
RECORD=29|LINENO=2154|OWNERPARTID=   0|OWNERINDEX= -42|LOCATION.X=390|LOCATION.Y=680|
RECORD=29|LINENO=2155|OWNERPARTID=   0|OWNERINDEX= -42|LOCATION.X=430|LOCATION.Y=590|
RECORD=29|LINENO=2156|OWNERPARTID=   0|OWNERINDEX= -42|LOCATION.X=440|LOCATION.Y=680|
RECORD=29|LINENO=2157|OWNERPARTID=   0|OWNERINDEX= -42|LOCATION.X=460|LOCATION.Y=590|
RECORD=29|LINENO=2158|OWNERPARTID=   0|OWNERINDEX= -42|LOCATION.X=500|LOCATION.Y=340|
RECORD=29|LINENO=2159|OWNERPARTID=   0|OWNERINDEX= -42|LOCATION.X=510|LOCATION.Y=90|
RECORD=29|LINENO=2160|OWNERPARTID=   0|OWNERINDEX= -42|LOCATION.X=510|LOCATION.Y=110|
RECORD=29|LINENO=2161|OWNERPARTID=   0|OWNERINDEX= -42|LOCATION.X=530|LOCATION.Y=340|
RECORD=29|LINENO=2162|OWNERPARTID=   0|OWNERINDEX= -42|LOCATION.X=550|LOCATION.Y=180|
RECORD=29|LINENO=2163|OWNERPARTID=   0|OWNERINDEX= -42|LOCATION.X=560|LOCATION.Y=230|
RECORD=29|LINENO=2164|OWNERPARTID=   0|OWNERINDEX= -42|LOCATION.X=560|LOCATION.Y=250|
RECORD=29|LINENO=2165|OWNERPARTID=   0|OWNERINDEX= -42|LOCATION.X=560|LOCATION.Y=340|
RECORD=29|LINENO=2166|OWNERPARTID=   0|OWNERINDEX= -42|LOCATION.X=560|LOCATION.Y=610|
RECORD=29|LINENO=2167|OWNERPARTID=   0|OWNERINDEX= -42|LOCATION.X=560|LOCATION.Y=620|
RECORD=29|LINENO=2168|OWNERPARTID=   0|OWNERINDEX= -42|LOCATION.X=560|LOCATION.Y=630|
RECORD=29|LINENO=2169|OWNERPARTID=   0|OWNERINDEX= -42|LOCATION.X=580|LOCATION.Y=610|
RECORD=29|LINENO=2170|OWNERPARTID=   0|OWNERINDEX= -42|LOCATION.X=590|LOCATION.Y=140|
RECORD=29|LINENO=2171|OWNERPARTID=   0|OWNERINDEX= -42|LOCATION.X=590|LOCATION.Y=340|
RECORD=29|LINENO=2172|OWNERPARTID=   0|OWNERINDEX= -42|LOCATION.X=600|LOCATION.Y=440|
RECORD=29|LINENO=2173|OWNERPARTID=   0|OWNERINDEX= -42|LOCATION.X=600|LOCATION.Y=610|
RECORD=29|LINENO=2174|OWNERPARTID=   0|OWNERINDEX= -42|LOCATION.X=610|LOCATION.Y=140|
RECORD=29|LINENO=2175|OWNERPARTID=   0|OWNERINDEX= -42|LOCATION.X=630|LOCATION.Y=140|
RECORD=29|LINENO=2176|OWNERPARTID=   0|OWNERINDEX= -42|LOCATION.X=630|LOCATION.Y=240|
RECORD=29|LINENO=2177|OWNERPARTID=   0|OWNERINDEX= -42|LOCATION.X=630|LOCATION.Y=250|
RECORD=29|LINENO=2178|OWNERPARTID=   0|OWNERINDEX= -42|LOCATION.X=630|LOCATION.Y=610|
RECORD=29|LINENO=2179|OWNERPARTID=   0|OWNERINDEX= -42|LOCATION.X=680|LOCATION.Y=610|
RECORD=29|LINENO=2180|OWNERPARTID=   0|OWNERINDEX= -42|LOCATION.X=760|LOCATION.Y=610|
RECORD=29|LINENO=2181|OWNERPARTID=   0|OWNERINDEX= -42|LOCATION.X=780|LOCATION.Y=610|
RECORD=29|LINENO=2182|OWNERPARTID=   0|OWNERINDEX= -42|LOCATION.X=920|LOCATION.Y=270|
RECORD=29|LINENO=2183|OWNERPARTID=   0|OWNERINDEX= -42|LOCATION.X=930|LOCATION.Y=110|
RECORD=29|LINENO=2184|OWNERPARTID=   0|OWNERINDEX= -42|LOCATION.X=940|LOCATION.Y=260|
RECORD=29|LINENO=2185|OWNERPARTID=   0|OWNERINDEX= -42|LOCATION.X=940|LOCATION.Y=270|
RECORD=29|LINENO=2186|OWNERPARTID=   0|OWNERINDEX= -42|LOCATION.X=940|LOCATION.Y=610|
RECORD=29|LINENO=2187|OWNERPARTID=   0|OWNERINDEX= -42|LOCATION.X=960|LOCATION.Y=430|
RECORD=29|LINENO=2188|OWNERPARTID=   0|OWNERINDEX= -42|LOCATION.X=970|LOCATION.Y=610|
RECORD=29|LINENO=2189|OWNERPARTID=   0|OWNERINDEX= -42|LOCATION.X=990|LOCATION.Y=610|
RECORD=29|LINENO=2190|OWNERPARTID=   0|OWNERINDEX= -42|LOCATION.X=1050|LOCATION.Y=480|
RECORD=29|LINENO=2191|OWNERPARTID=   0|OWNERINDEX= -42|LOCATION.X=1050|LOCATION.Y=610|
RECORD=29|LINENO=2192|OWNERPARTID=   0|OWNERINDEX= -42|LOCATION.X=1060|LOCATION.Y=110|
RECORD=29|LINENO=2193|OWNERPARTID=   0|OWNERINDEX= -42|LOCATION.X=1060|LOCATION.Y=270|
RECORD=29|LINENO=2194|OWNERPARTID=   0|OWNERINDEX= -42|LOCATION.X=1090|LOCATION.Y=270|
