RECORD=-42|LINENO=   0|OWNERPARTID= -42|OWNERINDEX= -42|HEADER=Protel for Windows - Schematic Capture Binary File Version 5.0|MINORVERSION=2|UNIQUEID=DOOIKCBA|WEIGHT=830|
RECORD=31|LINENO=   1|OWNERPARTID= -42|OWNERINDEX= -42|AREACOLOR=16317695|BOLD4=T|BORDERON=T|CUSTOMMARGINWIDTH=20|CUSTOMX=1500|CUSTOMXZONES=6|CUSTOMY=950|CUSTOMYZONES=4|DISPLAY_UNIT=4|FONTIDCOUNT=5|FONTNAME1=Times New Roman|FONTNAME2=Times New Roman|FONTNAME3=Arial Narrow|FONTNAME4=Times New Roman|FONTNAME5=Arial|HOTSPOTGRIDON=T|HOTSPOTGRIDSIZE=4|ISBOC=T|REFERENCEZONESON=T|ROTATION2=90|SHEETNUMBERSPACESIZE=4|SHOWTEMPLATEGRAPHICS=T|SIZE1=10|SIZE2=10|SIZE3=10|SIZE4=10|SIZE5=10|SNAPGRIDON=T|SNAPGRIDSIZE=10|SYSTEMFONT=1|TEMPLATEFILENAME=D:\Data\Lib Altium\Sch_Templates\Schematic_A4_Landscape.SchDot|USEMBCS=T|VISIBLEGRIDON=T|VISIBLEGRIDSIZE=10|
RECORD=39|LINENO=   2|OWNERPARTID=   0|OWNERINDEX= -42|FILENAME=D:\Data\Lib Altium\Sch_Templates\Schematic_A4_Landscape.SchDot|
RECORD= 4|LINENO=   3|OWNERPARTID=   0|OWNERINDEX=   2|FONTID=1|LOCATION.X=1022|TEXT==sheetnumber|
RECORD= 4|LINENO=   4|OWNERPARTID=   0|OWNERINDEX=   2|FONTID=1|LOCATION.X=1048|TEXT==sheettotal|
RECORD= 4|LINENO=   5|OWNERPARTID=   0|OWNERINDEX=   2|FONTID=4|LOCATION.X=876|LOCATION.Y=41|TEXT==Title|
RECORD= 6|LINENO=   6|OWNERPARTID=   0|OWNERINDEX=   2|LOCATIONCOUNT=2|X1=1090|X2=850|Y1=40|Y2=40|
RECORD= 6|LINENO=   7|OWNERPARTID=   0|OWNERINDEX=   2|LOCATIONCOUNT=2|X1=850|X2=1090|Y1=30|Y2=30|
RECORD= 6|LINENO=   8|OWNERPARTID=   0|OWNERINDEX=   2|LOCATIONCOUNT=2|X1=900|X2=900|Y1=10|
RECORD= 6|LINENO=   9|OWNERPARTID=   0|OWNERINDEX=   2|LOCATIONCOUNT=2|X1=990|X2=990|Y1=20|
RECORD= 6|LINENO=  10|OWNERPARTID=   0|OWNERINDEX=   2|LOCATIONCOUNT=2|X1=1090|X2=1090|Y1=50|
RECORD= 4|LINENO=  11|OWNERPARTID=   0|OWNERINDEX=   2|FONTID=1|LOCATION.X=853|LOCATION.Y=41|TEXT=Title:|
RECORD= 4|LINENO=  12|OWNERPARTID=   0|OWNERINDEX=   2|FONTID=1|LOCATION.X=853|TEXT=Size:|
RECORD= 4|LINENO=  13|OWNERPARTID=   0|OWNERINDEX=   2|FONTID=1|LOCATION.X=995|LOCATION.Y=11|TEXT=Reference:|
RECORD= 4|LINENO=  14|OWNERPARTID=   0|OWNERINDEX=   2|FONTID=1|LOCATION.X=995|TEXT=Sheet:|
RECORD= 4|LINENO=  15|OWNERPARTID=   0|OWNERINDEX=   2|FONTID=1|LOCATION.X=1035|TEXT=of|
RECORD= 4|LINENO=  16|OWNERPARTID=   0|OWNERINDEX=   2|FONTID=1|LOCATION.X=873|TEXT=A4|
RECORD= 6|LINENO=  17|OWNERPARTID=   0|OWNERINDEX=   2|LOCATIONCOUNT=2|X1=850|X2=1090|Y1=10|Y2=10|
RECORD= 4|LINENO=  18|OWNERPARTID=   0|OWNERINDEX=   2|FONTID=1|LOCATION.X=853|LOCATION.Y=11|TEXT=Revision:|
RECORD=30|LINENO=  19|OWNERPARTID=   0|OWNERINDEX=   2|CORNER.X=1148|CORNER.X_FRAC=76743|CORNER.Y=45|CORNER.Y_FRAC=6451|EMBEDIMAGE=T|KEEPASPECT=T|LOCATION.X=1091|LOCATION.Y=5|
RECORD= 4|LINENO=  20|OWNERPARTID=   0|OWNERINDEX=   2|FONTID=1|LOCATION.X=853|LOCATION.Y=31|TEXT=Project:|
RECORD= 6|LINENO=  21|OWNERPARTID=   0|OWNERINDEX=   2|LOCATIONCOUNT=2|X1=850|X2=850|Y1=50|
RECORD= 6|LINENO=  22|OWNERPARTID=   0|OWNERINDEX=   2|LOCATIONCOUNT=2|X1=1150|X2=850|Y1=50|Y2=50|
RECORD= 4|LINENO=  23|OWNERPARTID=   0|OWNERINDEX=   2|FONTID=4|LOCATION.X=884|LOCATION.Y=31|TEXT==Board_Name|
RECORD= 4|LINENO=  24|OWNERPARTID=   0|OWNERINDEX=   2|FONTID=1|LOCATION.X=1038|LOCATION.Y=11|TEXT==Board_Reference|
RECORD= 4|LINENO=  25|OWNERPARTID=   0|OWNERINDEX=   2|FONTID=1|LOCATION.X=893|LOCATION.Y=11|TEXT==Board_PCB_Revision|
RECORD= 4|LINENO=  26|OWNERPARTID=   0|OWNERINDEX=   2|FONTID=1|LOCATION.X=903|LOCATION.Y=11|TEXT==Board_Assembly_Revision|
RECORD= 4|LINENO=  27|OWNERPARTID=   0|OWNERINDEX=   2|FONTID=1|LOCATION.X=927|TEXT==Board_Document_Date|
RECORD= 6|LINENO=  28|OWNERPARTID=   0|OWNERINDEX=   2|LOCATIONCOUNT=2|X1=850|X2=1090|Y1=20|Y2=20|
RECORD= 4|LINENO=  29|OWNERPARTID=   0|OWNERINDEX=   2|FONTID=1|LOCATION.X=885|LOCATION.Y=21|TEXT==VariantName|
RECORD= 4|LINENO=  30|OWNERPARTID=   0|OWNERINDEX=   2|FONTID=1|LOCATION.X=904|TEXT=Date:|
RECORD= 4|LINENO=  31|OWNERPARTID=   0|OWNERINDEX=   2|FONTID=1|LOCATION.X=900|LOCATION.Y=11|TEXT=-|
RECORD= 4|LINENO=  32|OWNERPARTID=   0|OWNERINDEX=   2|FONTID=1|LOCATION.X=853|LOCATION.Y=21|TEXT=Variant:|
RECORD=14|LINENO=  33|OWNERPARTID=   0|OWNERINDEX= -42|AREACOLOR=16777215|CORNER.X=920|CORNER.Y=490|ISSOLID=T|LOCATION.X=720|LOCATION.Y=390|TRANSPARENT=T|
RECORD=14|LINENO=  34|OWNERPARTID=   0|OWNERINDEX= -42|AREACOLOR=16777215|CORNER.X=700|CORNER.Y=490|ISSOLID=T|LOCATION.X=590|LOCATION.Y=230|TRANSPARENT=T|
RECORD=41|LINENO=  35|OWNERPARTID=   0|OWNERINDEX= -42|FONTID=1|ISHIDDEN=T|NAME=CurrentTime|UNIQUEID=OCKVVHOF|
RECORD=41|LINENO=  36|OWNERPARTID=   0|OWNERINDEX= -42|FONTID=1|ISHIDDEN=T|NAME=CurrentDate|UNIQUEID=FHPPDFNW|
RECORD=41|LINENO=  37|OWNERPARTID=   0|OWNERINDEX= -42|FONTID=1|ISHIDDEN=T|NAME=Time|UNIQUEID=WCJXPMMB|
RECORD=41|LINENO=  38|OWNERPARTID=   0|OWNERINDEX= -42|FONTID=1|ISHIDDEN=T|NAME=Date|UNIQUEID=BTKJXBGB|
RECORD=41|LINENO=  39|OWNERPARTID=   0|OWNERINDEX= -42|FONTID=1|ISHIDDEN=T|NAME=DocumentFullPathAndName|UNIQUEID=ACPYACYN|
RECORD=41|LINENO=  40|OWNERPARTID=   0|OWNERINDEX= -42|FONTID=1|ISHIDDEN=T|NAME=DocumentName|UNIQUEID=FKIIWEUC|
RECORD=41|LINENO=  41|OWNERPARTID=   0|OWNERINDEX= -42|FONTID=1|ISHIDDEN=T|NAME=ModifiedDate|UNIQUEID=OEYGDPHR|
RECORD=41|LINENO=  42|OWNERPARTID=   0|OWNERINDEX= -42|FONTID=1|ISHIDDEN=T|NAME=ApprovedBy|UNIQUEID=QYKOQIHX|
RECORD=41|LINENO=  43|OWNERPARTID=   0|OWNERINDEX= -42|FONTID=1|ISHIDDEN=T|NAME=CheckedBy|UNIQUEID=KNALEXDG|
RECORD=41|LINENO=  44|OWNERPARTID=   0|OWNERINDEX= -42|FONTID=1|ISHIDDEN=T|NAME=Author|TEXT=PhA|UNIQUEID=LIVRKBXU|
RECORD=41|LINENO=  45|OWNERPARTID=   0|OWNERINDEX= -42|FONTID=1|ISHIDDEN=T|NAME=CompanyName|UNIQUEID=RGUVJEWD|
RECORD=41|LINENO=  46|OWNERPARTID=   0|OWNERINDEX= -42|FONTID=1|ISHIDDEN=T|NAME=DrawnBy|UNIQUEID=WWGYWMOS|
RECORD=41|LINENO=  47|OWNERPARTID=   0|OWNERINDEX= -42|FONTID=1|ISHIDDEN=T|NAME=Engineer|UNIQUEID=NWBMXIIJ|
RECORD=41|LINENO=  48|OWNERPARTID=   0|OWNERINDEX= -42|FONTID=1|ISHIDDEN=T|NAME=Organization|UNIQUEID=HPIOFUVJ|
RECORD=41|LINENO=  49|OWNERPARTID=   0|OWNERINDEX= -42|FONTID=1|ISHIDDEN=T|NAME=Address1|UNIQUEID=EHRMWVSK|
RECORD=41|LINENO=  50|OWNERPARTID=   0|OWNERINDEX= -42|FONTID=1|ISHIDDEN=T|NAME=Address2|UNIQUEID=ALDSYGXL|
RECORD=41|LINENO=  51|OWNERPARTID=   0|OWNERINDEX= -42|FONTID=1|ISHIDDEN=T|NAME=Address3|UNIQUEID=UIIAGLPH|
RECORD=41|LINENO=  52|OWNERPARTID=   0|OWNERINDEX= -42|FONTID=1|ISHIDDEN=T|NAME=Address4|UNIQUEID=IDQYYLTY|
RECORD=41|LINENO=  53|OWNERPARTID=   0|OWNERINDEX= -42|FONTID=1|ISHIDDEN=T|NAME=Title|TEXT=STM32WB55RG RF part|UNIQUEID=OHOSSUBW|
RECORD=41|LINENO=  54|OWNERPARTID=   0|OWNERINDEX= -42|FONTID=1|ISHIDDEN=T|NAME=DocumentNumber|UNIQUEID=MXAGIJPD|
RECORD=41|LINENO=  55|OWNERPARTID=   0|OWNERINDEX= -42|FONTID=1|ISHIDDEN=T|NAME=Revision|UNIQUEID=LYPRTBBY|
RECORD=41|LINENO=  56|OWNERPARTID=   0|OWNERINDEX= -42|FONTID=1|ISHIDDEN=T|NAME=SheetNumber|TEXT=3|UNIQUEID=LEGEIYJU|
RECORD=41|LINENO=  57|OWNERPARTID=   0|OWNERINDEX= -42|FONTID=1|ISHIDDEN=T|NAME=SheetTotal|TEXT=6|UNIQUEID=GYNUMTCL|
RECORD=41|LINENO=  58|OWNERPARTID=   0|OWNERINDEX= -42|FONTID=1|ISHIDDEN=T|NAME=Rule|TEXT=*|UNIQUEID=ABKDISEP|
RECORD=41|LINENO=  59|OWNERPARTID=   0|OWNERINDEX= -42|FONTID=1|ISHIDDEN=T|NAME=ImagePath|UNIQUEID=NRUUOLMR|
RECORD=41|LINENO=  60|OWNERPARTID=   0|OWNERINDEX= -42|FONTID=1|ISHIDDEN=T|NAME=ProjectName|UNIQUEID=SGGPWNSB|
RECORD=41|LINENO=  61|OWNERPARTID=   0|OWNERINDEX= -42|FONTID=1|ISHIDDEN=T|NAME=Application_BuildNumber|UNIQUEID=KWTQGEXL|
RECORD=17|LINENO=  62|OWNERPARTID=   0|OWNERINDEX= -42|FONTID=2|LOCATION.X=740|LOCATION.Y=430|ORIENTATION=3|SHOWNETNAME=T|STYLE=1|TEXT=GND|UNIQUEID=JGOMQDXF|
RECORD=17|LINENO=  63|OWNERPARTID=   0|OWNERINDEX= -42|FONTID=2|LOCATION.X=980|LOCATION.Y=260|ORIENTATION=3|SHOWNETNAME=T|STYLE=1|TEXT=GND|UNIQUEID=XYOKMTPD|
RECORD=17|LINENO=  64|OWNERPARTID=   0|OWNERINDEX= -42|FONTID=2|LOCATION.X=820|LOCATION.Y=430|ORIENTATION=3|SHOWNETNAME=T|STYLE=1|TEXT=GND|UNIQUEID=XMBDQYTI|
RECORD= 1|LINENO=  65|OWNERPARTID=   0|OWNERINDEX= -42|AREACOLOR=11599871|CURRENTPARTID=1|DESIGNITEMID=SMA|DISPLAYMODECOUNT=1|ISMIRRORED=T|LIBREFERENCE=SMA|LOCATION.X=980|LOCATION.Y=280|PARTCOUNT=2|PARTIDLOCKED=F|SOURCELIBRARYNAME=RF connector.SchLib|TARGETFILENAME=*|UNIQUEID=PVFWBVTI|
RECORD= 2|LINENO=  66|OWNERPARTID=   2|OWNERINDEX=  65|%UTF8%SWAPIDPART=Â¦&Â¦|DESIGNATOR=1|ELECTRICAL=4|FORMALTYPE=1|LOCATION.X=980|LOCATION.Y=280|NAME=X|PINCONGLOMERATE=34|PINLENGTH=20|SWAPIDPART=Ž&Ž|SWAPIDPIN=1|
RECORD=41|LINENO=  67|OWNERPARTID=   0|OWNERINDEX=  66|FONTID=1|ISHIDDEN=T|LOCATION.X=980|LOCATION.Y=280|NAME=PinUniqueId|TEXT=KBWOGADX|UNIQUEID=QBYURGHU|
RECORD= 2|LINENO=  68|OWNERPARTID=   2|OWNERINDEX=  65|%UTF8%SWAPIDPART=Â¦&Â¦|DESIGNATOR=2|ELECTRICAL=4|FORMALTYPE=1|LOCATION.X=980|LOCATION.Y=270|NAME=Y|PINCONGLOMERATE=35|PINLENGTH=10|SWAPIDPART=Ž&Ž|SWAPIDPIN=2|
RECORD=41|LINENO=  69|OWNERPARTID=   0|OWNERINDEX=  68|FONTID=1|ISHIDDEN=T|LOCATION.X=980|LOCATION.Y=270|NAME=PinUniqueId|TEXT=GNWGAFBM|UNIQUEID=QAWLDMKA|
RECORD= 8|LINENO=  70|OWNERPARTID=   2|OWNERINDEX=  65|AREACOLOR=16711680|ISSOLID=T|LINEWIDTH=1|LOCATION.X=980|LOCATION.Y=280|RADIUS=2|SECONDARYRADIUS=2|
RECORD=11|LINENO=  71|OWNERPARTID=   2|OWNERINDEX=  65|ENDANGLE=360.000|LINEWIDTH=1|LOCATION.X=980|LOCATION.Y=280|RADIUS=10|SECONDARYRADIUS=10|
RECORD=34|LINENO=  72|OWNERPARTID=   0|OWNERINDEX=  65|FONTID=1|ISMIRRORED=T|LOCATION.X=970|LOCATION.Y=290|NAME=Designator|TEXT=J2|UNIQUEID=HCGOLVTL|
RECORD=41|LINENO=  73|OWNERPARTID=   0|OWNERINDEX=  65|FONTID=1|ISMIRRORED=T|LOCATION.X=990|LOCATION.Y=260|NAME=Comment|TEXT=SMA|UNIQUEID=EMQNEIVC|
RECORD=44|LINENO=  74|OWNERPARTID= -42|OWNERINDEX=  65|
RECORD=45|LINENO=  75|OWNERPARTID= -42|OWNERINDEX=  74|DATAFILECOUNT=1|MODELDATAFILEENTITY0=SMA_COMBO_A_NF|MODELDATAFILEKIND0=PCBLib|MODELNAME=SMA_COMBO_A_NF|MODELTYPE=PCBLIB|UNIQUEID=QXFGDPAQ|
RECORD=46|LINENO=  76|OWNERPARTID= -42|OWNERINDEX=  75|
RECORD=48|LINENO=  77|OWNERPARTID= -42|OWNERINDEX=  75|
RECORD=45|LINENO=  78|OWNERPARTID= -42|OWNERINDEX=  74|DATAFILECOUNT=1|MODELDATAFILEENTITY0=SMA_COMBO_B_NF|MODELDATAFILEKIND0=PCBLib|MODELNAME=SMA_COMBO_B_NF|MODELTYPE=PCBLIB|UNIQUEID=VVTGFNCW|
RECORD=46|LINENO=  79|OWNERPARTID= -42|OWNERINDEX=  78|
RECORD=48|LINENO=  80|OWNERPARTID= -42|OWNERINDEX=  78|
RECORD=45|LINENO=  81|OWNERPARTID= -42|OWNERINDEX=  74|DATAFILECOUNT=1|MODELDATAFILEENTITY0=SMA_NF|MODELDATAFILEKIND0=PCBLib|MODELNAME=SMA_NF|MODELTYPE=PCBLIB|UNIQUEID=QVSVATVA|
RECORD=46|LINENO=  82|OWNERPARTID= -42|OWNERINDEX=  81|
RECORD=48|LINENO=  83|OWNERPARTID= -42|OWNERINDEX=  81|
RECORD=45|LINENO=  84|OWNERPARTID= -42|OWNERINDEX=  74|DATAFILECOUNT=1|MODELDATAFILEENTITY0=SMA_T|MODELDATAFILEKIND0=PCBLib|MODELNAME=SMA_T|MODELTYPE=PCBLIB|UNIQUEID=ESWYOFAL|
RECORD=46|LINENO=  85|OWNERPARTID= -42|OWNERINDEX=  84|
RECORD=48|LINENO=  86|OWNERPARTID= -42|OWNERINDEX=  84|
RECORD=45|LINENO=  87|OWNERPARTID= -42|OWNERINDEX=  74|DATAFILECOUNT=1|MODELDATAFILEENTITY0=SMA_V|MODELDATAFILEKIND0=PCBLib|MODELNAME=SMA_V|MODELTYPE=PCBLIB|UNIQUEID=IFLQDXAS|
RECORD=46|LINENO=  88|OWNERPARTID= -42|OWNERINDEX=  87|
RECORD=48|LINENO=  89|OWNERPARTID= -42|OWNERINDEX=  87|
RECORD=45|LINENO=  90|OWNERPARTID= -42|OWNERINDEX=  74|DATAFILECOUNT=1|MODELDATAFILEENTITY0=SMA_T_6.35_NF|MODELDATAFILEKIND0=PCBLib|MODELNAME=SMA_T_6.35_NF|MODELTYPE=PCBLIB|UNIQUEID=XPQLEIXB|
RECORD=46|LINENO=  91|OWNERPARTID= -42|OWNERINDEX=  90|
RECORD=48|LINENO=  92|OWNERPARTID= -42|OWNERINDEX=  90|
RECORD=45|LINENO=  93|OWNERPARTID= -42|OWNERINDEX=  74|DATAFILECOUNT=1|ISCURRENT=T|MODELDATAFILEENTITY0=SMA_T_9.52_NF|MODELDATAFILEKIND0=PCBLib|MODELNAME=SMA_T_9.52_NF|MODELTYPE=PCBLIB|UNIQUEID=IHUQPYEW|
RECORD=46|LINENO=  94|OWNERPARTID= -42|OWNERINDEX=  93|
RECORD=48|LINENO=  95|OWNERPARTID= -42|OWNERINDEX=  93|
RECORD=45|LINENO=  96|OWNERPARTID= -42|OWNERINDEX=  74|DATAFILECOUNT=1|MODELDATAFILEENTITY0=SMA_T_9.52|MODELDATAFILEKIND0=PCBLib|MODELNAME=SMA_T_9.52|MODELTYPE=PCBLIB|UNIQUEID=GBSFXIKX|
RECORD=46|LINENO=  97|OWNERPARTID= -42|OWNERINDEX=  96|
RECORD=48|LINENO=  98|OWNERPARTID= -42|OWNERINDEX=  96|
RECORD=25|LINENO=  99|OWNERPARTID=   0|OWNERINDEX= -42|FONTID=1|LOCATION.X=950|LOCATION.Y=460|TEXT=ANT|UNIQUEID=LRGXNXYY|
RECORD= 4|LINENO= 100|OWNERPARTID=   0|OWNERINDEX= -42|FONTID=3|LOCATION.X=620|LOCATION.Y=490|TEXT=RF switch|
RECORD= 4|LINENO= 101|OWNERPARTID=   0|OWNERINDEX= -42|FONTID=3|LOCATION.X=730|LOCATION.Y=490|TEXT=Antenna Matching Network|
RECORD=14|LINENO= 102|OWNERPARTID=   0|OWNERINDEX= -42|AREACOLOR=16777215|CORNER.X=1020|CORNER.Y=540|ISSOLID=T|LOCATION.X=940|LOCATION.Y=400|TRANSPARENT=T|
RECORD=14|LINENO= 103|OWNERPARTID=   0|OWNERINDEX= -42|AREACOLOR=16777215|CORNER.X=1020|CORNER.Y=320|ISSOLID=T|LOCATION.X=940|LOCATION.Y=230|TRANSPARENT=T|
RECORD= 4|LINENO= 104|OWNERPARTID=   0|OWNERINDEX= -42|FONTID=3|LOCATION.X=942|LOCATION.Y=564|TEXT=Meander Antenna|
RECORD= 4|LINENO= 105|OWNERPARTID=   0|OWNERINDEX= -42|FONTID=3|LOCATION.X=942|LOCATION.Y=554|TEXT=2.4GHz|
RECORD= 4|LINENO= 106|OWNERPARTID=   0|OWNERINDEX= -42|FONTID=3|LOCATION.X=942|LOCATION.Y=544|TEXT=(see AN3359 on www.st.com)|
RECORD= 4|LINENO= 107|OWNERPARTID=   0|OWNERINDEX= -42|FONTID=3|LOCATION.X=958|LOCATION.Y=425|TEXT=PCB Antenna|
RECORD= 4|LINENO= 108|OWNERPARTID=   0|OWNERINDEX= -42|FONTID=3|LOCATION.X=940|LOCATION.Y=220|TEXT=To connect 50ohms Antenna|
RECORD= 4|LINENO= 109|OWNERPARTID=   0|OWNERINDEX= -42|FONTID=3|LOCATION.X=980|LOCATION.Y=210|TEXT=or|
RECORD= 4|LINENO= 110|OWNERPARTID=   0|OWNERINDEX= -42|FONTID=3|LOCATION.X=940|LOCATION.Y=200|TEXT=To connect 50ohms Instrument|
RECORD= 4|LINENO= 111|OWNERPARTID=   0|OWNERINDEX= -42|FONTID=3|LOCATION.X=600|LOCATION.Y=210|TEXT=(Cx populated and Cy not fitted)|
RECORD= 4|LINENO= 112|OWNERPARTID=   0|OWNERINDEX= -42|FONTID=3|LOCATION.X=610|LOCATION.Y=220|TEXT=Default value PCB Antenna|
RECORD=17|LINENO= 113|OWNERPARTID=   0|OWNERINDEX= -42|FONTID=2|LOCATION.X=740|LOCATION.Y=250|ORIENTATION=3|SHOWNETNAME=T|STYLE=1|TEXT=GND|UNIQUEID=EDDXSXNQ|
RECORD=17|LINENO= 114|OWNERPARTID=   0|OWNERINDEX= -42|FONTID=2|LOCATION.X=820|LOCATION.Y=250|ORIENTATION=3|SHOWNETNAME=T|STYLE=1|TEXT=GND|UNIQUEID=TTYDYWDV|
RECORD= 4|LINENO= 115|OWNERPARTID=   0|OWNERINDEX= -42|FONTID=3|LOCATION.X=717|LOCATION.Y=332|TEXT=Antenna Matching Network (for SMA Antenna)|
RECORD=14|LINENO= 116|OWNERPARTID=   0|OWNERINDEX= -42|AREACOLOR=16777215|CORNER.X=860|CORNER.Y=310|ISSOLID=T|LOCATION.X=720|LOCATION.Y=220|TRANSPARENT=T|
RECORD= 4|LINENO= 117|OWNERPARTID=   0|OWNERINDEX= -42|FONTID=3|LOCATION.X=717|LOCATION.Y=322|TEXT=Filter (for Eval/debug)|
RECORD= 4|LINENO= 118|OWNERPARTID=   0|OWNERINDEX= -42|FONTID=3|LOCATION.X=717|LOCATION.Y=312|TEXT=Patch trought (for Direct Connection)|
RECORD=17|LINENO= 119|OWNERPARTID=   0|OWNERINDEX= -42|FONTID=2|LOCATION.X=130|LOCATION.Y=400|ORIENTATION=3|SHOWNETNAME=T|STYLE=1|TEXT=GND|UNIQUEID=YCQALNMP|
RECORD=17|LINENO= 120|OWNERPARTID=   0|OWNERINDEX= -42|FONTID=1|LOCATION.X=90|LOCATION.Y=460|ORIENTATION=2|SHOWNETNAME=T|STYLE=1|TEXT=GND|UNIQUEID=WYWPPGGI|
RECORD=17|LINENO= 121|OWNERPARTID=   0|OWNERINDEX= -42|FONTID=1|LOCATION.X=90|LOCATION.Y=500|ORIENTATION=2|SHOWNETNAME=T|STYLE=1|TEXT=GND|UNIQUEID=EKHWJLJJ|
RECORD=17|LINENO= 122|OWNERPARTID=   0|OWNERINDEX= -42|FONTID=2|LOCATION.X=120|LOCATION.Y=570|ORIENTATION=1|SHOWNETNAME=T|STYLE=2|TEXT=VDD|UNIQUEID=QFLHYGID|
RECORD= 1|LINENO= 123|OWNERPARTID=   0|OWNERINDEX= -42|AREACOLOR=11599871|CURRENTPARTID=1|DESIGNITEMID=HEADER_1X2_L|DISPLAYMODECOUNT=1|LIBREFERENCE=HEADER_1X2_L|LOCATION.X=150|LOCATION.Y=550|PARTCOUNT=2|PARTIDLOCKED=F|SOURCELIBRARYNAME=Connector.SchLib|TARGETFILENAME=*|UNIQUEID=ICPXVJFL|
RECORD= 2|LINENO= 124|OWNERPARTID=   2|OWNERINDEX= 123|DESIGNATOR=1|ELECTRICAL=4|FORMALTYPE=1|LOCATION.X=120|LOCATION.Y=565|NAME=1|PINCONGLOMERATE=49|PINLENGTH=5|SWAPIDPIN=1|
RECORD=41|LINENO= 125|OWNERPARTID=   0|OWNERINDEX= 124|FONTID=1|ISHIDDEN=T|LOCATION.X=120|LOCATION.Y=565|NAME=PinUniqueId|TEXT=KAVNQTCT|UNIQUEID=AWJDYOBL|
RECORD= 2|LINENO= 126|OWNERPARTID=   2|OWNERINDEX= 123|DESIGNATOR=2|ELECTRICAL=4|FORMALTYPE=1|LOCATION.X=120|LOCATION.Y=545|NAME=2|PINCONGLOMERATE=51|PINLENGTH=5|SWAPIDPIN=2|
RECORD=41|LINENO= 127|OWNERPARTID=   0|OWNERINDEX= 126|FONTID=1|ISHIDDEN=T|LOCATION.X=120|LOCATION.Y=545|NAME=PinUniqueId|TEXT=HOPDTNMI|UNIQUEID=NUYINIMX|
RECORD=12|LINENO= 128|OWNERPARTID=   2|OWNERINDEX= 123|ENDANGLE=360.000|LINEWIDTH=1|LOCATION.X=120|LOCATION.Y=550|RADIUS=3|
RECORD= 6|LINENO= 129|OWNERPARTID=   2|OWNERINDEX= 123|LINEWIDTH=1|LOCATIONCOUNT=4|X1=115|X2=125|X3=125|X4=115|Y1=565|Y2=565|Y3=545|Y4=545|
RECORD= 6|LINENO= 130|OWNERPARTID=   2|OWNERINDEX= 123|LINEWIDTH=1|LOCATIONCOUNT=2|X1=120|X2=120|Y1=545|Y2=547|
RECORD= 6|LINENO= 131|OWNERPARTID=   2|OWNERINDEX= 123|LINEWIDTH=1|LOCATIONCOUNT=2|X1=115|X2=115|Y1=565|Y2=545|
RECORD= 6|LINENO= 132|OWNERPARTID=   2|OWNERINDEX= 123|LINEWIDTH=1|LOCATIONCOUNT=2|X1=120|X2=120|Y1=563|Y2=565|
RECORD=12|LINENO= 133|OWNERPARTID=   2|OWNERINDEX= 123|ENDANGLE=360.000|LINEWIDTH=1|LOCATION.X=120|LOCATION.Y=560|RADIUS=3|
RECORD= 6|LINENO= 134|OWNERPARTID=   2|OWNERINDEX= 123|LINEWIDTH=1|LOCATIONCOUNT=6|X1=117|X2=117|X3=123|X4=123|X5=117|X6=117|Y1=560|Y2=557|Y3=557|Y4=563|Y5=563|Y6=560|
RECORD=34|LINENO= 135|OWNERPARTID=   0|OWNERINDEX= 123|FONTID=1|LOCATION.X=126|LOCATION.Y=556|NAME=Designator|TEXT=JP4|UNIQUEID=ITNPXHBG|
RECORD=41|LINENO= 136|OWNERPARTID=   0|OWNERINDEX= 123|FONTID=1|LOCATION.X=126|LOCATION.Y=546|NAME=Comment|TEXT=HEADER_1X2|UNIQUEID=YWXSCEBN|
RECORD=44|LINENO= 137|OWNERPARTID= -42|OWNERINDEX= 123|
RECORD=45|LINENO= 138|OWNERPARTID= -42|OWNERINDEX= 137|DATAFILECOUNT=1|DESCRIPTION=1x2x2.54 Header TH V Female|MODELDATAFILEENTITY0=Header F 1x2x2.54 TH V|MODELDATAFILEKIND0=PCBLib|MODELNAME=Header F 1x2x2.54 TH V|MODELTYPE=PCBLIB|UNIQUEID=QYFVCFVJ|
RECORD=46|LINENO= 139|OWNERPARTID= -42|OWNERINDEX= 138|
RECORD=48|LINENO= 140|OWNERPARTID= -42|OWNERINDEX= 138|
RECORD=45|LINENO= 141|OWNERPARTID= -42|OWNERINDEX= 137|DATAFILECOUNT=1|DESCRIPTION=1x2x2.54 Header TH V Male|ISCURRENT=T|MODELDATAFILEENTITY0=Header M 1x2x2.54 TH V|MODELDATAFILEKIND0=PCBLib|MODELNAME=Header M 1x2x2.54 TH V|MODELTYPE=PCBLIB|UNIQUEID=XLKJRHWY|
RECORD=46|LINENO= 142|OWNERPARTID= -42|OWNERINDEX= 141|
RECORD=48|LINENO= 143|OWNERPARTID= -42|OWNERINDEX= 141|
RECORD=45|LINENO= 144|OWNERPARTID= -42|OWNERINDEX= 137|DATAFILECOUNT=1|DESCRIPTION=1x2x2.00 Header TH V Male height=5.5mm|MODELDATAFILEENTITY0=Header F 1x2x2.00 TH V|MODELDATAFILEKIND0=PCBLib|MODELNAME=Header F 1x2x2.00 TH V|MODELTYPE=PCBLIB|UNIQUEID=SRAYFJTR|
RECORD=46|LINENO= 145|OWNERPARTID= -42|OWNERINDEX= 144|
RECORD=48|LINENO= 146|OWNERPARTID= -42|OWNERINDEX= 144|
RECORD=45|LINENO= 147|OWNERPARTID= -42|OWNERINDEX= 137|DATAFILECOUNT=1|DESCRIPTION=1x2x2.00 Header TH V Male height=5.5mm|MODELDATAFILEENTITY0=Header F 1x2x2.00 TH V with Jumper|MODELDATAFILEKIND0=PCBLib|MODELNAME=Header F 1x2x2.00 TH V with Jumper|MODELTYPE=PCBLIB|UNIQUEID=QDWEJIQV|
RECORD=46|LINENO= 148|OWNERPARTID= -42|OWNERINDEX= 147|
RECORD=48|LINENO= 149|OWNERPARTID= -42|OWNERINDEX= 147|
RECORD=45|LINENO= 150|OWNERPARTID= -42|OWNERINDEX= 137|DATAFILECOUNT=1|DESCRIPTION=1x2x2.54 Header TH Not Fitted|MODELDATAFILEENTITY0=Header NF 1x2x2.54 TH|MODELDATAFILEKIND0=PCBLib|MODELNAME=Header NF 1x2x2.54 TH|MODELTYPE=PCBLIB|UNIQUEID=XQTGLAWP|
RECORD=46|LINENO= 151|OWNERPARTID= -42|OWNERINDEX= 150|
RECORD=48|LINENO= 152|OWNERPARTID= -42|OWNERINDEX= 150|
RECORD= 1|LINENO= 153|OWNERPARTID=   0|OWNERINDEX= -42|AREACOLOR=11599871|COMPONENTDESCRIPTION=Capacitor_not polarized|CURRENTPARTID=1|DESIGNITEMID=CAP_NPOL|DISPLAYMODECOUNT=1|LIBREFERENCE=CAP_NPOL|LOCATION.X=90|LOCATION.Y=490|ORIENTATION=1|PARTCOUNT=2|PARTIDLOCKED=F|SOURCELIBRARYNAME=ST_Lib3D.SchLib|TARGETFILENAME=*|UNIQUEID=QTKKIAVU|
RECORD= 2|LINENO= 154|OWNERPARTID=   2|OWNERINDEX= 153|%UTF8%SWAPIDPART=Â¦&Â¦|DESIGNATOR=2|ELECTRICAL=4|FORMALTYPE=1|LOCATION.X=103|LOCATION.Y=500|NAME=2|PINCONGLOMERATE=32|PINLENGTH=7|SWAPIDPART=Ž&Ž|SWAPIDPIN=2|
RECORD=41|LINENO= 155|OWNERPARTID=   0|OWNERINDEX= 154|FONTID=1|ISHIDDEN=T|LOCATION.X=103|LOCATION.Y=500|NAME=PinUniqueId|TEXT=DQERRRAR|UNIQUEID=MYMFJGIQ|
RECORD= 2|LINENO= 156|OWNERPARTID=   2|OWNERINDEX= 153|%UTF8%SWAPIDPART=Â¦&Â¦|DESIGNATOR=1|ELECTRICAL=4|FORMALTYPE=1|LOCATION.X=96|LOCATION.Y=500|NAME=1|PINCONGLOMERATE=34|PINLENGTH=6|SWAPIDPART=Ž&Ž|SWAPIDPIN=1|
RECORD=41|LINENO= 157|OWNERPARTID=   0|OWNERINDEX= 156|FONTID=1|ISHIDDEN=T|LOCATION.X=96|LOCATION.Y=500|NAME=PinUniqueId|TEXT=VAFOBIHA|UNIQUEID=RGUVBQPH|
RECORD= 6|LINENO= 158|OWNERPARTID=   2|OWNERINDEX= 153|LINEWIDTH=1|LOCATIONCOUNT=6|X1=96|X2=96|X3=98|X4=98|X5=96|X6=96|Y1=500|Y2=507|Y3=507|Y4=493|Y5=493|Y6=500|
RECORD= 6|LINENO= 159|OWNERPARTID=   2|OWNERINDEX= 153|LINEWIDTH=1|LOCATIONCOUNT=6|X1=101|X2=101|X3=103|X4=103|X5=101|X6=101|Y1=500|Y2=507|Y3=507|Y4=493|Y5=493|Y6=500|
RECORD= 6|LINENO= 160|OWNERPARTID=   2|OWNERINDEX= 153|LINEWIDTH=2|LOCATIONCOUNT=2|X1=97|X2=97|Y1=506|Y2=494|
RECORD= 6|LINENO= 161|OWNERPARTID=   2|OWNERINDEX= 153|LINEWIDTH=2|LOCATIONCOUNT=2|X1=102|X2=102|Y1=494|Y2=506|
RECORD=34|LINENO= 162|OWNERPARTID=   0|OWNERINDEX= 153|FONTID=1|LOCATION.X=90|LOCATION.Y=510|NAME=Designator|TEXT=C33|UNIQUEID=GUNNOEXX|
RECORD=41|LINENO= 163|OWNERPARTID=   0|OWNERINDEX= 153|FONTID=1|LOCATION.X=90|LOCATION.Y=480|NAME=Comment|TEXT=100nF|UNIQUEID=FCIKYIWO|
RECORD=44|LINENO= 164|OWNERPARTID= -42|OWNERINDEX= 153|
RECORD=45|LINENO= 165|OWNERPARTID= -42|OWNERINDEX= 164|DATAFILECOUNT=1|DESCRIPTION=Radial Capacitor 2steps(5.08mm) 2.5mm x 7mm|MODELDATAFILEENTITY0=CAP_RAD_5.08_2.5x7|MODELDATAFILEKIND0=PCBLib|MODELNAME=CAP_RAD_5.08_2.5x7|MODELTYPE=PCBLIB|UNIQUEID=YYSDOQOR|
RECORD=46|LINENO= 166|OWNERPARTID= -42|OWNERINDEX= 165|
RECORD=48|LINENO= 167|OWNERPARTID= -42|OWNERINDEX= 165|
RECORD=45|LINENO= 168|OWNERPARTID= -42|OWNERINDEX= 164|DATAFILECOUNT=1|DESCRIPTION=Radial Capacitor 1steps(2.54mm) 1.5mm x 4.5mm|MODELDATAFILEENTITY0=CAP_RAD_2.54_1.5x4.5|MODELDATAFILEKIND0=PCBLib|MODELNAME=CAP_RAD_2.54_1.5x4.5|MODELTYPE=PCBLIB|UNIQUEID=GNNNMIHW|
RECORD=46|LINENO= 169|OWNERPARTID= -42|OWNERINDEX= 168|
RECORD=48|LINENO= 170|OWNERPARTID= -42|OWNERINDEX= 168|
RECORD=45|LINENO= 171|OWNERPARTID= -42|OWNERINDEX= 164|DATAFILECOUNT=1|DESCRIPTION=Capacitor FootPrint 0402|ISCURRENT=T|MODELDATAFILEENTITY0=0402_CAP_NPOL|MODELDATAFILEKIND0=PCBLib|MODELNAME=0402_CAP_NPOL|MODELTYPE=PCBLIB|UNIQUEID=HYTDKNFT|
RECORD=46|LINENO= 172|OWNERPARTID= -42|OWNERINDEX= 171|
RECORD=48|LINENO= 173|OWNERPARTID= -42|OWNERINDEX= 171|
RECORD=45|LINENO= 174|OWNERPARTID= -42|OWNERINDEX= 164|DATAFILECOUNT=1|DESCRIPTION=Capacitor FootPrint 0603|MODELDATAFILEENTITY0=0603_CAP_NPOL|MODELDATAFILEKIND0=PCBLib|MODELNAME=0603_CAP_NPOL|MODELTYPE=PCBLIB|UNIQUEID=UCTYDHAG|
RECORD=46|LINENO= 175|OWNERPARTID= -42|OWNERINDEX= 174|
RECORD=48|LINENO= 176|OWNERPARTID= -42|OWNERINDEX= 174|
RECORD=45|LINENO= 177|OWNERPARTID= -42|OWNERINDEX= 164|DATAFILECOUNT=1|DESCRIPTION=Capacitor FootPrint 0805|MODELDATAFILEENTITY0=0805_CAP_NPOL|MODELDATAFILEKIND0=PCBLib|MODELNAME=0805_CAP_NPOL|MODELTYPE=PCBLIB|UNIQUEID=QMYHFUWE|
RECORD=46|LINENO= 178|OWNERPARTID= -42|OWNERINDEX= 177|
RECORD=48|LINENO= 179|OWNERPARTID= -42|OWNERINDEX= 177|
RECORD=45|LINENO= 180|OWNERPARTID= -42|OWNERINDEX= 164|DATAFILECOUNT=1|DESCRIPTION=Capacitor FootPrint 1206|MODELDATAFILEENTITY0=1206_CAP_NPOL|MODELDATAFILEKIND0=PCBLib|MODELNAME=1206_CAP_NPOL|MODELTYPE=PCBLIB|UNIQUEID=LURKONEF|
RECORD=46|LINENO= 181|OWNERPARTID= -42|OWNERINDEX= 180|
RECORD=48|LINENO= 182|OWNERPARTID= -42|OWNERINDEX= 180|
RECORD= 1|LINENO= 183|OWNERPARTID=   0|OWNERINDEX= -42|AREACOLOR=11599871|COMPONENTDESCRIPTION=Capacitor_not polarized|CURRENTPARTID=1|DESIGNITEMID=CAP_NPOL|DISPLAYMODECOUNT=1|LIBREFERENCE=CAP_NPOL|LOCATION.X=90|LOCATION.Y=450|ORIENTATION=1|PARTCOUNT=2|PARTIDLOCKED=F|SOURCELIBRARYNAME=ST_Lib3D.SchLib|TARGETFILENAME=*|UNIQUEID=NWLTAAUL|
RECORD= 2|LINENO= 184|OWNERPARTID=   2|OWNERINDEX= 183|%UTF8%SWAPIDPART=Â¦&Â¦|DESIGNATOR=2|ELECTRICAL=4|FORMALTYPE=1|LOCATION.X=103|LOCATION.Y=460|NAME=2|PINCONGLOMERATE=32|PINLENGTH=7|SWAPIDPART=Ž&Ž|SWAPIDPIN=2|
RECORD=41|LINENO= 185|OWNERPARTID=   0|OWNERINDEX= 184|FONTID=1|ISHIDDEN=T|LOCATION.X=103|LOCATION.Y=460|NAME=PinUniqueId|TEXT=AIEKLGRP|UNIQUEID=JQFXTEVJ|
RECORD= 2|LINENO= 186|OWNERPARTID=   2|OWNERINDEX= 183|%UTF8%SWAPIDPART=Â¦&Â¦|DESIGNATOR=1|ELECTRICAL=4|FORMALTYPE=1|LOCATION.X=96|LOCATION.Y=460|NAME=1|PINCONGLOMERATE=34|PINLENGTH=6|SWAPIDPART=Ž&Ž|SWAPIDPIN=1|
RECORD=41|LINENO= 187|OWNERPARTID=   0|OWNERINDEX= 186|FONTID=1|ISHIDDEN=T|LOCATION.X=96|LOCATION.Y=460|NAME=PinUniqueId|TEXT=FWYKXXJS|UNIQUEID=GMLVGVPU|
RECORD= 6|LINENO= 188|OWNERPARTID=   2|OWNERINDEX= 183|LINEWIDTH=1|LOCATIONCOUNT=6|X1=96|X2=96|X3=98|X4=98|X5=96|X6=96|Y1=460|Y2=467|Y3=467|Y4=453|Y5=453|Y6=460|
RECORD= 6|LINENO= 189|OWNERPARTID=   2|OWNERINDEX= 183|LINEWIDTH=1|LOCATIONCOUNT=6|X1=101|X2=101|X3=103|X4=103|X5=101|X6=101|Y1=460|Y2=467|Y3=467|Y4=453|Y5=453|Y6=460|
RECORD= 6|LINENO= 190|OWNERPARTID=   2|OWNERINDEX= 183|LINEWIDTH=2|LOCATIONCOUNT=2|X1=97|X2=97|Y1=466|Y2=454|
RECORD= 6|LINENO= 191|OWNERPARTID=   2|OWNERINDEX= 183|LINEWIDTH=2|LOCATIONCOUNT=2|X1=102|X2=102|Y1=454|Y2=466|
RECORD=34|LINENO= 192|OWNERPARTID=   0|OWNERINDEX= 183|FONTID=1|LOCATION.X=90|LOCATION.Y=470|NAME=Designator|TEXT=C34|UNIQUEID=JEFGPMAX|
RECORD=41|LINENO= 193|OWNERPARTID=   0|OWNERINDEX= 183|FONTID=1|LOCATION.X=90|LOCATION.Y=440|NAME=Comment|TEXT=100pF|UNIQUEID=JQASLVPV|
RECORD=44|LINENO= 194|OWNERPARTID= -42|OWNERINDEX= 183|
RECORD=45|LINENO= 195|OWNERPARTID= -42|OWNERINDEX= 194|DATAFILECOUNT=1|DESCRIPTION=Radial Capacitor 2steps(5.08mm) 2.5mm x 7mm|MODELDATAFILEENTITY0=CAP_RAD_5.08_2.5x7|MODELDATAFILEKIND0=PCBLib|MODELNAME=CAP_RAD_5.08_2.5x7|MODELTYPE=PCBLIB|UNIQUEID=JJVUXETH|
RECORD=46|LINENO= 196|OWNERPARTID= -42|OWNERINDEX= 195|
RECORD=48|LINENO= 197|OWNERPARTID= -42|OWNERINDEX= 195|
RECORD=45|LINENO= 198|OWNERPARTID= -42|OWNERINDEX= 194|DATAFILECOUNT=1|DESCRIPTION=Radial Capacitor 1steps(2.54mm) 1.5mm x 4.5mm|MODELDATAFILEENTITY0=CAP_RAD_2.54_1.5x4.5|MODELDATAFILEKIND0=PCBLib|MODELNAME=CAP_RAD_2.54_1.5x4.5|MODELTYPE=PCBLIB|UNIQUEID=HWAJLQNK|
RECORD=46|LINENO= 199|OWNERPARTID= -42|OWNERINDEX= 198|
RECORD=48|LINENO= 200|OWNERPARTID= -42|OWNERINDEX= 198|
RECORD=45|LINENO= 201|OWNERPARTID= -42|OWNERINDEX= 194|DATAFILECOUNT=1|DESCRIPTION=Capacitor FootPrint 0402|ISCURRENT=T|MODELDATAFILEENTITY0=0402_CAP_NPOL|MODELDATAFILEKIND0=PCBLib|MODELNAME=0402_CAP_NPOL|MODELTYPE=PCBLIB|UNIQUEID=OLHBCRNJ|
RECORD=46|LINENO= 202|OWNERPARTID= -42|OWNERINDEX= 201|
RECORD=48|LINENO= 203|OWNERPARTID= -42|OWNERINDEX= 201|
RECORD=45|LINENO= 204|OWNERPARTID= -42|OWNERINDEX= 194|DATAFILECOUNT=1|DESCRIPTION=Capacitor FootPrint 0603|MODELDATAFILEENTITY0=0603_CAP_NPOL|MODELDATAFILEKIND0=PCBLib|MODELNAME=0603_CAP_NPOL|MODELTYPE=PCBLIB|UNIQUEID=SQSHOKND|
RECORD=46|LINENO= 205|OWNERPARTID= -42|OWNERINDEX= 204|
RECORD=48|LINENO= 206|OWNERPARTID= -42|OWNERINDEX= 204|
RECORD=45|LINENO= 207|OWNERPARTID= -42|OWNERINDEX= 194|DATAFILECOUNT=1|DESCRIPTION=Capacitor FootPrint 0805|MODELDATAFILEENTITY0=0805_CAP_NPOL|MODELDATAFILEKIND0=PCBLib|MODELNAME=0805_CAP_NPOL|MODELTYPE=PCBLIB|UNIQUEID=LTJCHAXP|
RECORD=46|LINENO= 208|OWNERPARTID= -42|OWNERINDEX= 207|
RECORD=48|LINENO= 209|OWNERPARTID= -42|OWNERINDEX= 207|
RECORD=45|LINENO= 210|OWNERPARTID= -42|OWNERINDEX= 194|DATAFILECOUNT=1|DESCRIPTION=Capacitor FootPrint 1206|MODELDATAFILEENTITY0=1206_CAP_NPOL|MODELDATAFILEKIND0=PCBLib|MODELNAME=1206_CAP_NPOL|MODELTYPE=PCBLIB|UNIQUEID=SFUVVWLP|
RECORD=46|LINENO= 211|OWNERPARTID= -42|OWNERINDEX= 210|
RECORD=48|LINENO= 212|OWNERPARTID= -42|OWNERINDEX= 210|
RECORD= 1|LINENO= 213|OWNERPARTID=   0|OWNERINDEX= -42|AREACOLOR=11599871|COMPONENTDESCRIPTION=Capacitor_not polarized|CURRENTPARTID=1|DESIGNITEMID=CAP_NPOL|DISPLAYMODECOUNT=1|LIBREFERENCE=CAP_NPOL|LOCATION.X=630|LOCATION.Y=450|ORIENTATION=1|PARTCOUNT=2|PARTIDLOCKED=F|SOURCELIBRARYNAME=ST_Lib3D.SchLib|TARGETFILENAME=*|UNIQUEID=FVTSOJGS|
RECORD= 2|LINENO= 214|OWNERPARTID=   2|OWNERINDEX= 213|%UTF8%SWAPIDPART=Â¦&Â¦|DESIGNATOR=2|ELECTRICAL=4|FORMALTYPE=1|LOCATION.X=643|LOCATION.Y=460|NAME=2|PINCONGLOMERATE=32|PINLENGTH=7|SWAPIDPART=Ž&Ž|SWAPIDPIN=2|
RECORD=41|LINENO= 215|OWNERPARTID=   0|OWNERINDEX= 214|FONTID=1|ISHIDDEN=T|LOCATION.X=643|LOCATION.Y=460|NAME=PinUniqueId|TEXT=QSLYETAI|UNIQUEID=MNBYLJKY|
RECORD= 2|LINENO= 216|OWNERPARTID=   2|OWNERINDEX= 213|%UTF8%SWAPIDPART=Â¦&Â¦|DESIGNATOR=1|ELECTRICAL=4|FORMALTYPE=1|LOCATION.X=636|LOCATION.Y=460|NAME=1|PINCONGLOMERATE=34|PINLENGTH=6|SWAPIDPART=Ž&Ž|SWAPIDPIN=1|
RECORD=41|LINENO= 217|OWNERPARTID=   0|OWNERINDEX= 216|FONTID=1|ISHIDDEN=T|LOCATION.X=636|LOCATION.Y=460|NAME=PinUniqueId|TEXT=EBCLJNBW|UNIQUEID=VRQENHHX|
RECORD= 6|LINENO= 218|OWNERPARTID=   2|OWNERINDEX= 213|LINEWIDTH=1|LOCATIONCOUNT=6|X1=636|X2=636|X3=638|X4=638|X5=636|X6=636|Y1=460|Y2=467|Y3=467|Y4=453|Y5=453|Y6=460|
RECORD= 6|LINENO= 219|OWNERPARTID=   2|OWNERINDEX= 213|LINEWIDTH=1|LOCATIONCOUNT=6|X1=641|X2=641|X3=643|X4=643|X5=641|X6=641|Y1=460|Y2=467|Y3=467|Y4=453|Y5=453|Y6=460|
RECORD= 6|LINENO= 220|OWNERPARTID=   2|OWNERINDEX= 213|LINEWIDTH=2|LOCATIONCOUNT=2|X1=637|X2=637|Y1=466|Y2=454|
RECORD= 6|LINENO= 221|OWNERPARTID=   2|OWNERINDEX= 213|LINEWIDTH=2|LOCATIONCOUNT=2|X1=642|X2=642|Y1=454|Y2=466|
RECORD=41|LINENO= 222|OWNERPARTID=   0|OWNERINDEX= 213|FONTID=1|ISHIDDEN=T|LOCATION.X=628|LOCATION.Y=430|NAME=Ref|TEXT=Murata GRM155R71H103KA88|UNIQUEID=BNCWWQGB|
RECORD=34|LINENO= 223|OWNERPARTID=   0|OWNERINDEX= 213|FONTID=1|LOCATION.X=630|LOCATION.Y=470|NAME=Designator|TEXT=C35|UNIQUEID=FBJUPRQU|
RECORD=41|LINENO= 224|OWNERPARTID=   0|OWNERINDEX= 213|FONTID=1|LOCATION.X=630|LOCATION.Y=440|NAME=Comment|TEXT=10nF|UNIQUEID=FGORSRXQ|
RECORD=44|LINENO= 225|OWNERPARTID= -42|OWNERINDEX= 213|
RECORD=45|LINENO= 226|OWNERPARTID= -42|OWNERINDEX= 225|DATAFILECOUNT=1|DESCRIPTION=Radial Capacitor 2steps(5.08mm) 2.5mm x 7mm|MODELDATAFILEENTITY0=CAP_RAD_5.08_2.5x7|MODELDATAFILEKIND0=PCBLib|MODELNAME=CAP_RAD_5.08_2.5x7|MODELTYPE=PCBLIB|UNIQUEID=OOGDFNVE|
RECORD=46|LINENO= 227|OWNERPARTID= -42|OWNERINDEX= 226|
RECORD=48|LINENO= 228|OWNERPARTID= -42|OWNERINDEX= 226|
RECORD=45|LINENO= 229|OWNERPARTID= -42|OWNERINDEX= 225|DATAFILECOUNT=1|DESCRIPTION=Radial Capacitor 1steps(2.54mm) 1.5mm x 4.5mm|MODELDATAFILEENTITY0=CAP_RAD_2.54_1.5x4.5|MODELDATAFILEKIND0=PCBLib|MODELNAME=CAP_RAD_2.54_1.5x4.5|MODELTYPE=PCBLIB|UNIQUEID=WRWOOCFD|
RECORD=46|LINENO= 230|OWNERPARTID= -42|OWNERINDEX= 229|
RECORD=48|LINENO= 231|OWNERPARTID= -42|OWNERINDEX= 229|
RECORD=45|LINENO= 232|OWNERPARTID= -42|OWNERINDEX= 225|DATAFILECOUNT=1|DESCRIPTION=Capacitor FootPrint 0402|ISCURRENT=T|MODELDATAFILEENTITY0=0402_CAP_NPOL|MODELDATAFILEKIND0=PCBLib|MODELNAME=0402_CAP_NPOL|MODELTYPE=PCBLIB|UNIQUEID=WIVKGDUM|
RECORD=46|LINENO= 233|OWNERPARTID= -42|OWNERINDEX= 232|
RECORD=48|LINENO= 234|OWNERPARTID= -42|OWNERINDEX= 232|
RECORD=45|LINENO= 235|OWNERPARTID= -42|OWNERINDEX= 225|DATAFILECOUNT=1|DESCRIPTION=Capacitor FootPrint 0603|MODELDATAFILEENTITY0=0603_CAP_NPOL|MODELDATAFILEKIND0=PCBLib|MODELNAME=0603_CAP_NPOL|MODELTYPE=PCBLIB|UNIQUEID=EEXMDCHD|
RECORD=46|LINENO= 236|OWNERPARTID= -42|OWNERINDEX= 235|
RECORD=48|LINENO= 237|OWNERPARTID= -42|OWNERINDEX= 235|
RECORD=45|LINENO= 238|OWNERPARTID= -42|OWNERINDEX= 225|DATAFILECOUNT=1|DESCRIPTION=Capacitor FootPrint 0805|MODELDATAFILEENTITY0=0805_CAP_NPOL|MODELDATAFILEKIND0=PCBLib|MODELNAME=0805_CAP_NPOL|MODELTYPE=PCBLIB|UNIQUEID=ABKXHLRG|
RECORD=46|LINENO= 239|OWNERPARTID= -42|OWNERINDEX= 238|
RECORD=48|LINENO= 240|OWNERPARTID= -42|OWNERINDEX= 238|
RECORD=45|LINENO= 241|OWNERPARTID= -42|OWNERINDEX= 225|DATAFILECOUNT=1|DESCRIPTION=Capacitor FootPrint 1206|MODELDATAFILEENTITY0=1206_CAP_NPOL|MODELDATAFILEKIND0=PCBLib|MODELNAME=1206_CAP_NPOL|MODELTYPE=PCBLIB|UNIQUEID=FXKAIGAO|
RECORD=46|LINENO= 242|OWNERPARTID= -42|OWNERINDEX= 241|
RECORD=48|LINENO= 243|OWNERPARTID= -42|OWNERINDEX= 241|
RECORD= 1|LINENO= 244|OWNERPARTID=   0|OWNERINDEX= -42|AREACOLOR=11599871|COMPONENTDESCRIPTION=Capacitor_not polarized|CURRENTPARTID=1|DESIGNITEMID=CAP_NPOL|DISPLAYMODECOUNT=1|LIBREFERENCE=CAP_NPOL|LOCATION.X=630|LOCATION.Y=270|ORIENTATION=1|PARTCOUNT=2|PARTIDLOCKED=F|SOURCELIBRARYNAME=ST_Lib3D.SchLib|TARGETFILENAME=*|UNIQUEID=GWTMUKTV|
RECORD= 2|LINENO= 245|OWNERPARTID=   2|OWNERINDEX= 244|%UTF8%SWAPIDPART=Â¦&Â¦|DESIGNATOR=2|ELECTRICAL=4|FORMALTYPE=1|LOCATION.X=643|LOCATION.Y=280|NAME=2|PINCONGLOMERATE=32|PINLENGTH=7|SWAPIDPART=Ž&Ž|SWAPIDPIN=2|
RECORD=41|LINENO= 246|OWNERPARTID=   0|OWNERINDEX= 245|FONTID=1|ISHIDDEN=T|LOCATION.X=643|LOCATION.Y=280|NAME=PinUniqueId|TEXT=MVWUDLMW|UNIQUEID=XYKAUEEF|
RECORD= 2|LINENO= 247|OWNERPARTID=   2|OWNERINDEX= 244|%UTF8%SWAPIDPART=Â¦&Â¦|DESIGNATOR=1|ELECTRICAL=4|FORMALTYPE=1|LOCATION.X=636|LOCATION.Y=280|NAME=1|PINCONGLOMERATE=34|PINLENGTH=6|SWAPIDPART=Ž&Ž|SWAPIDPIN=1|
RECORD=41|LINENO= 248|OWNERPARTID=   0|OWNERINDEX= 247|FONTID=1|ISHIDDEN=T|LOCATION.X=636|LOCATION.Y=280|NAME=PinUniqueId|TEXT=MXTTPWLR|UNIQUEID=IPKSWPKH|
RECORD= 6|LINENO= 249|OWNERPARTID=   2|OWNERINDEX= 244|LINEWIDTH=1|LOCATIONCOUNT=6|X1=636|X2=636|X3=638|X4=638|X5=636|X6=636|Y1=280|Y2=287|Y3=287|Y4=273|Y5=273|Y6=280|
RECORD= 6|LINENO= 250|OWNERPARTID=   2|OWNERINDEX= 244|LINEWIDTH=1|LOCATIONCOUNT=6|X1=641|X2=641|X3=643|X4=643|X5=641|X6=641|Y1=280|Y2=287|Y3=287|Y4=273|Y5=273|Y6=280|
RECORD= 6|LINENO= 251|OWNERPARTID=   2|OWNERINDEX= 244|LINEWIDTH=2|LOCATIONCOUNT=2|X1=637|X2=637|Y1=286|Y2=274|
RECORD= 6|LINENO= 252|OWNERPARTID=   2|OWNERINDEX= 244|LINEWIDTH=2|LOCATIONCOUNT=2|X1=642|X2=642|Y1=274|Y2=286|
RECORD=41|LINENO= 253|OWNERPARTID=   0|OWNERINDEX= 244|FONTID=1|LOCATION.X=630|LOCATION.Y=260|NAME=Fitted|TEXT=Not Fitted|UNIQUEID=OAQCIPFK|
RECORD=34|LINENO= 254|OWNERPARTID=   0|OWNERINDEX= 244|FONTID=1|LOCATION.X=630|LOCATION.Y=290|NAME=Designator|TEXT=C38|UNIQUEID=OMPWRHSU|
RECORD=41|LINENO= 255|OWNERPARTID=   0|OWNERINDEX= 244|FONTID=1|ISHIDDEN=T|LOCATION.X=630|LOCATION.Y=260|NAME=Comment|UNIQUEID=IVDKQLBD|
RECORD=44|LINENO= 256|OWNERPARTID= -42|OWNERINDEX= 244|
RECORD=45|LINENO= 257|OWNERPARTID= -42|OWNERINDEX= 256|DATAFILECOUNT=1|DESCRIPTION=Radial Capacitor 2steps(5.08mm) 2.5mm x 7mm|MODELDATAFILEENTITY0=CAP_RAD_5.08_2.5x7|MODELDATAFILEKIND0=PCBLib|MODELNAME=CAP_RAD_5.08_2.5x7|MODELTYPE=PCBLIB|UNIQUEID=MOUTLHUR|
RECORD=46|LINENO= 258|OWNERPARTID= -42|OWNERINDEX= 257|
RECORD=48|LINENO= 259|OWNERPARTID= -42|OWNERINDEX= 257|
RECORD=45|LINENO= 260|OWNERPARTID= -42|OWNERINDEX= 256|DATAFILECOUNT=1|DESCRIPTION=Radial Capacitor 1steps(2.54mm) 1.5mm x 4.5mm|MODELDATAFILEENTITY0=CAP_RAD_2.54_1.5x4.5|MODELDATAFILEKIND0=PCBLib|MODELNAME=CAP_RAD_2.54_1.5x4.5|MODELTYPE=PCBLIB|UNIQUEID=VYBDVCTL|
RECORD=46|LINENO= 261|OWNERPARTID= -42|OWNERINDEX= 260|
RECORD=48|LINENO= 262|OWNERPARTID= -42|OWNERINDEX= 260|
RECORD=45|LINENO= 263|OWNERPARTID= -42|OWNERINDEX= 256|DATAFILECOUNT=1|DESCRIPTION=Capacitor FootPrint 0402|ISCURRENT=T|MODELDATAFILEENTITY0=0402_CAP_NPOL|MODELDATAFILEKIND0=PCBLib|MODELNAME=0402_CAP_NPOL|MODELTYPE=PCBLIB|UNIQUEID=MFVFQKAF|
RECORD=46|LINENO= 264|OWNERPARTID= -42|OWNERINDEX= 263|
RECORD=48|LINENO= 265|OWNERPARTID= -42|OWNERINDEX= 263|
RECORD=45|LINENO= 266|OWNERPARTID= -42|OWNERINDEX= 256|DATAFILECOUNT=1|DESCRIPTION=Capacitor FootPrint 0603|MODELDATAFILEENTITY0=0603_CAP_NPOL|MODELDATAFILEKIND0=PCBLib|MODELNAME=0603_CAP_NPOL|MODELTYPE=PCBLIB|UNIQUEID=OCEUJCEF|
RECORD=46|LINENO= 267|OWNERPARTID= -42|OWNERINDEX= 266|
RECORD=48|LINENO= 268|OWNERPARTID= -42|OWNERINDEX= 266|
RECORD=45|LINENO= 269|OWNERPARTID= -42|OWNERINDEX= 256|DATAFILECOUNT=1|DESCRIPTION=Capacitor FootPrint 0805|MODELDATAFILEENTITY0=0805_CAP_NPOL|MODELDATAFILEKIND0=PCBLib|MODELNAME=0805_CAP_NPOL|MODELTYPE=PCBLIB|UNIQUEID=VAIBTCNS|
RECORD=46|LINENO= 270|OWNERPARTID= -42|OWNERINDEX= 269|
RECORD=48|LINENO= 271|OWNERPARTID= -42|OWNERINDEX= 269|
RECORD=45|LINENO= 272|OWNERPARTID= -42|OWNERINDEX= 256|DATAFILECOUNT=1|DESCRIPTION=Capacitor FootPrint 1206|MODELDATAFILEENTITY0=1206_CAP_NPOL|MODELDATAFILEKIND0=PCBLib|MODELNAME=1206_CAP_NPOL|MODELTYPE=PCBLIB|UNIQUEID=KFGCAAOF|
RECORD=46|LINENO= 273|OWNERPARTID= -42|OWNERINDEX= 272|
RECORD=48|LINENO= 274|OWNERPARTID= -42|OWNERINDEX= 272|
RECORD= 1|LINENO= 275|OWNERPARTID=   0|OWNERINDEX= -42|AREACOLOR=11599871|COMPONENTDESCRIPTION=Capacitor_not polarized|CURRENTPARTID=1|DESIGNITEMID=CAP_NPOL|DISPLAYMODECOUNT=1|LIBREFERENCE=CAP_NPOL|LOCATION.X=730|LOCATION.Y=450|PARTCOUNT=2|PARTIDLOCKED=F|SOURCELIBRARYNAME=ST_Lib3D.SchLib|TARGETFILENAME=*|UNIQUEID=PRXPWMEB|
RECORD= 2|LINENO= 276|OWNERPARTID=   2|OWNERINDEX= 275|%UTF8%SWAPIDPART=Â¦&Â¦|DESIGNATOR=2|ELECTRICAL=4|FORMALTYPE=1|LOCATION.X=740|LOCATION.Y=437|NAME=2|PINCONGLOMERATE=35|PINLENGTH=7|SWAPIDPART=Ž&Ž|SWAPIDPIN=2|
RECORD=41|LINENO= 277|OWNERPARTID=   0|OWNERINDEX= 276|FONTID=1|ISHIDDEN=T|LOCATION.X=740|LOCATION.Y=437|NAME=PinUniqueId|TEXT=LOLAJPIF|UNIQUEID=CTGBNPHL|
RECORD= 2|LINENO= 278|OWNERPARTID=   2|OWNERINDEX= 275|%UTF8%SWAPIDPART=Â¦&Â¦|DESIGNATOR=1|ELECTRICAL=4|FORMALTYPE=1|LOCATION.X=740|LOCATION.Y=444|NAME=1|PINCONGLOMERATE=33|PINLENGTH=6|SWAPIDPART=Ž&Ž|SWAPIDPIN=1|
RECORD=41|LINENO= 279|OWNERPARTID=   0|OWNERINDEX= 278|FONTID=1|ISHIDDEN=T|LOCATION.X=740|LOCATION.Y=444|NAME=PinUniqueId|TEXT=RLMCEYKX|UNIQUEID=XIMUBPPR|
RECORD= 6|LINENO= 280|OWNERPARTID=   2|OWNERINDEX= 275|LINEWIDTH=1|LOCATIONCOUNT=6|X1=740|X2=747|X3=747|X4=733|X5=733|X6=740|Y1=444|Y2=444|Y3=442|Y4=442|Y5=444|Y6=444|
RECORD= 6|LINENO= 281|OWNERPARTID=   2|OWNERINDEX= 275|LINEWIDTH=1|LOCATIONCOUNT=6|X1=740|X2=747|X3=747|X4=733|X5=733|X6=740|Y1=439|Y2=439|Y3=437|Y4=437|Y5=439|Y6=439|
RECORD= 6|LINENO= 282|OWNERPARTID=   2|OWNERINDEX= 275|LINEWIDTH=2|LOCATIONCOUNT=2|X1=746|X2=734|Y1=443|Y2=443|
RECORD= 6|LINENO= 283|OWNERPARTID=   2|OWNERINDEX= 275|LINEWIDTH=2|LOCATIONCOUNT=2|X1=734|X2=746|Y1=438|Y2=438|
RECORD=41|LINENO= 284|OWNERPARTID=   0|OWNERINDEX= 275|FONTID=1|LOCATION.X=745|LOCATION.Y=425|NAME=Fitted|TEXT=Not Fitted|UNIQUEID=SDULMYIK|
RECORD=34|LINENO= 285|OWNERPARTID=   0|OWNERINDEX= 275|FONTID=1|LOCATION.X=749|LOCATION.Y=436|NAME=Designator|TEXT=C36|UNIQUEID=QUFBDPNS|
RECORD=41|LINENO= 286|OWNERPARTID=   0|OWNERINDEX= 275|FONTID=1|ISHIDDEN=T|LOCATION.X=731|LOCATION.Y=452|NAME=Comment|UNIQUEID=XFRQHGCW|
RECORD=44|LINENO= 287|OWNERPARTID= -42|OWNERINDEX= 275|
RECORD=45|LINENO= 288|OWNERPARTID= -42|OWNERINDEX= 287|DATAFILECOUNT=1|DESCRIPTION=Radial Capacitor 2steps(5.08mm) 2.5mm x 7mm|MODELDATAFILEENTITY0=CAP_RAD_5.08_2.5x7|MODELDATAFILEKIND0=PCBLib|MODELNAME=CAP_RAD_5.08_2.5x7|MODELTYPE=PCBLIB|UNIQUEID=NNHCGUPP|
RECORD=46|LINENO= 289|OWNERPARTID= -42|OWNERINDEX= 288|
RECORD=48|LINENO= 290|OWNERPARTID= -42|OWNERINDEX= 288|
RECORD=45|LINENO= 291|OWNERPARTID= -42|OWNERINDEX= 287|DATAFILECOUNT=1|DESCRIPTION=Radial Capacitor 1steps(2.54mm) 1.5mm x 4.5mm|MODELDATAFILEENTITY0=CAP_RAD_2.54_1.5x4.5|MODELDATAFILEKIND0=PCBLib|MODELNAME=CAP_RAD_2.54_1.5x4.5|MODELTYPE=PCBLIB|UNIQUEID=CKWWRQRN|
RECORD=46|LINENO= 292|OWNERPARTID= -42|OWNERINDEX= 291|
RECORD=48|LINENO= 293|OWNERPARTID= -42|OWNERINDEX= 291|
RECORD=45|LINENO= 294|OWNERPARTID= -42|OWNERINDEX= 287|DATAFILECOUNT=1|DESCRIPTION=Capacitor FootPrint 0402|ISCURRENT=T|MODELDATAFILEENTITY0=0402_CAP_NPOL|MODELDATAFILEKIND0=PCBLib|MODELNAME=0402_CAP_NPOL|MODELTYPE=PCBLIB|UNIQUEID=OCMECDFC|
RECORD=46|LINENO= 295|OWNERPARTID= -42|OWNERINDEX= 294|
RECORD=48|LINENO= 296|OWNERPARTID= -42|OWNERINDEX= 294|
RECORD=45|LINENO= 297|OWNERPARTID= -42|OWNERINDEX= 287|DATAFILECOUNT=1|DESCRIPTION=Capacitor FootPrint 0603|MODELDATAFILEENTITY0=0603_CAP_NPOL|MODELDATAFILEKIND0=PCBLib|MODELNAME=0603_CAP_NPOL|MODELTYPE=PCBLIB|UNIQUEID=MHQEGMRV|
RECORD=46|LINENO= 298|OWNERPARTID= -42|OWNERINDEX= 297|
RECORD=48|LINENO= 299|OWNERPARTID= -42|OWNERINDEX= 297|
RECORD=45|LINENO= 300|OWNERPARTID= -42|OWNERINDEX= 287|DATAFILECOUNT=1|DESCRIPTION=Capacitor FootPrint 0805|MODELDATAFILEENTITY0=0805_CAP_NPOL|MODELDATAFILEKIND0=PCBLib|MODELNAME=0805_CAP_NPOL|MODELTYPE=PCBLIB|UNIQUEID=AFOPSUFI|
RECORD=46|LINENO= 301|OWNERPARTID= -42|OWNERINDEX= 300|
RECORD=48|LINENO= 302|OWNERPARTID= -42|OWNERINDEX= 300|
RECORD=45|LINENO= 303|OWNERPARTID= -42|OWNERINDEX= 287|DATAFILECOUNT=1|DESCRIPTION=Capacitor FootPrint 1206|MODELDATAFILEENTITY0=1206_CAP_NPOL|MODELDATAFILEKIND0=PCBLib|MODELNAME=1206_CAP_NPOL|MODELTYPE=PCBLIB|UNIQUEID=MPJBKNKA|
RECORD=46|LINENO= 304|OWNERPARTID= -42|OWNERINDEX= 303|
RECORD=48|LINENO= 305|OWNERPARTID= -42|OWNERINDEX= 303|
RECORD= 1|LINENO= 306|OWNERPARTID=   0|OWNERINDEX= -42|AREACOLOR=11599871|COMPONENTDESCRIPTION=Capacitor_not polarized|CURRENTPARTID=1|DESIGNITEMID=CAP_NPOL|DISPLAYMODECOUNT=1|LIBREFERENCE=CAP_NPOL|LOCATION.X=830|LOCATION.Y=430|ORIENTATION=2|PARTCOUNT=2|PARTIDLOCKED=F|SOURCELIBRARYNAME=ST_Lib3D.SchLib|TARGETFILENAME=*|UNIQUEID=MOCEWWUK|
RECORD= 2|LINENO= 307|OWNERPARTID=   2|OWNERINDEX= 306|%UTF8%SWAPIDPART=Â¦&Â¦|DESIGNATOR=2|ELECTRICAL=4|FORMALTYPE=1|LOCATION.X=820|LOCATION.Y=443|NAME=2|PINCONGLOMERATE=33|PINLENGTH=7|SWAPIDPART=Ž&Ž|SWAPIDPIN=2|
RECORD=41|LINENO= 308|OWNERPARTID=   0|OWNERINDEX= 307|FONTID=1|ISHIDDEN=T|LOCATION.X=820|LOCATION.Y=443|NAME=PinUniqueId|TEXT=HLHHMPJF|UNIQUEID=RBJLHGJB|
RECORD= 2|LINENO= 309|OWNERPARTID=   2|OWNERINDEX= 306|%UTF8%SWAPIDPART=Â¦&Â¦|DESIGNATOR=1|ELECTRICAL=4|FORMALTYPE=1|LOCATION.X=820|LOCATION.Y=436|NAME=1|PINCONGLOMERATE=35|PINLENGTH=6|SWAPIDPART=Ž&Ž|SWAPIDPIN=1|
RECORD=41|LINENO= 310|OWNERPARTID=   0|OWNERINDEX= 309|FONTID=1|ISHIDDEN=T|LOCATION.X=820|LOCATION.Y=436|NAME=PinUniqueId|TEXT=EPIBPUQG|UNIQUEID=YAOFEYMJ|
RECORD= 6|LINENO= 311|OWNERPARTID=   2|OWNERINDEX= 306|LINEWIDTH=1|LOCATIONCOUNT=6|X1=820|X2=813|X3=813|X4=827|X5=827|X6=820|Y1=436|Y2=436|Y3=438|Y4=438|Y5=436|Y6=436|
RECORD= 6|LINENO= 312|OWNERPARTID=   2|OWNERINDEX= 306|LINEWIDTH=1|LOCATIONCOUNT=6|X1=820|X2=813|X3=813|X4=827|X5=827|X6=820|Y1=441|Y2=441|Y3=443|Y4=443|Y5=441|Y6=441|
RECORD= 6|LINENO= 313|OWNERPARTID=   2|OWNERINDEX= 306|LINEWIDTH=2|LOCATIONCOUNT=2|X1=814|X2=826|Y1=437|Y2=437|
RECORD= 6|LINENO= 314|OWNERPARTID=   2|OWNERINDEX= 306|LINEWIDTH=2|LOCATIONCOUNT=2|X1=826|X2=814|Y1=442|Y2=442|
RECORD=41|LINENO= 315|OWNERPARTID=   0|OWNERINDEX= 306|FONTID=1|ISHIDDEN=T|LOCATION.X=828|LOCATION.Y=426|NAME=Fitted|TEXT=Fitted|UNIQUEID=RMXEGRYV|
RECORD=41|LINENO= 316|OWNERPARTID=   0|OWNERINDEX= 306|FONTID=1|LOCATION.X=780|LOCATION.Y=400|NAME=Ref|TEXT=GRM1555C1H1R2WA01D|UNIQUEID=SDGISVOK|
RECORD=34|LINENO= 317|OWNERPARTID=   0|OWNERINDEX= 306|FONTID=1|LOCATION.X=829|LOCATION.Y=435|NAME=Designator|TEXT=C37|UNIQUEID=XNMIDMKX|
RECORD=41|LINENO= 318|OWNERPARTID=   0|OWNERINDEX= 306|FONTID=1|LOCATION.X=829|LOCATION.Y=424|NAME=Comment|TEXT=1.2pF|UNIQUEID=MNUFAFOB|
RECORD=44|LINENO= 319|OWNERPARTID= -42|OWNERINDEX= 306|
RECORD=45|LINENO= 320|OWNERPARTID= -42|OWNERINDEX= 319|DATAFILECOUNT=1|DESCRIPTION=Radial Capacitor 2steps(5.08mm) 2.5mm x 7mm|MODELDATAFILEENTITY0=CAP_RAD_5.08_2.5x7|MODELDATAFILEKIND0=PCBLib|MODELNAME=CAP_RAD_5.08_2.5x7|MODELTYPE=PCBLIB|UNIQUEID=QHTSTXWS|
RECORD=46|LINENO= 321|OWNERPARTID= -42|OWNERINDEX= 320|
RECORD=48|LINENO= 322|OWNERPARTID= -42|OWNERINDEX= 320|
RECORD=45|LINENO= 323|OWNERPARTID= -42|OWNERINDEX= 319|DATAFILECOUNT=1|DESCRIPTION=Radial Capacitor 1steps(2.54mm) 1.5mm x 4.5mm|MODELDATAFILEENTITY0=CAP_RAD_2.54_1.5x4.5|MODELDATAFILEKIND0=PCBLib|MODELNAME=CAP_RAD_2.54_1.5x4.5|MODELTYPE=PCBLIB|UNIQUEID=TNAGQKKM|
RECORD=46|LINENO= 324|OWNERPARTID= -42|OWNERINDEX= 323|
RECORD=48|LINENO= 325|OWNERPARTID= -42|OWNERINDEX= 323|
RECORD=45|LINENO= 326|OWNERPARTID= -42|OWNERINDEX= 319|DATAFILECOUNT=1|DESCRIPTION=Capacitor FootPrint 0402|ISCURRENT=T|MODELDATAFILEENTITY0=0402_CAP_NPOL|MODELDATAFILEKIND0=PCBLib|MODELNAME=0402_CAP_NPOL|MODELTYPE=PCBLIB|UNIQUEID=DGTSGUPV|
RECORD=46|LINENO= 327|OWNERPARTID= -42|OWNERINDEX= 326|
RECORD=48|LINENO= 328|OWNERPARTID= -42|OWNERINDEX= 326|
RECORD=45|LINENO= 329|OWNERPARTID= -42|OWNERINDEX= 319|DATAFILECOUNT=1|DESCRIPTION=Capacitor FootPrint 0603|MODELDATAFILEENTITY0=0603_CAP_NPOL|MODELDATAFILEKIND0=PCBLib|MODELNAME=0603_CAP_NPOL|MODELTYPE=PCBLIB|UNIQUEID=XHLJMJXP|
RECORD=46|LINENO= 330|OWNERPARTID= -42|OWNERINDEX= 329|
RECORD=48|LINENO= 331|OWNERPARTID= -42|OWNERINDEX= 329|
RECORD=45|LINENO= 332|OWNERPARTID= -42|OWNERINDEX= 319|DATAFILECOUNT=1|DESCRIPTION=Capacitor FootPrint 0805|MODELDATAFILEENTITY0=0805_CAP_NPOL|MODELDATAFILEKIND0=PCBLib|MODELNAME=0805_CAP_NPOL|MODELTYPE=PCBLIB|UNIQUEID=ASVUGCCM|
RECORD=46|LINENO= 333|OWNERPARTID= -42|OWNERINDEX= 332|
RECORD=48|LINENO= 334|OWNERPARTID= -42|OWNERINDEX= 332|
RECORD=45|LINENO= 335|OWNERPARTID= -42|OWNERINDEX= 319|DATAFILECOUNT=1|DESCRIPTION=Capacitor FootPrint 1206|MODELDATAFILEENTITY0=1206_CAP_NPOL|MODELDATAFILEKIND0=PCBLib|MODELNAME=1206_CAP_NPOL|MODELTYPE=PCBLIB|UNIQUEID=BYPIANXP|
RECORD=46|LINENO= 336|OWNERPARTID= -42|OWNERINDEX= 335|
RECORD=48|LINENO= 337|OWNERPARTID= -42|OWNERINDEX= 335|
RECORD= 1|LINENO= 338|OWNERPARTID=   0|OWNERINDEX= -42|AREACOLOR=11599871|COMPONENTDESCRIPTION=Capacitor_not polarized|CURRENTPARTID=1|DESIGNITEMID=CAP_NPOL|DISPLAYMODECOUNT=1|LIBREFERENCE=CAP_NPOL|LOCATION.X=750|LOCATION.Y=250|ORIENTATION=2|PARTCOUNT=2|PARTIDLOCKED=F|SOURCELIBRARYNAME=ST_Lib3D.SchLib|TARGETFILENAME=*|UNIQUEID=BJQHBNFW|
RECORD= 2|LINENO= 339|OWNERPARTID=   2|OWNERINDEX= 338|%UTF8%SWAPIDPART=Â¦&Â¦|DESIGNATOR=2|ELECTRICAL=4|FORMALTYPE=1|LOCATION.X=740|LOCATION.Y=263|NAME=2|PINCONGLOMERATE=33|PINLENGTH=7|SWAPIDPART=Ž&Ž|SWAPIDPIN=2|
RECORD=41|LINENO= 340|OWNERPARTID=   0|OWNERINDEX= 339|FONTID=1|ISHIDDEN=T|LOCATION.X=740|LOCATION.Y=263|NAME=PinUniqueId|TEXT=VOKLFQBX|UNIQUEID=NPXGVRRG|
RECORD= 2|LINENO= 341|OWNERPARTID=   2|OWNERINDEX= 338|%UTF8%SWAPIDPART=Â¦&Â¦|DESIGNATOR=1|ELECTRICAL=4|FORMALTYPE=1|LOCATION.X=740|LOCATION.Y=256|NAME=1|PINCONGLOMERATE=35|PINLENGTH=6|SWAPIDPART=Ž&Ž|SWAPIDPIN=1|
RECORD=41|LINENO= 342|OWNERPARTID=   0|OWNERINDEX= 341|FONTID=1|ISHIDDEN=T|LOCATION.X=740|LOCATION.Y=256|NAME=PinUniqueId|TEXT=ECPAUCGU|UNIQUEID=YLCLCVFG|
RECORD= 6|LINENO= 343|OWNERPARTID=   2|OWNERINDEX= 338|LINEWIDTH=1|LOCATIONCOUNT=6|X1=740|X2=733|X3=733|X4=747|X5=747|X6=740|Y1=256|Y2=256|Y3=258|Y4=258|Y5=256|Y6=256|
RECORD= 6|LINENO= 344|OWNERPARTID=   2|OWNERINDEX= 338|LINEWIDTH=1|LOCATIONCOUNT=6|X1=740|X2=733|X3=733|X4=747|X5=747|X6=740|Y1=261|Y2=261|Y3=263|Y4=263|Y5=261|Y6=261|
RECORD= 6|LINENO= 345|OWNERPARTID=   2|OWNERINDEX= 338|LINEWIDTH=2|LOCATIONCOUNT=2|X1=734|X2=746|Y1=257|Y2=257|
RECORD= 6|LINENO= 346|OWNERPARTID=   2|OWNERINDEX= 338|LINEWIDTH=2|LOCATIONCOUNT=2|X1=746|X2=734|Y1=262|Y2=262|
RECORD=41|LINENO= 347|OWNERPARTID=   0|OWNERINDEX= 338|FONTID=1|LOCATION.X=742|LOCATION.Y=247|NAME=Fitted|TEXT=Not Fitted|UNIQUEID=FYDHBKUE|
RECORD=34|LINENO= 348|OWNERPARTID=   0|OWNERINDEX= 338|FONTID=1|LOCATION.X=749|LOCATION.Y=255|NAME=Designator|TEXT=C39|UNIQUEID=FTIBXSKU|
RECORD=41|LINENO= 349|OWNERPARTID=   0|OWNERINDEX= 338|FONTID=1|ISHIDDEN=T|LOCATION.X=731|LOCATION.Y=272|NAME=Comment|UNIQUEID=FJLIIPRJ|
RECORD=44|LINENO= 350|OWNERPARTID= -42|OWNERINDEX= 338|
RECORD=45|LINENO= 351|OWNERPARTID= -42|OWNERINDEX= 350|DATAFILECOUNT=1|DESCRIPTION=Radial Capacitor 2steps(5.08mm) 2.5mm x 7mm|MODELDATAFILEENTITY0=CAP_RAD_5.08_2.5x7|MODELDATAFILEKIND0=PCBLib|MODELNAME=CAP_RAD_5.08_2.5x7|MODELTYPE=PCBLIB|UNIQUEID=YBLVQEBM|
RECORD=46|LINENO= 352|OWNERPARTID= -42|OWNERINDEX= 351|
RECORD=48|LINENO= 353|OWNERPARTID= -42|OWNERINDEX= 351|
RECORD=45|LINENO= 354|OWNERPARTID= -42|OWNERINDEX= 350|DATAFILECOUNT=1|DESCRIPTION=Radial Capacitor 1steps(2.54mm) 1.5mm x 4.5mm|MODELDATAFILEENTITY0=CAP_RAD_2.54_1.5x4.5|MODELDATAFILEKIND0=PCBLib|MODELNAME=CAP_RAD_2.54_1.5x4.5|MODELTYPE=PCBLIB|UNIQUEID=MGIDPOGE|
RECORD=46|LINENO= 355|OWNERPARTID= -42|OWNERINDEX= 354|
RECORD=48|LINENO= 356|OWNERPARTID= -42|OWNERINDEX= 354|
RECORD=45|LINENO= 357|OWNERPARTID= -42|OWNERINDEX= 350|DATAFILECOUNT=1|DESCRIPTION=Capacitor FootPrint 0402|ISCURRENT=T|MODELDATAFILEENTITY0=0402_CAP_NPOL|MODELDATAFILEKIND0=PCBLib|MODELNAME=0402_CAP_NPOL|MODELTYPE=PCBLIB|UNIQUEID=ANRWBNBA|
RECORD=46|LINENO= 358|OWNERPARTID= -42|OWNERINDEX= 357|
RECORD=48|LINENO= 359|OWNERPARTID= -42|OWNERINDEX= 357|
RECORD=45|LINENO= 360|OWNERPARTID= -42|OWNERINDEX= 350|DATAFILECOUNT=1|DESCRIPTION=Capacitor FootPrint 0603|MODELDATAFILEENTITY0=0603_CAP_NPOL|MODELDATAFILEKIND0=PCBLib|MODELNAME=0603_CAP_NPOL|MODELTYPE=PCBLIB|UNIQUEID=OWONMYTS|
RECORD=46|LINENO= 361|OWNERPARTID= -42|OWNERINDEX= 360|
RECORD=48|LINENO= 362|OWNERPARTID= -42|OWNERINDEX= 360|
RECORD=45|LINENO= 363|OWNERPARTID= -42|OWNERINDEX= 350|DATAFILECOUNT=1|DESCRIPTION=Capacitor FootPrint 0805|MODELDATAFILEENTITY0=0805_CAP_NPOL|MODELDATAFILEKIND0=PCBLib|MODELNAME=0805_CAP_NPOL|MODELTYPE=PCBLIB|UNIQUEID=WMMYBDUD|
RECORD=46|LINENO= 364|OWNERPARTID= -42|OWNERINDEX= 363|
RECORD=48|LINENO= 365|OWNERPARTID= -42|OWNERINDEX= 363|
RECORD=45|LINENO= 366|OWNERPARTID= -42|OWNERINDEX= 350|DATAFILECOUNT=1|DESCRIPTION=Capacitor FootPrint 1206|MODELDATAFILEENTITY0=1206_CAP_NPOL|MODELDATAFILEKIND0=PCBLib|MODELNAME=1206_CAP_NPOL|MODELTYPE=PCBLIB|UNIQUEID=EHHOJODX|
RECORD=46|LINENO= 367|OWNERPARTID= -42|OWNERINDEX= 366|
RECORD=48|LINENO= 368|OWNERPARTID= -42|OWNERINDEX= 366|
RECORD= 1|LINENO= 369|OWNERPARTID=   0|OWNERINDEX= -42|AREACOLOR=11599871|COMPONENTDESCRIPTION=Capacitor_not polarized|CURRENTPARTID=1|DESIGNITEMID=CAP_NPOL|DISPLAYMODECOUNT=1|LIBREFERENCE=CAP_NPOL|LOCATION.X=830|LOCATION.Y=250|ORIENTATION=2|PARTCOUNT=2|PARTIDLOCKED=F|SOURCELIBRARYNAME=ST_Lib3D.SchLib|TARGETFILENAME=*|UNIQUEID=UGMMQIFK|
RECORD= 2|LINENO= 370|OWNERPARTID=   2|OWNERINDEX= 369|%UTF8%SWAPIDPART=Â¦&Â¦|DESIGNATOR=2|ELECTRICAL=4|FORMALTYPE=1|LOCATION.X=820|LOCATION.Y=263|NAME=2|PINCONGLOMERATE=33|PINLENGTH=7|SWAPIDPART=Ž&Ž|SWAPIDPIN=2|
RECORD=41|LINENO= 371|OWNERPARTID=   0|OWNERINDEX= 370|FONTID=1|ISHIDDEN=T|LOCATION.X=820|LOCATION.Y=263|NAME=PinUniqueId|TEXT=UABVTQUU|UNIQUEID=NXSEVNVO|
RECORD= 2|LINENO= 372|OWNERPARTID=   2|OWNERINDEX= 369|%UTF8%SWAPIDPART=Â¦&Â¦|DESIGNATOR=1|ELECTRICAL=4|FORMALTYPE=1|LOCATION.X=820|LOCATION.Y=256|NAME=1|PINCONGLOMERATE=35|PINLENGTH=6|SWAPIDPART=Ž&Ž|SWAPIDPIN=1|
RECORD=41|LINENO= 373|OWNERPARTID=   0|OWNERINDEX= 372|FONTID=1|ISHIDDEN=T|LOCATION.X=820|LOCATION.Y=256|NAME=PinUniqueId|TEXT=DVIMPTTV|UNIQUEID=PXGVVNWY|
RECORD= 6|LINENO= 374|OWNERPARTID=   2|OWNERINDEX= 369|LINEWIDTH=1|LOCATIONCOUNT=6|X1=820|X2=813|X3=813|X4=827|X5=827|X6=820|Y1=256|Y2=256|Y3=258|Y4=258|Y5=256|Y6=256|
RECORD= 6|LINENO= 375|OWNERPARTID=   2|OWNERINDEX= 369|LINEWIDTH=1|LOCATIONCOUNT=6|X1=820|X2=813|X3=813|X4=827|X5=827|X6=820|Y1=261|Y2=261|Y3=263|Y4=263|Y5=261|Y6=261|
RECORD= 6|LINENO= 376|OWNERPARTID=   2|OWNERINDEX= 369|LINEWIDTH=2|LOCATIONCOUNT=2|X1=814|X2=826|Y1=257|Y2=257|
RECORD= 6|LINENO= 377|OWNERPARTID=   2|OWNERINDEX= 369|LINEWIDTH=2|LOCATIONCOUNT=2|X1=826|X2=814|Y1=262|Y2=262|
RECORD=41|LINENO= 378|OWNERPARTID=   0|OWNERINDEX= 369|FONTID=1|LOCATION.X=822|LOCATION.Y=247|NAME=Fitted|TEXT=Not Fitted|UNIQUEID=TSRRNRSU|
RECORD=34|LINENO= 379|OWNERPARTID=   0|OWNERINDEX= 369|FONTID=1|LOCATION.X=829|LOCATION.Y=255|NAME=Designator|TEXT=C40|UNIQUEID=VVUFRUQO|
RECORD=41|LINENO= 380|OWNERPARTID=   0|OWNERINDEX= 369|FONTID=1|ISHIDDEN=T|LOCATION.X=811|LOCATION.Y=272|NAME=Comment|UNIQUEID=UBEHSHIT|
RECORD=44|LINENO= 381|OWNERPARTID= -42|OWNERINDEX= 369|
RECORD=45|LINENO= 382|OWNERPARTID= -42|OWNERINDEX= 381|DATAFILECOUNT=1|DESCRIPTION=Radial Capacitor 2steps(5.08mm) 2.5mm x 7mm|MODELDATAFILEENTITY0=CAP_RAD_5.08_2.5x7|MODELDATAFILEKIND0=PCBLib|MODELNAME=CAP_RAD_5.08_2.5x7|MODELTYPE=PCBLIB|UNIQUEID=JYVEWMJX|
RECORD=46|LINENO= 383|OWNERPARTID= -42|OWNERINDEX= 382|
RECORD=48|LINENO= 384|OWNERPARTID= -42|OWNERINDEX= 382|
RECORD=45|LINENO= 385|OWNERPARTID= -42|OWNERINDEX= 381|DATAFILECOUNT=1|DESCRIPTION=Radial Capacitor 1steps(2.54mm) 1.5mm x 4.5mm|MODELDATAFILEENTITY0=CAP_RAD_2.54_1.5x4.5|MODELDATAFILEKIND0=PCBLib|MODELNAME=CAP_RAD_2.54_1.5x4.5|MODELTYPE=PCBLIB|UNIQUEID=GVIQPLUN|
RECORD=46|LINENO= 386|OWNERPARTID= -42|OWNERINDEX= 385|
RECORD=48|LINENO= 387|OWNERPARTID= -42|OWNERINDEX= 385|
RECORD=45|LINENO= 388|OWNERPARTID= -42|OWNERINDEX= 381|DATAFILECOUNT=1|DESCRIPTION=Capacitor FootPrint 0402|ISCURRENT=T|MODELDATAFILEENTITY0=0402_CAP_NPOL|MODELDATAFILEKIND0=PCBLib|MODELNAME=0402_CAP_NPOL|MODELTYPE=PCBLIB|UNIQUEID=VMNHWBEL|
RECORD=46|LINENO= 389|OWNERPARTID= -42|OWNERINDEX= 388|
RECORD=48|LINENO= 390|OWNERPARTID= -42|OWNERINDEX= 388|
RECORD=45|LINENO= 391|OWNERPARTID= -42|OWNERINDEX= 381|DATAFILECOUNT=1|DESCRIPTION=Capacitor FootPrint 0603|MODELDATAFILEENTITY0=0603_CAP_NPOL|MODELDATAFILEKIND0=PCBLib|MODELNAME=0603_CAP_NPOL|MODELTYPE=PCBLIB|UNIQUEID=HDLXVLOI|
RECORD=46|LINENO= 392|OWNERPARTID= -42|OWNERINDEX= 391|
RECORD=48|LINENO= 393|OWNERPARTID= -42|OWNERINDEX= 391|
RECORD=45|LINENO= 394|OWNERPARTID= -42|OWNERINDEX= 381|DATAFILECOUNT=1|DESCRIPTION=Capacitor FootPrint 0805|MODELDATAFILEENTITY0=0805_CAP_NPOL|MODELDATAFILEKIND0=PCBLib|MODELNAME=0805_CAP_NPOL|MODELTYPE=PCBLIB|UNIQUEID=KBYCKWXR|
RECORD=46|LINENO= 395|OWNERPARTID= -42|OWNERINDEX= 394|
RECORD=48|LINENO= 396|OWNERPARTID= -42|OWNERINDEX= 394|
RECORD=45|LINENO= 397|OWNERPARTID= -42|OWNERINDEX= 381|DATAFILECOUNT=1|DESCRIPTION=Capacitor FootPrint 1206|MODELDATAFILEENTITY0=1206_CAP_NPOL|MODELDATAFILEKIND0=PCBLib|MODELNAME=1206_CAP_NPOL|MODELTYPE=PCBLIB|UNIQUEID=GANSDJNW|
RECORD=46|LINENO= 398|OWNERPARTID= -42|OWNERINDEX= 397|
RECORD=48|LINENO= 399|OWNERPARTID= -42|OWNERINDEX= 397|
RECORD= 1|LINENO= 400|OWNERPARTID=   0|OWNERINDEX= -42|AREACOLOR=11599871|CURRENTPARTID=1|DESIGNITEMID=INDUCTOR_SMD_STDL|DISPLAYMODECOUNT=1|LIBREFERENCE=INDUCTOR_SMD_STDL|LOCATION.X=770|LOCATION.Y=270|ORIENTATION=1|PARTCOUNT=2|PARTIDLOCKED=F|SOURCELIBRARYNAME=Passive.SchLib|TARGETFILENAME=*|UNIQUEID=OCLJNOXD|
RECORD= 2|LINENO= 401|OWNERPARTID=   2|OWNERINDEX= 400|%UTF8%SWAPIDPART=Â¦&Â¦|DESIGNATOR=1|ELECTRICAL=4|FORMALTYPE=1|LOCATION.X=765|LOCATION.Y=280|NAME=1|PINCONGLOMERATE=34|PINLENGTH=5|SWAPIDPART=Ž&Ž|SWAPIDPIN=1|
RECORD=41|LINENO= 402|OWNERPARTID=   0|OWNERINDEX= 401|FONTID=1|ISHIDDEN=T|LOCATION.X=765|LOCATION.Y=280|NAME=PinUniqueId|TEXT=LMVEDJWT|UNIQUEID=SSXBAVCX|
RECORD= 2|LINENO= 403|OWNERPARTID=   2|OWNERINDEX= 400|%UTF8%SWAPIDPART=Â¦&Â¦|DESIGNATOR=2|ELECTRICAL=4|FORMALTYPE=1|LOCATION.X=795|LOCATION.Y=280|NAME=2|PINCONGLOMERATE=32|PINLENGTH=5|SWAPIDPART=Ž&Ž|SWAPIDPIN=2|
RECORD=41|LINENO= 404|OWNERPARTID=   0|OWNERINDEX= 403|FONTID=1|ISHIDDEN=T|LOCATION.X=795|LOCATION.Y=280|NAME=PinUniqueId|TEXT=FGJUPNFO|UNIQUEID=KQVVCHAG|
RECORD=12|LINENO= 405|OWNERPARTID=   2|OWNERINDEX= 400|ENDANGLE=180.000|LINEWIDTH=1|LOCATION.X=770|LOCATION.Y=280|RADIUS=5|STARTANGLE=90.000|
RECORD=12|LINENO= 406|OWNERPARTID=   2|OWNERINDEX= 400|ENDANGLE=90.000|LINEWIDTH=1|LOCATION.X=770|LOCATION.Y=280|RADIUS=5|STARTANGLE=360.000|
RECORD=12|LINENO= 407|OWNERPARTID=   2|OWNERINDEX= 400|ENDANGLE=180.000|LINEWIDTH=1|LOCATION.X=780|LOCATION.Y=280|RADIUS=5|STARTANGLE=90.000|
RECORD=12|LINENO= 408|OWNERPARTID=   2|OWNERINDEX= 400|ENDANGLE=90.000|LINEWIDTH=1|LOCATION.X=780|LOCATION.Y=280|RADIUS=5|STARTANGLE=360.000|
RECORD=12|LINENO= 409|OWNERPARTID=   2|OWNERINDEX= 400|ENDANGLE=180.000|LINEWIDTH=1|LOCATION.X=790|LOCATION.Y=280|RADIUS=5|STARTANGLE=90.000|
RECORD=12|LINENO= 410|OWNERPARTID=   2|OWNERINDEX= 400|ENDANGLE=90.000|LINEWIDTH=1|LOCATION.X=790|LOCATION.Y=280|RADIUS=5|STARTANGLE=360.000|
RECORD=34|LINENO= 411|OWNERPARTID=   0|OWNERINDEX= 400|FONTID=1|LOCATION.X=765|LOCATION.Y=285|NAME=Designator|TEXT=L4|UNIQUEID=EUWSVQEW|
RECORD=41|LINENO= 412|OWNERPARTID=   0|OWNERINDEX= 400|FONTID=1|LOCATION.X=765|LOCATION.Y=267|NAME=Comment|TEXT=0R|UNIQUEID=VSMAPHMO|
RECORD=44|LINENO= 413|OWNERPARTID= -42|OWNERINDEX= 400|
RECORD=45|LINENO= 414|OWNERPARTID= -42|OWNERINDEX= 413|DATAFILECOUNT=1|DESCRIPTION=Coil FootPrint 0402|ISCURRENT=T|MODELDATAFILEENTITY0=0402_COIL|MODELDATAFILEKIND0=PCBLib|MODELNAME=0402_COIL|MODELTYPE=PCBLIB|UNIQUEID=PQEPKPPD|
RECORD=46|LINENO= 415|OWNERPARTID= -42|OWNERINDEX= 414|
RECORD=48|LINENO= 416|OWNERPARTID= -42|OWNERINDEX= 414|
RECORD=45|LINENO= 417|OWNERPARTID= -42|OWNERINDEX= 413|DATAFILECOUNT=1|DESCRIPTION=Coil Footprint 0603|MODELDATAFILEENTITY0=0603_COIL|MODELDATAFILEKIND0=PCBLib|MODELNAME=0603_COIL|MODELTYPE=PCBLIB|UNIQUEID=AVIKWKXC|
RECORD=46|LINENO= 418|OWNERPARTID= -42|OWNERINDEX= 417|
RECORD=48|LINENO= 419|OWNERPARTID= -42|OWNERINDEX= 417|
RECORD=45|LINENO= 420|OWNERPARTID= -42|OWNERINDEX= 413|DATAFILECOUNT=1|DESCRIPTION=Coil FootPrint 0805|MODELDATAFILEENTITY0=0805_COIL|MODELDATAFILEKIND0=PCBLib|MODELNAME=0805_COIL|MODELTYPE=PCBLIB|UNIQUEID=AELYKUWS|
RECORD=46|LINENO= 421|OWNERPARTID= -42|OWNERINDEX= 420|
RECORD=48|LINENO= 422|OWNERPARTID= -42|OWNERINDEX= 420|
RECORD=45|LINENO= 423|OWNERPARTID= -42|OWNERINDEX= 413|DATAFILECOUNT=1|DESCRIPTION=Coil FootPrint 1206|MODELDATAFILEENTITY0=1206_COIL|MODELDATAFILEKIND0=PCBLib|MODELNAME=1206_COIL|MODELTYPE=PCBLIB|UNIQUEID=OVVJYIUT|
RECORD=46|LINENO= 424|OWNERPARTID= -42|OWNERINDEX= 423|
RECORD=48|LINENO= 425|OWNERPARTID= -42|OWNERINDEX= 423|
RECORD= 1|LINENO= 426|OWNERPARTID=   0|OWNERINDEX= -42|AREACOLOR=11599871|CURRENTPARTID=1|DESIGNITEMID=INDUCTOR_SMD_STDL|DISPLAYMODECOUNT=1|LIBREFERENCE=INDUCTOR_SMD_STDL|LOCATION.X=770|LOCATION.Y=450|ORIENTATION=1|PARTCOUNT=2|PARTIDLOCKED=F|SOURCELIBRARYNAME=Passive.SchLib|TARGETFILENAME=*|UNIQUEID=KVANULFM|
RECORD= 2|LINENO= 427|OWNERPARTID=   2|OWNERINDEX= 426|%UTF8%SWAPIDPART=Â¦&Â¦|DESIGNATOR=1|ELECTRICAL=4|FORMALTYPE=1|LOCATION.X=765|LOCATION.Y=460|NAME=1|PINCONGLOMERATE=34|PINLENGTH=5|SWAPIDPART=Ž&Ž|SWAPIDPIN=1|
RECORD=41|LINENO= 428|OWNERPARTID=   0|OWNERINDEX= 427|FONTID=1|ISHIDDEN=T|LOCATION.X=765|LOCATION.Y=460|NAME=PinUniqueId|TEXT=KWGEXIYE|UNIQUEID=BOFSRVUU|
RECORD= 2|LINENO= 429|OWNERPARTID=   2|OWNERINDEX= 426|%UTF8%SWAPIDPART=Â¦&Â¦|DESIGNATOR=2|ELECTRICAL=4|FORMALTYPE=1|LOCATION.X=795|LOCATION.Y=460|NAME=2|PINCONGLOMERATE=32|PINLENGTH=5|SWAPIDPART=Ž&Ž|SWAPIDPIN=2|
RECORD=41|LINENO= 430|OWNERPARTID=   0|OWNERINDEX= 429|FONTID=1|ISHIDDEN=T|LOCATION.X=795|LOCATION.Y=460|NAME=PinUniqueId|TEXT=XXPRAQID|UNIQUEID=YUKGQVXX|
RECORD=12|LINENO= 431|OWNERPARTID=   2|OWNERINDEX= 426|ENDANGLE=180.000|LINEWIDTH=1|LOCATION.X=770|LOCATION.Y=460|RADIUS=5|STARTANGLE=90.000|
RECORD=12|LINENO= 432|OWNERPARTID=   2|OWNERINDEX= 426|ENDANGLE=90.000|LINEWIDTH=1|LOCATION.X=770|LOCATION.Y=460|RADIUS=5|STARTANGLE=360.000|
RECORD=12|LINENO= 433|OWNERPARTID=   2|OWNERINDEX= 426|ENDANGLE=180.000|LINEWIDTH=1|LOCATION.X=780|LOCATION.Y=460|RADIUS=5|STARTANGLE=90.000|
RECORD=12|LINENO= 434|OWNERPARTID=   2|OWNERINDEX= 426|ENDANGLE=90.000|LINEWIDTH=1|LOCATION.X=780|LOCATION.Y=460|RADIUS=5|STARTANGLE=360.000|
RECORD=12|LINENO= 435|OWNERPARTID=   2|OWNERINDEX= 426|ENDANGLE=180.000|LINEWIDTH=1|LOCATION.X=790|LOCATION.Y=460|RADIUS=5|STARTANGLE=90.000|
RECORD=12|LINENO= 436|OWNERPARTID=   2|OWNERINDEX= 426|ENDANGLE=90.000|LINEWIDTH=1|LOCATION.X=790|LOCATION.Y=460|RADIUS=5|STARTANGLE=360.000|
RECORD=41|LINENO= 437|OWNERPARTID=   0|OWNERINDEX= 426|FONTID=1|LOCATION.X=740|LOCATION.Y=473|NAME=Ref|TEXT=LQG15HS3N6S02|UNIQUEID=CQBVXIRF|
RECORD=34|LINENO= 438|OWNERPARTID=   0|OWNERINDEX= 426|FONTID=1|LOCATION.X=765|LOCATION.Y=465|NAME=Designator|TEXT=L3|UNIQUEID=BBIWWKLG|
RECORD=41|LINENO= 439|OWNERPARTID=   0|OWNERINDEX= 426|FONTID=1|LOCATION.X=765|LOCATION.Y=447|NAME=Comment|TEXT=3.6nH|UNIQUEID=EWTQVQNC|
RECORD=44|LINENO= 440|OWNERPARTID= -42|OWNERINDEX= 426|
RECORD=45|LINENO= 441|OWNERPARTID= -42|OWNERINDEX= 440|DATAFILECOUNT=1|DESCRIPTION=Coil FootPrint 0402|ISCURRENT=T|MODELDATAFILEENTITY0=0402_COIL|MODELDATAFILEKIND0=PCBLib|MODELNAME=0402_COIL|MODELTYPE=PCBLIB|UNIQUEID=GBMRTFBS|
RECORD=46|LINENO= 442|OWNERPARTID= -42|OWNERINDEX= 441|
RECORD=48|LINENO= 443|OWNERPARTID= -42|OWNERINDEX= 441|
RECORD=45|LINENO= 444|OWNERPARTID= -42|OWNERINDEX= 440|DATAFILECOUNT=1|DESCRIPTION=Coil Footprint 0603|MODELDATAFILEENTITY0=0603_COIL|MODELDATAFILEKIND0=PCBLib|MODELNAME=0603_COIL|MODELTYPE=PCBLIB|UNIQUEID=CWDBKPSP|
RECORD=46|LINENO= 445|OWNERPARTID= -42|OWNERINDEX= 444|
RECORD=48|LINENO= 446|OWNERPARTID= -42|OWNERINDEX= 444|
RECORD=45|LINENO= 447|OWNERPARTID= -42|OWNERINDEX= 440|DATAFILECOUNT=1|DESCRIPTION=Coil FootPrint 0805|MODELDATAFILEENTITY0=0805_COIL|MODELDATAFILEKIND0=PCBLib|MODELNAME=0805_COIL|MODELTYPE=PCBLIB|UNIQUEID=SASVSIVW|
RECORD=46|LINENO= 448|OWNERPARTID= -42|OWNERINDEX= 447|
RECORD=48|LINENO= 449|OWNERPARTID= -42|OWNERINDEX= 447|
RECORD=45|LINENO= 450|OWNERPARTID= -42|OWNERINDEX= 440|DATAFILECOUNT=1|DESCRIPTION=Coil FootPrint 1206|MODELDATAFILEENTITY0=1206_COIL|MODELDATAFILEKIND0=PCBLib|MODELNAME=1206_COIL|MODELTYPE=PCBLIB|UNIQUEID=CCYUQUNQ|
RECORD=46|LINENO= 451|OWNERPARTID= -42|OWNERINDEX= 450|
RECORD=48|LINENO= 452|OWNERPARTID= -42|OWNERINDEX= 450|
RECORD= 1|LINENO= 453|OWNERPARTID=   0|OWNERINDEX= -42|AREACOLOR=11599871|COMPONENTDESCRIPTION=Jumper 2.54mm|CURRENTPARTID=1|DESIGNITEMID=Jumper 2.54mm|DISPLAYMODECOUNT=1|LIBRARYPATH=*|LIBREFERENCE=Jumper 2.54mm|LOCATION.X=100|LOCATION.Y=560|ORIENTATION=1|PARTCOUNT=2|PARTIDLOCKED=T|SOURCELIBRARYNAME=Connector.SchLib|TARGETFILENAME=*|UNIQUEID=YSEPDFJA|
RECORD= 6|LINENO= 454|OWNERPARTID=   2|OWNERINDEX= 453|LINEWIDTH=1|LOCATIONCOUNT=5|X1=94|X2=94|X3=106|X4=106|X5=94|Y1=556|Y2=564|Y3=564|Y4=556|Y5=556|
RECORD= 6|LINENO= 455|OWNERPARTID=   2|OWNERINDEX= 453|LINEWIDTH=1|LOCATIONCOUNT=6|X1=96|X2=96|X3=104|X4=104|X5=102|X6=102|Y1=558|Y2=562|Y3=562|Y4=558|Y5=558|Y6=560|
RECORD= 6|LINENO= 456|OWNERPARTID=   2|OWNERINDEX= 453|LINEWIDTH=1|LOCATIONCOUNT=3|X1=96|X2=98|X3=98|Y1=558|Y2=558|Y3=560|
RECORD=41|LINENO= 457|OWNERPARTID=   0|OWNERINDEX= 453|FONTID=1|LOCATION.X=75|LOCATION.Y=536|NAME=default|TEXT=JP4(1-2)|UNIQUEID=YUCLLNUH|
RECORD=34|LINENO= 458|OWNERPARTID=   0|OWNERINDEX= 453|FONTID=1|LOCATION.X=87|LOCATION.Y=565|NAME=Designator|TEXT=JMP4|UNIQUEID=MDFUKNKB|
RECORD=41|LINENO= 459|OWNERPARTID=   0|OWNERINDEX= 453|FONTID=1|LOCATION.X=48|LOCATION.Y=546|NAME=Comment|TEXT=Jumper 2.54mm|UNIQUEID=KYIOAJYS|
RECORD=44|LINENO= 460|OWNERPARTID= -42|OWNERINDEX= 453|
RECORD=45|LINENO= 461|OWNERPARTID= -42|OWNERINDEX= 460|DATAFILECOUNT=1|DESCRIPTION=Jumper 2.54mm Black|ISCURRENT=T|MODELDATAFILEENTITY0=Jumper 2.54mm BLACK|MODELDATAFILEKIND0=PCBLib|MODELNAME=Jumper 2.54mm BLACK|MODELTYPE=PCBLIB|UNIQUEID=RUXSTERR|
RECORD=46|LINENO= 462|OWNERPARTID= -42|OWNERINDEX= 461|
RECORD=48|LINENO= 463|OWNERPARTID= -42|OWNERINDEX= 461|
RECORD= 1|LINENO= 464|OWNERPARTID=   0|OWNERINDEX= -42|AREACOLOR=11599871|CURRENTPARTID=1|DESIGNITEMID=STM32WBxx_QFN68|DISPLAYMODECOUNT=1|ISMIRRORED=T|LIBRARYPATH=*|LIBREFERENCE=STM32WBxx_QFN68|LOCATION.X=210|LOCATION.Y=480|PARTCOUNT=6|PARTIDLOCKED=T|SOURCELIBRARYNAME=Active.SchLib|TARGETFILENAME=*|UNIQUEID=GGKREARC|
RECORD=14|LINENO= 465|OWNERPARTID=   2|OWNERINDEX= 464|AREACOLOR=11599871|CORNER.X=250|CORNER.Y=480|ISSOLID=T|LOCATION.X=160|LOCATION.Y=400|
RECORD= 2|LINENO= 466|OWNERPARTID=   2|OWNERINDEX= 464|%UTF8%SWAPIDPART=Â¦&Â¦A1|DESIGNATOR=31|ELECTRICAL=4|FORMALTYPE=1|LOCATION.X=250|LOCATION.Y=460|NAME=RF1|PINCONGLOMERATE=56|PINLENGTH=10|SWAPIDPART=Ž&ŽA1|
RECORD=41|LINENO= 467|OWNERPARTID=   0|OWNERINDEX= 466|FONTID=1|ISHIDDEN=T|LOCATION.X=250|LOCATION.Y=460|NAME=PinUniqueId|TEXT=IQERNAUD|UNIQUEID=KQJOFVYN|
RECORD= 2|LINENO= 468|OWNERPARTID=   2|OWNERINDEX= 464|%UTF8%SWAPIDPART=Â¦&Â¦A1|DESIGNATOR=33|ELECTRICAL=4|FORMALTYPE=1|LOCATION.X=160|LOCATION.Y=460|NAME=VDDRF|PINCONGLOMERATE=58|PINLENGTH=10|SWAPIDPART=Ž&ŽA1|
RECORD=41|LINENO= 469|OWNERPARTID=   0|OWNERINDEX= 468|FONTID=1|ISHIDDEN=T|LOCATION.X=160|LOCATION.Y=460|NAME=PinUniqueId|TEXT=IATEJIJB|UNIQUEID=TVUCQIIH|
RECORD= 2|LINENO= 470|OWNERPARTID=   2|OWNERINDEX= 464|%UTF8%SWAPIDPART=Â¦&Â¦A1|DESIGNATOR=32|ELECTRICAL=4|FORMALTYPE=1|LOCATION.X=160|LOCATION.Y=410|NAME=VSSRF|PINCONGLOMERATE=58|PINLENGTH=10|SWAPIDPART=Ž&ŽA1|
RECORD=41|LINENO= 471|OWNERPARTID=   0|OWNERINDEX= 470|FONTID=1|ISHIDDEN=T|LOCATION.X=160|LOCATION.Y=410|NAME=PinUniqueId|TEXT=LPQWSYKW|UNIQUEID=PNRJMOLI|
RECORD= 2|LINENO= 472|OWNERPARTID=   3|OWNERINDEX= 464|%UTF8%SWAPIDPART=Â¦&Â¦A1|DESIGNATOR=44|ELECTRICAL=4|FORMALTYPE=1|LOCATION.X=260|LOCATION.Y=460|NAME=VDDSMPS|PINCONGLOMERATE=56|PINLENGTH=10|SWAPIDPART=Ž&ŽA1|
RECORD=41|LINENO= 473|OWNERPARTID=   0|OWNERINDEX= 472|FONTID=1|ISHIDDEN=T|LOCATION.X=260|LOCATION.Y=460|NAME=PinUniqueId|TEXT=OEPPWHCQ|UNIQUEID=CNPHJQLC|
RECORD= 2|LINENO= 474|OWNERPARTID=   3|OWNERINDEX= 464|%UTF8%SWAPIDPART=Â¦&Â¦A1|DESIGNATOR=42|ELECTRICAL=4|FORMALTYPE=1|LOCATION.X=260|LOCATION.Y=390|NAME=VSSSMPS|PINCONGLOMERATE=56|PINLENGTH=10|SWAPIDPART=Ž&ŽA1|
RECORD=41|LINENO= 475|OWNERPARTID=   0|OWNERINDEX= 474|FONTID=1|ISHIDDEN=T|LOCATION.X=260|LOCATION.Y=390|NAME=PinUniqueId|TEXT=KYYNNHIQ|UNIQUEID=DTKSECPP|
RECORD= 2|LINENO= 476|OWNERPARTID=   3|OWNERINDEX= 464|%UTF8%SWAPIDPART=Â¦&Â¦A1|DESIGNATOR=43|ELECTRICAL=4|FORMALTYPE=1|LOCATION.X=260|LOCATION.Y=440|NAME=VLXSMPS|PINCONGLOMERATE=56|PINLENGTH=10|SWAPIDPART=Ž&ŽA1|
RECORD=41|LINENO= 477|OWNERPARTID=   0|OWNERINDEX= 476|FONTID=1|ISHIDDEN=T|LOCATION.X=260|LOCATION.Y=440|NAME=PinUniqueId|TEXT=JPXPMLDT|UNIQUEID=YHPKFLWW|
RECORD= 2|LINENO= 478|OWNERPARTID=   3|OWNERINDEX= 464|%UTF8%SWAPIDPART=Â¦&Â¦A1|DESIGNATOR=41|ELECTRICAL=4|FORMALTYPE=1|LOCATION.X=260|LOCATION.Y=420|NAME=VFBSMPS|PINCONGLOMERATE=56|PINLENGTH=10|SWAPIDPART=Ž&ŽA1|
RECORD=41|LINENO= 479|OWNERPARTID=   0|OWNERINDEX= 478|FONTID=1|ISHIDDEN=T|LOCATION.X=260|LOCATION.Y=420|NAME=PinUniqueId|TEXT=IEDYEJGJ|UNIQUEID=ILECLNRC|
RECORD=14|LINENO= 480|OWNERPARTID=   3|OWNERINDEX= 464|AREACOLOR=11599871|CORNER.X=260|CORNER.Y=480|ISSOLID=T|LOCATION.X=170|LOCATION.Y=370|TRANSPARENT=T|
RECORD=14|LINENO= 481|OWNERPARTID=   4|OWNERINDEX= 464|AREACOLOR=11599871|CORNER.X=290|CORNER.Y=480|ISSOLID=T|LOCATION.X=140|LOCATION.Y=410|
RECORD= 2|LINENO= 482|OWNERPARTID=   4|OWNERINDEX= 464|%UTF8%SWAPIDPART=Â¦&Â¦31|DESIGNATOR=35|ELECTRICAL=4|FORMALTYPE=1|LOCATION.X=290|LOCATION.Y=470|NAME=OSC_IN|PINCONGLOMERATE=56|PINLENGTH=10|SWAPIDPART=Ž&Ž31|
RECORD=41|LINENO= 483|OWNERPARTID=   0|OWNERINDEX= 482|FONTID=1|ISHIDDEN=T|LOCATION.X=290|LOCATION.Y=470|NAME=PinUniqueId|TEXT=MJHCJIMD|UNIQUEID=EGDBRRQF|
RECORD= 2|LINENO= 484|OWNERPARTID=   4|OWNERINDEX= 464|%UTF8%SWAPIDPART=Â¦&Â¦31|DESIGNATOR=34|ELECTRICAL=4|FORMALTYPE=1|LOCATION.X=290|LOCATION.Y=460|NAME=OSC_OUT|PINCONGLOMERATE=56|PINLENGTH=10|SWAPIDPART=Ž&Ž31|
RECORD=41|LINENO= 485|OWNERPARTID=   0|OWNERINDEX= 484|FONTID=1|ISHIDDEN=T|LOCATION.X=290|LOCATION.Y=460|NAME=PinUniqueId|TEXT=IOSPUSWO|UNIQUEID=DGKBCOGB|
RECORD= 2|LINENO= 486|OWNERPARTID=   4|OWNERINDEX= 464|%UTF8%SWAPIDPART=Â¦&Â¦31|DESIGNATOR=3|ELECTRICAL=4|FORMALTYPE=1|LOCATION.X=290|LOCATION.Y=430|NAME=PC14-OSC32_IN|PINCONGLOMERATE=56|PINLENGTH=10|SWAPIDPART=Ž&Ž31|
RECORD=41|LINENO= 487|OWNERPARTID=   0|OWNERINDEX= 486|FONTID=1|ISHIDDEN=T|LOCATION.X=290|LOCATION.Y=430|NAME=PinUniqueId|TEXT=PJGHBYXP|UNIQUEID=DPOEIGWP|
RECORD= 2|LINENO= 488|OWNERPARTID=   4|OWNERINDEX= 464|%UTF8%SWAPIDPART=Â¦&Â¦31|DESIGNATOR=4|ELECTRICAL=4|FORMALTYPE=1|LOCATION.X=290|LOCATION.Y=420|NAME=PC15-OSC32_OUT|PINCONGLOMERATE=56|PINLENGTH=10|SWAPIDPART=Ž&Ž31|
RECORD=41|LINENO= 489|OWNERPARTID=   0|OWNERINDEX= 488|FONTID=1|ISHIDDEN=T|LOCATION.X=290|LOCATION.Y=420|NAME=PinUniqueId|TEXT=LFNIHVRO|UNIQUEID=DRVNHHNM|
RECORD= 2|LINENO= 490|OWNERPARTID=   4|OWNERINDEX= 464|%UTF8%SWAPIDPART=Â¦&Â¦31|DESIGNATOR=5|ELECTRICAL=4|FORMALTYPE=1|LOCATION.X=140|LOCATION.Y=450|NAME=PH3-BOOT0|PINCONGLOMERATE=58|PINLENGTH=10|SWAPIDPART=Ž&Ž31|
RECORD=41|LINENO= 491|OWNERPARTID=   0|OWNERINDEX= 490|FONTID=1|ISHIDDEN=T|LOCATION.X=140|LOCATION.Y=450|NAME=PinUniqueId|TEXT=JVMXITLM|UNIQUEID=TNVWMTCB|
RECORD= 2|LINENO= 492|OWNERPARTID=   4|OWNERINDEX= 464|%UTF8%SWAPIDPART=Â¦&Â¦31|DESIGNATOR=36|ELECTRICAL=4|FORMALTYPE=1|LOCATION.X=140|LOCATION.Y=430|NAME=AT0|PINCONGLOMERATE=58|PINLENGTH=10|SWAPIDPART=Ž&Ž31|
RECORD=41|LINENO= 493|OWNERPARTID=   0|OWNERINDEX= 492|FONTID=1|ISHIDDEN=T|LOCATION.X=140|LOCATION.Y=430|NAME=PinUniqueId|TEXT=PJQLIVWR|UNIQUEID=KDVVSUAI|
RECORD= 2|LINENO= 494|OWNERPARTID=   4|OWNERINDEX= 464|%UTF8%SWAPIDPART=Â¦&Â¦31|DESIGNATOR=37|ELECTRICAL=4|FORMALTYPE=1|LOCATION.X=140|LOCATION.Y=420|NAME=AT1|PINCONGLOMERATE=58|PINLENGTH=10|SWAPIDPART=Ž&Ž31|
RECORD=41|LINENO= 495|OWNERPARTID=   0|OWNERINDEX= 494|FONTID=1|ISHIDDEN=T|LOCATION.X=140|LOCATION.Y=420|NAME=PinUniqueId|TEXT=GIOJCXUP|UNIQUEID=RRRAOGTW|
RECORD= 2|LINENO= 496|OWNERPARTID=   4|OWNERINDEX= 464|%UTF8%SWAPIDPART=Â¦&Â¦31|DESIGNATOR=8|ELECTRICAL=4|FORMALTYPE=1|LOCATION.X=140|LOCATION.Y=470|NAME=NRST|PINCONGLOMERATE=58|PINLENGTH=10|SWAPIDPART=Ž&Ž31|
RECORD=41|LINENO= 497|OWNERPARTID=   0|OWNERINDEX= 496|FONTID=1|ISHIDDEN=T|LOCATION.X=140|LOCATION.Y=470|NAME=PinUniqueId|TEXT=OJHCCCIH|UNIQUEID=PIYBHYSL|
RECORD=14|LINENO= 498|OWNERPARTID=   6|OWNERINDEX= 464|AREACOLOR=11599871|CORNER.X=290|CORNER.Y=480|ISSOLID=T|LOCATION.X=130|LOCATION.Y=130|
RECORD= 2|LINENO= 499|OWNERPARTID=   6|OWNERINDEX= 464|%UTF8%SWAPIDPART=Â¦&Â¦1|DESIGNATOR=15|ELECTRICAL=4|FORMALTYPE=1|LOCATION.X=290|LOCATION.Y=460|NAME=PA0|PINCONGLOMERATE=56|PINLENGTH=10|SWAPIDPART=Ž&Ž1|
RECORD=41|LINENO= 500|OWNERPARTID=   0|OWNERINDEX= 499|FONTID=1|ISHIDDEN=T|LOCATION.X=290|LOCATION.Y=460|NAME=PinUniqueId|TEXT=KCCRMIWO|UNIQUEID=SDGEOURG|
RECORD= 2|LINENO= 501|OWNERPARTID=   6|OWNERINDEX= 464|%UTF8%SWAPIDPART=Â¦&Â¦1|DESIGNATOR=16|ELECTRICAL=4|FORMALTYPE=1|LOCATION.X=290|LOCATION.Y=450|NAME=PA1|PINCONGLOMERATE=56|PINLENGTH=10|SWAPIDPART=Ž&Ž1|
RECORD=41|LINENO= 502|OWNERPARTID=   0|OWNERINDEX= 501|FONTID=1|ISHIDDEN=T|LOCATION.X=290|LOCATION.Y=450|NAME=PinUniqueId|TEXT=SEYGNWOF|UNIQUEID=UGIBHYVG|
RECORD= 2|LINENO= 503|OWNERPARTID=   6|OWNERINDEX= 464|%UTF8%SWAPIDPART=Â¦&Â¦1|DESIGNATOR=17|ELECTRICAL=4|FORMALTYPE=1|LOCATION.X=290|LOCATION.Y=440|NAME=PA2|PINCONGLOMERATE=56|PINLENGTH=10|SWAPIDPART=Ž&Ž1|
RECORD=41|LINENO= 504|OWNERPARTID=   0|OWNERINDEX= 503|FONTID=1|ISHIDDEN=T|LOCATION.X=290|LOCATION.Y=440|NAME=PinUniqueId|TEXT=UXJDQGEW|UNIQUEID=HTMVLGLD|
RECORD= 2|LINENO= 505|OWNERPARTID=   6|OWNERINDEX= 464|%UTF8%SWAPIDPART=Â¦&Â¦1|DESIGNATOR=18|ELECTRICAL=4|FORMALTYPE=1|LOCATION.X=290|LOCATION.Y=430|NAME=PA3|PINCONGLOMERATE=56|PINLENGTH=10|SWAPIDPART=Ž&Ž1|
RECORD=41|LINENO= 506|OWNERPARTID=   0|OWNERINDEX= 505|FONTID=1|ISHIDDEN=T|LOCATION.X=290|LOCATION.Y=430|NAME=PinUniqueId|TEXT=EDBBAGPS|UNIQUEID=HMBSEEAI|
RECORD= 2|LINENO= 507|OWNERPARTID=   6|OWNERINDEX= 464|%UTF8%SWAPIDPART=Â¦&Â¦1|DESIGNATOR=19|ELECTRICAL=4|FORMALTYPE=1|LOCATION.X=290|LOCATION.Y=420|NAME=PA4|PINCONGLOMERATE=56|PINLENGTH=10|SWAPIDPART=Ž&Ž1|
RECORD=41|LINENO= 508|OWNERPARTID=   0|OWNERINDEX= 507|FONTID=1|ISHIDDEN=T|LOCATION.X=290|LOCATION.Y=420|NAME=PinUniqueId|TEXT=YXRBRVFD|UNIQUEID=AFORSVVM|
RECORD= 2|LINENO= 509|OWNERPARTID=   6|OWNERINDEX= 464|%UTF8%SWAPIDPART=Â¦&Â¦1|DESIGNATOR=20|ELECTRICAL=4|FORMALTYPE=1|LOCATION.X=290|LOCATION.Y=410|NAME=PA5|PINCONGLOMERATE=56|PINLENGTH=10|SWAPIDPART=Ž&Ž1|
RECORD=41|LINENO= 510|OWNERPARTID=   0|OWNERINDEX= 509|FONTID=1|ISHIDDEN=T|LOCATION.X=290|LOCATION.Y=410|NAME=PinUniqueId|TEXT=SPCXKODV|UNIQUEID=VHQIPRRD|
RECORD= 2|LINENO= 511|OWNERPARTID=   6|OWNERINDEX= 464|%UTF8%SWAPIDPART=Â¦&Â¦1|DESIGNATOR=21|ELECTRICAL=4|FORMALTYPE=1|LOCATION.X=290|LOCATION.Y=400|NAME=PA6|PINCONGLOMERATE=56|PINLENGTH=10|SWAPIDPART=Ž&Ž1|
RECORD=41|LINENO= 512|OWNERPARTID=   0|OWNERINDEX= 511|FONTID=1|ISHIDDEN=T|LOCATION.X=290|LOCATION.Y=400|NAME=PinUniqueId|TEXT=BYVDSBWI|UNIQUEID=VKGRPAHR|
RECORD= 2|LINENO= 513|OWNERPARTID=   6|OWNERINDEX= 464|%UTF8%SWAPIDPART=Â¦&Â¦1|DESIGNATOR=22|ELECTRICAL=4|FORMALTYPE=1|LOCATION.X=290|LOCATION.Y=390|NAME=PA7|PINCONGLOMERATE=56|PINLENGTH=10|SWAPIDPART=Ž&Ž1|
RECORD=41|LINENO= 514|OWNERPARTID=   0|OWNERINDEX= 513|FONTID=1|ISHIDDEN=T|LOCATION.X=290|LOCATION.Y=390|NAME=PinUniqueId|TEXT=PSMTAEXN|UNIQUEID=IYOKGEWV|
RECORD= 2|LINENO= 515|OWNERPARTID=   6|OWNERINDEX= 464|%UTF8%SWAPIDPART=Â¦&Â¦1|DESIGNATOR=23|ELECTRICAL=4|FORMALTYPE=1|LOCATION.X=290|LOCATION.Y=380|NAME=PA8|PINCONGLOMERATE=56|PINLENGTH=10|SWAPIDPART=Ž&Ž1|
RECORD=41|LINENO= 516|OWNERPARTID=   0|OWNERINDEX= 515|FONTID=1|ISHIDDEN=T|LOCATION.X=290|LOCATION.Y=380|NAME=PinUniqueId|TEXT=SOMUSEDW|UNIQUEID=AHNHUYHJ|
RECORD= 2|LINENO= 517|OWNERPARTID=   6|OWNERINDEX= 464|%UTF8%SWAPIDPART=Â¦&Â¦1|DESIGNATOR=24|ELECTRICAL=4|FORMALTYPE=1|LOCATION.X=290|LOCATION.Y=370|NAME=PA9|PINCONGLOMERATE=56|PINLENGTH=10|SWAPIDPART=Ž&Ž1|
RECORD=41|LINENO= 518|OWNERPARTID=   0|OWNERINDEX= 517|FONTID=1|ISHIDDEN=T|LOCATION.X=290|LOCATION.Y=370|NAME=PinUniqueId|TEXT=OBODKGOS|UNIQUEID=VSQDWIIT|
RECORD= 2|LINENO= 519|OWNERPARTID=   6|OWNERINDEX= 464|%UTF8%SWAPIDPART=Â¦&Â¦1|DESIGNATOR=25|ELECTRICAL=4|FORMALTYPE=1|LOCATION.X=130|LOCATION.Y=420|NAME=PC4|PINCONGLOMERATE=58|PINLENGTH=10|SWAPIDPART=Ž&Ž1|
RECORD=41|LINENO= 520|OWNERPARTID=   0|OWNERINDEX= 519|FONTID=1|ISHIDDEN=T|LOCATION.X=130|LOCATION.Y=420|NAME=PinUniqueId|TEXT=BMRDKNDX|UNIQUEID=QNVSPKXW|
RECORD= 2|LINENO= 521|OWNERPARTID=   6|OWNERINDEX= 464|%UTF8%SWAPIDPART=Â¦&Â¦1|DESIGNATOR=26|ELECTRICAL=4|FORMALTYPE=1|LOCATION.X=130|LOCATION.Y=410|NAME=PC5|PINCONGLOMERATE=58|PINLENGTH=10|SWAPIDPART=Ž&Ž1|
RECORD=41|LINENO= 522|OWNERPARTID=   0|OWNERINDEX= 521|FONTID=1|ISHIDDEN=T|LOCATION.X=130|LOCATION.Y=410|NAME=PinUniqueId|TEXT=VGLKPGNU|UNIQUEID=QKJNHTXH|
RECORD= 2|LINENO= 523|OWNERPARTID=   6|OWNERINDEX= 464|%UTF8%SWAPIDPART=Â¦&Â¦1|DESIGNATOR=27|ELECTRICAL=4|FORMALTYPE=1|LOCATION.X=290|LOCATION.Y=270|NAME=PB2|PINCONGLOMERATE=56|PINLENGTH=10|SWAPIDPART=Ž&Ž1|
RECORD=41|LINENO= 524|OWNERPARTID=   0|OWNERINDEX= 523|FONTID=1|ISHIDDEN=T|LOCATION.X=290|LOCATION.Y=270|NAME=PinUniqueId|TEXT=OLHDJGVL|UNIQUEID=GFPCRGEJ|
RECORD= 2|LINENO= 525|OWNERPARTID=   6|OWNERINDEX= 464|%UTF8%SWAPIDPART=Â¦&Â¦1|DESIGNATOR=28|ELECTRICAL=4|FORMALTYPE=1|LOCATION.X=290|LOCATION.Y=190|NAME=PB10|PINCONGLOMERATE=56|PINLENGTH=10|SWAPIDPART=Ž&Ž1|
RECORD=41|LINENO= 526|OWNERPARTID=   0|OWNERINDEX= 525|FONTID=1|ISHIDDEN=T|LOCATION.X=290|LOCATION.Y=190|NAME=PinUniqueId|TEXT=YUDDPUVL|UNIQUEID=XYKMARJJ|
RECORD= 2|LINENO= 527|OWNERPARTID=   6|OWNERINDEX= 464|%UTF8%SWAPIDPART=Â¦&Â¦1|DESIGNATOR=9|ELECTRICAL=4|FORMALTYPE=1|LOCATION.X=130|LOCATION.Y=460|NAME=PC0|PINCONGLOMERATE=58|PINLENGTH=10|SWAPIDPART=Ž&Ž1|
RECORD=41|LINENO= 528|OWNERPARTID=   0|OWNERINDEX= 527|FONTID=1|ISHIDDEN=T|LOCATION.X=130|LOCATION.Y=460|NAME=PinUniqueId|TEXT=CWJATWNN|UNIQUEID=DJSMDILA|
RECORD= 2|LINENO= 529|OWNERPARTID=   6|OWNERINDEX= 464|%UTF8%SWAPIDPART=Â¦&Â¦1|DESIGNATOR=10|ELECTRICAL=4|FORMALTYPE=1|LOCATION.X=130|LOCATION.Y=450|NAME=PC1|PINCONGLOMERATE=58|PINLENGTH=10|SWAPIDPART=Ž&Ž1|
RECORD=41|LINENO= 530|OWNERPARTID=   0|OWNERINDEX= 529|FONTID=1|ISHIDDEN=T|LOCATION.X=130|LOCATION.Y=450|NAME=PinUniqueId|TEXT=TRAYUJNC|UNIQUEID=AJFGOKKJ|
RECORD= 2|LINENO= 531|OWNERPARTID=   6|OWNERINDEX= 464|%UTF8%SWAPIDPART=Â¦&Â¦1|DESIGNATOR=11|ELECTRICAL=4|FORMALTYPE=1|LOCATION.X=130|LOCATION.Y=440|NAME=PC2|PINCONGLOMERATE=58|PINLENGTH=10|SWAPIDPART=Ž&Ž1|
RECORD=41|LINENO= 532|OWNERPARTID=   0|OWNERINDEX= 531|FONTID=1|ISHIDDEN=T|LOCATION.X=130|LOCATION.Y=440|NAME=PinUniqueId|TEXT=SLQHMDXM|UNIQUEID=QAXIFYYB|
RECORD= 2|LINENO= 533|OWNERPARTID=   6|OWNERINDEX= 464|%UTF8%SWAPIDPART=Â¦&Â¦1|DESIGNATOR=12|ELECTRICAL=4|FORMALTYPE=1|LOCATION.X=130|LOCATION.Y=430|NAME=PC3|PINCONGLOMERATE=58|PINLENGTH=10|SWAPIDPART=Ž&Ž1|
RECORD=41|LINENO= 534|OWNERPARTID=   0|OWNERINDEX= 533|FONTID=1|ISHIDDEN=T|LOCATION.X=130|LOCATION.Y=430|NAME=PinUniqueId|TEXT=HYNANUUA|UNIQUEID=YDDFFFKO|
RECORD= 2|LINENO= 535|OWNERPARTID=   6|OWNERINDEX= 464|%UTF8%SWAPIDPART=Â¦&Â¦1|DESIGNATOR=6|ELECTRICAL=4|FORMALTYPE=1|LOCATION.X=290|LOCATION.Y=210|NAME=PB8|PINCONGLOMERATE=56|PINLENGTH=10|SWAPIDPART=Ž&Ž1|
RECORD=41|LINENO= 536|OWNERPARTID=   0|OWNERINDEX= 535|FONTID=1|ISHIDDEN=T|LOCATION.X=290|LOCATION.Y=210|NAME=PinUniqueId|TEXT=TXXYWLBA|UNIQUEID=AMENRVHG|
RECORD= 2|LINENO= 537|OWNERPARTID=   6|OWNERINDEX= 464|%UTF8%SWAPIDPART=Â¦&Â¦1|DESIGNATOR=7|ELECTRICAL=4|FORMALTYPE=1|LOCATION.X=290|LOCATION.Y=200|NAME=PB9|PINCONGLOMERATE=56|PINLENGTH=10|SWAPIDPART=Ž&Ž1|
RECORD=41|LINENO= 538|OWNERPARTID=   0|OWNERINDEX= 537|FONTID=1|ISHIDDEN=T|LOCATION.X=290|LOCATION.Y=200|NAME=PinUniqueId|TEXT=WSHAEDXL|UNIQUEID=WCDMXAQE|
RECORD= 2|LINENO= 539|OWNERPARTID=   6|OWNERINDEX= 464|%UTF8%SWAPIDPART=Â¦&Â¦1|DESIGNATOR=2|ELECTRICAL=4|FORMALTYPE=1|LOCATION.X=130|LOCATION.Y=330|NAME=PC13|PINCONGLOMERATE=58|PINLENGTH=10|SWAPIDPART=Ž&Ž1|
RECORD=41|LINENO= 540|OWNERPARTID=   0|OWNERINDEX= 539|FONTID=1|ISHIDDEN=T|LOCATION.X=130|LOCATION.Y=330|NAME=PinUniqueId|TEXT=PRPTXXHN|UNIQUEID=GHEPHLQV|
RECORD= 2|LINENO= 541|OWNERPARTID=   6|OWNERINDEX= 464|%UTF8%SWAPIDPART=Â¦&Â¦1|DESIGNATOR=29|ELECTRICAL=4|FORMALTYPE=1|LOCATION.X=290|LOCATION.Y=180|NAME=PB11|PINCONGLOMERATE=56|PINLENGTH=10|SWAPIDPART=Ž&Ž1|
RECORD=41|LINENO= 542|OWNERPARTID=   0|OWNERINDEX= 541|FONTID=1|ISHIDDEN=T|LOCATION.X=290|LOCATION.Y=180|NAME=PinUniqueId|TEXT=ULTMDGFX|UNIQUEID=OECTJXXO|
RECORD= 2|LINENO= 543|OWNERPARTID=   6|OWNERINDEX= 464|%UTF8%SWAPIDPART=Â¦&Â¦1|DESIGNATOR=46|ELECTRICAL=4|FORMALTYPE=1|LOCATION.X=290|LOCATION.Y=170|NAME=PB12|PINCONGLOMERATE=56|PINLENGTH=10|SWAPIDPART=Ž&Ž1|
RECORD=41|LINENO= 544|OWNERPARTID=   0|OWNERINDEX= 543|FONTID=1|ISHIDDEN=T|LOCATION.X=290|LOCATION.Y=170|NAME=PinUniqueId|TEXT=VPBIWRCD|UNIQUEID=HSVUAAKU|
RECORD= 2|LINENO= 545|OWNERPARTID=   6|OWNERINDEX= 464|%UTF8%SWAPIDPART=Â¦&Â¦1|DESIGNATOR=47|ELECTRICAL=4|FORMALTYPE=1|LOCATION.X=290|LOCATION.Y=160|NAME=PB13|PINCONGLOMERATE=56|PINLENGTH=10|SWAPIDPART=Ž&Ž1|
RECORD=41|LINENO= 546|OWNERPARTID=   0|OWNERINDEX= 545|FONTID=1|ISHIDDEN=T|LOCATION.X=290|LOCATION.Y=160|NAME=PinUniqueId|TEXT=OYOWSPRI|UNIQUEID=NUHUSDTJ|
RECORD= 2|LINENO= 547|OWNERPARTID=   6|OWNERINDEX= 464|%UTF8%SWAPIDPART=Â¦&Â¦1|DESIGNATOR=48|ELECTRICAL=4|FORMALTYPE=1|LOCATION.X=290|LOCATION.Y=150|NAME=PB14|PINCONGLOMERATE=56|PINLENGTH=10|SWAPIDPART=Ž&Ž1|
RECORD=41|LINENO= 548|OWNERPARTID=   0|OWNERINDEX= 547|FONTID=1|ISHIDDEN=T|LOCATION.X=290|LOCATION.Y=150|NAME=PinUniqueId|TEXT=AQAHNUGC|UNIQUEID=NSRNUBMD|
RECORD= 2|LINENO= 549|OWNERPARTID=   6|OWNERINDEX= 464|%UTF8%SWAPIDPART=Â¦&Â¦1|DESIGNATOR=49|ELECTRICAL=4|FORMALTYPE=1|LOCATION.X=290|LOCATION.Y=140|NAME=PB15|PINCONGLOMERATE=56|PINLENGTH=10|SWAPIDPART=Ž&Ž1|
RECORD=41|LINENO= 550|OWNERPARTID=   0|OWNERINDEX= 549|FONTID=1|ISHIDDEN=T|LOCATION.X=290|LOCATION.Y=140|NAME=PinUniqueId|TEXT=MYYYBVPD|UNIQUEID=CYTKTKFW|
RECORD= 2|LINENO= 551|OWNERPARTID=   6|OWNERINDEX= 464|%UTF8%SWAPIDPART=Â¦&Â¦1|DESIGNATOR=50|ELECTRICAL=4|FORMALTYPE=1|LOCATION.X=130|LOCATION.Y=400|NAME=PC6|PINCONGLOMERATE=58|PINLENGTH=10|SWAPIDPART=Ž&Ž1|
RECORD=41|LINENO= 552|OWNERPARTID=   0|OWNERINDEX= 551|FONTID=1|ISHIDDEN=T|LOCATION.X=130|LOCATION.Y=400|NAME=PinUniqueId|TEXT=NKCQVYLR|UNIQUEID=FIGISBXU|
RECORD= 2|LINENO= 553|OWNERPARTID=   6|OWNERINDEX= 464|%UTF8%SWAPIDPART=Â¦&Â¦1|DESIGNATOR=51|ELECTRICAL=4|FORMALTYPE=1|LOCATION.X=290|LOCATION.Y=360|NAME=PA10|PINCONGLOMERATE=56|PINLENGTH=10|SWAPIDPART=Ž&Ž1|
RECORD=41|LINENO= 554|OWNERPARTID=   0|OWNERINDEX= 553|FONTID=1|ISHIDDEN=T|LOCATION.X=290|LOCATION.Y=360|NAME=PinUniqueId|TEXT=XVHRBMPQ|UNIQUEID=AMXOTXUY|
RECORD= 2|LINENO= 555|OWNERPARTID=   6|OWNERINDEX= 464|%UTF8%SWAPIDPART=Â¦&Â¦1|DESIGNATOR=52|ELECTRICAL=4|FORMALTYPE=1|LOCATION.X=290|LOCATION.Y=350|NAME=PA11|PINCONGLOMERATE=56|PINLENGTH=10|SWAPIDPART=Ž&Ž1|
RECORD=41|LINENO= 556|OWNERPARTID=   0|OWNERINDEX= 555|FONTID=1|ISHIDDEN=T|LOCATION.X=290|LOCATION.Y=350|NAME=PinUniqueId|TEXT=UDESECOQ|UNIQUEID=CNNCRFEH|
RECORD= 2|LINENO= 557|OWNERPARTID=   6|OWNERINDEX= 464|%UTF8%SWAPIDPART=Â¦&Â¦1|DESIGNATOR=53|ELECTRICAL=4|FORMALTYPE=1|LOCATION.X=290|LOCATION.Y=340|NAME=PA12|PINCONGLOMERATE=56|PINLENGTH=10|SWAPIDPART=Ž&Ž1|
RECORD=41|LINENO= 558|OWNERPARTID=   0|OWNERINDEX= 557|FONTID=1|ISHIDDEN=T|LOCATION.X=290|LOCATION.Y=340|NAME=PinUniqueId|TEXT=AEKQISMB|UNIQUEID=RDUXJWMO|
RECORD= 2|LINENO= 559|OWNERPARTID=   6|OWNERINDEX= 464|%UTF8%SWAPIDPART=Â¦&Â¦1|DESIGNATOR=54|ELECTRICAL=4|FORMALTYPE=1|LOCATION.X=290|LOCATION.Y=330|NAME=PA13-JTMS_SWDIO|PINCONGLOMERATE=56|PINLENGTH=10|SWAPIDPART=Ž&Ž1|
RECORD=41|LINENO= 560|OWNERPARTID=   0|OWNERINDEX= 559|FONTID=1|ISHIDDEN=T|LOCATION.X=290|LOCATION.Y=330|NAME=PinUniqueId|TEXT=DAYQYXGI|UNIQUEID=JVMINEOJ|
RECORD= 2|LINENO= 561|OWNERPARTID=   6|OWNERINDEX= 464|%UTF8%SWAPIDPART=Â¦&Â¦1|DESIGNATOR=56|ELECTRICAL=4|FORMALTYPE=1|LOCATION.X=290|LOCATION.Y=320|NAME=PA14-JTCK_SWCLK|PINCONGLOMERATE=56|PINLENGTH=10|SWAPIDPART=Ž&Ž1|
RECORD=41|LINENO= 562|OWNERPARTID=   0|OWNERINDEX= 561|FONTID=1|ISHIDDEN=T|LOCATION.X=290|LOCATION.Y=320|NAME=PinUniqueId|TEXT=UOBCFBKT|UNIQUEID=BXNSMDRN|
RECORD= 2|LINENO= 563|OWNERPARTID=   6|OWNERINDEX= 464|%UTF8%SWAPIDPART=Â¦&Â¦1|DESIGNATOR=57|ELECTRICAL=4|FORMALTYPE=1|LOCATION.X=290|LOCATION.Y=310|NAME=PA15-JTDI|PINCONGLOMERATE=56|PINLENGTH=10|SWAPIDPART=Ž&Ž1|
RECORD=41|LINENO= 564|OWNERPARTID=   0|OWNERINDEX= 563|FONTID=1|ISHIDDEN=T|LOCATION.X=290|LOCATION.Y=310|NAME=PinUniqueId|TEXT=JGFFUBHR|UNIQUEID=VDIJVNVP|
RECORD= 2|LINENO= 565|OWNERPARTID=   6|OWNERINDEX= 464|%UTF8%SWAPIDPART=Â¦&Â¦1|DESIGNATOR=58|ELECTRICAL=4|FORMALTYPE=1|LOCATION.X=130|LOCATION.Y=360|NAME=PC10|PINCONGLOMERATE=58|PINLENGTH=10|SWAPIDPART=Ž&Ž1|
RECORD=41|LINENO= 566|OWNERPARTID=   0|OWNERINDEX= 565|FONTID=1|ISHIDDEN=T|LOCATION.X=130|LOCATION.Y=360|NAME=PinUniqueId|TEXT=YJKINUIN|UNIQUEID=IDWALAXC|
RECORD= 2|LINENO= 567|OWNERPARTID=   6|OWNERINDEX= 464|%UTF8%SWAPIDPART=Â¦&Â¦1|DESIGNATOR=59|ELECTRICAL=4|FORMALTYPE=1|LOCATION.X=130|LOCATION.Y=350|NAME=PC11|PINCONGLOMERATE=58|PINLENGTH=10|SWAPIDPART=Ž&Ž1|
RECORD=41|LINENO= 568|OWNERPARTID=   0|OWNERINDEX= 567|FONTID=1|ISHIDDEN=T|LOCATION.X=130|LOCATION.Y=350|NAME=PinUniqueId|TEXT=GMJHIFBS|UNIQUEID=ODFICSJL|
RECORD= 2|LINENO= 569|OWNERPARTID=   6|OWNERINDEX= 464|%UTF8%SWAPIDPART=Â¦&Â¦1|DESIGNATOR=60|ELECTRICAL=4|FORMALTYPE=1|LOCATION.X=130|LOCATION.Y=340|NAME=PC12|PINCONGLOMERATE=58|PINLENGTH=10|SWAPIDPART=Ž&Ž1|
RECORD=41|LINENO= 570|OWNERPARTID=   0|OWNERINDEX= 569|FONTID=1|ISHIDDEN=T|LOCATION.X=130|LOCATION.Y=340|NAME=PinUniqueId|TEXT=WGNPTCQN|UNIQUEID=FSQYRYFX|
RECORD= 2|LINENO= 571|OWNERPARTID=   6|OWNERINDEX= 464|%UTF8%SWAPIDPART=Â¦&Â¦1|DESIGNATOR=61|ELECTRICAL=4|FORMALTYPE=1|LOCATION.X=130|LOCATION.Y=310|NAME=PD0|PINCONGLOMERATE=58|PINLENGTH=10|SWAPIDPART=Ž&Ž1|
RECORD=41|LINENO= 572|OWNERPARTID=   0|OWNERINDEX= 571|FONTID=1|ISHIDDEN=T|LOCATION.X=130|LOCATION.Y=310|NAME=PinUniqueId|TEXT=DNUAHEYN|UNIQUEID=YHJQGPWJ|
RECORD= 2|LINENO= 573|OWNERPARTID=   6|OWNERINDEX= 464|%UTF8%SWAPIDPART=Â¦&Â¦1|DESIGNATOR=62|ELECTRICAL=4|FORMALTYPE=1|LOCATION.X=130|LOCATION.Y=300|NAME=PD1|PINCONGLOMERATE=58|PINLENGTH=10|SWAPIDPART=Ž&Ž1|
RECORD=41|LINENO= 574|OWNERPARTID=   0|OWNERINDEX= 573|FONTID=1|ISHIDDEN=T|LOCATION.X=130|LOCATION.Y=300|NAME=PinUniqueId|TEXT=OWPOTJJV|UNIQUEID=QHYXXFNK|
RECORD= 2|LINENO= 575|OWNERPARTID=   6|OWNERINDEX= 464|%UTF8%SWAPIDPART=Â¦&Â¦1|DESIGNATOR=63|ELECTRICAL=4|FORMALTYPE=1|LOCATION.X=290|LOCATION.Y=260|NAME=PB3-JTDO|PINCONGLOMERATE=56|PINLENGTH=10|SWAPIDPART=Ž&Ž1|
RECORD=41|LINENO= 576|OWNERPARTID=   0|OWNERINDEX= 575|FONTID=1|ISHIDDEN=T|LOCATION.X=290|LOCATION.Y=260|NAME=PinUniqueId|TEXT=WEMUELVM|UNIQUEID=TJUYDDSC|
RECORD= 2|LINENO= 577|OWNERPARTID=   6|OWNERINDEX= 464|%UTF8%SWAPIDPART=Â¦&Â¦1|DESIGNATOR=64|ELECTRICAL=4|FORMALTYPE=1|LOCATION.X=290|LOCATION.Y=250|NAME=PB4-NJTRST|PINCONGLOMERATE=56|PINLENGTH=10|SWAPIDPART=Ž&Ž1|
RECORD=41|LINENO= 578|OWNERPARTID=   0|OWNERINDEX= 577|FONTID=1|ISHIDDEN=T|LOCATION.X=290|LOCATION.Y=250|NAME=PinUniqueId|TEXT=OSOHWCUG|UNIQUEID=VLXSVJDR|
RECORD= 2|LINENO= 579|OWNERPARTID=   6|OWNERINDEX= 464|%UTF8%SWAPIDPART=Â¦&Â¦1|DESIGNATOR=65|ELECTRICAL=4|FORMALTYPE=1|LOCATION.X=290|LOCATION.Y=240|NAME=PB5|PINCONGLOMERATE=56|PINLENGTH=10|SWAPIDPART=Ž&Ž1|
RECORD=41|LINENO= 580|OWNERPARTID=   0|OWNERINDEX= 579|FONTID=1|ISHIDDEN=T|LOCATION.X=290|LOCATION.Y=240|NAME=PinUniqueId|TEXT=XRGRNXLM|UNIQUEID=XDOMWDHT|
RECORD= 2|LINENO= 581|OWNERPARTID=   6|OWNERINDEX= 464|%UTF8%SWAPIDPART=Â¦&Â¦1|DESIGNATOR=66|ELECTRICAL=4|FORMALTYPE=1|LOCATION.X=290|LOCATION.Y=230|NAME=PB6|PINCONGLOMERATE=56|PINLENGTH=10|SWAPIDPART=Ž&Ž1|
RECORD=41|LINENO= 582|OWNERPARTID=   0|OWNERINDEX= 581|FONTID=1|ISHIDDEN=T|LOCATION.X=290|LOCATION.Y=230|NAME=PinUniqueId|TEXT=WROORLUT|UNIQUEID=ESASFIEX|
RECORD= 2|LINENO= 583|OWNERPARTID=   6|OWNERINDEX= 464|%UTF8%SWAPIDPART=Â¦&Â¦1|DESIGNATOR=67|ELECTRICAL=4|FORMALTYPE=1|LOCATION.X=290|LOCATION.Y=220|NAME=PB7|PINCONGLOMERATE=56|PINLENGTH=10|SWAPIDPART=Ž&Ž1|
RECORD=41|LINENO= 584|OWNERPARTID=   0|OWNERINDEX= 583|FONTID=1|ISHIDDEN=T|LOCATION.X=290|LOCATION.Y=220|NAME=PinUniqueId|TEXT=DTHLQNXE|UNIQUEID=KCHCJVLF|
RECORD= 2|LINENO= 585|OWNERPARTID=   6|OWNERINDEX= 464|%UTF8%SWAPIDPART=Â¦&Â¦1|DESIGNATOR=39|ELECTRICAL=4|FORMALTYPE=1|LOCATION.X=290|LOCATION.Y=280|NAME=PB1|PINCONGLOMERATE=56|PINLENGTH=10|SWAPIDPART=Ž&Ž1|
RECORD=41|LINENO= 586|OWNERPARTID=   0|OWNERINDEX= 585|FONTID=1|ISHIDDEN=T|LOCATION.X=290|LOCATION.Y=280|NAME=PinUniqueId|TEXT=YTGBEAGP|UNIQUEID=BHHCUTAO|
RECORD= 2|LINENO= 587|OWNERPARTID=   6|OWNERINDEX= 464|%UTF8%SWAPIDPART=Â¦&Â¦1|DESIGNATOR=38|ELECTRICAL=4|FORMALTYPE=1|LOCATION.X=290|LOCATION.Y=290|NAME=PB0|PINCONGLOMERATE=56|PINLENGTH=10|SWAPIDPART=Ž&Ž1|
RECORD=41|LINENO= 588|OWNERPARTID=   0|OWNERINDEX= 587|FONTID=1|ISHIDDEN=T|LOCATION.X=290|LOCATION.Y=290|NAME=PinUniqueId|TEXT=SXNWNXCX|UNIQUEID=KDNORVFA|
RECORD= 2|LINENO= 589|OWNERPARTID=   6|OWNERINDEX= 464|%UTF8%SWAPIDPART=Â¦&Â¦1|DESIGNATOR=40|ELECTRICAL=4|FORMALTYPE=1|LOCATION.X=130|LOCATION.Y=280|NAME=PE4|PINCONGLOMERATE=58|PINLENGTH=10|SWAPIDPART=Ž&Ž1|
RECORD=41|LINENO= 590|OWNERPARTID=   0|OWNERINDEX= 589|FONTID=1|ISHIDDEN=T|LOCATION.X=130|LOCATION.Y=280|NAME=PinUniqueId|TEXT=RSFJKNQN|UNIQUEID=AKFBGVRL|
RECORD=14|LINENO= 591|OWNERPARTID=   5|OWNERINDEX= 464|AREACOLOR=11599871|CORNER.X=280|CORNER.Y=480|ISSOLID=T|LOCATION.X=140|LOCATION.Y=330|
RECORD= 2|LINENO= 592|OWNERPARTID=   5|OWNERINDEX= 464|%UTF8%SWAPIDPART=Â¦&Â¦3|DESIGNATOR=13|ELECTRICAL=4|FORMALTYPE=1|LOCATION.X=280|LOCATION.Y=350|NAME=VREF+|PINCONGLOMERATE=56|PINLENGTH=10|SWAPIDPART=Ž&Ž3|
RECORD=41|LINENO= 593|OWNERPARTID=   0|OWNERINDEX= 592|FONTID=1|ISHIDDEN=T|LOCATION.X=280|LOCATION.Y=350|NAME=PinUniqueId|TEXT=KIGVXHAH|UNIQUEID=BEHUNMTS|
RECORD= 2|LINENO= 594|OWNERPARTID=   5|OWNERINDEX= 464|%UTF8%SWAPIDPART=Â¦&Â¦3|DESIGNATOR=14|ELECTRICAL=4|FORMALTYPE=1|LOCATION.X=280|LOCATION.Y=370|NAME=VDDA|PINCONGLOMERATE=56|PINLENGTH=10|SWAPIDPART=Ž&Ž3|
RECORD=41|LINENO= 595|OWNERPARTID=   0|OWNERINDEX= 594|FONTID=1|ISHIDDEN=T|LOCATION.X=280|LOCATION.Y=370|NAME=PinUniqueId|TEXT=CXOLSLHV|UNIQUEID=PKRWBDIY|
RECORD= 2|LINENO= 596|OWNERPARTID=   5|OWNERINDEX= 464|%UTF8%SWAPIDPART=Â¦&Â¦3|DESIGNATOR=30|ELECTRICAL=4|FORMALTYPE=1|LOCATION.X=280|LOCATION.Y=430|NAME=VDD|PINCONGLOMERATE=56|PINLENGTH=10|SWAPIDPART=Ž&Ž3|
RECORD=41|LINENO= 597|OWNERPARTID=   0|OWNERINDEX= 596|FONTID=1|ISHIDDEN=T|LOCATION.X=280|LOCATION.Y=430|NAME=PinUniqueId|TEXT=YPHPEUMA|UNIQUEID=LYKVRRIE|
RECORD= 2|LINENO= 598|OWNERPARTID=   5|OWNERINDEX= 464|%UTF8%SWAPIDPART=Â¦&Â¦3|DESIGNATOR=45|ELECTRICAL=4|FORMALTYPE=1|LOCATION.X=280|LOCATION.Y=450|NAME=VDD|PINCONGLOMERATE=56|PINLENGTH=10|SWAPIDPART=Ž&Ž3|
RECORD=41|LINENO= 599|OWNERPARTID=   0|OWNERINDEX= 598|FONTID=1|ISHIDDEN=T|LOCATION.X=280|LOCATION.Y=450|NAME=PinUniqueId|TEXT=OSKONTXT|UNIQUEID=FDVILWRI|
RECORD= 2|LINENO= 600|OWNERPARTID=   5|OWNERINDEX= 464|%UTF8%SWAPIDPART=Â¦&Â¦3|DESIGNATOR=55|ELECTRICAL=4|FORMALTYPE=1|LOCATION.X=280|LOCATION.Y=390|NAME=VDDUSB|PINCONGLOMERATE=56|PINLENGTH=10|SWAPIDPART=Ž&Ž3|
RECORD=41|LINENO= 601|OWNERPARTID=   0|OWNERINDEX= 600|FONTID=1|ISHIDDEN=T|LOCATION.X=280|LOCATION.Y=390|NAME=PinUniqueId|TEXT=LGOTGQHH|UNIQUEID=OTBJJQGM|
RECORD= 2|LINENO= 602|OWNERPARTID=   5|OWNERINDEX= 464|%UTF8%SWAPIDPART=Â¦&Â¦3|DESIGNATOR=1|ELECTRICAL=4|FORMALTYPE=1|LOCATION.X=280|LOCATION.Y=410|NAME=VBAT|PINCONGLOMERATE=56|PINLENGTH=10|SWAPIDPART=Ž&Ž3|
RECORD=41|LINENO= 603|OWNERPARTID=   0|OWNERINDEX= 602|FONTID=1|ISHIDDEN=T|LOCATION.X=280|LOCATION.Y=410|NAME=PinUniqueId|TEXT=PNXSGOBN|UNIQUEID=ESGPMCMQ|
RECORD= 2|LINENO= 604|OWNERPARTID=   5|OWNERINDEX= 464|%UTF8%SWAPIDPART=Â¦&Â¦3|DESIGNATOR=68|ELECTRICAL=4|FORMALTYPE=1|LOCATION.X=280|LOCATION.Y=460|NAME=VDD|PINCONGLOMERATE=56|PINLENGTH=10|SWAPIDPART=Ž&Ž3|
RECORD=41|LINENO= 605|OWNERPARTID=   0|OWNERINDEX= 604|FONTID=1|ISHIDDEN=T|LOCATION.X=280|LOCATION.Y=460|NAME=PinUniqueId|TEXT=DNRWMISX|UNIQUEID=FVCMWNRI|
RECORD= 2|LINENO= 606|OWNERPARTID=   5|OWNERINDEX= 464|%UTF8%SWAPIDPART=Â¦&Â¦10|DESIGNATOR=69|ELECTRICAL=4|FORMALTYPE=1|LOCATION.X=130|LOCATION.Y=320|NAME=VSS (ExPAD)|PINCONGLOMERATE=59|PINLENGTH=10|SWAPIDPART=Ž&Ž10|
RECORD=41|LINENO= 607|OWNERPARTID=   0|OWNERINDEX= 606|FONTID=1|ISHIDDEN=T|LOCATION.X=130|LOCATION.Y=320|NAME=PinUniqueId|TEXT=VFHOHVLP|UNIQUEID=NLKSUAVG|
RECORD= 6|LINENO= 608|OWNERPARTID=   5|OWNERINDEX= 464|LINEWIDTH=1|LOCATIONCOUNT=3|X1=138|X2=138|X3=150|Y1=340|Y2=328|Y3=328|
RECORD= 6|LINENO= 609|OWNERPARTID=   5|OWNERINDEX= 464|LINEWIDTH=1|LOCATIONCOUNT=2|X1=138|X2=130|Y1=328|Y2=320|
RECORD=34|LINENO= 610|OWNERPARTID=   0|OWNERINDEX= 464|FONTID=1|ISMIRRORED=T|LOCATION.X=160|LOCATION.Y=480|NAME=Designator|TEXT=U1|UNIQUEID=DULTXRPU|
RECORD=41|LINENO= 611|OWNERPARTID=   0|OWNERINDEX= 464|FONTID=1|ISMIRRORED=T|LOCATION.X=160|LOCATION.Y=390|NAME=Comment|TEXT=STM32WBxx_QFN68|UNIQUEID=WBVSSGQU|
RECORD=44|LINENO= 612|OWNERPARTID= -42|OWNERINDEX= 464|
RECORD=45|LINENO= 613|OWNERPARTID= -42|OWNERINDEX= 612|DATAFILECOUNT=1|ISCURRENT=T|MODELDATAFILEENTITY0=VFQFPN68_8x8x0.1_p0.4|MODELDATAFILEKIND0=PCBLib|MODELNAME=VFQFPN68_8x8x0.1_p0.4|MODELTYPE=PCBLIB|UNIQUEID=FECFVQEP|
RECORD=46|LINENO= 614|OWNERPARTID= -42|OWNERINDEX= 613|
RECORD=48|LINENO= 615|OWNERPARTID= -42|OWNERINDEX= 613|
RECORD=17|LINENO= 616|OWNERPARTID=   0|OWNERINDEX= -42|FONTID=2|LOCATION.X=140|LOCATION.Y=80|ORIENTATION=3|SHOWNETNAME=T|STYLE=1|TEXT=GND|UNIQUEID=NCLPXFIF|
RECORD= 1|LINENO= 617|OWNERPARTID=   0|OWNERINDEX= -42|AREACOLOR=11599871|COMPONENTDESCRIPTION=Harwin S0951-46R|CURRENTPARTID=1|DESIGNITEMID=Shield Clip_A 3.9x1.1x1.28|DISPLAYMODECOUNT=1|LIBRARYPATH=*|LIBREFERENCE=Shield Clip_A 3.9x1.1x1.28|LOCATION.X=140|LOCATION.Y=80|PARTCOUNT=2|PARTIDLOCKED=T|SOURCELIBRARYNAME=Box_Meca.SchLib|TARGETFILENAME=*|UNIQUEID=YSXAWFXH|
RECORD= 2|LINENO= 618|OWNERPARTID=   2|OWNERINDEX= 617|DESIGNATOR=1|ELECTRICAL=4|FORMALTYPE=1|LOCATION.X=140|LOCATION.Y=85|NAME=1|PINCONGLOMERATE=35|PINLENGTH=5|
RECORD=41|LINENO= 619|OWNERPARTID=   0|OWNERINDEX= 618|FONTID=1|ISHIDDEN=T|LOCATION.X=140|LOCATION.Y=85|NAME=PinUniqueId|TEXT=QKHFAEEF|UNIQUEID=AKOGRCWG|
RECORD= 6|LINENO= 620|OWNERPARTID=   2|OWNERINDEX= 617|LINEWIDTH=1|LOCATIONCOUNT=2|X1=140|X2=143|Y1=85|Y2=88|
RECORD= 6|LINENO= 621|OWNERPARTID=   2|OWNERINDEX= 617|LINEWIDTH=1|LOCATIONCOUNT=2|X1=140|X2=137|Y1=85|Y2=88|
RECORD= 6|LINENO= 622|OWNERPARTID=   2|OWNERINDEX= 617|LINEWIDTH=1|LOCATIONCOUNT=2|X1=140|X2=143|Y1=88|Y2=91|
RECORD= 6|LINENO= 623|OWNERPARTID=   2|OWNERINDEX= 617|LINEWIDTH=1|LOCATIONCOUNT=2|X1=140|X2=137|Y1=88|Y2=91|
RECORD= 6|LINENO= 624|OWNERPARTID=   2|OWNERINDEX= 617|LINEWIDTH=1|LOCATIONCOUNT=2|X1=143|X2=137|Y1=91|Y2=91|
RECORD=34|LINENO= 625|OWNERPARTID=   0|OWNERINDEX= 617|FONTID=1|LOCATION.X=143|LOCATION.Y=77|NAME=Designator|TEXT=SC1|UNIQUEID=FLSXSJQB|
RECORD=41|LINENO= 626|OWNERPARTID=   0|OWNERINDEX= 617|FONTID=1|ISHIDDEN=T|LOCATION.X=150|LOCATION.Y=80|NAME=Comment|TEXT=Shield Clip_A 3.9x1.1x1.28|UNIQUEID=CKMUCUKB|
RECORD=44|LINENO= 627|OWNERPARTID= -42|OWNERINDEX= 617|
RECORD=45|LINENO= 628|OWNERPARTID= -42|OWNERINDEX= 627|DATAFILECOUNT=1|DESCRIPTION=Shield Clip 3.9x1.1x1.28 - Harwin S0951-46R - Full pad|ISCURRENT=T|MODELDATAFILEENTITY0=Shield Clip_A 3.9x1.1x1.28|MODELDATAFILEKIND0=PCBLib|MODELNAME=Shield Clip_A 3.9x1.1x1.28|MODELTYPE=PCBLIB|UNIQUEID=QORPDODG|
RECORD=46|LINENO= 629|OWNERPARTID= -42|OWNERINDEX= 628|
RECORD=48|LINENO= 630|OWNERPARTID= -42|OWNERINDEX= 628|
RECORD=17|LINENO= 631|OWNERPARTID=   0|OWNERINDEX= -42|FONTID=2|LOCATION.X=170|LOCATION.Y=80|ORIENTATION=3|SHOWNETNAME=T|STYLE=1|TEXT=GND|UNIQUEID=QFAALRUK|
RECORD= 1|LINENO= 632|OWNERPARTID=   0|OWNERINDEX= -42|AREACOLOR=11599871|COMPONENTDESCRIPTION=Harwin S0951-46R|CURRENTPARTID=1|DESIGNITEMID=Shield Clip_A 3.9x1.1x1.28|DISPLAYMODECOUNT=1|LIBRARYPATH=*|LIBREFERENCE=Shield Clip_A 3.9x1.1x1.28|LOCATION.X=170|LOCATION.Y=80|PARTCOUNT=2|PARTIDLOCKED=T|SOURCELIBRARYNAME=Box_Meca.SchLib|TARGETFILENAME=*|UNIQUEID=SCTLCYBY|
RECORD= 2|LINENO= 633|OWNERPARTID=   2|OWNERINDEX= 632|DESIGNATOR=1|ELECTRICAL=4|FORMALTYPE=1|LOCATION.X=170|LOCATION.Y=85|NAME=1|PINCONGLOMERATE=35|PINLENGTH=5|
RECORD=41|LINENO= 634|OWNERPARTID=   0|OWNERINDEX= 633|FONTID=1|ISHIDDEN=T|LOCATION.X=170|LOCATION.Y=85|NAME=PinUniqueId|TEXT=XGFTXCQQ|UNIQUEID=DCGNPVTT|
RECORD= 6|LINENO= 635|OWNERPARTID=   2|OWNERINDEX= 632|LINEWIDTH=1|LOCATIONCOUNT=2|X1=170|X2=173|Y1=85|Y2=88|
RECORD= 6|LINENO= 636|OWNERPARTID=   2|OWNERINDEX= 632|LINEWIDTH=1|LOCATIONCOUNT=2|X1=170|X2=167|Y1=85|Y2=88|
RECORD= 6|LINENO= 637|OWNERPARTID=   2|OWNERINDEX= 632|LINEWIDTH=1|LOCATIONCOUNT=2|X1=170|X2=173|Y1=88|Y2=91|
RECORD= 6|LINENO= 638|OWNERPARTID=   2|OWNERINDEX= 632|LINEWIDTH=1|LOCATIONCOUNT=2|X1=170|X2=167|Y1=88|Y2=91|
RECORD= 6|LINENO= 639|OWNERPARTID=   2|OWNERINDEX= 632|LINEWIDTH=1|LOCATIONCOUNT=2|X1=173|X2=167|Y1=91|Y2=91|
RECORD=34|LINENO= 640|OWNERPARTID=   0|OWNERINDEX= 632|FONTID=1|LOCATION.X=172|LOCATION.Y=77|NAME=Designator|TEXT=SC2|UNIQUEID=EUDUYAIP|
RECORD=41|LINENO= 641|OWNERPARTID=   0|OWNERINDEX= 632|FONTID=1|ISHIDDEN=T|LOCATION.X=180|LOCATION.Y=80|NAME=Comment|TEXT=Shield Clip_A 3.9x1.1x1.28|UNIQUEID=YLQVFRVE|
RECORD=44|LINENO= 642|OWNERPARTID= -42|OWNERINDEX= 632|
RECORD=45|LINENO= 643|OWNERPARTID= -42|OWNERINDEX= 642|DATAFILECOUNT=1|DESCRIPTION=Shield Clip 3.9x1.1x1.28 - Harwin S0951-46R - Full pad|ISCURRENT=T|MODELDATAFILEENTITY0=Shield Clip_A 3.9x1.1x1.28|MODELDATAFILEKIND0=PCBLib|MODELNAME=Shield Clip_A 3.9x1.1x1.28|MODELTYPE=PCBLIB|UNIQUEID=UJGEPVEL|
RECORD=46|LINENO= 644|OWNERPARTID= -42|OWNERINDEX= 643|
RECORD=48|LINENO= 645|OWNERPARTID= -42|OWNERINDEX= 643|
RECORD=17|LINENO= 646|OWNERPARTID=   0|OWNERINDEX= -42|FONTID=2|LOCATION.X=200|LOCATION.Y=80|ORIENTATION=3|SHOWNETNAME=T|STYLE=1|TEXT=GND|UNIQUEID=EMOTQXDS|
RECORD= 1|LINENO= 647|OWNERPARTID=   0|OWNERINDEX= -42|AREACOLOR=11599871|COMPONENTDESCRIPTION=Harwin S0951-46R|CURRENTPARTID=1|DESIGNITEMID=Shield Clip_A 3.9x1.1x1.28|DISPLAYMODECOUNT=1|LIBRARYPATH=*|LIBREFERENCE=Shield Clip_A 3.9x1.1x1.28|LOCATION.X=200|LOCATION.Y=80|PARTCOUNT=2|PARTIDLOCKED=T|SOURCELIBRARYNAME=Box_Meca.SchLib|TARGETFILENAME=*|UNIQUEID=RUIDVMYI|
RECORD= 2|LINENO= 648|OWNERPARTID=   2|OWNERINDEX= 647|DESIGNATOR=1|ELECTRICAL=4|FORMALTYPE=1|LOCATION.X=200|LOCATION.Y=85|NAME=1|PINCONGLOMERATE=35|PINLENGTH=5|
RECORD=41|LINENO= 649|OWNERPARTID=   0|OWNERINDEX= 648|FONTID=1|ISHIDDEN=T|LOCATION.X=200|LOCATION.Y=85|NAME=PinUniqueId|TEXT=LJOIKESA|UNIQUEID=GDCSIKRO|
RECORD= 6|LINENO= 650|OWNERPARTID=   2|OWNERINDEX= 647|LINEWIDTH=1|LOCATIONCOUNT=2|X1=200|X2=203|Y1=85|Y2=88|
RECORD= 6|LINENO= 651|OWNERPARTID=   2|OWNERINDEX= 647|LINEWIDTH=1|LOCATIONCOUNT=2|X1=200|X2=197|Y1=85|Y2=88|
RECORD= 6|LINENO= 652|OWNERPARTID=   2|OWNERINDEX= 647|LINEWIDTH=1|LOCATIONCOUNT=2|X1=200|X2=203|Y1=88|Y2=91|
RECORD= 6|LINENO= 653|OWNERPARTID=   2|OWNERINDEX= 647|LINEWIDTH=1|LOCATIONCOUNT=2|X1=200|X2=197|Y1=88|Y2=91|
RECORD= 6|LINENO= 654|OWNERPARTID=   2|OWNERINDEX= 647|LINEWIDTH=1|LOCATIONCOUNT=2|X1=203|X2=197|Y1=91|Y2=91|
RECORD=34|LINENO= 655|OWNERPARTID=   0|OWNERINDEX= 647|FONTID=1|LOCATION.X=202|LOCATION.Y=77|NAME=Designator|TEXT=SC3|UNIQUEID=SERXDFKV|
RECORD=41|LINENO= 656|OWNERPARTID=   0|OWNERINDEX= 647|FONTID=1|ISHIDDEN=T|LOCATION.X=210|LOCATION.Y=80|NAME=Comment|TEXT=Shield Clip_A 3.9x1.1x1.28|UNIQUEID=WYVYYULH|
RECORD=44|LINENO= 657|OWNERPARTID= -42|OWNERINDEX= 647|
RECORD=45|LINENO= 658|OWNERPARTID= -42|OWNERINDEX= 657|DATAFILECOUNT=1|DESCRIPTION=Shield Clip 3.9x1.1x1.28 - Harwin S0951-46R - Full pad|ISCURRENT=T|MODELDATAFILEENTITY0=Shield Clip_A 3.9x1.1x1.28|MODELDATAFILEKIND0=PCBLib|MODELNAME=Shield Clip_A 3.9x1.1x1.28|MODELTYPE=PCBLIB|UNIQUEID=KJRDJMXL|
RECORD=46|LINENO= 659|OWNERPARTID= -42|OWNERINDEX= 658|
RECORD=48|LINENO= 660|OWNERPARTID= -42|OWNERINDEX= 658|
RECORD=17|LINENO= 661|OWNERPARTID=   0|OWNERINDEX= -42|FONTID=2|LOCATION.X=230|LOCATION.Y=80|ORIENTATION=3|SHOWNETNAME=T|STYLE=1|TEXT=GND|UNIQUEID=FMRJWSTM|
RECORD= 1|LINENO= 662|OWNERPARTID=   0|OWNERINDEX= -42|AREACOLOR=11599871|COMPONENTDESCRIPTION=Harwin S0951-46R|CURRENTPARTID=1|DESIGNITEMID=Shield Clip_A 3.9x1.1x1.28|DISPLAYMODECOUNT=1|LIBRARYPATH=*|LIBREFERENCE=Shield Clip_A 3.9x1.1x1.28|LOCATION.X=230|LOCATION.Y=80|PARTCOUNT=2|PARTIDLOCKED=T|SOURCELIBRARYNAME=Box_Meca.SchLib|TARGETFILENAME=*|UNIQUEID=THRPOJTK|
RECORD= 2|LINENO= 663|OWNERPARTID=   2|OWNERINDEX= 662|DESIGNATOR=1|ELECTRICAL=4|FORMALTYPE=1|LOCATION.X=230|LOCATION.Y=85|NAME=1|PINCONGLOMERATE=35|PINLENGTH=5|
RECORD=41|LINENO= 664|OWNERPARTID=   0|OWNERINDEX= 663|FONTID=1|ISHIDDEN=T|LOCATION.X=230|LOCATION.Y=85|NAME=PinUniqueId|TEXT=EANNEXTU|UNIQUEID=LWMASMOL|
RECORD= 6|LINENO= 665|OWNERPARTID=   2|OWNERINDEX= 662|LINEWIDTH=1|LOCATIONCOUNT=2|X1=230|X2=233|Y1=85|Y2=88|
RECORD= 6|LINENO= 666|OWNERPARTID=   2|OWNERINDEX= 662|LINEWIDTH=1|LOCATIONCOUNT=2|X1=230|X2=227|Y1=85|Y2=88|
RECORD= 6|LINENO= 667|OWNERPARTID=   2|OWNERINDEX= 662|LINEWIDTH=1|LOCATIONCOUNT=2|X1=230|X2=233|Y1=88|Y2=91|
RECORD= 6|LINENO= 668|OWNERPARTID=   2|OWNERINDEX= 662|LINEWIDTH=1|LOCATIONCOUNT=2|X1=230|X2=227|Y1=88|Y2=91|
RECORD= 6|LINENO= 669|OWNERPARTID=   2|OWNERINDEX= 662|LINEWIDTH=1|LOCATIONCOUNT=2|X1=233|X2=227|Y1=91|Y2=91|
RECORD=34|LINENO= 670|OWNERPARTID=   0|OWNERINDEX= 662|FONTID=1|LOCATION.X=232|LOCATION.Y=76|NAME=Designator|TEXT=SC4|UNIQUEID=INJELPOE|
RECORD=41|LINENO= 671|OWNERPARTID=   0|OWNERINDEX= 662|FONTID=1|ISHIDDEN=T|LOCATION.X=240|LOCATION.Y=80|NAME=Comment|TEXT=Shield Clip_A 3.9x1.1x1.28|UNIQUEID=KWISGISM|
RECORD=44|LINENO= 672|OWNERPARTID= -42|OWNERINDEX= 662|
RECORD=45|LINENO= 673|OWNERPARTID= -42|OWNERINDEX= 672|DATAFILECOUNT=1|DESCRIPTION=Shield Clip 3.9x1.1x1.28 - Harwin S0951-46R - Full pad|ISCURRENT=T|MODELDATAFILEENTITY0=Shield Clip_A 3.9x1.1x1.28|MODELDATAFILEKIND0=PCBLib|MODELNAME=Shield Clip_A 3.9x1.1x1.28|MODELTYPE=PCBLIB|UNIQUEID=TFUJJDHS|
RECORD=46|LINENO= 674|OWNERPARTID= -42|OWNERINDEX= 673|
RECORD=48|LINENO= 675|OWNERPARTID= -42|OWNERINDEX= 673|
RECORD= 6|LINENO= 676|OWNERPARTID=   0|OWNERINDEX= -42|LINEWIDTH=1|LOCATIONCOUNT=4|X1=130|X2=130|X3=240|X4=240|Y1=90|Y2=100|Y3=100|Y4=90|
RECORD= 4|LINENO= 677|OWNERPARTID=   0|OWNERINDEX= -42|FONTID=5|LOCATION.X=130|LOCATION.Y=100|TEXT=Socket for Metallic Shield|
RECORD= 1|LINENO= 678|OWNERPARTID=   0|OWNERINDEX= -42|AREACOLOR=11599871|COMPONENTDESCRIPTION=Shield|CURRENTPARTID=1|DESIGNITEMID=Shield|DISPLAYMODECOUNT=1|LIBRARYPATH=*|LIBREFERENCE=Shield|LOCATION.X=190|LOCATION.Y=140|PARTCOUNT=2|PARTIDLOCKED=T|SOURCELIBRARYNAME=Box_Meca.SchLib|TARGETFILENAME=*|UNIQUEID=GVQGDOII|
RECORD= 6|LINENO= 679|OWNERPARTID=   2|OWNERINDEX= 678|LINEWIDTH=1|LOCATIONCOUNT=5|X1=160|X2=220|X3=220|X4=160|X5=160|Y1=160|Y2=160|Y3=130|Y4=130|Y5=160|
RECORD=34|LINENO= 680|OWNERPARTID=   0|OWNERINDEX= 678|FONTID=1|LOCATION.X=163|LOCATION.Y=147|NAME=Designator|TEXT=SH1|UNIQUEID=FPUTYMBV|
RECORD=41|LINENO= 681|OWNERPARTID=   0|OWNERINDEX= 678|FONTID=1|LOCATION.X=159|LOCATION.Y=119|NAME=Comment|TEXT=Shield 17.2x17.2x3|UNIQUEID=BACUUWWG|
RECORD=44|LINENO= 682|OWNERPARTID= -42|OWNERINDEX= 678|
RECORD=45|LINENO= 683|OWNERPARTID= -42|OWNERINDEX= 682|DATAFILECOUNT=1|DESCRIPTION=Metallic Shield 17.2x17.2mm height =3mm tickness=0.2mm|ISCURRENT=T|MODELDATAFILEENTITY0=Shield 17.2x17.2x3|MODELDATAFILEKIND0=PCBLib|MODELNAME=Shield 17.2x17.2x3|MODELTYPE=PCBLIB|UNIQUEID=WMDTEUDA|
RECORD=46|LINENO= 684|OWNERPARTID= -42|OWNERINDEX= 683|
RECORD=48|LINENO= 685|OWNERPARTID= -42|OWNERINDEX= 683|
RECORD= 1|LINENO= 686|OWNERPARTID=   0|OWNERINDEX= -42|AREACOLOR=11599871|COMPONENTDESCRIPTION=Band Pass Filter Murata LFB182G45CGFD436|CURRENTPARTID=1|DESIGNITEMID=LFB182G45CGFD436|DISPLAYMODECOUNT=1|LIBREFERENCE=LFB182G45CGFD436|LOCATION.X=520|LOCATION.Y=460|PARTCOUNT=2|PARTIDLOCKED=F|SOURCELIBRARYNAME=Passive.SchLib|TARGETFILENAME=*|UNIQUEID=KFDJKJTI|
RECORD= 2|LINENO= 687|OWNERPARTID=   2|OWNERINDEX= 686|DESIGNATOR=1|ELECTRICAL=4|FORMALTYPE=1|LOCATION.X=500|LOCATION.Y=460|NAME=I/O|PINCONGLOMERATE=50|PINLENGTH=10|SWAPIDPIN=1|
RECORD=41|LINENO= 688|OWNERPARTID=   0|OWNERINDEX= 687|FONTID=1|ISHIDDEN=T|LOCATION.X=500|LOCATION.Y=460|NAME=PinUniqueId|TEXT=EJCJNMIA|UNIQUEID=WWIEGOBU|
RECORD= 2|LINENO= 689|OWNERPARTID=   2|OWNERINDEX= 686|DESIGNATOR=3|ELECTRICAL=4|FORMALTYPE=1|LOCATION.X=540|LOCATION.Y=460|NAME=I/O|PINCONGLOMERATE=48|PINLENGTH=10|SWAPIDPIN=3|
RECORD=41|LINENO= 690|OWNERPARTID=   0|OWNERINDEX= 689|FONTID=1|ISHIDDEN=T|LOCATION.X=540|LOCATION.Y=460|NAME=PinUniqueId|TEXT=JEUMOBIC|UNIQUEID=PCCMJEHC|
RECORD= 2|LINENO= 691|OWNERPARTID=   2|OWNERINDEX= 686|DESIGNATOR=2|ELECTRICAL=4|FORMALTYPE=1|LOCATION.X=520|LOCATION.Y=440|NAME=GND|PINCONGLOMERATE=51|PINLENGTH=10|SWAPIDPIN=4|
RECORD=41|LINENO= 692|OWNERPARTID=   0|OWNERINDEX= 691|FONTID=1|ISHIDDEN=T|LOCATION.X=520|LOCATION.Y=440|NAME=PinUniqueId|TEXT=QTASYWBX|UNIQUEID=JNMEAKGU|
RECORD= 6|LINENO= 693|OWNERPARTID=   2|OWNERINDEX= 686|LINEWIDTH=1|LOCATIONCOUNT=5|X1=500|X2=540|X3=540|X4=500|X5=500|Y1=470|Y2=470|Y3=440|Y4=440|Y5=470|
RECORD= 5|LINENO= 694|OWNERPARTID=   2|OWNERINDEX= 686|LINEWIDTH=1|LOCATIONCOUNT=5|X1=510|X2=515|X3=520|X4=520|X5=520|Y1=455|Y2=465|Y3=455|Y4=455|Y5=445|
RECORD= 5|LINENO= 695|OWNERPARTID=   2|OWNERINDEX= 686|LINEWIDTH=1|LOCATIONCOUNT=5|X1=520|X2=525|X3=530|X4=530|X5=530|Y1=455|Y2=445|Y3=455|Y4=455|Y5=465|
RECORD= 5|LINENO= 696|OWNERPARTID=   2|OWNERINDEX= 686|LINEWIDTH=1|LOCATIONCOUNT=5|X1=510|X2=515|X3=520|X4=520|X5=520|Y1=463|Y2=473|Y3=463|Y4=463|Y5=453|
RECORD= 5|LINENO= 697|OWNERPARTID=   2|OWNERINDEX= 686|LINEWIDTH=1|LOCATIONCOUNT=5|X1=520|X2=525|X3=530|X4=530|X5=530|Y1=463|Y2=453|Y3=463|Y4=463|Y5=473|
RECORD= 5|LINENO= 698|OWNERPARTID=   2|OWNERINDEX= 686|LINEWIDTH=1|LOCATIONCOUNT=5|X1=510|X2=515|X3=520|X4=520|X5=520|Y1=447|Y2=457|Y3=447|Y4=447|Y5=437|
RECORD= 5|LINENO= 699|OWNERPARTID=   2|OWNERINDEX= 686|LINEWIDTH=1|LOCATIONCOUNT=5|X1=520|X2=525|X3=530|X4=530|X5=530|Y1=447|Y2=437|Y3=447|Y4=447|Y5=457|
RECORD= 6|LINENO= 700|OWNERPARTID=   2|OWNERINDEX= 686|LINEWIDTH=1|LOCATIONCOUNT=2|X1=518|X2=522|Y1=446|Y2=448|
RECORD= 6|LINENO= 701|OWNERPARTID=   2|OWNERINDEX= 686|LINEWIDTH=1|LOCATIONCOUNT=2|X1=518|X2=522|Y1=462|Y2=464|
RECORD=34|LINENO= 702|OWNERPARTID=   0|OWNERINDEX= 686|FONTID=1|LOCATION.X=499|LOCATION.Y=474|NAME=Designator|TEXT=FLT1|UNIQUEID=PYNMWIVT|
RECORD=41|LINENO= 703|OWNERPARTID=   0|OWNERINDEX= 686|FONTID=1|LOCATION.X=493|LOCATION.Y=483|NAME=Comment|TEXT=LFB182G45CGFD436|UNIQUEID=DCBMECFM|
RECORD=44|LINENO= 704|OWNERPARTID= -42|OWNERINDEX= 686|
RECORD=45|LINENO= 705|OWNERPARTID= -42|OWNERINDEX= 704|DATAFILECOUNT=1|DESCRIPTION=Band Pass Filter Murata LFB182G45CGFD436|ISCURRENT=T|MODELDATAFILEENTITY0=LFB182G45CGFD436|MODELDATAFILEKIND0=PCBLib|MODELNAME=LFB182G45CGFD436|MODELTYPE=PCBLIB|UNIQUEID=UQLTGHJH|
RECORD=46|LINENO= 706|OWNERPARTID= -42|OWNERINDEX= 705|
RECORD=48|LINENO= 707|OWNERPARTID= -42|OWNERINDEX= 705|
RECORD=17|LINENO= 708|OWNERPARTID=   0|OWNERINDEX= -42|FONTID=2|LOCATION.X=520|LOCATION.Y=430|ORIENTATION=3|SHOWNETNAME=T|STYLE=1|TEXT=GND|UNIQUEID=XOFXETOH|
RECORD= 1|LINENO= 709|OWNERPARTID=   0|OWNERINDEX= -42|AREACOLOR=11599871|CURRENTPARTID=1|DESIGNITEMID=INDUCTOR_SMD_STDL|DISPLAYMODECOUNT=1|LIBREFERENCE=INDUCTOR_SMD_STDL|LOCATION.X=360|LOCATION.Y=450|ORIENTATION=1|PARTCOUNT=2|PARTIDLOCKED=F|SOURCELIBRARYNAME=Passive.SchLib|TARGETFILENAME=*|UNIQUEID=DKPBSTHE|
RECORD= 2|LINENO= 710|OWNERPARTID=   2|OWNERINDEX= 709|%UTF8%SWAPIDPART=Â¦&Â¦|DESIGNATOR=1|ELECTRICAL=4|FORMALTYPE=1|LOCATION.X=355|LOCATION.Y=460|NAME=1|PINCONGLOMERATE=34|PINLENGTH=5|SWAPIDPART=Ž&Ž|SWAPIDPIN=1|
RECORD=41|LINENO= 711|OWNERPARTID=   0|OWNERINDEX= 710|FONTID=1|ISHIDDEN=T|LOCATION.X=355|LOCATION.Y=460|NAME=PinUniqueId|TEXT=WOCMRBAV|UNIQUEID=HQTSFDFO|
RECORD= 2|LINENO= 712|OWNERPARTID=   2|OWNERINDEX= 709|%UTF8%SWAPIDPART=Â¦&Â¦|DESIGNATOR=2|ELECTRICAL=4|FORMALTYPE=1|LOCATION.X=385|LOCATION.Y=460|NAME=2|PINCONGLOMERATE=32|PINLENGTH=5|SWAPIDPART=Ž&Ž|SWAPIDPIN=2|
RECORD=41|LINENO= 713|OWNERPARTID=   0|OWNERINDEX= 712|FONTID=1|ISHIDDEN=T|LOCATION.X=385|LOCATION.Y=460|NAME=PinUniqueId|TEXT=TXAFWYTD|UNIQUEID=TKPYVANW|
RECORD=12|LINENO= 714|OWNERPARTID=   2|OWNERINDEX= 709|ENDANGLE=180.000|LINEWIDTH=1|LOCATION.X=360|LOCATION.Y=460|RADIUS=5|STARTANGLE=90.000|
RECORD=12|LINENO= 715|OWNERPARTID=   2|OWNERINDEX= 709|ENDANGLE=90.000|LINEWIDTH=1|LOCATION.X=360|LOCATION.Y=460|RADIUS=5|STARTANGLE=360.000|
RECORD=12|LINENO= 716|OWNERPARTID=   2|OWNERINDEX= 709|ENDANGLE=180.000|LINEWIDTH=1|LOCATION.X=370|LOCATION.Y=460|RADIUS=5|STARTANGLE=90.000|
RECORD=12|LINENO= 717|OWNERPARTID=   2|OWNERINDEX= 709|ENDANGLE=90.000|LINEWIDTH=1|LOCATION.X=370|LOCATION.Y=460|RADIUS=5|STARTANGLE=360.000|
RECORD=12|LINENO= 718|OWNERPARTID=   2|OWNERINDEX= 709|ENDANGLE=180.000|LINEWIDTH=1|LOCATION.X=380|LOCATION.Y=460|RADIUS=5|STARTANGLE=90.000|
RECORD=12|LINENO= 719|OWNERPARTID=   2|OWNERINDEX= 709|ENDANGLE=90.000|LINEWIDTH=1|LOCATION.X=380|LOCATION.Y=460|RADIUS=5|STARTANGLE=360.000|
RECORD=41|LINENO= 720|OWNERPARTID=   0|OWNERINDEX= 709|FONTID=1|LOCATION.X=336|LOCATION.Y=474|NAME=Ref|TEXT=LQG15HS2N7S02|UNIQUEID=WBTFVBKG|
RECORD=34|LINENO= 721|OWNERPARTID=   0|OWNERINDEX= 709|FONTID=1|LOCATION.X=350|LOCATION.Y=465|NAME=Designator|TEXT=L5|UNIQUEID=PUYHKPER|
RECORD=41|LINENO= 722|OWNERPARTID=   0|OWNERINDEX= 709|FONTID=1|LOCATION.X=369|LOCATION.Y=466|NAME=Comment|TEXT=2.7nH|UNIQUEID=ONSPIFWG|
RECORD=44|LINENO= 723|OWNERPARTID= -42|OWNERINDEX= 709|
RECORD=45|LINENO= 724|OWNERPARTID= -42|OWNERINDEX= 723|DATAFILECOUNT=1|DESCRIPTION=Coil FootPrint 0402|ISCURRENT=T|MODELDATAFILEENTITY0=0402_COIL|MODELDATAFILEKIND0=PCBLib|MODELNAME=0402_COIL|MODELTYPE=PCBLIB|UNIQUEID=AHCXMJGS|
RECORD=46|LINENO= 725|OWNERPARTID= -42|OWNERINDEX= 724|
RECORD=48|LINENO= 726|OWNERPARTID= -42|OWNERINDEX= 724|
RECORD=45|LINENO= 727|OWNERPARTID= -42|OWNERINDEX= 723|DATAFILECOUNT=1|DESCRIPTION=Coil Footprint 0603|MODELDATAFILEENTITY0=0603_COIL|MODELDATAFILEKIND0=PCBLib|MODELNAME=0603_COIL|MODELTYPE=PCBLIB|UNIQUEID=HBAGGAWO|
RECORD=46|LINENO= 728|OWNERPARTID= -42|OWNERINDEX= 727|
RECORD=48|LINENO= 729|OWNERPARTID= -42|OWNERINDEX= 727|
RECORD=45|LINENO= 730|OWNERPARTID= -42|OWNERINDEX= 723|DATAFILECOUNT=1|DESCRIPTION=Coil FootPrint 0805|MODELDATAFILEENTITY0=0805_COIL|MODELDATAFILEKIND0=PCBLib|MODELNAME=0805_COIL|MODELTYPE=PCBLIB|UNIQUEID=AUJUSDGF|
RECORD=46|LINENO= 731|OWNERPARTID= -42|OWNERINDEX= 730|
RECORD=48|LINENO= 732|OWNERPARTID= -42|OWNERINDEX= 730|
RECORD=45|LINENO= 733|OWNERPARTID= -42|OWNERINDEX= 723|DATAFILECOUNT=1|DESCRIPTION=Coil FootPrint 1206|MODELDATAFILEENTITY0=1206_COIL|MODELDATAFILEKIND0=PCBLib|MODELNAME=1206_COIL|MODELTYPE=PCBLIB|UNIQUEID=CSDCWSIK|
RECORD=46|LINENO= 734|OWNERPARTID= -42|OWNERINDEX= 733|
RECORD=48|LINENO= 735|OWNERPARTID= -42|OWNERINDEX= 733|
RECORD= 1|LINENO= 736|OWNERPARTID=   0|OWNERINDEX= -42|AREACOLOR=11599871|COMPONENTDESCRIPTION=Capacitor_not polarized|CURRENTPARTID=1|DESIGNITEMID=CAP_NPOL|DISPLAYMODECOUNT=1|LIBREFERENCE=CAP_NPOL|LOCATION.X=340|LOCATION.Y=430|ORIENTATION=2|PARTCOUNT=2|PARTIDLOCKED=F|SOURCELIBRARYNAME=Passive.SchLib|TARGETFILENAME=*|UNIQUEID=QDAQNNVD|
RECORD= 2|LINENO= 737|OWNERPARTID=   2|OWNERINDEX= 736|%UTF8%SWAPIDPART=Â¦&Â¦|DESIGNATOR=2|ELECTRICAL=4|FORMALTYPE=1|LOCATION.X=330|LOCATION.Y=443|NAME=2|PINCONGLOMERATE=33|PINLENGTH=7|SWAPIDPART=Ž&Ž|SWAPIDPIN=2|
RECORD=41|LINENO= 738|OWNERPARTID=   0|OWNERINDEX= 737|FONTID=1|ISHIDDEN=T|LOCATION.X=330|LOCATION.Y=443|NAME=PinUniqueId|TEXT=FVPRLKQT|UNIQUEID=OCIEGIES|
RECORD= 2|LINENO= 739|OWNERPARTID=   2|OWNERINDEX= 736|%UTF8%SWAPIDPART=Â¦&Â¦|DESIGNATOR=1|ELECTRICAL=4|FORMALTYPE=1|LOCATION.X=330|LOCATION.Y=436|NAME=1|PINCONGLOMERATE=35|PINLENGTH=6|SWAPIDPART=Ž&Ž|SWAPIDPIN=1|
RECORD=41|LINENO= 740|OWNERPARTID=   0|OWNERINDEX= 739|FONTID=1|ISHIDDEN=T|LOCATION.X=330|LOCATION.Y=436|NAME=PinUniqueId|TEXT=YQIIUYHX|UNIQUEID=OFCNARLA|
RECORD= 6|LINENO= 741|OWNERPARTID=   2|OWNERINDEX= 736|LINEWIDTH=1|LOCATIONCOUNT=6|X1=330|X2=323|X3=323|X4=337|X5=337|X6=330|Y1=436|Y2=436|Y3=438|Y4=438|Y5=436|Y6=436|
RECORD= 6|LINENO= 742|OWNERPARTID=   2|OWNERINDEX= 736|LINEWIDTH=1|LOCATIONCOUNT=6|X1=330|X2=323|X3=323|X4=337|X5=337|X6=330|Y1=441|Y2=441|Y3=443|Y4=443|Y5=441|Y6=441|
RECORD= 6|LINENO= 743|OWNERPARTID=   2|OWNERINDEX= 736|LINEWIDTH=2|LOCATIONCOUNT=2|X1=324|X2=336|Y1=437|Y2=437|
RECORD= 6|LINENO= 744|OWNERPARTID=   2|OWNERINDEX= 736|LINEWIDTH=2|LOCATIONCOUNT=2|X1=336|X2=324|Y1=442|Y2=442|
RECORD=41|LINENO= 745|OWNERPARTID=   0|OWNERINDEX= 736|FONTID=2|LOCATION.X=320|LOCATION.Y=357|NAME=REF|ORIENTATION=1|TEXT=GRM1555C1HR80BA01D|UNIQUEID=EUUCVCYA|
RECORD=34|LINENO= 746|OWNERPARTID=   0|OWNERINDEX= 736|FONTID=1|LOCATION.X=339|LOCATION.Y=435|NAME=Designator|TEXT=C1|UNIQUEID=MBJGEEDC|
RECORD=41|LINENO= 747|OWNERPARTID=   0|OWNERINDEX= 736|FONTID=1|LOCATION.X=339|LOCATION.Y=425|NAME=Comment|TEXT=0.8pF|UNIQUEID=KCDDKEOW|
RECORD=44|LINENO= 748|OWNERPARTID= -42|OWNERINDEX= 736|
RECORD=45|LINENO= 749|OWNERPARTID= -42|OWNERINDEX= 748|DATAFILECOUNT=1|DESCRIPTION=Radial Capacitor 2steps(5.08mm) 2.5mm x 7mm|MODELDATAFILEENTITY0=CAP_RAD_5.08_2.5x7|MODELDATAFILEKIND0=PCBLib|MODELNAME=CAP_RAD_5.08_2.5x7|MODELTYPE=PCBLIB|UNIQUEID=JCMNLTNU|
RECORD=46|LINENO= 750|OWNERPARTID= -42|OWNERINDEX= 749|
RECORD=48|LINENO= 751|OWNERPARTID= -42|OWNERINDEX= 749|
RECORD=45|LINENO= 752|OWNERPARTID= -42|OWNERINDEX= 748|DATAFILECOUNT=1|DESCRIPTION=Radial Capacitor 1steps(2.54mm) 1.5mm x 4.5mm|MODELDATAFILEENTITY0=CAP_RAD_2.54_1.5x4.5|MODELDATAFILEKIND0=PCBLib|MODELNAME=CAP_RAD_2.54_1.5x4.5|MODELTYPE=PCBLIB|UNIQUEID=IUTAXUYK|
RECORD=46|LINENO= 753|OWNERPARTID= -42|OWNERINDEX= 752|
RECORD=48|LINENO= 754|OWNERPARTID= -42|OWNERINDEX= 752|
RECORD=45|LINENO= 755|OWNERPARTID= -42|OWNERINDEX= 748|DATAFILECOUNT=1|DESCRIPTION=Capacitor FootPrint 0402|ISCURRENT=T|MODELDATAFILEENTITY0=0402_CAP_NPOL|MODELDATAFILEKIND0=PCBLib|MODELNAME=0402_CAP_NPOL|MODELTYPE=PCBLIB|UNIQUEID=LYFSTDSO|
RECORD=46|LINENO= 756|OWNERPARTID= -42|OWNERINDEX= 755|
RECORD=48|LINENO= 757|OWNERPARTID= -42|OWNERINDEX= 755|
RECORD=45|LINENO= 758|OWNERPARTID= -42|OWNERINDEX= 748|DATAFILECOUNT=1|DESCRIPTION=Capacitor FootPrint 0603|MODELDATAFILEENTITY0=0603_CAP_NPOL|MODELDATAFILEKIND0=PCBLib|MODELNAME=0603_CAP_NPOL|MODELTYPE=PCBLIB|UNIQUEID=HITAEPMT|
RECORD=46|LINENO= 759|OWNERPARTID= -42|OWNERINDEX= 758|
RECORD=48|LINENO= 760|OWNERPARTID= -42|OWNERINDEX= 758|
RECORD=45|LINENO= 761|OWNERPARTID= -42|OWNERINDEX= 748|DATAFILECOUNT=1|DESCRIPTION=Capacitor FootPrint 0805|MODELDATAFILEENTITY0=0805_CAP_NPOL|MODELDATAFILEKIND0=PCBLib|MODELNAME=0805_CAP_NPOL|MODELTYPE=PCBLIB|UNIQUEID=NJOPCDGU|
RECORD=46|LINENO= 762|OWNERPARTID= -42|OWNERINDEX= 761|
RECORD=48|LINENO= 763|OWNERPARTID= -42|OWNERINDEX= 761|
RECORD=45|LINENO= 764|OWNERPARTID= -42|OWNERINDEX= 748|DATAFILECOUNT=1|DESCRIPTION=Capacitor FootPrint 1206|MODELDATAFILEENTITY0=1206_CAP_NPOL|MODELDATAFILEKIND0=PCBLib|MODELNAME=1206_CAP_NPOL|MODELTYPE=PCBLIB|UNIQUEID=HYRKLDSI|
RECORD=46|LINENO= 765|OWNERPARTID= -42|OWNERINDEX= 764|
RECORD=48|LINENO= 766|OWNERPARTID= -42|OWNERINDEX= 764|
RECORD=17|LINENO= 767|OWNERPARTID=   0|OWNERINDEX= -42|FONTID=2|LOCATION.X=330|LOCATION.Y=430|ORIENTATION=3|SHOWNETNAME=T|STYLE=1|TEXT=GND|UNIQUEID=YHBSVUBU|
RECORD= 4|LINENO= 768|OWNERPARTID=   0|OWNERINDEX= -42|FONTID=3|LOCATION.X=497|LOCATION.Y=495|TEXT=Band Pass Filter|
RECORD=14|LINENO= 769|OWNERPARTID=   0|OWNERINDEX= -42|AREACOLOR=16777215|CORNER.X=450|CORNER.Y=490|ISSOLID=T|LOCATION.X=300|LOCATION.Y=350|TRANSPARENT=T|
RECORD= 4|LINENO= 770|OWNERPARTID=   0|OWNERINDEX= -42|FONTID=3|LOCATION.X=320|LOCATION.Y=340|TEXT=50 Ohms Matching Network|
RECORD= 1|LINENO= 771|OWNERPARTID=   0|OWNERINDEX= -42|AREACOLOR=11599871|COMPONENTDESCRIPTION=Capacitor_not polarized|CURRENTPARTID=1|DESIGNITEMID=CAP_NPOL|DISPLAYMODECOUNT=1|LIBREFERENCE=CAP_NPOL|LOCATION.X=410|LOCATION.Y=430|ORIENTATION=2|PARTCOUNT=2|PARTIDLOCKED=F|SOURCELIBRARYNAME=Passive.SchLib|TARGETFILENAME=*|UNIQUEID=MNTGCECP|
RECORD= 2|LINENO= 772|OWNERPARTID=   2|OWNERINDEX= 771|%UTF8%SWAPIDPART=Â¦&Â¦|DESIGNATOR=2|ELECTRICAL=4|FORMALTYPE=1|LOCATION.X=400|LOCATION.Y=443|NAME=2|PINCONGLOMERATE=33|PINLENGTH=7|SWAPIDPART=Ž&Ž|SWAPIDPIN=2|
RECORD=41|LINENO= 773|OWNERPARTID=   0|OWNERINDEX= 772|FONTID=1|ISHIDDEN=T|LOCATION.X=400|LOCATION.Y=443|NAME=PinUniqueId|TEXT=FMDJXTSN|UNIQUEID=AWECUGBT|
RECORD= 2|LINENO= 774|OWNERPARTID=   2|OWNERINDEX= 771|%UTF8%SWAPIDPART=Â¦&Â¦|DESIGNATOR=1|ELECTRICAL=4|FORMALTYPE=1|LOCATION.X=400|LOCATION.Y=436|NAME=1|PINCONGLOMERATE=35|PINLENGTH=6|SWAPIDPART=Ž&Ž|SWAPIDPIN=1|
RECORD=41|LINENO= 775|OWNERPARTID=   0|OWNERINDEX= 774|FONTID=1|ISHIDDEN=T|LOCATION.X=400|LOCATION.Y=436|NAME=PinUniqueId|TEXT=YCHBAXEM|UNIQUEID=PMETIJLC|
RECORD= 6|LINENO= 776|OWNERPARTID=   2|OWNERINDEX= 771|LINEWIDTH=1|LOCATIONCOUNT=6|X1=400|X2=393|X3=393|X4=407|X5=407|X6=400|Y1=436|Y2=436|Y3=438|Y4=438|Y5=436|Y6=436|
RECORD= 6|LINENO= 777|OWNERPARTID=   2|OWNERINDEX= 771|LINEWIDTH=1|LOCATIONCOUNT=6|X1=400|X2=393|X3=393|X4=407|X5=407|X6=400|Y1=441|Y2=441|Y3=443|Y4=443|Y5=441|Y6=441|
RECORD= 6|LINENO= 778|OWNERPARTID=   2|OWNERINDEX= 771|LINEWIDTH=2|LOCATIONCOUNT=2|X1=394|X2=406|Y1=437|Y2=437|
RECORD= 6|LINENO= 779|OWNERPARTID=   2|OWNERINDEX= 771|LINEWIDTH=2|LOCATIONCOUNT=2|X1=406|X2=394|Y1=442|Y2=442|
RECORD=41|LINENO= 780|OWNERPARTID=   0|OWNERINDEX= 771|FONTID=2|LOCATION.X=440|LOCATION.Y=354|NAME=REF|ORIENTATION=1|TEXT=GRM1555C1HR30WA01D|UNIQUEID=WNRARAQQ|
RECORD=34|LINENO= 781|OWNERPARTID=   0|OWNERINDEX= 771|FONTID=1|LOCATION.X=409|LOCATION.Y=435|NAME=Designator|TEXT=C2|UNIQUEID=NJVIRJUF|
RECORD=41|LINENO= 782|OWNERPARTID=   0|OWNERINDEX= 771|FONTID=1|LOCATION.X=409|LOCATION.Y=425|NAME=Comment|TEXT=0.3pF|UNIQUEID=VFIPWXCD|
RECORD=44|LINENO= 783|OWNERPARTID= -42|OWNERINDEX= 771|
RECORD=45|LINENO= 784|OWNERPARTID= -42|OWNERINDEX= 783|DATAFILECOUNT=1|DESCRIPTION=Radial Capacitor 2steps(5.08mm) 2.5mm x 7mm|MODELDATAFILEENTITY0=CAP_RAD_5.08_2.5x7|MODELDATAFILEKIND0=PCBLib|MODELNAME=CAP_RAD_5.08_2.5x7|MODELTYPE=PCBLIB|UNIQUEID=ACNWFJGF|
RECORD=46|LINENO= 785|OWNERPARTID= -42|OWNERINDEX= 784|
RECORD=48|LINENO= 786|OWNERPARTID= -42|OWNERINDEX= 784|
RECORD=45|LINENO= 787|OWNERPARTID= -42|OWNERINDEX= 783|DATAFILECOUNT=1|DESCRIPTION=Radial Capacitor 1steps(2.54mm) 1.5mm x 4.5mm|MODELDATAFILEENTITY0=CAP_RAD_2.54_1.5x4.5|MODELDATAFILEKIND0=PCBLib|MODELNAME=CAP_RAD_2.54_1.5x4.5|MODELTYPE=PCBLIB|UNIQUEID=THHMGGWJ|
RECORD=46|LINENO= 788|OWNERPARTID= -42|OWNERINDEX= 787|
RECORD=48|LINENO= 789|OWNERPARTID= -42|OWNERINDEX= 787|
RECORD=45|LINENO= 790|OWNERPARTID= -42|OWNERINDEX= 783|DATAFILECOUNT=1|DESCRIPTION=Capacitor FootPrint 0402|ISCURRENT=T|MODELDATAFILEENTITY0=0402_CAP_NPOL|MODELDATAFILEKIND0=PCBLib|MODELNAME=0402_CAP_NPOL|MODELTYPE=PCBLIB|UNIQUEID=SXENIJSF|
RECORD=46|LINENO= 791|OWNERPARTID= -42|OWNERINDEX= 790|
RECORD=48|LINENO= 792|OWNERPARTID= -42|OWNERINDEX= 790|
RECORD=45|LINENO= 793|OWNERPARTID= -42|OWNERINDEX= 783|DATAFILECOUNT=1|DESCRIPTION=Capacitor FootPrint 0603|MODELDATAFILEENTITY0=0603_CAP_NPOL|MODELDATAFILEKIND0=PCBLib|MODELNAME=0603_CAP_NPOL|MODELTYPE=PCBLIB|UNIQUEID=JFHXASWF|
RECORD=46|LINENO= 794|OWNERPARTID= -42|OWNERINDEX= 793|
RECORD=48|LINENO= 795|OWNERPARTID= -42|OWNERINDEX= 793|
RECORD=45|LINENO= 796|OWNERPARTID= -42|OWNERINDEX= 783|DATAFILECOUNT=1|DESCRIPTION=Capacitor FootPrint 0805|MODELDATAFILEENTITY0=0805_CAP_NPOL|MODELDATAFILEKIND0=PCBLib|MODELNAME=0805_CAP_NPOL|MODELTYPE=PCBLIB|UNIQUEID=EIGJTMNN|
RECORD=46|LINENO= 797|OWNERPARTID= -42|OWNERINDEX= 796|
RECORD=48|LINENO= 798|OWNERPARTID= -42|OWNERINDEX= 796|
RECORD=45|LINENO= 799|OWNERPARTID= -42|OWNERINDEX= 783|DATAFILECOUNT=1|DESCRIPTION=Capacitor FootPrint 1206|MODELDATAFILEENTITY0=1206_CAP_NPOL|MODELDATAFILEKIND0=PCBLib|MODELNAME=1206_CAP_NPOL|MODELTYPE=PCBLIB|UNIQUEID=QVOVYGWG|
RECORD=46|LINENO= 800|OWNERPARTID= -42|OWNERINDEX= 799|
RECORD=48|LINENO= 801|OWNERPARTID= -42|OWNERINDEX= 799|
RECORD=17|LINENO= 802|OWNERPARTID=   0|OWNERINDEX= -42|FONTID=2|LOCATION.X=400|LOCATION.Y=430|ORIENTATION=3|SHOWNETNAME=T|STYLE=1|TEXT=GND|UNIQUEID=HXENBXAD|
RECORD= 4|LINENO= 803|OWNERPARTID=   0|OWNERINDEX= -42|FONTID=3|LOCATION.X=300|LOCATION.Y=330|TEXT=(Compents values will be updated after evaluation)|
RECORD=27|LINENO= 804|OWNERPARTID=   0|OWNERINDEX= -42|LINEWIDTH=1|LOCATIONCOUNT=3|UNIQUEID=BGCVROST|X1=740|X2=740|X3=650|Y1=450|Y2=460|Y3=460|
RECORD=27|LINENO= 805|OWNERPARTID=   0|OWNERINDEX= -42|LINEWIDTH=1|LOCATIONCOUNT=3|UNIQUEID=FMBETLWD|X1=610|X2=610|X3=630|Y1=460|Y2=280|Y3=280|
RECORD=27|LINENO= 806|OWNERPARTID=   0|OWNERINDEX= -42|LINEWIDTH=1|LOCATIONCOUNT=2|UNIQUEID=WWCRUENV|X1=820|X2=820|Y1=450|Y2=460|
RECORD=27|LINENO= 807|OWNERPARTID=   0|OWNERINDEX= -42|LINEWIDTH=1|LOCATIONCOUNT=2|UNIQUEID=HTULRXAL|X1=820|X2=820|Y1=270|Y2=280|
RECORD=27|LINENO= 808|OWNERPARTID=   0|OWNERINDEX= -42|LINEWIDTH=1|LOCATIONCOUNT=2|UNIQUEID=FWDBKXIA|X1=740|X2=740|Y1=270|Y2=280|
RECORD=27|LINENO= 809|OWNERPARTID=   0|OWNERINDEX= -42|LINEWIDTH=1|LOCATIONCOUNT=2|UNIQUEID=PAVXNVKX|X1=120|X2=110|Y1=460|Y2=460|
RECORD=27|LINENO= 810|OWNERPARTID=   0|OWNERINDEX= -42|LINEWIDTH=1|LOCATIONCOUNT=2|UNIQUEID=KAAFPYDV|X1=120|X2=110|Y1=500|Y2=500|
RECORD=27|LINENO= 811|OWNERPARTID=   0|OWNERINDEX= -42|LINEWIDTH=1|LOCATIONCOUNT=3|UNIQUEID=YIVCALLY|X1=150|X2=130|X3=130|Y1=410|Y2=410|Y3=400|
RECORD=27|LINENO= 812|OWNERPARTID=   0|OWNERINDEX= -42|LINEWIDTH=1|LOCATIONCOUNT=2|UNIQUEID=PRHKYIAU|X1=740|X2=760|Y1=460|Y2=460|
RECORD=27|LINENO= 813|OWNERPARTID=   0|OWNERINDEX= -42|LINEWIDTH=1|LOCATIONCOUNT=3|UNIQUEID=LCNJQTOO|X1=800|X2=820|X3=960|Y1=280|Y2=280|Y3=280|
RECORD=27|LINENO= 814|OWNERPARTID=   0|OWNERINDEX= -42|LINEWIDTH=1|LOCATIONCOUNT=13|UNIQUEID=XVYTFFIQ|X1=800|X10=990|X11=975|X12=975|X13=990|X2=820|X3=975|X4=975|X5=990|X6=990|X7=975|X8=975|X9=990|Y1=460|Y10=520|Y11=520|Y12=530|Y13=530|Y2=460|Y3=460|Y4=490|Y5=490|Y6=500|Y7=500|Y8=510|Y9=510|
RECORD=27|LINENO= 815|OWNERPARTID=   0|OWNERINDEX= -42|LINEWIDTH=1|LOCATIONCOUNT=3|UNIQUEID=YXTYDNDI|X1=650|X2=740|X3=760|Y1=280|Y2=280|Y3=280|
RECORD=27|LINENO= 816|OWNERPARTID=   0|OWNERINDEX= -42|LINEWIDTH=1|LOCATIONCOUNT=4|UNIQUEID=LEYCGBWX|X1=150|X2=120|X3=120|X4=120|Y1=460|Y2=460|Y3=500|Y4=540|
RECORD=27|LINENO= 817|OWNERPARTID=   0|OWNERINDEX= -42|LINEWIDTH=1|LOCATIONCOUNT=2|UNIQUEID=LQFUSPRG|X1=330|X2=330|Y1=450|Y2=460|
RECORD=27|LINENO= 818|OWNERPARTID=   0|OWNERINDEX= -42|LINEWIDTH=1|LOCATIONCOUNT=2|UNIQUEID=HSSOQPEU|X1=400|X2=400|Y1=450|Y2=460|
RECORD=27|LINENO= 819|OWNERPARTID=   0|OWNERINDEX= -42|LINEWIDTH=1|LOCATIONCOUNT=3|UNIQUEID=ARCIFMSR|X1=550|X2=610|X3=630|Y1=460|Y2=460|Y3=460|
RECORD=27|LINENO= 820|OWNERPARTID=   0|OWNERINDEX= -42|LINEWIDTH=1|LOCATIONCOUNT=3|UNIQUEID=SAASFMED|X1=260|X2=330|X3=350|Y1=460|Y2=460|Y3=460|
RECORD=27|LINENO= 821|OWNERPARTID=   0|OWNERINDEX= -42|LINEWIDTH=1|LOCATIONCOUNT=3|UNIQUEID=GDEMJIBQ|X1=390|X2=400|X3=490|Y1=460|Y2=460|Y3=460|
RECORD=29|LINENO= 822|OWNERPARTID=   0|OWNERINDEX= -42|LOCATION.X=120|LOCATION.Y=460|
RECORD=29|LINENO= 823|OWNERPARTID=   0|OWNERINDEX= -42|LOCATION.X=120|LOCATION.Y=500|
RECORD=29|LINENO= 824|OWNERPARTID=   0|OWNERINDEX= -42|LOCATION.X=330|LOCATION.Y=460|
RECORD=29|LINENO= 825|OWNERPARTID=   0|OWNERINDEX= -42|LOCATION.X=400|LOCATION.Y=460|
RECORD=29|LINENO= 826|OWNERPARTID=   0|OWNERINDEX= -42|LOCATION.X=610|LOCATION.Y=460|
RECORD=29|LINENO= 827|OWNERPARTID=   0|OWNERINDEX= -42|LOCATION.X=740|LOCATION.Y=280|
RECORD=29|LINENO= 828|OWNERPARTID=   0|OWNERINDEX= -42|LOCATION.X=740|LOCATION.Y=460|
RECORD=29|LINENO= 829|OWNERPARTID=   0|OWNERINDEX= -42|LOCATION.X=820|LOCATION.Y=280|
RECORD=29|LINENO= 830|OWNERPARTID=   0|OWNERINDEX= -42|LOCATION.X=820|LOCATION.Y=460|
