RECORD=-42|LINENO=   0|OWNERPARTID= -42|OWNERINDEX= -42|HEADER=Protel for Windows - Schematic Capture Binary File Version 5.0|MINORVERSION=2|UNIQUEID=YBJAIETA|WEIGHT=1670|
RECORD=31|LINENO=   1|OWNERPARTID= -42|OWNERINDEX= -42|AREACOLOR=16317695|BOLD4=T|BOLD7=T|BORDERON=T|CUSTOMMARGINWIDTH=20|CUSTOMX=1500|CUSTOMXZONES=6|CUSTOMY=950|CUSTOMYZONES=4|DISPLAY_UNIT=0|FONTIDCOUNT=11|FONTNAME1=Times New Roman|FONTNAME10=Times New Roman|FONTNAME11=Arial|FONTNAME2=Times New Roman|FONTNAME3=Arial Narrow|FONTNAME4=Times New Roman|FONTNAME5=Arial Narrow|FONTNAME6=Arial|FONTNAME7=Arial|FONTNAME8=Arial|FONTNAME9=Arial|HOTSPOTGRIDON=T|HOTSPOTGRIDSIZE=4|ISBOC=T|ITALIC10=T|ITALIC9=T|REFERENCEZONESON=T|ROTATION11=90|ROTATION2=90|ROTATION5=90|SHEETNUMBERSPACESIZE=12|SHOWTEMPLATEGRAPHICS=T|SIZE1=10|SIZE10=10|SIZE11=9|SIZE2=10|SIZE3=10|SIZE4=10|SIZE5=10|SIZE6=10|SIZE7=8|SIZE8=9|SIZE9=10|SNAPGRIDON=T|SNAPGRIDSIZE=10|SYSTEMFONT=1|TEMPLATEFILENAME=D:\Data\Lib Altium\Sch_Templates\Schematic_A4_Landscape.SchDot|USEMBCS=T|VISIBLEGRIDON=T|VISIBLEGRIDSIZE=10|
RECORD=39|LINENO=   2|OWNERPARTID=   0|OWNERINDEX= -42|FILENAME=D:\Data\Lib Altium\Sch_Templates\Schematic_A4_Landscape.SchDot|
RECORD= 4|LINENO=   3|OWNERPARTID=   0|OWNERINDEX=   2|FONTID=1|LOCATION.X=1022|TEXT==sheetnumber|
RECORD= 4|LINENO=   4|OWNERPARTID=   0|OWNERINDEX=   2|FONTID=1|LOCATION.X=1048|TEXT==sheettotal|
RECORD= 4|LINENO=   5|OWNERPARTID=   0|OWNERINDEX=   2|FONTID=4|LOCATION.X=876|LOCATION.Y=41|TEXT==Title|
RECORD= 6|LINENO=   6|OWNERPARTID=   0|OWNERINDEX=   2|LOCATIONCOUNT=2|X1=1090|X2=850|Y1=40|Y2=40|
RECORD= 6|LINENO=   7|OWNERPARTID=   0|OWNERINDEX=   2|LOCATIONCOUNT=2|X1=850|X2=1090|Y1=30|Y2=30|
RECORD= 6|LINENO=   8|OWNERPARTID=   0|OWNERINDEX=   2|LOCATIONCOUNT=2|X1=900|X2=900|Y1=10|
RECORD= 6|LINENO=   9|OWNERPARTID=   0|OWNERINDEX=   2|LOCATIONCOUNT=2|X1=990|X2=990|Y1=20|
RECORD= 6|LINENO=  10|OWNERPARTID=   0|OWNERINDEX=   2|LOCATIONCOUNT=2|X1=1090|X2=1090|Y1=50|
RECORD= 4|LINENO=  11|OWNERPARTID=   0|OWNERINDEX=   2|FONTID=1|LOCATION.X=853|LOCATION.Y=41|TEXT=Title:|
RECORD= 4|LINENO=  12|OWNERPARTID=   0|OWNERINDEX=   2|FONTID=1|LOCATION.X=853|TEXT=Size:|
RECORD= 4|LINENO=  13|OWNERPARTID=   0|OWNERINDEX=   2|FONTID=1|LOCATION.X=995|LOCATION.Y=11|TEXT=Reference:|
RECORD= 4|LINENO=  14|OWNERPARTID=   0|OWNERINDEX=   2|FONTID=1|LOCATION.X=995|TEXT=Sheet:|
RECORD= 4|LINENO=  15|OWNERPARTID=   0|OWNERINDEX=   2|FONTID=1|LOCATION.X=1035|TEXT=of|
RECORD= 4|LINENO=  16|OWNERPARTID=   0|OWNERINDEX=   2|FONTID=1|LOCATION.X=873|TEXT=A4|
RECORD= 6|LINENO=  17|OWNERPARTID=   0|OWNERINDEX=   2|LOCATIONCOUNT=2|X1=850|X2=1090|Y1=10|Y2=10|
RECORD= 4|LINENO=  18|OWNERPARTID=   0|OWNERINDEX=   2|FONTID=1|LOCATION.X=853|LOCATION.Y=11|TEXT=Revision:|
RECORD=30|LINENO=  19|OWNERPARTID=   0|OWNERINDEX=   2|CORNER.X=1148|CORNER.X_FRAC=76743|CORNER.Y=45|CORNER.Y_FRAC=6451|EMBEDIMAGE=T|KEEPASPECT=T|LOCATION.X=1091|LOCATION.Y=5|
RECORD= 4|LINENO=  20|OWNERPARTID=   0|OWNERINDEX=   2|FONTID=1|LOCATION.X=853|LOCATION.Y=31|TEXT=Project:|
RECORD= 6|LINENO=  21|OWNERPARTID=   0|OWNERINDEX=   2|LOCATIONCOUNT=2|X1=850|X2=850|Y1=50|
RECORD= 6|LINENO=  22|OWNERPARTID=   0|OWNERINDEX=   2|LOCATIONCOUNT=2|X1=1150|X2=850|Y1=50|Y2=50|
RECORD= 4|LINENO=  23|OWNERPARTID=   0|OWNERINDEX=   2|FONTID=4|LOCATION.X=884|LOCATION.Y=31|TEXT==Board_Name|
RECORD= 4|LINENO=  24|OWNERPARTID=   0|OWNERINDEX=   2|FONTID=1|LOCATION.X=1038|LOCATION.Y=11|TEXT==Board_Reference|
RECORD= 4|LINENO=  25|OWNERPARTID=   0|OWNERINDEX=   2|FONTID=1|LOCATION.X=893|LOCATION.Y=11|TEXT==Board_PCB_Revision|
RECORD= 4|LINENO=  26|OWNERPARTID=   0|OWNERINDEX=   2|FONTID=1|LOCATION.X=903|LOCATION.Y=11|TEXT==Board_Assembly_Revision|
RECORD= 4|LINENO=  27|OWNERPARTID=   0|OWNERINDEX=   2|FONTID=1|LOCATION.X=927|TEXT==Board_Document_Date|
RECORD= 6|LINENO=  28|OWNERPARTID=   0|OWNERINDEX=   2|LOCATIONCOUNT=2|X1=850|X2=1090|Y1=20|Y2=20|
RECORD= 4|LINENO=  29|OWNERPARTID=   0|OWNERINDEX=   2|FONTID=1|LOCATION.X=885|LOCATION.Y=21|TEXT==VariantName|
RECORD= 4|LINENO=  30|OWNERPARTID=   0|OWNERINDEX=   2|FONTID=1|LOCATION.X=904|TEXT=Date:|
RECORD= 4|LINENO=  31|OWNERPARTID=   0|OWNERINDEX=   2|FONTID=1|LOCATION.X=900|LOCATION.Y=11|TEXT=-|
RECORD= 4|LINENO=  32|OWNERPARTID=   0|OWNERINDEX=   2|FONTID=1|LOCATION.X=853|LOCATION.Y=21|TEXT=Variant:|
RECORD=41|LINENO=  33|OWNERPARTID=   0|OWNERINDEX= -42|FONTID=1|ISHIDDEN=T|NAME=CurrentTime|UNIQUEID=FSFJTHLY|
RECORD=41|LINENO=  34|OWNERPARTID=   0|OWNERINDEX= -42|FONTID=1|ISHIDDEN=T|NAME=CurrentDate|UNIQUEID=JXMUWGAF|
RECORD=41|LINENO=  35|OWNERPARTID=   0|OWNERINDEX= -42|FONTID=1|ISHIDDEN=T|NAME=Time|TEXT=*|UNIQUEID=BBALXRDC|
RECORD=41|LINENO=  36|OWNERPARTID=   0|OWNERINDEX= -42|FONTID=1|ISHIDDEN=T|NAME=Date|UNIQUEID=BLRTMFKE|
RECORD=41|LINENO=  37|OWNERPARTID=   0|OWNERINDEX= -42|FONTID=1|ISHIDDEN=T|NAME=DocumentFullPathAndName|UNIQUEID=VIHQUHHL|
RECORD=41|LINENO=  38|OWNERPARTID=   0|OWNERINDEX= -42|FONTID=1|ISHIDDEN=T|NAME=DocumentName|UNIQUEID=IBCHCBLJ|
RECORD=41|LINENO=  39|OWNERPARTID=   0|OWNERINDEX= -42|FONTID=1|ISHIDDEN=T|NAME=ModifiedDate|UNIQUEID=THYSOXHA|
RECORD=41|LINENO=  40|OWNERPARTID=   0|OWNERINDEX= -42|FONTID=1|ISHIDDEN=T|NAME=ApprovedBy|UNIQUEID=AHQYQPGX|
RECORD=41|LINENO=  41|OWNERPARTID=   0|OWNERINDEX= -42|FONTID=1|ISHIDDEN=T|NAME=CheckedBy|UNIQUEID=IDJPLSSQ|
RECORD=41|LINENO=  42|OWNERPARTID=   0|OWNERINDEX= -42|FONTID=1|ISHIDDEN=T|NAME=Author|TEXT=Ph.A|UNIQUEID=DFWDSWAR|
RECORD=41|LINENO=  43|OWNERPARTID=   0|OWNERINDEX= -42|FONTID=1|ISHIDDEN=T|NAME=CompanyName|UNIQUEID=HONNUMVA|
RECORD=41|LINENO=  44|OWNERPARTID=   0|OWNERINDEX= -42|FONTID=1|ISHIDDEN=T|NAME=DrawnBy|UNIQUEID=SSATHDBI|
RECORD=41|LINENO=  45|OWNERPARTID=   0|OWNERINDEX= -42|FONTID=1|ISHIDDEN=T|NAME=Engineer|UNIQUEID=FREROFQO|
RECORD=41|LINENO=  46|OWNERPARTID=   0|OWNERINDEX= -42|FONTID=1|ISHIDDEN=T|NAME=Organization|UNIQUEID=PFFKDPBG|
RECORD=41|LINENO=  47|OWNERPARTID=   0|OWNERINDEX= -42|FONTID=1|ISHIDDEN=T|NAME=Address1|UNIQUEID=FBCMWLAI|
RECORD=41|LINENO=  48|OWNERPARTID=   0|OWNERINDEX= -42|FONTID=1|ISHIDDEN=T|NAME=Address2|UNIQUEID=UXRGTUFL|
RECORD=41|LINENO=  49|OWNERPARTID=   0|OWNERINDEX= -42|FONTID=1|ISHIDDEN=T|NAME=Address3|UNIQUEID=NGJGATXY|
RECORD=41|LINENO=  50|OWNERPARTID=   0|OWNERINDEX= -42|FONTID=1|ISHIDDEN=T|NAME=Address4|UNIQUEID=MFBUDAKM|
RECORD=41|LINENO=  51|OWNERPARTID=   0|OWNERINDEX= -42|FONTID=1|ISHIDDEN=T|NAME=Title|TEXT=ST-Link/V2-1|UNIQUEID=KKKHWFUT|
RECORD=41|LINENO=  52|OWNERPARTID=   0|OWNERINDEX= -42|FONTID=1|ISHIDDEN=T|NAME=DocumentNumber|UNIQUEID=PGIBCRMN|
RECORD=41|LINENO=  53|OWNERPARTID=   0|OWNERINDEX= -42|FONTID=1|ISHIDDEN=T|NAME=Revision|UNIQUEID=OOCTVTLK|
RECORD=41|LINENO=  54|OWNERPARTID=   0|OWNERINDEX= -42|FONTID=1|ISHIDDEN=T|NAME=SheetNumber|TEXT=6|UNIQUEID=KHFIGUHC|
RECORD=41|LINENO=  55|OWNERPARTID=   0|OWNERINDEX= -42|FONTID=1|ISHIDDEN=T|NAME=SheetTotal|TEXT=6|UNIQUEID=BDGQFQJC|
RECORD=41|LINENO=  56|OWNERPARTID=   0|OWNERINDEX= -42|FONTID=1|ISHIDDEN=T|NAME=Rule|TEXT=*|UNIQUEID=JFHHQOCD|
RECORD=41|LINENO=  57|OWNERPARTID=   0|OWNERINDEX= -42|FONTID=1|ISHIDDEN=T|NAME=ImagePath|UNIQUEID=WFMQCYYF|
RECORD=25|LINENO=  58|OWNERPARTID=   0|OWNERINDEX= -42|FONTID=11|LOCATION.X=940|LOCATION.Y=380|ORIENTATION=1|TEXT=USBSTLK_N|UNIQUEID=VGUDPYLX|
RECORD=25|LINENO=  59|OWNERPARTID=   0|OWNERINDEX= -42|FONTID=11|LOCATION.X=640|LOCATION.Y=170|ORIENTATION=1|TEXT=T_SWCLK|UNIQUEID=UDDIBGWL|
RECORD=25|LINENO=  60|OWNERPARTID=   0|OWNERINDEX= -42|FONTID=8|LOCATION.X=810|LOCATION.Y=300|TEXT=T_SWDIO|UNIQUEID=KHCCIFII|
RECORD= 4|LINENO=  61|OWNERPARTID=   0|OWNERINDEX= -42|FONTID=10|LOCATION.X=829|LOCATION.X_FRAC=99999|LOCATION.Y=390|LOCATION.Y_FRAC=6|
RECORD=25|LINENO=  62|OWNERPARTID=   0|OWNERINDEX= -42|FONTID=11|LOCATION.X=670|LOCATION.Y=170|ORIENTATION=1|TEXT=T_NRST|UNIQUEID=OWMHYPSG|
RECORD=25|LINENO=  63|OWNERPARTID=   0|OWNERINDEX= -42|FONTID=8|LOCATION.X=500|LOCATION.Y=300|TEXT=AIN_1|UNIQUEID=JFPWQRAR|
RECORD=41|LINENO=  64|OWNERPARTID=   0|OWNERINDEX= -42|FONTID=1|ISHIDDEN=T|NAME=Project|UNIQUEID=OPVKWGPV|
RECORD=17|LINENO=  65|OWNERPARTID=   0|OWNERINDEX= -42|FONTID=2|LOCATION.X=1020|LOCATION.Y=700|ORIENTATION=1|SHOWNETNAME=T|STYLE=2|TEXT=5V_USB_STLINK|UNIQUEID=UMLAUNMR|
RECORD= 4|LINENO=  66|OWNERPARTID=   0|OWNERINDEX= -42|FONTID=6|LOCATION.X=429|LOCATION.X_FRAC=99999|LOCATION.Y=530|LOCATION.Y_FRAC=6|TEXT=Board Ident: PC13=0|
RECORD=25|LINENO=  67|OWNERPARTID=   0|OWNERINDEX= -42|FONTID=8|LOCATION.X=810|LOCATION.Y=280|TEXT=T_SWDIO_IN|UNIQUEID=ODWOJIPY|
RECORD=25|LINENO=  68|OWNERPARTID=   0|OWNERINDEX= -42|FONTID=8|LOCATION.X=810|LOCATION.Y=330|TEXT=LED_STLK|UNIQUEID=KTOOISBG|
RECORD=22|LINENO=  69|OWNERPARTID=   0|OWNERINDEX= -42|ISACTIVE=T|LOCATION.X=560|LOCATION.Y=290|SUPPRESSALL=T|SYMBOL=Thin Cross|UNIQUEID=NJGSGIAY|
RECORD=22|LINENO=  70|OWNERPARTID=   0|OWNERINDEX= -42|ISACTIVE=T|LOCATION.X=560|LOCATION.Y=360|SUPPRESSALL=T|SYMBOL=Thin Cross|UNIQUEID=KGWVGUBJ|
RECORD=22|LINENO=  71|OWNERPARTID=   0|OWNERINDEX= -42|ISACTIVE=T|LOCATION.X=630|LOCATION.Y=220|SUPPRESSALL=T|SYMBOL=Thin Cross|UNIQUEID=HAOUQWLF|
RECORD=22|LINENO=  72|OWNERPARTID=   0|OWNERINDEX= -42|ISACTIVE=T|LOCATION.X=700|LOCATION.Y=450|SUPPRESSALL=T|SYMBOL=Thin Cross|UNIQUEID=HSSBRKGV|
RECORD=22|LINENO=  73|OWNERPARTID=   0|OWNERINDEX= -42|ISACTIVE=T|LOCATION.X=680|LOCATION.Y=220|SUPPRESSALL=T|SYMBOL=Thin Cross|UNIQUEID=URCSOHFV|
RECORD=41|LINENO=  74|OWNERPARTID=   0|OWNERINDEX= -42|FONTID=1|ISHIDDEN=T|NAME=ConfigurationParameters|UNIQUEID=PPOJESYW|
RECORD=41|LINENO=  75|OWNERPARTID=   0|OWNERINDEX= -42|FONTID=1|ISHIDDEN=T|NAME=ConfiguratorName|UNIQUEID=RCCSIOSI|
RECORD=41|LINENO=  76|OWNERPARTID=   0|OWNERINDEX= -42|FONTID=1|ISHIDDEN=T|NAME=VersionControl_RevNumber|UNIQUEID=IOHNXWNJ|
RECORD=41|LINENO=  77|OWNERPARTID=   0|OWNERINDEX= -42|FONTID=1|ISHIDDEN=T|NAME=IsUserConfigurable|UNIQUEID=TUMWVPEQ|
RECORD=18|LINENO=  78|OWNERPARTID=   0|OWNERINDEX= -42|ALIGNMENT=2|AREACOLOR=8454143|FONTID=1|HEIGHT=10|IOTYPE=2|LOCATION.X=380|LOCATION.Y=180|NAME=STLK_RX|TEXTCOLOR=128|UNIQUEID=BXBJFKEY|WIDTH=60|
RECORD=18|LINENO=  79|OWNERPARTID=   0|OWNERINDEX= -42|ALIGNMENT=2|AREACOLOR=8454143|FONTID=1|HEIGHT=10|IOTYPE=1|LOCATION.X=380|LOCATION.Y=210|NAME=STLK_TX|TEXTCOLOR=128|UNIQUEID=VEIGKGXJ|WIDTH=60|
RECORD=25|LINENO=  80|OWNERPARTID=   0|OWNERINDEX= -42|FONTID=8|LOCATION.X=810|LOCATION.Y=340|TEXT=T_SWO|UNIQUEID=GHXNTDIS|
RECORD= 1|LINENO=  81|OWNERPARTID=   0|OWNERINDEX= -42|ALLPINCOUNT=4|AREACOLOR=11599871|COMPONENTDESCRIPTION=Bicolor Led|CURRENTPARTID=1|DESIGNITEMID=LD_BICOLOR_CMS|DISPLAYMODECOUNT=1|ISMIRRORED=T|LIBRARYPATH=*|LIBREFERENCE=LD_BICOLOR_CMS|LOCATION.X=1030|LOCATION.Y=270|NOTUSEDBTABLENAME=T|PARTCOUNT=2|PARTIDLOCKED=F|SOURCELIBRARYNAME=MB1136.SCHLIB|TARGETFILENAME=*|UNIQUEID=BSGTKNJL|
RECORD=41|LINENO=  82|OWNERPARTID=   0|OWNERINDEX=  81|FONTID=1|ISHIDDEN=T|ISMIRRORED=T|JUSTIFICATION=2|LOCATION.X=1030|LOCATION.Y=270|NAME=Manuf_Part_1|NOTAUTOPOSITION=T|TEXT=HSMF-A201-A00J1|UNIQUEID=ADFHGTXK|
RECORD=41|LINENO=  83|OWNERPARTID=   0|OWNERINDEX=  81|FONTID=1|ISHIDDEN=T|ISMIRRORED=T|JUSTIFICATION=2|LOCATION.X=1030|LOCATION.Y=270|NAME=Manuf_1|NOTAUTOPOSITION=T|TEXT=Avago Technologies|UNIQUEID=TJVPBSWU|
RECORD=41|LINENO=  84|OWNERPARTID=   0|OWNERINDEX=  81|FONTID=1|ISHIDDEN=T|ISMIRRORED=T|JUSTIFICATION=2|LOCATION.X=1030|LOCATION.Y=270|NAME=Footprint|NOTAUTOPOSITION=T|TEXT=HSMF-A201|UNIQUEID=RMHAPUWM|
RECORD=41|LINENO=  85|OWNERPARTID=   0|OWNERINDEX=  81|FONTID=1|ISHIDDEN=T|ISMIRRORED=T|JUSTIFICATION=2|LOCATION.X=1030|LOCATION.Y=270|NAME=Manuf_2|NOTAUTOPOSITION=T|TEXT=kingbright|UNIQUEID=DAWRHSPE|
RECORD=41|LINENO=  86|OWNERPARTID=   0|OWNERINDEX=  81|FONTID=1|ISHIDDEN=T|ISMIRRORED=T|JUSTIFICATION=2|LOCATION.X=1030|LOCATION.Y=270|NAME=Manuf_Part_2|NOTAUTOPOSITION=T|TEXT=KAA-3528SURKCGKC|UNIQUEID=OKJYTQVN|
RECORD=14|LINENO=  87|OWNERPARTID=   2|OWNERINDEX=  81|AREACOLOR=11599871|CORNER.X=1030|CORNER.Y=300|ISSOLID=T|LINEWIDTH=1|LOCATION.X=1000|LOCATION.Y=220|TRANSPARENT=T|
RECORD= 7|LINENO=  88|OWNERPARTID=   2|OWNERINDEX=  81|AREACOLOR=16711680|ISSOLID=T|LINEWIDTH=1|LOCATIONCOUNT=4|X1=1010|X2=1010|X3=1020|X4=1010|Y1=290|Y2=270|Y3=280|Y4=290|
RECORD= 7|LINENO=  89|OWNERPARTID=   2|OWNERINDEX=  81|AREACOLOR=16711680|ISSOLID=T|LINEWIDTH=1|LOCATIONCOUNT=4|X1=1024|X2=1020|X3=1020|X4=1024|Y1=260|Y2=260|Y3=256|Y4=260|
RECORD= 7|LINENO=  90|OWNERPARTID=   2|OWNERINDEX=  81|AREACOLOR=16711680|ISSOLID=T|LINEWIDTH=1|LOCATIONCOUNT=4|X1=1012|X2=1016|X3=1012|X4=1012|Y1=260|Y2=260|Y3=256|Y4=260|
RECORD=13|LINENO=  91|OWNERPARTID=   2|OWNERINDEX=  81|CORNER.X=1020|CORNER.Y=270|LINEWIDTH=1|LOCATION.X=1020|LOCATION.Y=290|
RECORD=13|LINENO=  92|OWNERPARTID=   2|OWNERINDEX=  81|CORNER.X=1020|CORNER.Y=280|LINEWIDTH=1|LOCATION.X=1030|LOCATION.Y=280|
RECORD=13|LINENO=  93|OWNERPARTID=   2|OWNERINDEX=  81|CORNER.X=1000|CORNER.Y=280|LINEWIDTH=1|LOCATION.X=1010|LOCATION.Y=280|
RECORD=13|LINENO=  94|OWNERPARTID=   2|OWNERINDEX=  81|CORNER.X=1027|CORNER.Y=253|LINEWIDTH=1|LOCATION.X=1022|LOCATION.Y=258|
RECORD=13|LINENO=  95|OWNERPARTID=   2|OWNERINDEX=  81|CORNER.X=1019|CORNER.Y=253|LINEWIDTH=1|LOCATION.X=1014|LOCATION.Y=258|
RECORD=13|LINENO=  96|OWNERPARTID=   2|OWNERINDEX=  81|CORNER.X=1010|CORNER.Y=230|LINEWIDTH=1|LOCATION.X=1010|LOCATION.Y=250|
RECORD=13|LINENO=  97|OWNERPARTID=   2|OWNERINDEX=  81|CORNER.X=1020|CORNER.Y=240|LINEWIDTH=1|LOCATION.X=1030|LOCATION.Y=240|
RECORD=13|LINENO=  98|OWNERPARTID=   2|OWNERINDEX=  81|CORNER.X=1000|CORNER.Y=240|LINEWIDTH=1|LOCATION.X=1010|LOCATION.Y=240|
RECORD= 7|LINENO=  99|OWNERPARTID=   2|OWNERINDEX=  81|AREACOLOR=16711680|ISSOLID=T|LINEWIDTH=1|LOCATIONCOUNT=4|X1=1020|X2=1020|X3=1010|X4=1020|Y1=250|Y2=230|Y3=240|Y4=250|
RECORD= 4|LINENO= 100|OWNERPARTID=   2|OWNERINDEX=  81|FONTID=7|ISMIRRORED=T|JUSTIFICATION=2|LOCATION.X=1020|LOCATION.Y=290|TEXT=Red|
RECORD= 4|LINENO= 101|OWNERPARTID=   2|OWNERINDEX=  81|FONTID=7|ISMIRRORED=T|JUSTIFICATION=2|LOCATION.X=1030|LOCATION.Y=220|TEXT=_Green|
RECORD= 2|LINENO= 102|OWNERPARTID=   2|OWNERINDEX=  81|%UTF8%SWAPIDPART=Â¦&Â¦|DESIGNATOR=2|ELECTRICAL=4|FORMALTYPE=1|LOCATION.X=1000|LOCATION.Y=280|NAME=2|PINCONGLOMERATE=50|PINLENGTH=10|SWAPIDPART=Ž&Ž|
RECORD=41|LINENO= 103|OWNERPARTID=   0|OWNERINDEX= 102|FONTID=1|ISHIDDEN=T|LOCATION.X=1000|LOCATION.Y=280|NAME=PinUniqueId|TEXT=CPBTWQHF|UNIQUEID=VQIOHVOJ|
RECORD= 2|LINENO= 104|OWNERPARTID=   2|OWNERINDEX=  81|%UTF8%SWAPIDPART=Â¦&Â¦|DESIGNATOR=1|ELECTRICAL=4|FORMALTYPE=1|LOCATION.X=1030|LOCATION.Y=280|NAME=1|PINCONGLOMERATE=48|PINLENGTH=10|SWAPIDPART=Ž&Ž|
RECORD=41|LINENO= 105|OWNERPARTID=   0|OWNERINDEX= 104|FONTID=1|ISHIDDEN=T|LOCATION.X=1030|LOCATION.Y=280|NAME=PinUniqueId|TEXT=UMERKPNL|UNIQUEID=KKXSUSKW|
RECORD= 2|LINENO= 106|OWNERPARTID=   2|OWNERINDEX=  81|%UTF8%SWAPIDPART=Â¦&Â¦|DESIGNATOR=3|ELECTRICAL=4|FORMALTYPE=1|LOCATION.X=1000|LOCATION.Y=240|NAME=3|PINCONGLOMERATE=50|PINLENGTH=10|SWAPIDPART=Ž&Ž|
RECORD=41|LINENO= 107|OWNERPARTID=   0|OWNERINDEX= 106|FONTID=1|ISHIDDEN=T|LOCATION.X=1000|LOCATION.Y=240|NAME=PinUniqueId|TEXT=HNEXKNTC|UNIQUEID=RLDWLFYO|
RECORD= 2|LINENO= 108|OWNERPARTID=   2|OWNERINDEX=  81|%UTF8%SWAPIDPART=Â¦&Â¦|DESIGNATOR=4|ELECTRICAL=4|FORMALTYPE=1|LOCATION.X=1030|LOCATION.Y=240|NAME=4|PINCONGLOMERATE=48|PINLENGTH=10|SWAPIDPART=Ž&Ž|
RECORD=41|LINENO= 109|OWNERPARTID=   0|OWNERINDEX= 108|FONTID=1|ISHIDDEN=T|LOCATION.X=1030|LOCATION.Y=240|NAME=PinUniqueId|TEXT=EIARWHJB|UNIQUEID=SJTDPOHU|
RECORD=34|LINENO= 110|OWNERPARTID=   0|OWNERINDEX=  81|FONTID=1|ISMIRRORED=T|LOCATION.X=999|LOCATION.Y=300|NAME=Designator|TEXT=LED6|UNIQUEID=FARBMJNT|
RECORD=41|LINENO= 111|OWNERPARTID=   0|OWNERINDEX=  81|FONTID=1|ISMIRRORED=T|LOCATION.X=940|LOCATION.Y=209|LOCATION.Y_FRAC=99997|NAME=Comment|TEXT=HSMF-A201-A00J1/KAA-3528SURKCGKC|UNIQUEID=MFQWRKBY|
RECORD=44|LINENO= 112|OWNERPARTID= -42|OWNERINDEX=  81|
RECORD=45|LINENO= 113|OWNERPARTID= -42|OWNERINDEX= 112|DATAFILECOUNT=1|ISCURRENT=T|MODELDATAFILEENTITY0=HSMF-A201|MODELDATAFILEKIND0=PCBLib|MODELNAME=HSMF-A201|MODELTYPE=PCBLIB|UNIQUEID=BCXDSAWU|
RECORD=46|LINENO= 114|OWNERPARTID= -42|OWNERINDEX= 113|
RECORD=48|LINENO= 115|OWNERPARTID= -42|OWNERINDEX= 113|
RECORD=25|LINENO= 116|OWNERPARTID=   0|OWNERINDEX= -42|FONTID=11|LOCATION.X=720|LOCATION.Y=470|ORIENTATION=1|TEXT=USB_RENUMn|UNIQUEID=AKKVLNHT|
RECORD=17|LINENO= 117|OWNERPARTID=   0|OWNERINDEX= -42|FONTID=1|LOCATION.X=1040|LOCATION.Y=240|SHOWNETNAME=T|STYLE=2|TEXT=3V3_STLINK|UNIQUEID=PKMHMGKK|
RECORD=17|LINENO= 118|OWNERPARTID=   0|OWNERINDEX= -42|FONTID=2|LOCATION.X=950|LOCATION.Y=150|ORIENTATION=1|SHOWNETNAME=T|STYLE=2|TEXT=3V3_STLINK|UNIQUEID=NROMMDWY|
RECORD=17|LINENO= 119|OWNERPARTID=   0|OWNERINDEX= -42|FONTID=2|LOCATION.X=810|LOCATION.Y=400|ORIENTATION=1|SHOWNETNAME=T|STYLE=2|TEXT=3V3_STLINK|UNIQUEID=GFRMNXCU|
RECORD=17|LINENO= 120|OWNERPARTID=   0|OWNERINDEX= -42|FONTID=1|LOCATION.X=750|LOCATION.Y=210|SHOWNETNAME=T|STYLE=2|TEXT=3V3_STLINK|UNIQUEID=QETYHCWT|
RECORD=17|LINENO= 121|OWNERPARTID=   0|OWNERINDEX= -42|FONTID=2|LOCATION.X=360|LOCATION.Y=380|ORIENTATION=1|SHOWNETNAME=T|STYLE=2|TEXT=3V3_STLINK|UNIQUEID=TTWFQPJS|
RECORD=17|LINENO= 122|OWNERPARTID=   0|OWNERINDEX= -42|FONTID=2|LOCATION.X=540|LOCATION.Y=420|ORIENTATION=1|SHOWNETNAME=T|STYLE=2|TEXT=3V3_STLINK|UNIQUEID=KEHNYLPA|
RECORD=17|LINENO= 123|OWNERPARTID=   0|OWNERINDEX= -42|FONTID=1|LOCATION.X=480|LOCATION.Y=310|ORIENTATION=2|SHOWNETNAME=T|STYLE=2|TEXT=3V3_STLINK|UNIQUEID=KRBWJUUR|
RECORD=17|LINENO= 124|OWNERPARTID=   0|OWNERINDEX= -42|FONTID=2|LOCATION.X=930|LOCATION.Y=580|ORIENTATION=1|SHOWNETNAME=T|STYLE=2|TEXT=3V3_STLINK|UNIQUEID=KARGADYY|
RECORD=17|LINENO= 125|OWNERPARTID=   0|OWNERINDEX= -42|FONTID=1|LOCATION.X=750|LOCATION.Y=160|SHOWNETNAME=T|STYLE=2|TEXT=3V3_STLINK|UNIQUEID=AEANMRYM|
RECORD=41|LINENO= 126|OWNERPARTID=   0|OWNERINDEX= -42|FONTID=1|ISHIDDEN=T|NAME=ProjectName|UNIQUEID=DIJKNCEP|
RECORD=41|LINENO= 127|OWNERPARTID=   0|OWNERINDEX= -42|FONTID=1|ISHIDDEN=T|NAME=Application_BuildNumber|UNIQUEID=AXYWPWBH|
RECORD= 1|LINENO= 128|OWNERPARTID=   0|OWNERINDEX= -42|ALLPINCOUNT=20|AREACOLOR=11599871|COMPONENTDESCRIPTION=TXS0108E Bi-directional Level Shifter TSSOP20|CURRENTPARTID=1|DESIGNITEMID=TXS0108EPW|DISPLAYMODECOUNT=1|LIBRARYPATH=*|LIBREFERENCE=TXS0108EPW|LOCATION.X=330|LOCATION.Y=620|PARTCOUNT=2|PARTIDLOCKED=T|SOURCELIBRARYNAME=Active.SchLib|TARGETFILENAME=*|UNIQUEID=OMRYFDBE|
RECORD= 2|LINENO= 129|OWNERPARTID=   2|OWNERINDEX= 128|DESIGNATOR=1|ELECTRICAL=4|FORMALTYPE=1|LOCATION.X=310|LOCATION.Y=640|NAME=A1|PINCONGLOMERATE=58|PINLENGTH=10|
RECORD=41|LINENO= 130|OWNERPARTID=   0|OWNERINDEX= 129|FONTID=1|ISHIDDEN=T|LOCATION.X=310|LOCATION.Y=640|NAME=PinUniqueId|TEXT=CYININJF|UNIQUEID=BKNYIOMM|
RECORD= 2|LINENO= 131|OWNERPARTID=   2|OWNERINDEX= 128|%UTF8%SWAPIDPART=Â¦&Â¦1|DESIGNATOR=3|ELECTRICAL=4|FORMALTYPE=1|LOCATION.X=310|LOCATION.Y=630|NAME=A2|PINCONGLOMERATE=58|PINLENGTH=10|SWAPIDPART=Ž&Ž1|
RECORD=41|LINENO= 132|OWNERPARTID=   0|OWNERINDEX= 131|FONTID=1|ISHIDDEN=T|LOCATION.X=310|LOCATION.Y=630|NAME=PinUniqueId|TEXT=BERKFWVC|UNIQUEID=TLIRODJP|
RECORD= 2|LINENO= 133|OWNERPARTID=   2|OWNERINDEX= 128|%UTF8%SWAPIDPART=Â¦&Â¦1|DESIGNATOR=4|ELECTRICAL=4|FORMALTYPE=1|LOCATION.X=310|LOCATION.Y=620|NAME=A3|PINCONGLOMERATE=58|PINLENGTH=10|SWAPIDPART=Ž&Ž1|
RECORD=41|LINENO= 134|OWNERPARTID=   0|OWNERINDEX= 133|FONTID=1|ISHIDDEN=T|LOCATION.X=310|LOCATION.Y=620|NAME=PinUniqueId|TEXT=IINMFDRA|UNIQUEID=SYFUCYND|
RECORD= 2|LINENO= 135|OWNERPARTID=   2|OWNERINDEX= 128|%UTF8%SWAPIDPART=Â¦&Â¦1|DESIGNATOR=5|ELECTRICAL=4|FORMALTYPE=1|LOCATION.X=310|LOCATION.Y=610|NAME=A4|PINCONGLOMERATE=58|PINLENGTH=10|SWAPIDPART=Ž&Ž1|
RECORD=41|LINENO= 136|OWNERPARTID=   0|OWNERINDEX= 135|FONTID=1|ISHIDDEN=T|LOCATION.X=310|LOCATION.Y=610|NAME=PinUniqueId|TEXT=EJPNTVKC|UNIQUEID=MXXEBCNP|
RECORD= 2|LINENO= 137|OWNERPARTID=   2|OWNERINDEX= 128|%UTF8%SWAPIDPART=Â¦&Â¦1|DESIGNATOR=6|ELECTRICAL=4|FORMALTYPE=1|LOCATION.X=310|LOCATION.Y=600|NAME=A5|PINCONGLOMERATE=58|PINLENGTH=10|SWAPIDPART=Ž&Ž1|
RECORD=41|LINENO= 138|OWNERPARTID=   0|OWNERINDEX= 137|FONTID=1|ISHIDDEN=T|LOCATION.X=310|LOCATION.Y=600|NAME=PinUniqueId|TEXT=IJSXNFUX|UNIQUEID=BHAXVUUK|
RECORD= 2|LINENO= 139|OWNERPARTID=   2|OWNERINDEX= 128|%UTF8%SWAPIDPART=Â¦&Â¦1|DESIGNATOR=7|ELECTRICAL=4|FORMALTYPE=1|LOCATION.X=310|LOCATION.Y=590|NAME=A6|PINCONGLOMERATE=58|PINLENGTH=10|SWAPIDPART=Ž&Ž1|
RECORD=41|LINENO= 140|OWNERPARTID=   0|OWNERINDEX= 139|FONTID=1|ISHIDDEN=T|LOCATION.X=310|LOCATION.Y=590|NAME=PinUniqueId|TEXT=VCGAPDQI|UNIQUEID=PGNEBACX|
RECORD= 2|LINENO= 141|OWNERPARTID=   2|OWNERINDEX= 128|%UTF8%SWAPIDPART=Â¦&Â¦1|DESIGNATOR=8|ELECTRICAL=4|FORMALTYPE=1|LOCATION.X=310|LOCATION.Y=580|NAME=A7|PINCONGLOMERATE=58|PINLENGTH=10|SWAPIDPART=Ž&Ž1|
RECORD=41|LINENO= 142|OWNERPARTID=   0|OWNERINDEX= 141|FONTID=1|ISHIDDEN=T|LOCATION.X=310|LOCATION.Y=580|NAME=PinUniqueId|TEXT=ASKHKQOG|UNIQUEID=LPCTGVKU|
RECORD= 2|LINENO= 143|OWNERPARTID=   2|OWNERINDEX= 128|%UTF8%SWAPIDPART=Â¦&Â¦1|DESIGNATOR=9|ELECTRICAL=4|FORMALTYPE=1|LOCATION.X=310|LOCATION.Y=570|NAME=A8|PINCONGLOMERATE=58|PINLENGTH=10|SWAPIDPART=Ž&Ž1|
RECORD=41|LINENO= 144|OWNERPARTID=   0|OWNERINDEX= 143|FONTID=1|ISHIDDEN=T|LOCATION.X=310|LOCATION.Y=570|NAME=PinUniqueId|TEXT=PLQWEOQO|UNIQUEID=AUVPYMPG|
RECORD= 2|LINENO= 145|OWNERPARTID=   2|OWNERINDEX= 128|%UTF8%SWAPIDPART=Â¦&Â¦1|DESIGNATOR=10|ELECTRICAL=4|FORMALTYPE=1|LOCATION.X=310|LOCATION.Y=660|NAME=OE|PINCONGLOMERATE=58|PINLENGTH=10|SWAPIDPART=Ž&Ž1|
RECORD=41|LINENO= 146|OWNERPARTID=   0|OWNERINDEX= 145|FONTID=1|ISHIDDEN=T|LOCATION.X=310|LOCATION.Y=660|NAME=PinUniqueId|TEXT=MELATTWG|UNIQUEID=RNRTWNPG|
RECORD= 2|LINENO= 147|OWNERPARTID=   2|OWNERINDEX= 128|%UTF8%SWAPIDPART=Â¦&Â¦1|DESIGNATOR=11|ELECTRICAL=4|FORMALTYPE=1|LOCATION.X=360|LOCATION.Y=560|NAME=GND|PINCONGLOMERATE=59|PINLENGTH=10|SWAPIDPART=Ž&Ž1|
RECORD=41|LINENO= 148|OWNERPARTID=   0|OWNERINDEX= 147|FONTID=1|ISHIDDEN=T|LOCATION.X=360|LOCATION.Y=560|NAME=PinUniqueId|TEXT=SLEJUYFE|UNIQUEID=GMFPRJWJ|
RECORD= 2|LINENO= 149|OWNERPARTID=   2|OWNERINDEX= 128|%UTF8%SWAPIDPART=Â¦&Â¦1|DESIGNATOR=12|ELECTRICAL=4|FORMALTYPE=1|LOCATION.X=410|LOCATION.Y=570|NAME=B8|PINCONGLOMERATE=56|PINLENGTH=10|SWAPIDPART=Ž&Ž1|
RECORD=41|LINENO= 150|OWNERPARTID=   0|OWNERINDEX= 149|FONTID=1|ISHIDDEN=T|LOCATION.X=410|LOCATION.Y=570|NAME=PinUniqueId|TEXT=JJSXTFQN|UNIQUEID=OVEQQEAP|
RECORD= 2|LINENO= 151|OWNERPARTID=   2|OWNERINDEX= 128|%UTF8%SWAPIDPART=Â¦&Â¦1|DESIGNATOR=13|ELECTRICAL=4|FORMALTYPE=1|LOCATION.X=410|LOCATION.Y=580|NAME=B7|PINCONGLOMERATE=56|PINLENGTH=10|SWAPIDPART=Ž&Ž1|
RECORD=41|LINENO= 152|OWNERPARTID=   0|OWNERINDEX= 151|FONTID=1|ISHIDDEN=T|LOCATION.X=410|LOCATION.Y=580|NAME=PinUniqueId|TEXT=MHAIBUDP|UNIQUEID=DNMCHYYX|
RECORD= 2|LINENO= 153|OWNERPARTID=   2|OWNERINDEX= 128|%UTF8%SWAPIDPART=Â¦&Â¦1|DESIGNATOR=14|ELECTRICAL=4|FORMALTYPE=1|LOCATION.X=410|LOCATION.Y=590|NAME=B6|PINCONGLOMERATE=56|PINLENGTH=10|SWAPIDPART=Ž&Ž1|
RECORD=41|LINENO= 154|OWNERPARTID=   0|OWNERINDEX= 153|FONTID=1|ISHIDDEN=T|LOCATION.X=410|LOCATION.Y=590|NAME=PinUniqueId|TEXT=RBYTRYFN|UNIQUEID=BEXKHDFO|
RECORD= 2|LINENO= 155|OWNERPARTID=   2|OWNERINDEX= 128|%UTF8%SWAPIDPART=Â¦&Â¦1|DESIGNATOR=15|ELECTRICAL=4|FORMALTYPE=1|LOCATION.X=410|LOCATION.Y=600|NAME=B5|PINCONGLOMERATE=56|PINLENGTH=10|SWAPIDPART=Ž&Ž1|
RECORD=41|LINENO= 156|OWNERPARTID=   0|OWNERINDEX= 155|FONTID=1|ISHIDDEN=T|LOCATION.X=410|LOCATION.Y=600|NAME=PinUniqueId|TEXT=LXAPVOIA|UNIQUEID=TADMHEXF|
RECORD= 2|LINENO= 157|OWNERPARTID=   2|OWNERINDEX= 128|%UTF8%SWAPIDPART=Â¦&Â¦1|DESIGNATOR=16|ELECTRICAL=4|FORMALTYPE=1|LOCATION.X=410|LOCATION.Y=610|NAME=B4|PINCONGLOMERATE=56|PINLENGTH=10|SWAPIDPART=Ž&Ž1|
RECORD=41|LINENO= 158|OWNERPARTID=   0|OWNERINDEX= 157|FONTID=1|ISHIDDEN=T|LOCATION.X=410|LOCATION.Y=610|NAME=PinUniqueId|TEXT=LUJLIGHC|UNIQUEID=YTIWUWAB|
RECORD= 2|LINENO= 159|OWNERPARTID=   2|OWNERINDEX= 128|%UTF8%SWAPIDPART=Â¦&Â¦1|DESIGNATOR=17|ELECTRICAL=4|FORMALTYPE=1|LOCATION.X=410|LOCATION.Y=620|NAME=B3|PINCONGLOMERATE=56|PINLENGTH=10|SWAPIDPART=Ž&Ž1|
RECORD=41|LINENO= 160|OWNERPARTID=   0|OWNERINDEX= 159|FONTID=1|ISHIDDEN=T|LOCATION.X=410|LOCATION.Y=620|NAME=PinUniqueId|TEXT=LHHRQHEJ|UNIQUEID=LVWLGRWP|
RECORD= 2|LINENO= 161|OWNERPARTID=   2|OWNERINDEX= 128|%UTF8%SWAPIDPART=Â¦&Â¦1|DESIGNATOR=18|ELECTRICAL=4|FORMALTYPE=1|LOCATION.X=410|LOCATION.Y=630|NAME=B2|PINCONGLOMERATE=56|PINLENGTH=10|SWAPIDPART=Ž&Ž1|
RECORD=41|LINENO= 162|OWNERPARTID=   0|OWNERINDEX= 161|FONTID=1|ISHIDDEN=T|LOCATION.X=410|LOCATION.Y=630|NAME=PinUniqueId|TEXT=LBFSDNLP|UNIQUEID=HXRJVKFF|
RECORD= 2|LINENO= 163|OWNERPARTID=   2|OWNERINDEX= 128|%UTF8%SWAPIDPART=Â¦&Â¦1|DESIGNATOR=19|ELECTRICAL=4|FORMALTYPE=1|LOCATION.X=380|LOCATION.Y=680|NAME=VCCB|PINCONGLOMERATE=57|PINLENGTH=10|SWAPIDPART=Ž&Ž1|
RECORD=41|LINENO= 164|OWNERPARTID=   0|OWNERINDEX= 163|FONTID=1|ISHIDDEN=T|LOCATION.X=380|LOCATION.Y=680|NAME=PinUniqueId|TEXT=XACWQRKF|UNIQUEID=SYYKBGYO|
RECORD= 2|LINENO= 165|OWNERPARTID=   2|OWNERINDEX= 128|%UTF8%SWAPIDPART=Â¦&Â¦1|DESIGNATOR=2|ELECTRICAL=4|FORMALTYPE=1|LOCATION.X=350|LOCATION.Y=680|NAME=VCCA|PINCONGLOMERATE=57|PINLENGTH=10|SWAPIDPART=Ž&Ž1|
RECORD=41|LINENO= 166|OWNERPARTID=   0|OWNERINDEX= 165|FONTID=1|ISHIDDEN=T|LOCATION.X=350|LOCATION.Y=680|NAME=PinUniqueId|TEXT=SXPMJIYT|UNIQUEID=PDBLGGLW|
RECORD= 2|LINENO= 167|OWNERPARTID=   2|OWNERINDEX= 128|%UTF8%SWAPIDPART=Â¦&Â¦1|DESIGNATOR=20|ELECTRICAL=4|FORMALTYPE=1|LOCATION.X=410|LOCATION.Y=640|NAME=B1|PINCONGLOMERATE=56|PINLENGTH=10|SWAPIDPART=Ž&Ž1|
RECORD=41|LINENO= 168|OWNERPARTID=   0|OWNERINDEX= 167|FONTID=1|ISHIDDEN=T|LOCATION.X=410|LOCATION.Y=640|NAME=PinUniqueId|TEXT=BODYYDSU|UNIQUEID=EQXMMTGB|
RECORD= 6|LINENO= 169|OWNERPARTID=   2|OWNERINDEX= 128|LINEWIDTH=1|LOCATIONCOUNT=5|X1=310|X2=410|X3=410|X4=310|X5=310|Y1=680|Y2=680|Y3=560|Y4=560|Y5=680|
RECORD= 6|LINENO= 170|OWNERPARTID=   2|OWNERINDEX= 128|LINEWIDTH=1|LOCATIONCOUNT=11|X1=350|X10=335|X11=350|X2=350|X3=370|X4=370|X5=385|X6=370|X7=370|X8=350|X9=350|Y1=630|Y10=615|Y11=630|Y2=620|Y3=620|Y4=630|Y5=615|Y6=600|Y7=610|Y8=610|Y9=600|
RECORD=34|LINENO= 171|OWNERPARTID=   0|OWNERINDEX= 128|FONTID=1|LOCATION.X=422|LOCATION.Y=681|NAME=Designator|TEXT=U7|UNIQUEID=DUFVJYWL|
RECORD=41|LINENO= 172|OWNERPARTID=   0|OWNERINDEX= 128|FONTID=1|LOCATION.X=422|LOCATION.Y=671|NAME=Comment|TEXT=TXS0108EPW|UNIQUEID=QASCUEKO|
RECORD=44|LINENO= 173|OWNERPARTID= -42|OWNERINDEX= 128|
RECORD=45|LINENO= 174|OWNERPARTID= -42|OWNERINDEX= 173|DATAFILECOUNT=1|ISCURRENT=T|MODELDATAFILEENTITY0=TSSOP20|MODELDATAFILEKIND0=PCBLib|MODELNAME=TSSOP20|MODELTYPE=PCBLIB|UNIQUEID=QJGFGGKR|
RECORD=46|LINENO= 175|OWNERPARTID= -42|OWNERINDEX= 174|
RECORD=48|LINENO= 176|OWNERPARTID= -42|OWNERINDEX= 174|
RECORD= 1|LINENO= 177|OWNERPARTID=   0|OWNERINDEX= -42|ALLPINCOUNT=6|AREACOLOR=11599871|COMPONENTDESCRIPTION=USB-MICRO-B, 1050170001, SMT, MOLEX|CURRENTPARTID=1|DESIGNITEMID=1050170001|DISPLAYMODECOUNT=1|ISMIRRORED=T|LIBRARYPATH=*|LIBREFERENCE=1050170001|LOCATION.X=1050|LOCATION.Y=690|PARTCOUNT=2|PARTIDLOCKED=F|SOURCELIBRARYNAME=Connector.SchLib|TARGETFILENAME=*|UNIQUEID=MDJGORQR|
RECORD=41|LINENO= 178|OWNERPARTID=   0|OWNERINDEX= 177|FONTID=1|ISHIDDEN=T|LOCATION.X=970|LOCATION.Y=540|NAME=ECCN_US/EU|TEXT=n/a|UNIQUEID=FXQIQUHM|
RECORD=41|LINENO= 179|OWNERPARTID=   0|OWNERINDEX= 177|FONTID=1|ISHIDDEN=T|LOCATION.X=970|LOCATION.Y=540|NAME=Manuf_1|TEXT=MOLEX|UNIQUEID=HBTEAAOK|
RECORD=41|LINENO= 180|OWNERPARTID=   0|OWNERINDEX= 177|FONTID=1|ISHIDDEN=T|LOCATION.X=970|LOCATION.Y=540|NAME=Manuf_Part_1|TEXT=1050170001|UNIQUEID=GVILXGON|
RECORD=41|LINENO= 181|OWNERPARTID=   0|OWNERINDEX= 177|FONTID=1|ISHIDDEN=T|LOCATION.X=970|LOCATION.Y=540|NAME=Distrib|TEXT=DIGIKEY|UNIQUEID=ORKWGOCK|
RECORD=41|LINENO= 182|OWNERPARTID=   0|OWNERINDEX= 177|FONTID=1|ISHIDDEN=T|LOCATION.X=970|LOCATION.Y=540|NAME=Fitted|TEXT=YES|UNIQUEID=KYFKYUNC|
RECORD=41|LINENO= 183|OWNERPARTID=   0|OWNERINDEX= 177|FONTID=1|ISHIDDEN=T|LOCATION.X=970|LOCATION.Y=540|NAME=Value|TEXT=1050170001|UNIQUEID=BTDNUHAG|
RECORD=41|LINENO= 184|OWNERPARTID=   0|OWNERINDEX= 177|FONTID=1|ISHIDDEN=T|LOCATION.X=970|LOCATION.Y=540|NAME=Ordered_By|TEXT=Subcon|UNIQUEID=GIKKQRRK|
RECORD=41|LINENO= 185|OWNERPARTID=   0|OWNERINDEX= 177|FONTID=1|ISHIDDEN=T|LOCATION.X=970|LOCATION.Y=540|NAME=Order_Code|TEXT=*|UNIQUEID=GKIWKGRP|
RECORD=14|LINENO= 186|OWNERPARTID=   2|OWNERINDEX= 177|AREACOLOR=11599871|CORNER.X=1110|CORNER.Y=690|ISSOLID=T|LOCATION.X=1050|LOCATION.Y=610|
RECORD= 2|LINENO= 187|OWNERPARTID=   2|OWNERINDEX= 177|DESIGNATOR=1|ELECTRICAL=4|FORMALTYPE=1|LOCATION.X=1050|LOCATION.Y=680|NAME=VBUS|PINCONGLOMERATE=58|PINLENGTH=30|
RECORD=41|LINENO= 188|OWNERPARTID=   0|OWNERINDEX= 187|FONTID=1|ISHIDDEN=T|LOCATION.X=1050|LOCATION.Y=680|NAME=PinUniqueId|TEXT=PDMCVFOR|UNIQUEID=RFJQIRLJ|
RECORD= 2|LINENO= 189|OWNERPARTID=   2|OWNERINDEX= 177|%UTF8%SWAPIDPART=Â¦&Â¦1|DESIGNATOR=2|ELECTRICAL=4|FORMALTYPE=1|LOCATION.X=1050|LOCATION.Y=670|NAME=DM|PINCONGLOMERATE=58|PINLENGTH=30|SWAPIDPART=Ž&Ž1|
RECORD=41|LINENO= 190|OWNERPARTID=   0|OWNERINDEX= 189|FONTID=1|ISHIDDEN=T|LOCATION.X=1050|LOCATION.Y=670|NAME=PinUniqueId|TEXT=JVQQVGNX|UNIQUEID=MOOYOMRK|
RECORD= 2|LINENO= 191|OWNERPARTID=   2|OWNERINDEX= 177|%UTF8%SWAPIDPART=Â¦&Â¦1|DESIGNATOR=3|ELECTRICAL=4|FORMALTYPE=1|LOCATION.X=1050|LOCATION.Y=660|NAME=DP|PINCONGLOMERATE=58|PINLENGTH=30|SWAPIDPART=Ž&Ž1|
RECORD=41|LINENO= 192|OWNERPARTID=   0|OWNERINDEX= 191|FONTID=1|ISHIDDEN=T|LOCATION.X=1050|LOCATION.Y=660|NAME=PinUniqueId|TEXT=EYRXMQVJ|UNIQUEID=QNGAKBOE|
RECORD= 2|LINENO= 193|OWNERPARTID=   2|OWNERINDEX= 177|%UTF8%SWAPIDPART=Â¦&Â¦1|DESIGNATOR=4|ELECTRICAL=4|FORMALTYPE=1|LOCATION.X=1050|LOCATION.Y=650|NAME=ID|PINCONGLOMERATE=58|PINLENGTH=30|SWAPIDPART=Ž&Ž1|
RECORD=41|LINENO= 194|OWNERPARTID=   0|OWNERINDEX= 193|FONTID=1|ISHIDDEN=T|LOCATION.X=1050|LOCATION.Y=650|NAME=PinUniqueId|TEXT=HEFOMARG|UNIQUEID=EBSEBHXW|
RECORD= 2|LINENO= 195|OWNERPARTID=   2|OWNERINDEX= 177|%UTF8%SWAPIDPART=Â¦&Â¦1|DESIGNATOR=5|ELECTRICAL=4|FORMALTYPE=1|LOCATION.X=1050|LOCATION.Y=640|NAME=GND|PINCONGLOMERATE=58|PINLENGTH=30|SWAPIDPART=Ž&Ž1|
RECORD=41|LINENO= 196|OWNERPARTID=   0|OWNERINDEX= 195|FONTID=1|ISHIDDEN=T|LOCATION.X=1050|LOCATION.Y=640|NAME=PinUniqueId|TEXT=PWJNWDVS|UNIQUEID=RDYXGSBO|
RECORD= 2|LINENO= 197|OWNERPARTID=   2|OWNERINDEX= 177|DESIGNATOR=6|ELECTRICAL=4|FORMALTYPE=1|LOCATION.X=1050|LOCATION.Y=620|NAME=Shield|PINCONGLOMERATE=58|PINLENGTH=30|
RECORD=41|LINENO= 198|OWNERPARTID=   0|OWNERINDEX= 197|FONTID=1|ISHIDDEN=T|LOCATION.X=1050|LOCATION.Y=620|NAME=PinUniqueId|TEXT=COVEYCTR|UNIQUEID=WHPXVSKM|
RECORD= 6|LINENO= 199|OWNERPARTID=   2|OWNERINDEX= 177|LINEWIDTH=1|LOCATIONCOUNT=6|X1=1085|X2=1085|X3=1088|X4=1089|X5=1095|X6=1095|Y1=658|Y2=648|Y3=646|Y4=646|Y5=652|Y6=658|
RECORD= 6|LINENO= 200|OWNERPARTID=   2|OWNERINDEX= 177|LINEWIDTH=1|LOCATIONCOUNT=6|X1=1085|X2=1085|X3=1088|X4=1089|X5=1095|X6=1095|Y1=658|Y2=668|Y3=670|Y4=670|Y5=664|Y6=658|
RECORD= 6|LINENO= 201|OWNERPARTID=   2|OWNERINDEX= 177|LINEWIDTH=1|LOCATIONCOUNT=2|X1=1087|X2=1089|Y1=665|Y2=665|
RECORD= 6|LINENO= 202|OWNERPARTID=   2|OWNERINDEX= 177|LINEWIDTH=1|LOCATIONCOUNT=4|X1=1087|X2=1087|X3=1089|X4=1089|Y1=665|Y2=651|Y3=651|Y4=665|
RECORD= 6|LINENO= 203|OWNERPARTID=   2|OWNERINDEX= 177|LOCATIONCOUNT=4|X1=1089|X2=1090|X3=1090|X4=1089|Y1=659|Y2=659|Y3=657|Y4=657|
RECORD= 6|LINENO= 204|OWNERPARTID=   2|OWNERINDEX= 177|LOCATIONCOUNT=7|X1=1089|X2=1090|X3=1090|X4=1089|X5=1089|X6=1090|X7=1090|Y1=656|Y2=656|Y3=654|Y4=654|Y5=653|Y6=653|Y7=651|
RECORD= 6|LINENO= 205|OWNERPARTID=   2|OWNERINDEX= 177|LOCATIONCOUNT=2|X1=1090|X2=1089|Y1=651|Y2=651|
RECORD= 6|LINENO= 206|OWNERPARTID=   2|OWNERINDEX= 177|LOCATIONCOUNT=8|X1=1089|X2=1090|X3=1090|X4=1089|X5=1089|X6=1090|X7=1090|X8=1089|Y1=660|Y2=660|Y3=662|Y4=662|Y5=663|Y6=663|Y7=665|Y8=665|
RECORD= 4|LINENO= 207|OWNERPARTID=   2|OWNERINDEX= 177|FONTID=5|ISMIRRORED=T|JUSTIFICATION=6|LOCATION.X=1105|LOCATION.Y=670|ORIENTATION=3|TEXT=MicroB|
RECORD=34|LINENO= 208|OWNERPARTID=   0|OWNERINDEX= 177|FONTID=1|ISMIRRORED=T|LOCATION.X=1050|LOCATION.Y=690|NAME=Designator|TEXT=CN15|UNIQUEID=FDARKUVB|
RECORD=41|LINENO= 209|OWNERPARTID=   0|OWNERINDEX= 177|FONTID=1|ISMIRRORED=T|LOCATION.X=1050|LOCATION.Y=600|NAME=Comment|TEXT==Value|UNIQUEID=YLMXHWPF|
RECORD=44|LINENO= 210|OWNERPARTID= -42|OWNERINDEX= 177|
RECORD=45|LINENO= 211|OWNERPARTID= -42|OWNERINDEX= 210|DATAFILECOUNT=1|ISCURRENT=T|MODELDATAFILEENTITY0=USBMICROB_MOLEX_105017-0001_H2P90|MODELDATAFILEKIND0=PCBLib|MODELNAME=USBMICROB_MOLEX_105017-0001_H2P90|MODELTYPE=PCBLIB|UNIQUEID=XGWHMLHH|
RECORD=46|LINENO= 212|OWNERPARTID= -42|OWNERINDEX= 211|
RECORD=48|LINENO= 213|OWNERPARTID= -42|OWNERINDEX= 211|
RECORD=43|LINENO= 214|OWNERPARTID=   0|OWNERINDEX= -42|LOCATION.X=900|LOCATION.Y=360|NAME=USBSTLK|
RECORD=41|LINENO= 215|OWNERPARTID=   0|OWNERINDEX= 214|FONTID=1|ISHIDDEN=T|LOCATION.X=900|LOCATION.Y=360|NAME=DifferentialPair|TEXT=True|UNIQUEID=OSVWVCSB|
RECORD=41|LINENO= 216|OWNERPARTID=   0|OWNERINDEX= 214|FONTID=1|ISHIDDEN=T|LOCATION.X=900|LOCATION.Y=350|NAME=ClassName|TEXT=DIFF90|UNIQUEID=YBLDJDAP|
RECORD=43|LINENO= 217|OWNERPARTID=   0|OWNERINDEX= -42|LOCATION.X=900|LOCATION.Y=350|NAME=USBSTLK|
RECORD=41|LINENO= 218|OWNERPARTID=   0|OWNERINDEX= 217|FONTID=1|ISHIDDEN=T|LOCATION.X=900|LOCATION.Y=350|NAME=DifferentialPair|TEXT=True|UNIQUEID=QYMRRLON|
RECORD=41|LINENO= 219|OWNERPARTID=   0|OWNERINDEX= 217|FONTID=1|ISHIDDEN=T|LOCATION.X=900|LOCATION.Y=340|NAME=ClassName|TEXT=DIFF90|UNIQUEID=IKMCSCTJ|
RECORD= 1|LINENO= 220|OWNERPARTID=   0|OWNERINDEX= -42|ALLPINCOUNT=2|AREACOLOR=11599871|COMPONENTDESCRIPTION=Resistor|CURRENTPARTID=1|DESIGNITEMID=RES|DISPLAYMODECOUNT=1|LIBREFERENCE=RES|LOCATION.X=990|LOCATION.Y=620|ORIENTATION=1|PARTCOUNT=2|PARTIDLOCKED=F|SOURCELIBRARYNAME=Lib3D_Altium10_Schlib.SchLib|TARGETFILENAME=*|UNIQUEID=KIVBNXRJ|
RECORD= 2|LINENO= 221|OWNERPARTID=   2|OWNERINDEX= 220|%UTF8%SWAPIDPART=Â¦&Â¦|DESIGNATOR=1|ELECTRICAL=4|FORMALTYPE=1|LOCATION.X=1000|LOCATION.Y=620|NAME=1|PINCONGLOMERATE=35|PINLENGTH=10|SWAPIDPART=Ž&Ž|SWAPIDPIN=1|
RECORD=41|LINENO= 222|OWNERPARTID=   0|OWNERINDEX= 221|FONTID=1|ISHIDDEN=T|LOCATION.X=1000|LOCATION.Y=620|NAME=PinUniqueId|TEXT=EDDTAAVJ|UNIQUEID=ICJSMNVJ|
RECORD= 2|LINENO= 223|OWNERPARTID=   2|OWNERINDEX= 220|%UTF8%SWAPIDPART=Â¦&Â¦|DESIGNATOR=2|ELECTRICAL=4|FORMALTYPE=1|LOCATION.X=1000|LOCATION.Y=640|NAME=2|PINCONGLOMERATE=33|PINLENGTH=10|SWAPIDPART=Ž&Ž|SWAPIDPIN=2|
RECORD=41|LINENO= 224|OWNERPARTID=   0|OWNERINDEX= 223|FONTID=1|ISHIDDEN=T|LOCATION.X=1000|LOCATION.Y=640|NAME=PinUniqueId|TEXT=RARVGGGH|UNIQUEID=WKHMJIIN|
RECORD=13|LINENO= 225|OWNERPARTID=   2|OWNERINDEX= 220|CORNER.X=1005|CORNER.Y=640|LINEWIDTH=1|LOCATION.X=995|LOCATION.Y=640|
RECORD=13|LINENO= 226|OWNERPARTID=   2|OWNERINDEX= 220|CORNER.X=1005|CORNER.Y=620|LINEWIDTH=1|LOCATION.X=995|LOCATION.Y=620|
RECORD=13|LINENO= 227|OWNERPARTID=   2|OWNERINDEX= 220|CORNER.X=1005|CORNER.Y=640|LINEWIDTH=1|LOCATION.X=1005|LOCATION.Y=620|
RECORD=13|LINENO= 228|OWNERPARTID=   2|OWNERINDEX= 220|CORNER.X=995|CORNER.Y=640|LINEWIDTH=1|LOCATION.X=995|LOCATION.Y=620|
RECORD=34|LINENO= 229|OWNERPARTID=   0|OWNERINDEX= 220|FONTID=2|LOCATION.X=995|LOCATION.Y=622|NAME=Designator|ORIENTATION=1|TEXT=R23|UNIQUEID=SJTPSWCH|
RECORD=41|LINENO= 230|OWNERPARTID=   0|OWNERINDEX= 220|FONTID=2|LOCATION.X=1015|LOCATION.X_FRAC=1|LOCATION.Y=598|LOCATION.Y_FRAC=99994|NAME=Comment|ORIENTATION=1|TEXT=100K|UNIQUEID=MSTPMUYK|
RECORD=44|LINENO= 231|OWNERPARTID= -42|OWNERINDEX= 220|
RECORD=45|LINENO= 232|OWNERPARTID= -42|OWNERINDEX= 231|DATAFILECOUNT=1|DESCRIPTION=Resistor Footprint 0603|MODELDATAFILEENTITY0=0603_RES|MODELDATAFILEKIND0=PCBLib|MODELNAME=0603_RES|MODELTYPE=PCBLIB|UNIQUEID=MIVGDLKB|
RECORD=46|LINENO= 233|OWNERPARTID= -42|OWNERINDEX= 232|
RECORD=48|LINENO= 234|OWNERPARTID= -42|OWNERINDEX= 232|
RECORD=45|LINENO= 235|OWNERPARTID= -42|OWNERINDEX= 231|DATAFILECOUNT=1|DESCRIPTION=Resistor FootPrint 0402|ISCURRENT=T|MODELDATAFILEENTITY0=0402_RES|MODELDATAFILEKIND0=PCBLib|MODELNAME=0402_RES|MODELTYPE=PCBLIB|UNIQUEID=YEBNPJGQ|
RECORD=46|LINENO= 236|OWNERPARTID= -42|OWNERINDEX= 235|
RECORD=48|LINENO= 237|OWNERPARTID= -42|OWNERINDEX= 235|
RECORD=17|LINENO= 238|OWNERPARTID=   0|OWNERINDEX= -42|FONTID=2|LOCATION.X=1020|LOCATION.Y=610|ORIENTATION=3|SHOWNETNAME=T|STYLE=1|TEXT=GND|UNIQUEID=PRDOVUPI|
RECORD=17|LINENO= 239|OWNERPARTID=   0|OWNERINDEX= -42|FONTID=2|LOCATION.X=1000|LOCATION.Y=610|ORIENTATION=3|SHOWNETNAME=T|STYLE=1|TEXT=GND|UNIQUEID=PYGMKKOG|
RECORD=17|LINENO= 240|OWNERPARTID=   0|OWNERINDEX= -42|FONTID=2|LOCATION.X=880|LOCATION.Y=490|ORIENTATION=3|SHOWNETNAME=T|STYLE=1|TEXT=GND|UNIQUEID=KJKVIVBF|
RECORD= 1|LINENO= 241|OWNERPARTID=   0|OWNERINDEX= -42|ALLPINCOUNT=2|AREACOLOR=11599871|COMPONENTDESCRIPTION=Resistor|CURRENTPARTID=1|DESIGNITEMID=RES|DISPLAYMODECOUNT=1|LIBREFERENCE=RES|LOCATION.X=850|LOCATION.Y=550|ORIENTATION=1|PARTCOUNT=2|PARTIDLOCKED=F|SOURCELIBRARYNAME=Lib3D_Altium10_Schlib.SchLib|TARGETFILENAME=*|UNIQUEID=QLAWAREP|
RECORD= 2|LINENO= 242|OWNERPARTID=   2|OWNERINDEX= 241|%UTF8%SWAPIDPART=Â¦&Â¦|DESIGNATOR=1|ELECTRICAL=4|FORMALTYPE=1|LOCATION.X=860|LOCATION.Y=550|NAME=1|PINCONGLOMERATE=35|PINLENGTH=10|SWAPIDPART=Ž&Ž|SWAPIDPIN=1|
RECORD=41|LINENO= 243|OWNERPARTID=   0|OWNERINDEX= 242|FONTID=1|ISHIDDEN=T|LOCATION.X=860|LOCATION.Y=550|NAME=PinUniqueId|TEXT=OLLWJEVV|UNIQUEID=WNXKBSMQ|
RECORD= 2|LINENO= 244|OWNERPARTID=   2|OWNERINDEX= 241|%UTF8%SWAPIDPART=Â¦&Â¦|DESIGNATOR=2|ELECTRICAL=4|FORMALTYPE=1|LOCATION.X=860|LOCATION.Y=570|NAME=2|PINCONGLOMERATE=33|PINLENGTH=10|SWAPIDPART=Ž&Ž|SWAPIDPIN=2|
RECORD=41|LINENO= 245|OWNERPARTID=   0|OWNERINDEX= 244|FONTID=1|ISHIDDEN=T|LOCATION.X=860|LOCATION.Y=570|NAME=PinUniqueId|TEXT=BRXEINAU|UNIQUEID=NVXBFRIK|
RECORD=13|LINENO= 246|OWNERPARTID=   2|OWNERINDEX= 241|CORNER.X=865|CORNER.Y=570|LINEWIDTH=1|LOCATION.X=855|LOCATION.Y=570|
RECORD=13|LINENO= 247|OWNERPARTID=   2|OWNERINDEX= 241|CORNER.X=865|CORNER.Y=550|LINEWIDTH=1|LOCATION.X=855|LOCATION.Y=550|
RECORD=13|LINENO= 248|OWNERPARTID=   2|OWNERINDEX= 241|CORNER.X=865|CORNER.Y=570|LINEWIDTH=1|LOCATION.X=865|LOCATION.Y=550|
RECORD=13|LINENO= 249|OWNERPARTID=   2|OWNERINDEX= 241|CORNER.X=855|CORNER.Y=570|LINEWIDTH=1|LOCATION.X=855|LOCATION.Y=550|
RECORD=34|LINENO= 250|OWNERPARTID=   0|OWNERINDEX= 241|FONTID=1|LOCATION.X=866|LOCATION.Y=561|NAME=Designator|TEXT=R16|UNIQUEID=DHGUGRPF|
RECORD=41|LINENO= 251|OWNERPARTID=   0|OWNERINDEX= 241|FONTID=1|LOCATION.X=866|LOCATION.Y=551|NAME=Comment|TEXT=10K|UNIQUEID=WWJSWBGV|
RECORD=44|LINENO= 252|OWNERPARTID= -42|OWNERINDEX= 241|
RECORD=45|LINENO= 253|OWNERPARTID= -42|OWNERINDEX= 252|DATAFILECOUNT=1|DESCRIPTION=Resistor Footprint 0603|MODELDATAFILEENTITY0=0603_RES|MODELDATAFILEKIND0=PCBLib|MODELNAME=0603_RES|MODELTYPE=PCBLIB|UNIQUEID=KIDJSCNX|
RECORD=46|LINENO= 254|OWNERPARTID= -42|OWNERINDEX= 253|
RECORD=48|LINENO= 255|OWNERPARTID= -42|OWNERINDEX= 253|
RECORD=45|LINENO= 256|OWNERPARTID= -42|OWNERINDEX= 252|DATAFILECOUNT=1|DESCRIPTION=Resistor FootPrint 0402|ISCURRENT=T|MODELDATAFILEENTITY0=0402_RES|MODELDATAFILEKIND0=PCBLib|MODELNAME=0402_RES|MODELTYPE=PCBLIB|UNIQUEID=KOMWVPJJ|
RECORD=46|LINENO= 257|OWNERPARTID= -42|OWNERINDEX= 256|
RECORD=48|LINENO= 258|OWNERPARTID= -42|OWNERINDEX= 256|
RECORD= 1|LINENO= 259|OWNERPARTID=   0|OWNERINDEX= -42|ALLPINCOUNT=2|AREACOLOR=11599871|COMPONENTDESCRIPTION=Resistor|CURRENTPARTID=1|DESIGNITEMID=RES|DISPLAYMODECOUNT=1|LIBREFERENCE=RES|LOCATION.X=850|LOCATION.Y=530|ORIENTATION=2|PARTCOUNT=2|PARTIDLOCKED=F|SOURCELIBRARYNAME=Lib3D_Altium10_Schlib.SchLib|TARGETFILENAME=*|UNIQUEID=MQCMOBOO|
RECORD= 2|LINENO= 260|OWNERPARTID=   2|OWNERINDEX= 259|%UTF8%SWAPIDPART=Â¦&Â¦|DESIGNATOR=1|ELECTRICAL=4|FORMALTYPE=1|LOCATION.X=850|LOCATION.Y=540|NAME=1|PINCONGLOMERATE=32|PINLENGTH=10|SWAPIDPART=Ž&Ž|SWAPIDPIN=1|
RECORD=41|LINENO= 261|OWNERPARTID=   0|OWNERINDEX= 260|FONTID=1|ISHIDDEN=T|LOCATION.X=850|LOCATION.Y=540|NAME=PinUniqueId|TEXT=VRQJRIVS|UNIQUEID=BULJQJCG|
RECORD= 2|LINENO= 262|OWNERPARTID=   2|OWNERINDEX= 259|%UTF8%SWAPIDPART=Â¦&Â¦|DESIGNATOR=2|ELECTRICAL=4|FORMALTYPE=1|LOCATION.X=830|LOCATION.Y=540|NAME=2|PINCONGLOMERATE=34|PINLENGTH=10|SWAPIDPART=Ž&Ž|SWAPIDPIN=2|
RECORD=41|LINENO= 263|OWNERPARTID=   0|OWNERINDEX= 262|FONTID=1|ISHIDDEN=T|LOCATION.X=830|LOCATION.Y=540|NAME=PinUniqueId|TEXT=YTGVIFHR|UNIQUEID=NHPNHTTH|
RECORD=13|LINENO= 264|OWNERPARTID=   2|OWNERINDEX= 259|CORNER.X=830|CORNER.Y=545|LINEWIDTH=1|LOCATION.X=830|LOCATION.Y=535|
RECORD=13|LINENO= 265|OWNERPARTID=   2|OWNERINDEX= 259|CORNER.X=850|CORNER.Y=545|LINEWIDTH=1|LOCATION.X=850|LOCATION.Y=535|
RECORD=13|LINENO= 266|OWNERPARTID=   2|OWNERINDEX= 259|CORNER.X=830|CORNER.Y=545|LINEWIDTH=1|LOCATION.X=850|LOCATION.Y=545|
RECORD=13|LINENO= 267|OWNERPARTID=   2|OWNERINDEX= 259|CORNER.X=830|CORNER.Y=535|LINEWIDTH=1|LOCATION.X=850|LOCATION.Y=535|
RECORD=34|LINENO= 268|OWNERPARTID=   0|OWNERINDEX= 259|FONTID=1|LOCATION.X=829|LOCATION.Y=546|NAME=Designator|TEXT=R17|UNIQUEID=AQAHEPEE|
RECORD=41|LINENO= 269|OWNERPARTID=   0|OWNERINDEX= 259|FONTID=1|LOCATION.X=829|LOCATION.Y=524|NAME=Comment|TEXT=100|UNIQUEID=YMBBTXQS|
RECORD=44|LINENO= 270|OWNERPARTID= -42|OWNERINDEX= 259|
RECORD=45|LINENO= 271|OWNERPARTID= -42|OWNERINDEX= 270|DATAFILECOUNT=1|DESCRIPTION=Resistor Footprint 0603|MODELDATAFILEENTITY0=0603_RES|MODELDATAFILEKIND0=PCBLib|MODELNAME=0603_RES|MODELTYPE=PCBLIB|UNIQUEID=CYOWOLGX|
RECORD=46|LINENO= 272|OWNERPARTID= -42|OWNERINDEX= 271|
RECORD=48|LINENO= 273|OWNERPARTID= -42|OWNERINDEX= 271|
RECORD=45|LINENO= 274|OWNERPARTID= -42|OWNERINDEX= 270|DATAFILECOUNT=1|DESCRIPTION=Resistor FootPrint 0402|ISCURRENT=T|MODELDATAFILEENTITY0=0402_RES|MODELDATAFILEKIND0=PCBLib|MODELNAME=0402_RES|MODELTYPE=PCBLIB|UNIQUEID=GXFAJYYH|
RECORD=46|LINENO= 275|OWNERPARTID= -42|OWNERINDEX= 274|
RECORD=48|LINENO= 276|OWNERPARTID= -42|OWNERINDEX= 274|
RECORD= 1|LINENO= 277|OWNERPARTID=   0|OWNERINDEX= -42|ALLPINCOUNT=2|AREACOLOR=11599871|COMPONENTDESCRIPTION=Resistor|CURRENTPARTID=1|DESIGNITEMID=RES|DISPLAYMODECOUNT=1|LIBREFERENCE=RES|LOCATION.X=870|LOCATION.Y=500|ORIENTATION=1|PARTCOUNT=2|PARTIDLOCKED=F|SOURCELIBRARYNAME=Lib3D_Altium10_Schlib.SchLib|TARGETFILENAME=*|UNIQUEID=TNLSMHLK|
RECORD= 2|LINENO= 278|OWNERPARTID=   2|OWNERINDEX= 277|%UTF8%SWAPIDPART=Â¦&Â¦|DESIGNATOR=1|ELECTRICAL=4|FORMALTYPE=1|LOCATION.X=880|LOCATION.Y=500|NAME=1|PINCONGLOMERATE=35|PINLENGTH=10|SWAPIDPART=Ž&Ž|SWAPIDPIN=1|
RECORD=41|LINENO= 279|OWNERPARTID=   0|OWNERINDEX= 278|FONTID=1|ISHIDDEN=T|LOCATION.X=880|LOCATION.Y=500|NAME=PinUniqueId|TEXT=HNERJMAG|UNIQUEID=BWGWDJHS|
RECORD= 2|LINENO= 280|OWNERPARTID=   2|OWNERINDEX= 277|%UTF8%SWAPIDPART=Â¦&Â¦|DESIGNATOR=2|ELECTRICAL=4|FORMALTYPE=1|LOCATION.X=880|LOCATION.Y=520|NAME=2|PINCONGLOMERATE=33|PINLENGTH=10|SWAPIDPART=Ž&Ž|SWAPIDPIN=2|
RECORD=41|LINENO= 281|OWNERPARTID=   0|OWNERINDEX= 280|FONTID=1|ISHIDDEN=T|LOCATION.X=880|LOCATION.Y=520|NAME=PinUniqueId|TEXT=LIKGFEAK|UNIQUEID=PCIFMBJQ|
RECORD=13|LINENO= 282|OWNERPARTID=   2|OWNERINDEX= 277|CORNER.X=885|CORNER.Y=520|LINEWIDTH=1|LOCATION.X=875|LOCATION.Y=520|
RECORD=13|LINENO= 283|OWNERPARTID=   2|OWNERINDEX= 277|CORNER.X=885|CORNER.Y=500|LINEWIDTH=1|LOCATION.X=875|LOCATION.Y=500|
RECORD=13|LINENO= 284|OWNERPARTID=   2|OWNERINDEX= 277|CORNER.X=885|CORNER.Y=520|LINEWIDTH=1|LOCATION.X=885|LOCATION.Y=500|
RECORD=13|LINENO= 285|OWNERPARTID=   2|OWNERINDEX= 277|CORNER.X=875|CORNER.Y=520|LINEWIDTH=1|LOCATION.X=875|LOCATION.Y=500|
RECORD=34|LINENO= 286|OWNERPARTID=   0|OWNERINDEX= 277|FONTID=1|LOCATION.X=886|LOCATION.Y=511|NAME=Designator|TEXT=R20|UNIQUEID=FPMQNVRM|
RECORD=41|LINENO= 287|OWNERPARTID=   0|OWNERINDEX= 277|FONTID=1|LOCATION.X=886|LOCATION.Y=501|NAME=Comment|TEXT=36K|UNIQUEID=ECAMVUER|
RECORD=44|LINENO= 288|OWNERPARTID= -42|OWNERINDEX= 277|
RECORD=45|LINENO= 289|OWNERPARTID= -42|OWNERINDEX= 288|DATAFILECOUNT=1|DESCRIPTION=Resistor Footprint 0603|MODELDATAFILEENTITY0=0603_RES|MODELDATAFILEKIND0=PCBLib|MODELNAME=0603_RES|MODELTYPE=PCBLIB|UNIQUEID=WBYOMPBQ|
RECORD=46|LINENO= 290|OWNERPARTID= -42|OWNERINDEX= 289|
RECORD=48|LINENO= 291|OWNERPARTID= -42|OWNERINDEX= 289|
RECORD=45|LINENO= 292|OWNERPARTID= -42|OWNERINDEX= 288|DATAFILECOUNT=1|DESCRIPTION=Resistor FootPrint 0402|ISCURRENT=T|MODELDATAFILEENTITY0=0402_RES|MODELDATAFILEKIND0=PCBLib|MODELNAME=0402_RES|MODELTYPE=PCBLIB|UNIQUEID=JMHXVBIA|
RECORD=46|LINENO= 293|OWNERPARTID= -42|OWNERINDEX= 292|
RECORD=48|LINENO= 294|OWNERPARTID= -42|OWNERINDEX= 292|
RECORD=17|LINENO= 295|OWNERPARTID=   0|OWNERINDEX= -42|FONTID=2|LOCATION.X=860|LOCATION.Y=580|ORIENTATION=1|SHOWNETNAME=T|STYLE=2|TEXT=5V_USB_STLINK|UNIQUEID=MIFXSLSM|
RECORD= 1|LINENO= 296|OWNERPARTID=   0|OWNERINDEX= -42|ALLPINCOUNT=4|AREACOLOR=11599871|CURRENTPARTID=1|DESIGNITEMID=74LVC1G07|DISPLAYMODECOUNT=1|ISMIRRORED=T|LIBRARYPATH=*|LIBREFERENCE=74LVC1G07|LOCATION.X=270|LOCATION.Y=110|PARTCOUNT=2|PARTIDLOCKED=T|SOURCELIBRARYNAME=ST_Lib3D.SchLib|TARGETFILENAME=*|UNIQUEID=CFJJCAHT|
RECORD= 2|LINENO= 297|OWNERPARTID=   2|OWNERINDEX= 296|DESIGNATOR=2|ELECTRICAL=4|FORMALTYPE=1|LOCATION.X=300|LOCATION.Y=110|NAME=A|PINCONGLOMERATE=48|PINLENGTH=10|
RECORD=41|LINENO= 298|OWNERPARTID=   0|OWNERINDEX= 297|FONTID=1|ISHIDDEN=T|LOCATION.X=300|LOCATION.Y=110|NAME=PinUniqueId|TEXT=PRELNFVC|UNIQUEID=KHXFYRHV|
RECORD= 2|LINENO= 299|OWNERPARTID=   2|OWNERINDEX= 296|%UTF8%SWAPIDPART=Â¦&Â¦2|DESIGNATOR=3|ELECTRICAL=4|FORMALTYPE=1|LOCATION.X=250|LOCATION.Y=50|NAME=GND|PINCONGLOMERATE=59|PINLENGTH=10|SWAPIDPART=Ž&Ž2|
RECORD=41|LINENO= 300|OWNERPARTID=   0|OWNERINDEX= 299|FONTID=1|ISHIDDEN=T|LOCATION.X=250|LOCATION.Y=50|NAME=PinUniqueId|TEXT=OVOFUBEO|UNIQUEID=UJUMAPHF|
RECORD= 2|LINENO= 301|OWNERPARTID=   2|OWNERINDEX= 296|DESIGNATOR=4|ELECTRICAL=4|FORMALTYPE=1|LOCATION.X=220|LOCATION.Y=150|NAME=Y|PINCONGLOMERATE=49|PINLENGTH=10|
RECORD=41|LINENO= 302|OWNERPARTID=   0|OWNERINDEX= 301|FONTID=1|ISHIDDEN=T|LOCATION.X=220|LOCATION.Y=150|NAME=PinUniqueId|TEXT=OEIVHCYM|UNIQUEID=BLKTSRMI|
RECORD= 2|LINENO= 303|OWNERPARTID=   2|OWNERINDEX= 296|DESIGNATOR=5|ELECTRICAL=4|FORMALTYPE=1|LOCATION.X=270|LOCATION.Y=150|NAME=Vcc|PINCONGLOMERATE=57|PINLENGTH=10|
RECORD=41|LINENO= 304|OWNERPARTID=   0|OWNERINDEX= 303|FONTID=1|ISHIDDEN=T|LOCATION.X=270|LOCATION.Y=150|NAME=PinUniqueId|TEXT=UAURXEKJ|UNIQUEID=YDPKUMDL|
RECORD= 6|LINENO= 305|OWNERPARTID=   2|OWNERINDEX= 296|LINEWIDTH=1|LOCATIONCOUNT=6|X1=300|X2=290|X3=290|X4=270|X5=290|X6=290|Y1=110|Y2=110|Y3=125|Y4=110|Y5=95|Y6=110|
RECORD= 8|LINENO= 306|OWNERPARTID=   2|OWNERINDEX= 296|AREACOLOR=16777215|ISSOLID=T|LINEWIDTH=1|LOCATION.X=267|LOCATION.Y=110|RADIUS=3|SECONDARYRADIUS=3|
RECORD= 6|LINENO= 307|OWNERPARTID=   2|OWNERINDEX= 296|LINEWIDTH=1|LOCATIONCOUNT=2|X1=264|X2=250|Y1=110|Y2=110|
RECORD= 6|LINENO= 308|OWNERPARTID=   2|OWNERINDEX= 296|LINEWIDTH=1|LOCATIONCOUNT=2|X1=250|X2=250|Y1=110|Y2=130|
RECORD= 6|LINENO= 309|OWNERPARTID=   2|OWNERINDEX= 296|LINEWIDTH=1|LOCATIONCOUNT=3|X1=220|X2=220|X3=246|Y1=150|Y2=130|Y3=130|
RECORD= 6|LINENO= 310|OWNERPARTID=   2|OWNERINDEX= 296|LINEWIDTH=1|LOCATIONCOUNT=3|X1=270|X2=280|X3=280|Y1=90|Y2=90|Y3=102|
RECORD= 6|LINENO= 311|OWNERPARTID=   2|OWNERINDEX= 296|LINEWIDTH=1|LOCATIONCOUNT=4|X1=270|X2=220|X3=220|X4=246|Y1=90|Y2=90|Y3=110|Y4=110|
RECORD= 6|LINENO= 312|OWNERPARTID=   2|OWNERINDEX= 296|LINEWIDTH=1|LOCATIONCOUNT=3|X1=220|X2=220|X3=246|Y1=110|Y2=120|Y3=120|
RECORD= 6|LINENO= 313|OWNERPARTID=   2|OWNERINDEX= 296|LINEWIDTH=2|LOCATIONCOUNT=2|X1=246|X2=246|Y1=133|Y2=127|
RECORD= 6|LINENO= 314|OWNERPARTID=   2|OWNERINDEX= 296|LINEWIDTH=2|LOCATIONCOUNT=2|X1=246|X2=246|Y1=122|Y2=118|
RECORD= 6|LINENO= 315|OWNERPARTID=   2|OWNERINDEX= 296|LINEWIDTH=2|LOCATIONCOUNT=2|X1=246|X2=246|Y1=113|Y2=107|
RECORD= 6|LINENO= 316|OWNERPARTID=   2|OWNERINDEX= 296|LINEWIDTH=1|LOCATIONCOUNT=4|X1=237|X2=233|X3=233|X4=237|Y1=120|Y2=124|Y3=116|Y4=120|
RECORD= 8|LINENO= 317|OWNERPARTID=   2|OWNERINDEX= 296|AREACOLOR=16711680|ISSOLID=T|LINEWIDTH=1|LOCATION.X=250|LOCATION.Y=90|RADIUS=2|SECONDARYRADIUS=2|
RECORD= 6|LINENO= 318|OWNERPARTID=   2|OWNERINDEX= 296|LINEWIDTH=1|LOCATIONCOUNT=5|X1=300|X2=210|X3=210|X4=300|X5=300|Y1=150|Y2=150|Y3=50|Y4=50|Y5=150|
RECORD= 6|LINENO= 319|OWNERPARTID=   2|OWNERINDEX= 296|LINEWIDTH=1|LOCATIONCOUNT=2|X1=250|X2=250|Y1=90|Y2=78|
RECORD= 6|LINENO= 320|OWNERPARTID=   2|OWNERINDEX= 296|LINEWIDTH=1|LOCATIONCOUNT=4|X1=270|X2=270|X3=280|X4=280|Y1=128|Y2=124|Y3=124|Y4=118|
RECORD=34|LINENO= 321|OWNERPARTID=   0|OWNERINDEX= 296|FONTID=1|ISMIRRORED=T|LOCATION.X=190|LOCATION.Y=110|NAME=Designator|TEXT=U10|UNIQUEID=DMWETAVM|
RECORD=41|LINENO= 322|OWNERPARTID=   0|OWNERINDEX= 296|FONTID=1|ISMIRRORED=T|LOCATION.X=160|LOCATION.Y=100|NAME=Comment|TEXT=74LVC1G07|UNIQUEID=LSUINGLE|
RECORD=44|LINENO= 323|OWNERPARTID= -42|OWNERINDEX= 296|
RECORD=45|LINENO= 324|OWNERPARTID= -42|OWNERINDEX= 323|DATAFILECOUNT=1|DESCRIPTION=SOT353-1 5 pins package|ISCURRENT=T|MODELDATAFILEENTITY0=SOT353-1|MODELDATAFILEKIND0=PCBLib|MODELNAME=SOT353-1|MODELTYPE=PCBLIB|UNIQUEID=JTWRDGHO|
RECORD=46|LINENO= 325|OWNERPARTID= -42|OWNERINDEX= 324|
RECORD=48|LINENO= 326|OWNERPARTID= -42|OWNERINDEX= 324|
RECORD=18|LINENO= 327|OWNERPARTID=   0|OWNERINDEX= -42|ALIGNMENT=2|AREACOLOR=8454143|FONTID=1|HEIGHT=10|LOCATION.X=160|LOCATION.Y=420|NAME=NRST|STYLE=4|TEXTCOLOR=128|UNIQUEID=RWRGVXVJ|WIDTH=50|
RECORD= 1|LINENO= 328|OWNERPARTID=   0|OWNERINDEX= -42|ALLPINCOUNT=2|AREACOLOR=11599871|COMPONENTDESCRIPTION=Resistor|CURRENTPARTID=1|DESIGNITEMID=RES|DISPLAYMODECOUNT=1|LIBREFERENCE=RES|LOCATION.X=470|LOCATION.Y=500|ORIENTATION=2|PARTCOUNT=2|PARTIDLOCKED=F|SOURCELIBRARYNAME=Lib3D_Altium10_Schlib.SchLib|TARGETFILENAME=*|UNIQUEID=IWMIAPAV|
RECORD= 2|LINENO= 329|OWNERPARTID=   2|OWNERINDEX= 328|%UTF8%SWAPIDPART=Â¦&Â¦|DESIGNATOR=1|ELECTRICAL=4|FORMALTYPE=1|LOCATION.X=470|LOCATION.Y=510|NAME=1|PINCONGLOMERATE=32|PINLENGTH=10|SWAPIDPART=Ž&Ž|SWAPIDPIN=1|
RECORD=41|LINENO= 330|OWNERPARTID=   0|OWNERINDEX= 329|FONTID=1|ISHIDDEN=T|LOCATION.X=470|LOCATION.Y=510|NAME=PinUniqueId|TEXT=IPISHJKL|UNIQUEID=AUUFKCTO|
RECORD= 2|LINENO= 331|OWNERPARTID=   2|OWNERINDEX= 328|%UTF8%SWAPIDPART=Â¦&Â¦|DESIGNATOR=2|ELECTRICAL=4|FORMALTYPE=1|LOCATION.X=450|LOCATION.Y=510|NAME=2|PINCONGLOMERATE=34|PINLENGTH=10|SWAPIDPART=Ž&Ž|SWAPIDPIN=2|
RECORD=41|LINENO= 332|OWNERPARTID=   0|OWNERINDEX= 331|FONTID=1|ISHIDDEN=T|LOCATION.X=450|LOCATION.Y=510|NAME=PinUniqueId|TEXT=DXGRNPOR|UNIQUEID=EPXOCSSG|
RECORD=13|LINENO= 333|OWNERPARTID=   2|OWNERINDEX= 328|CORNER.X=450|CORNER.Y=515|LINEWIDTH=1|LOCATION.X=450|LOCATION.Y=505|
RECORD=13|LINENO= 334|OWNERPARTID=   2|OWNERINDEX= 328|CORNER.X=470|CORNER.Y=515|LINEWIDTH=1|LOCATION.X=470|LOCATION.Y=505|
RECORD=13|LINENO= 335|OWNERPARTID=   2|OWNERINDEX= 328|CORNER.X=450|CORNER.Y=515|LINEWIDTH=1|LOCATION.X=470|LOCATION.Y=515|
RECORD=13|LINENO= 336|OWNERPARTID=   2|OWNERINDEX= 328|CORNER.X=450|CORNER.Y=505|LINEWIDTH=1|LOCATION.X=470|LOCATION.Y=505|
RECORD=34|LINENO= 337|OWNERPARTID=   0|OWNERINDEX= 328|FONTID=1|LOCATION.X=449|LOCATION.Y=516|NAME=Designator|TEXT=R18|UNIQUEID=TCICBNLQ|
RECORD=41|LINENO= 338|OWNERPARTID=   0|OWNERINDEX= 328|FONTID=1|LOCATION.X=449|LOCATION.Y=494|NAME=Comment|TEXT=10K|UNIQUEID=UUOXGJFA|
RECORD=44|LINENO= 339|OWNERPARTID= -42|OWNERINDEX= 328|
RECORD=45|LINENO= 340|OWNERPARTID= -42|OWNERINDEX= 339|DATAFILECOUNT=1|DESCRIPTION=Resistor Footprint 0603|MODELDATAFILEENTITY0=0603_RES|MODELDATAFILEKIND0=PCBLib|MODELNAME=0603_RES|MODELTYPE=PCBLIB|UNIQUEID=PGHSNCGD|
RECORD=46|LINENO= 341|OWNERPARTID= -42|OWNERINDEX= 340|
RECORD=48|LINENO= 342|OWNERPARTID= -42|OWNERINDEX= 340|
RECORD=45|LINENO= 343|OWNERPARTID= -42|OWNERINDEX= 339|DATAFILECOUNT=1|DESCRIPTION=Resistor FootPrint 0402|ISCURRENT=T|MODELDATAFILEENTITY0=0402_RES|MODELDATAFILEKIND0=PCBLib|MODELNAME=0402_RES|MODELTYPE=PCBLIB|UNIQUEID=KPDSKQCD|
RECORD=46|LINENO= 344|OWNERPARTID= -42|OWNERINDEX= 343|
RECORD=48|LINENO= 345|OWNERPARTID= -42|OWNERINDEX= 343|
RECORD= 1|LINENO= 346|OWNERPARTID=   0|OWNERINDEX= -42|ALLPINCOUNT=2|AREACOLOR=11599871|COMPONENTDESCRIPTION=Resistor|CURRENTPARTID=1|DESIGNITEMID=RES|DISPLAYMODECOUNT=1|LIBREFERENCE=RES|LOCATION.X=470|LOCATION.Y=470|ORIENTATION=2|PARTCOUNT=2|PARTIDLOCKED=F|SOURCELIBRARYNAME=Lib3D_Altium10_Schlib.SchLib|TARGETFILENAME=*|UNIQUEID=FXCWJVOL|
RECORD= 2|LINENO= 347|OWNERPARTID=   2|OWNERINDEX= 346|%UTF8%SWAPIDPART=Â¦&Â¦|DESIGNATOR=1|ELECTRICAL=4|FORMALTYPE=1|LOCATION.X=470|LOCATION.Y=480|NAME=1|PINCONGLOMERATE=32|PINLENGTH=10|SWAPIDPART=Ž&Ž|SWAPIDPIN=1|
RECORD=41|LINENO= 348|OWNERPARTID=   0|OWNERINDEX= 347|FONTID=1|ISHIDDEN=T|LOCATION.X=470|LOCATION.Y=480|NAME=PinUniqueId|TEXT=ABUSPKWL|UNIQUEID=UDKYYIGH|
RECORD= 2|LINENO= 349|OWNERPARTID=   2|OWNERINDEX= 346|%UTF8%SWAPIDPART=Â¦&Â¦|DESIGNATOR=2|ELECTRICAL=4|FORMALTYPE=1|LOCATION.X=450|LOCATION.Y=480|NAME=2|PINCONGLOMERATE=34|PINLENGTH=10|SWAPIDPART=Ž&Ž|SWAPIDPIN=2|
RECORD=41|LINENO= 350|OWNERPARTID=   0|OWNERINDEX= 349|FONTID=1|ISHIDDEN=T|LOCATION.X=450|LOCATION.Y=480|NAME=PinUniqueId|TEXT=GCDANMXV|UNIQUEID=DHPQRQDV|
RECORD=13|LINENO= 351|OWNERPARTID=   2|OWNERINDEX= 346|CORNER.X=450|CORNER.Y=485|LINEWIDTH=1|LOCATION.X=450|LOCATION.Y=475|
RECORD=13|LINENO= 352|OWNERPARTID=   2|OWNERINDEX= 346|CORNER.X=470|CORNER.Y=485|LINEWIDTH=1|LOCATION.X=470|LOCATION.Y=475|
RECORD=13|LINENO= 353|OWNERPARTID=   2|OWNERINDEX= 346|CORNER.X=450|CORNER.Y=485|LINEWIDTH=1|LOCATION.X=470|LOCATION.Y=485|
RECORD=13|LINENO= 354|OWNERPARTID=   2|OWNERINDEX= 346|CORNER.X=450|CORNER.Y=475|LINEWIDTH=1|LOCATION.X=470|LOCATION.Y=475|
RECORD=41|LINENO= 355|OWNERPARTID=   0|OWNERINDEX= 346|FONTID=1|LOCATION.X=438|LOCATION.Y=454|NAME=Fitted|TEXT=Not Fitted|UNIQUEID=OXQPWNSV|
RECORD=34|LINENO= 356|OWNERPARTID=   0|OWNERINDEX= 346|FONTID=1|LOCATION.X=449|LOCATION.Y=486|NAME=Designator|TEXT=R22|UNIQUEID=DQTJGEEK|
RECORD=41|LINENO= 357|OWNERPARTID=   0|OWNERINDEX= 346|FONTID=1|LOCATION.X=449|LOCATION.Y=464|NAME=Comment|TEXT=10K|UNIQUEID=YQFRXJRL|
RECORD=44|LINENO= 358|OWNERPARTID= -42|OWNERINDEX= 346|
RECORD=45|LINENO= 359|OWNERPARTID= -42|OWNERINDEX= 358|DATAFILECOUNT=1|DESCRIPTION=Resistor Footprint 0603|MODELDATAFILEENTITY0=0603_RES|MODELDATAFILEKIND0=PCBLib|MODELNAME=0603_RES|MODELTYPE=PCBLIB|UNIQUEID=VDEJUWQW|
RECORD=46|LINENO= 360|OWNERPARTID= -42|OWNERINDEX= 359|
RECORD=48|LINENO= 361|OWNERPARTID= -42|OWNERINDEX= 359|
RECORD=45|LINENO= 362|OWNERPARTID= -42|OWNERINDEX= 358|DATAFILECOUNT=1|DESCRIPTION=Resistor FootPrint 0402|ISCURRENT=T|MODELDATAFILEENTITY0=0402_RES|MODELDATAFILEKIND0=PCBLib|MODELNAME=0402_RES|MODELTYPE=PCBLIB|UNIQUEID=KXONUSKA|
RECORD=46|LINENO= 363|OWNERPARTID= -42|OWNERINDEX= 362|
RECORD=48|LINENO= 364|OWNERPARTID= -42|OWNERINDEX= 362|
RECORD=17|LINENO= 365|OWNERPARTID=   0|OWNERINDEX= -42|FONTID=1|LOCATION.X=440|LOCATION.Y=510|ORIENTATION=2|SHOWNETNAME=T|STYLE=1|TEXT=GND|UNIQUEID=HTGFVOQW|
RECORD=17|LINENO= 366|OWNERPARTID=   0|OWNERINDEX= -42|FONTID=1|LOCATION.X=440|LOCATION.Y=480|ORIENTATION=2|SHOWNETNAME=T|STYLE=1|TEXT=GND|UNIQUEID=ROKLNUOB|
RECORD= 1|LINENO= 367|OWNERPARTID=   0|OWNERINDEX= -42|ALLPINCOUNT=2|AREACOLOR=11599871|COMPONENTDESCRIPTION=Resistor|CURRENTPARTID=1|DESIGNITEMID=RES|DISPLAYMODECOUNT=1|LIBREFERENCE=RES|LOCATION.X=350|LOCATION.Y=350|ORIENTATION=1|PARTCOUNT=2|PARTIDLOCKED=F|SOURCELIBRARYNAME=Lib3D_Altium10_Schlib.SchLib|TARGETFILENAME=*|UNIQUEID=LCPLOIAT|
RECORD= 2|LINENO= 368|OWNERPARTID=   2|OWNERINDEX= 367|%UTF8%SWAPIDPART=Â¦&Â¦|DESIGNATOR=1|ELECTRICAL=4|FORMALTYPE=1|LOCATION.X=360|LOCATION.Y=350|NAME=1|PINCONGLOMERATE=35|PINLENGTH=10|SWAPIDPART=Ž&Ž|SWAPIDPIN=1|
RECORD=41|LINENO= 369|OWNERPARTID=   0|OWNERINDEX= 368|FONTID=1|ISHIDDEN=T|LOCATION.X=360|LOCATION.Y=350|NAME=PinUniqueId|TEXT=WDPBPEJX|UNIQUEID=TMQWTPEE|
RECORD= 2|LINENO= 370|OWNERPARTID=   2|OWNERINDEX= 367|%UTF8%SWAPIDPART=Â¦&Â¦|DESIGNATOR=2|ELECTRICAL=4|FORMALTYPE=1|LOCATION.X=360|LOCATION.Y=370|NAME=2|PINCONGLOMERATE=33|PINLENGTH=10|SWAPIDPART=Ž&Ž|SWAPIDPIN=2|
RECORD=41|LINENO= 371|OWNERPARTID=   0|OWNERINDEX= 370|FONTID=1|ISHIDDEN=T|LOCATION.X=360|LOCATION.Y=370|NAME=PinUniqueId|TEXT=HFJQLIND|UNIQUEID=QEBEOYPF|
RECORD=13|LINENO= 372|OWNERPARTID=   2|OWNERINDEX= 367|CORNER.X=365|CORNER.Y=370|LINEWIDTH=1|LOCATION.X=355|LOCATION.Y=370|
RECORD=13|LINENO= 373|OWNERPARTID=   2|OWNERINDEX= 367|CORNER.X=365|CORNER.Y=350|LINEWIDTH=1|LOCATION.X=355|LOCATION.Y=350|
RECORD=13|LINENO= 374|OWNERPARTID=   2|OWNERINDEX= 367|CORNER.X=365|CORNER.Y=370|LINEWIDTH=1|LOCATION.X=365|LOCATION.Y=350|
RECORD=13|LINENO= 375|OWNERPARTID=   2|OWNERINDEX= 367|CORNER.X=355|CORNER.Y=370|LINEWIDTH=1|LOCATION.X=355|LOCATION.Y=350|
RECORD=34|LINENO= 376|OWNERPARTID=   0|OWNERINDEX= 367|FONTID=1|LOCATION.X=366|LOCATION.Y=361|NAME=Designator|TEXT=R24|UNIQUEID=QJYTUHFN|
RECORD=41|LINENO= 377|OWNERPARTID=   0|OWNERINDEX= 367|FONTID=1|LOCATION.X=366|LOCATION.Y=351|NAME=Comment|TEXT=100K|UNIQUEID=BGRTRDQT|
RECORD=44|LINENO= 378|OWNERPARTID= -42|OWNERINDEX= 367|
RECORD=45|LINENO= 379|OWNERPARTID= -42|OWNERINDEX= 378|DATAFILECOUNT=1|DESCRIPTION=Resistor Footprint 0603|MODELDATAFILEENTITY0=0603_RES|MODELDATAFILEKIND0=PCBLib|MODELNAME=0603_RES|MODELTYPE=PCBLIB|UNIQUEID=HVFLFSPU|
RECORD=46|LINENO= 380|OWNERPARTID= -42|OWNERINDEX= 379|
RECORD=48|LINENO= 381|OWNERPARTID= -42|OWNERINDEX= 379|
RECORD=45|LINENO= 382|OWNERPARTID= -42|OWNERINDEX= 378|DATAFILECOUNT=1|DESCRIPTION=Resistor FootPrint 0402|ISCURRENT=T|MODELDATAFILEENTITY0=0402_RES|MODELDATAFILEKIND0=PCBLib|MODELNAME=0402_RES|MODELTYPE=PCBLIB|UNIQUEID=LDEXRPPC|
RECORD=46|LINENO= 383|OWNERPARTID= -42|OWNERINDEX= 382|
RECORD=48|LINENO= 384|OWNERPARTID= -42|OWNERINDEX= 382|
RECORD= 1|LINENO= 385|OWNERPARTID=   0|OWNERINDEX= -42|ALLPINCOUNT=2|AREACOLOR=11599871|COMPONENTDESCRIPTION=Resistor|CURRENTPARTID=1|DESIGNITEMID=RES|DISPLAYMODECOUNT=1|LIBREFERENCE=RES|LOCATION.X=470|LOCATION.Y=240|ORIENTATION=2|PARTCOUNT=2|PARTIDLOCKED=F|SOURCELIBRARYNAME=Lib3D_Altium10_Schlib.SchLib|TARGETFILENAME=*|UNIQUEID=JIVMLYRQ|
RECORD= 2|LINENO= 386|OWNERPARTID=   2|OWNERINDEX= 385|%UTF8%SWAPIDPART=Â¦&Â¦|DESIGNATOR=1|ELECTRICAL=4|FORMALTYPE=1|LOCATION.X=470|LOCATION.Y=250|NAME=1|PINCONGLOMERATE=32|PINLENGTH=10|SWAPIDPART=Ž&Ž|SWAPIDPIN=1|
RECORD=41|LINENO= 387|OWNERPARTID=   0|OWNERINDEX= 386|FONTID=1|ISHIDDEN=T|LOCATION.X=470|LOCATION.Y=250|NAME=PinUniqueId|TEXT=XTEXPPOQ|UNIQUEID=OPVAXGYS|
RECORD= 2|LINENO= 388|OWNERPARTID=   2|OWNERINDEX= 385|%UTF8%SWAPIDPART=Â¦&Â¦|DESIGNATOR=2|ELECTRICAL=4|FORMALTYPE=1|LOCATION.X=450|LOCATION.Y=250|NAME=2|PINCONGLOMERATE=34|PINLENGTH=10|SWAPIDPART=Ž&Ž|SWAPIDPIN=2|
RECORD=41|LINENO= 389|OWNERPARTID=   0|OWNERINDEX= 388|FONTID=1|ISHIDDEN=T|LOCATION.X=450|LOCATION.Y=250|NAME=PinUniqueId|TEXT=JFQNPXWP|UNIQUEID=DYDBDBNV|
RECORD=13|LINENO= 390|OWNERPARTID=   2|OWNERINDEX= 385|CORNER.X=450|CORNER.Y=255|LINEWIDTH=1|LOCATION.X=450|LOCATION.Y=245|
RECORD=13|LINENO= 391|OWNERPARTID=   2|OWNERINDEX= 385|CORNER.X=470|CORNER.Y=255|LINEWIDTH=1|LOCATION.X=470|LOCATION.Y=245|
RECORD=13|LINENO= 392|OWNERPARTID=   2|OWNERINDEX= 385|CORNER.X=450|CORNER.Y=255|LINEWIDTH=1|LOCATION.X=470|LOCATION.Y=255|
RECORD=13|LINENO= 393|OWNERPARTID=   2|OWNERINDEX= 385|CORNER.X=450|CORNER.Y=245|LINEWIDTH=1|LOCATION.X=470|LOCATION.Y=245|
RECORD=34|LINENO= 394|OWNERPARTID=   0|OWNERINDEX= 385|FONTID=1|LOCATION.X=449|LOCATION.Y=256|NAME=Designator|TEXT=R28|UNIQUEID=HGRJPRHP|
RECORD=41|LINENO= 395|OWNERPARTID=   0|OWNERINDEX= 385|FONTID=1|LOCATION.X=449|LOCATION.Y=234|NAME=Comment|TEXT=4K7|UNIQUEID=HXUUVRWM|
RECORD=44|LINENO= 396|OWNERPARTID= -42|OWNERINDEX= 385|
RECORD=45|LINENO= 397|OWNERPARTID= -42|OWNERINDEX= 396|DATAFILECOUNT=1|DESCRIPTION=Resistor Footprint 0603|MODELDATAFILEENTITY0=0603_RES|MODELDATAFILEKIND0=PCBLib|MODELNAME=0603_RES|MODELTYPE=PCBLIB|UNIQUEID=KKRSPBBS|
RECORD=46|LINENO= 398|OWNERPARTID= -42|OWNERINDEX= 397|
RECORD=48|LINENO= 399|OWNERPARTID= -42|OWNERINDEX= 397|
RECORD=45|LINENO= 400|OWNERPARTID= -42|OWNERINDEX= 396|DATAFILECOUNT=1|DESCRIPTION=Resistor FootPrint 0402|ISCURRENT=T|MODELDATAFILEENTITY0=0402_RES|MODELDATAFILEKIND0=PCBLib|MODELNAME=0402_RES|MODELTYPE=PCBLIB|UNIQUEID=BSEMBBDY|
RECORD=46|LINENO= 401|OWNERPARTID= -42|OWNERINDEX= 400|
RECORD=48|LINENO= 402|OWNERPARTID= -42|OWNERINDEX= 400|
RECORD=17|LINENO= 403|OWNERPARTID=   0|OWNERINDEX= -42|FONTID=1|LOCATION.X=440|LOCATION.Y=250|ORIENTATION=2|SHOWNETNAME=T|STYLE=1|TEXT=GND|UNIQUEID=PJKVHIDW|
RECORD= 1|LINENO= 404|OWNERPARTID=   0|OWNERINDEX= -42|ALLPINCOUNT=2|AREACOLOR=11599871|COMPONENTDESCRIPTION=Resistor|CURRENTPARTID=1|DESIGNITEMID=RES|DISPLAYMODECOUNT=1|LIBREFERENCE=RES|LOCATION.X=470|LOCATION.Y=270|ORIENTATION=2|PARTCOUNT=2|PARTIDLOCKED=F|SOURCELIBRARYNAME=Lib3D_Altium10_Schlib.SchLib|TARGETFILENAME=*|UNIQUEID=HNBAGFDN|
RECORD= 2|LINENO= 405|OWNERPARTID=   2|OWNERINDEX= 404|%UTF8%SWAPIDPART=Â¦&Â¦|DESIGNATOR=1|ELECTRICAL=4|FORMALTYPE=1|LOCATION.X=470|LOCATION.Y=280|NAME=1|PINCONGLOMERATE=32|PINLENGTH=10|SWAPIDPART=Ž&Ž|SWAPIDPIN=1|
RECORD=41|LINENO= 406|OWNERPARTID=   0|OWNERINDEX= 405|FONTID=1|ISHIDDEN=T|LOCATION.X=470|LOCATION.Y=280|NAME=PinUniqueId|TEXT=YIJLAJRD|UNIQUEID=QALGTRGS|
RECORD= 2|LINENO= 407|OWNERPARTID=   2|OWNERINDEX= 404|%UTF8%SWAPIDPART=Â¦&Â¦|DESIGNATOR=2|ELECTRICAL=4|FORMALTYPE=1|LOCATION.X=450|LOCATION.Y=280|NAME=2|PINCONGLOMERATE=34|PINLENGTH=10|SWAPIDPART=Ž&Ž|SWAPIDPIN=2|
RECORD=41|LINENO= 408|OWNERPARTID=   0|OWNERINDEX= 407|FONTID=1|ISHIDDEN=T|LOCATION.X=450|LOCATION.Y=280|NAME=PinUniqueId|TEXT=NUSUSUQA|UNIQUEID=XJGPUCIP|
RECORD=13|LINENO= 409|OWNERPARTID=   2|OWNERINDEX= 404|CORNER.X=450|CORNER.Y=285|LINEWIDTH=1|LOCATION.X=450|LOCATION.Y=275|
RECORD=13|LINENO= 410|OWNERPARTID=   2|OWNERINDEX= 404|CORNER.X=470|CORNER.Y=285|LINEWIDTH=1|LOCATION.X=470|LOCATION.Y=275|
RECORD=13|LINENO= 411|OWNERPARTID=   2|OWNERINDEX= 404|CORNER.X=450|CORNER.Y=285|LINEWIDTH=1|LOCATION.X=470|LOCATION.Y=285|
RECORD=13|LINENO= 412|OWNERPARTID=   2|OWNERINDEX= 404|CORNER.X=450|CORNER.Y=275|LINEWIDTH=1|LOCATION.X=470|LOCATION.Y=275|
RECORD=34|LINENO= 413|OWNERPARTID=   0|OWNERINDEX= 404|FONTID=1|LOCATION.X=449|LOCATION.Y=286|NAME=Designator|TEXT=R26|UNIQUEID=WYMPEFYI|
RECORD=41|LINENO= 414|OWNERPARTID=   0|OWNERINDEX= 404|FONTID=1|LOCATION.X=449|LOCATION.Y=264|NAME=Comment|TEXT=4K7|UNIQUEID=VTTICBJK|
RECORD=44|LINENO= 415|OWNERPARTID= -42|OWNERINDEX= 404|
RECORD=45|LINENO= 416|OWNERPARTID= -42|OWNERINDEX= 415|DATAFILECOUNT=1|DESCRIPTION=Resistor Footprint 0603|MODELDATAFILEENTITY0=0603_RES|MODELDATAFILEKIND0=PCBLib|MODELNAME=0603_RES|MODELTYPE=PCBLIB|UNIQUEID=CFQRUFRF|
RECORD=46|LINENO= 417|OWNERPARTID= -42|OWNERINDEX= 416|
RECORD=48|LINENO= 418|OWNERPARTID= -42|OWNERINDEX= 416|
RECORD=45|LINENO= 419|OWNERPARTID= -42|OWNERINDEX= 415|DATAFILECOUNT=1|DESCRIPTION=Resistor FootPrint 0402|ISCURRENT=T|MODELDATAFILEENTITY0=0402_RES|MODELDATAFILEKIND0=PCBLib|MODELNAME=0402_RES|MODELTYPE=PCBLIB|UNIQUEID=SCPIVDSR|
RECORD=46|LINENO= 420|OWNERPARTID= -42|OWNERINDEX= 419|
RECORD=48|LINENO= 421|OWNERPARTID= -42|OWNERINDEX= 419|
RECORD= 1|LINENO= 422|OWNERPARTID=   0|OWNERINDEX= -42|ALLPINCOUNT=2|AREACOLOR=11599871|COMPONENTDESCRIPTION=Resistor|CURRENTPARTID=1|DESIGNITEMID=RES|DISPLAYMODECOUNT=1|LIBREFERENCE=RES|LOCATION.X=740|LOCATION.Y=150|ORIENTATION=2|PARTCOUNT=2|PARTIDLOCKED=F|SOURCELIBRARYNAME=Lib3D_Altium10_Schlib.SchLib|TARGETFILENAME=*|UNIQUEID=WPAKBEWE|
RECORD= 2|LINENO= 423|OWNERPARTID=   2|OWNERINDEX= 422|%UTF8%SWAPIDPART=Â¦&Â¦|DESIGNATOR=1|ELECTRICAL=4|FORMALTYPE=1|LOCATION.X=740|LOCATION.Y=160|NAME=1|PINCONGLOMERATE=32|PINLENGTH=10|SWAPIDPART=Ž&Ž|SWAPIDPIN=1|
RECORD=41|LINENO= 424|OWNERPARTID=   0|OWNERINDEX= 423|FONTID=1|ISHIDDEN=T|LOCATION.X=740|LOCATION.Y=160|NAME=PinUniqueId|TEXT=CLCKLWTE|UNIQUEID=PESBLXLD|
RECORD= 2|LINENO= 425|OWNERPARTID=   2|OWNERINDEX= 422|%UTF8%SWAPIDPART=Â¦&Â¦|DESIGNATOR=2|ELECTRICAL=4|FORMALTYPE=1|LOCATION.X=720|LOCATION.Y=160|NAME=2|PINCONGLOMERATE=34|PINLENGTH=10|SWAPIDPART=Ž&Ž|SWAPIDPIN=2|
RECORD=41|LINENO= 426|OWNERPARTID=   0|OWNERINDEX= 425|FONTID=1|ISHIDDEN=T|LOCATION.X=720|LOCATION.Y=160|NAME=PinUniqueId|TEXT=WRLBETHK|UNIQUEID=UYDUKHJE|
RECORD=13|LINENO= 427|OWNERPARTID=   2|OWNERINDEX= 422|CORNER.X=720|CORNER.Y=165|LINEWIDTH=1|LOCATION.X=720|LOCATION.Y=155|
RECORD=13|LINENO= 428|OWNERPARTID=   2|OWNERINDEX= 422|CORNER.X=740|CORNER.Y=165|LINEWIDTH=1|LOCATION.X=740|LOCATION.Y=155|
RECORD=13|LINENO= 429|OWNERPARTID=   2|OWNERINDEX= 422|CORNER.X=720|CORNER.Y=165|LINEWIDTH=1|LOCATION.X=740|LOCATION.Y=165|
RECORD=13|LINENO= 430|OWNERPARTID=   2|OWNERINDEX= 422|CORNER.X=720|CORNER.Y=155|LINEWIDTH=1|LOCATION.X=740|LOCATION.Y=155|
RECORD=41|LINENO= 431|OWNERPARTID=   0|OWNERINDEX= 422|FONTID=1|LOCATION.X=741|LOCATION.X_FRAC=1|LOCATION.Y=163|LOCATION.Y_FRAC=99994|NAME=Fitted|TEXT=Not Fitted|UNIQUEID=XKQREDCR|
RECORD=34|LINENO= 432|OWNERPARTID=   0|OWNERINDEX= 422|FONTID=1|LOCATION.X=719|LOCATION.Y=166|NAME=Designator|TEXT=R30|UNIQUEID=AENEVWKF|
RECORD=41|LINENO= 433|OWNERPARTID=   0|OWNERINDEX= 422|FONTID=1|ISHIDDEN=T|LOCATION.X=719|LOCATION.Y=144|NAME=Comment|UNIQUEID=IRFWIQYP|
RECORD=44|LINENO= 434|OWNERPARTID= -42|OWNERINDEX= 422|
RECORD=45|LINENO= 435|OWNERPARTID= -42|OWNERINDEX= 434|DATAFILECOUNT=1|DESCRIPTION=Resistor Footprint 0603|MODELDATAFILEENTITY0=0603_RES|MODELDATAFILEKIND0=PCBLib|MODELNAME=0603_RES|MODELTYPE=PCBLIB|UNIQUEID=VLRQRKIH|
RECORD=46|LINENO= 436|OWNERPARTID= -42|OWNERINDEX= 435|
RECORD=48|LINENO= 437|OWNERPARTID= -42|OWNERINDEX= 435|
RECORD=45|LINENO= 438|OWNERPARTID= -42|OWNERINDEX= 434|DATAFILECOUNT=1|DESCRIPTION=Resistor FootPrint 0402|ISCURRENT=T|MODELDATAFILEENTITY0=0402_RES|MODELDATAFILEKIND0=PCBLib|MODELNAME=0402_RES|MODELTYPE=PCBLIB|UNIQUEID=YARYSFOE|
RECORD=46|LINENO= 439|OWNERPARTID= -42|OWNERINDEX= 438|
RECORD=48|LINENO= 440|OWNERPARTID= -42|OWNERINDEX= 438|
RECORD=17|LINENO= 441|OWNERPARTID=   0|OWNERINDEX= -42|FONTID=1|LOCATION.X=760|LOCATION.Y=140|SHOWNETNAME=T|STYLE=1|TEXT=GND|UNIQUEID=FGCLUMSO|
RECORD= 1|LINENO= 442|OWNERPARTID=   0|OWNERINDEX= -42|ALLPINCOUNT=2|AREACOLOR=11599871|COMPONENTDESCRIPTION=Resistor|CURRENTPARTID=1|DESIGNITEMID=RES|DISPLAYMODECOUNT=1|LIBREFERENCE=RES|LOCATION.X=860|LOCATION.Y=220|ORIENTATION=1|PARTCOUNT=2|PARTIDLOCKED=F|SOURCELIBRARYNAME=Lib3D_Altium10_Schlib.SchLib|TARGETFILENAME=*|UNIQUEID=CMWPIPON|
RECORD= 2|LINENO= 443|OWNERPARTID=   2|OWNERINDEX= 442|%UTF8%SWAPIDPART=Â¦&Â¦|DESIGNATOR=1|ELECTRICAL=4|FORMALTYPE=1|LOCATION.X=870|LOCATION.Y=220|NAME=1|PINCONGLOMERATE=35|PINLENGTH=10|SWAPIDPART=Ž&Ž|SWAPIDPIN=1|
RECORD=41|LINENO= 444|OWNERPARTID=   0|OWNERINDEX= 443|FONTID=1|ISHIDDEN=T|LOCATION.X=870|LOCATION.Y=220|NAME=PinUniqueId|TEXT=CVCLTHSV|UNIQUEID=RTUABJDP|
RECORD= 2|LINENO= 445|OWNERPARTID=   2|OWNERINDEX= 442|%UTF8%SWAPIDPART=Â¦&Â¦|DESIGNATOR=2|ELECTRICAL=4|FORMALTYPE=1|LOCATION.X=870|LOCATION.Y=240|NAME=2|PINCONGLOMERATE=33|PINLENGTH=10|SWAPIDPART=Ž&Ž|SWAPIDPIN=2|
RECORD=41|LINENO= 446|OWNERPARTID=   0|OWNERINDEX= 445|FONTID=1|ISHIDDEN=T|LOCATION.X=870|LOCATION.Y=240|NAME=PinUniqueId|TEXT=NRIWKJJL|UNIQUEID=JTSKPWYW|
RECORD=13|LINENO= 447|OWNERPARTID=   2|OWNERINDEX= 442|CORNER.X=875|CORNER.Y=240|LINEWIDTH=1|LOCATION.X=865|LOCATION.Y=240|
RECORD=13|LINENO= 448|OWNERPARTID=   2|OWNERINDEX= 442|CORNER.X=875|CORNER.Y=220|LINEWIDTH=1|LOCATION.X=865|LOCATION.Y=220|
RECORD=13|LINENO= 449|OWNERPARTID=   2|OWNERINDEX= 442|CORNER.X=875|CORNER.Y=240|LINEWIDTH=1|LOCATION.X=875|LOCATION.Y=220|
RECORD=13|LINENO= 450|OWNERPARTID=   2|OWNERINDEX= 442|CORNER.X=865|CORNER.Y=240|LINEWIDTH=1|LOCATION.X=865|LOCATION.Y=220|
RECORD=34|LINENO= 451|OWNERPARTID=   0|OWNERINDEX= 442|FONTID=1|LOCATION.X=852|LOCATION.Y=240|NAME=Designator|TEXT=R29|UNIQUEID=GTNUSTPK|
RECORD=41|LINENO= 452|OWNERPARTID=   0|OWNERINDEX= 442|FONTID=2|LOCATION.X=865|LOCATION.Y=221|NAME=Comment|ORIENTATION=1|TEXT=100|UNIQUEID=RXYAQQUB|
RECORD=44|LINENO= 453|OWNERPARTID= -42|OWNERINDEX= 442|
RECORD=45|LINENO= 454|OWNERPARTID= -42|OWNERINDEX= 453|DATAFILECOUNT=1|DESCRIPTION=Resistor Footprint 0603|MODELDATAFILEENTITY0=0603_RES|MODELDATAFILEKIND0=PCBLib|MODELNAME=0603_RES|MODELTYPE=PCBLIB|UNIQUEID=QHUWEOIF|
RECORD=46|LINENO= 455|OWNERPARTID= -42|OWNERINDEX= 454|
RECORD=48|LINENO= 456|OWNERPARTID= -42|OWNERINDEX= 454|
RECORD=45|LINENO= 457|OWNERPARTID= -42|OWNERINDEX= 453|DATAFILECOUNT=1|DESCRIPTION=Resistor FootPrint 0402|ISCURRENT=T|MODELDATAFILEENTITY0=0402_RES|MODELDATAFILEKIND0=PCBLib|MODELNAME=0402_RES|MODELTYPE=PCBLIB|UNIQUEID=SXWXYDWR|
RECORD=46|LINENO= 458|OWNERPARTID= -42|OWNERINDEX= 457|
RECORD=48|LINENO= 459|OWNERPARTID= -42|OWNERINDEX= 457|
RECORD= 1|LINENO= 460|OWNERPARTID=   0|OWNERINDEX= -42|ALLPINCOUNT=2|AREACOLOR=11599871|COMPONENTDESCRIPTION=Resistor|CURRENTPARTID=1|DESIGNITEMID=RES|DISPLAYMODECOUNT=1|LIBREFERENCE=RES|LOCATION.X=920|LOCATION.Y=480|ORIENTATION=1|PARTCOUNT=2|PARTIDLOCKED=F|SOURCELIBRARYNAME=Lib3D_Altium10_Schlib.SchLib|TARGETFILENAME=*|UNIQUEID=QDNAMUJE|
RECORD= 2|LINENO= 461|OWNERPARTID=   2|OWNERINDEX= 460|%UTF8%SWAPIDPART=Â¦&Â¦|DESIGNATOR=1|ELECTRICAL=4|FORMALTYPE=1|LOCATION.X=930|LOCATION.Y=480|NAME=1|PINCONGLOMERATE=35|PINLENGTH=10|SWAPIDPART=Ž&Ž|SWAPIDPIN=1|
RECORD=41|LINENO= 462|OWNERPARTID=   0|OWNERINDEX= 461|FONTID=1|ISHIDDEN=T|LOCATION.X=930|LOCATION.Y=480|NAME=PinUniqueId|TEXT=PIHEXVMF|UNIQUEID=HVOSJHPI|
RECORD= 2|LINENO= 463|OWNERPARTID=   2|OWNERINDEX= 460|%UTF8%SWAPIDPART=Â¦&Â¦|DESIGNATOR=2|ELECTRICAL=4|FORMALTYPE=1|LOCATION.X=930|LOCATION.Y=500|NAME=2|PINCONGLOMERATE=33|PINLENGTH=10|SWAPIDPART=Ž&Ž|SWAPIDPIN=2|
RECORD=41|LINENO= 464|OWNERPARTID=   0|OWNERINDEX= 463|FONTID=1|ISHIDDEN=T|LOCATION.X=930|LOCATION.Y=500|NAME=PinUniqueId|TEXT=PYVWYATT|UNIQUEID=NDKFHSIJ|
RECORD=13|LINENO= 465|OWNERPARTID=   2|OWNERINDEX= 460|CORNER.X=935|CORNER.Y=500|LINEWIDTH=1|LOCATION.X=925|LOCATION.Y=500|
RECORD=13|LINENO= 466|OWNERPARTID=   2|OWNERINDEX= 460|CORNER.X=935|CORNER.Y=480|LINEWIDTH=1|LOCATION.X=925|LOCATION.Y=480|
RECORD=13|LINENO= 467|OWNERPARTID=   2|OWNERINDEX= 460|CORNER.X=935|CORNER.Y=500|LINEWIDTH=1|LOCATION.X=935|LOCATION.Y=480|
RECORD=13|LINENO= 468|OWNERPARTID=   2|OWNERINDEX= 460|CORNER.X=925|CORNER.Y=500|LINEWIDTH=1|LOCATION.X=925|LOCATION.Y=480|
RECORD=34|LINENO= 469|OWNERPARTID=   0|OWNERINDEX= 460|FONTID=1|LOCATION.X=936|LOCATION.Y=491|NAME=Designator|TEXT=R21|UNIQUEID=NETONSRJ|
RECORD=41|LINENO= 470|OWNERPARTID=   0|OWNERINDEX= 460|FONTID=1|LOCATION.X=936|LOCATION.Y=481|NAME=Comment|TEXT=1K5|UNIQUEID=FUGGSYVH|
RECORD=44|LINENO= 471|OWNERPARTID= -42|OWNERINDEX= 460|
RECORD=45|LINENO= 472|OWNERPARTID= -42|OWNERINDEX= 471|DATAFILECOUNT=1|DESCRIPTION=Resistor Footprint 0603|MODELDATAFILEENTITY0=0603_RES|MODELDATAFILEKIND0=PCBLib|MODELNAME=0603_RES|MODELTYPE=PCBLIB|UNIQUEID=THJCKKRE|
RECORD=46|LINENO= 473|OWNERPARTID= -42|OWNERINDEX= 472|
RECORD=48|LINENO= 474|OWNERPARTID= -42|OWNERINDEX= 472|
RECORD=45|LINENO= 475|OWNERPARTID= -42|OWNERINDEX= 471|DATAFILECOUNT=1|DESCRIPTION=Resistor FootPrint 0402|ISCURRENT=T|MODELDATAFILEENTITY0=0402_RES|MODELDATAFILEKIND0=PCBLib|MODELNAME=0402_RES|MODELTYPE=PCBLIB|UNIQUEID=EEIVHWBL|
RECORD=46|LINENO= 476|OWNERPARTID= -42|OWNERINDEX= 475|
RECORD=48|LINENO= 477|OWNERPARTID= -42|OWNERINDEX= 475|
RECORD=18|LINENO= 478|OWNERPARTID=   0|OWNERINDEX= -42|ALIGNMENT=1|AREACOLOR=8454143|FONTID=1|HEIGHT=10|LOCATION.X=550|LOCATION.Y=100|NAME=T_SWDIO|TEXTCOLOR=128|UNIQUEID=TMOVNHGA|WIDTH=70|
RECORD=17|LINENO= 479|OWNERPARTID=   0|OWNERINDEX= -42|FONTID=2|LOCATION.X=690|LOCATION.Y=200|ORIENTATION=3|SHOWNETNAME=T|STYLE=1|TEXT=GND|UNIQUEID=EWRRONGG|
RECORD=22|LINENO= 480|OWNERPARTID=   0|OWNERINDEX= -42|ISACTIVE=T|LOCATION.X=710|LOCATION.Y=220|ORIENTATION=1|SUPPRESSALL=T|SYMBOL=Thin Cross|UNIQUEID=EFWRVRXB|
RECORD=18|LINENO= 481|OWNERPARTID=   0|OWNERINDEX= -42|ALIGNMENT=1|AREACOLOR=8454143|FONTID=1|HEIGHT=10|LOCATION.X=550|LOCATION.Y=120|NAME=T_SWCLK|TEXTCOLOR=128|UNIQUEID=YSCKEDAV|WIDTH=70|
RECORD=17|LINENO= 482|OWNERPARTID=   0|OWNERINDEX= -42|FONTID=1|LOCATION.X=540|LOCATION.Y=320|ORIENTATION=2|SHOWNETNAME=T|STYLE=1|TEXT=GND|UNIQUEID=QGOXWLND|
RECORD=17|LINENO= 483|OWNERPARTID=   0|OWNERINDEX= -42|FONTID=2|LOCATION.X=360|LOCATION.Y=300|ORIENTATION=3|SHOWNETNAME=T|STYLE=1|TEXT=GND|UNIQUEID=WDRQELNN|
RECORD=17|LINENO= 484|OWNERPARTID=   0|OWNERINDEX= -42|FONTID=2|LOCATION.X=410|LOCATION.Y=420|ORIENTATION=1|SHOWNETNAME=T|STYLE=1|TEXT=GND|UNIQUEID=PSFMRBIR|
RECORD=17|LINENO= 485|OWNERPARTID=   0|OWNERINDEX= -42|FONTID=2|LOCATION.X=470|LOCATION.Y=420|ORIENTATION=1|SHOWNETNAME=T|STYLE=1|TEXT=GND|UNIQUEID=TLVGCOJG|
RECORD=17|LINENO= 486|OWNERPARTID=   0|OWNERINDEX= -42|FONTID=2|LOCATION.X=950|LOCATION.Y=120|ORIENTATION=3|SHOWNETNAME=T|STYLE=1|TEXT=GND|UNIQUEID=LJECGQXP|
RECORD=17|LINENO= 487|OWNERPARTID=   0|OWNERINDEX= -42|FONTID=2|LOCATION.X=990|LOCATION.Y=120|ORIENTATION=3|SHOWNETNAME=T|STYLE=1|TEXT=GND|UNIQUEID=DDSLMRYN|
RECORD=17|LINENO= 488|OWNERPARTID=   0|OWNERINDEX= -42|FONTID=2|LOCATION.X=1030|LOCATION.Y=120|ORIENTATION=3|SHOWNETNAME=T|STYLE=1|TEXT=GND|UNIQUEID=AENQMVVA|
RECORD=17|LINENO= 489|OWNERPARTID=   0|OWNERINDEX= -42|FONTID=2|LOCATION.X=1070|LOCATION.Y=120|ORIENTATION=3|SHOWNETNAME=T|STYLE=1|TEXT=GND|UNIQUEID=ULBJFODM|
RECORD=17|LINENO= 490|OWNERPARTID=   0|OWNERINDEX= -42|FONTID=1|LOCATION.X=1040|LOCATION.Y=280|SHOWNETNAME=T|STYLE=1|TEXT=GND|UNIQUEID=FGBRUSUQ|
RECORD=17|LINENO= 491|OWNERPARTID=   0|OWNERINDEX= -42|FONTID=2|LOCATION.X=630|LOCATION.Y=470|ORIENTATION=1|SHOWNETNAME=T|STYLE=1|TEXT=GND|UNIQUEID=XKPFTIWF|
RECORD=17|LINENO= 492|OWNERPARTID=   0|OWNERINDEX= -42|FONTID=1|LOCATION.X=600|LOCATION.Y=510|ORIENTATION=2|SHOWNETNAME=T|STYLE=1|TEXT=GND|UNIQUEID=EAAXVHRC|
RECORD=17|LINENO= 493|OWNERPARTID=   0|OWNERINDEX= -42|FONTID=1|LOCATION.X=750|LOCATION.Y=580|SHOWNETNAME=T|STYLE=1|TEXT=GND|UNIQUEID=SQAXYWDL|
RECORD=17|LINENO= 494|OWNERPARTID=   0|OWNERINDEX= -42|FONTID=2|LOCATION.X=840|LOCATION.Y=390|ORIENTATION=1|SHOWNETNAME=T|STYLE=1|TEXT=GND|UNIQUEID=JUNTQVUP|
RECORD=17|LINENO= 495|OWNERPARTID=   0|OWNERINDEX= -42|FONTID=2|LOCATION.X=360|LOCATION.Y=540|ORIENTATION=3|SHOWNETNAME=T|STYLE=1|TEXT=GND|UNIQUEID=SCCXOAYJ|
RECORD=17|LINENO= 496|OWNERPARTID=   0|OWNERINDEX= -42|FONTID=1|LOCATION.X=260|LOCATION.Y=700|ORIENTATION=2|SHOWNETNAME=T|STYLE=1|TEXT=GND|UNIQUEID=HXHTXCOI|
RECORD=17|LINENO= 497|OWNERPARTID=   0|OWNERINDEX= -42|FONTID=1|LOCATION.X=430|LOCATION.Y=710|SHOWNETNAME=T|STYLE=1|TEXT=GND|UNIQUEID=NQTACWLD|
RECORD=17|LINENO= 498|OWNERPARTID=   0|OWNERINDEX= -42|FONTID=2|LOCATION.X=250|LOCATION.Y=40|ORIENTATION=3|SHOWNETNAME=T|STYLE=1|TEXT=GND|UNIQUEID=MAHFBOFJ|
RECORD=17|LINENO= 499|OWNERPARTID=   0|OWNERINDEX= -42|FONTID=1|LOCATION.X=290|LOCATION.Y=180|SHOWNETNAME=T|STYLE=1|TEXT=GND|UNIQUEID=NXGHUIKK|
RECORD=18|LINENO= 500|OWNERPARTID=   0|OWNERINDEX= -42|ALIGNMENT=1|AREACOLOR=8454143|FONTID=1|HEIGHT=10|LOCATION.X=960|LOCATION.Y=340|NAME=T_SWO|TEXTCOLOR=128|UNIQUEID=QEKKSXXD|WIDTH=70|
RECORD=17|LINENO= 501|OWNERPARTID=   0|OWNERINDEX= -42|FONTID=2|LOCATION.X=380|LOCATION.Y=710|ORIENTATION=1|SHOWNETNAME=T|STYLE=2|TEXT=3V3_STLINK|UNIQUEID=YAUQKXWT|
RECORD=18|LINENO= 502|OWNERPARTID=   0|OWNERINDEX= -42|ALIGNMENT=2|AREACOLOR=8454143|FONTID=1|HEIGHT=10|LOCATION.X=110|LOCATION.Y=420|NAME=PB6|STYLE=4|TEXTCOLOR=128|UNIQUEID=DMFQPGWY|WIDTH=40|
RECORD=18|LINENO= 503|OWNERPARTID=   0|OWNERINDEX= -42|ALIGNMENT=2|AREACOLOR=8454143|FONTID=1|HEIGHT=10|LOCATION.X=100|LOCATION.Y=420|NAME=PB7|STYLE=4|TEXTCOLOR=128|UNIQUEID=JYAQDMUB|WIDTH=40|
RECORD=18|LINENO= 504|OWNERPARTID=   0|OWNERINDEX= -42|ALIGNMENT=1|AREACOLOR=8454143|FONTID=1|HEIGHT=10|LOCATION.X=450|LOCATION.Y=640|NAME=STLK_TX|TEXTCOLOR=128|UNIQUEID=YTTXYMYI|WIDTH=60|
RECORD=18|LINENO= 505|OWNERPARTID=   0|OWNERINDEX= -42|ALIGNMENT=1|AREACOLOR=8454143|FONTID=1|HEIGHT=10|LOCATION.X=450|LOCATION.Y=630|NAME=STLK_RX|TEXTCOLOR=128|UNIQUEID=XBIOXKEA|WIDTH=60|
RECORD=17|LINENO= 506|OWNERPARTID=   0|OWNERINDEX= -42|FONTID=2|LOCATION.X=270|LOCATION.Y=190|ORIENTATION=1|SHOWNETNAME=T|STYLE=2|TEXT=3V3_STLINK|UNIQUEID=TUYDCUBK|
RECORD=18|LINENO= 507|OWNERPARTID=   0|OWNERINDEX= -42|ALIGNMENT=2|AREACOLOR=8454143|FONTID=1|HEIGHT=10|LOCATION.X=150|LOCATION.Y=420|NAME=PA13|STYLE=4|TEXTCOLOR=128|UNIQUEID=MNPFFSKL|WIDTH=60|
RECORD=18|LINENO= 508|OWNERPARTID=   0|OWNERINDEX= -42|ALIGNMENT=2|AREACOLOR=8454143|FONTID=1|HEIGHT=10|LOCATION.X=140|LOCATION.Y=420|NAME=PA14|STYLE=4|TEXTCOLOR=128|UNIQUEID=FSRECBDU|WIDTH=60|
RECORD= 4|LINENO= 509|OWNERPARTID=   0|OWNERINDEX= -42|FONTID=9|ISMIRRORED=T|JUSTIFICATION=2|LOCATION.X=210|LOCATION.Y=620|TEXT=SWO|
RECORD= 4|LINENO= 510|OWNERPARTID=   0|OWNERINDEX= -42|FONTID=9|ISMIRRORED=T|JUSTIFICATION=2|LOCATION.X=210|LOCATION.Y=610|TEXT=SWCLK|
RECORD= 4|LINENO= 511|OWNERPARTID=   0|OWNERINDEX= -42|FONTID=9|ISMIRRORED=T|JUSTIFICATION=2|LOCATION.X=210|LOCATION.Y=600|TEXT=SWDIO|
RECORD= 4|LINENO= 512|OWNERPARTID=   0|OWNERINDEX= -42|FONTID=9|ISMIRRORED=T|JUSTIFICATION=2|LOCATION.X=240|LOCATION.Y=640|TEXT=TX_STlink (VCP)|
RECORD= 4|LINENO= 513|OWNERPARTID=   0|OWNERINDEX= -42|FONTID=9|ISMIRRORED=T|JUSTIFICATION=2|LOCATION.X=240|LOCATION.Y=630|TEXT=RX_STlink (VCP)|
RECORD=18|LINENO= 514|OWNERPARTID=   0|OWNERINDEX= -42|ALIGNMENT=1|AREACOLOR=8454143|FONTID=1|HEIGHT=10|LOCATION.X=450|LOCATION.Y=620|NAME=T_SWO|TEXTCOLOR=128|UNIQUEID=IJXAGSJD|WIDTH=60|
RECORD=18|LINENO= 515|OWNERPARTID=   0|OWNERINDEX= -42|ALIGNMENT=2|AREACOLOR=8454143|FONTID=1|HEIGHT=10|LOCATION.X=130|LOCATION.Y=440|NAME=PB3|STYLE=4|TEXTCOLOR=128|UNIQUEID=JOMQDQKT|WIDTH=40|
RECORD=25|LINENO= 516|OWNERPARTID=   0|OWNERINDEX= -42|FONTID=11|LOCATION.X=790|LOCATION.Y=610|ORIENTATION=1|TEXT=STLK_SWCLK|UNIQUEID=HMHDUCPO|
RECORD=25|LINENO= 517|OWNERPARTID=   0|OWNERINDEX= -42|FONTID=11|LOCATION.X=800|LOCATION.Y=610|ORIENTATION=1|TEXT=STLK_SWDIO|UNIQUEID=RATWLXLT|
RECORD=25|LINENO= 518|OWNERPARTID=   0|OWNERINDEX= -42|FONTID=11|LOCATION.X=780|LOCATION.Y=620|ORIENTATION=1|TEXT=STLK_RST|UNIQUEID=TYWOHBEI|
RECORD= 4|LINENO= 519|OWNERPARTID=   0|OWNERINDEX= -42|FONTID=9|LOCATION.X=790|LOCATION.Y=710|TEXT=SWD STM32F103|
RECORD=22|LINENO= 520|OWNERPARTID=   0|OWNERINDEX= -42|ISACTIVE=T|LOCATION.X=790|LOCATION.Y=320|ORIENTATION=1|SUPPRESSALL=T|SYMBOL=Thin Cross|UNIQUEID=MXIXTGPT|
RECORD= 1|LINENO= 521|OWNERPARTID=   0|OWNERINDEX= -42|ALLPINCOUNT=2|AREACOLOR=11599871|COMPONENTDESCRIPTION=Default Diode|CURRENTPARTID=1|DESIGNITEMID=Diode|DISPLAYMODECOUNT=1|LIBREFERENCE=Diode|LOCATION.X=590|LOCATION.Y=590|NOTUSEDBTABLENAME=T|PARTCOUNT=2|PARTIDLOCKED=F|SOURCELIBRARYNAME=MB1144_1.SCHLIB|TARGETFILENAME=*|UNIQUEID=KMOSKDWE|
RECORD=41|LINENO= 522|OWNERPARTID=   0|OWNERINDEX= 521|FONTID=1|ISHIDDEN=T|LOCATION.X=568|LOCATION.Y=591|NAME=Published|TEXT=8-Jun-2000|UNIQUEID=RUVKBYYS|
RECORD=41|LINENO= 523|OWNERPARTID=   0|OWNERINDEX= 521|FONTID=1|ISHIDDEN=T|LOCATION.X=568|LOCATION.Y=591|NAME=Revision|TEXT=July-2002: Re-released for DXP Platform.|UNIQUEID=EVXGUPUV|
RECORD=41|LINENO= 524|OWNERPARTID=   0|OWNERINDEX= 521|FONTID=1|ISHIDDEN=T|LOCATION.X=568|LOCATION.Y=591|NAME=Publisher|TEXT=Altium Limited|UNIQUEID=SXUSNFGA|
RECORD=41|LINENO= 525|OWNERPARTID=   0|OWNERINDEX= 521|FONTID=1|ISHIDDEN=T|LOCATION.X=568|LOCATION.Y=591|NAME=Code - JEDEC|TEXT=DO-214-AB|UNIQUEID=CECOYGUL|
RECORD= 2|LINENO= 526|OWNERPARTID=   2|OWNERINDEX= 521|DESIGNATOR=1|ELECTRICAL=4|FORMALTYPE=1|LOCATION.X=590|LOCATION.Y=580|NAME=A|PINCONGLOMERATE=34|PINLENGTH=20|
RECORD=41|LINENO= 527|OWNERPARTID=   0|OWNERINDEX= 526|FONTID=1|ISHIDDEN=T|LOCATION.X=590|LOCATION.Y=580|NAME=PinUniqueId|TEXT=USNPUVHE|UNIQUEID=GYSIDYEO|
RECORD= 2|LINENO= 528|OWNERPARTID=   2|OWNERINDEX= 521|DESIGNATOR=2|ELECTRICAL=4|FORMALTYPE=1|LOCATION.X=600|LOCATION.Y=580|NAME=K|PINCONGLOMERATE=32|PINLENGTH=20|
RECORD=41|LINENO= 529|OWNERPARTID=   0|OWNERINDEX= 528|FONTID=1|ISHIDDEN=T|LOCATION.X=600|LOCATION.Y=580|NAME=PinUniqueId|TEXT=CUDAWEPX|UNIQUEID=XDPCDBKG|
RECORD= 7|LINENO= 530|OWNERPARTID=   2|OWNERINDEX= 521|AREACOLOR=16711680|ISSOLID=T|LINEWIDTH=1|LOCATIONCOUNT=3|X1=590|X2=600|X3=590|Y1=570|Y2=580|Y3=590|
RECORD= 6|LINENO= 531|OWNERPARTID=   2|OWNERINDEX= 521|LINEWIDTH=1|LOCATIONCOUNT=2|X1=600|X2=600|Y1=590|Y2=570|
RECORD=41|LINENO= 532|OWNERPARTID=   0|OWNERINDEX= 521|FONTID=1|ISHIDDEN=T|LOCATION.X=568|LOCATION.Y=591|NAME=Ordered by|TEXT=STM|UNIQUEID=KWDBPTYL|
RECORD=41|LINENO= 533|OWNERPARTID=   0|OWNERINDEX= 521|FONTID=1|ISHIDDEN=T|LOCATION.X=568|LOCATION.Y=601|NAME=ECCN_US/EU|TEXT=EAR99/NEC|UNIQUEID=AVBRXDMT|
RECORD=34|LINENO= 534|OWNERPARTID=   0|OWNERINDEX= 521|FONTID=1|LOCATION.X=601|LOCATION.X_FRAC=1|LOCATION.Y=581|LOCATION.Y_FRAC=99997|NAME=Designator|TEXT=D2|UNIQUEID=GTOUYAXP|
RECORD=41|LINENO= 535|OWNERPARTID=   0|OWNERINDEX= 521|FONTID=1|LOCATION.X=569|LOCATION.X_FRAC=1|LOCATION.Y=590|LOCATION.Y_FRAC=99997|NAME=Comment|TEXT=BAT60JFILM|UNIQUEID=IGICMBCM|
RECORD=44|LINENO= 536|OWNERPARTID= -42|OWNERINDEX= 521|
RECORD=45|LINENO= 537|OWNERPARTID= -42|OWNERINDEX= 536|DATAFILECOUNT=1|DESCRIPTION=DO-214-AB/SMC; 2 C-Bend Leads; Body 7.9 x 5.9 mm, inc. leads (LxW)|MODELDATAFILEENTITY0=DSO-C2/X3.3|MODELDATAFILEKIND0=PCBLib|MODELNAME=DSO-C2/X3.3|MODELTYPE=PCBLIB|UNIQUEID=BGBMLJQB|
RECORD=46|LINENO= 538|OWNERPARTID= -42|OWNERINDEX= 537|
RECORD=48|LINENO= 539|OWNERPARTID= -42|OWNERINDEX= 537|
RECORD=45|LINENO= 540|OWNERPARTID= -42|OWNERINDEX= 536|DESCRIPTION=Diode|ISCURRENT=T|MODELNAME=DIODE|MODELTYPE=SIM|UNIQUEID=UTPCXQWN|
RECORD=46|LINENO= 541|OWNERPARTID= -42|OWNERINDEX= 540|
RECORD=48|LINENO= 542|OWNERPARTID= -42|OWNERINDEX= 540|
RECORD=41|LINENO= 543|OWNERPARTID=   0|OWNERINDEX= 542|FONTID=1|NAME=Spice Prefix|TEXT=D|UNIQUEID=KNQLBWQI|
RECORD=41|LINENO= 544|OWNERPARTID=   0|OWNERINDEX= 542|%UTF8%TEXT=@DESIGNATOR %1 %2 @MODEL &"AREA FACTOR" &"STARTING CONDITION" ?"INITIAL VOLTAGE"Â¦IC=@"INITIAL VOLTAGE"Â¦ ?TEMPERATUREÂ¦TEMP=@TEMPERATUREÂ¦|FONTID=1|NAME=Netlist|TEXT=@DESIGNATOR %1 %2 @MODEL &"AREA FACTOR" &"STARTING CONDITION" ?"INITIAL VOLTAGE"ŽIC=@"INITIAL VOLTAGE"Ž ?TEMPERATUREŽTEMP=@TEMPERATUREŽ|UNIQUEID=RPUJOQGH|
RECORD=41|LINENO= 545|OWNERPARTID=   0|OWNERINDEX= 542|FONTID=1|NAME=Kind|TEXT=General|UNIQUEID=ONCWMXAH|
RECORD=41|LINENO= 546|OWNERPARTID=   0|OWNERINDEX= 542|FONTID=1|NAME=SubKind|TEXT=Diode|UNIQUEID=KUTYGTNA|
RECORD=41|LINENO= 547|OWNERPARTID=   0|OWNERINDEX= 542|FONTID=1|NAME=Area Factor|UNIQUEID=FTUTHQHF|
RECORD=41|LINENO= 548|OWNERPARTID=   0|OWNERINDEX= 542|FONTID=1|NAME=Starting Condition|UNIQUEID=JCHUQAWY|
RECORD=41|LINENO= 549|OWNERPARTID=   0|OWNERINDEX= 542|FONTID=1|NAME=Initial Voltage|UNIQUEID=SSLGOPCV|
RECORD=41|LINENO= 550|OWNERPARTID=   0|OWNERINDEX= 542|FONTID=1|NAME=Temperature|UNIQUEID=UOQAOROH|
RECORD=45|LINENO= 551|OWNERPARTID= -42|OWNERINDEX= 536|ISCURRENT=T|MODELNAME=Diode|MODELTYPE=SI|UNIQUEID=MNGIMUUA|
RECORD=46|LINENO= 552|OWNERPARTID= -42|OWNERINDEX= 551|
RECORD=48|LINENO= 553|OWNERPARTID= -42|OWNERINDEX= 551|
RECORD=41|LINENO= 554|OWNERPARTID=   0|OWNERINDEX= 553|FONTID=1|NAME=Type|TEXT=Diode|UNIQUEID=BLDBKOJH|
RECORD=41|LINENO= 555|OWNERPARTID=   0|OWNERINDEX= 553|FONTID=1|NAME=Tech|UNIQUEID=CBAGELKW|
RECORD=45|LINENO= 556|OWNERPARTID= -42|OWNERINDEX= 536|DATAFILECOUNT=1|ISCURRENT=T|MODELDATAFILEENTITY0=SOD-323|MODELDATAFILEKIND0=PCBLib|MODELNAME=SOD-323|MODELTYPE=PCBLIB|UNIQUEID=NEUMCPMA|
RECORD=46|LINENO= 557|OWNERPARTID= -42|OWNERINDEX= 556|
RECORD=48|LINENO= 558|OWNERPARTID= -42|OWNERINDEX= 556|
RECORD=17|LINENO= 559|OWNERPARTID=   0|OWNERINDEX= -42|FONTID=1|LOCATION.X=570|LOCATION.Y=580|ORIENTATION=2|SHOWNETNAME=T|STYLE=2|TEXT=5V|UNIQUEID=KSRYTDIP|
RECORD= 1|LINENO= 560|OWNERPARTID=   0|OWNERINDEX= -42|ALLPINCOUNT=2|AREACOLOR=11599871|COMPONENTDESCRIPTION=Solder Jumper|CURRENTPARTID=1|DESIGNITEMID=Strap2|DISPLAYMODECOUNT=1|LIBREFERENCE=Strap2|LOCATION.X=640|LOCATION.Y=550|NOTUSEDBTABLENAME=T|PARTCOUNT=2|PARTIDLOCKED=F|SOURCELIBRARYNAME=Lib3D_Altium10_Schlib.SchLib|TARGETFILENAME=*|UNIQUEID=VHKNKFBK|
RECORD=41|LINENO= 561|OWNERPARTID=   0|OWNERINDEX= 560|FONTID=1|ISHIDDEN=T|LOCATION.X=618|LOCATION.Y=545|NAME=Published|TEXT=24-Mar-1999|UNIQUEID=OMOGXNED|
RECORD=41|LINENO= 562|OWNERPARTID=   0|OWNERINDEX= 560|FONTID=1|ISHIDDEN=T|LOCATION.X=618|LOCATION.Y=545|NAME=Revision|TEXT=July-2002: Re-released for DXP Platform.|UNIQUEID=OTRSYLSJ|
RECORD=41|LINENO= 563|OWNERPARTID=   0|OWNERINDEX= 560|FONTID=1|ISHIDDEN=T|LOCATION.X=618|LOCATION.Y=545|NAME=Publisher|TEXT=Altium Limited|UNIQUEID=RYOASCDN|
RECORD=41|LINENO= 564|OWNERPARTID=   0|OWNERINDEX= 560|FONTID=1|ISHIDDEN=T|LOCATION.X=618|LOCATION.Y=527|NAME=Solder|TEXT=YES|UNIQUEID=SCFFQGKK|
RECORD= 2|LINENO= 565|OWNERPARTID=   2|OWNERINDEX= 560|DESIGNATOR=1|ELECTRICAL=4|FORMALTYPE=1|LOCATION.X=640|LOCATION.Y=540|NAME=1|PINCONGLOMERATE=34|PINLENGTH=10|
RECORD=41|LINENO= 566|OWNERPARTID=   0|OWNERINDEX= 565|FONTID=1|ISHIDDEN=T|LOCATION.X=640|LOCATION.Y=540|NAME=PinUniqueId|TEXT=TQACLNWU|UNIQUEID=HLNIKTSK|
RECORD= 2|LINENO= 567|OWNERPARTID=   2|OWNERINDEX= 560|DESIGNATOR=2|ELECTRICAL=4|FORMALTYPE=1|LOCATION.X=660|LOCATION.Y=540|NAME=2|PINCONGLOMERATE=32|PINLENGTH=10|
RECORD=41|LINENO= 568|OWNERPARTID=   0|OWNERINDEX= 567|FONTID=1|ISHIDDEN=T|LOCATION.X=660|LOCATION.Y=540|NAME=PinUniqueId|TEXT=VOKSNYGK|UNIQUEID=JOWNVWXV|
RECORD= 7|LINENO= 569|OWNERPARTID=   2|OWNERINDEX= 560|AREACOLOR=65535|ISSOLID=T|LINEWIDTH=1|LOCATIONCOUNT=6|X1=660|X2=660|X3=655|X4=650|X5=655|X6=660|Y1=540|Y2=535|Y3=535|Y4=540|Y5=545|Y6=545|
RECORD= 7|LINENO= 570|OWNERPARTID=   2|OWNERINDEX= 560|AREACOLOR=65535|ISSOLID=T|LINEWIDTH=1|LOCATIONCOUNT=5|X1=640|X2=640|X3=651|X4=646|X5=651|Y1=545|Y2=535|Y3=535|Y4=540|Y5=545|
RECORD=34|LINENO= 571|OWNERPARTID=   0|OWNERINDEX= 560|FONTID=1|LOCATION.X=639|LOCATION.Y=546|NAME=Designator|TEXT=SB37|UNIQUEID=JGUFQTIB|
RECORD=41|LINENO= 572|OWNERPARTID=   0|OWNERINDEX= 560|FONTID=1|LOCATION.X=660|LOCATION.Y=530|NAME=Comment|TEXT=Open|UNIQUEID=YXISCDCQ|
RECORD=44|LINENO= 573|OWNERPARTID= -42|OWNERINDEX= 560|
RECORD=45|LINENO= 574|OWNERPARTID= -42|OWNERINDEX= 573|DATAFILECOUNT=1|MODELDATAFILEENTITY0=SB|MODELDATAFILEKIND0=PCBLib|MODELNAME=SB|MODELTYPE=PCBLIB|UNIQUEID=CCSEMOTD|
RECORD=46|LINENO= 575|OWNERPARTID= -42|OWNERINDEX= 574|
RECORD=48|LINENO= 576|OWNERPARTID= -42|OWNERINDEX= 574|
RECORD=45|LINENO= 577|OWNERPARTID= -42|OWNERINDEX= 573|DATAFILECOUNT=1|ISCURRENT=T|MODELDATAFILEENTITY0=SB-tiny|MODELDATAFILEKIND0=PCBLib|MODELNAME=SB-tiny|MODELTYPE=PCBLIB|UNIQUEID=UGMMJWXM|
RECORD=46|LINENO= 578|OWNERPARTID= -42|OWNERINDEX= 577|
RECORD=48|LINENO= 579|OWNERPARTID= -42|OWNERINDEX= 577|
RECORD= 1|LINENO= 580|OWNERPARTID=   0|OWNERINDEX= -42|ALLPINCOUNT=2|AREACOLOR=11599871|COMPONENTDESCRIPTION=Resistor|CURRENTPARTID=1|DESIGNITEMID=RES|DISPLAYMODECOUNT=1|LIBREFERENCE=RES|LOCATION.X=680|LOCATION.Y=590|PARTCOUNT=2|PARTIDLOCKED=F|SOURCELIBRARYNAME=Lib3D_Altium10_Schlib.SchLib|TARGETFILENAME=*|UNIQUEID=LADDONJW|
RECORD= 2|LINENO= 581|OWNERPARTID=   2|OWNERINDEX= 580|%UTF8%SWAPIDPART=Â¦&Â¦|DESIGNATOR=1|ELECTRICAL=4|FORMALTYPE=1|LOCATION.X=680|LOCATION.Y=580|NAME=1|PINCONGLOMERATE=34|PINLENGTH=10|SWAPIDPART=Ž&Ž|SWAPIDPIN=1|
RECORD=41|LINENO= 582|OWNERPARTID=   0|OWNERINDEX= 581|FONTID=1|ISHIDDEN=T|LOCATION.X=680|LOCATION.Y=580|NAME=PinUniqueId|TEXT=CIYUPYNJ|UNIQUEID=PLWCIJBP|
RECORD= 2|LINENO= 583|OWNERPARTID=   2|OWNERINDEX= 580|%UTF8%SWAPIDPART=Â¦&Â¦|DESIGNATOR=2|ELECTRICAL=4|FORMALTYPE=1|LOCATION.X=700|LOCATION.Y=580|NAME=2|PINCONGLOMERATE=32|PINLENGTH=10|SWAPIDPART=Ž&Ž|SWAPIDPIN=2|
RECORD=41|LINENO= 584|OWNERPARTID=   0|OWNERINDEX= 583|FONTID=1|ISHIDDEN=T|LOCATION.X=700|LOCATION.Y=580|NAME=PinUniqueId|TEXT=INYFEQVV|UNIQUEID=GKYIWFGU|
RECORD=13|LINENO= 585|OWNERPARTID=   2|OWNERINDEX= 580|CORNER.X=700|CORNER.Y=575|LINEWIDTH=1|LOCATION.X=700|LOCATION.Y=585|
RECORD=13|LINENO= 586|OWNERPARTID=   2|OWNERINDEX= 580|CORNER.X=680|CORNER.Y=575|LINEWIDTH=1|LOCATION.X=680|LOCATION.Y=585|
RECORD=13|LINENO= 587|OWNERPARTID=   2|OWNERINDEX= 580|CORNER.X=700|CORNER.Y=575|LINEWIDTH=1|LOCATION.X=680|LOCATION.Y=575|
RECORD=13|LINENO= 588|OWNERPARTID=   2|OWNERINDEX= 580|CORNER.X=700|CORNER.Y=585|LINEWIDTH=1|LOCATION.X=680|LOCATION.Y=585|
RECORD=34|LINENO= 589|OWNERPARTID=   0|OWNERINDEX= 580|FONTID=1|LOCATION.X=679|LOCATION.Y=586|NAME=Designator|TEXT=R14|UNIQUEID=WWMOIMHJ|
RECORD=41|LINENO= 590|OWNERPARTID=   0|OWNERINDEX= 580|FONTID=1|LOCATION.X=679|LOCATION.Y=564|NAME=Comment|TEXT=2K7|UNIQUEID=EPGQROOL|
RECORD=44|LINENO= 591|OWNERPARTID= -42|OWNERINDEX= 580|
RECORD=45|LINENO= 592|OWNERPARTID= -42|OWNERINDEX= 591|DATAFILECOUNT=1|DESCRIPTION=Resistor Footprint 0603|MODELDATAFILEENTITY0=0603_RES|MODELDATAFILEKIND0=PCBLib|MODELNAME=0603_RES|MODELTYPE=PCBLIB|UNIQUEID=XTQPOUAK|
RECORD=46|LINENO= 593|OWNERPARTID= -42|OWNERINDEX= 592|
RECORD=48|LINENO= 594|OWNERPARTID= -42|OWNERINDEX= 592|
RECORD=45|LINENO= 595|OWNERPARTID= -42|OWNERINDEX= 591|DATAFILECOUNT=1|DESCRIPTION=Resistor FootPrint 0402|ISCURRENT=T|MODELDATAFILEENTITY0=0402_RES|MODELDATAFILEKIND0=PCBLib|MODELNAME=0402_RES|MODELTYPE=PCBLIB|UNIQUEID=TBPVRSWI|
RECORD=46|LINENO= 596|OWNERPARTID= -42|OWNERINDEX= 595|
RECORD=48|LINENO= 597|OWNERPARTID= -42|OWNERINDEX= 595|
RECORD= 1|LINENO= 598|OWNERPARTID=   0|OWNERINDEX= -42|ALLPINCOUNT=2|AREACOLOR=11599871|COMPONENTDESCRIPTION=Resistor|CURRENTPARTID=1|DESIGNITEMID=RES|DISPLAYMODECOUNT=1|LIBREFERENCE=RES|LOCATION.X=720|LOCATION.Y=590|PARTCOUNT=2|PARTIDLOCKED=F|SOURCELIBRARYNAME=Lib3D_Altium10_Schlib.SchLib|TARGETFILENAME=*|UNIQUEID=TYBPKWTW|
RECORD= 2|LINENO= 599|OWNERPARTID=   2|OWNERINDEX= 598|%UTF8%SWAPIDPART=Â¦&Â¦|DESIGNATOR=1|ELECTRICAL=4|FORMALTYPE=1|LOCATION.X=720|LOCATION.Y=580|NAME=1|PINCONGLOMERATE=34|PINLENGTH=10|SWAPIDPART=Ž&Ž|SWAPIDPIN=1|
RECORD=41|LINENO= 600|OWNERPARTID=   0|OWNERINDEX= 599|FONTID=1|ISHIDDEN=T|LOCATION.X=720|LOCATION.Y=580|NAME=PinUniqueId|TEXT=LQAIPMUI|UNIQUEID=GIERECJW|
RECORD= 2|LINENO= 601|OWNERPARTID=   2|OWNERINDEX= 598|%UTF8%SWAPIDPART=Â¦&Â¦|DESIGNATOR=2|ELECTRICAL=4|FORMALTYPE=1|LOCATION.X=740|LOCATION.Y=580|NAME=2|PINCONGLOMERATE=32|PINLENGTH=10|SWAPIDPART=Ž&Ž|SWAPIDPIN=2|
RECORD=41|LINENO= 602|OWNERPARTID=   0|OWNERINDEX= 601|FONTID=1|ISHIDDEN=T|LOCATION.X=740|LOCATION.Y=580|NAME=PinUniqueId|TEXT=WBMLSMIW|UNIQUEID=APMHPCKV|
RECORD=13|LINENO= 603|OWNERPARTID=   2|OWNERINDEX= 598|CORNER.X=740|CORNER.Y=575|LINEWIDTH=1|LOCATION.X=740|LOCATION.Y=585|
RECORD=13|LINENO= 604|OWNERPARTID=   2|OWNERINDEX= 598|CORNER.X=720|CORNER.Y=575|LINEWIDTH=1|LOCATION.X=720|LOCATION.Y=585|
RECORD=13|LINENO= 605|OWNERPARTID=   2|OWNERINDEX= 598|CORNER.X=740|CORNER.Y=575|LINEWIDTH=1|LOCATION.X=720|LOCATION.Y=575|
RECORD=13|LINENO= 606|OWNERPARTID=   2|OWNERINDEX= 598|CORNER.X=740|CORNER.Y=585|LINEWIDTH=1|LOCATION.X=720|LOCATION.Y=585|
RECORD=34|LINENO= 607|OWNERPARTID=   0|OWNERINDEX= 598|FONTID=1|LOCATION.X=719|LOCATION.Y=586|NAME=Designator|TEXT=R15|UNIQUEID=CMXATXXX|
RECORD=41|LINENO= 608|OWNERPARTID=   0|OWNERINDEX= 598|FONTID=1|LOCATION.X=719|LOCATION.Y=564|NAME=Comment|TEXT=4K7|UNIQUEID=LUGWTXDW|
RECORD=44|LINENO= 609|OWNERPARTID= -42|OWNERINDEX= 598|
RECORD=45|LINENO= 610|OWNERPARTID= -42|OWNERINDEX= 609|DATAFILECOUNT=1|DESCRIPTION=Resistor Footprint 0603|MODELDATAFILEENTITY0=0603_RES|MODELDATAFILEKIND0=PCBLib|MODELNAME=0603_RES|MODELTYPE=PCBLIB|UNIQUEID=HXUHBFOK|
RECORD=46|LINENO= 611|OWNERPARTID= -42|OWNERINDEX= 610|
RECORD=48|LINENO= 612|OWNERPARTID= -42|OWNERINDEX= 610|
RECORD=45|LINENO= 613|OWNERPARTID= -42|OWNERINDEX= 609|DATAFILECOUNT=1|DESCRIPTION=Resistor FootPrint 0402|ISCURRENT=T|MODELDATAFILEENTITY0=0402_RES|MODELDATAFILEKIND0=PCBLib|MODELNAME=0402_RES|MODELTYPE=PCBLIB|UNIQUEID=KCXGACVS|
RECORD=46|LINENO= 614|OWNERPARTID= -42|OWNERINDEX= 613|
RECORD=48|LINENO= 615|OWNERPARTID= -42|OWNERINDEX= 613|
RECORD=17|LINENO= 616|OWNERPARTID=   0|OWNERINDEX= -42|FONTID=1|LOCATION.X=870|LOCATION.Y=700|ORIENTATION=2|SHOWNETNAME=T|STYLE=1|TEXT=GND|UNIQUEID=MRWXABJT|
RECORD=17|LINENO= 617|OWNERPARTID=   0|OWNERINDEX= -42|FONTID=1|LOCATION.X=630|LOCATION.Y=540|ORIENTATION=2|SHOWNETNAME=T|STYLE=2|TEXT=3V3_STLINK|UNIQUEID=GPEKEULP|
RECORD=17|LINENO= 618|OWNERPARTID=   0|OWNERINDEX= -42|FONTID=1|LOCATION.X=880|LOCATION.Y=620|SHOWNETNAME=T|STYLE=2|TEXT=3V3_STLINK|UNIQUEID=JPQJHWKQ|
RECORD= 1|LINENO= 619|OWNERPARTID=   0|OWNERINDEX= -42|ALLPINCOUNT=2|AREACOLOR=11599871|COMPONENTDESCRIPTION=Solder Jumper|CURRENTPARTID=1|DESIGNITEMID=Strap2|DISPLAYMODECOUNT=1|LIBREFERENCE=Strap2|LOCATION.X=460|LOCATION.Y=220|NOTUSEDBTABLENAME=T|PARTCOUNT=2|PARTIDLOCKED=F|SOURCELIBRARYNAME=Lib3D_Altium10_Schlib.SchLib|TARGETFILENAME=*|UNIQUEID=ILJXSJAK|
RECORD=41|LINENO= 620|OWNERPARTID=   0|OWNERINDEX= 619|FONTID=1|ISHIDDEN=T|LOCATION.X=438|LOCATION.Y=215|NAME=Published|TEXT=24-Mar-1999|UNIQUEID=FQBYCIFD|
RECORD=41|LINENO= 621|OWNERPARTID=   0|OWNERINDEX= 619|FONTID=1|ISHIDDEN=T|LOCATION.X=438|LOCATION.Y=215|NAME=Revision|TEXT=July-2002: Re-released for DXP Platform.|UNIQUEID=CMJLTMPK|
RECORD=41|LINENO= 622|OWNERPARTID=   0|OWNERINDEX= 619|FONTID=1|ISHIDDEN=T|LOCATION.X=438|LOCATION.Y=215|NAME=Publisher|TEXT=Altium Limited|UNIQUEID=OKXKSFSV|
RECORD=41|LINENO= 623|OWNERPARTID=   0|OWNERINDEX= 619|FONTID=1|ISHIDDEN=T|LOCATION.X=438|LOCATION.Y=197|NAME=Solder|TEXT=YES|UNIQUEID=PFDBXQST|
RECORD= 2|LINENO= 624|OWNERPARTID=   2|OWNERINDEX= 619|DESIGNATOR=1|ELECTRICAL=4|FORMALTYPE=1|LOCATION.X=460|LOCATION.Y=210|NAME=1|PINCONGLOMERATE=34|PINLENGTH=10|
RECORD=41|LINENO= 625|OWNERPARTID=   0|OWNERINDEX= 624|FONTID=1|ISHIDDEN=T|LOCATION.X=460|LOCATION.Y=210|NAME=PinUniqueId|TEXT=BNILAHYE|UNIQUEID=KSIOAWPC|
RECORD= 2|LINENO= 626|OWNERPARTID=   2|OWNERINDEX= 619|DESIGNATOR=2|ELECTRICAL=4|FORMALTYPE=1|LOCATION.X=480|LOCATION.Y=210|NAME=2|PINCONGLOMERATE=32|PINLENGTH=10|
RECORD=41|LINENO= 627|OWNERPARTID=   0|OWNERINDEX= 626|FONTID=1|ISHIDDEN=T|LOCATION.X=480|LOCATION.Y=210|NAME=PinUniqueId|TEXT=JJVOEADV|UNIQUEID=OSBVVYYL|
RECORD= 7|LINENO= 628|OWNERPARTID=   2|OWNERINDEX= 619|AREACOLOR=65535|ISSOLID=T|LINEWIDTH=1|LOCATIONCOUNT=6|X1=480|X2=480|X3=475|X4=470|X5=475|X6=480|Y1=210|Y2=205|Y3=205|Y4=210|Y5=215|Y6=215|
RECORD= 7|LINENO= 629|OWNERPARTID=   2|OWNERINDEX= 619|AREACOLOR=65535|ISSOLID=T|LINEWIDTH=1|LOCATIONCOUNT=5|X1=460|X2=460|X3=471|X4=466|X5=471|Y1=215|Y2=205|Y3=205|Y4=210|Y5=215|
RECORD=34|LINENO= 630|OWNERPARTID=   0|OWNERINDEX= 619|FONTID=1|LOCATION.X=459|LOCATION.Y=216|NAME=Designator|TEXT=SB38|UNIQUEID=NDJPDVKV|
RECORD=41|LINENO= 631|OWNERPARTID=   0|OWNERINDEX= 619|FONTID=1|LOCATION.X=461|LOCATION.Y=195|NAME=Comment|TEXT=Close|UNIQUEID=RFXCCNOQ|
RECORD=44|LINENO= 632|OWNERPARTID= -42|OWNERINDEX= 619|
RECORD=45|LINENO= 633|OWNERPARTID= -42|OWNERINDEX= 632|DATAFILECOUNT=1|MODELDATAFILEENTITY0=SB|MODELDATAFILEKIND0=PCBLib|MODELNAME=SB|MODELTYPE=PCBLIB|UNIQUEID=TNMGIQOH|
RECORD=46|LINENO= 634|OWNERPARTID= -42|OWNERINDEX= 633|
RECORD=48|LINENO= 635|OWNERPARTID= -42|OWNERINDEX= 633|
RECORD=45|LINENO= 636|OWNERPARTID= -42|OWNERINDEX= 632|DATAFILECOUNT=1|ISCURRENT=T|MODELDATAFILEENTITY0=SB-tiny|MODELDATAFILEKIND0=PCBLib|MODELNAME=SB-tiny|MODELTYPE=PCBLIB|UNIQUEID=LNFOVHYD|
RECORD=46|LINENO= 637|OWNERPARTID= -42|OWNERINDEX= 636|
RECORD=48|LINENO= 638|OWNERPARTID= -42|OWNERINDEX= 636|
RECORD= 1|LINENO= 639|OWNERPARTID=   0|OWNERINDEX= -42|ALLPINCOUNT=2|AREACOLOR=11599871|COMPONENTDESCRIPTION=Solder Jumper|CURRENTPARTID=1|DESIGNITEMID=Strap2|DISPLAYMODECOUNT=1|LIBREFERENCE=Strap2|LOCATION.X=460|LOCATION.Y=190|NOTUSEDBTABLENAME=T|PARTCOUNT=2|PARTIDLOCKED=F|SOURCELIBRARYNAME=Lib3D_Altium10_Schlib.SchLib|TARGETFILENAME=*|UNIQUEID=DUDRCVCG|
RECORD=41|LINENO= 640|OWNERPARTID=   0|OWNERINDEX= 639|FONTID=1|ISHIDDEN=T|LOCATION.X=438|LOCATION.Y=185|NAME=Published|TEXT=24-Mar-1999|UNIQUEID=FBVKEUWP|
RECORD=41|LINENO= 641|OWNERPARTID=   0|OWNERINDEX= 639|FONTID=1|ISHIDDEN=T|LOCATION.X=438|LOCATION.Y=185|NAME=Revision|TEXT=July-2002: Re-released for DXP Platform.|UNIQUEID=DAMYTMCD|
RECORD=41|LINENO= 642|OWNERPARTID=   0|OWNERINDEX= 639|FONTID=1|ISHIDDEN=T|LOCATION.X=438|LOCATION.Y=185|NAME=Publisher|TEXT=Altium Limited|UNIQUEID=XSDYFEVH|
RECORD=41|LINENO= 643|OWNERPARTID=   0|OWNERINDEX= 639|FONTID=1|ISHIDDEN=T|LOCATION.X=438|LOCATION.Y=167|NAME=Solder|TEXT=YES|UNIQUEID=KFIUMUXV|
RECORD= 2|LINENO= 644|OWNERPARTID=   2|OWNERINDEX= 639|DESIGNATOR=1|ELECTRICAL=4|FORMALTYPE=1|LOCATION.X=460|LOCATION.Y=180|NAME=1|PINCONGLOMERATE=34|PINLENGTH=10|
RECORD=41|LINENO= 645|OWNERPARTID=   0|OWNERINDEX= 644|FONTID=1|ISHIDDEN=T|LOCATION.X=460|LOCATION.Y=180|NAME=PinUniqueId|TEXT=NERJNGQQ|UNIQUEID=BRPGCPFN|
RECORD= 2|LINENO= 646|OWNERPARTID=   2|OWNERINDEX= 639|DESIGNATOR=2|ELECTRICAL=4|FORMALTYPE=1|LOCATION.X=480|LOCATION.Y=180|NAME=2|PINCONGLOMERATE=32|PINLENGTH=10|
RECORD=41|LINENO= 647|OWNERPARTID=   0|OWNERINDEX= 646|FONTID=1|ISHIDDEN=T|LOCATION.X=480|LOCATION.Y=180|NAME=PinUniqueId|TEXT=TFRFXMAO|UNIQUEID=STDXLRWL|
RECORD= 7|LINENO= 648|OWNERPARTID=   2|OWNERINDEX= 639|AREACOLOR=65535|ISSOLID=T|LINEWIDTH=1|LOCATIONCOUNT=6|X1=480|X2=480|X3=475|X4=470|X5=475|X6=480|Y1=180|Y2=175|Y3=175|Y4=180|Y5=185|Y6=185|
RECORD= 7|LINENO= 649|OWNERPARTID=   2|OWNERINDEX= 639|AREACOLOR=65535|ISSOLID=T|LINEWIDTH=1|LOCATIONCOUNT=5|X1=460|X2=460|X3=471|X4=466|X5=471|Y1=185|Y2=175|Y3=175|Y4=180|Y5=185|
RECORD=34|LINENO= 650|OWNERPARTID=   0|OWNERINDEX= 639|FONTID=1|LOCATION.X=459|LOCATION.Y=186|NAME=Designator|TEXT=SB39|UNIQUEID=IFCSCWED|
RECORD=41|LINENO= 651|OWNERPARTID=   0|OWNERINDEX= 639|FONTID=1|LOCATION.X=461|LOCATION.Y=165|NAME=Comment|TEXT=Close|UNIQUEID=TEAJVEGX|
RECORD=44|LINENO= 652|OWNERPARTID= -42|OWNERINDEX= 639|
RECORD=45|LINENO= 653|OWNERPARTID= -42|OWNERINDEX= 652|DATAFILECOUNT=1|MODELDATAFILEENTITY0=SB|MODELDATAFILEKIND0=PCBLib|MODELNAME=SB|MODELTYPE=PCBLIB|UNIQUEID=UOSCMYLN|
RECORD=46|LINENO= 654|OWNERPARTID= -42|OWNERINDEX= 653|
RECORD=48|LINENO= 655|OWNERPARTID= -42|OWNERINDEX= 653|
RECORD=45|LINENO= 656|OWNERPARTID= -42|OWNERINDEX= 652|DATAFILECOUNT=1|ISCURRENT=T|MODELDATAFILEENTITY0=SB-tiny|MODELDATAFILEKIND0=PCBLib|MODELNAME=SB-tiny|MODELTYPE=PCBLIB|UNIQUEID=SMUPYWNP|
RECORD=46|LINENO= 657|OWNERPARTID= -42|OWNERINDEX= 656|
RECORD=48|LINENO= 658|OWNERPARTID= -42|OWNERINDEX= 656|
RECORD= 1|LINENO= 659|OWNERPARTID=   0|OWNERINDEX= -42|ALLPINCOUNT=2|AREACOLOR=11599871|COMPONENTDESCRIPTION=Solder Jumper|CURRENTPARTID=1|DESIGNITEMID=Strap2|DISPLAYMODECOUNT=1|LIBREFERENCE=Strap2|LOCATION.X=720|LOCATION.Y=150|NOTUSEDBTABLENAME=T|PARTCOUNT=2|PARTIDLOCKED=F|SOURCELIBRARYNAME=Lib3D_Altium10_Schlib.SchLib|TARGETFILENAME=*|UNIQUEID=SKGJCHQA|
RECORD=41|LINENO= 660|OWNERPARTID=   0|OWNERINDEX= 659|FONTID=1|ISHIDDEN=T|LOCATION.X=698|LOCATION.Y=145|NAME=Published|TEXT=24-Mar-1999|UNIQUEID=OITFSTCW|
RECORD=41|LINENO= 661|OWNERPARTID=   0|OWNERINDEX= 659|FONTID=1|ISHIDDEN=T|LOCATION.X=698|LOCATION.Y=145|NAME=Revision|TEXT=July-2002: Re-released for DXP Platform.|UNIQUEID=PPCFYETO|
RECORD=41|LINENO= 662|OWNERPARTID=   0|OWNERINDEX= 659|FONTID=1|ISHIDDEN=T|LOCATION.X=698|LOCATION.Y=145|NAME=Publisher|TEXT=Altium Limited|UNIQUEID=MJXENGMK|
RECORD=41|LINENO= 663|OWNERPARTID=   0|OWNERINDEX= 659|FONTID=1|ISHIDDEN=T|LOCATION.X=698|LOCATION.Y=127|NAME=Solder|TEXT=YES|UNIQUEID=CDPNSWYI|
RECORD= 2|LINENO= 664|OWNERPARTID=   2|OWNERINDEX= 659|DESIGNATOR=1|ELECTRICAL=4|FORMALTYPE=1|LOCATION.X=720|LOCATION.Y=140|NAME=1|PINCONGLOMERATE=34|PINLENGTH=10|
RECORD=41|LINENO= 665|OWNERPARTID=   0|OWNERINDEX= 664|FONTID=1|ISHIDDEN=T|LOCATION.X=720|LOCATION.Y=140|NAME=PinUniqueId|TEXT=GRTFEVCS|UNIQUEID=GBQUIGBU|
RECORD= 2|LINENO= 666|OWNERPARTID=   2|OWNERINDEX= 659|DESIGNATOR=2|ELECTRICAL=4|FORMALTYPE=1|LOCATION.X=740|LOCATION.Y=140|NAME=2|PINCONGLOMERATE=32|PINLENGTH=10|
RECORD=41|LINENO= 667|OWNERPARTID=   0|OWNERINDEX= 666|FONTID=1|ISHIDDEN=T|LOCATION.X=740|LOCATION.Y=140|NAME=PinUniqueId|TEXT=SWDEAWWY|UNIQUEID=TMAKKWQW|
RECORD= 7|LINENO= 668|OWNERPARTID=   2|OWNERINDEX= 659|AREACOLOR=65535|ISSOLID=T|LINEWIDTH=1|LOCATIONCOUNT=6|X1=740|X2=740|X3=735|X4=730|X5=735|X6=740|Y1=140|Y2=135|Y3=135|Y4=140|Y5=145|Y6=145|
RECORD= 7|LINENO= 669|OWNERPARTID=   2|OWNERINDEX= 659|AREACOLOR=65535|ISSOLID=T|LINEWIDTH=1|LOCATIONCOUNT=5|X1=720|X2=720|X3=731|X4=726|X5=731|Y1=145|Y2=135|Y3=135|Y4=140|Y5=145|
RECORD=34|LINENO= 670|OWNERPARTID=   0|OWNERINDEX= 659|FONTID=1|LOCATION.X=743|LOCATION.X_FRAC=1|LOCATION.Y=139|LOCATION.Y_FRAC=99994|NAME=Designator|TEXT=SB40|UNIQUEID=RUKUHEEI|
RECORD=41|LINENO= 671|OWNERPARTID=   0|OWNERINDEX= 659|FONTID=1|LOCATION.X=721|LOCATION.X_FRAC=1|LOCATION.Y=124|LOCATION.Y_FRAC=99997|NAME=Comment|TEXT=Open|UNIQUEID=PTQLUXYI|
RECORD=44|LINENO= 672|OWNERPARTID= -42|OWNERINDEX= 659|
RECORD=45|LINENO= 673|OWNERPARTID= -42|OWNERINDEX= 672|DATAFILECOUNT=1|MODELDATAFILEENTITY0=SB|MODELDATAFILEKIND0=PCBLib|MODELNAME=SB|MODELTYPE=PCBLIB|UNIQUEID=RKSMIDNL|
RECORD=46|LINENO= 674|OWNERPARTID= -42|OWNERINDEX= 673|
RECORD=48|LINENO= 675|OWNERPARTID= -42|OWNERINDEX= 673|
RECORD=45|LINENO= 676|OWNERPARTID= -42|OWNERINDEX= 672|DATAFILECOUNT=1|ISCURRENT=T|MODELDATAFILEENTITY0=SB-tiny|MODELDATAFILEKIND0=PCBLib|MODELNAME=SB-tiny|MODELTYPE=PCBLIB|UNIQUEID=BQPVFWXG|
RECORD=46|LINENO= 677|OWNERPARTID= -42|OWNERINDEX= 676|
RECORD=48|LINENO= 678|OWNERPARTID= -42|OWNERINDEX= 676|
RECORD=18|LINENO= 679|OWNERPARTID=   0|OWNERINDEX= -42|ALIGNMENT=1|AREACOLOR=8454143|FONTID=1|HEIGHT=10|LOCATION.X=450|LOCATION.Y=600|NAME=T_SWDIO|TEXTCOLOR=128|UNIQUEID=YVTSHAPB|WIDTH=70|
RECORD=18|LINENO= 680|OWNERPARTID=   0|OWNERINDEX= -42|ALIGNMENT=1|AREACOLOR=8454143|FONTID=1|HEIGHT=10|LOCATION.X=450|LOCATION.Y=610|NAME=T_SWCLK|TEXTCOLOR=128|UNIQUEID=QBITLSBP|WIDTH=70|
RECORD= 4|LINENO= 681|OWNERPARTID=   0|OWNERINDEX= -42|FONTID=9|LOCATION.X=461|LOCATION.Y=126|TEXT=USART2|
RECORD= 4|LINENO= 682|OWNERPARTID=   0|OWNERINDEX= -42|FONTID=9|LOCATION.X=443|LOCATION.Y=117|TEXT=of STM32F103|
RECORD= 4|LINENO= 683|OWNERPARTID=   0|OWNERINDEX= -42|FONTID=9|LOCATION.X=433|LOCATION.Y=147|TEXT=TX|
RECORD= 4|LINENO= 684|OWNERPARTID=   0|OWNERINDEX= -42|FONTID=9|LOCATION.X=432|LOCATION.Y=135|TEXT=RX|
RECORD= 6|LINENO= 685|OWNERPARTID=   0|OWNERINDEX= -42|LINEWIDTH=1|LOCATIONCOUNT=4|X1=434|X2=428|X3=428|X4=434|Y1=159|Y1_FRAC=3|Y2=153|Y2_FRAC=3|Y3=136|Y3_FRAC=3|Y4=131|Y4_FRAC=3|
RECORD= 1|LINENO= 686|OWNERPARTID=   0|OWNERINDEX= -42|ALLPINCOUNT=2|AREACOLOR=11599871|CURRENTPARTID=1|DESIGNITEMID=HEADER_1X2|DISPLAYMODECOUNT=1|ISMIRRORED=T|LIBREFERENCE=HEADER_1X2|LOCATION.X=490|LOCATION.Y=150|ORIENTATION=2|PARTCOUNT=2|PARTIDLOCKED=F|SOURCELIBRARYNAME=Connector.SchLib|TARGETFILENAME=*|UNIQUEID=LLQAGEUN|
RECORD= 2|LINENO= 687|OWNERPARTID=   2|OWNERINDEX= 686|DESIGNATOR=1|ELECTRICAL=4|FORMALTYPE=1|LOCATION.X=460|LOCATION.Y=140|NAME=1|PINCONGLOMERATE=48|PINLENGTH=10|SWAPIDPIN=1|
RECORD=41|LINENO= 688|OWNERPARTID=   0|OWNERINDEX= 687|FONTID=1|ISHIDDEN=T|LOCATION.X=460|LOCATION.Y=140|NAME=PinUniqueId|TEXT=YQTEQMOT|UNIQUEID=QJLYOBKL|
RECORD= 2|LINENO= 689|OWNERPARTID=   2|OWNERINDEX= 686|DESIGNATOR=2|ELECTRICAL=4|FORMALTYPE=1|LOCATION.X=460|LOCATION.Y=150|NAME=2|PINCONGLOMERATE=48|PINLENGTH=10|SWAPIDPIN=2|
RECORD=41|LINENO= 690|OWNERPARTID=   0|OWNERINDEX= 689|FONTID=1|ISHIDDEN=T|LOCATION.X=460|LOCATION.Y=150|NAME=PinUniqueId|TEXT=VPYBBSDS|UNIQUEID=ORSBPACN|
RECORD=12|LINENO= 691|OWNERPARTID=   2|OWNERINDEX= 686|ENDANGLE=360.000|LINEWIDTH=1|LOCATION.X=455|LOCATION.Y=150|RADIUS=3|
RECORD= 6|LINENO= 692|OWNERPARTID=   2|OWNERINDEX= 686|LINEWIDTH=1|LOCATIONCOUNT=4|X1=450|X2=460|X3=460|X4=450|Y1=135|Y2=135|Y3=155|Y4=155|
RECORD= 6|LINENO= 693|OWNERPARTID=   2|OWNERINDEX= 686|LINEWIDTH=1|LOCATIONCOUNT=2|X1=458|X2=460|Y1=150|Y2=150|
RECORD= 6|LINENO= 694|OWNERPARTID=   2|OWNERINDEX= 686|LINEWIDTH=1|LOCATIONCOUNT=2|X1=450|X2=450|Y1=135|Y2=155|
RECORD= 6|LINENO= 695|OWNERPARTID=   2|OWNERINDEX= 686|LINEWIDTH=1|LOCATIONCOUNT=2|X1=458|X2=460|Y1=140|Y2=140|
RECORD=12|LINENO= 696|OWNERPARTID=   2|OWNERINDEX= 686|ENDANGLE=360.000|LINEWIDTH=1|LOCATION.X=455|LOCATION.Y=140|RADIUS=3|
RECORD= 6|LINENO= 697|OWNERPARTID=   2|OWNERINDEX= 686|LINEWIDTH=1|LOCATIONCOUNT=6|X1=455|X2=452|X3=452|X4=458|X5=458|X6=455|Y1=137|Y2=137|Y3=143|Y4=143|Y5=137|Y6=137|
RECORD=34|LINENO= 698|OWNERPARTID=   0|OWNERINDEX= 686|FONTID=1|ISMIRRORED=T|LOCATION.X=441|LOCATION.Y=156|LOCATION.Y_FRAC=99997|NAME=Designator|TEXT=CN14|UNIQUEID=NGCESVXU|
RECORD=41|LINENO= 699|OWNERPARTID=   0|OWNERINDEX= 686|FONTID=1|ISHIDDEN=T|ISMIRRORED=T|LOCATION.X=449|LOCATION.Y=124|NAME=Comment|TEXT=HEADER_1X2|UNIQUEID=LOWFLEUI|
RECORD=44|LINENO= 700|OWNERPARTID= -42|OWNERINDEX= 686|
RECORD=45|LINENO= 701|OWNERPARTID= -42|OWNERINDEX= 700|DATAFILECOUNT=1|DESCRIPTION=1x2x2.54 Header TH V Male|MODELDATAFILEENTITY0=Header M 1x2x2.54 TH V|MODELDATAFILEKIND0=PCBLib|MODELNAME=Header M 1x2x2.54 TH V|MODELTYPE=PCBLIB|UNIQUEID=TOXWQWMC|
RECORD=46|LINENO= 702|OWNERPARTID= -42|OWNERINDEX= 701|
RECORD=48|LINENO= 703|OWNERPARTID= -42|OWNERINDEX= 701|
RECORD=45|LINENO= 704|OWNERPARTID= -42|OWNERINDEX= 700|DATAFILECOUNT=1|DESCRIPTION=1x2x2.54 Header TH V Female|MODELDATAFILEENTITY0=Header F 1x2x2.54 TH V|MODELDATAFILEKIND0=PCBLib|MODELNAME=Header F 1x2x2.54 TH V|MODELTYPE=PCBLIB|UNIQUEID=PWYYBLIO|
RECORD=46|LINENO= 705|OWNERPARTID= -42|OWNERINDEX= 704|
RECORD=48|LINENO= 706|OWNERPARTID= -42|OWNERINDEX= 704|
RECORD=45|LINENO= 707|OWNERPARTID= -42|OWNERINDEX= 700|DATAFILECOUNT=1|DESCRIPTION=1x2x1.27 Male or Female Not Fitted only Footprint|MODELDATAFILEENTITY0=Header M/F 1x2x1.27 NF|MODELDATAFILEKIND0=PCBLib|MODELNAME=Header M/F 1x2x1.27 NF|MODELTYPE=PCBLIB|UNIQUEID=UHVBEXVE|
RECORD=46|LINENO= 708|OWNERPARTID= -42|OWNERINDEX= 707|
RECORD=48|LINENO= 709|OWNERPARTID= -42|OWNERINDEX= 707|
RECORD=45|LINENO= 710|OWNERPARTID= -42|OWNERINDEX= 700|DATAFILECOUNT=1|DESCRIPTION=1x2x2.00 Header TH V Male height=5.5mm|MODELDATAFILEENTITY0=Header F 1x2x2.00 TH V|MODELDATAFILEKIND0=PCBLib|MODELNAME=Header F 1x2x2.00 TH V|MODELTYPE=PCBLIB|UNIQUEID=PLXHWYCJ|
RECORD=46|LINENO= 711|OWNERPARTID= -42|OWNERINDEX= 710|
RECORD=48|LINENO= 712|OWNERPARTID= -42|OWNERINDEX= 710|
RECORD=45|LINENO= 713|OWNERPARTID= -42|OWNERINDEX= 700|DATAFILECOUNT=1|DESCRIPTION=1x2x2.00 Header TH V Male height=5.5mm|MODELDATAFILEENTITY0=Header F 1x2x2.00 TH V with Jumper|MODELDATAFILEKIND0=PCBLib|MODELNAME=Header F 1x2x2.00 TH V with Jumper|MODELTYPE=PCBLIB|UNIQUEID=DMPHVOLR|
RECORD=46|LINENO= 714|OWNERPARTID= -42|OWNERINDEX= 713|
RECORD=48|LINENO= 715|OWNERPARTID= -42|OWNERINDEX= 713|
RECORD=45|LINENO= 716|OWNERPARTID= -42|OWNERINDEX= 700|DATAFILECOUNT=1|DESCRIPTION=1x2x2.54 Header TH Not Fitted|ISCURRENT=T|MODELDATAFILEENTITY0=Header NF 1x2x2.54 TH|MODELDATAFILEKIND0=PCBLib|MODELNAME=Header NF 1x2x2.54 TH|MODELTYPE=PCBLIB|UNIQUEID=RDGOCYHJ|
RECORD=46|LINENO= 717|OWNERPARTID= -42|OWNERINDEX= 716|
RECORD=48|LINENO= 718|OWNERPARTID= -42|OWNERINDEX= 716|
RECORD= 1|LINENO= 719|OWNERPARTID=   0|OWNERINDEX= -42|ALLPINCOUNT=2|AREACOLOR=11599871|COMPONENTDESCRIPTION=Resistor|CURRENTPARTID=1|DESIGNITEMID=RES|DISPLAYMODECOUNT=1|LIBREFERENCE=RES|LOCATION.X=610|LOCATION.Y=520|PARTCOUNT=2|PARTIDLOCKED=F|SOURCELIBRARYNAME=Lib3D_Altium10_Schlib.SchLib|TARGETFILENAME=*|UNIQUEID=VXBERXHE|
RECORD= 2|LINENO= 720|OWNERPARTID=   2|OWNERINDEX= 719|%UTF8%SWAPIDPART=Â¦&Â¦|DESIGNATOR=1|ELECTRICAL=4|FORMALTYPE=1|LOCATION.X=610|LOCATION.Y=510|NAME=1|PINCONGLOMERATE=34|PINLENGTH=10|SWAPIDPART=Ž&Ž|SWAPIDPIN=1|
RECORD=41|LINENO= 721|OWNERPARTID=   0|OWNERINDEX= 720|FONTID=1|ISHIDDEN=T|LOCATION.X=610|LOCATION.Y=510|NAME=PinUniqueId|TEXT=NXANAFPB|UNIQUEID=YJBIISUS|
RECORD= 2|LINENO= 722|OWNERPARTID=   2|OWNERINDEX= 719|%UTF8%SWAPIDPART=Â¦&Â¦|DESIGNATOR=2|ELECTRICAL=4|FORMALTYPE=1|LOCATION.X=630|LOCATION.Y=510|NAME=2|PINCONGLOMERATE=32|PINLENGTH=10|SWAPIDPART=Ž&Ž|SWAPIDPIN=2|
RECORD=41|LINENO= 723|OWNERPARTID=   0|OWNERINDEX= 722|FONTID=1|ISHIDDEN=T|LOCATION.X=630|LOCATION.Y=510|NAME=PinUniqueId|TEXT=YQKUAQLG|UNIQUEID=KGBWFNHR|
RECORD=13|LINENO= 724|OWNERPARTID=   2|OWNERINDEX= 719|CORNER.X=630|CORNER.Y=505|LINEWIDTH=1|LOCATION.X=630|LOCATION.Y=515|
RECORD=13|LINENO= 725|OWNERPARTID=   2|OWNERINDEX= 719|CORNER.X=610|CORNER.Y=505|LINEWIDTH=1|LOCATION.X=610|LOCATION.Y=515|
RECORD=13|LINENO= 726|OWNERPARTID=   2|OWNERINDEX= 719|CORNER.X=630|CORNER.Y=505|LINEWIDTH=1|LOCATION.X=610|LOCATION.Y=505|
RECORD=13|LINENO= 727|OWNERPARTID=   2|OWNERINDEX= 719|CORNER.X=630|CORNER.Y=515|LINEWIDTH=1|LOCATION.X=610|LOCATION.Y=515|
RECORD=34|LINENO= 728|OWNERPARTID=   0|OWNERINDEX= 719|FONTID=1|LOCATION.X=609|LOCATION.Y=516|NAME=Designator|TEXT=R19|UNIQUEID=LGRHXAQF|
RECORD=41|LINENO= 729|OWNERPARTID=   0|OWNERINDEX= 719|FONTID=1|LOCATION.X=609|LOCATION.Y=494|NAME=Comment|TEXT=100K|UNIQUEID=OUEBOYQD|
RECORD=44|LINENO= 730|OWNERPARTID= -42|OWNERINDEX= 719|
RECORD=45|LINENO= 731|OWNERPARTID= -42|OWNERINDEX= 730|DATAFILECOUNT=1|DESCRIPTION=Resistor Footprint 0603|MODELDATAFILEENTITY0=0603_RES|MODELDATAFILEKIND0=PCBLib|MODELNAME=0603_RES|MODELTYPE=PCBLIB|UNIQUEID=TUIIILRA|
RECORD=46|LINENO= 732|OWNERPARTID= -42|OWNERINDEX= 731|
RECORD=48|LINENO= 733|OWNERPARTID= -42|OWNERINDEX= 731|
RECORD=45|LINENO= 734|OWNERPARTID= -42|OWNERINDEX= 730|DATAFILECOUNT=1|DESCRIPTION=Resistor FootPrint 0402|ISCURRENT=T|MODELDATAFILEENTITY0=0402_RES|MODELDATAFILEKIND0=PCBLib|MODELNAME=0402_RES|MODELTYPE=PCBLIB|UNIQUEID=CRYETYBO|
RECORD=46|LINENO= 735|OWNERPARTID= -42|OWNERINDEX= 734|
RECORD=48|LINENO= 736|OWNERPARTID= -42|OWNERINDEX= 734|
RECORD= 1|LINENO= 737|OWNERPARTID=   0|OWNERINDEX= -42|ALLPINCOUNT=2|AREACOLOR=11599871|COMPONENTDESCRIPTION=Resistor|CURRENTPARTID=1|DESIGNITEMID=RES|DISPLAYMODECOUNT=1|LIBREFERENCE=RES|LOCATION.X=980|LOCATION.Y=270|ORIENTATION=2|PARTCOUNT=2|PARTIDLOCKED=F|SOURCELIBRARYNAME=Lib3D_Altium10_Schlib.SchLib|TARGETFILENAME=*|UNIQUEID=TNXYKTWI|
RECORD= 2|LINENO= 738|OWNERPARTID=   2|OWNERINDEX= 737|%UTF8%SWAPIDPART=Â¦&Â¦|DESIGNATOR=1|ELECTRICAL=4|FORMALTYPE=1|LOCATION.X=980|LOCATION.Y=280|NAME=1|PINCONGLOMERATE=32|PINLENGTH=10|SWAPIDPART=Ž&Ž|SWAPIDPIN=1|
RECORD=41|LINENO= 739|OWNERPARTID=   0|OWNERINDEX= 738|FONTID=1|ISHIDDEN=T|LOCATION.X=980|LOCATION.Y=280|NAME=PinUniqueId|TEXT=FSFJEVCD|UNIQUEID=GXULWPFC|
RECORD= 2|LINENO= 740|OWNERPARTID=   2|OWNERINDEX= 737|%UTF8%SWAPIDPART=Â¦&Â¦|DESIGNATOR=2|ELECTRICAL=4|FORMALTYPE=1|LOCATION.X=960|LOCATION.Y=280|NAME=2|PINCONGLOMERATE=34|PINLENGTH=10|SWAPIDPART=Ž&Ž|SWAPIDPIN=2|
RECORD=41|LINENO= 741|OWNERPARTID=   0|OWNERINDEX= 740|FONTID=1|ISHIDDEN=T|LOCATION.X=960|LOCATION.Y=280|NAME=PinUniqueId|TEXT=EHHLWIGM|UNIQUEID=CJHHVFQU|
RECORD=13|LINENO= 742|OWNERPARTID=   2|OWNERINDEX= 737|CORNER.X=960|CORNER.Y=285|LINEWIDTH=1|LOCATION.X=960|LOCATION.Y=275|
RECORD=13|LINENO= 743|OWNERPARTID=   2|OWNERINDEX= 737|CORNER.X=980|CORNER.Y=285|LINEWIDTH=1|LOCATION.X=980|LOCATION.Y=275|
RECORD=13|LINENO= 744|OWNERPARTID=   2|OWNERINDEX= 737|CORNER.X=960|CORNER.Y=285|LINEWIDTH=1|LOCATION.X=980|LOCATION.Y=285|
RECORD=13|LINENO= 745|OWNERPARTID=   2|OWNERINDEX= 737|CORNER.X=960|CORNER.Y=275|LINEWIDTH=1|LOCATION.X=980|LOCATION.Y=275|
RECORD=34|LINENO= 746|OWNERPARTID=   0|OWNERINDEX= 737|FONTID=1|LOCATION.X=959|LOCATION.Y=286|NAME=Designator|TEXT=R25|UNIQUEID=ONSXCVKL|
RECORD=41|LINENO= 747|OWNERPARTID=   0|OWNERINDEX= 737|FONTID=1|LOCATION.X=959|LOCATION.Y=264|NAME=Comment|TEXT=100/2K7|UNIQUEID=VOVUHMVU|
RECORD=44|LINENO= 748|OWNERPARTID= -42|OWNERINDEX= 737|
RECORD=45|LINENO= 749|OWNERPARTID= -42|OWNERINDEX= 748|DATAFILECOUNT=1|DESCRIPTION=Resistor Footprint 0603|MODELDATAFILEENTITY0=0603_RES|MODELDATAFILEKIND0=PCBLib|MODELNAME=0603_RES|MODELTYPE=PCBLIB|UNIQUEID=PCBVOYDU|
RECORD=46|LINENO= 750|OWNERPARTID= -42|OWNERINDEX= 749|
RECORD=48|LINENO= 751|OWNERPARTID= -42|OWNERINDEX= 749|
RECORD=45|LINENO= 752|OWNERPARTID= -42|OWNERINDEX= 748|DATAFILECOUNT=1|DESCRIPTION=Resistor FootPrint 0402|ISCURRENT=T|MODELDATAFILEENTITY0=0402_RES|MODELDATAFILEKIND0=PCBLib|MODELNAME=0402_RES|MODELTYPE=PCBLIB|UNIQUEID=TIKRKQOF|
RECORD=46|LINENO= 753|OWNERPARTID= -42|OWNERINDEX= 752|
RECORD=48|LINENO= 754|OWNERPARTID= -42|OWNERINDEX= 752|
RECORD= 1|LINENO= 755|OWNERPARTID=   0|OWNERINDEX= -42|ALLPINCOUNT=2|AREACOLOR=11599871|COMPONENTDESCRIPTION=Resistor|CURRENTPARTID=1|DESIGNITEMID=RES|DISPLAYMODECOUNT=1|LIBREFERENCE=RES|LOCATION.X=980|LOCATION.Y=230|ORIENTATION=2|PARTCOUNT=2|PARTIDLOCKED=F|SOURCELIBRARYNAME=Lib3D_Altium10_Schlib.SchLib|TARGETFILENAME=*|UNIQUEID=ROOKBIAR|
RECORD= 2|LINENO= 756|OWNERPARTID=   2|OWNERINDEX= 755|%UTF8%SWAPIDPART=Â¦&Â¦|DESIGNATOR=1|ELECTRICAL=4|FORMALTYPE=1|LOCATION.X=980|LOCATION.Y=240|NAME=1|PINCONGLOMERATE=32|PINLENGTH=10|SWAPIDPART=Ž&Ž|SWAPIDPIN=1|
RECORD=41|LINENO= 757|OWNERPARTID=   0|OWNERINDEX= 756|FONTID=1|ISHIDDEN=T|LOCATION.X=980|LOCATION.Y=240|NAME=PinUniqueId|TEXT=LBLLYVWX|UNIQUEID=NJDGYWPF|
RECORD= 2|LINENO= 758|OWNERPARTID=   2|OWNERINDEX= 755|%UTF8%SWAPIDPART=Â¦&Â¦|DESIGNATOR=2|ELECTRICAL=4|FORMALTYPE=1|LOCATION.X=960|LOCATION.Y=240|NAME=2|PINCONGLOMERATE=34|PINLENGTH=10|SWAPIDPART=Ž&Ž|SWAPIDPIN=2|
RECORD=41|LINENO= 759|OWNERPARTID=   0|OWNERINDEX= 758|FONTID=1|ISHIDDEN=T|LOCATION.X=960|LOCATION.Y=240|NAME=PinUniqueId|TEXT=IONXNKJY|UNIQUEID=QTJGKHPF|
RECORD=13|LINENO= 760|OWNERPARTID=   2|OWNERINDEX= 755|CORNER.X=960|CORNER.Y=245|LINEWIDTH=1|LOCATION.X=960|LOCATION.Y=235|
RECORD=13|LINENO= 761|OWNERPARTID=   2|OWNERINDEX= 755|CORNER.X=980|CORNER.Y=245|LINEWIDTH=1|LOCATION.X=980|LOCATION.Y=235|
RECORD=13|LINENO= 762|OWNERPARTID=   2|OWNERINDEX= 755|CORNER.X=960|CORNER.Y=245|LINEWIDTH=1|LOCATION.X=980|LOCATION.Y=245|
RECORD=13|LINENO= 763|OWNERPARTID=   2|OWNERINDEX= 755|CORNER.X=960|CORNER.Y=235|LINEWIDTH=1|LOCATION.X=980|LOCATION.Y=235|
RECORD=34|LINENO= 764|OWNERPARTID=   0|OWNERINDEX= 755|FONTID=1|LOCATION.X=959|LOCATION.Y=246|NAME=Designator|TEXT=R27|UNIQUEID=DLSTBMQL|
RECORD=41|LINENO= 765|OWNERPARTID=   0|OWNERINDEX= 755|FONTID=1|LOCATION.X=959|LOCATION.Y=224|NAME=Comment|TEXT=100/100|UNIQUEID=YTONRJCR|
RECORD=44|LINENO= 766|OWNERPARTID= -42|OWNERINDEX= 755|
RECORD=45|LINENO= 767|OWNERPARTID= -42|OWNERINDEX= 766|DATAFILECOUNT=1|DESCRIPTION=Resistor Footprint 0603|MODELDATAFILEENTITY0=0603_RES|MODELDATAFILEKIND0=PCBLib|MODELNAME=0603_RES|MODELTYPE=PCBLIB|UNIQUEID=WWTVMDNG|
RECORD=46|LINENO= 768|OWNERPARTID= -42|OWNERINDEX= 767|
RECORD=48|LINENO= 769|OWNERPARTID= -42|OWNERINDEX= 767|
RECORD=45|LINENO= 770|OWNERPARTID= -42|OWNERINDEX= 766|DATAFILECOUNT=1|DESCRIPTION=Resistor FootPrint 0402|ISCURRENT=T|MODELDATAFILEENTITY0=0402_RES|MODELDATAFILEKIND0=PCBLib|MODELNAME=0402_RES|MODELTYPE=PCBLIB|UNIQUEID=XFFDAPPT|
RECORD=46|LINENO= 771|OWNERPARTID= -42|OWNERINDEX= 770|
RECORD=48|LINENO= 772|OWNERPARTID= -42|OWNERINDEX= 770|
RECORD=17|LINENO= 773|OWNERPARTID=   0|OWNERINDEX= -42|FONTID=2|LOCATION.X=720|LOCATION.Y=200|ORIENTATION=3|SHOWNETNAME=T|STYLE=1|TEXT=GND|UNIQUEID=BOVJFDSP|
RECORD=22|LINENO= 774|OWNERPARTID=   0|OWNERINDEX= -42|ISACTIVE=T|LOCATION.X=650|LOCATION.Y=220|ORIENTATION=1|SUPPRESSALL=T|SYMBOL=Thin Cross|UNIQUEID=AHQAYWSJ|
RECORD=22|LINENO= 775|OWNERPARTID=   0|OWNERINDEX= -42|ISACTIVE=T|LOCATION.X=660|LOCATION.Y=220|ORIENTATION=1|SUPPRESSALL=T|SYMBOL=Thin Cross|UNIQUEID=KWPDWLHR|
RECORD=17|LINENO= 776|OWNERPARTID=   0|OWNERINDEX= -42|FONTID=2|LOCATION.X=560|LOCATION.Y=470|ORIENTATION=1|SHOWNETNAME=T|STYLE=2|TEXT=3V3_STLINK|UNIQUEID=PKWALHVU|
RECORD= 1|LINENO= 777|OWNERPARTID=   0|OWNERINDEX= -42|ALLPINCOUNT=16|AREACOLOR=11599871|CURRENTPARTID=1|DESIGNITEMID=HEADER_2X8|DISPLAYMODECOUNT=1|ISMIRRORED=T|LIBREFERENCE=HEADER_2X8|LOCATION.X=140|LOCATION.Y=560|ORIENTATION=1|PARTCOUNT=2|PARTIDLOCKED=F|SOURCELIBRARYNAME=Connector.SchLib|TARGETFILENAME=*|UNIQUEID=WUKNWXXK|
RECORD= 2|LINENO= 778|OWNERPARTID=   2|OWNERINDEX= 777|DESIGNATOR=2|ELECTRICAL=4|FORMALTYPE=1|LOCATION.X=170|LOCATION.Y=530|NAME=2|PINCONGLOMERATE=49|PINLENGTH=10|SWAPIDPIN=2|
RECORD=41|LINENO= 779|OWNERPARTID=   0|OWNERINDEX= 778|FONTID=1|ISHIDDEN=T|LOCATION.X=170|LOCATION.Y=530|NAME=PinUniqueId|TEXT=RUSNYAQW|UNIQUEID=CPKWDWFG|
RECORD= 2|LINENO= 780|OWNERPARTID=   2|OWNERINDEX= 777|DESIGNATOR=4|ELECTRICAL=4|FORMALTYPE=1|LOCATION.X=160|LOCATION.Y=530|NAME=4|PINCONGLOMERATE=49|PINLENGTH=10|SWAPIDPIN=4|
RECORD=41|LINENO= 781|OWNERPARTID=   0|OWNERINDEX= 780|FONTID=1|ISHIDDEN=T|LOCATION.X=160|LOCATION.Y=530|NAME=PinUniqueId|TEXT=TBEQGREX|UNIQUEID=OWSKENUT|
RECORD= 2|LINENO= 782|OWNERPARTID=   2|OWNERINDEX= 777|DESIGNATOR=6|ELECTRICAL=4|FORMALTYPE=1|LOCATION.X=150|LOCATION.Y=530|NAME=6|PINCONGLOMERATE=49|PINLENGTH=10|SWAPIDPIN=6|
RECORD=41|LINENO= 783|OWNERPARTID=   0|OWNERINDEX= 782|FONTID=1|ISHIDDEN=T|LOCATION.X=150|LOCATION.Y=530|NAME=PinUniqueId|TEXT=EJHDWJKP|UNIQUEID=AJBGDXIX|
RECORD=12|LINENO= 784|OWNERPARTID=   2|OWNERINDEX= 777|ENDANGLE=360.000|LINEWIDTH=1|LOCATION.X=160|LOCATION.Y=525|RADIUS=3|
RECORD=12|LINENO= 785|OWNERPARTID=   2|OWNERINDEX= 777|ENDANGLE=360.000|LINEWIDTH=1|LOCATION.X=150|LOCATION.Y=525|RADIUS=3|
RECORD= 6|LINENO= 786|OWNERPARTID=   2|OWNERINDEX= 777|LINEWIDTH=1|LOCATIONCOUNT=4|X1=175|X2=175|X3=95|X4=95|Y1=520|Y2=530|Y3=530|Y4=520|
RECORD= 6|LINENO= 787|OWNERPARTID=   2|OWNERINDEX= 777|LINEWIDTH=1|LOCATIONCOUNT=2|X1=160|X2=160|Y1=528|Y2=530|
RECORD= 6|LINENO= 788|OWNERPARTID=   2|OWNERINDEX= 777|LINEWIDTH=1|LOCATIONCOUNT=2|X1=150|X2=150|Y1=528|Y2=531|
RECORD= 2|LINENO= 789|OWNERPARTID=   2|OWNERINDEX= 777|DESIGNATOR=8|ELECTRICAL=4|FORMALTYPE=1|LOCATION.X=140|LOCATION.Y=530|NAME=8|PINCONGLOMERATE=49|PINLENGTH=10|SWAPIDPIN=8|
RECORD=41|LINENO= 790|OWNERPARTID=   0|OWNERINDEX= 789|FONTID=1|ISHIDDEN=T|LOCATION.X=140|LOCATION.Y=530|NAME=PinUniqueId|TEXT=MCYKXPJB|UNIQUEID=IAFNMPAQ|
RECORD=12|LINENO= 791|OWNERPARTID=   2|OWNERINDEX= 777|ENDANGLE=360.000|LINEWIDTH=1|LOCATION.X=140|LOCATION.Y=525|RADIUS=3|
RECORD= 6|LINENO= 792|OWNERPARTID=   2|OWNERINDEX= 777|LINEWIDTH=1|LOCATIONCOUNT=2|X1=140|X2=140|Y1=528|Y2=531|
RECORD= 2|LINENO= 793|OWNERPARTID=   2|OWNERINDEX= 777|DESIGNATOR=10|ELECTRICAL=4|FORMALTYPE=1|LOCATION.X=130|LOCATION.Y=530|NAME=10|PINCONGLOMERATE=49|PINLENGTH=10|SWAPIDPIN=10|
RECORD=41|LINENO= 794|OWNERPARTID=   0|OWNERINDEX= 793|FONTID=1|ISHIDDEN=T|LOCATION.X=130|LOCATION.Y=530|NAME=PinUniqueId|TEXT=MXDNWAVB|UNIQUEID=OJKXKYGA|
RECORD=12|LINENO= 795|OWNERPARTID=   2|OWNERINDEX= 777|ENDANGLE=360.000|LINEWIDTH=1|LOCATION.X=130|LOCATION.Y=525|RADIUS=3|
RECORD= 6|LINENO= 796|OWNERPARTID=   2|OWNERINDEX= 777|LINEWIDTH=1|LOCATIONCOUNT=2|X1=130|X2=130|Y1=528|Y2=531|
RECORD= 2|LINENO= 797|OWNERPARTID=   2|OWNERINDEX= 777|DESIGNATOR=12|ELECTRICAL=4|FORMALTYPE=1|LOCATION.X=120|LOCATION.Y=530|NAME=12|PINCONGLOMERATE=49|PINLENGTH=10|SWAPIDPIN=12|
RECORD=41|LINENO= 798|OWNERPARTID=   0|OWNERINDEX= 797|FONTID=1|ISHIDDEN=T|LOCATION.X=120|LOCATION.Y=530|NAME=PinUniqueId|TEXT=MJFCCFHY|UNIQUEID=VOBFBDTW|
RECORD=12|LINENO= 799|OWNERPARTID=   2|OWNERINDEX= 777|ENDANGLE=360.000|LINEWIDTH=1|LOCATION.X=120|LOCATION.Y=525|RADIUS=3|
RECORD= 6|LINENO= 800|OWNERPARTID=   2|OWNERINDEX= 777|LINEWIDTH=1|LOCATIONCOUNT=2|X1=120|X2=120|Y1=528|Y2=531|
RECORD= 2|LINENO= 801|OWNERPARTID=   2|OWNERINDEX= 777|DESIGNATOR=1|ELECTRICAL=4|FORMALTYPE=1|LOCATION.X=170|LOCATION.Y=510|NAME=1|PINCONGLOMERATE=51|PINLENGTH=10|SWAPIDPIN=1|
RECORD=41|LINENO= 802|OWNERPARTID=   0|OWNERINDEX= 801|FONTID=1|ISHIDDEN=T|LOCATION.X=170|LOCATION.Y=510|NAME=PinUniqueId|TEXT=ODHFGGXT|UNIQUEID=RLNPNKGY|
RECORD= 2|LINENO= 803|OWNERPARTID=   2|OWNERINDEX= 777|DESIGNATOR=3|ELECTRICAL=4|FORMALTYPE=1|LOCATION.X=160|LOCATION.Y=510|NAME=3|PINCONGLOMERATE=51|PINLENGTH=10|SWAPIDPIN=3|
RECORD=41|LINENO= 804|OWNERPARTID=   0|OWNERINDEX= 803|FONTID=1|ISHIDDEN=T|LOCATION.X=160|LOCATION.Y=510|NAME=PinUniqueId|TEXT=LPXJHWLS|UNIQUEID=XFUTKWSC|
RECORD= 2|LINENO= 805|OWNERPARTID=   2|OWNERINDEX= 777|DESIGNATOR=5|ELECTRICAL=4|FORMALTYPE=1|LOCATION.X=150|LOCATION.Y=510|NAME=5|PINCONGLOMERATE=51|PINLENGTH=10|SWAPIDPIN=5|
RECORD=41|LINENO= 806|OWNERPARTID=   0|OWNERINDEX= 805|FONTID=1|ISHIDDEN=T|LOCATION.X=150|LOCATION.Y=510|NAME=PinUniqueId|TEXT=ORSQTTVA|UNIQUEID=HWLYQMMU|
RECORD=12|LINENO= 807|OWNERPARTID=   2|OWNERINDEX= 777|ENDANGLE=360.000|LINEWIDTH=1|LOCATION.X=160|LOCATION.Y=515|RADIUS=3|
RECORD=12|LINENO= 808|OWNERPARTID=   2|OWNERINDEX= 777|ENDANGLE=360.000|LINEWIDTH=1|LOCATION.X=150|LOCATION.Y=515|RADIUS=3|
RECORD= 6|LINENO= 809|OWNERPARTID=   2|OWNERINDEX= 777|LINEWIDTH=1|LOCATIONCOUNT=4|X1=175|X2=175|X3=95|X4=95|Y1=520|Y2=510|Y3=510|Y4=520|
RECORD= 6|LINENO= 810|OWNERPARTID=   2|OWNERINDEX= 777|LINEWIDTH=1|LOCATIONCOUNT=2|X1=160|X2=160|Y1=512|Y2=510|
RECORD= 6|LINENO= 811|OWNERPARTID=   2|OWNERINDEX= 777|LINEWIDTH=1|LOCATIONCOUNT=2|X1=150|X2=150|Y1=512|Y2=509|
RECORD= 2|LINENO= 812|OWNERPARTID=   2|OWNERINDEX= 777|DESIGNATOR=7|ELECTRICAL=4|FORMALTYPE=1|LOCATION.X=140|LOCATION.Y=510|NAME=7|PINCONGLOMERATE=51|PINLENGTH=10|SWAPIDPIN=7|
RECORD=41|LINENO= 813|OWNERPARTID=   0|OWNERINDEX= 812|FONTID=1|ISHIDDEN=T|LOCATION.X=140|LOCATION.Y=510|NAME=PinUniqueId|TEXT=LDGQHFME|UNIQUEID=NYHPICIH|
RECORD=12|LINENO= 814|OWNERPARTID=   2|OWNERINDEX= 777|ENDANGLE=360.000|LINEWIDTH=1|LOCATION.X=140|LOCATION.Y=515|RADIUS=3|
RECORD= 6|LINENO= 815|OWNERPARTID=   2|OWNERINDEX= 777|LINEWIDTH=1|LOCATIONCOUNT=2|X1=140|X2=140|Y1=512|Y2=509|
RECORD= 2|LINENO= 816|OWNERPARTID=   2|OWNERINDEX= 777|DESIGNATOR=9|ELECTRICAL=4|FORMALTYPE=1|LOCATION.X=130|LOCATION.Y=510|NAME=9|PINCONGLOMERATE=51|PINLENGTH=10|SWAPIDPIN=9|
RECORD=41|LINENO= 817|OWNERPARTID=   0|OWNERINDEX= 816|FONTID=1|ISHIDDEN=T|LOCATION.X=130|LOCATION.Y=510|NAME=PinUniqueId|TEXT=FOVSIITB|UNIQUEID=WKSFUIWP|
RECORD=12|LINENO= 818|OWNERPARTID=   2|OWNERINDEX= 777|ENDANGLE=360.000|LINEWIDTH=1|LOCATION.X=130|LOCATION.Y=515|RADIUS=3|
RECORD= 6|LINENO= 819|OWNERPARTID=   2|OWNERINDEX= 777|LINEWIDTH=1|LOCATIONCOUNT=2|X1=130|X2=130|Y1=512|Y2=509|
RECORD= 2|LINENO= 820|OWNERPARTID=   2|OWNERINDEX= 777|DESIGNATOR=11|ELECTRICAL=4|FORMALTYPE=1|LOCATION.X=120|LOCATION.Y=510|NAME=11|PINCONGLOMERATE=51|PINLENGTH=10|SWAPIDPIN=11|
RECORD=41|LINENO= 821|OWNERPARTID=   0|OWNERINDEX= 820|FONTID=1|ISHIDDEN=T|LOCATION.X=120|LOCATION.Y=510|NAME=PinUniqueId|TEXT=WXFHJXVL|UNIQUEID=MQMFJKUJ|
RECORD=12|LINENO= 822|OWNERPARTID=   2|OWNERINDEX= 777|ENDANGLE=360.000|LINEWIDTH=1|LOCATION.X=120|LOCATION.Y=515|RADIUS=3|
RECORD= 6|LINENO= 823|OWNERPARTID=   2|OWNERINDEX= 777|LINEWIDTH=1|LOCATIONCOUNT=2|X1=120|X2=120|Y1=512|Y2=509|
RECORD= 6|LINENO= 824|OWNERPARTID=   2|OWNERINDEX= 777|LINEWIDTH=1|LOCATIONCOUNT=2|X1=170|X2=170|Y1=512|Y2=510|
RECORD=12|LINENO= 825|OWNERPARTID=   2|OWNERINDEX= 777|ENDANGLE=360.000|LINEWIDTH=1|LOCATION.X=170|LOCATION.Y=515|RADIUS=3|
RECORD= 6|LINENO= 826|OWNERPARTID=   2|OWNERINDEX= 777|LINEWIDTH=1|LOCATIONCOUNT=6|X1=173|X2=173|X3=167|X4=167|X5=173|X6=173|Y1=515|Y2=518|Y3=518|Y4=512|Y5=512|Y6=515|
RECORD=12|LINENO= 827|OWNERPARTID=   2|OWNERINDEX= 777|ENDANGLE=360.000|LINEWIDTH=1|LOCATION.X=170|LOCATION.Y=525|RADIUS=3|
RECORD= 6|LINENO= 828|OWNERPARTID=   2|OWNERINDEX= 777|LINEWIDTH=1|LOCATIONCOUNT=2|X1=170|X2=170|Y1=528|Y2=530|
RECORD= 2|LINENO= 829|OWNERPARTID=   2|OWNERINDEX= 777|DESIGNATOR=14|ELECTRICAL=4|FORMALTYPE=1|LOCATION.X=110|LOCATION.Y=530|NAME=14|PINCONGLOMERATE=49|PINLENGTH=10|SWAPIDPIN=14|
RECORD=41|LINENO= 830|OWNERPARTID=   0|OWNERINDEX= 829|FONTID=1|ISHIDDEN=T|LOCATION.X=110|LOCATION.Y=530|NAME=PinUniqueId|TEXT=PQDBPVRV|UNIQUEID=XMSVPJGJ|
RECORD=12|LINENO= 831|OWNERPARTID=   2|OWNERINDEX= 777|ENDANGLE=360.000|LINEWIDTH=1|LOCATION.X=110|LOCATION.Y=525|RADIUS=3|
RECORD= 6|LINENO= 832|OWNERPARTID=   2|OWNERINDEX= 777|LINEWIDTH=1|LOCATIONCOUNT=2|X1=110|X2=110|Y1=528|Y2=531|
RECORD= 2|LINENO= 833|OWNERPARTID=   2|OWNERINDEX= 777|DESIGNATOR=13|ELECTRICAL=4|FORMALTYPE=1|LOCATION.X=110|LOCATION.Y=510|NAME=13|PINCONGLOMERATE=51|PINLENGTH=10|SWAPIDPIN=13|
RECORD=41|LINENO= 834|OWNERPARTID=   0|OWNERINDEX= 833|FONTID=1|ISHIDDEN=T|LOCATION.X=110|LOCATION.Y=510|NAME=PinUniqueId|TEXT=DHIGKWPN|UNIQUEID=STLOGKEA|
RECORD=12|LINENO= 835|OWNERPARTID=   2|OWNERINDEX= 777|ENDANGLE=360.000|LINEWIDTH=1|LOCATION.X=110|LOCATION.Y=515|RADIUS=3|
RECORD= 6|LINENO= 836|OWNERPARTID=   2|OWNERINDEX= 777|LINEWIDTH=1|LOCATIONCOUNT=2|X1=110|X2=110|Y1=512|Y2=509|
RECORD= 2|LINENO= 837|OWNERPARTID=   2|OWNERINDEX= 777|DESIGNATOR=16|ELECTRICAL=4|FORMALTYPE=1|LOCATION.X=100|LOCATION.Y=530|NAME=16|PINCONGLOMERATE=49|PINLENGTH=10|SWAPIDPIN=16|
RECORD=41|LINENO= 838|OWNERPARTID=   0|OWNERINDEX= 837|FONTID=1|ISHIDDEN=T|LOCATION.X=100|LOCATION.Y=530|NAME=PinUniqueId|TEXT=UUALRJXF|UNIQUEID=EQJKMFYO|
RECORD=12|LINENO= 839|OWNERPARTID=   2|OWNERINDEX= 777|ENDANGLE=360.000|LINEWIDTH=1|LOCATION.X=100|LOCATION.Y=525|RADIUS=3|
RECORD= 6|LINENO= 840|OWNERPARTID=   2|OWNERINDEX= 777|LINEWIDTH=1|LOCATIONCOUNT=2|X1=100|X2=100|Y1=528|Y2=531|
RECORD= 2|LINENO= 841|OWNERPARTID=   2|OWNERINDEX= 777|DESIGNATOR=15|ELECTRICAL=4|FORMALTYPE=1|LOCATION.X=100|LOCATION.Y=510|NAME=15|PINCONGLOMERATE=51|PINLENGTH=10|SWAPIDPIN=15|
RECORD=41|LINENO= 842|OWNERPARTID=   0|OWNERINDEX= 841|FONTID=1|ISHIDDEN=T|LOCATION.X=100|LOCATION.Y=510|NAME=PinUniqueId|TEXT=EDHMBBCM|UNIQUEID=TXKCDMAE|
RECORD=12|LINENO= 843|OWNERPARTID=   2|OWNERINDEX= 777|ENDANGLE=360.000|LINEWIDTH=1|LOCATION.X=100|LOCATION.Y=515|RADIUS=3|
RECORD= 6|LINENO= 844|OWNERPARTID=   2|OWNERINDEX= 777|LINEWIDTH=1|LOCATIONCOUNT=2|X1=100|X2=100|Y1=512|Y2=509|
RECORD=34|LINENO= 845|OWNERPARTID=   0|OWNERINDEX= 777|FONTID=1|ISMIRRORED=T|LOCATION.X=178|LOCATION.Y=518|NAME=Designator|TEXT=JP5|UNIQUEID=FQRHYHMC|
RECORD=41|LINENO= 846|OWNERPARTID=   0|OWNERINDEX= 777|FONTID=1|ISHIDDEN=T|ISMIRRORED=T|LOCATION.X=35|LOCATION.Y=514|NAME=Comment|TEXT=HEADER_2X8|UNIQUEID=BKATDGBF|
RECORD=44|LINENO= 847|OWNERPARTID= -42|OWNERINDEX= 777|
RECORD=45|LINENO= 848|OWNERPARTID= -42|OWNERINDEX= 847|DATAFILECOUNT=1|DESCRIPTION=2x8x2.54 Header TH V Female|MODELDATAFILEENTITY0=Header F 2x8x2.54 TH V|MODELDATAFILEKIND0=PCBLib|MODELNAME=Header F 2x8x2.54 TH V|MODELTYPE=PCBLIB|UNIQUEID=BVJRHAKO|
RECORD=46|LINENO= 849|OWNERPARTID= -42|OWNERINDEX= 848|
RECORD=48|LINENO= 850|OWNERPARTID= -42|OWNERINDEX= 848|
RECORD=45|LINENO= 851|OWNERPARTID= -42|OWNERINDEX= 847|DATAFILECOUNT=1|DESCRIPTION=2x8x2.54 Header TH V Male|ISCURRENT=T|MODELDATAFILEENTITY0=Header M 2x8x2.54 TH V|MODELDATAFILEKIND0=PCBLib|MODELNAME=Header M 2x8x2.54 TH V|MODELTYPE=PCBLIB|UNIQUEID=VGDINMUE|
RECORD=46|LINENO= 852|OWNERPARTID= -42|OWNERINDEX= 851|
RECORD=48|LINENO= 853|OWNERPARTID= -42|OWNERINDEX= 851|
RECORD=17|LINENO= 854|OWNERPARTID=   0|OWNERINDEX= -42|FONTID=1|LOCATION.X=180|LOCATION.Y=560|SHOWNETNAME=T|STYLE=1|TEXT=GND|UNIQUEID=WILYGNVN|
RECORD=17|LINENO= 855|OWNERPARTID=   0|OWNERINDEX= -42|FONTID=1|LOCATION.X=180|LOCATION.Y=480|SHOWNETNAME=T|STYLE=1|TEXT=GND|UNIQUEID=LTFYMAJB|
RECORD=17|LINENO= 856|OWNERPARTID=   0|OWNERINDEX= -42|FONTID=1|LOCATION.X=90|LOCATION.Y=480|ORIENTATION=2|SHOWNETNAME=T|STYLE=2|TEXT=VDD|UNIQUEID=NGJTKCFB|
RECORD=25|LINENO= 857|OWNERPARTID=   0|OWNERINDEX= -42|FONTID=8|LOCATION.X=810|LOCATION.Y=370|TEXT=STLK_SWDIO|UNIQUEID=VHVBAGVT|
RECORD=25|LINENO= 858|OWNERPARTID=   0|OWNERINDEX= -42|FONTID=8|LOCATION.X=810|LOCATION.Y=290|TEXT=T_SWCLK|UNIQUEID=DJMMLSMI|
RECORD=17|LINENO= 859|OWNERPARTID=   0|OWNERINDEX= -42|FONTID=1|LOCATION.X=80|LOCATION.Y=560|ORIENTATION=2|SHOWNETNAME=T|STYLE=2|TEXT=T_VDD|UNIQUEID=WNYENXMB|
RECORD= 1|LINENO= 860|OWNERPARTID=   0|OWNERINDEX= -42|ALLPINCOUNT=2|AREACOLOR=11599871|COMPONENTDESCRIPTION=Solder Jumper|CURRENTPARTID=1|DESIGNITEMID=Strap2|DISPLAYMODECOUNT=1|LIBREFERENCE=Strap2|LOCATION.X=630|LOCATION.Y=590|NOTUSEDBTABLENAME=T|PARTCOUNT=2|PARTIDLOCKED=F|SOURCELIBRARYNAME=Lib3D_Altium10_Schlib.SchLib|TARGETFILENAME=*|UNIQUEID=TTNWSHBD|
RECORD=41|LINENO= 861|OWNERPARTID=   0|OWNERINDEX= 860|FONTID=1|ISHIDDEN=T|LOCATION.X=608|LOCATION.Y=585|NAME=Published|TEXT=24-Mar-1999|UNIQUEID=QQRSRWBF|
RECORD=41|LINENO= 862|OWNERPARTID=   0|OWNERINDEX= 860|FONTID=1|ISHIDDEN=T|LOCATION.X=608|LOCATION.Y=585|NAME=Revision|TEXT=July-2002: Re-released for DXP Platform.|UNIQUEID=AMYOFKGE|
RECORD=41|LINENO= 863|OWNERPARTID=   0|OWNERINDEX= 860|FONTID=1|ISHIDDEN=T|LOCATION.X=608|LOCATION.Y=585|NAME=Publisher|TEXT=Altium Limited|UNIQUEID=NDDEFWSI|
RECORD=41|LINENO= 864|OWNERPARTID=   0|OWNERINDEX= 860|FONTID=1|ISHIDDEN=T|LOCATION.X=608|LOCATION.Y=567|NAME=Solder|TEXT=YES|UNIQUEID=FODNVJBJ|
RECORD= 2|LINENO= 865|OWNERPARTID=   2|OWNERINDEX= 860|DESIGNATOR=1|ELECTRICAL=4|FORMALTYPE=1|LOCATION.X=630|LOCATION.Y=580|NAME=1|PINCONGLOMERATE=34|PINLENGTH=10|
RECORD=41|LINENO= 866|OWNERPARTID=   0|OWNERINDEX= 865|FONTID=1|ISHIDDEN=T|LOCATION.X=630|LOCATION.Y=580|NAME=PinUniqueId|TEXT=QBISGKAE|UNIQUEID=HIBBCCEV|
RECORD= 2|LINENO= 867|OWNERPARTID=   2|OWNERINDEX= 860|DESIGNATOR=2|ELECTRICAL=4|FORMALTYPE=1|LOCATION.X=650|LOCATION.Y=580|NAME=2|PINCONGLOMERATE=32|PINLENGTH=10|
RECORD=41|LINENO= 868|OWNERPARTID=   0|OWNERINDEX= 867|FONTID=1|ISHIDDEN=T|LOCATION.X=650|LOCATION.Y=580|NAME=PinUniqueId|TEXT=UGUHWHKA|UNIQUEID=GXOEKEPX|
RECORD= 7|LINENO= 869|OWNERPARTID=   2|OWNERINDEX= 860|AREACOLOR=65535|ISSOLID=T|LINEWIDTH=1|LOCATIONCOUNT=6|X1=650|X2=650|X3=645|X4=640|X5=645|X6=650|Y1=580|Y2=575|Y3=575|Y4=580|Y5=585|Y6=585|
RECORD= 7|LINENO= 870|OWNERPARTID=   2|OWNERINDEX= 860|AREACOLOR=65535|ISSOLID=T|LINEWIDTH=1|LOCATIONCOUNT=5|X1=630|X2=630|X3=641|X4=636|X5=641|Y1=585|Y2=575|Y3=575|Y4=580|Y5=585|
RECORD=34|LINENO= 871|OWNERPARTID=   0|OWNERINDEX= 860|FONTID=1|LOCATION.X=629|LOCATION.Y=586|NAME=Designator|TEXT=SB36|UNIQUEID=OJUXUUAW|
RECORD=41|LINENO= 872|OWNERPARTID=   0|OWNERINDEX= 860|FONTID=1|LOCATION.X=650|LOCATION.Y=570|NAME=Comment|TEXT=Close|UNIQUEID=NKMOJSVR|
RECORD=44|LINENO= 873|OWNERPARTID= -42|OWNERINDEX= 860|
RECORD=45|LINENO= 874|OWNERPARTID= -42|OWNERINDEX= 873|DATAFILECOUNT=1|MODELDATAFILEENTITY0=SB|MODELDATAFILEKIND0=PCBLib|MODELNAME=SB|MODELTYPE=PCBLIB|UNIQUEID=KHHUXPIP|
RECORD=46|LINENO= 875|OWNERPARTID= -42|OWNERINDEX= 874|
RECORD=48|LINENO= 876|OWNERPARTID= -42|OWNERINDEX= 874|
RECORD=45|LINENO= 877|OWNERPARTID= -42|OWNERINDEX= 873|DATAFILECOUNT=1|ISCURRENT=T|MODELDATAFILEENTITY0=SB-tiny|MODELDATAFILEKIND0=PCBLib|MODELNAME=SB-tiny|MODELTYPE=PCBLIB|UNIQUEID=SBDSIOLL|
RECORD=46|LINENO= 878|OWNERPARTID= -42|OWNERINDEX= 877|
RECORD=48|LINENO= 879|OWNERPARTID= -42|OWNERINDEX= 877|
RECORD=25|LINENO= 880|OWNERPARTID=   0|OWNERINDEX= -42|FONTID=11|LOCATION.X=710|LOCATION.Y=470|ORIENTATION=1|TEXT=PWR_EXT|UNIQUEID=FDAEQYDG|
RECORD=25|LINENO= 881|OWNERPARTID=   0|OWNERINDEX= -42|FONTID=8|LOCATION.X=480|LOCATION.Y=330|TEXT=STLK_RST|UNIQUEID=BMQVPXOM|
RECORD= 1|LINENO= 882|OWNERPARTID=   0|OWNERINDEX= -42|ALLPINCOUNT=6|AREACOLOR=11599871|CURRENTPARTID=1|DESIGNITEMID=USBLC6-2|DISPLAYMODECOUNT=1|ISMIRRORED=T|LIBRARYPATH=*|LIBREFERENCE=USBLC6-2|LOCATION.X=1070|LOCATION.Y=470|PARTCOUNT=2|PARTIDLOCKED=T|SOURCELIBRARYNAME=Active.SchLib|TARGETFILENAME=*|UNIQUEID=WLOBWLID|
RECORD= 2|LINENO= 883|OWNERPARTID=   2|OWNERINDEX= 882|DESIGNATOR=1|ELECTRICAL=4|FORMALTYPE=1|LOCATION.X=1070|LOCATION.Y=460|NAME=1|PINCONGLOMERATE=48|PINLENGTH=10|
RECORD=41|LINENO= 884|OWNERPARTID=   0|OWNERINDEX= 883|FONTID=1|ISHIDDEN=T|LOCATION.X=1070|LOCATION.Y=460|NAME=PinUniqueId|TEXT=SEYIWXCO|UNIQUEID=EJRGYWNU|
RECORD= 2|LINENO= 885|OWNERPARTID=   2|OWNERINDEX= 882|DESIGNATOR=3|ELECTRICAL=4|FORMALTYPE=1|LOCATION.X=1070|LOCATION.Y=450|NAME=3|PINCONGLOMERATE=48|PINLENGTH=10|
RECORD=41|LINENO= 886|OWNERPARTID=   0|OWNERINDEX= 885|FONTID=1|ISHIDDEN=T|LOCATION.X=1070|LOCATION.Y=450|NAME=PinUniqueId|TEXT=MRHDTPQN|UNIQUEID=FXYTTIUB|
RECORD= 2|LINENO= 887|OWNERPARTID=   2|OWNERINDEX= 882|DESIGNATOR=4|ELECTRICAL=4|FORMALTYPE=1|LOCATION.X=1010|LOCATION.Y=450|NAME=4|PINCONGLOMERATE=50|PINLENGTH=10|
RECORD=41|LINENO= 888|OWNERPARTID=   0|OWNERINDEX= 887|FONTID=1|ISHIDDEN=T|LOCATION.X=1010|LOCATION.Y=450|NAME=PinUniqueId|TEXT=TUQVHTFS|UNIQUEID=KCOPRNEQ|
RECORD= 2|LINENO= 889|OWNERPARTID=   2|OWNERINDEX= 882|DESIGNATOR=5|ELECTRICAL=4|FORMALTYPE=1|LOCATION.X=1040|LOCATION.Y=490|NAME=5|PINCONGLOMERATE=49|PINLENGTH=10|
RECORD=41|LINENO= 890|OWNERPARTID=   0|OWNERINDEX= 889|FONTID=1|ISHIDDEN=T|LOCATION.X=1040|LOCATION.Y=490|NAME=PinUniqueId|TEXT=UNSGHYJQ|UNIQUEID=PPRLVHWS|
RECORD= 2|LINENO= 891|OWNERPARTID=   2|OWNERINDEX= 882|DESIGNATOR=6|ELECTRICAL=4|FORMALTYPE=1|LOCATION.X=1010|LOCATION.Y=460|NAME=6|PINCONGLOMERATE=50|PINLENGTH=10|
RECORD=41|LINENO= 892|OWNERPARTID=   0|OWNERINDEX= 891|FONTID=1|ISHIDDEN=T|LOCATION.X=1010|LOCATION.Y=460|NAME=PinUniqueId|TEXT=XFHLQEXE|UNIQUEID=RLKJNVUS|
RECORD= 6|LINENO= 893|OWNERPARTID=   2|OWNERINDEX= 882|LINEWIDTH=1|LOCATIONCOUNT=4|X1=1060|X2=1060|X3=1020|X4=1020|Y1=430|Y2=480|Y3=480|Y4=430|
RECORD= 6|LINENO= 894|OWNERPARTID=   2|OWNERINDEX= 882|LINEWIDTH=1|LOCATIONCOUNT=2|X1=1040|X2=1040|Y1=420|Y2=490|
RECORD= 6|LINENO= 895|OWNERPARTID=   2|OWNERINDEX= 882|LINEWIDTH=1|LOCATIONCOUNT=2|X1=1070|X2=1010|Y1=460|Y2=460|
RECORD= 6|LINENO= 896|OWNERPARTID=   2|OWNERINDEX= 882|LINEWIDTH=1|LOCATIONCOUNT=2|X1=1070|X2=1010|Y1=450|Y2=450|
RECORD=11|LINENO= 897|OWNERPARTID=   2|OWNERINDEX= 882|ENDANGLE=162.705|LINEWIDTH=2|LOCATION.X=1040|LOCATION.Y=480|RADIUS=1|RADIUS_FRAC=27630|SECONDARYRADIUS=1|SECONDARYRADIUS_FRAC=27038|STARTANGLE=173.206|
RECORD= 6|LINENO= 898|OWNERPARTID=   2|OWNERINDEX= 882|LINEWIDTH=1|LOCATIONCOUNT=5|X1=1070|X2=1010|X3=1010|X4=1070|X5=1070|Y1=490|Y2=490|Y3=420|Y4=420|Y5=490|
RECORD=11|LINENO= 899|OWNERPARTID=   2|OWNERINDEX= 882|ENDANGLE=162.705|LINEWIDTH=2|LOCATION.X=1040|LOCATION.Y=450|RADIUS=1|RADIUS_FRAC=27630|SECONDARYRADIUS=1|SECONDARYRADIUS_FRAC=27038|STARTANGLE=173.206|
RECORD= 2|LINENO= 900|OWNERPARTID=   2|OWNERINDEX= 882|DESIGNATOR=2|ELECTRICAL=4|FORMALTYPE=1|LOCATION.X=1040|LOCATION.Y=420|NAME=2|PINCONGLOMERATE=51|PINLENGTH=10|
RECORD=41|LINENO= 901|OWNERPARTID=   0|OWNERINDEX= 900|FONTID=1|ISHIDDEN=T|LOCATION.X=1040|LOCATION.Y=420|NAME=PinUniqueId|TEXT=DWSDMHWE|UNIQUEID=TMLQQDOI|
RECORD= 7|LINENO= 902|OWNERPARTID=   2|OWNERINDEX= 882|AREACOLOR=16711680|ISSOLID=T|LINEWIDTH=1|LOCATIONCOUNT=3|X1=1066|X2=1060|X3=1054|Y1=470|Y2=475|Y3=470|
RECORD=11|LINENO= 903|OWNERPARTID=   2|OWNERINDEX= 882|ENDANGLE=162.705|LINEWIDTH=2|LOCATION.X=1060|LOCATION.Y=460|RADIUS=1|RADIUS_FRAC=27630|SECONDARYRADIUS=1|SECONDARYRADIUS_FRAC=27038|STARTANGLE=173.206|
RECORD= 7|LINENO= 904|OWNERPARTID=   2|OWNERINDEX= 882|AREACOLOR=16711680|ISSOLID=T|LINEWIDTH=1|LOCATIONCOUNT=4|X1=1065|X2=1065|X3=1055|X4=1055|Y1=475|Y2=476|Y3=476|Y4=475|
RECORD= 7|LINENO= 905|OWNERPARTID=   2|OWNERINDEX= 882|AREACOLOR=16711680|ISSOLID=T|LINEWIDTH=1|LOCATIONCOUNT=3|X1=1066|X2=1060|X3=1054|Y1=440|Y2=445|Y3=440|
RECORD= 7|LINENO= 906|OWNERPARTID=   2|OWNERINDEX= 882|AREACOLOR=16711680|ISSOLID=T|LINEWIDTH=1|LOCATIONCOUNT=4|X1=1065|X2=1065|X3=1055|X4=1055|Y1=445|Y2=446|Y3=446|Y4=445|
RECORD= 7|LINENO= 907|OWNERPARTID=   2|OWNERINDEX= 882|AREACOLOR=16711680|ISSOLID=T|LINEWIDTH=1|LOCATIONCOUNT=3|X1=1046|X2=1040|X3=1034|Y1=440|Y2=445|Y3=440|
RECORD= 7|LINENO= 908|OWNERPARTID=   2|OWNERINDEX= 882|AREACOLOR=16711680|ISSOLID=T|LINEWIDTH=1|LOCATIONCOUNT=4|X1=1045|X2=1045|X3=1035|X4=1035|Y1=445|Y2=446|Y3=446|Y4=445|
RECORD= 7|LINENO= 909|OWNERPARTID=   2|OWNERINDEX= 882|AREACOLOR=16711680|ISSOLID=T|LINEWIDTH=1|LOCATIONCOUNT=3|X1=1046|X2=1040|X3=1034|Y1=470|Y2=475|Y3=470|
RECORD= 7|LINENO= 910|OWNERPARTID=   2|OWNERINDEX= 882|AREACOLOR=16711680|ISSOLID=T|LINEWIDTH=1|LOCATIONCOUNT=4|X1=1045|X2=1045|X3=1035|X4=1035|Y1=475|Y2=476|Y3=476|Y4=475|
RECORD= 7|LINENO= 911|OWNERPARTID=   2|OWNERINDEX= 882|AREACOLOR=16711680|ISSOLID=T|LINEWIDTH=1|LOCATIONCOUNT=3|X1=1026|X2=1020|X3=1014|Y1=440|Y2=445|Y3=440|
RECORD= 7|LINENO= 912|OWNERPARTID=   2|OWNERINDEX= 882|AREACOLOR=16711680|ISSOLID=T|LINEWIDTH=1|LOCATIONCOUNT=4|X1=1025|X2=1025|X3=1015|X4=1015|Y1=445|Y2=446|Y3=446|Y4=445|
RECORD= 6|LINENO= 913|OWNERPARTID=   2|OWNERINDEX= 882|LINEWIDTH=1|LOCATIONCOUNT=2|X1=1060|X2=1020|Y1=430|Y2=430|
RECORD=11|LINENO= 914|OWNERPARTID=   2|OWNERINDEX= 882|ENDANGLE=162.705|LINEWIDTH=2|LOCATION.X=1040|LOCATION.Y=450|RADIUS=1|RADIUS_FRAC=27630|SECONDARYRADIUS=1|SECONDARYRADIUS_FRAC=27038|STARTANGLE=173.206|
RECORD=11|LINENO= 915|OWNERPARTID=   2|OWNERINDEX= 882|ENDANGLE=162.705|LINEWIDTH=2|LOCATION.X=1040|LOCATION.Y=430|RADIUS=1|RADIUS_FRAC=27630|SECONDARYRADIUS=1|SECONDARYRADIUS_FRAC=27038|STARTANGLE=173.206|
RECORD=34|LINENO= 916|OWNERPARTID=   0|OWNERINDEX= 882|FONTID=1|ISMIRRORED=T|LOCATION.X=1050|LOCATION.X_FRAC=1|LOCATION.Y=489|LOCATION.Y_FRAC=99994|NAME=Designator|TEXT=U9|UNIQUEID=XLAQWAAY|
RECORD=41|LINENO= 917|OWNERPARTID=   0|OWNERINDEX= 882|FONTID=1|ISMIRRORED=T|LOCATION.X=980|LOCATION.X_FRAC=1|LOCATION.Y=409|LOCATION.Y_FRAC=99994|NAME=Comment|TEXT=USBLC6-2SC6|UNIQUEID=YTYQIJKV|
RECORD=44|LINENO= 918|OWNERPARTID= -42|OWNERINDEX= 882|
RECORD=45|LINENO= 919|OWNERPARTID= -42|OWNERINDEX= 918|DATAFILECOUNT=1|ISCURRENT=T|MODELDATAFILEENTITY0=SOT23-6|MODELDATAFILEKIND0=PCBLib|MODELNAME=SOT23-6|MODELTYPE=PCBLIB|UNIQUEID=QBYFFALK|
RECORD=46|LINENO= 920|OWNERPARTID= -42|OWNERINDEX= 919|
RECORD=48|LINENO= 921|OWNERPARTID= -42|OWNERINDEX= 919|
RECORD=17|LINENO= 922|OWNERPARTID=   0|OWNERINDEX= -42|FONTID=2|LOCATION.X=1040|LOCATION.Y=410|ORIENTATION=3|SHOWNETNAME=T|STYLE=1|TEXT=GND|UNIQUEID=QHVCWCBO|
RECORD=17|LINENO= 923|OWNERPARTID=   0|OWNERINDEX= -42|FONTID=2|LOCATION.X=1040|LOCATION.Y=500|ORIENTATION=1|SHOWNETNAME=T|STYLE=2|TEXT=5V_USB_STLINK|UNIQUEID=MLRNBOQD|
RECORD= 1|LINENO= 924|OWNERPARTID=   0|OWNERINDEX= -42|ALLPINCOUNT=6|AREACOLOR=11599871|CURRENTPARTID=1|DESIGNITEMID=HEADER_1X6|DISPLAYMODECOUNT=1|ISMIRRORED=T|LIBREFERENCE=HEADER_1X6|LOCATION.X=860|LOCATION.Y=670|PARTCOUNT=2|PARTIDLOCKED=F|SOURCELIBRARYNAME=Connector.SchLib|TARGETFILENAME=*|UNIQUEID=JMXUWSVA|
RECORD= 2|LINENO= 925|OWNERPARTID=   2|OWNERINDEX= 924|DESIGNATOR=1|ELECTRICAL=4|FORMALTYPE=1|LOCATION.X=880|LOCATION.Y=700|NAME=1|PINCONGLOMERATE=50|PINLENGTH=10|SWAPIDPIN=1|
RECORD=41|LINENO= 926|OWNERPARTID=   0|OWNERINDEX= 925|FONTID=1|ISHIDDEN=T|LOCATION.X=880|LOCATION.Y=700|NAME=PinUniqueId|TEXT=SOPQXVDG|UNIQUEID=JGBEVCLL|
RECORD= 2|LINENO= 927|OWNERPARTID=   2|OWNERINDEX= 924|DESIGNATOR=2|ELECTRICAL=4|FORMALTYPE=1|LOCATION.X=880|LOCATION.Y=690|NAME=2|PINCONGLOMERATE=50|PINLENGTH=10|SWAPIDPIN=2|
RECORD=41|LINENO= 928|OWNERPARTID=   0|OWNERINDEX= 927|FONTID=1|ISHIDDEN=T|LOCATION.X=880|LOCATION.Y=690|NAME=PinUniqueId|TEXT=SYXEYBIJ|UNIQUEID=UCVRYSWX|
RECORD= 2|LINENO= 929|OWNERPARTID=   2|OWNERINDEX= 924|DESIGNATOR=3|ELECTRICAL=4|FORMALTYPE=1|LOCATION.X=880|LOCATION.Y=680|NAME=3|PINCONGLOMERATE=50|PINLENGTH=10|SWAPIDPIN=3|
RECORD=41|LINENO= 930|OWNERPARTID=   0|OWNERINDEX= 929|FONTID=1|ISHIDDEN=T|LOCATION.X=880|LOCATION.Y=680|NAME=PinUniqueId|TEXT=JOLQNECW|UNIQUEID=RLTVKWLW|
RECORD=12|LINENO= 931|OWNERPARTID=   2|OWNERINDEX= 924|ENDANGLE=360.000|LINEWIDTH=1|LOCATION.X=885|LOCATION.Y=690|RADIUS=3|
RECORD=12|LINENO= 932|OWNERPARTID=   2|OWNERINDEX= 924|ENDANGLE=360.000|LINEWIDTH=1|LOCATION.X=885|LOCATION.Y=680|RADIUS=3|
RECORD= 6|LINENO= 933|OWNERPARTID=   2|OWNERINDEX= 924|LINEWIDTH=1|LOCATIONCOUNT=4|X1=890|X2=880|X3=880|X4=890|Y1=705|Y2=705|Y3=645|Y4=645|
RECORD= 6|LINENO= 934|OWNERPARTID=   2|OWNERINDEX= 924|LINEWIDTH=1|LOCATIONCOUNT=2|X1=882|X2=880|Y1=690|Y2=690|
RECORD= 6|LINENO= 935|OWNERPARTID=   2|OWNERINDEX= 924|LINEWIDTH=1|LOCATIONCOUNT=2|X1=882|X2=879|Y1=680|Y2=680|
RECORD= 6|LINENO= 936|OWNERPARTID=   2|OWNERINDEX= 924|LINEWIDTH=1|LOCATIONCOUNT=2|X1=890|X2=890|Y1=705|Y2=645|
RECORD= 2|LINENO= 937|OWNERPARTID=   2|OWNERINDEX= 924|DESIGNATOR=4|ELECTRICAL=4|FORMALTYPE=1|LOCATION.X=880|LOCATION.Y=670|NAME=4|PINCONGLOMERATE=50|PINLENGTH=10|SWAPIDPIN=4|
RECORD=41|LINENO= 938|OWNERPARTID=   0|OWNERINDEX= 937|FONTID=1|ISHIDDEN=T|LOCATION.X=880|LOCATION.Y=670|NAME=PinUniqueId|TEXT=XTGDYJHE|UNIQUEID=DXDGSAHE|
RECORD=12|LINENO= 939|OWNERPARTID=   2|OWNERINDEX= 924|ENDANGLE=360.000|LINEWIDTH=1|LOCATION.X=885|LOCATION.Y=670|RADIUS=3|
RECORD= 6|LINENO= 940|OWNERPARTID=   2|OWNERINDEX= 924|LINEWIDTH=1|LOCATIONCOUNT=2|X1=882|X2=879|Y1=670|Y2=670|
RECORD= 2|LINENO= 941|OWNERPARTID=   2|OWNERINDEX= 924|DESIGNATOR=5|ELECTRICAL=4|FORMALTYPE=1|LOCATION.X=880|LOCATION.Y=660|NAME=5|PINCONGLOMERATE=50|PINLENGTH=10|SWAPIDPIN=5|
RECORD=41|LINENO= 942|OWNERPARTID=   0|OWNERINDEX= 941|FONTID=1|ISHIDDEN=T|LOCATION.X=880|LOCATION.Y=660|NAME=PinUniqueId|TEXT=JINWFTLA|UNIQUEID=LBUXYOLJ|
RECORD=12|LINENO= 943|OWNERPARTID=   2|OWNERINDEX= 924|ENDANGLE=360.000|LINEWIDTH=1|LOCATION.X=885|LOCATION.Y=660|RADIUS=3|
RECORD= 6|LINENO= 944|OWNERPARTID=   2|OWNERINDEX= 924|LINEWIDTH=1|LOCATIONCOUNT=2|X1=882|X2=879|Y1=660|Y2=660|
RECORD= 2|LINENO= 945|OWNERPARTID=   2|OWNERINDEX= 924|DESIGNATOR=6|ELECTRICAL=4|FORMALTYPE=1|LOCATION.X=880|LOCATION.Y=650|NAME=6|PINCONGLOMERATE=50|PINLENGTH=10|SWAPIDPIN=6|
RECORD=41|LINENO= 946|OWNERPARTID=   0|OWNERINDEX= 945|FONTID=1|ISHIDDEN=T|LOCATION.X=880|LOCATION.Y=650|NAME=PinUniqueId|TEXT=LQOLNEPV|UNIQUEID=RXFEOGIV|
RECORD=12|LINENO= 947|OWNERPARTID=   2|OWNERINDEX= 924|ENDANGLE=360.000|LINEWIDTH=1|LOCATION.X=885|LOCATION.Y=650|RADIUS=3|
RECORD= 6|LINENO= 948|OWNERPARTID=   2|OWNERINDEX= 924|LINEWIDTH=1|LOCATIONCOUNT=2|X1=882|X2=879|Y1=650|Y2=650|
RECORD= 6|LINENO= 949|OWNERPARTID=   2|OWNERINDEX= 924|LINEWIDTH=1|LOCATIONCOUNT=2|X1=882|X2=880|Y1=700|Y2=700|
RECORD=12|LINENO= 950|OWNERPARTID=   2|OWNERINDEX= 924|ENDANGLE=360.000|LINEWIDTH=1|LOCATION.X=885|LOCATION.Y=700|RADIUS=3|
RECORD= 6|LINENO= 951|OWNERPARTID=   2|OWNERINDEX= 924|LINEWIDTH=1|LOCATIONCOUNT=6|X1=885|X2=888|X3=888|X4=882|X5=882|X6=885|Y1=703|Y2=703|Y3=697|Y4=697|Y5=703|Y6=703|
RECORD=41|LINENO= 952|OWNERPARTID=   0|OWNERINDEX= 924|FONTID=1|LOCATION.X=905|LOCATION.Y=711|NAME=Fitted|TEXT=Not Fitted|UNIQUEID=NXWFCRCP|
RECORD=34|LINENO= 953|OWNERPARTID=   0|OWNERINDEX= 924|FONTID=1|ISMIRRORED=T|LOCATION.X=878|LOCATION.Y=706|NAME=Designator|TEXT=CN13|UNIQUEID=ISUPTUCU|
RECORD=41|LINENO= 954|OWNERPARTID=   0|OWNERINDEX= 924|FONTID=1|ISMIRRORED=T|LOCATION.X=880|LOCATION.Y=720|NAME=Comment|TEXT=HEADER_1X6|UNIQUEID=UIJYNMWP|
RECORD=44|LINENO= 955|OWNERPARTID= -42|OWNERINDEX= 924|
RECORD=45|LINENO= 956|OWNERPARTID= -42|OWNERINDEX= 955|DATAFILECOUNT=1|DESCRIPTION=1x6x2.54 Header TH V Female|MODELDATAFILEENTITY0=Header F 1x6x2.54 TH V|MODELDATAFILEKIND0=PCBLib|MODELNAME=Header F 1x6x2.54 TH V|MODELTYPE=PCBLIB|UNIQUEID=LDMTCAGG|
RECORD=46|LINENO= 957|OWNERPARTID= -42|OWNERINDEX= 956|
RECORD=48|LINENO= 958|OWNERPARTID= -42|OWNERINDEX= 956|
RECORD=45|LINENO= 959|OWNERPARTID= -42|OWNERINDEX= 955|DATAFILECOUNT=1|DESCRIPTION=1x6x2.54 Header TH V Male|MODELDATAFILEENTITY0=Header M 1x6x2.54 TH V|MODELDATAFILEKIND0=PCBLib|MODELNAME=Header M 1x6x2.54 TH V|MODELTYPE=PCBLIB|UNIQUEID=IEHYWOEO|
RECORD=46|LINENO= 960|OWNERPARTID= -42|OWNERINDEX= 959|
RECORD=48|LINENO= 961|OWNERPARTID= -42|OWNERINDEX= 959|
RECORD=45|LINENO= 962|OWNERPARTID= -42|OWNERINDEX= 955|DATAFILECOUNT=1|DESCRIPTION=1x6x2.54 Header TH Not Fitted|ISCURRENT=T|MODELDATAFILEENTITY0=Header NF 1x6x2.54 TH|MODELDATAFILEKIND0=PCBLib|MODELNAME=Header NF 1x6x2.54 TH|MODELTYPE=PCBLIB|UNIQUEID=PDRCFLMB|
RECORD=46|LINENO= 963|OWNERPARTID= -42|OWNERINDEX= 962|
RECORD=48|LINENO= 964|OWNERPARTID= -42|OWNERINDEX= 962|
RECORD=45|LINENO= 965|OWNERPARTID= -42|OWNERINDEX= 955|DATAFILECOUNT=1|DESCRIPTION=1x6x2.54 Header TH Male Coude|MODELDATAFILEENTITY0=Header M 1x6x2.54 TH C|MODELDATAFILEKIND0=PCBLib|MODELNAME=Header M 1x6x2.54 TH C|MODELTYPE=PCBLIB|UNIQUEID=KBHPXOXH|
RECORD=46|LINENO= 966|OWNERPARTID= -42|OWNERINDEX= 965|
RECORD=48|LINENO= 967|OWNERPARTID= -42|OWNERINDEX= 965|
RECORD= 4|LINENO= 968|OWNERPARTID=   0|OWNERINDEX= -42|FONTID=3|LOCATION.X=891|LOCATION.Y=675|TEXT=SWDIO|
RECORD= 4|LINENO= 969|OWNERPARTID=   0|OWNERINDEX= -42|FONTID=3|LOCATION.X=891|LOCATION.Y=666|TEXT=SWCLK|
RECORD= 4|LINENO= 970|OWNERPARTID=   0|OWNERINDEX= -42|FONTID=3|LOCATION.X=892|LOCATION.Y=656|TEXT=SWO|
RECORD= 4|LINENO= 971|OWNERPARTID=   0|OWNERINDEX= -42|FONTID=3|LOCATION.X=891|LOCATION.Y=685|TEXT=NRST|
RECORD= 4|LINENO= 972|OWNERPARTID=   0|OWNERINDEX= -42|FONTID=3|LOCATION.X=892|LOCATION.Y=646|TEXT=VREF|
RECORD= 4|LINENO= 973|OWNERPARTID=   0|OWNERINDEX= -42|FONTID=3|LOCATION.X=891|LOCATION.Y=695|TEXT=GND|
RECORD=22|LINENO= 974|OWNERPARTID=   0|OWNERINDEX= -42|ISACTIVE=T|LOCATION.X=870|LOCATION.Y=660|ORIENTATION=1|SUPPRESSALL=T|SYMBOL=Thin Cross|UNIQUEID=BGUDLNYY|
RECORD=22|LINENO= 975|OWNERPARTID=   0|OWNERINDEX= -42|ISACTIVE=T|LOCATION.X=640|LOCATION.Y=450|ORIENTATION=1|SUPPRESSALL=T|SYMBOL=Thin Cross|UNIQUEID=SSCWYSWM|
RECORD=22|LINENO= 976|OWNERPARTID=   0|OWNERINDEX= -42|ISACTIVE=T|LOCATION.X=650|LOCATION.Y=450|ORIENTATION=1|SUPPRESSALL=T|SYMBOL=Thin Cross|UNIQUEID=ISAVRMVU|
RECORD=22|LINENO= 977|OWNERPARTID=   0|OWNERINDEX= -42|ISACTIVE=T|LOCATION.X=670|LOCATION.Y=450|ORIENTATION=1|SUPPRESSALL=T|SYMBOL=Thin Cross|UNIQUEID=WTNUFKSU|
RECORD=22|LINENO= 978|OWNERPARTID=   0|OWNERINDEX= -42|ISACTIVE=T|LOCATION.X=680|LOCATION.Y=450|ORIENTATION=1|SUPPRESSALL=T|SYMBOL=Thin Cross|UNIQUEID=HETQLUBC|
RECORD=22|LINENO= 979|OWNERPARTID=   0|OWNERINDEX= -42|ISACTIVE=T|LOCATION.X=690|LOCATION.Y=450|ORIENTATION=1|SUPPRESSALL=T|SYMBOL=Thin Cross|UNIQUEID=ARRFYQLH|
RECORD= 1|LINENO= 980|OWNERPARTID=   0|OWNERINDEX= -42|ALLPINCOUNT=2|AREACOLOR=11599871|COMPONENTDESCRIPTION=Capacitor_not polarized|CURRENTPARTID=1|DESIGNITEMID=CAP_NPOL|DISPLAYMODECOUNT=1|LIBREFERENCE=CAP_NPOL|LOCATION.X=260|LOCATION.Y=690|ORIENTATION=1|PARTCOUNT=2|PARTIDLOCKED=F|SOURCELIBRARYNAME=ST_Lib3D.SchLib|TARGETFILENAME=*|UNIQUEID=XWIWRNNU|
RECORD= 2|LINENO= 981|OWNERPARTID=   2|OWNERINDEX= 980|%UTF8%SWAPIDPART=Â¦&Â¦|DESIGNATOR=2|ELECTRICAL=4|FORMALTYPE=1|LOCATION.X=273|LOCATION.Y=700|NAME=2|PINCONGLOMERATE=32|PINLENGTH=7|SWAPIDPART=Ž&Ž|SWAPIDPIN=2|
RECORD=41|LINENO= 982|OWNERPARTID=   0|OWNERINDEX= 981|FONTID=1|ISHIDDEN=T|LOCATION.X=273|LOCATION.Y=700|NAME=PinUniqueId|TEXT=NXBXLKMM|UNIQUEID=GQOMRHGI|
RECORD= 2|LINENO= 983|OWNERPARTID=   2|OWNERINDEX= 980|%UTF8%SWAPIDPART=Â¦&Â¦|DESIGNATOR=1|ELECTRICAL=4|FORMALTYPE=1|LOCATION.X=266|LOCATION.Y=700|NAME=1|PINCONGLOMERATE=34|PINLENGTH=6|SWAPIDPART=Ž&Ž|SWAPIDPIN=1|
RECORD=41|LINENO= 984|OWNERPARTID=   0|OWNERINDEX= 983|FONTID=1|ISHIDDEN=T|LOCATION.X=266|LOCATION.Y=700|NAME=PinUniqueId|TEXT=FXIGQBPU|UNIQUEID=OOKCFCVP|
RECORD= 6|LINENO= 985|OWNERPARTID=   2|OWNERINDEX= 980|LINEWIDTH=1|LOCATIONCOUNT=6|X1=266|X2=266|X3=268|X4=268|X5=266|X6=266|Y1=700|Y2=707|Y3=707|Y4=693|Y5=693|Y6=700|
RECORD= 6|LINENO= 986|OWNERPARTID=   2|OWNERINDEX= 980|LINEWIDTH=1|LOCATIONCOUNT=6|X1=271|X2=271|X3=273|X4=273|X5=271|X6=271|Y1=700|Y2=707|Y3=707|Y4=693|Y5=693|Y6=700|
RECORD= 6|LINENO= 987|OWNERPARTID=   2|OWNERINDEX= 980|LINEWIDTH=2|LOCATIONCOUNT=2|X1=267|X2=267|Y1=706|Y2=694|
RECORD= 6|LINENO= 988|OWNERPARTID=   2|OWNERINDEX= 980|LINEWIDTH=2|LOCATIONCOUNT=2|X1=272|X2=272|Y1=694|Y2=706|
RECORD=34|LINENO= 989|OWNERPARTID=   0|OWNERINDEX= 980|FONTID=1|LOCATION.X=264|LOCATION.Y=709|NAME=Designator|TEXT=C42|UNIQUEID=GAXPKOWP|
RECORD=41|LINENO= 990|OWNERPARTID=   0|OWNERINDEX= 980|FONTID=1|LOCATION.X=264|LOCATION.Y=681|NAME=Comment|TEXT=100nF|UNIQUEID=IYWDGMHX|
RECORD=44|LINENO= 991|OWNERPARTID= -42|OWNERINDEX= 980|
RECORD=45|LINENO= 992|OWNERPARTID= -42|OWNERINDEX= 991|DATAFILECOUNT=1|DESCRIPTION=Radial Capacitor 2steps(5.08mm) 2.5mm x 7mm|MODELDATAFILEENTITY0=CAP_RAD_5.08_2.5x7|MODELDATAFILEKIND0=PCBLib|MODELNAME=CAP_RAD_5.08_2.5x7|MODELTYPE=PCBLIB|UNIQUEID=YLDLLHJQ|
RECORD=46|LINENO= 993|OWNERPARTID= -42|OWNERINDEX= 992|
RECORD=48|LINENO= 994|OWNERPARTID= -42|OWNERINDEX= 992|
RECORD=45|LINENO= 995|OWNERPARTID= -42|OWNERINDEX= 991|DATAFILECOUNT=1|DESCRIPTION=Radial Capacitor 1steps(2.54mm) 1.5mm x 4.5mm|MODELDATAFILEENTITY0=CAP_RAD_2.54_1.5x4.5|MODELDATAFILEKIND0=PCBLib|MODELNAME=CAP_RAD_2.54_1.5x4.5|MODELTYPE=PCBLIB|UNIQUEID=YMQIOXUP|
RECORD=46|LINENO= 996|OWNERPARTID= -42|OWNERINDEX= 995|
RECORD=48|LINENO= 997|OWNERPARTID= -42|OWNERINDEX= 995|
RECORD=45|LINENO= 998|OWNERPARTID= -42|OWNERINDEX= 991|DATAFILECOUNT=1|DESCRIPTION=Capacitor FootPrint 0402|ISCURRENT=T|MODELDATAFILEENTITY0=0402_CAP_NPOL|MODELDATAFILEKIND0=PCBLib|MODELNAME=0402_CAP_NPOL|MODELTYPE=PCBLIB|UNIQUEID=HSBGCSWV|
RECORD=46|LINENO= 999|OWNERPARTID= -42|OWNERINDEX= 998|
RECORD=48|LINENO=1000|OWNERPARTID= -42|OWNERINDEX= 998|
RECORD=45|LINENO=1001|OWNERPARTID= -42|OWNERINDEX= 991|DATAFILECOUNT=1|DESCRIPTION=Capacitor FootPrint 0603|MODELDATAFILEENTITY0=0603_CAP_NPOL|MODELDATAFILEKIND0=PCBLib|MODELNAME=0603_CAP_NPOL|MODELTYPE=PCBLIB|UNIQUEID=OKDDFYQP|
RECORD=46|LINENO=1002|OWNERPARTID= -42|OWNERINDEX=1001|
RECORD=48|LINENO=1003|OWNERPARTID= -42|OWNERINDEX=1001|
RECORD=45|LINENO=1004|OWNERPARTID= -42|OWNERINDEX= 991|DATAFILECOUNT=1|DESCRIPTION=Capacitor FootPrint 0805|MODELDATAFILEENTITY0=0805_CAP_NPOL|MODELDATAFILEKIND0=PCBLib|MODELNAME=0805_CAP_NPOL|MODELTYPE=PCBLIB|UNIQUEID=KIAUWHGG|
RECORD=46|LINENO=1005|OWNERPARTID= -42|OWNERINDEX=1004|
RECORD=48|LINENO=1006|OWNERPARTID= -42|OWNERINDEX=1004|
RECORD=45|LINENO=1007|OWNERPARTID= -42|OWNERINDEX= 991|DATAFILECOUNT=1|DESCRIPTION=Capacitor FootPrint 1206|MODELDATAFILEENTITY0=1206_CAP_NPOL|MODELDATAFILEKIND0=PCBLib|MODELNAME=1206_CAP_NPOL|MODELTYPE=PCBLIB|UNIQUEID=QBKKESOX|
RECORD=46|LINENO=1008|OWNERPARTID= -42|OWNERINDEX=1007|
RECORD=48|LINENO=1009|OWNERPARTID= -42|OWNERINDEX=1007|
RECORD= 1|LINENO=1010|OWNERPARTID=   0|OWNERINDEX= -42|ALLPINCOUNT=2|AREACOLOR=11599871|COMPONENTDESCRIPTION=Capacitor_not polarized|CURRENTPARTID=1|DESIGNITEMID=CAP_NPOL|DISPLAYMODECOUNT=1|LIBREFERENCE=CAP_NPOL|LOCATION.X=410|LOCATION.Y=700|ORIENTATION=1|PARTCOUNT=2|PARTIDLOCKED=F|SOURCELIBRARYNAME=ST_Lib3D.SchLib|TARGETFILENAME=*|UNIQUEID=RYHLMLWL|
RECORD= 2|LINENO=1011|OWNERPARTID=   2|OWNERINDEX=1010|%UTF8%SWAPIDPART=Â¦&Â¦|DESIGNATOR=2|ELECTRICAL=4|FORMALTYPE=1|LOCATION.X=423|LOCATION.Y=710|NAME=2|PINCONGLOMERATE=32|PINLENGTH=7|SWAPIDPART=Ž&Ž|SWAPIDPIN=2|
RECORD=41|LINENO=1012|OWNERPARTID=   0|OWNERINDEX=1011|FONTID=1|ISHIDDEN=T|LOCATION.X=423|LOCATION.Y=710|NAME=PinUniqueId|TEXT=JBGAPCSP|UNIQUEID=BJOQJFVU|
RECORD= 2|LINENO=1013|OWNERPARTID=   2|OWNERINDEX=1010|%UTF8%SWAPIDPART=Â¦&Â¦|DESIGNATOR=1|ELECTRICAL=4|FORMALTYPE=1|LOCATION.X=416|LOCATION.Y=710|NAME=1|PINCONGLOMERATE=34|PINLENGTH=6|SWAPIDPART=Ž&Ž|SWAPIDPIN=1|
RECORD=41|LINENO=1014|OWNERPARTID=   0|OWNERINDEX=1013|FONTID=1|ISHIDDEN=T|LOCATION.X=416|LOCATION.Y=710|NAME=PinUniqueId|TEXT=XNQEIUVW|UNIQUEID=NXTFVTRR|
RECORD= 6|LINENO=1015|OWNERPARTID=   2|OWNERINDEX=1010|LINEWIDTH=1|LOCATIONCOUNT=6|X1=416|X2=416|X3=418|X4=418|X5=416|X6=416|Y1=710|Y2=717|Y3=717|Y4=703|Y5=703|Y6=710|
RECORD= 6|LINENO=1016|OWNERPARTID=   2|OWNERINDEX=1010|LINEWIDTH=1|LOCATIONCOUNT=6|X1=421|X2=421|X3=423|X4=423|X5=421|X6=421|Y1=710|Y2=717|Y3=717|Y4=703|Y5=703|Y6=710|
RECORD= 6|LINENO=1017|OWNERPARTID=   2|OWNERINDEX=1010|LINEWIDTH=2|LOCATIONCOUNT=2|X1=417|X2=417|Y1=716|Y2=704|
RECORD= 6|LINENO=1018|OWNERPARTID=   2|OWNERINDEX=1010|LINEWIDTH=2|LOCATIONCOUNT=2|X1=422|X2=422|Y1=704|Y2=716|
RECORD=34|LINENO=1019|OWNERPARTID=   0|OWNERINDEX=1010|FONTID=1|LOCATION.X=414|LOCATION.Y=719|NAME=Designator|TEXT=C41|UNIQUEID=DFQKTNIU|
RECORD=41|LINENO=1020|OWNERPARTID=   0|OWNERINDEX=1010|FONTID=1|LOCATION.X=414|LOCATION.Y=691|NAME=Comment|TEXT=100nF|UNIQUEID=DMTNERDN|
RECORD=44|LINENO=1021|OWNERPARTID= -42|OWNERINDEX=1010|
RECORD=45|LINENO=1022|OWNERPARTID= -42|OWNERINDEX=1021|DATAFILECOUNT=1|DESCRIPTION=Radial Capacitor 2steps(5.08mm) 2.5mm x 7mm|MODELDATAFILEENTITY0=CAP_RAD_5.08_2.5x7|MODELDATAFILEKIND0=PCBLib|MODELNAME=CAP_RAD_5.08_2.5x7|MODELTYPE=PCBLIB|UNIQUEID=LMGSVBQC|
RECORD=46|LINENO=1023|OWNERPARTID= -42|OWNERINDEX=1022|
RECORD=48|LINENO=1024|OWNERPARTID= -42|OWNERINDEX=1022|
RECORD=45|LINENO=1025|OWNERPARTID= -42|OWNERINDEX=1021|DATAFILECOUNT=1|DESCRIPTION=Radial Capacitor 1steps(2.54mm) 1.5mm x 4.5mm|MODELDATAFILEENTITY0=CAP_RAD_2.54_1.5x4.5|MODELDATAFILEKIND0=PCBLib|MODELNAME=CAP_RAD_2.54_1.5x4.5|MODELTYPE=PCBLIB|UNIQUEID=NIOVUQPR|
RECORD=46|LINENO=1026|OWNERPARTID= -42|OWNERINDEX=1025|
RECORD=48|LINENO=1027|OWNERPARTID= -42|OWNERINDEX=1025|
RECORD=45|LINENO=1028|OWNERPARTID= -42|OWNERINDEX=1021|DATAFILECOUNT=1|DESCRIPTION=Capacitor FootPrint 0402|ISCURRENT=T|MODELDATAFILEENTITY0=0402_CAP_NPOL|MODELDATAFILEKIND0=PCBLib|MODELNAME=0402_CAP_NPOL|MODELTYPE=PCBLIB|UNIQUEID=CLGPHHIA|
RECORD=46|LINENO=1029|OWNERPARTID= -42|OWNERINDEX=1028|
RECORD=48|LINENO=1030|OWNERPARTID= -42|OWNERINDEX=1028|
RECORD=45|LINENO=1031|OWNERPARTID= -42|OWNERINDEX=1021|DATAFILECOUNT=1|DESCRIPTION=Capacitor FootPrint 0603|MODELDATAFILEENTITY0=0603_CAP_NPOL|MODELDATAFILEKIND0=PCBLib|MODELNAME=0603_CAP_NPOL|MODELTYPE=PCBLIB|UNIQUEID=SXBIMWTW|
RECORD=46|LINENO=1032|OWNERPARTID= -42|OWNERINDEX=1031|
RECORD=48|LINENO=1033|OWNERPARTID= -42|OWNERINDEX=1031|
RECORD=45|LINENO=1034|OWNERPARTID= -42|OWNERINDEX=1021|DATAFILECOUNT=1|DESCRIPTION=Capacitor FootPrint 0805|MODELDATAFILEENTITY0=0805_CAP_NPOL|MODELDATAFILEKIND0=PCBLib|MODELNAME=0805_CAP_NPOL|MODELTYPE=PCBLIB|UNIQUEID=GGCXEECX|
RECORD=46|LINENO=1035|OWNERPARTID= -42|OWNERINDEX=1034|
RECORD=48|LINENO=1036|OWNERPARTID= -42|OWNERINDEX=1034|
RECORD=45|LINENO=1037|OWNERPARTID= -42|OWNERINDEX=1021|DATAFILECOUNT=1|DESCRIPTION=Capacitor FootPrint 1206|MODELDATAFILEENTITY0=1206_CAP_NPOL|MODELDATAFILEKIND0=PCBLib|MODELNAME=1206_CAP_NPOL|MODELTYPE=PCBLIB|UNIQUEID=PCKQAILF|
RECORD=46|LINENO=1038|OWNERPARTID= -42|OWNERINDEX=1037|
RECORD=48|LINENO=1039|OWNERPARTID= -42|OWNERINDEX=1037|
RECORD= 1|LINENO=1040|OWNERPARTID=   0|OWNERINDEX= -42|ALLPINCOUNT=2|AREACOLOR=11599871|COMPONENTDESCRIPTION=Capacitor_not polarized|CURRENTPARTID=1|DESIGNITEMID=CAP_NPOL|DISPLAYMODECOUNT=1|LIBREFERENCE=CAP_NPOL|LOCATION.X=270|LOCATION.Y=170|ORIENTATION=1|PARTCOUNT=2|PARTIDLOCKED=F|SOURCELIBRARYNAME=ST_Lib3D.SchLib|TARGETFILENAME=*|UNIQUEID=ORRNQJXN|
RECORD= 2|LINENO=1041|OWNERPARTID=   2|OWNERINDEX=1040|%UTF8%SWAPIDPART=Â¦&Â¦|DESIGNATOR=2|ELECTRICAL=4|FORMALTYPE=1|LOCATION.X=283|LOCATION.Y=180|NAME=2|PINCONGLOMERATE=32|PINLENGTH=7|SWAPIDPART=Ž&Ž|SWAPIDPIN=2|
RECORD=41|LINENO=1042|OWNERPARTID=   0|OWNERINDEX=1041|FONTID=1|ISHIDDEN=T|LOCATION.X=283|LOCATION.Y=180|NAME=PinUniqueId|TEXT=NSYRBKAG|UNIQUEID=OCDOHUGJ|
RECORD= 2|LINENO=1043|OWNERPARTID=   2|OWNERINDEX=1040|%UTF8%SWAPIDPART=Â¦&Â¦|DESIGNATOR=1|ELECTRICAL=4|FORMALTYPE=1|LOCATION.X=276|LOCATION.Y=180|NAME=1|PINCONGLOMERATE=34|PINLENGTH=6|SWAPIDPART=Ž&Ž|SWAPIDPIN=1|
RECORD=41|LINENO=1044|OWNERPARTID=   0|OWNERINDEX=1043|FONTID=1|ISHIDDEN=T|LOCATION.X=276|LOCATION.Y=180|NAME=PinUniqueId|TEXT=GUGDUBAD|UNIQUEID=CAPWRKUM|
RECORD= 6|LINENO=1045|OWNERPARTID=   2|OWNERINDEX=1040|LINEWIDTH=1|LOCATIONCOUNT=6|X1=276|X2=276|X3=278|X4=278|X5=276|X6=276|Y1=180|Y2=187|Y3=187|Y4=173|Y5=173|Y6=180|
RECORD= 6|LINENO=1046|OWNERPARTID=   2|OWNERINDEX=1040|LINEWIDTH=1|LOCATIONCOUNT=6|X1=281|X2=281|X3=283|X4=283|X5=281|X6=281|Y1=180|Y2=187|Y3=187|Y4=173|Y5=173|Y6=180|
RECORD= 6|LINENO=1047|OWNERPARTID=   2|OWNERINDEX=1040|LINEWIDTH=2|LOCATIONCOUNT=2|X1=277|X2=277|Y1=186|Y2=174|
RECORD= 6|LINENO=1048|OWNERPARTID=   2|OWNERINDEX=1040|LINEWIDTH=2|LOCATIONCOUNT=2|X1=282|X2=282|Y1=174|Y2=186|
RECORD=34|LINENO=1049|OWNERPARTID=   0|OWNERINDEX=1040|FONTID=1|LOCATION.X=274|LOCATION.Y=189|NAME=Designator|TEXT=C43|UNIQUEID=DNTJSDEX|
RECORD=41|LINENO=1050|OWNERPARTID=   0|OWNERINDEX=1040|FONTID=1|LOCATION.X=274|LOCATION.Y=161|NAME=Comment|TEXT=100nF|UNIQUEID=GBGRTDBP|
RECORD=44|LINENO=1051|OWNERPARTID= -42|OWNERINDEX=1040|
RECORD=45|LINENO=1052|OWNERPARTID= -42|OWNERINDEX=1051|DATAFILECOUNT=1|DESCRIPTION=Radial Capacitor 2steps(5.08mm) 2.5mm x 7mm|MODELDATAFILEENTITY0=CAP_RAD_5.08_2.5x7|MODELDATAFILEKIND0=PCBLib|MODELNAME=CAP_RAD_5.08_2.5x7|MODELTYPE=PCBLIB|UNIQUEID=JIEKJRAS|
RECORD=46|LINENO=1053|OWNERPARTID= -42|OWNERINDEX=1052|
RECORD=48|LINENO=1054|OWNERPARTID= -42|OWNERINDEX=1052|
RECORD=45|LINENO=1055|OWNERPARTID= -42|OWNERINDEX=1051|DATAFILECOUNT=1|DESCRIPTION=Radial Capacitor 1steps(2.54mm) 1.5mm x 4.5mm|MODELDATAFILEENTITY0=CAP_RAD_2.54_1.5x4.5|MODELDATAFILEKIND0=PCBLib|MODELNAME=CAP_RAD_2.54_1.5x4.5|MODELTYPE=PCBLIB|UNIQUEID=ROQTXCPL|
RECORD=46|LINENO=1056|OWNERPARTID= -42|OWNERINDEX=1055|
RECORD=48|LINENO=1057|OWNERPARTID= -42|OWNERINDEX=1055|
RECORD=45|LINENO=1058|OWNERPARTID= -42|OWNERINDEX=1051|DATAFILECOUNT=1|DESCRIPTION=Capacitor FootPrint 0402|ISCURRENT=T|MODELDATAFILEENTITY0=0402_CAP_NPOL|MODELDATAFILEKIND0=PCBLib|MODELNAME=0402_CAP_NPOL|MODELTYPE=PCBLIB|UNIQUEID=VOLWMJIU|
RECORD=46|LINENO=1059|OWNERPARTID= -42|OWNERINDEX=1058|
RECORD=48|LINENO=1060|OWNERPARTID= -42|OWNERINDEX=1058|
RECORD=45|LINENO=1061|OWNERPARTID= -42|OWNERINDEX=1051|DATAFILECOUNT=1|DESCRIPTION=Capacitor FootPrint 0603|MODELDATAFILEENTITY0=0603_CAP_NPOL|MODELDATAFILEKIND0=PCBLib|MODELNAME=0603_CAP_NPOL|MODELTYPE=PCBLIB|UNIQUEID=STAFLELK|
RECORD=46|LINENO=1062|OWNERPARTID= -42|OWNERINDEX=1061|
RECORD=48|LINENO=1063|OWNERPARTID= -42|OWNERINDEX=1061|
RECORD=45|LINENO=1064|OWNERPARTID= -42|OWNERINDEX=1051|DATAFILECOUNT=1|DESCRIPTION=Capacitor FootPrint 0805|MODELDATAFILEENTITY0=0805_CAP_NPOL|MODELDATAFILEKIND0=PCBLib|MODELNAME=0805_CAP_NPOL|MODELTYPE=PCBLIB|UNIQUEID=VKPSUVDG|
RECORD=46|LINENO=1065|OWNERPARTID= -42|OWNERINDEX=1064|
RECORD=48|LINENO=1066|OWNERPARTID= -42|OWNERINDEX=1064|
RECORD=45|LINENO=1067|OWNERPARTID= -42|OWNERINDEX=1051|DATAFILECOUNT=1|DESCRIPTION=Capacitor FootPrint 1206|MODELDATAFILEENTITY0=1206_CAP_NPOL|MODELDATAFILEKIND0=PCBLib|MODELNAME=1206_CAP_NPOL|MODELTYPE=PCBLIB|UNIQUEID=JWXSUXPP|
RECORD=46|LINENO=1068|OWNERPARTID= -42|OWNERINDEX=1067|
RECORD=48|LINENO=1069|OWNERPARTID= -42|OWNERINDEX=1067|
RECORD= 1|LINENO=1070|OWNERPARTID=   0|OWNERINDEX= -42|ALLPINCOUNT=2|AREACOLOR=11599871|COMPONENTDESCRIPTION=Capacitor_not polarized|CURRENTPARTID=1|DESIGNITEMID=CAP_NPOL|DISPLAYMODECOUNT=1|LIBREFERENCE=CAP_NPOL|LOCATION.X=370|LOCATION.Y=300|ORIENTATION=2|PARTCOUNT=2|PARTIDLOCKED=F|SOURCELIBRARYNAME=ST_Lib3D.SchLib|TARGETFILENAME=*|UNIQUEID=SHELXQRR|
RECORD= 2|LINENO=1071|OWNERPARTID=   2|OWNERINDEX=1070|%UTF8%SWAPIDPART=Â¦&Â¦|DESIGNATOR=2|ELECTRICAL=4|FORMALTYPE=1|LOCATION.X=360|LOCATION.Y=313|NAME=2|PINCONGLOMERATE=33|PINLENGTH=7|SWAPIDPART=Ž&Ž|SWAPIDPIN=2|
RECORD=41|LINENO=1072|OWNERPARTID=   0|OWNERINDEX=1071|FONTID=1|ISHIDDEN=T|LOCATION.X=360|LOCATION.Y=313|NAME=PinUniqueId|TEXT=SYSYJJNJ|UNIQUEID=RSQSFTPM|
RECORD= 2|LINENO=1073|OWNERPARTID=   2|OWNERINDEX=1070|%UTF8%SWAPIDPART=Â¦&Â¦|DESIGNATOR=1|ELECTRICAL=4|FORMALTYPE=1|LOCATION.X=360|LOCATION.Y=306|NAME=1|PINCONGLOMERATE=35|PINLENGTH=6|SWAPIDPART=Ž&Ž|SWAPIDPIN=1|
RECORD=41|LINENO=1074|OWNERPARTID=   0|OWNERINDEX=1073|FONTID=1|ISHIDDEN=T|LOCATION.X=360|LOCATION.Y=306|NAME=PinUniqueId|TEXT=VMRJRGWL|UNIQUEID=JYSHJADK|
RECORD= 6|LINENO=1075|OWNERPARTID=   2|OWNERINDEX=1070|LINEWIDTH=1|LOCATIONCOUNT=6|X1=360|X2=353|X3=353|X4=367|X5=367|X6=360|Y1=306|Y2=306|Y3=308|Y4=308|Y5=306|Y6=306|
RECORD= 6|LINENO=1076|OWNERPARTID=   2|OWNERINDEX=1070|LINEWIDTH=1|LOCATIONCOUNT=6|X1=360|X2=353|X3=353|X4=367|X5=367|X6=360|Y1=311|Y2=311|Y3=313|Y4=313|Y5=311|Y6=311|
RECORD= 6|LINENO=1077|OWNERPARTID=   2|OWNERINDEX=1070|LINEWIDTH=2|LOCATIONCOUNT=2|X1=354|X2=366|Y1=307|Y2=307|
RECORD= 6|LINENO=1078|OWNERPARTID=   2|OWNERINDEX=1070|LINEWIDTH=2|LOCATIONCOUNT=2|X1=366|X2=354|Y1=312|Y2=312|
RECORD=34|LINENO=1079|OWNERPARTID=   0|OWNERINDEX=1070|FONTID=1|LOCATION.X=369|LOCATION.Y=305|NAME=Designator|TEXT=C46|UNIQUEID=PQPEOLYV|
RECORD=41|LINENO=1080|OWNERPARTID=   0|OWNERINDEX=1070|FONTID=1|LOCATION.X=369|LOCATION.Y=295|NAME=Comment|TEXT=100nF|UNIQUEID=HCPKPWUN|
RECORD=44|LINENO=1081|OWNERPARTID= -42|OWNERINDEX=1070|
RECORD=45|LINENO=1082|OWNERPARTID= -42|OWNERINDEX=1081|DATAFILECOUNT=1|DESCRIPTION=Radial Capacitor 2steps(5.08mm) 2.5mm x 7mm|MODELDATAFILEENTITY0=CAP_RAD_5.08_2.5x7|MODELDATAFILEKIND0=PCBLib|MODELNAME=CAP_RAD_5.08_2.5x7|MODELTYPE=PCBLIB|UNIQUEID=BUQIGGEW|
RECORD=46|LINENO=1083|OWNERPARTID= -42|OWNERINDEX=1082|
RECORD=48|LINENO=1084|OWNERPARTID= -42|OWNERINDEX=1082|
RECORD=45|LINENO=1085|OWNERPARTID= -42|OWNERINDEX=1081|DATAFILECOUNT=1|DESCRIPTION=Radial Capacitor 1steps(2.54mm) 1.5mm x 4.5mm|MODELDATAFILEENTITY0=CAP_RAD_2.54_1.5x4.5|MODELDATAFILEKIND0=PCBLib|MODELNAME=CAP_RAD_2.54_1.5x4.5|MODELTYPE=PCBLIB|UNIQUEID=HKTOWCPS|
RECORD=46|LINENO=1086|OWNERPARTID= -42|OWNERINDEX=1085|
RECORD=48|LINENO=1087|OWNERPARTID= -42|OWNERINDEX=1085|
RECORD=45|LINENO=1088|OWNERPARTID= -42|OWNERINDEX=1081|DATAFILECOUNT=1|DESCRIPTION=Capacitor FootPrint 0402|ISCURRENT=T|MODELDATAFILEENTITY0=0402_CAP_NPOL|MODELDATAFILEKIND0=PCBLib|MODELNAME=0402_CAP_NPOL|MODELTYPE=PCBLIB|UNIQUEID=LHQUUACK|
RECORD=46|LINENO=1089|OWNERPARTID= -42|OWNERINDEX=1088|
RECORD=48|LINENO=1090|OWNERPARTID= -42|OWNERINDEX=1088|
RECORD=45|LINENO=1091|OWNERPARTID= -42|OWNERINDEX=1081|DATAFILECOUNT=1|DESCRIPTION=Capacitor FootPrint 0603|MODELDATAFILEENTITY0=0603_CAP_NPOL|MODELDATAFILEKIND0=PCBLib|MODELNAME=0603_CAP_NPOL|MODELTYPE=PCBLIB|UNIQUEID=LWVFFQHC|
RECORD=46|LINENO=1092|OWNERPARTID= -42|OWNERINDEX=1091|
RECORD=48|LINENO=1093|OWNERPARTID= -42|OWNERINDEX=1091|
RECORD=45|LINENO=1094|OWNERPARTID= -42|OWNERINDEX=1081|DATAFILECOUNT=1|DESCRIPTION=Capacitor FootPrint 0805|MODELDATAFILEENTITY0=0805_CAP_NPOL|MODELDATAFILEKIND0=PCBLib|MODELNAME=0805_CAP_NPOL|MODELTYPE=PCBLIB|UNIQUEID=PLGKLUGY|
RECORD=46|LINENO=1095|OWNERPARTID= -42|OWNERINDEX=1094|
RECORD=48|LINENO=1096|OWNERPARTID= -42|OWNERINDEX=1094|
RECORD=45|LINENO=1097|OWNERPARTID= -42|OWNERINDEX=1081|DATAFILECOUNT=1|DESCRIPTION=Capacitor FootPrint 1206|MODELDATAFILEENTITY0=1206_CAP_NPOL|MODELDATAFILEKIND0=PCBLib|MODELNAME=1206_CAP_NPOL|MODELTYPE=PCBLIB|UNIQUEID=RYEHLQGR|
RECORD=46|LINENO=1098|OWNERPARTID= -42|OWNERINDEX=1097|
RECORD=48|LINENO=1099|OWNERPARTID= -42|OWNERINDEX=1097|
RECORD= 1|LINENO=1100|OWNERPARTID=   0|OWNERINDEX= -42|ALLPINCOUNT=2|AREACOLOR=11599871|COMPONENTDESCRIPTION=Capacitor_not polarized|CURRENTPARTID=1|DESIGNITEMID=CAP_NPOL|DISPLAYMODECOUNT=1|LIBREFERENCE=CAP_NPOL|LOCATION.X=400|LOCATION.Y=420|PARTCOUNT=2|PARTIDLOCKED=F|SOURCELIBRARYNAME=ST_Lib3D.SchLib|TARGETFILENAME=*|UNIQUEID=CQHXDFUX|
RECORD= 2|LINENO=1101|OWNERPARTID=   2|OWNERINDEX=1100|%UTF8%SWAPIDPART=Â¦&Â¦|DESIGNATOR=2|ELECTRICAL=4|FORMALTYPE=1|LOCATION.X=410|LOCATION.Y=407|NAME=2|PINCONGLOMERATE=35|PINLENGTH=7|SWAPIDPART=Ž&Ž|SWAPIDPIN=2|
RECORD=41|LINENO=1102|OWNERPARTID=   0|OWNERINDEX=1101|FONTID=1|ISHIDDEN=T|LOCATION.X=410|LOCATION.Y=407|NAME=PinUniqueId|TEXT=YWAYDJPY|UNIQUEID=AJFADPVP|
RECORD= 2|LINENO=1103|OWNERPARTID=   2|OWNERINDEX=1100|%UTF8%SWAPIDPART=Â¦&Â¦|DESIGNATOR=1|ELECTRICAL=4|FORMALTYPE=1|LOCATION.X=410|LOCATION.Y=414|NAME=1|PINCONGLOMERATE=33|PINLENGTH=6|SWAPIDPART=Ž&Ž|SWAPIDPIN=1|
RECORD=41|LINENO=1104|OWNERPARTID=   0|OWNERINDEX=1103|FONTID=1|ISHIDDEN=T|LOCATION.X=410|LOCATION.Y=414|NAME=PinUniqueId|TEXT=RFUOIEBE|UNIQUEID=GCDIGXMK|
RECORD= 6|LINENO=1105|OWNERPARTID=   2|OWNERINDEX=1100|LINEWIDTH=1|LOCATIONCOUNT=6|X1=410|X2=417|X3=417|X4=403|X5=403|X6=410|Y1=414|Y2=414|Y3=412|Y4=412|Y5=414|Y6=414|
RECORD= 6|LINENO=1106|OWNERPARTID=   2|OWNERINDEX=1100|LINEWIDTH=1|LOCATIONCOUNT=6|X1=410|X2=417|X3=417|X4=403|X5=403|X6=410|Y1=409|Y2=409|Y3=407|Y4=407|Y5=409|Y6=409|
RECORD= 6|LINENO=1107|OWNERPARTID=   2|OWNERINDEX=1100|LINEWIDTH=2|LOCATIONCOUNT=2|X1=416|X2=404|Y1=413|Y2=413|
RECORD= 6|LINENO=1108|OWNERPARTID=   2|OWNERINDEX=1100|LINEWIDTH=2|LOCATIONCOUNT=2|X1=404|X2=416|Y1=408|Y2=408|
RECORD=34|LINENO=1109|OWNERPARTID=   0|OWNERINDEX=1100|FONTID=1|LOCATION.X=419|LOCATION.Y=406|NAME=Designator|TEXT=C44|UNIQUEID=PLKDQXJF|
RECORD=41|LINENO=1110|OWNERPARTID=   0|OWNERINDEX=1100|FONTID=1|LOCATION.X=413|LOCATION.Y=396|NAME=Comment|TEXT=20pF|UNIQUEID=GIPYIFIJ|
RECORD=44|LINENO=1111|OWNERPARTID= -42|OWNERINDEX=1100|
RECORD=45|LINENO=1112|OWNERPARTID= -42|OWNERINDEX=1111|DATAFILECOUNT=1|DESCRIPTION=Radial Capacitor 2steps(5.08mm) 2.5mm x 7mm|MODELDATAFILEENTITY0=CAP_RAD_5.08_2.5x7|MODELDATAFILEKIND0=PCBLib|MODELNAME=CAP_RAD_5.08_2.5x7|MODELTYPE=PCBLIB|UNIQUEID=SEGQCANF|
RECORD=46|LINENO=1113|OWNERPARTID= -42|OWNERINDEX=1112|
RECORD=48|LINENO=1114|OWNERPARTID= -42|OWNERINDEX=1112|
RECORD=45|LINENO=1115|OWNERPARTID= -42|OWNERINDEX=1111|DATAFILECOUNT=1|DESCRIPTION=Radial Capacitor 1steps(2.54mm) 1.5mm x 4.5mm|MODELDATAFILEENTITY0=CAP_RAD_2.54_1.5x4.5|MODELDATAFILEKIND0=PCBLib|MODELNAME=CAP_RAD_2.54_1.5x4.5|MODELTYPE=PCBLIB|UNIQUEID=YJLNHTMD|
RECORD=46|LINENO=1116|OWNERPARTID= -42|OWNERINDEX=1115|
RECORD=48|LINENO=1117|OWNERPARTID= -42|OWNERINDEX=1115|
RECORD=45|LINENO=1118|OWNERPARTID= -42|OWNERINDEX=1111|DATAFILECOUNT=1|DESCRIPTION=Capacitor FootPrint 0402|ISCURRENT=T|MODELDATAFILEENTITY0=0402_CAP_NPOL|MODELDATAFILEKIND0=PCBLib|MODELNAME=0402_CAP_NPOL|MODELTYPE=PCBLIB|UNIQUEID=HWRAGTHT|
RECORD=46|LINENO=1119|OWNERPARTID= -42|OWNERINDEX=1118|
RECORD=48|LINENO=1120|OWNERPARTID= -42|OWNERINDEX=1118|
RECORD=45|LINENO=1121|OWNERPARTID= -42|OWNERINDEX=1111|DATAFILECOUNT=1|DESCRIPTION=Capacitor FootPrint 0603|MODELDATAFILEENTITY0=0603_CAP_NPOL|MODELDATAFILEKIND0=PCBLib|MODELNAME=0603_CAP_NPOL|MODELTYPE=PCBLIB|UNIQUEID=TFVGWWEG|
RECORD=46|LINENO=1122|OWNERPARTID= -42|OWNERINDEX=1121|
RECORD=48|LINENO=1123|OWNERPARTID= -42|OWNERINDEX=1121|
RECORD=45|LINENO=1124|OWNERPARTID= -42|OWNERINDEX=1111|DATAFILECOUNT=1|DESCRIPTION=Capacitor FootPrint 0805|MODELDATAFILEENTITY0=0805_CAP_NPOL|MODELDATAFILEKIND0=PCBLib|MODELNAME=0805_CAP_NPOL|MODELTYPE=PCBLIB|UNIQUEID=CYWSLMBQ|
RECORD=46|LINENO=1125|OWNERPARTID= -42|OWNERINDEX=1124|
RECORD=48|LINENO=1126|OWNERPARTID= -42|OWNERINDEX=1124|
RECORD=45|LINENO=1127|OWNERPARTID= -42|OWNERINDEX=1111|DATAFILECOUNT=1|DESCRIPTION=Capacitor FootPrint 1206|MODELDATAFILEENTITY0=1206_CAP_NPOL|MODELDATAFILEKIND0=PCBLib|MODELNAME=1206_CAP_NPOL|MODELTYPE=PCBLIB|UNIQUEID=GVTMEVYK|
RECORD=46|LINENO=1128|OWNERPARTID= -42|OWNERINDEX=1127|
RECORD=48|LINENO=1129|OWNERPARTID= -42|OWNERINDEX=1127|
RECORD= 1|LINENO=1130|OWNERPARTID=   0|OWNERINDEX= -42|ALLPINCOUNT=2|AREACOLOR=11599871|COMPONENTDESCRIPTION=Capacitor_not polarized|CURRENTPARTID=1|DESIGNITEMID=CAP_NPOL|DISPLAYMODECOUNT=1|LIBREFERENCE=CAP_NPOL|LOCATION.X=460|LOCATION.Y=420|PARTCOUNT=2|PARTIDLOCKED=F|SOURCELIBRARYNAME=ST_Lib3D.SchLib|TARGETFILENAME=*|UNIQUEID=NDKOFMOD|
RECORD= 2|LINENO=1131|OWNERPARTID=   2|OWNERINDEX=1130|%UTF8%SWAPIDPART=Â¦&Â¦|DESIGNATOR=2|ELECTRICAL=4|FORMALTYPE=1|LOCATION.X=470|LOCATION.Y=407|NAME=2|PINCONGLOMERATE=35|PINLENGTH=7|SWAPIDPART=Ž&Ž|SWAPIDPIN=2|
RECORD=41|LINENO=1132|OWNERPARTID=   0|OWNERINDEX=1131|FONTID=1|ISHIDDEN=T|LOCATION.X=470|LOCATION.Y=407|NAME=PinUniqueId|TEXT=HOLQDUAB|UNIQUEID=CLVCNKYM|
RECORD= 2|LINENO=1133|OWNERPARTID=   2|OWNERINDEX=1130|%UTF8%SWAPIDPART=Â¦&Â¦|DESIGNATOR=1|ELECTRICAL=4|FORMALTYPE=1|LOCATION.X=470|LOCATION.Y=414|NAME=1|PINCONGLOMERATE=33|PINLENGTH=6|SWAPIDPART=Ž&Ž|SWAPIDPIN=1|
RECORD=41|LINENO=1134|OWNERPARTID=   0|OWNERINDEX=1133|FONTID=1|ISHIDDEN=T|LOCATION.X=470|LOCATION.Y=414|NAME=PinUniqueId|TEXT=WTHYAKQH|UNIQUEID=WFEXCSQV|
RECORD= 6|LINENO=1135|OWNERPARTID=   2|OWNERINDEX=1130|LINEWIDTH=1|LOCATIONCOUNT=6|X1=470|X2=477|X3=477|X4=463|X5=463|X6=470|Y1=414|Y2=414|Y3=412|Y4=412|Y5=414|Y6=414|
RECORD= 6|LINENO=1136|OWNERPARTID=   2|OWNERINDEX=1130|LINEWIDTH=1|LOCATIONCOUNT=6|X1=470|X2=477|X3=477|X4=463|X5=463|X6=470|Y1=409|Y2=409|Y3=407|Y4=407|Y5=409|Y6=409|
RECORD= 6|LINENO=1137|OWNERPARTID=   2|OWNERINDEX=1130|LINEWIDTH=2|LOCATIONCOUNT=2|X1=476|X2=464|Y1=413|Y2=413|
RECORD= 6|LINENO=1138|OWNERPARTID=   2|OWNERINDEX=1130|LINEWIDTH=2|LOCATIONCOUNT=2|X1=464|X2=476|Y1=408|Y2=408|
RECORD=34|LINENO=1139|OWNERPARTID=   0|OWNERINDEX=1130|FONTID=1|LOCATION.X=479|LOCATION.Y=406|NAME=Designator|TEXT=C45|UNIQUEID=TYYPYAHD|
RECORD=41|LINENO=1140|OWNERPARTID=   0|OWNERINDEX=1130|FONTID=1|LOCATION.X=473|LOCATION.Y=396|NAME=Comment|TEXT=20pF|UNIQUEID=EOXSSELV|
RECORD=44|LINENO=1141|OWNERPARTID= -42|OWNERINDEX=1130|
RECORD=45|LINENO=1142|OWNERPARTID= -42|OWNERINDEX=1141|DATAFILECOUNT=1|DESCRIPTION=Radial Capacitor 2steps(5.08mm) 2.5mm x 7mm|MODELDATAFILEENTITY0=CAP_RAD_5.08_2.5x7|MODELDATAFILEKIND0=PCBLib|MODELNAME=CAP_RAD_5.08_2.5x7|MODELTYPE=PCBLIB|UNIQUEID=AJIHWSPF|
RECORD=46|LINENO=1143|OWNERPARTID= -42|OWNERINDEX=1142|
RECORD=48|LINENO=1144|OWNERPARTID= -42|OWNERINDEX=1142|
RECORD=45|LINENO=1145|OWNERPARTID= -42|OWNERINDEX=1141|DATAFILECOUNT=1|DESCRIPTION=Radial Capacitor 1steps(2.54mm) 1.5mm x 4.5mm|MODELDATAFILEENTITY0=CAP_RAD_2.54_1.5x4.5|MODELDATAFILEKIND0=PCBLib|MODELNAME=CAP_RAD_2.54_1.5x4.5|MODELTYPE=PCBLIB|UNIQUEID=IXNFRNUV|
RECORD=46|LINENO=1146|OWNERPARTID= -42|OWNERINDEX=1145|
RECORD=48|LINENO=1147|OWNERPARTID= -42|OWNERINDEX=1145|
RECORD=45|LINENO=1148|OWNERPARTID= -42|OWNERINDEX=1141|DATAFILECOUNT=1|DESCRIPTION=Capacitor FootPrint 0402|ISCURRENT=T|MODELDATAFILEENTITY0=0402_CAP_NPOL|MODELDATAFILEKIND0=PCBLib|MODELNAME=0402_CAP_NPOL|MODELTYPE=PCBLIB|UNIQUEID=BHFQUBMP|
RECORD=46|LINENO=1149|OWNERPARTID= -42|OWNERINDEX=1148|
RECORD=48|LINENO=1150|OWNERPARTID= -42|OWNERINDEX=1148|
RECORD=45|LINENO=1151|OWNERPARTID= -42|OWNERINDEX=1141|DATAFILECOUNT=1|DESCRIPTION=Capacitor FootPrint 0603|MODELDATAFILEENTITY0=0603_CAP_NPOL|MODELDATAFILEKIND0=PCBLib|MODELNAME=0603_CAP_NPOL|MODELTYPE=PCBLIB|UNIQUEID=DWFMRHJW|
RECORD=46|LINENO=1152|OWNERPARTID= -42|OWNERINDEX=1151|
RECORD=48|LINENO=1153|OWNERPARTID= -42|OWNERINDEX=1151|
RECORD=45|LINENO=1154|OWNERPARTID= -42|OWNERINDEX=1141|DATAFILECOUNT=1|DESCRIPTION=Capacitor FootPrint 0805|MODELDATAFILEENTITY0=0805_CAP_NPOL|MODELDATAFILEKIND0=PCBLib|MODELNAME=0805_CAP_NPOL|MODELTYPE=PCBLIB|UNIQUEID=LNNGBCET|
RECORD=46|LINENO=1155|OWNERPARTID= -42|OWNERINDEX=1154|
RECORD=48|LINENO=1156|OWNERPARTID= -42|OWNERINDEX=1154|
RECORD=45|LINENO=1157|OWNERPARTID= -42|OWNERINDEX=1141|DATAFILECOUNT=1|DESCRIPTION=Capacitor FootPrint 1206|MODELDATAFILEENTITY0=1206_CAP_NPOL|MODELDATAFILEKIND0=PCBLib|MODELNAME=1206_CAP_NPOL|MODELTYPE=PCBLIB|UNIQUEID=PPVWTREV|
RECORD=46|LINENO=1158|OWNERPARTID= -42|OWNERINDEX=1157|
RECORD=48|LINENO=1159|OWNERPARTID= -42|OWNERINDEX=1157|
RECORD= 1|LINENO=1160|OWNERPARTID=   0|OWNERINDEX= -42|ALLPINCOUNT=2|AREACOLOR=11599871|COMPONENTDESCRIPTION=Capacitor_not polarized|CURRENTPARTID=1|DESIGNITEMID=CAP_NPOL|DISPLAYMODECOUNT=1|LIBREFERENCE=CAP_NPOL|LOCATION.X=940|LOCATION.Y=140|PARTCOUNT=2|PARTIDLOCKED=F|SOURCELIBRARYNAME=ST_Lib3D.SchLib|TARGETFILENAME=*|UNIQUEID=IDCQKAEO|
RECORD= 2|LINENO=1161|OWNERPARTID=   2|OWNERINDEX=1160|%UTF8%SWAPIDPART=Â¦&Â¦|DESIGNATOR=2|ELECTRICAL=4|FORMALTYPE=1|LOCATION.X=950|LOCATION.Y=127|NAME=2|PINCONGLOMERATE=35|PINLENGTH=7|SWAPIDPART=Ž&Ž|SWAPIDPIN=2|
RECORD=41|LINENO=1162|OWNERPARTID=   0|OWNERINDEX=1161|FONTID=1|ISHIDDEN=T|LOCATION.X=950|LOCATION.Y=127|NAME=PinUniqueId|TEXT=MATYCPME|UNIQUEID=CXEGXJRB|
RECORD= 2|LINENO=1163|OWNERPARTID=   2|OWNERINDEX=1160|%UTF8%SWAPIDPART=Â¦&Â¦|DESIGNATOR=1|ELECTRICAL=4|FORMALTYPE=1|LOCATION.X=950|LOCATION.Y=134|NAME=1|PINCONGLOMERATE=33|PINLENGTH=6|SWAPIDPART=Ž&Ž|SWAPIDPIN=1|
RECORD=41|LINENO=1164|OWNERPARTID=   0|OWNERINDEX=1163|FONTID=1|ISHIDDEN=T|LOCATION.X=950|LOCATION.Y=134|NAME=PinUniqueId|TEXT=HYAIRCLY|UNIQUEID=GTHFHPCX|
RECORD= 6|LINENO=1165|OWNERPARTID=   2|OWNERINDEX=1160|LINEWIDTH=1|LOCATIONCOUNT=6|X1=950|X2=957|X3=957|X4=943|X5=943|X6=950|Y1=134|Y2=134|Y3=132|Y4=132|Y5=134|Y6=134|
RECORD= 6|LINENO=1166|OWNERPARTID=   2|OWNERINDEX=1160|LINEWIDTH=1|LOCATIONCOUNT=6|X1=950|X2=957|X3=957|X4=943|X5=943|X6=950|Y1=129|Y2=129|Y3=127|Y4=127|Y5=129|Y6=129|
RECORD= 6|LINENO=1167|OWNERPARTID=   2|OWNERINDEX=1160|LINEWIDTH=2|LOCATIONCOUNT=2|X1=956|X2=944|Y1=133|Y2=133|
RECORD= 6|LINENO=1168|OWNERPARTID=   2|OWNERINDEX=1160|LINEWIDTH=2|LOCATIONCOUNT=2|X1=944|X2=956|Y1=128|Y2=128|
RECORD=34|LINENO=1169|OWNERPARTID=   0|OWNERINDEX=1160|FONTID=1|LOCATION.X=959|LOCATION.Y=126|NAME=Designator|TEXT=C47|UNIQUEID=FLCLQSUC|
RECORD=41|LINENO=1170|OWNERPARTID=   0|OWNERINDEX=1160|FONTID=1|LOCATION.X=953|LOCATION.Y=116|NAME=Comment|TEXT=100nF|UNIQUEID=CHUTQKED|
RECORD=44|LINENO=1171|OWNERPARTID= -42|OWNERINDEX=1160|
RECORD=45|LINENO=1172|OWNERPARTID= -42|OWNERINDEX=1171|DATAFILECOUNT=1|DESCRIPTION=Radial Capacitor 2steps(5.08mm) 2.5mm x 7mm|MODELDATAFILEENTITY0=CAP_RAD_5.08_2.5x7|MODELDATAFILEKIND0=PCBLib|MODELNAME=CAP_RAD_5.08_2.5x7|MODELTYPE=PCBLIB|UNIQUEID=UJAUVFIT|
RECORD=46|LINENO=1173|OWNERPARTID= -42|OWNERINDEX=1172|
RECORD=48|LINENO=1174|OWNERPARTID= -42|OWNERINDEX=1172|
RECORD=45|LINENO=1175|OWNERPARTID= -42|OWNERINDEX=1171|DATAFILECOUNT=1|DESCRIPTION=Radial Capacitor 1steps(2.54mm) 1.5mm x 4.5mm|MODELDATAFILEENTITY0=CAP_RAD_2.54_1.5x4.5|MODELDATAFILEKIND0=PCBLib|MODELNAME=CAP_RAD_2.54_1.5x4.5|MODELTYPE=PCBLIB|UNIQUEID=XXFWWDWK|
RECORD=46|LINENO=1176|OWNERPARTID= -42|OWNERINDEX=1175|
RECORD=48|LINENO=1177|OWNERPARTID= -42|OWNERINDEX=1175|
RECORD=45|LINENO=1178|OWNERPARTID= -42|OWNERINDEX=1171|DATAFILECOUNT=1|DESCRIPTION=Capacitor FootPrint 0402|ISCURRENT=T|MODELDATAFILEENTITY0=0402_CAP_NPOL|MODELDATAFILEKIND0=PCBLib|MODELNAME=0402_CAP_NPOL|MODELTYPE=PCBLIB|UNIQUEID=AUMYAKJQ|
RECORD=46|LINENO=1179|OWNERPARTID= -42|OWNERINDEX=1178|
RECORD=48|LINENO=1180|OWNERPARTID= -42|OWNERINDEX=1178|
RECORD=45|LINENO=1181|OWNERPARTID= -42|OWNERINDEX=1171|DATAFILECOUNT=1|DESCRIPTION=Capacitor FootPrint 0603|MODELDATAFILEENTITY0=0603_CAP_NPOL|MODELDATAFILEKIND0=PCBLib|MODELNAME=0603_CAP_NPOL|MODELTYPE=PCBLIB|UNIQUEID=UUYJCSAW|
RECORD=46|LINENO=1182|OWNERPARTID= -42|OWNERINDEX=1181|
RECORD=48|LINENO=1183|OWNERPARTID= -42|OWNERINDEX=1181|
RECORD=45|LINENO=1184|OWNERPARTID= -42|OWNERINDEX=1171|DATAFILECOUNT=1|DESCRIPTION=Capacitor FootPrint 0805|MODELDATAFILEENTITY0=0805_CAP_NPOL|MODELDATAFILEKIND0=PCBLib|MODELNAME=0805_CAP_NPOL|MODELTYPE=PCBLIB|UNIQUEID=VPUCNYCH|
RECORD=46|LINENO=1185|OWNERPARTID= -42|OWNERINDEX=1184|
RECORD=48|LINENO=1186|OWNERPARTID= -42|OWNERINDEX=1184|
RECORD=45|LINENO=1187|OWNERPARTID= -42|OWNERINDEX=1171|DATAFILECOUNT=1|DESCRIPTION=Capacitor FootPrint 1206|MODELDATAFILEENTITY0=1206_CAP_NPOL|MODELDATAFILEKIND0=PCBLib|MODELNAME=1206_CAP_NPOL|MODELTYPE=PCBLIB|UNIQUEID=YUKANFTN|
RECORD=46|LINENO=1188|OWNERPARTID= -42|OWNERINDEX=1187|
RECORD=48|LINENO=1189|OWNERPARTID= -42|OWNERINDEX=1187|
RECORD= 1|LINENO=1190|OWNERPARTID=   0|OWNERINDEX= -42|ALLPINCOUNT=2|AREACOLOR=11599871|COMPONENTDESCRIPTION=Capacitor_not polarized|CURRENTPARTID=1|DESIGNITEMID=CAP_NPOL|DISPLAYMODECOUNT=1|LIBREFERENCE=CAP_NPOL|LOCATION.X=980|LOCATION.Y=140|PARTCOUNT=2|PARTIDLOCKED=F|SOURCELIBRARYNAME=ST_Lib3D.SchLib|TARGETFILENAME=*|UNIQUEID=CGOBXQHV|
RECORD= 2|LINENO=1191|OWNERPARTID=   2|OWNERINDEX=1190|%UTF8%SWAPIDPART=Â¦&Â¦|DESIGNATOR=2|ELECTRICAL=4|FORMALTYPE=1|LOCATION.X=990|LOCATION.Y=127|NAME=2|PINCONGLOMERATE=35|PINLENGTH=7|SWAPIDPART=Ž&Ž|SWAPIDPIN=2|
RECORD=41|LINENO=1192|OWNERPARTID=   0|OWNERINDEX=1191|FONTID=1|ISHIDDEN=T|LOCATION.X=990|LOCATION.Y=127|NAME=PinUniqueId|TEXT=PXPQOWFN|UNIQUEID=BNMFGSLD|
RECORD= 2|LINENO=1193|OWNERPARTID=   2|OWNERINDEX=1190|%UTF8%SWAPIDPART=Â¦&Â¦|DESIGNATOR=1|ELECTRICAL=4|FORMALTYPE=1|LOCATION.X=990|LOCATION.Y=134|NAME=1|PINCONGLOMERATE=33|PINLENGTH=6|SWAPIDPART=Ž&Ž|SWAPIDPIN=1|
RECORD=41|LINENO=1194|OWNERPARTID=   0|OWNERINDEX=1193|FONTID=1|ISHIDDEN=T|LOCATION.X=990|LOCATION.Y=134|NAME=PinUniqueId|TEXT=ADKGQSMC|UNIQUEID=JBFSKNCQ|
RECORD= 6|LINENO=1195|OWNERPARTID=   2|OWNERINDEX=1190|LINEWIDTH=1|LOCATIONCOUNT=6|X1=990|X2=997|X3=997|X4=983|X5=983|X6=990|Y1=134|Y2=134|Y3=132|Y4=132|Y5=134|Y6=134|
RECORD= 6|LINENO=1196|OWNERPARTID=   2|OWNERINDEX=1190|LINEWIDTH=1|LOCATIONCOUNT=6|X1=990|X2=997|X3=997|X4=983|X5=983|X6=990|Y1=129|Y2=129|Y3=127|Y4=127|Y5=129|Y6=129|
RECORD= 6|LINENO=1197|OWNERPARTID=   2|OWNERINDEX=1190|LINEWIDTH=2|LOCATIONCOUNT=2|X1=996|X2=984|Y1=133|Y2=133|
RECORD= 6|LINENO=1198|OWNERPARTID=   2|OWNERINDEX=1190|LINEWIDTH=2|LOCATIONCOUNT=2|X1=984|X2=996|Y1=128|Y2=128|
RECORD=34|LINENO=1199|OWNERPARTID=   0|OWNERINDEX=1190|FONTID=1|LOCATION.X=999|LOCATION.Y=126|NAME=Designator|TEXT=C48|UNIQUEID=PFXNCCYP|
RECORD=41|LINENO=1200|OWNERPARTID=   0|OWNERINDEX=1190|FONTID=1|LOCATION.X=993|LOCATION.Y=116|NAME=Comment|TEXT=100nF|UNIQUEID=EHYOMXCY|
RECORD=44|LINENO=1201|OWNERPARTID= -42|OWNERINDEX=1190|
RECORD=45|LINENO=1202|OWNERPARTID= -42|OWNERINDEX=1201|DATAFILECOUNT=1|DESCRIPTION=Radial Capacitor 2steps(5.08mm) 2.5mm x 7mm|MODELDATAFILEENTITY0=CAP_RAD_5.08_2.5x7|MODELDATAFILEKIND0=PCBLib|MODELNAME=CAP_RAD_5.08_2.5x7|MODELTYPE=PCBLIB|UNIQUEID=ENUHAOEE|
RECORD=46|LINENO=1203|OWNERPARTID= -42|OWNERINDEX=1202|
RECORD=48|LINENO=1204|OWNERPARTID= -42|OWNERINDEX=1202|
RECORD=45|LINENO=1205|OWNERPARTID= -42|OWNERINDEX=1201|DATAFILECOUNT=1|DESCRIPTION=Radial Capacitor 1steps(2.54mm) 1.5mm x 4.5mm|MODELDATAFILEENTITY0=CAP_RAD_2.54_1.5x4.5|MODELDATAFILEKIND0=PCBLib|MODELNAME=CAP_RAD_2.54_1.5x4.5|MODELTYPE=PCBLIB|UNIQUEID=DGHFVXES|
RECORD=46|LINENO=1206|OWNERPARTID= -42|OWNERINDEX=1205|
RECORD=48|LINENO=1207|OWNERPARTID= -42|OWNERINDEX=1205|
RECORD=45|LINENO=1208|OWNERPARTID= -42|OWNERINDEX=1201|DATAFILECOUNT=1|DESCRIPTION=Capacitor FootPrint 0402|ISCURRENT=T|MODELDATAFILEENTITY0=0402_CAP_NPOL|MODELDATAFILEKIND0=PCBLib|MODELNAME=0402_CAP_NPOL|MODELTYPE=PCBLIB|UNIQUEID=LVXENXSK|
RECORD=46|LINENO=1209|OWNERPARTID= -42|OWNERINDEX=1208|
RECORD=48|LINENO=1210|OWNERPARTID= -42|OWNERINDEX=1208|
RECORD=45|LINENO=1211|OWNERPARTID= -42|OWNERINDEX=1201|DATAFILECOUNT=1|DESCRIPTION=Capacitor FootPrint 0603|MODELDATAFILEENTITY0=0603_CAP_NPOL|MODELDATAFILEKIND0=PCBLib|MODELNAME=0603_CAP_NPOL|MODELTYPE=PCBLIB|UNIQUEID=JVFGOBQG|
RECORD=46|LINENO=1212|OWNERPARTID= -42|OWNERINDEX=1211|
RECORD=48|LINENO=1213|OWNERPARTID= -42|OWNERINDEX=1211|
RECORD=45|LINENO=1214|OWNERPARTID= -42|OWNERINDEX=1201|DATAFILECOUNT=1|DESCRIPTION=Capacitor FootPrint 0805|MODELDATAFILEENTITY0=0805_CAP_NPOL|MODELDATAFILEKIND0=PCBLib|MODELNAME=0805_CAP_NPOL|MODELTYPE=PCBLIB|UNIQUEID=RUNIXSIB|
RECORD=46|LINENO=1215|OWNERPARTID= -42|OWNERINDEX=1214|
RECORD=48|LINENO=1216|OWNERPARTID= -42|OWNERINDEX=1214|
RECORD=45|LINENO=1217|OWNERPARTID= -42|OWNERINDEX=1201|DATAFILECOUNT=1|DESCRIPTION=Capacitor FootPrint 1206|MODELDATAFILEENTITY0=1206_CAP_NPOL|MODELDATAFILEKIND0=PCBLib|MODELNAME=1206_CAP_NPOL|MODELTYPE=PCBLIB|UNIQUEID=RDXJXXLH|
RECORD=46|LINENO=1218|OWNERPARTID= -42|OWNERINDEX=1217|
RECORD=48|LINENO=1219|OWNERPARTID= -42|OWNERINDEX=1217|
RECORD= 1|LINENO=1220|OWNERPARTID=   0|OWNERINDEX= -42|ALLPINCOUNT=2|AREACOLOR=11599871|COMPONENTDESCRIPTION=Capacitor_not polarized|CURRENTPARTID=1|DESIGNITEMID=CAP_NPOL|DISPLAYMODECOUNT=1|LIBREFERENCE=CAP_NPOL|LOCATION.X=1020|LOCATION.Y=140|PARTCOUNT=2|PARTIDLOCKED=F|SOURCELIBRARYNAME=ST_Lib3D.SchLib|TARGETFILENAME=*|UNIQUEID=RTXWLJYB|
RECORD= 2|LINENO=1221|OWNERPARTID=   2|OWNERINDEX=1220|%UTF8%SWAPIDPART=Â¦&Â¦|DESIGNATOR=2|ELECTRICAL=4|FORMALTYPE=1|LOCATION.X=1030|LOCATION.Y=127|NAME=2|PINCONGLOMERATE=35|PINLENGTH=7|SWAPIDPART=Ž&Ž|SWAPIDPIN=2|
RECORD=41|LINENO=1222|OWNERPARTID=   0|OWNERINDEX=1221|FONTID=1|ISHIDDEN=T|LOCATION.X=1030|LOCATION.Y=127|NAME=PinUniqueId|TEXT=HICJJJON|UNIQUEID=KVTKJEOA|
RECORD= 2|LINENO=1223|OWNERPARTID=   2|OWNERINDEX=1220|%UTF8%SWAPIDPART=Â¦&Â¦|DESIGNATOR=1|ELECTRICAL=4|FORMALTYPE=1|LOCATION.X=1030|LOCATION.Y=134|NAME=1|PINCONGLOMERATE=33|PINLENGTH=6|SWAPIDPART=Ž&Ž|SWAPIDPIN=1|
RECORD=41|LINENO=1224|OWNERPARTID=   0|OWNERINDEX=1223|FONTID=1|ISHIDDEN=T|LOCATION.X=1030|LOCATION.Y=134|NAME=PinUniqueId|TEXT=NBLHBCOW|UNIQUEID=YHOLPJMI|
RECORD= 6|LINENO=1225|OWNERPARTID=   2|OWNERINDEX=1220|LINEWIDTH=1|LOCATIONCOUNT=6|X1=1030|X2=1037|X3=1037|X4=1023|X5=1023|X6=1030|Y1=134|Y2=134|Y3=132|Y4=132|Y5=134|Y6=134|
RECORD= 6|LINENO=1226|OWNERPARTID=   2|OWNERINDEX=1220|LINEWIDTH=1|LOCATIONCOUNT=6|X1=1030|X2=1037|X3=1037|X4=1023|X5=1023|X6=1030|Y1=129|Y2=129|Y3=127|Y4=127|Y5=129|Y6=129|
RECORD= 6|LINENO=1227|OWNERPARTID=   2|OWNERINDEX=1220|LINEWIDTH=2|LOCATIONCOUNT=2|X1=1036|X2=1024|Y1=133|Y2=133|
RECORD= 6|LINENO=1228|OWNERPARTID=   2|OWNERINDEX=1220|LINEWIDTH=2|LOCATIONCOUNT=2|X1=1024|X2=1036|Y1=128|Y2=128|
RECORD=34|LINENO=1229|OWNERPARTID=   0|OWNERINDEX=1220|FONTID=1|LOCATION.X=1039|LOCATION.Y=126|NAME=Designator|TEXT=C49|UNIQUEID=YTCEAXJH|
RECORD=41|LINENO=1230|OWNERPARTID=   0|OWNERINDEX=1220|FONTID=1|LOCATION.X=1033|LOCATION.Y=116|NAME=Comment|TEXT=100nF|UNIQUEID=ELASXWCV|
RECORD=44|LINENO=1231|OWNERPARTID= -42|OWNERINDEX=1220|
RECORD=45|LINENO=1232|OWNERPARTID= -42|OWNERINDEX=1231|DATAFILECOUNT=1|DESCRIPTION=Radial Capacitor 2steps(5.08mm) 2.5mm x 7mm|MODELDATAFILEENTITY0=CAP_RAD_5.08_2.5x7|MODELDATAFILEKIND0=PCBLib|MODELNAME=CAP_RAD_5.08_2.5x7|MODELTYPE=PCBLIB|UNIQUEID=EACIJBFP|
RECORD=46|LINENO=1233|OWNERPARTID= -42|OWNERINDEX=1232|
RECORD=48|LINENO=1234|OWNERPARTID= -42|OWNERINDEX=1232|
RECORD=45|LINENO=1235|OWNERPARTID= -42|OWNERINDEX=1231|DATAFILECOUNT=1|DESCRIPTION=Radial Capacitor 1steps(2.54mm) 1.5mm x 4.5mm|MODELDATAFILEENTITY0=CAP_RAD_2.54_1.5x4.5|MODELDATAFILEKIND0=PCBLib|MODELNAME=CAP_RAD_2.54_1.5x4.5|MODELTYPE=PCBLIB|UNIQUEID=SIGRUAQX|
RECORD=46|LINENO=1236|OWNERPARTID= -42|OWNERINDEX=1235|
RECORD=48|LINENO=1237|OWNERPARTID= -42|OWNERINDEX=1235|
RECORD=45|LINENO=1238|OWNERPARTID= -42|OWNERINDEX=1231|DATAFILECOUNT=1|DESCRIPTION=Capacitor FootPrint 0402|ISCURRENT=T|MODELDATAFILEENTITY0=0402_CAP_NPOL|MODELDATAFILEKIND0=PCBLib|MODELNAME=0402_CAP_NPOL|MODELTYPE=PCBLIB|UNIQUEID=OWJGELJO|
RECORD=46|LINENO=1239|OWNERPARTID= -42|OWNERINDEX=1238|
RECORD=48|LINENO=1240|OWNERPARTID= -42|OWNERINDEX=1238|
RECORD=45|LINENO=1241|OWNERPARTID= -42|OWNERINDEX=1231|DATAFILECOUNT=1|DESCRIPTION=Capacitor FootPrint 0603|MODELDATAFILEENTITY0=0603_CAP_NPOL|MODELDATAFILEKIND0=PCBLib|MODELNAME=0603_CAP_NPOL|MODELTYPE=PCBLIB|UNIQUEID=GPQSPTJL|
RECORD=46|LINENO=1242|OWNERPARTID= -42|OWNERINDEX=1241|
RECORD=48|LINENO=1243|OWNERPARTID= -42|OWNERINDEX=1241|
RECORD=45|LINENO=1244|OWNERPARTID= -42|OWNERINDEX=1231|DATAFILECOUNT=1|DESCRIPTION=Capacitor FootPrint 0805|MODELDATAFILEENTITY0=0805_CAP_NPOL|MODELDATAFILEKIND0=PCBLib|MODELNAME=0805_CAP_NPOL|MODELTYPE=PCBLIB|UNIQUEID=FFTWRPYI|
RECORD=46|LINENO=1245|OWNERPARTID= -42|OWNERINDEX=1244|
RECORD=48|LINENO=1246|OWNERPARTID= -42|OWNERINDEX=1244|
RECORD=45|LINENO=1247|OWNERPARTID= -42|OWNERINDEX=1231|DATAFILECOUNT=1|DESCRIPTION=Capacitor FootPrint 1206|MODELDATAFILEENTITY0=1206_CAP_NPOL|MODELDATAFILEKIND0=PCBLib|MODELNAME=1206_CAP_NPOL|MODELTYPE=PCBLIB|UNIQUEID=QOCBMEWU|
RECORD=46|LINENO=1248|OWNERPARTID= -42|OWNERINDEX=1247|
RECORD=48|LINENO=1249|OWNERPARTID= -42|OWNERINDEX=1247|
RECORD= 1|LINENO=1250|OWNERPARTID=   0|OWNERINDEX= -42|ALLPINCOUNT=2|AREACOLOR=11599871|COMPONENTDESCRIPTION=Capacitor_not polarized|CURRENTPARTID=1|DESIGNITEMID=CAP_NPOL|DISPLAYMODECOUNT=1|LIBREFERENCE=CAP_NPOL|LOCATION.X=1060|LOCATION.Y=140|PARTCOUNT=2|PARTIDLOCKED=F|SOURCELIBRARYNAME=ST_Lib3D.SchLib|TARGETFILENAME=*|UNIQUEID=AXATTIXG|
RECORD= 2|LINENO=1251|OWNERPARTID=   2|OWNERINDEX=1250|%UTF8%SWAPIDPART=Â¦&Â¦|DESIGNATOR=2|ELECTRICAL=4|FORMALTYPE=1|LOCATION.X=1070|LOCATION.Y=127|NAME=2|PINCONGLOMERATE=35|PINLENGTH=7|SWAPIDPART=Ž&Ž|SWAPIDPIN=2|
RECORD=41|LINENO=1252|OWNERPARTID=   0|OWNERINDEX=1251|FONTID=1|ISHIDDEN=T|LOCATION.X=1070|LOCATION.Y=127|NAME=PinUniqueId|TEXT=YXJVBLHG|UNIQUEID=MQLFHVVF|
RECORD= 2|LINENO=1253|OWNERPARTID=   2|OWNERINDEX=1250|%UTF8%SWAPIDPART=Â¦&Â¦|DESIGNATOR=1|ELECTRICAL=4|FORMALTYPE=1|LOCATION.X=1070|LOCATION.Y=134|NAME=1|PINCONGLOMERATE=33|PINLENGTH=6|SWAPIDPART=Ž&Ž|SWAPIDPIN=1|
RECORD=41|LINENO=1254|OWNERPARTID=   0|OWNERINDEX=1253|FONTID=1|ISHIDDEN=T|LOCATION.X=1070|LOCATION.Y=134|NAME=PinUniqueId|TEXT=YOLLGBSM|UNIQUEID=TYCIBDVI|
RECORD= 6|LINENO=1255|OWNERPARTID=   2|OWNERINDEX=1250|LINEWIDTH=1|LOCATIONCOUNT=6|X1=1070|X2=1077|X3=1077|X4=1063|X5=1063|X6=1070|Y1=134|Y2=134|Y3=132|Y4=132|Y5=134|Y6=134|
RECORD= 6|LINENO=1256|OWNERPARTID=   2|OWNERINDEX=1250|LINEWIDTH=1|LOCATIONCOUNT=6|X1=1070|X2=1077|X3=1077|X4=1063|X5=1063|X6=1070|Y1=129|Y2=129|Y3=127|Y4=127|Y5=129|Y6=129|
RECORD= 6|LINENO=1257|OWNERPARTID=   2|OWNERINDEX=1250|LINEWIDTH=2|LOCATIONCOUNT=2|X1=1076|X2=1064|Y1=133|Y2=133|
RECORD= 6|LINENO=1258|OWNERPARTID=   2|OWNERINDEX=1250|LINEWIDTH=2|LOCATIONCOUNT=2|X1=1064|X2=1076|Y1=128|Y2=128|
RECORD=34|LINENO=1259|OWNERPARTID=   0|OWNERINDEX=1250|FONTID=1|LOCATION.X=1079|LOCATION.Y=126|NAME=Designator|TEXT=C50|UNIQUEID=MYOXLOOQ|
RECORD=41|LINENO=1260|OWNERPARTID=   0|OWNERINDEX=1250|FONTID=1|LOCATION.X=1073|LOCATION.Y=116|NAME=Comment|TEXT=100nF|UNIQUEID=KPAVWRNY|
RECORD=44|LINENO=1261|OWNERPARTID= -42|OWNERINDEX=1250|
RECORD=45|LINENO=1262|OWNERPARTID= -42|OWNERINDEX=1261|DATAFILECOUNT=1|DESCRIPTION=Radial Capacitor 2steps(5.08mm) 2.5mm x 7mm|MODELDATAFILEENTITY0=CAP_RAD_5.08_2.5x7|MODELDATAFILEKIND0=PCBLib|MODELNAME=CAP_RAD_5.08_2.5x7|MODELTYPE=PCBLIB|UNIQUEID=FHKUOGTB|
RECORD=46|LINENO=1263|OWNERPARTID= -42|OWNERINDEX=1262|
RECORD=48|LINENO=1264|OWNERPARTID= -42|OWNERINDEX=1262|
RECORD=45|LINENO=1265|OWNERPARTID= -42|OWNERINDEX=1261|DATAFILECOUNT=1|DESCRIPTION=Radial Capacitor 1steps(2.54mm) 1.5mm x 4.5mm|MODELDATAFILEENTITY0=CAP_RAD_2.54_1.5x4.5|MODELDATAFILEKIND0=PCBLib|MODELNAME=CAP_RAD_2.54_1.5x4.5|MODELTYPE=PCBLIB|UNIQUEID=GAQNONFK|
RECORD=46|LINENO=1266|OWNERPARTID= -42|OWNERINDEX=1265|
RECORD=48|LINENO=1267|OWNERPARTID= -42|OWNERINDEX=1265|
RECORD=45|LINENO=1268|OWNERPARTID= -42|OWNERINDEX=1261|DATAFILECOUNT=1|DESCRIPTION=Capacitor FootPrint 0402|ISCURRENT=T|MODELDATAFILEENTITY0=0402_CAP_NPOL|MODELDATAFILEKIND0=PCBLib|MODELNAME=0402_CAP_NPOL|MODELTYPE=PCBLIB|UNIQUEID=LCJSIKPC|
RECORD=46|LINENO=1269|OWNERPARTID= -42|OWNERINDEX=1268|
RECORD=48|LINENO=1270|OWNERPARTID= -42|OWNERINDEX=1268|
RECORD=45|LINENO=1271|OWNERPARTID= -42|OWNERINDEX=1261|DATAFILECOUNT=1|DESCRIPTION=Capacitor FootPrint 0603|MODELDATAFILEENTITY0=0603_CAP_NPOL|MODELDATAFILEKIND0=PCBLib|MODELNAME=0603_CAP_NPOL|MODELTYPE=PCBLIB|UNIQUEID=AUMLXNAV|
RECORD=46|LINENO=1272|OWNERPARTID= -42|OWNERINDEX=1271|
RECORD=48|LINENO=1273|OWNERPARTID= -42|OWNERINDEX=1271|
RECORD=45|LINENO=1274|OWNERPARTID= -42|OWNERINDEX=1261|DATAFILECOUNT=1|DESCRIPTION=Capacitor FootPrint 0805|MODELDATAFILEENTITY0=0805_CAP_NPOL|MODELDATAFILEKIND0=PCBLib|MODELNAME=0805_CAP_NPOL|MODELTYPE=PCBLIB|UNIQUEID=RGACFRIJ|
RECORD=46|LINENO=1275|OWNERPARTID= -42|OWNERINDEX=1274|
RECORD=48|LINENO=1276|OWNERPARTID= -42|OWNERINDEX=1274|
RECORD=45|LINENO=1277|OWNERPARTID= -42|OWNERINDEX=1261|DATAFILECOUNT=1|DESCRIPTION=Capacitor FootPrint 1206|MODELDATAFILEENTITY0=1206_CAP_NPOL|MODELDATAFILEKIND0=PCBLib|MODELNAME=1206_CAP_NPOL|MODELTYPE=PCBLIB|UNIQUEID=NXKATXNQ|
RECORD=46|LINENO=1278|OWNERPARTID= -42|OWNERINDEX=1277|
RECORD=48|LINENO=1279|OWNERPARTID= -42|OWNERINDEX=1277|
RECORD= 1|LINENO=1280|OWNERPARTID=   0|OWNERINDEX= -42|ALLPINCOUNT=48|AREACOLOR=11599871|COMPONENTDESCRIPTION=Medium-density performance line ARM-based 32-bit MCU with 128KB Flash|CURRENTPARTID=1|DESIGNITEMID=STM32F103CBT6|DISPLAYMODECOUNT=1|LIBRARYPATH=*|LIBREFERENCE=STM32F103CBT6|LOCATION.X=540|LOCATION.Y=390|NOTUSEDBTABLENAME=T|PARTCOUNT=2|PARTIDLOCKED=F|SOURCELIBRARYNAME=Active.SchLib|TARGETFILENAME=*|UNIQUEID=ENJONLKR|
RECORD=41|LINENO=1281|OWNERPARTID=   0|OWNERINDEX=1280|FONTID=1|ISHIDDEN=T|LOCATION.X=540|LOCATION.Y=390|NAME=Manuf_Part_1|NOTAUTOPOSITION=T|TEXT=STM32F103CBT6|UNIQUEID=CPQOAHSV|
RECORD=41|LINENO=1282|OWNERPARTID=   0|OWNERINDEX=1280|FONTID=1|ISHIDDEN=T|LOCATION.X=540|LOCATION.Y=390|NAME=Manuf_1|NOTAUTOPOSITION=T|TEXT=STM|UNIQUEID=WCBHDUXA|
RECORD=41|LINENO=1283|OWNERPARTID=   0|OWNERINDEX=1280|FONTID=1|ISHIDDEN=T|LOCATION.X=508|LOCATION.Y=138|NAME=Distrib|TEXT=STM|UNIQUEID=KHCGTUJX|
RECORD=41|LINENO=1284|OWNERPARTID=   0|OWNERINDEX=1280|FONTID=1|ISHIDDEN=T|LOCATION.X=508|LOCATION.Y=138|NAME=ECCN_US/EU|TEXT=3A991A2/NEC|UNIQUEID=WFKWXLKM|
RECORD=41|LINENO=1285|OWNERPARTID=   0|OWNERINDEX=1280|FONTID=1|ISHIDDEN=T|LOCATION.X=508|LOCATION.Y=138|NAME=Fitted|TEXT=YES|UNIQUEID=LJTCPXCX|
RECORD=41|LINENO=1286|OWNERPARTID=   0|OWNERINDEX=1280|FONTID=1|ISHIDDEN=T|LOCATION.X=508|LOCATION.Y=138|NAME=Order_Code|TEXT=STM32F103CBT6|UNIQUEID=NAEMMOEV|
RECORD=41|LINENO=1287|OWNERPARTID=   0|OWNERINDEX=1280|FONTID=1|ISHIDDEN=T|LOCATION.X=508|LOCATION.Y=138|NAME=Ordered_By|TEXT=STM|UNIQUEID=GDLQEJVW|
RECORD=41|LINENO=1288|OWNERPARTID=   0|OWNERINDEX=1280|FONTID=1|ISHIDDEN=T|LOCATION.X=508|LOCATION.Y=138|NAME=Value|TEXT=STM32F103CBT6|UNIQUEID=HPKQOHKW|
RECORD=14|LINENO=1289|OWNERPARTID=   2|OWNERINDEX=1280|AREACOLOR=11599871|CORNER.X=780|CORNER.Y=440|ISSOLID=T|LINEWIDTH=1|LOCATION.X=570|LOCATION.Y=230|TRANSPARENT=T|
RECORD= 2|LINENO=1290|OWNERPARTID=   2|OWNERINDEX=1280|DESIGNATOR=1|ELECTRICAL=4|FORMALTYPE=1|LOCATION.X=570|LOCATION.Y=390|NAME=VBAT|PINCONGLOMERATE=58|PINLENGTH=10|
RECORD=41|LINENO=1291|OWNERPARTID=   0|OWNERINDEX=1290|FONTID=1|ISHIDDEN=T|LOCATION.X=570|LOCATION.Y=390|NAME=PinUniqueId|TEXT=IWPUVSWH|UNIQUEID=VXLCXPRC|
RECORD= 2|LINENO=1292|OWNERPARTID=   2|OWNERINDEX=1280|DESIGNATOR=17|ELECTRICAL=4|FORMALTYPE=1|LOCATION.X=660|LOCATION.Y=230|NAME=PA7|PINCONGLOMERATE=59|PINLENGTH=10|
RECORD=41|LINENO=1293|OWNERPARTID=   0|OWNERINDEX=1292|FONTID=1|ISHIDDEN=T|LOCATION.X=660|LOCATION.Y=230|NAME=PinUniqueId|TEXT=DUTKONRN|UNIQUEID=XAJAKBHT|
RECORD= 2|LINENO=1294|OWNERPARTID=   2|OWNERINDEX=1280|DESIGNATOR=2|ELECTRICAL=4|FORMALTYPE=1|LOCATION.X=570|LOCATION.Y=380|NAME=PC13|PINCONGLOMERATE=58|PINLENGTH=10|
RECORD=41|LINENO=1295|OWNERPARTID=   0|OWNERINDEX=1294|FONTID=1|ISHIDDEN=T|LOCATION.X=570|LOCATION.Y=380|NAME=PinUniqueId|TEXT=BIEAOAJQ|UNIQUEID=PFCSIHDR|
RECORD= 2|LINENO=1296|OWNERPARTID=   2|OWNERINDEX=1280|DESIGNATOR=33|ELECTRICAL=4|FORMALTYPE=1|LOCATION.X=780|LOCATION.Y=360|NAME=PA12|PINCONGLOMERATE=56|PINLENGTH=10|
RECORD=41|LINENO=1297|OWNERPARTID=   0|OWNERINDEX=1296|FONTID=1|ISHIDDEN=T|LOCATION.X=780|LOCATION.Y=360|NAME=PinUniqueId|TEXT=DLYVEVDK|UNIQUEID=PUXMEBIE|
RECORD= 2|LINENO=1298|OWNERPARTID=   2|OWNERINDEX=1280|DESIGNATOR=3|ELECTRICAL=4|FORMALTYPE=1|LOCATION.X=570|LOCATION.Y=370|NAME=PC14|PINCONGLOMERATE=58|PINLENGTH=10|
RECORD=41|LINENO=1299|OWNERPARTID=   0|OWNERINDEX=1298|FONTID=1|ISHIDDEN=T|LOCATION.X=570|LOCATION.Y=370|NAME=PinUniqueId|TEXT=LLTEEASK|UNIQUEID=FQAMCRMG|
RECORD= 2|LINENO=1300|OWNERPARTID=   2|OWNERINDEX=1280|DESIGNATOR=18|ELECTRICAL=4|FORMALTYPE=1|LOCATION.X=670|LOCATION.Y=230|NAME=PB0|PINCONGLOMERATE=59|PINLENGTH=10|
RECORD=41|LINENO=1301|OWNERPARTID=   0|OWNERINDEX=1300|FONTID=1|ISHIDDEN=T|LOCATION.X=670|LOCATION.Y=230|NAME=PinUniqueId|TEXT=JKTNIQIB|UNIQUEID=HPCXGMXF|
RECORD= 2|LINENO=1302|OWNERPARTID=   2|OWNERINDEX=1280|DESIGNATOR=4|ELECTRICAL=4|FORMALTYPE=1|LOCATION.X=570|LOCATION.Y=360|NAME=PC15|PINCONGLOMERATE=58|PINLENGTH=10|
RECORD=41|LINENO=1303|OWNERPARTID=   0|OWNERINDEX=1302|FONTID=1|ISHIDDEN=T|LOCATION.X=570|LOCATION.Y=360|NAME=PinUniqueId|TEXT=IGELFSWS|UNIQUEID=PHGCYYPA|
RECORD= 2|LINENO=1304|OWNERPARTID=   2|OWNERINDEX=1280|DESIGNATOR=34|ELECTRICAL=4|FORMALTYPE=1|LOCATION.X=780|LOCATION.Y=370|NAME=JTMS/SWDIO|PINCONGLOMERATE=56|PINLENGTH=10|
RECORD=41|LINENO=1305|OWNERPARTID=   0|OWNERINDEX=1304|FONTID=1|ISHIDDEN=T|LOCATION.X=780|LOCATION.Y=370|NAME=PinUniqueId|TEXT=WNSCNNTX|UNIQUEID=EMXCHUMI|
RECORD= 2|LINENO=1306|OWNERPARTID=   2|OWNERINDEX=1280|DESIGNATOR=5|ELECTRICAL=4|FORMALTYPE=1|LOCATION.X=570|LOCATION.Y=350|NAME=OSCIN|PINCONGLOMERATE=58|PINLENGTH=10|
RECORD=41|LINENO=1307|OWNERPARTID=   0|OWNERINDEX=1306|FONTID=1|ISHIDDEN=T|LOCATION.X=570|LOCATION.Y=350|NAME=PinUniqueId|TEXT=BOXVNPKP|UNIQUEID=RGWKEUQT|
RECORD= 2|LINENO=1308|OWNERPARTID=   2|OWNERINDEX=1280|DESIGNATOR=19|ELECTRICAL=4|FORMALTYPE=1|LOCATION.X=680|LOCATION.Y=230|NAME=PB1|PINCONGLOMERATE=59|PINLENGTH=10|
RECORD=41|LINENO=1309|OWNERPARTID=   0|OWNERINDEX=1308|FONTID=1|ISHIDDEN=T|LOCATION.X=680|LOCATION.Y=230|NAME=PinUniqueId|TEXT=XKCGTRWG|UNIQUEID=TVFHDLPL|
RECORD= 2|LINENO=1310|OWNERPARTID=   2|OWNERINDEX=1280|DESIGNATOR=6|ELECTRICAL=4|FORMALTYPE=1|LOCATION.X=570|LOCATION.Y=340|NAME=OSCOUT|PINCONGLOMERATE=58|PINLENGTH=10|
RECORD=41|LINENO=1311|OWNERPARTID=   0|OWNERINDEX=1310|FONTID=1|ISHIDDEN=T|LOCATION.X=570|LOCATION.Y=340|NAME=PinUniqueId|TEXT=TDBQJIBK|UNIQUEID=VTICTKWU|
RECORD= 2|LINENO=1312|OWNERPARTID=   2|OWNERINDEX=1280|DESIGNATOR=35|ELECTRICAL=4|FORMALTYPE=1|LOCATION.X=780|LOCATION.Y=380|NAME=VSS_2|PINCONGLOMERATE=56|PINLENGTH=10|
RECORD=41|LINENO=1313|OWNERPARTID=   0|OWNERINDEX=1312|FONTID=1|ISHIDDEN=T|LOCATION.X=780|LOCATION.Y=380|NAME=PinUniqueId|TEXT=DRHFKERB|UNIQUEID=GFHYIYFS|
RECORD= 2|LINENO=1314|OWNERPARTID=   2|OWNERINDEX=1280|DESIGNATOR=7|ELECTRICAL=4|FORMALTYPE=1|LOCATION.X=570|LOCATION.Y=330|NAME=NRST|PINCONGLOMERATE=58|PINLENGTH=10|
RECORD=41|LINENO=1315|OWNERPARTID=   0|OWNERINDEX=1314|FONTID=1|ISHIDDEN=T|LOCATION.X=570|LOCATION.Y=330|NAME=PinUniqueId|TEXT=OOTVQRNC|UNIQUEID=JOXFIXBG|
RECORD= 2|LINENO=1316|OWNERPARTID=   2|OWNERINDEX=1280|DESIGNATOR=20|ELECTRICAL=4|FORMALTYPE=1|LOCATION.X=690|LOCATION.Y=230|NAME=PB2/BOOT1|PINCONGLOMERATE=59|PINLENGTH=10|
RECORD=41|LINENO=1317|OWNERPARTID=   0|OWNERINDEX=1316|FONTID=1|ISHIDDEN=T|LOCATION.X=690|LOCATION.Y=230|NAME=PinUniqueId|TEXT=ORVDQPPV|UNIQUEID=WSEJLOHD|
RECORD= 2|LINENO=1318|OWNERPARTID=   2|OWNERINDEX=1280|DESIGNATOR=8|ELECTRICAL=4|FORMALTYPE=1|LOCATION.X=570|LOCATION.Y=320|NAME=VSSA|PINCONGLOMERATE=58|PINLENGTH=10|
RECORD=41|LINENO=1319|OWNERPARTID=   0|OWNERINDEX=1318|FONTID=1|ISHIDDEN=T|LOCATION.X=570|LOCATION.Y=320|NAME=PinUniqueId|TEXT=SEAPDSEU|UNIQUEID=WBFCDMUD|
RECORD= 2|LINENO=1320|OWNERPARTID=   2|OWNERINDEX=1280|DESIGNATOR=36|ELECTRICAL=4|FORMALTYPE=1|LOCATION.X=780|LOCATION.Y=390|NAME=VDD_2|PINCONGLOMERATE=56|PINLENGTH=10|
RECORD=41|LINENO=1321|OWNERPARTID=   0|OWNERINDEX=1320|FONTID=1|ISHIDDEN=T|LOCATION.X=780|LOCATION.Y=390|NAME=PinUniqueId|TEXT=FMYPOIUC|UNIQUEID=KHGEPYBF|
RECORD= 2|LINENO=1322|OWNERPARTID=   2|OWNERINDEX=1280|DESIGNATOR=9|ELECTRICAL=4|FORMALTYPE=1|LOCATION.X=570|LOCATION.Y=310|NAME=VDDA|PINCONGLOMERATE=58|PINLENGTH=10|
RECORD=41|LINENO=1323|OWNERPARTID=   0|OWNERINDEX=1322|FONTID=1|ISHIDDEN=T|LOCATION.X=570|LOCATION.Y=310|NAME=PinUniqueId|TEXT=UCISMLRJ|UNIQUEID=RHPVRKYQ|
RECORD= 2|LINENO=1324|OWNERPARTID=   2|OWNERINDEX=1280|DESIGNATOR=21|ELECTRICAL=4|FORMALTYPE=1|LOCATION.X=700|LOCATION.Y=230|NAME=PB10|PINCONGLOMERATE=59|PINLENGTH=10|
RECORD=41|LINENO=1325|OWNERPARTID=   0|OWNERINDEX=1324|FONTID=1|ISHIDDEN=T|LOCATION.X=700|LOCATION.Y=230|NAME=PinUniqueId|TEXT=WWFXKCIL|UNIQUEID=QNLJWPQS|
RECORD= 2|LINENO=1326|OWNERPARTID=   2|OWNERINDEX=1280|DESIGNATOR=10|ELECTRICAL=4|FORMALTYPE=1|LOCATION.X=570|LOCATION.Y=300|NAME=PA0|PINCONGLOMERATE=58|PINLENGTH=10|
RECORD=41|LINENO=1327|OWNERPARTID=   0|OWNERINDEX=1326|FONTID=1|ISHIDDEN=T|LOCATION.X=570|LOCATION.Y=300|NAME=PinUniqueId|TEXT=AYLATVSL|UNIQUEID=JKJDHNJI|
RECORD= 2|LINENO=1328|OWNERPARTID=   2|OWNERINDEX=1280|DESIGNATOR=37|ELECTRICAL=4|FORMALTYPE=1|LOCATION.X=730|LOCATION.Y=440|NAME=JTCK/SWCLK|PINCONGLOMERATE=57|PINLENGTH=10|
RECORD=41|LINENO=1329|OWNERPARTID=   0|OWNERINDEX=1328|FONTID=1|ISHIDDEN=T|LOCATION.X=730|LOCATION.Y=440|NAME=PinUniqueId|TEXT=OFCUQELJ|UNIQUEID=TIBTUDJK|
RECORD= 2|LINENO=1330|OWNERPARTID=   2|OWNERINDEX=1280|DESIGNATOR=11|ELECTRICAL=4|FORMALTYPE=1|LOCATION.X=570|LOCATION.Y=290|NAME=PA1|PINCONGLOMERATE=58|PINLENGTH=10|
RECORD=41|LINENO=1331|OWNERPARTID=   0|OWNERINDEX=1330|FONTID=1|ISHIDDEN=T|LOCATION.X=570|LOCATION.Y=290|NAME=PinUniqueId|TEXT=DBATGYPJ|UNIQUEID=CRTUGCVG|
RECORD= 2|LINENO=1332|OWNERPARTID=   2|OWNERINDEX=1280|DESIGNATOR=22|ELECTRICAL=4|FORMALTYPE=1|LOCATION.X=710|LOCATION.Y=230|NAME=PB11|PINCONGLOMERATE=59|PINLENGTH=10|
RECORD=41|LINENO=1333|OWNERPARTID=   0|OWNERINDEX=1332|FONTID=1|ISHIDDEN=T|LOCATION.X=710|LOCATION.Y=230|NAME=PinUniqueId|TEXT=NJAMFFNN|UNIQUEID=TQORREFN|
RECORD= 2|LINENO=1334|OWNERPARTID=   2|OWNERINDEX=1280|DESIGNATOR=12|ELECTRICAL=4|FORMALTYPE=1|LOCATION.X=570|LOCATION.Y=280|NAME=PA2|PINCONGLOMERATE=58|PINLENGTH=10|
RECORD=41|LINENO=1335|OWNERPARTID=   0|OWNERINDEX=1334|FONTID=1|ISHIDDEN=T|LOCATION.X=570|LOCATION.Y=280|NAME=PinUniqueId|TEXT=XFEFVPDF|UNIQUEID=CSSSMHBB|
RECORD= 2|LINENO=1336|OWNERPARTID=   2|OWNERINDEX=1280|DESIGNATOR=38|ELECTRICAL=4|FORMALTYPE=1|LOCATION.X=720|LOCATION.Y=440|NAME=PA15/JTDI|PINCONGLOMERATE=57|PINLENGTH=10|
RECORD=41|LINENO=1337|OWNERPARTID=   0|OWNERINDEX=1336|FONTID=1|ISHIDDEN=T|LOCATION.X=720|LOCATION.Y=440|NAME=PinUniqueId|TEXT=NUQMUGPC|UNIQUEID=BCWVCVGS|
RECORD= 2|LINENO=1338|OWNERPARTID=   2|OWNERINDEX=1280|DESIGNATOR=13|ELECTRICAL=4|FORMALTYPE=1|LOCATION.X=620|LOCATION.Y=230|NAME=PA3|PINCONGLOMERATE=59|PINLENGTH=10|
RECORD=41|LINENO=1339|OWNERPARTID=   0|OWNERINDEX=1338|FONTID=1|ISHIDDEN=T|LOCATION.X=620|LOCATION.Y=230|NAME=PinUniqueId|TEXT=GQMWFLCM|UNIQUEID=FTXGWFLO|
RECORD= 2|LINENO=1340|OWNERPARTID=   2|OWNERINDEX=1280|DESIGNATOR=23|ELECTRICAL=4|FORMALTYPE=1|LOCATION.X=720|LOCATION.Y=230|NAME=VSS_1|PINCONGLOMERATE=59|PINLENGTH=10|
RECORD=41|LINENO=1341|OWNERPARTID=   0|OWNERINDEX=1340|FONTID=1|ISHIDDEN=T|LOCATION.X=720|LOCATION.Y=230|NAME=PinUniqueId|TEXT=BIYTXOEK|UNIQUEID=QSBSITFP|
RECORD= 2|LINENO=1342|OWNERPARTID=   2|OWNERINDEX=1280|DESIGNATOR=14|ELECTRICAL=4|FORMALTYPE=1|LOCATION.X=630|LOCATION.Y=230|NAME=PA4|PINCONGLOMERATE=59|PINLENGTH=10|
RECORD=41|LINENO=1343|OWNERPARTID=   0|OWNERINDEX=1342|FONTID=1|ISHIDDEN=T|LOCATION.X=630|LOCATION.Y=230|NAME=PinUniqueId|TEXT=FAIEBXBJ|UNIQUEID=BQSBUDJK|
RECORD= 2|LINENO=1344|OWNERPARTID=   2|OWNERINDEX=1280|DESIGNATOR=39|ELECTRICAL=4|FORMALTYPE=1|LOCATION.X=710|LOCATION.Y=440|NAME=PB3/JTDO|PINCONGLOMERATE=57|PINLENGTH=10|
RECORD=41|LINENO=1345|OWNERPARTID=   0|OWNERINDEX=1344|FONTID=1|ISHIDDEN=T|LOCATION.X=710|LOCATION.Y=440|NAME=PinUniqueId|TEXT=JEPLCSTH|UNIQUEID=TODQVKPL|
RECORD= 2|LINENO=1346|OWNERPARTID=   2|OWNERINDEX=1280|DESIGNATOR=15|ELECTRICAL=4|FORMALTYPE=1|LOCATION.X=640|LOCATION.Y=230|NAME=PA5|PINCONGLOMERATE=59|PINLENGTH=10|
RECORD=41|LINENO=1347|OWNERPARTID=   0|OWNERINDEX=1346|FONTID=1|ISHIDDEN=T|LOCATION.X=640|LOCATION.Y=230|NAME=PinUniqueId|TEXT=JGUPADAK|UNIQUEID=UGBUJNUP|
RECORD= 2|LINENO=1348|OWNERPARTID=   2|OWNERINDEX=1280|DESIGNATOR=24|ELECTRICAL=4|FORMALTYPE=1|LOCATION.X=730|LOCATION.Y=230|NAME=VDD_1|PINCONGLOMERATE=59|PINLENGTH=10|
RECORD=41|LINENO=1349|OWNERPARTID=   0|OWNERINDEX=1348|FONTID=1|ISHIDDEN=T|LOCATION.X=730|LOCATION.Y=230|NAME=PinUniqueId|TEXT=XSRYBJUL|UNIQUEID=GOJBSAQX|
RECORD= 2|LINENO=1350|OWNERPARTID=   2|OWNERINDEX=1280|DESIGNATOR=16|ELECTRICAL=4|FORMALTYPE=1|LOCATION.X=650|LOCATION.Y=230|NAME=PA6|PINCONGLOMERATE=59|PINLENGTH=10|
RECORD=41|LINENO=1351|OWNERPARTID=   0|OWNERINDEX=1350|FONTID=1|ISHIDDEN=T|LOCATION.X=650|LOCATION.Y=230|NAME=PinUniqueId|TEXT=APJLHUDP|UNIQUEID=IMIUEQIP|
RECORD= 2|LINENO=1352|OWNERPARTID=   2|OWNERINDEX=1280|DESIGNATOR=40|ELECTRICAL=4|FORMALTYPE=1|LOCATION.X=700|LOCATION.Y=440|NAME=PB4/JNTRST|PINCONGLOMERATE=57|PINLENGTH=10|
RECORD=41|LINENO=1353|OWNERPARTID=   0|OWNERINDEX=1352|FONTID=1|ISHIDDEN=T|LOCATION.X=700|LOCATION.Y=440|NAME=PinUniqueId|TEXT=IUPQCGCX|UNIQUEID=XYAMACCS|
RECORD= 2|LINENO=1354|OWNERPARTID=   2|OWNERINDEX=1280|DESIGNATOR=25|ELECTRICAL=4|FORMALTYPE=1|LOCATION.X=780|LOCATION.Y=280|NAME=PB12|PINCONGLOMERATE=56|PINLENGTH=10|
RECORD=41|LINENO=1355|OWNERPARTID=   0|OWNERINDEX=1354|FONTID=1|ISHIDDEN=T|LOCATION.X=780|LOCATION.Y=280|NAME=PinUniqueId|TEXT=FOJCKFIG|UNIQUEID=UPOTJFDP|
RECORD= 2|LINENO=1356|OWNERPARTID=   2|OWNERINDEX=1280|DESIGNATOR=41|ELECTRICAL=4|FORMALTYPE=1|LOCATION.X=690|LOCATION.Y=440|NAME=PB5|PINCONGLOMERATE=57|PINLENGTH=10|
RECORD=41|LINENO=1357|OWNERPARTID=   0|OWNERINDEX=1356|FONTID=1|ISHIDDEN=T|LOCATION.X=690|LOCATION.Y=440|NAME=PinUniqueId|TEXT=QGNHWFQS|UNIQUEID=EGDFGIHG|
RECORD= 2|LINENO=1358|OWNERPARTID=   2|OWNERINDEX=1280|DESIGNATOR=26|ELECTRICAL=4|FORMALTYPE=1|LOCATION.X=780|LOCATION.Y=290|NAME=PB13|PINCONGLOMERATE=56|PINLENGTH=10|
RECORD=41|LINENO=1359|OWNERPARTID=   0|OWNERINDEX=1358|FONTID=1|ISHIDDEN=T|LOCATION.X=780|LOCATION.Y=290|NAME=PinUniqueId|TEXT=ARAJRECA|UNIQUEID=CGBILBAK|
RECORD= 2|LINENO=1360|OWNERPARTID=   2|OWNERINDEX=1280|DESIGNATOR=42|ELECTRICAL=4|FORMALTYPE=1|LOCATION.X=680|LOCATION.Y=440|NAME=PB6|PINCONGLOMERATE=57|PINLENGTH=10|
RECORD=41|LINENO=1361|OWNERPARTID=   0|OWNERINDEX=1360|FONTID=1|ISHIDDEN=T|LOCATION.X=680|LOCATION.Y=440|NAME=PinUniqueId|TEXT=OCFGEYGW|UNIQUEID=GPUTVBCK|
RECORD= 2|LINENO=1362|OWNERPARTID=   2|OWNERINDEX=1280|DESIGNATOR=27|ELECTRICAL=4|FORMALTYPE=1|LOCATION.X=780|LOCATION.Y=300|NAME=PB14|PINCONGLOMERATE=56|PINLENGTH=10|
RECORD=41|LINENO=1363|OWNERPARTID=   0|OWNERINDEX=1362|FONTID=1|ISHIDDEN=T|LOCATION.X=780|LOCATION.Y=300|NAME=PinUniqueId|TEXT=UPUEIXBN|UNIQUEID=GWMXKWBD|
RECORD= 2|LINENO=1364|OWNERPARTID=   2|OWNERINDEX=1280|DESIGNATOR=43|ELECTRICAL=4|FORMALTYPE=1|LOCATION.X=670|LOCATION.Y=440|NAME=PB7|PINCONGLOMERATE=57|PINLENGTH=10|
RECORD=41|LINENO=1365|OWNERPARTID=   0|OWNERINDEX=1364|FONTID=1|ISHIDDEN=T|LOCATION.X=670|LOCATION.Y=440|NAME=PinUniqueId|TEXT=PJREKHJH|UNIQUEID=SYVVPESF|
RECORD= 2|LINENO=1366|OWNERPARTID=   2|OWNERINDEX=1280|DESIGNATOR=28|ELECTRICAL=4|FORMALTYPE=1|LOCATION.X=780|LOCATION.Y=310|NAME=PB15|PINCONGLOMERATE=56|PINLENGTH=10|
RECORD=41|LINENO=1367|OWNERPARTID=   0|OWNERINDEX=1366|FONTID=1|ISHIDDEN=T|LOCATION.X=780|LOCATION.Y=310|NAME=PinUniqueId|TEXT=HBKTPBSY|UNIQUEID=TRVKKXUT|
RECORD= 2|LINENO=1368|OWNERPARTID=   2|OWNERINDEX=1280|DESIGNATOR=44|ELECTRICAL=4|FORMALTYPE=1|LOCATION.X=660|LOCATION.Y=440|NAME=BOOT0|PINCONGLOMERATE=57|PINLENGTH=10|
RECORD=41|LINENO=1369|OWNERPARTID=   0|OWNERINDEX=1368|FONTID=1|ISHIDDEN=T|LOCATION.X=660|LOCATION.Y=440|NAME=PinUniqueId|TEXT=HCUKJPOV|UNIQUEID=BDVWANUJ|
RECORD= 2|LINENO=1370|OWNERPARTID=   2|OWNERINDEX=1280|DESIGNATOR=29|ELECTRICAL=4|FORMALTYPE=1|LOCATION.X=780|LOCATION.Y=320|NAME=PA8|PINCONGLOMERATE=56|PINLENGTH=10|
RECORD=41|LINENO=1371|OWNERPARTID=   0|OWNERINDEX=1370|FONTID=1|ISHIDDEN=T|LOCATION.X=780|LOCATION.Y=320|NAME=PinUniqueId|TEXT=UOEIAMGE|UNIQUEID=IXISYQHC|
RECORD= 2|LINENO=1372|OWNERPARTID=   2|OWNERINDEX=1280|DESIGNATOR=45|ELECTRICAL=4|FORMALTYPE=1|LOCATION.X=650|LOCATION.Y=440|NAME=PB8|PINCONGLOMERATE=57|PINLENGTH=10|
RECORD=41|LINENO=1373|OWNERPARTID=   0|OWNERINDEX=1372|FONTID=1|ISHIDDEN=T|LOCATION.X=650|LOCATION.Y=440|NAME=PinUniqueId|TEXT=GHFFFGIC|UNIQUEID=UDCTVXGF|
RECORD= 2|LINENO=1374|OWNERPARTID=   2|OWNERINDEX=1280|DESIGNATOR=30|ELECTRICAL=4|FORMALTYPE=1|LOCATION.X=780|LOCATION.Y=330|NAME=PA9|PINCONGLOMERATE=56|PINLENGTH=10|
RECORD=41|LINENO=1375|OWNERPARTID=   0|OWNERINDEX=1374|FONTID=1|ISHIDDEN=T|LOCATION.X=780|LOCATION.Y=330|NAME=PinUniqueId|TEXT=KTYFNKYJ|UNIQUEID=VEHOQINB|
RECORD= 2|LINENO=1376|OWNERPARTID=   2|OWNERINDEX=1280|DESIGNATOR=46|ELECTRICAL=4|FORMALTYPE=1|LOCATION.X=640|LOCATION.Y=440|NAME=PB9|PINCONGLOMERATE=57|PINLENGTH=10|
RECORD=41|LINENO=1377|OWNERPARTID=   0|OWNERINDEX=1376|FONTID=1|ISHIDDEN=T|LOCATION.X=640|LOCATION.Y=440|NAME=PinUniqueId|TEXT=NRPNNHUM|UNIQUEID=IIMLNOED|
RECORD= 2|LINENO=1378|OWNERPARTID=   2|OWNERINDEX=1280|DESIGNATOR=31|ELECTRICAL=4|FORMALTYPE=1|LOCATION.X=780|LOCATION.Y=340|NAME=PA10|PINCONGLOMERATE=56|PINLENGTH=10|
RECORD=41|LINENO=1379|OWNERPARTID=   0|OWNERINDEX=1378|FONTID=1|ISHIDDEN=T|LOCATION.X=780|LOCATION.Y=340|NAME=PinUniqueId|TEXT=EYTPTEEL|UNIQUEID=JHDEIBXR|
RECORD= 2|LINENO=1380|OWNERPARTID=   2|OWNERINDEX=1280|DESIGNATOR=47|ELECTRICAL=4|FORMALTYPE=1|LOCATION.X=630|LOCATION.Y=440|NAME=VSS_3|PINCONGLOMERATE=57|PINLENGTH=10|
RECORD=41|LINENO=1381|OWNERPARTID=   0|OWNERINDEX=1380|FONTID=1|ISHIDDEN=T|LOCATION.X=630|LOCATION.Y=440|NAME=PinUniqueId|TEXT=UAXCSJKY|UNIQUEID=YMMSNXWM|
RECORD= 2|LINENO=1382|OWNERPARTID=   2|OWNERINDEX=1280|DESIGNATOR=32|ELECTRICAL=4|FORMALTYPE=1|LOCATION.X=780|LOCATION.Y=350|NAME=PA11|PINCONGLOMERATE=56|PINLENGTH=10|
RECORD=41|LINENO=1383|OWNERPARTID=   0|OWNERINDEX=1382|FONTID=1|ISHIDDEN=T|LOCATION.X=780|LOCATION.Y=350|NAME=PinUniqueId|TEXT=IGLVFHTL|UNIQUEID=AWIVSVAU|
RECORD= 2|LINENO=1384|OWNERPARTID=   2|OWNERINDEX=1280|DESIGNATOR=48|ELECTRICAL=4|FORMALTYPE=1|LOCATION.X=620|LOCATION.Y=440|NAME=VDD_3|PINCONGLOMERATE=57|PINLENGTH=10|
RECORD=41|LINENO=1385|OWNERPARTID=   0|OWNERINDEX=1384|FONTID=1|ISHIDDEN=T|LOCATION.X=620|LOCATION.Y=440|NAME=PinUniqueId|TEXT=KNQCBTLH|UNIQUEID=RDCYVGWD|
RECORD=34|LINENO=1386|OWNERPARTID=   0|OWNERINDEX=1280|FONTID=1|LOCATION.X=792|LOCATION.Y=440|NAME=Designator|TEXT=U8|UNIQUEID=RWNYPCMI|
RECORD=41|LINENO=1387|OWNERPARTID=   0|OWNERINDEX=1280|FONTID=1|LOCATION.X=792|LOCATION.Y=430|NAME=Comment|TEXT==Value|UNIQUEID=HMEUSKDM|
RECORD=44|LINENO=1388|OWNERPARTID= -42|OWNERINDEX=1280|
RECORD=45|LINENO=1389|OWNERPARTID= -42|OWNERINDEX=1388|DATAFILECOUNT=1|ISCURRENT=T|MODELDATAFILEENTITY0=LQFP48_7X7_P050|MODELDATAFILEKIND0=PCBLib|MODELNAME=LQFP48_7X7_P050|MODELTYPE=PCBLIB|UNIQUEID=LNIUGHAA|
RECORD=46|LINENO=1390|OWNERPARTID= -42|OWNERINDEX=1389|
RECORD=48|LINENO=1391|OWNERPARTID= -42|OWNERINDEX=1389|
RECORD=18|LINENO=1392|OWNERPARTID=   0|OWNERINDEX= -42|ALIGNMENT=2|AREACOLOR=8454143|FONTID=1|HEIGHT=10|LOCATION.X=860|LOCATION.Y=310|NAME=PWR_ENn|TEXTCOLOR=128|UNIQUEID=SYDJUCFJ|WIDTH=70|
RECORD=17|LINENO=1393|OWNERPARTID=   0|OWNERINDEX= -42|FONTID=1|LOCATION.X=440|LOCATION.Y=280|ORIENTATION=2|SHOWNETNAME=T|STYLE=2|TEXT=T_VDD|UNIQUEID=CDQXJQHO|
RECORD=17|LINENO=1394|OWNERPARTID=   0|OWNERINDEX= -42|FONTID=2|LOCATION.X=340|LOCATION.Y=150|ORIENTATION=1|SHOWNETNAME=T|STYLE=2|TEXT=3V3_STLINK|UNIQUEID=HKSLFORV|
RECORD= 1|LINENO=1395|OWNERPARTID=   0|OWNERINDEX= -42|ALLPINCOUNT=2|AREACOLOR=11599871|COMPONENTDESCRIPTION=Resistor|CURRENTPARTID=1|DESIGNITEMID=RES|DISPLAYMODECOUNT=1|LIBREFERENCE=RES|LOCATION.X=330|LOCATION.Y=120|ORIENTATION=1|PARTCOUNT=2|PARTIDLOCKED=F|SOURCELIBRARYNAME=Lib3D_Altium10_Schlib.SchLib|TARGETFILENAME=*|UNIQUEID=GLMQWBNC|
RECORD= 2|LINENO=1396|OWNERPARTID=   2|OWNERINDEX=1395|%UTF8%SWAPIDPART=Â¦&Â¦|DESIGNATOR=1|ELECTRICAL=4|FORMALTYPE=1|LOCATION.X=340|LOCATION.Y=120|NAME=1|PINCONGLOMERATE=35|PINLENGTH=10|SWAPIDPART=Ž&Ž|SWAPIDPIN=1|
RECORD=41|LINENO=1397|OWNERPARTID=   0|OWNERINDEX=1396|FONTID=1|ISHIDDEN=T|LOCATION.X=340|LOCATION.Y=120|NAME=PinUniqueId|TEXT=FCEXKFTG|UNIQUEID=VFJUTBJO|
RECORD= 2|LINENO=1398|OWNERPARTID=   2|OWNERINDEX=1395|%UTF8%SWAPIDPART=Â¦&Â¦|DESIGNATOR=2|ELECTRICAL=4|FORMALTYPE=1|LOCATION.X=340|LOCATION.Y=140|NAME=2|PINCONGLOMERATE=33|PINLENGTH=10|SWAPIDPART=Ž&Ž|SWAPIDPIN=2|
RECORD=41|LINENO=1399|OWNERPARTID=   0|OWNERINDEX=1398|FONTID=1|ISHIDDEN=T|LOCATION.X=340|LOCATION.Y=140|NAME=PinUniqueId|TEXT=JHUSQNCT|UNIQUEID=KTPRNMOD|
RECORD=13|LINENO=1400|OWNERPARTID=   2|OWNERINDEX=1395|CORNER.X=345|CORNER.Y=140|LINEWIDTH=1|LOCATION.X=335|LOCATION.Y=140|
RECORD=13|LINENO=1401|OWNERPARTID=   2|OWNERINDEX=1395|CORNER.X=345|CORNER.Y=120|LINEWIDTH=1|LOCATION.X=335|LOCATION.Y=120|
RECORD=13|LINENO=1402|OWNERPARTID=   2|OWNERINDEX=1395|CORNER.X=345|CORNER.Y=140|LINEWIDTH=1|LOCATION.X=345|LOCATION.Y=120|
RECORD=13|LINENO=1403|OWNERPARTID=   2|OWNERINDEX=1395|CORNER.X=335|CORNER.Y=140|LINEWIDTH=1|LOCATION.X=335|LOCATION.Y=120|
RECORD=34|LINENO=1404|OWNERPARTID=   0|OWNERINDEX=1395|FONTID=1|LOCATION.X=346|LOCATION.Y=131|NAME=Designator|TEXT=R32|UNIQUEID=NBCCJUWW|
RECORD=41|LINENO=1405|OWNERPARTID=   0|OWNERINDEX=1395|FONTID=1|LOCATION.X=346|LOCATION.Y=121|NAME=Comment|TEXT=100K|UNIQUEID=AMRWKKTC|
RECORD=44|LINENO=1406|OWNERPARTID= -42|OWNERINDEX=1395|
RECORD=45|LINENO=1407|OWNERPARTID= -42|OWNERINDEX=1406|DATAFILECOUNT=1|DESCRIPTION=Resistor Footprint 0603|MODELDATAFILEENTITY0=0603_RES|MODELDATAFILEKIND0=PCBLib|MODELNAME=0603_RES|MODELTYPE=PCBLIB|UNIQUEID=PDYFOSIK|
RECORD=46|LINENO=1408|OWNERPARTID= -42|OWNERINDEX=1407|
RECORD=48|LINENO=1409|OWNERPARTID= -42|OWNERINDEX=1407|
RECORD=45|LINENO=1410|OWNERPARTID= -42|OWNERINDEX=1406|DATAFILECOUNT=1|DESCRIPTION=Resistor FootPrint 0402|ISCURRENT=T|MODELDATAFILEENTITY0=0402_RES|MODELDATAFILEKIND0=PCBLib|MODELNAME=0402_RES|MODELTYPE=PCBLIB|UNIQUEID=EQJQYUMV|
RECORD=46|LINENO=1411|OWNERPARTID= -42|OWNERINDEX=1410|
RECORD=48|LINENO=1412|OWNERPARTID= -42|OWNERINDEX=1410|
RECORD= 1|LINENO=1413|OWNERPARTID=   0|OWNERINDEX= -42|ALLPINCOUNT=2|AREACOLOR=11599871|COMPONENTDESCRIPTION=Resistor|CURRENTPARTID=1|DESIGNITEMID=RES|DISPLAYMODECOUNT=1|LIBREFERENCE=RES|LOCATION.X=850|LOCATION.Y=630|PARTCOUNT=2|PARTIDLOCKED=F|SOURCELIBRARYNAME=Lib3D_Altium10_Schlib.SchLib|TARGETFILENAME=*|UNIQUEID=MMFUTNBW|
RECORD= 2|LINENO=1414|OWNERPARTID=   2|OWNERINDEX=1413|%UTF8%SWAPIDPART=Â¦&Â¦|DESIGNATOR=1|ELECTRICAL=4|FORMALTYPE=1|LOCATION.X=850|LOCATION.Y=620|NAME=1|PINCONGLOMERATE=34|PINLENGTH=10|SWAPIDPART=Ž&Ž|SWAPIDPIN=1|
RECORD=41|LINENO=1415|OWNERPARTID=   0|OWNERINDEX=1414|FONTID=1|ISHIDDEN=T|LOCATION.X=850|LOCATION.Y=620|NAME=PinUniqueId|TEXT=BMJFATPQ|UNIQUEID=AQOUCJOD|
RECORD= 2|LINENO=1416|OWNERPARTID=   2|OWNERINDEX=1413|%UTF8%SWAPIDPART=Â¦&Â¦|DESIGNATOR=2|ELECTRICAL=4|FORMALTYPE=1|LOCATION.X=870|LOCATION.Y=620|NAME=2|PINCONGLOMERATE=32|PINLENGTH=10|SWAPIDPART=Ž&Ž|SWAPIDPIN=2|
RECORD=41|LINENO=1417|OWNERPARTID=   0|OWNERINDEX=1416|FONTID=1|ISHIDDEN=T|LOCATION.X=870|LOCATION.Y=620|NAME=PinUniqueId|TEXT=IQFSCMGR|UNIQUEID=LVXGVPKO|
RECORD=13|LINENO=1418|OWNERPARTID=   2|OWNERINDEX=1413|CORNER.X=870|CORNER.Y=615|LINEWIDTH=1|LOCATION.X=870|LOCATION.Y=625|
RECORD=13|LINENO=1419|OWNERPARTID=   2|OWNERINDEX=1413|CORNER.X=850|CORNER.Y=615|LINEWIDTH=1|LOCATION.X=850|LOCATION.Y=625|
RECORD=13|LINENO=1420|OWNERPARTID=   2|OWNERINDEX=1413|CORNER.X=870|CORNER.Y=615|LINEWIDTH=1|LOCATION.X=850|LOCATION.Y=615|
RECORD=13|LINENO=1421|OWNERPARTID=   2|OWNERINDEX=1413|CORNER.X=870|CORNER.Y=625|LINEWIDTH=1|LOCATION.X=850|LOCATION.Y=625|
RECORD=34|LINENO=1422|OWNERPARTID=   0|OWNERINDEX=1413|FONTID=1|LOCATION.X=849|LOCATION.Y=626|NAME=Designator|TEXT=R31|UNIQUEID=TFSPNMFG|
RECORD=41|LINENO=1423|OWNERPARTID=   0|OWNERINDEX=1413|FONTID=1|LOCATION.X=849|LOCATION.Y=604|NAME=Comment|TEXT=10|UNIQUEID=OLGKPVEC|
RECORD=44|LINENO=1424|OWNERPARTID= -42|OWNERINDEX=1413|
RECORD=45|LINENO=1425|OWNERPARTID= -42|OWNERINDEX=1424|DATAFILECOUNT=1|DESCRIPTION=Resistor Footprint 0603|MODELDATAFILEENTITY0=0603_RES|MODELDATAFILEKIND0=PCBLib|MODELNAME=0603_RES|MODELTYPE=PCBLIB|UNIQUEID=GSJAORDY|
RECORD=46|LINENO=1426|OWNERPARTID= -42|OWNERINDEX=1425|
RECORD=48|LINENO=1427|OWNERPARTID= -42|OWNERINDEX=1425|
RECORD=45|LINENO=1428|OWNERPARTID= -42|OWNERINDEX=1424|DATAFILECOUNT=1|DESCRIPTION=Resistor FootPrint 0402|ISCURRENT=T|MODELDATAFILEENTITY0=0402_RES|MODELDATAFILEKIND0=PCBLib|MODELNAME=0402_RES|MODELTYPE=PCBLIB|UNIQUEID=MMIKRQPX|
RECORD=46|LINENO=1429|OWNERPARTID= -42|OWNERINDEX=1428|
RECORD=48|LINENO=1430|OWNERPARTID= -42|OWNERINDEX=1428|
RECORD= 1|LINENO=1431|OWNERPARTID=   0|OWNERINDEX= -42|AREACOLOR=11599871|COMPONENTDESCRIPTION=Jumper 2.54mm|CURRENTPARTID=1|DESIGNITEMID=Jumper 2.54mm|DISPLAYMODECOUNT=1|LIBRARYPATH=*|LIBREFERENCE=Jumper 2.54mm|LOCATION.X=290|LOCATION.Y=500|ORIENTATION=1|PARTCOUNT=2|PARTIDLOCKED=T|SOURCELIBRARYNAME=Connector.SchLib|TARGETFILENAME=*|UNIQUEID=UVSVIEEN|
RECORD= 6|LINENO=1432|OWNERPARTID=   2|OWNERINDEX=1431|LINEWIDTH=1|LOCATIONCOUNT=5|X1=284|X2=284|X3=296|X4=296|X5=284|Y1=496|Y2=504|Y3=504|Y4=496|Y5=496|
RECORD= 6|LINENO=1433|OWNERPARTID=   2|OWNERINDEX=1431|LINEWIDTH=1|LOCATIONCOUNT=6|X1=286|X2=286|X3=294|X4=294|X5=292|X6=292|Y1=498|Y2=502|Y3=502|Y4=498|Y5=498|Y6=500|
RECORD= 6|LINENO=1434|OWNERPARTID=   2|OWNERINDEX=1431|LINEWIDTH=1|LOCATIONCOUNT=3|X1=286|X2=288|X3=288|Y1=498|Y2=498|Y3=500|
RECORD=34|LINENO=1435|OWNERPARTID=   0|OWNERINDEX=1431|FONTID=1|LOCATION.X=255|LOCATION.Y=496|NAME=Designator|TEXT=JMP5|UNIQUEID=NLJYOWJB|
RECORD=41|LINENO=1436|OWNERPARTID=   0|OWNERINDEX=1431|FONTID=1|LOCATION.X=298|LOCATION.Y=496|NAME=Comment|TEXT=Jumper 2.54mm|UNIQUEID=JKLKMFWB|
RECORD=44|LINENO=1437|OWNERPARTID= -42|OWNERINDEX=1431|
RECORD=45|LINENO=1438|OWNERPARTID= -42|OWNERINDEX=1437|DATAFILECOUNT=1|DESCRIPTION=Jumper 2.54mm Black|ISCURRENT=T|MODELDATAFILEENTITY0=Jumper 2.54mm BLACK|MODELDATAFILEKIND0=PCBLib|MODELNAME=Jumper 2.54mm BLACK|MODELTYPE=PCBLIB|UNIQUEID=FFUDBKAF|
RECORD=46|LINENO=1439|OWNERPARTID= -42|OWNERINDEX=1438|
RECORD=48|LINENO=1440|OWNERPARTID= -42|OWNERINDEX=1438|
RECORD= 1|LINENO=1441|OWNERPARTID=   0|OWNERINDEX= -42|AREACOLOR=11599871|COMPONENTDESCRIPTION=Jumper 2.54mm|CURRENTPARTID=1|DESIGNITEMID=Jumper 2.54mm|DISPLAYMODECOUNT=1|LIBRARYPATH=*|LIBREFERENCE=Jumper 2.54mm|LOCATION.X=290|LOCATION.Y=490|ORIENTATION=1|PARTCOUNT=2|PARTIDLOCKED=T|SOURCELIBRARYNAME=Connector.SchLib|TARGETFILENAME=*|UNIQUEID=ONISPQFY|
RECORD= 6|LINENO=1442|OWNERPARTID=   2|OWNERINDEX=1441|LINEWIDTH=1|LOCATIONCOUNT=5|X1=284|X2=284|X3=296|X4=296|X5=284|Y1=486|Y2=494|Y3=494|Y4=486|Y5=486|
RECORD= 6|LINENO=1443|OWNERPARTID=   2|OWNERINDEX=1441|LINEWIDTH=1|LOCATIONCOUNT=6|X1=286|X2=286|X3=294|X4=294|X5=292|X6=292|Y1=488|Y2=492|Y3=492|Y4=488|Y5=488|Y6=490|
RECORD= 6|LINENO=1444|OWNERPARTID=   2|OWNERINDEX=1441|LINEWIDTH=1|LOCATIONCOUNT=3|X1=286|X2=288|X3=288|Y1=488|Y2=488|Y3=490|
RECORD=34|LINENO=1445|OWNERPARTID=   0|OWNERINDEX=1441|FONTID=1|LOCATION.X=255|LOCATION.Y=486|NAME=Designator|TEXT=JMP6|UNIQUEID=SNQBMYIW|
RECORD=41|LINENO=1446|OWNERPARTID=   0|OWNERINDEX=1441|FONTID=1|LOCATION.X=298|LOCATION.Y=487|NAME=Comment|TEXT=Jumper 2.54mm|UNIQUEID=XJBMMUCT|
RECORD=44|LINENO=1447|OWNERPARTID= -42|OWNERINDEX=1441|
RECORD=45|LINENO=1448|OWNERPARTID= -42|OWNERINDEX=1447|DATAFILECOUNT=1|DESCRIPTION=Jumper 2.54mm Black|ISCURRENT=T|MODELDATAFILEENTITY0=Jumper 2.54mm BLACK|MODELDATAFILEKIND0=PCBLib|MODELNAME=Jumper 2.54mm BLACK|MODELTYPE=PCBLIB|UNIQUEID=JLVCCBXA|
RECORD=46|LINENO=1449|OWNERPARTID= -42|OWNERINDEX=1448|
RECORD=48|LINENO=1450|OWNERPARTID= -42|OWNERINDEX=1448|
RECORD= 1|LINENO=1451|OWNERPARTID=   0|OWNERINDEX= -42|AREACOLOR=11599871|COMPONENTDESCRIPTION=Jumper 2.54mm|CURRENTPARTID=1|DESIGNITEMID=Jumper 2.54mm|DISPLAYMODECOUNT=1|LIBRARYPATH=*|LIBREFERENCE=Jumper 2.54mm|LOCATION.X=290|LOCATION.Y=480|ORIENTATION=1|PARTCOUNT=2|PARTIDLOCKED=T|SOURCELIBRARYNAME=Connector.SchLib|TARGETFILENAME=*|UNIQUEID=RSTETENI|
RECORD= 6|LINENO=1452|OWNERPARTID=   2|OWNERINDEX=1451|LINEWIDTH=1|LOCATIONCOUNT=5|X1=284|X2=284|X3=296|X4=296|X5=284|Y1=476|Y2=484|Y3=484|Y4=476|Y5=476|
RECORD= 6|LINENO=1453|OWNERPARTID=   2|OWNERINDEX=1451|LINEWIDTH=1|LOCATIONCOUNT=6|X1=286|X2=286|X3=294|X4=294|X5=292|X6=292|Y1=478|Y2=482|Y3=482|Y4=478|Y5=478|Y6=480|
RECORD= 6|LINENO=1454|OWNERPARTID=   2|OWNERINDEX=1451|LINEWIDTH=1|LOCATIONCOUNT=3|X1=286|X2=288|X3=288|Y1=478|Y2=478|Y3=480|
RECORD=34|LINENO=1455|OWNERPARTID=   0|OWNERINDEX=1451|FONTID=1|LOCATION.X=255|LOCATION.Y=476|NAME=Designator|TEXT=JMP7|UNIQUEID=NSMMHWXP|
RECORD=41|LINENO=1456|OWNERPARTID=   0|OWNERINDEX=1451|FONTID=1|LOCATION.X=298|LOCATION.Y=476|NAME=Comment|TEXT=Jumper 2.54mm|UNIQUEID=DGIPFVKT|
RECORD=44|LINENO=1457|OWNERPARTID= -42|OWNERINDEX=1451|
RECORD=45|LINENO=1458|OWNERPARTID= -42|OWNERINDEX=1457|DATAFILECOUNT=1|DESCRIPTION=Jumper 2.54mm Black|ISCURRENT=T|MODELDATAFILEENTITY0=Jumper 2.54mm BLACK|MODELDATAFILEKIND0=PCBLib|MODELNAME=Jumper 2.54mm BLACK|MODELTYPE=PCBLIB|UNIQUEID=ICNSEXAW|
RECORD=46|LINENO=1459|OWNERPARTID= -42|OWNERINDEX=1458|
RECORD=48|LINENO=1460|OWNERPARTID= -42|OWNERINDEX=1458|
RECORD= 1|LINENO=1461|OWNERPARTID=   0|OWNERINDEX= -42|AREACOLOR=11599871|COMPONENTDESCRIPTION=Jumper 2.54mm|CURRENTPARTID=1|DESIGNITEMID=Jumper 2.54mm|DISPLAYMODECOUNT=1|LIBRARYPATH=*|LIBREFERENCE=Jumper 2.54mm|LOCATION.X=290|LOCATION.Y=470|ORIENTATION=1|PARTCOUNT=2|PARTIDLOCKED=T|SOURCELIBRARYNAME=Connector.SchLib|TARGETFILENAME=*|UNIQUEID=LVITUKGY|
RECORD= 6|LINENO=1462|OWNERPARTID=   2|OWNERINDEX=1461|LINEWIDTH=1|LOCATIONCOUNT=5|X1=284|X2=284|X3=296|X4=296|X5=284|Y1=466|Y2=474|Y3=474|Y4=466|Y5=466|
RECORD= 6|LINENO=1463|OWNERPARTID=   2|OWNERINDEX=1461|LINEWIDTH=1|LOCATIONCOUNT=6|X1=286|X2=286|X3=294|X4=294|X5=292|X6=292|Y1=468|Y2=472|Y3=472|Y4=468|Y5=468|Y6=470|
RECORD= 6|LINENO=1464|OWNERPARTID=   2|OWNERINDEX=1461|LINEWIDTH=1|LOCATIONCOUNT=3|X1=286|X2=288|X3=288|Y1=468|Y2=468|Y3=470|
RECORD=34|LINENO=1465|OWNERPARTID=   0|OWNERINDEX=1461|FONTID=1|LOCATION.X=255|LOCATION.Y=466|NAME=Designator|TEXT=JMP8|UNIQUEID=NPOSUGAG|
RECORD=41|LINENO=1466|OWNERPARTID=   0|OWNERINDEX=1461|FONTID=1|LOCATION.X=299|LOCATION.Y=466|NAME=Comment|TEXT=Jumper 2.54mm|UNIQUEID=TXRUYEHF|
RECORD=44|LINENO=1467|OWNERPARTID= -42|OWNERINDEX=1461|
RECORD=45|LINENO=1468|OWNERPARTID= -42|OWNERINDEX=1467|DATAFILECOUNT=1|DESCRIPTION=Jumper 2.54mm Black|ISCURRENT=T|MODELDATAFILEENTITY0=Jumper 2.54mm BLACK|MODELDATAFILEKIND0=PCBLib|MODELNAME=Jumper 2.54mm BLACK|MODELTYPE=PCBLIB|UNIQUEID=VFEPBJDO|
RECORD=46|LINENO=1469|OWNERPARTID= -42|OWNERINDEX=1468|
RECORD=48|LINENO=1470|OWNERPARTID= -42|OWNERINDEX=1468|
RECORD= 1|LINENO=1471|OWNERPARTID=   0|OWNERINDEX= -42|AREACOLOR=11599871|COMPONENTDESCRIPTION=Jumper 2.54mm|CURRENTPARTID=1|DESIGNITEMID=Jumper 2.54mm|DISPLAYMODECOUNT=1|LIBRARYPATH=*|LIBREFERENCE=Jumper 2.54mm|LOCATION.X=290|LOCATION.Y=460|ORIENTATION=1|PARTCOUNT=2|PARTIDLOCKED=T|SOURCELIBRARYNAME=Connector.SchLib|TARGETFILENAME=*|UNIQUEID=JCLFXLPA|
RECORD= 6|LINENO=1472|OWNERPARTID=   2|OWNERINDEX=1471|LINEWIDTH=1|LOCATIONCOUNT=5|X1=284|X2=284|X3=296|X4=296|X5=284|Y1=456|Y2=464|Y3=464|Y4=456|Y5=456|
RECORD= 6|LINENO=1473|OWNERPARTID=   2|OWNERINDEX=1471|LINEWIDTH=1|LOCATIONCOUNT=6|X1=286|X2=286|X3=294|X4=294|X5=292|X6=292|Y1=458|Y2=462|Y3=462|Y4=458|Y5=458|Y6=460|
RECORD= 6|LINENO=1474|OWNERPARTID=   2|OWNERINDEX=1471|LINEWIDTH=1|LOCATIONCOUNT=3|X1=286|X2=288|X3=288|Y1=458|Y2=458|Y3=460|
RECORD=34|LINENO=1475|OWNERPARTID=   0|OWNERINDEX=1471|FONTID=1|LOCATION.X=255|LOCATION.Y=456|NAME=Designator|TEXT=JMP9|UNIQUEID=SJPCYCNM|
RECORD=41|LINENO=1476|OWNERPARTID=   0|OWNERINDEX=1471|FONTID=1|LOCATION.X=299|LOCATION.Y=456|NAME=Comment|TEXT=Jumper 2.54mm|UNIQUEID=QLCTQQML|
RECORD=44|LINENO=1477|OWNERPARTID= -42|OWNERINDEX=1471|
RECORD=45|LINENO=1478|OWNERPARTID= -42|OWNERINDEX=1477|DATAFILECOUNT=1|DESCRIPTION=Jumper 2.54mm Black|ISCURRENT=T|MODELDATAFILEENTITY0=Jumper 2.54mm BLACK|MODELDATAFILEKIND0=PCBLib|MODELNAME=Jumper 2.54mm BLACK|MODELTYPE=PCBLIB|UNIQUEID=MAQVBJPD|
RECORD=46|LINENO=1479|OWNERPARTID= -42|OWNERINDEX=1478|
RECORD=48|LINENO=1480|OWNERPARTID= -42|OWNERINDEX=1478|
RECORD= 1|LINENO=1481|OWNERPARTID=   0|OWNERINDEX= -42|AREACOLOR=11599871|COMPONENTDESCRIPTION=Jumper 2.54mm|CURRENTPARTID=1|DESIGNITEMID=Jumper 2.54mm|DISPLAYMODECOUNT=1|LIBRARYPATH=*|LIBREFERENCE=Jumper 2.54mm|LOCATION.X=290|LOCATION.Y=450|ORIENTATION=1|PARTCOUNT=2|PARTIDLOCKED=T|SOURCELIBRARYNAME=Connector.SchLib|TARGETFILENAME=*|UNIQUEID=IDUDHSRK|
RECORD= 6|LINENO=1482|OWNERPARTID=   2|OWNERINDEX=1481|LINEWIDTH=1|LOCATIONCOUNT=5|X1=284|X2=284|X3=296|X4=296|X5=284|Y1=446|Y2=454|Y3=454|Y4=446|Y5=446|
RECORD= 6|LINENO=1483|OWNERPARTID=   2|OWNERINDEX=1481|LINEWIDTH=1|LOCATIONCOUNT=6|X1=286|X2=286|X3=294|X4=294|X5=292|X6=292|Y1=448|Y2=452|Y3=452|Y4=448|Y5=448|Y6=450|
RECORD= 6|LINENO=1484|OWNERPARTID=   2|OWNERINDEX=1481|LINEWIDTH=1|LOCATIONCOUNT=3|X1=286|X2=288|X3=288|Y1=448|Y2=448|Y3=450|
RECORD=34|LINENO=1485|OWNERPARTID=   0|OWNERINDEX=1481|FONTID=1|LOCATION.X=255|LOCATION.Y=446|NAME=Designator|TEXT=JMP10|UNIQUEID=KVQATUIY|
RECORD=41|LINENO=1486|OWNERPARTID=   0|OWNERINDEX=1481|FONTID=1|LOCATION.X=299|LOCATION.Y=446|NAME=Comment|TEXT=Jumper 2.54mm|UNIQUEID=HBJORVHF|
RECORD=44|LINENO=1487|OWNERPARTID= -42|OWNERINDEX=1481|
RECORD=45|LINENO=1488|OWNERPARTID= -42|OWNERINDEX=1487|DATAFILECOUNT=1|DESCRIPTION=Jumper 2.54mm Black|ISCURRENT=T|MODELDATAFILEENTITY0=Jumper 2.54mm BLACK|MODELDATAFILEKIND0=PCBLib|MODELNAME=Jumper 2.54mm BLACK|MODELTYPE=PCBLIB|UNIQUEID=QWPBEXGT|
RECORD=46|LINENO=1489|OWNERPARTID= -42|OWNERINDEX=1488|
RECORD=48|LINENO=1490|OWNERPARTID= -42|OWNERINDEX=1488|
RECORD= 1|LINENO=1491|OWNERPARTID=   0|OWNERINDEX= -42|AREACOLOR=11599871|COMPONENTDESCRIPTION=Jumper 2.54mm|CURRENTPARTID=1|DESIGNITEMID=Jumper 2.54mm|DISPLAYMODECOUNT=1|LIBRARYPATH=*|LIBREFERENCE=Jumper 2.54mm|LOCATION.X=290|LOCATION.Y=440|ORIENTATION=1|PARTCOUNT=2|PARTIDLOCKED=T|SOURCELIBRARYNAME=Connector.SchLib|TARGETFILENAME=*|UNIQUEID=OKHGGCMT|
RECORD= 6|LINENO=1492|OWNERPARTID=   2|OWNERINDEX=1491|LINEWIDTH=1|LOCATIONCOUNT=5|X1=284|X2=284|X3=296|X4=296|X5=284|Y1=436|Y2=444|Y3=444|Y4=436|Y5=436|
RECORD= 6|LINENO=1493|OWNERPARTID=   2|OWNERINDEX=1491|LINEWIDTH=1|LOCATIONCOUNT=6|X1=286|X2=286|X3=294|X4=294|X5=292|X6=292|Y1=438|Y2=442|Y3=442|Y4=438|Y5=438|Y6=440|
RECORD= 6|LINENO=1494|OWNERPARTID=   2|OWNERINDEX=1491|LINEWIDTH=1|LOCATIONCOUNT=3|X1=286|X2=288|X3=288|Y1=438|Y2=438|Y3=440|
RECORD=34|LINENO=1495|OWNERPARTID=   0|OWNERINDEX=1491|FONTID=1|LOCATION.X=255|LOCATION.Y=436|NAME=Designator|TEXT=JMP11|UNIQUEID=FLXAIDCW|
RECORD=41|LINENO=1496|OWNERPARTID=   0|OWNERINDEX=1491|FONTID=1|LOCATION.X=299|LOCATION.Y=436|NAME=Comment|TEXT=Jumper 2.54mm|UNIQUEID=CXXUDKJJ|
RECORD=44|LINENO=1497|OWNERPARTID= -42|OWNERINDEX=1491|
RECORD=45|LINENO=1498|OWNERPARTID= -42|OWNERINDEX=1497|DATAFILECOUNT=1|DESCRIPTION=Jumper 2.54mm Black|ISCURRENT=T|MODELDATAFILEENTITY0=Jumper 2.54mm BLACK|MODELDATAFILEKIND0=PCBLib|MODELNAME=Jumper 2.54mm BLACK|MODELTYPE=PCBLIB|UNIQUEID=NGLJUYHD|
RECORD=46|LINENO=1499|OWNERPARTID= -42|OWNERINDEX=1498|
RECORD=48|LINENO=1500|OWNERPARTID= -42|OWNERINDEX=1498|
RECORD= 6|LINENO=1501|OWNERPARTID=   0|OWNERINDEX= -42|ENDLINESHAPE=2|LINEWIDTH=1|LOCATIONCOUNT=2|X1=252|X2=200|Y1=507|Y2=520|
RECORD= 4|LINENO=1502|OWNERPARTID=   0|OWNERINDEX= -42|FONTID=3|LOCATION.X=270|LOCATION.Y=420|TEXT=JP5(3-4 to 15-16)|
RECORD= 1|LINENO=1503|OWNERPARTID=   0|OWNERINDEX= -42|ALLPINCOUNT=3|AREACOLOR=11599871|COMPONENTDESCRIPTION=2N2222_SOT23|CURRENTPARTID=1|DESIGNITEMID=2N2222|DISPLAYMODECOUNT=1|LIBREFERENCE=2N2222|LOCATION.X=900|LOCATION.Y=560|PARTCOUNT=2|PARTIDLOCKED=F|SOURCELIBRARYNAME=Active.SchLib|TARGETFILENAME=*|UNIQUEID=XLAPPKCA|
RECORD= 2|LINENO=1504|OWNERPARTID=   2|OWNERINDEX=1503|DESIGNATOR=1|ELECTRICAL=4|FORMALTYPE=1|LOCATION.X=900|LOCATION.Y=540|NAME=B|PINCONGLOMERATE=34|PINLENGTH=10|SWAPIDPIN=1|
RECORD=41|LINENO=1505|OWNERPARTID=   0|OWNERINDEX=1504|FONTID=1|ISHIDDEN=T|LOCATION.X=900|LOCATION.Y=540|NAME=PinUniqueId|TEXT=UCAIIMUS|UNIQUEID=JPETJCEN|
RECORD= 2|LINENO=1506|OWNERPARTID=   2|OWNERINDEX=1503|DESIGNATOR=3|ELECTRICAL=4|FORMALTYPE=1|LOCATION.X=930|LOCATION.Y=560|NAME=C|PINCONGLOMERATE=33|PINLENGTH=10|SWAPIDPIN=2|
RECORD=41|LINENO=1507|OWNERPARTID=   0|OWNERINDEX=1506|FONTID=1|ISHIDDEN=T|LOCATION.X=930|LOCATION.Y=560|NAME=PinUniqueId|TEXT=WENDDGDE|UNIQUEID=ACDPBUUC|
RECORD= 2|LINENO=1508|OWNERPARTID=   2|OWNERINDEX=1503|DESIGNATOR=2|ELECTRICAL=4|FORMALTYPE=1|LOCATION.X=930|LOCATION.Y=520|NAME=E|PINCONGLOMERATE=35|PINLENGTH=10|SWAPIDPIN=3|
RECORD=41|LINENO=1509|OWNERPARTID=   0|OWNERINDEX=1508|FONTID=1|ISHIDDEN=T|LOCATION.X=930|LOCATION.Y=520|NAME=PinUniqueId|TEXT=UCFNLRMC|UNIQUEID=UYCQYIPG|
RECORD=13|LINENO=1510|OWNERPARTID=   2|OWNERINDEX=1503|CORNER.X=924|CORNER.Y=527|LINEWIDTH=1|LOCATION.X=915|LOCATION.Y=536|
RECORD=13|LINENO=1511|OWNERPARTID=   2|OWNERINDEX=1503|CORNER.X=930|CORNER.Y=520|LINEWIDTH=1|LOCATION.X=930|LOCATION.Y=522|
RECORD=13|LINENO=1512|OWNERPARTID=   2|OWNERINDEX=1503|CORNER.X=915|CORNER.Y=540|LINEWIDTH=1|LOCATION.X=900|LOCATION.Y=540|
RECORD= 6|LINENO=1513|OWNERPARTID=   2|OWNERINDEX=1503|LINEWIDTH=1|LOCATIONCOUNT=3|X1=930|X2=930|X3=915|Y1=560|Y2=557|Y3=542|
RECORD= 7|LINENO=1514|OWNERPARTID=   2|OWNERINDEX=1503|AREACOLOR=16711680|ISSOLID=T|LINEWIDTH=1|LOCATIONCOUNT=4|X1=915|X2=913|X3=913|X4=915|Y1=553|Y2=553|Y3=527|Y4=527|
RECORD= 7|LINENO=1515|OWNERPARTID=   2|OWNERINDEX=1503|AREACOLOR=16711680|ISSOLID=T|LINEWIDTH=1|LOCATIONCOUNT=3|X1=926|X2=922|X3=930|Y1=529|Y2=525|Y3=522|
RECORD=11|LINENO=1516|OWNERPARTID=   2|OWNERINDEX=1503|ENDANGLE=360.000|LINEWIDTH=1|LOCATION.X=920|LOCATION.Y=540|RADIUS=20|SECONDARYRADIUS=20|
RECORD=34|LINENO=1517|OWNERPARTID=   0|OWNERINDEX=1503|FONTID=1|LOCATION.X=940|LOCATION.Y=551|NAME=Designator|TEXT=Q1|UNIQUEID=GDUQXDOT|
RECORD=41|LINENO=1518|OWNERPARTID=   0|OWNERINDEX=1503|FONTID=1|LOCATION.X=940|LOCATION.Y=541|NAME=Comment|TEXT=2N2222|UNIQUEID=NOLDVKJK|
RECORD=44|LINENO=1519|OWNERPARTID= -42|OWNERINDEX=1503|
RECORD=45|LINENO=1520|OWNERPARTID= -42|OWNERINDEX=1519|DATAFILECOUNT=1|ISCURRENT=T|MODELDATAFILEENTITY0=SOT23-3|MODELDATAFILEKIND0=PCBLib|MODELNAME=SOT23-3|MODELTYPE=PCBLIB|UNIQUEID=QYJSYPQX|
RECORD=46|LINENO=1521|OWNERPARTID= -42|OWNERINDEX=1520|
RECORD=48|LINENO=1522|OWNERPARTID= -42|OWNERINDEX=1520|
RECORD=25|LINENO=1523|OWNERPARTID=   0|OWNERINDEX= -42|FONTID=11|LOCATION.X=930|LOCATION.Y=380|ORIENTATION=1|TEXT=USBSTLK_P|UNIQUEID=AWGVICPT|
RECORD=17|LINENO=1524|OWNERPARTID=   0|OWNERINDEX= -42|FONTID=1|LOCATION.X=460|LOCATION.Y=570|SHOWNETNAME=T|STYLE=1|TEXT=GND|UNIQUEID=KLROGCKY|
RECORD=22|LINENO=1525|OWNERPARTID=   0|OWNERINDEX= -42|ISACTIVE=T|LOCATION.X=300|LOCATION.Y=590|ORIENTATION=1|SUPPRESSALL=T|SYMBOL=Thin Cross|UNIQUEID=DGOYQSYX|
RECORD=22|LINENO=1526|OWNERPARTID=   0|OWNERINDEX= -42|ISACTIVE=T|LOCATION.X=300|LOCATION.Y=580|ORIENTATION=1|SUPPRESSALL=T|SYMBOL=Thin Cross|UNIQUEID=CXJTEGPY|
RECORD=22|LINENO=1527|OWNERPARTID=   0|OWNERINDEX= -42|ISACTIVE=T|LOCATION.X=300|LOCATION.Y=570|ORIENTATION=1|SUPPRESSALL=T|SYMBOL=Thin Cross|UNIQUEID=UBNICMDE|
RECORD=17|LINENO=1528|OWNERPARTID=   0|OWNERINDEX= -42|FONTID=2|LOCATION.X=350|LOCATION.Y=700|ORIENTATION=1|SHOWNETNAME=T|STYLE=2|TEXT=T_VDD|UNIQUEID=HYCUQWUP|
RECORD= 4|LINENO=1529|OWNERPARTID=   0|OWNERINDEX= -42|FONTID=9|ISMIRRORED=T|JUSTIFICATION=2|LOCATION.X=210|LOCATION.Y=590|TEXT=NRST|
RECORD= 1|LINENO=1530|OWNERPARTID=   0|OWNERINDEX= -42|ALLPINCOUNT=2|AREACOLOR=11599871|COMPONENTDESCRIPTION=Crystal 8MHz|CURRENTPARTID=1|DESIGNITEMID=X3225|DISPLAYMODECOUNT=1|LIBREFERENCE=X3225|LOCATION.X=430|LOCATION.Y=390|NOTUSEDBTABLENAME=T|PARTCOUNT=2|PARTIDLOCKED=F|SOURCELIBRARYNAME=Xtal.SchLib|TARGETFILENAME=*|UNIQUEID=MSWFAEXJ|
RECORD= 2|LINENO=1531|OWNERPARTID=   2|OWNERINDEX=1530|%UTF8%SWAPIDPART=Â¦&Â¦|DESIGNATOR=1|ELECTRICAL=4|FORMALTYPE=1|LOCATION.X=430|LOCATION.Y=380|NAME=1|PINCONGLOMERATE=34|PINLENGTH=10|SWAPIDPART=Ž&Ž|SWAPIDPIN=1|
RECORD=41|LINENO=1532|OWNERPARTID=   0|OWNERINDEX=1531|FONTID=1|ISHIDDEN=T|LOCATION.X=430|LOCATION.Y=380|NAME=PinUniqueId|TEXT=MVWOKARK|UNIQUEID=MTMYQQAP|
RECORD= 2|LINENO=1533|OWNERPARTID=   2|OWNERINDEX=1530|%UTF8%SWAPIDPART=Â¦&Â¦|DESIGNATOR=3|ELECTRICAL=4|FORMALTYPE=1|LOCATION.X=450|LOCATION.Y=380|NAME=3|PINCONGLOMERATE=32|PINLENGTH=10|SWAPIDPART=Ž&Ž|SWAPIDPIN=3|
RECORD=41|LINENO=1534|OWNERPARTID=   0|OWNERINDEX=1533|FONTID=1|ISHIDDEN=T|LOCATION.X=450|LOCATION.Y=380|NAME=PinUniqueId|TEXT=OGVGHQVB|UNIQUEID=RDBUEDEV|
RECORD=13|LINENO=1535|OWNERPARTID=   2|OWNERINDEX=1530|CORNER.X=448|CORNER.Y=374|LINEWIDTH=1|LOCATION.X=448|LOCATION.Y=386|
RECORD=13|LINENO=1536|OWNERPARTID=   2|OWNERINDEX=1530|CORNER.X=444|CORNER.Y=371|LINEWIDTH=1|LOCATION.X=444|LOCATION.Y=389|
RECORD=13|LINENO=1537|OWNERPARTID=   2|OWNERINDEX=1530|CORNER.X=436|CORNER.Y=371|LINEWIDTH=1|LOCATION.X=436|LOCATION.Y=389|
RECORD=13|LINENO=1538|OWNERPARTID=   2|OWNERINDEX=1530|CORNER.X=432|CORNER.Y=374|LINEWIDTH=1|LOCATION.X=432|LOCATION.Y=386|
RECORD=13|LINENO=1539|OWNERPARTID=   2|OWNERINDEX=1530|CORNER.X=444|CORNER.Y=371|LINEWIDTH=1|LOCATION.X=436|LOCATION.Y=371|
RECORD=13|LINENO=1540|OWNERPARTID=   2|OWNERINDEX=1530|CORNER.X=450|CORNER.Y=380|LINEWIDTH=1|LOCATION.X=448|LOCATION.Y=380|
RECORD=13|LINENO=1541|OWNERPARTID=   2|OWNERINDEX=1530|CORNER.X=432|CORNER.Y=380|LINEWIDTH=1|LOCATION.X=430|LOCATION.Y=380|
RECORD=13|LINENO=1542|OWNERPARTID=   2|OWNERINDEX=1530|CORNER.X=444|CORNER.Y=389|LINEWIDTH=1|LOCATION.X=436|LOCATION.Y=389|
RECORD= 6|LINENO=1543|OWNERPARTID=   2|OWNERINDEX=1530|LINEWIDTH=1|LOCATIONCOUNT=6|X1=431|X2=431|X3=433|X4=433|X5=431|X6=431|Y1=380|Y2=387|Y3=387|Y4=373|Y5=373|Y6=380|
RECORD= 6|LINENO=1544|OWNERPARTID=   2|OWNERINDEX=1530|LINEWIDTH=2|LOCATIONCOUNT=2|X1=432|X2=432|Y1=386|Y2=374|
RECORD= 6|LINENO=1545|OWNERPARTID=   2|OWNERINDEX=1530|LINEWIDTH=1|LOCATIONCOUNT=6|X1=447|X2=447|X3=449|X4=449|X5=447|X6=447|Y1=380|Y2=387|Y3=387|Y4=373|Y5=373|Y6=380|
RECORD= 6|LINENO=1546|OWNERPARTID=   2|OWNERINDEX=1530|LINEWIDTH=2|LOCATIONCOUNT=2|X1=448|X2=448|Y1=386|Y2=374|
RECORD=34|LINENO=1547|OWNERPARTID=   0|OWNERINDEX=1530|FONTID=1|LOCATION.X=450|LOCATION.Y=380|NAME=Designator|TEXT=X3|UNIQUEID=SPSBIGWP|
RECORD=41|LINENO=1548|OWNERPARTID=   0|OWNERINDEX=1530|FONTID=1|LOCATION.X=416|LOCATION.X_FRAC=1|LOCATION.Y=359|NAME=Comment|TEXT=X3225-8MHz|UNIQUEID=YGDWUUNY|
RECORD=44|LINENO=1549|OWNERPARTID= -42|OWNERINDEX=1530|
RECORD=45|LINENO=1550|OWNERPARTID= -42|OWNERINDEX=1549|DATAFILECOUNT=1|ISCURRENT=T|MODELDATAFILEENTITY0=X3225|MODELDATAFILEKIND0=PCBLib|MODELNAME=X3225|MODELTYPE=PCBLIB|UNIQUEID=CGKWSBEL|
RECORD=46|LINENO=1551|OWNERPARTID= -42|OWNERINDEX=1550|
RECORD=48|LINENO=1552|OWNERPARTID= -42|OWNERINDEX=1550|
RECORD=27|LINENO=1553|OWNERPARTID=   0|OWNERINDEX= -42|LINEWIDTH=1|LOCATIONCOUNT=2|UNIQUEID=NLORKUEN|X1=990|X2=990|Y1=150|Y2=140|
RECORD=27|LINENO=1554|OWNERPARTID=   0|OWNERINDEX= -42|LINEWIDTH=1|LOCATIONCOUNT=3|UNIQUEID=NLVNHLTS|X1=1030|X2=1070|X3=1070|Y1=150|Y2=150|Y3=140|
RECORD=27|LINENO=1555|OWNERPARTID=   0|OWNERINDEX= -42|LINEWIDTH=1|LOCATIONCOUNT=6|UNIQUEID=MHGEXCLH|X1=560|X2=560|X3=499|X3_FRAC=99999|X4=499|X4_FRAC=99999|X5=480|X6=480|Y1=370|Y2=370|Y2_FRAC=6|Y3=370|Y3_FRAC=6|Y4=480|Y4_FRAC=6|Y5=480|Y5_FRAC=6|Y6=480|
RECORD=27|LINENO=1556|OWNERPARTID=   0|OWNERINDEX= -42|LINEWIDTH=1|LOCATIONCOUNT=2|UNIQUEID=XJOXSCML|X1=360|X2=360|Y1=540|Y2=550|
RECORD=27|LINENO=1557|OWNERPARTID=   0|OWNERINDEX= -42|LINEWIDTH=1|LOCATIONCOUNT=3|UNIQUEID=ILFUATGB|X1=380|X2=380|X3=410|Y1=690|Y2=710|Y3=710|
RECORD=27|LINENO=1558|OWNERPARTID=   0|OWNERINDEX= -42|LINEWIDTH=1|LOCATIONCOUNT=3|UNIQUEID=QGXKTJAH|X1=300|X2=290|X3=290|Y1=660|Y2=660|Y3=700|
RECORD=27|LINENO=1559|OWNERPARTID=   0|OWNERINDEX= -42|LINEWIDTH=1|LOCATIONCOUNT=2|UNIQUEID=MVMFQNCK|X1=450|X2=420|Y1=610|Y2=610|
RECORD=27|LINENO=1560|OWNERPARTID=   0|OWNERINDEX= -42|LINEWIDTH=1|LOCATIONCOUNT=2|UNIQUEID=XEPSUSVW|X1=1020|X2=1020|Y1=680|Y2=700|
RECORD=27|LINENO=1561|OWNERPARTID=   0|OWNERINDEX= -42|LINEWIDTH=1|LOCATIONCOUNT=2|UNIQUEID=ORTTLFWV|X1=1000|X2=1020|Y1=650|Y2=650|
RECORD=27|LINENO=1562|OWNERPARTID=   0|OWNERINDEX= -42|LINEWIDTH=1|LOCATIONCOUNT=2|UNIQUEID=HNCRQFOM|X1=420|X2=450|Y1=640|Y2=640|
RECORD=27|LINENO=1563|OWNERPARTID=   0|OWNERINDEX= -42|LINEWIDTH=1|LOCATIONCOUNT=2|UNIQUEID=TYCYARHW|X1=450|X2=420|Y1=630|Y2=630|
RECORD=27|LINENO=1564|OWNERPARTID=   0|OWNERINDEX= -42|LINEWIDTH=1|LOCATIONCOUNT=2|UNIQUEID=GOMJUDQV|X1=450|X2=420|Y1=620|Y2=620|
RECORD=27|LINENO=1565|OWNERPARTID=   0|OWNERINDEX= -42|LINEWIDTH=1|LOCATIONCOUNT=2|UNIQUEID=JOWQBFQK|X1=450|X2=420|Y1=600|Y2=600|
RECORD=27|LINENO=1566|OWNERPARTID=   0|OWNERINDEX= -42|LINEWIDTH=1|LOCATIONCOUNT=2|UNIQUEID=BIHONQTX|X1=130|X2=130|Y1=480|Y2=500|
RECORD=27|LINENO=1567|OWNERPARTID=   0|OWNERINDEX= -42|LINEWIDTH=1|LOCATIONCOUNT=2|UNIQUEID=FTLYWNVN|X1=150|X2=150|Y1=480|Y2=500|
RECORD=27|LINENO=1568|OWNERPARTID=   0|OWNERINDEX= -42|LINEWIDTH=1|LOCATIONCOUNT=2|UNIQUEID=CBKFIIVJ|X1=140|X2=140|Y1=480|Y2=500|
RECORD=27|LINENO=1569|OWNERPARTID=   0|OWNERINDEX= -42|LINEWIDTH=1|LOCATIONCOUNT=2|UNIQUEID=TGTQBBVG|X1=160|X2=160|Y1=470|Y2=500|
RECORD=27|LINENO=1570|OWNERPARTID=   0|OWNERINDEX= -42|LINEWIDTH=1|LOCATIONCOUNT=3|UNIQUEID=IWIKSUYV|X1=870|X2=870|X3=900|Y1=210|Y2=200|Y3=200|
RECORD=27|LINENO=1571|OWNERPARTID=   0|OWNERINDEX= -42|LINEWIDTH=1|LOCATIONCOUNT=3|UNIQUEID=TVPCLBFR|X1=1020|X2=1020|X3=1020|Y1=640|Y2=620|Y3=610|
RECORD=27|LINENO=1572|OWNERPARTID=   0|OWNERINDEX= -42|LINEWIDTH=1|LOCATIONCOUNT=7|UNIQUEID=HXFPVGSP|X1=1020|X2=980|X3=980|X4=1100|X5=1100|X6=1080|X7=1080|Y1=660|Y2=660|Y3=560|Y4=560|Y5=450|Y5_FRAC=6|Y6=450|Y6_FRAC=6|Y7=450|
RECORD=27|LINENO=1573|OWNERPARTID=   0|OWNERINDEX= -42|LINEWIDTH=1|LOCATIONCOUNT=7|UNIQUEID=IXFFVXTA|X1=390|X2=390|X3=540|X4=540|X5=780|X6=780|X7=870|Y1=330|Y2=550|Y3=550|Y4=610|Y5=610|Y6=690|Y7=690|
RECORD=27|LINENO=1574|OWNERPARTID=   0|OWNERINDEX= -42|LINEWIDTH=1|LOCATIONCOUNT=2|UNIQUEID=WINQMLLX|X1=790|X2=860|Y1=310|Y2=310|
RECORD=27|LINENO=1575|OWNERPARTID=   0|OWNERINDEX= -42|LINEWIDTH=1|LOCATIONCOUNT=4|UNIQUEID=ERLLVOUU|X1=870|X2=830|X3=830|X4=840|Y1=650|Y2=650|Y3=620|Y4=620|
RECORD=27|LINENO=1576|OWNERPARTID=   0|OWNERINDEX= -42|LINEWIDTH=1|LOCATIONCOUNT=3|UNIQUEID=URCURIEC|X1=790|X2=810|X3=810|Y1=390|Y2=390|Y3=400|
RECORD=27|LINENO=1577|OWNERPARTID=   0|OWNERINDEX= -42|LINEWIDTH=1|LOCATIONCOUNT=3|UNIQUEID=UOBLSOMT|X1=270|X2=270|X3=270|Y1=190|Y2=180|Y3=160|
RECORD=27|LINENO=1578|OWNERPARTID=   0|OWNERINDEX= -42|LINEWIDTH=1|LOCATIONCOUNT=6|UNIQUEID=JOIEVGLP|X1=730|X2=730|X3=789|X3_FRAC=99994|X4=790|X5=790|X6=870|Y1=450|Y2=460|Y3=460|Y4=470|Y5=670|Y6=670|
RECORD=27|LINENO=1579|OWNERPARTID=   0|OWNERINDEX= -42|LINEWIDTH=1|LOCATIONCOUNT=4|UNIQUEID=OFBHGUME|X1=840|X2=840|X3=790|X4=790|Y1=390|Y2=380|Y2_FRAC=6|Y3=380|Y3_FRAC=6|Y4=380|
RECORD=27|LINENO=1580|OWNERPARTID=   0|OWNERINDEX= -42|LINEWIDTH=1|LOCATIONCOUNT=2|UNIQUEID=PIOPYIBP|X1=630|X2=630|Y1=470|Y2=450|
RECORD=27|LINENO=1581|OWNERPARTID=   0|OWNERINDEX= -42|LINEWIDTH=1|LOCATIONCOUNT=2|UNIQUEID=WASVDHNR|X1=1000|X2=930|Y1=450|Y2=450|
RECORD=27|LINENO=1582|OWNERPARTID=   0|OWNERINDEX= -42|LINEWIDTH=1|LOCATIONCOUNT=2|UNIQUEID=NHTHEDEY|X1=720|X2=720|Y1=200|Y2=220|
RECORD=27|LINENO=1583|OWNERPARTID=   0|OWNERINDEX= -42|LINEWIDTH=1|LOCATIONCOUNT=2|UNIQUEID=WTRTSJIQ|X1=690|X2=690|Y1=200|Y2=220|
RECORD=27|LINENO=1584|OWNERPARTID=   0|OWNERINDEX= -42|LINEWIDTH=1|LOCATIONCOUNT=2|UNIQUEID=YJWORTIM|X1=540|X2=560|Y1=320|Y2=320|
RECORD=27|LINENO=1585|OWNERPARTID=   0|OWNERINDEX= -42|LINEWIDTH=1|LOCATIONCOUNT=6|UNIQUEID=KJPCOYWK|X1=1080|X2=1090|X3=1090|X4=970|X5=970|X6=1020|Y1=460|Y2=460|Y3=550|Y4=550|Y5=670|Y6=670|
RECORD=27|LINENO=1586|OWNERPARTID=   0|OWNERINDEX= -42|LINEWIDTH=1|LOCATIONCOUNT=2|UNIQUEID=VNCPXYMW|X1=420|X2=450|Y1=580|Y2=580|
RECORD=27|LINENO=1587|OWNERPARTID=   0|OWNERINDEX= -42|LINEWIDTH=1|LOCATIONCOUNT=2|UNIQUEID=UADYLCJJ|X1=420|X2=450|Y1=570|Y2=570|
RECORD=27|LINENO=1588|OWNERPARTID=   0|OWNERINDEX= -42|LINEWIDTH=1|LOCATIONCOUNT=3|UNIQUEID=SQNLNCHI|X1=170|X2=170|X3=180|Y1=540|Y2=560|Y3=560|
RECORD=27|LINENO=1589|OWNERPARTID=   0|OWNERINDEX= -42|LINEWIDTH=1|LOCATIONCOUNT=3|UNIQUEID=AHBVKQXW|X1=170|X2=170|X3=180|Y1=500|Y2=480|Y3=480|
RECORD=27|LINENO=1590|OWNERPARTID=   0|OWNERINDEX= -42|LINEWIDTH=1|LOCATIONCOUNT=3|UNIQUEID=ODXNOMQV|X1=80|X2=120|X3=120|Y1=560|Y2=560|Y3=540|
RECORD=27|LINENO=1591|OWNERPARTID=   0|OWNERINDEX= -42|LINEWIDTH=1|LOCATIONCOUNT=3|UNIQUEID=LGMAJUNC|X1=300|X2=150|X3=150|Y1=600|Y2=600|Y3=540|
RECORD=27|LINENO=1592|OWNERPARTID=   0|OWNERINDEX= -42|LINEWIDTH=1|LOCATIONCOUNT=3|UNIQUEID=GMRGWNQV|X1=140|X2=140|X3=300|Y1=540|Y2=610|Y3=610|
RECORD=27|LINENO=1593|OWNERPARTID=   0|OWNERINDEX= -42|LINEWIDTH=1|LOCATIONCOUNT=3|UNIQUEID=OJNLBHXH|X1=300|X2=130|X3=130|Y1=620|Y2=620|Y3=540|
RECORD=27|LINENO=1594|OWNERPARTID=   0|OWNERINDEX= -42|LINEWIDTH=1|LOCATIONCOUNT=3|UNIQUEID=FNCQBNTF|X1=300|X2=110|X3=110|Y1=630|Y2=630|Y3=540|
RECORD=27|LINENO=1595|OWNERPARTID=   0|OWNERINDEX= -42|LINEWIDTH=1|LOCATIONCOUNT=3|UNIQUEID=OAWSOEDD|X1=100|X2=100|X3=300|Y1=540|Y2=640|Y3=640|
RECORD=27|LINENO=1596|OWNERPARTID=   0|OWNERINDEX= -42|LINEWIDTH=1|LOCATIONCOUNT=3|UNIQUEID=GYWVPMLK|X1=120|X2=120|X3=90|Y1=500|Y2=480|Y3=480|
RECORD=27|LINENO=1597|OWNERPARTID=   0|OWNERINDEX= -42|LINEWIDTH=1|LOCATIONCOUNT=2|UNIQUEID=GABQPPVW|X1=100|X2=100|Y1=460|Y2=500|
RECORD=27|LINENO=1598|OWNERPARTID=   0|OWNERINDEX= -42|LINEWIDTH=1|LOCATIONCOUNT=2|UNIQUEID=QIOXQJNN|X1=110|X2=110|Y1=500|Y2=460|
RECORD=27|LINENO=1599|OWNERPARTID=   0|OWNERINDEX= -42|LINEWIDTH=1|LOCATIONCOUNT=4|UNIQUEID=IVTBHOIY|X1=220|X2=220|X3=160|X4=160|Y1=160|Y2=590|Y3=590|Y4=540|
RECORD=27|LINENO=1600|OWNERPARTID=   0|OWNERINDEX= -42|LINEWIDTH=1|LOCATIONCOUNT=2|UNIQUEID=QXPAPPQQ|X1=930|X2=930|Y1=580|Y2=570|
RECORD=27|LINENO=1601|OWNERPARTID=   0|OWNERINDEX= -42|LINEWIDTH=1|LOCATIONCOUNT=4|UNIQUEID=SCTFDNIN|X1=280|X2=290|X3=350|X4=350|Y1=700|Y2=700|Y3=700|Y4=690|
RECORD=27|LINENO=1602|OWNERPARTID=   0|OWNERINDEX= -42|LINEWIDTH=1|LOCATIONCOUNT=5|UNIQUEID=FLJYJDEH|X1=420|X2=450|X3=450|X4=450|X5=460|Y1=590|Y2=590|Y3=580|Y4=570|Y5=570|
RECORD=27|LINENO=1603|OWNERPARTID=   0|OWNERINDEX= -42|LINEWIDTH=1|LOCATIONCOUNT=4|UNIQUEID=OEXMOSEU|X1=790|X2=930|X3=930|X4=930|Y1=360|Y2=360|Y3=450|Y4=470|
RECORD=27|LINENO=1604|OWNERPARTID=   0|OWNERINDEX= -42|LINEWIDTH=1|LOCATIONCOUNT=5|UNIQUEID=ATCRYELW|X1=950|X2=950|X3=990|X4=1030|X5=1030|Y1=140|Y2=150|Y3=150|Y4=150|Y5=140|
RECORD=27|LINENO=1605|OWNERPARTID=   0|OWNERINDEX= -42|LINEWIDTH=1|LOCATIONCOUNT=2|UNIQUEID=RCFGBCFX|X1=480|X2=500|Y1=280|Y2=280|
RECORD=27|LINENO=1606|OWNERPARTID=   0|OWNERINDEX= -42|LINEWIDTH=1|LOCATIONCOUNT=5|UNIQUEID=FHIDEHFA|X1=560|X2=500|X3=500|X4=500|X5=480|Y1=300|Y2=300|Y3=280|Y4=250|Y5=250|
RECORD=27|LINENO=1607|OWNERPARTID=   0|OWNERINDEX= -42|LINEWIDTH=1|LOCATIONCOUNT=2|UNIQUEID=YCSNGRCU|X1=560|X2=480|Y1=310|Y2=310|
RECORD=27|LINENO=1608|OWNERPARTID=   0|OWNERINDEX= -42|LINEWIDTH=1|LOCATIONCOUNT=3|UNIQUEID=MGTLCMDQ|X1=360|X2=360|X3=360|Y1=340|Y2=330|Y3=320|
RECORD=27|LINENO=1609|OWNERPARTID=   0|OWNERINDEX= -42|LINEWIDTH=1|LOCATIONCOUNT=3|UNIQUEID=CPHEKBNT|X1=360|X2=390|X3=560|Y1=330|Y2=330|Y3=330|
RECORD=27|LINENO=1610|OWNERPARTID=   0|OWNERINDEX= -42|LINEWIDTH=1|LOCATIONCOUNT=2|UNIQUEID=RXWNYLPC|X1=440|X2=450|Y1=210|Y2=210|
RECORD=27|LINENO=1611|OWNERPARTID=   0|OWNERINDEX= -42|LINEWIDTH=1|LOCATIONCOUNT=2|UNIQUEID=MAVQKECI|X1=490|X2=520|Y1=210|Y2=210|
RECORD=27|LINENO=1612|OWNERPARTID=   0|OWNERINDEX= -42|LINEWIDTH=1|LOCATIONCOUNT=2|UNIQUEID=STBMPXGR|X1=450|X2=440|Y1=180|Y2=180|
RECORD=27|LINENO=1613|OWNERPARTID=   0|OWNERINDEX= -42|LINEWIDTH=1|LOCATIONCOUNT=6|UNIQUEID=BFVCAGJF|X1=470|X2=470|X3=520|X4=520|X5=520|X6=560|Y1=150|Y2=150|Y2_FRAC=3|Y3=150|Y3_FRAC=3|Y4=210|Y5=280|Y6=280|
RECORD=27|LINENO=1614|OWNERPARTID=   0|OWNERINDEX= -42|LINEWIDTH=1|LOCATIONCOUNT=4|UNIQUEID=YQTPEUQL|X1=470|X2=470|X3=530|X4=530|Y1=140|Y2=140|Y2_FRAC=3|Y3=140|Y3_FRAC=3|Y4=180|
RECORD=27|LINENO=1615|OWNERPARTID=   0|OWNERINDEX= -42|LINEWIDTH=1|LOCATIONCOUNT=4|UNIQUEID=BHLATAYT|X1=490|X2=530|X3=620|X4=620|Y1=180|Y2=180|Y3=180|Y4=220|
RECORD=27|LINENO=1616|OWNERPARTID=   0|OWNERINDEX= -42|LINEWIDTH=1|LOCATIONCOUNT=3|UNIQUEID=NYEBDRDW|X1=730|X2=730|X3=750|Y1=220|Y2=210|Y3=210|
RECORD=27|LINENO=1617|OWNERPARTID=   0|OWNERINDEX= -42|LINEWIDTH=1|LOCATIONCOUNT=3|UNIQUEID=UUWLNYQI|X1=700|X2=700|X3=710|Y1=220|Y2=160|Y3=160|
RECORD=27|LINENO=1618|OWNERPARTID=   0|OWNERINDEX= -42|LINEWIDTH=1|LOCATIONCOUNT=3|UNIQUEID=YNLENMEP|X1=700|X2=700|X3=710|Y1=160|Y2=140|Y3=140|
RECORD=27|LINENO=1619|OWNERPARTID=   0|OWNERINDEX= -42|LINEWIDTH=1|LOCATIONCOUNT=2|UNIQUEID=SVFSTLKK|X1=760|X2=750|Y1=140|Y2=140|
RECORD=27|LINENO=1620|OWNERPARTID=   0|OWNERINDEX= -42|LINEWIDTH=1|LOCATIONCOUNT=4|UNIQUEID=XBFETVNL|X1=410|X2=410|X3=410|X4=560|Y1=400|Y2=380|Y3=340|Y4=340|
RECORD=27|LINENO=1621|OWNERPARTID=   0|OWNERINDEX= -42|LINEWIDTH=1|LOCATIONCOUNT=4|UNIQUEID=FXAEYAGS|X1=560|X2=470|X3=470|X4=470|Y1=350|Y2=350|Y3=380|Y4=400|
RECORD=27|LINENO=1622|OWNERPARTID=   0|OWNERINDEX= -42|LINEWIDTH=1|LOCATIONCOUNT=2|UNIQUEID=BXGKLHAL|X1=470|X2=460|Y1=380|Y2=380|
RECORD=27|LINENO=1623|OWNERPARTID=   0|OWNERINDEX= -42|LINEWIDTH=1|LOCATIONCOUNT=2|UNIQUEID=DOPSNLQM|X1=420|X2=410|Y1=380|Y2=380|
RECORD=27|LINENO=1624|OWNERPARTID=   0|OWNERINDEX= -42|LINEWIDTH=1|LOCATIONCOUNT=5|UNIQUEID=QMKPORPU|X1=480|X2=480|X3=510|X4=510|X5=560|Y1=510|Y2=510|Y2_FRAC=6|Y3=510|Y3_FRAC=6|Y4=380|Y5=380|
RECORD=27|LINENO=1625|OWNERPARTID=   0|OWNERINDEX= -42|LINEWIDTH=1|LOCATIONCOUNT=3|UNIQUEID=JPHCBKEA|X1=560|X2=540|X3=540|Y1=390|Y2=390|Y3=420|
RECORD=27|LINENO=1626|OWNERPARTID=   0|OWNERINDEX= -42|LINEWIDTH=1|LOCATIONCOUNT=4|UNIQUEID=SBHJODGR|X1=620|X2=620|X3=560|X4=560|Y1=450|Y2=460|Y3=460|Y4=470|
RECORD=27|LINENO=1627|OWNERPARTID=   0|OWNERINDEX= -42|LINEWIDTH=1|LOCATIONCOUNT=3|UNIQUEID=SJVWKICY|X1=660|X2=660|X3=640|Y1=450|Y2=510|Y3=510|
RECORD=27|LINENO=1628|OWNERPARTID=   0|OWNERINDEX= -42|LINEWIDTH=1|LOCATIONCOUNT=3|UNIQUEID=MQLEAILA|X1=820|X2=720|X3=720|Y1=540|Y2=540|Y3=450|
RECORD=27|LINENO=1629|OWNERPARTID=   0|OWNERINDEX= -42|LINEWIDTH=1|LOCATIONCOUNT=3|UNIQUEID=EBRVLUGA|X1=860|X2=880|X3=880|Y1=540|Y2=540|Y3=530|
RECORD=27|LINENO=1630|OWNERPARTID=   0|OWNERINDEX= -42|LINEWIDTH=1|LOCATIONCOUNT=2|UNIQUEID=STEUUVKB|X1=890|X2=880|Y1=540|Y2=540|
RECORD=27|LINENO=1631|OWNERPARTID=   0|OWNERINDEX= -42|LINEWIDTH=1|LOCATIONCOUNT=2|UNIQUEID=AJGLFNMF|X1=660|X2=670|Y1=580|Y2=580|
RECORD=27|LINENO=1632|OWNERPARTID=   0|OWNERINDEX= -42|LINEWIDTH=1|LOCATIONCOUNT=2|UNIQUEID=GPTYOPCT|X1=670|X2=710|Y1=540|Y2=540|
RECORD=27|LINENO=1633|OWNERPARTID=   0|OWNERINDEX= -42|LINEWIDTH=1|LOCATIONCOUNT=3|UNIQUEID=ERBCDVMV|X1=710|X2=710|X3=710|Y1=450|Y2=540|Y3=580|
RECORD=27|LINENO=1634|OWNERPARTID=   0|OWNERINDEX= -42|LINEWIDTH=1|LOCATIONCOUNT=6|UNIQUEID=TAFANPTU|X1=870|X2=800|X3=800|X4=890|X5=890|X6=790|Y1=680|Y2=680|Y3=460|Y4=460|Y5=370|Y6=370|
RECORD=27|LINENO=1635|OWNERPARTID=   0|OWNERINDEX= -42|LINEWIDTH=1|LOCATIONCOUNT=2|UNIQUEID=APYOXRNW|X1=790|X2=960|Y1=340|Y2=340|
RECORD=27|LINENO=1636|OWNERPARTID=   0|OWNERINDEX= -42|LINEWIDTH=1|LOCATIONCOUNT=5|UNIQUEID=RKWXVARO|X1=790|X2=900|X3=900|X4=900|X5=620|Y1=300|Y2=300|Y3=200|Y4=100|Y5=100|
RECORD=27|LINENO=1637|OWNERPARTID=   0|OWNERINDEX= -42|LINEWIDTH=1|LOCATIONCOUNT=3|UNIQUEID=JXRMBXCB|X1=790|X2=870|X3=870|Y1=280|Y2=280|Y3=250|
RECORD=27|LINENO=1638|OWNERPARTID=   0|OWNERINDEX= -42|LINEWIDTH=1|LOCATIONCOUNT=4|UNIQUEID=MPKOVCXB|X1=670|X2=670|X3=340|X4=310|Y1=220|Y2=110|Y3=110|Y4=110|
RECORD=27|LINENO=1639|OWNERPARTID=   0|OWNERINDEX= -42|LINEWIDTH=1|LOCATIONCOUNT=2|UNIQUEID=GUPWEDKW|X1=640|X2=640|Y1=220|Y2=120|
RECORD=27|LINENO=1640|OWNERPARTID=   0|OWNERINDEX= -42|LINEWIDTH=1|LOCATIONCOUNT=2|UNIQUEID=DNHTKMAB|X1=950|X2=940|Y1=280|Y2=280|
RECORD=27|LINENO=1641|OWNERPARTID=   0|OWNERINDEX= -42|LINEWIDTH=1|LOCATIONCOUNT=5|UNIQUEID=PKQVHHHG|X1=790|X2=940|X3=940|X4=940|X5=950|Y1=330|Y2=330|Y3=280|Y4=240|Y5=240|
RECORD=27|LINENO=1642|OWNERPARTID=   0|OWNERINDEX= -42|LINEWIDTH=1|LOCATIONCOUNT=4|UNIQUEID=VJXRLMLH|X1=790|X2=940|X3=940|X4=1000|Y1=350|Y2=350|Y3=460|Y4=460|
RECORD=27|LINENO=1643|OWNERPARTID=   0|OWNERINDEX= -42|LINEWIDTH=1|LOCATIONCOUNT=5|UNIQUEID=IVLUFQGQ|X1=620|X2=640|X3=890|X4=890|X5=790|Y1=120|Y2=120|Y3=120|Y4=290|Y5=290|
RECORD=29|LINENO=1644|OWNERPARTID=   0|OWNERINDEX= -42|LOCATION.X=270|LOCATION.Y=180|
RECORD=29|LINENO=1645|OWNERPARTID=   0|OWNERINDEX= -42|LOCATION.X=290|LOCATION.Y=700|
RECORD=29|LINENO=1646|OWNERPARTID=   0|OWNERINDEX= -42|LOCATION.X=340|LOCATION.Y=110|
RECORD=29|LINENO=1647|OWNERPARTID=   0|OWNERINDEX= -42|LOCATION.X=350|LOCATION.Y=700|
RECORD=29|LINENO=1648|OWNERPARTID=   0|OWNERINDEX= -42|LOCATION.X=360|LOCATION.Y=330|
RECORD=29|LINENO=1649|OWNERPARTID=   0|OWNERINDEX= -42|LOCATION.X=380|LOCATION.Y=710|
RECORD=29|LINENO=1650|OWNERPARTID=   0|OWNERINDEX= -42|LOCATION.X=390|LOCATION.Y=330|
RECORD=29|LINENO=1651|OWNERPARTID=   0|OWNERINDEX= -42|LOCATION.X=410|LOCATION.Y=380|
RECORD=29|LINENO=1652|OWNERPARTID=   0|OWNERINDEX= -42|LOCATION.X=450|LOCATION.Y=570|
RECORD=29|LINENO=1653|OWNERPARTID=   0|OWNERINDEX= -42|LOCATION.X=450|LOCATION.Y=580|
RECORD=29|LINENO=1654|OWNERPARTID=   0|OWNERINDEX= -42|LOCATION.X=470|LOCATION.Y=380|
RECORD=29|LINENO=1655|OWNERPARTID=   0|OWNERINDEX= -42|LOCATION.X=500|LOCATION.Y=280|
RECORD=29|LINENO=1656|OWNERPARTID=   0|OWNERINDEX= -42|LOCATION.X=520|LOCATION.Y=210|
RECORD=29|LINENO=1657|OWNERPARTID=   0|OWNERINDEX= -42|LOCATION.X=530|LOCATION.Y=180|
RECORD=29|LINENO=1658|OWNERPARTID=   0|OWNERINDEX= -42|LOCATION.X=640|LOCATION.Y=120|
RECORD=29|LINENO=1659|OWNERPARTID=   0|OWNERINDEX= -42|LOCATION.X=700|LOCATION.Y=160|
RECORD=29|LINENO=1660|OWNERPARTID=   0|OWNERINDEX= -42|LOCATION.X=710|LOCATION.Y=540|
RECORD=29|LINENO=1661|OWNERPARTID=   0|OWNERINDEX= -42|LOCATION.X=710|LOCATION.Y=580|
RECORD=29|LINENO=1662|OWNERPARTID=   0|OWNERINDEX= -42|LOCATION.X=860|LOCATION.Y=540|
RECORD=29|LINENO=1663|OWNERPARTID=   0|OWNERINDEX= -42|LOCATION.X=880|LOCATION.Y=540|
RECORD=29|LINENO=1664|OWNERPARTID=   0|OWNERINDEX= -42|LOCATION.X=900|LOCATION.Y=200|
RECORD=29|LINENO=1665|OWNERPARTID=   0|OWNERINDEX= -42|LOCATION.X=930|LOCATION.Y=450|
RECORD=29|LINENO=1666|OWNERPARTID=   0|OWNERINDEX= -42|LOCATION.X=940|LOCATION.Y=280|
RECORD=29|LINENO=1667|OWNERPARTID=   0|OWNERINDEX= -42|LOCATION.X=950|LOCATION.Y=150|
RECORD=29|LINENO=1668|OWNERPARTID=   0|OWNERINDEX= -42|LOCATION.X=990|LOCATION.Y=150|
RECORD=29|LINENO=1669|OWNERPARTID=   0|OWNERINDEX= -42|LOCATION.X=1020|LOCATION.Y=620|
RECORD=29|LINENO=1670|OWNERPARTID=   0|OWNERINDEX= -42|LOCATION.X=1030|LOCATION.Y=150|
